Unnamed: 0,Time,Frame,EyeTrackingEnabled,EyeCalibrationValid,EyeTrackingEnabledAndValid,EyeTrackingDataValid,GazeInputSource,EyeGazeOrigin.x,EyeGazeOrigin.y,EyeGazeOrigin.z,EyeGazeDirection.x,EyeGazeDirection.y,EyeGazeDirection.z,EyeHitInfo.distance,EyeHitPosition.x,EyeHitPosition.y,EyeHitPosition.z,EyeHitNormal.x,EyeHitNormal.y,EyeHitNormal.z,LocalEyeHitPosition.x,LocalEyeHitPosition.y,LocalEyeHitPosition.z,HeadGazeOrigin.x,HeadGazeOrigin.y,HeadGazeOrigin.z,HeadRotation.x,HeadRotation.y,HeadRotation.z,HeadRotation.w,HeadEulerAngles.x,HeadEulerAngles.y,HeadEulerAngles.z,HeadMovementDirection.x,HeadMovementDirection.y,HeadMovementDirection.z,HeadVelocity.x,HeadVelocity.y,HeadVelocity.z,transform.position.x,transform.position.y,transform.position.z,localTransform.position.x,localTransform.position.y,localTransform.position.z,localXAxis.x,localXAxis.y,localXAxis.z,localYAxis.x,localYAxis.y,localYAxis.z,localZAxis.x,localZAxis.y,localZAxis.z,Movement,GazeAngleX,GazeAngleY,TargetAngleX,TargetAngleY,CalibratedGazeAngleX,CalibratedGazeAngleY,euclideanError,recalibratedEuclideanError,cosineError
0,05/15/2023 18:37:50.082239,183,True,True,True,True,Eyes,1.364836,0.1146017,-3.737617,-0.5572244,0.4035171,0.7257237,0.0,0.0,0.0,0.0,0.0,0.0,0.0,0.5553326,-1.503601,3.652176,1.369164,0.1108093,-3.744424,-0.1786285,-0.2463767,-0.006704253,0.9525468,339.9032,330.1817,4.595819,0.342969,0.02880331,-0.9389048,0,0,0,0.6863914,0.6300318,-2.827782,-0.1283106,0.1083142,1.244109,0.8785071,0.07524756,0.4717659,0.100792,0.9360939,-0.3370004,-0.4669756,0.3436075,0.8147807,moving,-37.51773,29.07494,-5.888353,4.975718,-4.259254586345222,5.318651564960732,39.76417974023119,1.6648018114325782,35.80914058361928
1,05/15/2023 18:37:50.102070,184,True,True,True,True,Eyes,1.364846,0.1145977,-3.737626,-0.5575595,0.4033366,0.7255667,0.0,0.0,0.0,0.0,0.0,0.0,0.0,0.554316,-1.505631,3.651425,1.369093,0.110816,-3.744382,-0.1788974,-0.2462432,-0.006767214,0.9525306,339.8705,330.1951,4.594636,0.3429587,0.02880193,-0.9389086,0,0,0,0.6905066,0.6270391,-2.827799,-0.125209,0.1052718,1.241101,0.878637,0.07521256,0.4715295,0.1009965,0.9358998,-0.3374777,-0.466687,0.3441432,0.8147201,moving,-37.54037,29.06933,-5.760816,4.848294,-4.260479709601958,5.317647276326229,39.95746034662629,1.5720373666944194,35.99866884316137
2,05/15/2023 18:37:50.112069,185,True,True,True,True,Eyes,1.364846,0.1145932,-3.737638,-0.5576407,0.4031862,0.7255878,0.0,0.0,0.0,0.0,0.0,0.0,0.0,0.5542522,-1.503898,3.652128,1.369101,0.1107244,-3.744362,-0.178669,-0.2462085,-0.006857098,0.9525816,339.8932,330.2048,4.575802,0.3429496,0.02880059,-0.9389119,0,0,0,0.6944889,0.6241432,-2.827815,-0.1221285,0.1035335,1.238194,0.8786687,0.07491577,0.4715178,0.1010435,0.9360607,-0.337017,-0.4666171,0.3437701,0.8149176,moving,-37.5436,29.05955,-5.633115,4.779759,-4.25997492230234,5.316213192829173,40.09722314498731,1.4742105595821566,36.139854549206824
3,05/15/2023 18:37:50.132462,186,True,True,True,True,Eyes,1.364846,0.1145867,-3.737647,-0.5577162,0.403041,0.7256105,0.0,0.0,0.0,0.0,0.0,0.0,0.0,0.5538557,-1.50105,3.653348,1.369058,0.1107302,-3.744366,-0.1782879,-0.2461358,-0.00686389,0.9526718,339.9355,330.22,4.560629,0.3429414,0.02879926,-0.938915,0,0,0,0.6985648,0.6211792,-2.827831,-0.1189917,0.1020855,1.235141,0.8787401,0.074688,0.4714208,0.1008441,0.9363326,-0.3363207,-0.4665258,0.3430786,0.8152611,moving,-37.54647,29.05002,-5.502813,4.724808,-4.259462823112461,5.314818192543659,40.230733187186544,1.376238238704215,36.27534141741458
4,05/15/2023 18:37:50.152147,187,True,True,True,True,Eyes,1.364864,0.1145808,-3.737646,-0.5576497,0.4029712,0.7257004,0.0,0.0,0.0,0.0,0.0,0.0,0.0,0.5531445,-1.501086,3.653372,1.36902,0.1106749,-3.744313,-0.1783138,-0.2460665,-0.006760009,0.9526856,339.9353,330.2263,4.572,0.3429338,0.02879789,-0.9389178,0,0,0,0.7026988,0.618173,-2.827848,-0.1156794,0.09979922,1.232115,0.8788111,0.07487377,0.4712588,0.1006344,0.936317,-0.336427,-0.4664373,0.3430807,0.815311,moving,-37.53975,29.0428,-5.363596,4.63075,-4.258426759054849,5.3138390619786815,40.388774076891906,1.2992342813081081,36.43463971341183
5,05/15/2023 18:37:50.171978,188,True,True,True,True,Eyes,1.364879,0.1145724,-3.737642,-0.5575826,0.4028865,0.725799,0.0,0.0,0.0,0.0,0.0,0.0,0.0,0.5527454,-1.49963,3.654016,1.369027,0.1106415,-3.744298,-0.1781306,-0.2460221,-0.006697339,0.9527318,339.9575,330.2335,4.572137,0.3429275,0.02879651,-0.9389201,0,0,0,0.7067969,0.6151928,-2.827864,-0.1124232,0.09795415,1.229122,0.8788565,0.07488661,0.4711722,0.1004097,0.9364493,-0.336126,-0.4664002,0.3427167,0.8154852,moving,-37.53265,29.03438,-5.226089,4.556522,-4.257272190702643,5.312690754902574,40.532448925705005,1.2289821788244204,36.58060801985565
6,05/15/2023 18:37:50.181952,189,True,True,True,True,Eyes,1.364874,0.1145623,-3.737646,-0.5574074,0.4028593,0.7259486,0.0,0.0,0.0,0.0,0.0,0.0,0.0,0.5518287,-1.497821,3.654833,1.368975,0.1105785,-3.744258,-0.1779124,-0.2459169,-0.006578689,0.9528007,339.985,330.2478,4.57625,0.3429221,0.02879505,-0.9389222,0,0,0,0.7108875,0.6122182,-2.827881,-0.1092509,0.09628993,1.226075,0.8789633,0.07496693,0.4709603,0.1000397,0.9366078,-0.3357944,-0.4662786,0.3422656,0.8157442,moving,-37.51825,29.02773,-5.09196,4.490513,-4.255719653589165,5.311860680162821,40.66373447273614,1.1721390398217109,36.714827399655974
7,05/15/2023 18:37:50.202171,190,True,True,True,True,Eyes,1.364865,0.1145548,-3.737657,-0.557263,0.4028156,0.7260838,0.0,0.0,0.0,0.0,0.0,0.0,0.0,0.5515612,-1.496953,3.655164,1.368808,0.1105547,-3.744256,-0.1778121,-0.2458804,-0.006477426,0.9528294,339.9991,330.252,4.58381,0.3429171,0.02879349,-0.9389241,0,0,0,0.7153348,0.6089841,-2.827899,-0.1054911,0.09407425,1.22278,0.8790018,0.07509726,0.4708675,0.09978478,0.9366818,-0.3356639,-0.4662605,0.3420346,0.8158514,moving,-37.50593,29.02057,-4.930785,4.399368,-4.2542800811191865,5.310939115775899,40.833119641974804,1.1351743497748945,36.88666334736978
8,05/15/2023 18:37:50.213202,191,True,True,True,True,Eyes,1.364858,0.1145488,-3.737662,-0.5571014,0.4028545,0.7261862,0.0,0.0,0.0,0.0,0.0,0.0,0.0,0.5532495,-1.496058,3.655409,1.368733,0.1106129,-3.744412,-0.1777097,-0.2461361,-0.006144566,0.9527848,340.0218,330.2156,4.624459,0.3429124,0.02879189,-0.9389258,0,0,0,0.719004,0.6063159,-2.827913,-0.1015283,0.09231907,1.220249,0.8787585,0.07577268,0.4712133,0.09919046,0.936763,-0.3356134,-0.4668455,0.341663,0.8156725,moving,-37.494,29.01949,-4.756222,4.326521,-4.253329056926454,5.310888130452237,41.006155957517464,1.1053867919004392,37.06170488636336
9,05/15/2023 18:37:50.232225,192,True,True,True,True,Eyes,1.364848,0.114539,-3.737668,-0.5569803,0.4028803,0.7262647,0.0,0.0,0.0,0.0,0.0,0.0,0.0,0.5553802,-1.498004,3.654195,1.368617,0.1106243,-3.744363,-0.1779967,-0.2464625,-0.005859981,0.9526486,339.9997,330.1651,4.674131,0.3429079,0.02879029,-0.9389275,0,0,0,0.7231867,0.6032742,-2.82793,-0.09699645,0.08941439,1.217263,0.8784438,0.07657401,0.4716703,0.09890404,0.9365656,-0.3362481,-0.467498,0.3420252,0.8151469,moving,-37.48499,29.01841,-4.555933,4.201131,-4.252590801231873,5.310811625735568,41.23372566083606,1.1503945326219016,37.28970798045703
10,05/15/2023 18:37:50.252270,193,True,True,True,True,Eyes,1.364835,0.1145318,-3.737676,-0.5568491,0.4029101,0.7263488,0.0,0.0,0.0,0.0,0.0,0.0,0.0,0.5585999,-1.497497,3.653904,1.368565,0.1105242,-3.744376,-0.1779614,-0.2469074,-0.005605803,0.9525414,340.0135,330.1057,4.712042,0.3429036,0.02878861,-0.9389291,0,0,0,0.7274064,0.6002055,-2.827947,-0.0922424,0.08727923,1.214326,0.8780106,0.07720046,0.4723742,0.09855952,0.9365966,-0.336263,-0.4683838,0.3417995,0.814733,moving,-37.47527,29.0174,-4.34395,4.111045,-4.251806108287104,5.310751388432588,41.44889485050748,1.2032397579975331,37.506795751222434
11,05/15/2023 18:37:50.262149,194,True,True,True,True,Eyes,1.364821,0.1145255,-3.737683,-0.5567452,0.4029347,0.7264147,0.0,0.0,0.0,0.0,0.0,0.0,0.0,0.5619454,-1.495579,3.654194,1.368555,0.1105862,-3.744396,-0.1777102,-0.2473525,-0.005411556,0.9524739,340.0497,330.051,4.735724,0.3428994,0.02878691,-0.9389307,0,0,0,0.7312776,0.5973904,-2.827962,-0.08790027,0.08564699,1.211564,0.8775749,0.07760538,0.473117,0.09822287,0.9367796,-0.3358515,-0.4692703,0.3412058,0.8144717,moving,-37.46759,29.01668,-4.149599,4.043583,-4.251192008844516,5.310715009415184,41.63825282174422,1.2711981233193528,37.698261321899494
12,05/15/2023 18:37:50.282137,195,True,True,True,True,Eyes,1.364795,0.11452,-3.737696,-0.5565995,0.4030009,0.7264897,0.0,0.0,0.0,0.0,0.0,0.0,0.0,0.5650487,-1.495172,3.653848,1.368505,0.1106052,-3.74438,-0.1776409,-0.2477166,-0.005503401,0.9523918,340.0565,330.0087,4.730689,0.3428953,0.02878523,-0.9389323,0,0,0,0.7352953,0.5944688,-2.827979,-0.0837549,0.08334851,1.208681,0.8772124,0.07752641,0.4738017,0.09849197,0.9368269,-0.3356408,-0.4698912,0.341094,0.8141603,moving,-37.4575,29.01816,-3.963944,3.944771,-4.250568797138041,5.311015938104578,41.83889493605749,1.3959867496616172,37.89967995479928
13,05/15/2023 18:37:50.302134,196,True,True,True,True,Eyes,1.36477,0.1145146,-3.737705,-0.5564601,0.4030664,0.7265601,0.0,0.0,0.0,0.0,0.0,0.0,0.0,0.5674691,-1.495115,3.653503,1.368438,0.1106291,-3.74441,-0.1776186,-0.2479949,-0.005582578,0.952323,340.058,329.976,4.726838,0.3428909,0.02878357,-0.938934,0,0,0,0.7394367,0.5914572,-2.827995,-0.07966629,0.08087173,1.205724,0.8769348,0.07746416,0.4743255,0.09872983,0.936841,-0.3355316,-0.4703593,0.3410694,0.8139004,moving,-37.4479,29.01976,-3.780234,3.837263,-4.249990371258685,5.31132983418288,42.043666455752465,1.547108296137043,38.104894357592975
14,05/15/2023 18:37:50.312282,197,True,True,True,True,Eyes,1.364727,0.1145034,-3.737722,-0.5562388,0.403144,0.7266865,0.0,0.0,0.0,0.0,0.0,0.0,0.0,0.5677207,-1.495209,3.65333,1.368424,0.1106272,-3.744323,-0.17763,-0.2480204,-0.005634509,0.952314,340.0552,329.9737,4.721778,0.3428863,0.02878194,-0.9389357,0,0,0,0.7434955,0.5885056,-2.828012,-0.07633872,0.07847708,1.202724,0.8769082,0.07738011,0.4743883,0.09884341,0.9368317,-0.3355241,-0.4703849,0.341114,0.8138669,moving,-37.43208,29.02021,-3.631778,3.733226,-4.2488716880569095,5.311532779933064,42.21246231988203,1.6946553960679893,38.274608468958
15,05/15/2023 18:37:50.332390,198,True,True,True,True,Eyes,1.364686,0.1144969,-3.737738,-0.5559971,0.4032241,0.7268271,0.0,0.0,0.0,0.0,0.0,0.0,0.0,0.5660352,-1.495029,3.653597,1.368412,0.1105156,-3.744264,-0.1776344,-0.2478287,-0.005540286,0.9523637,340.0566,329.9956,4.728645,0.342881,0.02878019,-0.9389377,0,0,0,0.7475709,0.585542,-2.828028,-0.07341941,0.07631674,1.199736,0.8771005,0.07749309,0.4740143,0.09859855,0.9368306,-0.335599,-0.4700777,0.3410912,0.8140539,moving,-37.41472,29.02033,-3.501922,3.639754,-4.2476158171401845,5.3117017477209965,42.358606047420636,1.8307016523809696,38.421948275419176
16,05/15/2023 18:37:50.342075,199,True,True,True,True,Eyes,1.364635,0.1144793,-3.737751,-0.5556573,0.4032947,0.7270477,0.0,0.0,0.0,0.0,0.0,0.0,0.0,0.5627315,-1.495285,3.654008,1.368446,0.1106215,-3.744254,-0.1776532,-0.2474052,-0.005617017,0.9524698,340.0501,330.0492,4.711196,0.3428752,0.02877846,-0.9389398,0,0,0,0.7518377,0.5824392,-2.828045,-0.07102903,0.07369044,1.19657,0.8775182,0.07720457,0.4732877,0.09860473,0.9368156,-0.3356392,-0.4692961,0.3411979,0.81446,moving,-37.38942,29.01721,-3.397122,3.524095,-4.245536189629352,5.311474363957387,42.48970740925417,1.9785175328677642,38.55473791242979
17,05/15/2023 18:37:50.362106,200,True,True,True,True,Eyes,1.364593,0.1144652,-3.737764,-0.5553056,0.4033154,0.7273049,0.0,0.0,0.0,0.0,0.0,0.0,0.0,0.5589981,-1.494561,3.654921,1.368404,0.1105528,-3.744314,-0.1775978,-0.2469834,-0.005319864,0.9525912,340.0632,330.0968,4.734508,0.3428688,0.02877645,-0.9389422,0,0,0,0.756629,0.5789549,-2.828064,-0.06788793,0.07134658,1.193099,0.8779418,0.0775921,0.4724379,0.09786274,0.9368615,-0.3357284,-0.4686587,0.3409841,0.8149165,moving,-37.36214,29.00986,-3.256647,3.422177,-4.242992163855746,5.310656230653425,42.637004750351984,2.1305470158790136,38.70590070421798
18,05/15/2023 18:37:50.382277,201,True,True,True,True,Eyes,1.364517,0.1144569,-3.737805,-0.5546551,0.403218,0.727855,0.0,0.0,0.0,0.0,0.0,0.0,0.0,0.553629,-1.490219,3.6576,1.368568,0.1106377,-3.744339,-0.1770597,-0.2463964,-0.004839586,0.9528459,340.1349,330.1691,4.759184,0.342862,0.0287743,-0.9389448,0,0,0,0.7596856,0.5767322,-2.828076,-0.06674658,0.07112533,1.190801,0.8785308,0.07803097,0.4712693,0.09647647,0.9372529,-0.3350362,-0.4678417,0.339806,0.8158774,moving,-37.30887,28.98563,-3.208176,3.418158,-4.237276884958696,5.307638772198668,42.62103888635776,2.151554372989734,38.70144885896911
19,05/15/2023 18:37:50.402234,202,True,True,True,True,Eyes,1.364447,0.1144579,-3.737838,-0.5539641,0.4030829,0.7284558,0.0,0.0,0.0,0.0,0.0,0.0,0.0,0.5495352,-1.49066,3.657971,1.368816,0.110671,-3.744183,-0.1771247,-0.2459223,-0.004839913,0.9529564,340.1253,330.2268,4.751061,0.3428539,0.02877215,-0.9389478,0,0,0,0.7638282,0.5737197,-2.828093,-0.06476696,0.06861067,1.187747,0.8789977,0.07789336,0.4704209,0.09634227,0.9372069,-0.3352037,-0.4669918,0.3399647,0.8162982,moving,-37.25167,28.95746,-3.121206,3.306041,-4.2309770662641935,5.304089293166561,42.69524410948902,2.285560938006898,38.78593210731177
20,05/15/2023 18:37:50.412642,203,True,True,True,True,Eyes,1.364357,0.114456,-3.737875,-0.5529907,0.4027828,0.7293609,0.0,0.0,0.0,0.0,0.0,0.0,0.0,0.5446208,-1.48379,3.661388,1.368902,0.1108942,-3.744039,-0.1761,-0.2450982,-0.005773231,0.9533532,340.2083,330.3627,4.591089,0.3428448,0.02877023,-0.9389512,0,0,0,0.767966,0.5707106,-2.82811,-0.06416114,0.06782612,1.184383,0.8797871,0.07531571,0.4693636,0.09733143,0.937911,-0.332941,-0.4652969,0.3386011,0.8178313,moving,-37.16887,28.90926,-3.100832,3.27758,-4.221296022142528,5.297884274560506,42.63348722297818,2.310209727865257,38.74268723257441
21,05/15/2023 18:37:50.432504,204,True,True,True,True,Eyes,1.364272,0.1144389,-3.737906,-0.5520159,0.4024617,0.730276,0.0,0.0,0.0,0.0,0.0,0.0,0.0,0.5373634,-1.482279,3.662919,1.368821,0.1108742,-3.743918,-0.1758742,-0.2440892,-0.006217768,0.953651,340.2157,330.4995,4.510437,0.3428343,0.02876845,-0.9389551,0,0,0,0.7720402,0.5677479,-2.828126,-0.06346332,0.06584096,1.181183,0.8807636,0.07399881,0.4677389,0.09771714,0.9380593,-0.3324097,-0.4633647,0.3384804,0.8189775,moving,-37.08565,28.85956,-3.075467,3.190455,-4.211470855278444,5.291467304642042,42.60980520014746,2.3884634105350564,38.73625175786938
22,05/15/2023 18:37:50.452175,205,True,True,True,True,Eyes,1.364199,0.1144198,-3.737925,-0.5508223,0.4019125,0.7314787,0.0,0.0,0.0,0.0,0.0,0.0,0.0,0.5324012,-1.477923,3.665296,1.368863,0.1104994,-3.743808,-0.175349,-0.2434468,-0.006242799,0.9539117,340.2708,330.5876,4.476353,0.3428227,0.02876642,-0.9389594,0,0,0,0.7761289,0.5647746,-2.828142,-0.06176761,0.06509933,1.178173,0.8813894,0.07346615,0.4666427,0.09728648,0.9384275,-0.3314954,-0.462264,0.3375746,0.8199728,moving,-36.98069,28.78669,-3.001076,3.162632,-4.19830809223354,5.2819096920778925,42.55827200411643,2.434071202494475,38.711610446507116
23,05/15/2023 18:37:50.461980,206,True,True,True,True,Eyes,1.364135,0.1143985,-3.737941,-0.5496216,0.4013334,0.7326989,0.0,0.0,0.0,0.0,0.0,0.0,0.0,0.5260177,-1.469364,3.669515,1.368976,0.1104498,-3.74363,-0.1742392,-0.2426401,-0.006143914,0.9543211,340.3945,330.7027,4.433982,0.3428105,0.02876412,-0.9389639,0,0,0,0.7801863,0.561824,-2.828159,-0.06061646,0.06552324,1.17496,0.882176,0.07282832,0.4652542,0.09628138,0.9392059,-0.3295788,-0.4609721,0.3355418,0.8215329,moving,-36.87477,28.71158,-2.953285,3.191872,-4.184905856113776,5.272038474065519,42.44905936543811,2.4174330379641544,38.630904870282954
24,05/15/2023 18:37:50.482089,207,True,True,True,True,Eyes,1.364066,0.1143719,-3.737958,-0.5482094,0.4005691,0.7341736,0.0,0.0,0.0,0.0,0.0,0.0,0.0,0.5188025,-1.463363,3.672938,1.369108,0.1103849,-3.743584,-0.173466,-0.2417331,-0.006071958,0.9546925,340.4792,330.8253,4.397683,0.342798,0.02876152,-0.9389685,0,0,0,0.7842609,0.558861,-2.828175,-0.0595952,0.06511581,1.171905,0.8830565,0.07227124,0.463668,0.09545863,0.9397454,-0.3282778,-0.4594549,0.334149,0.8229493,moving,-36.74879,28.61712,-2.91117,3.180317,-4.168577533757241,5.259561048147846,42.33220374756326,2.4298826139770027,38.54733081595364
25,05/15/2023 18:37:50.502025,208,True,True,True,True,Eyes,1.363999,0.1143415,-3.737969,-0.5467998,0.3997827,0.7356519,0.0,0.0,0.0,0.0,0.0,0.0,0.0,0.5115902,-1.455782,3.676941,1.369155,0.11028,-3.743551,-0.1724929,-0.2408161,-0.005956263,0.9551014,340.5876,330.9511,4.35996,0.342785,0.02875852,-0.9389734,0,0,0,0.7883977,0.5558528,-2.828192,-0.05845573,0.06518853,1.168773,0.8839443,0.07170045,0.4620624,0.09445581,0.9404215,-0.3266276,-0.4579527,0.332365,0.8245077,moving,-36.62291,28.52143,-2.86324,3.192374,-4.1521634123685605,5.246905938312133,42.20517025626168,2.4253711156226014,38.45439427596072
26,05/15/2023 18:37:50.522599,209,True,True,True,True,Eyes,1.363925,0.1143046,-3.737985,-0.5452232,0.3988686,0.7373164,0.0,0.0,0.0,0.0,0.0,0.0,0.0,0.5041972,-1.44993,3.680136,1.369143,0.1101685,-3.743423,-0.1717678,-0.2399057,-0.005737992,0.9554623,340.6712,331.0703,4.342546,0.3427718,0.02875506,-0.9389783,0,0,0,0.7924314,0.5529194,-2.828208,-0.05727618,0.06485498,1.165657,0.8848247,0.07145126,0.4604129,0.093381,0.9409258,-0.3254822,-0.4564705,0.3309884,0.8258822,moving,-36.48181,28.41221,-2.813046,3.184547,-4.133616329746183,5.232438934314195,42.07161334830488,2.4367534488402964,38.35863636485124
27,05/15/2023 18:37:50.531919,210,True,True,True,True,Eyes,1.363862,0.1142697,-3.737991,-0.543673,0.3979213,0.7389711,0.0,0.0,0.0,0.0,0.0,0.0,0.0,0.4973265,-1.444823,3.683088,1.369211,0.110034,-3.743412,-0.1711818,-0.2391458,-0.005112441,0.9557614,340.7517,331.1613,4.380031,0.3427582,0.02875103,-0.9389834,0,0,0,0.7966179,0.549875,-2.828224,-0.05539162,0.06433526,1.162619,0.8855663,0.07210223,0.4588829,0.09164732,0.9413413,-0.3247726,-0.4553822,0.3296631,0.8270122,moving,-36.34252,28.30159,-2.727726,3.167316,-4.1150951833289175,5.2177548646723695,41.9724445936797,2.4757004642342464,38.29746311339241
28,05/15/2023 18:37:50.552070,211,True,True,True,True,Eyes,1.36379,0.1142338,-3.737998,-0.5419815,0.3968922,0.7407649,0.0,0.0,0.0,0.0,0.0,0.0,0.0,0.4901815,-1.438235,3.686491,1.369396,0.1100626,-3.743214,-0.1703928,-0.2383785,-0.004427822,0.9560975,340.8565,331.2551,4.417798,0.3427444,0.02874654,-0.9389885,0,0,0,0.8008846,0.5467722,-2.828242,-0.05365066,0.06414762,1.159354,0.8863122,0.07276907,0.457335,0.0897028,0.9418934,-0.3237133,-0.4543171,0.3279353,0.828284,moving,-36.19112,28.18183,-2.649549,3.166975,-4.094999921134006,5.2018627744235655,41.8423225433181,2.4960161497685944,38.20855407400827
29,05/15/2023 18:37:50.562637,212,True,True,True,True,Eyes,1.363726,0.1142074,-3.738,-0.5403011,0.3958634,0.7425408,0.0,0.0,0.0,0.0,0.0,0.0,0.0,0.4817874,-1.432235,3.68981,1.369568,0.1100702,-3.743031,-0.1696686,-0.2374196,-0.003928912,0.956467,340.9477,331.3748,4.432412,0.3427304,0.02874161,-0.9389938,0,0,0,0.8046506,0.5440336,-2.828257,-0.05283279,0.06400961,1.156452,0.887233,0.07304955,0.4555012,0.08808104,0.9423943,-0.3226993,-0.4528347,0.3264305,0.829689,moving,-36.04107,28.06297,-2.615753,3.168089,-4.075071139369124,5.186088258971275,41.67741494568311,2.4903675313295377,38.08364378132755
30,05/15/2023 18:37:50.582225,213,True,True,True,True,Eyes,1.36365,0.1141728,-3.738004,-0.538491,0.394816,0.7444111,0.0,0.0,0.0,0.0,0.0,0.0,0.0,0.4746865,-1.427873,3.692378,1.369689,0.1102781,-3.74294,-0.169088,-0.2365429,-0.003838476,0.9567875,341.0115,331.4896,4.406298,0.3427164,0.02873653,-0.9389991,0,0,0,0.8087196,0.5410746,-2.828273,-0.05167726,0.06286532,1.153372,0.8880655,0.07264791,0.4539406,0.08733837,0.9427891,-0.3217466,-0.4513444,0.3253785,0.8309134,moving,-35.88116,27.9403,-2.565444,3.119859,-4.0541355611953644,5.169852235516484,41.545050535859716,2.533510376935061,37.99180908144152
31,05/15/2023 18:37:50.602132,214,True,True,True,True,Eyes,1.363583,0.1141375,-3.738003,-0.5367059,0.3937515,0.7462617,0.0,0.0,0.0,0.0,0.0,0.0,0.0,0.4685065,-1.425073,3.694141,1.369773,0.1101046,-3.742807,-0.168747,-0.2357578,-0.003902136,0.957041,341.0444,331.5923,4.372004,0.3427021,0.0287311,-0.9390045,0,0,0,0.8128161,0.5380957,-2.82829,-0.0502797,0.06142494,1.1504,0.888806,0.07209782,0.4525768,0.08703583,0.9430185,-0.3211556,-0.4499429,0.3248354,0.8318854,moving,-35.72341,27.81756,-2.502593,3.056373,-4.033352075861631,5.153587272346681,41.43354997820556,2.596445850093426,37.920196484046194
32,05/15/2023 18:37:50.612362,215,True,True,True,True,Eyes,1.363523,0.1140947,-3.737987,-0.5348764,0.3926624,0.7481467,0.0,0.0,0.0,0.0,0.0,0.0,0.0,0.4617045,-1.418971,3.697271,1.369915,0.1100616,-3.742684,-0.1679925,-0.2349555,-0.003585811,0.9573722,341.1345,331.6962,4.368294,0.3426877,0.02872534,-0.9390099,0,0,0,0.8169032,0.5351235,-2.828306,-0.04884224,0.06102505,1.147378,0.8895661,0.07207559,0.4510846,0.0858074,0.9435314,-0.3199776,-0.4486749,0.3233477,0.8331489,moving,-35.56231,27.69259,-2.437527,3.044495,-4.012155724688311,5.137031028656439,41.288979594149744,2.618809395858889,37.817384364234684
33,05/15/2023 18:37:50.632277,216,True,True,True,True,Eyes,1.363475,0.1140492,-3.737962,-0.5330836,0.3915065,0.7500297,0.0,0.0,0.0,0.0,0.0,0.0,0.0,0.4550326,-1.41688,3.698578,1.369995,0.1098604,-3.742342,-0.1678047,-0.2342018,-0.003243655,0.9575911,341.1619,331.7854,4.386557,0.3426736,0.02871911,-0.9390152,0,0,0,0.821086,0.5320818,-2.828323,-0.04714909,0.05952373,1.144218,0.890278,0.07238812,0.4496278,0.08481254,0.9436621,-0.3198572,-0.4474505,0.3228959,0.8339822,moving,-35.40331,27.56402,-2.359617,2.977918,-3.990839946225057,5.119938939393996,41.186916109762976,2.692423073198841,37.75616315760974
34,05/15/2023 18:37:50.652288,217,True,True,True,True,Eyes,1.363446,0.1140086,-3.737926,-0.53122,0.3902839,0.7519866,0.0,0.0,0.0,0.0,0.0,0.0,0.0,0.450033,-1.404961,3.703622,1.370243,0.1097698,-3.742145,-0.1662543,-0.2335611,-0.003178986,0.9580181,341.335,331.8853,4.332429,0.34266,0.02871239,-0.9390204,0,0,0,0.825229,0.5290689,-2.828339,-0.04562683,0.06072912,1.141106,0.8908782,0.07157001,0.4485685,0.08375209,0.9446988,-0.3170642,-0.4464544,0.3200341,0.8356175,moving,-35.23823,27.42949,-2.289736,3.046379,-3.9686300939012025,5.102043248679385,40.989503033171275,2.654136560509824,37.604222121068354
35,05/15/2023 18:37:50.662065,218,True,True,True,True,Eyes,1.36342,0.1139659,-3.737887,-0.5293739,0.3890837,0.7539079,0.0,0.0,0.0,0.0,0.0,0.0,0.0,0.4431821,-1.397874,3.707068,1.370364,0.1098585,-3.742037,-0.165305,-0.2326626,-0.00329983,0.9584006,341.4343,332.0111,4.270829,0.3426475,0.02870536,-0.9390252,0,0,0,0.829469,0.5259857,-2.828356,-0.04447775,0.06024545,1.137952,0.8917145,0.07059548,0.4470589,0.08324575,0.9453267,-0.3153214,-0.444877,0.3183924,0.8370847,moving,-35.0755,27.29777,-2.238311,3.030523,-3.946804135527248,5.084530951808579,40.83111875005055,2.671684386344427,37.48793397833968
36,05/15/2023 18:37:50.682217,219,True,True,True,True,Eyes,1.363415,0.1139197,-3.737829,-0.5274778,0.3878437,0.7558733,0.0,0.0,0.0,0.0,0.0,0.0,0.0,0.4368692,-1.394622,3.708946,1.370435,0.1097641,-3.74192,-0.164895,-0.2318579,-0.00336198,0.958666,341.4751,332.1167,4.23484,0.3426359,0.02869799,-0.9390297,0,0,0,0.8331661,0.5232971,-2.828371,-0.04340683,0.05908805,1.135281,0.8924612,0.07001842,0.4456573,0.08291049,0.9455966,-0.3145995,-0.4434398,0.3177175,0.8381031,moving,-34.90884,27.16267,-2.189606,2.97939,-3.9244360178027886,5.066567133206836,40.68635281154058,2.714027187787759,37.385153567109185
37,05/15/2023 18:37:50.702286,220,True,True,True,True,Eyes,1.363419,0.1138732,-3.737769,-0.525606,0.3866032,0.7578102,0.0,0.0,0.0,0.0,0.0,0.0,0.0,0.4299773,-1.388526,3.711791,1.370523,0.1096392,-3.741647,-0.1641403,-0.231012,-0.003235071,0.9590001,341.5598,332.2287,4.209335,0.3426259,0.02869024,-0.9390336,0,0,0,0.8372775,0.5203073,-2.828387,-0.04210668,0.05863371,1.13218,0.8932459,0.06963188,0.444143,0.08204162,0.946095,-0.3133264,-0.442019,0.3163157,0.8393829,moving,-34.74461,27.02879,-2.129895,2.964605,-3.902337293104564,5.04875745006281,40.53152642382779,2.735917235131315,37.27255914072829
38,05/15/2023 18:37:50.721835,221,True,True,True,True,Eyes,1.363449,0.1138263,-3.73769,-0.5236108,0.3853564,0.7598238,0.0,0.0,0.0,0.0,0.0,0.0,0.0,0.4229973,-1.383317,3.7145,1.370733,0.1095963,-3.741535,-0.1635023,-0.2301908,-0.002965464,0.9593073,341.6354,332.3334,4.204578,0.3426175,0.02868213,-0.9390369,0,0,0,0.8413536,0.5173432,-2.828404,-0.04072842,0.05787888,1.129293,0.8940068,0.06958384,0.4426171,0.08096302,0.9465165,-0.3123326,-0.4406776,0.3150631,0.8405584,moving,-34.57156,26.89255,-2.065501,2.933974,-3.879417287644297,5.030685604330437,40.38139714843033,2.7724523170498685,37.16538292604953
39,05/15/2023 18:37:50.732314,222,True,True,True,True,Eyes,1.363483,0.1137823,-3.737605,-0.5216237,0.3841017,0.7618232,0.0,0.0,0.0,0.0,0.0,0.0,0.0,0.4145352,-1.379314,3.716761,1.370889,0.1095152,-3.7413,-0.1630008,-0.2291321,-0.003018564,0.9596459,341.6857,332.4709,4.162207,0.3426112,0.0286737,-0.9390394,0,0,0,0.8456122,0.5142463,-2.828421,-0.03986747,0.05660915,1.126177,0.8949788,0.06890393,0.4407553,0.08049092,0.9468433,-0.3114628,-0.4387872,0.3142294,0.8418585,moving,-34.39962,26.75667,-2.027464,2.877644,-3.856605407932736,5.012655806991323,40.226413794881246,2.811411337070139,37.05194040588527
40,05/15/2023 18:37:50.752783,223,True,True,True,True,Eyes,1.363504,0.1137328,-3.737523,-0.5195276,0.3827913,0.7639123,0.0,0.0,0.0,0.0,0.0,0.0,0.0,0.4063843,-1.372715,3.719938,1.371004,0.1095533,-3.741095,-0.1621352,-0.2280877,-0.003100269,0.9600409,341.7763,332.6119,4.105927,0.342607,0.02866506,-0.9390412,0,0,0,0.8497877,0.5112099,-2.828438,-0.03904525,0.05604905,1.123062,0.8959327,0.06800934,0.4389524,0.07991488,0.9474051,-0.3098987,-0.4369417,0.3127272,0.8433763,moving,-34.21915,26.61514,-1.991188,2.857109,-3.832744393451275,4.9938883818809225,40.038551068568964,2.820843150033813,36.90798505371959
41,05/15/2023 18:37:50.762354,224,True,True,True,True,Eyes,1.363533,0.1136871,-3.737438,-0.5174449,0.3814858,0.7659761,0.0,0.0,0.0,0.0,0.0,0.0,0.0,0.3989556,-1.365745,3.723137,1.37115,0.1094236,-3.740876,-0.1612422,-0.2271392,-0.003164153,0.960416,341.8711,332.7411,4.053024,0.3426043,0.0286561,-0.9390424,0,0,0,0.8535883,0.5084461,-2.828453,-0.03832615,0.05592579,1.12027,0.8967956,0.06717102,0.4373165,0.07932664,0.947982,-0.3082817,-0.4352758,0.3111565,0.8448175,moving,-34.04047,26.47508,-1.959411,2.857929,-3.8091250576470586,4.975316622504862,39.83671883976242,2.8115427151288204,36.74968617305944
42,05/15/2023 18:37:50.781950,225,True,True,True,True,Eyes,1.363575,0.1136405,-3.737345,-0.5153261,0.3801604,0.7680606,0.0,0.0,0.0,0.0,0.0,0.0,0.0,0.3911362,-1.360337,3.725891,1.371348,0.1094675,-3.740747,-0.160526,-0.2261436,-0.00327288,0.9607704,341.9445,332.8742,3.999603,0.3426033,0.02864693,-0.9390431,0,0,0,0.8576687,0.5054789,-2.828469,-0.03748339,0.05501997,1.117368,0.8976967,0.06631487,0.4355949,0.07889283,0.9484414,-0.306977,-0.4334934,0.3099375,0.846181,moving,-33.85943,26.33364,-1.921333,2.819008,-3.785229320732163,4.95656711623441,39.6608113643283,2.836065667405416,36.616692588841154
43,05/15/2023 18:37:50.802164,226,True,True,True,True,Eyes,1.363621,0.1135935,-3.737244,-0.5132046,0.378841,0.7701302,0.0,0.0,0.0,0.0,0.0,0.0,0.0,0.3825199,-1.356652,3.728007,1.371535,0.1093998,-3.740559,-0.1600498,-0.2250489,-0.003438063,0.9611064,341.9891,333.0171,3.945108,0.3426041,0.02863756,-0.9390431,0,0,0,0.8617692,0.502497,-2.828486,-0.03683821,0.05366945,1.114463,0.8986823,0.06542936,0.4336924,0.07864676,0.9487445,-0.3061022,-0.4314913,0.3091971,0.847474,moving,-33.67897,26.19341,-1.893204,2.757076,-3.7614674180903593,4.937986476050858,39.491729153916665,2.8717205128499277,36.489326520575275
44,05/15/2023 18:37:50.812734,227,True,True,True,True,Eyes,1.363684,0.1135449,-3.737131,-0.5110297,0.3775063,0.772229,0.0,0.0,0.0,0.0,0.0,0.0,0.0,0.37272,-1.351003,3.730807,1.371646,0.1093521,-3.740277,-0.1593241,-0.2238036,-0.003548759,0.9615172,342.0628,333.1805,3.88677,0.3426066,0.028628,-0.9390424,0,0,0,0.865849,0.4995302,-2.828502,-0.03650989,0.05293041,1.111427,0.8997988,0.06449021,0.4315128,0.07813899,0.9492065,-0.3047972,-0.4292511,0.3079741,0.8490556,moving,-33.49497,26.05182,-1.881465,2.726585,-3.737344646134917,4.919241276563136,39.287151668074,2.8726348198282325,36.327192001798956
45,05/15/2023 18:37:50.832127,228,True,True,True,True,Eyes,1.36375,0.1134932,-3.737014,-0.5088548,0.3761654,0.7743167,0.0,0.0,0.0,0.0,0.0,0.0,0.0,0.3630338,-1.346375,3.733288,1.371796,0.109251,-3.740081,-0.1587311,-0.2225695,-0.003703077,0.9619011,342.1205,333.3414,3.827769,0.3426112,0.02861824,-0.9390411,0,0,0,0.8698928,0.4965894,-2.828518,-0.03617112,0.05191258,1.108549,0.9008982,0.0635334,0.4293553,0.07778136,0.9495815,-0.3037187,-0.4270041,0.3070155,0.8505346,moving,-33.31157,25.91062,-1.868855,2.681163,-3.713295108688015,4.9005468950611295,39.0928637872192,2.885762323579987,36.17459849520189
46,05/15/2023 18:37:50.852208,229,True,True,True,True,Eyes,1.363842,0.1134414,-3.736882,-0.5066551,0.3748007,0.7764181,0.0,0.0,0.0,0.0,0.0,0.0,0.0,0.353296,-1.339427,3.736552,1.371907,0.1091318,-3.739875,-0.1578397,-0.2213231,-0.003808173,0.9623349,342.2133,333.5066,3.765727,0.3426178,0.02860823,-0.939039,0,0,0,0.8744519,0.4932741,-2.828537,-0.03538021,0.05127007,1.105298,0.9020032,0.06253767,0.4271761,0.07719663,0.9501442,-0.3021035,-0.4247718,0.3054749,0.8522055,moving,-33.12664,25.76802,-1.833391,2.655802,-3.689028135259981,4.881664637905866,38.90298258302987,2.8979050468538694,36.02718717523843
47,05/15/2023 18:37:50.862201,230,True,True,True,True,Eyes,1.363938,0.1133869,-3.736743,-0.5044435,0.3734117,0.7785246,0.0,0.0,0.0,0.0,0.0,0.0,0.0,0.3437833,-1.333474,3.739426,1.372083,0.1090584,-3.73967,-0.1570769,-0.2201232,-0.003883171,0.9627345,342.2926,333.6637,3.712096,0.3426268,0.02859798,-0.939036,0,0,0,0.8780268,0.4906744,-2.828551,-0.03534637,0.05090624,1.102733,0.9030614,0.0616756,0.4250602,0.07662944,0.9506235,-0.3007371,-0.4226204,0.3041562,0.8537453,moving,-32.94114,25.62425,-1.835898,2.64311,-3.6646310833928775,4.862619177186122,38.6738784656797,2.87584521104823,35.84026330443348
48,05/15/2023 18:37:50.882272,231,True,True,True,True,Eyes,1.364074,0.1133358,-3.73658,-0.5022301,0.3719821,0.7806371,0.0,0.0,0.0,0.0,0.0,0.0,0.0,0.3320087,-1.324472,3.743457,1.37227,0.1089535,-3.739376,-0.1559329,-0.2186466,-0.003880324,0.9632568,342.416,333.8577,3.651567,0.3426382,0.02858745,-0.9390322,0,0,0,0.8821563,0.4876715,-2.828568,-0.03548677,0.05113858,1.099698,0.9043572,0.06071288,0.4224357,0.07566388,0.9513398,-0.2987099,-0.4200155,0.3021036,0.8557572,moving,-32.75558,25.47831,-1.848267,2.662471,-3.640065435338405,4.843262307807619,38.41646139552536,2.82247982474462,35.62557524405598
49,05/15/2023 18:37:50.902119,232,True,True,True,True,Eyes,1.364213,0.113275,-3.736414,-0.4999967,0.3705421,0.7827528,0.0,0.0,0.0,0.0,0.0,0.0,0.0,0.3204432,-1.316943,3.746961,1.372458,0.1089506,-3.739148,-0.1549551,-0.2171824,-0.003978556,0.9637454,342.5182,334.0494,3.584834,0.3426529,0.02857677,-0.9390272,0,0,0,0.8862611,0.4846865,-2.828584,-0.03560576,0.05083784,1.096741,0.905632,0.05963843,0.4198501,0.07497568,0.9519461,-0.2969463,-0.4173841,0.3004026,0.8576413,moving,-32.5691,25.3321,-1.859457,2.653963,-3.61541231720405,4.82387466684201,38.175647617011265,2.791396732446724,35.42674306770849
50,05/15/2023 18:37:50.912450,233,True,True,True,True,Eyes,1.364395,0.1132135,-3.736223,-0.4977663,0.3690329,0.7848843,0.0,0.0,0.0,0.0,0.0,0.0,0.0,0.3059987,-1.309715,3.750462,1.372592,0.1086617,-3.738869,-0.1541102,-0.2154203,-0.003717787,0.9642771,342.6137,334.2695,3.558206,0.3426704,0.02856571,-0.9390211,0,0,0,0.890446,0.4816432,-2.828601,-0.03608007,0.05070236,1.093752,0.9071606,0.05922699,0.4165956,0.07356691,0.9524724,-0.2956082,-0.4143038,0.2988117,0.8596883,moving,-32.38249,25.18173,-1.889355,2.654124,-3.5904349003222373,4.803890170583267,37.91206027400069,2.7413805674266674,35.20546086754364
51,05/15/2023 18:37:50.932600,234,True,True,True,True,Eyes,1.364578,0.1131477,-3.736028,-0.4955052,0.3674896,0.7870362,0.0,0.0,0.0,0.0,0.0,0.0,0.0,0.2930161,-1.299554,3.754816,1.372769,0.1085415,-3.738592,-0.1528528,-0.2138318,-0.003461099,0.9648317,342.7564,334.4731,3.523214,0.3426919,0.0285543,-0.9390136,0,0,0,0.8944077,0.4787622,-2.828617,-0.03643655,0.05139321,1.090861,0.908528,0.05869081,0.4136814,0.07204834,0.9532481,-0.2934743,-0.4115653,0.2964346,0.861824,moving,-32.19385,25.02921,-1.913061,2.697353,-3.5651468549701164,4.783614357475324,37.62496537581091,2.661179085271625,34.96175642441932
52,05/15/2023 18:37:50.952444,235,True,True,True,True,Eyes,1.364769,0.1130788,-3.735827,-0.4931969,0.3658684,0.7892384,0.0,0.0,0.0,0.0,0.0,0.0,0.0,0.2773468,-1.289248,3.759348,1.372939,0.1083956,-3.738324,-0.1516258,-0.211955,-0.002922528,0.965441,342.9018,334.7064,3.516952,0.3427168,0.02854246,-0.9390048,0,0,0,0.8986908,0.4756476,-2.828634,-0.03699018,0.05199623,1.087773,0.9101331,0.05863262,0.4101463,0.06991874,0.9540021,-0.2915325,-0.4083738,0.2940103,0.8641695,moving,-32.00136,24.87109,-1.947617,2.736692,-3.539154471341009,4.762567203048143,37.32504578875226,2.576268980717636,34.70592524459421
53,05/15/2023 18:37:50.962259,236,True,True,True,True,Eyes,1.364959,0.113005,-3.735621,-0.4908581,0.3642106,0.79146,0.0,0.0,0.0,0.0,0.0,0.0,0.0,0.2624963,-1.277775,3.76404,1.373085,0.1082449,-3.737985,-0.1502402,-0.2101648,-0.002447555,0.96605,343.0637,334.9316,3.50124,0.3427452,0.02853016,-0.9389949,0,0,0,0.902582,0.4728178,-2.82865,-0.03772251,0.0531466,1.084864,0.9116495,0.0584215,0.406795,0.06787934,0.9548438,-0.2892503,-0.4053241,0.2913079,0.8665173,moving,-31.80691,24.71073,-1.991466,2.80463,-3.5128497487130157,4.7412151826908895,36.99780963958726,2.462716118570302,34.42335122010665
54,05/15/2023 18:37:50.982297,237,True,True,True,True,Eyes,1.365144,0.1129217,-3.735412,-0.48846,0.3624991,0.7937261,0.0,0.0,0.0,0.0,0.0,0.0,0.0,0.246352,-1.266049,3.768946,1.373275,0.108098,-3.737774,-0.1488357,-0.2082271,-0.001871805,0.9666881,343.2297,335.1729,3.49474,0.3427765,0.02851733,-0.9389839,0,0,0,0.906671,0.4698443,-2.828666,-0.03852893,0.05421397,1.081958,0.9132759,0.05836437,0.4031386,0.06560218,0.9556888,-0.2869759,-0.4020242,0.288535,0.8689787,moving,-31.60819,24.54644,-2.039463,2.868537,-3.485936468667097,4.719335550671858,36.663893613171226,2.3489871797706505,34.13458258165053
55,05/15/2023 18:37:51.002324,238,True,True,True,True,Eyes,1.365332,0.1128305,-3.735197,-0.4860407,0.3607011,0.7960272,0.0,0.0,0.0,0.0,0.0,0.0,0.0,0.2308782,-1.254162,3.77361,1.373447,0.1078253,-3.737429,-0.1474369,-0.2063815,-0.001265536,0.9672991,343.3961,335.402,3.494318,0.3428106,0.02850378,-0.9389718,0,0,0,0.9106137,0.4669772,-2.828682,-0.0392575,0.05550784,1.079075,0.9148102,0.05840817,0.3996384,0.06330476,0.9565216,-0.2847087,-0.398892,0.2857534,0.8713382,moving,-31.40753,24.37654,-2.08354,2.94471,-3.4584572674653837,4.6966664473745166,36.32106450352192,2.227049367632342,33.83781047564115
56,05/15/2023 18:37:51.012714,239,True,True,True,True,Eyes,1.365507,0.1127368,-3.734989,-0.4835654,0.358817,0.7983826,0.0,0.0,0.0,0.0,0.0,0.0,0.0,0.2148912,-1.236462,3.780163,1.373671,0.1075802,-3.737125,-0.1452862,-0.2044677,-0.0005474965,0.9680313,343.6498,335.6456,3.486421,0.3428472,0.0284894,-0.9389589,0,0,0,0.9148278,0.4639128,-2.828699,-0.03992887,0.05821979,1.075995,0.9163853,0.0583527,0.3960214,0.06047267,0.9577832,-0.2810593,-0.3957032,0.2815071,0.8741698,moving,-31.20251,24.20058,-2.125202,3.097132,-3.430201753855437,4.673164335859783,35.92833642148726,2.0461921418181617,33.49344603402023
57,05/15/2023 18:37:51.032632,240,True,True,True,True,Eyes,1.365679,0.1126461,-3.734781,-0.4810613,0.3568871,0.8007569,0.0,0.0,0.0,0.0,0.0,0.0,0.0,0.1986538,-1.218195,3.78689,1.373867,0.1074829,-3.736968,-0.1430189,-0.2024826,1.028505e-05,0.9687861,343.9125,335.9008,3.456971,0.3428857,0.0284742,-0.9389453,0,0,0,0.9188635,0.4609779,-2.828715,-0.04088634,0.06100023,1.073089,0.9180016,0.0579376,0.3923216,0.05789773,0.9590912,-0.2771136,-0.3923275,0.2771053,0.8770928,moving,-30.99569,24.02192,-2.182001,3.253502,-3.4016107472844546,4.649289836039664,35.51838763248474,1.8535564784779388,33.13186049919654
58,05/15/2023 18:37:51.052887,241,True,True,True,True,Eyes,1.365849,0.1125497,-3.734572,-0.4785025,0.3549779,0.8031352,0.0,0.0,0.0,0.0,0.0,0.0,0.0,0.1828683,-1.205083,3.79173,1.373965,0.1074944,-3.736784,-0.1414004,-0.2005429,0.0004222937,0.9694269,344.0984,336.1453,3.429573,0.3429259,0.02845834,-0.9389311,0,0,0,0.9232393,0.4577959,-2.828732,-0.0413546,0.06199971,1.069984,0.9195648,0.05753246,0.3887039,0.05589493,0.9600115,-0.2743241,-0.3889427,0.2739853,0.8795769,moving,-30.7862,23.84496,-2.213365,3.316268,-3.3729538436245647,4.62568304223105,35.18286650016012,1.749060902049868,32.84269850925653
59,05/15/2023 18:37:51.062021,242,True,True,True,True,Eyes,1.366023,0.1124542,-3.734358,-0.4759192,0.3530365,0.8055223,0.0,0.0,0.0,0.0,0.0,0.0,0.0,0.1674698,-1.192924,3.796095,1.374181,0.1072884,-3.736517,-0.1399372,-0.1986717,0.0008286159,0.970024,344.267,336.3796,3.407522,0.3429675,0.02844174,-0.9389164,0,0,0,0.9270293,0.4550398,-2.828748,-0.04228473,0.06324252,1.067302,0.9210578,0.05721066,0.3852007,0.05399555,0.9608338,-0.2718141,-0.3856644,0.2711556,0.8818943,moving,-30.57547,23.66641,-2.268776,3.391071,-3.3440862560212965,4.601858526200309,34.818935893771325,1.6193512837883108,32.524967225409064
60,05/15/2023 18:37:51.082335,243,True,True,True,True,Eyes,1.366205,0.112354,-3.734139,-0.4733228,0.3511589,0.8078694,0.0,0.0,0.0,0.0,0.0,0.0,0.0,0.1522115,-1.181,3.800226,1.37441,0.1072369,-3.736194,-0.1384684,-0.1968019,0.001101163,0.9706154,344.433,336.6153,3.370713,0.3430106,0.0284245,-0.9389011,0,0,0,0.9311664,0.4520313,-2.828764,-0.04298334,0.06405076,1.064343,0.9225357,0.05663931,0.3817329,0.05236408,0.9616506,-0.2692326,-0.3823427,0.2683658,0.884191,moving,-30.36562,23.49328,-2.312626,3.443832,-3.315692972614141,4.578805433228517,34.48116641688242,1.5146973445820209,32.231706148404584
61,05/15/2023 18:37:51.102153,244,True,True,True,True,Eyes,1.366389,0.112255,-3.733917,-0.470713,0.349276,0.8102071,0.0,0.0,0.0,0.0,0.0,0.0,0.0,0.137661,-1.171843,3.803455,1.374588,0.1070223,-3.735972,-0.1373866,-0.1950262,0.001407471,0.971127,344.5563,336.835,3.349784,0.3430552,0.02840657,-0.9388853,0,0,0,0.9353621,0.4489802,-2.828781,-0.0432674,0.06413779,1.061538,0.9239256,0.05632166,0.3784037,0.05085433,0.9622459,-0.2673887,-0.3791771,0.2662908,0.8861794,moving,-30.15567,23.32062,-2.334036,3.457589,-3.2873279719182733,4.555820775740352,34.18454795571995,1.4542622242806267,31.978572018257736
62,05/15/2023 18:37:51.122169,245,True,True,True,True,Eyes,1.366556,0.1121573,-3.733699,-0.46809,0.3474616,0.8125036,0.0,0.0,0.0,0.0,0.0,0.0,0.0,0.1239503,-1.162917,3.806433,1.374778,0.1069727,-3.735669,-0.1362989,-0.1933448,0.001604868,0.971616,344.6782,337.0446,3.318208,0.3431013,0.02838805,-0.938869,0,0,0,0.9393919,0.4460497,-2.828797,-0.04357618,0.06413031,1.058743,0.9252304,0.05582399,0.3752764,0.04958674,0.96284,-0.2654809,-0.3761514,0.2642398,0.8880807,moving,-29.9466,23.15364,-2.356872,3.46629,-3.259456952054602,4.53364491577554,33.89372864021431,1.3978219170930242,31.729734064517643
63,05/15/2023 18:37:51.132259,246,True,True,True,True,Eyes,1.366725,0.1120595,-3.733478,-0.4654729,0.3456945,0.8147578,0.0,0.0,0.0,0.0,0.0,0.0,0.0,0.111026,-1.153347,3.809546,1.374947,0.1069422,-3.735406,-0.1351365,-0.1917694,0.001898076,0.97209,344.8111,337.2407,3.298046,0.3431483,0.02836904,-0.9388524,0,0,0,0.943337,0.4431808,-2.828813,-0.0436489,0.06432804,1.056036,0.9264418,0.0555203,0.3723213,0.04813991,0.963469,-0.2634577,-0.3733473,0.2620017,0.8899252,moving,-29.73942,22.99108,-2.366846,3.485843,-3.232058151600758,4.51208790401632,33.61118977084335,1.3423005141536224,31.48822198528129
64,05/15/2023 18:37:51.152283,247,True,True,True,True,Eyes,1.366884,0.1119642,-3.733256,-0.4628783,0.3440201,0.8169417,0.0,0.0,0.0,0.0,0.0,0.0,0.0,0.09935582,-1.150353,3.810581,1.375152,0.1068487,-3.735138,-0.1348457,-0.1903829,0.00219585,0.9724023,344.8461,337.4053,3.303137,0.3431961,0.02834957,-0.9388356,0,0,0,0.9477791,0.4399505,-2.828831,-0.04283246,0.06243098,1.053216,0.9274991,0.05561513,0.3696654,0.04707412,0.9636236,-0.2630846,-0.3708497,0.2614124,0.8911419,moving,-29.53584,22.83631,-2.328836,3.392324,-3.205511210762213,4.491619226444527,33.440838180646914,1.4060616700730786,31.355531809691275
65,05/15/2023 18:37:51.162260,248,True,True,True,True,Eyes,1.367043,0.1118798,-3.733034,-0.4602794,0.3423503,0.8191088,0.0,0.0,0.0,0.0,0.0,0.0,0.0,0.08968735,-1.143895,3.812472,1.375393,0.1068325,-3.73475,-0.1339401,-0.189101,0.001588832,0.9727787,344.9307,337.5765,3.190826,0.3432445,0.02832977,-0.9388185,0,0,0,0.9518267,0.4370071,-2.828847,-0.04262385,0.06156692,1.050466,0.9284766,0.05374756,0.3674812,0.04756522,0.964115,-0.261189,-0.3683324,0.2599871,0.8926017,moving,-29.33281,22.68271,-2.323567,3.35422,-3.1790928910442577,4.471313927227577,33.212794720004354,1.4070619718035882,31.165205048970478
66,05/15/2023 18:37:51.182224,249,True,True,True,True,Eyes,1.367176,0.1117867,-3.732823,-0.4577042,0.3407857,0.8212015,0.0,0.0,0.0,0.0,0.0,0.0,0.0,0.0794903,-1.136769,3.814688,1.375558,0.1070166,-3.73454,-0.1329062,-0.1877257,0.0009234069,0.9731877,345.0285,337.7606,3.067571,0.3432934,0.02830993,-0.9388012,0,0,0,0.9554881,0.4343446,-2.828862,-0.04284169,0.0609563,1.048,0.9295164,0.0516971,0.3651392,0.0481025,0.9646702,-0.259032,-0.3656301,0.2583385,0.89419,moving,-29.13351,22.53768,-2.340918,3.328825,-3.153594933419976,4.452207949453912,32.9670001135907,1.3865183191132628,30.95524012630046
67,05/15/2023 18:37:51.202105,250,True,True,True,True,Eyes,1.36731,0.1116832,-3.732605,-0.4551512,0.339182,0.8232818,0.0,0.0,0.0,0.0,0.0,0.0,0.0,0.07089365,-1.135296,3.815131,1.375661,0.1067362,-3.734342,-0.1327121,-0.1866043,0.0005179931,0.9734301,345.038,337.9025,2.998582,0.3433421,0.02828985,-0.938784,0,0,0,0.959533,0.4314031,-2.828878,-0.04191743,0.05891697,1.045566,0.9303572,0.05053774,0.363155,0.04852084,0.9647745,-0.2585652,-0.3634299,0.2581786,0.8951327,moving,-28.93601,22.39106,-2.295795,3.225168,-3.128107804261351,4.432857681322934,32.818172883356695,1.466717072414201,30.841236436012725
68,05/15/2023 18:37:51.212739,251,True,True,True,True,Eyes,1.367408,0.1115705,-3.7324,-0.452644,0.337564,0.8253266,0.0,0.0,0.0,0.0,0.0,0.0,0.0,0.06240141,-1.124034,3.818316,1.375807,0.1064043,-3.733994,-0.131272,-0.1855005,0.000306371,0.9738362,345.1931,338.0506,2.922898,0.3433907,0.02826928,-0.9387668,0,0,0,0.9642644,0.4279625,-2.828897,-0.0404339,0.05916429,1.042513,0.9311789,0.04929875,0.3612137,0.04810533,0.9655352,-0.2557886,-0.3613746,0.2555612,0.8967144,moving,-28.74223,22.24488,-2.221105,3.248143,-3.102925035262701,4.41353815127804,32.62278479702176,1.461421374283638,30.682260154345116
69,05/15/2023 18:37:51.232357,252,True,True,True,True,Eyes,1.367514,0.1114557,-3.732197,-0.4501482,0.3358932,0.8273708,0.0,0.0,0.0,0.0,0.0,0.0,0.0,0.05293971,-1.111052,3.822075,1.375987,0.1061277,-3.73375,-0.1296449,-0.1843125,0.0003766959,0.9742798,345.3756,338.206,2.874539,0.3434383,0.02824805,-0.93875,0,0,0,0.9678348,0.4253661,-2.828911,-0.04005133,0.06059366,1.040173,0.9320575,0.04852438,0.3590462,0.04705635,0.9663841,-0.2527597,-0.3592415,0.252482,0.8984422,moving,-28.54931,22.096,-2.205056,3.33391,-3.077600596660923,4.393822985809474,32.342475786256934,1.3728618323231685,30.43877829981099
70,05/15/2023 18:37:51.252229,253,True,True,True,True,Eyes,1.36757,0.1113406,-3.732013,-0.447618,0.3342364,0.829412,0.0,0.0,0.0,0.0,0.0,0.0,0.0,0.04283333,-1.098421,3.825814,1.376263,0.1059847,-3.733614,-0.1280333,-0.1830418,0.0003751458,0.9747323,345.5545,338.3718,2.817584,0.3434851,0.02822617,-0.9387335,0,0,0,0.9718775,0.4224262,-2.828927,-0.03948945,0.06147665,1.037681,0.9329911,0.04760223,0.3567374,0.04613954,0.9672146,-0.2497337,-0.3569295,0.2494591,0.9002064,moving,-28.3549,21.94844,-2.179366,3.390483,-3.052267484600156,4.374310589503785,32.086700487881345,1.315246641389357,30.21895515138446
71,05/15/2023 18:37:51.262302,254,True,True,True,True,Eyes,1.367631,0.1112197,-3.731831,-0.4450871,0.3325387,0.8314538,0.0,0.0,0.0,0.0,0.0,0.0,0.0,0.03068507,-1.088207,3.828688,1.376433,0.1059294,-3.733388,-0.1267082,-0.1814912,0.0001968289,0.9751954,345.6964,338.5706,2.743246,0.3435301,0.0282037,-0.9387177,0,0,0,0.975773,0.4195933,-2.828943,-0.03960967,0.06173792,1.035161,0.9341217,0.04637673,0.3539289,0.04560895,0.96789,-0.2472019,-0.3540287,0.247059,0.9020119,moving,-28.16068,21.79887,-2.191313,3.41313,-3.0267961015321543,4.354507599330201,31.818916664906883,1.2586595240439253,29.98619595413842
72,05/15/2023 18:37:51.282231,255,True,True,True,True,Eyes,1.36767,0.1110977,-3.731659,-0.4425617,0.3308333,0.8334798,0.0,0.0,0.0,0.0,0.0,0.0,0.0,0.01847577,-1.0766,3.831995,1.376628,0.10569,-3.733272,-0.1253028,-0.1799974,0.0004987451,0.9756536,345.8581,338.7563,2.723823,0.3435734,0.02818053,-0.9387026,0,0,0,0.9802412,0.4163441,-2.828961,-0.03887831,0.06213401,1.032489,0.9352013,0.04608155,0.3511052,0.04413514,0.9685979,-0.2446838,-0.3513551,0.2443247,0.9038004,moving,-27.96744,21.64962,-2.15645,3.443841,-3.001420344467953,4.3347420437696345,31.58571819314769,1.227876033164633,29.787997832189344
73,05/15/2023 18:37:51.302049,256,True,True,True,True,Eyes,1.367718,0.110978,-3.731483,-0.4400274,0.3291138,0.8354999,0.0,0.0,0.0,0.0,0.0,0.0,0.0,0.006255925,-1.065167,3.835129,1.376875,0.1055908,-3.733081,-0.1239604,-0.1785578,0.001113556,0.976089,346.0193,338.9304,2.743212,0.3436146,0.02815672,-0.9386882,0,0,0,0.9839687,0.4136335,-2.828976,-0.0386456,0.06289038,1.030158,0.9362317,0.04644206,0.3483005,0.04209433,0.9692652,-0.2423905,-0.3488527,0.2415951,0.9055018,moving,-27.77414,21.5001,-2.148401,3.49353,-2.976019782018533,4.314938200636352,31.319563573923265,1.16604643150369,29.556571693364035
74,05/15/2023 18:37:51.312737,257,True,True,True,True,Eyes,1.367758,0.1108577,-3.731309,-0.4374974,0.3273734,0.8375098,0.0,0.0,0.0,0.0,0.0,0.0,0.0,-0.006802917,-1.056203,3.837469,1.377148,0.1055431,-3.732841,-0.1228857,-0.1769806,0.001411225,0.9765117,346.143,339.1228,2.730569,0.3436542,0.02813239,-0.9386744,0,0,0,0.9880949,0.4106329,-2.828992,-0.03847009,0.06264997,1.02761,0.9373518,0.04625294,0.3453004,0.04074061,0.9697942,-0.2404982,-0.345994,0.2394992,0.9071539,moving,-27.58161,21.34999,-2.143951,3.488816,-2.950630675502575,4.295042816789477,31.082085387865416,1.1404971630738208,29.352647696589745
75,05/15/2023 18:37:51.332238,258,True,True,True,True,Eyes,1.367808,0.1107359,-3.731134,-0.4349492,0.3256144,0.8395203,0.0,0.0,0.0,0.0,0.0,0.0,0.0,-0.0199331,-1.045289,3.840254,1.377393,0.1054306,-3.732592,-0.1215262,-0.1753527,0.001489748,0.9769753,346.2944,339.3263,2.686164,0.3436923,0.02810758,-0.9386612,0,0,0,0.9921999,0.4076477,-2.829009,-0.03847538,0.06295973,1.025051,0.9384984,0.0455308,0.3422684,0.03970901,0.9704583,-0.2379787,-0.3429926,0.2369338,0.9089656,moving,-27.38834,21.19916,-2.149594,3.514754,-2.9251331590567613,4.27505040166922,30.81773053333668,1.0860532241200853,29.12198957088209
76,05/15/2023 18:37:51.352241,259,True,True,True,True,Eyes,1.367867,0.1106094,-3.730957,-0.4324192,0.3237947,0.8415288,0.0,0.0,0.0,0.0,0.0,0.0,0.0,-0.03299302,-1.035462,3.842745,1.377641,0.1052856,-3.732423,-0.120282,-0.1737113,0.001404943,0.9774225,346.4293,339.5323,2.62588,0.3437291,0.02808229,-0.9386485,0,0,0,0.9963145,0.4046556,-2.829025,-0.03851014,0.06295918,1.022602,0.9396448,0.04453513,0.3392406,0.03904224,0.9710605,-0.2356208,-0.3399165,0.2346446,0.9107132,moving,-27.19634,21.04521,-2.156682,3.52312,-2.8994920627014578,4.254598393788038,30.56154627509976,1.0425101581420069,28.899186387647024
77,05/15/2023 18:37:51.362096,260,True,True,True,True,Eyes,1.367935,0.1104775,-3.730776,-0.4298708,0.321945,0.8435416,0.0,0.0,0.0,0.0,0.0,0.0,0.0,-0.04794878,-1.02034,3.846548,1.377882,0.1050673,-3.732255,-0.1184706,-0.1719013,0.001937933,0.9779626,346.6409,339.7542,2.622723,0.3437649,0.02805644,-0.9386361,0,0,0,1.000288,0.4017659,-2.829041,-0.03879653,0.06452586,1.020163,0.9408923,0.04452096,0.3357671,0.03694006,0.9719219,-0.2323859,-0.3366854,0.2310533,0.9128292,moving,-27.0035,20.88979,-2.177893,3.619167,-2.873678510296731,4.233942417630272,30.242109412648087,0.9284752503224613,28.614101706466457
78,05/15/2023 18:37:51.381980,261,True,True,True,True,Eyes,1.368037,0.1103417,-3.730592,-0.4273642,0.3200928,0.8455178,0.0,0.0,0.0,0.0,0.0,0.0,0.0,-0.06303728,-1.009068,3.849155,1.378178,0.1048307,-3.732001,-0.117201,-0.1701187,0.00263026,0.9784257,346.7942,339.9663,2.650654,0.3438002,0.02802997,-0.938624,0,0,0,1.004503,0.3987011,-2.829058,-0.03877985,0.06492232,1.017634,0.9421055,0.04502318,0.3322805,0.03472915,0.972514,-0.2302398,-0.3335135,0.22845,0.9146472,moving,-26.81416,20.73547,-2.182364,3.650371,-2.8482032359325995,4.213413975892995,29.977090953349975,0.8719858260371824,28.38188321068353
79,05/15/2023 18:37:51.402102,262,True,True,True,True,Eyes,1.36815,0.1102162,-3.730405,-0.4247916,0.3182035,0.847525,0.0,0.0,0.0,0.0,0.0,0.0,0.0,-0.07669574,-0.9960968,3.852371,1.378689,0.1045933,-3.731906,-0.1156139,-0.1684623,0.002854515,0.9789003,346.9744,340.1716,2.620367,0.3438358,0.02800283,-0.9386118,0,0,0,1.008579,0.395737,-2.829075,-0.0389577,0.06578334,1.015385,0.9432245,0.04454173,0.3291554,0.03336459,0.9732506,-0.2273107,-0.3304755,0.2253872,0.9165078,moving,-26.62068,20.57866,-2.197214,3.706819,-2.82223785501282,4.192563783390214,29.68441864316088,0.7915824744939044,28.122480851196684
80,05/15/2023 18:37:51.412185,263,True,True,True,True,Eyes,1.368268,0.1100791,-3.730211,-0.4221675,0.316349,0.849528,0.0,0.0,0.0,0.0,0.0,0.0,0.0,-0.09420574,-0.9837753,3.855072,1.379034,0.1047306,-3.731699,-0.1139578,-0.1662232,0.002420693,0.9794783,347.148,340.4544,2.505897,0.3438719,0.02797535,-0.9385994,0,0,0,1.012669,0.3927628,-2.829091,-0.04042587,0.06618281,1.012853,0.944728,0.04262688,0.3250723,0.03314281,0.9740155,-0.2240431,-0.3261756,0.2224336,0.9187669,moving,-26.42479,20.42443,-2.285625,3.738559,-2.7962921199895847,4.17210552281144,29.34480495634391,0.6698831949529314,27.814828200397297
81,05/15/2023 18:37:51.432473,264,True,True,True,True,Eyes,1.368396,0.1099335,-3.730017,-0.4195172,0.3144148,0.8515566,0.0,0.0,0.0,0.0,0.0,0.0,0.0,-0.1116298,-0.9741726,3.856794,1.37924,0.1043139,-3.731372,-0.1128062,-0.1640448,0.002380361,0.9799789,347.2725,340.7209,2.44875,0.3439086,0.02794726,-0.9385868,0,0,0,1.016715,0.3898203,-2.829107,-0.04149841,0.06631979,1.010397,0.9461673,0.04167594,0.3209837,0.03234512,0.9745382,-0.2218763,-0.3220578,0.2203144,0.9207282,moving,-26.22705,20.26533,-2.351895,3.755356,-2.769843024477185,4.150963377873337,29.027612160746205,0.5754874008978815,27.529875981214065
82,05/15/2023 18:37:51.452140,265,True,True,True,True,Eyes,1.368563,0.1097871,-3.729815,-0.416925,0.312459,0.8535472,0.0,0.0,0.0,0.0,0.0,0.0,0.0,-0.125909,-0.9574329,3.860527,1.379586,0.1039915,-3.731236,-0.1106643,-0.1622286,0.002202059,0.9805257,347.508,340.9525,2.361227,0.343946,0.02791842,-0.9385739,0,0,0,1.020972,0.3867248,-2.829124,-0.04180583,0.0680577,1.007952,0.9473541,0.04022417,0.3176511,0.03158745,0.9754971,-0.2177328,-0.3186257,0.2163039,0.9228707,moving,-26.03373,20.10622,-2.37504,3.862792,-2.7437152395552804,4.1297811667856,28.698128261391613,0.45519737196298987,27.23338947190058
83,05/15/2023 18:37:51.462264,266,True,True,True,True,Eyes,1.368736,0.1096411,-3.729609,-0.4143032,0.3104432,0.8555571,0.0,0.0,0.0,0.0,0.0,0.0,0.0,-0.1405945,-0.9426873,3.863633,1.379923,0.1038151,-3.731102,-0.108825,-0.1604077,0.002326422,0.9810306,347.715,341.1783,2.315523,0.3439851,0.02788888,-0.9385604,0,0,0,1.024847,0.3839065,-2.82914,-0.04232439,0.0694164,1.005712,0.9485279,0.03947733,0.3142233,0.03034816,0.9763034,-0.2142677,-0.315236,0.212775,0.924853,moving,-25.83857,19.94356,-2.409814,3.948416,-2.7171847195712604,4.108104731224183,28.368137747978313,0.34637732334802745,26.936169922802755
84,05/15/2023 18:37:51.482199,267,True,True,True,True,Eyes,1.368946,0.10949,-3.729393,-0.4117131,0.3084001,0.8575441,0.0,0.0,0.0,0.0,0.0,0.0,0.0,-0.1552126,-0.927784,3.866551,1.380199,0.1037035,-3.73087,-0.1069192,-0.1585651,0.002241875,0.9815398,347.9257,341.4091,2.245135,0.3440259,0.0278587,-0.9385464,0,0,0,1.029001,0.3808861,-2.829156,-0.04266717,0.0705777,1.003223,0.9497042,0.0383083,0.3107965,0.02950634,0.9771265,-0.210602,-0.3117553,0.20918,0.9268508,moving,-25.646,19.7802,-2.435328,4.024184,-2.690789946771778,4.086305036752735,28.053294545985864,0.26290650325859444,26.653521708522366
85,05/15/2023 18:37:51.502129,268,True,True,True,True,Eyes,1.369162,0.1093432,-3.729171,-0.4090711,0.3063228,0.8595506,0.0,0.0,0.0,0.0,0.0,0.0,0.0,-0.1703058,-0.9141179,3.869079,1.380594,0.1034212,-3.730636,-0.1052175,-0.1566938,0.002255886,0.9820241,348.1151,341.6404,2.190603,0.344069,0.02782784,-0.9385315,0,0,0,1.033116,0.3778933,-2.829173,-0.04314411,0.07154775,1.000866,0.950884,0.03740453,0.3072793,0.02854317,0.9778484,-0.2073592,-0.3082288,0.2059453,0.9287527,moving,-25.45038,19.61482,-2.468308,4.088881,-2.664020060577525,4.064241626972806,27.7350034296898,0.19725696276348284,26.367252933543593
86,05/15/2023 18:37:51.512875,269,True,True,True,True,Eyes,1.3694,0.1091879,-3.728942,-0.4063857,0.3042762,0.861549,0.0,0.0,0.0,0.0,0.0,0.0,0.0,-0.1868353,-0.9014689,3.871092,1.380942,0.1033936,-3.730309,-0.1035577,-0.1546036,0.001944762,0.9825323,348.2936,341.9004,2.097706,0.3441144,0.02779647,-0.9385158,0,0,0,1.037342,0.3748205,-2.82919,-0.04404154,0.07199611,0.9983119,0.9521879,0.03584236,0.3034032,0.02819917,0.9785441,-0.2040989,-0.3042088,0.2028962,0.9307472,moving,-25.25287,19.45187,-2.526024,4.124907,-2.637296358654876,4.042544042376441,27.412138258645292,0.13843841442720853,26.07535884839277
87,05/15/2023 18:37:51.532220,270,True,True,True,True,Eyes,1.369646,0.1090264,-3.728708,-0.4036554,0.3021765,0.8635691,0.0,0.0,0.0,0.0,0.0,0.0,0.0,-0.202874,-0.8904607,3.872703,1.381255,0.1030331,-3.73007,-0.1022385,-0.1526253,0.002064723,0.9829795,348.4416,342.1397,2.062951,0.3441625,0.02776442,-0.9384991,0,0,0,1.04123,0.3719933,-2.829206,-0.04476713,0.07246566,0.9961217,0.9534025,0.03526752,0.2996328,0.02714922,0.979086,-0.201627,-0.3004772,0.2003665,0.9325057,moving,-25.05265,19.28575,-2.573222,4.160812,-2.6101352864766403,4.020414460904399,27.094066374596263,0.14516907281720642,25.78841102015877
88,05/15/2023 18:37:51.552503,271,True,True,True,True,Eyes,1.369915,0.1088661,-3.72847,-0.400921,0.3000728,0.8655742,0.0,0.0,0.0,0.0,0.0,0.0,0.0,-0.2201583,-0.8756672,3.874971,1.381649,0.102747,-3.729766,-0.1004273,-0.1504974,0.002223165,0.9834939,348.646,342.3987,2.022486,0.3442131,0.02773161,-0.9384815,0,0,0,1.04562,0.3688008,-2.829223,-0.04541668,0.07350169,0.9935857,0.9546912,0.03460104,0.2955801,0.02585518,0.9798189,-0.1982085,-0.2964731,0.1968701,0.9345298,moving,-24.85287,19.12015,-2.617162,4.230817,-2.5830456285771417,3.99835578297318,26.76039886560275,0.23495136564968647,25.485808559327925
89,05/15/2023 18:37:51.562095,272,True,True,True,True,Eyes,1.370186,0.1087119,-3.728227,-0.3981364,0.2979489,0.8675909,0.0,0.0,0.0,0.0,0.0,0.0,0.0,-0.2380256,-0.8610274,3.877161,1.381999,0.1026201,-3.729604,-0.09860343,-0.1482797,0.002326256,0.9840148,348.8508,342.6685,1.975404,0.3442667,0.02769814,-0.9384628,0,0,0,1.049765,0.3657866,-2.82924,-0.04639055,0.07451169,0.9912559,0.9560154,0.03381991,0.2913601,0.02466363,0.9805439,-0.1947443,-0.2922776,0.1933646,0.936581,moving,-24.65033,18.95354,-2.679474,4.298781,-2.555678424564088,3.97617604069264,26.409855636122227,0.34554204413820894,25.166100926881175
90,05/15/2023 18:37:51.581965,273,True,True,True,True,Eyes,1.370495,0.1085617,-3.727969,-0.3953665,0.2959196,0.8695499,0.0,0.0,0.0,0.0,0.0,0.0,0.0,-0.2552357,-0.8496826,3.87834,1.382296,0.1026297,-3.729257,-0.09715024,-0.146127,0.002210457,0.9844817,349.0099,342.9305,1.911546,0.3443229,0.02766423,-0.9384431,0,0,0,1.053538,0.3630429,-2.829255,-0.04762708,0.07485279,0.9889525,0.9572841,0.03274484,0.2872891,0.02404024,0.9811139,-0.1919312,-0.288148,0.1906392,0.9384176,moving,-24.45032,18.79413,-2.757184,4.328406,-2.529040462799591,3.955009172599337,26.07392031050705,0.43757818076224403,24.85910346495748
91,05/15/2023 18:37:51.602276,274,True,True,True,True,Eyes,1.370805,0.1084111,-3.727711,-0.3925549,0.2938954,0.8715079,0.0,0.0,0.0,0.0,0.0,0.0,0.0,-0.2713598,-0.8399253,3.879171,1.382567,0.1025505,-3.728951,-0.09581587,-0.1440566,0.001647168,0.9849185,349.1483,343.1866,1.800082,0.3443825,0.02763003,-0.9384223,0,0,0,1.057535,0.3601362,-2.829271,-0.04857759,0.07470211,0.9866503,0.9584899,0.03085047,0.2834525,0.02436119,0.9816332,-0.1892162,-0.2840838,0.188267,0.940134,moving,-24.24832,18.63546,-2.818674,4.329767,-2.5023135005797528,3.933966069622774,25.76591896082041,0.5066974857653295,24.579385021715694
92,05/15/2023 18:37:51.616841,275,True,True,True,True,Eyes,1.371169,0.1082592,-3.727436,-0.3898683,0.2919541,0.8733644,0.0,0.0,0.0,0.0,0.0,0.0,0.0,-0.2869116,-0.8315192,3.879742,1.382853,0.1023989,-3.728723,-0.09468687,-0.1420748,0.001202273,0.9853161,349.2659,343.4295,1.707428,0.3444451,0.02759555,-0.9384003,0,0,0,1.061711,0.357099,-2.829288,-0.04910296,0.07411629,0.9844199,0.9596267,0.02927446,0.2797495,0.024536,0.9820659,-0.1869346,-0.2802048,0.1862514,0.9416983,moving,-24.0559,18.48409,-2.855552,4.305636,-2.4768370533098025,3.9138886020244743,25.504574357381856,0.5448770821636324,24.344405779653158
93,05/15/2023 18:37:51.632200,276,True,True,True,True,Eyes,1.371529,0.1081012,-3.727157,-0.3871379,0.2899696,0.8752382,0.0,0.0,0.0,0.0,0.0,0.0,0.0,-0.3032895,-0.8230168,3.880129,1.383132,0.1021833,-3.728437,-0.09363902,-0.1400352,0.001142703,0.9857082,349.3808,343.6744,1.660349,0.3445118,0.02756079,-0.9383768,0,0,0,1.06573,0.3541764,-2.829304,-0.04974699,0.07369485,0.9822324,0.9607776,0.02847827,0.2758538,0.02397277,0.9824609,-0.1849215,-0.2762817,0.1842814,0.9432438,moving,-23.86091,18.33022,-2.899374,4.290744,-2.450984142191228,3.893474225137772,25.228810472035182,0.5990632175362264,24.095142039671174
94,05/15/2023 18:37:51.652180,277,True,True,True,True,Eyes,1.371935,0.1079468,-3.726867,-0.3844991,0.2879965,0.877051,0.0,0.0,0.0,0.0,0.0,0.0,0.0,-0.3203382,-0.8097622,3.881293,1.383377,0.101903,-3.72809,-0.09204639,-0.1379326,0.001384386,0.9861544,349.5626,343.9258,1.638653,0.3445821,0.02752563,-0.938352,0,0,0,1.06992,0.35113,-2.82932,-0.05024211,0.07438828,0.9798455,0.9619454,0.02812283,0.2717907,0.02266197,0.9830511,-0.1819258,-0.2723005,0.181162,0.9450042,moving,-23.67264,18.17859,-2.935302,4.341475,-2.4257904118698974,3.873323114074733,24.92996066682555,0.6919308106554034,23.822689237712005
95,05/15/2023 18:37:51.663060,278,True,True,True,True,Eyes,1.372336,0.1077866,-3.726575,-0.3818164,0.2860179,0.8788686,0.0,0.0,0.0,0.0,0.0,0.0,0.0,-0.3366288,-0.7959726,3.882658,1.383643,0.1018238,-3.72788,-0.09037232,-0.135931,0.00171194,0.9865865,349.7552,344.1646,1.627392,0.3446568,0.02749019,-0.9383256,0,0,0,1.074103,0.3480875,-2.829337,-0.05049247,0.07503323,0.9775785,0.9630396,0.02794676,0.2679059,0.02119086,0.9836598,-0.1787856,-0.2685248,0.1778548,0.9467112,moving,-23.4821,18.0269,-2.956731,4.389085,-2.4004267351388573,3.853183216841499,24.643067393496004,0.7724410374230236,23.561958083997812
96,05/15/2023 18:37:51.682390,279,True,True,True,True,Eyes,1.372752,0.107619,-3.726284,-0.3791249,0.2840197,0.88068,0.0,0.0,0.0,0.0,0.0,0.0,0.0,-0.3535073,-0.7864207,3.882889,1.383908,0.1015434,-3.727565,-0.08928416,-0.1338661,0.002038285,0.9869672,349.8809,344.4078,1.625641,0.3447353,0.02745436,-0.9382978,0,0,0,1.07799,0.3452613,-2.829353,-0.05112638,0.07495685,0.9754673,0.9641514,0.02792769,0.263879,0.01988081,0.9840484,-0.1767868,-0.2646069,0.1756953,0.9482164,moving,-23.29145,17.87453,-3.000252,4.394086,-2.3750035811848798,3.832946532356047,24.36093361741992,0.8401268281506947,23.305128085284483
97,05/15/2023 18:37:51.702068,280,True,True,True,True,Eyes,1.373166,0.10746,-3.725991,-0.3763736,0.2819824,0.8825129,0.0,0.0,0.0,0.0,0.0,0.0,0.0,-0.3705935,-0.7699728,3.884546,1.384258,0.1012068,-3.727396,-0.08730876,-0.1317692,0.00241219,0.9874251,350.1083,344.6581,1.615497,0.3448176,0.02741798,-0.9382686,0,0,0,1.081973,0.3423649,-2.829369,-0.0517768,0.07655334,0.9733685,0.9652621,0.02777291,0.2598031,0.01824549,0.9847427,-0.1730574,-0.2606455,0.171786,0.9500282,moving,-23.09725,17.71983,-3.044888,4.496933,-2.349145420269556,3.812405940459784,24.0196217050072,0.9760302415871897,22.99036410202228
98,05/15/2023 18:37:51.712419,281,True,True,True,True,Eyes,1.37356,0.1073027,-3.725707,-0.3735303,0.2800196,0.8843439,0.0,0.0,0.0,0.0,0.0,0.0,0.0,-0.3888706,-0.7572401,3.885085,1.384605,0.1012764,-3.72708,-0.08569574,-0.1294963,0.002439121,0.9878669,350.2889,344.9303,1.570463,0.3449033,0.02738133,-0.9382381,0,0,0,1.08604,0.3394073,-2.829385,-0.05281581,0.07688591,0.9710833,0.9664496,0.02701361,0.2554322,0.01737552,0.9853006,-0.1699437,-0.2562682,0.1686802,0.9517739,moving,-22.89829,17.56993,-3.113167,4.526973,-2.3233036785297245,3.792596938782036,23.697464409277586,1.0785139154846664,22.69320718651848
99,05/15/2023 18:37:51.732549,282,True,True,True,True,Eyes,1.373947,0.1071378,-3.725422,-0.3706344,0.2780472,0.8861828,0.0,0.0,0.0,0.0,0.0,0.0,0.0,-0.4071599,-0.7480222,3.884911,1.384893,0.1011791,-3.726886,-0.08453461,-0.1272043,0.00234794,0.9882649,350.4163,345.2036,1.519501,0.3449916,0.02734448,-0.9382067,0,0,0,1.090168,0.336405,-2.829402,-0.05374104,0.07639854,0.9689937,0.9676272,0.0261471,0.2510261,0.01686555,0.9856968,-0.1676825,-0.25182,0.1664878,0.9533459,moving,-22.69649,17.41968,-3.17441,4.508056,-2.297228509786319,3.772762445556834,23.405589970000246,1.1445977363157587,22.425589286175356
100,05/15/2023 18:37:51.752833,283,True,True,True,True,Eyes,1.374323,0.1069656,-3.72514,-0.3677045,0.2760908,0.8880132,0.0,0.0,0.0,0.0,0.0,0.0,0.0,-0.4252988,-0.7380244,3.884674,1.38508,0.1008511,-3.726612,-0.08336583,-0.1249475,0.00252881,0.9886517,350.5488,345.47,1.500657,0.3450819,0.02730726,-0.9381746,0,0,0,1.094641,0.3331528,-2.82942,-0.05408499,0.07601291,0.9667313,0.9687635,0.02583293,0.2466375,0.01583248,0.9860874,-0.1654714,-0.2474807,0.1642076,0.9548765,moving,-22.49324,17.27091,-3.202146,4.495848,-2.2711596909200145,3.7531533715841863,23.137599633943882,1.1909369499566622,22.18160434636007
101,05/15/2023 18:37:51.761992,284,True,True,True,True,Eyes,1.374695,0.1067923,-3.724859,-0.3647398,0.2740713,0.8898594,0.0,0.0,0.0,0.0,0.0,0.0,0.0,-0.4420078,-0.7245734,3.885188,1.385308,0.1005201,-3.726377,-0.08173829,-0.1228655,0.002702343,0.9890478,350.7338,345.7177,1.476525,0.3451739,0.02726951,-0.9381419,0,0,0,1.098297,0.3304938,-2.829434,-0.05489677,0.07704805,0.9647896,0.9697936,0.02543112,0.2425979,0.01474013,0.9866232,-0.1623502,-0.2434814,0.1610221,0.9564458,moving,-22.28798,17.11852,-3.256633,4.565948,-2.2446704522286414,3.733041496500144,22.798228712985427,1.3106492443305546,21.867220948150596
102,05/15/2023 18:37:51.784122,285,True,True,True,True,Eyes,1.375031,0.1066134,-3.724589,-0.3617858,0.272053,0.8916828,0.0,0.0,0.0,0.0,0.0,0.0,0.0,-0.4590068,-0.7094071,3.885868,1.38554,0.1003513,-3.72614,-0.0799099,-0.1207619,0.00305844,0.9894553,350.9442,345.9666,1.471088,0.3452672,0.02723128,-0.9381086,0,0,0,1.10234,0.3275541,-2.829451,-0.05532572,0.07808515,0.9626622,0.9708145,0.02535251,0.2384881,0.01324776,0.9872101,-0.1588732,-0.2394657,0.1573959,0.9580621,moving,-22.08405,16.96698,-3.289261,4.637324,-2.218342452680341,3.713040183605978,22.478089568129608,1.4146261372677753,21.57163593504536
103,05/15/2023 18:37:51.802067,286,True,True,True,True,Eyes,1.375365,0.1064356,-3.724324,-0.3588102,0.2699955,0.8935086,0.0,0.0,0.0,0.0,0.0,0.0,0.0,-0.4757171,-0.6964875,3.886069,1.385743,0.1000643,-3.72594,-0.07844705,-0.1187159,0.003647293,0.989818,351.1162,346.2051,1.499025,0.3453609,0.02719246,-0.9380752,0,0,0,1.106446,0.3245679,-2.829467,-0.05544376,0.07855353,0.9606398,0.9717866,0.02584612,0.2344418,0.01140551,0.9876655,-0.1561626,-0.2355862,0.1544306,0.9595052,moving,-21.87913,16.81347,-3.303188,4.674795,-2.1917932275092378,3.692764339392937,22.190381969289962,1.4830989713070861,21.30795695008243
104,05/15/2023 18:37:51.812716,287,True,True,True,True,Eyes,1.375681,0.106256,-3.724065,-0.355855,0.2679674,0.8952993,0.0,0.0,0.0,0.0,0.0,0.0,0.0,-0.4915068,-0.6835684,3.886366,1.386021,0.0999403,-3.725808,-0.07693248,-0.1167794,0.004119848,0.9901652,351.2925,346.432,1.514593,0.3454549,0.02715313,-0.9380418,0,0,0,1.110536,0.321594,-2.829484,-0.05545369,0.07890196,0.9587069,0.9726912,0.02612692,0.2306279,0.009809591,0.9881288,-0.1533139,-0.2318956,0.1513895,0.960888,moving,-21.67636,16.6627,-3.310423,4.704862,-2.1656080255473613,3.6728635745715312,21.915691445222826,1.5413053155743788,21.05648554935181
105,05/15/2023 18:37:51.832183,288,True,True,True,True,Eyes,1.375995,0.1060839,-3.72381,-0.3528707,0.2659312,0.8970858,0.0,0.0,0.0,0.0,0.0,0.0,0.0,-0.5077787,-0.6716747,3.886276,1.386365,0.09973812,-3.725611,-0.07552557,-0.1147758,0.004427134,0.9905064,351.4541,346.6675,1.512804,0.3455486,0.02711331,-0.9380084,0,0,0,1.114553,0.3186727,-2.829499,-0.05577275,0.07911649,0.9567969,0.9736139,0.02610722,0.2267036,0.008566808,0.9885525,-0.1506334,-0.2280411,0.1486009,0.9622447,moving,-21.47231,16.51188,-3.336059,4.726971,-2.139325771234255,3.65296680893636,21.628862209401632,1.6079973330992652,20.792463317365875
106,05/15/2023 18:37:51.852459,289,True,True,True,True,Eyes,1.376313,0.1059106,-3.723559,-0.3499485,0.2639738,0.8988069,0.0,0.0,0.0,0.0,0.0,0.0,0.0,-0.5234662,-0.6621635,3.885769,1.386631,0.09976578,-3.72545,-0.07434336,-0.1128171,0.004507488,0.9908206,351.5872,346.8988,1.48907,0.345642,0.02707323,-0.9379752,0,0,0,1.118802,0.3155825,-2.829517,-0.05575526,0.07841899,0.9548536,0.974504,0.02570664,0.2228929,0.007842183,0.9889055,-0.1483389,-0.2242332,0.1463048,0.9634907,moving,-21.27334,16.36717,-3.341788,4.694977,-2.113876076763158,3.633903946462512,21.395809088649887,1.6228504910097445,20.580526079071305
107,05/15/2023 18:37:51.862255,290,True,True,True,True,Eyes,1.376626,0.1057363,-3.72331,-0.3470005,0.2620136,0.9005218,0.0,0.0,0.0,0.0,0.0,0.0,0.0,-0.5391086,-0.6565462,3.884557,1.386888,0.09956169,-3.725333,-0.07371661,-0.1108741,0.004650692,0.9910859,351.6577,347.1256,1.480595,0.3457353,0.02703288,-0.9379419,0,0,0,1.123062,0.312485,-2.829534,-0.05562896,0.07690115,0.953094,0.9753706,0.02556499,0.2190858,0.007128052,0.9890884,-0.1471503,-0.220457,0.1450877,0.9645456,moving,-21.07331,16.22276,-3.340376,4.612963,-2.08837184822346,3.614893472259912,21.195384748325875,1.6011424603291913,20.400346123298842
108,05/15/2023 18:37:51.882078,291,True,True,True,True,Eyes,1.376978,0.1055671,-3.723056,-0.344251,0.2601091,0.9021277,0.0,0.0,0.0,0.0,0.0,0.0,0.0,-0.554418,-0.6475998,3.883765,1.387077,0.09937572,-3.725122,-0.07266937,-0.1089657,0.004861734,0.9913738,351.777,347.3491,1.475024,0.3458282,0.02699227,-0.9379088,0,0,0,1.126815,0.3097559,-2.829549,-0.0558531,0.07654769,0.9513502,0.9762056,0.02547653,0.215345,0.006197359,0.9893911,-0.1451445,-0.2167582,0.1430255,0.9656913,moving,-20.8868,16.08377,-3.359938,4.600232,-2.06426294915955,3.596543953606811,20.953819140302038,1.638951961420157,20.178436781248603
109,05/15/2023 18:37:51.902299,292,True,True,True,True,Eyes,1.377328,0.1054008,-3.722804,-0.3414707,0.2582485,0.9037176,0.0,0.0,0.0,0.0,0.0,0.0,0.0,-0.5694758,-0.641278,3.882605,1.387328,0.09930801,-3.724998,-0.07199812,-0.1071166,0.005265671,0.9916223,351.856,347.5628,1.497368,0.3459218,0.02695153,-0.9378754,0,0,0,1.130909,0.3067781,-2.829565,-0.05560821,0.07516115,0.9496607,0.9769967,0.0258675,0.2116802,0.004981272,0.9895771,-0.1439179,-0.2131967,0.1416618,0.9666846,moving,-20.69913,15.94795,-3.351178,4.525258,-2.0403094292252506,3.578660253764638,20.770876994512484,1.6169179642217166,20.01398266128531
110,05/15/2023 18:37:51.912151,293,True,True,True,True,Eyes,1.377699,0.1052338,-3.722548,-0.3387776,0.2564297,0.9052478,0.0,0.0,0.0,0.0,0.0,0.0,0.0,-0.5841813,-0.6374397,3.880964,1.387593,0.09922028,-3.724813,-0.07155226,-0.1052806,0.005262319,0.9918512,351.9041,347.7775,1.476203,0.3460159,0.02691076,-0.937842,0,0,0,1.135094,0.3037348,-2.829582,-0.05538028,0.0731812,0.9479427,0.9777766,0.025505,0.2080923,0.004627261,0.9897052,-0.1430464,-0.2095984,0.1408303,0.9675926,moving,-20.51773,15.81584,-3.343508,4.41448,-2.017093549095625,3.561255062001133,20.61419198404061,1.5771392108470086,19.874583993571765
111,05/15/2023 18:37:51.932441,294,True,True,True,True,Eyes,1.378065,0.1050726,-3.722295,-0.3360811,0.2546546,0.9067528,0.0,0.0,0.0,0.0,0.0,0.0,0.0,-0.598964,-0.6310582,3.879605,1.387816,0.09902191,-3.724578,-0.07084651,-0.1034459,0.005486378,0.9920936,351.9847,347.991,1.478141,0.3461109,0.02686994,-0.937808,0,0,0,1.139144,0.30079,-2.829598,-0.05517787,0.07196533,0.9462098,0.9785377,0.02554356,0.2044786,0.003771558,0.9899013,-0.1417078,-0.2060333,0.1394377,0.9685594,moving,-20.33685,15.68699,-3.337402,4.349338,-1.9941622739912328,3.5443139439726634,20.43339387321176,1.5660002210443051,19.711018180424748
112,05/15/2023 18:37:51.952197,295,True,True,True,True,Eyes,1.378402,0.1049179,-3.722049,-0.3333748,0.2529259,0.9082344,0.0,0.0,0.0,0.0,0.0,0.0,0.0,-0.6111146,-0.6275436,3.878175,1.388021,0.09900475,-3.724394,-0.07051623,-0.101957,0.005828193,0.9922693,352.0243,348.1621,1.50126,0.3462065,0.02682921,-0.9377739,0,0,0,1.143328,0.2977472,-2.829615,-0.0541206,0.06978349,0.9445654,0.9791416,0.02594552,0.2015157,0.002812985,0.989987,-0.1411306,-0.2031596,0.1387537,0.9692644,moving,-20.15607,15.5615,-3.279281,4.225275,-1.971492568160937,3.527854945070853,20.330666595100762,1.482128643360437,19.62449941083212
113,05/15/2023 18:37:51.972134,296,True,True,True,True,Eyes,1.378735,0.104769,-3.721803,-0.3306579,0.2512111,0.9097023,0.0,0.0,0.0,0.0,0.0,0.0,0.0,-0.6212485,-0.6250265,3.876888,1.388342,0.09902287,-3.724186,-0.07013572,-0.1006805,0.00551643,0.9924283,352.0622,348.3138,1.450568,0.3463022,0.02678875,-0.9377397,0,0,0,1.147613,0.2946312,-2.829632,-0.05285844,0.06738369,0.9429243,0.9796659,0.02507193,0.1990627,0.003173281,0.9901011,-0.1403201,-0.2006102,0.1380985,0.9698888,moving,-19.97515,15.43731,-3.208528,4.087549,-1.948911044281695,3.511584042023615,20.246893293737806,1.3850525289496385,19.5565195885718
114,05/15/2023 18:37:51.981950,297,True,True,True,True,Eyes,1.379034,0.104617,-3.721566,-0.3279465,0.2495031,0.9111527,0.0,0.0,0.0,0.0,0.0,0.0,0.0,-0.6325502,-0.6195067,3.875784,1.38855,0.09902191,-3.723939,-0.06929802,-0.09921241,0.004944098,0.9926381,352.1492,348.4911,1.363127,0.3463977,0.02674865,-0.9377056,0,0,0,1.151304,0.2919472,-2.829647,-0.05248672,0.06621888,0.9413433,0.9802649,0.02356584,0.1962788,0.003935035,0.9903467,-0.1385567,-0.1976492,0.1365947,0.9707094,moving,-19.79506,15.31404,-3.191351,4.023849,-1.9264596241393817,3.49543813328113,20.078634549519595,1.3708275736915843,19.404382086636947
115,05/15/2023 18:37:51.992103,298,True,True,True,True,Eyes,1.379329,0.1044576,-3.72133,-0.3252475,0.2477945,0.9125853,0.0,0.0,0.0,0.0,0.0,0.0,0.0,-0.6422582,-0.6162384,3.874637,1.388719,0.0988121,-3.723807,-0.0688502,-0.09796898,0.004656007,0.9927942,352.1954,348.6389,1.31493,0.3464923,0.02670882,-0.9376718,0,0,0,1.155542,0.2888654,-2.829664,-0.05100963,0.0642008,0.9398199,0.9807608,0.02273528,0.1938849,0.004245453,0.990476,-0.1376204,-0.1951671,0.1357959,0.9713235,moving,-19.61619,15.19127,-3.106735,3.907907,-1.904134940109155,3.4793534362965106,19.996909385872456,1.2766773519618904,19.33807932253475
116,05/15/2023 18:37:52.012363,299,True,True,True,True,Eyes,1.379628,0.1042884,-3.721096,-0.3225882,0.2460094,0.9140111,0.0,0.0,0.0,0.0,0.0,0.0,0.0,-0.651511,-0.6090598,3.874055,1.388872,0.09848881,-3.723581,-0.06788552,-0.096771,0.004304555,0.9929796,352.3001,348.7832,1.254001,0.3465859,0.02666904,-0.9376383,0,0,0,1.159499,0.2859879,-2.82968,-0.04973209,0.06345235,0.9382575,0.9812337,0.02168737,0.1915988,0.004590034,0.9907461,-0.135651,-0.1927676,0.1339847,0.9720538,moving,-19.43981,15.06436,-3.034109,3.8689,-1.8816783796398049,3.4626518614399973,19.861655266190706,1.2219385765361739,19.21895941911635
117,05/15/2023 18:37:52.032248,300,True,True,True,True,Eyes,1.379923,0.1041192,-3.720866,-0.319933,0.2441845,0.9154326,0.0,0.0,0.0,0.0,0.0,0.0,0.0,-0.6610644,-0.6000246,3.873785,1.389135,0.0980978,-3.723429,-0.06671008,-0.09555264,0.004052284,0.9931782,352.4301,348.9296,1.202199,0.3466788,0.02662906,-0.9376051,0,0,0,1.163345,0.2831912,-2.829695,-0.0486626,0.06325786,0.9368193,0.9817065,0.02079793,0.189261,0.004699368,0.9910667,-0.1332844,-0.1903423,0.1317356,0.9728389,moving,-19.26392,14.93546,-2.973528,3.86298,-1.859106921527819,3.445659945818944,19.697123771354637,1.1899959528354616,19.07069123513201
118,05/15/2023 18:37:52.052197,301,True,True,True,True,Eyes,1.380227,0.1039467,-3.720637,-0.3172423,0.2422672,0.9168773,0.0,0.0,0.0,0.0,0.0,0.0,0.0,-0.6711882,-0.588777,3.873723,1.38931,0.09795284,-3.723318,-0.06520884,-0.09424554,0.003789097,0.9934039,352.5973,349.0869,1.145194,0.3467708,0.02658889,-0.9375722,0,0,0,1.167598,0.2800983,-2.829712,-0.04727304,0.06312396,0.9352256,0.9822068,0.01981949,0.1867535,0.00476307,0.9914669,-0.1302716,-0.1877418,0.1288432,0.9737312,moving,-19.08577,14.80104,-2.893679,3.861377,-1.8359530363076093,3.4278942928799907,19.541239405571236,1.1431060631634706,18.93135468533097
119,05/15/2023 18:37:52.062372,302,True,True,True,True,Eyes,1.380531,0.1037677,-3.720414,-0.3145548,0.2402963,0.9183208,0.0,0.0,0.0,0.0,0.0,0.0,0.0,-0.6814578,-0.5793139,3.873284,1.389486,0.09771824,-3.723185,-0.06398872,-0.09293491,0.003655774,0.9936074,352.7338,349.2427,1.106649,0.3468622,0.02654846,-0.9375395,0,0,0,1.171527,0.2772408,-2.829728,-0.04616076,0.06282136,0.9337662,0.9826995,0.01915838,0.1842137,0.004628774,0.9917842,-0.1278388,-0.1851494,0.1264798,0.9745371,moving,-18.90801,14.66376,-2.830114,3.848911,-1.812611125800851,3.4097141124204926,19.376782464579023,1.1082445601323996,18.783225267639853
120,05/15/2023 18:37:52.082186,303,True,True,True,True,Eyes,1.380852,0.1035881,-3.720188,-0.3118135,0.2382085,0.9197984,0.0,0.0,0.0,0.0,0.0,0.0,0.0,-0.6926041,-0.5657074,3.873343,1.389754,0.09741116,-3.723119,-0.06231126,-0.09154046,0.003809522,0.9938427,352.9256,349.4072,1.095891,0.3469531,0.02650764,-0.937507,0,0,0,1.175623,0.2742627,-2.829744,-0.04505163,0.06337884,0.9323086,0.9832116,0.01898014,0.1814789,0.003835876,0.9922056,-0.1245526,-0.1824284,0.1231577,0.9754754,moving,-18.72676,14.51941,-2.766533,3.889014,-1.7884798600765135,3.390548134943388,19.17639603805535,1.0977505013165914,18.599939607087194
121,05/15/2023 18:37:52.102124,304,True,True,True,True,Eyes,1.381173,0.1034019,-3.719966,-0.3090732,0.2360719,0.9212729,0.0,0.0,0.0,0.0,0.0,0.0,0.0,-0.704401,-0.5526857,3.872973,1.390003,0.09723854,-3.722902,-0.06072343,-0.09007217,0.004058365,0.994074,353.1081,349.5792,1.09705,0.3470439,0.02646645,-0.9374746,0,0,0,1.179732,0.2712747,-2.829761,-0.04404408,0.06366406,0.9307042,0.983741,0.01900761,0.1785839,0.002870351,0.9925924,-0.1214583,-0.1795697,0.1199961,0.9763993,moving,-18.54583,14.37253,-2.709409,3.913175,-1.7641804426428975,3.371015678532216,18.97868112133364,1.0896759864738677,18.4190189234902
122,05/15/2023 18:37:52.112288,305,True,True,True,True,Eyes,1.381546,0.1032197,-3.719737,-0.3063464,0.2338292,0.9227545,0.0,0.0,0.0,0.0,0.0,0.0,0.0,-0.7161326,-0.538796,3.872773,1.390318,0.09692287,-3.722786,-0.05903998,-0.08861607,0.0043123,0.9943052,353.3016,349.7498,1.098435,0.3471347,0.02642475,-0.9374422,0,0,0,1.183893,0.2682485,-2.829778,-0.04300043,0.0642074,0.9292235,0.9842572,0.01903927,0.1757137,0.00188829,0.9929914,-0.1181718,-0.1767321,0.1166432,0.9773229,moving,-18.36571,14.21963,-2.64951,3.952736,-1.739484456803039,3.350610780512405,18.772534587722458,1.0911925903404531,18.229851897732384
123,05/15/2023 18:37:52.132210,306,True,True,True,True,Eyes,1.381919,0.1030412,-3.719511,-0.3035917,0.2315681,0.9242339,0.0,0.0,0.0,0.0,0.0,0.0,0.0,-0.7289345,-0.5258539,3.87213,1.390697,0.09685135,-3.722612,-0.05741974,-0.08702323,0.004447563,0.9945402,353.4865,349.9368,1.086546,0.3472265,0.02638269,-0.9374094,0,0,0,1.18787,0.2653567,-2.829793,-0.04248536,0.06449321,0.9277365,0.9848144,0.01884026,0.1725854,0.00114714,0.9933664,-0.1149866,-0.1736069,0.1134384,0.9782599,moving,-18.18428,14.06598,-2.622008,3.976618,-1.7146362570755436,3.330109520306356,18.54668529330856,1.1141349533039313,18.020587244588587
124,05/15/2023 18:37:52.152287,307,True,True,True,True,Eyes,1.382311,0.1028647,-3.719279,-0.300734,0.2292618,0.9257419,0.0,0.0,0.0,0.0,0.0,0.0,0.0,-0.7428045,-0.5149341,3.870935,1.391046,0.09678078,-3.722456,-0.05597319,-0.0852652,0.004244536,0.9947758,353.6479,350.1444,1.037166,0.3473193,0.0263404,-0.9373762,0,0,0,1.192096,0.2622834,-2.829811,-0.04206967,0.06418818,0.9262272,0.9854237,0.01798985,0.1691644,0.001100406,0.993698,-0.1120854,-0.1701146,0.1106377,0.9791937,moving,-17.99677,13.90956,-2.600614,3.964299,-1.6891354006763182,3.309263214576813,18.32893439167856,1.122437132854234,17.819207522550336
125,05/15/2023 18:37:52.162049,308,True,True,True,True,Eyes,1.382701,0.1026769,-3.719049,-0.2978559,0.2269375,0.9272439,0.0,0.0,0.0,0.0,0.0,0.0,0.0,-0.7574629,-0.5035562,3.869429,1.391326,0.09667301,-3.722184,-0.05453633,-0.08341606,0.004265076,0.9950123,353.8105,350.3609,1.013566,0.3474135,0.02629794,-0.9373425,0,0,0,1.196085,0.2593825,-2.829827,-0.04193965,0.06413469,0.9246765,0.9860471,0.01758602,0.1655347,0.0006108023,0.9940152,-0.1092402,-0.1664651,0.1078171,0.9801351,moving,-17.80843,13.75247,-2.596929,3.967628,-1.663523360382552,3.288327851527521,18.086815519542544,1.1544240034685644,17.59331915999097
126,05/15/2023 18:37:52.182041,309,True,True,True,True,Eyes,1.383105,0.102482,-3.718819,-0.2948986,0.2245282,0.9287744,0.0,0.0,0.0,0.0,0.0,0.0,0.0,-0.7718688,-0.4915505,3.868041,1.391618,0.09623814,-3.721999,-0.05315622,-0.08162279,0.004635753,0.995234,353.97,350.5686,1.031635,0.3475088,0.02625506,-0.9373083,0,0,0,1.200209,0.2563837,-2.829843,-0.0414761,0.06426833,0.9232415,0.9866325,0.01790483,0.1619748,-0.0005497932,0.9943059,-0.1065625,-0.1629604,0.105049,0.9810243,moving,-17.61536,13.59033,-2.572251,3.982028,-1.637184483451911,3.266707899301977,17.84977858991772,1.17729870331705,17.372739446987044
127,05/15/2023 18:37:52.202128,310,True,True,True,True,Eyes,1.383511,0.1022866,-3.718589,-0.2918948,0.2220714,0.9303128,0.0,0.0,0.0,0.0,0.0,0.0,0.0,-0.78522,-0.4779119,3.867058,1.392088,0.09590149,-3.721827,-0.05144759,-0.07995754,0.00466402,0.9954588,354.164,350.764,1.008697,0.3476055,0.0262116,-0.9372737,0,0,0,1.204293,0.2534135,-2.829859,-0.04106396,0.06484219,0.9218427,0.98717,0.01751292,0.158709,-0.001058441,0.9946628,-0.1031738,-0.1596687,0.1016821,0.9819199,moving,-17.41976,13.42562,-2.550584,4.023544,-1.610466759753738,3.2447406258515006,17.59236845989624,1.220801016133807,17.13187604894364
128,05/15/2023 18:37:52.212295,311,True,True,True,True,Eyes,1.383873,0.1020988,-3.718367,-0.2887754,0.2196153,0.931868,0.0,0.0,0.0,0.0,0.0,0.0,0.0,-0.8015387,-0.4636733,3.865372,1.392488,0.09573174,-3.72161,-0.04950124,-0.07786593,0.004191627,0.9957254,354.3802,351.0117,0.9244436,0.3477034,0.02616762,-0.9372386,0,0,0,1.208389,0.250435,-2.829876,-0.04146859,0.06556866,0.9203234,0.9878386,0.01605634,0.1546512,-0.0006384924,0.9950641,-0.09923206,-0.1554811,0.09792651,0.9829731,moving,-17.21762,13.26104,-2.579929,4.075166,-1.5832823312304845,3.222849196081945,17.281269599058888,1.3113918242121465,16.837206894473617
129,05/15/2023 18:37:52.232431,312,True,True,True,True,Eyes,1.384237,0.1019005,-3.718149,-0.2856199,0.217171,0.9334121,0.0,0.0,0.0,0.0,0.0,0.0,0.0,-0.8176402,-0.4540271,3.863058,1.39278,0.09576893,-3.721409,-0.04812691,-0.07579371,0.00371355,0.9959546,354.5313,351.2558,0.8456972,0.3478014,0.02612336,-0.9372034,0,0,0,1.212414,0.2475078,-2.829892,-0.04178184,0.0650839,0.9189008,0.9884831,0.01469249,0.1506167,-0.0001016222,0.99534,-0.09642734,-0.1513315,0.09530149,0.9838783,moving,-17.01387,13.09762,-2.60341,4.051379,-1.5560683766382306,3.201138584547042,17.014577092648555,1.34901194957483,16.586046910470422
130,05/15/2023 18:37:52.252388,313,True,True,True,True,Eyes,1.384593,0.1017055,-3.717932,-0.282428,0.2147032,0.9349529,0.0,0.0,0.0,0.0,0.0,0.0,0.0,-0.8335611,-0.4451798,3.860676,1.393146,0.09533691,-3.721273,-0.04695972,-0.07376355,0.003388989,0.9961638,354.6604,351.4935,0.7872359,0.3478995,0.02607858,-0.9371682,0,0,0,1.216612,0.2444548,-2.829909,-0.04185733,0.06458411,0.9176102,0.9890949,0.01367981,0.1466428,0.0001758486,0.9955666,-0.09405912,-0.1472793,0.09305918,0.9847074,moving,-16.80837,12.93321,-2.61177,4.026006,-1.5286519841030772,3.179300956708284,16.75952668357958,1.374792372213387,16.346274851042637
131,05/15/2023 18:37:52.261994,314,True,True,True,True,Eyes,1.384954,0.1015078,-3.717715,-0.2791927,0.2122567,0.9364821,0.0,0.0,0.0,0.0,0.0,0.0,0.0,-0.8496301,-0.4334968,3.858441,1.393522,0.0952549,-3.721073,-0.0453749,-0.07171343,0.003075527,0.9963879,354.8375,351.7339,0.7270047,0.3479975,0.02603342,-0.9371331,0,0,0,1.220651,0.2415184,-2.829925,-0.04213732,0.06462076,0.916225,0.9896954,0.01263682,0.1426298,0.0003791414,0.9958633,-0.0908631,-0.143188,0.08998087,0.9855967,moving,-16.60086,12.77051,-2.633186,4.034354,-1.5012185427825675,3.157726704278452,16.474718165316578,1.4317212507340158,16.076596562497855
132,05/15/2023 18:37:52.282300,315,True,True,True,True,Eyes,1.385332,0.1013051,-3.717498,-0.2758874,0.2098117,0.9380113,0.0,0.0,0.0,0.0,0.0,0.0,0.0,-0.8667366,-0.4256277,3.85546,1.393963,0.09501076,-3.72086,-0.04433655,-0.06954634,0.00283927,0.996589,354.9529,351.9863,0.6802368,0.3480955,0.02598785,-0.9370979,0,0,0,1.224742,0.2385434,-2.829942,-0.04261065,0.06379679,0.9149243,0.9903105,0.01182606,0.1383666,0.0005077273,0.9960524,-0.08876553,-0.1388701,0.08797569,0.9863952,moving,-16.38964,12.60822,-2.666502,3.988723,-1.4735457974254418,3.136243812116374,16.20556216550518,1.4662418855822652,15.821938999493078
133,05/15/2023 18:37:52.302209,316,True,True,True,True,Eyes,1.385713,0.1011024,-3.717285,-0.2725215,0.2073488,0.9395416,0.0,0.0,0.0,0.0,0.0,0.0,0.0,-0.8842835,-0.4145222,3.852674,1.394436,0.09471703,-3.72068,-0.04284764,-0.06731522,0.002508492,0.9968081,355.1191,352.2469,0.6193086,0.3481939,0.02594178,-0.9370626,0,0,0,1.228902,0.2355178,-2.829958,-0.04317141,0.06376702,0.9136095,0.9909247,0.01076957,0.1339858,0.0007676221,0.9963155,-0.08575949,-0.1344156,0.08508406,0.9872655,moving,-16.17522,12.4452,-2.705424,3.992587,-1.4455846351716637,3.1146839504161683,15.902266216152494,1.535548432853766,15.533268443479821
134,05/15/2023 18:37:52.312189,317,True,True,True,True,Eyes,1.386103,0.1009058,-3.717072,-0.2690678,0.2049023,0.9410726,0.0,0.0,0.0,0.0,0.0,0.0,0.0,-0.9033512,-0.4032004,3.849492,1.394868,0.09453773,-3.720566,-0.04129254,-0.06487517,0.002105872,0.9970366,355.2926,352.5317,0.5494365,0.3482927,0.02589525,-0.9370272,0,0,0,1.232916,0.232599,-2.829974,-0.04421195,0.06382567,0.9123678,0.9915736,0.009556985,0.1291919,0.001158457,0.996581,-0.08261358,-0.1295397,0.08206711,0.9881724,moving,-15.95608,12.28345,-2.774296,4.001668,-1.4173756585558186,3.093347899125473,15.567509194414502,1.6328742201032218,15.212887502142003
135,05/15/2023 18:37:52.332443,318,True,True,True,True,Eyes,1.386495,0.1007049,-3.71686,-0.2655609,0.202479,0.942592,0.0,0.0,0.0,0.0,0.0,0.0,0.0,-0.9226384,-0.394051,3.845816,1.395233,0.09451199,-3.720381,-0.04000901,-0.06240088,0.001726064,0.9972475,355.4355,352.8197,0.4848805,0.3483921,0.02584847,-0.9369915,0,0,0,1.236967,0.2296532,-2.82999,-0.04519954,0.06322014,0.9110802,0.9922063,0.008435819,0.1243201,0.00155057,0.9967926,-0.08001319,-0.1245963,0.07958236,0.9890108,moving,-15.73437,12.12352,-2.840168,3.969409,-1.389117152967814,3.07229592964727,15.256145365626436,1.7059778491148492,14.915247543407606
136,05/15/2023 18:37:52.352270,319,True,True,True,True,Eyes,1.386882,0.1005015,-3.716647,-0.2620226,0.2000427,0.9441012,0.0,0.0,0.0,0.0,0.0,0.0,0.0,-0.9415666,-0.3865362,3.841918,1.39561,0.09422207,-3.720175,-0.03901523,-0.05998237,0.001485542,0.9974356,355.5464,353.1001,0.439295,0.3484919,0.02580134,-0.9369557,0,0,0,1.241222,0.226559,-2.830008,-0.0458532,0.06222781,0.909819,0.9927998,0.007643919,0.1195413,0.001716986,0.9969512,-0.07800856,-0.1197731,0.07765213,0.9897599,moving,-15.51128,11.96329,-2.88516,3.912698,-1.3607353885937905,3.051212896322112,14.974342650175467,1.751007418522227,14.646717943315293
137,05/15/2023 18:37:52.362154,320,True,True,True,True,Eyes,1.387271,0.1002965,-3.716438,-0.2584487,0.197595,0.9456006,0.0,0.0,0.0,0.0,0.0,0.0,0.0,-0.9599638,-0.3751428,3.83839,1.395934,0.09398937,-3.71995,-0.03748181,-0.05761831,0.001193633,0.9976342,355.719,353.3747,0.3850101,0.3485922,0.02575385,-0.9369197,0,0,0,1.24502,0.2237971,-2.830023,-0.04681233,0.0624735,0.908572,0.9933574,0.006700896,0.1148745,0.001937658,0.9971874,-0.07492382,-0.1150534,0.07464872,0.9905505,moving,-15.28656,11.80283,-2.94944,3.933472,-1.3322174465086087,3.030111046385336,14.633226753746555,1.8524226839565563,14.31911784695585
138,05/15/2023 18:37:52.382063,321,True,True,True,True,Eyes,1.387709,0.1000918,-3.716227,-0.2550065,0.1950916,0.9470538,0.0,0.0,0.0,0.0,0.0,0.0,0.0,-0.9774706,-0.3645041,3.835039,1.39633,0.09377003,-3.719852,-0.03605793,-0.05537912,0.000956803,0.9978137,355.8796,353.6344,0.3391032,0.3486928,0.02570598,-0.9368836,0,0,0,1.249108,0.2208243,-2.830039,-0.04729283,0.06229341,0.907451,0.9938645,0.005903136,0.110447,0.002084292,0.9973978,-0.07206417,-0.110585,0.07185221,0.991266,moving,-15.0702,11.64001,-2.983335,3.926999,-1.3041300602361323,3.008596888938352,14.33816041946616,1.913946620815185,14.036951839913412
139,05/15/2023 18:37:52.402072,322,True,True,True,True,Eyes,1.388146,0.09989246,-3.716023,-0.2515289,0.1925914,0.9484944,0.0,0.0,0.0,0.0,0.0,0.0,0.0,-0.9950575,-0.352821,3.831587,1.396719,0.09359264,-3.719691,-0.03450332,-0.05312966,0.0007679301,0.9979912,356.0557,353.895,0.2985935,0.3487948,0.02565777,-0.9368469,0,0,0,1.253333,0.2177515,-2.830056,-0.04763481,0.06221714,0.9062468,0.9943533,0.005199075,0.105993,0.002133526,0.9976178,-0.06894961,-0.1060989,0.06878641,0.9919736,moving,-14.85227,11.47784,-3.008854,3.927401,-1.275977466053146,2.9871898886958816,14.045484386156893,1.9715116067939815,13.756878917474179
140,05/15/2023 18:37:52.412359,323,True,True,True,True,Eyes,1.388629,0.09969311,-3.715815,-0.2481505,0.1901148,0.949883,0.0,0.0,0.0,0.0,0.0,0.0,0.0,-1.011982,-0.3436802,3.828095,1.397086,0.09354782,-3.719669,-0.03323079,-0.05095534,0.000476844,0.9981478,356.1991,354.1469,0.2491261,0.3488981,0.02560938,-0.9368098,0,0,0,1.257462,0.2147493,-2.830073,-0.04791015,0.06153615,0.9052544,0.9948066,0.004338495,0.1016902,0.00243465,0.9977909,-0.06638708,-0.1017536,0.06628989,0.9925985,moving,-14.64091,11.31795,-3.029525,3.888792,-1.2484761499535812,2.9660532151224004,13.784652705352753,2.0058868042262654,13.50783047408758
141,05/15/2023 18:37:52.432448,324,True,True,True,True,Eyes,1.389108,0.09949341,-3.715611,-0.2447334,0.1876568,0.9512573,0.0,0.0,0.0,0.0,0.0,0.0,0.0,-1.028977,-0.3365114,3.824132,1.397462,0.09336472,-3.719464,-0.03224654,-0.04877603,0.000215693,0.9982892,356.3098,354.3989,0.2053367,0.3490034,0.02556083,-0.9367719,0,0,0,1.261472,0.2118328,-2.830089,-0.04831928,0.0605733,0.904164,0.9952418,0.003576364,0.0973713,0.002715075,0.9979203,-0.06440378,-0.09739912,0.06436169,0.9931622,moving,-14.4278,11.15958,-3.059025,3.83273,-1.2209623511286924,2.9451503325745203,13.525227388961895,2.0411447688008155,13.259736717011991
142,05/15/2023 18:37:52.452367,325,True,True,True,True,Eyes,1.389596,0.09929748,-3.715409,-0.2413781,0.1852306,0.9525892,0.0,0.0,0.0,0.0,0.0,0.0,0.0,-1.045964,-0.3288318,3.820222,1.39784,0.09317493,-3.719359,-0.03118896,-0.04659405,-5.51609e-05,0.9984269,356.429,354.6512,0.1605276,0.3491105,0.02551212,-0.9367332,0,0,0,1.265621,0.2088159,-2.830105,-0.04858139,0.0596389,0.9031658,0.995658,0.002796293,0.09304504,0.003016589,0.9980545,-0.06227466,-0.09303811,0.06228494,0.9937125,moving,-14.21899,11.00383,-3.078979,3.777937,-1.1939601557253363,2.9245864897014435,13.278304663155232,2.0691793389402946,13.023645694119253
143,05/15/2023 18:37:52.461862,326,True,True,True,True,Eyes,1.390082,0.09909751,-3.715211,-0.2379817,0.1828308,0.9539065,0.0,0.0,0.0,0.0,0.0,0.0,0.0,-1.063644,-0.3227115,3.815843,1.398161,0.09308434,-3.719223,-0.03033752,-0.04431495,-0.0002846042,0.9985568,356.525,354.9142,0.1217153,0.3492194,0.02546336,-0.936694,0,0,0,1.269598,0.205924,-2.830121,-0.049117,0.05836697,0.902189,0.9960722,0.002120425,0.0885193,0.003257196,0.9981591,-0.06056225,-0.08848467,0.0606127,0.9942316,moving,-14.00826,10.85003,-3.116222,3.701583,-1.1669656325184792,2.904319735186264,13.028307115863251,2.1059983617250775,12.784032837217758
144,05/15/2023 18:37:52.482058,327,True,True,True,True,Eyes,1.390599,0.09890105,-3.715014,-0.2346479,0.180434,0.9551879,0.0,0.0,0.0,0.0,0.0,0.0,0.0,-1.081,-0.3156035,3.811597,1.39857,0.09280682,-3.719116,-0.02943157,-0.04209548,-0.0003473836,0.99868,356.6282,355.1697,0.1023942,0.3493299,0.02541445,-0.9366541,0,0,0,1.273663,0.2029676,-2.830138,-0.04950541,0.05734033,0.9012669,0.9964557,0.001784021,0.08410024,0.003171723,0.9982674,-0.05875619,-0.08405927,0.05881468,0.9947235,moving,-13.80177,10.69707,-3.144023,3.640361,-1.1403436314999111,2.884136673383736,12.782202980186554,2.141636347263264,12.547996697806262
145,05/15/2023 18:37:52.502287,328,True,True,True,True,Eyes,1.391111,0.09870782,-3.714822,-0.231273,0.1780623,0.9564552,0.0,0.0,0.0,0.0,0.0,0.0,0.0,-1.097629,-0.3076677,3.807477,1.398913,0.09271336,-3.718974,-0.02831984,-0.03994907,-0.0006202834,0.9988002,356.7541,355.4174,0.0587436,0.3494424,0.02536548,-0.9366134,0,0,0,1.277791,0.1999661,-2.830154,-0.04966542,0.05641961,0.9002916,0.9968075,0.001023625,0.07983743,0.00350178,0.9983952,-0.05652216,-0.07976714,0.05662128,0.9952042,moving,-13.59333,10.54597,-3.157574,3.585931,-1.113720305556861,2.8642380248100485,12.543809077511384,2.167528240814267,12.319413667302072
146,05/15/2023 18:37:52.512871,329,True,True,True,True,Eyes,1.391664,0.09851455,-3.71463,-0.227998,0.1757194,0.957674,0.0,0.0,0.0,0.0,0.0,0.0,0.0,-1.114463,-0.3012874,3.803153,1.399274,0.09261799,-3.718901,-0.02737959,-0.03777045,-0.0009909269,0.9989108,356.8601,355.669,0.005083101,0.3495566,0.02531654,-0.9365721,0,0,0,1.281836,0.197024,-2.83017,-0.04998329,0.05522734,0.8994368,0.9971449,8.858484e-05,0.07551286,0.004047973,0.9984987,-0.05462468,-0.07540429,0.05477439,0.9956475,moving,-13.39139,10.3973,-3.180756,3.513672,-1.0877545089879836,2.844631876862623,12.314275501398365,2.19733245726408,12.099098078620042
147,05/15/2023 18:37:52.536260,330,True,True,True,True,Eyes,1.39221,0.09831852,-3.714443,-0.2246981,0.1733878,0.9588782,0.0,0.0,0.0,0.0,0.0,0.0,0.0,-1.130548,-0.296581,3.798724,1.399483,0.09244156,-3.718778,-0.02672178,-0.0356763,-0.001207579,0.9990054,356.9346,355.9102,359.9709,0.3496732,0.02526762,-0.9365299,0,0,0,1.285955,0.194029,-2.830187,-0.04989281,0.05358644,0.8985779,0.9974515,-0.0005060873,0.07134631,0.004319429,0.998569,-0.05330423,-0.07121721,0.05347656,0.9960263,moving,-13.1884,10.24968,-3.178039,3.412776,-1.0617916665369105,2.825185840746282,12.122317585987302,2.1963071214293883,11.915929886120344
148,05/15/2023 18:37:52.552394,331,True,True,True,True,Eyes,1.392775,0.09812811,-3.71426,-0.2213738,0.1710385,0.9600726,0.0,0.0,0.0,0.0,0.0,0.0,0.0,-1.145826,-0.2885464,3.794814,1.399824,0.09219933,-3.718707,-0.02566692,-0.03370902,-0.001304618,0.9991013,357.0551,356.1365,359.9497,0.3497918,0.02521865,-0.9364868,0,0,0,1.290162,0.1909694,-2.830204,-0.04959193,0.05267315,0.8977665,0.9977241,-0.0008764756,0.06742449,0.004337303,0.998679,-0.05119975,-0.06729048,0.05137566,0.9964099,moving,-12.98433,10.10136,-3.161762,3.35777,-1.0356971533292034,2.8056486197515302,11.914648471638767,2.196585930660759,11.717122887473664
149,05/15/2023 18:37:52.562391,332,True,True,True,True,Eyes,1.393334,0.0979391,-3.714082,-0.2180404,0.1687036,0.9612479,0.0,0.0,0.0,0.0,0.0,0.0,0.0,-1.160251,-0.280365,3.79104,1.400061,0.09216595,-3.718616,-0.02457708,-0.03184023,-0.00135911,0.9991899,357.1799,356.3513,359.934,0.3499126,0.02516976,-0.936443,0,0,0,1.294065,0.1881312,-2.83022,-0.04930407,0.0518383,0.8969805,0.9979688,-0.001150938,0.0636957,0.004281098,0.9987882,-0.04902779,-0.06356204,0.04920088,0.9967643,moving,-12.78017,9.954304,-3.146194,3.307559,-1.0096917409114483,2.786293882709601,11.704388606996993,2.199172395605733,11.515453422284354
150,05/15/2023 18:37:52.582183,333,True,True,True,True,Eyes,1.393877,0.09775223,-3.713908,-0.2146135,0.1663301,0.962432,0.0,0.0,0.0,0.0,0.0,0.0,0.0,-1.174267,-0.2725967,3.787392,1.400445,0.09203053,-3.71858,-0.02357744,-0.03004575,-0.001344868,0.9992696,357.2946,356.5573,359.9271,0.3500353,0.02512098,-0.9363984,0,0,0,1.298132,0.1851736,-2.830236,-0.04884726,0.0508331,0.8962864,0.9981909,-0.001270967,0.06011105,0.004104577,0.9988846,-0.04703961,-0.05998421,0.04720124,0.9970827,moving,-12.57076,9.805156,-3.119512,3.246067,-0.9831454611514592,2.766684307447445,11.504248661578252,2.1894907522596734,11.32377056293047
151,05/15/2023 18:37:52.602104,334,True,True,True,True,Eyes,1.394414,0.0975591,-3.713741,-0.2111635,0.1639647,0.9636003,0.0,0.0,0.0,0.0,0.0,0.0,0.0,-1.189559,-0.2643026,3.783188,1.400771,0.0919199,-3.718442,-0.02248065,-0.0280706,-0.001401033,0.9993522,357.4202,356.7841,359.9118,0.350159,0.02507235,-0.9363534,0,0,0,1.302184,0.1822271,-2.830252,-0.0486826,0.04997663,0.8954824,0.9984202,-0.001538159,0.0561679,0.004062342,0.9989854,-0.04485352,-0.05604184,0.04501082,0.9974134,moving,-12.36042,9.656866,-3.111803,3.194349,-0.9565963489812032,2.747206195669711,11.282776359920373,2.201102541014392,11.110538358542017
152,05/15/2023 18:37:52.612275,335,True,True,True,True,Eyes,1.394963,0.09736508,-3.713573,-0.207692,0.1615156,0.9647678,0.0,0.0,0.0,0.0,0.0,0.0,0.0,-1.205217,-0.2556859,3.778897,1.401112,0.09159184,-3.718399,-0.02138659,-0.02604875,-0.001404375,0.999431,357.5457,357.0161,359.9029,0.3502838,0.0250237,-0.9363081,0,0,0,1.30621,0.1792998,-2.830268,-0.04862496,0.04935311,0.8948036,0.998639,-0.001692962,0.05212799,0.003921344,0.9990813,-0.04267567,-0.05200776,0.042822,0.9977282,moving,-12.14903,9.503976,-3.110479,3.156964,-0.9296226024907812,2.7270760198619324,11.04445406109985,2.2228221480865433,10.880449130682285
153,05/15/2023 18:37:52.636532,336,True,True,True,True,Eyes,1.395506,0.09717111,-3.713411,-0.2041809,0.1590549,0.9659253,0.0,0.0,0.0,0.0,0.0,0.0,0.0,-1.222458,-0.2431667,3.774109,1.401385,0.09141159,-3.718224,-0.01976839,-0.02380919,-0.00136135,0.9995202,357.7315,357.2729,359.8979,0.3504096,0.02497501,-0.9362623,0,0,0,1.310318,0.1763121,-2.830285,-0.04880542,0.04946913,0.8939287,0.9988625,-0.001780056,0.04764926,0.00366273,0.9992148,-0.03945299,-0.04754156,0.03958264,0.9980847,moving,-11.93569,9.350746,-3.125049,3.167461,-0.9024810364628636,2.706914011814944,10.763847277907002,2.2697823421790777,10.608098188983773
154,05/15/2023 18:37:52.652267,337,True,True,True,True,Eyes,1.39601,0.09697796,-3.713257,-0.2003024,0.1563752,0.9671742,0.0,0.0,0.0,0.0,0.0,0.0,0.0,-1.239768,-0.2327463,3.769214,1.401731,0.09124565,-3.718196,-0.01837448,-0.02155957,-0.00146401,0.9995977,357.8912,357.5311,359.8776,0.3505362,0.02492628,-0.9362162,0,0,0,1.314486,0.1732813,-2.830301,-0.04902199,0.04909651,0.8932457,0.9990661,-0.002134551,0.04315544,0.003719131,0.9993205,-0.03667104,-0.04304782,0.0367973,0.9983951,moving,-11.70058,9.184253,-3.141284,3.146049,-0.8727494437905566,2.6850357341496185,10.474800979552404,2.3149043747002622,10.327616653108825
155,05/15/2023 18:37:52.661917,338,True,True,True,True,Eyes,1.39651,0.0967851,-3.713103,-0.1964197,0.1537034,0.9683979,0.0,0.0,0.0,0.0,0.0,0.0,0.0,-1.255947,-0.2237202,3.764433,1.401964,0.09110546,-3.718146,-0.01717935,-0.01944399,-0.001514321,0.9996623,358.0283,357.7737,359.8647,0.3506626,0.02487753,-0.9361702,0,0,0,1.318857,0.1701023,-2.830319,-0.04866871,0.04820117,0.8925757,0.9992394,-0.002359547,0.03892693,0.003695688,0.9994051,-0.0342882,-0.03882286,0.03440598,0.9986536,moving,-11.46573,9.018714,-3.121027,3.091103,-0.8431089943770483,2.6632923197443543,10.23575304144888,2.3177429578109057,10.096637594770625
156,05/15/2023 18:37:52.682043,339,True,True,True,True,Eyes,1.396973,0.09660087,-3.712955,-0.1923275,0.1508697,0.9696641,0.0,0.0,0.0,0.0,0.0,0.0,0.0,-1.271196,-0.2145635,3.75982,1.402316,0.09094238,-3.717991,-0.01592557,-0.01746106,-0.001682574,0.9997194,358.1719,358.0013,359.839,0.3507887,0.02482879,-0.9361242,0,0,0,1.322593,0.1673858,-2.830334,-0.04885116,0.04787935,0.8918837,0.9993846,-0.00280805,0.03496581,0.003920358,0.999487,-0.03178344,-0.03485858,0.03190096,0.998883,moving,-11.2187,8.84372,-3.13513,3.072882,-0.8118654895698031,2.640296215897276,9.932103259992013,2.3631945425699157,9.801367246515163
157,05/15/2023 18:37:52.702183,340,True,True,True,True,Eyes,1.397434,0.09640787,-3.712806,-0.188232,0.1480739,0.970898,0.0,0.0,0.0,0.0,0.0,0.0,0.0,-1.285,-0.2075587,3.755579,1.402656,0.09099674,-3.717923,-0.0148237,-0.01565388,-0.002139283,0.9997653,358.2976,358.2092,359.7814,0.3509137,0.02478026,-0.9360787,0,0,0,1.326831,0.1643038,-2.830351,-0.04822963,0.04666606,0.8912934,0.9995006,-0.003813464,0.0313639,0.004741657,0.9995514,-0.02957347,-0.03123695,0.02970742,0.9990703,moving,-10.97205,8.671492,-3.097366,2.997138,-0.7808590029498682,2.6176943978354013,9.706129064522685,2.347377710255822,9.583109745868576
158,05/15/2023 18:37:52.712268,341,True,True,True,True,Eyes,1.397817,0.09622163,-3.712658,-0.1839778,0.1451612,0.9721524,0.0,0.0,0.0,0.0,0.0,0.0,0.0,-1.300812,-0.200719,3.750457,1.403019,0.09061241,-3.717749,-0.01387639,-0.01359007,-0.00238675,0.9998087,358.4063,358.446,359.7481,0.3510376,0.02473171,-0.9360335,0,0,0,1.330861,0.1613735,-2.830367,-0.04826909,0.04579592,0.890636,0.9996193,-0.004395425,0.02724108,0.00514975,0.9996035,-0.02768259,-0.02710855,0.02781234,0.9992455,moving,-10.71637,8.492625,-3.102179,2.943519,-0.7486921017015328,2.594217155048635,9.421702711491008,2.3792671895667725,9.306484973367748
159,05/15/2023 18:37:52.732413,342,True,True,True,True,Eyes,1.398203,0.09603671,-3.712513,-0.1797413,0.1422914,0.9733685,0.0,0.0,0.0,0.0,0.0,0.0,0.0,-1.316139,-0.1919527,3.745462,1.403299,0.09060574,-3.717539,-0.01263672,-0.01157945,-0.002582671,0.9998499,358.5486,358.6765,359.7208,0.3511589,0.02468333,-0.9359893,0,0,0,1.335102,0.1582891,-2.830384,-0.04790673,0.04492254,0.8899221,0.9997185,-0.004871915,0.0232207,0.005457222,0.9996673,-0.02520983,-0.02309006,0.02532945,0.9994125,moving,-10.46233,8.316846,-3.081401,2.889791,-0.7168783984617749,2.571169473090888,9.1613884797047,2.3858932940504674,9.053549695546769
160,05/15/2023 18:37:52.752795,343,True,True,True,True,Eyes,1.405871,0.09162617,-3.708882,-0.06959151,0.06771657,0.9952745,0.8698434,1.345338,0.150529,-2.843149,0.4159395,-0.3235966,-0.8498704,-0.04166526,0.03925362,0.8764358,1.403718,0.09047127,-3.71745,-0.01171795,-0.009708405,-0.002861677,0.9998802,358.6541,358.8911,359.6851,0.3512779,0.02463513,-0.9359459,0,0,0,1.339098,0.1553833,-2.8304,-0.04768199,0.04377082,0.8894142,0.9997951,-0.005495143,0.01948163,0.005950195,0.999709,-0.02337753,-0.01934746,0.02348866,0.9995369,moving,-3.999721,3.892296,-3.068721,2.817429,0.0888727324859438,1.9916296137325336,1.4220056496684532,3.2637927026381806,1.4168636958727634
161,05/15/2023 18:37:52.762286,344,True,True,True,True,Eyes,1.405883,0.09161392,-3.708878,-0.0694349,0.06763199,0.9952912,0.8699288,1.34548,0.1504489,-2.843045,0.4254599,-0.3289698,-0.8430675,-0.04525781,0.04073181,0.8761053,1.404014,0.09051704,-3.71726,-0.01074077,-0.00780493,-0.003839609,0.9999046,358.7658,359.1102,359.5695,0.3515852,0.02448106,-0.935834,0,0,0,1.342943,0.1525875,-2.830415,-0.0476124,0.04257943,0.8888167,0.9998487,-0.007510823,0.01569092,0.00784615,0.9997398,-0.02141955,-0.01552594,0.02153942,0.9996474,moving,-3.990683,3.887385,-3.066307,2.7427,0.0899029560911505,1.991002655364146,1.4713173480255712,3.2444892024572214,1.4660806735757494
162,05/15/2023 18:37:52.782363,345,True,True,True,True,Eyes,1.405892,0.09159434,-3.708866,-0.06931023,0.06737184,0.9953176,0.8675572,1.345762,0.1500432,-2.845371,-0.08522537,0.02903595,-0.9959385,-0.04872766,0.04249654,0.8734049,1.404276,0.09022999,-3.717159,-0.009639773,-0.00587678,-0.004591182,0.9999258,358.8923,359.3315,359.4803,0.3518621,0.02434209,-0.9357332,0,0,0,1.34704,0.1496077,-2.830432,-0.047268,0.0417848,0.8883168,0.9998888,-0.00906838,0.01184124,0.009294984,0.999772,-0.01922415,-0.01166418,0.01933208,0.9997451,moving,-3.983435,3.872375,-3.045879,2.693104,0.0915670356454579,1.9889083428119765,1.5065494829500292,3.215502938917934,1.5012608359918262
163,05/15/2023 18:37:52.804696,346,True,True,True,True,Eyes,1.405919,0.09155895,-3.708849,-0.0690411,0.06700719,0.995361,0.8686833,1.345944,0.149767,-2.844196,-0.3426876,0.2066701,-0.9164348,-0.05182922,0.04436003,0.8740824,1.404397,0.09006882,-3.716947,-0.00844675,-0.00410676,-0.005286723,0.9999419,359.0296,359.5345,359.3981,0.3521116,0.02421653,-0.9356424,0,0,0,1.351085,0.1466667,-2.830448,-0.04654172,0.04108257,0.8877329,0.9999104,-0.01050345,0.008302502,0.01064221,0.9998014,-0.01684909,-0.008123785,0.01693594,0.9998236,moving,-3.967845,3.851312,-3.001133,2.649648,0.094297049961879,1.9860168290392783,1.5422478594052258,3.165769025888923,1.5369227873663536
164,05/15/2023 18:37:52.812409,347,True,True,True,True,Eyes,1.405916,0.09151223,-3.708827,-0.06857139,0.06644484,0.9954311,0.8719199,1.346127,0.1494468,-2.84089,-0.60666,0.3861772,-0.6948603,-0.0553413,0.04686972,0.8769099,1.404797,0.08967972,-3.7168,-0.006994205,-0.002239168,-0.00559613,0.9999574,359.1971,359.7479,359.3605,0.3523369,0.02410264,-0.9355603,0,0,0,1.355229,0.1436527,-2.830465,-0.0461278,0.04103285,0.8872136,0.9999273,-0.01116046,0.004556358,0.01122311,0.9998395,-0.01396275,-0.004399806,0.01401287,0.9998921,moving,-3.940659,3.818818,-2.976228,2.647993,0.0987371084066411,1.98158347601668,1.516891009395863,3.1463490066383195,1.511713790160257
165,05/15/2023 18:37:52.851985,348,True,True,True,True,Eyes,1.405936,0.09145056,-3.708798,-0.06792182,0.06575452,0.9955214,0.0,0.0,0.0,0.0,0.0,0.0,0.0,-1.403048,-0.1454285,3.715714,1.405285,0.08938789,-3.716639,-0.005334534,-0.0001166761,-0.005836661,0.9999688,359.3886,359.9902,359.3312,0.3525397,0.02399897,-0.9354866,0,0,0,1.359459,0.1405766,-2.830482,-0.04615891,0.04119453,0.8866611,0.9999318,-0.01167171,0.0002956688,0.0116742,0.9998749,-0.01066737,-0.0001710355,0.0106701,0.9999431,moving,-3.903093,3.778916,-2.980085,2.660066,0.1044941479124227,1.9761759544528177,1.450437551418192,3.1594832036481306,1.4455359283037403
166,05/15/2023 18:37:52.862165,349,True,True,True,True,Eyes,1.405919,0.09138762,-3.708763,-0.06710501,0.0648592,0.9956356,0.0,0.0,0.0,0.0,0.0,0.0,0.0,-1.42213,-0.1318142,3.708998,1.405835,0.0890007,-3.716476,-0.00344469,0.002375603,-0.006094245,0.9999728,359.6069,0.2746297,359.3007,0.3527231,0.02390413,-0.9354199,0,0,0,1.36341,0.1377033,-2.830498,-0.04718745,0.04205188,0.8860787,0.9999145,-0.01220452,-0.00470908,0.01217179,0.999902,-0.006918147,0.004793108,0.006860238,0.999965,moving,-3.855856,3.727182,-3.048364,2.717128,0.1118513120699878,1.9691521271426613,1.2931559894227764,3.2475265549365884,1.2887845369934834
167,05/15/2023 18:37:52.892387,350,True,True,True,True,Eyes,1.405887,0.09131686,-3.708726,-0.06611043,0.06380188,0.9957705,0.0,0.0,0.0,0.0,0.0,0.0,0.0,-1.443535,-0.1171039,3.701047,1.406047,0.0885191,-3.716243,-0.001374237,0.005233049,-0.006453748,0.9999646,359.8464,0.6006715,359.2596,0.352888,0.02381721,-0.93536,0,0,0,1.367466,0.1347539,-2.830514,-0.04842556,0.04323878,0.8853963,0.999862,-0.01292142,-0.01044795,0.01289266,0.9999129,-0.002815921,0.01048341,0.002680831,0.9999415,moving,-3.798363,3.666095,-3.130596,2.795847,0.1206636182877718,1.9608734578476468,1.0969249508480512,3.3567647998635826,1.0932103786895997
168,05/15/2023 18:37:52.902285,351,True,True,True,True,Eyes,1.405871,0.09124397,-3.708686,-0.06497429,0.06266784,0.9959172,0.0,0.0,0.0,0.0,0.0,0.0,0.0,-1.461932,-0.1032312,3.694313,1.406435,0.08829212,-3.71618,0.00051399,0.007657558,-0.006535923,0.9999493,0.06463115,0.8770966,359.2515,0.353036,0.02373722,-0.9353062,0,0,0,1.373783,0.1301604,-2.830539,-0.04676056,0.04225904,0.8849895,0.9997973,-0.01306331,-0.01532101,0.01307905,0.9999141,0.0009278293,0.01530761,-0.001128025,0.9998822,moving,-3.732724,3.600576,-3.024549,2.733848,0.1304049012885167,1.9520288897973237,1.119253883892748,3.2503807838980547,1.1156137814089668
169,05/15/2023 18:37:52.912254,352,True,True,True,True,Eyes,1.405874,0.0911682,-3.70864,-0.06370294,0.06146687,0.9960742,0.0,0.0,0.0,0.0,0.0,0.0,0.0,-1.47906,-0.09268164,3.687827,1.406757,0.0886116,-3.716107,0.002107558,0.009931684,-0.006817766,0.9999253,0.2492502,1.136441,359.2212,0.3531692,0.02366342,-0.9352579,0,0,0,1.378919,0.1264254,-2.83056,-0.04595783,0.0410425,0.884649,0.9997098,-0.01359265,-0.01989053,0.01367637,0.9998982,0.004079377,0.01983309,-0.004350223,0.9997939,moving,-3.659312,3.531195,-2.973863,2.656281,0.141004844841917,1.9426970994772323,1.1114471822794818,3.1955599937906682,1.1079879737945129
170,05/15/2023 18:37:52.932162,353,True,True,True,True,Eyes,1.405886,0.09108764,-3.708587,-0.06232994,0.06017349,0.99624,0.0,0.0,0.0,0.0,0.0,0.0,0.0,-1.496102,-0.0835702,3.681154,1.407179,0.08848667,-3.71594,0.00352283,0.01218948,-0.007282104,0.9998931,0.4138187,1.393896,359.1705,0.3532896,0.02359512,-0.9352142,0,0,0,1.38305,0.1234215,-2.830576,-0.04625192,0.04065658,0.88424,0.9995968,-0.01447677,-0.02442771,0.01464853,0.9998691,0.006867377,0.02432507,-0.007222435,0.999678,moving,-3.580055,3.4565,-2.99424,2.632555,0.1524328498910417,1.9326525150874636,1.0109720951885866,3.2235715460693832,1.0079323695856015
171,05/15/2023 18:37:52.942516,354,True,True,True,True,Eyes,1.405909,0.09100138,-3.708529,-0.06084785,0.05881014,0.9964131,0.0,0.0,0.0,0.0,0.0,0.0,0.0,-1.512143,-0.07398094,3.674813,1.40753,0.08833313,-3.715826,0.004999422,0.01432285,-0.00774011,0.9998552,0.5855223,1.636913,359.1213,0.3533986,0.02353164,-0.9351748,0,0,0,1.38578,0.121436,-2.830587,-0.04766822,0.0414121,0.883872,0.9994699,-0.01533476,-0.02871894,0.01562119,0.9998302,0.009775676,0.02856418,-0.01021911,0.9995397,moving,-3.494536,3.377784,-3.087036,2.68252,0.1646214481013789,1.9220846470935355,0.8058835397847511,3.3393918736415396,0.8035425148231802
172,05/15/2023 18:37:52.952042,355,True,True,True,True,Eyes,1.405913,0.09091509,-3.708462,-0.05927258,0.05736864,0.996592,0.0,0.0,0.0,0.0,0.0,0.0,0.0,-1.528425,-0.06534064,3.668061,1.407923,0.0880003,-3.715512,0.006304185,0.01648617,-0.008136379,0.9998112,0.7376613,1.883436,359.0796,0.3534978,0.02347236,-0.9351389,0,0,0,1.388239,0.1196478,-2.830597,-0.04944173,0.04223412,0.8833107,0.999324,-0.01606182,-0.03306872,0.01647754,0.9997881,0.01233771,0.0328635,-0.01287426,0.9993769,moving,-3.403672,3.294585,-3.203685,2.737423,0.1775387852893304,1.9109190698090115,0.5919664639259556,3.4807733383297825,0.5904356886160665
173,05/15/2023 18:37:52.962409,356,True,True,True,True,Eyes,1.405936,0.09081391,-3.708385,-0.05760343,0.05590962,0.9967728,0.0,0.0,0.0,0.0,0.0,0.0,0.0,-1.54218,-0.05546303,3.662375,1.408288,0.08804321,-3.715288,0.00783476,0.01831046,-0.008550975,0.9997651,0.9155672,2.090785,359.0366,0.3535877,0.02341688,-0.9351064,0,0,0,1.393367,0.1159192,-2.830618,-0.04788637,0.04119118,0.8829781,0.9991832,-0.01681102,-0.03674625,0.01738485,0.9997311,0.01535269,0.03647825,-0.01597898,0.9992068,moving,-3.30744,3.210392,-3.104269,2.670928,0.1909224920507822,1.899657520805548,0.5764545624218792,3.384249565466575,0.5750296303784327
174,05/15/2023 18:37:52.982345,357,True,True,True,True,Eyes,1.405987,0.09070469,-3.708303,-0.05588352,0.05435749,0.9969565,0.0,0.0,0.0,0.0,0.0,0.0,0.0,-1.557055,-0.04899612,3.65605,1.408764,0.08760166,-3.715002,0.008768722,0.02027506,-0.008780306,0.9997175,1.024992,2.314871,359.0143,0.3536697,0.02336443,-0.9350768,0,0,0,1.396775,0.1134404,-2.830631,-0.04840812,0.04080726,0.8825606,0.9990237,-0.01720008,-0.04069272,0.01791122,0.999692,0.01717645,0.04038471,-0.01788853,0.9990241,moving,-3.208307,3.120872,-3.139507,2.647319,0.2049207268594337,1.887655579867745,0.47852469508793366,3.4296188318927214,0.47760767879447297
175,05/15/2023 18:37:53.002427,358,True,True,True,True,Eyes,1.40605,0.09058942,-3.708221,-0.05411652,0.05274784,0.9971404,0.0,0.0,0.0,0.0,0.0,0.0,0.0,-1.570062,-0.03879303,3.650505,1.409059,0.08733368,-3.714797,0.01053069,0.02201912,-0.00974729,0.9996547,1.231,2.511955,358.9097,0.3537454,0.02331451,-0.9350495,0,0,0,1.400043,0.1110642,-2.830644,-0.04856044,0.04177671,0.8821935,0.9988405,-0.01902409,-0.04422832,0.0199516,0.9995882,0.02062485,0.04381773,-0.02148336,0.9988086,moving,-3.106493,3.028074,-3.150673,2.711245,0.2193623921837871,1.875205863830715,0.319894494546249,3.4721895083330367,0.31954078837307437
176,05/15/2023 18:37:53.012086,359,True,True,True,True,Eyes,1.406134,0.09047055,-3.708122,-0.05229746,0.05108417,0.9973241,0.0,0.0,0.0,0.0,0.0,0.0,0.0,-1.580915,-0.0301167,3.645942,1.4094,0.08709717,-3.714714,0.01204331,0.02346095,-0.01059733,0.9995961,1.408136,2.674495,358.8181,0.3538157,0.0232667,-0.9350242,0,0,0,1.404068,0.1081369,-2.830661,-0.04744864,0.04175927,0.8820583,0.9986746,-0.020621,-0.04715821,0.02175119,0.9994853,0.02357964,0.04664773,-0.02457413,0.9986091,moving,-3.001714,2.932198,-3.079149,2.710529,0.2342530460723553,1.8623396043056175,0.23480486533715594,3.420242443144181,0.23467122475868873
177,05/15/2023 18:37:53.032174,360,True,True,True,True,Eyes,1.406229,0.09034272,-3.708019,-0.0504433,0.04934808,0.997507,0.0,0.0,0.0,0.0,0.0,0.0,0.0,-1.593239,-0.02174722,3.640178,1.409607,0.08692074,-3.714194,0.01352344,0.02512631,-0.01142716,0.9995276,1.582042,2.862475,358.7295,0.3538816,0.02322072,-0.9350005,0,0,0,1.408167,0.1051567,-2.830677,-0.0464915,0.04156882,0.8815017,0.9984763,-0.02216392,-0.05053774,0.02352309,0.9993731,0.02645985,0.04991966,-0.02760834,0.9983716,moving,-2.894945,2.832194,-3.019054,2.699887,0.2496011075872436,1.8488973449252304,0.18140613586645865,3.3776159647598263,0.18140440705307592
178,05/15/2023 18:37:53.052127,361,True,True,True,True,Eyes,1.406361,0.09020984,-3.707912,-0.04856422,0.04753229,0.9976885,0.0,0.0,0.0,0.0,0.0,0.0,0.0,-1.603544,-0.009986665,3.635641,1.409921,0.08660698,-3.714021,0.01525865,0.02648541,-0.01180263,0.9994631,1.783683,3.01559,358.6938,0.3539439,0.02317615,-0.9349781,0,0,0,1.412313,0.1021415,-2.830694,-0.04504928,0.04197101,0.8813189,0.9983185,-0.02278432,-0.05330259,0.02440085,0.9992557,0.02987572,0.05258223,-0.03112611,0.9981314,moving,-2.786772,2.727647,-2.92617,2.726535,0.2653952842353373,1.834814308936807,0.13940243522980497,3.3137976332912076,0.1392482773490097
179,05/15/2023 18:37:53.072412,362,True,True,True,True,Eyes,1.406509,0.09007137,-3.707798,-0.04664312,0.04564717,0.9978682,0.0,0.0,0.0,0.0,0.0,0.0,0.0,-1.613691,0.001316547,3.631015,1.410242,0.08639622,-3.713761,0.01689373,0.02782264,-0.01204376,0.9993977,1.973501,3.166492,358.6737,0.3540038,0.02313272,-0.9349566,0,0,0,1.416333,0.09921783,-2.83071,-0.04368365,0.04218759,0.8810759,0.9981617,-0.02313295,-0.05601874,0.02501307,0.9991391,0.03309692,0.05520481,-0.03443727,0.9978811,moving,-2.676215,2.619152,-2.838395,2.741337,0.2816619553972976,1.8201845910924497,0.20305547671757077,3.2531949165949516,0.20260983673812802
180,05/15/2023 18:37:53.092172,363,True,True,True,True,Eyes,1.406687,0.08992647,-3.70768,-0.04463144,0.04370131,0.9980472,0.0,0.0,0.0,0.0,0.0,0.0,0.0,-1.624984,0.0128788,3.625858,1.41072,0.08615208,-3.713492,0.01866562,0.02929902,-0.01252727,0.9993179,2.180049,3.332625,358.627,0.3540619,0.02309018,-0.9349357,0,0,0,1.420596,0.09611771,-2.830727,-0.04248804,0.04249818,0.8808303,0.9979693,-0.02394368,-0.05902571,0.02613122,0.9989893,0.0365717,0.05809039,-0.03803985,0.9975862,moving,-2.560491,2.507198,-2.761599,2.762257,0.2985668997279748,1.8051028062138488,0.32480689824109354,3.2063623445487788,0.3241232815213545
181,05/15/2023 18:37:53.112290,364,True,True,True,True,Eyes,1.406823,0.08978381,-3.707552,-0.04251768,0.04172231,0.9982241,0.0,0.0,0.0,0.0,0.0,0.0,0.0,-1.637175,0.02401779,3.620125,1.410999,0.08590221,-3.71321,0.02037112,0.0309279,-0.01297583,0.9992298,2.379231,3.516292,358.5851,0.3541192,0.02304826,-0.9349151,0,0,0,1.425339,0.09266911,-2.830746,-0.0408698,0.04236805,0.8806417,0.9977502,-0.0246716,-0.06233677,0.02719174,0.9988333,0.03990823,0.06127948,-0.04151349,0.9972569,moving,-2.438943,2.393372,-2.65714,2.754401,0.3160378869799741,1.7898028241452462,0.421843418403085,3.1257377350777564,0.42105176019823415
182,05/15/2023 18:37:53.132008,365,True,True,True,True,Eyes,1.40697,0.0896316,-3.707423,-0.0403698,0.03968049,0.9983966,0.0,0.0,0.0,0.0,0.0,0.0,0.0,-1.648853,0.03522239,3.614582,1.411291,0.08580112,-3.712957,0.02212724,0.0324854,-0.01346984,0.9991365,2.584424,3.691489,358.5385,0.3541749,0.02300699,-0.9348951,0,0,0,1.42858,0.09031193,-2.830759,-0.04066193,0.04323141,0.8803813,0.9975265,-0.02547879,-0.06551092,0.02835405,0.9986579,0.04334111,0.06431866,-0.04509141,0.9969101,moving,-2.315472,2.275978,-2.644425,2.81127,0.3339190193944348,1.7740067555200505,0.6282894249253286,3.1537990006041396,0.627154181928129
183,05/15/2023 18:37:53.142185,366,True,True,True,True,Eyes,1.407127,0.08947404,-3.707293,-0.03818769,0.03758579,0.9985635,0.0,0.0,0.0,0.0,0.0,0.0,0.0,-1.660235,0.04738666,3.6092,1.411666,0.08544731,-3.712795,0.023887,0.03398722,-0.0137357,0.9990425,2.789225,3.860812,358.5186,0.3542293,0.02296604,-0.9348755,0,0,0,1.434962,0.08567116,-2.830785,-0.03724775,0.04217509,0.880523,0.9973125,-0.02582139,-0.06856555,0.02906879,0.9984815,0.04679459,0.06725308,-0.04866193,0.9965486,moving,-2.190074,2.155588,-2.422273,2.742244,0.3521672998356691,1.7577968591180269,0.630937110920732,2.943918332858935,0.6300476420324491
184,05/15/2023 18:37:53.152148,367,True,True,True,True,Eyes,1.407283,0.08931713,-3.707155,-0.0359049,0.03547757,0.9987253,0.0,0.0,0.0,0.0,0.0,0.0,0.0,-1.671706,0.05849583,3.60371,1.412042,0.08518982,-3.71263,0.02555392,0.03550479,-0.01408308,0.9989436,2.983816,4.031799,358.4897,0.3542829,0.02292526,-0.9348563,0,0,0,1.438832,0.08285706,-2.8308,-0.03641388,0.04261344,0.8804576,0.9970822,-0.02632183,-0.07165437,0.02995098,0.9982974,0.05005381,0.07021481,-0.05205388,0.9961728,moving,-2.058938,2.034454,-2.368283,2.770907,0.3708899903999048,1.7415301616037864,0.7987849211358458,2.9262066479937707,0.7977107877670432
185,05/15/2023 18:37:53.172273,368,True,True,True,True,Eyes,1.407447,0.08915749,-3.707015,-0.03358512,0.03332991,0.99888,0.0,0.0,0.0,0.0,0.0,0.0,0.0,-1.683735,0.06794294,3.59776,1.412337,0.08505821,-3.712348,0.02714164,0.03711769,-0.01472376,0.9988338,3.170819,4.212858,358.4276,0.3543357,0.02288464,-0.9348373,0,0,0,1.442115,0.08046917,-2.830813,-0.03625897,0.04318852,0.8802439,0.996811,-0.0273983,-0.07494796,0.03142804,0.9980931,0.05312695,0.07334942,-0.055313,0.9957712,moving,-1.925718,1.911095,-2.358792,2.808923,0.3899329201470616,1.7249618380788254,0.9968190442903868,2.954735265161834,0.9954884685477373
186,05/15/2023 18:37:53.182439,369,True,True,True,True,Eyes,1.407593,0.08899809,-3.706866,-0.03119963,0.03118348,0.9990266,0.0,0.0,0.0,0.0,0.0,0.0,0.0,-1.695843,0.07702122,3.591794,1.412692,0.08485889,-3.71213,0.02867295,0.03873399,-0.01536188,0.9987201,3.351568,4.394247,358.3661,0.3543881,0.0228441,-0.9348184,0,0,0,1.445279,0.07816867,-2.830826,-0.03629786,0.04382291,0.8800941,0.9965274,-0.02846321,-0.0782497,0.03290567,0.9978837,0.05608246,0.07648781,-0.05846256,0.9953551,moving,-1.788768,1.787842,-2.36172,2.8506,0.4092396177776587,1.7084413502382163,1.207364303293749,2.997122550811056,1.2057763700638005
187,05/15/2023 18:37:53.202185,370,True,True,True,True,Eyes,1.407748,0.08883306,-3.706718,-0.02879326,0.02900016,0.9991647,0.0,0.0,0.0,0.0,0.0,0.0,0.0,-1.707766,0.0855514,3.585706,1.412882,0.08469868,-3.711827,0.03005857,0.04035062,-0.01581124,0.9986082,3.514978,4.576408,358.3263,0.3544397,0.02280365,-0.9347999,0,0,0,1.449317,0.07523198,-2.830842,-0.03526139,0.04355854,0.8800068,0.9962437,-0.02915271,-0.08153953,0.03400424,0.997693,0.05875748,0.07963842,-0.06130946,0.9949366,moving,-1.650655,1.662509,-2.294583,2.833711,0.4287884715665648,1.6916320307419714,1.3365468169832286,2.9531502745651323,1.3349197752205488
188,05/15/2023 18:37:53.212251,371,True,True,True,True,Eyes,1.407887,0.08866429,-3.706564,-0.02626381,0.02681858,0.9992952,0.0,0.0,0.0,0.0,0.0,0.0,0.0,-1.718808,0.0953665,3.580175,1.413212,0.08442402,-3.711704,0.03157123,0.04182169,-0.01618581,0.998495,3.692476,4.741887,358.2955,0.3544908,0.02276313,-0.9347816,0,0,0,1.4529,0.07262684,-2.830857,-0.03458765,0.0439634,0.8800433,0.995978,-0.02968219,-0.08453956,0.03496364,0.9974826,0.06169358,0.08249551,-0.06440126,0.9945084,moving,-1.50552,1.537306,-2.250693,2.859887,0.4488391515559319,1.6749027673743977,1.5180590573129888,2.948162388481253,1.5163253403721408
189,05/15/2023 18:37:53.242154,372,True,True,True,True,Eyes,1.408038,0.08849129,-3.706412,-0.02371703,0.02459675,0.9994161,0.0,0.0,0.0,0.0,0.0,0.0,0.0,-1.729558,0.1056229,3.574584,1.413563,0.08416271,-3.711461,0.03311761,0.04325122,-0.01648605,0.9983791,3.873505,4.902793,358.2738,0.3545413,0.02272247,-0.9347634,0,0,0,1.457078,0.06958839,-2.830873,-0.03324416,0.04399746,0.8800557,0.9957151,-0.03005391,-0.08745414,0.0357834,0.9972628,0.06470177,0.0852702,-0.06755393,0.994065,moving,-1.359425,1.409829,-2.163323,2.86206,0.4691318777187241,1.6578550111286383,1.6598876081726137,2.894810587663341,1.6581723660673446
190,05/15/2023 18:37:53.252001,373,True,True,True,True,Eyes,1.408166,0.08831834,-3.706258,-0.02103246,0.02235941,0.9995288,0.0,0.0,0.0,0.0,0.0,0.0,0.0,-1.74088,0.1155239,3.56883,1.413973,0.08391285,-3.711359,0.03468632,0.04475147,-0.01693724,0.9982522,4.058061,5.071171,358.2357,0.3545913,0.02268156,-0.9347455,0,0,0,1.461264,0.06654426,-2.83089,-0.03209335,0.04406769,0.8802236,0.9954209,-0.03071074,-0.09052151,0.0369198,0.99702,0.06773546,0.0881716,-0.07076733,0.9935883,moving,-1.205462,1.28149,-2.088105,2.866074,0.490063148588298,1.6407521066874051,1.8138260993008672,2.854534067869286,1.8121198951877593
191,05/15/2023 18:37:53.272235,374,True,True,True,True,Eyes,1.408303,0.08814601,-3.706103,-0.01833055,0.0200969,0.99963,0.0,0.0,0.0,0.0,0.0,0.0,0.0,-1.75228,0.1249968,3.56294,1.414373,0.08372116,-3.711226,0.03632744,0.04626507,-0.01766181,0.9981121,4.252499,5.239761,358.1672,0.3546405,0.02264044,-0.9347278,0,0,0,1.465447,0.06350221,-2.830907,-0.0309622,0.04422003,0.8803767,0.9950951,-0.03189554,-0.09363867,0.0386183,0.9967368,0.07088348,0.09107217,-0.07415198,0.9930797,moving,-1.050534,1.151739,-2.01422,2.875466,0.5111715943443633,1.623454663789877,1.9748228976606987,2.8187116012078675,1.973136534397301
192,05/15/2023 18:37:53.282682,375,True,True,True,True,Eyes,1.408432,0.08798503,-3.705941,-0.01549796,0.01784245,0.9997207,0.0,0.0,0.0,0.0,0.0,0.0,0.0,-1.764005,0.1325123,3.556842,1.414703,0.08336926,-3.711073,0.03767844,0.04783922,-0.01837209,0.9979751,4.413969,5.415646,358.0995,0.3546891,0.02259914,-0.9347104,0,0,0,1.469334,0.06067533,-2.830922,-0.03016531,0.04423034,0.8805103,0.9947478,-0.03306477,-0.09686917,0.04027479,0.9964856,0.07344647,0.09410036,-0.07696209,0.9925835,moving,-0.8881446,1.022474,-1.962123,2.8757,0.5327869417323455,1.6062922914319435,2.141932821248734,2.799280541126041,2.140247685259862
193,05/15/2023 18:37:53.302198,376,True,True,True,True,Eyes,1.408574,0.0878102,-3.705777,-0.01264146,0.01556578,0.999799,0.0,0.0,0.0,0.0,0.0,0.0,0.0,-1.777041,0.1382616,3.549949,1.414977,0.08347988,-3.710796,0.03890331,0.04961297,-0.01917524,0.9978263,4.562135,5.614125,358.022,0.354737,0.02255797,-0.9346933,0,0,0,1.473573,0.05759339,-2.830939,-0.02927274,0.04331507,0.880635,0.9943417,-0.03440689,-0.1005021,0.04212733,0.9962376,0.07573482,0.09751818,-0.07954018,0.9920502,moving,-0.724409,0.8919611,-1.903839,2.815891,0.554594821512514,1.5889623011589935,2.2566704201132275,2.7475900143209704,2.25505687858253
194,05/15/2023 18:37:53.313798,377,True,True,True,True,Eyes,1.4087,0.08762798,-3.705606,-0.009655607,0.01329462,0.9998651,0.0,0.0,0.0,0.0,0.0,0.0,0.0,-1.789991,0.1463319,3.543041,1.415391,0.08320236,-3.710575,0.04031909,0.05135053,-0.01979771,0.9976701,4.731335,5.808864,357.9665,0.3547847,0.02251657,-0.9346762,0,0,0,1.477596,0.05466788,-2.830956,-0.0286954,0.04327162,0.8807481,0.9939424,-0.03536234,-0.1040583,0.04364398,0.9959648,0.07841706,0.1008653,-0.08248354,0.991475,moving,-0.553283,0.7617835,-1.866078,2.81271,0.5769158343249854,1.571745098105288,2.4351037391510144,2.740111815653596,2.4334973245353013
195,05/15/2023 18:37:53.332164,378,True,True,True,True,Eyes,1.408839,0.08744238,-3.705436,-0.006655431,0.01098025,0.9999176,0.0,0.0,0.0,0.0,0.0,0.0,0.0,-1.80222,0.1545807,3.536355,1.415713,0.08282948,-3.710336,0.04167229,0.05300283,-0.02025034,0.997519,4.892382,5.994638,357.9304,0.3548319,0.02247478,-0.9346594,0,0,0,1.481387,0.05191084,-2.830971,-0.02810711,0.04337706,0.880841,0.9935613,-0.03598271,-0.1074303,0.0448177,0.9957067,0.08099114,0.1040548,-0.08528443,0.9909083,moving,-0.3813539,0.6291484,-1.827654,2.819256,0.5994813478117149,1.554181653196005,2.6245676365523085,2.7370420346678364,2.62297519870499
196,05/15/2023 18:37:53.352208,379,True,True,True,True,Eyes,1.408977,0.08725859,-3.705262,-0.00356648,0.00866511,0.9999561,0.0,0.0,0.0,0.0,0.0,0.0,0.0,-1.814957,0.1639033,3.529429,1.416163,0.08258629,-3.710185,0.04330203,0.05470347,-0.02093871,0.9973435,5.086801,6.184316,357.8695,0.3548789,0.02243255,-0.9346425,0,0,0,1.485618,0.04883389,-2.830988,-0.02730069,0.04355966,0.8810833,0.9931383,-0.03702862,-0.1109297,0.0465037,0.995373,0.08408315,0.1073029,-0.08866483,0.990265,moving,-0.2043523,0.4964836,-1.774763,2.830327,0.6224187213753365,1.5366582701787332,2.8130081376345237,2.723978521907504,2.811456644381696
197,05/15/2023 18:37:53.362225,380,True,True,True,True,Eyes,1.409125,0.08707616,-3.705088,-0.0004640579,0.006341455,0.9999798,0.0,0.0,0.0,0.0,0.0,0.0,0.0,-1.827814,0.1723324,3.522286,1.416497,0.08244419,-3.709965,0.04478791,0.05644378,-0.02153378,0.9971683,5.264467,6.379171,357.8194,0.3549257,0.02238998,-0.9346257,0,0,0,1.489585,0.04594916,-2.831004,-0.02670082,0.04356734,0.881269,0.9927009,-0.0378896,-0.1144969,0.0480016,0.9950607,0.08689128,0.110639,-0.09175307,0.9896163,moving,-0.0265891,0.3633411,-1.735425,2.83023,0.6454477416615304,1.5190728747875375,3.0009433480277528,2.7180301725665776,2.9994254126733186
198,05/15/2023 18:37:53.382458,381,True,True,True,True,Eyes,1.409258,0.08689485,-3.704906,0.002723336,0.004027585,0.9999882,0.0,0.0,0.0,0.0,0.0,0.0,0.0,-1.840648,0.1786447,3.51525,1.416891,0.08231068,-3.709787,0.04600059,0.05817962,-0.02215931,0.9969995,5.411238,6.573726,357.7645,0.3549726,0.02234712,-0.934609,0,0,0,1.493723,0.04294003,-2.83102,-0.02597237,0.04298094,0.8815689,0.9922482,-0.03883304,-0.1180489,0.04953824,0.9947858,0.08914669,0.1139714,-0.09430357,0.9889982,moving,0.1560371,0.2307651,-1.687533,2.791248,0.6687882365734061,1.5016114128811406,3.155126525958415,2.6861519496786483,3.1536829987049217
199,05/15/2023 18:37:53.402026,382,True,True,True,True,Eyes,1.409406,0.08670283,-3.70472,0.005914784,0.001685059,0.9999811,0.0,0.0,0.0,0.0,0.0,0.0,0.0,-1.852793,0.1863589,3.508296,1.417218,0.08214092,-3.709508,0.0472577,0.05983198,-0.0224609,0.9968362,5.560925,6.760331,357.7471,0.3550193,0.02230405,-0.9345923,0,0,0,1.497852,0.0399371,-2.831037,-0.02502733,0.04249927,0.8817944,0.9918314,-0.03912463,-0.1214082,0.05043472,0.9945245,0.09152862,0.1171625,-0.09690414,0.9883736,moving,0.3388946,0.0965485,-1.625748,2.759312,0.6922697449471957,1.4839161395548914,3.3090980648308097,2.6457212375325185,3.3077401500890646
200,05/15/2023 18:37:53.422212,383,True,True,True,True,Eyes,1.409546,0.08652039,-3.70453,0.009201634,-0.0006961614,0.9999574,0.0,0.0,0.0,0.0,0.0,0.0,0.0,-1.865264,0.1966371,3.501033,1.417709,0.08172131,-3.709249,0.04873111,0.06150562,-0.02252101,0.9966621,5.733828,6.95046,357.7596,0.3550662,0.02226051,-0.9345756,0,0,0,1.501902,0.03699235,-2.831053,-0.02438441,0.0426846,0.8819873,0.9914198,-0.0388972,-0.1247956,0.05088614,0.9942362,0.09436657,0.1204058,-0.09990725,0.9876847,moving,0.5272223,-0.0398888,-1.58366,2.770721,0.7163179056745503,1.4659494520904324,3.515017998859939,2.644300882809182,3.513684859575617
201,05/15/2023 18:37:53.432243,384,True,True,True,True,Eyes,1.409705,0.08633316,-3.704336,0.01251107,-0.003069332,0.999917,0.0,0.0,0.0,0.0,0.0,0.0,0.0,-1.877644,0.2075656,3.49376,1.418181,0.08176327,-3.709051,0.05042579,0.06316712,-0.02272576,0.9964692,5.933064,7.138131,357.7574,0.355113,0.0222168,-0.9345588,0,0,0,1.505951,0.03404769,-2.831069,-0.02370366,0.04282319,0.8822902,0.9909869,-0.03892054,-0.1281801,0.05166155,0.9938816,0.09762444,0.1235963,-0.1033665,0.9869343,moving,0.7168539,-0.1758738,-1.538942,2.77875,0.7404268465013928,1.4480591772769649,3.717313134776683,2.6393674249866006,3.716001832819838
202,05/15/2023 18:37:53.452289,385,True,True,True,True,Eyes,1.409885,0.08614124,-3.704139,0.01586275,-0.00544521,0.9998593,0.0,0.0,0.0,0.0,0.0,0.0,0.0,-1.892051,0.2131949,3.485587,1.418772,0.0814724,-3.708784,0.05145735,0.06511617,-0.02314569,0.9962813,6.058642,7.358738,357.7282,0.3551604,0.0221728,-0.9345418,0,0,0,1.510255,0.03091799,-2.831086,-0.02336907,0.0419456,0.8825933,0.9904483,-0.03941782,-0.13213,0.05282063,0.9936328,0.09951766,0.127366,-0.1055463,0.9862241,moving,0.9089203,-0.3120283,-1.516708,2.720958,0.76472602893319,1.4301658161664617,3.883642432787625,2.621275584561853,3.882356538054091
203,05/15/2023 18:37:53.472329,386,True,True,True,True,Eyes,1.410076,0.08594999,-3.703943,0.01925058,-0.007837498,0.999784,0.0,0.0,0.0,0.0,0.0,0.0,0.0,-1.907654,0.2219562,3.476406,1.419219,0.08119106,-3.708508,0.0530296,0.06724602,-0.02376567,0.9960428,6.248207,7.598168,357.6817,0.3552087,0.02212843,-0.9345245,0,0,0,1.51411,0.02811486,-2.831102,-0.02368909,0.04233626,0.8827853,0.9898263,-0.04021117,-0.1364805,0.0544753,0.9932461,0.1024432,0.1314393,-0.1088358,0.9853318,moving,1.103079,-0.4491434,-1.537134,2.745664,0.7892503663402161,1.412152656478603,4.14457706026366,2.6814765938289318,4.143196943775502
204,05/15/2023 18:37:53.482256,387,True,True,True,True,Eyes,1.410258,0.08575959,-3.703739,0.02276391,-0.01024521,0.9996883,0.0,0.0,0.0,0.0,0.0,0.0,0.0,-1.923435,0.2278951,3.46729,1.419638,0.0810318,-3.708328,0.05434203,0.06941086,-0.02462004,0.9958026,6.410191,7.840514,357.6072,0.355258,0.02208374,-0.9345068,0,0,0,1.51828,0.02508219,-2.831119,-0.02371866,0.04197052,0.8831954,0.989152,-0.04148955,-0.140915,0.05657726,0.9928816,0.1048101,0.1355634,-0.1116457,0.9844582,moving,1.304457,-0.5871696,-1.538337,2.720718,0.8143696961861538,1.3940716212459896,4.361604991361524,2.7009663849334182,4.36016945233083
205,05/15/2023 18:37:53.502217,388,True,True,True,True,Eyes,1.410456,0.08556811,-3.703535,0.02630621,-0.01265733,0.9995738,0.0,0.0,0.0,0.0,0.0,0.0,0.0,-1.938578,0.2345403,3.458243,1.419986,0.08085728,-3.708051,0.05568873,0.0715009,-0.02533357,0.9955625,6.575131,8.075019,357.5493,0.3553082,0.02203879,-0.9344888,0,0,0,1.52263,0.02191849,-2.831136,-0.023352,0.04155576,0.8835824,0.9884917,-0.04247871,-0.1451888,0.05840589,0.992514,0.1072605,0.1395457,-0.114506,0.9835728,moving,1.507529,-0.7254819,-1.513905,2.692694,0.8396341127750186,1.3759642644714862,4.5621255900837285,2.696835840719048,4.560642593455534
206,05/15/2023 18:37:53.522156,389,True,True,True,True,Eyes,1.410658,0.08538222,-3.703326,0.02992357,-0.01507233,0.9994386,0.0,0.0,0.0,0.0,0.0,0.0,0.0,-1.954271,0.240362,3.448977,1.420495,0.0806551,-3.707841,0.0568695,0.07365546,-0.02592459,0.9953234,6.7205,8.318019,357.5052,0.3553595,0.02199357,-0.9344704,0,0,0,1.526461,0.01913318,-2.831151,-0.02379471,0.0412151,0.8839304,0.9878056,-0.04322921,-0.1495707,0.05998421,0.9921876,0.1093881,0.1436734,-0.1170261,0.9826815,moving,1.714945,-0.8640005,-1.541985,2.669602,0.865230671591786,1.357865216963811,4.805615429152259,2.7414121684867494,4.803997097608089
207,05/15/2023 18:37:53.532779,390,True,True,True,True,Eyes,1.41087,0.08519359,-3.703116,0.03356409,-0.01747664,0.9992838,0.0,0.0,0.0,0.0,0.0,0.0,0.0,-1.970795,0.2453999,3.439104,1.420918,0.08060551,-3.707584,0.05794212,0.07595274,-0.02644538,0.9950751,6.853479,8.578168,357.4699,0.3554119,0.02194825,-0.9344515,0,0,0,1.530531,0.01617352,-2.831168,-0.02414465,0.04036711,0.8843412,0.9870636,-0.04382855,-0.1542218,0.061432,0.9918867,0.1112963,0.1480927,-0.1193307,0.9817477,moving,1.923736,-1.001953,-1.563925,2.613539,0.8908845789629843,1.3398595620024427,5.023500935899683,2.7655649295842246,5.021753930451908
208,05/15/2023 18:37:53.552424,391,True,True,True,True,Eyes,1.411097,0.08501018,-3.702904,0.03724694,-0.01990026,0.999108,0.0,0.0,0.0,0.0,0.0,0.0,0.0,-1.986103,0.2503709,3.429833,1.421319,0.08036423,-3.707349,0.05894,0.07808381,-0.02689317,0.9948395,6.977036,8.819779,357.4418,0.3554654,0.02190277,-0.9344322,0,0,0,1.534892,0.01300187,-2.831185,-0.02389145,0.03939463,0.8848605,0.9863593,-0.04430425,-0.1585317,0.06271328,0.9916057,0.1130718,0.1521914,-0.1214715,0.980858,moving,2.135009,-1.141068,-1.546624,2.549166,0.9168073168247166,1.3217084915448527,5.212700693637129,2.7522982737660677,5.2108383229971444
209,05/15/2023 18:37:53.562307,392,True,True,True,True,Eyes,1.411332,0.08481877,-3.702691,0.04094101,-0.02232652,0.998912,0.0,0.0,0.0,0.0,0.0,0.0,0.0,-2.000405,0.2574708,3.42085,1.421707,0.0803299,-3.707077,0.06030948,0.08006558,-0.02744204,0.994585,7.143804,9.042911,357.4047,0.3555205,0.02185728,-0.9344124,0,0,0,1.538579,0.01032086,-2.8312,-0.02405238,0.03934026,0.8852093,0.985673,-0.04492946,-0.1625742,0.06424432,0.9912193,0.1155715,0.1559541,-0.1243601,0.9799046,moving,2.346989,-1.280396,-1.556424,2.544651,0.942797690600449,1.303532981615372,5.465127409381963,2.7904270272355722,5.463031595752619
210,05/15/2023 18:37:53.582232,393,True,True,True,True,Eyes,1.41158,0.08461782,-3.70248,0.04469838,-0.02481776,0.9986922,0.0,0.0,0.0,0.0,0.0,0.0,0.0,-2.014946,0.263895,3.411743,1.422113,0.07996368,-3.706864,0.06147983,0.0820879,-0.02785472,0.994337,7.286819,9.272048,357.3824,0.3555771,0.02181157,-0.9343919,0,0,0,1.542661,0.007352402,-2.831216,-0.02391997,0.03899994,0.8857027,0.9849713,-0.04530045,-0.1666711,0.06548747,0.9908887,0.1176903,0.1598212,-0.1268364,0.9789636,moving,2.562672,-1.423522,-1.546998,2.521263,0.969345317138404,1.2848438794454042,5.696553010823739,2.803696833001048,5.694210665747998
211,05/15/2023 18:37:53.602217,394,True,True,True,True,Eyes,1.411835,0.08440907,-3.702273,0.04845951,-0.02735514,0.9984505,0.0,0.0,0.0,0.0,0.0,0.0,0.0,-2.029661,0.2734988,3.402198,1.422428,0.07956886,-3.706703,0.06310143,0.08413929,-0.02827675,0.994052,7.481761,9.503901,357.364,0.3556353,0.02176543,-0.9343708,0,0,0,1.5468,0.00434269,-2.831233,-0.0237284,0.03946986,0.8862584,0.984242,-0.04559851,-0.1708462,0.06683574,0.9904373,0.1206938,0.1637091,-0.1302106,0.9778776,moving,2.778654,-1.569374,-1.533653,2.550004,0.996121032549041,1.2657655335068625,5.963662194418209,2.837080382114698,5.960972719555524
212,05/15/2023 18:37:53.622089,395,True,True,True,True,Eyes,1.412106,0.08419906,-3.702072,0.0522037,-0.02995453,0.9981872,0.0,0.0,0.0,0.0,0.0,0.0,0.0,-2.043977,0.2844895,3.392771,1.422814,0.0792017,-3.706616,0.06485561,0.08612353,-0.02856014,0.993761,7.69047,9.728971,357.3631,0.3556951,0.02171869,-0.9343492,0,0,0,1.550894,0.001365323,-2.831249,-0.02356192,0.04017681,0.8868816,0.9835342,-0.04559271,-0.174877,0.06793508,0.9899561,0.1239825,0.1674678,-0.1338213,0.976753,moving,2.993757,-1.718869,-1.521828,2.593795,1.023108398755738,1.246155831786362,6.244163568414988,2.8797278693333803,6.2410472097662675
213,05/15/2023 18:37:53.632329,396,True,True,True,True,Eyes,1.412382,0.08398677,-3.701874,0.05595158,-0.03258974,0.9979014,0.0,0.0,0.0,0.0,0.0,0.0,0.0,-2.057519,0.295699,3.383634,1.423162,0.07899952,-3.706503,0.06669944,0.08800176,-0.02891914,0.9934639,7.909967,9.94123,357.3543,0.3557566,0.02167138,-0.9343269,0,0,0,1.554999,-0.001619839,-2.831266,-0.02315423,0.04089327,0.8875334,0.9828387,-0.04572091,-0.1787109,0.06919957,0.9894298,0.1274371,0.1709954,-0.1376168,0.9756138,moving,3.209171,-1.870517,-1.49441,2.638048,1.0502813639474522,1.2262393587411382,6.515430345171836,2.9100958364428373,6.511830559340404
214,05/15/2023 18:37:53.656357,397,True,True,True,True,Eyes,1.412663,0.08378125,-3.701679,0.05973624,-0.03526613,0.997591,0.0,0.0,0.0,0.0,0.0,0.0,0.0,-2.071685,0.3060444,3.374094,1.423522,0.07876492,-3.706404,0.06837925,0.08997965,-0.02917713,0.9931651,8.110024,10.16621,357.3571,0.3558197,0.02162348,-0.9343039,0,0,0,1.559174,-0.004655959,-2.831283,-0.02286962,0.04129893,0.8882394,0.9821048,-0.04564994,-0.1827196,0.0702609,0.988946,0.1305731,0.1747391,-0.1410744,0.974456,moving,3.426808,-2.024637,-1.474876,2.662066,1.077803389489806,1.2059869687370317,6.781717411251002,2.93876474233814,6.777567265968629
215,05/15/2023 18:37:53.662130,398,True,True,True,True,Eyes,1.412948,0.0835822,-3.701489,0.06351244,-0.03793107,0.99726,0.0,0.0,0.0,0.0,0.0,0.0,0.0,-2.084898,0.3158941,3.364994,1.423729,0.07875347,-3.706287,0.06996705,0.09185085,-0.0293334,0.9928785,8.29826,10.37996,357.3706,0.3558844,0.02157524,-0.9342805,0,0,0,1.563155,-0.00755119,-2.831299,-0.0224337,0.04145548,0.8889723,0.981406,-0.04539593,-0.1864983,0.07110208,0.9884884,0.133549,0.1782888,-0.1443262,0.9733362,moving,3.644072,-2.178212,-1.445583,2.669942,1.1052569907860927,1.1858096615199665,7.029166751951543,2.95117492817959,7.024414953959204
216,05/15/2023 18:37:53.682349,399,True,True,True,True,Eyes,1.41324,0.08339492,-3.701296,0.06729648,-0.04051305,0.9969102,0.0,0.0,0.0,0.0,0.0,0.0,0.0,-2.097764,0.3240932,3.356285,1.424107,0.07873249,-3.706214,0.07112827,0.09367126,-0.02909993,0.9926327,8.433427,10.59177,357.4247,0.3559505,0.02152685,-0.9342564,0,0,0,1.567184,-0.0104811,-2.831315,-0.02203053,0.04078611,0.8897911,0.9807578,-0.04444574,-0.1901021,0.07109644,0.9881879,0.1357569,0.1818227,-0.1466602,0.972333,moving,3.861896,-2.327141,-1.418309,2.624478,1.1323997906488952,1.1663051013624122,7.238721956477263,2.938091819023819,7.233352817162961
217,05/15/2023 18:37:53.702141,400,True,True,True,True,Eyes,1.413536,0.08321564,-3.701107,0.0710937,-0.04301854,0.9965416,0.0,0.0,0.0,0.0,0.0,0.0,0.0,-2.112,0.3280405,3.346894,1.424554,0.07883644,-3.705979,0.07164673,0.09571633,-0.02870756,0.9924117,8.493759,10.83187,357.4929,0.3560181,0.0214786,-0.9342318,0,0,0,1.571351,-0.0135108,-2.831331,-0.02190396,0.03870443,0.890567,0.9800285,-0.0432639,-0.1940936,0.07069495,0.9880852,0.1367105,0.1858665,-0.1477017,0.9714103,moving,4.080592,-2.4718,-1.408936,2.488534,1.1592829786894605,1.1474219657685836,7.398637107896291,2.897297052575221,7.3926687775737525
218,05/15/2023 18:37:53.722369,401,True,True,True,True,Eyes,1.413844,0.08303097,-3.700921,0.07487296,-0.04547828,0.9961556,0.0,0.0,0.0,0.0,0.0,0.0,0.0,-2.126244,0.3303421,3.337699,1.424886,0.07886028,-3.705908,0.07194941,0.09778363,-0.02837782,0.9921978,8.529921,11.07434,357.5519,0.356087,0.0214307,-0.9342065,0,0,0,1.575383,-0.01644331,-2.831348,-0.0218696,0.03644153,0.8915049,0.9792662,-0.04224188,-0.1981248,0.07038376,0.9880359,0.1372263,0.1899578,-0.1483259,0.9705233,moving,4.298378,-2.613954,-1.405247,2.340743,1.185910281918435,1.1288909658029929,7.555154565092232,2.860538657740244,7.54853102932343
219,05/15/2023 18:37:53.732184,402,True,True,True,True,Eyes,1.414152,0.08284896,-3.70074,0.0786484,-0.04790735,0.9957506,0.0,0.0,0.0,0.0,0.0,0.0,0.0,-2.140129,0.333015,3.328518,1.425225,0.07856083,-3.705758,0.07228331,0.09979999,-0.02809979,0.9919806,8.569907,11.31056,357.605,0.3561575,0.02138297,-0.9341807,0,0,0,1.579516,-0.01944862,-2.831364,-0.02165812,0.03448763,0.8923669,0.9785007,-0.04132116,-0.2020616,0.07017665,0.9879711,0.1377985,0.1939371,-0.149016,0.9696301,moving,4.516076,-2.754479,-1.39032,2.213229,1.2124078912530951,1.110593362154102,7.717748148396655,2.826658420424126,7.710375068124908
220,05/15/2023 18:37:53.752135,403,True,True,True,True,Eyes,1.414505,0.08267137,-3.700566,0.08231078,-0.0503138,0.9953359,0.0,0.0,0.0,0.0,0.0,0.0,0.0,-2.15316,0.3377758,3.319679,1.425528,0.07846069,-3.705696,0.07308286,0.1016775,-0.02812202,0.9917307,8.666092,11.52787,357.6279,0.3562293,0.02133544,-0.9341544,0,0,0,1.583934,-0.02266142,-2.831382,-0.02090153,0.03304539,0.8934267,0.9777416,-0.04091717,-0.2057839,0.07064073,0.987736,0.1392383,0.1975631,-0.1506758,0.9686412,moving,4.727403,-2.893814,-1.340178,2.118247,1.2383512133360264,1.0924111390836873,7.869961541156475,2.775094974513345,7.861745834407483
221,05/15/2023 18:37:53.762374,404,True,True,True,True,Eyes,1.414857,0.08248501,-3.700396,0.08596105,-0.05266141,0.9949058,0.0,0.0,0.0,0.0,0.0,0.0,0.0,-2.165991,0.3404629,3.310991,1.425911,0.07843876,-3.705498,0.07361589,0.1035286,-0.02817009,0.9914984,8.732002,11.74218,357.6448,0.3563031,0.02128821,-0.9341273,0,0,0,1.587543,-0.02528569,-2.831396,-0.0209524,0.03155933,0.8941497,0.9769766,-0.04061851,-0.2094443,0.07110389,0.9875743,0.1401473,0.2011492,-0.1518129,0.9677252,moving,4.938161,-3.029899,-1.342353,2.021436,1.2640071167571434,1.0746911240325174,8.05982886830862,2.772983757325851,8.050684059524613
222,05/15/2023 18:37:53.782206,405,True,True,True,True,Eyes,1.415276,0.08229607,-3.700243,0.08959842,-0.05518479,0.994448,0.0,0.0,0.0,0.0,0.0,0.0,0.0,-2.177683,0.3436379,3.303048,1.426196,0.07805157,-3.705454,0.0740532,0.1052294,-0.02802099,0.9912909,8.784228,11.9409,357.6822,0.3563788,0.02124102,-0.9340995,0,0,0,1.591653,-0.02827504,-2.831413,-0.02019337,0.02994547,0.8951684,0.9762832,-0.03996876,-0.2127759,0.07113907,0.9874619,0.1409193,0.2044758,-0.1527138,0.9668858,moving,5.148371,-3.176251,-1.292269,1.915963,1.2904000897390846,1.0554904596251873,8.210510765561178,2.7222403677546176,8.200326994683541
223,05/15/2023 18:37:53.802430,406,True,True,True,True,Eyes,1.415685,0.0821089,-3.700089,0.09320067,-0.05768102,0.993975,0.0,0.0,0.0,0.0,0.0,0.0,0.0,-2.189419,0.3492372,3.294681,1.426538,0.07789898,-3.705315,0.07519098,0.1068989,-0.02849537,0.9910131,8.923916,12.13026,357.6561,0.3564575,0.02119378,-0.9340705,0,0,0,1.595764,-0.03126413,-2.831429,-0.01940706,0.0294379,0.8960961,0.9755213,-0.04040291,-0.2161617,0.07255426,0.9870687,0.1429383,0.2075914,-0.1551228,0.9658379,moving,5.356711,-3.321187,-1.240681,1.881563,1.316549641455814,1.0364769994019838,8.402034799033148,2.693250619977143,8.39063344036723
224,05/15/2023 18:37:53.832371,407,True,True,True,True,Eyes,1.416189,0.08191472,-3.699961,0.09672813,-0.06033794,0.9934802,0.0,0.0,0.0,0.0,0.0,0.0,0.0,-2.19936,0.3526619,3.287578,1.426665,0.07776833,-3.705173,0.07604165,0.1083389,-0.02903445,0.9907761,9.031163,12.29252,357.6174,0.3565386,0.02114654,-0.9340406,0,0,0,1.599835,-0.0342249,-2.831446,-0.01801735,0.02846482,0.8971028,0.9748393,-0.04105676,-0.2190947,0.07400982,0.9867494,0.1443894,0.2102633,-0.1569716,0.9649608,moving,5.560957,-3.475528,-1.15057,1.817369,1.3431126445502215,1.01607581021555,8.547476430171539,2.619260183281899,8.53474662398153
225,05/15/2023 18:37:53.852273,408,True,True,True,True,Eyes,1.41677,0.08171906,-3.699856,0.100185,-0.0631479,0.992963,0.0,0.0,0.0,0.0,0.0,0.0,0.0,-2.209471,0.3587945,3.280088,1.426896,0.07754326,-3.705055,0.07718315,0.1097878,-0.02940695,0.9905174,9.169724,12.45722,357.6018,0.3566238,0.02109909,-0.9340091,0,0,0,1.604708,-0.03776826,-2.831465,-0.01598406,0.02756719,0.8983624,0.9741637,-0.04130865,-0.2220328,0.07520372,0.986356,0.1464455,0.212954,-0.1593595,0.9639788,moving,5.76136,-3.638849,-1.019324,1.75763,1.370075224637178,0.9943501785594524,8.666006064231492,2.508351000261937,8.651774247860782
226,05/15/2023 18:37:53.862699,409,True,True,True,True,Eyes,1.417339,0.08151907,-3.69975,0.1036035,-0.06595352,0.9924296,0.0,0.0,0.0,0.0,0.0,0.0,0.0,-2.21635,0.3663321,3.274639,1.427146,0.07744503,-3.704987,0.07850061,0.1107436,-0.02976102,0.9902969,9.327039,12.56467,357.5863,0.3567142,0.0210514,-0.9339756,0,0,0,1.608019,-0.04017571,-2.831479,-0.01467153,0.02789737,0.899206,0.9737003,-0.04155761,-0.2240105,0.07633135,0.9859039,0.1488861,0.2146655,-0.1620695,0.9631471,moving,5.959735,-3.802094,-0.9347607,1.777,1.396884280998126,0.972617748003983,8.869067640860255,2.466495312126081,8.853115423638897
227,05/15/2023 18:37:53.872423,410,True,True,True,True,Eyes,1.417892,0.08131946,-3.699645,0.1069802,-0.06875024,0.9918814,0.0,0.0,0.0,0.0,0.0,0.0,0.0,-2.225832,0.3727239,3.267489,1.427407,0.07718754,-3.704901,0.07965981,0.1120959,-0.03010709,0.9900417,9.467193,12.71849,357.5738,0.3568091,0.02100338,-0.9339405,0,0,0,1.61498,-0.04523798,-2.831506,-0.01041675,0.02575049,0.9012307,0.9730562,-0.04175548,-0.2267559,0.07747362,0.9854957,0.1509833,0.2171626,-0.1644828,0.9621778,moving,6.155891,-3.964999,-0.6622155,1.636643,1.4235059168880155,0.9509147987573404,8.8241129492718,2.195553915267135,8.80643454070336
228,05/15/2023 18:37:53.882159,411,True,True,True,True,Eyes,1.418532,0.08111393,-3.699562,0.1103199,-0.07166186,0.9913093,0.0,0.0,0.0,0.0,0.0,0.0,0.0,-2.234923,0.3801028,3.260269,1.427546,0.07704258,-3.704712,0.08099774,0.113407,-0.03049272,0.989772,9.628243,12.86715,357.559,0.3569075,0.02095507,-0.9339039,0,0,0,1.618826,-0.04803495,-2.831522,-0.009083331,0.02582429,0.9021879,0.9724181,-0.04199028,-0.2294338,0.0787331,0.9850191,0.1534224,0.2195544,-0.1672547,0.9611564,moving,6.350152,-4.134726,-0.5768409,1.639591,1.4505057565109611,0.9282146396769642,9.018091120250416,2.1485322412504364,8.998390211371575
229,05/15/2023 18:37:53.902107,412,True,True,True,True,Eyes,1.419156,0.08091415,-3.699477,0.1136164,-0.07456286,0.9907228,0.0,0.0,0.0,0.0,0.0,0.0,0.0,-2.243735,0.3872742,3.253345,1.42783,0.07679558,-3.70459,0.08225846,0.1146577,-0.03081682,0.9895139,9.779593,13.00946,357.5501,0.3570109,0.02090633,-0.9338655,0,0,0,1.621847,-0.05023147,-2.831534,-0.008634448,0.02638207,0.9029018,0.971808,-0.04212422,-0.2319806,0.07985046,0.9845677,0.155725,0.2218409,-0.1698585,0.9601744,moving,6.54212,-4.304028,-0.5479028,1.673661,1.4773063508380582,0.9055555337559734,9.273682606453644,2.165977403370627,9.251811272136349
230,05/15/2023 18:37:53.922141,413,True,True,True,True,Eyes,1.419875,0.08070859,-3.69942,0.1168609,-0.077537,0.990117,0.0,0.0,0.0,0.0,0.0,0.0,0.0,-2.252258,0.3940131,3.246587,1.428063,0.07675362,-3.704455,0.08352743,0.1158722,-0.03121895,0.9892535,9.932879,13.14687,357.5323,0.3571185,0.02085735,-0.9338254,0,0,0,1.624292,-0.05200956,-2.831544,-0.008633256,0.02714484,0.9034637,0.9711981,-0.04240987,-0.2344692,0.08112392,0.9840971,0.1580248,0.2240387,-0.1724944,0.9591937,moving,6.731329,-4.477749,-0.5474864,1.720951,1.5042403352148206,0.8822370933574394,9.560598062740487,2.216534144377409,9.536383305751613
231,05/15/2023 18:37:53.932468,414,True,True,True,True,Eyes,1.420576,0.08050336,-3.699363,0.1200656,-0.08048724,0.9894978,0.0,0.0,0.0,0.0,0.0,0.0,0.0,-2.260374,0.3996003,3.240308,1.428348,0.07656384,-3.704393,0.08462386,0.1170185,-0.03165193,0.9890115,10.06677,13.27609,357.5084,0.3572316,0.02080798,-0.9337832,0,0,0,1.628317,-0.05493677,-2.83156,-0.006985366,0.02676181,0.904628,0.9706097,-0.04280313,-0.2368224,0.08241336,0.9836739,0.1599802,0.2261083,-0.1747957,0.958291,moving,6.918443,-4.650287,-0.4424184,1.694499,1.530932136786571,0.8590703974814224,9.717951941422942,2.1429076720526226,9.691292339533106
232,05/15/2023 18:37:53.952374,415,True,True,True,True,Eyes,1.421352,0.08029241,-3.699325,0.1232908,-0.08346281,0.9888546,0.0,0.0,0.0,0.0,0.0,0.0,0.0,-2.26908,0.4039851,3.233653,1.428598,0.07639503,-3.704282,0.08572824,0.1182498,-0.03239944,0.9887457,10.20609,13.41208,357.4496,0.3573493,0.02075827,-0.9337392,0,0,0,1.632538,-0.05800656,-2.831577,-0.005224824,0.02631656,0.9058423,0.9699346,-0.04379492,-0.2393929,0.0843443,0.9832019,0.1618644,0.2282827,-0.1771893,0.9573354,moving,7.106987,-4.824531,-0.3304737,1.664091,1.5578572456341324,0.835670965130685,9.870057604843474,2.062055652598245,9.840758206565647
233,05/15/2023 18:37:53.962708,416,True,True,True,True,Eyes,1.422103,0.080083,-3.699282,0.1264747,-0.08641262,0.9881989,0.0,0.0,0.0,0.0,0.0,0.0,0.0,-2.278049,0.4076714,3.226783,1.428876,0.07619572,-3.704098,0.08677347,0.1195196,-0.03321522,0.9884748,10.33985,13.55185,357.3827,0.3574727,0.02070809,-0.9336931,0,0,0,1.636523,-0.06090402,-2.831593,-0.003774017,0.02595876,0.9069126,0.9692237,-0.04492255,-0.2420485,0.08640706,0.9827343,0.163607,0.2305198,-0.1794865,0.9563709,moving,7.293355,-4.997492,-0.2384287,1.639542,1.5845267015998807,0.8124369441954965,10.038823936136229,2.001816467501343,10.006746057693443
234,05/15/2023 18:37:53.992608,417,True,True,True,True,Eyes,1.422923,0.07986906,-3.699258,0.1297748,-0.08936445,0.9875082,0.0,0.0,0.0,0.0,0.0,0.0,0.0,-2.286342,0.4127298,3.220119,1.429043,0.07604408,-3.703906,0.08787174,0.1207145,-0.0337546,0.9882143,10.47587,13.68566,357.348,0.3576007,0.02065752,-0.9336452,0,0,0,1.640605,-0.06387248,-2.831609,-0.002010316,0.02555009,0.9080642,0.9685774,-0.04549878,-0.2445156,0.08792831,0.9822784,0.1655229,0.2326514,-0.1818215,0.9554133,moving,7.486704,-5.170891,-0.1268439,1.611699,1.6117379821451103,0.7892009722388018,10.196550334975766,1.923322637155372,10.161453903869113
235,05/15/2023 18:37:54.002448,418,True,True,True,True,Eyes,1.423719,0.07965838,-3.699231,0.1330299,-0.09227352,0.9868072,0.0,0.0,0.0,0.0,0.0,0.0,0.0,-2.294393,0.4170729,3.213805,1.429366,0.07586193,-3.703768,0.08880958,0.1218574,-0.03419656,0.9879749,10.5922,13.81448,357.322,0.3577341,0.02060648,-0.9335952,0,0,0,1.644727,-0.06686994,-2.831626,-0.0002782643,0.02484449,0.9092668,0.9679628,-0.04592647,-0.246858,0.08921488,0.9818869,0.1671491,0.2347101,-0.1838175,0.9545273,moving,7.677668,-5.342031,-0.01753431,1.56514,1.6386045177657227,0.766268883127824,10.340461779585588,1.8387470946831759,10.302228155807974
236,05/15/2023 18:37:54.034380,419,True,True,True,True,Eyes,1.424582,0.07944179,-3.699224,0.1363679,-0.0951852,0.9860748,0.0,0.0,0.0,0.0,0.0,0.0,0.0,-2.302513,0.4211924,3.207404,1.429585,0.0757494,-3.703641,0.08969558,0.1230317,-0.03457657,0.987736,10.7019,13.94766,357.3031,0.3578719,0.0205551,-0.9335434,0,0,0,1.648773,-0.06981216,-2.831642,0.001412928,0.02402983,0.910513,0.9673353,-0.04623424,-0.2492485,0.09037584,0.9815183,0.1686831,0.2368431,-0.1856991,0.9536358,moving,7.873703,-5.513644,0.08891114,1.511772,1.6658763528288636,0.7433131193377678,10.486155362027509,1.754237251269347,10.44456879487356
237,05/15/2023 18:37:54.072300,420,True,True,True,True,Eyes,1.425505,0.0792255,-3.699237,0.1397821,-0.09812713,0.9853081,0.0,0.0,0.0,0.0,0.0,0.0,0.0,-2.310983,0.4264414,3.200527,1.429848,0.07553673,-3.703471,0.09073891,0.1242515,-0.03495774,0.9874748,10.82978,14.08617,357.287,0.3580151,0.02050325,-0.9334897,0,0,0,1.653756,-0.07343616,-2.831662,0.003908664,0.02301122,0.9120489,0.9666791,-0.04649087,-0.2517343,0.0915886,0.9810888,0.1705177,0.2390462,-0.1878919,0.9526561,moving,8.074465,-5.687351,0.2455445,1.44528,1.693651097714712,0.7200976590636116,10.590864987218053,1.6195376333851765,10.545623920116997
238,05/15/2023 18:37:54.122175,421,True,True,True,True,Eyes,1.426421,0.07901733,-3.699248,0.1434315,-0.1010792,0.9844849,0.0,0.0,0.0,0.0,0.0,0.0,0.0,-2.317646,0.4332458,3.194759,1.430042,0.07543755,-3.703372,0.09190232,0.1252075,-0.03515808,0.987239,10.96815,14.19584,357.2907,0.3581641,0.02045095,-0.9334336,0,0,0,1.657226,-0.07595932,-2.831676,0.005391955,0.02303594,0.9131407,0.9661739,-0.04640511,-0.2536817,0.09243257,0.9806358,0.172655,0.2407573,-0.1902632,0.951754,moving,8.289209,-5.862142,0.3383189,1.445103,1.7225266903868706,0.6968485719652809,10.798725983758594,1.5735043362003382,10.74946197285558
239,05/15/2023 18:37:54.152131,422,True,True,True,True,Eyes,1.427203,0.07881029,-3.699222,0.1477372,-0.1041393,0.9835287,0.0,0.0,0.0,0.0,0.0,0.0,0.0,-2.325556,0.437914,3.188193,1.430256,0.07550526,-3.703136,0.09282436,0.1263661,-0.03539624,0.9869967,11.08006,14.3289,357.2892,0.3583182,0.02039846,-0.9333755,0,0,0,1.665463,-0.08194968,-2.831709,0.01131347,0.01948641,0.9159656,0.9655575,-0.04641224,-0.256017,0.09333163,0.9802614,0.1742889,0.2428744,-0.1921804,0.9508306,moving,8.542611,-6.044145,0.7076479,1.218736,1.754764933563192,0.6729006270162516,10.683449218231097,1.180843061705698,10.629452674813146
240,05/15/2023 18:37:54.163121,423,True,True,True,True,Eyes,1.428015,0.07857459,-3.699183,0.1523401,-0.1074961,0.9824648,0.0,0.0,0.0,0.0,0.0,0.0,0.0,-2.342428,0.4489163,3.174275,1.430786,0.07521152,-3.702934,0.09493257,0.1288087,-0.03600144,0.9864584,11.33638,14.60857,357.2775,0.3584744,0.02034588,-0.9333166,0,0,0,1.676219,-0.08977143,-2.831752,0.01699001,0.01694002,0.9196943,0.9642245,-0.04657156,-0.260964,0.09548409,0.9793834,0.1780194,0.2472933,-0.1965686,0.9487924,moving,8.814042,-6.24416,1.058335,1.055222,1.789680013288128,0.6465210589443082,10.650444528364673,0.8377959105183197,10.590868320745502
241,05/15/2023 18:37:54.182035,424,True,True,True,True,Eyes,1.42873,0.07833963,-3.699121,0.1571417,-0.1108647,0.9813336,0.0,0.0,0.0,0.0,0.0,0.0,0.0,-2.385755,0.4725519,3.138369,1.43226,0.07438278,-3.702377,0.09980584,0.1351088,-0.03771014,0.9850698,11.93614,15.32963,357.2275,0.3586332,0.02029248,-0.9332567,0,0,0,1.689672,-0.09955428,-2.831806,0.01722953,0.01840049,0.9239985,0.9606472,-0.04732493,-0.2737105,0.1012635,0.9772335,0.1864415,0.2586558,-0.2068214,0.9435688,moving,9.097583,-6.445574,1.068254,1.140836,1.8255833747910089,0.6200462230691015,11.0464356639751,0.9191135804007442,10.980910395488307
242,05/15/2023 18:37:54.202253,425,True,True,True,True,Eyes,1.429433,0.07811086,-3.699053,0.161866,-0.1142126,0.980181,0.0,0.0,0.0,0.0,0.0,0.0,0.0,-2.396703,0.4793559,3.128999,1.432575,0.0740881,-3.702277,0.1011636,0.1367108,-0.03815455,0.9846931,12.10258,15.51325,357.2166,0.3587923,0.0202384,-0.9331967,0,0,0,1.693481,-0.1023239,-2.831821,0.01769331,0.01887481,0.925319,0.9597088,-0.04748072,-0.2769558,0.1028013,0.9766203,0.188798,0.2615164,-0.2096625,0.9421523,moving,9.37713,-6.646247,1.095437,1.168567,1.8611396313804964,0.5936429987819499,11.386736002948561,0.9575166457454349,11.315030460943508
243,05/15/2023 18:37:54.212866,426,True,True,True,True,Eyes,1.430021,0.07788666,-3.698956,0.1667646,-0.1175743,0.9789616,0.0,0.0,0.0,0.0,0.0,0.0,0.0,-2.407732,0.4850648,3.119509,1.432984,0.07403851,-3.702009,0.1024948,0.1383158,-0.03875329,0.9843078,12.2685,15.69549,357.1881,0.3589516,0.02018387,-0.9331366,0,0,0,1.697578,-0.1053034,-2.831838,0.01841933,0.01890173,0.9266467,0.9587339,-0.04793707,-0.2802345,0.1046436,0.9759861,0.1910524,0.2643465,-0.2124932,0.9407272,moving,9.667452,-6.848482,1.138741,1.168557,1.8975992294765924,0.5671094085205777,11.7052050665096,0.968300065961346,11.62682668908942
244,05/15/2023 18:37:54.232618,427,True,True,True,True,Eyes,1.4306,0.07767086,-3.698858,0.171602,-0.120895,0.9777204,0.0,0.0,0.0,0.0,0.0,0.0,0.0,-2.419062,0.4911316,3.109842,1.433321,0.07381344,-3.701936,0.1038473,0.1399728,-0.03933426,0.9839087,12.43688,15.8842,357.1631,0.3591087,0.02012909,-0.9330773,0,0,0,1.701655,-0.1082682,-2.831854,0.01902419,0.01920258,0.9281526,0.9577209,-0.04833104,-0.2836105,0.1064743,0.9753371,0.1933411,0.2672715,-0.2153641,0.9392468,moving,9.954727,-7.048835,1.174218,1.185225,1.9336943765286876,0.5408197225705168,12.037320398771522,0.9960233571980699,11.951931027464548
245,05/15/2023 18:37:54.252269,428,True,True,True,True,Eyes,1.431074,0.07746232,-3.698731,0.1765229,-0.124166,0.9764336,0.0,0.0,0.0,0.0,0.0,0.0,0.0,-2.43171,0.4938549,3.099477,1.433662,0.07382488,-3.701759,0.1048786,0.1418473,-0.04009732,0.9834999,12.57232,16.09619,357.1154,0.3592636,0.02007428,-0.9330188,0,0,0,1.705892,-0.111349,-2.831871,0.01946697,0.018625,0.9297189,0.9565432,-0.04911793,-0.2874242,0.1086249,0.9747853,0.1949209,0.2706028,-0.2176717,0.9377598,moving,10.24744,-7.246993,1.199515,1.147649,1.9700196522594635,0.51489308884852,12.342404997154686,0.9970243037411958,12.249745661433796
246,05/15/2023 18:37:54.268010,429,True,True,True,True,Eyes,1.431545,0.07725956,-3.698606,0.1814003,-0.1273697,0.9751261,0.0,0.0,0.0,0.0,0.0,0.0,0.0,-2.444682,0.4957517,3.088985,1.434017,0.07367134,-3.701653,0.105683,0.1437884,-0.04069701,0.9831072,12.67961,16.31804,357.0842,0.3594145,0.02001968,-0.9329618,0,0,0,1.709831,-0.1142138,-2.831887,0.01943895,0.01794129,0.9312192,0.9553373,-0.04962708,-0.2913208,0.110411,0.9743497,0.1960919,0.2741169,-0.219499,0.9363121,moving,10.53813,-7.44177,1.195861,1.10375,2.005941648277482,0.489434786866517,12.661117728651012,1.0166680076607613,12.560986727517198
247,05/15/2023 18:37:54.284154,430,True,True,True,True,Eyes,1.431938,0.07705999,-3.698457,0.1862144,-0.1304439,0.9738113,0.0,0.0,0.0,0.0,0.0,0.0,0.0,-2.458578,0.4963856,3.077872,1.434404,0.07362366,-3.701535,0.1063473,0.1458817,-0.04131107,0.9827015,12.77179,16.55769,357.0515,0.3595619,0.0199654,-0.9329062,0,0,0,1.713955,-0.1172129,-2.831903,0.01929265,0.01678724,0.9328305,0.9540238,-0.05016465,-0.295503,0.1122212,0.9739673,0.1969622,0.2779298,-0.2210683,0.9348176,moving,10.82554,-7.629466,1.184813,1.030985,2.0410887584489013,0.4649656984282737,12.959437820057241,1.0264433858031266,12.851753830864352
248,05/15/2023 18:37:54.302151,431,True,True,True,True,Eyes,1.432324,0.07687272,-3.698306,0.1909651,-0.1334722,0.9724801,0.0,0.0,0.0,0.0,0.0,0.0,0.0,-2.473074,0.4985853,3.065775,1.434727,0.0734005,-3.701329,0.1070582,0.1481065,-0.04161544,0.9822785,12.86467,16.81697,357.0576,0.3597043,0.01991151,-0.9328524,0,0,0,1.718044,-0.1201863,-2.83192,0.01888022,0.01580762,0.9343493,0.9526653,-0.05004387,-0.2998741,0.1134679,0.9736134,0.1979949,0.282053,-0.222649,0.933206,moving,11.10976,-7.81498,1.157607,0.9692557,2.075838293938318,0.4407823889322528,13.274341647274394,1.0594492671565476,13.158849887504106
249,05/15/2023 18:37:54.312189,432,True,True,True,True,Eyes,1.432734,0.07668488,-3.698163,0.1950184,-0.1363413,0.9712769,0.0,0.0,0.0,0.0,0.0,0.0,0.0,-2.48461,0.5020108,3.055752,1.434958,0.07352352,-3.701137,0.1079558,0.149875,-0.04192507,0.9818988,12.97762,17.02264,357.0605,0.3598423,0.0198583,-0.9328004,0,0,0,1.722212,-0.1232173,-2.831937,0.01947719,0.01483194,0.9360182,0.9515597,-0.04997258,-0.3033761,0.1146921,0.9731756,0.1994363,0.2852719,-0.2245703,0.9317662,moving,11.35321,-7.990585,1.192071,0.9078203,2.1068671788323514,0.4176671676188335,13.506678446619995,1.0378353154471767,13.38368010267608
250,05/15/2023 18:37:54.342377,433,True,True,True,True,Eyes,1.433142,0.07649774,-3.698023,0.1990303,-0.1391679,0.9700614,0.0,0.0,0.0,0.0,0.0,0.0,0.0,-2.495647,0.5034181,3.046469,1.435348,0.07334518,-3.700953,0.1082953,0.151582,-0.04186264,0.9816021,13.02035,17.22548,357.0964,0.3599768,0.01980566,-0.9327496,0,0,0,1.726254,-0.1261564,-2.831953,0.01988131,0.01306158,0.937561,0.9505408,-0.04935367,-0.3066534,0.1150161,0.9730393,0.1999146,0.2885193,-0.225297,0.93059,moving,11.59464,-8.164118,1.214795,0.7981613,2.1375920669061417,0.3948321382104729,13.713629442100055,1.0070892906989035,13.583096439402386
251,05/15/2023 18:37:54.352166,434,True,True,True,True,Eyes,1.433557,0.07631007,-3.697886,0.2025765,-0.1418922,0.968932,0.0,0.0,0.0,0.0,0.0,0.0,0.0,-2.506751,0.5057137,3.037052,1.435708,0.07319355,-3.700894,0.1091012,0.1532531,-0.04237849,0.9812312,13.12617,17.41719,357.0732,0.3601079,0.01975357,-0.9327001,0,0,0,1.73039,-0.1291641,-2.831969,0.02047652,0.0123043,0.9392784,0.9494351,-0.04972599,-0.3100004,0.1166064,0.972602,0.2011178,0.2915063,-0.2270963,0.9292209,moving,11.80884,-8.331283,1.248865,0.750517,2.165850889643428,0.3726745186048799,13.928106951076481,0.9917802491237517,13.790098425680057
252,05/15/2023 18:37:54.372064,435,True,True,True,True,Eyes,1.433964,0.07611438,-3.697752,0.2061015,-0.144598,0.967788,0.0,0.0,0.0,0.0,0.0,0.0,0.0,-2.518644,0.5082411,3.026675,1.436026,0.07300568,-3.700694,0.109911,0.1550736,-0.0428112,0.9808359,13.23156,17.62777,357.0621,0.3602363,0.01970194,-0.9326516,0,0,0,1.734386,-0.1320703,-2.831985,0.02070832,0.01162424,0.9408327,0.9482388,-0.04989294,-0.3136144,0.1180701,0.9721736,0.2023315,0.2947928,-0.2288871,0.9277435,moving,12.02219,-8.497748,1.260913,0.7078684,2.193994800786605,0.3506100939668732,14.161513195088933,0.999137199882395,14.015832639145712
253,05/15/2023 18:37:54.402191,436,True,True,True,True,Eyes,1.434392,0.07589989,-3.697623,0.2093453,-0.1474442,0.9666616,0.0,0.0,0.0,0.0,0.0,0.0,0.0,-2.529422,0.5134284,3.016768,1.436234,0.07263565,-3.700598,0.1109799,0.1567295,-0.04309306,0.9804399,13.36339,17.82132,357.0711,0.3603618,0.01965054,-0.9326042,0,0,0,1.739389,-0.1357084,-2.832006,0.02224213,0.01101277,0.9429461,0.9471577,-0.04971262,-0.3168927,0.1192879,0.9716529,0.2041104,0.2977628,-0.2311261,0.9262386,moving,12.21957,-8.672443,1.351237,0.6691335,2.221597884334519,0.3272230536775824,14.331284440141477,0.9351100589149711,14.17743956533622
254,05/15/2023 18:37:54.432354,437,True,True,True,True,Eyes,1.434856,0.07567384,-3.697515,0.2123274,-0.1502963,0.9655714,0.0,0.0,0.0,0.0,0.0,0.0,0.0,-2.548132,0.5335885,2.997513,1.436806,0.07202816,-3.70043,0.1144159,0.1595384,-0.04343942,0.9795762,13.76964,18.15412,357.132,0.3604854,0.01959885,-0.9325575,0,0,0,1.742507,-0.1379761,-2.832018,0.01912829,0.01608863,0.9439644,0.9453211,-0.04859697,-0.3225003,0.1216119,0.970044,0.2102978,0.3026196,-0.2380188,0.9229131,moving,12.40185,-8.847392,1.160871,0.9764369,2.248119914989523,0.3036675346874211,14.928738162849402,1.27856514188718,14.766310465331959
255,05/15/2023 18:37:54.442570,438,True,True,True,True,Eyes,1.435313,0.07545134,-3.697404,0.215254,-0.1532089,0.964465,0.0,0.0,0.0,0.0,0.0,0.0,0.0,-2.556067,0.5448204,2.988809,1.43701,0.07160282,-3.700428,0.1162799,0.1607179,-0.04363802,0.9791551,13.98919,18.29423,357.1599,0.3606077,0.01954661,-0.9325114,0,0,0,1.750905,-0.1440829,-2.832052,0.02473256,0.0150839,0.9477808,0.944531,-0.04808025,-0.324884,0.1228333,0.9691494,0.2136853,0.3045871,-0.2417389,0.9212976,moving,12.58136,-9.02623,1.494807,0.9117835,2.274734424103165,0.2795287714932284,14.888779995284747,1.004008380735624,14.717071514122877
256,05/15/2023 18:37:54.462187,439,True,True,True,True,Eyes,1.435823,0.07522576,-3.697317,0.2180168,-0.1560852,0.9633826,0.0,0.0,0.0,0.0,0.0,0.0,0.0,-2.563087,0.5563581,2.980522,1.437294,0.07150269,-3.700208,0.1184148,0.1617221,-0.04414646,0.978711,14.24487,18.40993,357.1547,0.3607288,0.01949395,-0.9324657,0,0,0,1.755001,-0.1470613,-2.832068,0.02647206,0.01686752,0.9494143,0.9437943,-0.04811267,-0.3270135,0.1247138,0.968058,0.2175088,0.3061032,-0.2460666,0.9196479,moving,12.75145,-9.202973,1.597137,1.017823,2.300503987933282,0.2556088339723856,15.128891875335253,1.0371574396433305,14.947952975858579
257,05/15/2023 18:37:54.472456,440,True,True,True,True,Eyes,1.436324,0.07500234,-3.697229,0.2207414,-0.1589863,0.9622871,0.0,0.0,0.0,0.0,0.0,0.0,0.0,-2.571292,0.5646388,2.971925,1.437563,0.07129669,-3.700139,0.1199689,0.1629464,-0.04447698,0.9783036,14.43175,18.55354,357.1634,0.3608497,0.01944082,-0.93242,0,0,0,1.760778,-0.1512622,-2.832091,0.02942273,0.01666811,0.9520316,0.9429406,-0.047927,-0.3294936,0.126121,0.9672585,0.2202372,0.3081503,-0.2492266,0.918112,moving,12.9197,-9.381494,1.770174,1.003029,2.326274036382256,0.2314172319007819,15.236477544439365,0.9511214281749455,15.04622847186135
258,05/15/2023 18:37:54.492099,441,True,True,True,True,Eyes,1.43683,0.07477973,-3.697144,0.2240407,-0.1620922,0.9610057,0.0,0.0,0.0,0.0,0.0,0.0,0.0,-2.578689,0.573543,2.96374,1.437854,0.07115364,-3.699981,0.1216691,0.1640314,-0.04489551,0.9778931,14.63659,18.67981,357.1629,0.3609703,0.01938733,-0.9323744,0,0,0,1.763968,-0.153582,-2.832104,0.03010803,0.01821196,0.953324,0.9421562,-0.04789094,-0.331735,0.1277211,0.9663621,0.2232301,0.3098854,-0.2526872,0.9165807,moving,13.12305,-9.573932,1.808924,1.094425,2.3556549085505583,0.2055318468350402,15.550668417252197,1.0435735355537068,15.349706411165593
259,05/15/2023 18:37:54.502275,442,True,True,True,True,Eyes,1.437327,0.07455526,-3.697059,0.2273014,-0.1651933,0.9597111,0.0,0.0,0.0,0.0,0.0,0.0,0.0,-2.586826,0.5808076,2.955276,1.438209,0.07091713,-3.69989,0.123092,0.1652392,-0.04525186,0.9774951,14.80905,18.82126,357.1667,0.3610907,0.01933353,-0.9323289,0,0,0,1.76776,-0.15634,-2.832119,0.0310728,0.01896694,0.9549617,0.9412966,-0.04778772,-0.3341812,0.1291462,0.9656013,0.225689,0.3119007,-0.2555985,0.9150889,moving,13.32461,-9.766515,1.863647,1.137829,2.384916324223441,0.1796099745805017,15.819557230140957,1.0908278549121562,15.607686865977415
260,05/15/2023 18:37:54.512032,443,True,True,True,True,Eyes,1.437828,0.07432467,-3.696976,0.2309323,-0.1683972,0.9582863,0.0,0.0,0.0,0.0,0.0,0.0,0.0,-2.596093,0.5870761,2.94586,1.438525,0.07073879,-3.699741,0.1244939,0.166634,-0.04575752,0.9770572,14.98255,18.98297,357.1563,0.3612107,0.01927941,-0.9322836,0,0,0,1.771825,-0.1592956,-2.832135,0.03202248,0.01952596,0.9567336,0.9402787,-0.0479256,-0.337015,0.1309053,0.964815,0.2280258,0.3142289,-0.2585249,0.9134687,moving,13.54907,-9.966683,1.91701,1.169186,2.416420397574546,0.1527979091665872,16.10317975521484,1.1324555162979058,15.879316062267996
261,05/15/2023 18:37:54.532159,444,True,True,True,True,Eyes,1.438326,0.07409887,-3.696895,0.2345041,-0.1716032,0.9568491,0.0,0.0,0.0,0.0,0.0,0.0,0.0,-2.605039,0.5936108,2.936605,1.438867,0.07039165,-3.699589,0.1258235,0.1679875,-0.04611863,0.9766379,15.145,19.14193,357.161,0.3613304,0.01922484,-0.9322383,0,0,0,1.775064,-0.1616514,-2.832149,0.03218925,0.02053702,0.9580538,0.9393066,-0.04780884,-0.3397314,0.1323559,0.9640831,0.2302733,0.3165202,-0.2612627,0.9118973,moving,13.7706,-10.16745,1.924333,1.228015,2.4477563057106195,0.1258741319484115,16.437477434251097,1.2201173918892156,16.201326407844242
262,05/15/2023 18:37:54.552291,445,True,True,True,True,Eyes,1.438831,0.07386766,-3.696815,0.2383941,-0.1748213,0.955304,0.0,0.0,0.0,0.0,0.0,0.0,0.0,-2.613694,0.6016006,2.927343,1.439274,0.07030869,-3.699487,0.1274117,0.1692754,-0.04649017,0.9761921,15.337,19.29371,357.169,0.3614498,0.01916998,-0.9321932,0,0,0,1.779284,-0.16472,-2.832165,0.03333282,0.02124684,0.9599636,0.938369,-0.04763132,-0.3423374,0.133902,0.9632098,0.2330174,0.3186438,-0.2644959,0.9102242,moving,14.01186,-10.37042,1.988683,1.267918,2.480696580178827,0.0988061087115179,16.733430508284098,1.2684242103620218,16.48382575777853
263,05/15/2023 18:37:54.564948,446,True,True,True,True,Eyes,1.439331,0.07363657,-3.696737,0.2422348,-0.1780256,0.9537448,0.0,0.0,0.0,0.0,0.0,0.0,0.0,-2.624222,0.6057019,2.917072,1.439728,0.0699625,-3.699326,0.128296,0.170912,-0.04664309,0.9757836,15.44553,19.48908,357.1948,0.361569,0.01911474,-0.9321481,0,0,0,1.783282,-0.1676272,-2.832181,0.03358462,0.02089256,0.9616927,0.9372269,-0.04717246,-0.3455144,0.1348818,0.9627291,0.2344346,0.3215779,-0.2663221,0.9086584,moving,14.25082,-10.57313,2.000094,1.244542,2.5134495863856934,0.0717553590472788,17.02168202695198,1.2802196933614818,16.758783236776882
264,05/15/2023 18:37:54.582387,447,True,True,True,True,Eyes,1.439821,0.07340702,-3.696654,0.2463222,-0.1812239,0.9520942,0.0,0.0,0.0,0.0,0.0,0.0,0.0,-2.63483,0.6099204,2.906677,1.440087,0.06976318,-3.699241,0.1296074,0.1725119,-0.04743347,0.9752907,15.61521,19.67154,357.1548,0.3616879,0.01905915,-0.9321031,0,0,0,1.787428,-0.1706424,-2.832198,0.03417805,0.02142929,0.963626,0.9359794,-0.04780518,-0.3487941,0.1372405,0.961904,0.2364441,0.3242032,-0.2691755,0.9068831,moving,14.5053,-10.7769,2.031325,1.273944,2.5474136918651515,0.0446878738883449,17.344246694883033,1.3331984703914554,17.066777094916464
265,05/15/2023 18:37:54.602335,448,True,True,True,True,Eyes,1.440299,0.07316776,-3.696571,0.2503679,-0.1843976,0.950428,0.0,0.0,0.0,0.0,0.0,0.0,0.0,-2.647335,0.6104518,2.895167,1.440526,0.06958103,-3.699062,0.1304488,0.1744379,-0.0482689,0.9747947,15.73339,19.89128,357.1062,0.3618064,0.01900329,-0.9320582,0,0,0,1.791548,-0.1736381,-2.832215,0.03412655,0.0210596,0.9655004,0.9344831,-0.0485941,-0.3526754,0.1396149,0.9613065,0.2374817,0.3274889,-0.2711614,0.9051092,moving,14.75795,-10.97985,2.024333,1.249544,2.5811823956206115,0.0177222687220097,17.655114825736053,1.3518380180523646,17.36313674676316
266,05/15/2023 18:37:54.612160,449,True,True,True,True,Eyes,1.440758,0.07292847,-3.696484,0.254522,-0.1875648,0.9487033,0.0,0.0,0.0,0.0,0.0,0.0,0.0,-2.658963,0.613403,2.883793,1.440697,0.06913567,-3.698948,0.1315938,0.1762495,-0.04909371,0.9742736,15.88588,20.0984,357.0634,0.3619243,0.01894694,-0.9320136,0,0,0,1.795537,-0.1765391,-2.832231,0.03433332,0.02166294,0.9673781,0.9330518,-0.04927472,-0.3563511,0.1420481,0.9605458,0.2391112,0.3305095,-0.2737222,0.9032384,moving,15.0179,-11.18352,2.032637,1.282836,2.61553750976753,-0.0092830364786267,18.000752403660936,1.4175135303473125,17.693146259479278
267,05/15/2023 18:37:54.632218,450,True,True,True,True,Eyes,1.441218,0.072691,-3.696396,0.2586336,-0.1907043,0.9469639,0.0,0.0,0.0,0.0,0.0,0.0,0.0,-2.669497,0.6183119,2.873058,1.441097,0.06889153,-3.698849,0.1329271,0.1778565,-0.04972684,0.9737684,16.05553,20.28467,357.0438,0.3620412,0.01889015,-0.9319693,0,0,0,1.799633,-0.1795176,-2.832247,0.03475973,0.02229059,0.9693021,0.9317886,-0.04956094,-0.3596022,0.1441287,0.9597152,0.2411919,0.3331621,-0.2765689,0.901395,moving,15.276,-11.38621,2.05378,1.317372,2.6496836561728427,-0.0361636368066238,18.33597822203997,1.4789049623101798,18.012233058569006
268,05/15/2023 18:37:54.652295,451,True,True,True,True,Eyes,1.441588,0.07245529,-3.696274,0.2628616,-0.1937979,0.9451699,0.0,0.0,0.0,0.0,0.0,0.0,0.0,-2.681118,0.6223788,2.861369,1.441584,0.06871891,-3.698688,0.1340833,0.1796607,-0.05020484,0.973254,16.20255,20.49683,357.0425,0.3621573,0.01883303,-0.9319255,0,0,0,1.803749,-0.1825109,-2.832263,0.03474355,0.02241211,0.9712164,0.930403,-0.04954511,-0.3631742,0.1459031,0.9590023,0.2429545,0.3362478,-0.2790338,0.8994874,moving,15.54181,-11.58734,2.048781,1.321942,2.6842735390358854,-0.0627526086632281,18.673815714801435,1.5235583108077246,18.333553785225575
269,05/15/2023 18:37:54.665304,452,True,True,True,True,Eyes,1.441964,0.0722224,-3.696151,0.2670675,-0.1968677,0.9433547,0.0,0.0,0.0,0.0,0.0,0.0,0.0,-2.693499,0.6257131,2.849161,1.44207,0.06840897,-3.698639,0.1351078,0.181599,-0.05065014,0.9727294,16.33438,20.72549,357.0452,0.3622709,0.01877566,-0.9318824,0,0,0,1.807861,-0.1855014,-2.83228,0.03441289,0.02243862,0.9732224,0.9289128,-0.04946687,-0.3669797,0.1476086,0.9583609,0.2444506,0.3396068,-0.2812426,0.8975355,moving,15.80703,-11.78782,2.02512,1.320777,2.7187712394135444,-0.0892533006745284,19.020419515786422,1.5714125781475239,18.663304874903506
270,05/15/2023 18:37:54.702545,453,True,True,True,True,Eyes,1.442269,0.07199239,-3.695999,0.2713275,-0.1998663,0.9415067,0.0,0.0,0.0,0.0,0.0,0.0,0.0,-2.707149,0.6281502,2.835629,1.442575,0.06826878,-3.698423,0.1362179,0.1837441,-0.05133901,0.9721354,16.48182,20.97563,357.0255,0.3623825,0.01871816,-0.9318402,0,0,0,1.811897,-0.1884358,-2.832296,0.03367347,0.02257627,0.9751042,0.9272048,-0.04975844,-0.3712347,0.1498754,0.957618,0.2459781,0.3432615,-0.283711,0.8953657,moving,16.07615,-11.98503,1.977821,1.326314,2.7533056453564657,-0.1152498528011594,19.389552848855924,1.636912574600906,19.015180816839813
271,05/15/2023 18:37:54.722159,454,True,True,True,True,Eyes,1.442514,0.07175346,-3.695812,0.2757778,-0.2029044,0.9395618,0.0,0.0,0.0,0.0,0.0,0.0,0.0,-2.721683,0.6298693,2.821413,1.443093,0.06799793,-3.698312,0.1371922,0.1860476,-0.05197373,0.9715264,16.61329,21.24557,357.0127,0.3624909,0.01866063,-0.9317992,0,0,0,1.816037,-0.1914464,-2.832313,0.03265771,0.02252663,0.9771276,0.92537,-0.04993914,-0.3757611,0.1520362,0.9569541,0.2472324,0.3472396,-0.2859108,0.8931292,moving,16.35788,-12.18624,1.914236,1.320659,2.7890616080795496,-0.1417111913639757,19.775114983102807,1.7040676104960346,19.382522811405977
272,05/15/2023 18:37:54.731959,455,True,True,True,True,Eyes,1.442768,0.07151046,-3.695624,0.2802038,-0.2059357,0.9375907,0.0,0.0,0.0,0.0,0.0,0.0,0.0,-2.750395,0.6350903,2.792485,1.444028,0.06747246,-3.698136,0.139326,0.1906446,-0.05307901,0.970271,16.89426,21.78855,357.0119,0.3625955,0.01860287,-0.9317597,0,0,0,1.820158,-0.1944433,-2.832329,0.02661875,0.02501517,0.9789595,0.9216746,-0.04987854,-0.3847442,0.1561255,0.9555418,0.2501295,0.3551631,-0.2906064,0.888486,moving,16.63905,-12.38793,1.557538,1.46375,2.824813091982564,-0.1682464230681688,20.47732997801579,2.0662522797729017,20.06670656729644
273,05/15/2023 18:37:54.752150,456,True,True,True,True,Eyes,1.44295,0.07126822,-3.69541,0.2845655,-0.2089007,0.935619,0.0,0.0,0.0,0.0,0.0,0.0,0.0,-2.764284,0.6398729,2.77756,1.444451,0.06715775,-3.697918,0.1406707,0.1928896,-0.05354762,0.9696072,17.06451,22.05655,357.0276,0.3626968,0.0185448,-0.9317214,0,0,0,1.827409,-0.1997165,-2.832358,0.02868849,0.02400298,0.9826871,0.9198525,-0.04957248,-0.3891194,0.1581082,0.9546888,0.2521331,0.3589892,-0.2934482,0.8860108,moving,16.91697,-12.5863,1.672214,1.399221,2.8600765061255844,-0.1943328150454821,20.68809762015292,1.9875691421696415,20.25772940195445
274,05/15/2023 18:37:54.782474,457,True,True,True,True,Eyes,1.443147,0.07102864,-3.695197,0.2888953,-0.2118578,0.9336251,0.0,0.0,0.0,0.0,0.0,0.0,0.0,-2.776869,0.6441897,2.764136,1.444865,0.06687546,-3.697882,0.1419777,0.1949004,-0.05411342,0.9689831,17.23199,22.29487,357.0276,0.3627938,0.01848649,-0.9316848,0,0,0,1.831245,-0.2025058,-2.832374,0.02789414,0.02484563,0.9846634,0.9181712,-0.04952691,-0.3930761,0.160213,0.9538281,0.2540546,0.3623445,-0.2962415,0.8837124,moving,17.19384,-12.78502,1.622676,1.445415,2.8952898988277225,-0.2204786952958641,21.09422737632552,2.0963654117343204,20.643815192521295
275,05/15/2023 18:37:54.797896,458,True,True,True,True,Eyes,1.443295,0.07079214,-3.694955,0.2931367,-0.2147341,0.9316438,0.0,0.0,0.0,0.0,0.0,0.0,0.0,-2.789913,0.6482728,2.750065,1.44536,0.06665039,-3.697731,0.1433123,0.1969886,-0.05472302,0.9683298,17.40396,22.5423,357.0254,0.3628873,0.01842804,-0.9316496,0,0,0,1.837017,-0.2067034,-2.832397,0.02875307,0.02464834,0.9876679,0.9164018,-0.04951808,-0.3971848,0.1624416,0.952934,0.2559875,0.3658148,-0.2991067,0.8813142,moving,17.4659,-12.9794,1.667529,1.429582,2.929824357971445,-0.2460427465688619,21.38240605100289,2.0978817559791643,20.91160554397914
276,05/15/2023 18:37:54.802286,459,True,True,True,True,Eyes,1.443458,0.07055208,-3.694721,0.2973656,-0.217603,0.9296358,0.0,0.0,0.0,0.0,0.0,0.0,0.0,-2.804247,0.650911,2.734713,1.445912,0.06644535,-3.69744,0.1444156,0.1993301,-0.05523238,0.9676576,17.54823,22.82162,357.035,0.3629768,0.01836955,-0.9316159,0,0,0,1.840635,-0.2093343,-2.832412,0.02704948,0.02504275,0.9893317,0.9144338,-0.04931935,-0.4017194,0.1644648,0.952187,0.2574707,0.3698137,-0.3015086,0.8788235,moving,17.73808,-13.17423,1.566143,1.450007,2.964401616742349,-0.2716704356726918,21.803666071652675,2.2179495827900872,21.312572202086887
277,05/15/2023 18:37:54.822180,460,True,True,True,True,Eyes,1.443639,0.07031362,-3.694494,0.3015074,-0.2204211,0.9276356,0.0,0.0,0.0,0.0,0.0,0.0,0.0,-2.818322,0.6548132,2.71945,1.446404,0.0661478,-3.697385,0.1456631,0.2016275,-0.05570133,0.9669674,17.70792,23.09733,357.0526,0.363063,0.01831094,-0.9315835,0,0,0,1.847425,-0.2142719,-2.832439,0.02835321,0.02420495,0.9930743,0.9124874,-0.04898336,-0.4061616,0.1664621,0.9513592,0.2592411,0.3737072,-0.3041648,0.8762572,moving,18.00561,-13.36651,1.635405,1.396237,2.99844706657418,-0.2969722062888733,22.043645586155527,2.1736699591962454,21.53145452347046
278,05/15/2023 18:37:54.842530,461,True,True,True,True,Eyes,1.443834,0.07007259,-3.694261,0.3056453,-0.2232106,0.9256122,0.0,0.0,0.0,0.0,0.0,0.0,0.0,-2.832324,0.6590557,2.703967,1.446899,0.06595707,-3.697295,0.1469204,0.2039357,-0.05606539,0.9662719,17.86635,23.37672,357.0836,0.3631465,0.01825223,-0.9315522,0,0,0,1.849567,-0.2158296,-2.832447,0.0251925,0.02568728,0.9940881,0.9105338,-0.04842414,-0.4105888,0.1682734,0.9505421,0.2610627,0.3776402,-0.3067976,0.8736492,moving,18.27368,-13.55798,1.451697,1.480196,3.0324705637156466,-0.3221528217338345,22.563817262583584,2.3973540278706453,22.030660876215578
279,05/15/2023 18:37:54.865817,462,True,True,True,True,Eyes,1.444077,0.0698337,-3.694046,0.3096713,-0.2259991,0.9235951,0.0,0.0,0.0,0.0,0.0,0.0,0.0,-2.845615,0.6641531,2.688422,1.447381,0.06567955,-3.696893,0.147995,0.2062055,-0.05596221,0.965632,17.99276,23.65936,357.1649,0.3632278,0.0181934,-0.9315216,0,0,0,1.852728,-0.2181281,-2.83246,0.02311918,0.0260717,0.99543,0.9086951,-0.04704305,-0.4148013,0.1691125,0.9499314,0.262738,0.3816729,-0.3088969,0.8711537,moving,18.53574,-13.74981,1.330474,1.500313,3.066083381226763,-0.3474377109413007,22.991029329847002,2.5350587003038862,22.436660205177255
280,05/15/2023 18:37:54.872007,463,True,True,True,True,Eyes,1.444336,0.06959696,-3.693833,0.313701,-0.2287671,0.9215515,0.0,0.0,0.0,0.0,0.0,0.0,0.0,-2.858269,0.6696032,2.673804,1.447877,0.06553173,-3.696845,0.149268,0.2083161,-0.05609366,0.9649752,18.14665,23.91997,357.2213,0.3633083,0.01813447,-0.9314914,0,0,0,1.857962,-0.2219347,-2.832481,0.02317259,0.02585672,0.9983609,0.9069158,-0.04606815,-0.4187857,0.1704478,0.9491452,0.2647094,0.3852938,-0.3114502,0.868647,moving,18.79885,-13.94137,1.329633,1.483581,3.099752274528326,-0.3726746117109007,23.30456298550758,2.5649575322146947,22.72787133936912
281,05/15/2023 18:37:54.881910,464,True,True,True,True,Eyes,1.444633,0.06936119,-3.693639,0.3177701,-0.2315842,0.9194514,0.0,0.0,0.0,0.0,0.0,0.0,0.0,-2.871958,0.6745319,2.65765,1.448449,0.065382,-3.69648,0.1504456,0.2106475,-0.05612053,0.9642844,18.28766,24.20945,357.2926,0.3633882,0.01807552,-0.9314614,0,0,0,1.862362,-0.2251344,-2.832499,0.02202231,0.02574959,1.00052,0.9049562,-0.04485035,-0.4231343,0.1716143,0.9484332,0.2665013,0.3893621,-0.313788,0.8659875,moving,19.06557,-14.13716,1.260926,1.474251,3.1340043375488245,-0.3984880166062654,23.67955872430179,2.648692863076818,23.08000635556994
282,05/15/2023 18:37:54.902090,465,True,True,True,True,Eyes,1.44494,0.06912588,-3.693437,0.3218392,-0.2343605,0.9173301,0.0,0.0,0.0,0.0,0.0,0.0,0.0,-2.884521,0.6787891,2.643127,1.448946,0.06521225,-3.696434,0.1514032,0.2127954,-0.056043,0.9636673,18.40042,24.47785,357.3677,0.3634683,0.01801655,-0.9314313,0,0,0,1.866247,-0.2279596,-2.832514,0.02068394,0.02556372,1.002681,0.9031546,-0.04357777,-0.4270982,0.1724494,0.9478725,0.2679532,0.3931578,-0.3156559,0.8635905,moving,19.33308,-14.33143,1.181766,1.46046,3.1681989320075825,-0.4240760204134555,24.059384649211125,2.738136557149775,23.436577934732895
283,05/15/2023 18:37:54.921945,466,True,True,True,True,Eyes,1.445301,0.0688872,-3.693262,0.3258653,-0.2371509,0.9151891,0.0,0.0,0.0,0.0,0.0,0.0,0.0,-2.8977,0.6824464,2.627395,1.449452,0.0650053,-3.696007,0.1523181,0.2150931,-0.0559814,0.9630163,18.5089,24.7645,357.4435,0.3635489,0.01795758,-0.931401,0,0,0,1.869422,-0.2302687,-2.832527,0.01852083,0.02560148,1.004072,0.9012021,-0.04229686,-0.4313303,0.1733471,0.9473305,0.2692872,0.3972223,-0.317452,0.8610683,moving,19.59895,-14.5274,1.056742,1.460592,3.202402681279179,-0.4499227285284539,24.483246633306784,2.8729647208261335,23.836788720458053
284,05/15/2023 18:37:54.942208,467,True,True,True,True,Eyes,1.445666,0.06865094,-3.693076,0.3298472,-0.2399086,0.9130414,0.0,0.0,0.0,0.0,0.0,0.0,0.0,-2.909731,0.6861719,2.613119,1.449899,0.06475544,-3.695856,0.1532765,0.2171682,-0.05604358,0.9623947,18.62463,25.02244,357.5022,0.3636309,0.01789851,-0.9313701,0,0,0,1.872944,-0.2328297,-2.832541,0.01707399,0.02574901,1.005924,0.8993943,-0.04129853,-0.4351832,0.1744456,0.9467309,0.2706832,0.4008226,-0.3193667,0.8586887,moving,19.86287,-14.72211,0.9724126,1.4663,3.236368985993291,-0.475605356299422,24.877982215391082,2.982699269203013,24.20714827831317
285,05/15/2023 18:37:54.952199,468,True,True,True,True,Eyes,1.446077,0.06840955,-3.692916,0.3336864,-0.2426485,0.91092,0.0,0.0,0.0,0.0,0.0,0.0,0.0,-2.920157,0.6901656,2.600036,1.450329,0.06456947,-3.695431,0.1542879,0.2189796,-0.05614901,0.9618164,18.74665,25.24807,357.5525,0.3637143,0.01783941,-0.9313387,0,0,0,1.877357,-0.2360385,-2.832559,0.01711366,0.02545451,1.008129,0.8977904,-0.04043826,-0.4385625,0.1755818,0.946085,0.2722023,0.40391,-0.3213842,0.8564864,moving,20.1187,-14.91594,0.9725398,1.446368,3.269679207536836,-0.5012321885850244,25.185324565923867,3.0116433972559085,24.489580301507853
286,05/15/2023 18:37:54.972053,469,True,True,True,True,Eyes,1.446488,0.06816974,-3.692748,0.3374677,-0.2453689,0.9087957,0.0,0.0,0.0,0.0,0.0,0.0,0.0,-2.929811,0.6947253,2.587924,1.450704,0.06429005,-3.695283,0.1554077,0.2206294,-0.05635356,0.9612468,18.88301,25.45314,357.5914,0.3637998,0.01778013,-0.9313065,0,0,0,1.881307,-0.2389112,-2.832575,0.01696736,0.02584887,1.010277,0.896294,-0.03976436,-0.441674,0.1769144,0.9453455,0.2739038,0.406643,-0.3236368,0.8543423,moving,20.37173,-15.10923,0.9621779,1.465645,3.3027445376335534,-0.5268058676338423,25.523659494442395,3.073778236167679,24.802338063408857
287,05/15/2023 18:37:54.982300,470,True,True,True,True,Eyes,1.44696,0.06792808,-3.692611,0.3410513,-0.2480509,0.9067275,0.0,0.0,0.0,0.0,0.0,0.0,0.0,-2.938366,0.6995422,2.576607,1.451088,0.06410694,-3.694926,0.1565473,0.2221024,-0.05653185,0.960712,19.02044,25.63751,357.6307,0.3638871,0.01772074,-0.9312736,0,0,0,1.885318,-0.2418282,-2.832591,0.01730242,0.02610857,1.012321,0.8949493,-0.03908263,-0.4444527,0.1781607,0.9445942,0.275682,0.4090531,-0.3259054,0.852327,moving,20.613,-15.2999,0.9791945,1.477376,3.334754684515512,-0.552105703813276,25.825632778152915,3.1092538926545688,25.078780293086897
288,05/15/2023 18:37:55.002163,471,True,True,True,True,Eyes,1.447429,0.06768169,-3.692467,0.3445846,-0.2507253,0.9046537,0.0,0.0,0.0,0.0,0.0,0.0,0.0,-2.94648,0.7053728,2.565721,1.451541,0.06389809,-3.694748,0.1577281,0.2234886,-0.05657126,0.9601951,19.15868,25.81444,357.6861,0.3639773,0.01766118,-0.9312395,0,0,0,1.889414,-0.2448067,-2.832607,0.0176996,0.026414,1.014547,0.8937052,-0.03813803,-0.447031,0.1791397,0.9438431,0.2776135,0.4113395,-0.3281856,0.8503495,moving,20.85195,-15.49074,0.9994697,1.491373,3.366608647946556,-0.577450252824627,26.124952363720343,3.1437837791924235,25.35206276426967
289,05/15/2023 18:37:55.022270,472,True,True,True,True,Eyes,1.447956,0.06743342,-3.69235,0.3478985,-0.253344,0.9026535,0.0,0.0,0.0,0.0,0.0,0.0,0.0,-2.95432,0.7134527,2.554147,1.451893,0.06355476,-3.694408,0.1590847,0.2248807,-0.05637229,0.9596578,19.31052,25.99815,357.7746,0.3640699,0.01760135,-0.9312044,0,0,0,1.893562,-0.2478233,-2.832624,0.01818305,0.02703224,1.016681,0.8925017,-0.03664608,-0.4495529,0.1797463,0.9430285,0.2799796,0.4136811,-0.3306877,0.8482416,moving,21.07754,-15.67762,1.02461,1.523063,3.3971894323292027,-0.6023423199560083,26.419377306276335,3.1853541305181223,25.620653666559743
290,05/15/2023 18:37:55.042014,473,True,True,True,True,Eyes,1.448476,0.06718847,-3.692221,0.3511375,-0.2559787,0.9006538,0.0,0.0,0.0,0.0,0.0,0.0,0.0,-2.961472,0.7200479,2.543886,1.452351,0.06333065,-3.69416,0.1602953,0.2261165,-0.0563085,0.9591694,19.44886,26.15958,357.8407,0.3641659,0.01754121,-0.931168,0,0,0,1.8975,-0.2506869,-2.832639,0.01871079,0.02744407,1.018764,0.8914013,-0.03552795,-0.45182,0.1805096,0.9422696,0.2820362,0.415716,-0.3329652,0.8463535,moving,21.2993,-15.86591,1.052186,1.543095,3.427597848133902,-0.6274705440373458,26.702417126901096,3.2177532890538787,25.87751786675813
291,05/15/2023 18:37:55.062143,474,True,True,True,True,Eyes,1.449045,0.06693947,-3.69212,0.3542705,-0.2585594,0.8986877,0.0,0.0,0.0,0.0,0.0,0.0,0.0,-2.967208,0.7283065,2.534404,1.452671,0.06318474,-3.69374,0.1618693,0.2270997,-0.05641995,0.9586663,19.63234,26.28952,357.8914,0.3642647,0.01748088,-0.9311304,0,0,0,1.90171,-0.2537481,-2.832656,0.02017984,0.02845969,1.020946,0.890485,-0.03465488,-0.4536909,0.1816967,0.9412302,0.2847314,0.4171603,-0.3359832,0.8444482,moving,21.51479,-16.05094,1.132351,1.596753,3.4573026798502258,-0.652184946613027,26.960802803532577,3.2346749761536167,26.109008173122824
292,05/15/2023 18:37:55.072755,475,True,True,True,True,Eyes,1.449609,0.06670211,-3.692009,0.3573463,-0.2611302,0.8967244,0.0,0.0,0.0,0.0,0.0,0.0,0.0,-2.974568,0.734128,2.524021,1.453071,0.06290531,-3.693551,0.1630828,0.2283661,-0.05653107,0.9581531,19.77554,26.45221,357.9388,0.364367,0.01742026,-0.9310915,0,0,0,1.907803,-0.2581787,-2.832681,0.02265698,0.02798826,1.024536,0.8893064,-0.03384566,-0.4560577,0.182816,0.9404165,0.2866969,0.4191808,-0.3383361,0.8425059,moving,21.72737,-16.2358,1.266853,1.564815,3.4867826062348133,-0.6769003440367276,27.120004614408053,3.1548970094644226,26.241349831015956
293,05/15/2023 18:37:55.082150,476,True,True,True,True,Eyes,1.450221,0.06646487,-3.691917,0.3603351,-0.2635672,0.8948134,0.0,0.0,0.0,0.0,0.0,0.0,0.0,-2.981756,0.7389646,2.513794,1.453505,0.06294155,-3.693163,0.1643506,0.2295893,-0.05686086,0.9576244,19.9306,26.60608,357.9618,0.3644724,0.01735968,-0.9310513,0,0,0,1.909735,-0.2595841,-2.832689,0.02151653,0.02948543,1.025306,0.8881112,-0.0334364,-0.4584107,0.184369,0.9395114,0.288663,0.4210302,-0.3408816,0.8405553,moving,21.9343,-16.41233,1.202203,1.647241,3.515220431000292,-0.7004676993976025,27.494871353062376,3.2957223446974977,26.590419529691882
383,05/15/2023 18:37:56.612284,566,True,True,True,True,Eyes,1.459721,0.06547903,-3.685005,0.4308363,-0.3105817,0.8473011,0.0,0.0,0.0,0.0,0.0,0.0,0.0,-2.92678,0.5836184,2.616738,1.451845,0.07069016,-3.693388,0.1330499,0.221655,-0.0475635,0.964834,16.13059,25.59926,358.0433,0.3686152,0.01623636,-0.92944,0,0,0,1.909735,-0.2595841,-2.832689,0.04262665,-0.04522353,1.027466,0.8972136,-0.03279942,-0.440377,0.1507641,0.9600708,0.2356568,0.4150637,-0.2778275,0.8663337,moving,26.95246,-20.13062,2.375678,-2.520227,4.162271139316411,-1.1911079268916145,30.234816934950558,2.226762797415334,28.68854370002302
384,05/15/2023 18:37:56.622347,567,True,True,True,True,Eyes,1.459534,0.0655736,-3.685068,0.4312206,-0.3108982,0.8469895,0.0,0.0,0.0,0.0,0.0,0.0,0.0,-2.927231,0.5807924,2.617013,1.451528,0.07046604,-3.693624,0.1324847,0.2217971,-0.04742749,0.9648858,16.06358,25.61559,358.0467,0.3685769,0.01626451,-0.9294546,0,0,0,1.909705,-0.2566007,-2.832689,0.0424366,-0.04325349,1.026857,0.8971134,-0.03275478,-0.4405845,0.1502936,0.9603968,0.2346267,0.4154509,-0.2767038,0.8665078,moving,26.98163,-20.1563,2.366499,-2.412,4.1663400845303125,-1.1945444422468838,30.344107445056956,2.172930271469198,28.79109308451058
385,05/15/2023 18:37:56.632555,568,True,True,True,True,Eyes,1.459359,0.06566542,-3.685125,0.4316013,-0.3111951,0.8466864,1.010723,1.895589,-0.2488668,-2.82936,-0.9382463,0.2654071,0.2219302,0.028276,-0.03689552,1.022051,1.451407,0.07048512,-3.69392,0.1326351,0.2216345,-0.04723134,0.9649121,16.07519,25.59971,358.0704,0.3685378,0.01629223,-0.9294696,0,0,0,1.909668,-0.2528495,-2.83269,0.04250336,-0.03939172,1.026114,0.8972948,-0.03235516,-0.4402446,0.1499412,0.9603543,0.2350262,0.4151866,-0.2768985,0.8665723,moving,27.01037,-20.18064,2.371932,-2.198462,4.170276287041682,-1.1977920933553288,30.502645011597405,2.058004479295347,28.941276086480435
386,05/15/2023 18:37:56.652325,569,True,True,True,True,Eyes,1.459172,0.06575273,-3.685184,0.4320131,-0.3115748,0.8463367,1.008039,1.894658,-0.2483269,-2.832043,-0.9980227,0.04573039,0.04311797,0.02824563,-0.03738082,1.019116,1.451497,0.07050896,-3.69387,0.1326023,0.2217486,-0.0470055,0.9649014,16.06592,25.61685,358.0975,0.3684983,0.01631951,-0.9294848,0,0,0,1.909629,-0.2490129,-2.83269,0.04198468,-0.03595286,1.024966,0.8972361,-0.03190259,-0.4403973,0.1495201,0.9604142,0.2350495,0.4154651,-0.2767431,0.8664884,moving,27.04207,-20.21094,2.34564,-2.008948,4.174879221730696,-1.2018706132125765,30.67940950398107,1.9993724111784525,29.109398996957072
387,05/15/2023 18:37:56.668431,570,True,True,True,True,Eyes,1.458988,0.0658425,-3.685247,0.4324186,-0.3119597,0.8459878,1.007491,1.894645,-0.248454,-2.832923,-0.9991848,0.03727487,-0.01550097,0.02806979,-0.03847664,1.018634,1.451472,0.07048225,-3.694179,0.1321873,0.2219872,-0.04693816,0.9649068,16.01781,25.64457,358.0984,0.3684581,0.01634626,-0.9295002,0,0,0,1.909615,-0.2475997,-2.83269,0.04136804,-0.0353667,1.024827,0.897037,-0.0318941,-0.4408032,0.1492697,0.9606467,0.2342575,0.4159847,-0.2759362,0.8664964,moving,27.07341,-20.24155,2.311539,-1.976488,4.179479385291621,-1.2059968411577666,30.76950999422131,2.020608301689731,29.193401624645976
388,05/15/2023 18:37:56.683295,571,True,True,True,True,Eyes,1.458788,0.06593154,-3.685307,0.4328589,-0.312391,0.8456033,1.008351,1.895262,-0.2490683,-2.832642,-0.9551484,-0.2961096,0.003290901,0.02813324,-0.03846415,1.019559,1.451378,0.0706358,-3.694343,0.1324057,0.2221976,-0.04715095,0.964818,16.04835,25.66795,358.0833,0.3684174,0.01637261,-0.9295159,0,0,0,1.909586,-0.2446277,-2.832691,0.04085761,-0.03206444,1.024252,0.8968099,-0.03214373,-0.4412466,0.1498246,0.9604911,0.234541,0.4162745,-0.2764484,0.8661939,moving,27.10761,-20.27573,2.284329,-1.793072,4.184558120744559,-1.2106112542269205,30.9484074929539,1.9874937060761155,29.363086820785508
389,05/15/2023 18:37:56.702369,572,True,True,True,True,Eyes,1.458594,0.06602408,-3.685366,0.4332846,-0.3127724,0.8452442,0.0,0.0,0.0,0.0,0.0,0.0,0.0,-2.930372,0.578678,2.61515,1.451293,0.07069969,-3.694551,0.1319877,0.222381,-0.04707321,0.9648368,15.99953,25.68914,358.0844,0.3683758,0.01639857,-0.9295319,0,0,0,1.909556,-0.2416239,-2.832691,0.04038829,-0.03006355,1.02363,0.8966616,-0.03213282,-0.441549,0.149539,0.9607267,0.2337568,0.4166967,-0.2756295,0.8662519,moving,27.14034,-20.30638,2.259487,-1.682268,4.189262595114662,-1.2147310841594792,31.079163338097647,1.9856043450732608,29.48628527275653
390,05/15/2023 18:37:56.712180,573,True,True,True,True,Eyes,1.458377,0.06611795,-3.685422,0.4336698,-0.3131782,0.8448964,0.0,0.0,0.0,0.0,0.0,0.0,0.0,-2.93035,0.5755535,2.615935,1.451237,0.07086658,-3.694619,0.1315409,0.222392,-0.04709908,0.9648939,15.94979,25.6877,358.0699,0.3683337,0.01642428,-0.9295482,0,0,0,1.909525,-0.2385882,-2.832692,0.04035056,-0.02816471,1.022882,0.8966469,-0.03238398,-0.4415601,0.1493985,0.9609573,0.2328971,0.4167784,-0.2747949,0.8664775,moving,27.1706,-20.33826,2.259028,-1.577222,4.193880176276971,-1.219049310668103,31.185941806343255,1.967724731619485,29.585335495196727
391,05/15/2023 18:37:56.731940,574,True,True,True,True,Eyes,1.458168,0.06621699,-3.685476,0.434029,-0.3135189,0.8445855,0.0,0.0,0.0,0.0,0.0,0.0,0.0,-2.929622,0.5723581,2.617616,1.450992,0.07098103,-3.694832,0.1310532,0.2222944,-0.04712943,0.9649814,15.89534,25.67286,358.052,0.3682905,0.0164498,-0.9295649,0,0,0,1.909494,-0.2354604,-2.832693,0.04064533,-0.02613992,1.022291,0.896728,-0.03269327,-0.4413728,0.1492228,0.9612078,0.2319745,0.4166669,-0.273881,0.8668206,moving,27.19845,-20.36545,2.276827,-1.46473,4.197967214319182,-1.2227144215767682,31.278179446261397,1.9363241627562997,29.670268002971042
392,05/15/2023 18:37:56.752144,575,True,True,True,True,Eyes,1.457943,0.06631554,-3.685532,0.4343382,-0.3138373,0.8443083,0.0,0.0,0.0,0.0,0.0,0.0,0.0,-2.927984,0.5696579,2.620028,1.450935,0.0711956,-3.694843,0.1304628,0.2220425,-0.04689473,0.9651308,15.82217,25.64286,358.0593,0.3682467,0.01647528,-0.9295818,0,0,0,1.909463,-0.2323902,-2.832693,0.04112324,-0.02468642,1.021476,0.896996,-0.03258254,-0.4408361,0.1484556,0.9615607,0.2310021,0.416364,-0.2726525,0.8673532,moving,27.22268,-20.39057,2.305406,-1.38442,4.201633821421451,-1.2261136113052988,31.338543064628514,1.9028244436716435,29.7242247127535
393,05/15/2023 18:37:56.768340,576,True,True,True,True,Eyes,1.457726,0.06641061,-3.685585,0.4346276,-0.3140981,0.8440623,0.0,0.0,0.0,0.0,0.0,0.0,0.0,-2.925837,0.5664276,2.623464,1.450758,0.07126331,-3.695151,0.1296448,0.2217118,-0.0465179,0.9653353,15.71953,25.60431,358.0757,0.3682018,0.0165007,-0.9295992,0,0,0,1.909435,-0.2295404,-2.832694,0.04174143,-0.02374363,1.020977,0.8973598,-0.03232315,-0.440114,0.1472983,0.9620566,0.2296743,0.4159908,-0.2709286,0.8680722,moving,27.24501,-20.41158,2.341165,-1.332218,4.204850941059213,-1.228938602084827,31.372337338984945,1.8665454510767974,29.752593615676197
394,05/15/2023 18:37:56.782508,577,True,True,True,True,Eyes,1.457491,0.0665076,-3.685632,0.4349107,-0.3143924,0.8438069,0.0,0.0,0.0,0.0,0.0,0.0,0.0,-2.924717,0.5632399,2.625359,1.450722,0.07126713,-3.695139,0.1290657,0.2215386,-0.04643426,0.9654567,15.65169,25.58165,358.0673,0.3681562,0.01652599,-0.9296167,0,0,0,1.909405,-0.2265443,-2.832694,0.04208511,-0.02206023,1.020114,0.897529,-0.03247448,-0.4397579,0.1468466,0.9623718,0.2286408,0.4157856,-0.2697887,0.8685254,moving,27.26726,-20.4348,2.362414,-1.238843,4.208229482829764,-1.2320819749732566,31.44417465015682,1.8458278652446136,29.818216391504524
395,05/15/2023 18:37:56.801916,578,True,True,True,True,Eyes,1.457263,0.06660289,-3.685678,0.4351768,-0.3146005,0.8435922,0.0,0.0,0.0,0.0,0.0,0.0,0.0,-2.923292,0.5630274,2.627194,1.450632,0.07142162,-3.695314,0.12893,0.2212949,-0.04631459,0.9655365,15.63282,25.55328,358.0735,0.3681096,0.01655122,-0.9296347,0,0,0,1.909374,-0.2234017,-2.832695,0.04245612,-0.01946568,1.01946,0.8977671,-0.03237376,-0.4392793,0.1464999,0.9624641,0.2284748,0.4153939,-0.2694715,0.8688114,moving,27.28747,-20.45197,2.384744,-1.093879,4.211001517929514,-1.2343735014415806,31.541741381784185,1.8316536863526869,29.909603709477615
396,05/15/2023 18:37:56.832207,579,True,True,True,True,Eyes,1.457039,0.06669969,-3.685738,0.4353787,-0.3148314,0.8434018,0.0,0.0,0.0,0.0,0.0,0.0,0.0,-2.921137,0.5597067,2.630298,1.450538,0.07143307,-3.695351,0.1279588,0.220993,-0.04572409,0.9657631,15.50754,25.52066,358.1111,0.3680622,0.01657635,-0.929653,0,0,0,1.909344,-0.2204609,-2.832695,0.04302227,-0.01887055,1.018662,0.8981429,-0.03176124,-0.4385554,0.1448733,0.9630717,0.2269464,0.4151522,-0.2673652,0.8695773,moving,27.30357,-20.46998,2.418397,-1.061273,4.213537644751946,-1.2368216955991318,31.55898830209514,1.8037037669659026,29.922535088529273
397,05/15/2023 18:37:56.852335,580,True,True,True,True,Eyes,1.456819,0.0668043,-3.685803,0.4355825,-0.3149627,0.8432475,0.0,0.0,0.0,0.0,0.0,0.0,0.0,-2.918793,0.5573074,2.633759,1.45036,0.07157612,-3.695668,0.1274647,0.2205941,-0.045621,0.9659244,15.44837,25.4715,358.1036,0.3680142,0.01660141,-0.9296716,0,0,0,1.909315,-0.2175722,-2.832695,0.04380444,-0.01715974,1.018211,0.8985139,-0.03189692,-0.4377847,0.1443688,0.963343,0.2261151,0.4145244,-0.2663699,0.870182,moving,27.31878,-20.48124,2.463402,-0.9655048,4.21549808515752,-1.238307369332685,31.601483128476787,1.7732066809762541,29.96043842194231
398,05/15/2023 18:37:56.868626,581,True,True,True,True,Eyes,1.456597,0.06691598,-3.685863,0.4358361,-0.3150674,0.8430774,0.0,0.0,0.0,0.0,0.0,0.0,0.0,-2.91818,0.5514021,2.635891,1.450204,0.07185078,-3.695873,0.1263365,0.2205533,-0.04528216,0.9660978,15.31236,25.46593,358.1126,0.3679656,0.01662662,-0.9296904,0,0,0,1.909285,-0.21459,-2.832696,0.04391319,-0.01690667,1.017676,0.8986115,-0.0317661,-0.4375938,0.1432219,0.9639772,0.2241326,0.4147106,-0.2640811,0.8707907,moving,27.3371,-20.49127,2.470806,-0.9517682,4.217592052962262,-1.2395890531985556,31.624748345032554,1.7703396166722989,29.980827007849225
399,05/15/2023 18:37:56.872253,582,True,True,True,True,Eyes,1.456381,0.06704215,-3.685928,0.4361116,-0.314983,0.8429664,0.0,0.0,0.0,0.0,0.0,0.0,0.0,-2.91772,0.5464081,2.637457,1.450159,0.07211781,-3.695899,0.125382,0.220529,-0.0449745,0.966242,15.19679,25.46278,358.1228,0.3679165,0.01665213,-0.9297093,0,0,0,1.90924,-0.2100293,-2.832697,0.04388493,-0.01481743,1.016531,0.8986886,-0.03161178,-0.4374466,0.1422132,0.9645133,0.2224623,0.4148906,-0.262135,0.8712927,moving,27.35494,-20.48872,2.471997,-0.835111,4.218698998654508,-1.239066582947655,31.708440501956726,1.792804502754897,30.06161256863982
400,05/15/2023 18:37:56.882418,583,True,True,True,True,Eyes,1.45617,0.06715717,-3.685992,0.4363796,-0.3149322,0.8428467,0.0,0.0,0.0,0.0,0.0,0.0,0.0,-2.917019,0.5362034,2.64057,1.450059,0.07255268,-3.696104,0.1231551,0.2205474,-0.04396275,0.9665708,14.91988,25.46871,358.1815,0.367867,0.01667828,-0.9297284,0,0,0,1.909208,-0.2068949,-2.832697,0.04381365,-0.01711264,1.015956,0.8988522,-0.03066309,-0.4371778,0.1393093,0.9658002,0.2186846,0.4155209,-0.257468,0.8723833,moving,27.37263,-20.48835,2.469381,-0.9649922,4.219959995483775,-1.238858794133726,31.643851070039215,1.7718718155700173,29.99800807206386
401,05/15/2023 18:37:56.902236,584,True,True,True,True,Eyes,1.455963,0.06728006,-3.686055,0.4366526,-0.3147852,0.8427603,0.0,0.0,0.0,0.0,0.0,0.0,0.0,-2.917313,0.5366462,2.640162,1.450003,0.07240868,-3.696136,0.123058,0.2206272,-0.04374213,0.966575,14.90345,25.481,358.2056,0.3678173,0.01670473,-0.9297476,0,0,0,1.909179,-0.2039695,-2.832698,0.04352459,-0.01445144,1.015209,0.8988205,-0.03026019,-0.4372709,0.1388599,0.9658867,0.2185882,0.4157396,-0.2571909,0.8723608,moving,27.38966,-20.48151,2.454914,-0.8155475,4.220683255282183,-1.2377267242298318,31.756757377539703,1.8155374852288504,30.108230883457708
402,05/15/2023 18:37:56.912327,585,True,True,True,True,Eyes,1.455772,0.0674056,-3.686127,0.4369268,-0.3145297,0.8427135,0.0,0.0,0.0,0.0,0.0,0.0,0.0,-2.916677,0.531736,2.64192,1.449914,0.0727005,-3.696208,0.1219001,0.2206028,-0.04311754,0.9667553,14.75693,25.48129,358.2468,0.3677675,0.01673164,-0.9297668,0,0,0,1.90916,-0.2020566,-2.832698,0.04357105,-0.01548597,1.014845,0.8989507,-0.02958521,-0.4370497,0.1371512,0.9665624,0.2166715,0.4160257,-0.2547189,0.8729497,moving,27.40566,-20.46731,2.45841,-0.8742338,4.220774463018944,-1.235545671191068,31.721505600168264,1.7990205026001342,30.074553179878052
403,05/15/2023 18:37:56.952123,586,True,True,True,True,Eyes,1.455586,0.06753664,-3.686198,0.4371858,-0.3141843,0.842708,0.0,0.0,0.0,0.0,0.0,0.0,0.0,-2.915689,0.5247883,2.644445,1.449728,0.07288551,-3.696311,0.1204472,0.2205289,-0.04255931,0.9669789,14.57878,25.47322,358.272,0.3677178,0.01675902,-0.9297859,0,0,0,1.909135,-0.1995684,-2.832698,0.04383036,-0.01638424,1.014358,0.8991114,-0.02918374,-0.4367459,0.1354321,0.9673623,0.2141687,0.4162414,-0.2517109,0.873719,moving,27.41969,-20.44682,2.474209,-0.9253798,4.2202461016508925,-1.2324776604603216,31.675915926828967,1.7728380231258456,30.03120892980519
404,05/15/2023 18:37:56.972056,587,True,True,True,True,Eyes,1.455421,0.06767128,-3.686289,0.4374405,-0.3131799,0.8429497,0.0,0.0,0.0,0.0,0.0,0.0,0.0,-2.913867,0.5185126,2.647767,1.449661,0.07312775,-3.696389,0.1192031,0.2202679,-0.0421684,0.9672098,14.42813,25.44128,358.2806,0.3676684,0.01678698,-0.929805,0,0,0,1.909105,-0.1965222,-2.832699,0.0443705,-0.01631064,1.013669,0.8994079,-0.02905813,-0.4361436,0.1340846,0.9680249,0.2120121,0.4160371,-0.2491654,0.8745455,moving,27.42661,-20.38147,2.506362,-0.92185,4.215804687044924,-1.2230232551142246,31.617962788989175,1.7357706155732295,29.980531175122994
405,05/15/2023 18:37:56.982472,588,True,True,True,True,Eyes,1.455296,0.06781122,-3.686403,0.4376702,-0.3117272,0.8433687,0.0,0.0,0.0,0.0,0.0,0.0,0.0,-2.913223,0.5099191,2.650553,1.449552,0.07331085,-3.69672,0.1176796,0.2202052,-0.04188025,0.967423,14.249,25.43058,358.2733,0.3676196,0.01681552,-0.9298238,0,0,0,1.909073,-0.1933978,-2.8327,0.04449004,-0.01654108,1.013198,0.8995115,-0.02920452,-0.4359201,0.1328591,0.9687951,0.2092474,0.4162063,-0.2461363,0.8753225,moving,27.42727,-20.2854,2.514272,-0.9353057,4.208582261521923,-1.2092076224342667,31.54494600989034,1.7163069438220175,29.919656967467336
406,05/15/2023 18:37:57.002611,589,True,True,True,True,Eyes,1.455169,0.06795518,-3.686521,0.4379181,-0.3102168,0.8437969,0.0,0.0,0.0,0.0,0.0,0.0,0.0,-2.913044,0.5022743,2.652458,1.44946,0.07356453,-3.696929,0.1162909,0.2202348,-0.04153483,0.9675991,14.0838,25.43244,358.2775,0.3675719,0.01684471,-0.9298421,0,0,0,1.909019,-0.1879053,-2.8327,0.04433465,-0.01433668,1.012068,0.899543,-0.02915553,-0.4358581,0.1316007,0.9695025,0.2067511,0.4165377,-0.2433408,0.8759462,moving,27.42864,-20.18565,2.508296,-0.8115821,4.201133070725028,-1.1948567922771367,31.56545662701787,1.7356833921429988,29.950503853736592
407,05/15/2023 18:37:57.012214,590,True,True,True,True,Eyes,1.455085,0.06810314,-3.686658,0.4381554,-0.3083988,0.84434,0.0,0.0,0.0,0.0,0.0,0.0,0.0,-2.913794,0.4932547,2.653564,1.449274,0.07377625,-3.697169,0.1147919,0.2204383,-0.04131826,0.9677411,13.90979,25.45304,358.2666,0.3675252,0.01687459,-0.92986,0,0,0,1.908992,-0.1852393,-2.832701,0.04404664,-0.01495621,1.011717,0.8993995,-0.0293617,-0.4361403,0.1305798,0.9702312,0.2039614,0.4171683,-0.2403939,0.8764597,moving,27.42626,-20.06494,2.492884,-0.8469411,4.191824393127231,-1.177525778490205,31.480227452764336,1.7308046363041039,29.881364766499427
408,05/15/2023 18:37:57.022294,591,True,True,True,True,Eyes,1.455001,0.06825641,-3.686798,0.4384031,-0.3065338,0.8448904,0.0,0.0,0.0,0.0,0.0,0.0,0.0,-2.914174,0.4854566,2.654703,1.449213,0.07401085,-3.697273,0.1134197,0.2205679,-0.04100903,0.9678864,13.7476,25.46661,358.2685,0.3674801,0.01690517,-0.9298772,0,0,0,1.908949,-0.1809174,-2.832701,0.04375058,-0.01383472,1.010804,0.899336,-0.0293507,-0.4362719,0.1294177,0.9709085,0.2014641,0.417667,-0.2376452,0.8769715,moving,27.42424,-19.94123,2.478383,-0.7841494,4.182314909153427,-1.1597603746566698,31.452973127819654,1.7448402664180398,29.868784904459385
409,05/15/2023 18:37:57.032019,592,True,True,True,True,Eyes,1.454917,0.06841163,-3.686944,0.4386643,-0.3046341,0.8454417,0.0,0.0,0.0,0.0,0.0,0.0,0.0,-2.91421,0.4773684,2.65637,1.449122,0.07426453,-3.697476,0.1119277,0.2206423,-0.04060153,0.9680603,13.56936,25.47435,358.2776,0.3674364,0.01693651,-0.9298939,0,0,0,1.908925,-0.1785641,-2.832702,0.0436222,-0.01489687,1.010471,0.8993371,-0.02921749,-0.4362789,0.1280014,0.9716474,0.1987887,0.4181013,-0.2346223,0.8775784,moving,27.42291,-19.81538,2.471934,-0.8446222,4.17269374881636,-1.1416813199639602,31.34391256462468,1.7265074120743442,29.776716502058964
410,05/15/2023 18:37:57.052444,593,True,True,True,True,Eyes,1.454875,0.06857151,-3.687115,0.4389043,-0.3025365,0.8460701,0.0,0.0,0.0,0.0,0.0,0.0,0.0,-2.914726,0.4699298,2.657513,1.449015,0.07444286,-3.697789,0.110562,0.2207897,-0.04023942,0.9681989,13.40666,25.49082,358.2859,0.367394,0.01696859,-0.9299101,0,0,0,1.908907,-0.1767459,-2.832702,0.04331994,-0.01611072,1.010364,0.8992655,-0.0290976,-0.4364344,0.1267414,0.9723137,0.1963232,0.4186386,-0.231861,0.878056,moving,27.41832,-19.67596,2.455086,-0.9135302,4.16180807652215,-1.1216800965543212,31.228061479039713,1.719368089131485,29.68005360196522
411,05/15/2023 18:37:57.072343,594,True,True,True,True,Eyes,1.454829,0.06873605,-3.687293,0.4391677,-0.3004085,0.8466915,0.0,0.0,0.0,0.0,0.0,0.0,0.0,-2.916039,0.4622425,2.65767,1.448895,0.07470608,-3.698011,0.1092042,0.2210891,-0.03989552,0.9682988,13.2456,25.52537,358.2943,0.3673534,0.01700142,-0.9299256,0,0,0,1.908894,-0.1754378,-2.832702,0.04278213,-0.01789393,1.010336,0.899056,-0.0289738,-0.4368742,0.1255493,0.9729655,0.1938438,0.4194472,-0.2291256,0.8783882,moving,27.41517,-19.53483,2.424711,-1.014653,4.150897919436602,-1.1014204792611035,31.104983477603874,1.7283662448368262,29.57705352598762
412,05/15/2023 18:37:57.082304,595,True,True,True,True,Eyes,1.454816,0.06890836,-3.68749,0.4394494,-0.2981437,0.8473457,0.0,0.0,0.0,0.0,0.0,0.0,0.0,-2.9173,0.4539835,2.658105,1.448745,0.07495689,-3.698349,0.1077652,0.2213752,-0.03957239,0.9684079,13.07593,25.55771,358.298,0.3673144,0.01703506,-0.9299403,0,0,0,1.908865,-0.1724971,-2.832703,0.04219943,-0.01819991,1.010035,0.8988541,-0.02893133,-0.437292,0.1243575,0.9736413,0.1912007,0.4202339,-0.2262421,0.8787595,moving,27.41211,-19.38473,2.392435,-1.032306,4.139315476339336,-1.0798706563892495,31.0289478355519,1.747527909692138,29.520682649935207
413,05/15/2023 18:37:57.102337,596,True,True,True,True,Eyes,1.454791,0.06909267,-3.68769,0.4397535,-0.2958201,0.848002,0.0,0.0,0.0,0.0,0.0,0.0,0.0,-2.918948,0.4452616,2.657982,1.448582,0.07529831,-3.698557,0.1062317,0.2217507,-0.03917538,0.9685075,12.89393,25.60134,358.3087,0.3672772,0.01706961,-0.9299544,0,0,0,1.90883,-0.1690772,-2.832703,0.04148132,-0.01837541,1.00955,0.8985839,-0.0287694,-0.4378578,0.1229972,0.9743602,0.1883981,0.4212112,-0.2231468,0.879083,moving,27.41018,-19.231,2.352897,-1.042759,4.1275406556247445,-1.0577891528396,30.962550638088103,1.7747073026117681,29.474274974807788
414,05/15/2023 18:37:57.112441,597,True,True,True,True,Eyes,1.454811,0.0692834,-3.687914,0.440061,-0.2933656,0.8486948,0.0,0.0,0.0,0.0,0.0,0.0,0.0,-2.919609,0.4351022,2.659192,1.448274,0.07573795,-3.698851,0.1043798,0.2219803,-0.03864856,0.9686775,12.67258,25.62776,358.324,0.3672414,0.01710526,-0.9299679,0,0,0,1.908804,-0.1664747,-2.832704,0.04120156,-0.0200959,1.009388,0.8984622,-0.02853543,-0.4381228,0.1212165,0.9752223,0.1850624,0.4219863,-0.2193792,0.8796592,moving,27.40742,-19.06857,2.337423,-1.140551,4.11504694567811,-1.0344642960118204,30.820749745007337,1.7807867028398676,29.35493679240223
415,05/15/2023 18:37:57.132414,598,True,True,True,True,Eyes,1.454825,0.06947677,-3.688141,0.440379,-0.2908479,0.8493962,0.0,0.0,0.0,0.0,0.0,0.0,0.0,-2.919664,0.4247599,2.660974,1.448092,0.07606506,-3.699039,0.1023651,0.2221,-0.03795962,0.9688923,12.42861,25.64233,358.3519,0.3672077,0.01714207,-0.9299805,0,0,0,1.908775,-0.163497,-2.832704,0.04104671,-0.02177718,1.008956,0.8984615,-0.02808703,-0.4381531,0.1190281,0.9761609,0.1814998,0.4226104,-0.215223,0.8803862,moving,27.40499,-18.90209,2.329643,-1.236473,4.102270780039718,-1.010554375985958,30.673230204220392,1.7869662759114782,29.23023451522828
416,05/15/2023 18:37:57.152225,599,True,True,True,True,Eyes,1.454872,0.06967808,-3.688387,0.4406642,-0.2882345,0.8501388,0.0,0.0,0.0,0.0,0.0,0.0,0.0,-2.919523,0.4143249,2.663107,1.447942,0.07628536,-3.699332,0.1003766,0.2221618,-0.03736372,0.9691092,12.18995,25.649,358.3691,0.3671757,0.01717998,-0.9299924,0,0,0,1.908744,-0.1604482,-2.832705,0.04094517,-0.02316395,1.008568,0.8984962,-0.02781936,-0.438099,0.1170188,0.977057,0.1779502,0.4230972,-0.2111534,0.8811374,moving,27.39969,-18.72892,2.324779,-1.31569,4.088779194217072,-0.9857078646584424,30.5282122092143,1.7945988116686256,29.108673150774827
417,05/15/2023 18:37:57.172088,600,True,True,True,True,Eyes,1.454907,0.06988061,-3.688635,0.440957,-0.2855795,0.8508826,0.0,0.0,0.0,0.0,0.0,0.0,0.0,-2.918933,0.4043177,2.665493,1.447745,0.07665348,-3.699547,0.09840433,0.2221608,-0.03666972,0.9693383,11.95054,25.64935,358.397,0.3671457,0.01721906,-0.9300035,0,0,0,1.908713,-0.1573549,-2.832705,0.04102668,-0.02467382,1.008153,0.8985999,-0.02736757,-0.4379149,0.1148139,0.9779438,0.174481,0.4234811,-0.2070673,0.8819225,moving,27.39476,-18.55316,2.33036,-1.401993,4.075118559219176,-0.9604858125445516,30.370819495395395,1.799753045988086,28.975038144844294
418,05/15/2023 18:37:57.192399,601,True,True,True,True,Eyes,1.454988,0.07009011,-3.688908,0.4412095,-0.2828647,0.8516582,0.0,0.0,0.0,0.0,0.0,0.0,0.0,-2.918447,0.3963677,2.667494,1.447482,0.07684994,-3.699846,0.0966704,0.2221785,-0.03589875,0.9695376,11.73603,25.65368,358.44,0.3671174,0.01725923,-0.930014,0,0,0,1.908684,-0.1544131,-2.832706,0.04104403,-0.02571505,1.007856,0.8986961,-0.02665418,-0.4377616,0.1125665,0.9787322,0.1714993,0.4238802,-0.203403,0.8825831,moving,27.38684,-18.37309,2.33203,-1.461562,4.060913877025676,-0.9346703379684402,30.22818690280454,1.8073888025982991,28.856344384302396
419,05/15/2023 18:37:57.212178,602,True,True,True,True,Eyes,1.455056,0.07029935,-3.689186,0.4414548,-0.2801003,0.8524444,0.0,0.0,0.0,0.0,0.0,0.0,0.0,-2.916281,0.3874248,2.671402,1.447297,0.07730007,-3.700072,0.09474356,0.221893,-0.03505266,0.969824,11.49749,25.62185,358.4829,0.3670912,0.01730053,-0.9300236,0,0,0,1.908654,-0.1514747,-2.832706,0.0416573,-0.02743777,1.007484,0.8990695,-0.02594397,-0.4370362,0.1100357,0.9795899,0.1682133,0.4237522,-0.199325,0.8835743,moving,27.37826,-18.18974,2.367708,-1.560004,4.04641287499019,-0.9083891382310344,30.034577253132763,1.8007365119289431,28.68745383851119
420,05/15/2023 18:37:57.222346,603,True,True,True,True,Eyes,1.45514,0.0705146,-3.689475,0.4417194,-0.2773702,0.8531998,0.0,0.0,0.0,0.0,0.0,0.0,0.0,-2.914649,0.3768612,2.675135,1.447053,0.07744598,-3.700486,0.09271622,0.221684,-0.03448321,0.9700881,11.25492,25.59583,358.4928,0.3670668,0.01734285,-0.9300324,0,0,0,1.908613,-0.1473094,-2.832707,0.04210904,-0.02766902,1.007001,0.8993343,-0.02579609,-0.4365003,0.1080109,0.9804292,0.164597,0.4237117,-0.1951745,0.8845199,moving,27.37155,-18.00904,2.394501,-1.5739,4.032248682561942,-0.8824725276357432,29.899277642913063,1.7777202876934934,28.574806002000017
421,05/15/2023 18:37:57.232192,604,True,True,True,True,Eyes,1.455209,0.07073231,-3.689757,0.4419617,-0.2746211,0.8539632,0.0,0.0,0.0,0.0,0.0,0.0,0.0,-2.913053,0.3670727,2.678391,1.446819,0.07771015,-3.700687,0.09098238,0.2214785,-0.03413077,0.9703117,11.0509,25.56906,358.4859,0.3670441,0.01738624,-0.9300406,0,0,0,1.908583,-0.144311,-2.832707,0.04269132,-0.02850306,1.006614,0.8995648,-0.02593368,-0.4360169,0.1065362,0.9811146,0.1614441,0.4235957,-0.191681,0.8853391,moving,27.36346,-17.82697,2.428506,-1.621942,4.017880254422255,-0.8563710428976721,29.738104570784266,1.764145518651699,28.437072065231362
422,05/15/2023 18:37:57.252099,605,True,True,True,True,Eyes,1.4553,0.07095303,-3.690053,0.4421535,-0.2719328,0.8547238,0.0,0.0,0.0,0.0,0.0,0.0,0.0,-2.911085,0.3589091,2.681659,1.446525,0.07799053,-3.700811,0.08939058,0.221225,-0.03362065,0.9705352,10.85878,25.53878,358.4999,0.3670227,0.01743064,-0.9300482,0,0,0,1.908557,-0.1416824,-2.832708,0.04341745,-0.029527,1.006269,0.8998584,-0.02570921,-0.435424,0.1048109,0.9817579,0.158638,0.4234026,-0.1883889,0.8861377,moving,27.35279,-17.64862,2.470607,-1.680751,4.003605359453316,-0.830826848453319,29.565112400372335,1.7528419875929788,28.28725503465582
423,05/15/2023 18:37:57.262212,606,True,True,True,True,Eyes,1.455379,0.07117456,-3.690352,0.4423152,-0.2692235,0.8554975,0.0,0.0,0.0,0.0,0.0,0.0,0.0,-2.907619,0.3519466,2.686572,1.446279,0.07823467,-3.701073,0.08797387,0.2206765,-0.03314819,0.9708058,10.68685,25.47362,358.511,0.3670028,0.01747602,-0.9300552,0,0,0,1.908529,-0.1389204,-2.832708,0.04462612,-0.0299964,1.00598,0.9004062,-0.02553337,-0.4343005,0.1031884,0.9823236,0.156181,0.4226358,-0.1854412,0.887125,moving,27.34018,-17.46869,2.540023,-1.707944,3.989069531187877,-0.8050724869289458,29.38450104563909,1.7073115763277753,28.129064153808706
424,05/15/2023 18:37:57.282415,607,True,True,True,True,Eyes,1.455472,0.07139909,-3.690658,0.4424969,-0.2665853,0.8562294,0.0,0.0,0.0,0.0,0.0,0.0,0.0,-2.904503,0.3447075,2.69128,1.446072,0.07844543,-3.701442,0.08643877,0.2201842,-0.03256255,0.9710752,10.4989,25.41596,358.5328,0.3669841,0.01752231,-0.9300618,0,0,0,1.908504,-0.1364332,-2.832709,0.04563552,-0.03098247,1.005818,0.9009172,-0.02517646,-0.4332601,0.1013063,0.982936,0.1535376,0.4220015,-0.1822166,0.8880945,moving,27.32979,-17.29387,2.597816,-1.764338,3.975082186852183,-0.7800332756477901,29.20337141625432,1.692843152754688,27.97030453152349
425,05/15/2023 18:37:57.302350,608,True,True,True,True,Eyes,1.455555,0.07164177,-3.690958,0.4426698,-0.2639122,0.8569677,0.0,0.0,0.0,0.0,0.0,0.0,0.0,-2.90172,0.3355618,2.695621,1.445906,0.07874966,-3.701637,0.08482803,0.2197484,-0.03225554,0.9713261,10.30963,25.36213,358.5218,0.3669666,0.01756948,-0.9300678,0,0,0,1.908474,-0.1334041,-2.832709,0.04662028,-0.03155562,1.005407,0.9013404,-0.02537964,-0.432367,0.09994293,0.9835275,0.1506152,0.4214223,-0.1789676,0.8890297,moving,27.31878,-17.11676,2.654878,-1.79769,3.9608763598873207,-0.7546703000852368,29.034151744635214,1.6713832027511388,27.823205823634037
426,05/15/2023 18:37:57.332450,609,True,True,True,True,Eyes,1.455634,0.07187246,-3.691254,0.4428161,-0.2611685,0.8577325,0.0,0.0,0.0,0.0,0.0,0.0,0.0,-2.900324,0.3250799,2.698647,1.445771,0.07940197,-3.70185,0.0830696,0.2195614,-0.03191834,0.9715316,10.10342,25.33786,358.5134,0.36695,0.01761791,-0.9300734,0,0,0,1.908444,-0.1304052,-2.83271,0.04707712,-0.03280739,1.005085,0.901548,-0.0255416,-0.4319245,0.09849709,0.9841614,0.1473934,0.4213187,-0.1754255,0.8897846,moving,27.30566,-16.93482,2.681713,-1.869551,3.946151254467829,-0.7286314623556762,28.86695508537695,1.7030858729788667,27.679930437531038
427,05/15/2023 18:37:57.372155,610,True,True,True,True,Eyes,1.455699,0.0720891,-3.691561,0.4429254,-0.2587205,0.8584176,0.0,0.0,0.0,0.0,0.0,0.0,0.0,-2.897143,0.3056312,2.70421,1.445447,0.07931995,-3.70189,0.07975468,0.2191352,-0.03149637,0.9719192,9.720041,25.28177,358.4727,0.3669342,0.01766717,-0.9300786,0,0,0,1.908413,-0.1273171,-2.83271,0.04840639,-0.03632067,1.004414,0.9019755,-0.02626974,-0.4309874,0.09617798,0.9852943,0.1412263,0.4209395,-0.1688341,0.8912379,moving,27.29278,-16.7724,2.759159,-2.070974,3.932920898163759,-0.7053964869310019,28.601232242774383,1.8006995689955336,27.43800560515592
428,05/15/2023 18:37:57.392305,611,True,True,True,True,Eyes,1.455759,0.07230902,-3.691864,0.4430014,-0.2563944,0.859076,0.0,0.0,0.0,0.0,0.0,0.0,0.0,-2.893163,0.3084736,2.708453,1.445187,0.07920742,-3.702221,0.08016252,0.218425,-0.03159127,0.9720424,9.767086,25.19769,358.4651,0.3669188,0.01771682,-0.9300838,0,0,0,1.908383,-0.1243437,-2.832711,0.04981729,-0.03235375,1.004242,0.902585,-0.0263971,-0.4297016,0.09643509,0.9851519,0.1420421,0.4195718,-0.1696434,0.8917289,moving,27.27889,-16.61793,2.839936,-1.845265,3.920218598264361,-0.6833131345428411,28.55685738691044,1.5865505443420862,27.40682664579345
429,05/15/2023 18:37:57.412112,612,True,True,True,True,Eyes,1.455797,0.0725401,-3.692185,0.4430103,-0.2538859,0.8598162,0.0,0.0,0.0,0.0,0.0,0.0,0.0,-2.888929,0.3108035,2.713171,1.444934,0.07953453,-3.702653,0.08013969,0.2176961,-0.03107313,0.9722245,9.750409,25.11584,358.5157,0.3669035,0.0177669,-0.9300889,0,0,0,1.908308,-0.1168404,-2.832712,0.05099425,-0.02551703,1.003406,0.9032857,-0.02552791,-0.4282793,0.09531232,0.9852242,0.1422985,0.4183186,-0.1693565,0.8923721,moving,27.25926,-16.45078,2.909334,-1.456741,3.906138433555141,-0.6594572231093891,28.59615536639492,1.27643272429382,27.45724064973872
430,05/15/2023 18:37:57.442184,613,True,True,True,True,Eyes,1.455841,0.07277685,-3.692512,0.4430448,-0.2514176,0.8605233,0.0,0.0,0.0,0.0,0.0,0.0,0.0,-2.880479,0.2951477,2.724662,1.44449,0.07996559,-3.703392,0.07671654,0.2163364,-0.029644,0.9728487,9.328421,24.9582,358.5782,0.3668879,0.01781765,-0.9300941,0,0,0,1.908268,-0.1128,-2.832713,0.05382156,-0.02921744,1.003284,0.9046397,-0.02448508,-0.4254733,0.09087139,0.9864716,0.136441,0.4163765,-0.1620933,0.8946264,moving,27.2419,-16.28669,3.07071,-1.668084,3.892455253364287,-0.6360213416662004,28.248009972373914,1.319249253232218,27.13228108485785
431,05/15/2023 18:37:57.452208,614,True,True,True,True,Eyes,1.455882,0.0730301,-3.692846,0.4431093,-0.2488682,0.861231,0.0,0.0,0.0,0.0,0.0,0.0,0.0,-2.879286,0.2874894,2.727187,1.444334,0.0803442,-3.703773,0.07540893,0.2161604,-0.02938533,0.9729979,9.174933,24.93623,358.5731,0.3668719,0.01786914,-0.9300994,0,0,0,1.908229,-0.1089559,-2.832713,0.0541282,-0.02841077,1.003016,0.9048225,-0.02458287,-0.425079,0.08978456,0.9869,0.1340416,0.4162154,-0.1594493,0.8951764,moving,27.22613,-16.11761,3.088995,-1.622488,3.878510289938568,-0.6118542621684353,28.15510340600988,1.2824644030499173,27.0587717502376
432,05/15/2023 18:37:57.472268,615,True,True,True,True,Eyes,1.455914,0.07328619,-3.693179,0.4431624,-0.2462516,0.8619555,0.0,0.0,0.0,0.0,0.0,0.0,0.0,-2.876092,0.2727932,2.732535,1.444086,0.08083057,-3.704208,0.07282048,0.2156781,-0.02882715,0.9733188,8.869811,24.87749,358.5673,0.3668554,0.01792171,-0.9301049,0,0,0,1.908181,-0.1040961,-2.832714,0.05516204,-0.0293356,1.002586,0.905304,-0.02470445,-0.4240453,0.08752756,0.9877324,0.1293203,0.4156485,-0.1541898,0.8963604,moving,27.20933,-15.94408,3.149226,-1.675993,3.8641535014165966,-0.5870565060412674,27.972610016414002,1.302652685928569,26.89797074534372
433,05/15/2023 18:37:57.492435,616,True,True,True,True,Eyes,1.455944,0.07354361,-3.693508,0.4432762,-0.2436016,0.8626496,0.0,0.0,0.0,0.0,0.0,0.0,0.0,-2.874161,0.2594002,2.736258,1.443902,0.0812645,-3.704556,0.07057254,0.2154025,-0.02845921,0.9735562,8.607977,24.84269,358.5505,0.3668385,0.01797532,-0.9301106,0,0,0,1.908146,-0.100611,-2.832715,0.05579579,-0.03081666,1.00232,0.9055837,-0.02501028,-0.4234296,0.08581627,0.9884191,0.1251523,0.4153958,-0.149673,0.8972426,moving,27.19656,-15.76902,3.186176,-1.761023,3.849974573133032,-0.5620035953077089,27.797886966089077,1.3705021264201327,26.745905942466933
434,05/15/2023 18:37:57.511960,617,True,True,True,True,Eyes,1.455968,0.07379954,-3.693836,0.4433818,-0.2409132,0.8633501,0.0,0.0,0.0,0.0,0.0,0.0,0.0,-2.872819,0.2487946,2.738936,1.443875,0.08153629,-3.704773,0.06874869,0.2152051,-0.02810954,0.9737405,8.394342,24.81815,358.5431,0.3668209,0.0180299,-0.9301165,0,0,0,1.908104,-0.09637978,-2.832715,0.05611438,-0.0305979,1.001779,0.9057933,-0.02515265,-0.4229728,0.08433291,0.9889669,0.1217881,0.4152429,-0.1459854,0.8979208,moving,27.1832,-15.59148,3.206057,-1.749473,3.835564969117804,-0.5365993459986049,27.685818467773313,1.3665075132444453,26.654588610990047
435,05/15/2023 18:37:57.532214,618,True,True,True,True,Eyes,1.455994,0.07406617,-3.694176,0.4435062,-0.2381525,0.8640518,0.0,0.0,0.0,0.0,0.0,0.0,0.0,-2.871542,0.2372234,2.741706,1.443772,0.0817337,-3.705108,0.06689722,0.2150179,-0.02795567,0.9739151,8.182486,24.79337,358.5131,0.3668028,0.01808532,-0.9301225,0,0,0,1.90808,-0.09397481,-2.832716,0.05652639,-0.03203245,1.00165,0.9059716,-0.0256847,-0.4225584,0.08322108,0.9894865,0.1182825,0.4150778,-0.1423264,0.8985842,moving,27.17082,-15.40943,3.229964,-1.831677,3.82088545975144,-0.5105382287522089,27.523080542369254,1.4472718557648028,26.515201104719402
436,05/15/2023 18:37:57.552112,619,True,True,True,True,Eyes,1.456033,0.07432546,-3.694513,0.4436759,-0.2353667,0.8647279,0.0,0.0,0.0,0.0,0.0,0.0,0.0,-2.869706,0.2175782,2.746004,1.443671,0.08223724,-3.705691,0.06382982,0.2147448,-0.02775906,0.9741868,7.833022,24.75674,358.4573,0.3667842,0.01814176,-0.9301288,0,0,0,1.908051,-0.09107663,-2.832716,0.05710769,-0.03562868,1.001618,0.9062282,-0.02667078,-0.4219466,0.08149925,0.9903104,0.1124421,0.4148593,-0.1362866,0.899621,moving,27.16153,-15.22624,3.26321,-2.037216,3.806344831609024,-0.4842862337430953,27.296154544092396,1.645170600343225,26.3144429826199
437,05/15/2023 18:37:57.559667,620,True,True,True,True,Eyes,1.456066,0.07458105,-3.694856,0.4438369,-0.2325711,0.8654014,0.0,0.0,0.0,0.0,0.0,0.0,0.0,-2.870533,0.2052199,2.74628,1.443748,0.08230782,-3.705799,0.06165922,0.2149326,-0.0272799,0.9742987,7.577995,24.77863,358.4593,0.3667653,0.01819892,-0.9301351,0,0,0,1.908001,-0.08610979,-2.832717,0.05655885,-0.03524139,1.000864,0.9061196,-0.02665239,-0.4221811,0.07966268,0.9909079,0.1084223,0.4154529,-0.1318757,0.9000043,moving,27.15185,-15.04246,3.234348,-2.016608,3.7917311349282015,-0.4579528358614479,27.234531797809705,1.65531926823745,26.274148339405297
438,05/15/2023 18:37:57.562433,621,True,True,True,True,Eyes,1.456103,0.07483065,-3.695186,0.4439894,-0.2299118,0.8660334,0.0,0.0,0.0,0.0,0.0,0.0,0.0,-2.8696,0.1963865,2.748526,1.443609,0.08244896,-3.706313,0.06014773,0.2147925,-0.02701874,0.9744313,7.401786,24.76143,358.4504,0.366746,0.01825665,-0.9301416,0,0,0,1.907962,-0.08224496,-2.832718,0.05671734,-0.03455018,1.000753,0.9062684,-0.02681725,-0.4218513,0.07849437,0.9913045,0.1056128,0.4153508,-0.1288265,0.9004929,moving,27.14286,-14.86775,3.243747,-1.977304,3.7778541276167945,-0.4329172015282807,27.153843195129582,1.6341361653989517,26.21268826921329
439,05/15/2023 18:37:57.581959,622,True,True,True,True,Eyes,1.456137,0.07508007,-3.695514,0.4441746,-0.2272841,0.8666319,0.0,0.0,0.0,0.0,0.0,0.0,0.0,-2.870228,0.1967584,2.747929,1.443744,0.08256531,-3.706322,0.06042299,0.214871,-0.02731013,0.9743889,7.439965,24.76911,358.4249,0.3667265,0.01831473,-0.9301481,0,0,0,1.907947,-0.08071142,-2.832718,0.0564048,-0.03246708,1.000545,0.9061693,-0.0272551,-0.4220361,0.07918768,0.9912065,0.1060147,0.4154354,-0.1294873,0.9003592,moving,27.13649,-14.69552,3.22658,-1.858561,3.764355713862821,-0.4082151645488099,27.138004948333638,1.5468373414264596,26.21391083754391
440,05/15/2023 18:37:57.602467,623,True,True,True,True,Eyes,1.456167,0.07532638,-3.695842,0.4443867,-0.2246441,0.8672113,0.0,0.0,0.0,0.0,0.0,0.0,0.0,-2.871717,0.1859696,2.747533,1.443749,0.08280468,-3.706618,0.05877794,0.2151555,-0.02721838,0.9744293,7.253656,24.80082,358.3969,0.366707,0.01837313,-0.9301547,0,0,0,1.907932,-0.07925625,-2.832718,0.05578941,-0.03446848,1.000564,0.9059346,-0.02775198,-0.4225072,0.07833757,0.9916086,0.1028375,0.4161079,-0.1262622,0.9005066,moving,27.13205,-14.52279,3.191393,-1.973006,3.750960091657439,-0.3834243863292934,27.03057779697476,1.685195845172285,26.129372568893057
441,05/15/2023 18:37:57.632347,624,True,True,True,True,Eyes,1.456234,0.07557588,-3.696189,0.444557,-0.2220763,0.8677853,0.0,0.0,0.0,0.0,0.0,0.0,0.0,-2.873598,0.176948,2.746572,1.443644,0.08295727,-3.706958,0.05729931,0.215521,-0.02698955,0.9744431,7.082792,24.84336,358.3889,0.3666871,0.01843174,-0.9301614,0,0,0,1.907902,-0.07625914,-2.832719,0.0549894,-0.03459647,1.00048,0.9056446,-0.02790114,-0.4231189,0.07729796,0.9919767,0.1000362,0.416933,-0.1233035,0.900535,moving,27.12557,-14.35458,3.145985,-1.980493,3.737757893717422,-0.35930117741571,26.984042059257803,1.7258209882119477,26.10261703639034
442,05/15/2023 18:37:57.662320,625,True,True,True,True,Eyes,1.456331,0.07582632,-3.696557,0.4446826,-0.219523,0.8683704,0.0,0.0,0.0,0.0,0.0,0.0,0.0,-2.87521,0.1700481,2.745755,1.443643,0.08331203,-3.707273,0.05618081,0.2158159,-0.0267778,0.9744488,6.952634,24.87801,358.3872,0.3666677,0.01849059,-0.9301679,0,0,0,1.907874,-0.07336593,-2.832719,0.05422652,-0.03433387,1.000392,0.9054131,-0.02793777,-0.4236117,0.07643659,0.9922534,0.0979325,0.4175941,-0.1210488,0.9005346,moving,27.11647,-14.18707,3.102698,-1.965644,3.7244177626151456,-0.3353014895977031,26.944841790989607,1.7448645117747956,26.082481797270543
443,05/15/2023 18:37:57.682657,626,True,True,True,True,Eyes,1.456422,0.07609126,-3.696938,0.4448639,-0.2167883,0.8689643,0.0,0.0,0.0,0.0,0.0,0.0,0.0,-2.877693,0.1595228,2.744384,1.443577,0.08357906,-3.707736,0.05438486,0.2162828,-0.02638226,0.9744579,6.742279,24.93329,358.3906,0.3666491,0.01854968,-0.930174,0,0,0,1.907832,-0.06920891,-2.83272,0.05309162,-0.03412165,1.000274,0.9050515,-0.02789176,-0.4243865,0.0749418,0.9926925,0.09457945,0.4186474,-0.1174036,0.9005282,moving,27.11005,-14.00814,3.038241,-1.953733,3.710408653788973,-0.3096367783959879,26.921380288798904,1.7761930471355756,26.07942060376102
444,05/15/2023 18:37:57.702407,627,True,True,True,True,Eyes,1.456522,0.07634991,-3.697323,0.4451021,-0.2141001,0.8695086,0.0,0.0,0.0,0.0,0.0,0.0,0.0,-2.880422,0.1376622,2.743633,1.443546,0.08415318,-3.708423,0.05078592,0.2168188,-0.02578732,0.9745488,6.325062,24.99593,358.3719,0.3666311,0.01860934,-0.9301799,0,0,0,1.90778,-0.06396894,-2.832721,0.05178583,-0.03671401,1.000138,0.9046493,-0.02823932,-0.4252201,0.07228468,0.9935116,0.08780436,0.4199816,-0.110169,0.9008209,moving,27.10794,-13.83283,2.964052,-2.102323,3.696987556413125,-0.2844547674139168,26.842729411026614,1.9600610809105585,26.024490942342148
445,05/15/2023 18:37:57.732083,628,True,True,True,True,Eyes,1.456613,0.07662355,-3.697721,0.4453893,-0.2113322,0.8700385,0.0,0.0,0.0,0.0,0.0,0.0,0.0,-2.881881,0.1268075,2.74303,1.443468,0.08426571,-3.70875,0.04907047,0.2171108,-0.02563613,0.9745758,6.129588,25.02949,358.3482,0.3666137,0.01866935,-0.9301856,0,0,0,1.907748,-0.06083593,-2.832721,0.05113608,-0.0370837,1.000023,0.9044114,-0.02866123,-0.4256977,0.07127613,0.9938698,0.08451402,0.4206658,-0.1067775,0.9009101,moving,27.10877,-13.65273,2.927264,-2.123717,3.683418180673757,-0.2585585096157687,26.78923987690216,2.0126066031897007,25.99152554284735
446,05/15/2023 18:37:57.742814,629,True,True,True,True,Eyes,1.456699,0.07689807,-3.698116,0.4456883,-0.2085277,0.870562,0.0,0.0,0.0,0.0,0.0,0.0,0.0,-2.882568,0.105986,2.744147,1.443394,0.08487892,-3.709473,0.04579425,0.2172791,-0.02531252,0.9747061,5.754813,25.0483,358.3042,0.3665965,0.01873004,-0.930191,0,0,0,1.907706,-0.05656994,-2.832722,0.05064613,-0.03989938,1.000064,0.9042981,-0.02944425,-0.4258849,0.06924479,0.9945243,0.0782721,0.4212482,-0.1002716,0.9013854,moving,27.11039,-13.47039,2.899148,-2.284708,3.669736847226571,-0.2323333522126291,26.670277857339393,2.1922702539491596,25.89644161365467
447,05/15/2023 18:37:57.752423,630,True,True,True,True,Eyes,1.456775,0.07716718,-3.698504,0.4460015,-0.205777,0.871056,0.0,0.0,0.0,0.0,0.0,0.0,0.0,-2.883419,0.09374545,2.744214,1.4434,0.08512974,-3.709845,0.04386462,0.2174534,-0.02513276,0.9747607,5.534518,25.06842,358.2774,0.3665795,0.01879138,-0.9301965,0,0,0,1.90765,-0.05100849,-2.832723,0.05005887,-0.03841943,0.9997113,0.9041648,-0.02991982,-0.4261347,0.06807386,0.9948885,0.07458462,0.421725,-0.09644541,0.9015799,moving,27.11353,-13.29179,2.866596,-2.200824,3.656449310826028,-0.2066325280375822,26.663145636130633,2.1449167535059424,25.90669650950012
448,05/15/2023 18:37:57.762439,631,True,True,True,True,Eyes,1.456841,0.07744357,-3.698893,0.4463186,-0.2030136,0.8715419,0.0,0.0,0.0,0.0,0.0,0.0,0.0,-2.884279,0.08251507,2.743995,1.443361,0.08525658,-3.710097,0.04210556,0.2176411,-0.0250042,0.9747996,5.334657,25.09016,358.2492,0.3665625,0.01885315,-0.930202,0,0,0,1.90762,-0.04803587,-2.832723,0.04962403,-0.03903906,0.9995512,0.9040143,-0.03042037,-0.4264184,0.06707596,0.9952039,0.07120508,0.4222071,-0.09297284,0.9017191,moving,27.11709,-13.11244,2.84219,-2.236641,3.643135618586411,-0.1808202223098942,26.5998829677576,2.206334732971205,25.863549219710514
449,05/15/2023 18:37:57.782193,632,True,True,True,True,Eyes,1.456904,0.07772325,-3.699275,0.4466135,-0.2002825,0.8720225,0.0,0.0,0.0,0.0,0.0,0.0,0.0,-2.884809,0.072194,2.744223,1.443186,0.08568573,-3.71052,0.04053395,0.2177755,-0.02489106,0.9748392,5.156098,25.1058,358.2235,0.3665452,0.01891552,-0.9302076,0,0,0,1.9076,-0.04600481,-2.832724,0.0493761,-0.04050466,0.9997357,0.9039086,-0.03087495,-0.42661,0.06618416,0.9954749,0.06818684,0.4225743,-0.08986948,0.9018617,moving,27.11963,-12.93512,2.827492,-2.320091,3.62990123222448,-0.1553086392089679,26.510126542170354,2.3087102991824406,25.794612309663574
450,05/15/2023 18:37:57.832420,633,True,True,True,True,Eyes,1.456962,0.07799517,-3.699659,0.4469135,-0.1975074,0.8725017,0.0,0.0,0.0,0.0,0.0,0.0,0.0,-2.885522,0.05982197,2.744106,1.4432,0.08602428,-3.710755,0.03842663,0.2179379,-0.02445354,0.9748993,4.909544,25.12621,358.221,0.3665277,0.01897849,-0.9302132,0,0,0,1.907571,-0.0431307,-2.832724,0.04894257,-0.04227413,0.9995382,0.9038102,-0.03093024,-0.4268144,0.06442872,0.9958509,0.06426547,0.4230557,-0.08558288,0.9020531,moving,27.12247,-12.75503,2.803259,-2.421805,3.616479073786097,-0.1293962524587333,26.423466134539314,2.4323784150934213,25.729383103344343
451,05/15/2023 18:37:57.852421,634,True,True,True,True,Eyes,1.456957,0.0782799,-3.70002,0.4473187,-0.1947661,0.8729101,0.0,0.0,0.0,0.0,0.0,0.0,0.0,-2.885861,0.04797108,2.744467,1.443093,0.08608246,-3.711155,0.03648704,0.2180365,-0.0242206,0.9749575,4.686781,25.13836,358.1993,0.3665099,0.01904181,-0.9302189,0,0,0,1.907542,-0.04015127,-2.832725,0.04867783,-0.04320599,0.9995246,0.903747,-0.03131709,-0.4269199,0.0631391,0.9961641,0.06058467,0.423385,-0.08170856,0.9022577,moving,27.13266,-12.57796,2.788158,-2.475157,3.603821031585344,-0.1038537490289448,26.357568288535518,2.5076653064475907,25.683034008492044
452,05/15/2023 18:37:57.852421,635,True,True,True,True,Eyes,1.456948,0.07856328,-3.700378,0.4477153,-0.1920143,0.8733164,0.0,0.0,0.0,0.0,0.0,0.0,0.0,-2.886168,0.02977207,2.744889,1.442876,0.08663654,-3.711586,0.03347604,0.2181728,-0.02370802,0.9750477,4.337213,25.15622,358.1825,0.3664906,0.01910579,-0.9302251,0,0,0,1.907511,-0.03714668,-2.832725,0.04848164,-0.04681699,0.9995314,0.9036772,-0.03162578,-0.427045,0.06084002,0.9966346,0.05493659,0.4238704,-0.07562637,0.9025601,moving,27.14245,-12.4002,2.77692,-2.681714,3.5910816242499903,-0.0782155553278021,26.23219438615641,2.727831245112486,25.5806813148924
453,05/15/2023 18:37:57.872459,636,True,True,True,True,Eyes,1.456936,0.07884841,-3.700729,0.4481072,-0.189238,0.8737213,0.0,0.0,0.0,0.0,0.0,0.0,0.0,-2.885857,0.02202673,2.745638,1.442757,0.08683395,-3.711885,0.03209392,0.2181473,-0.02335541,0.9751084,4.173673,25.15463,358.1875,0.3664699,0.01917033,-0.9302319,0,0,0,1.907435,-0.02949187,-2.832726,0.04827106,-0.04221918,0.9991317,0.9037325,-0.0315457,-0.4269336,0.05955051,0.9968491,0.05240025,0.4239354,-0.07277992,0.9027636,moving,27.15202,-12.22085,2.765981,-2.419644,3.5782058562137635,-0.0523507250960169,26.281981226002674,2.5027558143888298,25.642462742842447
454,05/15/2023 18:37:57.882313,637,True,True,True,True,Eyes,1.456878,0.07913671,-3.701055,0.4485801,-0.1865513,0.8740565,0.0,0.0,0.0,0.0,0.0,0.0,0.0,-2.88594,0.01250154,2.745825,1.442687,0.08716965,-3.712063,0.03045575,0.2182007,-0.02298287,0.9751578,3.981138,25.16246,358.1886,0.366448,0.01923542,-0.9302392,0,0,0,1.907405,-0.02649986,-2.832727,0.04811731,-0.04292095,0.9989785,0.9037205,-0.03153292,-0.42696,0.05811477,0.9970885,0.04936856,0.4241602,-0.06942806,0.9029219,moving,27.16764,-12.04796,2.757607,-2.460191,3.566259815745193,-0.0273616324719543,26.225465209571592,2.5637039821164103,25.60410427979378
455,05/15/2023 18:37:57.902009,638,True,True,True,True,Eyes,1.456817,0.07942152,-3.701377,0.4490345,-0.1838371,0.8743981,0.0,0.0,0.0,0.0,0.0,0.0,0.0,-2.885353,0.004336402,2.746686,1.44254,0.08744049,-3.712277,0.02888431,0.2181375,-0.0224262,0.9752327,3.791269,25.15727,358.2116,0.3664241,0.01930111,-0.9302472,0,0,0,1.907388,-0.02477539,-2.832727,0.04827407,-0.04477987,0.9989743,0.9038262,-0.03114002,-0.4267653,0.05634303,0.9973255,0.04655387,0.4241742,-0.06612185,0.9031636,moving,27.18211,-11.87318,2.766588,-2.566614,3.5540869454555404,-0.0021109066871245,26.129100352764542,2.6826909446868634,25.527359673391107
456,05/15/2023 18:37:57.912384,639,True,True,True,True,Eyes,1.456722,0.07970513,-3.701679,0.4495178,-0.181186,0.874703,0.0,0.0,0.0,0.0,0.0,0.0,0.0,-2.884392,-0.003081575,2.748006,1.44241,0.08760357,-3.712552,0.0273149,0.2179953,-0.02173264,0.9753253,3.59808,25.14326,358.2497,0.3663985,0.01936724,-0.9302559,0,0,0,1.907362,-0.0222059,-2.832727,0.04849416,-0.04575343,0.9989411,0.9040115,-0.03048375,-0.42642,0.05430183,0.9975632,0.04380661,0.4240456,-0.06275707,0.9034639,moving,27.19904,-11.70275,2.779274,-2.622424,3.54242253059654,0.0225360147732618,26.053354712225293,2.752854729095059,25.469380218132383
457,05/15/2023 18:37:57.962393,640,True,True,True,True,Eyes,1.456629,0.07998426,-3.701974,0.4499778,-0.1785306,0.8750125,0.0,0.0,0.0,0.0,0.0,0.0,0.0,-2.883574,-0.01149428,2.749065,1.442332,0.08780766,-3.712742,0.02563502,0.2178798,-0.021085,0.9754111,3.393743,25.13221,358.28,0.3663708,0.01943376,-0.9302654,0,0,0,1.907332,-0.01920941,-2.832728,0.04864773,-0.04653773,0.9987851,0.9041678,-0.02996237,-0.4261256,0.05230378,0.9977965,0.04082138,0.4239636,-0.05919735,0.9037427,moving,27.21463,-11.5319,2.788496,-2.667729,3.530628690064135,0.0472315994141334,25.984794586511494,2.814564262196367,25.418260883480407
458,05/15/2023 18:37:57.992054,641,True,True,True,True,Eyes,1.456418,0.08026965,-3.702222,0.4503989,-0.1760003,0.8753083,0.0,0.0,0.0,0.0,0.0,0.0,0.0,-2.882657,-0.01930973,2.750209,1.442315,0.08795738,-3.712913,0.02427926,0.217737,-0.02079904,0.9754838,3.234661,25.11674,358.2778,0.3663412,0.01950053,-0.9302757,0,0,0,1.907301,-0.01612396,-2.832729,0.04882762,-0.04636316,0.9986169,0.9043161,-0.03000528,-0.4258078,0.05115125,0.9979558,0.03831061,0.4237878,-0.05642549,0.9040024,moving,27.22855,-11.369,2.799262,-2.658184,3.519314814426546,0.07076979293651,25.935852165926608,2.8223509454967064,25.38459072026418
459,05/15/2023 18:37:58.012074,642,True,True,True,True,Eyes,1.456203,0.08055992,-3.702479,0.4508107,-0.1733904,0.8756172,0.0,0.0,0.0,0.0,0.0,0.0,0.0,-2.882243,-0.03348175,2.751005,1.442065,0.088274,-3.713371,0.02190809,0.2177239,-0.0203891,0.9755516,2.959114,25.11739,358.2647,0.3663078,0.0195677,-0.9302874,0,0,0,1.907268,-0.01282327,-2.832729,0.04888389,-0.04814815,0.9987274,0.9043612,-0.0302414,-0.4256951,0.04932106,0.9982086,0.03386656,0.4239084,-0.05162333,0.9042328,moving,27.24163,-11.20085,2.802173,-2.760064,3.5075424147226286,0.0950553219487571,25.85602302661113,2.9409611275552883,25.322981879132705
460,05/15/2023 18:37:58.032250,643,True,True,True,True,Eyes,1.455967,0.08085501,-3.702734,0.451144,-0.1708005,0.8759545,0.0,0.0,0.0,0.0,0.0,0.0,0.0,-2.881619,-0.04919377,2.751904,1.441763,0.08864689,-3.713837,0.01955714,0.2176921,-0.02034519,0.9756096,2.69494,25.11512,358.2111,0.3662709,0.01963537,-0.9303005,0,0,0,1.907188,-0.004786727,-2.83273,0.048875,-0.04502649,0.9986397,0.9043925,-0.03118306,-0.4255607,0.0482128,0.9984072,0.02930229,0.4239691,-0.04701824,0.9044554,moving,27.24989,-11.03354,2.80191,-2.581594,3.495482371935335,0.1191779782138897,25.86772346510833,2.788406697993923,25.34635912396117
461,05/15/2023 18:37:58.042523,644,True,True,True,True,Eyes,1.455737,0.08115208,-3.702984,0.4514573,-0.168213,0.8762938,0.0,0.0,0.0,0.0,0.0,0.0,0.0,-2.879856,-0.06315954,2.753854,1.441432,0.08901787,-3.714246,0.01726681,0.2174567,-0.02000631,0.9757121,2.429835,25.08996,358.1915,0.3662302,0.01970361,-0.9303151,0,0,0,1.907151,-0.00112821,-2.832731,0.04946271,-0.04630871,0.9987481,0.9046246,-0.03153123,-0.4250412,0.04655037,0.9986032,0.02499387,0.4236595,-0.04239589,0.9048289,moving,27.25705,-10.86629,2.83524,-2.654718,3.483346717393786,0.143282396132653,25.765378289233094,2.872080871752993,25.261072663008257
462,05/15/2023 18:37:58.052060,645,True,True,True,True,Eyes,1.455485,0.08143562,-3.70321,0.4517586,-0.1657893,0.8766003,0.0,0.0,0.0,0.0,0.0,0.0,0.0,-2.878729,-0.0708169,2.754966,1.441336,0.08934498,-3.714364,0.01601255,0.2172933,-0.01979402,0.9757743,2.283927,25.07227,358.1837,0.3661865,0.01977241,-0.9303309,0,0,0,1.907101,0.003925036,-2.832732,0.0496999,-0.04410851,0.9985458,0.9047837,-0.03167015,-0.4246921,0.04558783,0.9987035,0.02264706,0.4234244,-0.03985148,0.9050545,moving,27.26445,-10.70971,2.849391,-2.529268,3.472036049547124,0.165855121015731,25.749072552013303,2.7661119816737565,25.25628609960251
463,05/15/2023 18:37:58.069620,646,True,True,True,True,Eyes,1.455236,0.08171015,-3.703437,0.4520329,-0.1633912,0.8769091,0.0,0.0,0.0,0.0,0.0,0.0,0.0,-2.877755,-0.0726775,2.755927,1.441296,0.0892868,-3.714375,0.01568931,0.2171334,-0.0197514,0.9758161,2.246405,25.05387,358.1801,0.3661396,0.01984139,-0.9303478,0,0,0,1.907074,0.006620591,-2.832732,0.04996318,-0.04199877,0.9984062,0.9049261,-0.03173412,-0.4243843,0.04536081,0.9987274,0.02204238,0.4231447,-0.03919713,0.905214,moving,27.2704,-10.55467,2.864859,-2.408774,3.460736272339735,0.1881938017698528,25.729089629162882,2.6644533186228623,25.247652710608996
464,05/15/2023 18:37:58.082649,647,True,True,True,True,Eyes,1.454968,0.08199197,-3.703654,0.4522738,-0.1610965,0.8772094,0.0,0.0,0.0,0.0,0.0,0.0,0.0,-2.876234,-0.07867995,2.757633,1.441124,0.08932972,-3.714652,0.01477379,0.2168965,-0.01974063,0.9758832,2.143267,25.02691,358.158,0.36609,0.01991031,-0.9303659,0,0,0,1.907057,0.008343911,-2.832733,0.05047458,-0.042071,0.9985559,0.9051325,-0.03212032,-0.4239146,0.04493786,0.9987841,0.02027165,0.422748,-0.03739833,0.9054754,moving,27.27484,-10.40622,2.8937,-2.41255,3.449825194632416,0.2095719869268151,25.65811270862493,2.6804475272666637,25.190050938912773
465,05/15/2023 18:37:58.102186,648,True,True,True,True,Eyes,1.454705,0.08225775,-3.703864,0.4525085,-0.1587801,0.8775107,0.0,0.0,0.0,0.0,0.0,0.0,0.0,-2.874804,-0.08374862,2.759212,1.44095,0.08975601,-3.714886,0.01376568,0.2166676,-0.01929147,0.9759577,2.018898,25.00189,358.1829,0.3660376,0.01997936,-0.930385,0,0,0,1.90703,0.01098591,-2.832733,0.0509229,-0.04202189,0.9986334,0.9053659,-0.03169015,-0.4234481,0.04362047,0.9988768,0.01850978,0.4223858,-0.03522912,0.9057313,moving,27.27894,-10.25634,2.919132,-2.40955,3.438781121012469,0.2311527602018375,25.5924277687945,2.691346554553433,25.13759136592825
466,05/15/2023 18:37:58.112656,649,True,True,True,True,Eyes,1.454444,0.08251747,-3.704077,0.4526982,-0.1561961,0.8778765,0.0,0.0,0.0,0.0,0.0,0.0,0.0,-2.874177,-0.08838579,2.759708,1.440823,0.08960819,-3.714928,0.01250319,0.2165772,-0.01848435,0.9760104,1.857458,24.99398,358.2418,0.3659829,0.02004812,-0.930405,0,0,0,1.907002,0.01384588,-2.832733,0.05108443,-0.04187429,0.9984822,0.9055053,-0.03066602,-0.4232254,0.04149764,0.999004,0.01639992,0.422301,-0.03241308,0.905876,moving,27.27899,-10.08877,2.928818,-2.40146,3.426103172352848,0.2552410394873423,25.534792175885904,2.7028416446131516,25.094630955918625
467,05/15/2023 18:37:58.132061,650,True,True,True,True,Eyes,1.454195,0.08277272,-3.704291,0.4528814,-0.1536115,0.878238,0.0,0.0,0.0,0.0,0.0,0.0,0.0,-2.872813,-0.08767577,2.761501,1.440692,0.08971024,-3.715238,0.01237947,0.216324,-0.01812742,0.9760749,1.834315,24.96498,358.2782,0.3659261,0.02011648,-0.9304259,0,0,0,1.906971,0.01695903,-2.832734,0.05144271,-0.03927715,0.9986657,0.9057508,-0.03003148,-0.4227455,0.04074338,0.9990363,0.01632379,0.4218479,-0.03200936,0.9061014,moving,27.27882,-9.92117,2.948782,-2.252261,3.413406922808854,0.2793317085170548,25.51005516128346,2.5738760577603284,25.08120088731557
468,05/15/2023 18:37:58.142244,651,True,True,True,True,Eyes,1.453963,0.08303328,-3.704515,0.4530538,-0.1507623,0.8786427,0.0,0.0,0.0,0.0,0.0,0.0,0.0,-2.872459,-0.09372029,2.762026,1.440712,0.08983421,-3.71549,0.01116104,0.2162534,-0.01764127,0.9761141,1.68582,24.9587,358.3023,0.3658677,0.02018436,-0.9304473,0,0,0,1.90694,0.01997082,-2.832735,0.05137411,-0.03899521,0.9986717,0.9058465,-0.02961256,-0.4225699,0.03926701,0.9991284,0.01415893,0.4217823,-0.02941887,0.9062199,moving,27.27695,-9.73631,2.944839,-2.236097,3.399280575275551,0.3058886098106987,25.461830663989772,2.5822873553931975,25.048688893340866
469,05/15/2023 18:37:58.162433,652,True,True,True,True,Eyes,1.453738,0.0833023,-3.70474,0.4532179,-0.1479152,0.8790419,0.0,0.0,0.0,0.0,0.0,0.0,0.0,-2.872128,-0.09948254,2.762497,1.440557,0.09021378,-3.715785,0.01041493,0.216224,-0.01774273,0.976127,1.604801,24.95587,358.2725,0.3658081,0.02025193,-0.9304693,0,0,0,1.906911,0.0229359,-2.832735,0.0513967,-0.03778706,0.998859,0.9058647,-0.0301344,-0.4224939,0.03914223,0.9991534,0.01265979,0.4217548,-0.0280054,0.9062774,moving,27.27481,-9.551605,2.94558,-2.166479,3.385146284245041,0.3324208705037381,25.425410880235074,2.537266064300035,25.026526869013512
470,05/15/2023 18:37:58.182246,653,True,True,True,True,Eyes,1.453529,0.08357728,-3.704969,0.4534356,-0.144812,0.8794462,0.0,0.0,0.0,0.0,0.0,0.0,0.0,-2.871579,-0.1081822,2.763105,1.440532,0.090662,-3.716055,0.009025626,0.2161421,-0.01752775,0.9761629,1.443888,24.94812,358.2621,0.3657476,0.02031943,-0.9304916,0,0,0,1.906881,0.02588173,-2.832736,0.05142993,-0.03807929,0.9989182,0.9059508,-0.03031824,-0.4222962,0.03812151,0.9992226,0.01004399,0.4216635,-0.02519793,0.9064022,moving,27.27528,-9.35057,2.947307,-2.183089,3.369966329171454,0.361323345199726,25.36184248381986,2.5792780173801413,24.98019408893036
471,05/15/2023 18:37:58.202291,654,True,True,True,True,Eyes,1.453327,0.08384567,-3.705192,0.4536539,-0.1416726,0.8798448,0.0,0.0,0.0,0.0,0.0,0.0,0.0,-2.871119,-0.1215225,2.763295,1.440451,0.09104061,-3.716275,0.0068868,0.2161061,-0.01725096,0.9761932,1.19767,24.94683,358.2401,0.3656866,0.02038701,-0.930514,0,0,0,1.906851,0.02896595,-2.832736,0.05146909,-0.03964303,0.9989005,0.9060011,-0.03070397,-0.4221602,0.03665709,0.99931,0.005989625,0.421685,-0.02090177,0.9065015,moving,27.27594,-9.147252,2.949599,-2.272686,3.354627442622744,0.3905556569512343,25.279053070410626,2.6938641693028553,24.916036275307977
472,05/15/2023 18:37:58.212415,655,True,True,True,True,Eyes,1.453158,0.08411714,-3.705432,0.4538973,-0.1383799,0.8802433,0.0,0.0,0.0,0.0,0.0,0.0,0.0,-2.871029,-0.1339314,2.762917,1.440401,0.09112167,-3.716368,0.004871778,0.2161368,-0.01701427,0.9762028,0.9664252,24.95339,358.2168,0.3656254,0.0204545,-0.9305366,0,0,0,1.906821,0.03190055,-2.832736,0.05138811,-0.04080212,0.9987761,0.9059908,-0.03111281,-0.4221523,0.03532469,0.9993736,0.002156871,0.4218208,-0.01686651,0.9065224,moving,27.27789,-8.934146,2.945333,-2.339354,3.3386418034468512,0.4212062475181015,25.21040681309036,2.7884376799645345,24.865955814943412
473,05/15/2023 18:37:58.232375,656,True,True,True,True,Eyes,1.452993,0.08438832,-3.70567,0.4541472,-0.1350659,0.8806291,0.0,0.0,0.0,0.0,0.0,0.0,0.0,-2.870653,-0.1455222,2.763096,1.440317,0.09144878,-3.716671,0.003018082,0.2161036,-0.01678129,0.9762216,0.7532107,24.95239,358.197,0.3655645,0.02052198,-0.930559,0,0,0,1.906791,0.03490973,-2.832737,0.05137292,-0.04181561,0.9988729,0.9060353,-0.03146009,-0.4220313,0.03406896,0.9994186,-0.001360362,0.4218287,-0.01314563,0.9065803,moving,27.2805,-8.719751,2.944178,-2.397162,3.3226067050734622,0.4520478972616386,25.144218026230305,2.8742312578283005,24.81782634502885
474,05/15/2023 18:37:58.252201,657,True,True,True,True,Eyes,1.452853,0.08464801,-3.705914,0.4544261,-0.1316999,0.8809949,0.0,0.0,0.0,0.0,0.0,0.0,0.0,-2.871221,-0.157491,2.762078,1.440246,0.09168434,-3.716862,0.0010975,0.216245,-0.01654908,0.9761983,0.5328622,24.97216,358.1756,0.365504,0.02058943,-0.9305813,0,0,0,1.906761,0.03792737,-2.832737,0.05103445,-0.04286544,0.9988807,0.9059284,-0.03183571,-0.4222324,0.03278503,0.9994499,-0.005014558,0.4221598,-0.009300067,0.9064738,moving,27.28514,-8.502182,2.924792,-2.457253,3.306479318206886,0.4833635441886578,25.099157780613773,2.965284281285019,24.790719367643078
475,05/15/2023 18:37:58.262762,658,True,True,True,True,Eyes,1.452712,0.08490359,-3.70616,0.4547009,-0.128394,0.8813411,0.0,0.0,0.0,0.0,0.0,0.0,0.0,-2.872163,-0.1667287,2.760712,1.440148,0.09165001,-3.717018,-0.0004889086,0.2164455,-0.01626066,0.9761593,0.3486231,24.99848,358.1686,0.3654444,0.02065656,-0.9306033,0,0,0,1.906731,0.04094066,-2.832738,0.05058202,-0.04303826,0.9989049,0.9057739,-0.03195762,-0.4225546,0.03153433,0.9994707,-0.007993592,0.4225864,-0.006084585,0.9063023,moving,27.29009,-8.288555,2.898838,-2.467088,3.290672847851531,0.5141152459867344,25.0763364979734,3.0068434182498884,24.784157242003236
476,05/15/2023 18:37:58.282370,659,True,True,True,True,Eyes,1.452597,0.08515483,-3.706414,0.455006,-0.1251075,0.8816562,0.0,0.0,0.0,0.0,0.0,0.0,0.0,-2.872587,-0.1715885,2.76027,1.439999,0.0917902,-3.717293,-0.00137242,0.2165359,-0.01600072,0.9761427,0.2435137,25.0107,358.1758,0.3653855,0.02072329,-0.9306248,0,0,0,1.906701,0.04394278,-2.832738,0.05032331,-0.04202078,0.9991195,0.9057124,-0.03183233,-0.4226959,0.03064361,0.9994842,-0.009608814,0.4227839,-0.004250102,0.9062208,moving,27.2974,-8.076384,2.883417,-2.408316,3.275148530238943,0.5446782760469788,25.06331104975783,2.978863673642949,24.78557264945696
477,05/15/2023 18:37:58.292340,660,True,True,True,True,Eyes,1.452478,0.08540308,-3.706669,0.4552947,-0.121881,0.8819591,0.0,0.0,0.0,0.0,0.0,0.0,0.0,-2.873355,-0.1792627,2.75917,1.439896,0.09192467,-3.717469,-0.002760755,0.2166943,-0.01561943,0.9761106,0.07904986,25.03185,358.1841,0.3653278,0.02078956,-0.930646,0,0,0,1.90667,0.04703309,-2.832739,0.04993734,-0.04195169,0.9991928,0.9055992,-0.03168907,-0.4229488,0.02929611,0.9994968,-0.01215889,0.4231214,-0.001379678,0.906072,moving,27.30419,-7.868072,2.86113,-2.404185,3.259878369032963,0.574682038257236,25.04630198876411,3.005436589486107,24.783415511943247
478,05/15/2023 18:37:58.312264,661,True,True,True,True,Eyes,1.452342,0.08565089,-3.706912,0.4556202,-0.1187304,0.8822206,0.0,0.0,0.0,0.0,0.0,0.0,0.0,-2.872867,-0.1847872,2.759592,1.4397,0.09208584,-3.717746,-0.003643529,0.2166383,-0.01550971,0.976122,359.9775,25.02691,358.1744,0.365271,0.02085533,-0.9306669,0,0,0,1.906641,0.0499381,-2.832739,0.05003268,-0.04096785,0.9994336,0.9056547,-0.03185738,-0.4228177,0.02870007,0.9994923,-0.01383305,0.4230438,0.0003930657,0.9061092,moving,27.31396,-7.664887,2.865893,-2.347301,3.24521335640827,0.6039748485430919,25.01968626709546,2.9755525649834254,24.769895484134583
479,05/15/2023 18:37:58.332267,662,True,True,True,True,Eyes,1.452214,0.08589341,-3.70715,0.4559324,-0.1156238,0.8824719,0.0,0.0,0.0,0.0,0.0,0.0,0.0,-2.87277,-0.1890765,2.759594,1.43962,0.09227467,-3.717917,-0.0044911,0.2166269,-0.01516563,0.9761264,359.8741,25.02715,358.1918,0.3652149,0.02092065,-0.9306875,0,0,0,1.906611,0.05293734,-2.83274,0.04995951,-0.03997626,0.9995359,0.9056856,-0.03155291,-0.4227742,0.02766135,0.9994997,-0.01533832,0.4230466,0.002197197,0.9061053,moving,27.32331,-7.464527,2.861417,-2.290313,3.2307315343144705,0.6328579003007598,25.003133796811248,2.946408209603867,24.76596691085034
480,05/15/2023 18:37:58.352303,663,True,True,True,True,Eyes,1.452071,0.08613092,-3.707379,0.4562387,-0.1126107,0.8827033,0.0,0.0,0.0,0.0,0.0,0.0,0.0,-2.872715,-0.1938853,2.759538,1.439687,0.09237003,-3.718051,-0.005444576,0.2166025,-0.01480029,0.9761326,359.7583,25.02606,358.209,0.3651595,0.02098542,-0.9307078,0,0,0,1.90658,0.05599271,-2.83274,0.0497914,-0.03905568,0.9995412,0.9057287,-0.03125271,-0.4227043,0.02653548,0.9995026,-0.01704081,0.4230267,0.004217694,0.9061075,moving,27.33288,-7.270227,2.851789,-2.237614,3.216724359703442,0.6608717622358842,24.993019228537595,2.921369119205243,24.76785698582307
481,05/15/2023 18:37:58.362325,664,True,True,True,True,Eyes,1.451933,0.08637004,-3.707605,0.4565265,-0.1096669,0.8829252,0.0,0.0,0.0,0.0,0.0,0.0,0.0,-2.872377,-0.1964961,2.759938,1.439564,0.0924511,-3.718269,-0.005938848,0.2165505,-0.01463134,0.9761437,359.6988,25.02087,358.2157,0.3651045,0.02104959,-0.9307279,0,0,0,1.906551,0.05894371,-2.832741,0.04981163,-0.03723129,0.9997467,0.9057836,-0.03113671,-0.422595,0.02599246,0.9995013,-0.01793119,0.4229426,0.005257488,0.9061412,moving,27.34174,-7.080364,2.852361,-2.132751,3.203001239649057,0.6882416095032391,24.98416614985199,2.8427008074247,24.76954540289247
482,05/15/2023 18:37:58.382561,665,True,True,True,True,Eyes,1.451803,0.08660542,-3.707832,0.4568065,-0.1067862,0.8831334,0.0,0.0,0.0,0.0,0.0,0.0,0.0,-2.871946,-0.2002806,2.760309,1.439571,0.09271622,-3.718405,-0.00655545,0.2164742,-0.01450292,0.9761587,359.6265,25.0131,358.2148,0.36505,0.02111326,-0.9307478,0,0,0,1.90652,0.06204442,-2.832741,0.04980737,-0.03565596,0.9998146,0.9058571,-0.03115247,-0.4224362,0.02547613,0.9994934,-0.01907733,0.4228166,0.0065193,0.9061918,moving,27.35056,-6.894584,2.851923,-2.04245,3.1895842038235926,0.7150241843507558,24.97451539493259,2.7780710872705296,24.770175432327427
483,05/15/2023 18:37:58.392318,666,True,True,True,True,Eyes,1.451676,0.08684009,-3.708061,0.4570739,-0.1039198,0.8833369,0.0,0.0,0.0,0.0,0.0,0.0,0.0,-2.872447,-0.2059229,2.75956,1.439416,0.0928421,-3.718601,-0.007470693,0.2165917,-0.01437552,0.9761279,359.5211,25.02869,358.2062,0.3649962,0.02117638,-0.9307675,0,0,0,1.90649,0.0649941,-2.832742,0.04954165,-0.03467307,1.00001,0.9057629,-0.03130087,-0.4226277,0.02482851,0.9994751,-0.02081194,0.4230572,0.008357469,0.9060645,moving,27.35885,-6.709694,2.836179,-1.985804,3.176195903697296,0.7416741915870313,24.97351656668201,2.7485903260367412,24.779751019820225
484,05/15/2023 18:37:58.412355,667,True,True,True,True,Eyes,1.451537,0.08706693,-3.708277,0.4573753,-0.1010655,0.8835121,0.0,0.0,0.0,0.0,0.0,0.0,0.0,-2.8721,-0.2132064,2.759679,1.439384,0.09303951,-3.718839,-0.008705103,0.2165383,-0.01412557,0.9761332,359.3768,25.02485,358.2036,0.364943,0.02123899,-0.9307869,0,0,0,1.906461,0.06796286,-2.832742,0.04950461,-0.03442362,1.000158,0.9058233,-0.03134685,-0.4224945,0.0238069,0.9994494,-0.02311213,0.4229864,0.01087723,0.9060709,moving,27.36963,-6.525737,2.833644,-1.971238,3.163059648573613,0.7682118433954657,24.955121120387236,2.759184682837417,24.772234988805113
485,05/15/2023 18:37:58.432303,668,True,True,True,True,Eyes,1.451396,0.08729428,-3.708491,0.4576542,-0.098234,0.883687,0.0,0.0,0.0,0.0,0.0,0.0,0.0,-2.871654,-0.2196853,2.759704,1.439252,0.09302807,-3.718942,-0.009939359,0.2164836,-0.01374224,0.976139,359.2291,25.02082,358.2158,0.3648902,0.02130095,-0.9308062,0,0,0,1.90643,0.07097895,-2.832743,0.049602,-0.03398215,1.000237,0.905892,-0.03113208,-0.4223628,0.02252525,0.9994248,-0.02535433,0.4229093,0.01345445,0.9060721,moving,27.37927,-6.343174,2.838985,-1.945824,3.149945823337698,0.7945391475248145,24.931150693534484,2.7579497482664483,24.758585064425194
486,05/15/2023 18:37:58.452066,669,True,True,True,True,Eyes,1.451247,0.08752329,-3.708693,0.4578592,-0.09542045,0.8838891,0.0,0.0,0.0,0.0,0.0,0.0,0.0,-2.870529,-0.2264353,2.76048,1.4391,0.09324646,-3.719108,-0.01106077,0.2163165,-0.01353848,0.9761668,359.0983,25.00351,358.2109,0.3648377,0.02136233,-0.9308253,0,0,0,1.9064,0.07406461,-2.832743,0.04992858,-0.03338592,1.000385,0.9060478,-0.03121687,-0.4220223,0.02164636,0.9993888,-0.02745149,0.4226213,0.01573712,0.9061698,moving,27.3844,-6.161517,2.857224,-1.911426,3.1365719382932435,0.8206968007936344,24.89268237943145,2.7463667397572995,24.72997694846029
487,05/15/2023 18:37:58.462397,670,True,True,True,True,Eyes,1.451096,0.08775222,-3.708894,0.4580408,-0.09259693,0.8840953,0.0,0.0,0.0,0.0,0.0,0.0,0.0,-2.869666,-0.233463,2.760981,1.439145,0.09348392,-3.719223,-0.01227016,0.2161652,-0.01325968,0.9761897,358.9558,24.98822,358.2122,0.3647855,0.02142325,-0.9308444,0,0,0,1.90637,0.07701015,-2.832744,0.05007195,-0.03316336,1.000405,0.9061936,-0.03119268,-0.4217111,0.02058316,0.9993473,-0.02968856,0.4223618,0.01822344,0.9062442,moving,27.38822,-5.979153,2.86536,-1.898657,3.123049093574044,0.8469446350872704,24.860030373787076,2.7576678566391757,24.707295935552303
488,05/15/2023 18:37:58.486193,671,True,True,True,True,Eyes,1.450921,0.08798873,-3.709077,0.4582155,-0.08977469,0.8842958,0.0,0.0,0.0,0.0,0.0,0.0,0.0,-2.867996,-0.2425411,2.762124,1.438985,0.0936842,-3.719424,-0.01378024,0.2159078,-0.01300227,0.9762299,358.78,24.96126,358.2038,0.3647335,0.02148374,-0.9308634,0,0,0,1.90634,0.0800229,-2.832744,0.05058947,-0.03340226,1.000566,0.9064295,-0.03133693,-0.4211928,0.01943589,0.9992821,-0.03251994,0.4219096,0.02129077,0.9063879,moving,27.39183,-5.79687,2.89446,-1.912017,3.109517077039733,0.8731789904989523,24.80349208777887,2.793486397295737,24.660773148695778
489,05/15/2023 18:37:58.492004,672,True,True,True,True,Eyes,1.450752,0.08821923,-3.709256,0.458389,-0.08692329,0.8844907,0.0,0.0,0.0,0.0,0.0,0.0,0.0,-2.867347,-0.2524893,2.762051,1.438981,0.09405518,-3.719521,-0.0152997,0.2158235,-0.01288818,0.9762275,358.6071,24.9549,358.179,0.3646812,0.02154407,-0.9308825,0,0,0,1.90631,0.08305982,-2.832745,0.0506615,-0.03373521,1.000592,0.9065082,-0.03176767,-0.4209914,0.01855953,0.9991996,-0.03543513,0.4217802,0.02430884,0.9063723,moving,27.39554,-5.612718,2.898498,-1.93101,3.095850902356132,0.899682884762352,24.772162613446326,2.837564162430974,24.639325240772827
490,05/15/2023 18:37:58.512058,673,True,True,True,True,Eyes,1.450568,0.08843756,-3.709426,0.4585783,-0.08408109,0.8846673,0.0,0.0,0.0,0.0,0.0,0.0,0.0,-2.867272,-0.2631369,2.761213,1.438942,0.09410858,-3.719593,-0.01706831,0.2158439,-0.01262987,0.976197,358.4029,24.96139,358.164,0.3646289,0.02160408,-0.9309015,0,0,0,1.90628,0.08601506,-2.832745,0.05055615,-0.03439512,1.000615,0.9065038,-0.03202666,-0.4209812,0.0172903,0.9990983,-0.03877623,0.4218435,0.0278719,0.9062402,moving,27.40053,-5.429233,2.892413,-1.968708,3.082328474194773,0.926102085732992,24.75122284173681,2.901033146966797,24.62814651180412
491,05/15/2023 18:37:58.532311,674,True,True,True,True,Eyes,1.450387,0.08865738,-3.709596,0.4587463,-0.0813267,0.8848377,0.0,0.0,0.0,0.0,0.0,0.0,0.0,-2.866793,-0.2716612,2.760992,1.43876,0.09401131,-3.719746,-0.01842247,0.21581,-0.01254827,0.976181,358.2493,24.96082,358.1395,0.3645764,0.02166352,-0.9309207,0,0,0,1.90625,0.08899701,-2.832746,0.05064285,-0.03397957,1.00081,0.9065372,-0.03245027,-0.4208768,0.01654726,0.9990063,-0.04138342,0.4218015,0.03055125,0.9061734,moving,27.4046,-5.251383,2.896801,-1.944563,3.069165462630737,0.951703226704904,24.729886177190565,2.9013906258774336,24.61515260542512
492,05/15/2023 18:37:58.552168,675,True,True,True,True,Eyes,1.4502,0.08887169,-3.70976,0.4588711,-0.07862431,0.8850173,0.0,0.0,0.0,0.0,0.0,0.0,0.0,-2.865696,-0.2758048,2.761858,1.438625,0.09426594,-3.719894,-0.01882081,0.2156605,-0.01283049,0.9762027,358.2114,24.94482,358.0983,0.3645236,0.02172248,-0.93094,0,0,0,1.90622,0.092044,-2.832746,0.05090719,-0.03181096,1.001038,0.9066519,-0.03316813,-0.4205739,0.01693251,0.9989623,-0.04227991,0.4215397,0.03121179,0.9062727,moving,27.40621,-5.076788,2.911235,-1.820132,3.056069537241492,0.9768149689173864,24.71051615310698,2.800694447831486,24.60248070777789
493,05/15/2023 18:37:58.564095,676,True,True,True,True,Eyes,1.450013,0.08907346,-3.709923,0.4589716,-0.07598618,0.8851956,0.0,0.0,0.0,0.0,0.0,0.0,0.0,-2.86456,-0.282029,2.762445,1.438455,0.0943346,-3.719985,-0.01998142,0.2154888,-0.01248022,0.9762221,358.0725,24.92724,358.1091,0.3644706,0.02178087,-0.9309594,0,0,0,1.90619,0.09504792,-2.832747,0.05128032,-0.03130437,1.001179,0.9068177,-0.03297848,-0.4202312,0.01575539,0.99889,-0.0443913,0.4212287,0.03363392,0.9063307,moving,27.40662,-4.906306,2.932125,-1.790913,3.043197441990384,1.0013249884307729,24.67197963377633,2.7944462906639727,24.571383073331344
494,05/15/2023 18:37:58.582308,677,True,True,True,True,Eyes,1.44982,0.08926293,-3.710075,0.4590452,-0.07347085,0.8853697,0.0,0.0,0.0,0.0,0.0,0.0,0.0,-2.863027,-0.2841293,2.763916,1.438267,0.09422112,-3.720134,-0.02047293,0.2152332,-0.01224132,0.9762714,358.0112,24.89817,358.1241,0.3644175,0.02183844,-0.9309789,0,0,0,1.90616,0.09807976,-2.832747,0.05179453,-0.02923541,1.001427,0.9070497,-0.03271461,-0.4197508,0.01508879,0.998862,-0.04524375,0.4207533,0.0347048,0.9065111,moving,27.40577,-4.743721,2.960742,-1.672204,3.030831175656356,1.0246888186689274,24.637240320337686,2.6978034338943635,24.542439759935657
495,05/15/2023 18:37:58.602272,678,True,True,True,True,Eyes,1.44963,0.08944653,-3.710231,0.4590827,-0.07107726,0.8855456,0.0,0.0,0.0,0.0,0.0,0.0,0.0,-2.861402,-0.2830079,2.765643,1.438116,0.09411716,-3.720141,-0.02039835,0.2149584,-0.01212252,0.9763349,358.0161,24.86549,358.1398,0.3643641,0.02189497,-0.9309984,0,0,0,1.906129,0.1011101,-2.832748,0.05235881,-0.02601156,1.001567,0.9072919,-0.03244088,-0.4192483,0.0149017,0.9988739,-0.04504293,0.4202375,0.03461958,0.9067537,moving,27.40303,-4.58894,2.992522,-1.487687,3.018917794525905,1.0469143222938369,24.606720037178317,2.5347387638457577,24.516441571542416
496,05/15/2023 18:37:58.612232,679,True,True,True,True,Eyes,1.449435,0.08962652,-3.710384,0.4591012,-0.06882729,0.8857138,0.0,0.0,0.0,0.0,0.0,0.0,0.0,-2.859143,-0.2810866,2.768436,1.43801,0.09416676,-3.720377,-0.02010596,0.2145513,-0.01211256,0.9764307,358.0478,24.81689,358.149,0.3643106,0.0219504,-0.9310181,0,0,0,1.9061,0.1040465,-2.832748,0.05306512,-0.02256338,1.001881,0.907642,-0.03228168,-0.418502,0.01502664,0.998898,-0.04446169,0.4194761,0.03406662,0.907127,moving,27.39953,-4.443427,3.031866,-1.290141,3.007650431690202,1.0678009279768204,24.570841691213833,2.358066269098392,24.48438157609855
497,05/15/2023 18:37:58.632320,680,True,True,True,True,Eyes,1.449244,0.08979936,-3.710536,0.4591009,-0.0666519,0.8858803,0.0,0.0,0.0,0.0,0.0,0.0,0.0,-2.85645,-0.2789548,2.771626,1.437887,0.09426689,-3.720568,-0.01978721,0.214072,-0.01208402,0.9765428,358.0818,24.75972,358.161,0.3642568,0.02200477,-0.9310378,0,0,0,1.90607,0.1070508,-2.832749,0.0539515,-0.01905104,1.002152,0.9080544,-0.03207291,-0.4176228,0.01512936,0.9989249,-0.04381981,0.4185792,0.03347241,0.9075633,moving,27.39511,-4.302716,3.08158,-1.089069,2.996679444536986,1.0879892156951143,24.524992723780958,2.178713055646274,24.441973401113884
498,05/15/2023 18:37:58.652144,681,True,True,True,True,Eyes,1.449066,0.08996459,-3.710691,0.4590949,-0.06452771,0.8860407,0.0,0.0,0.0,0.0,0.0,0.0,0.0,-2.855159,-0.2794417,2.773027,1.437824,0.09426403,-3.720683,-0.01994366,0.2138417,-0.01195775,0.9765915,358.0608,24.73289,358.1718,0.3642029,0.02205799,-0.9310576,0,0,0,1.906039,0.1101,-2.832749,0.05431288,-0.01636915,1.002339,0.9082575,-0.03188525,-0.417195,0.01482609,0.9989185,-0.04406776,0.4181489,0.03383949,0.907748,moving,27.39057,-4.165328,3.101603,-0.9356112,2.985951196017908,1.1076987802665352,24.502754713200947,2.046580322201194,24.423507259551744
499,05/15/2023 18:37:58.662413,682,True,True,True,True,Eyes,1.448891,0.09013134,-3.710844,0.459063,-0.06248005,0.8862039,0.0,0.0,0.0,0.0,0.0,0.0,0.0,-2.853204,-0.2806543,2.775013,1.43765,0.09426212,-3.720821,-0.02016025,0.2135178,-0.01190519,0.9766586,358.0346,24.69538,358.1729,0.3641492,0.02210999,-0.9310774,0,0,0,1.906009,0.113104,-2.83275,0.05496183,-0.01380681,1.002584,0.9085367,-0.03186376,-0.416588,0.01464547,0.9989037,-0.0444633,0.4175481,0.03429542,0.9080074,moving,27.38463,-4.032852,3.137823,-0.7889832,2.975492672268434,1.126690019631151,24.462835781790762,1.9225386913436664,24.387119588546916
500,05/15/2023 18:37:58.682346,683,True,True,True,True,Eyes,1.448759,0.09028628,-3.711015,0.45891,-0.06006937,0.8864498,0.0,0.0,0.0,0.0,0.0,0.0,0.0,-2.851154,-0.2828737,2.776968,1.437571,0.09446621,-3.720902,-0.02031742,0.2131864,-0.01212535,0.9767252,358.0218,24.65733,358.1451,0.3640957,0.02216093,-0.9310971,0,0,0,1.90598,0.1160728,-2.83275,0.05556348,-0.01122263,1.002733,0.9088092,-0.03234907,-0.4159564,0.01502348,0.9988804,-0.044859,0.4169418,0.03451915,0.9082776,moving,27.37035,-3.876664,3.171631,-0.6412295,2.962631937501776,1.1490169225681908,24.414054100963057,1.8024047441247324,24.342664765115675
501,05/15/2023 18:37:58.702328,684,True,True,True,True,Eyes,1.448628,0.09043707,-3.711186,0.4587465,-0.05774642,0.8866888,0.0,0.0,0.0,0.0,0.0,0.0,0.0,-2.849521,-0.2848571,2.778564,1.437445,0.09436035,-3.721045,-0.0205822,0.2129217,-0.01219882,0.9767764,357.9935,24.62714,358.1309,0.3640431,0.0222106,-0.9311165,0,0,0,1.905949,0.1191015,-2.832751,0.05603552,-0.008560917,1.002977,0.9090312,-0.03259584,-0.4154516,0.01506625,0.9988552,-0.0454032,0.4164559,0.03501362,0.9084815,moving,27.35571,-3.726178,3.197745,-0.4890367,2.950176494767654,1.1705210285246863,24.37388677944883,1.677921934742196,24.30642805945323
502,05/15/2023 18:37:58.712133,685,True,True,True,True,Eyes,1.448545,0.09057947,-3.711384,0.458464,-0.05506211,0.8870056,0.0,0.0,0.0,0.0,0.0,0.0,0.0,-2.848214,-0.2875246,2.779812,1.437328,0.09441757,-3.721226,-0.02076747,0.2127273,-0.01251181,0.9768109,357.98,24.60543,358.0917,0.3639916,0.02225902,-0.9311355,0,0,0,1.90592,0.1220762,-2.832751,0.05633646,-0.005836507,1.003256,0.9091811,-0.03327895,-0.4150688,0.01560773,0.9988243,-0.04589497,0.4161083,0.03524856,0.9086317,moving,27.33295,-3.552157,3.213992,-0.3333183,2.935348266768045,1.1953372773622162,24.332797980963505,1.5538436872060366,24.26997554821537
503,05/15/2023 18:37:58.732192,686,True,True,True,True,Eyes,1.448466,0.09070289,-3.711571,0.458191,-0.05246729,0.8873039,0.0,0.0,0.0,0.0,0.0,0.0,0.0,-2.847067,-0.292556,2.780688,1.43712,0.09437656,-3.721477,-0.02161456,0.2125556,-0.01238188,0.9768314,357.8817,24.58745,358.0859,0.3639416,0.02230609,-0.931154,0,0,0,1.905888,0.1251997,-2.832752,0.05665973,-0.004390713,1.003641,0.9093337,-0.03337861,-0.4147265,0.01500143,0.998759,-0.04749124,0.4157972,0.03696389,0.9087059,moving,27.31118,-3.384025,3.231156,-0.250655,2.921037851840512,1.2193156467039237,24.2830303586162,1.502327184067779,24.22523900050876
504,05/15/2023 18:37:58.752287,687,True,True,True,True,Eyes,1.448446,0.09082924,-3.71179,0.4578717,-0.04976794,0.8876241,0.0,0.0,0.0,0.0,0.0,0.0,0.0,-2.847194,-0.292414,2.780503,1.437147,0.09404087,-3.721423,-0.0217838,0.2125645,-0.01217001,0.9768285,357.8575,24.58855,358.1054,0.3638933,0.02235145,-0.9311718,0,0,0,1.905858,0.1282934,-2.832752,0.05651125,-0.00140406,1.003695,0.9093365,-0.03303695,-0.4147477,0.01451511,0.9987547,-0.0477319,0.4158081,0.03738425,0.9086838,moving,27.28648,-3.209141,3.222534,-0.08015051,2.906002952652371,1.2442389953484767,24.26652176512791,1.3616899301280632,24.21286032044652
505,05/15/2023 18:37:58.769943,688,True,True,True,True,Eyes,1.448427,0.09097067,-3.712016,0.4575787,-0.04705259,0.8879234,0.0,0.0,0.0,0.0,0.0,0.0,0.0,-2.847122,-0.2872216,2.781409,1.437037,0.09430122,-3.721675,-0.02093292,0.2125309,-0.01221398,0.9768539,357.9538,24.58229,358.1214,0.3638475,0.02239534,-0.9311886,0,0,0,1.905829,0.1311023,-2.832753,0.05645055,0.002804762,1.004046,0.909363,-0.03276032,-0.4147118,0.01496477,0.9988253,-0.04608849,0.4157345,0.0357051,0.908785,moving,27.26367,-3.033365,3.217956,0.160053,2.891038264062997,1.2693070848448385,24.25683986615981,1.156425454067462,24.206389763924452
506,05/15/2023 18:37:58.782466,689,True,True,True,True,Eyes,1.448443,0.09113128,-3.712261,0.4572538,-0.04409873,0.8882422,0.0,0.0,0.0,0.0,0.0,0.0,0.0,-2.848018,-0.2974054,2.779992,1.437051,0.09477806,-3.722084,-0.02249335,0.2126922,-0.01205797,0.976786,357.7756,24.60534,358.1003,0.3638039,0.02243827,-0.9312046,0,0,0,1.905799,0.1341501,-2.832753,0.05585298,0.002237186,1.004519,0.9092333,-0.03312442,-0.414967,0.01398778,0.9986973,-0.04907164,0.416052,0.03881311,0.9085122,moving,27.23873,-2.842241,3.182467,0.1276045,2.874756844091566,1.296562802551003,24.23888965730566,1.2087799854200576,24.194851288814263
507,05/15/2023 18:37:58.802077,690,True,True,True,True,Eyes,1.448458,0.091314,-3.712504,0.4569538,-0.04100364,0.8885449,0.0,0.0,0.0,0.0,0.0,0.0,0.0,-2.847515,-0.3085853,2.779556,1.436878,0.09541035,-3.722334,-0.02388299,0.2126817,-0.0123549,0.9767516,357.6273,24.60887,358.033,0.3637629,0.0224808,-0.9312196,0,0,0,1.905766,0.137446,-2.832754,0.05581167,0.002349656,1.004917,0.9092277,-0.03429429,-0.4148842,0.01397639,0.9985539,-0.05191081,0.4160645,0.04140016,0.9083923,moving,27.2155,-2.642151,3.178863,0.1339665,2.857921483622815,1.3251223088634516,24.196420120413997,1.233635123496259,24.15819845327309
508,05/15/2023 18:37:58.817966,691,True,True,True,True,Eyes,1.448514,0.09149342,-3.712764,0.4566475,-0.03758853,0.8888533,0.0,0.0,0.0,0.0,0.0,0.0,0.0,-2.847539,-0.329343,2.777366,1.436845,0.0960722,-3.722493,-0.0271425,0.2127531,-0.01199768,0.9766552,357.2538,24.62659,357.9928,0.3637243,0.02252353,-0.9312337,0,0,0,1.905739,0.1401114,-2.832754,0.05559841,-0.002178796,1.005156,0.9091843,-0.03498451,-0.4149215,0.01188589,0.9982387,-0.05812282,0.4162242,0.04791265,0.9079989,moving,27.19179,-2.421527,3.165987,-0.1241952,2.839497147336152,1.3566293404076124,24.13538777799313,1.5163894431727878,24.10536207317446
509,05/15/2023 18:37:58.834092,692,True,True,True,True,Eyes,1.448573,0.0916269,-3.713001,0.4563461,-0.03412316,0.8891479,0.0,0.0,0.0,0.0,0.0,0.0,0.0,-2.846886,-0.348904,2.775752,1.436698,0.09615326,-3.722626,-0.03041292,0.2127092,-0.01148451,0.9765747,356.875,24.6309,357.9701,0.3636885,0.02256633,-0.9312467,0,0,0,1.905709,0.1431149,-2.832755,0.0557082,-0.005891679,1.00544,0.9092458,-0.03536918,-0.4147542,0.009492747,0.9978864,-0.06428669,0.4161513,0.05451525,0.9076598,moving,27.1687,-2.197783,3.171333,-0.3357381,2.820881868289382,1.3885902840258988,24.069500080855544,1.7595807374697587,24.046348650808852
510,05/15/2023 18:37:58.852185,693,True,True,True,True,Eyes,1.448653,0.09176493,-3.713282,0.456113,-0.03082541,0.8893878,0.0,0.0,0.0,0.0,0.0,0.0,0.0,-2.846133,-0.3594279,2.774744,1.436797,0.0951376,-3.722287,-0.03263325,0.2125831,-0.01075658,0.9765388,356.6083,24.62157,357.9974,0.3636555,0.02260805,-0.9312586,0,0,0,1.905679,0.1461193,-2.832755,0.0559139,-0.006556718,1.00526,0.9093854,-0.03488299,-0.4144893,0.007133882,0.9976387,-0.06830861,0.4158934,0.05916193,0.907487,moving,27.15054,-1.985027,3.183586,-0.3737012,2.803457383160692,1.4190148111037082,24.02105857100935,1.8325742718394133,24.0025880291516
511,05/15/2023 18:37:58.862435,694,True,True,True,True,Eyes,1.448731,0.09187184,-3.713544,0.4558727,-0.02758888,0.8896173,0.0,0.0,0.0,0.0,0.0,0.0,0.0,-2.845797,-0.351513,2.776997,1.43628,0.09543896,-3.723147,-0.03134336,0.212513,-0.01082294,0.9765956,356.7542,24.60908,358.022,0.3636252,0.0226489,-0.9312694,0,0,0,1.905649,0.1491412,-2.832756,0.05603483,-0.001350585,1.006402,0.9094422,-0.03446101,-0.4144,0.007817518,0.9978009,-0.06581961,0.4157569,0.05661955,0.9077116,moving,27.13227,-1.776292,3.186846,-0.07689054,2.786329189525328,1.44886036636769,24.005651331759907,1.5774439906870328,23.98939880623476
512,05/15/2023 18:37:58.885906,695,True,True,True,True,Eyes,1.448802,0.0919861,-3.713832,0.4556541,-0.0246174,0.8898165,0.0,0.0,0.0,0.0,0.0,0.0,0.0,-2.844738,-0.3542621,2.777429,1.436303,0.09477806,-3.722929,-0.03213664,0.2123219,-0.01039836,0.976616,356.6546,24.58806,358.0507,0.3635973,0.02268819,-0.9312794,0,0,0,1.905619,0.1521259,-2.832756,0.05638161,0.0005377643,1.006366,0.9096227,-0.03395704,-0.4140455,0.006663796,0.9977182,-0.06718589,0.4153821,0.05835469,0.9077734,moving,27.11592,-1.584724,3.206642,0.03061672,2.77064008620119,1.476254980620156,23.96378309288778,1.50995617466372,23.95028521785194
513,05/15/2023 18:37:58.902284,696,True,True,True,True,Eyes,1.448869,0.09214276,-3.714116,0.4553996,-0.02160672,0.890025,0.0,0.0,0.0,0.0,0.0,0.0,0.0,-2.84077,-0.3437102,2.783454,1.435661,0.09512711,-3.723647,-0.02995627,0.2116832,-0.01119883,0.976815,356.917,24.5081,358.0165,0.3635713,0.02272624,-0.9312886,0,0,0,1.905588,0.1552196,-2.832757,0.05778697,0.007930065,1.007336,0.9101297,-0.03456086,-0.4128798,0.0091959,0.9979544,-0.06326467,0.4142217,0.05378225,0.9085857,moving,27.09749,-1.39067,3.283239,0.451041,2.7546112828423737,1.5039887740537603,23.885360581295856,1.17819619683313,23.87259496634944
514,05/15/2023 18:37:58.912615,697,True,True,True,True,Eyes,1.448969,0.09230417,-3.714419,0.4551023,-0.01838859,0.8902493,0.0,0.0,0.0,0.0,0.0,0.0,0.0,-2.837782,-0.3493315,2.786047,1.435636,0.09623909,-3.723813,-0.03160206,0.2110799,-0.00971687,0.9769097,356.6955,24.43835,358.1444,0.3635469,0.02276424,-0.9312972,0,0,0,1.905559,0.158175,-2.832757,0.05902344,0.0057806,1.007535,0.9107019,-0.03232612,-0.4117977,0.005643899,0.9978138,-0.06584678,0.413026,0.05764264,0.9088933,moving,27.07647,-1.183308,3.352671,0.3287234,2.737386615690336,1.5336129297211714,23.77193466983676,1.352898241704463,23.762948010445783
515,05/15/2023 18:37:58.932043,698,True,True,True,True,Eyes,1.449068,0.09246763,-3.71471,0.4547682,-0.01510709,0.8904817,0.0,0.0,0.0,0.0,0.0,0.0,0.0,-2.834798,-0.3643668,2.787495,1.435453,0.09645557,-3.724129,-0.03485194,0.2105191,-0.00814676,0.9769345,356.2923,24.37823,358.2433,0.3635245,0.02280231,-0.9313051,0,0,0,1.905529,0.1612048,-2.832758,0.06022692,0.001411339,1.008006,0.9112307,-0.03059169,-0.4107589,0.001243699,0.997438,-0.07152622,0.4118946,0.06466603,0.9089342,moving,27.05336,-0.9719341,3.419275,0.08022145,2.7197060406943803,1.56379552215622,23.657493634969466,1.6402404568837268,23.65216470664836
516,05/15/2023 18:37:58.952086,699,True,True,True,True,Eyes,1.449207,0.09262173,-3.715024,0.4543933,-0.0118072,0.8907229,0.0,0.0,0.0,0.0,0.0,0.0,0.0,-2.830982,-0.3767809,2.789783,1.435518,0.09662342,-3.724146,-0.03714008,0.2098422,-0.007450322,0.9770012,356.0179,24.30408,358.2684,0.363504,0.02284048,-0.9313121,0,0,0,1.905498,0.164295,-2.832758,0.06149387,-0.0004820284,1.008093,0.9118215,-0.03014506,-0.4094787,-0.00102916,0.9971302,-0.07569858,0.4105855,0.06944502,0.9091737,moving,27.02794,-0.7594539,3.49073,-0.02739648,2.701773421327392,1.5941169546503833,23.548591521581013,1.8032632369630535,23.545588695054782
517,05/15/2023 18:37:58.969961,700,True,True,True,True,Eyes,1.449335,0.09279641,-3.715336,0.4539892,-0.008556961,0.8909661,0.0,0.0,0.0,0.0,0.0,0.0,0.0,-2.827103,-0.3872751,2.792461,1.435247,0.09656715,-3.724389,-0.03874158,0.2092306,-0.007406395,0.9770706,355.8362,24.23773,358.2369,0.3634859,0.02287851,-0.9313183,0,0,0,1.905469,0.1671676,-2.832759,0.06278715,-0.0007023998,1.00854,0.9123354,-0.03068499,-0.4082923,-0.001738712,0.9968885,-0.07880581,0.40944,0.07260723,0.9094433,moving,27.00098,-0.5502596,3.562378,-0.03990375,2.683977263277816,1.623952586930471,23.44415762632629,1.8814903040456414,23.442619350289952
518,05/15/2023 18:37:58.982437,701,True,True,True,True,Eyes,1.449477,0.09296742,-3.715653,0.4536743,-0.005188734,0.8911525,0.0,0.0,0.0,0.0,0.0,0.0,0.0,-2.823769,-0.3937363,2.795319,1.435126,0.09721565,-3.724712,-0.03973692,0.2086576,-0.007198987,0.9771547,355.7187,24.17319,358.2386,0.3634697,0.02291691,-0.9313237,0,0,0,1.905439,0.170191,-2.832759,0.06386235,-0.0003918149,1.008969,0.9128205,-0.03065186,-0.4072093,-0.002513766,0.9967383,-0.08066248,0.4083536,0.07465399,0.9097661,moving,26.98006,-0.3336008,3.621684,-0.02224977,2.6660563067553302,1.6549140123984998,23.36045095500637,1.930311539903694,23.359879950742517
519,05/15/2023 18:37:59.002491,702,True,True,True,True,Eyes,1.449607,0.09312633,-3.715964,0.4533467,-0.00188508,0.8913323,0.0,0.0,0.0,0.0,0.0,0.0,0.0,-2.822123,-0.4110477,2.794636,1.434971,0.09724045,-3.72488,-0.04294244,0.2083817,-0.006260619,0.9770845,355.3363,24.14863,358.2676,0.3634555,0.02295555,-0.9313283,0,0,0,1.905407,0.1733639,-2.83276,0.06444743,-0.004017949,1.009363,0.9130759,-0.03013114,-0.4066752,-0.005662516,0.9962335,-0.08652597,0.4077506,0.08130757,0.9094661,moving,26.95866,-0.1211747,3.653354,-0.2280748,2.6484207026568143,1.6852628009920816,23.305551171019662,2.161192195867638,23.305506959011623
520,05/15/2023 18:37:59.012066,703,True,True,True,True,Eyes,1.449723,0.09329414,-3.716269,0.4530729,0.001376232,0.8914723,0.0,0.0,0.0,0.0,0.0,0.0,0.0,-2.820429,-0.4148127,2.795928,1.434825,0.09708977,-3.725044,-0.04374951,0.2080854,-0.005913053,0.9771139,355.2369,24.11533,358.2885,0.3634428,0.02299411,-0.9313323,0,0,0,1.905378,0.1762295,-2.83276,0.06503257,-0.002781242,1.009761,0.9133311,-0.02976272,-0.4061289,-0.006651811,0.996102,-0.08795734,0.4071637,0.08303566,0.909573,moving,26.94104,0.08845166,3.684984,-0.1578126,2.6312724143092225,1.7152421681066812,23.25735984072331,2.149102666264724,23.257235086271482
521,05/15/2023 18:37:59.032097,704,True,True,True,True,Eyes,1.449829,0.09346454,-3.716577,0.4527831,0.004601479,0.8916088,0.0,0.0,0.0,0.0,0.0,0.0,0.0,-2.818614,-0.4244738,2.796481,1.434627,0.09743309,-3.725242,-0.04558539,0.2077712,-0.005232841,0.9771008,355.0142,24.08226,358.3222,0.3634314,0.02303283,-0.9313358,0,0,0,1.905348,0.1792443,-2.832761,0.06572318,-0.004081983,1.010177,0.9136076,-0.02916869,-0.4055497,-0.008716635,0.9957892,-0.0912575,0.4065039,0.08690856,0.9095063,moving,26.9227,0.2956935,3.722476,-0.2315228,2.6142521214666163,1.7448724729302678,23.206213622156497,2.2658990356617137,23.205416756978003
522,05/15/2023 18:37:59.052265,705,True,True,True,True,Eyes,1.44991,0.09366337,-3.716881,0.4525344,0.007759669,0.8917133,0.0,0.0,0.0,0.0,0.0,0.0,0.0,-2.816709,-0.4310169,2.797862,1.434485,0.0976429,-3.725636,-0.0467189,0.2074356,-0.004934009,0.9771202,354.8794,24.04576,358.3301,0.3634207,0.02307175,-0.931339,0,0,0,1.905318,0.1822485,-2.832761,0.06629395,-0.003701519,1.010772,0.9138923,-0.02902456,-0.404918,-0.009740084,0.995586,-0.09334692,0.4058401,0.08925296,0.9095757,moving,26.90728,0.498574,3.75251,-0.2098204,2.597774660583765,1.773901363506122,23.165603734391453,2.2953356484628924,23.163826389560647
523,05/15/2023 18:37:59.069875,706,True,True,True,True,Eyes,1.449988,0.09383899,-3.717175,0.4522875,0.01105904,0.8918036,0.0,0.0,0.0,0.0,0.0,0.0,0.0,-2.814654,-0.4433705,2.798441,1.434313,0.09849167,-3.726012,-0.04859295,0.2071089,-0.004692402,0.9770992,354.6628,24.01351,358.3138,0.3634102,0.02311157,-0.9313421,0,0,0,1.905289,0.1852075,-2.832762,0.06689084,-0.005418692,1.011302,0.9141679,-0.02929794,-0.4042757,-0.01095816,0.9952334,-0.09690395,0.4051878,0.09301659,0.9094894,moving,26.89232,0.7104749,3.784221,-0.3069957,2.5806480598408585,1.8042309381785069,23.130488231242882,2.4301987038178257,23.126856000063484
524,05/15/2023 18:37:59.082625,707,True,True,True,True,Eyes,1.450059,0.09400801,-3.717468,0.4520837,0.01415335,0.8918632,0.0,0.0,0.0,0.0,0.0,0.0,0.0,-2.813826,-0.4618157,2.796353,1.434299,0.09804821,-3.726078,-0.05187261,0.2069769,-0.004013761,0.9769615,354.2785,24.00775,358.3117,0.3634,0.02315164,-0.9313451,0,0,0,1.905259,0.1882141,-2.832762,0.06704935,-0.00876822,1.011619,0.914289,-0.02931544,-0.4040003,-0.01363027,0.9945862,-0.1030166,0.4048332,0.09969356,0.9089396,moving,26.88036,0.9091743,3.791977,-0.4965996,2.564739138067167,1.83268904297514,23.131139829515757,2.632811871755071,23.124729859397835
525,05/15/2023 18:37:59.102337,708,True,True,True,True,Eyes,1.450125,0.09418781,-3.717761,0.4518825,0.01725052,0.8919107,0.0,0.0,0.0,0.0,0.0,0.0,0.0,-2.812808,-0.4658264,2.796971,1.434165,0.09807968,-3.726323,-0.05227611,0.2068453,-0.004300455,0.9769665,354.2398,23.99551,358.2705,0.3633898,0.02319176,-0.9313481,0,0,0,1.905226,0.1914768,-2.832763,0.06718829,-0.006207399,1.012185,0.9143931,-0.03002894,-0.4037122,-0.01322334,0.9944974,-0.1039231,0.4046115,0.100365,0.9089644,moving,26.86885,1.108024,3.797692,-0.3513719,2.5488516313500424,1.861172685870328,23.117269904854695,2.54066050680406,23.109092636806736
526,05/15/2023 18:37:59.112643,709,True,True,True,True,Eyes,1.450179,0.09440158,-3.718059,0.4517438,0.02022993,0.8919184,0.0,0.0,0.0,0.0,0.0,0.0,0.0,-2.812322,-0.4766902,2.795726,1.434093,0.09762764,-3.726435,-0.0540806,0.2067935,-0.004139235,0.9768801,354.0334,23.99618,358.2453,0.3633795,0.02323218,-0.9313511,0,0,0,1.905198,0.1942507,-2.832763,0.06718731,-0.006627526,1.012604,0.9144387,-0.03045411,-0.4035774,-0.01427995,0.9941163,-0.1073725,0.4044728,0.1039486,0.9086234,moving,26.86156,1.299324,3.796068,-0.3749972,2.5338429753686103,1.8886079557093305,23.126181541336077,2.5917407883041803,23.115160930571424
527,05/15/2023 18:37:59.132406,710,True,True,True,True,Eyes,1.450225,0.09457808,-3.718349,0.4516056,0.02320549,0.8919158,0.0,0.0,0.0,0.0,0.0,0.0,0.0,-2.812408,-0.4863598,2.794602,1.43397,0.0986433,-3.726926,-0.05552141,0.2068141,-0.003917643,0.9767959,353.8665,24.00359,358.2353,0.3633688,0.02327375,-0.9313542,0,0,0,1.905168,0.1972772,-2.832764,0.06697616,-0.007628128,1.013282,0.9144253,-0.03061869,-0.4035953,-0.01531174,0.993804,-0.1100866,0.4044653,0.1068457,0.9082906,moving,26.85456,1.490361,3.781651,-0.4313226,2.518875354179337,1.9160079543003712,23.15279675505294,2.665438624847678,23.1383176626908
528,05/15/2023 18:37:59.152168,711,True,True,True,True,Eyes,1.450243,0.09476087,-3.718624,0.4515099,0.02626137,0.8918796,0.0,0.0,0.0,0.0,0.0,0.0,0.0,-2.811945,-0.4943678,2.794019,1.433871,0.09877396,-3.727231,-0.05677141,0.2067514,-0.003808681,0.9767377,353.7235,24.00111,358.2177,0.3633578,0.0233154,-0.9313574,0,0,0,1.905138,0.2002903,-2.832764,0.06695256,-0.007304717,1.01387,0.9144788,-0.03091529,-0.4034511,-0.01603496,0.993525,-0.1124765,0.4043161,0.1093266,0.9080618,moving,26.8506,1.686585,3.778135,-0.4127968,2.5037366965092334,1.9441801415914937,23.167780323509547,2.6794460881186124,23.149810247090333
529,05/15/2023 18:37:59.162664,712,True,True,True,True,Eyes,1.450255,0.09493864,-3.718897,0.4514313,0.02933127,0.8918236,0.0,0.0,0.0,0.0,0.0,0.0,0.0,-2.812672,-0.5065745,2.791347,1.433873,0.09907627,-3.727406,-0.05853961,0.2069206,-0.003851723,0.9765973,353.5264,24.02928,358.1689,0.3633458,0.02335731,-0.931361,0,0,0,1.905108,0.2032798,-2.832765,0.06638873,-0.008103762,1.014313,0.9143382,-0.03174926,-0.4037051,-0.01670292,0.9931166,-0.1159332,0.4046071,0.1127452,0.907514,moving,26.84803,1.883727,3.744779,-0.4577499,2.488629848812276,1.9724964374217893,23.221600307520465,2.7356914940434454,23.199261507358912
530,05/15/2023 18:37:59.182462,713,True,True,True,True,Eyes,1.450301,0.09509434,-3.719173,0.4512195,0.0326407,0.8918158,0.0,0.0,0.0,0.0,0.0,0.0,0.0,-2.813418,-0.5182608,2.788669,1.433707,0.09911251,-3.727633,-0.06030414,0.20711,-0.003842173,0.9764498,353.3285,24.05974,358.1259,0.363333,0.02339933,-0.931365,0,0,0,1.905077,0.2063507,-2.832765,0.06590739,-0.008593205,1.01492,0.9141814,-0.03248256,-0.4040016,-0.01747581,0.9926974,-0.1193594,0.4049284,0.1161764,0.9069377,moving,26.8374,2.096105,3.715487,-0.4851051,2.4717826508931835,2.00293243634996,23.265543328276497,2.781569932659179,23.238163575584117
531,05/15/2023 18:37:59.202624,714,True,True,True,True,Eyes,1.450343,0.0952638,-3.719459,0.4510323,0.03579582,0.8917896,0.0,0.0,0.0,0.0,0.0,0.0,0.0,-2.81322,-0.5282941,2.786973,1.433741,0.09875679,-3.727621,-0.06184683,0.207118,-0.003878822,0.9763514,353.1563,24.06831,358.0842,0.3633201,0.02344087,-0.931369,0,0,0,1.905048,0.2093135,-2.832766,0.06570098,-0.00830495,1.01525,0.9141743,-0.03319337,-0.40396,-0.018045,0.9923198,-0.1223752,0.4049195,0.1191617,0.9065542,moving,26.8285,2.29858,3.70268,-0.4686804,2.455810963819328,2.0319600187944897,23.2907982000147,2.794259275281161,23.25853449004033
532,05/15/2023 18:37:59.212400,715,True,True,True,True,Eyes,1.450416,0.0954314,-3.71975,0.4508245,0.03915724,0.8917533,0.0,0.0,0.0,0.0,0.0,0.0,0.0,-2.814689,-0.5290977,2.785965,1.433667,0.09926891,-3.728106,-0.06166026,0.2073907,-0.004233324,0.9763039,353.1862,24.10178,358.0468,0.3633069,0.02348234,-0.9313731,0,0,0,1.905018,0.212263,-2.832766,0.06486258,-0.005397324,1.016038,0.9139425,-0.03384154,-0.4044305,-0.01730949,0.9923602,-0.1221542,0.4054745,0.1186424,0.9063743,moving,26.81881,2.514265,3.652732,-0.3043596,2.438781988193711,2.0628796073073787,23.33691955974072,2.6603563851066565,23.300513064574236
533,05/15/2023 18:37:59.235158,716,True,True,True,True,Eyes,1.45048,0.09557594,-3.720037,0.4506411,0.0424088,0.8916973,0.0,0.0,0.0,0.0,0.0,0.0,0.0,-2.816224,-0.5452945,2.781374,1.433669,0.09939766,-3.728167,-0.06416043,0.207717,-0.004135309,0.9760737,352.904,24.15201,357.9945,0.3632941,0.02352367,-0.9313771,0,0,0,1.904987,0.2153237,-2.832767,0.06400141,-0.007477324,1.016449,0.9136732,-0.03472716,-0.4049635,-0.0185817,0.9917327,-0.1269686,0.4060248,0.1235327,0.9054742,moving,26.81087,2.722915,3.602913,-0.4214786,2.4224129322999355,2.092803223218976,23.42000169140835,2.777623713970126,23.376469487399508
534,05/15/2023 18:37:59.252198,717,True,True,True,True,Eyes,1.45055,0.09572197,-3.720328,0.450441,0.04565641,0.8916381,0.0,0.0,0.0,0.0,0.0,0.0,0.0,-2.817221,-0.5496362,2.779643,1.43351,0.09899998,-3.728337,-0.06459691,0.207968,-0.00456909,0.9759896,352.8659,24.1867,357.9331,0.3632815,0.02356432,-0.9313809,0,0,0,1.904957,0.2183986,-2.832767,0.06334689,-0.004691128,1.017119,0.913457,-0.03578695,-0.4053589,-0.01794939,0.9916127,-0.1279923,0.4065395,0.1241914,0.9051532,moving,26.80216,2.931275,3.56382,-0.2642562,2.4060097166618317,2.122678422798988,23.457021669550752,2.652919438226528,23.408827380274158
535,05/15/2023 18:37:59.262300,718,True,True,True,True,Eyes,1.450612,0.09585706,-3.720619,0.4502692,0.0487874,0.891559,0.0,0.0,0.0,0.0,0.0,0.0,0.0,-2.817457,-0.5556408,2.778524,1.433439,0.09920311,-3.728594,-0.06522287,0.2080703,-0.004948467,0.9759243,352.8051,24.20456,357.8743,0.3632693,0.02360437,-0.9313847,0,0,0,1.904928,0.2212792,-2.832767,0.06291303,-0.003099926,1.017714,0.9133645,-0.03680054,-0.4054762,-0.01748323,0.991443,-0.1293644,0.4067672,0.1252459,0.9049054,moving,26.79541,3.132184,3.537408,-0.1745207,2.390313205217347,2.1514996859334707,23.491891218141767,2.593491334860317,23.438223843225455
536,05/15/2023 18:37:59.282298,719,True,True,True,True,Eyes,1.450648,0.09598167,-3.720886,0.4501881,0.05185216,0.8914269,0.0,0.0,0.0,0.0,0.0,0.0,0.0,-2.819148,-0.5577248,2.776695,1.433315,0.09908199,-3.728872,-0.06544844,0.2083932,-0.005122379,0.9758395,352.7846,24.24497,357.8467,0.3632571,0.02364363,-0.9313885,0,0,0,1.904897,0.2243412,-2.832768,0.06207058,-0.0003454685,1.018444,0.9130921,-0.03727525,-0.406046,-0.01728077,0.9913806,-0.1298693,0.407387,0.1255994,0.9045776,moving,26.79467,3.329006,3.487661,-0.01943541,2.375363919559612,2.1797859757411784,23.54631029274616,2.4645039051820468,23.4878065269417
537,05/15/2023 18:37:59.302028,720,True,True,True,True,Eyes,1.450673,0.09609836,-3.721152,0.4501143,0.05475373,0.8912907,0.0,0.0,0.0,0.0,0.0,0.0,0.0,-2.820472,-0.5601581,2.774776,1.433313,0.0989399,-3.728814,-0.06563083,0.2086752,-0.005455108,0.9757652,352.7728,24.28144,357.8026,0.3632446,0.02368192,-0.9313924,0,0,0,1.904868,0.2272681,-2.832768,0.0613192,0.002513226,1.018805,0.9128499,-0.03803687,-0.40652,-0.01674524,0.9913257,-0.1303573,0.407952,0.1258039,0.9042946,moving,26.79442,3.515374,3.444328,0.1413391,2.3612414903339443,2.206573806947784,23.592602821962693,2.3320100304677718,23.52944423605444
538,05/15/2023 18:37:59.312206,721,True,True,True,True,Eyes,1.45071,0.09623522,-3.72143,0.4500027,0.05754332,0.8911713,0.0,0.0,0.0,0.0,0.0,0.0,0.0,-2.820364,-0.5607789,2.774946,1.433074,0.09889317,-3.729045,-0.06528538,0.2087515,-0.006131029,0.975768,352.8281,24.29315,357.7344,0.3632316,0.02371914,-0.9313965,0,0,0,1.904837,0.2303439,-2.832769,0.06104359,0.006620575,1.0195,0.9127704,-0.03922177,-0.4065856,-0.01529192,0.9914004,-0.1299665,0.4081866,0.1248471,0.9043212,moving,26.79179,3.694485,3.426551,0.3720702,2.347494845393937,2.2322976593004413,23.600271897382456,2.150536766746525,23.533314475768247
539,05/15/2023 18:37:59.332087,722,True,True,True,True,Eyes,1.450742,0.09638255,-3.721719,0.4498933,0.06034608,0.8910412,0.0,0.0,0.0,0.0,0.0,0.0,0.0,-2.821381,-0.554723,2.775559,1.432905,0.09953403,-3.729412,-0.06449033,0.2088658,-0.005797692,0.9757984,352.9095,24.30015,357.7907,0.3632183,0.02375591,-0.9314008,0,0,0,1.904809,0.2332198,-2.832769,0.06076455,0.01016968,1.020165,0.912683,-0.0382544,-0.4068741,-0.01562489,0.9916148,-0.128281,0.4083696,0.1234372,0.9044322,moving,26.78955,3.87446,3.408708,0.5711434,2.333711231189006,2.258149118285358,23.61304032073802,2.000401546310534,23.541695168102056
540,05/15/2023 18:37:59.342233,723,True,True,True,True,Eyes,1.450801,0.096526,-3.722008,0.4497193,0.06330277,0.8909239,0.0,0.0,0.0,0.0,0.0,0.0,0.0,-2.822424,-0.5589646,2.774311,1.43283,0.09988117,-3.729927,-0.06581501,0.2089263,-0.004665406,0.975703,352.7336,24.30664,357.8852,0.3632046,0.02379251,-0.9314052,0,0,0,1.904778,0.2362559,-2.83277,0.06051621,0.009532157,1.021014,0.9126561,-0.03660508,-0.407086,-0.01839687,0.9912932,-0.1303813,0.4083141,0.1264824,0.9040363,moving,26.78367,4.064204,3.391993,0.5348964,2.318923073259472,2.2853730390502807,23.65642756224504,2.053204210870338,23.577239785961975
541,05/15/2023 18:37:59.362701,724,True,True,True,True,Eyes,1.450857,0.09664572,-3.722293,0.4495753,0.06623939,0.890783,0.0,0.0,0.0,0.0,0.0,0.0,0.0,-2.823769,-0.5692048,2.770955,1.432919,0.09989452,-3.729964,-0.06801404,0.2090887,-0.003681042,0.9755218,352.4634,24.33059,357.9407,0.3631911,0.02382886,-0.9314096,0,0,0,1.904748,0.2392293,-2.832771,0.06004703,0.007573813,1.021436,0.9125368,-0.0356238,-0.4074404,-0.02126004,0.990721,-0.1342376,0.4084418,0.131159,0.9033121,moving,26.77993,4.252736,3.364369,0.424833,2.304382571803247,2.3124414398807422,23.726384855728234,2.1648641643923807,23.63806391261722
542,05/15/2023 18:37:59.382419,725,True,True,True,True,Eyes,1.450931,0.09674725,-3.722577,0.4493538,0.06900866,0.8906846,0.0,0.0,0.0,0.0,0.0,0.0,0.0,-2.825931,-0.5751583,2.76767,1.432882,0.09942532,-3.730101,-0.06921226,0.2094546,-0.003354283,0.9753602,352.3218,24.37784,357.945,0.3631777,0.0238644,-0.9314139,0,0,0,1.904718,0.2422924,-2.832771,0.05912843,0.008488856,1.022093,0.9122351,-0.03553691,-0.4081228,-0.02245036,0.9903969,-0.1364189,0.4090514,0.1336086,0.9026771,moving,26.77112,4.430325,3.31089,0.4758514,2.290300799453224,2.3378924976465023,23.791180153703955,2.1233933610137568,23.696025945231593
543,05/15/2023 18:37:59.392211,726,True,True,True,True,Eyes,1.450993,0.09687307,-3.722871,0.4491288,0.07165406,0.8905891,0.0,0.0,0.0,0.0,0.0,0.0,0.0,-2.826348,-0.5680733,2.768637,1.432781,0.09914207,-3.730095,-0.0679616,0.209547,-0.003696522,0.975427,352.4706,24.38447,357.9367,0.3631648,0.02389875,-0.9314181,0,0,0,1.904688,0.2452798,-2.832772,0.05886576,0.01438601,1.022531,0.9121529,-0.03569367,-0.4082931,-0.0212709,0.9907351,-0.1341323,0.409298,0.131034,0.9029427,moving,26.76205,4.599934,3.294804,0.8060422,2.2768040033319785,2.3621941745761617,23.77194249140409,1.8595518172918384,23.67382408166426
544,05/15/2023 18:37:59.412207,727,True,True,True,True,Eyes,1.451045,0.09699281,-3.72316,0.4489187,0.0743547,0.8904737,0.0,0.0,0.0,0.0,0.0,0.0,0.0,-2.825724,-0.5673991,2.770016,1.432525,0.09984779,-3.730623,-0.06777764,0.2094321,-0.003635794,0.9754647,352.4896,24.36951,357.9489,0.363152,0.02393263,-0.9314221,0,0,0,1.904658,0.248277,-2.832772,0.05902952,0.01691688,1.02338,0.91225,-0.0354828,-0.4080944,-0.02129644,0.9907859,-0.1337523,0.40908,0.1307065,0.9030889,moving,26.75426,4.773135,3.301215,0.9470357,2.263128635298054,2.3870233806896177,23.763088091102247,1.7751585340802567,23.65907440525928
545,05/15/2023 18:37:59.432034,728,True,True,True,True,Eyes,1.451091,0.09710732,-3.723443,0.4486958,0.07698617,0.8903624,0.0,0.0,0.0,0.0,0.0,0.0,0.0,-2.826276,-0.5728052,2.768575,1.432465,0.09977913,-3.730823,-0.06894141,0.209494,-0.003122593,0.9753716,352.3467,24.37937,357.9775,0.3631392,0.02396594,-0.9314263,0,0,0,1.904628,0.2512733,-2.832772,0.05879414,0.01733676,1.024024,0.9122052,-0.034977,-0.4082383,-0.02279423,0.9904746,-0.1357953,0.4090994,0.1331786,0.9027187,moving,26.7457,4.941852,3.286019,0.9699268,2.2497365067957023,2.411201291611035,23.793545814278207,1.7751488855559026,23.682066687633316
546,05/15/2023 18:37:59.452077,729,True,True,True,True,Eyes,1.45114,0.09721935,-3.723727,0.4484163,0.07958481,0.8902747,0.0,0.0,0.0,0.0,0.0,0.0,0.0,-2.824962,-0.5749053,2.769646,1.432381,0.09975624,-3.730978,-0.06938875,0.209253,-0.0029097,0.9753922,352.2908,24.35179,357.9924,0.3631263,0.02399861,-0.9314305,0,0,0,1.904597,0.2543921,-2.832773,0.05919442,0.01943465,1.024593,0.9124095,-0.0347158,-0.4078037,-0.0233634,0.9903535,-0.1365802,0.4086113,0.1341448,0.9027967,moving,26.73362,5.108294,3.306507,1.086665,2.2362600608065133,2.435021412865003,23.769794347625517,1.7214800396656376,23.65200244865327
547,05/15/2023 18:37:59.462272,730,True,True,True,True,Eyes,1.451184,0.09734467,-3.724011,0.4481106,0.0821708,0.8901938,0.0,0.0,0.0,0.0,0.0,0.0,0.0,-2.82335,-0.5773983,2.771028,1.432252,0.09979534,-3.731219,-0.06983197,0.2089717,-0.002772851,0.9754213,352.2372,24.31998,357.9991,0.3631132,0.02403065,-0.9314348,0,0,0,1.904567,0.2573648,-2.832773,0.0596844,0.02136354,1.025229,0.9126464,-0.0345952,-0.4072835,-0.0237764,0.9902316,-0.1373901,0.408058,0.1350723,0.9029087,moving,26.72002,5.273836,3.331753,1.193747,2.2227409700454035,2.458698876905359,23.741486042605047,1.6822636337597046,23.61710107080506
548,05/15/2023 18:37:59.482435,731,True,True,True,True,Eyes,1.451256,0.0974493,-3.724298,0.4477836,0.08479163,0.8901125,0.0,0.0,0.0,0.0,0.0,0.0,0.0,-2.820599,-0.5845922,2.772658,1.43217,0.1002197,-3.731488,-0.07095743,0.2084973,-0.002576943,0.9754421,352.1052,24.26865,357.9973,0.3631,0.02406244,-0.9314391,0,0,0,1.904537,0.2603465,-2.832774,0.06052285,0.02153509,1.025833,0.9130445,-0.03461618,-0.4063883,-0.02456154,0.9899169,-0.1395043,0.4071198,0.1373551,0.9029878,moving,26.70532,5.441545,3.376466,1.202621,2.208977729574047,2.482678229261776,23.710839412199057,1.7325055185388356,23.578078023966007
549,05/15/2023 18:37:59.502333,732,True,True,True,True,Eyes,1.451313,0.09755474,-3.724588,0.4474246,0.08724987,0.8900555,0.0,0.0,0.0,0.0,0.0,0.0,0.0,-2.818233,-0.5912778,2.773716,1.432199,0.0998354,-3.73154,-0.07214519,0.2080832,-0.00236493,0.975444,351.9659,24.22465,357.9953,0.3630872,0.02409349,-0.9314433,0,0,0,1.904507,0.2634178,-2.832774,0.06119192,0.02249353,1.026335,0.9133917,-0.0346381,-0.4056056,-0.02541066,0.989579,-0.1417314,0.4062881,0.139763,0.9029931,moving,26.68835,5.598671,3.412036,1.255514,2.1958499982231223,2.5051164584627266,23.678044812721446,1.7437358444197097,23.537902739250026
550,05/15/2023 18:37:59.512387,733,True,True,True,True,Eyes,1.451356,0.09768727,-3.724878,0.4470119,0.08975559,0.8900136,0.0,0.0,0.0,0.0,0.0,0.0,0.0,-2.814227,-0.5902751,2.778397,1.431913,0.0999918,-3.731945,-0.07153885,0.2074635,-0.002964455,0.975619,352.0471,24.15271,357.9477,0.3630745,0.0241239,-0.9314474,0,0,0,1.904472,0.2668476,-2.832775,0.06234309,0.02723032,1.027147,0.9139003,-0.03546775,-0.4043866,-0.02389903,0.9897468,-0.1408194,0.4052348,0.1383593,0.9036822,moving,26.66822,5.758664,3.473329,1.518592,2.1822750377997737,2.5279391961303594,23.579253149051713,1.6387806734426427,23.43462812177264
551,05/15/2023 18:37:59.532375,734,True,True,True,True,Eyes,1.451397,0.09781455,-3.725159,0.4465863,0.09239799,0.8899568,0.0,0.0,0.0,0.0,0.0,0.0,0.0,-2.810925,-0.5995099,2.780345,1.431868,0.10075,-3.732376,-0.07283306,0.2069016,-0.002892085,0.9756427,351.8988,24.09301,357.9287,0.3630615,0.0241544,-0.9314517,0,0,0,1.904447,0.2693804,-2.832775,0.06326473,0.02633622,1.027791,0.9143668,-0.03578183,-0.4033028,-0.02449526,0.989374,-0.1433148,0.4041452,0.1409213,0.9037741,moving,26.64781,5.927383,3.522344,1.467831,2.1680192967389877,2.552013831257548,23.551534594540968,1.7348336558461914,23.396918459878876
552,05/15/2023 18:37:59.552056,735,True,True,True,True,Eyes,1.451434,0.09795108,-3.725442,0.4461575,0.09501294,0.8898967,0.0,0.0,0.0,0.0,0.0,0.0,0.0,-2.808027,-0.6202265,2.778862,1.431889,0.1007175,-3.732469,-0.07591045,0.2064926,-0.002948338,0.9754946,351.5537,24.06261,357.8504,0.3630483,0.02418486,-0.9314561,0,0,0,1.904417,0.2724183,-2.832776,0.06380105,0.02328227,1.028396,0.9147043,-0.03710205,-0.4024171,-0.02559769,0.9884578,-0.1493181,0.4033124,0.1468828,0.9031969,moving,26.6273,6.094297,3.550044,1.29692,2.15389287034784,2.57582812740118,23.570629405462746,1.8933684203455479,23.403855985603936
553,05/15/2023 18:37:59.568581,736,True,True,True,True,Eyes,1.451467,0.09808162,-3.725715,0.4457338,0.09773884,0.8898137,0.0,0.0,0.0,0.0,0.0,0.0,0.0,-2.805436,-0.6302828,2.77959,1.431785,0.1010866,-3.732778,-0.07694881,0.2061585,-0.003564219,0.975482,351.451,24.03417,357.7583,0.3630348,0.02421553,-0.9314606,0,0,0,1.904387,0.2754227,-2.832776,0.06418097,0.02412486,1.0291,0.9149719,-0.03868096,-0.4016593,-0.02477362,0.9881324,-0.1515939,0.4027562,0.1486548,0.9031551,moving,26.60764,6.268349,3.568693,1.342921,2.139288180652252,2.6006759249311235,23.559561113314334,1.9039815095643826,23.38353923660652
554,05/15/2023 18:37:59.582620,737,True,True,True,True,Eyes,1.451493,0.09819194,-3.725987,0.4453258,0.1003844,0.8897236,0.0,0.0,0.0,0.0,0.0,0.0,0.0,-2.804157,-0.6479546,2.776877,1.431741,0.1010447,-3.732841,-0.07970764,0.2060113,-0.003428517,0.975292,351.1375,24.03226,357.7072,0.363021,0.02424622,-0.9314651,0,0,0,1.904357,0.2784176,-2.832777,0.06428647,0.02154426,1.029732,0.9150953,-0.03952895,-0.4012958,-0.02615373,0.9872699,-0.1568891,0.4023888,0.1540638,0.9024121,moving,26.58895,6.437257,3.572358,1.19858,2.125143465579943,2.624792760390198,23.605237639235764,2.031874195548654,23.41672729950316
555,05/15/2023 18:37:59.602238,738,True,True,True,True,Eyes,1.451517,0.09826626,-3.726241,0.4449055,0.1029475,0.8896409,0.0,0.0,0.0,0.0,0.0,0.0,0.0,-2.8014,-0.6522629,2.778818,1.431515,0.1006699,-3.733062,-0.08024962,0.2055992,-0.003640943,0.9753338,351.0807,23.98869,357.6736,0.3630068,0.02427644,-0.9314699,0,0,0,1.904327,0.2814227,-2.832778,0.06504187,0.02389754,1.030501,0.9154315,-0.04010078,-0.4004713,-0.02589623,0.9870934,-0.1580374,0.40164,0.1550431,0.9025779,moving,26.56943,6.6008,3.611532,1.328463,2.11134429160834,2.648131134350985,23.555522028177876,1.9980208070064809,23.35935344725076
556,05/15/2023 18:37:59.612355,739,True,True,True,True,Eyes,1.451569,0.09836461,-3.726534,0.4444922,0.1051923,0.8895849,0.0,0.0,0.0,0.0,0.0,0.0,0.0,-2.799469,-0.6526673,2.780411,1.431498,0.09987068,-3.732898,-0.080514,0.2052606,-0.003492497,0.9753838,351.0466,23.94905,357.6871,0.3629924,0.02430534,-0.9314747,0,0,0,1.904297,0.2844008,-2.832778,0.06567508,0.02706034,1.030903,0.9157118,-0.03986575,-0.3998532,-0.02623964,0.9870106,-0.1584978,0.4009779,0.1556303,0.9027711,moving,26.54958,6.743836,3.645181,1.503622,2.099073028713211,2.6685187852647365,23.49619833753956,1.9358291193172676,23.294348111325657
557,05/15/2023 18:37:59.632259,740,True,True,True,True,Eyes,1.451617,0.09848021,-3.726819,0.444086,0.1075567,0.889505,0.0,0.0,0.0,0.0,0.0,0.0,0.0,-2.797172,-0.6386763,2.787014,1.431302,0.1006432,-3.733736,-0.07786931,0.2048334,-0.004064283,0.9756861,351.3564,23.88725,357.691,0.3629781,0.02433363,-0.9314796,0,0,0,1.904267,0.2874138,-2.832778,0.06627494,0.0347604,1.031845,0.9160537,-0.03983138,-0.3990731,-0.02396952,0.9878397,-0.153617,0.4003389,0.150287,0.9039593,moving,26.5307,6.894591,3.675034,1.929429,2.0862882767108144,2.690024503860132,23.388764439144705,1.7614251314665423,23.1851758618902
558,05/15/2023 18:37:59.652102,741,True,True,True,True,Eyes,1.451677,0.09857981,-3.727118,0.4437003,0.1098531,0.8894169,0.0,0.0,0.0,0.0,0.0,0.0,0.0,-2.796547,-0.6545676,2.784111,1.431255,0.1011295,-3.733859,-0.08047651,0.2047532,-0.003626341,0.975493,351.0528,23.89,357.6775,0.3629638,0.0243618,-0.9314844,0,0,0,1.904236,0.2904781,-2.832779,0.06630236,0.0318337,1.032521,0.916126,-0.04003058,-0.3988869,-0.02588069,0.9870207,-0.1584935,0.4000541,0.1555235,0.9031993,moving,26.51307,7.041023,3.674148,1.765929,2.073921769028022,2.710919724508499,23.440199974209264,1.858421765826552,23.224460583075615
559,05/15/2023 18:37:59.662251,742,True,True,True,True,Eyes,1.451735,0.09869118,-3.727406,0.4433257,0.1122133,0.8893089,0.0,0.0,0.0,0.0,0.0,0.0,0.0,-2.795297,-0.6552928,2.785623,1.43108,0.1008635,-3.734251,-0.08068347,0.204525,-0.003505118,0.9755243,351.0262,23.86329,357.6883,0.3629497,0.02438946,-0.9314892,0,0,0,1.904207,0.2934386,-2.832779,0.06664926,0.03448494,1.033418,0.9163145,-0.03984223,-0.3984727,-0.0261649,0.9869558,-0.1588511,0.3996039,0.1559836,0.9033195,moving,26.49652,7.191596,3.690124,1.911239,2.061320568273862,2.732419644056105,23.409696037246295,1.8240993035948572,23.18695530158971
560,05/15/2023 18:37:59.682276,743,True,True,True,True,Eyes,1.45179,0.09878093,-3.727693,0.4429751,0.1145421,0.8891867,0.0,0.0,0.0,0.0,0.0,0.0,0.0,-2.795079,-0.6673338,2.78305,1.431105,0.1012268,-3.734283,-0.08263427,0.2045083,-0.003219648,0.9753654,350.8,23.87097,357.6731,0.3629358,0.02441696,-0.9314939,0,0,0,1.904177,0.2964164,-2.83278,0.06650141,0.03299492,1.03397,0.916332,-0.04007946,-0.3984085,-0.0275181,0.9863224,-0.1625141,0.3994727,0.1598803,0.9026959,moving,26.48157,7.340231,3.680001,1.827741,2.048982619616333,2.7536549633249914,23.45845465630379,1.8755099638843706,23.22447035942102
561,05/15/2023 18:37:59.702220,744,True,True,True,True,Eyes,1.451838,0.09886496,-3.727971,0.4426162,0.1167504,0.8890783,0.0,0.0,0.0,0.0,0.0,0.0,0.0,-2.793263,-0.6722222,2.783805,1.43086,0.1008205,-3.734468,-0.08322275,0.2042804,-0.003516853,0.9753622,350.7404,23.85034,357.6272,0.362922,0.02444377,-0.9314985,0,0,0,1.904146,0.2995265,-2.83278,0.06686541,0.03542346,1.034793,0.9165144,-0.04086196,-0.3979095,-0.02714113,0.9861232,-0.1637815,0.3990803,0.1609078,0.902687,moving,26.46583,7.48106,3.697151,1.960607,2.037177860037548,2.7737612819547204,23.42836197283647,1.8484400752142598,23.187509231927365
562,05/15/2023 18:37:59.712320,745,True,True,True,True,Eyes,1.451879,0.09895024,-3.728245,0.4422895,0.1188748,0.8889593,0.0,0.0,0.0,0.0,0.0,0.0,0.0,-2.791305,-0.6715191,2.785963,1.43075,0.1007795,-3.73453,-0.08293346,0.2039831,-0.003780142,0.9754481,350.7784,23.81566,357.6073,0.3629083,0.02446983,-0.9315031,0,0,0,1.904117,0.3024448,-2.832781,0.06736484,0.03907101,1.035293,0.9167532,-0.04120871,-0.3973229,-0.02645937,0.9862155,-0.1633367,0.3985769,0.1602524,0.9030259,moving,26.45201,7.616611,3.722895,2.161264,2.0259124387453853,2.793125678831863,23.374633250034833,1.810800650093348,23.12843999495914
563,05/15/2023 18:37:59.732166,746,True,True,True,True,Eyes,1.45191,0.09903898,-3.728519,0.4419542,0.1209273,0.8888493,0.0,0.0,0.0,0.0,0.0,0.0,0.0,-2.789833,-0.6706891,2.787855,1.430613,0.1009054,-3.734742,-0.08267148,0.2037502,-0.003933611,0.9755182,350.811,23.78782,357.5985,0.3628946,0.02449525,-0.9315078,0,0,0,1.904087,0.305445,-2.832781,0.0677239,0.04249192,1.035931,0.9169407,-0.04136328,-0.3968737,-0.02601403,0.9862999,-0.162898,0.3981744,0.1596921,0.9033026,moving,26.43751,7.747485,3.740383,2.348846,2.0149514210362804,2.811811823721176,23.330342412970495,1.7864634022613117,23.07882034362489
564,05/15/2023 18:37:59.762666,747,True,True,True,True,Eyes,1.45194,0.09912706,-3.728796,0.4416596,0.12294,0.8887197,0.0,0.0,0.0,0.0,0.0,0.0,0.0,-2.788328,-0.6714374,2.789467,1.430435,0.1010704,-3.73502,-0.08281162,0.2034891,-0.003822334,0.9755613,350.7919,23.75688,357.6102,0.3628805,0.02452018,-0.9315127,0,0,0,1.904056,0.3085229,-2.832782,0.06819981,0.04498837,1.036682,0.9171553,-0.04116036,-0.3963991,-0.02624467,0.9862552,-0.1631312,0.3976652,0.16002,0.9034688,moving,26.42562,7.875959,3.763871,2.484876,2.004362213875805,2.8301757836968124,23.294176174569685,1.7930708600245846,23.03637677339628
565,05/15/2023 18:37:59.772177,748,True,True,True,True,Eyes,1.451976,0.09918515,-3.729044,0.4413602,0.1249755,0.8885844,0.0,0.0,0.0,0.0,0.0,0.0,0.0,-2.786093,-0.6722537,2.79179,1.430238,0.1011505,-3.735308,-0.08294865,0.203108,-0.003740436,0.9756294,350.7737,23.71199,357.6198,0.3628662,0.02454464,-0.9315176,0,0,0,1.904025,0.3116367,-2.832782,0.0689303,0.04762877,1.037454,0.9174663,-0.04099362,-0.3956956,-0.0263965,0.9862111,-0.1633737,0.3969367,0.1603348,0.9037333,moving,26.41361,8.005886,3.801248,2.628563,1.993654300680488,2.848747560687124,23.242945550540124,1.8209547557763703,22.978811257420592
566,05/15/2023 18:37:59.787154,749,True,True,True,True,Eyes,1.451995,0.09925068,-3.729318,0.4410859,0.1268518,0.8884547,0.0,0.0,0.0,0.0,0.0,0.0,0.0,-2.785451,-0.6771098,2.790732,1.430418,0.1004534,-3.734866,-0.08415037,0.202954,-0.003186184,0.9755606,350.6251,23.6965,357.6548,0.3628519,0.02456796,-0.9315225,0,0,0,1.903992,0.3149312,-2.832783,0.06916308,0.04892628,1.037712,0.9175991,-0.04037394,-0.3954515,-0.02794065,0.9858171,-0.1654808,0.3965239,0.1628942,0.9034568,moving,26.40275,8.125661,3.8131,2.699395,1.9837984802574908,2.8658700590362,23.23223299266035,1.836860908020354,22.961037310709067
567,05/15/2023 18:37:59.802344,750,True,True,True,True,Eyes,1.452017,0.0993213,-3.729566,0.4408057,0.1286773,0.8883313,0.0,0.0,0.0,0.0,0.0,0.0,0.0,-2.783625,-0.669362,2.795397,1.42996,0.1007452,-3.735764,-0.08249982,0.2026856,-0.003799902,0.9757551,350.8245,23.65978,357.628,0.3628372,0.02459042,-0.9315276,0,0,0,1.90396,0.3181221,-2.832783,0.06955838,0.05530459,1.038943,0.9178083,-0.0408586,-0.3949161,-0.02602749,0.9863587,-0.1625396,0.39617,0.1594589,0.9042246,moving,26.39142,8.242127,3.830299,3.047069,1.9741588358840496,2.8825127878782104,23.15151849015535,1.863420257427792,22.878801034492138
568,05/15/2023 18:37:59.812008,751,True,True,True,True,Eyes,1.452005,0.09940572,-3.729828,0.4405979,0.1307558,0.8881308,0.0,0.0,0.0,0.0,0.0,0.0,0.0,-2.782508,-0.6706815,2.795745,1.430057,0.1009283,-3.735386,-0.08277306,0.2024913,-0.003643269,0.9757729,350.7896,23.63717,357.6409,0.3628223,0.02461225,-0.9315329,0,0,0,1.903936,0.3204688,-2.832784,0.06994948,0.05687606,1.038905,0.9179682,-0.04063164,-0.3945678,-0.02641162,0.9862707,-0.1630109,0.3957741,0.16006,0.9042918,moving,26.38581,8.375252,3.851912,3.133596,1.9636752419786645,2.901600203696891,23.13550338109677,1.902435308714921,22.854879584726824
569,05/15/2023 18:37:59.832205,752,True,True,True,True,Eyes,1.451991,0.09950084,-3.730073,0.4403674,0.1328846,0.8879291,0.0,0.0,0.0,0.0,0.0,0.0,0.0,-2.779716,-0.6740037,2.798535,1.42961,0.1013098,-3.736156,-0.08323053,0.2020341,-0.003555325,0.9758291,350.735,23.58524,357.6441,0.3628064,0.02463386,-0.9315385,0,0,0,1.903906,0.3234651,-2.832784,0.07088736,0.05837279,1.040172,0.9183393,-0.04056958,-0.3937097,-0.026692,0.98612,-0.1638741,0.3948933,0.1610009,0.9045099,moving,26.37906,8.51153,3.898661,3.21198,1.9528699638676932,2.921130893719769,23.09661380812566,1.9674084372384006,22.80753861357597
570,05/15/2023 18:37:59.852117,753,True,True,True,True,Eyes,1.45195,0.09958392,-3.730305,0.4401852,0.1354957,0.8876249,0.0,0.0,0.0,0.0,0.0,0.0,0.0,-2.777607,-0.6831805,2.798228,1.429555,0.1016245,-3.736037,-0.08484601,0.2016781,-0.003103191,0.975765,350.5418,23.54936,357.6597,0.3627897,0.02465554,-0.9315444,0,0,0,1.903876,0.3264771,-2.832785,0.0716432,0.05755973,1.040652,0.9186326,-0.04027914,-0.3930544,-0.0281672,0.9855831,-0.1668312,0.3941075,0.1643278,0.9042541,moving,26.37743,8.679183,3.938287,3.165873,1.9400633190680368,2.9452164216938,23.106529937023193,2.010369917350308,22.80401748841099
571,05/15/2023 18:37:59.870735,754,True,True,True,True,Eyes,1.451909,0.09965544,-3.730525,0.4399757,0.1380779,0.8873308,0.0,0.0,0.0,0.0,0.0,0.0,0.0,-2.775221,-0.6895587,2.799162,1.42943,0.101346,-3.736188,-0.08599468,0.2012745,-0.002840373,0.9757488,350.4055,23.50658,357.6657,0.3627718,0.024677,-0.9315508,0,0,0,1.903845,0.3296001,-2.832785,0.07239872,0.05844122,1.041465,0.918961,-0.04016007,-0.3922982,-0.02907409,0.9851937,-0.1689618,0.3932752,0.166675,0.904187,moving,26.37414,8.844883,3.976589,3.211752,1.9272835186432349,2.969006702340833,23.095074272683384,2.0636322917260532,22.780892999822484
572,05/15/2023 18:37:59.882397,755,True,True,True,True,Eyes,1.451826,0.09973051,-3.730744,0.439802,0.1408969,0.8869737,0.0,0.0,0.0,0.0,0.0,0.0,0.0,-2.772806,-0.694722,2.80023,1.429412,0.1011229,-3.736166,-0.0869234,0.2008616,-0.002627259,0.9757521,350.295,23.46176,357.6716,0.362753,0.02469798,-0.9315576,0,0,0,1.903815,0.3325687,-2.832786,0.07315242,0.05961721,1.042026,0.9192954,-0.04004626,-0.3915254,-0.02979203,0.9848748,-0.1706868,0.392439,0.1685759,0.9041978,moving,26.37431,9.026089,4.015697,3.274483,1.9135823500112847,2.995056177278665,23.08654471468186,2.120604949290018,22.75962399151704
573,05/15/2023 18:37:59.902471,756,True,True,True,True,Eyes,1.451743,0.09980474,-3.730952,0.4396068,0.1436572,0.8866276,0.0,0.0,0.0,0.0,0.0,0.0,0.0,-2.770377,-0.6982302,2.80225,1.429029,0.1012354,-3.736677,-0.08725407,0.2005165,-0.002856524,0.975793,350.2623,23.42519,357.6411,0.3627323,0.02471863,-0.931565,0,0,0,1.903783,0.3357597,-2.832786,0.07379296,0.06203078,1.043129,0.9195701,-0.04056651,-0.3908268,-0.02941699,0.9847572,-0.1714294,0.3918236,0.1691383,0.9043598,moving,26.37309,9.203455,4.046473,3.403147,1.9000705065240209,3.020541512196579,23.067756708435113,2.180236368675927,22.729593538670688
574,05/15/2023 18:37:59.912177,757,True,True,True,True,Eyes,1.451635,0.09986342,-3.73115,0.4394108,0.1465558,0.8862503,0.0,0.0,0.0,0.0,0.0,0.0,0.0,-2.768295,-0.70245,2.803119,1.428957,0.1012754,-3.736602,-0.08793554,0.2001827,-0.002752526,0.9758005,350.1823,23.38917,357.6398,0.3627102,0.02473896,-0.9315732,0,0,0,1.903755,0.3385906,-2.832787,0.07444581,0.06337186,1.043588,0.9198387,-0.04057818,-0.3901927,-0.02983452,0.9845195,-0.1727171,0.3911608,0.1705131,0.9043884,moving,26.37262,9.389809,4.080364,3.475019,1.885933106306242,3.0473254082380303,23.063595086491524,2.2357210818060116,22.7120696916411
575,05/15/2023 18:37:59.932318,758,True,True,True,True,Eyes,1.451524,0.09993336,-3.731349,0.4391838,0.149289,0.8859065,0.0,0.0,0.0,0.0,0.0,0.0,0.0,-2.765624,-0.7039771,2.805566,1.428788,0.1009035,-3.736824,-0.08828441,0.1997233,-0.002605098,0.9758637,350.1385,23.33572,357.6528,0.3626862,0.02475864,-0.931582,0,0,0,1.903725,0.3415738,-2.832787,0.07534891,0.06586891,1.044391,0.9202077,-0.04034935,-0.3893455,-0.03018045,0.9843981,-0.1733477,0.3902655,0.1712665,0.904633,moving,26.36969,9.565362,4.126526,3.608819,1.8724338687858928,3.072535183564641,23.02691358479779,2.317009207528496,22.664002755220938
576,05/15/2023 18:37:59.952353,759,True,True,True,True,Eyes,1.451379,0.1000153,-3.731536,0.4389788,0.1522,0.8855127,0.0,0.0,0.0,0.0,0.0,0.0,0.0,-2.762695,-0.7007469,2.809511,1.428594,0.1012506,-3.737078,-0.08765783,0.1992285,-0.002686842,0.9760211,350.2098,23.27394,357.6636,0.3626606,0.024778,-0.9315915,0,0,0,1.903694,0.3446821,-2.832788,0.07634538,0.06988116,1.044992,0.9206017,-0.0401727,-0.3884313,-0.02968302,0.9846178,-0.1721824,0.3893734,0.1700412,0.9052483,moving,26.36918,9.752582,4.178511,3.825812,1.858228015597121,3.0994432157414264,22.968508730443535,2.4313216032550713,22.59488000171425
577,05/15/2023 18:37:59.972204,760,True,True,True,True,Eyes,1.451234,0.1001089,-3.731726,0.4387485,0.1550945,0.8851246,0.0,0.0,0.0,0.0,0.0,0.0,0.0,-2.759442,-0.7092871,2.810858,1.428456,0.1015339,-3.737343,-0.08892985,0.1987048,-0.002589684,0.9760131,350.063,23.21933,357.6495,0.3626327,0.02479739,-0.9316018,0,0,0,1.903665,0.3475804,-2.832788,0.07729778,0.06980327,1.045818,0.9210194,-0.0403967,-0.3874164,-0.03028644,0.9841695,-0.1746225,0.3883376,0.1725642,0.9052157,moving,26.36721,9.938662,4.227119,3.81855,1.8440020526405616,3.126174615570083,22.9704027039324,2.4816587311224407,22.581031513559182
578,05/15/2023 18:37:59.982374,761,True,True,True,True,Eyes,1.451062,0.1002072,-3.731895,0.438546,0.1581648,0.8846814,0.0,0.0,0.0,0.0,0.0,0.0,0.0,-2.756658,-0.7187093,2.811493,1.428326,0.1018972,-3.737607,-0.09024604,0.1982826,-0.002619917,0.975978,349.9145,23.1783,357.619,0.3626029,0.02481711,-0.9316129,0,0,0,1.903634,0.350664,-2.832789,0.07798147,0.06980214,1.046683,0.9213544,-0.04090241,-0.3865662,-0.03067446,0.9836977,-0.1771953,0.3875118,0.1751173,0.9050794,moving,26.36811,10.13634,4.260859,3.815342,1.8291074855578917,3.1545982864242204,22.99316338595029,2.519920173938333,22.586862905036064
579,05/15/2023 18:38:00.002318,762,True,True,True,True,Eyes,1.450895,0.1002849,-3.73206,0.438351,0.1612109,0.8842282,0.0,0.0,0.0,0.0,0.0,0.0,0.0,-2.755382,-0.7305557,2.80979,1.428424,0.1020069,-3.737642,-0.09217507,0.1980719,-0.002355076,0.9758411,349.6906,23.1636,357.6052,0.3625709,0.02483724,-0.9316248,0,0,0,1.903598,0.3542694,-2.832789,0.07811585,0.06918169,1.047519,0.921524,-0.04111094,-0.3861392,-0.0319182,0.9829965,-0.1808294,0.3870074,0.1789635,0.9045426,moving,26.36965,10.33257,4.26478,3.778518,1.814369136393707,3.1828194035528226,23.056037719773183,2.5217791771463407,22.631934865454706
580,05/15/2023 18:38:00.012264,763,True,True,True,True,Eyes,1.450699,0.100366,-3.732217,0.4381703,0.164167,0.8837738,0.0,0.0,0.0,0.0,0.0,0.0,0.0,-2.755441,-0.7384683,2.80773,1.428345,0.101573,-3.737735,-0.09346786,0.198121,-0.002302524,0.9757083,349.5439,23.17761,357.5797,0.362537,0.02485724,-0.9316375,0,0,0,1.903576,0.3565538,-2.83279,0.07785243,0.06917505,1.048302,0.9214857,-0.04152906,-0.3861861,-0.0325427,0.9825169,-0.1833071,0.387047,0.1814824,0.9040238,moving,26.37197,10.52314,4.247289,3.775344,1.8001159678819263,3.210233724165056,23.130807599592735,2.5115743017040555,22.689940954971345
581,05/15/2023 18:38:00.032348,764,True,True,True,True,Eyes,1.450505,0.1004362,-3.732375,0.4379908,0.1670821,0.8833163,0.0,0.0,0.0,0.0,0.0,0.0,0.0,-2.755818,-0.7371272,2.80794,1.428181,0.1017027,-3.737964,-0.09290901,0.1982599,-0.00282766,0.975732,349.6193,23.19547,357.5319,0.362501,0.02487722,-0.9316509,0,0,0,1.903542,0.3598862,-2.83279,0.07731444,0.07370241,1.049075,0.9213701,-0.04235834,-0.3863718,-0.03132219,0.9827198,-0.1824298,0.3874226,0.1801874,0.9041218,moving,26.37443,10.71113,4.214949,4.018693,1.7860682533729535,3.2372783986245715,23.148030395442504,2.5514839722362117,22.696199581901627
582,05/15/2023 18:38:00.052101,765,True,True,True,True,Eyes,1.450279,0.1005178,-3.732535,0.4378673,0.1699264,0.8828348,0.0,0.0,0.0,0.0,0.0,0.0,0.0,-2.755754,-0.7424899,2.80676,1.42803,0.1014938,-3.738155,-0.09387869,0.1982594,-0.002618097,0.9756399,349.5052,23.19995,357.5324,0.362463,0.02489691,-0.9316652,0,0,0,1.903515,0.362664,-2.832791,0.0772391,0.07450502,1.049983,0.9213727,-0.04233331,-0.386368,-0.03211603,0.9823599,-0.1842217,0.387351,0.1821455,0.90376,moving,26.38043,10.89494,4.207228,4.05881,1.7725948239997562,3.2637531445890526,23.20309376591199,2.5611626471227824,22.73560485272974
583,05/15/2023 18:38:00.062205,766,True,True,True,True,Eyes,1.450065,0.1006198,-3.7327,0.4377765,0.1728238,0.8823172,0.0,0.0,0.0,0.0,0.0,0.0,0.0,-2.755129,-0.7419863,2.808288,1.427979,0.1017885,-3.738754,-0.0935692,0.1981531,-0.002876845,0.9756905,349.5458,23.18782,357.5116,0.3624225,0.02491662,-0.9316805,0,0,0,1.903484,0.3656966,-2.832791,0.07706702,0.07786836,1.050961,0.9214543,-0.04269587,-0.3861337,-0.03146821,0.982473,-0.1837293,0.3872104,0.181449,0.9039604,moving,26.38908,11.08249,4.193995,4.237446,1.7590314484831002,3.290788667572324,23.22663181606754,2.612509828164265,22.74614954026205
584,05/15/2023 18:38:00.084686,767,True,True,True,True,Eyes,1.449834,0.1007201,-3.732859,0.4377455,0.1758472,0.881735,0.0,0.0,0.0,0.0,0.0,0.0,0.0,-2.758201,-0.7543949,2.802387,1.428082,0.1023359,-3.73902,-0.09566936,0.1986525,-0.002435749,0.9753865,349.3003,23.25705,357.5058,0.36238,0.02493685,-0.9316965,0,0,0,1.903455,0.3686219,-2.832792,0.07569733,0.07559194,1.051995,0.9210626,-0.04276151,-0.3870599,-0.0332583,0.9816829,-0.1875969,0.387992,0.1856614,0.9027691,moving,26.40252,11.2787,4.115682,4.109972,1.7451617174022034,3.319110910008142,23.4114034003993,2.4989653206618625,22.9098195279669
585,05/15/2023 18:38:00.092232,768,True,True,True,True,Eyes,1.449612,0.1008057,-3.733018,0.4377417,0.1788389,0.881135,0.0,0.0,0.0,0.0,0.0,0.0,0.0,-2.760375,-0.7683594,2.796682,1.427949,0.1023216,-3.739247,-0.09779605,0.1991083,-0.002448438,0.9750826,349.0622,23.32624,357.4479,0.3623354,0.02495753,-0.9317132,0,0,0,1.903425,0.3715914,-2.832792,0.07446226,0.07410892,1.053189,0.9206998,-0.04371886,-0.3878152,-0.03416912,0.9808599,-0.1916934,0.388773,0.1897434,0.9015837,moving,26.41786,11.47315,4.044179,4.025051,1.7315636272673656,3.34719676115401,23.580835019217663,2.4099120795831492,23.05899519361316
586,05/15/2023 18:38:00.112366,769,True,True,True,True,Eyes,1.449384,0.1008909,-3.733176,0.4377382,0.1817941,0.8805318,0.0,0.0,0.0,0.0,0.0,0.0,0.0,-2.762814,-0.7751543,2.792555,1.427952,0.1020365,-3.739374,-0.09896547,0.1995386,-0.002331749,0.9748769,348.9289,23.38447,357.4279,0.3622891,0.02497823,-0.9317307,0,0,0,1.903396,0.3745406,-2.832793,0.07328919,0.07477099,1.054149,0.9203579,-0.0440412,-0.3885896,-0.03494852,0.9804008,-0.1938888,0.3895127,0.1920277,0.9007804,moving,26.43332,11.66535,3.97706,4.057205,1.718144559624902,3.374960228177005,23.7100713522466,2.3596942377021715,23.170710300294754
587,05/15/2023 18:38:00.132408,770,True,True,True,True,Eyes,1.449155,0.1009747,-3.733343,0.437745,0.1846393,0.8799361,0.0,0.0,0.0,0.0,0.0,0.0,0.0,-2.764873,-0.7821033,2.788849,1.427858,0.102128,-3.739609,-0.0998147,0.1999763,-0.002655733,0.9746998,348.8419,23.44602,357.3654,0.3622411,0.02499894,-0.9317487,0,0,0,1.903366,0.3775166,-2.832793,0.0720239,0.07596556,1.055132,0.920005,-0.04509823,-0.3893035,-0.03474405,0.9800599,-0.1956409,0.3903638,0.1935166,0.9000931,moving,26.44914,11.85059,3.904984,4.117976,1.7052784521271698,3.4017263557639783,23.833427974702506,2.313378060372047,23.277679925182106
588,05/15/2023 18:38:00.151910,771,True,True,True,True,Eyes,1.448933,0.1010806,-3.733525,0.4377382,0.1874631,0.8793423,0.0,0.0,0.0,0.0,0.0,0.0,0.0,-2.765382,-0.7845325,2.788037,1.427601,0.1021881,-3.739986,-0.1000109,0.200128,-0.002902982,0.9746478,348.826,23.4681,357.3307,0.3621915,0.02501963,-0.9317675,0,0,0,1.903335,0.3805705,-2.832794,0.07152355,0.07854573,1.056188,0.9198807,-0.04568874,-0.3895279,-0.0343712,0.9799787,-0.1961128,0.3906892,0.1937889,0.8998932,moving,26.46421,12.03448,3.874074,4.253096,1.6924598623353138,3.428291868993306,23.892764207055492,2.3323254704659337,23.322174351938493
589,05/15/2023 18:38:00.162285,772,True,True,True,True,Eyes,1.448719,0.1011786,-3.733706,0.4377201,0.1903474,0.8787315,0.0,0.0,0.0,0.0,0.0,0.0,0.0,-2.765747,-0.7895259,2.786927,1.427489,0.1027384,-3.740507,-0.100878,0.2001567,-0.002584293,0.9745533,348.7209,23.47455,357.3454,0.3621406,0.02504083,-0.9317867,0,0,0,1.903305,0.3835803,-2.832794,0.0712795,0.07888884,1.057314,0.9198613,-0.04541989,-0.3896054,-0.03534576,0.9796339,-0.1976566,0.3906482,0.1955875,0.8995218,moving,26.47914,12.22235,3.856796,4.267075,1.6793298674232775,3.4554282754913825,23.98034295793038,2.323817799209783,23.391404286704223
590,05/15/2023 18:38:00.182250,773,True,True,True,True,Eyes,1.448508,0.1012752,-3.733898,0.4376752,0.1931919,0.8781329,0.0,0.0,0.0,0.0,0.0,0.0,0.0,-2.765618,-0.8016788,2.783739,1.427444,0.1026134,-3.740643,-0.103046,0.2001304,-0.002101439,0.9743332,348.4653,23.48244,357.3477,0.3620885,0.0250623,-0.9318064,0,0,0,1.903275,0.3865984,-2.832795,0.07117826,0.07721316,1.058406,0.9198868,-0.04534028,-0.3895543,-0.03715028,0.9787543,-0.2016434,0.3904205,0.1999611,0.8986586,moving,26.49238,12.40759,3.847372,4.172467,1.666275765841561,3.4821718551215213,24.095925758210516,2.2877255450999634,23.48606740829371
591,05/15/2023 18:38:00.202592,774,True,True,True,True,Eyes,1.448308,0.101373,-3.73409,0.4376181,0.1960623,0.877525,0.0,0.0,0.0,0.0,0.0,0.0,0.0,-2.764266,-0.8101386,2.783194,1.427329,0.1026669,-3.741103,-0.1041459,0.1999662,-0.002332094,0.9742492,348.3463,23.47386,357.2965,0.3620354,0.02508397,-0.9318264,0,0,0,1.903245,0.38963,-2.832795,0.07112804,0.07790697,1.059594,0.9200162,-0.0461954,-0.3891479,-0.03710724,0.9782964,-0.2038608,0.3901196,0.2019954,0.8983343,moving,26.50525,12.59454,3.840369,4.205122,1.6530652921460214,3.5091580101073827,24.167729829731318,2.2953569190038863,23.539591693116737
592,05/15/2023 18:38:00.212257,775,True,True,True,True,Eyes,1.448126,0.1014657,-3.734291,0.4374992,0.1990974,0.8769006,0.0,0.0,0.0,0.0,0.0,0.0,0.0,-2.763077,-0.8227463,2.780949,1.427371,0.1027737,-3.741288,-0.1060061,0.19982,-0.002365624,0.9740787,348.1371,23.47125,357.2489,0.3619817,0.02510584,-0.9318467,0,0,0,1.903216,0.3925756,-2.832796,0.07102552,0.07684179,1.060576,0.9201329,-0.04697287,-0.388779,-0.03775564,0.9775143,-0.207462,0.3897821,0.2055712,0.8976694,moving,26.51532,12.79195,3.83131,4.144003,1.638859187657698,3.537623297895053,24.276558590436764,2.2747608462573172,23.626673914054912
593,05/15/2023 18:38:00.232419,776,True,True,True,True,Eyes,1.447946,0.1015627,-3.734501,0.4373864,0.202093,0.8762714,0.0,0.0,0.0,0.0,0.0,0.0,0.0,-2.762943,-0.832013,2.778812,1.427423,0.1027422,-3.74163,-0.107143,0.1998812,-0.002779166,0.9739407,348.0188,23.49219,357.173,0.3619276,0.02512776,-0.9318671,0,0,0,1.903184,0.395687,-2.832796,0.07029667,0.07772722,1.061679,0.9200797,-0.04824523,-0.3887493,-0.03741824,0.9770253,-0.2098128,0.3899404,0.2075908,0.8971358,moving,26.52584,12.98695,3.788182,4.187247,1.6248682601158064,3.565746085930438,24.3810554368176,2.250819789179275,23.712114288204553
594,05/15/2023 18:38:00.252094,777,True,True,True,True,Eyes,1.447771,0.1016521,-3.734718,0.4372215,0.2051768,0.8756368,0.0,0.0,0.0,0.0,0.0,0.0,0.0,-2.762091,-0.8425312,2.776999,1.427284,0.1029463,-3.742057,-0.1083737,0.1998663,-0.003274221,0.973806,347.8917,23.50598,357.0865,0.3618733,0.02514983,-0.9318876,0,0,0,1.903154,0.3987073,-2.832797,0.06984946,0.07811926,1.062873,0.9200856,-0.04969739,-0.3885521,-0.03694355,0.9764889,-0.2123787,0.3899714,0.209761,0.8966173,moving,26.5338,13.18747,3.759934,4.203578,1.6102730456884846,3.594639989428278,24.481815456653127,2.234244328449899,23.792353052412114
595,05/15/2023 18:38:00.262287,778,True,True,True,True,Eyes,1.447601,0.1017518,-3.734942,0.4370601,0.2082427,0.8749934,0.0,0.0,0.0,0.0,0.0,0.0,0.0,-2.76216,-0.8514362,2.774569,1.427127,0.1028423,-3.742383,-0.1096511,0.1999551,-0.003407034,0.9736442,347.751,23.52851,357.0387,0.3618188,0.02517183,-0.9319082,0,0,0,1.903125,0.4016706,-2.832797,0.06935066,0.07846477,1.064073,0.9200127,-0.05048507,-0.3886231,-0.0372161,0.97593,-0.2148848,0.3901174,0.2121598,0.8959892,moving,26.54217,13.38698,3.728964,4.21736,1.59578414245326,3.6233922907091367,24.58707585181361,2.214329231239873,23.87693947927485
596,05/15/2023 18:38:00.282599,779,True,True,True,True,Eyes,1.447449,0.1018562,-3.735171,0.436853,0.2113779,0.8743447,0.0,0.0,0.0,0.0,0.0,0.0,0.0,-2.761316,-0.8629971,2.77232,1.427077,0.1031771,-3.742752,-0.1111455,0.1999126,-0.003712512,0.9734824,347.5896,23.53944,356.9675,0.3617641,0.02519403,-0.9319288,0,0,0,1.903095,0.4046717,-2.832798,0.06895491,0.07806238,1.065205,0.9200423,-0.0516669,-0.3883976,-0.03721065,0.9752658,-0.2178807,0.3900481,0.214912,0.8953632,moving,26.54831,13.59082,3.703815,4.191367,1.5808050565373,3.652747531444814,24.70264496980504,2.190269881075884,23.97021604012185
597,05/15/2023 18:38:00.302461,780,True,True,True,True,Eyes,1.447304,0.1019727,-3.735409,0.4366364,0.2145312,0.8736848,0.0,0.0,0.0,0.0,0.0,0.0,0.0,-2.761373,-0.8741647,2.769059,1.427032,0.1033926,-3.742983,-0.1128147,0.1999838,-0.003705514,0.9732758,347.4015,23.5619,356.926,0.3617096,0.0252165,-0.9319494,0,0,0,1.903063,0.4078733,-2.832798,0.0684523,0.07745151,1.066333,0.9199855,-0.0523352,-0.3884428,-0.03790925,0.9745182,-0.2210816,0.390115,0.2181175,0.8945586,moving,26.55424,13.79589,3.673012,4.154299,1.565717583152746,3.682277746847906,24.829636964709433,2.159512403924294,24.074357484418666
598,05/15/2023 18:38:00.312250,781,True,True,True,True,Eyes,1.447187,0.10209,-3.735656,0.4363697,0.217792,0.873011,0.0,0.0,0.0,0.0,0.0,0.0,0.0,-2.759983,-0.8873118,2.766874,1.427048,0.1037779,-3.743418,-0.114728,0.1997978,-0.0037107,0.9730903,347.1853,23.55619,356.8803,0.3616554,0.02523953,-0.9319698,0,0,0,1.903034,0.4106908,-2.832799,0.06837174,0.0757665,1.067507,0.9201342,-0.05306649,-0.3879913,-0.03862312,0.9736474,-0.2247642,0.3896942,0.2217986,0.8938366,moving,26.55792,14.00778,3.664676,4.059769,1.5499500281387912,3.7127686592861098,24.96124082852567,2.1430061065055064,24.18071333743333
599,05/15/2023 18:38:00.332307,782,True,True,True,True,Eyes,1.447076,0.1021958,-3.735895,0.4361224,0.2210538,0.8723145,0.0,0.0,0.0,0.0,0.0,0.0,0.0,-2.759617,-0.9059757,2.761601,1.42714,0.1039076,-3.743688,-0.1175409,0.1998255,-0.003719766,0.9727488,346.8684,23.58422,356.8088,0.361602,0.02526307,-0.9319898,0,0,0,1.903004,0.4136885,-2.832799,0.06773499,0.07265016,1.068767,0.9201119,-0.05421211,-0.3878855,-0.03973852,0.9723406,-0.2301621,0.3896344,0.2271888,0.8925079,moving,26.56322,14.22002,3.626371,3.888737,1.534274028142414,3.7433240415227296,25.156201034235874,2.097144408034123,24.348489782778575
600,05/15/2023 18:38:00.352219,783,True,True,True,True,Eyes,1.446962,0.102316,-3.736143,0.4358685,0.2241865,0.8716416,0.0,0.0,0.0,0.0,0.0,0.0,0.0,-2.758816,-0.9212803,2.757425,1.427194,0.1037407,-3.743739,-0.1194798,0.1998844,-0.004371494,0.9724978,346.6653,23.61694,356.685,0.3615495,0.02528677,-0.9320096,0,0,0,1.902973,0.4168464,-2.8328,0.06692782,0.0721916,1.069823,0.9200543,-0.05626682,-0.3877297,-0.03926172,0.971411,-0.2341351,0.3898189,0.23064,0.8915416,moving,26.56756,14.42386,3.579743,3.860464,1.5191637835632092,3.7726635511257305,25.2987166765096,2.0624489390124987,24.468074342096987
601,05/15/2023 18:38:00.362284,784,True,True,True,True,Eyes,1.446847,0.1024457,-3.736395,0.4356073,0.2273797,0.8709448,0.0,0.0,0.0,0.0,0.0,0.0,0.0,-2.757909,-0.9312571,2.755486,1.426939,0.1042061,-3.744195,-0.1206347,0.1998788,-0.004803238,0.9723542,346.5451,23.6324,356.6067,0.3614977,0.02531097,-0.932029,0,0,0,1.902943,0.419841,-2.8328,0.06657043,0.07236259,1.071064,0.9200509,-0.05756553,-0.3875471,-0.03888371,0.9708484,-0.2365195,0.3898648,0.2326792,0.8909916,moving,26.57215,14.63176,3.556563,3.865111,1.5037644972246302,3.802588862244764,25.409407227319768,2.0537504012674677,24.555832307099667
602,05/15/2023 18:38:00.382467,785,True,True,True,True,Eyes,1.446749,0.1025674,-3.736656,0.4353295,0.2304789,0.8702687,0.0,0.0,0.0,0.0,0.0,0.0,0.0,-2.75729,-0.9452579,2.751728,1.426834,0.104517,-3.744516,-0.1229985,0.1997901,-0.004359011,0.9720783,346.2676,23.63801,356.5993,0.3614464,0.02533587,-0.9320482,0,0,0,1.902914,0.4227277,-2.832801,0.06656697,0.06960154,1.072315,0.9201298,-0.05762237,-0.387351,-0.04067317,0.9697047,-0.2408702,0.3894956,0.2373866,0.8899105,moving,26.57533,14.83347,3.552238,3.713729,1.4887309252307022,3.83161205089446,25.567780606606142,2.066871515433683,24.688010330895416
603,05/15/2023 18:38:00.402669,786,True,True,True,True,Eyes,1.446654,0.1026884,-3.736913,0.4350518,0.233575,0.8695819,0.0,0.0,0.0,0.0,0.0,0.0,0.0,-2.756902,-0.9536081,2.749597,1.426709,0.1044455,-3.744829,-0.124594,0.1996929,-0.003856206,0.9718974,346.0754,23.63471,356.6181,0.3613959,0.02536118,-0.9320671,0,0,0,1.902883,0.4258417,-2.832801,0.06664252,0.06899822,1.073607,0.9202158,-0.05725674,-0.3872011,-0.04226539,0.968923,-0.2437252,0.3891229,0.240645,0.8891982,moving,26.5788,15.03511,3.551991,3.677209,1.4737237819106102,3.860627711648619,25.675588558946064,2.086345382137831,24.77216050737329
604,05/15/2023 18:38:00.412268,787,True,True,True,True,Eyes,1.446553,0.1028087,-3.737178,0.4347757,0.2365442,0.8689171,0.0,0.0,0.0,0.0,0.0,0.0,0.0,-2.75685,-0.96219,2.746856,1.426662,0.1045227,-3.74499,-0.1261241,0.1996776,-0.003494763,0.9717044,345.8941,23.64252,356.6212,0.3613461,0.02538684,-0.9320857,0,0,0,1.902854,0.4287125,-2.832802,0.06650162,0.06825679,1.074646,0.9202332,-0.05716009,-0.3871738,-0.0435766,0.968161,-0.2465064,0.3889368,0.2437151,0.8884431,moving,26.58178,15.22853,3.541081,3.634293,1.4593030187054628,3.8884574819718978,25.793412764129716,2.097236073335284,24.867051522747243
605,05/15/2023 18:38:00.432209,788,True,True,True,True,Eyes,1.446453,0.1029291,-3.737444,0.4344947,0.2394938,0.8682494,0.0,0.0,0.0,0.0,0.0,0.0,0.0,-2.756172,-0.9684648,2.745831,1.426455,0.1046047,-3.745435,-0.1272752,0.199545,-0.003140223,0.9715828,345.7553,23.63281,356.6347,0.361297,0.02541281,-0.9321041,0,0,0,1.902824,0.4317483,-2.832802,0.06666744,0.06839502,1.075977,0.9203439,-0.05689622,-0.3869497,-0.04469227,0.9675823,-0.24857,0.3885484,0.2460635,0.8879656,moving,26.58458,15.42073,3.545507,3.63714,1.4449614684648444,3.9161103066950806,25.87763277402763,2.1189893728072016,24.92931059259183
606,05/15/2023 18:38:00.452517,789,True,True,True,True,Eyes,1.44634,0.1030576,-3.737715,0.4342197,0.2423342,0.8675987,0.0,0.0,0.0,0.0,0.0,0.0,0.0,-2.755769,-0.9753342,2.744168,1.426361,0.104701,-3.745736,-0.1285198,0.1994569,-0.002794094,0.9714382,345.6063,23.62943,356.6443,0.3612483,0.02543904,-0.9321222,0,0,0,1.902794,0.4347544,-2.832803,0.06668177,0.06833052,1.077151,0.9204184,-0.05669691,-0.3868018,-0.04583973,0.9669496,-0.2508127,0.3882382,0.2485835,0.8873993,moving,26.58726,15.6059,3.542413,3.62977,1.4311432002812938,3.9427515346577264,25.970996573684058,2.134342429939716,25.001202897069817
607,05/15/2023 18:38:00.462286,790,True,True,True,True,Eyes,1.446227,0.1031957,-3.737992,0.433932,0.2451955,0.8669384,0.0,0.0,0.0,0.0,0.0,0.0,0.0,-2.754979,-0.9831872,2.742769,1.426187,0.1049852,-3.746241,-0.1298539,0.1993127,-0.002479506,0.9712911,345.4477,23.62067,356.6489,0.3611997,0.02546572,-0.9321403,0,0,0,1.902763,0.43782,-2.832803,0.06679609,0.06791314,1.078516,0.9205366,-0.05657971,-0.3865374,-0.04694643,0.9662637,-0.2532402,0.3878252,0.2512634,0.8868247,moving,26.58952,15.79245,3.543992,3.603105,1.4171898908796705,3.969587464179978,26.070605906418997,2.158146567754403,25.078605987742595
608,05/15/2023 18:38:00.482434,791,True,True,True,True,Eyes,1.446125,0.1033371,-3.738275,0.4336279,0.2479951,0.866294,0.0,0.0,0.0,0.0,0.0,0.0,0.0,-2.753518,-0.9943638,2.740775,1.42611,0.1053267,-3.746676,-0.1316052,0.1990867,-0.002288063,0.9711022,345.2446,23.60794,356.63,0.3611512,0.02549303,-0.9321584,0,0,0,1.902733,0.4408394,-2.832803,0.06694949,0.06660786,1.079807,0.9207187,-0.05684558,-0.3860647,-0.04795779,0.9653496,-0.2565153,0.3872691,0.2546932,0.8860891,moving,26.59049,15.9749,3.547873,3.529815,1.4034528698512183,3.9958227531697217,26.188591769431092,2.1944705330902963,25.173710675855272
609,05/15/2023 18:38:00.502368,792,True,True,True,True,Eyes,1.446019,0.1034866,-3.738565,0.4333059,0.2508191,0.8656418,0.0,0.0,0.0,0.0,0.0,0.0,0.0,-2.752222,-1.009294,2.736997,1.426004,0.1055355,-3.746989,-0.1340082,0.1989154,-0.002027096,0.9708092,344.9663,23.60741,356.6017,0.3611029,0.02552098,-0.9321763,0,0,0,1.902701,0.4439895,-2.832804,0.06701612,0.0641569,1.081166,0.9208571,-0.05724844,-0.3856743,-0.04937674,0.9640754,-0.2609993,0.3867609,0.2593864,0.884949,moving,26.59073,16.15891,3.546943,3.395976,1.3895445968817275,4.022275909097648,26.342145007377912,2.2464682160923166,25.30280384822953
610,05/15/2023 18:38:00.512713,793,True,True,True,True,Eyes,1.445935,0.1036197,-3.738857,0.4329422,0.2536637,0.8649946,0.0,0.0,0.0,0.0,0.0,0.0,0.0,-2.749918,-1.021265,2.735444,1.425818,0.1058578,-3.747469,-0.1358074,0.1985824,-0.001938058,0.9706275,344.7597,23.58418,356.5715,0.3610547,0.02554972,-0.9321942,0,0,0,1.902672,0.4469581,-2.832805,0.06743938,0.06274712,1.082528,0.9211226,-0.05770019,-0.3849727,-0.05017567,0.9631052,-0.2644066,0.3860256,0.2628671,0.8842428,moving,26.58862,16.34402,3.56481,3.317354,1.3753818416842702,4.048866649891941,26.45354142627516,2.3083991027068387,25.390746918224412
611,05/15/2023 18:38:00.532175,794,True,True,True,True,Eyes,1.445843,0.1037593,-3.739162,0.4325668,0.2564115,0.8643721,0.0,0.0,0.0,0.0,0.0,0.0,0.0,-2.748447,-1.039581,2.730157,1.425764,0.1055861,-3.7476,-0.1389962,0.1983543,-0.001389754,0.9702236,344.3855,23.58107,356.5571,0.3610069,0.02557875,-0.9322118,0,0,0,1.902643,0.4498368,-2.832805,0.06769559,0.05870022,1.083856,0.9213073,-0.05783772,-0.3845097,-0.05244422,0.9613563,-0.2702661,0.3852823,0.2691635,0.8826712,moving,26.58524,16.52272,3.573943,3.100035,1.36161165152213,4.074524867202635,26.639974891719284,2.4174450348950067,25.551406761432926
612,05/15/2023 18:38:00.552247,795,True,True,True,True,Eyes,1.445747,0.1039095,-3.739466,0.4322318,0.2590455,0.8637541,0.0,0.0,0.0,0.0,0.0,0.0,0.0,-2.745597,-1.044047,2.732076,1.425477,0.1058836,-3.74825,-0.1393292,0.1979655,-0.001764286,0.9702545,344.3553,23.54342,356.5118,0.3609594,0.02560819,-0.9322294,0,0,0,1.90261,0.4531011,-2.832806,0.06816858,0.0609,1.085311,0.921613,-0.05858837,-0.3836624,-0.05174117,0.9611685,-0.2710681,0.3846456,0.2696711,0.882794,moving,26.58388,16.69433,3.594037,3.211668,1.3485252172566429,4.099181565445237,26.651736449449086,2.414540017330127,25.54539132408379
613,05/15/2023 18:38:00.562720,796,True,True,True,True,Eyes,1.445647,0.1040736,-3.739776,0.4318747,0.2618056,0.8631002,0.0,0.0,0.0,0.0,0.0,0.0,0.0,-2.744691,-1.055687,2.728856,1.425329,0.1062555,-3.748546,-0.1415511,0.1977458,-0.0009700167,0.9699788,344.0845,23.52789,356.5504,0.360912,0.02563827,-0.9322469,0,0,0,1.902583,0.455808,-2.832806,0.06865883,0.05790786,1.086495,0.9217913,-0.0578641,-0.3833441,-0.05410052,0.9599247,-0.2749868,0.3838933,0.2742196,0.8817198,moving,26.58228,16.87421,3.615881,3.050856,1.3347954267831956,4.12502496166747,26.80560760058457,2.5213469318099815,25.67436387753061
614,05/15/2023 18:38:00.582251,797,True,True,True,True,Eyes,1.445555,0.1042179,-3.740081,0.4314374,0.2646306,0.8624572,0.0,0.0,0.0,0.0,0.0,0.0,0.0,-2.74222,-1.074734,2.724467,1.425159,0.1067133,-3.749011,-0.1445614,0.1973934,-0.0006681212,0.9696069,343.7355,23.51238,356.5143,0.3608645,0.02566926,-0.9322644,0,0,0,1.902553,0.4588079,-2.832807,0.06910607,0.05366535,1.087957,0.9220709,-0.05836655,-0.3825947,-0.05577529,0.9582031,-0.2805993,0.3829809,0.2800717,0.8802757,moving,26.57615,17.05776,3.634494,2.823924,1.32045781038766,4.151356322812354,26.99854935542337,2.667740628037628,25.840719553723435
615,05/15/2023 18:38:00.602231,798,True,True,True,True,Eyes,1.445456,0.1043612,-3.74039,0.4309756,0.2674245,0.8618261,0.0,0.0,0.0,0.0,0.0,0.0,0.0,-2.740818,-1.088942,2.72028,1.425026,0.1063709,-3.749105,-0.1470282,0.1971922,-0.0002885528,0.9692771,343.4466,23.50845,356.4984,0.3608171,0.02570059,-0.9322819,0,0,0,1.902522,0.4619415,-2.832807,0.06935099,0.05150704,1.0893,0.9222304,-0.058545,-0.3821829,-0.05742624,0.9567652,-0.285136,0.3823525,0.2849084,0.8789959,moving,26.56838,17.23911,3.642858,2.707189,1.3061671884897377,4.177357105679418,27.143254906564266,2.760709728956215,25.96173049166573
616,05/15/2023 18:38:00.612326,799,True,True,True,True,Eyes,1.445365,0.1045169,-3.740709,0.4304534,0.2702892,0.8611932,0.0,0.0,0.0,0.0,0.0,0.0,0.0,-2.736984,-1.097643,2.721123,1.424784,0.1064777,-3.749542,-0.1481661,0.1966354,-0.000461373,0.9692168,343.3199,23.45636,356.459,0.3607697,0.02573219,-0.9322994,0,0,0,1.902493,0.4647906,-2.832808,0.07026681,0.05170882,1.090589,0.9226686,-0.05916374,-0.381028,-0.05737505,0.9560932,-0.2873916,0.3813014,0.2870287,0.8787627,moving,26.55743,17.42469,3.686479,2.714569,1.2913247292202108,4.203938150665051,27.193161998543715,2.8204581981989025,25.989908640147583
617,05/15/2023 18:38:00.632740,800,True,True,True,True,Eyes,1.445271,0.1046756,-3.741029,0.4299111,0.2732384,0.8605331,0.0,0.0,0.0,0.0,0.0,0.0,0.0,-2.734757,-1.104852,2.720985,1.424615,0.1069374,-3.749985,-0.1493518,0.1962405,-0.0001545961,0.969115,343.1769,23.41657,356.4711,0.3607224,0.02576434,-0.9323168,0,0,0,1.902463,0.46781,-2.832808,0.07096913,0.05134735,1.091837,0.9229795,-0.05891735,-0.3803129,-0.05831805,0.955388,-0.2895388,0.3804053,0.2894174,0.8783675,moving,26.54611,17.6158,3.718979,2.692544,1.276036802645173,4.231310888137295,27.272357421621933,2.887173378175368,26.046190216361946
618,05/15/2023 18:38:00.652615,801,True,True,True,True,Eyes,1.445185,0.1048285,-3.741354,0.4293013,0.2761788,0.8598987,0.0,0.0,0.0,0.0,0.0,0.0,0.0,-2.733071,-1.118524,2.717547,1.424485,0.1071167,-3.75036,-0.1518414,0.1959042,0.0005409855,0.9687959,342.8773,23.39171,356.4939,0.3606751,0.02579706,-0.9323342,0,0,0,1.902433,0.4708284,-2.832808,0.07156831,0.04824842,1.093239,0.9232426,-0.05844453,-0.3797466,-0.06054094,0.9538878,-0.2939948,0.3794181,0.2944187,0.8771315,moving,26.5305,17.80577,3.745493,2.527021,1.2605225557373574,4.258482260425037,27.433496222593465,3.028702066102167,26.18177015033063
619,05/15/2023 18:38:00.662452,802,True,True,True,True,Eyes,1.445093,0.1049825,-3.741679,0.428685,0.2790988,0.8592631,0.0,0.0,0.0,0.0,0.0,0.0,0.0,-2.730422,-1.128364,2.716479,1.424267,0.1071434,-3.750689,-0.1533206,0.1955251,0.0005670697,0.9686395,342.7077,23.3618,356.4658,0.3606279,0.02583013,-0.9323516,0,0,0,1.902403,0.4738367,-2.832809,0.07215598,0.04783099,1.094572,0.9235393,-0.05885751,-0.3789605,-0.06105463,0.9529849,-0.2968031,0.3786128,0.2972466,0.8765255,moving,26.51454,17.99441,3.771576,2.50214,1.2450834593176374,4.285459389121196,27.518227436704493,3.092473540992585,26.244133414124263
620,05/15/2023 18:38:00.682385,803,True,True,True,True,Eyes,1.445009,0.1051287,-3.74201,0.4280688,0.2819417,0.8586419,0.0,0.0,0.0,0.0,0.0,0.0,0.0,-2.728005,-1.13712,2.71561,1.424067,0.1073065,-3.751015,-0.1546216,0.1951744,0.0006025485,0.9685034,342.5581,23.33328,356.443,0.3605806,0.02586356,-0.9323689,0,0,0,1.902372,0.4769473,-2.832809,0.07268429,0.04775039,1.095878,0.9238132,-0.05918922,-0.3782403,-0.06152348,0.9521836,-0.2992679,0.3778677,0.2997383,0.8759983,moving,26.49817,18.178,3.794594,2.494955,1.2299966686853043,4.311707007517798,27.593663469351092,3.1428883735516933,26.298224641499868
621,05/15/2023 18:38:00.702444,804,True,True,True,True,Eyes,1.444921,0.1052745,-3.742342,0.4274518,0.2847425,0.8580248,0.0,0.0,0.0,0.0,0.0,0.0,0.0,-2.725863,-1.145751,2.714613,1.423917,0.1072683,-3.75142,-0.1560472,0.1948193,0.0008185124,0.968346,342.3901,23.30261,356.438,0.3605334,0.02589711,-0.9323862,0,0,0,1.902341,0.4800468,-2.83281,0.07320067,0.04745021,1.097309,0.9240896,-0.0592168,-0.3775606,-0.06238721,0.9512972,-0.3018964,0.3770497,0.3025343,0.8753895,moving,26.48162,18.35885,3.816505,2.476062,1.215104123659219,4.337559183445471,27.676170121896728,3.1988213897312248,26.35950635532471
622,05/15/2023 18:38:00.722545,805,True,True,True,True,Eyes,1.444834,0.1054138,-3.742672,0.4268919,0.2873801,0.8574241,0.0,0.0,0.0,0.0,0.0,0.0,0.0,-2.723298,-1.153807,2.714214,1.423761,0.1074028,-3.751792,-0.1570745,0.1944823,0.0005946188,0.9682479,342.2776,23.2773,356.3919,0.3604862,0.02593074,-0.9324035,0,0,0,1.902312,0.4829422,-2.83281,0.0735648,0.04790164,1.098573,0.9243526,-0.05994494,-0.376801,-0.06224789,0.9506546,-0.3039428,0.3764274,0.3044054,0.8750085,moving,26.46766,18.52944,3.831032,2.496715,1.2011767717079618,4.361959140860526,27.739235716508286,3.224170316033179,26.40330844329269
623,05/15/2023 18:38:00.732245,806,True,True,True,True,Eyes,1.444741,0.1055554,-3.743008,0.4263281,0.2899692,0.8568327,0.0,0.0,0.0,0.0,0.0,0.0,0.0,-2.721753,-1.159653,2.713399,1.423608,0.1073494,-3.751944,-0.1578088,0.194322,0.0003593937,0.9681607,342.1992,23.27036,356.3487,0.3604391,0.0259643,-0.9324208,0,0,0,1.902281,0.4860108,-2.832811,0.07361677,0.04937974,1.099755,0.9244778,-0.06063555,-0.3763832,-0.06202734,0.9501925,-0.305429,0.3761564,0.3057083,0.8746707,moving,26.45323,18.69684,3.829624,2.570893,1.1874565899612834,4.385896434773377,27.78261533927368,3.2055087101597235,26.42903568206267
624,05/15/2023 18:38:00.752459,807,True,True,True,True,Eyes,1.444657,0.1056952,-3.743342,0.4258183,0.2924775,0.8562335,0.0,0.0,0.0,0.0,0.0,0.0,0.0,-2.71926,-1.164789,2.714303,1.423275,0.107605,-3.7525,-0.1583737,0.1939878,0.0001627702,0.9681356,342.1385,23.23978,356.3176,0.3603919,0.02599785,-0.9324381,0,0,0,1.902248,0.4893378,-2.832812,0.07409397,0.05103365,1.101302,0.9247375,-0.06112999,-0.3756647,-0.0617603,0.9498355,-0.3065914,0.3755615,0.3067177,0.874573,moving,26.44188,18.85946,3.848974,2.653152,1.174322582647061,4.40917353124883,27.80438491525572,3.1995893209219166,26.43344532317469
625,05/15/2023 18:38:00.762196,808,True,True,True,True,Eyes,1.444569,0.1058342,-3.743672,0.4253084,0.2949574,0.855636,0.0,0.0,0.0,0.0,0.0,0.0,0.0,-2.717598,-1.173393,2.712483,1.423153,0.1077089,-3.752705,-0.1598396,0.1937115,0.0004500995,0.96795,341.9644,23.21815,356.3185,0.3603446,0.02603134,-0.9324554,0,0,0,1.902223,0.4918287,-2.832812,0.07456744,0.04992282,1.102364,0.9249513,-0.06105418,-0.37515,-0.06279683,0.9489022,-0.309259,0.3748622,0.3096077,0.8738543,moving,26.43045,19.02025,3.869775,2.592986,1.1613212393051953,4.432186869832589,27.907688169773593,3.2738939526830713,26.516846753293215
626,05/15/2023 18:38:00.782430,809,True,True,True,True,Eyes,1.444482,0.1059681,-3.744001,0.4248343,0.2973242,0.8550522,0.0,0.0,0.0,0.0,0.0,0.0,0.0,-2.715455,-1.181044,2.711528,1.422983,0.1078243,-3.752924,-0.1608583,0.1934482,0.0002810338,0.9678339,341.8517,23.20106,356.2777,0.3602975,0.02606477,-0.9324727,0,0,0,1.90219,0.4951726,-2.832813,0.07482535,0.05082421,1.103676,0.9251555,-0.0616915,-0.3745418,-0.06277945,0.9482491,-0.3112594,0.3743609,0.3114769,0.8734048,moving,26.42057,19.17391,3.878517,2.636604,1.1489724320504742,4.454188831857123,27.957586505141055,3.279333494693678,26.549712208877022
627,05/15/2023 18:38:00.802037,810,True,True,True,True,Eyes,1.444391,0.1060937,-3.744321,0.4243551,0.2996644,0.8544729,0.0,0.0,0.0,0.0,0.0,0.0,0.0,-2.714176,-1.186642,2.710551,1.422701,0.1078444,-3.753165,-0.1618043,0.1932614,0.0004566577,0.9677135,341.7396,23.18632,356.2773,0.3602503,0.026098,-0.93249,0,0,0,1.902163,0.4978876,-2.832813,0.07520893,0.05115554,1.104894,0.9252998,-0.06165719,-0.3741909,-0.06342483,0.9476383,-0.3129839,0.3738953,0.3133369,0.8729389,moving,26.41028,19.32581,3.894054,2.650847,1.1367269454573146,4.475934214304775,28.01847291224925,3.306629072867383,26.59317133166549
628,05/15/2023 18:38:00.822717,811,True,True,True,True,Eyes,1.444293,0.1062189,-3.744638,0.4239169,0.3018595,0.8539177,0.0,0.0,0.0,0.0,0.0,0.0,0.0,-2.712646,-1.191666,2.709918,1.422518,0.1077528,-3.753266,-0.1626826,0.1930191,0.0006380477,0.9676144,341.6347,23.16396,356.2805,0.3602032,0.02613086,-0.9325073,0,0,0,1.902133,0.500854,-2.832814,0.07566276,0.05202276,1.106057,0.9254865,-0.06156695,-0.3737437,-0.06403647,0.947068,-0.3145818,0.3733285,0.3150744,0.872556,moving,26.40153,19.46848,3.913373,2.692889,1.125292192968118,4.496366262123973,28.055973671500514,3.3205308041844352,26.614730685853218
629,05/15/2023 18:38:00.832060,812,True,True,True,True,Eyes,1.444194,0.1063508,-3.744953,0.4234807,0.3040342,0.8533624,0.0,0.0,0.0,0.0,0.0,0.0,0.0,-2.711856,-1.192427,2.710726,1.422362,0.1078548,-3.753577,-0.1629148,0.1928389,0.0008919564,0.9676111,341.6017,23.14021,356.3077,0.360156,0.02616338,-0.9325246,0,0,0,1.902103,0.5038611,-2.832814,0.07597929,0.05403566,1.107287,0.9256247,-0.06110651,-0.3734768,-0.06455877,0.946916,-0.3149324,0.3728956,0.3156204,0.8725438,moving,26.39288,19.60986,3.925343,2.793822,1.1139623534580454,4.516613749052357,28.063666062434056,3.2972522727801,26.607762704889325
630,05/15/2023 18:38:00.852226,813,True,True,True,True,Eyes,1.444068,0.1064804,-3.745262,0.4231263,0.3061071,0.8527969,0.0,0.0,0.0,0.0,0.0,0.0,0.0,-2.711466,-1.196929,2.709443,1.422239,0.1081257,-3.753841,-0.1637531,0.1927412,0.001204359,0.9674888,341.4989,23.13253,356.3244,0.3601088,0.02619576,-0.932542,0,0,0,1.902069,0.5072586,-2.832814,0.07605451,0.05491154,1.108617,0.9256988,-0.06079355,-0.3733445,-0.06545436,0.946367,-0.3163943,0.3725556,0.3173228,0.8720714,moving,26.38891,19.74534,3.924516,2.835632,1.1034200347527665,4.536054024079561,28.11738292289131,3.293936475572814,26.646229226442454
631,05/15/2023 18:38:00.862658,814,True,True,True,True,Eyes,1.44394,0.1066059,-3.745565,0.42277,0.308177,0.8522279,0.0,0.0,0.0,0.0,0.0,0.0,0.0,-2.710638,-1.201586,2.708688,1.422067,0.108161,-3.75425,-0.1644056,0.1926447,0.001153198,0.9673973,341.4256,23.12944,356.3035,0.3600609,0.02622796,-0.9325595,0,0,0,1.902041,0.5100144,-2.832815,0.07599655,0.05596435,1.109954,0.9257735,-0.0611125,-0.373107,-0.06557488,0.9459389,-0.3176467,0.3723485,0.3185353,0.8717177,moving,26.38492,19.88067,3.916827,2.886434,1.0928876106344396,4.555472562125399,28.1712488235851,3.280293187608686,26.68506851403838
632,05/15/2023 18:38:00.882336,815,True,True,True,True,Eyes,1.443803,0.106733,-3.745861,0.4224645,0.3101824,0.8516517,0.0,0.0,0.0,0.0,0.0,0.0,0.0,-2.710343,-1.206325,2.706976,1.421861,0.1081657,-3.754398,-0.1653879,0.1925641,0.001559299,0.9672453,341.3043,23.12383,356.3272,0.3600124,0.02625992,-0.9325773,0,0,0,1.902012,0.5129772,-2.832815,0.07619849,0.05633347,1.111195,0.9258333,-0.06067908,-0.3730292,-0.06671195,0.9452888,-0.3193407,0.3719976,0.3205418,0.871132,moving,26.38386,20.01227,3.92283,2.902199,1.0828509677219342,4.57438052714314,28.235658276122074,3.295705078355438,26.733947125100798
633,05/15/2023 18:38:00.902373,816,True,True,True,True,Eyes,1.443666,0.1068568,-3.746155,0.4221605,0.3121817,0.8510717,0.0,0.0,0.0,0.0,0.0,0.0,0.0,-2.709479,-1.21103,2.705971,1.421715,0.108305,-3.754616,-0.1662221,0.1924087,0.001793526,0.9671329,341.2035,23.11052,356.3361,0.3599634,0.02629169,-0.9325954,0,0,0,1.901982,0.5159834,-2.832816,0.07642528,0.05702309,1.112423,0.9259515,-0.06049597,-0.3727656,-0.06743427,0.944734,-0.3208275,0.3715732,0.3222078,0.8706983,moving,26.38298,20.14355,3.93014,2.934429,1.07285165807401,4.593244065933341,28.289288956391974,3.3039013441496112,26.772335859588445
634,05/15/2023 18:38:00.912374,817,True,True,True,True,Eyes,1.443524,0.1069756,-3.746438,0.4218786,0.3140824,0.850512,0.0,0.0,0.0,0.0,0.0,0.0,0.0,-2.708997,-1.216768,2.704108,1.421563,0.1083288,-3.754838,-0.1671941,0.1923433,0.001951576,0.966978,341.0891,23.11123,356.3307,0.3599137,0.02632321,-0.9326136,0,0,0,1.901952,0.518932,-2.832816,0.07640424,0.05749463,1.113711,0.9260006,-0.06054305,-0.3726361,-0.06809159,0.9440847,-0.3225952,0.3713309,0.3240967,0.8701004,moving,26.38275,20.26849,3.92453,2.955235,1.0633795184796622,4.611201923470596,28.357017548808354,3.3058143519460876,26.82544254366832
635,05/15/2023 18:38:00.932276,818,True,True,True,True,Eyes,1.443383,0.1071041,-3.746729,0.421599,0.315949,0.8499591,0.0,0.0,0.0,0.0,0.0,0.0,0.0,-2.708569,-1.219783,2.703378,1.421542,0.1083193,-3.754991,-0.1676492,0.1922854,0.001950096,0.9669107,341.0372,23.10967,356.3199,0.3598636,0.0263544,-0.9326321,0,0,0,1.901922,0.521929,-2.832817,0.07623801,0.0592934,1.114861,0.9260451,-0.06070185,-0.3724994,-0.06824408,0.9437799,-0.3234537,0.3711917,0.3249536,0.8698401,moving,26.38245,20.39124,3.911991,3.044384,1.0540680160899505,4.628844361252932,28.387232002353045,3.2677573989424453,26.842485020015776
636,05/15/2023 18:38:00.952534,819,True,True,True,True,Eyes,1.443227,0.10724,-3.747016,0.4213323,0.3177872,0.8494059,0.0,0.0,0.0,0.0,0.0,0.0,0.0,-2.708107,-1.222621,2.70312,1.421345,0.1086044,-3.75546,-0.1680894,0.1922026,0.002065877,0.9668505,340.9842,23.1027,356.3238,0.359813,0.02638551,-0.9326507,0,0,0,1.901892,0.5249395,-2.832817,0.0762476,0.06067744,1.11626,0.9261079,-0.06061967,-0.372357,-0.06860924,0.9434834,-0.3242406,0.3709679,0.3258288,0.8696082,moving,26.38287,20.51227,3.907593,3.111411,1.0449391456811663,4.646245845031499,28.424073778482388,3.248154105206423,26.865827642403378
637,05/15/2023 18:38:00.962813,820,True,True,True,True,Eyes,1.443075,0.1073656,-3.747293,0.4210543,0.319705,0.8488238,0.0,0.0,0.0,0.0,0.0,0.0,0.0,-2.707479,-1.232094,2.699879,1.421244,0.1089554,-3.7558,-0.1695578,0.1921361,0.002174166,0.9666071,340.8145,23.1103,356.2997,0.3597616,0.02641676,-0.9326696,0,0,0,1.901858,0.5283151,-2.832818,0.07605097,0.06013352,1.117743,0.9261581,-0.0609532,-0.3721772,-0.06935942,0.9424909,-0.326956,0.3707026,0.3286269,0.8686678,moving,26.38345,20.63862,3.892391,3.079489,1.0354193195742103,4.664413466173891,28.5336786344951,3.267150554570688,26.959733899823316
638,05/15/2023 18:38:00.982497,821,True,True,True,True,Eyes,1.442909,0.1074731,-3.747556,0.4207544,0.3214886,0.8482987,0.0,0.0,0.0,0.0,0.0,0.0,0.0,-2.706442,-1.243485,2.695678,1.421175,0.1087952,-3.75582,-0.171547,0.1919803,0.00249556,0.9662862,340.5803,23.10946,356.2888,0.3597098,0.02644787,-0.9326888,0,0,0,1.90183,0.5311301,-2.832819,0.07619897,0.05837929,1.118979,0.9262747,-0.06104447,-0.3718722,-0.07069014,0.9411308,-0.3305689,0.3701597,0.3324852,0.8674303,moving,26.38132,20.75572,3.895649,2.986523,1.0264020609815017,4.68122773477688,28.659200308889464,3.332356843908257,27.069769181651512
639,05/15/2023 18:38:01.002255,822,True,True,True,True,Eyes,1.442745,0.1075927,-3.747823,0.4204496,0.3232109,0.8477953,0.0,0.0,0.0,0.0,0.0,0.0,0.0,-2.70495,-1.242918,2.697554,1.421089,0.1084452,-3.755948,-0.1715014,0.191713,0.002542511,0.9663472,340.5834,23.07537,356.3011,0.3596573,0.02647842,-0.9327082,0,0,0,1.9018,0.5341708,-2.832819,0.07662165,0.06162374,1.120189,0.9264793,-0.06084419,-0.3713948,-0.07067196,0.9411616,-0.330485,0.3696506,0.3324347,0.8676668,moving,26.37833,20.8687,3.912973,3.148776,1.017633936696686,4.697442245881364,28.612723947629046,3.2834974391070246,27.0122877175551
640,05/15/2023 18:38:01.012672,823,True,True,True,True,Eyes,1.442573,0.107714,-3.748095,0.4201362,0.3249073,0.8473021,0.0,0.0,0.0,0.0,0.0,0.0,0.0,-2.70245,-1.247039,2.698595,1.42095,0.1088648,-3.756303,-0.1717497,0.1914088,0.002118715,0.9663645,340.5638,23.04945,356.2513,0.3596042,0.02650877,-0.9327278,0,0,0,1.901772,0.5369385,-2.832819,0.07688805,0.06343657,1.121303,0.9267164,-0.06165389,-0.3706689,-0.06984368,0.9409951,-0.3311346,0.3692133,0.3327567,0.8677295,moving,26.37459,20.97987,3.922647,3.237998,1.0089481426277414,4.713390018575793,28.615795752339878,3.265948964685388,27.00351288400207
641,05/15/2023 18:38:01.032448,824,True,True,True,True,Eyes,1.442405,0.1078184,-3.748356,0.4198199,0.3266005,0.8468077,0.0,0.0,0.0,0.0,0.0,0.0,0.0,-2.701534,-1.253336,2.697239,1.420844,0.1090012,-3.756802,-0.1728177,0.1912302,0.002354343,0.966209,340.4362,23.03626,356.2549,0.3595504,0.02653896,-0.9327477,0,0,0,1.901742,0.5399451,-2.83282,0.07700104,0.06348787,1.122835,0.926851,-0.06154636,-0.3703504,-0.07064547,0.940257,-0.3330556,0.3687229,0.3348565,0.8671301,moving,26.37073,21.09085,3.923048,3.236198,1.000267983728128,4.729309430419439,28.68252124925959,3.28207628905353,27.057061768916196
642,05/15/2023 18:38:01.052288,825,True,True,True,True,Eyes,1.442256,0.1079284,-3.748627,0.4194724,0.328162,0.8463762,0.0,0.0,0.0,0.0,0.0,0.0,0.0,-2.700674,-1.257937,2.695908,1.420794,0.1086826,-3.756793,-0.17366,0.1910917,0.002499,0.9660848,340.3365,23.02697,356.2529,0.3594961,0.02656862,-0.9327677,0,0,0,1.901712,0.5429882,-2.83282,0.07710919,0.0647157,1.124053,0.9269555,-0.06154149,-0.3700896,-0.07119848,0.9396719,-0.3345856,0.3683537,0.3364958,0.8666523,moving,26.36347,21.1926,3.924298,3.295081,0.9920386012677948,4.743872334414957,28.702571773291414,3.2706484849535915,27.0662287901048
643,05/15/2023 18:38:01.062446,826,True,True,True,True,Eyes,1.442111,0.1080425,-3.748903,0.4191383,0.329788,0.8459096,0.0,0.0,0.0,0.0,0.0,0.0,0.0,-2.698934,-1.259491,2.697566,1.420815,0.1089668,-3.757238,-0.1735654,0.1908574,0.002124507,0.966149,340.355,23.00448,356.2164,0.3594418,0.02659791,-0.9327878,0,0,0,1.901682,0.5459287,-2.832821,0.07707408,0.06751803,1.125264,0.9271379,-0.06214732,-0.3695308,-0.07035767,0.9397411,-0.3345692,0.3680559,0.3361911,0.866897,moving,26.35788,21.29892,3.91831,3.433742,0.9835850501817306,4.759106761491693,28.682728021521665,3.2201245755544576,27.036029450611032
644,05/15/2023 18:38:01.082497,827,True,True,True,True,Eyes,1.441984,0.1081458,-3.749183,0.418797,0.3313784,0.845457,0.0,0.0,0.0,0.0,0.0,0.0,0.0,-2.699018,-1.270543,2.692774,1.420758,0.1091595,-3.757598,-0.1752858,0.1909304,0.002176514,0.9658238,340.1584,23.0339,356.1761,0.3593874,0.02662697,-0.9328079,0,0,0,1.901653,0.5488705,-2.832821,0.07647383,0.06612425,1.126764,0.9270817,-0.06273053,-0.3695733,-0.07113905,0.9385403,-0.3377592,0.3680473,0.3394215,0.8656409,moving,26.35151,21.40279,3.882727,3.358555,0.9752600781303294,4.773982189291214,28.817366747090443,3.2336972693731125,27.15770098842847
645,05/15/2023 18:38:01.102069,828,True,True,True,True,Eyes,1.441855,0.1082542,-3.749468,0.4184563,0.3329717,0.8449995,0.0,0.0,0.0,0.0,0.0,0.0,0.0,-2.698494,-1.27563,2.691207,1.420711,0.1090336,-3.757843,-0.1759343,0.1909227,0.001946335,0.965708,340.0899,23.04568,356.1323,0.3593334,0.02665555,-0.9328279,0,0,0,1.901622,0.5519403,-2.832822,0.07602245,0.06773272,1.128158,0.9270895,-0.06342054,-0.3694361,-0.07093886,0.9380866,-0.3390592,0.3680664,0.3405455,0.8651913,moving,26.34529,21.5069,3.855124,3.435817,0.966927872918839,4.788893427524064,28.85085107064339,3.189434540354748,27.18034272025536
646,05/15/2023 18:38:01.112489,829,True,True,True,True,Eyes,1.441746,0.1083649,-3.749759,0.4180544,0.3348783,0.8444449,0.0,0.0,0.0,0.0,0.0,0.0,0.0,-2.696838,-1.283047,2.689815,1.420541,0.1092606,-3.758241,-0.1768886,0.1907419,0.001752152,0.9655697,339.9851,23.03956,356.0884,0.3592795,0.02668382,-0.9328479,0,0,0,1.901593,0.5548927,-2.832822,0.07603073,0.06815185,1.129591,0.9272289,-0.0640965,-0.368969,-0.0708638,0.9374147,-0.3409281,0.3677293,0.342265,0.8646559,moving,26.33836,21.6316,3.850669,3.452654,0.9569856946822164,4.806758230784093,28.916609832108552,3.1948397986913575,27.231799166750847
647,05/15/2023 18:38:01.132317,830,True,True,True,True,Eyes,1.441641,0.1084697,-3.750048,0.4176575,0.3367793,0.8438849,0.0,0.0,0.0,0.0,0.0,0.0,0.0,-2.69413,-1.293951,2.687713,1.420515,0.1094437,-3.758538,-0.1783414,0.1904071,0.001493711,0.965369,339.8243,23.0224,356.0273,0.3592263,0.02671186,-0.9328676,0,0,0,1.901562,0.5579374,-2.832823,0.07618949,0.06768061,1.13098,0.9274858,-0.06503097,-0.3681591,-0.07079889,0.9363843,-0.3437616,0.3670936,0.3448993,0.863879,moving,26.33184,21.75605,3.853958,3.424635,0.9470923113168322,4.824590680261557,29.005102225438698,3.22641349469346,27.305330827256473
648,05/15/2023 18:38:01.152198,831,True,True,True,True,Eyes,1.441554,0.1085747,-3.750346,0.4172323,0.3388275,0.8432752,0.0,0.0,0.0,0.0,0.0,0.0,0.0,-2.692508,-1.301934,2.685831,1.420527,0.1094074,-3.758784,-0.1793813,0.1902382,0.001216809,0.96521,339.7117,23.02077,355.9711,0.3591736,0.02673955,-0.9328871,0,0,0,1.901531,0.5610635,-2.832823,0.07596913,0.06841666,1.132391,0.9276159,-0.06590141,-0.3676761,-0.07059929,0.9356417,-0.3458184,0.3668031,0.3467443,0.8632635,moving,26.3251,21.89023,3.838073,3.457487,0.9364465371824214,4.84381987450145,29.076320224587874,3.2157977188633473,27.361394663544303
649,05/15/2023 18:38:01.162261,832,True,True,True,True,Eyes,1.441472,0.1086661,-3.750639,0.4168111,0.3408475,0.8426693,0.0,0.0,0.0,0.0,0.0,0.0,0.0,-2.692546,-1.30624,2.684037,1.420363,0.1095343,-3.75908,-0.1801651,0.1902336,0.001441213,0.9650647,339.6172,23.02589,355.9769,0.3591218,0.02676691,-0.9329063,0,0,0,1.901502,0.5639825,-2.832824,0.0758462,0.06903368,1.133777,0.9276183,-0.06576519,-0.3676949,-0.07132864,0.9350769,-0.3471935,0.3666563,0.3482902,0.8627034,moving,26.31847,22.02262,3.827208,3.484336,0.9259442443711516,4.862792721275698,29.146609408596742,3.212082550644637,27.416615138854386
650,05/15/2023 18:38:01.182599,833,True,True,True,True,Eyes,1.441394,0.1087434,-3.75093,0.4164606,0.3427907,0.8420541,0.0,0.0,0.0,0.0,0.0,0.0,0.0,-2.692867,-1.308502,2.68285,1.420385,0.109272,-3.759251,-0.1808074,0.1901972,0.001843048,0.9649511,339.5346,23.02165,356.0081,0.359071,0.02679364,-0.9329251,0,0,0,1.901472,0.5670112,-2.832824,0.07574952,0.0703906,1.13514,0.9276433,-0.06522121,-0.3677285,-0.07233498,0.9346106,-0.3482394,0.3663955,0.3496415,0.8622676,moving,26.31594,22.15068,3.81777,3.548397,0.916068393518544,4.881178971494074,29.192680352461455,3.1931457837995265,27.448286194385183
651,05/15/2023 18:38:01.202295,834,True,True,True,True,Eyes,1.441312,0.1088225,-3.751227,0.4161249,0.3445854,0.8414873,0.0,0.0,0.0,0.0,0.0,0.0,0.0,-2.693028,-1.303951,2.685126,1.420312,0.1090317,-3.759444,-0.1800737,0.1902029,0.001774123,0.9650873,339.6198,23.01417,356.0192,0.3590211,0.02681946,-0.9329436,0,0,0,1.901442,0.5700163,-2.832825,0.07553852,0.07503626,1.136344,0.9276395,-0.0650767,-0.3677636,-0.07192542,0.9351406,-0.3468988,0.3664857,0.3482486,0.8627927,moving,26.31291,22.26889,3.803143,3.777929,0.9069015514940104,4.89814493474415,29.130829873139728,3.105333841714733,27.375294229882464
652,05/15/2023 18:38:01.212258,835,True,True,True,True,Eyes,1.44124,0.1089117,-3.751539,0.4157935,0.3464095,0.840902,0.0,0.0,0.0,0.0,0.0,0.0,0.0,-2.693489,-1.297918,2.688151,1.420137,0.1091633,-3.759911,-0.1791163,0.1902207,0.001821619,0.9652617,339.7278,23.00298,356.0495,0.3589719,0.0268445,-0.9329618,0,0,0,1.901412,0.5730078,-2.832825,0.07541171,0.0796583,1.137643,0.9276256,-0.06462658,-0.367878,-0.07165992,0.935828,-0.3450952,0.3665728,0.3464813,0.8634669,moving,26.31062,22.3892,3.792456,4.005341,0.8976297035771966,4.915419235911707,29.069468203989853,3.0345117699460533,27.302314658867054
653,05/15/2023 18:38:01.232364,836,True,True,True,True,Eyes,1.441196,0.1090186,-3.751885,0.4154441,0.34818,0.8403434,0.0,0.0,0.0,0.0,0.0,0.0,0.0,-2.691752,-1.303741,2.689784,1.420771,0.1106138,-3.761567,-0.1796386,0.1897782,0.001761243,0.9652519,339.6679,22.95676,356.0384,0.3589235,0.02686907,-0.9329797,0,0,0,1.901381,0.5760365,-2.832826,0.07498971,0.07951763,1.139394,0.9279622,-0.0647829,-0.3670003,-0.07158306,0.9354538,-0.3461244,0.3657347,0.3474614,0.8634285,moving,26.30661,22.50572,3.765516,3.992166,0.8885193510816615,4.932133700415356,29.16937778609191,3.0266564052947076,27.38831416757909
654,05/15/2023 18:38:01.252243,837,True,True,True,True,Eyes,1.441176,0.1091712,-3.752279,0.4150922,0.3499251,0.8397921,0.0,0.0,0.0,0.0,0.0,0.0,0.0,-2.690987,-1.305145,2.69186,1.421393,0.1111336,-3.762741,-0.1798388,0.1894281,0.002000895,0.9652829,339.6381,22.91159,356.0691,0.358876,0.02689363,-0.9329972,0,0,0,1.901351,0.5790836,-2.832826,0.07469183,0.0809707,1.141027,0.928226,-0.06427019,-0.3664232,-0.0719959,0.935308,-0.3464326,0.3649838,0.3479487,0.8635501,moving,26.30225,22.62054,3.745248,4.059075,0.8795121504409565,4.948600734589613,29.212092054048938,3.0006162686929967,27.41826825841825
655,05/15/2023 18:38:01.263001,838,True,True,True,True,Eyes,1.441154,0.1093307,-3.752681,0.4147187,0.3517164,0.8392282,0.0,0.0,0.0,0.0,0.0,0.0,0.0,-2.689378,-1.306512,2.693352,1.421207,0.1112719,-3.763198,-0.179946,0.1891731,0.001958114,0.9653131,339.6259,22.8826,356.0668,0.3588296,0.02691929,-0.9330143,0,0,0,1.901321,0.5821179,-2.832827,0.0750218,0.08331934,1.142465,0.9284194,-0.06430148,-0.3659274,-0.07186228,0.9352313,-0.3466675,0.3645179,0.3481492,0.863666,moving,26.29705,22.73832,3.757025,4.171164,0.8702197314901962,4.965485921471088,29.202602776618406,2.9940928464604237,27.396093877910058
656,05/15/2023 18:38:01.282538,839,True,True,True,True,Eyes,1.441122,0.1094745,-3.753058,0.414403,0.3535826,0.8385997,0.0,0.0,0.0,0.0,0.0,0.0,0.0,-2.688072,-1.314461,2.691601,1.421156,0.1115618,-3.76379,-0.1813986,0.1888658,0.002453171,0.9651003,339.4477,22.85362,356.094,0.3587839,0.0269461,-0.9330311,0,0,0,1.901291,0.5851055,-2.832827,0.07546097,0.08210208,1.14413,0.9286475,-0.06378485,-0.3654388,-0.07325508,0.9341771,-0.349209,0.3636588,0.3510622,0.8628486,moving,26.29677,22.86197,3.773473,4.104477,0.8608415749863688,4.983257907189808,29.311131868204235,3.0423145302250187,27.488813626963534
657,05/15/2023 18:38:01.302353,840,True,True,True,True,Eyes,1.441084,0.1096095,-3.753432,0.4140944,0.3553481,0.8380057,0.0,0.0,0.0,0.0,0.0,0.0,0.0,-2.688453,-1.321713,2.687541,1.421202,0.1112823,-3.763691,-0.182715,0.1889405,0.002644858,0.9648368,339.2936,22.87597,356.0804,0.358739,0.02697357,-0.9330476,0,0,0,1.901259,0.5882837,-2.832828,0.07498887,0.08227664,1.14547,0.9285891,-0.06394082,-0.36556,-0.07414821,0.9332165,-0.3515809,0.363627,0.3535797,0.8618335,moving,26.29594,22.9789,3.745558,4.108377,0.8519319075877169,5.000059100016591,29.404359653620297,3.027898434587788,27.568017566396176
658,05/15/2023 18:38:01.312368,841,True,True,True,True,Eyes,1.441014,0.109708,-3.753764,0.413769,0.3571285,0.8374094,0.0,0.0,0.0,0.0,0.0,0.0,0.0,-2.687164,-1.321497,2.689287,1.421027,0.1112108,-3.764011,-0.1824513,0.1887981,0.0023343,0.9649153,339.3302,22.86147,356.0539,0.3586946,0.02700141,-0.9330639,0,0,0,1.901231,0.5910975,-2.832828,0.0749974,0.08563806,1.146748,0.9286996,-0.06438812,-0.3652002,-0.07339773,0.9334121,-0.3512187,0.3634965,0.3529815,0.8621336,moving,26.29425,23.09671,3.741819,4.270867,0.8428929776491975,5.016979275044983,29.377278782596765,2.9934020127666523,27.52845567508318
659,05/15/2023 18:38:01.332267,842,True,True,True,True,Eyes,1.440947,0.1098103,-3.754097,0.4134409,0.3589083,0.8368103,0.0,0.0,0.0,0.0,0.0,0.0,0.0,-2.684651,-1.325047,2.688647,1.420217,0.1104155,-3.763339,-0.1831814,0.1885422,0.002430138,0.9648267,339.2437,22.83764,356.0518,0.3586503,0.02702873,-0.9330801,0,0,0,1.901201,0.5941283,-2.832829,0.07627085,0.08770493,1.147895,0.9288919,-0.06438554,-0.3647114,-0.0737642,0.9328773,-0.3525603,0.3629307,0.354393,0.8617928,moving,26.29249,23.21451,3.801381,4.369197,0.833849703889692,5.033897400827704,29.34273003859474,3.0410637310412674,27.480599976202882
660,05/15/2023 18:38:01.352220,843,True,True,True,True,Eyes,1.440893,0.1099047,-3.754425,0.4130585,0.3607492,0.8362073,0.0,0.0,0.0,0.0,0.0,0.0,0.0,-2.68312,-1.332461,2.687045,1.420231,0.1106062,-3.763709,-0.1841861,0.188343,0.002302218,0.9646747,339.1314,22.82907,356.0149,0.3586062,0.02705566,-0.9330963,0,0,0,1.901171,0.5971259,-2.832829,0.07616809,0.08801125,1.149344,0.9290432,-0.06493854,-0.3642276,-0.07382211,0.9321404,-0.354492,0.3625315,0.3562265,0.8612047,moving,26.28783,23.33591,3.791499,4.37889,0.8243226732201275,5.051307674591864,29.418591328307357,3.0424136607809307,27.542205019477194
661,05/15/2023 18:38:01.362771,844,True,True,True,True,Eyes,1.440836,0.1099877,-3.754748,0.4126588,0.3625381,0.8356308,0.0,0.0,0.0,0.0,0.0,0.0,0.0,-2.681921,-1.340955,2.684009,1.420122,0.1105204,-3.763748,-0.1855091,0.1882202,0.002299004,0.9644451,338.9801,22.83159,355.9825,0.3585626,0.02708205,-0.9331123,0,0,0,1.90114,0.6001381,-2.83283,0.07614124,0.08788723,1.150735,0.9291358,-0.06539859,-0.3639091,-0.07426764,0.9311622,-0.3569613,0.3622032,0.3586921,0.8603191,moving,26.2815,23.45359,3.785598,4.367477,0.8149554837121747,5.068168611023824,29.501615485297968,3.052160823635613,27.61138143284592
662,05/15/2023 18:38:01.382222,845,True,True,True,True,Eyes,1.440757,0.1100735,-3.755053,0.4122759,0.3642804,0.8350619,0.0,0.0,0.0,0.0,0.0,0.0,0.0,-2.679249,-1.34319,2.685819,1.419983,0.1103172,-3.763993,-0.1858053,0.1877907,0.002277987,0.964472,338.945,22.78318,355.9821,0.3585193,0.02710767,-0.9331282,0,0,0,1.90111,0.6031532,-2.83283,0.07686996,0.09017283,1.152125,0.929459,-0.06539088,-0.3630842,-0.07417908,0.9309425,-0.3575523,0.3613912,0.3592635,0.8604223,moving,26.27588,23.56835,3.817126,4.475219,0.8058610127693712,5.084616008528808,29.47784392752762,3.072308828442372,27.575147526896576
663,05/15/2023 18:38:01.402707,846,True,True,True,True,Eyes,1.440682,0.1101638,-3.755355,0.4118729,0.3659652,0.834524,0.0,0.0,0.0,0.0,0.0,0.0,0.0,-2.676102,-1.346185,2.687447,1.41983,0.1104355,-3.76404,-0.186093,0.1873351,0.002121809,0.9645054,338.9139,22.73432,355.9665,0.3584762,0.02713269,-0.933144,0,0,0,1.901079,0.6063007,-2.832831,0.07767546,0.09245081,1.153278,0.9298022,-0.06563053,-0.3621613,-0.07381649,0.9307298,-0.3581804,0.3605818,0.3597704,0.86055,moving,26.26829,23.67897,3.853161,4.58323,0.7969363085461837,5.100451072711336,29.446312065082804,3.0996817582953,27.531831695718232
664,05/15/2023 18:38:01.412188,847,True,True,True,True,Eyes,1.440572,0.1102638,-3.755638,0.4114863,0.3676574,0.8339707,0.0,0.0,0.0,0.0,0.0,0.0,0.0,-2.674382,-1.345918,2.689658,1.419825,0.1106176,-3.764297,-0.1861715,0.1869456,0.002446085,0.964565,338.8959,22.68064,356.0116,0.3584332,0.02715727,-0.9331598,0,0,0,1.901049,0.6092688,-2.832831,0.07844967,0.09462814,1.154448,0.9300907,-0.06488908,-0.361553,-0.07432671,0.9306684,-0.3582345,0.3597315,0.3600636,0.860783,moving,26.26202,23.79037,3.887517,4.685963,0.7880487574344585,5.116409796451044,29.421025667346438,3.1292152101201496,27.494487522894236
665,05/15/2023 18:38:01.432391,848,True,True,True,True,Eyes,1.440465,0.1103598,-3.755922,0.4110696,0.3693376,0.8334336,0.0,0.0,0.0,0.0,0.0,0.0,0.0,-2.671684,-1.349185,2.690769,1.419634,0.1108723,-3.76441,-0.1867432,0.1864727,0.002701244,0.9645452,338.8229,22.62468,356.0377,0.3583898,0.02718173,-0.9331757,0,0,0,1.90102,0.6121701,-2.832832,0.07955167,0.09563504,1.155592,0.9304413,-0.0644341,-0.3607317,-0.074856,0.9302393,-0.3592372,0.358714,0.361252,0.8607098,moving,26.25363,23.90061,3.938063,4.730929,0.779094518632481,5.132183244801841,29.418721933035265,3.1843503003352045,27.479968107610166
666,05/15/2023 18:38:01.452510,849,True,True,True,True,Eyes,1.440349,0.1104512,-3.756189,0.4106369,0.3710535,0.8328845,0.0,0.0,0.0,0.0,0.0,0.0,0.0,-2.669081,-1.352562,2.69207,1.419574,0.1108532,-3.764729,-0.1874084,0.1859628,0.003035862,0.9645137,338.7373,22.56366,356.0716,0.358346,0.02720597,-0.9331919,0,0,0,1.90099,0.6151971,-2.832832,0.08055365,0.09668957,1.157029,0.9308172,-0.06384572,-0.3598652,-0.07555825,0.9297377,-0.3603868,0.3575894,0.362645,0.8605919,moving,26.24467,24.01317,3.982569,4.776942,0.7699231701164485,5.148285206848144,29.421652037269848,3.234036024156261,27.470495168728753
667,05/15/2023 18:38:01.462907,850,True,True,True,True,Eyes,1.440239,0.1105217,-3.756443,0.4102011,0.3727024,0.8323629,0.0,0.0,0.0,0.0,0.0,0.0,0.0,-2.667658,-1.357178,2.691182,1.4196,0.1107845,-3.764738,-0.1883567,0.1856558,0.003427746,0.9643869,338.6189,22.53005,356.1004,0.3583018,0.02722991,-0.9332081,0,0,0,1.90096,0.6181833,-2.832833,0.08112457,0.09716168,1.15827,0.9310404,-0.06332768,-0.3593793,-0.07655036,0.92902,-0.3620247,0.3567968,0.3645702,0.8601074,moving,26.23478,24.12113,4.006422,4.795041,0.761032181391012,5.163717800618461,29.455010022270997,3.2662635622443488,27.491884407778414
668,05/15/2023 18:38:01.482679,851,True,True,True,True,Eyes,1.440109,0.1105855,-3.756678,0.4098194,0.3741534,0.8318998,0.0,0.0,0.0,0.0,0.0,0.0,0.0,-2.665331,-1.358575,2.692689,1.419623,0.1103611,-3.764675,-0.1884403,0.1853274,0.003184105,0.9644346,338.6135,22.49597,356.077,0.3582575,0.02725307,-0.9332244,0,0,0,1.90093,0.6211792,-2.832833,0.08146784,0.1003532,1.159402,0.9312873,-0.06370457,-0.3586722,-0.07598798,0.9289603,-0.3622964,0.3562722,0.3646569,0.8602881,moving,26.22628,24.2162,4.019403,4.946963,0.7532179833734952,5.177309631372118,29.401511536914185,3.2742975022773906,27.428939803323154
669,05/15/2023 18:38:01.502658,852,True,True,True,True,Eyes,1.439978,0.1106593,-3.756923,0.4094198,0.3755045,0.8314877,0.0,0.0,0.0,0.0,0.0,0.0,0.0,-2.663544,-1.350624,2.698325,1.419454,0.1102648,-3.764652,-0.1869325,0.1850795,0.002809583,0.9647766,338.7932,22.45358,356.0776,0.3582129,0.02727539,-0.933241,0,0,0,1.900899,0.6242937,-2.832834,0.08192319,0.1070378,1.160229,0.9314754,-0.06377351,-0.3581712,-0.074616,0.9300967,-0.3596562,0.3560704,0.3617362,0.8616036,moving,26.21537,24.3042,4.038924,5.270948,0.7457632316218105,5.189864101951067,29.224295353120493,3.294158837231143,27.24470554447663
670,05/15/2023 18:38:01.512220,853,True,True,True,True,Eyes,1.439826,0.1107535,-3.757164,0.4090048,0.3771309,0.8309557,0.0,0.0,0.0,0.0,0.0,0.0,0.0,-2.660628,-1.348337,2.702993,1.419294,0.110589,-3.76517,-0.18637,0.184582,0.002712594,0.9649811,338.8575,22.38711,356.0921,0.3581679,0.02729718,-0.9332576,0,0,0,1.90087,0.6272068,-2.832834,0.08283985,0.1106525,1.161444,0.9318443,-0.06356589,-0.3572474,-0.0740363,0.9305177,-0.3586856,0.3552251,0.3606884,0.8623915,moving,26.20688,24.41102,4.079707,5.44223,0.7370605296712983,5.205145058395173,29.144927157843938,3.3510438217272975,27.15457058957319
671,05/15/2023 18:38:01.542481,854,True,True,True,True,Eyes,1.439689,0.1108347,-3.757389,0.4085634,0.3788652,0.8303838,0.0,0.0,0.0,0.0,0.0,0.0,0.0,-2.657556,-1.352931,2.704158,1.419173,0.1111021,-3.765514,-0.187058,0.1840439,0.002919149,0.96495,338.7722,22.32558,356.1111,0.3581221,0.02731901,-0.9332745,0,0,0,1.90084,0.6301882,-2.832835,0.0839186,0.1111742,1.162732,0.9322386,-0.06322011,-0.3562785,-0.07448743,0.9300016,-0.3599287,0.3540944,0.3620777,0.8622743,moving,26.19799,24.52499,4.128088,5.461714,0.7277875738588796,5.221450316803178,29.163145683238287,3.4087783186177987,27.160075860527122
672,05/15/2023 18:38:01.552562,855,True,True,True,True,Eyes,1.439525,0.1109127,-3.757605,0.4081045,0.3807741,0.8297361,0.0,0.0,0.0,0.0,0.0,0.0,0.0,-2.654625,-1.367213,2.699748,1.419386,0.110836,-3.765368,-0.1893919,0.1835898,0.003083763,0.9645808,338.5001,22.2969,356.0809,0.3580759,0.02734057,-0.9332916,0,0,0,1.900809,0.6332569,-2.832835,0.08437091,0.1089282,1.164185,0.9325706,-0.06359178,-0.3553426,-0.07548992,0.9282424,-0.3642353,0.3530064,0.3664999,0.860851,moving,26.1902,24.65086,4.145097,5.345376,0.7176941860652194,5.239475789167422,29.303383401151223,3.4290384809188765,27.285011471398253
673,05/15/2023 18:38:01.562964,856,True,True,True,True,Eyes,1.43936,0.1109972,-3.757822,0.4076125,0.3826881,0.8290971,0.0,0.0,0.0,0.0,0.0,0.0,0.0,-2.651105,-1.366237,2.703704,1.41901,0.1108179,-3.765516,-0.188784,0.1831814,0.00247736,0.9647793,338.5815,22.25169,356.0343,0.3580291,0.02736181,-0.933309,0,0,0,1.900779,0.6362498,-2.832836,0.08506635,0.1134488,1.165317,0.9328769,-0.06438319,-0.3543946,-0.0739436,0.928709,-0.3633621,0.3525238,0.3651774,0.8616105,moving,26.18031,24.77673,4.175098,5.560476,0.7074477798311073,5.257482908543545,29.21461574208122,3.4808623734511124,27.183608872723106
674,05/15/2023 18:38:01.582254,857,True,True,True,True,Eyes,1.439173,0.1110809,-3.758022,0.4071224,0.3848388,0.828342,0.0,0.0,0.0,0.0,0.0,0.0,0.0,-2.647115,-1.373554,2.70416,1.4188,0.1110392,-3.76577,-0.1898692,0.1825522,0.002585203,0.9646852,338.4525,22.18631,356.0338,0.3579815,0.02738293,-0.9333266,0,0,0,1.900744,0.6398057,-2.832836,0.08629179,0.1139423,1.166962,0.933336,-0.06433424,-0.3531923,-0.07430986,0.9278861,-0.3653841,0.351229,0.3672718,0.8612489,moving,26.17369,24.91908,4.229078,5.576688,0.6961924491583403,5.277887572195601,29.25224989829343,3.5454988381047134,27.205003465181747
675,05/15/2023 18:38:01.602799,858,True,True,True,True,Eyes,1.438993,0.1111592,-3.758219,0.4065938,0.3869525,0.8276166,0.0,0.0,0.0,0.0,0.0,0.0,0.0,-2.643463,-1.378267,2.705277,1.418658,0.1110153,-3.765784,-0.1908561,0.1818622,0.00310837,0.9646194,338.3252,22.10304,356.0867,0.357933,0.02740392,-0.9333446,0,0,0,1.90072,0.6421708,-2.832837,0.08804217,0.1136308,1.168005,0.933833,-0.06342223,-0.3520421,-0.07541579,0.9271286,-0.3670764,0.3496692,0.3693375,0.8610002,moving,26.16409,25.05847,4.310702,5.556602,0.684943988965853,5.297840698181094,29.289817728486604,3.634979857701733,27.226952706445996
767,05/15/2023 18:38:03.132715,950,True,True,True,True,Eyes,1.43117,0.1137854,-3.764442,0.3912443,0.4433588,0.8064495,0.0,0.0,0.0,0.0,0.0,0.0,0.0,-2.497894,-1.460756,2.804493,1.420618,0.1115732,-3.769332,-0.1921565,0.1612342,-0.01091265,0.9679672,338.3779,19.89372,354.8721,0.3553563,0.02820575,-0.9343049,0,0,0,1.90072,0.6421708,-2.832837,0.1225481,0.1200063,1.166034,0.9477689,-0.08309057,-0.307945,-0.04083823,0.9259136,-0.3755213,0.3163328,0.3684833,0.8741589,moving,25.88007,28.80051,5.999661,5.876097,0.3810533811860644,5.833269041717786,30.344017094014596,5.6187708449628575,27.909383472439863
768,05/15/2023 18:38:03.152302,951,True,True,True,True,Eyes,1.431031,0.1137922,-3.764352,0.3912981,0.4437025,0.8062345,1.163592,1.886342,0.6300811,-2.826223,-0.6758217,-0.5916201,0.4396028,0.1104079,0.1045409,1.162662,1.420789,0.1117611,-3.76936,-0.1929946,0.1602304,-0.01020864,0.9679748,338.2624,19.76645,354.9596,0.3553431,0.02820939,-0.9343098,0,0,0,1.896481,0.6389562,-2.832818,0.1213195,0.1148117,1.163369,0.948444,-0.08161061,-0.3062575,-0.04208378,0.9252977,-0.3768994,0.3141384,0.3703564,0.8741586,moving,25.88917,28.82571,5.95345,5.636214,0.3798093409819812,5.836971019421546,30.58080536304458,5.577255021666648,28.14140366848988
769,05/15/2023 18:38:03.162654,952,True,True,True,True,Eyes,1.430893,0.1137845,-3.764264,0.3913365,0.443876,0.8061203,1.163201,1.886096,0.6301013,-2.826585,-0.6921358,-0.5901878,0.4154833,0.110994,0.1030506,1.162155,1.420964,0.1111345,-3.768853,-0.1941622,0.1597532,-0.01053495,0.9678167,338.1325,19.73109,354.9044,0.3553289,0.02821293,-0.9343151,0,0,0,1.892682,0.6360764,-2.832802,0.1186472,0.1106565,1.161013,0.9487358,-0.08242786,-0.3051327,-0.04164426,0.9243801,-0.3791927,0.3133147,0.3724607,0.87356,moving,25.89457,28.83861,5.834963,5.44443,0.3792265531044957,5.838872561245863,30.81680533194265,5.469976701239794,28.37346594304365
770,05/15/2023 18:38:03.182317,953,True,True,True,True,Eyes,1.430802,0.1137947,-3.764203,0.3913583,0.4439554,0.8060659,1.147055,1.879711,0.6230357,-2.839601,-0.5938544,-0.6639709,-0.4544002,0.1103748,0.1071944,1.145737,1.420861,0.110815,-3.768834,-0.1921106,0.1592431,-0.01130712,0.9683014,338.3805,19.65771,354.8727,0.3553139,0.02821601,-0.9343207,0,0,0,1.88862,0.6329962,-2.832784,0.1159292,0.1135059,1.158161,0.9490277,-0.08308195,-0.304046,-0.03928715,0.9259313,-0.3756431,0.3127349,0.3684407,0.8754703,moving,25.89734,28.84457,5.716131,5.597411,0.3789773426715145,5.839753507433681,30.78492485410614,5.342652810434538,28.338865067991264
771,05/15/2023 18:38:03.202226,954,True,True,True,True,Eyes,1.430724,0.1138168,-3.764149,0.3913888,0.4440621,0.8059923,1.142651,1.877945,0.6212249,-2.843181,-0.4340463,-0.5742204,-0.6941721,0.1102431,0.1076754,1.141227,1.421024,0.1113491,-3.769139,-0.1915209,0.1590444,-0.0112797,0.9684511,338.4465,19.62478,354.8944,0.3552988,0.0282191,-0.9343264,0,0,0,1.884457,0.6298397,-2.832767,0.1125492,0.1115006,1.15555,0.9491553,-0.08276834,-0.3037328,-0.03907299,0.9263849,-0.3745452,0.3123741,0.3673694,0.8760493,moving,25.90115,28.8526,5.562995,5.511485,0.3786472565045472,5.840941100956224,30.95881454848118,5.194805371517172,28.509155961121643
772,05/15/2023 18:38:03.212685,955,True,True,True,True,Eyes,1.43065,0.1138302,-3.764085,0.3915252,0.4441331,0.805887,1.139655,1.876853,0.6199886,-2.845652,-0.2374862,-0.4522889,-0.8596715,0.1094373,0.1061474,1.138334,1.421263,0.1116524,-3.769276,-0.19193,0.1592402,-0.011143,0.9683396,338.3979,19.65128,354.8965,0.3552841,0.02822249,-0.934332,0,0,0,1.880418,0.6267771,-2.832749,0.1083339,0.107451,1.153246,0.9490368,-0.08270635,-0.3041198,-0.03954551,0.9260774,-0.3752556,0.3126746,0.3681579,0.8756109,moving,25.91193,28.85964,5.366516,5.323032,0.3788999684038899,5.8420472984596685,31.24237431081479,5.014547891751529,28.78776901501171
773,05/15/2023 18:38:03.232730,956,True,True,True,True,Eyes,1.430578,0.1138428,-3.764024,0.3916953,0.4441422,0.8057993,1.13799,1.876323,0.6192722,-2.847033,-0.01178332,-0.3022068,-0.9531696,0.1081132,0.10613,1.136605,1.421495,0.1114368,-3.769019,-0.1920748,0.1596532,-0.01147018,0.9682391,338.39,19.71109,354.8445,0.3552697,0.02822593,-0.9343373,0,0,0,1.8765,0.6238062,-2.832732,0.1035443,0.1049486,1.150847,0.9487586,-0.08354244,-0.3047587,-0.03911895,0.9259515,-0.3756111,0.3135712,0.3682861,0.8752364,moving,25.92417,28.86277,5.141188,5.210535,0.3795549708872566,5.842604201214129,31.485878760287903,4.803400938820417,29.02622298490588
774,05/15/2023 18:38:03.252377,957,True,True,True,True,Eyes,1.430493,0.1138684,-3.763976,0.3919476,0.4441161,0.8056909,1.138043,1.876546,0.6192917,-2.847064,0.2758087,-0.09416259,-0.9565892,0.1072611,0.1078899,1.136617,1.421469,0.1114492,-3.769043,-0.1914109,0.160006,-0.01202477,0.9683055,338.4791,19.75747,354.7859,0.3552557,0.02822939,-0.9343426,0,0,0,1.872409,0.6207042,-2.832714,0.09883642,0.1039822,1.148398,0.948507,-0.08454104,-0.3052658,-0.03796646,0.9264346,-0.3745364,0.3144725,0.3668403,0.8755199,moving,25.94171,28.8646,4.919019,5.173766,0.3806945459483731,5.843020551092767,31.67347711409401,4.587405639836244,29.208212236860664
775,05/15/2023 18:38:03.262233,958,True,True,True,True,Eyes,1.430421,0.1138826,-3.763922,0.3922017,0.4441717,0.8055366,1.13829,1.876861,0.6194788,-2.846987,0.2967768,-0.08168574,-0.9514467,0.1071127,0.1078225,1.137077,1.421443,0.1117592,-3.769408,-0.1913568,0.1601045,-0.01222841,0.9682974,338.4899,19.77327,354.7607,0.3552417,0.0282332,-0.9343478,0,0,0,1.868429,0.6176872,-2.832697,0.09490478,0.1011273,1.146278,0.9484341,-0.08495566,-0.3053777,-0.03759268,0.9264661,-0.3744962,0.3147376,0.3666649,0.8754982,moving,25.96064,28.87228,4.732944,5.041715,0.3814926803320054,5.844289974350771,31.91411765485051,4.424845215021025,29.443151418071356
776,05/15/2023 18:38:03.282226,959,True,True,True,True,Eyes,1.430376,0.1138745,-3.763877,0.3924306,0.4441912,0.8054144,0.0,0.0,0.0,0.0,0.0,0.0,0.0,-2.490943,-1.468651,2.806947,1.421691,0.1114817,-3.769225,-0.1925212,0.1603279,-0.01219886,0.9680299,338.3571,19.81601,354.7314,0.3552279,0.02823703,-0.9343529,0,0,0,1.864477,0.6146902,-2.83268,0.09063169,0.09613618,1.144089,0.9482924,-0.08535073,-0.3057072,-0.03811529,0.9255735,-0.3766441,0.3151013,0.3688208,0.8744612,moving,25.97722,28.87702,4.529363,4.803202,0.3823420771406615,5.8451162407974495,32.24219724196186,4.27590549706254,29.76632795953171
777,05/15/2023 18:38:03.302539,960,True,True,True,True,Eyes,1.430332,0.113868,-3.763835,0.392692,0.444159,0.8053047,0.0,0.0,0.0,0.0,0.0,0.0,0.0,-2.492254,-1.467392,2.80564,1.42218,0.1111832,-3.768453,-0.1922767,0.160563,-0.01247017,0.9680361,338.3918,19.84743,354.6994,0.3552149,0.02824032,-0.9343578,0,0,0,1.860442,0.6116313,-2.832663,0.08613274,0.09470357,1.140981,0.9481281,-0.08588818,-0.306066,-0.03760187,0.9257483,-0.3762661,0.3156568,0.3682571,0.8744985,moving,25.99533,28.87856,4.317073,4.74478,0.3835451327956422,5.845495885298828,32.44050190188877,4.0846318000797135,29.959436851170377
778,05/15/2023 18:38:03.312757,961,True,True,True,True,Eyes,1.430304,0.1138604,-3.763775,0.3929272,0.4441153,0.8052141,0.0,0.0,0.0,0.0,0.0,0.0,0.0,-2.49301,-1.466221,2.80564,1.422163,0.1108551,-3.768513,-0.19166,0.1608839,-0.01331231,0.9680938,338.4812,19.89673,354.6064,0.3552026,0.02824316,-0.9343624,0,0,0,1.856265,0.6084637,-2.832645,0.08121434,0.09399253,1.138629,0.9478784,-0.08744513,-0.3063985,-0.03589489,0.9261785,-0.3753731,0.3166042,0.3668062,0.8747657,moving,26.01138,28.8789,4.079794,4.719003,0.384688899890594,5.845685028864786,32.62966575872338,3.863057609591321,30.143489510357725
779,05/15/2023 18:38:03.332343,962,True,True,True,True,Eyes,1.430289,0.1138457,-3.763716,0.3931589,0.4440784,0.8051213,0.0,0.0,0.0,0.0,0.0,0.0,0.0,-2.49366,-1.466931,2.804839,1.422029,0.1109562,-3.76867,-0.1917973,0.1609937,-0.01324646,0.9680493,338.4648,19.91065,354.6084,0.3551914,0.02824557,-0.9343665,0,0,0,1.85236,0.6055032,-2.832628,0.07764086,0.09086828,1.136507,0.9478111,-0.08740275,-0.3066183,-0.03610986,0.9260767,-0.3756036,0.3167808,0.3670733,0.8745897,moving,26.0273,28.87968,3.90811,4.571303,0.3857898954928195,5.845936285386993,32.86572315696444,3.74585489986357,30.375680333944093
780,05/15/2023 18:38:03.352346,963,True,True,True,True,Eyes,1.430314,0.1138288,-3.763678,0.3932146,0.4439372,0.8051721,0.0,0.0,0.0,0.0,0.0,0.0,0.0,-2.494317,-1.467394,2.804139,1.422239,0.1108484,-3.768689,-0.1918644,0.161084,-0.01329525,0.9680202,338.4586,19.92372,354.5989,0.3551815,0.02824742,-0.9343702,0,0,0,1.848386,0.60249,-2.832611,0.0736827,0.08817773,1.134174,0.9477504,-0.08755271,-0.3067632,-0.03607242,0.9260226,-0.3757406,0.3169667,0.367174,0.87448,moving,26.02907,28.87045,3.717053,4.445588,0.3866173887593086,5.844624960847715,33.08171679836663,3.6123546030862155,30.590643596582098
781,05/15/2023 18:38:03.362671,964,True,True,True,True,Eyes,1.430339,0.1138259,-3.76364,0.3932374,0.4438482,0.80521,0.0,0.0,0.0,0.0,0.0,0.0,0.0,-2.492935,-1.464297,2.807121,1.422189,0.1109123,-3.768805,-0.1909239,0.1610079,-0.01401166,0.9682089,338.5803,19.91697,354.5379,0.3551735,0.02824868,-0.9343733,0,0,0,1.844493,0.5995379,-2.832594,0.07006258,0.08795694,1.131787,0.9477603,-0.08861294,-0.3064283,-0.03434807,0.9267035,-0.3742204,0.317129,0.3651964,0.8752491,moving,26.02932,28.86445,3.54234,4.443815,0.3870896814576262,5.8437646580871165,33.19686255241036,3.4518782739024827,30.70437416376733
782,05/15/2023 18:38:03.382385,965,True,True,True,True,Eyes,1.430375,0.1138195,-3.763601,0.3931068,0.4437704,0.8053167,0.0,0.0,0.0,0.0,0.0,0.0,0.0,-2.490053,-1.469202,2.80709,1.422212,0.1112385,-3.768769,-0.1915735,0.1605916,-0.01404597,0.9681491,338.5042,19.87581,354.528,0.3551671,0.02824976,-0.9343756,0,0,0,1.840365,0.5964081,-2.832576,0.06729797,0.08351193,1.129245,0.9480261,-0.08872737,-0.3055715,-0.03433301,0.9262046,-0.3754547,0.3163349,0.3664321,0.8750198,moving,26.01882,28.857,3.41054,4.229541,0.3868884005585274,5.8426019709933446,33.431213877977584,3.427015420296058,30.940390927017514
783,05/15/2023 18:38:03.402512,966,True,True,True,True,Eyes,1.430412,0.1138136,-3.763551,0.3929299,0.443688,0.8054484,0.0,0.0,0.0,0.0,0.0,0.0,0.0,-2.485444,-1.475344,2.807787,1.422215,0.1111727,-3.768645,-0.1923733,0.159942,-0.01420766,0.9680957,338.4122,19.81097,354.5048,0.3551624,0.02825059,-0.9343774,0,0,0,1.836198,0.5932491,-2.832558,0.06493956,0.07919435,1.126743,0.9484334,-0.08904588,-0.3042121,-0.03402838,0.9255813,-0.3770164,0.3151447,0.3679268,0.8748221,moving,26.00496,28.84854,3.298579,4.020484,0.3865187263179518,5.841264733699157,33.64538754207324,3.434434089885437,31.157078823939052
784,05/15/2023 18:38:03.412903,967,True,True,True,True,Eyes,1.430463,0.1137934,-3.763507,0.3925424,0.4434985,0.8057417,0.0,0.0,0.0,0.0,0.0,0.0,0.0,-2.479797,-1.476544,2.811772,1.422294,0.1111803,-3.768335,-0.1922937,0.1591139,-0.01452853,0.9682433,338.423,19.71547,354.4877,0.3551595,0.02825122,-0.9343785,0,0,0,1.832325,0.5903119,-2.832541,0.0631862,0.07714999,1.124036,0.9489434,-0.08932751,-0.3025345,-0.03305888,0.9256241,-0.3769974,0.3137095,0.3677507,0.8754118,moving,25.97448,28.82938,3.217421,3.926429,0.3857477896742888,5.8382441426550304,33.73485886791113,3.4166372809769245,31.252381774649418
785,05/15/2023 18:38:03.432460,968,True,True,True,True,Eyes,1.430497,0.1137722,-3.763461,0.3920877,0.4432333,0.8061088,0.0,0.0,0.0,0.0,0.0,0.0,0.0,-2.472367,-1.475577,2.81865,1.42214,0.1109009,-3.76828,-0.1916629,0.1580873,-0.01521482,0.9685258,338.5031,19.59599,354.4448,0.3551583,0.0282513,-0.934379,0,0,0,1.828189,0.5871759,-2.832524,0.06157389,0.07651323,1.121476,0.9495538,-0.09007078,-0.3003909,-0.03112699,0.9260678,-0.3760714,0.3120553,0.3664503,0.8765476,moving,25.93808,28.80389,3.142632,3.902984,0.3850245371696629,5.834261889203097,33.7592590135142,3.366635294234042,31.283860460933113
786,05/15/2023 18:38:03.452606,969,True,True,True,True,Eyes,1.430579,0.1137417,-3.76343,0.3910075,0.4428453,0.8068465,0.0,0.0,0.0,0.0,0.0,0.0,0.0,-2.463958,-1.469823,2.828773,1.421807,0.1108704,-3.768236,-0.1904611,0.1567901,-0.01552072,0.9689689,338.6395,19.42724,354.4666,0.3551583,0.02825086,-0.934379,0,0,0,1.824066,0.5840501,-2.832506,0.06100544,0.07676275,1.118789,0.950352,-0.08980301,-0.2979372,-0.02964664,0.9269673,-0.3739687,0.3097616,0.3642347,0.8782829,moving,25.85538,28.7606,3.121138,3.925045,0.3822746851607087,5.827316282728293,33.66972752299295,3.3346676431790345,31.210022416420873
787,05/15/2023 18:38:03.462203,970,True,True,True,True,Eyes,1.430655,0.1136971,-3.763386,0.3898188,0.4424198,0.8076547,0.0,0.0,0.0,0.0,0.0,0.0,0.0,-2.452373,-1.468919,2.838976,1.421497,0.1107912,-3.768117,-0.1902307,0.154916,-0.01538137,0.9693177,338.6526,19.19182,354.5316,0.3551604,0.02824972,-0.9343782,0,0,0,1.820326,0.5812145,-2.83249,0.06222555,0.07503156,1.116361,0.9515289,-0.08875839,-0.2944736,-0.0291207,0.9271514,-0.3735536,0.3061777,0.3640223,0.8796266,moving,25.76452,28.71319,3.190345,3.845115,0.3792420462142659,5.8197071202724695,33.58592757593945,3.435304041598794,31.144905924379565
788,05/15/2023 18:38:03.482237,971,True,True,True,True,Eyes,1.430792,0.1136515,-3.763353,0.3881682,0.4417891,0.8087941,0.0,0.0,0.0,0.0,0.0,0.0,0.0,-2.440786,-1.46161,2.852294,1.421459,0.1104059,-3.767836,-0.1892185,0.1528847,-0.01496723,0.9698446,338.7494,18.92084,354.6507,0.3551643,0.02824759,-0.9343768,0,0,0,1.816246,0.5781206,-2.832472,0.06343201,0.07505053,1.113491,0.9528046,-0.086889,-0.2908848,-0.02882545,0.9279447,-0.3716016,0.302213,0.3624486,0.8816453,moving,25.63795,28.64477,3.260434,3.855969,0.3751973886751815,5.808765725403539,33.39517745645106,3.4839640288148654,30.97947552096585
789,05/15/2023 18:38:03.502111,972,True,True,True,True,Eyes,1.430917,0.1135985,-3.763309,0.3864646,0.4410869,0.8099922,0.0,0.0,0.0,0.0,0.0,0.0,0.0,-2.428973,-1.454761,2.865594,1.421493,0.1105175,-3.767629,-0.1878992,0.1509481,-0.01508391,0.9704026,338.8923,18.66938,354.7106,0.3551711,0.02824453,-0.9343743,0,0,0,1.812086,0.5749666,-2.832454,0.0640057,0.07542527,1.110423,0.9539743,-0.08600099,-0.2872924,-0.02745113,0.9289327,-0.3692296,0.2986294,0.360122,0.8838172,moving,25.50681,28.57081,3.298926,3.885836,0.3712389975706206,5.796988027348926,33.204488448674105,3.496262755548248,30.814764077906784
790,05/15/2023 18:38:03.513063,973,True,True,True,True,Eyes,1.431059,0.1135341,-3.763267,0.3844544,0.4402002,0.81143,0.0,0.0,0.0,0.0,0.0,0.0,0.0,-2.417955,-1.447114,2.878387,1.421378,0.1103048,-3.767396,-0.1864636,0.1491874,-0.01530889,0.9709481,339.0517,18.44073,354.7555,0.3551803,0.02824046,-0.934371,0,0,0,1.808065,0.5719177,-2.832437,0.06436259,0.0764658,1.107598,0.9550176,-0.08536431,-0.2839974,-0.02590775,0.929994,-0.3666607,0.2954156,0.3575251,0.8859489,moving,25.35153,28.4798,3.325721,3.949291,0.3668119563109603,5.782548454948722,32.967895503103655,3.4808010033539483,30.60879227433566
791,05/15/2023 18:38:03.532696,974,True,True,True,True,Eyes,1.431187,0.1134759,-3.763226,0.382372,0.4392505,0.8129272,0.0,0.0,0.0,0.0,0.0,0.0,0.0,-2.405342,-1.439647,2.892241,1.421071,0.1100817,-3.767194,-0.18505,0.147202,-0.01551529,0.9715182,339.2071,18.18507,354.8064,0.355192,0.02823519,-0.9343667,0,0,0,1.804088,0.5689026,-2.83242,0.06541109,0.07748057,1.104871,0.9561816,-0.08462623,-0.2802766,-0.02433269,0.9310315,-0.3641267,0.2917611,0.3549911,0.8881761,moving,25.19062,28.38376,3.388096,4.011376,0.3623553471278861,5.767336626923003,32.7011185529491,3.498357360497465,30.374143386123976
792,05/15/2023 18:38:03.552279,975,True,True,True,True,Eyes,1.431371,0.1134264,-3.76319,0.3800087,0.4382764,0.8145596,0.0,0.0,0.0,0.0,0.0,0.0,0.0,-2.392515,-1.430516,2.907328,1.420863,0.1101847,-3.767237,-0.1834963,0.1450769,-0.01541454,0.972134,339.3723,17.90472,354.899,0.3552056,0.028229,-0.9343616,0,0,0,1.79981,0.5656589,-2.832401,0.06651607,0.078068,1.102024,0.9574302,-0.08321214,-0.2764113,-0.02327213,0.932183,-0.3612385,0.2877254,0.3522933,0.8905637,moving,25.01002,28.28261,3.454075,4.052098,0.3568507294791726,5.751218165811343,32.431103536962304,3.5326771038081075,30.139359770797714
793,05/15/2023 18:38:03.562352,976,True,True,True,True,Eyes,1.431538,0.1133759,-3.763138,0.3775546,0.4373445,0.8162,0.0,0.0,0.0,0.0,0.0,0.0,0.0,-2.379095,-1.431045,2.917685,1.420825,0.1104965,-3.766951,-0.1834448,0.1429223,-0.01524388,0.9724653,339.364,17.63838,354.968,0.3552222,0.02822218,-0.9343556,0,0,0,1.796053,0.5628102,-2.832385,0.06803808,0.07559596,1.099296,0.9586817,-0.08208498,-0.2723811,-0.02278841,0.9322312,-0.3611449,0.2835667,0.3524301,0.8918424,moving,24.82413,28.18374,3.541655,3.933899,0.3507881021297886,5.735381217951909,32.26450883944936,3.6642829778171877,30.009252538372337
794,05/15/2023 18:38:03.582590,977,True,True,True,True,Eyes,1.431744,0.1133036,-3.76308,0.3749046,0.4363409,0.8179567,0.0,0.0,0.0,0.0,0.0,0.0,0.0,-2.362118,-1.43267,2.930067,1.42061,0.1104155,-3.766579,-0.1833648,0.1403367,-0.01544688,0.9728538,339.3634,17.32726,355.0026,0.3552412,0.02821478,-0.9343485,0,0,0,1.792094,0.5598078,-2.832368,0.07024091,0.0736514,1.096514,0.9601341,-0.08152071,-0.2673892,-0.02141045,0.9322775,-0.3611098,0.2787189,0.3524387,0.893366,moving,24.62401,28.07779,3.665267,3.84271,0.3442244026179583,5.718402171333801,32.04072425439926,3.8141244152792093,29.82460998231025
795,05/15/2023 18:38:03.603233,978,True,True,True,True,Eyes,1.431933,0.1132372,-3.763009,0.3721289,0.4352921,0.8197809,0.0,0.0,0.0,0.0,0.0,0.0,0.0,-2.342935,-1.430627,2.945525,1.420181,0.1099796,-3.766051,-0.182704,0.1374431,-0.01574975,0.9733862,339.4299,16.97406,355.0439,0.3552633,0.02820631,-0.9343404,0,0,0,1.787993,0.5566984,-2.83235,0.07314217,0.07333501,1.093579,0.9617227,-0.08088399,-0.2618154,-0.0195616,0.9327424,-0.3600125,0.2733256,0.3513537,0.8954573,moving,24.41506,27.96767,3.826431,3.836489,0.3373328799680205,5.70074652586051,31.72074306434832,3.9559147885082466,29.54514304142734
796,05/15/2023 18:38:03.612181,979,True,True,True,True,Eyes,1.432161,0.1131689,-3.762928,0.3692022,0.4341849,0.8216892,0.0,0.0,0.0,0.0,0.0,0.0,0.0,-2.321993,-1.42425,2.96472,1.420002,0.1100597,-3.765791,-0.1813255,0.1341824,-0.01596286,0.9740953,339.5755,16.56643,355.1176,0.3552878,0.02819704,-0.9343314,0,0,0,1.784088,0.5537375,-2.832333,0.07678711,0.07413311,1.090578,0.9634806,-0.07976007,-0.255624,-0.01756267,0.9337325,-0.3575404,0.267202,0.3489726,0.8982323,moving,24.19538,27.85221,4.027523,3.888754,0.330063633786703,5.682229491357722,31.320754771179843,4.109471998067302,29.18759690192465
797,05/15/2023 18:38:03.632255,980,True,True,True,True,Eyes,1.432377,0.1130962,-3.762837,0.3661972,0.4330373,0.8236372,0.0,0.0,0.0,0.0,0.0,0.0,0.0,-2.302587,-1.422247,2.9802,1.420127,0.1100521,-3.76529,-0.1807247,0.1311512,-0.01606656,0.9746179,339.6313,16.19398,355.183,0.3553156,0.028187,-0.9343211,0,0,0,1.780069,0.5506908,-2.832316,0.07959396,0.07324106,1.087411,0.9650825,-0.07872204,-0.2498374,-0.01608698,0.9341609,-0.3564893,0.2614518,0.3480607,0.900276,moving,23.9704,27.7337,4.186348,3.853259,0.3226390202851869,5.663227706191655,31.011033131664366,4.266641981385592,28.92086050258109
798,05/15/2023 18:38:03.652293,981,True,True,True,True,Eyes,1.432614,0.1130129,-3.762738,0.3632508,0.4317773,0.8256012,0.0,0.0,0.0,0.0,0.0,0.0,0.0,-2.282924,-1.418765,2.996655,1.420096,0.1098957,-3.765079,-0.179519,0.1282608,-0.0168951,0.9752112,339.7691,15.84736,355.1701,0.355346,0.02817617,-0.9343098,0,0,0,1.776038,0.5476343,-2.832299,0.08175534,0.07396705,1.084544,0.9665275,-0.07900309,-0.2440968,-0.01309791,0.9349749,-0.3544719,0.2562288,0.3458039,0.9026443,moving,23.74869,27.60891,4.310929,3.90159,0.3159279447960182,5.643351762186606,30.657194494531314,4.358183964370517,28.609087372264067
799,05/15/2023 18:38:03.662374,982,True,True,True,True,Eyes,1.432837,0.1129367,-3.762626,0.3602789,0.4305037,0.8275661,0.0,0.0,0.0,0.0,0.0,0.0,0.0,-2.267969,-1.414135,3.009604,1.419981,0.1096687,-3.764678,-0.1784025,0.1260516,-0.01741142,0.9756948,339.8949,15.57818,355.1771,0.3553793,0.02816436,-0.9342975,0,0,0,1.772038,0.544601,-2.832281,0.0827623,0.0744199,1.081705,0.9676157,-0.07895231,-0.2397634,-0.01099937,0.9357388,-0.3525222,0.2521884,0.3437433,0.9045671,moving,23.52578,27.48366,4.375232,3.935674,0.309164242708014,5.623399206707362,30.352119091696053,4.402422444546286,28.345226729848058
800,05/15/2023 18:38:03.682608,983,True,True,True,True,Eyes,1.433027,0.1128549,-3.762497,0.3574335,0.4291372,0.8295075,0.0,0.0,0.0,0.0,0.0,0.0,0.0,-2.253582,-1.411556,3.021115,1.419878,0.1097832,-3.764328,-0.1775176,0.1239686,-0.01800523,0.9761123,339.9957,15.32872,355.1673,0.3554152,0.02815185,-0.9342843,0,0,0,1.768031,0.541563,-2.832264,0.0834313,0.07403117,1.078863,0.9686152,-0.07916348,-0.2356222,-0.008862942,0.9363267,-0.3510183,0.2484073,0.34209,0.9062386,moving,23.31114,27.35432,4.422033,3.925462,0.3033126704331631,5.602930997968548,30.0950120525248,4.447219287637249,28.128169591679644
801,05/15/2023 18:38:03.702483,984,True,True,True,True,Eyes,1.4332,0.1127678,-3.762348,0.3545533,0.4277338,0.831466,0.0,0.0,0.0,0.0,0.0,0.0,0.0,-2.239799,-1.408105,3.032475,1.419744,0.1095533,-3.763999,-0.1766917,0.1219237,-0.01835541,0.9765132,340.0861,15.07972,355.1841,0.3554526,0.02813861,-0.9342704,0,0,0,1.763908,0.538437,-2.832246,0.08402008,0.07362151,1.076138,0.9695954,-0.07893436,-0.2316336,-0.007237181,0.9368863,-0.3495594,0.2446066,0.3406075,0.9078294,moving,23.09434,27.2228,4.464344,3.913661,0.2974686887880414,5.582130541361275,29.839448920537002,4.488500915632976,27.912693564609512
802,05/15/2023 18:38:03.722618,985,True,True,True,True,Eyes,1.433385,0.1126856,-3.762204,0.3517487,0.4262294,0.8334274,0.0,0.0,0.0,0.0,0.0,0.0,0.0,-2.226457,-1.400149,3.045194,1.419559,0.1093464,-3.76346,-0.1753328,0.1198809,-0.01847077,0.9770087,340.2343,14.82082,355.2377,0.3554913,0.02812458,-0.9342561,0,0,0,1.759942,0.53543,-2.832229,0.08496946,0.07440558,1.073239,0.9705749,-0.0781303,-0.2277724,-0.005945921,0.9378345,-0.3470319,0.2407265,0.3381747,0.909774,moving,22.88222,27.086,4.526724,3.965859,0.2923653067385913,5.560611996575637,29.520588633458804,4.524713323878701,27.63340342302683
803,05/15/2023 18:38:03.732583,986,True,True,True,True,Eyes,1.43356,0.1126049,-3.762043,0.3489118,0.4247404,0.8353779,0.0,0.0,0.0,0.0,0.0,0.0,0.0,-2.211177,-1.391874,3.05984,1.419407,0.1094904,-3.763315,-0.1737428,0.1175685,-0.01876903,0.9775679,340.4106,14.53118,355.2784,0.3555313,0.02810997,-0.9342414,0,0,0,1.755789,0.5322812,-2.832211,0.08610618,0.0751728,1.070417,0.9716507,-0.07754935,-0.2233404,-0.004157349,0.9389223,-0.3441041,0.2363843,0.3352775,0.9119822,moving,22.6688,26.95065,4.599066,4.017147,0.2870574639020579,5.539290524929433,29.19693214503478,4.572782361524121,27.349125320840038
804,05/15/2023 18:38:03.752721,987,True,True,True,True,Eyes,1.433733,0.1125173,-3.76188,0.3461811,0.4231722,0.8373076,0.0,0.0,0.0,0.0,0.0,0.0,0.0,-2.197765,-1.389701,3.069944,1.419383,0.1094246,-3.762894,-0.1731755,0.1155679,-0.01899424,0.9779027,340.4696,14.28866,355.3029,0.3555725,0.02809487,-0.9342262,0,0,0,1.751307,0.5288828,-2.832192,0.08620459,0.0737296,1.067454,0.9725666,-0.07717606,-0.2194495,-0.002877995,0.9392989,-0.3430878,0.2326069,0.3343073,0.9133089,moving,22.46243,26.81186,4.617027,3.951174,0.2825236628611584,5.517536173972527,29.00119605504237,4.608840379067136,27.19142626320199
805,05/15/2023 18:38:03.762464,988,True,True,True,True,Eyes,1.433893,0.1124362,-3.761708,0.3434016,0.4216054,0.8392403,0.0,0.0,0.0,0.0,0.0,0.0,0.0,-2.183732,-1.382427,3.08276,1.419207,0.109149,-3.762596,-0.1718262,0.1134758,-0.01929986,0.9783796,340.6194,14.02903,355.3326,0.3556146,0.02807917,-0.9342105,0,0,0,1.747921,0.526315,-2.832177,0.08755687,0.07491384,1.065121,0.9735017,-0.07676139,-0.2154123,-0.00123103,0.9402065,-0.3406027,0.2286772,0.3318424,0.915198,moving,22.25347,26.67338,4.699357,4.023195,0.2777776784724736,5.495803749525013,28.656199394738202,4.660358379538793,26.88477034045578
806,05/15/2023 18:38:03.782204,989,True,True,True,True,Eyes,1.433992,0.1123602,-3.761519,0.3407648,0.4200124,0.8411118,0.0,0.0,0.0,0.0,0.0,0.0,0.0,-2.169511,-1.377322,3.094755,1.419071,0.1093073,-3.762392,-0.1708182,0.1113363,-0.0194522,0.9787987,340.7275,13.76446,355.3749,0.3556575,0.02806311,-0.9341947,0,0,0,1.74403,0.5233653,-2.83216,0.08857763,0.07450187,1.062533,0.9744517,-0.0761161,-0.2113059,4.307926e-05,0.9408855,-0.3387247,0.2245971,0.3300618,0.9168509,moving,22.05465,26.53543,4.765419,4.010857,0.2737304444875387,5.474236130199779,28.39496253569795,4.724060177265514,26.66024350480342
807,05/15/2023 18:38:03.802232,990,True,True,True,True,Eyes,1.434087,0.112288,-3.761321,0.338091,0.4184701,0.8429574,0.0,0.0,0.0,0.0,0.0,0.0,0.0,-2.155385,-1.373667,3.105918,1.419031,0.1092396,-3.762152,-0.1701322,0.1091839,-0.01947114,0.9791602,340.7967,13.49917,355.4276,0.3556998,0.02804686,-0.9341791,0,0,0,1.739837,0.5201858,-2.832142,0.08928683,0.07335009,1.059886,0.9753995,-0.07528212,-0.2071918,0.0009793639,0.9413518,-0.3374251,0.2204425,0.3289214,0.9182678,moving,21.8546,26.40123,4.815336,3.958878,0.2693097877802338,5.453196816042301,28.177928968495895,4.7853258035547865,26.479305243486657
808,05/15/2023 18:38:03.812767,991,True,True,True,True,Eyes,1.434122,0.1122183,-3.761115,0.3354893,0.4169469,0.8447498,0.0,0.0,0.0,0.0,0.0,0.0,0.0,-2.141893,-1.3742,3.114594,1.419037,0.1092634,-3.76181,-0.1699186,0.107225,-0.01978632,0.9794074,340.8164,13.26777,355.4334,0.3557416,0.02803055,-0.9341636,0,0,0,1.735871,0.517179,-2.832125,0.08961266,0.07139422,1.057338,0.9762225,-0.07519682,-0.2033099,0.002318665,0.9414723,-0.3370824,0.2167582,0.3285959,0.919261,moving,21.66032,26.26977,4.844415,3.862895,0.2651022059819795,5.432601798260228,28.01504431969812,4.840876480345424,26.35107350588146
809,05/15/2023 18:38:03.832531,992,True,True,True,True,Eyes,1.434152,0.1121481,-3.760899,0.3328407,0.4154729,0.846522,0.0,0.0,0.0,0.0,0.0,0.0,0.0,-2.126905,-1.375408,3.124099,1.418806,0.10917,-3.76172,-0.1695694,0.1051754,-0.02055335,0.9796744,340.8573,13.03321,355.3893,0.3557816,0.02801427,-0.9341488,0,0,0,1.731867,0.5141428,-2.832108,0.09002709,0.0699034,1.055081,0.9770314,-0.07594025,-0.1991049,0.004602119,0.9416475,-0.3365691,0.2130458,0.3279223,0.9203687,moving,21.46406,26.1418,4.877073,3.790537,0.2604862286544201,5.41249115654289,27.83356059567906,4.893220688185826,26.2038418377003
810,05/15/2023 18:38:03.852382,993,True,True,True,True,Eyes,1.434116,0.1120901,-3.76067,0.330314,0.4140275,0.8482181,0.0,0.0,0.0,0.0,0.0,0.0,0.0,-2.112524,-1.375823,3.133162,1.418724,0.109087,-3.761339,-0.169358,0.1031038,-0.02086122,0.9799246,340.8759,12.78833,355.3979,0.3558202,0.027998,-0.9341347,0,0,0,1.727754,0.511024,-2.83209,0.09051558,0.06794162,1.052495,0.9778688,-0.07580774,-0.1950017,0.005961955,0.9417654,-0.3362179,0.2091338,0.3276144,0.9213749,moving,21.27699,26.01767,4.915396,3.693484,0.2562492803895696,5.393012823087062,27.67798834423181,4.959440127207943,26.080910730602298
811,05/15/2023 18:38:03.862173,994,True,True,True,True,Eyes,1.434076,0.1120286,-3.760433,0.3277467,0.4126388,0.849889,0.0,0.0,0.0,0.0,0.0,0.0,0.0,-2.096819,-1.379772,3.141711,1.418639,0.1091938,-3.761158,-0.1694723,0.1009237,-0.02146876,0.9801187,340.8603,12.5395,355.368,0.355856,0.02798208,-0.9341215,0,0,0,1.72385,0.5080642,-2.832073,0.09123725,0.06532131,1.050172,0.978707,-0.07629142,-0.1905577,0.007876322,0.9416365,-0.3365394,0.2051111,0.3278725,0.922187,moving,21.08837,25.89754,4.9653,3.559247,0.2515966724642725,5.374095935138189,27.54909654378432,5.051007396291714,25.984486548575624
812,05/15/2023 18:38:03.882560,995,True,True,True,True,Eyes,1.433957,0.1119693,-3.760183,0.32531,0.4112379,0.8515027,0.0,0.0,0.0,0.0,0.0,0.0,0.0,-2.083101,-1.381234,3.149722,1.418558,0.1090508,-3.760807,-0.1694198,0.09897441,-0.02180825,0.9803191,340.8614,12.31158,355.3679,0.3558893,0.02796638,-0.9341093,0,0,0,1.719835,0.5050201,-2.832056,0.09151512,0.06312621,1.04775,0.9794569,-0.07629455,-0.1866634,0.009221643,0.9416427,-0.3364879,0.2014425,0.327854,0.9230021,moving,20.90897,25.77847,4.9918,3.447864,0.2475356682267601,5.355411998363106,27.422842032439597,5.113392554439261,25.888804726227136
813,05/15/2023 18:38:03.902361,996,True,True,True,True,Eyes,1.433838,0.1119146,-3.75993,0.3228264,0.4098547,0.8531133,0.0,0.0,0.0,0.0,0.0,0.0,0.0,-2.069217,-1.381306,3.158517,1.418375,0.1088953,-3.760618,-0.1691352,0.0970149,-0.02219299,0.9805555,340.8898,12.08125,355.3659,0.3559188,0.02795098,-0.9340985,0,0,0,1.715699,0.501884,-2.832038,0.09173638,0.06129885,1.045434,0.9801912,-0.07634017,-0.1827497,0.01070566,0.9418015,-0.335999,0.1977642,0.3273867,0.9239628,moving,20.72713,25.66067,5.014837,3.355688,0.2432007583352956,5.336889297047561,27.283481693841292,5.166591816874157,25.779813713393224
814,05/15/2023 18:38:03.913467,997,True,True,True,True,Eyes,1.433669,0.1118667,-3.759674,0.3204041,0.4084584,0.8546947,0.0,0.0,0.0,0.0,0.0,0.0,0.0,-2.055731,-1.378788,3.168069,1.418283,0.1089592,-3.760366,-0.1685381,0.09505144,-0.0223954,0.9808459,340.9519,11.84408,355.39,0.3559449,0.02793595,-0.9340889,0,0,0,1.711752,0.4988913,-2.832021,0.09215575,0.05999732,1.043025,0.9809273,-0.07597244,-0.1789125,0.01189333,0.9421867,-0.3348772,0.1940104,0.3263623,0.9251203,moving,20.54979,25.54313,5.049215,3.292162,0.2391740684658599,5.318443298028108,27.117769124093687,5.219416601668456,25.64367960997323
815,05/15/2023 18:38:03.932619,998,True,True,True,True,Eyes,1.433502,0.1118192,-3.759415,0.317949,0.4071217,0.8562479,0.0,0.0,0.0,0.0,0.0,0.0,0.0,-2.042453,-1.380098,3.175967,1.41817,0.1089678,-3.760314,-0.1684977,0.09315059,-0.02261733,0.98103,340.9503,11.61999,355.4024,0.3559668,0.02792144,-0.934081,0,0,0,1.707659,0.4957877,-2.832003,0.09227049,0.05740377,1.040859,0.9816229,-0.07576787,-0.1751451,0.01298526,0.9421939,-0.3348162,0.190389,0.326389,0.9258631,moving,20.37138,25.42977,5.065939,3.156688,0.2347530722929899,5.300588814113526,27.024927492653983,5.285514938852305,25.57991983889329
816,05/15/2023 18:38:03.952549,999,True,True,True,True,Eyes,1.433264,0.1117772,-3.759145,0.3155969,0.4057222,0.8577809,0.0,0.0,0.0,0.0,0.0,0.0,0.0,-2.030163,-1.381372,3.182888,1.418066,0.1089249,-3.760021,-0.1684965,0.0913997,-0.02281099,0.9811905,340.9445,11.41372,355.4146,0.355985,0.02790742,-0.9340745,0,0,0,1.703576,0.4926921,-2.831986,0.09212452,0.05483525,1.038531,0.9822515,-0.0755649,-0.1716737,0.01396282,0.9421771,-0.3348242,0.187048,0.3264846,0.9265102,moving,20.1997,25.3137,5.069242,3.022454,0.2310275548802939,5.28240359023865,26.941239903209354,5.340008536265165,25.524213968743123
817,05/15/2023 18:38:03.962365,1000,True,True,True,True,Eyes,1.433034,0.1117333,-3.758875,0.313208,0.4043547,0.8593009,0.0,0.0,0.0,0.0,0.0,0.0,0.0,-2.017045,-1.38008,3.191511,1.417987,0.1088676,-3.759827,-0.1681325,0.08949509,-0.02295581,0.9814251,340.9793,11.18489,355.4406,0.3559986,0.02789398,-0.9340698,0,0,0,1.699745,0.4897871,-2.831969,0.09249052,0.05317535,1.036351,0.9829274,-0.07515288,-0.1679462,0.01496477,0.942409,-0.3341278,0.1833846,0.3259101,0.9274443,moving,20.02637,25.19991,5.099927,2.93728,0.2270092597303782,5.264531691462074,26.803421332903547,5.400132196423296,25.41437603379755
818,05/15/2023 18:38:03.982281,1001,True,True,True,True,Eyes,1.432778,0.1116901,-3.758607,0.3108192,0.4029007,0.8608499,0.0,0.0,0.0,0.0,0.0,0.0,0.0,-2.004411,-1.379202,3.199575,1.417941,0.1087875,-3.759622,-0.1677622,0.08769915,-0.02326032,0.9816435,341.0172,10.97228,355.4453,0.356008,0.02788103,-0.9340667,0,0,0,1.695547,0.4866044,-2.831951,0.09217998,0.05132373,1.034046,0.9835356,-0.07509186,-0.1643742,0.01624152,0.9426296,-0.333445,0.179983,0.3252854,0.9283295,moving,19.85267,25.08085,5.094163,2.84148,0.2233628344661117,5.245899007419863,26.69088059367748,5.431935660131375,25.32945017374715
819,05/15/2023 18:38:04.002455,1002,True,True,True,True,Eyes,1.432526,0.1116379,-3.758339,0.308409,0.4014728,0.8623824,0.0,0.0,0.0,0.0,0.0,0.0,0.0,-1.992647,-1.376102,3.208052,1.417746,0.1087246,-3.759531,-0.1670449,0.0860506,-0.02361679,0.9819031,341.0963,10.77547,355.4453,0.3560131,0.02786854,-0.934065,0,0,0,1.691659,0.4836565,-2.831934,0.09195188,0.05035639,1.032011,0.9840751,-0.07512741,-0.1610966,0.01763017,0.9430766,-0.3321082,0.1768768,0.3239793,0.9293826,moving,19.67829,24.96383,5.09159,2.793498,0.2195124744596225,5.227553626302953,26.538565105902467,5.446261672634974,25.204363655028782
820,05/15/2023 18:38:04.022059,1003,True,True,True,True,Eyes,1.432262,0.111581,-3.75808,0.3060071,0.3999151,0.8639604,0.0,0.0,0.0,0.0,0.0,0.0,0.0,-1.982047,-1.373106,3.215536,1.417599,0.1084604,-3.759287,-0.1665402,0.08450609,-0.02366351,0.9821218,341.1479,10.587,355.4771,0.3560145,0.02785623,-0.9340649,0,0,0,1.687588,0.4805693,-2.831917,0.09143442,0.04892468,1.029865,0.9845976,-0.07462821,-0.1581087,0.01833358,0.9434088,-0.331125,0.1738724,0.3231261,0.9302461,moving,19.50369,24.83875,5.073583,2.719844,0.2162560596684367,5.208047714095468,26.409732877639733,5.457543653339775,25.102844401452256
821,05/15/2023 18:38:04.032353,1004,True,True,True,True,Eyes,1.432006,0.1115292,-3.757824,0.3035908,0.3983642,0.8655279,0.0,0.0,0.0,0.0,0.0,0.0,0.0,-1.971837,-1.365644,3.224927,1.41743,0.1082792,-3.759315,-0.1654204,0.08296448,-0.02359067,0.9824442,341.2694,10.39151,355.5305,0.3560122,0.02784397,-0.9340662,0,0,0,1.683659,0.4775907,-2.8319,0.09106764,0.04865099,1.027963,0.9851208,-0.07380106,-0.1552113,0.018905,0.9441592,-0.328947,0.1708209,0.3211183,0.931506,moving,19.32872,24.71452,5.062641,2.709649,0.2129083570212427,5.1886607540152845,26.224708916609202,5.446595816188279,24.94477724773931
822,05/15/2023 18:38:04.042435,1005,True,True,True,True,Eyes,1.43175,0.1114758,-3.75758,0.3011508,0.3967249,0.8671318,0.0,0.0,0.0,0.0,0.0,0.0,0.0,-1.962029,-1.360787,3.232794,1.417399,0.1083584,-3.759187,-0.1646035,0.08151141,-0.02363125,0.982702,341.3576,10.21161,355.5645,0.3560067,0.02783188,-0.9340687,0,0,0,1.679161,0.4741797,-2.83188,0.0898402,0.04715399,1.025646,0.985595,-0.07327908,-0.1524233,0.01961079,0.9446945,-0.3273649,0.1679825,0.31966,0.9325232,moving,19.15187,24.58475,5.005979,2.632317,0.2098429301441996,5.16846100005325,26.115427371639353,5.425398380725413,24.862246621888044
823,05/15/2023 18:38:04.062277,1006,True,True,True,True,Eyes,1.431499,0.1114258,-3.757339,0.2987162,0.3951343,0.8686988,0.0,0.0,0.0,0.0,0.0,0.0,0.0,-1.95147,-1.357225,3.240716,1.417282,0.1082764,-3.759272,-0.1638951,0.08000574,-0.0238594,0.9829387,341.435,10.03009,355.5756,0.3559982,0.02781989,-0.9340723,0,0,0,1.675599,0.4714791,-2.831865,0.08954382,0.0462696,1.023996,0.9860596,-0.07312976,-0.1494606,0.02067956,0.9451382,-0.3260154,0.1651024,0.3183799,0.933475,moving,18.97637,24.45878,4.997546,2.58717,0.2065882906602926,5.148819286612806,25.957173274743845,5.432800644261253,24.730570218097736
824,05/15/2023 18:38:04.082432,1007,True,True,True,True,Eyes,1.431246,0.1113767,-3.757103,0.2962704,0.3934804,0.8702856,0.0,0.0,0.0,0.0,0.0,0.0,0.0,-1.943264,-1.355786,3.246022,1.417155,0.1083088,-3.759127,-0.1636256,0.07881728,-0.02385073,0.9830797,341.4608,9.885614,355.6031,0.3559871,0.02780808,-0.9340768,0,0,0,1.671842,0.4686306,-2.831849,0.08858192,0.0441882,1.022125,0.9864379,-0.07268736,-0.1471621,0.0211013,0.9453156,-0.3254737,0.1627725,0.3179543,0.934029,moving,18.80006,24.32905,4.953131,2.475452,0.2035591842074408,5.128630001908173,25.87116518977537,5.440384723820594,24.670840982060767
825,05/15/2023 18:38:04.092580,1008,True,True,True,True,Eyes,1.430999,0.1113312,-3.756868,0.2938284,0.3918976,0.8718264,0.0,0.0,0.0,0.0,0.0,0.0,0.0,-1.934057,-1.353667,3.252302,1.417089,0.1082792,-3.759068,-0.1632777,0.07745805,-0.02379013,0.983247,341.4943,9.719152,355.6409,0.3559736,0.02779644,-0.9340823,0,0,0,1.667665,0.4654634,-2.831831,0.08750674,0.04198095,1.020156,0.9868686,-0.0720775,-0.144552,0.0214888,0.9455489,-0.32477,0.1600896,0.3173991,0.9346813,moving,18.62517,24.20455,4.902707,2.356479,0.2002377442639477,5.109204929045637,25.800081341100654,5.4489188965870055,24.625232747879362
826,05/15/2023 18:38:04.112804,1009,True,True,True,True,Eyes,1.430766,0.1112719,-3.756636,0.2914089,0.3902499,0.8733761,0.0,0.0,0.0,0.0,0.0,0.0,0.0,-1.924832,-1.355469,3.256772,1.417015,0.1083145,-3.758879,-0.1633479,0.07619452,-0.02404956,0.9833279,341.4831,9.573657,355.6338,0.355958,0.02778505,-0.9340886,0,0,0,1.663699,0.4624566,-2.831814,0.08633417,0.03914382,1.018201,0.987232,-0.07218962,-0.1419914,0.02240478,0.9454781,-0.3249139,0.1577052,0.3175841,0.9350237,moving,18.45169,24.07648,4.846567,2.2016,0.1972892206226303,5.089278998757814,25.76062396098994,5.473068049063442,24.61099310326368
827,05/15/2023 18:38:04.132329,1010,True,True,True,True,Eyes,1.430532,0.1112088,-3.756405,0.2889916,0.388584,0.8749207,0.0,0.0,0.0,0.0,0.0,0.0,0.0,-1.915856,-1.354533,3.262088,1.416733,0.1079788,-3.758683,-0.163001,0.0750145,-0.02447068,0.9834657,341.522,9.437971,355.6107,0.3559408,0.02777352,-0.9340954,0,0,0,1.659695,0.4594201,-2.831796,0.08505985,0.03752552,1.016374,0.9875481,-0.07258701,-0.1395708,0.02367726,0.9456637,-0.3242832,0.1555258,0.3169405,0.935607,moving,18.2787,23.94774,4.78391,2.114456,0.1944271064616848,5.069261039714071,25.667131654486756,5.45840874731826,24.542205051657213
828,05/15/2023 18:38:04.152287,1011,True,True,True,True,Eyes,1.430278,0.1111459,-3.75618,0.2866229,0.3868051,0.8764868,0.0,0.0,0.0,0.0,0.0,0.0,0.0,-1.907297,-1.346964,3.269932,1.416522,0.1078405,-3.758508,-0.1618246,0.07377505,-0.02455476,0.9837516,341.6532,9.28229,355.6382,0.3559223,0.02776179,-0.9341029,0,0,0,1.655469,0.456216,-2.831778,0.08375621,0.03712918,1.014346,0.9879086,-0.07218882,-0.1372056,0.02443433,0.9464198,-0.3220133,0.1531,0.3147672,0.9367402,moving,18.10843,23.8125,4.720299,2.096323,0.1922551035161747,5.048332490549557,25.511456155392032,5.405325296481154,24.410826989556764
829,05/15/2023 18:38:04.162231,1012,True,True,True,True,Eyes,1.430028,0.1110719,-3.755951,0.2842442,0.3850202,0.8780459,0.0,0.0,0.0,0.0,0.0,0.0,0.0,-1.897572,-1.341006,3.277918,1.416262,0.1077738,-3.758511,-0.1609519,0.07233989,-0.02443671,0.9840043,341.7466,9.10196,355.6896,0.3559019,0.02774988,-0.934111,0,0,0,1.651599,0.4532819,-2.831761,0.08328381,0.0362042,1.01261,0.9883395,-0.07137814,-0.1344993,0.02480517,0.9469946,-0.3202903,0.1502318,0.3132193,0.9377228,moving,17.93799,23.67729,4.701805,2.047644,0.1900684429824938,5.027406768105156,25.358197480095882,5.4069171358653065,24.282135661973637
830,05/15/2023 18:38:04.182450,1013,True,True,True,True,Eyes,1.429798,0.1109924,-3.755729,0.2818234,0.3830778,0.8796743,0.0,0.0,0.0,0.0,0.0,0.0,0.0,-1.889381,-1.331986,3.285912,1.416132,0.1074419,-3.758217,-0.1597988,0.0710533,-0.02410149,0.9842942,341.8712,8.933377,355.7666,0.3558801,0.02773752,-0.9341196,0,0,0,1.64753,0.4501965,-2.831744,0.08229369,0.03595476,1.0106,0.9887411,-0.07015438,-0.1321719,0.02473745,0.9477669,-0.3180031,0.1475775,0.3111531,0.9388316,moving,17.76402,23.53201,4.655354,2.037589,0.1883866569883935,5.005002653405649,25.176323369880617,5.362773632547847,24.124992496329508
831,05/15/2023 18:38:04.202116,1014,True,True,True,True,Eyes,1.429569,0.1109113,-3.75551,0.2793733,0.3811059,0.8813108,0.0,0.0,0.0,0.0,0.0,0.0,0.0,-1.879694,-1.320875,3.295727,1.415899,0.1073046,-3.758124,-0.1581963,0.069599,-0.02398971,0.9846597,342.0492,8.74601,355.8247,0.3558572,0.02772463,-0.9341287,0,0,0,1.643387,0.4470555,-2.831726,0.08154562,0.03639001,1.008673,0.989161,-0.06926401,-0.1294726,0.02522279,0.9487968,-0.3148784,0.1446529,0.3081997,0.9402598,moving,17.58848,23.38514,4.621995,2.06617,0.1867108016911617,4.982356258438006,24.95251921382138,5.308096477426793,23.925879072708227
832,05/15/2023 18:38:04.212439,1015,True,True,True,True,Eyes,1.429377,0.1108211,-3.755298,0.2768321,0.3790447,0.8830001,0.0,0.0,0.0,0.0,0.0,0.0,0.0,-1.869339,-1.309671,3.305873,1.41573,0.1072025,-3.758015,-0.1566375,0.06801558,-0.02374118,0.9850255,342.2205,8.541479,355.9002,0.3558335,0.0277112,-0.9341381,0,0,0,1.639477,0.4440905,-2.831709,0.08125919,0.03684041,1.006796,0.9896205,-0.06807891,-0.1265566,0.02546376,0.949802,-0.3118134,0.1414316,0.3053544,0.9416772,moving,17.40689,23.23235,4.614378,2.095617,0.185042129421327,4.958806001580606,24.706473750485582,5.274169841137758,23.705354194397128
833,05/15/2023 18:38:04.232429,1016,True,True,True,True,Eyes,1.429187,0.1107275,-3.755082,0.27427,0.3769541,0.8846928,0.0,0.0,0.0,0.0,0.0,0.0,0.0,-1.858953,-1.301323,3.314776,1.415533,0.1070042,-3.757885,-0.1553273,0.06653205,-0.02388831,0.9853306,342.367,8.358288,355.9237,0.3558098,0.02769705,-0.9341475,0,0,0,1.635422,0.441016,-2.831692,0.08050188,0.03687154,1.004944,0.9900057,-0.06774426,-0.1236912,0.02640729,0.9506056,-0.3092761,0.1385333,0.3029187,0.9428938,moving,17.22433,23.07812,4.579946,2.101247,0.1834117554973428,4.935040270356964,24.49305304770283,5.230668949781182,23.516995951469763
834,05/15/2023 18:38:04.252657,1017,True,True,True,True,Eyes,1.428998,0.1106325,-3.754869,0.2716822,0.3747891,0.8864096,0.0,0.0,0.0,0.0,0.0,0.0,0.0,-1.849065,-1.289429,3.324562,1.415389,0.1068459,-3.75761,-0.1537164,0.06500998,-0.02359257,0.9856919,342.5444,8.160673,356.0029,0.3557862,0.02768218,-0.934157,0,0,0,1.631447,0.4380026,-2.831674,0.08001888,0.03743872,1.002945,0.9904342,-0.06649621,-0.1209065,0.02652381,0.9516293,-0.3061015,0.1354128,0.2999665,0.9442899,moving,17.04016,22.91947,4.561617,2.137789,0.1819985702490983,4.910625102614197,24.240303228066477,5.183596979142422,23.289422006887317
835,05/15/2023 18:38:04.272484,1018,True,True,True,True,Eyes,1.428809,0.1105414,-3.754653,0.2690746,0.3726109,0.8881216,0.0,0.0,0.0,0.0,0.0,0.0,0.0,-1.838995,-1.278563,3.334048,1.415113,0.10676,-3.757467,-0.1521814,0.06351477,-0.02342819,0.9860314,342.7144,7.969604,356.0645,0.3557625,0.02766662,-0.9341664,0,0,0,1.627426,0.4349536,-2.831657,0.07949796,0.037736,1.001083,0.990834,-0.06553341,-0.1181244,0.02687036,0.9525839,-0.3030874,0.1323858,0.2971352,0.9456135,moving,16.85526,22.76045,4.54044,2.158751,0.1805601942430502,4.88615036828537,24.001766462471068,5.1426898832002985,23.075766173578767
836,05/15/2023 18:38:04.282599,1019,True,True,True,True,Eyes,1.428658,0.1104398,-3.754439,0.2663995,0.3704413,0.8898339,0.0,0.0,0.0,0.0,0.0,0.0,0.0,-1.82917,-1.267672,3.343279,1.414937,0.1067762,-3.757249,-0.1507324,0.06200433,-0.02305093,0.9863589,342.8728,7.773921,356.1501,0.355739,0.02765053,-0.9341758,0,0,0,1.623458,0.4319445,-2.83164,0.07904494,0.03775297,0.9991465,0.9912482,-0.06416512,-0.1153681,0.02678085,0.9534968,-0.3002111,0.1292661,0.2944941,0.9468704,moving,16.66671,22.60215,4.523388,2.163904,0.1788013684682329,4.861747233232102,23.773560287685143,5.1140777379680875,22.872447520866448
837,05/15/2023 18:38:04.302566,1020,True,True,True,True,Eyes,1.428503,0.1103368,-3.754218,0.2637022,0.3682249,0.8915557,0.0,0.0,0.0,0.0,0.0,0.0,0.0,-1.819191,-1.261086,3.350788,1.414712,0.1065083,-3.756969,-0.1499124,0.06051898,-0.02274229,0.9865833,342.9594,7.586866,356.2207,0.3557163,0.0276337,-0.934185,0,0,0,1.618842,0.4284445,-2.83162,0.07794443,0.03632081,0.9970907,0.9916405,-0.06301941,-0.1125953,0.02672924,0.9540181,-0.2985548,0.1262327,0.2930495,0.9477274,moving,16.47704,22.44131,4.469827,2.086179,0.1771531584571705,4.836969190150846,23.63270027006076,5.0984208712204415,22.75606988151734
838,05/15/2023 18:38:04.312338,1021,True,True,True,True,Eyes,1.428351,0.1102343,-3.753993,0.26093,0.3660053,0.8932837,0.0,0.0,0.0,0.0,0.0,0.0,0.0,-1.808573,-1.247207,3.361219,1.414495,0.1063938,-3.756612,-0.1480194,0.05891383,-0.02245492,0.9869727,343.1698,7.379558,356.3002,0.3556944,0.02761617,-0.9341939,0,0,0,1.615295,0.4257557,-2.831605,0.07805562,0.03772439,0.9952068,0.9920499,-0.06176557,-0.1096451,0.02688403,0.9551721,-0.2948281,0.1229402,0.2895364,0.9492389,moving,16.28319,22.28039,4.484616,2.170819,0.1752064232332483,4.812143116048509,23.315256683929455,5.054463768427708,22.463527372066622
839,05/15/2023 18:38:04.332800,1022,True,True,True,True,Eyes,1.428205,0.1101363,-3.753761,0.258134,0.3637969,0.8949965,0.0,0.0,0.0,0.0,0.0,0.0,0.0,-1.797975,-1.237449,3.370115,1.414337,0.1063213,-3.75633,-0.1468832,0.05725333,-0.02177753,0.9872555,343.2899,7.164073,356.4192,0.3556732,0.02759802,-0.9342025,0,0,0,1.611218,0.4226646,-2.831587,0.07785711,0.03704444,0.9932518,0.9924957,-0.05981907,-0.1066498,0.02618086,0.9559022,-0.2925161,0.1194449,0.2875287,0.9502948,moving,16.08857,22.12069,4.482026,2.13592,0.1731112524169732,4.787485685004024,23.110666272888718,5.059401830634662,22.28349090625859
840,05/15/2023 18:38:04.352677,1023,True,True,True,True,Eyes,1.428064,0.1100271,-3.753528,0.2552751,0.3615414,0.8967287,0.0,0.0,0.0,0.0,0.0,0.0,0.0,-1.78595,-1.230486,3.378664,1.41434,0.1063442,-3.755985,-0.1458009,0.05552548,-0.02183154,0.9875134,343.4091,6.953907,356.4519,0.3556529,0.02757943,-0.9342108,0,0,0,1.607129,0.4195642,-2.831569,0.07734969,0.03635955,0.9912185,0.9928806,-0.05930921,-0.1032982,0.02692654,0.956531,-0.2903851,0.1160305,0.2855363,0.9513181,moving,15.89026,21.95822,4.462031,2.100763,0.1709568381947052,4.762397823343691,22.911198497313276,5.049516550616387,22.10842892816888
841,05/15/2023 18:38:04.362352,1024,True,True,True,True,Eyes,1.427922,0.1099194,-3.753286,0.2523891,0.3592613,0.8984604,0.0,0.0,0.0,0.0,0.0,0.0,0.0,-1.774554,-1.21946,3.388243,1.414102,0.1060181,-3.755714,-0.1441683,0.05391318,-0.02194351,0.9878399,343.5927,6.755487,356.4799,0.3556336,0.02756017,-0.9342187,0,0,0,1.603191,0.4165778,-2.831553,0.07692525,0.03719272,0.9894317,0.9932237,-0.05889849,-0.1001881,0.02780822,0.957468,-0.2871964,0.1128423,0.2824642,0.9526178,moving,15.69073,21.79465,4.445627,2.152734,0.1687967748516342,4.737141176737188,22.633099779563228,4.997042848516841,21.854356234907705
842,05/15/2023 18:38:04.382330,1025,True,True,True,True,Eyes,1.42778,0.1098112,-3.753042,0.2494043,0.3569512,0.9002129,0.0,0.0,0.0,0.0,0.0,0.0,0.0,-1.761942,-1.208633,3.398157,1.413944,0.1059637,-3.755294,-0.1425767,0.05210552,-0.02194878,0.9881676,343.7701,6.532727,356.5227,0.3556151,0.02754035,-0.9342263,0,0,0,1.599227,0.4135727,-2.831535,0.07683977,0.03768094,0.9874005,0.9936066,-0.0582362,-0.09671916,0.02852007,0.9583803,-0.2840666,0.1092367,0.2794921,0.9539138,moving,15.48541,21.62925,4.449805,2.185447,0.1663533110547391,4.711570869590339,22.357237146365694,4.9728523179400845,21.602916514489767
843,05/15/2023 18:38:04.402543,1026,True,True,True,True,Eyes,1.427638,0.1097028,-3.752788,0.2463976,0.354648,0.9019495,0.0,0.0,0.0,0.0,0.0,0.0,0.0,-1.748737,-1.197689,3.40847,1.413733,0.1058817,-3.755045,-0.140937,0.05023494,-0.02202241,0.9884982,343.9534,6.303782,356.558,0.3555974,0.02752,-0.9342337,0,0,0,1.595132,0.4104675,-2.831518,0.07674778,0.03815132,0.9855118,0.993983,-0.05769815,-0.0931068,0.02937829,0.9593036,-0.2808444,0.1055218,0.2764193,0.9552264,moving,15.27944,21.46483,4.452982,2.216938,0.1637883186250669,4.686135754737913,22.083784532308496,4.949153461790148,21.353472141743666
844,05/15/2023 18:38:04.422112,1027,True,True,True,True,Eyes,1.427496,0.1095856,-3.752529,0.2433072,0.3523278,0.9036962,0.0,0.0,0.0,0.0,0.0,0.0,0.0,-1.736683,-1.18875,3.417233,1.41364,0.1057806,-3.754611,-0.139723,0.04847494,-0.0218164,0.9887627,344.0862,6.085942,356.6206,0.3555805,0.02749919,-0.9342407,0,0,0,1.591086,0.4073995,-2.8315,0.07648236,0.03779314,0.9835216,0.9943484,-0.05668862,-0.089764,0.02959634,0.960003,-0.278421,0.1019569,0.2741908,0.9562553,moving,15.06874,21.29953,4.446587,2.200585,0.1609452682199627,4.660532803777406,21.854057620232314,4.941464180835867,21.147725699173268
845,05/15/2023 18:38:04.432318,1028,True,True,True,True,Eyes,1.427352,0.1094665,-3.752265,0.2402048,0.3499995,0.9054292,0.0,0.0,0.0,0.0,0.0,0.0,0.0,-1.72439,-1.177485,3.426837,1.413399,0.1054821,-3.754248,-0.1382131,0.04669163,-0.0215953,0.9890656,344.2532,5.863907,356.6868,0.3555644,0.02747775,-0.9342475,0,0,0,1.587148,0.4044141,-2.831483,0.07648093,0.03826408,0.9816982,0.994707,-0.05562512,-0.08639253,0.02981155,0.9608616,-0.2754202,0.09833163,0.271387,0.9574341,moving,14.85795,21.13433,4.454731,2.232113,0.1580880919447412,4.634943441054267,21.575930410460867,4.922878670838699,20.8932193274437
846,05/15/2023 18:38:04.452523,1029,True,True,True,True,Eyes,1.427232,0.1093518,-3.752,0.237,0.3476966,0.9071593,0.0,0.0,0.0,0.0,0.0,0.0,0.0,-1.712629,-1.167371,3.43572,1.413219,0.1053286,-3.753897,-0.136814,0.04499969,-0.02146024,0.9893415,344.4083,5.655005,356.7399,0.355549,0.02745568,-0.934254,0,0,0,1.582947,0.4012285,-2.831465,0.0759587,0.03817338,0.9798052,0.995029,-0.05477619,-0.08316807,0.03014982,0.9616427,-0.272643,0.09491232,0.2687802,0.9585139,moving,14.64156,20.97086,4.432948,2.231125,0.1546919411856552,4.609553820965712,21.339949082337778,4.894936011959911,20.680529863464802
847,05/15/2023 18:38:04.462459,1030,True,True,True,True,Eyes,1.42711,0.1092243,-3.751727,0.2337908,0.3454114,0.9088634,0.0,0.0,0.0,0.0,0.0,0.0,0.0,-1.699949,-1.159117,3.444436,1.413128,0.1053696,-3.753597,-0.1356552,0.04317483,-0.02130439,0.9895858,344.5353,5.431612,356.7953,0.3555347,0.02743317,-0.9342601,0,0,0,1.579163,0.3983594,-2.831449,0.07601231,0.03771707,0.9780425,0.9953641,-0.05387881,-0.07967028,0.03045129,0.9622876,-0.2703245,0.09123051,0.2666452,0.9594672,moving,14.42569,20.80918,4.444027,2.208451,0.151198214635564,4.584426054239238,21.10973035301517,4.906489217232689,20.473435739095827
848,05/15/2023 18:38:04.482534,1031,True,True,True,True,Eyes,1.427032,0.109108,-3.751462,0.230511,0.3430736,0.910585,0.0,0.0,0.0,0.0,0.0,0.0,0.0,-1.688012,-1.151895,3.45218,1.412994,0.104949,-3.753162,-0.1346389,0.04149953,-0.02132931,0.9897956,344.6473,5.22967,356.8257,0.3555215,0.02740994,-0.9342658,0,0,0,1.575119,0.3952935,-2.831431,0.07548693,0.03728697,0.97626,0.9956457,-0.05339822,-0.07640865,0.0310484,0.9628348,-0.2683003,0.08789569,0.2647597,0.9603003,moving,14.20577,20.64449,4.421459,2.187274,0.1476371759955236,4.558830211164778,20.890226523792823,4.88772256230355,20.27666401702315
849,05/15/2023 18:38:04.502201,1032,True,True,True,True,Eyes,1.426948,0.1089953,-3.751196,0.2272354,0.3408182,0.9122539,0.0,0.0,0.0,0.0,0.0,0.0,0.0,-1.674991,-1.138831,3.462728,1.412899,0.1052065,-3.753088,-0.1325545,0.03970182,-0.02168071,0.9901431,344.884,5.013617,356.8256,0.3555101,0.02738632,-0.9342709,0,0,0,1.571038,0.392199,-2.831414,0.07498431,0.03824057,0.9745617,0.9959074,-0.05345931,-0.07287315,0.03240871,0.9639186,-0.2642173,0.08436868,0.2607742,0.9617062,moving,13.98728,20.4857,4.399759,2.247061,0.1437338273464822,4.534094978447408,20.605060337154125,4.831591320551997,20.013357760495847
850,05/15/2023 18:38:04.512442,1033,True,True,True,True,Eyes,1.426892,0.1088749,-3.75092,0.223894,0.3385558,0.9139209,0.0,0.0,0.0,0.0,0.0,0.0,0.0,-1.663072,-1.138439,3.468214,1.412707,0.1051769,-3.752807,-0.1324025,0.03808856,-0.02180881,0.9902239,344.897,4.82501,356.8366,0.3555003,0.02736245,-0.9342753,0,0,0,1.567244,0.3893219,-2.831397,0.07461947,0.03589007,0.9730149,0.9961473,-0.05327725,-0.06965742,0.03310516,0.9639879,-0.2638776,0.08120757,0.2605549,0.9620377,moving,13.76532,20.32681,4.385369,2.112422,0.1395852018780298,4.509315044808047,20.48773806394803,4.875630864682457,19.918065461797937
851,05/15/2023 18:38:04.532363,1034,True,True,True,True,Eyes,1.426834,0.1087613,-3.750644,0.2205548,0.3363179,0.9155577,0.0,0.0,0.0,0.0,0.0,0.0,0.0,-1.651435,-1.129597,3.476067,1.412622,0.104928,-3.752301,-0.1311989,0.03643095,-0.02171204,0.9904485,345.0302,4.622968,356.8807,0.3554926,0.02733815,-0.934279,0,0,0,1.563126,0.3861996,-2.831379,0.07396322,0.03556086,0.9711469,0.9964028,-0.05256872,-0.0664689,0.03344991,0.9646308,-0.2614736,0.07786331,0.2583097,0.9629192,moving,13.5443,20.17013,4.355278,2.097085,0.1353378189714508,4.4848610092632,20.274937259792175,4.848646141127662,19.726379473693974
852,05/15/2023 18:38:04.552304,1035,True,True,True,True,Eyes,1.426777,0.1086454,-3.750364,0.2172064,0.3340949,0.9171706,0.0,0.0,0.0,0.0,0.0,0.0,0.0,-1.639794,-1.123363,3.48329,1.41254,0.1049843,-3.752051,-0.1302934,0.03479189,-0.02166114,0.9906281,345.1294,4.425371,356.9169,0.3554866,0.02731365,-0.9342819,0,0,0,1.558998,0.3830703,-2.831362,0.07324237,0.03428231,0.9694899,0.9966407,-0.05198257,-0.063287,0.03384998,0.9651088,-0.2596519,0.0745762,0.2566374,0.9636263,moving,13.32345,20.01501,4.320336,2.025203,0.1309847634554548,4.4606327062228734,20.116888864688917,4.84582104881001,19.588952885975953
853,05/15/2023 18:38:04.562174,1036,True,True,True,True,Eyes,1.426717,0.108528,-3.750083,0.2138697,0.3318819,0.9187568,0.0,0.0,0.0,0.0,0.0,0.0,0.0,-1.628621,-1.116784,3.490227,1.412467,0.1048241,-3.751699,-0.1293305,0.03323713,-0.02172056,0.9908063,345.236,4.239287,356.9388,0.3554824,0.0272889,-0.9342843,0,0,0,1.555186,0.3801798,-2.831345,0.07260358,0.03360108,0.9679052,0.996847,-0.05163888,-0.06024484,0.03444459,0.9656037,-0.2577267,0.07148135,0.254839,0.9643378,moving,13.10404,19.86121,4.289783,1.988239,0.1266367381022461,4.4366067353695176,19.92822668550541,4.829729947476535,19.420331341377768
854,05/15/2023 18:38:04.582448,1037,True,True,True,True,Eyes,1.426673,0.1084095,-3.749803,0.2105193,0.32965,0.9203328,0.0,0.0,0.0,0.0,0.0,0.0,0.0,-1.616577,-1.111049,3.497337,1.412333,0.104701,-3.751462,-0.1283129,0.03164065,-0.02217175,0.9909808,345.3503,4.054125,356.9153,0.3554796,0.0272639,-0.9342861,0,0,0,1.551105,0.3770856,-2.831328,0.07171044,0.03282663,0.9663741,0.9970146,-0.05206336,-0.05702068,0.03582374,0.9660885,-0.2557143,0.06840032,0.2529082,0.9650694,moving,12.88432,19.7068,4.243893,1.945525,0.1223122887280165,4.41249036902212,19.751452310348068,4.8034722536394145,19.263057739612126
855,05/15/2023 18:38:04.602230,1038,True,True,True,True,Eyes,1.426623,0.1082875,-3.749521,0.20717,0.3274357,0.921882,0.0,0.0,0.0,0.0,0.0,0.0,0.0,-1.604548,-1.103853,3.504829,1.412187,0.1046066,-3.751223,-0.1271423,0.03002357,-0.02249966,0.9911748,345.4817,3.864118,356.9068,0.3554785,0.02723863,-0.9342872,0,0,0,1.546975,0.3739541,-2.83131,0.07085106,0.03224988,0.9648283,0.9971848,-0.05223671,-0.05379591,0.03696765,0.9666572,-0.2533915,0.06523854,0.2506894,0.9658668,moving,12.66539,19.55412,4.199912,1.914428,0.1179144781244417,4.388629590830302,19.565864448660275,4.773298364932303,19.09644317410542
856,05/15/2023 18:38:04.612909,1039,True,True,True,True,Eyes,1.426579,0.108162,-3.749238,0.20379,0.3252063,0.9234233,0.0,0.0,0.0,0.0,0.0,0.0,0.0,-1.59261,-1.096833,3.512046,1.411986,0.1044083,-3.750908,-0.1261668,0.02836925,-0.02246348,0.991349,345.589,3.665268,356.9403,0.3554788,0.02721304,-0.9342878,0,0,0,1.543007,0.3709448,-2.831293,0.07038489,0.03146416,0.9633042,0.9973812,-0.05169681,-0.05057935,0.0373798,0.9671547,-0.2514252,0.06191593,0.2488761,0.9665543,moving,12.44511,19.40097,4.178954,1.870772,0.1134538678271227,4.364689452757167,19.381361586213185,4.7694774961063064,18.930844662211012
857,05/15/2023 18:38:04.632759,1040,True,True,True,True,Eyes,1.426532,0.1080449,-3.748961,0.2004175,0.3229801,0.9249414,0.0,0.0,0.0,0.0,0.0,0.0,0.0,-1.580673,-1.088582,3.519734,1.411978,0.1042252,-3.750669,-0.1249923,0.02669561,-0.02248444,0.9915437,345.7195,3.464364,356.9678,0.3554805,0.02718707,-0.934288,0,0,0,1.539123,0.3679999,-2.831276,0.06980756,0.0310919,0.9618666,0.9975636,-0.05126209,-0.04731895,0.03791514,0.9677427,-0.2490712,0.05856052,0.2466702,0.9673286,moving,12.22592,19.24868,4.15097,1.851415,0.1090075971291761,4.340882463987239,19.17992823194928,4.747094724194193,18.747690703812108
858,05/15/2023 18:38:04.652615,1041,True,True,True,True,Eyes,1.426496,0.1079315,-3.748682,0.1970156,0.3207866,0.9264344,0.0,0.0,0.0,0.0,0.0,0.0,0.0,-1.568588,-1.081686,3.52712,1.41187,0.104331,-3.750577,-0.1238641,0.02506396,-0.0227547,0.9917216,345.8456,3.272391,356.9648,0.3554833,0.02716097,-0.9342877,0,0,0,1.534872,0.3647771,-2.831258,0.06882796,0.03006741,0.9604515,0.9977081,-0.05134171,-0.044076,0.03892361,0.9682798,-0.2468179,0.05534995,0.2445367,0.968059,moving,12.00567,19.09889,4.098928,1.793087,0.1042948901278831,4.317425581178125,19.026491703132585,4.725397227208625,18.611930633913097
859,05/15/2023 18:38:04.662456,1042,True,True,True,True,Eyes,1.426449,0.1078054,-3.748403,0.1936129,0.3186104,0.9279016,0.0,0.0,0.0,0.0,0.0,0.0,0.0,-1.556573,-1.079092,3.532876,1.411782,0.1043386,-3.750275,-0.1233685,0.02345458,-0.02299815,0.9918171,345.8986,3.085245,356.9617,0.3554873,0.02713484,-0.9342869,0,0,0,1.531077,0.3618996,-2.831241,0.06825382,0.02830392,0.9590268,0.997842,-0.05140703,-0.04085074,0.03983282,0.9685026,-0.2457968,0.05219972,0.2436391,0.9684601,moving,11.78605,18.95076,4.070869,1.690489,0.0995024609052697,4.294212825845885,18.906109405591675,4.748803001717253,18.508991320943498
860,05/15/2023 18:38:04.682603,1043,True,True,True,True,Eyes,1.426408,0.1076811,-3.748126,0.1901608,0.3164066,0.9293684,0.0,0.0,0.0,0.0,0.0,0.0,0.0,-1.543815,-1.072469,3.540126,1.411518,0.1039219,-3.750048,-0.1224211,0.02173072,-0.02311059,0.9919712,346.0029,2.881092,356.977,0.3554923,0.02710836,-0.9342858,0,0,0,1.527074,0.3588642,-2.831224,0.06786287,0.02762748,0.9577147,0.9979874,-0.05117068,-0.03745411,0.04052947,0.9689579,-0.2438809,0.04877102,0.2418721,0.9690817,moving,11.56384,18.80132,4.053157,1.65237,0.0946204489135448,4.2707891253602,18.72156097201804,4.746170070945575,18.341699633623502
861,05/15/2023 18:38:04.702407,1044,True,True,True,True,Eyes,1.426358,0.1075549,-3.747854,0.1866921,0.3142064,0.930817,0.0,0.0,0.0,0.0,0.0,0.0,0.0,-1.52978,-1.065455,3.548062,1.411399,0.1038666,-3.749845,-0.121359,0.01981792,-0.02324351,0.9921386,346.12,2.654795,356.9927,0.3554982,0.02708162,-0.9342843,0,0,0,1.522867,0.3556749,-2.831206,0.06749272,0.02666064,0.9562762,0.998134,-0.05093173,-0.0336827,0.04131139,0.9694635,-0.2417311,0.04496598,0.2398885,0.9697585,moving,11.34122,18.65261,4.037167,1.596972,0.0896533159531969,4.247466777668289,18.553813026271794,4.754785678890652,18.190832321610028
862,05/15/2023 18:38:04.712465,1045,True,True,True,True,Eyes,1.426317,0.1074329,-3.747579,0.1831426,0.3120142,0.9322585,0.0,0.0,0.0,0.0,0.0,0.0,0.0,-1.515202,-1.057977,3.556358,1.411162,0.1037121,-3.74976,-0.1202196,0.01785731,-0.02343811,0.99231,346.246,2.423646,357.0015,0.3555048,0.0270546,-0.9342826,0,0,0,1.518502,0.3523647,-2.831187,0.06714153,0.02579172,0.954962,0.9982635,-0.05080932,-0.02980445,0.04222213,0.9699959,-0.2394273,0.04107541,0.2377531,0.9704567,moving,11.11425,18.50469,4.021738,1.547075,0.0843094295213944,4.224219973945033,18.381089003602835,4.761349489287711,18.03479859126734
863,05/15/2023 18:38:04.732494,1046,True,True,True,True,Eyes,1.426263,0.1073014,-3.74731,0.17956,0.3098365,0.9336807,0.0,0.0,0.0,0.0,0.0,0.0,0.0,-1.500807,-1.053833,3.56333,1.411044,0.1037197,-3.749467,-0.1195456,0.01591632,-0.02359297,0.9924208,346.3183,2.196087,357.0128,0.3555121,0.02702741,-0.9342806,0,0,0,1.514747,0.3495177,-2.831171,0.0672583,0.02437763,0.9535822,0.9983801,-0.05063374,-0.02595036,0.04302287,0.9703044,-0.2380301,0.0372321,0.236528,0.970911,moving,10.88588,18.35813,4.034519,1.464406,0.0787606068533667,4.201156432094792,18.23016890049286,4.810179559280616,17.900450531692815
864,05/15/2023 18:38:04.752608,1047,True,True,True,True,Eyes,1.426211,0.1071736,-3.74704,0.1759387,0.3075882,0.9351123,0.0,0.0,0.0,0.0,0.0,0.0,0.0,-1.484133,-1.047195,3.572052,1.410679,0.1033792,-3.749416,-0.1185451,0.0136973,-0.02379384,0.9925691,346.4274,1.935564,357.0232,0.3555197,0.02699985,-0.9342785,0,0,0,1.510702,0.3464506,-2.831153,0.06781253,0.02367203,0.9524366,0.9984925,-0.05048155,-0.02154981,0.04398654,0.9707618,-0.2359802,0.03283241,0.2346765,0.9715189,moving,10.65547,18.20768,4.07253,1.423746,0.073357530447885,4.177515882140833,18.02874204041857,4.855577103188611,17.715535638847367
865,05/15/2023 18:38:04.762472,1048,True,True,True,True,Eyes,1.426154,0.1070499,-3.746768,0.1722959,0.3054215,0.9364998,0.0,0.0,0.0,0.0,0.0,0.0,0.0,-1.469285,-1.035977,3.581137,1.410554,0.1033669,-3.749166,-0.1170317,0.01162419,-0.02361223,0.9927794,346.5955,1.685221,357.077,0.3555277,0.02697204,-0.9342763,0,0,0,1.506895,0.3435645,-2.831137,0.06817785,0.02377628,0.9510723,0.9986147,-0.04960426,-0.0175538,0.04416268,0.9714921,-0.2329222,0.02860728,0.2318244,0.9723369,moving,10.42462,18.06275,4.100248,1.432064,0.0675046429159058,4.154664975427811,17.792622010962297,4.865755342750635,17.495301475110296
866,05/15/2023 18:38:04.782570,1049,True,True,True,True,Eyes,1.426088,0.1069273,-3.746494,0.1686245,0.3032147,0.9378842,0.0,0.0,0.0,0.0,0.0,0.0,0.0,-1.45455,-1.033985,3.587382,1.410369,0.1033297,-3.748911,-0.1168553,0.009588271,-0.02328133,0.9928297,346.6094,1.441958,357.1441,0.3555359,0.02694412,-0.934274,0,0,0,1.502882,0.3405218,-2.83112,0.06841877,0.02115826,0.9497538,0.9987321,-0.04846967,-0.01359793,0.04398791,0.9716057,-0.2324812,0.0244801,0.2315883,0.9725058,moving,10.19246,17.91584,4.12038,1.276203,0.0617061461751669,4.131517999024765,17.7129239545076,4.962424527927565,17.43108278102605
867,05/15/2023 18:38:04.802174,1050,True,True,True,True,Eyes,1.426004,0.1068029,-3.746222,0.1649515,0.3009971,0.9392506,0.0,0.0,0.0,0.0,0.0,0.0,0.0,-1.440547,-1.028112,3.594372,1.410225,0.1032505,-3.748639,-0.1159305,0.007724553,-0.0235241,0.9929488,346.711,1.22431,357.1431,0.3555442,0.02691611,-0.9342716,0,0,0,1.498851,0.3374654,-2.831102,0.06808621,0.0200678,0.9484448,0.9987739,-0.04850747,-0.009885952,0.04492544,0.9720135,-0.2305894,0.02079454,0.2298626,0.9730009,moving,9.960731,17.76884,4.106061,1.212119,0.055945865790942,4.10836185203944,17.56138294898044,4.979121936480247,17.294271925147044
868,05/15/2023 18:38:04.812533,1051,True,True,True,True,Eyes,1.425922,0.1066743,-3.745948,0.161215,0.2987139,0.9406273,0.0,0.0,0.0,0.0,0.0,0.0,0.0,-1.427022,-1.018113,3.602211,1.409726,0.103097,-3.748455,-0.1145954,0.00590533,-0.02339569,0.9931192,346.8596,1.005651,357.1852,0.3555521,0.026888,-0.9342694,0,0,0,1.494807,0.3343988,-2.831085,0.06807882,0.01975389,0.94725,0.9988356,-0.04782287,-0.006367214,0.04511598,0.9726411,-0.2278901,0.01709142,0.2273374,0.9736661,moving,9.725484,17.61823,4.110777,1.194669,0.0502024456100805,4.084656029365773,17.356793788501665,4.984003485317932,17.104352460603486
869,05/15/2023 18:38:04.832633,1052,True,True,True,True,Eyes,1.425831,0.1065316,-3.745672,0.1574617,0.2964009,0.9419938,0.0,0.0,0.0,0.0,0.0,0.0,0.0,-1.412354,-1.007231,3.61069,1.409492,0.1028891,-3.74821,-0.1132314,0.003862023,-0.02304104,0.993294,347.0109,0.7579691,357.256,0.3555597,0.02685969,-0.9342673,0,0,0,1.490757,0.3313278,-2.831067,0.06826842,0.01951747,0.9459902,0.9989084,-0.04664767,-0.002454445,0.04489847,0.9732955,-0.2251221,0.01289037,0.2247662,0.9743275,moving,9.489707,17.46632,4.127657,1.181947,0.0445187896699034,4.060758702425455,17.144456369498247,4.995955810721249,16.906382885449744
870,05/15/2023 18:38:04.852306,1053,True,True,True,True,Eyes,1.42572,0.106387,-3.745397,0.1537392,0.293939,0.9433791,0.0,0.0,0.0,0.0,0.0,0.0,0.0,-1.39867,-0.99291,3.619594,1.409226,0.1024132,-3.747961,-0.1115688,0.001897424,-0.02233802,0.9935038,347.1968,0.5144008,357.3662,0.3555669,0.02683083,-0.9342654,0,0,0,1.486616,0.3281888,-2.831049,0.06830937,0.01998654,0.9447882,0.9989948,-0.04480921,0.001214251,0.04396243,0.9741068,-0.2217728,0.008754611,0.2216033,0.9750977,moving,9.255928,17.30604,4.135361,1.211884,0.039614156169078,4.0356756667844165,16.88911080411947,4.974830809801683,16.664909846434124
871,05/15/2023 18:38:04.864227,1054,True,True,True,True,Eyes,1.425599,0.1062349,-3.745126,0.1500154,0.2914365,0.944754,0.0,0.0,0.0,0.0,0.0,0.0,0.0,-1.385744,-0.975541,3.62897,1.409073,0.1022329,-3.747725,-0.1093337,6.371737e-05,-0.02194753,0.9937629,347.4495,0.2891408,357.4378,0.3555733,0.02680146,-0.9342638,0,0,0,1.482763,0.3252673,-2.831033,0.06817001,0.02149823,0.9436048,0.9990366,-0.04363521,0.004672691,0.04360735,0.9751289,-0.2173063,0.004925758,0.2173007,0.9760923,moving,9.022544,17.14388,4.132111,1.305149,0.034880581923,4.010325837125805,16.57654169656174,4.909712702280797,16.365741313559926
872,05/15/2023 18:38:04.882532,1055,True,True,True,True,Eyes,1.425489,0.1060785,-3.744855,0.1462525,0.2888384,0.9461409,0.0,0.0,0.0,0.0,0.0,0.0,0.0,-1.372396,-0.9614522,3.637566,1.40875,0.1019201,-3.747636,-0.1074896,-0.001759887,-0.02175858,0.9939666,347.6573,0.06915618,357.4844,0.3555787,0.02677143,-0.9342626,0,0,0,1.478723,0.3222039,-2.831015,0.067956,0.02224176,0.9426052,0.9990469,-0.04287627,0.008176103,0.04363294,0.9759451,-0.2136055,0.001179188,0.2137587,0.9768858,moving,8.787118,16.97641,4.123537,1.351703,0.030400072912384,3.984194859809607,16.305841179755493,4.8665987399673805,16.10808491774067
873,05/15/2023 18:38:04.902236,1056,True,True,True,True,Eyes,1.425367,0.1059248,-3.744587,0.1424781,0.2861715,0.9475262,0.0,0.0,0.0,0.0,0.0,0.0,0.0,-1.359421,-0.9466748,3.645975,1.408535,0.1017237,-3.747404,-0.1054649,-0.003515661,-0.02178142,0.9941782,347.8861,359.8596,357.5047,0.3555835,0.0267407,-0.9342617,0,0,0,1.474616,0.3190898,-2.830997,0.06738022,0.023203,0.9414542,0.9990264,-0.04256767,0.01158474,0.04405078,0.9768054,-0.2095487,-0.002395988,0.209855,0.9777296,moving,8.551414,16.80535,4.0937,1.411821,0.0261709961115809,3.95754539780268,16.02597732369658,4.798489856928045,15.840725830155968
874,05/15/2023 18:38:04.917361,1057,True,True,True,True,Eyes,1.425255,0.105768,-3.744314,0.1386894,0.2834608,0.9489021,0.0,0.0,0.0,0.0,0.0,0.0,0.0,-1.344395,-0.9304543,3.655452,1.408165,0.1016674,-3.747293,-0.1031971,-0.00551641,-0.02187337,0.9944051,348.1424,359.622,357.519,0.3555873,0.0267094,-0.9342611,0,0,0,1.470718,0.3161338,-2.830981,0.06759271,0.02464247,0.9404045,0.9989823,-0.04236342,0.01548568,0.04464053,0.9777438,-0.2049981,-0.006456584,0.2054807,0.9786398,moving,8.315348,16.6322,4.111133,1.501042,0.0220737117286442,3.930592338895535,15.704374110011168,4.756376847162729,15.531587218951936
875,05/15/2023 18:38:04.932597,1058,True,True,True,True,Eyes,1.425132,0.1056092,-3.744045,0.1348842,0.2807408,0.9502584,0.0,0.0,0.0,0.0,0.0,0.0,0.0,-1.329289,-0.9184546,3.66359,1.408015,0.1014824,-3.746952,-0.1015325,-0.007543087,-0.02196227,0.9945612,348.329,359.3831,357.533,0.3555907,0.02667751,-0.9342608,0,0,0,1.466694,0.3130828,-2.830963,0.06752366,0.024996,0.9391847,0.9989215,-0.04215391,0.01946387,0.04521738,0.9784176,-0.2016292,-0.01054433,0.2022918,0.9792686,moving,8.078867,16.45905,4.112264,1.524543,0.0179461879872372,3.903635653088356,15.452295580031404,4.735347948962564,15.291347501671163
876,05/15/2023 18:38:04.952584,1059,True,True,True,True,Eyes,1.42502,0.1054376,-3.743769,0.1310564,0.2780445,0.9515858,0.0,0.0,0.0,0.0,0.0,0.0,0.0,-1.313394,-0.9075276,3.671792,1.407673,0.1013041,-3.746848,-0.09998539,-0.009632796,-0.022121,0.9946964,348.5019,359.1382,357.5388,0.3555932,0.02664505,-0.9342607,0,0,0,1.462585,0.3099677,-2.830945,0.06767082,0.02501859,0.9382037,0.9988357,-0.04208107,0.02358699,0.04593362,0.9790272,-0.198484,-0.01473984,0.1993364,0.9798203,moving,7.841683,16.28787,4.12549,1.527515,0.0136183511432232,3.876956006841761,15.220977962643335,4.735753530463951,15.071471641500398
877,05/15/2023 18:38:04.962267,1060,True,True,True,True,Eyes,1.424897,0.1052716,-3.743492,0.1272137,0.2752796,0.9529101,0.0,0.0,0.0,0.0,0.0,0.0,0.0,-1.297954,-0.89781,3.679166,1.407448,0.1008596,-3.746455,-0.09876417,-0.01171482,-0.02196383,0.9947996,348.6375,358.8913,357.5807,0.3555954,0.02661176,-0.9342608,0,0,0,1.458726,0.3070413,-2.830929,0.06799251,0.02488913,0.9370626,0.9987608,-0.04138519,0.02764624,0.04601322,0.9795265,-0.1959865,-0.01896933,0.1970157,0.9802168,moving,7.604036,16.11311,4.150063,1.521464,0.0095277095193823,3.849757696572979,14.994867871176623,4.750261469563216,14.85644353430716
878,05/15/2023 18:38:04.982328,1061,True,True,True,True,Eyes,1.42478,0.1051077,-3.743209,0.1233732,0.2725892,0.9541877,0.0,0.0,0.0,0.0,0.0,0.0,0.0,-1.282645,-0.8807801,3.688305,1.407128,0.1008596,-3.746245,-0.09644962,-0.01376581,-0.02192082,0.9950013,348.899,358.6473,357.6073,0.3555971,0.02657785,-0.9342611,0,0,0,1.45468,0.3039738,-2.830911,0.06811282,0.02620831,0.9359634,0.99866,-0.04096708,0.0316225,0.04627792,0.9804339,-0.1913315,-0.02316543,0.1925385,0.981016,moving,7.367274,15.94341,4.162246,1.603945,0.0051186166283699,3.8232944853542783,14.69327944902053,4.7124537366132895,14.565449977169243
879,05/15/2023 18:38:05.002167,1062,True,True,True,True,Eyes,1.424651,0.1049352,-3.742927,0.1195111,0.2698679,0.955452,0.0,0.0,0.0,0.0,0.0,0.0,0.0,-1.26825,-0.8733866,3.694558,1.406889,0.1007538,-3.745871,-0.09564226,-0.01574177,-0.02138126,0.9950616,348.9881,358.4099,357.6914,0.3555984,0.02654344,-0.9342616,0,0,0,1.4507,0.3009559,-2.830894,0.06823924,0.02481191,0.9348303,0.9985901,-0.03954018,0.03541809,0.04556251,0.9807909,-0.1896667,-0.02723834,0.191013,0.9812095,moving,7.129716,15.77236,4.174981,1.520366,0.000753689610729,3.796630257760097,14.555060697099858,4.754529693876753,14.437143371347341
880,05/15/2023 18:38:05.013309,1063,True,True,True,True,Eyes,1.42452,0.1047716,-3.742642,0.1156878,0.2671638,0.9566817,0.0,0.0,0.0,0.0,0.0,0.0,0.0,-1.252007,-0.8596715,3.702982,1.406537,0.1003981,-3.745692,-0.09382071,-0.01789308,-0.02136076,0.9951991,349.1928,358.1561,357.7152,0.3555991,0.02650837,-0.9342623,0,0,0,1.44655,0.2978094,-2.830876,0.06846815,0.02545755,0.9338763,0.9984472,-0.03915894,0.03962244,0.0458739,0.9814827,-0.1859762,-0.03160614,0.187505,0.981755,moving,6.895075,15.60297,4.1932,1.561501,-0.0035243152599873,3.770230144920804,14.299055220313893,4.742465541668911,14.19072216897894
881,05/15/2023 18:38:05.032832,1064,True,True,True,True,Eyes,1.424375,0.1046062,-3.742356,0.1118507,0.2645146,0.9578735,0.0,0.0,0.0,0.0,0.0,0.0,0.0,-1.236988,-0.8491144,3.710055,1.40627,0.100481,-3.74539,-0.09234183,-0.01986864,-0.02143736,0.9952983,349.3583,357.9246,357.7256,0.3555993,0.02647294,-0.9342632,0,0,0,1.442545,0.2947726,-2.830859,0.06842521,0.02515458,0.932801,0.9982914,-0.03900371,0.04350957,0.04634253,0.9820269,-0.1829634,-0.0355913,0.1846672,0.9821565,moving,6.660253,15.43737,4.195393,1.544704,-0.0081023336735545,3.744373254921412,14.109631582970406,4.7442510316447075,14.010217769048413
882,05/15/2023 18:38:05.052601,1065,True,True,True,True,Eyes,1.424208,0.1044426,-3.742066,0.1080581,0.2619087,0.9590241,0.0,0.0,0.0,0.0,0.0,0.0,0.0,-1.221867,-0.8425645,3.716134,1.405846,0.1002655,-3.745139,-0.09161787,-0.02188596,-0.02102544,0.9953317,349.4379,357.6847,357.7938,0.3555988,0.02643713,-0.9342644,0,0,0,1.438286,0.2915435,-2.830841,0.06849781,0.02347858,0.9318468,0.9981579,-0.03784428,0.04742017,0.04586486,0.9823282,-0.18146,-0.0397149,0.1833007,0.9822543,moving,6.428691,15.27495,4.204113,1.443305,-0.0126834695699756,3.719001974200469,14.009395086302227,4.7916770742781685,13.918191816853058
883,05/15/2023 18:38:05.062250,1066,True,True,True,True,Eyes,1.424035,0.1042727,-3.741771,0.1042442,0.2593241,0.960148,0.0,0.0,0.0,0.0,0.0,0.0,0.0,-1.207043,-0.8306333,3.723243,1.405641,0.1001234,-3.74481,-0.09029628,-0.02395102,-0.02021981,0.9954216,349.5875,357.4341,357.9065,0.3555971,0.02640103,-0.9342661,0,0,0,1.434532,0.288697,-2.830825,0.06897798,0.02321589,0.9308421,0.998035,-0.0359291,0.05133433,0.04457986,0.9828755,-0.1787972,-0.04403114,0.1807343,0.9825459,moving,6.196385,15.11425,4.23803,1.428703,-0.0174489862295007,3.693871437734861,13.824953923801482,4.820797595165249,13.74184411057089
884,05/15/2023 18:38:05.082640,1067,True,True,True,True,Eyes,1.423872,0.1040974,-3.741471,0.1003975,0.2567486,0.9612495,0.0,0.0,0.0,0.0,0.0,0.0,0.0,-1.191924,-0.8204112,3.729885,1.405364,0.09979534,-3.744435,-0.08917751,-0.02601856,-0.01956666,0.9954837,349.7137,357.1855,358.0013,0.3555943,0.02636453,-0.9342682,0,0,0,1.430587,0.2857059,-2.830807,0.06930655,0.02262682,0.9298373,0.9978804,-0.03431603,0.05529191,0.04359712,0.9833291,-0.1765313,-0.04831228,0.1785677,0.9827409,moving,5.962626,14.95453,4.262728,1.39397,-0.0223945428587948,3.6688690757305977,13.666690920775373,4.8515400660075505,13.591171807442585
885,05/15/2023 18:38:05.102310,1068,True,True,True,True,Eyes,1.423697,0.1039227,-3.741168,0.09652867,0.2541148,0.962345,0.0,0.0,0.0,0.0,0.0,0.0,0.0,-1.176275,-0.8082156,3.737088,1.405135,0.09952068,-3.744109,-0.08761506,-0.02810153,-0.01940343,0.9955689,349.8897,356.9399,358.0377,0.3555907,0.02632752,-0.9342706,0,0,0,1.426526,0.2826268,-2.83079,0.06937736,0.02275223,0.9288732,0.9976677,-0.03371066,0.05935404,0.04355913,0.9838942,-0.1733631,-0.05255395,0.1755442,0.9830678,moving,5.727934,14.79178,4.27148,1.403147,-0.0271787749054615,3.643423003497629,13.467618641126016,4.847401761244784,13.399339376523015
886,05/15/2023 18:38:05.113022,1069,True,True,True,True,Eyes,1.423503,0.1037492,-3.740862,0.09270675,0.2514771,0.9634131,0.0,0.0,0.0,0.0,0.0,0.0,0.0,-1.159822,-0.7923676,3.745137,1.404703,0.09939289,-3.743798,-0.08550829,-0.03025392,-0.01934937,0.99569,350.1278,356.6868,358.0596,0.3555862,0.02629007,-0.9342734,0,0,0,1.422519,0.2795886,-2.830773,0.06978846,0.02380416,0.927881,0.9974207,-0.03335804,0.06355613,0.0437059,0.9846278,-0.1691087,-0.05693802,0.1714503,0.983546,moving,5.496502,14.62933,4.301273,1.469562,-0.0317481678506728,3.618048546475846,13.21393454563269,4.836431213346233,13.152623824377368
887,05/15/2023 18:38:05.132650,1070,True,True,True,True,Eyes,1.423303,0.1035707,-3.740556,0.08885567,0.2488146,0.9644667,0.0,0.0,0.0,0.0,0.0,0.0,0.0,-1.143014,-0.7806377,3.752319,1.40442,0.09925652,-3.743464,-0.08397479,-0.03246644,-0.019247,0.9957529,350.3002,356.4273,358.0886,0.3555805,0.02625227,-0.9342766,0,0,0,1.41851,0.2765488,-2.830755,0.07018441,0.02377993,0.9269177,0.997151,-0.03287778,0.06788966,0.04378323,0.9851556,-0.1659865,-0.06142467,0.168486,0.9837883,moving,5.263762,14.46584,4.330063,1.469592,-0.0363341628801747,3.5925131603066958,13.029745043557261,4.855122906465495,12.974826234932312
888,05/15/2023 18:38:05.152709,1071,True,True,True,True,Eyes,1.42308,0.103399,-3.740248,0.08503647,0.2461828,0.9654858,0.0,0.0,0.0,0.0,0.0,0.0,0.0,-1.126193,-0.7672349,3.759811,1.40412,0.09897709,-3.743233,-0.08226474,-0.03468651,-0.01906117,0.9958243,350.4932,356.166,358.1258,0.3555736,0.02621403,-0.9342803,0,0,0,1.414217,0.2732942,-2.830737,0.07034281,0.02397279,0.9260746,0.9968671,-0.0322562,0.07221945,0.04367011,0.9857383,-0.1625201,-0.06594723,0.1651648,0.9840587,moving,5.033415,14.30466,4.343734,1.482853,-0.0409206090971502,3.567330745545936,12.840342465332068,4.854919516609225,12.79132600079982
889,05/15/2023 18:38:05.162106,1072,True,True,True,True,Eyes,1.422848,0.1032299,-3.739934,0.08119468,0.243536,0.9664873,0.0,0.0,0.0,0.0,0.0,0.0,0.0,-1.109861,-0.7582089,3.766067,1.40388,0.09896469,-3.742896,-0.08104976,-0.03681758,-0.01905785,0.9958476,350.6288,355.9176,358.142,0.3555652,0.02617556,-0.9342846,0,0,0,1.410397,0.2703978,-2.83072,0.07071838,0.0233734,0.925174,0.9965626,-0.03198931,0.07641864,0.04392554,0.9861355,-0.1600231,-0.07024002,0.1628297,0.9841508,moving,4.802147,14.143,4.37107,1.447201,-0.0455378387327675,3.542071282677748,12.703115351295919,4.888241637071767,12.659515332288791
890,05/15/2023 18:38:05.182564,1073,True,True,True,True,Eyes,1.422606,0.1030621,-3.739619,0.07743736,0.2409028,0.9674551,0.0,0.0,0.0,0.0,0.0,0.0,0.0,-1.093258,-0.7463451,3.772743,1.40348,0.09887791,-3.742499,-0.07947977,-0.03896996,-0.01902406,0.9958928,350.8053,355.6662,358.1599,0.3555551,0.02613696,-0.9342895,0,0,0,1.405692,0.2668298,-2.8307,0.0704107,0.02281396,0.9241815,0.9962388,-0.0316972,0.08064386,0.0440865,0.9866421,-0.1568239,-0.07459572,0.1597894,0.9843286,moving,4.576331,13.98266,4.356782,1.414093,-0.0498577001184096,3.517049214943357,12.570484405817064,4.882714233766764,12.531703036503048
891,05/15/2023 18:38:05.202178,1074,True,True,True,True,Eyes,1.422356,0.1028876,-3.739302,0.07366573,0.2382764,0.9683995,0.0,0.0,0.0,0.0,0.0,0.0,0.0,-1.077701,-0.7357603,3.778897,1.403196,0.09874344,-3.74221,-0.07811922,-0.04100463,-0.01889429,0.9959213,350.9584,355.4279,358.188,0.3555435,0.02609827,-0.9342951,0,0,0,1.402506,0.2644144,-2.830686,0.07127813,0.02307826,0.9234221,0.9959233,-0.03122794,0.08462676,0.04404096,0.9870808,-0.1540517,-0.07872269,0.1571507,0.9844321,moving,4.350087,13.82314,4.413857,1.431644,-0.0542708052025671,3.4921412800060168,12.39166008777339,4.920347053261233,12.357596552508687
892,05/15/2023 18:38:05.222274,1075,True,True,True,True,Eyes,1.422073,0.1027237,-3.738984,0.06995753,0.2356625,0.9693137,0.0,0.0,0.0,0.0,0.0,0.0,0.0,-1.063002,-0.7241846,3.784808,1.402779,0.09841824,-3.741886,-0.07682517,-0.04296587,-0.01824743,0.9959513,351.1066,355.1937,358.2747,0.3555302,0.02605934,-0.9343012,0,0,0,1.398363,0.2612731,-2.830668,0.07129991,0.02262226,0.9226383,0.9956419,-0.02974538,0.08838765,0.04294884,0.9875298,-0.1514602,-0.08278018,0.1545963,0.9845037,moving,4.128006,13.6648,4.418937,1.40456,-0.0584698711010802,3.467439350251971,12.26369135718773,4.929771141044902,12.233679804185662
893,05/15/2023 18:38:05.232607,1076,True,True,True,True,Eyes,1.421782,0.1025563,-3.738664,0.06623013,0.2330641,0.9702034,0.0,0.0,0.0,0.0,0.0,0.0,0.0,-1.047298,-0.7138467,3.790691,1.402479,0.09848022,-3.741538,-0.07557206,-0.0450425,-0.01782094,0.9959632,351.2491,354.9484,358.3366,0.3555147,0.02602047,-0.9343081,0,0,0,1.394418,0.2582816,-2.830651,0.0715715,0.02187607,0.9217994,0.9953072,-0.02869009,0.09241486,0.04230591,0.9879426,-0.1489286,-0.08702776,0.1521394,0.9845202,moving,3.90519,13.50776,4.439723,1.359484,-0.0628208766341692,3.4429178692741136,12.160030234348309,4.9612093332830005,12.13366802653917
894,05/15/2023 18:38:05.252194,1077,True,True,True,True,Eyes,1.421458,0.1023834,-3.738345,0.06256,0.2304473,0.9710717,0.0,0.0,0.0,0.0,0.0,0.0,0.0,-1.031695,-0.7041054,3.796334,1.402064,0.09823513,-3.741241,-0.07440741,-0.0470759,-0.01749295,0.9959626,351.3811,354.7093,358.3865,0.3554971,0.02598156,-0.9343159,0,0,0,1.389906,0.2548611,-2.830632,0.07130295,0.02082176,0.9210696,0.9949557,-0.02783905,0.09637488,0.04185023,0.988315,-0.146567,-0.09116843,0.149861,0.9844948,moving,3.68611,13.35004,4.426621,1.295011,-0.066848193103806,3.418331290536859,12.077751476659966,4.969884751740074,12.054569080128406
895,05/15/2023 18:38:05.264088,1078,True,True,True,True,Eyes,1.421127,0.1022072,-3.738024,0.05884709,0.2277817,0.9719323,0.0,0.0,0.0,0.0,0.0,0.0,0.0,-1.015313,-0.6916354,3.80256,1.401675,0.09792614,-3.74091,-0.07283378,-0.04919745,-0.01733685,0.9959791,351.5592,354.4612,358.4146,0.3554769,0.02594249,-0.9343247,0,0,0,1.386414,0.2522132,-2.830617,0.072106,0.02140733,0.9203331,0.9945581,-0.02736781,0.1005247,0.04170077,0.9887893,-0.143376,-0.09547395,0.1467877,0.9845498,moving,3.464829,13.18978,4.479843,1.332483,-0.0708436618735594,3.393360356352493,11.900661560031233,4.995594516419478,11.880678456311045
896,05/15/2023 18:38:05.282694,1079,True,True,True,True,Eyes,1.420758,0.1020295,-3.73771,0.05514934,0.2250613,0.9727826,0.0,0.0,0.0,0.0,0.0,0.0,0.0,-0.9972001,-0.6763432,3.80961,1.401204,0.09770012,-3.740595,-0.07083753,-0.05152149,-0.01730092,0.9960063,351.7848,354.1906,358.4273,0.3554542,0.02590319,-0.9343344,0,0,0,1.382168,0.2489941,-2.830599,0.0725916,0.02210336,0.9195598,0.9940924,-0.02716434,0.1050826,0.04176296,0.9893655,-0.1393265,-0.1001804,0.1428919,0.9846551,moving,3.244759,13.02666,4.513665,1.376948,-0.0745344470124,3.367988886616144,11.718613916320479,5.001581547644914,11.701478089093259
897,05/15/2023 18:38:05.302156,1080,True,True,True,True,Eyes,1.420381,0.1018573,-3.737393,0.05139267,0.2223357,0.9736147,0.0,0.0,0.0,0.0,0.0,0.0,0.0,-0.978052,-0.6605468,3.81703,1.40085,0.09748077,-3.74042,-0.06884156,-0.05401176,-0.01704878,0.9960186,352.0114,353.8992,358.4651,0.3554283,0.02586366,-0.9343454,0,0,0,1.37807,0.2458869,-2.830581,0.07345888,0.02287463,0.9189297,0.9935842,-0.02652528,0.1099407,0.04139831,0.9899403,-0.1352933,-0.1052462,0.1389766,0.9846871,moving,3.021578,12.86355,4.570484,1.425952,-0.0784526748345778,3.3425916657182237,11.541999731694677,5.028530582071312,11.527395049824957
898,05/15/2023 18:38:05.313667,1081,True,True,True,True,Eyes,1.419976,0.1016832,-3.737077,0.04760987,0.219597,0.9744283,0.0,0.0,0.0,0.0,0.0,0.0,0.0,-0.9583505,-0.648741,3.823551,1.400362,0.09746265,-3.740098,-0.0673449,-0.05654407,-0.01682749,0.9959841,352.1805,353.6038,358.5017,0.3553995,0.02582404,-0.9343574,0,0,0,1.373953,0.2427652,-2.830563,0.07451752,0.02253342,0.9181519,0.9930393,-0.02590393,0.1149005,0.04113575,0.9903629,-0.1322459,-0.1103675,0.1360519,0.9845349,moving,2.797206,12.70001,4.639975,1.40588,-0.0824251438433617,3.3171222244399727,11.443477183280482,5.094498008543536,11.430840128132045
899,05/15/2023 18:38:05.332298,1082,True,True,True,True,Eyes,1.419566,0.1015055,-3.736761,0.04375245,0.2168452,0.9752251,0.0,0.0,0.0,0.0,0.0,0.0,0.0,-0.9381915,-0.637149,3.830014,1.399904,0.09723949,-3.739784,-0.06592495,-0.05914125,-0.01654122,0.9959331,352.3414,353.3006,358.5459,0.3553674,0.02578432,-0.9343707,0,0,0,1.370406,0.2400753,-2.830548,0.07622388,0.02269743,0.9174188,0.9924574,-0.02515014,0.1199824,0.04074568,0.9907606,-0.1293572,-0.1156204,0.1332702,0.9843125,moving,2.568793,12.536,4.74952,1.417239,-0.0866564947474408,3.2915499052370567,11.330596472545036,5.186679521412346,11.319631642657958
900,05/15/2023 18:38:05.352421,1083,True,True,True,True,Eyes,1.419122,0.1013281,-3.736452,0.03992592,0.2140489,0.9760066,0.0,0.0,0.0,0.0,0.0,0.0,0.0,-0.9169899,-0.6235749,3.836946,1.399428,0.0969944,-3.739528,-0.0643122,-0.06188807,-0.01603806,0.9958799,352.5258,352.9785,358.6139,0.3553321,0.02574441,-0.9343852,0,0,0,1.366069,0.2367872,-2.830529,0.07748491,0.0225992,0.9167437,0.9918253,-0.02398364,0.125329,0.03990429,0.9912134,-0.1261093,-0.1212032,0.1300796,0.9840677,moving,2.342517,12.36975,4.831264,1.412147,-0.0905626093840824,3.265674266998782,11.236677673388073,5.259271860471674,11.22697602860982
901,05/15/2023 18:38:05.362372,1084,True,True,True,True,Eyes,1.418679,0.1011569,-3.736137,0.03602153,0.2112477,0.9767686,0.0,0.0,0.0,0.0,0.0,0.0,0.0,-0.8947493,-0.6096725,3.844072,1.399037,0.09682083,-3.739317,-0.06255203,-0.06474417,-0.01584651,0.9958135,352.725,352.6463,358.6448,0.3552933,0.02570434,-0.934401,0,0,0,1.362387,0.2339951,-2.830513,0.07944623,0.02322423,0.9160969,0.9911142,-0.02346058,0.1309286,0.03966011,0.9916722,-0.1225284,-0.1269637,0.1266323,0.9837909,moving,2.112012,12.20352,4.956434,1.45221,-0.0947783876008162,3.2397645442970404,11.121214107739496,5.3581804592127105,11.112455874704402
902,05/15/2023 18:38:05.382550,1085,True,True,True,True,Eyes,1.41822,0.1009755,-3.735824,0.0321362,0.2084154,0.9775122,0.0,0.0,0.0,0.0,0.0,0.0,0.0,-0.8724977,-0.5979102,3.850537,1.398674,0.09682369,-3.738946,-0.06102367,-0.06758992,-0.01576455,0.9957206,352.8969,352.3163,358.6635,0.3552514,0.02566428,-0.9344181,0,0,0,1.358348,0.2309328,-2.830496,0.08098531,0.02298123,0.9153179,0.9903662,-0.02314499,0.1365253,0.03964333,0.9920552,-0.119394,-0.1326773,0.1236561,0.9834155,moving,1.882949,12.03581,5.056238,1.438245,-0.0987770876881692,3.2136546770292416,11.062465683867497,5.452179387692754,11.054196839137557
903,05/15/2023 18:38:05.402112,1086,True,True,True,True,Eyes,1.417762,0.100803,-3.73551,0.02816969,0.2055417,0.9782429,0.0,0.0,0.0,0.0,0.0,0.0,0.0,-0.8495896,-0.5865353,3.856973,1.398302,0.09641075,-3.738653,-0.05956602,-0.07050188,-0.01580608,0.9956062,353.0596,351.9797,358.6681,0.3552062,0.02562398,-0.9344363,0,0,0,1.354312,0.2278731,-2.830478,0.0826405,0.02301639,0.9146795,0.9895593,-0.02307423,0.1422673,0.0398723,0.9924041,-0.1163799,-0.1385012,0.1208373,0.9829627,moving,1.649446,11.86599,5.162607,1.441449,-0.1029396290084381,3.187202698147397,11.000607041095595,5.547399145262349,10.992502170257076
904,05/15/2023 18:38:05.412388,1087,True,True,True,True,Eyes,1.417283,0.1006344,-3.735201,0.02418423,0.2026948,0.9789432,0.0,0.0,0.0,0.0,0.0,0.0,0.0,-0.8265448,-0.5715888,3.863816,1.397926,0.096488,-3.738377,-0.05755477,-0.07342312,-0.01592557,0.9955114,353.285,351.6424,358.6582,0.3551582,0.02558369,-0.9344557,0,0,0,1.350248,0.224791,-2.830461,0.08426598,0.0235549,0.9139966,0.9887109,-0.02325647,0.1480203,0.04015988,0.9928676,-0.1122542,-0.1443539,0.1169315,0.982593,moving,1.415171,11.69806,5.267498,1.476261,-0.1073014568305074,3.161015655964181,10.923625685244346,5.63266077905802,10.915425161036376
905,05/15/2023 18:38:05.442359,1088,True,True,True,True,Eyes,1.4168,0.1004598,-3.734887,0.02011708,0.1998481,0.9796203,0.0,0.0,0.0,0.0,0.0,0.0,0.0,-0.8035072,-0.5642965,3.869366,1.397476,0.09641361,-3.738157,-0.05659645,-0.07632633,-0.01596887,0.9953473,353.3904,351.307,358.6646,0.3551071,0.0255435,-0.9344762,0,0,0,1.346277,0.2217805,-2.830444,0.08608189,0.02237323,0.9134382,0.9878385,-0.02314954,0.15375,0.04042873,0.9930837,-0.1102285,-0.1501348,0.1151039,0.9819422,moving,1.176437,11.53045,5.383622,1.403089,-0.1120124112060604,3.13483564361033,10.966487425267308,5.762026034242454,10.957620495798462
906,05/15/2023 18:38:05.452513,1089,True,True,True,True,Eyes,1.416305,0.1002846,-3.734576,0.0161244,0.1969703,0.9802769,0.0,0.0,0.0,0.0,0.0,0.0,0.0,-0.7795749,-0.5525385,3.874868,1.396639,0.09552574,-3.737368,-0.05510297,-0.07928921,-0.01624819,0.995195,353.5548,350.9661,358.639,0.3550532,0.02550325,-0.9344978,0,0,0,1.341947,0.2184975,-2.830425,0.08787733,0.02278006,0.9123682,0.9868984,-0.02360208,0.1596071,0.04107837,0.9933993,-0.1070998,-0.1560258,0.112253,0.9813539,moving,0.9423633,11.36135,5.501634,1.430267,-0.1162710262552476,3.108482175602292,10.927641962874125,5.863212690978028,10.918018772503837
907,05/15/2023 18:38:05.462307,1090,True,True,True,True,Eyes,1.415812,0.1001043,-3.734266,0.01205965,0.1940879,0.98091,0.0,0.0,0.0,0.0,0.0,0.0,0.0,-0.7571921,-0.540082,3.880643,1.396181,0.0953598,-3.737113,-0.05345349,-0.08209814,-0.0164057,0.9950545,353.7382,350.6421,358.6239,0.3549965,0.02546294,-0.9345204,0,0,0,1.337146,0.2148568,-2.830404,0.08867222,0.02229375,0.911879,0.9859815,-0.02387227,0.1651381,0.04142601,0.9937471,-0.1036845,-0.1616303,0.109072,0.9808053,moving,0.704379,11.19227,5.554049,1.400497,-0.1208161043743178,3.082097405793367,10.92694456801301,5.918773004399624,10.916468672639397
908,05/15/2023 18:38:05.482623,1091,True,True,True,True,Eyes,1.415312,0.09992649,-3.733951,0.008083129,0.1911834,0.981521,0.0,0.0,0.0,0.0,0.0,0.0,0.0,-0.734728,-0.5275457,3.886289,1.395762,0.0949316,-3.736871,-0.05192731,-0.08494711,-0.01622044,0.9948994,353.9106,350.3114,358.6485,0.3549372,0.02542244,-0.934544,0,0,0,1.33385,0.2123577,-2.83039,0.09100676,0.02302223,0.9113275,0.9850419,-0.02345325,0.1707122,0.04109756,0.994081,-0.1005691,-0.167343,0.1060806,0.9801751,moving,0.4718378,11.02222,5.70275,1.447115,-0.1248911569938626,3.0556207705538765,10.910778075148162,6.045551444541174,10.898961005050277
909,05/15/2023 18:38:05.502353,1092,True,True,True,True,Eyes,1.414814,0.09973904,-3.733633,0.004054999,0.1882751,0.982108,0.0,0.0,0.0,0.0,0.0,0.0,0.0,-0.7143376,-0.5137472,3.891359,1.39536,0.09482193,-3.736424,-0.05029587,-0.08756319,-0.01568277,0.9947649,354.0989,350.0056,358.71,0.3548756,0.02538184,-0.9345685,0,0,0,1.330014,0.2094496,-2.830373,0.09239432,0.02320112,0.910639,0.9841735,-0.0223932,0.1757871,0.04000948,0.9944488,-0.09731868,-0.172632,0.1028116,0.979606,moving,0.2365657,10.85223,5.79346,1.459458,-0.1291697399275001,3.029128893440664,10.9134430912227,6.127104516000074,10.900262814630315
910,05/15/2023 18:38:05.512288,1093,True,True,True,True,Eyes,1.414307,0.09954381,-3.733318,0.0001523137,0.185295,0.9826829,0.0,0.0,0.0,0.0,0.0,0.0,0.0,-0.6942451,-0.5004953,3.896254,1.394955,0.09457588,-3.736096,-0.04871499,-0.0901226,-0.01528175,0.9946212,354.2804,349.7073,358.7551,0.354812,0.02534091,-0.9345938,0,0,0,1.326011,0.2064141,-2.830356,0.0935154,0.02327807,0.9101325,0.9832887,-0.02161845,0.1807646,0.03917974,0.9947866,-0.09415146,-0.1777868,0.09966037,0.9790095,moving,0.00888072,10.67833,5.866509,1.465111,-0.1325995740167016,3.002141269654929,10.917656040039766,6.192880245303973,10.903080696479062
911,05/15/2023 18:38:05.532588,1094,True,True,True,True,Eyes,1.413802,0.09935165,-3.733001,-0.003784442,0.1822824,0.983239,0.0,0.0,0.0,0.0,0.0,0.0,0.0,-0.6747408,-0.4836537,3.901444,1.394621,0.09421349,-3.735856,-0.04668404,-0.09261517,-0.01486283,0.994496,354.5137,349.4167,358.7961,0.3547462,0.02529948,-0.9346198,0,0,0,1.322074,0.2034291,-2.830339,0.0945065,0.02433142,0.9097408,0.982403,-0.02091474,0.1855986,0.03820934,0.9951994,-0.09010112,-0.1828232,0.09560722,0.978486,moving,-0.2205277,10.50281,5.930778,1.532036,-0.1360323875753305,2.974905712171193,10.877193938416678,6.2360292883447,10.861132891108738
912,05/15/2023 18:38:05.552664,1095,True,True,True,True,Eyes,1.413289,0.09915395,-3.732692,-0.007582437,0.1792585,0.9837728,0.0,0.0,0.0,0.0,0.0,0.0,0.0,-0.6564077,-0.4681941,3.905983,1.394218,0.0941267,-3.735515,-0.04474228,-0.09493069,-0.01466075,0.9943699,354.7349,349.1479,358.8111,0.3546786,0.02525768,-0.9346466,0,0,0,1.317963,0.2003121,-2.830321,0.09503898,0.02481952,0.9092958,0.9815465,-0.02066158,0.1901043,0.03765125,0.9955664,-0.08619724,-0.1874805,0.09176426,0.9779726,moving,-0.441599,10.32687,5.966851,1.563519,-0.1388259238462411,2.947682642964228,10.856544208526994,6.260606974478793,10.83906943422494
913,05/15/2023 18:38:05.562471,1096,True,True,True,True,Eyes,1.412784,0.09896693,-3.732381,-0.01139854,0.1762005,0.9842883,0.0,0.0,0.0,0.0,0.0,0.0,0.0,-0.6391445,-0.4549059,3.910152,1.393945,0.09380722,-3.735352,-0.04314378,-0.09712607,-0.01434266,0.9942331,354.9183,348.8924,358.8415,0.3546092,0.02521541,-0.9346741,0,0,0,1.314049,0.1973448,-2.830304,0.09547243,0.02503872,0.9091052,0.9807217,-0.02013913,0.1943695,0.03690067,0.9958658,-0.08300386,-0.1918943,0.08857604,0.9774104,moving,-0.6634836,10.14919,5.995114,1.577651,-0.1415470398701408,2.9202023444915097,10.853948720500147,6.281803310424169,10.83501920857116
914,05/15/2023 18:38:05.582938,1097,True,True,True,True,Eyes,1.412285,0.09879038,-3.732071,-0.01511534,0.1732243,0.9847664,0.0,0.0,0.0,0.0,0.0,0.0,0.0,-0.622951,-0.4392241,3.914162,1.393677,0.0939064,-3.735036,-0.04117002,-0.09918591,-0.01406723,0.9941174,355.1443,348.6529,358.8613,0.3545382,0.02517297,-0.9347022,0,0,0,1.310038,0.1943034,-2.830287,0.09552008,0.02546099,0.9087754,0.9799286,-0.01980198,0.1983632,0.03613592,0.9962143,-0.07906512,-0.1960465,0.08464621,0.9769344,moving,-0.8793736,9.976491,6.000246,1.604825,-0.144208312765619,2.8934904444235627,10.835772120908603,6.278134868678387,10.81546065483443
915,05/15/2023 18:38:05.602226,1098,True,True,True,True,Eyes,1.41179,0.09860356,-3.731752,-0.01882685,0.1702832,0.9852153,0.0,0.0,0.0,0.0,0.0,0.0,0.0,-0.6082032,-0.4337643,3.916738,1.393475,0.09398651,-3.734741,-0.04048329,-0.1010464,-0.0139722,0.9939595,355.2216,348.4375,358.8734,0.3544661,0.02513064,-0.9347306,0,0,0,1.305872,0.1911444,-2.830269,0.09502283,0.02341545,0.9086287,0.9791889,-0.01959423,0.2020033,0.03595699,0.9963318,-0.07765381,-0.1997407,0.08330118,0.9763015,moving,-1.094754,9.806043,5.970192,1.476191,-0.1470028074470759,2.8671065746270568,10.922449190763947,6.273333918101091,10.901014858829557
916,05/15/2023 18:38:05.612898,1099,True,True,True,True,Eyes,1.411287,0.09841225,-3.73144,-0.02237812,0.1672946,0.9856529,0.0,0.0,0.0,0.0,0.0,0.0,0.0,-0.5940927,-0.4249941,3.919228,1.393068,0.09357071,-3.734236,-0.03942404,-0.1028065,-0.01391207,0.9938226,355.3412,348.2337,358.8763,0.3543929,0.02508817,-0.9347595,0,0,0,1.301852,0.1880967,-2.830252,0.09461376,0.02268299,0.9082819,0.9784746,-0.01954616,0.2054397,0.03575835,0.9965044,-0.0755005,-0.2032458,0.0812215,0.9757531,moving,-1.300612,9.632996,5.946929,1.43058,-0.1489067529721326,2.840432325122089,10.94561459141226,6.256748125493425,10.92306582409153
917,05/15/2023 18:38:05.632350,1100,True,True,True,True,Eyes,1.410792,0.09822316,-3.731116,-0.02592047,0.164333,0.9860643,0.0,0.0,0.0,0.0,0.0,0.0,0.0,-0.5810826,-0.4086629,3.922597,1.392761,0.09328938,-3.734025,-0.03745877,-0.1044625,-0.0134704,0.9937318,355.5688,348.0402,358.9112,0.3543187,0.02504544,-0.9347887,0,0,0,1.29783,0.1850466,-2.830235,0.09398931,0.02343959,0.9082322,0.9778123,-0.01894586,0.2086245,0.034598,0.9968308,-0.07163364,-0.2066062,0.07726224,0.9753688,moving,-1.505776,9.461699,5.908279,1.478357,-0.1508925684426317,2.8140156997377583,10.89504295686754,6.204638930510678,10.871346763313406
918,05/15/2023 18:38:05.652547,1101,True,True,True,True,Eyes,1.410286,0.09802531,-3.730806,-0.02937373,0.161351,0.9864599,0.0,0.0,0.0,0.0,0.0,0.0,0.0,-0.5686604,-0.3982439,3.924852,1.392487,0.0931673,-3.733462,-0.03629554,-0.1060625,-0.01283232,0.993614,355.7074,347.8525,358.9771,0.3542438,0.02500254,-0.9348182,0,0,0,1.293897,0.1820651,-2.830218,0.09329674,0.02267075,0.9078836,0.9771722,-0.01780156,0.2117019,0.03319994,0.9970359,-0.06940546,-0.2098389,0.07484957,0.9748668,moving,-1.705587,9.289366,5.867284,1.430435,-0.1524099287949699,2.787496934128235,10.913806469119836,6.170764303506567,10.88915441670676
919,05/15/2023 18:38:05.662759,1102,True,True,True,True,Eyes,1.409787,0.09783019,-3.730491,-0.03280825,0.1583229,0.9868422,0.0,0.0,0.0,0.0,0.0,0.0,0.0,-0.5544397,-0.3845353,3.928116,1.392349,0.09276772,-3.733379,-0.03460278,-0.1078613,-0.01271669,0.9934822,355.9,347.6441,358.9773,0.3541679,0.02495927,-0.9348481,0,0,0,1.289966,0.1790845,-2.8302,0.09285653,0.02311034,0.9080253,0.9764084,-0.01780302,0.2151966,0.03273221,0.9972819,-0.06601123,-0.2134364,0.07149779,0.9743372,moving,-1.904137,9.114513,5.838886,1.457932,-0.153644693205842,2.7606269442422464,10.889335966352126,6.13249037722591,10.863624135285576
920,05/15/2023 18:38:05.682265,1103,True,True,True,True,Eyes,1.409311,0.09764524,-3.730176,-0.03621588,0.1553159,0.9872009,0.0,0.0,0.0,0.0,0.0,0.0,0.0,-0.5428648,-0.3683294,3.930771,1.392046,0.09267521,-3.732954,-0.03251722,-0.1093076,-0.01272946,0.9933944,356.136,347.4767,358.9558,0.3540913,0.02491572,-0.9348783,0,0,0,1.285925,0.1760201,-2.830183,0.09173691,0.02389148,0.9078642,0.9757796,-0.01818198,0.2179991,0.03239951,0.9975612,-0.061822,-0.2163433,0.06738771,0.9739889,moving,-2.100978,8.941031,5.769979,1.507456,-0.154858686168211,2.7339689686185507,10.826356791482258,6.050457476061506,10.799723534520725
921,05/15/2023 18:38:05.702214,1104,True,True,True,True,Eyes,1.408843,0.09746028,-3.729857,-0.03960269,0.1523434,0.9875339,0.0,0.0,0.0,0.0,0.0,0.0,0.0,-0.5315049,-0.358505,3.93295,1.391877,0.09276485,-3.732719,-0.03119389,-0.1107225,-0.01291031,0.9932778,356.2831,347.3137,358.924,0.3540145,0.02487218,-0.9349085,0,0,0,1.281879,0.1729525,-2.830166,0.09048286,0.02307432,0.9079713,0.9751477,-0.01873932,0.220762,0.03255479,0.9977205,-0.05910946,-0.2191511,0.06482732,0.9735349,moving,-2.29648,8.769691,5.690958,1.455747,-0.156137216867891,2.70763060329719,10.83018663915724,5.979609939730494,10.802879977928622
922,05/15/2023 18:38:05.722466,1105,True,True,True,True,Eyes,1.408374,0.09726816,-3.729547,-0.04291224,0.1494166,0.9878427,0.0,0.0,0.0,0.0,0.0,0.0,0.0,-0.5202062,-0.3499025,3.934749,1.391651,0.09259796,-3.732295,-0.03011959,-0.1121397,-0.01287445,0.9931525,356.4044,347.1496,358.9196,0.3539379,0.02482865,-0.9349387,0,0,0,1.277826,0.1698793,-2.830148,0.08926889,0.02206779,0.9079325,0.9745178,-0.01881739,0.2235193,0.0323278,0.9978542,-0.0569392,-0.2219682,0.06271416,0.973035,moving,-2.487386,8.601101,5.615334,1.39233,-0.1572889740470207,2.681727711636322,10.845296249012334,5.914872987585486,10.817406025278526
923,05/15/2023 18:38:05.732675,1106,True,True,True,True,Eyes,1.407916,0.09708448,-3.729235,-0.04618984,0.146514,0.9881296,0.0,0.0,0.0,0.0,0.0,0.0,0.0,-0.5093263,-0.3394993,3.936902,1.391503,0.09223747,-3.732167,-0.02893147,-0.1135287,-0.01244853,0.9930355,356.5437,346.9874,358.9579,0.3538612,0.02478493,-0.9349689,0,0,0,1.2739,0.1669029,-2.830131,0.08814561,0.02155572,0.9082076,0.9739126,-0.01815456,0.2261963,0.03129277,0.9980161,-0.05463342,-0.2247556,0.06028648,0.9725484,moving,-2.676327,8.434028,5.543449,1.359623,-0.1584123552890517,2.656060058753637,10.844903115943497,5.847390183855399,10.81641856198364
924,05/15/2023 18:38:05.752616,1107,True,True,True,True,Eyes,1.407464,0.09691215,-3.728928,-0.04949741,0.1436964,0.9883832,0.0,0.0,0.0,0.0,0.0,0.0,0.0,-0.4997592,-0.3299761,3.938536,1.391332,0.09227467,-3.731808,-0.02777302,-0.1147455,-0.01215844,0.9929323,356.6782,346.8456,358.98,0.3537848,0.02474125,-0.9349989,0,0,0,1.269373,0.1634701,-2.830112,0.08610141,0.02012715,0.9083949,0.9733713,-0.01777137,0.2285443,0.03051868,0.9981616,-0.0523632,-0.2271935,0.05794371,0.9721243,moving,-2.86693,8.272008,5.414554,1.269285,-0.1600392475511581,2.6311042391327177,10.845326489183485,5.738522589980368,10.816529300035482
925,05/15/2023 18:38:05.762234,1108,True,True,True,True,Eyes,1.407024,0.09673989,-3.728613,-0.05276084,0.1409896,0.9886042,0.0,0.0,0.0,0.0,0.0,0.0,0.0,-0.4906199,-0.3253261,3.939824,1.391222,0.09237957,-3.731586,-0.02714324,-0.115887,-0.01224671,0.992816,356.7476,346.7139,358.9655,0.3537086,0.0246979,-0.9350289,0,0,0,1.26584,0.1607912,-2.830096,0.08482885,0.01842467,0.9085957,0.9728404,-0.01802635,0.2307739,0.03060855,0.9982265,-0.05105801,-0.2294442,0.05673496,0.9716668,moving,-3.054922,8.116493,5.333821,1.161695,-0.1619681811845711,2.6071063187435417,10.896798811616785,5.682685333922452,10.867611454789696
926,05/15/2023 18:38:05.782408,1109,True,True,True,True,Eyes,1.406596,0.09657081,-3.728298,-0.05598681,0.1382965,0.9888071,0.0,0.0,0.0,0.0,0.0,0.0,0.0,-0.4816647,-0.3254031,3.940421,1.391103,0.09220791,-3.731103,-0.02712951,-0.1170009,-0.01247557,0.9926828,356.7449,346.5859,358.9428,0.3536331,0.02465484,-0.9350586,0,0,0,1.26178,0.1577133,-2.830079,0.08295929,0.01546234,0.9087019,0.9723103,-0.01842022,0.2329664,0.03111693,0.9982167,-0.05094269,-0.2316125,0.0567813,0.9711496,moving,-3.240659,7.961853,5.216318,0.9748427,-0.163799021607666,2.5832538854153206,10.969903049290595,5.615393637810413,10.940602343639155
927,05/15/2023 18:38:05.802430,1110,True,True,True,True,Eyes,1.406177,0.09640103,-3.727977,-0.05914553,0.1356778,0.988986,0.0,0.0,0.0,0.0,0.0,0.0,0.0,-0.475307,-0.3182135,3.941446,1.391027,0.09214211,-3.730782,-0.02604667,-0.1177694,-0.01316277,0.9926121,356.8581,346.4989,358.8525,0.3535584,0.02461212,-0.935088,0,0,0,1.257765,0.1546691,-2.830061,0.08043501,0.01433859,0.9090043,0.9719142,-0.01999605,0.2344844,0.03226605,0.9982966,-0.04860812,-0.233113,0.05480881,0.9709039,moving,-3.422453,7.811575,5.056757,0.9037058,-0.1656726651023164,2.5600629405215534,10.936894399618598,5.478803754826178,10.907437105823192
928,05/15/2023 18:38:05.822447,1111,True,True,True,True,Eyes,1.405773,0.09622709,-3.727657,-0.0623524,0.1330646,0.989144,0.0,0.0,0.0,0.0,0.0,0.0,0.0,-0.4690541,-0.3151005,3.941927,1.390841,0.09196377,-3.730307,-0.02564096,-0.1185423,-0.01330501,0.9925288,356.9015,346.4099,358.8333,0.3534846,0.02456968,-0.9351169,0,0,0,1.253749,0.1516238,-2.830044,0.07805437,0.01212252,0.9091685,0.9715414,-0.02033214,0.2359955,0.03249028,0.9983311,-0.04774435,-0.2346309,0.05405318,0.9705806,moving,-3.606966,7.661716,4.906953,0.7639159,-0.1677761407002328,2.5369084632648,10.957484335289784,5.375535180878682,10.927939998290633
929,05/15/2023 18:38:05.832606,1112,True,True,True,True,Eyes,1.405373,0.09605983,-3.727331,-0.06548826,0.1304806,0.9892856,0.0,0.0,0.0,0.0,0.0,0.0,0.0,-0.4627858,-0.3053509,3.94315,1.390764,0.09170914,-3.730042,-0.02444476,-0.1193434,-0.01319717,0.9924644,357.0381,346.3165,358.8318,0.353412,0.0245274,-0.9351455,0,0,0,1.249689,0.1485453,-2.830027,0.07561934,0.01139443,0.9095655,0.971166,-0.0203608,0.2375334,0.03203008,0.9984566,-0.04537111,-0.2362429,0.05167109,0.9703192,moving,-3.787313,7.513589,4.75252,0.7177255,-0.1697071335267254,2.514039366272788,10.91386770941087,5.239757958168546,10.884162906186122
930,05/15/2023 18:38:05.852211,1113,True,True,True,True,Eyes,1.405004,0.09588569,-3.727002,-0.06870306,0.1278722,0.9894082,0.0,0.0,0.0,0.0,0.0,0.0,0.0,-0.4570684,-0.2972001,3.943893,1.390499,0.09163952,-3.729564,-0.02347186,-0.1200648,-0.01292929,0.9924043,357.1517,346.2319,358.8511,0.3533406,0.02448541,-0.9351736,0,0,0,1.245452,0.1453332,-2.830009,0.07302374,0.009961993,0.9097739,0.9708346,-0.02002588,0.2389127,0.03129846,0.9985638,-0.04348245,-0.2376987,0.04969187,0.9700671,moving,-3.972159,7.36415,4.589054,0.6273617,-0.1718666588125538,2.4909423528912984,10.893974693856503,5.112660595946001,10.864185604299912
931,05/15/2023 18:38:05.864375,1114,True,True,True,True,Eyes,1.404637,0.09570775,-3.726673,-0.07187996,0.1252372,0.9895195,0.0,0.0,0.0,0.0,0.0,0.0,0.0,-0.4500803,-0.2892063,3.944973,1.390296,0.09130859,-3.729312,-0.02258555,-0.1209534,-0.01252459,0.9923221,357.2571,346.1277,358.8875,0.353271,0.02444353,-0.935201,0,0,0,1.241627,0.1424324,-2.829992,0.07112655,0.008961186,0.9101392,0.9704268,-0.01939327,0.2406152,0.03032046,0.998666,-0.0417945,-0.2394837,0.04785408,0.9697204,moving,-4.154741,7.213209,4.468531,0.5641132,-0.1737475452333229,2.467649216372992,10.88904472135006,5.017389705530434,10.859111051995209
932,05/15/2023 18:38:05.882662,1115,True,True,True,True,Eyes,1.404291,0.09552953,-3.726344,-0.07513838,0.122529,0.9896165,0.0,0.0,0.0,0.0,0.0,0.0,0.0,-0.4413974,-0.2755353,3.946535,1.389994,0.09115887,-3.729008,-0.02092668,-0.1220442,-0.01218733,0.9922292,357.4493,346.0,358.9058,0.3532031,0.02440163,-0.9352278,0,0,0,1.237396,0.1392246,-2.829974,0.06927374,0.008878905,0.9104834,0.9699134,-0.01907728,0.2427018,0.02929321,0.998827,-0.03855334,-0.2416816,0.04450291,0.9693345,moving,-4.341952,7.058136,4.350942,0.5587226,-0.1756530208614145,2.443721658136984,10.853975338065567,4.903395143374095,10.823858835615882
933,05/15/2023 18:38:05.903015,1116,True,True,True,True,Eyes,1.403953,0.09535726,-3.72601,-0.07838777,0.1198257,0.9896954,0.0,0.0,0.0,0.0,0.0,0.0,0.0,-0.4302074,-0.2635826,3.948317,1.389796,0.09100628,-3.7288,-0.01950673,-0.1234598,-0.01178897,0.9920878,357.6149,345.8348,358.9348,0.3531371,0.02435971,-0.9352538,0,0,0,1.233537,0.1362989,-2.829957,0.06830651,0.008665044,0.9108486,0.9692374,-0.01857479,0.2454259,0.02820798,0.998961,-0.03579384,-0.2445059,0.0416157,0.9687544,moving,-4.528597,6.903388,4.288707,0.5450472,-0.1775418501716124,2.419845764548757,10.870756531049743,4.84378451722342,10.840437264549038
934,05/15/2023 18:38:05.912373,1117,True,True,True,True,Eyes,1.403655,0.09518418,-3.725667,-0.08181871,0.1170596,0.9897488,0.0,0.0,0.0,0.0,0.0,0.0,0.0,-0.4184988,-0.25299,3.949813,1.389668,0.09099865,-3.728366,-0.01821031,-0.1249466,-0.01153762,0.9919292,357.7643,345.6618,358.9484,0.3530731,0.02431791,-0.9352791,0,0,0,1.22949,0.1332298,-2.82994,0.06716689,0.007929165,0.9110631,0.9685104,-0.01833837,0.2482965,0.02743963,0.9990706,-0.0332435,-0.2474561,0.03900985,0.9681134,moving,-4.725676,6.745156,4.216426,0.4986441,-0.1799272956095668,2.395377865005087,10.907799920022626,4.788060283155119,10.877342374835452
935,05/15/2023 18:38:05.937019,1118,True,True,True,True,Eyes,1.403353,0.09501108,-3.725323,-0.08524125,0.1142913,0.9897835,0.0,0.0,0.0,0.0,0.0,0.0,0.0,-0.4065884,-0.2411205,3.951434,1.389486,0.09085655,-3.72805,-0.01672856,-0.1264414,-0.01144706,0.991767,357.9325,345.4881,358.9407,0.3530118,0.02427621,-0.9353033,0,0,0,1.225297,0.1300508,-2.829921,0.06597474,0.00753719,0.911438,0.9677631,-0.01847527,0.2511839,0.026936,0.9991782,-0.03028689,-0.2504179,0.03607643,0.9674655,moving,-4.922231,6.586828,4.140153,0.4738,-0.1822672940838553,2.3709007451666864,10.931418713608952,4.720414011082074,10.900889837793121
936,05/15/2023 18:38:05.952824,1119,True,True,True,True,Eyes,1.403061,0.09483555,-3.724979,-0.08874219,0.1114829,0.9897962,0.0,0.0,0.0,0.0,0.0,0.0,0.0,-0.3939092,-0.2293775,3.952963,1.389132,0.09070301,-3.727705,-0.01531776,-0.1280212,-0.01113703,0.9915906,358.0957,345.3041,358.9586,0.3529528,0.02423459,-0.9353266,0,0,0,1.221468,0.1271477,-2.829905,0.06545994,0.007343903,0.9116714,0.9669731,-0.01816475,0.2542304,0.02600874,0.9992827,-0.02752634,-0.253548,0.03322945,0.9667519,moving,-5.123271,6.426264,4.10691,0.4615321,-0.1847648771570772,2.3460630081954807,10.989734661566612,4.687209190463479,10.959135782008145
937,05/15/2023 18:38:05.962755,1120,True,True,True,True,Eyes,1.402762,0.0946503,-3.724631,-0.0922564,0.1086814,0.9897864,0.0,0.0,0.0,0.0,0.0,0.0,0.0,-0.3793952,-0.2190087,3.954615,1.388832,0.09050369,-3.727444,-0.01406784,-0.1298283,-0.01093075,0.9913765,358.239,345.0941,358.967,0.3528963,0.02419299,-0.935349,0,0,0,1.217587,0.124205,-2.829888,0.06528348,0.006855093,0.9120076,0.9660503,-0.01802018,0.257725,0.02532579,0.9993652,-0.02505481,-0.2571099,0.0307313,0.9658934,moving,-5.325062,6.266139,4.094372,0.4306549,-0.187350405782475,2.3212818131918125,11.080551049551136,4.680557326330366,11.049957503622721
938,05/15/2023 18:38:05.982219,1121,True,True,True,True,Eyes,1.402481,0.0944543,-3.72428,-0.09620632,0.1055989,0.989744,0.0,0.0,0.0,0.0,0.0,0.0,0.0,-0.36421,-0.2075655,3.95612,1.388408,0.09009933,-3.727039,-0.01275456,-0.131717,-0.01051634,0.9911497,358.3924,344.8743,358.9977,0.3528417,0.02415115,-0.9353707,0,0,0,1.213526,0.1211255,-2.829871,0.06517559,0.006577395,0.9122311,0.9650801,-0.01748655,0.2613708,0.02420653,0.9994534,-0.02251299,-0.2608342,0.02805371,0.9649758,moving,-5.551894,6.090029,4.086631,0.4131085,-0.190550835289092,2.293983961092822,11.18608915300362,4.67247011250667,11.155564070938192
939,05/15/2023 18:38:06.002266,1122,True,True,True,True,Eyes,1.402197,0.09427712,-3.723929,-0.1001732,0.1025075,0.9896754,0.0,0.0,0.0,0.0,0.0,0.0,0.0,-0.3477788,-0.192653,3.958009,1.38809,0.08969498,-3.726804,-0.01106732,-0.1337814,-0.009776705,0.9909008,358.5933,344.6335,359.0592,0.3527894,0.02410883,-0.9353915,0,0,0,1.209453,0.1180378,-2.829853,0.06532693,0.007014258,0.9126433,0.9640139,-0.01641429,0.2653445,0.02233669,0.9995639,-0.01931735,-0.2649117,0.02454911,0.9639601,moving,-5.779693,5.913435,4.094244,0.4403467,-0.1937850973293778,2.266608083876806,11.289345748074416,4.660732150830277,11.258977979508845
940,05/15/2023 18:38:06.013010,1123,True,True,True,True,Eyes,1.40192,0.09409483,-3.723575,-0.1044584,0.09929668,0.9895598,0.0,0.0,0.0,0.0,0.0,0.0,0.0,-0.3302956,-0.1798205,3.959694,1.387774,0.0899992,-3.726473,-0.009403375,-0.1359506,-0.009721749,0.9906234,358.781,344.3816,359.0426,0.3527389,0.02406654,-0.9354116,0,0,0,1.205491,0.1150333,-2.829836,0.06574607,0.006713543,0.912931,0.9628459,-0.01670439,0.2695345,0.02181797,0.9996341,-0.01598705,-0.2691688,0.02127376,0.9628581,moving,-6.025856,5.730124,4.119129,0.4213361,-0.1978491308731763,2.2381061592363034,11.450063301895383,4.6836901723507225,11.419948412619659
941,05/15/2023 18:38:06.042486,1124,True,True,True,True,Eyes,1.401636,0.0939125,-3.723218,-0.1087472,0.09611358,0.9894121,0.0,0.0,0.0,0.0,0.0,0.0,0.0,-0.3131108,-0.1707787,3.961046,1.387443,0.08973598,-3.726129,-0.00828146,-0.1380755,-0.009760619,0.990339,358.9057,344.135,359.0231,0.3526904,0.02402417,-0.935431,0,0,0,1.20146,0.1119774,-2.829818,0.06603539,0.005927442,0.9132702,0.9616798,-0.01704571,0.2736447,0.02161958,0.9996723,-0.0137075,-0.2733214,0.01909831,0.9617332,moving,-6.272254,5.548424,4.135661,0.3718643,-0.2020522073734688,2.2098337587404115,11.624175883686942,4.711038908848529,11.594448978506858
942,05/15/2023 18:38:06.052548,1125,True,True,True,True,Eyes,1.401353,0.0937366,-3.722855,-0.1131992,0.09284072,0.9892252,0.0,0.0,0.0,0.0,0.0,0.0,0.0,-0.2954948,-0.1604121,3.962353,1.38706,0.08957195,-3.725766,-0.007029056,-0.1402562,-0.009565753,0.9900442,359.0488,343.8816,359.0276,0.3526435,0.02398171,-0.9354498,0,0,0,1.197205,0.1087508,-2.8298,0.06627166,0.005136834,0.9136469,0.9604734,-0.0169693,0.2778542,0.02091277,0.9997182,-0.01123484,-0.2775853,0.01660146,0.9605576,moving,-6.528085,5.361616,4.148702,0.322133,-0.2065560579154166,2.1807446538921496,11.806361401831557,4.735262403607732,11.77713880226005
943,05/15/2023 18:38:06.062430,1126,True,True,True,True,Eyes,1.401067,0.09356409,-3.722494,-0.1176663,0.08962695,0.9890003,0.0,0.0,0.0,0.0,0.0,0.0,0.0,-0.2765189,-0.1516462,3.963506,1.386651,0.08957767,-3.72532,-0.006051277,-0.1426171,-0.008960626,0.9897189,359.1672,343.6071,359.0825,0.3525981,0.02393933,-0.935468,0,0,0,1.19343,0.1058884,-2.829784,0.06731656,0.004107796,0.9138044,0.9591601,-0.01601097,0.28241,0.01946303,0.9997662,-0.00942225,-0.2821932,0.014534,0.9592475,moving,-6.784872,5.178216,4.213157,0.2575582,-0.2113874835721653,2.152137087044131,12.048631252949102,4.81310949868609,12.019975710567705
944,05/15/2023 18:38:06.082499,1127,True,True,True,True,Eyes,1.400763,0.09339758,-3.722129,-0.1222424,0.08631583,0.9887398,0.0,0.0,0.0,0.0,0.0,0.0,0.0,-0.2569382,-0.1443067,3.964757,1.386364,0.08950424,-3.725069,-0.005155146,-0.145042,-0.008871073,0.9893724,359.2681,343.3256,359.0798,0.352554,0.02389712,-0.9354857,0,0,0,1.188157,0.1018909,-2.829761,0.06700137,0.001779115,0.9146146,0.9577683,-0.01605816,0.2870927,0.01904901,0.9997895,-0.007627358,-0.2869097,0.01277407,0.9578725,moving,-7.047974,4.989206,4.189799,0.111452,-0.2162544962759448,2.122667904195452,12.250715329483622,4.843376593383402,12.222753733766684
945,05/15/2023 18:38:06.102228,1128,True,True,True,True,Eyes,1.400456,0.09321961,-3.721768,-0.1268121,0.08304308,0.9884445,0.0,0.0,0.0,0.0,0.0,0.0,0.0,-0.2393028,-0.1327105,3.965628,1.38597,0.08951759,-3.724535,-0.003686804,-0.1472211,-0.008840137,0.9890574,359.433,343.072,359.0602,0.3525106,0.02385522,-0.9355031,0,0,0,1.185478,0.09985904,-2.82975,0.06869945,0.002419391,0.9144502,0.9564957,-0.01640125,0.2912853,0.01857235,0.9998165,-0.004690013,-0.291155,0.00989583,0.9566247,moving,-7.310804,4.802364,4.296361,0.1515889,-0.221265762321578,2.093512744029679,12.50423881601775,4.917318352481884,12.477113286045824
946,05/15/2023 18:38:06.112737,1129,True,True,True,True,Eyes,1.392788,0.08845806,-3.712711,-0.2412302,-0.002700245,0.9704642,0.9010742,1.175422,0.08602494,-2.838251,-0.4017501,-0.7185016,-0.5677608,0.06114283,-0.008945825,0.9085644,1.385629,0.08908653,-3.724314,-0.002520476,-0.1494392,-0.008682908,0.9887296,359.5657,342.814,359.0593,0.3524679,0.02381329,-0.9355203,0,0,0,1.18145,0.09680505,-2.829732,0.06924155,0.001919787,0.9150022,0.9551851,-0.01641678,0.2955536,0.01792341,0.9998364,-0.002389006,-0.2954661,0.007579274,0.9553231,moving,-13.95921,-0.1594208,4.327533,0.1202134,-0.3302032632876693,1.3221625352707953,18.28888090709376,4.8103210726648165,18.288786009343216
947,05/15/2023 18:38:06.132476,1130,True,True,True,True,Eyes,1.392776,0.08845299,-3.712699,-0.2413719,-0.002829799,0.9704286,0.8968041,1.176313,0.08591522,-2.842414,-0.07905274,-0.5262681,-0.846636,0.06463915,-0.004842724,0.9036793,1.385243,0.08864784,-3.723991,-0.0004939727,-0.15143,-0.008350827,0.9884326,359.7991,342.5814,359.0627,0.3523362,0.02366218,-0.9355735,0,0,0,1.177499,0.09380913,-2.829715,0.06944245,0.003088529,0.9154685,0.9539985,-0.01635885,0.2993648,0.01665806,0.99986,0.001552613,-0.2993484,0.003505648,0.9541375,moving,-13.96758,-0.1670758,4.337838,0.1932989,-0.3302338254978371,1.3209889950229845,18.308964964713983,4.802351457194658,18.30882979232122
948,05/15/2023 18:38:06.152251,1131,True,True,True,True,Eyes,1.39274,0.08843095,-3.712665,-0.2416643,-0.003156708,0.9703547,0.8957045,1.17628,0.08560347,-2.843514,0.1985426,-0.3348921,-0.9211015,0.06776215,-0.001805511,0.9020377,1.38496,0.08840275,-3.723692,0.00116834,-0.1532541,-0.007813099,0.9881553,-0.004914615,342.3684,359.0947,0.3522176,0.02352606,-0.9356215,0,0,0,1.173302,0.09062696,-2.829697,0.06903043,0.00323743,0.916108,0.9529043,-0.01579921,0.3028593,0.015083,0.9998752,0.004703781,-0.3028959,8.577644e-05,0.9530237,moving,-13.98486,-0.1863911,4.3092,0.2024764,-0.33003117893828,1.318061441563387,18.2981925122717,4.771477330617117,18.298030721872266
949,05/15/2023 18:38:06.162735,1132,True,True,True,True,Eyes,1.392695,0.08839945,-3.712626,-0.2420681,-0.003637234,0.9702524,0.8958488,1.175838,0.08514104,-2.843426,0.1690933,-0.3657086,-0.9152402,0.07060789,0.0004655689,0.9013719,1.384602,0.08814907,-3.723123,0.002498111,-0.154947,-0.007368147,0.9878922,0.1519706,342.1708,359.1215,0.3521103,0.02340302,-0.9356649,0,0,0,1.168995,0.08736162,-2.829678,0.06826849,0.002690093,0.9165486,0.9518743,-0.01533202,0.3061049,0.01378372,0.9998789,0.007219073,-0.3061785,-0.002652385,0.9519704,moving,-14.00873,-0.2147866,4.259771,0.168164,-0.3296215350066415,1.3137710346341698,18.27251433024589,4.730215567833878,18.272336276716743
950,05/15/2023 18:38:06.182212,1133,True,True,True,True,Eyes,1.392618,0.0883685,-3.712576,-0.2425664,-0.004288208,0.9701254,0.8980362,1.174784,0.08451753,-2.841368,0.6253842,-0.00800156,-0.780276,0.07322727,0.003875891,0.9032176,1.384378,0.08792496,-3.72298,0.004558115,-0.1565019,-0.006901003,0.9876431,0.392109,341.9886,359.1372,0.3520131,0.02329152,-0.9357042,0,0,0,1.165402,0.08463757,-2.829663,0.06792165,0.004013329,0.9172493,0.9509191,-0.01505816,0.3090732,0.01220475,0.9998632,0.01116362,-0.309199,-0.00684354,0.9509728,moving,-14.03819,-0.2532607,4.234982,0.2506901,-0.3288564694963353,1.3079829958101672,18.280119839607305,4.684708085162329,18.27983891105777
951,05/15/2023 18:38:06.202433,1134,True,True,True,True,Eyes,1.392529,0.08833241,-3.712514,-0.2431523,-0.005007015,0.9699752,0.901226,1.173394,0.08381996,-2.838347,0.8009219,0.1489125,-0.5799562,0.07578507,0.005877007,0.9057695,1.383977,0.08793068,-3.722561,0.005983009,-0.157975,-0.006292032,0.9874048,0.5630742,341.8165,359.1797,0.3519242,0.02319043,-0.9357401,0,0,0,1.161377,0.0815857,-2.829646,0.06711605,0.003636413,0.9178075,0.9500086,-0.0143159,0.3118953,0.01053523,0.9998492,0.01380327,-0.3120459,-0.009827338,0.9500161,moving,-14.07285,-0.2957584,4.182395,0.2270084,-0.3281658032796294,1.3015711272802954,18.262728578643646,4.6367924058493974,18.262392974798683
952,05/15/2023 18:38:06.212366,1135,True,True,True,True,Eyes,1.392401,0.08829845,-3.71244,-0.243792,-0.005862248,0.9698098,0.9067252,1.171349,0.082983,-2.833089,0.9279503,0.2927588,-0.2306526,0.07821947,0.007394121,0.9107631,1.383649,0.08778095,-3.722227,0.007108657,-0.1593477,-0.005661468,0.9871808,0.7007892,341.6564,359.2297,0.3518429,0.02309859,-0.935773,0,0,0,1.157428,0.07859114,-2.829628,0.06615359,0.002934341,0.9184816,0.9491525,-0.01344328,0.3145295,0.008912286,0.9998348,0.01583934,-0.3146904,-0.01223077,0.9491155,moving,-14.1107,-0.3463339,4.119612,0.1830465,-0.327096256549196,1.293970212577602,18.237996579264074,4.583379300693975,18.237607599151097
953,05/15/2023 18:38:06.232394,1136,True,True,True,True,Eyes,1.39226,0.08825509,-3.712355,-0.2445339,-0.006760254,0.9696172,0.0,0.0,0.0,0.0,0.0,0.0,0.0,-0.1295519,-0.02827618,3.969146,1.383083,0.08782005,-3.721703,0.008615654,-0.1607863,-0.004954552,0.9869394,0.883135,341.4885,359.2808,0.3517675,0.02301514,-0.9358034,0,0,0,1.153342,0.07549313,-2.829611,0.0653538,0.002656471,0.9189576,0.9482465,-0.01255024,0.3172873,0.007009123,0.9998024,0.0185995,-0.3174581,-0.015413,0.9481471,moving,-14.15462,-0.3994646,4.067873,0.1656269,-0.3262756300525146,1.2859489442633758,18.231252824159434,4.5347175949396075,18.23076372169718
954,05/15/2023 18:38:06.252553,1137,True,True,True,True,Eyes,1.392063,0.08819897,-3.712267,-0.245376,-0.00777895,0.9693968,0.0,0.0,0.0,0.0,0.0,0.0,0.0,-0.1161923,-0.01978023,3.969183,1.382665,0.08755779,-3.721407,0.009516256,-0.1624237,-0.004210764,0.9866664,0.9976203,341.2981,359.3467,0.3516971,0.02293902,-0.9358317,0,0,0,1.149323,0.07244557,-2.829593,0.06491929,0.00164011,0.9196697,0.9472017,-0.01140057,0.3204358,0.005217908,0.9997834,0.0201466,-0.320596,-0.01741088,0.9470561,moving,-14.20449,-0.4597616,4.037799,0.1021794,-0.3253462147377609,1.2768455349535572,18.25094204820677,4.518503811384444,18.250358659942787
955,05/15/2023 18:38:06.262780,1138,True,True,True,True,Eyes,1.391861,0.08813464,-3.71217,-0.2463088,-0.008919219,0.9691504,0.0,0.0,0.0,0.0,0.0,0.0,0.0,-0.1032897,-0.005264174,3.96894,1.382223,0.08721066,-3.720892,0.01117714,-0.1640097,-0.003446255,0.9863893,1.198692,341.113,359.4003,0.3516303,0.02286918,-0.9358585,0,0,0,1.145057,0.06921133,-2.829575,0.06410858,0.001923075,0.9202738,0.9461778,-0.01046502,0.3234779,0.003132375,0.9997264,0.02318047,-0.323632,-0.02091959,0.9459517,moving,-14.25977,-0.5272858,3.98493,0.1197295,-0.3242640541323558,1.266655949738401,18.25616900908934,4.45921446863449,18.255392397749674
956,05/15/2023 18:38:06.282676,1139,True,True,True,True,Eyes,1.391643,0.08806064,-3.712059,-0.2473239,-0.01016704,0.9688795,0.0,0.0,0.0,0.0,0.0,0.0,0.0,-0.09032679,0.01170935,3.968853,1.381926,0.08697033,-3.720592,0.01311453,-0.1656122,-0.002401561,0.986101,1.4365,340.9261,359.4796,0.3515664,0.02280479,-0.9358842,0,0,0,1.14126,0.06633263,-2.829559,0.0637005,0.003030509,0.9209886,0.9451337,-0.009080216,0.3265577,0.0003925133,0.9996445,0.02665995,-0.3266837,-0.02506904,0.9448012,moving,-14.31997,-0.6012174,3.956581,0.1885308,-0.3230554858806861,1.2555023155430325,18.29360595057749,4.410636764262206,18.29254057475879
957,05/15/2023 18:38:06.302466,1140,True,True,True,True,Eyes,1.391427,0.08797846,-3.711934,-0.248395,-0.01157503,0.9685897,0.0,0.0,0.0,0.0,0.0,0.0,0.0,-0.07709521,0.02690084,3.968447,1.381614,0.08669567,-3.720064,0.01482804,-0.1672515,-0.001386476,0.9858019,1.648698,340.7354,359.559,0.3515051,0.02274508,-0.9359087,0,0,0,1.137123,0.0631959,-2.829541,0.0629856,0.003503202,0.9216174,0.9440501,-0.007693605,0.3297125,-0.002226438,0.9995564,0.0296988,-0.3297947,-0.02877124,0.9436142,moving,-14.38354,-0.6846745,3.909655,0.2177885,-0.321371591958313,1.2429499581688035,18.31544219434502,4.353451738238655,18.31405421685803
958,05/15/2023 18:38:06.312710,1141,True,True,True,True,Eyes,1.391184,0.08790537,-3.711803,-0.2495333,-0.01306474,0.9682781,0.0,0.0,0.0,0.0,0.0,0.0,0.0,-0.06716055,0.04807379,3.967945,1.381451,0.08646011,-3.719614,0.01742628,-0.168488,-0.0009498548,0.9855492,1.950086,340.5896,359.556,0.3514461,0.02268937,-0.9359322,0,0,0,1.133228,0.06024241,-2.829524,0.06164902,0.005650099,0.9223499,0.9432218,-0.007744499,0.3320733,-0.00399998,0.9993908,0.034669,-0.3321395,-0.03402885,0.9426162,moving,-14.45116,-0.7730313,3.82391,0.3509761,-0.3196119988212469,1.2296578839643275,18.309603385659525,4.235664792235848,18.307676854559936
959,05/15/2023 18:38:06.332535,1142,True,True,True,True,Eyes,1.390936,0.08782299,-3.711667,-0.2507166,-0.0146156,0.9679502,0.0,0.0,0.0,0.0,0.0,0.0,0.0,-0.05886841,0.06148092,3.967378,1.381005,0.08662891,-3.719228,0.01909581,-0.1694831,-0.0005855591,0.9853479,2.145285,340.4727,359.5627,0.3513888,0.02263751,-0.935955,0,0,0,1.129226,0.05720808,-2.829507,0.06005688,0.005598053,0.9231594,0.9425503,-0.007626791,0.3339772,-0.005318874,0.99927,0.03783051,-0.3340219,-0.03743354,0.9418217,moving,-14.5215,-0.8650737,3.722178,0.3474382,-0.3177716771131077,1.2158122408627292,18.28392660440655,4.132222993553297,18.28158053140198
960,05/15/2023 18:38:06.352770,1143,True,True,True,True,Eyes,1.390663,0.08773964,-3.711524,-0.2520108,-0.01621179,0.9675886,0.0,0.0,0.0,0.0,0.0,0.0,0.0,-0.04922146,0.07392483,3.966903,1.380649,0.08634663,-3.718947,0.02056683,-0.1706524,-0.0001313541,0.9851167,2.319774,340.3358,359.5826,0.3513329,0.02258888,-0.9359773,0,0,0,1.124863,0.05389943,-2.829488,0.05840258,0.005391117,0.9242162,0.9417555,-0.007278354,0.3362197,-0.006760761,0.9991539,0.04056628,-0.3362306,-0.04047662,0.9409095,moving,-14.59849,-0.959892,3.615797,0.3342127,-0.3162058354377948,1.2015094500587065,18.26020147459855,4.026518341017865,18.257374347745465
961,05/15/2023 18:38:06.362464,1144,True,True,True,True,Eyes,1.390393,0.08765367,-3.711377,-0.2533467,-0.01782365,0.9672114,0.0,0.0,0.0,0.0,0.0,0.0,0.0,-0.03923732,0.08766289,3.966194,1.380249,0.08625126,-3.718521,0.02216963,-0.1718635,0.0006451748,0.9848711,2.515533,340.1947,359.6358,0.3512777,0.02254314,-0.9359991,0,0,0,1.121147,0.05108256,-2.829472,0.05742152,0.005796438,0.9249024,0.940925,-0.006349474,0.3385555,-0.008891132,0.9990162,0.0434467,-0.3384983,-0.04389022,0.9399429,moving,-14.67802,-1.05572,3.552584,0.3590726,-0.3147486597500684,1.1870393185835353,18.28541933634093,3.9549703903128686,18.28199211163398
962,05/15/2023 18:38:06.382420,1145,True,True,True,True,Eyes,1.390129,0.08756877,-3.711218,-0.2547729,-0.01944285,0.9668055,0.0,0.0,0.0,0.0,0.0,0.0,0.0,-0.02930468,0.09600496,3.965786,1.380073,0.08611488,-3.718269,0.02309243,-0.1730857,0.001332878,0.9846352,2.632902,340.053,359.692,0.3512233,0.02249993,-0.9360206,0,0,0,1.117078,0.04799725,-2.829454,0.05597916,0.004724629,0.9259872,0.9400791,-0.00536914,0.3409142,-0.01061874,0.9989299,0.04501382,-0.340791,-0.04593663,0.9390161,moving,-14.76298,-1.152086,3.45952,0.2923355,-0.3136464305289782,1.172444395133063,18.27965699130217,3.8744517779633196,18.2757240691592
963,05/15/2023 18:38:06.402373,1146,True,True,True,True,Eyes,1.389869,0.08748376,-3.711049,-0.256216,-0.02105004,0.9663903,0.0,0.0,0.0,0.0,0.0,0.0,0.0,-0.01996964,0.1045773,3.965187,1.379859,0.08606625,-3.717879,0.02413357,-0.1742346,0.001608456,0.9844071,2.755558,339.9186,359.6992,0.3511698,0.02245904,-0.9360417,0,0,0,1.112854,0.0447946,-2.829436,0.05426018,0.003584206,0.9270215,0.9392794,-0.005243055,0.3431131,-0.01157656,0.99883,0.04695403,-0.3429579,-0.04807502,0.9381198,moving,-14.84902,-1.247827,3.3498,0.2215254,-0.3126701961118049,1.1579298754655,18.258040581283243,3.7802832273626086,18.25355625270965
964,05/15/2023 18:38:06.412910,1147,True,True,True,True,Eyes,1.38962,0.08741085,-3.710868,-0.2578319,-0.02259855,0.9659255,0.0,0.0,0.0,0.0,0.0,0.0,0.0,-0.01225787,0.1098416,3.964639,1.379703,0.08598995,-3.717474,0.02479888,-0.17519,0.001605487,0.9842211,2.830284,339.8064,359.6828,0.3511173,0.02242024,-0.9360623,0,0,0,1.109035,0.04189837,-2.82942,0.05250919,0.00202053,0.9279446,0.9386118,-0.005528724,0.344931,-0.01184934,0.9987649,0.04825262,-0.3447718,-0.04937768,0.937387,moving,-14.94536,-1.340233,3.238717,0.1247571,-0.3126968714095438,1.1438047381409406,18.2429946098503,3.6947257780301843,18.237976336472045
965,05/15/2023 18:38:06.432786,1148,True,True,True,True,Eyes,1.389367,0.08732979,-3.710685,-0.2594672,-0.02410351,0.9654511,0.0,0.0,0.0,0.0,0.0,0.0,0.0,-0.004021108,0.1132127,3.964155,1.379349,0.08621693,-3.717166,0.02528506,-0.176184,0.001462352,0.9840313,2.881925,339.6896,359.654,0.3510661,0.02238362,-0.9360825,0,0,0,1.105023,0.03885658,-2.829402,0.05088162,-0.0003458299,0.9289964,0.9379141,-0.006031646,0.3468152,-0.01178765,0.998717,0.04924729,-0.3466672,-0.05027787,0.9366397,moving,-15.04293,-1.430153,3.134988,-0.02132903,-0.3130013107065393,1.1300262085879496,18.2324295636421,3.635140873772359,18.226909536635745
966,05/15/2023 18:38:06.452340,1149,True,True,True,True,Eyes,1.38911,0.08725564,-3.710496,-0.2612647,-0.0255946,0.9649278,0.0,0.0,0.0,0.0,0.0,0.0,0.0,0.004997075,0.1153361,3.963762,1.379014,0.08594608,-3.716943,0.02551128,-0.1772738,0.00151674,0.9838297,2.908165,339.5624,359.6523,0.351016,0.02234876,-0.9361022,0,0,0,1.100845,0.03568923,-2.829384,0.04928176,-0.002769452,0.9301769,0.9371434,-0.006060533,0.3488918,-0.01202939,0.9986938,0.04965974,-0.348737,-0.05073526,0.9358463,moving,-15.1502,-1.519408,3.032756,-0.1705884,-0.3140628762473286,1.1162584980889931,18.2329153788219,3.585689826173856,18.2268496553364
967,05/15/2023 18:38:06.462806,1150,True,True,True,True,Eyes,1.388855,0.08718541,-3.710304,-0.2630939,-0.02703441,0.9643914,0.0,0.0,0.0,0.0,0.0,0.0,0.0,0.01550967,0.1217624,3.963102,1.378555,0.08604622,-3.716642,0.02632155,-0.1785365,0.001653681,0.9835798,3.001906,339.4145,359.6474,0.3509667,0.02231566,-0.9361214,0,0,0,1.097007,0.03277855,-2.829368,0.04842623,-0.004212696,0.9311277,0.936244,-0.006145662,0.3512969,-0.01265177,0.9986089,0.05118821,-0.3511228,-0.05236918,0.9348637,moving,-15.25944,-1.60573,2.977165,-0.2592212,-0.3154899552493426,1.1028951834473624,18.286247506651073,3.5632762587798004,18.27951955034766
968,05/15/2023 18:38:06.482214,1151,True,True,True,True,Eyes,1.388603,0.08711635,-3.710111,-0.2650514,-0.02843701,0.9638149,0.0,0.0,0.0,0.0,0.0,0.0,0.0,0.0264678,0.1226373,3.962748,1.378366,0.08607388,-3.716425,0.02640947,-0.179883,0.001796897,0.9833318,3.014289,339.2578,359.6576,0.3509184,0.02228426,-0.9361403,0,0,0,1.092967,0.02971547,-2.82935,0.0473121,-0.007059358,0.9323314,0.9352778,-0.005967337,0.3538642,-0.01303512,0.9985986,0.05129208,-0.3536744,-0.05258501,0.9338893,moving,-15.37638,-1.690001,2.90504,-0.4338197,-0.3176333202532995,1.0897594015409426,18.32452751573338,3.564676227615172,18.317204219137324
969,05/15/2023 18:38:06.502226,1152,True,True,True,True,Eyes,1.388346,0.08704447,-3.709914,-0.2670331,-0.02980211,0.9632264,0.0,0.0,0.0,0.0,0.0,0.0,0.0,0.03604394,0.1233632,3.962362,1.378076,0.08602142,-3.716227,0.02644315,-0.1810446,0.002089452,0.9831172,3.023755,339.1231,359.6864,0.3508709,0.0222544,-0.9361588,0,0,0,1.088894,0.02662705,-2.829333,0.04591379,-0.009913296,0.9335558,0.934437,-0.005466426,0.3560866,-0.01368313,0.9985928,0.05123686,-0.3558656,-0.05275,0.9330472,moving,-15.49485,-1.772159,2.81563,-0.6083928,-0.3200480806288778,1.0769139875690177,18.347425694049353,3.559878648712987,18.339455968128906
970,05/15/2023 18:38:06.513032,1153,True,True,True,True,Eyes,1.388094,0.0869718,-3.709718,-0.2691453,-0.03121144,0.9625937,0.0,0.0,0.0,0.0,0.0,0.0,0.0,0.04710126,0.1254626,3.961821,1.377746,0.08588028,-3.715969,0.02662521,-0.1823873,0.002478948,0.9828631,3.051993,338.9673,359.7223,0.3508241,0.02222587,-0.9361771,0,0,0,1.084841,0.02355388,-2.829315,0.04488978,-0.0123622,0.9347009,0.9334574,-0.00483927,0.3586555,-0.01458513,0.9985699,0.05143362,-0.3583915,-0.05324213,0.9320519,moving,-15.62122,-1.857126,2.749564,-0.7577406,-0.3228258984551811,1.0635957434401626,18.403650535488584,3.5716726843406885,18.394917774970896
971,05/15/2023 18:38:06.532703,1154,True,True,True,True,Eyes,1.387837,0.08689079,-3.709524,-0.2712943,-0.0326183,0.9619435,0.0,0.0,0.0,0.0,0.0,0.0,0.0,0.05940861,0.1280743,3.961368,1.377415,0.08578873,-3.715876,0.02687151,-0.1838768,0.002911837,0.9825777,3.08845,338.7944,359.7613,0.350778,0.0221985,-0.936195,0,0,0,1.080827,0.0205109,-2.829298,0.04424602,-0.01468662,0.9359875,0.9323617,-0.00415988,0.361503,-0.01560431,0.9985389,0.05173584,-0.3611901,-0.05387752,0.9309344,moving,-15.7499,-1.942084,2.706472,-0.8989568,-0.3257727176803081,1.0502586047558355,18.485826509998518,3.604712016519154,18.476268724127422
972,05/15/2023 18:38:06.552673,1155,True,True,True,True,Eyes,1.387584,0.08680417,-3.709326,-0.2735682,-0.03417709,0.9612452,0.0,0.0,0.0,0.0,0.0,0.0,0.0,0.07247871,0.13375,3.960728,1.377083,0.08551407,-3.715755,0.02750543,-0.1854615,0.003241718,0.9822612,3.166485,338.6095,359.78,0.3507325,0.02217198,-0.9362127,0,0,0,1.076649,0.01734273,-2.82928,0.0436403,-0.01625331,0.9373244,0.931187,-0.003833969,0.3645217,-0.01657083,0.9984659,0.0528326,-0.364165,-0.05523746,0.929695,moving,-15.88623,-2.036294,2.665673,-0.9934159,-0.3285767756971304,1.0355246528165511,18.581192094504285,3.6169229306312083,18.57063432798962
973,05/15/2023 18:38:06.562372,1156,True,True,True,True,Eyes,1.387327,0.08671911,-3.709131,-0.2758823,-0.03579254,0.9605247,0.0,0.0,0.0,0.0,0.0,0.0,0.0,0.08549649,0.1451133,3.959759,1.376672,0.08531857,-3.715583,0.02884324,-0.187029,0.003783152,0.9819237,3.328397,338.4263,359.8072,0.3506877,0.02214608,-0.9362301,0,0,0,1.072902,0.01450195,-2.829264,0.04346384,-0.01621287,0.9384563,0.9300117,-0.003359512,0.3675146,-0.01821858,0.9983075,0.05522859,-0.3670781,-0.05805883,0.9283764,moving,-16.02515,-2.134055,2.651713,-0.9897492,-0.3313008190158982,1.0202576165902308,18.711885187887475,3.597012489160832,18.70016909214465
974,05/15/2023 18:38:06.582570,1157,True,True,True,True,Eyes,1.387068,0.08663063,-3.708932,-0.2783107,-0.03751091,0.9597584,0.0,0.0,0.0,0.0,0.0,0.0,0.0,0.09969509,0.1569428,3.958757,1.376332,0.08529377,-3.715476,0.03029791,-0.1887484,0.004115769,0.9815494,3.499022,338.2243,359.8073,0.3506432,0.02212077,-0.9362473,0,0,0,1.068902,0.01146904,-2.829246,0.04333043,-0.01635369,0.9397984,0.9287143,-0.003357701,0.370781,-0.01951702,0.9981302,0.05792411,-0.3702823,-0.06103149,0.9269121,moving,-16.1711,-2.238192,2.639815,-0.9969186,-0.3340545781202978,1.004012604685713,18.85182438892248,3.5843585135355,18.838814103652147
975,05/15/2023 18:38:06.602624,1158,True,True,True,True,Eyes,1.386805,0.08653118,-3.708738,-0.2807667,-0.0392914,0.9589714,0.0,0.0,0.0,0.0,0.0,0.0,0.0,0.1138164,0.1646606,3.957709,1.375903,0.08513927,-3.715262,0.03119209,-0.1904522,0.004568521,0.9811902,3.609208,338.0253,359.8326,0.3505991,0.02209591,-0.9362645,0,0,0,1.064752,0.008322768,-2.829228,0.04305717,-0.01748486,0.9410694,0.9274142,-0.002916026,0.3740246,-0.02084638,0.9980124,0.05947056,-0.3734546,-0.06295091,0.92551,moving,-16.31893,-2.346236,2.619653,-1.06442,-0.3366496458650249,0.9871895392853992,18.98191187172001,3.5984478647932905,18.967509699721532
976,05/15/2023 18:38:06.622610,1159,True,True,True,True,Eyes,1.386543,0.08643011,-3.708539,-0.2832909,-0.04121508,0.958148,0.0,0.0,0.0,0.0,0.0,0.0,0.0,0.127663,0.1779854,3.956525,1.375572,0.08479881,-3.715196,0.03273349,-0.1921205,0.005304719,0.980811,3.798572,337.8304,359.8753,0.3505552,0.02207118,-0.9362815,0,0,0,1.060842,0.005357894,-2.829212,0.04290023,-0.01694889,0.9424465,0.9261231,-0.00217169,0.377215,-0.0229834,0.9978008,0.06217244,-0.3765204,-0.06624901,0.9240365,moving,-16.47111,-2.46308,2.606309,-1.030292,-0.3388957019272022,0.9690634751089224,19.131147303664385,3.5597265417588084,19.115080755444694
977,05/15/2023 18:38:06.632563,1160,True,True,True,True,Eyes,1.386279,0.08632626,-3.708347,-0.2858387,-0.04321195,0.9573029,0.0,0.0,0.0,0.0,0.0,0.0,0.0,0.1413427,0.1898985,3.955179,1.375123,0.08468342,-3.715017,0.03410982,-0.1937567,0.006144417,0.9804373,3.971837,337.6399,359.9328,0.3505116,0.02204653,-0.9362984,0,0,0,1.0568,0.002292845,-2.829194,0.04262249,-0.01700946,0.9437647,0.9248412,-0.001169583,0.3803518,-0.02526645,0.9975976,0.06450404,-0.3795134,-0.06926613,0.9225897,moving,-16.62497,-2.584535,2.585846,-1.032529,-0.3409152151687381,0.9502599067905048,19.27340587467332,3.5351637952869277,19.255523687347427
978,05/15/2023 18:38:06.652727,1161,True,True,True,True,Eyes,1.386003,0.08621038,-3.708149,-0.2884202,-0.04533004,0.9564303,0.0,0.0,0.0,0.0,0.0,0.0,0.0,0.1553057,0.2048757,3.953762,1.374844,0.08453751,-3.714968,0.03588532,-0.1954387,0.006921112,0.9800348,4.188788,337.4431,359.9735,0.350468,0.02202187,-0.9363154,0,0,0,1.052512,-0.0009580083,-2.829176,0.04212578,-0.01646523,0.9454049,0.9235116,-0.0004609026,0.3835703,-0.02759262,0.9973287,0.06763241,-0.3825768,-0.07304302,0.9210319,moving,-16.78116,-2.713504,2.551323,-0.9977661,-0.3425358512304378,0.930355853373461,19.408468653832156,3.47736585908435,19.38848961962943
979,05/15/2023 18:38:06.662111,1162,True,True,True,True,Eyes,1.385731,0.08609886,-3.707953,-0.2910153,-0.04754199,0.9555364,0.0,0.0,0.0,0.0,0.0,0.0,0.0,0.1679444,0.2177189,3.952086,1.374406,0.08415413,-3.714635,0.03732655,-0.196947,0.007927954,0.9796713,4.373523,337.2681,0.04774454,0.3504244,0.02199691,-0.9363323,0,0,0,1.048426,-0.004056067,-2.829158,0.04149379,-0.0161029,0.9466439,0.922298,0.0008308725,0.3864785,-0.03023628,0.9970877,0.07001272,-0.3852948,-0.07625826,0.9196371,moving,-16.93848,-2.84836,2.509812,-0.9745363,-0.3437933013377333,0.9095956801779916,19.538353998634218,3.419505305530649,19.51604875640083
980,05/15/2023 18:38:06.682384,1163,True,True,True,True,Eyes,1.385456,0.08598659,-3.707755,-0.2936422,-0.04981689,0.9546164,0.0,0.0,0.0,0.0,0.0,0.0,0.0,0.1811458,0.2352793,3.950303,1.374259,0.08418465,-3.714483,0.03945445,-0.1985472,0.008739977,0.9792579,4.63126,337.0804,0.08336521,0.3503808,0.02197178,-0.9363492,0,0,0,1.044883,-0.00674237,-2.829143,0.04139452,-0.01449286,0.9479766,0.9210053,0.001450248,0.3895473,-0.03278452,0.9967339,0.07380158,-0.388168,-0.08074276,0.9180448,moving,-17.09802,-2.987284,2.500299,-0.8758814,-0.344904650121027,0.8882313386322108,19.71172566177421,3.3477272238440294,19.686716843880866
981,05/15/2023 18:38:06.702592,1164,True,True,True,True,Eyes,1.385179,0.08587011,-3.707556,-0.2962814,-0.05214393,0.9536762,0.0,0.0,0.0,0.0,0.0,0.0,0.0,0.1936762,0.2447969,3.94877,1.373951,0.08407688,-3.714217,0.04058925,-0.200061,0.009234526,0.9788988,4.770253,336.903,0.105715,0.3503371,0.02194648,-0.9363661,0,0,0,1.040664,-0.009941638,-2.829124,0.04061195,-0.0151905,0.9494354,0.9197807,0.001838684,0.3924286,-0.03431998,0.9965345,0.07577059,-0.3909293,-0.08316046,0.9166563,moving,-17.25861,-3.129632,2.449325,-0.9166265,-0.3458333819632008,0.8663656276457323,19.831795060136518,3.3154141984834706,19.80411099653893
982,05/15/2023 18:38:06.722272,1165,True,True,True,True,Eyes,1.384891,0.08575421,-3.707354,-0.2989497,-0.05456074,0.9527078,0.0,0.0,0.0,0.0,0.0,0.0,0.0,0.2063793,0.2591159,3.946948,1.373678,0.08389664,-3.714041,0.04244434,-0.2016086,0.00897332,0.978505,4.972765,336.7168,0.02568405,0.3502932,0.02192093,-0.9363831,0,0,0,1.036702,-0.01294557,-2.829108,0.04025383,-0.014489,0.9508997,0.9185469,0.0004465851,0.3953117,-0.03467517,0.9962359,0.07944581,-0.3937883,-0.08668221,0.9151049,moving,-17.42131,-3.277699,2.424018,-0.8729565,-0.3464830505905992,0.8436593818069621,19.990493488628292,3.2592094374242824,19.959675230507433
983,05/15/2023 18:38:06.732812,1166,True,True,True,True,Eyes,1.384602,0.08562634,-3.707159,-0.3016297,-0.05700804,0.9517193,0.0,0.0,0.0,0.0,0.0,0.0,0.0,0.217672,0.2742067,3.944866,1.37325,0.08384609,-3.713717,0.04440184,-0.2029704,0.008800799,0.9781381,5.188625,336.5521,359.9535,0.3502491,0.02189517,-0.9364002,0,0,0,1.032708,-0.01597396,-2.82909,0.03959781,-0.01373003,0.9522294,0.9174511,-0.000807722,0.3978477,-0.03524131,0.9959021,0.08328965,-0.3962846,-0.09043485,0.913663,moving,-17.58504,-3.427924,2.381234,-0.8260804,-0.3470444550402501,0.8206339262099258,20.135085983475136,3.186717966871531,20.10086343797999
984,05/15/2023 18:38:06.752476,1167,True,True,True,True,Eyes,1.384292,0.08548937,-3.706972,-0.3043577,-0.05953508,0.9506955,0.0,0.0,0.0,0.0,0.0,0.0,0.0,0.230616,0.2871733,3.94308,1.372982,0.0834713,-3.713689,0.0460357,-0.2045418,0.008673109,0.9777362,5.368996,336.3633,359.8922,0.3502047,0.02186891,-0.9364175,0,0,0,1.028323,-0.01929857,-2.829071,0.03895678,-0.01348688,0.9540437,0.9161749,-0.001872421,0.4007743,-0.03579247,0.995611,0.08647352,-0.3991773,-0.09356958,0.9120867,moving,-17.75206,-3.583335,2.338278,-0.8099101,-0.3474531151694467,0.7968342407812097,20.280867008838257,3.129661163707944,20.242991055713105
985,05/15/2023 18:38:06.762213,1168,True,True,True,True,Eyes,1.383982,0.08534604,-3.706788,-0.3070865,-0.06210341,0.9496531,0.0,0.0,0.0,0.0,0.0,0.0,0.0,0.2426316,0.3046029,3.940761,1.372588,0.08317089,-3.713535,0.04822365,-0.2059842,0.008728951,0.9773273,5.61576,336.1888,359.8385,0.3501593,0.02184197,-0.936435,0,0,0,1.024719,-0.02203134,-2.829056,0.03886086,-0.0116594,0.9553728,0.9149886,-0.002804536,0.4034699,-0.03692871,0.9951966,0.09066454,-0.4017862,-0.09785664,0.91049,moving,-17.91949,-3.741581,2.329286,-0.6992047,-0.3476770993148136,0.7726234467400868,20.476058777239768,3.0548992665273813,20.433943527506997
986,05/15/2023 18:38:06.792448,1169,True,True,True,True,Eyes,1.383661,0.08519308,-3.706612,-0.3098825,-0.06470353,0.9485706,0.0,0.0,0.0,0.0,0.0,0.0,0.0,0.2549129,0.3189471,3.938651,1.372328,0.08290291,-3.713424,0.05000642,-0.207472,0.008880684,0.9769217,5.819201,336.0102,359.8043,0.3501132,0.02181425,-0.9364529,0,0,0,1.020275,-0.02540072,-2.829036,0.03796679,-0.01118212,0.9572077,0.9137531,-0.00339839,0.4062558,-0.03810132,0.994841,0.09401971,-0.4044795,-0.1013897,0.9089095,moving,-18.09137,-3.902193,2.271395,-0.6693001,-0.3480462794337312,0.7480336542170911,20.617802864226235,2.9783061607639563,20.571358476855487
987,05/15/2023 18:38:06.812499,1170,True,True,True,True,Eyes,1.383336,0.08505166,-3.706434,-0.3126843,-0.06733575,0.9474673,0.0,0.0,0.0,0.0,0.0,0.0,0.0,0.2675335,0.3317493,3.936551,1.372031,0.0823288,-3.71333,0.05152793,-0.2089919,0.00920861,0.9765157,5.997478,335.8291,359.7953,0.3500661,0.0217856,-0.9364712,0,0,0,1.016786,-0.02804677,-2.829021,0.03802484,-0.01014088,0.9585582,0.9124752,-0.003553134,0.4091166,-0.03952254,0.9945201,0.0967866,-0.4072186,-0.1044847,0.9073346,moving,-18.26398,-4.065131,2.271663,-0.606127,-0.3482926214636092,0.7231031241373511,20.824921178613497,2.9378597960680435,20.773748549697867
988,05/15/2023 18:38:06.832759,1171,True,True,True,True,Eyes,1.382986,0.08490051,-3.706263,-0.3155392,-0.06992456,0.9463328,0.0,0.0,0.0,0.0,0.0,0.0,0.0,0.2811089,0.3449178,3.934148,1.371627,0.08249474,-3.713133,0.05316833,-0.2106164,0.009713854,0.9760736,6.193362,335.6362,359.8021,0.350018,0.02175639,-0.9364899,0,0,0,1.011893,-0.03175661,-2.829,0.03706913,-0.01055626,0.9605546,0.9110928,-0.003433364,0.4121871,-0.04135911,0.9941576,0.09970059,-0.4101213,-0.1078842,0.9056278,moving,-18.44012,-4.225907,2.210027,-0.6296412,-0.3489597990022662,0.6984525266048613,20.96095653413409,2.8830966657597616,20.9051624208077
989,05/15/2023 18:38:06.853087,1172,True,True,True,True,Eyes,1.382637,0.08474699,-3.706089,-0.3185179,-0.07249723,0.9451405,0.0,0.0,0.0,0.0,0.0,0.0,0.0,0.2972892,0.3554016,3.931672,1.371148,0.08235359,-3.712938,0.05439603,-0.2125469,0.01045669,0.9755797,6.348772,335.4097,359.8431,0.3499683,0.02172644,-0.9365091,0,0,0,1.008466,-0.03435444,-2.828985,0.03807612,-0.01031678,0.9617558,0.9094288,-0.002720739,0.4158506,-0.04352609,0.9938635,0.1016902,-0.4135753,-0.1105804,0.9037298,moving,-18.62412,-4.386298,2.267168,-0.6145899,-0.3502288392610367,0.6737885794166008,21.229029565445277,2.9173078892015316,21.168286109795595
990,05/15/2023 18:38:06.862452,1173,True,True,True,True,Eyes,1.382287,0.08459537,-3.705917,-0.3215168,-0.07507829,0.9439228,0.0,0.0,0.0,0.0,0.0,0.0,0.0,0.3133369,0.3666836,3.929087,1.370708,0.08216667,-3.712786,0.05574291,-0.214467,0.01104896,0.9750768,6.514029,335.183,359.8637,0.3499174,0.02169576,-0.9365288,0,0,0,1.001676,-0.03950317,-2.828956,0.03603888,-0.01221889,0.9647245,0.9077637,-0.002362852,0.4194754,-0.0454572,0.9935414,0.1039679,-0.4170118,-0.1134465,0.9017933,moving,-18.80975,-4.547651,2.139384,-0.7256508,-0.3515438474224582,0.6489721012954494,21.29492664647512,2.845050028001371,21.229417791252867
991,05/15/2023 18:38:06.885318,1174,True,True,True,True,Eyes,1.381935,0.0844394,-3.70574,-0.3245642,-0.07761385,0.942674,0.0,0.0,0.0,0.0,0.0,0.0,0.0,0.3290862,0.3776329,3.926523,1.370362,0.08208656,-3.712662,0.05710246,-0.2163693,0.01134644,0.9745743,6.673491,334.9564,359.8503,0.3498652,0.02166447,-0.936549,0,0,0,0.9976986,-0.04251887,-2.828939,0.03649163,-0.0122909,0.9663778,0.9061112,-0.002594535,0.4230317,-0.04682633,0.9932212,0.1063911,-0.4204401,-0.1162112,0.8998473,moving,-18.99867,-4.706758,2.162533,-0.7286787,-0.3532685603379358,0.6244497280328667,21.531874682068384,2.8566088345710705,21.461029338127
992,05/15/2023 18:38:06.912194,1175,True,True,True,True,Eyes,1.381583,0.08428291,-3.705562,-0.3276163,-0.08017213,0.9414032,0.0,0.0,0.0,0.0,0.0,0.0,0.0,0.3454477,0.3872719,3.923803,1.369962,0.08184719,-3.712418,0.05828598,-0.2183506,0.01158111,0.9740595,6.811627,334.7203,359.8331,0.3498119,0.02163252,-0.9365696,0,0,0,0.9940748,-0.04526656,-2.828923,0.03743073,-0.01231605,0.9677084,0.9043778,-0.002892175,0.4267229,-0.04801493,0.9929372,0.1084905,-0.4240228,-0.1186055,0.8978516,moving,-19.18833,-4.867699,2.215083,-0.7291654,-0.3549083980734334,0.5996572538048496,21.799852027178947,2.8932033166434055,21.723385445654984
993,05/15/2023 18:38:06.942167,1176,True,True,True,True,Eyes,1.381216,0.08411975,-3.70539,-0.3306616,-0.08264869,0.9401234,0.0,0.0,0.0,0.0,0.0,0.0,0.0,0.3600445,0.3994871,3.920965,1.369641,0.08170319,-3.712222,0.05978051,-0.2201098,0.01204025,0.9735672,6.990284,334.5107,359.8342,0.3497576,0.02159997,-0.9365907,0,0,0,0.9895662,-0.04868503,-2.828904,0.03708495,-0.01236872,0.9696293,0.9028135,-0.002872556,0.4300229,-0.04976054,0.9925627,0.1111003,-0.4271437,-0.121701,0.8959559,moving,-19.37787,-5.024104,2.190297,-0.7308331,-0.3568827735183356,0.5755178689749535,21.991316530864538,2.8626347396695095,21.90905244212099
994,05/15/2023 18:38:06.963042,1177,True,True,True,True,Eyes,1.380854,0.08396029,-3.70521,-0.333717,-0.08507782,0.9388263,0.0,0.0,0.0,0.0,0.0,0.0,0.0,0.376207,0.407674,3.918303,1.369199,0.08138561,-3.712074,0.06073584,-0.2220464,0.0125365,0.9730619,7.109547,334.2819,359.8513,0.3497021,0.02156671,-0.9366121,0,0,0,0.9864829,-0.05102287,-2.828891,0.03847896,-0.01225466,0.9707656,0.9010764,-0.002574764,0.4336527,-0.05136994,0.992308,0.1126321,-0.430607,-0.1237668,0.894013,moving,-19.56836,-5.178085,2.269887,-0.7232465,-0.3591098183828555,0.5517186266094274,22.28799268875713,2.921841943900691,22.19983143797368
995,05/15/2023 18:38:06.972320,1178,True,True,True,True,Eyes,1.380493,0.08379856,-3.705033,-0.3367773,-0.08752141,0.9375079,0.0,0.0,0.0,0.0,0.0,0.0,0.0,0.3908252,0.4180475,3.915401,1.368793,0.08133316,-3.711828,0.06201052,-0.2238009,0.01300252,0.9725734,7.263892,334.0732,359.8577,0.3496456,0.02153291,-0.936634,0,0,0,0.9792985,-0.05647026,-2.82886,0.03579558,-0.01467039,0.9740809,0.8994883,-0.002464199,0.436938,-0.05304782,0.9919713,0.1147996,-0.4337128,-0.1264395,0.8921357,moving,-19.75961,-5.333411,2.104562,-0.862852,-0.3612904525975869,0.5277194012307749,22.31653904659199,2.8309216061032942,22.222768127812916
996,05/15/2023 18:38:06.982541,1179,True,True,True,True,Eyes,1.38012,0.0836217,-3.704831,-0.3401186,-0.09012621,0.9360538,0.0,0.0,0.0,0.0,0.0,0.0,0.0,0.4054811,0.4290646,3.912485,1.368474,0.08113956,-3.711704,0.06336042,-0.2255662,0.01337915,0.9720733,7.424388,333.8622,359.8513,0.3495882,0.02149855,-0.9366562,0,0,0,0.9712309,-0.06258723,-2.828825,0.03236099,-0.01740667,0.978052,0.8978817,-0.002572912,0.4402293,-0.05459497,0.9916129,0.1171462,-0.4368383,-0.1292177,0.8902107,moving,-19.9688,-5.499665,1.895065,-1.019602,-0.3639512773388612,0.5019925114078961,22.318144125849578,2.7236747967458523,22.218117571753073
997,05/15/2023 18:38:07.002585,1180,True,True,True,True,Eyes,1.379762,0.08345028,-3.704636,-0.3433024,-0.0926068,0.9346483,0.0,0.0,0.0,0.0,0.0,0.0,0.0,0.4486272,0.4588728,3.903543,1.367403,0.08065987,-3.711224,0.06702907,-0.2307581,0.01442733,0.9705925,7.861231,333.2408,359.8306,0.34953,0.02146333,-0.9366788,0,0,0,0.9681115,-0.06495248,-2.828811,0.0408027,-0.01176947,0.9785114,0.8930852,-0.002928874,0.4498782,-0.05894111,0.9905979,0.1234574,-0.44601,-0.1367742,0.8845156,moving,-20.16861,-5.65851,2.387779,-0.6891168,-0.3664893281617923,0.4774126267529173,23.09730619564817,2.991117671873784,22.988925610887218
998,05/15/2023 18:38:07.012198,1181,True,True,True,True,Eyes,1.379413,0.08327671,-3.704436,-0.3464677,-0.09505022,0.9332339,0.0,0.0,0.0,0.0,0.0,0.0,0.0,0.4464884,0.4571695,3.903955,1.367401,0.08061409,-3.711191,0.06682497,-0.2305037,0.01425559,0.9706694,7.833908,333.2705,359.8189,0.3494714,0.02142746,-0.9367015,0,0,0,0.9646884,-0.06754792,-2.828797,0.03724863,-0.01455303,0.9803836,0.8933296,-0.003131883,0.4493912,-0.05848174,0.9906625,0.123158,-0.4455805,-0.1363018,0.884805,moving,-20.36769,-5.815543,2.175845,-0.8504484,-0.3691113178778135,0.4530995932135107,23.08382842344775,2.859377559979998,22.969085198874982
999,05/15/2023 18:38:07.032520,1182,True,True,True,True,Eyes,1.37905,0.08309265,-3.704234,-0.3497227,-0.09758301,0.9317573,0.0,0.0,0.0,0.0,0.0,0.0,0.0,0.4585453,0.4654494,3.901273,1.366987,0.08040333,-3.711027,0.06783991,-0.2319447,0.01452624,0.9702518,7.954239,333.0976,359.8101,0.3494124,0.02139096,-0.9367242,0,0,0,0.9606646,-0.0705988,-2.828779,0.03689274,-0.01511069,0.9821763,0.8919814,-0.003281991,0.4520605,-0.05965843,0.9903734,0.124905,-0.4481186,-0.1383821,0.8831988,moving,-20.57296,-5.978796,2.151147,-0.8814204,-0.3717136219849352,0.4278383498697986,23.28880153539302,2.8423553951033007,23.166555422045917
1000,05/15/2023 18:38:07.062422,1183,True,True,True,True,Eyes,1.378705,0.08290573,-3.704017,-0.352978,-0.1000958,0.930262,0.0,0.0,0.0,0.0,0.0,0.0,0.0,0.4834878,0.4837414,3.895609,1.366384,0.0800066,-3.710812,0.07007292,-0.2349376,0.01525803,0.9693614,8.222715,332.7387,359.8064,0.3493531,0.02135362,-0.9367473,0,0,0,0.9566444,-0.07364702,-2.828762,0.0398386,-0.01295777,0.9837458,0.889143,-0.003344435,0.4576171,-0.0625066,0.989714,0.1286826,-0.4533404,-0.1430213,0.8797883,moving,-20.77872,-6.141372,2.319031,-0.7546486,-0.3744028653280159,0.4026701415175868,23.717565015112925,2.931547826040651,23.58674463664913
1001,05/15/2023 18:38:07.092238,1184,True,True,True,True,Eyes,1.378382,0.08272309,-3.703785,-0.3564617,-0.1027562,0.9286421,0.0,0.0,0.0,0.0,0.0,0.0,0.0,0.4954841,0.4920428,3.892617,1.365838,0.07975864,-3.710553,0.07104427,-0.23634,0.0159461,0.9689386,8.34958,332.5732,359.8448,0.3492938,0.02131546,-0.9367703,0,0,0,0.9525501,-0.07675146,-2.828744,0.03937515,-0.01344448,0.9854731,0.8877783,-0.002679614,0.4602636,-0.06448279,0.9893968,0.1301377,-0.455732,-0.1452124,0.8781923,moving,-20.99943,-6.314211,2.288069,-0.7816188,-0.3774047568655571,0.3758959922605405,23.93568854506805,2.90595781848962,23.796230452239563
1002,05/15/2023 18:38:07.102414,1185,True,True,True,True,Eyes,1.378047,0.08253047,-3.703551,-0.3600088,-0.1055218,0.9269622,0.0,0.0,0.0,0.0,0.0,0.0,0.0,0.5079966,0.505692,3.888919,1.365393,0.07971096,-3.710367,0.07272252,-0.2378081,0.01666582,0.9684427,8.55633,332.3972,359.8663,0.3492352,0.02127668,-0.936793,0,0,0,0.948534,-0.07979657,-2.828727,0.03911581,-0.01266232,0.987326,0.8863391,-0.002308213,0.4630309,-0.0668678,0.9888674,0.1329286,-0.458183,-0.1487817,0.8763176,moving,-21.22492,-6.494374,2.268754,-0.7347703,-0.3802006718173388,0.3480272581939987,24.189372724387248,2.8617147665995284,24.04001528153673
1003,05/15/2023 18:38:07.122564,1186,True,True,True,True,Eyes,1.37772,0.08233991,-3.70331,-0.363594,-0.1083245,0.925238,0.0,0.0,0.0,0.0,0.0,0.0,0.0,0.5320539,0.5261841,3.882494,1.364814,0.07931709,-3.710082,0.07523312,-0.2406848,0.01756047,0.967524,8.860703,332.0508,359.8704,0.3491771,0.02123708,-0.9368156,0,0,0,0.9414245,-0.08518709,-2.828696,0.03911395,-0.01195815,0.9907006,0.8835249,-0.002234602,0.4683789,-0.07019529,0.9880632,0.1371266,-0.4630944,-0.1540328,0.8728217,moving,-21.45351,-6.677643,2.260926,-0.6915494,-0.3829874110117689,0.3196849505194732,24.4582867631005,2.830701862895213,24.29851251816509
1004,05/15/2023 18:38:07.142546,1187,True,True,True,True,Eyes,1.377394,0.08214507,-3.703073,-0.3671117,-0.1111219,0.9235155,0.0,0.0,0.0,0.0,0.0,0.0,0.0,0.541543,0.5360368,3.879465,1.364403,0.07919598,-3.709849,0.07647157,-0.2418119,0.01780447,0.9671412,9.005443,331.9129,359.8524,0.3491195,0.02119679,-0.9368379,0,0,0,0.93634,-0.08904226,-2.828674,0.0372491,-0.01283664,0.9932071,0.8824201,-0.002544587,0.4704555,-0.07142235,0.9876702,0.1393069,-0.4650093,-0.1565283,0.8713582,moving,-21.67858,-6.861126,2.147807,-0.740474,-0.3855014667685473,0.2913426438896802,24.599981674360514,2.7353788356293487,24.429958203956012
1005,05/15/2023 18:38:07.152375,1188,True,True,True,True,Eyes,1.377099,0.08194971,-3.70282,-0.370649,-0.1139341,0.9217583,0.0,0.0,0.0,0.0,0.0,0.0,0.0,0.5512114,0.5467133,3.876415,1.364108,0.0789299,-3.709757,0.07778802,-0.2429617,0.0181102,0.9667423,9.160586,331.7722,359.8385,0.3490624,0.02115579,-0.9368601,0,0,0,0.9322608,-0.0921352,-2.828657,0.03628638,-0.01267266,0.995298,0.8812833,-0.002783214,0.4725801,-0.0728148,0.987242,0.1416018,-0.4669451,-0.1592021,0.8698373,moving,-21.9056,-7.046313,2.087954,-0.7294809,-0.388028653431458,0.262738348709691,24.811146715347647,2.66739369752639,24.629953641394305
1006,05/15/2023 18:38:07.172618,1189,True,True,True,True,Eyes,1.376802,0.08174694,-3.70257,-0.3741024,-0.1167587,0.9200081,0.0,0.0,0.0,0.0,0.0,0.0,0.0,0.5587175,0.5576848,3.873439,1.363697,0.07875061,-3.70956,0.07916212,-0.2438407,0.01834546,0.966405,9.32022,331.6628,359.8172,0.3490066,0.02111412,-0.9368818,0,0,0,0.928429,-0.09504054,-2.82864,0.03506742,-0.01235424,0.9971461,0.8804103,-0.003147612,0.4742023,-0.07406419,0.9867936,0.1440586,-0.4683932,-0.1619521,0.8685501,moving,-22.12811,-7.23277,2.014135,-0.7098354,-0.3901311019776848,0.233990908872741,25.00793213034421,2.5828866778159885,24.815010438140877
1007,05/15/2023 18:38:07.192615,1190,True,True,True,True,Eyes,1.376516,0.08154774,-3.702319,-0.3775113,-0.1195987,0.9182491,0.0,0.0,0.0,0.0,0.0,0.0,0.0,0.566578,0.5701671,3.870204,1.363412,0.07830524,-3.709388,0.08068429,-0.2447689,0.01869313,0.9660379,9.499508,331.5476,359.8036,0.3489519,0.02107167,-0.9369031,0,0,0,0.9228297,-0.099286,-2.828616,0.03230298,-0.01259913,1.000105,0.8794776,-0.003381464,0.4759284,-0.07561456,0.9862812,0.1467371,-0.4698955,-0.1650391,0.8671565,moving,-22.34858,-7.4208,1.849986,-0.7217627,-0.3919658603905959,0.2050351821431673,25.108717553932284,2.425964232764761,24.903626386787284
1008,05/15/2023 18:38:07.202384,1191,True,True,True,True,Eyes,1.376227,0.08134576,-3.702073,-0.3808309,-0.1224354,0.9165028,0.0,0.0,0.0,0.0,0.0,0.0,0.0,0.5720836,0.5832945,3.867227,1.363041,0.07821655,-3.709307,0.08231416,-0.2453787,0.01920319,0.9657356,9.695474,331.4711,359.8078,0.3488984,0.0210286,-0.936924,0,0,0,0.9200571,-0.1013883,-2.828604,0.03146633,-0.0109925,1.001508,0.8788411,-0.003305873,0.4771031,-0.07748669,0.9857112,0.1495633,-0.4707804,-0.1684115,0.8660274,moving,-22.56416,-7.609076,1.79958,-0.6288499,-0.3934256873101159,0.1760868296641142,25.343941745409715,2.3360644433184787,25.1254786004096
1009,05/15/2023 18:38:07.212468,1192,True,True,True,True,Eyes,1.375952,0.08114392,-3.701824,-0.3841019,-0.1252407,0.9147571,0.0,0.0,0.0,0.0,0.0,0.0,0.0,0.5789518,0.5942845,3.864293,1.362683,0.07806396,-3.709195,0.08367383,-0.2461662,0.01963418,0.9654095,9.859083,331.3739,359.809,0.3488459,0.0209849,-0.9369446,0,0,0,0.9141645,-0.1058561,-2.828578,0.02824314,-0.01196279,1.004757,0.8780335,-0.003285285,0.478588,-0.07910538,0.9852263,0.1518925,-0.4720165,-0.1712256,0.8648018,moving,-22.77729,-7.795978,1.610127,-0.6821398,-0.394810976169539,0.1473573986741261,25.403795028846936,2.169756182361288,25.172712706741102
1010,05/15/2023 18:38:07.232321,1193,True,True,True,True,Eyes,1.375676,0.08093935,-3.70158,-0.3872888,-0.12803,0.9130256,0.0,0.0,0.0,0.0,0.0,0.0,0.0,0.5866096,0.6049126,3.861304,1.362318,0.07788754,-3.709142,0.08498175,-0.2470447,0.02010279,0.9650611,10.01801,331.2663,359.8145,0.3487946,0.02094063,-0.9369647,0,0,0,0.9110869,-0.1081897,-2.828565,0.02769627,-0.01109444,1.006357,0.8771295,-0.003187735,0.4802433,-0.08078944,0.984748,0.1540926,-0.4734099,-0.1739577,0.863494,moving,-22.98577,-7.982314,1.576456,-0.6316231,-0.3959002730054127,0.1187499677776009,25.638556955929065,2.1102722593328496,25.393840284885485
1011,05/15/2023 18:38:07.252584,1194,True,True,True,True,Eyes,1.375429,0.08074087,-3.701321,-0.3904294,-0.1307962,0.9112943,0.0,0.0,0.0,0.0,0.0,0.0,0.0,0.5933384,0.6144432,3.858523,1.362028,0.07763672,-3.708994,0.08614925,-0.2478277,0.02048524,0.9647489,10.15888,331.17,359.8152,0.3487443,0.02089578,-0.9369844,0,0,0,0.908326,-0.110283,-2.828553,0.02712689,-0.01025413,1.007716,0.8763236,-0.003174109,0.4817124,-0.08222657,0.9843173,0.1560712,-0.4746532,-0.1763784,0.8623195,moving,-23.19194,-8.167764,1.541983,-0.5829995,-0.3968883014782122,0.0902900858428683,25.87074794996057,2.052447512142583,25.612023204763503
1012,05/15/2023 18:38:07.262822,1195,True,True,True,True,Eyes,1.375179,0.08054343,-3.701065,-0.3934836,-0.1335129,0.9095851,0.0,0.0,0.0,0.0,0.0,0.0,0.0,0.5988768,0.6248451,3.855712,1.361737,0.07761574,-3.708807,0.08748177,-0.2484812,0.02062713,0.9644578,10.31128,331.0858,359.7853,0.3486958,0.02085056,-0.9370035,0,0,0,0.9043203,-0.1133202,-2.828536,0.02525161,-0.01024783,1.009861,0.8756632,-0.003687171,0.4829082,-0.08326315,0.983843,0.158494,-0.4756903,-0.1789958,0.861208,moving,-23.39316,-8.350492,1.432384,-0.5814036,-0.397721642871009,0.0622647464157328,26.012811640861713,1.9399988670733477,25.74014919986665
1013,05/15/2023 18:38:07.282569,1196,True,True,True,True,Eyes,1.374937,0.08035056,-3.700805,-0.3964396,-0.1361527,0.9079086,0.0,0.0,0.0,0.0,0.0,0.0,0.0,0.6044273,0.6309806,3.853573,1.361448,0.07745647,-3.708633,0.08824456,-0.2491339,0.02082114,0.9642156,10.40168,331.0053,359.7776,0.3486487,0.02080504,-0.937022,0,0,0,0.9001962,-0.1164472,-2.828518,0.02322039,-0.01127316,1.012071,0.8749976,-0.00381728,0.4841124,-0.08412156,0.9835588,0.159799,-0.4767629,-0.1805481,0.8602904,moving,-23.58856,-8.528689,1.314332,-0.6381747,-0.3984738078094206,0.0349415929004883,26.12305965774623,1.8403231452747038,25.837091631005364
1014,05/15/2023 18:38:07.302747,1197,True,True,True,True,Eyes,1.374689,0.08015671,-3.700554,-0.3993089,-0.1387543,0.9062558,0.0,0.0,0.0,0.0,0.0,0.0,0.0,0.6076901,0.6374267,3.851709,1.361097,0.07738876,-3.708462,0.08905821,-0.2494967,0.02099494,0.9640433,10.49725,330.959,359.7693,0.3486031,0.02075935,-0.93704,0,0,0,0.8960929,-0.1195584,-2.828501,0.02067442,-0.01228155,1.014283,0.8746212,-0.00395939,0.4847907,-0.08491952,0.9832557,0.1612356,-0.4773116,-0.1821883,0.8596401,moving,-23.77896,-8.7048,1.167714,-0.6937379,-0.3990195102925929,0.0079619951788942,26.20140568046555,1.7166935181236693,25.9018144497755
1015,05/15/2023 18:38:07.312783,1198,True,True,True,True,Eyes,1.37439,0.07995685,-3.700325,-0.4020027,-0.1412365,0.9046801,0.0,0.0,0.0,0.0,0.0,0.0,0.0,0.6129903,0.6438999,3.849597,1.360728,0.07718182,-3.7084,0.08982646,-0.2500799,0.02150099,0.9638097,10.59731,330.8896,359.797,0.3485587,0.0207135,-0.9370576,0,0,0,0.8920009,-0.1226611,-2.828483,0.01860056,-0.01305044,1.016553,0.8739955,-0.003481866,0.4859216,-0.08637331,0.9829378,0.1623973,-0.4781962,-0.1839051,0.8587825,moving,-23.9584,-8.873258,1.048263,-0.7355189,-0.399345776463634,-0.0178217144387531,26.29745219703304,1.6157538240267528,25.98444315090976
1016,05/15/2023 18:38:07.332436,1199,True,True,True,True,Eyes,1.374091,0.07976819,-3.700103,-0.4046291,-0.1437152,0.9031175,0.0,0.0,0.0,0.0,0.0,0.0,0.0,0.6191065,0.6488578,3.847374,1.360278,0.07681465,-3.708146,0.09036671,-0.2507521,0.022218,0.9635682,10.67812,330.8129,359.8541,0.3485139,0.02066733,-0.9370752,0,0,0,0.8880797,-0.1256342,-2.828466,0.01677813,-0.01393066,1.018488,0.8732595,-0.00250216,0.487249,-0.08813642,0.9826804,0.1630066,-0.4792179,-0.1852914,0.8579146,moving,-24.1341,-9.041797,0.9437807,-0.7836308,-0.3993933940498885,-0.0435843818416517,26.402602322313893,1.5335531774137277,26.076016216431128
1017,05/15/2023 18:38:07.352352,1200,True,True,True,True,Eyes,1.373746,0.07958211,-3.699905,-0.4071411,-0.1460952,0.9016054,0.0,0.0,0.0,0.0,0.0,0.0,0.0,0.6259254,0.6573898,3.844671,1.359987,0.07690144,-3.708095,0.0914027,-0.2515001,0.02311243,0.9632545,10.81939,330.7261,359.9155,0.3484689,0.02062116,-0.937093,0,0,0,0.8840125,-0.128718,-2.828448,0.01496621,-0.0142189,1.020874,0.872427,-0.001449282,0.4887423,-0.09050189,0.9822228,0.1644625,-0.4802921,-0.1877136,0.8567865,moving,-24.30268,-9.204147,0.8399074,-0.7979735,-0.3993905858752425,-0.0683951678745031,26.510629077385943,1.4381043218422838,26.170184262928327
1018,05/15/2023 18:38:07.372173,1201,True,True,True,True,Eyes,1.373403,0.07939844,-3.699713,-0.4096257,-0.148469,0.900091,0.0,0.0,0.0,0.0,0.0,0.0,0.0,0.6338618,0.6593146,3.84271,1.359561,0.07676029,-3.707911,0.09159445,-0.2524031,0.02374822,0.9629846,10.85921,330.623,359.9709,0.3484223,0.02057505,-0.9371113,0,0,0,0.880001,-0.1317596,-2.828431,0.01354796,-0.01607464,1.022987,0.8714574,-0.0004991165,0.490471,-0.09197578,0.9820929,0.1644198,-0.4817702,-0.1883963,0.8558063,moving,-24.46998,-9.366536,0.7587543,-0.9002401,-0.3992915578224324,-0.0932003734937798,26.611411098368183,1.4115180937483331,26.258166132267668
1019,05/15/2023 18:38:07.382918,1202,True,True,True,True,Eyes,1.372995,0.07921544,-3.699553,-0.4120223,-0.1508193,0.8986052,0.0,0.0,0.0,0.0,0.0,0.0,0.0,0.6430538,0.6681007,3.839538,1.359303,0.07665634,-3.707877,0.0927156,-0.2535031,0.02391432,0.9625841,10.98884,330.4861,359.9435,0.3483744,0.02052906,-0.9371302,0,0,0,0.8760263,-0.1347734,-2.828414,0.01270416,-0.01627162,1.025322,0.8703286,-0.0009682841,0.4924705,-0.09304647,0.9816639,0.1663684,-0.4836016,-0.1906178,0.8542801,moving,-24.63208,-9.527559,0.7098815,-0.9091941,-0.3989170049835006,-0.117763773932592,26.7673537395282,1.3622760680834152,26.399975782400894
1020,05/15/2023 18:38:07.402785,1203,True,True,True,True,Eyes,1.372585,0.07901549,-3.699399,-0.4144056,-0.1532046,0.8971044,0.0,0.0,0.0,0.0,0.0,0.0,0.0,0.6511216,0.675082,3.836569,1.35876,0.07649231,-3.707677,0.09359089,-0.2544341,0.02420331,0.9622464,11.09471,330.3721,359.9389,0.3483236,0.02048318,-0.9371501,0,0,0,0.8716235,-0.1381117,-2.828395,0.01126006,-0.01716071,1.027655,0.869355,-0.00104634,0.4941871,-0.09420452,0.9813099,0.1677987,-0.4851262,-0.1924313,0.8530081,moving,-24.79396,-9.691296,0.6277668,-0.9566879,-0.3983210278323196,-0.1427153835866323,26.880431026202384,1.309735655734377,26.498810421339947
1021,05/15/2023 18:38:07.432644,1204,True,True,True,True,Eyes,1.372124,0.07881008,-3.699275,-0.4168139,-0.1556133,0.8955728,0.0,0.0,0.0,0.0,0.0,0.0,0.0,0.6624403,0.6877281,3.832244,1.358324,0.07591057,-3.707707,0.09510904,-0.2557351,0.02486162,0.9617358,11.28302,330.2134,359.9518,0.34827,0.02043696,-0.937171,0,0,0,0.8677721,-0.1410318,-2.828378,0.0110979,-0.0157453,1.02983,0.867963,-0.0008248165,0.4966283,-0.09646606,0.9806724,0.1702235,-0.4871702,-0.1956555,0.8511077,moving,-24.95802,-9.857208,0.6174204,-0.8759392,-0.3977192957667371,-0.1679986971597946,27.106573758256605,1.2376139775725816,26.70859371062456
1022,05/15/2023 18:38:07.442432,1205,True,True,True,True,Eyes,1.371662,0.07859671,-3.699157,-0.4192229,-0.1581022,0.8940111,0.0,0.0,0.0,0.0,0.0,0.0,0.0,0.67326,0.6998273,3.827908,1.357845,0.07557869,-3.707622,0.09660011,-0.2569822,0.02544133,0.9612395,11.46607,330.0603,359.9568,0.3482126,0.02039031,-0.9371933,0,0,0,0.8633043,-0.1444194,-2.828359,0.01029605,-0.01507337,1.032347,0.8666258,-0.0007385826,0.4989582,-0.09855945,0.9800423,0.1726357,-0.4891276,-0.1987876,0.8492571,moving,-25.12299,-10.02883,0.5714169,-0.8365206,-0.3967517424918759,-0.194110764432005,27.28921211849283,1.1619126116619356,26.874470414278832
1023,05/15/2023 18:38:07.452515,1206,True,True,True,True,Eyes,1.371153,0.07838272,-3.699068,-0.4216176,-0.160635,0.892432,0.0,0.0,0.0,0.0,0.0,0.0,0.0,0.6867204,0.7167158,3.822212,1.357392,0.07521152,-3.707614,0.09868577,-0.2585303,0.0262888,0.9605895,11.72333,329.8699,359.9695,0.3481516,0.02034306,-0.937217,0,0,0,0.8598844,-0.1470125,-2.828344,0.0110811,-0.01232457,1.034282,0.864942,-0.0005210241,0.5018716,-0.101532,0.97914,0.1760001,-0.4914943,-0.2031859,0.8468465,moving,-25.28777,-10.2038,0.6138325,-0.6827078,-0.3955169701621893,-0.2207024392989625,27.596090461311853,1.110060947080469,27.16256459127833
1024,05/15/2023 18:38:07.472521,1207,True,True,True,True,Eyes,1.370643,0.07816795,-3.698979,-0.4240003,-0.1632048,0.8908356,0.0,0.0,0.0,0.0,0.0,0.0,0.0,0.6987964,0.7309431,3.817129,1.356951,0.0749979,-3.707578,0.1004649,-0.2599244,0.02695813,0.9600102,11.94126,329.6977,359.9727,0.3480861,0.02029524,-0.9372423,0,0,0,0.8547528,-0.1509034,-2.828322,0.01005945,-0.01151007,1.037348,0.8634251,-0.0004664135,0.5044767,-0.1039867,0.9783601,0.1788805,-0.4936433,-0.2069089,0.8446922,moving,-25.45249,-10.3817,0.5555952,-0.6357089,-0.3940560853242746,-0.2477147712590972,27.774175744596604,1.0258542818819147,27.322343769739867
1025,05/15/2023 18:38:07.482600,1208,True,True,True,True,Eyes,1.370097,0.0779549,-3.69891,-0.4264859,-0.1657812,0.8891718,0.0,0.0,0.0,0.0,0.0,0.0,0.0,0.71057,0.7439824,3.81215,1.356441,0.07479191,-3.707477,0.1020939,-0.2612744,0.02766226,0.9594517,12.14364,329.5319,359.9843,0.3480166,0.02024689,-0.9372692,0,0,0,0.8515351,-0.153343,-2.828308,0.0106077,-0.009765387,1.039089,0.861941,-0.0002678624,0.5070085,-0.1064303,0.9776232,0.1814535,-0.4957118,-0.2103633,0.8426251,moving,-25.62442,-10.56122,0.5848929,-0.5384516,-0.3929979632199049,-0.2750229868079492,28.060362953642368,1.0127512896152036,27.589236504990446
1026,05/15/2023 18:38:07.502448,1209,True,True,True,True,Eyes,1.369554,0.07774163,-3.698844,-0.428962,-0.1683724,0.8874922,0.0,0.0,0.0,0.0,0.0,0.0,0.0,0.7243738,0.7547919,3.80714,1.355963,0.07463074,-3.707363,0.1034341,-0.2628657,0.02855276,0.958847,12.31968,329.3407,0.02210458,0.3479426,0.02019811,-0.9372977,0,0,0,0.8476266,-0.1563066,-2.828291,0.01098432,-0.008969963,1.041297,0.8601728,0.0003769284,0.5100026,-0.109134,0.9769722,0.1833439,-0.4981892,-0.213366,0.8404061,moving,-25.79642,-10.74232,0.6043726,-0.4935461,-0.3918253683263247,-0.3025589358683074,28.320296897482134,1.0143404206480993,27.83013304290884
1027,05/15/2023 18:38:07.512170,1210,True,True,True,True,Eyes,1.368998,0.07753538,-3.698786,-0.4317326,-0.1709889,0.8856465,0.0,0.0,0.0,0.0,0.0,0.0,0.0,0.7372051,0.765422,3.802397,1.355524,0.07443047,-3.707368,0.104743,-0.2643297,0.02945806,0.958275,12.49289,329.1651,0.06364479,0.3478643,0.02014892,-0.9373278,0,0,0,0.8429689,-0.1598381,-2.828271,0.01048198,-0.008616418,1.044137,0.8585241,0.001084511,0.5127721,-0.1118312,0.9763223,0.1851718,-0.50043,-0.2163184,0.8383175,moving,-25.98818,-10.92746,0.5751665,-0.4728048,-0.3917868594384862,-0.3308483194850535,28.546649411620084,0.9773179839180106,28.036431116601612
1028,05/15/2023 18:38:07.532337,1211,True,True,True,True,Eyes,1.368442,0.07733309,-3.698727,-0.4344733,-0.173569,0.8838024,0.0,0.0,0.0,0.0,0.0,0.0,0.0,0.7498916,0.7731745,3.798069,1.355057,0.07439613,-3.707256,0.1057128,-0.2657859,0.03031169,0.957739,12.62702,328.992,0.1096478,0.347782,0.02009956,-0.9373594,0,0,0,0.8400308,-0.1620658,-2.828259,0.01138104,-0.008072034,1.045758,0.8568782,0.001867437,0.5155157,-0.1142553,0.975812,0.1863776,-0.5026984,-0.2186033,0.8363652,moving,-26.17853,-11.11085,0.623529,-0.4422481,-0.3917780484944891,-0.3588738214861646,28.847347072827418,1.018724532462183,28.317147320869925
1029,05/15/2023 18:38:07.552255,1212,True,True,True,True,Eyes,1.367881,0.07713062,-3.698664,-0.4374314,-0.1760934,0.8818418,0.0,0.0,0.0,0.0,0.0,0.0,0.0,0.7613429,0.7789282,3.794366,1.354563,0.07430172,-3.707185,0.1064294,-0.2670989,0.03099697,0.9572724,12.72796,328.8359,0.1463035,0.3476961,0.02005012,-0.9373924,0,0,0,0.8359637,-0.1651497,-2.828241,0.01106419,-0.00876227,1.048153,0.8553947,0.002490718,0.5179709,-0.1161994,0.975424,0.1872053,-0.5047749,-0.2203223,0.8346619,moving,-26.38339,-11.29275,0.6047854,-0.4789656,-0.392939284368725,-0.3868119494650368,29.074035572497472,1.0019714771916375,28.524051778256744
1030,05/15/2023 18:38:07.562727,1213,True,True,True,True,Eyes,1.367323,0.07692473,-3.698607,-0.440359,-0.1786076,0.8798769,0.0,0.0,0.0,0.0,0.0,0.0,0.0,0.7738858,0.7842556,3.790314,1.353947,0.07410145,-3.70699,0.1070769,-0.2685293,0.03183153,0.9567723,12.82605,328.6677,0.2000543,0.3476068,0.02000063,-0.9374265,0,0,0,0.8320118,-0.1681461,-2.828224,0.01110756,-0.00936234,1.050295,0.8537576,0.003404476,0.5206596,-0.1184176,0.9750426,0.187801,-0.507026,-0.2219918,0.8328531,moving,-26.58695,-11.47465,0.605918,-0.5107218,-0.3940057945417291,-0.4147387160703109,29.319955519068905,1.0045199586326714,28.749848097440818
1031,05/15/2023 18:38:07.582705,1214,True,True,True,True,Eyes,1.366762,0.07672166,-3.698549,-0.4434041,-0.1810558,0.8778449,0.0,0.0,0.0,0.0,0.0,0.0,0.0,0.7869943,0.791815,3.785952,1.353496,0.07382488,-3.707069,0.1079825,-0.2700072,0.03287998,0.956219,12.95969,328.4944,0.2686174,0.3475145,0.01995098,-0.9374617,0,0,0,0.8278925,-0.1712694,-2.828206,0.01111098,-0.009260118,1.052864,0.85203,0.004568832,0.5234731,-0.121193,0.9745174,0.1887541,-0.5092712,-0.2242654,0.8308718,moving,-26.79858,-11.65386,0.6046259,-0.5039133,-0.3958639102257087,-0.4423493286284155,29.58474277411645,1.0023821541390867,28.99340947279335
1032,05/15/2023 18:38:07.604949,1215,True,True,True,True,Eyes,1.366209,0.07651984,-3.698495,-0.4464219,-0.183469,0.8758119,0.0,0.0,0.0,0.0,0.0,0.0,0.0,0.8006468,0.7960404,3.781889,1.35295,0.07368851,-3.706953,0.1084912,-0.2715621,0.03388409,0.955686,13.04818,328.3138,0.343531,0.3474194,0.01990128,-0.937498,0,0,0,0.8237184,-0.1744343,-2.828188,0.01118119,-0.01019832,1.055296,0.8502118,0.005840899,0.5264084,-0.1236893,0.9741631,0.1889637,-0.5117039,-0.2257702,0.8289673,moving,-27.00901,-11.83149,0.6070439,-0.5536861,-0.3977541602047502,-0.4697223320195012,29.83010717068513,1.0083000823786101,29.218410352159754
1033,05/15/2023 18:38:07.612819,1216,True,True,True,True,Eyes,1.365656,0.07632884,-3.698432,-0.4494753,-0.185798,0.8737568,0.0,0.0,0.0,0.0,0.0,0.0,0.0,0.8141363,0.8007314,3.777928,1.352615,0.07352257,-3.706989,0.1090583,-0.2731152,0.03481473,0.9551452,13.1411,328.1322,0.408051,0.347322,0.01985155,-0.9375352,0,0,0,0.8198736,-0.1773495,-2.828171,0.01146453,-0.01075532,1.057743,0.848392,0.006935272,0.529323,-0.1260772,0.9737884,0.1893162,-0.5141357,-0.2273499,0.8270288,moving,-27.22206,-12.00472,0.6209857,-0.5825732,-0.400168308130766,-0.4964857420120472,30.0948605474928,1.0247763457185943,29.4624518684417
1034,05/15/2023 18:38:07.632417,1217,True,True,True,True,Eyes,1.365107,0.07613935,-3.698372,-0.4524762,-0.1880743,0.8717186,0.0,0.0,0.0,0.0,0.0,0.0,0.0,0.8240265,0.8036225,3.774717,1.352085,0.07359123,-3.70672,0.1094418,-0.2742442,0.03548817,0.954753,13.20552,328.0002,0.4553606,0.3472225,0.01980208,-0.9375731,0,0,0,0.8158675,-0.180387,-2.828154,0.01072974,-0.0122287,1.060021,0.8470614,0.007737298,0.5314388,-0.1277925,0.9735262,0.189515,-0.5159032,-0.2284447,0.8256252,moving,-27.43212,-12.17501,0.5799394,-0.660951,-0.4025870842904301,-0.5228004019016501,30.286119369846798,0.9921914533430756,29.633512167230712
1035,05/15/2023 18:38:07.652520,1218,True,True,True,True,Eyes,1.364602,0.07595506,-3.698286,-0.4554644,-0.1903215,0.8696723,0.0,0.0,0.0,0.0,0.0,0.0,0.0,0.8342668,0.8065588,3.771685,1.351622,0.07344532,-3.706733,0.1098021,-0.2754095,0.03612046,0.9543524,13.2662,327.8635,0.498147,0.3471213,0.01975287,-0.9376116,0,0,0,0.8117211,-0.1835309,-2.828136,0.01006245,-0.01357633,1.062627,0.8456898,0.008462192,0.5336077,-0.1294244,0.9732776,0.1896839,-0.5177433,-0.2294756,0.8241861,moving,-27.64193,-12.34416,0.5425409,-0.731982,-0.4050739184503767,-0.5489490042600889,30.48289812036629,0.9651294844093548,29.8097128776693
1036,05/15/2023 18:38:07.692564,1219,True,True,True,True,Eyes,1.364097,0.07576316,-3.698204,-0.4584124,-0.1925163,0.8676379,0.0,0.0,0.0,0.0,0.0,0.0,0.0,0.845647,0.8114998,3.767901,1.351144,0.07338715,-3.706717,0.1104426,-0.2767196,0.03670874,0.953877,13.35674,327.7065,0.5245866,0.3470196,0.01970404,-0.9376502,0,0,0,0.8077938,-0.1865087,-2.82812,0.009958535,-0.01432367,1.065084,0.8441575,0.008907986,0.5360214,-0.1311545,0.9729098,0.1903812,-0.5198045,-0.2310133,0.8224574,moving,-27.84952,-12.51043,0.5356997,-0.7704894,-0.4076169468432983,-0.5746642108209634,30.717208576118963,0.9634281503717282,30.022996299190712
1037,05/15/2023 18:38:07.722898,1220,True,True,True,True,Eyes,1.363685,0.07557267,-3.698052,-0.4614534,-0.194783,0.8655174,0.0,0.0,0.0,0.0,0.0,0.0,0.0,0.8574452,0.8137861,3.76458,1.350658,0.07301044,-3.70674,0.110684,-0.2780525,0.03759042,0.9534271,13.41264,327.5531,0.5965448,0.3469175,0.01965534,-0.937689,0,0,0,0.8036264,-0.1896685,-2.828101,0.009609979,-0.01554242,1.067669,0.8425476,0.01012751,0.5385268,-0.1332314,0.972672,0.190154,-0.5218841,-0.2319625,0.8208717,moving,-28.06445,-12.683,0.5156997,-0.8340154,-0.4102180310903852,-0.6013491774672215,30.939027019695484,0.9547026845333784,30.222993111023666
1038,05/15/2023 18:38:07.732330,1221,True,True,True,True,Eyes,1.363256,0.07537668,-3.697906,-0.4645304,-0.1970608,0.8633531,0.0,0.0,0.0,0.0,0.0,0.0,0.0,0.8817961,0.8258023,3.755951,1.349846,0.07287693,-3.706655,0.1122523,-0.2808802,0.03883285,0.9523644,13.62846,327.2122,0.6430546,0.3468178,0.01960682,-0.9377269,0,0,0,0.7994313,-0.1928492,-2.828083,0.01289094,-0.01412605,1.070088,0.8391967,0.01090719,0.5437186,-0.1370249,0.9717829,0.1919954,-0.5262824,-0.2356248,0.8170116,moving,-28.28264,-12.85753,0.690187,-0.7563078,-0.4129083266854713,-0.6283443809051017,31.398475808639216,1.1104926548076683,30.65858564054336
1039,05/15/2023 18:38:07.752154,1222,True,True,True,True,Eyes,1.362873,0.07518666,-3.697731,-0.467522,-0.1993116,0.861219,0.0,0.0,0.0,0.0,0.0,0.0,0.0,0.9031842,0.8333253,3.748927,1.349072,0.0725441,-3.706666,0.113219,-0.283357,0.03990923,0.9514714,13.77244,326.9159,0.69507,0.3467196,0.01955833,-0.9377642,0,0,0,0.7897656,-0.200178,-2.828042,0.0107819,-0.01707271,1.076464,0.8362321,0.01178218,0.5482491,-0.1401078,0.9711775,0.1928321,-0.5301751,-0.2380663,0.8137805,moving,-28.4958,-13.03054,0.5738575,-0.9086342,-0.4153471393244311,-0.6550771276978395,31.495802694825542,1.0211841202131087,30.73434124672614
1040,05/15/2023 18:38:07.772357,1223,True,True,True,True,Eyes,1.36249,0.07500115,-3.69756,-0.4704525,-0.201507,0.8591097,0.0,0.0,0.0,0.0,0.0,0.0,0.0,0.9114743,0.8363141,3.745994,1.34868,0.07248497,-3.706547,0.1136042,-0.2842908,0.04056778,0.9511189,13.83746,326.8071,0.7421268,0.3466242,0.01951,-0.9378004,0,0,0,0.7843507,-0.2042837,-2.828018,0.008463211,-0.01912579,1.08002,0.835066,0.0125763,0.5500061,-0.1417628,0.9708967,0.1930361,-0.5315714,-0.2391683,0.8125456,moving,-28.70532,-13.20029,0.4489698,-1.01453,-0.4177674347446792,-0.6813094443600278,31.59850250439068,0.9285846072350461,30.814472516611133
1041,05/15/2023 18:38:07.782677,1224,True,True,True,True,Eyes,1.362151,0.07481616,-3.697365,-0.4732884,-0.2036529,0.8570434,0.0,0.0,0.0,0.0,0.0,0.0,0.0,0.9210445,0.8379046,3.743101,1.348329,0.07239628,-3.706479,0.1137955,-0.2853603,0.04148931,0.9507359,13.88995,326.6863,0.8231053,0.3465312,0.01946195,-0.9378358,0,0,0,0.7793818,-0.2080512,-2.827997,0.006722812,-0.02110121,1.083323,0.8336962,0.01394534,0.5520473,-0.1438362,0.9706585,0.1927,-0.5331621,-0.2400577,0.8112402,moving,-28.90897,-13.36687,0.3555575,-1.115879,-0.4199999107923816,-0.7070347790807878,31.72537391868435,0.8767228150413451,30.919069628055023
1042,05/15/2023 18:38:07.802707,1225,True,True,True,True,Eyes,1.361814,0.07463502,-3.697175,-0.4760692,-0.2057597,0.8549978,0.0,0.0,0.0,0.0,0.0,0.0,0.0,0.9297046,0.8395048,3.740408,1.348047,0.07220268,-3.706391,0.113978,-0.2863342,0.04231388,0.9503849,13.93836,326.5761,0.8948345,0.3464416,0.01941415,-0.9378699,0,0,0,0.7755733,-0.2109389,-2.82798,0.005708085,-0.02234256,1.085801,0.8324446,0.01515734,0.553901,-0.1457006,0.9704371,0.1924142,-0.5346096,-0.2408778,0.8100435,moving,-29.10939,-13.53123,0.3012026,-1.17881,-0.4221650381058887,-0.732412764731065,31.899298376916924,0.8500183712806687,31.07018120732548
1043,05/15/2023 18:38:07.822611,1226,True,True,True,True,Eyes,1.361504,0.0744601,-3.696975,-0.4787406,-0.2078537,0.8529972,0.0,0.0,0.0,0.0,0.0,0.0,0.0,0.9385309,0.8430266,3.737267,1.347798,0.07211781,-3.706338,0.1144395,-0.2873557,0.04286076,0.9499966,14.00856,326.4546,0.9251156,0.346355,0.01936669,-0.9379029,0,0,0,0.771658,-0.2139075,-2.827963,0.004830146,-0.02331948,1.088449,0.8311793,0.01566543,0.5557837,-0.1472049,0.9701331,0.1928017,-0.5361639,-0.2420669,0.8086606,moving,-29.30311,-13.69464,0.2542565,-1.227346,-0.4239138591295038,-0.7575956350666975,32.079141729444046,0.8249729943196996,31.22686668805603
1044,05/15/2023 18:38:07.832371,1227,True,True,True,True,Eyes,1.361196,0.07428122,-3.696778,-0.481343,-0.2099087,0.8510272,0.0,0.0,0.0,0.0,0.0,0.0,0.0,0.9452891,0.8475133,3.734388,1.347682,0.07209682,-3.706219,0.1150372,-0.2881584,0.043182,0.9496666,14.08614,326.3559,0.9286007,0.3462718,0.01931967,-0.9379346,0,0,0,0.7676324,-0.2169599,-2.827946,0.003311578,-0.02425799,1.091226,0.8302001,0.01571912,0.5572438,-0.1483149,0.9698035,0.1936075,-0.5373737,-0.2433805,0.8074623,moving,-29.4926,-13.85563,0.1738769,-1.273478,-0.4255376013688091,-0.7823936672256899,32.22437587618009,0.7748945517601782,31.348606664651445
1045,05/15/2023 18:38:07.852589,1228,True,True,True,True,Eyes,1.360902,0.07410485,-3.696576,-0.4838602,-0.2119674,0.8490872,0.0,0.0,0.0,0.0,0.0,0.0,0.0,0.9509549,0.8519883,3.731705,1.347438,0.07183456,-3.706087,0.1156117,-0.2888328,0.04330347,0.9493864,14.15437,326.2705,0.9122976,0.3461917,0.01927296,-0.9379652,0,0,0,0.7635526,-0.2200532,-2.827929,0.001618268,-0.02517995,1.093912,0.8294008,0.01543854,0.5584406,-0.1490084,0.9695175,0.1945054,-0.5384151,-0.2445352,0.8064191,moving,-29.67705,-14.01691,0.08475986,-1.318616,-0.4267721523338591,-0.8071893391157998,32.35756475158829,0.7233410185420774,31.457921268132406
1046,05/15/2023 18:38:07.862458,1229,True,True,True,True,Eyes,1.360615,0.07393222,-3.696378,-0.4863003,-0.2139872,0.8471845,0.0,0.0,0.0,0.0,0.0,0.0,0.0,0.9556115,0.857986,3.728947,1.347227,0.07173443,-3.705971,0.116402,-0.289389,0.04334805,0.9491184,14.24374,326.1969,0.8816443,0.3461147,0.01922658,-0.9379945,0,0,0,0.7596214,-0.2230339,-2.827911,-0.0001699151,-0.02574971,1.096582,0.8287499,0.01491396,0.5594203,-0.1496558,0.9691431,0.1958696,-0.5392372,-0.2460474,0.8054092,moving,-29.85666,-14.17562,-0.008877971,-1.345161,-0.427848528206377,-0.8315732795321924,32.4886252433275,0.6628036469582382,31.56468531836446
1047,05/15/2023 18:38:07.902400,1230,True,True,True,True,Eyes,1.360309,0.07375508,-3.696201,-0.4885998,-0.2159599,0.8453588,0.0,0.0,0.0,0.0,0.0,0.0,0.0,0.9595299,0.8622831,3.726815,1.347135,0.07166481,-3.705869,0.1169669,-0.2898596,0.04345971,0.9489001,14.31036,326.1363,0.8674728,0.3460406,0.01918059,-0.9380227,0,0,0,0.7555524,-0.2261192,-2.827894,-0.00241192,-0.02683136,1.099436,0.8281853,0.0146699,0.5602624,-0.1502858,0.96886,0.1967853,-0.539929,-0.2471742,0.8046003,moving,-30.02702,-14.33058,-0.1256941,-1.398006,-0.428534691917484,-0.855337324630588,32.57822525619661,0.6214512976413554,31.630753064964907
1048,05/15/2023 18:38:07.912891,1231,True,True,True,True,Eyes,1.36,0.07357675,-3.69602,-0.4908744,-0.2179654,0.8435245,0.0,0.0,0.0,0.0,0.0,0.0,0.0,0.9629821,0.8652706,3.7251,1.346909,0.07139206,-3.705824,0.1173328,-0.2902505,0.04362031,0.9487282,14.35656,326.0876,0.8668186,0.3459687,0.01913484,-0.9380503,0,0,0,0.7515126,-0.2291822,-2.827877,-0.004711653,-0.02809161,1.10219,0.8277039,0.01465583,0.5609738,-0.1508794,0.9686605,0.1973122,-0.5405014,-0.2479555,0.8039753,moving,-30.19652,-14.48823,-0.244927,-1.459986,-0.4289546134298353,-0.8794805357020332,32.66241058099027,0.6089768112042353,31.69095751299414
1049,05/15/2023 18:38:07.922352,1232,True,True,True,True,Eyes,1.359687,0.07340536,-3.69586,-0.492998,-0.2198839,0.8417862,0.0,0.0,0.0,0.0,0.0,0.0,0.0,0.9735676,0.8750185,3.719691,1.346547,0.07120419,-3.705581,0.1186004,-0.2914665,0.04432957,0.9481646,14.5217,325.9376,0.8835354,0.3458985,0.01908927,-0.938077,0,0,0,0.7470725,-0.2325488,-2.827857,-0.005436564,-0.02745083,1.105103,0.8261644,0.01492737,0.5632315,-0.1531995,0.9679376,0.1990643,-0.5422014,-0.2507466,0.8019625,moving,-30.35567,-14.63919,-0.2818648,-1.422938,-0.4291266676108317,-0.9025716190418468,32.849704353845425,0.5408023928235858,31.853403443274498
1050,05/15/2023 18:38:07.932978,1233,True,True,True,True,Eyes,1.359382,0.07323297,-3.695701,-0.4950655,-0.2217717,0.8400758,0.0,0.0,0.0,0.0,0.0,0.0,0.0,0.9726236,0.8737431,3.720271,1.34658,0.07121277,-3.705603,0.1184286,-0.2913478,0.04436488,0.948221,14.5038,325.954,0.8953139,0.3458296,0.01904403,-0.9381034,0,0,0,0.7415111,-0.2367655,-2.827833,-0.01041224,-0.03101516,1.109219,0.8262964,0.01512757,0.5630323,-0.1531433,0.9680128,0.1987418,-0.5420161,-0.2504442,0.8021822,moving,-30.5113,-14.78815,-0.5378198,-1.601645,-0.4291935924783644,-0.9253444433977184,32.7458917944651,0.6849686823651789,31.728006260392625
1051,05/15/2023 18:38:07.952657,1234,True,True,True,True,Eyes,1.359066,0.07305855,-3.695557,-0.4970447,-0.2236446,0.8384089,0.0,0.0,0.0,0.0,0.0,0.0,0.0,0.9770323,0.8777614,3.718009,1.346474,0.07100964,-3.705484,0.1189366,-0.2918607,0.04465445,0.9479862,14.5702,325.8908,0.9021074,0.3457622,0.01899905,-0.9381291,0,0,0,0.7379391,-0.239474,-2.827818,-0.01217793,-0.03165624,1.111694,0.8256467,0.01523778,0.5639818,-0.1540894,0.9677202,0.1994346,-0.5427377,-0.2515662,0.8013428,moving,-30.66128,-14.93581,-0.6276154,-1.631095,-0.4289472080555742,-0.9478810171539982,32.84869024080744,0.7115127524133099,31.807165578973493
1052,05/15/2023 18:38:07.962215,1235,True,True,True,True,Eyes,1.358752,0.07288321,-3.695417,-0.4989658,-0.2255127,0.8367659,0.0,0.0,0.0,0.0,0.0,0.0,0.0,0.9806043,0.8841683,3.71543,1.34632,0.07080173,-3.705424,0.1197399,-0.2922364,0.04511115,0.9477475,14.67481,325.8443,0.9194459,0.3456956,0.01895427,-0.9381546,0,0,0,0.7355466,-0.2412879,-2.827808,-0.01318767,-0.03084937,1.113341,0.8251258,0.01552323,0.5647358,-0.1554927,0.9672547,0.2006002,-0.5431294,-0.2533326,0.8005205,moving,-30.80774,-15.08314,-0.6786443,-1.587192,-0.4284693097721682,-0.9703393909861726,33.01367928781133,0.6656535637872463,31.946806029481834
1053,05/15/2023 18:38:07.982581,1236,True,True,True,True,Eyes,1.358424,0.07270161,-3.695297,-0.500981,-0.2275011,0.8350218,0.0,0.0,0.0,0.0,0.0,0.0,0.0,0.9850851,0.8906466,3.712546,1.34606,0.07062054,-3.705371,0.1205661,-0.2927216,0.04550514,0.9474742,14.77993,325.7832,0.927125,0.3456299,0.01890962,-0.9381797,0,0,0,0.7314734,-0.2443763,-2.82779,-0.01522961,-0.03104004,1.116196,0.8244867,0.0156453,0.5656651,-0.1568145,0.9667861,0.2018258,-0.5437195,-0.2551072,0.7995558,moving,-30.96214,-15.24029,-0.7817072,-1.592915,-0.4278267955165197,-0.9942787613635014,33.122641325624095,0.6954111639068262,32.02928382372887
1054,05/15/2023 18:38:08.002241,1237,True,True,True,True,Eyes,1.358099,0.07251972,-3.695176,-0.5029817,-0.2295047,0.8332689,0.0,0.0,0.0,0.0,0.0,0.0,0.0,0.9925379,0.8969223,3.709027,1.345836,0.0703125,-3.705439,0.1213583,-0.2935649,0.0459947,0.9470884,14.88495,325.6796,0.9408392,0.3455645,0.01886493,-0.9382047,0,0,0,0.7274191,-0.2474504,-2.827773,-0.01641616,-0.03106645,1.11914,0.8234082,0.01586902,0.5672274,-0.1583752,0.9663133,0.2028692,-0.5449001,-0.2568789,0.7981837,moving,-31.11621,-15.39899,-0.8403855,-1.590077,-0.4270429324831372,-1.0184380570068756,33.27629227237267,0.7054240988708343,32.156165732730734
1055,05/15/2023 18:38:08.022560,1238,True,True,True,True,Eyes,1.357745,0.07233515,-3.69508,-0.5051119,-0.2316784,0.8313767,0.0,0.0,0.0,0.0,0.0,0.0,0.0,1.002747,0.9051487,3.704069,1.345595,0.07014084,-3.705317,0.1224379,-0.2947518,0.04658334,0.9465519,15.02549,325.5326,0.9497903,0.3454993,0.0188202,-0.9382296,0,0,0,0.7233907,-0.2505048,-2.827755,-0.01683895,-0.03055125,1.121985,0.8219027,0.01600947,0.5694028,-0.1603647,0.9656779,0.2043267,-0.5465886,-0.2592488,0.7962607,moving,-31.28123,-15.57147,-0.8598408,-1.559758,-0.4260140896054017,-1.0446738969875329,33.493118607093315,0.6734368922385797,32.34330597978888
1056,05/15/2023 18:38:08.042361,1239,True,True,True,True,Eyes,1.357392,0.07215068,-3.694985,-0.5072619,-0.2338695,0.8294519,0.0,0.0,0.0,0.0,0.0,0.0,0.0,1.015697,0.913728,3.698325,1.345343,0.06993389,-3.705307,0.123588,-0.29631,0.0468628,0.9459019,15.1636,325.3348,0.9150829,0.3454335,0.01877536,-0.9382548,0,0,0,0.7194322,-0.2535062,-2.827738,-0.01614253,-0.0300003,1.124876,0.8200086,0.01541448,0.5721437,-0.1618959,0.9650598,0.2060325,-0.548977,-0.2615761,0.7938528,moving,-31.44841,-15.74615,-0.822166,-1.527709,-0.4249761425105453,-1.0712448597954505,33.76582423128476,0.6050779240603411,32.58618398399175
1057,05/15/2023 18:38:08.062359,1240,True,True,True,True,Eyes,1.356987,0.0719602,-3.694931,-0.5094682,-0.236169,0.8274457,0.0,0.0,0.0,0.0,0.0,0.0,0.0,1.028143,0.92291,3.692438,1.345049,0.06975842,-3.705254,0.1248236,-0.2978106,0.04708089,0.9452574,15.30892,325.1422,0.8708625,0.3453673,0.01873041,-0.93828,0,0,0,0.7140309,-0.2576016,-2.827715,-0.01670586,-0.03015336,1.128822,0.8181845,0.01465952,0.5747688,-0.1633547,0.9644049,0.2079385,-0.5512616,-0.2640232,0.7914559,moving,-31.6211,-15.92977,-0.84788,-1.530135,-0.423663113093271,-1.099149083932191,33.975587666758976,0.604738643535904,32.764498542620224
1058,05/15/2023 18:38:08.073478,1241,True,True,True,True,Eyes,1.356591,0.07176916,-3.694878,-0.5117033,-0.2384623,0.8254063,0.0,0.0,0.0,0.0,0.0,0.0,0.0,1.046493,0.9308699,3.685169,1.34473,0.06949425,-3.705268,0.1259245,-0.3000542,0.04727369,0.9443918,15.43906,324.8582,0.8156412,0.345299,0.01868521,-0.9383061,0,0,0,0.7107407,-0.2600963,-2.827701,-0.0137207,-0.02931866,1.131216,0.8154655,0.01372146,0.5786431,-0.1648581,0.9638164,0.2094747,-0.5548315,-0.2662134,0.7882211,moving,-31.79648,-16.11416,-0.6949157,-1.48465,-0.4224878198970695,-1.12718750328658,34.370479553639264,0.4494400810052087,33.12813925585227
1059,05/15/2023 18:38:08.082481,1242,True,True,True,True,Eyes,1.356155,0.07157902,-3.694857,-0.5139814,-0.2408118,0.823306,0.0,0.0,0.0,0.0,0.0,0.0,0.0,1.061927,0.9385734,3.678719,1.344575,0.06931305,-3.705252,0.1269833,-0.3019432,0.04753211,0.9436346,15.56645,324.6187,0.7745605,0.3452292,0.01863977,-0.9383327,0,0,0,0.7059099,-0.2637591,-2.82768,-0.01298575,-0.02943709,1.13487,0.8131421,0.01302237,0.5819196,-0.1663894,0.9632319,0.2109478,-0.5577765,-0.2683558,0.7854111,moving,-31.9761,-16.30387,-0.6555788,-1.485848,-0.4212188639727164,-1.1560277172388569,34.648936841296205,0.404605979361839,33.37394977797715
1060,05/15/2023 18:38:08.102240,1243,True,True,True,True,Eyes,1.355729,0.07139309,-3.69483,-0.516276,-0.2431004,0.821195,0.0,0.0,0.0,0.0,0.0,0.0,0.0,1.078334,0.945769,3.671969,1.344361,0.06918621,-3.705205,0.1279849,-0.3039279,0.04800471,0.9428378,15.69509,324.3705,0.7573448,0.3451568,0.01859412,-0.9383602,0,0,0,0.7030308,-0.2659421,-2.827667,-0.01044907,-0.02848136,1.136999,0.8106467,0.01272495,0.5853972,-0.1683177,0.9626308,0.2121581,-0.5608218,-0.270518,0.7824954,moving,-32.15711,-16.49047,-0.5265357,-1.434936,-0.420286554522065,-1.1844330230278948,35.030876874165976,0.2721040653622773,33.72280970849835
1061,05/15/2023 18:38:08.112913,1244,True,True,True,True,Eyes,1.355275,0.07121003,-3.694826,-0.518537,-0.2453761,0.819091,0.0,0.0,0.0,0.0,0.0,0.0,0.0,1.092533,0.9476372,3.667033,1.344195,0.0691061,-3.705016,0.1282966,-0.3056679,0.04839627,0.9422128,15.74472,324.1574,0.7600245,0.3450824,0.0185484,-0.9383885,0,0,0,0.6991345,-0.2688964,-2.82765,-0.009549115,-0.02971077,1.139801,0.8084499,0.01276687,0.5884266,-0.1696315,0.9623955,0.212179,-0.5635903,-0.2713518,0.7802143,moving,-32.33643,-16.6767,-0.480006,-1.49317,-0.4192591030265452,-1.2127703722934469,35.28981911725641,0.2869044034341007,33.95049196086782
1062,05/15/2023 18:38:08.132417,1245,True,True,True,True,Eyes,1.354829,0.07103168,-3.694813,-0.5208085,-0.2475688,0.8169872,0.0,0.0,0.0,0.0,0.0,0.0,0.0,1.105529,0.9512863,3.662016,1.34401,0.06901073,-3.704913,0.1288189,-0.3072041,0.04912779,0.9416039,15.82959,323.9722,0.7962937,0.3450053,0.01850267,-0.9384177,0,0,0,0.6954063,-0.2717232,-2.827634,-0.00896991,-0.03009716,1.142548,0.8064241,0.01337045,0.5911863,-0.1716652,0.9619843,0.2124082,-0.565872,-0.2727772,0.7780626,moving,-32.51647,-16.8582,-0.4498082,-1.508944,-0.4186420784143047,-1.2404340862557617,35.55095580640716,0.27031259851074774,34.17915301102756
1149,05/15/2023 18:38:09.652293,1332,True,True,True,True,Eyes,1.345768,0.06789735,-3.69479,-0.5758665,-0.3024152,0.7595544,1.122589,0.6993065,-0.2715904,-2.842123,0.259932,0.008842629,-0.9655865,0.008215964,-0.05815297,1.130623,1.342817,0.07059574,-3.708473,0.1170622,-0.3171278,0.05215114,0.9396843,14.65986,322.8837,1.407527,0.341688,0.01717669,-0.9396561,0,0,0,0.6954064,-0.2717231,-2.827634,0.01393086,-0.05490074,1.144111,0.7934204,0.02376384,0.6082099,-0.1722586,0.9671534,0.1869259,-0.5837902,-0.2530803,0.7714528,moving,-37.16808,-21.70988,0.6976074,-2.747259,-0.3904138555998383,-1.9785059219389176,42.34845070913646,1.3322055200551592,39.99363577045216
1150,05/15/2023 18:38:09.672751,1333,True,True,True,True,Eyes,1.345919,0.06793174,-3.694725,-0.5759935,-0.302587,0.7593896,1.1235,0.6987906,-0.2720248,-2.84155,0.1648153,-0.2198802,-0.9615033,0.008151498,-0.05879048,1.131551,1.34289,0.07066727,-3.708516,0.1168641,-0.3171783,0.05224354,0.939687,14.64163,322.8802,1.424456,0.341738,0.01718544,-0.9396378,0,0,0,0.6963186,-0.2687268,-2.827129,0.01504258,-0.05248347,1.143287,0.793337,0.02405162,0.6083074,-0.1723187,0.9672268,0.1864903,-0.5838858,-0.2527724,0.7714814,moving,-37.18015,-21.72534,0.7538151,-2.628362,-0.3901233442495447,-1.9808337510757703,42.469757203691444,1.3144915356847864,40.108130159243956
1151,05/15/2023 18:38:09.687622,1334,True,True,True,True,Eyes,1.346059,0.06796876,-3.694674,-0.5761206,-0.3027692,0.7592206,1.123717,0.6986622,-0.2722583,-2.841524,0.1561725,-0.2353312,-0.9592859,0.007678602,-0.05943128,1.131576,1.342795,0.07065678,-3.708448,0.1166485,-0.3170319,0.05229666,0.9397601,14.61973,322.9008,1.440803,0.3417869,0.0171942,-0.9396198,0,0,0,0.6972326,-0.2657245,-2.826622,0.01576463,-0.05009183,1.142262,0.7935116,0.02433,0.6080685,-0.1722552,0.9673163,0.1860839,-0.5836672,-0.2524027,0.7717677,moving,-37.19238,-21.7416,0.7907025,-2.510993,-0.3897839479514543,-1.9832779768875453,42.57382766195982,1.2930705314930118,40.20496342862288
1152,05/15/2023 18:38:09.702656,1335,True,True,True,True,Eyes,1.346189,0.06800479,-3.694628,-0.5762352,-0.3029374,0.7590664,0.0,0.0,0.0,0.0,0.0,0.0,0.0,1.186711,0.8515598,3.664463,1.342828,0.07075882,-3.708576,0.1164596,-0.3169002,0.0522757,0.9398291,14.59806,322.9183,1.447668,0.3418345,0.01720302,-0.9396024,0,0,0,0.6982016,-0.2625418,-2.826085,0.01663614,-0.04757461,1.141439,0.7936831,0.02444831,0.60784,-0.1720726,0.9674088,0.1857719,-0.583488,-0.2520366,0.7720228,moving,-37.20347,-21.75655,0.8350099,-2.386677,-0.3894606244740884,-1.9855239298471972,42.68627335735498,1.2885076061082716,40.31036644036737
1153,05/15/2023 18:38:09.722466,1336,True,True,True,True,Eyes,1.346311,0.06803663,-3.694591,-0.5763155,-0.3031176,0.7589335,0.0,0.0,0.0,0.0,0.0,0.0,0.0,1.186177,0.8505557,3.664947,1.342748,0.0707674,-3.708682,0.1163225,-0.3168043,0.05240736,0.9398711,14.58773,322.933,1.468985,0.3418806,0.01721188,-0.9395854,0,0,0,0.6990564,-0.2597342,-2.825611,0.01749713,-0.04512218,1.140632,0.7937771,0.02480941,0.6077026,-0.1722152,0.9674451,0.1854506,-0.583318,-0.251862,0.7722083,moving,-37.21215,-21.77174,0.8788398,-2.265378,-0.3889435310711303,-1.9877833200737067,42.79511259967367,1.2978187010770001,40.41232095228636
1154,05/15/2023 18:38:09.732307,1337,True,True,True,True,Eyes,1.346424,0.06807373,-3.694556,-0.5763826,-0.3032871,0.7588149,0.0,0.0,0.0,0.0,0.0,0.0,0.0,1.184446,0.8502703,3.665619,1.342742,0.07069588,-3.708731,0.1162609,-0.3165687,0.05252316,0.9399515,14.58486,322.9641,1.487912,0.3419251,0.01722066,-0.939569,0,0,0,0.6999786,-0.256705,-2.8251,0.01804146,-0.04222396,1.139751,0.7940511,0.02512932,0.6073313,-0.1723476,0.9674494,0.1853049,-0.5829058,-0.2518137,0.7725353,moving,-37.21968,-21.78586,0.9068766,-2.121647,-0.3884236187809639,-1.989878849558516,42.89889964885314,1.301985215831878,40.508449492554185
1155,05/15/2023 18:38:09.752529,1338,True,True,True,True,Eyes,1.346522,0.06810579,-3.694536,-0.5764101,-0.3034619,0.7587242,0.0,0.0,0.0,0.0,0.0,0.0,0.0,1.18331,0.8498157,3.666108,1.342645,0.070858,-3.70878,0.1162151,-0.3164126,0.0525241,0.9400098,14.57963,322.9839,1.492211,0.341968,0.01722949,-0.9395532,0,0,0,0.700941,-0.2535438,-2.824566,0.01893202,-0.03949171,1.13883,0.7942486,0.0252025,0.60707,-0.1722902,0.9674705,0.1852481,-0.5826536,-0.2517252,0.7727543,moving,-37.22429,-21.7996,0.9524025,-1.986075,-0.3877196961530748,-1.9918942354331115,43.01204044410334,1.3401348305760752,40.61472572824993
1156,05/15/2023 18:38:09.762682,1339,True,True,True,True,Eyes,1.34661,0.0681373,-3.694521,-0.5764337,-0.3036352,0.7586369,0.0,0.0,0.0,0.0,0.0,0.0,0.0,1.18276,0.8490931,3.666589,1.342587,0.07076931,-3.708936,0.1160997,-0.3163092,0.05268508,0.9400499,14.57271,322.9996,1.516082,0.3420089,0.01723826,-0.9395381,0,0,0,0.7018178,-0.2506637,-2.82408,0.01981922,-0.03679767,1.138036,0.7943456,0.02560638,0.6069263,-0.1725,0.9674903,0.1849495,-0.5824593,-0.2516086,0.7729387,moving,-37.22859,-21.81315,0.9977211,-1.851977,-0.3870075641689522,-1.9938795999484744,43.12423086676343,1.3919805391036426,40.720146227901225
1157,05/15/2023 18:38:09.792350,1340,True,True,True,True,Eyes,1.346693,0.06817075,-3.694512,-0.5764945,-0.3038139,0.758519,0.0,0.0,0.0,0.0,0.0,0.0,0.0,1.183506,0.8487656,3.666486,1.342455,0.07077789,-3.709044,0.1160545,-0.3163432,0.05304054,0.940024,14.58085,323.0002,1.556784,0.3420479,0.01724694,-0.9395238,0,0,0,0.7028503,-0.2472724,-2.823508,0.02121218,-0.03345349,1.137038,0.7942274,0.02629268,0.6070516,-0.1731448,0.9674361,0.1846299,-0.5824292,-0.251746,0.7729167,moving,-37.23579,-21.82786,1.068766,-1.685248,-0.3864189552958222,-1.9960570566769076,43.27775211976334,1.4880072324527505,40.86580514096581
1158,05/15/2023 18:38:09.812410,1341,True,True,True,True,Eyes,1.346768,0.06820572,-3.694502,-0.5765495,-0.3039747,0.7584128,0.0,0.0,0.0,0.0,0.0,0.0,0.0,1.184454,0.8477547,3.666499,1.342447,0.07084846,-3.709131,0.1159275,-0.3164139,0.05344055,0.9399931,14.58173,322.9975,1.604921,0.3420849,0.01725559,-0.9395101,0,0,0,0.7036558,-0.2446264,-2.823061,0.02227562,-0.03100646,1.136328,0.7940527,0.02710536,0.6072443,-0.1738296,0.9674098,0.1841235,-0.5824633,-0.2517608,0.7728861,moving,-37.24229,-21.8411,1.123034,-1.563016,-0.3858905889491154,-1.998017086270799,43.39468603799354,1.5703755475019445,40.97646064441066
1159,05/15/2023 18:38:09.832342,1342,True,True,True,True,Eyes,1.34683,0.06825154,-3.694501,-0.5766118,-0.3040994,0.7583156,0.0,0.0,0.0,0.0,0.0,0.0,0.0,1.18498,0.8453963,3.666827,1.342323,0.07090473,-3.709128,0.115625,-0.316424,0.05389201,0.9400012,14.56516,323.0043,1.666314,0.3421199,0.01726426,-0.9394972,0,0,0,0.7047858,-0.2409149,-2.822435,0.02358021,-0.02792242,1.135154,0.7939429,0.02814405,0.6073405,-0.1744902,0.9674531,0.1832699,-0.5824154,-0.2514808,0.7730134,moving,-37.24881,-21.85175,1.190016,-1.409072,-0.3855596894880299,-1.9996049834903955,43.53672504989276,1.6826074877688346,41.11183566921241
1160,05/15/2023 18:38:09.862950,1343,True,True,True,True,Eyes,1.346895,0.06830678,-3.694501,-0.5767081,-0.304179,0.7582104,0.0,0.0,0.0,0.0,0.0,0.0,0.0,1.18672,0.8395395,3.667709,1.342154,0.07117748,-3.709282,0.1148941,-0.3165393,0.05472001,0.9400042,14.51563,323.0061,1.78395,0.3421529,0.01727322,-0.939485,0,0,0,0.7057626,-0.2377065,-2.821893,0.0248798,-0.02618533,1.134266,0.7936172,0.03013706,0.6076705,-0.1756111,0.9676101,0.1813599,-0.5825225,-0.2506441,0.7732044,moving,-37.25726,-21.85968,1.256565,-1.322479,-0.3855752691454933,-2.0008187535831654,43.647352050783404,1.7767299977319295,41.21857556619461
1161,05/15/2023 18:38:09.872278,1344,True,True,True,True,Eyes,1.34695,0.06836912,-3.694506,-0.5768196,-0.3041885,0.7581217,0.0,0.0,0.0,0.0,0.0,0.0,0.0,1.187845,0.8362418,3.668218,1.342214,0.07146454,-3.709374,0.1145227,-0.3167568,0.05410944,0.9400117,14.45292,322.9743,1.726515,0.3421839,0.01728268,-0.9394735,0,0,0,0.7071409,-0.2331791,-2.821129,0.02716505,-0.02339298,1.133056,0.7934746,0.02917532,0.6079037,-0.1742787,0.9679134,0.1810263,-0.5831166,-0.2495844,0.7730994,moving,-37.26582,-21.86261,1.373405,-1.182755,-0.3859772609023585,-2.0013147453228184,43.82517668443163,1.9404808673730467,41.39253014198936
1162,05/15/2023 18:38:09.872278,1345,True,True,True,True,Eyes,1.346993,0.06843057,-3.694531,-0.576902,-0.3040901,0.7580985,0.0,0.0,0.0,0.0,0.0,0.0,0.0,1.188458,0.8296344,3.669577,1.342063,0.07168484,-3.70948,0.1137084,-0.3168638,0.05378918,0.9400928,14.35213,322.9631,1.719709,0.3422131,0.01729277,-0.9394627,0,0,0,0.7084795,-0.2287826,-2.820387,0.02913779,-0.02145052,1.131764,0.7934081,0.02907347,0.6079953,-0.1731938,0.9683542,0.1797053,-0.5835302,-0.2478806,0.7733355,moving,-37.27061,-21.85681,1.474781,-1.085807,-0.3867652290218392,-2.000522869562637,43.961800342671246,2.0741406617718,41.52842669155069
1163,05/15/2023 18:38:09.887512,1346,True,True,True,True,Eyes,1.347036,0.06848726,-3.694558,-0.5769866,-0.3040052,0.7580682,0.0,0.0,0.0,0.0,0.0,0.0,0.0,1.189565,0.8226548,3.671101,1.342104,0.0717144,-3.709773,0.1128167,-0.3170333,0.05351713,0.9401586,14.24476,322.9455,1.720212,0.3422401,0.01730339,-0.9394527,0,0,0,0.7093,-0.2260873,-2.819932,0.03056194,-0.02100253,1.131181,0.7932516,0.02909588,0.6081984,-0.1721625,0.9688166,0.1781978,-0.5840479,-0.2460646,0.7735246,moving,-37.27576,-21.85208,1.547626,-1.063683,-0.3874984519485481,-1.999887950324817,44.03876417810342,2.149694479116012,41.606561077277846
1164,05/15/2023 18:38:09.902655,1347,True,True,True,True,Eyes,1.347077,0.06855059,-3.694587,-0.5770815,-0.3038734,0.7580488,0.0,0.0,0.0,0.0,0.0,0.0,0.0,1.190483,0.8235725,3.670686,1.342162,0.071661,-3.709842,0.112931,-0.3171426,0.05356032,0.9401056,14.25907,322.9316,1.71904,0.3422652,0.01731437,-0.9394434,0,0,0,0.7098182,-0.2243852,-2.819645,0.03146708,-0.01904562,1.130751,0.7931038,0.02907422,0.6083923,-0.1723352,0.9687558,0.1783616,-0.5841978,-0.2463067,0.7733343,moving,-37.28101,-21.844,1.594043,-0.9649607,-0.3884924873556591,-1.9987723494397356,44.12713482477368,2.2358921005142105,41.69357642606367
1165,05/15/2023 18:38:09.912465,1348,True,True,True,True,Eyes,1.347126,0.06862286,-3.69462,-0.5771735,-0.3036232,0.7580789,0.0,0.0,0.0,0.0,0.0,0.0,0.0,1.191045,0.8183052,3.671757,1.342142,0.0718689,-3.709918,0.1122825,-0.3172339,0.05343084,0.9401597,14.18344,322.9235,1.727522,0.3422883,0.01732585,-0.9394348,0,0,0,0.7103204,-0.2227359,-2.819367,0.032246,-0.01917675,1.13034,0.7930155,0.0292274,0.6084999,-0.1717067,0.9690756,0.1772269,-0.5845025,-0.2450272,0.7735105,moving,-37.28432,-21.82693,1.634075,-0.9719571,-0.3900255204024335,-1.9963474999086332,44.15395071831919,2.2685587072232383,41.72450409227054
1166,05/15/2023 18:38:09.932473,1349,True,True,True,True,Eyes,1.347168,0.06869308,-3.694651,-0.5772547,-0.303343,0.7581294,0.0,0.0,0.0,0.0,0.0,0.0,0.0,1.190265,0.8078067,3.674621,1.342257,0.07212639,-3.710157,0.1109544,-0.3171917,0.05310381,0.9403502,14.02588,322.9345,1.741533,0.3423101,0.01733799,-0.9394267,0,0,0,0.710977,-0.2205792,-2.819003,0.03278998,-0.02042794,1.12998,0.7931389,0.02948473,0.6083267,-0.17026,0.9697382,0.1749839,-0.5847583,-0.2423602,0.7741572,moving,-37.28636,-21.80735,1.662154,-1.035689,-0.3916559689432718,-1.9935507438600208,44.14123518329678,2.266193837446683,41.71825287950259
1167,05/15/2023 18:38:09.952429,1350,True,True,True,True,Eyes,1.3472,0.06877949,-3.694708,-0.577198,-0.3027615,0.7584049,0.0,0.0,0.0,0.0,0.0,0.0,0.0,1.188319,0.8041793,3.675982,1.34212,0.07214165,-3.710143,0.1104832,-0.3169664,0.05287853,0.9404944,13.96559,322.963,1.737547,0.3423303,0.01735069,-0.939419,0,0,0,0.7119139,-0.2175015,-2.818484,0.03346131,-0.01871812,1.129,0.7934722,0.02942499,0.6078947,-0.1695028,0.9699947,0.1742962,-0.584526,-0.241339,0.7746515,moving,-37.27362,-21.76229,1.697636,-0.9498421,-0.3941377694632063,-1.986962120221335,44.18050228107135,2.33476667762717,41.76461534749071
1168,05/15/2023 18:38:09.972712,1351,True,True,True,True,Eyes,1.347234,0.06887095,-3.694772,-0.5771114,-0.302074,0.7587449,0.0,0.0,0.0,0.0,0.0,0.0,0.0,1.184368,0.7836205,3.682179,1.342242,0.07256126,-3.710573,0.1078567,-0.3165483,0.05243948,0.9409645,13.66106,323.028,1.793012,0.3423488,0.01736428,-0.9394121,0,0,0,0.7128534,-0.2144158,-2.817963,0.03332444,-0.02208516,1.128556,0.7940946,0.03040369,0.6070334,-0.1669711,0.9712341,0.1697793,-0.5844095,-0.2361778,0.7763282,moving,-37.2571,-21.70865,1.691361,-1.121101,-0.3969934657810828,-1.9791071038786372,44.05484976816879,2.257741980174172,41.656203948662224
1169,05/15/2023 18:38:09.987549,1352,True,True,True,True,Eyes,1.34725,0.06897229,-3.694858,-0.5768563,-0.3009794,0.7593737,0.0,0.0,0.0,0.0,0.0,0.0,0.0,1.181437,0.771486,3.685947,1.342282,0.07267857,-3.710821,0.106276,-0.3161703,0.05270252,0.9412568,13.49685,323.0886,1.886502,0.3423656,0.01737881,-0.9394057,0,0,0,0.7137622,-0.2114308,-2.817459,0.03326768,-0.02255759,1.127934,0.7945175,0.03201059,0.6063969,-0.1664158,0.9718557,0.16674,-0.5839928,-0.2333919,0.7774835,moving,-37.22203,-21.62101,1.689413,-1.145708,-0.4010705977730638,-1.9662025395134384,43.969744010324334,2.245736619002679,41.590842479908055
1170,05/15/2023 18:38:10.002454,1353,True,True,True,True,Eyes,1.347277,0.06908495,-3.69495,-0.5765787,-0.2998136,0.7600453,0.0,0.0,0.0,0.0,0.0,0.0,0.0,1.174914,0.7571173,3.69124,1.342404,0.07300568,-3.711,0.1044037,-0.3153329,0.05325077,0.9417162,13.31007,323.2106,2.028769,0.3423804,0.01739442,-0.9394,0,0,0,0.7147086,-0.2083221,-2.816934,0.03193597,-0.02353415,1.127355,0.795459,0.03445034,0.6050274,-0.1661381,0.9725285,0.1630539,-0.5827891,-0.2302208,0.77933,moving,-37.18435,-21.52765,1.622655,-1.195907,-0.4053904356971775,-1.952452926788932,43.81053994746098,2.1645623180202223,41.4523356122683
1171,05/15/2023 18:38:10.026876,1354,True,True,True,True,Eyes,1.347291,0.06921595,-3.695065,-0.5761703,-0.2983211,0.7609418,0.0,0.0,0.0,0.0,0.0,0.0,0.0,1.169523,0.7444205,3.695886,1.34267,0.07334805,-3.711251,0.1027596,-0.314673,0.05352275,0.9421023,13.13843,323.3054,2.128964,0.3423935,0.01741129,-0.939395,0,0,0,0.7157872,-0.2047793,-2.816336,0.03123935,-0.0237706,1.126795,0.7962325,0.03617646,0.6039082,-0.1655191,0.9731516,0.1599358,-0.5819083,-0.2273044,0.7808428,moving,-37.13229,-21.40726,1.588065,-1.208519,-0.4107080749928028,-1.934692132974577,43.67213103697947,2.12659851038467,41.33977235714546
1172,05/15/2023 18:38:10.032547,1355,True,True,True,True,Eyes,1.347315,0.06935377,-3.695184,-0.5757225,-0.2967408,0.761898,0.0,0.0,0.0,0.0,0.0,0.0,0.0,1.160981,0.728166,3.702125,1.342901,0.07386875,-3.711467,0.1006712,-0.313664,0.05342558,0.9426696,12.9038,323.4411,2.209006,0.3424047,0.01742975,-0.9393905,0,0,0,0.7164971,-0.2024474,-2.815943,0.02926138,-0.02652779,1.12656,0.7975212,0.03757149,0.6021199,-0.1638792,0.974022,0.156284,-0.5806062,-0.2233147,0.7829604,moving,-37.07624,-21.27971,1.487872,-1.348929,-0.4162768435375611,-1.9158672332322304,43.40998463047995,1.9867565977355945,41.10825073755431
1173,05/15/2023 18:38:10.052307,1356,True,True,True,True,Eyes,1.347329,0.0695008,-3.695322,-0.5751743,-0.2949168,0.7630194,0.0,0.0,0.0,0.0,0.0,0.0,0.0,1.151805,0.7130192,3.708251,1.343135,0.07411766,-3.711694,0.09868535,-0.312563,0.05343334,0.9432446,12.68386,323.5881,2.297544,0.3424143,0.01744982,-0.9393867,0,0,0,0.7174239,-0.1994033,-2.815429,0.02735404,-0.02803922,1.126091,0.7988985,0.03911065,0.600193,-0.1624922,0.9748122,0.1527663,-0.5791005,-0.2195714,0.7851311,moving,-37.00948,-21.13216,1.391506,-1.426347,-0.4225788054270528,-1.894073774450016,43.16196000835881,1.8734118652391212,40.892965548866634
1174,05/15/2023 18:38:10.072657,1357,True,True,True,True,Eyes,1.347351,0.06965999,-3.695469,-0.5745875,-0.2930437,0.7641823,0.0,0.0,0.0,0.0,0.0,0.0,0.0,1.141504,0.6974134,3.714736,1.343365,0.07444477,-3.711942,0.09665731,-0.3113643,0.05298378,0.9438763,12.44249,323.7416,2.33757,0.3424221,0.01747155,-0.9393834,0,0,0,0.7184597,-0.1960009,-2.814855,0.02547491,-0.0296676,1.125559,0.80049,0.039829,0.5980213,-0.1602115,0.9757002,0.1494706,-0.5775362,-0.2154596,0.7874193,moving,-36.93945,-20.9805,1.296561,-1.509858,-0.4289535379538404,-1.8716609334099497,42.908022992026616,1.7630376579398697,40.67277671736887
1175,05/15/2023 18:38:10.092428,1358,True,True,True,True,Eyes,1.347381,0.06982258,-3.695628,-0.5739893,-0.2909897,0.7654158,0.0,0.0,0.0,0.0,0.0,0.0,0.0,1.132121,0.6852496,3.720288,1.343554,0.07485962,-3.712285,0.09508031,-0.3102328,0.05282566,0.9444177,12.26114,323.8872,2.392046,0.3424284,0.01749509,-0.9393806,0,0,0,0.719218,-0.1935102,-2.814435,0.0235209,-0.03107436,1.12536,0.8019301,0.04078493,0.5960239,-0.158773,0.9763384,0.1468146,-0.5759333,-0.2123676,0.7894307,moving,-36.86642,-20.81541,1.197352,-1.581696,-0.4361260466416367,-1.847291338980921,42.64723312363628,1.6549294283891887,40.44775944254688
1176,05/15/2023 18:38:10.102332,1359,True,True,True,True,Eyes,1.34742,0.06999591,-3.695792,-0.5733725,-0.2888945,0.7666706,0.0,0.0,0.0,0.0,0.0,0.0,0.0,1.123659,0.666486,3.726625,1.343792,0.07485771,-3.712569,0.09261494,-0.3092527,0.05262981,0.944995,11.98134,324.0177,2.47173,0.3424334,0.01752034,-0.9393783,0,0,0,0.7202087,-0.1902561,-2.813885,0.02198947,-0.03329588,1.124802,0.8031857,0.04218695,0.5942331,-0.1567526,0.9773052,0.1424895,-0.5747359,-0.2075931,0.7915705,moving,-36.79183,-20.64726,1.119969,-1.695548,-0.4434164633587832,-1.822468242207105,42.38480731520841,1.5685288824001513,40.223354077449514
1177,05/15/2023 18:38:10.112908,1360,True,True,True,True,Eyes,1.347443,0.07017638,-3.695972,-0.5727416,-0.2866909,0.7679685,0.0,0.0,0.0,0.0,0.0,0.0,0.0,1.117012,0.6543313,3.731261,1.344068,0.07530117,-3.712949,0.09106065,-0.3084692,0.05252662,0.9454078,11.80518,324.1201,2.525928,0.3424374,0.01754739,-0.9393764,0,0,0,0.7210799,-0.1873943,-2.813402,0.02094891,-0.03428446,1.124585,0.8041754,0.04313934,0.5928245,-0.155497,0.9778978,0.1397732,-0.5736921,-0.2045846,0.7931095,moving,-36.71513,-20.47114,1.06719,-1.746197,-0.4511562975515671,-1.796481033968006,42.16784550976785,1.5191787134371808,40.04396068264908
1178,05/15/2023 18:38:10.142839,1361,True,True,True,True,Eyes,1.34747,0.07037057,-3.696159,-0.5721,-0.2844102,0.7692934,0.0,0.0,0.0,0.0,0.0,0.0,0.0,1.108923,0.6356196,3.737159,1.344236,0.07574558,-3.713136,0.08867098,-0.3075481,0.05223284,0.9459512,11.53024,324.2407,2.590089,0.34244,0.01757624,-0.9393749,0,0,0,0.7220957,-0.1840579,-2.81284,0.01962008,-0.03678203,1.123989,0.8053718,0.04427823,0.591114,-0.1533606,0.9788184,0.1356286,-0.5725878,-0.1998851,0.7951033,moving,-36.63706,-20.28951,1.00004,-1.87431,-0.4592132987546672,-1.7696898014395133,41.900726574249276,1.4629988297579781,39.81766946343845
1179,05/15/2023 18:38:10.162756,1362,True,True,True,True,Eyes,1.347489,0.07057177,-3.696361,-0.5714692,-0.28203,0.7706374,0.0,0.0,0.0,0.0,0.0,0.0,0.0,1.101718,0.6189932,3.742444,1.344304,0.07621956,-3.713471,0.0865585,-0.3067101,0.05194513,0.9464345,11.28609,324.3494,2.643446,0.3424414,0.01760706,-0.9393738,0,0,0,0.7229248,-0.1813347,-2.81238,0.01847625,-0.03928937,1.123622,0.8064612,0.04522861,0.5895545,-0.1514221,0.9796187,0.1319797,-0.5715694,-0.1957081,0.7968731,moving,-36.55893,-20.1011,0.9420571,-2.00263,-0.4677790341278883,-1.7419234335065774,41.63986851342432,1.43373841369528,39.59875187294149
1180,05/15/2023 18:38:10.182646,1363,True,True,True,True,Eyes,1.34751,0.07077201,-3.696568,-0.5708848,-0.2796456,0.7719384,0.0,0.0,0.0,0.0,0.0,0.0,0.0,1.094599,0.599215,3.748089,1.344552,0.07654476,-3.713718,0.08402634,-0.3059198,0.05165787,0.9469341,10.99604,324.4535,2.710573,0.3424414,0.01763981,-0.9393732,0,0,0,0.7240817,-0.1775346,-2.811738,0.01759408,-0.04150768,1.122975,0.807489,0.04642254,0.588053,-0.1492438,0.9805421,0.1275285,-0.5706906,-0.1907411,0.7987053,moving,-36.48467,-19.91363,0.8976014,-2.116817,-0.4765556220197072,-1.714326010572514,41.402424663058405,1.4318891429633744,39.40230581791321
1181,05/15/2023 18:38:10.192537,1364,True,True,True,True,Eyes,1.347535,0.0709798,-3.696775,-0.5702902,-0.2771915,0.7732619,0.0,0.0,0.0,0.0,0.0,0.0,0.0,1.087248,0.5817857,3.753325,1.344689,0.07666969,-3.714024,0.08176222,-0.3050598,0.05159293,0.9474133,10.74294,324.5663,2.79307,0.3424402,0.01767429,-0.939373,0,0,0,0.7247955,-0.17519,-2.811343,0.01612155,-0.04419391,1.122639,0.8085534,0.04787492,0.586472,-0.1476444,0.9813063,0.1234473,-0.5695987,-0.1864031,0.8005069,moving,-36.40923,-19.72125,0.8227342,-2.254347,-0.4856178138256771,-1.686012472621519,41.12556210681491,1.4264603489379668,39.16741008958519
1182,05/15/2023 18:38:10.212382,1365,True,True,True,True,Eyes,1.347567,0.07119045,-3.696981,-0.569676,-0.2746908,0.7746058,0.0,0.0,0.0,0.0,0.0,0.0,0.0,1.080294,0.5652435,3.758096,1.344774,0.07701492,-3.714226,0.07965414,-0.3042666,0.05131401,0.9478629,10.4996,324.6679,2.845114,0.3424379,0.01771051,-0.9393731,0,0,0,0.7262232,-0.1705006,-2.810551,0.01578831,-0.04467958,1.121717,0.8095774,0.0488051,0.5849808,-0.1457495,0.9820442,0.1197761,-0.5686314,-0.1822287,0.8021541,moving,-36.33225,-19.52553,0.8063921,-2.280966,-0.4948205612029518,-1.6572053576928931,40.94696233644186,1.4429940154298084,39.028210695757
1183,05/15/2023 18:38:10.212382,1366,True,True,True,True,Eyes,1.347625,0.07140981,-3.697173,-0.5691175,-0.2722411,0.7758802,0.0,0.0,0.0,0.0,0.0,0.0,0.0,1.072463,0.5510941,3.762693,1.344965,0.07725716,-3.71441,0.07783469,-0.303369,0.05100649,0.9483182,10.28658,324.7805,2.884592,0.3424349,0.01774835,-0.9393736,0,0,0,0.7270477,-0.1677923,-2.810094,0.0144089,-0.04633446,1.121295,0.8107312,0.0495155,0.5833208,-0.143966,0.9826802,0.1166765,-0.5674406,-0.1785717,0.803818,moving,-36.2605,-19.33497,0.7362236,-2.366246,-0.5040138918159888,-1.629185689814722,40.702520208495365,1.44272205810975,38.82290770731109
1184,05/15/2023 18:38:10.232231,1367,True,True,True,True,Eyes,1.347688,0.07163249,-3.697364,-0.5685303,-0.2697379,0.7771838,0.0,0.0,0.0,0.0,0.0,0.0,0.0,1.064849,0.5358956,3.767351,1.345185,0.07754517,-3.714632,0.07589399,-0.3025122,0.05057546,0.9487723,10.05606,324.8871,2.913737,0.3424318,0.0177879,-0.9393739,0,0,0,0.7280062,-0.1646441,-2.809563,0.01330218,-0.04794401,1.12082,0.811857,0.05005147,0.581707,-0.1418869,0.9833645,0.1134128,-0.5663535,-0.1746116,0.805453,moving,-36.18645,-19.1404,0.6799687,-2.449381,-0.5133431050756715,-1.6005694918053095,40.46878974002152,1.464402280992727,38.628936801069294
1185,05/15/2023 18:38:10.252311,1368,True,True,True,True,Eyes,1.347761,0.07185225,-3.697551,-0.5679713,-0.2673477,0.7784175,0.0,0.0,0.0,0.0,0.0,0.0,0.0,1.055603,0.5215818,3.772171,1.345208,0.07787895,-3.714831,0.07407353,-0.3014408,0.04997499,0.9492887,9.832204,325.0175,2.921775,0.3424289,0.01782905,-0.9393742,0,0,0,0.7285946,-0.1627114,-2.809237,0.01142699,-0.05063391,1.120491,0.8132718,0.05022382,0.5797124,-0.139539,0.9840312,0.1105053,-0.5649052,-0.1707633,0.8072931,moving,-36.11631,-18.95505,0.5842933,-2.58738,-0.5222594603110228,-1.5733128213188834,40.185008446096795,1.500930129696324,38.38410505363014
1186,05/15/2023 18:38:10.272792,1369,True,True,True,True,Eyes,1.347835,0.07207204,-3.697742,-0.567382,-0.2649403,0.7796694,0.0,0.0,0.0,0.0,0.0,0.0,0.0,1.046954,0.5076525,3.776712,1.345387,0.0779829,-3.715001,0.07226425,-0.3004383,0.04969713,0.9497606,9.620952,325.142,2.963862,0.3424263,0.01787158,-0.9393743,0,0,0,0.729331,-0.1602927,-2.808829,0.009705457,-0.05237554,1.120093,0.8145341,0.05097885,0.5778715,-0.1378227,0.9846162,0.1074056,-0.5635062,-0.1671293,0.8090295,moving,-36.04417,-18.76833,0.4964478,-2.6772,-0.5311337644346105,-1.5458417371183195,39.92669800875821,1.5283636316520148,38.163275814311724
1187,05/15/2023 18:38:10.288015,1370,True,True,True,True,Eyes,1.347919,0.07229543,-3.697932,-0.5667736,-0.2626581,0.7808831,0.0,0.0,0.0,0.0,0.0,0.0,0.0,1.039003,0.4965979,3.780676,1.345473,0.07817364,-3.715272,0.07083144,-0.2994869,0.04955105,0.9501765,9.455674,325.2599,3.006597,0.3424241,0.01791534,-0.9393743,0,0,0,0.7302578,-0.1572483,-2.808315,0.008530343,-0.05270934,1.119657,0.8157045,0.0517383,0.5761504,-0.1365907,0.9850551,0.1049249,-0.5621113,-0.1642845,0.810581,moving,-35.97256,-18.5909,0.4365115,-2.695285,-0.5393436261547934,-1.5197107032251884,39.72771153389454,1.5278311930577215,37.997797759735576
1188,05/15/2023 18:38:10.302714,1371,True,True,True,True,Eyes,1.348003,0.07252362,-3.698127,-0.5661548,-0.2603563,0.7821019,0.0,0.0,0.0,0.0,0.0,0.0,0.0,1.031078,0.4851913,3.784633,1.345685,0.07845211,-3.715503,0.06936189,-0.2985524,0.04947975,0.9505826,9.288921,325.3763,3.058324,0.3424223,0.0179603,-0.9393741,0,0,0,0.7312946,-0.1538429,-2.80774,0.007387501,-0.05279683,1.119208,0.8168365,0.05265286,0.5744613,-0.1354855,0.9854813,0.1023238,-0.5607333,-0.161413,0.8121108,moving,-35.90036,-18.41224,0.378184,-2.700834,-0.5476035826043505,-1.493397703050119,39.53455492675707,1.5215074956425445,37.837718547884954
1189,05/15/2023 18:38:10.322632,1372,True,True,True,True,Eyes,1.348107,0.07275561,-3.69831,-0.5655923,-0.2581792,0.7832298,0.0,0.0,0.0,0.0,0.0,0.0,0.0,1.02538,0.4739394,3.787925,1.345748,0.07876587,-3.715798,0.06793244,-0.297878,0.0493873,0.950902,9.126631,325.4606,3.103465,0.3424211,0.01800646,-0.9393737,0,0,0,0.7321086,-0.151169,-2.807289,0.00673257,-0.05357671,1.118882,0.8176592,0.05345381,0.5732155,-0.1343961,0.9858921,0.09977144,-0.5597956,-0.158617,0.8133078,moving,-35.83411,-18.24398,0.3447578,-2.741466,-0.5555100258585156,-1.4686316815842937,39.36036605025509,1.5590347527918658,37.695812024520926
1190,05/15/2023 18:38:10.332389,1373,True,True,True,True,Eyes,1.348214,0.07299042,-3.698495,-0.565024,-0.2559596,0.7843676,0.0,0.0,0.0,0.0,0.0,0.0,0.0,1.019874,0.4601651,3.791345,1.345815,0.07907486,-3.71601,0.06619358,-0.2972565,0.04910343,0.9512339,8.923975,325.5373,3.137205,0.3424207,0.01805379,-0.9393729,0,0,0,0.7330234,-0.1481642,-2.806782,0.006269848,-0.05483295,1.118392,0.8184549,0.05406474,0.5720216,-0.1327706,0.9864146,0.0967385,-0.5590203,-0.1551238,0.814514,moving,-35.76732,-18.07285,0.3212042,-2.806873,-0.5635943213043212,-1.4434483841908,39.18458412052518,1.625359992831366,37.55349755982595
1191,05/15/2023 18:38:10.352580,1374,True,True,True,True,Eyes,1.348337,0.0732296,-3.698668,-0.5644948,-0.2538451,0.7854351,0.0,0.0,0.0,0.0,0.0,0.0,0.0,1.014733,0.4473601,3.794602,1.346,0.07932186,-3.71629,0.0645736,-0.2966874,0.04875975,0.9515406,8.732506,325.6067,3.159533,0.3424212,0.01810226,-0.9393718,0,0,0,0.7340931,-0.1446507,-2.806189,0.006119097,-0.05530173,1.117937,0.8191982,0.0544774,0.5709174,-0.1311101,0.9869055,0.09395599,-0.558323,-0.1518216,0.8156137,moving,-35.70493,-17.91034,0.3136089,-2.83198,-0.5713468706502979,-1.4195426479201745,39.047305730106565,1.6667711269270091,37.44665725098733
1192,05/15/2023 18:38:10.362772,1375,True,True,True,True,Eyes,1.348459,0.07347248,-3.698843,-0.5639738,-0.2516471,0.7865159,0.0,0.0,0.0,0.0,0.0,0.0,0.0,1.010231,0.4341672,3.797588,1.34599,0.07963085,-3.716545,0.06292763,-0.2961906,0.04825481,0.9518312,8.532954,325.6659,3.16403,0.342423,0.01815186,-0.9393702,0,0,0,0.7349124,-0.1419595,-2.805735,0.005981601,-0.05681729,1.117511,0.8198851,0.05458372,0.5699202,-0.129138,0.9874231,0.09120772,-0.5577739,-0.1483782,0.8166224,moving,-35.64254,-17.74216,0.3066791,-2.910568,-0.579528522021635,-1.3948218608296188,38.88859055242641,1.7558047464735815,37.320838553506576
1193,05/15/2023 18:38:10.387980,1376,True,True,True,True,Eyes,1.348603,0.07371317,-3.699003,-0.5635131,-0.2495297,0.7875202,0.0,0.0,0.0,0.0,0.0,0.0,0.0,1.005423,0.4176373,3.80093,1.346036,0.07992363,-3.71674,0.06085639,-0.2956806,0.04772157,0.9521514,8.285727,325.7271,3.179668,0.3424259,0.01820256,-0.9393681,0,0,0,0.7357782,-0.1391157,-2.805255,0.005725203,-0.05909048,1.116994,0.8205913,0.05488821,0.5688736,-0.1268644,0.9880384,0.0876683,-0.557257,-0.1441097,0.817739,moving,-35.58577,-17.58106,0.2936695,-3.0282,-0.5875838699495638,-1.371167925246443,38.71846992087575,1.876795886293856,37.183139642919436
1194,05/15/2023 18:38:10.402591,1377,True,True,True,True,Eyes,1.348749,0.0739532,-3.699167,-0.5630621,-0.247382,0.7885196,0.0,0.0,0.0,0.0,0.0,0.0,0.0,1.002307,0.403275,3.803594,1.346046,0.08005619,-3.717031,0.05904142,-0.2953503,0.04738866,0.9523848,8.074047,325.7673,3.206984,0.3424303,0.01825421,-0.9393654,0,0,0,0.7367383,-0.1359619,-2.804723,0.006112461,-0.06023207,1.116496,0.821045,0.05538867,0.56817,-0.1251403,0.9885369,0.08446777,-0.5569785,-0.1404528,0.8185647,moving,-35.52968,-17.41819,0.3136732,-3.087967,-0.5958227191899365,-1.34726549868177,38.60182974743139,1.9639818083970857,37.097437059445525
1195,05/15/2023 18:38:10.414535,1378,True,True,True,True,Eyes,1.348898,0.07419412,-3.699325,-0.5626407,-0.2453185,0.7894646,0.0,0.0,0.0,0.0,0.0,0.0,0.0,0.9995083,0.3914651,3.805885,1.346206,0.08024979,-3.7173,0.05754854,-0.2950541,0.04728766,0.9525729,7.905707,325.8044,3.248612,0.3424362,0.01830669,-0.9393623,0,0,0,0.7376195,-0.1330675,-2.804234,0.006348467,-0.06082717,1.116168,0.8214139,0.05613002,0.5675637,-0.1240498,0.9889041,0.08173353,-0.5566785,-0.1375432,0.8192625,moving,-35.47696,-17.26213,0.3258797,-3.11933,-0.6037917500876241,-1.324371447764826,38.494962299291785,2.021426528308713,37.019012828728705
1196,05/15/2023 18:38:10.432959,1379,True,True,True,True,Eyes,1.349047,0.07443676,-3.699484,-0.5622247,-0.2432198,0.7904098,0.0,0.0,0.0,0.0,0.0,0.0,0.0,0.9967735,0.3779722,3.808137,1.346179,0.08048725,-3.71748,0.05585692,-0.2947659,0.04707966,0.9527732,7.71195,325.8398,3.284922,0.3424435,0.01835994,-0.9393586,0,0,0,0.7385918,-0.1298738,-2.803695,0.006814819,-0.06170064,1.1156,0.8217931,0.05678302,0.5669494,-0.1226419,0.989327,0.07868299,-0.5564306,-0.1341929,0.8199861,moving,-35.42454,-17.10384,0.3499959,-3.16564,-0.6119514057566201,-1.3011594607970782,38.39389063510482,2.0980062678931244,36.94709853496034
1197,05/15/2023 18:38:10.452818,1380,True,True,True,True,Eyes,1.349204,0.07468233,-3.69963,-0.561815,-0.2412567,0.7913021,0.0,0.0,0.0,0.0,0.0,0.0,0.0,0.9932556,0.3662954,3.81043,1.346333,0.08074188,-3.717658,0.05439792,-0.2943969,0.04675725,0.9529876,7.539602,325.8837,3.301311,0.3424521,0.01841393,-0.9393544,0,0,0,0.739518,-0.1268318,-2.803182,0.006950038,-0.06228603,1.11519,0.8222885,0.05708899,0.5662002,-0.1211473,0.9897092,0.07615068,-0.5560262,-0.1312114,0.8207426,moving,-35.37429,-16.95572,0.3570717,-3.196786,-0.6194995212924069,-1.2794283551337504,38.28888185560638,2.151732252996082,36.86863450382149
1198,05/15/2023 18:38:10.462737,1381,True,True,True,True,Eyes,1.34936,0.07492642,-3.69978,-0.5614039,-0.239254,0.7922015,0.0,0.0,0.0,0.0,0.0,0.0,0.0,0.9887006,0.3563839,3.812633,1.346229,0.08103561,-3.717771,0.05316967,-0.2938723,0.04636454,0.9532378,7.389693,325.9455,3.303284,0.3424622,0.01846866,-0.9393497,0,0,0,0.7403889,-0.123971,-2.802699,0.006881866,-0.06266026,1.114653,0.8229788,0.05714268,0.5651908,-0.1196431,0.9900467,0.07411618,-0.55533,-0.1286172,0.8216241,moving,-35.32379,-16.80492,0.3537397,-3.217499,-0.6272322410575865,-1.2573098201116248,38.17727249196337,2.191950631308504,36.78335801543195
1199,05/15/2023 18:38:10.482265,1382,True,True,True,True,Eyes,1.349518,0.07517301,-3.699923,-0.5609804,-0.2373349,0.7930783,0.0,0.0,0.0,0.0,0.0,0.0,0.0,0.9841646,0.3452924,3.815134,1.346359,0.08122349,-3.718034,0.05178376,-0.2933758,0.04579089,0.9534949,7.2165,326.0029,3.290195,0.3424734,0.01852403,-0.9393444,0,0,0,0.7413047,-0.1209631,-2.802191,0.006849878,-0.06320263,1.114314,0.8236676,0.05693854,0.5642071,-0.117707,0.9904433,0.07188319,-0.5547221,-0.125619,0.8224981,moving,-35.27351,-16.66022,0.3522026,-3.246275,-0.6345193471717844,-1.2360700702176308,38.06737866889213,2.239317766810199,36.69887030092558
1200,05/15/2023 18:38:10.503485,1383,True,True,True,True,Eyes,1.349672,0.07541869,-3.700068,-0.5605549,-0.2353693,0.7939644,0.0,0.0,0.0,0.0,0.0,0.0,0.0,0.9791742,0.3346904,3.817469,1.346211,0.08151436,-3.71819,0.05046912,-0.2927934,0.04534553,0.9537655,7.055179,326.0712,3.289347,0.3424858,0.01858002,-0.9393387,0,0,0,0.7422411,-0.1178872,-2.801672,0.006796237,-0.06357637,1.113758,0.8244316,0.05694396,0.5630896,-0.1160521,0.9907933,0.06971765,-0.5539355,-0.1228251,0.8234499,moving,-35.22286,-16.51236,0.3496189,-3.267055,-0.6420186397018771,-1.214372843211449,37.95838984511817,2.279659853343057,36.61533901994716
1201,05/15/2023 18:38:10.512470,1384,True,True,True,True,Eyes,1.349835,0.07566835,-3.700203,-0.5601723,-0.2335055,0.7947844,0.0,0.0,0.0,0.0,0.0,0.0,0.0,0.9749125,0.3223381,3.819844,1.346267,0.08170319,-3.718395,0.04891119,-0.2923173,0.04511212,0.9540038,6.874618,326.1281,3.319014,0.3424993,0.01863655,-0.9393327,0,0,0,0.7431472,-0.1149111,-2.80117,0.006731153,-0.06430717,1.113341,0.8250309,0.05747909,0.5621567,-0.1146694,0.9911451,0.0669488,-0.5533308,-0.119697,0.8243165,moving,-35.17658,-16.37264,0.3464005,-3.305761,-0.6492203262518063,-1.193883916131378,37.8500392391345,2.334798845090464,36.53136889849294
1202,05/15/2023 18:38:10.532193,1385,True,True,True,True,Eyes,1.349994,0.07591768,-3.70034,-0.5597915,-0.2316043,0.7956085,0.0,0.0,0.0,0.0,0.0,0.0,0.0,0.9712232,0.31059,3.821932,1.346191,0.08201027,-3.718596,0.0474412,-0.2918902,0.04504815,0.9542118,6.709542,326.1798,3.36391,0.3425139,0.01869368,-0.9393263,0,0,0,0.7440688,-0.1118839,-2.800659,0.006884286,-0.06482503,1.112881,0.8255416,0.05827571,0.5613245,-0.1136662,0.99144,0.06423968,-0.5527759,-0.1168361,0.8250989,moving,-35.13029,-16.23046,0.3544275,-3.333698,-0.6566074553915927,-1.17304128172367,37.755683626964704,2.3855039583401076,36.46135347830413
1203,05/15/2023 18:38:10.552351,1386,True,True,True,True,Eyes,1.350152,0.07616447,-3.700477,-0.5594463,-0.2297457,0.7963899,0.0,0.0,0.0,0.0,0.0,0.0,0.0,0.9678903,0.2991089,3.823871,1.346257,0.08221722,-3.71875,0.04599681,-0.2915266,0.0449315,0.9543993,6.545723,326.2234,3.401549,0.3425294,0.01875133,-0.9393195,0,0,0,0.7449831,-0.1088806,-2.800152,0.007056132,-0.06523745,1.112459,0.8259869,0.05894658,0.5605988,-0.1125837,0.9917309,0.06160118,-0.552332,-0.1139961,0.8257931,moving,-35.08719,-16.092,0.3634122,-3.356128,-0.6639454995742854,-1.1527612687157534,37.6689213004969,2.431108552780972,36.39792855800415
1204,05/15/2023 18:38:10.562951,1387,True,True,True,True,Eyes,1.35031,0.07641181,-3.700616,-0.5590916,-0.2278668,0.7971784,0.0,0.0,0.0,0.0,0.0,0.0,0.0,0.9653763,0.2860573,3.82572,1.346296,0.08237648,-3.718954,0.04434767,-0.2912627,0.04490123,0.9545592,6.362648,326.2552,3.454696,0.3425458,0.01880939,-0.9393123,0,0,0,0.7459158,-0.1058172,-2.799635,0.007489352,-0.06593159,1.112032,0.8262999,0.05988812,0.5600374,-0.1115554,0.9920343,0.05850884,-0.5520723,-0.1108211,0.8263986,moving,-35.04344,-15.95214,0.3858717,-3.393054,-0.6713421320237339,-1.1322743279050058,37.589450231296986,2.4957615696176303,36.34236705431686
1205,05/15/2023 18:38:10.587864,1388,True,True,True,True,Eyes,1.350456,0.07666024,-3.700756,-0.558708,-0.2260033,0.7979774,0.0,0.0,0.0,0.0,0.0,0.0,0.0,0.9612319,0.2762489,3.827696,1.346452,0.08261013,-3.71911,0.04310859,-0.290797,0.04488536,0.9547587,6.22434,326.3112,3.497056,0.3425629,0.01886783,-0.9393049,0,0,0,0.7468206,-0.1028453,-2.799134,0.007358799,-0.06587769,1.111717,0.8268448,0.06063768,0.5591518,-0.1107811,0.9922539,0.05621155,-0.5514122,-0.1084217,0.8271575,moving,-34.99799,-15.8132,0.3792528,-3.391244,-0.6785452673823532,-1.11190477801822,37.49472361541138,2.512831876632885,36.26985939747286
1206,05/15/2023 18:38:10.602653,1389,True,True,True,True,Eyes,1.350602,0.07691353,-3.7009,-0.5583206,-0.2240898,0.7987878,0.0,0.0,0.0,0.0,0.0,0.0,0.0,0.9561739,0.2631364,3.829974,1.346415,0.08287716,-3.71921,0.04146916,-0.2902278,0.04456599,0.9550194,6.031562,326.3777,3.519694,0.3425804,0.01892663,-0.9392974,0,0,0,0.7477677,-0.09973417,-2.798609,0.007167533,-0.06678576,1.111178,0.8275635,0.06105177,0.5580425,-0.1091938,0.9925884,0.05333913,-0.5506501,-0.1050763,0.8280963,moving,-34.95201,-15.6708,0.3695751,-3.439543,-0.6859716344198886,-1.0910332283143338,37.37937963338331,2.5748159266727306,36.178528640800124
1207,05/15/2023 18:38:10.618710,1390,True,True,True,True,Eyes,1.350766,0.07716703,-3.701032,-0.5579488,-0.2221995,0.7995753,0.0,0.0,0.0,0.0,0.0,0.0,0.0,0.9516179,0.2508978,3.832195,1.346536,0.08321953,-3.71943,0.03995646,-0.2897286,0.04413941,0.9552553,5.849406,326.4351,3.525682,0.3425981,0.0189859,-0.9392897,0,0,0,0.7486508,-0.09683365,-2.798119,0.00702836,-0.06774943,1.110882,0.8282181,0.06117575,0.5570567,-0.1074819,0.9929104,0.05076035,-0.5500022,-0.1019141,0.8289217,moving,-34.90758,-15.53045,0.3624956,-3.489977,-0.6933558009320814,-1.0704699081406317,37.268635914042314,2.6398554408164125,36.091338003721745
1208,05/15/2023 18:38:10.634457,1391,True,True,True,True,Eyes,1.350923,0.07741973,-3.701167,-0.557585,-0.2202483,0.8003684,0.0,0.0,0.0,0.0,0.0,0.0,0.0,0.9470428,0.238119,3.834352,1.346628,0.08352757,-3.719606,0.03837277,-0.2892293,0.04370512,0.9554915,5.659208,326.4923,3.532977,0.3426167,0.01904557,-0.9392817,0,0,0,0.7495526,-0.09387145,-2.797619,0.006909344,-0.06877781,1.110518,0.8288727,0.06132267,0.5560662,-0.1057168,0.9932348,0.04804812,-0.549358,-0.0986113,0.8297479,moving,-34.8634,-15.38603,0.3564743,-3.543977,-0.7010661989593566,-1.0493237187305746,37.1574187069367,2.7095547421463024,36.0041606998531
1209,05/15/2023 18:38:10.652850,1392,True,True,True,True,Eyes,1.351093,0.07766877,-3.701294,-0.5572379,-0.2183418,0.8011322,0.0,0.0,0.0,0.0,0.0,0.0,0.0,0.9450932,0.2240842,3.836591,1.345901,0.08357906,-3.720808,0.03660643,-0.2889031,0.04335417,0.9556755,5.452356,326.5289,3.55428,0.3426358,0.0191056,-0.9392735,0,0,0,0.7505088,-0.09073061,-2.797089,0.008482054,-0.06976584,1.110492,0.8293108,0.06171361,0.5553691,-0.1040165,0.9935607,0.0449174,-0.549021,-0.09501802,0.83039,moving,-34.82104,-15.24521,0.4376227,-3.594841,-0.7086367672379702,-1.0287109278276378,37.133601942560496,2.8105042810036798,36.004125719688346
1210,05/15/2023 18:38:10.662484,1393,True,True,True,True,Eyes,1.351232,0.07790995,-3.701459,-0.5568869,-0.2164243,0.8018963,0.0,0.0,0.0,0.0,0.0,0.0,0.0,0.9416009,0.2121919,3.838311,1.345994,0.08369637,-3.720963,0.03510032,-0.2885251,0.04325541,0.9558507,5.282235,326.5728,3.594979,0.3426556,0.01916585,-0.9392651,0,0,0,0.7514076,-0.08777842,-2.796591,0.008593218,-0.07024609,1.110132,0.8297644,0.06243678,0.5546103,-0.1029461,0.9937939,0.04214076,-0.5485372,-0.09206186,0.8310425,moving,-34.77853,-15.10373,0.4435017,-3.620692,-0.7162463540118845,-1.0080019523565624,37.04661494367939,2.858524940216443,35.93954161216724
1211,05/15/2023 18:38:10.682645,1394,True,True,True,True,Eyes,1.351377,0.07814881,-3.701622,-0.556509,-0.2145869,0.802652,0.0,0.0,0.0,0.0,0.0,0.0,0.0,0.9383348,0.2035014,3.839724,1.346095,0.08377266,-3.721072,0.03399248,-0.2881632,0.04322275,0.9560012,5.158091,326.6152,3.629685,0.3426752,0.0192261,-0.9392567,0,0,0,0.7523279,-0.08475576,-2.796081,0.008794641,-0.06973077,1.109789,0.8301876,0.06305123,0.5539072,-0.1022328,0.9939526,0.0400833,-0.5480301,-0.08990411,0.8316129,moving,-34.73503,-14.96783,0.454037,-3.595308,-0.7233615126389138,-0.9880864382678428,36.98113969269975,2.8607466734273057,35.89410436563908
1212,05/15/2023 18:38:10.703626,1395,True,True,True,True,Eyes,1.351521,0.07838865,-3.70178,-0.5561095,-0.2127478,0.803418,0.0,0.0,0.0,0.0,0.0,0.0,0.0,0.9348093,0.1963315,3.841182,1.346217,0.08394337,-3.721256,0.03309335,-0.2877624,0.04307425,0.9561602,5.052895,326.6619,3.64491,0.3426948,0.01928627,-0.9392483,0,0,0,0.753262,-0.08168732,-2.795563,0.009001136,-0.06888178,1.109554,0.8306749,0.06332572,0.5531449,-0.1014178,0.9940988,0.03849478,-0.5474429,-0.08807538,0.8321953,moving,-34.69019,-14.8317,0.4647954,-3.552397,-0.730396437182747,-0.9681261511985932,36.920125604337024,2.8472687522664617,35.85252995308776
1213,05/15/2023 18:38:10.722523,1396,True,True,True,True,Eyes,1.351674,0.0786235,-3.701931,-0.5557007,-0.2109339,0.8041789,0.0,0.0,0.0,0.0,0.0,0.0,0.0,0.9290038,0.1893858,3.843037,1.346348,0.08419132,-3.721305,0.03223463,-0.2870935,0.04269296,0.9564078,4.943459,326.7397,3.634464,0.3427142,0.01934642,-0.93924,0,0,0,0.7541659,-0.07871826,-2.795062,0.008508734,-0.06825062,1.10924,0.8315094,0.06315504,0.5519091,-0.1001725,0.9942765,0.03714516,-0.5464044,-0.08617264,0.8330766,moving,-34.6451,-14.69744,0.4394945,-3.520922,-0.7372716248245114,-0.9484324878976482,36.82177787442853,2.8288656388049067,35.77326990454405
1214,05/15/2023 18:38:10.732240,1397,True,True,True,True,Eyes,1.351829,0.07885854,-3.702083,-0.5552663,-0.2091319,0.8049491,0.0,0.0,0.0,0.0,0.0,0.0,0.0,0.9229262,0.1794113,3.845152,1.346413,0.08427525,-3.721457,0.03095944,-0.2863851,0.04251249,0.9566703,4.794709,326.8225,3.659769,0.3427339,0.0194064,-0.9392315,0,0,0,0.755104,-0.07563711,-2.794542,0.007996071,-0.06810877,1.108913,0.8323525,0.06360821,0.5505844,-0.0990735,0.9944684,0.03488605,-0.5453198,-0.08358582,0.8340502,moving,-34.59851,-14.56389,0.4131371,-3.514656,-0.7439837812278568,-0.9288277763568896,36.71377132142235,2.8329201075856014,35.68479277946988
1215,05/15/2023 18:38:10.752704,1398,True,True,True,True,Eyes,1.352006,0.07909165,-3.70222,-0.5548452,-0.2073404,0.8057026,0.0,0.0,0.0,0.0,0.0,0.0,0.0,0.9174141,0.1728714,3.846972,1.346584,0.08448887,-3.7216,0.03011501,-0.2857347,0.04272569,0.9568822,4.706378,326.9004,3.713962,0.3427538,0.01946625,-0.9392231,0,0,0,0.7560571,-0.07250627,-2.794013,0.007537968,-0.06687775,1.108718,0.8330604,0.06455709,0.5494022,-0.09897671,0.9945352,0.03321661,-0.5442554,-0.08204944,0.8348976,moving,-34.55315,-14.43143,0.3895374,-3.451893,-0.7507030722049416,-0.9093904996780846,36.627061518343076,2.786479373438343,35.61574663851523
1216,05/15/2023 18:38:10.763333,1399,True,True,True,True,Eyes,1.352188,0.07931928,-3.702355,-0.5543919,-0.2056151,0.8064564,0.0,0.0,0.0,0.0,0.0,0.0,0.0,0.9137436,0.1619525,3.84848,1.346863,0.08463383,-3.721661,0.02875284,-0.285364,0.0423276,0.9570524,4.542208,326.9415,3.716113,0.3427745,0.01952593,-0.9392143,0,0,0,0.7569376,-0.06961434,-2.793525,0.007522646,-0.06730517,1.108446,0.8335516,0.06460939,0.5486506,-0.09742949,0.9947633,0.0308784,-0.5437825,-0.07919349,0.8354814,moving,-34.50626,-14.30346,0.3888412,-3.474752,-0.7569710779489792,-0.8905852797872067,36.536680263914306,2.8268009151961824,35.54475185329473
1217,05/15/2023 18:38:10.782612,1400,True,True,True,True,Eyes,1.352365,0.07954522,-3.702496,-0.5539554,-0.2038207,0.8072115,0.0,0.0,0.0,0.0,0.0,0.0,0.0,0.9077007,0.1622978,3.85008,1.347144,0.08473587,-3.721747,0.02878962,-0.2846406,0.04207501,0.9572778,4.535216,327.0272,3.690514,0.3427961,0.01958531,-0.9392052,0,0,0,0.7578729,-0.06654234,-2.793007,0.00697054,-0.06441923,1.10837,0.834419,0.06416555,0.5473828,-0.09694433,0.9948017,0.03116681,-0.5425375,-0.07907183,0.8363019,moving,-34.46017,-14.17096,0.3603284,-3.326328,-0.7636402039763078,-0.8711358733425489,36.47016797383618,2.7002358788678418,35.49325737532297
1218,05/15/2023 18:38:10.802487,1401,True,True,True,True,Eyes,1.352552,0.07976212,-3.702641,-0.5534926,-0.2021128,0.8079581,0.0,0.0,0.0,0.0,0.0,0.0,0.0,0.9028752,0.1552501,3.851723,1.347314,0.08493233,-3.721907,0.02793022,-0.2840936,0.04148995,0.9574912,4.419591,327.0892,3.656379,0.3428183,0.01964439,-0.9391959,0,0,0,0.7587703,-0.06359465,-2.792509,0.006817948,-0.06388232,1.108195,0.8351389,0.06358293,0.5463519,-0.0953221,0.994997,0.02991182,-0.5417165,-0.07705992,0.8370215,moving,-34.41314,-14.04447,0.3524965,-3.299187,-0.7697860030240452,-0.8525421768703636,36.38833038214616,2.691763159555641,35.4288878218826
1219,05/15/2023 18:38:10.812797,1402,True,True,True,True,Eyes,1.352737,0.08007269,-3.702795,-0.5530137,-0.2001338,0.8087783,0.0,0.0,0.0,0.0,0.0,0.0,0.0,0.8976615,0.1578733,3.853208,1.347745,0.08494759,-3.722136,0.02825068,-0.2834694,0.04118316,0.95768,4.442499,327.1632,3.615104,0.3428412,0.01970296,-0.9391863,0,0,0,0.7596529,-0.0606955,-2.79202,0.0064256,-0.06049588,1.108368,0.8358982,0.06286418,0.5452728,-0.09489699,0.9950117,0.03076189,-0.540619,-0.07745855,0.837694,moving,-34.36293,-13.89876,0.3321602,-3.124165,-0.777154645916173,-0.8311578533232173,36.32961851437695,2.5472458071573745,35.38606811469455
1220,05/15/2023 18:38:10.832537,1403,True,True,True,True,Eyes,1.352924,0.08033738,-3.702921,-0.552542,-0.1977114,0.809696,0.0,0.0,0.0,0.0,0.0,0.0,0.0,0.8915153,0.1462054,3.855478,1.348026,0.08751678,-3.722371,0.02714186,-0.2828049,0.03991288,0.9579623,4.276911,327.2365,3.513805,0.3428646,0.01976343,-0.9391764,0,0,0,0.7605776,-0.05765816,-2.791507,0.005906731,-0.06316558,1.108447,0.8368567,0.06111836,0.5439996,-0.09182177,0.9953405,0.02942663,-0.5396663,-0.07457686,0.8385693,moving,-34.30989,-13.72196,0.3053169,-3.261511,-0.7866699498426805,-0.8052796734843943,36.16121599188015,2.68803043315844,35.24600990000675
1221,05/15/2023 18:38:10.852412,1404,True,True,True,True,Eyes,1.353093,0.08056231,-3.703089,-0.552049,-0.1952243,0.8106351,0.0,0.0,0.0,0.0,0.0,0.0,0.0,0.8804472,0.09556259,3.859133,1.348239,0.08655453,-3.721826,0.02065134,-0.2817377,0.03848553,0.958497,3.512949,327.3495,3.569371,0.3428888,0.01982448,-0.9391663,0,0,0,0.7615176,-0.05457051,-2.790986,0.003606461,-0.07380894,1.10687,0.8382855,0.06214001,0.541679,-0.08541305,0.9961848,0.01790283,-0.5384998,-0.06127413,0.8403949,moving,-34.25518,-13.54063,0.1866834,-3.814983,-0.7964063952201367,-0.778735720481954,35.78868765452107,3.191435897499228,34.912301971721966
1222,05/15/2023 18:38:10.870472,1405,True,True,True,True,Eyes,1.353269,0.0807867,-3.703237,-0.5515311,-0.1927699,0.8115746,0.0,0.0,0.0,0.0,0.0,0.0,0.0,0.8749946,0.09795584,3.861089,1.348707,0.08590698,-3.722476,0.02093012,-0.28107,0.03705262,0.9587434,3.495031,327.4253,3.404955,0.342913,0.019885,-0.9391562,0,0,0,0.7624345,-0.05155895,-2.790478,0.003563624,-0.07042543,1.107366,0.8392535,0.05928224,0.540499,-0.08281356,0.9963781,0.01930447,-0.5373969,-0.06096198,0.8411232,moving,-34.1993,-13.36162,0.1843834,-3.638952,-0.8058820113291233,-0.7525150374641278,35.731889919085724,3.0515805615398968,34.8753811986396
1223,05/15/2023 18:38:10.882692,1406,True,True,True,True,Eyes,1.353441,0.08103144,-3.703397,-0.5509654,-0.1902009,0.8125643,0.0,0.0,0.0,0.0,0.0,0.0,0.0,0.8683164,0.09224227,3.862539,1.349023,0.08611393,-3.722152,0.02023549,-0.280327,0.0365359,0.9589955,3.399376,327.5114,3.372884,0.3429374,0.01994506,-0.939146,0,0,0,0.7633582,-0.04852505,-2.789966,0.002620332,-0.06939977,1.106923,0.8401638,0.05873042,0.5391435,-0.08142064,0.9965113,0.01832749,-0.5361861,-0.05929549,0.8420146,moving,-34.13954,-13.17431,0.1356316,-3.587528,-0.8157030464201743,-0.7250673372136809,35.59064170993508,3.016408237536572,34.757785852635514
1224,05/15/2023 18:38:10.902729,1407,True,True,True,True,Eyes,1.353627,0.08128601,-3.703549,-0.550351,-0.1875513,0.813596,0.0,0.0,0.0,0.0,0.0,0.0,0.0,0.8568573,0.08112781,3.865637,1.349542,0.08686256,-3.722248,0.01893086,-0.2790124,0.03558401,0.9594413,3.220737,327.6636,3.314057,0.3429619,0.02000521,-0.9391357,0,0,0,0.7642779,-0.04550397,-2.789456,0.0003676638,-0.07042805,1.106885,0.8417717,0.05771764,0.5367393,-0.07884542,0.9967508,0.01646933,-0.5340448,-0.05618285,0.8435874,moving,-34.0761,-12.98113,0.01903141,-3.640665,-0.8257001728100842,-0.6967436751284997,35.35141117807595,3.0627184353168997,34.54502490445641
1225,05/15/2023 18:38:10.912339,1408,True,True,True,True,Eyes,1.353828,0.08154173,-3.703698,-0.549709,-0.1847819,0.8146628,0.0,0.0,0.0,0.0,0.0,0.0,0.0,0.8450029,0.06409635,3.868687,1.35003,0.08732414,-3.722187,0.01684707,-0.2776785,0.03458015,0.9599038,2.954761,327.8165,3.27377,0.3429868,0.02006569,-0.9391253,0,0,0,0.7651826,-0.04253256,-2.788955,-0.002081532,-0.07291204,1.106575,0.8433977,0.05703107,0.5342545,-0.07574335,0.9970408,0.0131388,-0.5319242,-0.05154746,0.8452216,moving,-34.01025,-12.7796,-0.1077766,-3.76976,-0.836153615058853,-0.6671986555053808,35.079266233251055,3.186913863350923,34.30191650195681
1226,05/15/2023 18:38:10.932415,1409,True,True,True,True,Eyes,1.354033,0.08179919,-3.703849,-0.5489934,-0.1820234,0.8157657,0.0,0.0,0.0,0.0,0.0,0.0,0.0,0.8301618,0.04557039,3.87238,1.350521,0.08756924,-3.722231,0.01454031,-0.2759707,0.03353101,0.960471,2.661673,328.0135,3.235873,0.3430125,0.02012649,-0.9391146,0,0,0,0.7660986,-0.03952387,-2.788447,-0.005323824,-0.07562052,1.106304,0.8454317,0.05638573,0.5310988,-0.07243653,0.9973285,0.009423939,-0.5291486,-0.04643825,0.8472576,moving,-33.93974,-12.57847,-0.2757202,-3.910326,-0.8462372303538451,-0.63767040890368,34.762090695174365,3.3220120860493227,34.01348713673378
1227,05/15/2023 18:38:10.952545,1410,True,True,True,True,Eyes,1.354216,0.08205166,-3.704018,-0.5482532,-0.1792259,0.8168821,0.0,0.0,0.0,0.0,0.0,0.0,0.0,0.8170922,0.03672759,3.875531,1.3508,0.08785152,-3.722413,0.01343984,-0.2744072,0.03297503,0.9609542,2.517659,328.1965,3.21329,0.3430389,0.02018763,-0.9391037,0,0,0,0.7670161,-0.03650999,-2.787938,-0.007905111,-0.07551665,1.10623,0.8472267,0.055999,0.5282718,-0.07075096,0.9974641,0.007732964,-0.5264992,-0.04392731,0.8490402,moving,-33.86767,-12.37475,-0.4094282,-3.90523,-0.8564031843744976,-0.6077562214890027,34.51357288629601,3.327629780583197,33.79021807202902
1228,05/15/2023 18:38:10.962669,1411,True,True,True,True,Eyes,1.354412,0.08229342,-3.704192,-0.5474886,-0.176465,0.8179954,0.0,0.0,0.0,0.0,0.0,0.0,0.0,0.8085593,0.01989868,3.87768,1.351208,0.08798504,-3.722508,0.01131746,-0.2734574,0.03259889,0.961265,2.268759,328.3046,3.240484,0.3430653,0.02024893,-0.9390928,0,0,0,0.7679436,-0.03346342,-2.787424,-0.009361193,-0.07731962,1.106011,0.8483167,0.05648265,0.526468,-0.06886202,0.9976184,0.003929332,-0.5249922,-0.03958696,0.8501859,moving,-33.7946,-12.17377,-0.4849354,-3.998957,-0.8662889109985535,-0.5782271639118342,34.29812419578457,3.441921427321474,33.60187900325926
1229,05/15/2023 18:38:10.983099,1412,True,True,True,True,Eyes,1.354556,0.08252723,-3.704393,-0.546689,-0.1737445,0.8191116,0.0,0.0,0.0,0.0,0.0,0.0,0.0,0.80132,0.01305249,3.879642,1.351693,0.08795547,-3.72278,0.01043165,-0.2726223,0.0323684,0.96152,2.161088,328.4017,3.24457,0.343092,0.02031011,-0.9390817,0,0,0,0.7690362,-0.02987458,-2.786819,-0.010168,-0.0757182,1.106146,0.8492588,0.05655792,0.5249389,-0.06793351,0.997687,0.002411782,-0.5235882,-0.03770916,0.8511366,moving,-33.71982,-11.9757,-0.5266638,-3.915917,-0.8758298099271299,-0.5491014682640911,34.157659763582856,3.384872778588079,33.4836510964842
1230,05/15/2023 18:38:11.002767,1413,True,True,True,True,Eyes,1.35472,0.08274913,-3.704591,-0.5458949,-0.1710951,0.8201982,0.0,0.0,0.0,0.0,0.0,0.0,0.0,0.7955079,0.003055274,3.880934,1.352024,0.08806133,-3.722736,0.009175763,-0.2719817,0.03209069,0.9617235,2.011796,328.4746,3.254342,0.3431176,0.02037097,-0.939071,0,0,0,0.769814,-0.02732007,-2.786387,-0.01102441,-0.07609969,1.105947,0.8499923,0.05673346,0.5237314,-0.06671602,0.997772,0.0001929253,-0.5225536,-0.03510525,0.8518835,moving,-33.64633,-11.78305,-0.5711223,-3.93629,-0.8850545237147273,-0.5207661604296874,33.99324943125825,3.4299207774757137,33.34289392265875
1231,05/15/2023 18:38:11.012380,1414,True,True,True,True,Eyes,1.354821,0.08298622,-3.704826,-0.5450247,-0.1685897,0.8212951,0.0,0.0,0.0,0.0,0.0,0.0,0.0,0.7918304,6.094575e-06,3.88201,1.352643,0.08799076,-3.72285,0.008781445,-0.2715962,0.03184329,0.9618444,1.959313,328.5192,3.240062,0.3431426,0.02043123,-0.9390606,0,0,0,0.7706621,-0.02453407,-2.785917,-0.01125785,-0.07423174,1.10615,0.850443,0.05648657,0.5230258,-0.0660266,0.9978178,-0.0004042722,-0.5219073,-0.0341898,0.8523169,moving,-33.56889,-11.60014,-0.5831079,-3.839259,-0.8932543000429901,-0.4937964364344018,33.88647362362808,3.3598081126276442,33.25568612057224
1232,05/15/2023 18:38:11.032486,1415,True,True,True,True,Eyes,1.354927,0.08323187,-3.705053,-0.5441663,-0.1660159,0.8223879,0.0,0.0,0.0,0.0,0.0,0.0,0.0,0.7851543,-0.0002033114,3.883526,1.353014,0.08870983,-3.722866,0.008868724,-0.2708087,0.03115704,0.962088,1.945003,328.612,3.163185,0.3431654,0.02049134,-0.9390509,0,0,0,0.7715996,-0.02145487,-2.785398,-0.01206543,-0.07210632,1.1062,0.8513838,0.05514817,0.5216362,-0.06475507,0.9979012,0.0001897919,-0.5205309,-0.03394018,0.853168,moving,-33.49223,-11.41295,-0.6249055,-3.729479,-0.9018348194936742,-0.4662182880799783,33.753470138581925,3.274990125474579,33.1420170893871
1233,05/15/2023 18:38:11.052252,1416,True,True,True,True,Eyes,1.354955,0.08346888,-3.705322,-0.5433347,-0.1634587,0.8234493,0.0,0.0,0.0,0.0,0.0,0.0,0.0,0.7794544,-0.01488043,3.884755,1.353224,0.08915138,-3.722893,0.007176328,-0.2701768,0.02941783,0.9623345,1.702398,328.6806,3.024622,0.3431864,0.02055153,-0.939042,0,0,0,0.7725173,-0.01844051,-2.784889,-0.0124398,-0.07421839,1.105886,0.8522782,0.05274182,0.5204232,-0.06049733,0.9981661,-0.002083974,-0.5195786,-0.02970808,0.853906,moving,-33.41794,-11.22754,-0.6444772,-3.839487,-0.9104533219064956,-0.4389167237168163,33.59588056642947,3.410956097836076,33.00828471889307
1234,05/15/2023 18:38:11.072494,1417,True,True,True,True,Eyes,1.354991,0.08372361,-3.705579,-0.5425629,-0.1608142,0.8244783,0.0,0.0,0.0,0.0,0.0,0.0,0.0,0.7769701,-0.02542429,3.88531,1.353368,0.08926868,-3.722955,0.005900687,-0.2699182,0.02871674,0.9624369,1.539174,328.7075,2.987007,0.3432036,0.02061156,-0.9390343,0,0,0,0.7734369,-0.01541977,-2.784379,-0.01196177,-0.07449421,1.105673,0.852639,0.05209069,0.5198973,-0.05846151,0.9982811,-0.004144266,-0.5192196,-0.02686042,0.8542187,moving,-33.34764,-11.03695,-0.6198327,-3.854452,-0.9197545784904552,-0.4109054157017666,33.50668065007241,3.456583025392168,32.940981985575725
1235,05/15/2023 18:38:11.088772,1418,True,True,True,True,Eyes,1.354964,0.08394869,-3.705856,-0.5418525,-0.1580841,0.8254727,0.0,0.0,0.0,0.0,0.0,0.0,0.0,0.7765908,-0.04187107,3.88568,1.353719,0.09022045,-3.72326,0.004003419,-0.2699488,0.02785058,0.9624634,1.303176,328.6984,2.94987,0.3432178,0.0206719,-0.9390278,0,0,0,0.7744521,-0.0120851,-2.783816,-0.01083235,-0.07672328,1.105697,0.8527039,0.05144889,0.5198548,-0.05577176,0.9984167,-0.007330174,-0.5194088,-0.02274275,0.8542233,moving,-33.28149,-10.8413,-0.5613,-3.969337,-0.9297411662690508,-0.3822030121105357,33.4340351903486,3.6060059817023973,32.89247029861061
1236,05/15/2023 18:38:11.102645,1419,True,True,True,True,Eyes,1.35495,0.08415783,-3.706128,-0.541158,-0.1554654,0.8264252,0.0,0.0,0.0,0.0,0.0,0.0,0.0,0.7728634,-0.06652873,3.885496,1.35371,0.08947277,-3.722672,0.0008010899,-0.2696154,0.02753101,0.9625741,0.9389929,328.7298,3.013793,0.3432277,0.02073178,-0.9390228,0,0,0,0.7754068,-0.008949236,-2.783287,-0.01089524,-0.07986885,1.104566,0.8530992,0.0525693,0.5190937,-0.05343325,0.9984828,-0.01330335,-0.5190055,-0.01638778,0.8546138,moving,-33.21749,-10.65385,-0.5651366,-4.135739,-0.9392638449539736,-0.3546981315915183,33.29657570331839,3.7995053946523116,32.778634424284164
1237,05/15/2023 18:38:11.122525,1420,True,True,True,True,Eyes,1.354872,0.08434586,-3.706422,-0.5404146,-0.1530092,0.8273695,0.0,0.0,0.0,0.0,0.0,0.0,0.0,0.771709,-0.06536461,3.885992,1.353953,0.08929157,-3.722847,0.0009461473,-0.269478,0.027195,0.9626221,0.9441895,328.7462,2.972355,0.343234,0.02079083,-0.9390193,0,0,0,0.7761828,-0.006400476,-2.782857,-0.01023853,-0.07706968,1.104767,0.8532841,0.05184708,0.5188624,-0.05286694,0.9985191,-0.01283534,-0.5187595,-0.01647847,0.8547615,moving,-33.15145,-10.47759,-0.5309788,-3.990549,-0.9477910250085994,-0.3287839619043233,33.2592369462336,3.6854111880679548,32.75709450545905
1238,05/15/2023 18:38:11.132869,1421,True,True,True,True,Eyes,1.35481,0.08453228,-3.70671,-0.5396578,-0.1507002,0.8282868,0.0,0.0,0.0,0.0,0.0,0.0,0.0,0.7697086,-0.06686087,3.886166,1.354159,0.08906937,-3.722571,0.0007006002,-0.2692782,0.02746031,0.9626706,0.9246689,328.7696,3.009411,0.3432355,0.0208486,-0.9390175,0,0,0,0.7771239,-0.003309175,-2.782335,-0.009828005,-0.07414991,1.104514,0.8534704,0.05249314,0.5184909,-0.05324777,0.9984909,-0.01344003,-0.518414,-0.01613782,0.8549776,moving,-33.08565,-10.31172,-0.5098065,-3.840704,-0.9555493842353464,-0.3043654307983208,33.21234149843622,3.564320018582763,32.72459491868563
1239,05/15/2023 18:38:11.152711,1422,True,True,True,True,Eyes,1.3547,0.08472995,-3.707016,-0.5389001,-0.1485525,0.8291675,0.0,0.0,0.0,0.0,0.0,0.0,0.0,0.7655895,-0.06159827,3.887303,1.354451,0.08922958,-3.722707,0.001370177,-0.26877,0.02747177,0.9628116,0.997319,328.8318,2.990573,0.3432331,0.02090518,-0.9390171,0,0,0,0.7781762,0.0001470541,-2.781752,-0.00973272,-0.06945062,1.104765,0.854016,0.05216375,0.517625,-0.0536368,0.9984869,-0.01212873,-0.5174745,-0.01740562,0.8555216,moving,-33.02101,-10.15727,-0.5047491,-3.597142,-0.9625280095336788,-0.2815986390084337,33.17141091803683,3.3469970583538156,32.694784048688305
1240,05/15/2023 18:38:11.162971,1423,True,True,True,True,Eyes,1.354608,0.08492839,-3.707311,-0.5381357,-0.146389,0.8300483,0.0,0.0,0.0,0.0,0.0,0.0,0.0,0.7642677,-0.05576996,3.887621,1.354636,0.08981133,-3.722594,0.002232511,-0.2686042,0.02674235,0.9628768,1.069515,328.853,2.883688,0.343226,0.02096097,-0.9390185,0,0,0,0.7789155,0.002575465,-2.781342,-0.009220265,-0.06624619,1.104784,0.8542733,0.05029985,0.5173849,-0.05269849,0.9985597,-0.01006695,-0.5171461,-0.01866548,0.8556936,moving,-32.95609,-10.00195,-0.478166,-3.431521,-0.9695520734247944,-0.2587043394456445,33.13587307728314,3.210642589053962,32.67184365446349
1241,05/15/2023 18:38:11.182564,1424,True,True,True,True,Eyes,1.354471,0.08513237,-3.70762,-0.5373659,-0.1442662,0.8309183,0.0,0.0,0.0,0.0,0.0,0.0,0.0,0.7584255,-0.06483192,3.888756,1.35496,0.09000683,-3.722609,0.001152349,-0.2679399,0.02594121,0.9630857,0.9237047,328.9286,2.829046,0.343215,0.02101607,-0.9390213,0,0,0,0.7798507,0.005647112,-2.780824,-0.009812977,-0.06615624,1.104696,0.8550706,0.0493497,0.5161579,-0.05058474,0.9986514,-0.01168175,-0.5160383,-0.01612099,0.8564138,moving,-32.89129,-9.849651,-0.5089432,-3.427144,-0.9763562538513764,-0.2362453511518416,33.01310316284307,3.224951030656384,32.564278148400554
1242,05/15/2023 18:38:11.192385,1425,True,True,True,True,Eyes,1.354352,0.08533093,-3.707917,-0.5365887,-0.1420649,0.8317993,0.0,0.0,0.0,0.0,0.0,0.0,0.0,0.7519549,-0.06747058,3.889874,1.355083,0.09041405,-3.722458,0.0009131345,-0.2671618,0.02512166,0.9633239,0.8699199,329.0199,2.746562,0.3431995,0.0210707,-0.9390257,0,0,0,0.7808629,0.008971966,-2.780263,-0.0104095,-0.06425633,1.104471,0.855987,0.04791268,0.5147726,-0.04888849,0.9987361,-0.01166381,-0.5146808,-0.01518238,0.8572475,moving,-32.82582,-9.692159,-0.5399898,-3.329622,-0.983504617074945,-0.2130340243283393,32.906788186931905,3.147987611644335,32.471592729890126
1243,05/15/2023 18:38:11.212726,1426,True,True,True,True,Eyes,1.354199,0.0855095,-3.70823,-0.5358099,-0.1398931,0.832669,0.0,0.0,0.0,0.0,0.0,0.0,0.0,0.7452934,-0.08259825,3.890984,1.355364,0.09045315,-3.72248,-0.0009457482,-0.2664082,0.02420826,0.9635559,0.6346207,329.1044,2.703003,0.3431804,0.02112475,-0.9390315,0,0,0,0.7816539,0.01157017,-2.779824,-0.01140651,-0.06619231,1.104288,0.8568813,0.04715593,0.5133526,-0.04614811,0.9988261,-0.01472112,-0.5134442,-0.011076,0.8580515,moving,-32.76067,-9.536951,-0.5918037,-3.430271,-0.990503445714145,-0.1901538144456573,32.7433580997685,3.26455523208861,32.32515080039496
1244,05/15/2023 18:38:11.232467,1427,True,True,True,True,Eyes,1.35406,0.08569107,-3.708531,-0.5350014,-0.1377837,0.8335401,0.0,0.0,0.0,0.0,0.0,0.0,0.0,0.7381636,-0.08566198,3.892352,1.355577,0.09020901,-3.722486,-0.001352564,-0.2655518,0.02377894,0.9638024,0.5742208,329.2049,2.668489,0.3431573,0.02117779,-0.9390387,0,0,0,0.7825796,0.01461076,-2.779311,-0.0123257,-0.0640305,1.10425,0.8578336,0.04655475,0.5118147,-0.04511805,0.9988654,-0.01523629,-0.5119433,-0.01002188,0.8589609,moving,-32.69407,-9.386087,-0.6395125,-3.31861,-0.9970678675821756,-0.1678853733131124,32.62374800151471,3.170948046578192,32.21780085578351
1245,05/15/2023 18:38:11.242630,1428,True,True,True,True,Eyes,1.353884,0.08586492,-3.708846,-0.5342188,-0.1356474,0.8343921,0.0,0.0,0.0,0.0,0.0,0.0,0.0,0.7307537,-0.08691056,3.893807,1.355723,0.09045696,-3.722515,-0.001445084,-0.2646424,0.0230813,0.9640694,0.5403223,329.3124,2.594714,0.3431309,0.02123,-0.9390472,0,0,0,0.7835054,0.01765154,-2.778798,-0.01326722,-0.06185823,1.104234,0.8588633,0.04526881,0.5102006,-0.0437391,0.9989303,-0.01500291,-0.510334,-0.009430262,0.8599246,moving,-32.62937,-9.233813,-0.688368,-3.20631,-1.003877442616921,-0.1454308526696257,32.50474428724233,3.077097230011161,32.11094110999504
1246,05/15/2023 18:38:11.263169,1429,True,True,True,True,Eyes,1.353727,0.08603861,-3.709153,-0.5334114,-0.1335512,0.8352463,0.0,0.0,0.0,0.0,0.0,0.0,0.0,0.7237854,-0.09192927,3.895012,1.355881,0.09049511,-3.722477,-0.002063103,-0.2638101,0.02267557,0.9643059,0.4575209,329.4096,2.568991,0.3431006,0.02128125,-0.9390571,0,0,0,0.7844176,0.02064797,-2.778292,-0.01416167,-0.06045898,1.104118,0.8597801,0.04482089,0.5086936,-0.04264382,0.9989631,-0.01594301,-0.5088808,-0.007985159,0.8608,moving,-32.56343,-9.084374,-0.7348482,-3.134255,-1.010382112893196,-0.1233730204335938,32.3799712092746,3.0234631190130226,31.998627611546958
1247,05/15/2023 18:38:11.282512,1430,True,True,True,True,Eyes,1.353538,0.08622286,-3.709479,-0.5325865,-0.1313505,0.8361213,0.0,0.0,0.0,0.0,0.0,0.0,0.0,0.7168282,-0.09579912,3.8964,1.356125,0.09065247,-3.722589,-0.002522297,-0.2629754,0.02229406,0.9645418,0.3930439,329.5075,2.541027,0.3430673,0.02133165,-0.9390681,0,0,0,0.7853509,0.02371344,-2.777775,-0.01503067,-0.05875722,1.1042,0.8606939,0.0443337,0.507189,-0.04168049,0.9989933,-0.0165913,-0.5074139,-0.006859857,0.8616752,moving,-32.49603,-8.927916,-0.7798772,-3.045977,-1.0173115924152802,-0.1002934617100399,32.256961339107384,2.9552371475829267,31.888187748359506
1248,05/15/2023 18:38:11.302710,1431,True,True,True,True,Eyes,1.353362,0.08639047,-3.70979,-0.5317528,-0.1291188,0.8369991,0.0,0.0,0.0,0.0,0.0,0.0,0.0,0.7096735,-0.1078179,3.897603,1.356307,0.09112072,-3.722727,-0.003955157,-0.262132,0.02169756,0.9647801,0.2144895,329.6039,2.518422,0.3430303,0.02138153,-0.9390804,0,0,0,0.7863426,0.02697081,-2.777225,-0.01584618,-0.0593783,1.104161,0.861632,0.04394029,0.5056279,-0.0397932,0.9990271,-0.01900697,-0.5059712,-0.00374354,0.8625422,moving,-32.42815,-8.769543,-0.8222144,-3.078222,-1.0243510222865244,-0.0769344307126298,32.11426941215367,3.008086815174771,31.76025962301594
1249,05/15/2023 18:38:11.313656,1432,True,True,True,True,Eyes,1.353176,0.08655934,-3.710109,-0.5309576,-0.1268237,0.8378542,0.0,0.0,0.0,0.0,0.0,0.0,0.0,0.7036673,-0.1189289,3.898386,1.356438,0.09086227,-3.722705,-0.00537767,-0.2614336,0.0212947,0.9649716,0.04329844,329.6832,2.516631,0.3429906,0.02143054,-0.9390938,0,0,0,0.7871788,0.02971729,-2.776762,-0.01655136,-0.05964197,1.10398,0.862398,0.04390936,0.5043229,-0.03828575,0.9990352,-0.0215129,-0.504781,-0.0007557018,0.8632471,moving,-32.3629,-8.607366,-0.8589392,-3.092369,-1.0318699738597297,-0.0530515674841145,31.983038285909387,3.0442331560086986,31.64346422884038
1250,05/15/2023 18:38:11.332394,1433,True,True,True,True,Eyes,1.353001,0.08671857,-3.710409,-0.5301537,-0.1245105,0.8387098,0.0,0.0,0.0,0.0,0.0,0.0,0.0,0.6993834,-0.1274505,3.899101,1.35656,0.09107018,-3.722878,-0.006408169,-0.2609271,0.0208948,0.9651111,359.916,329.7406,2.503234,0.3429481,0.0214788,-0.9391083,0,0,0,0.7881176,0.03280129,-2.776241,-0.01657157,-0.05921832,1.104021,0.8629611,0.04367574,0.5033793,-0.03698748,0.9990447,-0.02327323,-0.503915,0.001465152,0.863752,moving,-32.29723,-8.444163,-0.8599557,-3.070331,-1.039435968778004,-0.029017548271512,31.893263956165796,3.0466047788555173,31.567340360863614
1251,05/15/2023 18:38:11.352673,1434,True,True,True,True,Eyes,1.352844,0.08688904,-3.710712,-0.5293881,-0.1222401,0.839527,0.0,0.0,0.0,0.0,0.0,0.0,0.0,0.6936917,-0.13807,3.899663,1.356658,0.09097576,-3.722747,-0.007762321,-0.2602724,0.02067735,0.9652827,359.7581,329.8147,2.519534,0.3429034,0.02152613,-0.9391235,0,0,0,0.7890638,0.03590887,-2.775717,-0.01707722,-0.05903431,1.103759,0.8636615,0.04395961,0.5021517,-0.03587833,0.9990244,-0.02574915,-0.5027938,0.004222183,0.864396,moving,-32.23467,-8.284387,-0.8864022,-3.061535,-1.0469692235205423,-0.005503333150822,31.780372513147498,3.0602469373936496,31.46769911300799
1252,05/15/2023 18:38:11.362452,1435,True,True,True,True,Eyes,1.352698,0.08708876,-3.711003,-0.5286211,-0.1198697,0.8403517,0.0,0.0,0.0,0.0,0.0,0.0,0.0,0.6885666,-0.1378131,3.901039,1.356951,0.09141445,-3.723111,-0.007677668,-0.2596443,0.02055686,0.9654551,359.7622,329.8895,2.503519,0.3428572,0.02157291,-0.9391392,0,0,0,0.7899589,0.03884915,-2.77522,-0.01743544,-0.05644024,1.104196,0.8643245,0.04368038,0.5010341,-0.03570653,0.999037,-0.02549983,-0.5016654,0.004149943,0.8650519,moving,-32.17184,-8.118037,-0.9046349,-2.926089,-1.0549803206390282,0.0189582405974786,31.69533780858267,2.948882329774783,31.394023302764854
1253,05/15/2023 18:38:11.387733,1436,True,True,True,True,Eyes,1.352573,0.08727235,-3.71128,-0.5278861,-0.117294,0.8411768,0.0,0.0,0.0,0.0,0.0,0.0,0.0,0.6828929,-0.156922,3.901379,1.357059,0.09227467,-3.723118,-0.00993699,-0.2590014,0.01978726,0.9656232,359.4877,329.9597,2.485307,0.34281,0.02161995,-0.9391554,0,0,0,0.7908695,0.04184031,-2.774716,-0.01795749,-0.05958551,1.10395,0.8650535,0.04336145,0.4998023,-0.03306667,0.9990194,-0.02944063,-0.5005888,0.008940921,0.865639,moving,-32.1106,-7.938159,-0.9319243,-3.089532,-1.064131065088012,0.0453505406445426,31.55343090998029,3.1376690667393556,31.26924611303251
1254,05/15/2023 18:38:11.402472,1437,True,True,True,True,Eyes,1.352458,0.08743647,-3.711543,-0.5271046,-0.1147221,0.8420212,0.0,0.0,0.0,0.0,0.0,0.0,0.0,0.6744056,-0.1823833,3.901881,1.357333,0.09201241,-3.723164,-0.01317234,-0.2580496,0.01926298,0.9658498,359.1117,330.0634,2.522621,0.3427624,0.0216668,-0.9391717,0,0,0,0.7917968,0.04488606,-2.774202,-0.01932107,-0.06345756,1.103712,0.8660787,0.04400852,0.4979669,-0.03041206,0.9989109,-0.03538661,-0.4989818,0.01550339,0.8664738,moving,-32.04653,-7.758558,-1.00289,-3.290578,-1.0730546357866402,0.0717277553485926,31.363520684546874,3.3630377738832107,31.096438660408943
1255,05/15/2023 18:38:11.412796,1438,True,True,True,True,Eyes,1.352354,0.08761829,-3.711809,-0.5264555,-0.1116005,0.8428463,0.0,0.0,0.0,0.0,0.0,0.0,0.0,0.6649562,-0.1917402,3.903022,1.357434,0.09169102,-3.723101,-0.01441921,-0.256925,0.01920983,0.9661328,358.9691,330.1929,2.552513,0.3427148,0.021713,-0.939188,0,0,0,0.7927095,0.04788391,-2.773696,-0.02089878,-0.06280315,1.10355,0.867241,0.0445278,0.4958934,-0.02970918,0.9988462,-0.03773271,-0.4970014,0.01799077,0.8675632,moving,-31.98957,-7.542607,-1.084925,-3.257195,-1.0852472282882992,0.1032680696984009,31.20034997537318,3.3604630851473236,30.94891310775992
1256,05/15/2023 18:38:11.432407,1439,True,True,True,True,Eyes,1.352263,0.08779158,-3.712062,-0.5257713,-0.108481,0.8436803,0.0,0.0,0.0,0.0,0.0,0.0,0.0,0.6580092,-0.1975116,3.904294,1.357577,0.0922575,-3.723436,-0.01506105,-0.2560699,0.01882374,0.9663577,358.8845,330.2926,2.527716,0.3426674,0.02175906,-0.9392042,0,0,0,0.7936169,0.05086449,-2.773193,-0.02167959,-0.06199926,1.103817,0.8681478,0.0440943,0.4943431,-0.02866758,0.9988376,-0.03874911,-0.4954772,0.01946833,0.8684028,moving,-31.93066,-7.326929,-1.125176,-3.214814,-1.0972770717702218,0.1347861829209808,31.078728002405136,3.349716366443678,30.84233821222868
1257,05/15/2023 18:38:11.452681,1440,True,True,True,True,Eyes,1.352295,0.08800313,-3.712252,-0.5252203,-0.1024029,0.8447824,0.0,0.0,0.0,0.0,0.0,0.0,0.0,0.6500907,-0.209697,3.905031,1.357797,0.09220219,-3.723405,-0.01663539,-0.2551581,0.0188418,0.9665727,358.7083,330.3955,2.57486,0.3426207,0.02180479,-0.9392202,0,0,0,0.7945682,0.05398925,-2.772665,-0.02284271,-0.06214652,1.103725,0.8690787,0.04491325,0.4926307,-0.02793464,0.9987365,-0.04177389,-0.4938845,0.02254334,0.8692353,moving,-31.87015,-6.911564,-1.185625,-3.222703,-1.1243025160414284,0.1950228742719104,30.905465049938112,3.4182759687752746,30.69773571934842
1258,05/15/2023 18:38:11.463022,1441,True,True,True,True,Eyes,1.352333,0.088239,-3.71245,-0.5246303,-0.09637544,0.8458574,0.0,0.0,0.0,0.0,0.0,0.0,0.0,0.6404813,-0.2195957,3.906266,1.357949,0.09257698,-3.723542,-0.01786492,-0.2540118,0.01881297,0.9668531,358.5681,330.5272,2.606066,0.3425777,0.02185118,-0.9392348,0,0,0,0.7954905,0.05701851,-2.772154,-0.0244273,-0.06211249,1.103769,0.8702482,0.04545456,0.490512,-0.02730295,0.9986538,-0.04410294,-0.4918564,0.02498808,0.8703178,moving,-31.80864,-6.500144,-1.267795,-3.220812,-1.1509565392757275,0.2547012195176033,30.71640004428008,3.4774765800715377,30.535104858993865
1259,05/15/2023 18:38:11.482633,1442,True,True,True,True,Eyes,1.352418,0.08844242,-3.712598,-0.5241078,-0.09038901,0.8468417,0.0,0.0,0.0,0.0,0.0,0.0,0.0,0.6336771,-0.2385689,3.906715,1.35814,0.09338379,-3.723925,-0.02013034,-0.2532156,0.01823423,0.9670286,358.2981,330.6145,2.606754,0.3425383,0.02189879,-0.9392481,0,0,0,0.7964259,0.06009124,-2.771636,-0.0251533,-0.06503095,1.103914,0.8710988,0.04546069,0.4889992,-0.02507142,0.9985246,-0.04816762,-0.4904674,0.02969885,0.8709533,moving,-31.75324,-6.092491,-1.305291,-3.371366,-1.1777706891207165,0.3137846678173179,30.569300279401656,3.687356353025996,30.413999114081715
1260,05/15/2023 18:38:11.502511,1443,True,True,True,True,Eyes,1.352509,0.08864374,-3.712753,-0.5235511,-0.08469558,0.8477741,0.0,0.0,0.0,0.0,0.0,0.0,0.0,0.6259334,-0.2627175,3.906093,1.358034,0.0927124,-3.723643,-0.02327006,-0.2523351,0.01791564,0.9671943,357.9385,330.7078,2.661174,0.3425034,0.02194669,-0.9392597,0,0,0,0.7973393,0.06309117,-2.771129,-0.02616586,-0.06821033,1.103269,0.8720121,0.0463995,0.4872802,-0.0229121,0.998275,-0.05405482,-0.4889477,0.03597184,0.871571,moving,-31.69781,-5.705117,-1.358609,-3.537845,-1.2030479510528391,0.3699533138268578,30.416511720451854,3.9108933636060152,30.28402915072707
1261,05/15/2023 18:38:11.512749,1444,True,True,True,True,Eyes,1.352766,0.088856,-3.712817,-0.5231346,-0.07921027,0.848561,0.0,0.0,0.0,0.0,0.0,0.0,0.0,0.6224998,-0.2564809,3.907461,1.358254,0.09285069,-3.723985,-0.02245641,-0.2518871,0.01779042,0.9673325,358.0239,330.7641,2.622695,0.3424728,0.02199479,-0.9392697,0,0,0,0.7982195,0.06598237,-2.770641,-0.02602573,-0.0638459,1.103844,0.8724728,0.04573147,0.4865182,-0.02310554,0.9983584,-0.05240799,-0.4881162,0.03448328,0.8720971,moving,-31.65368,-5.332912,-1.350633,-3.310277,-1.2280006175697111,0.4238426907790689,30.37047431021508,3.7361328357386467,30.254792127884873
1262,05/15/2023 18:38:11.532458,1445,True,True,True,True,Eyes,1.353021,0.08905054,-3.712884,-0.5226471,-0.07388806,0.8493412,0.0,0.0,0.0,0.0,0.0,0.0,0.0,0.6149566,-0.2704629,3.907932,1.358571,0.09313965,-3.724092,-0.0242243,-0.2510366,0.01791109,0.9675087,357.829,330.8579,2.685535,0.3424504,0.02204336,-0.9392768,0,0,0,0.7991238,0.06895265,-2.77014,-0.02714503,-0.06485324,1.103924,0.8733196,0.04682064,0.4848924,-0.02249589,0.9981848,-0.05586712,-0.4866279,0.03788176,0.8727877,moving,-31.60631,-4.971903,-1.408595,-3.362143,-1.2518698922712377,0.4761509818336009,30.240590577547014,3.841492346780432,30.142213010699976
1263,05/15/2023 18:38:11.542807,1446,True,True,True,True,Eyes,1.361643,0.09354877,-3.713308,-0.5092074,0.05060517,0.8591548,0.0,0.0,0.0,0.0,0.0,0.0,0.0,0.6061466,-0.2748696,3.90915,1.358725,0.09289932,-3.724199,-0.02481125,-0.2499624,0.0176542,0.9677765,357.7536,330.9833,2.671537,0.3424353,0.02209191,-0.9392811,0,0,0,0.8000612,0.07203185,-2.76962,-0.02847273,-0.06293505,1.104079,0.8744142,0.0465744,0.4829395,-0.02176689,0.9981455,-0.05684927,-0.4846915,0.03919772,0.8738064,moving,-30.65455,3.37089,-1.477255,-3.262462,-1.8138963349638653,1.683728213416048,29.921829861706804,4.957633005346295,29.806925239129612
1264,05/15/2023 18:38:11.562685,1447,True,True,True,True,Eyes,1.361651,0.09357449,-3.713325,-0.5091562,0.05056784,0.8591873,0.0,0.0,0.0,0.0,0.0,0.0,0.0,0.599268,-0.2714368,3.910643,1.358788,0.09263706,-3.724385,-0.0244456,-0.2491028,0.01785856,0.9680038,357.7976,331.0861,2.681723,0.3426098,0.02224733,-0.9392135,0,0,0,0.80096,0.07498401,-2.769122,-0.02921296,-0.05883747,1.104398,0.8752577,0.04675325,0.4813918,-0.02239538,0.998167,-0.05622409,-0.4831381,0.03842962,0.8747004,moving,-30.65107,3.368283,-1.515204,-3.049584,-1.8134454654318364,1.68338387605958,29.83433767321884,4.742355204696803,29.723717819282577
1265,05/15/2023 18:38:11.582800,1448,True,True,True,True,Eyes,1.361688,0.09360032,-3.713331,-0.5091318,0.05059085,0.8592005,0.0,0.0,0.0,0.0,0.0,0.0,0.0,0.5935119,-0.2682169,3.912218,1.35897,0.09328747,-3.724802,-0.02398098,-0.2483818,0.01799866,0.9681982,357.8512,331.1729,2.682325,0.3427668,0.02238785,-0.9391527,0,0,0,0.8018624,0.07794784,-2.768622,-0.02966097,-0.05548383,1.104955,0.8759651,0.0467654,0.4801022,-0.02293965,0.9982019,-0.05537775,-0.4818287,0.0374956,0.8754628,moving,-30.64948,3.36976,-1.537655,-2.874615,-1.8134413870414647,1.6836100876008564,29.773991569342027,4.566560421204478,29.66666238365746
1266,05/15/2023 18:38:11.602574,1449,True,True,True,True,Eyes,1.361734,0.09362011,-3.713342,-0.5090418,0.05060802,0.8592528,0.0,0.0,0.0,0.0,0.0,0.0,0.0,0.5856507,-0.2821683,3.912544,1.359206,0.0932703,-3.724844,-0.02578835,-0.2474885,0.0181386,0.9683778,357.6521,331.2712,2.747521,0.3429089,0.02251496,-0.9390977,0,0,0,0.8028179,0.0810864,-2.768092,-0.03074794,-0.05609217,1.104989,0.8768409,0.04789467,0.4783892,-0.02236539,0.9980119,-0.05892392,-0.4802602,0.04096754,0.8761688,moving,-30.64351,3.370696,-1.593928,-2.905992,-1.813077213364937,1.6837968105960888,29.719943247322462,4.595017704382816,29.611812642296574
1267,05/15/2023 18:38:11.612772,1450,True,True,True,True,Eyes,1.361792,0.09364305,-3.713354,-0.5089927,0.05054227,0.8592857,0.0,0.0,0.0,0.0,0.0,0.0,0.0,0.5774334,-0.2822707,3.913935,1.359454,0.09313107,-3.724943,-0.02591657,-0.2465247,0.01888933,0.9686058,357.6564,331.3831,2.832258,0.3430377,0.02262984,-0.9390478,0,0,0,0.8037146,0.08403193,-2.767595,-0.03197928,-0.05282618,1.105275,0.8777376,0.04937077,0.4765913,-0.02381448,0.997943,-0.05951925,-0.4785494,0.0408925,0.8771079,moving,-30.64012,3.366198,-1.657295,-2.736347,-1.812489792078248,1.6831798593284044,29.618325416161696,4.42225090692663,29.5134880713932
1268,05/15/2023 18:38:11.632690,1451,True,True,True,True,Eyes,1.361856,0.09366404,-3.713364,-0.5088607,0.05045691,0.8593689,0.0,0.0,0.0,0.0,0.0,0.0,0.0,0.5707525,-0.2844631,3.914892,1.359763,0.09324074,-3.724971,-0.02619494,-0.2457374,0.01884609,0.9687992,357.6219,331.4752,2.83345,0.3431548,0.0227338,-0.9390025,0,0,0,0.8046332,0.08704917,-2.767086,-0.03285444,-0.05054343,1.105494,0.8785159,0.0493903,0.475153,-0.023642,0.9979173,-0.06001766,-0.4771276,0.04149289,0.8778539,moving,-30.63118,3.360202,-1.702286,-2.617753,-1.811384597217632,1.682396077972313,29.54008893089628,4.301532819437856,29.4376460244142
1269,05/15/2023 18:38:11.652306,1452,True,True,True,True,Eyes,1.361918,0.09367076,-3.713389,-0.5087239,0.04988013,0.8594835,0.0,0.0,0.0,0.0,0.0,0.0,0.0,0.5611669,-0.2813479,3.916547,1.359975,0.09322834,-3.72494,-0.02580286,-0.2445563,0.01860638,0.9691132,357.6553,331.617,2.792824,0.3432616,0.02282787,-0.9389611,0,0,0,0.8055722,0.09013357,-2.766565,-0.03450018,-0.04674298,1.105657,0.8796921,0.04868389,0.4730452,-0.02344288,0.9979761,-0.0591124,-0.4749655,0.04091117,0.8790529,moving,-30.62107,3.321435,-1.78724,-2.420806,-1.8077140606063196,1.6769117581099775,29.400052451840644,4.097768906647564,29.302762597597678
1270,05/15/2023 18:38:11.662892,1453,True,True,True,True,Eyes,1.361982,0.09367347,-3.713423,-0.5085138,0.04920794,0.8596466,0.0,0.0,0.0,0.0,0.0,0.0,0.0,0.5520698,-0.278932,3.918337,1.360127,0.0929594,-3.725234,-0.02548088,-0.243394,0.01791736,0.9694273,357.6685,331.7571,2.704333,0.3433588,0.02291267,-0.9389235,0,0,0,0.8064624,0.09305748,-2.766072,-0.03594791,-0.04328714,1.10606,0.8808767,0.04714293,0.4709924,-0.02233536,0.9980594,-0.05812567,-0.4728186,0.04068176,0.8802202,moving,-30.60593,3.276153,-1.861507,-2.241203,-1.80318395730453,1.6705348801947024,29.26914878901785,3.912172647092585,29.17688080821217
1271,05/15/2023 18:38:11.687551,1454,True,True,True,True,Eyes,1.362038,0.09369228,-3.713474,-0.5083205,0.04826755,0.8598143,0.0,0.0,0.0,0.0,0.0,0.0,0.0,0.5435383,-0.2663532,3.920667,1.360244,0.09289742,-3.725468,-0.02391578,-0.2422956,0.01794591,0.9697418,357.8401,331.8929,2.661094,0.3434475,0.02298904,-0.9388892,0,0,0,0.8073732,0.09604903,-2.765567,-0.03719389,-0.03689038,1.1065,0.8819416,0.04639517,0.4690698,-0.02321642,0.998212,-0.05508069,-0.4707865,0.03768783,0.8814417,moving,-30.5915,3.213051,-1.925216,-1.909517,-1.7973569824433828,1.6615902089303352,29.12038017065162,3.5733953917870256,29.036297653939975
1272,05/15/2023 18:38:11.702677,1455,True,True,True,True,Eyes,1.362095,0.09370413,-3.71353,-0.508086,0.04745543,0.859998,0.0,0.0,0.0,0.0,0.0,0.0,0.0,0.5364137,-0.2661819,3.921978,1.360352,0.09335423,-3.725752,-0.023821,-0.2413991,0.01764495,0.969973,357.8399,331.9998,2.622972,0.3435282,0.0230582,-0.938858,0,0,0,0.8083105,0.09912796,-2.765047,-0.03800358,-0.03426876,1.106851,0.8828302,0.045731,0.4674608,-0.02272953,0.9982424,-0.05473042,-0.469142,0.0376925,0.8823181,moving,-30.57455,3.158427,-1.96647,-1.773344,-1.7919879951487545,1.6538862562872243,29.030063838766196,3.4316688650899145,28.950389449918006
1273,05/15/2023 18:38:11.712723,1456,True,True,True,True,Eyes,1.36215,0.09371851,-3.713596,-0.5078901,0.04653786,0.8601639,0.0,0.0,0.0,0.0,0.0,0.0,0.0,0.5308403,-0.2745219,3.922369,1.360404,0.0931797,-3.725956,-0.02487348,-0.2407175,0.01725748,0.9701229,357.7103,332.0771,2.607574,0.3436016,0.0231207,-0.9388297,0,0,0,0.8092259,0.1021345,-2.76454,-0.03836183,-0.03359225,1.107069,0.8835146,0.04545871,0.4661926,-0.0215088,0.998167,-0.05656901,-0.4679095,0.03995231,0.8828729,moving,-30.56004,3.096882,-1.984603,-1.738017,-1.7862730237920772,1.6451660997269244,28.981577736230474,3.388991393577227,28.904932631165682
1274,05/15/2023 18:38:11.732431,1457,True,True,True,True,Eyes,1.362209,0.09374056,-3.713666,-0.5076478,0.04576816,0.8603482,0.0,0.0,0.0,0.0,0.0,0.0,0.0,0.5251317,-0.2767117,3.92325,1.360588,0.09327316,-3.726167,-0.02516088,-0.2400309,0.01733069,0.9702845,357.6785,332.1569,2.622066,0.3436683,0.02317726,-0.9388039,0,0,0,0.8101352,0.1051212,-2.764036,-0.03883431,-0.03129276,1.107406,0.8841696,0.04571017,0.4649244,-0.02155261,0.9981331,-0.05714622,-0.4666686,0.04050662,0.8835042,moving,-30.54269,3.045107,-2.008414,-1.618617,-1.7810905006516928,1.6378751807721994,28.91289035002125,3.264416838699745,28.840124941101124
1275,05/15/2023 18:38:11.752559,1458,True,True,True,True,Eyes,1.362257,0.09376176,-3.713749,-0.5074216,0.04505664,0.8605192,0.0,0.0,0.0,0.0,0.0,0.0,0.0,0.5184821,-0.2882321,3.9235,1.360725,0.09344769,-3.726319,-0.02663399,-0.2392624,0.01747734,0.9704323,357.5166,332.2416,2.677263,0.3437291,0.02322868,-0.9387804,0,0,0,0.8110849,0.1082406,-2.76351,-0.03947523,-0.03141957,1.107601,0.8848961,0.04666619,0.4634449,-0.02117614,0.9979703,-0.06005631,-0.4653068,0.04332962,0.8840882,moving,-30.52654,2.99726,-2.041175,-1.624887,-1.776292685183738,1.6311384163041,28.857932394279985,3.2667819260429227,28.786887245857457
1276,05/15/2023 18:38:11.763005,1459,True,True,True,True,Eyes,1.362301,0.09378769,-3.713832,-0.5071752,0.04446581,0.8606952,0.0,0.0,0.0,0.0,0.0,0.0,0.0,0.5130645,-0.2989526,3.923633,1.360916,0.09345436,-3.726483,-0.02804291,-0.2386565,0.01779635,0.970536,357.367,332.3067,2.750101,0.3437842,0.02327543,-0.9387591,0,0,0,0.8120208,0.1113149,-2.762991,-0.03978956,-0.03119583,1.107866,0.8854528,0.04792925,0.4622512,-0.02115876,0.9977938,-0.06292775,-0.4642473,0.04593889,0.8845135,moving,-30.50924,2.957424,-2.056923,-1.612937,-1.772017341332635,1.625563267029398,28.817052978033853,3.251008338022246,28.747715909117357
1277,05/15/2023 18:38:11.782562,1460,True,True,True,True,Eyes,1.362376,0.09380724,-3.713911,-0.5070374,0.04391003,0.8608049,0.0,0.0,0.0,0.0,0.0,0.0,0.0,0.5095083,-0.3082907,3.923457,1.360897,0.09357262,-3.726575,-0.02921599,-0.2382409,0.01773266,0.9706047,357.2336,332.3511,2.774205,0.3438341,0.02331811,-0.9387398,0,0,0,0.8129089,0.1142321,-2.762498,-0.03957592,-0.03097658,1.107987,0.8858538,0.0483437,0.4614392,-0.02050192,0.9976639,-0.06516363,-0.4635115,0.04826505,0.8847754,moving,-30.49924,2.920152,-2.045665,-1.601432,-1.7684679606304452,1.6202928889903998,28.810599649255497,3.233627909790403,28.742884774220038
1278,05/15/2023 18:38:11.802628,1461,True,True,True,True,Eyes,1.362456,0.09382842,-3.714,-0.5069166,0.0433397,0.8609049,0.0,0.0,0.0,0.0,0.0,0.0,0.0,0.5098485,-0.3148578,3.923271,1.361073,0.0934267,-3.726914,-0.03003487,-0.2382935,0.01745327,0.9705719,357.1349,332.3422,2.765816,0.34388,0.02335695,-0.9387221,0,0,0,0.8138481,0.1173171,-2.761978,-0.0382622,-0.02974449,1.108503,0.8858231,0.04819354,0.4615135,-0.01956508,0.9975866,-0.06662001,-0.4636103,0.049984,0.8846283,moving,-30.49036,2.881953,-1.976893,-1.53705,-1.764930034987589,1.6148794683506695,28.853862616192274,3.159048539037377,28.78866065717534
1279,05/15/2023 18:38:11.812842,1462,True,True,True,True,Eyes,1.362556,0.09386976,-3.714084,-0.5068473,0.0428602,0.8609697,0.0,0.0,0.0,0.0,0.0,0.0,0.0,0.5112454,-0.3113677,3.923719,1.361252,0.0934906,-3.727219,-0.02958823,-0.2384602,0.01755075,0.9705428,357.1878,332.3241,2.764839,0.3439224,0.02339238,-0.9387057,0,0,0,0.8147148,0.1201638,-2.761497,-0.03675837,-0.0260317,1.109054,0.8856574,0.04817872,0.4618331,-0.01995627,0.997633,-0.0658036,-0.4639102,0.04906298,0.8845227,moving,-30.48505,2.849906,-1.898311,-1.344599,-1.7621178201749848,1.6103191849581535,28.89282815594808,2.958055114771738,28.831655428007103
1280,05/15/2023 18:38:11.832619,1463,True,True,True,True,Eyes,1.362657,0.09389839,-3.714164,-0.5067368,0.04248147,0.8610536,0.0,0.0,0.0,0.0,0.0,0.0,0.0,0.5095608,-0.3210492,3.923435,1.361554,0.09401512,-3.727385,-0.03071145,-0.2382938,0.01715747,0.9705558,357.0515,332.34,2.751531,0.3439621,0.02342524,-0.9386904,0,0,0,0.8156338,0.1231822,-2.760988,-0.03620856,-0.02622765,1.109417,0.8858434,0.04794127,0.461501,-0.01866787,0.9975249,-0.06779139,-0.4636087,0.05143731,0.8845457,moving,-30.47714,2.82449,-1.869326,-1.354273,-1.7596179838594148,1.606734816903125,28.911400555295913,2.9630395104633545,28.85107703948711
1281,05/15/2023 18:38:11.852503,1464,True,True,True,True,Eyes,1.362733,0.09391813,-3.714275,-0.5066152,0.04210006,0.8611438,0.0,0.0,0.0,0.0,0.0,0.0,0.0,0.5042705,-0.3285374,3.923486,1.36165,0.0937233,-3.727344,-0.03168688,-0.2376681,0.01691193,0.9706821,356.9345,332.4104,2.749119,0.3439994,0.02345547,-0.938676,0,0,0,0.8165525,0.1261999,-2.760478,-0.03657459,-0.02517,1.109525,0.8864557,0.04789413,0.4603285,-0.0177703,0.9974198,-0.06955462,-0.462472,0.05347692,0.8850197,moving,-30.46851,2.798879,-1.888025,-1.299554,-1.7570509266014844,1.603128710452862,28.872846688380314,2.905636096531115,28.81415087348573
1282,05/15/2023 18:38:11.862711,1465,True,True,True,True,Eyes,1.362819,0.0939325,-3.714386,-0.5064435,0.04176419,0.8612612,0.0,0.0,0.0,0.0,0.0,0.0,0.0,0.4999851,-0.327189,3.924674,1.361964,0.09359264,-3.727786,-0.03156268,-0.2371523,0.01711606,0.9708088,356.9525,332.4713,2.766824,0.3440337,0.0234831,-0.9386628,0,0,0,0.8174945,0.1292942,-2.759956,-0.03658573,-0.02161469,1.11023,0.8869317,0.04820316,0.4593786,-0.01826252,0.9974217,-0.06940088,-0.4615395,0.05316442,0.8855252,moving,-30.45661,2.776207,-1.887402,-1.115331,-1.7544680194391065,1.5999736574226846,28.833031643458998,2.7185567542004874,28.777564094109174
1283,05/15/2023 18:38:11.882288,1466,True,True,True,True,Eyes,1.36288,0.09394732,-3.714518,-0.5062227,0.04146476,0.8614054,0.0,0.0,0.0,0.0,0.0,0.0,0.0,0.4931785,-0.330378,3.925458,1.362279,0.09346581,-3.727875,-0.03204085,-0.2363692,0.01746943,0.9709777,356.9066,332.5606,2.816845,0.3440656,0.02350825,-0.9386505,0,0,0,0.8184109,0.1323041,-2.759448,-0.03741671,-0.01930746,1.110576,0.8876488,0.0490718,0.4578991,-0.01877792,0.9973364,-0.07048038,-0.4601379,0.05396344,0.886206,moving,-30.44151,2.755872,-1.929638,-0.9959922,-1.751828804006491,1.5971825097864287,28.75766558536394,2.5992635852594455,28.704352315930727
1284,05/15/2023 18:38:11.902621,1467,True,True,True,True,Eyes,1.362946,0.09397017,-3.714652,-0.5059327,0.04123478,0.8615869,0.0,0.0,0.0,0.0,0.0,0.0,0.0,0.4828085,-0.3290863,3.927139,1.362606,0.09355736,-3.728052,-0.03190577,-0.235116,0.01759402,0.9712842,356.9214,332.7088,2.823062,0.3440946,0.02353116,-0.9386393,0,0,0,0.8193625,0.1354297,-2.758921,-0.03924539,-0.01590703,1.110986,0.8888218,0.04918072,0.4556063,-0.01917448,0.9973449,-0.07025242,-0.4578516,0.05370587,0.887405,moving,-30.4219,2.740034,-2.023122,-0.8203013,-1.7492012933813994,1.595077211863323,28.6210862711692,2.430861145578972,28.57033882809076
1285,05/15/2023 18:38:11.912338,1468,True,True,True,True,Eyes,1.363003,0.09398834,-3.714803,-0.505582,0.04104182,0.8618019,0.0,0.0,0.0,0.0,0.0,0.0,0.0,0.4738598,-0.3341103,3.928058,1.362775,0.09376431,-3.728252,-0.03248685,-0.234015,0.01712573,0.9715391,356.8409,332.8375,2.783105,0.3441211,0.02355228,-0.9386291,0,0,0,0.8202525,0.1383534,-2.758427,-0.04071432,-0.01471955,1.111307,0.8898873,0.04848145,0.4535967,-0.01807181,0.9973027,-0.07113985,-0.4558222,0.05510914,0.8883632,moving,-30.39831,2.726552,-2.098174,-0.7588527,-1.7464620769733523,1.5933453673691582,28.51395699550096,2.3783475408220527,28.464316257604807
1286,05/15/2023 18:38:11.932552,1469,True,True,True,True,Eyes,1.36307,0.09401657,-3.714954,-0.5051507,0.04089858,0.8620615,0.0,0.0,0.0,0.0,0.0,0.0,0.0,0.4637429,-0.3331275,3.929715,1.36311,0.09371567,-3.728518,-0.0323819,-0.2327797,0.01703242,0.971841,356.8465,332.9839,2.765845,0.344145,0.02357165,-0.9386199,0,0,0,0.8211665,0.1413554,-2.757921,-0.04252613,-0.01150258,1.111796,0.8910471,0.04818129,0.4513466,-0.01802991,0.9973226,-0.07086971,-0.4535527,0.05501052,0.8895302,moving,-30.36945,2.716233,-2.190493,-0.5927579,-1.743578230991587,1.5921142548699496,28.372575462656396,2.230111912860855,28.3250993583602
1287,05/15/2023 18:38:11.952419,1470,True,True,True,True,Eyes,1.363127,0.09405081,-3.715115,-0.5046498,0.04088495,0.8623554,0.0,0.0,0.0,0.0,0.0,0.0,0.0,0.4527677,-0.3368132,3.930961,1.36339,0.09398174,-3.728703,-0.0328118,-0.2314457,0.01675585,0.97215,356.7875,333.1402,2.742185,0.3441667,0.02358969,-0.9386115,0,0,0,0.8221263,0.1445078,-2.757389,-0.04453533,-0.009697918,1.112158,0.8923042,0.0477667,0.4489003,-0.0173901,0.9972852,-0.07155212,-0.4510995,0.05603984,0.8907125,moving,-30.33614,2.714405,-2.293131,-0.4996013,-1.7410127251747776,1.5921425969852527,28.22658658553175,2.1633832577634116,28.180132189355145
1288,05/15/2023 18:38:11.962965,1471,True,True,True,True,Eyes,1.363197,0.09408413,-3.715279,-0.5040855,0.04095878,0.862682,0.0,0.0,0.0,0.0,0.0,0.0,0.0,0.4419213,-0.3426304,3.931915,1.363686,0.09418583,-3.728824,-0.03350681,-0.2301347,0.01636959,0.9724441,356.6961,333.2929,2.713274,0.3441862,0.0236067,-0.9386039,0,0,0,0.823117,0.1477621,-2.75684,-0.04650706,-0.008365352,1.112478,0.8935401,0.04725918,0.4464893,-0.01641486,0.9972187,-0.07270142,-0.4486832,0.05763257,0.8918306,moving,-30.29875,2.718272,-2.393852,-0.4308313,-1.7385809203975435,1.5930252408530476,28.082025995011023,2.127292994798091,28.03613113701369
1289,05/15/2023 18:38:11.989870,1472,True,True,True,True,Eyes,1.363251,0.09411768,-3.715456,-0.5034821,0.04118606,0.8630235,0.0,0.0,0.0,0.0,0.0,0.0,0.0,0.4322605,-0.3502597,3.932689,1.364011,0.09418297,-3.729099,-0.03442419,-0.2289582,0.01573865,0.9727001,356.5739,333.4295,2.663173,0.344204,0.02362273,-0.9385971,0,0,0,0.8239327,0.1504413,-2.756387,-0.04837108,-0.008032486,1.11293,0.8946609,0.04638136,0.4443316,-0.01485457,0.9971345,-0.0741758,-0.4464987,0.05976184,0.8927863,moving,-30.259,2.732253,-2.48867,-0.4135206,-1.7367425731832613,1.5953823766490718,27.94793587818888,2.145014224845314,27.901711884441724
1290,05/15/2023 18:38:12.002575,1473,True,True,True,True,Eyes,1.363316,0.0941505,-3.715637,-0.5028349,0.04147275,0.863387,0.0,0.0,0.0,0.0,0.0,0.0,0.0,0.4243054,-0.3582942,3.93312,1.364203,0.09425163,-3.729331,-0.03535099,-0.2279684,0.01487914,0.9729128,356.4452,333.5449,2.588181,0.3442197,0.0236379,-0.9385909,0,0,0,0.8248993,0.1536164,-2.755852,-0.04953718,-0.007455569,1.11334,0.895618,0.04507004,0.4425348,-0.0128344,0.9970578,-0.07557081,-0.4446387,0.06200291,0.8935614,moving,-30.21644,2.750086,-2.547651,-0.3836801,-1.734990989653982,1.5983177875560723,27.845688619533725,2.1421325632864843,27.799199380488815
1291,05/15/2023 18:38:12.012755,1474,True,True,True,True,Eyes,1.363372,0.09419449,-3.715826,-0.5021966,0.04192599,0.8637365,0.0,0.0,0.0,0.0,0.0,0.0,0.0,0.4167651,-0.3639875,3.933754,1.364511,0.09422493,-3.729589,-0.03604669,-0.2270564,0.01448855,0.9731066,356.3549,333.6507,2.559532,0.3442339,0.02365226,-0.9385854,0,0,0,0.8257665,0.1564647,-2.755371,-0.05070606,-0.006331254,1.113826,0.896471,0.04456708,0.4408555,-0.01182855,0.9969814,-0.07673399,-0.4429446,0.06357511,0.8942921,moving,-30.17472,2.77897,-2.606545,-0.3256794,-1.7341369462138023,1.6028344157530152,27.742442587622765,2.1166627860529124,27.695640637436668
1292,05/15/2023 18:38:12.035478,1475,True,True,True,True,Eyes,1.363441,0.094244,-3.716012,-0.5015226,0.04246802,0.8641016,0.0,0.0,0.0,0.0,0.0,0.0,0.0,0.4105538,-0.3753464,3.933591,1.364753,0.09451962,-3.729758,-0.03738741,-0.2263108,0.01383556,0.973239,356.1864,333.735,2.518977,0.3442463,0.02366618,-0.9385806,0,0,0,0.8266805,0.1594671,-2.754864,-0.051461,-0.006926127,1.114209,0.897184,0.04385296,0.4394745,-0.01000826,0.9968215,-0.07903603,-0.4415436,0.06651149,0.8947713,moving,-30.13078,2.813653,-2.64439,-0.3561563,-1.7335600050863196,1.6082040399844482,27.668562055706232,2.1652535244026905,27.6203022701126
1293,05/15/2023 18:38:12.042698,1476,True,True,True,True,Eyes,1.363492,0.09430327,-3.716201,-0.5008546,0.04313995,0.8644556,0.0,0.0,0.0,0.0,0.0,0.0,0.0,0.4032462,-0.3855457,3.933607,1.365102,0.09468174,-3.729886,-0.03862232,-0.2254487,0.01336548,0.9733974,356.0341,333.8329,2.495379,0.3442575,0.02367984,-0.9385762,0,0,0,0.8276183,0.1625472,-2.754344,-0.05254736,-0.006965734,1.114614,0.8979884,0.04343455,0.43787,-0.008605134,0.9966593,-0.08121621,-0.4399348,0.06916329,0.8953624,moving,-30.08746,2.856929,-2.699153,-0.3580629,-1.733678553654292,1.6148034717632411,27.57635823025431,2.1964386236316296,27.526631103704872
1294,05/15/2023 18:38:12.062781,1477,True,True,True,True,Eyes,1.363554,0.09437174,-3.716392,-0.5001651,0.0439419,0.8648145,0.0,0.0,0.0,0.0,0.0,0.0,0.0,0.3964084,-0.3957539,3.933367,1.36526,0.09497356,-3.729903,-0.0398343,-0.2246253,0.01283597,0.9735461,355.8829,333.9265,2.464442,0.3442671,0.02369352,-0.9385723,0,0,0,0.8284964,0.1654315,-2.753858,-0.05350719,-0.007310435,1.114822,0.8987575,0.04288839,0.4363436,-0.007097233,0.9964969,-0.08332761,-0.4383888,0.07179447,0.8959135,moving,-30.04292,2.908742,-2.747868,-0.3757111,-1.7343542805728198,1.622640741918154,27.49195329271464,2.240674037776311,27.44028422558111
1295,05/15/2023 18:38:12.082449,1478,True,True,True,True,Eyes,1.363609,0.09443549,-3.716585,-0.4995078,0.04485903,0.8651471,0.0,0.0,0.0,0.0,0.0,0.0,0.0,0.3907487,-0.4108123,3.932709,1.365532,0.0952301,-3.730134,-0.04162796,-0.2239467,0.01202858,0.9736378,355.6601,334.0017,2.417958,0.3442756,0.02370743,-0.9385689,0,0,0,0.8294032,0.1684099,-2.753355,-0.05413833,-0.008974582,1.115293,0.8994064,0.04206784,0.4350846,-0.004778065,0.9962448,-0.08644862,-0.4370874,0.07567357,0.8962299,moving,-30.00074,2.968204,-2.779059,-0.4610399,-1.7357808425697492,1.63155691480346,27.436829813071483,2.3382452273225423,27.382122022778344
1296,05/15/2023 18:38:12.102335,1479,True,True,True,True,Eyes,1.363672,0.09451195,-3.716781,-0.4988429,0.04586662,0.8654779,0.0,0.0,0.0,0.0,0.0,0.0,0.0,0.3863875,-0.423092,3.932009,1.365689,0.09515762,-3.730261,-0.04314147,-0.2234256,0.01149028,0.973698,355.4759,334.0585,2.394752,0.3442829,0.02372144,-0.9385659,0,0,0,0.8303413,0.1714915,-2.752835,-0.05427141,-0.009446427,1.115684,0.8998979,0.04165395,0.4341069,-0.003098298,0.9960135,-0.08914798,-0.4360896,0.07887908,0.8964396,moving,-29.95823,3.033593,-2.784906,-0.4851084,-1.737631910435084,1.6413279657702706,27.40019702030148,2.370340616102314,27.342947527424606
1297,05/15/2023 18:38:12.112283,1480,True,True,True,True,Eyes,1.363737,0.09459931,-3.716976,-0.4983002,0.04697316,0.8657311,0.0,0.0,0.0,0.0,0.0,0.0,0.0,0.3824207,-0.4355425,3.931365,1.36593,0.0955162,-3.730506,-0.04461089,-0.2229523,0.01088338,0.9737473,355.295,334.1103,2.362772,0.3442892,0.02373585,-0.9385632,0,0,0,0.8312389,0.1744396,-2.752337,-0.05439602,-0.01044223,1.116186,0.9003477,0.04108753,0.4332273,-0.001303133,0.9957829,-0.09173243,-0.4351694,0.08202652,0.8966044,moving,-29.924,3.10573,-2.790036,-0.5360026,-1.7405969925370828,1.6519966646260504,27.377257325802354,2.4266567561954226,27.31682658063687
1298,05/15/2023 18:38:12.132656,1481,True,True,True,True,Eyes,1.363804,0.09467989,-3.717164,-0.4977618,0.04820027,0.8659734,0.0,0.0,0.0,0.0,0.0,0.0,0.0,0.3797576,-0.4505714,3.930164,1.36606,0.09582806,-3.730699,-0.04642487,-0.2226429,0.01037017,0.9737389,355.0783,334.1407,2.35089,0.3442947,0.02375091,-0.9385608,0,0,0,0.8321549,0.1774483,-2.75183,-0.05403603,-0.01202608,1.116619,0.9006453,0.04086801,0.4326292,0.0004766546,0.9954743,-0.0950291,-0.4345549,0.08579371,0.8965497,moving,-29.8903,3.185809,-2.770527,-0.6170565,-1.7442017391317957,1.6638023776768691,27.385103132590523,2.5011318959570232,27.320749870142368
1299,05/15/2023 18:38:12.152729,1482,True,True,True,True,Eyes,1.363843,0.09475939,-3.717369,-0.4972604,0.04936977,0.8661955,0.0,0.0,0.0,0.0,0.0,0.0,0.0,0.3773248,-0.466842,3.928514,1.366162,0.09571171,-3.730682,-0.04848227,-0.2223866,0.01007839,0.9737002,354.8403,334.1626,2.370306,0.3442996,0.02376637,-0.9385586,0,0,0,0.8330878,0.1805127,-2.751312,-0.05356123,-0.01350452,1.116903,0.9008852,0.04119026,0.4320985,0.001936957,0.9950958,-0.09889698,-0.434053,0.08993179,0.8963874,moving,-29.85902,3.262107,-2.745523,-0.692732,-1.7476966775663731,1.6750434301325328,27.400410053226032,2.5694392106607067,27.33223658654942
1300,05/15/2023 18:38:12.162825,1483,True,True,True,True,Eyes,1.36389,0.09485058,-3.717576,-0.4968025,0.05057198,0.8663889,0.0,0.0,0.0,0.0,0.0,0.0,0.0,0.3784132,-0.4707548,3.928274,1.36621,0.09578419,-3.73101,-0.04895332,-0.2225147,0.009980116,0.9736483,354.7855,334.1457,2.37222,0.3443033,0.02378217,-0.9385568,0,0,0,0.8340203,0.1835754,-2.750796,-0.05199358,-0.01169299,1.117549,0.9007751,0.04121992,0.4323252,0.002351426,0.9950079,-0.0997681,-0.4342793,0.0908852,0.8961815,moving,-29.83071,3.340621,-2.663746,-0.5994676,-1.7515757332782314,1.6865770716543735,27.451197262654063,2.4613116089375224,27.381455683923082
1301,05/15/2023 18:38:12.182840,1484,True,True,True,True,Eyes,1.363919,0.09493645,-3.717785,-0.4963912,0.05175539,0.8665547,0.0,0.0,0.0,0.0,0.0,0.0,0.0,0.3808331,-0.4791856,3.92734,1.366432,0.09613609,-3.731257,-0.04995761,-0.222843,0.009839251,0.9735237,354.6704,334.1028,2.38435,0.3443058,0.02379856,-0.9385555,0,0,0,0.8349256,0.1865492,-2.750294,-0.05020847,-0.01142717,1.118172,0.9004884,0.0414229,0.4329029,0.00310792,0.9948149,-0.1016551,-0.434869,0.09288463,0.8956904,moving,-29.80551,3.417957,-2.570984,-0.5855145,-1.7555922517164753,1.6979141982014123,27.527208185647673,2.424646432562624,27.454837891351055
1302,05/15/2023 18:38:12.202679,1485,True,True,True,True,Eyes,1.363949,0.09501103,-3.717991,-0.4960244,0.05290256,0.8666955,0.0,0.0,0.0,0.0,0.0,0.0,0.0,0.3825274,-0.4882391,3.926123,1.366439,0.09608936,-3.731322,-0.05110786,-0.223075,0.009790241,0.9734114,354.5412,334.0701,2.410133,0.3443071,0.02381535,-0.9385546,0,0,0,0.8358946,0.1897321,-2.749757,-0.04842121,-0.01080031,1.118595,0.9002834,0.04186164,0.4332868,0.003741916,0.9945843,-0.1038659,-0.4352882,0.09513003,0.895251,moving,-29.78323,3.492965,-2.478646,-0.5531877,-1.7596453570805548,1.7088911601510737,27.602747310453957,2.3735969948710665,27.528052192201613
1303,05/15/2023 18:38:12.212765,1486,True,True,True,True,Eyes,1.363965,0.09509136,-3.718204,-0.495721,0.05397526,0.866803,0.0,0.0,0.0,0.0,0.0,0.0,0.0,0.3857278,-0.4894079,3.925803,1.366462,0.095891,-3.731462,-0.05128155,-0.2234729,0.009852318,0.9733104,354.5244,334.022,2.423863,0.3443072,0.02383223,-0.9385542,0,0,0,0.8367572,0.1925654,-2.749278,-0.04635109,-0.008207142,1.119109,0.8999256,0.0420988,0.4340065,0.003741346,0.9945462,-0.1042292,-0.4360275,0.09542226,0.8948601,moving,-29.76506,3.563171,-2.371712,-0.420179,-1.7636345290597872,1.719141925073138,27.681448514693088,2.2240621014532915,27.60597347879708
1304,05/15/2023 18:38:12.232766,1487,True,True,True,True,Eyes,1.363988,0.09517366,-3.718411,-0.4954544,0.05502348,0.8668895,0.0,0.0,0.0,0.0,0.0,0.0,0.0,0.389725,-0.489682,3.92559,1.366557,0.09612465,-3.73165,-0.05127232,-0.2239663,0.009823317,0.9731978,354.5259,333.964,2.423154,0.3443059,0.02384931,-0.9385542,0,0,0,0.8376881,0.1956233,-2.748762,-0.0440447,-0.00549069,1.119688,0.8994852,0.0420866,0.4349197,0.003846481,0.9945493,-0.1041964,-0.4369343,0.09539601,0.8944205,moving,-29.74932,3.631824,-2.252659,-0.280963,-1.7676832351734868,1.7291482124152364,27.773661412501774,2.0677883302568745,27.697521185039903
1305,05/15/2023 18:38:12.252365,1488,True,True,True,True,Eyes,1.364007,0.09525988,-3.718623,-0.4951857,0.05604915,0.8669773,0.0,0.0,0.0,0.0,0.0,0.0,0.0,0.3924899,-0.4916728,3.925189,1.366726,0.09624863,-3.731715,-0.05148918,-0.2243219,0.009709271,0.9731055,354.4996,333.9215,2.418076,0.3443035,0.02386665,-0.9385546,0,0,0,0.8386434,0.1987609,-2.748233,-0.04214872,-0.003109403,1.120193,0.8991708,0.04199659,0.435578,0.004204016,0.9945092,-0.1045648,-0.4375777,0.09585279,0.8940571,moving,-29.73343,3.698963,-2.154813,-0.1590398,-1.7716064328330812,1.7389381763038634,27.847159661938534,1.9362767549227984,27.770105955979798
1306,05/15/2023 18:38:12.262712,1489,True,True,True,True,Eyes,1.364032,0.09534401,-3.718832,-0.4949283,0.05705247,0.8670589,0.0,0.0,0.0,0.0,0.0,0.0,0.0,0.3942388,-0.4928167,3.925158,1.366837,0.09643745,-3.731971,-0.05155752,-0.2245146,0.009337585,0.9730611,354.4828,333.9004,2.379332,0.3443001,0.0238843,-0.9385555,0,0,0,0.8395669,0.2017945,-2.747721,-0.04056594,-0.0007303581,1.120812,0.899012,0.04132291,0.4359699,0.004978742,0.9945092,-0.1045301,-0.4378956,0.09614439,0.89387,moving,-29.71828,3.764636,-2.072821,-0.0373358,-1.7754726053206902,1.7485109384689843,27.905669547399793,1.810432169709396,27.82768214611388
1307,05/15/2023 18:38:12.292747,1490,True,True,True,True,Eyes,1.364052,0.09543914,-3.719048,-0.4946186,0.05808995,0.8671667,0.0,0.0,0.0,0.0,0.0,0.0,0.0,0.3942633,-0.4946424,3.925105,1.367019,0.09646606,-3.732092,-0.05177149,-0.2245298,0.009232499,0.9730473,354.4562,333.898,2.373267,0.3442958,0.02390218,-0.9385566,0,0,0,0.8404437,0.2046745,-2.747235,-0.03953505,0.001519196,1.121326,0.8990023,0.0412158,0.4360002,0.005281169,0.9944689,-0.1048982,-0.437912,0.09660627,0.8938122,moving,-29.69977,3.832417,-2.019264,0.07762547,-1.7792534804145914,1.7584160860726656,27.93400923336634,1.6978404355502872,27.854840889283633
1308,05/15/2023 18:38:12.302406,1491,True,True,True,True,Eyes,1.364079,0.09553964,-3.719261,-0.4943132,0.05920611,0.8672653,0.0,0.0,0.0,0.0,0.0,0.0,0.0,0.39424,-0.4992917,3.924827,1.367133,0.09682751,-3.732366,-0.0522502,-0.2245038,0.008715513,0.9730324,354.3893,333.9014,2.327782,0.3442906,0.02392054,-0.938558,0,0,0,0.8414057,0.2078343,-2.746701,-0.03842759,0.002885021,1.121945,0.8990442,0.04042169,0.4359882,0.006499778,0.9943879,-0.1055956,-0.4378097,0.09776895,0.893736,moving,-29.68174,3.905385,-1.961663,0.1473327,-1.78346188004189,1.7690626592725314,27.97365950274408,1.6314912503462624,27.892483030916928
1309,05/15/2023 18:38:12.312307,1492,True,True,True,True,Eyes,1.364109,0.09561984,-3.719476,-0.4939263,0.06037561,0.8674051,0.0,0.0,0.0,0.0,0.0,0.0,0.0,0.3932702,-0.511152,3.92363,1.367326,0.09703064,-3.732535,-0.05367694,-0.2243998,0.008241105,0.972983,354.2173,333.9091,2.311499,0.3442848,0.02393948,-0.9385597,0,0,0,0.8422878,0.2107317,-2.746212,-0.03769825,0.0021291,1.122497,0.8991536,0.04012709,0.4357896,0.008053284,0.9941018,-0.1081521,-0.437559,0.1007549,0.893527,moving,-29.65848,3.981643,-1.923515,0.1086759,-1.7875381760123652,1.78022787087501,28.004073948425923,1.6770735487741422,27.919293741823296
1310,05/15/2023 18:38:12.332466,1493,True,True,True,True,Eyes,1.364142,0.09568963,-3.719676,-0.4935288,0.06151031,0.8675516,0.0,0.0,0.0,0.0,0.0,0.0,0.0,0.3907056,-0.5169733,3.923349,1.367485,0.09661579,-3.732724,-0.05444447,-0.2240906,0.008004408,0.9730135,354.1248,333.943,2.303274,0.3442785,0.02395842,-0.9385616,0,0,0,0.8432001,0.213728,-2.745707,-0.03731561,0.003659762,1.123115,0.8994387,0.03997777,0.4352147,0.008824199,0.9939435,-0.1095378,-0.4369579,0.102363,0.8936384,moving,-29.63448,4.055544,-1.902958,0.1867023,-1.7913821749250278,1.7910607358262882,28.000093723702836,1.608233551244388,27.913261553777982
1311,05/15/2023 18:38:12.352446,1494,True,True,True,True,Eyes,1.364192,0.09578272,-3.719881,-0.4930712,0.06267238,0.8677286,0.0,0.0,0.0,0.0,0.0,0.0,0.0,0.3879787,-0.5174389,3.923465,1.367602,0.09643364,-3.732588,-0.05448756,-0.2237487,0.007638883,0.9730925,354.1097,333.9851,2.261368,0.3442718,0.0239771,-0.9385635,0,0,0,0.8441302,0.216783,-2.745191,-0.03712688,0.006557137,1.123405,0.8997563,0.03924973,0.4346241,0.009516366,0.9939455,-0.1094613,-0.436289,0.1026245,0.8939353,moving,-29.60662,4.131059,-1.892853,0.3344226,-1.795067057873411,1.802159344492832,27.972617490755024,1.47099056475968,27.88451145240231
1312,05/15/2023 18:38:12.362930,1495,True,True,True,True,Eyes,1.364248,0.09589089,-3.720085,-0.4925899,0.0639364,0.8679098,0.0,0.0,0.0,0.0,0.0,0.0,0.0,0.3846469,-0.520137,3.923933,1.367828,0.09707737,-3.73301,-0.05467374,-0.2233048,0.00703556,0.9731886,354.0723,334.0399,2.195915,0.3442653,0.02399614,-0.9385654,0,0,0,0.8450404,0.2197729,-2.744687,-0.0371228,0.008065268,1.124145,0.9001709,0.03811168,0.4338662,0.01072396,0.9939225,-0.1095579,-0.4354048,0.1032736,0.8942915,moving,-29.57746,4.213204,-1.891399,0.411066,-1.7991589693406915,1.814222363375325,27.9459161071303,1.406184910791144,27.855272572831925
1313,05/15/2023 18:38:12.382658,1496,True,True,True,True,Eyes,1.364338,0.095989,-3.72028,-0.4920955,0.06533916,0.8680857,0.0,0.0,0.0,0.0,0.0,0.0,0.0,0.3799897,-0.5347711,3.922685,1.368016,0.09751797,-3.733211,-0.05640782,-0.2227354,0.006384079,0.9732247,353.8604,334.1021,2.164632,0.344259,0.02401586,-0.9385672,0,0,0,0.84595,0.2227606,-2.744182,-0.03744559,0.006399915,1.124709,0.9006965,0.03755432,0.4328229,0.01270174,0.9935548,-0.1126389,-0.4342633,0.1069511,0.8944143,moving,-29.54778,4.304428,-1.906877,0.3260258,-1.803900083523641,1.8275950143547224,27.925744443440962,1.5050961267722527,27.82997811638238
1314,05/15/2023 18:38:12.402908,1497,True,True,True,True,Eyes,1.364423,0.09603918,-3.720459,-0.4915619,0.06677023,0.8682791,0.0,0.0,0.0,0.0,0.0,0.0,0.0,0.3757867,-0.5477074,3.921658,1.368242,0.0973196,-3.733503,-0.05803496,-0.2222324,0.005974145,0.9732468,353.6668,334.1557,2.157862,0.3442537,0.02403596,-0.9385687,0,0,0,0.8469052,0.225898,-2.743653,-0.03749759,0.005871221,1.125472,0.9011542,0.03742313,0.4318804,0.01416586,0.9931925,-0.11562,-0.4332672,0.1103094,0.8944894,moving,-29.51566,4.397363,-1.90823,0.2988907,-1.808592892253274,1.8412349424837915,27.909992232151684,1.5455592242172518,27.809688163394533
1315,05/15/2023 18:38:12.412250,1498,True,True,True,True,Eyes,1.364533,0.09612705,-3.720658,-0.4910032,0.06793869,0.8685046,0.0,0.0,0.0,0.0,0.0,0.0,0.0,0.3689612,-0.5549252,3.921057,1.368165,0.09619713,-3.733314,-0.05911259,-0.2214093,0.00596297,0.9733695,353.5442,334.2474,2.179233,0.3442493,0.0240552,-0.9385698,0,0,0,0.8477834,0.2287828,-2.743166,-0.03823368,0.007510774,1.125722,0.9018847,0.0377845,0.430321,0.0145678,0.9929403,-0.1177173,-0.431731,0.1124363,0.8949673,moving,-29.48135,4.472848,-1.945228,0.3822695,-1.8118055196106095,1.8523856086042196,27.83829821062247,1.4761581660008087,27.73566457182735
1316,05/15/2023 18:38:12.432285,1499,True,True,True,True,Eyes,1.36465,0.09622534,-3.720854,-0.4904212,0.06935006,0.8687218,0.0,0.0,0.0,0.0,0.0,0.0,0.0,0.3692595,-0.5320174,3.92517,1.368425,0.09723282,-3.734208,-0.05603636,-0.2213588,0.005918344,0.9735632,353.887,334.2691,2.094043,0.3442462,0.02407459,-0.9385704,0,0,0,0.8487056,0.2318119,-2.742655,-0.03714706,0.01603314,1.126837,0.9019306,0.03633205,0.4303503,0.01328452,0.9936498,-0.11173,-0.4316768,0.1064897,0.8957205,moving,-29.44611,4.564242,-1.888116,0.8151748,-1.8161543647488052,1.865831288454349,27.811841689721877,1.0531180055811644,27.71089691769515
1317,05/15/2023 18:38:12.452427,1500,True,True,True,True,Eyes,1.36477,0.09632633,-3.721055,-0.489822,0.07077058,0.8689453,0.0,0.0,0.0,0.0,0.0,0.0,0.0,0.3627975,-0.5618333,3.921817,1.368686,0.09751225,-3.734315,-0.05983936,-0.2206852,0.006089954,0.9734887,353.4645,334.3283,2.207501,0.3442444,0.02409438,-0.9385706,0,0,0,0.8496354,0.2348658,-2.74214,-0.03761411,0.01054451,1.127461,0.9025219,0.03826833,0.4289403,0.01455432,0.9927643,-0.1191938,-0.4303979,0.113818,0.8954346,moving,-29.40983,4.656134,-1.91078,0.5358396,-1.820465117652052,1.8793576438774895,27.806016918019225,1.3465502263925841,27.69709281398847
1318,05/15/2023 18:38:12.462466,1501,True,True,True,True,Eyes,1.364896,0.09643462,-3.721252,-0.4892134,0.07237006,0.8691565,0.0,0.0,0.0,0.0,0.0,0.0,0.0,0.3600953,-0.5634808,3.922213,1.368941,0.09767437,-3.734621,-0.06005703,-0.2203862,0.006308664,0.9735417,353.4451,334.3612,2.235674,0.3442438,0.02411459,-0.9385703,0,0,0,0.850542,0.2378437,-2.741637,-0.03722136,0.01291497,1.128206,0.9027803,0.03875497,0.4283525,0.01418798,0.9927067,-0.1197167,-0.429868,0.1141554,0.8956463,moving,-29.37342,4.759737,-1.889595,0.655856,-1.8256526790819976,1.8945685675635957,27.788531373442282,1.2403618203751583,27.67640331801676
1319,05/15/2023 18:38:12.482901,1502,True,True,True,True,Eyes,1.365034,0.09656058,-3.721456,-0.4885409,0.07399548,0.8693978,0.0,0.0,0.0,0.0,0.0,0.0,0.0,0.3562035,-0.5867663,3.919356,1.369187,0.09790993,-3.734737,-0.06291398,-0.2199397,0.005591199,0.9734666,353.1062,334.4032,2.225989,0.3442444,0.02413538,-0.9385695,0,0,0,0.8514616,0.2408642,-2.741127,-0.03732042,0.008971259,1.128835,0.9031906,0.03856026,0.4275043,0.01678887,0.9920211,-0.1249488,-0.4289113,0.1200299,0.8953368,moving,-29.33295,4.864788,-1.893567,0.4553408,-1.830653988587514,1.9100231207105536,27.791418891993924,1.4560421357889441,27.67138617589082
1320,05/15/2023 18:38:12.502592,1503,True,True,True,True,Eyes,1.365176,0.09668562,-3.721663,-0.4878725,0.07581401,0.8696164,0.0,0.0,0.0,0.0,0.0,0.0,0.0,0.3540024,-0.5912713,3.919393,1.369345,0.09843731,-3.735207,-0.06332859,-0.2196176,0.0048979,0.9735162,353.0414,334.4435,2.156532,0.3442463,0.02415711,-0.9385682,0,0,0,0.8524203,0.2440131,-2.740596,-0.03691687,0.01017357,1.129684,0.9034882,0.03735252,0.4269822,0.01827978,0.991931,-0.1254541,-0.4282229,0.1211515,0.8955152,moving,-29.29331,4.982504,-1.871698,0.5159735,-1.8366742560253464,1.927290987717832,27.78299298826486,1.411752001514492,27.65806782999358
1321,05/15/2023 18:38:12.513006,1504,True,True,True,True,Eyes,1.365335,0.09678937,-3.721858,-0.4871935,0.07763127,0.8698367,0.0,0.0,0.0,0.0,0.0,0.0,0.0,0.3516211,-0.6165671,3.916061,1.369546,0.09848785,-3.735502,-0.06644539,-0.2193331,0.004051878,0.9733763,352.6705,334.4659,2.139949,0.3442495,0.02417967,-0.9385664,0,0,0,0.8533046,0.246918,-2.740105,-0.0365731,0.005613551,1.130479,0.9037531,0.03703536,0.426449,0.02125934,0.9911372,-0.1311302,-0.4275258,0.1275753,0.894956,moving,-29.25309,5.100027,-1.852978,0.2845077,-1.8426376551089207,1.9445361802932144,27.82005326632601,1.6600606850705988,27.68570094893362
1322,05/15/2023 18:38:12.532361,1505,True,True,True,True,Eyes,1.365494,0.09688307,-3.722071,-0.4865253,0.07931753,0.8700585,0.0,0.0,0.0,0.0,0.0,0.0,0.0,0.3487295,-0.6241333,3.915283,1.369691,0.09804344,-3.735631,-0.06743043,-0.2189792,0.003735689,0.9733897,352.5514,334.5045,2.127164,0.3442543,0.02420245,-0.9385641,0,0,0,0.854206,0.2498788,-2.739606,-0.03633833,0.006595209,1.131141,0.9040684,0.03680428,0.4258003,0.02225916,0.9908783,-0.1329083,-0.4268079,0.1296361,0.8950025,moving,-29.21335,5.208882,-1.840016,0.334064,-1.8479800410607516,1.9605311707557675,27.804015264142695,1.6264866687115171,27.664823206109283
1323,05/15/2023 18:38:12.552702,1506,True,True,True,True,Eyes,1.365675,0.09698209,-3.722279,-0.4858705,0.08090321,0.8702784,0.0,0.0,0.0,0.0,0.0,0.0,0.0,0.3480436,-0.6175565,3.917036,1.369836,0.09791565,-3.73626,-0.06652775,-0.2188135,0.003221094,0.9734909,352.6391,334.5326,2.044735,0.3442603,0.02422515,-0.9385612,0,0,0,0.8551529,0.2529889,-2.739081,-0.03550251,0.01137187,1.132221,0.9042206,0.03538575,0.4255973,0.02284294,0.9911274,-0.1309379,-0.4264545,0.1281187,0.8953894,moving,-29.17433,5.311091,-1.796008,0.5754514,-1.8528719253878372,1.97556451995586,27.784866347649977,1.4012673744446653,27.644169914361555
1324,05/15/2023 18:38:12.562474,1507,True,True,True,True,Eyes,1.365853,0.09707963,-3.722494,-0.485204,0.0824945,0.8705009,0.0,0.0,0.0,0.0,0.0,0.0,0.0,0.3462925,-0.6193886,3.917291,1.370028,0.09812546,-3.736592,-0.06669805,-0.2185842,0.002963564,0.9735315,352.613,334.5605,2.018423,0.3442681,0.02424792,-0.9385577,0,0,0,0.8560409,0.2559057,-2.738589,-0.03499784,0.01345281,1.132998,0.9044244,0.03492853,0.4252018,0.02338804,0.9910852,-0.1311609,-0.4259925,0.1285697,0.8955447,moving,-29.13464,5.413565,-1.76928,0.6802778,-1.857735044578758,1.9906418178372205,27.77169306411267,1.3133461669163744,27.627252310367773
1325,05/15/2023 18:38:12.582590,1508,True,True,True,True,Eyes,1.366023,0.09718177,-3.722718,-0.4842917,0.08414368,0.8708509,0.0,0.0,0.0,0.0,0.0,0.0,0.0,0.3427178,-0.6257117,3.916996,1.370157,0.09817696,-3.736958,-0.06741995,-0.218103,0.002361391,0.9735913,352.516,334.6177,1.965587,0.3442773,0.02427071,-0.9385538,0,0,0,0.8569816,0.2589956,-2.738067,-0.03498133,0.01446092,1.133826,0.9048511,0.03400705,0.4243679,0.02481093,0.990898,-0.132309,-0.4250046,0.1302489,0.8957713,moving,-29.07901,5.518922,-1.767155,0.7307159,-1.8616548645631397,2.00627284894902,27.72840314906544,1.2790526785142922,27.579176167934655
1326,05/15/2023 18:38:12.602764,1509,True,True,True,True,Eyes,1.366201,0.09729306,-3.722948,-0.4833725,0.08584213,0.8711958,0.0,0.0,0.0,0.0,0.0,0.0,0.0,0.337704,-0.6279516,3.917489,1.370263,0.09838581,-3.73735,-0.0677284,-0.217513,0.002722022,0.9737009,352.4893,334.6832,2.009507,0.3442875,0.02429363,-0.9385495,0,0,0,0.8578947,0.2619947,-2.737561,-0.03506367,0.016675,1.134619,0.9053614,0.03476448,0.4232165,0.02416274,0.9908109,-0.1330786,-0.4239539,0.1307103,0.896202,moving,-29.02318,5.627399,-1.770075,0.8419903,-1.8657962309957183,2.02235412153732,27.670053642287375,1.1842387028203065,27.51670506463817
1327,05/15/2023 18:38:12.612799,1510,True,True,True,True,Eyes,1.366384,0.09740434,-3.723179,-0.482304,0.08782566,0.8715903,0.0,0.0,0.0,0.0,0.0,0.0,0.0,0.3318791,-0.640327,3.91645,1.370601,0.09868336,-3.737708,-0.06933814,-0.2168893,0.003189739,0.9737254,352.3195,334.7448,2.098513,0.3442988,0.02431688,-0.9385448,0,0,0,0.8588145,0.265016,-2.737051,-0.03537343,0.01600948,1.135518,0.9058977,0.03628926,0.4219389,0.02386554,0.9903641,-0.1364163,-0.4228235,0.133649,0.8963025,moving,-28.95843,5.753979,-1.78429,0.8077503,-1.8706576570129947,2.041115619585772,27.62062749273274,1.2363856128792619,27.459808067856034
1328,05/15/2023 18:38:12.632325,1511,True,True,True,True,Eyes,1.366566,0.09752039,-3.723414,-0.4812171,0.08978008,0.8719918,0.0,0.0,0.0,0.0,0.0,0.0,0.0,0.3248752,-0.6528798,3.915331,1.370793,0.09875202,-3.738019,-0.07095336,-0.2160736,0.003276364,0.97379,352.1389,334.8315,2.143058,0.344311,0.02434045,-0.9385397,0,0,0,0.8597228,0.2679995,-2.736548,-0.03609407,0.01532164,1.136331,0.9066029,0.03704328,0.4203559,0.02428132,0.9899098,-0.1396032,-0.4212857,0.1367715,0.8965557,moving,-28.89253,5.878447,-1.819314,0.7724972,-1.8752754523891488,2.059583572430772,27.550494513579537,1.288302376870627,27.382108675640627
1329,05/15/2023 18:38:12.652575,1512,True,True,True,True,Eyes,1.366755,0.09764431,-3.723653,-0.4800419,0.09189482,0.8724191,0.0,0.0,0.0,0.0,0.0,0.0,0.0,0.3181262,-0.6579723,3.915402,1.370937,0.09897041,-3.738348,-0.07157662,-0.2152503,0.003232161,0.973927,352.0662,334.9256,2.147271,0.3443242,0.0243644,-0.9385343,0,0,0,0.8606765,0.271132,-2.736019,-0.03678952,0.01674412,1.137116,0.9073138,0.03710955,0.4188133,0.02451799,0.9897327,-0.1408122,-0.4197387,0.1380294,0.8970883,moving,-28.82145,6.012984,-1.853065,0.8436238,-1.8802778178508723,2.0795441939878905,27.4593531312296,1.236219947149603,27.28441920229789
1330,05/15/2023 18:38:12.662846,1513,True,True,True,True,Eyes,1.366941,0.09776224,-3.72389,-0.4788709,0.09401552,0.8728367,0.0,0.0,0.0,0.0,0.0,0.0,0.0,0.3139999,-0.6670424,3.91466,1.371089,0.09924984,-3.738765,-0.07269745,-0.2147599,0.003199637,0.9739522,351.9387,334.9774,2.168098,0.3443382,0.0243889,-0.9385284,0,0,0,0.8615578,0.2740267,-2.73553,-0.03675553,0.01674742,1.137989,0.9077359,0.03745758,0.4178665,0.0249924,0.9894097,-0.142982,-0.418797,0.1402334,0.8971866,moving,-28.75082,6.147776,-1.849934,0.8431425,-1.885332271217643,2.0995375384865462,27.418913256260144,1.256893603428233,27.236219808958445
1331,05/15/2023 18:38:12.682646,1514,True,True,True,True,Eyes,1.367138,0.09790438,-3.724133,-0.4776736,0.09622201,0.8732521,0.0,0.0,0.0,0.0,0.0,0.0,0.0,0.3090369,-0.6761107,3.913719,1.371202,0.09920692,-3.738956,-0.07387836,-0.2141823,0.0032645,0.9739904,351.8066,335.0382,2.200584,0.344353,0.02441374,-0.9385223,0,0,0,0.8624809,0.277059,-2.735019,-0.0368953,0.01715849,1.138711,0.9082305,0.03800607,0.4167407,0.02528768,0.9890626,-0.145312,-0.4177054,0.1425152,0.8973359,moving,-28.6789,6.287948,-1.855788,0.8632874,-1.8906998825506116,2.1203155208809408,27.366152085920596,1.2575128374011524,27.17555530913101
1332,05/15/2023 18:38:12.702792,1515,True,True,True,True,Eyes,1.367335,0.09804796,-3.724376,-0.4764737,0.0986129,0.8736408,0.0,0.0,0.0,0.0,0.0,0.0,0.0,0.3045833,-0.6839813,3.91326,1.371489,0.0999012,-3.739418,-0.07480238,-0.2136688,0.003303407,0.9740325,351.7028,335.0932,2.224055,0.3443688,0.0244395,-0.9385159,0,0,0,0.8634484,0.280237,-2.734482,-0.03691734,0.01748531,1.139671,0.9086695,0.03840112,0.4157465,0.02553061,0.9887874,-0.1471316,-0.4167349,0.1443082,0.8975005,moving,-28.60755,6.440048,-1.855333,0.8789867,-1.8970117309802896,2.1428031471785784,27.324101397803492,1.2645035107801053,27.124657731030357
1333,05/15/2023 18:38:12.722886,1516,True,True,True,True,Eyes,1.367515,0.09817702,-3.724622,-0.4752764,0.1010885,0.87401,0.0,0.0,0.0,0.0,0.0,0.0,0.0,0.2982097,-0.7114898,3.909124,1.371657,0.1000109,-3.739647,-0.07831977,-0.2129705,0.003283326,0.9739091,351.3062,335.1547,2.304886,0.3443853,0.02446611,-0.9385092,0,0,0,0.8643314,0.2831371,-2.733993,-0.03735819,0.01237415,1.140484,0.9092656,0.03975492,0.4143135,0.02696428,0.9877105,-0.1539512,-0.4153421,0.1511541,0.8970191,moving,-28.53683,6.597547,-1.876134,0.6216294,-1.903778077858314,2.1660613627079623,27.322230918547,1.5446793461669013,27.10848158708149
1334,05/15/2023 18:38:12.732340,1517,True,True,True,True,Eyes,1.367691,0.0983092,-3.724868,-0.4741038,0.1035835,0.8743547,0.0,0.0,0.0,0.0,0.0,0.0,0.0,0.2948627,-0.7242277,3.907228,1.371686,0.09977436,-3.73984,-0.07993835,-0.2125542,0.002931969,0.9738696,351.115,335.1968,2.302494,0.3444021,0.02449312,-0.9385023,0,0,0,0.8652393,0.2861193,-2.73349,-0.03712188,0.0116999,1.141245,0.9096242,0.03969318,0.4135315,0.02827175,0.9872025,-0.1569455,-0.4144689,0.1544526,0.8968611,moving,-28.468,6.756254,-1.863034,0.5873686,-1.910773562011165,2.1894767080595856,27.310792059907183,1.6028192211510575,27.086467457140724
1335,05/15/2023 18:38:12.752336,1518,True,True,True,True,Eyes,1.367882,0.09843941,-3.725106,-0.4730019,0.1060618,0.8746543,0.0,0.0,0.0,0.0,0.0,0.0,0.0,0.292353,-0.7363079,3.905432,1.371757,0.09995556,-3.740095,-0.08145659,-0.2122701,0.002866881,0.973806,350.9423,335.2214,2.330997,0.3444191,0.02452059,-0.9384953,0,0,0,0.8662435,0.2894177,-2.732933,-0.03642945,0.01127815,1.142086,0.9098663,0.04016518,0.4129529,0.02899804,0.9867132,-0.159863,-0.4138869,0.1574287,0.8966124,moving,-28.40396,6.91401,-1.826961,0.56578,-1.9180461028596516,2.212713486828296,27.32465736251602,1.649450334505214,27.089918811763987
1336,05/15/2023 18:38:12.762791,1519,True,True,True,True,Eyes,1.368072,0.09857211,-3.725345,-0.471929,0.1084652,0.8749391,0.0,0.0,0.0,0.0,0.0,0.0,0.0,0.2898219,-0.749352,3.903412,1.371876,0.09998798,-3.740335,-0.08315106,-0.2120173,0.003040199,0.9737175,350.7558,335.239,2.391151,0.3444367,0.0245484,-0.9384882,0,0,0,0.8670655,0.2921178,-2.732477,-0.03588082,0.01015572,1.142863,0.9100789,0.04117951,0.4123841,0.02933834,0.9861533,-0.1632204,-0.4133953,0.1606421,0.8962692,moving,-28.34176,7.066839,-1.798241,0.5091289,-1.9250798447545607,2.2352259387831137,27.341579373895044,1.7307510161298494,27.095875223418936
1337,05/15/2023 18:38:12.782858,1520,True,True,True,True,Eyes,1.368273,0.09870298,-3.725577,-0.4709039,0.1108205,0.8751962,0.0,0.0,0.0,0.0,0.0,0.0,0.0,0.288436,-0.7519983,3.903332,1.372024,0.1001759,-3.740616,-0.08345915,-0.2118537,0.003009183,0.9737267,350.7201,335.2566,2.393893,0.3444548,0.02457659,-0.9384809,0,0,0,0.868093,0.2954924,-2.731908,-0.03497458,0.01249041,1.14377,0.910218,0.04122249,0.4120728,0.029502,0.986051,-0.1638078,-0.4130773,0.1612578,0.8963053,moving,-28.28271,7.216595,-1.751463,0.6256669,-1.932110551607515,2.257269123836061,27.3376553602239,1.641572220381598,27.084422831920566
1338,05/15/2023 18:38:12.802745,1521,True,True,True,True,Eyes,1.368474,0.09884742,-3.725817,-0.4698908,0.1131078,0.875448,0.0,0.0,0.0,0.0,0.0,0.0,0.0,0.2857791,-0.7628949,3.901647,1.372149,0.1002254,-3.740813,-0.0848569,-0.211567,0.003034002,0.9736681,350.5631,335.2812,2.429364,0.3444735,0.02460508,-0.9384732,0,0,0,0.8688989,0.2981397,-2.731461,-0.03458966,0.01187767,1.144502,0.9104605,0.04181404,0.4114771,0.0299976,0.9855802,-0.1665287,-0.4125068,0.1639611,0.8960775,moving,-28.22437,7.361825,-1.731093,0.5945959,-1.9388504684399352,2.278655500654577,27.343904547277365,1.6968264213670838,27.08039157143382
1339,05/15/2023 18:38:12.813022,1522,True,True,True,True,Eyes,1.368684,0.09899505,-3.72605,-0.4688739,0.115393,0.8756949,0.0,0.0,0.0,0.0,0.0,0.0,0.0,0.2833205,-0.7656804,3.901799,1.372371,0.1006937,-3.741261,-0.08509865,-0.211236,0.002666107,0.97372,350.5261,335.322,2.390661,0.3444929,0.02463417,-0.9384654,0,0,0,0.8699232,0.3015043,-2.730893,-0.03416352,0.01386333,1.14554,0.9107445,0.04114386,0.4109157,0.03075971,0.9855022,-0.1668508,-0.4118231,0.1645981,0.8962752,moving,-28.16596,7.506787,-1.70823,0.6933596,-1.9455650025866331,2.300003964791438,27.320949282335903,1.6240794372101632,27.049552369343548
1340,05/15/2023 18:38:12.832394,1523,True,True,True,True,Eyes,1.368886,0.09912998,-3.726281,-0.4678783,0.117666,0.8759251,0.0,0.0,0.0,0.0,0.0,0.0,0.0,0.2798397,-0.7819294,3.899065,1.372352,0.1008806,-3.741511,-0.08708419,-0.2107805,0.00208161,0.9736446,350.2877,335.3681,2.370289,0.3445131,0.02466388,-0.9384571,0,0,0,0.8707266,0.3041432,-2.730448,-0.03413755,0.01145355,1.146253,0.9111345,0.0407648,0.410088,0.0326578,0.9848241,-0.1704556,-0.4108131,0.1687006,0.8959758,moving,-28.10905,7.650935,-1.70587,0.57249,-1.9523272326125536,2.321222308827892,27.33555007184646,1.766014115301904,27.05179746341365
1341,05/15/2023 18:38:12.852727,1524,True,True,True,True,Eyes,1.369077,0.09926871,-3.72652,-0.4670191,0.120006,0.876066,0.0,0.0,0.0,0.0,0.0,0.0,0.0,0.2777808,-0.7897494,3.897831,1.372355,0.1006927,-3.741719,-0.08811377,-0.2105404,0.002084362,0.9736039,350.1716,335.3896,2.394217,0.3445339,0.02469384,-0.9384487,0,0,0,0.8716843,0.3072887,-2.729917,-0.03334342,0.01235355,1.147097,0.9113368,0.04116171,0.4095986,0.03304433,0.9844632,-0.1724535,-0.4103332,0.1706981,0.8958173,moving,-28.06149,7.799994,-1.664985,0.6170177,-1.960142420411976,2.343064884503069,27.356363514571644,1.751101592128573,27.06312104587211
1342,05/15/2023 18:38:12.862929,1525,True,True,True,True,Eyes,1.369266,0.09941337,-3.72676,-0.4661842,0.1223382,0.8761882,0.0,0.0,0.0,0.0,0.0,0.0,0.0,0.2779887,-0.7993659,3.896215,1.372404,0.1009045,-3.742069,-0.08930814,-0.2105788,0.002026663,0.9734867,350.0361,335.3775,2.418319,0.3445548,0.02472411,-0.9384403,0,0,0,0.8725708,0.3102007,-2.729425,-0.03199445,0.01218407,1.148004,0.911305,0.04155866,0.4096294,0.03366693,0.9840399,-0.1747341,-0.4103533,0.173027,0.8953612,moving,-28.01563,7.948561,-1.596399,0.6080722,-1.968044246032422,2.364821879010896,27.420039067336987,1.7956307035700256,27.11629261289878
1343,05/15/2023 18:38:12.882580,1526,True,True,True,True,Eyes,1.369451,0.0995696,-3.726996,-0.4654306,0.1247277,0.8762519,0.0,0.0,0.0,0.0,0.0,0.0,0.0,0.2771237,-0.808202,3.894758,1.372546,0.1011744,-3.742327,-0.09038332,-0.2104854,0.001860657,0.9734081,349.9111,335.3828,2.425801,0.3445759,0.02475481,-0.9384317,0,0,0,0.873521,0.3133217,-2.728899,-0.03102599,0.01238485,1.148893,0.9113849,0.04167109,0.40944,0.03442637,0.9836548,-0.176743,-0.4101126,0.1751764,0.8950535,moving,-27.97549,8.101194,-1.546904,0.6176139,-1.976670577054888,2.387113362599022,27.46769245991574,1.8209414210489319,27.15320973056655
1344,05/15/2023 18:38:12.902567,1527,True,True,True,True,Eyes,1.369632,0.09973179,-3.727233,-0.464669,0.1271814,0.8763034,0.0,0.0,0.0,0.0,0.0,0.0,0.0,0.2748228,-0.8205913,3.892529,1.372651,0.1015797,-3.742484,-0.0918977,-0.2102216,0.001647793,0.9733238,349.7351,335.4056,2.437301,0.344597,0.0247862,-0.9384232,0,0,0,0.874427,0.3162975,-2.728397,-0.03051507,0.01132281,1.149628,0.9116083,0.04184544,0.4089245,0.0354301,0.9831042,-0.1795852,-0.4095302,0.1781996,0.8947234,moving,-27.93524,8.257904,-1.52047,0.5642943,-1.9855974376153749,2.409991867885618,27.512391832932924,1.903403017051704,27.18531730469793
1345,05/15/2023 18:38:12.912964,1528,True,True,True,True,Eyes,1.369818,0.09989699,-3.727466,-0.4639116,0.1296701,0.8763399,0.0,0.0,0.0,0.0,0.0,0.0,0.0,0.2711563,-0.8364797,3.889661,1.37274,0.1018515,-3.742712,-0.09384634,-0.2097657,0.001182187,0.9732367,349.5036,335.4506,2.429025,0.344618,0.02481834,-0.9384146,0,0,0,0.8753473,0.3193204,-2.727886,-0.03042573,0.009319678,1.150458,0.9119939,0.04167258,0.4080815,0.03707039,0.982383,-0.1831654,-0.4085252,0.1821734,0.8943824,moving,-27.89558,8.416856,-1.514927,0.464134,-1.9947369622175717,2.433187499738034,27.553305426313063,2.026669505537059,27.212184865741065
1346,05/15/2023 18:38:12.932895,1529,True,True,True,True,Eyes,1.369998,0.1000619,-3.7277,-0.4631528,0.1322264,0.8763593,0.0,0.0,0.0,0.0,0.0,0.0,0.0,0.2677572,-0.8492802,3.8874,1.372705,0.1020508,-3.743009,-0.0954255,-0.2093305,0.000858662,0.9731773,349.3172,335.4943,2.427563,0.3446392,0.02485125,-0.9384059,0,0,0,0.8762357,0.3222387,-2.727394,-0.03016663,0.00817658,1.151288,0.91236,0.0416222,0.4072675,0.03827966,0.9817865,-0.1860913,-0.4075952,0.1853724,0.8941495,moving,-27.85629,8.580155,-1.50095,0.4069144,-2.0042324254311,2.457004770264012,27.59358273985255,2.1109627486047797,27.23880500167099
1347,05/15/2023 18:38:12.952847,1530,True,True,True,True,Eyes,1.370185,0.1002284,-3.727924,-0.4624134,0.1347781,0.8763611,0.0,0.0,0.0,0.0,0.0,0.0,0.0,0.2640739,-0.8662307,3.88416,1.372726,0.10217,-3.743257,-0.09759831,-0.2089202,0.00086019,0.9730501,349.0719,335.5273,2.478163,0.3446602,0.02488484,-0.9383973,0,0,0,0.8772265,0.3254931,-2.726845,-0.0296813,0.006272033,1.1522,0.9127033,0.04245452,0.4064116,0.03910649,0.9809476,-0.1902955,-0.4067473,0.1895767,0.8936539,moving,-27.81845,8.74318,-1.475644,0.3118881,-2.0138128080872075,2.4807699815531024,27.659177700297626,2.2346530563215694,27.289811906735363
1348,05/15/2023 18:38:12.962278,1531,True,True,True,True,Eyes,1.370365,0.1003941,-3.728149,-0.4616887,0.1373373,0.8763458,0.0,0.0,0.0,0.0,0.0,0.0,0.0,0.2607342,-0.8797348,3.881478,1.372649,0.1023369,-3.743413,-0.09932247,-0.2085343,0.0008517455,0.9729583,348.8769,335.5605,2.516466,0.3446814,0.02491908,-0.9383886,0,0,0,0.8780822,0.3283038,-2.72637,-0.029284,0.004912287,1.152889,0.9130254,0.0430817,0.4056211,0.03976686,0.9802687,-0.1936285,-0.4059595,0.192918,0.893297,moving,-27.78178,8.906713,-1.455031,0.2441272,-2.0235168889941573,2.5045979915594856,27.715304538311727,2.3308591560793728,27.331674925205395
1349,05/15/2023 18:38:12.982590,1532,True,True,True,True,Eyes,1.370547,0.1005563,-3.728366,-0.4609573,0.139821,0.8763381,0.0,0.0,0.0,0.0,0.0,0.0,0.0,0.2590494,-0.8910022,3.879292,1.372677,0.1024561,-3.743682,-0.1007659,-0.2083588,0.0008984204,0.9728474,348.7152,335.5701,2.556312,0.3447027,0.02495389,-0.9383799,0,0,0,0.8790016,0.3313237,-2.725861,-0.02835679,0.004417583,1.153791,0.9131716,0.04373898,0.4052216,0.04024287,0.9796908,-0.1964341,-0.4055837,0.1956853,0.8928657,moving,-27.74455,9.065214,-1.407878,0.2193705,-2.0327993463960667,2.5277075560618405,27.78253478828158,2.391431925347179,27.386003718993884
1350,05/15/2023 18:38:13.002534,1533,True,True,True,True,Eyes,1.370723,0.1007122,-3.728579,-0.4602344,0.1422809,0.8763221,0.0,0.0,0.0,0.0,0.0,0.0,0.0,0.2565168,-0.9024392,3.876924,1.372714,0.1025066,-3.743779,-0.1022845,-0.2081219,0.001212785,0.9727393,348.5515,335.5833,2.627757,0.344724,0.02498913,-0.9383711,0,0,0,0.8799506,0.3344409,-2.725335,-0.02754013,0.004087716,1.154584,0.9133676,0.04493475,0.4046487,0.04021585,0.9790728,-0.1994971,-0.4051448,0.1984875,0.8924463,moving,-27.70794,9.222153,-1.36641,0.2028506,-2.0420087694956317,2.550587167780625,27.842845014896483,2.443010578986174,27.433552863268844
1351,05/15/2023 18:38:13.012972,1534,True,True,True,True,Eyes,1.370879,0.100872,-3.728801,-0.4594584,0.1446124,0.8763477,0.0,0.0,0.0,0.0,0.0,0.0,0.0,0.2539901,-0.9101642,3.875386,1.372751,0.1024895,-3.743872,-0.103309,-0.2078537,0.001362272,0.9726882,348.4391,335.6057,2.667547,0.3447453,0.02502461,-0.9383623,0,0,0,0.8808438,0.3373748,-2.724839,-0.02692924,0.004670367,1.155347,0.91359,0.04559645,0.4040723,0.04029619,0.9786508,-0.2015413,-0.4046351,0.2004086,0.8922482,moving,-27.66747,9.370343,-1.335229,0.2316109,-2.05027481132425,2.572242863312221,27.872985855082902,2.4474166992915563,27.452515536914774
1352,05/15/2023 18:38:13.032763,1535,True,True,True,True,Eyes,1.371027,0.101026,-3.729018,-0.4586923,0.1469851,0.8763543,0.0,0.0,0.0,0.0,0.0,0.0,0.0,0.2515759,-0.9146935,3.874885,1.372862,0.1030645,-3.744238,-0.1038057,-0.2075559,0.001282665,0.972699,348.3805,335.6381,2.667509,0.3447661,0.02506038,-0.9383537,0,0,0,0.8817666,0.3404058,-2.724328,-0.02641499,0.005781397,1.156282,0.9138378,0.04558626,0.4035125,0.04059568,0.9784455,-0.2024758,-0.4040451,0.2014109,0.8922898,moving,-27.62799,9.52122,-1.308681,0.2864759,-2.058816340883639,2.5942761574356865,27.892409806790912,2.4266530567559164,27.46095446848729
1353,05/15/2023 18:38:13.052864,1536,True,True,True,True,Eyes,1.371175,0.1011887,-3.729231,-0.4579395,0.1492962,0.8763573,0.0,0.0,0.0,0.0,0.0,0.0,0.0,0.2493318,-0.9280944,3.871897,1.37282,0.1030474,-3.74431,-0.1055309,-0.2073045,0.001185351,0.9725671,348.1834,335.6556,2.697161,0.3447864,0.02509629,-0.9383453,0,0,0,0.8826994,0.3434696,-2.723811,-0.02567431,0.004770219,1.157046,0.9140469,0.04605972,0.402985,0.04144841,0.9777236,-0.2057631,-0.4034854,0.2047802,0.8917761,moving,-27.58927,9.66809,-1.271158,0.2362152,-2.0671100013114927,2.6157268115296857,27.95716869583576,2.509106434130759,27.512708276866505
1354,05/15/2023 18:38:13.062751,1537,True,True,True,True,Eyes,1.37132,0.1013469,-3.729442,-0.4572004,0.1515887,0.8763496,0.0,0.0,0.0,0.0,0.0,0.0,0.0,0.2478256,-0.9380678,3.869703,1.372801,0.1031122,-3.744432,-0.1068142,-0.2071453,0.001187344,0.9724609,348.0385,335.6643,2.728014,0.3448061,0.02513254,-0.9383371,0,0,0,0.8835984,0.3464226,-2.723313,-0.02475847,0.004604518,1.15783,0.9141788,0.04656142,0.4026277,0.04194285,0.9771786,-0.2082372,-0.4031351,0.2072534,0.8913631,moving,-27.5515,9.813766,-1.224998,0.2278556,-2.075382523199925,2.636997528041052,28.017394342672773,2.55482262921388,27.56092384002963
1355,05/15/2023 18:38:13.082442,1538,True,True,True,True,Eyes,1.371449,0.1015082,-3.729651,-0.4564409,0.1537687,0.8763658,0.0,0.0,0.0,0.0,0.0,0.0,0.0,0.2458717,-0.9456061,3.868141,1.37287,0.1031408,-3.74456,-0.1077977,-0.2069411,0.001262014,0.9723959,347.9291,335.6798,2.758949,0.3448253,0.02516898,-0.938329,0,0,0,0.8845204,0.349451,-2.722801,-0.02399106,0.005255803,1.15868,0.9143475,0.0470699,0.4021853,0.0421612,0.9767562,-0.2101663,-0.4027295,0.2091216,0.8911101,moving,-27.51202,9.951915,-1.186169,0.2598933,-2.082960805743657,2.657201198383909,28.053265683472073,2.5595547859936194,27.586217428277244
1356,05/15/2023 18:38:13.102518,1539,True,True,True,True,Eyes,1.371579,0.1016723,-3.729851,-0.4556603,0.1559505,0.8763865,0.0,0.0,0.0,0.0,0.0,0.0,0.0,0.2425755,-0.9503242,3.867262,1.373013,0.103404,-3.744572,-0.1083964,-0.2065793,0.001366825,0.972406,347.8633,335.7169,2.78153,0.3448437,0.02520568,-0.9383213,0,0,0,0.8854212,0.3524098,-2.722302,-0.0237575,0.006529987,1.159387,0.9146462,0.04744311,0.4014615,0.04212669,0.9764968,-0.2113753,-0.4020542,0.2102459,0.8911505,moving,-27.47131,10.09,-1.173909,0.3227023,-2.090444619721187,2.6774064184659325,28.052689776832924,2.5267902619208673,27.57547863411601
1357,05/15/2023 18:38:13.112668,1540,True,True,True,True,Eyes,1.371707,0.1018266,-3.730042,-0.454867,0.1580239,0.8764272,0.0,0.0,0.0,0.0,0.0,0.0,0.0,0.2369484,-0.959163,3.865466,1.373154,0.1036148,-3.744553,-0.1095068,-0.2059133,0.00122717,0.9724231,347.7329,335.7888,2.785325,0.3448614,0.02524269,-0.9383138,0,0,0,0.8863667,0.3555154,-2.721778,-0.02422829,0.006725565,1.160108,0.9151964,0.04748445,0.4002008,0.04271115,0.9760135,-0.2134792,-0.4007384,0.2124684,0.891216,moving,-27.42938,10.22088,-1.19642,0.3321605,-2.097294267413784,2.6965865968522387,28.034888330636885,2.530234221008844,27.546637687275233
1358,05/15/2023 18:38:13.132626,1541,True,True,True,True,Eyes,1.371839,0.1019734,-3.730229,-0.4540549,0.1600397,0.8764824,0.0,0.0,0.0,0.0,0.0,0.0,0.0,0.2315032,-0.9628156,3.864865,1.373175,0.1035337,-3.744524,-0.1099638,-0.2052197,0.0009551467,0.9725183,347.6729,335.8708,2.757004,0.3448787,0.02527972,-0.9383065,0,0,0,0.8872654,0.3584673,-2.72128,-0.02477671,0.008482873,1.160794,0.9157679,0.04699128,0.3989499,0.04327568,0.9758142,-0.2142756,-0.3993701,0.2134916,0.8915857,moving,-27.38607,10.34782,-1.222771,0.4186996,-2.103745183415193,2.715212468889906,27.984024844205255,2.4596924337853734,27.486717916136392
1359,05/15/2023 18:38:13.152640,1542,True,True,True,True,Eyes,1.371976,0.1021288,-3.730412,-0.4531871,0.1619579,0.8765792,0.0,0.0,0.0,0.0,0.0,0.0,0.0,0.2260941,-0.9650712,3.864771,1.373381,0.1034956,-3.744604,-0.1102543,-0.2045631,0.0008524607,0.9726239,347.6359,335.9479,2.744177,0.3448956,0.02531661,-0.9382992,0,0,0,0.888204,0.3615505,-2.720759,-0.02527945,0.01075667,1.161675,0.9163064,0.0467662,0.397738,0.04344971,0.9756865,-0.2148208,-0.398114,0.2141233,0.8919957,moving,-27.33875,10.46799,-1.246628,0.5305222,-2.109391557729395,2.732900212841413,27.920460181360205,2.365339271223723,27.41528787321538
1360,05/15/2023 18:38:13.172917,1543,True,True,True,True,Eyes,1.372118,0.1022784,-3.730587,-0.4522738,0.1638943,0.876691,0.0,0.0,0.0,0.0,0.0,0.0,0.0,0.2179681,-0.9669557,3.864986,1.37358,0.103858,-3.744746,-0.1104263,-0.2035439,0.0005861078,0.9728183,347.6073,336.0711,2.704974,0.3449123,0.02535357,-0.9382921,0,0,0,0.8890917,0.364466,-2.720267,-0.02674636,0.0126725,1.162465,0.9171391,0.04609355,0.395893,0.04381285,0.9756114,-0.215088,-0.396152,0.2146109,0.8927518,moving,-27.28864,10.58902,-1.318046,0.6245794,-2.114899720373382,2.750735963276984,27.81657472054682,2.270576486982699,27.302682329698246
1361,05/15/2023 18:38:13.182477,1544,True,True,True,True,Eyes,1.372277,0.1024261,-3.730749,-0.4513196,0.1657766,0.8768288,0.0,0.0,0.0,0.0,0.0,0.0,0.0,0.2100201,-0.9754034,3.863354,1.373791,0.1038589,-3.744721,-0.1115086,-0.2025864,0.0003819707,0.9728948,347.4778,336.1788,2.696334,0.344929,0.02539045,-0.9382849,0,0,0,0.8902246,0.3681874,-2.719639,-0.02774359,0.0136943,1.163418,0.9179172,0.0459235,0.3941054,0.04443704,0.9751314,-0.2171271,-0.3942758,0.2168175,0.8930491,moving,-27.2357,10.70619,-1.366052,0.674383,-2.1199095500859086,2.7680415795004407,27.746636540834153,2.225243234645897,27.223580137534835
1362,05/15/2023 18:38:13.202566,1545,True,True,True,True,Eyes,1.372445,0.1025782,-3.730906,-0.4503213,0.1676454,0.8769867,0.0,0.0,0.0,0.0,0.0,0.0,0.0,0.2025344,-0.9789991,3.862896,1.373926,0.1039524,-3.744722,-0.1118903,-0.2016073,-0.000212497,0.9730546,347.418,336.2996,2.625191,0.3449463,0.02542723,-0.9382776,0,0,0,0.891048,0.3708917,-2.719183,-0.02927205,0.01504603,1.164077,0.9187089,0.04470227,0.3923974,0.04552937,0.974961,-0.2176651,-0.3923022,0.2178365,0.8936701,moving,-27.17991,10.82214,-1.440465,0.7405235,-2.1246193830841102,2.785196730863804,27.643408258771156,2.156097363502916,27.111451787986816
1363,05/15/2023 18:38:13.212428,1546,True,True,True,True,Eyes,1.372615,0.1027379,-3.731055,-0.4492887,0.1695483,0.8771505,0.0,0.0,0.0,0.0,0.0,0.0,0.0,0.1937303,-0.9848911,3.862027,1.374278,0.1041985,-3.744769,-0.1125946,-0.2005343,-0.0005089251,0.9731949,347.3287,336.4253,2.594676,0.3449642,0.02546401,-0.93827,0,0,0,0.8918544,0.3735407,-2.718736,-0.0311299,0.01560083,1.164822,0.9195715,0.04416758,0.3904324,0.04614872,0.9746444,-0.2189489,-0.3902032,0.2193571,0.894217,moving,-27.12216,10.94003,-1.530867,0.767335,-2.1293332168481545,2.802647882686391,27.539026870513673,2.1214759822203333,26.9969667954359
1364,05/15/2023 18:38:13.232449,1547,True,True,True,True,Eyes,1.372787,0.102889,-3.731198,-0.4482075,0.1714638,0.8773314,0.0,0.0,0.0,0.0,0.0,0.0,0.0,0.1834662,-0.9948066,3.86003,1.374404,0.1045322,-3.74476,-0.1137628,-0.1992216,-0.001164279,0.9733281,347.1781,336.5804,2.531165,0.3449828,0.02550101,-0.9382622,0,0,0,0.8927783,0.3765752,-2.718224,-0.03330041,0.01521976,1.165506,0.9206188,0.04306158,0.3880809,0.0475945,0.9741133,-0.2209932,-0.3875511,0.221921,0.8947375,moving,-27.0614,11.05838,-1.636588,0.7481543,-2.133862536690877,2.8201914645110278,27.43577626421903,2.1308730548664854,26.882408582190173
1365,05/15/2023 18:38:13.252320,1548,True,True,True,True,Eyes,1.372974,0.1030394,-3.731325,-0.4471236,0.1734095,0.877502,0.0,0.0,0.0,0.0,0.0,0.0,0.0,0.1737912,-1.003096,3.858382,1.374571,0.1044626,-3.744751,-0.1148369,-0.1980396,-0.001372788,0.9734429,347.049,336.7153,2.517774,0.3450022,0.02553797,-0.9382541,0,0,0,0.8937053,0.3796203,-2.71771,-0.03505412,0.01568046,1.166312,0.9215569,0.04281185,0.3858756,0.04815718,0.9736212,-0.2230306,-0.3852451,0.2241181,0.8951856,moving,-27.00072,11.1786,-1.721536,0.7702654,-2.1385392062285846,2.8380031558220544,27.338079172674387,2.1093674646341127,26.774286141803692
1366,05/15/2023 18:38:13.262907,1549,True,True,True,True,Eyes,1.373163,0.1031913,-3.731453,-0.4460147,0.1753556,0.8776795,0.0,0.0,0.0,0.0,0.0,0.0,0.0,0.1643614,-1.012987,3.856181,1.374739,0.1045647,-3.744658,-0.1161247,-0.1969194,-0.001420409,0.9735172,346.8996,336.8391,2.528538,0.3450227,0.02557489,-0.9382455,0,0,0,0.8945903,0.382527,-2.717219,-0.03669643,0.01544979,1.166982,0.9224415,0.04296883,0.3837387,0.04849999,0.9730261,-0.2255394,-0.3830789,0.2266582,0.8954756,moving,-26.93853,11.29861,-1.801105,0.7585,-2.143089955553408,2.8557978567380866,27.257733846428337,2.1249969434573406,26.6827878260429
1367,05/15/2023 18:38:13.282816,1550,True,True,True,True,Eyes,1.373359,0.1033454,-3.731575,-0.4449341,0.1773074,0.8778359,0.0,0.0,0.0,0.0,0.0,0.0,0.0,0.1565998,-1.02077,3.854657,1.374972,0.1047363,-3.744778,-0.1171326,-0.1960075,-0.001387723,0.9735806,346.7841,336.9392,2.54427,0.3450443,0.02561183,-0.9382366,0,0,0,0.8955305,0.3856154,-2.716698,-0.03775242,0.01593871,1.167915,0.9231582,0.04321563,0.3819833,0.04861988,0.9725561,-0.2275321,-0.3813331,0.2286201,0.895722,moving,-26.87832,11.41911,-1.851421,0.7818759,-2.1478220622988813,2.873645689898788,27.19368351022722,2.112665246475439,26.60851132237282
1368,05/15/2023 18:38:13.292367,1551,True,True,True,True,Eyes,1.373555,0.1035008,-3.731688,-0.4438245,0.1792245,0.8780082,0.0,0.0,0.0,0.0,0.0,0.0,0.0,0.151459,-1.030252,3.852446,1.375196,0.1049299,-3.744799,-0.1182629,-0.1953456,-0.001960537,0.973576,346.6416,337.0164,2.496911,0.345067,0.02564881,-0.9382272,0,0,0,0.8964351,0.3885866,-2.716197,-0.03847007,0.01569772,1.168747,0.9236725,0.04238681,0.3808312,0.05002175,0.9720201,-0.2295099,-0.3799039,0.2310418,0.895708,moving,-26.81615,11.53708,-1.885248,0.7695069,-2.152219883028299,2.891146970226811,27.15677641027093,2.1383710094180812,26.560959039914895
1369,05/15/2023 18:38:13.312484,1552,True,True,True,True,Eyes,1.373757,0.103655,-3.731796,-0.4427249,0.1811589,0.8781663,0.0,0.0,0.0,0.0,0.0,0.0,0.0,0.1445058,-1.034114,3.85164,1.375387,0.1051159,-3.744686,-0.1186751,-0.1944466,-0.00249783,0.9737046,346.5804,337.1272,2.43274,0.3450908,0.02568589,-0.9382175,0,0,0,0.8973343,0.3915401,-2.715698,-0.03981674,0.01715609,1.169405,0.9243686,0.04128763,0.3792599,0.05101625,0.97182,-0.2301376,-0.3780743,0.2320803,0.8962135,moving,-26.75482,11.65616,-1.950094,0.8405138,-2.156762915234101,2.908800469573011,27.060166937006326,2.0785864879906866,26.455171580240084
1370,05/15/2023 18:38:13.332414,1553,True,True,True,True,Eyes,1.373962,0.1038028,-3.7319,-0.4416153,0.183077,0.8783273,0.0,0.0,0.0,0.0,0.0,0.0,0.0,0.1396427,-1.042754,3.849619,1.375463,0.1052237,-3.744788,-0.119711,-0.1937989,-0.003030077,0.9737054,346.4496,337.2031,2.387549,0.3451159,0.02572303,-0.9382072,0,0,0,0.89824,0.3945152,-2.715196,-0.0403301,0.01722002,1.170285,0.9248656,0.04049893,0.3781315,0.05230055,0.9713202,-0.231952,-0.3766807,0.234301,0.8962225,moving,-26.69285,11.77405,-1.973733,0.8430114,-2.16116925479876,2.926288502162202,27.02817696653585,2.0916920982798417,26.412928337266482
1371,05/15/2023 18:38:13.342718,1554,True,True,True,True,Eyes,1.374171,0.1039449,-3.731997,-0.4404045,0.1852127,0.8784874,0.0,0.0,0.0,0.0,0.0,0.0,0.0,0.1343497,-1.048442,3.848343,1.375716,0.1052122,-3.744778,-0.1204042,-0.1931352,-0.003405205,0.9737505,346.3611,337.2816,2.351739,0.345142,0.02576005,-0.9381965,0,0,0,0.8991566,0.3975257,-2.714688,-0.04104596,0.01831985,1.171161,0.9253744,0.03987693,0.3769509,0.05314021,0.9709824,-0.233172,-0.3753109,0.2358027,0.8964032,moving,-26.62559,11.90539,-2.007237,0.8961739,-2.166208021145801,2.945756176595725,26.96787243312138,2.0557381385038935,26.342209612531665
1372,05/15/2023 18:38:13.362790,1555,True,True,True,True,Eyes,1.374378,0.1040797,-3.73209,-0.4391842,0.1872872,0.8786585,0.0,0.0,0.0,0.0,0.0,0.0,0.0,0.1278079,-1.054577,3.846913,1.375839,0.1051893,-3.744757,-0.121187,-0.192326,-0.003616752,0.9738128,346.2658,337.3748,2.334618,0.3451694,0.02579683,-0.9381855,0,0,0,0.9000899,0.4005914,-2.714171,-0.04191232,0.01937738,1.171997,0.9259953,0.03957077,0.3754556,0.05365893,0.9706012,-0.2346358,-0.3737025,0.2374182,0.8966488,moving,-26.55749,12.0326,-2.048108,0.9472216,-2.170873024320412,2.964637513232203,26.89972900036561,2.0211477477312036,26.26393177234824
1373,05/15/2023 18:38:13.382563,1556,True,True,True,True,Eyes,1.374579,0.1042107,-3.732183,-0.437957,0.1894474,0.8788078,0.0,0.0,0.0,0.0,0.0,0.0,0.0,0.1220616,-1.056628,3.846593,1.375984,0.1051464,-3.744763,-0.1214302,-0.1915981,-0.003868486,0.9739251,346.2309,337.463,2.301054,0.3451978,0.02583322,-0.938174,0,0,0,0.9010018,0.4035867,-2.713665,-0.0426771,0.02159423,1.172839,0.9265504,0.03899637,0.3741438,0.05406682,0.9704794,-0.2350455,-0.3722648,0.2380103,0.8970897,moving,-26.48954,12.16527,-2.083952,1.054807,-2.17596216674138,2.9843024026934817,26.815575953167837,1.9316879612916413,26.17040309807638
1374,05/15/2023 18:38:13.392573,1557,True,True,True,True,Eyes,1.374782,0.1043521,-3.732292,-0.4367422,0.1915746,0.8789514,0.0,0.0,0.0,0.0,0.0,0.0,0.0,0.116174,-1.058828,3.846271,1.376038,0.105176,-3.744846,-0.1217096,-0.1908633,-0.003950692,0.9740341,346.1957,337.5496,2.287654,0.345227,0.02586916,-0.9381623,0,0,0,0.9019483,0.4066956,-2.71314,-0.0432492,0.02384099,1.173734,0.9271111,0.03876355,0.3727763,0.054156,0.9703424,-0.2355904,-0.370853,0.2386066,0.897516,moving,-26.42232,12.29578,-2.110254,1.163637,-2.180941033848654,3.00365041675606,26.739505622969265,1.8413706934228726,26.085244856578637
1375,05/15/2023 18:38:13.412272,1558,True,True,True,True,Eyes,1.374989,0.104493,-3.732397,-0.435583,0.193819,0.8790344,0.0,0.0,0.0,0.0,0.0,0.0,0.0,0.1120929,-1.064577,3.845365,1.376291,0.1055841,-3.745317,-0.1224129,-0.1903926,-0.003874705,0.9740384,346.1167,337.5992,2.306226,0.3452569,0.02590494,-0.9381503,0,0,0,0.9028753,0.4097406,-2.712627,-0.04319373,0.0246495,1.174994,0.9274713,0.0390648,0.3718479,0.05416125,0.9700001,-0.2369944,-0.3699507,0.2399452,0.8975315,moving,-26.35954,12.43424,-2.105291,1.201798,-2.186845076646536,3.0241024234812204,26.728942138389332,1.8241284163284373,26.063377342590893
1376,05/15/2023 18:38:13.432712,1559,True,True,True,True,Eyes,1.375198,0.1046363,-3.732502,-0.4344424,0.196065,0.8791009,0.0,0.0,0.0,0.0,0.0,0.0,0.0,0.1077357,-1.074645,3.842802,1.376282,0.1056614,-3.745434,-0.1237487,-0.189898,-0.003723234,0.9739667,345.9677,337.6455,2.34802,0.3452875,0.02594057,-0.9381381,0,0,0,0.9037615,0.4126514,-2.712135,-0.04304869,0.02432409,1.175916,0.9278498,0.03974666,0.3708301,0.05425188,0.9693448,-0.2396403,-0.3689871,0.2424684,0.8972501,moving,-26.2981,12.57285,-2.096584,1.185007,-2.1928581116880457,3.04456428144306,26.746894116717648,1.8620477941098144,26.068786379627003
1377,05/15/2023 18:38:13.452488,1560,True,True,True,True,Eyes,1.375404,0.1047888,-3.732611,-0.4333622,0.1983459,0.8791224,0.0,0.0,0.0,0.0,0.0,0.0,0.0,0.1039968,-1.084115,3.840448,1.376503,0.1058064,-3.745558,-0.1250127,-0.1895209,-0.003463457,0.9738797,345.8295,337.6767,2.402226,0.3453188,0.02597612,-0.9381256,0,0,0,0.9047294,0.4158304,-2.711599,-0.04270004,0.02438232,1.177003,0.9281396,0.04063907,0.3700072,0.05413105,0.9687197,-0.2421819,-0.3682753,0.2448075,0.8969072,moving,-26.24093,12.71409,-2.0777,1.186747,-2.199381320967062,3.0653668787446477,26.772024963990845,1.882556504513701,26.08150230375843
1378,05/15/2023 18:38:13.463006,1561,True,True,True,True,Eyes,1.37561,0.1049332,-3.732714,-0.4322923,0.2006608,0.8791238,0.0,0.0,0.0,0.0,0.0,0.0,0.0,0.1011591,-1.092314,3.838427,1.376674,0.1061487,-3.745718,-0.1260705,-0.1892337,-0.003286192,0.9737998,345.713,337.6998,2.443369,0.3453506,0.02601183,-0.9381129,0,0,0,0.9056157,0.4187416,-2.711107,-0.04223253,0.02441233,1.177986,0.9283596,0.04131338,0.36938,0.05411376,0.9681908,-0.2442911,-0.3677228,0.2467786,0.8965936,moving,-26.18477,12.85755,-2.053259,1.187216,-2.2061461330297494,3.086479769559751,26.805344967276152,1.9054073952329382,26.10216914416858
1379,05/15/2023 18:38:13.482710,1562,True,True,True,True,Eyes,1.375828,0.1050757,-3.732812,-0.4312717,0.2029514,0.8790992,0.0,0.0,0.0,0.0,0.0,0.0,0.0,0.09793168,-1.10455,3.835044,1.376892,0.1060734,-3.745679,-0.1276497,-0.188863,-0.003523243,0.9736653,345.528,337.7343,2.4479,0.3453829,0.02604749,-0.9380999,0,0,0,0.9065355,0.4217631,-2.710598,-0.04212171,0.02356932,1.178964,0.9286367,0.04135569,0.3686782,0.05507755,0.9673862,-0.2472453,-0.3668793,0.249907,0.8960727,moving,-26.13181,12.99971,-2.046178,1.145279,-2.213045732868899,3.1073778215947363,26.844835689070347,1.9691817148186856,26.127959840341013
1380,05/15/2023 18:38:13.502805,1563,True,True,True,True,Eyes,1.37604,0.1052169,-3.732918,-0.4302677,0.2052295,0.8790623,0.0,0.0,0.0,0.0,0.0,0.0,0.0,0.09400105,-1.106628,3.834704,1.376976,0.1061411,-3.74581,-0.1278645,-0.1883359,-0.003845909,0.973738,345.4952,337.8001,2.407831,0.3454159,0.02608304,-0.9380867,0,0,0,0.9075251,0.4250135,-2.710049,-0.04225038,0.0258922,1.180003,0.9290296,0.04067314,0.367763,0.05565275,0.9672717,-0.2475644,-0.365796,0.2504617,0.8963606,moving,-26.08,13.14113,-2.050617,1.25701,-2.219973125787208,3.12815944970823,26.80752796389643,1.8787979562701957,26.08016636242608
1381,05/15/2023 18:38:13.512359,1564,True,True,True,True,Eyes,1.376239,0.1053597,-3.733035,-0.4292876,0.2075218,0.8790033,0.0,0.0,0.0,0.0,0.0,0.0,0.0,0.09137678,-1.11471,3.832717,1.377065,0.1062326,-3.746072,-0.1289153,-0.1880397,-0.003803771,0.9736567,345.3763,337.8262,2.432962,0.3454494,0.02611848,-0.9380734,0,0,0,0.908375,0.427805,-2.709578,-0.04177113,0.02596313,1.181093,0.9292532,0.04107524,0.3671531,0.05588952,0.9667329,-0.2496079,-0.3651916,0.2524689,0.8960438,moving,-26.02995,13.28359,-2.025507,1.25929,-2.2271074692761355,3.1490751941273976,26.847664222986865,1.9005080450120393,26.10758530484538
1382,05/15/2023 18:38:13.532680,1565,True,True,True,True,Eyes,1.376437,0.1055043,-3.733154,-0.4283213,0.2098282,0.8789271,0.0,0.0,0.0,0.0,0.0,0.0,0.0,0.09034657,-1.122218,3.830882,1.377236,0.1063976,-3.746343,-0.1298739,-0.1879471,-0.003779978,0.9735474,345.268,337.8288,2.456914,0.345483,0.02615383,-0.93806,0,0,0,0.9092886,0.4308059,-2.709071,-0.04081574,0.02633819,1.182281,0.9293233,0.04145887,0.3669325,0.0561788,0.9662369,-0.251456,-0.3649688,0.2542977,0.8956174,moving,-25.98103,13.42703,-1.977229,1.276192,-2.234398317041372,3.170121935872276,26.90400205452425,1.9113101945055098,26.151581416478795
1383,05/15/2023 18:38:13.552370,1566,True,True,True,True,Eyes,1.376623,0.1056573,-3.733279,-0.4273835,0.212159,0.8788242,0.0,0.0,0.0,0.0,0.0,0.0,0.0,0.0887838,-1.132722,3.828063,1.377398,0.1065655,-3.746522,-0.1311437,-0.1877196,-0.004284898,0.973419,345.1124,337.8526,2.42519,0.3455167,0.02618917,-0.9380467,0,0,0,0.9102566,0.4339854,-2.708535,-0.04030287,0.02590525,1.183447,0.929486,0.04089447,0.3665836,0.05757849,0.965566,-0.2537067,-0.3643358,0.2569242,0.8951254,moving,-25.93425,13.57222,-1.950483,1.253985,-2.241977536780737,3.1914015339433464,26.96219562694244,1.9592222668625596,26.196152642405266
1384,05/15/2023 18:38:13.562817,1567,True,True,True,True,Eyes,1.376808,0.1058006,-3.733404,-0.4264766,0.2145005,0.8786963,0.0,0.0,0.0,0.0,0.0,0.0,0.0,0.08738613,-1.142864,3.825288,1.377394,0.1068954,-3.746726,-0.1323604,-0.1875041,-0.004702554,0.9732937,344.9647,337.8741,2.402388,0.34555,0.02622468,-0.9380334,0,0,0,0.9111581,0.4369465,-2.708035,-0.03966139,0.02527353,1.184473,0.9296402,0.0404823,0.366238,0.05879016,0.9649172,-0.2558876,-0.3637482,0.2594146,0.8946459,moving,-25.88969,13.7183,-1.9178,1.222355,-2.24978587351034,3.212789665950739,27.033315586792625,2.017930816363349,26.253351882163408
1385,05/15/2023 18:38:13.582680,1568,True,True,True,True,Eyes,1.37698,0.1059404,-3.733537,-0.4255893,0.2167926,0.878564,0.0,0.0,0.0,0.0,0.0,0.0,0.0,0.08682132,-1.153237,3.822363,1.377516,0.1067801,-3.746865,-0.1337273,-0.18747,-0.004732649,0.9731134,344.809,337.867,2.430691,0.345583,0.02626013,-0.9380203,0,0,0,0.9120492,0.4398737,-2.707541,-0.03857312,0.02488527,1.185621,0.9296652,0.0409289,0.366125,0.05935057,0.9641892,-0.2584891,-0.3635935,0.2620381,0.893944,moving,-25.84623,13.86128,-1.86341,1.202418,-2.257439756710758,3.2337225658740927,27.11867331355728,2.069168356735255,26.325524478339283
1386,05/15/2023 18:38:13.602722,1569,True,True,True,True,Eyes,1.37715,0.1060867,-3.733671,-0.4247205,0.2190817,0.8784167,0.0,0.0,0.0,0.0,0.0,0.0,0.0,0.08623904,-1.159282,3.820832,1.377698,0.106823,-3.747088,-0.1345494,-0.187468,-0.004479236,0.9730017,344.7214,337.8563,2.479377,0.3456154,0.02629541,-0.9380074,0,0,0,0.9129899,0.4429635,-2.70702,-0.03731509,0.02588412,1.186854,0.9296714,0.04173081,0.3660186,0.05916403,0.9637528,-0.2601542,-0.3636079,0.2635131,0.8935044,moving,-25.80409,14.00417,-1.800805,1.249367,-2.26518301178763,3.254630992318884,27.18166091981934,2.058331998663603,26.37672413079812
1387,05/15/2023 18:38:13.612777,1570,True,True,True,True,Eyes,1.37731,0.1062303,-3.733814,-0.4238435,0.2213394,0.8782741,0.0,0.0,0.0,0.0,0.0,0.0,0.0,0.08502096,-1.168345,3.818269,1.377801,0.1071062,-3.747216,-0.1356646,-0.1873167,-0.004705512,0.9728749,344.5895,337.8681,2.477252,0.3456472,0.02633072,-0.9379946,0,0,0,0.9138797,0.4458862,-2.706527,-0.03659834,0.02559298,1.18787,0.9297807,0.04166874,0.365748,0.05998025,0.9631459,-0.2622066,-0.3631946,0.2657323,0.8930151,moving,-25.76134,14.14492,-1.764728,1.234262,-2.2727198648000053,3.275237129278099,27.249265631783693,2.1032439737307556,26.431264807133974
1388,05/15/2023 18:38:13.642811,1571,True,True,True,True,Eyes,1.377466,0.1063684,-3.733962,-0.4229785,0.2235789,0.8781239,0.0,0.0,0.0,0.0,0.0,0.0,0.0,0.08411503,-1.174787,3.816597,1.377976,0.1071768,-3.74744,-0.1364448,-0.1871858,-0.005013139,0.9727893,344.4939,337.8816,2.458094,0.3456782,0.02636597,-0.9379822,0,0,0,0.9148002,0.4489095,-2.706016,-0.03587693,0.02630791,1.189075,0.9298726,0.04132761,0.3655527,0.06083453,0.9627154,-0.2635873,-0.3628168,0.2673409,0.8926885,moving,-25.71939,14.28456,-1.728211,1.267444,-2.2802310064513973,3.2956767144093666,27.295090744811553,2.1020119008518927,26.465052852121058
1389,05/15/2023 18:38:13.652533,1572,True,True,True,True,Eyes,1.377614,0.1065045,-3.734117,-0.4220947,0.225761,0.8779909,0.0,0.0,0.0,0.0,0.0,0.0,0.0,0.08244187,-1.181919,3.814732,1.378049,0.1071701,-3.747721,-0.1373335,-0.1869536,-0.005277297,0.9727077,344.3867,337.9057,2.444837,0.3457083,0.02640103,-0.9379702,0,0,0,0.9157283,0.451958,-2.705502,-0.03524442,0.02688247,1.190325,0.9300411,0.04108346,0.3651519,0.06161651,0.9622233,-0.2651975,-0.3622528,0.269144,0.8923757,moving,-25.67595,14.42028,-1.695979,1.293756,-2.287336914747349,3.3155658294977925,27.33760489661479,2.106518257691641,26.495804845768706
1390,05/15/2023 18:38:13.663039,1573,True,True,True,True,Eyes,1.377756,0.1066363,-3.734269,-0.4212248,0.2279615,0.87784,0.0,0.0,0.0,0.0,0.0,0.0,0.0,0.0809285,-1.187018,3.813478,1.378121,0.1072445,-3.747993,-0.1379817,-0.1867712,-0.00531706,0.9726507,344.3118,337.9225,2.4526,0.3457373,0.02643588,-0.9379585,0,0,0,0.9166447,0.4549681,-2.704994,-0.03445043,0.02801907,1.191533,0.9301766,0.04119874,0.3647935,0.06188531,0.9618655,-0.26643,-0.3618588,0.2704023,0.8921552,moving,-25.63367,14.55729,-1.656114,1.34707,-2.294624973901892,3.335630241587792,27.375775864467037,2.0885564627792186,26.522610503858246
1391,05/15/2023 18:38:13.682662,1574,True,True,True,True,Eyes,1.377919,0.1067715,-3.734423,-0.4203781,0.2300815,0.8776929,0.0,0.0,0.0,0.0,0.0,0.0,0.0,0.07882267,-1.197564,3.810287,1.378096,0.1072445,-3.748068,-0.1393681,-0.1865327,-0.005341977,0.9724987,344.1534,337.9392,2.478635,0.3457653,0.02647041,-0.9379472,0,0,0,0.9176531,0.4582805,-2.704435,-0.03358041,0.02783677,1.192686,0.9303541,0.04160329,0.3642946,0.06238358,0.9610959,-0.2690777,-0.3613166,0.2730636,0.8915641,moving,-25.59247,14.6892,-1.612753,1.337016,-2.3016057634696656,3.35495210050407,27.446450498560736,2.1322720828865545,26.58122793332217
1392,05/15/2023 18:38:13.702549,1575,True,True,True,True,Eyes,1.37808,0.1069138,-3.734579,-0.419535,0.2322108,0.8775355,0.0,0.0,0.0,0.0,0.0,0.0,0.0,0.07768953,-1.199588,3.810151,1.378309,0.1074419,-3.74847,-0.1396129,-0.1864212,-0.005240563,0.9724855,344.1275,337.9488,2.494309,0.3457929,0.02650475,-0.937936,0,0,0,0.918507,0.4610853,-2.703961,-0.03276335,0.0296292,1.193954,0.9304394,0.04186086,0.3640472,0.06224637,0.9609615,-0.2695891,-0.3611205,0.2734969,0.8915107,moving,-25.55168,14.82172,-1.571862,1.421562,-2.308662592481717,3.3743580624613188,27.46990909591963,2.0871721478224647,26.594307531156645
1393,05/15/2023 18:38:13.712809,1576,True,True,True,True,Eyes,1.378238,0.1070446,-3.73473,-0.4186694,0.2343159,0.8773893,0.0,0.0,0.0,0.0,0.0,0.0,0.0,0.07519895,-1.209123,3.80742,1.378403,0.1077366,-3.748664,-0.1407829,-0.1860988,-0.005520816,0.9723771,343.9877,337.9814,2.48421,0.3458199,0.0265391,-0.937925,0,0,0,0.9193963,0.4640062,-2.703468,-0.03244333,0.02913091,1.195052,0.9306736,0.04166244,0.3634709,0.06313573,0.9602994,-0.2717333,-0.3603618,0.2758431,0.8910949,moving,-25.50937,14.95247,-1.555087,1.396381,-2.315474712805144,3.3935228746323203,27.52408441746991,2.1369990971441557,26.636049623911433
1394,05/15/2023 18:38:13.732372,1577,True,True,True,True,Eyes,1.378394,0.1071803,-3.734886,-0.417809,0.2363752,0.877247,0.0,0.0,0.0,0.0,0.0,0.0,0.0,0.07169503,-1.217121,3.804971,1.378412,0.1075706,-3.748698,-0.1418557,-0.1856787,-0.005575549,0.9723011,343.8637,338.0231,2.49618,0.3458464,0.02657316,-0.9379143,0,0,0,0.920316,0.4670272,-2.702959,-0.03220166,0.02956301,1.196128,0.9309847,0.04183695,0.362653,0.06352137,0.9596918,-0.2737824,-0.3594893,0.2779235,0.8908008,moving,-25.4672,15.08026,-1.542121,1.415811,-2.32207302342406,3.412260969368313,27.552251661703476,2.1433939532979056,26.652877595825796
1395,05/15/2023 18:38:13.752751,1578,True,True,True,True,Eyes,1.378531,0.1073184,-3.735053,-0.4168831,0.2384384,0.8771292,0.0,0.0,0.0,0.0,0.0,0.0,0.0,0.06843626,-1.22125,3.804037,1.378515,0.1078129,-3.748987,-0.1423793,-0.1852986,-0.005494548,0.9722975,343.8051,338.0628,2.511477,0.3458725,0.02660708,-0.9379038,0,0,0,0.9212712,0.4701647,-2.702429,-0.03182411,0.03099647,1.197364,0.9312685,0.04208067,0.3618952,0.06344999,0.9593959,-0.2748337,-0.358766,0.2789063,0.8907852,moving,-25.42086,15.20777,-1.522476,1.4829,-2.3283462929163177,3.430995258471796,27.559114904661868,2.108198772669533,26.649525118940918
1396,05/15/2023 18:38:13.762738,1579,True,True,True,True,Eyes,1.378661,0.1074466,-3.735218,-0.415945,0.240501,0.8770114,0.0,0.0,0.0,0.0,0.0,0.0,0.0,0.06434351,-1.230741,3.801323,1.378695,0.1080132,-3.749192,-0.1435801,-0.1848056,-0.005650823,0.9722138,343.664,338.1136,2.513315,0.3458975,0.02664093,-0.9378936,0,0,0,0.9221428,0.4730275,-2.701946,-0.03195983,0.03051078,1.19852,0.9316299,0.04208121,0.3609638,0.06405643,0.9587057,-0.2770925,-0.3577184,0.2812698,0.8904632,moving,-25.37384,15.33512,-1.527492,1.458266,-2.3345579048811107,3.44971249077722,27.590132110492334,2.1487704624855746,26.66848321195866
1397,05/15/2023 18:38:13.782777,1580,True,True,True,True,Eyes,1.378786,0.1075762,-3.735394,-0.4150023,0.2424647,0.8769174,0.0,0.0,0.0,0.0,0.0,0.0,0.0,0.05894011,-1.23868,3.798921,1.378656,0.1078854,-3.749303,-0.1446687,-0.1841636,-0.005560121,0.9721748,343.5407,338.1794,2.538433,0.3459216,0.02667448,-0.9378837,0,0,0,0.9230846,0.476121,-2.701424,-0.03209138,0.03098974,1.199668,0.9321057,0.04247459,0.3596871,0.06409621,0.9580801,-0.2792386,-0.3564696,0.2833345,0.8903095,moving,-25.32591,15.45594,-1.532309,1.479731,-2.340209022571866,3.4674990019958143,27.594743458834365,2.145675668928101,26.662616313951514
1398,05/15/2023 18:38:13.802674,1581,True,True,True,True,Eyes,1.378909,0.1077096,-3.735569,-0.4140531,0.2444462,0.8768159,0.0,0.0,0.0,0.0,0.0,0.0,0.0,0.05562526,-1.241168,3.798616,1.378787,0.1080532,-3.749713,-0.1450007,-0.1837882,-0.005364652,0.9721976,343.5063,338.2184,2.562406,0.3459446,0.02670779,-0.9378743,0,0,0,0.9240122,0.4791678,-2.70091,-0.03168805,0.0328753,1.201021,0.9323863,0.04286782,0.3589125,0.06372984,0.9578921,-0.2799668,-0.3558009,0.2839106,0.8903934,moving,-25.27778,15.57786,-1.511356,1.567954,-2.3459288143843238,3.485445383852064,27.58841017305296,2.091240060264788,26.647102074903152
1399,05/15/2023 18:38:13.812412,1582,True,True,True,True,Eyes,1.379003,0.1078318,-3.735752,-0.4130687,0.2464316,0.8767244,0.0,0.0,0.0,0.0,0.0,0.0,0.0,0.05021787,-1.250953,3.795618,1.378823,0.1082525,-3.749835,-0.1463203,-0.1831899,-0.005105057,0.9721141,343.3604,338.2739,2.613169,0.3459665,0.02674097,-0.9378653,0,0,0,0.9248973,0.4820751,-2.700419,-0.03177482,0.03238112,1.202084,0.9328308,0.04368341,0.357657,0.06353422,0.9571286,-0.2826096,-0.3546691,0.2863504,0.8900636,moving,-25.22747,15.69973,-1.514153,1.543031,-2.35148597451393,3.503403630460885,27.617630776717434,2.1317099616196558,26.665068612944363
1400,05/15/2023 18:38:13.832718,1583,True,True,True,True,Eyes,1.379094,0.1079621,-3.735936,-0.4120743,0.2484035,0.8766359,0.0,0.0,0.0,0.0,0.0,0.0,0.0,0.04438442,-1.257677,3.793601,1.378891,0.1081152,-3.749947,-0.1472913,-0.1825432,-0.004780429,0.9720907,343.2554,338.3373,2.662322,0.3459868,0.02677377,-0.9378569,0,0,0,0.9258207,0.4851083,-2.699907,-0.03195129,0.03318655,1.20327,0.9333103,0.04448002,0.3563054,0.06306808,0.9565648,-0.2846157,-0.353489,0.2881063,0.8899665,moving,-25.17649,15.8206,-1.521059,1.579835,-2.356918635104887,3.521223984606846,27.61120793411592,2.1136822181090693,26.648583775130756
1401,05/15/2023 18:38:13.852580,1584,True,True,True,True,Eyes,1.379187,0.1080953,-3.73612,-0.4110518,0.250539,0.8765082,0.0,0.0,0.0,0.0,0.0,0.0,0.0,0.03863341,-1.264484,3.791626,1.378912,0.1084223,-3.750158,-0.1481933,-0.1818768,-0.004582883,0.9720795,343.1553,338.4058,2.694649,0.3460055,0.02680641,-0.9378491,0,0,0,0.9267612,0.4881972,-2.699386,-0.0321534,0.03368852,1.204418,0.9337996,0.044996,0.3549558,0.06281569,0.9560355,-0.2864443,-0.3522392,0.2897784,0.8899191,moving,-25.12494,15.95193,-1.529217,1.60219,-2.363101368324664,3.5405529237307904,27.616538196528705,2.1101217888620556,26.64253369479397
1402,05/15/2023 18:38:13.872417,1585,True,True,True,True,Eyes,1.379278,0.1082256,-3.736303,-0.410022,0.252689,0.8763733,0.0,0.0,0.0,0.0,0.0,0.0,0.0,0.03288406,-1.274945,3.788373,1.378993,0.108592,-3.750324,-0.1496223,-0.1812569,-0.004243741,0.971978,342.9984,338.4613,2.756548,0.3460229,0.02683898,-0.9378418,0,0,0,0.9276765,0.4912038,-2.698879,-0.03223015,0.03306082,1.205606,0.9342558,0.04599051,0.3536254,0.06248982,0.9551903,-0.2893208,-0.3510855,0.2923976,0.8895183,moving,-25.07312,16.08412,-1.531356,1.570804,-2.369329512002768,3.560007845753056,27.655939570868895,2.158502153526144,26.66968651257894
1403,05/15/2023 18:38:13.883042,1586,True,True,True,True,Eyes,1.379369,0.1083563,-3.736489,-0.4089802,0.2549092,0.8762172,0.0,0.0,0.0,0.0,0.0,0.0,0.0,0.0270738,-1.284877,3.785228,1.379036,0.1086283,-3.750473,-0.1509843,-0.1806078,-0.004002197,0.9718893,342.8469,338.5223,2.804896,0.3460391,0.02687144,-0.9378349,0,0,0,0.9285908,0.4942072,-2.698372,-0.03239219,0.03266659,1.206803,0.9347296,0.0467585,0.35227,0.06231728,0.9543754,-0.2920344,-0.3498529,0.2949257,0.8891692,moving,-25.02113,16.22077,-1.537525,1.550544,-2.3758827984619906,3.580105369305909,27.68926208274791,2.195896889660558,26.69050161019367
1404,05/15/2023 18:38:13.902785,1587,True,True,True,True,Eyes,1.379458,0.1084931,-3.736672,-0.4079277,0.2571529,0.8760521,0.0,0.0,0.0,0.0,0.0,0.0,0.0,0.02173817,-1.292904,3.78281,1.379204,0.1087446,-3.750692,-0.1520834,-0.1800268,-0.003739214,0.9718267,342.7259,338.5772,2.850705,0.346054,0.02690378,-0.9378284,0,0,0,0.9295694,0.4974212,-2.697829,-0.03241436,0.03298983,1.208149,0.9351528,0.04749042,0.351047,0.06202587,0.9537134,-0.294251,-0.3487723,0.2969436,0.888922,moving,-24.96872,16.35887,-1.536864,1.564135,-2.382515216318972,3.600414997969419,27.711659266903542,2.204895056412457,26.7009120794591
1405,05/15/2023 18:38:13.912348,1588,True,True,True,True,Eyes,1.379545,0.1086308,-3.736849,-0.4068682,0.2594508,0.8758672,0.0,0.0,0.0,0.0,0.0,0.0,0.0,0.01609528,-1.30416,3.77908,1.379249,0.109004,-3.750777,-0.153556,-0.1793653,-0.003739491,0.9717174,342.5564,338.6426,2.873029,0.346068,0.02693618,-0.9378224,0,0,0,0.93042,0.5002152,-2.697358,-0.03281406,0.03181058,1.209172,0.9356282,0.04781776,0.3497333,0.06235271,0.9528131,-0.2970845,-0.3474363,0.2997675,0.8884974,moving,-24.91637,16.50043,-1.55449,1.506975,-2.3894138567500462,3.6212214701343175,27.75934311130984,2.2731335163262614,26.735018623115927
1406,05/15/2023 18:38:13.932594,1589,True,True,True,True,Eyes,1.379628,0.1087618,-3.737026,-0.4058115,0.2617379,0.8756771,0.0,0.0,0.0,0.0,0.0,0.0,0.0,0.01158559,-1.315806,3.775112,1.379263,0.1091337,-3.750823,-0.1550587,-0.1788053,-0.003961582,0.9715812,342.3789,338.6992,2.871923,0.3460809,0.02696866,-0.9378167,0,0,0,0.9313243,0.5031856,-2.696856,-0.03297225,0.03073347,1.210264,0.9360259,0.04775263,0.3486764,0.06314865,0.9518822,-0.2998874,-0.3462193,0.3027208,0.8879709,moving,-24.86423,16.64128,-1.560572,1.454658,-2.396274066672782,3.641924045962988,27.81535482340371,2.3414804504978735,26.7777866448517
1407,05/15/2023 18:38:13.952508,1590,True,True,True,True,Eyes,1.379715,0.1088851,-3.737198,-0.4047973,0.2639532,0.8754815,0.0,0.0,0.0,0.0,0.0,0.0,0.0,0.007802069,-1.323723,3.772492,1.379233,0.1090851,-3.750976,-0.1561033,-0.1783317,-0.004070159,0.9715005,342.2563,338.748,2.87481,0.346093,0.02700105,-0.9378113,0,0,0,0.9322638,0.5062715,-2.696336,-0.03278017,0.03104419,1.211514,0.9363624,0.047768,0.3477695,0.06358467,0.9512304,-0.3018571,-0.345228,0.3047604,0.8876592,moving,-24.81446,16.77779,-1.549885,1.467842,-2.4029785203716028,3.661982043073938,27.850223656073734,2.354149333224321,26.80096209715583
1408,05/15/2023 18:38:13.962893,1591,True,True,True,True,Eyes,1.379803,0.1090071,-3.737369,-0.4038037,0.2661074,0.8752882,0.0,0.0,0.0,0.0,0.0,0.0,0.0,0.005490243,-1.329183,3.770694,1.379298,0.109005,-3.751073,-0.1568449,-0.1780695,-0.004051351,0.971429,342.1714,338.7719,2.8894,0.3461043,0.02703315,-0.9378061,0,0,0,0.9331557,0.5092011,-2.695841,-0.03221732,0.03202483,1.212704,0.9365497,0.0479874,0.3472348,0.06372978,0.9507666,-0.3032845,-0.344693,0.3061702,0.8873819,moving,-24.76567,16.91046,-1.521791,1.512703,-2.409463773896888,3.681479483367413,27.881334824532523,2.3434065776824387,26.821409010998302
1409,05/15/2023 18:38:13.982624,1592,True,True,True,True,Eyes,1.379899,0.1091406,-3.737537,-0.4028456,0.2681996,0.8750911,0.0,0.0,0.0,0.0,0.0,0.0,0.0,0.004296422,-1.331975,3.7699,1.379407,0.1090908,-3.751221,-0.1571518,-0.1778848,-0.004338529,0.9714122,342.1298,338.7963,2.859544,0.346115,0.02706498,-0.9378012,0,0,0,0.9341003,0.5123037,-2.695318,-0.03160468,0.0338732,1.213945,0.9366763,0.04748086,0.3469626,0.06433889,0.950569,-0.3037749,-0.3442354,0.3068619,0.8873206,moving,-24.71884,17.03935,-1.49134,1.598332,-2.415805776616355,3.700416426992022,27.891607933683638,2.2963875784233934,26.821939467403897
1410,05/15/2023 18:38:14.002955,1593,True,True,True,True,Eyes,1.37999,0.1092699,-3.737704,-0.4018893,0.2703153,0.8748797,0.0,0.0,0.0,0.0,0.0,0.0,0.0,0.002903104,-1.336742,3.768436,1.379414,0.1094809,-3.75143,-0.1576131,-0.1775961,-0.005024119,0.9713868,342.0618,338.8388,2.784751,0.3461254,0.02709683,-0.9377965,0,0,0,0.9350275,0.5153493,-2.694803,-0.03133115,0.03480777,1.215103,0.9368687,0.04622224,0.3466128,0.06574367,0.9502657,-0.3044221,-0.3434453,0.3079912,0.8872354,moving,-24.6724,17.1698,-1.477031,1.640843,-2.422294256862693,3.719574208990986,27.91368210311943,2.2835599541084513,26.83333820626216
1411,05/15/2023 18:38:14.012806,1594,True,True,True,True,Eyes,1.380063,0.1093878,-3.737869,-0.4009191,0.2723461,0.874695,0.0,0.0,0.0,0.0,0.0,0.0,0.0,0.0007873774,-1.34716,3.764832,1.379347,0.1094933,-3.751561,-0.1589009,-0.1772519,-0.005590172,0.9712368,341.902,338.8778,2.742017,0.3461353,0.02712862,-0.9377919,0,0,0,0.9359135,0.5182595,-2.694312,-0.03105842,0.03406888,1.216296,0.937101,0.0454722,0.3460836,0.06718972,0.9494385,-0.3066791,-0.3425305,0.3106425,0.8866646,moving,-24.6245,17.29457,-1.462744,1.604456,-2.4282464940409,3.7379282623871264,27.97582203147089,2.341772610731973,26.88439902185183
1412,05/15/2023 18:38:14.032513,1595,True,True,True,True,Eyes,1.380136,0.1095159,-3.738034,-0.3999637,0.2743536,0.8745052,0.0,0.0,0.0,0.0,0.0,0.0,0.0,-0.001024485,-1.350242,3.763705,1.379336,0.109354,-3.751546,-0.1593239,-0.1770237,-0.005652444,0.9712089,341.8519,338.9023,2.740183,0.3461445,0.02716005,-0.9377876,0,0,0,0.9368366,0.5212916,-2.693801,-0.03040729,0.03595152,1.217419,0.9372613,0.04542881,0.3456551,0.06738763,0.9491679,-0.3074723,-0.3420528,0.3114748,0.886557,moving,-24.57746,17.41792,-1.430771,1.691507,-2.4341539312090035,3.756070677722821,27.98373237274274,2.2954739131634567,26.883221605100164
1413,05/15/2023 18:38:14.052466,1596,True,True,True,True,Eyes,1.380225,0.1096413,-3.738186,-0.3990688,0.276371,0.8742787,0.0,0.0,0.0,0.0,0.0,0.0,0.0,-0.003829837,-1.356393,3.761699,1.379403,0.1097078,-3.751721,-0.1601183,-0.1767163,-0.005540404,0.9711349,341.7628,338.9296,2.765819,0.346153,0.02719143,-0.9377835,0,0,0,0.9378194,0.5245197,-2.693256,-0.02978919,0.03667295,1.218679,0.9374813,0.04583007,0.345005,0.067352,0.9486628,-0.3090348,-0.3414565,0.3129511,0.886267,moving,-24.53456,17.54243,-1.400249,1.723646,-2.4404508213712512,3.774343659063791,28.02552894564841,2.2994305203840755,26.9148512415375
1414,05/15/2023 18:38:14.072479,1597,True,True,True,True,Eyes,1.380311,0.1097631,-3.738333,-0.3981764,0.2782994,0.8740738,0.0,0.0,0.0,0.0,0.0,0.0,0.0,-0.004750907,-1.370007,3.756736,1.379546,0.1097298,-3.751642,-0.1619025,-0.1766373,-0.0057195,0.9708524,341.5554,338.9245,2.784889,0.3461614,0.0272227,-0.9377795,0,0,0,0.9386991,0.5274091,-2.692768,-0.02892627,0.03490987,1.219819,0.9375331,0.04609046,0.3448294,0.06830166,0.9475098,-0.3123463,-0.3411254,0.3163874,0.8851737,moving,-24.49121,17.66114,-1.358433,1.639294,-2.4462759815242863,3.791786835135799,28.139383805965704,2.4117685954010177,27.01779179816188
1415,05/15/2023 18:38:14.084076,1598,True,True,True,True,Eyes,1.380433,0.109886,-3.738463,-0.3973449,0.2801858,0.8738495,0.0,0.0,0.0,0.0,0.0,0.0,0.0,-0.007139087,-1.37004,3.756717,1.37955,0.1097727,-3.751636,-0.1618561,-0.1762831,-0.006020672,0.9709226,341.5533,338.9734,2.741586,0.3461696,0.02725378,-0.9377757,0,0,0,0.9395984,0.5303633,-2.69227,-0.02879043,0.03756362,1.220848,0.9377761,0.04537378,0.3442633,0.06875621,0.9475327,-0.3121769,-0.3403654,0.3164223,0.8854538,moving,-24.45159,17.77762,-1.350917,1.762348,-2.452204166579833,3.8088768548988456,28.109251684933078,2.324029642067204,26.979195009524442
1416,05/15/2023 18:38:14.102847,1599,True,True,True,True,Eyes,1.380551,0.1099933,-3.738589,-0.3965297,0.2820269,0.8736275,0.0,0.0,0.0,0.0,0.0,0.0,0.0,-0.01078588,-1.376028,3.754672,1.379525,0.109868,-3.751795,-0.1626698,-0.175862,-0.005892869,0.9708638,341.462,339.0139,2.767173,0.3461786,0.02728471,-0.9377714,0,0,0,0.9406539,0.5338302,-2.691684,-0.02825338,0.0387142,1.222247,0.9380756,0.04577252,0.3433934,0.06865723,0.9470077,-0.3137877,-0.339559,0.3179331,0.8852222,moving,-24.41276,17.89126,-1.324209,1.814214,-2.457974986305832,3.825551726292888,28.134544520317313,2.3088752155352794,26.995526004726713
1417,05/15/2023 18:38:14.112783,1600,True,True,True,True,Eyes,1.380688,0.1100984,-3.738703,-0.3957474,0.2837313,0.8734303,0.0,0.0,0.0,0.0,0.0,0.0,0.0,-0.01314259,-1.380976,3.752911,1.379548,0.109726,-3.751855,-0.1633815,-0.1756155,-0.005728315,0.9707898,341.3836,339.0335,2.798114,0.3461882,0.02731514,-0.937767,0,0,0,0.9414149,0.5363297,-2.691263,-0.02772708,0.03948048,1.223307,0.9382528,0.04626264,0.3428432,0.06850663,0.9465474,-0.3152062,-0.3390997,0.3192301,0.8849314,moving,-24.37507,17.99624,-1.298425,1.848497,-2.4631734898449,3.840971777475641,28.165247175376855,2.3079416767918075,27.01789223237256
1418,05/15/2023 18:38:14.132615,1601,True,True,True,True,Eyes,1.380823,0.1102048,-3.738818,-0.3949676,0.2853695,0.8732495,0.0,0.0,0.0,0.0,0.0,0.0,0.0,-0.01685798,-1.374869,3.755104,1.379663,0.1096363,-3.751782,-0.1626566,-0.1752143,-0.005355631,0.9709863,341.473,339.0826,2.816997,0.3461989,0.02734504,-0.9377621,0,0,0,0.9423599,0.5394339,-2.690739,-0.02751835,0.04439136,1.224355,0.9385425,0.04659902,0.3420036,0.06740002,0.9470283,-0.3139978,-0.338519,0.3177513,0.8856856,moving,-24.33707,18.09689,-1.287551,2.07646,-2.468021713277359,3.855772109328722,28.070171063181302,2.135289836839342,26.917097461548952
1419,05/15/2023 18:38:14.152517,1602,True,True,True,True,Eyes,1.380956,0.1103086,-3.738928,-0.3940476,0.2870225,0.8731235,0.0,0.0,0.0,0.0,0.0,0.0,0.0,-0.02000999,-1.376454,3.754612,1.379713,0.1097898,-3.751863,-0.1628498,-0.1748231,-0.005381854,0.9710242,341.4493,339.1285,2.810671,0.3462107,0.02737452,-0.937757,0,0,0,0.9432721,0.54243,-2.690233,-0.02732484,0.04650012,1.225482,0.9388158,0.04648801,0.3412679,0.06739166,0.9469019,-0.3143804,-0.3377621,0.3181439,0.8858336,moving,-24.29004,18.19728,-1.277325,2.173009,-2.4721922807797903,3.870613984566316,28.04215242724185,2.075950505744897,26.882317155552098
1420,05/15/2023 18:38:14.163324,1603,True,True,True,True,Eyes,1.381086,0.1104032,-3.739041,-0.3931318,0.2886439,0.8730018,0.0,0.0,0.0,0.0,0.0,0.0,0.0,-0.02339554,-1.37574,3.754959,1.379827,0.1098251,-3.751925,-0.1627269,-0.1743757,-0.005550486,0.9711244,341.4585,339.1871,2.779225,0.3462232,0.02740354,-0.9377515,0,0,0,0.9441965,0.5454665,-2.689721,-0.0274172,0.04946464,1.226636,0.9391247,0.04597079,0.3404873,0.06753165,0.9469783,-0.3141204,-0.3368744,0.3179918,0.8862262,moving,-24.24308,18.29563,-1.280435,2.309226,-2.476213562983017,3.885162002239992,27.979424194347548,1.978246863979796,26.813382368739987
1421,05/15/2023 18:38:14.182805,1604,True,True,True,True,Eyes,1.381207,0.1105001,-3.739153,-0.3920794,0.2904598,0.8728727,0.0,0.0,0.0,0.0,0.0,0.0,0.0,-0.02687079,-1.378995,3.753928,1.379861,0.1096878,-3.752102,-0.1631885,-0.1739553,-0.005512358,0.9711225,341.4054,339.2327,2.786014,0.3462364,0.02743193,-0.9377459,0,0,0,0.9451191,0.5484968,-2.689209,-0.02716446,0.05122653,1.22798,0.9394184,0.04606865,0.3396628,0.06748135,0.9466783,-0.3150342,-0.3360646,0.3188699,0.8862182,moving,-24.1888,18.40554,-1.267247,2.38877,-2.480576320134403,3.901435719373209,27.963091981479963,1.9391559033931958,26.789517110373012
1422,05/15/2023 18:38:14.202674,1605,True,True,True,True,Eyes,1.381327,0.1106031,-3.739262,-0.3910345,0.292262,0.8727399,0.0,0.0,0.0,0.0,0.0,0.0,0.0,-0.03173035,-1.380543,3.753386,1.379967,0.1098375,-3.752125,-0.1634433,-0.1734209,-0.00520914,0.9711769,341.3811,339.2892,2.816818,0.34625,0.02745981,-0.93774,0,0,0,0.9460903,0.5516866,-2.688671,-0.02714832,0.05354342,1.229148,0.9397961,0.04657097,0.3385476,0.06680696,0.9465184,-0.3156579,-0.335142,0.3192714,0.886423,moving,-24.13495,18.5146,-1.265292,2.494308,-2.484906082169001,3.9175834927646,27.922589650715206,1.8743456558834735,26.741774132129958
1423,05/15/2023 18:38:14.212381,1606,True,True,True,True,Eyes,1.381433,0.1107035,-3.739376,-0.3899127,0.2942422,0.8725764,0.0,0.0,0.0,0.0,0.0,0.0,0.0,-0.03577578,-1.386554,3.751198,1.380058,0.1100779,-3.752149,-0.1642475,-0.1729685,-0.005091188,0.9711224,341.2905,339.3337,2.840129,0.346264,0.02748738,-0.9377341,0,0,0,0.9469255,0.5544299,-2.688208,-0.02713136,0.05392814,1.230193,0.940112,0.04693097,0.3376197,0.06670764,0.9459937,-0.3172477,-0.3342748,0.3207702,0.8862092,moving,-24.07758,18.63466,-1.263428,2.510075,-2.4898118292161016,3.935343256600138,27.937211258486933,1.8802677734393962,26.747327598471948
1424,05/15/2023 18:38:14.232515,1607,True,True,True,True,Eyes,1.381536,0.1108059,-3.739486,-0.3887944,0.2962254,0.8724044,0.0,0.0,0.0,0.0,0.0,0.0,0.0,-0.04047829,-1.391145,3.74958,1.380175,0.1101074,-3.752235,-0.1649117,-0.1724528,-0.004844706,0.9711028,341.2183,339.3849,2.87398,0.346278,0.0275146,-0.9377281,0,0,0,0.9478614,0.5575044,-2.687689,-0.02708206,0.05519766,1.231478,0.9404731,0.04746956,0.3365368,0.06628839,0.9455613,-0.3186214,-0.3333409,0.3219634,0.8861283,moving,-24.02055,18.75495,-1.259817,2.56641,-2.494759756932368,3.953133111025709,27.93062466234669,1.856901882047767,26.732084287873807
1425,05/15/2023 18:38:14.252589,1608,True,True,True,True,Eyes,1.381614,0.1108988,-3.739597,-0.387587,0.2982835,0.8722404,0.0,0.0,0.0,0.0,0.0,0.0,0.0,-0.04467934,-1.399298,3.746523,1.380201,0.1102428,-3.752248,-0.1659883,-0.1719498,-0.004895336,0.9710085,341.0928,339.4358,2.882614,0.346292,0.02754158,-0.9377221,0,0,0,0.9487813,0.5605259,-2.687179,-0.02707571,0.05518714,1.232667,0.9408186,0.04757649,0.3355546,0.06659015,0.9448479,-0.3206685,-0.3323043,0.3240355,0.8857622,moving,-23.95835,18.87935,-1.258307,2.563449,-2.4996420100302843,3.971558952793623,27.95533182853765,1.877148434802998,26.747523499739614
1426,05/15/2023 18:38:14.262918,1609,True,True,True,True,Eyes,1.381692,0.1109903,-3.739706,-0.3864081,0.3002837,0.8720771,0.0,0.0,0.0,0.0,0.0,0.0,0.0,-0.05031389,-1.401626,3.745527,1.380309,0.1101189,-3.752158,-0.1664016,-0.1713371,-0.004535249,0.9710478,341.0513,339.4991,2.921979,0.3463053,0.02756809,-0.9377164,0,0,0,0.9497012,0.5635473,-2.686669,-0.02729309,0.05727798,1.233798,0.941246,0.04821365,0.3342624,0.06582943,0.9445799,-0.3216136,-0.3312437,0.3247218,0.8859082,moving,-23.89762,19.00021,-1.267245,2.657998,-2.504363471068304,3.989463079762171,27.91418574297966,1.817487653351313,26.698289524022826
1427,05/15/2023 18:38:14.282821,1610,True,True,True,True,Eyes,1.38176,0.1110737,-3.739813,-0.3852305,0.3023061,0.8718993,0.0,0.0,0.0,0.0,0.0,0.0,0.0,-0.05449265,-1.40423,3.744563,1.380373,0.1101627,-3.752202,-0.1668825,-0.1709624,-0.003836744,0.9710343,341.0096,339.5263,3.007435,0.3463181,0.02759416,-0.9377109,0,0,0,0.9506095,0.5665308,-2.686166,-0.02667671,0.05910963,1.234988,0.9415143,0.04961003,0.3333012,0.06451249,0.944271,-0.3227853,-0.3307401,0.3254091,0.8858443,moving,-23.83724,19.12252,-1.237442,2.740229,-2.509220170265582,4.0075725824124,27.912906119741187,1.7954329478557443,26.68885351047073
1428,05/15/2023 18:38:14.302772,1611,True,True,True,True,Eyes,1.38183,0.111164,-3.739915,-0.3840485,0.3042203,0.8717549,0.0,0.0,0.0,0.0,0.0,0.0,0.0,-0.05649519,-1.40609,3.743847,1.380713,0.1100636,-3.752091,-0.167148,-0.1707593,-0.003856221,0.9710242,340.9783,339.5486,3.007101,0.3463303,0.02761962,-0.9377057,0,0,0,0.9516114,0.5698217,-2.685611,-0.02621908,0.06156117,1.236289,0.9416528,0.04959518,0.3329119,0.06457311,0.9440933,-0.3232925,-0.3303337,0.3259265,0.8858055,moving,-23.77572,19.23769,-1.214941,2.850697,-2.51345345161087,4.02466568782156,27.88408665653028,1.7505247975889828,26.652900827544443
1429,05/15/2023 18:38:14.312757,1612,True,True,True,True,Eyes,1.381863,0.1112552,-3.740029,-0.3828546,0.3061871,0.8715916,0.0,0.0,0.0,0.0,0.0,0.0,0.0,-0.06088835,-1.403404,3.744808,1.380821,0.1103325,-3.752066,-0.1667057,-0.1701449,-0.004209129,0.9712066,341.0197,339.6344,2.943085,0.3463418,0.02764471,-0.9377007,0,0,0,0.9524488,0.5725722,-2.685146,-0.027006,0.06477565,1.237158,0.942066,0.04855238,0.3318951,0.06490412,0.944383,-0.322379,-0.3290883,0.3252437,0.8865198,moving,-23.71393,19.3562,-1.250515,2.99718,-2.5179198282509763,4.0422412710202975,27.788892544011627,1.6427014515305105,26.550304606269986
1430,05/15/2023 18:38:14.332483,1613,True,True,True,True,Eyes,1.381895,0.1113418,-3.740143,-0.3816794,0.3081297,0.8714224,0.0,0.0,0.0,0.0,0.0,0.0,0.0,-0.06475651,-1.408912,3.742771,1.380833,0.110467,-3.752154,-0.1673843,-0.1696247,-0.004490091,0.9711797,340.9348,339.6959,2.914922,0.3463521,0.0276695,-0.9376962,0,0,0,0.953456,0.5758808,-2.684588,-0.02705882,0.06585953,1.238504,0.9424146,0.04806364,0.3309751,0.06550641,0.9439246,-0.3235972,-0.3279689,0.3266438,0.88642,moving,-23.65322,19.47329,-1.251599,3.043933,-2.522357435384265,4.059603293464598,27.780503862620815,1.6267799931541842,26.534010417576226
1431,05/15/2023 18:38:14.352466,1614,True,True,True,True,Eyes,1.381922,0.1114259,-3.740256,-0.3805239,0.3100794,0.8712361,0.0,0.0,0.0,0.0,0.0,0.0,0.0,-0.06755847,-1.414285,3.740799,1.380835,0.1104279,-3.752258,-0.1681061,-0.1692809,-0.00453278,0.9711148,340.8504,339.731,2.919264,0.346361,0.0276939,-0.9376922,0,0,0,0.954317,0.5787089,-2.684111,-0.02671121,0.06665275,1.239753,0.9426468,0.04811063,0.3303063,0.06571802,0.9434396,-0.3249661,-0.3272583,0.3280353,0.8861686,moving,-23.59394,19.59102,-1.234281,3.077426,-2.526947675585422,4.077044817079555,27.79663895857046,1.6340822848402083,26.542109647838608
1432,05/15/2023 18:38:14.372193,1615,True,True,True,True,Eyes,1.381953,0.111514,-3.740365,-0.3793858,0.312019,0.87104,0.0,0.0,0.0,0.0,0.0,0.0,0.0,-0.07067961,-1.418468,3.739199,1.381005,0.1104374,-3.752236,-0.1687241,-0.1689777,-0.004265318,0.9710616,340.7844,339.7563,2.95852,0.3463688,0.02771788,-0.9376886,0,0,0,0.9552317,0.5817133,-2.683604,-0.0262365,0.06798843,1.240988,0.9428567,0.04873744,0.3296147,0.06530497,0.943028,-0.3262415,-0.326736,0.3291245,0.8859574,moving,-23.53577,19.70825,-1.211145,3.135855,-2.5315809572774715,4.09440476585935,27.803473837393955,1.6316766747429736,26.541136084063076
1433,05/15/2023 18:38:14.382732,1616,True,True,True,True,Eyes,1.381957,0.1116024,-3.740477,-0.3782761,0.314001,0.8708103,0.0,0.0,0.0,0.0,0.0,0.0,0.0,-0.0737319,-1.425344,3.736609,1.381151,0.1106024,-3.752262,-0.1696311,-0.1686357,-0.004274293,0.9709629,340.6795,339.7886,2.97099,0.3463755,0.02774159,-0.9376854,0,0,0,0.9561177,0.5846235,-2.683112,-0.025985,0.06823057,1.242215,0.9430875,0.04891136,0.3289281,0.06551209,0.942414,-0.3279694,-0.3260279,0.3308526,0.8855745,moving,-23.47991,19.82854,-1.198354,3.1439,-2.536614138124847,4.112184395048684,27.83603688944847,1.6518216813532656,26.565126821647745
1434,05/15/2023 18:38:14.402484,1617,True,True,True,True,Eyes,1.381965,0.1116907,-3.74059,-0.3771854,0.3159537,0.870577,0.0,0.0,0.0,0.0,0.0,0.0,0.0,-0.07657224,-1.43298,3.733558,1.381313,0.1107035,-3.752129,-0.1705938,-0.1682666,-0.004615652,0.9708568,340.5613,339.8301,2.944968,0.3463807,0.02776507,-0.9376827,0,0,0,0.9571424,0.5879893,-2.682544,-0.02586424,0.06869966,1.24352,0.94333,0.04844819,0.3283003,0.06637275,0.9417529,-0.3296909,-0.3251508,0.3327975,0.8851683,moving,-23.42511,19.94707,-1.191536,3.162155,-2.5415913611612777,4.129701763974334,27.857946521068296,1.6609624374673602,26.578710639512117
1435,05/15/2023 18:38:14.412410,1618,True,True,True,True,Eyes,1.38193,0.1117795,-3.740717,-0.3761214,0.317921,0.8703212,0.0,0.0,0.0,0.0,0.0,0.0,0.0,-0.07847184,-1.438034,3.731764,1.381403,0.1107779,-3.752282,-0.1712224,-0.1680099,-0.004828866,0.9707897,340.4843,339.8589,2.928734,0.3463846,0.02778834,-0.9376806,0,0,0,0.9579508,0.5906443,-2.682096,-0.02554896,0.06933624,1.244756,0.9434987,0.04815846,0.327858,0.06690972,0.9413192,-0.3308192,-0.3245507,0.3340644,0.8849112,moving,-23.37226,20.06682,-1.175846,3.188232,-2.54680300158041,4.147377463326415,27.884897836161066,1.6731655984994407,26.597210869384053
1436,05/15/2023 18:38:14.432467,1619,True,True,True,True,Eyes,1.381897,0.1118674,-3.740838,-0.3750735,0.3198726,0.8700582,0.0,0.0,0.0,0.0,0.0,0.0,0.0,-0.08076411,-1.445869,3.728702,1.381546,0.1107969,-3.752243,-0.1722422,-0.1677298,-0.005033919,0.9706565,340.3627,339.8864,2.921774,0.3463864,0.02781143,-0.9376793,0,0,0,0.9588889,0.5937258,-2.681576,-0.02518761,0.06950065,1.246082,0.9436828,0.04800788,0.3273501,0.0675527,0.9406146,-0.3326873,-0.3238819,0.3360646,0.8843986,moving,-23.32039,20.1857,-1.157987,3.192383,-2.552020209553577,4.164919537242887,27.92749414818483,1.6997517188138482,26.63134810564313
1437,05/15/2023 18:38:14.452450,1620,True,True,True,True,Eyes,1.381831,0.1119528,-3.740975,-0.3740848,0.3218153,0.8697675,0.0,0.0,0.0,0.0,0.0,0.0,0.0,-0.08206648,-1.45262,3.726096,1.38153,0.1109467,-3.752292,-0.1730629,-0.1675128,-0.005412899,0.970546,340.2605,339.9117,2.891076,0.3463862,0.02783434,-0.9376787,0,0,0,0.9597732,0.5966306,-2.681086,-0.02468836,0.06976867,1.247306,0.9438204,0.04747357,0.3270312,0.06848747,0.9400399,-0.3341176,-0.3232841,0.3377445,0.8839774,moving,-23.27242,20.30455,-1.133927,3.201531,-2.557519324249354,4.182423214600362,27.975455871628082,1.7288043967798328,26.670684179482173
1438,05/15/2023 18:38:14.462923,1621,True,True,True,True,Eyes,1.381769,0.11204,-3.741106,-0.3731164,0.323741,0.8694687,0.0,0.0,0.0,0.0,0.0,0.0,0.0,-0.08231902,-1.459412,3.723635,1.381691,0.11098,-3.752429,-0.1739203,-0.1674721,-0.005652981,0.9703984,340.1574,339.9125,2.881284,0.3463834,0.02785702,-0.9376791,0,0,0,0.9607106,0.5997096,-2.680566,-0.02373677,0.07021773,1.248791,0.9438423,0.04728229,0.3269956,0.06922488,0.9394396,-0.3356505,-0.3230629,0.3394374,0.8834097,moving,-23.2257,20.42249,-1.088936,3.218271,-2.56304065312387,4.199785156934726,28.03607447185959,1.7709755979755144,26.72281423247236
1439,05/15/2023 18:38:14.482599,1622,True,True,True,True,Eyes,1.381695,0.112129,-3.741247,-0.3720939,0.3257886,0.8691421,0.0,0.0,0.0,0.0,0.0,0.0,0.0,-0.08333343,-1.465553,3.721208,1.381715,0.1110964,-3.752426,-0.1746842,-0.1673158,-0.005927376,0.9702865,340.064,339.9291,2.862851,0.3463785,0.02787955,-0.9376802,0,0,0,0.9616224,0.6027045,-2.680061,-0.02305564,0.07079139,1.250031,0.9439406,0.04695236,0.3267593,0.06995736,0.9389006,-0.337004,-0.3226177,0.340971,0.8829817,moving,-23.17656,20.54798,-1.056647,3.241296,-2.568957025702363,4.218253545850192,28.085794669252724,1.800424300056382,26.763521723065338
1440,05/15/2023 18:38:14.493099,1623,True,True,True,True,Eyes,1.381623,0.1122261,-3.741384,-0.3710853,0.3278666,0.8687918,0.0,0.0,0.0,0.0,0.0,0.0,0.0,-0.08337086,-1.472079,3.718872,1.381904,0.1112261,-3.752593,-0.1754757,-0.1672848,-0.006255671,0.970147,339.9666,339.9312,2.841336,0.3463712,0.02790198,-0.9376822,0,0,0,0.9625736,0.6058288,-2.679534,-0.02214301,0.0712944,1.251539,0.9439533,0.04657101,0.3267771,0.07084669,0.9383383,-0.3383815,-0.3223862,0.3425674,0.8824481,moving,-23.12869,20.67562,-1.013607,3.260352,-2.5751286486489047,4.23701989364865,28.149040047730097,1.8418007584109863,26.817504642980463
1441,05/15/2023 18:38:14.512721,1624,True,True,True,True,Eyes,1.381576,0.1123158,-3.741511,-0.3701502,0.3301541,0.8683243,0.0,0.0,0.0,0.0,0.0,0.0,0.0,-0.08437049,-1.483446,3.714365,1.381869,0.1114893,-3.752631,-0.1768822,-0.167094,-0.006759306,0.9699209,339.7949,339.9498,2.809554,0.3463619,0.02792452,-0.9376849,0,0,0,0.9634286,0.6086369,-2.67906,-0.02161738,0.06983027,1.252781,0.9440678,0.04599993,0.3265272,0.07222392,0.937334,-0.3408646,-0.3217449,0.3453824,0.8815845,moving,-23.08764,20.81779,-0.9885702,3.190377,-2.582896838436886,4.257815295501838,28.268260913926788,1.9186719221204367,26.925287391583712
1442,05/15/2023 18:38:14.532401,1625,True,True,True,True,Eyes,1.381533,0.1124066,-3.741638,-0.3692586,0.3324126,0.8678421,0.0,0.0,0.0,0.0,0.0,0.0,0.0,-0.08434153,-1.492131,3.710937,1.381863,0.1113377,-3.752689,-0.1780488,-0.1671036,-0.006869034,0.969705,339.6591,339.9386,2.823234,0.3463515,0.02794698,-0.9376881,0,0,0,0.964339,0.6116274,-2.678555,-0.0203267,0.0696713,1.254238,0.9440584,0.04618332,0.3265284,0.07282705,0.9365029,-0.3430139,-0.3216363,0.3476053,0.8807501,moving,-23.0493,20.95851,-0.928478,3.179439,-2.5907527597931246,4.2783785787478,28.380030507008357,1.992693045801004,27.025866928672777
1443,05/15/2023 18:38:14.543078,1626,True,True,True,True,Eyes,1.381488,0.112492,-3.741761,-0.3683297,0.3347765,0.867328,0.0,0.0,0.0,0.0,0.0,0.0,0.0,-0.08372825,-1.49873,3.708452,1.381911,0.1114397,-3.752828,-0.1789316,-0.1672215,-0.006789132,0.9695228,339.5599,339.9131,2.855336,0.3463401,0.0279694,-0.9376916,0,0,0,0.9652675,0.6146774,-2.67804,-0.01870325,0.07008553,1.255686,0.9439818,0.04667798,0.3266797,0.07300685,0.9358748,-0.3446859,-0.3218205,0.3492271,0.8800409,moving,-23.00956,21.10589,-0.853349,3.194623,-2.599010693456944,4.299911458599726,28.49054529877956,2.0661552034435178,27.124763653809094
1444,05/15/2023 18:38:14.562859,1627,True,True,True,True,Eyes,1.381448,0.1125776,-3.741888,-0.3674317,0.3370826,0.8668156,0.0,0.0,0.0,0.0,0.0,0.0,0.0,-0.08474362,-1.506025,3.705449,1.382081,0.1113815,-3.752745,-0.179914,-0.1671281,-0.006867507,0.9693565,339.4456,339.9156,2.86637,0.3463279,0.02799165,-0.9376954,0,0,0,0.9661896,0.6177059,-2.677529,-0.01786891,0.07038158,1.257039,0.9440421,0.04682324,0.3264846,0.0734515,0.9351676,-0.3465061,-0.3215423,0.3510971,0.8793983,moving,-22.97145,21.2498,-0.8144091,3.204643,-2.607124791164579,4.320931287685185,28.575551658698068,2.111854419833625,27.1983976292332
1445,05/15/2023 18:38:14.582571,1628,True,True,True,True,Eyes,1.381451,0.1126637,-3.741998,-0.3666,0.3393829,0.8662699,0.0,0.0,0.0,0.0,0.0,0.0,0.0,-0.08485681,-1.510002,3.704075,1.382131,0.1114607,-3.752968,-0.180415,-0.1671084,-0.006950151,0.9692663,339.3864,339.9144,2.867566,0.3463149,0.02801374,-0.9376996,0,0,0,0.9671022,0.6207037,-2.677023,-0.01671866,0.07162374,1.258501,0.944053,0.04682462,0.3264528,0.07377084,0.9348042,-0.3474175,-0.3214371,0.3520632,0.8790504,moving,-22.93778,21.39401,-0.7611054,3.2573,-2.6155851173857503,4.341955437692052,28.648649984569694,2.148388335639083,27.25986830960331
1446,05/15/2023 18:38:14.593458,1629,True,True,True,True,Eyes,1.381457,0.1127527,-3.742109,-0.3657871,0.3416309,0.8657298,0.0,0.0,0.0,0.0,0.0,0.0,0.0,-0.08589572,-1.513638,3.702633,1.382205,0.1114902,-3.753005,-0.1808887,-0.1669821,-0.007028554,0.9691991,339.3302,339.9263,2.866274,0.3463024,0.0280357,-0.9377036,0,0,0,0.9680495,0.6238154,-2.676498,-0.01586953,0.0731521,1.259867,0.9441351,0.04678624,0.3262207,0.07403453,0.9344597,-0.3482871,-0.3211352,0.3529817,0.8787925,moving,-22.90497,21.53499,-0.7216706,3.323054,-2.6238636639379296,4.362507765867036,28.701452665991255,2.167672157838618,27.301333052264695
1447,05/15/2023 18:38:14.612777,1630,True,True,True,True,Eyes,1.381491,0.1128416,-3.742211,-0.3649897,0.3438297,0.8651958,0.0,0.0,0.0,0.0,0.0,0.0,0.0,-0.0868929,-1.517874,3.701044,1.382274,0.1116438,-3.753142,-0.1814191,-0.1668543,-0.007129695,0.9691213,339.267,339.9383,2.863531,0.3462903,0.02805762,-0.9377074,0,0,0,0.9689369,0.6267301,-2.676006,-0.01507664,0.0741972,1.261209,0.9442177,0.04672204,0.3259909,0.07436021,0.9340726,-0.3492551,-0.3208171,0.3540136,0.8784935,moving,-22.87284,21.67293,-0.6848876,3.366842,-2.631961694035008,4.382617157432006,28.76487596998134,2.1961094458424113,27.35364397958784
1448,05/15/2023 18:38:14.635161,1631,True,True,True,True,Eyes,1.381526,0.1129294,-3.742318,-0.3641959,0.3460003,0.8646647,0.0,0.0,0.0,0.0,0.0,0.0,0.0,-0.08820164,-1.521369,3.699697,1.382437,0.1116886,-3.753198,-0.1818494,-0.1666788,-0.00732606,0.9690694,339.2132,339.9592,2.846139,0.3462794,0.0280795,-0.9377108,0,0,0,0.9698704,0.6297962,-2.675489,-0.014525,0.07571104,1.262601,0.9443291,0.04642196,0.3257112,0.07481981,0.9337543,-0.3500071,-0.3203821,0.3548915,0.8782979,moving,-22.84078,21.80909,-0.6591032,3.431595,-2.639930115468966,4.402470065897465,28.805539539031084,2.205963205184462,27.38341998526951
1449,05/15/2023 18:38:14.652624,1632,True,True,True,True,Eyes,1.381592,0.1130092,-3.74241,-0.36342,0.3481154,0.8641421,0.0,0.0,0.0,0.0,0.0,0.0,0.0,-0.09040695,-1.527434,3.697377,1.382452,0.1117344,-3.753421,-0.1826314,-0.1663831,-0.007484575,0.9689718,339.1195,339.9903,2.838513,0.3462694,0.02810131,-0.9377139,0,0,0,0.9708154,0.6329002,-2.674965,-0.01399955,0.07634336,1.264162,0.9445213,0.04626887,0.3251749,0.07527823,0.9331795,-0.3514387,-0.3197073,0.35642,0.8779248,moving,-22.80947,21.9418,-0.6344778,3.455924,-2.6476920925209884,4.421820489331232,28.869670773277566,2.2329325595980687,27.436965423211603
1540,05/15/2023 18:38:16.172915,1723,True,True,True,True,Eyes,1.389287,0.1148921,-3.741143,-0.3303249,0.3998214,0.855002,0.0,0.0,0.0,0.0,0.0,0.0,0.0,-0.2067589,-1.47933,3.709382,1.383142,0.1108418,-3.750374,-0.177727,-0.1526918,-0.00288446,0.9721575,339.7304,341.6158,2.973801,0.3479768,0.02880652,-0.9370602,0,0,0,0.9708154,0.6329003,-2.674965,-0.04731596,0.09371042,1.260176,0.9533538,0.04866659,0.2979062,0.05988321,0.9368096,-0.3446763,-0.2958556,0.3464381,0.8901967,moving,-21.12374,25.06202,-2.15028,4.252856,-2.760996100877947,4.885078154684195,28.160495214937114,0.8790216201806919,26.61463904116168
1541,05/15/2023 18:38:16.182647,1724,True,True,True,True,Eyes,1.389252,0.1148854,-3.741108,-0.3302363,0.4000235,0.8549417,0.0,0.0,0.0,0.0,0.0,0.0,0.0,-0.2088035,-1.480379,3.708905,1.383215,0.1110134,-3.750398,-0.1779217,-0.1525141,-0.002548303,0.9721507,339.7137,341.6285,3.013873,0.3479771,0.02880362,-0.9370602,0,0,0,0.9742168,0.6306329,-2.675241,-0.04454413,0.09139395,1.258137,0.9534659,0.04931648,0.2974403,0.05922586,0.9366748,-0.3451561,-0.2956267,0.3467107,0.8901666,moving,-21.11993,25.07469,-2.027701,4.154799,-2.761677339319635,4.886932738648444,28.322341845975977,1.0366971968460224,26.775077340003325
1542,05/15/2023 18:38:16.202649,1725,True,True,True,True,Eyes,1.389219,0.1148776,-3.741071,-0.3301355,0.4002289,0.8548844,1.245339,0.9780887,0.6132984,-2.67645,0.02128186,-0.9978867,-0.0613935,-0.04242843,0.07461777,1.249942,1.383233,0.1110554,-3.750383,-0.1784272,-0.1523073,-0.002340334,0.9720911,339.6589,341.6443,3.04462,0.347977,0.02880087,-0.9370604,0,0,0,0.9777695,0.6282645,-2.675529,-0.04171404,0.08829454,1.256057,0.9535941,0.04980149,0.2969483,0.05890159,0.9363165,-0.346182,-0.2952779,0.3476078,0.8899325,moving,-21.11534,25.08746,-1.902111,4.020992,-2.76230931027754,4.8888085142308535,28.51217709333093,1.2219028747720189,26.96384233719004
1543,05/15/2023 18:38:16.212955,1726,True,True,True,True,Eyes,1.389193,0.1148652,-3.74103,-0.3300192,0.400418,0.8548408,1.241118,0.9796007,0.6118311,-2.680072,-0.08975873,-0.9541409,-0.2855847,-0.04268456,0.07430533,1.245697,1.383263,0.1110191,-3.750282,-0.1785452,-0.1521374,-0.002489124,0.9720955,339.6421,341.6668,3.025735,0.3479764,0.02879824,-0.9370606,0,0,0,0.9809473,0.6261461,-2.675787,-0.03942144,0.08630353,1.254094,0.9536961,0.04948747,0.2966729,0.05916614,0.9362308,-0.3463687,-0.2948952,0.3478834,0.8899517,moving,-21.10954,25.09897,-1.800454,3.936743,-2.7627577574617384,4.8905137422258,28.64752439138372,1.354882707230015,27.09830998216427
1544,05/15/2023 18:38:16.232740,1727,True,True,True,True,Eyes,1.389168,0.1148513,-3.74099,-0.3299062,0.4005481,0.8548234,1.238308,0.980643,0.6108531,-2.682456,-0.2414791,-0.8716967,-0.4264185,-0.04297903,0.07493126,1.24284,1.383215,0.1108809,-3.7502,-0.1783364,-0.151938,-0.002577736,0.9721649,339.6638,341.695,3.006508,0.3479757,0.02879559,-0.937061,0,0,0,0.9842666,0.6239334,-2.676057,-0.03698295,0.08518088,1.252015,0.9538164,0.04918019,0.296337,0.05920418,0.936379,-0.3459615,-0.2944982,0.3475281,0.890222,moving,-21.10334,25.10657,-1.691954,3.892123,-2.76288115194138,4.891660411582518,28.75508073292101,1.4649095541767607,27.204967491131697
1545,05/15/2023 18:38:16.252777,1728,True,True,True,True,Eyes,1.389149,0.1148316,-3.74095,-0.3297707,0.4006877,0.8548104,1.236622,0.9813471,0.6103309,-2.683873,-0.4241188,-0.7535493,-0.5022815,-0.04294008,0.0767777,1.241071,1.383207,0.110836,-3.750179,-0.1777145,-0.1517819,-0.002149664,0.9723041,339.7426,341.7115,3.040892,0.3479748,0.0287929,-0.9370614,0,0,0,0.9877108,0.6216374,-2.676337,-0.0340766,0.08514073,1.249825,0.9539152,0.04976743,0.2959204,0.05812795,0.9368259,-0.3449324,-0.2943923,0.3462375,0.8907597,moving,-21.09573,25.11458,-1.561789,3.897091,-2.7629328340096606,4.892878340315241,28.84019227495895,1.5602368208421211,27.288651783717096
1546,05/15/2023 18:38:16.262312,1729,True,True,True,True,Eyes,1.389135,0.1148213,-3.740913,-0.3296213,0.4007661,0.8548311,1.236487,0.981563,0.6103634,-2.683925,-0.6286194,-0.6055221,-0.4880376,-0.04270312,0.07719088,1.241033,1.383272,0.1106606,-3.750167,-0.1776993,-0.1517467,-0.001829708,0.972313,339.7502,341.7093,3.077746,0.3479739,0.02879001,-0.9370618,0,0,0,0.9909945,0.6194484,-2.676603,-0.03108317,0.08371899,1.247924,0.9539392,0.05037248,0.2957409,0.05748868,0.9368392,-0.3450034,-0.2944403,0.346114,0.8907918,moving,-21.08655,25.11835,-1.426823,3.83803,-2.762549236050323,4.893500498825768,28.971656580474114,1.7024049317259038,27.41966087475948
1547,05/15/2023 18:38:16.282251,1730,True,True,True,True,Eyes,1.38912,0.1148161,-3.740877,-0.329441,0.4008683,0.8548528,1.235993,0.9819334,0.6102864,-2.684285,-0.6039997,-0.6107222,-0.5120574,-0.04337946,0.07897246,1.240398,1.383398,0.1109037,-3.750188,-0.1767906,-0.1516232,-0.002508886,0.9724964,339.8416,341.7475,2.975633,0.3479732,0.02878718,-0.9370621,0,0,0,0.9943441,0.6172155,-2.676875,-0.02900967,0.08365145,1.245742,0.9540083,0.04873133,0.295793,0.05849086,0.9374776,-0.3430956,-0.2940188,0.3446172,0.8915111,moving,-21.07554,25.12341,-1.334009,3.841639,-2.7621299198367426,4.894324085497144,29.028293493080195,1.7741688901859012,27.47592747470451
1548,05/15/2023 18:38:16.302780,1731,True,True,True,True,Eyes,1.389102,0.1148059,-3.740843,-0.3292778,0.4009547,0.8548751,0.0,0.0,0.0,0.0,0.0,0.0,0.0,-0.217443,-1.474077,3.710734,1.383304,0.1110058,-3.750185,-0.1770823,-0.1513829,-0.002725589,0.9724802,339.8033,341.7783,2.950809,0.3479724,0.02878453,-0.9370625,0,0,0,0.997844,0.6148823,-2.677159,-0.026472,0.08087572,1.243628,0.9541515,0.04831332,0.2953991,0.05891565,0.9372689,-0.3435928,-0.2934685,0.3452433,0.89145,moving,-21.06551,25.12758,-1.21942,3.720824,-2.7617146575898044,4.895011171774109,29.191034423802726,1.9383983917628835,27.639062538638136
1549,05/15/2023 18:38:16.312826,1732,True,True,True,True,Eyes,1.389061,0.1147936,-3.740813,-0.3290982,0.4010754,0.8548876,0.0,0.0,0.0,0.0,0.0,0.0,0.0,-0.2166573,-1.47285,3.711272,1.383221,0.1108761,-3.750223,-0.1769485,-0.1514859,-0.00262713,0.9724888,339.8208,341.7651,2.96193,0.3479716,0.02878192,-0.9370629,0,0,0,1.001138,0.6126866,-2.677426,-0.02312279,0.07958192,1.241703,0.9540902,0.04850067,0.2955663,0.05872008,0.9373646,-0.3433649,-0.2937067,0.3449568,0.8914825,moving,-21.05475,25.13389,-1.066829,3.667124,-2.761408157069169,4.896012258490974,29.33153641391799,2.093266555274372,27.778857792077403
1550,05/15/2023 18:38:16.332530,1733,True,True,True,True,Eyes,1.389025,0.1147816,-3.740785,-0.3289179,0.401177,0.8549093,0.0,0.0,0.0,0.0,0.0,0.0,0.0,-0.2179576,-1.473987,3.710618,1.383266,0.1108227,-3.750082,-0.177178,-0.1513938,-0.002343686,0.972462,339.7994,341.7681,2.998305,0.3479703,0.02877929,-0.9370635,0,0,0,1.00476,0.6102722,-2.67772,-0.01998717,0.0772821,1.239478,0.9541488,0.04908901,0.2952801,0.0582056,0.937205,-0.343888,-0.2936191,0.3453073,0.8913757,moving,-21.04374,25.13891,-0.9238412,3.567802,-2.760985813680806,4.8968300952447485,29.497847854884352,2.2674690757596414,27.945127449561955
1551,05/15/2023 18:38:16.352709,1734,True,True,True,True,Eyes,1.388989,0.1147649,-3.74075,-0.3287137,0.4012774,0.8549408,0.0,0.0,0.0,0.0,0.0,0.0,0.0,-0.219267,-1.472461,3.711162,1.383327,0.1108217,-3.750076,-0.1769984,-0.1512514,-0.002239822,0.9725173,339.8215,341.7851,3.003805,0.3479685,0.02877665,-0.9370642,0,0,0,1.007838,0.6082202,-2.67797,-0.01758924,0.07612208,1.23762,0.954236,0.04918598,0.294982,0.05789903,0.9373331,-0.3435903,-0.2933962,0.3449454,0.8915892,moving,-21.03111,25.14361,-0.8142416,3.519648,-2.7604212100972663,4.897616090677123,29.602660361534443,2.384619704204992,28.05005922153931
1552,05/15/2023 18:38:16.362485,1735,True,True,True,True,Eyes,1.388959,0.1147454,-3.740715,-0.3285039,0.4013461,0.8549892,0.0,0.0,0.0,0.0,0.0,0.0,0.0,-0.2206958,-1.471264,3.71138,1.383385,0.1106949,-3.749889,-0.176897,-0.15111,-0.00209256,0.9725579,339.8354,341.8003,3.016102,0.3479664,0.0287739,-0.9370651,0,0,0,1.011072,0.6060644,-2.678233,-0.01505914,0.07487905,1.235565,0.9543228,0.04939153,0.2946667,0.05753208,0.9374061,-0.3434528,-0.2931861,0.3447176,0.8917464,moving,-21.01777,25.14614,-0.6982898,3.468059,-2.7596406474757407,4.898096358137536,29.712294954122157,2.508819276484047,28.160023973791876
1553,05/15/2023 18:38:16.382873,1736,True,True,True,True,Eyes,1.388921,0.1147277,-3.740678,-0.3281837,0.4013509,0.8551099,0.0,0.0,0.0,0.0,0.0,0.0,0.0,-0.2221316,-1.468265,3.712452,1.383502,0.1106138,-3.749817,-0.1764985,-0.1509224,-0.002150064,0.9726592,339.8795,341.8283,2.996984,0.3479641,0.02877096,-0.937066,0,0,0,1.014414,0.6038364,-2.678504,-0.01271576,0.07414591,1.233511,0.9544356,0.04909262,0.294351,0.0574577,0.9376873,-0.342697,-0.2928331,0.3439949,0.8921414,moving,-20.99637,25.14329,-0.5906178,3.439891,-2.757865630498385,4.8978737021969385,29.789801123891475,2.612025405447934,28.23904708926169
1554,05/15/2023 18:38:16.402353,1737,True,True,True,True,Eyes,1.388889,0.1147092,-3.740637,-0.327846,0.4013109,0.8552582,0.0,0.0,0.0,0.0,0.0,0.0,0.0,-0.2247177,-1.463576,3.714028,1.383611,0.1106739,-3.749658,-0.1758596,-0.1505821,-0.002226219,0.9728276,339.9504,341.8776,2.967444,0.3479615,0.0287679,-0.9370671,0,0,0,1.017948,0.6014808,-2.678791,-0.01062572,0.07380265,1.231178,0.9546402,0.04863116,0.293764,0.05729411,0.9381369,-0.3414917,-0.2921979,0.3428326,0.8927969,moving,-20.97332,25.13727,-0.4944809,3.430477,-2.7557304811449086,4.8972097854914205,29.84238115882407,2.6952837943829673,28.293540149528734
1555,05/15/2023 18:38:16.412980,1738,True,True,True,True,Eyes,1.388849,0.1146896,-3.740602,-0.3273514,0.4012346,0.8554834,0.0,0.0,0.0,0.0,0.0,0.0,0.0,-0.2279581,-1.458746,3.715632,1.383735,0.1106434,-3.749516,-0.1752159,-0.1501611,-0.002297914,0.9730088,340.0218,341.9366,2.93669,0.3479588,0.02876473,-0.9370682,0,0,0,1.021345,0.5992163,-2.679067,-0.008854747,0.07362428,1.22898,0.9548928,0.04814942,0.2930213,0.05709303,0.9385882,-0.340283,-0.2914107,0.3416633,0.8935022,moving,-20.93939,25.12729,-0.4128064,3.428311,-2.752502860234615,4.8960717129009135,29.86948817656958,2.761974119424327,28.324123274878033
1556,05/15/2023 18:38:16.432764,1739,True,True,True,True,Eyes,1.388821,0.1146706,-3.740562,-0.326812,0.4011363,0.8557357,0.0,0.0,0.0,0.0,0.0,0.0,0.0,-0.2328368,-1.455002,3.716817,1.383894,0.1106329,-3.749475,-0.1747103,-0.1495296,-0.002410471,0.9731965,340.0758,342.0205,2.899532,0.3479558,0.02876141,-0.9370694,0,0,0,1.024642,0.5970183,-2.679334,-0.007693917,0.07309628,1.226961,0.9552702,0.047557,0.2918855,0.05694045,0.9389409,-0.3393341,-0.290201,0.3407758,0.8942344,moving,-20.90224,25.1154,-0.3592804,3.409369,-2.7488960634531177,4.894687222993415,29.885865737839907,2.813615688500617,28.344962572584862
1557,05/15/2023 18:38:16.452654,1740,True,True,True,True,Eyes,1.38877,0.1146505,-3.740526,-0.3260622,0.4010063,0.8560826,0.0,0.0,0.0,0.0,0.0,0.0,0.0,-0.2396491,-1.451962,3.717524,1.38413,0.1106405,-3.749341,-0.1743091,-0.1486693,-0.002524303,0.9734,340.1173,342.1311,2.859576,0.3479528,0.02875799,-0.9370705,0,0,0,1.028238,0.5946208,-2.679626,-0.006900996,0.07217047,1.224715,0.9557822,0.04691452,0.2903094,0.05674315,0.9392199,-0.3385945,-0.2885493,0.3400956,0.8950275,moving,-20.85069,25.09934,-0.3228454,3.372446,-2.7439244143946304,4.892829153237419,29.890639451322972,2.8588788933059464,28.356434676946265
1558,05/15/2023 18:38:16.462350,1741,True,True,True,True,Eyes,1.388729,0.1146308,-3.740481,-0.3252352,0.4008556,0.8564676,0.0,0.0,0.0,0.0,0.0,0.0,0.0,-0.2484482,-1.451167,3.717131,1.384326,0.1106377,-3.749143,-0.1741799,-0.1475207,-0.002853634,0.9735969,340.1229,342.2784,2.793547,0.3479493,0.02875444,-0.937072,0,0,0,1.031415,0.5925031,-2.679884,-0.007249385,0.07077041,1.222699,0.956459,0.04583371,0.2882454,0.05694687,0.9393064,-0.3383201,-0.2862573,0.340004,0.895798,moving,-20.79378,25.08117,-0.3397028,3.312611,-2.7384025205136147,4.890714619145275,29.87037721623282,2.871266511829145,28.34445839625932
1559,05/15/2023 18:38:16.482745,1742,True,True,True,True,Eyes,1.388642,0.1146022,-3.740452,-0.3242053,0.4006757,0.8569422,0.0,0.0,0.0,0.0,0.0,0.0,0.0,-0.2590943,-1.447765,3.717505,1.384466,0.1106386,-3.748868,-0.1737149,-0.1461304,-0.003158752,0.9738887,340.1669,342.4577,2.718607,0.3479456,0.02875079,-0.9370735,0,0,0,1.034839,0.5902207,-2.680162,-0.007931918,0.07010773,1.220406,0.9572719,0.04461749,0.2857268,0.05692257,0.9396263,-0.3374347,-0.2835319,0.3392811,0.8969382,moving,-20.72304,25.05912,-0.3723835,3.287814,-2.731579254949473,4.888163210581892,29.80166077463852,2.8507757200421255,28.285626834409292
1560,05/15/2023 18:38:16.502760,1743,True,True,True,True,Eyes,1.388564,0.1145686,-3.740414,-0.3231257,0.400443,0.8574586,0.0,0.0,0.0,0.0,0.0,0.0,0.0,-0.2691619,-1.444345,3.718109,1.384582,0.1104679,-3.748819,-0.1733225,-0.144864,-0.003148731,0.9741478,340.2086,342.6147,2.685232,0.3479406,0.02874683,-0.9370754,0,0,0,1.038158,0.5880081,-2.680432,-0.008121938,0.06951585,1.218445,0.9580091,0.04408172,0.2833292,0.05635101,0.9398988,-0.3367711,-0.2811463,0.3385957,0.8979474,moving,-20.64847,25.03311,-0.3819179,3.265353,-2.7241772225928904,4.885076032530545,29.741694283161866,2.847750241222578,28.23596150652439
1561,05/15/2023 18:38:16.512708,1744,True,True,True,True,Eyes,1.388511,0.1145377,-3.740368,-0.3220196,0.4000955,0.8580367,0.0,0.0,0.0,0.0,0.0,0.0,0.0,-0.2794638,-1.437377,3.719861,1.384726,0.1103277,-3.748584,-0.1724718,-0.1435808,-0.003062955,0.974489,340.3044,342.7764,2.651693,0.3479348,0.02874247,-0.9370778,0,0,0,1.041567,0.5857356,-2.680708,-0.008338213,0.07005009,1.216203,0.9587504,0.04355764,0.2808923,0.05549692,0.9404882,-0.3352641,-0.2787792,0.3370232,0.8992761,moving,-20.57102,24.99926,-0.3928102,3.296444,-2.7159720101178286,4.8808870404417,29.633973291860002,2.812034947221333,28.138917543776262
1562,05/15/2023 18:38:16.532773,1745,True,True,True,True,Eyes,1.388468,0.1145003,-3.740314,-0.320856,0.3997067,0.8586537,0.0,0.0,0.0,0.0,0.0,0.0,0.0,-0.2898363,-1.429891,3.721871,1.38492,0.1103754,-3.748431,-0.171517,-0.1422839,-0.003010384,0.9748479,340.4115,342.941,2.612253,0.3479286,0.02873782,-0.9370801,0,0,0,1.044945,0.5834837,-2.680983,-0.008666366,0.0706273,1.214,0.9594925,0.04293888,0.2784428,0.05467755,0.9411457,-0.3335494,-0.2763775,0.3352627,0.9006745,moving,-20.48938,24.96216,-0.4090095,3.329562,-2.707215531470059,4.8762674861288415,29.515937654881885,2.7702073611746854,28.032271888006868
1563,05/15/2023 18:38:16.552430,1746,True,True,True,True,Eyes,1.388406,0.1144623,-3.740265,-0.3194567,0.3991452,0.8594362,0.0,0.0,0.0,0.0,0.0,0.0,0.0,-0.3011221,-1.423299,3.723304,1.385091,0.1101971,-3.748177,-0.1707185,-0.1408723,-0.002969426,0.9751931,340.5002,343.1182,2.572401,0.3479227,0.02873275,-0.9370825,0,0,0,1.048314,0.5812376,-2.681256,-0.009251595,0.0710701,1.211809,0.9602923,0.04230748,0.2757693,0.05389058,0.9416928,-0.3321304,-0.2737415,0.3338036,0.9020205,moving,-20.39035,24.91142,-0.437418,3.356436,-2.696159647802807,4.869839190134747,29.372382106953467,2.718879005661887,27.903154266017346
1564,05/15/2023 18:38:16.562834,1747,True,True,True,True,Eyes,1.388352,0.1144202,-3.740208,-0.3180081,0.3985449,0.8602516,0.0,0.0,0.0,0.0,0.0,0.0,0.0,-0.311389,-1.415219,3.725493,1.385245,0.1102076,-3.748074,-0.1696445,-0.1395418,-0.003112802,0.9755712,340.6177,343.2914,2.507551,0.3479164,0.02872728,-0.937085,0,0,0,1.051608,0.5790417,-2.681523,-0.009775907,0.07191613,1.209702,0.9610368,0.04127147,0.2733221,0.05341852,0.9424221,-0.3301318,-0.2712097,0.3318693,0.9034977,moving,-20.28778,24.85776,-0.4630115,3.402198,-2.684624835005416,4.863022088050047,29.212370441551577,2.6588668312837966,27.7578851606719
1565,05/15/2023 18:38:16.582384,1748,True,True,True,True,Eyes,1.388322,0.1143723,-3.740139,-0.3165425,0.3977927,0.8611399,0.0,0.0,0.0,0.0,0.0,0.0,0.0,-0.3228911,-1.408067,3.726987,1.385347,0.1100807,-3.747805,-0.1687635,-0.1380904,-0.003086299,0.9759306,340.7157,343.4739,2.464349,0.34791,0.02872136,-0.9370876,0,0,0,1.055097,0.5767159,-2.681807,-0.0102773,0.07242981,1.207399,0.9618431,0.04058521,0.2705751,0.05263329,0.9430187,-0.3285505,-0.2684916,0.3302553,0.9048998,moving,-20.18269,24.79398,-0.4876861,3.432962,-2.672140524859616,4.854772280398063,29.054883730921023,2.606412401699772,27.616239842784378
1566,05/15/2023 18:38:16.602839,1749,True,True,True,True,Eyes,1.388299,0.1143193,-3.740065,-0.3150584,0.3969769,0.8620602,0.0,0.0,0.0,0.0,0.0,0.0,0.0,-0.3342384,-1.398838,3.729249,1.385438,0.1099091,-3.747565,-0.167649,-0.1366872,-0.002865411,0.9763208,340.844,343.6485,2.441215,0.3479041,0.02871488,-0.93709,0,0,0,1.058579,0.5743948,-2.682089,-0.0105508,0.07360211,1.205112,0.9626168,0.04023585,0.267862,0.05142607,0.9437712,-0.3265751,-0.2659405,0.3281417,0.9064208,moving,-20.07591,24.72597,-0.5016137,3.494993,-2.6592129475690087,4.845929188745461,28.877455913129236,2.5456360893050807,27.454611339172406
1567,05/15/2023 18:38:16.612955,1750,True,True,True,True,Eyes,1.388301,0.1142657,-3.739979,-0.313581,0.3959958,0.8630494,0.0,0.0,0.0,0.0,0.0,0.0,0.0,-0.344032,-1.388441,3.732107,1.385567,0.1097546,-3.747387,-0.1664055,-0.1355136,-0.002464357,0.9766983,340.9906,343.7927,2.442128,0.3478989,0.02870778,-0.9370921,0,0,0,1.061849,0.5722147,-2.682355,-0.01039231,0.0752019,1.202993,0.9632601,0.04028652,0.2655318,0.04991429,0.9446063,-0.3243879,-0.2638915,0.3257237,0.9078907,moving,-19.96815,24.64723,-0.4949494,3.577039,-2.645401922037565,4.8355522464242044,28.690738756336014,2.491646371570997,27.28402896176211
1568,05/15/2023 18:38:16.632510,1751,True,True,True,True,Eyes,1.388315,0.1142076,-3.739889,-0.3120878,0.3949829,0.8640542,0.0,0.0,0.0,0.0,0.0,0.0,0.0,-0.3541253,-1.376573,3.735353,1.385683,0.109705,-3.747142,-0.1649557,-0.1342973,-0.002064942,0.9771129,341.1607,343.9436,2.438691,0.3478951,0.0287001,-0.9370938,0,0,0,1.065197,0.5699835,-2.682626,-0.01028326,0.07716599,1.200708,0.96392,0.04027083,0.2631286,0.0483416,0.9455707,-0.321806,-0.261766,0.3229153,0.9095076,moving,-19.85922,24.56644,-0.4906879,3.677174,-2.6313505006674305,4.824890846062141,28.486864863081834,2.428927814619256,27.096291134981932
1569,05/15/2023 18:38:16.652531,1752,True,True,True,True,Eyes,1.388365,0.1141574,-3.739784,-0.3105887,0.3938712,0.8651012,0.0,0.0,0.0,0.0,0.0,0.0,0.0,-0.3636762,-1.3685,3.737297,1.385935,0.1095505,-3.746949,-0.1640257,-0.1331751,-0.001667861,0.9774238,341.2712,344.0788,2.4466,0.3478926,0.0286918,-0.9370949,0,0,0,1.068715,0.567638,-2.682912,-0.009856492,0.07783753,1.198536,0.9645233,0.04042786,0.260884,0.04694869,0.9461855,-0.3202011,-0.2597898,0.3210896,0.9107199,moving,-19.74916,24.47926,-0.471177,3.715789,-2.6167331496317106,4.8133207720188445,28.333061192114947,2.4099765936235307,26.95950514955352
1570,05/15/2023 18:38:16.664445,1753,True,True,True,True,Eyes,1.388425,0.1141087,-3.739671,-0.3090572,0.3927702,0.8661496,0.0,0.0,0.0,0.0,0.0,0.0,0.0,-0.374263,-1.35863,3.73967,1.3862,0.109704,-3.746665,-0.1627576,-0.1318648,-0.001566943,0.9778137,341.4153,344.2448,2.410143,0.3478924,0.02868312,-0.9370953,0,0,0,1.071925,0.5654981,-2.683173,-0.01038149,0.07912824,1.196312,0.9652185,0.03985964,0.2583885,0.04598837,0.947015,-0.3178799,-0.2573684,0.3187064,0.9122432,moving,-19.63728,24.39272,-0.4971952,3.78423,-2.6020316174107787,4.801858602580201,28.12565921416405,2.3379273549124604,26.769418471529168
1571,05/15/2023 18:38:16.682472,1754,True,True,True,True,Eyes,1.388513,0.1140677,-3.739546,-0.3074857,0.3916411,0.8672196,0.0,0.0,0.0,0.0,0.0,0.0,0.0,-0.3838401,-1.354656,3.73992,1.386484,0.1096992,-3.746339,-0.1622453,-0.130658,-0.001712017,0.9780604,341.4689,344.3968,2.360319,0.3478945,0.02867416,-0.9370948,0,0,0,1.075552,0.5630804,-2.683467,-0.01036844,0.07843521,1.194015,0.9658511,0.03904837,0.2561382,0.04574621,0.947347,-0.3169241,-0.2550272,0.3178189,0.91321,moving,-19.52272,24.3042,-0.4975255,3.758379,-2.5869849593617475,4.790135234128961,28.001585425237465,2.3303136610723163,26.663556031933293
1572,05/15/2023 18:38:16.702898,1755,True,True,True,True,Eyes,1.388596,0.1140197,-3.739413,-0.305884,0.3904969,0.8683013,0.0,0.0,0.0,0.0,0.0,0.0,0.0,-0.3926207,-1.347076,3.741538,1.386581,0.1098623,-3.74609,-0.1610525,-0.1293778,-0.002596441,0.9784257,341.5892,344.5767,2.210237,0.3478993,0.02866512,-0.9370933,0,0,0,1.07882,0.560902,-2.683732,-0.01110017,0.07915148,1.191794,0.9665093,0.03659239,0.2540095,0.04675411,0.9481107,-0.3144839,-0.2523369,0.3158276,0.914647,moving,-19.40627,24.21465,-0.5336282,3.799648,-2.57172263496567,4.778280322988806,27.801958836943687,2.2608737579609572,26.482056602838068
1573,05/15/2023 18:38:16.722265,1756,True,True,True,True,Eyes,1.388725,0.1139593,-3.739264,-0.3043252,0.3893119,0.8693805,0.0,0.0,0.0,0.0,0.0,0.0,0.0,-0.4022185,-1.3402,3.742623,1.386544,0.109663,-3.745748,-0.1601923,-0.1281336,-0.002673754,0.9787303,341.6841,344.7341,2.162266,0.3479066,0.02865586,-0.9370909,0,0,0,1.082174,0.5586657,-2.684005,-0.01107544,0.07965964,1.189567,0.9671493,0.03581826,0.2516731,0.04628581,0.9486626,-0.312885,-0.2499598,0.3142554,0.9158404,moving,-19.29251,24.12302,-0.5334356,3.831105,-2.556498906816552,4.766102906829575,27.634483651987424,2.2286781349408016,26.3320775640966
1574,05/15/2023 18:38:16.732487,1757,True,True,True,True,Eyes,1.388856,0.1138897,-3.739109,-0.3027447,0.3880679,0.8704878,0.0,0.0,0.0,0.0,0.0,0.0,0.0,-0.4080338,-1.329271,3.74571,1.386766,0.1093073,-3.745494,-0.1587702,-0.127376,-0.002807062,0.9790606,341.8439,344.838,2.107916,0.3479172,0.02864608,-0.9370872,0,0,0,1.085597,0.5563841,-2.684283,-0.01013485,0.08152959,1.187435,0.967535,0.03495046,0.250309,0.0459436,0.9495683,-0.3101761,-0.2485263,0.3116063,0.9171348,moving,-19.17703,24.02756,-0.489012,3.92778,-2.5408599972927277,4.753389968031278,27.445275965395652,2.2117215067242952,26.15943099284324
1575,05/15/2023 18:38:16.752901,1758,True,True,True,True,Eyes,1.389047,0.1138195,-3.738938,-0.3011811,0.3867948,0.871596,0.0,0.0,0.0,0.0,0.0,0.0,0.0,-0.4171188,-1.317757,3.748523,1.386928,0.1090498,-3.745189,-0.1572971,-0.1262155,-0.002841946,0.9794484,342.0103,344.9886,2.057039,0.3479309,0.0286356,-0.9370825,0,0,0,1.089329,0.553896,-2.684586,-0.009749502,0.08331147,1.18503,0.9681231,0.03413957,0.2481373,0.04527375,0.9504991,-0.3074113,-0.2463492,0.3088461,0.9186546,moving,-19.06265,23.93057,-0.4713745,4.021464,-2.525185450849915,4.740447481414779,27.239824273224237,2.1760231313978142,25.970772411595714
1576,05/15/2023 18:38:16.762473,1759,True,True,True,True,Eyes,1.389239,0.1137475,-3.738765,-0.2995873,0.3854744,0.8727296,0.0,0.0,0.0,0.0,0.0,0.0,0.0,-0.4257773,-1.30485,3.751928,1.38711,0.1089592,-3.744988,-0.1555716,-0.1250761,-0.003038555,0.9798695,342.2033,345.1409,1.983884,0.3479488,0.02862448,-0.9370762,0,0,0,1.092096,0.5520514,-2.68481,-0.01030406,0.0859777,1.183149,0.9686935,0.0329618,0.246062,0.04487138,0.9515765,-0.3041197,-0.2441711,0.3056399,0.9203069,moving,-18.94613,23.83048,-0.4989771,4.156293,-2.509120365284079,4.727078078753057,26.969818023615723,2.0896103830843855,25.717990623822374
1577,05/15/2023 18:38:16.782550,1760,True,True,True,True,Eyes,1.389492,0.1136797,-3.738581,-0.2979727,0.3841832,0.873851,0.0,0.0,0.0,0.0,0.0,0.0,0.0,-0.4352279,-1.29443,3.75428,1.387307,0.1088762,-3.744745,-0.1541825,-0.123845,-0.003244922,0.9802446,342.3575,345.3016,1.913961,0.3479707,0.02861274,-0.9370684,0,0,0,1.095835,0.5495589,-2.685114,-0.01016343,0.08728981,1.180784,0.9693037,0.03182785,0.2437976,0.0445511,0.9524344,-0.3014694,-0.2417963,0.3030769,0.9217803,moving,-18.82876,23.73239,-0.4931528,4.227916,-2.493144702421925,4.714003600561809,26.769740331377285,2.0582149463001205,25.53514276704416
1578,05/15/2023 18:38:16.802684,1761,True,True,True,True,Eyes,1.38974,0.1136096,-3.738393,-0.2963268,0.3828693,0.8749865,0.0,0.0,0.0,0.0,0.0,0.0,0.0,-0.4448234,-1.286407,3.755881,1.387437,0.1088896,-3.744665,-0.1531099,-0.1225983,-0.003399509,0.9805691,342.4761,345.4608,1.855432,0.3479974,0.02860054,-0.9370589,0,0,0,1.098848,0.5475504,-2.685358,-0.01056942,0.08813125,1.178964,0.9699162,0.03087513,0.2414733,0.04420896,0.9530916,-0.2994361,-0.2393913,0.3011032,0.9230541,moving,-18.70941,23.63283,-0.5136433,4.275086,-2.4769135163569604,4.70073511714467,26.567050618583252,2.0088820556121116,25.350416407196533
1579,05/15/2023 18:38:16.812868,1762,True,True,True,True,Eyes,1.390057,0.1135505,-3.738193,-0.2946567,0.3816509,0.8760822,0.0,0.0,0.0,0.0,0.0,0.0,0.0,-0.4560536,-1.278013,3.757169,1.387568,0.1087837,-3.744388,-0.1521262,-0.1212314,-0.003094741,0.9808929,342.5911,345.6254,1.850571,0.3480285,0.02858786,-0.9370477,0,0,0,1.10223,0.5452964,-2.685633,-0.01069495,0.0888648,1.176823,0.9705867,0.03081372,0.2387716,0.04295613,0.9536961,-0.2976886,-0.2368884,0.2991893,0.9243212,moving,-18.58957,23.53956,-0.5206888,4.318349,-2.4611226492237064,4.688375090634169,26.380663754466724,1.9753994104897208,25.18133350373994
1580,05/15/2023 18:38:16.832449,1763,True,True,True,True,Eyes,1.390367,0.1134904,-3.737996,-0.2929567,0.3804612,0.877169,0.0,0.0,0.0,0.0,0.0,0.0,0.0,-0.4660681,-1.273478,3.757448,1.38774,0.108943,-3.744288,-0.15157,-0.1199939,-0.002979229,0.9811317,342.6544,345.7749,1.832827,0.3480651,0.02857503,-0.9370345,0,0,0,1.105581,0.5430623,-2.685905,-0.01061261,0.08822361,1.174884,0.9711852,0.03052891,0.2363627,0.04222099,0.9540353,-0.2967053,-0.2345565,0.2981352,0.9252561,moving,-18.46828,23.44819,-0.5175329,4.294358,-2.4453699173027643,4.676300857511032,26.250687643038656,1.9653080958685616,25.06907139359434
1581,05/15/2023 18:38:16.852443,1764,True,True,True,True,Eyes,1.390692,0.113432,-3.737797,-0.2912225,0.3793552,0.878225,0.0,0.0,0.0,0.0,0.0,0.0,0.0,-0.4768767,-1.270692,3.756938,1.387856,0.1088657,-3.744149,-0.1513074,-0.1186697,-0.002771921,0.9813337,342.6851,345.9312,1.829033,0.3481065,0.02856203,-0.9370195,0,0,0,1.109077,0.5407318,-2.686188,-0.0104689,0.08707461,1.172952,0.9718196,0.03047084,0.233748,0.04135153,0.9541968,-0.2963081,-0.2320703,0.2976239,0.9260472,moving,-18.3457,23.36226,-0.5113662,4.245591,-2.429934884110193,4.665019887160035,26.144033654839557,1.9638804411248214,24.979960794505974
1582,05/15/2023 18:38:16.862810,1765,True,True,True,True,Eyes,1.391014,0.1133699,-3.737596,-0.2894666,0.3782542,0.8792797,0.0,0.0,0.0,0.0,0.0,0.0,0.0,-0.4859594,-1.267453,3.756762,1.387996,0.108839,-3.743991,-0.150939,-0.1175432,-0.002696457,0.9815262,342.7264,346.0669,1.811787,0.3481525,0.02854892,-0.9370028,0,0,0,1.112329,0.5385636,-2.686453,-0.01019102,0.08621737,1.171113,0.9723527,0.0301904,0.2315574,0.04077698,0.9544203,-0.2956672,-0.2299294,0.296935,0.9268021,moving,-18.222,23.27672,-0.498575,4.210519,-2.41444775603684,4.653804766765979,26.031515789577565,1.9664868899490529,24.88469325523677
1583,05/15/2023 18:38:16.882333,1766,True,True,True,True,Eyes,1.391384,0.1133045,-3.737384,-0.2878085,0.3772022,0.8802754,0.0,0.0,0.0,0.0,0.0,0.0,0.0,-0.4955775,-1.262881,3.756863,1.388239,0.1087055,-3.743723,-0.1503827,-0.1163399,-0.002739152,0.9817548,342.7876,346.2148,1.776516,0.3482027,0.02853561,-0.9369846,0,0,0,1.115748,0.5362845,-2.68673,-0.01012391,0.08580077,1.169121,0.9729151,0.02961267,0.2292585,0.04036939,0.9547551,-0.2946405,-0.2276108,0.2959152,0.9277002,moving,-18.1053,23.19536,-0.4961357,4.197361,-2.3997870291963865,4.643129336134148,25.903795732448085,1.9551464887959102,24.773092433682915
1584,05/15/2023 18:38:16.902781,1767,True,True,True,True,Eyes,1.39175,0.1132306,-3.737176,-0.286146,0.37614,0.8812714,0.0,0.0,0.0,0.0,0.0,0.0,0.0,-0.5062631,-1.256545,3.75741,1.38839,0.1085205,-3.743519,-0.1496841,-0.1150449,-0.002431535,0.9820151,342.8698,346.3683,1.778876,0.3482578,0.02852206,-0.9369645,0,0,0,1.119241,0.5339563,-2.687014,-0.009912968,0.08580679,1.167123,0.9735175,0.02966517,0.2266795,0.03921641,0.9551775,-0.2934247,-0.2252236,0.2945436,0.9287187,moving,-17.98845,23.11352,-0.4866303,4.204815,-2.3850790463699454,4.632386217418829,25.765341402518484,1.946002258107281,24.650365498443147
1585,05/15/2023 18:38:16.913127,1768,True,True,True,True,Eyes,1.392118,0.1131594,-3.736962,-0.2844864,0.3750955,0.8822533,0.0,0.0,0.0,0.0,0.0,0.0,0.0,-0.5147492,-1.25042,3.75826,1.388618,0.1082497,-3.743402,-0.1490073,-0.1140327,-0.002143197,0.9822366,342.9498,346.4883,1.784588,0.3483172,0.02850805,-0.9369429,0,0,0,1.122475,0.5318,-2.687276,-0.009346902,0.08593926,1.1654,0.9739839,0.02977316,0.2246529,0.03819366,0.9555845,-0.292232,-0.2233755,0.2932096,0.9295867,moving,-17.87214,23.03308,-0.4595218,4.217489,-2.37051636225985,4.62183962647974,25.636414282388486,1.9533048011309637,24.536610412766038
1586,05/15/2023 18:38:16.932813,1769,True,True,True,True,Eyes,1.392472,0.1130941,-3.736756,-0.2827947,0.3740296,0.8832491,0.0,0.0,0.0,0.0,0.0,0.0,0.0,-0.5261049,-1.239729,3.759958,1.388742,0.1082611,-3.743083,-0.1476045,-0.1125681,-0.002255175,0.9826171,343.107,346.6733,1.724744,0.3483805,0.02849371,-0.9369197,0,0,0,1.125917,0.5295058,-2.687556,-0.009821743,0.08733764,1.163158,0.9746467,0.02879918,0.2218884,0.03766305,0.9564157,-0.2895696,-0.2205569,0.2905851,0.9310826,moving,-17.75379,22.95121,-0.4837958,4.294089,-2.3556968101662847,4.611105304603449,25.423234720953086,1.8985554322289313,24.338794478908987
1587,05/15/2023 18:38:16.952707,1770,True,True,True,True,Eyes,1.392817,0.113016,-3.736551,-0.2811302,0.3730042,0.8842136,0.0,0.0,0.0,0.0,0.0,0.0,0.0,-0.537292,-1.232637,3.760648,1.38872,0.1083536,-3.743029,-0.146769,-0.1111798,-0.001948566,0.9829009,343.2048,346.8384,1.724202,0.3484469,0.02847922,-0.9368954,0,0,0,1.129368,0.5272049,-2.687836,-0.009649545,0.08735931,1.16121,0.9752705,0.028805,0.2191293,0.03646599,0.9569101,-0.2880855,-0.2179854,0.2889521,0.9321958,moving,-17.63774,22.87238,-0.4761116,4.30233,-2.341274914981415,4.600787875573077,25.28573207052124,1.8888915519542286,24.21640185216499
1588,05/15/2023 18:38:16.962475,1771,True,True,True,True,Eyes,1.393156,0.1129312,-3.736345,-0.2794455,0.3719154,0.8852056,0.0,0.0,0.0,0.0,0.0,0.0,0.0,-0.5477266,-1.223909,3.761827,1.388855,0.1079617,-3.742824,-0.1458522,-0.1099567,-0.001344465,0.983176,343.316,346.9791,1.760666,0.348516,0.02846428,-0.9368702,0,0,0,1.132574,0.5250678,-2.688096,-0.009346843,0.08827975,1.159407,0.9758155,0.02943116,0.2166058,0.03471855,0.9574507,-0.286501,-0.2158214,0.2870923,0.9332734,moving,-17.52009,22.78951,-0.4618937,4.354221,-2.3264306896651155,4.589903688094057,25.116567072807833,1.879373436892384,24.06207362053469
1589,05/15/2023 18:38:16.982367,1772,True,True,True,True,Eyes,1.393497,0.1128473,-3.736139,-0.2777884,0.3708117,0.8861898,0.0,0.0,0.0,0.0,0.0,0.0,0.0,-0.5603475,-1.211618,3.763737,1.389002,0.1077185,-3.742565,-0.1445775,-0.1085333,-0.00024094,0.9835232,343.4745,347.1373,1.847581,0.3485874,0.02844875,-0.9368441,0,0,0,1.135941,0.5228238,-2.688369,-0.009135693,0.08994204,1.157371,0.9764409,0.030909,0.2135597,0.03185688,0.9581946,-0.2843383,-0.2134203,0.2844429,0.9346358,moving,-17.40432,22.70608,-0.452254,4.443659,-2.311681071839033,4.578922571474497,24.917635571008677,1.8643404381324558,23.877394862581976
1590,05/15/2023 18:38:17.002803,1773,True,True,True,True,Eyes,1.393832,0.1127726,-3.73594,-0.2760811,0.3696367,0.8872136,0.0,0.0,0.0,0.0,0.0,0.0,0.0,-0.5723735,-1.199816,3.765595,1.389318,0.1076536,-3.742337,-0.1432214,-0.1071224,0.0003787005,0.9838763,343.6357,347.3025,1.87715,0.3486609,0.02843274,-0.9368172,0,0,0,1.139392,0.5205228,-2.688649,-0.0092206,0.09140944,1.15531,0.9770493,0.03142963,0.2106819,0.02993925,0.958975,-0.2819053,-0.2108988,0.281743,0.9360249,moving,-17.28498,22.6179,-0.4572716,4.523885,-2.2963118456588107,4.567289852219635,24.709616525062778,1.8395523929339517,23.68439409101143
1591,05/15/2023 18:38:17.022729,1774,True,True,True,True,Eyes,1.394172,0.1126942,-3.735743,-0.2743699,0.3684864,0.8882223,0.0,0.0,0.0,0.0,0.0,0.0,0.0,-0.5846766,-1.187688,3.767546,1.389487,0.1078415,-3.742266,-0.1416258,-0.1055454,0.0003616466,0.9842775,343.8161,347.4993,1.826373,0.348736,0.0284165,-0.9367897,0,0,0,1.142691,0.5183235,-2.688917,-0.009985745,0.09306154,1.153337,0.9777201,0.03060783,0.2076695,0.02918398,0.959884,-0.2788745,-0.2078744,0.2787219,0.9376046,moving,-17.1658,22.53153,-0.4960622,4.613142,-2.281091257685321,4.55591591841331,24.47343022216732,1.7859461249418225,23.463338187401554
1592,05/15/2023 18:38:17.032636,1775,True,True,True,True,Eyes,1.394505,0.1126208,-3.735555,-0.2726338,0.3673152,0.8892414,0.0,0.0,0.0,0.0,0.0,0.0,0.0,-0.5965513,-1.179399,3.768108,1.389638,0.1076565,-3.742032,-0.1406285,-0.1040535,0.0004654612,0.9845793,343.9293,347.6803,1.799945,0.3488127,0.02839997,-0.9367616,0,0,0,1.146052,0.5160834,-2.68919,-0.01039732,0.09371158,1.151406,0.9783453,0.03018235,0.204767,0.02834922,0.9604468,-0.2770167,-0.2050288,0.276823,0.938793,moving,-17.04509,22.44384,-0.5173729,4.652982,-2.265659288080265,4.544365608788928,24.28332886804847,1.751657162571048,23.288727471619882
1593,05/15/2023 18:38:17.052654,1776,True,True,True,True,Eyes,1.394855,0.1125461,-3.735364,-0.2709485,0.3662376,0.8902005,0.0,0.0,0.0,0.0,0.0,0.0,0.0,-0.6057397,-1.17289,3.768846,1.389819,0.1077538,-3.742137,-0.1397263,-0.1028505,0.000249398,0.9848342,344.0283,347.8315,1.742451,0.3488907,0.02838329,-0.9367331,0,0,0,1.149902,0.5135164,-2.689503,-0.009808987,0.09338772,1.149531,0.9788435,0.02923305,0.2025116,0.0282506,0.9609531,-0.2752657,-0.202651,0.2751631,0.9397967,moving,-16.92857,22.36277,-0.4888951,4.644501,-2.251033624123307,4.533730291946436,24.170228943352004,1.7656166990494153,23.190026309356835
1594,05/15/2023 18:38:17.072922,1777,True,True,True,True,Eyes,1.395199,0.1124719,-3.735172,-0.2692392,0.3651781,0.8911538,0.0,0.0,0.0,0.0,0.0,0.0,0.0,-0.6150342,-1.170625,3.767928,1.390034,0.1076365,-3.741943,-0.1394657,-0.101677,0.0001658319,0.984993,344.0552,347.9734,1.7097,0.3489701,0.02836645,-0.936704,0,0,0,1.15277,0.5116051,-2.689735,-0.01005906,0.09247711,1.148029,0.9793236,0.02868759,0.2002561,0.02803424,0.9610986,-0.2747791,-0.2003486,0.2747117,0.9404223,moving,-16.81084,22.2829,-0.502014,4.605399,-2.2364106076417407,4.523278047448936,24.05144168450775,1.7363396682236665,23.086462295533927
1595,05/15/2023 18:38:17.082857,1778,True,True,True,True,Eyes,1.395537,0.1124036,-3.734979,-0.2675017,0.3642057,0.8920746,0.0,0.0,0.0,0.0,0.0,0.0,0.0,-0.624021,-1.167741,3.767191,1.390233,0.1075926,-3.741715,-0.1390789,-0.100519,-4.59925e-05,0.9851665,344.0951,348.1163,1.660599,0.3490507,0.02834948,-0.9366744,0,0,0,1.156392,0.5091906,-2.690029,-0.00961718,0.09131792,1.146113,0.9797918,0.0278695,0.1980686,0.02805074,0.9613141,-0.2740224,-0.198043,0.2740409,0.941106,moving,-16.69213,22.20863,-0.4807649,4.555486,-2.2221399870241214,4.5136393561433525,23.967516589964713,1.7418778187089734,23.017038669937282
1596,05/15/2023 18:38:17.103084,1779,True,True,True,True,Eyes,1.395865,0.1123282,-3.73479,-0.2657564,0.3632596,0.8929815,0.0,0.0,0.0,0.0,0.0,0.0,0.0,-0.6336156,-1.167074,3.765602,1.39037,0.1076708,-3.741466,-0.138952,-0.09926456,-0.0003556448,0.9853115,344.104,348.2707,1.601863,0.3491324,0.02833254,-0.9366445,0,0,0,1.159769,0.5069392,-2.690304,-0.00959748,0.08957025,1.144298,0.9802929,0.02688519,0.1957119,0.02828688,0.9613844,-0.2737516,-0.1955142,0.2738927,0.9416777,moving,-16.57331,22.1362,-0.480541,4.475716,-2.2080006011948354,4.504266122394408,23.892884070400896,1.7276955123079283,22.9572876140941
1597,05/15/2023 18:38:17.122416,1780,True,True,True,True,Eyes,1.396157,0.1122588,-3.734606,-0.2638913,0.3623616,0.8938991,0.0,0.0,0.0,0.0,0.0,0.0,0.0,-0.6409518,-1.165411,3.764779,1.390468,0.1074371,-3.74134,-0.1387402,-0.09830236,-0.0005747179,0.9854376,344.1242,348.3894,1.557552,0.3492146,0.02831545,-0.9366143,0,0,0,1.162857,0.5048808,-2.690554,-0.009072453,0.0884693,1.142808,0.9806726,0.02614428,0.1939013,0.02840967,0.9615017,-0.2733266,-0.1935822,0.2735527,0.9421756,moving,-16.44732,22.06626,-0.4548467,4.426665,-2.193527208320475,4.495313483361274,23.809966694962803,1.7400352077706212,22.888939934943828
1598,05/15/2023 18:38:17.137109,1781,True,True,True,True,Eyes,1.396442,0.1121864,-3.734422,-0.2620159,0.3614858,0.8948048,0.0,0.0,0.0,0.0,0.0,0.0,0.0,-0.648272,-1.161531,3.764538,1.390662,0.1075525,-3.741076,-0.1380893,-0.09729186,-0.001171134,0.9856289,344.1906,348.522,1.462743,0.3492966,0.02829837,-0.9365843,0,0,0,1.16635,0.5025524,-2.690838,-0.008601606,0.08774349,1.140863,0.9810659,0.0245613,0.1921107,0.02917852,0.96186,-0.2719817,-0.1914639,0.2724375,0.9429313,moving,-16.32104,21.99786,-0.4319769,4.397947,-2.179149230557257,4.486584750616039,23.71116327393809,1.7494192760739629,22.80436655561262
1599,05/15/2023 18:38:17.142971,1782,True,True,True,True,Eyes,1.396704,0.112111,-3.734244,-0.2600953,0.3606309,0.8957097,0.0,0.0,0.0,0.0,0.0,0.0,0.0,-0.6567734,-1.159662,3.763493,1.390776,0.1074181,-3.740889,-0.1378756,-0.09620361,-0.001267232,0.9857656,344.2125,348.6536,1.430932,0.3493782,0.02828125,-0.9365544,0,0,0,1.17036,0.4998788,-2.691163,-0.007437944,0.08605319,1.138891,0.9814866,0.02402988,0.1900179,0.02902666,0.9619774,-0.2715823,-0.1893189,0.27207,0.9434704,moving,-16.19219,21.93072,-0.3741858,4.320988,-2.164679343374932,4.478059600836886,23.670908685199258,1.7973699164770678,22.77837575238616
1600,05/15/2023 18:38:17.163426,1783,True,True,True,True,Eyes,1.396964,0.1120409,-3.734072,-0.2581618,0.3597751,0.8966128,0.0,0.0,0.0,0.0,0.0,0.0,0.0,-0.6651375,-1.154226,3.763617,1.39099,0.1072989,-3.740734,-0.1371872,-0.09514323,-0.001328931,0.9859644,344.2895,348.7834,1.397908,0.3494589,0.02826399,-0.9365247,0,0,0,1.172935,0.4981625,-2.691372,-0.007667542,0.08627385,1.137532,0.981892,0.02348432,0.1879802,0.02872545,0.9623558,-0.2702706,-0.187251,0.2707763,0.9442549,moving,-16.0627,21.86363,-0.3861966,4.33718,-2.150166605969707,4.469547231746351,23.51444680303391,1.768929412385062,22.63613511027615
1601,05/15/2023 18:38:17.182686,1784,True,True,True,True,Eyes,1.397205,0.1119721,-3.733899,-0.2561921,0.3589693,0.8975002,0.0,0.0,0.0,0.0,0.0,0.0,0.0,-0.6742525,-1.150419,3.763165,1.391162,0.1073685,-3.740672,-0.1366894,-0.09397976,-0.001406384,0.9861449,344.3443,348.9248,1.363843,0.3495386,0.02824676,-0.9364955,0,0,0,1.176322,0.4959048,-2.691647,-0.007295012,0.08537045,1.135883,0.9823316,0.02291829,0.1857398,0.02846586,0.9626281,-0.2693268,-0.1849708,0.2698556,0.9449676,moving,-15.93144,21.79972,-0.3679673,4.298145,-2.1357655562741344,4.461507450052218,23.42064922166485,1.7753303819213295,22.556562087024755
1602,05/15/2023 18:38:17.202695,1785,True,True,True,True,Eyes,1.397443,0.1118957,-3.733728,-0.2542233,0.3581498,0.898387,0.0,0.0,0.0,0.0,0.0,0.0,0.0,-0.6839602,-1.149069,3.76159,1.391331,0.1073418,-3.740373,-0.1365687,-0.09276369,-0.001396494,0.9862769,344.3567,349.0692,1.34378,0.3496172,0.02822958,-0.9364667,0,0,0,1.179733,0.4936305,-2.691924,-0.006986201,0.08376414,1.134096,0.9827859,0.02258256,0.1833627,0.0280919,0.9626941,-0.2691299,-0.1825999,0.2696481,0.9454879,moving,-15.80032,21.73513,-0.352946,4.224185,-2.121323245836629,4.453368696226328,23.35068646290513,1.7831666355696272,22.501141050345286
1603,05/15/2023 18:38:17.212658,1786,True,True,True,True,Eyes,1.397665,0.1118175,-3.73356,-0.2522596,0.3572814,0.8992859,0.0,0.0,0.0,0.0,0.0,0.0,0.0,-0.6923007,-1.143776,3.761578,1.391481,0.1071005,-3.740224,-0.1359528,-0.09171975,-0.001318967,0.9864596,344.427,349.1943,1.328702,0.3496945,0.02821226,-0.9364383,0,0,0,1.183,0.4914525,-2.692189,-0.006363779,0.08354661,1.132496,0.9831715,0.02233689,0.1813143,0.02754132,0.9630302,-0.2679819,-0.1805971,0.2684658,0.9462087,moving,-15.66939,21.66765,-0.321956,4.219188,-2.106676066546683,4.444812850345324,23.23773991914446,1.7989253150222067,22.401832603146563
1604,05/15/2023 18:38:17.232875,1787,True,True,True,True,Eyes,1.397887,0.1117408,-3.733392,-0.2502674,0.3564043,0.9001901,0.0,0.0,0.0,0.0,0.0,0.0,0.0,-0.7021247,-1.133935,3.762639,1.391731,0.1070042,-3.740037,-0.1347345,-0.09050272,-0.00116729,0.9867394,344.5673,349.3412,1.312768,0.3497704,0.02819477,-0.9364105,0,0,0,1.186345,0.4892231,-2.692461,-0.006147951,0.08453467,1.13071,0.9836158,0.02208405,0.1789198,0.02669133,0.9636905,-0.2656844,-0.1782907,0.266107,0.9473118,moving,-15.53679,21.59966,-0.3115282,4.275619,-2.0918686046851453,4.436198288010224,23.06362923410408,1.7875675271978784,22.241040954920944
1605,05/15/2023 18:38:17.252521,1788,True,True,True,True,Eyes,1.39809,0.1116557,-3.733231,-0.2482158,0.3554602,0.901131,0.0,0.0,0.0,0.0,0.0,0.0,0.0,-0.713255,-1.128981,3.761878,1.391918,0.1069784,-3.73981,-0.1341305,-0.08909479,-0.001168642,0.9869498,344.6349,349.5103,1.283207,0.3498449,0.02817716,-0.9363832,0,0,0,1.18978,0.4869329,-2.69274,-0.006253093,0.08398013,1.128933,0.9841215,0.02159387,0.1761777,0.02620743,0.9640153,-0.2645518,-0.1755506,0.2649683,0.9481423,moving,-15.40018,21.52726,-0.3173547,4.254337,-2.0764352044485426,4.426984842727415,22.931321113146733,1.7675326018858517,22.123487519376862
1606,05/15/2023 18:38:17.262428,1789,True,True,True,True,Eyes,1.398295,0.1115691,-3.733071,-0.2461419,0.3544436,0.9020997,0.0,0.0,0.0,0.0,0.0,0.0,0.0,-0.7244802,-1.120598,3.762228,1.39215,0.1067295,-3.739718,-0.1330718,-0.08766019,-0.001235528,0.9872215,344.7543,349.6854,1.240708,0.3499179,0.02815924,-0.9363564,0,0,0,1.193258,0.4846146,-2.693022,-0.006434649,0.08459035,1.127268,0.9846283,0.02089072,0.1734089,0.0257697,0.9645808,-0.2625261,-0.1727512,0.2629593,0.9492152,moving,-15.2619,21.45034,-0.3270511,4.29144,-2.060538047368444,4.417136251751018,22.7481331294643,1.7380381308823527,21.954736481517045
1607,05/15/2023 18:38:17.282711,1790,True,True,True,True,Eyes,1.39849,0.1114796,-3.732916,-0.2440341,0.3533322,0.9031078,0.0,0.0,0.0,0.0,0.0,0.0,0.0,-0.7356146,-1.108888,3.763462,1.392362,0.106637,-3.739568,-0.1315842,-0.08625136,-0.00116891,0.987545,344.9245,349.8569,1.209987,0.3499893,0.02814099,-0.9363303,0,0,0,1.19653,0.4824331,-2.693288,-0.006694466,0.08617742,1.125523,0.9851187,0.02038993,0.1706618,0.02500732,0.9653685,-0.259689,-0.1700465,0.2600923,0.9504926,moving,-15.12111,21.36744,-0.3407838,4.378397,-2.0440054341891214,4.40644998428385,22.518561779879626,1.7034526424579848,21.739480169641876
1608,05/15/2023 18:38:17.302456,1791,True,True,True,True,Eyes,1.39869,0.1113866,-3.732759,-0.2418899,0.352196,0.9041279,0.0,0.0,0.0,0.0,0.0,0.0,0.0,-0.7479171,-1.09676,3.764553,1.392649,0.1065092,-3.739426,-0.1300725,-0.08471353,-0.001020927,0.9878784,345.0981,350.0421,1.187109,0.3500592,0.02812238,-0.9363047,0,0,0,1.199922,0.480172,-2.693563,-0.007152528,0.08778481,1.123761,0.9856452,0.02002071,0.1676389,0.02405493,0.9661602,-0.2568187,-0.1671077,0.2571647,0.9518096,moving,-14.97809,21.28302,-0.3646718,4.466701,-2.0271952973575047,4.395564709073328,22.27870230057963,1.66404469626048,21.514162254695005
1609,05/15/2023 18:38:17.313061,1792,True,True,True,True,Eyes,1.398893,0.111291,-3.732609,-0.2397253,0.3509721,0.9051798,0.0,0.0,0.0,0.0,0.0,0.0,0.0,-0.7605477,-1.089077,3.764153,1.392962,0.1063585,-3.739213,-0.1291253,-0.08312252,-0.001015699,0.9881378,345.2053,350.2334,1.153235,0.3501279,0.02810336,-0.9362796,0,0,0,1.203293,0.4779247,-2.693837,-0.007815689,0.08813165,1.122059,0.9861792,0.01945914,0.1645352,0.02347374,0.9666513,-0.2550184,-0.1640107,0.255356,0.9528347,moving,-14.83351,21.19318,-0.3990866,4.491052,-2.009861307501437,4.383913953676201,22.075181961171953,1.6143338314290576,21.326204664903248
1610,05/15/2023 18:38:17.332823,1793,True,True,True,True,Eyes,1.39911,0.1112017,-3.732452,-0.2374984,0.3497365,0.9062444,0.0,0.0,0.0,0.0,0.0,0.0,0.0,-0.7730379,-1.075535,3.765614,1.393476,0.1062441,-3.739137,-0.1273519,-0.08154747,-0.001107416,0.988499,345.4068,350.4271,1.100176,0.3501954,0.02808389,-0.9362549,0,0,0,1.206672,0.4756722,-2.694111,-0.00868091,0.09023236,1.120373,0.9866976,0.01858109,0.1615012,0.02295981,0.9675605,-0.2515938,-0.1609371,0.2519551,0.954263,moving,-14.68519,21.10252,-0.4439321,4.604536,-1.9921927420064849,4.372178010766145,21.794423659242938,1.5655993263754084,21.06041569920363
1611,05/15/2023 18:38:17.352764,1794,True,True,True,True,Eyes,1.399305,0.1111121,-3.732297,-0.2351704,0.3484719,0.907338,0.0,0.0,0.0,0.0,0.0,0.0,0.0,-0.786361,-1.068525,3.764674,1.39396,0.1062899,-3.738778,-0.1263189,-0.07980809,-0.001653105,0.9887727,345.5186,350.6438,0.9997349,0.3502623,0.02806417,-0.9362305,0,0,0,1.210209,0.4733143,-2.694398,-0.009944826,0.09039155,1.11845,0.9872559,0.01689345,0.1582417,0.02343162,0.9680817,-0.2495375,-0.1574065,0.2500652,0.9553485,moving,-14.53059,21.00976,-0.5094384,4.62052,-1.9739076518325964,4.360195081356042,21.56849276068642,1.4874270579864102,20.851156448566886
1612,05/15/2023 18:38:17.362371,1795,True,True,True,True,Eyes,1.399502,0.1110194,-3.732143,-0.2327747,0.3471695,0.9084543,0.0,0.0,0.0,0.0,0.0,0.0,0.0,-0.799514,-1.061453,3.763846,1.394459,0.1063194,-3.738532,-0.1250097,-0.07795016,-0.003116235,0.9890838,345.6541,350.8884,0.7880421,0.350328,0.02804424,-0.9362065,0,0,0,1.213466,0.4711434,-2.694663,-0.01215219,0.09114079,1.11672,0.9878281,0.01332463,0.1549776,0.0256535,0.9687257,-0.2468044,-0.1534193,0.2477761,0.9565927,moving,-14.37179,20.91456,-0.6234703,4.665836,-1.9551318671160969,4.347898112948524,21.284673504697793,1.369089854376569,20.584672904672026
1613,05/15/2023 18:38:17.382570,1796,True,True,True,True,Eyes,1.399644,0.1109187,-3.732,-0.2303287,0.3458972,0.9095624,0.0,0.0,0.0,0.0,0.0,0.0,0.0,-0.8132529,-1.053291,3.763097,1.394674,0.1061993,-3.738356,-0.1236918,-0.07604332,-0.004156596,0.9893941,345.795,351.132,0.6257262,0.3503928,0.02802403,-0.9361829,0,0,0,1.216774,0.4689384,-2.694931,-0.01391613,0.09208874,1.11503,0.9884003,0.01058685,0.1515018,0.0270369,0.9693661,-0.2441278,-0.1494452,0.2453921,0.9578355,moving,-14.2103,20.82129,-0.7150428,4.721261,-1.9363061342472052,4.33590208736908,21.00792471176039,1.280619234245951,20.324787239338498
1614,05/15/2023 18:38:17.402566,1797,True,True,True,True,Eyes,1.399793,0.1108115,-3.731856,-0.2278587,0.3445879,0.9106809,0.0,0.0,0.0,0.0,0.0,0.0,0.0,-0.826018,-1.048333,3.761645,1.394728,0.1059513,-3.738287,-0.1229075,-0.07429293,-0.004864845,0.9896215,345.8781,351.3503,0.5100914,0.3504554,0.02800338,-0.9361601,0,0,0,1.220194,0.4666583,-2.695209,-0.0148598,0.09193625,1.113513,0.9889139,0.008633606,0.1482397,0.02789104,0.9697402,-0.242541,-0.145848,0.2439867,0.9587487,moving,-14.0474,20.72589,-0.7645649,4.719871,-1.9172164633682935,4.323612201397983,20.799671933041466,1.218862856110106,20.133327264214365
1615,05/15/2023 18:38:17.412864,1798,True,True,True,True,Eyes,1.399955,0.1107013,-3.731707,-0.2254617,0.343281,0.9117703,0.0,0.0,0.0,0.0,0.0,0.0,0.0,-0.8389986,-1.038985,3.76122,1.394985,0.1057339,-3.738051,-0.1217161,-0.07263523,-0.004939572,0.9898913,346.0137,351.5494,0.4666174,0.3505163,0.02798216,-0.936138,0,0,0,1.223517,0.4644433,-2.695478,-0.01563811,0.09287214,1.111828,0.9893994,0.007902486,0.1450046,0.02746104,0.9703215,-0.2402539,-0.1425996,0.2416891,0.9598186,moving,-13.88942,20.63133,-0.8058248,4.77489,-1.898548863506007,4.311400065267193,20.55741114126638,1.1869577913993832,19.90660306193684
1616,05/15/2023 18:38:17.432788,1799,True,True,True,True,Eyes,1.40013,0.1105931,-3.731564,-0.2230049,0.3419331,0.9128803,0.0,0.0,0.0,0.0,0.0,0.0,0.0,-0.853439,-1.030204,3.76032,1.395539,0.1055479,-3.737783,-0.1207194,-0.07088675,-0.0046129,0.9901418,346.1304,351.7528,0.4709538,0.3505759,0.02796036,-0.9361163,0,0,0,1.22699,0.4621281,-2.69576,-0.01656723,0.09332396,1.110128,0.9899076,0.007979952,0.1414897,0.02624967,0.9708111,-0.2384046,-0.1392622,0.2397125,0.9608037,moving,-13.72776,20.5342,-0.855002,4.805324,-1.8794186210635613,4.298850658357348,20.32499541820219,1.142779357227789,19.6902648701001
1617,05/15/2023 18:38:17.452921,1800,True,True,True,True,Eyes,1.400329,0.1104823,-3.731414,-0.2205431,0.3406239,0.9139673,0.0,0.0,0.0,0.0,0.0,0.0,0.0,-0.8681238,-1.020979,3.759559,1.395969,0.1054544,-3.73771,-0.1194426,-0.0689833,-0.00497705,0.9904293,346.2736,351.9846,0.3904674,0.3506345,0.02793808,-0.936095,0,0,0,1.230276,0.4599377,-2.696027,-0.0181807,0.09424156,1.108603,0.9904331,0.006620258,0.1378352,0.02633794,0.9714174,-0.2359122,-0.1354573,0.2372855,0.9619496,moving,-13.56631,20.43978,-0.9395462,4.858991,-1.8605087715566464,4.286688973066153,20.05482859372055,1.0842977765544024,19.436188108610956
1618,05/15/2023 18:38:17.462820,1801,True,True,True,True,Eyes,1.400533,0.1103715,-3.731266,-0.2180465,0.3393119,0.9150537,0.0,0.0,0.0,0.0,0.0,0.0,0.0,-0.8849961,-1.01412,3.757332,1.396238,0.1053686,-3.73746,-0.118568,-0.06681521,-0.005102986,0.9906822,346.3725,352.2428,0.3380184,0.350693,0.0279153,-0.9360738,0,0,0,1.233661,0.4576806,-2.696302,-0.02000263,0.09428161,1.106922,0.9910194,0.005733415,0.1335954,0.02595516,0.9718312,-0.2342445,-0.1311752,0.2356083,0.9629548,moving,-13.40296,20.34533,-1.035251,4.868394,-1.8414582064129967,4.274539580421246,19.81150609763874,1.0013157001293187,19.20950699659195
1619,05/15/2023 18:38:17.482434,1802,True,True,True,True,Eyes,1.400764,0.1102629,-3.731116,-0.2155747,0.3380088,0.916121,0.0,0.0,0.0,0.0,0.0,0.0,0.0,-0.8988061,-1.007995,3.755688,1.396527,0.1052732,-3.737343,-0.1178307,-0.06506921,-0.005047485,0.9908867,346.4572,352.4485,0.3142008,0.3507513,0.02789206,-0.9360526,0,0,0,1.237043,0.455426,-2.696576,-0.02081111,0.09402183,1.105426,0.9914811,0.005331336,0.1301419,0.02533728,0.9721809,-0.232857,-0.1277629,0.2341707,0.9637638,moving,-13.24151,20.25187,-1.078542,4.861583,-1.8226210091008523,4.262515893152472,19.616287225451025,0.9552669628387528,19.0299097982163
1620,05/15/2023 18:38:17.502825,1803,True,True,True,True,Eyes,1.401001,0.1101669,-3.730965,-0.2130526,0.3367235,0.9171837,0.0,0.0,0.0,0.0,0.0,0.0,0.0,-0.9118165,-0.9996462,3.754756,1.396966,0.1052399,-3.737152,-0.1167362,-0.06342223,-0.005149975,0.9911225,346.582,352.6454,0.2708891,0.3508102,0.02786847,-0.9360312,0,0,0,1.240769,0.4529428,-2.696879,-0.02130267,0.09426196,1.103687,0.9919022,0.004598828,0.1269207,0.02501585,0.9726923,-0.2307466,-0.1245159,0.2320531,0.9647006,moving,-13.07732,20.15958,-1.105749,4.88158,-1.8036727040192544,4.250684337253262,19.40968305274563,0.9408117951559709,18.838394050460895
1621,05/15/2023 18:38:17.513136,1804,True,True,True,True,Eyes,1.401257,0.1100685,-3.730815,-0.2103143,0.3354584,0.9182786,0.0,0.0,0.0,0.0,0.0,0.0,0.0,-0.926262,-0.9964168,3.752039,1.397355,0.1054678,-3.736961,-0.1162361,-0.06155275,-0.005467127,0.9912975,346.6368,352.8698,0.2043619,0.3508697,0.02784488,-0.9360096,0,0,0,1.243819,0.4509091,-2.697126,-0.02294695,0.0932954,1.102238,0.9923627,0.003470205,0.123305,0.02514841,0.9729185,-0.2297762,-0.1207631,0.2311222,0.9654009,moving,-12.90003,20.06787,-1.19264,4.838085,-1.7838137493672712,4.239050642847065,19.209615606730004,0.8416225775195124,18.655607860267246
1622,05/15/2023 18:38:17.532862,1805,True,True,True,True,Eyes,1.401514,0.1099618,-3.73066,-0.207542,0.3342052,0.9193656,0.0,0.0,0.0,0.0,0.0,0.0,0.0,-0.9399561,-0.991241,3.749978,1.397662,0.1053295,-3.736824,-0.1155414,-0.05977909,-0.005704071,0.9914858,346.7149,353.0822,0.1473492,0.3509301,0.02782121,-0.9359877,0,0,0,1.24728,0.4486019,-2.697407,-0.02385592,0.0928688,1.100747,0.9927878,0.002502909,0.1198584,0.02512492,0.9732353,-0.2284332,-0.1172221,0.2297972,0.9661534,moving,-12.72099,19.97708,-1.241547,4.822559,-1.7638969043682322,4.227564490702457,19.01149963389764,0.7917498902353728,18.473823885592388
1623,05/15/2023 18:38:17.552559,1806,True,True,True,True,Eyes,1.401782,0.1098521,-3.730508,-0.2047395,0.3329165,0.9204609,0.0,0.0,0.0,0.0,0.0,0.0,0.0,-0.9541882,-0.9868168,3.747344,1.397907,0.1050444,-3.736535,-0.1150115,-0.0579465,-0.005817115,0.9916556,346.7749,353.2993,0.105464,0.3509914,0.02779727,-0.9359655,0,0,0,1.250805,0.4462523,-2.697694,-0.0247128,0.09223618,1.099151,0.9932168,0.00179188,0.116264,0.02486616,0.9734771,-0.2274293,-0.1135878,0.2287777,0.9668292,moving,-12.54024,19.88428,-1.287995,4.796785,-1.743703343106311,4.215804349774444,18.821411289142215,0.7383824279553302,18.300074314722213
1624,05/15/2023 18:38:17.562783,1807,True,True,True,True,Eyes,1.402055,0.1097407,-3.730351,-0.2019273,0.3316343,0.9215444,0.0,0.0,0.0,0.0,0.0,0.0,0.0,-0.9674331,-0.9758163,3.746872,1.398333,0.1048832,-3.736424,-0.1136606,-0.05630198,-0.005633994,0.9919071,346.9315,353.4917,0.09539536,0.3510537,0.02777301,-0.9359428,0,0,0,1.253897,0.4441913,-2.697945,-0.02564096,0.09355685,1.097733,0.9935967,0.001621841,0.1129734,0.02397544,0.974099,-0.2248471,-0.1104119,0.226116,0.9678227,moving,-12.35923,19.79218,-1.338077,4.871393,-1.7235438122628293,4.204147104679166,18.54981666078611,0.7705853282917925,18.04381392773695
1625,05/15/2023 18:38:17.582784,1808,True,True,True,True,Eyes,1.402358,0.1096286,-3.730192,-0.1991362,0.3302889,0.9226342,0.0,0.0,0.0,0.0,0.0,0.0,0.0,-0.9796518,-0.9710304,3.744795,1.398715,0.1047459,-3.736138,-0.1130592,-0.05474937,-0.005726506,0.9920622,347.0,353.6756,0.05984589,0.3511172,0.02774841,-0.9359198,0,0,0,1.257168,0.4420107,-2.69821,-0.0262526,0.09307867,1.096231,0.9939394,0.001017737,0.1099245,0.02374194,0.9743696,-0.2236964,-0.1073347,0.2249505,0.9684403,moving,-12.17957,19.69659,-1.37186,4.853222,-1.7032185294170454,4.191976380923703,18.361159250644388,0.7396243937060365,17.87081525669135
1626,05/15/2023 18:38:17.602851,1809,True,True,True,True,Eyes,1.402664,0.1095198,-3.730032,-0.1963378,0.3289252,0.9237205,0.0,0.0,0.0,0.0,0.0,0.0,0.0,-0.9889977,-0.9614531,3.744791,1.399155,0.1046686,-3.735957,-0.1115318,-0.05346061,-0.006635446,0.9922997,347.1702,353.8405,359.9269,0.3511823,0.0277235,-0.9358961,0,0,0,1.260748,0.4396238,-2.698501,-0.02641231,0.09421946,1.094574,0.9941958,-0.00124358,0.1075779,0.02509382,0.9750332,-0.2206366,-0.1046176,0.2220555,0.9694053,moving,-11.9997,19.60017,-1.382292,4.919818,-1.682815130850488,4.179688181676833,18.11745256603058,0.7988155607818764,17.64152619153558
1627,05/15/2023 18:38:17.613032,1810,True,True,True,True,Eyes,1.402986,0.109404,-3.729868,-0.1935474,0.3275365,0.9248022,0.0,0.0,0.0,0.0,0.0,0.0,0.0,-0.9988276,-0.9557341,3.74358,1.399504,0.1046839,-3.735759,-0.1105073,-0.05209661,-0.007559326,0.9924802,347.2827,354.0133,359.795,0.3512489,0.02769838,-0.9358718,0,0,0,1.264035,0.4374328,-2.698768,-0.0269126,0.09434263,1.09307,0.9944576,-0.003490846,0.1050804,0.02651906,0.975462,-0.2185649,-0.1017389,0.2201402,0.9701481,moving,-11.82055,19.50258,-1.410401,4.932961,-1.6623756508868528,4.167225504887067,17.906563042844432,0.8061278268149539,17.445527537065246
1628,05/15/2023 18:38:17.632806,1811,True,True,True,True,Eyes,1.403305,0.1092829,-3.729704,-0.1907743,0.3260998,0.9258856,0.0,0.0,0.0,0.0,0.0,0.0,0.0,-1.008611,-0.9487864,3.7426,1.399865,0.1044331,-3.735507,-0.1094228,-0.05077341,-0.008255156,0.9926634,347.4038,354.1781,359.6902,0.3513173,0.0276729,-0.9358469,0,0,0,1.267395,0.4351927,-2.69904,-0.02716446,0.09485719,1.091549,0.9947078,-0.005277634,0.1026085,0.02750073,0.975917,-0.2164018,-0.09899527,0.2180784,0.9708975,moving,-11.64259,19.40242,-1.425578,4.96661,-1.6418283853930582,4.154382995864841,17.685585785159734,0.8405218232913537,17.238849213684396
1629,05/15/2023 18:38:17.652742,1812,True,True,True,True,Eyes,1.40363,0.1091553,-3.729538,-0.1880269,0.3246212,0.9269665,0.0,0.0,0.0,0.0,0.0,0.0,0.0,-1.017857,-0.9386137,3.74255,1.40012,0.1042175,-3.735306,-0.1080577,-0.04957791,-0.008440149,0.9928719,347.5603,354.3214,359.6453,0.3513874,0.02764696,-0.9358214,0,0,0,1.270944,0.432827,-2.699328,-0.02662858,0.09591144,1.08996,0.9949416,-0.006045428,0.100273,0.02747453,0.9765046,-0.2137379,-0.09662497,0.2154117,0.9717312,moving,-11.46637,19.30012,-1.399503,5.028812,-1.621245952756226,4.141217659489381,17.46459398974259,0.9148735707208575,17.030992274566294
1630,05/15/2023 18:38:17.664879,1813,True,True,True,True,Eyes,1.403957,0.1090307,-3.729373,-0.1852841,0.3230824,0.9280558,0.0,0.0,0.0,0.0,0.0,0.0,0.0,-1.026469,-0.9286768,3.742625,1.400559,0.1039619,-3.735098,-0.1066932,-0.04847562,-0.008725968,0.9930713,347.7162,354.4549,359.5903,0.3514589,0.02762044,-0.9357952,0,0,0,1.274153,0.4306882,-2.699589,-0.02644888,0.0971829,1.088514,0.9951479,-0.006986976,0.09814157,0.02767507,0.9770808,-0.211062,-0.09441748,0.212754,0.9725334,moving,-11.29051,19.19445,-1.391908,5.101861,-1.6004347123766527,4.12756474632951,17.221596507795816,0.9963616711269901,16.801181310067907
1631,05/15/2023 18:38:17.682554,1814,True,True,True,True,Eyes,1.404311,0.1089012,-3.729204,-0.1825797,0.3215486,0.9291239,0.0,0.0,0.0,0.0,0.0,0.0,0.0,-1.036496,-0.9175006,3.742556,1.400921,0.1039543,-3.734899,-0.1051067,-0.04716775,-0.009093412,0.9933001,347.8974,354.6132,359.5224,0.3515318,0.02759348,-0.9357687,0,0,0,1.277449,0.4284909,-2.699857,-0.026582,0.09862226,1.086944,0.9953851,-0.008149683,0.09561504,0.02798028,0.9777398,-0.2079472,-0.0917919,0.2096628,0.9734555,moving,-11.11739,19.08957,-1.40093,5.184452,-1.579882911330854,4.114001447762518,16.963546254410485,1.0853057307778855,16.55608720164709
1632,05/15/2023 18:38:17.703098,1815,True,True,True,True,Eyes,1.404664,0.1087673,-3.729035,-0.1798683,0.3199459,0.9302053,0.0,0.0,0.0,0.0,0.0,0.0,0.0,-1.047538,-0.9095018,3.741368,1.401286,0.1037388,-3.734702,-0.1040184,-0.04574372,-0.009335053,0.9934791,348.0221,354.783,359.471,0.3516067,0.02756599,-0.9357413,0,0,0,1.280939,0.426164,-2.70014,-0.02669275,0.09907489,1.085464,0.9956408,-0.009031984,0.09283289,0.02806474,0.9781861,-0.2058262,-0.08894882,0.2075342,0.9741755,moving,-10.94389,18.98075,-1.408683,5.215179,-1.5590052445178904,4.099875103328735,16.745480509346095,1.125388625820878,16.351278061368447
1633,05/15/2023 18:38:17.722774,1816,True,True,True,True,Eyes,1.405007,0.1086372,-3.728866,-0.1770655,0.3183604,0.9312865,0.0,0.0,0.0,0.0,0.0,0.0,0.0,-1.059014,-0.8971911,3.741005,1.40155,0.1036377,-3.734501,-0.1023632,-0.04426268,-0.009489949,0.9937167,348.2126,354.9584,359.4265,0.3516833,0.02753791,-0.9357134,0,0,0,1.284144,0.4240279,-2.7004,-0.02708572,0.1008316,1.083927,0.9959015,-0.009798904,0.08991187,0.02792238,0.9788634,-0.2025999,-0.08602619,0.2042801,0.9751253,moving,-10.76515,18.873,-1.431438,5.314604,-1.5378267371884575,4.085948364265896,16.4605067294953,1.2332531105258688,16.079331786670217
1634,05/15/2023 18:38:17.732563,1817,True,True,True,True,Eyes,1.405353,0.1085061,-3.728698,-0.1742397,0.3167333,0.9323736,0.0,0.0,0.0,0.0,0.0,0.0,0.0,-1.071124,-0.8870687,3.739904,1.40196,0.1035147,-3.734284,-0.1010955,-0.04275227,-0.009371692,0.9939136,348.36,355.1335,359.4159,0.3517612,0.02750941,-0.9356849,0,0,0,1.287576,0.4217398,-2.700679,-0.02732566,0.1016584,1.082409,0.9961689,-0.009985173,0.08687906,0.02727343,0.9793837,-0.200159,-0.08308929,0.2017617,0.9759039,moving,-10.5852,18.76295,-1.446137,5.365402,-1.5163859995409847,4.07170157975797,16.217791616933333,1.2956063056619145,15.849799319038585
1635,05/15/2023 18:38:17.752468,1818,True,True,True,True,Eyes,1.405626,0.108379,-3.728535,-0.1712708,0.3151146,0.9334715,0.0,0.0,0.0,0.0,0.0,0.0,0.0,-1.085243,-0.8761268,3.738327,1.402302,0.103384,-3.734073,-0.09973725,-0.04097341,-0.0092168,0.9941272,348.5181,355.3394,359.4064,0.3518403,0.02748049,-0.935656,0,0,0,1.291159,0.4193515,-2.700969,-0.02789733,0.1025948,1.080826,0.9964725,-0.0101522,0.083304,0.0264985,0.9799351,-0.1975477,-0.07962698,0.1990583,0.9767473,moving,-10.39684,18.65328,-1.478539,5.422417,-1.4943612176328922,4.057582918814915,15.955933957351728,1.3649257898271097,15.601624325477149
1636,05/15/2023 18:38:17.762848,1819,True,True,True,True,Eyes,1.405902,0.108246,-3.72837,-0.168275,0.3134712,0.9345691,0.0,0.0,0.0,0.0,0.0,0.0,0.0,-1.098339,-0.8666111,3.736626,1.402657,0.1033516,-3.733848,-0.09848943,-0.0393022,-0.009260504,0.9943185,348.6625,355.5349,359.3763,0.3519189,0.02745132,-0.9356273,0,0,0,1.295417,0.4165128,-2.701315,-0.02764812,0.1027469,1.07906,0.9967391,-0.01067408,0.07998203,0.02615749,0.9804282,-0.1951318,-0.07633376,0.1965876,0.9775103,moving,-10.2071,18.54237,-1.467736,5.439246,-1.472142038331401,4.043298070961284,15.750185449189859,1.3959548824232313,15.409021619653457
1637,05/15/2023 18:38:17.782523,1820,True,True,True,True,Eyes,1.406133,0.1081112,-3.728206,-0.1652373,0.311852,0.9356521,0.0,0.0,0.0,0.0,0.0,0.0,0.0,-1.112795,-0.8575426,3.734334,1.402951,0.1031017,-3.733637,-0.09732219,-0.03743859,-0.009339429,0.9945047,348.7977,355.7528,359.3406,0.3519971,0.02742177,-0.9355987,0,0,0,1.297593,0.4150621,-2.701492,-0.02983093,0.1041959,1.07796,0.9970223,-0.01128901,0.07628351,0.02586342,0.9808823,-0.1928754,-0.07264775,0.1942741,0.9782535,moving,-10.01523,18.43319,-1.585171,5.521072,-1.449898579921062,4.029280522217557,15.420398373239422,1.49791202706245,15.093829453979348
1638,05/15/2023 18:38:17.802638,1821,True,True,True,True,Eyes,1.406366,0.1079778,-3.728044,-0.1621903,0.3101928,0.9367362,0.0,0.0,0.0,0.0,0.0,0.0,0.0,-1.126918,-0.8476784,3.732137,1.403184,0.102931,-3.733341,-0.09604757,-0.03561392,-0.009389207,0.9946952,348.9454,355.9658,359.3089,0.3520739,0.02739185,-0.9355707,0,0,0,1.301198,0.4126587,-2.701784,-0.0304293,0.1049395,1.076338,0.9972869,-0.01183754,0.07265367,0.02552006,0.9813735,-0.1904073,-0.06904641,0.1917448,0.9790131,moving,-9.823038,18.32188,-1.619385,5.568555,-1.427470461626041,4.014959604486426,15.164010719464493,1.565404051036111,14.850749100759463
1639,05/15/2023 18:38:17.812958,1822,True,True,True,True,Eyes,1.406551,0.1078392,-3.727883,-0.1591572,0.3085665,0.937793,0.0,0.0,0.0,0.0,0.0,0.0,0.0,-1.13945,-0.8377894,3.73053,1.403446,0.1028633,-3.733209,-0.09467586,-0.03397393,-0.009645546,0.9948816,349.1034,356.1594,359.2555,0.3521495,0.02736162,-0.9355431,0,0,0,1.304392,0.4105301,-2.702044,-0.03114292,0.1059777,1.074975,0.9975055,-0.01275933,0.06942642,0.02562538,0.9818869,-0.1877271,-0.06577361,0.1890379,0.9797645,moving,-9.632152,18.21301,-1.659443,5.630383,-1.4053221638895037,4.000978017918245,14.895858183394806,1.6491021784529738,14.59553306413191
1640,05/15/2023 18:38:17.832894,1823,True,True,True,True,Eyes,1.406739,0.1076973,-3.727725,-0.156137,0.3068957,0.9388484,0.0,0.0,0.0,0.0,0.0,0.0,0.0,-1.151021,-0.8290811,3.728797,1.403749,0.1026011,-3.732977,-0.09350502,-0.03247187,-0.009849302,0.9950405,349.2384,356.3361,359.211,0.352223,0.027331,-0.9355164,0,0,0,1.307765,0.4082812,-2.702317,-0.03139755,0.1066833,1.073566,0.9976971,-0.01352834,0.0664636,0.02567348,0.9823196,-0.1854429,-0.06277975,0.1867222,0.9804048,moving,-9.442268,18.10181,-1.675197,5.675013,-1.383070544877783,3.986652741652621,14.654442179702713,1.7134463013905923,14.366509674559733
1641,05/15/2023 18:38:17.852615,1824,True,True,True,True,Eyes,1.406892,0.107554,-3.727562,-0.1531782,0.3052557,0.9398699,0.0,0.0,0.0,0.0,0.0,0.0,0.0,-1.161273,-0.8188016,3.727856,1.403977,0.1024141,-3.732863,-0.09207816,-0.03112432,-0.01013099,0.9952137,349.4027,356.4955,359.1587,0.3522947,0.02729993,-0.9354903,0,0,0,1.311209,0.4059853,-2.702597,-0.0312027,0.1077869,1.072201,0.9978572,-0.01443327,0.06381641,0.02589676,0.9828379,-0.1826442,-0.06008503,0.1839055,0.9811058,moving,-9.256571,17.99302,-1.666926,5.740582,-1.3613064027705746,3.972637305559946,14.412666240840693,1.7941660404793676,14.136086016871072
1642,05/15/2023 18:38:17.862792,1825,True,True,True,True,Eyes,1.407048,0.1074064,-3.727402,-0.1502449,0.3035659,0.9408901,0.0,0.0,0.0,0.0,0.0,0.0,0.0,-1.172077,-0.8097011,3.726214,1.404205,0.1022367,-3.732534,-0.09083153,-0.02971026,-0.01036334,0.9953691,349.5465,356.6618,359.1124,0.3523639,0.02726845,-0.9354652,0,0,0,1.314502,0.4037903,-2.702864,-0.03128085,0.1086255,1.070712,0.9980198,-0.01523344,0.06102809,0.02602797,0.9832845,-0.180206,-0.05726281,0.1814375,0.981734,moving,-9.072611,17.88162,-1.67342,5.792932,-1.3394713056188667,3.958231506800781,14.17336957169413,1.8648452027512425,13.908177819038091
1643,05/15/2023 18:38:17.882726,1826,True,True,True,True,Eyes,1.407173,0.1072601,-3.727243,-0.1473895,0.3019178,0.9418715,0.0,0.0,0.0,0.0,0.0,0.0,0.0,-1.180963,-0.7987506,3.725725,1.4044,0.1020164,-3.732419,-0.08933698,-0.02854806,-0.01057347,0.9955361,349.7188,356.7984,359.0711,0.3524309,0.02723648,-0.9354408,0,0,0,1.31786,0.4015521,-2.703137,-0.0307079,0.1099612,1.069392,0.9981464,-0.01595175,0.05873047,0.02615333,0.9838142,-0.1772727,-0.05495206,0.1784801,0.9824078,moving,-8.893847,17.7733,-1.644812,5.870856,-1.3182479122666124,3.9442230411605648,13.936164522721485,1.9541132673116817,13.681063470168043
1644,05/15/2023 18:38:17.902613,1827,True,True,True,True,Eyes,1.407303,0.1071122,-3.727083,-0.144549,0.3002393,0.9428478,0.0,0.0,0.0,0.0,0.0,0.0,0.0,-1.190355,-0.7882085,3.724864,1.404648,0.1019011,-3.732213,-0.08795055,-0.02734831,-0.01059651,0.9956931,349.8793,356.9373,359.0518,0.3524954,0.02720411,-0.9354175,0,0,0,1.321365,0.3992155,-2.703421,-0.03003746,0.1108993,1.067962,0.9982796,-0.01629114,0.05632488,0.02591234,0.9843048,-0.1745639,-0.05259705,0.1757231,0.9830335,moving,-8.71621,17.66349,-1.611075,5.928462,-1.2969938765501017,3.929990541652757,13.718375469748924,2.0230015130829995,13.473163233861872
1645,05/15/2023 18:38:17.913063,1828,True,True,True,True,Eyes,1.407411,0.1069643,-3.726924,-0.1418089,0.2985878,0.9437879,0.0,0.0,0.0,0.0,0.0,0.0,0.0,-1.200037,-0.7789828,3.723588,1.40488,0.1017408,-3.73202,-0.08670933,-0.02609313,-0.01072987,0.9958342,350.0228,357.0837,359.02,0.3525576,0.02717134,-0.935395,0,0,0,1.324656,0.3970213,-2.703689,-0.02971703,0.1116812,1.066648,0.9984081,-0.01684531,0.05382957,0.02589538,0.9847327,-0.1721363,-0.05010805,0.1732562,0.9836013,moving,-8.545056,17.5559,-1.59586,5.97726,-1.27638023881945,3.916020504275616,13.503933845217697,2.085851283418378,13.268393082245042
1646,05/15/2023 18:38:17.933054,1829,True,True,True,True,Eyes,1.407524,0.1068138,-3.726765,-0.1390755,0.2969342,0.9447159,0.0,0.0,0.0,0.0,0.0,0.0,0.0,-1.210003,-0.76902,3.722337,1.405132,0.1015921,-3.731833,-0.08537003,-0.02480426,-0.01085371,0.9959815,350.1777,357.2336,358.989,0.3526174,0.02713821,-0.9353734,0,0,0,1.328078,0.3947401,-2.703966,-0.02934638,0.1125739,1.065293,0.9985338,-0.01738511,0.05126237,0.02585528,0.9851883,-0.1695155,-0.04755607,0.1705923,0.9841934,moving,-8.374595,17.44849,-1.577968,6.032295,-1.2558307194606666,3.9020702850415994,13.286220186913733,2.1544441890503636,13.060027054140143
1647,05/15/2023 18:38:17.952842,1830,True,True,True,True,Eyes,1.407624,0.106664,-3.726605,-0.1364195,0.2953093,0.9456121,0.0,0.0,0.0,0.0,0.0,0.0,0.0,-1.220394,-0.7619971,3.720303,1.405328,0.1013937,-3.731679,-0.08450762,-0.02347213,-0.01076691,0.9960881,350.2785,357.3867,358.9837,0.352675,0.02710469,-0.9353527,0,0,0,1.331637,0.3923678,-2.704255,-0.02876678,0.1124258,1.064061,0.9986663,-0.01748243,0.04858043,0.02541673,0.9854851,-0.1678486,-0.0449408,0.1688595,0.9846151,moving,-8.209185,17.34329,-1.548608,6.031341,-1.2358164972908423,3.888393605448842,13.12720366839526,2.1656551110416107,12.910052766648642
1648,05/15/2023 18:38:17.973132,1831,True,True,True,True,Eyes,1.40773,0.1065166,-3.726444,-0.1337675,0.2936758,0.9464992,0.0,0.0,0.0,0.0,0.0,0.0,0.0,-1.230599,-0.7510482,3.718995,1.405472,0.101265,-3.731456,-0.08310069,-0.02215943,-0.01069816,0.9962373,350.4417,357.5372,358.9754,0.3527304,0.02707085,-0.9353328,0,0,0,1.334849,0.3902262,-2.704516,-0.02846542,0.1135898,1.062722,0.9987891,-0.01763288,0.04593012,0.02499875,0.9859596,-0.1651019,-0.04237401,0.1660502,0.9852065,moving,-8.044265,17.23785,-1.534323,6.100937,-1.2158198163750984,3.8746781439865865,12.900006822204903,2.2489270268190897,12.691491865603586
1649,05/15/2023 18:38:17.982667,1832,True,True,True,True,Eyes,1.407825,0.1063634,-3.726282,-0.1311504,0.2920667,0.947363,0.0,0.0,0.0,0.0,0.0,0.0,0.0,-1.240752,-0.7438147,3.716943,1.405699,0.1011925,-3.731241,-0.08216055,-0.02085066,-0.01070344,0.9963435,350.5512,357.6882,358.9601,0.3527839,0.02703677,-0.9353136,0,0,0,1.338137,0.3880347,-2.704783,-0.02816892,0.1136378,1.061486,0.9989014,-0.01790239,0.04330773,0.0247548,0.9862701,-0.1632739,-0.03979012,0.1641666,0.9856297,moving,-7.881776,17.13424,-1.520115,6.110548,-1.1961387657669391,3.861204495485943,12.72762805827484,2.2725551262064942,12.527794814476342
1650,05/15/2023 18:38:18.002476,1833,True,True,True,True,Eyes,1.407924,0.1062047,-3.726121,-0.128547,0.2904277,0.9482233,0.0,0.0,0.0,0.0,0.0,0.0,0.0,-1.250988,-0.733748,3.71536,1.40583,0.1009035,-3.731046,-0.08092327,-0.01953852,-0.01054825,0.996473,350.6951,357.8378,358.963,0.3528356,0.02700233,-0.9352951,0,0,0,1.341815,0.3855826,-2.705081,-0.02733457,0.1142993,1.060158,0.999014,-0.01785984,0.04064645,0.02418432,0.9866803,-0.1608635,-0.03723204,0.1616879,0.9861394,moving,-7.720301,17.0291,-1.476958,6.153491,-1.176415811770326,3.847502050765657,12.540263272217615,2.325491483729147,12.348230025891995
1651,05/15/2023 18:38:18.012918,1834,True,True,True,True,Eyes,1.407991,0.1060486,-3.725964,-0.1258847,0.288834,0.9490669,0.0,0.0,0.0,0.0,0.0,0.0,0.0,-1.260761,-0.7236318,3.713953,1.406025,0.1006289,-3.730895,-0.07973342,-0.01831305,-0.01022919,0.9965956,350.8338,357.9758,358.9861,0.3528856,0.02696744,-0.9352772,0,0,0,1.344838,0.3835676,-2.705327,-0.02696866,0.1152528,1.059046,0.99912,-0.0174684,0.03813266,0.02330906,0.9870759,-0.1585493,-0.03487021,0.1592986,0.9866144,moving,-7.555636,16.92683,-1.458724,6.210886,-1.1566776152666884,3.834240041696144,12.328981780620813,2.3957625152866298,12.14498909044003
1652,05/15/2023 18:38:18.032814,1835,True,True,True,True,Eyes,1.408066,0.105894,-3.725807,-0.1232165,0.2872295,0.9499037,0.0,0.0,0.0,0.0,0.0,0.0,0.0,-1.270753,-0.7130685,3.712585,1.406294,0.1005297,-3.730791,-0.0783693,-0.0170393,-0.01016125,0.9967269,350.992,358.1216,358.9798,0.3529335,0.0269322,-0.9352602,0,0,0,1.348153,0.3813579,-2.705596,-0.02657852,0.1161817,1.057859,0.9992127,-0.01758527,0.03555973,0.0229267,0.98751,-0.1558793,-0.03237438,0.1565719,0.9871358,moving,-7.390842,16.82414,-1.439243,6.267512,-1.1368982337236395,3.820918785889664,12.11874273128962,2.4652039901447207,11.942611908114463
1653,05/15/2023 18:38:18.052926,1836,True,True,True,True,Eyes,1.40815,0.1057457,-3.725647,-0.1205092,0.2856749,0.9507195,0.0,0.0,0.0,0.0,0.0,0.0,0.0,-1.281873,-0.705707,3.710106,1.406537,0.1004295,-3.73064,-0.0774174,-0.01560029,-0.01015946,0.9968249,351.1029,358.2873,358.9654,0.3529795,0.02689669,-0.9352438,0,0,0,1.351858,0.378888,-2.705897,-0.02612567,0.1159867,1.056643,0.9993068,-0.01783893,0.0326746,0.02266987,0.9878067,-0.1540262,-0.02952847,0.1546602,0.9875264,moving,-7.224046,16.72462,-1.416359,6.264226,-1.1172128782021722,3.808070707568396,11.964492088058106,2.474305402072763,11.796416340339386
1654,05/15/2023 18:38:18.062669,1837,True,True,True,True,Eyes,1.40824,0.1056012,-3.72549,-0.1178167,0.2841615,0.9515101,0.0,0.0,0.0,0.0,0.0,0.0,0.0,-1.293045,-0.6961833,3.707855,1.406709,0.1004419,-3.730403,-0.07623415,-0.01416838,-0.009952264,0.9969397,351.2407,358.4501,358.9748,0.3530242,0.02686109,-0.935228,0,0,0,1.355016,0.3767827,-2.706153,-0.0260596,0.1165371,1.055398,0.9994004,-0.01768338,0.02976751,0.02200384,0.9881786,-0.1517197,-0.02673268,0.1522837,0.9879752,moving,-7.058479,16.62787,-1.414444,6.301077,-1.0978267067549905,3.795610070173182,11.768508178442756,2.5253932459792514,11.608314984322138
1655,05/15/2023 18:38:18.082577,1838,True,True,True,True,Eyes,1.40835,0.1054573,-3.725329,-0.1150694,0.2827044,0.95228,0.0,0.0,0.0,0.0,0.0,0.0,0.0,-1.301756,-0.694574,3.705066,1.406925,0.1003981,-3.730282,-0.0759787,-0.01301822,-0.01013382,0.9969731,351.271,358.5844,358.9433,0.3530677,0.02682551,-0.9352126,0,0,0,1.358354,0.3745574,-2.706424,-0.02538839,0.1150181,1.054483,0.9994557,-0.01822808,0.02749751,0.02218451,0.9882491,-0.1512336,-0.0244177,0.1517613,0.9881155,moving,-6.889971,16.53464,-1.379223,6.224951,-1.0784926280060745,3.783681128449733,11.690082582951456,2.4597230214759263,11.537776183355794
1656,05/15/2023 18:38:18.102724,1839,True,True,True,True,Eyes,1.408462,0.1053129,-3.725169,-0.1123317,0.2812973,0.9530233,0.0,0.0,0.0,0.0,0.0,0.0,0.0,-1.311141,-0.6884589,3.702703,1.407021,0.1002836,-3.730054,-0.0749895,-0.01172689,-0.01069352,0.997058,351.3853,358.7377,358.8661,0.3531106,0.02678994,-0.9351974,0,0,0,1.3616,0.3723934,-2.706688,-0.02514854,0.115163,1.053324,0.9994962,-0.01956534,0.0249887,0.02308292,0.9885244,-0.149287,-0.02178103,0.1497885,0.9884781,moving,-6.722369,16.44466,-1.3677,6.23953,-1.059470523735369,3.772211449527913,11.524632680326993,2.486496780521151,11.379837641215063
1657,05/15/2023 18:38:18.112802,1840,True,True,True,True,Eyes,1.408588,0.1051594,-3.725007,-0.109583,0.2799133,0.9537505,0.0,0.0,0.0,0.0,0.0,0.0,0.0,-1.320385,-0.6879473,3.69939,1.407144,0.1001329,-3.729892,-0.07489852,-0.01049066,-0.01087238,0.9970768,351.397,358.882,358.8346,0.3531531,0.02675439,-0.9351823,0,0,0,1.3649,0.3701936,-2.706955,-0.02459034,0.1134339,1.052448,0.9995435,-0.02010973,0.02254861,0.02325267,0.988544,-0.149131,-0.01929128,0.1495873,0.9885604,moving,-6.554367,16.35627,-1.338467,6.151651,-1.040539603292641,3.76097382563799,11.460360454416822,2.409169584260176,11.323169857262974
1658,05/15/2023 18:38:18.132506,1841,True,True,True,True,Eyes,1.408715,0.1050052,-3.724848,-0.1068558,0.2784768,0.9544803,0.0,0.0,0.0,0.0,0.0,0.0,0.0,-1.329521,-0.6796384,3.697467,1.407236,0.09978199,-3.729681,-0.07384969,-0.009294301,-0.01086016,0.9971669,351.5189,359.0191,358.8248,0.3531955,0.02671861,-0.9351674,0,0,0,1.368317,0.3679158,-2.707233,-0.02374998,0.1138696,1.051324,0.9995914,-0.02028602,0.02013993,0.02303154,0.9888565,-0.1470791,-0.01693186,0.1474828,0.9889197,moving,-6.387767,16.265,-1.294122,6.181645,-1.0214928842910869,3.749309954876352,11.296869807254133,2.447566221058969,11.16620814000319
1659,05/15/2023 18:38:18.142874,1842,True,True,True,True,Eyes,1.408891,0.1048512,-3.72469,-0.1042152,0.2770262,0.9551941,0.0,0.0,0.0,0.0,0.0,0.0,0.0,-1.338803,-0.6685075,3.696089,1.407362,0.09962845,-3.729581,-0.07248222,-0.008111477,-0.01059774,0.9972804,351.6776,359.1521,358.844,0.3532377,0.0266826,-0.9351524,0,0,0,1.371681,0.3656734,-2.707506,-0.02287346,0.1148074,1.050231,0.9996437,-0.01996196,0.01771507,0.02231371,0.9892681,-0.1443983,-0.01464245,0.1447421,0.9893611,moving,-6.226555,16.17326,-1.247674,6.238589,-1.0028031975844889,3.737531434059096,11.112467947778386,2.5130162470676263,10.987797395173631
1660,05/15/2023 18:38:18.162702,1843,True,True,True,True,Eyes,1.409065,0.1046918,-3.724532,-0.1015775,0.2755347,0.9559094,0.0,0.0,0.0,0.0,0.0,0.0,0.0,-1.348466,-0.6599392,3.694045,1.407488,0.09952068,-3.729466,-0.07142521,-0.006863773,-0.01042043,0.997368,351.8007,359.2936,358.8534,0.353281,0.0266464,-0.9351371,0,0,0,1.375052,0.3634264,-2.70778,-0.02214476,0.1150316,1.049199,0.9996886,-0.01980551,0.01518004,0.0217665,0.9895797,-0.1423314,-0.01220283,0.1426175,0.9897026,moving,-6.065641,16.07928,-1.209125,6.256775,-0.9839657031354542,3.72542831347978,10.957524909087864,2.5413407399090415,10.83901331121438
1661,05/15/2023 18:38:18.182373,1844,True,True,True,True,Eyes,1.409281,0.1045327,-3.724379,-0.09901791,0.2739984,0.9566193,0.0,0.0,0.0,0.0,0.0,0.0,0.0,-1.358818,-0.6497744,3.691928,1.40759,0.09925079,-3.729313,-0.07016706,-0.005518943,-0.01026706,0.9974673,351.9468,359.4463,358.8595,0.3533251,0.02660987,-0.9351215,0,0,0,1.378529,0.3611084,-2.708062,-0.02149791,0.1157688,1.048095,0.9997283,-0.01970761,0.01245078,0.02125662,0.9899423,-0.1398654,-0.009569079,0.140092,0.9900923,moving,-5.909537,15.98297,-1.175053,6.303135,-0.965302360849923,3.7129482231178974,10.775645891243876,2.5986655940614525,10.66289050690992
1662,05/15/2023 18:38:18.202592,1845,True,True,True,True,Eyes,1.409497,0.1043781,-3.724234,-0.09646949,0.2724601,0.9573187,0.0,0.0,0.0,0.0,0.0,0.0,0.0,-1.369285,-0.6379632,3.690077,1.407633,0.09913254,-3.729256,-0.06880411,-0.004188627,-0.009738516,0.9975739,352.1051,359.5941,358.9094,0.3533708,0.02657305,-0.9351053,0,0,0,1.381855,0.3588912,-2.708332,-0.02076975,0.1166712,1.047083,0.9997752,-0.01885339,0.00969708,0.02000616,0.9903423,-0.1371928,-0.007016808,0.1373559,0.9904969,moving,-5.7543,15.88675,-1.136359,6.357955,-0.9467090044637808,3.700473492908378,10.58882964408749,2.6642400570032807,10.481548111924514
1663,05/15/2023 18:38:18.213016,1846,True,True,True,True,Eyes,1.409758,0.1042273,-3.724087,-0.09394292,0.2709236,0.9580058,0.0,0.0,0.0,0.0,0.0,0.0,0.0,-1.379786,-0.6298695,3.687643,1.407839,0.09909344,-3.729267,-0.06802917,-0.002893388,-0.008952783,0.9976391,352.1958,359.7366,358.9897,0.353418,0.02653606,-0.9350885,0,0,0,1.385184,0.356672,-2.708602,-0.02001521,0.1162506,1.04628,0.999823,-0.01746962,0.006991349,0.01825697,0.9905838,-0.1356853,-0.004555047,0.1357889,0.9907273,moving,-5.60057,15.79088,-1.095928,6.340043,-0.9282519448044878,3.6880359040240114,10.469485161589036,2.657302560227744,10.36778177548973
1664,05/15/2023 18:38:18.232726,1847,True,True,True,True,Eyes,1.410017,0.1040852,-3.723944,-0.09139983,0.2693985,0.9586817,0.0,0.0,0.0,0.0,0.0,0.0,0.0,-1.39079,-0.6217542,3.684799,1.408121,0.0990591,-3.729076,-0.0671108,-0.001500487,-0.008555546,0.9977077,352.3027,359.8933,359.0246,0.3534674,0.02649903,-0.9350709,0,0,0,1.388621,0.3543808,-2.708881,-0.01957873,0.1160552,1.045234,0.9998491,-0.01687047,0.004142456,0.01727327,0.9908459,-0.1338882,-0.001845747,0.1339396,0.9909877,moving,-5.446066,15.69586,-1.073106,6.335754,-0.9098028143841184,3.6757272652757136,10.331232428555463,2.6650347389631235,10.235167685417691
1665,05/15/2023 18:38:18.252776,1848,True,True,True,True,Eyes,1.410267,0.1039462,-3.723802,-0.08876581,0.2679144,0.9593447,0.0,0.0,0.0,0.0,0.0,0.0,0.0,-1.40247,-0.6165748,3.681264,1.408344,0.0991354,-3.729012,-0.06648459,2.011657e-05,-0.008398845,0.9977522,352.3761,0.06687841,359.031,0.3535188,0.02646216,-0.9350525,0,0,0,1.392077,0.352077,-2.709162,-0.01940748,0.1150926,1.044373,0.9998589,-0.0167626,0.001076646,0.01675725,0.9910185,-0.1326706,0.001156956,0.1326699,0.9911597,moving,-5.286386,15.60336,-1.064599,6.288765,-0.8911672419522673,3.6638261070822304,10.226688881910608,2.630662039535275,10.136651536548316
1666,05/15/2023 18:38:18.262739,1849,True,True,True,True,Eyes,1.410519,0.1038087,-3.723661,-0.08611732,0.2664477,0.9599945,0.0,0.0,0.0,0.0,0.0,0.0,0.0,-1.413928,-0.6128855,3.677391,1.408468,0.09907055,-3.728865,-0.06610326,0.001522213,-0.008183057,0.9977781,352.4213,0.2381115,359.0445,0.3535718,0.02642552,-0.9350336,0,0,0,1.395376,0.3498779,-2.709429,-0.01923022,0.1138691,1.043546,0.9998615,-0.016531,-0.001955889,0.0161285,0.9911268,-0.1319377,0.004119545,0.1318879,0.9912561,moving,-5.126058,15.51206,-1.055713,6.227335,-0.8725752676451101,3.652103109624538,10.13774268487073,2.581735601919543,10.053621573518338
1667,05/15/2023 18:38:18.282497,1850,True,True,True,True,Eyes,1.410762,0.1036696,-3.723522,-0.08340132,0.2649933,0.9606366,0.0,0.0,0.0,0.0,0.0,0.0,0.0,-1.425115,-0.6092056,3.673639,1.408728,0.09898186,-3.728726,-0.06557044,0.003010094,-0.008373186,0.9978083,352.484,0.4106214,359.0114,0.3536262,0.02638912,-0.935014,0,0,0,1.398801,0.3475945,-2.709707,-0.01917964,0.1128842,1.042686,0.9998417,-0.01710441,-0.004908867,0.01631492,0.9912608,-0.1309039,0.007104993,0.130803,0.991383,moving,-4.961909,15.42161,-1.053806,6.178945,-0.8537692001063731,3.6405356916147262,10.034945209657797,2.546278959228286,9.956695950435737
1668,05/15/2023 18:38:18.302805,1851,True,True,True,True,Eyes,1.411005,0.1035246,-3.723385,-0.08068834,0.2635517,0.9612647,0.0,0.0,0.0,0.0,0.0,0.0,0.0,-1.435854,-0.6049771,3.670078,1.408884,0.09880829,-3.728597,-0.06505045,0.004432768,-0.008361605,0.9978372,352.5451,0.5740501,359.0024,0.3536817,0.0263529,-0.934994,0,0,0,1.402243,0.3452999,-2.709987,-0.0187974,0.1119533,1.041863,0.9998208,-0.01726375,-0.007758543,0.01611035,0.991397,-0.1298936,0.009934276,0.1297454,0.9914976,moving,-4.798146,15.33213,-1.033624,6.133175,-0.8350646678027752,3.6291043356527286,9.939436552466592,2.5119306719030265,9.866573647446256
1669,05/15/2023 18:38:18.312933,1852,True,True,True,True,Eyes,1.411223,0.103385,-3.723246,-0.07787555,0.2620452,0.9619085,0.0,0.0,0.0,0.0,0.0,0.0,0.0,-1.446039,-0.6002811,3.66682,1.409081,0.09853268,-3.7285,-0.06448244,0.005774766,-0.008339337,0.9978673,352.6117,0.7280125,358.9954,0.3537381,0.02631669,-0.9349737,0,0,0,1.405569,0.343083,-2.710257,-0.01840386,0.1112916,1.041111,0.9997942,-0.01738785,-0.01044948,0.01589836,0.991545,-0.1287862,0.01260048,0.1285935,0.9916174,moving,-4.628538,15.23885,-1.01272,6.101574,-0.8156466525689544,3.617177820002248,9.826695910085954,2.492200289594538,9.759175357387486
1670,05/15/2023 18:38:18.332989,1853,True,True,True,True,Eyes,1.411442,0.1032499,-3.723113,-0.07507291,0.2605878,0.9625269,0.0,0.0,0.0,0.0,0.0,0.0,0.0,-1.45537,-0.5926163,3.664259,1.409271,0.09854221,-3.728315,-0.06327817,0.007047415,-0.00881888,0.9979321,352.7516,0.8768928,358.9318,0.3537949,0.02628064,-0.9349533,0,0,0,1.408925,0.3408454,-2.710529,-0.01800731,0.1116514,1.0401,0.999745,-0.01849318,-0.01294963,0.01670939,0.9918362,-0.1264189,0.01518178,0.1261703,0.9918924,moving,-4.459793,15.14871,-0.9918655,6.127055,-0.7965291538479603,3.6056951306792726,9.665235645564016,2.5289151584719223,9.602644897102012
1671,05/15/2023 18:38:18.352925,1854,True,True,True,True,Eyes,1.411664,0.1031132,-3.722974,-0.07219623,0.2590917,0.9631507,0.0,0.0,0.0,0.0,0.0,0.0,0.0,-1.464833,-0.5919699,3.660635,1.409486,0.09852123,-3.728277,-0.06315478,0.008313149,-0.008969387,0.9979289,352.7673,1.023755,358.9054,0.3538519,0.02624483,-0.9349326,0,0,0,1.41255,0.3384289,-2.710824,-0.01721227,0.1096067,1.039454,0.9997009,-0.01895165,-0.01545896,0.0168516,0.9918621,-0.1261971,0.01772484,0.1258988,0.9918848,moving,-4.286783,15.05639,-0.9486712,6.019388,-0.7769359009353766,3.593936344891969,9.633815211913879,2.431523955097112,9.576221021999165
1672,05/15/2023 18:38:18.362853,1855,True,True,True,True,Eyes,1.411886,0.1029824,-3.722837,-0.06932744,0.2576145,0.9637574,0.0,0.0,0.0,0.0,0.0,0.0,0.0,-1.47449,-0.5856553,3.657566,1.409675,0.09836578,-3.728009,-0.06226056,0.00960803,-0.009178218,0.9979715,352.8717,1.173399,358.873,0.3539093,0.0262092,-0.9349119,0,0,0,1.415665,0.3363527,-2.711076,-0.01699719,0.1096515,1.038515,0.9996469,-0.01951561,-0.01803431,0.01712279,0.9920788,-0.1244449,0.02032003,0.1240922,0.9920626,moving,-4.114458,14.96541,-0.9376661,6.02724,-0.7574939715359498,3.582364194774361,9.485931146956824,2.4515055983727594,9.433153801795402
1673,05/15/2023 18:38:18.382583,1856,True,True,True,True,Eyes,1.412109,0.1028449,-3.722697,-0.06643304,0.2561324,0.9643561,0.0,0.0,0.0,0.0,0.0,0.0,0.0,-1.484536,-0.5821023,3.654032,1.409902,0.09838676,-3.727888,-0.0617545,0.01094604,-0.009285496,0.9979882,352.9314,1.327718,358.8518,0.353967,0.02617389,-0.934891,0,0,0,1.419005,0.3341258,-2.711348,-0.01663232,0.108551,1.037761,0.999588,-0.01988556,-0.02070116,0.0171817,0.9922003,-0.1234638,0.02299482,0.1230572,0.9921333,moving,-3.940794,14.87431,-0.9182072,5.971484,-0.737945393139907,3.570786497118756,9.4019328730751,2.407455673393117,9.353866550039985
1674,05/15/2023 18:38:18.402632,1857,True,True,True,True,Eyes,1.412331,0.102706,-3.722559,-0.0635584,0.254616,0.9649513,0.0,0.0,0.0,0.0,0.0,0.0,0.0,-1.494709,-0.5790566,3.650189,1.410062,0.09810448,-3.727659,-0.06137326,0.01230919,-0.009358832,0.9979951,352.9769,1.484827,358.8343,0.354025,0.02613869,-0.9348701,0,0,0,1.42258,0.3317429,-2.711638,-0.01600036,0.1073547,1.036949,0.9995217,-0.02019104,-0.02342011,0.01716923,0.9922915,-0.1227308,0.02571768,0.12227,0.9921636,moving,-3.768455,14.7814,-0.884017,5.910742,-0.7183563824343083,3.558937035830158,9.32783768773921,2.357632293150515,9.284093754937622
1675,05/15/2023 18:38:18.413031,1858,True,True,True,True,Eyes,1.412552,0.1025675,-3.722419,-0.0606369,0.2530659,0.9655469,0.0,0.0,0.0,0.0,0.0,0.0,0.0,-1.503868,-0.5701541,3.647758,1.410222,0.09795094,-3.727534,-0.06018895,0.01352337,-0.009392799,0.9980512,353.1143,1.623352,358.8239,0.3540833,0.02610356,-0.934849,0,0,0,1.425794,0.3295999,-2.711899,-0.01542348,0.1079157,1.036115,0.9994578,-0.0203769,-0.02586342,0.01712107,0.9925781,-0.1203973,0.02812484,0.1198893,0.9923888,moving,-3.593488,14.68664,-0.8528346,5.946156,-0.6984358732467014,3.546844608306224,9.160089607268455,2.404274136019968,9.120347828890782
1676,05/15/2023 18:38:18.432702,1859,True,True,True,True,Eyes,1.412775,0.1024193,-3.722278,-0.05772816,0.2514771,0.9661402,0.0,0.0,0.0,0.0,0.0,0.0,0.0,-1.512919,-0.5647254,3.644733,1.410414,0.09784317,-3.727342,-0.05946208,0.01472718,-0.009449948,0.9980772,353.1992,1.761425,358.8104,0.3541418,0.02606851,-0.9348277,0,0,0,1.429137,0.3273719,-2.71217,-0.01472294,0.1074064,1.035304,0.9993876,-0.02061497,-0.02827389,0.01711214,0.9927499,-0.1189738,0.03052154,0.1184172,0.9924948,moving,-3.419434,14.5898,-0.814742,5.922894,-0.6784244775590608,3.5344452058869686,9.049844199084314,2.3923357015737636,9.013948980774163
1677,05/15/2023 18:38:18.452660,1860,True,True,True,True,Eyes,1.413001,0.1022748,-3.72214,-0.05479427,0.2498139,0.9667422,0.0,0.0,0.0,0.0,0.0,0.0,0.0,-1.523051,-0.5547172,3.641932,1.410651,0.09748268,-3.727147,-0.05818871,0.01605651,-0.009402169,0.9981321,353.3469,1.912428,358.8094,0.3542005,0.02603327,-0.9348065,0,0,0,1.432574,0.3250803,-2.712449,-0.01420313,0.1082131,1.034398,0.9993075,-0.02063783,-0.03095891,0.0169006,0.9930513,-0.116462,0.03314731,0.1158581,0.9927124,moving,-3.244014,14.48874,-0.7866682,5.972246,-0.657994180079693,3.5214511253426157,8.863927934770997,2.454170434393128,8.83167560660361
1678,05/15/2023 18:38:18.462341,1861,True,True,True,True,Eyes,1.413229,0.1021304,-3.722003,-0.05186312,0.248143,0.9673341,0.0,0.0,0.0,0.0,0.0,0.0,0.0,-1.533154,-0.545524,3.639106,1.410889,0.09745502,-3.727083,-0.05696373,0.01738757,-0.009391222,0.9981807,353.489,2.063901,358.8045,0.3542595,0.02599796,-0.9347851,0,0,0,1.435902,0.3228621,-2.712719,-0.01380491,0.1086388,1.033621,0.999219,-0.02072919,-0.03364191,0.01676736,0.9933339,-0.1140468,0.0357818,0.1133936,0.9929057,moving,-3.068945,14.38743,-0.7651894,6.000044,-0.63757053869727,3.5084180402423835,8.698018957068749,2.4948920812528685,8.669315904988359
1679,05/15/2023 18:38:18.482784,1862,True,True,True,True,Eyes,1.413433,0.1019934,-3.721866,-0.0488988,0.246416,0.9679297,0.0,0.0,0.0,0.0,0.0,0.0,0.0,-1.544092,-0.538484,3.635476,1.411175,0.09733295,-3.726927,-0.05603253,0.01883432,-0.009415692,0.998207,353.5977,2.229303,358.7944,0.3543188,0.02596259,-0.9347636,0,0,0,1.439231,0.320643,-2.712989,-0.01369283,0.1085546,1.032837,0.9991133,-0.02090828,-0.03654593,0.01668695,0.9935434,-0.1122188,0.03865626,0.1115094,0.9930112,moving,-2.892065,14.28298,-0.7595536,5.999945,-0.6167773039060446,3.494949413877856,8.55314408170206,2.509061170481448,8.528011360258748
1680,05/15/2023 18:38:18.502762,1863,True,True,True,True,Eyes,1.413636,0.1018591,-3.721727,-0.04592168,0.2447199,0.9685057,0.0,0.0,0.0,0.0,0.0,0.0,0.0,-1.555564,-0.5297847,3.631843,1.411407,0.0973835,-3.72682,-0.05477205,0.02037719,-0.009637157,0.9982445,353.7447,2.406472,358.7622,0.3543778,0.02592736,-0.9347423,0,0,0,1.442654,0.3183608,-2.713267,-0.01369292,0.1089112,1.03201,0.9989839,-0.02147268,-0.0396271,0.01700828,0.9938143,-0.1097445,0.04173851,0.108959,0.9931696,moving,-2.714645,14.18055,-0.760167,6.024299,-0.5960975938423411,3.481775877691976,8.387157720436944,2.5478113347553566,8.365400222077358
1681,05/15/2023 18:38:18.512960,1864,True,True,True,True,Eyes,1.413799,0.1017208,-3.721587,-0.04288996,0.243002,0.9690771,0.0,0.0,0.0,0.0,0.0,0.0,0.0,-1.567541,-0.5266944,3.626965,1.411561,0.09732723,-3.726593,-0.05430735,0.02200741,-0.00982039,0.9982336,353.8005,2.594576,358.7322,0.3544366,0.02589231,-0.9347209,0,0,0,1.446006,0.3161267,-2.713539,-0.01383823,0.1077835,1.031274,0.9988385,-0.02199641,-0.04287042,0.01721576,0.9939085,-0.1088551,0.04500374,0.1079906,0.9931328,moving,-2.534175,14.07701,-0.7687815,5.966597,-0.5751116386101586,3.468469436823036,8.300326092414155,2.5056235425768247,8.28190479656595
1682,05/15/2023 18:38:18.532871,1865,True,True,True,True,Eyes,1.413962,0.1015825,-3.721446,-0.03983992,0.2412761,0.9696385,0.0,0.0,0.0,0.0,0.0,0.0,0.0,-1.579424,-0.521125,3.622567,1.411785,0.097085,-3.72647,-0.05348914,0.02361995,-0.01009549,0.998238,353.8972,2.780601,358.6929,0.3544942,0.02585735,-0.9347,0,0,0,1.449412,0.3138561,-2.713816,-0.0139994,0.1075244,1.03059,0.9986804,-0.02268223,-0.04607671,0.01762858,0.994074,-0.1072667,0.04823676,0.1063129,0.993162,moving,-2.352811,13.97319,-0.7782506,5.956283,-0.5540393510184233,3.455130559660119,8.170069663099401,2.511181836105864,8.154687813193092
1683,05/15/2023 18:38:18.552620,1866,True,True,True,True,Eyes,1.414098,0.101443,-3.721307,-0.03680172,0.2395052,0.9701974,0.0,0.0,0.0,0.0,0.0,0.0,0.0,-1.591841,-0.5150111,3.617862,1.411936,0.0969696,-3.726278,-0.05253214,0.02532724,-0.01048764,0.9982429,354.0104,2.977911,358.6403,0.3545509,0.02582246,-0.9346794,0,0,0,1.452915,0.3115208,-2.7141,-0.01421258,0.1073731,1.029799,0.9984971,-0.02359941,-0.04946366,0.01827743,0.9942608,-0.1054109,0.05166751,0.1043484,0.9931978,moving,-2.172313,13.86692,-0.7907068,5.952497,-0.5328447508614914,3.441431931621426,8.034110225457916,2.524270313183001,8.021505342985796
1684,05/15/2023 18:38:18.562485,1867,True,True,True,True,Eyes,1.414238,0.1013015,-3.72117,-0.03375905,0.2377426,0.9707414,0.0,0.0,0.0,0.0,0.0,0.0,0.0,-1.603855,-0.5066012,3.613703,1.412039,0.09680843,-3.726207,-0.0514253,0.0269497,-0.01048496,0.9982582,354.1395,3.162744,358.6345,0.3546061,0.02578761,-0.9346595,0,0,0,1.456061,0.3094233,-2.714356,-0.01444232,0.1077829,1.029155,0.9983276,-0.02370519,-0.05272714,0.01816161,0.994491,-0.1032366,0.0548839,0.1021063,0.9932584,moving,-1.991747,13.76134,-0.80399,5.978767,-0.5116974145867167,3.427833083948583,7.8726875456465315,2.567625128313906,7.862585521534703
1685,05/15/2023 18:38:18.582824,1868,True,True,True,True,Eyes,1.414386,0.1011619,-3.721036,-0.03069129,0.2359739,0.9712746,0.0,0.0,0.0,0.0,0.0,0.0,0.0,-1.615884,-0.5003644,3.609179,1.412284,0.096632,-3.726088,-0.05065112,0.02855402,-0.01039798,0.998254,354.2302,3.345529,358.6378,0.35466,0.02575274,-0.93464,0,0,0,1.459455,0.3071608,-2.714631,-0.01449093,0.1073614,1.028521,0.9981531,-0.02365224,-0.05595509,0.01786706,0.9946527,-0.1017192,0.05806187,0.1005316,0.9932382,moving,-1.809886,13.6556,-0.8071925,5.959196,-0.4904436082412012,3.414222554281344,7.76144501920604,2.564609073493174,7.753537635238719
1686,05/15/2023 18:38:18.602782,1869,True,True,True,True,Eyes,1.414539,0.1010238,-3.720902,-0.02759978,0.2342275,0.97179,0.0,0.0,0.0,0.0,0.0,0.0,0.0,-1.628461,-0.4939993,3.604439,1.412557,0.09656048,-3.726024,-0.04975696,0.03024915,-0.010523,0.9982477,354.3355,3.539748,358.6169,0.3547129,0.02571791,-0.9346209,0,0,0,1.462863,0.3048894,-2.714908,-0.01480579,0.1070698,1.027913,0.9979485,-0.02401933,-0.05934506,0.01799892,0.994827,-0.09997615,0.06143945,0.09870292,0.9932184,moving,-1.626818,13.55135,-0.8252169,5.946616,-0.4692146149860202,3.4008367576431486,7.646864948086713,2.570550442560931,7.64097287910063
1687,05/15/2023 18:38:18.613064,1870,True,True,True,True,Eyes,1.414691,0.1008848,-3.720772,-0.02449052,0.2324962,0.9722889,0.0,0.0,0.0,0.0,0.0,0.0,0.0,-1.641784,-0.4900924,3.598859,1.41279,0.09647083,-3.725875,-0.04916607,0.03206712,-0.01073556,0.9982181,354.4066,3.74907,358.5844,0.354765,0.02568313,-0.934602,0,0,0,1.466202,0.3026636,-2.715179,-0.01541811,0.1062221,1.027305,0.9977129,-0.0245861,-0.06296432,0.01827964,0.9949349,-0.09884544,0.06507567,0.09746841,0.9931087,moving,-1.442891,13.44819,-0.8598484,5.90334,-0.4480055204149137,3.387615153505672,7.567344329149742,2.549212831588184,7.563238075648523
1688,05/15/2023 18:38:18.632652,1871,True,True,True,True,Eyes,1.414845,0.1007397,-3.720643,-0.02137662,0.2307692,0.9727737,0.0,0.0,0.0,0.0,0.0,0.0,0.0,-1.654768,-0.4863511,3.59342,1.41298,0.09632587,-3.725811,-0.04866294,0.03383482,-0.01080356,0.9981836,354.4671,3.951916,358.5688,0.3548164,0.02564839,-0.9345835,0,0,0,1.469567,0.30042,-2.715452,-0.01581323,0.1052195,1.026821,0.9974769,-0.02486088,-0.06649515,0.01827488,0.9950304,-0.09788016,0.06859809,0.09641802,0.9929742,moving,-1.258868,13.34547,-0.8822954,5.85074,-0.4268227296377035,3.3744576374555475,7.50418447907371,2.5178224108335554,7.50148946914523
1689,05/15/2023 18:38:18.653551,1872,True,True,True,True,Eyes,1.415014,0.1005972,-3.720521,-0.01826879,0.2290226,0.9732496,0.0,0.0,0.0,0.0,0.0,0.0,0.0,-1.666776,-0.4800943,3.588631,1.413144,0.09604263,-3.725681,-0.04786114,0.03546366,-0.01080433,0.9981658,354.5613,4.137846,358.5631,0.3548671,0.02561353,-0.9345652,0,0,0,1.473131,0.2980443,-2.715741,-0.01567745,0.1048484,1.026228,0.9972512,-0.02496368,-0.06976303,0.01817436,0.9951852,-0.09631303,0.07183149,0.09478037,0.9929032,moving,-1.075368,13.24179,-0.8752263,5.833595,-0.4056053955439883,3.361157552615007,7.410898046667751,2.5166427488091556,7.4092424208299885
1690,05/15/2023 18:38:18.672307,1873,True,True,True,True,Eyes,1.415186,0.1004544,-3.720403,-0.01516379,0.2272979,0.9737072,0.0,0.0,0.0,0.0,0.0,0.0,0.0,-1.677668,-0.4729499,3.584607,1.413301,0.09599781,-3.725725,-0.04685979,0.0369454,-0.01090218,0.9981586,354.6786,4.306976,358.5482,0.3549175,0.02557861,-0.9345471,0,0,0,1.476322,0.2959173,-2.716,-0.01565018,0.1048776,1.025787,0.9970324,-0.02522671,-0.07273306,0.0183017,0.9953706,-0.09435258,0.07477647,0.09274144,0.9928784,moving,-0.8922097,13.13958,-0.8740796,5.837697,-0.3845242084097541,3.348065790952948,7.301905507894157,2.537307241643425,7.3010369603314995
1691,05/15/2023 18:38:18.682786,1874,True,True,True,True,Eyes,1.415359,0.1003079,-3.720291,-0.01203452,0.2255377,0.9741601,0.0,0.0,0.0,0.0,0.0,0.0,0.0,-1.689032,-0.4683184,3.579883,1.413504,0.09585762,-3.725658,-0.04627453,0.03848329,-0.01086316,0.9981281,354.7478,4.482582,358.5472,0.3549676,0.02554362,-0.934529,0,0,0,1.479686,0.2936748,-2.716273,-0.01555333,0.1040348,1.025332,0.9968021,-0.02524724,-0.07581707,0.01812406,0.9954813,-0.09321192,0.07782781,0.09153972,0.9927555,moving,-0.7077814,13.03546,-0.8690568,5.793661,-0.3632059339561638,3.3347105699134985,7.2435945849451135,2.5104426534577304,7.2432460098504885
1692,05/15/2023 18:38:18.702845,1875,True,True,True,True,Eyes,1.415535,0.1001662,-3.720181,-0.0089064,0.223776,0.9746,0.0,0.0,0.0,0.0,0.0,0.0,0.0,-1.700434,-0.461104,3.57549,1.413671,0.09564686,-3.725667,-0.04529681,0.04003575,-0.01093359,0.9981111,354.8625,4.65968,358.5356,0.3550175,0.02550849,-0.934511,0,0,0,1.48344,0.2911717,-2.716578,-0.01509565,0.1038185,1.024868,0.9965553,-0.02545287,-0.07892974,0.0181989,0.9956573,-0.09129797,0.08091077,0.08954703,0.9926907,moving,-0.523584,12.93143,-0.8438691,5.784293,-0.3419112953876905,3.32136626823391,7.154309878810885,2.5135571852773118,7.1542125027798065
1693,05/15/2023 18:38:18.722799,1876,True,True,True,True,Eyes,1.415697,0.1000225,-3.720071,-0.005753851,0.2220236,0.9750243,0.0,0.0,0.0,0.0,0.0,0.0,0.0,-1.711821,-0.4548218,3.570859,1.413882,0.09563351,-3.72559,-0.04440814,0.04158741,-0.01103116,0.9980865,354.967,4.836954,358.5208,0.3550673,0.02547334,-0.9344931,0,0,0,1.486434,0.2891761,-2.716821,-0.01544875,0.1037134,1.024374,0.9962976,-0.02571375,-0.08203598,0.01832646,0.9958124,-0.08956385,0.08399549,0.08772882,0.9925968,moving,-0.3381121,12.82813,-0.8640212,5.781248,-0.3205790351388206,3.308138041066424,7.0664790598562455,2.532114186904974,7.066380428201601
1694,05/15/2023 18:38:18.732994,1877,True,True,True,True,Eyes,1.41586,0.09987678,-3.719963,-0.002612209,0.2202516,0.9754397,0.0,0.0,0.0,0.0,0.0,0.0,0.0,-1.722721,-0.4514498,3.566011,1.414048,0.095438,-3.725503,-0.04395996,0.04308203,-0.01108803,0.9980425,355.0209,5.008277,358.5091,0.3551165,0.02543812,-0.9344753,0,0,0,1.489843,0.2869039,-2.717098,-0.01520395,0.1026212,1.023974,0.996042,-0.02592041,-0.08502054,0.01834488,0.9958892,-0.08870319,0.08697024,0.08679241,0.992423,moving,-0.1534367,12.72386,-0.8506649,5.722996,-0.299231403609971,3.294763417370907,7.035497417338112,2.490058709404758,7.035142687424251
1695,05/15/2023 18:38:18.752379,1878,True,True,True,True,Eyes,1.416018,0.09972887,-3.719862,0.0005525947,0.2184634,0.975845,0.0,0.0,0.0,0.0,0.0,0.0,0.0,-1.733156,-0.4436418,3.561898,1.414211,0.09526825,-3.725413,-0.04284813,0.04451352,-0.01125986,0.998026,355.1513,5.171592,358.4881,0.3551654,0.0254028,-0.9344577,0,0,0,1.493435,0.2845094,-2.71739,-0.01467788,0.1027533,1.023438,0.9957834,-0.02628991,-0.08788624,0.01866063,0.9960745,-0.08652952,0.08981621,0.08452465,0.9923652,moving,0.03244505,12.6188,-0.8216649,5.733292,-0.2777360835717279,3.2812857757204954,6.938279630049009,2.511611650165386,6.937455790077352
1696,05/15/2023 18:38:18.762808,1879,True,True,True,True,Eyes,1.416178,0.0995768,-3.719763,0.003698683,0.2166629,0.9762395,0.0,0.0,0.0,0.0,0.0,0.0,0.0,-1.742389,-0.4369806,3.558331,1.41434,0.09508133,-3.725478,-0.0419044,0.04578128,-0.01140246,0.9980072,355.2621,5.316211,358.4707,0.3552137,0.02536732,-0.9344404,0,0,0,1.496535,0.2824423,-2.717641,-0.01428664,0.1028602,1.023139,0.9955481,-0.02659634,-0.09042457,0.01892259,0.996228,-0.08468582,0.09233585,0.08259774,0.9922962,moving,0.2170757,12.51319,-0.8000001,5.740887,-0.2562903024377788,3.2677181386919107,6.848250222265147,2.5322291682446716,6.846727473325034
1697,05/15/2023 18:38:18.782585,1880,True,True,True,True,Eyes,1.416312,0.09942392,-3.719665,0.006898105,0.2148332,0.9766264,0.0,0.0,0.0,0.0,0.0,0.0,0.0,-1.752182,-0.4296589,3.55443,1.414519,0.09485245,-3.725434,-0.04086937,0.04712269,-0.01156067,0.9979858,355.3836,5.469144,358.452,0.3552615,0.02533159,-0.9344231,0,0,0,1.499837,0.2802415,-2.717909,-0.01388639,0.1030753,1.02271,0.9952917,-0.02692651,-0.09311046,0.01922302,0.9963921,-0.08266363,0.09500048,0.08048455,0.9922184,moving,0.4046847,12.40604,-0.777916,5.755199,-0.2345109548499002,3.253955159179581,6.755163241767107,2.559591724149901,6.752683286220043
1698,05/15/2023 18:38:18.802803,1881,True,True,True,True,Eyes,1.416448,0.09927703,-3.719571,0.01008533,0.2130086,0.9769982,0.0,0.0,0.0,0.0,0.0,0.0,0.0,-1.76172,-0.4217587,3.550642,1.4146,0.09468174,-3.725391,-0.03971997,0.04844615,-0.01177722,0.9979663,355.5185,5.619996,358.4277,0.3553084,0.02529563,-0.9344063,0,0,0,1.503263,0.2779578,-2.718187,-0.01324186,0.1033909,1.022274,0.9950285,-0.0273551,-0.09575973,0.01965799,0.9965672,-0.0804195,0.09763089,0.07813726,0.9921506,moving,0.5914304,12.29936,-0.7421296,5.77515,-0.2128300817179216,3.2402521963730413,6.659106426368331,2.589568468854689,6.655506071198014
1699,05/15/2023 18:38:18.813032,1882,True,True,True,True,Eyes,1.416571,0.09913065,-3.719473,0.01329122,0.2112172,0.9773488,0.0,0.0,0.0,0.0,0.0,0.0,0.0,-1.772036,-0.4165296,3.546191,1.414792,0.09469032,-3.725383,-0.0388922,0.04987335,-0.01203819,0.9979254,355.6171,5.783562,358.3962,0.3553543,0.0252596,-0.9343898,0,0,0,1.506579,0.2757468,-2.718457,-0.01303369,0.1029349,1.02193,0.9947355,-0.0279058,-0.09860329,0.02014707,0.996685,-0.0788238,0.1004761,0.07642227,0.9920001,moving,0.7791319,12.19479,-0.7307106,5.751776,-0.1912392468055146,3.226860894951399,6.61755648098316,2.5819034894085564,6.612560473353978
1700,05/15/2023 18:38:18.832591,1883,True,True,True,True,Eyes,1.416697,0.09899294,-3.719377,0.0164843,0.2094357,0.9776834,0.0,0.0,0.0,0.0,0.0,0.0,0.0,-1.783908,-0.4127207,3.54056,1.414944,0.09455585,-3.725214,-0.03835668,0.05151916,-0.01212734,0.9978614,355.6815,5.972072,358.382,0.3553993,0.02522352,-0.9343737,0,0,0,1.510027,0.2734486,-2.718736,-0.0130347,0.1019367,1.021508,0.9943974,-0.02815501,-0.1018876,0.0202506,0.9967634,-0.07779887,0.1037483,0.07529971,0.9917491,moving,0.9659477,12.09095,-0.7310691,5.698704,-0.1697681951817895,3.213566788934746,6.613673332120225,2.547737361576136,6.607066933974084
1701,05/15/2023 18:38:18.852597,1884,True,True,True,True,Eyes,1.416803,0.09885928,-3.719279,0.01970219,0.2077291,0.9779879,0.0,0.0,0.0,0.0,0.0,0.0,0.0,-1.794638,-0.4069661,3.535789,1.415108,0.09464169,-3.725139,-0.03759765,0.05298764,-0.01204096,0.9978146,355.7703,6.138969,358.3904,0.3554433,0.02518763,-0.934358,0,0,0,1.513596,0.2710693,-2.719026,-0.01251549,0.1010793,1.021135,0.9940947,-0.02801372,-0.1048383,0.02004488,0.9968829,-0.07630701,0.106649,0.07375492,0.9915575,moving,1.154104,11.99166,-0.7022072,5.65313,-0.1485438079183705,3.20093845136928,6.604759937510631,2.5139185633005825,6.59648400363746
1702,05/15/2023 18:38:18.862836,1885,True,True,True,True,Eyes,1.416913,0.09872388,-3.719178,0.02291899,0.2060029,0.9782829,0.0,0.0,0.0,0.0,0.0,0.0,0.0,-1.804612,-0.408196,3.530526,1.415274,0.09458542,-3.725039,-0.03768026,0.05438924,-0.01226997,0.9977332,355.7646,6.301268,358.3576,0.3554861,0.025152,-0.9343427,0,0,0,1.516751,0.2689661,-2.719282,-0.01236421,0.09893642,1.020936,0.9937825,-0.02858312,-0.1076072,0.02038552,0.9968593,-0.0765244,0.1094565,0.07385498,0.9912441,moving,1.342067,11.89139,-0.6938559,5.535112,-0.1272593398559046,3.1881675514737315,6.674372784616424,2.4143694635319157,6.6642704180817995
1703,05/15/2023 18:38:18.882503,1886,True,True,True,True,Eyes,1.416992,0.09858352,-3.719079,0.02611434,0.2042913,0.9785618,0.0,0.0,0.0,0.0,0.0,0.0,0.0,-1.815824,-0.4012696,3.525457,1.415421,0.09443092,-3.724882,-0.03660595,0.05595887,-0.0126026,0.9976822,355.8923,6.48084,358.3199,0.3555278,0.02511658,-0.9343277,0,0,0,1.5201,0.2667332,-2.719554,-0.01237452,0.09914087,1.020464,0.9934196,-0.02924363,-0.1107357,0.02104992,0.9970024,-0.07445269,0.1125811,0.07163178,0.9910573,moving,1.528659,11.79209,-0.6947554,5.549025,-0.1061481799637422,3.175524105200619,6.6271737707979534,2.4453966870616872,6.614845699026266
1704,05/15/2023 18:38:18.902967,1887,True,True,True,True,Eyes,1.417074,0.09843019,-3.718984,0.02928076,0.2025128,0.9788418,0.0,0.0,0.0,0.0,0.0,0.0,0.0,-1.82557,-0.397518,3.520863,1.41549,0.09415627,-3.724879,-0.03608121,0.05732405,-0.01271352,0.9976224,355.9554,6.637127,358.3051,0.3555681,0.02508121,-0.9343134,0,0,0,1.523546,0.2644366,-2.719834,-0.01174402,0.09825781,1.020291,0.9931047,-0.02950323,-0.1134581,0.02122995,0.997073,-0.07344843,0.115293,0.07053327,0.9908242,moving,1.713417,11.68902,-0.6594716,5.500831,-0.0848853449530304,3.1623227009173287,6.627539770362072,2.4080636265197453,6.61320476793579
1705,05/15/2023 18:38:18.912455,1888,True,True,True,True,Eyes,1.417145,0.09827885,-3.718895,0.03242276,0.2006781,0.9791206,0.0,0.0,0.0,0.0,0.0,0.0,0.0,-1.834688,-0.3849846,3.517546,1.415609,0.09371853,-3.724875,-0.03438923,0.05857018,-0.0127705,0.9976092,356.1515,6.776962,358.3052,0.3556069,0.02504557,-0.9342995,0,0,0,1.526859,0.2622278,-2.720103,-0.01105732,0.09999776,1.01991,0.9928129,-0.0295083,-0.115982,0.02145157,0.9973086,-0.07010996,0.1177386,0.06711807,0.9907739,moving,1.896609,11.58279,-0.621146,5.599707,-0.0634974711715575,3.14865336705814,6.491253532632506,2.513689677200036,6.474492712307659
1706,05/15/2023 18:38:18.932751,1889,True,True,True,True,Eyes,1.417221,0.09812276,-3.718804,0.03557447,0.198815,0.9793912,0.0,0.0,0.0,0.0,0.0,0.0,0.0,-1.844913,-0.3756652,3.51338,1.415816,0.09362411,-3.724964,-0.03309584,0.05996796,-0.01281809,0.9975693,356.3022,6.935053,358.3035,0.3556441,0.02500972,-0.9342863,0,0,0,1.530225,0.259984,-2.720376,-0.01070815,0.1005341,1.019676,0.9924791,-0.02954324,-0.1187959,0.02160448,0.9974808,-0.06756812,0.1204928,0.06449341,0.990617,moving,2.080243,11.47503,-0.6016707,5.630831,-0.0419616012162511,3.13476796171774,6.430188414490566,2.5580471001019864,6.410888656244987
1707,05/15/2023 18:38:18.952719,1890,True,True,True,True,Eyes,1.417279,0.09796208,-3.718715,0.03872924,0.196919,0.9796545,0.0,0.0,0.0,0.0,0.0,0.0,0.0,-1.857046,-0.3669381,3.507809,1.416006,0.09337616,-3.724809,-0.03183901,0.06165549,-0.01301534,0.9975046,356.4503,7.127059,358.2838,0.3556801,0.02497358,-0.9342735,0,0,0,1.533668,0.257689,-2.720655,-0.01086622,0.1011231,1.019226,0.9920584,-0.02989182,-0.1221746,0.02203962,0.9976337,-0.06512407,0.1238321,0.0619142,0.9903698,moving,2.263928,11.36549,-0.6108214,5.666091,-0.0202873058210169,3.120627130759525,6.3833637742182106,2.613066555982928,6.361161962726884
1708,05/15/2023 18:38:18.962864,1891,True,True,True,True,Eyes,1.417344,0.09780714,-3.718629,0.04188902,0.1950267,0.979903,0.0,0.0,0.0,0.0,0.0,0.0,0.0,-1.868238,-0.3590812,3.502759,1.416097,0.09310818,-3.724858,-0.03074848,0.06321746,-0.01310878,0.9974399,356.5784,7.304587,358.2756,0.3557146,0.02493706,-0.9342614,0,0,0,1.536978,0.2554823,-2.720924,-0.01080233,0.1014582,1.019043,0.9916635,-0.03003812,-0.1253051,0.02226276,0.9977654,-0.06299694,0.1269175,0.05968212,0.9901162,moving,2.447797,11.25629,-0.6073389,5.685755,0.0013746659185901,3.106536782172258,6.353323189771933,2.6500752480840695,6.328256613841295
1709,05/15/2023 18:38:18.982795,1892,True,True,True,True,Eyes,1.417397,0.09765481,-3.718544,0.04507126,0.193149,0.9801337,0.0,0.0,0.0,0.0,0.0,0.0,0.0,-1.880289,-0.3525071,3.497018,1.416327,0.09310532,-3.724813,-0.02986116,0.06488091,-0.01306334,0.9973606,356.6825,7.493752,358.2819,0.3557478,0.02490034,-0.9342498,0,0,0,1.540394,0.2532048,-2.721201,-0.0109157,0.10103,1.018792,0.9912395,-0.02993255,-0.128639,0.02218288,0.9978754,-0.06125982,0.1301994,0.05786957,0.9897976,moving,2.63288,11.14809,-0.6138639,5.663308,0.0230494175204114,3.0926007913000517,6.3737100294656654,2.648432390471151,6.345757367586207
1710,05/15/2023 18:38:19.002632,1893,True,True,True,True,Eyes,1.417456,0.09750731,-3.718462,0.04824593,0.1912769,0.9803497,0.0,0.0,0.0,0.0,0.0,0.0,0.0,-1.89201,-0.3467925,3.491317,1.416481,0.0930109,-3.724807,-0.02916324,0.06650409,-0.01288934,0.9972767,356.7637,7.678297,358.3018,0.3557795,0.0248635,-0.9342387,0,0,0,1.54389,0.2508748,-2.721485,-0.01076418,0.1002437,1.018647,0.9908221,-0.02958742,-0.1318941,0.02182953,0.9979667,-0.05988202,0.1333977,0.05645324,0.9894534,moving,2.817423,11.04033,-0.6054297,5.620303,0.0446515226006565,3.078723330181652,6.410352040771731,2.623401001374343,6.379682282384734
1711,05/15/2023 18:38:19.012879,1894,True,True,True,True,Eyes,1.41751,0.0973682,-3.718383,0.0514367,0.1894525,0.9805417,0.0,0.0,0.0,0.0,0.0,0.0,0.0,-1.90291,-0.3407148,3.486064,1.4167,0.09299564,-3.724796,-0.02831431,0.06801498,-0.01290947,0.9971989,356.8636,7.850257,358.3014,0.3558101,0.02482667,-0.934228,0,0,0,1.547071,0.2487537,-2.721744,-0.0108186,0.09990775,1.018466,0.9904146,-0.02959821,-0.1349178,0.02189502,0.9980633,-0.05822606,0.13638,0.05471392,0.9891445,moving,3.002837,10.93549,-0.6085985,5.602579,0.0660961101416355,3.065273225168429,6.44068366748292,2.625477749276846,6.407067326072334
1712,05/15/2023 18:38:19.032637,1895,True,True,True,True,Eyes,1.417571,0.09722747,-3.718303,0.05461502,0.1876817,0.9807103,0.0,0.0,0.0,0.0,0.0,0.0,0.0,-1.914212,-0.3385547,3.480149,1.416851,0.09305477,-3.724801,-0.02795772,0.0696097,-0.01301461,0.9970976,356.9079,8.033176,358.2872,0.3558396,0.02479007,-0.9342178,0,0,0,1.550453,0.2464996,-2.722018,-0.01079029,0.09837565,1.018417,0.9899703,-0.02984593,-0.1380876,0.02206142,0.998098,-0.05756503,0.1395431,0.05394126,0.9887457,moving,3.187467,10.83389,-0.6070349,5.517458,0.0872383696408305,3.052282011698649,6.531668537190754,2.5610755604306785,6.495442754697187
1713,05/15/2023 18:38:19.052938,1896,True,True,True,True,Eyes,1.41763,0.09708078,-3.718227,0.05778994,0.1859339,0.9808613,0.0,0.0,0.0,0.0,0.0,0.0,0.0,-1.924391,-0.3374391,3.474627,1.417048,0.09287834,-3.724719,-0.02775559,0.0710465,-0.01316956,0.9969999,356.9348,8.198426,358.2667,0.3558681,0.02475363,-0.9342079,0,0,0,1.55395,0.2441681,-2.722302,-0.01037234,0.09670576,1.018337,0.9895579,-0.03020397,-0.1409356,0.02231622,0.9981124,-0.05721593,0.1423977,0.05347332,0.988364,moving,3.371829,10.73374,-0.5835698,5.42479,0.1082513659865368,3.039496890551036,6.620432747905641,2.483594118146457,6.581841688702183
1714,05/15/2023 18:38:19.062818,1897,True,True,True,True,Eyes,1.417696,0.09693386,-3.718149,0.0609404,0.1842108,0.9809958,0.0,0.0,0.0,0.0,0.0,0.0,0.0,-1.934239,-0.334702,3.469441,1.417118,0.09259033,-3.724719,-0.02736443,0.072447,-0.01327767,0.9969084,356.9828,8.358953,358.2533,0.3558958,0.02471718,-0.9341983,0,0,0,1.557178,0.2420167,-2.722564,-0.01003748,0.09569666,1.018332,0.9891502,-0.03043818,-0.1437194,0.02250829,0.9981498,-0.05648351,0.1451728,0.0526358,0.9880052,moving,3.554701,10.63512,-0.5647338,5.368542,0.1290400026700311,3.026918681869611,6.686298445443118,2.4422370591904476,6.645193259135839
1715,05/15/2023 18:38:19.082742,1898,True,True,True,True,Eyes,1.417758,0.09677865,-3.718073,0.06409474,0.1824959,0.9811152,0.0,0.0,0.0,0.0,0.0,0.0,0.0,-1.943626,-0.3304316,3.464553,1.417335,0.09244728,-3.724596,-0.02681913,0.07375166,-0.01321738,0.9968283,357.0469,8.507618,358.261,0.3559228,0.02468072,-0.934189,0,0,0,1.56055,0.2397684,-2.722838,-0.00944078,0.09474979,1.018167,0.988772,-0.03030683,-0.1463264,0.02239501,0.998212,-0.05541773,0.1477443,0.05151852,0.9876829,moving,3.737733,10.53709,-0.53125,5.316586,0.149795647073334,3.014426682795704,6.743728780749192,2.400783350322991,6.700231944107297
1716,05/15/2023 18:38:19.113041,1899,True,True,True,True,Eyes,1.417831,0.0966271,-3.718003,0.06722984,0.1807455,0.9812294,0.0,0.0,0.0,0.0,0.0,0.0,0.0,-1.951129,-0.3288382,3.460588,1.417536,0.09208965,-3.724623,-0.02653915,0.07480925,-0.01344457,0.9967541,357.0827,8.629296,358.2343,0.3559491,0.02464404,-0.93418,0,0,0,1.56396,0.2374955,-2.723114,-0.008385062,0.09349039,1.018229,0.9884456,-0.03077261,-0.1484192,0.02283111,0.9982298,-0.05491757,0.1498465,0.05089446,0.9873985,moving,3.919548,10.43707,-0.4718169,5.245997,0.1706132155925069,3.001637989327559,6.799362071274114,2.334494339724725,6.753824660556405
1717,05/15/2023 18:38:19.122666,1900,True,True,True,True,Eyes,1.417907,0.096495,-3.717928,0.07042798,0.179012,0.9813229,0.0,0.0,0.0,0.0,0.0,0.0,0.0,-1.960243,-0.3218905,3.456254,1.417845,0.0920496,-3.72466,-0.02528627,0.07609305,-0.01406116,0.9966809,357.2336,8.775885,358.1711,0.355975,0.02460724,-0.9341711,0,0,0,1.567299,0.2352693,-2.723386,-0.008063614,0.09398322,1.018088,0.9880242,-0.03187719,-0.1509698,0.02418076,0.9983258,-0.0525446,0.1523921,0.04826478,0.987141,moving,4.104989,10.33817,-0.4537932,5.274224,0.1916102350582958,2.9890419830450616,6.813665991076524,2.3745741606863513,6.765302880008311
1718,05/15/2023 18:38:19.132680,1901,True,True,True,True,Eyes,1.41799,0.09636304,-3.717857,0.07360335,0.1773303,0.9813952,0.0,0.0,0.0,0.0,0.0,0.0,0.0,-1.970253,-0.3252965,3.450202,1.418134,0.09237957,-3.724509,-0.02540327,0.07754499,-0.01471323,0.9965566,357.2287,8.944943,358.0915,0.3560006,0.02457083,-0.9341623,0,0,0,1.570698,0.2330034,-2.723661,-0.007954001,0.09129661,1.018013,0.9875406,-0.03326494,-0.1538085,0.02538534,0.9982764,-0.05291347,0.1553035,0.04834972,0.9866829,moving,4.289078,10.24237,-0.4476579,5.124645,0.2122741337491921,2.976879779548092,6.973361898107239,2.246865757305313,6.922982487367915
1719,05/15/2023 18:38:19.152921,1902,True,True,True,True,Eyes,1.418073,0.09623166,-3.717786,0.07673802,0.1756636,0.9814548,0.0,0.0,0.0,0.0,0.0,0.0,0.0,-1.979454,-0.3247621,3.445096,1.41837,0.09225368,-3.724529,-0.02523097,0.07885039,-0.01494695,0.9964551,357.253,9.095333,358.0627,0.3560261,0.02453477,-0.9341534,0,0,0,1.574685,0.2303455,-2.723985,-0.006834209,0.08921963,1.018128,0.9871184,-0.03376687,-0.1563876,0.02580899,0.99828,-0.05264021,0.1578961,0.04792592,0.9862921,moving,4.470748,10.14752,-0.3845935,5.008095,0.2326898743687978,2.964832995699733,7.070221383538655,2.134469110221386,7.018154315810601
1720,05/15/2023 18:38:19.172960,1903,True,True,True,True,Eyes,1.418159,0.09609409,-3.717724,0.07983509,0.1740346,0.9814979,0.0,0.0,0.0,0.0,0.0,0.0,0.0,-1.988603,-0.3264161,3.439549,1.418555,0.09139347,-3.72437,-0.0254897,0.08016339,-0.01513183,0.9963409,357.2277,9.247507,358.0355,0.3560515,0.02449904,-0.9341447,0,0,0,1.577447,0.2285048,-2.724209,-0.006912589,0.08778632,1.018143,0.9866897,-0.03423961,-0.1589686,0.02606624,0.9982427,-0.05321891,0.1605114,0.04836683,0.9858482,moving,4.650204,10.05491,-0.3889986,4.927969,0.2527747680448159,2.9530888579438344,7.188816791470468,2.0765415072710125,7.134524123678135
1721,05/15/2023 18:38:19.182578,1904,True,True,True,True,Eyes,1.418259,0.09595577,-3.717663,0.08290018,0.1723469,0.9815418,0.0,0.0,0.0,0.0,0.0,0.0,0.0,-1.996537,-0.3237176,3.435421,1.418694,0.09111214,-3.724523,-0.02515413,0.0812791,-0.01511838,0.9962592,357.2681,9.37502,358.0371,0.3560768,0.02446345,-0.934136,0,0,0,1.580768,0.226291,-2.724479,-0.005963385,0.08658551,1.018381,0.9863303,-0.03421266,-0.1611894,0.02603464,0.9982774,-0.05257769,0.1627107,0.04766246,0.985522,moving,4.827695,9.958928,-0.3355061,4.859757,0.2729716710142544,2.940842828981009,7.256734147416606,2.013076450002825,7.200666709866045
1722,05/15/2023 18:38:19.202797,1905,True,True,True,True,Eyes,1.418365,0.09581822,-3.717606,0.08594257,0.1706943,0.9815688,0.0,0.0,0.0,0.0,0.0,0.0,0.0,-2.005043,-0.321013,3.43082,1.418883,0.09172153,-3.72453,-0.02451999,0.08249757,-0.01546908,0.9961694,357.3463,9.514604,357.9998,0.3561023,0.02442796,-0.9341272,0,0,0,1.584344,0.223907,-2.724769,-0.005044937,0.0850006,1.018391,0.9859098,-0.03486532,-0.1636043,0.02677397,0.9983189,-0.05140445,0.1651215,0.0462998,0.9851859,moving,5.003848,9.86505,-0.2838312,4.771166,0.2929118499838102,2.928887552208704,7.342152649432497,1.9304461724950879,7.284448398580471
1723,05/15/2023 18:38:19.222763,1906,True,True,True,True,Eyes,1.418473,0.09568392,-3.717545,0.08898045,0.1689482,0.9816002,0.0,0.0,0.0,0.0,0.0,0.0,0.0,-2.013792,-0.3191133,3.426011,1.419105,0.09160709,-3.724578,-0.02415811,0.08374068,-0.01569162,0.9960712,357.3922,9.657329,357.9746,0.3561282,0.02439257,-0.9341183,0,0,0,1.587449,0.2218371,-2.725021,-0.004689574,0.08386268,1.018509,0.9854826,-0.03530597,-0.1660651,0.02721391,0.9983403,-0.05075444,0.1675815,0.04549834,0.9848077,moving,5.179613,9.765786,-0.2638082,4.707042,0.3132313660592513,2.916154658098393,7.4311321626078914,1.8815557744008693,7.3716004208004025
1724,05/15/2023 18:38:19.232799,1907,True,True,True,True,Eyes,1.418588,0.09555003,-3.717488,0.09200333,0.1672179,0.9816178,0.0,0.0,0.0,0.0,0.0,0.0,0.0,-2.023178,-0.3145992,3.420937,1.419353,0.09151936,-3.724525,-0.023385,0.08507371,-0.01600119,0.9959717,357.4863,9.809585,357.9434,0.3561543,0.02435736,-0.9341092,0,0,0,1.590821,0.2195893,-2.725295,-0.004278183,0.08338103,1.018477,0.9850129,-0.03585237,-0.1687137,0.02789457,0.9983942,-0.04930416,0.1702105,0.04385904,0.9844313,moving,5.354475,9.667493,-0.2406736,4.680275,0.3334115995374629,2.903553451452953,7.4952005467236145,1.8671671798206464,7.433805123574573
1725,05/15/2023 18:38:19.252538,1908,True,True,True,True,Eyes,1.418684,0.09542088,-3.717428,0.09507614,0.165401,0.9816329,0.0,0.0,0.0,0.0,0.0,0.0,0.0,-2.032925,-0.3109869,3.415551,1.419645,0.09145832,-3.724476,-0.02271356,0.08645925,-0.01634859,0.9958622,357.5692,9.968193,357.907,0.3561808,0.02432231,-0.9341,0,0,0,1.594794,0.2169405,-2.725618,-0.003407001,0.08228975,1.018509,0.984515,-0.03648949,-0.1714603,0.0286343,0.9984336,-0.04806613,0.1729456,0.04241218,0.9840178,moving,5.532132,9.564257,-0.1916587,4.619141,0.3541695763970195,2.8902661256932167,7.564122700674711,1.8129911302386001,7.501223825073532
1726,05/15/2023 18:38:19.262820,1909,True,True,True,True,Eyes,1.418788,0.09529424,-3.717369,0.09815025,0.1636278,0.9816275,0.0,0.0,0.0,0.0,0.0,0.0,0.0,-2.043288,-0.3077758,3.409752,1.419955,0.09143448,-3.724451,-0.02203041,0.08794147,-0.01681949,0.9957401,357.6551,10.13815,357.8565,0.3562073,0.02428754,-0.9340908,0,0,0,1.597504,0.215134,-2.725837,-0.004071176,0.0820013,1.018485,0.9839668,-0.03737046,-0.1743926,0.02962091,0.9984636,-0.04683138,0.1758748,0.04091486,0.983562,moving,5.709871,9.463639,-0.2290264,4.603127,0.374735399672859,2.8773558486809483,7.67431294839289,1.8283365055342777,7.609343213813566
1727,05/15/2023 18:38:19.282503,1910,True,True,True,True,Eyes,1.418886,0.09515545,-3.717315,0.1011958,0.161767,0.9816266,0.0,0.0,0.0,0.0,0.0,0.0,0.0,-2.053674,-0.3078844,3.403561,1.420197,0.0913744,-3.724417,-0.0217506,0.08945656,-0.01742132,0.9956008,357.6965,10.31318,357.7871,0.356234,0.02425308,-0.9340815,0,0,0,1.600925,0.2128533,-2.726115,-0.004027903,0.08050767,1.018592,0.9833881,-0.03858082,-0.1773682,0.03079788,0.9984468,-0.04642674,0.1788839,0.04019294,0.9830489,moving,5.885823,9.357944,-0.2265683,4.51916,0.3955552357016815,2.863700145858247,7.795842353650547,1.7684979565577665,7.729452466168277
1728,05/15/2023 18:38:19.302574,1911,True,True,True,True,Eyes,1.418988,0.09501924,-3.71726,0.1042253,0.1598882,0.9816175,0.0,0.0,0.0,0.0,0.0,0.0,0.0,-2.063431,-0.3034336,3.398241,1.420339,0.09095764,-3.724543,-0.02095783,0.09086794,-0.01786518,0.9954823,357.7947,10.47452,357.7416,0.3562606,0.02421858,-0.9340723,0,0,0,1.604437,0.2105127,-2.7264,-0.003600061,0.08033226,1.018828,0.9828478,-0.03937772,-0.180166,0.03176014,0.9984832,-0.04497302,0.1816636,0.03847954,0.9826076,moving,6.060794,9.251229,-0.2024557,4.508316,0.4163807832159785,2.849889246669414,7.85643179376739,1.770123693169985,7.788608354277637
1729,05/15/2023 18:38:19.312897,1912,True,True,True,True,Eyes,1.419091,0.09488752,-3.717203,0.1072405,0.1579229,0.9816109,0.0,0.0,0.0,0.0,0.0,0.0,0.0,-2.07234,-0.2977156,3.393286,1.420523,0.09090424,-3.724441,-0.01986859,0.09216002,-0.01844795,0.995375,357.9281,10.62155,357.6838,0.3562873,0.02418413,-0.934063,0,0,0,1.607683,0.2083488,-2.726664,-0.003219903,0.08060303,1.018762,0.9823323,-0.04038743,-0.1827345,0.03306307,0.9985298,-0.04295371,0.1842007,0.03615307,0.9822236,moving,6.23481,9.139506,-0.1810887,4.523741,0.437515746055548,2.835350111557112,7.903735994065509,1.7981477283184095,7.8345699107479225
1730,05/15/2023 18:38:19.332540,1913,True,True,True,True,Eyes,1.419199,0.09475576,-3.717148,0.1102543,0.1559573,0.9815912,0.0,0.0,0.0,0.0,0.0,0.0,0.0,-2.08112,-0.2956125,3.388139,1.420827,0.09089184,-3.724368,-0.01919464,0.09343803,-0.01919716,0.9952549,358.0161,10.76833,357.6029,0.3563141,0.02414982,-0.9340537,0,0,0,1.610969,0.206158,-2.726931,-0.002915204,0.07999294,1.018782,0.9818016,-0.04179917,-0.1852523,0.03462513,0.9985261,-0.0417946,0.1867262,0.03461962,0.9818018,moving,6.408713,9.027814,-0.1639492,4.489553,0.4586401289852466,2.820814445065399,7.987221124986451,1.7810968073890647,7.916979744509268
1731,05/15/2023 18:38:19.352416,1914,True,True,True,True,Eyes,1.419319,0.09462547,-3.717093,0.1132206,0.1539487,0.9815706,0.0,0.0,0.0,0.0,0.0,0.0,0.0,-2.091308,-0.2907729,3.382386,1.421043,0.09077549,-3.724384,-0.0182767,0.0949102,-0.01968291,0.9951234,358.1296,10.93617,357.5547,0.3563411,0.02411564,-0.9340443,0,0,0,1.614367,0.203893,-2.727206,-0.002778113,0.07985802,1.018896,0.9812093,-0.04264314,-0.1881753,0.03570456,0.9985571,-0.04011136,0.1896144,0.03263892,0.981316,moving,6.57978,8.913609,-0.1562217,4.481509,0.4797480464100946,2.805892754726929,8.06332619409651,1.7922464450437456,7.992079201205769
1732,05/15/2023 18:38:19.362418,1915,True,True,True,True,Eyes,1.419446,0.0945037,-3.717038,0.1161836,0.1520034,0.9815275,0.0,0.0,0.0,0.0,0.0,0.0,0.0,-2.101084,-0.2892867,3.376448,1.421286,0.09070492,-3.724294,-0.01790583,0.09632662,-0.01999825,0.9949877,358.1789,11.09878,357.5202,0.3563685,0.02408162,-0.9340347,0,0,0,1.617697,0.2016732,-2.727477,-0.002554059,0.07858736,1.018996,0.9806426,-0.04324564,-0.1909713,0.03634641,0.9985589,-0.03948488,0.1924037,0.03177943,0.9808012,moving,6.750701,8.803133,-0.1436086,4.410057,0.5005631170409758,2.7915058244871527,8.17499979219744,1.742029020650787,8.103019936500276
1733,05/15/2023 18:38:19.382414,1916,True,True,True,True,Eyes,1.419577,0.09438643,-3.71698,0.1191567,0.1500419,0.981473,0.0,0.0,0.0,0.0,0.0,0.0,0.0,-2.111235,-0.2886553,3.370207,1.421574,0.09078979,-3.72422,-0.01774034,0.09778535,-0.02009406,0.9948466,358.2025,11.26645,357.5085,0.3563964,0.02404794,-0.9340249,0,0,0,1.621037,0.1994465,-2.727748,-0.002400398,0.0766944,1.019147,0.9800686,-0.0434505,-0.1938499,0.03651153,0.998563,-0.03922764,0.1952758,0.03136802,0.9802468,moving,6.922174,8.691754,-0.1349486,4.303597,0.5214867481326241,2.7769939140715563,8.310168545106638,1.6617533957372395,8.237627696989115
1734,05/15/2023 18:38:19.402725,1917,True,True,True,True,Eyes,1.419717,0.09428227,-3.716919,0.1221468,0.1481713,0.9813895,0.0,0.0,0.0,0.0,0.0,0.0,0.0,-2.122095,-0.288763,3.363425,1.421916,0.09078503,-3.724139,-0.01764036,0.09935167,-0.02028756,0.9946892,358.22,11.44689,357.4847,0.3564249,0.02401469,-0.9340149,0,0,0,1.624504,0.1971354,-2.728029,-0.002409756,0.07468984,1.019315,0.9794353,-0.04386484,-0.1969323,0.03685444,0.9985544,-0.03912455,0.1983639,0.03106214,0.9796361,moving,7.094727,8.585735,-0.1354523,4.19083,0.5420834330014207,2.7632619312940863,8.461127742161413,1.5801915264557347,8.388006292743354
1735,05/15/2023 18:38:19.412997,1918,True,True,True,True,Eyes,1.419874,0.09418118,-3.716859,0.1251515,0.1463307,0.9812871,0.0,0.0,0.0,0.0,0.0,0.0,0.0,-2.133527,-0.2924536,3.355858,1.422237,0.09099102,-3.724005,-0.01788569,0.1010374,-0.02073481,0.9945058,358.2015,11.64256,357.4278,0.3564542,0.02398216,-0.9340045,0,0,0,1.627806,0.1949342,-2.728297,-0.002832472,0.07192844,1.019467,0.978723,-0.04485602,-0.2002228,0.03762753,0.9985003,-0.03976482,0.2017063,0.03138486,0.9789432,moving,7.268156,8.481515,-0.1591894,4.035813,0.5626078012338392,2.749796206878618,8.656195813618424,1.4747306167226633,8.582547805447435
1736,05/15/2023 18:38:19.432806,1919,True,True,True,True,Eyes,1.420039,0.09408206,-3.716796,0.128185,0.1445921,0.9811533,0.0,0.0,0.0,0.0,0.0,0.0,0.0,-2.145468,-0.2976308,3.347821,1.422563,0.0909729,-3.723917,-0.01845901,0.1027969,-0.02100455,0.9943093,358.1439,11.84747,357.387,0.3564845,0.02395033,-0.9339938,0,0,0,1.631272,0.1926237,-2.728579,-0.003218353,0.06858295,1.019744,0.9779832,-0.0455651,-0.2036485,0.03797498,0.9984362,-0.04102633,0.2051995,0.03238952,0.9781841,moving,7.443378,8.38331,-0.1808272,3.847638,0.5828076066601793,2.737210796278435,8.871348568469793,1.347659709536433,8.797200262143493
1737,05/15/2023 18:38:19.452864,1920,True,True,True,True,Eyes,1.420234,0.09397597,-3.716736,0.1312208,0.142845,0.9810079,0.0,0.0,0.0,0.0,0.0,0.0,0.0,-2.158182,-0.3014755,3.339296,1.422874,0.09091759,-3.723801,-0.01888682,0.1046692,-0.02119947,0.9941018,358.1024,12.06487,357.3561,0.3565159,0.02391921,-0.9339826,0,0,0,1.634825,0.1902551,-2.728867,-0.003716946,0.06549699,1.01999,0.9771899,-0.0461026,-0.2073027,0.03819513,0.9983878,-0.0419887,0.2089044,0.03311298,0.9773754,moving,7.618727,8.284637,-0.2087905,3.674109,0.6030520840038207,2.724559221561126,9.084437167573467,1.249293065271442,9.0098103657903
1738,05/15/2023 18:38:19.462355,1921,True,True,True,True,Eyes,1.42043,0.09386958,-3.716673,0.1342795,0.1411412,0.9808406,0.0,0.0,0.0,0.0,0.0,0.0,0.0,-2.171867,-0.3048601,3.330062,1.423179,0.09067822,-3.723654,-0.01928871,0.1066892,-0.02136631,0.9938757,358.0641,12.29924,357.3283,0.356549,0.02388852,-0.9339707,0,0,0,1.637993,0.1881428,-2.729124,-0.004904866,0.06287713,1.020175,0.9763218,-0.04658669,-0.2112471,0.03835511,0.9983429,-0.04290025,0.2128956,0.03378204,0.9764907,moving,7.795474,8.188547,-0.2754683,3.526887,0.6232029480976963,2.712291165619273,9.32047120941475,1.2129206015019713,9.2452426823465
1739,05/15/2023 18:38:19.482639,1922,True,True,True,True,Eyes,1.420637,0.09375963,-3.716612,0.1372676,0.1392876,0.9806919,0.0,0.0,0.0,0.0,0.0,0.0,0.0,-2.184323,-0.3031429,3.321996,1.42336,0.0905695,-3.723527,-0.01900617,0.1085217,-0.02143255,0.9936814,358.102,12.50973,357.3207,0.3565837,0.02385822,-0.9339584,0,0,0,1.64137,0.1858921,-2.729398,-0.005374789,0.06137819,1.020348,0.9755274,-0.0467194,-0.2148572,0.03846908,0.9983588,-0.04242393,0.2164866,0.03312036,0.9757236,moving,7.967931,8.083649,-0.3018086,3.442431,0.6437078012645189,2.6987194852888257,9.483116448474739,1.2029580550352519,9.407573640326524
1740,05/15/2023 18:38:19.502848,1923,True,True,True,True,Eyes,1.42085,0.09365041,-3.716553,0.140263,0.1374409,0.9805285,0.0,0.0,0.0,0.0,0.0,0.0,0.0,-2.195028,-0.299025,3.315341,1.423644,0.09040737,-3.723453,-0.01836673,0.1100726,-0.02155101,0.9935202,358.1805,12.68677,357.3124,0.3566199,0.02382818,-0.9339453,0,0,0,1.644811,0.1835978,-2.729678,-0.005335569,0.06063428,1.020532,0.9748392,-0.04686607,-0.2179271,0.03877939,0.9983965,-0.04123978,0.2195104,0.03175109,0.9750935,moving,8.140838,7.979176,-0.2995525,3.400197,0.664213280365093,2.6852128306160568,9.602460126182836,1.200019517288108,9.526693377781783
1741,05/15/2023 18:38:19.513040,1924,True,True,True,True,Eyes,1.421064,0.09354807,-3.716492,0.1432884,0.1354719,0.9803651,0.0,0.0,0.0,0.0,0.0,0.0,0.0,-2.205894,-0.2952233,3.308604,1.423965,0.09033298,-3.723459,-0.01760118,0.1116597,-0.02197176,0.9933478,358.2773,12.86813,357.2715,0.3566577,0.02379839,-0.9339316,0,0,0,1.648247,0.1813075,-2.729957,-0.005480409,0.06012376,1.020774,0.9740988,-0.04758187,-0.2210602,0.03972051,0.9984149,-0.0398749,0.2226073,0.03006146,0.9744447,moving,8.31537,7.8676,-0.3076109,3.370836,0.685374717154135,2.670699336042305,9.725054553752427,1.2149945613428847,9.649231469620823
1742,05/15/2023 18:38:19.532528,1925,True,True,True,True,Eyes,1.421284,0.09344602,-3.716429,0.1463351,0.1335539,0.9801782,0.0,0.0,0.0,0.0,0.0,0.0,0.0,-2.217556,-0.2938378,3.300981,1.424315,0.09041023,-3.723375,-0.0170599,0.113388,-0.02257031,0.9931479,358.3515,13.06674,357.2074,0.3566969,0.023769,-0.9339173,0,0,0,1.651537,0.1791141,-2.730224,-0.006086409,0.05913257,1.020938,0.9732675,-0.04870008,-0.224452,0.04096253,0.9983991,-0.03900441,0.2259922,0.02876761,0.9737042,moving,8.491224,7.759038,-0.3415697,3.31486,0.7064043850749085,2.656630651402779,9.887818902186856,1.2375441641991258,9.81195532821703
1743,05/15/2023 18:38:19.552842,1926,True,True,True,True,Eyes,1.4215,0.09333213,-3.716367,0.1494099,0.1315507,0.9799852,0.0,0.0,0.0,0.0,0.0,0.0,0.0,-2.229522,-0.2938958,3.292912,1.424655,0.09032154,-3.723255,-0.01680822,0.1151678,-0.02304426,0.9929365,358.3914,13.27198,357.1539,0.3567376,0.02373997,-0.9339025,0,0,0,1.655225,0.176656,-2.730523,-0.006354272,0.0574474,1.021172,0.9724107,-0.0496345,-0.2279338,0.04189144,0.9983729,-0.03868691,0.2294832,0.02807108,0.9729078,moving,8.668638,7.645534,-0.3565202,3.219858,0.7279217312814866,2.6418651980919794,10.051869905246647,1.2288571851028924,9.97618772995275
1744,05/15/2023 18:38:19.562809,1927,True,True,True,True,Eyes,1.421719,0.09321827,-3.716309,0.1524809,0.1295268,0.9797818,0.0,0.0,0.0,0.0,0.0,0.0,0.0,-2.241038,-0.291541,3.28532,1.424848,0.08993912,-3.723211,-0.01632857,0.1168832,-0.02337724,0.9927363,358.4554,13.46883,357.1197,0.3567795,0.02371098,-0.9338872,0,0,0,1.658384,0.1745499,-2.73078,-0.006904602,0.0568229,1.02144,0.9715837,-0.05023193,-0.2313048,0.0425978,0.9983737,-0.03788473,0.2328317,0.02695511,0.9721434,moving,8.845836,7.530814,-0.3872948,3.184092,0.7495153645618506,2.626923059550191,10.205130891624695,1.2660073374404686,10.129693190566499
1745,05/15/2023 18:38:19.582512,1928,True,True,True,True,Eyes,1.421973,0.09311034,-3.71625,0.1554942,0.1273941,0.9795879,0.0,0.0,0.0,0.0,0.0,0.0,0.0,-2.251232,-0.285123,3.279049,1.425083,0.08974648,-3.72325,-0.01517193,0.1183823,-0.0238513,0.9925658,358.5978,13.63871,357.0792,0.3568226,0.02368201,-0.9338715,0,0,0,1.661651,0.1723723,-2.731045,-0.006994784,0.05735712,1.021726,0.9708335,-0.05094014,-0.2342809,0.04375578,0.9984018,-0.03576543,0.2357283,0.02447114,0.9715109,moving,9.019553,7.409655,-0.3922434,3.213068,0.771342651021229,2.6110249057599075,10.305011107399253,1.3101100661598486,10.230106373447846
1746,05/15/2023 18:38:19.602477,1929,True,True,True,True,Eyes,1.42223,0.0930047,-3.716196,0.1585082,0.1252866,0.9793766,0.0,0.0,0.0,0.0,0.0,0.0,0.0,-2.262683,-0.2815149,3.271326,1.425416,0.08985043,-3.722993,-0.01438174,0.1200826,-0.02429705,0.9923624,358.6988,13.83292,357.037,0.3568673,0.0236532,-0.9338551,0,0,0,1.66523,0.1699865,-2.731335,-0.007176638,0.05665243,1.021792,0.9699797,-0.05167696,-0.237632,0.04476898,0.9984056,-0.03437909,0.2390297,0.02270848,0.9707467,moving,9.193376,7.28996,-0.402415,3.17347,0.79306686667153,2.595338125342741,10.44148911007338,1.3279357507180696,10.367195533081446
1747,05/15/2023 18:38:19.612807,1930,True,True,True,True,Eyes,1.422511,0.09290355,-3.716142,0.1614563,0.1231376,0.9791675,0.0,0.0,0.0,0.0,0.0,0.0,0.0,-2.273003,-0.2786154,3.264593,1.425722,0.08991241,-3.723033,-0.01369581,0.1216109,-0.02474496,0.9921749,358.7876,14.00759,356.9937,0.3569138,0.0236246,-0.9338381,0,0,0,1.66844,0.1678464,-2.731596,-0.007423282,0.05600839,1.022126,0.969197,-0.05243378,-0.2406407,0.04577155,0.9984002,-0.03319579,0.2419963,0.02115877,0.9700465,moving,9.363329,7.167744,-0.4161085,3.136442,0.8146998788864951,2.5792551344335277,10.577749932363227,1.3510538363429463,10.50423662316355
1748,05/15/2023 18:38:19.632690,1931,True,True,True,True,Eyes,1.422791,0.09280191,-3.716086,0.1644252,0.1210652,0.9789318,0.0,0.0,0.0,0.0,0.0,0.0,0.0,-2.284282,-0.2799953,3.256586,1.426089,0.08996487,-3.722884,-0.01359406,0.1233078,-0.02523234,0.9919546,358.8112,14.20372,356.9377,0.3569622,0.02359629,-0.9338203,0,0,0,1.67177,0.1656266,-2.731866,-0.007897913,0.05411778,1.022355,0.9683172,-0.05341116,-0.2439454,0.04670615,0.9983571,-0.03319207,0.2453174,0.0207467,0.9692208,moving,9.534626,7.050016,-0.4426135,3.030091,0.8360911738928004,2.563829030191532,10.756630747868277,1.36106056717729,10.683850635522056
1749,05/15/2023 18:38:19.652592,1932,True,True,True,True,Eyes,1.423091,0.0926945,-3.716036,0.1673131,0.118898,0.9787081,0.0,0.0,0.0,0.0,0.0,0.0,0.0,-2.295503,-0.2828245,3.248403,1.426328,0.08985519,-3.722763,-0.01360853,0.1250353,-0.02592902,0.9917201,358.8249,14.40403,356.8561,0.3570124,0.02356823,-0.9338018,0,0,0,1.675243,0.1633115,-2.732148,-0.00820291,0.05212202,1.022686,0.9673878,-0.05483174,-0.2472944,0.04802556,0.998285,-0.03347579,0.2487057,0.02050762,0.968362,moving,9.701106,6.926612,-0.4595568,2.917603,0.8575610298446549,2.5475449143830278,10.92296762319585,1.3681163563181282,10.851146726137554
1750,05/15/2023 18:38:19.662807,1933,True,True,True,True,Eyes,1.423389,0.09258005,-3.715982,0.1701928,0.1167603,0.978469,0.0,0.0,0.0,0.0,0.0,0.0,0.0,-2.306055,-0.2781065,3.241317,1.426499,0.08967686,-3.722692,-0.01264176,0.1266266,-0.02646826,0.9915168,358.9477,14.58503,356.8071,0.3570646,0.02354025,-0.9337826,0,0,0,1.678529,0.1611208,-2.732415,-0.008385062,0.05227872,1.022971,0.9665302,-0.05568902,-0.2504357,0.04928589,0.9982793,-0.0317722,0.2517741,0.01836585,0.9676117,moving,9.867185,6.804902,-0.4696301,2.925544,0.8788734657089542,2.531500803038141,11.040795483286157,1.4048956928546994,10.970040517376075
1751,05/15/2023 18:38:19.682539,1934,True,True,True,True,Eyes,1.423695,0.09246217,-3.715935,0.172988,0.114491,0.9782469,0.0,0.0,0.0,0.0,0.0,0.0,0.0,-2.315279,-0.2740884,3.234967,1.426713,0.08940411,-3.722519,-0.01198702,0.1280001,-0.02663997,0.9913439,359.029,14.74155,356.7957,0.3571186,0.02351215,-0.9337626,0,0,0,1.681879,0.1588878,-2.732687,-0.008012593,0.05178467,1.023211,0.9658126,-0.05588741,-0.2531455,0.04975005,0.9982933,-0.03058635,0.2544228,0.01694668,0.9669446,moving,10.02821,6.675351,-0.4486645,2.897266,0.9004110391298888,2.514285394570794,11.137271908145873,1.4023833122272673,11.067856511860109
1752,05/15/2023 18:38:19.702561,1935,True,True,True,True,Eyes,1.424001,0.09235136,-3.715885,0.1757678,0.1122382,0.9780124,0.0,0.0,0.0,0.0,0.0,0.0,0.0,-2.323194,-0.2656329,3.230158,1.426938,0.0892601,-3.722579,-0.0105577,0.129153,-0.02704316,0.9911997,359.201,14.87012,356.7701,0.3571743,0.02348387,-0.933742,0,0,0,1.685283,0.1566183,-2.732963,-0.007254303,0.05276407,1.023613,0.9651765,-0.05633745,-0.2554617,0.05088322,0.9983144,-0.02791499,0.2566037,0.01394418,0.9664161,moving,10.1884,6.54671,-0.4060461,2.950809,0.9218189012779704,2.4971934992312104,11.188064719494886,1.4032079262021948,11.120138076724308
1753,05/15/2023 18:38:19.722730,1936,True,True,True,True,Eyes,1.424328,0.09223088,-3.715843,0.1785034,0.1099649,0.9777752,0.0,0.0,0.0,0.0,0.0,0.0,0.0,-2.331444,-0.2616034,3.224515,1.427249,0.0893383,-3.722437,-0.009712162,0.130378,-0.02746999,0.9910362,359.3074,15.00902,356.7333,0.3572316,0.0234556,-0.9337208,0,0,0,1.688649,0.1543748,-2.733236,-0.006687999,0.05236931,1.023861,0.964494,-0.05698001,-0.2578851,0.051915,0.9983022,-0.02641318,0.2589523,0.01208724,0.9658145,moving,10.34603,6.416774,-0.3742584,2.928061,0.943138231444118,2.479893077142826,11.273672949644387,1.3915417247134283,11.207268065666208
1754,05/15/2023 18:38:19.732916,1937,True,True,True,True,Eyes,1.424649,0.09211273,-3.715798,0.1812136,0.1077181,0.9775268,0.0,0.0,0.0,0.0,0.0,0.0,0.0,-2.339801,-0.2602616,3.218583,1.427394,0.08905029,-3.722404,-0.009313418,0.1316534,-0.02787272,0.9908602,359.363,15.15526,356.6927,0.3572907,0.02342708,-0.933699,0,0,0,1.692026,0.1521232,-2.73351,-0.006079376,0.05142272,1.024323,0.9637811,-0.05768821,-0.2603809,0.05278364,0.9982728,-0.02579566,0.2614192,0.01111752,0.9651614,moving,10.50225,6.28831,-0.3400474,2.87393,0.96424342062541,2.4627919293015603,11.367207383277863,1.3675558701366979,11.3023312190576
1755,05/15/2023 18:38:19.753288,1938,True,True,True,True,Eyes,1.424984,0.09199062,-3.715757,0.183881,0.1054665,0.9772741,0.0,0.0,0.0,0.0,0.0,0.0,0.0,-2.34699,-0.2563813,3.213591,1.427581,0.08900261,-3.722277,-0.008575172,0.1327307,-0.02817491,0.9907145,359.455,15.27734,356.6689,0.3573514,0.02339841,-0.9336765,0,0,0,1.695682,0.1496862,-2.733807,-0.004782915,0.05074677,1.024712,0.9631774,-0.05810296,-0.2625132,0.05355021,0.9982653,-0.02447045,0.2634796,0.009511744,0.964618,moving,10.65602,6.159469,-0.26743,2.835139,0.985198619415162,2.445615176667432,11.418096594940856,1.311795436461629,11.354854914484354
1756,05/15/2023 18:38:19.762446,1939,True,True,True,True,Eyes,1.425318,0.09187759,-3.715715,0.186519,0.1032453,0.9770113,0.0,0.0,0.0,0.0,0.0,0.0,0.0,-2.35462,-0.2522268,3.208344,1.427798,0.08883286,-3.722208,-0.008032069,0.1338505,-0.02807376,0.9905713,359.5189,15.40482,356.6882,0.3574136,0.02336949,-0.9336534,0,0,0,1.698713,0.1476656,-2.734053,-0.004208982,0.05006793,1.025076,0.9625918,-0.05776832,-0.264726,0.05346794,0.9982947,-0.02342805,0.265628,0.0083973,0.964039,moving,10.80815,6.03232,-0.2352563,2.796285,1.0059062685962314,2.428667312738052,11.507768907486136,1.2944602294671779,11.446161253566416
1757,05/15/2023 18:38:19.782782,1940,True,True,True,True,Eyes,1.425659,0.09176553,-3.715676,0.189149,0.1010154,0.9767388,0.0,0.0,0.0,0.0,0.0,0.0,0.0,-2.361526,-0.2477894,3.203648,1.428091,0.08895302,-3.722124,-0.007323798,0.1348561,-0.02812833,0.9904388,359.6035,15.51864,356.6924,0.3574774,0.02334057,-0.9336296,0,0,0,1.702062,0.1454328,-2.734325,-0.003152013,0.0492834,1.025456,0.9620453,-0.0576941,-0.2667215,0.05374347,0.9983103,-0.0220941,0.2675454,0.006920994,0.9635204,moving,10.95987,5.904599,-0.1761133,2.751518,1.0266273313478345,2.411633641784536,11.573765327258018,1.2498425513857836,11.51383975656018
1758,05/15/2023 18:38:19.802723,1941,True,True,True,True,Eyes,1.425998,0.09165829,-3.71563,0.1917698,0.0988405,0.9764501,0.0,0.0,0.0,0.0,0.0,0.0,0.0,-2.369038,-0.2451068,3.198403,1.428402,0.08890057,-3.722092,-0.006777483,0.1359697,-0.02838374,0.9902832,359.6732,15.64559,356.6715,0.3575426,0.02331169,-0.9336054,0,0,0,1.705439,0.1431817,-2.734599,-0.002352297,0.04837463,1.02591,0.9614133,-0.05805894,-0.2689121,0.05437282,0.9982969,-0.0211419,0.2696817,0.005704598,0.9629326,moving,11.11118,5.780039,-0.1313726,2.699662,1.0470792965834332,2.395050774866989,11.656916891952852,1.2171839922699135,11.598619395877671
1759,05/15/2023 18:38:19.813148,1942,True,True,True,True,Eyes,1.426341,0.09154562,-3.715586,0.1943885,0.09661656,0.9761549,0.0,0.0,0.0,0.0,0.0,0.0,0.0,-2.37701,-0.2447034,3.192376,1.428656,0.08892345,-3.721875,-0.006443453,0.1371927,-0.02882208,0.990104,359.722,15.78598,356.6266,0.3576091,0.02328296,-0.9335806,0,0,0,1.708784,0.1409524,-2.734871,-0.001716435,0.0470317,1.026226,0.9606949,-0.0588417,-0.2712988,0.05530572,0.9982556,-0.02066774,0.2720416,0.004851019,0.9622733,moving,11.26238,5.652535,-0.09583112,2.624016,1.0677460466313506,2.378043752667019,11.755036672841674,1.189291456777471,11.69840113953398
1760,05/15/2023 18:38:19.832919,1943,True,True,True,True,Eyes,1.426674,0.09142383,-3.715539,0.1969872,0.09437949,0.9758528,0.0,0.0,0.0,0.0,0.0,0.0,0.0,-2.385069,-0.2410674,3.186563,1.428784,0.088727,-3.721768,-0.005610545,0.1384321,-0.02937876,0.9899202,359.8296,15.92652,356.5763,0.3576768,0.02325422,-0.9335554,0,0,0,1.712114,0.1387323,-2.735141,-0.001086652,0.04697182,1.026646,0.9599469,-0.05971862,-0.2737439,0.0566119,0.9982108,-0.01924191,0.2744032,0.002974056,0.9616101,moving,11.41245,5.524173,-0.06064466,2.619611,1.088395391084195,2.360903519078996,11.835048858756963,1.1778041431749426,11.780275931466369
1761,05/15/2023 18:38:19.853072,1944,True,True,True,True,Eyes,1.427017,0.0913065,-3.715493,0.1995966,0.09204826,0.9755451,0.0,0.0,0.0,0.0,0.0,0.0,0.0,-2.392576,-0.2322652,3.18145,1.428854,0.08840466,-3.721634,-0.004361709,0.1395442,-0.02938174,0.9897704,359.9751,16.05081,356.5958,0.3577455,0.02322526,-0.9335298,0,0,0,1.715734,0.1363192,-2.735435,0.0001980066,0.04756459,1.027093,0.9593284,-0.05937966,-0.2759772,0.05694506,0.9982353,-0.01683428,0.2764898,0.0004340762,0.9610169,moving,11.56314,5.390226,0.01104568,2.651468,1.109512581688883,2.342965871747202,11.872307213037416,1.1409658615587408,11.819610967121374
1762,05/15/2023 18:38:19.862850,1945,True,True,True,True,Eyes,1.427356,0.09117734,-3.715445,0.2021788,0.08975766,0.9752268,0.0,0.0,0.0,0.0,0.0,0.0,0.0,-2.399226,-0.2241993,3.176993,1.429105,0.08844662,-3.721515,-0.003128241,0.1405053,-0.02945572,0.9896368,0.1195034,16.15778,356.6072,0.3578152,0.0231962,-0.9335038,0,0,0,1.718934,0.1341861,-2.735695,0.00120312,0.04803763,1.027436,0.9587813,-0.05917999,-0.2779141,0.05742186,0.9982451,-0.01446901,0.2782826,-0.002085726,0.960497,moving,11.71234,5.258558,0.0670929,2.676908,1.1303487287835647,2.325342804088672,11.927979575039453,1.1198709945428515,11.877341552587174
1763,05/15/2023 18:38:19.882630,1946,True,True,True,True,Eyes,1.427713,0.09104439,-3.715398,0.2048012,0.08735201,0.974898,0.0,0.0,0.0,0.0,0.0,0.0,0.0,-2.40618,-0.2189313,3.172054,1.429338,0.08804321,-3.721397,-0.002484577,0.1415225,-0.02930135,0.9894982,0.193467,16.27332,356.6353,0.3578858,0.02316676,-0.9334775,0,0,0,1.7223,0.1319418,-2.735968,0.002300203,0.04758622,1.027888,0.9582256,-0.05869051,-0.2799268,0.05728401,0.9982705,-0.01321057,0.2802179,-0.00337663,0.9599305,moving,11.86387,5.120097,0.128216,2.650624,1.151868743438591,2.306763619750864,11.99265907567813,1.079863371105083,11.944105001446928
1764,05/15/2023 18:38:19.902700,1947,True,True,True,True,Eyes,1.428063,0.09091557,-3.715351,0.2074073,0.08496299,0.9745581,0.0,0.0,0.0,0.0,0.0,0.0,0.0,-2.413692,-0.2096905,3.16694,1.429667,0.08789539,-3.721251,-0.0007206582,0.1426295,-0.03005951,0.9893193,0.4096009,16.3953,356.5783,0.3579576,0.02313687,-0.9334506,0,0,0,1.725867,0.129564,-2.736258,0.00319171,0.04929856,1.028223,0.9575064,-0.05968249,-0.2821689,0.05927134,0.9981918,-0.01000067,0.2822556,-0.007148824,0.9593126,moving,12.01455,4.982508,0.1778514,2.744968,1.1732608296479468,2.288302355026325,12.046328029687801,1.0951636607974506,12.000116291025979
1765,05/15/2023 18:38:19.912417,1948,True,True,True,True,Eyes,1.428417,0.09079224,-3.715308,0.2100071,0.08256438,0.9742075,0.0,0.0,0.0,0.0,0.0,0.0,0.0,-2.42126,-0.2050912,3.161445,1.429838,0.08788204,-3.721174,0.0001914725,0.143779,-0.03044685,0.9891413,0.5233481,16.52512,356.5499,0.3580303,0.0231067,-0.9334235,0,0,0,1.729074,0.1274264,-2.736518,0.003846407,0.04926263,1.028694,0.9568012,-0.06017742,-0.2844473,0.06028754,0.9981459,-0.008376449,0.2844239,-0.009134019,0.9586551,moving,12.16493,4.844258,0.2142346,2.741714,1.194681080143369,2.2697434510579866,12.134241295421694,1.0881321149079954,12.090175618507553
1766,05/15/2023 18:38:19.932751,1949,True,True,True,True,Eyes,1.428763,0.09066503,-3.715261,0.2125961,0.08018607,0.9738444,0.0,0.0,0.0,0.0,0.0,0.0,0.0,-2.428891,-0.2000087,3.155933,1.429998,0.08793736,-3.721128,0.001164679,0.1449359,-0.03079738,0.988961,0.643499,16.65561,356.5268,0.3581038,0.0230764,-0.933396,0,0,0,1.732433,0.1251868,-2.736791,0.00464654,0.04918323,1.029239,0.9560902,-0.06057721,-0.2867438,0.06125242,0.9981003,-0.006623656,0.2866003,-0.01123094,0.9579843,moving,12.31481,4.707099,0.2586622,2.735855,1.2159823314845974,2.251337006333136,12.21623930196936,1.0729489830987538,12.174283883824833
1767,05/15/2023 18:38:19.952405,1950,True,True,True,True,Eyes,1.42912,0.09054261,-3.715218,0.2152007,0.07781656,0.9734646,0.0,0.0,0.0,0.0,0.0,0.0,0.0,-2.437134,-0.1928808,3.149886,1.430143,0.0877285,-3.720968,0.002098688,0.1461663,-0.0306138,0.9887841,0.7505796,16.7951,356.5641,0.358178,0.02304588,-0.9333683,0,0,0,1.735866,0.1228982,-2.737069,0.00545457,0.04907747,1.029719,0.9553965,-0.05992736,-0.2891822,0.0611544,0.9981168,-0.004799108,0.2889252,-0.01309971,0.957262,moving,12.4657,4.570377,0.3035011,2.72871,1.2373241055245972,2.2330022063714097,12.300846288855503,1.0572377321639237,12.260992788691533
1768,05/15/2023 18:38:19.962991,1951,True,True,True,True,Eyes,1.429478,0.09042139,-3.715172,0.2178216,0.075502,0.9730638,0.0,0.0,0.0,0.0,0.0,0.0,0.0,-2.446266,-0.1843296,3.143401,1.43045,0.08776188,-3.720924,0.003274872,0.147502,-0.03042383,0.9885883,0.8852637,16.94616,356.6064,0.358253,0.0230153,-0.9333403,0,0,0,1.73921,0.1206692,-2.737341,0.005759686,0.04925769,1.03024,0.954635,-0.05918718,-0.2918369,0.06111938,0.9981273,-0.002500154,0.2914383,-0.01545015,0.9564648,moving,12.61772,4.436806,0.320316,2.737334,1.2585097523652866,2.2151302318242068,12.414280092619146,1.0737338089462651,12.376455876759493
1769,05/15/2023 18:38:19.982622,1952,True,True,True,True,Eyes,1.429841,0.09029151,-3.715131,0.2204889,0.0731734,0.9726409,0.0,0.0,0.0,0.0,0.0,0.0,0.0,-2.456647,-0.1814597,3.13546,1.430839,0.08767509,-3.720775,0.003725199,0.1490679,-0.03041361,0.9883521,0.9414698,17.12614,356.6167,0.3583288,0.02298468,-0.9333119,0,0,0,1.742633,0.1183878,-2.737619,0.005624533,0.04807102,1.030734,0.9537075,-0.0590081,-0.2948899,0.06122933,0.9981223,-0.001703776,0.2944366,-0.01643101,0.9555297,moving,12.77257,4.302353,0.3126498,2.670206,1.2799683589749111,2.197156204430276,12.566364439247216,1.0767921357559482,12.530376205730606
1770,05/15/2023 18:38:20.002857,1953,True,True,True,True,Eyes,1.430198,0.09016298,-3.715084,0.2231719,0.07084183,0.9722015,0.0,0.0,0.0,0.0,0.0,0.0,0.0,-2.467255,-0.1751143,3.127503,1.431013,0.08738232,-3.720734,0.00484403,0.1506918,-0.03074699,0.9880909,1.079477,17.31046,356.5997,0.3584052,0.02295381,-0.9332833,0,0,0,1.746115,0.1160661,-2.737901,0.005520701,0.04853511,1.031352,0.9526933,-0.0593017,-0.2980922,0.06222153,0.9980623,0.0003060508,0.2974964,-0.01883932,0.954537,moving,12.92844,4.167631,0.3066944,2.694335,1.3015216465774506,2.179152423148995,12.707441248919288,1.1203099294497543,12.673478380828344
1771,05/15/2023 18:38:20.017414,1954,True,True,True,True,Eyes,1.430556,0.09003115,-3.715036,0.2259011,0.06850141,0.9717387,0.0,0.0,0.0,0.0,0.0,0.0,0.0,-2.477593,-0.1689795,3.119515,1.431201,0.08730888,-3.720543,0.005960971,0.1522825,-0.03107073,0.9878306,1.217049,17.491,356.5841,0.3584823,0.02292276,-0.9332545,0,0,0,1.749279,0.1139568,-2.738158,0.005202383,0.04897,1.031766,0.9516894,-0.05956974,-0.3012291,0.06320074,0.9979982,0.002313795,0.3004882,-0.02123992,0.953549,moving,13.08716,4.032318,0.2888951,2.717352,1.3233273285708664,2.161088594461896,12.86564106571173,1.1745122442303182,12.833645371411693
1772,05/15/2023 18:38:20.033061,1955,True,True,True,True,Eyes,1.430912,0.08990376,-3.714989,0.2286329,0.06617209,0.9712612,0.0,0.0,0.0,0.0,0.0,0.0,0.0,-2.487695,-0.1622257,3.111738,1.431418,0.08712673,-3.720391,0.007030117,0.1538224,-0.03117976,0.9875815,1.345309,17.66611,356.5924,0.3585599,0.02289145,-0.9332254,0,0,0,1.752626,0.1117256,-2.73843,0.005147934,0.04924141,1.032267,0.9507331,-0.05942233,-0.3042626,0.06374788,0.9979569,0.004293337,0.3033857,-0.02347791,0.9525785,moving,13.24616,3.897542,0.2857326,2.731064,1.3451127732015595,2.143104405483671,13.012814811375545,1.2116034153783044,12.98274197191643
1773,05/15/2023 18:38:20.052999,1956,True,True,True,True,Eyes,1.431255,0.08977751,-3.714939,0.2314595,0.06386856,0.9707457,0.0,0.0,0.0,0.0,0.0,0.0,0.0,-2.497321,-0.1567038,3.104389,1.431712,0.08712387,-3.720352,0.007995395,0.1552832,-0.03137294,0.9873394,1.463018,17.83233,356.5896,0.3586379,0.02286003,-0.9331962,0,0,0,1.756375,0.109227,-2.738734,0.005562752,0.04890959,1.032978,0.9498058,-0.05946838,-0.3071361,0.06443458,0.9979036,0.006044957,0.3061327,-0.02553171,0.9516464,moving,13.41091,3.764253,0.308544,2.710825,1.367204661672872,2.125384221921638,13.144645501082941,1.2097534051246315,13.116394162240926
1774,05/15/2023 18:38:20.062401,1957,True,True,True,True,Eyes,1.431594,0.08965492,-3.714889,0.2343039,0.06158178,0.970211,0.0,0.0,0.0,0.0,0.0,0.0,0.0,-2.507723,-0.1530869,3.096202,1.431994,0.08702755,-3.720269,0.008736026,0.1568881,-0.03166565,0.98707,1.55761,18.01585,356.5721,0.3587161,0.02282854,-0.9331669,0,0,0,1.759365,0.1072334,-2.738977,0.004924208,0.0486966,1.033498,0.9487669,-0.05977127,-0.3102723,0.06525359,0.997842,0.007310215,0.3091657,-0.02718206,0.9506196,moving,13.57685,3.631838,0.2729896,2.697681,1.389317116824786,2.1078000740857865,13.336616918969261,1.262595197035694,13.310101010411392
1775,05/15/2023 18:38:20.082463,1958,True,True,True,True,Eyes,1.43192,0.08953834,-3.714834,0.2372395,0.05935313,0.9696363,0.0,0.0,0.0,0.0,0.0,0.0,0.0,-2.518699,-0.1484975,3.087496,1.432193,0.08700943,-3.720185,0.009598157,0.1585937,-0.03189566,0.9867821,1.66522,18.21083,356.5643,0.3587943,0.02279708,-0.9331375,0,0,0,1.762971,0.1048298,-2.739269,0.004776239,0.0482676,1.034202,0.9476615,-0.05990372,-0.3136072,0.06599256,0.9977811,0.008825674,0.3123826,-0.02905948,0.9495119,moving,13.74838,3.502804,0.2646062,2.672131,1.4115810205435433,2.090750791941624,13.509336531543488,1.2859059783992348,13.484460713240297
1776,05/15/2023 18:38:20.102677,1959,True,True,True,True,Eyes,1.432245,0.08941682,-3.714782,0.2401838,0.05715723,0.9690433,0.0,0.0,0.0,0.0,0.0,0.0,0.0,-2.52898,-0.1469106,3.079181,1.432451,0.0870285,-3.720107,0.0100022,0.1601999,-0.03207983,0.9865125,1.719875,18.39576,356.5535,0.3588724,0.0227658,-0.9331083,0,0,0,1.766306,0.1026063,-2.73954,0.004532218,0.0470157,1.034882,0.9466138,-0.06008962,-0.3167201,0.06649902,0.9977417,0.009456223,0.3154367,-0.03001297,0.9484718,moving,13.9206,3.375575,0.2509226,2.601214,1.433758600487837,2.073967005096729,13.691592864907712,1.2950252498251116,13.668236268912473
1777,05/15/2023 18:38:20.112679,1960,True,True,True,True,Eyes,1.432568,0.08929725,-3.714726,0.243192,0.05497227,0.9684192,0.0,0.0,0.0,0.0,0.0,0.0,0.0,-2.539601,-0.143961,3.070665,1.432768,0.08680344,-3.72007,0.01061882,0.1618463,-0.03234331,0.9862286,1.800213,18.58464,356.5379,0.3589502,0.02273456,-0.9330792,0,0,0,1.769455,0.1005076,-2.739796,0.00390625,0.04657762,1.035518,0.9455194,-0.06035855,-0.3199216,0.06723302,0.9976823,0.01047589,0.3185478,-0.03141445,0.9473861,moving,14.09677,3.248906,0.2161338,2.575428,1.4561816203850797,2.057298238194949,13.896964918039998,1.3439408643649267,13.875114566175814
1778,05/15/2023 18:38:20.132906,1961,True,True,True,True,Eyes,1.432887,0.0891811,-3.714668,0.2462115,0.05282335,0.9677755,0.0,0.0,0.0,0.0,0.0,0.0,0.0,-2.551654,-0.1398072,3.060795,1.433033,0.08674431,-3.719924,0.01155085,0.1637386,-0.03278469,0.9858912,1.920456,18.80089,356.5088,0.3590277,0.02270341,-0.9330501,0,0,0,1.772783,0.09828873,-2.740066,0.003002822,0.04656096,1.036103,0.9442297,-0.06086162,-0.3236143,0.06842691,0.9975835,0.01203954,0.3220995,-0.033512,0.9461125,moving,14.27379,3.124232,0.1660535,2.573057,1.4785155959754874,2.040923677023944,14.11849931947646,1.4162353712550428,14.098108495303672
1779,05/15/2023 18:38:20.152920,1962,True,True,True,True,Eyes,1.433209,0.08906451,-3.714614,0.2492063,0.05069641,0.9671227,0.0,0.0,0.0,0.0,0.0,0.0,0.0,-2.562568,-0.1370105,3.051734,1.433228,0.0866766,-3.719806,0.01211365,0.1654626,-0.03294394,0.9855912,1.993161,18.99926,356.5047,0.3591051,0.02267242,-0.9330211,0,0,0,1.776165,0.09603439,-2.740341,0.002603173,0.04568893,1.036798,0.9430736,-0.06092981,-0.3269553,0.06894723,0.9975359,0.01297623,0.3253589,-0.0347802,0.9449507,moving,14.44953,3.000689,0.1438568,2.52324,1.50067070981618,2.024700508189869,14.313638365307376,1.4455053132953102,14.294635726240083
1780,05/15/2023 18:38:20.162794,1963,True,True,True,True,Eyes,1.433528,0.0889503,-3.714559,0.2522028,0.04858527,0.9664539,0.0,0.0,0.0,0.0,0.0,0.0,0.0,-2.573089,-0.1326349,3.043117,1.433474,0.08662033,-3.719756,0.01281745,0.1671025,-0.03295137,0.9853055,2.078614,19.1878,356.5205,0.3591821,0.02264157,-0.9329922,0,0,0,1.779569,0.09376527,-2.740617,0.002329618,0.04503241,1.037551,0.941982,-0.06065068,-0.3301388,0.06921799,0.9974998,0.01424569,0.3284494,-0.03627072,0.9438249,moving,14.62556,2.877933,0.1286462,2.485225,1.5227873951110027,2.0085930034448563,14.502231872987496,1.4733661228783825,14.484583863778546
1781,05/15/2023 18:38:20.182506,1964,True,True,True,True,Eyes,1.433864,0.08884344,-3.714514,0.2551654,0.04650704,0.9657782,0.0,0.0,0.0,0.0,0.0,0.0,0.0,-2.583378,-0.127178,3.034593,1.433713,0.08649158,-3.719645,0.01362954,0.1687051,-0.03289289,0.9850234,2.174853,19.37194,356.5461,0.359259,0.0226109,-0.9329634,0,0,0,1.782961,0.09150362,-2.740892,0.002138048,0.04465407,1.038246,0.9409134,-0.06020178,-0.3332536,0.06939927,0.9974646,0.01575244,0.3314603,-0.03794923,0.9427058,moving,14.79977,2.756948,0.1179884,2.462724,1.5446374362606234,1.992724170378586,14.684729439532571,1.5020743365451406,14.668392885213605
1782,05/15/2023 18:38:20.202893,1965,True,True,True,True,Eyes,1.434201,0.08873403,-3.714468,0.2581251,0.04445665,0.9650881,0.0,0.0,0.0,0.0,0.0,0.0,0.0,-2.592939,-0.1238593,3.026674,1.433956,0.08660126,-3.719638,0.01421939,0.1702037,-0.03293332,0.9847558,2.247488,19.5445,356.5563,0.3593359,0.02258058,-0.9329345,0,0,0,1.786399,0.08921168,-2.741171,0.002185583,0.04360346,1.039093,0.9398921,-0.06002216,-0.3361548,0.06970293,0.9974264,0.0167945,0.3342816,-0.039216,0.9416571,moving,14.97399,2.637458,0.1205133,2.402893,1.566375065412004,1.977070327877831,14.855328701064407,1.5072628147650897,14.840245151664986
1783,05/15/2023 18:38:20.212962,1966,True,True,True,True,Eyes,1.434509,0.08862469,-3.714411,0.2614675,0.04236446,0.9642822,0.0,0.0,0.0,0.0,0.0,0.0,0.0,-2.602694,-0.1201335,3.018456,1.434267,0.0865221,-3.719532,0.01487274,0.17173,-0.03302046,0.9844782,2.328281,19.72008,356.5627,0.3594128,0.02255049,-0.9329056,0,0,0,1.789676,0.08702756,-2.741437,0.0019584,0.04297709,1.039776,0.9388369,-0.05990766,-0.3391112,0.07012405,0.9973769,0.01794257,0.3371468,-0.04062499,0.9405753,moving,15.1711,2.515597,0.1079155,2.366861,1.589960031349522,1.9612757065817965,15.063918802182126,1.5365400818527821,15.05004918846985
1784,05/15/2023 18:38:20.232537,1967,True,True,True,True,Eyes,1.434814,0.088515,-3.714352,0.2647954,0.04029411,0.9634624,0.0,0.0,0.0,0.0,0.0,0.0,0.0,-2.612146,-0.1155607,3.010491,1.434527,0.08638382,-3.719461,0.01567515,0.1732126,-0.03316528,0.9842011,2.426875,19.89012,356.5656,0.3594894,0.02252064,-0.9328768,0,0,0,1.79305,0.08477832,-2.741711,0.001934618,0.04268651,1.040533,0.937795,-0.05985233,-0.3419916,0.07071286,0.9973087,0.01936573,0.3399121,-0.04234428,0.9395034,moving,15.36759,2.394839,0.1065274,2.349167,1.613416346069529,1.945634220762352,15.26113094147032,1.559984935730405,15.248424496633021
1785,05/15/2023 18:38:20.252626,1968,True,True,True,True,Eyes,1.435072,0.08840404,-3.714276,0.2684004,0.03821513,0.9625491,0.0,0.0,0.0,0.0,0.0,0.0,0.0,-2.622134,-0.1109648,3.001864,1.434724,0.08627892,-3.719302,0.01640522,0.1747976,-0.03316609,0.9839089,2.514785,20.0727,356.5839,0.3595654,0.02249099,-0.9328482,0,0,0,1.796413,0.08253631,-2.741984,0.001782447,0.04216541,1.041249,0.9366916,-0.05952965,-0.345058,0.07100001,0.9972618,0.02068777,0.3428816,-0.04387718,0.9383534,moving,15.58077,2.273564,0.09808087,2.318927,1.6381279192955696,1.930064279815884,15.482755584778477,1.5883825512744028,15.471168272676604
1786,05/15/2023 18:38:20.262439,1969,True,True,True,True,Eyes,1.435331,0.08829664,-3.7142,0.2719561,0.03614001,0.9616308,0.0,0.0,0.0,0.0,0.0,0.0,0.0,-2.631378,-0.103438,2.99399,1.434933,0.0860796,-3.719192,0.01745323,0.1762395,-0.0330131,0.9836388,2.634917,20.23829,356.6258,0.3596401,0.02246151,-0.9328201,0,0,0,1.799779,0.08029281,-2.742258,0.00188604,0.04234492,1.041993,0.9356996,-0.05879403,-0.3478642,0.07109781,0.997211,0.02269893,0.3455594,-0.04597176,0.9372702,moving,15.79129,2.152277,0.103707,2.327128,1.6626465773161383,1.9144693667758488,15.688557398756904,1.6126313135050567,15.678027874910203
1787,05/15/2023 18:38:20.282659,1970,True,True,True,True,Eyes,1.435549,0.0881924,-3.714108,0.2756469,0.03405305,0.9606556,0.0,0.0,0.0,0.0,0.0,0.0,0.0,-2.639652,-0.09739663,2.986928,1.435213,0.08607197,-3.719104,0.01841165,0.1775257,-0.03303321,0.9833893,2.74782,20.38568,356.6463,0.3597137,0.02243227,-0.9327924,0,0,0,1.803118,0.07806659,-2.742529,0.002216667,0.04223471,1.042751,0.9347868,-0.05843194,-0.3503701,0.07150611,0.9971396,0.02448316,0.3479373,-0.04794013,0.9362912,moving,16.01011,2.030155,0.1217984,2.319392,1.6878332147796904,1.8988269622065617,15.890944073303626,1.621523972106566,15.881434859701265
1788,05/15/2023 18:38:20.303067,1971,True,True,True,True,Eyes,1.435767,0.08808133,-3.714018,0.2792805,0.0319517,0.9596778,0.0,0.0,0.0,0.0,0.0,0.0,0.0,-2.647759,-0.09175958,2.979931,1.435449,0.085989,-3.719024,0.01928261,0.1787958,-0.03302475,0.9831427,2.850179,20.5316,356.6685,0.3597855,0.02240334,-0.9327654,0,0,0,1.806556,0.07577481,-2.742808,0.002718389,0.04195777,1.043577,0.9338828,-0.05804078,-0.3528371,0.07183139,0.9970751,0.02610575,0.3502899,-0.0497245,0.9353205,moving,16.22578,1.906912,0.1492481,2.302378,1.7128751611558313,1.8829958867143288,16.081395190992403,1.618891887472038,16.07287392614042
1789,05/15/2023 18:38:20.312989,1972,True,True,True,True,Eyes,1.43597,0.08797322,-3.713924,0.2824788,0.02979216,0.9588108,0.0,0.0,0.0,0.0,0.0,0.0,0.0,-2.655624,-0.08503213,2.973146,1.435651,0.08573437,-3.718967,0.02043842,0.180029,-0.03326235,0.9828863,2.989541,20.67195,356.6689,0.3598557,0.02237452,-0.932739,0,0,0,1.809957,0.07350762,-2.743084,0.003235877,0.04255864,1.044404,0.9329663,-0.0580272,-0.3552558,0.07274523,0.9969518,0.02820091,0.3525365,-0.05215366,0.9343438,moving,16.4157,1.779721,0.1775189,2.333467,1.736339592139322,1.866372251762456,16.247620135543336,1.627298206867079,16.240012420011038
1790,05/15/2023 18:38:20.332960,1973,True,True,True,True,Eyes,1.436177,0.08786051,-3.713829,0.2856435,0.02766176,0.9579366,0.0,0.0,0.0,0.0,0.0,0.0,0.0,-2.66304,-0.07881682,2.966738,1.435925,0.08569241,-3.718912,0.02159749,0.1811842,-0.03357835,0.9826385,3.13064,20.80305,356.6606,0.359924,0.02234587,-0.9327133,0,0,0,1.813288,0.07128686,-2.743354,0.003785431,0.04303371,1.045207,0.9320896,-0.05816451,-0.3575276,0.07381701,0.9968121,0.03027733,0.3546267,-0.05461279,0.9334117,moving,16.60386,1.654036,0.2075076,2.357676,1.7595618059659843,1.8499497196563084,16.411443607269465,1.6329905798896522,16.40465374432177
1791,05/15/2023 18:38:20.352990,1974,True,True,True,True,Eyes,1.436363,0.08774796,-3.713723,0.2885211,0.02549042,0.9571341,0.0,0.0,0.0,0.0,0.0,0.0,0.0,-2.671039,-0.07582415,2.959593,1.436231,0.0854845,-3.718779,0.0222321,0.1824559,-0.03383858,0.98238,3.211898,20.94914,356.6484,0.359991,0.02231727,-0.9326882,0,0,0,1.816966,0.06883537,-2.743653,0.004452854,0.04236096,1.046085,0.9311295,-0.05837192,-0.3599867,0.07459744,0.9967213,0.03133265,0.3569776,-0.05602885,0.9324311,moving,16.77505,1.525542,0.2438886,2.318912,1.7817600684110153,1.8329750899635868,16.550188312818378,1.6128184441803701,16.544228363600368
1792,05/15/2023 18:38:20.362817,1975,True,True,True,True,Eyes,1.436553,0.08763549,-3.713613,0.2913834,0.02333074,0.9563218,0.0,0.0,0.0,0.0,0.0,0.0,0.0,-2.679397,-0.06996621,2.952138,1.436496,0.08535957,-3.718651,0.02350449,0.1837828,-0.03442168,0.9820828,3.372023,21.09928,356.6134,0.3600562,0.02228873,-0.9326637,0,0,0,1.820048,0.06678047,-2.743903,0.004386961,0.04339867,1.046752,0.930078,-0.05897044,-0.3625982,0.07624932,0.9965253,0.03351448,0.3593619,-0.05881894,0.9313429,moving,16.94555,1.397529,0.2401264,2.374141,1.8038716515917157,1.816063572762491,16.733945997701227,1.6603462369842246,16.72855891303007
1793,05/15/2023 18:38:20.382445,1976,True,True,True,True,Eyes,1.436743,0.08752034,-3.713503,0.2940183,0.02117054,0.9555653,0.0,0.0,0.0,0.0,0.0,0.0,0.0,-2.687766,-0.06589194,2.944453,1.436774,0.08526611,-3.71842,0.02435664,0.1851262,-0.03473462,0.9817988,3.479259,21.25316,356.6006,0.3601199,0.02226023,-0.9326398,0,0,0,1.823417,0.06453457,-2.744176,0.00463751,0.04326495,1.047462,0.9290437,-0.05918669,-0.3652053,0.07722291,0.9964005,0.03496607,0.3618213,-0.06068721,0.9302701,moving,17.10263,1.269179,0.2536684,2.365232,1.82503087801954,1.798986328171999,16.884574000462187,1.6702736896064827,16.879769454036758
1794,05/15/2023 18:38:20.402727,1977,True,True,True,True,Eyes,1.436938,0.08740068,-3.713396,0.2966141,0.01901091,0.9548081,0.0,0.0,0.0,0.0,0.0,0.0,0.0,-2.694958,-0.05999754,2.937909,1.436934,0.08511066,-3.71829,0.02542577,0.1862752,-0.03499371,0.981545,3.609155,21.38412,356.598,0.3601824,0.02223171,-0.9326164,0,0,0,1.826832,0.06225805,-2.744454,0.005398482,0.04362268,1.048317,0.928154,-0.05922342,-0.3674544,0.07816818,0.9962579,0.03687615,0.3638954,-0.06294999,0.9293102,moving,17.25757,1.140649,0.2950515,2.382824,1.8460477936564696,1.7818645063834562,17.007940280747324,1.6633525831596734,17.003582585153904
1795,05/15/2023 18:38:20.412816,1978,True,True,True,True,Eyes,1.437141,0.08728879,-3.713289,0.2990638,0.01685373,0.9540843,0.0,0.0,0.0,0.0,0.0,0.0,0.0,-2.700948,-0.05381724,2.932659,1.437256,0.08489895,-3.718278,0.02645534,0.1871893,-0.03514853,0.9813384,3.731569,21.48816,356.6057,0.3602439,0.02220306,-0.9325933,0,0,0,1.830191,0.06001934,-2.744726,0.006411076,0.04395472,1.049211,0.9274495,-0.05908089,-0.3692519,0.07888951,0.9961295,0.03876442,0.3655324,-0.06508213,0.9285206,moving,17.40393,1.012014,0.3500944,2.398896,1.86644746599907,1.7646526059954617,17.110135895244998,1.6436518194566563,17.106127026798482
1796,05/15/2023 18:38:20.432883,1979,True,True,True,True,Eyes,1.437351,0.08717679,-3.713185,0.3014955,0.01473073,0.9533538,0.0,0.0,0.0,0.0,0.0,0.0,0.0,-2.708095,-0.04928748,2.926112,1.437609,0.08499813,-3.718117,0.02744876,0.1883171,-0.03554067,0.9810811,3.85575,21.61644,356.587,0.3603045,0.02217448,-0.9325706,0,0,0,1.833539,0.05778741,-2.744998,0.006989151,0.04398704,1.04999,0.9265472,-0.05939841,-0.3714597,0.08007468,0.9959669,0.0404731,0.3675575,-0.06724475,0.9275665,moving,17.54942,0.8852346,0.381378,2.39888,1.886643314349628,1.74769984090418,17.2346392045411,1.6400790426635363,17.23087170071977
1797,05/15/2023 18:38:20.452721,1980,True,True,True,True,Eyes,1.437564,0.08705917,-3.713085,0.3038189,0.01260455,0.9526464,0.0,0.0,0.0,0.0,0.0,0.0,0.0,-2.714881,-0.04738131,2.919969,1.437947,0.08489513,-3.718084,0.02800687,0.1893965,-0.03590704,0.9808443,3.930253,21.74008,356.5619,0.3603646,0.02214596,-0.9325481,0,0,0,1.836972,0.05549881,-2.745277,0.007736862,0.04328077,1.050954,0.9256794,-0.0598296,-0.3735479,0.0810472,0.9958526,0.04133943,0.3695253,-0.06854206,0.9266894,moving,17.68857,0.7580416,0.4217895,2.358242,1.906408493729114,1.7306322131198173,17.340771325270985,1.611827410465846,17.33726723154202
1798,05/15/2023 18:38:20.468191,1981,True,True,True,True,Eyes,1.437776,0.08693659,-3.71299,0.306122,0.01046789,0.9519347,0.0,0.0,0.0,0.0,0.0,0.0,0.0,-2.722172,-0.04313154,2.913242,1.438118,0.08467388,-3.718024,0.02903742,0.1905763,-0.03649269,0.9805641,4.063118,21.87368,356.5228,0.3604241,0.02211734,-0.9325258,0,0,0,1.840253,0.05331143,-2.745543,0.008230805,0.043857,1.051867,0.924698,-0.06049916,-0.3758637,0.08263452,0.9956502,0.04303684,0.3716251,-0.07085539,0.9256752,moving,17.82669,0.6300238,0.4483272,2.387532,1.9261610415508612,1.713437020330827,17.4670068609791,1.6243142875835819,17.463445095374215
1799,05/15/2023 18:38:20.492898,1982,True,True,True,True,Eyes,1.437979,0.08681171,-3.712893,0.3083506,0.008292169,0.9512366,0.0,0.0,0.0,0.0,0.0,0.0,0.0,-2.728458,-0.03776543,2.907498,1.438298,0.08445644,-3.718012,0.03013649,0.1915751,-0.03693471,0.9803197,4.200007,21.98654,356.5009,0.3604832,0.02208852,-0.9325036,0,0,0,1.843641,0.05105319,-2.745818,0.009186715,0.04446794,1.052861,0.9238696,-0.06086885,-0.3778357,0.08396244,0.9954553,0.04493525,0.3733834,-0.07323832,0.9247817,moving,17.9605,0.4994491,0.4999202,2.418469,1.9457930418200693,1.6958366111107546,17.565719009729264,1.6163990361864922,17.561972094733648
1800,05/15/2023 18:38:20.513269,1983,True,True,True,True,Eyes,1.438185,0.08667985,-3.712799,0.3105596,0.006104144,0.9505343,0.0,0.0,0.0,0.0,0.0,0.0,0.0,-2.734549,-0.03037159,2.901872,1.438462,0.08428764,-3.717965,0.03143127,0.1925328,-0.03719799,0.9800814,4.354894,22.09499,356.5035,0.3605416,0.02205946,-0.9324817,0,0,0,1.847109,0.04874121,-2.7461,0.01033205,0.04532032,1.053858,0.9230949,-0.06081102,-0.379734,0.08501723,0.9952568,0.04728674,0.3750572,-0.07593407,0.9238865,moving,18.09331,0.3679371,0.5617113,2.462442,1.965423110438333,1.6780927274283464,17.656270947002533,1.6079834041891554,17.65215011550894
1801,05/15/2023 18:38:20.522773,1984,True,True,True,True,Eyes,1.438389,0.08654301,-3.712703,0.3127175,0.003880241,0.9498383,0.0,0.0,0.0,0.0,0.0,0.0,0.0,-2.740817,-0.02132897,2.896086,1.438719,0.08400726,-3.717912,0.03268858,0.1934941,-0.0370343,0.9798571,4.49615,22.20584,356.5538,0.3605996,0.02203,-0.93246,0,0,0,1.850368,0.04656842,-2.746364,0.01118249,0.04614196,1.054754,0.9223769,-0.05992656,-0.3816145,0.08522675,0.9951198,0.04972843,0.3767721,-0.07839212,0.9229829,moving,18.22322,0.2340611,0.6074265,2.504902,1.9850207739065453,1.659983679013082,17.76155677376719,1.6160609371677337,17.756895996933544
1802,05/15/2023 18:38:20.552658,1985,True,True,True,True,Eyes,1.438631,0.08641072,-3.712625,0.3149013,0.001656445,0.949123,0.0,0.0,0.0,0.0,0.0,0.0,0.0,-2.747548,-0.01295162,2.88977,1.438979,0.08377266,-3.717832,0.03408711,0.1945437,-0.03722845,0.9795943,4.661464,22.32539,356.5675,0.360657,0.02200006,-0.9324385,0,0,0,1.855203,0.04334557,-2.746757,0.01338851,0.04644275,1.056185,0.9215336,-0.0596747,-0.3836859,0.08620042,0.9949042,0.05229796,0.3786098,-0.08126819,0.9219818,moving,18.35488,0.09999464,0.7262596,2.517799,2.0047603666345264,1.641862546521928,17.79365154010079,1.5497834948201037,17.788437916174868
1803,05/15/2023 18:38:20.582421,1986,True,True,True,True,Eyes,1.438874,0.08627415,-3.712548,0.3170826,-0.0005700171,0.9483978,0.0,0.0,0.0,0.0,0.0,0.0,0.0,-2.755905,-0.004746342,2.88191,1.439267,0.08383369,-3.717785,0.03541915,0.1958667,-0.03725863,0.9792822,4.816577,22.47798,356.5999,0.3607147,0.02196979,-0.9324169,0,0,0,1.857673,0.04169877,-2.746957,0.01264268,0.04760253,1.056844,0.9204961,-0.05909855,-0.3862568,0.08684828,0.9947146,0.05477524,0.3809782,-0.08396614,0.9207634,moving,18.48659,-0.03443657,0.685378,2.578982,2.0245312067087524,1.6236894189455582,17.992028937586912,1.644966633842763,17.98582905589203
1804,05/15/2023 18:38:20.592680,1987,True,True,True,True,Eyes,1.439156,0.08613923,-3.712488,0.3192998,-0.002748033,0.9476498,0.0,0.0,0.0,0.0,0.0,0.0,0.0,-2.763249,0.002892911,2.874942,1.439514,0.08361149,-3.717748,0.03655607,0.197029,-0.03719311,0.9790097,4.946974,22.61267,356.6384,0.3607725,0.02193911,-0.9323952,0,0,0,1.864212,0.0373398,-2.747488,0.01630035,0.04625547,1.059013,0.9195926,-0.05841962,-0.3885058,0.08723003,0.9945606,0.05692127,0.3830672,-0.08623374,0.9196866,moving,18.62066,-0.1661482,0.8818281,2.50097,2.044268194263831,1.6059278506547556,17.93821832482894,1.4670948919059938,17.931606047879875
1805,05/15/2023 18:38:20.602790,1988,True,True,True,True,Eyes,1.439439,0.08600497,-3.712427,0.3215228,-0.004913165,0.9468891,0.0,0.0,0.0,0.0,0.0,0.0,0.0,-2.771248,0.00739741,2.867306,1.439848,0.08358574,-3.717683,0.03731316,0.1983152,-0.03720146,0.9787211,5.036685,22.76226,356.6609,0.3608313,0.02190808,-0.9323732,0,0,0,1.867289,0.03528848,-2.747738,0.01622179,0.04595397,1.059932,0.9185743,-0.05802017,-0.3909667,0.08761923,0.9944476,0.05828314,0.3854143,-0.08779359,0.9185577,moving,18.75527,-0.2972905,0.8768184,2.482538,2.0640014428824163,1.5882528417184485,18.09327162519136,1.4863208003759527,18.08581339200953
1806,05/15/2023 18:38:20.622751,1989,True,True,True,True,Eyes,1.43973,0.0858699,-3.712372,0.3240901,-0.00704042,0.946,0.0,0.0,0.0,0.0,0.0,0.0,0.0,-2.779012,0.01244274,2.859817,1.440114,0.08348179,-3.717623,0.03823517,0.1995708,-0.03736172,0.9784241,5.148249,22.9074,356.6701,0.3608909,0.02187676,-0.9323509,0,0,0,1.872387,0.0318903,-2.748152,0.01824024,0.0449826,1.06162,0.9175513,-0.05784996,-0.3933867,0.08837245,0.9942843,0.05990781,0.3876726,-0.08973303,0.9174191,moving,18.91094,-0.4264048,0.9843315,2.426266,2.0851157700995144,1.571053407856802,18.152163039303193,1.393956450919041,18.143925236403295
1807,05/15/2023 18:38:20.642571,1990,True,True,True,True,Eyes,1.440028,0.08572509,-3.712311,0.3267417,-0.009232879,0.9450685,0.0,0.0,0.0,0.0,0.0,0.0,0.0,-2.787064,0.01685936,2.851966,1.440362,0.08335781,-3.717543,0.03914316,0.2008861,-0.03764165,0.9781083,5.261177,23.05908,356.6662,0.3609514,0.02184516,-0.9323282,0,0,0,1.875176,0.03003099,-2.748378,0.01785997,0.04539699,1.062453,0.9164557,-0.05790856,-0.3959236,0.08936183,0.9941018,0.06144914,0.3900299,-0.09169587,0.9162252,moving,19.07198,-0.5597352,0.9630581,2.446672,2.106940459118594,1.5532948495177057,18.356784485102814,1.4514095164723786,18.347181124650348
1808,05/15/2023 18:38:20.662360,1991,True,True,True,True,Eyes,1.440291,0.08558894,-3.712236,0.3296615,-0.01136428,0.9440308,0.0,0.0,0.0,0.0,0.0,0.0,0.0,-2.802488,0.02635858,2.836661,1.440807,0.08302021,-3.717319,0.04087704,0.2034178,-0.03793953,0.9775025,5.471462,23.35251,356.6862,0.3610129,0.02181306,-0.9323052,0,0,0,1.877892,0.02822045,-2.748599,0.01455957,0.04769188,1.063005,0.9143637,-0.05754172,-0.4007843,0.09080218,0.9937793,0.06447966,0.394581,-0.09534995,0.9139006,moving,19.24953,-0.6896957,0.784709,2.568861,2.129713132635872,1.5361649968063915,18.750141501576884,1.695729091517754,18.738462713329092
1809,05/15/2023 18:38:20.682988,1992,True,True,True,True,Eyes,1.44053,0.08545041,-3.712151,0.3327654,-0.01342667,0.942914,0.0,0.0,0.0,0.0,0.0,0.0,0.0,-2.80905,0.03298844,2.830216,1.441078,0.08304214,-3.717308,0.04210253,0.2044627,-0.03818233,0.9772229,5.618304,23.47254,356.693,0.3610746,0.02178073,-0.932282,0,0,0,1.881935,0.02552536,-2.748927,0.01592487,0.04790926,1.064366,0.9134742,-0.05740849,-0.4028265,0.09184208,0.993539,0.06667338,0.3963962,-0.09790083,0.9128448,moving,19.43853,-0.8158107,0.8571858,2.577258,2.153029095967622,1.5196879942812829,18.88860152265893,1.672621943147978,18.87535626667772
1810,05/15/2023 18:38:20.702877,1993,True,True,True,True,Eyes,1.440773,0.0853157,-3.712065,0.3358421,-0.01548211,0.9417911,0.0,0.0,0.0,0.0,0.0,0.0,0.0,-2.816811,0.03636552,2.822463,1.441361,0.08280849,-3.717212,0.04263617,0.2057431,-0.03813885,0.9769328,5.681529,23.62261,356.7177,0.3611362,0.02174816,-0.9322589,0,0,0,1.884765,0.02363866,-2.749156,0.01564535,0.0474896,1.065241,0.9124305,-0.05697397,-0.4052464,0.09206237,0.9934552,0.06761175,0.3987421,-0.09899894,0.911704,moving,19.6262,-0.9418007,0.8414512,2.552618,2.176238687699225,1.5032173366895334,19.10700786439392,1.6979103007741179,19.092281102330304
1811,05/15/2023 18:38:20.712929,1994,True,True,True,True,Eyes,1.440991,0.08518033,-3.711959,0.3391542,-0.01753061,0.9405674,0.0,0.0,0.0,0.0,0.0,0.0,0.0,-2.824939,0.03928348,2.814303,1.441656,0.0827837,-3.717109,0.04346096,0.2070891,-0.038591,0.9765941,5.789328,23.7775,356.694,0.3611976,0.02171545,-0.9322359,0,0,0,1.890099,0.02008329,-2.749589,0.01764905,0.04626372,1.067087,0.9112496,-0.05737491,-0.4078385,0.09337608,0.9932438,0.06890389,0.4011296,-0.100871,0.9104505,moving,19.82853,-1.067774,0.9475551,2.482512,2.2005152300315616,1.4868772010245002,19.211864663697433,1.6003742500989235,19.195775473785194
1812,05/15/2023 18:38:20.722558,1995,True,True,True,True,Eyes,1.441197,0.08505329,-3.711856,0.3423283,-0.01950516,0.939378,0.0,0.0,0.0,0.0,0.0,0.0,0.0,-2.841948,0.04399433,2.79704,1.44218,0.08258915,-3.716898,0.04468255,0.2099429,-0.03910389,0.9759091,5.94832,24.10908,356.6822,0.3612586,0.02168264,-0.932213,0,0,0,1.893208,0.01801052,-2.749842,0.01395643,0.0472233,1.067881,0.9087897,-0.0575621,-0.4132648,0.09508525,0.9929487,0.07079305,0.406276,-0.1036314,0.9078549,moving,20.02276,-1.189514,0.7487714,2.532055,2.2238811849041724,1.4710748034169288,19.62999522095436,1.8170382095766415,19.611790547374675
1813,05/15/2023 18:38:20.742484,1996,True,True,True,True,Eyes,1.441407,0.08493043,-3.711754,0.3454765,-0.02142387,0.9381828,0.0,0.0,0.0,0.0,0.0,0.0,0.0,-2.841876,0.04472285,2.797056,1.442122,0.08266258,-3.716884,0.04478856,0.2099361,-0.03908373,0.9759065,5.959707,24.10829,356.687,0.3613189,0.02164992,-0.9321904,0,0,0,1.897295,0.01528587,-2.750174,0.0180333,0.0450259,1.069532,0.9087987,-0.05747866,-0.4132569,0.09508958,0.9929329,0.07100872,0.4062549,-0.103829,0.9078417,moving,20.21573,-1.30815,0.9659678,2.410653,2.246920419949422,1.4557075876223151,19.605683882725383,1.5977360092257027,19.58629633026404
1814,05/15/2023 18:38:20.752679,1997,True,True,True,True,Eyes,1.44158,0.08481576,-3.711633,0.3487404,-0.02329609,0.9369298,0.0,0.0,0.0,0.0,0.0,0.0,0.0,-2.850066,0.04579326,2.788725,1.442392,0.08264542,-3.716805,0.04504299,0.211322,-0.03907435,0.975596,5.992717,24.27119,356.7026,0.3613786,0.02161741,-0.9321681,0,0,0,1.899427,0.01386457,-2.750347,0.01685283,0.04423301,1.070239,0.9076326,-0.05720438,-0.4158496,0.09527866,0.9928887,0.071373,0.4088094,-0.104402,0.9066284,moving,20.41608,-1.424325,0.9021499,2.366689,2.2703111585855087,1.440758633152064,19.878763922736294,1.6520327701790412,19.85772054799958
1815,05/15/2023 18:38:20.772383,1998,True,True,True,True,Eyes,1.441757,0.08469927,-3.711516,0.3519731,-0.02513061,0.9356728,0.0,0.0,0.0,0.0,0.0,0.0,0.0,-2.858789,0.0487224,2.779726,1.442702,0.08266258,-3.71668,0.04560383,0.2127895,-0.03908601,0.9752504,6.060842,24.44339,356.7238,0.3614372,0.02158529,-0.9321461,0,0,0,1.902344,0.01192027,-2.750583,0.01621506,0.0435952,1.071192,0.9063859,-0.05682925,-0.4186109,0.09564529,0.9927852,0.07231613,0.411481,-0.1055845,0.905282,moving,20.61485,-1.538499,0.8672428,2.330529,2.2934353346431617,1.4260835098711169,20.123055627569983,1.688800399836038,20.100207097045544
1816,05/15/2023 18:38:20.782335,1999,True,True,True,True,Eyes,1.441888,0.08458278,-3.711378,0.35529,-0.02691845,0.9343685,0.0,0.0,0.0,0.0,0.0,0.0,0.0,-2.866955,0.0516232,2.771386,1.442962,0.08251095,-3.716682,0.04605952,0.2141624,-0.03899521,0.974932,6.11431,24.60524,356.7537,0.3614947,0.02155349,-0.9321245,0,0,0,1.904581,0.01042916,-2.750765,0.01510432,0.04326588,1.072,0.9052277,-0.05630691,-0.42118,0.09576378,0.9927158,0.07310718,0.4139955,-0.1065124,0.904026,moving,20.81911,-1.650192,0.8072361,2.311202,2.316771784107853,1.4118130051840236,20.40018969060673,1.7571563805168442,20.37535219784749
1817,05/15/2023 18:38:20.802894,2000,True,True,True,True,Eyes,1.442025,0.08446439,-3.71125,0.3585804,-0.02869987,0.9330576,0.0,0.0,0.0,0.0,0.0,0.0,0.0,-2.876042,0.05310726,2.762035,1.443286,0.08230782,-3.71664,0.04638026,0.2157028,-0.03901311,0.9745765,6.155817,24.78638,356.7692,0.3615506,0.02152199,-0.9321035,0,0,0,1.907738,0.008324328,-2.751021,0.01448655,0.04221376,1.073135,0.9039005,-0.05603381,-0.4240566,0.09605122,0.9926537,0.07357173,0.4168189,-0.1072327,0.9026423,moving,21.02211,-1.761802,0.7734052,2.252675,2.3400101411206014,1.3975434197830805,20.64282131059299,1.7847972044542675,20.61618592938076
1818,05/15/2023 18:38:20.813136,2001,True,True,True,True,Eyes,1.442114,0.08434955,-3.711097,0.3619193,-0.03046071,0.9317116,0.0,0.0,0.0,0.0,0.0,0.0,0.0,-2.884868,0.05612991,2.753036,1.44356,0.08215809,-3.716746,0.04710633,0.2171859,-0.0392862,0.9742012,6.248849,24.95911,356.7657,0.361605,0.0214907,-0.9320831,0,0,0,1.910929,0.006197126,-2.75128,0.01396972,0.04208535,1.074412,0.9025737,-0.05608366,-0.4268669,0.09700698,0.9924752,0.07471726,0.4194644,-0.1088469,0.9012225,moving,21.22844,-1.87252,0.744929,2.243162,2.363423635662711,1.3834311601400855,20.89289499356767,1.8326652729495383,20.863957266074873
1819,05/15/2023 18:38:20.852760,2002,True,True,True,True,Eyes,1.442206,0.08423096,-3.710952,0.3652174,-0.03224013,0.9303638,0.0,0.0,0.0,0.0,0.0,0.0,0.0,-2.893501,0.05648227,2.743608,1.444457,0.08252811,-3.716136,0.04759971,0.2186116,-0.03967502,0.9738426,6.318547,25.12463,356.7434,0.3616572,0.02145972,-0.9320636,0,0,0,1.914405,0.00388,-2.751563,0.01364571,0.04074392,1.074983,0.9012698,-0.05646273,-0.4295635,0.09808613,0.9923204,0.07536241,0.4220094,-0.1100561,0.8998866,moving,21.43265,-1.984691,0.7272667,2.17058,2.386792616569847,1.3690915069617542,21.118219022525544,1.8429351785235717,21.08737689687594
1820,05/15/2023 18:38:20.862383,2003,True,True,True,True,Eyes,1.442269,0.08413786,-3.710768,0.3685311,-0.03403477,0.9289922,0.0,0.0,0.0,0.0,0.0,0.0,0.0,-2.901281,0.06010213,2.735457,1.444592,0.08233547,-3.7162,0.04857518,0.2199348,-0.04020632,0.9734746,6.445549,25.27699,356.7166,0.3617074,0.02142891,-0.9320449,0,0,0,1.918012,0.001475705,-2.751855,0.01398978,0.04110362,1.076449,0.9000244,-0.0569129,-0.4321079,0.09964639,0.9920478,0.07688788,0.4242958,-0.1122589,0.8985383,moving,21.63822,-2.098163,0.7445874,2.186747,2.410359153993445,1.354576723458141,21.3284865129217,1.8620695222150412,21.294756597491954
1821,05/15/2023 18:38:20.882801,2004,True,True,True,True,Eyes,1.442306,0.08404455,-3.710565,0.3719311,-0.0359209,0.9275651,0.0,0.0,0.0,0.0,0.0,0.0,0.0,-2.909127,0.06316742,2.727281,1.444809,0.08228111,-3.716293,0.0493045,0.2212653,-0.04045929,0.9731258,6.538075,25.4321,356.7153,0.3617556,0.02139893,-0.9320269,0,0,0,1.922434,-0.001472531,-2.752214,0.01504731,0.04020856,1.078306,0.8988094,-0.05692522,-0.4346276,0.1005627,0.9918643,0.0780545,0.4266483,-0.1138634,0.8972214,moving,21.84959,-2.217729,0.7994866,2.135492,2.434809503854436,1.3392366292133149,21.49552014317245,1.8188742714595603,21.459183824957723
1822,05/15/2023 18:38:20.882801,2005,True,True,True,True,Eyes,1.442342,0.0839549,-3.71037,0.3751906,-0.03772012,0.9261799,0.0,0.0,0.0,0.0,0.0,0.0,0.0,-2.925672,0.06930579,2.709611,1.445366,0.08213902,-3.716252,0.05082349,0.2240858,-0.04102518,0.9723783,6.732013,25.76104,356.7093,0.3618015,0.0213697,-0.9320097,0,0,0,1.926774,-0.004365454,-2.752567,0.01238668,0.04113827,1.079851,0.8962051,-0.05700635,-0.4399625,0.1025616,0.9914678,0.08045299,0.4316222,-0.1172256,0.8944051,moving,22.05261,-2.332171,0.6571957,2.1817,2.4582636421602357,1.3245601244365903,21.866384805753455,1.9946264057607792,21.82677329607074
1823,05/15/2023 18:38:20.901590,2006,True,True,True,True,Eyes,1.442387,0.08386338,-3.710184,0.3784158,-0.03951748,0.9247917,0.0,0.0,0.0,0.0,0.0,0.0,0.0,-2.925775,0.06857316,2.7095,1.445394,0.08211899,-3.716227,0.05063492,0.2241082,-0.04091227,0.9723877,6.708098,25.76447,356.7173,0.3618452,0.02134122,-0.9319934,0,0,0,1.930065,-0.006559258,-2.752834,0.0155305,0.03883756,1.081271,0.8962034,-0.05686976,-0.4399835,0.1022606,0.9915246,0.080136,0.4316971,-0.1168111,0.8944232,moving,22.2539,-2.44683,0.8228933,2.05709,2.481608144840664,1.309837306990477,21.899163078570947,1.819264006048812,21.857378679163304
1824,05/15/2023 18:38:20.914477,2007,True,True,True,True,Eyes,1.442374,0.0837674,-3.709973,0.3816702,-0.04133329,0.923374,0.0,0.0,0.0,0.0,0.0,0.0,0.0,-2.933766,0.07197325,2.700941,1.445617,0.08200073,-3.716278,0.05142874,0.2254749,-0.04118487,0.9720186,6.808524,25.92398,356.7165,0.3618872,0.02131338,-0.9319777,0,0,0,1.932196,-0.007980272,-2.753007,0.01426035,0.03946051,1.082121,0.8949299,-0.05687315,-0.4425677,0.1032567,0.9913177,0.08140707,0.4340954,-0.1185517,0.8930324,moving,22.45741,-2.563039,0.7550084,2.088416,2.5052317128952337,1.2949110819676273,22.195275822226392,1.9217002107361933,22.149930588801464
1825,05/15/2023 18:38:20.932892,2008,True,True,True,True,Eyes,1.442366,0.08366785,-3.709769,0.3848652,-0.04320371,0.921961,0.0,0.0,0.0,0.0,0.0,0.0,0.0,-2.941189,0.07620203,2.692796,1.445806,0.08170509,-3.716252,0.05228907,0.2267486,-0.04141579,0.9716665,6.915017,26.07287,356.7216,0.3619265,0.02128603,-0.9319631,0,0,0,1.934526,-0.009533444,-2.753196,0.0134297,0.04026971,1.08298,0.8937396,-0.05677171,-0.4449791,0.1041976,0.9911011,0.08283314,0.4363168,-0.120397,0.8917018,moving,22.65771,-2.682956,0.7104709,2.129514,2.5289020004359823,1.2794237857299031,22.468670891120126,2.007322853810666,22.419351069901946
1826,05/15/2023 18:38:20.952853,2009,True,True,True,True,Eyes,1.442334,0.08357511,-3.709554,0.3879944,-0.04510302,0.9205575,0.0,0.0,0.0,0.0,0.0,0.0,0.0,-2.947527,0.08345581,2.685678,1.445911,0.08154678,-3.716239,0.05377948,0.2278164,-0.04188578,0.9713153,7.097498,26.19582,356.7149,0.3619635,0.02125901,-0.9319494,0,0,0,1.938232,-0.0120035,-2.753497,0.01439869,0.04164942,1.084464,0.8926907,-0.05686491,-0.4470682,0.1058723,0.9907067,0.08538912,0.4380578,-0.1235582,0.890415,moving,22.85434,-2.804982,0.7606851,2.199393,2.552464477825944,1.2636012510550516,22.653329909329425,2.021430072051906,22.599310245393617
1827,05/15/2023 18:38:20.972642,2010,True,True,True,True,Eyes,1.44231,0.08348253,-3.709346,0.3910364,-0.04697445,0.9191757,0.0,0.0,0.0,0.0,0.0,0.0,0.0,-2.95314,0.08767195,2.679414,1.446092,0.08157825,-3.7162,0.05471618,0.2287701,-0.0421887,0.9710255,7.213365,26.30657,356.7122,0.3619979,0.02123247,-0.9319366,0,0,0,1.942046,-0.01454642,-2.753806,0.01572776,0.04153384,1.08602,0.8917687,-0.05689774,-0.4489001,0.1069675,0.9904525,0.08695859,0.4396666,-0.1255646,0.8893408,moving,23.0459,-2.925554,0.8297003,2.190157,2.575547487177772,1.247943416527959,22.797588208970726,1.9838721828423738,22.73957287512081
1828,05/15/2023 18:38:21.002616,2011,True,True,True,True,Eyes,1.442285,0.08338945,-3.709144,0.3939295,-0.04881571,0.9178435,0.0,0.0,0.0,0.0,0.0,0.0,0.0,-2.957313,0.09140152,2.674716,1.446244,0.08150673,-3.716167,0.05539544,0.2294758,-0.04227572,0.9708167,7.293966,26.38949,356.7253,0.3620301,0.02120637,-0.9319247,0,0,0,1.944684,-0.01630478,-2.75402,0.01650807,0.04154293,1.087077,0.8911073,-0.05666013,-0.4502416,0.1075078,0.9902882,0.08815513,0.4408741,-0.1269601,0.8885444,moving,23.22854,-3.04442,0.8700122,2.188508,2.5978514234828416,1.2324528594846234,22.962737224393713,1.9747075261698035,22.90057248387925
1829,05/15/2023 18:38:21.032873,2012,True,True,True,True,Eyes,1.442261,0.0832948,-3.708935,0.3967316,-0.05062144,0.9165378,0.0,0.0,0.0,0.0,0.0,0.0,0.0,-2.960064,0.09328038,2.671657,1.44632,0.08139515,-3.716176,0.05595984,0.2299406,-0.04264531,0.9706581,7.368335,26.442,356.7021,0.3620602,0.02118065,-0.9319136,0,0,0,1.94823,-0.01866838,-2.754308,0.01876241,0.04102482,1.088615,0.8906175,-0.05705315,-0.4511602,0.1085229,0.9900997,0.08902396,0.4416145,-0.1282475,0.8879917,moving,23.40581,-3.1613,0.987402,2.15819,2.6196137705479674,1.2172008546376931,23.040876526611655,1.8840318032360854,22.974648942092365
1830,05/15/2023 18:38:21.043954,2013,True,True,True,True,Eyes,1.442247,0.0831968,-3.708728,0.3994764,-0.05242043,0.9152435,0.0,0.0,0.0,0.0,0.0,0.0,0.0,-2.965294,0.09808344,2.665552,1.44664,0.08123779,-3.715965,0.05712197,0.2308094,-0.04318263,0.9703605,7.515344,26.54123,356.6787,0.3620886,0.02115523,-0.9319031,0,0,0,1.951452,-0.02081647,-2.75457,0.01961938,0.04202282,1.089669,0.8897246,-0.05743686,-0.45287,0.110174,0.9897447,0.09092388,0.4430033,-0.1307917,0.8869283,moving,23.57983,-3.278026,1.031493,2.208503,2.641127648737102,1.2019425835395303,23.20623842705685,1.898443460943751,23.13495442689219
1831,05/15/2023 18:38:21.064270,2014,True,True,True,True,Eyes,1.442241,0.08310253,-3.708527,0.4021507,-0.05418054,0.9139689,0.0,0.0,0.0,0.0,0.0,0.0,0.0,-2.972514,0.1050006,2.657153,1.446873,0.0810976,-3.715819,0.05842185,0.2320428,-0.04340189,0.9699791,7.670627,26.686,356.6979,0.3621157,0.02113,-0.9318932,0,0,0,1.960847,-0.02707966,-2.755333,0.02562782,0.03969156,1.093697,0.8885449,-0.05708512,-0.4552245,0.1113106,0.9894063,0.09319374,0.445082,-0.1334781,0.8854861,moving,23.74973,-3.392553,1.342325,2.078419,2.662174900385609,1.1869644073466885,23.065631000664364,1.5927005526182827,22.990819262966525
1832,05/15/2023 18:38:21.082571,2015,True,True,True,True,Eyes,1.442271,0.08301111,-3.708342,0.4046568,-0.05588897,0.9127591,0.0,0.0,0.0,0.0,0.0,0.0,0.0,-2.976001,0.1072557,2.653167,1.447047,0.08110237,-3.715758,0.05883092,0.2326392,-0.04341294,0.9698109,7.718656,26.75671,356.7122,0.3621416,0.02110502,-0.9318837,0,0,0,1.96413,-0.02926772,-2.755599,0.02727732,0.03867435,1.095089,0.8879888,-0.05683194,-0.45634,0.1115774,0.9893085,0.09391064,0.4461239,-0.1343088,0.884836,moving,23.90932,-3.503892,1.426872,2.022626,2.682229638527287,1.1723543951544853,23.151735772443242,1.5162073085879033,23.07302071145763
1833,05/15/2023 18:38:21.102633,2016,True,True,True,True,Eyes,1.44231,0.08291969,-3.708159,0.4071121,-0.0575556,0.911563,0.0,0.0,0.0,0.0,0.0,0.0,0.0,-2.979316,0.1091002,2.649226,1.447216,0.08113194,-3.71559,0.05925389,0.2332152,-0.04352889,0.9696417,7.770953,26.82429,356.715,0.3621672,0.02108032,-0.9318743,0,0,0,1.968255,-0.03201772,-2.755934,0.02983692,0.03724666,1.09679,0.8874319,-0.05677703,-0.4574288,0.1120526,0.9891884,0.09460688,0.4471117,-0.1352133,0.8841993,moving,24.06596,-3.612829,1.558283,1.945001,2.701887640347428,1.158063883935666,23.183722700317762,1.3882008493239806,23.101224970876856
1834,05/15/2023 18:38:21.122992,2017,True,True,True,True,Eyes,1.442392,0.08282591,-3.708003,0.4094435,-0.05920277,0.9104126,0.0,0.0,0.0,0.0,0.0,0.0,0.0,-2.983459,0.1097712,2.644476,1.447417,0.08104992,-3.715474,0.05953281,0.2339403,-0.04370125,0.9694422,7.809172,26.90914,356.7089,0.3621926,0.02105588,-0.931865,0,0,0,1.971532,-0.0342022,-2.7562,0.0311985,0.03612393,1.098138,0.8867244,-0.0568774,-0.4587865,0.1125859,0.9890921,0.09498027,0.4483798,-0.1358742,0.8834556,moving,24.21507,-3.72062,1.627357,1.884101,2.7209102332021557,1.1438722992844237,23.27268089538053,1.320529137584612,23.186290020370848
1835,05/15/2023 18:38:21.142528,2018,True,True,True,True,Eyes,1.442478,0.08273438,-3.70785,0.4117237,-0.06080108,0.9092782,0.0,0.0,0.0,0.0,0.0,0.0,0.0,-2.987292,0.1129989,2.639892,1.447472,0.08098125,-3.715371,0.06013466,0.2346166,-0.043781,0.9692379,7.880828,26.98899,356.7214,0.3622186,0.0210316,-0.9318554,0,0,0,1.975386,-0.03677115,-2.756513,0.03330678,0.03532543,1.099823,0.8860766,-0.05665124,-0.4600644,0.1130856,0.9889341,0.09602608,0.4495333,-0.1371131,0.8826777,moving,24.36115,-3.825526,1.734601,1.839661,2.73949370732593,1.1300689467001437,23.324987961290997,1.2301748799837942,23.234359018908485
1836,05/15/2023 18:38:21.162411,2019,True,True,True,True,Eyes,1.442611,0.08264457,-3.707717,0.4139258,-0.06240799,0.9081689,0.0,0.0,0.0,0.0,0.0,0.0,0.0,-2.990797,0.114184,2.635859,1.447622,0.08094692,-3.715306,0.06034675,0.2352327,-0.04374879,0.9690768,7.905729,27.06242,356.7357,0.3622453,0.0210075,-0.9318457,0,0,0,1.978374,-0.03876306,-2.756755,0.03465334,0.03407627,1.101129,0.8855033,-0.05640082,-0.4611972,0.1131829,0.9888886,0.09637898,0.4506367,-0.1375436,0.8820477,moving,24.50258,-3.931099,1.802545,1.772547,2.75778883304248,1.1161290754804591,23.405622544477236,1.1590406689138355,23.31106287169393
1837,05/15/2023 18:38:21.192567,2020,True,True,True,True,Eyes,1.44274,0.08255652,-3.707591,0.416079,-0.06398779,0.9070743,0.0,0.0,0.0,0.0,0.0,0.0,0.0,-2.994835,0.1174097,2.630978,1.447824,0.08097839,-3.71512,0.06104539,0.2359291,-0.0439356,0.9688554,7.991122,27.144,356.7391,0.3622733,0.02098359,-0.9318353,0,0,0,1.98179,-0.04104042,-2.757033,0.03619453,0.03366927,1.102496,0.8848141,-0.05632971,-0.4625264,0.1139393,0.9886863,0.09755692,0.4517982,-0.1390197,0.8812218,moving,24.64114,-4.035135,1.880324,1.74922,2.775758514366077,1.1023850624274911,23.48432472420446,1.1046259122356508,23.385121188476926
1919,05/15/2023 18:38:22.702679,2102,True,True,True,True,Eyes,1.457405,0.08079786,-3.707468,0.4720666,-0.1298443,0.8719481,0.0,0.0,0.0,0.0,0.0,0.0,0.0,-2.9813,0.17594,2.635158,1.446959,0.08159161,-3.709826,0.06540174,0.2338529,-0.03733613,0.9693511,8.294246,26.95098,357.5793,0.3656732,0.02033264,-0.9305209,0,0,0,1.98179,-0.04104044,-2.757033,0.04334623,0.03800272,1.097988,0.8878376,-0.04179487,-0.4582548,0.1029724,0.9886572,0.1093322,0.4484873,-0.1442568,0.8820709,moving,28.43081,-8.469837,2.260742,1.982287,3.387511772176323,0.4980256750706263,28.180123407039936,1.8635025624268355,27.764282073160416
1920,05/15/2023 18:38:22.712753,2103,True,True,True,True,Eyes,1.457419,0.08078223,-3.707416,0.4721655,-0.1296963,0.8719167,0.0,0.0,0.0,0.0,0.0,0.0,0.0,-2.982178,0.1752333,2.634202,1.447,0.08156872,-3.709806,0.06520689,0.2340179,-0.03719575,0.9693298,8.269122,26.97139,357.5913,0.3656831,0.0203272,-0.9305171,0,0,0,1.975341,-0.04110491,-2.757006,0.03722435,0.03679117,1.095117,0.8877043,-0.04159072,-0.4585319,0.102629,0.9887291,0.109005,0.4488302,-0.1438229,0.8819674,moving,28.4367,-8.460628,1.946803,1.924165,3.387244021154625,0.4994009256122141,28.45274272760814,2.0260362788190798,28.0422085964304
1921,05/15/2023 18:38:22.722791,2104,True,True,True,True,Eyes,1.457431,0.08076891,-3.707366,0.4722597,-0.1295464,0.8718879,0.0,0.0,0.0,0.0,0.0,0.0,0.0,-2.983171,0.1742628,2.633284,1.446905,0.08156013,-3.709943,0.06509709,0.234208,-0.03723634,0.9692897,8.258414,26.99351,357.5854,0.3656929,0.02032194,-0.9305134,0,0,0,1.970264,-0.04115566,-2.756985,0.03231546,0.03604059,1.093045,0.8875201,-0.04169308,-0.4588788,0.1026781,0.9887516,0.1087538,0.4491828,-0.143638,0.8818179,moving,28.44227,-8.451262,1.693435,1.88851,3.3869410713762207,0.5007959479345765,28.67771013991893,2.189454978776215,28.271223015959407
1922,05/15/2023 18:38:22.732814,2105,True,True,True,True,Eyes,1.457444,0.08075699,-3.707323,0.472359,-0.1293875,0.8718578,0.0,0.0,0.0,0.0,0.0,0.0,0.0,-2.983239,0.1730512,2.63325,1.446917,0.08165836,-3.709909,0.06499391,0.2342254,-0.03733036,0.9692887,8.249454,26.99471,357.5722,0.3657023,0.02031689,-0.9305099,0,0,0,1.965626,-0.04120202,-2.756965,0.0281783,0.03525364,1.090972,0.8874898,-0.04192134,-0.4589165,0.1028142,0.9887645,0.1085083,0.4492116,-0.1434832,0.8818285,moving,28.44815,-8.441335,1.479542,1.850811,3.3866182539079444,0.5022743221019189,28.865794406927034,2.33569925501036,28.462986956269503
1923,05/15/2023 18:38:22.752874,2106,True,True,True,True,Eyes,1.457447,0.08074422,-3.707281,0.4724175,-0.1291699,0.8718583,0.0,0.0,0.0,0.0,0.0,0.0,0.0,-2.983864,0.1716637,2.632784,1.446935,0.08167839,-3.710009,0.0647957,0.2343363,-0.03733598,0.9692751,8.227736,27.00757,357.5673,0.3657114,0.02031206,-0.9305063,0,0,0,1.962286,-0.04123541,-2.756952,0.02491957,0.03444825,1.089589,0.8873851,-0.04200971,-0.4591111,0.1027456,0.9888151,0.1081114,0.4494343,-0.143108,0.8817761,moving,28.4511,-8.427337,1.310161,1.81085,3.3857738485688293,0.5043122873449066,29.007775558437604,2.4525924022825345,28.608633737621375
1924,05/15/2023 18:38:22.762872,2107,True,True,True,True,Eyes,1.457451,0.08073197,-3.707242,0.4724618,-0.128962,0.8718651,0.0,0.0,0.0,0.0,0.0,0.0,0.0,-2.98379,0.1694904,2.63301,1.446833,0.08162403,-3.710052,0.06441708,0.2343498,-0.03728524,0.9692991,8.184107,27.00906,357.5629,0.3657201,0.02030742,-0.9305031,0,0,0,1.959733,-0.04126093,-2.756941,0.02272445,0.03340217,1.088557,0.88738,-0.04208883,-0.4591137,0.1024733,0.9889205,0.1074032,0.4495065,-0.1423544,0.8818613,moving,28.45317,-8.4139,1.195919,1.757559,3.384907777342891,0.5062619192175669,29.09323478518128,2.5213917291265484,28.697513944202704
1925,05/15/2023 18:38:22.782933,2108,True,True,True,True,Eyes,1.45744,0.08072286,-3.7072,0.4725132,-0.1287131,0.871874,0.0,0.0,0.0,0.0,0.0,0.0,0.0,-2.98292,0.1697841,2.634062,1.446834,0.08162212,-3.710112,0.06443684,0.2341837,-0.03727089,0.9693384,8.185513,26.98947,357.5637,0.3657283,0.02030295,-0.9305,0,0,0,1.955179,-0.04130645,-2.756922,0.01901463,0.03294211,1.086579,0.8875378,-0.04207609,-0.4588097,0.1024363,0.9889175,0.1074657,0.4492032,-0.1423787,0.8820118,moving,28.45553,-8.397813,1.002548,1.736521,3.3838622869056074,0.5085950175915519,29.263816332048695,2.679264815447423,28.871579768326317
1926,05/15/2023 18:38:22.802622,2109,True,True,True,True,Eyes,1.457423,0.08071473,-3.707165,0.4725436,-0.1284601,0.8718947,0.0,0.0,0.0,0.0,0.0,0.0,0.0,-2.982183,0.167753,2.635031,1.446797,0.08166695,-3.710128,0.06415147,0.2340629,-0.03731509,0.9693848,8.154511,26.97441,357.55,0.3657358,0.02029872,-0.9304971,0,0,0,1.951233,-0.0413459,-2.756906,0.01583445,0.03189081,1.084875,0.8876444,-0.04231439,-0.4585817,0.1023763,0.9889844,0.1069068,0.4490064,-0.1418431,0.8821983,moving,28.45651,-8.38134,0.8362098,1.683773,3.3826870292565223,0.5109715421353347,29.397065888297238,2.803570854944005,29.008853224425977
1927,05/15/2023 18:38:22.812849,2110,True,True,True,True,Eyes,1.45738,0.0807096,-3.707121,0.4725909,-0.1282127,0.8719056,0.0,0.0,0.0,0.0,0.0,0.0,0.0,-2.980612,0.165607,2.637049,1.446618,0.08168125,-3.710272,0.06392369,0.2337984,-0.03749728,0.9694566,8.13327,26.94135,357.5213,0.3657425,0.02029473,-0.9304946,0,0,0,1.946763,-0.04139058,-2.756887,0.01257706,0.03104086,1.083105,0.8878645,-0.04281345,-0.4581088,0.1025945,0.9890155,0.1064089,0.448521,-0.1414761,0.8825041,moving,28.45861,-8.365327,0.6652911,1.641599,3.3816281939523387,0.5132917308870382,29.53992456738123,2.941354195181972,29.155414667203424
1928,05/15/2023 18:38:22.832561,2111,True,True,True,True,Eyes,1.457338,0.08069898,-3.707082,0.4726116,-0.1279793,0.8719287,0.0,0.0,0.0,0.0,0.0,0.0,0.0,-2.978492,0.1663981,2.639394,1.446518,0.08171749,-3.710311,0.06399366,0.2334194,-0.03746463,0.9695445,8.139247,26.89667,357.5236,0.365748,0.02029104,-0.9304925,0,0,0,1.942201,-0.04143619,-2.756868,0.009424627,0.03065619,1.081154,0.8882236,-0.04277254,-0.4574161,0.102522,0.9890024,0.1065995,0.4478259,-0.1415794,0.8828405,moving,28.45902,-8.350093,0.4994455,1.62419,3.380505169465434,0.5154851702077861,29.685419444318775,3.087026274365811,29.30389084601767
1929,05/15/2023 18:38:22.852499,2112,True,True,True,True,Eyes,1.457236,0.08069192,-3.707015,0.4726496,-0.127783,0.8719368,0.0,0.0,0.0,0.0,0.0,0.0,0.0,-2.976617,0.168889,2.641457,1.446474,0.08157349,-3.710409,0.06412806,0.2330696,-0.03718589,0.9696305,8.145931,26.85741,357.5555,0.3657523,0.02028747,-0.9304909,0,0,0,1.937595,-0.04148223,-2.756849,0.006061852,0.03045196,1.079191,0.8885915,-0.04222054,-0.4567522,0.1020057,0.9890096,0.1070273,0.4472135,-0.1416948,0.8831323,moving,28.46074,-8.337388,0.3218288,1.616308,3.3796689924646,0.5173265197569964,29.847518951864352,3.2493302289193453,29.46856232150179
1930,05/15/2023 18:38:22.872647,2113,True,True,True,True,Eyes,1.457132,0.08068155,-3.706952,0.4726625,-0.1276116,0.8719549,0.0,0.0,0.0,0.0,0.0,0.0,0.0,-2.974793,0.170714,2.643339,1.446405,0.08157635,-3.710396,0.06429939,0.2327414,-0.03707001,0.9697025,8.161162,26.81954,357.5703,0.3657545,0.02028414,-0.93049,0,0,0,1.933115,-0.04152701,-2.75683,0.002844393,0.0302699,1.077221,0.8889146,-0.04196351,-0.4561472,0.101824,0.9889828,0.1074471,0.4466128,-0.141958,0.883394,moving,28.46089,-8.326197,0.1512887,1.609587,3.378832994528547,0.518936513881513,30.00255538216066,3.406840274508664,29.625969051210483
1931,05/15/2023 18:38:22.892657,2114,True,True,True,True,Eyes,1.457042,0.08066722,-3.706895,0.4726322,-0.1274484,0.8719953,0.0,0.0,0.0,0.0,0.0,0.0,0.0,-2.973526,0.1725602,2.644555,1.446327,0.08149624,-3.710365,0.06450712,0.2325166,-0.03700734,0.9697449,8.18215,26.7936,357.581,0.3657548,0.02028093,-0.93049,0,0,0,1.92855,-0.04157265,-2.756811,-0.0006673336,0.03025936,1.07519,0.8891329,-0.0417774,-0.4557381,0.1017733,0.9889386,0.1079013,0.4461892,-0.1423206,0.8835496,moving,28.45824,-8.315315,-0.03556152,1.612065,3.3778163569304165,0.5204776192417352,30.173657364090857,3.583672912048292,29.799321028030946
1932,05/15/2023 18:38:22.912746,2115,True,True,True,True,Eyes,1.456948,0.08065186,-3.706843,0.472567,-0.1273295,0.872048,0.0,0.0,0.0,0.0,0.0,0.0,0.0,-2.971053,0.1753159,2.647092,1.446166,0.08139992,-3.710386,0.0647244,0.2320806,-0.03679007,0.9698431,8.199574,26.74378,357.6075,0.3657537,0.02027773,-0.9304905,0,0,0,1.923303,-0.0416251,-2.756789,-0.004285038,0.03015865,1.072947,0.8895702,-0.04131863,-0.454926,0.1014038,0.9889145,0.1084685,0.4454012,-0.1426216,0.8838987,moving,28.45348,-8.307173,-0.2288214,1.610059,3.376853333705166,0.5216064148629929,30.34840859324037,3.766380134209936,29.976245239030597
1933,05/15/2023 18:38:22.932760,2116,True,True,True,True,Eyes,1.45686,0.08063287,-3.706795,0.4724413,-0.1272284,0.8721308,0.0,0.0,0.0,0.0,0.0,0.0,0.0,-2.968389,0.1804858,2.649721,1.446002,0.08136272,-3.710443,0.06529326,0.2315959,-0.03653974,0.9699305,8.255333,26.68892,357.6465,0.365751,0.0202745,-0.9304916,0,0,0,1.919366,-0.04166446,-2.756773,-0.006679505,0.03087122,1.071307,0.8900564,-0.04063872,-0.4540354,0.1011253,0.9888033,0.1097349,0.4444923,-0.1435847,0.8842003,moving,28.44481,-8.299891,-0.3572296,1.650602,3.375670488974793,0.5225774157398546,30.472443224379255,3.899613126575929,30.100964527909884
1934,05/15/2023 18:38:22.942931,2117,True,True,True,True,Eyes,1.456761,0.08061519,-3.706749,0.471981,-0.127145,0.8723922,0.0,0.0,0.0,0.0,0.0,0.0,0.0,-2.96528,0.1854503,2.652689,1.445806,0.08127022,-3.710401,0.0657142,0.2310508,-0.03613948,0.9700471,8.290482,26.62788,357.698,0.3657471,0.02027116,-0.9304932,0,0,0,1.912872,-0.04172938,-2.756746,-0.0111475,0.03097354,1.068483,0.890619,-0.03974735,-0.45301,0.1004806,0.9887512,0.1107916,0.4435105,-0.1441918,0.8845944,moving,28.41424,-8.292075,-0.5977459,1.660444,3.3728514677249337,0.5234337825691455,30.671614895651643,4.130185914838015,30.3026042268336
1935,05/15/2023 18:38:22.952655,2118,True,True,True,True,Eyes,1.456668,0.08060228,-3.7067,0.4715163,-0.1270525,0.8726569,0.0,0.0,0.0,0.0,0.0,0.0,0.0,-2.955927,0.194196,2.662121,1.44531,0.08129883,-3.710334,0.06653162,0.2294075,-0.03558734,0.9704016,8.363502,26.43834,357.7674,0.3657418,0.02026775,-0.9304954,0,0,0,1.908751,-0.04177057,-2.756729,-0.01086211,0.03205007,1.066837,0.8922116,-0.03854231,-0.4499702,0.09959372,0.9886141,0.1127968,0.4404994,-0.1454528,0.8858915,moving,28.38336,-8.283645,-0.5833426,1.72077,3.3699633909057223,0.5243757013829833,30.64568777183948,4.130373781571636,30.27622847692172
1936,05/15/2023 18:38:22.962900,2119,True,True,True,True,Eyes,1.456563,0.08058712,-3.706651,0.4710022,-0.1269646,0.8729473,0.0,0.0,0.0,0.0,0.0,0.0,0.0,-2.954545,0.1942603,2.66356,1.445308,0.08133793,-3.710269,0.06645777,0.2291651,-0.0354854,0.9704677,8.352003,26.41025,357.7748,0.3657355,0.02026439,-0.9304979,0,0,0,1.902404,-0.04183402,-2.756702,-0.01597181,0.03112294,1.064036,0.8924483,-0.03841526,-0.4495112,0.09933447,0.9886483,0.1127262,0.4400781,-0.1452543,0.8861335,moving,28.34925,-8.275276,-0.8599787,1.675417,3.366844573593453,0.5252806229288463,30.857662458928296,4.38050780983822,30.492230211160823
1937,05/15/2023 18:38:22.982736,2120,True,True,True,True,Eyes,1.45647,0.08057992,-3.706603,0.4700243,-0.1268593,0.8734895,0.0,0.0,0.0,0.0,0.0,0.0,0.0,-2.948483,0.1970847,2.669786,1.444985,0.08132458,-3.710196,0.06653018,0.2281223,-0.03509838,0.9707226,8.347592,26.28963,357.8112,0.3657279,0.02026103,-0.930501,0,0,0,1.899514,-0.04186291,-2.75669,-0.01599106,0.03086707,1.062891,0.8934567,-0.03778755,-0.4475572,0.09849561,0.9886837,0.1131512,0.4382167,-0.1451781,0.8870679,moving,28.28467,-8.263452,-0.861943,1.663441,3.361244059354343,0.5264159004893767,30.790717010248688,4.373572340228881,30.427251907846063
1938,05/15/2023 18:38:23.012446,2121,True,True,True,True,Eyes,1.456371,0.08057793,-3.706553,0.4689755,-0.1267205,0.8740732,0.0,0.0,0.0,0.0,0.0,0.0,0.0,-2.940937,0.2022371,2.677443,1.444762,0.08146954,-3.710086,0.06688191,0.2267934,-0.03459501,0.9710278,8.370878,26.13647,357.8655,0.3657195,0.02025787,-0.9305044,0,0,0,1.896519,-0.04189284,-2.756678,-0.01558614,0.03096884,1.061643,0.8947359,-0.03684867,-0.445073,0.09752217,0.98866,0.1141965,0.4358179,-0.1455802,0.8881831,moving,28.21535,-8.249096,-0.8411071,1.670882,3.35510654047165,0.527873722518001,30.703153954026032,4.349100693117222,30.341319849197045
1939,05/15/2023 18:38:23.022812,2122,True,True,True,True,Eyes,1.456299,0.08057949,-3.706512,0.4675202,-0.1265597,0.8748757,0.0,0.0,0.0,0.0,0.0,0.0,0.0,-2.932869,0.2035553,2.685841,1.444534,0.08158302,-3.709929,0.06648517,0.2254059,-0.0338647,0.9714037,8.304533,25.97698,357.9254,0.3657102,0.02025502,-0.9305081,0,0,0,1.892194,-0.04193608,-2.75666,-0.01617864,0.02930547,1.059839,0.8960907,-0.03582028,-0.4424232,0.09576487,0.9888658,0.1139013,0.4334172,-0.1444345,0.8895438,moving,28.11937,-8.231318,-0.8745631,1.583876,3.3467674412518456,0.5295904544434334,30.61023015047276,4.35099408757069,30.2530509351334
1940,05/15/2023 18:38:23.042795,2123,True,True,True,True,Eyes,1.456214,0.08057607,-3.70647,0.465999,-0.126345,0.8757179,0.0,0.0,0.0,0.0,0.0,0.0,0.0,-2.922731,0.2052996,2.696338,1.444282,0.08175468,-3.709731,0.06638217,0.2236419,-0.03349668,0.9718311,8.279782,25.77059,357.9491,0.3657006,0.02025252,-0.9305119,0,0,0,1.887666,-0.04198135,-2.756641,-0.01611191,0.02835605,1.057932,0.8977245,-0.03541455,-0.4391313,0.09479788,0.9889428,0.114042,0.430237,-0.144007,0.8911554,moving,28.01895,-8.209753,-0.872526,1.535348,3.337818219556878,0.5318127563571341,30.490726113996974,4.328288510761426,30.137429606134987
1941,05/15/2023 18:38:23.062823,2124,True,True,True,True,Eyes,1.456148,0.08057576,-3.706435,0.4640686,-0.1261415,0.8767717,0.0,0.0,0.0,0.0,0.0,0.0,0.0,-2.912379,0.204914,2.707242,1.443883,0.08161449,-3.709668,0.06576491,0.2218755,-0.03292203,0.9722975,8.192266,25.56479,357.983,0.3656905,0.02025023,-0.9305159,0,0,0,1.882071,-0.04203728,-2.756618,-0.01692489,0.02648598,1.055754,0.8993748,-0.03483677,-0.4357885,0.09320328,0.9891822,0.1132769,0.427128,-0.1424953,0.8928925,moving,27.89193,-8.18699,-0.9184355,1.437093,3.326840100398125,0.5339747971201215,30.37532113138031,4.340275038716861,30.027647789967098
1942,05/15/2023 18:38:23.092799,2125,True,True,True,True,Eyes,1.456101,0.08056851,-3.70641,0.4617771,-0.1259407,0.8780096,0.0,0.0,0.0,0.0,0.0,0.0,0.0,-2.89652,0.2053022,2.723776,1.443533,0.08173656,-3.70951,0.06573646,0.2191033,-0.03309538,0.972922,8.187646,25.23522,357.9393,0.3656802,0.02024818,-0.93052,0,0,0,1.878846,-0.04206952,-2.756604,-0.0134387,0.02617857,1.05451,0.9017969,-0.03559228,-0.430692,0.09320459,0.9891668,0.1134103,0.4219896,-0.1424155,0.8953449,moving,27.74151,-8.16276,-0.7301395,1.422096,3.3140458969820576,0.5361432113863502,30.041709168946866,4.14009032133542,29.696702533580698
1943,05/15/2023 18:38:23.103059,2126,True,True,True,True,Eyes,1.456011,0.08055531,-3.706369,0.4591717,-0.1258013,0.8793949,0.0,0.0,0.0,0.0,0.0,0.0,0.0,-2.881217,0.2064111,2.739383,1.443071,0.08159161,-3.70933,0.06553572,0.2164733,-0.03289371,0.973531,8.154525,24.92531,357.9348,0.3656702,0.02024618,-0.930524,0,0,0,1.871691,-0.04214104,-2.756574,-0.01374587,0.02521563,1.051639,0.9041147,-0.03567263,-0.4257983,0.09241956,0.9892462,0.1133609,0.4171754,-0.1418433,0.8976888,moving,27.57109,-8.141176,-0.7488652,1.373544,3.2999946226973265,0.5377564782402267,29.875571278360642,4.134223826231711,29.535277036785402
1944,05/15/2023 18:38:23.122803,2127,True,True,True,True,Eyes,1.455943,0.08053233,-3.706342,0.456257,-0.1257403,0.8809193,0.0,0.0,0.0,0.0,0.0,0.0,0.0,-2.847527,0.2153763,2.772776,1.441945,0.08146286,-3.709076,0.06640212,0.2106918,-0.0328871,0.9747401,8.239294,24.24317,357.9077,0.3656596,0.02024408,-0.9305282,0,0,0,1.867563,-0.04218231,-2.756557,-0.004019111,0.02701365,1.05023,0.9090549,-0.03613199,-0.4151071,0.09209351,0.9890184,0.1155915,0.406372,-0.1433077,0.9023994,moving,27.38112,-8.123392,-0.2192633,1.473417,3.2848064012022054,0.5386526453421323,29.221223473520062,3.626608452758893,28.878830184774827
1945,05/15/2023 18:38:23.132782,2128,True,True,True,True,Eyes,1.455858,0.08050676,-3.706314,0.4531628,-0.1257565,0.8825127,0.0,0.0,0.0,0.0,0.0,0.0,0.0,-2.826016,0.2213434,2.793743,1.441321,0.08127022,-3.708955,0.06693397,0.2070163,-0.03281995,0.9754933,8.289554,23.81033,357.8967,0.3656487,0.02024164,-0.9305325,0,0,0,1.860105,-0.04225686,-2.756526,-0.002383113,0.02769941,1.047371,0.9121343,-0.03631844,-0.4082795,0.0917441,0.9888854,0.1169987,0.3994924,-0.1441758,0.9053283,moving,27.18012,-8.109946,-0.1303664,1.514926,3.2691427656702072,0.5388288369949964,28.956878775533955,3.5368670089645957,28.616317412829144
1946,05/15/2023 18:38:23.142924,2129,True,True,True,True,Eyes,1.45578,0.08048774,-3.706286,0.4501579,-0.1257777,0.8840463,0.0,0.0,0.0,0.0,0.0,0.0,0.0,-2.802894,0.2308513,2.815971,1.440846,0.08119869,-3.708986,0.06796512,0.2030388,-0.03271334,0.9762611,8.394473,23.34309,357.8987,0.3656374,0.02023883,-0.930537,0,0,0,1.856324,-0.04229465,-2.75651,0.002980649,0.02966036,1.046037,0.9154102,-0.03627444,-0.4008844,0.09147265,0.9886212,0.1194193,0.3919909,-0.1459876,0.908312,moving,26.98527,-8.097415,0.1632621,1.624186,3.2539965021941017,0.5389272473193785,28.529452041545827,3.2757328500926373,28.18771629610092
1947,05/15/2023 18:38:23.152462,2130,True,True,True,True,Eyes,1.455745,0.08047216,-3.706276,0.4469853,-0.1258498,0.8856443,0.0,0.0,0.0,0.0,0.0,0.0,0.0,-2.800707,0.2315781,2.818155,1.440948,0.08133793,-3.708995,0.06806173,0.2026413,-0.03270845,0.9763373,8.404375,23.29636,357.898,0.3656257,0.02023585,-0.9305416,0,0,0,1.851643,-0.04234145,-2.756491,-0.000564009,0.0292554,1.044211,0.9157334,-0.03628473,-0.4001449,0.09145318,0.9885955,0.1196462,0.3912401,-0.1461586,0.9086083,moving,26.78011,-8.087569,-0.03094713,1.604822,3.2383021901485467,0.5385495899926457,28.509213032369114,3.4387392994576698,28.17239833937227
1948,05/15/2023 18:38:23.172581,2131,True,True,True,True,Eyes,1.455694,0.08046143,-3.706259,0.4436906,-0.1259005,0.8872924,0.0,0.0,0.0,0.0,0.0,0.0,0.0,-2.78049,0.2362068,2.837355,1.440538,0.08146858,-3.70887,0.068291,0.1992248,-0.03237817,0.9770352,8.415257,22.89638,357.911,0.3656146,0.02023279,-0.9305461,0,0,0,1.848847,-0.0423694,-2.756479,0.0045304,0.02932561,1.043178,0.9185223,-0.0360587,-0.3937216,0.09047975,0.988576,0.1205443,0.3848771,-0.1463465,0.9112917,moving,26.56735,-8.075955,0.2488273,1.610263,3.221920295955035,0.5383596586859131,28.04438368468702,3.1604206580322804,27.70884339193544
1949,05/15/2023 18:38:23.203303,2132,True,True,True,True,Eyes,1.455713,0.08044614,-3.706267,0.4405989,-0.1259269,0.8888279,0.0,0.0,0.0,0.0,0.0,0.0,0.0,-2.760287,0.2387135,2.856475,1.440111,0.08157253,-3.70878,0.06817288,0.1958432,-0.03200093,0.9777392,8.386209,22.50077,357.9218,0.3656036,0.02022979,-0.9305505,0,0,0,1.8458,-0.04239986,-2.756467,0.009327531,0.02867045,1.042087,0.9212428,-0.03587474,-0.3873302,0.0892795,0.9886568,0.1207763,0.3786038,-0.1458449,0.9139959,moving,26.36797,-8.063854,0.5128306,1.575955,3.206476491972004,0.538356667378854,27.593733907355006,2.8865790290923674,27.26026673325265
1950,05/15/2023 18:38:23.232588,2133,True,True,True,True,Eyes,1.455732,0.08043634,-3.706276,0.4371871,-0.1259571,0.8905067,0.0,0.0,0.0,0.0,0.0,0.0,0.0,-2.760736,0.2361558,2.856234,1.440188,0.0815134,-3.708736,0.06774405,0.1959241,-0.03192994,0.9777551,8.336461,22.51037,357.921,0.365594,0.02022669,-0.9305543,0,0,0,1.841235,-0.04244549,-2.756448,0.004918754,0.02735759,1.04033,0.9211886,-0.03589395,-0.3874577,0.0889847,0.9887825,0.1199625,0.3788054,-0.1449859,0.9140491,moving,26.14836,-8.050756,0.2708964,1.506361,3.1894831580145064,0.5383201923157693,27.585895086457025,3.0749392952381296,27.25912154741706
1951,05/15/2023 18:38:23.252589,2134,True,True,True,True,Eyes,1.455743,0.08042789,-3.706284,0.4333205,-0.1259181,0.8924001,0.0,0.0,0.0,0.0,0.0,0.0,0.0,-2.723411,0.2414887,2.89057,1.439086,0.08164215,-3.70851,0.06776477,0.1897698,-0.03143438,0.9789827,8.314793,21.78992,357.925,0.3655857,0.02022365,-0.9305576,0,0,0,1.835161,-0.04250621,-2.756422,0.01339513,0.02676644,1.038201,0.9259986,-0.03582803,-0.3758231,0.08726686,0.9888396,0.1207505,0.3673025,-0.1446117,0.9187907,moving,25.8997,-8.03144,0.7392032,1.476847,3.169902494644212,0.5389236589414116,26.897176820201395,2.605378908083501,26.57199863803085
1952,05/15/2023 18:38:23.286477,2135,True,True,True,True,Eyes,1.45571,0.08041653,-3.706275,0.4291611,-0.125841,0.8944187,0.0,0.0,0.0,0.0,0.0,0.0,0.0,-2.683794,0.2457804,2.926349,1.438061,0.0817709,-3.708365,0.06758535,0.1832874,-0.03089101,0.9802468,8.269216,21.032,357.9276,0.3655785,0.0202207,-0.9305605,0,0,0,1.830407,-0.04255374,-2.756402,0.02363807,0.02588533,1.03653,0.930903,-0.03578655,-0.3635093,0.08533671,0.9889559,0.1211768,0.3551582,-0.1438245,0.9236759,moving,25.63268,-8.008709,1.306404,1.430554,3.1487255678618,0.5398575672289486,26.09343576479236,2.046335479524273,25.769775815160642
1953,05/15/2023 18:38:23.303990,2136,True,True,True,True,Eyes,1.455691,0.0804088,-3.706272,0.4249516,-0.12571,0.8964447,0.0,0.0,0.0,0.0,0.0,0.0,0.0,-2.646114,0.2493854,2.959466,1.437092,0.08171177,-3.708186,0.0672383,0.1771961,-0.03021632,0.981411,8.203259,20.32192,357.9456,0.3655713,0.02021777,-0.9305634,0,0,0,1.819613,-0.04266164,-2.756358,0.02729583,0.02420769,1.032684,0.935377,-0.03548053,-0.3518677,0.08313797,0.989132,0.1212684,0.3437409,-0.1426852,0.9281611,moving,25.36287,-7.982633,1.514085,1.342854,3.1270921976602075,0.5412479291202156,25.60721097197807,1.8012119565933826,25.288798953137402
1954,05/15/2023 18:38:23.332733,2137,True,True,True,True,Eyes,1.455652,0.08040377,-3.706262,0.4206863,-0.1255275,0.8984798,0.0,0.0,0.0,0.0,0.0,0.0,0.0,-2.627879,0.2485618,2.975558,1.436626,0.08170033,-3.708222,0.06685702,0.1742632,-0.03015183,0.9819641,8.15266,19.97813,357.9208,0.3655645,0.02021494,-0.9305661,0,0,0,1.815207,-0.04270569,-2.756339,0.02975696,0.02315358,1.031241,0.9374465,-0.03591458,-0.3462722,0.08251745,0.989242,0.1207937,0.3382087,-0.1418111,0.930325,moving,25.08994,-7.953372,1.652839,1.286197,3.104990446983634,0.5430688609038187,25.192604839316672,1.6312520516747913,24.87953042730677
1955,05/15/2023 18:38:23.352730,2138,True,True,True,True,Eyes,1.455586,0.08040108,-3.706239,0.4162492,-0.1253175,0.9005733,0.0,0.0,0.0,0.0,0.0,0.0,0.0,-2.609711,0.2437243,2.99151,1.436164,0.08181763,-3.70808,0.06609081,0.1713703,-0.03038415,0.9825178,8.06432,19.63675,357.8553,0.3655576,0.02021228,-0.9305689,0,0,0,1.807577,-0.04278196,-2.756308,0.02919766,0.02100258,1.028616,0.939418,-0.03705392,-0.3407651,0.08235794,0.9894176,0.1194569,0.3327326,-0.1402847,0.9325284,moving,24.8066,-7.922009,1.625926,1.169719,3.081971084003164,0.5451009724733801,24.899862753040626,1.5843657932942843,24.59476032278734
1956,05/15/2023 18:38:23.372678,2139,True,True,True,True,Eyes,1.455504,0.08038972,-3.706215,0.411945,-0.125093,0.9025813,0.0,0.0,0.0,0.0,0.0,0.0,0.0,-2.570238,0.2436117,3.024776,1.435127,0.08190536,-3.70789,0.06572111,0.1651011,-0.03053324,0.9836107,8.011398,18.90128,357.7797,0.3655501,0.02020984,-0.9305719,0,0,0,1.803296,-0.04282475,-2.75629,0.03930745,0.02011998,1.026985,0.9436188,-0.03836439,-0.3288036,0.08176688,0.9894969,0.1192058,0.3207769,-0.1393701,0.9368448,moving,24.53231,-7.890629,2.191904,1.122356,3.059609871085836,0.5472146203972036,24.08999042870422,1.0410096470485934,23.78686500321909
1957,05/15/2023 18:38:23.392822,2140,True,True,True,True,Eyes,1.455411,0.0803789,-3.706181,0.4075437,-0.1248956,0.9046044,0.0,0.0,0.0,0.0,0.0,0.0,0.0,-2.551654,0.2427598,3.040405,1.434729,0.08167744,-3.70794,0.06515869,0.1621662,-0.03020755,0.9841465,7.934947,18.56024,357.7824,0.3655418,0.02020739,-0.9305753,0,0,0,1.794775,-0.04290993,-2.756254,0.03771272,0.01844524,1.024255,0.9455794,-0.03832423,-0.3231271,0.08059037,0.9896837,0.1184541,0.3152539,-0.1380487,0.938913,moving,24.25259,-7.860933,2.108658,1.031696,3.036980440259379,0.5490387412064599,23.862786403776592,1.0462985150305921,23.567269509782363
1958,05/15/2023 18:38:23.404299,2141,True,True,True,True,Eyes,1.45531,0.08036149,-3.706143,0.4031349,-0.1247059,0.9066039,0.0,0.0,0.0,0.0,0.0,0.0,0.0,-2.51659,0.2439751,3.068866,1.434048,0.08170223,-3.707765,0.06482442,0.1566432,-0.02998936,0.9850692,7.880554,17.91621,357.7566,0.3655325,0.02020494,-0.9305789,0,0,0,1.789055,-0.04296711,-2.75623,0.04442909,0.01737164,1.022113,0.9491271,-0.03877458,-0.3124968,0.07939179,0.9897969,0.1183178,0.3047207,-0.1371083,0.9425215,moving,23.97303,-7.832047,2.48896,0.9736944,3.0144239682701026,0.5507478245072024,23.218663729176452,0.6745340522696004,22.92650524627445
1959,05/15/2023 18:38:23.412459,2142,True,True,True,True,Eyes,1.455174,0.08034558,-3.706096,0.3989655,-0.1246399,0.9084555,0.0,0.0,0.0,0.0,0.0,0.0,0.0,-2.501567,0.2457541,3.080808,1.433758,0.08152771,-3.707736,0.06487659,0.1542807,-0.02995964,0.9854395,7.880548,17.64047,357.7419,0.3655224,0.02020234,-0.9305829,0,0,0,1.782165,-0.04303598,-2.756202,0.04302737,0.01712762,1.019889,0.9505998,-0.03902842,-0.307956,0.07906524,0.9897869,0.1186195,0.3001813,-0.1371083,0.943977,moving,23.70959,-7.812194,2.415778,0.9621126,2.9937257067212704,0.5512993136983406,23.030737847540784,0.7090776458938364,22.74366198603193
1960,05/15/2023 18:38:23.422864,2143,True,True,True,True,Eyes,1.455041,0.08033214,-3.706054,0.3949654,-0.1245818,0.9102097,0.0,0.0,0.0,0.0,0.0,0.0,0.0,-2.488228,0.2498597,3.091029,1.433334,0.08153725,-3.707705,0.06528181,0.1522077,-0.02987651,0.9857376,7.92035,17.39908,357.7417,0.3655107,0.02019965,-0.9305876,0,0,0,1.778218,-0.04307545,-2.756185,0.04391378,0.01764688,1.018637,0.9518804,-0.039028,-0.3039746,0.0787736,0.9896914,0.1196066,0.296173,-0.1377963,0.9451422,moving,23.45737,-7.793736,2.468511,0.9924933,2.973950573560523,0.55174833190682,22.753681623729808,0.6706156048143389,22.469711368468936
1961,05/15/2023 18:38:23.432546,2144,True,True,True,True,Eyes,1.4549,0.08031812,-3.706008,0.3909453,-0.1245268,0.9119512,0.0,0.0,0.0,0.0,0.0,0.0,0.0,-2.489167,0.2505564,3.090261,1.433264,0.08158398,-3.707767,0.0653837,0.1523629,-0.02985027,0.9857076,7.931818,17.41741,357.7477,0.3654976,0.02019693,-0.9305928,0,0,0,1.774183,-0.04311578,-2.756169,0.03978959,0.01744578,1.017559,0.9517891,-0.03892317,-0.304274,0.07877137,0.9896679,0.1198023,0.296467,-0.1379946,0.9450211,moving,23.20438,-7.77564,2.239296,0.9822249,2.9541467295700534,0.5521385839320336,22.72080422726511,0.8342576369657951,22.442786173213
1962,05/15/2023 18:38:23.452728,2145,True,True,True,True,Eyes,1.4549,0.08031812,-3.706008,0.3909453,-0.1245268,0.9119512,0.0,0.0,0.0,0.0,0.0,0.0,0.0,-2.474158,0.252903,3.101922,1.432937,0.08155537,-3.707746,0.06546264,0.1500258,-0.02968442,0.9860658,7.932583,17.14586,357.7491,0.3654832,0.02019418,-0.9305985,0,0,0,1.771704,-0.04314056,-2.756158,0.04252571,0.01745315,1.016719,0.9532222,-0.0388994,-0.2997571,0.07818374,0.9896669,0.1201941,0.2919843,-0.1380078,0.9464139,moving,23.20438,-7.77564,2.395081,0.9834516,2.9541467295700534,0.5521385839320336,22.57761303877342,0.7061058049678831,22.298420607769955
1963,05/15/2023 18:38:23.472661,2146,True,True,True,True,Eyes,1.4549,0.08031812,-3.706008,0.3909453,-0.1245268,0.9119512,0.0,0.0,0.0,0.0,0.0,0.0,0.0,-2.476969,0.2541532,3.099521,1.432915,0.08165455,-3.707707,0.06561028,0.1504771,-0.02954552,0.9859915,7.947992,17.19963,357.7711,0.3654703,0.0201917,-0.9306036,0,0,0,1.769544,-0.04316215,-2.756149,0.03955197,0.01738806,1.016116,0.9529675,-0.03851756,-0.3006152,0.07800895,0.9896446,0.1204905,0.2928613,-0.1382742,0.946104,moving,23.20438,-7.77564,2.229093,0.9803653,2.9541467295700534,0.5521385839320336,22.729502712245974,0.8420694930454367,22.45159158378481
1964,05/15/2023 18:38:23.483086,2147,True,True,True,True,Eyes,1.45466,0.08030997,-3.705931,0.3872366,-0.1245327,0.9135313,0.0,0.0,0.0,0.0,0.0,0.0,0.0,-2.463816,0.2548799,3.109742,1.432541,0.08160305,-3.707697,0.06533232,0.1484614,-0.02913388,0.9863276,7.904865,16.96751,357.7971,0.3654586,0.02018947,-0.9306083,0,0,0,1.765221,-0.04320537,-2.756131,0.03990194,0.01644556,1.014824,0.9542208,-0.03807244,-0.2966699,0.07686974,0.9897658,0.1202276,0.2890564,-0.1375287,0.9473819,moving,22.97159,-7.762716,2.251658,0.9284164,2.9362061909442096,0.5519619098781333,22.468897713927884,0.7812324934729129,22.195225359643533
1965,05/15/2023 18:38:23.504545,2148,True,True,True,True,Eyes,1.454417,0.08030146,-3.705853,0.3835243,-0.1245346,0.9150957,0.0,0.0,0.0,0.0,0.0,0.0,0.0,-2.451429,0.2587634,3.118927,1.432218,0.0815897,-3.707596,0.0655808,0.1465541,-0.02881184,0.9866059,7.92344,16.74749,357.8227,0.3654435,0.02018735,-0.9306142,0,0,0,1.760248,-0.04325508,-2.75611,0.03934488,0.01648323,1.013259,0.9553836,-0.03762957,-0.2929613,0.07607411,0.989738,0.1209598,0.2854032,-0.1378498,0.9484422,moving,22.73897,-7.749728,2.223679,0.9319791,2.918273196045799,0.5517959214104804,22.27665152092817,0.7918335345657823,22.006573874247742
1966,05/15/2023 18:38:23.512811,2149,True,True,True,True,Eyes,1.454088,0.08029486,-3.705749,0.379952,-0.1246362,0.916571,0.0,0.0,0.0,0.0,0.0,0.0,0.0,-2.438538,0.2614709,3.128639,1.431901,0.081563,-3.707592,0.06562842,0.1445734,-0.02844864,0.9869054,7.918475,16.51926,357.849,0.3654253,0.0201853,-0.9306214,0,0,0,1.75604,-0.04329715,-2.756093,0.03963357,0.01619842,1.012013,0.9565784,-0.03717598,-0.2890947,0.07512849,0.9897672,0.1213123,0.2816265,-0.1377639,0.9495829,moving,22.51579,-7.743637,2.242734,0.9170055,2.901550016081983,0.5507210044518521,22.045487703653603,0.7537923286456935,21.77845843212852
1967,05/15/2023 18:38:23.532626,2150,True,True,True,True,Eyes,1.453757,0.08028818,-3.705643,0.3763773,-0.1247545,0.9180285,0.0,0.0,0.0,0.0,0.0,0.0,0.0,-2.41219,0.2667918,3.148166,1.431272,0.08153152,-3.707506,0.0658735,0.1405337,-0.02800681,0.9874851,7.930395,16.05169,357.8708,0.3654027,0.0201834,-0.9306304,0,0,0,1.751508,-0.04334245,-2.756074,0.04409915,0.01633835,1.010522,0.9589318,-0.03679771,-0.2812397,0.07382751,0.9897526,0.1222264,0.2738601,-0.13797,0.9518219,moving,22.29286,-7.738745,2.498801,0.9262906,2.8849357921632666,0.549475918592675,21.607582318361032,0.5395269982522404,21.341407532964794
1968,05/15/2023 18:38:23.552602,2151,True,True,True,True,Eyes,1.453366,0.08028279,-3.70552,0.3729731,-0.1249249,0.9193937,0.0,0.0,0.0,0.0,0.0,0.0,0.0,-2.399889,0.2704459,3.156962,1.430914,0.0815239,-3.707405,0.06619595,0.1386614,-0.02786409,0.9877322,7.960772,15.83459,357.877,0.365376,0.02018164,-0.9306409,0,0,0,1.746853,-0.04338898,-2.756055,0.043778,0.01662114,1.009107,0.9599934,-0.03668687,-0.2776096,0.07340214,0.9896834,0.1230404,0.2702316,-0.1384951,0.9527823,moving,22.08106,-7.73782,2.484101,0.9436417,2.86943278603796,0.5477578554924666,21.43381858876873,0.5524532592656768,21.169963996686196
1969,05/15/2023 18:38:23.572661,2152,True,True,True,True,Eyes,1.452979,0.080278,-3.705395,0.3695547,-0.1250785,0.9207522,0.0,0.0,0.0,0.0,0.0,0.0,0.0,-2.387324,0.2741694,3.165899,1.430516,0.08150101,-3.707342,0.06647858,0.1367602,-0.02764028,0.9879845,7.985343,15.61481,357.8916,0.3653445,0.02018004,-0.9306533,0,0,0,1.742343,-0.04343407,-2.756036,0.04366639,0.01683215,1.007788,0.9610653,-0.03643309,-0.2739088,0.07279958,0.9896332,0.1237994,0.2665589,-0.1389198,0.9537545,moving,21.86864,-7.735924,2.481014,0.9568692,2.853811118371921,0.5461739531407657,21.247227949401825,0.5546605063091976,20.985760531729944
1970,05/15/2023 18:38:23.583004,2153,True,True,True,True,Eyes,1.452542,0.08027814,-3.705252,0.3662277,-0.1252337,0.9220595,0.0,0.0,0.0,0.0,0.0,0.0,0.0,-2.374242,0.2767707,3.175212,1.430242,0.08150101,-3.707205,0.06645951,0.1347817,-0.02716093,0.9882709,7.971562,15.38808,357.9301,0.3653089,0.02017862,-0.9306673,0,0,0,1.737884,-0.04347865,-2.756017,0.04364827,0.01631989,1.006405,0.9621924,-0.03576966,-0.2700119,0.07159975,0.9896908,0.1240384,0.2627915,-0.1386816,0.954834,moving,21.66221,-7.734555,2.48339,0.9290289,2.8386658006185472,0.544566645338407,21.044828879911076,0.5234807730610794,20.786302480510148
1971,05/15/2023 18:38:23.604882,2154,True,True,True,True,Eyes,1.452111,0.08027811,-3.705114,0.3628839,-0.1253741,0.9233616,0.0,0.0,0.0,0.0,0.0,0.0,0.0,-2.361167,0.2776357,3.184577,1.42993,0.08156013,-3.707071,0.06618867,0.1328226,-0.02665725,0.9885679,7.928971,15.16385,357.9678,0.3652685,0.02017749,-0.9306832,0,0,0,1.73307,-0.04352676,-2.755997,0.04329243,0.01522097,1.004975,0.9632952,-0.0351223,-0.2661369,0.07028767,0.9898169,0.1237826,0.2590792,-0.1379453,0.9559546,moving,21.45498,-7.73234,2.46667,0.867714,2.823398165379312,0.5430739566787856,20.845067653020845,0.4823340561296597,20.590213252167786
1972,05/15/2023 18:38:23.622968,2155,True,True,True,True,Eyes,1.451635,0.08028155,-3.704959,0.3596205,-0.1255397,0.924615,0.0,0.0,0.0,0.0,0.0,0.0,0.0,-2.348185,0.2795195,3.193891,1.429657,0.08155155,-3.707083,0.06616022,0.1308599,-0.02634529,0.98884,7.917022,14.93778,357.9872,0.3652239,0.02017661,-0.9307007,0,0,0,1.72883,-0.04356916,-2.75598,0.04340205,0.01480283,1.00382,0.9643632,-0.0347871,-0.2622851,0.06941798,0.9898575,0.1239486,0.2553131,-0.1377388,0.9569971,moving,21.25309,-7.732056,2.475748,0.8448505,2.808665771036974,0.5413503597739153,20.64344684626834,0.4504959238322585,20.39127750418801
1973,05/15/2023 18:38:23.632737,2156,True,True,True,True,Eyes,1.451161,0.08028504,-3.704809,0.3563331,-0.1256894,0.9258666,0.0,0.0,0.0,0.0,0.0,0.0,0.0,-2.335224,0.2805279,3.203031,1.429365,0.08159828,-3.706971,0.06607889,0.1289132,-0.02614468,0.9891064,7.900831,14.71276,357.9934,0.3651747,0.02017608,-0.93072,0,0,0,1.724287,-0.04361457,-2.755961,0.04324901,0.01423252,1.002499,0.9653957,-0.03468287,-0.2584728,0.06875661,0.9899001,0.1239773,0.2515624,-0.1374589,0.95803,moving,21.04994,-7.730833,2.470278,0.8133764,2.793770502702356,0.5397507303918543,20.450118686826546,0.42369612503908977,20.200937886856792
1974,05/15/2023 18:38:23.652864,2157,True,True,True,True,Eyes,1.450653,0.08028752,-3.704649,0.3530608,-0.1258749,0.9270942,0.0,0.0,0.0,0.0,0.0,0.0,0.0,-2.32178,0.2811146,3.212512,1.428967,0.08159733,-3.706928,0.06600484,0.126906,-0.02609076,0.9893724,7.887523,14.47963,357.9824,0.3651214,0.02017584,-0.9307409,0,0,0,1.719073,-0.04366669,-2.755939,0.04265213,0.01374299,1.001111,0.9664283,-0.03487413,-0.2545588,0.06837976,0.9899253,0.1239846,0.2476704,-0.1372289,0.9590765,moving,20.84809,-7.731972,2.439599,0.786492,2.7791487147398515,0.537822929749058,20.28390420546244,0.4208685249331227,20.037666229357093
1975,05/15/2023 18:38:23.662989,2158,True,True,True,True,Eyes,1.45015,0.08029132,-3.704492,0.3497574,-0.1260343,0.9283239,0.0,0.0,0.0,0.0,0.0,0.0,0.0,-2.307695,0.284073,3.222095,1.428606,0.08154869,-3.706816,0.0661373,0.1248036,-0.02580762,0.9896383,7.894288,14.23727,357.9998,0.3650638,0.02017586,-0.9307635,0,0,0,1.715216,-0.04370524,-2.755923,0.04349312,0.01372986,0.9999757,0.967516,-0.03457206,-0.2504347,0.06758876,0.9899197,0.1244622,0.2436073,-0.1373458,0.9600998,moving,20.64452,-7.731515,2.490463,0.7866327,2.76428081311422,0.5361095188473153,20.05314503508775,0.37113078432476415,19.808976043880755
1976,05/15/2023 18:38:23.682530,2159,True,True,True,True,Eyes,1.449633,0.08030106,-3.704334,0.3464426,-0.1262277,0.9295397,0.0,0.0,0.0,0.0,0.0,0.0,0.0,-2.293394,0.2851365,3.231991,1.428251,0.08157539,-3.706773,0.06598095,0.1226787,-0.02547522,0.9899229,7.867498,13.99276,358.0187,0.3650022,0.02017614,-0.9307877,0,0,0,1.710633,-0.04375106,-2.755904,0.04365835,0.01301249,0.9987611,0.9686019,-0.0342481,-0.2462467,0.06662592,0.9899951,0.1243816,0.2395232,-0.1368826,0.9611928,moving,20.4406,-7.733232,2.502949,0.7464437,2.7495519353645843,0.5340805410926099,19.840973347468907,0.32543988537294366,19.599644082031784
1977,05/15/2023 18:38:23.705230,2160,True,True,True,True,Eyes,1.44912,0.08030847,-3.704179,0.3431044,-0.1263739,0.9307572,0.0,0.0,0.0,0.0,0.0,0.0,0.0,-2.278463,0.2887042,3.242033,1.427852,0.08171368,-3.706762,0.06610658,0.1204675,-0.02497718,0.9901988,7.870537,13.73955,358.0598,0.3649369,0.0201768,-0.9308133,0,0,0,1.705975,-0.04379763,-2.755885,0.0439187,0.01269381,0.9975885,0.9697275,-0.03353734,-0.2418759,0.06539212,0.9900121,0.1248994,0.2352712,-0.1369352,0.9622351,moving,20.23537,-7.732071,2.520811,0.7290204,2.7345097980289066,0.5324538211405097,19.63149684164799,0.29035425983361013,19.39280789775696
1978,05/15/2023 18:38:23.732578,2161,True,True,True,True,Eyes,1.448561,0.08031669,-3.704012,0.3398382,-0.1265174,0.9319353,0.0,0.0,0.0,0.0,0.0,0.0,0.0,-2.264308,0.2896981,3.251624,1.427471,0.08165264,-3.706714,0.06573779,0.1183946,-0.02427182,0.9904909,7.814868,13.50411,358.1192,0.3648683,0.02017775,-0.9308401,0,0,0,1.701458,-0.04384278,-2.755866,0.04402006,0.0115349,0.9964225,0.9707872,-0.03251604,-0.2377287,0.06364803,0.9901789,0.1244781,0.2313463,-0.1359727,0.9633225,moving,20.03482,-7.731079,2.529574,0.6632441,2.71982146303112,0.5308437087315002,19.413868698116552,0.23178429799671327,19.178517404440914
1979,05/15/2023 18:38:23.752811,2162,True,True,True,True,Eyes,1.447942,0.08032618,-3.703836,0.3364139,-0.1266826,0.9331545,0.0,0.0,0.0,0.0,0.0,0.0,0.0,-2.24936,0.2918725,3.261525,1.427096,0.0816288,-3.706627,0.06552378,0.1162054,-0.0235337,0.9907821,7.776492,13.25546,358.1836,0.3647957,0.020179,-0.9308685,0,0,0,1.696816,-0.04388918,-2.755847,0.0442124,0.01063212,0.9951987,0.971885,-0.0314051,-0.2333524,0.06186195,0.9903056,0.1243701,0.2271844,-0.1353091,0.964406,moving,19.82487,-7.731061,2.543733,0.6120911,2.704521900053442,0.5290114343582737,19.189733791183855,0.18098425683892191,18.957517172543625
1980,05/15/2023 18:38:23.763200,2163,True,True,True,True,Eyes,1.447329,0.08033042,-3.703665,0.3329446,-0.126855,0.9343745,0.0,0.0,0.0,0.0,0.0,0.0,0.0,-2.219028,0.2953913,3.281553,1.42637,0.08161545,-3.706581,0.06531974,0.1117512,-0.02269326,0.9913275,7.734246,12.74464,358.2423,0.3647185,0.02018056,-0.9308987,0,0,0,1.692132,-0.043936,-2.755827,0.04919565,0.00979254,0.9938856,0.9739934,-0.03039379,-0.2245286,0.05959201,0.9904367,0.1244345,0.2185994,-0.1345785,0.9664901,moving,19.61245,-7.731472,2.833731,0.5645047,2.6890748246929608,0.5270959055089404,18.717602428941156,0.14941494891655005,18.486620734855567
1981,05/15/2023 18:38:23.783021,2164,True,True,True,True,Eyes,1.446739,0.08033581,-3.703504,0.3295993,-0.127029,0.9355362,0.0,0.0,0.0,0.0,0.0,0.0,0.0,-2.20315,0.2980393,3.29183,1.425905,0.0815649,-3.706613,0.06547163,0.1094273,-0.02253792,0.9915802,7.745509,12.47606,358.2438,0.364637,0.02018226,-0.9309306,0,0,0,1.684532,-0.04401198,-2.755795,0.04683799,0.009657599,0.9921821,0.9750354,-0.03036753,-0.2199632,0.05902508,0.990411,0.1249082,0.2140608,-0.1347733,0.9674783,moving,19.4079,-7.73245,2.702758,0.5576821,2.674244114357092,0.5251676515854756,18.649076638686818,0.04324616780892391,18.42146983644517
1982,05/15/2023 18:38:23.792699,2165,True,True,True,True,Eyes,1.446127,0.08033809,-3.703341,0.3262438,-0.1272537,0.9366811,0.0,0.0,0.0,0.0,0.0,0.0,0.0,-2.202209,0.2986175,3.292412,1.42589,0.08153915,-3.706625,0.06564244,0.1092792,-0.022733,0.9915808,7.767182,12.45735,358.2224,0.3645522,0.02018411,-0.9309638,0,0,0,1.680553,-0.04405176,-2.755779,0.04327425,0.009812206,0.9913456,0.9750825,-0.0307365,-0.2197026,0.0594299,0.9903486,0.1252111,0.2137336,-0.135148,0.9674983,moving,19.20311,-7.736604,2.499491,0.5670874,2.6596362738771533,0.5227807567201423,18.65374435773137,0.16616132938778813,18.429588177072294
1983,05/15/2023 18:38:23.802608,2166,True,True,True,True,Eyes,1.44552,0.08034123,-3.703182,0.3228312,-0.1274678,0.9378337,0.0,0.0,0.0,0.0,0.0,0.0,0.0,-2.185918,0.3016542,3.302816,1.425483,0.08144855,-3.706641,0.06580066,0.1068944,-0.02249883,0.9918356,7.778099,12.18236,358.2323,0.3644639,0.02018603,-0.9309983,0,0,0,1.676338,-0.04409389,-2.755761,0.0442622,0.009938959,0.9903552,0.9761348,-0.03056283,-0.2150041,0.0586977,0.9903282,0.1257169,0.2090824,-0.1353368,0.9684879,moving,18.99504,-7.740057,2.559032,0.5749869,2.6447363819283574,0.520465963541224,18.41961764084671,0.10157644212150573,18.197313058493446
1984,05/15/2023 18:38:23.812935,2167,True,True,True,True,Eyes,1.444953,0.08034643,-3.703034,0.3193953,-0.1277096,0.9389765,0.0,0.0,0.0,0.0,0.0,0.0,0.0,-2.168801,0.3040173,3.313622,1.425049,0.08146858,-3.70659,0.06584706,0.1044036,-0.02220964,0.9921042,7.775495,11.89559,358.2464,0.3643725,0.02018802,-0.931034,0,0,0,1.672637,-0.04413088,-2.755746,0.04599741,0.009750646,0.989428,0.9772133,-0.0303192,-0.2100836,0.0578179,0.9903418,0.1260168,0.2042337,-0.1352918,0.9695281,moving,18.78587,-7.745235,2.661701,0.5646219,2.629886884375612,0.517893591695799,18.139529972935865,0.05653028170754501,17.918985913100723
1985,05/15/2023 18:38:23.832791,2168,True,True,True,True,Eyes,1.444391,0.08034744,-3.70289,0.3158985,-0.1279131,0.9401311,0.0,0.0,0.0,0.0,0.0,0.0,0.0,-2.151238,0.3052096,3.324758,1.424657,0.08155632,-3.706573,0.06576049,0.1018485,-0.02197051,0.9923809,7.758286,11.60107,358.2528,0.3642792,0.02019011,-0.9310704,0,0,0,1.6699,-0.04415825,-2.755734,0.04876021,0.009320688,0.9887264,0.9782883,-0.03021101,-0.2050346,0.05700144,0.9903857,0.1260436,0.1992554,-0.1349942,0.9706049,moving,18.57314,-7.748016,2.823322,0.5401092,2.6145965806845206,0.5156346709779848,17.79746572869292,0.21015542638550214,17.578651832156204
1986,05/15/2023 18:38:23.852663,2169,True,True,True,True,Eyes,1.443865,0.08035655,-3.702751,0.3123769,-0.1281521,0.9412745,0.0,0.0,0.0,0.0,0.0,0.0,0.0,-2.133422,0.3049098,3.33605,1.424262,0.08144951,-3.706552,0.06545105,0.09926695,-0.02176116,0.9926674,7.715981,11.30339,358.2531,0.3641841,0.0201922,-0.9311076,0,0,0,1.665261,-0.04420462,-2.755715,0.04971933,0.008530017,0.9876317,0.979345,-0.03020894,-0.1999266,0.05619743,0.9904853,0.1256219,0.1942295,-0.1342626,0.9717244,moving,18.35924,-7.753007,2.88195,0.4948421,2.5993882752690305,0.5130478420764818,17.537774103929802,0.2831476246192001,17.321552891613337
1987,05/15/2023 18:38:23.892645,2170,True,True,True,True,Eyes,1.443343,0.08036673,-3.702613,0.3087969,-0.128318,0.9424325,0.0,0.0,0.0,0.0,0.0,0.0,0.0,-2.114938,0.304724,3.347516,1.42386,0.08168602,-3.706432,0.06532875,0.09658954,-0.02179938,0.9929389,7.697681,10.99277,358.2264,0.3640883,0.02019447,-0.931145,0,0,0,1.660779,-0.04424943,-2.755697,0.05106321,0.007844198,0.9865185,0.9803905,-0.03067075,-0.1946632,0.05591103,0.9905139,0.1255237,0.1889668,-0.1339461,0.9728054,moving,18.14187,-7.753493,2.963044,0.4555718,2.583586189537342,0.5110782715167913,17.256462662691767,0.38349602123276155,17.042873373269348
1988,05/15/2023 18:38:23.912724,2171,True,True,True,True,Eyes,1.442828,0.08037186,-3.702477,0.3050202,-0.1285285,0.9436329,0.0,0.0,0.0,0.0,0.0,0.0,0.0,-2.09678,0.3015441,3.358935,1.423481,0.08170986,-3.70633,0.06458704,0.09398443,-0.02149236,0.993244,7.604907,10.69348,358.2336,0.3639918,0.02019692,-0.9311826,0,0,0,1.654504,-0.04431216,-2.75567,0.05045247,0.005943365,0.985102,0.98141,-0.03055397,-0.1894752,0.05483468,0.9907332,0.1242615,0.1839227,-0.1323413,0.9739909,moving,17.91293,-7.756299,2.931869,0.3456755,2.5671166212020475,0.5086740895112223,17.031564211321616,0.39951575440952614,16.822232845628072
1989,05/15/2023 18:38:23.932526,2172,True,True,True,True,Eyes,1.442353,0.08036469,-3.702348,0.3011916,-0.1288249,0.9448215,0.0,0.0,0.0,0.0,0.0,0.0,0.0,-2.061949,0.3031964,3.37977,1.422563,0.0816164,-3.70622,0.06435622,0.08900562,-0.02113021,0.9937252,7.565886,10.11964,358.2346,0.3638948,0.02019943,-0.9312204,0,0,0,1.651631,-0.04434087,-2.755658,0.0583472,0.005447861,0.9841089,0.9832631,-0.03053911,-0.1796138,0.05345136,0.9908236,0.1241434,0.1741744,-0.1316662,0.9758726,moving,17.68132,-7.764309,3.393059,0.3171766,2.550846336288754,0.5054985087123076,16.415383392023724,0.8630106095620371,16.20591626070478
1990,05/15/2023 18:38:23.942914,2173,True,True,True,True,Eyes,1.441877,0.0803586,-3.702222,0.2973088,-0.129133,0.9460085,0.0,0.0,0.0,0.0,0.0,0.0,0.0,-2.044028,0.3077806,3.389945,1.422129,0.08135605,-3.706135,0.06467132,0.08644441,-0.02081128,0.9939376,7.594229,9.82536,358.2547,0.3637983,0.02020164,-0.9312581,0,0,0,1.640406,-0.04445309,-2.755612,0.05272701,0.005601842,0.9819135,0.9841886,-0.03018928,-0.1745324,0.05255117,0.990769,0.1249605,0.1691489,-0.1321566,0.9766902,moving,17.44674,-7.773008,3.07373,0.3268704,2.534411782666728,0.502197929213804,16.498225557764886,0.5671012978716904,16.293254231215023
1991,05/15/2023 18:38:23.952786,2174,True,True,True,True,Eyes,1.441422,0.08034677,-3.702099,0.2934665,-0.1295221,0.9471544,0.0,0.0,0.0,0.0,0.0,0.0,0.0,-2.025569,0.3129015,3.400293,1.4217,0.08133602,-3.706073,0.06505444,0.08381322,-0.02041366,0.9941462,7.629639,9.523605,358.2838,0.3637021,0.02020364,-0.9312956,0,0,0,1.636592,-0.04449122,-2.755596,0.05451149,0.006099049,0.981025,0.9851172,-0.02968348,-0.1693012,0.05149316,0.9907024,0.1259254,0.1639892,-0.1327691,0.9774866,moving,17.21508,-7.78682,3.180418,0.3562042,2.518576946159374,0.4981878858909705,16.225923103972534,0.6768995107163664,16.02223614230609
1992,05/15/2023 18:38:23.972598,2175,True,True,True,True,Eyes,1.440983,0.08033591,-3.701982,0.2897694,-0.1299258,0.9482368,0.0,0.0,0.0,0.0,0.0,0.0,0.0,-2.006999,0.3164102,3.410734,1.421263,0.08125973,-3.706033,0.06528907,0.08117196,-0.02019163,0.9943544,7.649861,9.219477,358.2911,0.3636066,0.02020527,-0.9313329,0,0,0,1.63194,-0.04453772,-2.755576,0.05551085,0.006362818,0.9800286,0.9860068,-0.02955599,-0.1640639,0.05075455,0.9906593,0.126563,0.1587907,-0.1331189,0.9782969,moving,16.9925,-7.801989,3.241887,0.3719866,2.503506429146648,0.4940621314383518,15.996663245351023,0.7484038367016023,15.794575260893057
1993,05/15/2023 18:38:23.982978,2176,True,True,True,True,Eyes,1.440556,0.08032754,-3.701864,0.2861014,-0.1303968,0.9492853,0.0,0.0,0.0,0.0,0.0,0.0,0.0,-2.006918,0.3184543,3.410581,1.421224,0.08127975,-3.706037,0.06567262,0.08115301,-0.02039032,0.9943268,7.695568,9.215567,358.2716,0.3635121,0.02020661,-0.9313697,0,0,0,1.628612,-0.04457098,-2.755563,0.05230856,0.006945625,0.9795231,0.9859969,-0.02989021,-0.1640634,0.05120832,0.9905427,0.1272906,0.1587071,-0.1339095,0.9782027,moving,16.77208,-7.82138,3.05681,0.4062674,2.488912820828064,0.4893483505421672,15.993836716423822,0.5739422013185925,15.79454922563882
1994,05/15/2023 18:38:23.992798,2177,True,True,True,True,Eyes,1.440128,0.08031852,-3.701744,0.2823822,-0.1308639,0.9503341,0.0,0.0,0.0,0.0,0.0,0.0,0.0,-1.988958,0.321082,3.420587,1.420802,0.08131886,-3.705965,0.06589534,0.0786019,-0.02035674,0.9945175,7.716313,8.920462,358.2576,0.3634187,0.02020774,-0.9314061,0,0,0,1.623272,-0.04462437,-2.75554,0.05245465,0.007078297,0.9784478,0.9868146,-0.03013127,-0.1590247,0.05084926,0.9904869,0.127868,0.153659,-0.1342683,0.9789591,moving,16.54879,-7.840491,3.068693,0.4144825,2.4740888970840538,0.4846497366520912,15.806884658752693,0.5987298892688321,15.609544754616998
1995,05/15/2023 18:38:24.005771,2178,True,True,True,True,Eyes,1.439697,0.0803094,-3.701624,0.2786136,-0.1313218,0.9513828,0.0,0.0,0.0,0.0,0.0,0.0,0.0,-1.970996,0.3237681,3.430342,1.42034,0.08133698,-3.705795,0.06608404,0.07606831,-0.02023543,0.9947045,7.732411,8.62812,358.2534,0.3633263,0.02020866,-0.9314421,0,0,0,1.61922,-0.04466487,-2.755523,0.05387399,0.007211819,0.977492,0.9876082,-0.03020276,-0.1540055,0.05031035,0.9904468,0.1283896,0.1486565,-0.1345467,0.9796931,moving,16.32273,-7.859022,3.154637,0.4227138,2.459019240696154,0.4800102881019452,15.555893452889507,0.6979734626815834,15.360156484556576
1996,05/15/2023 18:38:24.012944,2179,True,True,True,True,Eyes,1.439284,0.08030225,-3.701508,0.2750798,-0.131798,0.9523447,0.0,0.0,0.0,0.0,0.0,0.0,0.0,-1.952922,0.3266269,3.440117,1.41989,0.08132267,-3.70571,0.06625244,0.0735243,-0.02003196,0.9948888,7.74551,8.335267,358.2583,0.3632347,0.0202094,-0.9314778,0,0,0,1.616166,-0.0446954,-2.755511,0.05625752,0.007387377,0.9767621,0.9883858,-0.03011682,-0.1489514,0.04960148,0.9904187,0.128882,0.1436428,-0.1347733,0.9804095,moving,16.11108,-7.879295,3.296362,0.4333271,2.445131415735214,0.4752463670968594,15.274707316244474,0.8522621266615724,15.079983029970197
1997,05/15/2023 18:38:24.032798,2180,True,True,True,True,Eyes,1.438868,0.08029003,-3.701391,0.2714935,-0.1322457,0.9533113,0.0,0.0,0.0,0.0,0.0,0.0,0.0,-1.953101,0.3259554,3.440048,1.419881,0.08137131,-3.705685,0.06612442,0.07355738,-0.01994066,0.9948967,7.730141,8.339881,358.268,0.3631442,0.02021002,-0.9315131,0,0,0,1.613849,-0.04471856,-2.755501,0.053913,0.006927125,0.9764302,0.9883834,-0.02994993,-0.1490011,0.04940568,0.9904599,0.1286404,0.1437269,-0.1345075,0.9804339,moving,15.89642,-7.897808,3.160342,0.4064687,2.4308910686525467,0.4707091365165741,15.204232776837078,0.7322741938150675,15.012800479830494
1998,05/15/2023 18:38:24.052637,2181,True,True,True,True,Eyes,1.438482,0.08027954,-3.701275,0.2679478,-0.1327212,0.954248,0.0,0.0,0.0,0.0,0.0,0.0,0.0,-1.935111,0.3283401,3.449676,1.419444,0.08123302,-3.705578,0.0660832,0.07104251,-0.01946006,0.9950917,7.717142,8.052728,358.3033,0.3630548,0.0202104,-0.9315479,0,0,0,1.610937,-0.04474768,-2.755489,0.05633673,0.006756421,0.9756989,0.9891486,-0.02933966,-0.1439596,0.04811852,0.9905087,0.1287527,0.1388157,-0.1342826,0.981172,moving,15.68446,-7.918161,3.304582,0.3967496,2.416986709604722,0.4659310064256592,14.913051920411071,0.8902872943757592,14.722933441297947
1999,05/15/2023 18:38:24.063092,2182,True,True,True,True,Eyes,1.438093,0.08026949,-3.701155,0.2643513,-0.1331723,0.9551877,0.0,0.0,0.0,0.0,0.0,0.0,0.0,-1.917506,0.3318791,3.458841,1.419023,0.08129311,-3.705445,0.06629851,0.06858033,-0.01911243,0.9952568,7.734885,7.770531,358.3258,0.3629667,0.0202106,-0.9315823,0,0,0,1.606293,-0.04479409,-2.75547,0.0569334,0.006816324,0.9747477,0.9898629,-0.02895001,-0.1390444,0.04713711,0.9904785,0.1293466,0.1339758,-0.1345896,0.9818026,moving,15.4696,-7.937017,3.342754,0.4006578,2.4027577473610062,0.4613427223983153,14.716562607425386,0.9419530852339941,14.52842422615053
2000,05/15/2023 18:38:24.082575,2183,True,True,True,True,Eyes,1.437725,0.08025577,-3.701037,0.2607575,-0.1336426,0.9561094,0.0,0.0,0.0,0.0,0.0,0.0,0.0,-1.899722,0.3336116,3.468116,1.418598,0.08129311,-3.705272,0.06628473,0.06610185,-0.01882813,0.9954308,7.726984,7.486153,358.3391,0.36288,0.02021066,-0.9316161,0,0,0,1.601548,-0.04484153,-2.75545,0.05747661,0.006501772,0.9737526,0.9905521,-0.02872111,-0.1340957,0.04624726,0.9905037,0.1294746,0.1291036,-0.1344529,0.9824739,moving,15.25514,-7.957108,3.378015,0.3825597,2.388651395508297,0.456580405472305,14.512620563221803,0.9921287248797066,14.32669130145066
2001,05/15/2023 18:38:24.102882,2184,True,True,True,True,Eyes,1.437334,0.08024447,-3.700903,0.2569214,-0.134111,0.9570818,0.0,0.0,0.0,0.0,0.0,0.0,0.0,-1.881824,0.3377636,3.477171,1.418166,0.08121681,-3.705168,0.06658554,0.06360841,-0.01851887,0.995579,7.75505,7.200073,358.3574,0.3627949,0.02021049,-0.9316492,0,0,0,1.597196,-0.04488504,-2.755432,0.05840996,0.006901812,0.9728795,0.9912221,-0.02840321,-0.1291205,0.04534479,0.9904468,0.1302264,0.1241882,-0.1349382,0.9830407,moving,15.02637,-7.976631,3.435812,0.4064615,2.373459346400886,0.4517746748714626,14.304449469130933,1.06331859968027,14.120474372492808
2002,05/15/2023 18:38:24.112763,2185,True,True,True,True,Eyes,1.436962,0.08022042,-3.700775,0.2530938,-0.134588,0.9580342,0.0,0.0,0.0,0.0,0.0,0.0,0.0,-1.845719,0.3432593,3.495155,1.417299,0.08126163,-3.704764,0.06687316,0.05860344,-0.01799262,0.9958765,7.776181,6.625434,358.3807,0.362711,0.02021019,-0.9316819,0,0,0,1.592793,-0.04492905,-2.755414,0.06461185,0.007129822,0.9714745,0.9924838,-0.02799886,-0.1191299,0.04367484,0.9904085,0.131086,0.1143171,-0.1353037,0.9841872,moving,14.79833,-7.996778,3.805084,0.4204962,2.358367713344614,0.4468856254042981,13.84564778457482,1.4469569502397497,13.661848390304614
2003,05/15/2023 18:38:24.132553,2186,True,True,True,True,Eyes,1.43659,0.08020332,-3.700642,0.2492149,-0.1350743,0.9589822,0.0,0.0,0.0,0.0,0.0,0.0,0.0,-1.827162,0.347655,3.504257,1.416843,0.08095455,-3.704754,0.06709448,0.05604321,-0.01750373,0.9960177,7.794271,6.333206,358.4183,0.3626283,0.02020944,-0.9317141,0,0,0,1.588173,-0.04497523,-2.755394,0.06537566,0.007567074,0.9706513,0.9931056,-0.02734767,-0.1139889,0.04238842,0.9903839,0.1316927,0.1092913,-0.1356165,0.984715,moving,14.56748,-8.017468,3.853187,0.4466616,2.343112420939498,0.4418939627596923,13.654214161768708,1.5100821052809044,13.472549827014982
2004,05/15/2023 18:38:24.152847,2187,True,True,True,True,Eyes,1.436241,0.08018645,-3.700506,0.2451627,-0.1354827,0.9599686,0.0,0.0,0.0,0.0,0.0,0.0,0.0,-1.808494,0.3515001,3.513211,1.416508,0.08111286,-3.704563,0.06748283,0.05344653,-0.01740606,0.9961358,7.834073,6.033608,358.4114,0.362547,0.02020847,-0.9317458,0,0,0,1.583523,-0.04502172,-2.755375,0.0661245,0.00793311,0.9697036,0.9936811,-0.02746416,-0.1088291,0.04189104,0.9902862,0.1325835,0.1041306,-0.1363047,0.9851791,moving,14.32632,-8.033237,3.900985,0.4687243,2.326733462680121,0.437519579295784,13.452544584907447,1.574560776009688,13.27348443691967
2005,05/15/2023 18:38:24.162822,2188,True,True,True,True,Eyes,1.435889,0.08017056,-3.700371,0.2410762,-0.1359044,0.9609434,0.0,0.0,0.0,0.0,0.0,0.0,0.0,-1.79104,0.3511366,3.521818,1.416147,0.08112431,-3.704359,0.06730737,0.05103731,-0.01737496,0.9962747,7.809901,5.755619,358.3949,0.3624673,0.0202073,-0.9317769,0,0,0,1.579056,-0.04506638,-2.755356,0.06673571,0.007378515,0.9687927,0.9941866,-0.02775008,-0.1040332,0.04149082,0.9903357,0.1323397,0.09935537,-0.1358868,0.9857299,moving,14.08339,-8.049849,3.94062,0.4363674,2.310289329443752,0.4330085473713065,13.22466075408095,1.6303341305534174,13.048779413865146
2006,05/15/2023 18:38:24.182594,2189,True,True,True,True,Eyes,1.435555,0.08015568,-3.700231,0.2368755,-0.1362253,0.9619421,0.0,0.0,0.0,0.0,0.0,0.0,0.0,-1.773317,0.3538834,3.530271,1.415759,0.08114147,-3.704287,0.06767976,0.04857987,-0.01761927,0.9963679,7.849981,5.469456,358.3494,0.3623889,0.02020598,-0.9318073,0,0,0,1.574437,-0.04511254,-2.755337,0.06730479,0.007954534,0.968004,0.9946591,-0.02853481,-0.09919184,0.04168632,0.990218,0.133156,0.09442201,-0.1365798,0.986119,moving,13.83369,-8.06034,3.977343,0.4708151,2.2928886604807066,0.4293182300498144,13.035650483373088,1.6849654038409931,12.862779252843936
2007,05/15/2023 18:38:24.206381,2190,True,True,True,True,Eyes,1.435221,0.08013556,-3.700089,0.2326524,-0.1365407,0.9629275,0.0,0.0,0.0,0.0,0.0,0.0,0.0,-1.755889,0.3547159,3.538536,1.415479,0.08117199,-3.704057,0.0676802,0.04617089,-0.01760289,0.9964827,7.845933,5.191295,358.3322,0.3623123,0.02020454,-0.9318371,0,0,0,1.569724,-0.04515966,-2.755317,0.0675731,0.007706098,0.9670728,0.9951168,-0.02883223,-0.09439971,0.04133166,0.9902191,0.1332588,0.08963427,-0.1365098,0.9865753,moving,13.5829,-8.070594,3.99698,0.4565505,2.2753906316498904,0.4256524549153213,12.829733261852338,1.721866615741819,12.660457769457052
2008,05/15/2023 18:38:24.232747,2191,True,True,True,True,Eyes,1.434872,0.08011632,-3.699944,0.2284563,-0.136784,0.9638972,0.0,0.0,0.0,0.0,0.0,0.0,0.0,-1.738456,0.3567551,3.546659,1.415166,0.08103085,-3.703921,0.0678019,0.0437687,-0.01753974,0.996584,7.855544,4.914197,358.321,0.3622373,0.02020287,-0.9318663,0,0,0,1.565433,-0.04520255,-2.7553,0.06825015,0.007891152,0.9662704,0.9955534,-0.02902444,-0.08961693,0.04089486,0.9901906,0.1336052,0.08486009,-0.136676,0.9869745,moving,13.33381,-8.076756,4.040238,0.4679018,2.25770679490971,0.4225897535322607,12.624644844045509,1.7831070295065685,12.45879080585675
2009,05/15/2023 18:38:24.242997,2192,True,True,True,True,Eyes,1.434524,0.08009714,-3.6998,0.2242572,-0.1370245,0.9648487,0.0,0.0,0.0,0.0,0.0,0.0,0.0,-1.721966,0.3587842,3.554232,1.41486,0.08101845,-3.70379,0.06794676,0.04150292,-0.01747656,0.9966721,7.868037,4.652849,358.311,0.3621634,0.02020101,-0.9318951,0,0,0,1.560809,-0.04524878,-2.75528,0.06832042,0.007974345,0.9654968,0.9959441,-0.02919683,-0.08510456,0.0404768,0.9901556,0.1339906,0.08035472,-0.1368919,0.9873216,moving,13.08478,-8.082898,4.047614,0.4732133,2.24002581653758,0.4195304514790892,12.444975286819323,1.8083851606387096,12.282840858320048
2010,05/15/2023 18:38:24.272659,2193,True,True,True,True,Eyes,1.434154,0.08007655,-3.699653,0.2201268,-0.1372252,0.9657709,0.0,0.0,0.0,0.0,0.0,0.0,0.0,-1.706416,0.3601895,3.561387,1.414589,0.08100605,-3.703708,0.06805644,0.03936458,-0.01751856,0.9967507,7.877169,4.405436,358.2896,0.3620904,0.02019899,-0.9319235,0,0,0,1.555833,-0.04529852,-2.75526,0.06776506,0.008000813,0.9647793,0.9962871,-0.02956524,-0.08085778,0.04028128,0.9901228,0.1342914,0.07608876,-0.1370498,0.9876375,moving,12.83999,-8.086951,4.017795,0.4751371,2.222495695480321,0.4168084944295926,12.293920336905824,1.7962465919345898,12.135769024397938
2011,05/15/2023 18:38:24.283104,2194,True,True,True,True,Eyes,1.433764,0.08005688,-3.6995,0.2159456,-0.1374361,0.9666845,0.0,0.0,0.0,0.0,0.0,0.0,0.0,-1.69126,0.3621979,3.568211,1.414388,0.08092976,-3.703598,0.06818683,0.03727964,-0.01742702,0.9968237,7.888157,4.165238,358.2841,0.362018,0.02019678,-0.9319517,0,0,0,1.550072,-0.04535611,-2.755236,0.06623185,0.008057948,0.9640009,0.9966131,-0.02965936,-0.07669903,0.03982727,0.9900937,0.1346411,0.07194591,-0.1372398,0.9879217,moving,12.59244,-8.091667,3.93034,0.4789162,2.204814639894767,0.4139671114257597,12.185518979433015,1.7267472752180384,12.031678797378806
2012,05/15/2023 18:38:24.306459,2195,True,True,True,True,Eyes,1.433373,0.08004038,-3.699348,0.211794,-0.1376518,0.9675719,0.0,0.0,0.0,0.0,0.0,0.0,0.0,-1.66293,0.3623783,3.581062,1.413838,0.08092785,-3.703401,0.06818854,0.03340334,-0.01779841,0.9969543,7.883007,3.714689,358.2105,0.3619455,0.02019445,-0.9319799,0,0,0,1.546896,-0.04538786,-2.755223,0.07113144,0.008054748,0.9631081,0.9971348,-0.03093295,-0.06903035,0.04004384,0.9900671,0.1347727,0.06417581,-0.1371508,0.9884691,moving,12.34687,-8.096862,4.223976,0.4791698,2.187314109256797,0.4110741774045978,11.812270246224779,2.0377999585391926,11.660801454405131
2013,05/15/2023 18:38:24.312483,2196,True,True,True,True,Eyes,1.43298,0.08002476,-3.699203,0.2077153,-0.1378405,0.9684288,0.0,0.0,0.0,0.0,0.0,0.0,0.0,-1.650456,0.36335,3.586504,1.413482,0.08099747,-3.703315,0.0683596,0.03171036,-0.01805445,0.9969934,7.900496,3.516954,358.168,0.3618729,0.02019208,-0.9320081,0,0,0,1.538769,-0.0454691,-2.755189,0.06666684,0.008003607,0.962355,0.997337,-0.03166492,-0.06569858,0.04033575,0.990002,0.1351631,0.06076178,-0.1374531,0.9886428,moving,12.10578,-8.100736,3.962816,0.4765002,2.1700400455112807,0.40841028745353,11.826954110669678,1.7940685213178245,11.680699098148162
2014,05/15/2023 18:38:24.322959,2197,True,True,True,True,Eyes,1.432605,0.08000706,-3.699063,0.2038136,-0.1380184,0.9692322,0.0,0.0,0.0,0.0,0.0,0.0,0.0,-1.637247,0.3619033,3.592635,1.413214,0.08100605,-3.703355,0.06808734,0.02992019,-0.01808036,0.9970667,7.866025,3.31045,358.1499,0.3618003,0.0201897,-0.9320364,0,0,0,1.534704,-0.04550974,-2.755172,0.06633148,0.007330187,0.9619586,0.9975557,-0.03198029,-0.06212696,0.04012904,0.9900744,0.1346933,0.05720273,-0.1368572,0.9889378,moving,11.87534,-8.104415,3.944564,0.4365891,2.153527246379567,0.4058675042190922,11.65529746503249,1.7913002175142352,11.513079704705321
2015,05/15/2023 18:38:24.332872,2198,True,True,True,True,Eyes,1.432232,0.07999442,-3.698925,0.1999421,-0.1381928,0.9700133,0.0,0.0,0.0,0.0,0.0,0.0,0.0,-1.639591,0.361329,3.591622,1.413224,0.08092213,-3.703352,0.06799629,0.03024584,-0.01804158,0.9970639,7.856046,3.348479,358.1567,0.3617279,0.02018724,-0.9320645,0,0,0,1.530492,-0.04555184,-2.755154,0.06149033,0.00701312,0.9617676,0.9975194,-0.03186399,-0.06276763,0.04009041,0.990102,0.1345019,0.05786058,-0.1366846,0.9889234,moving,11.64686,-8.108077,3.65821,0.4177881,2.13715597790966,0.4033442941552136,11.683702517862136,1.5211225991498787,11.546526112991128
2016,05/15/2023 18:38:24.352829,2199,True,True,True,True,Eyes,1.431852,0.07998178,-3.698788,0.1961514,-0.1383254,0.9707682,0.0,0.0,0.0,0.0,0.0,0.0,0.0,-1.627996,0.3622544,3.596635,1.412939,0.08103466,-3.703299,0.0680684,0.02867952,-0.01805007,0.997105,7.861446,3.167492,358.1435,0.3616557,0.02018484,-0.9320926,0,0,0,1.527949,-0.04557727,-2.755144,0.06225115,0.006956413,0.9614227,0.9977033,-0.03209129,-0.05965029,0.03989997,0.9900818,0.1347073,0.05473572,-0.136778,0.9890884,moving,11.42326,-8.109522,3.704672,0.4145587,2.120972513986697,0.4011824221229507,11.499415310956316,1.5837559745139542,11.365711257454008
2017,05/15/2023 18:38:24.372720,2200,True,True,True,True,Eyes,1.431474,0.07996843,-3.698653,0.1923987,-0.1384447,0.9715018,0.0,0.0,0.0,0.0,0.0,0.0,0.0,-1.617747,0.3607758,3.601223,1.412663,0.08099747,-3.703228,0.06770138,0.02731481,-0.01781814,0.9971726,7.816061,3.012323,358.1584,0.3615836,0.0201825,-0.9321207,0,0,0,1.524557,-0.04561118,-2.75513,0.06175143,0.006110966,0.9610355,0.9978729,-0.03183701,-0.05688769,0.039234,0.9901981,0.1340465,0.05206245,-0.1359933,0.989341,moving,11.20205,-8.110379,3.676491,0.3643236,2.104918700152857,0.3991259613278055,11.333782352812664,1.5719576005735107,11.204064632098442
2018,05/15/2023 18:38:24.382807,2201,True,True,True,True,Eyes,1.431104,0.07995962,-3.698524,0.1886893,-0.1385603,0.9722126,0.0,0.0,0.0,0.0,0.0,0.0,0.0,-1.607052,0.3614979,3.605764,1.412374,0.08096313,-3.703171,0.06764273,0.02588567,-0.01760772,0.9972184,7.806079,2.84911,358.1713,0.3615115,0.02018019,-0.9321487,0,0,0,1.520011,-0.04565661,-2.755111,0.06022632,0.005812138,0.9606116,0.9980398,-0.03161553,-0.05400945,0.03861943,0.9902288,0.1339976,0.04924524,-0.1358207,0.9895089,moving,10.98355,-8.111204,3.58751,0.3466614,2.089059931233299,0.3970977845609347,11.235519338513782,1.4992986485268733,11.109801259626934
2019,05/15/2023 18:38:24.406825,2202,True,True,True,True,Eyes,1.430737,0.07994895,-3.698393,0.1850196,-0.1386351,0.9729071,0.0,0.0,0.0,0.0,0.0,0.0,0.0,-1.596462,0.3626766,3.610289,1.412193,0.08105373,-3.703182,0.06765258,0.02445787,-0.01737035,0.9972579,7.803946,2.686171,358.1875,0.3614396,0.02017802,-0.9321766,0,0,0,1.515165,-0.04570507,-2.75509,0.05828029,0.005510777,0.9602704,0.9982003,-0.03133617,-0.05113184,0.0379547,0.9902428,0.1340844,0.04643124,-0.1357838,0.98965,moving,10.76747,-8.109805,3.473109,0.3288041,2.0732091869319977,0.395410452846604,11.154273886763036,1.4014834615033294,11.032623087735606
2020,05/15/2023 18:38:24.413046,2203,True,True,True,True,Eyes,1.430366,0.0799368,-3.698268,0.1813527,-0.138745,0.9735815,0.0,0.0,0.0,0.0,0.0,0.0,0.0,-1.586095,0.3608922,3.614833,1.411937,0.0809927,-3.703084,0.06723733,0.02308011,-0.01712283,0.9973231,7.753129,2.529717,358.2043,0.3613681,0.02017592,-0.9322045,0,0,0,1.510853,-0.04574817,-2.755073,0.05686188,0.004558094,0.9598535,0.9983482,-0.0310503,-0.04833928,0.03725769,0.9903719,0.1333243,0.04373413,-0.1349051,0.989893,moving,10.55177,-8.110604,3.390249,0.2720807,2.0575524749361014,0.3934104841770012,11.025279398412318,1.3382081095426928,10.907636185366265
2021,05/15/2023 18:38:24.432833,2204,True,True,True,True,Eyes,1.429996,0.07992483,-3.698145,0.1777133,-0.1388426,0.9742385,0.0,0.0,0.0,0.0,0.0,0.0,0.0,-1.575271,0.3629965,3.619272,1.411642,0.08093643,-3.70312,0.06742897,0.0216296,-0.01707026,0.9973435,7.772391,2.362454,358.1994,0.3612965,0.02017386,-0.9322323,0,0,0,1.506311,-0.04579356,-2.755054,0.05538535,0.004810579,0.9595631,0.9984816,-0.03113291,-0.04544622,0.03696675,0.9903238,0.1337612,0.04084209,-0.1352381,0.989971,moving,10.33781,-8.110835,3.30341,0.2872386,2.0419795637661022,0.391507371098917,10.954926907607232,1.2657324844072384,10.840982046522237
2022,05/15/2023 18:38:24.452589,2205,True,True,True,True,Eyes,1.429622,0.0799088,-3.698029,0.1740516,-0.1389685,0.9748815,0.0,0.0,0.0,0.0,0.0,0.0,0.0,-1.5641,0.3630064,3.623939,1.41133,0.08092594,-3.703069,0.06735272,0.02013943,-0.01704776,0.9973804,7.760886,2.190783,358.1902,0.3612251,0.02017182,-0.93226,0,0,0,1.501714,-0.04583952,-2.755034,0.05396268,0.004497334,0.9592053,0.9986076,-0.0312933,-0.04246975,0.03671907,0.9903459,0.1336659,0.03787687,-0.1350392,0.9901161,moving,10.12271,-8.112805,3.219934,0.2686353,2.026455191866366,0.3893443173024395,10.85803195835415,1.1995675605493008,10.747865251405655
2023,05/15/2023 18:38:24.463214,2206,True,True,True,True,Eyes,1.42925,0.07989506,-3.697915,0.1703983,-0.1391115,0.9755062,0.0,0.0,0.0,0.0,0.0,0.0,0.0,-1.5515,0.3653941,3.629077,1.411065,0.08080673,-3.703138,0.0675503,0.01844493,-0.01696232,0.9974012,7.780317,1.99561,358.1871,0.3611536,0.02016971,-0.9322878,0,0,0,1.497223,-0.04588442,-2.755016,0.05296272,0.00483425,0.958947,0.9987441,-0.03134456,-0.03908573,0.03632841,0.9902984,0.1341238,0.03450251,-0.1353752,0.9901935,moving,9.908277,-8.115911,3.161239,0.2888374,2.0110653933017653,0.3870237951047039,10.777862378076025,1.1543569178243283,10.671223637043443
2024,05/15/2023 18:38:24.482936,2207,True,True,True,True,Eyes,1.428877,0.07988628,-3.697802,0.1666988,-0.1392452,0.9761261,0.0,0.0,0.0,0.0,0.0,0.0,0.0,-1.538626,0.3683636,3.634134,1.410773,0.08085346,-3.703131,0.06785806,0.01671791,-0.01689742,0.9974119,7.81239,1.796344,358.1815,0.361082,0.02016759,-0.9323155,0,0,0,1.492674,-0.04592989,-2.754997,0.05200115,0.005211048,0.9586489,0.99887,-0.03143849,-0.03564253,0.03597626,0.9902195,0.1347999,0.03105605,-0.1359298,0.9902316,moving,9.691249,-8.118518,3.104921,0.3114468,1.9954487436589128,0.3847523240794335,10.697851328786685,1.1118913559566617,10.59477602218026
2025,05/15/2023 18:38:24.502645,2208,True,True,True,True,Eyes,1.428504,0.07987286,-3.69769,0.1630011,-0.1393923,0.9767295,0.0,0.0,0.0,0.0,0.0,0.0,0.0,-1.52568,0.3680637,3.639462,1.410515,0.08095837,-3.703073,0.06772779,0.01498663,-0.01683023,0.9974494,7.794156,1.597303,358.1755,0.3610104,0.02016558,-0.9323432,0,0,0,1.487976,-0.04597685,-2.754977,0.05088106,0.004678182,0.9583238,0.9989843,-0.03154458,-0.03217643,0.0356046,0.9902594,0.1346056,0.02761701,-0.1356145,0.9903768,moving,9.474473,-8.122028,3.039197,0.2796946,1.9799187946996213,0.3823532510228973,10.583086498915463,1.0642410980855008,10.483712367905929
2026,05/15/2023 18:38:24.513066,2209,True,True,True,True,Eyes,1.428134,0.07986169,-3.697583,0.1592357,-0.1395305,0.9773307,0.0,0.0,0.0,0.0,0.0,0.0,0.0,-1.511927,0.371117,3.644707,1.410181,0.08083725,-3.703026,0.06799567,0.01315224,-0.01670317,0.9974592,7.821373,1.386189,358.176,0.3609387,0.02016355,-0.932371,0,0,0,1.483625,-0.04602035,-2.754959,0.05034935,0.005150437,0.957996,0.9990961,-0.03153286,-0.02850902,0.03511002,0.9901952,0.1352064,0.02396604,-0.1360852,0.9904073,moving,9.253844,-8.125038,3.008524,0.3080342,1.9640702536502856,0.3799923785729302,10.49384241509338,1.0469296097290817,10.398002268551876
2027,05/15/2023 18:38:24.532744,2210,True,True,True,True,Eyes,1.427767,0.07985448,-3.697477,0.1554675,-0.1396441,0.9779209,0.0,0.0,0.0,0.0,0.0,0.0,0.0,-1.496942,0.3716395,3.650772,1.409893,0.08087635,-3.703073,0.06786355,0.01115918,-0.01640097,0.9974974,7.802192,1.15881,358.1951,0.3608669,0.02016156,-0.9323989,0,0,0,1.47911,-0.04606548,-2.75494,0.0499059,0.004682958,0.9577827,0.999213,-0.03120525,-0.02448859,0.03423445,0.9902511,0.1350214,0.02003652,-0.1357535,0.99054,moving,9.033151,-8.126723,2.982737,0.2801383,1.948116774017156,0.3778214128143311,10.35774234516546,1.0392213443448364,10.265571251480635
2028,05/15/2023 18:38:24.552496,2211,True,True,True,True,Eyes,1.427425,0.07984778,-3.69737,0.151663,-0.1397438,0.978504,0.0,0.0,0.0,0.0,0.0,0.0,0.0,-1.482359,0.3713377,3.656587,1.409628,0.08095837,-3.703012,0.06766081,0.009219974,-0.01617428,0.9975348,7.775172,0.9371788,358.2058,0.3607952,0.02015971,-0.9324266,0,0,0,1.474475,-0.04611182,-2.754921,0.04922852,0.004031107,0.9574915,0.9993068,-0.03102116,-0.02058315,0.03351647,0.9903208,0.1346898,0.0162057,-0.1352863,0.9906741,moving,8.810439,-8.127667,2.943217,0.2412179,1.9319600996705817,0.3757393191921387,10.220691193198824,1.0201649526842855,10.132255456261666
2029,05/15/2023 18:38:24.572787,2212,True,True,True,True,Eyes,1.427083,0.07984108,-3.697267,0.1478513,-0.1398124,0.9790773,0.0,0.0,0.0,0.0,0.0,0.0,0.0,-1.468171,0.371562,3.662051,1.409236,0.08098888,-3.702931,0.06754903,0.00735116,-0.0160041,0.9975606,7.75884,0.7230842,358.2108,0.3607241,0.02015799,-0.9324542,0,0,0,1.46997,-0.04615685,-2.754902,0.04867625,0.00362014,0.9571989,0.9993796,-0.03093699,-0.01682848,0.03292324,0.990362,0.1345332,0.01250425,-0.1350038,0.9907662,moving,8.5874,-8.126904,2.911144,0.2166924,1.9156504134830263,0.3738997454811295,10.091356849484065,1.0078301594364254,10.00661530684087
2030,05/15/2023 18:38:24.583100,2213,True,True,True,True,Eyes,1.426741,0.07983343,-3.697166,0.1440813,-0.1398937,0.9796276,0.0,0.0,0.0,0.0,0.0,0.0,0.0,-1.453041,0.3701324,3.668106,1.408918,0.08097744,-3.702935,0.06723493,0.005347103,-0.01592129,0.9975959,7.719117,0.4930673,358.2046,0.3606534,0.02015638,-0.9324815,0,0,0,1.4654,-0.04620253,-2.754883,0.04825544,0.00288517,0.9569891,0.9994358,-0.031047,-0.01280946,0.03248504,0.9904519,0.1339763,0.008527517,-0.1343168,0.9909017,moving,8.36694,-8.12706,2.886651,0.1727372,1.8995981978541487,0.3719506066305547,9.945863516289013,1.0069554188767882,9.864755963250314
2031,05/15/2023 18:38:24.602743,2214,True,True,True,True,Eyes,1.426398,0.07983074,-3.697064,0.1402953,-0.1399414,0.9801701,0.0,0.0,0.0,0.0,0.0,0.0,0.0,-1.437913,0.3703357,3.673921,1.408589,0.08094501,-3.702939,0.06713001,0.00334534,-0.01581069,0.9976134,7.703421,0.2631847,358.2018,0.3605832,0.02015485,-0.9325087,0,0,0,1.460396,-0.04625256,-2.754863,0.04739445,0.002554111,0.9567954,0.9994777,-0.03109678,-0.00879743,0.03199506,0.9904872,0.1338338,0.004551917,-0.1340454,0.9909647,moving,8.145625,-8.125356,2.835804,0.1529475,1.8833429182328645,0.3702613666604017,9.834861864314783,0.9769377815009085,9.75737632166721
2032,05/15/2023 18:38:24.612760,2215,True,True,True,True,Eyes,1.426073,0.07982824,-3.696969,0.1364605,-0.1399748,0.9807067,0.0,0.0,0.0,0.0,0.0,0.0,0.0,-1.422096,0.3681627,3.680081,1.408267,0.08106041,-3.702852,0.06677087,0.001253277,-0.01582884,0.9976419,7.658394,0.02236335,358.1835,0.3605132,0.02015352,-0.9325358,0,0,0,1.456429,-0.04629222,-2.754846,0.04776457,0.001638748,0.9565403,0.9994957,-0.03141567,-0.004614316,0.03175039,0.9905822,0.1331871,0.0003867447,-0.1332665,0.9910802,moving,7.921563,-8.122881,2.858674,0.09815921,1.8668291271243584,0.3686589488956409,9.654964896920022,1.028069239201479,9.581111214417172
2033,05/15/2023 18:38:24.642684,2216,True,True,True,True,Eyes,1.425748,0.079829,-3.696874,0.1325991,-0.1399717,0.9812366,0.0,0.0,0.0,0.0,0.0,0.0,0.0,-1.405033,0.367454,3.686693,1.407933,0.08108044,-3.702971,0.06652602,-0.0009993017,-0.0156843,0.9976609,7.626191,359.7641,358.1829,0.360444,0.02015236,-0.9325625,0,0,0,1.451816,-0.04633832,-2.754827,0.04777867,0.001026504,0.9564803,0.999506,-0.03142819,-9.294599e-05,0.03116227,0.9906566,0.1327722,-0.004080713,-0.1327095,0.9911466,moving,7.696024,-8.118376,2.859696,0.06149035,1.850054083925877,0.3673354311808148,9.502646053991821,1.054949293746541,9.432431730711816
2034,05/15/2023 18:38:24.652743,2217,True,True,True,True,Eyes,1.425431,0.07983702,-3.69678,0.1286794,-0.1399305,0.9817642,0.0,0.0,0.0,0.0,0.0,0.0,0.0,-1.387919,0.3649043,3.693263,1.407611,0.08115578,-3.702933,0.06610661,-0.003258765,-0.0157074,0.9976837,7.573884,359.5041,358.1632,0.3603753,0.02015144,-0.9325891,0,0,0,1.447254,-0.04638394,-2.754808,0.04787096,2.478063e-05,0.9562882,0.9994854,-0.03177288,0.004425764,0.03091117,0.9907664,0.1320093,-0.008579195,-0.1318046,0.9912386,moving,7.467165,-8.111711,2.865785,0.001484726,1.8328736584214007,0.3662933938161705,9.32719908615575,1.0954411000485196,9.260689695288352
2035,05/15/2023 18:38:24.692496,2218,True,True,True,True,Eyes,1.425111,0.07984556,-3.696687,0.1247386,-0.1398555,0.9822834,0.0,0.0,0.0,0.0,0.0,0.0,0.0,-1.370398,0.3602872,3.700117,1.40731,0.0813427,-3.702907,0.0654804,-0.005573481,-0.01588848,0.9977119,7.497562,359.237,358.1253,0.3603074,0.02015092,-0.9326153,0,0,0,1.442712,-0.04642934,-2.754789,0.04809734,-0.001465298,0.9561337,0.999433,-0.03243415,0.009040639,0.03097432,0.9909198,0.1308382,-0.01320216,-0.130484,0.9913626,moving,7.237165,-8.103195,2.879779,-0.08780712,1.815470010384572,0.3655074620982963,9.123226162923228,1.1568265797945543,9.060439007795422
2036,05/15/2023 18:38:24.712931,2219,True,True,True,True,Eyes,1.424804,0.07986318,-3.696591,0.120769,-0.139724,0.9827981,0.0,0.0,0.0,0.0,0.0,0.0,0.0,-1.353404,0.3578753,3.706437,1.406961,0.08135891,-3.702877,0.06506199,-0.007804364,-0.01587841,0.9977245,7.445324,358.9807,358.1101,0.36024,0.02015076,-0.9326414,0,0,0,1.43718,-0.04648464,-2.754766,0.04718751,-0.002444394,0.9560016,0.999374,-0.0327001,0.01350716,0.03066901,0.9910296,0.1300757,-0.01763949,-0.12958,0.9914121,moving,7.005547,-8.091492,2.825783,-0.1464989,1.7977072751319083,0.3651655145249031,8.977379487063228,1.1483641274239473,8.918276370120697
2037,05/15/2023 18:38:24.732727,2220,True,True,True,True,Eyes,1.42451,0.07988032,-3.696499,0.1165187,-0.139527,0.983339,0.0,0.0,0.0,0.0,0.0,0.0,0.0,-1.333264,0.3482596,3.714453,1.406703,0.08155918,-3.70278,0.06373312,-0.01045465,-0.01600657,0.997784,7.287549,358.6769,358.0776,0.3601734,0.02015117,-0.9326671,0,0,0,1.433598,-0.04652045,-2.754751,0.04898089,-0.005259514,0.9557505,0.999269,-0.03327482,0.01882266,0.03060958,0.9913638,0.1275185,-0.02290323,-0.1268491,0.9916576,moving,6.757634,-8.075848,2.933763,-0.3152966,1.7784589372518549,0.3652476671348419,8.651482384925892,1.3408459929956418,8.59643086323198
2038,05/15/2023 18:38:24.742816,2221,True,True,True,True,Eyes,1.424211,0.07989629,-3.69641,0.112251,-0.1392958,0.9838681,0.0,0.0,0.0,0.0,0.0,0.0,0.0,-1.315225,0.3431008,3.721268,1.406298,0.08161736,-3.702842,0.06300619,-0.01280943,-0.01616072,0.9978001,7.199303,358.4059,358.0439,0.3601077,0.02015207,-0.9326925,0,0,0,1.423496,-0.04662143,-2.754709,0.0438318,-0.00702057,0.9558896,0.9991494,-0.03386447,0.02352604,0.03063617,0.9915381,0.1261492,-0.02759895,-0.1253211,0.9917322,moving,6.508818,-8.058362,2.625428,-0.4208036,1.7590054000436923,0.3655867116654108,8.56813960002465,1.1700845456616669,8.516781594968045
2039,05/15/2023 18:38:24.752780,2222,True,True,True,True,Eyes,1.423926,0.0799073,-3.696326,0.1078065,-0.1390866,0.9843946,0.0,0.0,0.0,0.0,0.0,0.0,0.0,-1.297248,0.3401594,3.727735,1.40594,0.08159733,-3.702869,0.06250816,-0.01515731,-0.0161455,0.9977989,7.137543,358.1365,358.0297,0.3600429,0.02015338,-0.9327175,0,0,0,1.417348,-0.04668289,-2.754683,0.04253915,-0.008124426,0.9559115,0.9990192,-0.03411484,0.02822937,0.03032502,0.9916641,0.1252306,-0.03226629,-0.1242517,0.991726,moving,6.249874,-8.042173,2.548047,-0.4869532,1.7389120328993148,0.3656508012779205,8.413374433854768,1.1754288485400326,8.365801514760268
2040,05/15/2023 18:38:24.762925,2223,True,True,True,True,Eyes,1.42362,0.07991749,-3.696245,0.1031735,-0.1388269,0.9849275,0.0,0.0,0.0,0.0,0.0,0.0,0.0,-1.279229,0.3398501,3.733995,1.405661,0.08150864,-3.702988,0.06233642,-0.01752114,-0.01608088,0.9977719,7.113284,357.8649,358.0206,0.3599789,0.02015493,-0.9327421,0,0,0,1.414094,-0.04671542,-2.75467,0.04407489,-0.008408554,0.955932,0.9988688,-0.03427451,0.03295929,0.02990568,0.9917111,0.1249586,-0.03696904,-0.1238315,0.9916144,moving,5.980061,-8.023068,2.639851,-0.5039712,1.7178060049850967,0.366039070060735,8.227625388401579,1.2677085007379205,8.184038653348903
2041,05/15/2023 18:38:24.782782,2224,True,True,True,True,Eyes,1.423334,0.07992968,-3.696166,0.09842466,-0.1386068,0.9854444,0.0,0.0,0.0,0.0,0.0,0.0,0.0,-1.243662,0.3363294,3.746133,1.404928,0.08148956,-3.703089,0.06163118,-0.02214497,-0.01594613,0.9977258,7.023465,357.3346,358.0051,0.3599153,0.02015667,-0.9327666,0,0,0,1.410345,-0.04675289,-2.754654,0.04988581,-0.009735815,0.9557296,0.9985107,-0.03454937,0.04222365,0.02909008,0.9918946,0.1236883,-0.04615477,-0.1222758,0.9914224,moving,5.703698,-8.006367,2.987932,-0.5836399,1.6964046384729188,0.3660245249518354,7.903939686500044,1.6030924632073484,7.864685515120376
2042,05/15/2023 18:38:24.802907,2225,True,True,True,True,Eyes,1.423041,0.07993936,-3.696085,0.09368221,-0.138364,0.9859408,0.0,0.0,0.0,0.0,0.0,0.0,0.0,-1.225961,0.3369206,3.751798,1.404558,0.08158398,-3.703114,0.06165568,-0.02444929,-0.01600744,0.9976696,7.02147,357.0685,357.9817,0.3598524,0.02015864,-0.9327908,0,0,0,1.406299,-0.04679333,-2.754637,0.0506258,-0.009857163,0.9557352,0.998292,-0.03495513,0.0468108,0.02892539,0.9918847,0.1238067,-0.0507586,-0.1222412,0.9912016,moving,5.42784,-7.988551,3.032154,-0.5909103,1.674955686755323,0.3661746722527279,7.7758857589918655,1.660722404734217,7.7404644642822555
2043,05/15/2023 18:38:24.812810,2226,True,True,True,True,Eyes,1.422756,0.07994743,-3.696012,0.08891547,-0.1381544,0.9864114,0.0,0.0,0.0,0.0,0.0,0.0,0.0,-1.208212,0.335167,3.757516,1.404153,0.08153152,-3.703073,0.06129697,-0.02674282,-0.01592385,0.9976342,6.975921,356.8056,357.9763,0.3597901,0.02016074,-0.9328148,0,0,0,1.401975,-0.04683657,-2.754619,0.05108157,-0.01059314,0.9556799,0.9980625,-0.03505086,0.05140688,0.02849386,0.9919782,0.1231556,-0.05531117,-0.1214522,0.991055,moving,5.150741,-7.972846,3.059577,-0.6350634,1.6535760675751368,0.3660105219102054,7.629942356253995,1.7259743970025352,7.5982490566264085
2044,05/15/2023 18:38:24.832690,2227,True,True,True,True,Eyes,1.422468,0.07996402,-3.695937,0.08415584,-0.1379035,0.9868639,0.0,0.0,0.0,0.0,0.0,0.0,0.0,-1.189848,0.3347189,3.763425,1.403784,0.08150959,-3.703227,0.06103236,-0.02911255,-0.01560859,0.9975892,6.941831,356.5353,357.997,0.3597283,0.02016293,-0.9328386,0,0,0,1.397316,-0.04688314,-2.7546,0.05129382,-0.01117539,0.955857,0.9978178,-0.03469553,0.05617944,0.0275883,0.9920628,0.1226792,-0.05998999,-0.1208616,0.9908551,moving,4.874165,-7.954951,3.071697,-0.6698426,1.6320688194538966,0.3661657503243261,7.504778163994893,1.7736523335096468,7.476630888399026
2045,05/15/2023 18:38:24.852735,2228,True,True,True,True,Eyes,1.422187,0.07998788,-3.695862,0.07941443,-0.1376826,0.9872876,0.0,0.0,0.0,0.0,0.0,0.0,0.0,-1.171722,0.332125,3.769181,1.403441,0.08170891,-3.703193,0.06044715,-0.03144026,-0.01509012,0.9975621,6.871943,356.2721,358.0428,0.3596671,0.0201654,-0.9328622,0,0,0,1.392718,-0.0469291,-2.754581,0.05143774,-0.01261982,0.9558886,0.9975677,-0.0339076,0.06090286,0.0263057,0.9922369,0.1215484,-0.06455153,-0.1196507,0.9907153,moving,4.598798,-7.939005,3.080197,-0.7563853,1.6107971653260589,0.3660513800807894,7.341401416080521,1.8490538053097834,7.316675446717573
2046,05/15/2023 18:38:24.872694,2229,True,True,True,True,Eyes,1.421901,0.08001121,-3.695785,0.07468482,-0.1373982,0.9876963,0.0,0.0,0.0,0.0,0.0,0.0,0.0,-1.153597,0.3292689,3.774912,1.403126,0.08190918,-3.703201,0.05986197,-0.03377053,-0.01466494,0.9975275,6.801931,356.0078,358.0781,0.3596064,0.02016832,-0.9328855,0,0,0,1.388274,-0.04697353,-2.754562,0.05172771,-0.01404403,0.9559675,0.9972889,-0.03330052,0.06561828,0.02521423,0.992403,0.1204184,-0.06912974,-0.1184374,0.9905522,moving,4.324201,-7.919575,3.097273,-0.8416665,1.5893179510362017,0.3664445570892691,7.183463026393068,1.9322165396137057,7.162001899480644
2047,05/15/2023 18:38:24.883040,2230,True,True,True,True,Eyes,1.421605,0.08003499,-3.695713,0.07001273,-0.1371622,0.9880713,0.0,0.0,0.0,0.0,0.0,0.0,0.0,-1.135902,0.3245699,3.780466,1.402747,0.08189583,-3.703125,0.05898627,-0.036028,-0.01417127,0.9975078,6.699232,355.7531,358.1235,0.3595461,0.02017162,-0.9329087,0,0,0,1.383686,-0.04701939,-2.754543,0.05178359,-0.01582799,0.9559596,0.9970024,-0.03252223,0.07020456,0.02402161,0.9926395,0.1186997,-0.07354817,-0.1166574,0.9904453,moving,4.053089,-7.903184,3.100638,-0.9485697,1.5683226640956396,0.3664313413287818,7.01953153487934,2.0192122293962744,7.0011075810555115
2048,05/15/2023 18:38:24.902628,2231,True,True,True,True,Eyes,1.421304,0.08006246,-3.695637,0.06534394,-0.1368717,0.9884313,0.0,0.0,0.0,0.0,0.0,0.0,0.0,-1.11733,0.3222005,3.786138,1.402349,0.08191872,-3.703213,0.05845374,-0.03840156,-0.01376731,0.9974563,6.635507,355.4836,358.1565,0.3594859,0.02017529,-0.9329318,0,0,0,1.378873,-0.0470675,-2.754523,0.05187389,-0.01696559,0.9561486,0.9966716,-0.031954,0.0749983,0.02297513,0.9927872,0.1176675,-0.07821733,-0.1155527,0.990217,moving,3.782248,-7.88382,3.105421,-1.016531,1.5471221290548105,0.3668478566034014,6.9005617885393935,2.0837544078145074,6.884933969341161
2049,05/15/2023 18:38:24.912966,2232,True,True,True,True,Eyes,1.421029,0.08009329,-3.695561,0.06072892,-0.1366434,0.988757,0.0,0.0,0.0,0.0,0.0,0.0,0.0,-1.099345,0.3172076,3.791609,1.401999,0.08201981,-3.703128,0.0576811,-0.04070558,-0.01363698,0.9974117,6.543263,355.2208,358.16,0.3594258,0.02017936,-0.9329548,0,0,0,1.37465,-0.04710972,-2.754506,0.05240756,-0.01863205,0.956145,0.9963142,-0.03189924,0.0796273,0.02250746,0.9929738,0.1161738,-0.08277366,-0.1139534,0.990032,moving,3.514661,-7.868273,3.137318,-1.116361,1.5264475678843377,0.3667441243830232,6.762448032731418,2.1896356681045552,6.749452646040569
2050,05/15/2023 18:38:24.938492,2233,True,True,True,True,Eyes,1.420748,0.08012152,-3.695482,0.05611036,-0.1363329,0.9890728,0.0,0.0,0.0,0.0,0.0,0.0,0.0,-1.080548,0.3153944,3.797052,1.401672,0.08216476,-3.703136,0.05734833,-0.04312259,-0.01354667,0.9973306,6.501091,354.9437,358.1563,0.3593663,0.0201839,-0.9329777,0,0,0,1.370103,-0.04715517,-2.754487,0.05281746,-0.01949321,0.9562888,0.9959139,-0.03196703,0.0844611,0.022075,0.9930553,0.1155588,-0.08756861,-0.1132221,0.9897032,moving,3.246925,-7.848144,3.161332,-1.167768,1.5054153868198985,0.3672977430356239,6.680924312026368,2.257982875321992,6.67025516818502
2051,05/15/2023 18:38:24.954436,2234,True,True,True,True,Eyes,1.420465,0.08014897,-3.695405,0.0515657,-0.1361014,0.989352,0.0,0.0,0.0,0.0,0.0,0.0,0.0,-1.061955,0.3079966,3.802704,1.401282,0.08211136,-3.703084,0.05623016,-0.04548958,-0.01339756,0.9972911,6.369318,354.6746,358.1642,0.3593072,0.02018879,-0.9330003,0,0,0,1.365506,-0.04720113,-2.754467,0.05314204,-0.02167131,0.9563373,0.9955025,-0.03183831,0.08922595,0.02160676,0.9933174,0.1133746,-0.09223932,-0.1109368,0.9895378,moving,2.983595,-7.832798,3.180558,-1.298142,1.4850662274412798,0.3672023216080768,6.537623686149654,2.3765656019404506,6.529119250628807
2052,05/15/2023 18:38:24.962818,2235,True,True,True,True,Eyes,1.420177,0.08018573,-3.695323,0.04700584,-0.1357877,0.9896222,0.0,0.0,0.0,0.0,0.0,0.0,0.0,-1.042183,0.3056318,3.808228,1.400874,0.08214092,-3.703102,0.05589318,-0.04802281,-0.01356901,0.9971889,6.32505,354.3824,358.1302,0.3592485,0.02019396,-0.9330229,0,0,0,1.360971,-0.04724647,-2.754449,0.05391023,-0.02241194,0.9564874,0.9950194,-0.03243003,0.09425882,0.02169344,0.9933836,0.1127753,-0.09729245,-0.1101689,0.9891395,moving,2.719435,-7.81286,3.225933,-1.342281,1.4643090696807377,0.3677597369210472,6.4903723174595305,2.4551085910409265,6.483683204993689
2053,05/15/2023 18:38:24.982603,2236,True,True,True,True,Eyes,1.419892,0.08021595,-3.695241,0.04250997,-0.1355642,0.9898561,0.0,0.0,0.0,0.0,0.0,0.0,0.0,-1.023019,0.2968898,3.813864,1.400514,0.08238983,-3.702978,0.05477722,-0.05047075,-0.01384873,0.9971262,6.190912,354.1014,358.0893,0.35919,0.02019965,-0.9330453,0,0,0,1.35645,-0.04729166,-2.75443,0.05450979,-0.0248818,0.9565095,0.9945219,-0.03314716,0.09913425,0.02208856,0.9936153,0.1106375,-0.1021686,-0.1078417,0.9889044,moving,2.459091,-7.798341,3.261658,-1.490106,1.444240074789877,0.367571532148305,6.3590834720668665,2.5988408432075416,6.354055739703258
2054,05/15/2023 18:38:25.002557,2237,True,True,True,True,Eyes,1.419602,0.08024397,-3.695158,0.03798646,-0.1353304,0.9900721,0.0,0.0,0.0,0.0,0.0,0.0,0.0,-1.003046,0.292657,3.81939,1.400198,0.08227444,-3.702995,0.05413586,-0.05302791,-0.01390397,0.9970278,6.11217,353.8081,358.0712,0.3591317,0.02020561,-0.9330676,0,0,0,1.35173,-0.04733884,-2.75441,0.05503586,-0.02607052,0.956688,0.9939895,-0.03346671,0.1042353,0.02198385,0.993752,0.1094245,-0.1072461,-0.1064753,0.9885147,moving,2.197211,-7.783376,3.292454,-1.56097,1.4240254048408936,0.3674340150569308,6.318060909637148,2.6851010149519374,6.314308805347253
2055,05/15/2023 18:38:25.012791,2238,True,True,True,True,Eyes,1.419317,0.08026744,-3.695072,0.03352671,-0.1352167,0.9902487,0.0,0.0,0.0,0.0,0.0,0.0,0.0,-0.9826456,0.2921009,3.824543,1.399833,0.08224487,-3.702938,0.05392414,-0.05563299,-0.01373697,0.9968995,6.083945,353.5095,358.0758,0.3590736,0.02021178,-0.9330898,0,0,0,1.347409,-0.04738203,-2.754392,0.05605733,-0.02651404,0.9567885,0.9934325,-0.03338868,0.1094395,0.02138883,0.993807,0.1090423,-0.1124026,-0.1059854,0.9879944,moving,1.939114,-7.775551,3.353072,-1.587345,1.4046267373810977,0.3663031992709662,6.347690188107797,2.7591992004813157,6.3448445359572245
2056,05/15/2023 18:38:25.032596,2239,True,True,True,True,Eyes,1.419027,0.08028927,-3.694985,0.02903346,-0.1351045,0.9904059,0.0,0.0,0.0,0.0,0.0,0.0,0.0,-0.9617702,0.2913837,3.829714,1.399528,0.08216953,-3.702862,0.05362349,-0.05829881,-0.01337249,0.9967682,6.046824,353.2052,358.1035,0.3590157,0.02021802,-0.933112,0,0,0,1.342835,-0.04742776,-2.754373,0.05685219,-0.02709105,0.9569088,0.9928449,-0.03291092,0.1147866,0.02040619,0.9938914,0.1084596,-0.1176549,-0.1053412,0.9874516,moving,1.679128,-7.76796,3.40008,-1.621668,1.385108135163294,0.3651222375172456,6.382678210247483,2.8297432858790117,6.3804719707218265
2057,05/15/2023 18:38:25.052822,2240,True,True,True,True,Eyes,1.418713,0.0803025,-3.694905,0.02461607,-0.1351359,0.9905213,0.0,0.0,0.0,0.0,0.0,0.0,0.0,-0.9410871,0.291833,3.834669,1.399173,0.08215904,-3.702845,0.0536175,-0.06094164,-0.0134251,0.9966099,6.040715,352.9003,358.0814,0.358958,0.02022428,-0.9331341,0,0,0,1.3382,-0.04747409,-2.754354,0.05766588,-0.02715524,0.9571285,0.9922118,-0.03329424,0.1200304,0.02022408,0.9938899,0.1085078,-0.1229097,-0.1052352,0.9868225,moving,1.423601,-7.768848,3.447837,-1.625135,1.366556127475148,0.3627614064915159,6.4685965100680844,2.878100448782094,6.466707944115823
2058,05/15/2023 18:38:25.072678,2241,True,True,True,True,Eyes,1.418394,0.08031214,-3.694823,0.02017046,-0.1351859,0.9906149,0.0,0.0,0.0,0.0,0.0,0.0,0.0,-0.9203588,0.2950664,3.839388,1.398837,0.08197784,-3.702912,0.05397478,-0.06359483,-0.01353846,0.9964233,6.07565,352.5928,358.0495,0.3588998,0.02023034,-0.9331563,0,0,0,1.333757,-0.0475185,-2.754335,0.05868495,-0.02633817,0.9574263,0.9915448,-0.03384511,0.1252733,0.02011503,0.9938069,0.1092854,-0.1281963,-0.1058415,0.9860848,moving,1.16647,-7.77096,3.507527,-1.575772,1.347979874393198,0.3602106098000814,6.6227563923636055,2.900288339659513,6.620875569233805
2059,05/15/2023 18:38:25.082970,2242,True,True,True,True,Eyes,1.418046,0.08031929,-3.694746,0.01579338,-0.1353881,0.9906667,0.0,0.0,0.0,0.0,0.0,0.0,0.0,-0.9003865,0.2975071,3.843742,1.398444,0.08191299,-3.702865,0.05426019,-0.06614082,-0.01369712,0.9962398,6.102096,352.2975,358.0134,0.3588411,0.02023614,-0.9331788,0,0,0,1.329256,-0.0475635,-2.754317,0.05949882,-0.02578831,0.9576476,0.9908756,-0.03446886,0.1302977,0.02011361,0.9937364,0.1099242,-0.1332706,-0.1063004,0.9853625,moving,0.913342,-7.782038,3.555228,-1.542534,1.3303738448325224,0.3564059533695689,6.77576355867086,2.9250553769577103,6.773680751561303
2060,05/15/2023 18:38:25.103031,2243,True,True,True,True,Eyes,1.417693,0.08032212,-3.694665,0.01138344,-0.1356157,0.9906961,0.0,0.0,0.0,0.0,0.0,0.0,0.0,-0.879784,0.3031089,3.847913,1.397998,0.08187199,-3.702868,0.05493462,-0.06876095,-0.01376336,0.9960244,6.173509,351.993,357.9842,0.3587813,0.02024164,-0.9332017,0,0,0,1.324316,-0.04761289,-2.754296,0.06006736,-0.02451645,0.9580052,0.990165,-0.034972,0.135463,0.01986258,0.9935855,0.1113252,-0.1384873,-0.1075397,0.9845083,moving,0.6583192,-7.794735,3.587774,-1.465945,1.312752273818309,0.3523520093851637,6.973900507559814,2.91237495335641,6.971401983349221
2061,05/15/2023 18:38:25.112996,2244,True,True,True,True,Eyes,1.417301,0.0803187,-3.694592,0.007060838,-0.1359558,0.9906898,0.0,0.0,0.0,0.0,0.0,0.0,0.0,-0.8593112,0.3073645,3.851972,1.397606,0.08178139,-3.70278,0.05538879,-0.07136364,-0.01370501,0.9958171,6.220676,351.6917,357.9708,0.3587203,0.02024677,-0.933225,0,0,0,1.320135,-0.04765468,-2.754279,0.06127387,-0.02360659,0.9581752,0.9894389,-0.03520084,0.1406121,0.01938985,0.9934885,0.1122703,-0.1436485,-0.1083581,0.9836786,moving,0.4083512,-7.814085,3.658997,-1.411312,1.296002520322486,0.347385886872146,7.180682433208326,2.9456342556867026,7.177541382994916
2062,05/15/2023 18:38:25.132419,2245,True,True,True,True,Eyes,1.416906,0.08031567,-3.694517,0.002697623,-0.1363292,0.9906599,0.0,0.0,0.0,0.0,0.0,0.0,0.0,-0.8385056,0.3131216,3.855982,1.397279,0.08161449,-3.702795,0.05599352,-0.07401221,-0.01352817,0.9955924,6.285969,351.3854,357.9691,0.3586574,0.0202514,-0.9332491,0,0,0,1.315649,-0.04769953,-2.75426,0.06220049,-0.02232357,0.9585065,0.9886783,-0.0352255,0.1458571,0.01864867,0.9933634,0.1134959,-0.148887,-0.1094909,0.9827739,moving,0.1560193,-7.835519,3.712896,-1.334175,1.2792382348750069,0.34209953430516,7.4107250431613565,2.9550949954465353,7.406772800974413
2063,05/15/2023 18:38:25.152680,2246,True,True,True,True,Eyes,1.416473,0.08031082,-3.694448,-0.001550698,-0.1367469,0.9906048,0.0,0.0,0.0,0.0,0.0,0.0,0.0,-0.8173383,0.3188339,3.859866,1.396894,0.08162689,-3.702741,0.05661433,-0.07669713,-0.01334593,0.9953564,6.353114,351.0747,357.9673,0.3585928,0.0202556,-0.9332739,0,0,0,1.310995,-0.04774604,-2.754241,0.06308946,-0.02119263,0.9588217,0.9878789,-0.03525222,0.1511708,0.01788359,0.9932334,0.1147501,-0.1541931,-0.1106557,0.9818248,moving,-0.08969107,-7.859658,3.764576,-1.26619,1.2631611460240744,0.3364822125420459,7.637355230307831,2.9707969456941714,7.632460224632121
2064,05/15/2023 18:38:25.172705,2247,True,True,True,True,Eyes,1.41604,0.08030105,-3.694378,-0.005831182,-0.1371921,0.9905273,0.0,0.0,0.0,0.0,0.0,0.0,0.0,-0.796778,0.3223196,3.863725,1.396513,0.08153248,-3.702732,0.05692396,-0.0792951,-0.01314184,0.9951378,6.385084,350.7751,357.9711,0.3585256,0.02025938,-0.9332995,0,0,0,1.30648,-0.04779118,-2.754222,0.06395429,-0.02054579,0.9591603,0.9870792,-0.03518347,0.156323,0.01712829,0.9931739,0.1153785,-0.1593153,-0.1112102,0.980944,moving,-0.3372933,-7.885532,3.814686,-1.227122,1.2470775087522887,0.3305989541581802,7.84686917411833,3.00318296734495,7.840875199113494
2065,05/15/2023 18:38:25.182616,2248,True,True,True,True,Eyes,1.415562,0.08029401,-3.694314,-0.009993816,-0.1376639,0.9904286,0.0,0.0,0.0,0.0,0.0,0.0,0.0,-0.776694,0.3263949,3.867317,1.396159,0.08151531,-3.702705,0.05739634,-0.08184096,-0.01318971,0.994904,6.433431,350.4793,357.9446,0.3584563,0.02026264,-0.9333261,0,0,0,1.301199,-0.04784397,-2.7542,0.06398138,-0.01968839,0.9596516,0.9862562,-0.03563972,0.1613337,0.01685023,0.9930634,0.1163666,-0.1643619,-0.1120488,0.9800155,moving,-0.5781174,-7.913089,3.814349,-1.175326,1.23161513456507,0.3245330055814324,8.043084689302853,2.9866521820071683,8.035998247493414
2066,05/15/2023 18:38:25.203009,2249,True,True,True,True,Eyes,1.415086,0.08028358,-3.694253,-0.01419679,-0.1381353,0.9903116,0.0,0.0,0.0,0.0,0.0,0.0,0.0,-0.7572392,0.3304699,3.87064,1.395769,0.08147717,-3.702657,0.05787873,-0.08430026,-0.01327496,0.9946696,6.482644,350.1931,357.914,0.3583838,0.02026551,-0.9333538,0,0,0,1.29686,-0.04788735,-2.754182,0.06481466,-0.01876921,0.9599839,0.9854345,-0.03616678,0.1661652,0.01665,0.9929476,0.1173786,-0.1692385,-0.1129022,0.9790871,moving,-0.8213176,-7.940766,3.862542,-1.120081,1.2159887051801217,0.3184290412827992,8.27407303700766,3.0122343005140544,8.265644323195097
2067,05/15/2023 18:38:25.212696,2250,True,True,True,True,Eyes,1.414618,0.08027685,-3.694182,-0.01873617,-0.1385315,0.9901808,0.0,0.0,0.0,0.0,0.0,0.0,0.0,-0.7370127,0.3328567,3.874174,1.395368,0.0813942,-3.702638,0.05811446,-0.08684896,-0.01330733,0.9944359,6.503896,349.8976,357.8912,0.3583086,0.02026795,-0.9333826,0,0,0,1.292923,-0.04792671,-2.754165,0.06622925,-0.01826044,0.9602605,0.9845604,-0.03656093,0.1711848,0.01637222,0.9928913,0.1178937,-0.1742782,-0.1132708,0.9781599,moving,-1.08402,-7.964284,3.945447,-1.089413,1.1986264794736887,0.3127524848358043,8.518179944725869,3.084005677499518,8.508071356361562
2068,05/15/2023 18:38:25.232788,2251,True,True,True,True,Eyes,1.41415,0.08027139,-3.694111,-0.02329621,-0.1389206,0.9900295,0.0,0.0,0.0,0.0,0.0,0.0,0.0,-0.7172138,0.3345714,3.877404,1.395022,0.08149338,-3.702414,0.05830978,-0.08935203,-0.01341019,0.9942015,6.519817,349.607,357.8608,0.3582312,0.0202701,-0.9334123,0,0,0,1.288445,-0.04797146,-2.754147,0.0669581,-0.01805176,0.9604785,0.9836728,-0.03708506,0.1761038,0.01624467,0.9928402,0.1183398,-0.1792316,-0.1135469,0.9772324,moving,-1.347968,-7.987571,3.987824,-1.076721,1.181156010037924,0.3070982482191433,8.731009333963858,3.1292716273311196,8.719159075485361
2069,05/15/2023 18:38:25.252455,2252,True,True,True,True,Eyes,1.41369,0.08026282,-3.694035,-0.02806545,-0.139198,0.9898669,0.0,0.0,0.0,0.0,0.0,0.0,0.0,-0.6970279,0.3362564,3.88073,1.394616,0.0815258,-3.702349,0.05845557,-0.09188706,-0.01339342,0.993962,6.531177,349.3136,357.8445,0.3581519,0.02027201,-0.9334427,0,0,0,1.283823,-0.04801768,-2.754128,0.06768081,-0.01784872,0.9608743,0.9827548,-0.03736772,0.1810986,0.01588248,0.9928071,0.1186666,-0.1842303,-0.1137439,0.9762795,moving,-1.624058,-8.004615,4.029071,-1.064175,1.1623283362485357,0.3022353147626344,8.951400721911682,3.1757346627926215,8.93760430749568
2070,05/15/2023 18:38:25.272692,2253,True,True,True,True,Eyes,1.413232,0.08024967,-3.693958,-0.03285376,-0.1394685,0.9896814,0.0,0.0,0.0,0.0,0.0,0.0,0.0,-0.6767997,0.3359677,3.884112,1.39423,0.08144474,-3.702264,0.05828699,-0.0944197,-0.01322526,0.9937368,6.508255,349.0224,357.849,0.358071,0.02027364,-0.9334736,0,0,0,1.279186,-0.04806403,-2.754108,0.06834206,-0.01813499,0.9612527,0.9818201,-0.03729173,0.1861149,0.01527798,0.9928554,0.1183413,-0.1891983,-0.1133464,0.9753751,moving,-1.90131,-8.02145,4.066708,-1.080814,1.1434001752671945,0.2973922693054971,9.153669588357447,3.2319005490418524,9.137763480373195
2071,05/15/2023 18:38:25.282920,2254,True,True,True,True,Eyes,1.412779,0.08023807,-3.693877,-0.0377351,-0.1396883,0.9894763,0.0,0.0,0.0,0.0,0.0,0.0,0.0,-0.6557908,0.3375737,3.887352,1.393869,0.08135319,-3.702167,0.05833854,-0.09705339,-0.01296061,0.9934834,6.511406,348.7193,357.8614,0.3579887,0.02027489,-0.9335052,0,0,0,1.274293,-0.04811294,-2.754088,0.06891313,-0.01798391,0.9616856,0.9808253,-0.0370762,0.1913297,0.01442838,0.9928573,0.1184325,-0.1943541,-0.113401,0.9743545,moving,-2.183999,-8.03557,4.098735,-1.07133,1.123870372768596,0.2928919827453253,9.379412843688884,3.272754370336739,9.36127951086833
2072,05/15/2023 18:38:25.307707,2255,True,True,True,True,Eyes,1.412328,0.0802284,-3.693797,-0.04262868,-0.1399048,0.989247,0.0,0.0,0.0,0.0,0.0,0.0,0.0,-0.6346436,0.3406438,3.890379,1.393539,0.08134842,-3.702065,0.05861585,-0.09971137,-0.01277638,0.9932063,6.539454,348.412,357.8617,0.3579054,0.02027585,-0.9335371,0,0,0,1.269706,-0.04815879,-2.754069,0.06981832,-0.01747497,0.9620938,0.9797888,-0.0370685,0.1965701,0.01368983,0.9928019,0.1189832,-0.1995656,-0.1138874,0.9732437,moving,-2.467466,-8.049704,4.15063,-1.040576,1.1042849400922805,0.2883828843688705,9.639868774293559,3.3236049615390693,9.619358378637187
2073,05/15/2023 18:38:25.313272,2256,True,True,True,True,Eyes,1.411861,0.08021414,-3.693714,-0.04744789,-0.1400711,0.989004,0.0,0.0,0.0,0.0,0.0,0.0,0.0,-0.6138022,0.3421301,3.893442,1.393183,0.08138657,-3.702042,0.05871982,-0.1023221,-0.01269642,0.9929356,6.546628,348.11,357.8524,0.3578211,0.02027659,-0.9335694,0,0,0,1.265646,-0.04819938,-2.754052,0.07121554,-0.01732587,0.9624819,0.978738,-0.03723013,0.2017075,0.01319677,0.9927815,0.1192082,-0.2046896,-0.1140117,0.9721645,moving,-2.746684,-8.061102,4.231693,-1.031284,1.084802055972052,0.284304214568948,9.905356463411753,3.4108202772819656,9.8822978885698
2074,05/15/2023 18:38:25.332489,2257,True,True,True,True,Eyes,1.411397,0.08020252,-3.69363,-0.05227958,-0.1402416,0.9887362,0.0,0.0,0.0,0.0,0.0,0.0,0.0,-0.5933523,0.3449316,3.896062,1.392852,0.08124065,-3.701852,0.05896226,-0.1048893,-0.01256076,0.992655,6.570367,347.8128,357.8479,0.3577356,0.02027701,-0.9336021,0,0,0,1.261087,-0.04824495,-2.754033,0.07197413,-0.01675334,0.9628234,0.9776809,-0.03730602,0.2067567,0.01256797,0.9927313,0.1196933,-0.2097191,-0.1144234,0.9710435,moving,-3.026705,-8.072939,4.275092,-0.9968585,1.065293883758065,0.2801554215902793,10.167947416843246,3.45449974713643,10.142384520118009
2075,05/15/2023 18:38:25.352612,2258,True,True,True,True,Eyes,1.410917,0.0801927,-3.69355,-0.05702056,-0.1403699,0.9884559,0.0,0.0,0.0,0.0,0.0,0.0,0.0,-0.5726844,0.3469003,3.898785,1.392501,0.08130074,-3.701779,0.05913065,-0.107475,-0.01246388,0.9923697,6.585156,347.5135,357.8396,0.3576492,0.02027723,-0.9336352,0,0,0,1.2566,-0.04828981,-2.754014,0.07290563,-0.01651074,0.9632926,0.9765875,-0.03744769,0.211836,0.01202741,0.9926964,0.120038,-0.2147839,-0.1146798,0.9699054,moving,-3.301534,-8.08249,4.32811,-0.9819478,1.0459910283828195,0.2763806119807508,10.422531703032467,3.5150669035236604,10.39437572275032
2076,05/15/2023 18:38:25.382314,2259,True,True,True,True,Eyes,1.410439,0.08018499,-3.693469,-0.06176888,-0.1404925,0.9881531,0.0,0.0,0.0,0.0,0.0,0.0,0.0,-0.5521318,0.3480404,3.901488,1.392144,0.08130646,-3.701745,0.05918385,-0.1100403,-0.01236452,0.9920865,6.586887,347.2168,357.8333,0.3575615,0.0202773,-0.9336688,0,0,0,1.252114,-0.04833466,-2.753996,0.073816,-0.01643007,0.963807,0.9754764,-0.03755857,0.2168756,0.01150812,0.9926888,0.1201522,-0.2198026,-0.1147098,0.9687768,moving,-3.576872,-8.0919,4.379617,-0.9766299,1.0266404134611389,0.2726216224160256,10.673930194781818,3.5781393706976465,10.643090311895238
2077,05/15/2023 18:38:25.392745,2260,True,True,True,True,Eyes,1.409974,0.08017816,-3.693386,-0.0664777,-0.1405821,0.9878348,0.0,0.0,0.0,0.0,0.0,0.0,0.0,-0.5321843,0.3488714,3.903957,1.391755,0.08134842,-3.70165,0.05920819,-0.1125238,-0.01227642,0.9918075,6.585368,346.9295,357.8264,0.3574727,0.0202773,-0.9337028,0,0,0,1.24764,-0.04837938,-2.753977,0.07461309,-0.01644824,0.964284,0.9743754,-0.03767635,0.2217503,0.01102702,0.9926873,0.120209,-0.2246578,-0.1146835,0.9676656,moving,-3.849994,-8.099568,4.424541,-0.9772263,1.0073194359653372,0.2691324085350466,10.91767744338437,3.6374184867904122,10.884118816851721
2078,05/15/2023 18:38:25.407619,2261,True,True,True,True,Eyes,1.409512,0.08016782,-3.693304,-0.07118162,-0.1406732,0.9874939,0.0,0.0,0.0,0.0,0.0,0.0,0.0,-0.5125975,0.3491701,3.906404,1.391444,0.08136177,-3.701612,0.05916485,-0.1149672,-0.01220606,0.9915308,6.575994,346.6469,357.8188,0.3573832,0.02027725,-0.933737,0,0,0,1.240708,-0.04844867,-2.753948,0.07288763,-0.01661459,0.9654266,0.9732672,-0.0378094,0.2265427,0.01060132,0.9927011,0.1201341,-0.2294314,-0.1145209,0.9665642,moving,-4.122926,-8.107506,4.317518,-0.985939,0.9880327364248797,0.2656060432187102,11.043451066248494,3.55694210180166,11.007472838942457
2079,05/15/2023 18:38:25.422850,2262,True,True,True,True,Eyes,1.409071,0.08016221,-3.693222,-0.07584402,-0.1407472,0.9871362,0.0,0.0,0.0,0.0,0.0,0.0,0.0,-0.4940152,0.3506041,3.908546,1.39111,0.08126831,-3.70161,0.0592627,-0.1172803,-0.01214898,0.9912546,6.582815,346.3788,357.8086,0.3572932,0.02027706,-0.9337714,0,0,0,1.237248,-0.04848326,-2.753934,0.07432428,-0.0163264,0.9658202,0.9721955,-0.03798615,0.2310694,0.01018476,0.9926807,0.1203385,-0.2339493,-0.1146392,0.9654666,moving,-4.393539,-8.114616,4.400499,-0.9684459,0.9688523504442466,0.2622189681393085,11.331498199425265,3.6456459983217746,11.292643073739157
2080,05/15/2023 18:38:25.432431,2263,True,True,True,True,Eyes,1.408634,0.08015461,-3.693137,-0.08047646,-0.1408023,0.9867615,0.0,0.0,0.0,0.0,0.0,0.0,0.0,-0.4759825,0.3523171,3.910451,1.390771,0.08131218,-3.70155,0.05942636,-0.1195245,-0.0121262,0.990977,6.596794,346.1181,357.7939,0.3572031,0.02027688,-0.9338059,0,0,0,1.232261,-0.04853311,-2.753913,0.07415283,-0.01608858,0.9665616,0.9711337,-0.03823938,0.2354508,0.009827763,0.9926429,0.1206791,-0.2383333,-0.1148816,0.9643648,moving,-4.662504,-8.12079,4.387034,-0.9536096,0.949721211616506,0.2589808438576837,11.543942693013863,3.6449272680973603,11.502408608512425
2081,05/15/2023 18:38:25.452627,2264,True,True,True,True,Eyes,1.408232,0.08015358,-3.693048,-0.08507478,-0.1408443,0.9863697,0.0,0.0,0.0,0.0,0.0,0.0,0.0,-0.4592779,0.3522949,3.912344,1.390461,0.08131027,-3.701553,0.05931948,-0.1215918,-0.01192865,0.9907342,6.582795,345.88,357.8042,0.3571131,0.02027664,-0.9338403,0,0,0,1.228861,-0.04856711,-2.753899,0.07514432,-0.01627816,0.9670156,0.9701463,-0.03806178,0.2395152,0.009210713,0.9926779,0.1204405,-0.2423457,-0.1146388,0.9633933,moving,-4.929584,-8.126365,4.44338,-0.9643915,0.9306820931131908,0.2558452985838502,11.796029779548636,3.7186051725969964,11.751579924865919
2082,05/15/2023 18:38:25.463083,2265,True,True,True,True,Eyes,1.407834,0.08015777,-3.692963,-0.08964663,-0.1408385,0.9859655,0.0,0.0,0.0,0.0,0.0,0.0,0.0,-0.4429598,0.3529241,3.914099,1.390228,0.08149433,-3.701563,0.05926319,-0.1236107,-0.01147664,0.9904931,6.57838,345.6489,357.8432,0.3570239,0.02027651,-0.9338744,0,0,0,1.224208,-0.04861362,-2.753879,0.07473215,-0.01655627,0.9678516,0.9691774,-0.03738618,0.2435108,0.008083932,0.9927123,0.1202368,-0.2462313,-0.1145623,0.9624166,moving,-5.195201,-8.129324,4.415302,-0.9800178,0.911551600225976,0.2530985838361732,11.97807776959089,3.7144101658273865,11.930884922982711
2083,05/15/2023 18:38:25.482925,2266,True,True,True,True,Eyes,1.407472,0.08016626,-3.69287,-0.09413302,-0.1407868,0.9855547,0.0,0.0,0.0,0.0,0.0,0.0,0.0,-0.4264395,0.3496427,3.91614,1.389945,0.08160305,-3.701575,0.05868139,-0.1256392,-0.01099096,0.990278,6.514808,345.4189,357.8939,0.3569356,0.02027662,-0.9339081,0,0,0,1.219944,-0.04865624,-2.753862,0.07476607,-0.01776344,0.9685659,0.968188,-0.03651357,0.2475456,0.007022835,0.9928714,0.1189836,-0.2501255,-0.11346,0.9615425,moving,-5.455926,-8.129717,4.414054,-1.050683,0.8925833741768205,0.250763480025397,12.14616102204956,3.754266680579044,12.096090966431706
2084,05/15/2023 18:38:25.502793,2267,True,True,True,True,Eyes,1.407111,0.08017879,-3.692778,-0.09856766,-0.1407079,0.9851323,0.0,0.0,0.0,0.0,0.0,0.0,0.0,-0.4107237,0.3468951,3.917963,1.389722,0.08173847,-3.701548,0.05833792,-0.1275959,-0.01118571,0.990046,6.468672,345.1918,357.8639,0.356849,0.02027704,-0.9339412,0,0,0,1.21558,-0.04869986,-2.753844,0.07460585,-0.01860423,0.9693151,0.9671884,-0.03703608,0.2513466,0.007261358,0.9929432,0.1183689,-0.2539567,-0.1126599,0.9606319,moving,-5.713728,-8.128657,4.401241,-1.099553,0.8737181730996311,0.2486627875830338,12.317503842653226,3.776387573355165,12.264635854804611
2085,05/15/2023 18:38:25.512960,2268,True,True,True,True,Eyes,1.406787,0.08018342,-3.692682,-0.102926,-0.1405898,0.9847034,0.0,0.0,0.0,0.0,0.0,0.0,0.0,-0.3977525,0.3443099,3.919392,1.389423,0.08185005,-3.701514,0.05801807,-0.1291963,-0.01136628,0.9898552,6.426122,345.0061,357.8377,0.3567637,0.02027784,-0.9339738,0,0,0,1.211261,-0.04874304,-2.753825,0.07386982,-0.01938502,0.9700893,0.9663582,-0.03749337,0.2544524,0.007510476,0.9930094,0.1177959,-0.2570902,-0.111922,0.9598845,moving,-5.967168,-8.125422,4.354524,-1.144773,0.8550062105542624,0.2469128686884019,12.46060938333535,3.766087401502277,12.405050168584934
2086,05/15/2023 18:38:25.532802,2269,True,True,True,True,Eyes,1.406462,0.08018249,-3.692597,-0.107249,-0.1404979,0.984255,0.0,0.0,0.0,0.0,0.0,0.0,0.0,-0.3841277,0.3406876,3.92103,1.389048,0.08169079,-3.701618,0.05751564,-0.1308618,-0.01150993,0.989664,6.363157,344.8138,357.8182,0.3566807,0.02027879,-0.9340055,0,0,0,1.206707,-0.04878857,-2.753807,0.07313576,-0.0202348,0.9710094,0.9654855,-0.03783512,0.2576945,0.007728703,0.9931189,0.1168547,-0.2603426,-0.1108299,0.9591342,moving,-6.218678,-8.123829,4.307346,-1.19381,0.8365591447670662,0.2449437829462875,12.602473748789839,3.757176312392056,12.54419951088556
2087,05/15/2023 18:38:25.552758,2270,True,True,True,True,Eyes,1.406124,0.08017904,-3.69252,-0.1114736,-0.1403876,0.9838012,0.0,0.0,0.0,0.0,0.0,0.0,0.0,-0.3697367,0.3436767,3.922225,1.388719,0.08156109,-3.701819,0.05781044,-0.1326302,-0.01138119,0.9894128,6.394747,344.6081,357.8169,0.3565995,0.02027972,-0.9340365,0,0,0,1.202141,-0.04883421,-2.753788,0.07253581,-0.01951686,0.9720789,0.9645594,-0.0378562,0.261136,0.007186566,0.9930568,0.1174158,-0.2637678,-0.1113778,0.9581344,moving,-6.464561,-8.121229,4.26746,-1.150198,0.818445886409219,0.2431686286484207,12.79732581234853,3.7198345282524956,12.736563081769201
2088,05/15/2023 18:38:25.572782,2271,True,True,True,True,Eyes,1.405787,0.08018263,-3.692449,-0.1156532,-0.140272,0.9833352,0.0,0.0,0.0,0.0,0.0,0.0,0.0,-0.3554293,0.3433459,3.923522,1.388428,0.0814724,-3.701875,0.05766558,-0.1343873,-0.01118091,0.9891865,6.377512,344.4059,357.8307,0.3565196,0.02028057,-0.934067,0,0,0,1.197657,-0.04887904,-2.753769,0.07191917,-0.01970236,0.9729998,0.9636301,-0.03761905,0.2645786,0.006620966,0.9930993,0.1170892,-0.2671576,-0.1110789,0.9572295,moving,-6.707923,-8.118428,4.227324,-1.160029,0.8005011114925589,0.2414444000117612,12.961440645013578,3.7023293748853585,12.898085989962539
2089,05/15/2023 18:38:25.583045,2272,True,True,True,True,Eyes,1.405427,0.08019009,-3.692392,-0.1197686,-0.1401489,0.98286,0.0,0.0,0.0,0.0,0.0,0.0,0.0,-0.3419923,0.3430008,3.924783,1.388178,0.08157444,-3.702006,0.05754604,-0.1360359,-0.01098137,0.9889703,6.363447,344.2161,357.8447,0.3564408,0.02028152,-0.934097,0,0,0,1.192886,-0.04892673,-2.753749,0.07081121,-0.02002259,0.9741365,0.9627473,-0.03737715,0.2678071,0.006063838,0.9931357,0.1168104,-0.2703348,-0.1108349,0.9563654,moving,-6.94765,-8.115266,4.15759,-1.177503,0.7827938839573209,0.2398038325299349,13.094231970672011,3.660328876261365,13.028343450379127
2090,05/15/2023 18:38:25.602667,2273,True,True,True,True,Eyes,1.405064,0.08020289,-3.692337,-0.1238673,-0.1399944,0.9823739,0.0,0.0,0.0,0.0,0.0,0.0,0.0,-0.3280194,0.3407221,3.926181,1.387793,0.08171463,-3.702154,0.05725419,-0.1377403,-0.01111425,0.9887498,6.324446,344.0183,357.8233,0.3563624,0.02028266,-0.9341269,0,0,0,1.187919,-0.04897638,-2.753728,0.06982046,-0.0207575,0.9753129,0.9618082,-0.03775084,0.2711087,0.006205995,0.9931969,0.1162819,-0.273654,-0.1101584,0.9554992,moving,-7.186486,-8.110394,4.094691,-1.219237,0.7650221682384551,0.2384168609362214,13.219417510010718,3.6347557424820947,13.15095077242426
2091,05/15/2023 18:38:25.612799,2274,True,True,True,True,Eyes,1.404691,0.08021908,-3.692289,-0.1279349,-0.1398406,0.9818743,0.0,0.0,0.0,0.0,0.0,0.0,0.0,-0.3127773,0.3375098,3.927603,1.387397,0.08185387,-3.702193,0.05683933,-0.1396038,-0.01125028,0.9885107,6.271013,343.8026,357.8027,0.3562844,0.0202841,-0.9341567,0,0,0,1.183955,-0.04901601,-2.753712,0.0700953,-0.02172439,0.9760869,0.9607685,-0.03811202,0.2747209,0.006372057,0.9932855,0.1155137,-0.2772787,-0.1092314,0.9545601,moving,-7.423623,-8.105673,4.107505,-1.274999,0.7473856793093101,0.2370230318449055,13.402425909015873,3.6846455018174082,13.331254024718623
2092,05/15/2023 18:38:25.632776,2275,True,True,True,True,Eyes,1.404315,0.08023606,-3.692244,-0.1320111,-0.1396555,0.981361,0.0,0.0,0.0,0.0,0.0,0.0,0.0,-0.2952267,0.3339549,3.929249,1.387,0.08192825,-3.702325,0.05627553,-0.1417406,-0.01098464,0.988242,6.206591,343.5581,357.8288,0.3562062,0.02028589,-0.9341865,0,0,0,1.179428,-0.04906126,-2.753693,0.0703364,-0.02285377,0.9770744,0.9595779,-0.03766401,0.2789117,0.005757902,0.9934248,0.1143416,-0.2813843,-0.1081137,0.9534854,moving,-7.661343,-8.099265,4.117434,-1.339904,0.7295790384500245,0.235866610389325,13.580447295433608,3.7363905386168526,13.506579834492703
2093,05/15/2023 18:38:25.652770,2276,True,True,True,True,Eyes,1.403948,0.08025614,-3.692203,-0.1360832,-0.1394869,0.9808286,0.0,0.0,0.0,0.0,0.0,0.0,0.0,-0.2771288,0.3314016,3.930689,1.386635,0.08194733,-3.702361,0.05579482,-0.1439487,-0.01052667,0.987955,6.154794,343.306,357.8752,0.3561279,0.02028803,-0.9342163,0,0,0,1.174829,-0.04910724,-2.753674,0.07056975,-0.0237499,0.9780082,0.9583359,-0.03686293,0.283255,0.004736573,0.9935523,0.1132761,-0.2856044,-0.1072149,0.9523314,moving,-7.898967,-8.09395,4.127116,-1.391094,0.7118621102703654,0.2345539114290424,13.767895659091296,3.7824185732474147,13.691346284572797
2094,05/15/2023 18:38:25.663328,2277,True,True,True,True,Eyes,1.40358,0.08027755,-3.692163,-0.1401759,-0.139292,0.9802798,0.0,0.0,0.0,0.0,0.0,0.0,0.0,-0.2575433,0.3301288,3.93217,1.386271,0.08204556,-3.702541,0.05551882,-0.1463435,-0.01021926,0.9876218,6.123515,343.0304,357.9,0.3560497,0.02029055,-0.9342461,0,0,0,1.170291,-0.0491526,-2.753655,0.07130882,-0.02431469,0.9790639,0.9569583,-0.03643518,0.2879294,0.003935896,0.9936265,0.1126542,-0.2901988,-0.1066722,0.9510025,moving,-8.137886,-8.087254,4.165706,-1.422627,0.6939463075097428,0.2334284106979236,13.992699137464257,3.8465094417798995,13.913492412366136
2095,05/15/2023 18:38:25.692843,2278,True,True,True,True,Eyes,1.403229,0.08029746,-3.692118,-0.1443071,-0.139142,0.9797014,0.0,0.0,0.0,0.0,0.0,0.0,0.0,-0.2384902,0.3276529,3.933476,1.38593,0.08208752,-3.702557,0.05511945,-0.1486813,-0.01007058,0.9872965,6.075788,342.7609,357.9094,0.3559715,0.02029344,-0.9342758,0,0,0,1.165742,-0.04919807,-2.753636,0.0718905,-0.02511037,0.9799854,0.9555849,-0.03627575,0.2924749,0.003494833,0.9937209,0.1118331,-0.2946952,-0.1058439,0.9497115,moving,-8.379247,-8.083369,4.195632,-1.467781,0.676065300870462,0.2318774926040721,14.208926294776287,3.9084765243126043,14.1269726479808
2096,05/15/2023 18:38:25.712935,2279,True,True,True,True,Eyes,1.402877,0.08030921,-3.692072,-0.1484652,-0.1389835,0.9791025,0.0,0.0,0.0,0.0,0.0,0.0,0.0,-0.2190765,0.326628,3.934608,1.385537,0.08209038,-3.702617,0.05487405,-0.1510539,-0.009783974,0.9869528,6.04793,342.4874,357.9317,0.3558938,0.02029663,-0.9343054,0,0,0,1.160977,-0.04924571,-2.753616,0.07238519,-0.02553762,0.9810128,0.9541739,-0.03589052,0.2970925,0.002734754,0.9937862,0.111272,-0.2992401,-0.1053604,0.9483431,moving,-8.622302,-8.079152,4.21999,-1.491181,0.658035733805192,0.2303594940825575,14.433496655700067,3.9561622650277393,14.348849714924583
2097,05/15/2023 18:38:25.732830,2280,True,True,True,True,Eyes,1.40253,0.08032091,-3.69203,-0.1526656,-0.1388682,0.9784727,0.0,0.0,0.0,0.0,0.0,0.0,0.0,-0.1988752,0.326456,3.935539,1.385201,0.08189392,-3.702581,0.05467571,-0.1535312,-0.009309744,0.9865861,6.02866,342.2026,357.9739,0.3558164,0.02029989,-0.9343348,0,0,0,1.156722,-0.04928824,-2.753598,0.07346505,-0.02564245,0.9817973,0.952683,-0.03515858,0.3019255,0.001580872,0.9938478,0.1107433,-0.3039615,-0.1050259,0.9468775,moving,-8.86804,-8.077665,4.279303,-1.496103,0.6400172721446398,0.2284256155575776,14.7027067684659,4.027207413934456,14.61528631711132
2098,05/15/2023 18:38:25.743159,2281,True,True,True,True,Eyes,1.40218,0.08033954,-3.691982,-0.15687,-0.1387441,0.977825,0.0,0.0,0.0,0.0,0.0,0.0,0.0,-0.17882,0.3271679,3.936498,1.384873,0.08191586,-3.702763,0.05469628,-0.1559925,-0.009209036,0.9861999,6.027732,341.9165,357.9699,0.3557394,0.02030321,-0.934364,0,0,0,1.150268,-0.04935275,-2.753572,0.07256815,-0.02559122,0.9835211,0.9511631,-0.03522831,0.3066721,0.001099475,0.993847,0.110756,-0.3086869,-0.1050098,0.9453494,moving,-9.114157,-8.075816,4.219867,-1.4905,0.6219437983671046,0.2265404615095063,14.871535995062244,3.98663759467914,14.781474479965333
2099,05/15/2023 18:38:25.762932,2282,True,True,True,True,Eyes,1.401833,0.08035357,-3.691934,-0.1610865,-0.1386614,0.977151,0.0,0.0,0.0,0.0,0.0,0.0,0.0,-0.1612089,0.3260602,3.937051,1.384514,0.08210754,-3.702573,0.05458157,-0.1581633,-0.009437397,0.9858581,6.006084,341.6627,357.9328,0.3556628,0.02030675,-0.9343931,0,0,0,1.147025,-0.04938518,-2.753558,0.07412693,-0.02603868,0.9839451,0.9497906,-0.03587347,0.3108229,0.001342267,0.9938636,0.1106047,-0.3128833,-0.1046341,0.9440106,moving,-9.361199,-8.076566,4.308322,-1.515896,0.6039996142913119,0.2242736225110246,15.162394112353793,4.092700166439348,15.069449491530996
2100,05/15/2023 18:38:25.772651,2283,True,True,True,True,Eyes,1.401484,0.08036575,-3.691884,-0.1653135,-0.1385811,0.9764563,0.0,0.0,0.0,0.0,0.0,0.0,0.0,-0.1420688,0.3250667,3.937788,1.38411,0.08202076,-3.702641,0.05438554,-0.1605022,-0.00940168,0.9854913,5.979633,341.3911,357.9263,0.3555866,0.02031038,-0.934422,0,0,0,1.141551,-0.0494399,-2.753535,0.07398748,-0.02631732,0.9852667,0.9483013,-0.03598854,0.3153244,0.001072545,0.9939076,0.1102109,-0.3173696,-0.1041749,0.9425626,moving,-9.609028,-8.077614,4.294501,-1.530056,0.5860206371854378,0.22195706862563,15.36810445101168,4.101509038636418,15.272371582395003
2101,05/15/2023 18:38:25.792445,2284,True,True,True,True,Eyes,1.401121,0.08037522,-3.691839,-0.1694753,-0.1385565,0.975746,0.0,0.0,0.0,0.0,0.0,0.0,0.0,-0.1232477,0.3258083,3.938215,1.383778,0.08198261,-3.702609,0.0543768,-0.1628091,-0.009131646,0.9851158,5.978857,341.1238,357.9431,0.3555106,0.02031404,-0.9344509,0,0,0,1.136423,-0.04949116,-2.753514,0.07399197,-0.02624107,0.9864518,0.9468197,-0.03569753,0.3197784,0.000285387,0.9939196,0.1101083,-0.3217646,-0.1041615,0.9410727,moving,-9.853289,-8.082,4.28962,-1.523793,0.5685542634320493,0.2191918667172085,15.589482160646966,4.109054205223532,15.49094362031625
2102,05/15/2023 18:38:25.792445,2285,True,True,True,True,Eyes,1.40076,0.08038501,-3.691793,-0.1736338,-0.1385595,0.9750141,0.0,0.0,0.0,0.0,0.0,0.0,0.0,-0.1039845,0.3272256,3.938535,1.383417,0.08192253,-3.70262,0.05445927,-0.165167,-0.00889793,0.9847208,5.987706,340.8498,357.9536,0.3554346,0.02031766,-0.9344797,0,0,0,1.131832,-0.04953706,-2.753495,0.07466745,-0.02595327,0.9875042,0.9452814,-0.0355137,0.3243175,-0.0004657917,0.9939101,0.1101936,-0.3262557,-0.1043151,0.9395082,moving,-10.09757,-8.088161,4.324038,-1.505483,0.5512207632411349,0.2161713374248839,15.852899638783688,4.147076507560321,15.751499870694524
2103,05/15/2023 18:38:25.812913,2286,True,True,True,True,Eyes,1.400392,0.08039287,-3.691752,-0.1777089,-0.138629,0.9742697,0.0,0.0,0.0,0.0,0.0,0.0,0.0,-0.08705014,0.3304007,3.938545,1.383166,0.08195019,-3.702569,0.05482485,-0.167257,-0.00885978,0.984348,6.025424,340.6047,357.938,0.3553586,0.02032125,-0.9345085,0,0,0,1.128202,-0.04957335,-2.75348,0.07563925,-0.02523136,0.9882895,0.9438932,-0.03578189,0.3283068,-0.0008974783,0.9938315,0.1108972,-0.3302497,-0.1049697,0.9380386,moving,-10.33723,-8.098267,4.37663,-1.462463,0.5345225315980221,0.2126241078225528,16.140990391732966,4.19138480905101,16.036700654387072
2104,05/15/2023 18:38:25.852694,2287,True,True,True,True,Eyes,1.400025,0.0803965,-3.691712,-0.1817665,-0.1387308,0.9735063,0.0,0.0,0.0,0.0,0.0,0.0,0.0,-0.07107061,0.3324352,3.938639,1.382819,0.08192158,-3.702639,0.05506722,-0.1692137,-0.008980972,0.9839989,6.046339,340.3746,357.9074,0.3552824,0.02032478,-0.9345374,0,0,0,1.125024,-0.04960511,-2.753467,0.07693312,-0.02471095,0.989019,0.9425722,-0.03631078,0.3320228,-0.0009617135,0.9937739,0.1114116,-0.3340011,-0.1053328,0.9366687,moving,-10.5761,-8.110405,4.447927,-1.431255,0.5180356445138184,0.2087916866254364,16.441789197627763,4.2583798797472365,16.334528651283158
2105,05/15/2023 18:38:25.882833,2288,True,True,True,True,Eyes,1.399654,0.0804018,-3.691676,-0.1857622,-0.1388564,0.972734,0.0,0.0,0.0,0.0,0.0,0.0,0.0,-0.05595011,0.3364469,3.938477,1.382541,0.08183861,-3.702675,0.05555078,-0.1710745,-0.009055168,0.9836493,6.095543,340.1548,357.8778,0.355206,0.02032812,-0.9345664,0,0,0,1.120348,-0.04965185,-2.753447,0.07655101,-0.02366772,0.9902773,0.9413031,-0.03682086,0.3355485,-0.001192421,0.9936642,0.1123832,-0.3375605,-0.1061867,0.9352953,moving,-10.81155,-8.124008,4.420321,-1.369114,0.5019088291661736,0.2047785638482691,16.662487422707244,4.222687739233809,16.55230986212831
2106,05/15/2023 18:38:25.902888,2289,True,True,True,True,Eyes,1.399285,0.0804072,-3.691642,-0.1896636,-0.1389951,0.9719609,0.0,0.0,0.0,0.0,0.0,0.0,0.0,-0.04116547,0.3386481,3.938377,1.382186,0.08188057,-3.702708,0.05577998,-0.1728745,-0.008925835,0.9833227,6.120126,339.9443,357.8766,0.3551294,0.02033136,-0.9345954,0,0,0,1.115732,-0.049698,-2.753428,0.07615459,-0.023212,0.9915169,0.9400695,-0.03683982,0.338987,-0.001731925,0.9936178,0.1127855,-0.3409785,-0.1066133,0.934006,moving,-11.04166,-8.138396,4.392045,-1.341083,0.48623052615792,0.2006992679651189,16.864243654756475,4.199104579060393,16.751124808708234
2107,05/15/2023 18:38:25.922866,2290,True,True,True,True,Eyes,1.398918,0.08041243,-3.691608,-0.1935521,-0.1391352,0.9711741,0.0,0.0,0.0,0.0,0.0,0.0,0.0,-0.02604645,0.3391405,3.938423,1.38194,0.08190441,-3.702757,0.05579394,-0.1747257,-0.008840068,0.9829955,6.119426,339.7285,357.8745,0.3550525,0.02033449,-0.9346246,0,0,0,1.106259,-0.0497927,-2.753388,0.07123189,-0.02320319,0.9945009,0.9387856,-0.03687677,0.3425227,-0.002117783,0.9936178,0.1127796,-0.3444956,-0.1066012,0.9327159,moving,-11.2712,-8.153002,4.096858,-1.336554,0.4706102548289228,0.1965936165563906,16.811935344512484,3.9370311560249127,16.695892463369557
2108,05/15/2023 18:38:25.942485,2291,True,True,True,True,Eyes,1.398566,0.08041679,-3.691572,-0.1973945,-0.1392625,0.9703821,0.0,0.0,0.0,0.0,0.0,0.0,0.0,-0.01105607,0.3403104,3.938289,1.381649,0.08191013,-3.702754,0.05591404,-0.1765618,-0.008862405,0.9826601,6.128548,339.5132,357.858,0.3549755,0.02033752,-0.9346538,0,0,0,1.09869,-0.04986836,-2.753357,0.06812626,-0.02297607,0.9968028,0.9374948,-0.03716203,0.3460095,-0.002327111,0.9935902,0.1130185,-0.3479915,-0.1067595,0.9313991,moving,-11.49819,-8.166926,3.909787,-1.32042,0.4551241782761548,0.1926082870140473,16.86061682265999,3.7714652071980757,16.741621211449434
2109,05/15/2023 18:38:25.962493,2292,True,True,True,True,Eyes,1.398184,0.08042128,-3.691542,-0.2014045,-0.1393874,0.9695398,0.0,0.0,0.0,0.0,0.0,0.0,0.0,0.002098501,0.3407383,3.938236,1.381384,0.08191967,-3.70282,0.05598963,-0.1781753,-0.009147658,0.982362,6.127679,339.3225,357.8141,0.3548987,0.02034044,-0.9346828,0,0,0,1.094873,-0.04990651,-2.753341,0.06813505,-0.02286897,0.9979032,0.9363397,-0.03792457,0.349041,-0.001979325,0.993563,0.1132639,-0.3510897,-0.1067444,0.9302375,moving,-11.73527,-8.18116,3.905992,-1.312819,0.4389263451545366,0.1884902138721367,17.082833050900103,3.7781574359291032,16.96070527706987
2110,05/15/2023 18:38:25.992857,2293,True,True,True,True,Eyes,1.397796,0.08042346,-3.691522,-0.2053137,-0.1395132,0.9687014,0.0,0.0,0.0,0.0,0.0,0.0,0.0,0.04423118,0.3422506,3.937711,1.380572,0.08193588,-3.702967,0.05614695,-0.1833316,-0.009506963,0.9814004,6.12624,338.7164,357.7378,0.3548214,0.02034327,-0.9347122,0,0,0,1.087506,-0.04998016,-2.75331,0.07257836,-0.02252803,0.9996808,0.9325983,-0.03924729,0.3587758,-0.00192675,0.9935142,0.1136911,-0.3609109,-0.1067194,0.9264741,moving,-11.9666,-8.195436,4.152475,-1.290955,0.4231506696295829,0.1844163555461226,17.5355763160207,4.010558639124824,17.41037098834862
2111,05/15/2023 18:38:26.012911,2294,True,True,True,True,Eyes,1.397381,0.08042746,-3.691514,-0.209255,-0.1396359,0.9678399,0.0,0.0,0.0,0.0,0.0,0.0,0.0,0.05913985,0.3430465,3.937503,1.380195,0.08189392,-3.703168,0.05617335,-0.1851293,-0.009317322,0.9810632,6.129118,338.507,357.7474,0.3547433,0.02034595,-0.9347417,0,0,0,1.082267,-0.05003253,-2.753289,0.07174726,-0.02234907,1.001395,0.9312806,-0.03908043,0.3622003,-0.002516907,0.9935155,0.113669,-0.3642939,-0.1067694,0.9251434,moving,-12.20003,-8.209746,4.098086,-1.278511,0.4072245487627416,0.1803192568020275,17.710748255640727,3.9687080984106493,17.582426528860214
2112,05/15/2023 18:38:26.033333,2295,True,True,True,True,Eyes,1.396972,0.08043275,-3.691507,-0.2131619,-0.1397411,0.9669718,0.0,0.0,0.0,0.0,0.0,0.0,0.0,0.08776593,0.3448923,3.936771,1.379614,0.0819025,-3.703347,0.05624007,-0.1885985,-0.008708293,0.980404,6.141901,338.1039,357.793,0.354664,0.02034854,-0.9347718,0,0,0,1.075228,-0.0501029,-2.753259,0.07278565,-0.02199757,1.003475,0.9287095,-0.03828888,0.368826,-0.004138306,0.9935225,0.1135607,-0.370785,-0.1069912,0.9225353,moving,-12.43161,-8.223121,4.148605,-1.255803,0.3913624696448152,0.1763727304904359,17.984633706565976,4.0209450076960325,17.853221214500703
2113,05/15/2023 18:38:26.042759,2296,True,True,True,True,Eyes,1.396568,0.0804376,-3.691509,-0.2170367,-0.1398393,0.9660953,0.0,0.0,0.0,0.0,0.0,0.0,0.0,0.101747,0.3450056,3.936424,1.379393,0.0819149,-3.703426,0.05616331,-0.1902964,-0.008344912,0.9800833,6.137419,337.9073,357.8251,0.3545836,0.02035109,-0.9348022,0,0,0,1.06685,-0.05018665,-2.753224,0.0686685,-0.02205604,1.006389,0.9274353,-0.03773278,0.3720753,-0.005017933,0.9935521,0.1132655,-0.3739501,-0.1069134,0.921266,moving,-12.66149,-8.236185,3.903387,-1.255495,0.3756007263138005,0.1724857669690509,17.975683099710814,3.8058382865857925,17.84114210109162
2114,05/15/2023 18:38:26.062748,2297,True,True,True,True,Eyes,1.396154,0.08044516,-3.691522,-0.2208208,-0.1399264,0.9652247,0.0,0.0,0.0,0.0,0.0,0.0,0.0,0.1147274,0.3445629,3.936195,1.37914,0.08191776,-3.703617,0.05601945,-0.1918603,-0.008001337,0.9797896,6.125365,337.7267,357.8573,0.3545022,0.02035357,-0.934833,0,0,0,1.063201,-0.05022313,-2.753209,0.06874217,-0.02220832,1.007637,0.9262512,-0.03717507,0.3750691,-0.005816571,0.9935956,0.1128448,-0.3768619,-0.1067043,0.920103,moving,-12.88617,-8.248576,3.902736,-1.262594,0.3601669535720068,0.1687409913056949,18.184369914329174,3.820800348885795,18.046821892798068
2115,05/15/2023 18:38:26.073105,2298,True,True,True,True,Eyes,1.395746,0.08045305,-3.691539,-0.2245713,-0.1399998,0.9643484,0.0,0.0,0.0,0.0,0.0,0.0,0.0,0.1279745,0.3454023,3.935783,1.378908,0.08197021,-3.703777,0.05607021,-0.1934671,-0.007796171,0.9794722,6.132141,337.5392,357.8692,0.3544197,0.02035607,-0.9348643,0,0,0,1.059067,-0.05026445,-2.753192,0.0684616,-0.02205528,1.00907,0.9250194,-0.03696775,0.3781169,-0.006423209,0.9935907,0.112855,-0.3798655,-0.1068218,0.9188532,moving,-13.10904,-8.260236,3.881355,-1.252117,0.3448097465335555,0.1651171139143514,18.378989476415345,3.809948144457958,18.238438093785824
2116,05/15/2023 18:38:26.082771,2299,True,True,True,True,Eyes,1.395324,0.08046259,-3.691563,-0.2282751,-0.1400545,0.9634703,0.0,0.0,0.0,0.0,0.0,0.0,0.0,0.1407068,0.3448697,3.935448,1.378693,0.08198166,-3.703911,0.05594143,-0.1950103,-0.007588653,0.9791752,6.118965,337.36,357.8859,0.3543362,0.02035859,-0.9348959,0,0,0,1.055246,-0.05030265,-2.753176,0.06832026,-0.02222194,1.010374,0.9238268,-0.03667955,0.3810495,-0.00695708,0.9936259,0.1125127,-0.3827475,-0.1065932,0.9176831,moving,-13.3293,-8.270845,3.868383,-1.259948,0.3295631805394101,0.1616671257503508,18.571832901280853,3.8136905066312434,18.428354946867874
2117,05/15/2023 18:38:26.108579,2300,True,True,True,True,Eyes,1.394908,0.080469,-3.691593,-0.2319612,-0.1400999,0.9625829,0.0,0.0,0.0,0.0,0.0,0.0,0.0,0.153364,0.3447663,3.934922,1.378271,0.08201218,-3.704002,0.05588852,-0.1965258,-0.007482858,0.978876,6.112138,337.183,357.8896,0.3542516,0.02036116,-0.9349279,0,0,0,1.051951,-0.05033559,-2.753162,0.06880926,-0.02228537,1.011369,0.9226432,-0.03661666,0.3839124,-0.007317502,0.993641,0.112357,-0.3855853,-0.1064747,0.9165082,moving,-13.5487,-8.281014,3.892163,-1.2623,0.3143459803173234,0.1582879026655705,18.800160860975765,3.8495252454725883,18.653774981545734
2118,05/15/2023 18:38:26.122638,2301,True,True,True,True,Eyes,1.394504,0.08047415,-3.691626,-0.2356474,-0.1401476,0.9616803,0.0,0.0,0.0,0.0,0.0,0.0,0.0,0.167487,0.3447669,3.934466,1.378012,0.08203411,-3.704226,0.05581797,-0.1982311,-0.007216697,0.9785381,6.106615,336.9847,357.9105,0.3541659,0.0203637,-0.9349604,0,0,0,1.047726,-0.05037782,-2.753145,0.06871504,-0.02231134,1.012896,0.9213047,-0.03625334,0.3871477,-0.008006081,0.9936645,0.1121012,-0.3887588,-0.1063789,0.9151776,moving,-13.76831,-8.291459,3.881007,-1.261866,0.2991343657571877,0.1548671698505328,18.997725345739102,3.851875444831035,18.848398455119444
2119,05/15/2023 18:38:26.132992,2302,True,True,True,True,Eyes,1.394105,0.08048646,-3.691664,-0.2393102,-0.1402081,0.9607665,0.0,0.0,0.0,0.0,0.0,0.0,0.0,0.181424,0.3449911,3.933897,1.377707,0.08191586,-3.704414,0.05575233,-0.1999083,-0.006898907,0.9782028,6.102986,336.7899,357.9374,0.3540796,0.02036617,-0.934993,0,0,0,1.042418,-0.05043089,-2.753123,0.06759727,-0.0221777,1.014805,0.9199782,-0.03578776,0.3903324,-0.008793648,0.9936882,0.1118325,-0.3918709,-0.1063159,0.9138567,moving,-13.98676,-8.302773,3.810905,-1.251951,0.2840730410410615,0.1513316579166719,19.14343151913755,3.7957536649187107,18.9910853652423
2120,05/15/2023 18:38:26.152821,2303,True,True,True,True,Eyes,1.393712,0.08049832,-3.691701,-0.2431285,-0.1402193,0.9598058,0.0,0.0,0.0,0.0,0.0,0.0,0.0,0.1948373,0.3467351,3.9332,1.377486,0.08209991,-3.704597,0.05594606,-0.2015361,-0.006733631,0.9778588,6.125151,336.5987,357.9412,0.3539928,0.02036876,-0.9350258,0,0,0,1.038703,-0.05046802,-2.753107,0.06781483,-0.02185912,1.016171,0.9186757,-0.03571938,0.3933943,-0.009381223,0.9936494,0.1121288,-0.3949012,-0.1067005,0.9125065,moving,-14.2146,-8.31162,3.818009,-1.232314,0.2681408042936567,0.1480687080753939,19.372443335535067,3.8088082949448854,19.217071396761046
2121,05/15/2023 18:38:26.172828,2304,True,True,True,True,Eyes,1.393323,0.08051328,-3.691746,-0.2469235,-0.1402226,0.958836,0.0,0.0,0.0,0.0,0.0,0.0,0.0,0.208338,0.3442502,3.932711,1.377071,0.08209801,-3.704735,0.05557555,-0.2031484,-0.006570603,0.9775475,6.083969,336.4119,357.9583,0.3539055,0.02037144,-0.9350588,0,0,0,1.034105,-0.05051399,-2.753088,0.0673438,-0.02250063,1.017745,0.9173751,-0.03542633,0.3964441,-0.009734023,0.9937363,0.1113251,-0.3979047,-0.1059859,0.9112841,moving,-14.44127,-8.3201,3.785723,-1.266507,0.2522660463487359,0.1448687389643426,19.544217764640724,3.804904666327872,19.385898077878018
2122,05/15/2023 18:38:26.182800,2305,True,True,True,True,Eyes,1.392935,0.080532,-3.691789,-0.250993,-0.1401047,0.957796,0.0,0.0,0.0,0.0,0.0,0.0,0.0,0.2226679,0.3439215,3.932086,1.37683,0.08217525,-3.704963,0.05544602,-0.2048733,-0.006119557,0.9771978,6.076484,336.2123,358.0014,0.353818,0.02037429,-0.9350918,0,0,0,1.029549,-0.05055953,-2.753069,0.0669966,-0.02263512,1.019473,0.915979,-0.03467885,0.3997247,-0.01075879,0.9937766,0.1108709,-0.4010819,-0.105856,0.9099054,moving,-14.68433,-8.322104,3.759895,-1.271916,0.2347069163118285,0.1424564408103565,19.745748572438803,3.7983417996147915,19.584477063192033
2123,05/15/2023 18:38:26.202678,2306,True,True,True,True,Eyes,1.392555,0.08055481,-3.691836,-0.2550354,-0.1399439,0.956751,0.0,0.0,0.0,0.0,0.0,0.0,0.0,0.2368977,0.3414537,3.931388,1.37656,0.0822525,-3.704974,0.05500658,-0.2065816,-0.005392149,0.9768671,6.041018,336.0176,358.0833,0.3537303,0.02037737,-0.9351249,0,0,0,1.024665,-0.05060835,-2.753049,0.06621669,-0.02333649,1.021134,0.91459,-0.03326152,0.4030123,-0.01219187,0.9938903,0.1096961,-0.4041986,-0.1052404,0.9085966,moving,-14.92593,-8.321636,3.710219,-1.309181,0.2170670911224647,0.1404122472606093,19.911819974006043,3.7819876838771336,19.74776775774651
2124,05/15/2023 18:38:26.213111,2307,True,True,True,True,Eyes,1.392199,0.08058541,-3.691874,-0.2592496,-0.1397297,0.9556491,0.0,0.0,0.0,0.0,0.0,0.0,0.0,0.2514643,0.3370408,3.930989,1.376411,0.08236122,-3.70516,0.05441745,-0.208353,-0.005318292,0.9765243,5.973227,335.8123,358.0949,0.3536426,0.02038077,-0.935158,0,0,0,1.020204,-0.05065295,-2.75303,0.06602998,-0.02453845,1.022821,0.9131215,-0.03306296,0.4063447,-0.0122892,0.9940209,0.1084961,-0.4075024,-0.1040637,0.9072556,moving,-15.17797,-8.318526,3.693702,-1.374316,0.198466600791925,0.138656595198888,20.108755719827222,3.8086423525582043,19.942004059829667
2125,05/15/2023 18:38:26.232666,2308,True,True,True,True,Eyes,1.391844,0.08061235,-3.691917,-0.2634225,-0.1394723,0.9545449,0.0,0.0,0.0,0.0,0.0,0.0,0.0,0.2646255,0.3358306,3.930199,1.376043,0.08259678,-3.705259,0.05430969,-0.2099438,-0.005592328,0.9761879,5.951396,335.6241,358.057,0.3535553,0.02038466,-0.9351909,0,0,0,1.016009,-0.05069488,-2.753013,0.06595868,-0.02501152,1.0243,0.9117847,-0.0337223,0.4092817,-0.01188564,0.9940384,0.1083811,-0.4104966,-0.1036848,0.9059481,moving,-15.42773,-8.312887,3.684411,-1.398779,0.1798408516425651,0.1372844077788724,20.324340654484836,3.826421659654787,20.154949060206615
2126,05/15/2023 18:38:26.252698,2309,True,True,True,True,Eyes,1.391489,0.08063103,-3.69197,-0.2676197,-0.1392234,0.9534131,0.0,0.0,0.0,0.0,0.0,0.0,0.0,0.2782868,0.3312539,3.929739,1.375772,0.08256912,-3.705463,0.05372163,-0.2115951,-0.00577809,0.9758628,5.877658,335.4314,358.0406,0.3534686,0.02038888,-0.9352236,0,0,0,1.011468,-0.05074028,-2.752994,0.06563115,-0.02616095,1.026009,0.9103883,-0.0340117,0.4123547,-0.01145722,0.9941612,0.1072951,-0.4135963,-0.1024046,0.9046831,moving,-15.67925,-8.307972,3.660077,-1.460599,0.161141650330477,0.1357927652983317,20.515752138638693,3.8459088977092675,20.34377679333284
2127,05/15/2023 18:38:26.272729,2310,True,True,True,True,Eyes,1.391136,0.08064905,-3.692026,-0.2717603,-0.138975,0.9522775,0.0,0.0,0.0,0.0,0.0,0.0,0.0,0.2927935,0.3340347,3.928609,1.375586,0.08238888,-3.705706,0.05402315,-0.2133638,-0.005748955,0.9754611,5.908595,335.222,358.0257,0.3533822,0.02039319,-0.9352561,0,0,0,1.006832,-0.05078661,-2.752975,0.0653967,-0.02527378,1.027859,0.9088857,-0.03426893,0.415635,-0.01183741,0.9940969,0.1078482,-0.4168773,-0.1029417,0.9031148,moving,-15.92765,-8.303108,3.64049,-1.408548,0.1426736503491935,0.1343210589694858,20.747218142517323,3.822978439516744,20.57243781645386
2128,05/15/2023 18:38:26.282643,2311,True,True,True,True,Eyes,1.390797,0.0806671,-3.692072,-0.2758722,-0.1387515,0.9511269,0.0,0.0,0.0,0.0,0.0,0.0,0.0,0.3049225,0.3334824,3.927793,1.375311,0.08234978,-3.705872,0.05393536,-0.2148288,-0.005817902,0.9751441,5.894079,335.0495,358.0112,0.3532962,0.02039756,-0.9352885,0,0,0,1.00206,-0.05083432,-2.752955,0.06447606,-0.02536815,1.029711,0.9076295,-0.03452031,0.4183505,-0.01182716,0.9941143,0.1076892,-0.4196056,-0.1026898,0.9018792,moving,-16.17468,-8.299826,3.582938,-1.411264,0.1244252014464557,0.1326339165393935,20.92404730117402,3.7874703371054075,20.746522207246727
2129,05/15/2023 18:38:26.302904,2312,True,True,True,True,Eyes,1.390461,0.08068154,-3.692123,-0.2799258,-0.1385364,0.9499733,0.0,0.0,0.0,0.0,0.0,0.0,0.0,0.3161457,0.3344846,3.926693,1.375013,0.08238506,-3.705847,0.05405194,-0.2161893,-0.005830843,0.9748367,5.904029,334.8886,357.9986,0.3532108,0.02040199,-0.9353206,0,0,0,0.997471,-0.0508802,-2.752936,0.0634535,-0.02512229,1.031349,0.9064564,-0.03473915,0.4208683,-0.01200267,0.9940888,0.1079048,-0.4221289,-0.1028625,0.9006811,moving,-16.4185,-8.297067,3.520671,-1.395373,0.1064502324701132,0.1308996477899393,21.09985592929196,3.739841125612702,20.919550314259943
2130,05/15/2023 18:38:26.332517,2313,True,True,True,True,Eyes,1.390132,0.08069395,-3.692171,-0.2839106,-0.1383619,0.9488155,0.0,0.0,0.0,0.0,0.0,0.0,0.0,0.3277706,0.3349453,3.92581,1.374776,0.08231735,-3.706051,0.05408856,-0.2175952,-0.005888516,0.9745216,5.903788,334.7224,357.9826,0.3531261,0.02040639,-0.9353525,0,0,0,0.9932287,-0.05092261,-2.752918,0.062894,-0.02492529,1.033063,0.9052352,-0.0350158,0.4234655,-0.01206186,0.9940795,0.1079836,-0.4247395,-0.1028583,0.8994535,moving,-16.65857,-8.296727,3.483928,-1.382139,0.0889315791038103,0.1288504259666425,21.29628495512182,3.716058361124182,21.11316908265495
2131,05/15/2023 18:38:26.347638,2314,True,True,True,True,Eyes,1.389792,0.0807049,-3.692222,-0.2879315,-0.1382051,0.9476259,0.0,0.0,0.0,0.0,0.0,0.0,0.0,0.3385189,0.3367686,3.924714,1.374416,0.08228493,-3.706157,0.05427127,-0.2188781,-0.005679554,0.9742253,5.926848,334.5715,357.9936,0.3530422,0.02041069,-0.9353841,0,0,0,0.9886706,-0.05096817,-2.752899,0.06183,-0.02439243,1.034814,0.9041203,-0.03482391,0.4258566,-0.01269125,0.9940448,0.1082311,-0.4270895,-0.1032586,0.8982941,moving,-16.90115,-8.297718,3.41935,-1.350314,0.0713307615090785,0.1265879394446125,21.475314726197055,3.6592994083622874,21.28920319592798
2132,05/15/2023 18:38:26.363312,2315,True,True,True,True,Eyes,1.389494,0.08072252,-3.692256,-0.2917874,-0.1380706,0.9464653,0.0,0.0,0.0,0.0,0.0,0.0,0.0,0.3605099,0.3381662,3.922585,1.373851,0.08224964,-3.706314,0.05430152,-0.2215099,-0.004864039,0.973633,5.945628,334.2654,358.0682,0.3529586,0.02041488,-0.9354156,0,0,0,0.9839926,-0.05101493,-2.75288,0.06363484,-0.02391677,1.03642,0.9018194,-0.03352822,0.4308104,-0.01458507,0.9940553,0.1078944,-0.4318668,-0.1035846,0.8959694,moving,-17.1341,-8.299775,3.513476,-1.321942,0.0545123169706489,0.1242563791783282,21.794782587850356,3.749122498992797,21.605949532376233
2133,05/15/2023 18:38:26.372877,2316,True,True,True,True,Eyes,1.389201,0.08074134,-3.69229,-0.2955748,-0.1379329,0.9453095,0.0,0.0,0.0,0.0,0.0,0.0,0.0,0.358192,0.3396889,3.922628,1.37394,0.08244419,-3.706237,0.05448329,-0.221229,-0.004547578,0.9736882,5.974587,334.2995,358.1007,0.3528766,0.02041913,-0.9354464,0,0,0,0.9770362,-0.05108447,-2.752851,0.05662689,-0.02360574,1.039492,0.902074,-0.03296242,0.4303207,-0.01525072,0.9940218,0.1081116,-0.4313117,-0.1040874,0.8961786,moving,-17.36316,-8.301615,3.118137,-1.300902,0.0379608984534834,0.1219900089406427,21.64471088535437,3.3929495259501623,21.452570444619422
2134,05/15/2023 18:38:26.382647,2317,True,True,True,True,Eyes,1.388925,0.0807615,-3.692318,-0.2992702,-0.1377892,0.944167,0.0,0.0,0.0,0.0,0.0,0.0,0.0,0.3679869,0.3390106,3.921782,1.373792,0.08248425,-3.706292,0.05433714,-0.222411,-0.00416756,0.9734288,5.965686,334.1628,358.1399,0.3527959,0.02042347,-0.9354768,0,0,0,0.9728609,-0.05112621,-2.752833,0.055479,-0.02374972,1.041174,0.901032,-0.032284,0.4325496,-0.01605671,0.9940602,0.1076405,-0.4334554,-0.1039328,0.8951616,moving,-17.58692,-8.302979,3.050125,-1.30672,0.0217596459537431,0.1198383821686168,21.79071514033227,3.3475461961447603,21.595886583981187
2135,05/15/2023 18:38:26.402864,2318,True,True,True,True,Eyes,1.388655,0.08078132,-3.692345,-0.3028878,-0.1376501,0.9430331,0.0,0.0,0.0,0.0,0.0,0.0,0.0,0.3762881,0.3377482,3.921135,1.373489,0.08254337,-3.706437,0.05413936,-0.2233891,-0.003927443,0.9732168,5.947894,334.0496,358.1659,0.352717,0.02042793,-0.9355065,0,0,0,0.9699283,-0.05115553,-2.752821,0.05522166,-0.02407058,1.042349,0.9001638,-0.03183279,0.4343867,-0.01654378,0.994107,0.1071334,-0.4352372,-0.103624,0.8943325,moving,-17.80622,-8.30455,3.032588,-1.322875,0.0058990411046511,0.1176959778239672,21.97725425676486,3.3520278632564664,21.77992076762301
2136,05/15/2023 18:38:26.412787,2319,True,True,True,True,Eyes,1.3884,0.08081403,-3.692362,-0.3064238,-0.1375169,0.9419095,0.0,0.0,0.0,0.0,0.0,0.0,0.0,0.3840292,0.3379283,3.920352,1.373379,0.08255863,-3.70646,0.0541586,-0.2243359,-0.003966547,0.9729978,5.947244,333.9375,358.1552,0.3526397,0.02043247,-0.9355355,0,0,0,0.9660007,-0.05119479,-2.752805,0.05383536,-0.02400556,1.04395,0.8993154,-0.03201831,0.4361269,-0.01658055,0.9941022,0.1071721,-0.4369862,-0.1036127,0.8934805,moving,-18.02085,-8.306383,2.952066,-1.317281,-0.0096014518844224,0.1155567250688045,22.106803303722135,3.290060492138695,21.906797526546118
2137,05/15/2023 18:38:26.432406,2320,True,True,True,True,Eyes,1.38815,0.08083358,-3.692383,-0.3098808,-0.1373364,0.9408042,0.0,0.0,0.0,0.0,0.0,0.0,0.0,0.3908681,0.3360733,3.91973,1.373165,0.08291435,-3.70642,0.0539705,-0.2251608,-0.004060222,0.9728173,5.92223,333.8405,358.1446,0.3525643,0.02043744,-0.9355638,0,0,0,0.9614056,-0.05124072,-2.752786,0.0516752,-0.02473346,1.045791,0.8985723,-0.03220379,0.4376424,-0.01640438,0.9941415,0.1068353,-0.4385189,-0.1031785,0.8927796,moving,-18.23078,-8.305243,2.82883,-1.35482,-0.0249844697962564,0.1138859106746463,22.176914871799212,3.2095722581162014,21.9745928117087
2138,05/15/2023 18:38:26.463041,2321,True,True,True,True,Eyes,1.387911,0.08085494,-3.692395,-0.3132834,-0.1372032,0.9396961,0.0,0.0,0.0,0.0,0.0,0.0,0.0,0.3978146,0.3313972,3.919507,1.373068,0.08260536,-3.706545,0.05332471,-0.2259987,-0.00407461,0.9726585,5.848116,333.7444,358.1549,0.3524907,0.02044243,-0.9355914,0,0,0,0.9568703,-0.05128606,-2.752767,0.04952294,-0.02569732,1.047725,0.897816,-0.03202903,0.4392046,-0.01617622,0.9942798,0.1055752,-0.4400736,-0.1018917,0.8921621,moving,-18.43777,-8.30695,2.706192,-1.404999,-0.0399378027263432,0.1118315400786127,22.241943635029855,3.137196802997383,22.037280587355124
2139,05/15/2023 18:38:26.482690,2322,True,True,True,True,Eyes,1.387658,0.08088338,-3.692411,-0.316614,-0.1370611,0.9385999,0.0,0.0,0.0,0.0,0.0,0.0,0.0,0.4038184,0.3345833,3.918471,1.372934,0.08268738,-3.706432,0.05375438,-0.2267421,-0.004223243,0.9724612,5.890805,333.6538,358.1224,0.3524191,0.02044751,-0.9356183,0,0,0,0.9523112,-0.05133164,-2.752748,0.04714771,-0.02490804,1.049551,0.8971403,-0.03259064,0.4405418,-0.01616289,0.9941852,0.1064633,-0.4414498,-0.1026329,0.891397,moving,-18.64058,-8.308023,2.5721,-1.359494,-0.0546345368143018,0.1099048368624313,22.321734879848407,3.009795220387213,22.11426568096873
2140,05/15/2023 18:38:26.508911,2323,True,True,True,True,Eyes,1.387409,0.08091151,-3.692429,-0.3198763,-0.1369134,0.9375147,0.0,0.0,0.0,0.0,0.0,0.0,0.0,0.4080729,0.327804,3.918438,1.372637,0.08287525,-3.706364,0.05296898,-0.2272438,-0.004706898,0.972385,5.789457,333.5956,358.0861,0.3523489,0.02045283,-0.9356446,0,0,0,0.9477653,-0.05137708,-2.752729,0.04445887,-0.02687789,1.051314,0.8966762,-0.03322757,0.4414383,-0.01491991,0.9943443,0.1051517,-0.4424355,-0.1008732,0.8911091,moving,-18.83944,-8.308667,2.421531,-1.464505,-0.0690759169518999,0.1080743226092226,22.33543018043496,2.9455268697920123,22.126051172157478
2141,05/15/2023 18:38:26.512762,2324,True,True,True,True,Eyes,1.38715,0.08093967,-3.692443,-0.3235552,-0.1367683,0.9362726,0.0,0.0,0.0,0.0,0.0,0.0,0.0,0.4154199,0.3271812,3.9178,1.372479,0.08289909,-3.706508,0.05291177,-0.2281344,-0.00495746,0.9721783,5.774723,333.4893,358.0542,0.35228,0.02045838,-0.9356704,0,0,0,0.9403573,-0.05145114,-2.752698,0.04000331,-0.02703939,1.05461,0.8958603,-0.03378106,0.4430501,-0.01450292,0.9943516,0.1051413,-0.4440992,-0.1006174,0.89031,moving,-19.06402,-8.310837,2.172294,-1.468698,-0.0852759219374819,0.1057996685926536,22.31134013012031,2.7523925702632814,22.098933567330377
2142,05/15/2023 18:38:26.532625,2325,True,True,True,True,Eyes,1.386896,0.08096151,-3.692456,-0.3271411,-0.1366379,0.9350448,0.0,0.0,0.0,0.0,0.0,0.0,0.0,0.4302634,0.323772,3.916314,1.372103,0.08291817,-3.706471,0.05244803,-0.2299263,-0.004869746,0.9717817,5.721704,333.2802,358.0658,0.3522121,0.02046412,-0.9356959,0,0,0,0.9363182,-0.05149151,-2.752681,0.04056536,-0.02791644,1.056061,0.8942204,-0.03358303,0.4463656,-0.01465371,0.994451,0.1041754,-0.4473871,-0.09969671,0.8887662,moving,-19.28325,-8.313779,2.199761,-1.514233,-0.1010276697562363,0.1034607975885035,22.53338828122031,2.812572083633589,22.31875060555243
2143,05/15/2023 18:38:26.552607,2326,True,True,True,True,Eyes,1.386636,0.08098652,-3.692472,-0.3309814,-0.1365421,0.9337064,0.0,0.0,0.0,0.0,0.0,0.0,0.0,0.436518,0.3250331,3.915449,1.372002,0.08279228,-3.706439,0.05257351,-0.2306913,-0.004777841,0.9715939,5.736625,333.1897,358.0682,0.3521453,0.02046988,-0.9357209,0,0,0,0.9301018,-0.05155366,-2.752655,0.03674029,-0.0274393,1.058738,0.8935173,-0.03354076,0.4477743,-0.01497226,0.9944264,0.1043646,-0.448779,-0.0999558,0.8880351,moving,-19.51847,-8.319769,1.987478,-1.484601,-0.1177138729817547,0.1005440379679036,22.566021380981805,2.6352452662821912,22.347877143280634
2144,05/15/2023 18:38:26.563176,2327,True,True,True,True,Eyes,1.38638,0.08101004,-3.692488,-0.3347265,-0.1364672,0.9323813,0.0,0.0,0.0,0.0,0.0,0.0,0.0,0.4431942,0.327131,3.914519,1.371784,0.08290386,-3.706512,0.05287077,-0.2314989,-0.004984865,0.9713848,5.76265,333.0918,358.0323,0.3520792,0.02047574,-0.9357457,0,0,0,0.9251164,-0.05160349,-2.752635,0.03432631,-0.02695984,1.060935,0.8927669,-0.03416349,0.4492218,-0.01479461,0.9943596,0.1050237,-0.450276,-0.1004077,0.887226,moving,-19.74822,-8.326921,1.853146,-1.455653,-0.1339135601754374,0.0975080484052923,22.667892204476797,2.5220457842727657,22.446377374319788
2145,05/15/2023 18:38:26.582921,2328,True,True,True,True,Eyes,1.386127,0.08102942,-3.692503,-0.3385993,-0.1364124,0.9309899,0.0,0.0,0.0,0.0,0.0,0.0,0.0,0.4499,0.3291986,3.913529,1.37164,0.08289623,-3.706511,0.05312862,-0.2323177,-0.005020018,0.971175,5.788803,332.9935,358.0164,0.352014,0.02048165,-0.9357701,0,0,0,0.9206262,-0.05164838,-2.752616,0.03225461,-0.02638015,1.062871,0.8920066,-0.03443607,0.4507089,-0.01493481,0.9943043,0.1055268,-0.4517757,-0.1008619,0.8864117,moving,-19.98623,-8.335889,1.738204,-1.421773,-0.1505776861664591,0.0941388241636591,22.798158537079523,2.421876321498892,22.573044039911604
2146,05/15/2023 18:38:26.602955,2329,True,True,True,True,Eyes,1.385878,0.08104919,-3.692518,-0.3423723,-0.1363728,0.9296148,0.0,0.0,0.0,0.0,0.0,0.0,0.0,0.4564083,0.3297258,3.912675,1.371409,0.08281994,-3.706539,0.05316245,-0.2330945,-0.00489551,0.9709876,5.794335,332.9022,358.0248,0.3519495,0.0204875,-0.9357942,0,0,0,0.9159054,-0.05169557,-2.752596,0.02994721,-0.02612796,1.064897,0.891286,-0.03429071,0.4521433,-0.01527679,0.9942996,0.1055224,-0.4531842,-0.1009579,0.8856815,moving,-20.21849,-8.345656,1.610857,-1.405508,-0.1667623652780661,0.0907049975473255,22.90602638408314,2.323485300543377,22.677408365009377
2147,05/15/2023 18:38:26.613025,2330,True,True,True,True,Eyes,1.385648,0.08106997,-3.69252,-0.3462381,-0.1363414,0.9281865,0.0,0.0,0.0,0.0,0.0,0.0,0.0,0.4629849,0.3311929,3.911798,1.371313,0.08285427,-3.706595,0.0533236,-0.2338927,-0.004722633,0.9707876,5.815337,332.8079,358.0349,0.3518857,0.0204933,-0.935818,0,0,0,0.9115193,-0.05173941,-2.752578,0.02788265,-0.02568954,1.066882,0.8905438,-0.03411335,0.4536167,-0.01577466,0.9942686,0.105741,-0.4546239,-0.1013226,0.8849016,moving,-20.45685,-8.356421,1.497068,-1.379364,-0.1833159985154119,0.0870743994261182,23.035924985378227,2.2302762075084064,22.803603581485344
2148,05/15/2023 18:38:26.632917,2331,True,True,True,True,Eyes,1.385423,0.0810879,-3.692521,-0.3499823,-0.136314,0.9267853,0.0,0.0,0.0,0.0,0.0,0.0,0.0,0.4673874,0.3307153,3.911154,1.371143,0.08291435,-3.706486,0.05326709,-0.2344249,-0.004730201,0.9706624,5.807754,332.7451,358.0325,0.3518233,0.02049909,-0.9358414,0,0,0,0.9068747,-0.05178585,-2.752559,0.02502795,-0.02583824,1.068818,0.8900453,-0.03415711,0.4545908,-0.01579141,0.9942805,0.1056265,-0.4555986,-0.101191,0.8844152,moving,-20.68806,-8.367221,1.341419,-1.384832,-0.1993459916180452,0.0835012576818015,23.109558653482804,2.1283701076199613,22.87375564352351
2149,05/15/2023 18:38:26.652794,2332,True,True,True,True,Eyes,1.385217,0.08110888,-3.692511,-0.3537275,-0.1362993,0.9253644,0.0,0.0,0.0,0.0,0.0,0.0,0.0,0.471575,0.3312656,3.910567,1.371047,0.08284378,-3.706484,0.05331504,-0.2349324,-0.0046643,0.9705373,5.813856,332.6852,358.0355,0.351762,0.0205048,-0.9358643,0,0,0,0.9022419,-0.05183216,-2.752539,0.02210231,-0.02559192,1.070879,0.8895701,-0.03410462,0.4555239,-0.01599711,0.9942715,0.1056801,-0.4565186,-0.1012969,0.8839286,moving,-20.91973,-8.378994,1.182384,-1.368997,-0.2153358670191562,0.0797842290134924,23.187140858868414,2.0131040400838436,22.947569940650038
2150,05/15/2023 18:38:26.663032,2333,True,True,True,True,Eyes,1.385017,0.08112751,-3.692501,-0.3573464,-0.1362863,0.9239749,0.0,0.0,0.0,0.0,0.0,0.0,0.0,0.4745009,0.3302405,3.910205,1.370899,0.08295727,-3.706436,0.05318467,-0.2352768,-0.004569591,0.9704614,5.801198,332.6456,358.0475,0.3517024,0.0205105,-0.9358866,0,0,0,0.8976355,-0.0518782,-2.75252,0.01886839,-0.02589902,1.072887,0.8892479,-0.03389547,0.4561681,-0.01615702,0.994301,0.1053776,-0.4571402,-0.1010771,0.8836324,moving,-21.14393,-8.39063,1.007532,-1.382827,-0.2307918020414298,0.0761521780135667,23.23352258320406,1.913652549597101,22.99047407979743
2151,05/15/2023 18:38:26.682568,2334,True,True,True,True,Eyes,1.384828,0.08114699,-3.692484,-0.3609695,-0.1362879,0.9225653,0.0,0.0,0.0,0.0,0.0,0.0,0.0,0.4775752,0.330574,3.909777,1.370834,0.08293533,-3.706433,0.05320817,-0.2356483,-0.004464252,0.9703705,5.805932,332.6021,358.0565,0.3516444,0.02051616,-0.9359083,0,0,0,0.8932106,-0.05192244,-2.752502,0.01580144,-0.02573662,1.074888,0.8888999,-0.03374079,0.4568573,-0.01641287,0.9942979,0.1053673,-0.4578075,-0.1011593,0.8832776,moving,-21.36877,-8.403364,0.8422185,-1.371601,-0.2462112753073113,0.0723566984838786,23.297504180390256,1.8082293026014107,23.050676457480286
2152,05/15/2023 18:38:26.702865,2335,True,True,True,True,Eyes,1.38464,0.08116962,-3.692469,-0.3644653,-0.1362823,0.9211906,0.0,0.0,0.0,0.0,0.0,0.0,0.0,0.4797906,0.3308433,3.909392,1.370659,0.08299732,-3.706399,0.05326118,-0.2359087,-0.004575182,0.9703038,5.808299,332.5704,358.041,0.3515881,0.02052178,-0.9359293,0,0,0,0.8885793,-0.05196873,-2.752482,0.0124336,-0.02570414,1.076921,0.8886523,-0.03400818,0.4573188,-0.01625092,0.9942846,0.1055177,-0.4582935,-0.1012004,0.8830206,moving,-21.58603,-8.41538,0.6614796,-1.367286,-0.2611327626564221,0.0687306755227232,23.337251604139855,1.7068560173915666,23.086748606224916
2153,05/15/2023 18:38:26.722902,2336,True,True,True,True,Eyes,1.38447,0.0811912,-3.692446,-0.3679578,-0.1362439,0.9198068,0.0,0.0,0.0,0.0,0.0,0.0,0.0,0.4821668,0.330373,3.909124,1.370513,0.08309746,-3.706436,0.05322718,-0.2361881,-0.004717765,0.970237,5.800065,332.5367,358.0244,0.3515334,0.02052745,-0.9359497,0,0,0,0.884199,-0.05201252,-2.752464,0.009341821,-0.02590524,1.078916,0.8883858,-0.03429795,0.4578146,-0.01598855,0.9942892,0.1055145,-0.458819,-0.1010574,0.882764,moving,-21.80329,-8.425522,0.4960844,-1.375432,-0.2761960731440737,0.0653740362011709,23.387301418493657,1.634729079435906,23.133396268557206
2154,05/15/2023 18:38:26.752734,2337,True,True,True,True,Eyes,1.384297,0.08121503,-3.692422,-0.3713434,-0.1361923,0.9184529,0.0,0.0,0.0,0.0,0.0,0.0,0.0,0.4847139,0.3275796,3.909045,1.370378,0.08315182,-3.706487,0.05289397,-0.2364867,-0.004892055,0.9701816,5.757582,332.502,358.0123,0.3514806,0.02053315,-0.9359695,0,0,0,0.8797199,-0.0520573,-2.752446,0.006199688,-0.02670352,1.080957,0.8881003,-0.03450981,0.4583524,-0.01552507,0.9943566,0.1049474,-0.4593875,-0.1003197,0.8825526,moving,-22.01418,-8.434609,0.3286088,-1.415123,-0.2908750694305639,0.0622247216869746,23.419508856199386,1.6019727074012087,23.16265114192793
2155,05/15/2023 18:38:26.783039,2338,True,True,True,True,Eyes,1.384132,0.08123311,-3.692391,-0.3748235,-0.1361033,0.9170514,0.0,0.0,0.0,0.0,0.0,0.0,0.0,0.4884293,0.3258266,3.908576,1.370121,0.08319283,-3.706419,0.05269593,-0.2369256,-0.005099343,0.9700843,5.728959,332.45,357.992,0.3514294,0.02053893,-0.9359885,0,0,0,0.8745499,-0.05210898,-2.752424,0.002824396,-0.02723099,1.083168,0.8876806,-0.03486361,0.4591381,-0.01507645,0.9943943,0.1046553,-0.460213,-0.09982267,0.8821788,moving,-22.23115,-8.441877,0.1494003,-1.44012,-0.3061347513083404,0.0592837484053114,23.450237372314145,1.5670749132387995,23.190285800665038
2156,05/15/2023 18:38:26.808913,2339,True,True,True,True,Eyes,1.383956,0.08125096,-3.692367,-0.3782299,-0.136019,0.9156642,0.0,0.0,0.0,0.0,0.0,0.0,0.0,0.5022714,0.3224739,3.907039,1.369733,0.0830183,-3.706502,0.05221879,-0.2385871,-0.005028898,0.9697032,5.674322,332.2559,358.0033,0.3513799,0.02054463,-0.936007,0,0,0,0.8703686,-0.05215078,-2.752407,0.003173694,-0.02793797,1.084963,0.8861018,-0.03467054,0.4621921,-0.01516439,0.9944958,0.1036731,-0.4632425,-0.09887379,0.8806988,moving,-22.44386,-8.449317,0.1675991,-1.47505,-0.3210710074982081,0.0563552808252945,23.662596704889804,1.6074826929400856,23.40034902810675
2157,05/15/2023 18:38:26.822945,2340,True,True,True,True,Eyes,1.38377,0.08126882,-3.692345,-0.3816345,-0.1359234,0.9142647,0.0,0.0,0.0,0.0,0.0,0.0,0.0,0.5098711,0.3236262,3.905944,1.369553,0.08310032,-3.706551,0.05238613,-0.2395127,-0.005212731,0.969465,5.685966,332.1445,357.9727,0.3513316,0.02055025,-0.936025,0,0,0,0.8598658,-0.05225577,-2.752363,-0.003814049,-0.02766474,1.089861,0.885213,-0.03520141,0.4638521,-0.01498716,0.9944571,0.1040701,-0.4649444,-0.09907602,0.8797789,moving,-22.65675,-8.456207,-0.20051,-1.454069,-0.3360620032076536,0.053504301499023,23.522598740544037,1.5136550482082343,23.256135696814926
2158,05/15/2023 18:38:26.842898,2341,True,True,True,True,Eyes,1.383575,0.08128173,-3.692326,-0.3849862,-0.1358321,0.912872,0.0,0.0,0.0,0.0,0.0,0.0,0.0,0.5261423,0.3232428,3.903769,1.369089,0.08314037,-3.706671,0.05236477,-0.2414819,-0.005626349,0.9689752,5.667942,331.9091,357.9156,0.3512842,0.02055582,-0.9360427,0,0,0,0.8546135,-0.05230828,-2.752341,-0.003494412,-0.02785722,1.09224,0.8833097,-0.03619387,0.4673906,-0.0143867,0.9944525,0.1041976,-0.4685691,-0.098763,0.8778889,moving,-22.86665,-8.463312,-0.1833062,-1.460993,-0.3508188587398114,0.0506485475249227,23.73955680560948,1.5208946903193605,23.470529473152975
2159,05/15/2023 18:38:26.852891,2342,True,True,True,True,Eyes,1.383575,0.08128173,-3.692326,-0.3849862,-0.1358321,0.912872,0.0,0.0,0.0,0.0,0.0,0.0,0.0,0.53588,0.3237167,3.902344,1.368719,0.08303738,-3.706745,0.05239672,-0.2426444,-0.00561331,0.9686831,5.669355,331.7712,357.9093,0.3512374,0.0205612,-0.9360601,0,0,0,0.8476303,-0.05237808,-2.752312,-0.006670743,-0.02759385,1.095449,0.8821843,-0.03630258,0.4695027,-0.01455251,0.9944462,0.1042357,-0.4706793,-0.09878756,0.8767565,moving,-22.86665,-8.463312,-0.3488986,-1.442949,-0.3508188587398114,0.0506485475249227,23.58674680332095,1.4935987819244134,23.316911436788942
2160,05/15/2023 18:38:26.883109,2343,True,True,True,True,Eyes,1.383575,0.08128173,-3.692326,-0.3849862,-0.1358321,0.912872,0.0,0.0,0.0,0.0,0.0,0.0,0.0,0.547298,0.3253606,3.900653,1.368506,0.08313465,-3.706854,0.052598,-0.2440314,-0.005580912,0.9683238,5.689648,331.606,357.8991,0.3511952,0.02056604,-0.9360758,0,0,0,0.8434927,-0.05241944,-2.752295,-0.00693877,-0.02715778,1.097457,0.880835,-0.03647938,0.4720158,-0.01486287,0.9944046,0.1045876,-0.47319,-0.09913994,0.8753642,moving,-22.86665,-8.463312,-0.3622529,-1.417558,-0.3508188587398114,0.0506485475249227,23.58157200576341,1.4682510696384978,23.311363159297127
2161,05/15/2023 18:38:26.892536,2344,True,True,True,True,Eyes,1.38332,0.08130336,-3.692325,-0.3890072,-0.1357204,0.9111824,0.0,0.0,0.0,0.0,0.0,0.0,0.0,0.5583025,0.3245417,3.899077,1.368227,0.0833683,-3.706864,0.05251684,-0.2453646,-0.005662329,0.9679908,5.675426,331.4478,357.8845,0.3511573,0.02057039,-0.9360899,0,0,0,0.8385004,-0.05246935,-2.752274,-0.008037217,-0.02752788,1.099764,0.8795283,-0.03673371,0.4744266,-0.01480938,0.9944199,0.1044503,-0.4756162,-0.09889295,0.8740763,moving,-23.11888,-8.471906,-0.4187176,-1.433855,-0.3685474422546798,0.0472088090647273,23.766184693067054,1.4819133076025433,23.492716519792424
2162,05/15/2023 18:38:26.913012,2345,True,True,True,True,Eyes,1.383072,0.08132519,-3.692321,-0.392866,-0.1355954,0.909544,0.0,0.0,0.0,0.0,0.0,0.0,0.0,0.5812594,0.322724,3.895834,1.367692,0.08323288,-3.707025,0.05217448,-0.2481242,-0.005071796,0.967309,5.648239,331.1251,357.9439,0.3511175,0.02057491,-0.9361048,0,0,0,0.8338892,-0.05251545,-2.752255,-0.005392738,-0.02764428,1.101892,0.8768173,-0.03570348,0.4794962,-0.01607952,0.9945042,0.1034545,-0.4805548,-0.0984208,0.8714243,moving,-23.36132,-8.479243,-0.2804074,-1.437136,-0.3856577973408711,0.0440353216478548,24.131303268747995,1.4849061014799771,23.855298019881495
2163,05/15/2023 18:38:26.922817,2346,True,True,True,True,Eyes,1.382784,0.08135484,-3.692341,-0.3969185,-0.1354403,0.9078059,0.0,0.0,0.0,0.0,0.0,0.0,0.0,0.5821226,0.3207668,3.895778,1.367596,0.08324337,-3.706965,0.05189433,-0.2482129,-0.004759684,0.9673029,5.625868,331.1175,357.9863,0.3510762,0.02057957,-0.9361202,0,0,0,0.8267359,-0.05258695,-2.752225,-0.01145244,-0.02803224,1.105255,0.8767354,-0.03496979,0.4797,-0.01655357,0.9945686,0.1027579,-0.480688,-0.09803223,0.8713947,moving,-23.61631,-8.485666,-0.5936667,-1.452863,-0.4037517907173452,0.0408835388953474,24.072856551640147,1.505771030146904,23.79278107660988
2164,05/15/2023 18:38:26.943821,2347,True,True,True,True,Eyes,1.382494,0.08138648,-3.692361,-0.4009001,-0.135287,0.9060776,0.0,0.0,0.0,0.0,0.0,0.0,0.0,0.5943341,0.3177598,3.894242,1.36739,0.08331585,-3.707106,0.05150071,-0.2496907,-0.004729985,0.9669437,5.579942,330.9442,357.9924,0.3510324,0.02058457,-0.9361365,0,0,0,0.8230057,-0.05262424,-2.752209,-0.01111238,-0.02883317,1.107115,0.8752644,-0.03486574,0.4823864,-0.01657124,0.9946506,0.1019586,-0.4833608,-0.09723449,0.8700045,moving,-23.86732,-8.492129,-0.5750719,-1.491846,-0.4215527505414184,0.0377607895074867,24.321446988862373,1.5372914687065322,24.038887391656935
2165,05/15/2023 18:38:26.952621,2348,True,True,True,True,Eyes,1.382169,0.081421,-3.692401,-0.4049791,-0.1350875,0.9042916,0.0,0.0,0.0,0.0,0.0,0.0,0.0,0.6050216,0.3181118,3.892431,1.367076,0.08349514,-3.707075,0.05156523,-0.2509859,-0.004822128,0.9666044,5.581742,330.7895,357.9728,0.3509864,0.0205899,-0.9361536,0,0,0,0.8191161,-0.05266313,-2.752193,-0.01126302,-0.02885283,1.108889,0.8739657,-0.03520647,0.4847108,-0.01656212,0.9946356,0.1021069,-0.4857054,-0.09726578,0.8686942,moving,-24.1248,-8.496293,-0.5819349,-1.490475,-0.4399991397645327,0.0349119719512904,24.56314277461095,1.5319762316146903,24.277559559785388
2166,05/15/2023 18:38:26.972683,2349,True,True,True,True,Eyes,1.381836,0.08144568,-3.692448,-0.4090051,-0.1349112,0.9025041,0.0,0.0,0.0,0.0,0.0,0.0,0.0,0.6162291,0.3137363,3.89103,1.366672,0.08356476,-3.707224,0.05104624,-0.2523279,-0.005274524,0.9662801,5.508195,330.6304,357.93,0.3509375,0.02059563,-0.9361719,0,0,0,0.8162675,-0.0526916,-2.752182,-0.01018518,-0.03021303,1.110225,0.8726057,-0.03595412,0.4871002,-0.01556745,0.994733,0.1013118,-0.4881773,-0.09598811,0.8674499,moving,-24.37952,-8.501927,-0.5256155,-1.55883,-0.4581331703640966,0.0318759659933622,24.843819268512828,1.5921367199647034,24.556378662510355
2167,05/15/2023 18:38:26.983079,2350,True,True,True,True,Eyes,1.38144,0.08146773,-3.692532,-0.4130133,-0.1347772,0.9006971,0.0,0.0,0.0,0.0,0.0,0.0,0.0,0.6294727,0.3158744,3.888784,1.366184,0.08335495,-3.707459,0.05126606,-0.2539051,-0.005200765,0.9658555,5.531342,330.4422,357.9227,0.3508856,0.02060144,-0.9361912,0,0,0,0.8106919,-0.05274734,-2.752158,-0.0108901,-0.02937201,1.112976,0.8710104,-0.03607981,0.489938,-0.01598705,0.9946895,0.1016722,-0.4910045,-0.09639022,0.865808,moving,-24.63375,-8.510397,-0.5606027,-1.511715,-0.4760168699688391,0.0284365732414246,25.0698617998708,1.5424725706475613,24.77840463835537
2168,05/15/2023 18:38:27.002943,2351,True,True,True,True,Eyes,1.381042,0.08148955,-3.692618,-0.4169891,-0.1346654,0.8988801,0.0,0.0,0.0,0.0,0.0,0.0,0.0,0.6428697,0.3166633,3.886541,1.365785,0.08324909,-3.707621,0.05131841,-0.2555106,-0.005025813,0.9654303,5.538835,330.2519,357.9313,0.3508294,0.02060726,-0.9362121,0,0,0,0.8062384,-0.05279186,-2.75214,-0.01066987,-0.02894275,1.115165,0.8693781,-0.03592894,0.4928394,-0.01652066,0.9946823,0.101657,-0.4938711,-0.09652039,0.8641616,moving,-24.88651,-8.52038,-0.5481881,-1.486709,-0.4936789537791329,0.0247925369479167,25.334293766439604,1.5124840968478455,25.03921597639712
2169,05/15/2023 18:38:27.012788,2352,True,True,True,True,Eyes,1.380585,0.08151595,-3.692742,-0.4209397,-0.134586,0.8970487,0.0,0.0,0.0,0.0,0.0,0.0,0.0,0.6581551,0.3184097,3.883859,1.365407,0.08326626,-3.707781,0.05149446,-0.2573504,-0.004716549,0.9649336,5.563557,330.0337,357.9498,0.3507692,0.02061308,-0.9362345,0,0,0,0.8025731,-0.0528285,-2.752125,-0.00924518,-0.02828366,1.117004,0.867497,-0.03560655,0.4961664,-0.01740194,0.9946522,0.1018051,-0.497138,-0.09694985,0.8622382,moving,-25.1383,-8.532556,-0.4742131,-1.450477,-0.5111043927856954,0.0208417387545476,25.660729248659177,1.4717811652870385,25.361942969085234
2170,05/15/2023 18:38:27.032701,2353,True,True,True,True,Eyes,1.380124,0.08154395,-3.692863,-0.4248647,-0.1345,0.8952093,0.0,0.0,0.0,0.0,0.0,0.0,0.0,0.6743581,0.3183849,3.881155,1.365024,0.08333683,-3.707999,0.05147148,-0.2593034,-0.00463313,0.9644123,5.559344,329.8018,357.9485,0.3507039,0.02061901,-0.9362589,0,0,0,0.7979873,-0.05287434,-2.752105,-0.008270636,-0.02821728,1.119354,0.8654806,-0.03562995,0.4996738,-0.01775697,0.9946585,0.1016822,-0.5006278,-0.09687667,0.8602249,moving,-25.38893,-8.544447,-0.4233371,-1.444038,-0.5284668759407108,0.0169420465651417,25.955666757296203,1.4647576476164335,25.653572648900642
2171,05/15/2023 18:38:27.053267,2354,True,True,True,True,Eyes,1.379583,0.08157615,-3.693031,-0.4286898,-0.1344388,0.8933932,0.0,0.0,0.0,0.0,0.0,0.0,0.0,0.6900244,0.3176106,3.878371,1.364522,0.08340263,-3.708086,0.05135343,-0.2611838,-0.004521184,0.9639115,5.54564,329.5789,357.9536,0.3506338,0.02062509,-0.936285,0,0,0,0.7932463,-0.05292173,-2.752086,-0.007548712,-0.02835184,1.121613,0.8635252,-0.03554142,0.5030518,-0.01810933,0.9946848,0.101362,-0.5039805,-0.09663862,0.8582916,moving,-25.63376,-8.55772,-0.385608,-1.447999,-0.5453021478476611,0.0128943839279098,26.23008410419122,1.4695957607659087,25.924754573228963
2172,05/15/2023 18:38:27.072810,2355,True,True,True,True,Eyes,1.379046,0.08160755,-3.693196,-0.4325063,-0.1343722,0.8915618,0.0,0.0,0.0,0.0,0.0,0.0,0.0,0.7067556,0.3168314,3.875404,1.364072,0.08343983,-3.708232,0.05120428,-0.2631909,-0.00411405,0.9633753,5.537217,329.3426,357.9918,0.3505573,0.02063139,-0.9363135,0,0,0,0.7889224,-0.05296496,-2.752068,-0.006220326,-0.02833727,1.123749,0.8614273,-0.03487974,0.5066817,-0.01902625,0.9947224,0.1008234,-0.5075244,-0.09649231,0.8562174,moving,-25.87853,-8.570854,-0.3171479,-1.444505,-0.5621435672315379,0.0088672266254303,26.53618482246462,1.473877100062413,26.227627037892844
2173,05/15/2023 18:38:27.082729,2356,True,True,True,True,Eyes,1.378395,0.08164651,-3.693429,-0.4360508,-0.1343644,0.8898348,0.0,0.0,0.0,0.0,0.0,0.0,0.0,0.7242217,0.3153711,3.872244,1.363673,0.08344078,-3.708323,0.0509425,-0.2652905,-0.003426587,0.9628157,5.524904,329.097,358.0639,0.3504752,0.02063788,-0.9363441,0,0,0,0.7842999,-0.05301116,-2.752048,-0.005038559,-0.02835757,1.126022,0.8592184,-0.03362747,0.5105026,-0.02043078,0.9947863,0.09991457,-0.5112008,-0.0962784,0.8540516,moving,-26.1065,-8.586751,-0.2563772,-1.442624,-0.5775517369937243,0.0045897176696327,26.81916104890697,1.4824239028780846,26.507355443947322
2174,05/15/2023 18:38:27.102724,2357,True,True,True,True,Eyes,1.377751,0.08169272,-3.693657,-0.4395813,-0.1343448,0.8880989,0.0,0.0,0.0,0.0,0.0,0.0,0.0,0.7402612,0.3156769,3.869158,1.363277,0.08352947,-3.708437,0.05092505,-0.2672159,-0.002790746,0.9622861,5.538667,328.8705,358.1238,0.3503847,0.0206447,-0.9363778,0,0,0,0.7789065,-0.05306508,-2.752026,-0.004869368,-0.02795457,1.128746,0.8571757,-0.03258697,0.513992,-0.02184498,0.9947977,0.0995004,-0.5145605,-0.09651748,0.8520045,moving,-26.33398,-8.602052,-0.2471704,-1.4187,-0.5929693073573915,0.0004021648499834,27.057756393732205,1.4606258379925625,26.742184798295465
2175,05/15/2023 18:38:27.112714,2358,True,True,True,True,Eyes,1.377041,0.08173429,-3.693928,-0.4430141,-0.1343031,0.8863978,0.0,0.0,0.0,0.0,0.0,0.0,0.0,0.7555766,0.3140379,3.866292,1.36285,0.08374214,-3.708552,0.05070311,-0.2690534,-0.002450754,0.9617866,5.521104,328.6539,358.1578,0.3502871,0.02065203,-0.9364141,0,0,0,0.7746864,-0.05310727,-2.752008,-0.003806867,-0.02831529,1.13085,0.8552085,-0.03199789,0.5172954,-0.02256949,0.9948464,0.09884991,-0.5177925,-0.09621239,0.850079,moving,-26.5555,-8.615673,-0.1928784,-1.434326,-0.6080797381547177,-0.003491803902238,27.323242164120924,1.48985859997793,27.00489723350115
2176,05/15/2023 18:38:27.132701,2359,True,True,True,True,Eyes,1.376343,0.08177615,-3.694195,-0.4464151,-0.1342914,0.8846916,0.0,0.0,0.0,0.0,0.0,0.0,0.0,0.7708237,0.3118577,3.863472,1.362464,0.08359337,-3.708712,0.05035651,-0.2708813,-0.001968406,0.9612927,5.49439,328.4397,358.2115,0.3501812,0.02065967,-0.9364535,0,0,0,0.7707378,-0.05314674,-2.751992,-0.002572667,-0.02849619,1.132844,0.8532388,-0.03106571,0.5205942,-0.02349685,0.9949207,0.09788109,-0.5209907,-0.09574828,0.848175,moving,-26.7755,-8.631301,-0.1301174,-1.440947,-0.6229275242528355,-0.0076609907024933,27.598507288360704,1.5156419771879068,27.277151055907204
2177,05/15/2023 18:38:27.152849,2360,True,True,True,True,Eyes,1.375604,0.08181389,-3.694486,-0.4498893,-0.134248,0.8829366,0.0,0.0,0.0,0.0,0.0,0.0,0.0,0.7846264,0.3139507,3.860571,1.362075,0.08369064,-3.708902,0.0505684,-0.2725254,-0.001239412,0.9608181,5.537575,328.2458,358.276,0.3500682,0.0206676,-0.9364955,0,0,0,0.7661864,-0.05319224,-2.751973,-0.002255373,-0.02754188,1.13524,0.8514567,-0.02994405,0.5235694,-0.02518065,0.9948826,0.09784959,-0.52382,-0.09649851,0.8463454,moving,-27.00055,-8.645442,-0.1138289,-1.389771,-0.6382558184898025,-0.0116605588826053,27.84852838426882,1.474520932626421,27.523088991094028
2178,05/15/2023 18:38:27.162972,2361,True,True,True,True,Eyes,1.374884,0.08185726,-3.694775,-0.4533245,-0.1342454,0.8811783,0.0,0.0,0.0,0.0,0.0,0.0,0.0,0.7968343,0.3100315,3.858245,1.361712,0.0835228,-3.708893,0.0499913,-0.2739828,-0.0005467315,0.9604343,5.493173,328.0778,358.3625,0.3499475,0.02067569,-0.9365404,0,0,0,0.7614899,-0.05323919,-2.751954,-0.002648097,-0.02808705,1.1375,0.8498663,-0.02844371,0.5262302,-0.0263433,0.9950011,0.0963263,-0.5263396,-0.09572712,0.8448687,moving,-27.22367,-8.662271,-0.1333841,-1.414454,-0.6532400553480456,-0.0160296542554641,28.043081881441413,1.4919252210087015,27.714479034065228
2179,05/15/2023 18:38:27.182902,2362,True,True,True,True,Eyes,1.374116,0.08190767,-3.695091,-0.4566994,-0.1342098,0.8794392,0.0,0.0,0.0,0.0,0.0,0.0,0.0,0.8092161,0.3134533,3.855531,1.361481,0.08370972,-3.709119,0.05041085,-0.2754744,-0.000125809,0.9599859,5.550213,327.8994,358.3871,0.3498205,0.02068406,-0.9365877,0,0,0,0.7567315,-0.05328675,-2.751934,-0.002880849,-0.02693963,1.140158,0.8482277,-0.02801534,0.5288901,-0.02753224,0.9949175,0.09685671,-0.5289155,-0.09671809,0.8431453,moving,-27.44319,-8.676867,-0.1447695,-1.353532,-0.6681309669120091,-0.0200462982129026,28.263669211852967,1.4325122484359138,27.93068772135905
2180,05/15/2023 18:38:27.192643,2363,True,True,True,True,Eyes,1.373362,0.0819579,-3.695405,-0.4600283,-0.1341584,0.8777105,0.0,0.0,0.0,0.0,0.0,0.0,0.0,0.8194652,0.3091255,3.853593,1.361073,0.08386803,-3.709138,0.04986568,-0.2766955,3.730614e-05,0.9596629,5.493289,327.7567,358.4155,0.3496864,0.02069286,-0.9366375,0,0,0,0.7523278,-0.05333078,-2.751915,-0.00340328,-0.02807862,1.142308,0.8468791,-0.02752363,0.5310726,-0.02766683,0.9950268,0.09568786,-0.5310653,-0.09572915,0.841906,moving,-27.66007,-8.690419,-0.1707008,-1.408081,-0.6829085216983589,-0.0238897969930345,28.437613573578087,1.4759207419943978,28.102259241571424
2181,05/15/2023 18:38:27.212753,2364,True,True,True,True,Eyes,1.372585,0.08200116,-3.695735,-0.4632794,-0.134094,0.8760085,0.0,0.0,0.0,0.0,0.0,0.0,0.0,0.8304874,0.3072557,3.851479,1.36064,0.08390713,-3.709396,0.04961423,-0.2779969,0.000217435,0.9592998,5.469205,327.603,358.4361,0.3495463,0.02070203,-0.9366895,0,0,0,0.7481496,-0.05337254,-2.751898,-0.003375147,-0.02842349,1.144541,0.8454353,-0.02716804,0.5333863,-0.02800237,0.9950768,0.09506895,-0.5333431,-0.09531074,0.8405123,moving,-27.87224,-8.702932,-0.1689595,-1.422589,-0.6974215088475159,-0.0275427785329838,28.64393731070031,1.4917861960832561,28.305779945959298
2182,05/15/2023 18:38:27.232914,2365,True,True,True,True,Eyes,1.371829,0.08204878,-3.696059,-0.4665047,-0.1340209,0.8743065,0.0,0.0,0.0,0.0,0.0,0.0,0.0,0.8427428,0.3046506,3.849001,1.360238,0.08375645,-3.709524,0.04922213,-0.2794541,0.0007645995,0.9588963,5.441257,327.433,358.5009,0.3494003,0.02071136,-0.9367437,0,0,0,0.7436212,-0.05341781,-2.751879,-0.003426246,-0.02865188,1.146858,0.8438097,-0.02604431,0.5360102,-0.028977,0.9951531,0.09397049,-0.5358597,-0.09482517,0.8389652,moving,-28.08309,-8.714931,-0.171171,-1.431119,-0.7118772121729097,-0.0311103374677998,28.84664867040719,1.5007956100174253,28.50562515126129
2183,05/15/2023 18:38:27.252345,2366,True,True,True,True,Eyes,1.371066,0.08209398,-3.696391,-0.4695706,-0.1339597,0.872673,0.0,0.0,0.0,0.0,0.0,0.0,0.0,0.8555512,0.3026561,3.846407,1.35998,0.08390617,-3.709694,0.04894986,-0.2809942,0.001258043,0.9584596,5.424841,327.2521,358.5554,0.3492492,0.02072095,-0.9367998,0,0,0,0.7390003,-0.05346401,-2.75186,-0.003417797,-0.02893196,1.149383,0.8420813,-0.02509769,0.5387663,-0.02992083,0.9952046,0.09312591,-0.53852,-0.09453992,0.8372924,moving,-28.28394,-8.72707,-0.1703738,-1.441929,-0.7255936611463175,-0.0346106259326925,29.04213979498865,1.512882711976968,28.69839414424574
2184,05/15/2023 18:38:27.262960,2367,True,True,True,True,Eyes,1.370319,0.08213785,-3.696716,-0.4726079,-0.1338983,0.8710413,0.0,0.0,0.0,0.0,0.0,0.0,0.0,0.8669909,0.3017698,3.843883,1.359693,0.08387089,-3.709767,0.04880867,-0.2823737,0.001590849,0.9580608,5.418039,327.0891,358.5889,0.3490935,0.0207307,-0.9368575,0,0,0,0.7345237,-0.05350875,-2.751841,-0.003656529,-0.02885852,1.151731,0.8405252,-0.0245163,0.5412174,-0.03061282,0.9952304,0.09262491,-0.5409068,-0.09442177,0.8357657,moving,-28.48329,-8.739219,-0.1819027,-1.43534,-0.7392000544399925,-0.038099242599757,29.22867036919816,1.5042812487717245,28.881850114724735
2185,05/15/2023 18:38:27.282857,2368,True,True,True,True,Eyes,1.369561,0.0821804,-3.697055,-0.4754905,-0.1338364,0.8694806,0.0,0.0,0.0,0.0,0.0,0.0,0.0,0.8783686,0.3015225,3.841366,1.359357,0.08388519,-3.709939,0.04877087,-0.2837407,0.001674098,0.9576586,5.414583,326.9258,358.5916,0.348934,0.02074056,-0.9369167,0,0,0,0.729983,-0.05355415,-2.751822,-0.003818713,-0.02875923,1.154188,0.8389768,-0.02447013,0.5436167,-0.03088299,0.9952372,0.09246165,-0.5432901,-0.09436169,0.8342253,moving,-28.67281,-8.750675,-0.1895665,-1.42736,-0.7521426215036019,-0.0414023324809449,29.40962602396564,1.4957842587221242,29.05987733065591
2186,05/15/2023 18:38:27.302810,2369,True,True,True,True,Eyes,1.36882,0.08222067,-3.697386,-0.478345,-0.1337856,0.8679214,0.0,0.0,0.0,0.0,0.0,0.0,0.0,0.8893865,0.301089,3.838914,1.359056,0.0838747,-3.710101,0.04869889,-0.2850643,0.001883705,0.9572687,5.411596,326.7684,358.6095,0.3487708,0.02075048,-0.9369772,0,0,0,0.7253568,-0.05360039,-2.751803,-0.004200177,-0.02862332,1.156708,0.8374696,-0.0241582,0.5459496,-0.03137105,0.9952497,0.09216189,-0.5455827,-0.0943098,0.8327335,moving,-28.86086,-8.762877,-0.2080485,-1.417523,-0.7649216188492093,-0.0447998112337055,29.579348069892415,1.481376597450341,29.226541050838236
2187,05/15/2023 18:38:27.313034,2370,True,True,True,True,Eyes,1.368086,0.08226138,-3.697719,-0.4813053,-0.1337162,0.8662939,0.0,0.0,0.0,0.0,0.0,0.0,0.0,0.9002206,0.3015083,3.836375,1.358725,0.0838623,-3.710245,0.04872734,-0.2863602,0.002238049,0.9568796,5.424509,326.6144,358.6402,0.3486046,0.02076041,-0.9370388,0,0,0,0.7208436,-0.05364551,-2.751784,-0.00454207,-0.02816924,1.159151,0.8359856,-0.02362406,0.5482425,-0.03219023,0.9952413,0.09197062,-0.5478064,-0.09453417,0.8312469,moving,-29.05616,-8.774602,-0.2245091,-1.392105,-0.7782649932032736,-0.0481920837256819,29.761810354453907,1.4535293308998953,29.40563500657639
2188,05/15/2023 18:38:27.332568,2371,True,True,True,True,Eyes,1.367366,0.08230387,-3.698045,-0.4842369,-0.1336266,0.8646725,0.0,0.0,0.0,0.0,0.0,0.0,0.0,0.911263,0.2995253,3.833979,1.358442,0.08390427,-3.710405,0.04845731,-0.287684,0.0026106,0.9564952,5.405301,326.4585,358.6827,0.3484359,0.02077034,-0.9371012,0,0,0,0.7162961,-0.05369097,-2.751765,-0.004879825,-0.02841046,1.161656,0.8344623,-0.02288673,0.5505896,-0.03287484,0.9952902,0.09119631,-0.5500836,-0.09420041,0.8297796,moving,-29.24985,-8.784998,-0.2406837,-1.400995,-0.791591631301792,-0.0513792445811427,29.934181627782383,1.4577250207244274,29.575388766664787
2189,05/15/2023 18:38:27.352633,2372,True,True,True,True,Eyes,1.366665,0.08234652,-3.698364,-0.4873095,-0.1334921,0.8629654,0.0,0.0,0.0,0.0,0.0,0.0,0.0,0.922321,0.2966143,3.831572,1.358095,0.08398724,-3.710541,0.0480804,-0.2890063,0.002916479,0.9561146,5.372272,326.3029,358.7215,0.3482653,0.02078033,-0.9371643,0,0,0,0.7116011,-0.0537379,-2.751746,-0.00528203,-0.02897825,1.164193,0.8329337,-0.0222141,0.5529267,-0.03336805,0.9953595,0.09025498,-0.5523658,-0.09362651,0.8283273,moving,-29.45306,-8.793387,-0.2599534,-1.425871,-0.8057638414917186,-0.0543611035337907,30.108433452592973,1.4761261579370974,29.747403075755695
2190,05/15/2023 18:38:27.372902,2373,True,True,True,True,Eyes,1.36598,0.08239086,-3.698674,-0.4903489,-0.1333307,0.861267,0.0,0.0,0.0,0.0,0.0,0.0,0.0,0.9335386,0.2947509,3.82902,1.357818,0.08403301,-3.710665,0.04783112,-0.2903574,0.003248927,0.9557167,5.354214,326.1432,358.7589,0.3480935,0.02079037,-0.9372278,0,0,0,0.7071888,-0.05378201,-2.751728,-0.005430112,-0.02920758,1.166615,0.8313641,-0.02156613,0.5553094,-0.03398634,0.9954032,0.0895393,-0.5546879,-0.0933127,0.8268096,moving,-29.65435,-8.799966,-0.2666862,-1.434167,-0.8199331287664063,-0.0570659988401449,30.296695835193507,1.484078613680871,29.933339804915992
2191,05/15/2023 18:38:27.382774,2374,True,True,True,True,Eyes,1.36533,0.08243217,-3.698966,-0.4934477,-0.1331473,0.8595238,0.0,0.0,0.0,0.0,0.0,0.0,0.0,0.9443094,0.2913212,3.826651,1.357566,0.08411312,-3.710766,0.04740289,-0.2916632,0.003318162,0.9553401,5.307868,325.9885,358.7736,0.3479211,0.0208005,-0.9372916,0,0,0,0.7025195,-0.05382869,-2.751708,-0.005885531,-0.03004499,1.169175,0.8298432,-0.0213114,0.5575895,-0.0339913,0.9954839,0.08863619,-0.5569603,-0.09250733,0.8253711,moving,-29.85989,-8.805597,-0.2884197,-1.472039,-0.8344838402605347,-0.0596717640515065,30.46724353536345,1.5142546861275563,30.102129702356173
2192,05/15/2023 18:38:27.403087,2375,True,True,True,True,Eyes,1.364692,0.08247484,-3.699253,-0.4965201,-0.1329618,0.8577814,0.0,0.0,0.0,0.0,0.0,0.0,0.0,0.9550142,0.2891369,3.824203,1.357248,0.08408546,-3.710928,0.0471256,-0.2929538,0.003267575,0.954959,5.274104,325.8344,358.7703,0.3477489,0.02081064,-0.9373552,0,0,0,0.6975325,-0.05387854,-2.751687,-0.006509208,-0.03051548,1.171933,0.8283349,-0.02137044,0.5598256,-0.03385205,0.995537,0.08809154,-0.5592096,-0.09192053,0.8239145,moving,-30.06407,-8.811106,-0.3182316,-1.491564,-0.848944686981075,-0.0622481062694972,30.63316172399902,1.5246639973330542,30.26594465604933
2193,05/15/2023 18:38:27.412799,2376,True,True,True,True,Eyes,1.364108,0.08251134,-3.699506,-0.4995521,-0.1327673,0.8560494,0.0,0.0,0.0,0.0,0.0,0.0,0.0,0.9669125,0.2880343,3.821311,1.356903,0.08416176,-3.71107,0.0469914,-0.2943891,0.003365186,0.9545238,5.260849,325.6628,358.7776,0.3475774,0.02082082,-0.9374185,0,0,0,0.6935042,-0.05391881,-2.751671,-0.005975068,-0.03068554,1.174151,0.8266475,-0.02124321,0.5623189,-0.03409181,0.9955609,0.08772747,-0.5616865,-0.09169018,0.8222538,moving,-30.26592,-8.815935,-0.2915667,-1.497041,-0.8632872180699326,-0.064706336810977,30.854952035880025,1.542221429676998,30.485688639097418
2194,05/15/2023 18:38:27.432753,2377,True,True,True,True,Eyes,1.363541,0.08254706,-3.699756,-0.5025527,-0.1325764,0.8543209,0.0,0.0,0.0,0.0,0.0,0.0,0.0,0.9794089,0.2861893,3.81826,1.356635,0.08407593,-3.711163,0.04672929,-0.2959036,0.003747137,0.9540668,5.243194,325.4835,358.8202,0.3474079,0.02083089,-0.9374811,0,0,0,0.688924,-0.05396459,-2.751652,-0.005833826,-0.03076697,1.176679,0.8248541,-0.02050469,0.5649737,-0.03480477,0.9956046,0.08694814,-0.5642734,-0.09138331,0.8205149,moving,-30.46609,-8.820994,-0.2840629,-1.497788,-0.8774899281514311,-0.0671829469881661,31.0577543615692,1.5488016191377225,30.68627423987312
2195,05/15/2023 18:38:27.452580,2378,True,True,True,True,Eyes,1.362982,0.08258163,-3.700003,-0.5054618,-0.1323725,0.8526347,0.0,0.0,0.0,0.0,0.0,0.0,0.0,0.9906225,0.2850288,3.815546,1.356488,0.08409405,-3.711312,0.04656598,-0.2972668,0.004151494,0.9536492,5.237446,325.3219,358.8626,0.3472406,0.02084084,-0.9375428,0,0,0,0.6843653,-0.05401016,-2.751632,-0.006094538,-0.03070596,1.179333,0.8232304,-0.0197669,0.5673631,-0.03560318,0.9956287,0.08634703,-0.5665899,-0.09128343,0.8189281,moving,-30.66045,-8.824783,-0.2960897,-1.491457,-0.8913654000136763,-0.0694262206810589,31.237350186123216,1.5415980981945998,30.863600609295354
2196,05/15/2023 18:38:27.463243,2379,True,True,True,True,Eyes,1.36243,0.08262142,-3.700246,-0.5083336,-0.132141,0.8509616,0.0,0.0,0.0,0.0,0.0,0.0,0.0,1.001302,0.2824806,3.812965,1.356211,0.08409405,-3.711432,0.0462256,-0.2985517,0.004572371,0.9532626,5.213109,325.1705,358.9135,0.3470756,0.02085065,-0.9376037,0,0,0,0.6798492,-0.05405531,-2.751614,-0.006421225,-0.03102055,1.181862,0.821692,-0.01888412,0.5696188,-0.0363188,0.9956846,0.08540009,-0.5687734,-0.09086044,0.8174602,moving,-30.85257,-8.826641,-0.3112932,-1.503508,-0.9052237890687106,-0.0713723405811064,31.406971606793086,1.5504083628549916,31.031495675465827
2197,05/15/2023 18:38:27.483048,2380,True,True,True,True,Eyes,1.361885,0.0826667,-3.700486,-0.5111006,-0.1319089,0.8493387,0.0,0.0,0.0,0.0,0.0,0.0,0.0,1.011057,0.2784693,3.810664,1.355846,0.08425236,-3.711541,0.04573525,-0.2997202,0.004683164,0.9529188,5.161952,325.0323,358.9362,0.3469127,0.02086046,-0.9376638,0,0,0,0.6753159,-0.05410063,-2.751595,-0.00692518,-0.03205934,1.184348,0.8202917,-0.01849021,0.5716464,-0.03634091,0.9957727,0.08435667,-0.5707897,-0.08997123,0.8161522,moving,-31.03797,-8.827954,-0.3350189,-1.550571,-0.9186337643707037,-0.0731813882918557,31.553629103126635,1.588485560116168,31.17725041894957
2198,05/15/2023 18:38:27.503106,2381,True,True,True,True,Eyes,1.361346,0.08271277,-3.700719,-0.5138667,-0.1316323,0.847711,0.0,0.0,0.0,0.0,0.0,0.0,0.0,1.022607,0.2750013,3.807877,1.355476,0.08442116,-3.711717,0.04531923,-0.3011102,0.004709677,0.9525002,5.115827,324.8667,358.9461,0.3467519,0.02087043,-0.937723,0,0,0,0.670662,-0.05414715,-2.751575,-0.006902806,-0.03298979,1.186973,0.8186209,-0.01832024,0.574042,-0.03626411,0.995848,0.0834969,-0.5731883,-0.08916941,0.8145576,moving,-31.22347,-8.826385,-0.3331981,-1.592023,-0.9322691342081472,-0.074577028391275,31.726091653447853,1.6314191309344042,31.34906296098647
2199,05/15/2023 18:38:27.512796,2382,True,True,True,True,Eyes,1.360824,0.08275486,-3.700948,-0.5165267,-0.1313484,0.8461369,0.0,0.0,0.0,0.0,0.0,0.0,0.0,1.035718,0.2691759,3.804666,1.355091,0.08447647,-3.711771,0.04458889,-0.3027007,0.0048174,0.9520299,5.037997,324.6785,358.9749,0.3465933,0.02088054,-0.9377815,0,0,0,0.6661707,-0.05419205,-2.751557,-0.006326548,-0.03447159,1.189378,0.8166982,-0.01782156,0.5767899,-0.03616679,0.9959772,0.08198345,-0.5759307,-0.08781637,0.8127682,moving,-31.4021,-8.823772,-0.3047651,-1.660131,-0.9454829244093528,-0.0757625551516019,31.91178450446855,1.7090180512642883,31.534941955592267
2200,05/15/2023 18:38:27.532801,2383,True,True,True,True,Eyes,1.360312,0.08279908,-3.701172,-0.5192111,-0.1310519,0.8445385,0.0,0.0,0.0,0.0,0.0,0.0,0.0,1.05063,0.2656317,3.800948,1.354762,0.08442402,-3.712019,0.04413005,-0.3045081,0.00500533,0.9514737,4.99251,324.4632,359.002,0.346437,0.0208907,-0.937839,0,0,0,0.6616439,-0.0542373,-2.751538,-0.005149826,-0.03515368,1.192016,0.8144995,-0.01735104,0.5799048,-0.0364008,0.9960549,0.08092883,-0.5790213,-0.08702549,0.8106546,moving,-31.58265,-8.820569,-0.2475315,-1.689217,-0.9588812680127216,-0.0768800505021685,32.136363091627935,1.7622851446822463,31.759076077909373
2201,05/15/2023 18:38:27.552866,2384,True,True,True,True,Eyes,1.3598,0.08284214,-3.701399,-0.5218318,-0.13078,0.842964,0.0,0.0,0.0,0.0,0.0,0.0,0.0,1.066126,0.2627129,3.796831,1.354529,0.08451557,-3.712098,0.04377184,-0.3064118,0.005178274,0.950878,4.957497,324.2356,359.0236,0.346283,0.02090094,-0.9378956,0,0,0,0.6569816,-0.05428391,-2.751518,-0.003985401,-0.03576707,1.194679,0.8121699,-0.01697661,0.5831739,-0.03667223,0.9961144,0.08007,-0.5822673,-0.08641674,0.8083916,moving,-31.75933,-8.818738,-0.1911357,-1.714846,-0.9718937883950886,-0.0781609460911956,32.35762928445495,1.8133728679680907,31.97974837594284
2202,05/15/2023 18:38:27.563265,2385,True,True,True,True,Eyes,1.359295,0.08287955,-3.701621,-0.5244709,-0.1305133,0.8413659,0.0,0.0,0.0,0.0,0.0,0.0,0.0,1.081335,0.2587586,3.792844,1.354215,0.08452129,-3.712259,0.04327341,-0.3082674,0.00530495,0.9503003,4.905706,324.0141,359.0455,0.3461311,0.02091122,-0.9379514,0,0,0,0.652595,-0.05432776,-2.7515,-0.00258409,-0.03665235,1.197187,0.8098862,-0.01659697,0.5863523,-0.03676216,0.9961985,0.07897478,-0.585434,-0.08551615,0.8061973,moving,-31.93762,-8.817491,-0.1236709,-1.753585,-0.9849794261633176,-0.0795398611014217,32.588742309488204,1.8826256941600437,32.21052563358036
2203,05/15/2023 18:38:27.583125,2386,True,True,True,True,Eyes,1.358806,0.08292058,-3.701834,-0.52734,-0.1302137,0.8396171,0.0,0.0,0.0,0.0,0.0,0.0,0.0,1.096223,0.2576817,3.788568,1.353873,0.0844202,-3.71231,0.04312319,-0.3100867,0.005576288,0.9497133,4.897165,323.796,359.0711,0.3459813,0.02092141,-0.9380065,0,0,0,0.6479775,-0.05437392,-2.751481,-0.001482621,-0.0365361,1.199754,0.8076302,-0.01615211,0.5894679,-0.0373356,0.9962186,0.07845107,-0.5885062,-0.08536761,0.8039733,moving,-32.13178,-8.815602,-0.07080443,-1.74429,-0.9992700323010734,-0.0809651860872355,32.83153374275226,1.9049141217478092,32.45188547562676
2204,05/15/2023 18:38:27.602864,2387,True,True,True,True,Eyes,1.358325,0.08295977,-3.702041,-0.53021,-0.1298987,0.8378566,0.0,0.0,0.0,0.0,0.0,0.0,0.0,1.111045,0.2552814,3.784449,1.353631,0.08454609,-3.712436,0.04283905,-0.3119062,0.005692116,0.9491296,4.868575,323.5776,359.0846,0.3458338,0.02093161,-0.9380606,0,0,0,0.6434126,-0.05441955,-2.751462,-0.0003312193,-0.03705897,1.202422,0.8053643,-0.01591842,0.5925664,-0.03752864,0.9962649,0.0777688,-0.5915911,-0.08487043,0.8017586,moving,-32.32633,-8.812795,-0.0157827,-1.765312,-1.013658529810448,-0.0822619588761879,33.0702053737322,1.9566332340647685,32.68984586011362
2205,05/15/2023 18:38:27.613335,2388,True,True,True,True,Eyes,1.357858,0.08300301,-3.70224,-0.5332037,-0.1295661,0.8360063,0.0,0.0,0.0,0.0,0.0,0.0,0.0,1.124827,0.2526272,3.780408,1.353173,0.08442783,-3.712457,0.04249788,-0.3135855,0.005679369,0.9485916,4.829344,323.3758,359.0869,0.3456886,0.02094176,-0.9381139,0,0,0,0.6389938,-0.05446372,-2.751444,0.0007309243,-0.03759106,1.204772,0.8032638,-0.01587863,0.5954117,-0.03742824,0.9963234,0.07706433,-0.5944463,-0.0841882,0.7997161,moving,-32.52968,-8.809738,0.03476084,-1.787152,-1.02870716729363,-0.083599702439878,33.31305331772,2.008246656429298,32.931948926636124
2206,05/15/2023 18:38:27.632820,2389,True,True,True,True,Eyes,1.357388,0.08303712,-3.702436,-0.5361788,-0.1292094,0.8341566,0.0,0.0,0.0,0.0,0.0,0.0,0.0,1.13807,0.2509589,3.776586,1.352865,0.08456326,-3.712599,0.04231016,-0.3152029,0.005716036,0.9480635,4.808683,323.1809,359.0895,0.3455458,0.02095198,-0.9381663,0,0,0,0.6344267,-0.05450938,-2.751425,0.00149361,-0.03796929,1.207438,0.8012289,-0.01583423,0.5981482,-0.0375109,0.9963543,0.07662201,-0.5971809,-0.08382886,0.797714,moving,-32.73208,-8.805038,0.07087533,-1.801139,-1.043810923353162,-0.0846929655958661,33.542338612329594,2.046634415921951,33.16045546888749
2207,05/15/2023 18:38:27.652672,2390,True,True,True,True,Eyes,1.356932,0.08307577,-3.702625,-0.5391741,-0.128859,0.832278,0.0,0.0,0.0,0.0,0.0,0.0,0.0,1.150601,0.2466688,3.773035,1.352553,0.08448124,-3.712679,0.04175927,-0.3167331,0.005902114,0.9475767,4.754071,322.9985,359.1222,0.3454052,0.02096203,-0.9382179,0,0,0,0.629696,-0.05455667,-2.751405,0.001836121,-0.0388551,1.210118,0.7992907,-0.01526767,0.6007506,-0.0376385,0.9964427,0.07540144,-0.5997648,-0.08287901,0.7958727,moving,-32.93636,-8.801047,0.08693521,-1.83905,-1.0589980106768482,-0.0859045763354571,33.74918411983937,2.0944406944973983,33.36687174389099
2208,05/15/2023 18:38:27.663048,2391,True,True,True,True,Eyes,1.356485,0.08311638,-3.702813,-0.5421663,-0.1284633,0.8303932,0.0,0.0,0.0,0.0,0.0,0.0,0.0,1.163905,0.2446392,3.769125,1.352294,0.08463383,-3.712811,0.04152317,-0.3183607,0.006161511,0.9470398,4.736383,322.8033,359.1509,0.3452669,0.02097204,-0.9382686,0,0,0,0.6254063,-0.05459955,-2.751387,0.002800081,-0.0392002,1.212659,0.797217,-0.0147683,0.6035122,-0.03810909,0.9964758,0.07472502,-0.6024889,-0.08257136,0.7938446,moving,-33.14064,-8.794047,0.1322981,-1.851488,-1.074412817223516,-0.0866836495235199,33.98952096271603,2.137916189472153,33.606676705769054
2209,05/15/2023 18:38:27.682914,2392,True,True,True,True,Eyes,1.356031,0.08316208,-3.703003,-0.5450613,-0.128062,0.828558,0.0,0.0,0.0,0.0,0.0,0.0,0.0,1.177698,0.2387871,3.765269,1.352067,0.08470821,-3.712948,0.04080421,-0.320062,0.005997919,0.9464985,4.650743,322.5992,359.1512,0.3451309,0.02098207,-0.9383184,0,0,0,0.6209032,-0.05464456,-2.751368,0.003816895,-0.04089678,1.215306,0.7950487,-0.01476571,0.6063659,-0.03747381,0.9965981,0.07340284,-0.6053869,-0.08108167,0.7917907,moving,-33.33865,-8.78612,0.1799475,-1.927358,-1.089440909202123,-0.0872746715923646,34.21314067050335,2.235453776954562,33.83121452869564
2210,05/15/2023 18:38:27.702811,2393,True,True,True,True,Eyes,1.355584,0.0831999,-3.703197,-0.5479347,-0.1276282,0.8267277,0.0,0.0,0.0,0.0,0.0,0.0,0.0,1.188955,0.2389244,3.761596,1.351795,0.08486843,-3.712917,0.04085894,-0.3214588,0.005621231,0.9460251,4.641514,322.4281,359.1013,0.3449968,0.02099225,-0.9383676,0,0,0,0.6196296,-0.0546573,-2.751363,0.006653588,-0.04116978,1.215886,0.7932653,-0.01563328,0.6086752,-0.03690458,0.9965979,0.07369318,-0.6077566,-0.08092115,0.7899897,moving,-33.53544,-8.7759,0.3135317,-1.939289,-1.1045536375478022,-0.0875254174225912,34.53247942318538,2.3323795553742928,34.15068252954843
2302,05/15/2023 18:38:29.232945,2485,True,True,True,True,Eyes,1.351494,0.08374624,-3.703601,-0.6040836,-0.1181916,0.7881078,1.194713,0.6297873,-0.05745883,-2.762038,0.6771898,-0.1867719,-0.7117095,0.0008661076,-0.04941943,1.203126,1.350439,0.0846262,-3.716204,0.03589982,-0.3180942,0.01435527,0.9472705,4.424554,322.8855,0.2504192,0.342667,0.02119257,-0.9392176,0,0,0,0.6196297,-0.0546573,-2.751363,-0.0007742718,-0.04548965,1.217509,0.7972201,0.004357602,0.6036731,-0.0500357,0.9970102,0.05888102,-0.6016117,-0.07714633,0.7950546,moving,-37.47012,-8.52902,-0.03643711,-2.13974,-1.409941454245044,-0.0864241332746278,37.975038033259146,2.4703482005997,37.59387554657967
2303,05/15/2023 18:38:29.252753,2486,True,True,True,True,Eyes,1.351501,0.08375058,-3.703653,-0.6038833,-0.118234,0.7882549,1.193451,0.6307957,-0.05735587,-2.76291,0.5170821,-0.3378768,-0.7864257,0.0008091889,-0.04898098,1.201812,1.350361,0.08456326,-3.716239,0.03597315,-0.3179431,0.01462698,0.9473141,4.4424,322.9046,0.2780249,0.3426728,0.02119703,-0.9392154,0,0,0,0.6230382,-0.05228686,-2.751111,0.001767028,-0.04284139,1.215467,0.7973965,0.004837854,0.6034365,-0.05058752,0.9969839,0.05885466,-0.6013317,-0.07745685,0.7952362,moving,-37.45578,-8.530462,0.0832957,-2.01866,-1.4087874272436327,-0.0865060931138315,38.099682015701056,2.4412150209476886,37.71604445284777
2304,05/15/2023 18:38:29.272783,2487,True,True,True,True,Eyes,1.351506,0.08375455,-3.703705,-0.6036862,-0.1182966,0.7883964,1.193212,0.6311805,-0.05739839,-2.762981,0.3252087,-0.49219,-0.807458,0.0009360015,-0.0485983,1.201617,1.350296,0.08449745,-3.716387,0.03597648,-0.3178649,0.01511319,0.9473327,4.460471,322.9159,0.3312075,0.3426777,0.02120113,-0.9392135,0,0,0,0.626303,-0.05001638,-2.75087,0.004395302,-0.04027843,1.213607,0.7974669,0.005763121,0.6033351,-0.05150577,0.9969546,0.05855548,-0.6011602,-0.0777713,0.7953352,moving,-37.44179,-8.533406,0.2075064,-1.900893,-1.4075452329025635,-0.0868070211903029,38.22904325392177,2.428847404728254,37.84286980329328
2305,05/15/2023 18:38:29.283054,2488,True,True,True,True,Eyes,1.351496,0.08376493,-3.703768,-0.6035215,-0.1183669,0.788512,1.193262,0.631337,-0.05747772,-2.762866,0.3356698,-0.4975042,-0.7998845,0.001066208,-0.04800344,1.201653,1.350258,0.08448601,-3.716426,0.03603217,-0.3178628,0.01581629,0.9473199,4.492166,322.9187,0.4057344,0.3426819,0.02120489,-0.9392118,0,0,0,0.6296176,-0.04771122,-2.750625,0.00714992,-0.03746361,1.211658,0.7974261,0.007059588,0.6033753,-0.05287273,0.996903,0.05821315,-0.6010957,-0.07832278,0.7953298,moving,-37.43019,-8.537166,0.3380949,-1.770981,-1.40641543375436,-0.0872461350342173,38.36957914470516,2.4245163229141378,37.980518612097235
2306,05/15/2023 18:38:29.302986,2489,True,True,True,True,Eyes,1.351486,0.08377268,-3.703829,-0.6033556,-0.118453,0.788626,0.0,0.0,0.0,0.0,0.0,0.0,0.0,1.165373,0.2018217,3.774095,1.350259,0.08464622,-3.716485,0.03582749,-0.3178901,0.01625507,0.9473109,4.485926,322.9175,0.4608604,0.3426849,0.02120851,-0.9392107,0,0,0,0.6331747,-0.0452374,-2.750363,0.01018506,-0.03546824,1.209591,0.7973633,0.008018801,0.6034463,-0.05357562,0.9969043,0.0575449,-0.6011169,-0.0782142,0.7953246,moving,-37.41859,-8.542069,0.4824334,-1.679575,-1.4051991330867577,-0.0878495527735778,38.51728701073563,2.469159063186429,38.126187234916884
2307,05/15/2023 18:38:29.312820,2490,True,True,True,True,Eyes,1.351449,0.08378351,-3.703911,-0.6031917,-0.1185467,0.7887372,0.0,0.0,0.0,0.0,0.0,0.0,0.0,1.164895,0.2028868,3.774209,1.350255,0.08459282,-3.716511,0.03594454,-0.3178187,0.01664589,0.9473238,4.512866,322.9274,0.4994779,0.3426869,0.02121194,-0.9392099,0,0,0,0.636274,-0.04308198,-2.750134,0.01260685,-0.03285658,1.207773,0.7974284,0.008690396,0.6033511,-0.05438579,0.9968618,0.05752148,-0.6009578,-0.078683,0.7953985,moving,-37.40718,-8.547543,0.5980374,-1.558306,-1.4039534640247062,-0.0885367110951402,38.642541110328544,2.483583939037754,38.24853848228874
2308,05/15/2023 18:38:29.332601,2491,True,True,True,True,Eyes,1.351408,0.08378804,-3.70399,-0.6030172,-0.1186495,0.7888552,0.0,0.0,0.0,0.0,0.0,0.0,0.0,1.164041,0.2024673,3.774545,1.350197,0.08468246,-3.716581,0.0359001,-0.3177007,0.01666825,0.9473647,4.508787,322.9419,0.5040985,0.3426872,0.02121526,-0.9392098,0,0,0,0.6395973,-0.04077081,-2.749888,0.01520622,-0.03089109,1.205818,0.7975769,0.008770836,0.6031535,-0.05439279,0.9968668,0.05742996,-0.60076,-0.07861201,0.7955549,moving,-37.39504,-8.553584,0.7225018,-1.467503,-1.4026116926355812,-0.0892989946504443,38.77060145023944,2.532894320129317,38.37440930861996
2309,05/15/2023 18:38:29.352961,2492,True,True,True,True,Eyes,1.351342,0.0837965,-3.704091,-0.6028437,-0.1187722,0.7889693,0.0,0.0,0.0,0.0,0.0,0.0,0.0,1.162369,0.2033676,3.774999,1.350086,0.08453369,-3.716612,0.03598575,-0.3174715,0.01692048,0.9474338,4.527165,322.9704,0.5295355,0.3426858,0.02121833,-0.9392102,0,0,0,0.642971,-0.0384246,-2.749639,0.01757131,-0.02819455,1.20377,0.7978511,0.009213177,0.6027842,-0.05491097,0.9968374,0.05744467,-0.6003487,-0.07893175,0.7958338,moving,-37.38309,-8.561075,0.8362814,-1.341729,-1.4011740306861695,-0.09027137322723,38.89523501508705,2.5636600780748537,38.49582170123031
2310,05/15/2023 18:38:29.363016,2493,True,True,True,True,Eyes,1.35128,0.08379875,-3.70419,-0.6026813,-0.1188736,0.7890782,0.0,0.0,0.0,0.0,0.0,0.0,0.0,1.162204,0.2042756,3.775146,1.350025,0.0846405,-3.716779,0.03609643,-0.3174184,0.01755664,0.9474358,4.562337,322.979,0.595035,0.3426824,0.02122127,-0.9392114,0,0,0,0.6462924,-0.03611471,-2.749394,0.02033581,-0.02544384,1.201912,0.7978747,0.01035223,0.6027344,-0.05618291,0.9967777,0.05725249,-0.6001996,-0.07954368,0.7958853,moving,-37.37183,-8.567108,0.969326,-1.21274,-1.3998969867451423,-0.0910401975749877,39.04012003177962,2.6213408797182183,38.63760960645441
2311,05/15/2023 18:38:29.383175,2494,True,True,True,True,Eyes,1.351197,0.0838137,-3.704299,-0.6025212,-0.1189717,0.7891856,0.0,0.0,0.0,0.0,0.0,0.0,0.0,1.162917,0.2016387,3.775125,1.350067,0.08448601,-3.716825,0.03573311,-0.3175042,0.01798871,0.9474127,4.538616,322.9711,0.654933,0.342677,0.02122393,-0.9392132,0,0,0,0.6495892,-0.03382191,-2.74915,0.02326778,-0.02369321,1.199982,0.797735,0.01139464,0.6029005,-0.05677629,0.9967991,0.05628501,-0.6003293,-0.07913097,0.7958285,moving,-37.36073,-8.572929,1.110832,-1.131138,-1.3986476453783037,-0.0917799456823655,39.184707935718045,2.716201990950407,38.780308739200656
2312,05/15/2023 18:38:29.404851,2495,True,True,True,True,Eyes,1.351115,0.08383307,-3.704406,-0.6023606,-0.1189853,0.7893062,0.0,0.0,0.0,0.0,0.0,0.0,0.0,1.161088,0.2031349,3.775499,1.350069,0.08481789,-3.716706,0.03596288,-0.3172828,0.01792817,0.9474793,4.561249,322.9972,0.6410249,0.3426695,0.02122667,-0.9392159,0,0,0,0.6530243,-0.031433,-2.748897,0.02557987,-0.02134408,1.197886,0.7980204,0.01115233,0.6025273,-0.05679394,0.9967706,0.05677155,-0.5999483,-0.07952475,0.7960767,moving,-37.34914,-8.572599,1.223319,-1.020795,-1.3978281035108076,-0.0916312178467688,39.30476226821753,2.7809634072221074,38.898241409493245
2313,05/15/2023 18:38:29.413051,2496,True,True,True,True,Eyes,1.351012,0.0838419,-3.704528,-0.6021946,-0.1189898,0.7894322,0.0,0.0,0.0,0.0,0.0,0.0,0.0,1.159612,0.1952205,3.776434,1.350008,0.08492374,-3.71679,0.03497745,-0.3171024,0.01767509,0.9475813,4.44474,323.0202,0.6502312,0.34266,0.02122959,-0.9392193,0,0,0,0.6562082,-0.02921879,-2.748662,0.02787436,-0.02183776,1.195997,0.7982674,0.0113143,0.6021969,-0.05568004,0.9969283,0.05507833,-0.5997241,-0.07749758,0.7964453,moving,-37.33711,-8.571575,1.335116,-1.04605,-1.3970290221192094,-0.0913788835528093,39.397647015027445,2.8941343027698805,38.992416915368096
2314,05/15/2023 18:38:29.432621,2497,True,True,True,True,Eyes,1.350916,0.0838518,-3.704642,-0.602006,-0.1189867,0.7895765,0.0,0.0,0.0,0.0,0.0,0.0,0.0,1.158051,0.194131,3.777016,1.349956,0.08468056,-3.716864,0.03479671,-0.3168917,0.0179972,0.9476523,4.436646,323.0473,0.6928856,0.3426481,0.02123239,-0.9392235,0,0,0,0.659555,-0.02689121,-2.748414,0.03023169,-0.01962964,1.194025,0.7985115,0.0120566,0.6018588,-0.05616376,0.9969305,0.05454404,-0.5993538,-0.07735669,0.7967377,moving,-37.32341,-8.569809,1.450371,-0.9418519,-1.3961644087266976,-0.0910052932920382,39.516981445391316,2.9709769068912872,39.109954379965494
2315,05/15/2023 18:38:29.452999,2498,True,True,True,True,Eyes,1.350814,0.08386137,-3.704763,-0.6017755,-0.1189625,0.7897558,0.0,0.0,0.0,0.0,0.0,0.0,0.0,1.154682,0.1925941,3.778081,1.350001,0.08471394,-3.716799,0.03459036,-0.3164751,0.01832297,0.9477929,4.425716,323.0994,0.7378286,0.3426344,0.02123513,-0.9392285,0,0,0,0.6628971,-0.02456695,-2.748168,0.03190678,-0.01775731,1.192043,0.7990156,0.01283879,0.6011733,-0.05662673,0.9969355,0.05397146,-0.5986381,-0.07716651,0.797294,moving,-37.30656,-8.56618,1.533239,-0.8534454,-1.3952112583389815,-0.0903363711368239,39.598185076723375,3.026244587851112,39.18980366268776
2316,05/15/2023 18:38:29.463074,2499,True,True,True,True,Eyes,1.350724,0.08387437,-3.704878,-0.6014932,-0.1189404,0.789974,0.0,0.0,0.0,0.0,0.0,0.0,0.0,1.149873,0.1916769,3.77964,1.350157,0.0847168,-3.71679,0.03446203,-0.3158898,0.01835479,0.9479922,4.412448,323.1707,0.7486888,0.3426187,0.02123779,-0.9392341,0,0,0,0.666235,-0.02224561,-2.747921,0.03314045,-0.01587351,1.190187,0.7997534,0.01302799,0.6001871,-0.0565728,0.9969509,0.05374328,-0.597657,-0.07693565,0.7980521,moving,-37.28597,-8.562278,1.594974,-0.7641079,-1.3940062498633012,-0.0895955199960927,39.65525517809298,3.0641426019118985,39.24544476087282
2317,05/15/2023 18:38:29.483221,2500,True,True,True,True,Eyes,1.35063,0.08388526,-3.704993,-0.6011087,-0.1188913,0.7902741,0.0,0.0,0.0,0.0,0.0,0.0,0.0,1.142325,0.1923216,3.781901,1.35031,0.08481407,-3.716738,0.03454334,-0.3149655,0.01816873,0.9483004,4.413845,323.2817,0.7297774,0.3426017,0.02124047,-0.9392403,0,0,0,0.6695552,-0.01993661,-2.747676,0.03352964,-0.01376182,1.188347,0.8009332,0.0126989,0.598619,-0.05621874,0.9969533,0.05406986,-0.5961086,-0.07695995,0.799207,moving,-37.25782,-8.555593,1.616193,-0.6634923,-1.3924609906874554,-0.0883885475810446,39.66704098093416,3.063126370511983,39.25563736037702
2318,05/15/2023 18:38:29.502984,2501,True,True,True,True,Eyes,1.350549,0.0838986,-3.705099,-0.6006343,-0.1188277,0.7906443,0.0,0.0,0.0,0.0,0.0,0.0,0.0,1.132047,0.1906683,3.785037,1.350441,0.08477116,-3.716652,0.03431051,-0.3137033,0.0180006,0.9487303,4.381469,323.4342,0.7257167,0.3425833,0.02124312,-0.939247,0,0,0,0.6730465,-0.01750855,-2.747418,0.03320167,-0.01210141,1.186378,0.8025325,0.01262879,0.5964748,-0.05568208,0.9969975,0.05380915,-0.5940044,-0.07639654,0.8008261,moving,-37.2231,-8.54714,1.603047,-0.584414,-1.390570803516134,-0.0868700101737733,39.634261645912936,3.0346824504947736,39.2218339474781
2319,05/15/2023 18:38:29.512822,2502,True,True,True,True,Eyes,1.350476,0.08392252,-3.705205,-0.6000361,-0.1186945,0.7911184,0.0,0.0,0.0,0.0,0.0,0.0,0.0,1.119148,0.1893457,3.788924,1.350616,0.08484077,-3.716575,0.03412494,-0.312115,0.01792939,0.949262,4.357481,323.6264,0.7319443,0.342564,0.02124581,-0.9392539,0,0,0,0.6761978,-0.01531702,-2.747185,0.03174391,-0.01058321,1.184681,0.8045255,0.01273757,0.5937816,-0.05534121,0.9970281,0.05359495,-0.5913342,-0.07597908,0.8028394,moving,-37.17906,-8.532658,1.534892,-0.5118316,-1.3884577768519293,-0.0844033641269226,39.53610673292504,2.954432062959275,39.123181878673996
2320,05/15/2023 18:38:29.532855,2503,True,True,True,True,Eyes,1.350416,0.08395013,-3.705303,-0.5993344,-0.1184991,0.7916794,0.0,0.0,0.0,0.0,0.0,0.0,0.0,1.105011,0.1847541,3.793392,1.350819,0.08510494,-3.716592,0.03354129,-0.3103706,0.01802856,0.9498527,4.296031,323.8387,0.7715864,0.3425443,0.02124879,-0.9392611,0,0,0,0.6795104,-0.01301324,-2.74694,0.03003742,-0.009931847,1.183006,0.8066901,0.01342848,0.5908221,-0.05506941,0.9970999,0.05252752,-0.5884033,-0.07490964,0.8050902,moving,-37.12725,-8.512872,1.454471,-0.4810117,-1.386179985334155,-0.081106372950146,39.40888193289118,2.8686621082105077,38.9970079531026
2321,05/15/2023 18:38:29.552776,2504,True,True,True,True,Eyes,1.350339,0.08398458,-3.705419,-0.5983351,-0.1181332,0.7924895,0.0,0.0,0.0,0.0,0.0,0.0,0.0,1.089227,0.1777768,3.798291,1.351011,0.08520508,-3.716524,0.03263247,-0.3084312,0.01811263,0.9505142,4.19828,324.0748,0.821728,0.3425243,0.02125213,-0.9392683,0,0,0,0.6829528,-0.01061925,-2.746686,0.02791172,-0.009778962,1.181184,0.8090842,0.01430288,0.5875187,-0.05456238,0.9972141,0.05086225,-0.5851545,-0.07320825,0.8076105,moving,-37.05306,-8.478416,1.353664,-0.4743381,-1.383381670788031,-0.0755050090769808,39.2318966077533,2.7659513441842596,38.8231681421427
2322,05/15/2023 18:38:29.572740,2505,True,True,True,True,Eyes,1.350277,0.08402943,-3.705532,-0.5972434,-0.1176779,0.7933803,0.0,0.0,0.0,0.0,0.0,0.0,0.0,1.072952,0.1697193,3.803436,1.351192,0.08538437,-3.716604,0.03159488,-0.3064221,0.01818347,0.9511976,4.085762,324.3192,0.8748378,0.3425036,0.02125597,-0.9392757,0,0,0,0.6861386,-0.008403631,-2.746451,0.02549942,-0.01015497,1.179633,0.8115498,0.0152294,0.5840848,-0.05395488,0.9973423,0.04896232,-0.5817868,-0.07124958,0.8102146,moving,-36.97182,-8.436869,1.238335,-0.4932233,-1.3806062938870247,-0.0688227149581386,39.02713738068876,2.6531056061548917,38.62284942958202
2323,05/15/2023 18:38:29.583183,2506,True,True,True,True,Eyes,1.350277,0.08402943,-3.705532,-0.5972434,-0.1176779,0.7933803,0.0,0.0,0.0,0.0,0.0,0.0,0.0,1.05634,0.158901,3.80869,1.351438,0.08565044,-3.716652,0.0302184,-0.3043866,0.01824272,0.9518943,3.935597,324.5669,0.938131,0.3424827,0.02126052,-0.9392833,0,0,0,0.6894366,-0.006110044,-2.746207,0.02304242,-0.01131035,1.178037,0.814032,0.01633413,0.5805903,-0.05312644,0.9975081,0.04642377,-0.5783853,-0.06863512,0.8128713,moving,-36.97182,-8.436869,1.120564,-0.5500807,-1.3806062938870247,-0.0688227149581386,38.900271830573026,2.5470496829055884,38.496862467657024
2324,05/15/2023 18:38:29.603004,2507,True,True,True,True,Eyes,1.350277,0.08402943,-3.705532,-0.5972434,-0.1176779,0.7933803,0.0,0.0,0.0,0.0,0.0,0.0,0.0,1.038633,0.1479839,3.814101,1.351684,0.08591557,-3.716665,0.02882914,-0.3022199,0.01824969,0.9526275,3.781843,324.8297,0.9960048,0.3424639,0.02126461,-0.93929,0,0,0,0.6931564,-0.003523117,-2.745933,0.02063063,-0.01224711,1.176183,0.8166602,0.01734483,0.5768582,-0.05219579,0.9976717,0.04389601,-0.5747536,-0.0659577,0.815664,moving,-36.97182,-8.436869,1.004884,-0.596576,-1.3806062938870247,-0.0688227149581386,38.77757394460701,2.443171601034541,38.374790319463564
2325,05/15/2023 18:38:29.613023,2508,True,True,True,True,Eyes,1.350204,0.08409354,-3.705681,-0.595687,-0.1165792,0.7947115,0.0,0.0,0.0,0.0,0.0,0.0,0.0,1.022373,0.1362233,3.819108,1.351848,0.08589077,-3.716789,0.02729442,-0.3002199,0.01837469,0.9533024,3.616192,325.0726,1.070451,0.342447,0.02126829,-0.9392961,0,0,0,0.6961558,-0.001437197,-2.745711,0.01813986,-0.01360151,1.17475,0.8190607,0.01864461,0.5734037,-0.05142192,0.9978347,0.04100677,-0.5713976,-0.06307255,0.8182461,moving,-36.8539,-8.345407,0.8846606,-0.6633536,-1.3789357306239718,-0.0546446768872266,38.51250317235071,2.344012564192313,38.120290463672
2326,05/15/2023 18:38:29.632875,2509,True,True,True,True,Eyes,1.350139,0.08415631,-3.705829,-0.5940921,-0.1154372,0.7960709,0.0,0.0,0.0,0.0,0.0,0.0,0.0,1.008585,0.1263563,3.823378,1.351976,0.08610058,-3.717012,0.02603301,-0.2985156,0.01851151,0.9538701,3.480921,325.2793,1.135056,0.3424288,0.02127317,-0.9393026,0,0,0,0.699515,0.000898988,-2.745463,0.01680867,-0.01433057,1.173194,0.8210916,0.01977262,0.5704539,-0.05085765,0.9979593,0.03861227,-0.5685263,-0.06071616,0.8204215,moving,-36.73326,-8.250879,0.8208359,-0.6998335,-1.3772990049946174,-0.0400021361428295,38.30572290153871,2.295032568240658,37.92374601310164
2327,05/15/2023 18:38:29.652723,2510,True,True,True,True,Eyes,1.350099,0.08422863,-3.705972,-0.592537,-0.1140488,0.7974289,0.0,0.0,0.0,0.0,0.0,0.0,0.0,0.9963059,0.1170731,3.827072,1.352112,0.08611107,-3.717148,0.02481632,-0.2970051,0.01880951,0.9543681,3.356062,325.4627,1.214624,0.3424099,0.02127908,-0.9393094,0,0,0,0.702853,0.003220333,-2.745216,0.01589108,-0.01467092,1.171577,0.8228683,0.02116125,0.567838,-0.05064354,0.9980608,0.03619476,-0.5659708,-0.05854085,0.8223442,moving,-36.61454,-8.139283,0.7771028,-0.7174412,-1.3770938774189032,-0.0229228854329792,38.121105532067396,2.2633866250094474,37.7504056380053
2328,05/15/2023 18:38:29.663275,2511,True,True,True,True,Eyes,1.35007,0.08430538,-3.706113,-0.5909487,-0.1125889,0.7988138,0.0,0.0,0.0,0.0,0.0,0.0,0.0,0.985356,0.107981,3.830485,1.352333,0.0863657,-3.717383,0.02365983,-0.2956643,0.01902433,0.9548094,3.23497,325.6251,1.282051,0.3423907,0.02128617,-0.9393162,0,0,0,0.7061733,0.005529474,-2.744971,0.01537922,-0.01517656,1.170117,0.8244413,0.02233849,0.5655064,-0.05031996,0.9981565,0.03393162,-0.5637059,-0.05643089,0.8240456,moving,-36.4934,-8.022715,0.7530133,-0.7430916,-1.377088692132462,-0.0051077703314066,37.95112937134078,2.2543191055702403,37.592270902212896
2329,05/15/2023 18:38:29.683125,2512,True,True,True,True,Eyes,1.350072,0.08439019,-3.706243,-0.5894195,-0.1109503,0.8001717,0.0,0.0,0.0,0.0,0.0,0.0,0.0,0.973245,0.09458905,3.834091,1.352552,0.08651638,-3.717462,0.02194279,-0.2942008,0.01926359,0.9552976,3.052933,325.8022,1.371087,0.3423717,0.02129443,-0.9393229,0,0,0,0.7094558,0.007812291,-2.744729,0.01442031,-0.01684177,1.168541,0.8261496,0.02389374,0.5629439,-0.04971609,0.9982949,0.03058907,-0.5612532,-0.05325851,0.8259288,moving,-36.37597,-7.894192,0.7070192,-0.8257267,-1.3782585862871466,0.0143934277807906,37.7506462157222,2.2481515240492653,37.40570963065427
2330,05/15/2023 18:38:29.704588,2513,True,True,True,True,Eyes,1.350083,0.0844771,-3.706373,-0.5878584,-0.1092551,0.8015521,0.0,0.0,0.0,0.0,0.0,0.0,0.0,0.960674,0.08376933,3.837823,1.352801,0.08674049,-3.717688,0.02056169,-0.2926694,0.01942885,0.9557953,2.904879,325.9868,1.44038,0.3423536,0.02130395,-0.9393293,0,0,0,0.712894,0.01020334,-2.744475,0.01353253,-0.01776263,1.167041,0.8279343,0.02510443,0.5602629,-0.04917555,0.9983994,0.02793308,-0.558665,-0.05067799,0.8278437,moving,-36.25632,-7.761839,0.6643488,-0.8719881,-1.3795565700758798,0.0344645822335734,37.55803283005547,2.2358903432309596,37.22626323553468
2331,05/15/2023 18:38:29.723070,2514,True,True,True,True,Eyes,1.350131,0.08456302,-3.706488,-0.5863771,-0.1074729,0.8028769,0.0,0.0,0.0,0.0,0.0,0.0,0.0,0.9489314,0.07108773,3.84123,1.353014,0.08684921,-3.717845,0.01893199,-0.2912482,0.01959837,0.9562594,2.729673,326.1578,1.517627,0.3423364,0.02131465,-0.9393353,0,0,0,0.7161265,0.01245144,-2.744236,0.01272146,-0.01925416,1.165567,0.8295808,0.02645444,0.5577596,-0.04851007,0.998515,0.02479181,-0.5562755,-0.04762376,0.8296321,moving,-36.14233,-7.624277,0.6253241,-0.9463906,-1.38166118883059,0.0552350540331905,37.369165829444896,2.2430434459456694,37.05133772521006
2332,05/15/2023 18:38:29.732726,2515,True,True,True,True,Eyes,1.350187,0.08465306,-3.706604,-0.5848619,-0.1056914,0.8042175,0.0,0.0,0.0,0.0,0.0,0.0,0.0,0.9372541,0.06179006,3.84451,1.353232,0.08685017,-3.718029,0.01771499,-0.289827,0.01979682,0.9567103,2.600491,326.3285,1.583831,0.3423211,0.02132639,-0.9393407,0,0,0,0.7194433,0.01475808,-2.743991,0.01203964,-0.01963595,1.16409,0.8312168,0.02761108,0.5552624,-0.04814822,0.9985886,0.02242092,-0.5538596,-0.04537154,0.831373,moving,-36.02628,-7.486986,0.5925623,-0.9663774,-1.3835951946726608,0.0759845735484558,37.19486453674301,2.234215058505058,36.88948347694592
2333,05/15/2023 18:38:29.752674,2516,True,True,True,True,Eyes,1.35029,0.08474556,-3.706698,-0.5834538,-0.1039047,0.8054723,0.0,0.0,0.0,0.0,0.0,0.0,0.0,0.92596,0.05436123,3.8476,1.353455,0.08702278,-3.718195,0.01675662,-0.2884521,0.0199919,0.9571388,2.499476,326.4934,1.640621,0.3423076,0.02133916,-0.9393453,0,0,0,0.7229289,0.01718214,-2.743734,0.01163454,-0.01950049,1.16254,0.8327914,0.02860308,0.5528476,-0.04793701,0.9986391,0.02054342,-0.5515075,-0.04361024,0.8330292,moving,-35.91816,-7.35048,0.5733892,-0.9609915,-1.3860476189871505,0.0965519465518529,37.04671006051216,2.2266097073684143,36.75293259941362
2334,05/15/2023 18:38:29.762759,2517,True,True,True,True,Eyes,1.350398,0.08483913,-3.706797,-0.5819994,-0.1021321,0.8067501,0.0,0.0,0.0,0.0,0.0,0.0,0.0,0.9139515,0.0467167,3.850873,1.353656,0.08710575,-3.718434,0.01575119,-0.2869827,0.02029014,0.9575914,2.396364,326.6696,1.710233,0.342297,0.02135293,-0.9393489,0,0,0,0.7262135,0.01946638,-2.743491,0.01088342,-0.01943922,1.161152,0.8344584,0.02981867,0.5502635,-0.04789996,0.9986804,0.01852058,-0.5489852,-0.04181225,0.8347857,moving,-35.80714,-7.215086,0.5370145,-0.9591176,-1.3882045766630258,0.1169848164485876,36.87864838821603,2.2055531967816426,36.59619039182269
2335,05/15/2023 18:38:29.793257,2518,True,True,True,True,Eyes,1.350541,0.0849412,-3.706884,-0.5805863,-0.1003759,0.8079878,0.0,0.0,0.0,0.0,0.0,0.0,0.0,0.9017453,0.04040641,3.854089,1.353847,0.0872097,-3.71864,0.01491102,-0.2854879,0.02067073,0.9580435,2.313848,326.8489,1.783243,0.342289,0.02136763,-0.9393514,0,0,0,0.7294403,0.02171048,-2.743253,0.0100298,-0.01901264,1.159781,0.8361388,0.03109307,0.547636,-0.04812074,0.9987007,0.01676834,-0.5464031,-0.0403733,0.8365486,moving,-35.69945,-7.081544,0.4954824,-0.9391832,-1.3904640196734943,0.1371223625649518,36.71241925613111,2.171457474114455,36.44049512214729
2336,05/15/2023 18:38:29.802768,2519,True,True,True,True,Eyes,1.350688,0.08504617,-3.706979,-0.5791453,-0.09862388,0.8092367,0.0,0.0,0.0,0.0,0.0,0.0,0.0,0.8904066,0.03418333,3.857157,1.35401,0.08745575,-3.71896,0.01409391,-0.2840915,0.02115871,0.9584601,2.237334,327.0164,1.866825,0.3422843,0.02138337,-0.9393528,0,0,0,0.7327079,0.02398297,-2.743011,0.0095414,-0.01858197,1.158484,0.8376886,0.03255164,0.5451771,-0.04856748,0.9987073,0.01499488,-0.5439843,-0.03903893,0.8381867,moving,-35.59011,-6.948526,0.4718837,-0.9189403,-1.3925635779196766,0.1571990049656959,36.56259418220327,2.152728374838345,36.30102184452661
2337,05/15/2023 18:38:29.822823,2520,True,True,True,True,Eyes,1.35088,0.08515789,-3.707051,-0.5777925,-0.09685949,0.810416,0.0,0.0,0.0,0.0,0.0,0.0,0.0,0.8802927,0.02670301,3.859897,1.354237,0.08760834,-3.719247,0.01310804,-0.2828612,0.0216438,0.958827,2.142277,327.1636,1.954948,0.3422825,0.02140012,-0.939353,0,0,0,0.7360149,0.02628282,-2.742767,0.009420674,-0.01841382,1.157171,0.8390421,0.03408981,0.5429974,-0.04892084,0.9987195,0.0128923,-0.5418625,-0.03738107,0.8396355,moving,-35.48727,-6.815561,0.4664418,-0.911659,-1.395132753665434,0.1772112218576269,36.43522267014521,2.1566404843883777,36.184070049869284
2338,05/15/2023 18:38:29.832672,2521,True,True,True,True,Eyes,1.351074,0.08527266,-3.707132,-0.5764366,-0.09509392,0.8115898,0.0,0.0,0.0,0.0,0.0,0.0,0.0,0.8716185,0.01662851,3.86222,1.354351,0.08779716,-3.719511,0.01181212,-0.2818083,0.02196737,0.9591466,2.00807,327.2889,2.034665,0.3422846,0.02141795,-0.9393518,0,0,0,0.7397466,0.02887806,-2.742491,0.01019163,-0.01881278,1.15556,0.840203,0.03548235,0.5411097,-0.04879736,0.9987559,0.01027793,-0.5400718,-0.03504028,0.8408892,moving,-35.38451,-6.68287,0.5053152,-0.9327058,-1.397687022537856,0.1971833526525395,36.34754381266383,2.2131576889742615,36.10723258091259
2339,05/15/2023 18:38:29.852569,2522,True,True,True,True,Eyes,1.3513,0.0853949,-3.707197,-0.5751085,-0.0932906,0.8127404,0.0,0.0,0.0,0.0,0.0,0.0,0.0,0.8646153,0.009071261,3.864186,1.354548,0.08796406,-3.719816,0.01084625,-0.2809622,0.02212298,0.9594025,1.90505,327.3892,2.084595,0.3422902,0.02143683,-0.9393494,0,0,0,0.7429108,0.03107856,-2.742258,0.01093985,-0.0189328,1.15433,0.8411417,0.03635491,0.5395915,-0.04854445,0.9987859,0.008380386,-0.5386317,-0.03324327,0.8418853,moving,-35.28385,-6.548052,0.5429888,-0.9396553,-1.400555279869768,0.2174428823277594,36.2631561222373,2.2619106511847518,36.03331864806816
2340,05/15/2023 18:38:29.862986,2523,True,True,True,True,Eyes,1.351523,0.08551685,-3.707267,-0.573784,-0.09146442,0.8138835,0.0,0.0,0.0,0.0,0.0,0.0,0.0,0.8580762,-0.004230082,3.865933,1.354643,0.08818245,-3.72007,0.009171405,-0.280184,0.02213468,0.9596473,1.719486,327.4802,2.141093,0.3422997,0.02145684,-0.9393454,0,0,0,0.7460065,0.0332315,-2.742029,0.01181071,-0.02081813,1.153018,0.842014,0.03734361,0.5381616,-0.04762233,0.9988519,0.005199062,-0.5373495,-0.03000619,0.8428257,moving,-35.18366,-6.41201,0.5868773,-1.034382,-1.403550415734303,0.2378742519080356,36.17250643288457,2.362295168280704,35.9545484618103
2341,05/15/2023 18:38:29.883247,2524,True,True,True,True,Eyes,1.351778,0.08564346,-3.707322,-0.5725061,-0.0896205,0.8149878,0.0,0.0,0.0,0.0,0.0,0.0,0.0,0.8517879,-0.01457814,3.867514,1.354767,0.08826542,-3.720248,0.007827763,-0.2794391,0.02253436,0.9598671,1.582779,327.5678,2.229371,0.3423127,0.02147785,-0.9393402,0,0,0,0.7494256,0.0356093,-2.741777,0.01300746,-0.02137915,1.151517,0.8428119,0.0388852,0.5368016,-0.04763474,0.9988618,0.00243326,-0.536096,-0.02762118,0.843705,moving,-35.08697,-6.275342,0.6471822,-1.063636,-1.4068479576182642,0.2583650193852318,36.112207255763266,2.4426883926651195,35.90471541953264
2342,05/15/2023 18:38:29.902902,2525,True,True,True,True,Eyes,1.352034,0.08577421,-3.70738,-0.5712538,-0.08776581,0.8160676,0.0,0.0,0.0,0.0,0.0,0.0,0.0,0.8477502,-0.02697679,3.868635,1.35487,0.08840942,-3.720519,0.006209196,-0.2789768,0.02337149,0.9599932,1.430354,327.6216,2.373952,0.3423296,0.0214999,-0.9393336,0,0,0,0.7528523,0.03799235,-2.741524,0.01492444,-0.02235297,1.150075,0.8432514,0.04140851,0.5359221,-0.04833739,0.9988304,-0.001118637,-0.5353415,-0.02496178,0.8442668,moving,-34.99233,-6.138409,0.7434811,-1.113466,-1.4103149296794082,0.278875964054321,36.087369634376685,2.5646546516693873,35.89047845124163
2343,05/15/2023 18:38:29.912915,2526,True,True,True,True,Eyes,1.352335,0.08591307,-3.707412,-0.5699631,-0.08596718,0.8171608,0.0,0.0,0.0,0.0,0.0,0.0,0.0,0.8442252,-0.03619774,3.869558,1.355124,0.08861256,-3.720658,0.005039286,-0.2785901,0.02363323,0.9601062,1.309005,327.666,2.440629,0.34235,0.02152297,-0.9393256,0,0,0,0.7559884,0.04017341,-2.741292,0.01661868,-0.02292972,1.148768,0.8436581,0.04257303,0.5351902,-0.0481886,0.9988322,-0.003491471,-0.5347139,-0.02284446,0.8447244,moving,-34.89547,-6.005556,0.828813,-1.143487,-1.4133113675614446,0.2988198188584163,36.05362826158901,2.6659652359583186,35.86642404922844
2344,05/15/2023 18:38:29.932867,2527,True,True,True,True,Eyes,1.35263,0.08604538,-3.707454,-0.5686909,-0.0841593,0.8182346,0.0,0.0,0.0,0.0,0.0,0.0,0.0,0.8385999,-0.04348367,3.870951,1.355199,0.08886623,-3.720879,0.004132293,-0.2779106,0.02363413,0.9603073,1.207477,327.7454,2.470489,0.3423748,0.02154719,-0.939316,0,0,0,0.7594154,0.04255673,-2.741039,0.01810494,-0.02293886,1.147317,0.8444142,0.04309525,0.5339544,-0.04768888,0.9988487,-0.005199809,-0.5335637,-0.0210729,0.8454972,moving,-34.80014,-5.872491,0.9040663,-1.14539,-1.4164353343335845,0.3187807767630233,36.01577198085806,2.743815572969815,35.837554141840364
2345,05/15/2023 18:38:29.952667,2528,True,True,True,True,Eyes,1.352973,0.08616748,-3.707468,-0.5673732,-0.08246962,0.8193207,0.0,0.0,0.0,0.0,0.0,0.0,0.0,0.83435,-0.05122814,3.8721,1.355352,0.0888195,-3.721162,0.003147049,-0.2774048,0.02343189,0.9604622,1.091292,327.8036,2.480119,0.3424034,0.02157225,-0.939305,0,0,0,0.762639,0.04479855,-2.740801,0.01980993,-0.0230753,1.146049,0.844995,0.04326488,0.5330212,-0.0467569,0.9988821,-0.006954996,-0.5327262,-0.01904549,0.8460734,moving,-34.7023,-5.74781,0.9902821,-1.153474,-1.418741911802098,0.3375584881290432,35.987057954855615,2.8331209946091893,35.817172637297524
2346,05/15/2023 18:38:29.962979,2529,True,True,True,True,Eyes,1.353307,0.08627716,-3.707491,-0.566047,-0.08082964,0.8204008,0.0,0.0,0.0,0.0,0.0,0.0,0.0,0.8283697,-0.05119985,3.873605,1.355481,0.0886507,-3.72135,0.003120578,-0.2766624,0.02329176,0.9606798,1.082018,327.892,2.466361,0.3424367,0.02159782,-0.9392923,0,0,0,0.7658938,0.04706209,-2.74056,0.02101874,-0.02089885,1.144733,0.8458307,0.04302515,0.5317134,-0.04647854,0.9988955,-0.006892159,-0.5314226,-0.01888366,0.8468962,moving,-34.60427,-5.626882,1.051904,-1.045906,-1.4207506200711184,0.3557983739846071,35.94924318300529,2.8423222938658146,35.785561636281436
2347,05/15/2023 18:38:29.982886,2530,True,True,True,True,Eyes,1.353623,0.08637267,-3.70753,-0.5645755,-0.07932195,0.821561,0.0,0.0,0.0,0.0,0.0,0.0,0.0,0.8214433,-0.05320555,3.875303,1.355573,0.08844948,-3.721582,0.002791398,-0.2758088,0.02370128,0.9609163,1.056516,327.9935,2.522837,0.3424738,0.02162354,-0.9392781,0,0,0,0.7692218,0.04937655,-2.740314,0.02205527,-0.018981,1.143405,0.8467355,0.0440101,0.5301906,-0.04708967,0.9988609,-0.007709439,-0.5299259,-0.01843864,0.8478434,moving,-34.49679,-5.51483,1.105048,-0.9510466,-1.42139901527396,0.3728449415710724,35.89316073990085,2.8523014102352735,35.735204370878975
2348,05/15/2023 18:38:30.002570,2531,True,True,True,True,Eyes,1.35394,0.0864739,-3.707577,-0.5630619,-0.07793521,0.8227317,0.0,0.0,0.0,0.0,0.0,0.0,0.0,0.8136293,-0.05065893,3.877238,1.35581,0.08822823,-3.721764,0.003021836,-0.2748496,0.02424942,0.9611767,1.096646,328.1088,2.577064,0.342514,0.02164903,-0.9392629,0,0,0,0.7724502,0.05162176,-2.740076,0.02264349,-0.01578291,1.14219,0.8477393,0.04495485,0.5285045,-0.04827705,0.9988056,-0.007520845,-0.5282114,-0.01913892,0.8488972,moving,-34.38699,-5.411331,1.135719,-0.7916692,-1.4212310758852855,0.3886823087086379,35.821838727863486,2.816242776232284,35.668037025949
2349,05/15/2023 18:38:30.012758,2532,True,True,True,True,Eyes,1.354244,0.08657548,-3.707637,-0.5614165,-0.07656755,0.8239836,0.0,0.0,0.0,0.0,0.0,0.0,0.0,0.8025948,-0.04517806,3.87994,1.356112,0.08846855,-3.721998,0.003662658,-0.2734862,0.02489956,0.9615466,1.183988,328.2732,2.630262,0.3425568,0.02167444,-0.9392467,0,0,0,0.7758073,0.05395647,-2.739828,0.02238,-0.01197677,1.141033,0.8491706,0.04588081,0.5261219,-0.04988755,0.9987332,-0.006575738,-0.5257571,-0.020663,0.8503838,moving,-34.26834,-5.308887,1.123644,-0.6013788,-1.4203384313341143,0.4044453665051304,35.70368559279733,2.7356039305539777,35.55334870986728
2350,05/15/2023 18:38:30.032672,2533,True,True,True,True,Eyes,1.354548,0.08668832,-3.707712,-0.5597084,-0.07526518,0.8252646,0.0,0.0,0.0,0.0,0.0,0.0,0.0,0.7892842,-0.04830614,3.882871,1.356352,0.08863449,-3.722156,0.003212255,-0.2718678,0.02533326,0.9619959,1.14341,328.4655,2.694107,0.3426017,0.0216998,-0.9392297,0,0,0,0.779203,0.05631799,-2.739577,0.02150835,-0.01059698,1.13975,0.8508923,0.04699435,0.5232341,-0.05048759,0.9986958,-0.007594242,-0.5229085,-0.01995494,0.8521552,moving,-34.14579,-5.211032,1.081107,-0.5326995,-1.4188143170523717,0.4195828491256541,35.53619376395234,2.6751538766787113,35.39071163088595
2351,05/15/2023 18:38:30.052990,2534,True,True,True,True,Eyes,1.354832,0.08681217,-3.707793,-0.5579102,-0.07387996,0.8266063,0.0,0.0,0.0,0.0,0.0,0.0,0.0,0.7747107,-0.04766436,3.886321,1.356618,0.08900452,-3.72258,0.003252566,-0.270067,0.02584778,0.9624892,1.158736,328.6804,2.751794,0.3426482,0.02172538,-0.9392121,0,0,0,0.78254,0.05863869,-2.739331,0.02030323,-0.008322844,1.138765,0.8527914,0.04799959,0.5200412,-0.05151324,0.9986426,-0.00770015,-0.5197049,-0.02022238,0.8541065,moving,-34.01702,-5.107379,1.021428,-0.4187479,-1.4172757657078572,0.4356081421053386,35.35075812257202,2.5840279223645366,35.20967849721459
2352,05/15/2023 18:38:30.063057,2535,True,True,True,True,Eyes,1.355126,0.08694041,-3.707893,-0.5560645,-0.0724656,0.827974,0.0,0.0,0.0,0.0,0.0,0.0,0.0,0.7610015,-0.05743445,3.888935,1.356763,0.08934498,-3.722559,0.002003477,-0.2684245,0.02598227,0.9629482,1.020323,328.8731,2.806975,0.3426957,0.02175144,-0.9391942,0,0,0,0.7858328,0.06092867,-2.739088,0.01923712,-0.009119492,1.137335,0.8545464,0.0489636,0.517062,-0.05111473,0.9986418,-0.01009007,-0.5168537,-0.01780705,0.8558885,moving,-33.88517,-5.001872,0.9690203,-0.4594048,-1.4156530968684944,0.4519268614817353,35.14894862910824,2.5528792777864338,35.0145644343588
2353,05/15/2023 18:38:30.082878,2536,True,True,True,True,Eyes,1.355395,0.08706017,-3.708,-0.554152,-0.07093514,0.8293875,0.0,0.0,0.0,0.0,0.0,0.0,0.0,0.7465429,-0.06570373,3.892295,1.357243,0.08955193,-3.723101,0.0009263239,-0.2666835,0.02607156,0.9634311,0.8990424,329.0776,2.851548,0.3427443,0.02177803,-0.9391758,0,0,0,0.7892202,0.06328443,-2.738837,0.01806222,-0.00934493,1.136529,0.8564004,0.04974223,0.5139107,-0.05073038,0.9986389,-0.01212081,-0.513814,-0.01569061,0.857758,moving,-33.74871,-4.888447,0.9104927,-0.4710947,-1.4142937453674898,0.4694240662259151,34.939566871127674,2.5078292537945095,34.811709461122724
2354,05/15/2023 18:38:30.102723,2537,True,True,True,True,Eyes,1.355669,0.08717205,-3.708117,-0.5521693,-0.0694134,0.8308374,0.0,0.0,0.0,0.0,0.0,0.0,0.0,0.7308563,-0.0798085,3.894982,1.357522,0.08946037,-3.722974,-0.0009198815,-0.2648326,0.02602931,0.9639428,0.688333,329.2928,2.904559,0.342793,0.02180488,-0.9391574,0,0,0,0.7928128,0.06578296,-2.738572,0.01662569,-0.01089996,1.134949,0.8583724,0.05066875,0.5105188,-0.0496943,0.9986432,-0.01556025,-0.5106146,-0.01201339,0.8597258,moving,-33.60776,-4.77576,0.8392569,-0.5502473,-1.412551374492884,0.4868544254268638,34.705214750621366,2.4791572144497005,34.58458319189826
2355,05/15/2023 18:38:30.113000,2538,True,True,True,True,Eyes,1.355925,0.08728284,-3.708246,-0.5501228,-0.06785481,0.8323224,0.0,0.0,0.0,0.0,0.0,0.0,0.0,0.7135816,-0.08413499,3.898546,1.357886,0.08937263,-3.723317,-0.001534307,-0.2627283,0.02599158,0.9645185,0.6129452,329.541,2.920361,0.3428421,0.02183177,-0.9391389,0,0,0,0.7958677,0.06790747,-2.738347,0.01435297,-0.01007769,1.1341,0.8605967,0.05094492,0.5067328,-0.0493325,0.9986442,-0.01661718,-0.5068923,-0.01069771,0.8619431,moving,-33.46268,-4.660712,0.7250865,-0.5091205,-1.4106867463435675,0.504660267724176,34.43891825016278,2.3641655620544766,34.32377498688099
2356,05/15/2023 18:38:30.133020,2539,True,True,True,True,Eyes,1.356189,0.08741015,-3.70838,-0.5480219,-0.06626315,0.8338352,0.0,0.0,0.0,0.0,0.0,0.0,0.0,0.6966882,-0.0916438,3.901618,1.358097,0.0894556,-3.723435,-0.002574142,-0.2606903,0.0264835,0.9650558,0.5064785,329.7803,3.007132,0.3428909,0.02185866,-0.9391205,0,0,0,0.7991965,0.07022252,-2.738101,0.01248867,-0.009887336,1.132859,0.8626784,0.0524582,0.5030251,-0.04977398,0.998584,-0.01877637,-0.5032977,-0.008839601,0.8640679,moving,-33.31414,-4.543628,0.6316048,-0.5000519,-1.408724085293533,0.5227890195601828,34.18572944524101,2.282355254312937,34.0764943021686
2357,05/15/2023 18:38:30.152727,2540,True,True,True,True,Eyes,1.356426,0.08754675,-3.708514,-0.5459045,-0.06453557,0.8353583,0.0,0.0,0.0,0.0,0.0,0.0,0.0,0.6801764,-0.1017043,3.904674,1.358506,0.08994198,-3.723686,-0.003888789,-0.258726,0.02699026,0.9655657,0.3699271,330.0096,3.103231,0.3429396,0.02188596,-0.9391021,0,0,0,0.8025566,0.07255924,-2.737853,0.01069727,-0.01066982,1.131821,0.8646648,0.05413399,0.4994241,-0.05010946,0.9985128,-0.02147592,-0.4998439,-0.006456397,0.8660915,moving,-33.16451,-4.417608,0.5415078,-0.5401187,-1.4073582712326278,0.5422118290630182,33.928315006871934,2.2292416508183965,33.82588132014923
2358,05/15/2023 18:38:30.163019,2541,True,True,True,True,Eyes,1.356668,0.08767243,-3.708658,-0.543742,-0.06271209,0.8369061,0.0,0.0,0.0,0.0,0.0,0.0,0.0,0.6623201,-0.1192036,3.907107,1.358651,0.09029293,-3.723475,-0.006118515,-0.2566175,0.02693676,0.9661182,0.1147331,330.2527,3.163677,0.3429876,0.02191387,-0.9390839,0,0,0,0.8059335,0.0749077,-2.737603,0.008546084,-0.01361392,1.13023,0.8668438,0.05518842,0.495516,-0.04890795,0.9984739,-0.0256473,-0.4961752,-0.002002467,0.86822,moving,-33.01198,-4.285349,0.4332262,-0.6901096,-1.4062533095786849,0.5625568265662979,33.637888817579366,2.2255017507084145,33.54357994248457
2359,05/15/2023 18:38:30.182809,2542,True,True,True,True,Eyes,1.35691,0.08779747,-3.708793,-0.5416523,-0.0609103,0.8383929,0.0,0.0,0.0,0.0,0.0,0.0,0.0,0.6461707,-0.134594,3.909741,1.358965,0.09011745,-3.723817,-0.008119129,-0.2546904,0.02663608,0.9666216,359.8781,330.4744,3.189004,0.343035,0.02194204,-0.9390659,0,0,0,0.8092585,0.07722007,-2.737357,0.006956272,-0.01571134,1.129225,0.8688467,0.05562976,0.4919459,-0.04735831,0.9984491,-0.02926416,-0.4928109,0.002128342,0.8701338,moving,-32.86489,-4.15531,0.3529499,-0.7971262,-1.405376730351032,0.5825351606639768,33.38715750189906,2.234989487472098,33.30004312282551
2360,05/15/2023 18:38:30.202675,2543,True,True,True,True,Eyes,1.35716,0.08791415,-3.708926,-0.5395257,-0.05908789,0.8398932,0.0,0.0,0.0,0.0,0.0,0.0,0.0,0.6313661,-0.1384301,3.912178,1.359174,0.09005547,-3.723905,-0.008689483,-0.2528989,0.02689225,0.96708,359.8164,330.6846,3.233732,0.3430819,0.02197045,-0.9390481,0,0,0,0.8127126,0.07962227,-2.737102,0.005870774,-0.01440249,1.127948,0.870638,0.05640903,0.4886795,-0.04761879,0.9984026,-0.03040889,-0.4896142,0.003204809,0.8719334,moving,-32.71565,-4.024224,0.2982119,-0.7315558,-1.4044227256866462,0.6026827888188877,33.1776542484179,2.1631359828916263,33.09567629929105
2361,05/15/2023 18:38:30.213016,2544,True,True,True,True,Eyes,1.357388,0.08801716,-3.709065,-0.5370957,-0.05714865,0.8415831,0.0,0.0,0.0,0.0,0.0,0.0,0.0,0.6170659,-0.1470275,3.914215,1.359545,0.09009743,-3.723841,-0.009869683,-0.2512213,0.02735039,0.9674929,359.6931,330.8789,3.318271,0.3431286,0.02199885,-0.9390303,0,0,0,0.8159488,0.08187287,-2.736863,0.004602686,-0.01454977,1.126701,0.8722796,0.05788155,0.4855698,-0.04796366,0.9983091,-0.0328397,-0.4866495,0.005355698,0.8735809,moving,-32.54589,-3.884771,0.2340575,-0.7398534,-1.4026067215463116,0.6242124909004603,32.93046408439374,2.1305739904560603,32.85459917915786
2362,05/15/2023 18:38:30.232931,2545,True,True,True,True,Eyes,1.357624,0.08813637,-3.709209,-0.534614,-0.05535335,0.8432816,0.0,0.0,0.0,0.0,0.0,0.0,0.0,0.6001883,-0.1487272,3.916761,1.359905,0.08989716,-3.7237,-0.01021423,-0.2491994,0.0277664,0.9680002,359.6599,331.1168,3.373665,0.3431746,0.02202689,-0.9390129,0,0,0,0.8191853,0.08412369,-2.736624,0.002585687,-0.01262803,1.125418,0.8742574,0.05884651,0.4818828,-0.048665,0.9982494,-0.03361348,-0.4830171,0.005936017,0.8755907,moving,-32.37341,-3.755531,0.1316388,-0.6428743,-1.3998196086913943,0.6442978667599567,32.653741427628724,2.000544187073382,32.582261956917165
2363,05/15/2023 18:38:30.252878,2546,True,True,True,True,Eyes,1.357827,0.08825579,-3.709367,-0.5319007,-0.05333474,0.8451255,0.0,0.0,0.0,0.0,0.0,0.0,0.0,0.5840353,-0.1415161,3.919855,1.360314,0.09042168,-3.723944,-0.009295858,-0.2472051,0.02778626,0.9685201,359.7554,331.3559,3.349104,0.34322,0.02205503,-0.9389956,0,0,0,0.822479,0.0864143,-2.736381,0.0008764714,-0.008874052,1.124493,0.8762352,0.05841907,0.4783297,-0.04922714,0.998283,-0.03174427,-0.4793628,0.004268639,0.8776065,moving,-32.18528,-3.611071,0.04465845,-0.4521463,-1.397043984130069,0.6667078597256868,32.384374901348004,1.8249220639008228,32.316789299583526
2364,05/15/2023 18:38:30.262950,2547,True,True,True,True,Eyes,1.358034,0.08837473,-3.709523,-0.5291476,-0.05135949,0.8469741,0.0,0.0,0.0,0.0,0.0,0.0,0.0,0.5653203,-0.1516392,3.922297,1.360641,0.09057426,-3.723903,-0.01059021,-0.2449662,0.02740795,0.9690864,359.5933,331.616,3.342887,0.3432641,0.02208325,-0.9389788,0,0,0,0.8258294,0.08874433,-2.736134,-0.00152161,-0.009730655,1.123217,0.8784808,0.05830983,0.4742064,-0.04793285,0.9982733,-0.03395371,-0.4753672,0.007097621,0.8797588,moving,-31.99511,-3.470098,-0.07761794,-0.4963525,-1.3938558191221055,0.6886344322415892,32.05572432029782,1.7710663974055831,31.994039401359824
2365,05/15/2023 18:38:30.282943,2548,True,True,True,True,Eyes,1.358231,0.08847351,-3.709687,-0.5263898,-0.04929719,0.8488129,0.0,0.0,0.0,0.0,0.0,0.0,0.0,0.5486511,-0.153808,3.924762,1.360911,0.09068298,-3.723994,-0.0108396,-0.2429251,0.02671798,0.9696165,359.5394,331.8564,3.272259,0.3433072,0.02211153,-0.9389624,0,0,0,0.829207,0.09109329,-2.735884,-0.00325232,-0.008439148,1.122047,0.8805471,0.05707881,0.4705092,-0.04654596,0.9983373,-0.03400146,-0.4716676,0.008039582,0.8817398,moving,-31.80505,-3.323879,-0.1660748,-0.4309254,-1.3910726833384537,0.7113141451038538,31.770960518026016,1.674912234292517,31.71408483175288
2366,05/15/2023 18:38:30.302727,2549,True,True,True,True,Eyes,1.358438,0.08855884,-3.709846,-0.5235932,-0.04740816,0.8506483,0.0,0.0,0.0,0.0,0.0,0.0,0.0,0.5329587,-0.1591136,3.926935,1.361241,0.09029198,-3.724118,-0.01162273,-0.2410379,0.02675823,0.9700772,359.4471,332.0764,3.297519,0.3433489,0.02213936,-0.9389465,0,0,0,0.8325457,0.09341519,-2.735638,-0.004676357,-0.007437246,1.120957,0.8823694,0.05751812,0.4670288,-0.04631205,0.9982978,-0.03544938,-0.4682728,0.009650384,0.8835312,moving,-31.61324,-3.189897,-0.2390226,-0.3801365,-1.3872359437425512,0.7322501085808282,31.499782087021224,1.5986862887065765,31.44723502032777
2367,05/15/2023 18:38:30.313045,2550,True,True,True,True,Eyes,1.358681,0.0886578,-3.709984,-0.5208709,-0.04554492,0.8524196,0.0,0.0,0.0,0.0,0.0,0.0,0.0,0.5170045,-0.1493866,3.92963,1.36166,0.09006786,-3.724161,-0.01055111,-0.2390863,0.02744689,0.970553,359.5785,332.3102,3.343625,0.3433898,0.02216644,-0.9389309,0,0,0,0.8358191,0.09569164,-2.735396,-0.006299987,-0.002250969,1.11989,0.8841689,0.05832257,0.4635127,-0.04823206,0.9982706,-0.03360518,-0.464671,0.007356483,0.8854528,moving,-31.42702,-3.058415,-0.3223165,-0.1151639,-1.3836173262380678,0.7527778483012726,31.24364426344282,1.3710150700185155,31.193164229299207
2368,05/15/2023 18:38:30.332776,2551,True,True,True,True,Eyes,1.358933,0.08877619,-3.710126,-0.5180953,-0.04370151,0.8542058,0.0,0.0,0.0,0.0,0.0,0.0,0.0,0.4978252,-0.1448084,3.932369,1.362075,0.09045029,-3.724098,-0.01001049,-0.236753,0.02760321,0.9711261,359.6349,332.5873,3.345315,0.3434309,0.02219319,-0.9389153,0,0,0,0.8391149,0.09798374,-2.735152,-0.008894131,0.0009251382,1.118693,0.8863721,0.05835241,0.4592816,-0.04887236,0.9982757,-0.03251318,-0.4603868,0.006372599,0.8876956,moving,-31.23776,-2.928722,-0.4555187,0.04738254,-1.3796418059324207,0.7730749910922006,30.92577529641633,1.1750034248845362,30.878082065498674
2369,05/15/2023 18:38:30.352658,2552,True,True,True,True,Eyes,1.359207,0.08889015,-3.710248,-0.5154346,-0.04170725,0.8559133,0.0,0.0,0.0,0.0,0.0,0.0,0.0,0.4792838,-0.1495254,3.93487,1.362484,0.09102726,-3.724329,-0.01056791,-0.2345102,0.02728686,0.9716732,359.5566,332.8498,3.324224,0.3434723,0.02222014,-0.9388995,0,0,0,0.8426374,0.1004335,-2.734892,-0.01099919,0.001397395,1.117672,0.8885208,0.05798437,0.4551579,-0.04807124,0.9982875,-0.03333519,-0.4563113,0.007739009,0.8897865,moving,-31.05653,-2.789722,-0.5638389,0.07163534,-1.376955746889113,0.7946398176301538,30.62664814091139,1.0880691528428441,30.583192742540113
2370,05/15/2023 18:38:30.372689,2553,True,True,True,True,Eyes,1.35948,0.08901401,-3.710366,-0.5127389,-0.03969061,0.8576266,0.0,0.0,0.0,0.0,0.0,0.0,0.0,0.4610923,-0.161099,3.936569,1.362746,0.0909586,-3.724217,-0.01206991,-0.2323388,0.02692228,0.9721874,359.3721,333.1003,3.322673,0.3435147,0.02224716,-0.9388834,0,0,0,0.8458958,0.1026995,-2.734652,-0.01322311,0.0002743639,1.116394,0.8905877,0.05795561,0.4511039,-0.04673837,0.998259,-0.03597862,-0.4524036,0.01095826,0.8917459,moving,-30.87343,-2.649735,-0.6786072,0.01408096,-1.3742081241056263,0.8163628662838547,30.31209724502992,1.0618459882520896,30.273431836468703
2371,05/15/2023 18:38:30.382729,2554,True,True,True,True,Eyes,1.359779,0.08914207,-3.710471,-0.5102534,-0.03753348,0.8592046,0.0,0.0,0.0,0.0,0.0,0.0,0.0,0.4446813,-0.1672747,3.938389,1.36302,0.09138393,-3.724306,-0.01281443,-0.2303557,0.02654495,0.97266,359.2724,333.3312,3.299012,0.3435579,0.02227449,-0.9388669,0,0,0,0.8491996,0.1049971,-2.734407,-0.01486748,0.0003066841,1.115291,0.8924632,0.05754217,0.4474352,-0.04573466,0.9982623,-0.03715774,-0.4487958,0.01269861,0.8935441,moving,-30.70469,-2.501318,-0.763741,0.01575526,-1.373144833076461,0.8391722105912748,30.04656527486641,1.0243966547628496,30.012149929784865
2372,05/15/2023 18:38:30.403095,2555,True,True,True,True,Eyes,1.360083,0.08926596,-3.710573,-0.5077288,-0.03533966,0.8607919,0.0,0.0,0.0,0.0,0.0,0.0,0.0,0.4276301,-0.1863826,3.939472,1.363319,0.09152603,-3.724249,-0.01525792,-0.2283602,0.02632004,0.9731014,358.9873,333.5569,3.336604,0.3436026,0.02230221,-0.9388499,0,0,0,0.8530103,0.1076473,-2.734126,-0.0161896,-0.002629558,1.113889,0.8943177,0.05819272,0.4436321,-0.04425552,0.9981489,-0.0417159,-0.4452385,0.0176741,0.8952377,moving,-30.53377,-2.350948,-0.832696,-0.1352579,-1.372070496141656,0.8622813467751319,29.783604203868848,1.1340235429411343,29.754406813968775
2373,05/15/2023 18:38:30.413014,2556,True,True,True,True,Eyes,1.360413,0.08937849,-3.710651,-0.5055174,-0.03308955,0.8621817,0.0,0.0,0.0,0.0,0.0,0.0,0.0,0.4111272,-0.1978621,3.940804,1.363686,0.09151649,-3.724258,-0.01677961,-0.2264113,0.02633473,0.9735312,358.8112,333.7802,3.375885,0.3436488,0.02233017,-0.9388323,0,0,0,0.8558429,0.1096173,-2.733917,-0.01830314,-0.003918659,1.112949,0.8960889,0.05887355,0.4399531,-0.04367719,0.9980499,-0.0445959,-0.4417206,0.02074598,0.8969128,moving,-30.3841,-2.197868,-0.9421794,-0.2017357,-1.3727496511838655,0.8855943251157068,29.50951088676001,1.1694773724714218,29.484528311783116
2374,05/15/2023 18:38:30.432955,2557,True,True,True,True,Eyes,1.360752,0.08948183,-3.710734,-0.5032201,-0.03094419,0.8636041,0.0,0.0,0.0,0.0,0.0,0.0,0.0,0.3924154,-0.2112027,3.941921,1.364057,0.09118938,-3.724027,-0.01860828,-0.2242153,0.02650953,0.9740012,358.6041,334.0308,3.439983,0.343697,0.02235808,-0.938814,0,0,0,0.8590897,0.1118752,-2.733677,-0.02066456,-0.005167102,1.111646,0.8980495,0.05998515,0.4357854,-0.04329611,0.997902,-0.04813666,-0.4377585,0.02436129,0.8987625,moving,-30.22926,-2.052114,-1.064958,-0.2663178,-1.372497662337529,0.9078993893565248,29.2189250181306,1.2138231550316618,29.197647716108673
2375,05/15/2023 18:38:30.452971,2558,True,True,True,True,Eyes,1.36112,0.08959313,-3.710799,-0.5011587,-0.02883901,0.8648747,0.0,0.0,0.0,0.0,0.0,0.0,0.0,0.3726991,-0.2089781,3.944254,1.364549,0.09106541,-3.724169,-0.01849835,-0.2218383,0.02716476,0.9745295,358.6247,334.3098,3.507008,0.3437473,0.0223857,-0.9387949,0,0,0,0.8624325,0.1141999,-2.73343,-0.02316357,-0.002112767,1.110711,0.9000997,0.06115301,0.4313709,-0.04473843,0.9978397,-0.04810674,-0.4333809,0.024002,0.9008912,moving,-30.0905,-1.909805,-1.194715,-0.1089865,-1.3731566421214063,0.9295687104920703,28.951845157712615,1.0537733840267616,28.932623326496923
2376,05/15/2023 18:38:30.463253,2559,True,True,True,True,Eyes,1.361492,0.08970626,-3.710866,-0.4989887,-0.02678691,0.8661944,0.0,0.0,0.0,0.0,0.0,0.0,0.0,0.3521383,-0.2114465,3.946104,1.364858,0.09129524,-3.724148,-0.01892878,-0.2193627,0.02768159,0.975067,358.5807,334.598,3.572211,0.3438002,0.02241326,-0.9387749,0,0,0,0.8657829,0.11653,-2.733183,-0.02582434,-0.0006404426,1.10953,0.9022275,0.06228735,0.4267386,-0.04567828,0.9977509,-0.04905826,-0.4288345,0.02476903,0.9030434,moving,-29.94496,-1.771297,-1.33332,-0.03307225,-1.3730339336567274,0.9507508996406646,28.664392000722994,0.9846243884321414,28.647476811351773
2377,05/15/2023 18:38:30.483123,2560,True,True,True,True,Eyes,1.361884,0.08982071,-3.710925,-0.4969772,-0.02477449,0.8674099,0.0,0.0,0.0,0.0,0.0,0.0,0.0,0.3302491,-0.2135685,3.948074,1.365249,0.09143925,-3.724204,-0.01929378,-0.216717,0.0278971,0.9756451,358.5356,334.9067,3.601602,0.3438555,0.02244082,-0.938754,0,0,0,0.8691133,0.1188461,-2.732937,-0.02892105,0.0008958336,1.108456,0.904511,0.06279791,0.4218012,-0.04607275,0.997699,-0.04973932,-0.4239542,0.02555622,0.905323,moving,-29.81029,-1.636006,-1.494582,0.04630536,-1.3734598172543508,0.9713756531038868,28.365639267487854,0.9329660392192106,28.350778473133193
2378,05/15/2023 18:38:30.502868,2561,True,True,True,True,Eyes,1.362279,0.08992509,-3.710985,-0.4948612,-0.02282487,0.8686722,0.0,0.0,0.0,0.0,0.0,0.0,0.0,0.3091568,-0.2178579,3.949741,1.36555,0.09152699,-3.724297,-0.01994448,-0.2141683,0.02814504,0.9761875,358.4595,335.2026,3.641626,0.3439135,0.0224684,-0.938732,0,0,0,0.8725007,0.1212019,-2.732687,-0.03163813,0.00191782,1.107368,0.9066796,0.06349261,0.4170142,-0.04640672,0.9976202,-0.05099465,-0.4192595,0.02688355,0.9074683,moving,-29.6691,-1.505134,-1.636528,0.0992289,-1.3730761878932816,0.991422166078504,28.07844499344792,0.9302772067175149,28.06556927488328
2379,05/15/2023 18:38:30.513026,2562,True,True,True,True,Eyes,1.362675,0.09003067,-3.711048,-0.4928319,-0.02092767,0.8698729,0.0,0.0,0.0,0.0,0.0,0.0,0.0,0.288058,-0.2184846,3.951494,1.365925,0.0913763,-3.724369,-0.02017999,-0.2116154,0.02852778,0.9767282,358.433,335.5003,3.686238,0.343974,0.02249576,-0.9387092,0,0,0,0.8757342,0.1234506,-2.732448,-0.03452906,0.004047886,1.106351,0.9088101,0.06426856,0.4122302,-0.04718698,0.9975579,-0.05149456,-0.4145329,0.02734689,0.9096234,moving,-29.53399,-1.378174,-1.787614,0.2096313,-1.3728395256565964,1.0108532008413844,27.791770487035976,0.9022163814488895,27.78036048150907
2380,05/15/2023 18:38:30.532504,2563,True,True,True,True,Eyes,1.363077,0.09013149,-3.711119,-0.4906963,-0.01907937,0.8711218,0.0,0.0,0.0,0.0,0.0,0.0,0.0,0.2679039,-0.2195137,3.953067,1.366255,0.09148502,-3.72447,-0.02042005,-0.2091726,0.0288257,0.9772406,358.404,335.7851,3.721518,0.3440368,0.02252293,-0.9386855,0,0,0,0.8791207,0.1258058,-2.732198,-0.03697442,0.005949667,1.105296,0.9108318,0.06488192,0.4076467,-0.04779666,0.9975042,-0.05196971,-0.4100012,0.02785151,0.9116598,moving,-29.39223,-1.254696,-1.915946,0.3084127,-1.3718547894603654,1.0298418230728212,27.5207102244232,0.9036012533214552,27.510659904717862
2381,05/15/2023 18:38:30.552994,2564,True,True,True,True,Eyes,1.363496,0.09023553,-3.711187,-0.488606,-0.0172496,0.872334,0.0,0.0,0.0,0.0,0.0,0.0,0.0,0.2463382,-0.221229,3.954753,1.366735,0.09145546,-3.724697,-0.02080214,-0.2065754,0.0293288,0.9777698,358.3633,336.0868,3.782835,0.3441016,0.02254982,-0.9386612,0,0,0,0.8825143,0.1281658,-2.731947,-0.03981367,0.007811833,1.104411,0.9129329,0.06594805,0.4027461,-0.04875921,0.9974142,-0.05279663,-0.4051865,0.0285622,0.9137877,moving,-29.25378,-1.132823,-2.0646,0.4052635,-1.3709897740845265,1.0485708020554363,27.232649873890022,0.9460123838366803,27.22382324343736
2382,05/15/2023 18:38:30.562936,2565,True,True,True,True,Eyes,1.363916,0.09033647,-3.711252,-0.4863884,-0.01538899,0.8736072,0.0,0.0,0.0,0.0,0.0,0.0,0.0,0.2233509,-0.223304,3.956259,1.36713,0.09158707,-3.724823,-0.02124567,-0.2038061,0.03001302,0.9783204,358.3189,336.4079,3.865453,0.3441687,0.02257653,-0.9386359,0,0,0,0.8857881,0.1304426,-2.731705,-0.04310577,0.009416157,1.10342,0.9151247,0.06738469,0.3975,-0.05006472,0.9972957,-0.05380381,-0.4000506,0.02933647,0.9160235,moving,-29.10725,-1.009187,-2.237155,0.4889278,-1.3696694247710863,1.0676238239629845,26.911825528250663,1.0427944722622988,26.904212740282116
2383,05/15/2023 18:38:30.583128,2566,True,True,True,True,Eyes,1.364377,0.0904394,-3.711308,-0.4842054,-0.01351399,0.87485,0.0,0.0,0.0,0.0,0.0,0.0,0.0,0.1984477,-0.2324855,3.957155,1.367511,0.09157658,-3.724785,-0.0225931,-0.2008319,0.03047205,0.978891,358.1666,336.7487,3.943209,0.3442379,0.022603,-0.9386099,0,0,0,0.8891316,0.1327678,-2.731458,-0.04687765,0.009176778,1.102254,0.9174761,0.06873246,0.391808,-0.0505828,0.997122,-0.05647188,-0.3945618,0.03199286,0.9183123,moving,-28.96332,-0.8849896,-2.435259,0.4770029,-1.3685810132581775,1.0867348232168648,26.56300141154567,1.2286476083846516,26.556918313338112
2384,05/15/2023 18:38:30.602713,2567,True,True,True,True,Eyes,1.364838,0.09054158,-3.711363,-0.481901,-0.0116322,0.8761485,0.0,0.0,0.0,0.0,0.0,0.0,0.0,0.1751662,-0.2339261,3.958516,1.367902,0.09162998,-3.725009,-0.02296308,-0.1980154,0.03107812,0.9794369,358.1276,337.0752,4.014538,0.34431,0.0226293,-0.9385828,0,0,0,0.8923976,0.1350392,-2.731217,-0.0501996,0.01096917,1.101352,0.9196481,0.06997221,0.3864598,-0.05178404,0.9970137,-0.05728967,-0.3893144,0.03267389,0.9205253,moving,-28.81176,-0.7606437,-2.609735,0.5706317,-1.3669478731313367,1.105933851563343,26.23582299626353,1.3531696996972744,26.23067179729129
2385,05/15/2023 18:38:30.612977,2568,True,True,True,True,Eyes,1.365294,0.09064687,-3.711433,-0.4796163,-0.009737669,0.8774244,0.0,0.0,0.0,0.0,0.0,0.0,0.0,0.1508357,-0.2407615,3.959201,1.368264,0.09168434,-3.724975,-0.02398892,-0.1950947,0.03141239,0.9799877,358.0079,337.4109,4.069737,0.3443847,0.02265543,-0.9385548,0,0,0,0.8956932,0.1373311,-2.730974,-0.05383815,0.01125628,1.10019,0.9219027,0.07092772,0.3808737,-0.05220728,0.9968756,-0.05927448,-0.3838879,0.03476092,0.9227253,moving,-28.66183,-0.6358434,-2.801552,0.5861847,-1.3654678931661812,1.1251839535591786,25.88913538367926,1.533902786110658,25.885109384819977
2386,05/15/2023 18:38:30.632585,2569,True,True,True,True,Eyes,1.365755,0.09075684,-3.711501,-0.4772128,-0.007801282,0.8787532,0.0,0.0,0.0,0.0,0.0,0.0,0.0,0.1296777,-0.2445133,3.960219,1.368742,0.09185505,-3.725325,-0.02462153,-0.1925531,0.03192367,0.9804581,357.9377,337.7036,4.136237,0.3444614,0.02268148,-0.938526,0,0,0,0.898964,0.1396058,-2.730732,-0.05656728,0.01230105,1.09947,0.9238084,0.07208153,0.3760085,-0.05311772,0.9967493,-0.06057476,-0.3791525,0.03598675,0.9246342,moving,-28.50447,-0.5086398,-2.945246,0.6410074,-1.3636283996143654,1.144844459599145,25.585066350639856,1.6599295215385277,25.581909941388666
2387,05/15/2023 18:38:30.652765,2570,True,True,True,True,Eyes,1.366188,0.09086017,-3.711586,-0.4748296,-0.005880759,0.8800581,0.0,0.0,0.0,0.0,0.0,0.0,0.0,0.1047689,-0.2549372,3.960429,1.369272,0.09203911,-3.725265,-0.02609198,-0.1895978,0.03221337,0.9809865,357.7662,338.0405,4.195007,0.3445402,0.02270758,-0.9384965,0,0,0,0.9023129,0.1419348,-2.730485,-0.06039934,0.0115419,1.098338,0.92603,0.07309572,0.3703047,-0.05330779,0.996563,-0.06340693,-0.3736668,0.03897658,0.9267438,moving,-28.34879,-0.3828584,-3.147616,0.6020714,-1.3618036896155346,1.1642858449283144,25.22041351146337,1.8722207909343267,25.218279651160106
2388,05/15/2023 18:38:30.662867,2571,True,True,True,True,Eyes,1.366634,0.0909589,-3.711672,-0.4723373,-0.003922898,0.881409,0.0,0.0,0.0,0.0,0.0,0.0,0.0,0.08065981,-0.2577153,3.96113,1.369779,0.09202862,-3.725415,-0.02658541,-0.1866852,0.03236669,0.9815266,357.7016,338.3775,4.216354,0.34462,0.02273354,-0.9384665,0,0,0,0.9056375,0.1442469,-2.730239,-0.06398876,0.01295581,1.09739,0.9282021,0.07346372,0.3647519,-0.05361132,0.9964913,-0.06427334,-0.3681938,0.04010381,0.9288838,moving,-28.18636,-0.2550054,-3.337134,0.6764038,-1.359643912011499,1.1840840102375654,24.86667561007946,2.041618535368355,24.86507042913361
2389,05/15/2023 18:38:30.683074,2572,True,True,True,True,Eyes,1.367027,0.09105426,-3.711787,-0.4698676,-0.002060315,0.8827345,0.0,0.0,0.0,0.0,0.0,0.0,0.0,0.05681336,-0.2672078,3.96118,1.370448,0.09199238,-3.725451,-0.02785967,-0.1838428,0.03203291,0.9820385,357.5389,338.7031,4.199314,0.3447011,0.02275926,-0.9384361,0,0,0,0.9089459,0.1465477,-2.729995,-0.06770426,0.01247191,1.096428,0.9303514,0.07315871,0.3592966,-0.05267151,0.9963955,-0.06649659,-0.3628663,0.0429405,0.9308513,moving,-28.02577,-0.1337289,-3.533519,0.6517133,-1.3571205023338109,1.2029207365058563,24.504841939840013,2.245114709475443,24.503850240829628
2390,05/15/2023 18:38:30.692900,2573,True,True,True,True,Eyes,1.367427,0.09117182,-3.711901,-0.4672753,-0.0001626089,0.8841118,0.0,0.0,0.0,0.0,0.0,0.0,0.0,0.03282887,-0.2638228,3.962075,1.370893,0.09213161,-3.725705,-0.02740061,-0.1808703,0.03134543,0.9826255,357.5636,339.0535,4.10464,0.3447818,0.02278468,-0.9384058,0,0,0,0.9125224,0.149035,-2.729731,-0.07109694,0.01547347,1.095451,0.9326069,0.07151353,0.3537377,-0.05168971,0.9965333,-0.06518798,-0.3571731,0.04251016,0.9330703,moving,-27.85758,-0.01053804,-3.713401,0.8092605,-1.3541881891914294,1.2220990684185693,24.15809283097958,2.3950617466481257,24.157191175299566
2391,05/15/2023 18:38:30.712735,2574,True,True,True,True,Eyes,1.367788,0.09128441,-3.712024,-0.4647511,0.001858323,0.8854395,0.0,0.0,0.0,0.0,0.0,0.0,0.0,0.007550061,-0.2732874,3.961808,1.371395,0.09276962,-3.725766,-0.02852674,-0.1778148,0.03066314,0.9831724,357.41,339.4054,4.043354,0.3448624,0.02281038,-0.9383755,0,0,0,0.9156601,0.1512171,-2.729499,-0.07534386,0.01435022,1.094429,0.9348834,0.07043926,0.3478958,-0.05014936,0.996492,-0.06699813,-0.3513947,0.04518869,0.9351363,moving,-27.69416,0.1202498,-3.938202,0.7512226,-1.352178381163545,1.2423277630550875,23.7643360347413,2.6322428532260007,23.76386316579513
2392,05/15/2023 18:38:30.732877,2575,True,True,True,True,Eyes,1.368155,0.09142739,-3.712151,-0.4620863,0.003916111,0.8868263,0.0,0.0,0.0,0.0,0.0,0.0,0.0,-0.0185957,-0.2881741,3.960798,1.371884,0.09281731,-3.725672,-0.03039904,-0.1746711,0.02983655,0.983705,357.1693,339.7641,3.979818,0.344942,0.02283622,-0.9383457,0,0,0,0.9189365,0.1534957,-2.729257,-0.07968608,0.01225738,1.093246,0.9371996,0.0693204,0.3418356,-0.04808106,0.9963714,-0.07023056,-0.3454636,0.04938423,0.9371318,moving,-27.52204,0.2530091,-4.168884,0.6423683,-1.3496838384465415,1.2629158848133706,23.356401600994975,2.886688215918158,23.35614371276568
2393,05/15/2023 18:38:30.752699,2576,True,True,True,True,Eyes,1.368479,0.09152953,-3.712273,-0.4595924,0.006216748,0.8881081,0.0,0.0,0.0,0.0,0.0,0.0,0.0,-0.04571873,-0.2984678,3.96013,1.37229,0.09367847,-3.725835,-0.03154781,-0.1713554,0.02884655,0.9842815,357.0068,340.1471,3.881341,0.3450207,0.02286294,-0.9383161,0,0,0,0.9223596,0.1558763,-2.729004,-0.0841143,0.01089352,1.092146,0.9396104,0.06759803,0.3355038,-0.04597447,0.9963452,-0.07198988,-0.3391439,0.05221783,0.9392842,moving,-27.36139,0.4010633,-4.404081,0.5714731,-1.349182576267464,1.2856023746662957,22.957941458706987,3.137257560395535,22.957524461992826
2394,05/15/2023 18:38:30.762940,2577,True,True,True,True,Eyes,1.368808,0.09160443,-3.712403,-0.4570047,0.008273111,0.8894258,0.0,0.0,0.0,0.0,0.0,0.0,0.0,-0.06941962,-0.3310276,3.956947,1.372539,0.09279633,-3.725501,-0.0357842,-0.1685614,0.02797375,0.9846441,356.5005,340.4535,3.85763,0.3450977,0.02288944,-0.9382871,0,0,0,0.9256661,0.1581758,-2.72876,-0.08752047,0.004695814,1.09077,0.941609,0.06715205,0.329944,-0.0430247,0.9958739,-0.07990001,-0.333948,0.06103883,0.9406132,moving,-27.195,0.5329289,-4.587432,0.2466594,-1.347037920642554,1.3060119514515658,22.609380378534354,3.409161424427088,22.608253946245995
2395,05/15/2023 18:38:30.782830,2578,True,True,True,True,Eyes,1.369098,0.09170875,-3.712558,-0.4546254,0.01028743,0.8906233,0.0,0.0,0.0,0.0,0.0,0.0,0.0,-0.08899266,-0.3136548,3.958344,1.372917,0.09226227,-3.725771,-0.03363372,-0.1660654,0.02759362,0.9851547,356.7264,340.7559,3.763938,0.3451732,0.02291504,-0.9382586,0,0,0,0.9289465,0.1604571,-2.728518,-0.08988793,0.01188805,1.08998,0.9433218,0.06553876,0.325344,-0.04319717,0.9962147,-0.07543352,-0.3290562,0.05710414,0.9425822,moving,-27.04239,0.6617838,-4.714374,0.6248812,-1.3456695095727973,1.3258683157536666,22.328046495341745,3.440865135438622,22.32677010526027
2396,05/15/2023 18:38:30.792783,2579,True,True,True,True,Eyes,1.369394,0.09178464,-3.712699,-0.4521919,0.01231731,0.8918356,0.0,0.0,0.0,0.0,0.0,0.0,0.0,-0.1033503,-0.3215743,3.957895,1.373418,0.0931406,-3.726133,-0.03453252,-0.1643479,0.0272528,0.9854211,356.6118,340.9522,3.736934,0.3452463,0.02294057,-0.9382311,0,0,0,0.932249,0.1627539,-2.728274,-0.09082019,0.01117988,1.089416,0.9444941,0.06506167,0.3220214,-0.04236028,0.9961296,-0.07701603,-0.3257858,0.05910027,0.9435946,moving,-26.88661,0.7912725,-4.765497,0.587964,-1.3441180791083038,1.3458434917726974,22.122047253926144,3.5043137765291035,22.120005791914114
2397,05/15/2023 18:38:30.812766,2580,True,True,True,True,Eyes,1.369665,0.09186295,-3.712846,-0.4500178,0.0140968,0.8929084,0.0,0.0,0.0,0.0,0.0,0.0,0.0,-0.1201087,-0.3291545,3.956716,1.373831,0.09251785,-3.725909,-0.03553378,-0.1623217,0.02659475,0.9857392,356.4787,341.1851,3.674478,0.3453176,0.02296533,-0.9382043,0,0,0,0.9355353,0.1650393,-2.728031,-0.09249076,0.01163796,1.088316,0.9458888,0.06396678,0.3181238,-0.04089516,0.9960601,-0.0786879,-0.3219038,0.06142027,0.9447781,moving,-26.74769,0.9044825,-4.857622,0.6126717,-1.342563206369744,1.363331289924428,21.89201294051373,3.594318870470858,21.889252468178277
2398,05/15/2023 18:38:30.832573,2581,True,True,True,True,Eyes,1.369947,0.09195071,-3.712992,-0.4478275,0.01591791,0.8939783,0.0,0.0,0.0,0.0,0.0,0.0,0.0,-0.1319577,-0.3174594,3.957475,1.374091,0.09272671,-3.726001,-0.03399676,-0.1608116,0.02630401,0.9860488,356.6414,341.3689,3.607219,0.3453865,0.02298945,-0.9381783,0,0,0,0.9388971,0.1673773,-2.727783,-0.09260805,0.01682168,1.087449,0.9468954,0.06280821,0.3153478,-0.04093991,0.9963046,-0.07550489,-0.3189248,0.05858493,0.9459677,moving,-26.60802,1.020084,-4.86761,0.8862336,-1.3411346714004495,1.381169415913337,21.740822038222937,3.5610377286817827,21.7377275713313
2399,05/15/2023 18:38:30.852633,2582,True,True,True,True,Eyes,1.37024,0.09202681,-3.713126,-0.4459343,0.01765791,0.8948914,0.0,0.0,0.0,0.0,0.0,0.0,0.0,-0.1439043,-0.3280852,3.956494,1.374593,0.0930233,-3.72613,-0.03527813,-0.1594027,0.02581488,0.9862453,356.4824,341.5281,3.570911,0.3454536,0.02301324,-0.938153,0,0,0,0.942272,0.1697243,-2.727533,-0.09284578,0.01585354,1.086787,0.9478487,0.06216646,0.312599,-0.03967274,0.9961781,-0.07781571,-0.3162418,0.06135586,0.9466923,moving,-26.48758,1.130408,-4.883004,0.8357446,-1.3407079502773431,1.3980808512147014,21.606585353985846,3.586653504774463,21.602481040324925
2400,05/15/2023 18:38:30.862859,2583,True,True,True,True,Eyes,1.370537,0.09210116,-3.713254,-0.4440121,0.01932874,0.8958123,0.0,0.0,0.0,0.0,0.0,0.0,0.0,-0.1560909,-0.3273941,3.956121,1.374933,0.09281349,-3.726042,-0.03523646,-0.1579186,0.02565677,0.9864897,356.4788,341.7013,3.546929,0.3455193,0.02303644,-0.9381282,0,0,0,0.9455361,0.1719944,-2.727292,-0.09315053,0.01831127,1.085881,0.9488069,0.06174925,0.3097621,-0.03949128,0.9962002,-0.07762417,-0.3133783,0.06141745,0.9476402,moving,-26.36545,1.236066,-4.90302,0.9660898,-1.339804965804305,1.4143363284135977,21.46412794998824,3.5912986968717973,21.45937425608387
2401,05/15/2023 18:38:30.882834,2584,True,True,True,True,Eyes,1.370848,0.09219511,-3.713375,-0.4422955,0.02094025,0.8966249,0.0,0.0,0.0,0.0,0.0,0.0,0.0,-0.1675012,-0.3265953,3.955818,1.375304,0.09284782,-3.726007,-0.03512637,-0.156528,0.02540275,0.9867218,356.4817,341.8642,3.511154,0.3455841,0.02305906,-0.9381039,0,0,0,0.9488885,0.1743258,-2.727045,-0.09319443,0.02066796,1.085027,0.9497074,0.06112742,0.3071145,-0.03913438,0.9962417,-0.07727239,-0.3106838,0.06136742,0.9485303,moving,-26.25663,1.337872,-4.909163,1.091257,-1.339580309848524,1.429921765560915,21.348891453054748,3.585612138151794,21.343460820275205
2402,05/15/2023 18:38:30.902586,2585,True,True,True,True,Eyes,1.371163,0.09229621,-3.713491,-0.4405734,0.02263059,0.8974313,0.0,0.0,0.0,0.0,0.0,0.0,0.0,-0.1769977,-0.3265641,3.955589,1.375641,0.09339905,-3.726063,-0.03509105,-0.1553852,0.02540558,0.9869037,356.4817,341.9971,3.506757,0.3456482,0.02308167,-0.9380797,0,0,0,0.9522189,0.1766419,-2.726799,-0.09265319,0.02244427,1.084275,0.9504201,0.06105099,0.3049174,-0.03924046,0.9962463,-0.07715828,-0.3084834,0.06136767,0.9492481,moving,-26.14767,1.444526,-4.884157,1.185841,-1.3397123462469676,1.446205316254004,21.265086480670472,3.5539945808479882,21.258794313934175
2403,05/15/2023 18:38:30.913010,2586,True,True,True,True,Eyes,1.371469,0.0923943,-3.713596,-0.4389525,0.02438634,0.8981792,0.0,0.0,0.0,0.0,0.0,0.0,0.0,-0.1862224,-0.3405515,3.954123,1.376037,0.09364414,-3.726058,-0.03687085,-0.1543357,0.02526784,0.987007,356.274,342.111,3.519589,0.345712,0.02310443,-0.9380556,0,0,0,0.9555759,0.1789766,-2.726551,-0.09201758,0.02063667,1.083599,0.9510841,0.06126003,0.3027976,-0.03849807,0.9960042,-0.08058303,-0.3065241,0.06498411,0.9496421,moving,-26.04539,1.555248,-4.853823,1.091041,-1.3406389906932343,1.4630152535858454,21.196650680103637,3.5328213553163863,21.18877603673978
2404,05/15/2023 18:38:30.932538,2587,True,True,True,True,Eyes,1.371778,0.09250308,-3.713698,-0.4372855,0.02618474,0.8989414,0.0,0.0,0.0,0.0,0.0,0.0,0.0,-0.1964775,-0.3501057,3.952664,1.376418,0.09367371,-3.72578,-0.03799595,-0.1531166,0.02454583,0.9871723,356.1296,342.2499,3.453298,0.3457754,0.02312728,-0.9380317,0,0,0,0.9588485,0.1812524,-2.726309,-0.0919424,0.02010716,1.082644,0.9519056,0.06009756,0.3004397,-0.03682631,0.9959076,-0.08253387,-0.3041703,0.06750036,0.9502232,moving,-25.94037,1.668464,-4.854138,1.063991,-1.3415547268553358,1.4802076445598416,21.094894348290847,3.537156703622888,21.085454759729007
2405,05/15/2023 18:38:30.952605,2588,True,True,True,True,Eyes,1.372104,0.0926127,-3.713784,-0.4356946,0.02804172,0.8996576,0.0,0.0,0.0,0.0,0.0,0.0,0.0,-0.2090544,-0.3607037,3.951228,1.376745,0.09401703,-3.725823,-0.03924795,-0.1515997,0.0239561,0.987372,355.9722,342.4224,3.402717,0.3458384,0.02315046,-0.9380079,0,0,0,0.9622729,0.183634,-2.726056,-0.09221902,0.01916541,1.081886,0.9528873,0.05920711,0.2974902,-0.0354072,0.9957714,-0.08476813,-0.301251,0.07024118,0.9509543,moving,-25.84041,1.785293,-4.872066,1.014878,-1.3431125941551945,1.4978751748792871,20.982492449052874,3.561853227122789,20.971179889880684
2406,05/15/2023 18:38:30.962788,2589,True,True,True,True,Eyes,1.372431,0.09271648,-3.713861,-0.4340641,0.02992644,0.9003848,0.0,0.0,0.0,0.0,0.0,0.0,0.0,-0.2206854,-0.3737319,3.949293,1.376981,0.09409904,-3.725637,-0.04090585,-0.1502212,0.02366308,0.9875224,355.7745,342.5758,3.393112,0.3459016,0.02317399,-0.937984,0,0,0,0.9656634,0.1859919,-2.725806,-0.0921607,0.01776534,1.080962,0.9537473,0.05902548,0.2947577,-0.03444578,0.9955335,-0.08790027,-0.2986295,0.07368148,0.9515206,moving,-25.73812,1.903661,-4.873142,0.9415572,-1.3446171544018155,1.515784296355723,20.887147978181666,3.5749439637836025,20.873628362653918
2407,05/15/2023 18:38:30.983304,2590,True,True,True,True,Eyes,1.372792,0.09282766,-3.713923,-0.4325464,0.03175491,0.9010523,0.0,0.0,0.0,0.0,0.0,0.0,0.0,-0.2326727,-0.3830626,3.947714,1.37732,0.09404278,-3.725515,-0.04213463,-0.1487994,0.02350752,0.9876897,355.6277,342.7357,3.390888,0.3459651,0.02319766,-0.9379601,0,0,0,0.9689985,0.1883113,-2.725559,-0.09228785,0.01744667,1.08014,0.9546123,0.05897548,0.2919544,-0.03389705,0.9953441,-0.09022769,-0.2959162,0.07623606,0.9521668,moving,-25.64314,2.018384,-4.883527,0.9253743,-1.3463785132510415,1.533105570713081,20.788366990075556,3.588977112592526,20.772798440832446
2408,05/15/2023 18:38:31.002918,2591,True,True,True,True,Eyes,1.373154,0.09293482,-3.713985,-0.4310122,0.03360275,0.9017202,0.0,0.0,0.0,0.0,0.0,0.0,0.0,-0.2425037,-0.3871068,3.946796,1.37756,0.09427547,-3.725493,-0.0426521,-0.1476148,0.02343537,0.987847,355.5638,342.8711,3.386446,0.3460297,0.02322167,-0.9379357,0,0,0,0.97251,0.1907534,-2.7253,-0.0915729,0.01846982,1.079367,0.9553214,0.05889327,0.2896425,-0.03370895,0.9952632,-0.0911863,-0.2936407,0.07734867,0.9527814,moving,-25.54728,2.134149,-4.849331,0.9803334,-1.3481546079901996,1.5505843211999166,20.730084014431885,3.54731197402993,20.712744119874756
2409,05/15/2023 18:38:31.012931,2592,True,True,True,True,Eyes,1.373551,0.09305861,-3.714034,-0.4295202,0.03539474,0.9023633,0.0,0.0,0.0,0.0,0.0,0.0,0.0,-0.2515168,-0.3957185,3.945537,1.377934,0.09426975,-3.725524,-0.04375993,-0.1465563,0.02323789,0.9879607,355.4313,342.9895,3.378402,0.3460954,0.02324587,-0.9379108,0,0,0,0.975598,0.1929009,-2.725072,-0.09114431,0.0181411,1.078828,0.9559625,0.05874282,0.2875499,-0.03308967,0.9950902,-0.09327749,-0.2916175,0.07965486,0.9532127,moving,-25.4542,2.246246,-4.82914,0.9633697,-1.3498556780706297,1.5675115083822848,20.664918862765994,3.5313463038137356,20.645338389591647
2410,05/15/2023 18:38:31.032726,2593,True,True,True,True,Eyes,1.373947,0.09318823,-3.714076,-0.4280145,0.03728833,0.9030024,0.0,0.0,0.0,0.0,0.0,0.0,0.0,-0.2595738,-0.3985765,3.944866,1.378171,0.09474087,-3.725571,-0.04403924,-0.1455726,0.02294586,0.9881006,355.3913,343.1036,3.345461,0.3461629,0.02327067,-0.9378852,0,0,0,0.9787799,0.1951137,-2.724837,-0.09033486,0.01908772,1.078208,0.9565642,0.05816746,0.2856597,-0.03252382,0.995068,-0.09371098,-0.2897018,0.08034982,0.9537384,moving,-25.36051,2.364613,-4.789194,1.014212,-1.3519868095844951,1.5853453262546682,20.61559178953292,3.4843344480980543,20.59395547121529
2411,05/15/2023 18:38:31.043038,2594,True,True,True,True,Eyes,1.374377,0.09331167,-3.714105,-0.4265622,0.03921812,0.9036075,0.0,0.0,0.0,0.0,0.0,0.0,0.0,-0.2686965,-0.4154853,3.942492,1.378524,0.09497452,-3.725416,-0.04617809,-0.1445336,0.02268832,0.9881616,355.141,343.2152,3.347856,0.3462321,0.02329615,-0.937859,0,0,0,0.9821402,0.1974507,-2.724589,-0.08966859,0.01651325,1.07748,0.9571906,0.05818801,0.2835496,-0.03149086,0.9947056,-0.09782128,-0.2877404,0.08470438,0.9539552,moving,-25.27039,2.485175,-4.757232,0.8780357,-1.3545441886632963,1.6034634707755964,20.5760187563719,3.479156477083464,20.55086246098148
2412,05/15/2023 18:38:31.062968,2595,True,True,True,True,Eyes,1.374802,0.09344883,-3.714132,-0.4250928,0.04116418,0.9042133,0.0,0.0,0.0,0.0,0.0,0.0,0.0,-0.2779906,-0.4268385,3.940742,1.378765,0.09488106,-3.725442,-0.04762056,-0.143423,0.02233667,0.9882627,354.9678,343.3388,3.326884,0.3463037,0.0233221,-0.9378319,0,0,0,0.9853807,0.1997043,-2.724349,-0.08908875,0.01559677,1.076915,0.9578618,0.05780877,0.281352,-0.03048923,0.9944667,-0.1005305,-0.2856066,0.08771607,0.9543242,moving,-25.17936,2.606582,-4.729074,0.8297464,-1.357099208818506,1.6217110352673627,20.527331590618964,3.463729489419987,20.499036687532048
2413,05/15/2023 18:38:31.083013,2596,True,True,True,True,Eyes,1.375251,0.09359332,-3.714147,-0.4236099,0.0431582,0.904816,0.0,0.0,0.0,0.0,0.0,0.0,0.0,-0.2866514,-0.4359937,3.939162,1.37904,0.09532833,-3.725376,-0.04873413,-0.1423988,0.02210761,0.9883617,354.8342,343.4534,3.314393,0.3463773,0.0233488,-0.9378041,0,0,0,0.9887378,0.202039,-2.724102,-0.08826396,0.01497691,1.076223,0.9584677,0.05757999,0.2793283,-0.02982125,0.9942725,-0.1026301,-0.2836379,0.0900377,0.9546951,moving,-25.0877,2.730842,-4.688488,0.7972867,-1.359824236682912,1.6403742185284498,20.490643872731336,3.433773290873866,20.459096628962612
2414,05/15/2023 18:38:31.092717,2597,True,True,True,True,Eyes,1.375698,0.09374638,-3.714157,-0.4220818,0.04520175,0.9054301,0.0,0.0,0.0,0.0,0.0,0.0,0.0,-0.2968975,-0.4514664,3.936712,1.379298,0.0955801,-3.725328,-0.0506825,-0.1411927,0.02181032,0.9884435,354.6042,343.5855,3.306892,0.3464533,0.02337638,-0.9377753,0,0,0,0.9921143,0.2043872,-2.723852,-0.08781077,0.01278666,1.075561,0.9591779,0.05742852,0.2769111,-0.02880452,0.9939112,-0.1063525,-0.2813327,0.09403464,0.9549919,moving,-24.99339,2.858002,-4.667382,0.681121,-1.3625756400203528,1.6594774305387072,20.44224576958767,3.4465818403366493,20.40645997454456
2415,05/15/2023 18:38:31.112727,2598,True,True,True,True,Eyes,1.376164,0.09390388,-3.714156,-0.4204698,0.04725975,0.9060749,0.0,0.0,0.0,0.0,0.0,0.0,0.0,-0.3090917,-0.4638548,3.93434,1.379668,0.09591293,-3.725191,-0.05225675,-0.1397535,0.02162881,0.98857,354.4178,343.7458,3.304513,0.3465315,0.02340497,-0.9377457,0,0,0,0.9953543,0.2066404,-2.723613,-0.0881048,0.01130369,1.074814,0.9600024,0.0573693,0.2740518,-0.02815705,0.9936028,-0.1093643,-0.2785727,0.09727348,0.9554764,moving,-24.89396,2.985772,-4.68618,0.6025504,-1.365000134242213,1.67871307512532,20.347828329409175,3.4911834388997374,20.30784729654105
2416,05/15/2023 18:38:31.132777,2599,True,True,True,True,Eyes,1.376624,0.09406542,-3.714161,-0.4187919,0.04940235,0.9067374,0.0,0.0,0.0,0.0,0.0,0.0,0.0,-0.3233728,-0.4789898,3.931371,1.379944,0.0961113,-3.725076,-0.05424232,-0.1380591,0.02157595,0.9887022,354.1859,343.9329,3.321562,0.3466123,0.02343457,-0.9377151,0,0,0,0.9987338,0.2089907,-2.723363,-0.0886948,0.009255171,1.074029,0.9609483,0.05764167,0.2706581,-0.02768709,0.9931845,-0.1132165,-0.2753394,0.1013015,0.955995,moving,-24.79065,3.118599,-4.720851,0.4937194,-1.3675246192506805,1.6987095623750594,20.24072194401418,3.563256811857658,20.195845607769304
2417,05/15/2023 18:38:31.152671,2600,True,True,True,True,Eyes,1.377057,0.09422393,-3.714167,-0.4169475,0.05152217,0.9074692,0.0,0.0,0.0,0.0,0.0,0.0,0.0,-0.3381429,-0.4947619,3.928361,1.380216,0.09634018,-3.725169,-0.05622127,-0.1362697,0.02113229,0.9888495,353.9481,344.1333,3.292647,0.3466951,0.02346519,-0.9376837,0,0,0,1.002455,0.2115784,-2.723089,-0.08913246,0.007214256,1.073383,0.9619679,0.0571158,0.2671244,-0.02647078,0.9927852,-0.1169481,-0.2718767,0.1054293,0.9565395,moving,-24.67698,3.249518,-4.746884,0.3850818,-1.369149817049145,1.7185223199632969,20.134888162418147,3.631411823375953,20.0849249974589
2418,05/15/2023 18:38:31.163034,2601,True,True,True,True,Eyes,1.377483,0.09437877,-3.714175,-0.4150208,0.05367833,0.9082271,0.0,0.0,0.0,0.0,0.0,0.0,0.0,-0.3555686,-0.5073577,3.925241,1.380588,0.09664059,-3.725049,-0.05788467,-0.1341811,0.02109199,0.9890398,353.7515,344.3676,3.301942,0.3467791,0.02349666,-0.9376518,0,0,0,1.005475,0.213679,-2.722865,-0.09101652,0.00555028,1.072597,0.9631011,0.05725569,0.2629791,-0.02618758,0.992409,-0.1201608,-0.2678627,0.1088402,0.9572896,moving,-24.55836,3.382379,-4.850283,0.2964811,-1.3705612978593562,1.738657496665914,19.948209565952364,3.7667407507617057,19.89295310648809
2419,05/15/2023 18:38:31.182881,2602,True,True,True,True,Eyes,1.377853,0.0945363,-3.714198,-0.4130057,0.05576316,0.9090196,0.0,0.0,0.0,0.0,0.0,0.0,0.0,-0.3728114,-0.5182183,3.922325,1.38078,0.09668636,-3.725086,-0.05930313,-0.1320623,0.02082359,0.9892468,353.5791,344.6082,3.280353,0.3468641,0.02352878,-0.9376196,0,0,0,1.008876,0.216044,-2.722614,-0.09236804,0.004777938,1.071893,0.9642519,0.05686275,0.2588145,-0.02553593,0.992099,-0.1228309,-0.2637541,0.1118308,0.9580854,moving,-24.43429,3.51037,-4.925173,0.255393,-1.3712071008539142,1.7581402512745528,19.77878968466519,3.8586167098464794,19.718766799778493
2420,05/15/2023 18:38:31.192730,2603,True,True,True,True,Eyes,1.378223,0.09470299,-3.714227,-0.4109488,0.05782243,0.9098228,0.0,0.0,0.0,0.0,0.0,0.0,0.0,-0.3872349,-0.5291169,3.919524,1.380888,0.09675121,-3.725101,-0.06077033,-0.1303051,0.02080555,0.9893911,353.4062,344.8048,3.289818,0.3469486,0.02356158,-0.9375875,0,0,0,1.012207,0.2183604,-2.722368,-0.09289527,0.003929205,1.071233,0.9651754,0.05700701,0.2553166,-0.02533228,0.9917482,-0.1256734,-0.260374,0.1148291,0.9586551,moving,-24.30774,3.636457,-4.956181,0.2101558,-1.3715281028372628,1.7773709838104068,19.652541200659073,3.9122755303663226,19.587683677427712
2421,05/15/2023 18:38:31.212764,2604,True,True,True,True,Eyes,1.378566,0.09488681,-3.714266,-0.4088603,0.05981258,0.9106348,0.0,0.0,0.0,0.0,0.0,0.0,0.0,-0.4008539,-0.5343174,3.917712,1.381201,0.09712029,-3.725253,-0.06147965,-0.1286559,0.02090501,0.989561,353.3216,344.992,3.30113,0.3470325,0.02359521,-0.9375556,0,0,0,1.015383,0.2205692,-2.722134,-0.09348565,0.004305571,1.070773,0.9660213,0.05719299,0.2520552,-0.02555411,0.9915664,-0.1270548,-0.2571961,0.1162966,0.9593358,moving,-24.17931,3.75792,-4.989655,0.2303848,-1.371362175478637,1.795953456165723,19.51118560227092,3.942467270777442,19.44235411494085
2422,05/15/2023 18:38:31.232748,2605,True,True,True,True,Eyes,1.378911,0.0950854,-3.714304,-0.4067329,0.06192489,0.911446,0.0,0.0,0.0,0.0,0.0,0.0,0.0,-0.415011,-0.5459173,3.914821,1.381453,0.09773827,-3.725334,-0.06294475,-0.1269426,0.02078946,0.9896926,353.1475,345.1842,3.298743,0.3471154,0.02363002,-0.937524,0,0,0,1.018683,0.2228645,-2.72189,-0.09410813,0.002841003,1.070184,0.9669068,0.05713109,0.2486512,-0.02516958,0.9912115,-0.12987,-0.2538856,0.1193138,0.959847,moving,-24.04882,3.886781,-5.025455,0.1521019,-1.371606020292465,1.8156173791887216,19.38649643187757,4.01470996661157,19.311982361507436
2423,05/15/2023 18:38:31.252705,2606,True,True,True,True,Eyes,1.379261,0.09528272,-3.714339,-0.4045657,0.06407122,0.9122618,0.0,0.0,0.0,0.0,0.0,0.0,0.0,-0.4292799,-0.5654018,3.910653,1.381793,0.09825134,-3.72534,-0.06543212,-0.1252504,0.02058229,0.9897513,352.8558,345.3693,3.300946,0.3471972,0.02366626,-0.9374928,0,0,0,1.02219,0.2253036,-2.721631,-0.09460711,-0.0005639121,1.069551,0.9677775,0.05713348,0.2452398,-0.0243519,0.99059,-0.1346789,-0.2506267,0.1243672,0.960062,moving,-23.91611,4.017478,-5.054942,-0.03020874,-1.3718270500774552,1.8355646251599005,19.29060461129707,4.128734186706992,19.2086794237523
2424,05/15/2023 18:38:31.262957,2607,True,True,True,True,Eyes,1.379608,0.09547788,-3.71438,-0.4023799,0.06632181,0.9130672,0.0,0.0,0.0,0.0,0.0,0.0,0.0,-0.4435817,-0.5863153,3.906065,1.38199,0.09837246,-3.725359,-0.06811087,-0.1235211,0.02016848,0.9897963,352.5391,345.5592,3.281187,0.3472783,0.02370376,-0.9374619,0,0,0,1.025414,0.2275457,-2.721393,-0.09534058,-0.004261881,1.06896,0.9686716,0.05675164,0.2417741,-0.02309912,0.9899082,-0.1398142,-0.2472689,0.1298493,0.9602069,moving,-23.78263,4.154457,-5.096728,-0.2284338,-1.372467390900472,1.856421625119279,19.193036896706282,4.26810721844469,19.102843139759102
2425,05/15/2023 18:38:31.283047,2608,True,True,True,True,Eyes,1.379937,0.0956695,-3.714418,-0.3999169,0.06872252,0.9139714,0.0,0.0,0.0,0.0,0.0,0.0,0.0,-0.4555605,-0.6043748,3.902166,1.38224,0.09847927,-3.72551,-0.07043274,-0.1220819,0.0198576,0.9898187,352.2655,345.7165,3.269167,0.3473586,0.02374233,-0.9374312,0,0,0,1.028755,0.2298689,-2.721146,-0.09532151,-0.007110089,1.068561,0.9694034,0.05650797,0.2388806,-0.02211371,0.9892898,-0.1442798,-0.2444751,0.1345828,0.9602705,moving,-23.63224,4.300041,-5.097603,-0.3812341,-1.372526789923222,1.8786633613545145,19.11667087344575,4.356986264233175,19.01841602277742
2426,05/15/2023 18:38:31.302765,2609,True,True,True,True,Eyes,1.380267,0.09587771,-3.71447,-0.3974698,0.07115953,0.914852,0.0,0.0,0.0,0.0,0.0,0.0,0.0,-0.4666236,-0.6177101,3.898697,1.382327,0.09858322,-3.725399,-0.07212597,-0.1207205,0.01948513,0.9898711,352.0629,345.8687,3.240731,0.3474378,0.02378179,-0.9374008,0,0,0,1.032397,0.2324018,-2.720877,-0.0947192,-0.008432619,1.067885,0.9700937,0.05598971,0.2361847,-0.02116137,0.9888363,-0.1474953,-0.2418063,0.1380863,0.9604488,moving,-23.48319,4.447657,-5.068752,-0.4524302,-1.3728376097630952,1.9011854824495509,19.0552455093984,4.381699437505121,18.950015706156666
2427,05/15/2023 18:38:31.312888,2610,True,True,True,True,Eyes,1.380559,0.0960971,-3.71453,-0.3948303,0.07367283,0.9157954,0.0,0.0,0.0,0.0,0.0,0.0,0.0,-0.4756261,-0.6307717,3.895997,1.382622,0.0991621,-3.725776,-0.07371767,-0.1196336,0.01917059,0.989892,351.8736,345.9891,3.219179,0.3475159,0.02382245,-0.9373708,0,0,0,1.035409,0.2344964,-2.720654,-0.0942741,-0.0104849,1.067776,0.9706405,0.05559183,0.2340223,-0.02031539,0.9883963,-0.1505319,-0.2396752,0.1413582,0.960507,moving,-23.32251,4.599359,-5.045572,-0.5625911,-1.3726102248105487,1.9243965982236348,18.991898048661014,4.435736242510203,18.87874089605124
2428,05/15/2023 18:38:31.332824,2611,True,True,True,True,Eyes,1.380857,0.0963257,-3.714594,-0.3921875,0.0763066,0.9167148,0.0,0.0,0.0,0.0,0.0,0.0,0.0,-0.486867,-0.6507839,3.891423,1.38287,0.09966564,-3.725784,-0.07624605,-0.1182942,0.01885198,0.9898675,351.5766,346.1341,3.208209,0.3475921,0.02386448,-0.9373414,0,0,0,1.03871,0.2367921,-2.720411,-0.09413165,-0.01416995,1.067222,0.9713022,0.05536085,0.2313163,-0.01928299,0.9876623,-0.1554071,-0.2370659,0.1464868,0.960386,moving,-23.16213,4.758285,-5.040588,-0.7606956,-1.3729514074008526,1.948643527260997,18.943321549320235,4.559832966445116,18.820155797522585
2429,05/15/2023 18:38:31.352928,2612,True,True,True,True,Eyes,1.381143,0.096552,-3.714653,-0.3894199,0.07901728,0.9176646,0.0,0.0,0.0,0.0,0.0,0.0,0.0,-0.4990138,-0.672134,3.886549,1.383264,0.1000757,-3.725937,-0.0789149,-0.1168366,0.01832384,0.9898413,351.2604,346.2938,3.173428,0.3476668,0.02390797,-0.9373126,0,0,0,1.042157,0.2391893,-2.720156,-0.09422481,-0.01806448,1.066816,0.9720269,0.05471569,0.2284073,-0.01783509,0.9868733,-0.1605083,-0.2341914,0.1519447,0.9602433,moving,-22.99441,4.921424,-5.047459,-0.9701008,-1.3730765912927358,1.9735602144329152,18.889232770692832,4.708102192318006,18.755353626123657
2430,05/15/2023 18:38:31.363203,2613,True,True,True,True,Eyes,1.381425,0.09677916,-3.714712,-0.3866577,0.0818024,0.9185882,0.0,0.0,0.0,0.0,0.0,0.0,0.0,-0.5119694,-0.6953164,3.880726,1.383423,0.1002216,-3.725817,-0.08187614,-0.1152607,0.0178184,0.9897949,350.9107,346.4658,3.143441,0.3477398,0.02395272,-0.9372844,0,0,0,1.04538,0.241431,-2.719918,-0.094621,-0.02239895,1.06611,0.972795,0.05414732,0.2252512,-0.01639891,0.9859576,-0.1661887,-0.2310869,0.1579736,0.9600226,moving,-22.82749,5.088898,-5.071912,-1.203606,-1.373588137990848,1.9990930573103092,18.83762608993235,4.892328754284879,18.692013914118665
2431,05/15/2023 18:38:31.383024,2614,True,True,True,True,Eyes,1.381689,0.09701204,-3.714778,-0.3838734,0.08448085,0.919513,0.0,0.0,0.0,0.0,0.0,0.0,0.0,-0.523425,-0.7126787,3.876135,1.383584,0.1004314,-3.725844,-0.08410715,-0.1138653,0.01751061,0.9897748,350.6476,346.6191,3.126572,0.3478113,0.02399863,-0.9372567,0,0,0,1.048722,0.2437552,-2.719671,-0.0944303,-0.02513149,1.065603,0.9734561,0.0538169,0.2224565,-0.01550934,0.9852387,-0.170482,-0.2283477,0.1625065,0.9599214,moving,-22.6593,5.24935,-5.064136,-1.351029,-1.3734757244324536,2.0236276013409182,18.79241333971071,5.000927958551908,18.636959421178105
2432,05/15/2023 18:38:31.403189,2615,True,True,True,True,Eyes,1.381956,0.09724304,-3.714844,-0.3811146,0.08722036,0.9204043,0.0,0.0,0.0,0.0,0.0,0.0,0.0,-0.5322322,-0.7247016,3.872922,1.383735,0.1008129,-3.726003,-0.08561467,-0.1127848,0.01726038,0.9897736,350.4688,346.7391,3.108584,0.3478808,0.02404572,-0.9372297,0,0,0,1.052081,0.2460909,-2.719423,-0.09349209,-0.02652305,1.065298,0.9739633,0.05347982,0.2203074,-0.01485567,0.9847444,-0.1733717,-0.2262184,0.1655849,0.9598994,moving,-22.49313,5.41336,-5.015512,-1.426216,-1.3737797672374557,2.0486559467154595,18.76824261388636,5.033582094414648,18.604269689764035
2433,05/15/2023 18:38:31.413327,2616,True,True,True,True,Eyes,1.382205,0.0974756,-3.714916,-0.37832,0.08982649,0.9213063,0.0,0.0,0.0,0.0,0.0,0.0,0.0,-0.5421649,-0.7405708,3.868683,1.384033,0.1009617,-3.726037,-0.08775187,-0.1116316,0.01735044,0.9897156,350.2224,346.861,3.137411,0.3479487,0.02409383,-0.9372032,0,0,0,1.055365,0.2483747,-2.719181,-0.09291163,-0.02888758,1.064916,0.9744747,0.05393578,0.217922,-0.01475225,0.9839972,-0.1775725,-0.2240121,0.1698251,0.959676,moving,-22.32474,5.568683,-4.986307,-1.55386,-1.373264621007824,2.0724549554653224,18.744382563379833,5.119007265928122,18.571183379072643
2434,05/15/2023 18:38:31.432914,2617,True,True,True,True,Eyes,1.382463,0.09771144,-3.71498,-0.375525,0.09248605,0.9221862,0.0,0.0,0.0,0.0,0.0,0.0,0.0,-0.5528831,-0.7526623,3.865032,1.384336,0.1012459,-3.726125,-0.08939774,-0.1103714,0.01750999,0.9897069,350.0325,346.9973,3.165886,0.3480147,0.0241429,-0.9371775,0,0,0,1.058758,0.2507344,-2.71893,-0.0924257,-0.03025384,1.064581,0.9750232,0.05439342,0.21534,-0.0149256,0.9834029,-0.1808203,-0.2216015,0.1730899,0.9596524,moving,-22.15673,5.727044,-4.961911,-1.627824,-1.3730070777540218,2.0966873494400766,18.701761514365028,5.172254455768829,18.52010848399201
2435,05/15/2023 18:38:31.452653,2618,True,True,True,True,Eyes,1.382715,0.09793685,-3.715048,-0.3726667,0.09496826,0.923093,0.0,0.0,0.0,0.0,0.0,0.0,0.0,-0.5655006,-0.7673844,3.860344,1.38475,0.1015291,-3.726002,-0.09135667,-0.1088781,0.01746985,0.9896941,349.8034,347.1609,3.172783,0.3480792,0.02419291,-0.9371523,0,0,0,1.062031,0.2530104,-2.718688,-0.09274694,-0.03238462,1.064013,0.9756807,0.05447308,0.21232,-0.01468613,0.9826975,-0.1846345,-0.2187039,0.1770262,0.959599,moving,-21.98468,5.873952,-4.981716,-1.743333,-1.3715884003476797,2.119308705911088,18.631259097455573,5.287061777018985,18.440629913617027
2436,05/15/2023 18:38:31.463000,2619,True,True,True,True,Eyes,1.382969,0.09815889,-3.715115,-0.3698286,0.09741294,0.9239792,0.0,0.0,0.0,0.0,0.0,0.0,0.0,-0.5782136,-0.7762408,3.856885,1.384985,0.1015139,-3.726117,-0.09257971,-0.1073194,0.01743102,0.9897515,349.6582,347.3363,3.168577,0.3481422,0.02424351,-0.9371275,0,0,0,1.065208,0.2552205,-2.718454,-0.09304348,-0.03277813,1.063738,0.9763574,0.05437596,0.2092116,-0.01463355,0.9822503,-0.1870032,-0.2156666,0.1795204,0.959823,moving,-21.81408,6.018326,-4.998847,-1.764959,-1.3700836070087292,2.14155313280076,18.529209001884404,5.331862789497968,18.331509635200213
2437,05/15/2023 18:38:31.482919,2620,True,True,True,True,Eyes,1.383228,0.09837098,-3.715177,-0.367125,0.09957243,0.9248267,0.0,0.0,0.0,0.0,0.0,0.0,0.0,-0.5872748,-0.7819828,3.854476,1.385272,0.1016512,-3.726134,-0.09320113,-0.106154,0.01678487,0.9898299,349.5753,347.4755,3.090054,0.348204,0.02429455,-0.9371033,0,0,0,1.068743,0.2576787,-2.718193,-0.09227973,-0.0320794,1.063454,0.9768992,0.05301568,0.2070201,-0.01344097,0.9820636,-0.1880701,-0.2132776,0.180943,0.9600898,moving,-21.65141,6.145137,-4.95934,-1.727821,-1.3678274836798543,2.161203610240864,18.455586377968704,5.293720296156888,18.253343767296666
2438,05/15/2023 18:38:31.492820,2621,True,True,True,True,Eyes,1.383488,0.09857891,-3.715242,-0.3644196,0.1016487,0.9256705,0.0,0.0,0.0,0.0,0.0,0.0,0.0,-0.5981147,-0.7789677,3.853479,1.385489,0.1016541,-3.726114,-0.09274898,-0.104745,0.01635403,0.9900297,349.6173,347.6468,3.01942,0.3482647,0.02434574,-0.9370794,0,0,0,1.071975,0.259926,-2.717954,-0.09223056,-0.02907711,1.063191,0.9775221,0.05181194,0.2043677,-0.01295196,0.9822603,-0.1870745,-0.210435,0.1802225,0.9608522,moving,-21.48866,6.266596,-4.957928,-1.566586,-1.365160495091216,2.1800854478674188,18.29272644252212,5.19090794395291,18.088259067938626
2439,05/15/2023 18:38:31.512834,2622,True,True,True,True,Eyes,1.383752,0.09876821,-3.715307,-0.3618221,0.1034723,0.9264871,0.0,0.0,0.0,0.0,0.0,0.0,0.0,-0.6089557,-0.7787732,3.85203,1.385752,0.1017666,-3.72623,-0.09267185,-0.1033573,0.01600593,0.9901885,349.6176,347.8126,2.963564,0.3483246,0.02439695,-0.9370558,0,0,0,1.075524,0.2623942,-2.717692,-0.09183013,-0.02675103,1.063034,0.9781222,0.05085441,0.2017196,-0.01254115,0.9823115,-0.1868338,-0.2076529,0.1802165,0.9614584,moving,-21.3322,6.372524,-4.937237,-1.441532,-1.3617764568761823,2.1966797646683016,18.16189095172926,5.101029596072356,17.955493409294842
2440,05/15/2023 18:38:31.532982,2623,True,True,True,True,Eyes,1.384013,0.09893899,-3.715374,-0.359223,0.1051663,0.9273073,0.0,0.0,0.0,0.0,0.0,0.0,0.0,-0.6196936,-0.7754104,3.851166,1.385956,0.1016407,-3.726333,-0.09222086,-0.1019692,0.0157137,0.9903791,349.6615,347.9799,2.90938,0.3483837,0.02444771,-0.9370325,0,0,0,1.078659,0.2645747,-2.71746,-0.0917753,-0.02365375,1.06293,0.9787107,0.04993241,0.1990781,-0.01231766,0.9824968,-0.1858718,-0.2048746,0.1794626,0.9621952,moving,-21.17552,6.47029,-4.934782,-1.274812,-1.3577586931435803,2.212102733476713,17.993003522898782,4.995364861181915,17.785746957205504
2441,05/15/2023 18:38:31.552641,2624,True,True,True,True,Eyes,1.384279,0.09909955,-3.715441,-0.3567426,0.1066381,0.9280964,0.0,0.0,0.0,0.0,0.0,0.0,0.0,-0.6300784,-0.7689702,3.850909,1.386129,0.1013823,-3.726417,-0.09143256,-0.1006342,0.01562739,0.9905902,349.7468,348.1404,2.875406,0.3484421,0.02449761,-0.9370095,0,0,0,1.08217,0.2670164,-2.717201,-0.0911504,-0.01938622,1.062854,0.9792571,0.04936314,0.1965168,-0.01255816,0.9827918,-0.1842897,-0.2022323,0.1779991,0.9630257,moving,-21.02581,6.554533,-4.901696,-1.044946,-1.3532253927869804,2.225520884450674,17.825238661976925,4.825722463273581,17.619208590915516
2442,05/15/2023 18:38:31.563226,2625,True,True,True,True,Eyes,1.384545,0.0992551,-3.715515,-0.3542647,0.1079605,0.9288923,0.0,0.0,0.0,0.0,0.0,0.0,0.0,-0.6393329,-0.7604796,3.85124,1.386274,0.1012259,-3.726543,-0.09033117,-0.0994224,0.01545757,0.9908161,349.8672,348.2889,2.829443,0.3485,0.02454647,-0.9369867,0,0,0,1.085288,0.2691849,-2.716971,-0.09064519,-0.01486886,1.062827,0.9797524,0.0485931,0.1942261,-0.01266933,0.9832027,-0.1820768,-0.1998113,0.1759295,0.963911,moving,-20.87605,6.629458,-4.874782,-0.8015107,-1.347983268768694,2.237600029095411,17.642558585086338,4.655588396144744,17.438411034246045
2443,05/15/2023 18:38:31.582972,2626,True,True,True,True,Eyes,1.384804,0.09941655,-3.715601,-0.3518309,0.1092478,0.9296666,0.0,0.0,0.0,0.0,0.0,0.0,0.0,-0.6491891,-0.7509822,3.851768,1.386488,0.1012793,-3.726786,-0.08918255,-0.09818327,0.01571637,0.9910397,349.9981,348.4363,2.832399,0.3485574,0.02459425,-0.9369641,0,0,0,1.088574,0.2714699,-2.716728,-0.09000862,-0.01019967,1.062887,0.980226,0.04866356,0.1918039,-0.01363861,0.9835989,-0.1798531,-0.1974103,0.1736807,0.964813,moving,-20.72907,6.702255,-4.840438,-0.5498043,-1.3427826663207902,2.2493489822633164,17.465422723831807,4.47982722109013,17.26339730040662
2444,05/15/2023 18:38:31.602837,2627,True,True,True,True,Eyes,1.385065,0.09958658,-3.715682,-0.3493799,0.1105578,0.9304358,0.0,0.0,0.0,0.0,0.0,0.0,0.0,-0.6588663,-0.7508859,3.850557,1.386811,0.1016083,-3.727084,-0.08923766,-0.09701167,0.01597631,0.9911461,349.9915,348.5699,2.851117,0.348614,0.02464122,-0.9369418,0,0,0,1.091969,0.2738311,-2.716477,-0.0892427,-0.008279413,1.062961,0.980667,0.04898389,0.1894541,-0.0143555,0.9835628,-0.1799949,-0.1951567,0.1737953,0.9652508,moving,-20.58122,6.77632,-4.799108,-0.4462682,-1.3376146319595763,2.2612878111999626,17.356291063684175,4.394632622958703,17.15373409565671
2445,05/15/2023 18:38:31.612824,2628,True,True,True,True,Eyes,1.385334,0.09975755,-3.71576,-0.3469765,0.1119855,0.9311641,0.0,0.0,0.0,0.0,0.0,0.0,0.0,-0.671271,-0.757491,3.847171,1.387093,0.1019669,-3.727023,-0.09015155,-0.09549989,0.01606342,0.9912086,349.8835,348.7405,2.8567,0.34867,0.02468767,-0.9369197,0,0,0,1.095299,0.2761472,-2.716231,-0.08933875,-0.008221596,1.062607,0.9812434,0.04906333,0.1864244,-0.01462547,0.9832294,-0.1817861,-0.192217,0.1756499,0.9655049,moving,-20.43673,6.857681,-4.805843,-0.4432996,-1.333243583783338,2.2742460603260213,17.25192586722843,4.4095352500535805,17.04631589854208
2446,05/15/2023 18:38:31.632968,2629,True,True,True,True,Eyes,1.385601,0.09992767,-3.715836,-0.3445761,0.1134608,0.9318765,0.0,0.0,0.0,0.0,0.0,0.0,0.0,-0.6827984,-0.7658775,3.843612,1.387273,0.102149,-3.727087,-0.09129108,-0.09407808,0.01604952,0.9912406,349.7489,348.9006,2.853915,0.3487256,0.02473368,-0.9368978,0,0,0,1.098623,0.2784584,-2.715986,-0.08914012,-0.008539781,1.062407,0.9817834,0.04899484,0.1835776,-0.01464089,0.9828167,-0.1840027,-0.1894383,0.177963,0.9656305,moving,-20.29267,6.941892,-4.796105,-0.4605416,-1.3291195541576537,2.28761023308834,17.17380417966951,4.424062225985238,16.96479998366496
2447,05/15/2023 18:38:31.652893,2630,True,True,True,True,Eyes,1.385897,0.1000976,-3.715904,-0.3422161,0.1150446,0.9325519,0.0,0.0,0.0,0.0,0.0,0.0,0.0,-0.6926925,-0.775509,3.840007,1.387457,0.1022749,-3.727116,-0.09256756,-0.09285703,0.01592894,0.9912393,349.5979,349.0378,2.842165,0.348781,0.02477926,-0.936876,0,0,0,1.102024,0.2808242,-2.715734,-0.08845881,-0.009088606,1.062231,0.9822477,0.04876987,0.1811381,-0.01438767,0.9823551,-0.1864714,-0.187036,0.180555,0.9656177,moving,-20.15149,7.032784,-4.760404,-0.4902192,-1.3257109922611363,2.301909616025669,17.13129024348739,4.4264093103429945,16.91854453333228
2448,05/15/2023 18:38:31.663237,2631,True,True,True,True,Eyes,1.386189,0.1002707,-3.715973,-0.339847,0.1166536,0.9332181,0.0,0.0,0.0,0.0,0.0,0.0,0.0,-0.7030809,-0.7846991,3.836338,1.387732,0.1023998,-3.727101,-0.09381004,-0.0915909,0.01588102,0.991241,349.4515,349.1797,2.837572,0.3488368,0.02482446,-0.9368541,0,0,0,1.105296,0.2830994,-2.715493,-0.08808988,-0.009612292,1.062036,0.9827178,0.04866812,0.1785977,-0.01429954,0.9818949,-0.1888858,-0.1845569,0.1830676,0.9656216,moving,-20.00994,7.125097,-4.741506,-0.5185592,-1.322383010356864,2.316416498407487,17.074851592800286,4.441563826949607,16.858247659892072
2449,05/15/2023 18:38:31.683183,2632,True,True,True,True,Eyes,1.386476,0.1004446,-3.716042,-0.3374492,0.1183874,0.9338697,0.0,0.0,0.0,0.0,0.0,0.0,0.0,-0.7139975,-0.7927454,3.832818,1.387929,0.1026363,-3.727177,-0.09488347,-0.09023871,0.01581351,0.9912639,349.324,349.3327,2.827487,0.3488928,0.0248694,-0.936832,0,0,0,1.108601,0.285398,-2.715249,-0.0877831,-0.009887293,1.061896,0.9832138,0.04847506,0.1758999,-0.01422641,0.9814941,-0.1909631,-0.1819016,0.1852551,0.9657083,moving,-19.86707,7.224892,-4.725689,-0.5334644,-1.3195250784758663,2.3320104390405167,17.013333377577187,4.451168241424598,16.792746049026345
2450,05/15/2023 18:38:31.702781,2633,True,True,True,True,Eyes,1.386765,0.1006135,-3.716108,-0.3350541,0.1201663,0.9345046,0.0,0.0,0.0,0.0,0.0,0.0,0.0,-0.7249956,-0.8050411,3.828306,1.388182,0.1028061,-3.7272,-0.09658737,-0.08892049,0.01594751,0.9912164,349.1265,349.4765,2.847861,0.348949,0.02491412,-0.9368099,0,0,0,1.111965,0.2877375,-2.715,-0.08737412,-0.01130927,1.061735,0.9836777,0.04879206,0.1731983,-0.01443767,0.9808331,-0.1943141,-0.1793595,0.1886419,0.9655281,moving,-19.72461,7.327351,-4.704483,-0.6102735,-1.3168986314642055,2.347983740983324,16.98852841770379,4.497445247891109,16.762879571034336
2451,05/15/2023 18:38:31.718501,2634,True,True,True,True,Eyes,1.38704,0.1007977,-3.71618,-0.3326158,0.1220251,0.9351346,0.0,0.0,0.0,0.0,0.0,0.0,0.0,-0.7347332,-0.8155779,3.824315,1.38847,0.1028376,-3.727192,-0.09795755,-0.08771351,0.01566721,0.9911939,348.9631,349.6136,2.817337,0.3490054,0.02495852,-0.9367877,0,0,0,1.115221,0.2900015,-2.71476,-0.08694485,-0.01211615,1.061607,0.9841217,0.04824288,0.1708127,-0.0138741,0.9803178,-0.1969383,-0.1769515,0.1914414,0.9654213,moving,-19.57984,7.434479,-4.682035,-0.6538902,-1.3144572111444854,2.364648390345029,16.951882200320224,4.522405928860782,16.72159151548994
2452,05/15/2023 18:38:31.733230,2635,True,True,True,True,Eyes,1.387311,0.1009833,-3.71625,-0.330182,0.1239854,0.935739,0.0,0.0,0.0,0.0,0.0,0.0,0.0,-0.745092,-0.8264152,3.820205,1.388685,0.1033897,-3.727326,-0.09924744,-0.08639237,0.01519298,0.991189,348.8066,349.7667,2.761765,0.3490616,0.02500301,-0.9367656,0,0,0,1.118787,0.2924814,-2.714496,-0.0864028,-0.01315007,1.061503,0.9846111,0.04726667,0.1682466,-0.01296977,0.9798383,-0.1993711,-0.174278,0.1941208,0.9653726,moving,-19.43574,7.547725,-4.653429,-0.7097532,-1.3125276173767806,2.382186634126632,16.93229649882721,4.552110937386386,16.696966902279108
2453,05/15/2023 18:38:31.752802,2636,True,True,True,True,Eyes,1.387568,0.1011627,-3.716323,-0.3277076,0.1260347,0.9363349,0.0,0.0,0.0,0.0,0.0,0.0,0.0,-0.7548146,-0.8430493,3.814751,1.388822,0.1035767,-3.727364,-0.1013963,-0.08517829,0.01486485,0.9910815,348.5536,349.9016,2.733274,0.3491175,0.02504762,-0.9367435,0,0,0,1.122064,0.2947606,-2.714254,-0.08583644,-0.01576348,1.06136,0.9850474,0.04673809,0.1658228,-0.01219104,0.9789957,-0.2035164,-0.1718517,0.1984518,0.9649269,moving,-19.28952,7.666179,-4.623677,-0.8509029,-1.31083768600677,2.400492044958355,16.95958829075625,4.641817899103742,16.717684388591366
2454,05/15/2023 18:38:31.763234,2637,True,True,True,True,Eyes,1.387824,0.1013446,-3.716398,-0.3252447,0.1281306,0.936909,0.0,0.0,0.0,0.0,0.0,0.0,0.0,-0.7649598,-0.8557373,3.810046,1.389077,0.1035948,-3.727417,-0.1031323,-0.08394687,0.01484487,0.9910078,348.3509,350.0372,2.735248,0.3491729,0.02509219,-0.9367217,0,0,0,1.125455,0.2971193,-2.714004,-0.08523342,-0.01716329,1.061317,0.9854651,0.04673803,0.1633221,-0.01210749,0.9782867,-0.2069022,-0.169446,0.2019174,0.9646333,moving,-19.14427,7.787395,-4.591517,-0.9264886,-1.309427461001766,2.419186010267813,16.96214571548535,4.686752643333369,16.714724189675067
2455,05/15/2023 18:38:31.782953,2638,True,True,True,True,Eyes,1.388068,0.1015354,-3.71648,-0.3227063,0.1302849,0.9374894,0.0,0.0,0.0,0.0,0.0,0.0,0.0,-0.7742227,-0.8677557,3.805653,1.389315,0.1038065,-3.727525,-0.1047175,-0.08280861,0.01471111,0.9909394,348.1646,350.164,2.72307,0.3492278,0.02513678,-0.9367,0,0,0,1.128538,0.2992631,-2.713776,-0.08474943,-0.01869583,1.061302,0.9858527,0.04649866,0.1610356,-0.0118126,0.9776357,-0.2099738,-0.1671976,0.205101,0.9643539,moving,-18.99469,7.911842,-4.56562,-1.009215,-1.3079462465887564,2.438382267285085,16.96417752389278,4.743244164183,16.711090378411285
2456,05/15/2023 18:38:31.803127,2639,True,True,True,True,Eyes,1.388313,0.1017337,-3.71656,-0.3201406,0.1325076,0.9380574,0.0,0.0,0.0,0.0,0.0,0.0,0.0,-0.7861469,-0.8822073,3.800169,1.389724,0.1042023,-3.727654,-0.1066059,-0.08135074,0.01452964,0.9908614,347.9421,350.3273,2.704195,0.3492819,0.02518162,-0.9366786,0,0,0,1.132039,0.3016978,-2.713518,-0.0847021,-0.02077377,1.06126,0.9863419,0.04613866,0.1581167,-0.01144877,0.9768481,-0.2136274,-0.1643124,0.2088994,0.9640345,moving,-18.84377,8.040257,-4.563262,-1.1214,-1.3066676875759362,2.458160627082692,16.966698786850465,4.8392830872633805,16.70721471757707
2457,05/15/2023 18:38:31.813423,2640,True,True,True,True,Eyes,1.388568,0.1019286,-3.716633,-0.3175075,0.1347551,0.938632,0.0,0.0,0.0,0.0,0.0,0.0,0.0,-0.7993406,-0.8966507,3.794183,1.389986,0.104557,-3.727701,-0.1084553,-0.07968476,0.01415025,0.9908016,347.7217,350.5178,2.658656,0.3493352,0.02522685,-0.9366575,0,0,0,1.135166,0.3038722,-2.713287,-0.08538181,-0.02301417,1.061074,0.9869002,0.04532464,0.1548343,-0.0107557,0.9760745,-0.2171704,-0.1609729,0.2126602,0.9637756,moving,-18.68894,8.169865,-4.600527,-1.242523,-1.3051945082880536,2.4781446496887227,16.943329918322224,4.9701694126430604,16.677086655960657
2458,05/15/2023 18:38:31.832622,2641,True,True,True,True,Eyes,1.388821,0.1021196,-3.71671,-0.3148454,0.1370097,0.9392022,0.0,0.0,0.0,0.0,0.0,0.0,0.0,-0.8136519,-0.9131517,3.787238,1.39035,0.1046295,-3.727602,-0.1106439,-0.0779001,0.01382174,0.9907061,347.4626,350.7202,2.62019,0.3493882,0.02527237,-0.9366366,0,0,0,1.13852,0.3062052,-2.713039,-0.08618578,-0.02549092,1.060807,0.9874811,0.04462491,0.1512935,-0.01014821,0.9751338,-0.2213847,-0.1574106,0.2170779,0.9633791,moving,-18.53252,8.299695,-4.64482,-1.376538,-1.3036222730010123,2.498174480171301,16.926242830595605,5.116346260262145,16.653140989003795
2459,05/15/2023 18:38:31.852830,2642,True,True,True,True,Eyes,1.389076,0.1023205,-3.71679,-0.3115581,0.139505,0.9399308,0.0,0.0,0.0,0.0,0.0,0.0,0.0,-0.8266618,-0.9219419,3.782484,1.390505,0.1047077,-3.727742,-0.111733,-0.07619832,0.01329947,0.9907233,347.3282,350.9209,2.548378,0.3494409,0.02531805,-0.9366157,0,0,0,1.14186,0.3085282,-2.712792,-0.08660385,-0.02578266,1.060814,0.9880338,0.04337992,0.148011,-0.009324446,0.9746777,-0.2234198,-0.1539549,0.2193662,0.9634191,moving,-18.33877,8.442236,-4.667221,-1.392276,-1.3002919132364967,2.5203577369321453,16.841284937247067,5.161871195087468,16.56347674641078
2460,05/15/2023 18:38:31.863251,2643,True,True,True,True,Eyes,1.389328,0.10251,-3.716867,-0.3082897,0.1419798,0.9406377,0.0,0.0,0.0,0.0,0.0,0.0,0.0,-0.8384731,-0.9355645,3.776759,1.390724,0.105114,-3.727878,-0.1134487,-0.0746856,0.01287714,0.9906492,347.1234,351.0955,2.496292,0.3494932,0.0253641,-0.9365949,0,0,0,1.145143,0.3108109,-2.71255,-0.0867506,-0.02773573,1.060762,0.9885125,0.04245942,0.1450526,-0.00856749,0.9739271,-0.2266991,-0.1508962,0.2228522,0.9631029,moving,-18.14632,8.583428,-4.675326,-1.497771,-1.2969541877036876,2.542335716348301,16.825523844018555,5.2664844423581965,16.542098730652285
2461,05/15/2023 18:38:31.883125,2644,True,True,True,True,Eyes,1.389556,0.1027059,-3.716952,-0.3045909,0.1446218,0.9414398,0.0,0.0,0.0,0.0,0.0,0.0,0.0,-0.8494403,-0.9424878,3.772658,1.390883,0.1050138,-3.727894,-0.1143837,-0.07327621,0.01263065,0.9906501,347.0102,351.2595,2.457927,0.3495451,0.02541022,-0.9365743,0,0,0,1.148466,0.3131217,-2.712304,-0.08653042,-0.02744201,1.060781,0.9889421,0.04178832,0.1422927,-0.008261904,0.9735137,-0.2284795,-0.1480716,0.2247774,0.9630939,moving,-17.92833,8.733371,-4.663429,-1.48189,-1.2924177366342329,2.565794841281213,16.74243577971622,5.26758668766605,16.455619002506673
2462,05/15/2023 18:38:31.903180,2645,True,True,True,True,Eyes,1.389784,0.1029018,-3.71704,-0.3009306,0.1472685,0.9422063,0.0,0.0,0.0,0.0,0.0,0.0,0.0,-0.8608437,-0.9513186,3.768088,1.391149,0.105361,-3.728022,-0.1155112,-0.07182476,0.01236907,0.9906288,346.8748,351.4279,2.418711,0.3495962,0.02545656,-0.936554,0,0,0,1.152062,0.3156229,-2.712039,-0.08623114,-0.02784202,1.060841,0.9893764,0.04109946,0.1394458,-0.007913202,0.9730083,-0.2306343,-0.1451608,0.2270807,0.9629967,moving,-17.71293,8.883555,-4.647106,-1.503395,-1.2880882470360635,2.5892659741156554,16.691449520682017,5.294608022675162,16.400951711973256
2463,05/15/2023 18:38:31.913809,2646,True,True,True,True,Eyes,1.390015,0.1030986,-3.717129,-0.2970413,0.149984,0.9430119,0.0,0.0,0.0,0.0,0.0,0.0,0.0,-0.8718834,-0.96131,3.763266,1.391344,0.1055374,-3.728202,-0.1168842,-0.07044396,0.01234236,0.9905672,346.7133,351.5838,2.409705,0.3496464,0.02550309,-0.936534,0,0,0,1.155197,0.3178031,-2.711807,-0.08613127,-0.02884002,1.060958,0.9897707,0.04091945,0.1366738,-0.00798431,0.9723715,-0.2333021,-0.1424443,0.2298244,0.9627516,moving,-17.48401,9.037077,-4.641241,-1.557088,-1.2830262278806432,2.613335095859317,16.648514877747687,5.354440704140581,16.354211054764495
2464,05/15/2023 18:38:31.933294,2647,True,True,True,True,Eyes,1.390243,0.1032973,-3.717218,-0.2931902,0.1527056,0.9437799,0.0,0.0,0.0,0.0,0.0,0.0,0.0,-0.8837421,-0.9716872,3.758015,1.391683,0.1057243,-3.728256,-0.1182874,-0.06896333,0.01221313,0.9905065,346.5472,351.7529,2.387187,0.349696,0.02554981,-0.9365142,0,0,0,1.15863,0.3201907,-2.711554,-0.0861176,-0.02971789,1.060986,0.9901898,0.04050937,0.133728,-0.007879399,0.9717178,-0.2360134,-0.1395066,0.2326444,0.9625043,moving,-17.25768,9.190922,-4.640381,-1.604417,-1.278177375904812,2.637428012835591,16.60528765725912,5.412731502928719,16.30748106878903
2465,05/15/2023 18:38:31.953024,2648,True,True,True,True,Eyes,1.390456,0.1034976,-3.717311,-0.2892092,0.1554595,0.9445583,0.0,0.0,0.0,0.0,0.0,0.0,0.0,-0.895043,-0.9823292,3.752727,1.391834,0.1059494,-3.728352,-0.1196802,-0.06751049,0.01195226,0.9904425,346.3813,351.9207,2.349085,0.3497448,0.02559675,-0.9364947,0,0,0,1.161881,0.3224518,-2.711313,-0.08606812,-0.03078589,1.06102,0.990599,0.03983539,0.1308696,-0.007516697,0.9710675,-0.2386866,-0.1365913,0.235459,0.962238,moving,-17.02378,9.346197,-4.637583,-1.661993,-1.2728851503825718,2.6617926475185127,16.571002480203454,5.478714625248082,16.27004230824209
2466,05/15/2023 18:38:31.967681,2649,True,True,True,True,Eyes,1.390667,0.1036972,-3.717406,-0.2852843,0.1582397,0.9452899,0.0,0.0,0.0,0.0,0.0,0.0,0.0,-0.9065862,-0.9937589,3.747167,1.392068,0.1061792,-3.728484,-0.1212491,-0.06606913,0.01192075,0.9903492,346.1971,352.0834,2.338982,0.3497927,0.02564394,-0.9364755,0,0,0,1.165256,0.3247983,-2.711064,-0.08590329,-0.03209203,1.061118,0.9909855,0.03963305,0.1279723,-0.007589757,0.9703131,-0.2417331,-0.1337537,0.2385827,0.9618672,moving,-16.79358,9.503088,-4.628314,-1.732303,-1.26798482664042,2.6863572426553457,16.559822093659008,5.551249453353225,16.25585709601939
2467,05/15/2023 18:38:31.983040,2650,True,True,True,True,Eyes,1.390873,0.1038838,-3.717497,-0.2813616,0.1609289,0.9460114,0.0,0.0,0.0,0.0,0.0,0.0,0.0,-0.9169486,-1.00616,3.741493,1.392216,0.1063309,-3.728586,-0.1229625,-0.06477495,0.01191244,0.9902235,345.9967,352.228,2.33443,0.3498395,0.02569132,-0.9364567,0,0,0,1.16848,0.3270405,-2.710826,-0.08549282,-0.03372869,1.061206,0.9913246,0.03952173,0.1253538,-0.007662192,0.9694766,-0.245064,-0.1312129,0.2419775,0.9613688,moving,-16.56347,9.654341,-4.605911,-1.820439,-1.262664380545896,2.7101106003496978,16.572682139197656,5.63055748924741,16.266300775689032
2468,05/15/2023 18:38:32.003106,2651,True,True,True,True,Eyes,1.391077,0.1040701,-3.717591,-0.277518,0.1635621,0.9466949,0.0,0.0,0.0,0.0,0.0,0.0,0.0,-0.9253294,-1.011746,3.73797,1.39238,0.1062069,-3.728577,-0.1237764,-0.06371702,0.0118759,0.9901912,345.9002,352.3492,2.321841,0.3498855,0.02573856,-0.9364382,0,0,0,1.171975,0.329471,-2.710568,-0.08431727,-0.03301232,1.061399,0.9915982,0.03929215,0.1232442,-0.007745489,0.9690768,-0.246638,-0.129124,0.2436112,0.9612392,moving,-16.33819,9.802322,-4.542026,-1.781477,-1.2574482539672385,2.7333514029116186,16.53281235565495,5.583200379484076,16.226223106725218
2469,05/15/2023 18:38:32.018762,2652,True,True,True,True,Eyes,1.391276,0.1042496,-3.717688,-0.2741775,0.1659401,0.9472543,0.0,0.0,0.0,0.0,0.0,0.0,0.0,-0.9326887,-1.016447,3.735048,1.392487,0.1063709,-3.728714,-0.124424,-0.06278051,0.01184461,0.9901703,345.8232,352.4569,2.31003,0.3499305,0.02578566,-0.9364201,0,0,0,1.175839,0.3321583,-2.710283,-0.08244029,-0.03202796,1.061743,0.9918367,0.03907917,0.1213793,-0.00783357,0.9687568,-0.247889,-0.1272743,0.2449145,0.9611546,moving,-16.14279,9.936258,-4.43989,-1.727829,-1.2533464444530873,2.7543121288535195,16.522977756856328,5.4994225997242525,16.216813082335364
2470,05/15/2023 18:38:32.032610,2653,True,True,True,True,Eyes,1.391471,0.1044222,-3.717782,-0.2709146,0.1682649,0.9477828,0.0,0.0,0.0,0.0,0.0,0.0,0.0,-0.938168,-1.02032,3.732875,1.392722,0.1063967,-3.728884,-0.1249779,-0.06210791,0.01185824,0.9901426,345.7579,352.5333,2.306424,0.3499746,0.02583246,-0.9364023,0,0,0,1.17854,0.3340368,-2.710083,-0.0813061,-0.03147623,1.062096,0.992004,0.03900692,0.1200273,-0.007958442,0.9684798,-0.248965,-0.1259554,0.246019,0.9610463,moving,-15.95208,10.06713,-4.377599,-1.697519,-1.2493544945343054,2.774791422767056,16.503804910158202,5.457790230813855,16.197641259589624
2471,05/15/2023 18:38:32.052991,2654,True,True,True,True,Eyes,1.391654,0.104597,-3.717884,-0.2679416,0.1703401,0.9482571,0.0,0.0,0.0,0.0,0.0,0.0,0.0,-0.9436298,-1.023946,3.730557,1.39283,0.1063957,-3.728896,-0.1255167,-0.06142694,0.01190015,0.9901166,345.6946,352.6104,2.305792,0.3500178,0.02587882,-0.9363849,0,0,0,1.181951,0.3364088,-2.709831,-0.07934561,-0.03036281,1.06238,0.9921703,0.03898527,0.1186523,-0.008144863,0.9682079,-0.2500142,-0.124627,0.2470903,0.9609447,moving,-15.77829,10.18371,-4.271302,-1.637068,-1.245513826500388,2.793068398474645,16.49671377448939,5.3648394738314416,16.19157085034717
2472,05/15/2023 18:38:32.063235,2655,True,True,True,True,Eyes,1.391837,0.1047703,-3.717986,-0.2650329,0.1723887,0.9487042,0.0,0.0,0.0,0.0,0.0,0.0,0.0,-0.9464887,-1.024867,3.729915,1.393098,0.1066494,-3.729124,-0.1256587,-0.0611084,0.01203202,0.9901167,345.6785,352.6453,2.317707,0.3500598,0.02592484,-0.9363679,0,0,0,1.185112,0.3386077,-2.709598,-0.07699448,-0.02886307,1.062891,0.992242,0.03918382,0.1179851,-0.008468598,0.9681303,-0.250304,-0.1240328,0.247363,0.9609513,moving,-15.6084,10.29883,-4.143199,-1.5555,-1.241846843690622,2.811101418069006,16.49169408275878,5.24261883787133,16.18798929625194
2473,05/15/2023 18:38:32.082740,2656,True,True,True,True,Eyes,1.392002,0.1049326,-3.718084,-0.2622453,0.1742895,0.9491315,0.0,0.0,0.0,0.0,0.0,0.0,0.0,-0.9519482,-1.030038,3.727268,1.393286,0.1067772,-3.729217,-0.1263714,-0.06043363,0.01202249,0.9900674,345.5947,352.7217,2.312448,0.3501008,0.02597051,-0.9363514,0,0,0,1.18846,0.3409359,-2.709351,-0.07517543,-0.02832524,1.06323,0.9924065,0.03908031,0.116628,-0.008532003,0.9677715,-0.2516855,-0.1227052,0.2487792,0.9607562,moving,-15.44549,10.40533,-4.044354,-1.526042,-1.2380361088650114,2.8278343285836662,16.50283429877668,5.179928492817784,16.200126193980783
2474,05/15/2023 18:38:32.102922,2657,True,True,True,True,Eyes,1.392162,0.1050836,-3.718187,-0.2595265,0.1761226,0.9495403,0.0,0.0,0.0,0.0,0.0,0.0,0.0,-0.9567341,-1.033078,3.725217,1.393408,0.1066942,-3.72919,-0.1266987,-0.05977227,0.01160706,0.9900706,345.5524,352.8042,2.256601,0.3501405,0.02601559,-0.9363353,0,0,0,1.191773,0.3432398,-2.709106,-0.07338575,-0.02686743,1.06352,0.9925851,0.03812977,0.1154165,-0.007837467,0.9676254,-0.2522689,-0.1212988,0.2494938,0.9607494,moving,-15.28662,10.50792,-3.947305,-1.447141,-1.2342238460375137,2.843969876999501,16.47736472203447,5.0768535439472595,16.17617833829489
2475,05/15/2023 18:38:32.118703,2658,True,True,True,True,Eyes,1.392315,0.1052229,-3.718287,-0.2569207,0.1778032,0.9499357,0.0,0.0,0.0,0.0,0.0,0.0,0.0,-0.960303,-1.0339,3.724284,1.393426,0.1065769,-3.7294,-0.1267789,-0.05927734,0.01140072,0.9900927,345.5406,352.8651,2.225693,0.3501788,0.02605987,-0.9363198,0,0,0,1.195153,0.3455908,-2.708856,-0.07099849,-0.02481855,1.064092,0.9927124,0.03760576,0.1144895,-0.007545285,0.9675943,-0.2523973,-0.1202709,0.2496941,0.9608267,moving,-15.1342,10.60161,-3.817238,-1.336107,-1.230208022030964,2.85876969885705,16.449398654100793,4.928459660535358,16.150451250907327
2476,05/15/2023 18:38:32.133064,2659,True,True,True,True,Eyes,1.39247,0.1053619,-3.71839,-0.254386,0.1793757,0.9503222,0.0,0.0,0.0,0.0,0.0,0.0,0.0,-0.9621558,-1.030743,3.724732,1.393558,0.1064539,-3.729407,-0.1263553,-0.05903234,0.01132317,0.9901623,345.5883,352.8969,2.20958,0.3502159,0.02610313,-0.9363047,0,0,0,1.198423,0.3478647,-2.708615,-0.06829733,-0.02168727,1.064535,0.992774,0.03734166,0.1140417,-0.007505462,0.9678122,-0.2515615,-0.1197646,0.2488877,0.961099,moving,-14.98582,10.68897,-3.67089,-1.167098,-1.2260075259482104,2.8726242886009183,16.388837339040375,4.72194943650868,16.092782639724117
2477,05/15/2023 18:38:32.153134,2660,True,True,True,True,Eyes,1.392614,0.105502,-3.718496,-0.2518648,0.180884,0.9507077,0.0,0.0,0.0,0.0,0.0,0.0,0.0,-0.9650937,-1.027023,3.725262,1.393724,0.1065979,-3.729601,-0.1258291,-0.05865015,0.01127069,0.9902526,345.6477,352.9447,2.193591,0.3502517,0.02614545,-0.9362901,0,0,0,1.201798,0.3502115,-2.708365,-0.06579712,-0.0185594,1.065098,0.9928663,0.03708144,0.1133206,-0.00756184,0.96808,-0.2505273,-0.1189933,0.2478832,0.9614545,moving,-14.83813,10.77248,-3.534993,-0.9982817,-1.2215659417802591,2.8859194185081747,16.31906054400669,4.520947144429296,16.025891352099972
2478,05/15/2023 18:38:32.172992,2661,True,True,True,True,Eyes,1.392764,0.1056398,-3.718597,-0.2493467,0.182373,0.9510869,0.0,0.0,0.0,0.0,0.0,0.0,0.0,-0.9708724,-1.029054,3.723466,1.394132,0.1067829,-3.72971,-0.1260504,-0.05792356,0.01106932,0.9902696,345.6192,353.0322,2.160981,0.3502863,0.02618697,-0.936276,0,0,0,1.205102,0.3525098,-2.708121,-0.06439477,-0.01710619,1.065512,0.9930446,0.0365258,0.1119294,-0.00732065,0.9679776,-0.25093,-0.1175105,0.2483653,0.9615123,moving,-14.69063,10.85483,-3.458494,-0.9197721,-1.2170504140691922,2.899046140296555,16.272742047234093,4.428029144137607,15.981486382731717
2479,05/15/2023 18:38:32.182977,2662,True,True,True,True,Eyes,1.39291,0.1057747,-3.718693,-0.2467992,0.1838912,0.9514591,0.0,0.0,0.0,0.0,0.0,0.0,0.0,-0.9803475,-1.032563,3.720093,1.394399,0.1068611,-3.72969,-0.1265126,-0.05669978,0.01085701,0.9902838,345.5618,353.1773,2.121497,0.3503198,0.02622771,-0.9362623,0,0,0,1.20854,0.3549004,-2.707867,-0.06378832,-0.01592131,1.065771,0.9933345,0.0358495,0.1095505,-0.007156573,0.9677534,-0.2517979,-0.1150447,0.2493355,0.9615594,moving,-14.54148,10.93885,-3.425171,-0.855865,-1.2125410421306362,2.912427341349725,16.207641028684773,4.369869391679341,15.917988952146121
2480,05/15/2023 18:38:32.193055,2663,True,True,True,True,Eyes,1.393057,0.1059052,-3.718788,-0.2442479,0.1853798,0.9518284,0.0,0.0,0.0,0.0,0.0,0.0,0.0,-0.9892881,-1.036905,3.716566,1.394679,0.1069365,-3.729634,-0.1270551,-0.0555339,0.01054714,0.9902837,345.4947,353.3169,2.071892,0.3503524,0.02626767,-0.936249,0,0,0,1.21255,0.3576892,-2.707571,-0.0625132,-0.0145545,1.066086,0.9936095,0.03500105,0.1073085,-0.006777592,0.9674916,-0.2528126,-0.1126688,0.2504697,0.9615461,moving,-14.39209,11.02106,-3.355871,-0.7821695,-1.2078772027114253,2.925550456115812,16.159033276951664,4.284981286560027,15.87138217370806
2481,05/15/2023 18:38:32.218567,2664,True,True,True,True,Eyes,1.393219,0.1060295,-3.718875,-0.241655,0.1869091,0.9521911,0.0,0.0,0.0,0.0,0.0,0.0,0.0,-0.9986737,-1.039945,3.713327,1.394843,0.1069593,-3.729692,-0.1273438,-0.05424823,0.009970026,0.9903239,345.4549,353.4755,1.987116,0.3503842,0.02630682,-0.936236,0,0,0,1.21541,0.3596781,-2.70736,-0.06260926,-0.01342516,1.06636,0.9939154,0.03356346,0.1049075,-0.005930737,0.9673684,-0.2533049,-0.1099859,0.2511415,0.9616814,moving,-14.24035,11.1056,-3.360151,-0.7212985,-1.203218461301812,2.939029041449809,16.070291173743655,4.248571017082216,15.784222744480344
2482,05/15/2023 18:38:32.233195,2665,True,True,True,True,Eyes,1.393386,0.1061558,-3.718962,-0.2390584,0.1883972,0.9525532,0.0,0.0,0.0,0.0,0.0,0.0,0.0,-1.009504,-1.043023,3.709561,1.395045,0.106926,-3.729645,-0.1278084,-0.05285111,0.009872335,0.9903406,345.3979,353.6396,1.958016,0.3504156,0.02634509,-0.9362232,0,0,0,1.218392,0.3617523,-2.70714,-0.06274983,-0.01239264,1.066569,0.9942186,0.03306358,0.1021577,-0.006044313,0.9671351,-0.2541913,-0.1072047,0.2521042,0.9617436,moving,-14.08832,11.18765,-3.367022,-0.6656992,-1.1983501471440463,2.9521522288734148,15.982744384552506,4.218054832120024,15.698417179023938
2483,05/15/2023 18:38:32.252849,2666,True,True,True,True,Eyes,1.393555,0.1062857,-3.719045,-0.2363966,0.1899727,0.9529045,0.0,0.0,0.0,0.0,0.0,0.0,0.0,-1.020439,-1.044096,3.706419,1.3953,0.1070995,-3.729698,-0.1280465,-0.05147572,0.01001101,0.9903808,345.3687,353.7983,1.955221,0.3504468,0.02638262,-0.9362105,0,0,0,1.221672,0.3640333,-2.706897,-0.06252772,-0.01085423,1.06689,0.9945,0.03301199,0.09939748,-0.006646842,0.9670078,-0.2546602,-0.1045249,0.2525989,0.9619087,moving,-13.93266,11.27477,-3.354123,-0.5828905,-1.1936010240856998,2.966035942803829,15.890549316925116,4.154844654718257,15.608221261326669
2484,05/15/2023 18:38:32.263224,2667,True,True,True,True,Eyes,1.393732,0.106417,-3.71912,-0.2336842,0.1915711,0.9532536,0.0,0.0,0.0,0.0,0.0,0.0,0.0,-1.032456,-1.051487,3.701158,1.3958,0.1073084,-3.729663,-0.1291339,-0.04999912,0.01010507,0.9903143,345.2409,353.9666,1.951359,0.3504779,0.02641957,-0.9361978,0,0,0,1.225093,0.3664126,-2.706645,-0.06264734,-0.01106606,1.067142,0.9947959,0.03292756,0.09642003,-0.007101215,0.9664447,-0.2567768,-0.1016396,0.2547558,0.9616491,moving,-13.77407,11.36311,-3.359734,-0.5941252,-1.188730732700813,2.980120636009259,15.856666356741416,4.181924016867508,15.575948838205775
2485,05/15/2023 18:38:32.283006,2668,True,True,True,True,Eyes,1.3939,0.1065456,-3.719187,-0.2308859,0.1931953,0.9536074,0.0,0.0,0.0,0.0,0.0,0.0,0.0,-1.047163,-1.059321,3.694782,1.396121,0.1074619,-3.729535,-0.1301021,-0.04804459,0.009537901,0.99029,345.122,354.2018,1.861346,0.3505091,0.02645603,-0.9361851,0,0,0,1.228414,0.3687215,-2.7064,-0.06388327,-0.01113799,1.067231,0.9952015,0.03139198,0.09267427,-0.006389171,0.9659649,-0.2585942,-0.0976378,0.2567612,0.9615303,moving,-13.61044,11.45278,-3.425575,-0.5979369,-1.183593850620345,2.994440561146408,15.778189150601873,4.234578526550952,15.499113453785318
2486,05/15/2023 18:38:32.303007,2669,True,True,True,True,Eyes,1.394068,0.1066617,-3.719251,-0.2280719,0.1947585,0.9539666,0.0,0.0,0.0,0.0,0.0,0.0,0.0,-1.060986,-1.063851,3.689436,1.396249,0.1075315,-3.729388,-0.1306097,-0.04616126,0.00891617,0.9903185,345.0565,354.4313,1.76259,0.3505404,0.02649201,-0.9361724,0,0,0,1.231763,0.3710507,-2.706152,-0.06475908,-0.01013561,1.067339,0.9955792,0.02971791,0.08909971,-0.005601473,0.9657232,-0.2595136,-0.09375778,0.2578672,0.9616206,moving,-13.44574,11.53874,-3.472073,-0.5440726,-1.1780982315401332,3.0082365327104954,15.667430987676562,4.228619208757025,15.390658710601448
2487,05/15/2023 18:38:32.315612,2670,True,True,True,True,Eyes,1.394224,0.1067654,-3.719309,-0.2252106,0.1962881,0.9543328,0.0,0.0,0.0,0.0,0.0,0.0,0.0,-1.073106,-1.063339,3.686078,1.396378,0.1073446,-3.729346,-0.1306035,-0.04456115,0.008775038,0.9903939,345.0536,354.6218,1.721276,0.3505716,0.02652722,-0.9361597,0,0,0,1.235008,0.3733077,-2.705913,-0.06499642,-0.007785156,1.067664,0.9958746,0.02902118,0.08597408,-0.005741797,0.9657314,-0.2594799,-0.0905582,0.2579158,0.9619141,moving,-13.27816,11.62257,-3.48371,-0.4177802,-1.172231561541583,3.0217514909746144,15.520994933996338,4.144069355678891,15.247237417617551
2488,05/15/2023 18:38:32.332741,2671,True,True,True,True,Eyes,1.394386,0.1068599,-3.719369,-0.2223189,0.1977208,0.9547151,0.0,0.0,0.0,0.0,0.0,0.0,0.0,-1.086698,-1.061444,3.682672,1.396775,0.1071653,-3.729234,-0.1305171,-0.04284535,0.008934335,0.9904795,345.0614,354.8216,1.712996,0.3506027,0.02656145,-0.936147,0,0,0,1.238403,0.375669,-2.705662,-0.06552106,-0.005082965,1.067968,0.9961689,0.02888266,0.08254283,-0.00651443,0.9657709,-0.2593147,-0.08720711,0.2577835,0.9622591,moving,-13.10852,11.70051,-3.510762,-0.2726957,-1.1657690362528812,3.034437777279395,15.345182089537957,4.0541489657591026,15.074806661849356
2489,05/15/2023 18:38:32.352574,2672,True,True,True,True,Eyes,1.394558,0.1069645,-3.719428,-0.2193765,0.1991317,0.9551023,0.0,0.0,0.0,0.0,0.0,0.0,0.0,-1.100953,-1.056796,3.679983,1.397028,0.1070499,-3.729349,-0.1300241,-0.04100326,0.009028458,0.9906215,345.1156,355.0385,1.692857,0.3506338,0.02659456,-0.9361345,0,0,0,1.241582,0.3778792,-2.705427,-0.06638968,-0.001778677,1.068418,0.9964745,0.0285504,0.07888962,-0.007224746,0.9660245,-0.2583497,-0.0835852,0.2568689,0.9628249,moving,-12.93584,11.77703,-3.555691,-0.0953846,-1.1589775338503796,3.0469465096445267,15.13081041109478,3.952022297693009,14.864098615037951
2490,05/15/2023 18:38:32.362930,2673,True,True,True,True,Eyes,1.394734,0.1070707,-3.719485,-0.2163908,0.200558,0.955485,0.0,0.0,0.0,0.0,0.0,0.0,0.0,-1.115324,-1.054195,3.676567,1.397363,0.1073961,-3.729378,-0.129689,-0.03913061,0.008928891,0.990742,345.1507,355.2613,1.650578,0.350665,0.02662691,-0.9361219,0,0,0,1.244855,0.3801558,-2.705185,-0.06738159,0.0007817149,1.068685,0.9967782,0.02784207,0.07522076,-0.007542834,0.9662021,-0.2576754,-0.07985264,0.2562778,0.9632992,moving,-12.76064,11.85439,-3.607778,0.04191036,-1.152065979989759,3.0595980138650227,14.943545698275846,3.890624667262593,14.680482414288315
2491,05/15/2023 18:38:32.382865,2674,True,True,True,True,Eyes,1.394917,0.1071722,-3.719535,-0.213324,0.20204,0.9558623,0.0,0.0,0.0,0.0,0.0,0.0,0.0,-1.131603,-1.059427,3.670166,1.397583,0.1075201,-3.729374,-0.1305738,-0.03705339,0.00914491,0.9907039,345.0461,355.4998,1.648659,0.3506965,0.02665861,-0.9361092,0,0,0,1.248235,0.3825067,-2.704936,-0.06850284,0.00108698,1.068973,0.9970868,0.02779619,0.07102975,-0.008443378,0.9657336,-0.2593977,-0.07580605,0.2580422,0.963155,moving,-12.58078,11.9349,-3.666664,0.05826093,-1.1450532609372712,3.072743050251181,14.849781805148064,3.9300920056241098,14.59012850012336
2492,05/15/2023 18:38:32.392875,2675,True,True,True,True,Eyes,1.395104,0.1072746,-3.719584,-0.2102306,0.203505,0.9562368,0.0,0.0,0.0,0.0,0.0,0.0,0.0,-1.147921,-1.063422,3.663938,1.397867,0.1074877,-3.729269,-0.131335,-0.03498341,0.009414309,0.9906759,344.9559,355.737,1.652081,0.3507284,0.02668962,-0.9360964,0,0,0,1.251719,0.3849296,-2.704678,-0.06955501,0.001909375,1.069241,0.9973751,0.02784215,0.06684154,-0.009463973,0.9653249,-0.2608796,-0.07178721,0.2595622,0.9630545,moving,-12.39933,12.01436,-3.721895,0.1023147,-1.1378452217275543,3.0857510471341785,14.737526977362148,3.94692357336587,14.481618738381819
2493,05/15/2023 18:38:32.418650,2676,True,True,True,True,Eyes,1.395308,0.1073776,-3.719627,-0.2070891,0.205044,0.9565935,0.0,0.0,0.0,0.0,0.0,0.0,0.0,-1.163188,-1.065751,3.658555,1.398127,0.1076002,-3.729279,-0.1318608,-0.03305161,0.009743422,0.9906693,344.8933,355.9578,1.663212,0.3507608,0.02672003,-0.9360834,0,0,0,1.254873,0.3871225,-2.704445,-0.07060206,0.002856165,1.069553,0.9976253,0.02802143,0.06291683,-0.01058859,0.9650356,-0.2619049,-0.06805587,0.2606167,0.9630407,moving,-12.21523,12.09817,-3.77666,0.1530039,-1.1307732930767225,3.099407507279379,14.625199376469684,3.960051853557254,14.373178226656215
2494,05/15/2023 18:38:32.434525,2677,True,True,True,True,Eyes,1.395512,0.1074746,-3.719666,-0.2039386,0.2065527,0.9569457,0.0,0.0,0.0,0.0,0.0,0.0,0.0,-1.178102,-1.069868,3.652593,1.398452,0.107687,-3.729169,-0.1325455,-0.03113416,0.009797699,0.9906393,344.8112,356.1807,1.642709,0.3507942,0.02674991,-0.93607,0,0,0,1.258187,0.3894278,-2.704201,-0.07160789,0.003560051,1.0698,0.9978694,0.02766535,0.05908816,-0.01115858,0.9646714,-0.2632197,-0.06428269,0.2619995,0.9629248,moving,-12.03056,12.18019,-3.829424,0.1906666,-1.1235243647776985,3.112811640137286,14.52609042549452,3.9825650618031494,14.278139416660945
2495,05/15/2023 18:38:32.442693,2678,True,True,True,True,Eyes,1.395729,0.1075688,-3.719701,-0.2008198,0.2080625,0.9572781,0.0,0.0,0.0,0.0,0.0,0.0,0.0,-1.190996,-1.071835,3.647851,1.39861,0.1076355,-3.729132,-0.1329,-0.02943745,0.009739222,0.9906444,344.7673,356.3805,1.610694,0.3508283,0.02677917,-0.9360564,0,0,0,1.261541,0.3917603,-2.703953,-0.07196161,0.005074888,1.070189,0.9980772,0.02712067,0.05573546,-0.01147175,0.9644855,-0.2638866,-0.06091276,0.2627398,0.9629421,moving,-11.84782,12.26241,-3.846891,0.2716974,-1.1164312035859525,3.126227655313163,14.414994051987664,3.950158690272034,14.171339859060058
2496,05/15/2023 18:38:32.462788,2679,True,True,True,True,Eyes,1.395946,0.1076684,-3.719737,-0.1977172,0.2095387,0.9576019,0.0,0.0,0.0,0.0,0.0,0.0,0.0,-1.203008,-1.071028,3.644161,1.39885,0.1076498,-3.729058,-0.1328146,-0.02784103,0.009550041,0.9907038,344.774,356.5717,1.562957,0.3508635,0.0268078,-0.9360424,0,0,0,1.264844,0.3940569,-2.703709,-0.07227573,0.007418498,1.070537,0.9982674,0.02631792,0.05262771,-0.01152714,0.9645382,-0.2636916,-0.0577012,0.262628,0.9631703,moving,-11.666,12.3427,-3.862378,0.397036,-1.1092590178610746,3.139358196608096,14.268686159551622,3.885871222753416,14.02956514178928
2497,05/15/2023 18:38:32.482934,2680,True,True,True,True,Eyes,1.396179,0.1077636,-3.719775,-0.1946374,0.2110998,0.9578899,0.0,0.0,0.0,0.0,0.0,0.0,0.0,-1.213964,-1.072526,3.640235,1.399035,0.1078701,-3.729129,-0.1331528,-0.02644739,0.009786635,0.9906943,344.7335,356.7312,1.570168,0.3508996,0.026836,-0.9360281,0,0,0,1.26822,0.3964052,-2.70346,-0.07190466,0.008732527,1.071035,0.9984096,0.02643421,0.04979635,-0.01234803,0.9643491,-0.2643452,-0.05500874,0.2633098,0.9631417,moving,-11.48579,12.42819,-3.840826,0.4671423,-1.1025976789955472,3.1532221565669207,14.195497055157007,3.8357423445541063,13.960690598772855
2498,05/15/2023 18:38:32.503241,2681,True,True,True,True,Eyes,1.396413,0.1078577,-3.719806,-0.1915351,0.2126422,0.9581741,0.0,0.0,0.0,0.0,0.0,0.0,0.0,-1.226144,-1.078552,3.634578,1.399416,0.1078224,-3.729192,-0.1342005,-0.02494279,0.01014128,0.9905883,344.6111,356.9001,1.59202,0.3509369,0.02686368,-0.9360133,0,0,0,1.271558,0.398726,-2.703213,-0.07197517,0.008778021,1.07161,0.9985499,0.02678633,0.04669415,-0.013397,0.9637748,-0.2663808,-0.05213797,0.2653689,0.9627361,moving,-11.3042,12.51254,-3.842525,0.4693239,-1.0957495106735755,3.16693430440917,14.167415001930458,3.849919152753863,13.936972781458204
2499,05/15/2023 18:38:32.516657,2682,True,True,True,True,Eyes,1.396633,0.1079593,-3.719842,-0.1882477,0.2145296,0.9584048,0.0,0.0,0.0,0.0,0.0,0.0,0.0,-1.23957,-1.082194,3.628889,1.39965,0.1078863,-3.729055,-0.1346824,-0.02313605,0.009799804,0.9905702,344.5515,357.1172,1.524716,0.3509755,0.02689089,-0.9359981,0,0,0,1.274822,0.4009961,-2.702972,-0.07283157,0.009816006,1.071887,0.9987373,0.02564683,0.04319607,-0.01318276,0.9635292,-0.2672782,-0.04847547,0.2663713,0.9626507,moving,-11.11244,12.61712,-3.887107,0.5246824,-1.0896912895503077,3.1836433539776903,14.08660654915806,3.859482868448661,13.860683143442492
2500,05/15/2023 18:38:32.532927,2683,True,True,True,True,Eyes,1.39685,0.1080563,-3.719876,-0.1849694,0.2164413,0.9586133,0.0,0.0,0.0,0.0,0.0,0.0,0.0,-1.252087,-1.089011,3.622761,1.399851,0.10814,-3.72918,-0.1356246,-0.02147746,0.009641757,0.9904807,344.4397,357.313,1.482637,0.3510146,0.02691786,-0.9359826,0,0,0,1.278353,0.4034522,-2.702711,-0.07301435,0.00980176,1.072465,0.9988915,0.02492569,0.03993072,-0.01327422,0.963026,-0.2690811,-0.04516128,0.2682528,0.9622895,moving,-10.9213,12.72324,-3.894736,0.5236384,-1.083794791529045,3.200568356872591,14.07845449063279,3.8816677435713176,13.857013700028583
2501,05/15/2023 18:38:32.542606,2684,True,True,True,True,Eyes,1.39705,0.1081485,-3.719904,-0.1816502,0.2185272,0.9587747,0.0,0.0,0.0,0.0,0.0,0.0,0.0,-1.263635,-1.097622,3.616157,1.399991,0.1081066,-3.729138,-0.1368587,-0.01994413,0.009500766,0.9903443,344.2943,357.4933,1.445075,0.3510543,0.0269445,-0.9359669,0,0,0,1.281644,0.4057407,-2.702468,-0.07311893,0.009318396,1.072944,0.9990239,0.02427711,0.03690254,-0.013359,0.9623589,-0.2714535,-0.04210356,0.2706955,0.9617438,moving,-10.72814,12.83971,-3.898561,0.4975948,-1.0785343858161145,3.2189988047733946,14.105706537685805,3.919003682302697,13.888746976094474
2502,05/15/2023 18:38:32.563117,2685,True,True,True,True,Eyes,1.397254,0.108242,-3.719939,-0.17837,0.2205743,0.9589218,0.0,0.0,0.0,0.0,0.0,0.0,0.0,-1.274107,-1.099604,3.611817,1.400183,0.1080608,-3.729009,-0.137257,-0.01858565,0.009587279,0.9903148,344.2465,357.6512,1.434324,0.3510942,0.02697072,-0.9359512,0,0,0,1.284869,0.4079837,-2.70223,-0.07289356,0.01066665,1.073359,0.9991254,0.02409087,0.03417944,-0.01388683,0.9621372,-0.2722116,-0.03944305,0.2714988,0.9616302,moving,-10.53722,12.95403,-3.885084,0.569366,-1.0732744891284631,3.2371006180824877,14.058122767830419,3.87596190873225,13.845873483906214
2503,05/15/2023 18:38:32.583110,2686,True,True,True,True,Eyes,1.39746,0.1083308,-3.71997,-0.1750584,0.2227474,0.9590298,0.0,0.0,0.0,0.0,0.0,0.0,0.0,-1.283605,-1.10291,3.607774,1.400483,0.1081724,-3.729213,-0.1378323,-0.01738781,0.00977232,0.9902548,344.1787,357.7883,1.438171,0.3511344,0.0269966,-0.9359354,0,0,0,1.288164,0.410275,-2.701987,-0.07232782,0.01144324,1.074111,0.9992044,0.02414737,0.03174283,-0.01456096,0.9618135,-0.2733179,-0.0371305,0.2726382,0.9613999,moving,-10.34471,13.07586,-3.852334,0.6103883,-1.068467087686948,3.256295874255013,14.05485435103747,3.840669456874863,13.847284270910547
2504,05/15/2023 18:38:32.603511,2687,True,True,True,True,Eyes,1.397663,0.1084133,-3.720001,-0.171749,0.2248354,0.959141,0.0,0.0,0.0,0.0,0.0,0.0,0.0,-1.295754,-1.107433,3.602061,1.400799,0.1081266,-3.729116,-0.1385021,-0.01577944,0.009596994,0.99019,344.0985,357.9795,1.392813,0.3511747,0.02702206,-0.9359196,0,0,0,1.291552,0.4126309,-2.701736,-0.07268217,0.01225837,1.074585,0.9993178,0.02337665,0.02859084,-0.01463471,0.9614502,-0.2745896,-0.03390759,0.2739838,0.9611365,moving,-10.1521,13.19269,-3.869444,0.653575,-1.06327400280527,3.274773264679241,14.025019479400413,3.8399570825613836,13.82244938833032
2505,05/15/2023 18:38:32.617459,2688,True,True,True,True,Eyes,1.397851,0.1084922,-3.720041,-0.1684384,0.2269358,0.9592334,0.0,0.0,0.0,0.0,0.0,0.0,0.0,-1.307269,-1.107352,3.59802,1.400899,0.1080542,-3.729173,-0.1384767,-0.0141921,0.009275501,0.9902206,344.0987,358.1722,1.328659,0.3512152,0.02704697,-0.9359037,0,0,0,1.294964,0.4150042,-2.701484,-0.07278529,0.01454678,1.07521,0.9994251,0.02230014,0.02553776,-0.01443902,0.9614764,-0.2745082,-0.03067547,0.2739817,0.9612456,moving,-9.959426,13.31033,-3.872675,0.7751217,-1.058137554793792,3.293367650264049,13.934847859248048,3.776663037191586,13.737461420298096
2506,05/15/2023 18:38:32.633238,2689,True,True,True,True,Eyes,1.398038,0.1085661,-3.720081,-0.1651645,0.228949,0.9593242,0.0,0.0,0.0,0.0,0.0,0.0,0.0,-1.316717,-1.107135,3.594898,1.401035,0.1080341,-3.729372,-0.1385222,-0.01294011,0.009284528,0.9902313,344.0917,358.3197,1.309189,0.3512555,0.0270713,-0.9358879,0,0,0,1.298257,0.4172945,-2.701241,-0.07222709,0.01655841,1.075996,0.9994926,0.02197263,0.02305515,-0.01480268,0.9614508,-0.2745784,-0.02819952,0.2740978,0.9612883,moving,-9.768703,13.42293,-3.840263,0.8816499,-1.052761844177544,3.3112204954312268,13.87191794166387,3.6976987400132497,13.679697198498486
2507,05/15/2023 18:38:32.652974,2690,True,True,True,True,Eyes,1.398214,0.1086355,-3.720126,-0.1619235,0.230934,0.959401,0.0,0.0,0.0,0.0,0.0,0.0,0.0,-1.325965,-1.105965,3.591985,1.401179,0.1079893,-3.729441,-0.1384829,-0.01173234,0.009404344,0.9902506,344.0949,358.4603,1.303336,0.3512955,0.02709499,-0.9358721,0,0,0,1.30169,0.4196814,-2.700988,-0.07140961,0.01891528,1.076713,0.9995477,0.02187478,0.02063128,-0.01537585,0.961468,-0.2744863,-0.02584055,0.2740449,0.9613698,moving,-9.579848,13.534,-3.794405,1.006446,-1.0474064576719608,3.3288370808302608,13.798947783405987,3.5971518349761546,13.611883381540226
2508,05/15/2023 18:38:32.663091,2691,True,True,True,True,Eyes,1.39839,0.1087037,-3.72017,-0.1587133,0.232825,0.9594804,0.0,0.0,0.0,0.0,0.0,0.0,0.0,-1.333603,-1.102919,3.590299,1.401394,0.1079426,-3.729558,-0.1380893,-0.01071101,0.009305792,0.9903182,344.1389,358.5832,1.274141,0.351335,0.02711798,-0.9358566,0,0,0,1.305317,0.4222039,-2.70072,-0.07013434,0.02211165,1.07754,0.9995973,0.02138954,0.01864456,-0.01547324,0.9616895,-0.273704,-0.02378464,0.2733053,0.9616333,moving,-9.392581,13.63961,-3.723984,1.175573,-1.0417535728959746,3.345654924121945,13.692523882972708,3.4501616804844737,13.510614953870938
2509,05/15/2023 18:38:32.682954,2692,True,True,True,True,Eyes,1.398561,0.1087637,-3.720218,-0.1558493,0.2347089,0.9594909,0.0,0.0,0.0,0.0,0.0,0.0,0.0,-1.342615,-1.101277,3.587549,1.401578,0.1079817,-3.729591,-0.1378853,-0.009498626,0.009185175,0.99036,344.1608,358.7285,1.23964,0.351374,0.02714032,-0.9358413,0,0,0,1.308264,0.4242533,-2.700502,-0.06994557,0.02440903,1.078088,0.9996508,0.02081271,0.01628117,-0.01557382,0.9618065,-0.2732868,-0.02134717,0.2729378,0.9617947,moving,-9.225934,13.74566,-3.712106,1.297014,-1.0376364823959854,3.362355807642931,13.615105083946286,3.3791158581781153,13.437821640035061
2510,05/15/2023 18:38:32.703387,2693,True,True,True,True,Eyes,1.398731,0.1088204,-3.720275,-0.1530247,0.2364781,0.9595111,0.0,0.0,0.0,0.0,0.0,0.0,0.0,-1.350242,-1.09927,3.585517,1.401722,0.1078348,-3.729749,-0.1376162,-0.008455336,0.009002051,0.9904087,344.1905,358.855,1.200499,0.3514125,0.02716186,-0.9358262,0,0,0,1.311603,0.4265759,-2.700255,-0.06897512,0.02722445,1.078924,0.9996949,0.0201586,0.01427089,-0.01550425,0.9619614,-0.2727447,-0.01922613,0.2724403,0.9619807,moving,-9.061333,13.84502,-3.657916,1.445436,-1.0331621805942477,3.378077136391026,13.525775343725956,3.2595144384640915,13.352999801665314
2511,05/15/2023 18:38:32.720966,2694,True,True,True,True,Eyes,1.398892,0.108879,-3.720335,-0.1503574,0.2382833,0.9594862,0.0,0.0,0.0,0.0,0.0,0.0,0.0,-1.356982,-1.095499,3.584449,1.401859,0.1078234,-3.730008,-0.1371021,-0.007540733,0.008897327,0.9904883,344.2487,358.9654,1.172436,0.3514504,0.02718259,-0.9358114,0,0,0,1.314839,0.4288259,-2.700016,-0.06780216,0.03035831,1.079806,0.999728,0.01969309,0.01249832,-0.01555772,0.9622477,-0.2717302,-0.01737764,0.2714619,0.9622923,moving,-8.906169,13.94695,-3.592946,1.610424,-1.0295700104972818,3.394085422512172,13.43205912719286,3.1228744024883843,13.26335997136796
2512,05/15/2023 18:38:32.743018,2695,True,True,True,True,Eyes,1.399051,0.1089374,-3.720402,-0.1477271,0.2400159,0.9594629,0.0,0.0,0.0,0.0,0.0,0.0,0.0,-1.363955,-1.09323,3.582635,1.401939,0.107913,-3.73011,-0.1367677,-0.00657931,0.00873068,0.9905428,344.2861,359.082,1.136668,0.3514876,0.02720264,-0.9357969,0,0,0,1.3182,0.4311637,-2.699768,-0.06657842,0.03311828,1.080545,0.999761,0.01909589,0.01064602,-0.01549656,0.9624367,-0.2710634,-0.01542228,0.2708337,0.9625027,moving,-8.75301,14.04468,-3.525856,1.755543,-1.0258060832258669,3.409472444551328,13.354625683428383,2.997621089116537,13.189974186897743
2513,05/15/2023 18:38:32.753112,2696,True,True,True,True,Eyes,1.399219,0.1089932,-3.720468,-0.1452261,0.2418422,0.9593862,0.0,0.0,0.0,0.0,0.0,0.0,0.0,-1.370319,-1.093068,3.580558,1.402048,0.1079674,-3.730359,-0.1367536,-0.005721152,0.008657154,0.9905508,344.2867,359.1844,1.114017,0.351524,0.02722207,-0.9357826,0,0,0,1.321656,0.4335671,-2.699513,-0.06503811,0.03524503,1.081503,0.9997846,0.01871548,0.008966491,-0.01558594,0.962447,-0.2710217,-0.01370203,0.2708236,0.9625316,moving,-8.607742,14.14836,-3.441439,1.866547,-1.0230674332097671,3.4256458032958745,13.324174167834117,2.8773790354240916,13.163086112237293
2514,05/15/2023 18:38:32.762844,2697,True,True,True,True,Eyes,1.399384,0.1090465,-3.72054,-0.1427629,0.2435991,0.9593113,0.0,0.0,0.0,0.0,0.0,0.0,0.0,-1.376293,-1.095616,3.577593,1.402211,0.1079292,-3.730401,-0.1371037,-0.004914224,0.00850848,0.990508,344.2452,359.2815,1.083727,0.3515599,0.02724088,-0.9357686,0,0,0,1.325283,0.4360893,-2.699245,-0.06330791,0.03681588,1.08237,0.9998068,0.01820295,0.007402129,-0.01550791,0.9622604,-0.2716882,-0.01206821,0.271521,0.9623569,moving,-8.464524,14.24804,-3.347421,1.948115,-1.0201754408597106,3.4412262542681185,13.321895440147921,2.7650412492692245,13.164291298348694
2515,05/15/2023 18:38:32.783022,2698,True,True,True,True,Eyes,1.399534,0.1091023,-3.720615,-0.1403509,0.2454239,0.9592021,0.0,0.0,0.0,0.0,0.0,0.0,0.0,-1.381724,-1.096066,3.5756,1.402306,0.1079245,-3.730593,-0.1371375,-0.004163206,0.008330198,0.9905083,344.2404,359.373,1.050478,0.3515952,0.02725906,-0.9357548,0,0,0,1.32858,0.4383826,-2.699002,-0.06173229,0.0387882,1.083284,0.9998266,0.01764413,0.00596258,-0.01536041,0.9622478,-0.2717412,-0.01053205,0.2716024,0.962352,moving,-8.324474,14.35195,-3.261543,2.050663,-1.0178344114901696,3.457387072233151,13.30244083494191,2.648225980831884,13.148191001009577
2516,05/15/2023 18:38:32.803005,2699,True,True,True,True,Eyes,1.399683,0.1091609,-3.720699,-0.1379916,0.2472367,0.9590789,0.0,0.0,0.0,0.0,0.0,0.0,0.0,-1.386814,-1.097642,3.573357,1.402425,0.1080179,-3.730748,-0.1373591,-0.003482997,0.008275321,0.9904807,344.214,359.4538,1.033096,0.3516297,0.02727675,-0.9357414,0,0,0,1.331637,0.4405083,-2.698776,-0.06023517,0.04012825,1.084108,0.9998388,0.01734994,0.004626296,-0.01543625,0.962128,-0.2721607,-0.009173036,0.2720454,0.9622407,moving,-8.187486,14.45531,-3.180196,2.119834,-1.0156748739267392,3.4734420684265874,13.313035765394607,2.552921171545846,13.162088395140556
2517,05/15/2023 18:38:32.818515,2700,True,True,True,True,Eyes,1.399827,0.1092193,-3.720781,-0.1356244,0.2491606,0.9589187,0.0,0.0,0.0,0.0,0.0,0.0,0.0,-1.391172,-1.103164,3.570299,1.40254,0.1081266,-3.731026,-0.1381522,-0.002921879,0.008317582,0.9903718,344.1217,359.5183,1.02954,0.3516632,0.02729404,-0.9357283,0,0,0,1.334784,0.442697,-2.698543,-0.05836096,0.0402312,1.085138,0.9998446,0.01728232,0.003489286,-0.01566768,0.9616895,-0.2736926,-0.008085638,0.2735954,0.9618108,moving,-8.05022,14.56536,-3.07852,2.123253,-1.0140013746187329,3.4904611679248214,13.398650211474624,2.476185641058946,13.250843025715431
2518,05/15/2023 18:38:32.833177,2701,True,True,True,True,Eyes,1.399969,0.1092801,-3.720869,-0.1333003,0.2510567,0.9587499,0.0,0.0,0.0,0.0,0.0,0.0,0.0,-1.396755,-1.10748,3.566858,1.402677,0.1081467,-3.731047,-0.1388053,-0.002194017,0.008346824,0.9902822,344.0454,359.603,1.021478,0.351696,0.02731098,-0.9357154,0,0,0,1.338238,0.4450988,-2.698288,-0.05655983,0.04099031,1.086001,0.999851,0.0171405,0.002028197,-0.01592235,0.9613268,-0.2749494,-0.006662399,0.2748762,0.9614567,moving,-7.915407,14.67391,-2.981317,2.161561,-1.0123930963680312,3.507243207474993,13.450060283355647,2.384852603790876,13.305343040651204
2519,05/15/2023 18:38:32.853084,2702,True,True,True,True,Eyes,1.400111,0.1093418,-3.72096,-0.1309607,0.2530465,0.9585493,0.0,0.0,0.0,0.0,0.0,0.0,0.0,-1.40175,-1.111875,3.563798,1.40277,0.1082554,-3.731265,-0.1394436,-0.001538366,0.00836945,0.9901934,343.9708,359.6792,1.013707,0.3517278,0.02732767,-0.935703,0,0,0,1.341475,0.4473498,-2.698049,-0.05478477,0.04149832,1.086993,0.9998552,0.01700378,0.0007125139,-0.01614571,0.9609708,-0.2761781,-0.00538075,0.2761266,0.9611062,moving,-7.779806,14.78809,-2.885283,2.186329,-1.0111534746197757,3.524841434667797,13.518902902922633,2.303036477275646,13.377282302712164
2520,05/15/2023 18:38:32.863099,2703,True,True,True,True,Eyes,1.40025,0.1094036,-3.721057,-0.1286741,0.255002,0.9583408,0.0,0.0,0.0,0.0,0.0,0.0,0.0,-1.406283,-1.11814,3.56028,1.402852,0.1083136,-3.731453,-0.1403073,-0.0009283125,0.008287873,0.990073,343.8702,359.7516,0.9944106,0.3517588,0.02734414,-0.9356909,0,0,0,1.345217,0.4499528,-2.697773,-0.05243629,0.04187042,1.088132,0.9998609,0.01667169,-0.0004875511,-0.01615071,0.9604903,-0.2778443,-0.004163772,0.2778135,0.960626,moving,-7.647231,14.9004,-2.758909,2.203608,-1.0099928247365573,3.542144407430829,13.605301138414687,2.2023595306207246,13.466482291971698
2521,05/15/2023 18:38:32.883083,2704,True,True,True,True,Eyes,1.400369,0.1094628,-3.721155,-0.1263416,0.257018,0.9581125,0.0,0.0,0.0,0.0,0.0,0.0,0.0,-1.409981,-1.122416,3.557727,1.402903,0.1083689,-3.731676,-0.1408951,-0.0004279912,0.008227991,0.9899902,343.8017,359.8111,0.9792507,0.3517889,0.02736043,-0.9356791,0,0,0,1.348118,0.4519702,-2.697559,-0.05066106,0.04230414,1.089086,0.9998642,0.01641186,-0.001471154,-0.01617068,0.9601617,-0.2789767,-0.003165871,0.2789626,0.9602967,moving,-7.511973,15.01632,-2.663311,2.224463,-1.0089098781032626,3.559989758384546,13.679953534230043,2.1261878549399906,13.544226673327458
2522,05/15/2023 18:38:32.902852,2705,True,True,True,True,Eyes,1.40049,0.1095204,-3.721258,-0.1240617,0.2589699,0.9578848,0.0,0.0,0.0,0.0,0.0,0.0,0.0,-1.412663,-1.126563,3.555523,1.403048,0.1083498,-3.731785,-0.1414949,-8.916855e-05,0.008233512,0.9899048,343.7319,359.8504,0.9744732,0.3518178,0.02737648,-0.9356678,0,0,0,1.351625,0.4544087,-2.697299,-0.04799423,0.04319753,1.090134,0.9998645,0.01632603,-0.002153389,-0.01627553,0.9598228,-0.2801345,-0.002506584,0.2801315,0.9599584,moving,-7.379659,15.12858,-2.520875,2.269208,-1.0077644622577373,3.577283262736338,13.746680697282526,2.0001410931255372,13.613595187484105
2523,05/15/2023 18:38:32.918111,2706,True,True,True,True,Eyes,1.400613,0.1095737,-3.721363,-0.1217309,0.2609296,0.957652,0.0,0.0,0.0,0.0,0.0,0.0,0.0,-1.41663,-1.127957,3.5538,1.40323,0.1083641,-3.731999,-0.1417185,0.0004203618,0.008250646,0.9898725,343.7056,359.9101,0.9679782,0.3518457,0.02739227,-0.9356568,0,0,0,1.354908,0.4566921,-2.697057,-0.04594979,0.04472126,1.091175,0.9998634,0.01621503,-0.003170736,-0.01645333,0.9596956,-0.2805596,-0.001506269,0.2805735,0.9598314,moving,-7.244239,15.24129,-2.411322,2.346925,-1.0064267805684888,3.594668598604524,13.770320819868868,1.8789876703800061,13.640188786830542
2524,05/15/2023 18:38:32.933149,2707,True,True,True,True,Eyes,1.400736,0.1096288,-3.721476,-0.1194308,0.2628168,0.9574255,0.0,0.0,0.0,0.0,0.0,0.0,0.0,-1.421922,-1.128788,3.551656,1.403393,0.1082993,-3.732163,-0.1418742,0.001120061,0.008230984,0.9898499,343.6869,359.993,0.9538621,0.3518725,0.02740773,-0.9356463,0,0,0,1.358179,0.4589666,-2.696815,-0.0443196,0.04647699,1.092168,0.999862,0.01597706,-0.004552923,-0.01661271,0.9596079,-0.2808498,-0.0001180768,0.2808867,0.959741,moving,-7.110439,15.34981,-2.323756,2.436739,-1.004890045117738,3.6114374725846057,13.77170057739893,1.7661607821600234,13.64463925081735
2525,05/15/2023 18:38:32.942970,2708,True,True,True,True,Eyes,1.400864,0.1096904,-3.721593,-0.1170389,0.2647366,0.9571919,0.0,0.0,0.0,0.0,0.0,0.0,0.0,-1.427577,-1.129374,3.549562,1.403504,0.1083975,-3.732463,-0.141946,0.001888156,0.008142397,0.9898392,343.6778,0.08515775,0.9303942,0.3518985,0.02742292,-0.9356361,0,0,0,1.361397,0.4612048,-2.696578,-0.04287061,0.04818524,1.093227,0.9998602,0.0155833,-0.006049506,-0.01665536,0.9595701,-0.2809767,0.001426399,0.2810382,0.9596956,moving,-6.971133,15.46018,-2.245689,2.523745,-1.0030921167229772,3.628520400040679,13.772478771316404,1.662701325814355,13.648762265780316
2526,05/15/2023 18:38:32.962799,2709,True,True,True,True,Eyes,1.400995,0.1097501,-3.721717,-0.1146606,0.2666585,0.9569463,0.0,0.0,0.0,0.0,0.0,0.0,0.0,-1.434981,-1.132004,3.546024,1.403666,0.1085901,-3.73267,-0.142369,0.002858549,0.008211781,0.9897755,343.6279,0.1982878,0.9221752,0.3519236,0.02743804,-0.9356262,0,0,0,1.364641,0.4634607,-2.696338,-0.04182774,0.04908606,1.094202,0.9998488,0.0154417,-0.007996827,-0.01706959,0.9593273,-0.2817797,0.003320485,0.2818735,0.9594459,moving,-6.832565,15.5708,-2.189162,2.568574,-1.0013668832225346,3.645632814717361,13.80648660505217,1.603406663888098,13.68631889454185
2527,05/15/2023 18:38:32.983409,2710,True,True,True,True,Eyes,1.401144,0.1098065,-3.721838,-0.1122028,0.2686147,0.9566905,0.0,0.0,0.0,0.0,0.0,0.0,0.0,-1.442932,-1.138788,3.540981,1.403826,0.1085844,-3.732949,-0.1433802,0.003909469,0.008227318,0.9896257,343.5099,0.3213892,0.9060715,0.3519481,0.02745303,-0.9356166,0,0,0,1.367944,0.4657579,-2.696094,-0.04093048,0.04888672,1.095384,0.9998341,0.01516285,-0.01009712,-0.01740502,0.9587489,-0.2837212,0.005378574,0.2838498,0.9588536,moving,-6.689216,15.68341,-2.139938,2.555401,-0.9994438796847376,3.663073071430977,13.893903361739818,1.589862967774857,13.777614580053495
2528,05/15/2023 18:38:33.003329,2711,True,True,True,True,Eyes,1.4013,0.1098477,-3.721963,-0.1097509,0.2705452,0.9564309,0.0,0.0,0.0,0.0,0.0,0.0,0.0,-1.452367,-1.14136,3.536467,1.404088,0.1085396,-3.733017,-0.1439129,0.005117655,0.0084563,0.9895411,343.447,0.4599171,0.9123365,0.3519725,0.02746782,-0.935607,0,0,0,1.371364,0.4681365,-2.695842,-0.04026014,0.04993193,1.096358,0.9998046,0.01526272,-0.01256231,-0.01820873,0.9584351,-0.2847289,0.007694513,0.284902,0.9585258,moving,-6.546085,15.79459,-2.103054,2.607645,-0.9974285394199188,3.680305863375401,13.915316845116607,1.5404573953537883,13.802905493103749
2529,05/15/2023 18:38:33.018507,2712,True,True,True,True,Eyes,1.401467,0.1098897,-3.722084,-0.107193,0.2722809,0.9562284,0.0,0.0,0.0,0.0,0.0,0.0,0.0,-1.460603,-1.145977,3.531869,1.404365,0.1082001,-3.733199,-0.1445671,0.006244957,0.008192062,0.9894415,343.3704,0.5973468,0.8614351,0.3519967,0.02748205,-0.9355975,0,0,0,1.374788,0.4705175,-2.695589,-0.03963223,0.05092169,1.097552,0.9997878,0.0144055,-0.01472655,-0.01801673,0.9580665,-0.2859791,0.009989381,0.2861837,0.9581227,moving,-6.396144,15.89402,-2.068033,2.656373,-0.9940277496202548,3.69590913314318,13.927233857623342,1.4946981802201853,13.819027404005858
2530,05/15/2023 18:38:33.032755,2713,True,True,True,True,Eyes,1.401633,0.1099632,-3.722229,-0.1046015,0.2739853,0.9560286,0.0,0.0,0.0,0.0,0.0,0.0,0.0,-1.471179,-1.130606,3.532573,1.4046,0.1082897,-3.73324,-0.1422476,0.00778383,0.007540545,0.989772,343.6382,0.7920241,0.7591301,0.3520212,0.02749579,-0.9355879,0,0,0,1.37817,0.4728693,-2.695339,-0.04000857,0.05810051,1.098124,0.9997652,0.01271239,-0.01755358,-0.01714126,0.9594175,-0.2814679,0.01326311,0.2817026,0.9594102,moving,-6.244036,15.99161,-2.086566,3.028631,-0.9903298093232534,3.711266845237153,13.613353053356878,1.2914044614109503,13.509404541417851
2531,05/15/2023 18:38:33.053313,2714,True,True,True,True,Eyes,1.401815,0.1100182,-3.72237,-0.1019049,0.275866,0.9557789,0.0,0.0,0.0,0.0,0.0,0.0,0.0,-1.48367,-1.134439,3.52695,1.404717,0.1091175,-3.733961,-0.1427051,0.009491742,0.007414845,0.9896921,343.584,0.9958519,0.7148626,0.3520457,0.02750986,-0.9355782,0,0,0,1.381499,0.4751846,-2.695093,-0.04054666,0.05821903,1.099434,0.9997098,0.01196779,-0.02090401,-0.01738586,0.9591605,-0.2823274,0.01667151,0.2826089,0.9590905,moving,-6.085868,16.0997,-2.112086,3.031188,-0.9869849349069564,3.728186872181369,13.659317306427432,1.323502865314466,13.56040060650841
2532,05/15/2023 18:38:33.063491,2715,True,True,True,True,Eyes,1.402002,0.1100638,-3.72251,-0.09917218,0.2776359,0.9555539,0.0,0.0,0.0,0.0,0.0,0.0,0.0,-1.497003,-1.144513,3.51813,1.404897,0.1086788,-3.733982,-0.144409,0.01123294,0.007715656,0.9894243,343.3851,1.195923,0.7189506,0.3520706,0.02752378,-0.9355685,0,0,0,1.384857,0.4775201,-2.694845,-0.04101124,0.05701815,1.100598,0.9996285,0.01202385,-0.02445664,-0.01851237,0.958173,-0.2855902,0.01999989,0.2859369,0.9580398,moving,-5.925231,16.20121,-2.134007,2.965642,-0.9829621842725904,3.744182615550556,13.76784804175293,1.3896149315097277,13.674083345821048
2533,05/15/2023 18:38:33.083200,2716,True,True,True,True,Eyes,1.402196,0.1101196,-3.722653,-0.09632722,0.2794251,0.9553233,0.0,0.0,0.0,0.0,0.0,0.0,0.0,-1.510534,-1.140018,3.514043,1.405169,0.1085043,-3.73411,-0.1439243,0.01305261,0.007727541,0.9894724,343.4399,1.411197,0.6895352,0.3520959,0.02753731,-0.9355585,0,0,0,1.388089,0.4797681,-2.694606,-0.04195368,0.06030314,1.101499,0.9995399,0.01153521,-0.02805473,-0.01904957,0.9584522,-0.2846165,0.02360609,0.28502,0.9582309,moving,-5.757791,16.30381,-2.181217,3.133612,-0.9785262172698947,3.760394499116359,13.647197402275676,1.356215845675939,13.558708727939251
2534,05/15/2023 18:38:33.093384,2717,True,True,True,True,Eyes,1.402392,0.1101756,-3.722804,-0.09344342,0.2811936,0.9550908,0.0,0.0,0.0,0.0,0.0,0.0,0.0,-1.524662,-1.138762,3.508672,1.405395,0.1087999,-3.734324,-0.1437731,0.01498604,0.007587973,0.9894682,343.4564,1.642379,0.6399676,0.3521218,0.02755075,-0.9355484,0,0,0,1.391548,0.4821736,-2.694351,-0.04295284,0.06250836,1.102449,0.9994357,0.01070694,-0.03183835,-0.01932529,0.9585435,-0.2842904,0.02747464,0.2847452,0.9582096,moving,-5.587875,16.40525,-2.23119,3.245171,-0.9738220461706332,3.776461274118682,13.581421629397491,1.3650067863165194,13.4983298724233
2535,05/15/2023 18:38:33.118503,2718,True,True,True,True,Eyes,1.402601,0.110226,-3.722951,-0.09049226,0.2830187,0.9548359,0.0,0.0,0.0,0.0,0.0,0.0,0.0,-1.538725,-1.142733,3.501632,1.405566,0.1088467,-3.734632,-0.1443979,0.01691127,0.007482118,0.9893469,343.383,1.871934,0.5932107,0.3521481,0.02756411,-0.9355381,0,0,0,1.394973,0.4845556,-2.694098,-0.04392657,0.06316927,1.103657,0.9993161,0.009920921,-0.03562314,-0.01968876,0.9581865,-0.2854662,0.03130153,0.2859723,0.9577265,moving,-5.413899,16.51012,-2.279221,3.275825,-0.9690816196573938,3.793056586998983,13.600469488613582,1.4085431163134463,13.522863274436217
2536,05/15/2023 18:38:33.132821,2719,True,True,True,True,Eyes,1.402813,0.110286,-3.723108,-0.08751313,0.2847966,0.9545849,0.0,0.0,0.0,0.0,0.0,0.0,0.0,-1.552226,-1.145709,3.494836,1.405753,0.1087503,-3.734697,-0.1449301,0.0187529,0.007430325,0.9892364,343.3204,2.090808,0.5541689,0.3521752,0.02757725,-0.9355274,0,0,0,1.39798,0.4866462,-2.693876,-0.04512534,0.06398073,1.104557,0.9991863,0.009264979,-0.03925591,-0.02013642,0.9578801,-0.2864615,0.03494844,0.2870189,0.9572873,moving,-5.238043,16.61226,-2.33945,3.315117,-0.9639976005281105,3.809275898297148,13.609403122183497,1.4615273928254748,13.537351763201801
2537,05/15/2023 18:38:33.152957,2720,True,True,True,True,Eyes,1.403028,0.1103594,-3.723268,-0.08446903,0.2867029,0.9542885,0.0,0.0,0.0,0.0,0.0,0.0,0.0,-1.5667,-1.146554,3.488593,1.405981,0.1090298,-3.73507,-0.1452495,0.02066451,0.00772629,0.9891491,343.2817,2.312012,0.555293,0.3522029,0.02759042,-0.9355166,0,0,0,1.401408,0.4890305,-2.693623,-0.04595515,0.06509508,1.10575,0.9990265,0.009281884,-0.04312503,-0.0212879,0.9576858,-0.2870274,0.03863609,0.2876661,0.9569511,moving,-5.058364,16.72217,-2.379853,3.369092,-0.9592230436726988,3.826645542267187,13.619071673620232,1.4924961362950862,13.552353411577872
2538,05/15/2023 18:38:33.162825,2721,True,True,True,True,Eyes,1.403251,0.1104321,-3.723432,-0.08138443,0.2886413,0.9539722,0.0,0.0,0.0,0.0,0.0,0.0,0.0,-1.581019,-1.157799,3.478773,1.406258,0.1093874,-3.735299,-0.1469554,0.02257788,0.007840103,0.9888544,343.0828,2.536948,0.5311815,0.3522313,0.02760397,-0.9355055,0,0,0,1.404723,0.4913358,-2.693378,-0.04707083,0.06298932,1.106934,0.9988576,0.008869561,-0.04695672,-0.02214132,0.9566853,-0.2902811,0.04234824,0.2909891,0.9557888,moving,-4.87616,16.83413,-2.434956,3.256865,-0.954419643066706,3.844331936797608,13.794984662907058,1.5928293398954185,13.733651902168864
2539,05/15/2023 18:38:33.182914,2722,True,True,True,True,Eyes,1.403474,0.1105124,-3.723588,-0.0778836,0.290758,0.9536215,0.0,0.0,0.0,0.0,0.0,0.0,0.0,-1.597096,-1.165942,3.469105,1.406651,0.1094255,-3.73553,-0.1483356,0.02470368,0.008068829,0.9885955,342.9212,2.785269,0.5169655,0.3522603,0.02761782,-0.9354942,0,0,0,1.408105,0.493688,-2.693128,-0.04864478,0.06196052,1.108176,0.9986492,0.008624747,-0.05123763,-0.02328248,0.9558629,-0.2928892,0.04645008,0.2936865,0.9547726,moving,-4.669064,16.9564,-2.513456,3.200198,-0.9485827181799664,3.863717916675518,13.924070500915597,1.6997314693737036,13.868738169091987
2540,05/15/2023 18:38:33.202998,2723,True,True,True,True,Eyes,1.403707,0.1105932,-3.723737,-0.07431984,0.2928757,0.9532577,0.0,0.0,0.0,0.0,0.0,0.0,0.0,-1.614738,-1.175164,3.457949,1.407056,0.1096525,-3.735501,-0.1496867,0.027134,0.007838163,0.98833,342.7642,3.078243,0.4421398,0.35229,0.02763215,-0.9354826,0,0,0,1.411303,0.4959117,-2.692892,-0.05128047,0.06075944,1.109021,0.9984046,0.007370188,-0.05598111,-0.02361657,0.955065,-0.2954543,0.0512881,0.296305,0.9537153,moving,-4.457993,17.07888,-2.647438,3.135905,-0.942472043912834,3.88316882320549,14.060037740299633,1.861534886293542,14.010884850819538
2541,05/15/2023 18:38:33.218348,2724,True,True,True,True,Eyes,1.403971,0.1106752,-3.723895,-0.07054433,0.295119,0.9528527,0.0,0.0,0.0,0.0,0.0,0.0,0.0,-1.633758,-1.181545,3.446965,1.407457,0.1097317,-3.735479,-0.1507591,0.02972701,0.007815285,0.9880926,342.6389,3.387074,0.3890741,0.3523206,0.02764692,-0.9354706,0,0,0,1.414546,0.4981676,-2.692652,-0.0541271,0.06035623,1.109886,0.9981105,0.006481224,-0.06110257,-0.02440767,0.9544212,-0.2974633,0.05638966,0.2983926,0.952776,moving,-4.234161,17.20888,-2.791998,3.112712,-0.9360006364482506,3.9038122392355774,14.169748988701,2.017564324136812,14.126769297064998
2542,05/15/2023 18:38:33.233238,2725,True,True,True,True,Eyes,1.404236,0.1107481,-3.724054,-0.06673242,0.2973334,0.9524388,0.0,0.0,0.0,0.0,0.0,0.0,0.0,-1.652611,-1.1866,3.436664,1.407758,0.1098127,-3.735767,-0.1515404,0.03235671,0.007568729,0.9878923,342.5483,3.704457,0.309161,0.3523527,0.0276621,-0.9354581,0,0,0,1.418033,0.5005923,-2.692395,-0.05683249,0.06064618,1.111096,0.9977915,0.005147485,-0.0662237,-0.02476087,0.9539565,-0.2989213,0.06163588,0.2999009,0.9519772,moving,-4.007867,17.33738,-2.928124,3.124236,-0.92923631402439,3.924261550049324,14.25409791290859,2.1530426985725697,14.216892647623396
2543,05/15/2023 18:38:33.253222,2726,True,True,True,True,Eyes,1.404494,0.1108165,-3.724219,-0.06280175,0.2995545,0.95201,0.0,0.0,0.0,0.0,0.0,0.0,0.0,-1.669139,-1.19162,3.427232,1.408007,0.1096601,-3.73596,-0.1523061,0.03468677,0.007262826,0.9876978,342.4602,3.987617,0.2271952,0.352386,0.02767742,-0.935445,0,0,0,1.421417,0.5029459,-2.692145,-0.05896896,0.06114259,1.112289,0.9974881,0.00378093,-0.0707324,-0.02491297,0.9535002,-0.300361,0.06630778,0.3013687,0.9511993,moving,-3.774193,17.46643,-3.034744,3.146386,-0.9219758647344788,3.9448544198740487,14.339122880620591,2.2586148434227353,14.307270904834487
2544,05/15/2023 18:38:33.263237,2727,True,True,True,True,Eyes,1.40475,0.1108851,-3.724381,-0.05887032,0.3016968,0.9515846,0.0,0.0,0.0,0.0,0.0,0.0,0.0,-1.683607,-1.193442,3.419889,1.408165,0.1096115,-3.736246,-0.1524705,0.03679335,0.006697841,0.9876003,342.4431,4.248519,0.120778,0.3524203,0.02769276,-0.9354316,0,0,0,1.424968,0.5054154,-2.691883,-0.06048071,0.06295013,1.113561,0.9972028,0.002009776,-0.07471679,-0.02444938,0.9534158,-0.3006669,0.07063198,0.3016527,0.950798,moving,-3.540124,17.59105,-3.108845,3.235515,-0.914351373797463,3.964813938434143,14.362011931204695,2.312504965842177,14.335025535228874
2545,05/15/2023 18:38:33.282981,2728,True,True,True,True,Eyes,1.405031,0.1109559,-3.724554,-0.05503064,0.3038116,0.9511415,0.0,0.0,0.0,0.0,0.0,0.0,0.0,-1.696791,-1.194839,3.413074,1.40833,0.1096821,-3.73636,-0.1525998,0.03870344,0.006247832,0.9875103,342.43,4.483986,0.03169153,0.3524554,0.02770811,-0.935418,0,0,0,1.428103,0.5075954,-2.691651,-0.06192794,0.06451482,1.114516,0.9969261,0.0005273308,-0.07834686,-0.02415185,0.9533485,-0.3009042,0.07453325,0.3018714,0.9504308,moving,-3.311297,17.71441,-3.180363,3.312924,-0.9070134900285504,3.9845465220356537,14.402081194068863,2.370484086973157,14.379421435196242
2546,05/15/2023 18:38:33.303269,2729,True,True,True,True,Eyes,1.405316,0.1110342,-3.72473,-0.05120377,0.3059094,0.9506828,0.0,0.0,0.0,0.0,0.0,0.0,0.0,-1.708905,-1.194097,3.407772,1.40855,0.1098013,-3.736718,-0.1526294,0.04035375,0.006346274,0.9874389,342.4261,4.678422,0.01290866,0.3524917,0.02772352,-0.9354038,0,0,0,1.431339,0.5098462,-2.691412,-0.06253091,0.06626192,1.115759,0.9966626,0.0002147779,-0.08163104,-0.02485147,0.953328,-0.3009122,0.07775652,0.3019366,0.9501517,moving,-3.082972,17.83707,-3.207694,3.398651,-0.8996592093948116,4.0041740948410345,14.438957676953175,2.3861439212733586,14.420062612395604
2547,05/15/2023 18:38:33.318594,2730,True,True,True,True,Eyes,1.405614,0.1111093,-3.724909,-0.0474177,0.3080078,0.9502014,0.0,0.0,0.0,0.0,0.0,0.0,0.0,-1.722704,-1.198911,3.399541,1.40892,0.1100445,-3.736952,-0.1535123,0.04220137,0.006573743,0.9872233,342.3226,4.895315,0.001361826,0.3525292,0.02773917,-0.9353892,0,0,0,1.434641,0.5121425,-2.691168,-0.06361324,0.06604515,1.116959,0.9963517,2.263568e-05,-0.08534264,-0.02593637,0.9527815,-0.302547,0.08130607,0.3036567,0.9493061,moving,-2.856849,17.9601,-3.259598,3.383927,-0.8924933808925098,4.023835609965253,14.58173604489294,2.4520740826711735,14.56609429483052
2548,05/15/2023 18:38:33.335050,2731,True,True,True,True,Eyes,1.405909,0.1111884,-3.725085,-0.043611,0.3100602,0.9497162,0.0,0.0,0.0,0.0,0.0,0.0,0.0,-1.739504,-1.202718,3.389971,1.409266,0.1100206,-3.737134,-0.1543213,0.04448232,0.006788796,0.9869956,342.2278,5.164054,359.9803,0.352568,0.02775495,-0.9353741,0,0,0,1.438075,0.5145306,-2.690915,-0.06549966,0.06634769,1.118186,0.9959505,-0.0003281081,-0.08990304,-0.02713017,0.9522776,-0.304025,0.0857124,0.3052329,0.9484125,moving,-2.629177,18.08065,-3.352367,3.395669,-0.8850269982374045,4.043154167711832,14.702777654118998,2.5508829308113423,14.690074846647377
2549,05/15/2023 18:38:33.353152,2732,True,True,True,True,Eyes,1.40619,0.1112669,-3.725268,-0.03985614,0.3121432,0.9491986,0.0,0.0,0.0,0.0,0.0,0.0,0.0,-1.754855,-1.205537,3.381258,1.409451,0.1101885,-3.737251,-0.1548057,0.04665154,0.006659729,0.9868205,342.1725,5.425511,359.9218,0.3526079,0.02777095,-0.9353586,0,0,0,1.441378,0.5168278,-2.69067,-0.06726331,0.0671199,1.11923,0.9955586,-0.001299937,-0.09413531,-0.02758776,0.9519817,-0.3049096,0.09001145,0.3061523,0.9477177,moving,-2.404394,18.20341,-3.439217,3.431902,-0.8779383766435175,4.06276515993792,14.80771107347091,2.6378279915547442,14.797441244823833
2550,05/15/2023 18:38:33.363447,2733,True,True,True,True,Eyes,1.406467,0.1113473,-3.72545,-0.0361091,0.3142039,0.9486686,0.0,0.0,0.0,0.0,0.0,0.0,0.0,-1.768289,-1.212715,3.372145,1.409623,0.1102219,-3.737606,-0.1560338,0.04849678,0.006831676,0.9865369,342.0294,5.644392,359.9003,0.3526485,0.02778713,-0.9353428,0,0,0,1.444571,0.5190482,-2.690435,-0.06833053,0.06618682,1.12066,0.9952028,-0.001654875,-0.09781959,-0.02861366,0.9512136,-0.3072035,0.09355578,0.3085288,0.9466031,moving,-2.179793,18.32513,-3.489202,3.379994,-0.8707843101034686,4.08222506371408,15.002387876194144,2.710948111935766,14.993920531651833
2551,05/15/2023 18:38:33.382903,2734,True,True,True,True,Eyes,1.406751,0.1114327,-3.72564,-0.03251801,0.3162521,0.9481177,0.0,0.0,0.0,0.0,0.0,0.0,0.0,-1.781279,-1.217412,3.363816,1.409752,0.1103373,-3.737742,-0.1568317,0.05032179,0.006838183,0.9863189,341.9371,5.863355,359.8617,0.3526896,0.02780352,-0.9353268,0,0,0,1.447925,0.5213806,-2.690187,-0.06920326,0.06630333,1.121874,0.9948419,-0.002294842,-0.1014116,-0.02927335,0.9507141,-0.3086838,0.0971218,0.3100602,0.9457431,moving,-1.964329,18.44652,-3.529841,3.382276,-0.8642710453192829,4.101557677692671,15.145371408905097,2.7609109574850366,15.13829421385287
2552,05/15/2023 18:38:33.393029,2735,True,True,True,True,Eyes,1.407036,0.1115268,-3.725831,-0.02895593,0.3183171,0.947542,0.0,0.0,0.0,0.0,0.0,0.0,0.0,-1.792084,-1.224922,3.355795,1.409928,0.1105185,-3.73808,-0.1580951,0.05178672,0.007077144,0.9860395,341.7895,6.036188,359.8542,0.3527312,0.02782021,-0.9353107,0,0,0,1.451399,0.5237967,-2.68993,-0.06914616,0.06530032,1.123429,0.994536,-0.002417769,-0.1043653,-0.03033116,0.9499117,-0.3110431,0.09988987,0.3125091,0.9446483,moving,-1.750356,18.56925,-3.522068,3.326627,-0.857967833983018,4.121069883289326,15.345244192617887,2.7800304295782032,15.339123496756146
2553,05/15/2023 18:38:33.418751,2736,True,True,True,True,Eyes,1.407306,0.111626,-3.726021,-0.0254675,0.3203898,0.9469434,0.0,0.0,0.0,0.0,0.0,0.0,0.0,-1.802702,-1.23349,3.347291,1.410193,0.1107998,-3.73827,-0.159394,0.05326569,0.007065958,0.9857518,341.6393,6.215764,359.8159,0.3527732,0.0278374,-0.9352943,0,0,0,1.454763,0.5261365,-2.689682,-0.06943208,0.06408726,1.124766,0.9942256,-0.003049887,-0.1072661,-0.03091101,0.9490873,-0.313493,0.102761,0.3149985,0.9435126,moving,-1.540566,18.69279,-3.532401,3.261091,-0.8520307210962862,4.140661967312969,15.559715315320712,2.8209980359032945,15.554162251514038
2554,05/15/2023 18:38:33.433124,2737,True,True,True,True,Eyes,1.407573,0.111726,-3.726207,-0.02200345,0.3225026,0.9463128,0.0,0.0,0.0,0.0,0.0,0.0,0.0,-1.814171,-1.242666,3.337973,1.410403,0.1109934,-3.738441,-0.1607709,0.05489346,0.006973348,0.9854395,341.4806,6.41517,359.7639,0.3528155,0.02785517,-0.9352778,0,0,0,1.457829,0.5282688,-2.689456,-0.07033446,0.06259787,1.125999,0.9938762,-0.003906915,-0.1104305,-0.03139415,0.9482082,-0.3160944,0.1059462,0.3176256,0.9422788,moving,-1.331988,18.81907,-3.574283,3.18198,-0.8463892831820451,4.160637328396272,15.797039929528728,2.8981328983810606,15.791619709518116
2555,05/15/2023 18:38:33.443078,2738,True,True,True,True,Eyes,1.407837,0.1118264,-3.726393,-0.01863473,0.3245791,0.945675,0.0,0.0,0.0,0.0,0.0,0.0,0.0,-1.824531,-1.253428,3.328467,1.410566,0.1110888,-3.738536,-0.1623887,0.05637312,0.006891207,0.9850912,341.294,6.59765,359.7138,0.3528578,0.02787348,-0.9352613,0,0,0,1.461141,0.5305721,-2.689211,-0.07062748,0.06080705,1.127351,0.9935492,-0.004731781,-0.1133035,-0.03188565,0.9471648,-0.3191584,0.1088274,0.3207123,0.940904,moving,-1.128879,18.94349,-3.584841,3.087427,-0.8410055853789297,4.180297521886357,16.04513892758218,2.95347232256152,16.03957518037342
2556,05/15/2023 18:38:33.462904,2739,True,True,True,True,Eyes,1.408094,0.1119243,-3.726576,-0.01528915,0.32664,0.9450251,0.0,0.0,0.0,0.0,0.0,0.0,0.0,-1.835209,-1.263601,3.318955,1.410736,0.1111698,-3.738663,-0.1638885,0.05791867,0.006716421,0.9847543,341.1218,6.789937,359.6514,0.3529001,0.02789229,-0.9352448,0,0,0,1.464429,0.5328584,-2.688968,-0.07115135,0.05926391,1.128712,0.9932007,-0.005756357,-0.1162728,-0.03221242,0.9461909,-0.3220018,0.1118698,0.3235578,0.939572,moving,-0.9268827,19.06728,-3.607019,3.0056,-0.8356552874866586,4.199857429712378,16.283755556043502,3.0177322007525698,16.277701023576213
2557,05/15/2023 18:38:33.482928,2740,True,True,True,True,Eyes,1.408359,0.1120293,-3.726768,-0.01208813,0.3286409,0.9443776,0.0,0.0,0.0,0.0,0.0,0.0,0.0,-1.844732,-1.269697,3.311506,1.410816,0.1112032,-3.73878,-0.1647878,0.05931544,0.00652376,0.9845223,341.0194,6.963468,359.5938,0.3529423,0.02791149,-0.9352283,0,0,0,1.4678,0.535203,-2.688719,-0.07116365,0.05918592,1.130081,0.9928782,-0.006703363,-0.1189449,-0.0323945,0.9456048,-0.3237007,0.1146448,0.3252486,0.9386532,moving,-0.733352,19.18776,-3.603281,2.998022,-0.8306713446475958,4.218867546592052,16.44214429366453,3.0294930515825618,16.435473260042237
2558,05/15/2023 18:38:33.502991,2741,True,True,True,True,Eyes,1.408617,0.1121326,-3.726956,-0.008954418,0.3306724,0.9437031,0.0,0.0,0.0,0.0,0.0,0.0,0.0,-1.8505,-1.279692,3.304824,1.410782,0.1114597,-3.73913,-0.1660818,0.0602282,0.006144295,0.9842519,340.8724,7.084167,359.5203,0.3529844,0.02793121,-0.9352118,0,0,0,1.471101,0.5374985,-2.688475,-0.07020447,0.05785185,1.131701,0.9926696,-0.007910544,-0.1206004,-0.03210066,0.9447582,-0.3261925,0.1165186,0.3276727,0.9375788,moving,-0.5436402,19.3104,-3.549765,2.926378,-0.8261291369240239,4.238154783676301,16.6575197196239,3.023069738663956,16.650164200144427
2559,05/15/2023 18:38:33.518860,2742,True,True,True,True,Eyes,1.408884,0.1122373,-3.727148,-0.006192005,0.3327286,0.9430023,0.0,0.0,0.0,0.0,0.0,0.0,0.0,-1.856758,-1.288708,3.297904,1.410872,0.1115026,-3.739184,-0.1675574,0.0610781,0.006367887,0.983948,340.7001,7.186029,359.5182,0.3530264,0.02795136,-0.9351953,0,0,0,1.474583,0.53992,-2.688218,-0.06873479,0.05650119,1.133231,0.9924579,-0.007936836,-0.1223292,-0.03299952,0.943768,-0.3289577,0.1180613,0.3305134,0.936388,moving,-0.3762139,19.43486,-3.470955,2.854317,-0.8233485192028932,4.2575088774796015,16.86688556464643,2.996459164110796,16.85890441472428
2560,05/15/2023 18:38:33.532917,2743,True,True,True,True,Eyes,1.40915,0.1123483,-3.727334,-0.003477919,0.3348116,0.9422787,0.0,0.0,0.0,0.0,0.0,0.0,0.0,-1.861464,-1.294843,3.293125,1.410933,0.1116247,-3.739404,-0.1686083,0.06169048,0.006654946,0.9837283,340.5763,7.256906,359.5316,0.3530685,0.02797192,-0.9351788,0,0,0,1.477851,0.5421928,-2.687977,-0.06689227,0.05585447,1.1348,0.9923,-0.007709746,-0.1236175,-0.03389637,0.9430539,-0.3309084,0.1191293,0.3325506,0.9355311,moving,-0.2114758,19.5612,-3.373471,2.817805,-0.820906056873484,4.277109723837446,17.03935121331936,2.9402649652527506,17.03072657252907
2561,05/15/2023 18:38:33.542991,2744,True,True,True,True,Eyes,1.409362,0.112473,-3.727523,-0.0008628964,0.3368434,0.9415603,0.0,0.0,0.0,0.0,0.0,0.0,0.0,-1.867947,-1.303862,3.286023,1.411328,0.1116571,-3.739373,-0.170112,0.06252447,0.006913893,0.9834149,340.4004,7.356432,359.5333,0.3531106,0.02799302,-0.9351623,0,0,0,1.481157,0.5444919,-2.687733,-0.06584454,0.05435729,1.136169,0.9920858,-0.007673876,-0.1253273,-0.03487077,0.9420282,-0.3337168,0.1206228,0.3354459,0.9343052,moving,-0.05250892,19.68468,-3.316759,2.739091,-0.8186676768252071,4.296249013404873,17.25712360567951,2.9436714044934087,17.247516296170353
2562,05/15/2023 18:38:33.562800,2745,True,True,True,True,Eyes,1.409577,0.1125902,-3.7277,0.00169661,0.3388913,0.940824,0.0,0.0,0.0,0.0,0.0,0.0,0.0,-1.873716,-1.311023,3.280199,1.411174,0.112093,-3.739695,-0.1711375,0.06338713,0.006880228,0.983182,340.282,7.464056,359.5029,0.3531516,0.02801496,-0.9351462,0,0,0,1.484445,0.5467787,-2.68749,-0.06450182,0.05343197,1.137735,0.9918694,-0.008166806,-0.1269972,-0.0352249,0.9413292,-0.3356464,0.1222875,0.3373909,0.933388,moving,0.1033227,19.80937,-3.244807,2.688832,-0.8167493224310464,4.315534837318045,17.444850068070693,2.9226060642071,17.43423763749048
2563,05/15/2023 18:38:33.582886,2746,True,True,True,True,Eyes,1.409755,0.1127056,-3.727874,0.004162049,0.3408836,0.9400963,0.0,0.0,0.0,0.0,0.0,0.0,0.0,-1.878579,-1.319279,3.274134,1.411249,0.112215,-3.739691,-0.1723858,0.06408724,0.006881338,0.9829184,340.1375,7.552312,359.478,0.3531917,0.02803747,-0.9351304,0,0,0,1.487719,0.5490558,-2.687248,-0.06299645,0.05238609,1.139124,0.991691,-0.008567863,-0.1283576,-0.03562304,0.9404716,-0.3380003,0.1236126,0.3397643,0.9323519,moving,0.2536616,19.9309,-3.165378,2.633066,-0.8149920533473113,4.3343184140145965,17.632495367301935,2.9014778776363177,17.620843687491064
2564,05/15/2023 18:38:33.592980,2747,True,True,True,True,Eyes,1.409927,0.1128236,-3.728045,0.00656445,0.3428596,0.9393637,0.0,0.0,0.0,0.0,0.0,0.0,0.0,-1.882978,-1.325245,3.269371,1.411226,0.1122694,-3.739854,-0.1733631,0.06469965,0.00702533,0.9827053,340.0233,7.626253,359.4742,0.3532302,0.02806046,-0.9351152,0,0,0,1.491093,0.5514022,-2.686999,-0.06104416,0.05201733,1.14074,0.9915292,-0.00862539,-0.1295972,-0.03624071,0.9397918,-0.3398206,0.1247254,0.3416387,0.9315184,moving,0.4003872,20.05165,-3.063134,2.610858,-0.8134390407986049,4.35295828881699,17.78137240738502,2.8453542531207616,17.76873916833608
2565,05/15/2023 18:38:33.619174,2748,True,True,True,True,Eyes,1.410061,0.112939,-3.728211,0.008854878,0.344724,0.9386624,0.0,0.0,0.0,0.0,0.0,0.0,0.0,-1.88607,-1.331225,3.265277,1.411256,0.1124344,-3.739943,-0.1742235,0.06515893,0.006970395,0.9825231,339.924,7.68563,359.4505,0.3532673,0.02808396,-0.9351005,0,0,0,1.494365,0.5536778,-2.686757,-0.05898717,0.05177923,1.142208,0.9914114,-0.009007287,-0.1304692,-0.0364016,0.9391951,-0.341449,0.1256115,0.3432657,0.9308009,moving,0.5404841,20.16577,-2.956305,2.595587,-0.8118672803803525,4.370587183133055,17.914766665055055,2.783745459529282,17.90115931435312
2566,05/15/2023 18:38:33.633057,2749,True,True,True,True,Eyes,1.41019,0.1130519,-3.728369,0.01108693,0.3465643,0.9379607,0.0,0.0,0.0,0.0,0.0,0.0,0.0,-1.890071,-1.336153,3.261132,1.411284,0.1124754,-3.740092,-0.1750452,0.06570801,0.007107062,0.9823396,339.8279,7.751711,359.4482,0.3533021,0.02810785,-0.9350866,0,0,0,1.497686,0.5559872,-2.686512,-0.05699605,0.0517436,1.143798,0.9912639,-0.009040642,-0.1315832,-0.03696685,0.9386173,-0.3429736,0.126607,0.3448416,0.9300832,moving,0.6772188,20.27861,-2.85272,2.590205,-0.8104436401788305,4.388002696077958,18.037187679230108,2.7208398126144107,18.02251639348052
2567,05/15/2023 18:38:33.642799,2750,True,True,True,True,Eyes,1.410286,0.1131684,-3.728524,0.01324964,0.3482768,0.9372981,0.0,0.0,0.0,0.0,0.0,0.0,0.0,-1.893246,-1.340411,3.2575,1.411295,0.1125154,-3.74005,-0.1757321,0.06615987,0.007163446,0.9821863,339.7479,7.807364,359.4393,0.3533349,0.02813204,-0.9350735,0,0,0,1.501117,0.5583732,-2.686258,-0.05467319,0.05214851,1.145262,0.9911432,-0.009181155,-0.1324804,-0.0373245,0.9381338,-0.3442554,0.127445,0.3461511,0.9294823,moving,0.8098785,20.38382,-2.733144,2.607112,-0.8087394950280283,4.4042857987040165,18.126344246779883,2.6330906481746204,18.11065326595081
2568,05/15/2023 18:38:33.663008,2751,True,True,True,True,Eyes,1.410384,0.1132863,-3.728673,0.0153771,0.3499941,0.9366257,0.0,0.0,0.0,0.0,0.0,0.0,0.0,-1.897076,-1.341995,3.254845,1.411333,0.1127157,-3.740227,-0.1760905,0.06665629,0.007407328,0.9820868,339.7047,7.863257,359.4547,0.3533653,0.0281566,-0.9350613,0,0,0,1.504345,0.560618,-2.68602,-0.05259478,0.0529602,1.146757,0.9910041,-0.008925794,-0.1335333,-0.03802434,0.9378745,-0.3448848,0.1283158,0.3468598,0.9290982,moving,0.9405721,20.48948,-2.62597,2.64419,-0.8072126672867496,4.420616405136445,18.198203145782617,2.5423550122207974,18.18132974157818
2569,05/15/2023 18:38:33.682774,2752,True,True,True,True,Eyes,1.410475,0.1133944,-3.728819,0.01750911,0.3516216,0.9359785,0.0,0.0,0.0,0.0,0.0,0.0,0.0,-1.902647,-1.347458,3.249392,1.411477,0.1128511,-3.740222,-0.1770679,0.06739372,0.007672064,0.9818586,339.5894,7.949983,359.462,0.3533935,0.02818155,-0.9350499,0,0,0,1.507647,0.5629147,-2.685776,-0.05108738,0.0524933,1.148171,0.9907985,-0.008800778,-0.1350592,-0.03893228,0.9371762,-0.3466772,0.1296252,0.3487454,0.9282101,moving,1.071693,20.58983,-2.547671,2.617687,-0.8052528464838143,4.43618744440346,18.332968111490974,2.5185243473110073,18.314632157249303
2570,05/15/2023 18:38:33.702597,2753,True,True,True,True,Eyes,1.410566,0.1135129,-3.728965,0.01962665,0.3531894,0.9353459,0.0,0.0,0.0,0.0,0.0,0.0,0.0,-1.909037,-1.349198,3.245072,1.411543,0.1127214,-3.740333,-0.1775395,0.06825754,0.00792682,0.9817117,339.533,8.050406,359.4696,0.3534196,0.02820658,-0.9350392,0,0,0,1.511063,0.56529,-2.685524,-0.04967827,0.05347134,1.14979,0.9905562,-0.008673121,-0.1368331,-0.03980049,0.9368338,-0.3475031,0.1312038,0.3496674,0.9276412,moving,1.202079,20.68669,-2.474004,2.662639,-0.8030824538487084,4.451250380687905,18.3951080636535,2.447674301151793,18.375116193799116
2571,05/15/2023 18:38:33.719393,2754,True,True,True,True,Eyes,1.410634,0.1136331,-3.729108,0.02178336,0.3546964,0.9347278,0.0,0.0,0.0,0.0,0.0,0.0,0.0,-1.915266,-1.349683,3.241402,1.411655,0.1130877,-3.740456,-0.1776179,0.06915557,0.007880644,0.9816351,339.5248,8.160048,359.4438,0.3534438,0.02823196,-0.9350293,0,0,0,1.514381,0.5675979,-2.685279,-0.04861975,0.05486079,1.151155,0.9903108,-0.009094699,-0.1385706,-0.04003836,0.9367796,-0.3476219,0.1329716,0.3498019,0.9273388,moving,1.335008,20.77999,-2.418485,2.728489,-0.8004573446132025,4.465823798900532,18.43760825199543,2.374098923184804,18.415644382006334
2572,05/15/2023 18:38:33.732801,2755,True,True,True,True,Eyes,1.410698,0.1137551,-3.729243,0.02394116,0.356181,0.9341103,0.0,0.0,0.0,0.0,0.0,0.0,0.0,-1.921666,-1.356231,3.235102,1.41174,0.1132355,-3.740618,-0.1786958,0.07005218,0.008006067,0.9813749,339.3991,8.269591,359.4294,0.3534659,0.0282577,-0.9350201,0,0,0,1.51775,0.5699409,-2.68503,-0.04745984,0.05411191,1.15278,0.9900572,-0.009322175,-0.1403563,-0.04074998,0.9360074,-0.3496134,0.1346337,0.3518568,0.926321,moving,1.468164,20.8721,-2.357529,2.687511,-0.7977256363631758,4.480228140935152,18.58265869107997,2.376304122080222,18.55874531422349
2573,05/15/2023 18:38:33.742873,2756,True,True,True,True,Eyes,1.410757,0.1138814,-3.729381,0.02613322,0.3576033,0.9335078,0.0,0.0,0.0,0.0,0.0,0.0,0.0,-1.928479,-1.360055,3.22934,1.411719,0.113389,-3.740536,-0.1792019,0.0711174,0.007717045,0.9812081,339.3434,8.406473,359.3665,0.3534861,0.02828381,-0.9350117,0,0,0,1.521085,0.57226,-2.684784,-0.04676175,0.05478443,1.154101,0.9897655,-0.01034468,-0.1423277,-0.0406328,0.9356543,-0.3505711,0.1367961,0.3527664,0.925658,moving,1.603556,20.96058,-2.320236,2.717754,-0.7945562837955559,4.49413021951008,18.660033336667436,2.3416257321951766,18.633715738055912
2574,05/15/2023 18:38:33.762952,2757,True,True,True,True,Eyes,1.410822,0.1139942,-3.729509,0.02831933,0.3590351,0.9328943,0.0,0.0,0.0,0.0,0.0,0.0,0.0,-1.934056,-1.364406,3.224424,1.41166,0.1136189,-3.740774,-0.1799311,0.07191437,0.007834985,0.9810157,339.2582,8.503064,359.3563,0.3535044,0.02831038,-0.935004,0,0,0,1.524492,0.5746292,-2.684532,-0.04520512,0.05475329,1.155798,0.9895339,-0.01050678,-0.1439178,-0.04125176,0.9351268,-0.3519036,0.1382788,0.3541574,0.9249063,moving,1.738761,21.0498,-2.239788,2.712228,-0.791456559889197,4.50813703727073,18.764205258965408,2.307152624029046,18.735776426191954
2575,05/15/2023 18:38:33.783045,2758,True,True,True,True,Eyes,1.410878,0.1140997,-3.729636,0.0305817,0.360374,0.9323065,0.0,0.0,0.0,0.0,0.0,0.0,0.0,-1.943366,-1.367223,3.217556,1.411858,0.1133947,-3.740648,-0.1808002,0.07311913,0.008445931,0.9807618,339.1527,8.638772,359.3947,0.3535212,0.028337,-0.9349968,0,0,0,1.52768,0.5768467,-2.684296,-0.04474127,0.05478206,1.157186,0.9891645,-0.009873023,-0.146479,-0.04300681,0.9344799,-0.3534088,0.1403709,0.355879,0.9239298,moving,1.878754,21.13353,-2.214173,2.710402,-0.787592474199767,4.52139652365357,18.87229972027026,2.305392192512087,18.841044628975467
2576,05/15/2023 18:38:33.792994,2759,True,True,True,True,Eyes,1.410935,0.114211,-3.729761,0.03286874,0.3616752,0.9317245,0.0,0.0,0.0,0.0,0.0,0.0,0.0,-1.952887,-1.36507,3.212907,1.411932,0.1133299,-3.740797,-0.1808023,0.0744119,0.008830951,0.9806608,339.1498,8.786654,359.4122,0.3535364,0.02836351,-0.9349903,0,0,0,1.531034,0.579179,-2.684049,-0.0443036,0.05670607,1.158766,0.9887699,-0.009587347,-0.149139,-0.04422799,0.9344651,-0.3532971,0.1427524,0.3559257,0.9235469,moving,2.020404,21.21513,-2.189548,2.801627,-0.7834464526170816,4.53436430830574,18.888641787415867,2.231479361577709,18.854202409225202
2577,05/15/2023 18:38:33.820010,2760,True,True,True,True,Eyes,1.410965,0.1143143,-3.729881,0.0352602,0.3629143,0.9311552,0.0,0.0,0.0,0.0,0.0,0.0,0.0,-1.964038,-1.364511,3.206478,1.41198,0.1135769,-3.740888,-0.1809977,0.07596529,0.009157163,0.9805025,339.1251,8.968166,359.4149,0.3535503,0.02839006,-0.9349842,0,0,0,1.53439,0.5815132,-2.683801,-0.04446411,0.05790445,1.160194,0.9882909,-0.009541837,-0.1522832,-0.04545633,0.934312,-0.3535461,0.1456535,0.3563286,0.9229382,moving,2.168592,21.29317,-2.194771,2.85722,-0.7785546150675168,4.546877489261113,18.945268250206144,2.2046794052576892,18.907061308032265
2578,05/15/2023 18:38:33.833087,2761,True,True,True,True,Eyes,1.410994,0.1144174,-3.729999,0.03764481,0.3640977,0.9305997,0.0,0.0,0.0,0.0,0.0,0.0,0.0,-1.973537,-1.364688,3.200621,1.411958,0.1134787,-3.740947,-0.1812951,0.07730612,0.009411485,0.9803404,339.089,9.126025,359.4125,0.3535625,0.02841645,-0.9349788,0,0,0,1.537665,0.5837907,-2.683559,-0.04420191,0.05914538,1.161729,0.9878703,-0.00957754,-0.1549853,-0.04648338,0.934087,-0.3540068,0.1481602,0.3569171,0.9223117,moving,2.316478,21.36795,-2.178962,2.914499,-0.7734380682822682,4.558919412597529,18.993125982918166,2.16324201512422,18.951171723091555
2579,05/15/2023 18:38:33.842945,2762,True,True,True,True,Eyes,1.411032,0.1145234,-3.73012,0.04003704,0.365271,0.9300399,0.0,0.0,0.0,0.0,0.0,0.0,0.0,-1.982844,-1.361619,3.196296,1.411954,0.1135798,-3.741051,-0.1812051,0.07855681,0.00992403,0.9802525,339.0954,9.265699,359.4471,0.3535731,0.0284427,-0.934974,0,0,0,1.541182,0.5862364,-2.683299,-0.04336357,0.06120881,1.163321,0.9874606,-0.009013688,-0.1576076,-0.04792589,0.9341325,-0.3536944,0.1504145,0.3568128,0.9219871,moving,2.464989,21.4423,-2.13475,3.011873,-0.7682434381655964,4.57090498651858,18.995742635402543,2.073142763662106,18.950026927453948
2580,05/15/2023 18:38:33.862773,2763,True,True,True,True,Eyes,1.411078,0.1146374,-3.730238,0.04241812,0.3664576,0.9294673,0.0,0.0,0.0,0.0,0.0,0.0,0.0,-1.992321,-1.362466,3.190275,1.41203,0.1137581,-3.741221,-0.1817785,0.07978144,0.0106377,0.98004,339.0227,9.400589,359.4996,0.3535824,0.02846888,-0.9349697,0,0,0,1.544572,0.588594,-2.683049,-0.04261386,0.06150973,1.164975,0.9870435,-0.008154368,-0.1602454,-0.04985584,0.9336869,-0.3546031,0.1525106,0.3579978,0.921183,moving,2.612996,21.51765,-2.0949,3.022364,-0.7631612118441852,4.583029903662506,19.085069792081246,2.0516350218139254,19.035567258826667
2581,05/15/2023 18:38:33.882875,2764,True,True,True,True,Eyes,1.411156,0.1147555,-3.730357,0.04488713,0.3676783,0.9288691,0.0,0.0,0.0,0.0,0.0,0.0,0.0,-2.00146,-1.36561,3.183355,1.412266,0.1140509,-3.741255,-0.1825639,0.08099371,0.0111079,0.9797894,338.9276,9.540308,359.5207,0.3535907,0.02849521,-0.9349658,0,0,0,1.5476,0.5906994,-2.682825,-0.04247582,0.06106247,1.166296,0.9866332,-0.007806258,-0.1627694,-0.05133983,0.9330941,-0.355949,0.1546577,0.3595476,0.9202209,moving,2.766637,21.59536,-2.085757,2.997036,-0.7578470622189605,4.595543304390157,19.22091004974041,2.0781170335297117,19.167039607076408
2582,05/15/2023 18:38:33.902750,2765,True,True,True,True,Eyes,1.411237,0.1148674,-3.730472,0.04737554,0.3689418,0.9282443,0.0,0.0,0.0,0.0,0.0,0.0,0.0,-2.010993,-1.369863,3.175757,1.412453,0.1143131,-3.741386,-0.1833928,0.08233139,0.01130924,0.9795208,338.83,9.701494,359.5058,0.353599,0.02852177,-0.9349619,0,0,0,1.550981,0.5930511,-2.682575,-0.04240429,0.06072903,1.167892,0.9861873,-0.008042684,-0.1654387,-0.05235323,0.9324784,-0.3574118,0.1571425,0.3611362,0.9191772,moving,2.921715,21.67594,-2.079405,2.976633,-0.7526454040515261,4.6084818203932585,19.356530772187693,2.103145643568278,19.297990799803937
2583,05/15/2023 18:38:33.919769,2766,True,True,True,True,Eyes,1.411343,0.1149808,-3.730597,0.04991372,0.3702018,0.9276094,0.0,0.0,0.0,0.0,0.0,0.0,0.0,-2.023088,-1.376802,3.16501,1.412579,0.1142044,-3.741302,-0.1847072,0.08407706,0.01147011,0.9791235,338.6766,9.915426,359.4712,0.3536072,0.02854838,-0.9349579,0,0,0,1.554337,0.595385,-2.682328,-0.04326081,0.05964258,1.169455,0.985599,-0.008597963,-0.1688808,-0.05352058,0.9315034,-0.3597735,0.1604064,0.363631,0.9176286,moving,3.080057,21.75656,-2.118535,2.919573,-0.7472089386828565,4.621454612101211,19.54117289265496,2.1856203211115615,19.477223787345785
2584,05/15/2023 18:38:33.933327,2767,True,True,True,True,Eyes,1.411445,0.1150902,-3.730715,0.05243718,0.371493,0.9269538,0.0,0.0,0.0,0.0,0.0,0.0,0.0,-2.031783,-1.37906,3.158721,1.412515,0.1143618,-3.74155,-0.1851343,0.08537728,0.01144617,0.9789305,338.628,10.07571,359.4338,0.3536158,0.02857505,-0.9349539,0,0,0,1.557692,0.5977184,-2.68208,-0.04301292,0.06030127,1.171196,0.9851594,-0.009202521,-0.171395,-0.05402254,0.9311885,-0.3605127,0.1629187,0.3644217,0.916872,moving,3.237735,21.83931,-2.103278,2.94738,-0.7419820533448854,4.634727783881358,19.63240787552737,2.168010423902287,19.563235881328293
2585,05/15/2023 18:38:33.953795,2768,True,True,True,True,Eyes,1.411549,0.1151968,-3.730832,0.05497741,0.3727676,0.9262946,0.0,0.0,0.0,0.0,0.0,0.0,0.0,-2.041355,-1.383139,3.150657,1.412545,0.1143064,-3.741456,-0.1862111,0.08666095,0.01207389,0.978606,338.4972,10.22238,359.4677,0.3536249,0.02860169,-0.9349496,0,0,0,1.561107,0.6000934,-2.681828,-0.04240316,0.05968283,1.172822,0.9846883,-0.008643302,-0.1741104,-0.05590558,0.9303593,-0.362362,0.1651173,0.3665473,0.9156306,moving,3.396633,21.92128,-2.070616,2.913168,-0.7366072416713528,4.647899494480434,19.778754597611677,2.1883493151779625,19.70452483223099
2586,05/15/2023 18:38:33.963180,2769,True,True,True,True,Eyes,1.411659,0.1152997,-3.730945,0.057506,0.3740271,0.9256331,0.0,0.0,0.0,0.0,0.0,0.0,0.0,-2.048771,-1.384581,3.145337,1.41263,0.114336,-3.741534,-0.1867541,0.0876511,0.01251919,0.9784088,338.43,10.33511,359.4923,0.3536343,0.02862823,-0.9349452,0,0,0,1.564334,0.6023375,-2.681589,-0.04144955,0.06010093,1.17444,0.9843212,-0.008240649,-0.1761932,-0.05723612,0.9299323,-0.3632492,0.1668411,0.3676384,0.9148804,moving,3.554996,22.0025,-2.021303,2.929506,-0.73121465374001,4.660958718482282,19.871442088118243,2.159225893114363,19.792040851528554
2587,05/15/2023 18:38:33.982636,2770,True,True,True,True,Eyes,1.411781,0.1154074,-3.73106,0.06003401,0.3752558,0.9249752,0.0,0.0,0.0,0.0,0.0,0.0,0.0,-2.057151,-1.386526,3.139152,1.412816,0.1143942,-3.741586,-0.1872138,0.08885249,0.01260947,0.9782113,338.3763,10.48127,359.47,0.3536442,0.02865458,-0.9349407,0,0,0,1.567676,0.6046619,-2.681342,-0.04115993,0.06081383,1.176039,0.9838926,-0.008599389,-0.1785544,-0.05793828,0.929584,-0.3640286,0.1691117,0.3685101,0.9141124,moving,3.713481,22.08204,-2.004464,2.960169,-0.725686034825089,4.673777512166105,19.9584780372569,2.1381597735400923,19.873206229042644
2588,05/15/2023 18:38:34.002869,2771,True,True,True,True,Eyes,1.411898,0.115512,-3.731168,0.062546,0.3764628,0.924318,0.0,0.0,0.0,0.0,0.0,0.0,0.0,-2.066413,-1.388958,3.132085,1.412801,0.1146135,-3.741669,-0.1876812,0.09024388,0.01258064,0.9779947,338.323,10.6534,359.4286,0.3536548,0.02868089,-0.9349359,0,0,0,1.571065,0.6070184,-2.681092,-0.04114294,0.06137308,1.177656,0.9833956,-0.009266549,-0.1812383,-0.05848168,0.929235,-0.3648318,0.1717937,0.3693731,0.9132637,moving,3.871143,22.16043,-2.000889,2.983249,-0.7201303532906557,4.686423803095464,20.056047240565253,2.130996743549841,19.96456871107831
2589,05/15/2023 18:38:34.019989,2772,True,True,True,True,Eyes,1.412009,0.1156075,-3.731277,0.06503516,0.3776384,0.9236664,0.0,0.0,0.0,0.0,0.0,0.0,0.0,-2.075035,-1.389034,3.126262,1.412803,0.1146383,-3.741597,-0.1880344,0.0914433,0.01298094,0.9778103,338.2784,10.79189,359.4447,0.353666,0.02870708,-0.9349309,0,0,0,1.574355,0.6093065,-2.680849,-0.04052645,0.06232108,1.179176,0.9829393,-0.009003168,-0.18371,-0.05977474,0.9289491,-0.3653498,0.1739466,0.3700979,0.9125625,moving,4.027538,22.23706,-1.968392,3.025347,-0.7145337971915501,4.698806024680882,20.12563273438301,2.091082375239178,20.02809864952385
2590,05/15/2023 18:38:34.033281,2773,True,True,True,True,Eyes,1.412123,0.1157,-3.731384,0.06749648,0.3787535,0.9230331,0.0,0.0,0.0,0.0,0.0,0.0,0.0,-2.082829,-1.38925,3.121153,1.412775,0.1145058,-3.741756,-0.1885934,0.09243131,0.01376306,0.977599,338.2053,10.89694,359.5092,0.3536776,0.02873294,-0.9349257,0,0,0,1.577717,0.6116447,-2.680601,-0.03917462,0.06280988,1.181069,0.9825342,-0.00795436,-0.1859128,-0.06177334,0.9284862,-0.3661931,0.1755303,0.3712817,0.9117781,moving,4.182291,22.3101,-1.899735,3.044153,-0.7087851980030017,4.710657840872813,20.20316198201373,2.048316336782287,20.100064846073124
2591,05/15/2023 18:38:34.053697,2774,True,True,True,True,Eyes,1.41223,0.115793,-3.731487,0.06995889,0.3798429,0.9224018,0.0,0.0,0.0,0.0,0.0,0.0,0.0,-2.0907,-1.385408,3.117689,1.412935,0.1145315,-3.741773,-0.1883996,0.09346673,0.01427073,0.9775307,338.2227,11.01034,359.5485,0.3536896,0.02875843,-0.9349204,0,0,0,1.581149,0.6140314,-2.680347,-0.03811288,0.06509411,1.182679,0.9821208,-0.007318032,-0.1881103,-0.06311828,0.9286039,-0.3656651,0.177356,0.3710005,0.9115391,moving,4.337253,22.38175,-1.845768,3.150354,-0.7029161755126555,4.722311673987407,20.200899504607637,1.9434920173599761,20.091454817094956
2592,05/15/2023 18:38:34.063183,2775,True,True,True,True,Eyes,1.412335,0.1158747,-3.73159,0.07240148,0.3808734,0.9217882,0.0,0.0,0.0,0.0,0.0,0.0,0.0,-2.09815,-1.386383,3.112378,1.413037,0.1146221,-3.741842,-0.188813,0.09449667,0.01458594,0.9773471,338.1716,11.13055,359.5573,0.3537018,0.0287836,-0.9349149,0,0,0,1.584396,0.6162897,-2.680108,-0.03733486,0.06575471,1.184313,0.9817153,-0.007173326,-0.19022,-0.06419544,0.9282738,-0.3663151,0.1792039,0.3718284,0.9108402,moving,4.491054,22.44991,-1.805622,3.17788,-0.6968676293603652,4.733453680210745,20.274596641360734,1.9102737314261782,20.158813386921228
2593,05/15/2023 18:38:34.083221,2776,True,True,True,True,Eyes,1.412436,0.1159586,-3.731699,0.07482352,0.3818386,0.9211952,0.0,0.0,0.0,0.0,0.0,0.0,0.0,-2.104901,-1.384205,3.108929,1.413099,0.1144352,-3.741942,-0.1886158,0.09549981,0.01456808,0.977288,338.1952,11.25211,359.534,0.3537143,0.02880821,-0.9349095,0,0,0,1.587851,0.6186922,-2.679852,-0.03640532,0.06829491,1.18611,0.9813352,-0.007551123,-0.1921572,-0.06449994,0.9284237,-0.3658813,0.1811661,0.3714463,0.9106079,moving,4.64362,22.51418,-1.758029,3.295389,-0.6906146798766887,4.744025713642477,20.256925665581193,1.7994225904209349,20.134348534221715
2594,05/15/2023 18:38:34.093148,2777,True,True,True,True,Eyes,1.412536,0.1160427,-3.731803,0.07722694,0.3827867,0.9206033,0.0,0.0,0.0,0.0,0.0,0.0,0.0,-2.111027,-1.382821,3.105671,1.413065,0.1145763,-3.742185,-0.1884519,0.09643099,0.01450753,0.9772291,338.2153,11.36605,359.5069,0.3537268,0.02883235,-0.934904,0,0,0,1.591002,0.6208839,-2.67962,-0.03556341,0.07022706,1.187794,0.9809812,-0.007990852,-0.1939382,-0.0646995,0.9285508,-0.3655234,0.1830022,0.3711193,0.9103739,moving,4.795162,22.57753,-1.714965,3.383613,-0.6843667200792262,4.754456549702801,20.26791068065522,1.715034942016469,20.13846010079311
2595,05/15/2023 18:38:34.113211,2778,True,True,True,True,Eyes,1.412632,0.1161273,-3.731911,0.07960211,0.3837093,0.9200166,0.0,0.0,0.0,0.0,0.0,0.0,0.0,-2.11819,-1.383555,3.10045,1.413118,0.114665,-3.742151,-0.1887338,0.09747711,0.01462226,0.977069,338.1818,11.49229,359.4926,0.3537394,0.02885608,-0.9348985,0,0,0,1.594491,0.6233099,-2.679362,-0.03464282,0.07139593,1.189471,0.9805688,-0.008220525,-0.1960031,-0.06536837,0.9283315,-0.3659613,0.1849642,0.3716626,0.9097556,moving,4.945057,22.63945,-1.668243,3.434959,-0.6781305489601729,4.764667432222494,20.3112828609884,1.6578441363492817,20.175078757150693
2596,05/15/2023 18:38:34.133088,2779,True,True,True,True,Eyes,1.412729,0.1162147,-3.732018,0.08195619,0.3846341,0.9194236,0.0,0.0,0.0,0.0,0.0,0.0,0.0,-2.124025,-1.382159,3.097362,1.413144,0.1147556,-3.742373,-0.1886949,0.09830162,0.01480891,0.9769911,338.1846,11.58822,359.4963,0.3537519,0.02887946,-0.934893,0,0,0,1.597524,0.6254191,-2.679138,-0.03360069,0.07297213,1.191128,0.980235,-0.008161712,-0.1976683,-0.06603435,0.9283499,-0.3657951,0.1864907,0.371618,0.909462,moving,5.093806,22.70164,-1.615836,3.505732,-0.6719983156198316,4.774907111198191,20.334753003482195,1.5816557897788819,20.191654932956784
2597,05/15/2023 18:38:34.153123,2780,True,True,True,True,Eyes,1.412811,0.1163004,-3.732126,0.08436696,0.3855793,0.9188094,0.0,0.0,0.0,0.0,0.0,0.0,0.0,-2.130363,-1.385365,3.091739,1.413272,0.1149015,-3.742457,-0.1892232,0.09925747,0.01473303,0.9767935,338.1246,11.70924,359.4578,0.3537644,0.0289026,-0.9348875,0,0,0,1.600924,0.627784,-2.678887,-0.0327965,0.07342903,1.192886,0.9798618,-0.008781394,-0.1994839,-0.06634589,0.927955,-0.3667392,0.1883326,0.3725887,0.9086852,moving,5.246305,22.76541,-1.57486,3.522442,-0.6657124084682887,4.785406685112195,20.416172741389335,1.5561584556299068,20.265917394737183
2598,05/15/2023 18:38:34.163125,2781,True,True,True,True,Eyes,1.412885,0.116384,-3.732231,0.08673693,0.3865198,0.9181935,0.0,0.0,0.0,0.0,0.0,0.0,0.0,-2.136766,-1.388555,3.086016,1.413178,0.1149349,-3.742602,-0.1897716,0.100253,0.01467008,0.9765864,338.0623,11.83501,359.4196,0.3537765,0.02892547,-0.9348823,0,0,0,1.604174,0.630044,-2.678647,-0.03202444,0.07381406,1.194714,0.9794683,-0.009397173,-0.2013794,-0.06670351,0.9275431,-0.3677153,0.1902435,0.3735982,0.9078721,moving,5.396419,22.82899,-1.535452,3.535461,-0.6595859074653306,4.795858103166801,20.501002337312244,1.534842750812999,20.34352554074986
2599,05/15/2023 18:38:34.182621,2782,True,True,True,True,Eyes,1.412951,0.1164654,-3.732335,0.08903889,0.3874805,0.917568,0.0,0.0,0.0,0.0,0.0,0.0,0.0,-2.141653,-1.390842,3.081586,1.413055,0.1149597,-3.74264,-0.1902221,0.1010011,0.01471868,0.9764209,338.0099,11.9276,359.4017,0.3537881,0.02894805,-0.9348772,0,0,0,1.607633,0.63245,-2.678391,-0.0303573,0.07457039,1.196578,0.9791642,-0.00968204,-0.2028388,-0.06716852,0.9271978,-0.3685004,0.1916395,0.3744468,0.9072287,moving,5.54251,22.89388,-1.453288,3.566044,-0.6538516860488374,4.8064626719413095,20.554961301342797,1.4757157252548552,20.390914381807935
2600,05/15/2023 18:38:34.192946,2783,True,True,True,True,Eyes,1.413019,0.1165448,-3.732439,0.09130266,0.3884335,0.9169423,0.0,0.0,0.0,0.0,0.0,0.0,0.0,-2.146007,-1.392985,3.077657,1.412975,0.1149769,-3.742727,-0.1907358,0.1016173,0.01495743,0.9762531,337.9477,12.00008,359.409,0.3537991,0.02897033,-0.9348723,0,0,0,1.610816,0.6346636,-2.678156,-0.02859414,0.07497153,1.198369,0.9789004,-0.009559645,-0.2041143,-0.06796858,0.9267922,-0.3693731,0.1927027,0.3754528,0.9065875,moving,5.686367,22.9584,-1.366868,3.579834,-0.6482522457398819,4.8169945298944565,20.622243917226392,1.4307252632841747,20.451763860896683
2601,05/15/2023 18:38:34.223059,2784,True,True,True,True,Eyes,1.413095,0.1166228,-3.732547,0.09354115,0.38941,0.9163023,0.0,0.0,0.0,0.0,0.0,0.0,0.0,-2.151625,-1.394208,3.073351,1.413073,0.1149998,-3.742834,-0.1911437,0.1023923,0.0152189,0.9760883,337.8976,12.09087,359.4166,0.3538096,0.02899227,-0.9348677,0,0,0,1.614119,0.6369604,-2.677912,-0.02724481,0.07568356,1.200186,0.9785684,-0.00943332,-0.2057059,-0.06885324,0.926465,-0.3700297,0.1940699,0.3762628,0.9059598,moving,5.828874,23.02451,-1.300419,3.608286,-0.6428715046259473,4.827743148722733,20.68372725352046,1.3854401633573592,20.506287298445727
2602,05/15/2023 18:38:34.233171,2785,True,True,True,True,Eyes,1.413171,0.1167083,-3.732656,0.09575932,0.3903923,0.915655,0.0,0.0,0.0,0.0,0.0,0.0,0.0,-2.158858,-1.395193,3.06797,1.413043,0.115036,-3.74296,-0.1917132,0.1033535,0.01581321,0.9758657,337.8247,12.19755,359.4577,0.3538199,0.02901388,-0.9348632,0,0,0,1.617438,0.6392685,-2.677667,-0.02601743,0.07590681,1.202084,0.9781361,-0.008765313,-0.2077815,-0.07049163,0.925992,-0.3709041,0.195655,0.3774415,0.9051281,moving,5.970298,23.09113,-1.239894,3.613204,-0.6376082737862035,4.838555614102262,20.76960447236153,1.3653697939327274,20.585142220868928
2603,05/15/2023 18:38:34.242871,2786,True,True,True,True,Eyes,1.413257,0.1167933,-3.732766,0.09809195,0.3916676,0.9148631,0.0,0.0,0.0,0.0,0.0,0.0,0.0,-2.16587,-1.397554,3.06215,1.413093,0.1152935,-3.743098,-0.1923019,0.1043426,0.01610436,0.9756401,337.7533,12.31488,359.461,0.3538298,0.02903537,-0.9348587,0,0,0,1.617578,0.6393657,-2.677657,-0.02816027,0.07419854,1.20222,0.9777067,-0.008706417,-0.2097954,-0.07155465,0.9255213,-0.371874,0.1974078,0.3785955,0.9042654,moving,6.119893,23.17654,-1.341826,3.531697,-0.6331716708351335,4.852140513877641,21.014212022572007,1.498586678035555,20.81963263606073
2694,05/15/2023 18:38:35.763242,2877,True,True,True,True,Eyes,1.413393,0.1165728,-3.736365,0.1588109,0.4169976,0.8949257,0.0,0.0,0.0,0.0,0.0,0.0,0.0,-2.133646,-1.221542,3.1577,1.410127,0.1111526,-3.743643,-0.1682489,0.09885788,0.02041268,0.9805626,340.4887,11.44321,0.4113063,0.3536387,0.02934116,-0.9349216,0,0,0,1.617578,0.6393657,-2.677657,-0.007189631,0.1352346,1.200014,0.9796209,0.006766377,-0.2007414,-0.07329725,0.9425513,-0.3259212,0.1870037,0.333993,0.9238389,moving,10.06279,24.98353,-0.3432716,6.429777,-0.4826207015818758,5.146350623924684,21.272702423716726,1.2909691843407776,20.766671989516574
2695,05/15/2023 18:38:35.783070,2878,True,True,True,True,Eyes,1.413447,0.1164952,-3.736358,0.158791,0.4170355,0.8949116,0.0,0.0,0.0,0.0,0.0,0.0,0.0,-2.132166,-1.223124,3.158085,1.410133,0.11133,-3.743634,-0.1682702,0.09870133,0.02008587,0.9805814,340.4901,11.43107,0.3753355,0.3536409,0.02932395,-0.9349213,0,0,0,1.617607,0.6364604,-2.677656,-0.007038951,0.1323533,1.198978,0.9797093,0.006174674,-0.200329,-0.07260859,0.9425634,-0.3260402,0.1868096,0.3339702,0.9238865,moving,10.06171,24.98587,-0.3363677,6.299284,-0.4828764865045744,5.146677555424732,21.384772998342378,1.161880562105883,20.880816125185998
2696,05/15/2023 18:38:35.802697,2879,True,True,True,True,Eyes,1.413497,0.1164272,-3.736353,0.1587542,0.4170572,0.8949081,0.0,0.0,0.0,0.0,0.0,0.0,0.0,-2.12957,-1.225946,3.158635,1.410109,0.1113081,-3.743555,-0.16829,0.09846491,0.01936273,0.9806163,340.4962,11.41735,0.2937984,0.3536442,0.0293065,-0.9349205,0,0,0,1.617637,0.6334444,-2.677656,-0.006912291,0.1296704,1.197903,0.9798595,0.00483349,-0.1996296,-0.07111609,0.9426072,-0.3262428,0.1865954,0.333869,0.9239663,moving,10.05946,24.9871,-0.3306116,6.178084,-0.4831335204581796,5.146834701475117,21.48796571901078,1.0424672905795722,20.986021707079615
2697,05/15/2023 18:38:35.813157,2880,True,True,True,True,Eyes,1.413583,0.116366,-3.736359,0.1586952,0.4173103,0.8948005,0.0,0.0,0.0,0.0,0.0,0.0,0.0,-2.127848,-1.225051,3.160177,1.410051,0.1114721,-3.743599,-0.1680937,0.09821835,0.01934003,0.9806751,340.5193,11.38738,0.2985769,0.3536483,0.02928909,-0.9349195,0,0,0,1.617666,0.6304888,-2.677655,-0.00627023,0.1271854,1.196872,0.9799582,0.004912798,-0.1991425,-0.07095234,0.9427409,-0.3258915,0.1861388,0.3334897,0.9241953,moving,10.05698,25.00305,-0.3001611,6.065761,-0.484521313894115,5.14910580711346,21.584514968718434,0.9350109256650126,21.08488071950889
2698,05/15/2023 18:38:35.833131,2881,True,True,True,True,Eyes,1.413667,0.1162942,-3.736355,0.1586338,0.4175731,0.8946888,0.0,0.0,0.0,0.0,0.0,0.0,0.0,-2.12723,-1.232045,3.15791,1.410027,0.1115379,-3.743637,-0.1691104,0.09812599,0.01935309,0.9805093,340.4015,11.37983,0.2897148,0.3536539,0.02927187,-0.934918,0,0,0,1.617697,0.6274209,-2.677655,-0.006128728,0.1217536,1.196126,0.9799935,0.004763512,-0.1989726,-0.07113999,0.9420543,-0.3278306,0.1858813,0.3354267,0.923546,moving,10.0544,25.01961,-0.2935704,5.812114,-0.4859625583378798,5.151463725043402,21.81761659735756,0.6880941275655075,21.32147980658305
2699,05/15/2023 18:38:35.843036,2882,True,True,True,True,Eyes,1.413807,0.116219,-3.736374,0.1585361,0.4179241,0.8945422,0.0,0.0,0.0,0.0,0.0,0.0,0.0,-2.127524,-1.232648,3.157161,1.410051,0.1112051,-3.743372,-0.1693656,0.09813339,0.01955649,0.9804606,340.3696,11.37754,0.3107215,0.3536607,0.02925456,-0.934916,0,0,0,1.617727,0.6243899,-2.677655,-0.005998492,0.1186363,1.195044,0.9799749,0.005107889,-0.1990562,-0.07158951,0.9418657,-0.3282743,0.1858074,0.3359508,0.9233704,moving,10.04995,25.04166,-0.2875922,5.66938,-0.4879555417984113,5.154594476265122,21.957914544309094,0.552403479518024,21.463798985457082
2700,05/15/2023 18:38:35.863184,2883,True,True,True,True,Eyes,1.413937,0.1161477,-3.736397,0.1584268,0.4182504,0.8944091,0.0,0.0,0.0,0.0,0.0,0.0,0.0,-2.126563,-1.230156,3.159021,1.409919,0.1110306,-3.743631,-0.1689842,0.098005,0.01953712,0.9805394,340.414,11.36103,0.3157054,0.3536699,0.02923704,-0.934913,0,0,0,1.617757,0.6214219,-2.677654,-0.005578399,0.1168322,1.194287,0.9800266,0.005191254,-0.1987985,-0.07143645,0.9421253,-0.3275618,0.1855926,0.3352208,0.9236788,moving,10.04463,25.06209,-0.2676211,5.587234,-0.4898893180341707,5.157484752443213,22.036618138230452,0.48382597752054407,21.544188403502734
2701,05/15/2023 18:38:35.883134,2884,True,True,True,True,Eyes,1.414105,0.1160719,-3.736424,0.1582793,0.4186559,0.8942454,0.0,0.0,0.0,0.0,0.0,0.0,0.0,-2.125366,-1.229055,3.160344,1.40983,0.1110573,-3.743739,-0.1688358,0.0978184,0.01962216,0.9805821,340.4303,11.33627,0.3315158,0.3536808,0.02921945,-0.9349095,0,0,0,1.617786,0.6184765,-2.677654,-0.004996061,0.1143255,1.193383,0.9800931,0.005451765,-0.1984638,-0.07151274,0.942219,-0.3272758,0.1852121,0.3349535,0.9238522,moving,10.03726,25.08743,-0.2398656,5.472208,-0.4923440551186807,5.161062914994602,22.144440492084225,0.4006951886685589,21.654402284810608
2702,05/15/2023 18:38:35.892993,2885,True,True,True,True,Eyes,1.414264,0.1160047,-3.736457,0.1581179,0.4190268,0.8941003,0.0,0.0,0.0,0.0,0.0,0.0,0.0,-2.124917,-1.227816,3.161026,1.40983,0.1108456,-3.743659,-0.1687969,0.09770575,0.01985821,0.9805952,340.4321,11.31775,0.3624699,0.353694,0.02920166,-0.934905,0,0,0,1.617818,0.6153651,-2.677653,-0.004553795,0.1116547,1.192342,0.9801184,0.005960875,-0.1983237,-0.07193059,0.9422265,-0.3271623,0.1849156,0.3349234,0.9239224,moving,10.02883,25.11049,-0.2188231,5.349761,-0.4947034811200786,5.1643040683534975,22.259847364018032,0.33242180762202606,21.772220758177166
2703,05/15/2023 18:38:35.913208,2886,True,True,True,True,Eyes,1.414457,0.1159449,-3.736499,0.1579264,0.4194654,0.8939284,0.0,0.0,0.0,0.0,0.0,0.0,0.0,-2.124187,-1.225118,3.162742,1.409797,0.110981,-3.743818,-0.168526,0.09752932,0.020191,0.9806526,340.4597,11.28874,0.4090638,0.3537092,0.0291839,-0.9348998,0,0,0,1.617847,0.6124483,-2.677652,-0.003899992,0.1092945,1.19143,0.9801607,0.006728278,-0.1980902,-0.07247315,0.9423826,-0.3265924,0.1844793,0.3344693,0.924174,moving,10.01881,25.13777,-0.1875497,5.241299,-0.4974981308801859,5.168137942185426,22.36155935035893,0.31846596393592314,21.87647430002364
2704,05/15/2023 18:38:35.933084,2887,True,True,True,True,Eyes,1.414643,0.1158972,-3.736546,0.1577342,0.4199021,0.8937573,0.0,0.0,0.0,0.0,0.0,0.0,0.0,-2.123266,-1.22709,3.162693,1.409858,0.1110659,-3.743875,-0.168865,0.09734848,0.02034902,0.9806089,340.4188,11.26497,0.4276002,0.3537267,0.02916635,-0.9348937,0,0,0,1.617877,0.6094337,-2.677652,-0.003484547,0.105503,1.190516,0.9802184,0.007031374,-0.197794,-0.07278638,0.9421411,-0.3272192,0.184049,0.335143,0.9240158,moving,10.00874,25.16492,-0.1676998,5.064298,-0.5002865856184523,5.171952691809245,22.529867549320123,0.34957617572792027,22.04783397943155
2705,05/15/2023 18:38:35.943004,2888,True,True,True,True,Eyes,1.414888,0.115859,-3.736608,0.1575331,0.4204445,0.8935378,0.0,0.0,0.0,0.0,0.0,0.0,0.0,-2.122578,-1.228994,3.162617,1.409867,0.11131,-3.744035,-0.1690814,0.09724355,0.02032741,0.9805826,340.394,11.25355,0.424619,0.3537462,0.02914928,-0.9348869,0,0,0,1.617908,0.6063196,-2.677651,-0.003309906,0.1017689,1.189589,0.980261,0.006981263,-0.1975847,-0.07274957,0.9419966,-0.3276431,0.1838367,0.3355499,0.9239103,moving,9.998648,25.19882,-0.159419,4.889725,-0.5035874791515232,5.176737547758817,22.707832677195636,0.44813853283608585,22.228350241446982
2706,05/15/2023 18:38:35.962930,2889,True,True,True,True,Eyes,1.415128,0.1158026,-3.73666,0.1573338,0.4209958,0.8933133,0.0,0.0,0.0,0.0,0.0,0.0,0.0,-2.122548,-1.237687,3.159347,1.409875,0.1114559,-3.744113,-0.1703365,0.09723541,0.02032399,0.9803661,340.2488,11.25719,0.4093674,0.3537686,0.02913286,-0.9348789,0,0,0,1.617937,0.6034424,-2.677651,-0.00344348,0.09588058,1.188897,0.9802644,0.006724407,-0.1975763,-0.07297535,0.9411448,-0.3300318,0.1837287,0.3379367,0.9230615,moving,9.988714,25.23331,-0.165949,4.610734,-0.5069215106966339,5.18160859583687,22.98712295002019,0.6649511690512893,22.510956729986507
2707,05/15/2023 18:38:35.983884,2890,True,True,True,True,Eyes,1.415394,0.1157637,-3.736732,0.1572143,0.4214755,0.8931082,0.0,0.0,0.0,0.0,0.0,0.0,0.0,-2.122953,-1.239063,3.15834,1.409982,0.1109505,-3.743924,-0.1707395,0.0972397,0.02055244,0.9802908,340.1995,11.25447,0.4317218,0.3537936,0.02911658,-0.93487,0,0,0,1.617967,0.6004014,-2.67765,-0.003417492,0.09254287,1.187933,0.980244,0.007089417,-0.1976646,-0.07350004,0.9408512,-0.3307517,0.1836281,0.3387458,0.9227849,moving,9.983522,25.26356,-0.1648303,4.454485,-0.5095891315031179,5.185911595444307,23.151817569265276,0.808605909218233,22.677372678161568
2708,05/15/2023 18:38:35.992834,2891,True,True,True,True,Eyes,1.415659,0.1157265,-3.736794,0.1571345,0.4220285,0.892861,0.0,0.0,0.0,0.0,0.0,0.0,0.0,-2.12348,-1.237204,3.159215,1.410085,0.1113205,-3.744295,-0.1702694,0.09734678,0.02028498,0.9803677,340.257,11.27117,0.4031798,0.3538213,0.02910083,-0.93486,0,0,0,1.617997,0.5973914,-2.67765,-0.003940284,0.09043412,1.187025,0.9802243,0.006623115,-0.1977791,-0.07292381,0.9411937,-0.3299038,0.1839634,0.3378025,0.9230639,moving,9.981265,25.29869,-0.1901904,4.356692,-0.5124122061460027,5.1909417354848335,23.28144723135126,0.8943151086236367,22.807056643669004
2709,05/15/2023 18:38:36.013318,2892,True,True,True,True,Eyes,1.415943,0.1156733,-3.736859,0.1571104,0.4224407,0.8926703,0.0,0.0,0.0,0.0,0.0,0.0,0.0,-2.127011,-1.245379,3.153477,1.410279,0.1113138,-3.744101,-0.1715307,0.09785831,0.02025656,0.9800973,340.1111,11.33811,0.3738323,0.3538515,0.02908562,-0.934849,0,0,0,1.618027,0.5943803,-2.677649,-0.005416512,0.08467136,1.186015,0.9800268,0.006135378,-0.1987706,-0.07327825,0.9403338,-0.3322691,0.1848722,0.3401981,0.9220018,moving,9.981858,25.32504,-0.2616671,4.083502,-0.5143631480407506,5.194734676238695,23.58246685738738,1.1396022786200564,23.10884454190057
2710,05/15/2023 18:38:36.032822,2893,True,True,True,True,Eyes,1.416217,0.1156252,-3.736926,0.1571273,0.4227947,0.8924996,0.0,0.0,0.0,0.0,0.0,0.0,0.0,-2.129128,-1.24468,3.152336,1.410366,0.1108799,-3.74409,-0.1713083,0.09825224,0.01982539,0.9801057,340.1416,11.39372,0.3167219,0.3538844,0.02907048,-0.934837,0,0,0,1.618057,0.591362,-2.677649,-0.006617963,0.08288351,1.185066,0.979907,0.005199108,-0.1993875,-0.07252474,0.9405208,-0.3319046,0.1858025,0.3396962,0.9220001,moving,9.98478,25.34784,-0.3199632,4.000753,-0.5158757234365344,5.198037666143254,23.704131618844748,1.2132074384131653,23.229358753215525
2711,05/15/2023 18:38:36.043046,2894,True,True,True,True,Eyes,1.416482,0.1155804,-3.736991,0.1572378,0.4229866,0.8923893,0.0,0.0,0.0,0.0,0.0,0.0,0.0,-2.131934,-1.241287,3.151893,1.410381,0.1109667,-3.744179,-0.170751,0.09870303,0.01965289,0.9801611,340.208,11.4495,0.2934272,0.3539195,0.02905554,-0.9348241,0,0,0,1.618087,0.5884041,-2.677649,-0.007720649,0.08136559,1.184016,0.9797431,0.004818729,-0.2002012,-0.07223326,0.9409158,-0.3308473,0.1867782,0.3386065,0.9222038,moving,9.992867,25.36064,-0.373605,3.931185,-0.5162551526392102,5.199948316258844,23.80515245327803,1.2767573844439393,23.32893495527748
2712,05/15/2023 18:38:36.063029,2895,True,True,True,True,Eyes,1.416736,0.1155329,-3.737053,0.1573865,0.4231465,0.8922873,0.0,0.0,0.0,0.0,0.0,0.0,0.0,-2.134104,-1.242113,3.150282,1.410539,0.1111097,-3.74427,-0.1707775,0.09904599,0.01944046,0.980126,340.2073,11.49534,0.2605347,0.3539563,0.02904086,-0.9348106,0,0,0,1.618119,0.5852596,-2.677648,-0.008794427,0.07823898,1.182958,0.979624,0.004278549,-0.2007951,-0.07193784,0.9409143,-0.3309159,0.1875151,0.3386179,0.9220498,moving,10.00325,25.37156,-0.4259443,3.783942,-0.5163250044655673,5.20160878618087,23.974848167633436,1.420544891363905,23.4979168291247
2713,05/15/2023 18:38:36.082728,2896,True,True,True,True,Eyes,1.416974,0.1154878,-3.737112,0.157564,0.4231773,0.8922413,0.0,0.0,0.0,0.0,0.0,0.0,0.0,-2.136891,-1.240442,3.149036,1.41051,0.1110115,-3.744271,-0.1704633,0.0995205,0.01918577,0.9801376,340.2465,11.55657,0.224044,0.3539945,0.02902635,-0.9347966,0,0,0,1.618147,0.5823798,-2.677648,-0.009955168,0.07642934,1.181967,0.9794551,0.003680188,-0.2016285,-0.07153857,0.9411483,-0.3303362,0.1885466,0.3379737,0.9220759,moving,10.01481,25.37432,-0.4825646,3.699756,-0.5156915494438031,5.202106559325177,24.082807105543598,1.5027157408785352,23.60441054510461
2714,05/15/2023 18:38:36.092986,2897,True,True,True,True,Eyes,1.417202,0.1154367,-3.737165,0.1577444,0.4231709,0.8922125,0.0,0.0,0.0,0.0,0.0,0.0,0.0,-2.137848,-1.242863,3.147342,1.410456,0.1109285,-3.744218,-0.1707972,0.09969652,0.0190772,0.9800639,340.2091,11.58135,0.203258,0.3540336,0.02901207,-0.9347823,0,0,0,1.618177,0.5793837,-2.677647,-0.01037294,0.07292731,1.180994,0.9793934,0.00333798,-0.2019346,-0.0714495,0.9409288,-0.3309804,0.1889012,0.3385881,0.9217778,moving,10.02636,25.3747,-0.5032287,3.533572,-0.5148787061817454,5.202262124977048,24.24679588117885,1.6687307919014236,23.76874428111968
2715,05/15/2023 18:38:36.112956,2898,True,True,True,True,Eyes,1.417399,0.115392,-3.737214,0.1579674,0.4229368,0.892284,0.0,0.0,0.0,0.0,0.0,0.0,0.0,-2.138128,-1.239774,3.148242,1.410416,0.1107416,-3.744132,-0.1703153,0.09977132,0.01895567,0.9801424,340.2663,11.59094,0.1931639,0.3540734,0.02899785,-0.9347676,0,0,0,1.618207,0.5763902,-2.677647,-0.0104863,0.0714872,1.179906,0.9793728,0.003173364,-0.2020372,-0.07114367,0.9412668,-0.330084,0.1891234,0.3376489,0.9220769,moving,10.03945,25.36065,-0.5091977,3.467154,-0.5128615960940545,5.200356866712348,24.30224548062856,1.7332067393460282,23.82392011304867
2716,05/15/2023 18:38:36.133080,2899,True,True,True,True,Eyes,1.417594,0.1153483,-3.737255,0.1581756,0.4226947,0.8923618,0.0,0.0,0.0,0.0,0.0,0.0,0.0,-2.137534,-1.234545,3.150803,1.410431,0.1108704,-3.744209,-0.169679,0.09960788,0.01929084,0.9802628,340.336,11.56185,0.2444389,0.3541131,0.02898384,-0.934753,0,0,0,1.618237,0.5733829,-2.677646,-0.00987792,0.06994818,1.178841,0.9794123,0.00401745,-0.2018303,-0.07162292,0.9416738,-0.328817,0.1887373,0.3365031,0.9225747,moving,10.05156,25.34602,-0.4800899,3.395743,-0.5108720005775677,5.1983596699146455,24.346053273434258,1.802879473611626,23.868418478429575
2717,05/15/2023 18:38:36.143066,2900,True,True,True,True,Eyes,1.417726,0.1152948,-3.73728,0.1584943,0.4221609,0.892558,0.0,0.0,0.0,0.0,0.0,0.0,0.0,-2.137,-1.233392,3.151629,1.41048,0.1108065,-3.744203,-0.1695163,0.09951758,0.01930558,0.9802998,340.3547,11.55003,0.2500902,0.3541528,0.02897007,-0.9347384,0,0,0,1.618268,0.5703205,-2.677645,-0.009676516,0.06751013,1.177804,0.9794471,0.004110817,-0.2016592,-0.07159019,0.9417831,-0.328511,0.1885689,0.336196,0.922721,moving,10.06923,25.31315,-0.470716,3.280527,-0.5070968788228748,5.193789102411857,24.423900956707243,1.9136079642574035,23.9468111008703
2718,05/15/2023 18:38:36.168871,2901,True,True,True,True,Eyes,1.417852,0.1152383,-3.737298,0.15881,0.4215894,0.8927719,0.0,0.0,0.0,0.0,0.0,0.0,0.0,-2.136566,-1.229944,3.153104,1.410624,0.1105928,-3.744016,-0.1689674,0.09946594,0.01916266,0.9804027,340.4199,11.54458,0.2408935,0.3541912,0.02895629,-0.9347243,0,0,0,1.618297,0.567381,-2.677645,-0.009662032,0.0663496,1.17662,0.9794787,0.003961255,-0.201509,-0.07118721,0.9421656,-0.3275001,0.1885575,0.3351242,0.9231132,moving,10.08651,25.27786,-0.4704843,3.227491,-0.5031670307042359,5.188867256482135,24.447267775487582,1.961648536404562,23.96991998466578
2719,05/15/2023 18:38:36.183135,2902,True,True,True,True,Eyes,1.41795,0.1151894,-3.737309,0.1590213,0.4206829,0.8931619,0.0,0.0,0.0,0.0,0.0,0.0,0.0,-2.136723,-1.224828,3.154811,1.410598,0.1104803,-3.743879,-0.1681746,0.09952205,0.01903602,0.9805357,340.5131,11.55083,0.2344086,0.3542283,0.02894243,-0.9347106,0,0,0,1.618328,0.5643142,-2.677644,-0.009709358,0.06551823,1.175409,0.979466,0.003856838,-0.2015726,-0.07080518,0.9427098,-0.3260134,0.1887671,0.3335914,0.9236253,moving,10.09533,25.22063,-0.4732759,3.190412,-0.4981932229348772,5.180717644424745,24.4341141807318,1.9904616125942347,23.957376410960492
2720,05/15/2023 18:38:36.202913,2903,True,True,True,True,Eyes,1.41804,0.1151369,-3.737315,0.1592133,0.4198065,0.89354,0.0,0.0,0.0,0.0,0.0,0.0,0.0,-2.136396,-1.220691,3.156614,1.410553,0.1106577,-3.743872,-0.1674564,0.09951064,0.01887883,0.9806629,340.598,11.54984,0.2247679,0.3542638,0.0289287,-0.9346976,0,0,0,1.618359,0.5611892,-2.677644,-0.009631813,0.0641413,1.174222,0.9794824,0.003700156,-0.2014957,-0.07035497,0.9432039,-0.3246793,0.1888501,0.3321939,0.9241119,moving,10.10308,25.16526,-0.4699704,3.126646,-0.4934381453315918,5.172826052251373,24.443606562901802,2.0463146242214023,23.96796326303553
2721,05/15/2023 18:38:36.213282,2904,True,True,True,True,Eyes,1.41811,0.1150748,-3.73731,0.1592933,0.4186384,0.8940736,0.0,0.0,0.0,0.0,0.0,0.0,0.0,-2.135121,-1.22037,3.157375,1.410446,0.1105185,-3.743726,-0.1673842,0.09935233,0.0188157,0.9806924,340.6071,11.53178,0.2213935,0.3542978,0.02891501,-0.9346851,0,0,0,1.618388,0.5583195,-2.677644,-0.009139359,0.06178641,1.173199,0.9795502,0.003644807,-0.2011671,-0.07016486,0.943257,-0.3245662,0.1885693,0.3320437,0.9242233,moving,10.10215,25.09073,-0.4463319,3.014692,-0.4878655272282272,5.162104390529602,24.466751402098147,2.147814008984668,23.99422589126238
2722,05/15/2023 18:38:36.233394,2905,True,True,True,True,Eyes,1.418175,0.1150133,-3.737302,0.1593273,0.4174545,0.8946209,0.0,0.0,0.0,0.0,0.0,0.0,0.0,-2.132677,-1.212515,3.161791,1.410317,0.1102753,-3.743564,-0.1662044,0.0990189,0.01876435,0.9809278,340.7443,11.48816,0.2365866,0.3543299,0.02890112,-0.9346734,0,0,0,1.618418,0.5552499,-2.677643,-0.008106709,0.06196485,1.172003,0.9796863,0.003898201,-0.2004982,-0.0697277,0.9440479,-0.322353,0.1880233,0.329785,0.9251427,moving,10.0982,25.01504,-0.3963068,3.026462,-0.4824251761467369,5.151189587852583,24.364569264350443,2.1264721247390024,23.894731166939774
2723,05/15/2023 18:38:36.242842,2906,True,True,True,True,Eyes,1.418225,0.1149544,-3.737285,0.1593069,0.4161047,0.8952532,0.0,0.0,0.0,0.0,0.0,0.0,0.0,-2.129255,-1.206301,3.166348,1.41025,0.1102333,-3.743486,-0.1653502,0.09847555,0.01897567,0.9811228,340.8408,11.4154,0.2832036,0.3543603,0.02888707,-0.9346623,0,0,0,1.61845,0.552107,-2.677643,-0.006570399,0.0610237,1.170835,0.979885,0.004669032,-0.1995084,-0.06980082,0.9445985,-0.3207203,0.1869579,0.3281949,0.9259238,moving,10.08995,24.92853,-0.3215245,2.983546,-0.4764792977600017,5.138681852536464,24.28952704406585,2.1606993155543215,23.824018295926773
2724,05/15/2023 18:38:36.262778,2907,True,True,True,True,Eyes,1.418275,0.1148951,-3.737258,0.159286,0.4147965,0.8958637,0.0,0.0,0.0,0.0,0.0,0.0,0.0,-2.127871,-1.20323,3.168355,1.410334,0.1102753,-3.743377,-0.1649533,0.09822801,0.01913239,0.9812114,340.8849,11.38107,0.3116737,0.3543888,0.02887295,-0.9346519,0,0,0,1.61848,0.549116,-2.677642,-0.005929887,0.05909653,1.169687,0.9799705,0.005139777,-0.1990768,-0.0699519,0.9448487,-0.3199494,0.186453,0.3274668,0.9262834,moving,10.08192,24.84475,-0.2904662,2.892317,-0.4707239935488579,5.126568471790599,24.27953274059119,2.2415112115119036,23.81776241189093
2725,05/15/2023 18:38:36.282798,2908,True,True,True,True,Eyes,1.418298,0.11483,-3.73722,0.1592597,0.4133511,0.8965362,0.0,0.0,0.0,0.0,0.0,0.0,0.0,-2.128037,-1.201592,3.168556,1.410389,0.1102047,-3.743097,-0.1647903,0.09823242,0.01923577,0.9812362,340.9026,11.37895,0.3258516,0.3544159,0.02885877,-0.9346421,0,0,0,1.618508,0.5462611,-2.677642,-0.005860925,0.05691803,1.168496,0.9799607,0.005374144,-0.1991183,-0.07012521,0.9449483,-0.3196173,0.1864388,0.3271757,0.926389,moving,10.07288,24.75223,-0.2873811,2.788703,-0.4643808462310951,5.113189907135603,24.284388572494514,2.3312160542538125,23.826084593037645
2726,05/15/2023 18:38:36.303251,2909,True,True,True,True,Eyes,1.418318,0.1147659,-3.737175,0.159234,0.4119093,0.8972041,0.0,0.0,0.0,0.0,0.0,0.0,0.0,-2.128754,-1.197537,3.16934,1.410304,0.1100454,-3.742904,-0.1642386,0.09835726,0.01923826,0.9813162,340.9663,11.3919,0.3302944,0.3544411,0.0288444,-0.934633,0,0,0,1.618539,0.5431826,-2.677641,-0.00595808,0.05551316,1.167321,0.9799114,0.005449513,-0.1993585,-0.07006577,0.9453111,-0.3185556,0.1867199,0.3261245,0.9267031,moving,10.06395,24.66001,-0.2924387,2.722708,-0.4580523874725551,5.09985542820961,24.2590190639418,2.3829095217657383,23.803609140736466
2727,05/15/2023 18:38:36.313269,2910,True,True,True,True,Eyes,1.418343,0.1146926,-3.737127,0.1591414,0.4102892,0.8979626,0.0,0.0,0.0,0.0,0.0,0.0,0.0,-2.128599,-1.192276,3.171183,1.410246,0.110013,-3.742721,-0.1635094,0.09833503,0.01930374,0.9814389,341.0498,11.38531,0.3473316,0.3544646,0.02882989,-0.9346245,0,0,0,1.618568,0.5402475,-2.677641,-0.00570029,0.05452433,1.166142,0.9799152,0.005733497,-0.1993324,-0.07004829,0.9457842,-0.3171525,0.186707,0.3247454,0.9271898,moving,10.0499,24.55619,-0.2800687,2.676981,-0.4512191215582196,5.084808726846412,24.195206959409557,2.4139028209457636,23.743481324413306
2728,05/15/2023 18:38:36.333447,2911,True,True,True,True,Eyes,1.418371,0.1146218,-3.737073,0.1590441,0.4086785,0.8987139,0.0,0.0,0.0,0.0,0.0,0.0,0.0,-2.12772,-1.183764,3.174737,1.410167,0.109766,-3.74257,-0.162367,0.09818858,0.01946444,0.9816399,341.1801,11.36054,0.3831079,0.3544867,0.02881502,-0.9346166,0,0,0,1.6186,0.5371193,-2.67764,-0.005058765,0.05448647,1.164971,0.9799603,0.00632897,-0.1990925,-0.07009934,0.9465162,-0.3149496,0.1864509,0.3225943,0.9279919,moving,10.03565,24.45305,-0.2487994,2.67781,-0.4444518907999847,5.0698580261788,24.081756092917317,2.4000361782069315,23.633652904689477
2729,05/15/2023 18:38:36.353080,2912,True,True,True,True,Eyes,1.418388,0.1145384,-3.737011,0.1589863,0.4069414,0.8995121,0.0,0.0,0.0,0.0,0.0,0.0,0.0,-2.127468,-1.177838,3.176908,1.410244,0.1097679,-3.742368,-0.1616186,0.09810027,0.01969852,0.9817677,341.264,11.34278,0.4216468,0.3545077,0.0287999,-0.9346091,0,0,0,1.61863,0.5340658,-2.677639,-0.004700422,0.05336531,1.163714,0.9799765,0.006969096,-0.1989905,-0.07038839,0.9469828,-0.313479,0.186256,0.3212087,0.9285116,moving,10.02335,24.3421,-0.2314253,2.625615,-0.4369515156136997,5.053801696160008,24.015955887882434,2.436869232583674,23.57165601155081
2730,05/15/2023 18:38:36.363069,2913,True,True,True,True,Eyes,1.418405,0.1144504,-3.736937,0.1589523,0.4051152,0.9003421,0.0,0.0,0.0,0.0,0.0,0.0,0.0,-2.127771,-1.171897,3.178709,1.410285,0.1094284,-3.742201,-0.1607306,0.09817526,0.0195461,0.981909,341.3683,11.35168,0.4127018,0.3545275,0.02878425,-0.934602,0,0,0,1.61866,0.5310804,-2.677639,-0.004857302,0.05302903,1.162612,0.9799591,0.006825455,-0.1990817,-0.06994452,0.9475673,-0.3118078,0.186515,0.3194835,0.9290546,moving,10.0122,24.2257,-0.2393758,2.611563,-0.4289548920507288,5.036971990313968,23.922076093807465,2.432806815684016,23.48067732016299
2731,05/15/2023 18:38:36.383051,2914,True,True,True,True,Eyes,1.418455,0.1143596,-3.736868,0.1588505,0.4031333,0.9012491,0.0,0.0,0.0,0.0,0.0,0.0,0.0,-2.128392,-1.157807,3.183036,1.4103,0.1092653,-3.741845,-0.1586166,0.09831515,0.01935161,0.9822426,341.6147,11.36498,0.4122089,0.3545463,0.02876801,-0.9345954,0,0,0,1.61869,0.5281332,-2.677639,-0.005007625,0.05549826,1.161165,0.9799194,0.006827125,-0.1992776,-0.06920473,0.9489326,-0.3077947,0.1869996,0.315405,0.9303498,moving,9.996053,24.09921,-0.2470915,2.736388,-0.4205587746713303,5.018648196380891,23.69160553975953,2.2888430482159414,23.25240645685718
2732,05/15/2023 18:38:36.403003,2915,True,True,True,True,Eyes,1.418503,0.1142693,-3.736798,0.1587488,0.4010913,0.9021777,0.0,0.0,0.0,0.0,0.0,0.0,0.0,-2.12787,-1.146803,3.18721,1.410231,0.1091528,-3.741742,-0.1570231,0.09824935,0.01936347,0.9825049,341.7987,11.35154,0.433934,0.354565,0.02875116,-0.9345889,0,0,0,1.618721,0.524977,-2.677638,-0.004607201,0.05635789,1.159955,0.9799442,0.007194567,-0.1991419,-0.06890424,0.9499376,-0.3047471,0.18698,0.3123569,0.9313816,moving,9.979705,23.96903,-0.2275707,2.781601,-0.4118980464690144,4.999792215905981,23.517985135760494,2.2258366608937776,23.082356941086278
2733,05/15/2023 18:38:36.413177,2916,True,True,True,True,Eyes,1.418564,0.1141876,-3.736737,0.1586542,0.3989477,0.9031442,0.0,0.0,0.0,0.0,0.0,0.0,0.0,-2.126969,-1.134126,3.192241,1.410253,0.1091061,-3.741647,-0.1551653,0.09811574,0.01936429,0.9828133,342.0132,11.32947,0.4587104,0.3545834,0.02873377,-0.9345825,0,0,0,1.618749,0.5221642,-2.677638,-0.004127085,0.05809712,1.158798,0.9799966,0.007614649,-0.1988682,-0.06851126,0.9510975,-0.3011971,0.1868496,0.3087969,0.9325941,moving,9.963415,23.83258,-0.2040594,2.870161,-0.4027585823960141,4.980035442739182,23.29808030731752,2.1192101191738444,22.86578952156556
2734,05/15/2023 18:38:36.433183,2917,True,True,True,True,Eyes,1.418622,0.114072,-3.736664,0.1585309,0.396908,0.9040642,0.0,0.0,0.0,0.0,0.0,0.0,0.0,-2.126491,-1.12377,3.196319,1.410192,0.1092758,-3.741751,-0.1536363,0.09804425,0.01940562,0.9830598,342.1893,11.31528,0.4830987,0.3546018,0.0287161,-0.934576,0,0,0,1.61878,0.5190533,-2.677637,-0.00376004,0.05849673,1.157726,0.9800215,0.00802746,-0.1987295,-0.06828007,0.9520386,-0.2982621,0.1868038,0.3058726,0.9335665,moving,9.945901,23.70274,-0.1860835,2.89254,-0.3942085468467583,4.961218146285714,23.145659073533427,2.079121282668489,22.717173138361407
2735,05/15/2023 18:38:36.442975,2918,True,True,True,True,Eyes,1.418715,0.1138797,-3.736559,0.1584641,0.39434,0.9051989,0.0,0.0,0.0,0.0,0.0,0.0,0.0,-2.123764,-1.124918,3.197232,1.410166,0.1083384,-3.741363,-0.153914,0.09765202,0.01940983,0.9830554,342.1574,11.2692,0.4876634,0.3546203,0.02869735,-0.9345695,0,0,0,1.61881,0.5161288,-2.677637,-0.002775013,0.05606422,1.156801,0.9801747,0.008101854,-0.1979696,-0.06822189,0.9518675,-0.2988211,0.1860198,0.3064027,0.9335491,moving,9.92958,23.53982,-0.1374448,2.774663,-0.3830681087053625,4.937656094221453,23.07675743163376,2.1768945623132665,22.65444872960015
2736,05/15/2023 18:38:36.462836,2919,True,True,True,True,Eyes,1.41879,0.1137502,-3.736481,0.1583752,0.3914931,0.9064494,0.0,0.0,0.0,0.0,0.0,0.0,0.0,-2.121083,-1.075662,3.214813,1.410361,0.1064539,-3.740403,-0.1465929,0.09741139,0.01859774,0.9842132,343.0114,11.23274,0.4822008,0.3546399,0.02867571,-0.9345627,0,0,0,1.618839,0.513194,-2.677636,-0.001926124,0.07257299,1.154601,0.9803302,0.008048657,-0.1971998,-0.0651679,0.9563293,-0.284934,0.1862946,0.2921805,0.9380431,moving,9.910701,23.35939,-0.0955817,3.596623,-0.3707889158367673,4.91155466003996,22.15158353185181,1.3434226000123974,21.72702020977672
2737,05/15/2023 18:38:36.483226,2920,True,True,True,True,Eyes,1.418945,0.1136106,-3.736408,0.1582002,0.3888675,0.9076093,0.0,0.0,0.0,0.0,0.0,0.0,0.0,-2.114796,-1.046365,3.229208,1.409978,0.1079206,-3.741035,-0.1415499,0.09668159,0.01765572,0.9850404,343.6038,11.14746,0.4427233,0.3546598,0.02865303,-0.9345559,0,0,0,1.618869,0.5101656,-2.677636,-2.336502e-05,0.0799769,1.153195,0.9806819,0.007412663,-0.1954689,-0.0621537,0.9593038,-0.2754507,0.1854723,0.2822786,0.9412326,moving,9.887567,23.19283,-0.001160876,3.96725,-0.3598694403305834,4.887409823136842,21.61966385820972,0.9876061635284245,21.198130622648435
2738,05/15/2023 18:38:36.503162,2921,True,True,True,True,Eyes,1.4191,0.1134732,-3.736318,0.1580491,0.3860979,0.9088173,0.0,0.0,0.0,0.0,0.0,0.0,0.0,-2.113089,-1.049093,3.229241,1.410367,0.1075087,-3.740728,-0.1424815,0.09620854,0.01864425,0.9849342,343.4855,11.07718,0.5564343,0.3546818,0.02862914,-0.9345483,0,0,0,1.618899,0.5071769,-2.677635,0.00112474,0.07522467,1.15227,0.9807926,0.009310849,-0.1948311,-0.06414258,0.9587029,-0.2770823,0.1842053,0.2842573,0.9408859,moving,9.865433,23.01751,0.05592683,3.735191,-0.3482141476230999,4.862014493797279,21.634098948581823,1.1971053069666266,21.220758301681713
2739,05/15/2023 18:38:36.513547,2922,True,True,True,True,Eyes,1.419277,0.1133475,-3.736248,0.1578282,0.3835042,0.9099532,0.0,0.0,0.0,0.0,0.0,0.0,0.0,-2.11175,-1.029222,3.236011,1.41054,0.1074915,-3.740238,-0.1392219,0.09613648,0.01787283,0.9854215,343.8698,11.07267,0.5043512,0.3547058,0.02860423,-0.9345399,0,0,0,1.618929,0.5041562,-2.677635,0.001140296,0.08020568,1.150417,0.9808767,0.008455941,-0.1944464,-0.06199311,0.9605956,-0.2709481,0.1844932,0.2778209,0.9427501,moving,9.839861,22.85323,0.0567917,3.988138,-0.3376448682022669,4.838176095252156,21.250885654416066,0.9370938958904251,20.83992394707353
2740,05/15/2023 18:38:36.534213,2923,True,True,True,True,Eyes,1.419451,0.1132096,-3.736145,0.1575875,0.3809196,0.9110798,0.0,0.0,0.0,0.0,0.0,0.0,0.0,-2.10596,-1.032309,3.238982,1.410274,0.1076765,-3.74049,-0.13893,0.09552294,0.0166063,0.9855447,343.9178,11.01994,0.3691379,0.3547318,0.02857867,-0.9345309,0,0,0,1.61896,0.5010625,-2.677634,0.00217551,0.07792982,1.149734,0.9811993,0.006190493,-0.1928984,-0.05927447,0.9608454,-0.2706708,0.18367,0.2770159,0.9431478,moving,9.81323,22.68965,0.1084142,3.877621,-0.3272057293536633,4.814429065115326,21.167803022722282,1.0331379741908686,20.763793718434187
2741,05/15/2023 18:38:36.542865,2924,True,True,True,True,Eyes,1.419633,0.113085,-3.736051,0.1573506,0.3784526,0.9121483,0.0,0.0,0.0,0.0,0.0,0.0,0.0,-2.103158,-1.023385,3.242664,1.410394,0.1072559,-3.739617,-0.1376991,0.09511393,0.01661398,0.9857568,344.0597,10.96788,0.3909224,0.3547599,0.02855224,-0.934521,0,0,0,1.61899,0.4980517,-2.677634,0.003270984,0.07851654,1.147984,0.9813547,0.006560488,-0.192094,-0.05894887,0.9615259,-0.2683151,0.182943,0.274636,0.9439846,moving,9.787507,22.53368,0.1632541,3.912662,-0.3172763482483356,4.791783892284551,20.961120085517432,1.0018806381938496,20.56247828214861
2742,05/15/2023 18:38:36.563050,2925,True,True,True,True,Eyes,1.419817,0.1129518,-3.735933,0.1571252,0.3760667,0.9131733,0.0,0.0,0.0,0.0,0.0,0.0,0.0,-2.100296,-1.015845,3.246998,1.410457,0.1074648,-3.739684,-0.1365493,0.09467515,0.01663529,0.9859586,344.192,10.91241,0.4137287,0.35479,0.02852535,-0.9345104,0,0,0,1.619019,0.4951461,-2.677633,0.004300594,0.07814769,1.147005,0.9815198,0.006947778,-0.1912346,-0.05865905,0.9621552,-0.2661139,0.1821485,0.2724137,0.9447818,moving,9.763004,22.38304,0.2148245,3.897651,-0.3076614417554092,4.769915558186243,20.805704464053633,1.0167777627386814,20.41260014927847
2743,05/15/2023 18:38:36.583208,2926,True,True,True,True,Eyes,1.420005,0.1128023,-3.735823,0.1569613,0.3737302,0.9141601,0.0,0.0,0.0,0.0,0.0,0.0,0.0,-2.100234,-1.014577,3.246727,1.410693,0.1071348,-3.73899,-0.1363609,0.09467795,0.01647821,0.9859871,344.2155,10.91477,0.3973714,0.3548222,0.02849786,-0.934499,0,0,0,1.619049,0.4921631,-2.677633,0.00414896,0.07626128,1.145558,0.9815291,0.006673859,-0.1911965,-0.05831533,0.9622684,-0.2657798,0.1822085,0.2720203,0.9448835,moving,9.742686,22.2359,0.2075118,3.808634,-0.2980064691638705,4.748586916761483,20.74810061810723,1.067267635687907,20.35967215734705
2744,05/15/2023 18:38:36.603085,2927,True,True,True,True,Eyes,1.420198,0.1126135,-3.735685,0.1568029,0.3714038,0.915135,0.0,0.0,0.0,0.0,0.0,0.0,0.0,-2.099279,-1.002953,3.250872,1.410568,0.1066246,-3.738981,-0.1345344,0.09462556,0.01606128,0.9862498,344.4304,10.91034,0.3699628,0.3548561,0.02846941,-0.9344869,0,0,0,1.61908,0.4890906,-2.677632,0.004362643,0.07808574,1.144597,0.9815762,0.006220085,-0.1909705,-0.05714165,0.9632851,-0.2623294,0.1823273,0.2684086,0.945893,moving,9.722869,22.08957,0.2183823,3.902736,-0.2883762910337325,4.727379089666736,20.520628605723385,0.9679052096778872,20.135498620734097
2745,05/15/2023 18:38:36.613317,2928,True,True,True,True,Eyes,1.420386,0.1124423,-3.735568,0.1567731,0.3688803,0.9161602,0.0,0.0,0.0,0.0,0.0,0.0,0.0,-2.099487,-0.9934372,3.252832,1.41085,0.1055002,-3.738189,-0.1334371,0.09461066,0.01623855,0.9863974,344.5548,10.90287,0.4033905,0.3548921,0.02843913,-0.9344742,0,0,0,1.619111,0.4859702,-2.677632,0.004459083,0.07886417,1.143098,0.9815704,0.006786177,-0.1909811,-0.05728444,0.9638618,-0.2601713,0.1823137,0.2663167,0.9464868,moving,9.710391,21.93155,0.2235026,3.946675,-0.2773266580571135,4.704554988476847,20.333636671281397,0.9084118133642387,19.95182820307019
2746,05/15/2023 18:38:36.633017,2929,True,True,True,True,Eyes,1.420574,0.1122932,-3.735441,0.1567565,0.3664831,0.9171246,0.0,0.0,0.0,0.0,0.0,0.0,0.0,-2.100324,-0.9633219,3.261734,1.41082,0.1058407,-3.738534,-0.1286682,0.09485346,0.01548282,0.9870196,345.1118,10.93096,0.3648748,0.3549297,0.02840763,-0.9344609,0,0,0,1.61914,0.4831,-2.677631,0.003918171,0.08678524,1.141792,0.9815263,0.00615443,-0.1912288,-0.05497294,0.9664095,-0.251059,0.1832602,0.2569334,0.9488947,moving,9.699362,21.78166,0.1966153,4.346575,-0.2667867156310397,4.682912221601144,19.85659547358474,0.5725942321795491,19.47394688159362
2747,05/15/2023 18:38:36.653114,2930,True,True,True,True,Eyes,1.420757,0.1121249,-3.735306,0.1568296,0.3641473,0.9180421,0.0,0.0,0.0,0.0,0.0,0.0,0.0,-2.102438,-0.964715,3.259656,1.410995,0.1062088,-3.738194,-0.129021,0.09509766,0.01581666,0.9869448,345.0675,10.95564,0.3961841,0.3549686,0.02837558,-0.9344471,0,0,0,1.619171,0.4799986,-2.677631,0.003394961,0.08264443,1.140619,0.9814126,0.006681152,-0.1917935,-0.05575948,0.9662068,-0.2516649,0.1836309,0.2576814,0.9486201,moving,9.694288,21.63607,0.1705358,4.144169,-0.2561382779164713,4.661939614698138,19.91653726330975,0.6709226320603285,19.538199621376332
2748,05/15/2023 18:38:36.663166,2931,True,True,True,True,Eyes,1.420936,0.1119638,-3.735161,0.1569226,0.3617879,0.9189585,0.0,0.0,0.0,0.0,0.0,0.0,0.0,-2.104056,-0.9527302,3.261871,1.411266,0.1055965,-3.737877,-0.1272961,0.09534484,0.01558736,0.9871484,345.2683,10.98395,0.3850853,0.3550089,0.02834258,-0.9344328,0,0,0,1.619201,0.4770139,-2.67763,0.002679467,0.08444235,1.139375,0.9813328,0.006500029,-0.1922075,-0.05504812,0.9671054,-0.2483479,0.1842706,0.2542926,0.9494101,moving,9.690437,21.48923,0.1347422,4.238607,-0.2453061259648804,4.640798011300804,19.720428418238686,0.5533482986689952,19.34339835556496
2749,05/15/2023 18:38:36.682950,2932,True,True,True,True,Eyes,1.421106,0.1117989,-3.735015,0.1570737,0.3594985,0.9198308,0.0,0.0,0.0,0.0,0.0,0.0,0.0,-2.104862,-0.9433494,3.2637,1.411354,0.1056376,-3.737514,-0.1257881,0.09551772,0.01523543,0.9873307,345.4456,11.00581,0.3584208,0.3550503,0.0283089,-0.9344181,0,0,0,1.619231,0.4739494,-2.67763,0.002245605,0.08505799,1.137972,0.9812886,0.006054837,-0.192448,-0.05411479,0.9678905,-0.2454783,0.1847822,0.2512993,0.9501075,moving,9.690565,21.34711,0.1130638,4.274637,-0.2345412471258799,4.620369672723107,19.575440316164805,0.49026559105820167,19.200177620089537
2750,05/15/2023 18:38:36.703092,2933,True,True,True,True,Eyes,1.421274,0.111634,-3.734859,0.1571992,0.3571744,0.9207143,0.0,0.0,0.0,0.0,0.0,0.0,0.0,-2.103272,-0.9321098,3.267731,1.411299,0.1054115,-3.737348,-0.1239217,0.09537905,0.01469424,0.9875882,345.6662,10.99274,0.3184317,0.3550925,0.02827452,-0.9344031,0,0,0,1.619261,0.4709598,-2.677629,0.002555907,0.08679773,1.13681,0.9813738,0.00538465,-0.1920324,-0.05266278,0.968855,-0.2419642,0.1847487,0.2475703,0.9510925,moving,9.689035,21.20286,0.1288187,4.366176,-0.2237359829317667,4.5996206609120645,19.361602821529054,0.4228371012168483,18.98845560461628
2751,05/15/2023 18:38:36.721130,2934,True,True,True,True,Eyes,1.421399,0.1114664,-3.734692,0.1573799,0.3548843,0.9215686,0.0,0.0,0.0,0.0,0.0,0.0,0.0,-2.100793,-0.9213555,3.271967,1.411431,0.1052752,-3.736948,-0.1222825,0.09503433,0.01449819,0.9878287,345.8569,10.9509,0.3191521,0.3551354,0.02823953,-0.9343878,0,0,0,1.61929,0.4680642,-2.677629,0.003328383,0.08800238,1.135438,0.9815166,0.005401387,-0.1913009,-0.05188552,0.9696736,-0.2388327,0.1842095,0.244344,0.952031,moving,9.691137,21.06106,0.1679543,4.431862,-0.2128514841569979,4.579255573484008,19.163017373597075,0.4083355369690614,18.792378843555838
2752,05/15/2023 18:38:36.733050,2935,True,True,True,True,Eyes,1.421526,0.1113087,-3.734525,0.1575463,0.352595,0.9224185,0.0,0.0,0.0,0.0,0.0,0.0,0.0,-2.099728,-0.9063684,3.276714,1.411622,0.1050568,-3.736778,-0.1201116,0.09486663,0.01441495,0.9881123,346.1074,10.92711,0.3363126,0.3551783,0.02820391,-0.9343726,0,0,0,1.619321,0.464957,-2.677628,0.003690183,0.09020589,1.134158,0.9815851,0.005698018,-0.1909407,-0.05127634,0.9707308,-0.2346324,0.1840151,0.2401024,0.9531471,moving,9.692422,20.91939,0.1864213,4.547479,-0.2020363551601985,4.558902033101823,18.931548248897172,0.38862557241875506,18.562622459737028
2753,05/15/2023 18:38:36.752780,2936,True,True,True,True,Eyes,1.421627,0.1111536,-3.734338,0.1578085,0.350448,0.9231917,0.0,0.0,0.0,0.0,0.0,0.0,0.0,-2.098476,-0.8992284,3.279346,1.411799,0.1051569,-3.736588,-0.1189495,0.09469581,0.01418202,0.9882725,346.2436,10.90753,0.3246336,0.355221,0.028168,-0.9343575,0,0,0,1.619351,0.4619551,-2.677628,0.003931105,0.08993813,1.132994,0.9816631,0.005503358,-0.1905443,-0.05055942,0.9712998,-0.232423,0.1837966,0.2377949,0.9537674,moving,9.700267,20.787,0.1987962,4.538677,-0.1914455302512385,4.53993980484213,18.822485162049713,0.3902437734359765,18.45575547200047
2754,05/15/2023 18:38:36.763209,2937,True,True,True,True,Eyes,1.421722,0.111016,-3.734164,0.1580498,0.3483999,0.9239252,0.0,0.0,0.0,0.0,0.0,0.0,0.0,-2.099332,-0.8946096,3.279582,1.412037,0.1050644,-3.73608,-0.1181834,0.09484512,0.01389354,0.9883543,346.3347,10.9273,0.2974943,0.3552633,0.02813189,-0.9343425,0,0,0,1.619381,0.4589716,-2.677627,0.00340277,0.08906177,1.131644,0.9816228,0.005045246,-0.1907652,-0.0498817,0.9716793,-0.2309786,0.1841972,0.2362495,0.9540742,moving,9.707251,20.66079,0.1722836,4.499971,-0.1813851414066951,4.521858414126648,18.763999415631616,0.3543453647860335,18.398990999680965
2755,05/15/2023 18:38:36.783347,2938,True,True,True,True,Eyes,1.421808,0.1108586,-3.733972,0.1583247,0.3465274,0.9245821,0.0,0.0,0.0,0.0,0.0,0.0,0.0,-2.098007,-0.8973594,3.279813,1.411992,0.1053553,-3.736206,-0.1184025,0.09468687,0.01365844,0.9883465,346.3122,10.91246,0.2698627,0.3553049,0.02809605,-0.9343278,0,0,0,1.619411,0.4560117,-2.677627,0.003671527,0.08542511,1.131045,0.9816957,0.0045762,-0.1904013,-0.04942088,0.9715886,-0.2314589,0.1839326,0.236632,0.9540305,moving,9.71704,20.54568,0.1859893,4.319212,-0.1719604046472886,4.505397139893836,18.818586323127317,0.40347601833859775,18.45695191124815
2756,05/15/2023 18:38:36.802860,2939,True,True,True,True,Eyes,1.421898,0.1107255,-3.733781,0.1586032,0.3446215,0.9252464,0.0,0.0,0.0,0.0,0.0,0.0,0.0,-2.099803,-0.8957773,3.278552,1.412278,0.1046848,-3.73564,-0.1184525,0.09488401,0.01395134,0.9883175,346.3031,10.93171,0.3006569,0.3553459,0.02805996,-0.9343133,0,0,0,1.619441,0.4529395,-2.677626,0.003199518,0.08305748,1.129904,0.9816048,0.005098202,-0.1908563,-0.05005519,0.9715487,-0.2314898,0.184246,0.2367849,0.953932,moving,9.72695,20.42858,0.1622425,4.204164,-0.1623762491656668,4.488650864742074,18.83388712139935,0.43163654678520624,18.474402704472734
2757,05/15/2023 18:38:36.813309,2940,True,True,True,True,Eyes,1.421962,0.1105848,-3.733581,0.1588866,0.3429489,0.9258191,0.0,0.0,0.0,0.0,0.0,0.0,0.0,-2.100202,-0.8874572,3.280478,1.412441,0.1051645,-3.735493,-0.1170552,0.09496629,0.01365778,0.9884802,346.4669,10.94213,0.2810065,0.3553864,0.02802425,-0.934299,0,0,0,1.619471,0.4499926,-2.677626,0.002870858,0.08299586,1.128696,0.9815897,0.0047683,-0.1909421,-0.04923348,0.9722231,-0.2288194,0.1845472,0.2340075,0.954559,moving,9.738084,20.32602,0.1457324,4.205533,-0.1538032838263239,4.474005381808462,18.75855299150741,0.40224252097361884,18.39995353877008
2758,05/15/2023 18:38:36.833206,2941,True,True,True,True,Eyes,1.422031,0.1104267,-3.733379,0.1591819,0.341197,0.9264156,0.0,0.0,0.0,0.0,0.0,0.0,0.0,-2.10012,-0.8969012,3.277676,1.412576,0.104805,-3.735202,-0.1184851,0.09493899,0.01368843,0.988312,346.3023,10.9419,0.2688687,0.3554259,0.0279887,-0.934285,0,0,0,1.619501,0.446965,-2.677625,0.002782643,0.0772348,1.128002,0.9815984,0.00455917,-0.1909025,-0.0495546,0.9715478,-0.2316014,0.184415,0.2367997,0.9538957,moving,9.749674,20.21865,0.1413413,3.916953,-0.1448330738580808,4.458672456503618,18.922615631928327,0.6126628288117698,18.567754912936838
2759,05/15/2023 18:38:36.853008,2942,True,True,True,True,Eyes,1.422058,0.1102861,-3.733173,0.1595044,0.3394239,0.9270112,0.0,0.0,0.0,0.0,0.0,0.0,0.0,-2.101114,-0.884046,3.280293,1.41276,0.1042585,-3.734941,-0.1165852,0.09511122,0.01338494,0.9885256,346.5238,10.96179,0.2524992,0.3554647,0.02795288,-0.9342713,0,0,0,1.619531,0.4439491,-2.677625,0.002294898,0.07926284,1.126842,0.9815494,0.004285591,-0.1911606,-0.04863983,0.9724575,-0.2279488,0.1849188,0.233041,0.9547236,moving,9.762891,20.11014,0.116687,4.023598,-0.1356580365501603,4.443189877743182,18.75702761973176,0.4896277783577558,18.40202000970226
2760,05/15/2023 18:38:36.863353,2943,True,True,True,True,Eyes,1.422087,0.1101479,-3.732977,0.1598302,0.3376745,0.9275938,0.0,0.0,0.0,0.0,0.0,0.0,0.0,-2.10132,-0.8775182,3.281902,1.412907,0.1045513,-3.734866,-0.1154359,0.09517354,0.01302888,0.9886591,346.6597,10.9712,0.2231353,0.3555019,0.02791724,-0.9342582,0,0,0,1.619563,0.4408027,-2.677624,0.001975,0.07861385,1.125765,0.9815445,0.003789352,-0.1911964,-0.04773513,0.9730096,-0.2257736,0.1851804,0.2307336,0.9552332,moving,9.776421,20.00316,0.1005174,3.994564,-0.1265759816434342,4.4279299688001625,18.705567523272556,0.4892621658174214,18.351721236165528
2761,05/15/2023 18:38:36.883364,2944,True,True,True,True,Eyes,1.422073,0.1100084,-3.732767,0.1602109,0.3359273,0.9281624,0.0,0.0,0.0,0.0,0.0,0.0,0.0,-2.101645,-0.8751023,3.28244,1.412994,0.1044893,-3.734925,-0.1148637,0.09527618,0.01255292,0.9887219,346.7307,10.9883,0.1727845,0.3555377,0.02788184,-0.9342456,0,0,0,1.619591,0.4379986,-2.677624,0.001511216,0.07733092,1.125084,0.9815297,0.002935141,-0.191287,-0.04671028,0.9732975,-0.2247446,0.1855195,0.2295286,0.9554575,moving,9.793371,19.89657,0.07695984,3.931954,-0.117274240230668,4.412756010705834,18.688970272800706,0.5185532291113677,18.336262645573672
2762,05/15/2023 18:38:36.903251,2945,True,True,True,True,Eyes,1.422061,0.1098655,-3.732563,0.1605822,0.3342458,0.9287051,0.0,0.0,0.0,0.0,0.0,0.0,0.0,-2.103284,-0.8699669,3.282381,1.413071,0.1043215,-3.734571,-0.114143,0.09552756,0.01247865,0.9887822,346.8142,11.01707,0.1688758,0.3555714,0.02784662,-0.9342338,0,0,0,1.619622,0.4348273,-2.677623,0.0009846091,0.0761295,1.12394,0.9814376,0.002869725,-0.1917608,-0.04648495,0.9736313,-0.223341,0.1860633,0.2281093,0.9556917,moving,9.81,19.79407,0.05019303,3.874983,-0.1083054174009817,4.398167176300872,18.672738497746643,0.5466657481131807,18.321033768254708
2763,05/15/2023 18:38:36.913368,2946,True,True,True,True,Eyes,1.422003,0.1097294,-3.732345,0.1609898,0.3325329,0.9292493,0.0,0.0,0.0,0.0,0.0,0.0,0.0,-2.103381,-0.8703242,3.282202,1.413122,0.1041021,-3.734537,-0.1141203,0.09556669,0.01226339,0.9887837,346.8192,11.02448,0.1435547,0.3556032,0.02781149,-0.9342228,0,0,0,1.619651,0.4319378,-2.677623,0.0007900596,0.07363738,1.123289,0.9814332,0.002439493,-0.1917887,-0.04606387,0.9736523,-0.2233366,0.1861907,0.2280245,0.9556872,moving,9.82877,19.68981,0.0402987,3.750668,-0.0990473929375465,4.383344056829834,18.70482339096223,0.6478397382861806,18.354885774658626
2764,05/15/2023 18:38:36.933112,2947,True,True,True,True,Eyes,1.421948,0.1096068,-3.732131,0.1613771,0.3308574,0.92978,0.0,0.0,0.0,0.0,0.0,0.0,0.0,-2.103571,-0.8647609,3.283236,1.413209,0.1041336,-3.734228,-0.1132271,0.09561968,0.01205517,0.9888839,346.9241,11.03128,0.12875,0.3556324,0.02777662,-0.9342127,0,0,0,1.619681,0.4289416,-2.677622,0.0006446838,0.07281469,1.122161,0.9814231,0.002188838,-0.1918435,-0.04549579,0.9740686,-0.2216315,0.1863836,0.2262423,0.956073,moving,9.846441,19.58784,0.03291655,3.712599,-0.0900427538808887,4.368840515410998,18.66356179668899,0.6676615287402711,18.314733334294363
2765,05/15/2023 18:38:36.953156,2948,True,True,True,True,Eyes,1.421876,0.1094866,-3.731912,0.1617093,0.3291434,0.9303305,0.0,0.0,0.0,0.0,0.0,0.0,0.0,-2.102941,-0.8626791,3.28408,1.413249,0.1043444,-3.734111,-0.1128402,0.0955393,0.01194169,0.9889371,346.9698,11.0224,0.1210205,0.3556593,0.02774232,-0.9342034,0,0,0,1.619712,0.425878,-2.677622,0.0008087158,0.07054459,1.121251,0.9814593,0.002057819,-0.1916598,-0.04518052,0.9742489,-0.220902,0.1862698,0.2254656,0.9562786,moving,9.86059,19.48337,0.04132526,3.600074,-0.0811055501847667,4.3539468235591725,18.67343171079765,0.7637496562248505,18.326847439200968
2766,05/15/2023 18:38:36.968918,2949,True,True,True,True,Eyes,1.421808,0.1093593,-3.731702,0.162023,0.3274643,0.9308683,0.0,0.0,0.0,0.0,0.0,0.0,0.0,-2.101996,-0.8582121,3.285611,1.413275,0.1042862,-3.73389,-0.1120931,0.09543335,0.01171405,0.9890352,347.058,11.01113,0.1044322,0.3556838,0.02770861,-0.9341951,0,0,0,1.619741,0.422979,-2.677621,0.001045108,0.06955405,1.120293,0.9815105,0.001776385,-0.1914,-0.04456603,0.9745958,-0.2194922,0.1861477,0.2239638,0.9566553,moving,9.873747,19.38104,0.05345052,3.552681,-0.0724025833361183,4.339352082696987,18.627269568779568,0.7966745859954245,18.282463833058678
2767,05/15/2023 18:38:36.982976,2950,True,True,True,True,Eyes,1.421718,0.1092131,-3.731486,0.1623151,0.3257481,0.9314194,0.0,0.0,0.0,0.0,0.0,0.0,0.0,-2.101076,-0.8557661,3.286826,1.413286,0.1039982,-3.733884,-0.1116793,0.09532237,0.01152345,0.9890949,347.1077,10.99958,0.08843084,0.3557062,0.02767523,-0.9341876,0,0,0,1.619773,0.4198022,-2.677621,0.001262307,0.06770866,1.119587,0.9815618,0.001504505,-0.1911395,-0.04408661,0.9747899,-0.2187259,0.1859918,0.2231196,0.9568828,moving,9.885457,19.27642,0.06459958,3.460831,-0.0636317477232604,4.324415512969384,18.61671549658774,0.8730529677231724,18.274166820739428
2768,05/15/2023 18:38:37.002950,2951,True,True,True,True,Eyes,1.421634,0.1090813,-3.731282,0.1626042,0.3239941,0.9319805,0.0,0.0,0.0,0.0,0.0,0.0,0.0,-2.100688,-0.8506181,3.288165,1.413363,0.103405,-3.733656,-0.1109933,0.09526891,0.01145376,0.9891781,347.1872,10.99254,0.08879621,0.3557261,0.02764169,-0.934181,0,0,0,1.619801,0.4169371,-2.67762,0.001389802,0.0670965,1.118761,0.9815854,0.001511208,-0.1910183,-0.04380801,0.9750986,-0.2174018,0.1859331,0.2217666,0.9572086,moving,9.896873,19.16952,0.0711767,3.432142,-0.054709785729487,4.309148628520192,18.552880479718443,0.8859955043665145,18.212080442857925
2769,05/15/2023 18:38:37.021722,2952,True,True,True,True,Eyes,1.421552,0.1089646,-3.731084,0.1628323,0.3222263,0.9325534,0.0,0.0,0.0,0.0,0.0,0.0,0.0,-2.100893,-0.8417447,3.290426,1.413385,0.1036425,-3.733737,-0.1096157,0.09531125,0.0113063,0.9893292,347.3469,10.99609,0.08667862,0.355744,0.02760836,-0.9341752,0,0,0,1.619833,0.4137529,-2.67762,0.001312315,0.06685874,1.1179,0.9815758,0.001476084,-0.1910672,-0.04326653,0.9757131,-0.2147368,0.1861098,0.2190472,0.9578003,moving,9.904513,19.06163,0.06726013,3.422637,-0.0459880428889752,4.293706433189833,18.47565008551451,0.8784003108494144,18.136552188121573
2770,05/15/2023 18:38:37.033146,2953,True,True,True,True,Eyes,1.42148,0.10885,-3.730886,0.1630611,0.3205532,0.9330899,0.0,0.0,0.0,0.0,0.0,0.0,0.0,-2.101224,-0.840625,3.290473,1.413372,0.1038961,-3.733711,-0.1094812,0.09534666,0.01142159,0.9893395,347.3611,10.99845,0.1011332,0.3557599,0.02757559,-0.9341701,0,0,0,1.619862,0.4108416,-2.677619,0.00132674,0.06405076,1.117175,0.9815572,0.00172234,-0.1911613,-0.04347699,0.9757668,-0.2144501,0.1861595,0.2188061,0.9578458,moving,9.912561,18.95962,0.06804354,3.281335,-0.0376815654444269,4.279113041470214,18.51278327430724,1.0033637515683784,18.176360040367125
2771,05/15/2023 18:38:37.042934,2954,True,True,True,True,Eyes,1.421412,0.1087284,-3.730689,0.1632844,0.3188877,0.9336214,0.0,0.0,0.0,0.0,0.0,0.0,0.0,-2.102765,-0.8417922,3.288969,1.413511,0.1038246,-3.733465,-0.1097942,0.09552988,0.01164928,0.9892845,347.3226,11.01777,0.1216628,0.3557744,0.02754337,-0.9341655,0,0,0,1.619892,0.4078154,-2.677619,0.0009201169,0.06047612,1.116313,0.9814767,0.002071647,-0.1915706,-0.04402612,0.975619,-0.2150096,0.1864544,0.219461,0.9576385,moving,9.920332,18.85811,0.04722584,3.100961,-0.0294331115456093,4.264589102874077,18.594783404353784,1.1661504862797067,18.261034980320677
2772,05/15/2023 18:38:37.063059,2955,True,True,True,True,Eyes,1.421352,0.1086073,-3.730488,0.1635128,0.3172535,0.934138,0.0,0.0,0.0,0.0,0.0,0.0,0.0,-2.103991,-0.8412354,3.288109,1.413446,0.1035395,-3.733305,-0.109774,0.09572476,0.01165343,0.9892678,347.3249,11.04053,0.1198358,0.3557876,0.02751148,-0.9341614,0,0,0,1.619922,0.404846,-2.677618,0.000608325,0.05793163,1.115587,0.9814019,0.002040547,-0.1919534,-0.04407288,0.9756278,-0.2149607,0.1868364,0.2194227,0.957573,moving,9.928549,18.7586,0.03124314,2.972658,-0.0213035181837808,4.250356557983083,18.632032313028937,1.278778618979193,18.300545339503536
2773,05/15/2023 18:38:37.082825,2956,True,True,True,True,Eyes,1.421317,0.1084766,-3.730294,0.1636992,0.3155347,0.9346873,0.0,0.0,0.0,0.0,0.0,0.0,0.0,-2.105597,-0.837003,3.287823,1.413554,0.1034374,-3.732968,-0.1093071,0.09592792,0.01185173,0.9892974,347.3762,11.06073,0.1455289,0.3557999,0.02747989,-0.9341577,0,0,0,1.619949,0.4021182,-2.677618,0.0002363324,0.05644492,1.114625,0.9813147,0.002478552,-0.1923936,-0.04442097,0.9758229,-0.2140007,0.1872115,0.2185483,0.9576997,moving,9.933914,18.65381,0.01214835,2.898998,-0.0129821513660367,4.235340098862997,18.618687783215655,1.3365783730453173,18.289295873785314
2774,05/15/2023 18:38:37.093167,2957,True,True,True,True,Eyes,1.421281,0.1083377,-3.730103,0.1638801,0.3137375,0.9352604,0.0,0.0,0.0,0.0,0.0,0.0,0.0,-2.105663,-0.8309727,3.289157,1.413521,0.1031017,-3.732856,-0.1084808,0.09594864,0.0118234,0.9893867,347.4713,11.06159,0.1513504,0.3558118,0.02744831,-0.934154,0,0,0,1.61998,0.3990405,-2.677617,0.0003080368,0.05563941,1.113839,0.9813081,0.002578654,-0.1924258,-0.044213,0.9761842,-0.2123901,0.1872954,0.2169278,0.9580515,moving,9.938697,18.54427,0.01584539,2.859709,-0.0043437155107033,4.219635750628238,18.55986093258246,1.3600766033777656,18.232719455656454
2775,05/15/2023 18:38:37.113210,2958,True,True,True,True,Eyes,1.421273,0.1081952,-3.729917,0.1639493,0.3117714,0.9359056,0.0,0.0,0.0,0.0,0.0,0.0,0.0,-2.10446,-0.8190475,3.292745,1.413459,0.1028032,-3.732737,-0.1065965,0.09583873,0.01139642,0.9896072,347.6923,11.04971,0.1245482,0.3558234,0.02741656,-0.9341506,0,0,0,1.62001,0.3960665,-2.677617,0.000621438,0.05734154,1.112949,0.9813702,0.002123813,-0.1921151,-0.04298809,0.9770146,-0.2087928,0.1872558,0.2131617,0.9589044,moving,9.936092,18.42409,0.03199227,2.949394,0.0045616153899672,4.202337356751527,18.37273544560532,1.2532435900654426,18.047690946585323
2776,05/15/2023 18:38:37.133038,2959,True,True,True,True,Eyes,1.421265,0.1080531,-3.72974,0.1639846,0.3097331,0.9365759,0.0,0.0,0.0,0.0,0.0,0.0,0.0,-2.102821,-0.8068668,3.296566,1.413406,0.1026173,-3.732558,-0.1048656,0.09560755,0.01138652,0.9898146,347.891,11.01885,0.1458659,0.3558352,0.02738453,-0.934147,0,0,0,1.62004,0.3930327,-2.677616,0.001340926,0.05844803,1.111991,0.9814591,0.00248919,-0.1916555,-0.04259296,0.9777471,-0.2054178,0.1868793,0.2097723,0.9597249,moving,9.931218,18.29946,0.06909173,3.00879,0.0136383867035314,4.184379454575026,18.195222549183732,1.1768966135522545,17.87297813396931
2777,05/15/2023 18:38:37.142748,2960,True,True,True,True,Eyes,1.421294,0.1078928,-3.729566,0.1639178,0.3075705,0.9373,0.0,0.0,0.0,0.0,0.0,0.0,0.0,-2.099677,-0.7933354,3.301873,1.413386,0.102519,-3.732589,-0.1029059,0.09514436,0.01136758,0.990065,348.116,10.96059,0.1714047,0.3558472,0.02735226,-0.9341434,0,0,0,1.620072,0.3898066,-2.677616,0.002508163,0.05974151,1.111146,0.9816366,0.002927456,-0.1907377,-0.04209112,0.9785622,-0.201604,0.1860586,0.2059303,0.9607159,moving,9.919741,18.167,0.1293322,3.077582,0.0228265937843511,4.165238298989787,17.987291070359692,1.092858485297856,17.668564959131803
2778,05/15/2023 18:38:37.162813,2961,True,True,True,True,Eyes,1.421322,0.1077341,-3.729392,0.1638352,0.3052792,0.9380633,0.0,0.0,0.0,0.0,0.0,0.0,0.0,-2.096704,-0.7825805,3.306061,1.413447,0.1019659,-3.732346,-0.1013667,0.09471729,0.01124479,0.9902661,348.294,10.90884,0.1795363,0.3558601,0.02731931,-0.9341394,0,0,0,1.6201,0.3869968,-2.677615,0.003505647,0.06102918,1.110256,0.9818044,0.003068324,-0.1898704,-0.04147302,0.9791967,-0.1986298,0.185311,0.2028901,0.9615068,moving,9.906932,18.02673,0.1809116,3.146302,0.0325087993305707,4.144962830954791,17.777024787190914,1.0096270829023177,17.461937434572935
2779,05/15/2023 18:38:37.183210,2962,True,True,True,True,Eyes,1.42136,0.10757,-3.729223,0.1637679,0.3028966,0.9388471,0.0,0.0,0.0,0.0,0.0,0.0,0.0,-2.093624,-0.7648319,3.311987,1.413454,0.1018944,-3.732191,-0.09859913,0.09432098,0.01079312,0.9905884,348.6163,10.86207,0.1626622,0.3558738,0.02728578,-0.9341352,0,0,0,1.620131,0.3839753,-2.677615,0.004426718,0.06440941,1.109165,0.9819742,0.002783139,-0.1889949,-0.03998299,0.9803234,-0.1933063,0.184738,0.1973783,0.9627635,moving,9.894839,17.88106,0.2286683,3.323443,0.0426518454739724,4.12391738153867,17.47452628028089,0.8218037216112793,17.162314553399646
2780,05/15/2023 18:38:37.203071,2963,True,True,True,True,Eyes,1.421395,0.1074024,-3.729051,0.1636911,0.3004677,0.9396406,0.0,0.0,0.0,0.0,0.0,0.0,0.0,-2.090286,-0.7528273,3.316679,1.413361,0.1016445,-3.732089,-0.0968334,0.09385908,0.01066307,0.9908078,348.8202,10.80607,0.1724511,0.3558884,0.0272516,-0.9341307,0,0,0,1.620161,0.3809434,-2.677614,0.005632281,0.06563916,1.10831,0.9821536,0.002952719,-0.1880578,-0.03930748,0.9810192,-0.1898849,0.1839276,0.1938882,0.9636276,moving,9.882106,17.73265,0.2911669,3.389358,0.0529556188985711,4.102472469475269,17.25445270697314,0.7518489615733855,16.94617384895598
2781,05/15/2023 18:38:37.223166,2964,True,True,True,True,Eyes,1.421463,0.1072372,-3.728888,0.163629,0.2979866,0.9404411,0.0,0.0,0.0,0.0,0.0,0.0,0.0,-2.088498,-0.740569,3.320258,1.413355,0.1014233,-3.731825,-0.0950194,0.09362498,0.01047641,0.9910076,349.0302,10.77729,0.1734543,0.3559038,0.02721674,-0.9341258,0,0,0,1.620192,0.377858,-2.677614,0.0062626,0.06693533,1.107268,0.9822493,0.002972028,-0.1875571,-0.03855678,0.9817232,-0.1863682,0.1835752,0.1902916,0.9644114,moving,9.870185,17.58124,0.3240559,3.459371,0.0635455975621334,4.080603410080539,17.045696373191323,0.6736433218037153,16.7409735606265
2782,05/15/2023 18:38:37.233215,2965,True,True,True,True,Eyes,1.421529,0.107074,-3.728721,0.1635758,0.2955418,0.9412215,0.0,0.0,0.0,0.0,0.0,0.0,0.0,-2.086929,-0.7293149,3.323695,1.413421,0.1013536,-3.731767,-0.09337795,0.09339342,0.01039859,0.9911863,349.2192,10.74802,0.1850141,0.3559205,0.02718132,-0.9341205,0,0,0,1.620222,0.3748188,-2.677613,0.006802201,0.06767965,1.106419,0.9823391,0.003172106,-0.1870825,-0.03805563,0.9823449,-0.1831676,0.1831985,0.1870522,0.9651166,moving,9.859019,17.43219,0.3522469,3.500422,0.0740119866861922,4.059080194160469,16.86632370634343,0.6241102826339094,16.56521379736489
2783,05/15/2023 18:38:37.253265,2966,True,True,True,True,Eyes,1.421627,0.1069072,-3.728558,0.1635728,0.2930942,0.9419872,0.0,0.0,0.0,0.0,0.0,0.0,0.0,-2.086678,-0.7227551,3.325088,1.413429,0.101387,-3.731588,-0.09239735,0.09337065,0.01030494,0.9912814,349.3326,10.74456,0.1851598,0.3559385,0.02714544,-0.9341147,0,0,0,1.620252,0.3718314,-2.677613,0.006920516,0.06693143,1.105554,0.9823515,0.003175801,-0.1870175,-0.0376846,0.982713,-0.1812592,0.1832089,0.1851079,0.9654893,moving,9.850984,17.28325,0.3586538,3.464519,0.0846981942877219,4.037600153945137,16.76489364941493,0.635195783131682,16.467495246904132
2784,05/15/2023 18:38:37.263346,2967,True,True,True,True,Eyes,1.421719,0.1067418,-3.728393,0.1635735,0.2906271,0.9427511,0.0,0.0,0.0,0.0,0.0,0.0,0.0,-2.086784,-0.7156163,3.326227,1.413487,0.101037,-3.731275,-0.09139089,0.09339795,0.01020323,0.9913731,349.449,10.74698,0.1841087,0.3559581,0.02710906,-0.9341083,0,0,0,1.620287,0.368394,-2.677612,0.006906629,0.06619973,1.104544,0.9823455,0.003158965,-0.1870494,-0.03730185,0.9830872,-0.179299,0.1833194,0.1831108,0.965849,moving,9.843201,17.13325,0.3582614,3.429862,0.0954829842338311,4.015969943271956,16.66574096445136,0.642320026901746,16.371978783554148
2785,05/15/2023 18:38:37.283088,2968,True,True,True,True,Eyes,1.421836,0.1065891,-3.728234,0.1635474,0.288259,0.9434824,0.0,0.0,0.0,0.0,0.0,0.0,0.0,-2.086514,-0.7054705,3.328329,1.413459,0.1009274,-3.73108,-0.08989316,0.09338421,0.01005132,0.9915128,349.6222,10.74427,0.1830653,0.3559793,0.02707225,-0.9341013,0,0,0,1.620312,0.3658148,-2.677612,0.00704813,0.06714371,1.103716,0.9823567,0.003142823,-0.1869903,-0.03672121,0.9836364,-0.1763832,0.1833761,0.1801377,0.9663972,moving,9.834178,16.98931,0.3658755,3.481255,0.1057188034546646,3.9952000081128025,16.495948051401324,0.5760390421850331,16.205275445588285
2786,05/15/2023 18:38:37.303275,2969,True,True,True,True,Eyes,1.421951,0.1064355,-3.72807,0.163498,0.2859717,0.9441867,0.0,0.0,0.0,0.0,0.0,0.0,0.0,-2.084416,-0.7046609,3.329715,1.413511,0.1011,-3.730966,-0.08964239,0.09309393,0.00985318,0.9915648,349.6531,10.71206,0.1659812,0.3560022,0.02703537,-0.9340936,0,0,0,1.620342,0.3628171,-2.677611,0.007623851,0.06464139,1.102993,0.9824729,0.002849818,-0.1863837,-0.03623044,0.9837343,-0.1759379,0.1828507,0.179607,0.9665955,moving,9.824078,16.85032,0.3960203,3.354008,0.1155015331960409,3.975132212795711,16.46325331141671,0.6815321461606239,16.17701487532848
2787,05/15/2023 18:38:37.313454,2970,True,True,True,True,Eyes,1.422096,0.1062852,-3.727903,0.1634688,0.2837251,0.9448693,0.0,0.0,0.0,0.0,0.0,0.0,0.0,-2.082005,-0.7043,3.330985,1.413579,0.1009312,-3.730665,-0.08950045,0.09276187,0.009644534,0.9916108,349.6717,10.67527,0.146926,0.3560268,0.02699841,-0.9340853,0,0,0,1.620373,0.3597385,-2.677611,0.008304238,0.06219161,1.102147,0.9826045,0.002522793,-0.1856938,-0.0357317,0.9837933,-0.1757099,0.1822411,0.1792885,0.9667698,moving,9.815398,16.71395,0.4316926,3.229643,0.1251894526013064,3.955453447197256,16.428038906218788,0.7878737110895287,16.146106562237435
2788,05/15/2023 18:38:37.333803,2971,True,True,True,True,Eyes,1.422234,0.1061436,-3.727731,0.1634488,0.2815779,0.9455149,0.0,0.0,0.0,0.0,0.0,0.0,0.0,-2.082243,-0.7004149,3.331296,1.413709,0.1008835,-3.730296,-0.08882359,0.09282193,0.009353538,0.9916689,349.7523,10.68404,0.12004,0.3560535,0.02696146,-0.9340762,0,0,0,1.620402,0.3568001,-2.67761,0.008078039,0.06096956,1.101172,0.9825933,0.002061669,-0.1857589,-0.03504077,0.9840458,-0.1744307,0.1824356,0.1779036,0.966989,moving,9.807653,16.58373,0.4203061,3.169111,0.1344800735227909,3.936666902879413,16.372974217780367,0.8190473621572691,16.094272137958104
2789,05/15/2023 18:38:37.353081,2972,True,True,True,True,Eyes,1.422368,0.1059747,-3.727543,0.1634723,0.2795413,0.9461149,0.0,0.0,0.0,0.0,0.0,0.0,0.0,-2.082789,-0.7017609,3.330322,1.413654,0.1009521,-3.730001,-0.08897509,0.09292865,0.009267499,0.9916461,349.7359,10.69764,0.1073419,0.3560821,0.02692472,-0.9340664,0,0,0,1.620433,0.3537116,-2.67761,0.007942498,0.05759782,1.100361,0.9825568,0.001843489,-0.1859538,-0.03491682,0.9839951,-0.1747412,0.1826555,0.178186,0.9668954,moving,9.802931,16.46043,0.4135587,2.996384,0.1434672668953027,3.918901513869901,16.41465341937268,0.9612429170783273,16.139598854452434
2790,05/15/2023 18:38:37.363383,2973,True,True,True,True,Eyes,1.422492,0.1057642,-3.727349,0.1635,0.2773267,0.9467617,0.0,0.0,0.0,0.0,0.0,0.0,0.0,-2.08282,-0.70184,3.329588,1.413655,0.1001282,-3.729402,-0.08913235,0.09294659,0.009297584,0.9916298,349.7175,10.69971,0.108917,0.3561123,0.02688752,-0.9340559,0,0,0,1.620463,0.3507833,-2.677609,0.008040547,0.05527855,1.099428,0.982549,0.001870429,-0.1859946,-0.03500862,0.983938,-0.1750442,0.1826797,0.178501,0.9668326,moving,9.797995,16.32643,0.4190189,2.878372,0.1532486362142793,3.8995961516452633,16.39559259849229,1.0552405417800812,16.124178204606057
2791,05/15/2023 18:38:37.382874,2974,True,True,True,True,Eyes,1.422587,0.1055811,-3.72717,0.1636525,0.2748233,0.9474651,0.0,0.0,0.0,0.0,0.0,0.0,0.0,-2.082813,-0.676246,3.334483,1.413563,0.09896755,-3.729107,-0.085757,0.09294146,0.00947678,0.9919264,350.1022,10.69133,0.1663288,0.3561438,0.02684886,-0.934045,0,0,0,1.620493,0.3477874,-2.677609,0.008442223,0.06088843,1.098454,0.9825442,0.002859778,-0.1860076,-0.03474128,0.9851119,-0.1683677,0.1827568,0.1718908,0.9680153,moving,9.799814,16.17542,0.4403408,3.172716,0.1648095209261229,3.87790467240596,16.02092537568084,0.7571053753855979,15.750960097453255
2792,05/15/2023 18:38:37.403005,2975,True,True,True,True,Eyes,1.422678,0.105401,-3.726994,0.1637733,0.2723443,0.9481598,0.0,0.0,0.0,0.0,0.0,0.0,0.0,-2.079737,-0.6480259,3.34225,1.413434,0.0995388,-3.729368,-0.08126555,0.09258139,0.008699981,0.9923452,350.6248,10.64946,0.1288846,0.3561759,0.02680957,-0.9340339,0,0,0,1.620524,0.3446844,-2.677608,0.009309828,0.06723786,1.097529,0.9827061,0.002219414,-0.1851594,-0.03231411,0.9866405,-0.159676,0.1823314,0.1628979,0.9696492,moving,9.799861,16.02589,0.4860016,3.505726,0.1761292817536576,3.856410453691725,15.60456611091332,0.46797482803717766,15.336118734670983
2793,05/15/2023 18:38:37.421125,2976,True,True,True,True,Eyes,1.422731,0.1052122,-3.726803,0.1639869,0.2698975,0.9488222,0.0,0.0,0.0,0.0,0.0,0.0,0.0,-2.077948,-0.6398618,3.344862,1.413418,0.09943199,-3.729311,-0.08027879,0.09228379,0.009038382,0.9924502,350.7343,10.61014,0.1813253,0.3562082,0.02676978,-0.9340227,0,0,0,1.620552,0.3417974,-2.677608,0.01015931,0.06658754,1.096898,0.9828041,0.003123429,-0.1846252,-0.03275713,0.9869472,-0.1576772,0.1817228,0.1610136,0.9700782,moving,9.80568,15.87868,0.5306501,3.473895,0.1876940485573035,3.835300174697119,15.488862790473641,0.4982294185603862,15.223759270300226
2794,05/15/2023 18:38:37.433186,2977,True,True,True,True,Eyes,1.422781,0.1050278,-3.726614,0.1641886,0.2673989,0.9494945,0.0,0.0,0.0,0.0,0.0,0.0,0.0,-2.076567,-0.6311337,3.347051,1.413627,0.09905052,-3.728948,-0.07918143,0.09204042,0.009215419,0.9925594,350.8581,10.57857,0.2157621,0.3562401,0.02672935,-0.9340117,0,0,0,1.620583,0.3387209,-2.677608,0.01067877,0.06635106,1.095935,0.9828873,0.003717923,-0.1841704,-0.03286948,0.9872908,-0.1554881,0.1812517,0.1588809,0.9705178,moving,9.810691,15.7284,0.5582711,3.464622,0.1994322753588616,3.813741527995976,15.362536406440181,0.5006493252746547,15.100590774088777
2795,05/15/2023 18:38:37.453055,2978,True,True,True,True,Eyes,1.422781,0.1048575,-3.726417,0.1644199,0.2649217,0.9501487,0.0,0.0,0.0,0.0,0.0,0.0,0.0,-2.075288,-0.6191045,3.349917,1.413609,0.09901237,-3.728802,-0.07729028,0.09189862,0.00883026,0.9927251,351.0786,10.56278,0.1929172,0.3562715,0.02668845,-0.9340008,0,0,0,1.620614,0.3356191,-2.677607,0.01102835,0.06756698,1.09506,0.9829534,0.003326303,-0.1838251,-0.03173777,0.9878964,-0.151833,0.1810951,0.155079,0.9711618,moving,9.817608,15.5796,0.5770062,3.530766,0.2111973791446744,3.792412285767665,15.184305133450106,0.4497497885175473,14.924908729511273
2796,05/15/2023 18:38:37.463336,2979,True,True,True,True,Eyes,1.422778,0.1046888,-3.726225,0.1646147,0.2625122,0.9507836,0.0,0.0,0.0,0.0,0.0,0.0,0.0,-2.072919,-0.6125985,3.352446,1.413622,0.0992012,-3.728673,-0.07611917,0.09159616,0.008399107,0.9928473,351.2173,10.52975,0.1584829,0.3563015,0.0266475,-0.9339906,0,0,0,1.620642,0.3328078,-2.677607,0.01164252,0.06727621,1.094306,0.9830793,0.002733613,-0.1831606,-0.03062249,0.9882706,-0.1496107,0.1806033,0.152688,0.9716321,moving,9.822578,15.43488,0.6095567,3.518025,0.2225118411486386,3.7716525192928048,15.062907905357408,0.4627425216099037,14.806631736442231
2797,05/15/2023 18:38:37.482706,2980,True,True,True,True,Eyes,1.422724,0.104506,-3.726018,0.1648457,0.2601691,0.9513874,0.0,0.0,0.0,0.0,0.0,0.0,0.0,-2.070429,-0.6099926,3.354324,1.413546,0.09907722,-3.728584,-0.07573883,0.09124663,0.008369358,0.9929087,351.2612,10.48888,0.1622078,0.35633,0.02660654,-0.9339808,0,0,0,1.620673,0.3297423,-2.677606,0.01252675,0.06521614,1.093734,0.9832081,0.00279819,-0.182467,-0.03044184,0.9883872,-0.1488761,0.1799315,0.1519309,0.9718754,moving,9.829972,15.29434,0.6561914,3.41234,0.233686590387712,3.7515148037992407,15.011334867257354,0.5418024194092983,14.758608099290386
2798,05/15/2023 18:38:37.503034,2981,True,True,True,True,Eyes,1.422672,0.1043304,-3.725818,0.1650652,0.2578245,0.9519874,0.0,0.0,0.0,0.0,0.0,0.0,0.0,-2.067776,-0.6046014,3.356677,1.413684,0.09856701,-3.728311,-0.07495412,0.09086108,0.008201698,0.9930051,351.3528,10.44445,0.154613,0.3563563,0.02656523,-0.933972,0,0,0,1.620702,0.326824,-2.677605,0.01328808,0.06462827,1.092971,0.9833541,0.002667827,-0.1816805,-0.02990947,0.9886292,-0.1473692,0.1792215,0.1503501,0.9722523,moving,9.83672,15.15377,0.6965541,3.384006,0.2448165386209516,3.731367130138748,14.902012524998723,0.5698478560913937,14.652379612185879
2799,05/15/2023 18:38:37.513235,2982,True,True,True,True,Eyes,1.422622,0.104161,-3.725613,0.1655518,0.2554333,0.9525474,0.0,0.0,0.0,0.0,0.0,0.0,0.0,-2.067144,-0.5967246,3.358424,1.413678,0.09858894,-3.728265,-0.07375471,0.09078574,0.00803723,0.993103,351.4918,10.43541,0.1489956,0.3563805,0.02652379,-0.933964,0,0,0,1.620734,0.3235874,-2.677605,0.01349503,0.0640623,1.09229,0.9833868,0.002571844,-0.1815049,-0.02935536,0.9889913,-0.1450327,0.1791337,0.1479514,0.9726364,moving,9.859467,15.01117,0.7078421,3.356526,0.2572658978928563,3.711067471710935,14.818332061235365,0.5733398373288336,14.570944858851945
2800,05/15/2023 18:38:37.533132,2983,True,True,True,True,Eyes,1.422573,0.1039893,-3.725414,0.1660265,0.2531356,0.953078,0.0,0.0,0.0,0.0,0.0,0.0,0.0,-2.06735,-0.5911894,3.359086,1.413933,0.09857368,-3.727999,-0.07307418,0.0907664,0.008226656,0.9931536,351.5677,10.43062,0.1781279,0.3564029,0.02648239,-0.9339566,0,0,0,1.620764,0.3206688,-2.677604,0.01343989,0.06267551,1.091478,0.9833875,0.003075305,-0.1814922,-0.02960602,0.989185,-0.1436543,0.1790876,0.1466412,0.9728432,moving,9.881783,14.87424,0.705475,3.286465,0.2692547499261465,3.6915790973707256,14.781108143893983,0.5953196943348951,14.535991718022629
2801,05/15/2023 18:38:37.554405,2984,True,True,True,True,Eyes,1.422548,0.1037902,-3.725207,0.1665664,0.2507958,0.9536022,0.0,0.0,0.0,0.0,0.0,0.0,0.0,-2.067694,-0.5918502,3.358656,1.413917,0.09834671,-3.72792,-0.07308891,0.09084499,0.007992842,0.9931473,351.5684,10.44172,0.1504009,0.3564238,0.02644096,-0.9339498,0,0,0,1.620794,0.3176051,-2.677604,0.01325548,0.05990001,1.090995,0.9833666,0.002596614,-0.1816133,-0.02915564,0.9891883,-0.1437239,0.1792765,0.1466283,0.9728104,moving,9.907941,14.73501,0.6961036,3.142613,0.2816976153895095,3.671793679997207,14.806809801224832,0.6721342962260568,14.564170275501525
2802,05/15/2023 18:38:37.563380,2985,True,True,True,True,Eyes,1.422516,0.1035952,-3.725019,0.1670654,0.2483722,0.9541491,0.0,0.0,0.0,0.0,0.0,0.0,0.0,-2.067137,-0.5873305,3.359253,1.413923,0.09753036,-3.727453,-0.07216466,0.09085757,0.00716162,0.99322,351.6829,10.4488,0.06443171,0.3564438,0.02639882,-0.9339434,0,0,0,1.620823,0.314703,-2.677603,0.01313961,0.06010061,1.090124,0.9833872,0.001112721,-0.1815167,-0.02733953,0.9894819,-0.1420494,0.1794494,0.1446521,0.9730743,moving,9.93145,14.59072,0.6905707,3.155632,0.2943303966300641,3.651257747063588,14.702213704232177,0.6345480747485082,14.461595126406602
2803,05/15/2023 18:38:37.583330,2986,True,True,True,True,Eyes,1.42252,0.1034174,-3.724834,0.1676116,0.2459339,0.9546846,0.0,0.0,0.0,0.0,0.0,0.0,0.0,-2.063999,-0.5740051,3.363675,1.413719,0.09747696,-3.727704,-0.06995029,0.09047961,0.006513594,0.9934174,351.943,10.40703,0.01639285,0.3564627,0.02635612,-0.9339374,0,0,0,1.620853,0.3117013,-2.677603,0.01405472,0.06210206,1.089703,0.9835421,0.000283287,-0.1806793,-0.02559957,0.9901291,-0.137801,0.1788567,0.1401584,0.9738409,moving,9.95779,14.44574,0.7389454,3.261751,0.3072216800665235,3.630647369627243,14.493747124573071,0.5678643340423473,14.255070558599533
2804,05/15/2023 18:38:37.603007,2987,True,True,True,True,Eyes,1.422519,0.1032489,-3.724659,0.1681285,0.2435476,0.9552054,0.0,0.0,0.0,0.0,0.0,0.0,0.0,-2.063846,-0.5678635,3.364731,1.413982,0.09773445,-3.727525,-0.06910744,0.09041032,0.006631374,0.9934819,352.0382,10.39685,0.03935471,0.3564813,0.02631336,-0.9339315,0,0,0,1.620884,0.30866,-2.677603,0.01407182,0.06066928,1.088924,0.983564,0.0006802493,-0.1805587,-0.02567236,0.9903604,-0.1361149,0.1787255,0.1385131,0.9741004,moving,9.982549,14.30388,0.740374,3.188931,0.3197616428440979,3.6104716685855687,14.455444994991542,0.5954924770841461,14.219189190896687
2805,05/15/2023 18:38:37.613320,2988,True,True,True,True,Eyes,1.422516,0.103084,-3.724474,0.1687122,0.2412483,0.9556859,0.0,0.0,0.0,0.0,0.0,0.0,0.0,-2.062692,-0.5650737,3.365902,1.413869,0.09780312,-3.727562,-0.06856574,0.09028181,0.006362389,0.9935329,352.103,10.38331,0.01515563,0.3564996,0.02627076,-0.9339257,0,0,0,1.620913,0.3057433,-2.677602,0.01443332,0.05894187,1.088503,0.9836174,0.0002620113,-0.1802682,-0.02502295,0.9905165,-0.1350958,0.1785233,0.1373934,0.9742959,moving,10.01157,14.16746,0.7596856,3.099509,0.3322004644195034,3.5911152041639856,14.425564262425384,0.6514754033075983,14.191667141002965
2806,05/15/2023 18:38:37.633244,2989,True,True,True,True,Eyes,1.422521,0.1029208,-3.724296,0.169273,0.2389767,0.9561573,0.0,0.0,0.0,0.0,0.0,0.0,0.0,-2.060067,-0.5679829,3.366637,1.413956,0.09773159,-3.727184,-0.068805,0.08992943,0.006007993,0.9935505,352.0793,10.34561,359.9747,0.3565176,0.02622839,-0.93392,0,0,0,1.620943,0.3027356,-2.677602,0.01510674,0.05564728,1.087736,0.9837532,-0.0004367057,-0.1795258,-0.02431369,0.9904596,-0.1356419,0.1778722,0.1378031,0.9743571,moving,10.03932,14.03271,0.7956865,2.928631,0.3444202888583215,3.571987690874667,14.448021688818274,0.7858428755237062,14.216910766776705
2807,05/15/2023 18:38:37.653011,2990,True,True,True,True,Eyes,1.422533,0.1027698,-3.724112,0.1699473,0.236776,0.9565851,0.0,0.0,0.0,0.0,0.0,0.0,0.0,-2.060251,-0.5621912,3.367583,1.41418,0.09762192,-3.727181,-0.06799722,0.08992347,0.005993707,0.9936066,352.1718,10.34386,359.9816,0.3565354,0.02618628,-0.9339144,0,0,0,1.620974,0.2995986,-2.677601,0.01495868,0.05441006,1.087194,0.9837557,-0.0003183236,-0.1795121,-0.02413986,0.9906809,-0.134047,0.1778818,0.1362029,0.9745803,moving,10.07408,13.90254,0.7882819,2.865053,0.3568042919120061,3.553579807172903,14.424013506272539,0.8125528231918514,14.194663157541086
2808,05/15/2023 18:38:37.662848,2991,True,True,True,True,Eyes,1.422541,0.1025947,-3.723934,0.1706133,0.2346524,0.9569898,0.0,0.0,0.0,0.0,0.0,0.0,0.0,-2.063436,-0.5662102,3.36465,1.41433,0.09777164,-3.72684,-0.06846198,0.09040028,0.005776089,0.993533,352.1209,10.40149,359.9479,0.3565533,0.02614471,-0.9339087,0,0,0,1.621003,0.2967225,-2.677601,0.01379609,0.05050194,1.086489,0.9835889,-0.0009004994,-0.1804223,-0.02385542,0.9905592,-0.1349941,0.1788404,0.1370828,0.9742815,moving,10.10856,13.77703,0.7274952,2.661295,0.3688152266448516,3.535839341806562,14.545237755775053,0.945240249392673,14.317779122520705
2809,05/15/2023 18:38:37.682926,2992,True,True,True,True,Eyes,1.42258,0.1024177,-3.723761,0.1712598,0.2323744,0.95743,0.0,0.0,0.0,0.0,0.0,0.0,0.0,-2.06455,-0.565889,3.363918,1.414238,0.09702587,-3.726804,-0.06837071,0.09060919,0.005453279,0.9935219,352.1347,10.4281,359.9101,0.3565711,0.02610301,-0.9339031,0,0,0,1.621034,0.2936674,-2.6776,0.0133965,0.0484869,1.086153,0.9835205,-0.001554117,-0.1807901,-0.02322593,0.9905914,-0.1348673,0.1792987,0.1368438,0.9742309,moving,10.1415,13.64226,0.7066444,2.55604,0.3814147388167499,3.516754311657656,14.557498895114207,1.0142713252070255,14.332102638368067
2810,05/15/2023 18:38:37.703398,2993,True,True,True,True,Eyes,1.422618,0.1022519,-3.723599,0.1718833,0.2301238,0.9578618,0.0,0.0,0.0,0.0,0.0,0.0,0.0,-2.06641,-0.5513372,3.365029,1.414319,0.0968523,-3.72663,-0.06626572,0.09088555,0.00526891,0.9936402,352.3775,10.45836,359.909,0.3565894,0.02606114,-0.9338973,0,0,0,1.621063,0.2906771,-2.677599,0.01280934,0.05031619,1.085394,0.9834241,-0.001574393,-0.1813132,-0.02251599,0.9911622,-0.1307308,0.1799166,0.1326463,0.9746973,moving,10.17316,13.50914,0.6761478,2.654191,0.3937961116461356,3.497895279026551,14.423007956717969,0.8896962326344818,14.198990312257768
2811,05/15/2023 18:38:37.721260,2994,True,True,True,True,Eyes,1.422642,0.1020965,-3.723441,0.1724343,0.2277836,0.958322,0.0,0.0,0.0,0.0,0.0,0.0,0.0,-2.066444,-0.5467622,3.365909,1.414343,0.09711266,-3.726752,-0.06549996,0.09089711,0.005101116,0.9936909,352.4668,10.45982,359.8977,0.3566082,0.02601939,-0.9338913,0,0,0,1.621094,0.2876555,-2.677599,0.01275867,0.04874247,1.085006,0.9834234,-0.001769651,-0.1813156,-0.02204538,0.9913675,-0.1292461,0.1799791,0.1311008,0.974895,moving,10.20028,13.37052,0.6737146,2.572208,0.4062629097129839,3.4782059553129097,14.399964943353897,0.9446495126069538,14.178404023683637
2812,05/15/2023 18:38:37.733223,2995,True,True,True,True,Eyes,1.422675,0.101939,-3.723248,0.1729426,0.2255288,0.9587636,0.0,0.0,0.0,0.0,0.0,0.0,0.0,-2.065605,-0.5436189,3.365694,1.414272,0.09687424,-3.725667,-0.06507967,0.0908168,0.005046686,0.9937261,352.5154,10.4503,359.8965,0.3566269,0.02597801,-0.9338853,0,0,0,1.621124,0.2846138,-2.677598,0.01323509,0.04702049,1.083558,0.9834537,-0.001790607,-0.1811509,-0.02185069,0.9914784,-0.1284261,0.1798371,0.1302594,0.9750339,moving,10.22511,13.23697,0.6998033,2.484766,0.4181791504101874,3.459225420158613,14.364586961924136,1.0143388601291212,14.145586448655914
2813,05/15/2023 18:38:37.752846,2996,True,True,True,True,Eyes,1.422727,0.1017793,-3.72302,0.1733869,0.223235,0.9592201,0.0,0.0,0.0,0.0,0.0,0.0,0.0,-2.064274,-0.5416633,3.365772,1.414506,0.09666348,-3.724631,-0.0649684,0.09059095,0.005298659,0.9937527,352.5255,10.42211,359.9283,0.3566462,0.02593693,-0.9338791,0,0,0,1.621155,0.2814888,-2.677598,0.01377726,0.04445248,1.082117,0.9835304,-0.001239986,-0.1807386,-0.02230221,0.9915021,-0.128165,0.1793616,0.1300851,0.9751449,moving,10.24605,13.10099,0.7294367,2.352341,0.4299958435309448,3.4398615807844477,14.356161883558498,1.1279919503935583,14.140041171808571
2814,05/15/2023 18:38:37.764678,2997,True,True,True,True,Eyes,1.422773,0.101633,-3.72284,0.1738133,0.2210317,0.959653,0.0,0.0,0.0,0.0,0.0,0.0,0.0,-2.063812,-0.5402966,3.3662,1.414552,0.09667206,-3.724545,-0.06480708,0.09051183,0.005367339,0.9937701,352.5432,10.4122,359.9385,0.3566666,0.02589607,-0.9338725,0,0,0,1.621185,0.2784762,-2.677598,0.01397252,0.04180177,1.081623,0.9835577,-0.00106381,-0.1805915,-0.02239942,0.9915425,-0.1278351,0.1792001,0.1297783,0.9752153,moving,10.26617,12.97043,0.7401121,2.213224,0.4413426044110302,3.42126968884032,14.36882945965288,1.2444426856308695,14.15541825388524
2815,05/15/2023 18:38:37.783041,2998,True,True,True,True,Eyes,1.42282,0.1014717,-3.722661,0.1742044,0.2187419,0.9601067,0.0,0.0,0.0,0.0,0.0,0.0,0.0,-2.063584,-0.5417293,3.367122,1.414459,0.0968504,-3.725492,-0.06483366,0.09049216,0.005098302,0.9937717,352.543,10.41196,359.9075,0.3566875,0.02585574,-0.9338656,0,0,0,1.621213,0.2757221,-2.677597,0.01390576,0.03877418,1.082187,0.9835705,-0.001600777,-0.1805181,-0.02186695,0.9915413,-0.127937,0.179196,0.1297824,0.9752156,moving,10.28402,12.83467,0.7361921,2.051999,0.4529174923652496,3.4019104689018675,14.402326600319109,1.3793134078966316,14.191793632716255
2816,05/15/2023 18:38:37.792810,2999,True,True,True,True,Eyes,1.422862,0.1013204,-3.722485,0.1745741,0.2164749,0.9605533,0.0,0.0,0.0,0.0,0.0,0.0,0.0,-2.062991,-0.53765,3.367966,1.414509,0.09635353,-3.725329,-0.06428871,0.09040776,0.00501882,0.9938149,352.6061,10.40198,359.9047,0.3567088,0.02581549,-0.9338585,0,0,0,1.621243,0.2727157,-2.677597,0.01410317,0.03749873,1.081656,0.9836025,-0.001648843,-0.1803425,-0.02159995,0.9916835,-0.1268747,0.1790519,0.1286896,0.9753869,moving,10.30069,12.70028,0.7470087,1.985528,0.464302717792833,3.3827378710098266,14.355442758879772,1.4255237970735584,14.147611027691461
2817,05/15/2023 18:38:37.813120,3000,True,True,True,True,Eyes,1.422926,0.1011584,-3.722317,0.1748431,0.2141468,0.961026,0.0,0.0,0.0,0.0,0.0,0.0,0.0,-2.062151,-0.5323653,3.36921,1.414453,0.09645939,-3.72525,-0.06343844,0.09030873,0.004839346,0.9938796,352.7052,10.3906,359.8938,0.3567305,0.02577556,-0.9338514,0,0,0,1.621272,0.2697758,-2.677596,0.0144093,0.03635979,1.081139,0.9836419,-0.001838633,-0.1801259,-0.02107753,0.9919043,-0.1252263,0.1788979,0.1269744,0.9756398,moving,10.31126,12.56207,0.7635871,1.92619,0.4755325562755534,3.362962844926168,14.292655497835048,1.4653639916681227,14.087805692577202
2818,05/15/2023 18:38:37.837200,3001,True,True,True,True,Eyes,1.422985,0.100988,-3.722151,0.1750749,0.2117878,0.9615065,0.0,0.0,0.0,0.0,0.0,0.0,0.0,-2.059545,-0.5299796,3.371085,1.414443,0.09606743,-3.725177,-0.06313208,0.08993101,0.004813786,0.9939334,352.7405,10.34662,359.8969,0.3567529,0.02573566,-0.9338439,0,0,0,1.621303,0.2666979,-2.677596,0.01528609,0.0343715,1.080702,0.9837784,-0.0017859,-0.1793788,-0.02092423,0.9919823,-0.1246323,0.1781631,0.126364,0.9758536,moving,10.31959,12.42199,0.8103713,1.821666,0.4867406955095201,3.3428994336740043,14.24050944276242,1.5552774440242083,14.038918704827935
2819,05/15/2023 18:38:37.853221,3002,True,True,True,True,Eyes,1.423079,0.1008194,-3.721991,0.1751756,0.2092607,0.9620413,0.0,0.0,0.0,0.0,0.0,0.0,0.0,-2.05698,-0.5187663,3.374248,1.414402,0.09571934,-3.725068,-0.06156129,0.08956382,0.004755353,0.9940655,352.9207,10.30234,359.9092,0.3567757,0.02569555,-0.9338363,0,0,0,1.621334,0.263644,-2.677595,0.0162068,0.03509649,1.08015,0.9839114,-0.001573062,-0.1786501,-0.02048159,0.9923752,-0.1215401,0.1774791,0.1232437,0.976377,moving,10.31978,12.27167,0.8596135,1.861013,0.4981306628661364,3.321292903838247,14.066859257821957,1.5043560878649003,13.868727271132283
2820,05/15/2023 18:38:37.868903,3003,True,True,True,True,Eyes,1.42317,0.1006471,-3.721833,0.1752512,0.2066952,0.962582,0.0,0.0,0.0,0.0,0.0,0.0,0.0,-2.053757,-0.5093682,3.377503,1.414518,0.09564686,-3.724902,-0.06004673,0.08910897,0.004369233,0.9942007,353.0977,10.25034,359.8838,0.3567997,0.02565531,-0.9338283,0,0,0,1.621365,0.2604741,-2.677595,0.01710713,0.03539283,1.079472,0.984081,-0.002013612,-0.1777091,-0.01938918,0.9927506,-0.1186183,0.1766596,0.1201757,0.976908,moving,10.31846,12.11909,0.9079292,1.877893,0.5095816380526625,3.2993483069856278,13.908278323737903,1.4762167760417142,13.713734204972685
2821,05/15/2023 18:38:37.883056,3004,True,True,True,True,Eyes,1.423247,0.100463,-3.721672,0.1752371,0.2039714,0.9631654,0.0,0.0,0.0,0.0,0.0,0.0,0.0,-2.051448,-0.4978359,3.380548,1.414546,0.09541702,-3.724828,-0.05830361,0.0887886,0.00407669,0.9943342,353.3,10.21292,359.8704,0.3568246,0.02561484,-0.9338199,0,0,0,1.621394,0.2576207,-2.677594,0.01780677,0.03661267,1.078953,0.9841999,-0.002246204,-0.1770463,-0.01846056,0.9931681,-0.1152226,0.1760955,0.1166705,0.9774346,moving,10.31153,11.95698,0.9455097,1.943503,0.5213450597972393,3.275984763567756,13.711019578774623,1.3983645062139465,13.520335991639046
2822,05/15/2023 18:38:37.903339,3005,True,True,True,True,Eyes,1.423319,0.1002675,-3.721509,0.1752139,0.2011439,0.9637641,0.0,0.0,0.0,0.0,0.0,0.0,0.0,-2.04956,-0.4871644,3.383119,1.414665,0.09500122,-3.724678,-0.05664995,0.08852899,0.003656763,0.9944547,353.4933,10.18346,359.841,0.3568501,0.02557388,-0.9338112,0,0,0,1.621425,0.2545249,-2.677594,0.01827443,0.0376199,1.078346,0.9842986,-0.002757349,-0.1764904,-0.01730329,0.9935548,-0.1120241,0.1756617,0.113319,0.9779068,moving,10.30393,11.78878,0.9708823,1.998048,0.5335205487332909,3.251739939717984,13.526426448485914,1.327790940315878,13.339743098599646
2823,05/15/2023 18:38:37.913303,3006,True,True,True,True,Eyes,1.423382,0.1000603,-3.72134,0.175128,0.1981141,0.9644071,0.0,0.0,0.0,0.0,0.0,0.0,0.0,-2.04751,-0.4708503,3.3864,1.414635,0.09458542,-3.724454,-0.05401685,0.08829638,0.002849065,0.9946245,353.8025,10.15819,359.7769,0.356876,0.0255322,-0.9338024,0,0,0,1.621454,0.2516097,-2.677593,0.01878732,0.04099924,1.077644,0.9843914,-0.003871488,-0.1759513,-0.01520647,0.9941481,-0.1069498,0.1753357,0.1079561,0.9785719,moving,10.29227,11.60854,0.9987767,2.178782,0.546311381627207,3.2257289082266394,13.239688578501719,1.1405361427747531,13.057245795605228
2824,05/15/2023 18:38:37.933198,3007,True,True,True,True,Eyes,1.423439,0.09984247,-3.721172,0.1750195,0.1949645,0.9650685,0.0,0.0,0.0,0.0,0.0,0.0,0.0,-2.044536,-0.4535338,3.390309,1.41466,0.09416866,-3.72423,-0.05125746,0.08791408,0.002073833,0.9948062,354.1256,10.11501,359.7186,0.3569022,0.02548957,-0.9337935,0,0,0,1.621485,0.248512,-2.677593,0.01957685,0.0444571,1.076889,0.9845336,-0.00488638,-0.1751275,-0.01313862,0.9947368,-0.1016178,0.1747023,0.1023471,0.9792876,moving,10.27913,11.42125,1.04147,2.363994,0.5595279125089077,3.1986915192712697,12.937088100694686,0.9638403002431903,12.759154036396641
2825,05/15/2023 18:38:37.952892,3008,True,True,True,True,Eyes,1.423509,0.09962716,-3.721003,0.1748997,0.1917093,0.965742,0.0,0.0,0.0,0.0,0.0,0.0,0.0,-2.041455,-0.4334094,3.394587,1.414598,0.09375477,-3.724074,-0.04823944,0.08750087,0.001575731,0.9949946,354.4755,10.06618,359.6945,0.3569285,0.02544583,-0.9337847,0,0,0,1.621515,0.2455372,-2.677592,0.02056432,0.04850954,1.076196,0.9846823,-0.005306297,-0.1742778,-0.01157766,0.9953409,-0.0957202,0.1739737,0.09627171,0.9800332,moving,10.26523,11.22782,1.094694,2.58086,0.5731537366173987,3.170764875930364,12.604310682020497,0.7873957130792696,12.431064662990636
2826,05/15/2023 18:38:37.963031,3009,True,True,True,True,Eyes,1.423579,0.09941813,-3.720831,0.1748004,0.1884352,0.9664041,0.0,0.0,0.0,0.0,0.0,0.0,0.0,-2.040334,-0.4147378,3.397434,1.414821,0.09366322,-3.723846,-0.04552251,0.08731377,0.001350082,0.9951394,354.7882,10.04239,359.6972,0.3569551,0.02540115,-0.9337757,0,0,0,1.621545,0.2425582,-2.677592,0.02084237,0.05153181,1.075391,0.984749,-0.005262442,-0.1739017,-0.01063652,0.9958518,-0.09036671,0.1736558,0.09083822,0.9806081,moving,10.25264,11.03343,1.110322,2.743466,0.5869476672811319,3.1427116833358166,12.341210699701223,0.6582687960181641,12.172660755847721
2827,05/15/2023 18:38:37.983173,3010,True,True,True,True,Eyes,1.423652,0.09920426,-3.720655,0.1747708,0.1852107,0.9670326,0.0,0.0,0.0,0.0,0.0,0.0,0.0,-2.041629,-0.4015347,3.398039,1.414909,0.09363461,-3.723629,-0.04364966,0.08749104,0.001282636,0.9952078,355.0029,10.06094,359.7076,0.3569821,0.02535577,-0.9337667,0,0,0,1.621574,0.2396308,-2.677591,0.02048087,0.05268751,1.074721,0.9846873,-0.005084928,-0.1742554,-0.01019088,0.9961861,-0.08665653,0.1740315,0.0871054,0.9808801,moving,10.24442,10.84227,1.091749,2.806642,0.6008155776692011,3.11516098828187,12.179601955262125,0.5798272081335087,12.015574509874678
2828,05/15/2023 18:38:38.002549,3011,True,True,True,True,Eyes,1.423719,0.09898044,-3.720473,0.1747844,0.1819766,0.967644,0.0,0.0,0.0,0.0,0.0,0.0,0.0,-2.044336,-0.3906963,3.397415,1.415071,0.09334183,-3.723338,-0.04209961,0.08787471,0.001110532,0.9952409,355.1819,10.10423,359.7017,0.3570095,0.02530967,-0.9337574,0,0,0,1.621605,0.2365157,-2.677591,0.01958942,0.05325336,1.074021,0.9845536,-0.00518849,-0.1750064,-0.009609472,0.9964527,-0.08360333,0.1748194,0.08399367,0.9810113,moving,10.23887,10.65073,1.04492,2.838581,0.6149067982348466,3.0875790035241817,12.06475812441762,0.49690176036249556,11.905184148594417
2829,05/15/2023 18:38:38.012998,3012,True,True,True,True,Eyes,1.423708,0.09876616,-3.720278,0.1750207,0.1787926,0.9681947,0.0,0.0,0.0,0.0,0.0,0.0,0.0,-2.047669,-0.3783712,3.396399,1.414978,0.09290981,-3.723016,-0.04037018,0.08838478,0.0009537559,0.9952676,355.3812,10.16182,359.6989,0.3570372,0.02526264,-0.9337481,0,0,0,1.621633,0.2336927,-2.67759,0.01868403,0.05462393,1.073362,0.9843745,-0.005237734,-0.1760099,-0.009034693,0.9967387,-0.08018968,0.175856,0.08052686,0.9811168,moving,10.24671,10.46271,0.9972482,2.913299,0.6297073021423624,3.060620033663437,11.939269242151306,0.39596691598877554,11.783789443715664
2830,05/15/2023 18:38:38.033189,3013,True,True,True,True,Eyes,1.423697,0.09855475,-3.720076,0.1752618,0.1756349,0.9687289,0.0,0.0,0.0,0.0,0.0,0.0,0.0,-2.049244,-0.3661966,3.396598,1.414986,0.09294033,-3.722843,-0.0386017,0.08861807,0.0008215343,0.9953172,355.5846,10.18736,359.7008,0.3570636,0.02521507,-0.9337393,0,0,0,1.621664,0.2306233,-2.67759,0.01825953,0.05535347,1.072766,0.9842924,-0.005206239,-0.1764696,-0.008476984,0.9970185,-0.07669625,0.1763427,0.07698746,0.9813135,moving,10.25498,10.27635,0.9751357,2.953775,0.6444135106437526,3.0339034433759364,11.820981975405745,0.3402906610097319,11.669652290572921
2831,05/15/2023 18:38:38.052782,3014,True,True,True,True,Eyes,1.423715,0.09834166,-3.719871,0.1755076,0.1726133,0.9692274,0.0,0.0,0.0,0.0,0.0,0.0,0.0,-2.050512,-0.3565959,3.396428,1.414973,0.0928154,-3.722461,-0.03732853,0.08880171,0.00091907,0.9953492,355.7291,10.20676,359.7242,0.3570888,0.02516706,-0.933731,0,0,0,1.621694,0.2275885,-2.677589,0.01803201,0.05517412,1.072047,0.9842269,-0.004800083,-0.176846,-0.008459257,0.9972115,-0.07414661,0.1767088,0.07447306,0.9814417,moving,10.2639,10.09814,0.9636344,2.946194,0.6585502951339105,3.0083640794864195,11.73223217539865,0.31135418710094587,11.584882924703193
2832,05/15/2023 18:38:38.063370,3015,True,True,True,True,Eyes,1.423731,0.09812938,-3.719666,0.175738,0.1695954,0.9697183,0.0,0.0,0.0,0.0,0.0,0.0,0.0,-2.050421,-0.3485144,3.396965,1.415095,0.09258461,-3.722095,-0.03620433,0.08877838,0.0008627722,0.995393,355.858,10.20315,359.7294,0.3571137,0.02511863,-0.9337227,0,0,0,1.621724,0.224654,-2.677589,0.01807946,0.0549176,1.071348,0.9842354,-0.004710729,-0.1768012,-0.008145913,0.997377,-0.07192189,0.1766763,0.07222828,0.9816154,moving,10.27199,9.920209,0.966799,2.934429,0.6726054863630229,2.982857567472102,11.635622104334645,0.29815289636941333,11.492301488755638
2833,05/15/2023 18:38:38.082739,3016,True,True,True,True,Eyes,1.423763,0.09792236,-3.719451,0.1759959,0.1667154,0.9701709,0.0,0.0,0.0,0.0,0.0,0.0,0.0,-2.049679,-0.338616,3.398172,1.415047,0.09241867,-3.721898,-0.0347501,0.08868673,0.0006768165,0.9954531,356.026,10.19188,359.7234,0.3571382,0.02506983,-0.9337147,0,0,0,1.621754,0.2215751,-2.677588,0.01839423,0.05516683,1.070799,0.9842684,-0.004816266,-0.1766139,-0.007511213,0.9975839,-0.06906413,0.1765198,0.06930422,0.9818543,moving,10.28204,9.750551,0.9841331,2.949233,0.6861773993789203,2.958557411621171,11.519939203754143,0.2981015668940361,11.38045392992633
2834,05/15/2023 18:38:38.092978,3017,True,True,True,True,Eyes,1.423793,0.09772175,-3.719235,0.1762338,0.1638793,0.9706107,0.0,0.0,0.0,0.0,0.0,0.0,0.0,-2.049563,-0.3331413,3.398264,1.415187,0.09235477,-3.721371,-0.03393012,0.08866751,0.0005401716,0.9954833,356.121,10.1894,359.7162,0.3571628,0.02502083,-0.9337066,0,0,0,1.621784,0.218594,-2.677588,0.01842338,0.05407133,1.069972,0.9842756,-0.004941535,-0.1765707,-0.007092457,0.9976969,-0.06745792,0.1764974,0.0676495,0.9819737,moving,10.29108,9.583518,0.9864538,2.892998,0.699477059466479,2.9346257671994653,11.460328380641037,0.28998020727155976,11.324576765144146
2835,05/15/2023 18:38:38.113135,3018,True,True,True,True,Eyes,1.42389,0.09752214,-3.719018,0.1763324,0.1612359,0.9710355,0.0,0.0,0.0,0.0,0.0,0.0,0.0,-2.048594,-0.3274127,3.399143,1.415182,0.09232426,-3.721135,-0.0330556,0.08853802,0.0003834891,0.9955242,356.2224,10.17422,359.7077,0.3571874,0.02497182,-0.9336985,0,0,0,1.621814,0.215553,-2.677587,0.0187791,0.0529829,1.069446,0.9843218,-0.005089805,-0.1763088,-0.006616894,0.9978144,-0.06574737,0.1762581,0.06588319,0.9821368,moving,10.29231,9.427678,1.005991,2.836251,0.711360557504008,2.9122348378336618,11.387828171608932,0.3042706710435897,11.255684525816697
2836,05/15/2023 18:38:38.133085,3019,True,True,True,True,Eyes,1.423983,0.09732746,-3.718795,0.1764259,0.1586569,0.9714432,0.0,0.0,0.0,0.0,0.0,0.0,0.0,-2.048248,-0.3260623,3.398997,1.415361,0.09215736,-3.720629,-0.03284778,0.08847949,0.0002897235,0.9955362,356.2471,10.16762,359.6994,0.3572136,0.0249228,-0.9336898,0,0,0,1.621844,0.2126156,-2.677587,0.01884764,0.05071558,1.068716,0.9843426,-0.005235848,-0.1761881,-0.006389562,0.9978419,-0.06535104,0.1761499,0.06545358,0.9821848,moving,10.29342,9.275699,1.010351,2.716914,0.7229431135848139,2.8903978705221065,11.36631121934403,0.3357081269569974,11.237590725689763
2837,05/15/2023 18:38:38.153162,3020,True,True,True,True,Eyes,1.424109,0.09712581,-3.718578,0.1764733,0.1560972,0.9718491,0.0,0.0,0.0,0.0,0.0,0.0,0.0,-2.047629,-0.3248634,3.399096,1.415368,0.092103,-3.720273,-0.03239451,0.08843249,-0.0003167319,0.9955553,356.305,10.16399,359.6348,0.3572411,0.02487391,-0.9336805,0,0,0,1.621874,0.2096336,-2.677586,0.01895523,0.04891846,1.06813,0.9843593,-0.006360103,-0.1760583,-0.005098803,0.997901,-0.06455707,0.1760994,0.06444503,0.9822607,moving,10.29192,9.124839,1.016675,2.622212,0.7342508043893861,2.868698947013059,11.327591434685221,0.37485896189649875,11.202294732403876
2838,05/15/2023 18:38:38.163081,3021,True,True,True,True,Eyes,1.424224,0.09691857,-3.718355,0.1765129,0.1535405,0.9722492,0.0,0.0,0.0,0.0,0.0,0.0,0.0,-2.047514,-0.3141874,3.399851,1.415326,0.0917635,-3.720006,-0.03087681,0.08842838,-0.0004643787,0.9956039,356.4798,10.16251,359.6335,0.3572705,0.02482495,-0.9336706,0,0,0,1.621903,0.2066817,-2.677586,0.01909453,0.04958696,1.067565,0.9843605,-0.006385446,-0.1760506,-0.004536092,0.9980928,-0.06156427,0.1761079,0.06140001,0.9824541,moving,10.29003,8.974207,1.024686,2.6594,0.7455128225873308,2.8470293896222563,11.212644063091675,0.33636654238599006,11.09088945725974
2839,05/15/2023 18:38:38.183148,3022,True,True,True,True,Eyes,1.424354,0.09670477,-3.718136,0.1764952,0.1509595,0.9726565,0.0,0.0,0.0,0.0,0.0,0.0,0.0,-2.04721,-0.3030117,3.400607,1.415198,0.0914278,-3.71966,-0.02958534,0.08837625,-2.137516e-06,0.9956477,356.6226,10.15371,359.6996,0.3573014,0.02477578,-0.9336601,0,0,0,1.621935,0.2034722,-2.677585,0.01953357,0.04937643,1.066955,0.9843793,-0.005233539,-0.1759831,-0.005225023,0.9982494,-0.05891353,0.1759833,0.05891278,0.9826287,moving,10.28481,8.822109,1.048841,2.649636,0.7566431432140359,2.8251199951559327,11.108669871082226,0.3408433952216151,10.990477633049817
2840,05/15/2023 18:38:38.193107,3023,True,True,True,True,Eyes,1.424478,0.09648801,-3.717916,0.1764704,0.1483064,0.9730691,0.0,0.0,0.0,0.0,0.0,0.0,0.0,-2.045768,-0.286169,3.402752,1.415306,0.0910778,-3.719462,-0.02739501,0.08812979,0.0002468107,0.9957322,356.8701,10.12266,359.7511,0.3573339,0.02472627,-0.9336489,0,0,0,1.621964,0.2005814,-2.677585,0.02010322,0.05144569,1.066375,0.9844662,-0.004337118,-0.1755208,-0.005320141,0.9984989,-0.05451269,0.1754937,0.05459969,0.9829653,moving,10.27912,8.665818,1.080007,2.762008,0.7680565404529807,2.8026037580035625,10.930629099135558,0.3145808398162233,10.816271476637361
2841,05/15/2023 18:38:38.213022,3024,True,True,True,True,Eyes,1.42462,0.09626897,-3.717702,0.176409,0.1456004,0.9734888,0.0,0.0,0.0,0.0,0.0,0.0,0.0,-2.045001,-0.2698256,3.404281,1.41529,0.09081936,-3.71923,-0.02517493,0.0880121,0.0003120663,0.9958013,357.1229,10.10721,359.7814,0.3573677,0.02467636,-0.9336373,0,0,0,1.621994,0.1976227,-2.677584,0.02049351,0.0534542,1.065778,0.9845076,-0.003809884,-0.1753007,-0.005052904,0.9987322,-0.05008352,0.1752693,0.05019338,0.9832401,moving,10.27129,8.506417,1.101587,2.87127,0.7795493674538186,2.779621762188875,10.76282187996336,0.3348247844318487,10.652391402528522
2842,05/15/2023 18:38:38.233056,3025,True,True,True,True,Eyes,1.424756,0.09603917,-3.717484,0.1763421,0.1428116,0.973914,0.0,0.0,0.0,0.0,0.0,0.0,0.0,-2.044034,-0.2541132,3.405938,1.415376,0.09057903,-3.719082,-0.02290156,0.08786362,9.119604e-05,0.9958693,357.3847,10.08911,359.7796,0.3574032,0.02462604,-0.933625,0,0,0,1.622023,0.1946861,-2.677584,0.02078855,0.05563946,1.065238,0.98456,-0.003842788,-0.1750055,-0.004206065,0.998951,-0.0455979,0.1749971,0.04562995,0.9835111,moving,10.26309,8.342212,1.118009,2.989955,0.7913787977540951,2.755945967648602,10.596186176667999,0.4018053213202117,10.489815375063664
2843,05/15/2023 18:38:38.242822,3026,True,True,True,True,Eyes,1.42491,0.09580981,-3.717272,0.1762345,0.1399801,0.9743444,0.0,0.0,0.0,0.0,0.0,0.0,0.0,-2.042962,-0.2376491,3.407397,1.415361,0.09013462,-3.718757,-0.02051718,0.08772129,-0.0002041557,0.9959338,357.6599,10.07187,359.7703,0.3574399,0.02457508,-0.9336123,0,0,0,1.622055,0.191546,-2.677583,0.021191,0.05807818,1.064532,0.9846098,-0.004006237,-0.1747208,-0.00319293,0.999158,-0.04090331,0.1747375,0.04083169,0.983768,moving,10.25253,8.175508,1.140403,3.122818,0.8032253872181832,2.7318903217433723,10.419238681411853,0.5162491570824715,10.317043101665286
2844,05/15/2023 18:38:38.263147,3027,True,True,True,True,Eyes,1.425061,0.09558776,-3.717058,0.1761345,0.137126,0.9747683,0.0,0.0,0.0,0.0,0.0,0.0,0.0,-2.041709,-0.2199206,3.409231,1.415473,0.08994865,-3.718621,-0.01790895,0.08752874,-0.0005207297,0.9960009,357.9608,10.04878,359.7608,0.3574781,0.02452354,-0.9335991,0,0,0,1.622083,0.1886778,-2.677583,0.0215385,0.06099848,1.06396,0.9846768,-0.00417239,-0.1743388,-0.0020978,0.999358,-0.03576581,0.1743761,0.03558349,0.984036,moving,10.24247,8.007565,1.159721,3.281265,0.8152021763831587,2.7076609418995305,10.238859364548428,0.6691149641845254,10.140918042208835
2845,05/15/2023 18:38:38.282755,3028,True,True,True,True,Eyes,1.425219,0.09536391,-3.716846,0.1760684,0.1343326,0.9751691,0.0,0.0,0.0,0.0,0.0,0.0,0.0,-2.041982,-0.208068,3.409588,1.415595,0.08993053,-3.71837,-0.01620952,0.08755425,-0.0006155138,0.9960278,358.1558,10.05091,359.767,0.3575177,0.02447167,-0.9335852,0,0,0,1.622114,0.1856032,-2.677582,0.02145785,0.06156997,1.063387,0.9846678,-0.004064564,-0.174393,-0.001612286,0.9994738,-0.03239805,0.1744329,0.03218249,0.9841431,moving,10.23459,7.843308,1.156002,3.313718,0.8270588591063399,2.683980469112185,10.145833905689763,0.7104737488110789,10.051741811875328
2846,05/15/2023 18:38:38.292975,3029,True,True,True,True,Eyes,1.42537,0.09514327,-3.716632,0.1760251,0.1315229,0.9755598,0.0,0.0,0.0,0.0,0.0,0.0,0.0,-2.042901,-0.1971722,3.40953,1.41578,0.08968639,-3.718163,-0.01453609,0.08767572,-0.0009982417,0.9960426,358.3507,10.06463,359.7399,0.3575587,0.02441945,-0.9335709,0,0,0,1.622143,0.1826604,-2.677582,0.02105451,0.06250463,1.062868,0.9846239,-0.004537508,-0.1746285,-0.0005603414,0.9995754,-0.02913218,0.1746865,0.02878209,0.9842034,moving,10.22811,7.678202,1.134832,3.365546,0.8390818059079055,2.660190189649174,10.06412969707863,0.7648496561424225,9.973889771238467
2847,05/15/2023 18:38:38.312974,3030,True,True,True,True,Eyes,1.425527,0.09491827,-3.716419,0.1760026,0.1288165,0.9759248,0.0,0.0,0.0,0.0,0.0,0.0,0.0,-2.044266,-0.1876498,3.408956,1.415782,0.08957481,-3.717897,-0.01297426,0.08789527,-0.00150901,0.9960441,358.5342,10.08981,359.697,0.3576007,0.02436701,-0.9335563,0,0,0,1.622173,0.1796577,-2.677581,0.02061141,0.06303774,1.062341,0.9845443,-0.005286832,-0.175056,0.0007253289,0.9996588,-0.02611114,0.1751343,0.0255806,0.9842122,moving,10.22309,7.519248,1.111506,3.395865,0.8507455574770637,2.637297007209685,10.001162450122735,0.8021355297396351,9.91453692708549
2848,05/15/2023 18:38:38.333190,3031,True,True,True,True,Eyes,1.42568,0.09470575,-3.716206,0.1759941,0.1260852,0.9762831,0.0,0.0,0.0,0.0,0.0,0.0,0.0,-2.045418,-0.1787616,3.408528,1.415862,0.08926392,-3.717677,-0.01161432,0.08806384,-0.001842718,0.9960455,358.6928,10.1089,359.6724,0.3576437,0.02431425,-0.9335411,0,0,0,1.622203,0.1766514,-2.677581,0.0202195,0.06329632,1.061885,0.9844828,-0.005716464,-0.1753883,0.001625262,0.9997234,-0.02346133,0.175474,0.02281222,0.9842198,moving,10.21894,7.358912,1.090845,3.411223,0.8625772912888445,2.6142127684978784,9.945168011137167,0.8290545554782909,9.86210854736068
2849,05/15/2023 18:38:38.342805,3032,True,True,True,True,Eyes,1.425882,0.09448636,-3.715999,0.1760598,0.1234892,0.9766029,0.0,0.0,0.0,0.0,0.0,0.0,0.0,-2.046381,-0.1682056,3.408263,1.415915,0.08938408,-3.717448,-0.009969407,0.0882062,-0.002157887,0.9960501,358.8839,10.12475,359.6529,0.3576877,0.02426151,-0.9335257,0,0,0,1.622235,0.1735295,-2.67758,0.01992172,0.0636043,1.061381,0.9844301,-0.006057454,-0.1756726,0.00254,0.9997919,-0.02024073,0.1757587,0.01947938,0.9842407,moving,10.21939,7.206676,1.075294,3.429404,0.8741312054577689,2.5923330898837573,9.893547160609284,0.8609031179353892,9.813821632168539
2850,05/15/2023 18:38:38.362978,3033,True,True,True,True,Eyes,1.426076,0.09426919,-3.715789,0.1761409,0.1208987,0.9769124,0.0,0.0,0.0,0.0,0.0,0.0,0.0,-2.047626,-0.1632871,3.407502,1.416104,0.08900452,-3.717154,-0.009368864,0.08836231,-0.002089923,0.9960423,358.9518,10.14232,359.6665,0.3577334,0.02420862,-0.9335095,0,0,0,1.622264,0.1706349,-2.67758,0.01951289,0.06234658,1.060948,0.9843755,-0.005819012,-0.1759859,0.002507597,0.9998158,-0.01903291,0.1760642,0.01829422,0.9842088,moving,10.22083,7.054822,1.053661,3.363115,0.885728347372309,2.5705169751056958,9.882595208163186,0.8101931898534601,9.805929640551104
2851,05/15/2023 18:38:38.382918,3034,True,True,True,True,Eyes,1.426257,0.09405459,-3.715577,0.1763024,0.1183953,0.9771898,0.0,0.0,0.0,0.0,0.0,0.0,0.0,-2.048841,-0.1567203,3.406781,1.416115,0.08887672,-3.71688,-0.008187256,0.08856022,-0.00266971,0.9960336,359.0926,10.16502,359.6122,0.3577807,0.02415564,-0.9334928,0,0,0,1.622294,0.1676344,-2.677579,0.01910353,0.06210022,1.060488,0.9842999,-0.006768371,-0.1763741,0.003868111,0.9998517,-0.01678242,0.1764615,0.0158367,0.9841801,moving,10.22716,6.908223,1.032009,3.351307,0.8972841085683352,2.549498991996219,9.859130455768247,0.8130478940814401,9.785474368051386
2852,05/15/2023 18:38:38.392970,3035,True,True,True,True,Eyes,1.42643,0.09384931,-3.715365,0.1764704,0.115937,0.9774543,0.0,0.0,0.0,0.0,0.0,0.0,0.0,-2.049602,-0.1505337,3.406415,1.416224,0.08873081,-3.716669,-0.007183679,0.08866674,-0.002997078,0.996031,359.2105,10.17699,359.5849,0.3578289,0.02410264,-0.9334757,0,0,0,1.622323,0.1646531,-2.677579,0.01881462,0.06145836,1.060102,0.9842585,-0.00724427,-0.1765865,0.004696458,0.9998788,-0.01484182,0.1766727,0.01377885,0.9841734,moving,10.23398,6.764315,1.016775,3.31795,0.9086719208836692,2.5288721169572392,9.840442049280611,0.7964484799544016,9.769658063902506
2853,05/15/2023 18:38:38.413083,3036,True,True,True,True,Eyes,1.426604,0.09364907,-3.715154,0.1766452,0.1135734,0.9777001,0.0,0.0,0.0,0.0,0.0,0.0,0.0,-2.050522,-0.1468515,3.405745,1.416179,0.08876419,-3.716431,-0.00652519,0.08882016,-0.003283619,0.9960209,359.2886,10.19448,359.5588,0.357878,0.02404988,-0.9334582,0,0,0,1.622354,0.1615873,-2.677578,0.01859283,0.05981667,1.059766,0.9842005,-0.007700242,-0.1768906,0.005381971,0.9998933,-0.01358176,0.1769763,0.01241515,0.9841368,moving,10.24139,6.626,1.005111,3.230534,0.919679449380274,2.509054380462516,9.8406320489589,0.7265200556414416,9.772416260841734
2854,05/15/2023 18:38:38.433134,3037,True,True,True,True,Eyes,1.426772,0.09345829,-3.714942,0.1768123,0.111289,0.9779326,0.0,0.0,0.0,0.0,0.0,0.0,0.0,-2.051188,-0.1420044,3.405347,1.41624,0.08868694,-3.716225,-0.005880669,0.08890811,-0.003237518,0.9960172,359.3618,10.20421,359.5706,0.3579278,0.02399744,-0.9334404,0,0,0,1.622384,0.1585904,-2.677578,0.01844347,0.05824538,1.059452,0.9841697,-0.007494926,-0.17707,0.00540357,0.9999099,-0.01229018,0.1771462,0.01113881,0.9841216,moving,10.24848,6.492347,0.9973328,3.146777,0.9303108435603392,2.489904000218369,9.83750797412474,0.6602833334918569,9.77175507535199
2855,05/15/2023 18:38:38.443008,3038,True,True,True,True,Eyes,1.426892,0.09326976,-3.714721,0.1770131,0.1090987,0.978143,0.0,0.0,0.0,0.0,0.0,0.0,0.0,-2.05129,-0.1398318,3.405134,1.416254,0.08872032,-3.715997,-0.005676609,0.0889183,-0.003023856,0.9960184,359.3829,10.20514,359.597,0.3579781,0.02394554,-0.9334224,0,0,0,1.622414,0.1555636,-2.677577,0.0185284,0.05557082,1.059176,0.9841688,-0.007033139,-0.1770942,0.005014122,0.9999173,-0.01184576,0.1771628,0.01077026,0.9841227,moving,10.25772,6.364269,1.002186,3.003331,0.940676986991806,2.4715738047038767,9.846868226243307,0.5353027866828659,9.783254039431919
2856,05/15/2023 18:38:38.463021,3039,True,True,True,True,Eyes,1.427004,0.09308168,-3.714503,0.1771984,0.1069348,0.9783484,0.0,0.0,0.0,0.0,0.0,0.0,0.0,-2.052078,-0.1376242,3.40449,1.416315,0.08855724,-3.71574,-0.005485025,0.08902338,-0.002830285,0.9960104,359.4028,10.21702,359.621,0.3580279,0.02389419,-0.9334047,0,0,0,1.622444,0.1525615,-2.677577,0.01836318,0.05309276,1.058874,0.9841337,-0.006614577,-0.1773054,0.004661396,0.9999238,-0.01143021,0.1773674,0.01042236,0.9840896,moving,10.26612,6.237742,0.9935341,2.870451,0.9508645443449169,2.453459221049111,9.865064518367825,0.4191692196385957,9.803552402846556
2857,05/15/2023 18:38:38.483039,3040,True,True,True,True,Eyes,1.427089,0.09289273,-3.714282,0.1773255,0.1047783,0.9785587,0.0,0.0,0.0,0.0,0.0,0.0,0.0,-2.051549,-0.1307427,3.404872,1.416255,0.08838844,-3.715576,-0.004691039,0.08894405,-0.00253319,0.9960225,359.4904,10.20737,359.6631,0.3580771,0.02384335,-0.9333871,0,0,0,1.622475,0.1494861,-2.677576,0.01870632,0.05179607,1.058618,0.9841651,-0.005880707,-0.1771568,0.004211748,0.9999431,-0.009795384,0.1772043,0.008894136,0.984134,moving,10.27116,6.11161,1.012341,2.801136,0.9607773788423308,2.435372053049662,9.832851436863928,0.36938065991004626,9.773610691016565
2858,05/15/2023 18:38:38.503005,3041,True,True,True,True,Eyes,1.427169,0.09271054,-3.714065,0.1774294,0.1026394,0.9787666,0.0,0.0,0.0,0.0,0.0,0.0,0.0,-2.050579,-0.1237797,3.405563,1.416311,0.08817577,-3.71542,-0.003828682,0.08878803,-0.002364953,0.9960405,359.5871,10.18899,359.6911,0.3581251,0.02379295,-0.93337,0,0,0,1.622505,0.146447,-2.677576,0.01907933,0.05074833,1.058344,0.9842222,-0.005391059,-0.1768548,0.004031295,0.9999595,-0.008047003,0.176891,0.007207085,0.9842041,moving,10.27492,5.9865,1.032789,2.745268,0.9705196006413108,2.417420608861681,9.794006856184298,0.3337085404551309,9.737014093770393
2859,05/15/2023 18:38:38.512984,3042,True,True,True,True,Eyes,1.427231,0.09252968,-3.71385,0.1774111,0.1005109,0.9789907,0.0,0.0,0.0,0.0,0.0,0.0,0.0,-2.049039,-0.1173107,3.406559,1.416287,0.0881691,-3.715283,-0.00295984,0.08856302,-0.002293412,0.9960636,359.6854,10.16276,359.7082,0.3581719,0.02374312,-0.9333533,0,0,0,1.622536,0.1433553,-2.677575,0.0196631,0.04947837,1.058104,0.9843027,-0.005093033,-0.1764153,0.004044504,0.999972,-0.006302601,0.1764424,0.005490154,0.9842957,moving,10.27158,5.861899,1.064624,2.677278,0.9797059535806122,2.3994802817962877,9.742168634322493,0.290486913383158,9.687396384614997
2860,05/15/2023 18:38:38.533144,3043,True,True,True,True,Eyes,1.427289,0.09236652,-3.713638,0.1773635,0.09843231,0.9792106,0.0,0.0,0.0,0.0,0.0,0.0,0.0,-2.04655,-0.1114564,3.408194,1.416314,0.08801651,-3.715223,-0.002111963,0.08819589,-0.002398023,0.9960981,359.7832,10.12026,359.7049,0.3582172,0.02369383,-0.9333372,0,0,0,1.622566,0.1403973,-2.677575,0.02046371,0.04848292,1.057935,0.9844316,-0.005149865,-0.1756934,0.0044048,0.9999796,-0.004630435,0.1757136,0.003784452,0.984434,moving,10.26662,5.74021,1.108137,2.623908,0.9885538853988578,2.381944390712832,9.6741484905129,0.26990092537259514,9.621558844690508
2861,05/15/2023 18:38:38.553011,3044,True,True,True,True,Eyes,1.427336,0.09220667,-3.713428,0.1772353,0.09638678,0.9794372,0.0,0.0,0.0,0.0,0.0,0.0,0.0,-2.043844,-0.1092773,3.409733,1.416274,0.08828735,-3.715089,-0.001686854,0.08781284,-0.002569356,0.9961323,359.8333,10.07609,359.6897,0.358261,0.02364548,-0.9333215,0,0,0,1.622596,0.1373526,-2.677574,0.02137148,0.04610465,1.057749,0.9845647,-0.00541509,-0.1749378,0.004822582,0.9999811,-0.003811904,0.1749552,0.002909415,0.9845721,moving,10.25703,5.620402,1.157486,2.495801,0.9969220950947412,2.3646384255355133,9.621061917332048,0.2073267674435143,9.570381652629555
2862,05/15/2023 18:38:38.563050,3045,True,True,True,True,Eyes,1.42738,0.092052,-3.713218,0.1770953,0.09441435,0.9796546,0.0,0.0,0.0,0.0,0.0,0.0,0.0,-2.041573,-0.1096061,3.410962,1.416344,0.08819771,-3.714956,-0.001695714,0.08747774,-0.002672844,0.9961616,359.8332,10.03756,359.6779,0.3583034,0.02359805,-0.9333065,0,0,0,1.622625,0.1344655,-2.677574,0.02207255,0.04331372,1.057587,0.9846811,-0.005621842,-0.1742748,0.005028494,0.99998,-0.003846037,0.174293,0.002910781,0.9846897,moving,10.24688,5.504887,1.195628,2.345252,1.004924608339684,2.347944676134546,9.586889803305816,0.19072240061281068,9.537910421822845
2863,05/15/2023 18:38:38.582947,3046,True,True,True,True,Eyes,1.427406,0.0918979,-3.713013,0.1769186,0.09243301,0.9798754,0.0,0.0,0.0,0.0,0.0,0.0,0.0,-2.040097,-0.1090959,3.411672,1.416332,0.08817101,-3.714786,-0.001596592,0.08726937,-0.002738852,0.9961798,359.8451,10.01356,359.6714,0.3583442,0.02355159,-0.933292,0,0,0,1.622655,0.1314452,-2.677573,0.02259684,0.04054598,1.057401,0.9847531,-0.005735446,-0.1738634,0.005178112,0.9999799,-0.00365902,0.1738808,0.002702949,0.984763,moving,10.23461,5.388844,1.224234,2.195928,1.0128126045328174,2.331156500042763,9.559371749463038,0.25096962701710834,9.512077919657049
2864,05/15/2023 18:38:38.593235,3047,True,True,True,True,Eyes,1.42743,0.09175531,-3.71281,0.1767506,0.09051796,0.9800845,0.0,0.0,0.0,0.0,0.0,0.0,0.0,-2.039224,-0.107377,3.412251,1.41638,0.08802319,-3.714774,-0.001376996,0.08713424,-0.002739251,0.9961919,359.8701,9.997944,359.6736,0.3583833,0.023506,-0.9332781,0,0,0,1.622686,0.1284306,-2.677573,0.02288491,0.03814181,1.057355,0.9848003,-0.005697605,-0.1735971,0.005217671,0.9999812,-0.003220869,0.1736122,0.002266139,0.9848115,moving,10.22297,5.276714,1.23989,2.065927,1.0204503728850296,2.314936315536725,9.539647763191732,0.33190268027303665,9.493973168034643
2865,05/15/2023 18:38:38.613027,3048,True,True,True,True,Eyes,1.42748,0.09161095,-3.712615,0.1765007,0.0885772,0.9803069,0.0,0.0,0.0,0.0,0.0,0.0,0.0,-2.039255,-0.1073376,3.412057,1.416356,0.08816433,-3.714617,-0.001239196,0.08715236,-0.002971525,0.9961898,359.8882,10.00001,359.6484,0.3584208,0.0234615,-0.9332649,0,0,0,1.622716,0.1254224,-2.677572,0.02292693,0.03533674,1.057194,0.9847912,-0.006136402,-0.1736331,0.005704409,0.9999793,-0.0029869,0.1736479,0.001950998,0.9848059,moving,10.20655,5.163032,1.242355,1.9144,1.0278572965019477,2.298451259331003,9.53469463954924,0.43989161687814377,9.490595016912803
2866,05/15/2023 18:38:38.633119,3049,True,True,True,True,Eyes,1.427526,0.09148021,-3.712422,0.1762626,0.08671055,0.9805166,0.0,0.0,0.0,0.0,0.0,0.0,0.0,-2.039809,-0.1050121,3.41169,1.416384,0.08799267,-3.714511,-0.0009571588,0.08722901,-0.002932116,0.9961837,359.92,10.00872,359.6557,0.3584573,0.02341792,-0.933252,0,0,0,1.622745,0.1224356,-2.677572,0.02280504,0.0331061,1.057071,0.9847651,-0.006008836,-0.1737867,0.005674868,0.9999809,-0.002418542,0.1737979,0.001395481,0.9847805,moving,10.19093,5.053721,1.235896,1.793844,1.0349917183337736,2.282601516985641,9.529922979556812,0.5284377359744398,9.487388187700287
2867,05/15/2023 18:38:38.652791,3050,True,True,True,True,Eyes,1.427596,0.09135154,-3.71224,0.1759828,0.08481301,0.9807328,0.0,0.0,0.0,0.0,0.0,0.0,0.0,-2.039984,-0.1044461,3.411377,1.416311,0.08818531,-3.714328,-0.0009081692,0.08726627,-0.002814546,0.9961808,359.9245,10.01297,359.6696,0.3584928,0.0233755,-0.9332394,0,0,0,1.622776,0.1193489,-2.677571,0.02288753,0.0299035,1.056904,0.9847534,-0.005766097,-0.1738608,0.005449087,0.9999825,-0.00230063,0.173871,0.001318171,0.9847677,moving,10.1729,4.942598,1.240561,1.620665,1.0420876643063282,2.266470241134211,9.53005345564284,0.675615330241839,9.488903540526403
2868,05/15/2023 18:38:38.662790,3051,True,True,True,True,Eyes,1.427659,0.09124606,-3.71207,0.175725,0.08296403,0.9809371,0.0,0.0,0.0,0.0,0.0,0.0,0.0,-2.040554,-0.1049914,3.411058,1.416396,0.08811474,-3.714332,-0.001054607,0.08733416,-0.002689612,0.996175,359.9065,10.02082,359.6824,0.3585278,0.02333418,-0.933227,0,0,0,1.622805,0.1164745,-2.677571,0.02271068,0.02676228,1.056906,0.9847311,-0.005542855,-0.1739945,0.005174443,0.9999833,-0.002570935,0.1740058,0.001631357,0.9847433,moving,10.15623,4.83436,1.230976,1.450496,1.049064372954399,2.2507655638344333,9.545192220956686,0.8206846013263146,9.505365649414323
2869,05/15/2023 18:38:38.682999,3052,True,True,True,True,Eyes,1.427777,0.09114087,-3.7119,0.1754472,0.08119301,0.9811351,0.0,0.0,0.0,0.0,0.0,0.0,0.0,-2.041379,-0.1035067,3.410676,1.416281,0.0885725,-3.714427,-0.0007253993,0.08747098,-0.002807722,0.9961628,359.9453,10.03646,359.6722,0.3585622,0.02329442,-0.9332148,0,0,0,1.622836,0.1133398,-2.67757,0.02256072,0.02388736,1.057009,0.984682,-0.005720801,-0.1742665,0.005466995,0.9999832,-0.00193642,0.1742747,0.0009540435,0.9846966,moving,10.13851,4.730685,1.222731,1.294608,1.0556192474189778,2.235707631890919,9.554985103430042,0.9558215602276,9.516411982356232
2870,05/15/2023 18:38:38.702993,3053,True,True,True,True,Eyes,1.427889,0.09106401,-3.711742,0.1751914,0.0794497,0.9813234,0.0,0.0,0.0,0.0,0.0,0.0,0.0,-2.042613,-0.1117153,3.409331,1.416449,0.08845997,-3.714046,-0.002191946,0.08762562,-0.002183158,0.9961488,359.7717,10.05464,359.7288,0.3585971,0.02325606,-0.9332024,0,0,0,1.622865,0.1104319,-2.67757,0.02220821,0.01786755,1.056674,0.984634,-0.004733641,-0.1745667,0.003965359,0.9999808,-0.004749609,0.1745858,0.003984408,0.9846339,moving,10.12213,4.628673,1.204013,0.9687355,1.062145907430185,2.220900463725987,9.639914591405635,1.2601759275343718,9.60199155088141
2871,05/15/2023 18:38:38.713383,3054,True,True,True,True,Eyes,1.428051,0.09099292,-3.711581,0.1749943,0.07776646,0.9814935,0.0,0.0,0.0,0.0,0.0,0.0,0.0,-2.043754,-0.1070133,3.408947,1.41643,0.08906078,-3.714176,-0.001623733,0.08777896,-0.001825424,0.996137,359.833,10.07205,359.7753,0.3586324,0.02321966,-0.9331897,0,0,0,1.622896,0.1073512,-2.677569,0.02193761,0.01529569,1.056788,0.984583,-0.003921803,-0.1748738,0.003351686,0.9999881,-0.003555389,0.1748856,0.002914454,0.9845845,moving,10.10926,4.53024,1.189219,0.8292268,1.0686574703710938,2.206638445147112,9.657361448566336,1.3826778086789906,9.620595944560435
2872,05/15/2023 18:38:38.733187,3055,True,True,True,True,Eyes,1.428199,0.09089236,-3.711425,0.174803,0.07614175,0.9816549,0.0,0.0,0.0,0.0,0.0,0.0,0.0,-2.045917,-0.1184829,3.406872,1.416674,0.0891037,-3.713716,-0.003645414,0.08805355,-0.0009554492,0.9961087,359.5935,10.10387,359.8542,0.358669,0.02318518,-0.9331765,0,0,0,1.622927,0.104266,-2.677569,0.02126133,0.007723634,1.056342,0.9844913,-0.002545445,-0.1754148,0.00126148,0.9999716,-0.007430718,0.1754287,0.007094196,0.9844667,moving,10.09681,4.435248,1.153055,0.4189208,1.0749392242894642,2.1928747338274786,9.804164302860537,1.7756730086806085,9.7675955061065
2873,05/15/2023 18:38:38.753434,3056,True,True,True,True,Eyes,1.428367,0.09072895,-3.711267,0.1746358,0.07421466,0.9818322,0.0,0.0,0.0,0.0,0.0,0.0,0.0,-2.045628,-0.1167262,3.406981,1.416508,0.08829594,-3.713685,-0.003534278,0.08803394,-0.000910676,0.9961109,359.6058,10.10157,359.8604,0.3587066,0.02315166,-0.9331629,0,0,0,1.622957,0.1012361,-2.677568,0.02150756,0.005724221,1.056328,0.9844985,-0.002436541,-0.1753767,0.001191996,0.9999734,-0.007201405,0.1753895,0.006880724,0.9844751,moving,10.08557,4.322649,1.16642,0.3104817,1.0826416326356063,2.176590627344831,9.780016521749301,1.8679885822869262,9.744820715783783
2874,05/15/2023 18:38:38.763358,3057,True,True,True,True,Eyes,1.428519,0.09059669,-3.71115,0.1744289,0.07174701,0.9820524,0.0,0.0,0.0,0.0,0.0,0.0,0.0,-2.043674,-0.1068318,3.40809,1.416465,0.08666611,-3.713383,-0.002447727,0.08775386,-0.0007676277,0.9961389,359.7283,10.0691,359.8878,0.3587454,0.02311745,-0.9331487,0,0,0,1.622993,0.09767829,-2.677568,0.02223837,0.006048041,1.05601,0.9845974,-0.001958922,-0.1748263,0.001099734,0.9999868,-0.005011277,0.1748337,0.004741828,0.9845865,moving,10.07165,4.178505,1.206406,0.3281441,1.0925360660178784,2.15574857018552,9.665289971841757,1.8311483995862237,9.632309216641975
2875,05/15/2023 18:38:38.783204,3058,True,True,True,True,Eyes,1.428692,0.09054562,-3.711039,0.1742396,0.06920657,0.9822683,0.0,0.0,0.0,0.0,0.0,0.0,0.0,-2.038981,-0.05587823,3.412999,1.416224,0.08742046,-3.714271,0.005246502,0.08707833,-0.001728188,0.9961861,0.6161686,9.990469,359.8551,0.3587847,0.02308336,-0.9331345,0,0,0,1.623017,0.09528088,-2.677567,0.02375764,0.01928544,1.056712,0.9848288,-0.002529479,-0.1735105,0.004356905,0.999939,0.01015201,0.1734742,-0.01075396,0.9847798,moving,10.05878,4.030164,1.287941,1.045556,1.1028246349343864,2.1343123794159933,9.264745095121885,1.104381511224327,9.23623380114686
2876,05/15/2023 18:38:38.803151,3059,True,True,True,True,Eyes,1.428861,0.09047883,-3.71093,0.1740313,0.06694735,0.9824618,0.0,0.0,0.0,0.0,0.0,0.0,0.0,-2.035295,-0.06141971,3.415044,1.416202,0.08934402,-3.714179,0.00465795,0.08654508,-0.001561166,0.996236,0.5472435,9.929247,359.868,0.3588248,0.02305142,-0.9331199,0,0,0,1.623048,0.09217232,-2.677567,0.02497399,0.01297941,1.056675,0.985015,-0.002304334,-0.1724532,0.003916824,0.9999518,0.009010611,0.1724241,-0.009551055,0.9849765,moving,10.04506,3.898248,1.353905,0.7037435,1.111808234170582,2.1152298199709096,9.259645470240491,1.4320979280377741,9.231869071472246
2877,05/15/2023 18:38:38.813217,3060,True,True,True,True,Eyes,1.42906,0.09038518,-3.710813,0.1737954,0.06457062,0.9826626,0.0,0.0,0.0,0.0,0.0,0.0,0.0,-2.033606,-0.0716399,3.415825,1.416257,0.08882904,-3.714144,0.002502362,0.08626664,-0.0002077024,0.996269,0.2877341,9.897764,0.001024793,0.3588656,0.02302102,-0.9331049,0,0,0,1.623077,0.08927069,-2.677567,0.02556378,0.005747858,1.056684,0.9851161,1.788605e-05,-0.1718907,0.0008455957,0.9999874,0.004950215,0.1718886,-0.005021886,0.9851036,moving,10.02971,3.759493,1.385855,0.3116586,1.121190633158983,2.095149922949422,9.306115801495721,1.8030220536951942,9.278953192221564
2878,05/15/2023 18:38:38.833307,3061,True,True,True,True,Eyes,1.429243,0.09028284,-3.710701,0.1735465,0.06213699,0.9828635,0.0,0.0,0.0,0.0,0.0,0.0,0.0,-2.032969,-0.06982732,3.41566,1.416216,0.08812523,-3.713642,0.002631585,0.08619094,-0.000154058,0.9962751,0.3019572,9.889082,0.008403643,0.3589076,0.02299133,-0.9330895,0,0,0,1.623108,0.08620432,-2.677566,0.02588111,0.003642124,1.056211,0.9851422,0.0001466685,-0.1717406,0.000760606,0.9999861,0.005217009,0.171739,-0.005270123,0.9851283,moving,10.01363,3.617445,1.40368,0.1975719,1.1307690521867804,2.074590284113188,9.264273906928898,1.896754702046417,9.238670120330369
2879,05/15/2023 18:38:38.852947,3062,True,True,True,True,Eyes,1.429404,0.09021004,-3.710578,0.1733936,0.05951685,0.9830526,0.0,0.0,0.0,0.0,0.0,0.0,0.0,-2.030742,-0.05733935,3.417166,1.41602,0.08785343,-3.713676,0.004509034,0.08589694,-0.000508239,0.9962938,0.519792,9.855247,359.9864,0.3589504,0.02296206,-0.9330738,0,0,0,1.623137,0.08321734,-2.677565,0.02671993,0.004953328,1.05627,0.985243,-0.000238087,-0.1711618,0.001787336,0.9999589,0.008897332,0.1711525,-0.009071957,0.9852027,moving,10.0031,3.464623,1.449073,0.2686838,1.141567246620469,2.0525304092968977,9.131560944703027,1.8101570412153614,9.108178115629254
2880,05/15/2023 18:38:38.868241,3063,True,True,True,True,Eyes,1.42956,0.09011306,-3.710451,0.1732423,0.05710449,0.9832224,0.0,0.0,0.0,0.0,0.0,0.0,0.0,-2.03055,-0.04880776,3.417013,1.415915,0.08853245,-3.713335,0.005767395,0.08588868,-0.0004486148,0.996288,0.6628717,9.854456,0.005547111,0.3589935,0.02293392,-0.9330579,0,0,0,1.623167,0.08029631,-2.677565,0.02692699,0.00397796,1.055982,0.9852458,9.680889e-05,-0.171145,0.001884609,0.9999331,0.01141491,0.1711347,-0.01156903,0.9851798,moving,9.992861,3.323943,1.460697,0.2158364,1.1514677461329488,2.0322184651681443,9.080646957120377,1.8425163603375863,9.05888554395849
2881,05/15/2023 18:38:38.884036,3064,True,True,True,True,Eyes,1.429652,0.08999948,-3.71031,0.1733739,0.05441343,0.9833517,0.0,0.0,0.0,0.0,0.0,0.0,0.0,-2.030459,-0.05411345,3.41674,1.415947,0.08781242,-3.71311,0.00453264,0.08586207,0.0003645977,0.9962968,0.5138983,9.851686,0.08622554,0.3590368,0.02290619,-0.9330419,0,0,0,1.623197,0.07731185,-2.677564,0.0270111,-0.001071761,1.055787,0.9852551,0.001504858,-0.171085,5.186955e-05,0.9999586,0.009094318,0.1710916,-0.008969098,0.9852144,moving,9.999011,3.167212,1.465527,-0.05816264,1.163777174834951,2.0097424548170912,9.122685500805732,2.089804880403341,9.101927639884488
2882,05/15/2023 18:38:38.903140,3065,True,True,True,True,Eyes,1.429743,0.08990666,-3.710165,0.1735022,0.05171328,0.9834749,0.0,0.0,0.0,0.0,0.0,0.0,0.0,-2.03033,-0.03344646,3.416762,1.415823,0.0873642,-3.712873,0.007227404,0.08585918,0.0006347632,0.9962809,0.8189019,9.852152,0.1435913,0.3590789,0.02287843,-0.9330264,0,0,0,1.623228,0.07415713,-2.677564,0.02720374,0.001811346,1.05561,0.9852557,0.002505883,-0.1710706,-2.372731e-05,0.9998947,0.01451005,0.1710889,-0.01429205,0.9851519,moving,10.00503,3.009966,1.476222,0.09831507,1.1761160329762252,1.9871912694000484,9.012118343599015,1.9125681394667347,8.993734422592873
2883,05/15/2023 18:38:38.912809,3066,True,True,True,True,Eyes,1.429785,0.08980996,-3.710002,0.1739222,0.04894068,0.9835426,0.0,0.0,0.0,0.0,0.0,0.0,0.0,-2.030535,-0.02205554,3.416472,1.415896,0.08777905,-3.712597,0.008720261,0.08587936,0.0009604784,0.9962668,0.9861346,9.855249,0.1954977,0.3591202,0.02285118,-0.9330112,0,0,0,1.623257,0.07128656,-2.677563,0.02715069,0.001577938,1.055379,0.9852476,0.003411567,-0.1711008,-0.000416005,0.999846,0.01754038,0.1711342,-0.01721044,0.9850974,moving,10.02808,2.848665,1.473666,0.08566504,1.1900027505131008,1.9642060288198715,8.989558813554533,1.8998371208568927,8.972944272298944
2884,05/15/2023 18:38:38.932840,3067,True,True,True,True,Eyes,1.429826,0.08970202,-3.709831,0.1743206,0.046107,0.9836089,0.0,0.0,0.0,0.0,0.0,0.0,0.0,-2.030817,-0.01901501,3.415904,1.415861,0.08761692,-3.712229,0.008927747,0.08592865,0.001365548,0.9962603,1.005824,9.861399,0.2438422,0.3591596,0.0228243,-0.9329967,0,0,0,1.623287,0.06824331,-2.677563,0.02715582,-0.0009680092,1.055081,0.9852288,0.004255181,-0.1711902,-0.001186585,0.9998369,0.0180234,0.171239,-0.01755404,0.9850731,moving,10.04992,2.683794,1.474361,-0.05256737,1.2040714756312063,1.9406970332768485,9.001549072782378,2.0115067507602653,8.986282080440105
2885,05/15/2023 18:38:38.943052,3068,True,True,True,True,Eyes,1.429801,0.0895844,-3.709636,0.1748629,0.04312225,0.983648,0.0,0.0,0.0,0.0,0.0,0.0,0.0,-2.030272,-0.003225185,3.415864,1.415872,0.08726883,-3.71185,0.01108697,0.08585766,0.001364684,0.9962448,1.252375,9.854202,0.2649381,0.3591974,0.02279747,-0.9329828,0,0,0,1.623317,0.06529991,-2.677562,0.02737981,0.0009585368,1.054759,0.9852532,0.00462292,-0.1710403,-0.0008153161,0.9997504,0.022325,0.1711008,-0.02185633,0.9850111,moving,10.08016,2.510189,1.486971,0.05206887,1.219413258124788,1.91600595517815,8.937854986697435,1.8830423794327573,8.924664287759622
2886,05/15/2023 18:38:38.963044,3069,True,True,True,True,Eyes,1.429777,0.0894714,-3.709434,0.1753452,0.04002587,0.983693,0.0,0.0,0.0,0.0,0.0,0.0,0.0,-2.028139,0.006447069,3.416532,1.415771,0.08697987,-3.711348,0.01248264,0.08557636,0.001191196,0.9962527,1.413508,9.8223,0.258478,0.3592325,0.02277049,-0.9329699,0,0,0,1.623346,0.06235895,-2.677562,0.02818191,0.001261221,1.05433,0.9853506,0.004509903,-0.1704816,-0.0002370272,0.9996855,0.02507561,0.170541,-0.02466786,0.9850417,moving,10.10693,2.330045,1.531133,0.06853888,1.2349970632595038,1.8903445831716537,8.868974242605875,1.8457173437820686,8.857550623463482
2887,05/15/2023 18:38:38.983188,3070,True,True,True,True,Eyes,1.429702,0.08936365,-3.709209,0.1758629,0.03691761,0.9837222,0.0,0.0,0.0,0.0,0.0,0.0,0.0,-2.024683,0.02395786,3.418112,1.415772,0.08704185,-3.710987,0.01530631,0.08508858,0.0004256165,0.9962559,1.743526,9.766396,0.1979246,0.3592653,0.02274347,-0.9329579,0,0,0,1.623377,0.05927833,-2.677562,0.0293107,0.004207423,1.054021,0.9855196,0.003452831,-0.1695269,0.001756735,0.9995311,0.03057044,0.169553,-0.03042557,0.9850513,moving,10.13586,2.149215,1.592896,0.228711,1.250790174837626,1.8646034774375115,8.756173223464232,1.6712811233741223,8.746775767583141
2888,05/15/2023 18:38:39.003233,3071,True,True,True,True,Eyes,1.42963,0.08922313,-3.708984,0.1763128,0.03376184,0.983755,0.0,0.0,0.0,0.0,0.0,0.0,0.0,-2.022079,0.02926646,3.418947,1.415668,0.0871067,-3.710413,0.01614543,0.08473942,0.0002423378,0.9962724,1.841197,9.726316,0.1845408,0.3592952,0.02271658,-0.9329471,0,0,0,1.623407,0.05631183,-2.677561,0.03026992,0.002959888,1.053546,0.9856384,0.003219177,-0.1688392,0.002253436,0.9994785,0.03221155,0.1688549,-0.03212941,0.9851171,moving,10.16092,1.965583,1.645739,0.1609694,1.2665133488832565,1.838425768040175,8.704305699368902,1.7197883477752294,8.696253427108893
2889,05/15/2023 18:38:39.012778,3072,True,True,True,True,Eyes,1.429512,0.08909556,-3.70874,0.1767842,0.03049009,0.9837772,0.0,0.0,0.0,0.0,0.0,0.0,0.0,-2.01786,0.04749455,3.420988,1.415647,0.08620358,-3.710213,0.01834782,0.08413017,0.0006872859,0.9962857,2.088532,9.658304,0.2555193,0.3593224,0.02268898,-0.9329373,0,0,0,1.623438,0.05313474,-2.677561,0.03161901,0.005184259,1.053383,0.9858434,0.004456676,-0.1676102,0.001717744,0.9993258,0.03667498,0.1676606,-0.0364437,0.985171,moving,10.18729,1.775193,1.719311,0.2819809,1.2828434184687916,1.8112880588329452,8.598624931931118,1.5903723890288706,8.592298343584456
2890,05/15/2023 18:38:39.032639,3073,True,True,True,True,Eyes,1.429407,0.08896371,-3.708484,0.1772185,0.0272372,0.9837946,0.0,0.0,0.0,0.0,0.0,0.0,0.0,-2.013966,0.06692322,3.422462,1.415721,0.08645439,-3.709723,0.021086,0.08356556,0.0007048485,0.9962789,2.401239,9.595152,0.282636,0.3593464,0.02266108,-0.9329287,0,0,0,1.623468,0.05016458,-2.67756,0.03283256,0.007671297,1.052948,0.9860327,0.004928577,-0.1664795,0.002119673,0.9991097,0.04213287,0.1665389,-0.04189727,0.9851444,moving,10.21162,1.585878,1.785993,0.4174232,1.2989434862470477,1.7842870500442087,8.506261044828806,1.4510458343569526,8.501486675696379
2891,05/15/2023 18:38:39.043198,3074,True,True,True,True,Eyes,1.42929,0.08881206,-3.708215,0.1776719,0.02389989,0.9837996,0.0,0.0,0.0,0.0,0.0,0.0,0.0,-2.012554,0.0776387,3.422598,1.415958,0.08623981,-3.709205,0.02250039,0.08333963,0.0008161741,0.9962669,2.561788,9.570432,0.3083663,0.3593678,0.02263282,-0.9329212,0,0,0,1.623496,0.04732837,-2.67756,0.03317279,0.00796105,1.05248,0.9861078,0.005376603,-0.1660205,0.002124093,0.9989861,0.04496882,0.1660939,-0.04469674,0.9850965,moving,10.23714,1.391639,1.80529,0.4333819,1.3155029096905673,1.7565886264254025,8.486126978321762,1.4109455817611147,8.482544846779307
2892,05/15/2023 18:38:39.063080,3075,True,True,True,True,Eyes,1.429179,0.08863933,-3.707939,0.1780978,0.02047575,0.9837998,0.0,0.0,0.0,0.0,0.0,0.0,0.0,-2.012238,0.09679975,3.421724,1.415976,0.08567619,-3.708685,0.02507531,0.0833067,0.00087126,0.996208,2.855388,9.568793,0.3392588,0.3593869,0.02260373,-0.9329146,0,0,0,1.623526,0.04435375,-2.677559,0.03332245,0.01090094,1.052034,0.9861184,0.005913799,-0.165938,0.002441972,0.998741,0.05010562,0.1660254,-0.04981529,0.9848624,moving,10.26116,1.192321,1.814197,0.5936643,1.3323374097660037,1.7281469977419917,8.468150551792517,1.23257440188267,8.46579999533279
2893,05/15/2023 18:38:39.082864,3076,True,True,True,True,Eyes,1.429053,0.08843195,-3.707655,0.1785304,0.01691741,0.983789,0.0,0.0,0.0,0.0,0.0,0.0,0.0,-2.011383,0.1159963,3.421156,1.416024,0.08504009,-3.708243,0.02781277,0.08318818,0.0005758198,0.9961455,3.170954,9.556568,0.3313687,0.359404,0.02257338,-0.9329087,0,0,0,1.623557,0.04128141,-2.677558,0.03361958,0.0142411,1.051648,0.9861588,0.005774586,-0.1657031,0.003480189,0.9984522,0.05550694,0.1657671,-0.05531533,0.9846123,moving,10.28566,0.9851714,1.831035,0.7758343,1.3497995760355552,1.6985837876602128,8.457216203459707,1.0406988758788125,8.455861670605586
2894,05/15/2023 18:38:39.093269,3077,True,True,True,True,Eyes,1.428943,0.08823433,-3.707376,0.1789257,0.01307858,0.9837756,0.0,0.0,0.0,0.0,0.0,0.0,0.0,-2.009626,0.1448468,3.420616,1.415973,0.08408356,-3.70785,0.03186279,0.08295208,0.0002605117,0.9960441,3.636727,9.53197,0.3332826,0.359419,0.02254102,-0.9329037,0,0,0,1.62359,0.03792464,-2.677558,0.0342558,0.02036485,1.05126,0.9862378,0.005805131,-0.1652312,0.004767196,0.9979693,0.06351669,0.1652643,-0.06343026,0.9842075,moving,10.30808,0.7616606,1.86635,1.109787,1.3683483864842492,1.6666505105843776,8.448905099672794,0.7470626322368483,8.448273723634339
2895,05/15/2023 18:38:39.113314,3078,True,True,True,True,Eyes,1.428819,0.08803374,-3.707076,0.1794405,0.009350175,0.9837244,0.0,0.0,0.0,0.0,0.0,0.0,0.0,-2.008042,0.1802469,3.419794,1.416233,0.08421612,-3.707681,0.0371201,0.08268556,-0.0003497526,0.9958841,4.243335,9.504038,0.3126603,0.3594325,0.02250709,-0.9328993,0,0,0,1.623617,0.03521108,-2.677557,0.0346036,0.02864871,1.050974,0.986326,0.005441969,-0.1647165,0.006835222,0.997244,0.0738768,0.1646645,-0.07399248,0.9835705,moving,10.33763,0.5445727,1.885798,1.561451,1.3869306499485448,1.6357028249169423,8.512784834191153,0.5043629312814906,8.512224274649869
2896,05/15/2023 18:38:39.137553,3079,True,True,True,True,Eyes,1.428702,0.087814,-3.706781,0.1799649,0.005482084,0.9836577,0.0,0.0,0.0,0.0,0.0,0.0,0.0,-2.011167,0.1944029,3.41657,1.416573,0.08397007,-3.706996,0.03901529,0.0831129,-0.0002131591,0.9957761,4.458467,9.555877,0.3483161,0.3594446,0.02247169,-0.9328955,0,0,0,1.623647,0.03229629,-2.677557,0.03348762,0.02986498,1.05037,0.9861845,0.006060828,-0.1655402,0.006909851,0.9969555,0.07766555,0.1655069,-0.07773641,0.9831402,moving,10.36788,0.3193153,1.826069,1.628641,1.4061821821692129,1.6035869081161986,8.641577920056122,0.4206336259836897,8.640836250223558
2897,05/15/2023 18:38:39.153219,3080,True,True,True,True,Eyes,1.428508,0.08761779,-3.70646,0.1806279,0.001648482,0.9835502,0.0,0.0,0.0,0.0,0.0,0.0,0.0,-2.014077,0.2173429,3.413261,1.416634,0.08336449,-3.70679,0.04255831,0.08352062,-0.001059464,0.9955963,4.871354,9.602862,0.2874839,0.3594554,0.02243448,-0.9328922,0,0,0,1.623677,0.0292096,-2.677557,0.03262407,0.03498715,1.050159,0.9860463,0.004999395,-0.1663959,0.009218592,0.9963753,0.08456483,0.1662154,-0.08491877,0.9824262,moving,10.40635,0.09603066,1.779369,1.908163,1.425883375052288,1.571826410340829,8.81524955926007,0.487928671619363,8.813741015238154
2898,05/15/2023 18:38:39.162899,3081,True,True,True,True,Eyes,1.428339,0.08738731,-3.70613,0.1813068,-0.002018379,0.9834245,0.0,0.0,0.0,0.0,0.0,0.0,0.0,-2.016139,0.2417486,3.40985,1.41677,0.08378696,-3.706223,0.04623941,0.08380851,-0.001457145,0.9954076,5.295843,9.638261,0.279054,0.3594636,0.02239627,-0.9328899,0,0,0,1.623707,0.02625589,-2.677556,0.03198195,0.03936073,1.049627,0.9859481,0.004849602,-0.166982,0.01065141,0.9957196,0.09180987,0.1667124,-0.09229835,0.9816761,moving,10.44591,-0.1175936,1.745253,2.147571,1.4449329003245177,1.5414640983650818,8.99068422850798,0.6764301430883843,8.98806878961344
2899,05/15/2023 18:38:39.182768,3082,True,True,True,True,Eyes,1.428165,0.08714953,-3.705801,0.1818094,-0.005919818,0.9833159,0.0,0.0,0.0,0.0,0.0,0.0,0.0,-2.020215,0.243129,3.406889,1.417227,0.08273125,-3.705657,0.04611091,0.08436161,-0.001051712,0.9953673,5.277066,9.704045,0.3271896,0.3594701,0.02235628,-0.9328884,0,0,0,1.623737,0.02329729,-2.677556,0.03047073,0.03705053,1.049224,0.9857641,0.0056863,-0.1680385,0.009873644,0.9957453,0.09161712,0.1678445,-0.09197202,0.9815139,moving,10.47535,-0.3449313,1.663471,2.022406,1.4642828469392049,1.5090420637150057,9.124335449917014,0.550652750286235,9.121109676755232
2900,05/15/2023 18:38:39.202988,3083,True,True,True,True,Eyes,1.428018,0.08695536,-3.705461,0.1823715,-0.009723064,0.9831817,0.0,0.0,0.0,0.0,0.0,0.0,0.0,-2.026018,0.2796023,3.400485,1.417448,0.08240318,-3.70544,0.05144345,0.08517456,-0.001552131,0.995036,5.891246,9.801944,0.3268526,0.359475,0.02231451,-0.9328876,0,0,0,1.623766,0.02033444,-2.677555,0.0285787,0.04566518,1.048839,0.9854858,0.005674496,-0.1696631,0.01185219,0.9947023,0.1021118,0.1693437,-0.1026406,0.9801978,moving,10.50842,-0.5666017,1.560806,2.493015,1.48346839916704,1.4774664162163136,9.45627044050216,1.0184890920022902,9.450696551858318
2901,05/15/2023 18:38:39.212940,3084,True,True,True,True,Eyes,1.427948,0.0867378,-3.705127,0.1827162,-0.01328927,0.9830759,0.0,0.0,0.0,0.0,0.0,0.0,0.0,-2.033535,0.2830801,3.395232,1.417933,0.0832653,-3.704801,0.05215527,0.08621538,-0.001687493,0.994909,5.973616,9.922302,0.3246474,0.3594791,0.02227223,-0.932887,0,0,0,1.623796,0.01733762,-2.677555,0.02602208,0.04328297,1.048526,0.9851282,0.005635371,-0.1717287,0.01235096,0.994554,0.1034885,0.1713767,-0.1040705,0.9796935,moving,10.52895,-0.7744803,1.421661,2.363817,1.5006964579786162,1.4477637179991922,9.63284085162359,0.919456480254689,9.626453712386132
2902,05/15/2023 18:38:39.233219,3085,True,True,True,True,Eyes,1.42789,0.08652268,-3.704799,0.1831241,-0.01695051,0.9829437,0.0,0.0,0.0,0.0,0.0,0.0,0.0,-2.04235,0.2829793,3.389539,1.418195,0.0824728,-3.704345,0.05227317,0.08746743,-0.002100862,0.9947928,5.990838,10.06462,0.2860112,0.3594841,0.0222289,-0.9328861,0,0,0,1.623828,0.01414538,-2.677554,0.02323467,0.04119745,1.048339,0.9846902,0.004964556,-0.1742436,0.01332423,0.9945262,0.1036344,0.1738043,-0.1043694,0.979234,moving,10.55332,-0.987947,1.269657,2.250442,1.5186272258234417,1.4172913016681363,9.832271457445119,0.8695552078375747,9.824893629873294
2903,05/15/2023 18:38:39.253208,3086,True,True,True,True,Eyes,1.427901,0.08630896,-3.704475,0.1833688,-0.02036739,0.9828332,0.0,0.0,0.0,0.0,0.0,0.0,0.0,-2.049567,0.3012959,3.383464,1.418433,0.08237457,-3.704132,0.05519505,0.08847606,-0.002774654,0.994544,6.331387,10.18101,0.2448782,0.3594902,0.02218466,-0.9328848,0,0,0,1.623857,0.01121435,-2.677554,0.02092367,0.04461591,1.048187,0.9843286,0.004247847,-0.176293,0.01528591,0.9938916,0.1092968,0.1756804,-0.1102788,0.978251,moving,10.56826,-1.187178,1.143573,2.437313,1.534793519203581,1.3887828242306817,10.097606649946808,1.1191376252028868,10.08823248606949
2904,05/15/2023 18:38:39.263184,3087,True,True,True,True,Eyes,1.427916,0.08608945,-3.704162,0.1836559,-0.02380072,0.9827024,0.0,0.0,0.0,0.0,0.0,0.0,0.0,-2.057271,0.303928,3.378121,1.41872,0.08217716,-3.703637,0.05553068,0.08958218,-0.002675717,0.9944266,6.368454,10.30995,0.2667841,0.3594986,0.02213963,-0.9328826,0,0,0,1.623886,0.008322879,-2.677553,0.01841128,0.04256579,1.047972,0.9839357,0.004627515,-0.1784629,0.01527072,0.9938183,0.109963,0.1778685,-0.1109218,0.9777828,moving,10.58581,-1.387413,1.006497,2.325922,1.5512259747324555,1.3601528340038227,10.273854893573006,1.1088010362107459,10.26335943274474
2905,05/15/2023 18:38:39.282916,3088,True,True,True,True,Eyes,1.427989,0.08586281,-3.703865,0.1837279,-0.02707926,0.9826041,0.0,0.0,0.0,0.0,0.0,0.0,0.0,-2.062039,0.3168534,3.373975,1.418801,0.08185101,-3.703568,0.05743505,0.09026611,-0.002897152,0.994256,6.588243,10.39035,0.2657665,0.3595093,0.02209373,-0.9328796,0,0,0,1.623917,0.005278118,-2.677553,0.01691049,0.04388753,1.048061,0.9836873,0.004607852,-0.1798281,0.0161299,0.9933856,0.1136872,0.1791624,-0.1147333,0.9771065,moving,10.5909,-1.578596,0.9243892,2.39786,1.566065471194796,1.3327151557338668,10.45244628622662,1.243495869024575,10.440118491890601
2906,05/15/2023 18:38:39.303069,3089,True,True,True,True,Eyes,1.428071,0.08563382,-3.703575,0.1838411,-0.03038016,0.9824864,0.0,0.0,0.0,0.0,0.0,0.0,0.0,-2.064654,0.3260113,3.371437,1.419086,0.0814476,-3.703409,0.05866952,0.09061575,-0.002870833,0.9941521,6.728985,10.4328,0.2841215,0.359523,0.02204686,-0.9328753,0,0,0,1.623947,0.002249106,-2.677552,0.01592886,0.04383062,1.048068,0.9835612,0.004924677,-0.1805084,0.01634084,0.9930993,0.1161326,0.1798347,-0.1171731,0.9766934,moving,10.59852,-1.771119,0.8707321,2.394737,1.5811907288001188,1.3051069662052068,10.582259382576218,1.3007863290272494,10.568212006703714
2907,05/15/2023 18:38:39.323060,3090,True,True,True,True,Eyes,1.428201,0.08542564,-3.7033,0.183732,-0.03351385,0.9824049,0.0,0.0,0.0,0.0,0.0,0.0,0.0,-2.068839,0.3394878,3.367538,1.419387,0.08119106,-3.703298,0.06059277,0.09118915,-0.002950734,0.9939842,6.949509,10.50158,0.2992694,0.3595396,0.02199904,-0.9328701,0,0,0,1.623977,-0.000746851,-2.677552,0.01444447,0.04513199,1.048085,0.9833517,0.005184838,-0.1816387,0.01691676,0.9926396,0.1199183,0.1809236,-0.1209946,0.9760262,moving,10.59323,-1.953836,0.7895877,2.465713,1.594633175428454,1.278795541797059,10.753781460944346,1.4341796505650037,10.737768945010952
2908,05/15/2023 18:38:39.342839,3091,True,True,True,True,Eyes,1.428341,0.08520937,-3.703024,0.1836453,-0.03657113,0.982312,0.0,0.0,0.0,0.0,0.0,0.0,0.0,-2.070956,0.3458475,3.36546,1.419492,0.08148479,-3.703134,0.0617711,0.09147194,-0.003413858,0.9938841,7.089013,10.53293,0.260666,0.3595598,0.02195087,-0.9328634,0,0,0,1.624011,-0.004189622,-2.677551,0.01379776,0.04396822,1.048266,0.9832425,0.004514687,-0.1822467,0.0180866,0.9923453,0.1221621,0.1814033,-0.1234112,0.9756345,moving,10.58933,-2.132117,0.7541096,2.401791,1.6078411920078508,1.253133931181083,10.829953004008845,1.431178078695983,10.81239659439195
2909,05/15/2023 18:38:39.353645,3092,True,True,True,True,Eyes,1.428478,0.08499893,-3.702754,0.183538,-0.03951534,0.9822181,0.0,0.0,0.0,0.0,0.0,0.0,0.0,-2.073198,0.3488388,3.363605,1.419875,0.08108997,-3.702844,0.06235005,0.09173852,-0.00381331,0.993822,7.159352,10.56186,0.2229174,0.3595834,0.02190219,-0.9328555,0,0,0,1.624038,-0.006858678,-2.677551,0.01293796,0.04296736,1.048155,0.9831391,0.0038603,-0.1828191,0.01901929,0.9921958,0.12323,0.181868,-0.1246293,0.975393,moving,10.58427,-2.303808,0.7071976,2.347429,1.6204659570700315,1.2284094816487996,10.917443145032209,1.4443904508395045,10.89832175510349
2910,05/15/2023 18:38:39.362798,3093,True,True,True,True,Eyes,1.428623,0.08479172,-3.702484,0.1834641,-0.04241031,0.9821112,0.0,0.0,0.0,0.0,0.0,0.0,0.0,-2.07608,0.3557373,3.36104,1.420061,0.08102226,-3.702718,0.06362221,0.09211519,-0.004405327,0.9937041,7.310991,10.60318,0.1713303,0.35961,0.02185319,-0.9328464,0,0,0,1.624075,-0.01055256,-2.67755,0.01202005,0.04214052,1.048359,0.9829909,0.002965963,-0.183631,0.02047631,0.9918656,0.1256317,0.1825098,-0.1272549,0.9749341,moving,10.58123,-2.472656,0.6569009,2.301859,1.633022754851106,1.204111361336669,11.013096820165153,1.4689669001406678,10.992335350729634
2911,05/15/2023 18:38:39.382955,3094,True,True,True,True,Eyes,1.428784,0.08458544,-3.702218,0.1832769,-0.04517984,0.9820226,0.0,0.0,0.0,0.0,0.0,0.0,0.0,-2.079323,0.3592396,3.358459,1.42038,0.08092117,-3.702413,0.06442858,0.092529,-0.005021437,0.9936107,7.409678,10.64781,0.1123392,0.3596395,0.02180398,-0.9328362,0,0,0,1.624097,-0.01279104,-2.67755,0.0109266,0.04179722,1.048218,0.9828264,0.001944319,-0.1845226,0.02190172,0.9916475,0.1271046,0.1832285,-0.1289631,0.9745747,moving,10.57161,-2.634145,0.5972286,2.283434,1.644543170371564,1.180813576085721,11.120740422018084,1.520736534888762,11.09827704932101
2912,05/15/2023 18:38:39.402854,3095,True,True,True,True,Eyes,1.428944,0.08437917,-3.701963,0.1831398,-0.04789389,0.9819195,0.0,0.0,0.0,0.0,0.0,0.0,0.0,-2.083119,0.3632069,3.355538,1.420628,0.08073807,-3.702196,0.06529056,0.0930323,-0.005634602,0.9935041,7.514742,10.70283,0.05503335,0.3596718,0.0217546,-0.9328249,0,0,0,1.624128,-0.01589331,-2.677549,0.009707332,0.04080532,1.048279,0.9826266,0.0009522605,-0.1855917,0.02334426,0.9914109,0.1286845,0.1841201,-0.1307813,0.9741642,moving,10.56497,-2.792434,0.5305582,2.22917,1.65603855236305,1.15800182800694,11.220781029179532,1.553739771083372,11.196740974132133
2913,05/15/2023 18:38:39.413195,3096,True,True,True,True,Eyes,1.429116,0.08416659,-3.701706,0.1829258,-0.05053584,0.981827,0.0,0.0,0.0,0.0,0.0,0.0,0.0,-2.087342,0.3660217,3.352655,1.420772,0.08055019,-3.702186,0.06594121,0.09361196,-0.006150929,0.9934037,7.594664,10.76705,0.007228868,0.3597066,0.02170505,-0.9328126,0,0,0,1.624157,-0.01879682,-2.677549,0.008390665,0.03958048,1.048561,0.982398,0.0001250576,-0.1868001,0.02456648,0.9912279,0.1298609,0.1851776,-0.1321641,0.9737772,moving,10.55387,-2.946484,0.4584753,2.161742,1.6668881474858543,1.135760449194955,11.31419316680885,1.5852128414068551,11.288659513642799
2914,05/15/2023 18:38:39.433084,3097,True,True,True,True,Eyes,1.429292,0.08394594,-3.701457,0.1827648,-0.05317957,0.9817174,0.0,0.0,0.0,0.0,0.0,0.0,0.0,-2.091368,0.3728467,3.349048,1.420987,0.08018303,-3.701801,0.06705108,0.09416953,-0.006486743,0.9932746,7.725195,10.83072,359.9851,0.3597438,0.02165521,-0.9327993,0,0,0,1.624187,-0.02177955,-2.677548,0.007105112,0.03932571,1.04842,0.9821801,-0.0002578995,-0.1879422,0.02551455,0.9909242,0.1319785,0.1862024,-0.1344219,0.9732724,moving,10.54593,-3.100678,0.3882861,2.14813,1.6779788967577924,1.1135259875569683,11.433622130369328,1.6533943790191612,11.406319253857191
2915,05/15/2023 18:38:39.453176,3098,True,True,True,True,Eyes,1.429498,0.08371455,-3.701219,0.1825589,-0.05588307,0.9816055,0.0,0.0,0.0,0.0,0.0,0.0,0.0,-2.095768,0.3812076,3.345395,1.42126,0.07979488,-3.701741,0.06837307,0.09476405,-0.006824328,0.9931256,7.880042,10.89895,359.9655,0.3597834,0.02160488,-0.9327852,0,0,0,1.624218,-0.0248478,-2.677548,0.005621731,0.03949364,1.048581,0.9819465,-0.0005962059,-0.1891584,0.02651344,0.9905571,0.1345127,0.187292,-0.1370995,0.9726899,moving,10.5355,-3.258347,0.3071755,2.156962,1.689151195688102,1.090770240427203,11.573426184271504,1.7454574448131213,11.544175025459877
2916,05/15/2023 18:38:39.462946,3099,True,True,True,True,Eyes,1.429697,0.08350955,-3.700999,0.1823978,-0.05870499,0.9814707,0.0,0.0,0.0,0.0,0.0,0.0,0.0,-2.10132,0.3963461,3.340024,1.421404,0.07933521,-3.701582,0.07070081,0.09554338,-0.007253001,0.9928849,8.150946,10.98939,359.9483,0.3598256,0.02155383,-0.9327701,0,0,0,1.624247,-0.02779259,-2.677547,0.003877103,0.04196645,1.048567,0.9816377,-0.0008928003,-0.1907528,0.02791276,0.9898976,0.1390096,0.1887015,-0.1417815,0.9717457,moving,10.52782,-3.422971,0.2118516,2.291906,1.7010502259247136,1.0670387600495,11.793176974629338,1.9282147968937515,11.761342282225172
2917,05/15/2023 18:38:39.483071,3100,True,True,True,True,Eyes,1.429965,0.08330855,-3.70079,0.1821623,-0.06132738,0.9813541,0.0,0.0,0.0,0.0,0.0,0.0,0.0,-2.105239,0.4124367,3.335837,1.421432,0.0798254,-3.701771,0.07347815,0.09606674,-0.008075288,0.9926264,8.477687,11.04756,359.8891,0.3598698,0.0215028,-0.9327542,0,0,0,1.624278,-0.03082408,-2.677547,0.002736092,0.04449373,1.049017,0.9814121,-0.001913874,-0.1919035,0.03014909,0.9890715,0.1443212,0.1895301,-0.1474243,0.9707443,moving,10.51575,-3.575912,0.149441,2.428727,1.7117452126803805,1.044948320370391,11.979818521321683,2.087016503805451,11.945457526492735
2918,05/15/2023 18:38:39.502963,3101,True,True,True,True,Eyes,1.430223,0.08308564,-3.700599,0.1819727,-0.06394678,0.981222,0.0,0.0,0.0,0.0,0.0,0.0,0.0,-2.109198,0.407493,3.333739,1.421671,0.07970428,-3.701497,0.0727372,0.09663466,-0.007963533,0.9926267,8.391768,11.11328,359.8986,0.3599173,0.02145186,-0.9327371,0,0,0,1.624307,-0.0338045,-2.677546,0.001400888,0.04004271,1.049198,0.9811966,-0.001751759,-0.1930027,0.02986749,0.9892918,0.1428627,0.1906857,-0.1459409,0.9707422,moving,10.50643,-3.728724,0.07650125,2.185637,1.722630818088443,1.0229004578504657,11.990124259923146,2.015365679320976,11.954776962273447
2919,05/15/2023 18:38:39.513372,3102,True,True,True,True,Eyes,1.430505,0.08287867,-3.700419,0.1816203,-0.06666159,0.9811066,0.0,0.0,0.0,0.0,0.0,0.0,0.0,-2.112883,0.4146401,3.330704,1.421646,0.07898808,-3.701686,0.07396946,0.09714559,-0.008563074,0.9924806,8.539446,11.16943,359.8479,0.3599674,0.02140044,-0.9327189,0,0,0,1.624338,-0.03681685,-2.677546,0.0003581643,0.0405057,1.049626,0.9809788,-0.002625753,-0.1940969,0.03136897,0.9889104,0.1451628,0.1915633,-0.1484902,0.9701825,moving,10.48774,-3.887005,0.01955107,2.209983,1.733247560260473,0.9999845485614658,12.114299077797218,2.097820753356853,12.076752621967389
2920,05/15/2023 18:38:39.532880,3103,True,True,True,True,Eyes,1.430784,0.08269829,-3.70023,0.1812916,-0.06923996,0.9809889,0.0,0.0,0.0,0.0,0.0,0.0,0.0,-2.113886,0.4299789,3.32804,1.42164,0.0792141,-3.701609,0.07659906,0.09724468,-0.009393371,0.9922641,8.849519,11.17775,359.7829,0.3600202,0.02134898,-0.9326997,0,0,0,1.624368,-0.03986478,-2.677545,0.0002021194,0.04293944,1.049829,0.9809105,-0.003743706,-0.1944238,0.0335391,0.9880887,0.1501861,0.1915458,-0.1538399,0.9693521,moving,10.47041,-4.037344,0.01103092,2.342169,1.7433623545361945,0.9782221711568134,12.251399791709952,2.204840844821597,12.211200762304697
2921,05/15/2023 18:38:39.553163,3104,True,True,True,True,Eyes,1.431064,0.08255339,-3.700046,0.180763,-0.07165079,0.9809133,0.0,0.0,0.0,0.0,0.0,0.0,0.0,-2.115178,0.4254517,3.327415,1.421844,0.07967854,-3.701174,0.07622352,0.09740257,-0.009758767,0.992274,8.810693,11.19232,359.738,0.3600755,0.02129817,-0.9326795,0,0,0,1.624399,-0.04296786,-2.677545,-0.0001631975,0.03863159,1.04995,0.9808351,-0.00451801,-0.1947877,0.03421547,0.9881895,0.1493682,0.1918124,-0.1531703,0.9694054,moving,10.44134,-4.177749,-0.008905688,2.107175,1.751869904006735,0.957785183845234,12.19458505343001,2.1027191050844034,12.15341378155592
2922,05/15/2023 18:38:39.562948,3105,True,True,True,True,Eyes,1.431338,0.08234886,-3.699848,0.1802634,-0.0737697,0.9808482,0.0,0.0,0.0,0.0,0.0,0.0,0.0,-2.114891,0.4196995,3.328192,1.421808,0.08037472,-3.701052,0.07560717,0.09736219,-0.009960152,0.9923232,8.742438,11.18497,359.7076,0.360133,0.02124883,-0.9326584,0,0,0,1.624428,-0.04586395,-2.677544,6.181002e-05,0.03381401,1.050435,0.9808428,-0.005044819,-0.1947357,0.03448993,0.9883687,0.148114,0.1917234,-0.1519929,0.9696084,moving,10.41379,-4.301124,0.003371415,1.843742,1.7591993900183232,0.9398095080198332,12.088680377645419,1.974848305038749,12.046779277388652
2923,05/15/2023 18:38:39.582786,3106,True,True,True,True,Eyes,1.431599,0.08210869,-3.69967,0.1796055,-0.07621447,0.9807819,0.0,0.0,0.0,0.0,0.0,0.0,0.0,-2.115323,0.4051657,3.329162,1.421935,0.07869339,-3.700539,0.07317826,0.09744832,-0.00966615,0.9924996,8.461377,11.19409,359.7147,0.3601924,0.02119931,-0.9326366,0,0,0,1.624458,-0.04882476,-2.677544,-6.264448e-05,0.02731875,1.050261,0.9808208,-0.004925099,-0.1948495,0.03344949,0.989103,0.1433749,0.1920201,-0.1471427,0.9702977,moving,10.3773,-4.443403,-0.003417498,1.490007,1.767308097471139,0.9190382898439589,11.956782594050265,1.860503803391402,11.914205779187489
2924,05/15/2023 18:38:39.603246,3107,True,True,True,True,Eyes,1.431856,0.081912,-3.699488,0.1789241,-0.07878698,0.9807032,0.0,0.0,0.0,0.0,0.0,0.0,0.0,-2.11149,0.435689,3.327835,1.421626,0.0776844,-3.700764,0.07773554,0.09685242,-0.01047284,0.9922032,8.991478,11.12425,359.6679,0.3602532,0.02114873,-0.9326142,0,0,0,1.624488,-0.05186613,-2.677543,0.001429796,0.03507917,1.050563,0.9810199,-0.005724619,-0.1938228,0.03584009,0.987695,0.1522303,0.1905663,-0.1562875,0.9691536,moving,10.33959,-4.593121,0.07797839,1.912443,1.7758908873267418,0.8971870685301095,12.150022049057473,1.9782950879388868,12.103584450496875
2925,05/15/2023 18:38:39.613291,3108,True,True,True,True,Eyes,1.432104,0.08169337,-3.699302,0.178186,-0.08129252,0.9806331,0.0,0.0,0.0,0.0,0.0,0.0,0.0,-2.108052,0.4529187,3.327508,1.421798,0.07858753,-3.700493,0.08053734,0.09628293,-0.01097654,0.9920297,9.317461,11.05747,359.636,0.3603151,0.0210983,-0.9325914,0,0,0,1.624518,-0.05481925,-2.677543,0.002524734,0.03721043,1.05068,0.9812182,-0.006269361,-0.192799,0.03728684,0.9867865,0.1576772,0.1892629,-0.1619046,0.9684867,moving,10.29857,-4.73887,0.1376787,2.028314,1.7839321195560705,0.8758774549851253,12.208132179013777,2.0095423139824344,12.15908292368453
2926,05/15/2023 18:38:39.632888,3109,True,True,True,True,Eyes,1.432336,0.08145279,-3.699124,0.1774367,-0.08400308,0.9805405,0.0,0.0,0.0,0.0,0.0,0.0,0.0,-2.107387,0.4545813,3.32738,1.421836,0.07783222,-3.700203,0.08051283,0.09620371,-0.01066331,0.9920428,9.311161,11.05113,359.6711,0.3603779,0.02104744,-0.9325683,0,0,0,1.624548,-0.05786116,-2.677542,0.00272572,0.03479195,1.050771,0.9812623,-0.005665658,-0.1925934,0.03664816,0.9868079,0.1576926,0.1891592,-0.161796,0.9685251,moving,10.25713,-4.896584,0.148626,1.89642,1.792848251753998,0.8528442267401456,12.178947264112445,1.9474386274534794,12.128103605678385
2927,05/15/2023 18:38:39.662690,3110,True,True,True,True,Eyes,1.432545,0.0812126,-3.698939,0.176649,-0.08680064,0.9804391,0.0,0.0,0.0,0.0,0.0,0.0,0.0,-2.104703,0.4797401,3.325479,1.421664,0.07713795,-3.700224,0.08430477,0.09576896,-0.01134565,0.9917622,9.752569,10.99974,359.6304,0.360441,0.02099565,-0.9325451,0,0,0,1.62458,-0.0610397,-2.677542,0.00379467,0.04045618,1.050949,0.9813992,-0.006356811,-0.191873,0.03865193,0.985528,0.1650475,0.188047,-0.1693937,0.967442,moving,10.2136,-5.059343,0.2068774,2.204506,1.8019938965901023,0.8290675245448125,12.365193063116797,2.1062354183367944,12.310764421382219
2928,05/15/2023 18:38:39.672941,3111,True,True,True,True,Eyes,1.432745,0.08096821,-3.698756,0.1758684,-0.08968147,0.9803202,0.0,0.0,0.0,0.0,0.0,0.0,0.0,-2.101726,0.4982265,3.324349,1.421718,0.07694149,-3.699943,0.08692992,0.09530702,-0.0114364,0.9915791,10.05397,10.94912,359.6444,0.3605041,0.02094304,-0.9325219,0,0,0,1.624609,-0.06399384,-2.677541,0.004737318,0.04322447,1.050924,0.9815716,-0.006110135,-0.1909972,0.03925025,0.9846248,0.1702158,0.1870205,-0.1745757,0.9667195,moving,10.17062,-5.226973,0.258274,2.355245,1.8115482518935089,0.8045954328686131,12.4797689491128,2.194806365409053,12.422280123383512
2929,05/15/2023 18:38:39.692937,3112,True,True,True,True,Eyes,1.432981,0.08072947,-3.698572,0.1750234,-0.09265088,0.9801952,0.0,0.0,0.0,0.0,0.0,0.0,0.0,-2.100252,0.5143183,3.322647,1.421683,0.07664204,-3.699798,0.08936124,0.09505865,-0.01183065,0.9913822,10.33665,10.92005,359.6233,0.3605668,0.02088958,-0.9324989,0,0,0,1.624638,-0.06688413,-2.677541,0.005324721,0.04584184,1.051033,0.9816478,-0.00646827,-0.1905932,0.04044649,0.9837492,0.174933,0.1863644,-0.1794314,0.9659569,moving,10.12402,-5.399719,0.2902683,2.49743,1.821226008206573,0.7793562896755453,12.612201823054288,2.301218976635027,12.55169704052557
2930,05/15/2023 18:38:39.703006,3113,True,True,True,True,Eyes,1.433209,0.08049056,-3.698387,0.1741666,-0.09565388,0.9800593,0.0,0.0,0.0,0.0,0.0,0.0,0.0,-2.09746,0.5336995,3.320831,1.421579,0.07659245,-3.69937,0.09216322,0.09464681,-0.0119648,0.9911635,10.65894,10.87523,359.6343,0.36063,0.0208355,-0.9324756,0,0,0,1.624674,-0.07052088,-2.67754,0.006351054,0.04815883,1.051031,0.9817977,-0.006272226,-0.1898264,0.04116403,0.9827255,0.1804328,0.1854156,-0.1849625,0.9650959,moving,10.07685,-5.574418,0.3462164,2.62349,1.8310100327516776,0.7538314252302661,12.72363650195623,2.3875165587006757,12.660108716474783
2931,05/15/2023 18:38:39.713350,3114,True,True,True,True,Eyes,1.433449,0.08025956,-3.698195,0.1732651,-0.09861796,0.9799253,0.0,0.0,0.0,0.0,0.0,0.0,0.0,-2.093645,0.5484197,3.320595,1.421592,0.07637215,-3.699151,0.09409808,0.09408849,-0.01176385,0.9910372,10.87827,10.81558,359.6727,0.3606935,0.02078085,-0.9324523,0,0,0,1.624715,-0.07459643,-2.67754,0.007535398,0.04835875,1.051354,0.982018,-0.005609741,-0.1887042,0.0410239,0.9820144,0.1842957,0.1842764,-0.1887231,0.9645858,moving,10.02709,-5.746797,0.4106506,2.633557,1.8404297584161975,0.7286174206538241,12.755635613296123,2.381819313634205,12.68955294544254
2932,05/15/2023 18:38:39.732920,3115,True,True,True,True,Eyes,1.433683,0.08002099,-3.698002,0.1723619,-0.1015322,0.979787,0.0,0.0,0.0,0.0,0.0,0.0,0.0,-2.091221,0.5612075,3.319489,1.421613,0.07635498,-3.698696,0.09587181,0.09373456,-0.0116955,0.9909015,11.08071,10.77818,359.6961,0.3607575,0.0207259,-0.9324287,0,0,0,1.624738,-0.07685926,-2.677539,0.008315027,0.04978309,1.051165,0.9821541,-0.005205177,-0.1880059,0.04115117,0.9813437,0.1878065,0.1835208,-0.1921916,0.9640449,moving,9.97726,-5.916264,0.4532169,2.711496,1.8496240051419008,0.7038213983124574,12.850900341542518,2.4455490405125833,12.78214826138067
2933,05/15/2023 18:38:39.752658,3116,True,True,True,True,Eyes,1.433931,0.07978493,-3.697809,0.1714785,-0.1043666,0.9796442,0.0,0.0,0.0,0.0,0.0,0.0,0.0,-2.088087,0.5684587,3.320008,1.42167,0.07594109,-3.698486,0.09675296,0.09327316,-0.01155319,0.9908611,11.18004,10.7275,359.7169,0.360822,0.02067048,-0.9324049,0,0,0,1.624759,-0.0790249,-2.677539,0.009257793,0.04984514,1.0512,0.9823334,-0.004846307,-0.1870772,0.04094411,0.9810108,0.1895823,0.1826059,-0.1938927,0.963878,moving,9.928558,-6.081082,0.5045841,2.714782,1.8585486112408565,0.6797035183207323,12.891024302761096,2.444333104201161,12.819923680479096
2934,05/15/2023 18:38:39.763126,3117,True,True,True,True,Eyes,1.434171,0.07954523,-3.69761,0.1706135,-0.1072183,0.9794872,0.0,0.0,0.0,0.0,0.0,0.0,0.0,-2.086873,0.5788454,3.318647,1.42169,0.07580853,-3.698184,0.09852827,0.09304225,-0.01219586,0.9907001,11.39042,10.69648,359.6592,0.3608871,0.02061469,-0.932381,0,0,0,1.624789,-0.08195566,-2.677538,0.009828806,0.05091522,1.051269,0.9823889,-0.005830287,-0.1867572,0.04249944,0.9802868,0.1929545,0.1819506,-0.1974934,0.9632707,moving,9.881019,-6.246934,0.5356695,2.772791,1.8676362128775696,0.6554471670186351,12.98810980677232,2.5014556224882534,12.914534674119158
2935,05/15/2023 18:38:39.782801,3118,True,True,True,True,Eyes,1.434393,0.07930578,-3.697403,0.1699568,-0.109938,0.9792999,0.0,0.0,0.0,0.0,0.0,0.0,0.0,-2.086244,0.5885061,3.316956,1.421729,0.07552624,-3.697828,0.1001438,0.09290245,-0.01275194,0.9905441,11.58158,10.67664,359.6107,0.3609528,0.0205585,-0.9323568,0,0,0,1.624819,-0.08496748,-2.677538,0.01019895,0.05168843,1.051295,0.9824131,-0.006655515,-0.186602,0.04386991,0.9796172,0.1960242,0.1814938,-0.200763,0.9626808,moving,9.845578,-6.405313,0.5558276,2.814764,1.8770397945344743,0.6323707747629383,13.08851719562721,2.551164803094309,13.012555802783037
2936,05/15/2023 18:38:39.803098,3119,True,True,True,True,Eyes,1.434611,0.0790635,-3.697196,0.1693309,-0.1127003,0.9790943,0.0,0.0,0.0,0.0,0.0,0.0,0.0,-2.086706,0.5968367,3.314793,1.421795,0.07531738,-3.697463,0.1015458,0.09292743,-0.0132159,0.990393,11.74737,10.67663,359.5725,0.3610185,0.02050195,-0.9323326,0,0,0,1.624849,-0.08794704,-2.677537,0.01019478,0.05195022,1.051348,0.9823798,-0.007305084,-0.1867532,0.04505063,0.9790276,0.1986842,0.1813852,-0.2035967,0.962106,moving,9.812045,-6.56623,0.555572,2.828854,1.8867744786143412,0.6089462252360989,13.189006625473542,2.588453315693791,13.110746842909107
2937,05/15/2023 18:38:39.813341,3120,True,True,True,True,Eyes,1.434776,0.07883576,-3.696979,0.1689992,-0.1152973,0.9788492,0.0,0.0,0.0,0.0,0.0,0.0,0.0,-2.087511,0.6103176,3.311659,1.421913,0.07503223,-3.697271,0.1034523,0.0930213,-0.01324023,0.9901867,11.96636,10.69079,359.5915,0.3610843,0.020445,-0.9323084,0,0,0,1.624878,-0.09088382,-2.677537,0.009893298,0.05332752,1.051494,0.9823436,-0.006974072,-0.1869562,0.04546709,0.9782447,0.2024108,0.1814774,-0.2073373,0.9612894,moving,9.795599,-6.717834,0.5390689,2.903323,1.8970494207693849,0.5870097324213649,13.351030353903589,2.6850359864161786,13.270308854391624
2938,05/15/2023 18:38:39.833058,3121,True,True,True,True,Eyes,1.434935,0.0786005,-3.696757,0.1686768,-0.1178592,0.9785997,0.0,0.0,0.0,0.0,0.0,0.0,0.0,-2.088499,0.6132782,3.310169,1.421892,0.07514095,-3.696991,0.1040271,0.09315628,-0.01348074,0.9901104,12.03495,10.70474,359.5716,0.361149,0.02038809,-0.9322846,0,0,0,1.624909,-0.09397808,-2.677536,0.009738922,0.05139995,1.05184,0.9822804,-0.007313287,-0.1872747,0.04607636,0.9779933,0.203485,0.1816653,-0.2085082,0.9610006,moving,9.779716,-6.867431,0.5304829,2.79763,1.9072134979449624,0.5653666620709763,13.377657383557729,2.6226678686368046,13.29495740565399
2939,05/15/2023 18:38:39.853268,3122,True,True,True,True,Eyes,1.435041,0.07836606,-3.696529,0.1685427,-0.1203382,0.9783211,0.0,0.0,0.0,0.0,0.0,0.0,0.0,-2.08846,0.6192225,3.308718,1.421927,0.07474518,-3.696655,0.1048912,0.09313887,-0.01360583,0.9900192,12.13543,10.70278,359.5663,0.3612126,0.020331,-0.9322612,0,0,0,1.62494,-0.09704278,-2.677536,0.009833455,0.05056769,1.051986,0.9822801,-0.007401177,-0.1872728,0.04647896,0.9776255,0.2051542,0.1815642,-0.2102231,0.960646,moving,9.774824,-7.012429,0.5355576,2.75202,1.9178303950709288,0.5444807445407676,13.442786462775116,2.604593566064905,13.35784055101506
2940,05/15/2023 18:38:39.862857,3123,True,True,True,True,Eyes,1.43514,0.07815012,-3.696303,0.1683809,-0.122836,0.9780384,0.0,0.0,0.0,0.0,0.0,0.0,0.0,-2.086958,0.6280777,3.30779,1.42186,0.07452106,-3.6965,0.1061144,0.09292215,-0.01360771,0.9899093,12.27571,10.67968,359.5766,0.3612741,0.02027381,-0.9322386,0,0,0,1.624969,-0.09999321,-2.677535,0.01038605,0.0504519,1.052303,0.9823607,-0.007220029,-0.1868569,0.04666152,0.9771091,0.2075583,0.1810811,-0.2126161,0.9602104,moving,9.768391,-7.158539,0.5654811,2.744902,1.9284191612669148,0.5234215117037803,13.519308202271262,2.606257032360935,13.431954064228682
2941,05/15/2023 18:38:39.882984,3124,True,True,True,True,Eyes,1.435181,0.07795762,-3.696054,0.1683602,-0.1251751,0.9777454,0.0,0.0,0.0,0.0,0.0,0.0,0.0,-2.084331,0.6384014,3.307258,1.421826,0.07477283,-3.69632,0.1076077,0.0925329,-0.01361903,0.9897842,12.44705,10.6368,359.5866,0.3613337,0.02021698,-0.9322168,0,0,0,1.624999,-0.1029597,-2.677535,0.01126826,0.05042297,1.052673,0.9825044,-0.007045299,-0.1861062,0.04687431,0.9764702,0.2104964,0.1802441,-0.2155373,0.9597165,moving,9.770082,-7.295562,0.6132951,2.742369,1.93891219179856,0.503739516243251,13.587008688183452,2.6016768899333904,13.497235654675574
2942,05/15/2023 18:38:39.902993,3125,True,True,True,True,Eyes,1.435225,0.07778589,-3.695804,0.1683204,-0.1273834,0.9774669,0.0,0.0,0.0,0.0,0.0,0.0,0.0,-2.082141,0.6404752,3.307797,1.422019,0.07510757,-3.695845,0.1077578,0.09222379,-0.01324483,0.9898019,12.46016,10.60558,359.6277,0.3613903,0.02016108,-0.932196,0,0,0,1.625029,-0.1060221,-2.677534,0.01182008,0.0472338,1.052904,0.9826388,-0.006343836,-0.1854211,0.04609516,0.9764256,0.2108747,0.1797121,-0.2157607,0.9597661,moving,9.770547,-7.424935,0.6431851,2.568595,1.948736941530278,0.4851464778746402,13.534377603512901,2.4587035923977187,13.442748896717191
2943,05/15/2023 18:38:39.922820,3126,True,True,True,True,Eyes,1.435202,0.07760956,-3.695533,0.168391,-0.1293855,0.9771918,0.0,0.0,0.0,0.0,0.0,0.0,0.0,-2.080104,0.6386855,3.309179,1.422134,0.07541561,-3.695574,0.1073296,0.09194934,-0.01283285,0.9898794,12.40653,10.57775,359.6675,0.3614444,0.02010656,-0.9321762,0,0,0,1.625059,-0.1089664,-2.677534,0.01234609,0.04300436,1.053365,0.9827613,-0.005668181,-0.1847921,0.04514368,0.9766314,0.2101267,0.1792827,-0.2148465,0.9600514,moving,9.777263,-7.542402,0.6715112,2.337841,1.9581161375791896,0.4683195332079112,13.436291064957333,2.2694631039520323,13.343009970730096
2944,05/15/2023 18:38:39.943002,3127,True,True,True,True,Eyes,1.435174,0.07740851,-3.695277,0.1684282,-0.1313398,0.9769247,0.0,0.0,0.0,0.0,0.0,0.0,0.0,-2.077864,0.6318379,3.311395,1.422141,0.07507992,-3.695126,0.1062158,0.09164795,-0.01266685,0.9900295,12.27683,10.54231,359.6709,0.361495,0.02005317,-0.9321578,0,0,0,1.62509,-0.1120541,-2.677533,0.01312655,0.03784077,1.053612,0.9828805,-0.005612194,-0.1841592,0.04455002,0.9771155,0.2079917,0.1787775,-0.2126353,0.9606377,moving,9.782001,-7.657053,0.7137897,2.056911,1.9671380917257224,0.4518800959733799,13.288850694275396,2.036419994480992,13.194025756809191
2945,05/15/2023 18:38:39.952811,3128,True,True,True,True,Eyes,1.435106,0.07717533,-3.695016,0.1683816,-0.1334081,0.9766524,0.0,0.0,0.0,0.0,0.0,0.0,0.0,-2.075377,0.6351156,3.312367,1.421996,0.07429409,-3.695233,0.1066165,0.09128323,-0.01280873,0.9900184,12.32419,10.49862,359.6541,0.361542,0.02000018,-0.9321406,0,0,0,1.625128,-0.1159122,-2.677533,0.01407987,0.03574667,1.054362,0.9830067,-0.005897169,-0.1834753,0.04482634,0.9769378,0.208766,0.1780128,-0.2134429,0.9606007,moving,9.782022,-7.778307,0.7650781,1.94179,1.9763160481857809,0.4344502667837533,13.25841479910612,1.9336934706560205,13.161605290888007
2946,05/15/2023 18:38:39.972894,3129,True,True,True,True,Eyes,1.435036,0.07687407,-3.694778,0.1682649,-0.1356758,0.9763601,0.0,0.0,0.0,0.0,0.0,0.0,0.0,-2.069388,0.6495788,3.31341,1.42172,0.07346058,-3.695446,0.1088795,0.09035251,-0.01358386,0.9898472,12.59175,10.38418,359.5763,0.3615851,0.01994673,-0.9321251,0,0,0,1.62515,-0.1180479,-2.677532,0.01633072,0.0394867,1.054694,0.9833038,-0.007216809,-0.1818284,0.04656696,0.9759215,0.2130935,0.1759124,-0.2180028,0.9599633,moving,9.778242,-7.911206,0.8870878,2.144095,1.9860983275270536,0.4153132739240643,13.422432760449153,2.0485386000828454,13.322713443444394
2947,05/15/2023 18:38:39.982889,3130,True,True,True,True,Eyes,1.434963,0.07660744,-3.694562,0.1680341,-0.1385417,0.9759973,0.0,0.0,0.0,0.0,0.0,0.0,0.0,-2.063159,0.6768025,3.311711,1.421759,0.07145309,-3.695351,0.1126313,0.08936611,-0.01400538,0.989511,13.02658,10.27022,359.5539,0.3616245,0.01989116,-0.932111,0,0,0,1.625183,-0.1214313,-2.677532,0.01833886,0.04614118,1.05455,0.9836351,-0.007586096,-0.1800125,0.04784777,0.9742361,0.2203966,0.1737026,-0.225403,0.9586559,moving,9.768652,-8.079098,0.9962859,2.505343,1.9981055040284732,0.3910953327986957,13.747174192353503,2.339590929475049,13.64376842277841
2948,05/15/2023 18:38:40.002992,3131,True,True,True,True,Eyes,1.434897,0.07645662,-3.694336,0.1677433,-0.1413319,0.9756472,0.0,0.0,0.0,0.0,0.0,0.0,0.0,-2.057966,0.7307698,3.303842,1.421751,0.07215118,-3.695677,0.1207328,0.08847332,-0.01473802,0.9886248,13.96485,10.17146,359.5408,0.3616602,0.01983453,-0.9320984,0,0,0,1.625212,-0.1242527,-2.677531,0.01998311,0.06007807,1.054792,0.9839106,-0.007777473,-0.1784926,0.050504,0.9704128,0.236111,0.1713752,-0.2413267,0.9551922,moving,9.755504,-8.242513,1.085343,3.259889,2.009514607034729,0.3674898559952213,14.404059967090008,3.036456152736069,14.296439695296371
2949,05/15/2023 18:38:40.022660,3132,True,True,True,True,Eyes,1.43478,0.0763074,-3.694096,0.1675426,-0.1437424,0.9753295,0.0,0.0,0.0,0.0,0.0,0.0,0.0,-2.052907,0.7298542,3.306804,1.421886,0.07479858,-3.695229,0.121195,0.08766526,-0.01528337,0.988632,14.02317,10.06955,359.4702,0.3616928,0.01977988,-0.9320869,0,0,0,1.625241,-0.1271507,-2.677531,0.02176988,0.05569297,1.055589,0.9841624,-0.008970066,-0.1770419,0.05146844,0.9701564,0.2369549,0.1696329,-0.2423142,0.9552531,moving,9.747165,-8.383803,1.181468,3.020129,2.019599716218283,0.3471068307075444,14.262567446165962,2.8013411593841884,14.152965440591924
2950,05/15/2023 18:38:40.032812,3133,True,True,True,True,Eyes,1.43467,0.07614135,-3.693857,0.167334,-0.1459808,0.9750328,0.0,0.0,0.0,0.0,0.0,0.0,0.0,-2.049076,0.7131532,3.312565,1.422051,0.07461071,-3.694942,0.1185617,0.08713737,-0.01490021,0.9890037,13.71619,10.00773,359.4804,0.3617217,0.01972705,-0.9320768,0,0,0,1.625279,-0.1309629,-2.67753,0.02290863,0.04644267,1.056412,0.9843701,-0.00881043,-0.1758915,0.05013503,0.9714422,0.2319192,0.1688252,-0.2371127,0.9567004,moving,9.738171,-8.515013,1.242282,2.517253,2.028874250176516,0.3281670602709063,13.924475681155,2.326117928987558,13.813573572612281
2951,05/15/2023 18:38:40.053001,3134,True,True,True,True,Eyes,1.434517,0.07600791,-3.693598,0.1672003,-0.1480397,0.9747453,0.0,0.0,0.0,0.0,0.0,0.0,0.0,-2.047309,0.7084413,3.314437,1.422092,0.07401848,-3.694731,0.1176416,0.08691078,-0.01458716,0.9891381,13.60714,9.983674,359.5043,0.3617474,0.01967545,-0.9320679,0,0,0,1.625299,-0.1330222,-2.67753,0.02341056,0.04294867,1.056629,0.9844675,-0.008408765,-0.1753656,0.04930606,0.9718953,0.2301921,0.1685013,-0.2352632,0.9572139,moving,9.73335,-8.635818,1.269232,2.327614,2.0376654097955176,0.3107594571594545,13.850564419421614,2.158284539227048,13.737944263805016
2952,05/15/2023 18:38:40.082726,3135,True,True,True,True,Eyes,1.434368,0.07582327,-3.693347,0.1670437,-0.1499303,0.9744831,0.0,0.0,0.0,0.0,0.0,0.0,0.0,-2.045017,0.7035868,3.316311,1.422052,0.07463646,-3.694218,0.1170796,0.08658603,-0.01469442,0.9892318,13.54343,9.942971,359.4815,0.3617693,0.01962579,-0.9320605,0,0,0,1.625328,-0.1359196,-2.677529,0.02432752,0.03825444,1.057003,0.984574,-0.008797443,-0.1747482,0.04934728,0.9721528,0.2290931,0.1678665,-0.2341824,0.9575904,moving,9.726978,-8.746724,1.318462,2.072711,2.045594404287161,0.2947612599136324,13.7026754701949,1.920892191570784,13.588567185975075
2953,05/15/2023 18:38:40.103130,3136,True,True,True,True,Eyes,1.434179,0.07564358,-3.693092,0.1669244,-0.1519188,0.9741956,0.0,0.0,0.0,0.0,0.0,0.0,0.0,-2.042902,0.6955194,3.319263,1.421856,0.07279968,-3.694283,0.1158911,0.08626127,-0.01519269,0.9893924,13.41159,9.895857,359.4069,0.361788,0.01957657,-0.9320543,0,0,0,1.62536,-0.1390495,-2.677529,0.02538186,0.03462679,1.057469,0.9846563,-0.01006923,-0.1742137,0.05005689,0.9726769,0.2267025,0.167171,-0.2319447,0.9582565,moving,9.722975,-8.863478,1.374976,1.875479,2.05413859110596,0.2779431286330613,13.601995616520762,1.7359097572920907,13.486123564677495
2954,05/15/2023 18:38:40.112953,3137,True,True,True,True,Eyes,1.433961,0.07548737,-3.692846,0.167174,-0.1541487,0.9738024,0.0,0.0,0.0,0.0,0.0,0.0,0.0,-2.039922,0.7091123,3.317973,1.421707,0.0727644,-3.694119,0.1180509,0.08578375,-0.01570774,0.9891706,13.66473,9.836456,359.3619,0.3618028,0.01952789,-0.9320496,0,0,0,1.625409,-0.1439548,-2.677528,0.02665251,0.03456328,1.058307,0.9847888,-0.01082158,-0.1734182,0.05132899,0.9716345,0.2308501,0.1660011,-0.23624,0.9574103,moving,9.741091,-8.995039,1.442638,1.87056,2.065415083723221,0.2591898310065932,13.672072404065522,1.727531509852321,13.55344335225427
2955,05/15/2023 18:38:40.122803,3138,True,True,True,True,Eyes,1.433753,0.07533237,-3.692596,0.1673981,-0.1561904,0.9734384,0.0,0.0,0.0,0.0,0.0,0.0,0.0,-2.035599,0.7199491,3.318249,1.421718,0.07359314,-3.694058,0.1192371,0.08522227,-0.01482119,0.9890904,13.79205,9.784956,359.4693,0.3618135,0.01948029,-0.9320464,0,0,0,1.625431,-0.1462108,-2.677528,0.02767688,0.0338591,1.058884,0.9850349,-0.008995682,-0.1721194,0.04964231,0.9711257,0.2333463,0.1650506,-0.2383987,0.9570394,moving,9.757474,-9.115539,1.497244,1.831478,2.0757282101875325,0.2420113837597568,13.713809859086899,1.6914633030540456,13.592711769409311
2956,05/15/2023 18:38:40.133057,3139,True,True,True,True,Eyes,1.433552,0.07516521,-3.692358,0.1675865,-0.1581223,0.9730941,0.0,0.0,0.0,0.0,0.0,0.0,0.0,-2.033778,0.7126697,3.320612,1.421755,0.07344627,-3.693755,0.1180222,0.08499217,-0.01452104,0.9892605,13.64926,9.759833,359.4889,0.3618208,0.01943368,-0.9320446,0,0,0,1.625473,-0.1503646,-2.677527,0.02825624,0.02724888,1.059609,0.985131,-0.008668256,-0.1715864,0.0487921,0.9717198,0.231041,0.1647312,-0.2359777,0.9576942,moving,9.771637,-9.229571,1.527526,1.473093,2.085390080138247,0.2257432964586887,13.509714389179996,1.3664163402247098,13.386747709540858
2957,05/15/2023 18:38:40.153176,3140,True,True,True,True,Eyes,1.433362,0.07497862,-3.692131,0.1680466,-0.1604708,0.9726302,0.0,0.0,0.0,0.0,0.0,0.0,0.0,-2.031407,0.7110519,3.322431,1.421712,0.07298088,-3.693801,0.1176803,0.08465356,-0.01448112,0.9893309,13.60938,9.719966,359.4854,0.361825,0.01938766,-0.9320439,0,0,0,1.625493,-0.1524229,-2.677527,0.02905148,0.02497993,1.060037,0.9852482,-0.008729135,-0.170909,0.04857735,0.9718833,0.2303977,0.1640925,-0.2353012,0.9579704,moving,9.802526,-9.368628,1.569861,1.349934,2.0981645817572394,0.2060240941391742,13.515337374629942,1.2600137091413137,13.389354632413529
2958,05/15/2023 18:38:40.162806,3141,True,True,True,True,Eyes,1.433181,0.07483531,-3.691897,0.1684669,-0.1628401,0.9721636,0.0,0.0,0.0,0.0,0.0,0.0,0.0,-2.031749,0.7359375,3.316733,1.421694,0.07240009,-3.69376,0.1212012,0.08467546,-0.0145692,0.9889025,14.01522,9.727934,359.5105,0.3618265,0.01934167,-0.9320443,0,0,0,1.625514,-0.154521,-2.677526,0.02891201,0.03099531,1.060176,0.9852356,-0.008289499,-0.1710032,0.04934058,0.9701961,0.237245,0.16394,-0.2421796,0.9562808,moving,9.831191,-9.508924,1.562123,1.674622,2.110870796300076,0.1861073514336,13.908601177787075,1.586442562131054,13.779126386138953
2959,05/15/2023 18:38:40.182693,3142,True,True,True,True,Eyes,1.432982,0.07475217,-3.691643,0.1691819,-0.1650257,0.9716707,0.0,0.0,0.0,0.0,0.0,0.0,0.0,-2.030648,0.7437156,3.315298,1.421723,0.07332325,-3.693395,0.122626,0.08447292,-0.01494935,0.9887385,14.18276,9.701392,359.4773,0.3618259,0.0192968,-0.9320455,0,0,0,1.62554,-0.1570792,-2.677526,0.02943617,0.03064913,1.060571,0.9852818,-0.008844844,-0.1707097,0.05027919,0.9694787,0.2399645,0.163377,-0.2450158,0.9556544,moving,9.877007,-9.638973,1.589837,1.655313,2.124051247806064,0.1678134853452741,14.0085003786521,1.5805187973121495,13.875684473575182
2960,05/15/2023 18:38:40.202918,3143,True,True,True,True,Eyes,1.432783,0.07456096,-3.691404,0.1698962,-0.1669973,0.9712092,0.0,0.0,0.0,0.0,0.0,0.0,0.0,-2.030739,0.7208185,3.319656,1.421773,0.0746479,-3.692774,0.1196807,0.08449352,-0.01519524,0.9890939,13.84633,9.694828,359.4196,0.3618232,0.01925446,-0.9320474,0,0,0,1.62557,-0.1600716,-2.677526,0.02971548,0.02011477,1.061163,0.98526,-0.009834539,-0.1707812,0.05028353,0.9708912,0.2341831,0.163507,-0.2393187,0.9570748,moving,9.922504,-9.75648,1.60402,1.085935,2.136259284429367,0.1513197180144219,13.665838396910779,1.0755391118926667,13.530504779320639
2961,05/15/2023 18:38:40.213129,3144,True,True,True,True,Eyes,1.432587,0.07438954,-3.691188,0.1706654,-0.1696046,0.9706222,0.0,0.0,0.0,0.0,0.0,0.0,0.0,-2.031953,0.7151037,3.320117,1.421573,0.07182789,-3.69288,0.1181559,0.08476925,-0.01451953,0.9892638,13.66451,9.733903,359.4873,0.3618185,0.01921166,-0.9320502,0,0,0,1.625599,-0.1630351,-2.677525,0.02927393,0.01660544,1.061414,0.9852067,-0.008695313,-0.1711496,0.04875929,0.9716567,0.231313,0.1642874,-0.2362363,0.9577067,moving,9.972433,-9.911682,1.579825,0.8962988,2.15164299666321,0.1294461056288676,13.683870724865558,0.9565766441703415,13.544764302820901
2962,05/15/2023 18:38:40.233038,3145,True,True,True,True,Eyes,1.4324,0.07425614,-3.690962,0.1714069,-0.1719773,0.970074,0.0,0.0,0.0,0.0,0.0,0.0,0.0,-2.030279,0.7611455,3.311125,1.421355,0.0722723,-3.693162,0.1251426,0.08442572,-0.01528758,0.988422,14.47567,9.69578,359.4621,0.3618118,0.01916895,-0.9320537,0,0,0,1.625629,-0.1660365,-2.677524,0.03003991,0.02839118,1.06223,0.9852772,-0.009090652,-0.1707228,0.05135168,0.9682112,0.2448061,0.1630703,-0.2499688,0.9544233,moving,10.02043,-10.0531,1.619895,1.531032,2.1658427675019323,0.1095370300995148,14.30947596803073,1.5227300858302908,14.165943109310481
2963,05/15/2023 18:38:40.253101,3146,True,True,True,True,Eyes,1.432208,0.07409739,-3.690742,0.1722862,-0.1744054,0.9694845,0.0,0.0,0.0,0.0,0.0,0.0,0.0,-2.030141,0.7494698,3.313405,1.421385,0.0730257,-3.692717,0.1235189,0.08443946,-0.0151375,0.9886273,14.28733,9.696444,359.4637,0.3618036,0.01912728,-0.9320577,0,0,0,1.62566,-0.1691385,-2.677524,0.0301736,0.02105494,1.062844,0.9852816,-0.009070954,-0.1706978,0.05079044,0.9690279,0.2416719,0.1632187,-0.2467847,0.9552261,moving,10.07678,-10.19814,1.626161,1.13488,2.180925298080552,0.0891803007265292,14.136842073234073,1.183744603994221,13.989651292951734
2964,05/15/2023 18:38:40.263062,3147,True,True,True,True,Eyes,1.432025,0.07394607,-3.690511,0.1731537,-0.176811,0.968894,0.0,0.0,0.0,0.0,0.0,0.0,0.0,-2.030091,0.7580169,3.311418,1.42134,0.07228374,-3.692683,0.1244952,0.08446157,-0.01483998,0.9885074,14.3968,9.705309,359.5085,0.3617939,0.0190859,-0.9320623,0,0,0,1.625689,-0.1720357,-2.677523,0.03010821,0.02097064,1.063323,0.985292,-0.008308735,-0.1706769,0.050369,0.9685614,0.2436221,0.1632869,-0.2486357,0.9547344,moving,10.13252,-10.34196,1.621909,1.12983,2.195871051614663,0.0689936127342982,14.283993328107549,1.2061535048411784,14.132720399651665
2965,05/15/2023 18:38:40.282796,3148,True,True,True,True,Eyes,1.43181,0.07379775,-3.690283,0.17412,-0.1792719,0.9682685,0.0,0.0,0.0,0.0,0.0,0.0,0.0,-2.032249,0.7644569,3.308028,1.421367,0.0723238,-3.692149,0.125457,0.08478531,-0.01481991,0.9883585,14.50746,9.745689,359.5253,0.3617832,0.01904496,-0.9320673,0,0,0,1.625721,-0.1751915,-2.677523,0.02949035,0.01978897,1.063594,0.9851837,-0.008020958,-0.1713151,0.0505686,0.9680818,0.24548,0.1638781,-0.2505061,0.954144,moving,10.19432,-10.48936,1.588238,1.065909,2.211529304791361,0.0483452685967911,14.407945344603615,1.1932845419663072,14.2523904670762
2966,05/15/2023 18:38:40.302959,3149,True,True,True,True,Eyes,1.431602,0.07365232,-3.690059,0.1750768,-0.1817076,0.9676417,0.0,0.0,0.0,0.0,0.0,0.0,0.0,-2.032876,0.7733337,3.305558,1.421304,0.07226181,-3.692156,0.1264962,0.08492938,-0.01434483,0.9882206,14.62248,9.771899,359.5935,0.3617708,0.01900451,-0.932073,0,0,0,1.625751,-0.1781871,-2.677522,0.02913582,0.01905708,1.064328,0.9851624,-0.00686522,-0.171487,0.04983819,0.9675859,0.2475757,0.1642288,-0.2524489,0.9535714,moving,10.25566,-10.63537,1.568073,1.025787,2.2270488453193305,0.0278927139175648,14.541552546451772,1.1958437067235412,14.381642350262442
2967,05/15/2023 18:38:40.313323,3150,True,True,True,True,Eyes,1.431347,0.07350351,-3.68983,0.176047,-0.1842152,0.9669913,0.0,0.0,0.0,0.0,0.0,0.0,0.0,-2.035068,0.7811937,3.302216,1.42126,0.07219887,-3.692044,0.1274793,0.08529148,-0.01400726,0.9880679,14.73245,9.821801,359.6484,0.361757,0.01896457,-0.9320792,0,0,0,1.62578,-0.1810724,-2.677522,0.02834696,0.01831999,1.064938,0.9850582,-0.00593446,-0.1721189,0.04942607,0.9671057,0.249527,0.1649764,-0.2543058,0.9529488,moving,10.31806,-10.78581,1.524763,0.9855549,2.2429808833338813,0.0068126197532805,14.693097145910421,1.213990683276914,14.52864911234729
2968,05/15/2023 18:38:40.333108,3151,True,True,True,True,Eyes,1.431098,0.0733568,-3.68961,0.176983,-0.1866578,0.9663519,0.0,0.0,0.0,0.0,0.0,0.0,0.0,-2.036222,0.7924793,3.298583,1.421135,0.07198238,-3.691892,0.1288915,0.08551979,-0.01360465,0.9878706,14.89113,9.858049,359.7134,0.3617409,0.01892501,-0.9320862,0,0,0,1.625811,-0.1842547,-2.677521,0.02789468,0.0183405,1.065543,0.9850025,-0.004833731,-0.1724719,0.04892483,0.9664038,0.2523293,0.1654578,-0.2569831,0.9521466,moving,10.37845,-10.93246,1.499594,0.9860976,2.2584796360305406,-0.0137402361498051,14.86223735287705,1.25522233376012,14.693258249729658
2969,05/15/2023 18:38:40.353110,3152,True,True,True,True,Eyes,1.430851,0.07321458,-3.689393,0.1778596,-0.1891693,0.9657022,0.0,0.0,0.0,0.0,0.0,0.0,0.0,-2.036319,0.7968404,3.297415,1.421058,0.07188988,-3.691873,0.129384,0.08557048,-0.01335279,0.9878052,14.94535,9.869033,359.7487,0.3617229,0.01888584,-0.932094,0,0,0,1.625842,-0.187303,-2.677521,0.02782404,0.01647769,1.066293,0.9849988,-0.004237011,-0.1725092,0.0485228,0.966163,0.2533272,0.1655987,-0.2578976,0.9518751,moving,10.43559,-11.08321,1.494747,0.8853351,2.274051859889281,-0.0349108620409794,14.939368974671687,1.2058891720634113,14.765831890888032
2970,05/15/2023 18:38:40.363147,3153,True,True,True,True,Eyes,1.430614,0.07307309,-3.689178,0.1787109,-0.1915969,0.9650663,0.0,0.0,0.0,0.0,0.0,0.0,0.0,-2.036485,0.8064894,3.294832,1.421034,0.07188416,-3.691762,0.1306741,0.08561853,-0.0131469,0.987634,15.09188,9.880991,359.7868,0.3617031,0.01884712,-0.9321024,0,0,0,1.625871,-0.1901924,-2.677521,0.02769047,0.01637703,1.066909,0.9849932,-0.003592403,-0.1725555,0.04834491,0.9655029,0.2558652,0.1656837,-0.2603677,0.9511875,moving,10.49118,-11.22905,1.486717,0.8794202,2.289139555861284,-0.0553892317997795,15.08957933484751,1.231970223640483,14.911517053874444
2971,05/15/2023 18:38:40.382918,3154,True,True,True,True,Eyes,1.430394,0.07293135,-3.688969,0.1792406,-0.1941024,0.9644672,0.0,0.0,0.0,0.0,0.0,0.0,0.0,-2.037092,0.8090456,3.29365,1.42106,0.07176685,-3.691595,0.1309265,0.08573297,-0.01291702,0.9875937,15.11868,9.898679,359.8181,0.361682,0.01880884,-0.9321113,0,0,0,1.6259,-0.1931437,-2.67752,0.0274201,0.014083,1.06749,0.984966,-0.003064093,-0.1727209,0.04796293,0.9653828,0.2563896,0.1659562,-0.2608193,0.9510162,moving,10.52797,-11.37897,1.471406,0.7558383,2.3031661442893903,-0.0766183960951416,15.141826969155503,1.1767791162754149,14.959645001614065
2972,05/15/2023 18:38:40.403007,3155,True,True,True,True,Eyes,1.430185,0.07279436,-3.688766,0.1797616,-0.1965772,0.9638689,0.0,0.0,0.0,0.0,0.0,0.0,0.0,-2.038112,0.813761,3.291686,1.421024,0.07165146,-3.691458,0.1315936,0.08589259,-0.01289372,0.9874915,15.19531,9.919577,359.8303,0.3616599,0.01877094,-0.9321206,0,0,0,1.625931,-0.1961994,-2.67752,0.02713925,0.01263726,1.068132,0.9849125,-0.00285905,-0.1730298,0.04807073,0.9650337,0.2576803,0.166243,-0.2621101,0.9506112,moving,10.5643,-11.52716,1.455467,0.677845,2.31702828908312,-0.0976028966326143,15.229346199752436,1.1591407573019392,15.043005770123616
2973,05/15/2023 18:38:40.413272,3156,True,True,True,True,Eyes,1.429997,0.07267311,-3.688565,0.1800336,-0.1990727,0.9633058,0.0,0.0,0.0,0.0,0.0,0.0,0.0,-2.039073,0.8208539,3.289294,1.421057,0.07164001,-3.691415,0.1325175,0.08605221,-0.012675,0.9873569,15.29956,9.944221,359.868,0.3616372,0.01873349,-0.9321302,0,0,0,1.625961,-0.199205,-2.677519,0.02671033,0.01166493,1.068866,0.9848688,-0.002222648,-0.1732877,0.04783634,0.9645569,0.2595028,0.1665691,-0.2638656,0.9500683,moving,10.58597,-11.67614,1.431489,0.6252648,2.3298820061325918,-0.1188290793788229,15.333919343495454,1.1665271941952238,15.143774373219637
2974,05/15/2023 18:38:40.433211,3157,True,True,True,True,Eyes,1.429825,0.07256652,-3.688363,0.1803319,-0.201394,0.9627673,0.0,0.0,0.0,0.0,0.0,0.0,0.0,-2.040461,0.8229635,3.287651,1.421066,0.07191372,-3.691177,0.1328288,0.08627409,-0.01256079,0.9872971,15.3343,9.97305,359.8881,0.3616144,0.01869684,-0.9321398,0,0,0,1.625991,-0.2022243,-2.677518,0.02625966,0.009069949,1.069523,0.9847981,-0.001883085,-0.1736931,0.04772183,0.9643975,0.2601157,0.1670194,-0.2644503,0.9498265,moving,10.6089,-11.81491,1.406483,0.4858778,2.3420548478832086,-0.1385765838645276,15.362091626550008,1.1248279691042664,15.168287641236434
2975,05/15/2023 18:38:40.453153,3158,True,True,True,True,Eyes,1.429685,0.0724622,-3.68817,0.180525,-0.2036588,0.9622545,0.0,0.0,0.0,0.0,0.0,0.0,0.0,-2.042789,0.8186037,3.287136,1.421238,0.07213974,-3.690967,0.1319614,0.08667156,-0.01193209,0.9873865,15.22808,10.02752,359.9591,0.3615918,0.01866127,-0.9321494,0,0,0,1.626021,-0.2052218,-2.677518,0.02518821,0.003888682,1.070185,0.9846914,-0.000688559,-0.1743058,0.04643777,0.9648876,0.2585254,0.1680076,-0.2626621,0.9501485,moving,10.62554,-11.95016,1.348283,0.2081921,2.353502971590886,-0.157873067170533,15.293561495989854,1.069799466208865,15.096254632333062
2976,05/15/2023 18:38:40.463297,3159,True,True,True,True,Eyes,1.429555,0.07235733,-3.687976,0.180731,-0.205785,0.9617634,0.0,0.0,0.0,0.0,0.0,0.0,0.0,-2.046216,0.8148123,3.285783,1.42119,0.07208157,-3.690842,0.1312834,0.08722922,-0.01158466,0.9874319,15.14649,10.09695,0.001505972,0.3615701,0.01862674,-0.9321585,0,0,0,1.62605,-0.2081599,-2.677517,0.02403682,-0.0004546493,1.070864,0.9845138,2.537284e-05,-0.1753075,0.04578161,0.9652609,0.2572458,0.1692241,-0.2612878,0.9503115,moving,10.64269,-12.07726,1.285856,-0.02432566,2.364371470057968,-0.1759935476110956,15.258557228909527,1.0891275257226636,15.057815003496032
2977,05/15/2023 18:38:40.483141,3160,True,True,True,True,Eyes,1.429471,0.07225134,-3.687801,0.1807731,-0.2079415,0.9612915,0.0,0.0,0.0,0.0,0.0,0.0,0.0,-2.047269,0.8126422,3.285483,1.421282,0.07194996,-3.690647,0.1307334,0.08743221,-0.01109553,0.9874926,15.07817,10.12694,0.0562002,0.3615493,0.01859311,-0.9321672,0,0,0,1.626082,-0.211331,-2.677517,0.02346557,-0.004738346,1.071471,0.9844651,0.0009471155,-0.1755783,0.04477409,0.9655713,0.2562562,0.1697761,-0.2601366,0.9505289,moving,10.65023,-12.20586,1.254596,-0.2533764,2.3746532460494985,-0.1944136367311391,15.20328262153358,1.1216081498813597,14.999287630721048
2978,05/15/2023 18:38:40.503402,3161,True,True,True,True,Eyes,1.429388,0.07214838,-3.687627,0.1808139,-0.2101126,0.9608117,0.0,0.0,0.0,0.0,0.0,0.0,0.0,-2.049766,0.8107932,3.284448,1.421265,0.07182789,-3.690714,0.1306337,0.08776712,-0.01141696,0.9874723,15.06996,10.16128,0.02271528,0.3615303,0.01856025,-0.9321752,0,0,0,1.626111,-0.2142138,-2.677516,0.02288151,-0.007518724,1.072273,0.9843332,0.0003828248,-0.1763182,0.04547854,0.965609,0.2559901,0.1703524,-0.2599983,0.9504637,moving,10.65777,-12.33539,1.222463,-0.4017484,2.3850054038547124,-0.2129674114354036,15.213047690107974,1.1777703946031752,15.005770347511431
2979,05/15/2023 18:38:40.513227,3162,True,True,True,True,Eyes,1.429403,0.07204836,-3.687485,0.1806278,-0.2122772,0.9603707,0.0,0.0,0.0,0.0,0.0,0.0,0.0,-2.05023,0.8189789,3.281943,1.421207,0.07181931,-3.690573,0.1319119,0.087825,-0.01160269,0.987295,15.21905,10.16881,0.01542457,0.3615129,0.01852817,-0.9321826,0,0,0,1.626142,-0.2173299,-2.677516,0.0228585,-0.007757008,1.072989,0.9843043,0.000259764,-0.1764794,0.04608091,0.9649293,0.2584339,0.1703574,-0.2625099,0.949772,moving,10.65183,-12.46406,1.22042,-0.4142037,2.394310244746256,-0.2315153716159463,15.301978023731104,1.1880207624609027,15.091976741386777
2980,05/15/2023 18:38:40.533091,3163,True,True,True,True,Eyes,1.429418,0.07194924,-3.687344,0.180436,-0.2144324,0.9599279,0.0,0.0,0.0,0.0,0.0,0.0,0.0,-2.049064,0.8161343,3.28355,1.421144,0.07180119,-3.69075,0.1314403,0.08766696,-0.01152144,0.9873729,15.16391,10.15008,0.01745484,0.3614988,0.01849683,-0.9321887,0,0,0,1.626172,-0.2203022,-2.677516,0.02325541,-0.01159352,1.073931,0.9843636,0.000294032,-0.1761487,0.04579787,0.9651814,0.2575411,0.1700913,-0.2615814,0.9500759,moving,10.64557,-12.59222,1.240515,-0.6185069,2.40355317206364,-0.2499928169928864,15.225796036796782,1.2200247616551503,15.012940451129639
2981,05/15/2023 18:38:40.553116,3164,True,True,True,True,Eyes,1.429492,0.07184749,-3.687214,0.1801358,-0.2165883,0.9595002,0.0,0.0,0.0,0.0,0.0,0.0,0.0,-2.048029,0.82336,3.282267,1.421173,0.07173634,-3.690629,0.1324401,0.08751613,-0.01147398,0.9872532,15.27857,10.1358,0.03123326,0.3614876,0.01846618,-0.9321936,0,0,0,1.626202,-0.2233379,-2.677515,0.02353162,-0.01234838,1.074617,0.9844185,0.0005258515,-0.1758405,0.04583675,0.9646559,0.2594956,0.169762,-0.2635123,0.9496011,moving,10.6329,-12.72021,1.254444,-0.6583549,2.4123161633152006,-0.2685018455313808,15.278867281226445,1.2217419329214887,15.063513930981188
2982,05/15/2023 18:38:40.573254,3165,True,True,True,True,Eyes,1.429562,0.07173856,-3.687092,0.1798362,-0.2187587,0.9590639,0.0,0.0,0.0,0.0,0.0,0.0,0.0,-2.047784,0.8195887,3.283275,1.421269,0.07157612,-3.690516,0.1318808,0.08746877,-0.01148259,0.9873321,15.21424,10.1285,0.02355085,0.3614803,0.01843606,-0.9321971,0,0,0,1.626231,-0.2262036,-2.677515,0.02361834,-0.01619618,1.07519,0.9844347,0.0003966321,-0.17575,0.04574517,0.9649512,0.2584115,0.1696928,-0.262429,0.9499134,moving,10.62033,-12.84912,1.258395,-0.8630126,2.421156066179152,-0.2871422482228809,15.208964381198337,1.297551524633215,14.990882691869428
2983,05/15/2023 18:38:40.583109,3166,True,True,True,True,Eyes,1.429703,0.07163174,-3.68699,0.1794506,-0.2210223,0.958617,0.0,0.0,0.0,0.0,0.0,0.0,0.0,-2.047316,0.827179,3.281799,1.421236,0.07120228,-3.690657,0.1329865,0.08738106,-0.01163909,0.9871897,15.34319,10.11879,0.01550929,0.3614763,0.01840624,-0.9321992,0,0,0,1.626261,-0.2292253,-2.677514,0.02383298,-0.01628779,1.076066,0.9844581,0.00026103,-0.175619,0.046221,0.9643582,0.2605318,0.1694277,-0.2645999,0.9493583,moving,10.6029,-12.98344,1.268793,-0.8671867,2.4300512660416183,-0.3066028013281257,15.294742479597684,1.289486358167524,15.074240056138544
2984,05/15/2023 18:38:40.603137,3167,True,True,True,True,Eyes,1.429833,0.07151996,-3.686898,0.1790625,-0.2232573,0.9581715,0.0,0.0,0.0,0.0,0.0,0.0,0.0,-2.04735,0.8305131,3.280901,1.421235,0.07129478,-3.690626,0.1335965,0.08735913,-0.01187574,0.9871066,15.41586,10.11419,359.9938,0.3614767,0.01837672,-0.9321997,0,0,0,1.626296,-0.2326688,-2.677514,0.02396291,-0.01832984,1.077,0.9844547,-0.0001034884,-0.1756386,0.04678699,0.9640219,0.2616731,0.1692924,-0.2658229,0.9490407,moving,10.5853,-13.1161,1.274603,-0.9750427,2.438808450943544,-0.3258262185710183,15.300142188479565,1.3329877612962877,15.077118096117992
2985,05/15/2023 18:38:40.613324,3168,True,True,True,True,Eyes,1.430046,0.07141173,-3.686824,0.1785514,-0.2255909,0.9577203,0.0,0.0,0.0,0.0,0.0,0.0,0.0,-2.046019,0.8361504,3.28039,1.421123,0.07107925,-3.690752,0.1343943,0.08716473,-0.01195057,0.9870145,15.50852,10.09226,359.9904,0.3614807,0.01834735,-0.9321986,0,0,0,1.626322,-0.2353038,-2.677513,0.02447248,-0.01887964,1.077811,0.984519,-0.0001618775,-0.1752779,0.04701967,0.9635907,0.263215,0.1688536,-0.2673816,0.948681,moving,10.56063,-13.25441,1.300718,-1.003527,2.4474780622005823,-0.3459236000683785,15.356760873551199,1.3219307364078918,15.131521255185934
2986,05/15/2023 18:38:40.632840,3169,True,True,True,True,Eyes,1.430252,0.07131451,-3.686749,0.178024,-0.2278678,0.9572793,0.0,0.0,0.0,0.0,0.0,0.0,0.0,-2.04351,0.8411694,3.280669,1.42113,0.07109356,-3.690748,0.135117,0.08678433,-0.01200739,0.9869487,15.59235,10.04838,359.9852,0.3614897,0.01831818,-0.9321958,0,0,0,1.626351,-0.2382376,-2.677513,0.02528924,-0.02014501,1.07861,0.9846486,-0.0002492743,-0.1745482,0.04715344,0.9631985,0.264623,0.1680586,-0.2687912,0.9484237,moving,10.53488,-13.38933,1.343118,-1.069979,2.4558124251968927,-0.3655431147286667,15.370585471147315,1.3169353819843441,15.143279479781913
2987,05/15/2023 18:38:40.652736,3170,True,True,True,True,Eyes,1.430501,0.07123487,-3.686684,0.1775742,-0.2302658,0.9567889,0.0,0.0,0.0,0.0,0.0,0.0,0.0,-2.040753,0.843949,3.281564,1.421166,0.0712738,-3.690634,0.135586,0.08635587,-0.01215564,0.9869201,15.64788,9.99662,359.9657,0.3615029,0.01828946,-0.9321913,0,0,0,1.626383,-0.2413775,-2.677512,0.02624565,-0.02232425,1.079396,0.9847897,-0.0005759943,-0.173749,0.04741058,0.9629373,0.2655257,0.1671564,-0.2697245,0.9483182,moving,10.51412,-13.53177,1.392879,-1.184831,2.465079498013118,-0.3862000037023436,15.350698357071641,1.3369462876970657,15.120943527918783
2988,05/15/2023 18:38:40.672748,3171,True,True,True,True,Eyes,1.43074,0.07118177,-3.686619,0.1771034,-0.2324744,0.956342,0.0,0.0,0.0,0.0,0.0,0.0,0.0,-2.038101,0.8448063,3.282979,1.421184,0.0716486,-3.69061,0.1357743,0.08595076,-0.01224512,0.9869285,15.67045,9.947765,359.9506,0.3615209,0.01826159,-0.9321848,0,0,0,1.626412,-0.2442881,-2.677511,0.02715039,-0.02506696,1.080248,0.984925,-0.0008303071,-0.1729797,0.04750994,0.9628308,0.2658941,0.1663294,-0.270104,0.9483556,moving,10.49165,-13.66286,1.439739,-1.329299,2.473363009254846,-0.4052402981328045,15.29881759132522,1.3864570231365085,15.06690082917306
2989,05/15/2023 18:38:40.692958,3172,True,True,True,True,Eyes,1.431016,0.07110847,-3.686545,0.1768376,-0.2346595,0.9558575,0.0,0.0,0.0,0.0,0.0,0.0,0.0,-2.034754,0.8361194,3.287242,1.421202,0.07221699,-3.690563,0.1345859,0.08545265,-0.01228757,0.9871341,15.53391,9.884912,359.9252,0.3615429,0.01823515,-0.9321768,0,0,0,1.626442,-0.2472891,-2.677511,0.02832341,-0.03108579,1.08107,0.9850937,-0.001257515,-0.1720139,0.04726039,0.9634713,0.2636087,0.1653989,-0.2678086,0.949169,moving,10.48145,-13.79312,1.500773,-1.647066,2.4824777715076314,-0.4240540478853132,15.105601184634954,1.5682801068100773,14.87079800373485
2990,05/15/2023 18:38:40.703278,3173,True,True,True,True,Eyes,1.431272,0.07100923,-3.686497,0.1765458,-0.2368198,0.9553784,0.0,0.0,0.0,0.0,0.0,0.0,0.0,-2.034257,0.8236489,3.290253,1.421396,0.07164574,-3.690102,0.1324963,0.08542067,-0.01181702,0.9874252,15.28848,9.882936,359.9584,0.3615693,0.01820949,-0.9321671,0,0,0,1.626472,-0.250338,-2.67751,0.02826262,-0.03824972,1.081115,0.9851273,-0.0007010113,-0.1718245,0.0459727,0.9646102,0.2596415,0.1655617,-0.2636791,0.9502961,moving,10.46967,-13.9219,1.497491,-2.026272,2.4913654001335206,-0.4426688591252701,14.899864480001991,1.8696484244448408,14.661791795946124
2991,05/15/2023 18:38:40.723046,3174,True,True,True,True,Eyes,1.431537,0.0709455,-3.686444,0.1763479,-0.2391887,0.9548247,0.0,0.0,0.0,0.0,0.0,0.0,0.0,-2.031577,0.8294906,3.290991,1.421201,0.07094097,-3.690682,0.1332923,0.0850116,-0.01203726,0.9873506,15.38234,9.833257,359.9342,0.3615992,0.01818387,-0.932156,0,0,0,1.626508,-0.2538975,-2.67751,0.02930343,-0.03906387,1.082499,0.9852563,-0.001107208,-0.1710815,0.04643277,0.9641765,0.2611658,0.1646636,-0.265259,0.9500123,moving,10.46412,-14.06349,1.550629,-2.066722,2.5016764361900448,-0.463070634278826,14.945660381960543,1.8644540564634582,14.704842438629962
2992,05/15/2023 18:38:40.733033,3175,True,True,True,True,Eyes,1.431796,0.07085926,-3.686375,0.1761635,-0.2413025,0.9543267,0.0,0.0,0.0,0.0,0.0,0.0,0.0,-2.02929,0.8320369,3.29158,1.421364,0.07178879,-3.690444,0.1339982,0.08459827,-0.01253287,0.9872845,15.46854,9.778423,359.8766,0.3616324,0.01815917,-0.9321436,0,0,0,1.626532,-0.2563129,-2.67751,0.03023815,-0.04062432,1.083151,0.9853721,-0.002074996,-0.1704039,0.04741906,0.9637749,0.2624681,0.1636865,-0.2667091,0.9497753,moving,10.45875,-14.18988,1.599102,-2.147911,2.510850261695704,-0.4812858676307698,14.94999598932605,1.8997168801034252,14.706659402922272
2993,05/15/2023 18:38:40.754207,3176,True,True,True,True,Eyes,1.432028,0.07074824,-3.686328,0.1760924,-0.2437748,0.9537113,0.0,0.0,0.0,0.0,0.0,0.0,0.0,-2.029125,0.8195136,3.294414,1.421509,0.07112789,-3.690037,0.1319826,0.08460069,-0.01224876,0.9875593,15.23352,9.777963,359.8895,0.3616685,0.01813476,-0.93213,0,0,0,1.626565,-0.2595699,-2.677509,0.03020984,-0.04768848,1.083251,0.9853853,-0.001861123,-0.1703297,0.04652441,0.9648611,0.2586088,0.1638632,-0.2627538,0.9508467,moving,10.46122,-14.33818,1.597458,-2.520733,2.5222534910326027,-0.5025821005262936,14.772214809921124,2.219950394328838,14.524515908000533
2994,05/15/2023 18:38:40.766437,3177,True,True,True,True,Eyes,1.432256,0.07065127,-3.686277,0.1760234,-0.2462579,0.953086,0.0,0.0,0.0,0.0,0.0,0.0,0.0,-2.027562,0.838892,3.290944,1.421329,0.0705061,-3.690516,0.1349242,0.08430997,-0.01282423,0.9871792,15.57807,9.742092,359.8472,0.3617066,0.01810995,-0.9321157,0,0,0,1.626592,-0.2623174,-2.677509,0.03100258,-0.04306707,1.084562,0.9854547,-0.002568734,-0.1699187,0.04807056,0.963262,0.2642263,0.1629976,-0.2685512,0.9493746,moving,10.46393,-14.48721,1.637374,-2.273974,2.533729454131039,-0.5239811719336775,15.068882653097806,1.9661963275405705,14.818722103125673
2995,05/15/2023 18:38:40.783069,3178,True,True,True,True,Eyes,1.432465,0.07056257,-3.686223,0.1760812,-0.2488252,0.9524082,0.0,0.0,0.0,0.0,0.0,0.0,0.0,-2.027452,0.8494092,3.288199,1.421446,0.07075596,-3.690364,0.1363721,0.08430064,-0.01261092,0.9869839,15.74284,9.748195,359.8868,0.3617463,0.01808517,-0.9321008,0,0,0,1.626593,-0.2623892,-2.677509,0.0307681,-0.04032403,1.084607,0.9854687,-0.001901043,-0.1698464,0.04788606,0.9624873,0.2670678,0.1629672,-0.2713203,0.9485922,moving,10.47457,-14.64176,1.624929,-2.129188,2.5462009941269206,-0.5461044275910358,15.325814950079,1.8316374325705733,15.072195377834554
3087,05/15/2023 18:38:42.312823,3270,True,True,True,True,Eyes,1.433061,0.06469139,-3.678895,0.1732346,-0.3195775,0.9315901,0.0,0.0,0.0,0.0,0.0,0.0,0.0,-1.990448,1.003591,3.259357,1.421387,0.0662384,-3.683444,0.1581993,0.07886717,-0.01332443,0.9841623,18.26964,9.151012,359.9232,0.3629498,0.01649209,-0.9316624,0,0,0,1.626593,-0.2623892,-2.677509,0.0426009,0.009561956,1.077082,0.9872049,-0.00127334,-0.1594519,0.05118023,0.9495909,0.3092859,0.1510202,-0.3134893,0.937506,moving,10.53416,-18.93428,2.264989,0.5086383,2.8753982819287693,-1.1626245472104,21.128328401643987,1.7792467495911322,20.798171749800176
3088,05/15/2023 18:38:42.333115,3271,True,True,True,True,Eyes,1.432914,0.06464528,-3.678803,0.1729764,-0.3194488,0.9316821,0.0,0.0,0.0,0.0,0.0,0.0,0.0,-1.986015,1.005296,3.261423,1.421151,0.06621552,-3.683437,0.1584767,0.07822028,-0.01351621,0.9841667,18.30343,9.070863,359.8906,0.3629469,0.01648118,-0.9316638,0,0,0,1.623196,-0.2601211,-2.67775,0.04094413,0.0121398,1.075593,0.9873978,-0.001812241,-0.1582475,0.05139655,0.9494049,0.3098204,0.1496794,-0.3140493,0.9375335,moving,10.5178,-18.92547,2.180001,0.6466475,2.8735394601659694,-1.1615011063757776,21.274084600710964,1.9365941697908862,20.944774336825667
3089,05/15/2023 18:38:42.353205,3272,True,True,True,True,Eyes,1.432735,0.0645883,-3.678705,0.1726788,-0.3192375,0.9318098,0.0,0.0,0.0,0.0,0.0,0.0,0.0,-1.980341,1.007919,3.263802,1.421086,0.06611824,-3.683232,0.1586723,0.07742804,-0.01329865,0.9842008,18.32401,8.98087,359.9031,0.3629418,0.01647025,-0.9316659,0,0,0,1.619771,-0.2578336,-2.677994,0.03930363,0.01445511,1.073857,0.9876561,-0.00160571,-0.1566297,0.05074844,0.9492925,0.3102715,0.1481891,-0.3143902,0.937656,moving,10.4987,-18.91143,2.096114,0.7712075,2.871085182668584,-1.159649810094575,21.401160492921925,2.080574508618329,21.072949982449263
3090,05/15/2023 18:38:42.372888,3273,True,True,True,True,Eyes,1.432556,0.06453387,-3.678607,0.1723213,-0.3191366,0.9319105,0.0,0.0,0.0,0.0,0.0,0.0,0.0,-1.974795,1.006743,3.267339,1.420962,0.06577396,-3.683123,0.1582886,0.07666087,-0.01309696,0.9843254,18.2777,8.891901,359.9086,0.3629342,0.01645904,-0.9316691,0,0,0,1.616273,-0.255498,-2.678243,0.03761423,0.01583143,1.072139,0.9879032,-0.001514242,-0.1550647,0.05005239,0.9495463,0.3096069,0.1467722,-0.313623,0.9381357,moving,10.47634,-18.90398,2.009304,0.8459799,2.868892089304226,-1.1587743035672993,21.48840651786223,2.181268232014221,21.16122246891399
3091,05/15/2023 18:38:42.383425,3274,True,True,True,True,Eyes,1.432354,0.06448792,-3.678499,0.1719516,-0.3189759,0.9320338,0.0,0.0,0.0,0.0,0.0,0.0,0.0,-1.968796,1.016144,3.267907,1.420814,0.06580162,-3.683054,0.1596123,0.07578805,-0.01316715,0.9841782,18.43144,8.790011,359.8959,0.3629243,0.01644764,-0.9316732,0,0,0,1.612993,-0.2533075,-2.678476,0.03637284,0.02049695,1.070605,0.9881656,-0.001724228,-0.1533811,0.05011103,0.9487011,0.3121781,0.1449746,-0.3161698,0.9375602,moving,10.453,-18.89281,1.945824,1.096805,2.8663460600795894,-1.1573726194309286,21.724565619206313,2.4348875955650313,21.399162224941428
3092,05/15/2023 18:38:42.403263,3275,True,True,True,True,Eyes,1.432155,0.06444075,-3.67839,0.171522,-0.3188493,0.9321563,0.0,0.0,0.0,0.0,0.0,0.0,0.0,-1.962958,1.017361,3.270688,1.42062,0.06595325,-3.682815,0.1597717,0.07495406,-0.01322819,0.9842154,18.45034,8.68956,359.8739,0.3629118,0.01643628,-0.9316782,0,0,0,1.609468,-0.2509534,-2.678727,0.0349327,0.02261838,1.068903,0.9884139,-0.002087695,-0.1517688,0.04998983,0.948596,0.3125166,0.1433148,-0.3164826,0.9377098,moving,10.42612,-18.88354,1.87181,1.212219,2.8636858762860533,-1.1562749942748611,21.84069022174393,2.5677970236906016,21.516811798580296
3093,05/15/2023 18:38:42.413006,3276,True,True,True,True,Eyes,1.431891,0.06439138,-3.678268,0.1711275,-0.3186715,0.9322896,0.0,0.0,0.0,0.0,0.0,0.0,0.0,-1.956323,1.020508,3.273456,1.420472,0.06588364,-3.682672,0.1601306,0.07400426,-0.01321713,0.9842292,18.49166,8.577182,359.86,0.3628972,0.01642494,-0.9316841,0,0,0,1.606272,-0.2488189,-2.678955,0.03396493,0.0252028,1.067343,0.9886974,-0.002316665,-0.1499072,0.04971804,0.9483669,0.3132541,0.1414413,-0.3171667,0.9377632,moving,10.40121,-18.87125,1.822649,1.352654,2.8609406866668,-1.1547260334891651,21.968113297047996,2.7138541336891184,21.6459337818581
3094,05/15/2023 18:38:42.433354,3277,True,True,True,True,Eyes,1.431634,0.06434487,-3.678136,0.1706777,-0.3185502,0.9324135,0.0,0.0,0.0,0.0,0.0,0.0,0.0,-1.949979,1.0225,3.276326,1.420282,0.06576157,-3.682488,0.1602504,0.07312718,-0.01305594,0.9842774,18.50401,8.475718,359.8632,0.3628792,0.01641357,-0.9316912,0,0,0,1.602892,-0.246562,-2.679195,0.03267547,0.02738199,1.065678,0.988964,-0.002264015,-0.1481393,0.04913862,0.9482988,0.3135521,0.1397704,-0.3173711,0.9379445,moving,10.37312,-18.86224,1.756235,1.471859,2.8582120117412773,-1.1536763576144684,22.084526013592097,2.8474179967981463,21.76400614480517
3095,05/15/2023 18:38:42.453080,3278,True,True,True,True,Eyes,1.431315,0.06430861,-3.677995,0.170327,-0.3183398,0.9325495,0.0,0.0,0.0,0.0,0.0,0.0,0.0,-1.943313,1.028188,3.278057,1.420165,0.06579304,-3.682133,0.1609115,0.07220122,-0.01285414,0.9842405,18.57873,8.370659,359.8751,0.3628585,0.01640225,-0.9316995,0,0,0,1.599569,-0.2443432,-2.679432,0.03145891,0.03048146,1.06389,0.9892436,-0.002067098,-0.1462636,0.04853912,0.9478846,0.314895,0.1379901,-0.3186074,0.937789,moving,10.35078,-18.84811,1.693727,1.64113,2.855514837506792,-1.1518404400574782,22.243055599948693,3.024968571475342,21.92410482396019
3096,05/15/2023 18:38:42.472684,3279,True,True,True,True,Eyes,1.431005,0.06426603,-3.67785,0.169927,-0.3181275,0.9326949,0.0,0.0,0.0,0.0,0.0,0.0,0.0,-1.936326,1.026984,3.282374,1.41998,0.06597424,-3.68203,0.1606067,0.07122752,-0.01271104,0.9843631,18.54209,8.256141,359.8704,0.3628342,0.01639124,-0.9317092,0,0,0,1.596213,-0.2421015,-2.679671,0.03039923,0.03148061,1.062439,0.9895302,-0.002145336,-0.1443105,0.04790379,0.9480878,0.3143798,0.1361445,-0.3180013,0.9382644,moving,10.32542,-18.8337,1.638939,1.697206,2.852576417958277,-1.149990666422103,22.29289244006253,3.0950677924002843,21.97544724259856
3097,05/15/2023 18:38:42.483099,3280,True,True,True,True,Eyes,1.430648,0.06422182,-3.677696,0.1696241,-0.3179099,0.9328243,0.0,0.0,0.0,0.0,0.0,0.0,0.0,-1.929868,1.028184,3.285514,1.419893,0.06577587,-3.681811,0.160503,0.07035273,-0.01233851,0.9844477,18.52689,8.158442,359.8967,0.3628066,0.01638036,-0.9317201,0,0,0,1.592746,-0.2397867,-2.679917,0.02886447,0.03324977,1.060708,0.9897965,-0.001709601,-0.1424779,0.04687686,0.9481731,0.3142775,0.1345564,-0.3177497,0.9385785,moving,10.30602,-18.8193,1.558774,1.79545,2.8500730361106457,-1.1480902427379374,22.39379892173313,3.2143245575513992,22.077456418227023
3098,05/15/2023 18:38:42.503160,3281,True,True,True,True,Eyes,1.430304,0.06417992,-3.677544,0.1692714,-0.3177598,0.9329394,0.0,0.0,0.0,0.0,0.0,0.0,0.0,-1.924255,1.029502,3.288102,1.419748,0.06568527,-3.68161,0.1607097,0.06952795,-0.01253642,0.98447,18.55235,8.056528,359.8588,0.3627753,0.01636956,-0.9317325,0,0,0,1.589278,-0.2374708,-2.680164,0.0274176,0.03571156,1.059013,0.9900175,-0.002335845,-0.1409258,0.04703107,0.9480305,0.3146845,0.1328669,-0.318171,0.9386766,moving,10.2838,-18.80888,1.483043,1.931371,2.847665376248081,-1.1467865812962528,22.530231585939145,3.3670830588283023,22.21522002144472
3099,05/15/2023 18:38:42.523112,3282,True,True,True,True,Eyes,1.429972,0.06412527,-3.677394,0.1689743,-0.3175743,0.9330565,0.0,0.0,0.0,0.0,0.0,0.0,0.0,-1.919022,1.035012,3.289304,1.419717,0.06571293,-3.681509,0.1614692,0.06876054,-0.01258528,0.984399,18.64061,7.965744,359.8445,0.3627409,0.01635888,-0.9317461,0,0,0,1.58592,-0.2352279,-2.680403,0.02575892,0.03917418,1.057451,0.9902272,-0.002572463,-0.1394399,0.04698327,0.9475387,0.3161694,0.1313114,-0.3196309,0.9383994,moving,10.26488,-18.79647,1.395417,2.121601,2.8453475719893904,-1.14516802104402,22.720762933260186,3.5740842883796664,22.406997168689404
3100,05/15/2023 18:38:42.533407,3283,True,True,True,True,Eyes,1.429642,0.06406198,-3.677248,0.1686299,-0.317497,0.9331449,0.0,0.0,0.0,0.0,0.0,0.0,0.0,-1.91574,1.035653,3.290754,1.41942,0.06534481,-3.681396,0.161463,0.06832987,-0.01255981,0.9844304,18.63962,7.914702,359.839,0.3627038,0.016348,-0.9317607,0,0,0,1.58241,-0.2328839,-2.680653,0.02351984,0.0414578,1.055804,0.9903466,-0.002663009,-0.138588,0.04679397,0.9475439,0.3161818,0.1304762,-0.3196146,0.9385215,moving,10.24345,-18.79057,1.276151,2.248655,2.8433395469571803,-1.1445071960718975,22.87053650345846,3.7375967720669414,22.55766977414582
3101,05/15/2023 18:38:42.552816,3284,True,True,True,True,Eyes,1.429344,0.06400823,-3.677107,0.1683061,-0.317385,0.9332415,0.0,0.0,0.0,0.0,0.0,0.0,0.0,-1.910193,1.046119,3.290511,1.419182,0.06509399,-3.681352,0.1627943,0.06757599,-0.01239025,0.9842653,18.7924,7.831182,359.8554,0.3626645,0.01633671,-0.9317762,0,0,0,1.579061,-0.2306475,-2.680891,0.02195364,0.04638031,1.054188,0.9905599,-0.002388612,-0.1370595,0.04639252,0.946689,0.318791,0.1289912,-0.3221401,0.937863,moving,10.22316,-18.78259,1.193021,2.519174,2.841257175989691,-1.143537412333833,23.136736154242175,4.016483210705806,22.82535878196149
3102,05/15/2023 18:38:42.572911,3285,True,True,True,True,Eyes,1.429052,0.06396354,-3.676965,0.1679375,-0.3172728,0.9333462,0.0,0.0,0.0,0.0,0.0,0.0,0.0,-1.904588,1.049456,3.292487,1.419001,0.06527328,-3.681231,0.1630843,0.06683287,-0.01206764,0.984272,18.82336,7.7493,359.8815,0.3626238,0.01632528,-0.9317923,0,0,0,1.575814,-0.2284795,-2.681122,0.02042848,0.04856314,1.052769,0.9907755,-0.001956887,-0.1354996,0.04555443,0.9465157,0.3194256,0.1276274,-0.3226516,0.9378738,moving,10.20012,-18.77446,1.111658,2.641122,2.8389630718257,-1.1425701000796862,23.264292250661057,4.159315895596319,22.954173655456703
3103,05/15/2023 18:38:42.583242,3286,True,True,True,True,Eyes,1.428741,0.06393471,-3.67682,0.1676295,-0.3170132,0.9334897,0.0,0.0,0.0,0.0,0.0,0.0,0.0,-1.898151,1.05165,3.295274,1.418897,0.06544209,-3.681063,0.1630766,0.0659982,-0.01148089,0.9843366,18.81782,7.6609,359.9348,0.3625819,0.01631396,-0.9318088,0,0,0,1.572483,-0.2262551,-2.68136,0.01888958,0.05010591,1.051292,0.991025,-0.001076589,-0.1336734,0.04412763,0.9465485,0.3195291,0.1261844,-0.32256,0.9381006,moving,10.18027,-18.75749,1.029378,2.728725,2.836232404332509,-1.1403041769728317,23.35372046209959,4.270141638250756,23.044740550410886
3104,05/15/2023 18:38:42.603262,3287,True,True,True,True,Eyes,1.428433,0.06392142,-3.67668,0.1672617,-0.3167069,0.9336597,0.0,0.0,0.0,0.0,0.0,0.0,0.0,-1.892747,1.045352,3.300126,1.418603,0.06576347,-3.680943,0.1620101,0.06530058,-0.01118585,0.9845626,18.6919,7.580471,359.9475,0.3625386,0.01630314,-0.9318258,0,0,0,1.568902,-0.2238636,-2.681614,0.0171113,0.04948345,1.049946,0.9912215,-0.0008676414,-0.1322095,0.04318503,0.9472552,0.3175573,0.1249606,-0.3204791,0.9389773,moving,10.15659,-18.73746,0.9336847,2.698326,2.8329910814794736,-1.1376318575240318,23.335700195420834,4.280413229517568,23.02772320703606
3105,05/15/2023 18:38:42.613057,3288,True,True,True,True,Eyes,1.428122,0.06392118,-3.676528,0.1667489,-0.3161366,0.9339446,0.0,0.0,0.0,0.0,0.0,0.0,0.0,-1.885202,1.042063,3.305373,1.418391,0.06610966,-3.68092,0.1612964,0.06429443,-0.0107729,0.9847507,18.606,7.466369,359.9712,0.3624941,0.01629317,-0.9318433,0,0,0,1.565685,-0.2217153,-2.681843,0.01619703,0.04939409,1.048805,0.9915004,-0.0004763285,-0.1301032,0.04195812,0.9477348,0.3162881,0.1231527,-0.3190586,0.9396994,moving,10.12307,-18.70076,0.8847665,2.696386,2.8277711828436023,-1.132649256773677,23.30631048672072,4.293806958302624,23.000538553687694
3106,05/15/2023 18:38:42.633417,3289,True,True,True,True,Eyes,1.42781,0.06392968,-3.676387,0.166158,-0.3155014,0.9342647,0.0,0.0,0.0,0.0,0.0,0.0,0.0,-1.877551,1.027961,3.313632,1.418166,0.06637192,-3.680552,0.1590372,0.06328124,-0.01038044,0.9851878,18.3413,7.347254,359.9804,0.3624484,0.0162843,-0.9318612,0,0,0,1.562402,-0.219523,-2.682077,0.01535004,0.04605404,1.047443,0.9917755,-0.0003252227,-0.1279895,0.04058149,0.9491988,0.3120492,0.1213859,-0.3146768,0.9414053,moving,10.08455,-18.65984,0.8395968,2.517563,2.821867587648097,-1.1271037373071888,23.107391836695875,4.148854432442338,22.803695641134947
3107,05/15/2023 18:38:42.653022,3290,True,True,True,True,Eyes,1.42781,0.06392968,-3.676387,0.166158,-0.3155014,0.9342647,0.0,0.0,0.0,0.0,0.0,0.0,0.0,-1.867793,1.021703,3.321034,1.41784,0.06656837,-3.680639,0.1579071,0.06195211,-0.01009498,0.9854569,18.20828,7.191289,359.98,0.3624017,0.01627662,-0.9318795,0,0,0,1.558985,-0.2172407,-2.68232,0.01504788,0.04542094,1.046335,0.9921201,-0.0003309887,-0.1252903,0.03946166,0.9499269,0.3099706,0.118914,-0.3124721,0.9424546,moving,10.08455,-18.65984,0.8239428,2.485623,2.821867587648097,-1.1271037373071888,23.084398436976016,4.1283771551970565,22.780509904871142
3108,05/15/2023 18:38:42.672755,3291,True,True,True,True,Eyes,1.42781,0.06392968,-3.676387,0.166158,-0.3155014,0.9342647,0.0,0.0,0.0,0.0,0.0,0.0,0.0,-1.856565,1.0122,3.329994,1.417574,0.06668949,-3.680528,0.1563045,0.06040427,-0.009833265,0.9858112,18.02075,7.007857,359.9696,0.3623596,0.01626972,-0.9318959,0,0,0,1.555614,-0.2149896,-2.68256,0.01522803,0.04378341,1.045078,0.9925092,-0.0005045548,-0.1221683,0.03827037,0.9509444,0.3069855,0.1160203,-0.3093614,0.9438404,moving,10.08455,-18.65984,0.8348088,2.398996,2.821867587648097,-1.1271037373071888,23.000701857592812,4.047441411930178,22.696636956912474
3109,05/15/2023 18:38:42.683236,3292,True,True,True,True,Eyes,1.427453,0.0639539,-3.676237,0.164853,-0.3142219,0.9349268,0.0,0.0,0.0,0.0,0.0,0.0,0.0,-1.844951,1.005676,3.338273,1.417324,0.0668354,-3.680492,0.1552207,0.0587714,-0.009770326,0.9860817,17.89473,6.811992,359.9384,0.3623218,0.0162635,-0.9319108,0,0,0,1.552284,-0.2127663,-2.682797,0.01562324,0.04325663,1.043873,0.992901,-0.001023599,-0.1189399,0.03751372,0.9516221,0.3049722,0.1128737,-0.3072691,0.9449049,moving,10.00001,-18.57711,0.8574593,2.372898,2.809446548187999,-1.115950309093739,22.858019785233683,3.997788981544023,22.560148301373616
3110,05/15/2023 18:38:42.703457,3293,True,True,True,True,Eyes,1.427094,0.06397802,-3.6761,0.1634363,-0.3129397,0.9356053,0.0,0.0,0.0,0.0,0.0,0.0,0.0,-1.832307,0.997668,3.347404,1.417001,0.06687832,-3.680415,0.1538798,0.05701199,-0.009655546,0.9863962,17.73854,6.60173,359.9096,0.3622811,0.01625863,-0.9319267,0,0,0,1.548578,-0.2102908,-2.683061,0.01597458,0.04249352,1.042491,0.993313,-0.0015024,-0.1154443,0.03659432,0.9524556,0.3024719,0.1095011,-0.3046738,0.9461414,moving,9.908736,-18.49397,0.8779014,2.334171,2.7965038010540004,-1.1047967961401184,22.701705466515907,3.937960725581071,22.41027215914904
3111,05/15/2023 18:38:42.722622,3294,True,True,True,True,Eyes,1.426743,0.0640208,-3.675967,0.1615998,-0.3114344,0.9364263,0.0,0.0,0.0,0.0,0.0,0.0,0.0,-1.817206,0.9942538,3.356676,1.416634,0.06688786,-3.680589,0.1531703,0.05489931,-0.009570335,0.9866273,17.6556,6.350396,359.8757,0.3622378,0.01625497,-0.9319436,0,0,0,1.54526,-0.2080755,-2.683297,0.01743662,0.04295936,1.041436,0.993789,-0.002066822,-0.1112621,0.03570257,0.9528945,0.3011931,0.1053985,-0.3032947,0.94705,moving,9.79114,-18.39597,0.9592059,2.362119,2.780518481636277,-1.0917372303945754,22.558841257446353,3.904651377557544,22.275989321819466
3112,05/15/2023 18:38:42.733128,3295,True,True,True,True,Eyes,1.426394,0.06406899,-3.675838,0.1596813,-0.3098652,0.9372755,0.0,0.0,0.0,0.0,0.0,0.0,0.0,-1.802021,0.9892018,3.366203,1.41635,0.06733894,-3.680563,0.152376,0.0527477,-0.009661078,0.9868668,17.56388,6.091266,359.8201,0.3621922,0.01625286,-0.9319614,0,0,0,1.542226,-0.2060495,-2.683513,0.01923329,0.04262781,1.040437,0.9942486,-0.002993423,-0.1070541,0.03514332,0.9533765,0.2997304,0.1011656,-0.3017688,0.9479985,moving,9.668507,-18.29399,1.059036,2.346157,2.7638649326684237,-1.0781495688006772,22.36378007138887,3.8252211918782977,22.08969082137462
3113,05/15/2023 18:38:42.753010,3296,True,True,True,True,Eyes,1.426044,0.06412021,-3.675721,0.1575133,-0.3081941,0.938193,0.0,0.0,0.0,0.0,0.0,0.0,0.0,-1.787649,0.9789903,3.376694,1.416091,0.06749535,-3.68053,0.150756,0.05073476,-0.009615504,0.9872214,17.37563,5.850018,359.7786,0.3621445,0.01625228,-0.9319799,0,0,0,1.538764,-0.2037374,-2.683759,0.02028111,0.04107703,1.039264,0.9946671,-0.003688117,-0.1030721,0.0342824,0.9543603,0.2966835,0.09727365,-0.2986348,0.9493971,moving,9.530513,-18.18522,1.117977,2.263443,2.745578227322365,-1.063720106432368,22.111503350945295,3.703930357334754,21.84651141590718
3114,05/15/2023 18:38:42.762977,3297,True,True,True,True,Eyes,1.425697,0.06418403,-3.675606,0.15527,-0.3064703,0.9391311,0.0,0.0,0.0,0.0,0.0,0.0,0.0,-1.772664,0.9755914,3.385623,1.415703,0.06758976,-3.680732,0.1502194,0.04861188,-0.009866693,0.9874076,17.3144,5.592408,359.7071,0.3620949,0.01625316,-0.9319991,0,0,0,1.535342,-0.2014519,-2.684003,0.02172434,0.0419596,1.038235,0.995079,-0.00488,-0.09896375,0.03408974,0.9546735,0.2956962,0.0930351,-0.2976148,0.9501421,moving,9.387998,-18.07326,1.198699,2.314312,2.72672067794492,-1.0488715994969535,21.970837721092593,3.69402953049849,21.715484235767423
3115,05/15/2023 18:38:42.783063,3298,True,True,True,True,Eyes,1.425362,0.06424092,-3.675503,0.1528618,-0.3046392,0.9401214,0.0,0.0,0.0,0.0,0.0,0.0,0.0,-1.757714,0.9655644,3.396098,1.415439,0.06792736,-3.680663,0.1486647,0.04652449,-0.009844932,0.9877437,17.13362,5.342762,359.6633,0.3620436,0.01625566,-0.9320191,0,0,0,1.532058,-0.1992594,-2.684236,0.023096,0.04027878,1.037159,0.9954771,-0.005615436,-0.09483574,0.03328162,0.9556038,0.2927691,0.0889813,-0.2946012,0.9514686,moving,9.235353,-17.95452,1.275681,2.224003,2.70661189063154,-1.0331370128470725,21.6916843239319,3.5576009159337985,21.4460392494381
3116,05/15/2023 18:38:42.802812,3299,True,True,True,True,Eyes,1.425027,0.06430571,-3.675408,0.1503766,-0.3028411,0.9411026,0.0,0.0,0.0,0.0,0.0,0.0,0.0,-1.742124,0.9578637,3.406305,1.415009,0.0677824,-3.680838,0.1473132,0.04438537,-0.009706645,0.988046,16.9757,5.089695,359.6343,0.3619909,0.01625945,-0.9320394,0,0,0,1.528765,-0.1970599,-2.684471,0.02466393,0.03956079,1.036173,0.9958715,-0.006104112,-0.09056944,0.03225829,0.9564092,0.2902428,0.08484972,-0.2919661,0.9526576,moving,9.078413,-17.83786,1.363548,2.186474,2.686347557263142,-1.0177389581429044,21.4591028263481,3.4665226596441667,21.223306836304864
3117,05/15/2023 18:38:42.813283,3300,True,True,True,True,Eyes,1.424728,0.06438523,-3.675319,0.1477868,-0.3010098,0.9420999,0.0,0.0,0.0,0.0,0.0,0.0,0.0,-1.726546,0.9547641,3.415066,1.414706,0.06802845,-3.680923,0.1467876,0.04220051,-0.009824559,0.9882187,16.91458,4.827915,359.5791,0.3619369,0.01626459,-0.9320603,0,0,0,1.525413,-0.1948214,-2.684709,0.02617493,0.04024142,1.035124,0.9962452,-0.007028594,-0.08629084,0.03180662,0.9567138,0.2892873,0.08052236,-0.2909457,0.9533451,moving,8.91531,-17.71917,1.448516,2.226305,2.6654805220847875,-1.002102956770864,21.29729996065372,3.4501623995624437,21.071585846123806
3118,05/15/2023 18:38:42.833291,3301,True,True,True,True,Eyes,1.424427,0.06446455,-3.675235,0.145144,-0.29913,0.9431089,0.0,0.0,0.0,0.0,0.0,0.0,0.0,-1.711358,0.9473699,3.424641,1.414373,0.06843758,-3.680937,0.1457145,0.04007542,-0.01001288,0.9884641,16.79029,4.571677,359.5143,0.3618824,0.0162713,-0.9320813,0,0,0,1.521967,-0.1925204,-2.684955,0.02753136,0.03967287,1.03408,0.9965875,-0.008115608,-0.08214437,0.03147388,0.957334,0.2872645,0.07630831,-0.2888696,0.9543225,moving,8.749146,-17.5977,1.525083,2.197096,2.6441800556656383,-0.986094087790627,21.071806636109418,3.3741780265729906,20.85592208843976
3119,05/15/2023 18:38:42.852940,3302,True,True,True,True,Eyes,1.424156,0.06455106,-3.675167,0.1424572,-0.2971976,0.944129,0.0,0.0,0.0,0.0,0.0,0.0,0.0,-1.696789,0.9374124,3.434559,1.414083,0.06849003,-3.680994,0.1441453,0.03806543,-0.009985599,0.9887738,16.60753,4.332765,359.4755,0.3618275,0.01627944,-0.9321026,0,0,0,1.518537,-0.1902299,-2.685199,0.02857465,0.03839043,1.033036,0.9969027,-0.008773094,-0.07815492,0.03072089,0.9582449,0.284294,0.07239738,-0.2858144,0.9555464,moving,8.580486,-17.47322,1.584446,2.128288,2.622469920997772,-0.9696743513482308,20.81258493209491,3.267241097766531,20.606291244901637
3120,05/15/2023 18:38:42.863452,3303,True,True,True,True,Eyes,1.423882,0.06465346,-3.675098,0.1397231,-0.2952147,0.9451591,0.0,0.0,0.0,0.0,0.0,0.0,0.0,-1.681705,0.9293281,3.444267,1.413626,0.06872559,-3.681263,0.1429537,0.03597939,-0.01018414,0.9890229,16.46931,4.081618,359.411,0.3617726,0.01628902,-0.9321237,0,0,0,1.515246,-0.1880323,-2.685433,0.03009689,0.03774163,1.032278,0.9972036,-0.009857915,-0.07408062,0.03043143,0.958921,0.2820362,0.06825709,-0.2835018,0.9565395,moving,8.409146,-17.34588,1.670032,2.093888,2.6003480626566,-0.9528669177060184,20.574747565858978,3.1856245078481376,20.378135154240947
3121,05/15/2023 18:38:42.883024,3304,True,True,True,True,Eyes,1.423652,0.06475733,-3.675039,0.136872,-0.2931672,0.9462129,0.0,0.0,0.0,0.0,0.0,0.0,0.0,-1.667687,0.9174079,3.454077,1.41334,0.06918526,-3.68119,0.1412979,0.03402624,-0.01042949,0.9893273,16.27748,3.845553,359.3422,0.3617178,0.01630031,-0.9321448,0,0,0,1.511819,-0.1857434,-2.685677,0.03108075,0.03590393,1.03125,0.9974669,-0.01102069,-0.07027345,0.030252,0.9598523,0.2788699,0.06437871,-0.2802894,0.9577543,moving,8.230885,-17.21466,1.72631,1.994001,2.57742826330139,-0.9355622282616516,20.28009253784474,3.0506954955399928,20.093024757723718
3122,05/15/2023 18:38:42.902908,3305,True,True,True,True,Eyes,1.423418,0.06486265,-3.674986,0.1339841,-0.2911088,0.9472612,0.0,0.0,0.0,0.0,0.0,0.0,0.0,-1.653471,0.9050202,3.464147,1.412933,0.06930447,-3.681326,0.1394908,0.03207535,-0.0105954,0.9896472,16.0677,3.611529,359.2831,0.3616638,0.01631317,-0.9321654,0,0,0,1.508443,-0.1834889,-2.685917,0.03219405,0.03410818,1.030371,0.9977179,-0.012023,-0.06644248,0.02991982,0.9608601,0.2754136,0.06053063,-0.2767729,0.9590271,moving,8.050719,-17.08305,1.78963,1.895959,2.554340139406788,-0.9182181259027582,19.98509489814852,2.9162260703288863,19.807424254813785
3123,05/15/2023 18:38:42.913208,3306,True,True,True,True,Eyes,1.423203,0.06497677,-3.674946,0.1311381,-0.2890628,0.9482856,0.0,0.0,0.0,0.0,0.0,0.0,0.0,-1.639723,0.8969529,3.472769,1.412619,0.06942844,-3.681445,0.1383044,0.03017721,-0.01076702,0.9898714,15.92965,3.384235,359.2273,0.3616106,0.01632746,-0.9321859,0,0,0,1.505088,-0.1812484,-2.686156,0.03310436,0.03358382,1.029449,0.9979469,-0.01296866,-0.06272131,0.02966319,0.961512,0.2731572,0.05676481,-0.2744568,0.9599226,moving,7.873477,-16.95262,1.841846,1.868503,2.531554377130105,-0.901018091762012,19.76398855244786,2.854110145596713,19.595364213806942
3124,05/15/2023 18:38:42.933172,3307,True,True,True,True,Eyes,1.422983,0.06509331,-3.674906,0.1282719,-0.2869527,0.9493179,0.0,0.0,0.0,0.0,0.0,0.0,0.0,-1.626214,0.8876527,3.481565,1.412171,0.06973648,-3.681673,0.1369395,0.0283452,-0.01086278,0.9901143,15.77065,3.166288,359.1815,0.3615582,0.01634327,-0.9322059,0,0,0,1.501759,-0.1790258,-2.686393,0.03401893,0.03252779,1.028725,0.9981571,-0.01374763,-0.05910503,0.02927393,0.9622592,0.2705556,0.0531548,-0.2717873,0.9608883,moving,7.695202,-16.81863,1.894026,1.811062,2.5084239257983,-0.8833153428770377,19.512023652041833,2.763540134869472,19.35220821906847
3125,05/15/2023 18:38:42.953021,3308,True,True,True,True,Eyes,1.422788,0.065218,-3.674879,0.1254979,-0.2848909,0.9503091,0.0,0.0,0.0,0.0,0.0,0.0,0.0,-1.61381,0.8745028,3.49054,1.411862,0.06988525,-3.68168,0.1350709,0.02664801,-0.01104584,0.990416,15.5537,2.963189,359.1268,0.3615066,0.0163605,-0.9322256,0,0,0,1.498331,-0.1767363,-2.686637,0.03445426,0.03059281,1.027758,0.9983358,-0.01468121,-0.05576921,0.02907868,0.9632677,0.266964,0.04980129,-0.2681414,0.9620916,moving,7.522953,-16.68808,1.920048,1.704995,2.485992901555928,-0.8660544225693536,19.22752590414716,2.6326011404866017,19.07584370711861
3126,05/15/2023 18:38:42.967936,3309,True,True,True,True,Eyes,1.422585,0.06534869,-3.674858,0.1227005,-0.2827735,0.9513063,0.0,0.0,0.0,0.0,0.0,0.0,0.0,-1.600862,0.8664404,3.49862,1.411433,0.07020092,-3.68195,0.1339207,0.02489004,-0.01121246,0.9906161,15.41962,2.753489,359.0759,0.3614559,0.01637921,-0.932245,0,0,0,1.494908,-0.1744502,-2.68688,0.03509742,0.03006089,1.027059,0.9985095,-0.01554789,-0.05231611,0.02888104,0.963879,0.2647699,0.04630974,-0.2658862,0.9628915,moving,7.349493,-16.55445,1.957192,1.676506,2.4632405442213408,-0.848361342162882,19.01169815530788,2.575080624879383,18.86810591945939
3127,05/15/2023 18:38:42.983163,3310,True,True,True,True,Eyes,1.422388,0.0654806,-3.674849,0.120003,-0.280707,0.952262,0.0,0.0,0.0,0.0,0.0,0.0,0.0,-1.588001,0.8546879,3.507368,1.411081,0.07044506,-3.682086,0.1321601,0.02316764,-0.01115317,0.9908949,15.21431,2.551994,359.0511,0.3614061,0.0163994,-0.9322639,0,0,0,1.491555,-0.1722113,-2.687119,0.03563112,0.02823243,1.02628,0.9986778,-0.01597956,-0.04886141,0.02822688,0.9648187,0.2613967,0.04296541,-0.2624302,0.963994,moving,7.182487,-16.42442,1.988437,1.575779,2.4412309092907982,-0.8311293494903353,18.734602195992878,2.4491284423519186,18.598487513209577
3128,05/15/2023 18:38:43.003321,3311,True,True,True,True,Eyes,1.422188,0.06561986,-3.674844,0.1172767,-0.2786035,0.9532188,0.0,0.0,0.0,0.0,0.0,0.0,0.0,-1.574118,0.8452088,3.516075,1.410662,0.07059002,-3.682399,0.1306317,0.02132824,-0.01094334,0.9911412,15.03539,2.339282,359.0436,0.3613569,0.01642096,-0.9322826,0,0,0,1.488094,-0.1698998,-2.687365,0.03630733,0.02708499,1.025606,0.9988508,-0.01612049,-0.04513784,0.02726509,0.9656312,0.258482,0.03941956,-0.2594157,0.9649611,moving,7.013981,-16.2924,2.027474,1.51276,2.4189613735288096,-0.8136244076943722,18.49023998456075,2.3590944822104905,18.361519101612284
3129,05/15/2023 18:38:43.013156,3312,True,True,True,True,Eyes,1.421953,0.06576988,-3.674841,0.1147764,-0.2765689,0.9541153,0.0,0.0,0.0,0.0,0.0,0.0,0.0,-1.561137,0.8350376,3.524284,1.410384,0.07088184,-3.682501,0.1291103,0.01958296,-0.0108912,0.9913772,14.85778,2.135432,359.0196,0.3613083,0.01644392,-0.932301,0,0,0,1.484902,-0.1677685,-2.687592,0.03696191,0.02561474,1.024853,0.9989958,-0.01653785,-0.04164063,0.02665129,0.9664239,0.2555675,0.03601593,-0.2564206,0.9658941,moving,6.859501,-16.16526,2.06551,1.431728,2.398083170540608,-0.7966983753641104,18.23832054713989,2.2531065274819695,18.11620961435967
3130,05/15/2023 18:38:43.033260,3313,True,True,True,True,Eyes,1.421711,0.06591976,-3.674849,0.112239,-0.2744845,0.9550187,0.0,0.0,0.0,0.0,0.0,0.0,0.0,-1.548904,0.824638,3.532142,1.410092,0.07127094,-3.682626,0.1276102,0.017939,-0.01091336,0.9916022,14.68286,1.942607,358.9892,0.3612593,0.01646843,-0.9323195,0,0,0,1.481292,-0.1653577,-2.687849,0.0370141,0.02436693,1.024049,0.9991182,-0.01706503,-0.03836197,0.0262218,0.9671931,0.2526855,0.03279135,-0.2534686,0.9667877,moving,6.702963,-16.03532,2.070046,1.363078,2.376843107246017,-0.7793878347301433,18.00467086328692,2.1643207521068715,17.88895622810588
3131,05/15/2023 18:38:43.053117,3314,True,True,True,True,Eyes,1.421405,0.06607445,-3.674861,0.1098879,-0.2724887,0.9558633,0.0,0.0,0.0,0.0,0.0,0.0,0.0,-1.535704,0.8135284,3.540614,1.409701,0.07139301,-3.682908,0.1259373,0.0161849,-0.01086581,0.9918468,14.48773,1.738255,358.9656,0.3612099,0.01649433,-0.9323382,0,0,0,1.477996,-0.1631566,-2.688084,0.03768039,0.02287427,1.023431,0.99924,-0.01747787,-0.03484268,0.02563099,0.9680435,0.2494692,0.02936903,-0.2501727,0.9677558,moving,6.558043,-15.9113,2.108548,1.280381,2.3568976221244955,-0.7628267461792142,17.75815027982323,2.05824571634587,17.648321858267884
3132,05/15/2023 18:38:43.063163,3315,True,True,True,True,Eyes,1.421096,0.06624126,-3.674879,0.1074914,-0.2704414,0.9567168,0.0,0.0,0.0,0.0,0.0,0.0,0.0,-1.52251,0.8051748,3.548285,1.409314,0.07162189,-3.683121,0.124646,0.01443729,-0.01076106,0.9920379,14.33659,1.535512,358.9502,0.3611585,0.0165216,-0.9323577,0,0,0,1.474589,-0.1608813,-2.688326,0.0381963,0.02211387,1.022735,0.9993516,-0.01775165,-0.03132731,0.02494985,0.9686952,0.2469964,0.02596202,-0.2476178,0.9685099,moving,6.410554,-15.78436,2.138843,1.238673,2.336543960685061,-0.745868365465552,17.550816715657707,1.9943645858016215,17.446784511512007
3133,05/15/2023 18:38:43.083268,3316,True,True,True,True,Eyes,1.420729,0.06641571,-3.674906,0.1052158,-0.2684489,0.9575306,0.0,0.0,0.0,0.0,0.0,0.0,0.0,-1.508878,0.7941381,3.556613,1.408947,0.07205105,-3.683279,0.1229767,0.01264203,-0.01057011,0.9922729,14.14165,1.328909,358.9442,0.3611052,0.01655042,-0.9323778,0,0,0,1.471275,-0.1586682,-2.688562,0.03887498,0.02030884,1.022083,0.9994569,-0.01786752,-0.02768846,0.02408621,0.96953,0.2437856,0.02248898,-0.2443201,0.9694338,moving,6.270644,-15.66113,2.178197,1.13832,2.3170233205448505,-0.7293770528012951,17.290738640969302,1.8728494409104712,17.192088507212397
3134,05/15/2023 18:38:43.102976,3317,True,True,True,True,Eyes,1.420363,0.06659691,-3.674937,0.1028812,-0.2663693,0.9583647,0.0,0.0,0.0,0.0,0.0,0.0,0.0,-1.493683,0.7828999,3.565712,1.408613,0.07236671,-3.683599,0.1211733,0.01064914,-0.01018234,0.9925221,13.93088,1.102278,358.9591,0.3610488,0.01658083,-0.932399,0,0,0,1.4679,-0.1564142,-2.688802,0.03981158,0.01840387,1.021543,0.9995658,-0.01763161,-0.0236068,0.02279319,0.9704267,0.2403175,0.01867139,-0.2407512,0.9704073,moving,6.12728,-15.53282,2.231802,1.032115,2.296866550305734,-0.7121856868974221,17.01680993613988,1.7455137587590954,16.923563270716997
3135,05/15/2023 18:38:43.113337,3318,True,True,True,True,Eyes,1.419955,0.06678547,-3.674977,0.1005719,-0.2643191,0.9591771,0.0,0.0,0.0,0.0,0.0,0.0,0.0,-1.479138,0.7683286,3.57496,1.408297,0.0726738,-3.68374,0.1190408,0.008722335,-0.01009012,0.9927998,13.68262,0.8796669,358.9409,0.3609898,0.01661283,-0.9324213,0,0,0,1.464666,-0.1542548,-2.689033,0.04080853,0.01573667,1.020883,0.9996443,-0.01795831,-0.01972139,0.02211156,0.971455,0.2361913,0.01491684,-0.2365433,0.9715065,moving,5.985721,-15.40654,2.289108,0.8831307,2.276994932179672,-0.6952703544815304,16.703841449984115,1.5784475332428465,16.615773942373178
3136,05/15/2023 18:38:43.133240,3319,True,True,True,True,Eyes,1.419547,0.06697977,-3.675023,0.09819082,-0.2622271,0.9599977,0.0,0.0,0.0,0.0,0.0,0.0,0.0,-1.463478,0.7544103,3.58451,1.407917,0.07300186,-3.684028,0.11713,0.006621063,-0.01034717,0.9930407,13.46001,0.6319267,358.8806,0.3609273,0.01664647,-0.9324449,0,0,0,1.461271,-0.1519876,-2.689274,0.04212162,0.01368429,1.020314,0.9996982,-0.01899927,-0.01557388,0.02210134,0.972347,0.2324926,0.01072598,-0.2327667,0.9724734,moving,5.840038,-15.27787,2.363999,0.7683958,2.2566419412897027,-0.678047506261845,16.41844978229585,1.4504219304342525,16.335603109370467
3137,05/15/2023 18:38:43.142909,3320,True,True,True,True,Eyes,1.419092,0.0671761,-3.675079,0.09582432,-0.2601897,0.9607908,0.0,0.0,0.0,0.0,0.0,0.0,0.0,-1.448174,0.7426063,3.593265,1.407536,0.0733099,-3.684249,0.1155389,0.004565984,-0.01065917,0.9932353,13.27423,0.3889536,358.8155,0.3608616,0.01668172,-0.9324697,0,0,0,1.457811,-0.1496769,-2.68952,0.04327539,0.01234239,1.01966,0.9997311,-0.02011902,-0.01153328,0.02222919,0.9730743,0.2294172,0.006607026,-0.2296119,0.9732599,moving,5.69555,-15.15271,2.43023,0.693498,2.2366416597660703,-0.6613187695874474,16.179141592855416,1.3685777013490663,16.10126255656337
3138,05/15/2023 18:38:43.163097,3321,True,True,True,True,Eyes,1.418638,0.06737193,-3.675143,0.09337337,-0.2581318,0.961587,0.0,0.0,0.0,0.0,0.0,0.0,0.0,-1.431848,0.7306942,3.602386,1.407077,0.0735178,-3.684566,0.1138208,0.00240913,-0.01073297,0.9934406,13.07345,0.1378389,358.7778,0.3607919,0.01671847,-0.932496,0,0,0,1.454469,-0.1474455,-2.689758,0.04477984,0.01077174,1.019112,0.999758,-0.02077671,-0.007230021,0.02187354,0.9738593,0.2260966,0.002343416,-0.2262,0.9740781,moving,5.546227,-15.02642,2.515963,0.6055785,2.216203553812184,-0.6444698533110922,15.922998367571926,1.2854869159951026,15.850114962890245
3139,05/15/2023 18:38:43.183141,3322,True,True,True,True,Eyes,1.418162,0.06757206,-3.675217,0.09087219,-0.2561677,0.9623515,0.0,0.0,0.0,0.0,0.0,0.0,0.0,-1.414686,0.7222013,3.610988,1.406694,0.07368183,-3.684825,0.1125258,0.0001374781,-0.01069866,0.9935912,12.92129,359.8745,358.752,0.3607185,0.01675656,-0.9325237,0,0,0,1.451224,-0.1452785,-2.689989,0.04650202,0.01003404,1.018509,0.9997711,-0.02122924,-0.002681009,0.02129112,0.974447,0.2236064,-0.002134532,-0.2236123,0.9746758,moving,5.394288,-14.90588,2.614136,0.5644422,2.196009986975972,-0.6284703502693547,15.718146013920244,1.264068714650238,15.65012387511132
3140,05/15/2023 18:38:43.203115,3323,True,True,True,True,Eyes,1.417691,0.06777564,-3.675303,0.08829441,-0.2541733,0.96312,0.0,0.0,0.0,0.0,0.0,0.0,0.0,-1.397125,0.712572,3.619934,1.406364,0.07396412,-3.685148,0.111055,-0.002180994,-0.01057264,0.9937557,12.74879,359.6074,358.737,0.3606414,0.01679597,-0.9325528,0,0,0,1.447551,-0.1428252,-2.690251,0.04781312,0.009094685,1.017912,0.9997669,-0.02149767,0.001986504,0.02052882,0.97511,0.2207691,-0.006683052,-0.2206769,0.975324,moving,5.237972,-14.78365,2.689306,0.5119039,2.175369587855761,-0.6122661660799327,15.506439549018374,1.2360780611263407,15.44314570758158
3141,05/15/2023 18:38:43.212908,3324,True,True,True,True,Eyes,1.417204,0.06798747,-3.675393,0.08558599,-0.2522767,0.9638628,0.0,0.0,0.0,0.0,0.0,0.0,0.0,-1.380153,0.7033606,3.628499,1.406041,0.07422447,-3.685524,0.109674,-0.004422843,-0.01052094,0.9939022,12.58673,359.3484,358.7152,0.3605607,0.01683664,-0.9325833,0,0,0,1.444015,-0.1404641,-2.690502,0.04911435,0.008298352,1.017408,0.9997395,-0.02188371,0.00648395,0.01994341,0.9757219,0.2181034,-0.01109952,-0.2179173,0.9759042,moving,5.074258,-14.6673,2.763751,0.467315,2.154635121322579,-0.5969718747331372,15.309964526257858,1.2262661641691803,15.251340857013666
3142,05/15/2023 18:38:43.233139,3325,True,True,True,True,Eyes,1.416722,0.06820468,-3.675497,0.08281219,-0.2502863,0.9646237,0.0,0.0,0.0,0.0,0.0,0.0,0.0,-1.363965,0.6915225,3.636969,1.405724,0.07461452,-3.685719,0.108046,-0.006568998,-0.01068565,0.9940669,12.39614,359.0984,358.6703,0.3604766,0.01687866,-0.932615,0,0,0,1.4411,-0.1385176,-2.69071,0.05089417,0.006471843,1.016899,0.9996853,-0.022664,0.01075096,0.01982497,0.9764237,0.2149503,-0.01536915,-0.2146695,0.9765658,moving,4.906766,-14.54551,2.86517,0.364642,2.133213671558068,-0.5809286124921991,15.049277287973666,1.1957691457614492,14.9953381650899
3143,05/15/2023 18:38:43.253156,3326,True,True,True,True,Eyes,1.416263,0.0684298,-3.675609,0.07993053,-0.2483673,0.9653625,0.0,0.0,0.0,0.0,0.0,0.0,0.0,-1.347304,0.6758531,3.646416,1.405361,0.07492447,-3.68615,0.1058776,-0.008761615,-0.01085138,0.9942814,12.1431,358.8441,358.6265,0.3603894,0.01692202,-0.9326479,0,0,0,1.437715,-0.1362571,-2.690951,0.05234334,0.003963545,1.016519,0.999611,-0.02343396,0.01512513,0.01972332,0.9773444,0.2107344,-0.01972088,-0.2103541,0.9774264,moving,4.733206,-14.42808,2.947712,0.2234028,2.1116800334178207,-0.56556512266591,14.759875916237638,1.1495302658664657,14.710517765102482
3144,05/15/2023 18:38:43.263203,3327,True,True,True,True,Eyes,1.415807,0.06866524,-3.675726,0.07697413,-0.2463569,0.9661177,0.0,0.0,0.0,0.0,0.0,0.0,0.0,-1.329505,0.6623804,3.655613,1.404984,0.07534695,-3.686487,0.1040795,-0.0111157,-0.01116584,0.9944443,11.93221,358.5691,358.5638,0.3602996,0.01696678,-0.9326817,0,0,0,1.43429,-0.1339699,-2.691194,0.05411687,0.002126768,1.016044,0.9995036,-0.02452143,0.01978365,0.01989375,0.9780855,0.2072508,-0.02443218,-0.2067543,0.9780878,moving,4.555342,-14.30538,3.048827,0.1199305,2.089433950063032,-0.5494816960818307,14.503764010305575,1.1698494401120416,14.458871378572658
3145,05/15/2023 18:38:43.283046,3328,True,True,True,True,Eyes,1.415418,0.06888807,-3.675846,0.07391383,-0.2443929,0.9668552,0.0,0.0,0.0,0.0,0.0,0.0,0.0,-1.311279,0.6467311,3.6651,1.404654,0.07579708,-3.686717,0.1019356,-0.01351216,-0.01132625,0.9946347,11.68152,358.292,358.5204,0.3602078,0.01701307,-0.9327163,0,0,0,1.430957,-0.1317443,-2.691432,0.05599013,-0.0005289316,1.015491,0.9993783,-0.02528571,0.02457038,0.01977619,0.9789616,0.2030835,-0.02918863,-0.2024714,0.978853,moving,4.371626,-14.18557,3.155867,-0.02984325,2.066980168698854,-0.5338648447046463,14.20783832138959,1.1998801187242272,14.167350739302025
3146,05/15/2023 18:38:43.303212,3329,True,True,True,True,Eyes,1.415032,0.06912262,-3.675974,0.07079887,-0.2424005,0.9675896,0.0,0.0,0.0,0.0,0.0,0.0,0.0,-1.293768,0.631283,3.674139,1.404374,0.0757494,-3.686956,0.0997861,-0.01581952,-0.01155119,0.9948161,11.43009,358.025,358.4718,0.3601155,0.01706039,-0.9327511,0,0,0,1.427507,-0.1294403,-2.691677,0.05751234,-0.002626225,1.014842,0.9992326,-0.02613975,0.02916983,0.01982545,0.9798186,0.1989031,-0.03378046,-0.1981722,0.9795849,moving,4.184895,-14.06428,3.243554,-0.1482707,2.0441946911068043,-0.518061596023458,13.9478112159567,1.2550729295983545,13.911467409167424
3147,05/15/2023 18:38:43.312811,3330,True,True,True,True,Eyes,1.414721,0.06935371,-3.6761,0.06764209,-0.2404626,0.9682986,0.0,0.0,0.0,0.0,0.0,0.0,0.0,-1.277084,0.6208338,3.681973,1.404076,0.07624722,-3.687283,0.0984357,-0.01802301,-0.0118847,0.9949093,11.27047,357.7676,358.4109,0.3600228,0.01710894,-0.9327859,0,0,0,1.424181,-0.1272189,-2.691914,0.05898914,-0.003674224,1.014431,0.9990679,-0.0271966,0.03352288,0.02010015,0.9803383,0.1962976,-0.0382024,-0.1954407,0.9799712,moving,3.995999,-13.94643,3.328001,-0.2075219,2.0215117958205,-0.5027717613127485,13.755137844029393,1.3394351500699018,13.72261613491881
3148,05/15/2023 18:38:43.333186,3331,True,True,True,True,Eyes,1.414409,0.06957753,-3.676237,0.06442853,-0.2384723,0.9690098,0.0,0.0,0.0,0.0,0.0,0.0,0.0,-1.260081,0.6057829,3.690354,1.403763,0.07644272,-3.687425,0.09629672,-0.0202297,-0.01185834,0.9950765,11.02081,357.5158,358.3948,0.3599313,0.0171585,-0.9328203,0,0,0,1.420764,-0.1249372,-2.692157,0.06031781,-0.006037816,1.013768,0.9989004,-0.02749601,0.0379763,0.01970379,0.9811726,0.192125,-0.04254407,-0.1911654,0.9806355,moving,3.803942,-13.82569,3.405007,-0.3412392,1.9983798579703471,-0.4870941206722536,13.490350718637586,1.4141688635303842,13.461549622761822
3149,05/15/2023 18:38:43.353049,3332,True,True,True,True,Eyes,1.414164,0.06980861,-3.67637,0.06117989,-0.2364226,0.9697224,0.0,0.0,0.0,0.0,0.0,0.0,0.0,-1.24258,0.5939885,3.698529,1.403471,0.07646751,-3.687868,0.09465636,-0.02252284,-0.01207215,0.995182,10.82774,357.2506,358.3494,0.359841,0.01720878,-0.9328543,0,0,0,1.417422,-0.1227055,-2.692395,0.061919,-0.007180057,1.013383,0.998694,-0.02829183,0.0425433,0.0197641,0.9817889,0.1889444,-0.04711413,-0.1878568,0.9810658,moving,3.610013,-13.70166,3.496498,-0.4059473,1.9748625299845937,-0.4709599096870664,13.296197270504313,1.5230236843290814,13.270778219529536
3150,05/15/2023 18:38:43.363295,3333,True,True,True,True,Eyes,1.413917,0.07004049,-3.676507,0.0579074,-0.2342869,0.9704413,0.0,0.0,0.0,0.0,0.0,0.0,0.0,-1.227241,0.583074,3.705449,1.40329,0.07692814,-3.687996,0.093329,-0.02456108,-0.01260344,0.9952527,10.67004,357.0111,358.2698,0.359753,0.01725987,-0.9328873,0,0,0,1.414018,-0.1204322,-2.692637,0.06288916,-0.008112915,1.012811,0.9984758,-0.02967174,0.04653648,0.02050265,0.9822617,0.186391,-0.05124152,-0.1851528,0.9813729,moving,3.414859,-13.5728,3.553145,-0.4589464,1.9508904098869744,-0.4541421020613065,13.114582694848853,1.6022617928468945,13.092244236749918
3151,05/15/2023 18:38:43.383103,3334,True,True,True,True,Eyes,1.413757,0.07025862,-3.676649,0.05467011,-0.2321647,0.9711388,0.0,0.0,0.0,0.0,0.0,0.0,0.0,-1.212846,0.5662406,3.71295,1.40303,0.07714939,-3.688248,0.09120667,-0.02645236,-0.01323175,0.9953927,10.42061,356.7899,358.184,0.3596672,0.01731172,-0.9329194,0,0,0,1.410704,-0.1182193,-2.692873,0.06376544,-0.01045451,1.012336,0.9982505,-0.03116684,0.05024736,0.02151629,0.9830125,0.1822729,-0.05507478,-0.1808729,0.9819633,moving,3.222056,-13.44503,3.604209,-0.5916789,1.9271720880895489,-0.4374604330829943,12.85903088942865,1.6841128642250716,12.839621662906923
3152,05/15/2023 18:38:43.403086,3335,True,True,True,True,Eyes,1.413587,0.07048429,-3.676791,0.05140888,-0.2300144,0.9718285,0.0,0.0,0.0,0.0,0.0,0.0,0.0,-1.198763,0.5568339,3.719194,1.402669,0.07712746,-3.688641,0.09003215,-0.02829331,-0.01378942,0.9954416,10.28026,356.5733,358.1044,0.3595852,0.01736389,-0.93295,0,0,0,1.407257,-0.1159175,-2.693118,0.06446701,-0.01052083,1.011972,0.9980187,-0.03254773,0.05384559,0.02235848,0.9834082,0.1800238,-0.05881163,-0.1784632,0.9821874,moving,3.028074,-13.31585,3.645065,-0.5956464,1.9032611494566296,-0.4205863834011523,12.735158323300656,1.7505789508557739,12.718169472013217
3153,05/15/2023 18:38:43.413336,3336,True,True,True,True,Eyes,1.413522,0.07069767,-3.676932,0.04815146,-0.227862,0.9725021,0.0,0.0,0.0,0.0,0.0,0.0,0.0,-1.1842,0.5454462,3.725592,1.40231,0.07751846,-3.68882,0.08862193,-0.03018531,-0.01427229,0.9955055,10.11274,356.3525,358.0344,0.3595064,0.01741653,-0.9329794,0,0,0,1.403952,-0.1137101,-2.693353,0.06540391,-0.01160318,1.011491,0.9977702,-0.03376646,0.05756966,0.02306613,0.9838849,0.1773089,-0.06262907,-0.1755856,0.9824699,moving,2.834569,-13.1868,3.699644,-0.6572314,1.8793948061875123,-0.4037268522013544,12.559396643857177,1.837817097354796,12.54467674355613
3154,05/15/2023 18:38:43.433143,3337,True,True,True,True,Eyes,1.413447,0.07090581,-3.677071,0.04487071,-0.2257243,0.9731573,0.0,0.0,0.0,0.0,0.0,0.0,0.0,-1.168736,0.5338995,3.732321,1.402002,0.07754135,-3.689117,0.08702092,-0.03217953,-0.01442383,0.9955821,9.924171,356.1241,358.0033,0.3594328,0.01746928,-0.9330068,0,0,0,1.400507,-0.1114097,-2.693599,0.06628233,-0.01262537,1.011044,0.9975129,-0.0343208,0.06156433,0.02311962,0.9844386,0.1742012,-0.06658512,-0.1723446,0.9827838,moving,2.639946,-13.05886,3.750847,-0.7154412,1.8555310029155376,-0.3870366519962762,12.393308222746436,1.9235571933149789,12.380588263228148
3155,05/15/2023 18:38:43.453070,3338,True,True,True,True,Eyes,1.413449,0.07111172,-3.677207,0.04163953,-0.2236643,0.9737763,0.0,0.0,0.0,0.0,0.0,0.0,0.0,-1.153955,0.5276663,3.737843,1.401741,0.07761478,-3.689256,0.08614821,-0.03409767,-0.01456251,0.9955922,9.819443,355.9027,357.9719,0.3593636,0.01752199,-0.9330324,0,0,0,1.39714,-0.1091614,-2.693838,0.0670124,-0.01229195,1.010506,0.9972507,-0.03487155,0.06538571,0.02312172,0.9847328,0.1725301,-0.07040393,-0.1705439,0.9828317,moving,2.448526,-12.93576,3.794055,-0.6969203,1.8322668773468465,-0.371014199144265,12.312580781141584,1.9886747911003382,12.301432680136438
3156,05/15/2023 18:38:43.463291,3339,True,True,True,True,Eyes,1.413442,0.07131813,-3.677344,0.03840597,-0.2215946,0.9743823,0.0,0.0,0.0,0.0,0.0,0.0,0.0,-1.139493,0.5202063,3.743512,1.401532,0.07785511,-3.689524,0.0851225,-0.03597185,-0.01467161,0.9956129,9.697281,355.6873,357.9455,0.3593003,0.01757459,-0.9330558,0,0,0,1.393828,-0.1069493,-2.694074,0.06766552,-0.01244625,1.010148,0.9969815,-0.03533851,0.06913019,0.02309044,0.9850778,0.1705536,-0.07412577,-0.1684426,0.9829204,moving,2.257185,-12.81232,3.832277,-0.7059185,1.8089827772005047,-0.3549421815707119,12.208434465060058,2.053510138302704,12.198673952809596
3157,05/15/2023 18:38:43.483102,3340,True,True,True,True,Eyes,1.413506,0.07151533,-3.677475,0.03526444,-0.2196143,0.9749492,0.0,0.0,0.0,0.0,0.0,0.0,0.0,-1.126625,0.5120171,3.748626,1.401312,0.07805634,-3.689699,0.08398389,-0.03762619,-0.01471323,0.9956479,9.562858,355.4984,357.93,0.3592419,0.01762711,-0.9330773,0,0,0,1.390448,-0.104692,-2.694314,0.06780013,-0.01277453,1.009724,0.9967356,-0.03561838,0.07245348,0.02297838,0.9854605,0.168344,-0.07739624,-0.1661296,0.983062,moving,2.071516,-12.69441,3.841483,-0.7248389,1.7865304794888557,-0.3396155195585222,12.099727910124434,2.090747931816235,12.091145406933279
3158,05/15/2023 18:38:43.503156,3341,True,True,True,True,Eyes,1.413558,0.07171308,-3.677605,0.03213438,-0.2176349,0.9755012,0.0,0.0,0.0,0.0,0.0,0.0,0.0,-1.113839,0.5047408,3.753548,1.401129,0.07812119,-3.689886,0.08300311,-0.03928348,-0.01490826,0.995663,9.445827,355.3074,357.8964,0.3591896,0.01767931,-0.9330965,0,0,0,1.386927,-0.1023411,-2.694565,0.06778011,-0.01254544,1.009297,0.9964691,-0.03620851,0.07575135,0.0231659,0.9857764,0.1664576,-0.08070114,-0.164115,0.9831346,moving,1.886721,-12.57676,3.841973,-0.7121428,1.7641615432308877,-0.3243185936718733,12.024647674091739,2.1136953576367197,12.01700000825072
3159,05/15/2023 18:38:43.513194,3342,True,True,True,True,Eyes,1.413656,0.07191286,-3.67773,0.02906935,-0.2156953,0.976028,0.0,0.0,0.0,0.0,0.0,0.0,0.0,-1.102796,0.4973825,3.757859,1.400908,0.07832336,-3.690036,0.08204099,-0.04070331,-0.01510243,0.995683,9.331374,355.1439,357.8655,0.3591426,0.01773124,-0.9331136,0,0,0,1.383722,-0.1002003,-2.694793,0.06764248,-0.01262208,1.008931,0.9962304,-0.03675316,0.07857709,0.02339578,0.9860824,0.1646031,-0.08353314,-0.1621442,0.9832251,moving,1.705954,-12.46167,3.835583,-0.7167531,1.7422798501009442,-0.3093544597325635,11.936431320354782,2.13257865727599,11.929564504895788
3160,05/15/2023 18:38:43.533404,3343,True,True,True,True,Eyes,1.41374,0.07211443,-3.677853,0.02600852,-0.213721,0.9765485,0.0,0.0,0.0,0.0,0.0,0.0,0.0,-1.090828,0.4869867,3.762749,1.400611,0.07863808,-3.690183,0.08069231,-0.04222749,-0.0153272,0.9957262,9.172098,354.9693,357.8325,0.3591014,0.01778298,-0.9331285,0,0,0,1.380327,-0.09793332,-2.695035,0.06761536,-0.01346777,1.008542,0.9959639,-0.03733826,0.08162039,0.02370853,0.9865077,0.1619894,-0.08656755,-0.1594004,0.9834111,moving,1.525604,-12.34474,3.835524,-0.7650657,1.7202892920213442,-0.2941221852045423,11.807818905305098,2.1670269181451,11.801609969231588
3161,05/15/2023 18:38:43.553165,3344,True,True,True,True,Eyes,1.413828,0.07231682,-3.677974,0.02303172,-0.211799,0.9770418,0.0,0.0,0.0,0.0,0.0,0.0,0.0,-1.07917,0.4766216,3.767527,1.40041,0.07886219,-3.690349,0.07929757,-0.04371469,-0.01542829,0.9957725,9.0082,354.8005,357.8148,0.359065,0.0178346,-0.9331416,0,0,0,1.376942,-0.09567302,-2.695276,0.06740236,-0.01432668,1.008184,0.995702,-0.03765908,0.08461282,0.0237932,0.9869477,0.1592736,-0.08950663,-0.1565758,0.9836019,moving,1.350379,-12.2311,3.824831,-0.8141406,1.6989211569281977,-0.279318051368663,11.682032128082525,2.1921514134279354,11.67630797728119
3162,05/15/2023 18:38:43.563232,3345,True,True,True,True,Eyes,1.413905,0.07251752,-3.678096,0.0200674,-0.2098363,0.9775306,0.0,0.0,0.0,0.0,0.0,0.0,0.0,-1.067565,0.4669134,3.772123,1.400258,0.07909298,-3.69048,0.07798558,-0.04520005,-0.01550273,0.9958087,8.853933,354.6319,357.8003,0.3590332,0.01788611,-0.9331529,0,0,0,1.37347,-0.0933542,-2.695523,0.06703648,-0.0149759,1.007808,0.9954333,-0.03792541,0.08760321,0.02382558,0.9873558,0.1567189,-0.09243923,-0.153916,0.9837505,moving,1.176041,-12.11523,3.805545,-0.8513455,1.67744888891556,-0.2641856076739324,11.56673615655498,2.2076117858828974,11.561359598157594
3163,05/15/2023 18:38:43.583186,3346,True,True,True,True,Eyes,1.413972,0.0727205,-3.678217,0.01717179,-0.2079327,0.9779924,0.0,0.0,0.0,0.0,0.0,0.0,0.0,-1.057205,0.4555912,3.776556,1.400093,0.07924175,-3.690676,0.07652204,-0.04652423,-0.01578631,0.9958568,8.681469,354.4807,357.7644,0.3590051,0.0179375,-0.9331627,0,0,0,1.370088,-0.09109551,-2.695763,0.06649658,-0.01589094,1.007516,0.9951726,-0.03856207,0.090247,0.02432153,0.9877903,0.1538789,-0.09507906,-0.1509411,0.9839597,moving,1.005908,-12.00302,3.776073,-0.9036164,1.6565600086060073,-0.2495425317658526,11.439867761601002,2.218140650588842,11.434722139708061
3164,05/15/2023 18:38:43.603296,3347,True,True,True,True,Eyes,1.414029,0.07291772,-3.678339,0.01428564,-0.2059963,0.9784485,0.0,0.0,0.0,0.0,0.0,0.0,0.0,-1.04853,0.4466292,3.780121,1.399927,0.07950783,-3.690812,0.07544167,-0.04763712,-0.01619434,0.9958801,8.552687,354.3518,357.7141,0.3589803,0.01798884,-0.9331712,0,0,0,1.366631,-0.08878717,-2.696009,0.06546879,-0.01611004,1.007232,0.9949369,-0.03944289,0.09243817,0.02506758,0.9880926,0.1518046,-0.09732512,-0.1487188,0.9840785,moving,0.8364758,-11.88906,3.71892,-0.9163316,1.6355897538392954,-0.234641772308412,11.345010053159063,2.1920232516436062,11.339982660572547
3165,05/15/2023 18:38:43.613042,3348,True,True,True,True,Eyes,1.414047,0.07311423,-3.678465,0.01147923,-0.204117,0.9788792,0.0,0.0,0.0,0.0,0.0,0.0,0.0,-1.03805,0.4365999,3.784325,1.399774,0.0795517,-3.691015,0.07409082,-0.04897115,-0.01633081,0.9959146,8.393847,354.2007,357.6952,0.3589582,0.01803998,-0.9331787,0,0,0,1.362667,-0.08614009,-2.696291,0.0643045,-0.01633295,1.006927,0.9946703,-0.03978481,0.09512221,0.02527154,0.9884877,0.1491757,-0.09996209,-0.1459768,0.9842248,moving,0.6718721,-11.7786,3.654067,-0.9292892,1.6152362099801696,-0.2202019318776504,11.251712369972077,2.158618943710562,11.246724040546228
3166,05/15/2023 18:38:43.632787,3349,True,True,True,True,Eyes,1.414057,0.073311,-3.678593,0.008678806,-0.2022174,0.9793022,0.0,0.0,0.0,0.0,0.0,0.0,0.0,-1.028203,0.4277732,3.78813,1.399589,0.07969666,-3.691196,0.07295573,-0.0502245,-0.0165807,0.9959319,8.259246,354.0573,357.663,0.3589376,0.01809093,-0.9331857,0,0,0,1.3601,-0.08442602,-2.696474,0.06446221,-0.01709271,1.006737,0.9944053,-0.04035482,0.09762103,0.02569814,0.9888051,0.1469834,-0.1024598,-0.1436523,0.9843099,moving,0.5077553,-11.6671,3.663697,-0.9726936,1.5948394379951174,-0.2056083383178766,11.150349602687793,2.206488479588035,11.14508880452827
3167,05/15/2023 18:38:43.652854,3350,True,True,True,True,Eyes,1.414026,0.07350688,-3.678722,0.00592705,-0.200354,0.9797056,0.0,0.0,0.0,0.0,0.0,0.0,0.0,-1.017684,0.4189349,3.792098,1.39941,0.07988358,-3.691404,0.07177754,-0.05155846,-0.01669378,0.9959474,8.120293,353.906,357.6465,0.3589182,0.01814172,-0.9331922,0,0,0,1.356703,-0.08215741,-2.696716,0.06390196,-0.01745854,1.006527,0.9941261,-0.04065373,0.1003026,0.02585076,0.9891386,0.1446947,-0.1050956,-0.1412519,0.9843794,moving,0.3466254,-11.55787,3.632696,-0.9937145,1.574832101407418,-0.1913149485151843,11.063437142966222,2.2087663673086144,11.05789424524936
3168,05/15/2023 18:38:43.663060,3351,True,True,True,True,Eyes,1.413986,0.07370816,-3.678853,0.003165281,-0.1984848,0.9800989,0.0,0.0,0.0,0.0,0.0,0.0,0.0,-1.00623,0.4076667,3.796455,1.39922,0.08001041,-3.691552,0.07028321,-0.05300923,-0.01686455,0.995975,7.944433,353.7419,357.6248,0.3588988,0.01819235,-0.9331986,0,0,0,1.353348,-0.0799171,-2.696955,0.06364039,-0.01843347,1.006236,0.9938112,-0.04104466,0.1032211,0.02614202,0.9895517,0.1417886,-0.1079623,-0.1382127,0.9845007,moving,0.1850391,-11.44843,3.618907,-1.049497,1.5547756161443878,-0.1769953603611722,10.951221680394356,2.2409590538405935,10.945255226686617
3169,05/15/2023 18:38:43.688383,3352,True,True,True,True,Eyes,1.413947,0.07391161,-3.67898,0.0004059792,-0.1966508,0.9804735,0.0,0.0,0.0,0.0,0.0,0.0,0.0,-0.9945514,0.3996509,3.800505,1.398993,0.08033466,-3.691755,0.06929789,-0.05449587,-0.01719302,0.9959581,7.825801,353.5707,357.5818,0.3588794,0.01824297,-0.9332051,0,0,0,1.349995,-0.07767808,-2.697193,0.0635184,-0.01856117,1.006052,0.9934692,-0.04179995,0.1061683,0.02669415,0.9898044,0.1399095,-0.1109341,-0.1361617,0.984456,moving,0.02372414,-11.34117,3.612647,-1.056959,1.5349038833468058,-0.1629867713355539,10.892445234544518,2.2619024745605203,10.88591058254123
3170,05/15/2023 18:38:43.703115,3353,True,True,True,True,Eyes,1.4139,0.07411861,-3.679111,-0.002374578,-0.1947736,0.9808453,0.0,0.0,0.0,0.0,0.0,0.0,0.0,-0.9825214,0.386908,3.804977,1.398726,0.08059406,-3.69188,0.06762426,-0.05600375,-0.01736213,0.9959865,7.629169,353.4008,357.5621,0.3588599,0.01829363,-0.9332116,0,0,0,1.346426,-0.07529441,-2.697447,0.06323424,-0.01989236,1.005752,0.9931242,-0.04215931,0.1092097,0.02701046,0.9902511,0.1366504,-0.1139061,-0.132761,0.9845811,moving,-0.1387099,-11.23153,3.5976,-1.133082,1.5147704908514323,-0.1486458424326557,10.767481770476419,2.3037563483376493,10.760306526423099
3171,05/15/2023 18:38:43.723115,3354,True,True,True,True,Eyes,1.41383,0.07432415,-3.679233,-0.005110407,-0.1928967,0.9812058,0.0,0.0,0.0,0.0,0.0,0.0,0.0,-0.9692577,0.3764315,3.809648,1.398517,0.08086109,-3.692179,0.06617926,-0.05767339,-0.0173187,0.9959891,7.459768,353.2131,357.5647,0.3588402,0.01834443,-0.9332182,0,0,0,1.343163,-0.07311543,-2.69768,0.06350774,-0.02093452,1.005649,0.9927477,-0.04213202,0.1125919,0.02686488,0.9906408,0.1338253,-0.1171765,-0.12983,0.9845881,moving,-0.2984105,-11.12203,3.613487,-1.19255,1.494846868099163,-0.1343011492928618,10.672277878733587,2.368232809189961,10.664255985036723
3172,05/15/2023 18:38:43.743058,3355,True,True,True,True,Eyes,1.413754,0.07452878,-3.67936,-0.007875526,-0.1909921,0.9815599,0.0,0.0,0.0,0.0,0.0,0.0,0.0,-0.9565389,0.3634855,3.813948,1.398348,0.0809927,-3.692066,0.06433409,-0.05926853,-0.01706387,0.9960207,7.246218,353.037,357.5956,0.3588199,0.01839532,-0.933225,0,0,0,1.339724,-0.07081862,-2.697924,0.06333184,-0.02259532,1.005126,0.9923921,-0.04161792,0.1158699,0.02636595,0.9911398,0.1301789,-0.1202611,-0.1261335,0.9846967,moving,-0.4597017,-11.01103,3.605374,-1.287797,1.4746938257538114,-0.1197547353206074,10.538790273035113,2.429839652529181,10.52990002218735
3173,05/15/2023 18:38:43.758757,3356,True,True,True,True,Eyes,1.413648,0.07473878,-3.67949,-0.01065984,-0.1891229,0.9818956,0.0,0.0,0.0,0.0,0.0,0.0,0.0,-0.9428987,0.353709,3.818495,1.398156,0.08116245,-3.692377,0.06306705,-0.06099871,-0.01732592,0.9959928,7.095003,352.8395,357.5623,0.3587988,0.01844626,-0.9332321,0,0,0,1.336209,-0.06847136,-2.698174,0.06349921,-0.02301207,1.00504,0.991958,-0.04220699,0.1193232,0.02681894,0.9914448,0.1277423,-0.1236941,-0.1235149,0.9846034,moving,-0.6220007,-10.90223,3.615188,-1.311654,1.4546338437432418,-0.1055333745027971,10.484889894089669,2.4744133093256906,10.474961824384737
3174,05/15/2023 18:38:43.762936,3357,True,True,True,True,Eyes,1.413532,0.07493988,-3.679619,-0.013473,-0.187219,0.9822258,0.0,0.0,0.0,0.0,0.0,0.0,0.0,-0.928694,0.343535,3.82297,1.397851,0.0814724,-3.692555,0.06174782,-0.06278406,-0.01752686,0.9959611,6.938046,352.6365,357.5367,0.3587763,0.0184974,-0.9332398,0,0,0,1.333015,-0.06633843,-2.698402,0.06419951,-0.02388778,1.004838,0.991502,-0.04266568,0.1228964,0.02715856,0.99176,0.1251977,-0.1272255,-0.120796,0.9844907,moving,-0.7858657,-10.79152,3.655682,-1.361822,1.4343152060998057,-0.0910511412049706,10.423365595745901,2.5591656860400978,10.412182483156528
3175,05/15/2023 18:38:43.783000,3358,True,True,True,True,Eyes,1.413396,0.07513831,-3.679754,-0.01635141,-0.1854546,0.9825168,0.0,0.0,0.0,0.0,0.0,0.0,0.0,-0.9147,0.3334834,3.827274,1.39755,0.08144474,-3.692714,0.06039763,-0.06454089,-0.01771026,0.9959283,6.77769,352.437,357.514,0.3587524,0.01854848,-0.9332479,0,0,0,1.328718,-0.06346877,-2.698708,0.06368658,-0.02380253,1.004571,0.9910417,-0.04307253,0.1264168,0.02748006,0.9920769,0.1225895,-0.1306955,-0.1180173,0.9843732,moving,-0.9534498,-10.68908,3.627513,-1.357324,1.4143514411845224,-0.0777902065130931,10.395522604396561,2.5564214860021712,10.383266371906814
3176,05/15/2023 18:38:43.802822,3359,True,True,True,True,Eyes,1.413253,0.0753319,-3.679887,-0.01927906,-0.1836569,0.9828013,0.0,0.0,0.0,0.0,0.0,0.0,0.0,-0.8985052,0.3327073,3.83137,1.397219,0.08158302,-3.693038,0.06026882,-0.06659605,-0.0178317,0.9957986,6.756851,352.1995,357.487,0.3587267,0.01859945,-0.9332568,0,0,0,1.326244,-0.06181725,-2.698884,0.06566456,-0.02252792,1.004552,0.990494,-0.04354088,0.1304831,0.02748621,0.9920993,0.1224062,-0.134782,-0.1176561,0.9838653,moving,-1.123795,-10.58483,3.739934,-1.284691,1.3940495065075251,-0.0642932187333455,10.49516294322113,2.644342035616614,10.481236162848596
3177,05/15/2023 18:38:43.812998,3360,True,True,True,True,Eyes,1.413081,0.07552423,-3.680026,-0.02219217,-0.1819505,0.9830572,0.0,0.0,0.0,0.0,0.0,0.0,0.0,-0.8820732,0.3235542,3.836019,1.396966,0.0816412,-3.693184,0.05899268,-0.06866789,-0.01785854,0.9957338,6.60532,351.9646,357.4806,0.3586992,0.01865019,-0.9332664,0,0,0,1.322818,-0.05952905,-2.699127,0.06660739,-0.02291334,1.004297,0.9899316,-0.04366651,0.1346429,0.02746289,0.9924018,0.1199346,-0.1388571,-0.1150294,0.9836092,moving,-1.293212,-10.486,3.794435,-1.306993,1.37422538816418,-0.051567232767772,10.49468062890234,2.7264461157802327,10.47918702922884
3178,05/15/2023 18:38:43.833336,3361,True,True,True,True,Eyes,1.412902,0.07572027,-3.680165,-0.02516103,-0.1802213,0.9833042,0.0,0.0,0.0,0.0,0.0,0.0,0.0,-0.8651786,0.3190257,3.840387,1.396672,0.08178425,-3.693441,0.05838913,-0.07080685,-0.01805618,0.9956161,6.529184,351.7186,357.4489,0.3586695,0.01870071,-0.9332768,0,0,0,1.319617,-0.05739163,-2.699355,0.06798604,-0.02214789,1.004191,0.9893208,-0.04422273,0.1388843,0.02768533,0.9925293,0.1188233,-0.1431015,-0.1137093,0.9831542,moving,-1.465779,-10.38597,3.873146,-1.26348,1.3540809269166936,-0.0386962787563516,10.56995477548154,2.8010326678301425,10.55277457254476
3179,05/15/2023 18:38:43.853113,3362,True,True,True,True,Eyes,1.412688,0.07592232,-3.680308,-0.02809732,-0.1785234,0.9835345,0.0,0.0,0.0,0.0,0.0,0.0,0.0,-0.8480018,0.3107361,3.844965,1.396392,0.08205128,-3.693614,0.05727745,-0.07296968,-0.01816143,0.9955226,6.395535,351.4722,357.4324,0.3586376,0.01875111,-0.933288,0,0,0,1.316018,-0.05498787,-2.699611,0.06898233,-0.02229109,1.004003,0.9886912,-0.04451926,0.1432054,0.02780119,0.9927788,0.1166924,-0.1473664,-0.1113915,0.9827894,moving,-1.636364,-10.28787,3.930461,-1.271884,1.33422694711386,-0.0260854365441964,10.596109858472635,2.879660625503314,10.577238979970343
3180,05/15/2023 18:38:43.863359,3363,True,True,True,True,Eyes,1.412468,0.07611865,-3.680446,-0.03107686,-0.1767772,0.9837602,0.0,0.0,0.0,0.0,0.0,0.0,0.0,-0.8311366,0.3014228,3.849504,1.396119,0.08236313,-3.693832,0.0560964,-0.07509172,-0.01846361,0.9954264,6.252298,351.2296,357.3948,0.3586029,0.01880156,-0.9333004,0,0,0,1.31275,-0.05280541,-2.699844,0.07027465,-0.02282289,1.003879,0.9880407,-0.04518306,0.147425,0.02833356,0.9930246,0.1144526,-0.1515681,-0.1089067,0.9824288,moving,-1.809365,-10.18707,4.004349,-1.302378,1.313992588940792,-0.0131075895698371,10.617769182302846,2.9833262995753826,10.597055242875609
3181,05/15/2023 18:38:43.882952,3364,True,True,True,True,Eyes,1.412217,0.07631918,-3.680591,-0.03403066,-0.1750664,0.9839684,0.0,0.0,0.0,0.0,0.0,0.0,0.0,-0.8150091,0.2907676,3.853718,1.395823,0.08240128,-3.69389,0.0546662,-0.07710946,-0.01862,0.9953488,6.082034,351.001,357.3775,0.3585655,0.01885192,-0.9333137,0,0,0,1.309447,-0.05059968,-2.700079,0.07129073,-0.02358356,1.003579,0.9874148,-0.04549734,0.1514659,0.02863621,0.9933298,0.1116954,-0.1555375,-0.1059523,0.9821314,moving,-1.980792,-10.08843,4.063266,-1.346172,1.2940363891703712,-0.0004264821443544,10.628156568564844,3.0789062402619822,10.605610842294121
3182,05/15/2023 18:38:43.903080,3365,True,True,True,True,Eyes,1.411964,0.0765218,-3.680734,-0.03703745,-0.1733323,0.9841667,0.0,0.0,0.0,0.0,0.0,0.0,0.0,-0.7978815,0.2823799,3.858076,1.395508,0.08266735,-3.694162,0.05357461,-0.07925317,-0.01882897,0.9952358,5.949637,350.7563,357.3509,0.3585251,0.01890231,-0.9333282,0,0,0,1.305922,-0.04824584,-2.70033,0.07239553,-0.02371866,1.003524,0.9867289,-0.04597045,0.1557337,0.0289866,0.9935504,0.1096232,-0.1597687,-0.1036542,0.9816974,moving,-2.155213,-9.988547,4.126245,-1.353955,1.273767959367067,0.0124071378532273,10.677682033673227,3.1628421963634,10.653299887903378
3183,05/15/2023 18:38:43.912828,3366,True,True,True,True,Eyes,1.411684,0.07673035,-3.68088,-0.04004006,-0.1716015,0.9843525,0.0,0.0,0.0,0.0,0.0,0.0,0.0,-0.7807744,0.273991,3.862227,1.395262,0.08290577,-3.6943,0.05245743,-0.08140099,-0.01895202,0.9951196,5.815037,350.5118,357.3349,0.3584819,0.01895278,-0.9333437,0,0,0,1.302683,-0.04608297,-2.700561,0.07369971,-0.02407284,1.003353,0.9860294,-0.04625921,0.1600191,0.02917886,0.9937781,0.1074882,-0.1639958,-0.1013174,0.9812442,moving,-2.329311,-9.888954,4.201028,-1.3744,1.2535450122743923,0.0252018938125659,10.730468641855163,3.2629038331056583,10.704168541254225
3184,05/15/2023 18:38:43.933156,3367,True,True,True,True,Eyes,1.411403,0.07693803,-3.681023,-0.04308651,-0.1698241,0.9845321,0.0,0.0,0.0,0.0,0.0,0.0,0.0,-0.7648073,0.2657789,3.866048,1.394975,0.08321762,-3.694458,0.05137226,-0.08339383,-0.01905044,0.9950093,5.68472,350.2853,357.3228,0.3584356,0.01900346,-0.9333605,0,0,0,1.299279,-0.04381002,-2.700803,0.07456687,-0.02433383,1.003241,0.9853652,-0.04647898,0.163998,0.02934246,0.993996,0.1054091,-0.1679127,-0.09905436,0.9808128,moving,-2.505861,-9.786767,4.25075,-1.389449,1.2329470856513915,0.0383481026298133,10.778067628218194,3.338523475449745,10.749941385042018
3185,05/15/2023 18:38:43.953153,3368,True,True,True,True,Eyes,1.411103,0.07713921,-3.681175,-0.04609357,-0.1680792,0.9846953,0.0,0.0,0.0,0.0,0.0,0.0,0.0,-0.7480165,0.2557693,3.870023,1.394693,0.08337498,-3.694579,0.0499423,-0.08548136,-0.01884365,0.9949089,5.517773,350.0508,357.3492,0.3583864,0.01905433,-0.9333784,0,0,0,1.295854,-0.04152264,-2.701046,0.07554811,-0.02511413,1.003062,0.9846758,-0.0460337,0.1682102,0.02895714,0.9943014,0.1025976,-0.1719746,-0.09615451,0.9803975,moving,-2.680058,-9.686553,4.30724,-1.434241,1.2126699279437472,0.0512312608476088,10.81309329868877,3.432636270945984,10.783072696993063
3186,05/15/2023 18:38:43.963144,3369,True,True,True,True,Eyes,1.410806,0.07734736,-3.681317,-0.04912937,-0.16635,0.9848421,0.0,0.0,0.0,0.0,0.0,0.0,0.0,-0.7307918,0.2461435,3.874165,1.394435,0.08339214,-3.694915,0.04867573,-0.08763126,-0.01911128,0.9947796,5.364631,349.8059,357.3199,0.3583342,0.01910519,-0.9333974,0,0,0,1.292595,-0.03934605,-2.701278,0.07690305,-0.02551432,1.003088,0.9839111,-0.04655406,0.1724871,0.02949198,0.9945309,0.1001927,-0.1762081,-0.09349374,0.9799029,moving,-2.855863,-9.587355,4.384079,-1.457049,1.1923524920697357,0.0639543180131518,10.886626466311775,3.5356144013214643,10.854669072899176
3187,05/15/2023 18:38:43.992864,3370,True,True,True,True,Eyes,1.41048,0.07755222,-3.681466,-0.05208767,-0.1645956,0.9849849,0.0,0.0,0.0,0.0,0.0,0.0,0.0,-0.7161893,0.2405201,3.877151,1.394248,0.08376598,-3.69488,0.0480465,-0.08947231,-0.01955173,0.9946376,5.283224,349.5935,357.2663,0.3582794,0.01915623,-0.9334174,0,0,0,1.289154,-0.03704833,-2.701523,0.07734323,-0.02492928,1.002893,0.9832249,-0.04749143,0.1761062,0.03029612,0.9946185,0.09907639,-0.1798638,-0.09207904,0.9793725,moving,-3.027079,-9.486741,4.409928,-1.423929,1.1722622759337886,0.0769210279105696,10.968956671689108,3.568617399928485,10.935475717054773
3188,05/15/2023 18:38:44.003226,3371,True,True,True,True,Eyes,1.410154,0.07775209,-3.681615,-0.05507914,-0.162842,0.9851136,0.0,0.0,0.0,0.0,0.0,0.0,0.0,-0.7013525,0.2262875,3.880804,1.393914,0.08384323,-3.695094,0.04617513,-0.09129004,-0.01974729,0.9945572,5.062487,349.3897,357.2546,0.3582216,0.01920735,-0.9334385,0,0,0,1.285743,-0.03477019,-2.701766,0.07793909,-0.02653511,1.002842,0.9825523,-0.04771028,0.1797627,0.03084895,0.9949558,0.09545307,-0.1834101,-0.08824214,0.979068,moving,-3.200159,-9.386271,4.443994,-1.515688,1.1520471355446746,0.0898507476427874,10.971743336739973,3.662604104811168,10.936407932283105
3189,05/15/2023 18:38:44.032976,3372,True,True,True,True,Eyes,1.409801,0.07795587,-3.681768,-0.05799425,-0.1611294,0.9852279,0.0,0.0,0.0,0.0,0.0,0.0,0.0,-0.6859828,0.2203573,3.883976,1.393621,0.08390713,-3.695292,0.04534054,-0.0931994,-0.01975466,0.9944183,4.961866,349.1725,357.2534,0.3581611,0.01925842,-0.9334607,0,0,0,1.282494,-0.03260059,-2.701997,0.07878891,-0.02613655,1.002829,0.9818473,-0.04774023,0.183567,0.03083738,0.995108,0.09385718,-0.1871498,-0.08649268,0.9785162,moving,-3.36876,-9.288229,4.492308,-1.492952,1.1323421111385406,0.1024705916784363,11.070805463350577,3.7195085724260024,11.033923930467646
3190,05/15/2023 18:38:44.053012,3373,True,True,True,True,Eyes,1.409423,0.07815966,-3.681923,-0.06081293,-0.1594402,0.9853327,0.0,0.0,0.0,0.0,0.0,0.0,0.0,-0.6702517,0.2138424,3.887135,1.393375,0.0841608,-3.695431,0.04449266,-0.09516023,-0.01990304,0.9942681,4.858044,348.9486,357.2362,0.3580974,0.01930953,-0.933484,0,0,0,1.279144,-0.0303639,-2.702236,0.0796147,-0.02589922,1.002791,0.9810969,-0.04804576,0.1874585,0.03111003,0.9952486,0.09226322,-0.1910007,-0.08468731,0.9779298,moving,-3.531711,-9.191566,4.539369,-1.479457,1.113153141053759,0.1149415855823556,11.16328614675271,3.7790292353727226,11.124939587525976
3191,05/15/2023 18:38:44.073131,3374,True,True,True,True,Eyes,1.409047,0.07835988,-3.682078,-0.06366123,-0.1577337,0.9854275,0.0,0.0,0.0,0.0,0.0,0.0,0.0,-0.6558711,0.2065658,3.890073,1.393161,0.08438301,-3.695604,0.04353892,-0.09694739,-0.02002385,0.9941352,4.742893,348.7454,357.2246,0.3580304,0.0193607,-0.9335086,0,0,0,1.275742,-0.02809162,-2.702478,0.08001184,-0.02581313,1.00283,0.9804006,-0.04825479,0.191014,0.03137085,0.9954068,0.09044965,-0.1945013,-0.08268461,0.9774111,moving,-3.696323,-9.093978,4.561742,-1.474484,1.0937731372523367,0.1275310299911449,11.236206048318135,3.820112588563961,11.196490290957891
3192,05/15/2023 18:38:44.092842,3375,True,True,True,True,Eyes,1.408648,0.07856121,-3.68224,-0.06645709,-0.1560638,0.9855088,0.0,0.0,0.0,0.0,0.0,0.0,0.0,-0.6421317,0.1989953,3.892761,1.392879,0.08442497,-3.695713,0.04251408,-0.09864333,-0.02009472,0.9940112,4.62044,348.5532,357.2204,0.3579605,0.01941182,-0.9335344,0,0,0,1.269373,-0.02383844,-2.702931,0.07722414,-0.02383821,1.003024,0.9797314,-0.04833622,0.1943965,0.0315613,0.9955775,0.08848336,-0.1978138,-0.08055452,0.9769241,moving,-3.85786,-8.998553,4.402591,-1.361455,1.0747808906436316,0.1398364216239844,11.249902958915023,3.650780198337913,11.209759894405199
3193,05/15/2023 18:38:44.112808,3376,True,True,True,True,Eyes,1.408254,0.07876276,-3.682402,-0.0692811,-0.1543791,0.9855797,0.0,0.0,0.0,0.0,0.0,0.0,0.0,-0.6283735,0.1921661,3.89548,1.392579,0.08460999,-3.69596,0.04162547,-0.100337,-0.02024601,0.9938762,4.512598,348.3603,357.2058,0.3578873,0.01946292,-0.9335614,0,0,0,1.266851,-0.02215415,-2.703111,0.0784409,-0.02413293,1.003105,0.9790452,-0.0485972,0.1977596,0.0318909,0.9957148,0.08680398,-0.2011306,-0.07867829,0.9763997,moving,-4.02098,-8.902354,4.471323,-1.378169,1.055614721445162,0.1522392395051657,11.346037641310469,3.7428882462255473,11.304398939112254
3194,05/15/2023 18:38:44.123052,3377,True,True,True,True,Eyes,1.407829,0.07897006,-3.682569,-0.07202011,-0.1527195,0.9856418,0.0,0.0,0.0,0.0,0.0,0.0,0.0,-0.6141461,0.1847319,3.898187,1.392356,0.08479881,-3.696122,0.04063953,-0.1020982,-0.02032733,0.993736,4.39426,348.1604,357.2004,0.3578113,0.01951402,-0.9335895,0,0,0,1.261337,-0.01847229,-2.703503,0.07663098,-0.02275707,1.003361,0.9783255,-0.04869844,0.2012652,0.03210153,0.9958705,0.08492069,-0.2045696,-0.07661915,0.9758487,moving,-4.179132,-8.807611,4.367445,-1.299294,1.0369207393193158,0.1644761783118566,11.376238507934772,3.6379960123531943,11.333984910679611
3195,05/15/2023 18:38:44.133169,3378,True,True,True,True,Eyes,1.407409,0.07917681,-3.682734,-0.07477763,-0.1510123,0.9856995,0.0,0.0,0.0,0.0,0.0,0.0,0.0,-0.6012955,0.1772808,3.900558,1.392093,0.08509159,-3.696238,0.0396944,-0.1036794,-0.02049542,0.9936069,4.280042,347.9807,357.1858,0.357732,0.01956526,-0.9336187,0,0,0,1.258483,-0.01656612,-2.703706,0.07723144,-0.02308411,1.003397,0.9776611,-0.04895977,0.2044061,0.0324978,0.9960086,0.08313118,-0.2076604,-0.07463136,0.9753498,moving,-4.338291,-8.710174,4.401374,-1.317911,1.0179495009864037,0.1770915733741884,11.446715536493164,3.6989990585185137,11.403223620684779
3196,05/15/2023 18:38:44.142989,3379,True,True,True,True,Eyes,1.406994,0.07938132,-3.6829,-0.07755659,-0.1492867,0.9857476,0.0,0.0,0.0,0.0,0.0,0.0,0.0,-0.5881471,0.1664102,3.903106,1.391812,0.08526325,-3.696408,0.03830205,-0.1052848,-0.02072903,0.993488,4.113953,347.7997,357.1696,0.35765,0.01961662,-0.9336491,0,0,0,1.254976,-0.01422441,-2.703956,0.07725921,-0.0237804,1.003518,0.9769709,-0.04925333,0.2076104,0.03312283,0.9962065,0.08047015,-0.2107864,-0.07174034,0.9748962,moving,-4.498647,-8.611727,4.402424,-1.357486,0.998814605979186,0.1898416926527149,11.482729528867342,3.7388206557037083,11.438089938728432
3197,05/15/2023 18:38:44.152950,3380,True,True,True,True,Eyes,1.40657,0.07958722,-3.683068,-0.08030344,-0.1475621,0.9857874,0.0,0.0,0.0,0.0,0.0,0.0,0.0,-0.5746542,0.1584153,3.905553,1.391557,0.08539486,-3.696613,0.03725028,-0.106942,-0.0208496,0.9933485,3.98789,347.6118,357.1622,0.3575655,0.01966802,-0.9336803,0,0,0,1.252195,-0.01236721,-2.704154,0.07809299,-0.02419521,1.003628,0.9762574,-0.04938907,0.2109081,0.03345459,0.9963554,0.07846442,-0.2140147,-0.06954563,0.9743516,moving,-4.657101,-8.513372,4.44926,-1.381005,0.9798252644614625,0.2025952096842853,11.567042391424438,3.813760219032323,11.521248454621706
3198,05/15/2023 18:38:44.163205,3381,True,True,True,True,Eyes,1.406157,0.07979778,-3.683232,-0.0830597,-0.1458001,0.9858211,0.0,0.0,0.0,0.0,0.0,0.0,0.0,-0.5610286,0.1499171,3.907912,1.391306,0.08560371,-3.696749,0.0361555,-0.1086157,-0.0210161,0.9932038,3.856293,347.422,357.1505,0.3574787,0.0197195,-0.9337124,0,0,0,1.250104,-0.01097054,-2.704302,0.07966262,-0.02521377,1.003609,0.9755219,-0.04960065,0.2142353,0.03389242,0.9965022,0.07638492,-0.2172747,-0.0672542,0.9737908,moving,-4.816043,-8.412895,4.538402,-1.439144,0.9606397727506256,0.2156494949597254,11.667855169997011,3.9419188304293407,11.620793377278778
3199,05/15/2023 18:38:44.193019,3382,True,True,True,True,Eyes,1.405718,0.08000118,-3.683401,-0.08568737,-0.1440367,0.9858555,0.0,0.0,0.0,0.0,0.0,0.0,0.0,-0.5488443,0.1396517,3.910077,1.391162,0.08590412,-3.696854,0.03485739,-0.1101141,-0.02121773,0.993081,3.701572,347.2531,357.1385,0.3573899,0.01977116,-0.9337453,0,0,0,1.248168,-0.009678052,-2.70444,0.08094183,-0.02684755,1.003591,0.9748495,-0.04981842,0.2172252,0.03446526,0.9966695,0.07390517,-0.2201837,-0.06455968,0.9733198,moving,-4.96748,-8.312287,4.611052,-1.532382,0.9419912258021842,0.2287882012990441,11.735219941869389,4.069855948642505,11.68699034570777
3200,05/15/2023 18:38:44.203253,3383,True,True,True,True,Eyes,1.405285,0.08020435,-3.683565,-0.08832508,-0.1422678,0.9858796,0.0,0.0,0.0,0.0,0.0,0.0,0.0,-0.5372749,0.1314121,3.911985,1.390922,0.08588123,-3.696962,0.03376116,-0.1115275,-0.0213279,0.9929588,3.571242,347.0937,357.135,0.3572989,0.01982282,-0.933779,0,0,0,1.24512,-0.007642247,-2.704657,0.08097473,-0.02704976,1.003685,0.9742135,-0.04988603,0.2200443,0.03482484,0.9968106,0.07180417,-0.2229246,-0.06228957,0.9728436,moving,-5.119469,-8.211407,4.612485,-1.543773,0.923281872075163,0.2419611828640286,11.796960278651108,4.098666403958666,11.748022749118412
3201,05/15/2023 18:38:44.228414,3384,True,True,True,True,Eyes,1.404847,0.08041906,-3.683731,-0.09092306,-0.1404874,0.9858988,0.0,0.0,0.0,0.0,0.0,0.0,0.0,-0.5255269,0.1239354,3.913814,1.390644,0.08606815,-3.69705,0.03285347,-0.1129603,-0.02168314,0.9928196,3.459125,346.9304,357.1013,0.3572059,0.01987445,-0.9338135,0,0,0,1.242007,-0.00556388,-2.704879,0.08105096,-0.02705874,1.003789,0.9735397,-0.05047715,0.2228737,0.0356326,0.996901,0.07013379,-0.2257232,-0.06033645,0.9723213,moving,-5.269114,-8.109864,4.616335,-1.544126,0.904693140652043,0.2552499547437978,11.867224503490487,4.124807767469185,11.817693321325521
3202,05/15/2023 18:38:44.243007,3385,True,True,True,True,Eyes,1.404415,0.08062702,-3.683892,-0.09352849,-0.1386098,0.9859208,0.0,0.0,0.0,0.0,0.0,0.0,0.0,-0.5135911,0.1143616,3.915749,1.390409,0.08653259,-3.697191,0.03172062,-0.1144123,-0.02209258,0.9926811,3.32052,346.7656,357.0648,0.3571112,0.01992637,-0.9338486,0,0,0,1.238478,-0.003207139,-2.70513,0.08073992,-0.0275408,1.004013,0.9728435,-0.05112023,0.2257482,0.0366033,0.9970114,0.06803224,-0.2285514,-0.05792159,0.9718072,moving,-5.419096,-8.002714,4.597673,-1.571271,0.8856555191874489,0.2693417761056571,11.903743959847674,4.143299309659072,11.853707138680969
3203,05/15/2023 18:38:44.252992,3386,True,True,True,True,Eyes,1.403963,0.08083544,-3.68406,-0.09610485,-0.1367384,0.9859344,0.0,0.0,0.0,0.0,0.0,0.0,0.0,-0.5017936,0.09850003,3.917683,1.390146,0.08654118,-3.697261,0.0296374,-0.1158281,-0.02220911,0.9925786,3.077692,346.6095,357.075,0.3570149,0.01997837,-0.9338843,0,0,0,1.235108,-0.0009568123,-2.705369,0.08050197,-0.0295679,1.004086,0.9721813,-0.05095426,0.2286204,0.03722289,0.9972568,0.06397977,-0.2312533,-0.05369003,0.971411,moving,-5.567369,-7.895937,4.58385,-1.686735,0.8667706539918563,0.2833949153224102,11.89964019047488,4.206909881108534,11.84891591424754
3204,05/15/2023 18:38:44.273122,3387,True,True,True,True,Eyes,1.40352,0.08105272,-3.684222,-0.09869672,-0.134816,0.985943,0.0,0.0,0.0,0.0,0.0,0.0,0.0,-0.489171,0.09058119,3.91956,1.389898,0.08671284,-3.697447,0.0286095,-0.1173676,-0.02233384,0.9924253,2.954508,346.4351,357.0702,0.3569168,0.02003046,-0.9339207,0,0,0,1.231099,0.001720907,-2.705655,0.07985085,-0.02922167,1.004421,0.9714522,-0.05104498,0.2316792,0.03761366,0.9973654,0.06202812,-0.2342351,-0.05154304,0.9708126,moving,-5.716486,-7.786228,4.545417,-1.666438,0.8476023980448602,0.2978621473459892,11.948158135273781,4.187159884611062,11.897262458254946
3205,05/15/2023 18:38:44.283225,3388,True,True,True,True,Eyes,1.403076,0.08126329,-3.684381,-0.101361,-0.1328616,0.985938,0.0,0.0,0.0,0.0,0.0,0.0,0.0,-0.4767363,0.07876109,3.921303,1.38969,0.08711433,-3.697469,0.02705682,-0.1188812,-0.02225807,0.9922903,2.774447,346.2662,357.0959,0.3568173,0.02008284,-0.9339576,0,0,0,1.228387,0.003532077,-2.705848,0.08040476,-0.03096906,1.004436,0.9707438,-0.05060602,0.2347248,0.03773982,0.997545,0.05898857,-0.2371337,-0.04840431,0.9702704,moving,-5.869765,-7.674749,4.576749,-1.766001,0.8279969216379655,0.3125474393488572,12.001789769850996,4.286432754604141,11.950305093166437
3206,05/15/2023 18:38:44.303121,3389,True,True,True,True,Eyes,1.402638,0.08147819,-3.684535,-0.1040458,-0.1309412,0.9859153,0.0,0.0,0.0,0.0,0.0,0.0,0.0,-0.4638934,0.0651972,3.923088,1.389475,0.08712578,-3.697545,0.02522223,-0.1204404,-0.02216578,0.9921526,2.562507,346.0929,357.1277,0.3567165,0.02013533,-0.9339949,0,0,0,1.224759,0.005954424,-2.706106,0.0801239,-0.03231793,1.004591,0.9700056,-0.05005922,0.2378724,0.03790811,0.997745,0.05538791,-0.2401087,-0.04470929,0.969716,moving,-6.024252,-7.56528,4.560127,-1.842583,0.8084555387276482,0.326933240654351,12.032387118500218,4.3338019649942945,11.980499538362709
3207,05/15/2023 18:38:44.313074,3390,True,True,True,True,Eyes,1.402193,0.08169383,-3.684693,-0.1067707,-0.1290219,0.9858769,0.0,0.0,0.0,0.0,0.0,0.0,0.0,-0.4507704,0.06152309,3.924606,1.389213,0.08743095,-3.697561,0.02470038,-0.1220567,-0.02201753,0.9919714,2.500572,345.9084,357.1479,0.3566148,0.02018803,-0.9340326,0,0,0,1.221716,0.007986704,-2.706323,0.08056012,-0.03167355,1.004702,0.9692348,-0.04971121,0.2410658,0.03765182,0.9978102,0.0543789,-0.2432412,-0.04362935,0.9689841,moving,-6.181058,-7.455935,4.584344,-1.805669,0.7887545639813416,0.3412809502726861,12.158099608588506,4.360721643924584,12.106112839100605
3208,05/15/2023 18:38:44.332939,3391,True,True,True,True,Eyes,1.401753,0.08190615,-3.684846,-0.1095099,-0.1271394,0.9858211,0.0,0.0,0.0,0.0,0.0,0.0,0.0,-0.436018,0.04761726,3.926572,1.389043,0.08761597,-3.697733,0.02289848,-0.1238555,-0.02217003,0.9917883,2.288379,345.7065,357.1519,0.356512,0.02024092,-0.9340707,0,0,0,1.218412,0.01019308,-2.706558,0.08111817,-0.03333899,1.004911,0.9683366,-0.04964816,0.2446616,0.03830374,0.9979683,0.05091265,-0.2466923,-0.03992913,0.9682709,moving,-6.33871,-7.34876,4.61501,-1.900152,0.7691561688952377,0.3553093332288148,12.234022681688309,4.458441153128914,12.181603147372176
3209,05/15/2023 18:38:44.353222,3392,True,True,True,True,Eyes,1.401306,0.08211982,-3.685,-0.1122507,-0.1253068,0.9857475,0.0,0.0,0.0,0.0,0.0,0.0,0.0,-0.4235458,0.04351602,3.927918,1.388766,0.08774567,-3.697765,0.02246289,-0.1253793,-0.02269803,0.991595,2.226871,345.5308,357.0947,0.3564084,0.02029392,-0.934109,0,0,0,1.214919,0.01252601,-2.706806,0.081,-0.03212789,1.005129,0.9675297,-0.05064726,0.2476311,0.03938174,0.9979604,0.0502399,-0.2496707,-0.03885645,0.9675509,moving,-6.496498,-7.2445,4.607318,-1.830776,0.7497684694057105,0.3689175023653088,12.353264237035974,4.440646336439819,12.300957876731884
3210,05/15/2023 18:38:44.363269,3393,True,True,True,True,Eyes,1.400865,0.08231475,-3.685153,-0.1150086,-0.1235321,0.9856535,0.0,0.0,0.0,0.0,0.0,0.0,0.0,-0.4097356,0.03491119,3.929508,1.388505,0.08795929,-3.697898,0.0214131,-0.127058,-0.02308515,0.9913954,2.097001,345.3397,357.0624,0.3563039,0.02034704,-0.9341477,0,0,0,1.211673,0.01469323,-2.707037,0.08146614,-0.03237049,1.005364,0.9666467,-0.05121442,0.2509408,0.04033159,0.9980171,0.048324,-0.2529181,-0.03659139,0.9667956,moving,-6.655324,-7.143639,4.632641,-1.84416,0.7305623692641525,0.3820280006338235,12.470069426938489,4.4924526324282334,12.417615873700916
3211,05/15/2023 18:38:44.382995,3394,True,True,True,True,Eyes,1.400437,0.08249827,-3.685302,-0.1177786,-0.1219125,0.9855281,0.0,0.0,0.0,0.0,0.0,0.0,0.0,-0.3968253,0.03414925,3.930838,1.388232,0.08770561,-3.698007,0.02127295,-0.1286467,-0.02325209,0.9911898,2.073898,345.1563,357.0421,0.3561987,0.0203998,-0.9341866,0,0,0,1.208102,0.01707821,-2.707292,0.08134881,-0.03009851,1.005697,0.9658188,-0.05156785,0.2540372,0.04062108,0.9980136,0.04815366,-0.2560158,-0.03618844,0.9659951,moving,-6.81499,-7.05182,4.62447,-1.714236,0.7119793546059026,0.3938313888334046,12.623432498677053,4.444269474971023,12.571172788549678
3212,05/15/2023 18:38:44.392846,3395,True,True,True,True,Eyes,1.400016,0.08267738,-3.68545,-0.1205553,-0.12035,0.9853843,0.0,0.0,0.0,0.0,0.0,0.0,0.0,-0.3844435,0.03445442,3.932082,1.388026,0.08763409,-3.698102,0.02126386,-0.1301805,-0.02327778,0.9909891,2.067902,344.979,357.0361,0.3560933,0.02045194,-0.9342257,0,0,0,1.204743,0.0193211,-2.70753,0.08126053,-0.02786795,1.006037,0.9650224,-0.05167234,0.2570248,0.04059977,0.998012,0.04820513,-0.2590048,-0.03608387,0.9652017,moving,-6.975101,-6.963335,4.617919,-1.586728,0.6936162296295477,0.4051516323153725,12.779124209148645,4.400879082998081,12.727020675020768
3213,05/15/2023 18:38:44.413379,3396,True,True,True,True,Eyes,1.399584,0.08285177,-3.6856,-0.1232932,-0.118912,0.9852201,0.0,0.0,0.0,0.0,0.0,0.0,0.0,-0.3724281,0.0341666,3.933287,1.387784,0.08770752,-3.698241,0.02121272,-0.1316585,-0.02336865,0.9907928,2.056297,344.8081,357.0235,0.3559879,0.02050341,-0.9342647,0,0,0,1.201512,0.0214791,-2.707761,0.0812532,-0.02595211,1.006408,0.96424,-0.05189263,0.2599011,0.04072129,0.9980078,0.04818817,-0.2618841,-0.03588144,0.9644321,moving,-7.133072,-6.882075,4.615813,-1.477152,0.6759558211756191,0.4154519994995234,12.932497491944625,4.37086084066464,12.880441646143783
3214,05/15/2023 18:38:44.432993,3397,True,True,True,True,Eyes,1.399162,0.08302891,-3.685746,-0.1260428,-0.1175085,0.9850405,0.0,0.0,0.0,0.0,0.0,0.0,0.0,-0.3607682,0.03528006,3.934377,1.387576,0.0877533,-3.698331,0.02133484,-0.1331011,-0.02343157,0.9905958,2.064863,344.6407,357.0115,0.3558821,0.02055417,-0.9343039,0,0,0,1.198192,0.02369566,-2.707997,0.08103216,-0.02360725,1.00678,0.9634702,-0.05210182,0.2626989,0.04074306,0.9979916,0.04850594,-0.2646986,-0.03603087,0.9636579,moving,-7.291772,-6.802839,4.601614,-1.343241,0.6583954685070497,0.4254550497443352,13.086628323086126,4.321719345757037,13.034659617180013
3215,05/15/2023 18:38:44.443341,3398,True,True,True,True,Eyes,1.398739,0.08320843,-3.685894,-0.1287574,-0.1161156,0.9848547,0.0,0.0,0.0,0.0,0.0,0.0,0.0,-0.3483241,0.03352117,3.93551,1.387388,0.08798981,-3.698394,0.02108292,-0.1346374,-0.02339159,0.9903945,2.032252,344.4641,357.0168,0.3557763,0.02060434,-0.9343432,0,0,0,1.194806,0.02595699,-2.708238,0.08092394,-0.02215312,1.007126,0.9626513,-0.05201088,0.2657019,0.04065669,0.9980167,0.04805958,-0.2676746,-0.03546204,0.9628565,moving,-7.448458,-6.724199,4.593924,-1.260097,0.6410269727137191,0.4353900276064526,13.224045330394478,4.301170906754402,13.17209533994044
3216,05/15/2023 18:38:44.463604,3399,True,True,True,True,Eyes,1.398328,0.08339022,-3.686035,-0.1314631,-0.1147158,0.9846612,0.0,0.0,0.0,0.0,0.0,0.0,0.0,-0.3364657,0.02938566,3.93665,1.387292,0.08820438,-3.698504,0.02049519,-0.1361035,-0.02323145,0.9902102,1.963642,344.2968,357.0412,0.3556704,0.02065406,-0.9343824,0,0,0,1.191332,0.02827745,-2.708485,0.08051294,-0.0212893,1.007567,0.9618723,-0.05158697,0.2685899,0.0404291,0.9980805,0.04691285,-0.2704945,-0.03426532,0.9621116,moving,-7.604643,-6.645164,4.568699,-1.210446,0.6236650893973522,0.4453861644034735,13.33140709709549,4.2784427906047675,13.279474994565318
3217,05/15/2023 18:38:44.483088,3400,True,True,True,True,Eyes,1.397902,0.0835757,-3.686174,-0.1341079,-0.1132772,0.9844711,0.0,0.0,0.0,0.0,0.0,0.0,0.0,-0.3262044,0.02347908,3.937499,1.387191,0.0884304,-3.69848,0.01975067,-0.1373641,-0.02335693,0.9900483,1.873415,344.1534,357.0363,0.3555647,0.02070342,-0.9344215,0,0,0,1.188,0.03050226,-2.708722,0.07983321,-0.02089267,1.007889,0.9611712,-0.05167504,0.2710716,0.04082291,0.9981288,0.04552504,-0.2729168,-0.03269143,0.961482,moving,-7.757275,-6.563815,4.528848,-1.187522,0.6063869766479023,0.4557459854417034,13.410941234416695,4.252767352171292,13.359092723398918
3218,05/15/2023 18:38:44.502941,3401,True,True,True,True,Eyes,1.39748,0.08375584,-3.68631,-0.1367479,-0.1118207,0.9842744,0.0,0.0,0.0,0.0,0.0,0.0,0.0,-0.3170521,0.01667275,3.938158,1.386964,0.08866501,-3.698427,0.01894974,-0.1384648,-0.02373083,0.9899017,1.7733,344.0282,357.0046,0.355459,0.02075255,-0.9344606,0,0,0,1.184354,0.03293707,-2.708982,0.07864815,-0.02045764,1.008242,0.9605287,-0.05223013,0.2732337,0.04173464,0.9981555,0.04408853,-0.2750326,-0.03094498,0.9609368,moving,-7.909627,-6.481427,4.460336,-1.162394,0.5890506354922149,0.4662576076546993,13.465069501360103,4.199923384130765,13.413382355034221
3219,05/15/2023 18:38:44.518003,3402,True,True,True,True,Eyes,1.397082,0.08393249,-3.686441,-0.1394188,-0.1103497,0.9840657,0.0,0.0,0.0,0.0,0.0,0.0,0.0,-0.3064795,0.009579398,3.93897,1.38669,0.08870125,-3.698478,0.01805171,-0.1397355,-0.02397742,0.989734,1.663633,343.8839,356.9889,0.3553533,0.02080135,-0.9344997,0,0,0,1.181099,0.03511079,-2.709213,0.07826501,-0.02023625,1.008585,0.9597982,-0.05250747,0.2757363,0.0424176,0.9981984,0.04243378,-0.2774678,-0.02903179,0.9602963,moving,-8.06379,-6.39822,4.437191,-1.149428,0.5715203527444556,0.4768711321631995,13.558183632833162,4.193835764586863,13.506652970648116
3220,05/15/2023 18:38:44.533603,3403,True,True,True,True,Eyes,1.396688,0.08409803,-3.686567,-0.1420969,-0.1088601,0.9838486,0.0,0.0,0.0,0.0,0.0,0.0,0.0,-0.295485,0.006976057,3.939886,1.386444,0.08881474,-3.698641,0.01769156,-0.1410737,-0.02398921,0.9895504,1.618527,343.7303,356.9912,0.3552482,0.02084976,-0.9345386,0,0,0,1.177595,0.03745096,-2.709463,0.077737,-0.01881632,1.009125,0.9590455,-0.05246869,0.2783502,0.04248543,0.9982231,0.04178186,-0.2800479,-0.02824488,0.9595705,moving,-8.21838,-6.313936,4.405026,-1.068223,0.5538774495661299,0.487635741428853,13.6699628353264,4.153557701632358,13.618703025981796
3221,05/15/2023 18:38:44.552954,3404,True,True,True,True,Eyes,1.396296,0.08426392,-3.686696,-0.1447842,-0.1073794,0.9836194,0.0,0.0,0.0,0.0,0.0,0.0,0.0,-0.2834153,0.0006794091,3.940701,1.386209,0.08869362,-3.69865,0.01673142,-0.1425497,-0.02359464,0.989365,1.511646,343.5633,357.0494,0.3551438,0.02089754,-0.9345772,0,0,0,1.174372,0.03960313,-2.709692,0.07770723,-0.01849405,1.009425,0.9582458,-0.05145752,0.2812779,0.04191729,0.9983267,0.03983379,-0.282857,-0.02638015,0.9587994,moving,-8.373544,-6.23017,4.402043,-1.04962,0.5362319232608419,0.4983208727781549,13.785997297876895,4.164206554273739,13.734967905248185
3222,05/15/2023 18:38:44.563100,3405,True,True,True,True,Eyes,1.395911,0.08443291,-3.68682,-0.1474824,-0.1059094,0.9833779,0.0,0.0,0.0,0.0,0.0,0.0,0.0,-0.2704821,-4.032627e-06,3.941696,1.38614,0.08885288,-3.698765,0.01660764,-0.1441593,-0.02354569,0.989135,1.493626,343.3775,357.0545,0.3550401,0.02094475,-0.9346155,0,0,0,1.170891,0.04192726,-2.70994,0.077573,-0.01664367,1.009956,0.9573274,-0.05136802,0.2844039,0.04179144,0.9983395,0.03964305,-0.2859681,-0.02606573,0.9578846,moving,-8.52938,-6.147036,4.392167,-0.944126,0.518585260416166,0.5089092824731641,13.929703849734532,4.137142374314569,13.878981884266976
3223,05/15/2023 18:38:44.583091,3406,True,True,True,True,Eyes,1.395555,0.08460311,-3.686934,-0.1503068,-0.1043705,0.9831148,0.0,0.0,0.0,0.0,0.0,0.0,0.0,-0.25828,-0.004495258,3.942476,1.38597,0.08909035,-3.698784,0.01604738,-0.1456538,-0.02369695,0.9889216,1.42315,343.2061,357.0446,0.3549371,0.02099154,-0.9346536,0,0,0,1.167653,0.04408958,-2.71017,0.07756048,-0.01593731,1.010332,0.9564468,-0.05154356,0.2873198,0.04219412,0.9983618,0.03864229,-0.2888409,-0.0248361,0.9570549,moving,-8.692546,-6.059998,4.389832,-0.9037272,0.5001090380896569,0.5199948234579629,14.061854169981164,4.142092360207799,14.011438641022288
3224,05/15/2023 18:38:44.603019,3407,True,True,True,True,Eyes,1.3952,0.08477275,-3.68705,-0.1531471,-0.1028414,0.9828376,0.0,0.0,0.0,0.0,0.0,0.0,0.0,-0.2460504,-0.01160242,3.943212,1.385821,0.08930683,-3.698802,0.0152137,-0.1471412,-0.02416657,0.9887033,1.316307,343.036,357.0033,0.3548355,0.02103797,-0.9346911,0,0,0,1.164228,0.04637719,-2.710414,0.07735726,-0.01569386,1.010755,0.9555309,-0.05226427,0.2902227,0.04331001,0.9983691,0.03719548,-0.2916934,-0.02297188,0.9562361,moving,-8.856684,-5.973532,4.376553,-0.889553,0.4816052786843794,0.5309896458094244,14.176226718369383,4.145908725520255,14.126137254204119
3225,05/15/2023 18:38:44.613100,3408,True,True,True,True,Eyes,1.394847,0.08493745,-3.68717,-0.156191,-0.1010105,0.9825484,0.0,0.0,0.0,0.0,0.0,0.0,0.0,-0.232707,-0.01664495,3.944091,1.385544,0.0894537,-3.698994,0.01464385,-0.1487502,-0.02469082,0.9884582,1.237922,342.851,356.9515,0.3547352,0.02108407,-0.9347281,0,0,0,1.160854,0.0486303,-2.710654,0.07762194,-0.01487205,1.011295,0.9545276,-0.05316822,0.2933435,0.04445513,0.9983518,0.03629519,-0.2947898,-0.02160414,0.9553179,moving,-9.032456,-5.869652,4.389131,-0.8425281,0.4609359165776183,0.5443860192342526,14.332165652982113,4.165842938416557,14.282654369173713
3226,05/15/2023 18:38:44.633274,3409,True,True,True,True,Eyes,1.394499,0.08510436,-3.687289,-0.1592523,-0.09919333,0.982242,0.0,0.0,0.0,0.0,0.0,0.0,0.0,-0.218069,-0.02238704,3.94498,1.385367,0.08947182,-3.699146,0.01392053,-0.1505355,-0.02501983,0.9881899,1.144818,342.6462,356.9246,0.354636,0.02112974,-0.9347647,0,0,0,1.157534,0.05084699,-2.71089,0.07818419,-0.01423917,1.011797,0.9534262,-0.05363975,0.2968188,0.04525761,0.9983605,0.035045,-0.298212,-0.01997951,0.9542906,moving,-9.209311,-5.766559,4.418614,-0.806279,0.4402472003389756,0.5576597981321237,14.50257623610457,4.205678475311112,14.453664596640445
3227,05/15/2023 18:38:44.653320,3410,True,True,True,True,Eyes,1.394182,0.08527574,-3.687403,-0.1625189,-0.09714911,0.9819112,0.0,0.0,0.0,0.0,0.0,0.0,0.0,-0.2037279,-0.0282715,3.945759,1.385208,0.08968163,-3.699254,0.01327492,-0.1522784,-0.02568981,0.9879146,1.054586,342.4457,356.858,0.3545381,0.02117508,-0.9348009,0,0,0,1.153953,0.05323856,-2.711145,0.07839799,-0.01353649,1.012341,0.9523027,-0.05480164,0.3001941,0.0467157,0.9983276,0.03405297,-0.3015582,-0.01840496,0.9532702,moving,-9.397987,-5.650387,4.428276,-0.7660831,0.4177073255380644,0.5727103464934689,14.663627557078918,4.22812357730344,14.615511292551451
3228,05/15/2023 18:38:44.663167,3411,True,True,True,True,Eyes,1.393865,0.08544377,-3.687514,-0.1658198,-0.09507827,0.981562,0.0,0.0,0.0,0.0,0.0,0.0,0.0,-0.1883762,-0.03768983,3.946577,1.384984,0.08997345,-3.699473,0.01220579,-0.1541203,-0.02649752,0.9876214,0.9134355,342.2352,356.7835,0.3544419,0.02122024,-0.9348363,0,0,0,1.150776,0.05536061,-2.711371,0.07935336,-0.01403786,1.012868,0.9510897,-0.05610134,0.3037782,0.04857671,0.9982978,0.032277,-0.3050719,-0.01594178,0.952196,moving,-9.588708,-5.532652,4.479701,-0.7940412,0.3949001530679128,0.5879677005704473,14.845018157791444,4.312255391364597,14.797776374428294
3229,05/15/2023 18:38:44.682923,3412,True,True,True,True,Eyes,1.393592,0.08560809,-3.687615,-0.169318,-0.09286118,0.981177,0.0,0.0,0.0,0.0,0.0,0.0,0.0,-0.171052,-0.04778135,3.947209,1.384706,0.09004116,-3.699525,0.01094532,-0.1562124,-0.02697953,0.9872944,0.7553765,341.9966,356.7497,0.3543473,0.02126514,-0.9348712,0,0,0,1.147343,0.05765263,-2.711616,0.08054566,-0.01448841,1.013241,0.9497396,-0.05669305,0.3078647,0.04985387,0.9983047,0.03004158,-0.3090459,-0.01318343,0.9509557,moving,-9.790888,-5.406519,4.54506,-0.8192209,0.3706224546288625,0.604332103709225,15.052000163332702,4.410491126232289,15.00577881909011
3230,05/15/2023 18:38:44.702877,3413,True,True,True,True,Eyes,1.393318,0.08576715,-3.687717,-0.1728397,-0.09065127,0.9807695,0.0,0.0,0.0,0.0,0.0,0.0,0.0,-0.1523473,-0.05507861,3.948015,1.384548,0.09014797,-3.699727,0.01000765,-0.1584959,-0.02727913,0.9869322,0.6363678,341.7349,356.7312,0.3542552,0.02130972,-0.9349051,0,0,0,1.144003,0.05988342,-2.711853,0.08214164,-0.01434617,1.013763,0.9482698,-0.05701763,0.3123033,0.05067295,0.9983114,0.02840101,-0.3133954,-0.01110649,0.9495579,moving,-9.99454,-5.280772,4.632355,-0.810762,0.3462667097862945,0.6206281555724333,15.294673803031076,4.518786408868726,15.249509986020488
3231,05/15/2023 18:38:44.717750,3414,True,True,True,True,Eyes,1.393094,0.0859222,-3.687805,-0.1765065,-0.08839116,0.9803227,0.0,0.0,0.0,0.0,0.0,0.0,0.0,-0.1351519,-0.06224198,3.948553,1.384289,0.09016228,-3.699841,0.009071315,-0.1605823,-0.02753331,0.9865968,0.5189197,341.4959,356.7184,0.3541654,0.02135387,-0.9349381,0,0,0,1.140657,0.06211787,-2.712091,0.08339423,-0.01410937,1.014218,0.9469105,-0.05724193,0.3163605,0.05141515,0.9983193,0.02674218,-0.3173596,-0.009056732,0.948262,moving,-10.20671,-5.152164,4.700581,-0.7970232,0.3210737743265946,0.6372610270764221,15.530440313993212,4.608389608503796,15.486408881790092
3232,05/15/2023 18:38:44.733265,3415,True,True,True,True,Eyes,1.392869,0.08607944,-3.687896,-0.1801784,-0.08615807,0.9798533,0.0,0.0,0.0,0.0,0.0,0.0,0.0,-0.1180446,-0.06549035,3.949175,1.384081,0.09027958,-3.700051,0.008651348,-0.1626703,-0.02777924,0.9862514,0.4599234,341.2549,356.6973,0.3540788,0.02139754,-0.9349699,0,0,0,1.137269,0.06437995,-2.712332,0.0845764,-0.01290385,1.014817,0.9455334,-0.05760925,0.3203871,0.05197998,0.9983069,0.02610253,-0.3213485,-0.008027091,0.9469271,moving,-10.41933,-5.025068,4.764109,-0.7285022,0.2959624764078459,0.653672618911928,15.77964820711953,4.6770440008966,15.736740830228419
3233,05/15/2023 18:38:44.753026,3416,True,True,True,True,Eyes,1.392683,0.08623314,-3.687978,-0.1838394,-0.08387558,0.9793712,0.0,0.0,0.0,0.0,0.0,0.0,0.0,-0.1020556,-0.0710173,3.949611,1.383896,0.09047794,-3.700208,0.007933215,-0.1646174,-0.02792879,0.9859301,0.3694494,341.0313,356.6931,0.3539951,0.02144082,-0.9350006,0,0,0,1.133594,0.06683474,-2.712594,0.08516273,-0.01220494,1.015474,0.9442422,-0.05768355,0.3241594,0.05245977,0.9983141,0.02483832,-0.3250457,-0.006448064,0.9456763,moving,-10.63137,-4.894997,4.793891,-0.6886021,0.2706682946006145,0.6705169297895298,15.988509466891122,4.723002030465006,15.94684545648947
3234,05/15/2023 18:38:44.763185,3417,True,True,True,True,Eyes,1.392491,0.08639038,-3.688065,-0.1874797,-0.0816128,0.9788722,0.0,0.0,0.0,0.0,0.0,0.0,0.0,-0.08714747,-0.07694487,3.949991,1.3837,0.09057617,-3.700422,0.007144647,-0.1664256,-0.02802798,0.9856297,0.2724314,340.8239,356.6963,0.3539149,0.02148367,-0.93503,0,0,0,1.130451,0.06893301,-2.712818,0.08603185,-0.01187509,1.016081,0.9430339,-0.05762851,0.3276676,0.0528723,0.9983268,0.0234131,-0.3284686,-0.004754807,0.9445029,moving,-10.84234,-4.765974,4.839704,-0.6695935,0.2455313913113803,0.6872199441104113,16.20823362426382,4.790340768728625,16.16785433220592
3235,05/15/2023 18:38:44.784724,3418,True,True,True,True,Eyes,1.392334,0.08654099,-3.688141,-0.1910693,-0.0792887,0.9783689,0.0,0.0,0.0,0.0,0.0,0.0,0.0,-0.07361668,-0.08347815,3.95025,1.383429,0.09080601,-3.700642,0.006325391,-0.168046,-0.02825879,0.9853538,0.1700507,340.6384,356.6855,0.3538377,0.0215262,-0.9350582,0,0,0,1.127191,0.07111058,-2.71305,0.08649015,-0.01169723,1.016742,0.941924,-0.05781572,0.3308121,0.05356389,0.9983228,0.02196305,-0.3315272,-0.00296794,0.943441,moving,-11.05042,-4.633223,4.862216,-0.6591368,0.2203229378528882,0.7044841079591583,16.40138242934194,4.838040221105324,16.362397529613233
3236,05/15/2023 18:38:44.803107,3419,True,True,True,True,Eyes,1.392173,0.08669393,-3.688223,-0.1946276,-0.07699004,0.977851,0.0,0.0,0.0,0.0,0.0,0.0,0.0,-0.06032395,-0.09019283,3.950409,1.383144,0.09082794,-3.700834,0.005405486,-0.1696435,-0.02821833,0.9850867,0.06162908,340.4559,356.7077,0.3537641,0.0215683,-0.9350851,0,0,0,1.123651,0.07347407,-2.713302,0.08661298,-0.01130342,1.017461,0.9408496,-0.057429,0.3339221,0.05376099,0.998349,0.02022386,-0.3345323,-0.001075631,0.9423838,moving,-11.25682,-4.501834,4.865664,-0.6364982,0.1953399744480878,0.7215671695040909,16.579364016059774,4.863770970295959,16.54177963052821
3237,05/15/2023 18:38:44.813334,3420,True,True,True,True,Eyes,1.392057,0.08685162,-3.688292,-0.1981201,-0.07467432,0.9773291,0.0,0.0,0.0,0.0,0.0,0.0,0.0,-0.04822785,-0.09605353,3.950601,1.382956,0.09101486,-3.701074,0.004577747,-0.1711093,-0.02794108,0.9848453,359.9688,340.2883,356.7552,0.3536935,0.02161005,-0.9351109,0,0,0,1.120352,0.07567752,-2.713537,0.08663167,-0.01100664,1.018234,0.9398818,-0.05660186,0.3367766,0.05346867,0.9983966,0.0185787,-0.3372882,0.0005452115,0.9414012,moving,-11.45948,-4.369282,4.863032,-0.6193168,0.1705415144923515,0.7388500957011609,16.747735279474504,4.8850879493780175,16.711617541248014
3238,05/15/2023 18:38:44.833527,3421,True,True,True,True,Eyes,1.391937,0.08700614,-3.688365,-0.20156,-0.07236278,0.9767995,0.0,0.0,0.0,0.0,0.0,0.0,0.0,-0.03731555,-0.1027065,3.950658,1.382802,0.09132576,-3.701238,0.003665282,-0.1724328,-0.02763985,0.9846267,359.8674,340.1373,356.8073,0.3536268,0.02165161,-0.9351351,0,0,0,1.117054,0.07787979,-2.713771,0.08631842,-0.01101338,1.01898,0.939006,-0.05569389,0.3393613,0.05316583,0.9984452,0.0167499,-0.3397666,0.002314167,0.940507,moving,-11.65919,-4.236818,4.841999,-0.6192425,0.1459646687970092,0.7561461536580588,16.89307819528227,4.893304853414352,16.858478268862616
3239,05/15/2023 18:38:44.853176,3422,True,True,True,True,Eyes,1.391851,0.08716279,-3.68843,-0.2049567,-0.07002315,0.976263,0.0,0.0,0.0,0.0,0.0,0.0,0.0,-0.02768195,-0.1106926,3.950639,1.382593,0.09137917,-3.701439,0.002572829,-0.1735835,-0.02744139,0.9844335,359.7444,340.0069,356.8516,0.3535635,0.02169291,-0.9351581,0,0,0,1.113636,0.08016235,-2.714015,0.08559822,-0.01108165,1.019814,0.9382315,-0.05492165,0.3416215,0.05313525,0.9984807,0.0145923,-0.341904,0.004461188,0.9397243,moving,-11.85649,-4.102554,4.797882,-0.6225712,0.1214272071133731,0.7737220201457459,17.014064388107855,4.880457374728037,16.98102461126851
3240,05/15/2023 18:38:44.863486,3423,True,True,True,True,Eyes,1.391754,0.08732358,-3.688498,-0.2082972,-0.06767832,0.9757212,0.0,0.0,0.0,0.0,0.0,0.0,0.0,-0.01800501,-0.1181712,3.950649,1.382355,0.09161568,-3.701705,0.00158836,-0.1747311,-0.02734382,0.9842353,359.6317,339.8764,356.8826,0.353504,0.02173404,-0.9351797,0,0,0,1.110257,0.08241912,-2.714255,0.08497441,-0.01115371,1.020702,0.9374428,-0.05438056,0.3438662,0.05327042,0.9984996,0.01268227,-0.34404,0.006428992,0.938933,moving,-12.05063,-3.967815,4.758955,-0.626074,0.0970840540491188,0.7913937837823057,17.138534966072974,4.872602552513563,17.107083199227574
3241,05/15/2023 18:38:44.883033,3424,True,True,True,True,Eyes,1.39169,0.08747692,-3.688555,-0.2115828,-0.06529028,0.9751769,0.0,0.0,0.0,0.0,0.0,0.0,0.0,-0.008963585,-0.127402,3.950448,1.382022,0.09184647,-3.701882,0.0003599418,-0.1757913,-0.02713396,0.9840535,359.494,339.7566,356.9314,0.3534478,0.02177511,-0.9352,0,0,0,1.106884,0.08467118,-2.714495,0.08425079,-0.01170354,1.021494,0.9367224,-0.05352907,0.3459565,0.05327598,0.9985272,0.01024823,-0.3459956,0.008831424,0.9381947,moving,-12.24164,-3.830364,4.71497,-0.6564251,0.0727637288768373,0.8094827465240247,17.251101728093577,4.8681582634663725,17.221335178643603
3242,05/15/2023 18:38:44.902982,3425,True,True,True,True,Eyes,1.391622,0.08763297,-3.688618,-0.2148333,-0.06291888,0.974622,0.0,0.0,0.0,0.0,0.0,0.0,0.0,0.001381695,-0.1351432,3.950275,1.381713,0.09184265,-3.702079,-0.000754204,-0.1770294,-0.02668112,0.9838436,359.3737,339.6155,357.0057,0.3533952,0.02181595,-0.9352189,0,0,0,1.103446,0.08696723,-2.71474,0.08379345,-0.01169041,1.022317,0.9358975,-0.05223308,0.3483787,0.05276715,0.9985751,0.007962652,-0.3482982,0.01093072,0.9373201,moving,-12.43077,-3.693731,4.68573,-0.6551604,0.0486422973660162,0.8274705537449323,17.38411584007609,4.868344370206562,17.355980105008257
3243,05/15/2023 18:38:44.913415,3426,True,True,True,True,Eyes,1.391566,0.08778641,-3.688672,-0.2180491,-0.06053459,0.9740586,0.0,0.0,0.0,0.0,0.0,0.0,0.0,0.01180983,-0.1421172,3.950175,1.381563,0.0920248,-3.702302,-0.001782633,-0.1783045,-0.02601255,0.98363,359.2675,339.4694,357.1029,0.3533458,0.02185664,-0.9352367,0,0,0,1.100212,0.08912699,-2.71497,0.08348601,-0.01177424,1.023172,0.9350617,-0.05053774,0.3508641,0.05180915,0.9986404,0.005769413,-0.3506786,0.01278321,0.9364086,moving,-12.61799,-3.556174,4.664732,-0.6593073,0.0245901120326166,0.8456078765420925,17.523821398509313,4.878082249107351,17.49734448518482
3244,05/15/2023 18:38:44.933332,3427,True,True,True,True,Eyes,1.391509,0.0879469,-3.688735,-0.2212438,-0.05818884,0.973481,0.0,0.0,0.0,0.0,0.0,0.0,0.0,0.02263111,-0.1521273,3.949754,1.381349,0.09209347,-3.702379,-0.003206644,-0.1796199,-0.02539201,0.9834033,359.116,339.3195,357.2032,0.3532996,0.02189713,-0.9352532,0,0,0,1.09683,0.09138566,-2.715211,0.08314727,-0.01246407,1.023906,0.934184,-0.04878921,0.3534404,0.05109312,0.9986899,0.002814977,-0.3531148,0.01542866,0.9354529,moving,-12.80416,-3.420727,4.64257,-0.6974304,0.0007741193891978,0.8634510676798649,17.65799343256395,4.897205320731596,17.633159626705147
3245,05/15/2023 18:38:44.953277,3428,True,True,True,True,Eyes,1.391472,0.08811058,-3.688784,-0.2243568,-0.05585997,0.9729048,0.0,0.0,0.0,0.0,0.0,0.0,0.0,0.03423101,-0.1574881,3.949713,1.381274,0.0924139,-3.702667,-0.003851363,-0.1810203,-0.02561539,0.9831383,359.0347,339.1582,357.1926,0.3532562,0.02193762,-0.9352686,0,0,0,1.09333,0.09372268,-2.71546,0.08281775,-0.01191906,1.024934,0.933151,-0.0489726,0.3561332,0.0517613,0.998658,0.001700966,-0.3557386,0.01684666,0.9344336,moving,-12.98569,-3.286067,4.619634,-0.6662683,-0.022644215702908,0.8812216805530678,17.799179148868006,4.893411108000421,17.775909279098766
3246,05/15/2023 18:38:44.963283,3429,True,True,True,True,Eyes,1.391422,0.08826448,-3.688836,-0.2274387,-0.05354375,0.9723192,0.0,0.0,0.0,0.0,0.0,0.0,0.0,0.04394948,-0.1662975,3.949234,1.380992,0.09269333,-3.702743,-0.004896675,-0.1821537,-0.02608549,0.9829119,358.9039,339.0292,357.1624,0.3532159,0.02197819,-0.9352829,0,0,0,1.090104,0.09587672,-2.715689,0.08235207,-0.01237808,1.025653,0.9322792,-0.04949558,0.3583375,0.05306337,0.9985911,-0.0001228619,-0.3578266,0.01912913,0.9335921,moving,-13.16555,-3.151985,4.590562,-0.6914397,-0.0458971220262914,0.8989238021122525,17.92578579950949,4.901633325644785,17.904106085649875
3247,05/15/2023 18:38:44.983065,3430,True,True,True,True,Eyes,1.391376,0.08840635,-3.688889,-0.2305064,-0.05129679,0.9717177,0.0,0.0,0.0,0.0,0.0,0.0,0.0,0.05442166,-0.173698,3.948801,1.380661,0.09260273,-3.702886,-0.005820302,-0.183378,-0.02650671,0.9826679,358.7875,338.8893,357.1357,0.3531781,0.02201859,-0.9352963,0,0,0,1.086631,0.09819638,-2.715936,0.08187871,-0.01205547,1.026501,0.9313399,-0.04995996,0.3607078,0.05422922,0.9985271,-0.001717351,-0.3600907,0.02116034,0.9326773,moving,-13.34478,-3.021829,4.560532,-0.6728638,-0.068807005612678,0.9160670751553444,18.0587329380595,4.894433670498448,18.0385328664727
3248,05/15/2023 18:38:45.003125,3431,True,True,True,True,Eyes,1.391324,0.08854796,-3.688945,-0.23354,-0.04909265,0.9711071,0.0,0.0,0.0,0.0,0.0,0.0,0.0,0.06515545,-0.1751649,3.948704,1.380389,0.09248352,-3.70313,-0.006033677,-0.1846615,-0.02665623,0.9824222,358.7566,338.7404,357.1249,0.3531425,0.02205852,-0.9353088,0,0,0,1.083092,0.1005594,-2.716188,0.08140765,-0.01015339,1.027508,0.9303792,-0.05014697,0.3631529,0.05460373,0.9985061,-0.00201047,-0.3625095,0.02169999,0.9317274,moving,-13.52219,-2.894026,4.529983,-0.5661539,-0.0914061996607836,0.9328880152186008,18.20164658858883,4.858432339584816,18.182789063048784
3249,05/15/2023 18:38:45.013043,3432,True,True,True,True,Eyes,1.391261,0.08868784,-3.689002,-0.2365244,-0.04696977,0.9704896,0.0,0.0,0.0,0.0,0.0,0.0,0.0,0.07484555,-0.1793376,3.948425,1.380193,0.09260273,-3.703285,-0.006593575,-0.1858279,-0.0266124,0.9821998,358.6911,338.6057,357.1432,0.3531089,0.02209803,-0.9353206,0,0,0,1.079848,0.1027262,-2.716419,0.08091101,-0.009350099,1.028386,0.9295196,-0.04982683,0.3653911,0.05472792,0.9984967,-0.003061763,-0.3646893,0.02284306,0.9308491,moving,-13.69691,-2.77084,4.49863,-0.5209194,-0.1134599727240409,0.9490687803466032,18.334116248074366,4.8406858157559,18.31657603616864
3250,05/15/2023 18:38:45.034187,3433,True,True,True,True,Eyes,1.39119,0.08882685,-3.689069,-0.2394785,-0.0448797,0.9698638,0.0,0.0,0.0,0.0,0.0,0.0,0.0,0.08422005,-0.182697,3.948102,1.379922,0.09269714,-3.703405,-0.0070472,-0.186949,-0.02659285,0.9819844,358.6372,338.476,357.1566,0.3530767,0.02213711,-0.9353319,0,0,0,1.076553,0.1049267,-2.716654,0.08032583,-0.008278202,1.029242,0.9286858,-0.04959259,0.3675367,0.05486246,0.9984863,-0.003897471,-0.3667871,0.02378349,0.9300008,moving,-13.87002,-2.649428,4.462528,-0.4608205,-0.1352621764480329,0.9650086072532312,18.462727830993995,4.813799242774109,18.446435745650618
3251,05/15/2023 18:38:45.043187,3434,True,True,True,True,Eyes,1.391097,0.08896255,-3.689139,-0.2424106,-0.04282857,0.969228,0.0,0.0,0.0,0.0,0.0,0.0,0.0,0.09403807,-0.1873045,3.9479,1.379672,0.09279537,-3.703746,-0.007693071,-0.1881216,-0.02638432,0.9817612,358.5656,338.3405,357.1956,0.3530455,0.02217579,-0.9353427,0,0,0,1.073231,0.1071444,-2.71689,0.07990171,-0.007545788,1.030318,0.9278283,-0.04891173,0.3697869,0.05470067,0.9984894,-0.005178592,-0.3689751,0.02503244,0.9291022,moving,-14.04201,-2.530159,4.434442,-0.4196122,-0.1568205894481669,0.9806501705847216,18.59660416052603,4.800044465600483,18.581529208968956
3252,05/15/2023 18:38:45.063171,3435,True,True,True,True,Eyes,1.390998,0.08909469,-3.689211,-0.2453053,-0.0408594,0.9685844,0.0,0.0,0.0,0.0,0.0,0.0,0.0,0.1029128,-0.1923026,3.947387,1.379374,0.09282207,-3.703802,-0.008400537,-0.1891856,-0.02614393,0.9815573,358.4882,338.2176,357.2395,0.3530148,0.02221402,-0.9353535,0,0,0,1.069936,0.1093454,-2.717124,0.07921875,-0.006877694,1.031132,0.9270506,-0.04814501,0.3718322,0.05450206,0.9984918,-0.006599111,-0.3709538,0.02638333,0.9282765,moving,-14.212,-2.415571,4.39323,-0.3821596,-0.1778790154713786,0.995636328845271,18.71601841403641,4.774239128161295,18.70207825443786
3253,05/15/2023 18:38:45.083064,3436,True,True,True,True,Eyes,1.390889,0.08923322,-3.689286,-0.2481267,-0.038944,0.9679445,0.0,0.0,0.0,0.0,0.0,0.0,0.0,0.1114751,-0.1917284,3.947223,1.379144,0.0928545,-3.703931,-0.008427517,-0.1902373,-0.02567798,0.9813662,358.4923,338.0942,357.2941,0.3529844,0.02225176,-0.9353641,0,0,0,1.066576,0.1115892,-2.717364,0.07838041,-0.004728198,1.032084,0.9263008,-0.04719254,0.3738177,0.05360546,0.9985393,-0.006771136,-0.3729522,0.02631078,0.9274775,moving,-14.37783,-2.303979,4.342924,-0.2624824,-0.198407583859469,1.0102281746730275,18.83173753789935,4.716299901558858,18.81876969802081
3254,05/15/2023 18:38:45.102794,3437,True,True,True,True,Eyes,1.390778,0.08937228,-3.689362,-0.2508954,-0.03705309,0.9673048,0.0,0.0,0.0,0.0,0.0,0.0,0.0,0.1194269,-0.1963834,3.946823,1.378953,0.09311867,-3.70406,-0.009081895,-0.1912024,-0.02527674,0.9811832,358.4249,337.9824,357.355,0.3529539,0.02228922,-0.9353747,0,0,0,1.063126,0.1138931,-2.717609,0.07728899,-0.004064284,1.03309,0.9256055,-0.04612925,0.3756682,0.05307517,0.9985572,-0.008156061,-0.37475,0.02748794,0.9267184,moving,-14.54071,-2.193671,4.278523,-0.2254065,-0.2186240254611814,1.0246612297243454,18.921881403556288,4.66765473203755,18.909942782271685
3255,05/15/2023 18:38:45.113261,3438,True,True,True,True,Eyes,1.390659,0.08950966,-3.689439,-0.2536284,-0.03520699,0.9666608,0.0,0.0,0.0,0.0,0.0,0.0,0.0,0.1261259,-0.2012391,3.94644,1.378817,0.093256,-3.704182,-0.0097352,-0.1920089,-0.02510981,0.9810236,358.3529,337.8893,357.3894,0.3529233,0.02232644,-0.9353853,0,0,0,1.059706,0.1161768,-2.717853,0.07584146,-0.003355082,1.034136,0.9250042,-0.04552815,0.3772196,0.05300513,0.9985495,-0.0094583,-0.3762419,0.02874354,0.9260756,moving,-14.70165,-2.085862,4.19445,-0.185886,-0.2385099844257751,1.0387520133387629,18.99137972898694,4.5990077720345806,18.980406493988937
3256,05/15/2023 18:38:45.133528,3439,True,True,True,True,Eyes,1.390538,0.08964425,-3.689517,-0.2563055,-0.0333718,0.9660195,0.0,0.0,0.0,0.0,0.0,0.0,0.0,0.1327156,-0.2044302,3.946079,1.378579,0.09334564,-3.704289,-0.01016895,-0.1927922,-0.02501411,0.9808682,358.3041,337.7986,357.4111,0.3528925,0.0223634,-0.9353961,0,0,0,1.056394,0.1183882,-2.718088,0.07452844,-0.002227876,1.035114,0.924411,-0.04515009,0.3787162,0.05299208,0.9985418,-0.01030375,-0.3776987,0.02959385,0.9254556,moving,-14.85942,-1.978535,4.118202,-0.1233175,-0.2581284809550858,1.0528012147186327,19.068087705566867,4.531613808528699,19.058025094464703
3257,05/15/2023 18:38:45.142947,3440,True,True,True,True,Eyes,1.390414,0.089765,-3.689588,-0.2590203,-0.03154163,0.9653567,0.0,0.0,0.0,0.0,0.0,0.0,0.0,0.1387857,-0.2103132,3.945616,1.378393,0.09339142,-3.704415,-0.01095912,-0.1935122,-0.0248716,0.9807215,358.2166,337.7158,357.4458,0.3528614,0.02240005,-0.9354069,0,0,0,1.052735,0.1208317,-2.718349,0.07272646,-0.001572724,1.036263,0.9238689,-0.04454276,0.3801082,0.05302566,0.9985226,-0.01186977,-0.379018,0.0311216,0.9248658,moving,-15.01959,-1.871391,4.014518,-0.08695705,-0.2779080063774283,1.0668031353819123,19.117569716822707,4.44478161281269,19.10840223661122
3258,05/15/2023 18:38:45.163142,3441,True,True,True,True,Eyes,1.390292,0.0898906,-3.689666,-0.2616997,-0.02977955,0.9646899,0.0,0.0,0.0,0.0,0.0,0.0,0.0,0.1451285,-0.2138567,3.945071,1.378082,0.09316921,-3.704402,-0.01153287,-0.1942774,-0.02443217,0.9805745,358.1599,337.6267,357.5093,0.35283,0.02243609,-0.9354179,0,0,0,1.049675,0.1228752,-2.718566,0.07165246,-0.0004827417,1.037048,0.9233187,-0.04343397,0.3815704,0.05239627,0.9985401,-0.01312444,-0.3804433,0.0321109,0.9242466,moving,-15.17783,-1.768134,3.952439,-0.02667096,-0.2972527348569539,1.0802631750723588,19.20936973281651,4.391489840669098,19.201003991689344
3259,05/15/2023 18:38:45.183302,3442,True,True,True,True,Eyes,1.390143,0.090019,-3.689747,-0.2643419,-0.02795918,0.9640237,0.0,0.0,0.0,0.0,0.0,0.0,0.0,0.1530226,-0.2141863,3.944977,1.378014,0.09340668,-3.704658,-0.01158809,-0.1952423,-0.02429852,0.9803856,358.1542,337.5138,357.5274,0.3527984,0.02247169,-0.935429,0,0,0,1.046299,0.1251302,-2.718807,0.07056217,0.001325198,1.038249,0.9225801,-0.04311887,0.3833885,0.05216882,0.9985506,-0.0132334,-0.3822623,0.03220979,0.9234923,moving,-15.33399,-1.66126,3.887995,0.07313099,-0.3167196344941776,1.0942613292596246,19.300073042515102,4.326931051829458,19.29243533166718
3260,05/15/2023 18:38:45.203507,3443,True,True,True,True,Eyes,1.38999,0.09014215,-3.689832,-0.2669357,-0.02619699,0.9633582,0.0,0.0,0.0,0.0,0.0,0.0,0.0,0.1586423,-0.2206231,3.944283,1.377772,0.09355927,-3.70462,-0.01240254,-0.1958985,-0.02435176,0.9802434,358.0598,337.4387,357.5409,0.3527659,0.02250697,-0.9354404,0,0,0,1.042793,0.127471,-2.719056,0.06878205,0.001681674,1.039212,0.9220616,-0.04288202,0.3846605,0.05260058,0.9985064,-0.01477406,-0.3834524,0.03385596,0.9229398,moving,-15.48745,-1.557683,3.786697,0.09271713,-0.3357402812551212,1.1078091431876476,19.344677902893938,4.245574276010192,19.337837856002757
3261,05/15/2023 18:38:45.213352,3444,True,True,True,True,Eyes,1.389826,0.09027296,-3.689919,-0.2695459,-0.0243737,0.962679,0.0,0.0,0.0,0.0,0.0,0.0,0.0,0.1650588,-0.2217299,3.944077,1.377575,0.09355068,-3.70482,-0.01257129,-0.1966631,-0.0243055,0.9800893,358.04,337.3495,357.5514,0.3527326,0.02254183,-0.9354521,0,0,0,1.039429,0.1297178,-2.719296,0.06738284,0.003468074,1.040364,0.9214658,-0.0426985,0.3861058,0.05258773,0.9985024,-0.01508199,-0.3848836,0.03420196,0.9223313,moving,-15.64201,-1.45034,3.705788,0.1909959,-0.3551260890382247,1.1218886983878282,19.41729309109364,4.16624346871849,19.411101893026427
3262,05/15/2023 18:38:45.234150,3445,True,True,True,True,Eyes,1.389664,0.09039495,-3.690004,-0.272107,-0.02255998,0.9620026,0.0,0.0,0.0,0.0,0.0,0.0,0.0,0.171525,-0.2285548,3.943395,1.377392,0.09383774,-3.704863,-0.01340782,-0.1974226,-0.02443531,0.9799222,357.9412,337.2624,357.5572,0.3526982,0.02257651,-0.9354642,0,0,0,1.036027,0.1319896,-2.719538,0.06591409,0.003552925,1.041391,0.9208545,-0.04259539,0.3875728,0.05318343,0.9984463,-0.01662907,-0.3862624,0.0359254,0.9216892,moving,-15.79381,-1.3434,3.621664,0.1954759,-0.3742802880850903,1.135934444238281,19.476364385589953,4.105122778542762,19.470949731608545
3263,05/15/2023 18:38:45.253129,3446,True,True,True,True,Eyes,1.389487,0.09051638,-3.690094,-0.2746868,-0.02070915,0.9613107,0.0,0.0,0.0,0.0,0.0,0.0,0.0,0.1777616,-0.2343929,3.942797,1.377305,0.09373379,-3.704921,-0.01417981,-0.198171,-0.02448358,0.9797592,357.8515,337.1762,357.5707,0.3526629,0.02261079,-0.9354767,0,0,0,1.032496,0.1343476,-2.719789,0.06419833,0.004256763,1.042538,0.9202577,-0.04235596,0.3890139,0.05359607,0.998399,-0.01808173,-0.3876253,0.03748947,0.9210544,moving,-15.94687,-1.23411,3.523762,0.2339419,-0.3937041447146739,1.1503069859549149,19.52589785030429,4.023215873619362,19.521167538358206
3264,05/15/2023 18:38:45.263244,3447,True,True,True,True,Eyes,1.389309,0.09063398,-3.69018,-0.277214,-0.01885895,0.9606231,0.0,0.0,0.0,0.0,0.0,0.0,0.0,0.183777,-0.2372264,3.942357,1.377135,0.0938139,-3.704988,-0.0145248,-0.1988819,-0.02464608,0.979606,357.8073,337.094,357.5619,0.3526264,0.02264472,-0.9354897,0,0,0,1.029268,0.136503,-2.720019,0.06276038,0.005438648,1.043566,0.9196771,-0.04250946,0.3903678,0.05406434,0.9983633,-0.01865382,-0.3889359,0.03826047,0.92047,moving,-16.09694,-1.124686,3.441642,0.2986001,-0.4129202732669436,1.1647249210547876,19.590352980310925,3.9506736797842485,19.586228193658275
3265,05/15/2023 18:38:45.283297,3448,True,True,True,True,Eyes,1.389122,0.09075271,-3.690269,-0.2797951,-0.01700114,0.9599093,0.0,0.0,0.0,0.0,0.0,0.0,0.0,0.1896675,-0.2441939,3.941593,1.376943,0.09382248,-3.704997,-0.015411,-0.1995702,-0.02479556,0.9794486,357.7027,337.0152,357.5668,0.3525888,0.02267822,-0.935503,0,0,0,1.025886,0.1387616,-2.720259,0.06115615,0.005668897,1.044601,0.9191139,-0.04242079,0.3917018,0.0547231,0.9982953,-0.02029166,-0.3901733,0.04008548,0.9198685,moving,-16.25039,-1.014671,3.350556,0.3109328,-0.4324274151498223,1.1791982716158582,19.645719878118246,3.8813462160053334,19.642248205104067
3266,05/15/2023 18:38:45.303282,3449,True,True,True,True,Eyes,1.388935,0.09086623,-3.690359,-0.2823406,-0.01518056,0.9591941,0.0,0.0,0.0,0.0,0.0,0.0,0.0,0.1969756,-0.2471111,3.941109,1.376744,0.09395504,-3.705125,-0.01574229,-0.2004281,-0.02509889,0.9792604,357.6564,336.916,357.5423,0.3525501,0.02271136,-0.9355168,0,0,0,1.022557,0.1409844,-2.720496,0.05998789,0.006849889,1.045709,0.9183972,-0.04284629,0.3933328,0.05546709,0.9982445,-0.02077055,-0.3917524,0.04089265,0.9191615,moving,-16.40189,-0.9067086,3.283218,0.3753092,-0.4516371290069106,1.193393607215636,19.726810350666955,3.823402271799109,19.72383782632421
3267,05/15/2023 18:38:45.313321,3450,True,True,True,True,Eyes,1.388743,0.09098318,-3.690448,-0.2849801,-0.01335103,0.9584405,0.0,0.0,0.0,0.0,0.0,0.0,0.0,0.2046108,-0.2503954,3.940537,1.376562,0.09393978,-3.70522,-0.0161509,-0.2013327,-0.02533738,0.979062,357.6027,336.8113,357.527,0.3525104,0.02274406,-0.935531,0,0,0,1.01917,0.1432468,-2.720737,0.05883785,0.008070845,1.046823,0.9176464,-0.04311032,0.3950527,0.05611713,0.9981943,-0.02142297,-0.393416,0.04182794,0.9184086,moving,-16.55918,-0.7980761,3.21699,0.4417331,-0.4713194493096394,1.207634666499919,19.814994996751945,3.766992408199651,19.812459376396692
3268,05/15/2023 18:38:45.333264,3451,True,True,True,True,Eyes,1.388554,0.09109759,-3.690542,-0.2875996,-0.01151908,0.9576815,0.0,0.0,0.0,0.0,0.0,0.0,0.0,0.2129605,-0.2538201,3.939891,1.376335,0.09412479,-3.705317,-0.01657148,-0.202325,-0.02546473,0.9788472,357.5501,336.6961,357.5249,0.3524696,0.02277644,-0.9355456,0,0,0,1.015697,0.1455657,-2.720984,0.05785164,0.009158194,1.047942,0.9168323,-0.04314649,0.3969345,0.0565578,0.9981539,-0.02213759,-0.3952466,0.0427462,0.91758,moving,-16.71544,-0.6891255,3.159807,0.5007077,-0.4909507913180769,1.2219304537076203,19.910829876095857,3.7213162605904975,19.908709945013065
3269,05/15/2023 18:38:45.353108,3452,True,True,True,True,Eyes,1.388356,0.09121147,-3.690636,-0.2902915,-0.009660833,0.9568895,0.0,0.0,0.0,0.0,0.0,0.0,0.0,0.2225178,-0.2608697,3.939055,1.376242,0.09415913,-3.705511,-0.0174742,-0.2034692,-0.02562065,0.9785901,357.4423,336.5639,357.5312,0.3524278,0.02280847,-0.9355605,0,0,0,1.012343,0.1478058,-2.721223,0.05725133,0.009307958,1.04917,0.9158878,-0.0430333,0.3991213,0.05725515,0.9980764,-0.02377414,-0.3973305,0.04462618,0.9165899,moving,-16.87622,-0.5784431,3.123431,0.5082997,-0.5110425488352971,1.2364356809758033,20.029155000527428,3.706693942582127,20.027490363877554
3270,05/15/2023 18:38:45.363365,3453,True,True,True,True,Eyes,1.38816,0.09132984,-3.690731,-0.2929619,-0.007809582,0.9560922,0.0,0.0,0.0,0.0,0.0,0.0,0.0,0.2312976,-0.2664949,3.938164,1.376029,0.09423542,-3.70558,-0.01816716,-0.2045051,-0.02591604,0.9783537,357.355,336.4443,357.5168,0.352385,0.02284018,-0.9355759,0,0,0,1.009158,0.1499329,-2.72145,0.05663107,0.009703785,1.050194,0.9150121,-0.04327955,0.4010983,0.05814067,0.9979966,-0.02494789,-0.3992151,0.04614775,0.9156953,moving,-17.0359,-0.4679947,3.086651,0.5293976,-0.531036444863615,1.2509168846959886,20.147254159008874,3.688936503507758,20.14596146170681
3271,05/15/2023 18:38:45.383120,3454,True,True,True,True,Eyes,1.387925,0.09144949,-3.690843,-0.295714,-0.005613148,0.95526,0.0,0.0,0.0,0.0,0.0,0.0,0.0,0.2410789,-0.2728786,3.937225,1.375867,0.09445572,-3.705725,-0.01893169,-0.2056614,-0.02627827,0.9780871,357.2578,336.3109,357.4972,0.3523414,0.0228717,-0.9355916,0,0,0,1.005745,0.1522115,-2.721693,0.05604528,0.009921275,1.051382,0.9140257,-0.04361783,0.4033045,0.05919191,0.9979021,-0.02622483,-0.4013146,0.04784253,0.91469,moving,-17.20064,-0.3366686,3.051338,0.5406506,-0.5529790536411937,1.2683549928217328,20.270971902974278,3.677044343831168,20.270061687092475
3272,05/15/2023 18:38:45.403272,3455,True,True,True,True,Eyes,1.387688,0.09156444,-3.690951,-0.2984584,-0.003455832,0.9544164,0.0,0.0,0.0,0.0,0.0,0.0,0.0,0.2520919,-0.2798748,3.936096,1.375709,0.09451485,-3.705838,-0.01980411,-0.206973,-0.02661144,0.9777842,357.1487,336.1592,357.4841,0.3522959,0.02290309,-0.9356079,0,0,0,1.002264,0.1545366,-2.721941,0.05571763,0.01012751,1.052573,0.912908,-0.04384265,0.4058039,0.06023832,0.9977993,-0.02771259,-0.4036958,0.04974399,0.9135399,moving,-17.36514,-0.2074605,3.030108,0.5512643,-0.5747438856922956,1.2854907402948657,20.40935580324962,3.678864713931102,20.408735315124147
3273,05/15/2023 18:38:45.413057,3456,True,True,True,True,Eyes,1.38743,0.09167753,-3.691069,-0.301277,-0.001103818,0.953536,0.0,0.0,0.0,0.0,0.0,0.0,0.0,0.26354,-0.2840957,3.93498,1.375439,0.09450626,-3.70587,-0.02035203,-0.2083422,-0.02681198,0.9774767,357.079,336.0,357.4786,0.3522488,0.02293424,-0.9356249,0,0,0,0.9989653,0.1567392,-2.722175,0.05574818,0.01101767,1.05358,0.9117494,-0.0439358,0.4083906,0.06089655,0.9977338,-0.02861513,-0.4062079,0.0509594,0.9123586,moving,-17.53433,-0.06632587,3.028872,0.5991408,-0.5977530511984167,1.304299913546981,20.573967103640584,3.694544442471667,20.57350060992092
3274,05/15/2023 18:38:45.433164,3457,True,True,True,True,Eyes,1.387175,0.09178893,-3.69119,-0.3040892,0.00118741,0.9526428,0.0,0.0,0.0,0.0,0.0,0.0,0.0,0.2752585,-0.288689,3.933896,1.375247,0.09450054,-3.705997,-0.02095224,-0.2097496,-0.0269825,0.9771582,357.004,335.8362,357.478,0.3521996,0.02296513,-0.9356427,0,0,0,0.995602,0.1589853,-2.722415,0.05577961,0.01183667,1.054738,0.9105541,-0.04394288,0.4110478,0.06152178,0.9976659,-0.02962817,-0.4087865,0.05226644,0.9111323,moving,-17.70339,0.0714156,3.027256,0.6429681,-0.6204959519248251,1.322622463176289,20.738523472937324,3.7105288512765857,20.738102473286265
3275,05/15/2023 18:38:45.453368,3458,True,True,True,True,Eyes,1.386885,0.09190124,-3.691325,-0.3069639,0.003757419,0.9517137,0.0,0.0,0.0,0.0,0.0,0.0,0.0,0.2871076,-0.2914313,3.932967,1.375078,0.09456348,-3.706186,-0.02130704,-0.211176,-0.02715212,0.9768386,356.9565,335.6699,357.4719,0.3521487,0.02299574,-0.9356611,0,0,0,0.992058,0.1613519,-2.722667,0.05567393,0.01320323,1.05603,0.909335,-0.04404741,0.4137267,0.06204556,0.9976175,-0.03015932,-0.4114127,0.05309482,0.9099014,moving,-17.87649,0.2262057,3.017843,0.7163153,-0.6448234605544195,1.343360410594969,20.900080357139807,3.715953601969661,20.899547794894143
3276,05/15/2023 18:38:45.463252,3459,True,True,True,True,Eyes,1.386598,0.09201975,-3.69146,-0.309837,0.006265563,0.9507691,0.0,0.0,0.0,0.0,0.0,0.0,0.0,0.2993139,-0.29593,3.931763,1.37485,0.09460545,-3.706314,-0.02189923,-0.2126423,-0.02726606,0.9765042,356.8836,335.4989,357.478,0.3520953,0.02302612,-0.9356804,0,0,0,0.9888808,0.1634737,-2.722893,0.05606596,0.01389563,1.057116,0.9080797,-0.04393743,0.4164864,0.06256425,0.997554,-0.03117353,-0.414098,0.0543652,0.9086074,moving,-18.04977,0.3775734,3.035935,0.7531008,-0.6689050799759834,1.3636048219504475,21.08904872617956,3.754804279721397,21.088327991827736
3277,05/15/2023 18:38:45.483400,3460,True,True,True,True,Eyes,1.386289,0.09213699,-3.691604,-0.3127593,0.008945992,0.9497903,0.0,0.0,0.0,0.0,0.0,0.0,0.0,0.3120091,-0.2995626,3.930558,1.374664,0.0948658,-3.706438,-0.02234223,-0.2141705,-0.02746635,0.9761544,356.8251,335.3206,357.4713,0.3520397,0.02305645,-0.9357006,0,0,0,0.9854187,0.1657857,-2.72314,0.05627723,0.01482283,1.058314,0.9067532,-0.04405271,0.4193543,0.0631929,0.9974928,-0.03185397,-0.4168997,0.05538391,0.9072636,moving,-18.22635,0.539648,3.043912,0.8024372,-0.6940374483886854,1.3853594877150517,21.2718852881516,3.78312892619644,21.270786158504084
3278,05/15/2023 18:38:45.503264,3461,True,True,True,True,Eyes,1.385982,0.09225716,-3.691744,-0.315661,0.01158313,0.9488013,0.0,0.0,0.0,0.0,0.0,0.0,0.0,0.3238912,-0.3063188,3.92903,1.374443,0.09495449,-3.706469,-0.02322199,-0.2155993,-0.02754784,0.9758171,356.7209,335.1541,357.4884,0.3519815,0.0230867,-0.9357218,0,0,0,0.9819795,0.1680823,-2.723384,0.05633044,0.01503082,1.059448,0.9055161,-0.04375001,0.4220503,0.0637766,0.9974037,-0.03344224,-0.4194915,0.05719941,0.9059554,moving,-18.402,0.6994418,3.043529,0.8128239,-0.7189294419859703,1.4067944209299337,21.445828722398243,3.8090542799237284,21.44423653335822
3279,05/15/2023 18:38:45.513559,3462,True,True,True,True,Eyes,1.385659,0.09236948,-3.691891,-0.3185445,0.01431324,0.9477999,0.0,0.0,0.0,0.0,0.0,0.0,0.0,0.3351652,-0.3123595,3.927643,1.374264,0.09504509,-3.706569,-0.02398779,-0.216947,-0.02777464,0.9754933,356.6261,334.9973,357.4865,0.3519212,0.02311696,-0.9357437,0,0,0,0.9782474,0.1705746,-2.72365,0.05590793,0.01558997,1.060797,0.9043251,-0.04377978,0.4245933,0.0645961,0.9973063,-0.0347486,-0.4219283,0.0588511,0.9047171,moving,-18.5769,0.8651891,3.016908,0.8419849,-0.7442173432668641,1.4290917121443552,21.59382046734115,3.8066728591554324,21.59151950938663
3280,05/15/2023 18:38:45.533690,3463,True,True,True,True,Eyes,1.385341,0.09248208,-3.692036,-0.321414,0.01696023,0.9467869,0.0,0.0,0.0,0.0,0.0,0.0,0.0,0.3464218,-0.317095,3.926321,1.373964,0.09490108,-3.706721,-0.02466755,-0.2183009,-0.02762824,0.9751785,356.5503,334.8384,357.5244,0.3518584,0.02314703,-0.9357665,0,0,0,0.9751964,0.1726121,-2.723867,0.05630183,0.01628447,1.061894,0.9031629,-0.04311502,0.4271277,0.06465482,0.9972564,-0.03604799,-0.4244016,0.06017306,0.9034725,moving,-18.75126,1.026256,3.034993,0.8785799,-0.7691116872275333,1.450720924840097,21.78675349864041,3.846889369827467,21.78357933483658
3281,05/15/2023 18:38:45.553202,3464,True,True,True,True,Eyes,1.385003,0.09259314,-3.69219,-0.3242504,0.01961972,0.9457678,0.0,0.0,0.0,0.0,0.0,0.0,0.0,0.3574193,-0.3193888,3.925183,1.37377,0.09500599,-3.706826,-0.02503837,-0.2196565,-0.02720809,0.9748764,356.5159,334.6781,357.5856,0.3517937,0.02317693,-0.9357901,0,0,0,0.9718218,0.1748656,-2.724107,0.05629051,0.01766952,1.063105,0.9020215,-0.04204936,0.4296382,0.06404873,0.9972656,-0.03686577,-0.4269133,0.0607715,0.9022483,moving,-18.92395,1.188417,3.030931,0.9522064,-0.7939671458933081,1.4725220071523324,21.95615164758418,3.8601261841427363,21.951912288908932
3282,05/15/2023 18:38:45.563150,3465,True,True,True,True,Eyes,1.38467,0.09269977,-3.692342,-0.3270544,0.02217639,0.9447452,0.0,0.0,0.0,0.0,0.0,0.0,0.0,0.3677346,-0.323108,3.923957,1.373554,0.09500885,-3.706938,-0.02557724,-0.2209121,-0.02696828,0.9745852,356.4586,334.5301,357.6305,0.3517266,0.02320663,-0.9358146,0,0,0,0.967933,0.1774625,-2.724384,0.0555966,0.01904368,1.064559,0.900941,-0.04126513,0.4319749,0.06386642,0.997237,-0.03793917,-0.4292159,0.06176965,0.9010873,moving,-19.09496,1.34468,2.989557,1.024843,-0.8182538328851033,1.4934899465048108,22.086832883640383,3.8365418412296024,22.081408287467948
3283,05/15/2023 18:38:45.583292,3466,True,True,True,True,Eyes,1.384326,0.09280629,-3.692499,-0.3298428,0.02467821,0.9437133,0.0,0.0,0.0,0.0,0.0,0.0,0.0,0.3764985,-0.3232022,3.923136,1.373365,0.09500027,-3.707026,-0.02567531,-0.2219984,-0.02652453,0.9743481,356.4563,334.4009,357.6866,0.3516575,0.02323605,-0.9358398,0,0,0,0.9652196,0.1792745,-2.724577,0.05561644,0.02071095,1.065538,0.9000264,-0.0402885,0.4339693,0.06308801,0.9972745,-0.03825657,-0.4312452,0.06181019,0.9001151,moving,-19.26533,1.49795,2.987878,1.113523,-0.8422673773324535,1.5140332415644189,22.25652826497414,3.8510287021910328,22.24976015429891
3284,05/15/2023 18:38:45.603788,3467,True,True,True,True,Eyes,1.383989,0.09291358,-3.692651,-0.3325771,0.02710019,0.9426867,0.0,0.0,0.0,0.0,0.0,0.0,0.0,0.3843117,-0.3235259,3.922395,1.373158,0.0950489,-3.707149,-0.02579796,-0.2229648,-0.02603171,0.9741375,356.4529,334.2856,357.7484,0.3515863,0.02326522,-0.9358658,0,0,0,0.961756,0.1815875,-2.724823,0.05470496,0.0227389,1.06686,0.8992181,-0.03921284,0.4357398,0.06222099,0.9973136,-0.0386532,-0.4330536,0.06186982,0.8992423,moving,-19.43269,1.646675,2.935362,1.221009,-0.8657176326138752,1.5339495081862635,22.37210186411326,3.81393997529273,22.36387943856166
3285,05/15/2023 18:38:45.622896,3468,True,True,True,True,Eyes,1.383638,0.09302692,-3.692813,-0.3352189,0.02949408,0.9416785,0.0,0.0,0.0,0.0,0.0,0.0,0.0,0.3906697,-0.3255275,3.92158,1.372995,0.09516621,-3.707183,-0.02610678,-0.2237512,-0.02565391,0.9739589,356.4262,334.192,357.8014,0.3515135,0.02329417,-0.9358923,0,0,0,0.9584326,0.1838069,-2.72506,0.05347155,0.02417548,1.068102,0.8985546,-0.03828885,0.4371883,0.06165455,0.9973206,-0.03937368,-0.4345094,0.06233406,0.8985077,moving,-19.59472,1.793961,2.865961,1.296615,-0.8886706099074587,1.5537055031541689,22.46618668193329,3.7634231828122036,22.456395784419847
3286,05/15/2023 18:38:45.633199,3469,True,True,True,True,Eyes,1.383299,0.09313412,-3.692968,-0.3377975,0.03184756,0.9406798,0.0,0.0,0.0,0.0,0.0,0.0,0.0,0.3959165,-0.3273401,3.920994,1.372894,0.09536362,-3.707314,-0.02638428,-0.224405,-0.0252149,0.9738125,356.405,334.1138,357.86,0.3514388,0.02332308,-0.9359197,0,0,0,0.9550636,0.1860567,-2.7253,0.05190592,0.02563624,1.069487,0.8980133,-0.03726764,0.4383872,0.0609507,0.9973361,-0.04006997,-0.4357261,0.06270336,0.8978925,moving,-19.75318,1.939059,2.778582,1.373151,-0.911197869391694,1.5731781777091098,22.538867555605094,3.6951977425288707,22.527388479221376
3287,05/15/2023 18:38:45.653471,3470,True,True,True,True,Eyes,1.382903,0.09325111,-3.693155,-0.3401873,0.03419285,0.9397359,0.0,0.0,0.0,0.0,0.0,0.0,0.0,0.4004857,-0.3328554,3.920017,1.372823,0.09529877,-3.70729,-0.02718661,-0.2249908,-0.02462269,0.9736704,356.3293,334.0432,357.949,0.3513627,0.0233518,-0.9359475,0,0,0,0.9513827,0.1885148,-2.725562,0.04985301,0.02650529,1.070936,0.8975458,-0.03571528,0.4394725,0.06018224,0.9973093,-0.04186183,-0.4367949,0.06402134,0.8972801,moving,-19.90041,2.083822,2.665246,1.417762,-0.93288149196033,1.5927008414929973,22.575483751936215,3.602377693505172,22.562194524656732
3288,05/15/2023 18:38:45.663332,3471,True,True,True,True,Eyes,1.382522,0.09337288,-3.693337,-0.3424875,0.03651037,0.9388127,0.0,0.0,0.0,0.0,0.0,0.0,0.0,0.4042919,-0.334358,3.919611,1.37287,0.09554291,-3.707384,-0.02733806,-0.2254514,-0.02477125,0.9735558,356.3076,333.9896,357.938,0.3512838,0.02338059,-0.9359764,0,0,0,0.9484243,0.1904904,-2.725772,0.04805087,0.02769841,1.072219,0.8971162,-0.03590558,0.4403334,0.06055919,0.997278,-0.04206081,-0.4376246,0.06439967,0.8968486,moving,-20.04243,2.227108,2.56596,1.479781,-0.9540737046359676,1.6120567224590463,22.620738185059942,3.5225181544635475,22.60550796134969
3289,05/15/2023 18:38:45.683285,3472,True,True,True,True,Eyes,1.382082,0.0934894,-3.693552,-0.3446345,0.03882994,0.9379336,0.0,0.0,0.0,0.0,0.0,0.0,0.0,0.4059964,-0.3408993,3.918921,1.372835,0.09576607,-3.707445,-0.02809314,-0.2256186,-0.02522155,0.973484,356.2113,333.9718,357.9077,0.3512028,0.02340956,-0.9360061,0,0,0,0.9449289,0.1928246,-2.726021,0.04517007,0.02783365,1.073732,0.8969203,-0.03642888,0.4406891,0.06178221,0.9971493,-0.04331553,-0.4378549,0.06607734,0.8966141,moving,-20.17537,2.37066,2.408916,1.484909,-0.9746244254337604,1.6315301952019678,22.60164881073496,3.386715752085924,22.584317702308223
3290,05/15/2023 18:38:45.703409,3473,True,True,True,True,Eyes,1.38166,0.09360137,-3.693763,-0.3467135,0.0410604,0.9370719,0.0,0.0,0.0,0.0,0.0,0.0,0.0,0.4080623,-0.3439792,3.91854,1.372754,0.09564495,-3.707585,-0.02843557,-0.2258199,-0.02578881,0.9734125,356.1579,333.9502,357.8539,0.3511183,0.02343856,-0.936037,0,0,0,0.9413888,0.1951887,-2.726273,0.04233979,0.02915742,1.075321,0.8966806,-0.03736367,0.4410985,0.06304894,0.9970527,-0.04371181,-0.4381653,0.06700632,0.8963936,moving,-20.30431,2.508968,2.254804,1.553198,-0.994486819921523,1.6502848118200206,22.57935164609241,3.2507409434551473,22.559889190656307
3291,05/15/2023 18:38:45.713491,3474,True,True,True,True,Eyes,1.381214,0.09370703,-3.693987,-0.3487212,0.04327776,0.9362267,0.0,0.0,0.0,0.0,0.0,0.0,0.0,0.4108055,-0.3440366,3.918355,1.372751,0.09564877,-3.7077,-0.028388,-0.2261243,-0.02627462,0.9733302,356.15,333.916,357.7995,0.3510311,0.02346747,-0.936069,0,0,0,0.9382466,0.1972871,-2.726496,0.04001321,0.03096762,1.076718,0.8963549,-0.03830932,0.4416789,0.0639862,0.9970075,-0.04337914,-0.4386954,0.06714446,0.8961238,moving,-20.42911,2.646655,2.128257,1.647436,-1.0140005525953306,1.6689863425724716,22.579487252430027,3.142331450389565,22.557779680406068
3292,05/15/2023 18:38:45.733157,3475,True,True,True,True,Eyes,1.38079,0.09380701,-3.694211,-0.3506539,0.04542322,0.9354029,0.0,0.0,0.0,0.0,0.0,0.0,0.0,0.4127406,-0.3449738,3.918119,1.372741,0.09554768,-3.707758,-0.02845785,-0.2263263,-0.02681544,0.9732665,356.1277,333.8942,357.7416,0.3509409,0.02349613,-0.9361021,0,0,0,0.9347247,0.199639,-2.726747,0.03707799,0.03283415,1.078251,0.8961146,-0.03931562,0.4420778,0.06507866,0.9969422,-0.04325605,-0.4390254,0.06753222,0.8959332,moving,-20.54948,2.780103,1.969463,1.744193,-1.0328706843781772,1.6871172418725826,22.54275722633212,3.0028761537095834,22.51876301615027
3293,05/15/2023 18:38:45.753543,3476,True,True,True,True,Eyes,1.380346,0.09390986,-3.694443,-0.3526107,0.04761003,0.9345582,0.0,0.0,0.0,0.0,0.0,0.0,0.0,0.4142967,-0.3462841,3.918085,1.372856,0.09550953,-3.707977,-0.02855018,-0.2264784,-0.02746995,0.9732102,356.1001,333.8787,357.6714,0.3508483,0.02352442,-0.9361361,0,0,0,0.9314802,0.2018057,-2.726978,0.03424554,0.03434797,1.079869,0.8959059,-0.04053606,0.4423907,0.06640007,0.9968606,-0.04312794,-0.4392536,0.06801335,0.8957849,moving,-20.67159,2.916348,1.816394,1.821824,-1.052079278065464,1.7056349973993512,22.514604308555633,2.870825461657494,22.488133431372393
3294,05/15/2023 18:38:45.763416,3477,True,True,True,True,Eyes,1.379921,0.09401184,-3.694669,-0.3544844,0.04975861,0.9337371,0.0,0.0,0.0,0.0,0.0,0.0,0.0,0.4149047,-0.3504528,3.917634,1.372785,0.0956192,-3.707984,-0.02902568,-0.2265158,-0.02783173,0.9731771,356.0375,333.8759,357.6434,0.3507531,0.02355245,-0.936171,0,0,0,0.9280799,0.2040764,-2.72722,0.03115451,0.03512785,1.081302,0.895832,-0.04102085,0.4424956,0.06731996,0.9967658,-0.0438856,-0.4392643,0.06910291,0.8956962,moving,-20.78879,3.050392,1.650351,1.860692,-1.070763529773405,1.7238792747442595,22.4706571979522,2.724551707333858,22.441589027816033
3295,05/15/2023 18:38:45.783390,3478,True,True,True,True,Eyes,1.379921,0.09401184,-3.694669,-0.3544844,0.04975861,0.9337371,0.0,0.0,0.0,0.0,0.0,0.0,0.0,0.4149911,-0.355409,3.917254,1.372829,0.09568882,-3.708045,-0.02963793,-0.2265131,-0.02792759,0.9731566,355.9667,333.877,357.6485,0.3506562,0.02358023,-0.9362066,0,0,0,0.9244707,0.2064866,-2.727477,0.02773723,0.03588129,1.08294,0.8958237,-0.04092906,0.4425209,0.0677826,0.9966833,-0.04503275,-0.4392101,0.07033661,0.8956268,moving,-20.78879,3.050392,1.467191,1.8977,-1.070763529773405,1.7238792747442595,22.28581138570514,2.543899927223116,22.25686515137708
3296,05/15/2023 18:38:45.803312,3479,True,True,True,True,Eyes,1.379921,0.09401184,-3.694669,-0.3544844,0.04975861,0.9337371,0.0,0.0,0.0,0.0,0.0,0.0,0.0,0.414806,-0.3608373,3.916804,1.372843,0.09593773,-3.708062,-0.03028592,-0.2264736,-0.0280352,0.9731427,355.8916,333.8824,357.653,0.3505689,0.02360522,-0.9362386,0,0,0,0.9211059,0.2087336,-2.727716,0.02448961,0.0362275,1.084413,0.8958474,-0.04084657,0.4424803,0.06828241,0.9965935,-0.04624658,-0.4390841,0.07164349,0.895585,moving,-20.78879,3.050392,1.293707,1.913395,-1.070763529773405,1.7238792747442595,22.111748821226648,2.372053350219201,22.082901218422453
3297,05/15/2023 18:38:45.813117,3480,True,True,True,True,Eyes,1.37952,0.09412904,-3.694894,-0.356646,0.05211549,0.9327849,0.0,0.0,0.0,0.0,0.0,0.0,0.0,0.4146829,-0.3687171,3.916204,1.37286,0.09606647,-3.708179,-0.03126343,-0.2264334,-0.02813321,0.9731182,355.78,333.888,357.6671,0.3504903,0.02362772,-0.9362675,0,0,0,0.9180227,0.2107926,-2.727936,0.02157672,0.03582034,1.085895,0.8958729,-0.0405957,0.4424519,0.06891204,0.9964622,-0.04810543,-0.4389338,0.07358661,0.8955011,moving,-20.92412,3.19784,1.138317,1.889327,-1.0917832469533917,1.7438919020131245,22.101206588105953,2.2348374614696325,22.069228416962332
3298,05/15/2023 18:38:45.833226,3481,True,True,True,True,Eyes,1.379138,0.09424659,-3.695118,-0.3587298,0.05443521,0.9318528,0.0,0.0,0.0,0.0,0.0,0.0,0.0,0.4163703,-0.3735432,3.915684,1.372838,0.09611225,-3.70831,-0.03187112,-0.2266201,-0.02819727,0.9730533,355.71,333.8665,357.6764,0.3504088,0.02365089,-0.9362974,0,0,0,0.9146119,0.2130703,-2.728179,0.01886702,0.03650346,1.087482,0.8956965,-0.04042961,0.4428242,0.06932016,0.9963782,-0.04924444,-0.4392296,0.07480472,0.8952551,moving,-21.05491,3.343197,0.9939397,1.922522,-1.112313907276572,1.7636436297518148,22.094571517655982,2.112237343363262,22.05939957582161
3299,05/15/2023 18:38:45.853010,3482,True,True,True,True,Eyes,1.378779,0.09436463,-3.695332,-0.3610781,0.05681851,0.930803,0.0,0.0,0.0,0.0,0.0,0.0,0.0,0.4181768,-0.379183,3.915198,1.372934,0.09623146,-3.708534,-0.03254861,-0.2268159,-0.02845156,0.9729778,355.6273,333.8448,357.6663,0.350325,0.02367468,-0.9363282,0,0,0,0.9112111,0.2153413,-2.72842,0.01610769,0.03685632,1.08921,0.8954901,-0.04060039,0.4432258,0.07013056,0.9962621,-0.05043161,-0.4395216,0.07624467,0.8949903,moving,-21.20232,3.493141,0.8472525,1.938016,-1.1344027405251813,1.783909478499692,22.104344848883922,1.9876383756281821,22.06562763135819
3300,05/15/2023 18:38:45.863447,3483,True,True,True,True,Eyes,1.378437,0.094475,-3.695548,-0.3633593,0.0591564,0.929769,0.0,0.0,0.0,0.0,0.0,0.0,0.0,0.4194866,-0.3845674,3.914541,1.372849,0.09632492,-3.708572,-0.03320693,-0.2269453,-0.02863201,0.9729201,355.5487,333.8305,357.6638,0.3502399,0.02369904,-0.9363595,0,0,0,0.907898,0.2175538,-2.728656,0.013372,0.03726854,1.090662,0.8953521,-0.04064099,0.4435008,0.07078563,0.996155,-0.05161958,-0.4396977,0.07761118,0.8947863,moving,-21.34586,3.640527,0.7024365,1.957067,-1.1560159948204998,1.8038414419522424,22.112471958682328,1.8647583615963723,22.070068759253598
3301,05/15/2023 18:38:45.883239,3484,True,True,True,True,Eyes,1.377969,0.0945923,-3.695829,-0.3654794,0.06153445,0.9287832,0.0,0.0,0.0,0.0,0.0,0.0,0.0,0.4226816,-0.3895653,3.913977,1.372915,0.09623909,-3.708838,-0.03390163,-0.2273453,-0.02833438,0.9728115,355.4779,333.7823,357.7169,0.3501538,0.0237237,-0.936391,0,0,0,0.9044656,0.219846,-2.728901,0.01115566,0.03806646,1.09244,0.8950226,-0.03971325,0.4442494,0.07054278,0.9960957,-0.05307641,-0.4404071,0.07884317,0.8943296,moving,-21.47981,3.790464,0.5850666,1.995684,-1.1771235229761468,1.824223918378874,22.13775089347668,1.7705119567809222,22.09147053348898
3302,05/15/2023 18:38:45.903261,3485,True,True,True,True,Eyes,1.377524,0.09471607,-3.696103,-0.3675366,0.0638737,0.9278131,0.0,0.0,0.0,0.0,0.0,0.0,0.0,0.4270399,-0.3926635,3.913293,1.372933,0.09630489,-3.708935,-0.03433352,-0.2278937,-0.02808123,0.9726753,355.435,333.7167,357.759,0.3500636,0.02374881,-0.9364241,0,0,0,0.9010503,0.2221267,-2.729144,0.009235293,0.03926334,1.094013,0.8945519,-0.03897905,0.4452613,0.07027663,0.9960653,-0.05399166,-0.4414049,0.07958981,0.8937714,moving,-21.61011,3.938216,0.4836603,2.055422,-1.197799731086632,1.8443242047978128,22.17384944739181,1.6946592917991161,22.123629401484322
3303,05/15/2023 18:38:45.913156,3486,True,True,True,True,Eyes,1.376959,0.09484715,-3.696442,-0.3696136,0.06633437,0.9268147,0.0,0.0,0.0,0.0,0.0,0.0,0.0,0.4301568,-0.3983259,3.912483,1.373038,0.09657288,-3.708998,-0.03500503,-0.2282637,-0.02829813,0.9725584,355.3535,333.6741,357.7539,0.3499702,0.02377448,-0.9364583,0,0,0,0.8977764,0.224313,-2.729377,0.006928429,0.03942149,1.095557,0.8941898,-0.0390624,0.4459806,0.07102391,0.9959478,-0.05516999,-0.4420184,0.08100773,0.8933407,moving,-21.74211,4.093816,0.3623403,2.060788,-1.219193742960203,1.8655377678691911,22.19774596471349,1.59354089442009,22.142972378047478
3304,05/15/2023 18:38:45.933822,3487,True,True,True,True,Eyes,1.376414,0.09496894,-3.696778,-0.3716541,0.06871688,0.9258246,0.0,0.0,0.0,0.0,0.0,0.0,0.0,0.4334094,-0.4079298,3.911269,1.372994,0.09663677,-3.709155,-0.03618939,-0.2286126,-0.02866134,0.9724224,355.2109,333.6348,357.7458,0.3498707,0.02380083,-0.9364948,0,0,0,0.8942431,0.2266725,-2.729628,0.004527017,0.03876776,1.097295,0.8938296,-0.03919516,0.4466904,0.07228856,0.9957377,-0.05727805,-0.4425415,0.08348743,0.8928533,moving,-21.87202,4.244844,0.236379,2.023435,-1.2400894589749711,1.886112380951724,22.219720166745617,1.4828407237630763,22.16011421297051
3305,05/15/2023 18:38:45.953536,3488,True,True,True,True,Eyes,1.375891,0.09509062,-3.697105,-0.3736666,0.07103667,0.9248389,0.0,0.0,0.0,0.0,0.0,0.0,0.0,0.438894,-0.4096799,3.910657,1.37294,0.09653282,-3.70937,-0.03644833,-0.2292759,-0.0286086,0.9722581,355.1819,333.5563,357.7618,0.3497662,0.02382755,-0.9365332,0,0,0,0.890783,0.2289832,-2.729874,0.002900466,0.04042878,1.098992,0.8932283,-0.03891644,0.447916,0.07234334,0.9957061,-0.05775585,-0.4437451,0.08399289,0.8922083,moving,-22.0004,4.392252,0.151215,2.106798,-1.2605997308082024,1.906179997954149,22.269201761498795,1.4259973411167028,22.205166230217188
3306,05/15/2023 18:38:45.963434,3489,True,True,True,True,Eyes,1.375335,0.0952185,-3.697452,-0.3759034,0.0732999,0.9237553,0.0,0.0,0.0,0.0,0.0,0.0,0.0,0.4451345,-0.4128366,3.909743,1.372935,0.09664631,-3.7095,-0.03686178,-0.2300396,-0.02855945,0.9720636,355.1353,333.4659,357.7819,0.3496578,0.02385461,-0.936573,0,0,0,0.8874291,0.2312229,-2.730113,0.001550689,0.04148353,1.100591,0.8925323,-0.03856386,0.4493317,0.07248254,0.9956512,-0.05852437,-0.4451207,0.08480359,0.8914459,moving,-22.14286,4.536909,0.08072747,2.158574,-1.281927760906067,1.925729111957982,22.350488079882414,1.38240588113729,22.281761986083865
3307,05/15/2023 18:38:45.983295,3490,True,True,True,True,Eyes,1.374781,0.09534489,-3.697807,-0.378402,0.07553924,0.9225539,0.0,0.0,0.0,0.0,0.0,0.0,0.0,0.451278,-0.4157994,3.908814,1.372935,0.09679508,-3.70959,-0.03723179,-0.2307864,-0.02862713,0.9718705,355.0905,333.3781,357.7878,0.349545,0.02388212,-0.9366144,0,0,0,0.8841479,0.2334141,-2.730347,0.0001941472,0.04249133,1.102129,0.8918363,-0.03845854,0.4507205,0.0728289,0.9955885,-0.05915543,-0.4464573,0.08558244,0.8907029,moving,-22.30186,4.680969,0.01009303,2.207881,-1.304415812803681,1.9450478568113767,22.448594884060565,1.340527791195499,22.3749442206476
3308,05/15/2023 18:38:46.003582,3491,True,True,True,True,Eyes,1.374244,0.0954634,-3.698157,-0.3808641,0.07769635,0.9213608,0.0,0.0,0.0,0.0,0.0,0.0,0.0,0.4588131,-0.4190474,3.907817,1.372899,0.09680367,-3.709841,-0.03763767,-0.2316802,-0.02887248,0.9716348,355.0367,333.2737,357.7756,0.3494281,0.02391,-0.9366572,0,0,0,0.8807325,0.2356949,-2.73059,-0.0008767843,0.04354765,1.103881,0.8909814,-0.03866721,0.4523904,0.07354682,0.9954995,-0.05976177,-0.4480437,0.0865185,0.8898154,moving,-22.4588,4.820224,-0.04550856,2.259124,-1.326390121527106,1.9636938962203572,22.559141525873216,1.3145099926890504,22.480544274090676
3309,05/15/2023 18:38:46.013426,3492,True,True,True,True,Eyes,1.373743,0.09558175,-3.698491,-0.3835157,0.07986217,0.9200748,0.0,0.0,0.0,0.0,0.0,0.0,0.0,0.466411,-0.4193147,3.907033,1.372777,0.09673309,-3.71004,-0.03768969,-0.2325893,-0.02898802,0.9714122,355.0257,333.1668,357.7687,0.349308,0.023938,-0.9367013,0,0,0,0.8770985,0.2381217,-2.730848,-0.002081633,0.04564628,1.105629,0.8901238,-0.0387862,0.4540652,0.07385108,0.9954783,-0.05973983,-0.4496951,0.08670904,0.8889635,moving,-22.62789,4.96082,-0.107874,2.364135,-1.349351237262003,1.982426516471354,22.669227901044206,1.2988329750346785,22.585733793027284
3310,05/15/2023 18:38:46.033839,3493,True,True,True,True,Eyes,1.373257,0.09570394,-3.698826,-0.3861365,0.08198529,0.9187911,0.0,0.0,0.0,0.0,0.0,0.0,0.0,0.4747271,-0.4218667,3.905836,1.372671,0.0967741,-3.710163,-0.03802524,-0.2335908,-0.02908365,0.9711558,354.9834,333.0489,357.7721,0.3491861,0.02396611,-0.9367461,0,0,0,0.8739977,0.2401924,-2.731069,-0.002577052,0.04672315,1.107103,0.8891791,-0.03872483,0.4559179,0.07425421,0.9954165,-0.06026952,-0.4514942,0.08744421,0.8879789,moving,-22.79535,5.099095,-0.1333696,2.416623,-1.372017929724009,2.0008397431681466,22.82018868635332,1.3065700905002304,22.73140657997085
3311,05/15/2023 18:38:46.053141,3494,True,True,True,True,Eyes,1.373257,0.09570394,-3.698826,-0.3861365,0.08198529,0.9187911,0.0,0.0,0.0,0.0,0.0,0.0,0.0,0.4839097,-0.4259949,3.904564,1.372553,0.09697914,-3.710519,-0.03853574,-0.234678,-0.02923454,0.970869,354.9199,332.921,357.7746,0.3490627,0.02399442,-0.9367913,0,0,0,0.8706338,0.2424388,-2.731308,-0.002986372,0.04737532,1.108911,0.8881431,-0.03867884,0.4579365,0.07485281,0.9953207,-0.0611049,-0.4534301,0.08854773,0.8868824,moving,-22.79535,5.099095,-0.154301,2.446324,-1.372017929724009,2.0008397431681466,22.795927131811112,1.2966459593973583,22.70732527555884
3312,05/15/2023 18:38:46.063199,3495,True,True,True,True,Eyes,1.373257,0.09570394,-3.698826,-0.3861365,0.08198529,0.9187911,0.0,0.0,0.0,0.0,0.0,0.0,0.0,0.4926156,-0.4314681,3.902844,1.372453,0.0970726,-3.710523,-0.03924536,-0.2357331,-0.02928988,0.9705833,354.8369,332.7964,357.793,0.3489516,0.0240199,-0.936832,0,0,0,0.8672789,0.2446792,-2.731547,-0.003595948,0.04776868,1.110445,0.887144,-0.03835367,0.4598962,0.0753594,0.9952038,-0.0623726,-0.4552982,0.08999099,0.8857794,moving,-22.79535,5.099095,-0.18554,2.463209,-1.372017929724009,2.0008397431681466,22.76293924872392,1.2733872966954753,22.67444500607029
3313,05/15/2023 18:38:46.083395,3496,True,True,True,True,Eyes,1.372836,0.09582728,-3.699132,-0.3891436,0.08425404,0.9173158,0.0,0.0,0.0,0.0,0.0,0.0,0.0,0.5002625,-0.4359561,3.901516,1.372426,0.09707832,-3.710683,-0.03984652,-0.2366653,-0.0292434,0.9703333,354.769,332.6859,357.8194,0.3488517,0.02404283,-0.9368686,0,0,0,0.8640261,0.2468514,-2.731779,-0.004372388,0.04845197,1.112109,0.8862687,-0.0378911,0.461619,0.07561226,0.9951142,-0.06348702,-0.456958,0.09117062,0.8848035,moving,-22.98762,5.247805,-0.2252639,2.494664,-1.3972821399823472,2.020536152173708,22.928249837026115,1.2642879303923256,22.83367616255047
3314,05/15/2023 18:38:46.093216,3497,True,True,True,True,Eyes,1.372431,0.09594885,-3.699433,-0.3920819,0.08647304,0.9158571,0.0,0.0,0.0,0.0,0.0,0.0,0.0,0.5074332,-0.4392202,3.900247,1.372334,0.09719181,-3.71074,-0.04026951,-0.2375341,-0.02926656,0.9701028,354.7193,332.5831,357.833,0.3487498,0.0240665,-0.9369059,0,0,0,0.8605515,0.2491717,-2.732026,-0.00551489,0.04951499,1.11374,0.8854421,-0.03765238,0.4632221,0.07591391,0.9950437,-0.06422751,-0.4585078,0.09203473,0.8839119,moving,-23.17595,5.393741,-0.2837083,2.545597,-1.4220493239288907,2.0398682380951687,23.06873759649528,1.2456250910194724,22.968101078401496
3315,05/15/2023 18:38:46.113219,3498,True,True,True,True,Eyes,1.372055,0.09606205,-3.699714,-0.3950432,0.08863629,0.9143766,0.0,0.0,0.0,0.0,0.0,0.0,0.0,0.5138441,-0.4431905,3.899112,1.372322,0.09726238,-3.710902,-0.04078373,-0.23831,-0.02929304,0.9698904,354.6596,332.4912,357.8482,0.3486466,0.0240908,-0.9369437,0,0,0,0.8573298,0.2513231,-2.732255,-0.006636351,0.05025121,1.115407,0.8847005,-0.03738374,0.4646585,0.07626042,0.9949572,-0.06514981,-0.4598798,0.09307312,0.8830901,moving,-23.36606,5.536742,-0.3408895,2.57954,-1.4467240902705631,2.0587628674703518,23.21429560040266,1.2223252279179495,23.107376426218806
3316,05/15/2023 18:38:46.133355,3499,True,True,True,True,Eyes,1.371692,0.09616637,-3.699992,-0.397919,0.09070723,0.9129254,0.0,0.0,0.0,0.0,0.0,0.0,0.0,0.5179133,-0.4455955,3.898271,1.372182,0.09715843,-3.710927,-0.04111843,-0.2387947,-0.02928877,0.969757,354.6213,332.4337,357.8605,0.348543,0.02411545,-0.9369816,0,0,0,0.8540187,0.2535343,-2.732491,-0.008476555,0.05162417,1.116937,0.8842385,-0.03716825,0.4655543,0.0764437,0.9949029,-0.06576176,-0.460737,0.09373777,0.8825727,moving,-23.55106,5.67422,-0.4348156,2.646295,-1.470608534582433,2.0769082359105484,23.31371023595679,1.1819764339660688,23.200780022584166
3317,05/15/2023 18:38:46.143097,3500,True,True,True,True,Eyes,1.37132,0.09627891,-3.700274,-0.4007283,0.09276021,0.9114891,0.0,0.0,0.0,0.0,0.0,0.0,0.0,0.5217884,-0.4451196,3.897969,1.372129,0.09705544,-3.711119,-0.04111238,-0.2392796,-0.02901315,0.969646,354.6285,332.3749,357.8938,0.3484393,0.0241402,-0.9370195,0,0,0,0.8505263,0.2558666,-2.732739,-0.01047291,0.05397603,1.118702,0.8838071,-0.03659027,0.4664186,0.07593969,0.994936,-0.06584439,-0.4616474,0.09361342,0.8821101,moving,-23.73228,5.810858,-0.5363681,2.762311,-1.4941539750310646,2.094965891459743,23.39538346947471,1.1673488237461969,23.276675168665594
3318,05/15/2023 18:38:46.163149,3501,True,True,True,True,Eyes,1.370957,0.09638745,-3.700553,-0.4034502,0.09477467,0.9100801,0.0,0.0,0.0,0.0,0.0,0.0,0.0,0.5246149,-0.4491274,3.897202,1.372034,0.09732342,-3.711223,-0.04161222,-0.2396156,-0.02889541,0.9695452,354.5753,332.3344,357.9225,0.3483354,0.02416524,-0.9370576,0,0,0,0.8472043,0.258085,-2.732976,-0.01260657,0.05467659,1.120317,0.8834989,-0.03608893,0.4670411,0.07597268,0.994867,-0.06684228,-0.4622315,0.09453744,0.8817056,moving,-23.90833,5.945285,-0.6447036,2.794078,-1.5171553715664086,2.112750903622397,23.476081845904908,1.1069682497559268,23.350905519846194
3319,05/15/2023 18:38:46.183192,3502,True,True,True,True,Eyes,1.370581,0.09650084,-3.700836,-0.4062208,0.0967616,0.9086373,0.0,0.0,0.0,0.0,0.0,0.0,0.0,0.528047,-0.4537214,3.896348,1.371854,0.09732914,-3.711438,-0.04223168,-0.2400179,-0.02868682,0.9694252,354.5112,332.2854,357.965,0.3482314,0.02419044,-0.9370955,0,0,0,0.8439208,0.2602777,-2.73321,-0.01440019,0.05540581,1.122015,0.883137,-0.03534674,0.4677817,0.07589216,0.9947872,-0.06811018,-0.4629357,0.09565158,0.8812158,moving,-24.08779,6.07857,-0.7353067,2.827006,-1.540318815062649,2.130341953880645,23.577768018259803,1.0646057009771412,23.44597013975616
3320,05/15/2023 18:38:46.193129,3503,True,True,True,True,Eyes,1.370212,0.09661316,-3.701118,-0.4089434,0.09873644,0.9072025,0.0,0.0,0.0,0.0,0.0,0.0,0.0,0.5340899,-0.4578765,3.895105,1.371611,0.09753704,-3.711591,-0.04278119,-0.2407429,-0.0284502,0.9692282,354.455,332.198,358.0107,0.3481271,0.0242159,-0.9371336,0,0,0,0.8403949,0.2626323,-2.73346,-0.01563985,0.05626794,1.123734,0.8824669,-0.03455095,0.4691038,0.07574801,0.9947207,-0.0692311,-0.4642352,0.09662782,0.8804253,moving,-24.26462,6.211404,-0.797377,2.866538,-1.5632564897830363,2.147891158750684,23.704422004744284,1.0502498156667028,23.565870779787275
3321,05/15/2023 18:38:46.213246,3504,True,True,True,True,Eyes,1.369785,0.09672385,-3.70143,-0.4116794,0.1006615,0.9057523,0.0,0.0,0.0,0.0,0.0,0.0,0.0,0.5417071,-0.4648074,3.893366,1.37139,0.0976181,-3.711812,-0.04370447,-0.2416582,-0.02821983,0.9689659,354.3567,332.0877,358.0671,0.3480227,0.02424158,-0.9371717,0,0,0,0.8371049,0.2648294,-2.733695,-0.0161605,0.05629924,1.125479,0.8816099,-0.033565,0.4707839,0.07581119,0.9945871,-0.07105719,-0.4658505,0.0983354,0.8793824,moving,-24.44258,6.341588,-0.8226403,2.863689,-1.5860759526682586,2.1650495559241505,23.874616916001752,1.0348579944048468,23.7288608468565
3322,05/15/2023 18:38:46.233127,3505,True,True,True,True,Eyes,1.369362,0.09683729,-3.701737,-0.4143839,0.1025593,0.9043051,0.0,0.0,0.0,0.0,0.0,0.0,0.0,0.5504973,-0.4670067,3.891977,1.371179,0.09762669,-3.712003,-0.04403098,-0.2427257,-0.02803017,0.9686899,354.3235,331.96,358.1036,0.3479166,0.0242674,-0.9372104,0,0,0,0.8336542,0.2671337,-2.73394,-0.01657508,0.05777809,1.127235,0.8805971,-0.03293018,0.4727202,0.07567998,0.9945511,-0.07169742,-0.4677834,0.09891199,0.878291,moving,-24.61889,6.470395,-0.8424278,2.934213,-1.608670976286967,2.1820244323891576,24.037985312524693,1.0737393754774904,23.885563285323425
3323,05/15/2023 18:38:46.243286,3506,True,True,True,True,Eyes,1.369069,0.09694336,-3.701975,-0.4172103,0.1044617,0.9027864,0.0,0.0,0.0,0.0,0.0,0.0,0.0,0.5599445,-0.4719452,3.890065,1.370873,0.09780121,-3.712145,-0.04467381,-0.2438526,-0.02798458,0.9683787,354.251,331.8256,358.1332,0.3478091,0.02429342,-0.9372496,0,0,0,0.8303602,0.2693334,-2.734174,-0.01662046,0.0582379,1.128865,0.8795055,-0.03241167,0.4747837,0.07598698,0.9944422,-0.07287408,-0.469783,0.1001705,0.8770803,moving,-24.80337,6.60036,-0.843514,2.953259,-1.6319489512149,2.1990943671054035,24.235842160835617,1.0910517704519265,24.075987195040625
3324,05/15/2023 18:38:46.263319,3507,True,True,True,True,Eyes,1.368775,0.0970531,-3.702213,-0.4200276,0.1063596,0.9012572,0.0,0.0,0.0,0.0,0.0,0.0,0.0,0.5719471,-0.4789232,3.887606,1.370628,0.09786129,-3.712382,-0.04559002,-0.2452899,-0.02801449,0.967972,354.1455,331.6544,358.1642,0.3477039,0.02431946,-0.937288,0,0,0,0.8269955,0.2715804,-2.734414,-0.01599503,0.05820765,1.130704,0.8780962,-0.03186893,0.4774218,0.07660003,0.9942735,-0.0745164,-0.472313,0.1020031,0.8755089,moving,-24.9877,6.730487,-0.8104563,2.946934,-1.6552282563120966,2.2161888999156565,24.471501511615482,1.1169727210047005,24.303753127415757
3325,05/15/2023 18:38:46.283152,3508,True,True,True,True,Eyes,1.368604,0.09715661,-3.702377,-0.4229471,0.1082295,0.8996677,0.0,0.0,0.0,0.0,0.0,0.0,0.0,0.5848026,-0.4856051,3.88498,1.370342,0.09804344,-3.712605,-0.04643467,-0.2468139,-0.02824744,0.9675376,354.0421,331.4739,358.1713,0.3476006,0.02434559,-0.9373256,0,0,0,0.8236222,0.2738331,-2.734654,-0.01517964,0.05809844,1.132511,0.8765699,-0.03173948,0.4802268,0.07758236,0.9940917,-0.07591084,-0.4749801,0.1037983,0.8738534,moving,-25.17891,6.859682,-0.7679194,2.93673,-1.6789383457941618,2.233089331760918,24.724198965135194,1.151114985392792,24.548316701645692
3326,05/15/2023 18:38:46.303088,3509,True,True,True,True,Eyes,1.368428,0.09725716,-3.702542,-0.4258677,0.1101012,0.8980615,0.0,0.0,0.0,0.0,0.0,0.0,0.0,0.5992487,-0.4928622,3.881871,1.369985,0.09814358,-3.712739,-0.04738275,-0.2485418,-0.02836023,0.9670458,353.9302,331.2682,358.1964,0.3475025,0.02437166,-0.9373613,0,0,0,0.8201138,0.276176,-2.734904,-0.01394819,0.05800667,1.13431,0.8748453,-0.0312981,0.4833903,0.07840447,0.9939012,-0.07754515,-0.478015,0.10574,0.8719637,moving,-25.37067,6.989514,-0.7045094,2.927458,-1.702736719292846,2.25007652430899,24.998395502354313,1.2063595834542502,24.814129147099212
3327,05/15/2023 18:38:46.313255,3510,True,True,True,True,Eyes,1.368288,0.09735887,-3.702681,-0.4288399,0.1119567,0.8964162,0.0,0.0,0.0,0.0,0.0,0.0,0.0,0.6134992,-0.5000113,3.878796,1.369697,0.09815788,-3.712916,-0.04832775,-0.2502522,-0.02846216,0.9665549,353.8191,331.0644,358.2228,0.3474089,0.02439762,-0.9373953,0,0,0,0.816901,0.2783215,-2.735132,-0.01250925,0.05782516,1.136047,0.8731275,-0.03083223,0.4865159,0.07920872,0.9937087,-0.07917739,-0.4810138,0.1076683,0.8700766,moving,-25.56616,7.119017,-0.6308703,2.91386,-1.7267819841755596,2.266983825382085,25.2873885132011,1.2725844588084592,25.094478091572896
3328,05/15/2023 18:38:46.333664,3511,True,True,True,True,Eyes,1.368144,0.09746648,-3.702823,-0.4317973,0.1138341,0.8947585,0.0,0.0,0.0,0.0,0.0,0.0,0.0,0.6278306,-0.5057986,3.875733,1.369439,0.09834385,-3.712986,-0.04908862,-0.2519921,-0.02846078,0.9660644,353.7314,330.8565,358.2561,0.3473204,0.02442351,-0.9374275,0,0,0,0.8133612,0.2806853,-2.735384,-0.0113644,0.05813251,1.137835,0.8713799,-0.03024999,0.4896754,0.07972978,0.9935606,-0.08050176,-0.484087,0.1091893,0.8681805,moving,-25.76127,7.250406,-0.5722362,2.924724,-1.7509422912981192,2.284165556086961,25.55775711095687,1.3415152513973085,25.356132196731313
3329,05/15/2023 18:38:46.353160,3512,True,True,True,True,Eyes,1.368021,0.09757203,-3.702951,-0.4347917,0.1156871,0.8930691,0.0,0.0,0.0,0.0,0.0,0.0,0.0,0.6408693,-0.5150529,3.872487,1.369226,0.09857082,-3.713174,-0.0502605,-0.2535479,-0.02868241,0.9655904,353.592,330.671,358.2756,0.3472363,0.02444948,-0.9374579,0,0,0,0.810074,0.2828805,-2.735618,-0.01037787,0.05718704,1.139674,0.8697815,-0.02990402,0.4925301,0.08087781,0.9933024,-0.08251736,-0.4867638,0.1116068,0.8663747,moving,-25.95919,7.380924,-0.521721,2.872603,-1.7752414349363086,2.3011975242900684,25.83388835164002,1.3776130438095473,25.622647044560228
3330,05/15/2023 18:38:46.363500,3513,True,True,True,True,Eyes,1.367891,0.0976787,-3.703084,-0.4377594,0.1175484,0.8913748,0.0,0.0,0.0,0.0,0.0,0.0,0.0,0.6535587,-0.5224242,3.86948,1.368924,0.09866619,-3.713389,-0.05123361,-0.2550734,-0.02863945,0.9651387,353.4826,330.4876,358.319,0.3471568,0.02447547,-0.9374867,0,0,0,0.8064538,0.2852981,-2.735876,-0.009636216,0.05716188,1.141654,0.8682348,-0.02914542,0.495297,0.08141874,0.9931098,-0.08428474,-0.4894277,0.1135054,0.8646254,moving,-26.15593,7.51243,-0.4835976,2.866368,-1.7995293680012665,2.318381828089338,26.089356890577694,1.4254701900216085,25.86871347822007
3331,05/15/2023 18:38:46.383493,3514,True,True,True,True,Eyes,1.367797,0.09778248,-3.703192,-0.4407609,0.1194317,0.8896437,0.0,0.0,0.0,0.0,0.0,0.0,0.0,0.6650683,-0.5306295,3.866529,1.368644,0.09878159,-3.713623,-0.05230529,-0.2564526,-0.02860847,0.9647166,353.3622,330.3214,358.3633,0.3470813,0.02450152,-0.937514,0,0,0,0.8033163,0.2873933,-2.736099,-0.008781262,0.05659267,1.143434,0.8668273,-0.02837047,0.4978008,0.08202577,0.9928914,-0.08624613,-0.4918152,0.115593,0.8629925,moving,-26.35544,7.646055,-0.4400074,2.833464,-1.8241795042598532,2.335846525308233,26.358502973014684,1.4709029761781576,26.127762192521473
3332,05/15/2023 18:38:46.403052,3515,True,True,True,True,Eyes,1.367694,0.09788771,-3.703311,-0.4437401,0.1213165,0.887906,0.0,0.0,0.0,0.0,0.0,0.0,0.0,0.6777495,-0.5393031,3.86325,1.368375,0.09892464,-3.713847,-0.05343298,-0.2579755,-0.02862149,0.9642482,353.2341,330.1379,358.4057,0.3470103,0.02452754,-0.9375396,0,0,0,0.7998563,0.2897039,-2.736346,-0.00788562,0.05603221,1.145389,0.865259,-0.02762764,0.5005633,0.08276522,0.9926515,-0.08827802,-0.494446,0.1178126,0.8611872,moving,-26.55406,7.780268,-0.394456,2.800666,-1.848809289315355,2.353403524487017,26.629331901405635,1.5215739259544356,26.388200684564133
3333,05/15/2023 18:38:46.418945,3516,True,True,True,True,Eyes,1.367592,0.09799194,-3.703431,-0.4467006,0.1231708,0.8861645,0.0,0.0,0.0,0.0,0.0,0.0,0.0,0.6897199,-0.5471579,3.860178,1.368057,0.09900665,-3.714119,-0.05445674,-0.2593986,-0.02868864,0.9638069,353.1163,329.9667,358.4388,0.3469431,0.02455357,-0.9375638,0,0,0,0.7963849,0.2920221,-2.736593,-0.007181309,0.05572492,1.147374,0.8637787,-0.02704862,0.5031449,0.08355263,0.9924228,-0.09008799,-0.4968957,0.1198552,0.8594937,moving,-26.75191,7.913021,-0.3586044,2.78052,-1.873272475729812,2.370757381102346,26.887713681345094,1.5691159241690578,26.63617594955779
3334,05/15/2023 18:38:46.435084,3517,True,True,True,True,Eyes,1.367482,0.09809852,-3.703555,-0.4496335,0.1250336,0.8844186,0.0,0.0,0.0,0.0,0.0,0.0,0.0,0.7019409,-0.5545402,3.857088,1.36776,0.09908962,-3.714402,-0.05543213,-0.2608669,-0.02862326,0.9633569,353.0077,329.7891,358.4858,0.3468793,0.0245796,-0.9375868,0,0,0,0.7929047,0.2943462,-2.73684,-0.006355196,0.05560178,1.149381,0.8622583,-0.02622801,0.5057891,0.08406964,0.992216,-0.09186812,-0.4994426,0.1217356,0.8577514,moving,-26.94853,8.046796,-0.3167984,2.769547,-1.8977233813734,2.3882688977197057,27.149557731617648,1.6262523752508244,26.887438789768428
3335,05/15/2023 18:38:46.453398,3518,True,True,True,True,Eyes,1.367399,0.09821209,-3.703664,-0.4526586,0.1269501,0.8826006,0.0,0.0,0.0,0.0,0.0,0.0,0.0,0.7130293,-0.5631508,3.853899,1.367461,0.09920502,-3.714607,-0.05656856,-0.2622097,-0.02843544,0.9629318,352.8853,329.6251,358.5507,0.3468184,0.02460567,-0.9376087,0,0,0,0.7896027,0.2965512,-2.737075,-0.005637288,0.05505843,1.151248,0.8608751,-0.02509714,0.508197,0.08442841,0.9919828,-0.09403123,-0.5017629,0.1238554,0.8560923,moving,-27.15189,8.185079,-0.2805566,2.738084,-1.923006565942856,2.406369525698338,27.417846619017705,1.6756122412679244,27.144240067885853
3336,05/15/2023 18:38:46.463909,3519,True,True,True,True,Eyes,1.367309,0.09832334,-3.703777,-0.4556364,0.1289097,0.8807824,0.0,0.0,0.0,0.0,0.0,0.0,0.0,0.7241119,-0.5707893,3.850885,1.367224,0.09950638,-3.714869,-0.05755273,-0.2635533,-0.02827777,0.9625111,352.7791,329.4612,358.6081,0.3467609,0.02463196,-0.9376293,0,0,0,0.7864425,0.2986616,-2.7373,-0.004821464,0.05454971,1.153088,0.85948,-0.02409891,0.5106009,0.08477175,0.9917761,-0.09588488,-0.5040911,0.1256957,0.8544547,moving,-27.35292,8.32659,-0.2395724,2.708501,-1.948364265914248,2.42495453510466,27.689285691226253,1.7321571056833562,27.403733327328084
3337,05/15/2023 18:38:46.483423,3520,True,True,True,True,Eyes,1.367249,0.09843299,-3.703874,-0.4585679,0.1308789,0.8789689,0.0,0.0,0.0,0.0,0.0,0.0,0.0,0.7337878,-0.5829087,3.847338,1.366968,0.09953022,-3.715069,-0.05913004,-0.2647106,-0.02825727,0.9620986,352.6033,329.3189,358.6671,0.3467061,0.02465839,-0.9376489,0,0,0,0.7829893,0.3009676,-2.737546,-0.004677899,0.05307631,1.155128,0.8582596,-0.02306785,0.5126971,0.08567725,0.9914103,-0.09881786,-0.5060138,0.1287378,0.8528639,moving,-27.55155,8.469145,-0.2320284,2.630801,-1.973626096929792,2.4437105922039315,27.936401363010276,1.7516179259874156,27.637812721113512
3338,05/15/2023 18:38:46.503140,3521,True,True,True,True,Eyes,1.367179,0.09854379,-3.703979,-0.4614665,0.1328358,0.8771564,0.0,0.0,0.0,0.0,0.0,0.0,0.0,0.7440423,-0.5902523,3.844455,1.366608,0.09962654,-3.715414,-0.06008397,-0.2659186,-0.02828586,0.9617054,352.4952,329.1721,358.7025,0.3466547,0.0246849,-0.9376673,0,0,0,0.7796305,0.3032106,-2.737785,-0.004244395,0.05282293,1.157125,0.8569745,-0.02245044,0.5148697,0.08636022,0.9911796,-0.1005227,-0.5080716,0.1306096,0.8513544,moving,-27.74858,8.611388,-0.210163,2.613747,-1.998747730503596,2.4624357831749606,28.183968997122637,1.794973655106864,27.87294383210448
3339,05/15/2023 18:38:46.513431,3522,True,True,True,True,Eyes,1.367104,0.09865375,-3.704086,-0.464259,0.1347875,0.8753833,0.0,0.0,0.0,0.0,0.0,0.0,0.0,0.7543901,-0.5973947,3.841498,1.366287,0.0997448,-3.715697,-0.06103427,-0.2671737,-0.02801977,0.9613053,352.3965,329.0175,358.7711,0.346606,0.02471152,-0.9376846,0,0,0,0.7762457,0.305471,-2.738026,-0.003706232,0.05275451,1.159101,0.8556662,-0.02125759,0.5170915,0.08648461,0.9909794,-0.1023729,-0.5102507,0.1323174,0.8497859,moving,-27.93922,8.753396,-0.1832029,2.605921,-2.0233859661710367,2.4811830389010794,28.428646364734238,1.8444059412075624,28.105122019378992
3340,05/15/2023 18:38:46.533661,3523,True,True,True,True,Eyes,1.367025,0.09876178,-3.704201,-0.467039,0.1367026,0.8736057,0.0,0.0,0.0,0.0,0.0,0.0,0.0,0.7642951,-0.6058567,3.838336,1.365997,0.09982204,-3.715929,-0.06217345,-0.2684003,-0.02754837,0.9609042,352.2834,328.864,358.8685,0.3465595,0.02473821,-0.9377011,0,0,0,0.7728183,0.3077598,-2.73827,-0.003244519,0.0524547,1.1611,0.8544047,-0.01956796,0.5192394,0.08631744,0.9907511,-0.1046975,-0.5123883,0.1342734,0.8481915,moving,-28.12944,8.89357,-0.160104,2.586677,-2.0478548021866287,2.499670331502821,28.67160015754867,1.8897548125403036,28.33526462941734
3341,05/15/2023 18:38:46.553561,3524,True,True,True,True,Eyes,1.366977,0.09888209,-3.704298,-0.4697551,0.13859,0.8718503,0.0,0.0,0.0,0.0,0.0,0.0,0.0,0.7754981,-0.6108876,3.835544,1.365839,0.09986877,-3.716247,-0.06288527,-0.2698082,-0.02697835,0.9604796,352.2207,328.6892,358.9654,0.3465149,0.02476492,-0.9377168,0,0,0,0.7693586,0.3100702,-2.738516,-0.002462789,0.05320327,1.163226,0.8529514,-0.01789039,0.5216836,0.08575823,0.9906352,-0.1062421,-0.5148974,0.135358,0.8464979,moving,-28.3159,9.032213,-0.1213068,2.618752,-2.0719337972131027,2.5179704065966417,28.914833005085942,1.9532287658708916,28.56640071834176
3342,05/15/2023 18:38:46.563213,3525,True,True,True,True,Eyes,1.36692,0.09900583,-3.704399,-0.4724349,0.1405073,0.8700936,0.0,0.0,0.0,0.0,0.0,0.0,0.0,0.7857793,-0.6193759,3.832236,1.365638,0.100296,-3.716461,-0.06394235,-0.271046,-0.02701867,0.9600602,352.1012,328.5377,359.0041,0.346473,0.02479196,-0.9377317,0,0,0,0.7660394,0.3122868,-2.738752,-0.002054259,0.0523385,1.165173,0.851608,-0.01721646,0.5238963,0.08654175,0.9903628,-0.1081304,-0.5169858,0.1374236,0.8448908,moving,-28.50064,9.17323,-0.1010153,2.571944,-2.0960671256735703,2.5366267712712984,29.1567429586133,1.9953644012481833,28.79449166321754
3343,05/15/2023 18:38:46.583403,3526,True,True,True,True,Eyes,1.366853,0.09913811,-3.704514,-0.4750305,0.1423929,0.8683721,0.0,0.0,0.0,0.0,0.0,0.0,0.0,0.7953119,-0.6301082,3.828632,1.365389,0.1004753,-3.716665,-0.06531686,-0.2721876,-0.02705632,0.9596434,351.9469,328.3964,359.0526,0.3464331,0.02481937,-0.9377457,0,0,0,0.7626935,0.3145212,-2.73899,-0.001816824,0.05101663,1.167176,0.8503637,-0.01637197,0.5259405,0.08748572,0.9900033,-0.110633,-0.5188716,0.1400906,0.8432952,moving,-28.68023,9.312308,-0.08918646,2.502775,-2.119678452327749,2.5550494172087377,29.390772538064812,2.0311647755909967,29.01420374415011
3344,05/15/2023 18:38:46.603365,3527,True,True,True,True,Eyes,1.366777,0.09927194,-3.704632,-0.477615,0.1443649,0.8666271,0.0,0.0,0.0,0.0,0.0,0.0,0.0,0.8053349,-0.6419941,3.824885,1.365139,0.1007948,-3.717082,-0.06683068,-0.273391,-0.02694406,0.9592002,351.782,328.2458,359.1231,0.3463947,0.02484734,-0.9377592,0,0,0,0.7592564,0.3168164,-2.739235,-0.001328912,0.04935846,1.169404,0.8490627,-0.01514767,0.5280748,0.0882313,0.9896153,-0.1134755,-0.520872,0.1429405,0.841582,moving,-28.86002,9.457629,-0.06511093,2.416918,-2.143776818470845,2.574367733632108,29.64318470972863,2.0846204197678553,29.251183086081696
3345,05/15/2023 18:38:46.613229,3528,True,True,True,True,Eyes,1.366704,0.09941544,-3.704752,-0.4801474,0.146335,0.8648957,0.0,0.0,0.0,0.0,0.0,0.0,0.0,0.817045,-0.6587199,3.819663,1.364903,0.1009207,-3.717278,-0.06899882,-0.2748244,-0.02681291,0.9586407,351.5453,328.0645,359.219,0.3463575,0.02487584,-0.9377722,0,0,0,0.7560269,0.3189731,-2.739465,-0.0001222715,0.04632685,1.171431,0.8475052,-0.01348277,0.5306159,0.08933303,0.9890404,-0.1175525,-0.5232156,0.1470278,0.8394215,moving,-29.03688,9.603146,-0.005980412,2.264709,-2.16767652061298,2.59373983143991,29.944044290835325,2.1865935502581495,29.53522020404825
3346,05/15/2023 18:38:46.633565,3529,True,True,True,True,Eyes,1.366624,0.09956583,-3.704871,-0.4826485,0.1483497,0.8631586,0.0,0.0,0.0,0.0,0.0,0.0,0.0,0.8286135,-0.6703936,3.815313,1.364826,0.1012802,-3.717477,-0.07045026,-0.2762042,-0.02722026,0.9581269,351.3709,327.896,359.2325,0.3463213,0.02490506,-0.9377847,0,0,0,0.7525065,0.321324,-2.739715,0.000356447,0.04446897,1.173625,0.8459405,-0.0132436,0.5331127,0.09107824,0.9885917,-0.1199639,-0.5254421,0.1500373,0.837496,moving,-29.21242,9.752057,0.01740156,2.169915,-2.191736895515662,2.61361134592011,30.19720758178817,2.2532552369895837,29.771779568097507
3347,05/15/2023 18:38:46.653353,3530,True,True,True,True,Eyes,1.366551,0.09970517,-3.704993,-0.4850748,0.1503167,0.8614565,0.0,0.0,0.0,0.0,0.0,0.0,0.0,0.8383428,-0.6825978,3.811052,1.364628,0.1015644,-3.717575,-0.07198542,-0.2773593,-0.02752528,0.9576703,351.1907,327.7531,359.2585,0.346286,0.02493512,-0.937797,0,0,0,0.749171,0.3235514,-2.739953,0.0005530156,0.0424625,1.175586,0.8446284,-0.01278862,0.5352004,0.09265193,0.9881209,-0.1226078,-0.5272747,0.1531454,0.8357799,moving,-29.38329,9.897967,0.0269529,2.06864,-2.2152298727651223,2.633092286382075,30.4345321749806,2.3121396951928843,29.992263500842338
3348,05/15/2023 18:38:46.663488,3531,True,True,True,True,Eyes,1.366475,0.09983864,-3.705117,-0.4874713,0.1522766,0.8597579,0.0,0.0,0.0,0.0,0.0,0.0,0.0,0.8486546,-0.6920955,3.807341,1.364506,0.1014318,-3.717916,-0.07320426,-0.2785485,-0.02812838,0.9572152,351.0359,327.6096,359.242,0.3462515,0.02496563,-0.9378089,0,0,0,0.7458447,0.3257727,-2.740189,0.0008001067,0.04133379,1.17784,0.843239,-0.01306795,0.53738,0.09463172,0.9876999,-0.1244742,-0.5291435,0.1558147,0.8341037,moving,-29.55266,10.04382,0.038921,2.009849,-2.2386092374044804,2.652578142488688,30.662784545901925,2.366483621936977,30.204151065407775
3349,05/15/2023 18:38:46.683402,3532,True,True,True,True,Eyes,1.366373,0.09998247,-3.705261,-0.4897304,0.1541332,0.8581417,0.0,0.0,0.0,0.0,0.0,0.0,0.0,0.857761,-0.6987127,3.80421,1.364411,0.1014166,-3.718073,-0.07406141,-0.2796349,-0.02841463,0.9568238,350.9313,327.4773,359.2483,0.3462178,0.02499642,-0.9378206,0,0,0,0.7423075,0.3281348,-2.740441,0.0005228482,0.04124898,1.180033,0.8419939,-0.01295529,0.5393314,0.09579591,0.987415,-0.125836,-0.5309138,0.1576189,0.8326385,moving,-29.71284,10.18248,0.02538658,2.002004,-2.260774602496863,2.6711103358345403,30.84286477793518,2.382065540871909,30.36921059458211
3350,05/15/2023 18:38:46.703234,3533,True,True,True,True,Eyes,1.366267,0.1001233,-3.705409,-0.491952,0.156013,0.8565297,0.0,0.0,0.0,0.0,0.0,0.0,0.0,0.8652164,-0.70736,3.801118,1.364264,0.1017933,-3.718317,-0.0750837,-0.2804388,-0.02930875,0.9564819,350.789,327.3832,359.19,0.3461839,0.0250277,-0.9378322,0,0,0,0.7390726,0.3302952,-2.740671,-0.000188157,0.03980154,1.182067,0.8409902,-0.01395382,0.5408705,0.09817934,0.9870069,-0.1271938,-0.532068,0.160071,0.8314331,moving,-29.87111,10.32299,-0.009120123,1.928485,-2.2829408005080296,2.6899251553491057,31.019447990076735,2.397926517564945,30.528905371959755
3351,05/15/2023 18:38:46.713379,3534,True,True,True,True,Eyes,1.366132,0.1002728,-3.705577,-0.4940967,0.15778,0.8549702,0.0,0.0,0.0,0.0,0.0,0.0,0.0,0.8733038,-0.716381,3.797754,1.364088,0.10184,-3.718561,-0.07622724,-0.2813628,-0.02978424,0.9561054,350.6466,327.2706,359.1836,0.3461498,0.02505935,-0.937844,0,0,0,0.735829,0.3324612,-2.740902,-0.0004696734,0.03868145,1.184152,0.8398958,-0.01405872,0.5425657,0.09984876,0.9866046,-0.1290022,-0.5334842,0.1625229,0.8300488,moving,-30.02409,10.45598,-0.02272538,1.870956,-2.304152428922073,2.707705222405729,31.20552060361698,2.430032641910366,30.69897018681745
3352,05/15/2023 18:38:46.733312,3535,True,True,True,True,Eyes,1.365998,0.1004215,-3.705743,-0.4962089,0.159629,0.8534023,0.0,0.0,0.0,0.0,0.0,0.0,0.0,0.881245,-0.728008,3.793877,1.363886,0.1021748,-3.7188,-0.07768387,-0.2822891,-0.03004087,0.955707,350.4768,327.1543,359.2121,0.3461147,0.02509154,-0.9378561,0,0,0,0.7322991,0.3348184,-2.741153,-0.0008693859,0.03686439,1.186364,0.8388209,-0.01356193,0.5442387,0.1012792,0.9861255,-0.1315256,-0.5349039,0.1654464,0.8285562,moving,-30.17577,10.59475,-0.04198724,1.779804,-2.3257067583908944,2.7263275139292813,31.396626194701067,2.4721006454229513,30.872468790247304
3353,05/15/2023 18:38:46.743029,3536,True,True,True,True,Eyes,1.365861,0.1005771,-3.705913,-0.4982967,0.1613424,0.8518621,0.0,0.0,0.0,0.0,0.0,0.0,0.0,0.888754,-0.7435,3.789211,1.363803,0.1022654,-3.718922,-0.07967974,-0.2832034,-0.03011468,0.9552698,350.2535,327.0351,359.2789,0.3460787,0.02512421,-0.9378685,0,0,0,0.7289059,0.3370845,-2.741395,-0.001211878,0.03409292,1.188541,0.8377779,-0.01240414,0.5458704,0.1026664,0.9854885,-0.1351741,-0.5362723,0.1692884,0.8268939,moving,-30.3255,10.72476,-0.05842074,1.64306,-2.3464560480305923,2.7437076155586326,31.60021142051303,2.5390019189495607,31.05800689809687
3354,05/15/2023 18:38:46.767703,3537,True,True,True,True,Eyes,1.365722,0.1007353,-3.70608,-0.5003467,0.1631078,0.8503229,0.0,0.0,0.0,0.0,0.0,0.0,0.0,0.8958229,-0.7533246,3.785772,1.363753,0.1025743,-3.719102,-0.08092318,-0.2840711,-0.03010748,0.9549077,350.116,326.924,359.3298,0.3460419,0.02515747,-0.9378812,0,0,0,0.7254462,0.3393948,-2.741641,-0.001802456,0.03289525,1.190742,0.8367943,-0.01152385,0.5473961,0.1034756,0.98509,-0.137443,-0.5376505,0.1716537,0.82551,moving,-30.47339,10.8585,-0.08672997,1.582442,-2.367353548418513,2.7616399777176697,31.77096724681456,2.5674407056623343,31.21164075325345
3355,05/15/2023 18:38:46.783338,3538,True,True,True,True,Eyes,1.365604,0.1008873,-3.706233,-0.5023983,0.1646955,0.8488058,0.0,0.0,0.0,0.0,0.0,0.0,0.0,0.9022779,-0.7656777,3.78176,1.363603,0.102767,-3.719153,-0.08250417,-0.2848547,-0.03016554,0.954537,349.9393,326.8217,359.3841,0.3460042,0.02519134,-0.9378942,0,0,0,0.7223566,0.341458,-2.741861,-0.002216749,0.03080389,1.192608,0.8358957,-0.01058485,0.5487862,0.1045916,0.9845662,-0.140321,-0.5388311,0.1746921,0.8241018,moving,-30.6208,10.98077,-0.1064978,1.479564,-2.387348030794141,2.77792774597336,31.959279625913986,2.6245049423027687,31.382776602413053
3356,05/15/2023 18:38:46.803096,3539,True,True,True,True,Eyes,1.36549,0.1010434,-3.706382,-0.5044169,0.1662962,0.8472952,0.0,0.0,0.0,0.0,0.0,0.0,0.0,0.9092879,-0.7741169,3.778482,1.363523,0.1027803,-3.719306,-0.08361547,-0.2857284,-0.03004416,0.9541832,349.8202,326.7091,359.4439,0.3459664,0.0252256,-0.9379073,0,0,0,0.7185607,0.3439929,-2.742131,-0.003053254,0.03045817,1.195027,0.8349133,-0.009552631,0.5502988,0.1051179,0.9842116,-0.1424,-0.5402501,0.1767379,0.8227355,moving,-30.76644,11.10414,-0.1463884,1.460006,-2.407296787790752,2.794389105910205,32.10291078074726,2.625316173591505,31.51067633019541
3357,05/15/2023 18:38:46.813467,3540,True,True,True,True,Eyes,1.365386,0.1011978,-3.706525,-0.5063288,0.1677196,0.8458731,0.0,0.0,0.0,0.0,0.0,0.0,0.0,0.9159378,-0.7818663,3.775348,1.363489,0.1030178,-3.719382,-0.08459546,-0.28654,-0.03016111,0.9538496,349.7079,326.6066,359.4725,0.3459285,0.02526032,-0.9379203,0,0,0,0.7156709,0.3459227,-2.742337,-0.003390677,0.02951454,1.19683,0.8339703,-0.009058354,0.551735,0.1060183,0.9838678,-0.1440979,-0.5415291,0.1786674,0.8214769,moving,-30.9042,11.21514,-0.1623213,1.412661,-2.4257352075046885,2.809141171232013,32.266882411397525,2.6595487183599094,31.65960003181076
3358,05/15/2023 18:38:46.833610,3541,True,True,True,True,Eyes,1.36528,0.1013475,-3.706663,-0.5082124,0.1691755,0.8444524,0.0,0.0,0.0,0.0,0.0,0.0,0.0,0.9213204,-0.7875664,3.772999,1.363358,0.1031494,-3.719574,-0.08532848,-0.2871909,-0.0301394,0.9535889,349.6274,326.5235,359.5066,0.3458909,0.02529541,-0.9379332,0,0,0,0.712079,0.3483214,-2.742592,-0.00459791,0.0297213,1.199109,0.833226,-0.008470066,0.5528677,0.1064923,0.9836214,-0.1454251,-0.5425807,0.1800482,0.8204809,moving,-31.04057,11.32853,-0.2196961,1.419852,-2.4442532172774607,2.8242489420607075,32.374498724573094,2.630776527738392,31.752758593079633
3359,05/15/2023 18:38:46.853151,3542,True,True,True,True,Eyes,1.36521,0.1014915,-3.706784,-0.5101652,0.1704669,0.8430139,0.0,0.0,0.0,0.0,0.0,0.0,0.0,0.9270868,-0.7973247,3.769504,1.363217,0.1031542,-3.719594,-0.08662237,-0.2879398,-0.02980572,0.953257,349.4956,326.4224,359.5955,0.3458536,0.02533071,-0.937946,0,0,0,0.7088543,0.3504748,-2.742822,-0.005158447,0.02879886,1.201076,0.8324046,-0.006940975,0.554125,0.1067091,0.9832163,-0.1479822,-0.5437976,0.1823113,0.8191745,moving,-31.18099,11.4317,-0.2460755,1.373549,-2.462292890885712,2.837852213893852,32.52899224785654,2.6562762329780645,31.892534595808705
3360,05/15/2023 18:38:46.863403,3543,True,True,True,True,Eyes,1.36514,0.1016446,-3.706897,-0.5120664,0.1717453,0.8416006,0.0,0.0,0.0,0.0,0.0,0.0,0.0,0.933794,-0.8019828,3.767096,1.363244,0.1031895,-3.719823,-0.08723742,-0.2887747,-0.02974986,0.9529501,349.4294,326.317,359.6318,0.3458174,0.02536607,-0.9379584,0,0,0,0.7053909,0.3527877,-2.743068,-0.005894722,0.0292947,1.203423,0.8314481,-0.006316318,0.5555664,0.1070842,0.9830092,-0.1490838,-0.5451852,0.1834478,0.8179976,moving,-31.31815,11.53397,-0.2806494,1.394465,-2.480026910149045,2.8513546034101527,32.651738164147176,2.6381411540465387,32.002149278024675
3361,05/15/2023 18:38:46.883066,3544,True,True,True,True,Eyes,1.365104,0.1017899,-3.706987,-0.5140711,0.1730753,0.8401047,0.0,0.0,0.0,0.0,0.0,0.0,0.0,0.9379981,-0.8055614,3.765206,1.363207,0.1035538,-3.719744,-0.08764837,-0.2892631,-0.03009613,0.9527533,349.3723,326.2586,359.6128,0.3457823,0.02540171,-0.9379704,0,0,0,0.7020972,0.3549873,-2.743303,-0.007589284,0.02960087,1.205316,0.8308421,-0.006641501,0.5564685,0.1080553,0.982824,-0.1496031,-0.545917,0.1844259,0.8172892,moving,-31.46301,11.641,-0.3607587,1.406821,-2.4986822308264376,2.8654739388311867,32.74276188308483,2.588123918907717,32.078664563093135
3362,05/15/2023 18:38:46.903301,3545,True,True,True,True,Eyes,1.365067,0.1019273,-3.707075,-0.5160321,0.1743527,0.838637,0.0,0.0,0.0,0.0,0.0,0.0,0.0,0.9415821,-0.8154212,3.762264,1.36314,0.1035204,-3.719846,-0.08891667,-0.2896701,-0.0303742,0.9525034,349.2232,326.2044,359.6296,0.3457491,0.02543742,-0.9379817,0,0,0,0.6984026,0.3574545,-2.743566,-0.009561187,0.0285548,1.207715,0.8303373,-0.006350067,0.5572249,0.1093761,0.9823425,-0.1517898,-0.5464218,0.1869838,0.8163701,moving,-31.60491,11.7445,-0.4535871,1.354429,-2.516854720194198,2.8791117129976733,32.83836923181639,2.565488383886346,32.15821992314222
3363,05/15/2023 18:38:46.913246,3546,True,True,True,True,Eyes,1.365068,0.1020656,-3.707133,-0.5180447,0.1755804,0.8371388,0.0,0.0,0.0,0.0,0.0,0.0,0.0,0.9460608,-0.8155204,3.761127,1.363103,0.1034651,-3.719869,-0.08895493,-0.2902332,-0.0303096,0.9523304,349.2209,326.1352,359.6446,0.3457176,0.02547298,-0.9379923,0,0,0,0.6953741,0.359477,-2.743781,-0.01072966,0.03025918,1.209595,0.829692,-0.006094171,0.5581881,0.1093649,0.9823367,-0.1518352,-0.5474034,0.1870227,0.8157034,moving,-31.75037,11.84544,-0.5082263,1.43301,-2.535092873065434,2.8923503797530774,32.93159943695947,2.497571310090639,32.239193121257884
3364,05/15/2023 18:38:46.933601,3547,True,True,True,True,Eyes,1.365065,0.1022002,-3.707188,-0.5199991,0.1767869,0.8356718,0.0,0.0,0.0,0.0,0.0,0.0,0.0,0.9488434,-0.8191343,3.759647,1.363089,0.1036491,-3.719875,-0.08940173,-0.2905713,-0.03039391,0.9521828,349.1688,326.0922,359.6543,0.3456889,0.02550845,-0.938002,0,0,0,0.691809,0.3618577,-2.744035,-0.01292635,0.03096844,1.211787,0.8292891,-0.005925966,0.5587885,0.1098363,0.9821671,-0.1525903,-0.5479195,0.1879168,0.8151513,moving,-31.89206,11.94485,-0.6111613,1.463933,-2.552940531967681,2.905402060143683,32.990062816559636,2.41833406233558,32.283833829841264
3365,05/15/2023 18:38:46.953596,3548,True,True,True,True,Eyes,1.365097,0.1023278,-3.707218,-0.5220232,0.1779307,0.8341658,0.0,0.0,0.0,0.0,0.0,0.0,0.0,0.9524615,-0.8214622,3.758207,1.363019,0.1037979,-3.71988,-0.08968404,-0.2909924,-0.03060657,0.9520208,349.1304,326.0414,359.6452,0.3456624,0.02554374,-0.9380108,0,0,0,0.6884409,0.3641069,-2.744275,-0.0147544,0.03189516,1.213831,0.8287734,-0.006081432,0.5595515,0.1104709,0.98204,-0.1529496,-0.5485718,0.1885747,0.8145604,moving,-32.03844,12.04095,-0.6964093,1.505183,-2.570879433340389,2.917936946512677,33.065469521511886,2.3472349678232645,32.34601166388942
3366,05/15/2023 18:38:46.963257,3549,True,True,True,True,Eyes,1.365126,0.1024572,-3.707252,-0.5239852,0.179063,0.832692,0.0,0.0,0.0,0.0,0.0,0.0,0.0,0.9567251,-0.8223116,3.757004,1.362953,0.1037922,-3.719972,-0.08979029,-0.2914745,-0.03092982,0.9518529,349.1076,325.9853,359.6185,0.3456391,0.0255787,-0.9380184,0,0,0,0.6852131,0.3662624,-2.744504,-0.01631463,0.03320298,1.21589,0.828172,-0.006538104,0.5604361,0.1112244,0.9819621,-0.1529038,-0.5493273,0.1889648,0.8139607,moving,-32.18083,12.13613,-0.7687399,1.564218,-2.588457974656249,2.93037445545428,33.143396443126676,2.2754685961379577,32.41134127596618
3367,05/15/2023 18:38:46.983322,3550,True,True,True,True,Eyes,1.365168,0.1025753,-3.707278,-0.5259475,0.1801123,0.8312273,0.0,0.0,0.0,0.0,0.0,0.0,0.0,0.9600217,-0.8256112,3.755532,1.36289,0.1038475,-3.720087,-0.0902044,-0.291844,-0.03118236,0.9516922,349.0534,325.9403,359.6089,0.3456184,0.02561342,-0.9380251,0,0,0,0.6817188,0.3685959,-2.744753,-0.01831029,0.03392525,1.218144,0.8277095,-0.006700805,0.5611168,0.1120032,0.9817817,-0.1534929,-0.5498657,0.1898944,0.8133806,moving,-32.32301,12.22598,-0.8611649,1.595272,-2.605617843088351,2.942047623174373,33.20933076226707,2.2038422470372807,32.464236102633876
3368,05/15/2023 18:38:47.003161,3551,True,True,True,True,Eyes,1.365209,0.1026923,-3.707303,-0.5278496,0.1811231,0.8298007,0.0,0.0,0.0,0.0,0.0,0.0,0.0,0.962727,-0.8250536,3.755054,1.362813,0.103714,-3.720211,-0.09016427,-0.2921818,-0.03105082,0.9515966,349.0621,325.8982,359.6261,0.3456005,0.02564762,-0.9380308,0,0,0,0.6783979,0.3708136,-2.744989,-0.02018861,0.0360827,1.220293,0.8273313,-0.006406979,0.5616779,0.1117844,0.9818125,-0.153455,-0.5504791,0.189745,0.8130004,moving,-32.4611,12.313,-0.9478185,1.693678,-2.6222655172753613,2.953349728853448,33.2544269329352,2.095362898911544,32.49854290447105
3369,05/15/2023 18:38:47.013520,3552,True,True,True,True,Eyes,1.365292,0.1028131,-3.707304,-0.5297615,0.1821104,0.828365,0.0,0.0,0.0,0.0,0.0,0.0,0.0,0.9649935,-0.825761,3.754336,1.362865,0.1038027,-3.720209,-0.09025703,-0.2924844,-0.03094536,0.9514983,349.0553,325.8599,359.6445,0.345585,0.02568133,-0.9380356,0,0,0,0.6749445,0.3731198,-2.745235,-0.02243044,0.03777114,1.222461,0.8269905,-0.006091367,0.5621829,0.1116864,0.9817922,-0.1536567,-0.5510108,0.1898609,0.8126131,moving,-32.6,12.39884,-1.051179,1.769741,-2.638882911204759,2.964475132953591,33.29122785422373,1.9870061293562378,32.5238283073823
3370,05/15/2023 18:38:47.034019,3553,True,True,True,True,Eyes,1.365372,0.1029332,-3.707304,-0.5315925,0.1830852,0.826976,0.0,0.0,0.0,0.0,0.0,0.0,0.0,0.9668441,-0.8287446,3.753343,1.362989,0.1040335,-3.7203,-0.09060393,-0.2926983,-0.0311583,0.9513927,349.0099,325.8338,359.6353,0.345573,0.02571471,-0.9380391,0,0,0,0.6716119,0.3753453,-2.745472,-0.02484044,0.03839083,1.224668,0.8267138,-0.006248338,0.562588,0.1123268,0.9816402,-0.1541599,-0.5512958,0.1906398,0.8122374,moving,-32.73351,12.48342,-1.161994,1.795517,-2.6550122017980278,2.975466520652149,33.3315450148304,1.9029934897911376,32.551253836515585
3371,05/15/2023 18:38:47.053248,3554,True,True,True,True,Eyes,1.365445,0.1030566,-3.707314,-0.5333089,0.1840981,0.8256449,0.0,0.0,0.0,0.0,0.0,0.0,0.0,0.9671724,-0.8313445,3.752685,1.363012,0.1041307,-3.72029,-0.09091815,-0.2927219,-0.03133884,0.9513494,348.9692,325.8307,359.6263,0.3455639,0.02574777,-0.9380416,0,0,0,0.6682234,0.3776081,-2.745713,-0.02775282,0.03929724,1.226786,0.8266636,-0.00640091,0.5626601,0.1128558,0.9815035,-0.1546427,-0.551263,0.191337,0.8120956,moving,-32.85964,12.5699,-1.295946,1.834709,-2.6707475326741403,2.986795527080716,33.33933269776281,1.7937063918389962,32.54610192517121
3372,05/15/2023 18:38:47.063567,3555,True,True,True,True,Eyes,1.36551,0.1031787,-3.707329,-0.5349511,0.1851445,0.8243475,0.0,0.0,0.0,0.0,0.0,0.0,0.0,0.9675678,-0.8385499,3.751139,1.363058,0.104331,-3.720429,-0.09178669,-0.2926945,-0.03195505,0.9512539,348.8528,325.8347,359.5875,0.3455572,0.02578062,-0.9380431,0,0,0,0.6648309,0.3798736,-2.745955,-0.03075744,0.03843339,1.229073,0.8266177,-0.00706382,0.5627197,0.1145257,0.9811082,-0.1559187,-0.5509875,0.193331,0.8118103,moving,-32.98111,12.65831,-1.433523,1.791069,-2.6862893695275334,2.9984426931881183,33.36685739584491,1.7398778151416014,32.55786237665034
3373,05/15/2023 18:38:47.083598,3556,True,True,True,True,Eyes,1.365534,0.1032975,-3.707369,-0.5365133,0.1862178,0.8230895,0.0,0.0,0.0,0.0,0.0,0.0,0.0,0.9692341,-0.8447405,3.74938,1.362934,0.1044207,-3.720533,-0.09254032,-0.2927959,-0.03268433,0.951125,348.7451,325.8249,359.5336,0.3455524,0.02581326,-0.938044,0,0,0,0.661631,0.3820105,-2.746183,-0.03319672,0.0377645,1.231143,0.8264046,-0.007982928,0.5630202,0.1163646,0.9807361,-0.1568951,-0.5509217,0.1951745,0.8114138,moving,-33.09747,12.74812,-1.544558,1.75696,-2.7015648126265317,3.0103357653493124,33.41245058096374,1.7057595298368349,32.587930866497125
3374,05/15/2023 18:38:47.103146,3557,True,True,True,True,Eyes,1.365551,0.1034122,-3.707409,-0.5380352,0.1872949,0.8218509,0.0,0.0,0.0,0.0,0.0,0.0,0.0,0.9716586,-0.8518918,3.747236,1.362716,0.1044388,-3.720714,-0.0934433,-0.2930098,-0.03314932,0.9509547,348.6299,325.7978,359.5157,0.3455483,0.0258456,-0.9380445,0,0,0,0.6578607,0.3845283,-2.746451,-0.03562591,0.03732479,1.233612,0.8260928,-0.008287393,0.5634733,0.1178066,0.9803389,-0.1582945,-0.551083,0.1971468,0.8108273,moving,-33.21128,12.83811,-1.654205,1.733041,-2.716668069905785,3.022276997911,33.454021283702,1.670615824545906,32.61414693647764
3375,05/15/2023 18:38:47.113539,3558,True,True,True,True,Eyes,1.365544,0.1035263,-3.707471,-0.5396158,0.1883395,0.8205748,0.0,0.0,0.0,0.0,0.0,0.0,0.0,0.9751551,-0.8564513,3.745283,1.362551,0.1044436,-3.720769,-0.09403905,-0.2934158,-0.03325667,0.9507671,348.5604,325.7457,359.5292,0.3455447,0.02587757,-0.938045,0,0,0,0.6548698,0.3865256,-2.746664,-0.03694902,0.03748496,1.235514,0.8256024,-0.008053612,0.5641949,0.1184238,0.9801013,-0.1593024,-0.5516852,0.1983345,0.8101277,moving,-33.3292,12.92672,-1.712965,1.737796,-2.7319663686028,3.0339839388958487,33.53771512570588,1.6487774143751026,32.68383322602524
3376,05/15/2023 18:38:47.133735,3559,True,True,True,True,Eyes,1.365536,0.1036455,-3.707531,-0.5411549,0.18941,0.8193139,0.0,0.0,0.0,0.0,0.0,0.0,0.0,0.9788056,-0.8610767,3.743466,1.362528,0.1045208,-3.720974,-0.0946438,-0.2938803,-0.0330864,0.9505695,348.4994,325.6835,359.5747,0.3455407,0.0259092,-0.9380456,0,0,0,0.6511319,0.3890218,-2.74693,-0.03872238,0.03814146,1.238075,0.8250793,-0.007273949,0.5649702,0.1185297,0.9798957,-0.1604841,-0.5524443,0.1993779,0.8093538,moving,-33.44467,13.01702,-1.791414,1.764556,-2.747214043920497,3.04595522571881,33.59384707759491,1.5986049229347412,32.726155412530865
3377,05/15/2023 18:38:47.153205,3560,True,True,True,True,Eyes,1.365518,0.1037634,-3.707608,-0.5426967,0.1904696,0.8180475,0.0,0.0,0.0,0.0,0.0,0.0,0.0,0.9821181,-0.8681796,3.740987,1.362497,0.1047411,-3.721008,-0.09554217,-0.2942889,-0.03312514,0.9503519,348.399,325.6283,359.6065,0.3455364,0.02594065,-0.9380463,0,0,0,0.6479897,0.3911201,-2.747154,-0.04020948,0.037494,1.240124,0.8245936,-0.006727084,0.5656855,0.1191951,0.9795489,-0.1621006,-0.5530261,0.2010941,0.8085315,moving,-33.56049,13.10691,-1.857093,1.731757,-2.7624561937700856,3.057864517055008,33.6823319726087,1.6056910224023075,32.798924507592695
3378,05/15/2023 18:38:47.163315,3561,True,True,True,True,Eyes,1.365498,0.1038849,-3.707688,-0.5442033,0.1915542,0.8167924,0.0,0.0,0.0,0.0,0.0,0.0,0.0,0.9862847,-0.8742297,3.738789,1.362507,0.1048136,-3.721313,-0.09631658,-0.2947801,-0.03323506,0.9501175,348.3099,325.5645,359.6273,0.3455316,0.02597188,-0.9380473,0,0,0,0.6445484,0.3934182,-2.747398,-0.04166176,0.03733331,1.242633,0.8240003,-0.00637002,0.5665536,0.1199388,0.9792371,-0.1634301,-0.5537493,0.2026182,0.8076558,moving,-33.67429,13.19849,-1.920237,1.720861,-2.7776790525876867,3.070034396236513,33.76471308020327,1.5985855393622679,32.86598780792038
3379,05/15/2023 18:38:47.183187,3562,True,True,True,True,Eyes,1.365454,0.1040116,-3.707791,-0.5457143,0.1926682,0.8155212,0.0,0.0,0.0,0.0,0.0,0.0,0.0,0.9907699,-0.8806409,3.736224,1.362474,0.1050072,-3.721446,-0.09711836,-0.295293,-0.03355001,0.9498656,348.2107,325.4998,359.6266,0.345526,0.02600302,-0.9380484,0,0,0,0.6413598,0.3955475,-2.747625,-0.04294844,0.03671008,1.24481,0.8233529,-0.006379259,0.5674938,0.1210927,0.9788848,-0.1646846,-0.5544605,0.204313,0.8067402,moving,-33.78886,13.29249,-1.976035,1.689192,-2.7931411622411035,3.082545416003895,33.86284629143612,1.6152697057340324,32.94769604383767
3380,05/15/2023 18:38:47.193529,3563,True,True,True,True,Eyes,1.365405,0.1041335,-3.707894,-0.5471957,0.1938204,0.8142546,0.0,0.0,0.0,0.0,0.0,0.0,0.0,0.9955652,-0.8902575,3.73292,1.362424,0.1052284,-3.72171,-0.09832491,-0.2958232,-0.03395798,0.949562,348.0638,325.4312,359.6301,0.3455192,0.02603419,-0.9380501,0,0,0,0.6376995,0.3979919,-2.747886,-0.04445694,0.03525254,1.247418,0.822671,-0.006316841,0.5684826,0.122664,0.9783581,-0.16664,-0.555127,0.2068223,0.8056418,moving,-33.90191,13.38918,-2.04111,1.618771,-2.8086960931940967,3.095456401797531,33.965469298499045,1.6642680632478986,33.03193526874402
3381,05/15/2023 18:38:47.213171,3564,True,True,True,True,Eyes,1.36532,0.1042595,-3.708033,-0.5487053,0.1949213,0.8129749,0.0,0.0,0.0,0.0,0.0,0.0,0.0,1.000911,-0.8978044,3.729735,1.362297,0.105216,-3.721812,-0.09930207,-0.2964257,-0.03435981,0.9492579,347.9423,325.3552,359.6273,0.345511,0.02606528,-0.9380522,0,0,0,0.6346198,0.4000485,-2.748105,-0.04533888,0.03427976,1.249525,0.8219024,-0.006361261,0.5695929,0.124104,0.977917,-0.1681562,-0.5559449,0.2088968,0.8045418,moving,-34.0168,13.48289,-2.07806,1.571472,-2.824159572926031,3.107922938016497,34.087607595111805,1.7080240213920237,33.13696467395856
3382,05/15/2023 18:38:47.233218,3565,True,True,True,True,Eyes,1.365233,0.1043905,-3.708171,-0.5501846,0.1960895,0.8116931,0.0,0.0,0.0,0.0,0.0,0.0,0.0,1.007256,-0.9024078,3.727274,1.362289,0.1054268,-3.722168,-0.09987161,-0.2971557,-0.03468315,0.948958,347.8682,325.2656,359.6208,0.3455007,0.02609637,-0.9380552,0,0,0,0.6312603,0.402292,-2.748344,-0.04612922,0.03420487,1.252024,0.8209912,-0.00647088,0.5709043,0.1251805,0.9776455,-0.1689353,-0.5570487,0.2101605,0.8034483,moving,-34.13034,13.58134,-2.110034,1.564911,-2.839883403872208,3.121082637820677,34.20079768434761,1.7188223639137659,33.23374267499505
3383,05/15/2023 18:38:47.243027,3566,True,True,True,True,Eyes,1.365094,0.104519,-3.708356,-0.5517894,0.1974389,0.8102756,0.0,0.0,0.0,0.0,0.0,0.0,0.0,1.01309,-0.9127359,3.723256,1.362141,0.1056538,-3.722295,-0.1011734,-0.2977937,-0.03525545,0.948599,347.7051,325.1846,359.6113,0.3454883,0.0261276,-0.9380589,0,0,0,0.6278912,0.4045419,-2.748584,-0.04711083,0.03221664,1.254318,0.820152,-0.006628983,0.5721073,0.1271442,0.977042,-0.1709483,-0.5578396,0.2129436,0.8021659,moving,-34.25446,13.69433,-2.150956,1.471294,-2.8574785343278544,3.1362399685707327,34.35167504118703,1.808651201800112,33.36258927585208
3384,05/15/2023 18:38:47.268292,3567,True,True,True,True,Eyes,1.364957,0.10465,-3.708538,-0.5533679,0.1988168,0.8088609,0.0,0.0,0.0,0.0,0.0,0.0,0.0,1.020043,-0.9210361,3.719659,1.362112,0.1056786,-3.722651,-0.10225,-0.2986042,-0.03554692,0.9482177,347.5763,325.081,359.6276,0.3454724,0.02615888,-0.9380638,0,0,0,0.6244718,0.4068253,-2.748827,-0.04760582,0.03115639,1.256942,0.8191439,-0.006347843,0.573553,0.128477,0.9765627,-0.1726817,-0.5590143,0.2151396,0.8007609,moving,-34.37729,13.80945,-2.169002,1.419926,-2.8751408647986536,3.1517147564114527,34.50904404409835,1.8702204130027715,33.49919147502023
3385,05/15/2023 18:38:47.283318,3568,True,True,True,True,Eyes,1.364763,0.1047853,-3.708768,-0.5550218,0.2003189,0.8073557,0.0,0.0,0.0,0.0,0.0,0.0,0.0,1.02606,-0.9290072,3.716113,1.362033,0.105854,-3.722769,-0.1032691,-0.2993101,-0.03582937,0.9478742,347.4542,324.9903,359.6417,0.3454536,0.02619025,-0.9380699,0,0,0,0.6211591,0.4090376,-2.749063,-0.04837527,0.03007492,1.259236,0.8182594,-0.006104476,0.5748169,0.1297425,0.9761035,-0.1743241,-0.5600165,0.2172204,0.7994978,moving,-34.50683,13.93467,-2.200015,1.368162,-2.8940564872521355,3.168582756279598,34.66478643751161,1.9295617340913338,33.63216229384657
3386,05/15/2023 18:38:47.293175,3569,True,True,True,True,Eyes,1.364571,0.1049241,-3.709,-0.5566616,0.2018481,0.8058444,0.0,0.0,0.0,0.0,0.0,0.0,0.0,1.033118,-0.9385074,3.712064,1.36195,0.1060476,-3.72309,-0.1044778,-0.3001127,-0.03625854,0.9474714,347.3061,324.8879,359.6477,0.3454304,0.02622181,-0.9380776,0,0,0,0.6178125,0.4112724,-2.749301,-0.04879826,0.02836788,1.261736,0.8172354,-0.005997633,0.5762729,0.1314181,0.9755394,-0.1762162,-0.56112,0.2197428,0.7980335,moving,-34.63596,14.06213,-2.214838,1.287976,-2.9131117564645623,3.185776334735835,34.84692471588561,2.022185043335693,33.790101939799754
3387,05/15/2023 18:38:47.318501,3570,True,True,True,True,Eyes,1.364354,0.1050571,-3.709258,-0.5584013,0.2034356,0.80424,0.0,0.0,0.0,0.0,0.0,0.0,0.0,1.041131,-0.946763,3.70794,1.361833,0.1062527,-3.723341,-0.1055349,-0.301047,-0.03660788,0.9470444,347.1774,324.7694,359.6594,0.3454034,0.02625362,-0.9380867,0,0,0,0.6145031,0.4134824,-2.749537,-0.04885152,0.02706453,1.264145,0.8160611,-0.005796629,0.5779365,0.1328805,0.9750445,-0.1778511,-0.5624828,0.2219339,0.7964662,moving,-34.77308,14.19542,-2.213032,1.226478,-2.933190435134437,3.203738134932366,35.047827070471406,2.104325500698036,33.96640794022816
3388,05/15/2023 18:38:47.334245,3571,True,True,True,True,Eyes,1.364139,0.105184,-3.709514,-0.5601363,0.2050172,0.8026302,0.0,0.0,0.0,0.0,0.0,0.0,0.0,1.050231,-0.9561718,3.703309,1.361777,0.1062098,-3.723711,-0.1067776,-0.3021266,-0.0368862,0.9465504,347.0307,324.6307,359.6879,0.345372,0.0262855,-0.9380973,0,0,0,0.6144843,0.413495,-2.749538,-0.04560653,0.02383634,1.264609,0.8147179,-0.005308578,0.5798332,0.13435,0.9744759,-0.1798522,-0.5640787,0.2244294,0.7946362,moving,-34.91026,14.32878,-2.065405,1.079828,-2.9532787833156213,3.2217094731136093,35.416369507183106,2.318615125450216,34.3088188435587
3479,05/15/2023 18:38:48.853015,3662,True,True,True,True,Eyes,1.358348,0.1085058,-3.717825,-0.5938536,0.229807,0.7710556,0.0,0.0,0.0,0.0,0.0,0.0,0.0,0.9975743,-1.020598,3.702323,1.360469,0.1062317,-3.725831,-0.1152418,-0.2964548,-0.02879192,0.9476313,346.3798,325.1598,0.8112108,0.3431037,0.02741783,-0.938897,0,0,0,0.6144843,0.413495,-2.749538,-0.05437958,0.0103443,1.265302,0.8225712,0.01375969,0.5684958,0.1228962,0.9717807,-0.2013424,-0.5552236,0.2354844,0.7976679,moving,-37.60284,16.59627,-2.460919,0.4684032,-3.3210783266919464,3.52412463784816,38.66604064406884,3.174477527565752,37.08957213424655
3480,05/15/2023 18:38:48.863367,3663,True,True,True,True,Eyes,1.35832,0.1084989,-3.717823,-0.593845,0.2298494,0.7710495,0.0,0.0,0.0,0.0,0.0,0.0,0.0,0.9952993,-1.019567,3.703265,1.36053,0.1063194,-3.725852,-0.1150732,-0.2961248,-0.02911447,0.947745,346.387,325.2057,0.7643851,0.3430978,0.02741631,-0.9388992,0,0,0,0.6189094,0.4135392,-2.749556,-0.05177657,0.01097775,1.262828,0.822925,0.01296586,0.5680022,0.1233383,0.971821,-0.2008771,-0.5546011,0.2353631,0.7981366,moving,-37.60266,16.59929,-2.347839,0.4980586,-3.3212937625216687,3.524560329740296,38.75760643200747,3.179202241883508,37.184248995785644
3481,05/15/2023 18:38:48.883291,3664,True,True,True,True,Eyes,1.358299,0.1084918,-3.717813,-0.5938762,0.2299685,0.77099,0.0,0.0,0.0,0.0,0.0,0.0,0.0,0.9942626,-1.017247,3.704248,1.360525,0.1062765,-3.72592,-0.1147589,-0.2959439,-0.02939598,0.947831,346.4117,325.2342,0.7191307,0.3430919,0.02741478,-0.9389014,0,0,0,0.6234604,0.4135847,-2.749575,-0.04860703,0.01213402,1.260334,0.8231062,0.01219957,0.5677565,0.1236493,0.9719325,-0.200145,-0.5542626,0.2349432,0.7984952,moving,-37.60625,16.60863,-2.20862,0.551605,-3.322262196500533,3.52587156062994,38.86927142959494,3.175918845863034,37.299410393638674
3482,05/15/2023 18:38:48.903049,3665,True,True,True,True,Eyes,1.358283,0.1084878,-3.717807,-0.5939059,0.2300965,0.7709289,0.0,0.0,0.0,0.0,0.0,0.0,0.0,0.9935997,-1.017455,3.704326,1.360501,0.1062517,-3.725887,-0.1147867,-0.2958564,-0.02942711,0.9478539,346.4075,325.245,0.7153704,0.3430861,0.02741323,-0.9389035,0,0,0,0.6279515,0.4136296,-2.749594,-0.04515295,0.01268008,1.257799,0.8232061,0.01213555,0.5676129,0.123706,0.9719161,-0.2001897,-0.5541015,0.2350145,0.798586,moving,-37.60983,16.61861,-2.055943,0.5775888,-3.3232783366166707,3.527274877596379,39.00504123760951,3.210418479233385,37.43749008202348
3483,05/15/2023 18:38:48.913534,3666,True,True,True,True,Eyes,1.358277,0.1084792,-3.717791,-0.5939816,0.2302833,0.7708149,0.0,0.0,0.0,0.0,0.0,0.0,0.0,0.993762,-1.018818,3.703998,1.360579,0.1063166,-3.725946,-0.1149505,-0.2958739,-0.02948974,0.9478267,346.3874,325.2421,0.7144786,0.3430806,0.02741174,-0.9389055,0,0,0,0.6325365,0.4136754,-2.749613,-0.04136322,0.01276773,1.255337,0.823178,0.0121194,0.5676541,0.123924,0.9718335,-0.2004558,-0.5540947,0.2353568,0.79849,moving,-37.61745,16.63368,-1.887207,0.5827217,-3.3249740630568887,3.529374563924198,39.16993141667966,3.278709689509565,37.60299820122564
3484,05/15/2023 18:38:48.933674,3667,True,True,True,True,Eyes,1.358279,0.108475,-3.717774,-0.5940412,0.2304576,0.7707168,0.0,0.0,0.0,0.0,0.0,0.0,0.0,0.9922878,-1.019714,3.704062,1.360592,0.1061831,-3.725862,-0.1150898,-0.2957246,-0.0293046,0.9478622,346.3783,325.257,0.7379065,0.3430757,0.0274102,-0.9389074,0,0,0,0.6373215,0.4137233,-2.749633,-0.03780389,0.01338005,1.252643,0.8233764,0.0125163,0.5673577,0.1236232,0.9717912,-0.2008462,-0.5538669,0.2355106,0.7986026,moving,-37.62376,16.64757,-1.728623,0.6119792,-3.3264850334805622,3.53131607645157,39.31413273307467,3.3280160570899664,37.74892400345267
3485,05/15/2023 18:38:48.953343,3668,True,True,True,True,Eyes,1.358284,0.1084751,-3.717756,-0.5941076,0.2306868,0.770597,0.0,0.0,0.0,0.0,0.0,0.0,0.0,0.9902098,-1.019685,3.704643,1.360772,0.1062851,-3.72581,-0.1150723,-0.2955067,-0.02915994,0.9479367,346.385,325.2821,0.7502325,0.3430715,0.02740871,-0.9389091,0,0,0,0.6417699,0.4137677,-2.749651,-0.03485674,0.01402989,1.250193,0.823651,0.01272572,0.5669543,0.1232928,0.9718161,-0.2009286,-0.5535322,0.2353964,0.7988683,moving,-37.63117,16.66566,-1.597054,0.6429564,-3.328394009772782,3.533851716857068,39.43582820931885,3.3696904846686055,37.87110863087863
3486,05/15/2023 18:38:48.963535,3669,True,True,True,True,Eyes,1.358293,0.10848,-3.71774,-0.5941368,0.230926,0.7705029,0.0,0.0,0.0,0.0,0.0,0.0,0.0,0.9868832,-1.022054,3.704875,1.360873,0.1063719,-3.725768,-0.1153485,-0.2950771,-0.0293615,0.9480307,346.3473,325.3347,0.7312773,0.3430679,0.02740739,-0.9389104,0,0,0,0.646015,0.4138102,-2.749669,-0.03260331,0.01370052,1.247821,0.8241348,0.01240223,0.5662579,0.1237446,0.9716652,-0.2013801,-0.5527107,0.2360357,0.7992485,moving,-37.63591,16.6839,-1.496694,0.6290565,-3.330119785953288,3.536432253967038,39.54492297254034,3.437191278842921,37.978143729178676
3487,05/15/2023 18:38:48.983302,3670,True,True,True,True,Eyes,1.358301,0.1084844,-3.717727,-0.5941652,0.2312396,0.7703869,0.0,0.0,0.0,0.0,0.0,0.0,0.0,0.9833314,-1.023631,3.705448,1.360951,0.1064939,-3.725801,-0.1155127,-0.2946036,-0.02960698,0.9481504,346.3204,325.3942,0.7027556,0.3430651,0.02740633,-0.9389115,0,0,0,0.6508275,0.4138583,-2.749689,-0.02996336,0.01363641,1.245172,0.8246643,0.01191717,0.565497,0.1242047,0.9715605,-0.2016021,-0.5518171,0.2364914,0.7997311,moving,-37.64141,16.70767,-1.378478,0.6274455,-3.3323194471496755,3.539801075151537,39.668297886436015,3.507037410224787,38.09934409087182
3488,05/15/2023 18:38:49.003141,3671,True,True,True,True,Eyes,1.358305,0.1084863,-3.717714,-0.5941778,0.2315591,0.7702811,0.0,0.0,0.0,0.0,0.0,0.0,0.0,0.9803616,-1.028471,3.704967,1.360963,0.1064615,-3.725869,-0.1161208,-0.2941968,-0.0298712,0.9481942,346.2441,325.4417,0.6888368,0.3430628,0.02740549,-0.9389124,0,0,0,0.6552173,0.4139022,-2.749707,-0.02734626,0.0126,1.242811,0.8251119,0.01167736,0.5648487,0.1249722,0.9712473,-0.2026342,-0.550974,0.2377862,0.7999284,moving,-37.6458,16.73163,-1.260507,0.5808626,-3.334452606250609,3.5432069093097898,39.80875323725615,3.6161767358062438,38.23561664872252
3489,05/15/2023 18:38:49.013601,3672,True,True,True,True,Eyes,1.358313,0.108487,-3.7177,-0.5942484,0.2318778,0.7701309,0.0,0.0,0.0,0.0,0.0,0.0,0.0,0.9784769,-1.030694,3.704761,1.360852,0.1063986,-3.725824,-0.1164207,-0.2939755,-0.02973557,0.9482303,346.2155,325.4645,0.7113415,0.3430609,0.0274048,-0.9389131,0,0,0,0.6602004,0.413952,-2.749728,-0.02365731,0.01275778,1.239976,0.8253884,0.01205737,0.5644366,0.124842,0.9711241,-0.2033042,-0.5505893,0.2382704,0.8000492,moving,-37.6545,16.75646,-1.093005,0.58948,-3.3369656585356013,3.5467001368526248,39.976420036759485,3.7122109819974116,38.402155871901755
3490,05/15/2023 18:38:49.033561,3673,True,True,True,True,Eyes,1.35832,0.1084858,-3.717681,-0.5943137,0.2321694,0.7699926,0.0,0.0,0.0,0.0,0.0,0.0,0.0,0.978599,-1.032653,3.704233,1.36085,0.1063566,-3.725876,-0.1166906,-0.2940237,-0.02951021,0.9481891,346.1935,325.4533,0.7467943,0.3430595,0.0274042,-0.9389136,0,0,0,0.6643498,0.4139934,-2.749746,-0.01997538,0.0128836,1.237748,0.8253584,0.01265708,0.5644673,0.1245821,0.9710249,-0.2039361,-0.550693,0.2386429,0.7998667,moving,-37.66251,16.77919,-0.924587,0.5963651,-3.339269506656956,3.549897523988937,40.14422509026658,3.814976459627122,38.5691396158289
3491,05/15/2023 18:38:49.052989,3674,True,True,True,True,Eyes,1.358333,0.1084847,-3.717664,-0.5943928,0.2324366,0.7698509,0.0,0.0,0.0,0.0,0.0,0.0,0.0,0.9773881,-1.031932,3.70461,1.360858,0.1063099,-3.725732,-0.1166194,-0.2939304,-0.02917471,0.9482372,346.2128,325.4613,0.7803516,0.3430585,0.02740364,-0.938914,0,0,0,0.6689303,0.4140393,-2.749765,-0.01644494,0.01400539,1.235113,0.8255075,0.01322688,0.5642362,0.1238851,0.9710975,-0.204015,-0.5506268,0.2383163,0.8000097,moving,-37.67131,16.80034,-0.7628209,0.6496696,-3.3415113454544,3.5528608851606727,40.2874759945849,3.883061170225199,38.71365932529603
3492,05/15/2023 18:38:49.063383,3675,True,True,True,True,Eyes,1.358347,0.108482,-3.717645,-0.5944477,0.2326767,0.769736,0.0,0.0,0.0,0.0,0.0,0.0,0.0,0.9759229,-1.031054,3.705328,1.360968,0.1063032,-3.725779,-0.11651,-0.2937865,-0.02894401,0.9483023,346.2326,325.4772,0.8001003,0.343058,0.02740311,-0.9389141,0,0,0,0.6734875,0.4140848,-2.749784,-0.01307662,0.01503706,1.23269,0.8257035,0.01356276,0.5639413,0.1233534,0.9711754,-0.2039666,-0.5504522,0.23798,0.8002299,moving,-37.67801,16.81908,-0.6077819,0.6988919,-3.343417778530771,3.5554961667850757,40.423536161070956,3.9552359723434356,38.851121249654355
3493,05/15/2023 18:38:49.083477,3676,True,True,True,True,Eyes,1.358355,0.1084775,-3.717636,-0.5944741,0.2328995,0.7696482,0.0,0.0,0.0,0.0,0.0,0.0,0.0,0.9728841,-1.029701,3.706437,1.360999,0.106267,-3.725702,-0.1163387,-0.2934331,-0.02879133,0.9484375,346.2564,325.5202,0.8058567,0.3430581,0.02740258,-0.9389141,0,0,0,0.6778408,0.4141283,-2.749802,-0.0104462,0.016193,1.23024,0.8261362,0.01366171,0.563305,0.1228888,0.9712728,-0.2037833,-0.5499067,0.2375766,0.8007247,moving,-37.6824,16.83609,-0.4864977,0.7541108,-3.3450249660133187,3.5579029527601707,40.523637582284955,4.004051518951909,38.95261705288574
3494,05/15/2023 18:38:49.093527,3677,True,True,True,True,Eyes,1.358368,0.1084772,-3.717623,-0.5944657,0.2331037,0.7695929,0.0,0.0,0.0,0.0,0.0,0.0,0.0,0.9699454,-1.029997,3.707249,1.361115,0.1062155,-3.725785,-0.1163831,-0.293107,-0.02854239,0.9485403,346.2598,325.5568,0.8304145,0.3430585,0.02740199,-0.938914,0,0,0,0.68243,0.4141742,-2.749821,-0.007463736,0.01691103,1.22785,0.8265472,0.01407821,0.5626914,0.1223726,0.9712806,-0.2040562,-0.5494039,0.2375201,0.8010864,moving,-37.684,16.85115,-0.3482797,0.7890778,-3.346281282797211,3.560053813507868,40.64414070536914,4.082440637399463,39.07431926252733
3495,05/15/2023 18:38:49.118450,3678,True,True,True,True,Eyes,1.358385,0.1084756,-3.717605,-0.5943673,0.233291,0.7696121,0.0,0.0,0.0,0.0,0.0,0.0,0.0,0.965355,-1.029429,3.708525,1.361223,0.1063156,-3.725663,-0.1162914,-0.2925686,-0.02840837,0.9487217,346.274,325.6219,0.8341959,0.3430592,0.02740146,-0.9389138,0,0,0,0.6870027,0.4142199,-2.74984,-0.005197442,0.01775813,1.225262,0.8271932,0.01414316,0.5617398,0.1219497,0.9713385,-0.2040336,-0.5485252,0.2372792,0.8017598,moving,-37.67871,16.86353,-0.2430417,0.8303488,-3.346832732654173,3.561879645056376,40.72458913800922,4.134583356503876,39.1563184990812
3496,05/15/2023 18:38:49.133372,3679,True,True,True,True,Eyes,1.358407,0.1084772,-3.717586,-0.5942114,0.2334639,0.7696801,0.0,0.0,0.0,0.0,0.0,0.0,0.0,0.9586579,-1.031096,3.70972,1.361335,0.1062756,-3.725544,-0.1164997,-0.2917654,-0.02830794,0.9489466,346.2537,325.7173,0.8409081,0.3430603,0.02740095,-0.9389133,0,0,0,0.6913001,0.4142629,-2.749858,-0.003782907,0.01797554,1.222878,0.8281432,0.01425573,0.5603352,0.1217066,0.9712529,-0.2045855,-0.5471437,0.2376226,0.8026016,moving,-37.669,16.87391,-0.1772409,0.8421515,-3.3469107563878406,3.563456609395073,40.77559663591392,4.177596018874185,39.20742255007978
3497,05/15/2023 18:38:49.147347,3680,True,True,True,True,Eyes,1.358465,0.108483,-3.717546,-0.5937023,0.2336763,0.7700084,0.0,0.0,0.0,0.0,0.0,0.0,0.0,0.9510233,-1.030558,3.711849,1.361466,0.1063576,-3.725511,-0.1163968,-0.2908241,-0.02829017,0.9492487,346.2649,325.8333,0.825379,0.343062,0.02740053,-0.9389127,0,0,0,0.6959962,0.4143098,-2.749877,-0.002425758,0.01877952,1.220321,0.829242,0.01399315,0.5587146,0.1214108,0.9713029,-0.204524,-0.545543,0.2374338,0.8037463,moving,-37.63342,16.8816,-0.1138926,0.8816547,-3.344900161162889,3.5648729831097183,40.78864040296444,4.199889309863538,39.22294116200535
3498,05/15/2023 18:38:49.163067,3681,True,True,True,True,Eyes,1.358528,0.1084831,-3.717504,-0.5931153,0.2338992,0.7703931,0.0,0.0,0.0,0.0,0.0,0.0,0.0,0.9409942,-1.032093,3.713992,1.36162,0.106452,-3.725465,-0.1165571,-0.2895961,-0.02822811,0.9496061,346.2482,325.9814,0.8198123,0.3430651,0.02740032,-0.9389116,0,0,0,0.7006657,0.4143565,-2.749897,-0.001773019,0.01898569,1.217799,0.8306745,0.01389779,0.556585,0.1211201,0.9712353,-0.2050171,-0.5434242,0.2377161,0.805097,moving,-37.59219,16.88882,-0.08341805,0.8931781,-3.3424423041635087,3.566271173570115,40.777058905592284,4.215052273601661,39.21235945916164
3499,05/15/2023 18:38:49.183185,3682,True,True,True,True,Eyes,1.358609,0.1084804,-3.71745,-0.5922029,0.2342275,0.770995,0.0,0.0,0.0,0.0,0.0,0.0,0.0,0.928208,-1.034912,3.716369,1.361782,0.106308,-3.725355,-0.1169265,-0.288078,-0.02783928,0.950034,346.2192,326.1591,0.8537545,0.3430697,0.02740014,-0.9389099,0,0,0,0.7048965,0.4143988,-2.749914,-0.002105803,0.01912376,1.215538,0.8324721,0.01447135,0.553878,0.1202644,0.9711064,-0.2061284,-0.5408574,0.238208,0.8066787,moving,-37.52795,16.89873,-0.09925935,0.9013461,-3.33851137975641,3.5682571423018654,40.704092858303284,4.195851310500962,39.139739075656834
3500,05/15/2023 18:38:49.193510,3683,True,True,True,True,Eyes,1.358699,0.1084774,-3.717396,-0.5911953,0.2345439,0.7716718,0.0,0.0,0.0,0.0,0.0,0.0,0.0,0.9131488,-1.036793,3.719529,1.361986,0.1062288,-3.725237,-0.117163,-0.2862832,-0.02741771,0.9505594,346.2056,326.3714,0.882592,0.343076,0.02739993,-0.9389076,0,0,0,0.7093869,0.4144437,-2.749933,-0.002952417,0.01956639,1.213139,0.8345804,0.01495925,0.550683,0.1192079,0.9710422,-0.2070422,-0.5378336,0.2384392,0.8086296,moving,-37.45655,16.90626,-0.1394405,0.9240277,-3.33387861843376,3.5699635658863347,40.59554668588851,4.147940633481426,39.03238561848049
3501,05/15/2023 18:38:49.213391,3684,True,True,True,True,Eyes,1.358784,0.108482,-3.717347,-0.5898063,0.2349605,0.7726074,0.0,0.0,0.0,0.0,0.0,0.0,0.0,0.896111,-1.037912,3.723379,1.362238,0.1062164,-3.725165,-0.1172867,-0.2842411,-0.02699755,0.9511688,346.2039,326.6149,0.9037061,0.3430842,0.02739968,-0.9389046,0,0,0,0.7139176,0.414489,-2.749952,-0.004398648,0.02019596,1.21077,0.8369562,0.01531699,0.5470555,0.1180339,0.9710299,-0.2077713,-0.5343897,0.2384666,0.8109016,moving,-37.35801,16.91523,-0.2081508,0.9556199,-3.327377254225228,3.5721141770271,40.432922144260694,4.0713162459398875,38.87145996039502
3502,05/15/2023 18:38:49.233084,3685,True,True,True,True,Eyes,1.358877,0.1084857,-3.717293,-0.5883077,0.235401,0.7736152,0.0,0.0,0.0,0.0,0.0,0.0,0.0,0.8770192,-1.041054,3.726989,1.362494,0.1063976,-3.725009,-0.1176386,-0.2819283,-0.02674271,0.9518207,346.1712,326.8912,0.9100773,0.3430938,0.02739958,-0.9389011,0,0,0,0.7184957,0.4145347,-2.749971,-0.006521497,0.02001688,1.208279,0.8396026,0.01542278,0.5429822,0.1172398,0.970892,-0.2088627,-0.5303982,0.2390208,0.8133552,moving,-37.25174,16.92432,-0.3092421,0.9491004,-3.32032171794833,3.5743495943959864,40.248674417423096,3.994813362136038,38.687045035119255
3503,05/15/2023 18:38:49.243550,3686,True,True,True,True,Eyes,1.358953,0.1084945,-3.717257,-0.586511,0.235898,0.7748271,0.0,0.0,0.0,0.0,0.0,0.0,0.0,0.8564768,-1.045908,3.730345,1.362744,0.1063728,-3.724859,-0.118242,-0.2794466,-0.02642211,0.9524864,346.1126,327.1848,0.9296955,0.343105,0.0273996,-0.9388971,0,0,0,0.7231722,0.4145815,-2.74999,-0.008884043,0.01951164,1.205799,0.842423,0.01575125,0.5385867,0.1164181,0.9706414,-0.2104806,-0.5260898,0.2400149,0.8158569,moving,-37.12416,16.933,-0.4221343,0.9270514,-3.311682380288945,3.5767123142412967,40.04034316872549,3.920483524867762,38.47848969953221
3504,05/15/2023 18:38:49.263340,3687,True,True,True,True,Eyes,1.359033,0.1085031,-3.717217,-0.5846184,0.2364117,0.7760997,0.0,0.0,0.0,0.0,0.0,0.0,0.0,0.8363323,-1.048399,3.734287,1.363001,0.1065073,-3.724833,-0.1185088,-0.2769833,-0.02623833,0.9531776,346.0866,327.4808,0.9226623,0.343117,0.02739984,-0.9388927,0,0,0,0.7276303,0.414626,-2.750009,-0.01139174,0.01948372,1.203497,0.8451836,0.01563034,0.5342476,0.1156695,0.9705344,-0.2113847,-0.5218096,0.240455,0.8184718,moving,-36.98989,16.94153,-0.5423186,0.9274946,-3.302544217692402,3.579111939272045,39.81048593964348,3.8275213878557968,38.24946543394108
3505,05/15/2023 18:38:49.283096,3688,True,True,True,True,Eyes,1.359105,0.1085087,-3.717187,-0.5825565,0.2369721,0.777478,0.0,0.0,0.0,0.0,0.0,0.0,0.0,0.8157388,-1.052734,3.737563,1.363133,0.1065006,-3.724727,-0.1190472,-0.2744793,-0.02592924,0.9538432,346.0344,327.7776,0.9380333,0.34313,0.02740029,-0.9388879,0,0,0,0.7321686,0.4146714,-2.750028,-0.01375847,0.01909047,1.201069,0.8479776,0.01588713,0.5297939,0.1148168,0.9703109,-0.2128706,-0.5174468,0.2413388,0.8209778,moving,-36.84385,16.951,-0.6563053,0.9106151,-3.2926195617774643,3.5817495514950712,39.5832330558615,3.753013741623541,38.02270458985604
3506,05/15/2023 18:38:49.293590,3689,True,True,True,True,Eyes,1.359185,0.1085168,-3.717155,-0.580431,0.2375042,0.7789041,0.0,0.0,0.0,0.0,0.0,0.0,0.0,0.7969474,-1.057334,3.740369,1.363339,0.1064291,-3.724706,-0.1196463,-0.2722337,-0.02542324,0.9544252,345.9819,328.0396,0.981199,0.3431435,0.02740083,-0.9388829,0,0,0,0.7368321,0.414718,-2.750047,-0.01529879,0.01873952,1.198717,0.850485,0.01661434,0.525737,0.1136727,0.9700769,-0.2145447,-0.5135698,0.2422289,0.8231472,moving,-36.69308,16.95756,-0.7312054,0.8956309,-3.2821300230764923,3.584010195133493,39.38580951509759,3.7060220813050213,37.827195717972174
3507,05/15/2023 18:38:49.319246,3690,True,True,True,True,Eyes,1.359264,0.1085317,-3.717129,-0.578208,0.2381115,0.7803707,0.0,0.0,0.0,0.0,0.0,0.0,0.0,0.7772517,-1.058553,3.744182,1.363571,0.1064949,-3.724634,-0.1198254,-0.2699444,-0.02445105,0.9550781,345.9903,328.3045,1.062238,0.3431576,0.02740152,-0.9388777,0,0,0,0.7415721,0.4147654,-2.750067,-0.01682821,0.01956156,1.196255,0.8530643,0.01798707,0.5214958,0.1113977,0.9700881,-0.2156843,-0.5097764,0.242086,0.8255438,moving,-36.53624,16.96832,-0.80595,0.9368361,-3.271516041568808,3.586927628995197,39.16199815535539,3.619668633644437,37.6071044759433
3508,05/15/2023 18:38:49.335161,3691,True,True,True,True,Eyes,1.359358,0.1085535,-3.717087,-0.5759134,0.2387554,0.7818693,0.0,0.0,0.0,0.0,0.0,0.0,0.0,0.7586096,-1.067959,3.745393,1.363912,0.106657,-3.724562,-0.121069,-0.2678241,-0.02343512,0.9555435,345.8816,328.5385,1.185465,0.3431724,0.02740252,-0.9388723,0,0,0,0.7458187,0.4148079,-2.750085,-0.01825894,0.01777726,1.194132,0.8554421,0.02006385,0.5175097,0.1096369,0.9695862,-0.2188204,-0.5061606,0.2439264,0.8272251,moving,-36.37481,16.98083,-0.876016,0.8529097,-3.260700044366565,3.590136736140262,38.99069361601032,3.6303071273424896,37.434482384645044
3509,05/15/2023 18:38:49.343582,3692,True,True,True,True,Eyes,1.359442,0.1085819,-3.71705,-0.5735584,0.239423,0.7833948,0.0,0.0,0.0,0.0,0.0,0.0,0.0,0.7395539,-1.074205,3.747157,1.364293,0.1068296,-3.724157,-0.1218339,-0.2655209,-0.02343193,0.956089,345.7939,328.8119,1.175816,0.3431881,0.02740397,-0.9388665,0,0,0,0.7504697,0.4148543,-2.750104,-0.02036019,0.01652357,1.191532,0.8578992,0.01989289,0.5134328,0.1095049,0.9692149,-0.2205248,-0.5020136,0.2454114,0.8293102,moving,-36.20953,16.99433,-0.9789413,0.7944984,-3.249678435932683,3.5935218008908363,38.77665436853631,3.604272345319963,37.219622236059685
3510,05/15/2023 18:38:49.363561,3693,True,True,True,True,Eyes,1.359531,0.1085998,-3.717014,-0.5711538,0.2401104,0.7849398,0.0,0.0,0.0,0.0,0.0,0.0,0.0,0.7197956,-1.077399,3.750064,1.364412,0.1070166,-3.724084,-0.1221663,-0.263027,-0.02373981,0.9567282,345.7444,329.1164,1.113876,0.3432044,0.027406,-0.9388605,0,0,0,0.7549701,0.4148993,-2.750123,-0.02279379,0.01598647,1.189132,0.8605065,0.01884096,0.5090909,0.1096912,0.9690236,-0.2212715,-0.4974901,0.2462483,0.8317845,moving,-36.04114,17.0087,-1.098135,0.7702273,-3.2384960555265936,3.5970591062506854,38.531825729631215,3.5457190397499665,36.97510498159877
3511,05/15/2023 18:38:49.383204,3694,True,True,True,True,Eyes,1.359636,0.108606,-3.716965,-0.5688096,0.2407064,0.786458,0.0,0.0,0.0,0.0,0.0,0.0,0.0,0.7030258,-1.08199,3.751949,1.364557,0.1067715,-3.724063,-0.1227714,-0.260967,-0.02366549,0.9572165,345.6769,329.3605,1.110165,0.3432213,0.02740828,-0.9388542,0,0,0,0.7595223,0.4149449,-2.750142,-0.02392745,0.01547876,1.186908,0.8626723,0.01877259,0.5054148,0.1093846,0.9687342,-0.2226858,-0.493793,0.2473895,0.8336468,moving,-35.87652,17.01746,-1.154897,0.747166,-3.2271638183908915,3.5997570376835712,38.34466808567477,3.525842508518573,36.79026170660331
3512,05/15/2023 18:38:49.403616,3695,True,True,True,True,Eyes,1.359746,0.1086112,-3.716911,-0.566424,0.241261,0.7880083,0.0,0.0,0.0,0.0,0.0,0.0,0.0,0.6861659,-1.075929,3.756729,1.36467,0.1064997,-3.72395,-0.1220375,-0.2589521,-0.02308765,0.9578716,345.7739,329.6045,1.12158,0.3432393,0.0274105,-0.9388476,0,0,0,0.7641898,0.4149915,-2.750161,-0.02488465,0.01844159,1.184503,0.8648216,0.01897375,0.5017207,0.1074338,0.9691476,-0.2218353,-0.4904505,0.2457497,0.8361014,moving,-35.70875,17.02278,-1.203522,0.8919686,-3.2153417165632523,3.6019880056849605,38.08955021727553,3.3751479598888268,36.544986527501095
3513,05/15/2023 18:38:49.413631,3696,True,True,True,True,Eyes,1.359876,0.1086182,-3.71685,-0.5640656,0.241741,0.7895514,0.0,0.0,0.0,0.0,0.0,0.0,0.0,0.6684307,-1.07521,3.760014,1.364838,0.1064816,-3.72377,-0.1219873,-0.2568752,-0.0223379,0.9584547,345.7996,329.8474,1.173328,0.3432584,0.02741263,-0.9388406,0,0,0,0.7686129,0.4150357,-2.75018,-0.02611285,0.0196774,1.182158,0.8670323,0.0198513,0.4978564,0.1054908,0.9692402,-0.2223625,-0.4869566,0.2453147,0.8382685,moving,-35.5425,17.02329,-1.265409,0.9536184,-3.2032663531725856,3.603514262027248,37.857011408114715,3.282870573268796,36.31949536705722
3514,05/15/2023 18:38:49.433492,3697,True,True,True,True,Eyes,1.360011,0.1086273,-3.716787,-0.5616557,0.242188,0.7911307,0.0,0.0,0.0,0.0,0.0,0.0,0.0,0.6511723,-1.073444,3.763639,1.365073,0.1065283,-3.723777,-0.1217786,-0.2548323,-0.02171734,0.9590407,345.8389,330.0891,1.206182,0.3432789,0.02741474,-0.938833,0,0,0,0.7734407,0.415084,-2.7502,-0.02691238,0.02111372,1.179795,0.8691778,0.02041061,0.4940784,0.1037219,0.9693967,-0.2225127,-0.4834996,0.2446498,0.840461,moving,-35.37249,17.02086,-1.306751,1.025261,-3.190694516561103,3.604650760014124,37.63420998220797,3.1941344222900727,36.105103633983546
3515,05/15/2023 18:38:49.453319,3698,True,True,True,True,Eyes,1.360155,0.1086402,-3.716722,-0.5592685,0.242595,0.7926956,0.0,0.0,0.0,0.0,0.0,0.0,0.0,0.6326082,-1.072823,3.766938,1.365281,0.1065855,-3.723657,-0.1217215,-0.2526298,-0.0211236,0.9596437,345.86,330.349,1.238461,0.3433009,0.02741687,-0.9388249,0,0,0,0.7779368,0.4151289,-2.750218,-0.02838594,0.02216616,1.177479,0.871464,0.0209587,0.4900116,0.1020432,0.9694754,-0.2229456,-0.4797268,0.2442914,0.8427242,moving,-35.20402,17.0161,-1.380984,1.078472,-3.178058560541563,3.605438866442792,37.38991509115366,3.100812558063669,35.86829054155833
3516,05/15/2023 18:38:49.463363,3699,True,True,True,True,Eyes,1.360306,0.1086589,-3.716664,-0.5568444,0.2429834,0.7942818,0.0,0.0,0.0,0.0,0.0,0.0,0.0,0.6150531,-1.072837,3.769892,1.365448,0.1066875,-3.723644,-0.1217506,-0.2505547,-0.02045938,0.9601982,345.8736,330.5916,1.283392,0.3433245,0.02741913,-0.9388162,0,0,0,0.7827383,0.4151769,-2.750238,-0.02914102,0.02302814,1.175097,0.8736076,0.02172022,0.4861462,0.1003005,0.9695165,-0.223557,-0.4761824,0.2440618,0.8447983,moving,-35.03301,17.0097,-1.420576,1.12267,-3.1651134109089334,3.606013424625929,37.17786225195387,3.0348649628432693,35.6643181116873
3517,05/15/2023 18:38:49.483485,3700,True,True,True,True,Eyes,1.360443,0.1086813,-3.716606,-0.5544022,0.2434569,0.7958435,0.0,0.0,0.0,0.0,0.0,0.0,0.0,0.5974582,-1.073988,3.772602,1.365744,0.1068439,-3.723743,-0.1219449,-0.2485228,-0.01954256,0.9607205,345.8759,330.8241,1.362693,0.3433495,0.02742163,-0.938807,0,0,0,0.7870342,0.4152199,-2.750256,-0.03016881,0.0235208,1.173122,0.875709,0.02306232,0.4822881,0.09816206,0.969495,-0.2245965,-0.4727557,0.2440236,0.8467317,moving,-34.86192,17.00942,-1.473133,1.148612,-3.1526255897440407,3.6074684193634585,36.96452796593287,2.977695459587839,35.45718729416866
3518,05/15/2023 18:38:49.503283,3701,True,True,True,True,Eyes,1.360586,0.1087083,-3.716546,-0.551904,0.2439263,0.7974346,0.0,0.0,0.0,0.0,0.0,0.0,0.0,0.5769935,-1.082517,3.77313,1.365963,0.1069374,-3.723438,-0.1231272,-0.2461676,-0.01861854,0.9611945,345.7671,331.0867,1.467736,0.3433756,0.02742445,-0.9387974,0,0,0,0.7915246,0.4152648,-2.750275,-0.03177316,0.02195674,1.170725,0.8781098,0.02482779,0.4778148,0.09641193,0.968986,-0.2275318,-0.468645,0.2458649,0.8484824,moving,-34.68708,17.00828,-1.55461,1.074446,-3.13979943710624,3.60883256406564,36.76476076680571,2.989304401968732,35.25971211381539
3519,05/15/2023 18:38:49.513502,3702,True,True,True,True,Eyes,1.360723,0.1087338,-3.716494,-0.5494143,0.2444141,0.7990029,0.0,0.0,0.0,0.0,0.0,0.0,0.0,0.5572448,-1.084965,3.775406,1.366216,0.107069,-3.723352,-0.1234954,-0.2438574,-0.01783643,0.9617507,345.7447,331.3527,1.532599,0.3434027,0.02742768,-0.9387874,0,0,0,0.7960634,0.4153101,-2.750294,-0.03327975,0.0220615,1.168475,0.8804309,0.02592216,0.4734656,0.09453898,0.9688615,-0.2288446,-0.4646547,0.2462427,0.8505649,moving,-34.51338,17.00881,-1.63142,1.081649,-3.1271827361689786,3.6104268047769663,36.53625255772027,2.9380305221090404,35.036371904293865
3520,05/15/2023 18:38:49.533082,3703,True,True,True,True,Eyes,1.360865,0.1087576,-3.716435,-0.5468696,0.2449045,0.800597,0.0,0.0,0.0,0.0,0.0,0.0,0.0,0.5375151,-1.089406,3.777073,1.366475,0.1070576,-3.723344,-0.1241454,-0.2415517,-0.01705099,0.962263,345.6906,331.6154,1.606189,0.3434305,0.02743123,-0.9387771,0,0,0,0.8005858,0.4153554,-2.750313,-0.03469589,0.021644,1.16636,0.8827241,0.02716,0.4691062,0.09279013,0.9685944,-0.2306836,-0.4606389,0.2471584,0.8524814,moving,-34.33609,17.00899,-1.703884,1.063109,-3.114277958785126,3.612002108579452,36.319856680507385,2.9130855116081644,34.824506460026726
3521,05/15/2023 18:38:49.553088,3704,True,True,True,True,Eyes,1.361036,0.1087843,-3.716365,-0.5443668,0.2453468,0.8021656,0.0,0.0,0.0,0.0,0.0,0.0,0.0,0.5183154,-1.091961,3.778894,1.36669,0.1070356,-3.723141,-0.1245351,-0.2392772,-0.01651213,0.9627903,345.6583,331.8798,1.644367,0.3434593,0.02743503,-0.9387665,0,0,0,0.8051807,0.4154013,-2.750332,-0.03611268,0.02171987,1.16403,0.8849475,0.02780141,0.4648601,0.09139229,0.9684367,-0.2319005,-0.4566348,0.2477044,0.8544748,moving,-34.16166,17.00654,-1.776966,1.06897,-3.101382541202062,3.613174360277761,36.093968235406535,2.8682843306523855,34.604401471704534
3522,05/15/2023 18:38:49.563316,3705,True,True,True,True,Eyes,1.36121,0.1088038,-3.716291,-0.5418227,0.2457956,0.8037492,0.0,0.0,0.0,0.0,0.0,0.0,0.0,0.4998843,-1.089895,3.782045,1.36694,0.1071177,-3.72312,-0.124323,-0.2371044,-0.01581233,0.9633667,345.6978,332.1349,1.684747,0.3434895,0.02743913,-0.9387553,0,0,0,0.8096972,0.4154464,-2.75035,-0.0373036,0.02309346,1.161869,0.8870629,0.02848894,0.4607688,0.08942124,0.9685875,-0.2320389,-0.4529054,0.2470356,0.8566506,moving,-33.98466,17.00422,-1.838938,1.138669,-3.088309696512296,3.614387759769926,35.84777749644858,2.773105301556858,34.366630741979776
3523,05/15/2023 18:38:49.583513,3706,True,True,True,True,Eyes,1.361419,0.1088245,-3.716201,-0.5393133,0.2461783,0.8053182,0.0,0.0,0.0,0.0,0.0,0.0,0.0,0.4813882,-1.093016,3.783439,1.367139,0.1069574,-3.722946,-0.1248565,-0.2349765,-0.01487406,0.9638339,345.6602,332.3746,1.774696,0.3435211,0.02744332,-0.9387437,0,0,0,0.8141131,0.4154906,-2.750369,-0.03830668,0.02318764,1.159711,0.8891296,0.03000446,0.4566709,0.08734894,0.9683792,-0.2336918,-0.4492423,0.247672,0.8583938,moving,-33.80981,16.99791,-1.891862,1.145438,-3.075091552874671,3.615008815017372,35.63784888347623,2.7383959146152628,34.16354929460897
3524,05/15/2023 18:38:49.603310,3707,True,True,True,True,Eyes,1.361632,0.1088561,-3.716115,-0.5367519,0.2465684,0.8069086,0.0,0.0,0.0,0.0,0.0,0.0,0.0,0.4637662,-1.089294,3.786722,1.367472,0.1069927,-3.722831,-0.1244207,-0.2328843,-0.01437777,0.9644054,345.7188,332.6244,1.786937,0.343555,0.02744762,-0.9387311,0,0,0,0.8187246,0.4155367,-2.750388,-0.03938342,0.02498609,1.157495,0.8911164,0.03021923,0.4527674,0.08568322,0.9686256,-0.2332872,-0.4456118,0.2466806,0.8605688,moving,-33.63167,16.99166,-1.94872,1.236615,-3.061638221109177,3.615667248155942,35.38404673937854,2.626495110662241,33.919695562915166
3525,05/15/2023 18:38:49.613587,3708,True,True,True,True,Eyes,1.361853,0.1088886,-3.716028,-0.5341939,0.2469782,0.8084792,0.0,0.0,0.0,0.0,0.0,0.0,0.0,0.4456027,-1.091762,3.788315,1.367743,0.1072855,-3.72285,-0.1247351,-0.2306926,-0.01411022,0.9648954,345.6868,332.8824,1.793221,0.3435909,0.02745229,-0.9387178,0,0,0,0.8233169,0.4155826,-2.750407,-0.04057017,0.02467617,1.155352,0.8931637,0.03032113,0.4487084,0.08478069,0.9684841,-0.2342023,-0.4416683,0.2472228,0.8624442,moving,-33.4543,16.98712,-2.011114,1.223546,-3.048370407827117,3.616564760842973,35.1733451790425,2.608148700769351,33.71486382824367
3526,05/15/2023 18:38:49.633386,3709,True,True,True,True,Eyes,1.36208,0.1089146,-3.715941,-0.5315932,0.2473679,0.8100727,0.0,0.0,0.0,0.0,0.0,0.0,0.0,0.4282193,-1.094629,3.789551,1.368047,0.1073303,-3.722796,-0.1251218,-0.228588,-0.0139687,0.9653482,345.6433,333.131,1.788375,0.3436289,0.02745732,-0.9387038,0,0,0,0.8278511,0.4156279,-2.750426,-0.04167219,0.02436692,1.15327,0.8951048,0.03023336,0.4448295,0.084172,0.9682988,-0.2351861,-0.4378383,0.2479584,0.8641841,moving,-33.27405,16.98084,-2.069422,1.210396,-3.0347610585808447,3.617237321926644,34.9633481316581,2.593215117755437,33.511223879139756
3527,05/15/2023 18:38:49.653467,3710,True,True,True,True,Eyes,1.362329,0.1089379,-3.715844,-0.5290398,0.2477132,0.8116373,0.0,0.0,0.0,0.0,0.0,0.0,0.0,0.410634,-1.094053,3.791666,1.368359,0.1071978,-3.722689,-0.1251071,-0.2264821,-0.01363173,0.9658512,345.65,333.3804,1.794429,0.3436688,0.0274625,-0.938689,0,0,0,0.8324444,0.4156738,-2.750445,-0.04270957,0.02526563,1.151154,0.8970401,0.03033658,0.4409068,0.08300148,0.9683248,-0.235495,-0.434085,0.2478443,0.8661082,moving,-33.09703,16.97228,-2.124786,1.257331,-3.0212145173065936,3.617553909063431,34.73095910665493,2.5247249884112812,33.28761897755883
3528,05/15/2023 18:38:49.663252,3711,True,True,True,True,Eyes,1.36259,0.1089719,-3.715752,-0.5264316,0.2479877,0.8132477,0.0,0.0,0.0,0.0,0.0,0.0,0.0,0.3942027,-1.090421,3.794461,1.368766,0.1071539,-3.722545,-0.1246515,-0.2244871,-0.01354567,0.9663768,345.6998,333.6236,1.761392,0.3437111,0.02746776,-0.9386734,0,0,0,0.837083,0.4157202,-2.750464,-0.04366352,0.02690601,1.149004,0.8988441,0.02978485,0.4372551,0.08214571,0.968557,-0.2348389,-0.4305012,0.2470022,0.8681351,moving,-32.91579,16.9583,-2.17626,1.341439,-3.0069502996499864,3.6171282631318977,34.47905236682443,2.4225622791305867,33.046824157768576
3529,05/15/2023 18:38:49.683257,3712,True,True,True,True,Eyes,1.362883,0.1090048,-3.715643,-0.5238782,0.2482704,0.814809,0.0,0.0,0.0,0.0,0.0,0.0,0.0,0.3765029,-1.084098,3.798287,1.369269,0.1074657,-3.722574,-0.1237416,-0.2222682,-0.01386165,0.967002,345.7899,333.9027,1.666926,0.3437557,0.02747335,-0.9386569,0,0,0,0.8416262,0.4157656,-2.750483,-0.04540722,0.02892184,1.146961,0.9008094,0.02819917,0.4332981,0.08181617,0.9689917,-0.2331548,-0.426437,0.2454788,0.8705697,moving,-32.73883,16.94586,-2.267108,1.444468,-2.993114494377316,3.616886583890308,34.18799490439514,2.2905213235222264,32.766477682954815
3530,05/15/2023 18:38:49.703449,3713,True,True,True,True,Eyes,1.363177,0.109026,-3.715543,-0.5212537,0.2485014,0.8164201,0.0,0.0,0.0,0.0,0.0,0.0,0.0,0.3559574,-1.083669,3.800342,1.36951,0.1074562,-3.722437,-0.1236214,-0.219653,-0.01441712,0.9676067,345.7846,334.2258,1.56102,0.3438033,0.02747921,-0.9386393,0,0,0,0.8460236,0.4158096,-2.750502,-0.04800192,0.02940148,1.144818,0.9030894,0.02640743,0.4286399,0.08220785,0.9690198,-0.2329003,-0.4215108,0.2455673,0.8729405,moving,-32.55671,16.92917,-2.40099,1.47116,-2.97858106361608,3.616079071817288,33.88683404920708,2.221326014211937,32.473599404829606
3531,05/15/2023 18:38:49.713313,3714,True,True,True,True,Eyes,1.363472,0.1090425,-3.715448,-0.5186864,0.2486875,0.817997,0.0,0.0,0.0,0.0,0.0,0.0,0.0,0.3373407,-1.078184,3.803807,1.369781,0.107214,-3.722558,-0.1228535,-0.2172514,-0.0150036,0.9682375,345.8523,334.5287,1.437531,0.3438534,0.02748501,-0.9386207,0,0,0,0.8504753,0.4158541,-2.75052,-0.0500218,0.03146291,1.142936,0.9051534,0.02432611,0.4243885,0.0824343,0.9693639,-0.2313836,-0.4170155,0.2444218,0.8754176,moving,-32.37851,16.91032,-2.506011,1.576848,-2.96416979983879,3.6149268052826615,33.57799219845917,2.0889410480940147,32.176343193609505
3532,05/15/2023 18:38:49.733139,3715,True,True,True,True,Eyes,1.363764,0.1090572,-3.715361,-0.5160509,0.2488309,0.8196186,0.0,0.0,0.0,0.0,0.0,0.0,0.0,0.3175851,-1.071498,3.807522,1.369965,0.1071377,-3.722623,-0.1219422,-0.2147382,-0.01533096,0.968908,345.9431,334.8421,1.338683,0.3439058,0.02749065,-0.9386013,0,0,0,0.8552203,0.4159015,-2.75054,-0.0518914,0.03388104,1.140789,0.9073049,0.02266272,0.4198621,0.08207989,0.9697901,-0.2297173,-0.4123842,0.2428858,0.8780351,moving,-32.19547,16.88795,-2.604435,1.701165,-2.9491394736083967,3.613310845267014,33.26060418885156,1.9429675518900322,31.871942007006524
3533,05/15/2023 18:38:49.743582,3716,True,True,True,True,Eyes,1.364035,0.1090738,-3.715295,-0.5133839,0.2489821,0.821246,0.0,0.0,0.0,0.0,0.0,0.0,0.0,0.2978827,-1.067469,3.810424,1.370153,0.1071196,-3.722737,-0.1214208,-0.2122919,-0.01528416,0.9695131,345.9997,335.1391,1.294302,0.3439603,0.02749608,-0.9385812,0,0,0,0.8597475,0.4159468,-2.750559,-0.05359764,0.03555849,1.138806,0.9093971,0.02191694,0.4153512,0.08118972,0.9700468,-0.2289488,-0.4079279,0.2419276,0.8803782,moving,-32.01066,16.86605,-2.694625,1.788444,-2.934015743996169,3.611777915730308,32.96610548445875,1.8389819184982372,31.589280319017544
3534,05/15/2023 18:38:49.763403,3717,True,True,True,True,Eyes,1.364313,0.109098,-3.715238,-0.5106502,0.2491391,0.822901,0.0,0.0,0.0,0.0,0.0,0.0,0.0,0.2774159,-1.064779,3.812976,1.370467,0.1071901,-3.72288,-0.1211645,-0.2098733,-0.01451262,0.9700834,346.0443,335.4208,1.340382,0.3440158,0.02750136,-0.9385607,0,0,0,0.8644254,0.4159935,-2.750578,-0.05490834,0.03697586,1.136849,0.9114852,0.02270147,0.4107062,0.07901528,0.9702171,-0.2289876,-0.4036725,0.2411709,0.8825446,moving,-31.82162,16.84406,-2.765164,1.862881,-2.9185769803820563,3.610269017040784,32.69118167809137,1.7541095817101702,31.326216926035908
3535,05/15/2023 18:38:49.783203,3718,True,True,True,True,Eyes,1.364575,0.1091202,-3.715184,-0.5078836,0.2493858,0.8245369,0.0,0.0,0.0,0.0,0.0,0.0,0.0,0.2556081,-1.066515,3.814312,1.370864,0.1073856,-3.723032,-0.1214906,-0.20732,-0.01364505,0.9706041,346.0251,335.7129,1.410511,0.3440724,0.02750669,-0.9385398,0,0,0,0.8686525,0.4160358,-2.750596,-0.05689777,0.03698689,1.135124,0.9136645,0.02388699,0.4057668,0.07686275,0.9701077,-0.2301808,-0.3991358,0.2414964,0.884517,moving,-31.6315,16.82823,-2.869533,1.866265,-2.9035257064864366,3.609655044341405,32.42084425751917,1.7437214085980015,31.06406186095027
3536,05/15/2023 18:38:49.802835,3719,True,True,True,True,Eyes,1.364845,0.1091524,-3.715143,-0.5050321,0.2496559,0.8262049,0.0,0.0,0.0,0.0,0.0,0.0,0.0,0.2313341,-1.069692,3.814912,1.371176,0.107357,-3.722856,-0.1220394,-0.204455,-0.0128705,0.9711534,345.9776,336.0416,1.47092,0.3441297,0.02751202,-0.9385186,0,0,0,0.8731955,0.4160812,-2.750615,-0.05934845,0.03678635,1.132993,0.916065,0.02490466,0.4002557,0.07490161,0.9698815,-0.2317751,-0.3939728,0.2423009,0.8866091,moving,-31.43609,16.81334,-2.998527,1.859643,-2.888160110460104,3.6092224267566753,32.129550935965135,1.7530570500804952,30.78035552431767
3537,05/15/2023 18:38:49.813735,3720,True,True,True,True,Eyes,1.365101,0.1091876,-3.715113,-0.5021363,0.2500837,0.827839,0.0,0.0,0.0,0.0,0.0,0.0,0.0,0.2078141,-1.07318,3.815685,1.371562,0.1076221,-3.723114,-0.1225542,-0.2016422,-0.01229212,0.9716839,345.9289,336.3668,1.508545,0.3441875,0.0275176,-0.9384972,0,0,0,0.8776766,0.416126,-2.750633,-0.06168456,0.036143,1.131243,0.9183787,0.02553612,0.3948779,0.07331231,0.9696587,-0.2332107,-0.3888521,0.2431252,0.8886417,moving,-31.23944,16.80915,-3.121142,1.829968,-2.8735139299421864,3.610338749132697,31.859293397781563,1.7975092949545148,30.515605372515868
3538,05/15/2023 18:38:49.833891,3721,True,True,True,True,Eyes,1.365365,0.1092205,-3.715088,-0.4991457,0.2505622,0.8295012,0.0,0.0,0.0,0.0,0.0,0.0,0.0,0.1831306,-1.081938,3.814636,1.371906,0.1077061,-3.72315,-0.1237969,-0.1987011,-0.01172263,0.9721393,345.7972,336.7018,1.560796,0.3442456,0.02752346,-0.9384758,0,0,0,0.8821695,0.4161709,-2.750652,-0.06425703,0.03412533,1.129359,0.9207609,0.02640509,0.3892327,0.0719892,0.9690738,-0.2360371,-0.3834278,0.2453542,0.8903845,moving,-31.03709,16.80766,-3.256443,1.730755,-2.8586567479551177,3.6118930062002494,31.60818584034259,1.9227360975149357,30.267485938013834
3539,05/15/2023 18:38:49.852939,3722,True,True,True,True,Eyes,1.365603,0.1092543,-3.715077,-0.496106,0.2511297,0.8311515,0.0,0.0,0.0,0.0,0.0,0.0,0.0,0.1571643,-1.088635,3.814103,1.372282,0.1076651,-3.723232,-0.1248454,-0.195649,-0.01080083,0.972635,345.6949,337.0464,1.646453,0.3443038,0.02752952,-0.9384543,0,0,0,0.8867552,0.4162167,-2.750671,-0.06688352,0.03285864,1.127502,0.9232097,0.02784122,0.3832868,0.06986227,0.9685939,-0.2386316,-0.377893,0.2470843,0.8922703,moving,-30.83255,16.81202,-3.394811,1.66929,-2.844082713906314,3.61430732826169,31.338982007796954,2.021483131846994,30.00179214602505
3540,05/15/2023 18:38:49.863395,3723,True,True,True,True,Eyes,1.365849,0.109293,-3.71507,-0.4929722,0.251719,0.8328362,0.0,0.0,0.0,0.0,0.0,0.0,0.0,0.1308882,-1.093881,3.813736,1.372681,0.1077213,-3.72323,-0.1256981,-0.1925573,-0.00990538,0.9731515,345.6135,337.3974,1.723275,0.3443617,0.02753578,-0.9384329,0,0,0,0.8915483,0.4162647,-2.750691,-0.06946702,0.03194779,1.125465,0.9256472,0.02912928,0.3772649,0.06768705,0.9682038,-0.2408318,-0.3722846,0.2484612,0.8942434,moving,-30.62213,16.81708,-3.531985,1.625979,-2.829133203782929,3.616873662247883,31.058742822484394,2.111317646308266,29.72590337153734
3541,05/15/2023 18:38:49.883485,3724,True,True,True,True,Eyes,1.366075,0.1093305,-3.71507,-0.489825,0.2523549,0.834499,0.0,0.0,0.0,0.0,0.0,0.0,0.0,0.1048225,-1.09802,3.813559,1.373055,0.1078653,-3.7233,-0.126373,-0.1894572,-0.009176549,0.9736795,345.5479,337.7529,1.776185,0.3444192,0.02754233,-0.9384115,0,0,0,0.8958866,0.416308,-2.750709,-0.07249078,0.03119627,1.123623,0.9280436,0.03001452,0.3712605,0.06575462,0.9678913,-0.2426165,-0.3666219,0.2495708,0.8962717,moving,-30.41161,16.82547,-3.691333,1.590351,-2.8144284193677507,3.6199195508261672,30.758446870752266,2.2109070867036564,29.429505581157578
3542,05/15/2023 18:38:49.903140,3725,True,True,True,True,Eyes,1.366313,0.1093681,-3.715068,-0.4865747,0.2530022,0.8362026,0.0,0.0,0.0,0.0,0.0,0.0,0.0,0.07731134,-1.103228,3.81277,1.37345,0.1078682,-3.723212,-0.1272641,-0.1862275,-0.008188945,0.9741952,345.4627,338.1183,1.861575,0.3444761,0.02754912,-0.9383904,0,0,0,0.9006336,0.4163555,-2.750729,-0.07537164,0.03032532,1.121535,0.9305045,0.03144488,0.3649281,0.06335541,0.9674736,-0.2449102,-0.3607594,0.2510102,0.8982464,moving,-30.19453,16.83376,-3.844725,1.548851,-2.7992380665540137,3.6230083958495305,30.462118552003343,2.322750918795125,29.137389479472212
3543,05/15/2023 18:38:49.918210,3726,True,True,True,True,Eyes,1.36654,0.1094153,-3.71507,-0.4833542,0.2536524,0.8378717,0.0,0.0,0.0,0.0,0.0,0.0,0.0,0.04986465,-1.106508,3.812419,1.373909,0.1079292,-3.723186,-0.127874,-0.1829802,-0.007359693,0.9747372,345.4053,338.49,1.92156,0.3445325,0.02755613,-0.9383695,0,0,0,0.9051328,0.4164004,-2.750748,-0.07861057,0.02989051,1.119584,0.9329282,0.03244929,0.3585975,0.06114437,0.9671881,-0.2465937,-0.3548329,0.2519804,0.900333,moving,-29.97993,16.84286,-4.016379,1.529312,-2.784289721521195,3.6261920026992938,30.14317058436131,2.432066967799738,28.82294896445972
3544,05/15/2023 18:38:49.933856,3727,True,True,True,True,Eyes,1.366772,0.1094665,-3.715078,-0.4800273,0.2543142,0.8395821,0.0,0.0,0.0,0.0,0.0,0.0,0.0,0.0206759,-1.107434,3.812472,1.374242,0.1081867,-3.723108,-0.1280912,-0.1794322,-0.006940824,0.9753709,345.3826,338.9061,1.920476,0.3445883,0.02756357,-0.9383488,0,0,0,0.909673,0.4164458,-2.750767,-0.08254042,0.02993,1.117402,0.9355118,0.03242763,0.351804,0.05950713,0.9670889,-0.2473822,-0.3482478,0.2523638,0.9027935,moving,-29.75857,16.85186,-4.22466,1.53432,-2.768841234905013,3.629420313897765,29.775956601588806,2.5512455001620693,28.46084468202027
3545,05/15/2023 18:38:49.943541,3728,True,True,True,True,Eyes,1.367031,0.1095084,-3.715082,-0.476829,0.2550218,0.8411885,0.0,0.0,0.0,0.0,0.0,0.0,0.0,-0.007200658,-1.110421,3.811926,1.374535,0.1083212,-3.723277,-0.1286379,-0.1760762,-0.006262705,0.9759152,345.328,339.293,1.959399,0.3446437,0.02757149,-0.9383282,0,0,0,0.9140624,0.4164897,-2.750785,-0.08590734,0.02942994,1.11557,0.937916,0.03307638,0.345282,0.05752386,0.9668261,-0.2488738,-0.3420596,0.2532846,0.904899,moving,-29.54679,16.86564,-4.403517,1.511174,-2.7544525512274483,3.633252015665645,29.460885989692926,2.6874948671163934,28.14954045274928
3546,05/15/2023 18:38:49.968189,3729,True,True,True,True,Eyes,1.367296,0.1095514,-3.715088,-0.4735371,0.2556996,0.8428407,0.0,0.0,0.0,0.0,0.0,0.0,0.0,-0.03419882,-1.118214,3.809708,1.374884,0.1080942,-3.723367,-0.1299188,-0.1728908,-0.005331987,0.9763204,345.1951,339.6501,2.045732,0.3446992,0.02757962,-0.9383076,0,0,0,0.9186193,0.4165353,-2.750804,-0.08863901,0.02783296,1.113805,0.9401607,0.03451208,0.3389791,0.05533499,0.9661854,-0.251841,-0.3362082,0.2555285,0.9064598,moving,-29.32879,16.87666,-4.550132,1.431471,-2.739401766442485,3.6367413329219698,29.19821493733281,2.85341220646177,27.890159771312714
3547,05/15/2023 18:38:49.983343,3730,True,True,True,True,Eyes,1.36759,0.1096166,-3.715087,-0.4704417,0.2563701,0.8443689,0.0,0.0,0.0,0.0,0.0,0.0,0.0,-0.0618825,-1.118351,3.809411,1.375197,0.1081905,-3.723342,-0.1301662,-0.1696022,-0.004373758,0.9768689,345.1794,340.0266,2.110862,0.344755,0.02758795,-0.9382868,0,0,0,0.9231084,0.4165801,-2.750823,-0.0917217,0.02822521,1.111788,0.9424319,0.03560778,0.3324969,0.05269813,0.9660753,-0.252827,-0.3302195,0.2557942,0.9085837,moving,-29.12445,16.88951,-4.716181,1.454269,-2.7254848234259823,3.640374327090572,28.87923579848404,2.9566751205636694,27.5766127326746
3548,05/15/2023 18:38:50.003702,3731,True,True,True,True,Eyes,1.367894,0.1096955,-3.715092,-0.467246,0.2571463,0.845906,0.0,0.0,0.0,0.0,0.0,0.0,0.0,-0.08797091,-1.127925,3.806371,1.375704,0.108716,-3.723444,-0.1316263,-0.1665745,-0.003311611,0.9771983,345.0276,340.3611,2.217475,0.3448117,0.02759702,-0.9382657,0,0,0,0.9277495,0.4166265,-2.750842,-0.09409523,0.02556378,1.109918,0.9444839,0.03737899,0.3264245,0.0503234,0.9653271,-0.2561468,-0.3246809,0.2583533,0.9098549,moving,-28.91458,16.90871,-4.84576,1.31941,-2.711645495846276,3.644968450213701,28.67637303918332,3.1563692468086884,27.37449869475716
3549,05/15/2023 18:38:50.013869,3732,True,True,True,True,Eyes,1.368163,0.1097707,-3.7151,-0.4640761,0.2579966,0.8473908,0.0,0.0,0.0,0.0,0.0,0.0,0.0,-0.1145068,-1.140355,3.802271,1.376213,0.1090975,-3.723564,-0.1334082,-0.1634267,-0.002707415,0.9774901,344.8293,340.714,2.274973,0.3448695,0.0276071,-0.9382442,0,0,0,0.9323712,0.4166727,-2.750861,-0.09686606,0.02208847,1.108096,0.9465688,0.03831198,0.3202183,0.04889785,0.9643899,-0.2599253,-0.3187736,0.2616952,0.910988,moving,-28.70745,16.93339,-4.995906,1.141967,-2.698420543843543,3.650326365768417,28.48870581877782,3.401515269565694,27.185344302994743
3550,05/15/2023 18:38:50.033325,3733,True,True,True,True,Eyes,1.368437,0.1098485,-3.715108,-0.4607935,0.258921,0.8488989,0.0,0.0,0.0,0.0,0.0,0.0,0.0,-0.1441777,-1.155499,3.796553,1.376569,0.1090784,-3.723297,-0.1355964,-0.1598561,-0.002304218,0.9777803,344.5793,341.1171,2.309444,0.3449274,0.027618,-0.9382226,0,0,0,0.9371259,0.4167203,-2.750881,-0.1004359,0.01815793,1.105862,0.9488814,0.03884581,0.3132332,0.04785788,0.9632165,-0.2644304,-0.3119834,0.2659037,0.9121193,moving,-28.49369,16.96213,-5.189446,0.9406956,-2.6850197490049066,3.6563258409649766,28.280278440019632,3.6941573399514045,26.97399492492641
3551,05/15/2023 18:38:50.043731,3734,True,True,True,True,Eyes,1.368706,0.1099247,-3.715122,-0.4576271,0.2598641,0.8503224,0.0,0.0,0.0,0.0,0.0,0.0,0.0,-0.1713535,-1.164573,3.792871,1.376919,0.1092596,-3.723387,-0.1369435,-0.1565656,-0.00188979,0.9781259,344.4257,341.4931,2.331317,0.3449855,0.0276297,-0.9382008,0,0,0,0.9417414,0.4167664,-2.7509,-0.1034313,0.01575041,1.103958,0.9509673,0.03918437,0.3067994,0.04657821,0.9624858,-0.2673042,-0.3057642,0.2684877,0.9134673,moving,-28.28828,16.9935,-5.35249,0.8173957,-2.672426421373799,3.662630398267222,28.06629318682071,3.90872118137153,26.759450997220863
3552,05/15/2023 18:38:50.065599,3735,True,True,True,True,Eyes,1.368977,0.1099999,-3.715138,-0.4543785,0.2608607,0.8517581,0.0,0.0,0.0,0.0,0.0,0.0,0.0,-0.1976057,-1.174196,3.788752,1.377204,0.1092196,-3.723413,-0.1384052,-0.15339,-0.001445341,0.978424,344.2595,341.854,2.359864,0.3450436,0.02764207,-0.9381791,0,0,0,0.9459394,0.4168084,-2.750918,-0.1064835,0.01331416,1.102193,0.9529388,0.03963166,0.3005611,0.04528831,0.9616839,-0.2703946,-0.2997609,0.2712814,0.914631,moving,-28.07812,17.02781,-5.518253,0.6920819,-2.659709477950056,3.669399087224358,27.853251365232364,4.127431247252371,26.54586275168294
3553,05/15/2023 18:38:50.085208,3736,True,True,True,True,Eyes,1.369285,0.1100748,-3.715146,-0.4512797,0.2617738,0.8531243,0.0,0.0,0.0,0.0,0.0,0.0,0.0,-0.221929,-1.181935,3.785147,1.377495,0.1092539,-3.723458,-0.1396243,-0.1504651,-0.000910339,0.9787056,344.1228,342.1853,2.397445,0.3451018,0.02765504,-0.9381573,0,0,0,0.9503345,0.4168523,-2.750936,-0.1087655,0.01137063,1.100418,0.9547189,0.04023525,0.2947764,0.04379909,0.9610085,-0.2730281,-0.2942679,0.273576,0.9157306,moving,-27.87763,17.05818,-5.64479,0.5920165,-2.6473989712955994,3.6755168981572695,27.666472758093544,4.300270652458246,26.36024634166918
3554,05/15/2023 18:38:50.092888,3737,True,True,True,True,Eyes,1.369593,0.1101472,-3.715151,-0.4481134,0.2627023,0.8545068,0.0,0.0,0.0,0.0,0.0,0.0,0.0,-0.2444432,-1.185912,3.782723,1.377846,0.1092806,-3.723539,-0.1403589,-0.1477759,-0.0002850027,0.9790106,344.0434,342.4907,2.43955,0.345161,0.02766851,-0.9381351,0,0,0,0.9548993,0.4168979,-2.750955,-0.1103921,0.01050732,1.098696,0.9563245,0.04092527,0.2894282,0.04204135,0.9605986,-0.2747415,-0.2892682,0.2749099,0.9169234,moving,-27.67304,17.08908,-5.737567,0.5479279,-2.634829824418503,3.6817467275228175,27.473163060140408,4.409965807630705,26.170713088062413
3555,05/15/2023 18:38:50.113659,3738,True,True,True,True,Eyes,1.369936,0.1102165,-3.71515,-0.4451111,0.2634515,0.8558443,0.0,0.0,0.0,0.0,0.0,0.0,0.0,-0.2671875,-1.189749,3.780017,1.3781,0.1092787,-3.723483,-0.1411059,-0.1450602,0.0004100401,0.9793091,343.9633,342.7979,2.489194,0.345221,0.02768239,-0.9381126,0,0,0,0.9594683,0.4169436,-2.750974,-0.1119768,0.009720147,1.096836,0.9579147,0.04174083,0.2840019,0.0401346,0.9601779,-0.2764916,-0.2842334,0.2762537,0.9180933,moving,-27.47823,17.10975,-5.829177,0.5077413,-2.622199106327853,3.6864205429744015,27.282012181503124,4.515385801924145,25.9844141233979
3556,05/15/2023 18:38:50.133648,3739,True,True,True,True,Eyes,1.370281,0.1102827,-3.715142,-0.4420658,0.2641807,0.8571968,0.0,0.0,0.0,0.0,0.0,0.0,0.0,-0.2880625,-1.187696,3.779327,1.378418,0.1092491,-3.723566,-0.1411201,-0.1426075,0.001375163,0.9796665,343.9719,343.075,2.560878,0.3452826,0.02769654,-0.9380894,0,0,0,0.9639038,0.416988,-2.750992,-0.1130636,0.01061493,1.09523,0.9593225,0.04294397,0.2790274,0.03755516,0.9601665,-0.2768935,-0.2798036,0.2761091,0.9194965,moving,-27.28065,17.12885,-5.89392,0.5552912,-2.609247733017458,3.690892882625434,27.056885840575916,4.541042811245857,25.76758011854
3557,05/15/2023 18:38:50.153381,3740,True,True,True,True,Eyes,1.370667,0.1103482,-3.715118,-0.4391971,0.264699,0.8585106,0.0,0.0,0.0,0.0,0.0,0.0,0.0,-0.3077055,-1.187474,3.777829,1.378763,0.1092348,-3.72342,-0.1413284,-0.1402825,0.002073339,0.979971,343.9537,343.3394,2.607151,0.3453458,0.02771087,-0.9380658,0,0,0,0.9686753,0.4170356,-2.751012,-0.1136991,0.01099023,1.093363,0.9606331,0.04371542,0.2743594,0.0355882,0.9600439,-0.2775772,-0.2755315,0.2764138,0.9206942,moving,-27.09339,17.13576,-5.936863,0.5759046,-2.596125804528161,3.693522743060254,26.866846587767576,4.569471292736996,25.5864731787375
3558,05/15/2023 18:38:50.163480,3741,True,True,True,True,Eyes,1.371045,0.1104059,-3.7151,-0.4362772,0.2651122,0.8598707,0.0,0.0,0.0,0.0,0.0,0.0,0.0,-0.32735,-1.179485,3.778649,1.378986,0.109271,-3.723304,-0.1403554,-0.1378088,0.002131215,0.9804614,344.0595,343.6406,2.554961,0.3454114,0.02772534,-0.9380412,0,0,0,0.9731323,0.4170802,-2.751031,-0.1150827,0.01350838,1.09149,0.9620084,0.04286359,0.2696342,0.03450527,0.9605916,-0.2758136,-0.2708306,0.2746388,0.9226182,moving,-26.90211,17.13539,-6.01882,0.7090616,-2.5821600092139465,3.6951412513546815,26.56945738867745,4.552724851833689,25.301534215960263
3559,05/15/2023 18:38:50.183349,3742,True,True,True,True,Eyes,1.37146,0.1104599,-3.71507,-0.4334656,0.2653312,0.8612241,0.0,0.0,0.0,0.0,0.0,0.0,0.0,-0.3464124,-1.169749,3.780158,1.379131,0.1091604,-3.723438,-0.1392541,-0.1354543,0.002623472,0.9809452,344.1875,343.9213,2.553846,0.345479,0.02773974,-0.9380158,0,0,0,0.977908,0.4171279,-2.751051,-0.1155921,0.01659966,1.089827,0.9632905,0.0428721,0.265016,0.03257819,0.9612028,-0.273912,-0.2664773,0.2724906,0.9245209,moving,-26.71673,17.12334,-6.054421,0.8726308,-2.5677401878151107,3.695029220552546,26.287193891978003,4.485852865442176,25.034362375747076
3560,05/15/2023 18:38:50.203114,3743,True,True,True,True,Eyes,1.371862,0.1105011,-3.71504,-0.4306257,0.2654328,0.8626164,0.0,0.0,0.0,0.0,0.0,0.0,0.0,-0.364687,-1.16009,3.781482,1.379273,0.1091146,-3.723455,-0.1381328,-0.1331842,0.003002934,0.9814135,344.316,344.1935,2.541289,0.3455493,0.02775398,-0.9379895,0,0,0,0.9824359,0.4171732,-2.75107,-0.1162091,0.0196135,1.088128,0.9645059,0.04268845,0.260588,0.03089997,0.9618206,-0.2719307,-0.2622471,0.2703309,0.9263626,moving,-26.52877,17.10348,-6.095923,1.032644,-2.5525413164560917,3.693817066295666,25.995634369337964,4.431410141710192,24.75867062761237
3561,05/15/2023 18:38:50.213570,3744,True,True,True,True,Eyes,1.372298,0.1105364,-3.714998,-0.4279185,0.2653909,0.8639753,0.0,0.0,0.0,0.0,0.0,0.0,0.0,-0.3814086,-1.147961,3.7835,1.379317,0.1088676,-3.723413,-0.1367811,-0.1311448,0.003717112,0.9818749,344.4768,344.4344,2.568302,0.3456218,0.02776775,-0.9379624,0,0,0,0.9867613,0.4172164,-2.751087,-0.1163087,0.02346626,1.086514,0.9655745,0.04317573,0.2565187,0.02857679,0.9625542,-0.2695788,-0.2585523,0.2676289,0.928184,moving,-26.34876,17.07561,-6.110104,1.237267,-2.537315537442957,3.691384011869892,25.699344459965996,4.334455871978618,24.480254311123247
3562,05/15/2023 18:38:50.233669,3745,True,True,True,True,Eyes,1.372725,0.1105728,-3.714961,-0.4251777,0.2652658,0.8653659,0.0,0.0,0.0,0.0,0.0,0.0,0.0,-0.3977493,-1.136856,3.785165,1.379541,0.1087503,-3.723326,-0.1355635,-0.1291869,0.004483845,0.9823,344.623,344.6637,2.605707,0.345697,0.02778096,-0.9379343,0,0,0,0.9913564,0.4172624,-2.751107,-0.1161203,0.02692673,1.084835,0.9665813,0.04383501,0.2525849,0.0262171,0.9632049,-0.2674865,-0.2550163,0.2651695,0.9298666,moving,-26.16614,17.04219,-6.109654,1.421848,-2.5214795578671048,3.6881759665193696,25.42159937661594,4.243964924337091,24.220695424025106
3563,05/15/2023 18:38:50.258765,3746,True,True,True,True,Eyes,1.373185,0.1106006,-3.714912,-0.422545,0.2650916,0.8667077,0.0,0.0,0.0,0.0,0.0,0.0,0.0,-0.4142361,-1.127362,3.786393,1.379747,0.1088333,-3.723407,-0.1344789,-0.1271688,0.00501153,0.9827098,344.7499,344.9027,2.617072,0.3457744,0.02779369,-0.9379053,0,0,0,0.9957654,0.4173065,-2.751125,-0.116253,0.02972896,1.083297,0.9676059,0.04405279,0.2485923,0.0243533,0.9637806,-0.2655819,-0.2512881,0.2630327,0.9314871,moving,-25.99057,17.0068,-6.125198,1.571975,-2.5060081946976114,3.684623124124026,25.156844545352044,4.190682157259067,23.972698125650716
3564,05/15/2023 18:38:50.262982,3747,True,True,True,True,Eyes,1.373637,0.1106329,-3.714866,-0.4198632,0.2648829,0.8680736,0.0,0.0,0.0,0.0,0.0,0.0,0.0,-0.4319032,-1.119727,3.786661,1.379994,0.108634,-3.723298,-0.1337266,-0.1250378,0.005681236,0.9830822,344.8405,345.1504,2.649179,0.3458548,0.02780576,-0.9378753,0,0,0,1.000367,0.4173525,-2.751144,-0.1164372,0.03221439,1.081625,0.9686666,0.04461202,0.2443254,0.02227156,0.9641699,-0.2643493,-0.2473644,0.2615078,0.9329655,moving,-25.81177,16.96898,-6.144247,1.705955,-2.490117573725505,3.6807492028780615,24.89520823584639,4.153609756306672,23.72767604650524
3565,05/15/2023 18:38:50.283273,3748,True,True,True,True,Eyes,1.374087,0.1106603,-3.714821,-0.4172432,0.2647561,0.8693746,0.0,0.0,0.0,0.0,0.0,0.0,0.0,-0.4499541,-1.114418,3.78622,1.380211,0.1087799,-3.72331,-0.13323,-0.1228491,0.006298676,0.9834217,344.9006,345.4039,2.678778,0.3459375,0.02781737,-0.9378445,0,0,0,1.004905,0.4173978,-2.751163,-0.1167588,0.03375351,1.079997,0.9697369,0.04512289,0.2399467,0.0203459,0.9644201,-0.2635902,-0.2433034,0.2604951,0.9343157,moving,-25.63797,16.93739,-6.170298,1.790101,-2.475062764845833,3.677727133707675,24.666386382060608,4.149445247714573,23.513054539671604
3566,05/15/2023 18:38:50.293330,3749,True,True,True,True,Eyes,1.374529,0.1106912,-3.714772,-0.4145784,0.2646066,0.870694,0.0,0.0,0.0,0.0,0.0,0.0,0.0,-0.4678813,-1.113841,3.784166,1.380822,0.1088371,-3.72303,-0.1334469,-0.1207865,0.007166447,0.9836419,344.8827,345.6337,2.751059,0.3460222,0.02782842,-0.9378129,0,0,0,1.009388,0.4174426,-2.751182,-0.1171848,0.03402589,1.078331,0.9707185,0.0463356,0.2357087,0.01813875,0.9642812,-0.264259,-0.2395341,0.2607966,0.9352051,moving,-25.46132,16.90419,-6.202131,1.807324,-2.4596784442977118,3.674498537980586,24.471038473258076,4.182378735476452,23.330421683114583
3567,05/15/2023 18:38:50.313175,3750,True,True,True,True,Eyes,1.374975,0.1107337,-3.714719,-0.4119576,0.2645679,0.8719489,0.0,0.0,0.0,0.0,0.0,0.0,0.0,-0.4855648,-1.109792,3.783028,1.381055,0.1089535,-3.722839,-0.13315,-0.1186628,0.007846509,0.9839353,344.9204,345.877,2.792465,0.3461088,0.02783908,-0.9377807,0,0,0,1.013896,0.4174877,-2.7512,-0.1173996,0.03522405,1.076595,0.9717152,0.04704082,0.2314234,0.016159,0.964419,-0.2638842,-0.2356025,0.2601599,0.9363805,moving,-25.28868,16.87891,-6.223351,1.873935,-2.4451856967117807,3.6723733804706855,24.2618227804274,4.1843653840601664,23.13418701686053
3568,05/15/2023 18:38:50.333237,3751,True,True,True,True,Eyes,1.375409,0.1107667,-3.71466,-0.4093079,0.2645494,0.8732014,0.0,0.0,0.0,0.0,0.0,0.0,0.0,-0.5016452,-1.111622,3.780605,1.381369,0.1091194,-3.722934,-0.1334827,-0.1166765,0.007967927,0.9841269,344.8784,346.1082,2.780579,0.3461969,0.02784966,-0.9377478,0,0,0,1.018443,0.4175332,-2.751219,-0.1174693,0.03466836,1.075203,0.9726462,0.04683147,0.2275218,0.01546569,0.9642378,-0.2645871,-0.2317761,0.2608684,0.937138,moving,-25.11455,16.85497,-6.235014,1.846779,-2.4306857892542526,3.670453867082462,24.118098529274175,4.218850928381349,23.00119767549047
3569,05/15/2023 18:38:50.343036,3752,True,True,True,True,Eyes,1.375859,0.1107836,-3.714589,-0.4067047,0.2645693,0.8744109,0.0,0.0,0.0,0.0,0.0,0.0,0.0,-0.5156841,-1.112079,3.778386,1.381452,0.1089268,-3.722711,-0.1336348,-0.1148946,0.007900531,0.9843164,344.855,346.3193,2.746988,0.3462864,0.02785995,-0.9377145,0,0,0,1.022903,0.4175777,-2.751238,-0.1170775,0.03481868,1.073622,0.9734737,0.04626106,0.2240736,0.01515459,0.9641587,-0.2648932,-0.2282968,0.2612623,0.937882,moving,-24.94401,16.83417,-6.223463,1.857512,-2.416685103684367,3.6689543473557418,23.97413533014638,4.215789526253766,22.868671268734353
3570,05/15/2023 18:38:50.363422,3753,True,True,True,True,Eyes,1.376302,0.110807,-3.714525,-0.4041043,0.2645087,0.875634,0.0,0.0,0.0,0.0,0.0,0.0,0.0,-0.5280695,-1.106779,3.77809,1.381639,0.1085424,-3.722507,-0.1330611,-0.1133345,0.007959101,0.9845745,344.9173,346.5069,2.720779,0.3463776,0.02786958,-0.9376805,0,0,0,1.027421,0.4176229,-2.751257,-0.116209,0.03672828,1.072136,0.9741839,0.04583348,0.2210544,0.01448818,0.9644628,-0.2638212,-0.2252905,0.260213,0.9389001,moving,-24.77328,16.80834,-6.186145,1.96202,-2.4022899063600702,3.666733435999157,23.788543567243142,4.150133403704138,22.697528647841192
3571,05/15/2023 18:38:50.383120,3754,True,True,True,True,Eyes,1.376734,0.1108134,-3.714459,-0.4016421,0.2645119,0.8767651,0.0,0.0,0.0,0.0,0.0,0.0,0.0,-0.5395272,-1.098205,3.77915,1.38186,0.108737,-3.722602,-0.1320308,-0.1119227,0.008308309,0.9848717,345.0363,346.6754,2.724383,0.3464699,0.02787876,-0.9376462,0,0,0,1.031932,0.417668,-2.751276,-0.1149193,0.03908606,1.070807,0.9748086,0.04591974,0.2182652,0.01318929,0.9649976,-0.2619266,-0.222653,0.2582071,0.9400824,moving,-24.6123,16.78807,-6.125549,2.090453,-2.3890259290897253,3.66522655288711,23.617364544222333,4.054813978756293,22.54042652010499
3572,05/15/2023 18:38:50.393321,3755,True,True,True,True,Eyes,1.37716,0.1108235,-3.714392,-0.3991583,0.2643942,0.8779341,0.0,0.0,0.0,0.0,0.0,0.0,0.0,-0.5525217,-1.09535,3.778018,1.382171,0.1083384,-3.722414,-0.1318873,-0.1103667,0.008757559,0.9850627,345.0544,346.8536,2.750613,0.3465632,0.02788713,-0.9376114,0,0,0,1.036618,0.4177148,-2.751295,-0.1138243,0.0402623,1.069399,0.9754851,0.04636541,0.2151261,0.01185846,0.965058,-0.2617677,-0.2197461,0.2579015,0.9408498,moving,-24.44922,16.75994,-6.075555,2.156137,-2.3750140935342494,3.662608163954605,23.470462875602475,3.995429685059305,22.406844260856776
3573,05/15/2023 18:38:50.412957,3756,True,True,True,True,Eyes,1.377581,0.1108425,-3.714327,-0.396752,0.2644366,0.8790115,0.0,0.0,0.0,0.0,0.0,0.0,0.0,-0.565353,-1.082413,3.77986,1.382416,0.1084709,-3.72233,-0.1302265,-0.1087284,0.008829212,0.9854651,345.2414,347.0568,2.70997,0.3466571,0.02789485,-0.9375765,0,0,0,1.041037,0.417759,-2.751313,-0.1132615,0.04393053,1.067855,0.9762003,0.04572038,0.2119965,0.0109169,0.9659262,-0.2585872,-0.2165957,0.2547472,0.9424385,moving,-24.29259,16.74308,-6.054414,2.355766,-2.362325149683585,3.6615534444140714,23.229848642244143,3.9161972535382104,22.18059311714348
3574,05/15/2023 18:38:50.433371,3757,True,True,True,True,Eyes,1.377994,0.1108524,-3.71426,-0.3943039,0.2644706,0.880102,0.0,0.0,0.0,0.0,0.0,0.0,0.0,-0.5787184,-1.081873,3.778073,1.382785,0.1087065,-3.722269,-0.1301657,-0.1070486,0.008706499,0.985658,345.2422,347.2575,2.669091,0.3467515,0.02790222,-0.9375413,0,0,0,1.045584,0.4178045,-2.751332,-0.1128101,0.04401729,1.066443,0.9769296,0.04503138,0.2087601,0.01070486,0.9659621,-0.2584618,-0.2132932,0.2547337,0.9431949,moving,-24.13337,16.72552,-6.038386,2.363534,-2.349394507531009,3.660420736667536,23.101841654388767,3.9103162837873824,22.062796999968
3575,05/15/2023 18:38:50.443155,3758,True,True,True,True,Eyes,1.378387,0.1108572,-3.714195,-0.3918917,0.2646525,0.8811243,0.0,0.0,0.0,0.0,0.0,0.0,0.0,-0.5918857,-1.079865,3.77653,1.382965,0.1085148,-3.72213,-0.1298369,-0.1052882,0.008077328,0.9858963,345.2673,347.4769,2.564171,0.3468461,0.02790905,-0.9375061,0,0,0,1.05025,0.4178511,-2.751352,-0.1124062,0.0448886,1.064964,0.9776983,0.0432674,0.2055091,0.01141378,0.9661543,-0.2577123,-0.209704,0.2543105,0.9441136,moving,-23.97774,16.71804,-6.025222,2.413609,-2.337488302090767,3.6607056332862618,22.954512601536216,3.8928947891574515,21.925360753290885
3576,05/15/2023 18:38:50.463246,3759,True,True,True,True,Eyes,1.378778,0.1108548,-3.714132,-0.3894632,0.2648086,0.8821535,0.0,0.0,0.0,0.0,0.0,0.0,0.0,-0.604251,-1.077264,3.775313,1.383133,0.1084003,-3.722069,-0.1295104,-0.1036842,0.00783994,0.9861112,345.2976,347.6719,2.507548,0.3469406,0.02791526,-0.9374709,0,0,0,1.054772,0.4178963,-2.751371,-0.1116384,0.04581748,1.063628,0.9783763,0.04231848,0.2024576,0.01139428,0.9663311,-0.2570491,-0.206519,0.2537976,0.9449533,moving,-23.82105,16.70893,-5.991826,2.466583,-2.3253815013986885,3.660765484651993,22.81941446467426,3.8560195886397453,21.800600925679948
3577,05/15/2023 18:38:50.483254,3760,True,True,True,True,Eyes,1.379159,0.1108563,-3.714072,-0.3870466,0.265068,0.8831387,0.0,0.0,0.0,0.0,0.0,0.0,0.0,-0.6166656,-1.074263,3.774196,1.383442,0.1082325,-3.721995,-0.129237,-0.1021486,0.007990724,0.986306,345.327,347.8526,2.498133,0.3470348,0.02792074,-0.9374359,0,0,0,1.059286,0.4179415,-2.751389,-0.110719,0.04684949,1.062364,0.9790037,0.04216536,0.1994341,0.01064014,0.9664679,-0.2565669,-0.2035649,0.253302,0.9457269,moving,-23.66604,16.70677,-5.949853,2.525067,-2.3139230870773586,3.661809701810384,22.693258509944705,3.809484256668456,21.684185324726588
3578,05/15/2023 18:38:50.493793,3761,True,True,True,True,Eyes,1.379538,0.1108551,-3.714006,-0.3845796,0.2653259,0.8841384,0.0,0.0,0.0,0.0,0.0,0.0,0.0,-0.6302967,-1.070705,3.773074,1.383855,0.1083364,-3.721959,-0.1288068,-0.100437,0.007942297,0.9865385,345.3715,348.0579,2.460838,0.3471285,0.02792565,-0.937401,0,0,0,1.063936,0.4179879,-2.751409,-0.1102118,0.04786342,1.061021,0.9796987,0.04154468,0.1961238,0.01020316,0.9666914,-0.255741,-0.2002159,0.2525503,0.9466425,moving,-23.50792,16.70426,-5.93024,2.582903,-2.3022115719529674,3.662830787091224,22.547451246290542,3.785344673877027,21.54805647922918
3579,05/15/2023 18:38:50.513245,3762,True,True,True,True,Eyes,1.379913,0.1108528,-3.713949,-0.3820594,0.2657124,0.8851144,0.0,0.0,0.0,0.0,0.0,0.0,0.0,-0.6460393,-1.07014,3.770428,1.384132,0.1082697,-3.721713,-0.1288358,-0.09845969,0.007953389,0.9867339,345.3634,348.2909,2.432557,0.3472217,0.02792999,-0.9373663,0,0,0,1.068386,0.4180324,-2.751427,-0.1103183,0.04816744,1.059534,0.980485,0.04106601,0.1922576,0.009674497,0.9666762,-0.2558194,-0.1963564,0.252687,0.947414,moving,-23.34743,16.70982,-5.944197,2.602929,-2.2909380971009217,3.665032630906067,22.402609056495407,3.8045189885707273,21.4111609607095
3580,05/15/2023 18:38:50.533215,3763,True,True,True,True,Eyes,1.380286,0.1108546,-3.713889,-0.3794693,0.2661076,0.8861094,0.0,0.0,0.0,0.0,0.0,0.0,0.0,-0.6614537,-1.068112,3.768593,1.384596,0.1082335,-3.721808,-0.1286474,-0.09653136,0.00795155,0.9869491,345.3803,348.5196,2.400754,0.3473145,0.02793379,-0.9373319,0,0,0,1.072973,0.4180783,-2.751446,-0.1103071,0.04880184,1.058379,0.981237,0.04053257,0.1884972,0.009141482,0.9667733,-0.2554721,-0.192589,0.2524017,0.9482631,moving,-23.18265,16.71555,-5.95004,2.640039,-2.2793648929276333,3.667296404403589,22.250457463234792,3.8117074279885035,21.26760682529295
3581,05/15/2023 18:38:50.543154,3764,True,True,True,True,Eyes,1.380662,0.1108643,-3.713832,-0.3768277,0.2666466,0.8870741,0.0,0.0,0.0,0.0,0.0,0.0,0.0,-0.6795839,-1.069007,3.765092,1.384891,0.1083317,-3.721676,-0.1288547,-0.09424375,0.007934567,0.9871432,345.3508,348.7886,2.366703,0.3474067,0.02793719,-0.9372976,0,0,0,1.077451,0.418123,-2.751465,-0.111026,0.04854606,1.056937,0.9821103,0.0399526,0.1840193,0.008622408,0.966667,-0.2558917,-0.1881089,0.2529006,0.9490292,moving,-23.01571,16.73031,-5.996649,2.629799,-2.268317683065505,3.6708770991587247,22.10142184980057,3.8709556981942383,21.12522658235502
3582,05/15/2023 18:38:50.563200,3765,True,True,True,True,Eyes,1.381038,0.11087,-3.713771,-0.3741138,0.2672168,0.8880507,0.0,0.0,0.0,0.0,0.0,0.0,0.0,-0.6964973,-1.071171,3.761491,1.385313,0.1085043,-3.721621,-0.1291911,-0.09211545,0.007834339,0.987301,345.3059,349.0394,2.326762,0.3474985,0.02794045,-0.9372634,0,0,0,1.082149,0.41817,-2.751484,-0.1113251,0.04788259,1.055594,0.9829068,0.03927069,0.1798671,0.008331314,0.9664966,-0.2565443,-0.1839156,0.2536576,0.9496489,moving,-22.84449,16.74668,-6.020275,2.597202,-2.25708045083353,3.6747266332349913,21.9832194648261,3.9144211002528118,21.013629657603754
3583,05/15/2023 18:38:50.583249,3766,True,True,True,True,Eyes,1.381391,0.1108748,-3.713707,-0.3713041,0.2678881,0.8890271,0.0,0.0,0.0,0.0,0.0,0.0,0.0,-0.7152959,-1.074644,3.756935,1.385635,0.1084099,-3.721468,-0.1297684,-0.08974279,0.007786233,0.9874442,345.2335,349.317,2.291826,0.34759,0.02794347,-0.9372295,0,0,0,1.086646,0.4182149,-2.751503,-0.1122071,0.04703109,1.054231,0.9837713,0.03866851,0.1752111,0.007914655,0.966199,-0.2576757,-0.1792528,0.2548807,0.9502128,moving,-22.66796,16.76899,-6.075405,2.554371,-2.24590583600012,3.6794764369163815,21.84875911220557,3.991356422477775,20.885191175328117
3584,05/15/2023 18:38:50.602986,3767,True,True,True,True,Eyes,1.381743,0.1108784,-3.713647,-0.3684317,0.268554,0.8900207,0.0,0.0,0.0,0.0,0.0,0.0,0.0,-0.7349269,-1.075147,3.752857,1.385963,0.1083927,-3.721204,-0.1299438,-0.08725424,0.007732151,0.9876446,345.207,349.6105,2.249465,0.3476807,0.02794627,-0.9371958,0,0,0,1.091308,0.4182616,-2.751523,-0.113196,0.04698277,1.052664,0.9846539,0.03794953,0.1703429,0.007403091,0.9661096,-0.2580259,-0.1743619,0.2553273,0.9510026,moving,-22.48753,16.79061,-6.137594,2.555544,-2.234394825298023,3.684161138639953,21.678503436087375,4.063094934040556,20.722117469696265
3585,05/15/2023 18:38:50.612874,3768,True,True,True,True,Eyes,1.382105,0.1108816,-3.713585,-0.3655322,0.2692762,0.8909975,0.0,0.0,0.0,0.0,0.0,0.0,0.0,-0.7538599,-1.075535,3.749071,1.386232,0.108366,-3.721187,-0.1301693,-0.08488056,0.007947995,0.9878199,345.1779,349.8861,2.240902,0.3477705,0.02794883,-0.9371623,0,0,0,1.095793,0.4183064,-2.751541,-0.1139045,0.04687111,1.051408,0.9854643,0.03780006,0.1656242,0.006395303,0.9659856,-0.2585169,-0.1697625,0.2558184,0.9517025,moving,-22.30592,16.81581,-6.183035,2.552519,-2.223068764948572,3.689370770620225,21.52646954040318,4.119922879267247,20.57720622179288
3586,05/15/2023 18:38:50.633186,3769,True,True,True,True,Eyes,1.382468,0.1108807,-3.71352,-0.3625585,0.2699856,0.8919972,0.0,0.0,0.0,0.0,0.0,0.0,0.0,-0.7728511,-1.074545,3.745567,1.386711,0.1083403,-3.721091,-0.1302135,-0.08252165,0.008167226,0.9880121,345.1697,350.1608,2.230871,0.34786,0.02795117,-0.9371291,0,0,0,1.100322,0.4183517,-2.75156,-0.1147501,0.04715256,1.050106,0.986247,0.0376295,0.1609379,0.005352259,0.9659554,-0.258653,-0.1651919,0.2559571,0.9524693,moving,-22.11963,16.83977,-6.236239,2.571007,-2.211307849656441,3.694443056099824,21.35133970525152,4.1787772538328785,20.41002532787004
3587,05/15/2023 18:38:50.643255,3770,True,True,True,True,Eyes,1.382843,0.1108797,-3.713456,-0.3595636,0.2706994,0.8929927,0.0,0.0,0.0,0.0,0.0,0.0,0.0,-0.793084,-1.074172,3.741411,1.387028,0.1082363,-3.720944,-0.1303321,-0.07996461,0.008275816,0.9882059,345.1514,350.4601,2.205602,0.347949,0.0279532,-0.9370959,0,0,0,1.105041,0.4183988,-2.75158,-0.1156946,0.04733589,1.048694,0.9870744,0.03720033,0.1558857,0.0044875,0.9658901,-0.2589135,-0.1602001,0.2562664,0.9532384,moving,-21.93219,16.86401,-6.295557,2.58446,-2.1994843287751547,3.699565641448504,21.17568983006667,4.245146866663781,20.242361122989085
3588,05/15/2023 18:38:50.663193,3771,True,True,True,True,Eyes,1.383216,0.1108781,-3.713393,-0.3565128,0.2713816,0.8940082,0.0,0.0,0.0,0.0,0.0,0.0,0.0,-0.8129975,-1.069881,3.73846,1.387375,0.1082172,-3.72091,-0.1299259,-0.07744719,0.008453266,0.9884583,345.1942,350.7561,2.183569,0.348038,0.02795496,-0.9370629,0,0,0,1.109548,0.4184439,-2.751599,-0.1167484,0.048521,1.047382,0.987861,0.03683619,0.15091,0.003413387,0.9660956,-0.258162,-0.1553032,0.2555432,0.9542424,moving,-21.74113,16.88599,-6.360329,2.652387,-2.1872259978737114,3.704394993508446,20.956251901597525,4.303662333961752,20.032305221614735
3589,05/15/2023 18:38:50.683176,3772,True,True,True,True,Eyes,1.383595,0.1108699,-3.71333,-0.353456,0.27209,0.8950061,0.0,0.0,0.0,0.0,0.0,0.0,0.0,-0.8321701,-1.067728,3.734889,1.387643,0.108201,-3.720845,-0.1298621,-0.07504828,0.008821916,0.9886485,345.1996,351.0336,2.189398,0.3481269,0.02795645,-0.9370298,0,0,0,1.113965,0.418488,-2.751617,-0.1174862,0.04905495,1.046122,0.9885799,0.03693541,0.1461016,0.002048321,0.966116,-0.2581001,-0.1506841,0.2554518,0.9550071,moving,-21.55006,16.90975,-6.407834,2.684758,-2.1751016475908305,3.709480304296808,20.775885194983626,4.355006196098304,19.860823405720204
3590,05/15/2023 18:38:50.693072,3773,True,True,True,True,Eyes,1.383971,0.1108604,-3.713266,-0.3503546,0.2727369,0.896028,0.0,0.0,0.0,0.0,0.0,0.0,0.0,-0.8514566,-1.064112,3.731626,1.387989,0.1080122,-3.720776,-0.1296826,-0.07266702,0.009382185,0.9888449,345.22,351.3066,2.216882,0.3482159,0.02795753,-0.9369968,0,0,0,1.118444,0.4185328,-2.751636,-0.1181173,0.05006476,1.044917,0.989263,0.03740234,0.1412794,0.0002922714,0.9661888,-0.2578355,-0.1461463,0.2551084,0.9558039,moving,-21.35592,16.92943,-6.449335,2.743097,-2.1624448270934216,3.714005953810609,20.578102933679627,4.395462609459054,19.67300222140994
3591,05/15/2023 18:38:50.713265,3774,True,True,True,True,Eyes,1.384348,0.1108558,-3.713203,-0.3472807,0.2733715,0.8970307,0.0,0.0,0.0,0.0,0.0,0.0,0.0,-0.8701674,-1.058842,3.728796,1.388248,0.1079788,-3.720669,-0.1292775,-0.07035159,0.01000132,0.9890592,345.2668,351.5719,2.250271,0.3483047,0.02795821,-0.9369637,0,0,0,1.122925,0.4185776,-2.751654,-0.1185031,0.05141179,1.043634,0.9899013,0.03797355,0.1365778,-0.001594029,0.9663745,-0.2571335,-0.1417496,0.254319,0.9566761,moving,-21.16364,16.94868,-6.478107,2.820242,-2.149890995085791,3.718453536206434,20.37836204933883,4.420434113180495,19.483615660246507
3592,05/15/2023 18:38:50.733153,3775,True,True,True,True,Eyes,1.384723,0.1108503,-3.71314,-0.3441772,0.2739658,0.8980449,0.0,0.0,0.0,0.0,0.0,0.0,0.0,-0.8882557,-1.056238,3.725311,1.388559,0.1080713,-3.720592,-0.129184,-0.06811188,0.01051561,0.9892227,345.2767,351.8283,2.2756,0.3483936,0.02795866,-0.9369306,0,0,0,1.127668,0.418625,-2.751674,-0.1185507,0.05192879,1.042381,0.9905005,0.03840249,0.1320388,-0.003206603,0.9664018,-0.2570159,-0.1374726,0.254151,0.9573445,moving,-20.96941,16.96533,-6.488408,2.851972,-2.1369983081654773,3.722544416018599,20.220936995109007,4.4376415625559344,19.336333359245558
3593,05/15/2023 18:38:50.743235,3776,True,True,True,True,Eyes,1.385096,0.1108416,-3.713079,-0.3410951,0.2745645,0.8990375,0.0,0.0,0.0,0.0,0.0,0.0,0.0,-0.904986,-1.053025,3.722236,1.388833,0.1080475,-3.720534,-0.1289929,-0.06602709,0.01095026,0.9893844,345.2975,352.0681,2.293144,0.3484824,0.02795888,-0.9368976,0,0,0,1.132142,0.4186698,-2.751693,-0.1185243,0.05270611,1.041251,0.9910411,0.03870208,0.1278273,-0.004633956,0.9664819,-0.2566932,-0.1334774,0.2538011,0.9580024,moving,-20.77676,16.98258,-6.493958,2.897729,-2.1242661570268533,3.726707736156096,20.059448164478628,4.447629992203153,19.185170500542174
3594,05/15/2023 18:38:50.764378,3777,True,True,True,True,Eyes,1.385466,0.1108323,-3.71302,-0.3379853,0.2751384,0.900036,0.0,0.0,0.0,0.0,0.0,0.0,0.0,-0.9214656,-1.047698,3.719774,1.38918,0.1079569,-3.720486,-0.1285111,-0.06396917,0.01134285,0.9895778,345.3513,352.3066,2.303762,0.3485711,0.0279588,-0.9368646,0,0,0,1.136664,0.4187149,-2.751711,-0.1184704,0.05412321,1.040141,0.9915586,0.03889076,0.1236895,-0.006007746,0.9667124,-0.2557948,-0.1295203,0.2528924,0.9587857,moving,-20.58237,16.99824,-6.497894,2.978671,-2.111286888982839,3.730657703830543,19.87261379739306,4.450596134133521,19.00945193623043
3595,05/15/2023 18:38:50.783141,3778,True,True,True,True,Eyes,1.385842,0.1108239,-3.712958,-0.3349058,0.2757247,0.9010072,0.0,0.0,0.0,0.0,0.0,0.0,0.0,-0.9376336,-1.045943,3.716273,1.389406,0.1079369,-3.720448,-0.1284752,-0.06192936,0.01163757,0.9897088,345.3529,352.5424,2.30716,0.3486596,0.02795844,-0.9368317,0,0,0,1.141132,0.4187596,-2.75173,-0.1183428,0.05449863,1.039082,0.9920587,0.03894837,0.1195938,-0.007122815,0.9667174,-0.2557475,-0.1255744,0.2528647,0.9593177,moving,-20.39018,17.01507,-6.497519,3.002346,-2.098556470834055,3.734756629654881,19.73226959984829,4.459517537070294,18.87927733230031
3596,05/15/2023 18:38:50.802910,3779,True,True,True,True,Eyes,1.386213,0.1108119,-3.712894,-0.3318101,0.2763018,0.9019753,0.0,0.0,0.0,0.0,0.0,0.0,0.0,-0.9536095,-1.043179,3.712968,1.389714,0.1079302,-3.72032,-0.1283077,-0.0599234,0.01194509,0.9898503,345.3698,352.7746,2.31152,0.3487481,0.02795786,-0.9367988,0,0,0,1.145853,0.4188068,-2.75175,-0.1179754,0.05515522,1.03792,0.992533,0.03902496,0.1155651,-0.00827042,0.9667889,-0.2554423,-0.1216957,0.2525792,0.9598927,moving,-20.19708,17.03138,-6.484704,3.041845,-2.085720391422241,3.738788759511925,19.589189495270112,4.453850849821805,18.74678784557186
3597,05/15/2023 18:38:50.818790,3780,True,True,True,True,Eyes,1.386577,0.1107953,-3.712831,-0.3287598,0.2768889,0.9029117,0.0,0.0,0.0,0.0,0.0,0.0,0.0,-0.9684606,-1.042911,3.709124,1.38991,0.107831,-3.720176,-0.1284738,-0.05804858,0.01221143,0.9899372,345.3482,352.9904,2.315753,0.3488365,0.02795698,-0.9367658,0,0,0,1.150151,0.4188498,-2.751768,-0.1176532,0.05518027,1.036891,0.9929625,0.03909253,0.1117912,-0.009261638,0.9666907,-0.2557797,-0.1180666,0.2529442,0.9602497,moving,-20.00711,17.0488,-6.473509,3.046237,-2.073196386452828,3.742953094890577,19.473831841632247,4.455127878503816,18.641354625483412
3598,05/15/2023 18:38:50.833148,3781,True,True,True,True,Eyes,1.386936,0.1107827,-3.712768,-0.3257002,0.2774479,0.9038485,0.0,0.0,0.0,0.0,0.0,0.0,0.0,-0.981558,-1.038419,3.706965,1.390132,0.107707,-3.720119,-0.1280271,-0.05637777,0.01238745,0.9900895,345.397,353.1862,2.307688,0.3489246,0.02795573,-0.936733,0,0,0,1.15493,0.4188975,-2.751787,-0.1164777,0.05642688,1.035893,0.9933362,0.03896513,0.1084662,-0.01009359,0.9669113,-0.2549133,-0.11481,0.2521198,0.9608613,moving,-19.81654,17.06454,-6.415495,3.117919,-2.0605015205881534,3.7468811774408826,19.341567785721665,4.400177453963747,18.52022879990149
3599,05/15/2023 18:38:50.853195,3782,True,True,True,True,Eyes,1.387312,0.1107675,-3.712701,-0.322644,0.2780677,0.9047537,0.0,0.0,0.0,0.0,0.0,0.0,0.0,-0.9951489,-1.03671,3.703808,1.390321,0.107789,-3.720038,-0.1279206,-0.05463722,0.01251171,0.9901993,345.4061,353.3895,2.295238,0.3490124,0.02795423,-0.9367003,0,0,0,1.159417,0.4189424,-2.751806,-0.1157267,0.05675671,1.034887,0.9937165,0.03875663,0.1050025,-0.01079971,0.9669596,-0.254701,-0.1114045,0.2519666,0.9613022,moving,-19.62673,17.08433,-6.380621,3.13915,-2.0481685342724223,3.751384797114484,19.233498092450084,4.375497207699575,18.42229687622111
3600,05/15/2023 18:38:50.863551,3783,True,True,True,True,Eyes,1.387682,0.1107497,-3.71263,-0.3195452,0.2786658,0.9056689,0.0,0.0,0.0,0.0,0.0,0.0,0.0,-1.010378,-1.036205,3.699823,1.39071,0.1076918,-3.719892,-0.1280533,-0.05272818,0.01275636,0.9902825,345.388,353.6098,2.296152,0.3491003,0.02795245,-0.9366676,0,0,0,1.163888,0.4189871,-2.751825,-0.1154842,0.05683191,1.033896,0.994114,0.03876882,0.1011646,-0.01176074,0.9668792,-0.2549632,-0.1076985,0.2522727,0.9616441,moving,-19.43426,17.10264,-6.373408,3.146307,-2.035529719131848,3.755698916955138,19.11452551785665,4.380473317813714,18.313554087655934
3601,05/15/2023 18:38:50.883417,3784,True,True,True,True,Eyes,1.388052,0.1107281,-3.712559,-0.3164064,0.2792855,0.9065796,0.0,0.0,0.0,0.0,0.0,0.0,0.0,-1.027438,-1.03462,3.695438,1.390896,0.1076078,-3.719699,-0.1280288,-0.05053496,0.01291863,0.9903979,345.3867,353.8654,2.281954,0.3491882,0.02795036,-0.9366349,0,0,0,1.168476,0.419033,-2.751844,-0.1155309,0.05721468,1.032753,0.9945587,0.03852902,0.09679153,-0.0126493,0.9668835,-0.2549047,-0.1034074,0.2522933,0.9621097,moving,-19.23956,17.12224,-6.382964,3.170954,-2.022826039367421,3.760217960763901,18.971832851915284,4.399776704698136,18.18139513679023
3602,05/15/2023 18:38:50.903080,3785,True,True,True,True,Eyes,1.388415,0.1107138,-3.712488,-0.3132333,0.2798847,0.9074963,0.0,0.0,0.0,0.0,0.0,0.0,0.0,-1.045225,-1.031706,3.691262,1.391169,0.1074886,-3.7196,-0.1279144,-0.04828863,0.01333987,0.9905192,345.3973,354.1237,2.296739,0.3492761,0.02794789,-0.9366022,0,0,0,1.173272,0.4190809,-2.751864,-0.1154459,0.05787674,1.0317,0.9949806,0.0387804,0.09224887,-0.01407316,0.96692,-0.2546916,-0.09907433,0.252115,0.9626123,moving,-19.04273,17.1405,-6.384762,3.210837,-2.0098657448296207,3.7645629975066974,18.821786981649563,4.409799283847123,18.04236759933811
3603,05/15/2023 18:38:50.918191,3786,True,True,True,True,Eyes,1.38881,0.110704,-3.712414,-0.310063,0.2805309,0.9083851,0.0,0.0,0.0,0.0,0.0,0.0,0.0,-1.062391,-1.030224,3.686759,1.391334,0.1076488,-3.719521,-0.1279643,-0.04611507,0.01378607,0.9906102,345.3891,354.3723,2.316678,0.3493638,0.02794526,-0.9365696,0,0,0,1.17759,0.4191241,-2.751882,-0.1155764,0.0579201,1.030687,0.9953667,0.0391154,0.08783576,-0.01551107,0.9668702,-0.254797,-0.09489229,0.252254,0.9629972,moving,-18.84653,17.16193,-6.398153,3.21639,-1.9971912594254368,3.7693582093229328,18.693319015780183,4.4355651367692595,17.924383462061122
3604,05/15/2023 18:38:50.934185,3787,True,True,True,True,Eyes,1.389197,0.110688,-3.712337,-0.3068757,0.2811732,0.9092684,0.0,0.0,0.0,0.0,0.0,0.0,0.0,-1.079745,-1.030334,3.681681,1.391669,0.107707,-3.719391,-0.1282253,-0.04392928,0.01415585,0.9906707,345.3559,354.6227,2.328753,0.3494521,0.0279426,-0.9365368,0,0,0,1.182421,0.4191723,-2.751902,-0.1154147,0.05760852,1.029656,0.9957397,0.03931325,0.08340867,-0.01678185,0.9667158,-0.2553017,-0.09066927,0.2528143,0.963257,moving,-18.6494,17.18318,-6.395619,3.202319,-1.984435386425389,3.774135674261844,18.590847831588587,4.4480911840510915,17.832385454153112
3605,05/15/2023 18:38:50.953471,3788,True,True,True,True,Eyes,1.389585,0.1106722,-3.71226,-0.3036546,0.2818171,0.9101499,0.0,0.0,0.0,0.0,0.0,0.0,0.0,-1.095617,-1.030182,3.676924,1.391819,0.1075315,-3.719234,-0.1285488,-0.0419448,0.01475091,0.990706,345.317,354.8458,2.370561,0.3495407,0.02793976,-0.9365038,0,0,0,1.186881,0.4192169,-2.75192,-0.1149313,0.05744922,1.028753,0.9960461,0.04001153,0.07931757,-0.0184437,0.9665152,-0.2559456,-0.08690244,0.2534707,0.9634317,moving,-18.45032,17.20452,-6.374595,3.19628,-1.971544236016753,3.7789431185757554,18.494699840041335,4.441435842153062,17.74700170493489
3606,05/15/2023 18:38:50.963042,3789,True,True,True,True,Eyes,1.389966,0.1106593,-3.712179,-0.3003991,0.2824212,0.9110426,0.0,0.0,0.0,0.0,0.0,0.0,0.0,-1.110065,-1.027952,3.673208,1.392181,0.1075182,-3.719095,-0.1283575,-0.04007682,0.01474072,0.9908082,345.3346,355.0663,2.339977,0.3496298,0.02793676,-0.9364707,0,0,0,1.191293,0.419261,-2.751939,-0.1146933,0.05799234,1.027819,0.9963531,0.03949877,0.07563272,-0.01892211,0.9666141,-0.255537,-0.08320102,0.2531739,0.9638363,moving,-18.249,17.22332,-6.36724,3.22936,-1.958297640339639,3.783405019642671,18.357754143118925,4.443617739477409,17.621574550083842
3607,05/15/2023 18:38:50.983362,3790,True,True,True,True,Eyes,1.390351,0.110644,-3.7121,-0.2971388,0.2830419,0.9119188,0.0,0.0,0.0,0.0,0.0,0.0,0.0,-1.126609,-1.024827,3.668927,1.392343,0.1075764,-3.718919,-0.1281025,-0.03792295,0.01487767,0.990924,345.3596,355.3184,2.32208,0.349719,0.02793369,-0.9364375,0,0,0,1.195761,0.4193057,-2.751957,-0.1147195,0.05866396,1.026757,0.9966811,0.03920133,0.07134584,-0.01976922,0.9667368,-0.255008,-0.0789693,0.2527512,0.9643032,moving,-18.04763,17.24333,-6.375212,3.270051,-1.9451389734034823,3.788041292692921,18.20708290689546,4.46025346413207,17.4824987949769
3608,05/15/2023 18:38:51.004514,3791,True,True,True,True,Eyes,1.390729,0.11062,-3.712021,-0.2938558,0.2836075,0.9128064,0.0,0.0,0.0,0.0,0.0,0.0,0.0,-1.142329,-1.023922,3.664353,1.39258,0.1074905,-3.718867,-0.1281901,-0.0359036,0.01510394,0.9909844,345.3458,355.552,2.318622,0.3498085,0.02793051,-0.9364042,0,0,0,1.200356,0.4193516,-2.751976,-0.1143743,0.0587489,1.02594,0.9969656,0.03914051,0.06728747,-0.02073054,0.9666783,-0.2551535,-0.07503217,0.2529843,0.9645565,moving,-17.8447,17.25994,-6.361209,3.277378,-1.9316093257693696,3.7922024563954135,18.09371729719808,4.459416721371411,17.380775878358087
3609,05/15/2023 18:38:51.013418,3792,True,True,True,True,Eyes,1.391114,0.1105945,-3.711946,-0.2905398,0.2841351,0.9137033,0.0,0.0,0.0,0.0,0.0,0.0,0.0,-1.158299,-1.018788,3.660732,1.392772,0.1072617,-3.718767,-0.1277714,-0.03385189,0.01547235,0.991105,345.391,355.789,2.328784,0.349898,0.02792699,-0.9363708,0,0,0,1.205003,0.4193981,-2.751996,-0.1139266,0.0600633,1.02506,0.9972293,0.03932006,0.06314774,-0.02201883,0.9668702,-0.2543173,-0.07105538,0.2522222,0.965057,moving,-17.63965,17.27417,-6.341906,3.353408,-1.91774508547679,3.796040027779135,17.928375111821484,4.446248183537522,17.227950023199593
3610,05/15/2023 18:38:51.035664,3793,True,True,True,True,Eyes,1.391494,0.1105694,-3.711873,-0.2871965,0.2846179,0.9146096,0.0,0.0,0.0,0.0,0.0,0.0,0.0,-1.174225,-1.01241,3.657536,1.393102,0.1071978,-3.718752,-0.127156,-0.03181678,0.01583424,0.9912459,345.4587,356.0248,2.3377,0.3499878,0.02792314,-0.9363374,0,0,0,1.209556,0.4194436,-2.752015,-0.1136683,0.06159401,1.024233,0.997474,0.03948264,0.05904964,-0.02329985,0.9671612,-0.2530934,-0.06710333,0.2510782,0.9656382,moving,-17.43281,17.28565,-6.332708,3.441435,-1.9035422969139384,3.799497936065287,17.744704939125615,4.44361540770323,17.057171709024527
3611,05/15/2023 18:38:51.042963,3794,True,True,True,True,Eyes,1.391865,0.1105439,-3.711805,-0.2837646,0.285082,0.9155358,0.0,0.0,0.0,0.0,0.0,0.0,0.0,-1.190561,-1.008178,3.653459,1.3933,0.1071892,-3.718716,-0.1267978,-0.0296973,0.01609133,0.9913535,345.496,356.2712,2.334513,0.3500776,0.02791899,-0.9363039,0,0,0,1.213916,0.4194872,-2.752033,-0.1136853,0.06251568,1.023402,0.9977183,0.03943549,0.05480035,-0.02437326,0.9673268,-0.2523586,-0.06296173,0.2504471,0.9660807,moving,-17.22049,17.29568,-6.338752,3.495633,-1.8888304680015808,3.8027953023978833,17.57422883380244,4.460510096497656,16.89982043649393
3612,05/15/2023 18:38:51.063311,3795,True,True,True,True,Eyes,1.392229,0.1105165,-3.711744,-0.2803146,0.2855045,0.9164665,0.0,0.0,0.0,0.0,0.0,0.0,0.0,-1.206656,-1.004198,3.64939,1.393579,0.1071548,-3.718727,-0.126407,-0.02758881,0.01615171,0.9914632,345.5364,356.5192,2.308445,0.3501671,0.02791457,-0.9362705,0,0,0,1.218382,0.4195319,-2.752052,-0.1137191,0.0634547,1.022632,0.997956,0.03900249,0.05062328,-0.02505279,0.9675208,-0.251547,-0.05879009,0.2497646,0.9665203,moving,-17.00701,17.30325,-6.345356,3.550672,-1.873847943368255,3.80574918663908,17.4012720127524,4.478777586760288,16.740213667706932
3613,05/15/2023 18:38:51.083300,3796,True,True,True,True,Eyes,1.392571,0.1104904,-3.711686,-0.2767825,0.285936,0.9174051,0.0,0.0,0.0,0.0,0.0,0.0,0.0,-1.222491,-0.9999999,3.645401,1.393728,0.107089,-3.718801,-0.1260701,-0.02552927,0.01644935,0.9915563,345.5715,356.7577,2.31136,0.3502563,0.02790985,-0.9362373,0,0,0,1.222879,0.4195768,-2.75207,-0.1133952,0.06435238,1.021962,0.9981554,0.03905788,0.04647993,-0.02618395,0.9676715,-0.2508511,-0.05477503,0.2491714,0.9669091,moving,-16.78864,17.31116,-6.331546,3.603126,-1.8585348353520963,3.808794681423652,17.24125897578225,4.4777369826267535,16.593778108066154
3614,05/15/2023 18:38:51.103117,3797,True,True,True,True,Eyes,1.392916,0.1104686,-3.711629,-0.2732554,0.286347,0.9183337,0.0,0.0,0.0,0.0,0.0,0.0,0.0,-1.238279,-0.9965369,3.641074,1.393981,0.1070995,-3.718761,-0.1259225,-0.02352971,0.01701558,0.9916152,345.5856,356.9845,2.347553,0.3503446,0.02790491,-0.9362044,0,0,0,1.227512,0.4196231,-2.75209,-0.1128228,0.06487902,1.021225,0.9983137,0.03967166,0.0423796,-0.02781996,0.967708,-0.250534,-0.05095008,0.2489325,0.9671798,moving,-16.57067,17.31808,-6.304353,3.635149,-1.84317595112969,3.811694369940339,17.106135317343014,4.464668960742171,16.472058128289145
3615,05/15/2023 18:38:51.118332,3798,True,True,True,True,Eyes,1.39324,0.1104522,-3.711577,-0.2696555,0.28681,0.919253,0.0,0.0,0.0,0.0,0.0,0.0,0.0,-1.253065,-0.9941684,3.636755,1.394353,0.1071777,-3.718712,-0.1259067,-0.02167934,0.0175711,0.9916496,345.5847,357.1935,2.385235,0.3504322,0.02789985,-0.9361717,0,0,0,1.231964,0.4196676,-2.752108,-0.1122572,0.06505433,1.020544,0.9984425,0.04030789,0.03857195,-0.0293896,0.9676775,-0.2504725,-0.04742116,0.2489488,0.967355,moving,-16.34863,17.3281,-6.277149,3.647371,-1.8277551086421149,3.815075246909979,16.98814514609532,4.4525532804094,16.36746477628387
3616,05/15/2023 18:38:51.134356,3799,True,True,True,True,Eyes,1.393563,0.1104348,-3.711533,-0.2660473,0.2872602,0.9201633,0.0,0.0,0.0,0.0,0.0,0.0,0.0,-1.269253,-0.9951429,3.63099,1.39465,0.1072912,-3.718714,-0.1262815,-0.01960495,0.017907,0.9916391,345.5373,357.4308,2.395108,0.3505186,0.02789485,-0.9361395,0,0,0,1.236615,0.4197141,-2.752127,-0.1119587,0.0643272,1.019902,0.99859,0.04046604,0.03435941,-0.03056309,0.9674647,-0.2511534,-0.04340479,0.2497491,0.9673373,moving,-16.12619,17.33752,-6.264499,3.608974,-1.8122597121631985,3.818373370922866,16.903429375531967,4.457160842139358,16.29602927564071
3617,05/15/2023 18:38:51.143432,3800,True,True,True,True,Eyes,1.393867,0.1104195,-3.711488,-0.2623729,0.2877799,0.9210555,0.0,0.0,0.0,0.0,0.0,0.0,0.0,-1.284711,-0.9937958,3.626174,1.394939,0.1072493,-3.718857,-0.1263139,-0.01760206,0.01814424,0.9916683,345.5293,357.6624,2.393231,0.3506039,0.02788985,-0.9361078,0,0,0,1.241234,0.4197603,-2.752147,-0.1115557,0.06438042,1.019425,0.998722,0.04043289,0.03032701,-0.03153935,0.9674312,-0.2511618,-0.03949451,0.2498842,0.96747,moving,-15.90019,17.35119,-6.245026,3.613638,-1.7968265503153482,3.822313536365472,16.791144297503966,4.45309149059979,16.197303937247526
3618,05/15/2023 18:38:51.163332,3801,True,True,True,True,Eyes,1.394168,0.1103989,-3.71145,-0.2587047,0.2882743,0.9219381,0.0,0.0,0.0,0.0,0.0,0.0,0.0,-1.301718,-0.9965116,3.619292,1.395144,0.1072779,-3.718716,-0.1269228,-0.01539043,0.01838309,0.9916229,345.4542,357.9166,2.39002,0.3506877,0.02788493,-0.9360765,0,0,0,1.245672,0.4198046,-2.752165,-0.1116943,0.06326522,1.018704,0.9988503,0.04036497,0.02585645,-0.03255138,0.9671053,-0.2522849,-0.03518945,0.2511533,0.9673075,moving,-15.67463,17.36357,-6.257117,3.553712,-1.7813278230873475,3.8260644215774624,16.71531420839384,4.484067862745562,16.134966378921753
3619,05/15/2023 18:38:51.183067,3802,True,True,True,True,Eyes,1.394446,0.1103677,-3.711413,-0.2550489,0.2887751,0.9227995,0.0,0.0,0.0,0.0,0.0,0.0,0.0,-1.316546,-0.9937433,3.61488,1.395333,0.1071301,-3.718837,-0.1268767,-0.01349139,0.01890614,0.9916466,345.456,358.1319,2.422878,0.3507701,0.02787993,-0.9360458,0,0,0,1.250174,0.4198497,-2.752184,-0.1109779,0.06363803,1.018291,0.9989211,0.0409199,0.02195987,-0.03407292,0.9670897,-0.2521438,-0.03155488,0.2511235,0.9674406,moving,-15.45006,17.37666,-6.219802,3.576047,-1.7659549654765136,3.8299087157038976,16.60284860866752,4.461076011192118,16.03605655823865
3620,05/15/2023 18:38:51.203144,3803,True,True,True,True,Eyes,1.394732,0.1103465,-3.711385,-0.2514072,0.2892121,0.9236616,0.0,0.0,0.0,0.0,0.0,0.0,0.0,-1.329743,-0.9909521,3.61087,1.395569,0.1068497,-3.718811,-0.1269222,-0.01185045,0.01966076,0.991647,345.448,358.3131,2.487033,0.3508508,0.02787459,-0.9360157,0,0,0,1.25479,0.4198958,-2.752203,-0.1095892,0.06401598,1.01786,0.9989461,0.04200123,0.01851211,-0.0359849,0.9670084,-0.25219,-0.0284937,0.251258,0.9675006,moving,-15.22622,17.38611,-6.145149,3.598747,-1.750359827085048,3.833223387480399,16.509307344671065,4.40103976926548,15.955895296559955
3621,05/15/2023 18:38:51.213512,3804,True,True,True,True,Eyes,1.394991,0.1103252,-3.711363,-0.247697,0.2897015,0.9245103,0.0,0.0,0.0,0.0,0.0,0.0,0.0,-1.342338,-0.9858624,3.607909,1.395988,0.1070795,-3.718946,-0.1262751,-0.01018536,0.01959825,0.9917495,345.5185,358.5114,2.453319,0.3509299,0.02786921,-0.9359862,0,0,0,1.25928,0.4199407,-2.752222,-0.1088625,0.06508897,1.017369,0.9990244,0.04144542,0.01525322,-0.03630076,0.9673411,-0.2508656,-0.0251523,0.2500672,0.9679017,moving,-14.99856,17.39873,-6.107639,3.660667,-1.7347262444652878,3.8370271251861143,16.36407196330455,4.3764676236976605,15.824570963619808
3622,05/15/2023 18:38:51.233528,3805,True,True,True,True,Eyes,1.395247,0.1103012,-3.711349,-0.243998,0.2901401,0.925356,0.0,0.0,0.0,0.0,0.0,0.0,0.0,-1.357962,-0.9873881,3.601846,1.396203,0.1070681,-3.719065,-0.1267208,-0.008148998,0.01985839,0.9917062,345.4624,358.7453,2.454371,0.3510071,0.02786378,-0.9359574,0,0,0,1.263961,0.4199875,-2.752241,-0.1083878,0.06424388,1.016995,0.9990785,0.04145267,0.01112993,-0.03732207,0.967095,-0.2516632,-0.02119583,0.2510159,0.9677509,moving,-14.77154,17.40852,-6.08342,3.614589,-1.7189251234210712,3.840418462929949,16.302023235388944,4.370333451123718,15.776123553268175
3623,05/15/2023 18:38:51.253312,3806,True,True,True,True,Eyes,1.395476,0.1102786,-3.711335,-0.2402939,0.2906008,0.9261804,0.0,0.0,0.0,0.0,0.0,0.0,0.0,-1.371286,-0.9827902,3.59827,1.396364,0.106988,-3.719216,-0.1262687,-0.006378561,0.02000704,0.9917738,345.5104,358.9522,2.444543,0.3510823,0.02785823,-0.9359294,0,0,0,1.268637,0.4200342,-2.752261,-0.1073382,0.0652456,1.01663,0.9991181,0.04129574,0.007599629,-0.03807409,0.9673119,-0.2507151,-0.0177047,0.2502047,0.968031,moving,-14.54449,17.41991,-6.027096,3.672111,-1.703242903390417,3.8440400595633646,16.172445019094578,4.327269947967498,15.66022723635481
3624,05/15/2023 18:38:51.263432,3807,True,True,True,True,Eyes,1.395714,0.1102547,-3.711326,-0.2366014,0.2910521,0.9269889,0.0,0.0,0.0,0.0,0.0,0.0,0.0,-1.385411,-0.9825227,3.592987,1.39665,0.1070147,-3.719165,-0.1264291,-0.004533023,0.02019219,0.9917598,345.4875,359.1656,2.438995,0.3511551,0.02785262,-0.9359022,0,0,0,1.273393,0.4200818,-2.75228,-0.1064962,0.06495233,1.016124,0.9991435,0.0411978,0.003885634,-0.03890535,0.967216,-0.2509575,-0.01409715,0.2505914,0.9679903,moving,-14.31828,17.43103,-5.983119,3.657465,-1.6876014573061644,3.8476155030577255,16.099254694088977,4.29972419736471,15.60047678427316
3625,05/15/2023 18:38:51.283434,3808,True,True,True,True,Eyes,1.395924,0.1102288,-3.711323,-0.2328102,0.2915463,0.9277931,0.0,0.0,0.0,0.0,0.0,0.0,0.0,-1.399426,-0.9814253,3.588131,1.397056,0.1069603,-3.719283,-0.1265276,-0.002732396,0.02050471,0.9917474,345.4719,359.3721,2.448919,0.3512261,0.02784692,-0.9358758,0,0,0,1.277706,0.4201249,-2.752298,-0.1060718,0.06485687,1.015834,0.9991442,0.04136243,0.0002309531,-0.03997951,0.9671407,-0.2510789,-0.01060861,0.2508548,0.9679666,moving,-14.08633,17.44461,-5.96113,3.653143,-1.6717279320671068,3.8515947313187375,16.006980884979185,4.293990357470587,15.522137696505824
3626,05/15/2023 18:38:51.303024,3809,True,True,True,True,Eyes,1.396139,0.1101993,-3.711323,-0.2290098,0.2920097,0.9285929,0.0,0.0,0.0,0.0,0.0,0.0,0.0,-1.414161,-0.9822849,3.582347,1.397396,0.1069126,-3.719382,-0.1267477,-0.0007656515,0.0203975,0.991725,345.4416,359.604,2.407133,0.3512945,0.02784108,-0.9358503,0,0,0,1.282205,0.4201699,-2.752317,-0.1058922,0.06442177,1.015504,0.9991667,0.0406515,-0.003651969,-0.0402633,0.9670379,-0.2514289,-0.00668931,0.2513664,0.9678689,moving,-13.85385,17.45652,-5.953034,3.629879,-1.6556894033411649,3.8553385324645335,15.924788689610203,4.303254882436319,15.454022363710989
3627,05/15/2023 18:38:51.313518,3810,True,True,True,True,Eyes,1.396312,0.1101669,-3.711332,-0.2251469,0.2924697,0.9293925,0.0,0.0,0.0,0.0,0.0,0.0,0.0,-1.429297,-0.9796931,3.577264,1.397715,0.1068029,-3.719475,-0.1265072,0.001269549,0.02030215,0.9917572,345.4645,359.845,2.36523,0.3513609,0.02783504,-0.9358255,0,0,0,1.286824,0.420216,-2.752337,-0.1056817,0.064991,1.015129,0.9991724,0.03994839,-0.00765495,-0.0405908,0.9671675,-0.2508773,-0.002618551,0.2509804,0.9679887,moving,-13.61766,17.46822,-5.943461,3.663214,-1.639364649369484,3.859084570155271,15.794667484680929,4.308550878864479,15.33835468844703
3628,05/15/2023 18:38:51.333354,3811,True,True,True,True,Eyes,1.396491,0.1101484,-3.711349,-0.2212914,0.2929138,0.9301783,0.0,0.0,0.0,0.0,0.0,0.0,0.0,-1.443281,-0.9787561,3.572164,1.397884,0.1067343,-3.719666,-0.1264611,0.003172457,0.02016652,0.9917616,345.4653,0.07055926,2.320791,0.3514245,0.02782873,-0.9358019,0,0,0,1.291311,0.4202609,-2.752355,-0.1052151,0.06507598,1.014909,0.9991666,0.03919837,-0.01139321,-0.04080313,0.9672018,-0.2507107,0.001192153,0.2509665,0.967995,moving,-13.38202,17.47925,-5.918681,3.668783,-1.623029266478417,3.862729489991209,15.698102681120735,4.300027797199327,15.255961324745652
3629,05/15/2023 18:38:51.343364,3812,True,True,True,True,Eyes,1.396638,0.1101276,-3.711367,-0.2173973,0.2933895,0.9309462,0.0,0.0,0.0,0.0,0.0,0.0,0.0,-1.456498,-0.9785773,3.567163,1.398192,0.1070518,-3.719846,-0.1263829,0.004981756,0.01982718,0.9917708,345.4702,0.2882442,2.253829,0.3514854,0.02782253,-0.9357792,0,0,0,1.295813,0.4203059,-2.752374,-0.1047775,0.06481621,1.01461,0.9991642,0.03806881,-0.01489305,-0.04058723,0.9672685,-0.2504881,0.004869759,0.2508832,0.9680051,moving,-13.14433,17.49235,-5.895967,3.655253,-1.6067011647380718,3.866689884075207,15.620628014493462,4.294474002889368,15.19263515551556
3630,05/15/2023 18:38:51.363164,3813,True,True,True,True,Eyes,1.396787,0.1100997,-3.711383,-0.2135323,0.2938664,0.9316901,0.0,0.0,0.0,0.0,0.0,0.0,0.0,-1.470501,-0.9830877,3.560309,1.398361,0.1069899,-3.719917,-0.1271581,0.006854236,0.01985048,0.9916602,345.3764,0.5060402,2.22859,0.3515434,0.02781638,-0.9357576,0,0,0,1.300237,0.4203501,-2.752392,-0.1042837,0.06327222,1.01442,0.999118,0.03762671,-0.0186424,-0.04111298,0.9668735,-0.2519232,0.008545756,0.2524674,0.9675677,moving,-12.90857,17.50591,-5.869462,3.569077,-1.5905485067410887,3.870699534941581,15.613595213965072,4.289531074182558,15.19934807295744
3631,05/15/2023 18:38:51.383568,3814,True,True,True,True,Eyes,1.396934,0.1100718,-3.711397,-0.2096412,0.2943449,0.9324225,0.0,0.0,0.0,0.0,0.0,0.0,0.0,-1.482912,-0.9832399,3.555133,1.398544,0.1067858,-3.71987,-0.1273978,0.008498698,0.02002969,0.9916131,345.3449,0.6959621,2.224836,0.3515987,0.02781009,-0.9357371,0,0,0,1.304692,0.4203946,-2.752411,-0.1032292,0.06300142,1.014155,0.9990531,0.03755797,-0.02195828,-0.04188883,0.9667372,-0.2523182,0.01175129,0.2529991,0.9673951,moving,-12.67139,17.51974,-5.812026,3.554765,-1.574312812561769,3.874760407867537,15.55864393946725,4.249777655365538,15.158006133315158
3632,05/15/2023 18:38:51.403491,3815,True,True,True,True,Eyes,1.397088,0.1100394,-3.711418,-0.2057679,0.2947879,0.933145,0.0,0.0,0.0,0.0,0.0,0.0,0.0,-1.495356,-0.9833053,3.549973,1.398834,0.1067657,-3.719832,-0.1275027,0.01017329,0.01995526,0.9915853,345.3292,0.8935709,2.190766,0.3516517,0.02780369,-0.9357173,0,0,0,1.309538,0.4204431,-2.752431,-0.1020464,0.06277089,1.013843,0.9989966,0.03698045,-0.02526395,-0.04216891,0.9666898,-0.2524535,0.01508665,0.2532655,0.9672792,moving,-12.43529,17.53174,-5.747635,3.542876,-1.558017320334116,3.878548783383648,15.50525863729854,4.203043244992069,15.118056069660541
3633,05/15/2023 18:38:51.413406,3816,True,True,True,True,Eyes,1.397247,0.1100086,-3.711444,-0.2018827,0.2952,0.933863,0.0,0.0,0.0,0.0,0.0,0.0,0.0,-1.508017,-0.9806204,3.54565,1.399105,0.1066275,-3.720015,-0.1272183,0.01189575,0.0198372,0.991605,345.3584,1.098249,2.151016,0.3517026,0.02779705,-0.9356984,0,0,0,1.313907,0.4204867,-2.752449,-0.1014188,0.06340232,1.013726,0.99893,0.03631464,-0.02863906,-0.04236804,0.966844,-0.2518286,0.01854444,0.2527726,0.967348,moving,-12.1985,17.54208,-5.713174,3.578835,-1.5415459228654296,3.882104567586846,15.395832691228525,4.182637116050326,15.022477824212087
3634,05/15/2023 18:38:51.433488,3817,True,True,True,True,Eyes,1.397414,0.1099743,-3.711466,-0.1980125,0.2955699,0.9345745,0.0,0.0,0.0,0.0,0.0,0.0,0.0,-1.521156,-0.9794769,3.540555,1.399288,0.1066332,-3.72014,-0.127204,0.01366782,0.01989145,0.991583,345.3561,1.305607,2.130665,0.3517517,0.02779025,-0.9356802,0,0,0,1.318613,0.4205338,-2.752469,-0.1004155,0.06337254,1.013574,0.9988351,0.03597083,-0.0321662,-0.04292523,0.966847,-0.2517228,0.02204508,0.2528103,0.9672647,moving,-11.96261,17.55016,-5.657872,3.577697,-1.5249690693531788,3.885327615879256,15.329039224133162,4.144336283408398,14.969107266878842
3635,05/15/2023 18:38:51.453155,3818,True,True,True,True,Eyes,1.397565,0.1099365,-3.711492,-0.193998,0.2958604,0.9353243,0.0,0.0,0.0,0.0,0.0,0.0,0.0,-1.534464,-0.9754121,3.535966,1.399597,0.1065187,-3.720059,-0.1268163,0.01545376,0.01996632,0.9916049,345.397,1.514961,2.112908,0.3517994,0.02778321,-0.9356624,0,0,0,1.32316,0.4205793,-2.752488,-0.09968877,0.06428486,1.013215,0.9987251,0.03567783,-0.03571218,-0.04351698,0.9670379,-0.2508863,0.02558392,0.2521205,0.9673577,moving,-11.71772,17.55313,-5.619167,3.630347,-1.5073497009462926,3.887894767861523,15.19987615603818,4.119875283734664,14.854186541284387
3636,05/15/2023 18:38:51.463277,3819,True,True,True,True,Eyes,1.397724,0.1099022,-3.711518,-0.1900126,0.296107,0.9360641,0.0,0.0,0.0,0.0,0.0,0.0,0.0,-1.547492,-0.9704543,3.53187,1.399757,0.1064243,-3.720212,-0.1262752,0.01723126,0.02000073,0.991644,345.4557,1.724149,2.09088,0.3518455,0.02777587,-0.9356454,0,0,0,1.32751,0.4206227,-2.752506,-0.09900901,0.06542265,1.013072,0.9986062,0.03531543,-0.03922576,-0.04401895,0.9673091,-0.2497508,0.02912337,0.2511293,0.9675153,moving,-11.47462,17.55383,-5.581877,3.694945,-1.4896889703745284,3.8901199682824457,15.059651838846541,4.0968397745157255,14.728027937877986
3637,05/15/2023 18:38:51.483022,3820,True,True,True,True,Eyes,1.397863,0.1098745,-3.711544,-0.1858018,0.2963902,0.9368194,0.0,0.0,0.0,0.0,0.0,0.0,0.0,-1.5603,-0.9657214,3.527673,1.40007,0.1064787,-3.720229,-0.1258355,0.01892653,0.02025505,0.9916638,345.5024,1.920159,2.095987,0.3518902,0.02776835,-0.9356288,0,0,0,1.332061,0.4206682,-2.752525,-0.09803706,0.0662681,1.012811,0.998463,0.03540913,-0.04263506,-0.04493565,0.9675103,-0.2488062,0.03243989,0.2503397,0.9676145,moving,-11.21804,17.55629,-5.528832,3.743518,-1.4711792028373205,3.892715973782506,14.938532658572864,4.060394840123671,14.621329167915922
3638,05/15/2023 18:38:51.493377,3821,True,True,True,True,Eyes,1.39801,0.1098428,-3.711562,-0.1816183,0.2966875,0.9375454,0.0,0.0,0.0,0.0,0.0,0.0,0.0,-1.573457,-0.9674002,3.521502,1.40029,0.1066217,-3.720272,-0.126176,0.02070853,0.02024482,0.9915851,345.4594,2.129007,2.067606,0.3519334,0.02776082,-0.9356128,0,0,0,1.336465,0.4207123,-2.752543,-0.09743634,0.06538597,1.012648,0.9983227,0.03492309,-0.04617733,-0.04537476,0.9673396,-0.24939,0.03595972,0.251067,0.9673016,moving,-10.96337,17.56005,-5.496046,3.69442,-1.452906992395417,3.895482159124924,14.904607576782288,4.048135253007951,14.601563255860484
3639,05/15/2023 18:38:51.513247,3822,True,True,True,True,Eyes,1.398144,0.1098145,-3.711585,-0.177312,0.2969647,0.9382817,0.0,0.0,0.0,0.0,0.0,0.0,0.0,-1.586903,-0.9681014,3.51521,1.400587,0.1064939,-3.720107,-0.1264683,0.02251214,0.02033417,0.9915069,345.4216,2.33904,2.050525,0.3519753,0.0277532,-0.9355973,0,0,0,1.341124,0.4207588,-2.752563,-0.0966405,0.06492604,1.012368,0.9981595,0.0346288,-0.0497851,-0.04601705,0.9671846,-0.2498728,0.03949854,0.2517038,0.966998,moving,-10.70129,17.5625,-5.452925,3.669518,-1.4339957054823764,3.898124794495424,14.851272134923292,4.025425908002951,14.5625614836794
3640,05/15/2023 18:38:51.533449,3823,True,True,True,True,Eyes,1.398289,0.1097825,-3.711603,-0.1730281,0.2972241,0.938999,0.0,0.0,0.0,0.0,0.0,0.0,0.0,-1.599596,-0.9678753,3.509745,1.400822,0.1065578,-3.720234,-0.1264437,0.02427647,0.02006793,0.9914736,345.4215,2.550312,1.992807,0.3520158,0.02774559,-0.9355823,0,0,0,1.345694,0.4208045,-2.752581,-0.0959352,0.06479876,1.012294,0.9980159,0.03365443,-0.05321375,-0.04593284,0.9672185,-0.2497569,0.04306388,0.2517056,0.9668453,moving,-10.4407,17.56429,-5.413757,3.662609,-1.4151430404122287,3.900659534343461,14.78265505756696,4.00569365462605,14.508065226534422
3641,05/15/2023 18:38:51.553060,3824,True,True,True,True,Eyes,1.39842,0.1097583,-3.711625,-0.16862,0.2974821,0.9397189,0.0,0.0,0.0,0.0,0.0,0.0,0.0,-1.613438,-0.9658056,3.50403,1.401171,0.1064377,-3.720159,-0.1263011,0.02615738,0.02003809,0.9914446,345.4343,2.771893,1.961384,0.3520554,0.02773788,-0.9355676,0,0,0,1.350293,0.4208505,-2.752601,-0.09543404,0.06518491,1.012055,0.9978286,0.03312592,-0.05692881,-0.04634071,0.967293,-0.2493927,0.04680553,0.2514893,0.9667277,moving,-10.17271,17.56596,-5.386907,3.685242,-1.39574208597995,3.9032416968730255,14.682582965893058,3.9971141138002806,14.422497654462871
3642,05/15/2023 18:38:51.563504,3825,True,True,True,True,Eyes,1.398558,0.1097355,-3.71164,-0.1642276,0.2977785,0.9404027,0.0,0.0,0.0,0.0,0.0,0.0,0.0,-1.627684,-0.9652625,3.497819,1.401406,0.1066151,-3.720286,-0.1263057,0.02811623,0.01995035,0.9913922,345.4302,3.003307,1.921666,0.3520937,0.02773029,-0.9355535,0,0,0,1.35491,0.4208966,-2.75262,-0.09500802,0.06491967,1.011963,0.997623,0.03245475,-0.06078811,-0.04665969,0.9672977,-0.2493152,0.05070871,0.2515589,0.9665127,moving,-9.905976,17.57039,-5.363485,3.670621,-1.3766415262082106,3.906209626882252,14.623193999206944,3.993798052685244,14.377212308018896
3643,05/15/2023 18:38:51.583467,3826,True,True,True,True,Eyes,1.398679,0.1097059,-3.711658,-0.1597942,0.2980391,0.9410837,0.0,0.0,0.0,0.0,0.0,0.0,0.0,-1.642699,-0.9682407,3.489932,1.401677,0.1066141,-3.72015,-0.1268859,0.03016084,0.01995918,0.9912578,345.3593,3.242723,1.890329,0.352131,0.02772283,-0.9355396,0,0,0,1.35937,0.4209412,-2.752638,-0.09491611,0.06373821,1.01173,0.997384,0.03191541,-0.06485941,-0.04722333,0.9670032,-0.2503492,0.05472925,0.2527572,0.9659806,moving,-9.636799,17.57288,-5.359555,3.604827,-1.3572161370071472,3.9089200365306818,14.60826207481044,4.0138745557241045,14.376391878521423
3644,05/15/2023 18:38:51.593638,3827,True,True,True,True,Eyes,1.398806,0.1096798,-3.711677,-0.1554022,0.2983035,0.9417351,0.0,0.0,0.0,0.0,0.0,0.0,0.0,-1.655958,-0.9666715,3.484271,1.401828,0.1065083,-3.72026,-0.1267992,0.03199568,0.01992459,0.9912121,345.3659,3.458952,1.858841,0.3521672,0.02771534,-0.9355263,0,0,0,1.363865,0.4209862,-2.752657,-0.09424838,0.06393085,1.011742,0.9971586,0.03138493,-0.06848188,-0.04761304,0.9670499,-0.2500949,0.05837619,0.2526449,0.9657965,moving,-9.370328,17.57609,-5.322004,3.615649,-1.3380424121425727,3.911710295559807,14.535571544437358,3.994947086539698,14.31712607381119
3645,05/15/2023 18:38:51.613349,3828,True,True,True,True,Eyes,1.398951,0.1096516,-3.711691,-0.1510262,0.2985484,0.9423693,0.0,0.0,0.0,0.0,0.0,0.0,0.0,-1.66772,-0.9668955,3.478731,1.402079,0.1064949,-3.720292,-0.1268658,0.03363362,0.019715,0.9911535,345.356,3.654536,1.809295,0.3522024,0.02770789,-0.9355132,0,0,0,1.368552,0.421033,-2.752676,-0.09316939,0.06370595,1.011731,0.9969602,0.03054727,-0.07167441,-0.04761507,0.9670327,-0.2501608,0.06166977,0.2528131,0.9655477,moving,-9.104926,17.57852,-5.261479,3.603004,-1.31888755104253,3.9143790886508087,14.494382784653682,3.954868111482968,14.2886889136651
3646,05/15/2023 18:38:51.633810,3829,True,True,True,True,Eyes,1.399104,0.1096241,-3.711707,-0.1466992,0.2987841,0.9429779,0.0,0.0,0.0,0.0,0.0,0.0,0.0,-1.679958,-0.9651769,3.473285,1.402302,0.1064081,-3.720183,-0.1267501,0.03532466,0.01967331,0.9911104,345.3664,3.854009,1.779275,0.3522372,0.02770044,-0.9355003,0,0,0,1.372953,0.421077,-2.752695,-0.09236845,0.06398849,1.011574,0.9967303,0.03004202,-0.07500837,-0.04795162,0.9670948,-0.2498567,0.065034,0.2526365,0.9653733,moving,-8.842633,17.58089,-5.217301,3.619499,-1.299954689338108,3.917012085703474,14.424405386881812,3.92862776982258,14.231262037708028
3647,05/15/2023 18:38:51.653423,3830,True,True,True,True,Eyes,1.399263,0.1095885,-3.711722,-0.1423511,0.2989906,0.9435787,0.0,0.0,0.0,0.0,0.0,0.0,0.0,-1.691895,-0.9638056,3.46805,1.402643,0.1063976,-3.720226,-0.1267413,0.03692922,0.01981497,0.9910502,345.364,4.040471,1.77173,0.3522717,0.02769299,-0.9354876,0,0,0,1.377812,0.4211256,-2.752715,-0.09100705,0.06394069,1.011621,0.9964873,0.02991434,-0.0782202,-0.04863613,0.967088,-0.2497505,0.06817466,0.2526775,0.9651457,moving,-8.579118,17.58178,-5.140583,3.616637,-1.2808207800075904,3.9194430154960864,14.382237028942122,3.87162186659562,14.200983134811576
3648,05/15/2023 18:38:51.663472,3831,True,True,True,True,Eyes,1.399427,0.1095576,-3.71174,-0.1380312,0.2991444,0.9441716,0.0,0.0,0.0,0.0,0.0,0.0,0.0,-1.704426,-0.9601898,3.463017,1.402906,0.1061754,-3.720229,-0.1263899,0.03865901,0.01980366,0.9910293,345.4016,4.24421,1.745686,0.3523062,0.02768534,-0.9354748,0,0,0,1.382155,0.421169,-2.752733,-0.09036374,0.06481336,1.011599,0.9962265,0.02947979,-0.08163037,-0.04902419,0.9672668,-0.248981,0.07161844,0.2520434,0.9650621,moving,-8.317315,17.5799,-5.104546,3.66594,-1.2616019852853446,3.92146080143976,14.280061888134833,3.8514295502059506,14.110922642739624
3649,05/15/2023 18:38:51.683266,3832,True,True,True,True,Eyes,1.399581,0.1095319,-3.711764,-0.1336629,0.2993041,0.9447492,0.0,0.0,0.0,0.0,0.0,0.0,0.0,-1.71744,-0.955016,3.458233,1.403137,0.106266,-3.720343,-0.1257662,0.04046899,0.01976566,0.9910371,345.4706,4.457904,1.716596,0.3523408,0.02767762,-0.935462,0,0,0,1.386804,0.4212155,-2.752753,-0.08955806,0.06589471,1.011596,0.9959432,0.02899775,-0.08518413,-0.04935624,0.9675844,-0.2476782,0.07524073,0.2508778,0.9650902,moving,-8.052751,17.57862,-5.059287,3.726944,-1.2422274153685977,3.923588965957066,14.171441519064743,3.8221215463748286,14.014122569404824
3650,05/15/2023 18:38:51.703295,3833,True,True,True,True,Eyes,1.399742,0.1094965,-3.711779,-0.1293311,0.2994597,0.9453028,0.0,0.0,0.0,0.0,0.0,0.0,0.0,-1.73009,-0.9544357,3.452338,1.403322,0.106369,-3.720506,-0.1258045,0.04221913,0.01977949,0.9909589,345.463,4.663347,1.691834,0.352375,0.02766998,-0.9354494,0,0,0,1.391345,0.4212609,-2.752771,-0.08871651,0.06560072,1.011749,0.9956527,0.0285786,-0.08865163,-0.04982404,0.967564,-0.2476641,0.07869822,0.2510044,0.9647815,moving,-7.790523,17.57753,-5.011238,3.709805,-1.2230374393305867,3.925724027068572,14.143486903407165,3.7943490237597137,13.99729846028883
3651,05/15/2023 18:38:51.713429,3834,True,True,True,True,Eyes,1.399922,0.1094635,-3.711794,-0.1250714,0.2995957,0.9458327,0.0,0.0,0.0,0.0,0.0,0.0,0.0,-1.743659,-0.9519761,3.446098,1.403618,0.1061001,-3.720324,-0.1258267,0.04403362,0.02019983,0.9908687,345.4554,4.870308,1.713859,0.3524093,0.02766216,-0.9354367,0,0,0,1.395681,0.4213042,-2.752789,-0.08812338,0.06583354,1.011651,0.995306,0.02894955,-0.09234636,-0.05111194,0.9675192,-0.2475765,0.08217975,0.2511344,0.9644575,moving,-7.532757,17.57577,-4.97838,3.723292,-1.2041218858679756,3.9277237813302657,14.086021035005341,3.7797905583919973,13.95066356621744
3652,05/15/2023 18:38:51.733736,3835,True,True,True,True,Eyes,1.40011,0.1094313,-3.71181,-0.1208591,0.2997323,0.9463369,0.0,0.0,0.0,0.0,0.0,0.0,0.0,-1.755925,-0.9505864,3.440317,1.403851,0.1061125,-3.720297,-0.1258255,0.04571265,0.02034714,0.9907898,345.4518,5.065461,1.705969,0.352444,0.02765424,-0.9354238,0,0,0,1.400337,0.4213507,-2.752809,-0.08700371,0.06574979,1.011695,0.9949927,0.02881584,-0.09570352,-0.05182309,0.9675078,-0.2474731,0.08546281,0.2511936,0.9641566,moving,-7.277994,17.5745,-4.915229,3.71841,-1.1854622316662915,3.9297677273095575,14.056097912768145,3.7357505584634443,13.930703255226973
3653,05/15/2023 18:38:51.753408,3836,True,True,True,True,Eyes,1.400307,0.1094011,-3.711823,-0.1166688,0.2998556,0.9468236,0.0,0.0,0.0,0.0,0.0,0.0,0.0,-1.767094,-0.9502138,3.434879,1.404181,0.1061001,-3.720342,-0.1258791,0.04725009,0.02031366,0.9907115,345.4432,5.246669,1.678706,0.3524792,0.02764624,-0.9354107,0,0,0,1.405037,0.4213977,-2.752828,-0.08573791,0.06554042,1.011854,0.9947096,0.02835437,-0.09873652,-0.05214555,0.9674836,-0.2475001,0.08850828,0.2513393,0.9638438,moving,-7.024648,17.57281,-4.843302,3.70602,-1.1668740431437392,3.931738915256819,14.037312252558037,3.683350587530193,13.921357043201096
3654,05/15/2023 18:38:51.773456,3837,True,True,True,True,Eyes,1.400507,0.1093712,-3.711836,-0.1125203,0.2999369,0.9472998,0.0,0.0,0.0,0.0,0.0,0.0,0.0,-1.777792,-0.9499252,3.429451,1.404396,0.1061144,-3.720275,-0.1257261,0.04881474,0.01978938,0.9906657,345.4611,5.43849,1.594506,0.3525152,0.02763822,-0.9353974,0,0,0,1.409664,0.421444,-2.752848,-0.08464932,0.06572063,1.011876,0.994451,0.02693475,-0.1016943,-0.05148391,0.9676026,-0.2471731,0.09174213,0.2510371,0.9636202,moving,-6.773856,17.56898,-4.781992,3.716102,-1.148310000340305,3.933380161883069,13.9953474796941,3.64017234128855,13.888585172794865
3655,05/15/2023 18:38:51.783526,3838,True,True,True,True,Eyes,1.400732,0.1093391,-3.711849,-0.1083633,0.3000353,0.9477533,0.0,0.0,0.0,0.0,0.0,0.0,0.0,-1.789882,-0.9451508,3.42445,1.40466,0.1060715,-3.720151,-0.1252172,0.05049348,0.01984575,0.9906449,345.5168,5.635102,1.578721,0.3525519,0.0276302,-0.9353839,0,0,0,1.41412,0.4214886,-2.752866,-0.08375904,0.06674929,1.011804,0.9941131,0.02667488,-0.1050123,-0.05196549,0.9678536,-0.2460874,0.09507215,0.2500957,0.9635421,moving,-6.522702,17.5665,-4.732263,3.774366,-1.1298217472212695,3.935218631933921,13.90786223999494,3.606030580697016,13.810175454179339
3656,05/15/2023 18:38:51.803451,3839,True,True,True,True,Eyes,1.400961,0.1092971,-3.711859,-0.10424,0.3000662,0.9482058,0.0,0.0,0.0,0.0,0.0,0.0,0.0,-1.800289,-0.9439991,3.419494,1.4049,0.1059961,-3.720233,-0.1252205,0.05192271,0.01994904,0.9905686,345.5136,5.801577,1.569469,0.3525898,0.02762211,-0.9353698,0,0,0,1.41928,0.4215401,-2.752888,-0.08167991,0.06666861,1.012134,0.9938122,0.0265182,-0.1078621,-0.05252533,0.9678438,-0.2460073,0.09786996,0.2501506,0.9632478,moving,-6.27356,17.56033,-4.613811,3.768592,-1.1112008434677247,3.9365090881755656,13.891249180820457,3.506632866033228,13.80140907622342
3657,05/15/2023 18:38:51.813560,3840,True,True,True,True,Eyes,1.401206,0.1092621,-3.711874,-0.1000728,0.3000751,0.9486519,0.0,0.0,0.0,0.0,0.0,0.0,0.0,-1.811985,-0.9368435,3.415357,1.405215,0.1057348,-3.720191,-0.1243608,0.05355883,0.01992231,0.9905903,345.6104,5.994372,1.546908,0.3526288,0.0276137,-0.9353554,0,0,0,1.423247,0.4215798,-2.752904,-0.08125898,0.06861624,1.012134,0.9934691,0.02614847,-0.1110648,-0.0527909,0.968275,-0.2442471,0.1011546,0.2485152,0.9633318,moving,-6.021833,17.55307,-4.590134,3.878354,-1.0923090907877642,3.9376654508170112,13.74945888779835,3.498327735319206,13.668388224566145
3658,05/15/2023 18:38:51.833132,3841,True,True,True,True,Eyes,1.401453,0.1092195,-3.71189,-0.09594162,0.3000644,0.949082,0.0,0.0,0.0,0.0,0.0,0.0,0.0,-1.822873,-0.9311929,3.411273,1.405437,0.1058674,-3.720257,-0.123672,0.05508184,0.01995138,0.9905925,345.6872,6.172956,1.531869,0.3526693,0.02760519,-0.9353404,0,0,0,1.427606,0.4216233,-2.752922,-0.08014035,0.06978026,1.012244,0.9931359,0.02590319,-0.1140622,-0.05315152,0.9686143,-0.2428192,0.1041925,0.247215,0.9633425,moving,-5.772356,17.54501,-4.526723,3.943516,-1.073520742941218,3.938687151190595,13.658412814186175,3.453205633311849,13.585184768009343
3659,05/15/2023 18:38:51.853213,3842,True,True,True,True,Eyes,1.401699,0.1091689,-3.711901,-0.09174079,0.3000029,0.9495167,0.0,0.0,0.0,0.0,0.0,0.0,0.0,-1.834244,-0.9282417,3.40625,1.405887,0.1056452,-3.720342,-0.123373,0.05665445,0.01987972,0.9905424,345.7198,6.358796,1.502132,0.352711,0.02759638,-0.935325,0,0,0,1.432242,0.4216697,-2.752942,-0.0791308,0.07048257,1.012522,0.9927901,0.02540414,-0.1171425,-0.05336266,0.9687678,-0.2421599,0.107332,0.246665,0.9631387,moving,-5.518697,17.5341,-4.468708,3.981988,-1.0542119835971762,3.939335718600028,13.59272660508792,3.414762402150313,13.527053386717306
3660,05/15/2023 18:38:51.868224,3843,True,True,True,True,Eyes,1.401958,0.1091165,-3.711911,-0.08758227,0.2999071,0.9499395,0.0,0.0,0.0,0.0,0.0,0.0,0.0,-1.845169,-0.9205837,3.402285,1.405972,0.1054201,-3.720187,-0.122276,0.05827358,0.01950471,0.9905919,345.8463,6.554364,1.441435,0.3527539,0.02758711,-0.9353091,0,0,0,1.436797,0.4217152,-2.752961,-0.0779739,0.07285357,1.012488,0.9924476,0.02439149,-0.1202207,-0.05289332,0.9693363,-0.2399779,0.1106808,0.2445244,0.9633056,moving,-5.267649,17.52152,-4.40378,4.115623,-1.034967092633612,3.939721408067727,13.433701798974473,3.3734021069067186,13.375321611662466
3661,05/15/2023 18:38:51.883290,3844,True,True,True,True,Eyes,1.402238,0.1090722,-3.711924,-0.08337132,0.2998067,0.95035,0.0,0.0,0.0,0.0,0.0,0.0,0.0,-1.85666,-0.9162239,3.397319,1.406275,0.1053324,-3.720179,-0.1217884,0.0598838,0.01948997,0.9905563,345.9002,6.743628,1.419465,0.3527982,0.02757738,-0.9352926,0,0,0,1.442481,0.4217721,-2.752984,-0.07581359,0.07378294,1.012777,0.9920682,0.02402551,-0.1233838,-0.05319811,0.9695755,-0.2389423,0.1138892,0.2436109,0.963163,moving,-5.01355,17.50891,-4.281013,4.166757,-1.0154976173547614,3.9401294493671095,13.362247458110405,3.2733699395269307,13.310188652898834
3662,05/15/2023 18:38:51.893192,3845,True,True,True,True,Eyes,1.402522,0.1090338,-3.711936,-0.07918983,0.2997096,0.9507383,0.0,0.0,0.0,0.0,0.0,0.0,0.0,-1.868535,-0.9115517,3.392137,1.406487,0.1054802,-3.720161,-0.1211852,0.06157807,0.01937958,0.9905285,345.9681,6.944057,1.38607,0.3528441,0.02756743,-0.9352756,0,0,0,1.445884,0.4218061,-2.752999,-0.07603505,0.07481386,1.012739,0.9916651,0.02346735,-0.1266866,-0.05331673,0.9698772,-0.237688,0.1172926,0.2424615,0.9630446,moving,-4.761346,17.49688,-4.293633,4.224925,-0.9962101170362782,3.940604303084805,13.280193709897235,3.3096579774634,13.2349854762764
3663,05/15/2023 18:38:51.913412,3846,True,True,True,True,Eyes,1.402831,0.1090061,-3.711955,-0.07495341,0.2996991,0.9510849,0.0,0.0,0.0,0.0,0.0,0.0,0.0,-1.881284,-0.9101101,3.38561,1.406865,0.1055794,-3.720144,-0.1211492,0.06334233,0.01947392,0.9904199,345.9691,7.149912,1.371863,0.3528916,0.02755743,-0.935258,0,0,0,1.450243,0.4218496,-2.753017,-0.07556665,0.07470438,1.012894,0.991217,0.02322696,-0.1301895,-0.05392246,0.9698873,-0.2375101,0.1207526,0.2424442,0.9626213,moving,-4.506071,17.49031,-4.266629,4.218121,-0.977112054822868,3.9418908596152713,13.274348696756652,3.301094488660459,13.235136568248436
3664,05/15/2023 18:38:51.933822,3847,True,True,True,True,Eyes,1.403147,0.1089719,-3.711964,-0.07069715,0.2997374,0.9513987,0.0,0.0,0.0,0.0,0.0,0.0,0.0,-1.896274,-0.9110059,3.377302,1.407238,0.1057892,-3.720275,-0.121545,0.06539586,0.01977416,0.9902319,345.9185,7.387007,1.37441,0.3529409,0.02754765,-0.9352396,0,0,0,1.454761,0.4218948,-2.753035,-0.07548732,0.07357416,1.013224,0.9906647,0.02326491,-0.1343211,-0.05505908,0.9696715,-0.2381292,0.1247073,0.2433017,0.9619004,moving,-4.249761,17.48699,-4.260782,4.153179,-0.958184534329136,3.943653642352099,13.333815554677587,3.3092372075378784,13.300092164122942
3665,05/15/2023 18:38:51.953777,3848,True,True,True,True,Eyes,1.40345,0.1089334,-3.71197,-0.06632823,0.2998055,0.9516918,0.0,0.0,0.0,0.0,0.0,0.0,0.0,-1.913736,-0.9129369,3.366801,1.407692,0.1055889,-3.720005,-0.1221132,0.06783092,0.0199075,0.9899956,345.8487,7.671529,1.350341,0.3529923,0.0275379,-0.9352205,0,0,0,1.459278,0.42194,-2.753054,-0.0762687,0.07259695,1.013236,0.9900053,0.02285057,-0.1391667,-0.05598278,0.9693841,-0.2390824,0.1294428,0.2444837,0.9609746,moving,-3.986787,17.48566,-4.304673,4.09816,-0.9389220372631104,3.945760723638542,13.391273567476544,3.3691994720704495,13.362913950704215
3666,05/15/2023 18:38:51.963436,3849,True,True,True,True,Eyes,1.403757,0.1088792,-3.711975,-0.06195932,0.2998609,0.9519688,0.0,0.0,0.0,0.0,0.0,0.0,0.0,-1.929345,-0.9097517,3.35878,1.407892,0.1054516,-3.719965,-0.1217618,0.07009366,0.01970357,0.9898853,345.8877,7.94024,1.296245,0.3530452,0.02752808,-0.9352009,0,0,0,1.46372,0.4219844,-2.753073,-0.07663447,0.07336147,1.013379,0.9893973,0.02193909,-0.1435677,-0.056078,0.9695717,-0.2382983,0.1339711,0.2438226,0.9605218,moving,-3.723869,17.48392,-4.32463,4.140585,-0.9196325921473142,3.947808378856559,13.35685227519366,3.410450142304237,13.3334109068225
3667,05/15/2023 18:38:51.985817,3850,True,True,True,True,Eyes,1.404081,0.1088354,-3.711981,-0.05755731,0.2998915,0.9522354,0.0,0.0,0.0,0.0,0.0,0.0,0.0,-1.945914,-0.9052951,3.350534,1.408251,0.1050224,-3.719949,-0.1215932,0.0723798,0.02017386,0.989732,345.9003,8.2021,1.31937,0.3530995,0.0275178,-0.9351807,0,0,0,1.468624,0.4220334,-2.753093,-0.0764966,0.07401729,1.013716,0.9887084,0.02233163,-0.1481792,-0.05753519,0.9696162,-0.237769,0.1383671,0.2436097,0.9599525,moving,-3.459002,17.481,-4.315452,4.176088,-0.9001118296895222,3.949703444826228,13.332448759708175,3.422834855168684,13.313270983890082
3668,05/15/2023 18:38:52.003182,3851,True,True,True,True,Eyes,1.404401,0.1087905,-3.711987,-0.05315839,0.2999176,0.9524829,0.0,0.0,0.0,0.0,0.0,0.0,0.0,-1.961781,-0.9000654,3.342764,1.408558,0.1052332,-3.719901,-0.1208458,0.07469591,0.01984398,0.9896581,345.9861,8.478537,1.253456,0.3531555,0.02750736,-0.9351598,0,0,0,1.473071,0.4220778,-2.753112,-0.07710782,0.07526019,1.013719,0.9880534,0.02122413,-0.1526429,-0.05733089,0.970005,-0.2362276,0.1430507,0.2421566,0.9596336,moving,-3.194383,17.47816,-4.349788,4.245946,-0.8806151923304523,3.951607843230597,13.28256180319975,3.4816368162122,13.267272918112466
3669,05/15/2023 18:38:52.013750,3852,True,True,True,True,Eyes,1.404715,0.1087392,-3.711994,-0.04869188,0.2999692,0.9527054,0.0,0.0,0.0,0.0,0.0,0.0,0.0,-1.976904,-0.898176,3.334401,1.408744,0.1051636,-3.719876,-0.1207552,0.07687449,0.01983446,0.9895025,345.9939,8.734706,1.221659,0.3532129,0.02749675,-0.9351384,0,0,0,1.477629,0.4221234,-2.753131,-0.07713377,0.07540329,1.013987,0.9873939,0.02068651,-0.1569254,-0.05781849,0.9700496,-0.2359257,0.1473449,0.2420247,0.959017,moving,-2.925788,17.47715,-4.350099,4.252868,-0.8609673333037399,3.953810048689383,13.30076299466482,3.501924534564491,13.288559540713798
3670,05/15/2023 18:38:52.033317,3853,True,True,True,True,Eyes,1.405034,0.108671,-3.711992,-0.04422699,0.2999335,0.9529344,0.0,0.0,0.0,0.0,0.0,0.0,0.0,-1.990603,-0.8955747,3.327054,1.408909,0.1049595,-3.71992,-0.1205412,0.07886001,0.01977845,0.9893734,346.0166,8.96874,1.188364,0.3532714,0.02748584,-0.9351166,0,0,0,1.482164,0.4221688,-2.75315,-0.07679707,0.07590403,1.014384,0.9867799,0.02012479,-0.1608122,-0.05814828,0.9701573,-0.2354011,0.1512757,0.24164,0.9585018,moving,-2.657269,17.47125,-4.329496,4.279338,-0.8409549399701438,3.9553086625180782,13.297476653684075,3.5035572978136384,13.287812499175557
3671,05/15/2023 18:38:52.043488,3854,True,True,True,True,Eyes,1.405327,0.1086061,-3.711994,-0.0397339,0.2998509,0.9531583,0.0,0.0,0.0,0.0,0.0,0.0,0.0,-2.007033,-0.8840293,3.320163,1.409339,0.1045008,-3.71968,-0.1193907,0.08114696,0.02028175,0.9893178,346.1417,9.229304,1.22485,0.3533311,0.02747422,-0.9350944,0,0,0,1.486693,0.422214,-2.753168,-0.07699716,0.07865378,1.014374,0.9860077,0.0207538,-0.165403,-0.05950654,0.970669,-0.2329391,0.1557172,0.2395223,0.9583221,moving,-2.387082,17.46288,-4.340775,4.4338,-0.8206340782324809,3.956466796451196,13.174742577547729,3.5523568368496488,13.167310863510767
3672,05/15/2023 18:38:52.063480,3855,True,True,True,True,Eyes,1.405626,0.1085333,-3.711987,-0.03522976,0.2996889,0.9533863,0.0,0.0,0.0,0.0,0.0,0.0,0.0,-2.022022,-0.874321,3.31396,1.409556,0.1045351,-3.719887,-0.1182431,0.08329409,0.02044995,0.9892737,346.2694,9.478126,1.224739,0.3533914,0.02746205,-0.9350719,0,0,0,1.490951,0.4222566,-2.753186,-0.07719454,0.08080815,1.01469,0.9852877,0.02076329,-0.1696376,-0.0601591,0.9712008,-0.2305429,0.1599653,0.2373563,0.9581614,moving,-2.116245,17.4501,-4.350511,4.553328,-0.7999321076244778,3.956996682655612,13.08887590967001,3.6003085299774353,13.082936026751469
3673,05/15/2023 18:38:52.083138,3856,True,True,True,True,Eyes,1.405922,0.1084487,-3.711987,-0.03073443,0.299418,0.9536269,0.0,0.0,0.0,0.0,0.0,0.0,0.0,-2.038599,-0.8645558,3.306262,1.409965,0.1042929,-3.719655,-0.1171137,0.08567736,0.02052385,0.9892031,346.3957,9.755934,1.210712,0.3534522,0.02744921,-0.9350493,0,0,0,1.49544,0.4223015,-2.753205,-0.07778347,0.08330487,1.014629,0.9844763,0.02053652,-0.174312,-0.06067251,0.9717264,-0.2281817,0.1646974,0.2352154,0.9578876,moving,-1.845946,17.43115,-4.383833,4.693672,-0.7788023971734644,3.956634942209323,12.987848791283835,3.67960178169766,12.98270938948253
3674,05/15/2023 18:38:52.094746,3857,True,True,True,True,Eyes,1.406217,0.1083616,-3.711984,-0.02623676,0.2990103,0.9538891,0.0,0.0,0.0,0.0,0.0,0.0,0.0,-2.055479,-0.8472342,3.300529,1.410187,0.1039543,-3.719793,-0.1149528,0.0881246,0.02069572,0.989238,346.6394,10.03863,1.218261,0.3535135,0.02743544,-0.9350265,0,0,0,1.500039,0.4223474,-2.753224,-0.07815635,0.08790437,1.014825,0.9836115,0.02068564,-0.1791104,-0.06120629,0.9727151,-0.2237837,0.1695943,0.2310789,0.9580398,moving,-1.575526,17.40435,-4.40392,4.950618,-0.7570697868946613,3.9551458379155537,12.770875198946234,3.7802752945138187,12.765955569812165
3675,05/15/2023 18:38:52.118389,3858,True,True,True,True,Eyes,1.4065,0.1082881,-3.711992,-0.02175231,0.2985696,0.9541399,0.0,0.0,0.0,0.0,0.0,0.0,0.0,-2.070385,-0.832666,3.29497,1.41044,0.1038389,-3.719748,-0.1129835,0.09032664,0.02055284,0.9892693,346.8645,10.2968,1.191718,0.3535753,0.02742079,-0.9350036,0,0,0,1.504665,0.4223937,-2.753243,-0.07815707,0.09193272,1.014854,0.9828374,0.02025374,-0.183359,-0.06107539,0.9736246,-0.2198293,0.1740704,0.2272551,0.9581516,moving,-1.305993,17.37595,-4.403834,5.176134,-0.7352807216991847,3.953418984965145,12.586982533361082,3.866951662967012,12.581501385746254
3676,05/15/2023 18:38:52.133115,3859,True,True,True,True,Eyes,1.406783,0.1082345,-3.712003,-0.01730566,0.2981885,0.9543501,0.0,0.0,0.0,0.0,0.0,0.0,0.0,-2.084619,-0.8161234,3.290517,1.410544,0.1041203,-3.720043,-0.1107339,0.09242508,0.02057175,0.9893293,347.1201,10.54013,1.189406,0.353637,0.02740569,-0.9349807,0,0,0,1.509108,0.4224381,-2.753262,-0.07796937,0.09606214,1.015086,0.9820689,0.02023531,-0.1874336,-0.0611736,0.9746296,-0.2153018,0.1783216,0.2229072,0.9583913,moving,-1.038856,17.35151,-4.3923,5.406057,-0.7139659335610978,3.952240433971734,12.407233133795181,3.9552147997274645,12.400465045534927
3677,05/15/2023 18:38:52.143577,3860,True,True,True,True,Eyes,1.40705,0.1081672,-3.712008,-0.01288694,0.2980322,0.9544688,0.0,0.0,0.0,0.0,0.0,0.0,0.0,-2.097713,-0.818192,3.281877,1.410823,0.1045351,-3.720109,-0.1112605,0.09428063,0.02085606,0.9890891,347.0544,10.75477,1.192205,0.3536987,0.02739066,-0.9349577,0,0,0,1.513802,0.422485,-2.753281,-0.07729793,0.09440271,1.015661,0.9813524,0.02027759,-0.1911446,-0.06223641,0.9743723,-0.2161605,0.1818629,0.2240258,0.9574645,moving,-0.7735428,17.34094,-4.352166,5.310219,-0.6938337111509333,3.9530397277732288,12.5516848186775,3.9019649809548063,12.54317843585187
3678,05/15/2023 18:38:52.168122,3861,True,True,True,True,Eyes,1.407322,0.1081171,-3.712016,-0.00846721,0.2978517,0.9545746,0.0,0.0,0.0,0.0,0.0,0.0,0.0,-2.110567,-0.8211975,3.272919,1.41112,0.1041193,-3.720048,-0.1120704,0.09609824,0.02119636,0.9888156,346.9555,10.96469,1.198649,0.3537601,0.02737539,-0.934935,0,0,0,1.518222,0.4225292,-2.753299,-0.07680309,0.09300289,1.016321,0.9806317,0.02037904,-0.1947978,-0.06345809,0.9739819,-0.2175601,0.1852958,0.2257078,0.9564108,moving,-0.5082082,17.32926,-4.321612,5.228539,-0.6736159253097921,3.9536796483869887,12.687375507239292,3.8643423408583137,12.676664358221215
3679,05/15/2023 18:38:52.185256,3862,True,True,True,True,Eyes,1.407598,0.1080495,-3.712012,-0.004091525,0.2978985,0.9545888,0.0,0.0,0.0,0.0,0.0,0.0,0.0,-2.125347,-0.8182482,3.264331,1.411508,0.1044865,-3.720109,-0.1116298,0.09828043,0.02092458,0.9886566,347.0065,11.22389,1.142727,0.3538213,0.0273603,-0.9349123,0,0,0,1.522929,0.4225762,-2.753319,-0.07704049,0.09340752,1.01667,0.9798063,0.0194324,-0.1990028,-0.06331649,0.9742019,-0.2166141,0.1896595,0.22484,0.9557594,moving,-0.2455777,17.33158,-4.333436,5.249367,-0.6546546873875335,3.956308407630027,12.75501691328741,3.8994143751759083,12.741299315144788
3680,05/15/2023 18:38:52.193432,3863,True,True,True,True,Eyes,1.407879,0.1079589,-3.712002,0.00030092,0.2978038,0.954627,0.0,0.0,0.0,0.0,0.0,0.0,0.0,-2.140316,-0.8248076,3.252616,1.411784,0.1039639,-3.719788,-0.1128245,0.100481,0.02090268,0.9883003,346.8672,11.48442,1.096909,0.3538825,0.02734496,-0.9348896,0,0,0,1.527425,0.4226212,-2.753338,-0.07736057,0.09139875,1.017155,0.9789333,0.01864282,-0.2033273,-0.06398965,0.9736674,-0.2188083,0.193894,0.2272096,0.9543484,moving,0.01806092,17.32574,-4.349305,5.134651,-0.6350024482144033,3.957772994165522,12.949769730968132,3.896291222023571,12.93270643723327
3681,05/15/2023 18:38:52.213061,3864,True,True,True,True,Eyes,1.408163,0.1078778,-3.71201,0.004682136,0.2976934,0.95465,0.0,0.0,0.0,0.0,0.0,0.0,0.0,-2.155612,-0.811028,3.245928,1.412131,0.1033573,-3.719634,-0.1109591,0.102781,0.02060546,0.9882813,347.0822,11.75555,1.0534,0.3539439,0.02732881,-0.9348668,0,0,0,1.532013,0.4226671,-2.753357,-0.07775083,0.09573188,1.017258,0.9780229,0.017919,-0.2077257,-0.06353696,0.974527,-0.2150819,0.1985803,0.2235533,0.9542483,moving,0.2810082,17.31931,-4.370719,5.376143,-0.6153559333411532,3.9591467274379246,12.817090306817258,4.013804952769896,12.795425250381605
3682,05/15/2023 18:38:52.233386,3865,True,True,True,True,Eyes,1.408446,0.1077938,-3.712013,0.00908978,0.2975455,0.9546643,0.0,0.0,0.0,0.0,0.0,0.0,0.0,-2.173369,-0.7969998,3.238142,1.412372,0.1035156,-3.720053,-0.1091966,0.1053872,0.02078008,0.9881994,347.2794,12.05647,1.060499,0.3540053,0.02731216,-0.934844,0,0,0,1.536433,0.4227113,-2.753375,-0.07877249,0.09896673,1.017714,0.9769235,0.01805388,-0.2128254,-0.06408557,0.9752886,-0.211436,0.2037489,0.2201958,0.9539393,moving,0.5455219,17.31098,-4.425948,5.554214,-0.5954514890250427,3.960261029380307,12.764680166199309,4.148902215422613,12.737458780028543
3683,05/15/2023 18:38:52.253076,3866,True,True,True,True,Eyes,1.408706,0.1077372,-3.712034,0.0135099,0.2974452,0.9546434,0.0,0.0,0.0,0.0,0.0,0.0,0.0,-2.190793,-0.7903526,3.227996,1.412642,0.1034117,-3.719938,-0.108572,0.1079509,0.02099746,0.9879869,347.3456,12.35366,1.059969,0.3540668,0.02729499,-0.9348212,0,0,0,1.541212,0.422759,-2.753395,-0.07935429,0.1002131,1.018026,0.9758115,0.01804954,-0.2178677,-0.0649313,0.9755424,-0.210002,0.2087487,0.2190688,0.9531174,moving,0.8107833,17.30585,-4.457144,5.622003,-0.5757347368401052,3.9618418592684863,12.816526001904506,4.221548635434442,12.783614876756257
3684,05/15/2023 18:38:52.263387,3867,True,True,True,True,Eyes,1.408971,0.1076905,-3.712047,0.01791692,0.29748,0.9545599,0.0,0.0,0.0,0.0,0.0,0.0,0.0,-2.20598,-0.7803029,3.220749,1.412797,0.103816,-3.720441,-0.1073124,0.1101904,0.02116533,0.9878737,347.4855,12.61235,1.066331,0.3541278,0.02727804,-0.9347986,0,0,0,1.545816,0.422805,-2.753414,-0.07945681,0.1021274,1.018746,0.9748203,0.01816775,-0.222251,-0.06546692,0.9760722,-0.2073576,0.2131657,0.2166865,0.9526842,moving,1.075305,17.30918,-4.459738,5.72467,-0.5567121310455788,3.964632332107679,12.83890855765976,4.281511827161903,12.79988483268941
3685,05/15/2023 18:38:52.283297,3868,True,True,True,True,Eyes,1.409237,0.1076233,-3.712067,0.02215674,0.2976326,0.9544233,0.0,0.0,0.0,0.0,0.0,0.0,0.0,-2.220732,-0.7910727,3.207932,1.413131,0.104146,-3.72028,-0.1091403,0.1123329,0.02142555,0.9874264,347.2704,12.86392,1.045166,0.3541884,0.02726153,-0.9347761,0,0,0,1.55035,0.4228504,-2.753433,-0.07970691,0.09791276,1.019438,0.9738446,0.01779222,-0.2265176,-0.06683236,0.9752587,-0.2107223,0.217164,0.2203495,0.9509395,moving,1.329871,17.31985,-4.470695,5.48619,-0.538970443103378,3.968390906805766,13.178849529300955,4.2145191989840525,13.134986885516046
3686,05/15/2023 18:38:52.303077,3869,True,True,True,True,Eyes,1.409501,0.1075715,-3.712086,0.02635825,0.2977711,0.9542733,0.0,0.0,0.0,0.0,0.0,0.0,0.0,-2.23267,-0.7917116,3.199656,1.413237,0.1035595,-3.720413,-0.1092521,0.1141788,0.02103217,0.9872106,347.2609,13.08609,0.9738567,0.3542486,0.02724491,-0.9347538,0,0,0,1.55492,0.4228961,-2.753452,-0.07927328,0.09807421,1.020372,0.9730417,0.01657782,-0.2300325,-0.06647488,0.9752433,-0.2109068,0.2208413,0.2205124,0.9500543,moving,1.58218,17.32999,-4.44242,5.490185,-0.5213531034858393,3.97205357000317,13.284456616588612,4.204698401274866,13.234780877959844
3687,05/15/2023 18:38:52.318740,3870,True,True,True,True,Eyes,1.409745,0.1075128,-3.712105,0.03038901,0.2981064,0.9540488,0.0,0.0,0.0,0.0,0.0,0.0,0.0,-2.243014,-0.7916995,3.19251,1.413455,0.1038818,-3.7204,-0.1091391,0.1157697,0.02066526,0.9870456,347.2771,13.27754,0.9119524,0.3543085,0.02722858,-0.9347316,0,0,0,1.559427,0.4229411,-2.753471,-0.07845461,0.09784321,1.020945,0.9723407,0.01552511,-0.2330508,-0.06606511,0.9753233,-0.2106657,0.2240292,0.2202353,0.9493721,moving,1.824407,17.35217,-4.394263,5.474275,-0.505381577723725,3.9773588465764327,13.407320619718357,4.1670321197353335,13.352065078872796
3688,05/15/2023 18:38:52.333005,3871,True,True,True,True,Eyes,1.409989,0.1074424,-3.712121,0.03437144,0.2983694,0.9538314,0.0,0.0,0.0,0.0,0.0,0.0,0.0,-2.252269,-0.799513,3.184193,1.413603,0.1036263,-3.720485,-0.1103626,0.1171649,0.02055551,0.9867472,347.1372,13.4456,0.8642497,0.3543676,0.02721233,-0.9347097,0,0,0,1.563828,0.4229851,-2.753489,-0.0773108,0.09537681,1.022039,0.9716997,0.01470493,-0.2357615,-0.06642742,0.9747951,-0.2129831,0.2266872,0.2226167,0.9481849,moving,2.063768,17.37029,-4.325826,5.331409,-0.489311627459485,3.9820554590541777,13.629437523867116,4.0668903979788995,13.569388504797455
3689,05/15/2023 18:38:52.343388,3872,True,True,True,True,Eyes,1.410231,0.1073812,-3.712145,0.03824017,0.2986551,0.9535947,0.0,0.0,0.0,0.0,0.0,0.0,0.0,-2.260718,-0.794686,3.179447,1.41381,0.1032896,-3.720448,-0.1095975,0.118486,0.0201447,0.9866832,347.2293,13.60455,0.8096686,0.354426,0.02719586,-0.934688,0,0,0,1.568388,0.4230307,-2.753508,-0.07583654,0.09713123,1.022699,0.9711106,0.01378135,-0.2382317,-0.0657244,0.9751651,-0.2115023,0.2294004,0.2210498,0.9478989,moving,2.296392,17.38997,-4.24091,5.425413,-0.4738506347419021,3.986917440184564,13.634036146550773,4.032369742097997,13.567936441541086
3690,05/15/2023 18:38:52.368443,3873,True,True,True,True,Eyes,1.410478,0.1073198,-3.712166,0.0420568,0.2989178,0.9533517,0.0,0.0,0.0,0.0,0.0,0.0,0.0,-2.268958,-0.7919082,3.174515,1.41389,0.1034317,-3.720626,-0.1092053,0.1197456,0.02002562,0.986577,347.2748,13.75332,0.784767,0.3544837,0.02717943,-0.9346665,0,0,0,1.572843,0.4230752,-2.753527,-0.07419372,0.0975746,1.023569,0.97052,0.01335994,-0.2406501,-0.06566731,0.9753464,-0.2106829,0.2319025,0.2202748,0.9474704,moving,2.525947,17.40851,-4.145852,5.445426,-0.4585269930638617,3.991588727082113,13.69774728513623,3.9635853116719852,13.625995210967305
3691,05/15/2023 18:38:52.383285,3874,True,True,True,True,Eyes,1.410719,0.1072558,-3.712194,0.04579345,0.2991976,0.9530917,0.0,0.0,0.0,0.0,0.0,0.0,0.0,-2.278093,-0.7894276,3.168658,1.414252,0.1033697,-3.720551,-0.1090447,0.1210747,0.02017255,0.9864296,347.2901,13.9074,0.7866326,0.3545409,0.02716302,-0.9346452,0,0,0,1.577415,0.4231209,-2.753546,-0.07270718,0.09777602,1.024264,0.969868,0.01339249,-0.2432628,-0.06620269,0.9754046,-0.210245,0.2344639,0.2200146,0.9469003,moving,2.75079,17.42828,-4.060319,5.45292,-0.4436397812443761,3.9963956433363546,13.776808517921742,3.8989526507683108,13.699275246301562
3692,05/15/2023 18:38:52.402892,3875,True,True,True,True,Eyes,1.41096,0.1072056,-3.712224,0.04947376,0.2994445,0.9528302,0.0,0.0,0.0,0.0,0.0,0.0,0.0,-2.286753,-0.7858189,3.16356,1.414302,0.1032324,-3.720746,-0.1086798,0.12238,0.02024935,0.9863073,347.3298,14.05911,0.7836436,0.3545976,0.02714656,-0.9346243,0,0,0,1.581975,0.4231665,-2.753565,-0.070961,0.09840284,1.025276,0.9692262,0.01334368,-0.2458101,-0.0665446,0.9755574,-0.209427,0.2370073,0.2193395,0.9464236,moving,2.972297,17.44629,-3.959218,5.482278,-0.4288624544570257,4.0009204081836005,13.826911561566055,3.8285546349475164,13.743517988862306
3693,05/15/2023 18:38:52.413094,3876,True,True,True,True,Eyes,1.41118,0.107149,-3.71225,0.05311776,0.2997795,0.9525286,0.0,0.0,0.0,0.0,0.0,0.0,0.0,-2.294169,-0.7843109,3.158729,1.41452,0.1035156,-3.720798,-0.1083997,0.1235136,0.02004421,0.9862009,347.3638,14.19438,0.7491196,0.3546536,0.02713042,-0.9346035,0,0,0,1.586391,0.4232107,-2.753583,-0.06926614,0.0985182,1.026033,0.9686853,0.01275756,-0.2479641,-0.06631291,0.9756955,-0.2088563,0.239273,0.2187592,0.9459878,moving,3.191794,17.46981,-3.862102,5.484641,-0.4146485815031967,4.006219657748883,13.906894863245965,3.751088473753837,13.817631760869011
3694,05/15/2023 18:38:52.433482,3877,True,True,True,True,Eyes,1.411408,0.1071036,-3.712277,0.05672239,0.3000447,0.9522372,0.0,0.0,0.0,0.0,0.0,0.0,0.0,-2.302361,-0.7863823,3.152391,1.414699,0.1032829,-3.720858,-0.1089949,0.1247029,0.02034597,0.9859794,347.2905,14.33193,0.7599018,0.3547086,0.02711439,-0.934583,0,0,0,1.591049,0.4232572,-2.753603,-0.06728762,0.09725019,1.027172,0.9680705,0.01293745,-0.2503444,-0.06730539,0.9754123,-0.209859,0.2414739,0.2200079,0.9451386,moving,3.408938,17.48935,-3.747958,5.408507,-0.4003049581777816,4.010926226426663,14.04164975868096,3.627673208419331,13.947257157832333
3695,05/15/2023 18:38:52.443534,3878,True,True,True,True,Eyes,1.411644,0.1070671,-3.712308,0.06030659,0.3003939,0.9519069,0.0,0.0,0.0,0.0,0.0,0.0,0.0,-2.311101,-0.7812123,3.147522,1.415116,0.1035156,-3.720901,-0.1082531,0.1260043,0.02023178,0.9858981,347.376,14.48467,0.7405507,0.354763,0.02709875,-0.9345629,0,0,0,1.595583,0.4233025,-2.753622,-0.06593996,0.09837081,1.027832,0.9674273,0.01261224,-0.252835,-0.06717362,0.9757439,-0.2083544,0.2440744,0.2185516,0.9448084,moving,3.625041,17.51417,-3.670747,5.46696,-0.3864367753505108,4.016382686389366,14.084168109087734,3.590385521709197,13.982910155801893
3696,05/15/2023 18:38:52.463559,3879,True,True,True,True,Eyes,1.411887,0.1070216,-3.712335,0.0638627,0.3007344,0.9515674,0.0,0.0,0.0,0.0,0.0,0.0,0.0,-2.32056,-0.7865565,3.13936,1.415301,0.1036673,-3.720945,-0.109051,0.1274527,0.0200887,0.9856269,347.2858,14.65898,0.6932336,0.3548168,0.02708368,-0.9345428,0,0,0,1.600019,0.4233469,-2.75364,-0.06492466,0.09638382,1.028829,0.9667046,0.01180225,-0.2556231,-0.06739761,0.9754087,-0.2098464,0.2468603,0.2200878,0.9437275,moving,3.839544,17.53868,-3.610884,5.35202,-0.3726617173971184,4.021780601261617,14.283681575097647,3.500802823567999,14.176601964778095
3697,05/15/2023 18:38:52.483226,3880,True,True,True,True,Eyes,1.412151,0.1069827,-3.712372,0.06751603,0.3010353,0.9512199,0.0,0.0,0.0,0.0,0.0,0.0,0.0,-2.329425,-0.7877277,3.132573,1.415697,0.103404,-3.720869,-0.1091183,0.1288333,0.01961754,0.9854493,347.2841,14.82767,0.6195653,0.3548704,0.0270689,-0.9345229,0,0,0,1.604563,0.4233923,-2.753659,-0.06390578,0.09638888,1.029653,0.9660344,0.01054804,-0.2581985,-0.06678031,0.9754167,-0.2100064,0.2496361,0.2201159,0.9429904,moving,4.059952,17.56117,-3.551528,5.348043,-0.3583035138358644,4.026939752149714,14.390799105974935,3.455719376702741,14.276597835584674
3698,05/15/2023 18:38:52.493026,3881,True,True,True,True,Eyes,1.412398,0.1069491,-3.712412,0.0711609,0.3014095,0.9508357,0.0,0.0,0.0,0.0,0.0,0.0,0.0,-2.342388,-0.7839569,3.124115,1.415907,0.1035194,-3.721015,-0.1086406,0.1308242,0.0194938,0.9852422,347.3394,15.06236,0.5864578,0.3549241,0.02705453,-0.934503,0,0,0,1.609202,0.4234387,-2.753678,-0.06373692,0.09705715,1.030519,0.96501,0.009986582,-0.2620227,-0.06683786,0.9756344,-0.2089741,0.2535515,0.2191751,0.9421645,moving,4.280059,17.58832,-3.539196,5.380403,-0.3443199087798539,4.032766137843352,14.497378598695489,3.467471463544226,14.374845255167264
3699,05/15/2023 18:38:52.518377,3882,True,True,True,True,Eyes,1.412659,0.1068869,-3.712453,0.07475267,0.301667,0.9504784,0.0,0.0,0.0,0.0,0.0,0.0,0.0,-2.35259,-0.7929218,3.1142,1.41573,0.1035976,-3.721106,-0.109745,0.1325142,0.01890007,0.9849056,347.2213,15.27212,0.4784744,0.3549775,0.02704067,-0.9344831,0,0,0,1.613722,0.4234839,-2.753697,-0.06303072,0.09453708,1.031744,0.9641656,0.00814402,-0.2651764,-0.06631508,0.9751976,-0.2111678,0.2568795,0.2211859,0.9407921,moving,4.496909,17.60863,-3.495937,5.235303,-0.330055981150657,4.037580823016612,14.730404211312228,3.384869427134285,14.60153151882983
3700,05/15/2023 18:38:52.534067,3883,True,True,True,True,Eyes,1.412927,0.1068397,-3.712496,0.07832849,0.3018781,0.9501233,0.0,0.0,0.0,0.0,0.0,0.0,0.0,-2.358978,-0.7835231,3.111737,1.41591,0.1028585,-3.721049,-0.1086589,0.1334599,0.01908936,0.9848947,347.342,15.37792,0.5049554,0.3550311,0.02702654,-0.9344632,0,0,0,1.618276,0.4235294,-2.753716,-0.06054544,0.09727206,1.032662,0.9636482,0.008598815,-0.2670363,-0.0666052,0.9756577,-0.2089397,0.2587393,0.2191304,0.9407635,moving,4.712826,17.62637,-3.355438,5.381126,-0.3156655414488268,4.042017922013579,14.664340578192801,3.3216602842998153,14.527748191357913
3701,05/15/2023 18:38:52.543004,3884,True,True,True,True,Eyes,1.413195,0.1067823,-3.712537,0.08201951,0.302021,0.9497663,0.0,0.0,0.0,0.0,0.0,0.0,0.0,-2.37037,-0.7783911,3.104695,1.416347,0.1031818,-3.721155,-0.1081555,0.1351281,0.01937385,0.984717,347.3943,15.56938,0.5240505,0.3550848,0.02701255,-0.9344432,0,0,0,1.622817,0.4235748,-2.753735,-0.05987415,0.09774315,1.033463,0.9627301,0.008925807,-0.2703167,-0.0673852,0.975854,-0.2077692,0.2619351,0.218241,0.9400856,moving,4.935679,17.64041,-3.315751,5.402865,-0.3004896900306176,4.045983770930366,14.759525895906176,3.3064977600475998,14.614454905191723
3702,05/15/2023 18:38:52.563335,3885,True,True,True,True,Eyes,1.413465,0.1067291,-3.712575,0.08575107,0.3020841,0.9494166,0.0,0.0,0.0,0.0,0.0,0.0,0.0,-2.383757,-0.7705794,3.096586,1.416749,0.1028872,-3.72118,-0.1073902,0.1371192,0.01968321,0.9845194,347.4757,15.79782,0.5462289,0.3551387,0.02699842,-0.9344231,0,0,0,1.627271,0.4236193,-2.753753,-0.05985957,0.09938087,1.034235,0.9616218,0.009306496,-0.2742205,-0.06820752,0.9761599,-0.2060576,0.2657654,0.2168534,0.9393315,moving,5.160937,17.64996,-3.312477,5.488768,-0.2847987956958405,4.049325210137611,14.822055716946284,3.352436554821773,14.667055642760067
3703,05/15/2023 18:38:52.583277,3886,True,True,True,True,Eyes,1.413762,0.1066858,-3.712631,0.08976725,0.302148,0.949025,0.0,0.0,0.0,0.0,0.0,0.0,0.0,-2.398448,-0.7636222,3.087066,1.417041,0.1029501,-3.721162,-0.1063872,0.1394199,0.01939523,0.9843109,347.5936,16.06943,0.4996562,0.3551929,0.02698428,-0.934403,0,0,0,1.63188,0.4236654,-2.753773,-0.060449,0.101263,1.034865,0.9603719,0.008516887,-0.2785919,-0.06784682,0.9766112,-0.2040279,0.2703382,0.2148442,0.9384877,moving,5.40347,17.66029,-3.342988,5.588682,-0.2679081724317836,4.05292974791416,14.907187771388271,3.4372446706197253,14.740624431003368
3704,05/15/2023 18:38:52.603413,3887,True,True,True,True,Eyes,1.414065,0.1066526,-3.712683,0.09379554,0.3022692,0.9485968,0.0,0.0,0.0,0.0,0.0,0.0,0.0,-2.411583,-0.756588,3.078936,1.417252,0.1031542,-3.721392,-0.1054526,0.1414513,0.01934122,0.9841226,347.7001,16.30656,0.482947,0.3552477,0.02697036,-0.9343826,0,0,0,1.636521,0.4237118,-2.753792,-0.06036565,0.1027625,1.0358,0.959235,0.008235441,-0.28249,-0.0679011,0.9770113,-0.202085,0.2743316,0.2130283,0.9377425,moving,5.646948,17.67442,-3.335384,5.665821,-0.2512362724738209,4.057088786707448,14.996290811431505,3.4785034913436625,14.81861864808819
3705,05/15/2023 18:38:52.613239,3888,True,True,True,True,Eyes,1.414361,0.1066309,-3.712745,0.098038,0.3024062,0.9481239,0.0,0.0,0.0,0.0,0.0,0.0,0.0,-2.426416,-0.7601762,3.066535,1.417646,0.1033535,-3.721372,-0.1061917,0.1437204,0.01943129,0.9837126,347.6133,16.57516,0.4520355,0.3553032,0.02695689,-0.9343619,0,0,0,1.641046,0.423757,-2.753811,-0.06110826,0.1008328,1.036744,0.9579338,0.00770577,-0.286886,-0.06875344,0.9766915,-0.2033388,0.2786323,0.2145095,0.9361356,moving,5.903522,17.69019,-3.373252,5.555064,-0.2337342345408936,4.061598024852101,15.274809945886464,3.4766380913977524,15.086654474497987
3706,05/15/2023 18:38:52.633239,3889,True,True,True,True,Eyes,1.414658,0.1066132,-3.712808,0.1022131,0.30264,0.9476083,0.0,0.0,0.0,0.0,0.0,0.0,0.0,-2.438941,-0.7596472,3.056968,1.417615,0.1036119,-3.721584,-0.1060881,0.1457319,0.01917711,0.9834327,347.6284,16.81507,0.3987561,0.3553592,0.0269441,-0.934341,0,0,0,1.645678,0.4238033,-2.75383,-0.06094372,0.1005715,1.037909,0.9567889,0.006797935,-0.290704,-0.06863964,0.9767551,-0.2030716,0.282566,0.2142505,0.935015,moving,6.156368,17.71205,-3.360423,5.534579,-0.2169647281333023,4.06695010702782,15.455099834472827,3.469187869581858,15.256109318503167
3707,05/15/2023 18:38:52.653370,3890,True,True,True,True,Eyes,1.414977,0.1065806,-3.712871,0.1064787,0.3029329,0.9470448,0.0,0.0,0.0,0.0,0.0,0.0,0.0,-2.449098,-0.7656131,3.047649,1.417952,0.1036978,-3.721704,-0.1073843,0.1472144,0.01970982,0.9830606,347.471,16.98767,0.4187732,0.3554156,0.02693205,-0.9343199,0,0,0,1.650315,0.4238497,-2.753849,-0.05983725,0.09744291,1.039305,0.955879,0.007134844,-0.2936744,-0.07036891,0.9761603,-0.2053275,0.2852083,0.2169337,0.9335931,moving,6.414972,17.73801,-3.295127,5.356267,-0.2000859451503388,4.072941877903153,15.735106682442607,3.350552566400024,15.527407303901064
3708,05/15/2023 18:38:52.663001,3891,True,True,True,True,Eyes,1.415298,0.1065767,-3.712936,0.110712,0.303157,0.9464875,0.0,0.0,0.0,0.0,0.0,0.0,0.0,-2.45958,-0.7699332,3.038067,1.41822,0.1032991,-3.721581,-0.1081759,0.148859,0.0196273,0.9827278,347.3815,17.18548,0.3740503,0.3554729,0.02692026,-0.9342984,0,0,0,1.65465,0.423893,-2.753867,-0.05942667,0.09601374,1.040385,0.9549115,0.006370679,-0.2968222,-0.0707825,0.9758255,-0.2067715,0.2883294,0.2184583,0.932278,moving,6.671652,17.7601,-3.269176,5.272707,-0.1830544770450332,4.078360529417673,15.961047749506704,3.3091705223874976,15.742907703285905
3709,05/15/2023 18:38:52.683089,3892,True,True,True,True,Eyes,1.415622,0.1065647,-3.71299,0.1150277,0.3036739,0.9458069,0.0,0.0,0.0,0.0,0.0,0.0,0.0,-2.470752,-0.7648633,3.030523,1.418494,0.1039658,-3.721663,-0.1074375,0.1506024,0.01956063,0.9825444,347.4662,17.38954,0.3567301,0.3555309,0.02690943,-0.9342766,0,0,0,1.659274,0.4239392,-2.753887,-0.05886027,0.0966759,1.041218,0.9538727,0.006077695,-0.30015,-0.07079902,0.9761491,-0.2052324,0.2917438,0.2170159,0.9315523,moving,6.934179,17.80047,-3.235499,5.304638,-0.1669803807573636,4.086457993238446,16.111119389909195,3.301479826609927,15.880586584793809
3710,05/15/2023 18:38:52.703209,3893,True,True,True,True,Eyes,1.415946,0.1065312,-3.713042,0.1193052,0.304035,0.9451609,0.0,0.0,0.0,0.0,0.0,0.0,0.0,-2.480901,-0.7875628,3.016188,1.418815,0.1036968,-3.721389,-0.1112949,0.1521194,0.02010137,0.9818703,347.0165,17.57587,0.3300783,0.3555898,0.02689927,-0.9342545,0,0,0,1.66372,0.4239837,-2.753905,-0.05816731,0.08860412,1.042761,0.9529113,0.00561365,-0.3031973,-0.07333408,0.9744188,-0.2124387,0.2942486,0.2246699,0.9289464,moving,7.194246,17.83171,-3.192765,4.856796,-0.1503945819987864,4.093221539152157,16.620420897844827,3.13672818675574,16.383250324896636
3711,05/15/2023 18:38:52.713608,3894,True,True,True,True,Eyes,1.416256,0.106525,-3.713093,0.1236634,0.3043194,0.9445089,0.0,0.0,0.0,0.0,0.0,0.0,0.0,-2.490335,-0.7766393,3.011385,1.419134,0.1031799,-3.721396,-0.1095707,0.1536556,0.01956498,0.9818358,347.222,17.75786,0.2788846,0.3556495,0.02688918,-0.9342321,0,0,0,1.668197,0.4240284,-2.753924,-0.05742806,0.09259905,1.043602,0.9520144,0.004746889,-0.3060166,-0.07209148,0.9752229,-0.2091483,0.2974415,0.2211734,0.9287685,moving,7.459236,17.85886,-3.149734,5.070587,-0.1331405356747667,4.099440180639041,16.6159613258887,3.169063311731815,16.364125545845983
3712,05/15/2023 18:38:52.733550,3895,True,True,True,True,Eyes,1.416564,0.1065163,-3.713141,0.1279564,0.3046843,0.9438192,0.0,0.0,0.0,0.0,0.0,0.0,0.0,-2.500418,-0.7759326,3.00336,1.41925,0.1038399,-3.721463,-0.1093244,0.1552981,0.01925005,0.981611,347.2553,17.95503,0.2253613,0.3557096,0.02687984,-0.9342095,0,0,0,1.673075,0.4240772,-2.753944,-0.05643117,0.09226181,1.044688,0.951024,0.003836387,-0.3090934,-0.07174781,0.9753552,-0.2086491,0.3006754,0.220607,0.9278615,moving,7.720688,17.89115,-3.091954,5.04699,-0.1165332809494442,4.106366766122417,16.789451245522113,3.1205609309009894,16.525767633617807
3713,05/15/2023 18:38:52.743197,3896,True,True,True,True,Eyes,1.416868,0.1064979,-3.713182,0.1322871,0.3049118,0.9431484,0.0,0.0,0.0,0.0,0.0,0.0,0.0,-2.510397,-0.7818345,2.993569,1.419492,0.103754,-3.721437,-0.1105128,0.1568328,0.01952788,0.9812284,347.1146,18.13763,0.2150359,0.3557701,0.0268711,-0.9341867,0,0,0,1.677666,0.4241231,-2.753963,-0.0554935,0.08955985,1.046037,0.9500443,0.003658569,-0.3120938,-0.07298668,0.9748112,-0.2107513,0.3034616,0.2230017,0.9263808,moving,7.984289,17.91558,-3.036762,4.893629,-0.0991745975087137,4.112182274021724,17.059741293202602,3.0397497812842538,16.785550975463398
3714,05/15/2023 18:38:52.769047,3897,True,True,True,True,Eyes,1.417167,0.106491,-3.71323,0.1365428,0.3051049,0.9424793,0.0,0.0,0.0,0.0,0.0,0.0,0.0,-2.519172,-0.7755511,2.987826,1.419756,0.1035223,-3.721342,-0.1097047,0.1582187,0.01947288,0.9810977,347.2073,18.29907,0.2053418,0.3558308,0.02686268,-0.9341637,0,0,0,1.682132,0.4241677,-2.753982,-0.05429509,0.09127526,1.046977,0.9491753,0.003494917,-0.3147286,-0.07292429,0.9751714,-0.2091002,0.3061835,0.2214241,0.9258636,moving,8.243439,17.9381,-2.968638,4.982439,-0.0819956926999738,4.117684323760291,17.13358755780149,3.0133875390286033,16.84626449660114
3715,05/15/2023 18:38:52.783344,3898,True,True,True,True,Eyes,1.417448,0.1064873,-3.713264,0.1408228,0.3052808,0.9417922,0.0,0.0,0.0,0.0,0.0,0.0,0.0,-2.52725,-0.7729261,2.98203,1.419927,0.1037979,-3.721552,-0.1093899,0.1594841,0.019492,0.9809276,347.2425,18.44728,0.1967147,0.3558917,0.02685482,-0.9341408,0,0,0,1.686406,0.4242105,-2.754,-0.05306312,0.0913848,1.048172,0.9483699,0.003348564,-0.3171491,-0.07313237,0.9753078,-0.2083899,0.3086202,0.2208245,0.9251974,moving,8.504224,17.96004,-2.898092,4.982727,-0.0646537580711132,4.123117288805825,17.274937419968413,2.960962871500484,16.97530016276251
3716,05/15/2023 18:38:52.793174,3899,True,True,True,True,Eyes,1.417727,0.1064808,-3.713299,0.1450483,0.3054437,0.9410979,0.0,0.0,0.0,0.0,0.0,0.0,0.0,-2.537362,-0.7745866,2.973038,1.420332,0.1038742,-3.721426,-0.1099335,0.161029,0.01976896,0.9806088,347.1752,18.62876,0.1978085,0.3559523,0.02684757,-0.9341179,0,0,0,1.691322,0.4242596,-2.75402,-0.05192128,0.08987289,1.049373,0.9473577,0.003366283,-0.3201593,-0.07417616,0.9750476,-0.2092367,0.3114663,0.2219702,0.9239686,moving,8.761863,17.98141,-2.832593,4.895117,-0.0474979223985905,4.128440823001438,17.483777464203353,2.8886929486632416,17.17282011804462
3717,05/15/2023 18:38:52.813538,3900,True,True,True,True,Eyes,1.418028,0.1064714,-3.713337,0.1492141,0.3054514,0.9404438,0.0,0.0,0.0,0.0,0.0,0.0,0.0,-2.546428,-0.7741682,2.965511,1.420527,0.1038027,-3.721454,-0.1098826,0.1625009,0.01955443,0.9803761,347.1848,18.80548,0.1544992,0.3560127,0.02684079,-0.934095,0,0,0,1.695617,0.4243025,-2.754038,-0.0512051,0.08985893,1.050519,0.9464222,0.002629351,-0.3229214,-0.07405338,0.9750869,-0.2090972,0.3143266,0.2218077,0.9230386,moving,9.015595,17.99353,-2.790542,4.889048,-0.029926739722877,4.132400543454418,17.638376324114784,2.862431132581503,17.31501517913443
3718,05/15/2023 18:38:52.834020,3901,True,True,True,True,Eyes,1.418327,0.1064611,-3.713377,0.1533361,0.3054671,0.9397755,0.0,0.0,0.0,0.0,0.0,0.0,0.0,-2.554707,-0.7684876,2.959944,1.420826,0.1037493,-3.721405,-0.108934,0.1638563,0.01916938,0.9802637,347.2998,18.96681,0.110596,0.3560733,0.02683436,-0.9340721,0,0,0,1.700039,0.4243467,-2.754056,-0.05017838,0.09177382,1.051458,0.9455673,0.001883039,-0.3254212,-0.07328114,0.9755319,-0.2072861,0.3170684,0.2198502,0.922569,moving,9.266863,18.00637,-2.732234,4.988272,-0.0125895878300382,4.136442228251487,17.704496726905653,2.8499262602187487,17.367630349531986
3719,05/15/2023 18:38:52.843395,3902,True,True,True,True,Eyes,1.418639,0.1064509,-3.713417,0.1574265,0.30542,0.9391142,0.0,0.0,0.0,0.0,0.0,0.0,0.0,-2.56512,-0.7674974,2.951393,1.421062,0.103714,-3.721484,-0.1090289,0.1654924,0.01932838,0.9799753,347.2858,19.15891,0.105477,0.3561342,0.02682821,-0.9340491,0,0,0,1.704769,0.424394,-2.754076,-0.04933098,0.0912922,1.052822,0.9444774,0.001795772,-0.3285716,-0.07396955,0.9754782,-0.2072938,0.3201422,0.2200886,0.92145,moving,9.51618,18.01563,-2.682686,4.955829,0.0048763347880237,4.139952244623359,17.870946641002458,2.808673384951545,17.52212737318921
3720,05/15/2023 18:38:52.863323,3903,True,True,True,True,Eyes,1.418946,0.1064358,-3.713461,0.1614881,0.3053386,0.9384508,0.0,0.0,0.0,0.0,0.0,0.0,0.0,-2.575912,-0.7645047,2.942847,1.421369,0.1037245,-3.721436,-0.1086587,0.1672293,0.01920042,0.979724,347.3302,19.36461,0.07519252,0.3561954,0.02682232,-0.9340259,0,0,0,1.709188,0.4244382,-2.754094,-0.04909179,0.09187121,1.053848,0.9433314,0.001280394,-0.3318496,-0.07396404,0.9756492,-0.2064892,0.3235044,0.2193327,0.9204554,moving,9.763805,18.02305,-2.667102,4.982272,0.0223582183026113,4.143182977520874,18.016363109349594,2.817315504780624,17.654410335367118
3721,05/15/2023 18:38:52.883178,3904,True,True,True,True,Eyes,1.419267,0.1064277,-3.713507,0.1655676,0.3051887,0.9377885,0.0,0.0,0.0,0.0,0.0,0.0,0.0,-2.586417,-0.7608305,2.934783,1.42156,0.1036034,-3.721531,-0.1081953,0.1689336,0.01907102,0.9794854,347.3852,19.56605,0.04720158,0.3562569,0.02681654,-0.9340026,0,0,0,1.713699,0.4244833,-2.754113,-0.04863507,0.09272898,1.055104,0.9421955,0.0008039403,-0.3350627,-0.07391518,0.9758601,-0.2055079,0.3268091,0.2183949,0.9195105,moving,10.01245,18.02667,-2.639184,5.022598,0.040202006664002,4.145876382554819,18.143035342828938,2.8191754410115317,17.767902225165912
3722,05/15/2023 18:38:52.903055,3905,True,True,True,True,Eyes,1.419584,0.106419,-3.713552,0.1696128,0.305026,0.9371182,0.0,0.0,0.0,0.0,0.0,0.0,0.0,-2.596074,-0.7580854,2.927072,1.421819,0.1037827,-3.72152,-0.1077316,0.1705186,0.01879748,0.9792672,347.4432,19.75513,0.004403654,0.356319,0.02681103,-0.9339791,0,0,0,1.718324,0.4245295,-2.754133,-0.04791528,0.0933507,1.05623,0.9411402,7.502525e-05,-0.3380167,-0.07355598,0.9760811,-0.2045854,0.3299164,0.2174067,0.9186347,moving,10.25913,18.02974,-2.59741,5.050738,0.0579442371379372,4.148473553068582,18.268692172336916,2.8044584605379437,17.880735673471783
3723,05/15/2023 18:38:52.913625,3906,True,True,True,True,Eyes,1.419887,0.1064072,-3.713589,0.1736879,0.3048335,0.9364341,0.0,0.0,0.0,0.0,0.0,0.0,0.0,-2.606147,-0.7560642,2.918717,1.422033,0.1037636,-3.721504,-0.1075007,0.1721628,0.01867382,0.9790072,347.4719,19.95039,359.9735,0.3563814,0.02680575,-0.9339554,0,0,0,1.722807,0.4245743,-2.754151,-0.04738629,0.09364398,1.057422,0.9400225,-0.0004516391,-0.3411123,-0.07357887,0.9761897,-0.2040581,0.3330825,0.2169178,0.9176071,moving,10.50769,18.03141,-2.56588,5.060839,0.075929406666412,4.150885906760441,18.416132726795304,2.794131631302896,18.015307176466226
3724,05/15/2023 18:38:52.934281,3907,True,True,True,True,Eyes,1.420188,0.1063968,-3.713627,0.1777261,0.3046215,0.9357452,0.0,0.0,0.0,0.0,0.0,0.0,0.0,-2.614779,-0.7550204,2.911277,1.422218,0.1036921,-3.721452,-0.1072953,0.1736062,0.01836819,0.9787805,347.5015,20.12423,359.9239,0.3564438,0.0268006,-0.9339317,0,0,0,1.727338,0.4246196,-2.75417,-0.046433,0.09398728,1.058648,0.939047,-0.001297407,-0.3437862,-0.07321108,0.9763007,-0.2036593,0.3359029,0.2164146,0.9166973,moving,10.75409,18.03208,-2.511422,5.073446,0.093832865168545,4.153135635153067,18.544541077311674,2.763028063579715,18.13119322927631
3725,05/15/2023 18:38:52.943385,3908,True,True,True,True,Eyes,1.420482,0.1063897,-3.71366,0.1818257,0.3043766,0.935037,0.0,0.0,0.0,0.0,0.0,0.0,0.0,-2.624839,-0.7518467,2.903203,1.422462,0.1037254,-3.72149,-0.1069445,0.1752324,0.01835018,0.9785295,347.5418,20.31556,359.908,0.3565064,0.02679561,-0.933908,0,0,0,1.731947,0.4246657,-2.754189,-0.04575598,0.09443635,1.059926,0.9379138,-0.001567923,-0.3468651,-0.07339267,0.9764523,-0.2028656,0.3390153,0.2157278,0.9157131,moving,11.0043,18.03129,-2.471869,5.091446,0.1121244347207587,4.15520878911742,18.682791377652777,2.74837446242705,18.25642521930873
3726,05/15/2023 18:38:52.963340,3909,True,True,True,True,Eyes,1.42077,0.1063963,-3.713697,0.1858821,0.3041285,0.93432,0.0,0.0,0.0,0.0,0.0,0.0,0.0,-2.635357,-0.7486259,2.894565,1.42269,0.1038084,-3.721455,-0.1066904,0.1769224,0.01849954,0.9782503,347.5677,20.51289,359.9086,0.3565688,0.02679084,-0.9338843,0,0,0,1.736332,0.4247095,-2.754207,-0.04533702,0.09461159,1.061089,0.9367125,-0.00155749,-0.350096,-0.07394619,0.9765499,-0.2021939,0.3422011,0.2152859,0.9146313,moving,11.25202,18.03047,-2.446581,5.09528,0.1302368385032368,4.157255869243374,18.840669035182934,2.7422398587122565,18.401361169742202
3727,05/15/2023 18:38:52.982926,3910,True,True,True,True,Eyes,1.421007,0.1064011,-3.713708,0.190036,0.3040102,0.9335224,0.0,0.0,0.0,0.0,0.0,0.0,0.0,-2.645514,-0.7456273,2.886285,1.422824,0.1041451,-3.721568,-0.1064938,0.1785465,0.01876525,0.9779715,347.5847,20.70134,359.9223,0.356631,0.02678663,-0.9338607,0,0,0,1.740884,0.424755,-2.754226,-0.04455593,0.09433165,1.062459,0.9355379,-0.001324437,-0.3532237,-0.07473198,0.9766138,-0.2015948,0.3452301,0.2149968,0.9135605,moving,11.50641,18.03832,-2.401383,5.073767,0.1481791178649458,4.1606075365954025,19.01332008410572,2.7081593746412636,18.56092112146193
3728,05/15/2023 18:38:52.993354,3911,True,True,True,True,Eyes,1.421241,0.1063931,-3.713712,0.1941177,0.3038891,0.9327217,0.0,0.0,0.0,0.0,0.0,0.0,0.0,-2.654785,-0.7524518,2.875879,1.423069,0.1040821,-3.721397,-0.1081049,0.1799755,0.01947184,0.9775189,347.3874,20.8698,359.9504,0.3566921,0.0267829,-0.9338374,0,0,0,1.745385,0.4248,-2.754245,-0.04345262,0.09053804,1.063976,0.9344594,-0.0008442748,-0.3560688,-0.07698061,0.9758684,-0.2043401,0.3476489,0.218358,0.9118445,moving,11.75655,18.04608,-2.338652,4.863815,0.1658185281928084,4.16390912368068,19.298881572542722,2.600430899349698,18.83600567263934
3729,05/15/2023 18:38:53.018394,3912,True,True,True,True,Eyes,1.421471,0.1063925,-3.713711,0.1981562,0.3037552,0.9319156,0.0,0.0,0.0,0.0,0.0,0.0,0.0,-2.662356,-0.7505676,2.869207,1.423212,0.1037693,-3.721229,-0.1080196,0.1812217,0.01952779,0.9772969,347.396,21.01661,359.9424,0.3567522,0.02677928,-0.9338145,0,0,0,1.749944,0.4248456,-2.754264,-0.0418857,0.0907594,1.065304,0.9335548,-0.0009820688,-0.3584334,-0.07731985,0.9759009,-0.2040567,0.3499959,0.2182121,0.9109812,moving,12.0042,18.05323,-2.2516,4.8696,0.1833226667852757,4.167101263122343,19.417413154612024,2.5342361509021654,18.94182878600592
3730,05/15/2023 18:38:53.034831,3913,True,True,True,True,Eyes,1.4217,0.1064011,-3.71371,0.2020887,0.303657,0.9311029,0.0,0.0,0.0,0.0,0.0,0.0,0.0,-2.668155,-0.7495263,2.864003,1.423337,0.1039572,-3.721108,-0.1078612,0.1821954,0.01942313,0.9771354,347.4162,21.13272,359.921,0.3568114,0.02677595,-0.9337921,0,0,0,1.754498,0.4248911,-2.754283,-0.03980622,0.09068381,1.066588,0.9328552,-0.001345585,-0.3602492,-0.07726169,0.9759774,-0.2037124,0.3518691,0.2178677,0.9103416,moving,12.24568,18.0625,-2.137348,4.859734,0.2002167823630591,4.170544225369853,19.52394746201546,2.437045682214186,19.036318925326704
3731,05/15/2023 18:38:53.042994,3914,True,True,True,True,Eyes,1.421944,0.1063949,-3.713701,0.2059739,0.3035732,0.9302785,0.0,0.0,0.0,0.0,0.0,0.0,0.0,-2.67326,-0.7513811,2.858897,1.423562,0.1042175,-3.721129,-0.1082688,0.1829983,0.01956958,0.9769373,347.3669,21.22824,359.9184,0.3568696,0.02677312,-0.9337699,0,0,0,1.759209,0.4249382,-2.754303,-0.03732708,0.08922067,1.068139,0.9322574,-0.001389532,-0.3617934,-0.07786251,0.9757898,-0.2043813,0.3533182,0.2187061,0.909579,moving,12.48451,18.0728,-2.001437,4.774777,0.2168398534915382,4.174112088272482,19.664182571247096,2.2981624257038376,19.165594731803697
3732,05/15/2023 18:38:53.062967,3915,True,True,True,True,Eyes,1.422187,0.1063922,-3.713701,0.209816,0.3033928,0.9294783,0.0,0.0,0.0,0.0,0.0,0.0,0.0,-2.679062,-0.7539642,2.852495,1.423885,0.1038485,-3.720798,-0.1089216,0.1839228,0.01974541,0.9766877,347.2893,21.33906,359.9121,0.3569275,0.02677036,-0.9337479,0,0,0,1.763572,0.4249819,-2.754321,-0.0354223,0.08793925,1.069394,0.9315652,-0.001496122,-0.3635716,-0.07863649,0.9754924,-0.2055015,0.3549689,0.220028,0.9086171,moving,12.72047,18.0773,-1.897155,4.701014,0.2336927397614672,4.176821130705881,19.814136059753427,2.1943769626628318,19.30435673897775
3733,05/15/2023 18:38:53.083251,3916,True,True,True,True,Eyes,1.422447,0.1063855,-3.713686,0.2137086,0.3032185,0.928648,0.0,0.0,0.0,0.0,0.0,0.0,0.0,-2.687174,-0.746137,2.847322,1.424101,0.10392,-3.721022,-0.1076659,0.1852743,0.01946168,0.9765771,347.4378,21.49692,359.8894,0.3569849,0.02676775,-0.9337261,0,0,0,1.768106,0.4250272,-2.75434,-0.03434071,0.09030946,1.070789,0.9305894,-0.001883794,-0.36606,-0.0779071,0.9760586,-0.2030766,0.3576786,0.2174996,0.9081631,moving,12.95977,18.0827,-1.836874,4.820871,0.2507208867850429,4.17968873627593,19.86999703291314,2.183842280624995,19.346165745284225
3734,05/15/2023 18:38:53.093964,3917,True,True,True,True,Eyes,1.422703,0.1063739,-3.713682,0.2175746,0.3029617,0.9278337,0.0,0.0,0.0,0.0,0.0,0.0,0.0,-2.69699,-0.7460701,2.837695,1.424549,0.1038237,-3.720586,-0.1077973,0.1868988,0.0194031,0.9762541,347.4244,21.69128,359.8586,0.3570423,0.02676519,-0.9337042,0,0,0,1.77269,0.425073,-2.754359,-0.03385553,0.08996489,1.071803,0.9293847,-0.002409658,-0.3691047,-0.0781791,0.9760065,-0.2032223,0.3607382,0.217728,0.9068972,moving,13.19726,18.0832,-1.809227,4.798042,0.2679879753969376,4.181836158412012,20.04220734265897,2.1666868009060423,19.50577592703003
3735,05/15/2023 18:38:53.113222,3918,True,True,True,True,Eyes,1.422961,0.1063748,-3.713672,0.221544,0.3026901,0.9269827,0.0,0.0,0.0,0.0,0.0,0.0,0.0,-2.706919,-0.7372023,2.830885,1.424669,0.1037102,-3.7208,-0.1066218,0.188537,0.01941666,0.976068,347.5574,21.87991,359.865,0.3570997,0.02676252,-0.9336823,0,0,0,1.777243,0.4251185,-2.754378,-0.03318992,0.09224378,1.0733,0.9281536,-0.002300333,-0.3721904,-0.07810827,0.9765096,-0.2008187,0.3639094,0.2154617,0.9061712,moving,13.44126,18.08355,-1.771207,4.912163,0.2857407730796676,4.184018912620264,20.12224112095514,2.182023820484889,19.571511868833323
3736,05/15/2023 18:38:53.135453,3919,True,True,True,True,Eyes,1.423229,0.1063655,-3.713659,0.2255346,0.3023898,0.926118,0.0,0.0,0.0,0.0,0.0,0.0,0.0,-2.718429,-0.7355223,2.82038,1.425093,0.1040192,-3.72071,-0.1067251,0.1903801,0.01977712,0.9756916,347.538,22.09512,359.8801,0.3571571,0.02676009,-0.9336604,0,0,0,1.781764,0.4251637,-2.754396,-0.03318802,0.09134889,1.074553,0.9267286,-0.002043926,-0.375726,-0.07922941,0.9764373,-0.2007313,0.3672832,0.2157919,0.9047304,moving,13.68665,18.08255,-1.769041,4.859091,0.303697021545687,4.186019755039718,20.340556831418407,2.17928148864563,19.776867171998003
3737,05/15/2023 18:38:53.143357,3920,True,True,True,True,Eyes,1.423458,0.1063616,-3.713628,0.2297161,0.3020319,0.9252065,0.0,0.0,0.0,0.0,0.0,0.0,0.0,-2.732973,-0.7290843,2.808023,1.425549,0.1037722,-3.720584,-0.1061525,0.1927595,0.02000019,0.9752823,347.5981,22.37243,359.8878,0.3572147,0.02675762,-0.9336385,0,0,0,1.786498,0.425211,-2.754416,-0.03414884,0.09248216,1.075811,0.9248876,-0.001912142,-0.3802359,-0.07993546,0.9766632,-0.1993469,0.3717436,0.2147678,0.9031509,moving,13.94379,18.07917,-1.818097,4.913357,0.3226895615185327,4.187781166700211,20.53717881676395,2.2604042540764753,19.958404638122914
3738,05/15/2023 18:38:53.164275,3921,True,True,True,True,Eyes,1.423692,0.1063588,-3.713599,0.2339218,0.3016778,0.9242679,0.0,0.0,0.0,0.0,0.0,0.0,0.0,-2.7482,-0.7232864,2.794847,1.425971,0.1039066,-3.720582,-0.1055669,0.1952774,0.02012749,0.9748421,347.6617,22.66739,359.8834,0.3572719,0.02675525,-0.9336166,0,0,0,1.79084,0.4252544,-2.754434,-0.03583887,0.09330301,1.076962,0.9229232,-0.001987401,-0.3849789,-0.08047189,0.9769011,-0.1979612,0.3764797,0.2136829,0.9014447,moving,14.20268,18.0765,-1.905972,4.951479,0.3417558845060405,4.189659933554887,20.77871135339112,2.373320233930791,20.18455758517329
3739,05/15/2023 18:38:53.183082,3922,True,True,True,True,Eyes,1.423878,0.1063542,-3.713546,0.2382472,0.3012858,0.9232904,0.0,0.0,0.0,0.0,0.0,0.0,0.0,-2.763004,-0.7211251,2.780973,1.426296,0.1039257,-3.720606,-0.1054186,0.19778,0.02005496,0.9743551,347.6805,22.9652,359.8465,0.3573287,0.02675302,-0.933595,0,0,0,1.795516,0.4253012,-2.754454,-0.03725919,0.0933355,1.078404,0.9209619,-0.002618093,-0.3896442,-0.08078069,0.9769694,-0.1974974,0.3811875,0.2133633,0.8995401,moving,14.46906,18.07241,-1.9788,4.946603,0.3614754379692578,4.191400037325696,21.04326276937227,2.4591097251636103,20.43402755090335
3740,05/15/2023 18:38:53.193454,3923,True,True,True,True,Eyes,1.42407,0.1063507,-3.713497,0.2425732,0.3008909,0.9222922,0.0,0.0,0.0,0.0,0.0,0.0,0.0,-2.776717,-0.7185128,2.768024,1.4266,0.1038837,-3.720537,-0.1050188,0.2001527,0.01970353,0.9739208,347.7342,23.24964,359.7854,0.3573843,0.02675088,-0.9335737,0,0,0,1.800439,0.4253504,-2.754474,-0.03821304,0.09406412,1.079845,0.9191014,-0.00366023,-0.3940043,-0.08041891,0.9771656,-0.1966725,0.3857273,0.2124474,0.89782,moving,14.7357,18.06853,-2.02671,4.978405,0.3811980439051162,4.193172600438627,21.26804555016104,2.532708247948009,20.643651544763394
3741,05/15/2023 18:38:53.213115,3924,True,True,True,True,Eyes,1.424227,0.1063418,-3.713428,0.2469675,0.3004797,0.9212595,0.0,0.0,0.0,0.0,0.0,0.0,0.0,-2.790317,-0.7151118,2.755379,1.426892,0.1039085,-3.720557,-0.1047539,0.2024513,0.01977368,0.9734729,347.763,23.52108,359.7704,0.357439,0.02674885,-0.9335529,0,0,0,1.804659,0.4253926,-2.754492,-0.03954229,0.09431615,1.081148,0.917245,-0.003916844,-0.3983044,-0.0809134,0.9772712,-0.1959438,0.3900189,0.2119566,0.8960803,moving,15.00678,18.06435,-2.094622,4.985691,0.4012668783545102,4.19494084263015,21.52926546828491,2.6181571962879113,20.88961010672674
3742,05/15/2023 18:38:53.235613,3925,True,True,True,True,Eyes,1.424398,0.1063299,-3.713358,0.2513634,0.300067,0.9202045,0.0,0.0,0.0,0.0,0.0,0.0,0.0,-2.804096,-0.7095677,2.742897,1.427285,0.1037712,-3.720486,-0.1042692,0.2047617,0.01996246,0.9730376,347.8137,23.79146,359.7742,0.3574923,0.02674681,-0.9335325,0,0,0,1.808996,0.4254359,-2.75451,-0.04078493,0.09517159,1.082387,0.9153483,-0.003852236,-0.4026445,-0.08154911,0.9774588,-0.1947407,0.3943187,0.2110908,0.8944012,moving,15.27821,18.06049,-2.157916,5.024954,0.4213369984790566,4.1967581429938345,21.770247786719654,2.708958177551913,21.115122175500183
3743,05/15/2023 18:38:53.243327,3926,True,True,True,True,Eyes,1.424547,0.1063182,-3.713285,0.2557448,0.299643,0.9191347,0.0,0.0,0.0,0.0,0.0,0.0,0.0,-2.818662,-0.7042657,2.729465,1.427774,0.1036911,-3.720422,-0.1039577,0.2071768,0.02035246,0.9725515,347.8401,24.07302,359.7956,0.3575445,0.02674467,-0.9335126,0,0,0,1.813515,0.4254811,-2.754529,-0.04213819,0.09551523,1.083696,0.9133271,-0.003487605,-0.4072117,-0.08266287,0.9775572,-0.1937753,0.3987486,0.2106415,0.8925412,moving,15.54897,18.05626,-2.226753,5.03694,0.4413862998012404,4.198516401142548,22.033588482930533,2.796769825041906,21.3633360763046
3744,05/15/2023 18:38:53.268181,3927,True,True,True,True,Eyes,1.424707,0.1063022,-3.71321,0.2601366,0.2992164,0.9180406,0.0,0.0,0.0,0.0,0.0,0.0,0.0,-2.833236,-0.6991537,2.716065,1.428114,0.1036911,-3.720589,-0.1033899,0.2096684,0.02033366,0.9720783,347.905,24.36716,359.776,0.3575955,0.02674247,-0.9334931,0,0,0,1.818292,0.4255289,-2.754549,-0.04352623,0.09640697,1.085295,0.9112514,-0.003823372,-0.4118329,-0.08288701,0.9777941,-0.1924795,0.4034238,0.2095328,0.8906994,moving,15.82065,18.05231,-2.296642,5.076272,0.4614814475500531,4.200322949071167,22.284834116293258,2.893878313224057,21.59922544034512
3745,05/15/2023 18:38:53.284115,3928,True,True,True,True,Eyes,1.424863,0.1062893,-3.71314,0.2644331,0.2987555,0.9169625,0.0,0.0,0.0,0.0,0.0,0.0,0.0,-2.84725,-0.6963627,2.702133,1.428485,0.103569,-3.720481,-0.1031402,0.2121039,0.02022675,0.9715787,347.9364,24.65744,359.7393,0.3576454,0.02674009,-0.933474,0,0,0,1.822701,0.4255729,-2.754567,-0.04514241,0.09684995,1.086585,0.9092057,-0.004449136,-0.4163236,-0.08305665,0.9779059,-0.1918374,0.4079789,0.2089981,0.888748,moving,16.08647,18.04612,-2.378998,5.093453,0.4813191227718757,4.201756288037762,22.55537831365089,2.9960869595100625,21.855075729198756
3746,05/15/2023 18:38:53.292948,3929,True,True,True,True,Eyes,1.425032,0.1062794,-3.713069,0.2687093,0.2983171,0.9158615,0.0,0.0,0.0,0.0,0.0,0.0,0.0,-2.859897,-0.6909831,2.690487,1.428698,0.1036406,-3.720654,-0.1023306,0.2143278,0.01996937,0.9711815,348.0345,24.92115,359.7027,0.3576944,0.02673763,-0.9334553,0,0,0,1.827342,0.4256193,-2.754586,-0.04605737,0.09828006,1.088161,0.9073297,-0.005076819,-0.4203893,-0.08265233,0.9782593,-0.1902032,0.4122154,0.2073232,0.8871841,moving,16.35143,18.04162,-2.423648,5.160815,0.5009662351644942,4.203425045037384,22.76880961653703,3.0773306534056624,22.05369409807733
3747,05/15/2023 18:38:53.313270,3930,True,True,True,True,Eyes,1.425209,0.1062694,-3.713005,0.2728996,0.2979269,0.9147488,0.0,0.0,0.0,0.0,0.0,0.0,0.0,-2.872237,-0.6884698,2.678021,1.429155,0.1037064,-3.720523,-0.1023364,0.2164181,0.0202652,0.970711,348.0271,25.16728,359.71,0.3577428,0.02673518,-0.9334369,0,0,0,1.831854,0.4256644,-2.754605,-0.04679528,0.09783355,1.089523,0.9055051,-0.004951627,-0.4243068,-0.08363822,0.9782332,-0.1899067,0.4160114,0.2074497,0.8853809,moving,16.61157,18.04005,-2.459357,5.131105,0.5200403932505254,4.205472859023776,23.02913627673331,3.119872383177916,22.30027621194919
3748,05/15/2023 18:38:53.335658,3931,True,True,True,True,Eyes,1.4254,0.1062656,-3.712943,0.2770833,0.2975643,0.9136084,0.0,0.0,0.0,0.0,0.0,0.0,0.0,-2.883469,-0.6869751,2.666687,1.429498,0.1036892,-3.720664,-0.1023658,0.2183436,0.0203802,0.9702743,348.0215,25.39602,359.6982,0.3577907,0.02673271,-0.9334185,0,0,0,1.836206,0.4257079,-2.754623,-0.04741606,0.09743505,1.091145,0.9038215,-0.005153056,-0.4278788,-0.08425058,0.9782118,-0.189746,0.4195339,0.2075455,0.8836947,moving,16.87174,18.04055,-2.488242,5.102759,0.5389600810193048,4.20781849343156,23.285088339965665,3.156718383008625,22.542434064626228
3749,05/15/2023 18:38:53.352832,3932,True,True,True,True,Eyes,1.425587,0.1062576,-3.712879,0.281203,0.2972292,0.9124581,0.0,0.0,0.0,0.0,0.0,0.0,0.0,-2.89616,-0.6862007,2.653327,1.429994,0.1038303,-3.720632,-0.1025037,0.2205309,0.02047866,0.9697627,348.0042,25.65697,359.6783,0.3578386,0.02673039,-0.9334002,0,0,0,1.840788,0.4257537,-2.754642,-0.04850903,0.09667893,1.092622,0.9018935,-0.005491599,-0.4319236,-0.08492938,0.9781472,-0.1897762,0.4235271,0.2078409,0.8817182,moving,17.12835,18.04279,-2.542085,5.056556,0.5574886839955356,4.21038313657036,23.570496104070042,3.2129994611456714,22.81413370311209
3750,05/15/2023 18:38:53.363236,3933,True,True,True,True,Eyes,1.425786,0.1062422,-3.712813,0.2853258,0.2969214,0.9112776,0.0,0.0,0.0,0.0,0.0,0.0,0.0,-2.909689,-0.6844759,2.639177,1.430345,0.1037169,-3.720674,-0.1025721,0.2228909,0.0206137,0.969213,347.9938,25.93789,359.6622,0.3578863,0.0267281,-0.933382,0,0,0,1.845368,0.4257995,-2.754661,-0.04988015,0.09627718,1.094259,0.8997895,-0.005766638,-0.4362863,-0.08568291,0.978108,-0.1896393,0.4278287,0.2080177,0.8795972,moving,17.38561,18.04716,-2.609936,5.028159,0.5759034527652364,4.213259643508208,23.86034884229728,3.2884090347774917,23.089909484957477
3751,05/15/2023 18:38:53.383144,3934,True,True,True,True,Eyes,1.425975,0.1062328,-3.71275,0.2893573,0.2965808,0.9101166,0.0,0.0,0.0,0.0,0.0,0.0,0.0,-2.923153,-0.6820774,2.624975,1.430795,0.1035185,-3.720572,-0.102688,0.2252175,0.02094362,0.9686555,347.973,26.21309,359.6673,0.3579342,0.02672564,-0.9333637,0,0,0,1.849913,0.4258449,-2.75468,-0.05118728,0.09581326,1.095765,0.8976768,-0.005679982,-0.4406176,-0.0868286,0.9780331,-0.1895049,0.4320149,0.2083724,0.8774645,moving,17.63725,18.0493,-2.674556,4.997211,0.5940774800360186,4.215766476447786,24.143870655832238,3.360746995862991,23.35989208448329
3752,05/15/2023 18:38:53.393554,3935,True,True,True,True,Eyes,1.426179,0.1062265,-3.712687,0.293391,0.2962929,0.9089182,0.0,0.0,0.0,0.0,0.0,0.0,0.0,-2.936455,-0.6767741,2.612002,1.431169,0.1036577,-3.7208,-0.1021332,0.2275373,0.02104483,0.9681698,348.0334,26.48621,359.6645,0.357982,0.02672318,-0.9333455,0,0,0,1.854653,0.4258924,-2.7547,-0.05239359,0.09647754,1.097484,0.8955678,-0.005728267,-0.4448882,-0.08722816,0.9782519,-0.1881876,0.4362908,0.2073415,0.8755912,moving,17.88963,18.05515,-2.73321,5.023838,0.6120246576295411,4.218813081488282,24.395012238302815,3.440735391457854,23.596870281350864
3753,05/15/2023 18:38:53.413015,3936,True,True,True,True,Eyes,1.426391,0.1062148,-3.712623,0.2972982,0.295996,0.9077445,0.0,0.0,0.0,0.0,0.0,0.0,0.0,-2.949553,-0.6770219,2.597287,1.431667,0.1037169,-3.720711,-0.1025904,0.229822,0.02132967,0.9675754,347.9754,26.75927,359.6556,0.35803,0.02672081,-0.9333272,0,0,0,1.858975,0.4259355,-2.754718,-0.05395758,0.09504987,1.098915,0.8934538,-0.005878938,-0.4491168,-0.08843119,0.9780405,-0.1887238,0.4403639,0.2083319,0.8733141,moving,18.1343,18.06003,-2.81101,4.943454,0.6294834479372972,4.221652869341999,24.713368385549472,3.515393582163829,23.902233487681137
3754,05/15/2023 18:38:53.435656,3937,True,True,True,True,Eyes,1.426606,0.1062038,-3.712562,0.3011961,0.2956865,0.9065596,0.0,0.0,0.0,0.0,0.0,0.0,0.0,-2.961383,-0.6764232,2.584099,1.432035,0.103569,-3.72068,-0.1025109,0.2319835,0.02101242,0.9670749,347.9936,27.02127,359.5946,0.3580783,0.02671836,-0.9333087,0,0,0,1.86365,0.4259823,-2.754737,-0.05502388,0.09518038,1.100544,0.8914843,-0.006920523,-0.4529988,-0.08820283,0.9781,-0.1885224,0.4443828,0.2080205,0.8713503,moving,18.37859,18.06442,-2.862231,4.942916,0.6469516320850045,4.224418899688207,24.966904973906097,3.581982806838064,24.142473757010343
3755,05/15/2023 18:38:53.453346,3938,True,True,True,True,Eyes,1.426846,0.1061926,-3.712513,0.3049177,0.2954018,0.9054076,0.0,0.0,0.0,0.0,0.0,0.0,0.0,-2.971913,-0.6742479,2.572678,1.432305,0.1035805,-3.720662,-0.1022242,0.2339077,0.02082058,0.9666458,348.0318,27.25224,359.5566,0.3581271,0.02671587,-0.9332901,0,0,0,1.868224,0.426028,-2.754756,-0.05550581,0.09555212,1.102161,0.8897074,-0.007569809,-0.4564686,-0.0880743,0.9782335,-0.187889,0.4479551,0.2073694,0.8696749,moving,18.61218,18.06963,-2.883031,4.954883,0.6635780937626125,4.227209290501,25.180164511149048,3.620489620404358,24.34305428477582
3756,05/15/2023 18:38:53.463211,3939,True,True,True,True,Eyes,1.427095,0.1061755,-3.71246,0.3086301,0.2951227,0.90424,0.0,0.0,0.0,0.0,0.0,0.0,0.0,-2.98153,-0.6747715,2.561581,1.432616,0.1035643,-3.720675,-0.1025001,0.2356361,0.02084975,0.966196,348.0009,27.46086,359.5305,0.3581766,0.02671332,-0.9332712,0,0,0,1.872666,0.4260724,-2.754775,-0.05572703,0.09463947,1.103881,0.8880819,-0.008015564,-0.4596154,-0.08859535,0.9781181,-0.1882445,0.451067,0.2078963,0.8679388,moving,18.84551,18.07547,-2.889998,4.900177,0.6801379322971567,4.230087970241288,25.416936354602477,3.6324771001180802,24.567627272330753
3757,05/15/2023 18:38:53.483280,3940,True,True,True,True,Eyes,1.42739,0.1061551,-3.712431,0.3121685,0.2947673,0.9031407,0.0,0.0,0.0,0.0,0.0,0.0,0.0,-2.9921,-0.672454,2.549837,1.433052,0.103406,-3.72051,-0.1024093,0.2375309,0.02092343,0.96574,348.01,27.68675,359.5175,0.3582271,0.02671057,-0.9332519,0,0,0,1.877454,0.4261203,-2.754795,-0.05598775,0.0946608,1.105508,0.8862826,-0.008237547,-0.4630717,-0.08906393,0.9781491,-0.1878615,0.4545006,0.2077414,0.8661829,moving,19.06759,18.07567,-2.89923,4.894099,0.6963048608306938,4.232057592020632,25.618255111159325,3.6559772648811837,24.757481930049973
3758,05/15/2023 18:38:53.503162,3941,True,True,True,True,Eyes,1.427688,0.1061327,-3.712405,0.315692,0.2943706,0.9020446,0.0,0.0,0.0,0.0,0.0,0.0,0.0,-3.001669,-0.6690499,2.539669,1.433367,0.1033239,-3.720531,-0.1020604,0.2392577,0.02092319,0.9653506,348.0499,27.89174,359.5056,0.3582793,0.02670753,-0.9332319,0,0,0,1.881962,0.4261653,-2.754814,-0.05610469,0.0951787,1.107188,0.884636,-0.008441042,-0.4662059,-0.08923391,0.9782918,-0.1870361,0.4576643,0.2070602,0.8646789,moving,19.28871,18.07342,-2.900875,4.913315,0.712587252532569,4.233666641409492,25.798566744748626,3.6768235396619895,24.926518844706237
3759,05/15/2023 18:38:53.518460,3942,True,True,True,True,Eyes,1.428045,0.1061133,-3.712408,0.3190456,0.2939584,0.9009985,0.0,0.0,0.0,0.0,0.0,0.0,0.0,-3.011121,-0.6625998,2.530374,1.433715,0.1032658,-3.720547,-0.1013067,0.2409405,0.02103523,0.965009,348.1318,28.08766,359.5188,0.358333,0.02670418,-0.9332114,0,0,0,1.886572,0.4262114,-2.754833,-0.05596909,0.09650697,1.108842,0.8830104,-0.008219416,-0.4692816,-0.08941616,0.9785889,-0.1853873,0.4607576,0.2056603,0.8633692,moving,19.49917,18.06936,-2.889567,4.974146,0.7282298731432283,4.234922343763405,25.93723528367981,3.692547336089914,25.054490191712738
3760,05/15/2023 18:38:53.535841,3943,True,True,True,True,Eyes,1.428398,0.1060899,-3.712409,0.3223851,0.2935301,0.8999489,0.0,0.0,0.0,0.0,0.0,0.0,0.0,-3.020272,-0.6621597,2.519723,1.434051,0.1033382,-3.720527,-0.1013508,0.242617,0.02097357,0.9645854,348.1295,28.28992,359.4896,0.3583891,0.02670058,-0.9331899,0,0,0,1.891101,0.4262567,-2.754852,-0.05606347,0.09604681,1.110556,0.8813942,-0.00871726,-0.4723009,-0.08964045,0.9785762,-0.1853459,0.4637982,0.2057001,0.86173,moving,19.70884,18.06442,-2.889973,4.942947,0.7438815275191136,4.236044643710757,26.13196132514163,3.7019737530807055,25.239132307590115
3761,05/15/2023 18:38:53.543232,3944,True,True,True,True,Eyes,1.428753,0.1060666,-3.712411,0.3257217,0.2931118,0.898883,0.0,0.0,0.0,0.0,0.0,0.0,0.0,-3.028789,-0.6587368,2.510386,1.434276,0.1032238,-3.720448,-0.1009362,0.2441978,0.02089891,0.9642317,348.1788,28.47792,359.4735,0.3584473,0.02669667,-0.9331677,0,0,0,1.895495,0.4263006,-2.75487,-0.0558871,0.09679154,1.112184,0.8798614,-0.008993994,-0.4751453,-0.08959958,0.9787503,-0.1844448,0.4667075,0.2048587,0.8603587,moving,19.91863,18.06034,-2.876686,4.973825,0.7594768415480672,4.237291615628707,26.284659145309092,3.7100083068031458,25.38146158882156
3762,05/15/2023 18:38:53.569146,3945,True,True,True,True,Eyes,1.429107,0.1060414,-3.712409,0.3290047,0.2926909,0.897824,0.0,0.0,0.0,0.0,0.0,0.0,0.0,-3.035162,-0.6580619,2.502828,1.43444,0.1032143,-3.720367,-0.1008282,0.2454079,0.02072541,0.9639394,348.1964,28.62451,359.442,0.3585075,0.02669249,-0.9331447,0,0,0,1.900043,0.4263461,-2.754889,-0.05477953,0.09678555,1.113994,0.8786908,-0.009531992,-0.4772962,-0.08944415,0.9788083,-0.1842121,0.4689374,0.2045569,0.8592173,moving,20.12519,18.05598,-2.815196,4.965481,0.774857988865895,4.2384701094798185,26.412543874038278,3.6629267639289305,25.49959743653973
3763,05/15/2023 18:38:53.582979,3946,True,True,True,True,Eyes,1.429445,0.1060199,-3.712397,0.3322857,0.2922603,0.8967554,0.0,0.0,0.0,0.0,0.0,0.0,0.0,-3.041128,-0.655591,2.496217,1.434731,0.1031456,-3.72025,-0.1005837,0.2464934,0.02075361,0.9636874,348.2235,28.75304,359.4389,0.3585694,0.026688,-0.933121,0,0,0,1.904493,0.4263906,-2.754907,-0.05347723,0.09707506,1.115692,0.8776206,-0.009586425,-0.4792601,-0.08958637,0.9789044,-0.1836311,0.4709102,0.2040936,0.8582479,moving,20.33179,18.05123,-2.744195,4.972716,0.7902715657748091,4.239592891215046,26.524490799418206,3.609698518881388,25.60181482927852
3764,05/15/2023 18:38:53.593370,3947,True,True,True,True,Eyes,1.429784,0.1059983,-3.712386,0.3355275,0.291825,0.8956894,0.0,0.0,0.0,0.0,0.0,0.0,0.0,-3.047044,-0.6538262,2.48955,1.435022,0.1032085,-3.720198,-0.1003684,0.2475789,0.02070022,0.9634326,348.2497,28.88268,359.4258,0.3586326,0.02668335,-0.9330968,0,0,0,1.909228,0.4264379,-2.754927,-0.05199987,0.09717262,1.117566,0.8765524,-0.009811688,-0.4812065,-0.08958474,0.9789954,-0.1831465,0.472896,0.2036463,0.8572617,moving,20.53608,18.04615,-2.664028,4.969385,0.8055417965911774,4.240648047843133,26.63168778122951,3.545274618256902,25.69952380350515
3765,05/15/2023 18:38:53.613321,3948,True,True,True,True,Eyes,1.430109,0.1059784,-3.712364,0.3389719,0.2914978,0.8944982,0.0,0.0,0.0,0.0,0.0,0.0,0.0,-3.053885,-0.6513121,2.482036,1.435396,0.1031866,-3.720204,-0.1000936,0.2488174,0.02068956,0.9631424,348.2814,29.02988,359.4174,0.3586971,0.02667855,-0.9330722,0,0,0,1.913793,0.4264835,-2.754946,-0.05110511,0.09747453,1.119371,0.8753238,-0.009956079,-0.4834349,-0.08966403,0.9791064,-0.1825129,0.4751513,0.2031046,0.8561424,moving,20.7543,18.04968,-2.614035,4.976747,0.8211754503573706,4.243062615722683,26.776494503476627,3.512686096703899,25.833280246358434
3766,05/15/2023 18:38:53.636455,3949,True,True,True,True,Eyes,1.43043,0.1059563,-3.712345,0.3423997,0.2911748,0.8932971,0.0,0.0,0.0,0.0,0.0,0.0,0.0,-3.062227,-0.6513133,2.471912,1.435774,0.1031971,-3.720173,-0.1001699,0.2503701,0.02058041,0.9627343,348.277,29.21831,359.3837,0.3587623,0.02667366,-0.9330472,0,0,0,1.918197,0.4265276,-2.754964,-0.05116114,0.09703594,1.121103,0.8737825,-0.01053215,-0.4862029,-0.08978604,0.9790849,-0.1825686,0.4779567,0.2031794,0.8545616,moving,20.97177,18.05365,-2.612861,4.946852,0.8367211557579418,4.245533878057228,26.98190084517703,3.5201511554887737,26.0275941350735
3767,05/15/2023 18:38:53.653528,3950,True,True,True,True,Eyes,1.430744,0.1059315,-3.712326,0.3459725,0.2909128,0.8920048,0.0,0.0,0.0,0.0,0.0,0.0,0.0,-3.070629,-0.6509048,2.461744,1.436006,0.1031284,-3.720198,-0.1001042,0.2519758,0.02034732,0.9623272,348.2922,29.41356,359.3396,0.3588283,0.02666864,-0.933022,0,0,0,1.923046,0.426576,-2.754985,-0.05088654,0.09698816,1.12315,0.8721884,-0.01128613,-0.4890401,-0.08960921,0.9791303,-0.1824119,0.4808928,0.20292,0.8529748,moving,21.19925,18.06289,-2.594125,4.935458,0.8525974187804638,4.248850174612399,27.17451314752941,3.514445295919022,26.20817165007379
3768,05/15/2023 18:38:53.663372,3951,True,True,True,True,Eyes,1.431056,0.1059117,-3.712307,0.3494917,0.2906732,0.8907102,0.0,0.0,0.0,0.0,0.0,0.0,0.0,-3.078687,-0.6506758,2.451749,1.436101,0.103035,-3.720183,-0.1002694,0.2535092,0.02039453,0.9619061,348.2735,29.59875,359.321,0.3588947,0.02666344,-0.9329966,0,0,0,1.927414,0.4266197,-2.755003,-0.05067053,0.09635261,1.125085,0.8706344,-0.01160319,-0.4917938,-0.09007367,0.9790602,-0.1825591,0.4836141,0.2032399,0.8513584,moving,21.42376,18.07351,-2.578691,4.894883,0.8681528324786499,4.252338886955889,27.382364098312074,3.5062223749647927,26.40405751682229
3769,05/15/2023 18:38:53.683188,3952,True,True,True,True,Eyes,1.431357,0.1058849,-3.712283,0.3530479,0.2904615,0.8893758,0.0,0.0,0.0,0.0,0.0,0.0,0.0,-3.085156,-0.6518066,2.443407,1.436345,0.1031275,-3.720155,-0.1004723,0.2547432,0.02027617,0.9615613,348.2553,29.75001,359.2863,0.3589614,0.0266582,-0.9329711,0,0,0,1.932191,0.4266675,-2.755023,-0.04961589,0.09551128,1.127138,0.8693897,-0.01219572,-0.4939769,-0.09018281,0.9789883,-0.1828901,0.485828,0.203551,0.8500224,moving,21.65117,18.08653,-2.520497,4.843553,0.8837379268695834,4.256197938958077,27.56167493788101,3.4545334569302293,26.57114476700499
3770,05/15/2023 18:38:53.703621,3953,True,True,True,True,Eyes,1.431658,0.1058614,-3.712256,0.356549,0.2902361,0.8880517,0.0,0.0,0.0,0.0,0.0,0.0,0.0,-3.091719,-0.6503345,2.435486,1.436519,0.1029348,-3.72009,-0.1004087,0.2559879,0.02029327,0.961237,348.2628,29.89932,359.2747,0.3590283,0.02665275,-0.9329455,0,0,0,1.936425,0.4267098,-2.75504,-0.0488987,0.09551886,1.128958,0.8681169,-0.01239357,-0.4962053,-0.09042011,0.9790125,-0.1826435,0.4880549,0.2034228,0.8487766,moving,21.87525,18.09861,-2.48011,4.836164,0.8991515163408929,4.259892765301195,27.732220153325553,3.428045643185609,26.729585274549667
3771,05/15/2023 18:38:53.713441,3954,True,True,True,True,Eyes,1.43194,0.1058324,-3.712226,0.3600561,0.2900187,0.8867067,0.0,0.0,0.0,0.0,0.0,0.0,0.0,-3.097599,-0.649626,2.428197,1.436786,0.1029911,-3.719988,-0.1001982,0.2571346,0.02001238,0.9609588,348.2955,30.03903,359.2354,0.3590953,0.0266472,-0.9329199,0,0,0,1.940966,0.4267552,-2.755059,-0.04785463,0.09574421,1.130774,0.8669627,-0.01306671,-0.4982018,-0.08999099,0.9791196,-0.182281,0.490181,0.2028645,0.8476844,moving,22.10011,18.11158,-2.423324,4.839768,0.9145545865940404,4.263722344135091,27.884400816867128,3.387220402702467,26.869557458541298
3772,05/15/2023 18:38:53.736508,3955,True,True,True,True,Eyes,1.432221,0.1058017,-3.712195,0.363481,0.2897519,0.8853955,0.0,0.0,0.0,0.0,0.0,0.0,0.0,-3.103172,-0.6482636,2.421487,1.436843,0.1028233,-3.720004,-0.1000433,0.2582206,0.01991594,0.9606856,348.3165,30.16987,359.2159,0.359162,0.02664142,-0.9328944,0,0,0,1.945611,0.4268016,-2.755079,-0.04640546,0.09592757,1.132932,0.8658509,-0.01340057,-0.5001226,-0.0899324,0.9791893,-0.1819349,0.4921529,0.2025058,0.8466269,moving,22.3196,18.12105,-2.345553,4.839803,0.9298312446286064,4.267001873966429,28.013591244044704,3.325092943053868,26.98720196494998
3773,05/15/2023 18:38:53.753173,3956,True,True,True,True,Eyes,1.43247,0.1057707,-3.712151,0.3669077,0.289487,0.8840679,0.0,0.0,0.0,0.0,0.0,0.0,0.0,-3.107902,-0.6430639,2.416836,1.437037,0.102747,-3.719953,-0.09933294,0.259099,0.01993402,0.9605224,348.3956,30.27058,359.2291,0.3592285,0.02663541,-0.932869,0,0,0,1.950164,0.4268471,-2.755097,-0.04451722,0.09723474,1.134835,0.8649406,-0.01317998,-0.5017011,-0.08976828,0.9794713,-0.1804933,0.4937806,0.2011528,0.8460013,moving,22.53953,18.13097,-2.246443,4.897247,0.9451059079534446,4.270349935758763,28.097613457328684,3.2525350668383437,27.0596605638486
3774,05/15/2023 18:38:53.763327,3957,True,True,True,True,Eyes,1.43272,0.1057336,-3.712105,0.3702588,0.2891608,0.8827766,0.0,0.0,0.0,0.0,0.0,0.0,0.0,-3.112671,-0.6408392,2.411504,1.437233,0.1027212,-3.72002,-0.09911831,0.2599781,0.01999793,0.9603058,348.4182,30.37437,359.2321,0.3592941,0.02662918,-0.9328439,0,0,0,1.954749,0.4268929,-2.755116,-0.04272971,0.09734199,1.136947,0.864023,-0.01312894,-0.5032813,-0.08994544,0.9795513,-0.1799697,0.4953526,0.2007658,0.845174,moving,22.75441,18.13664,-2.152325,4.893559,0.9603342356825534,4.273042934239332,28.20859164745355,3.173907324631107,27.159738025191217
3775,05/15/2023 18:38:53.783189,3958,True,True,True,True,Eyes,1.432947,0.1056936,-3.712051,0.3735488,0.2887839,0.881513,0.0,0.0,0.0,0.0,0.0,0.0,0.0,-3.116603,-0.6359651,2.407678,1.437472,0.1025515,-3.719911,-0.09825256,0.2607415,0.01973427,0.9601933,348.523,30.46313,359.2201,0.3593591,0.02662262,-0.9328191,0,0,0,1.959182,0.4269373,-2.755135,-0.04078901,0.09925957,1.138721,0.863249,-0.01333961,-0.5046022,-0.08913442,0.9799139,-0.1783918,0.4968464,0.198974,0.8447208,moving,22.96523,18.13881,-2.05146,4.981745,0.9755316055535528,4.27519733248612,28.265582215307806,3.1083577314332693,27.206507088094128
3776,05/15/2023 18:38:53.793394,3959,True,True,True,True,Eyes,1.433174,0.105654,-3.712001,0.3767483,0.2883818,0.8802822,0.0,0.0,0.0,0.0,0.0,0.0,0.0,-3.119332,-0.6337227,2.404859,1.437631,0.1024408,-3.719934,-0.09767444,0.261295,0.01934354,0.9601098,348.5995,30.52988,359.1875,0.359423,0.02661569,-0.9327946,0,0,0,1.963827,0.4269837,-2.755154,-0.03827769,0.1005049,1.140808,0.8627017,-0.01389984,-0.5055224,-0.08818749,0.9801711,-0.1774476,0.4979649,0.1976651,0.8443695,moving,23.17023,18.13888,-1.921731,5.034741,0.9904638224227864,4.276998996063213,28.307683864223897,3.009161283194409,27.238970624407994
3777,05/15/2023 18:38:53.813302,3960,True,True,True,True,Eyes,1.433353,0.105616,-3.711923,0.3799738,0.2879793,0.8790267,0.0,0.0,0.0,0.0,0.0,0.0,0.0,-3.121594,-0.6334106,2.40221,1.437848,0.102416,-3.719983,-0.09728821,0.2617678,0.01882822,0.9600303,348.6585,30.5895,359.1361,0.3594859,0.02660843,-0.9327706,0,0,0,1.968091,0.4270263,-2.755172,-0.03605658,0.1013444,1.142725,0.8622463,-0.01478251,-0.5062734,-0.08708515,0.980361,-0.176942,0.4989464,0.1966565,0.8440253,moving,23.37721,18.13939,-1.807263,5.06811,1.0055070148989866,4.278881212979858,28.374566800677837,2.921396452893056,27.296062597246
3778,05/15/2023 18:38:53.836844,3961,True,True,True,True,Eyes,1.433536,0.1055796,-3.711852,0.38312,0.2875488,0.8778011,0.0,0.0,0.0,0.0,0.0,0.0,0.0,-3.124647,-0.6324095,2.398557,1.438046,0.1023912,-3.719944,-0.09687272,0.2623953,0.01839818,0.9599093,348.7183,30.66665,359.0934,0.359547,0.02660095,-0.9327472,0,0,0,1.972653,0.4270719,-2.755191,-0.03384411,0.1021974,1.144719,0.8616204,-0.01551673,-0.507316,-0.08615905,0.9805544,-0.1763228,0.5001869,0.1956332,0.8435287,moving,23.57907,18.13768,-1.693481,5.101685,1.0203451420445848,4.280399563136712,28.43657855100761,2.835376888184059,27.34880526497485
3779,05/15/2023 18:38:53.842986,3962,True,True,True,True,Eyes,1.433638,0.1055446,-3.71174,0.3863514,0.287122,0.8765235,0.0,0.0,0.0,0.0,0.0,0.0,0.0,-3.127546,-0.6317323,2.395235,1.438305,0.1023951,-3.720024,-0.09643462,0.2629827,0.01788567,0.9598023,348.7831,30.7396,359.0427,0.3596067,0.02659331,-0.9327244,0,0,0,1.977226,0.4271176,-2.75521,-0.03167701,0.10311,1.146782,0.8610403,-0.01638786,-0.5082724,-0.0850547,0.9807609,-0.1757091,0.5013732,0.1945236,0.8430809,moving,23.78678,18.1372,-1.582251,5.137786,1.0355164492211792,4.282145849440986,28.505657302057728,2.75405636933063,27.408267380600453
3780,05/15/2023 18:38:53.863456,3963,True,True,True,True,Eyes,1.433744,0.1055111,-3.711632,0.389521,0.2866916,0.8752607,0.0,0.0,0.0,0.0,0.0,0.0,0.0,-3.1311,-0.6325984,2.390598,1.438457,0.1023417,-3.720119,-0.09617815,0.2637383,0.01725911,0.9596322,348.8315,30.83523,358.9717,0.3596636,0.02658559,-0.9327027,0,0,0,1.97759,0.4271213,-2.755212,-0.03353134,0.1040385,1.146842,0.8602885,-0.01760695,-0.5095035,-0.08385652,0.9809037,-0.1754875,0.5028637,0.1936951,0.8423837,moving,23.9907,18.13621,-1.674736,5.183537,1.0504501910241912,4.283785701522049,28.748675498447312,2.8698766828666518,27.641831625765303
3871,05/15/2023 18:38:55.383592,4054,True,True,True,True,Eyes,1.442749,0.09934313,-3.708657,0.4643385,0.2717695,0.84293,0.0,0.0,0.0,0.0,0.0,0.0,0.0,-3.070672,-0.4681335,2.499202,1.440509,0.09632587,-3.716159,-0.05989917,0.252992,0.002942526,0.9656078,353.2714,29.44684,358.5791,0.3624607,0.0250899,-0.931661,0,0,0,1.97759,0.4271213,-2.755212,-0.009665757,0.1993565,1.132018,0.8719727,-0.02462537,-0.4889347,-0.03599068,0.9928069,-0.1141894,0.4882298,0.1171671,0.8648143,moving,28.84872,17.86987,-0.4892091,9.987784,1.4245907505420554,4.287956629152305,30.378304159186087,6.012542051861204,29.149127473923762
3872,05/15/2023 18:38:55.403433,4055,True,True,True,True,Eyes,1.442655,0.09931719,-3.708569,0.4646613,0.2723086,0.8425781,0.0,0.0,0.0,0.0,0.0,0.0,0.0,-3.072373,-0.4726547,2.496225,1.44061,0.0964632,-3.716093,-0.06048407,0.2533436,0.002778917,0.9654797,353.2118,29.49261,358.5411,0.3624587,0.02507656,-0.9316621,0,0,0,1.974258,0.4247968,-2.754943,-0.01367792,0.1958065,1.130427,0.8716186,-0.02528054,-0.4895326,-0.03601249,0.992668,-0.1153843,0.4888602,0.1182003,0.8643174,moving,28.87567,17.91005,-0.6932326,9.826959,1.4235136901259289,4.2939679513966285,30.65381478841692,5.924069952379607,29.41449198075284
3873,05/15/2023 18:38:55.413162,4056,True,True,True,True,Eyes,1.442549,0.09928921,-3.708473,0.4649829,0.2727763,0.8422493,1.130933,1.968413,0.4077809,-2.755946,-0.1706971,-0.9816951,-0.08448227,-0.01824716,0.1774608,1.125005,1.440421,0.09643936,-3.716024,-0.06129368,0.2535661,0.002829227,0.96537,353.1208,29.52287,358.5212,0.3624556,0.02506398,-0.9316637,0,0,0,1.970974,0.4225059,-2.754678,-0.01701477,0.1918337,1.129116,0.8713924,-0.0256215,-0.489917,-0.03654651,0.9924701,-0.1169074,0.4892234,0.1197769,0.8638946,moving,28.9019,17.9454,-0.8633311,9.642327,1.4227496975994396,4.299278678637573,30.901618140151434,5.811568701957049,29.65319384508921
3874,05/15/2023 18:38:55.433024,4057,True,True,True,True,Eyes,1.442438,0.09925937,-3.708382,0.4652966,0.2732151,0.8419338,1.125374,1.966071,0.4067287,-2.760891,-0.1035089,-0.8958638,-0.432104,-0.01839668,0.1776122,1.119342,1.440431,0.09635067,-3.715971,-0.06110029,0.2538193,0.002787796,0.9653159,353.1438,29.55231,358.5205,0.3624514,0.02505203,-0.9316657,0,0,0,1.967624,0.4201693,-2.754409,-0.02056777,0.1901395,1.127306,0.8711361,-0.02563465,-0.4903724,-0.03639908,0.992518,-0.116547,0.489691,0.1193773,0.8636851,moving,28.92733,17.97871,-1.045249,9.573809,1.422081798247616,4.30428916846635,31.12873034241908,5.8185531296798905,29.872414314782933
3875,05/15/2023 18:38:55.454349,4058,True,True,True,True,Eyes,1.442295,0.09922881,-3.70828,0.4655869,0.2735257,0.8416724,1.1224,1.96487,0.4062341,-2.763587,0.0351205,-0.7762843,-0.6294039,-0.01806098,0.1778337,1.116463,1.440204,0.09627914,-3.716002,-0.0609216,0.2539227,0.002954821,0.9652994,353.1589,29.56269,358.5437,0.3624459,0.02504061,-0.9316681,0,0,0,1.964343,0.4178805,-2.754144,-0.02344519,0.1883168,1.125747,0.871029,-0.02523418,-0.4905828,-0.03664334,0.9925597,-0.1161146,0.4898629,0.1191158,0.8636236,moving,28.95,18.00306,-1.193088,9.496598,1.4218908760966702,4.307987555682423,31.32037116531648,5.810317793831354,30.05783557232197
3876,05/15/2023 18:38:55.463279,4059,True,True,True,True,Eyes,1.442155,0.09920234,-3.708187,0.4658403,0.2738194,0.8414367,1.120854,1.964294,0.4061138,-2.76506,0.2171194,-0.6304758,-0.7452244,-0.01691315,0.1797351,1.114761,1.439913,0.09623051,-3.715995,-0.06005366,0.2537187,0.003139226,0.965407,353.2495,29.53292,358.5914,0.3624387,0.02502966,-0.9316712,0,0,0,1.961036,0.4155741,-2.753878,-0.02546477,0.1879672,1.12394,0.8712341,-0.0244122,-0.4902606,-0.03653472,0.9927674,-0.1143595,0.4895065,0.1175454,0.8640409,moving,28.97001,18.02587,-1.297912,9.494261,1.4216226768169276,4.3114413239525735,31.447344153790873,5.852989719180625,30.17988409447391
3877,05/15/2023 18:38:55.483330,4060,True,True,True,True,Eyes,1.442,0.0991786,-3.70809,0.4660881,0.2740685,0.8412184,1.120837,1.964408,0.4063646,-2.765222,0.2248665,-0.6141357,-0.7564868,-0.01593781,0.1800649,1.114805,1.439874,0.09630585,-3.716114,-0.05985839,0.2534771,0.003654285,0.9654809,353.2558,29.50005,358.6562,0.36243,0.02501922,-0.9316749,0,0,0,1.957564,0.4131522,-2.753598,-0.02775541,0.1857367,1.122303,0.8714722,-0.02328918,-0.489892,-0.03740173,0.9928073,-0.1137317,0.489017,0.1174368,0.8643328,moving,28.98923,18.04558,-1.41668,9.397057,1.4215315195028166,4.314442569389314,31.611964712899905,5.821375617471396,30.33928676350559
3878,05/15/2023 18:38:55.503410,4061,True,True,True,True,Eyes,1.441844,0.09916696,-3.707999,0.466315,0.2743289,0.8410077,1.126778,1.967277,0.4082747,-2.76037,0.8660548,-0.1728251,-0.4691276,-0.01535004,0.181245,1.120745,1.439778,0.09634399,-3.716194,-0.05978677,0.2533433,0.003960194,0.9655191,353.2546,29.48191,358.6933,0.3624196,0.02500932,-0.9316792,0,0,0,1.954288,0.4108668,-2.753334,-0.03017575,0.1835133,1.120784,0.8716031,-0.02264586,-0.489689,-0.03794044,0.9928197,-0.1134439,0.488742,0.1174571,0.8644855,moving,29.00713,18.06584,-1.542247,9.298903,1.4213025555157397,4.317511340029106,31.78244199947666,5.796282329047224,30.50450817941229
3879,05/15/2023 18:38:55.513557,4062,True,True,True,True,Eyes,1.441667,0.09915993,-3.707899,0.4665049,0.274613,0.8408097,0.0,0.0,0.0,0.0,0.0,0.0,0.0,-3.072126,-0.4631064,2.497969,1.439621,0.09662247,-3.716239,-0.0600054,0.2532682,0.004219352,0.9655241,353.2227,29.47242,358.7162,0.3624076,0.02500021,-0.9316841,0,0,0,1.950895,0.4085004,-2.753061,-0.03282624,0.1803666,1.119273,0.871675,-0.02224714,-0.4895794,-0.03854268,0.9927631,-0.1137361,0.4885667,0.1180106,0.8645092,moving,29.02275,18.08732,-1.6799,9.154297,1.4208151283910322,4.320735557054336,31.975797362083544,5.742625752229025,30.692171596023265
3880,05/15/2023 18:38:55.533549,4063,True,True,True,True,Eyes,1.441491,0.09916387,-3.707806,0.4666603,0.2749464,0.8406144,0.0,0.0,0.0,0.0,0.0,0.0,0.0,-3.071392,-0.4649499,2.498517,1.439553,0.0967083,-3.716254,-0.06073401,0.253083,0.004855123,0.9655242,353.123,29.44995,358.7668,0.3623938,0.02499193,-0.9316897,0,0,0,1.947618,0.4062145,-2.752797,-0.03507945,0.1762001,1.117989,0.8718508,-0.02136601,-0.4893053,-0.04011696,0.9925756,-0.1148228,0.4881257,0.1197378,0.8645208,moving,29.03649,18.11178,-1.797197,8.956405,1.4199651888078928,4.324371712646708,32.164221510936564,5.63966886654209,30.874522990696246
3881,05/15/2023 18:38:55.553178,4064,True,True,True,True,Eyes,1.441307,0.09916464,-3.707702,0.4667795,0.2752914,0.8404353,0.0,0.0,0.0,0.0,0.0,0.0,0.0,-3.070316,-0.4676403,2.499393,1.439392,0.09696293,-3.716347,-0.0614285,0.2528614,0.005304303,0.9655359,353.0326,29.42407,358.798,0.3623783,0.02498467,-0.931696,0,0,0,1.94416,0.403802,-2.752518,-0.0374583,0.1719084,1.11667,0.872066,-0.0208228,-0.4889452,-0.04130877,0.9923968,-0.1159403,0.4876419,0.1213054,0.8645754,moving,29.04788,18.13663,-1.921246,8.751824,1.41891449934917,4.32804339206803,32.35987250997,5.54314955855671,31.064107986232237
3882,05/15/2023 18:38:55.563495,4065,True,True,True,True,Eyes,1.441125,0.09916633,-3.707597,0.4668838,0.2756237,0.8402684,0.0,0.0,0.0,0.0,0.0,0.0,0.0,-3.069669,-0.4699519,2.499632,1.439483,0.09687328,-3.716233,-0.06228049,0.2526766,0.005967911,0.9655259,352.9184,29.40194,358.8481,0.3623613,0.02497826,-0.9317028,0,0,0,1.941031,0.4016194,-2.752266,-0.03967834,0.1677676,1.115318,0.8722379,-0.01994931,-0.488675,-0.04299799,0.992171,-0.117251,0.4871883,0.1232828,0.8645513,moving,29.05815,18.16046,-2.037484,8.554372,1.417859393012482,4.331558660330197,32.545589263765066,5.456331227604154,31.244115955643213
3883,05/15/2023 18:38:55.583051,4066,True,True,True,True,Eyes,1.440948,0.09915808,-3.707487,0.4669751,0.2758454,0.840145,0.0,0.0,0.0,0.0,0.0,0.0,0.0,-3.06891,-0.4695287,2.50037,1.439343,0.09689999,-3.716102,-0.06227026,0.2525563,0.00605699,0.9655576,352.9168,29.38698,358.8593,0.3623428,0.02497264,-0.9317101,0,0,0,1.937802,0.3993675,-2.752006,-0.04207313,0.1656069,1.113658,0.8723574,-0.01975674,-0.4884695,-0.04315022,0.9921715,-0.1171916,0.4869608,0.1233105,0.8646756,moving,29.06648,18.1766,-2.163561,8.458207,1.4172449011350403,4.333951552268375,32.70722585857948,5.461836128972336,31.40175822712651
3884,05/15/2023 18:38:55.603219,4067,True,True,True,True,Eyes,1.440774,0.0991537,-3.707385,0.4670361,0.2759866,0.8400647,0.0,0.0,0.0,0.0,0.0,0.0,0.0,-3.067219,-0.4669505,2.502628,1.439359,0.09666729,-3.715901,-0.06192886,0.2522333,0.006110439,0.9656635,352.9528,29.34654,358.8776,0.3623233,0.02496747,-0.9317178,0,0,0,1.934325,0.3969417,-2.751725,-0.04431331,0.1642974,1.111682,0.872682,-0.01943979,-0.4879019,-0.04304229,0.992255,-0.1165223,0.4863883,0.1226874,0.8650864,moving,29.07198,18.18691,-2.282688,8.406988,1.4168654094170967,4.335481660879848,32.844513692796674,5.5012597919590425,31.536304860351358
3885,05/15/2023 18:38:55.613784,4068,True,True,True,True,Eyes,1.440625,0.09913813,-3.707289,0.4670631,0.2760129,0.840041,0.0,0.0,0.0,0.0,0.0,0.0,0.0,-3.064606,-0.4624272,2.506777,1.439279,0.09677315,-3.716005,-0.06102024,0.2517408,0.005894357,0.9658512,353.0594,29.28496,358.8839,0.3623028,0.02496281,-0.9317259,0,0,0,1.930989,0.3946149,-2.751457,-0.04614827,0.1640663,1.109862,0.8731837,-0.01933642,-0.4870076,-0.0421087,0.9924836,-0.1149052,0.4855689,0.1208406,0.8658063,moving,29.07407,18.18901,-2.380998,8.408897,1.41685877252225,4.335801797146835,32.94042976613075,5.569005350697608,31.6311752926577
3886,05/15/2023 18:38:55.633521,4069,True,True,True,True,Eyes,1.440476,0.09912676,-3.707196,0.4670749,0.2759536,0.840054,0.0,0.0,0.0,0.0,0.0,0.0,0.0,-3.063452,-0.4598223,2.508472,1.439363,0.09651566,-3.715848,-0.0607023,0.2515032,0.005974172,0.9659326,353.0921,29.25467,358.9038,0.3622819,0.02495832,-0.9317341,0,0,0,1.927776,0.3923737,-2.751198,-0.04842508,0.1628821,1.10804,0.8734209,-0.01899235,-0.4865955,-0.04207494,0.9925591,-0.1142636,0.4851449,0.1202737,0.8661228,moving,29.07431,18.18509,-2.502426,8.362596,1.4171729234726596,4.335240402706302,33.06919480110957,5.619861993673947,31.75940406884047
3887,05/15/2023 18:38:55.653427,4070,True,True,True,True,Eyes,1.440359,0.09911296,-3.707122,0.4667076,0.2756815,0.8403474,0.0,0.0,0.0,0.0,0.0,0.0,0.0,-3.060505,-0.4579724,2.512331,1.439199,0.0966177,-3.715859,-0.05977589,0.251038,0.005152356,0.966116,353.2182,29.20011,358.8427,0.3622606,0.02495407,-0.9317425,0,0,0,1.924295,0.3899456,-2.750917,-0.05060667,0.1628731,1.106066,0.8739067,-0.0200565,-0.4856797,-0.03996761,0.9928006,-0.112914,0.4844478,0.1180878,0.8668134,moving,29.04668,18.16242,-2.619669,8.376854,1.416875289299595,4.331740164019431,33.14385253603082,5.714598476316477,31.837410212961615
3888,05/15/2023 18:38:55.663486,4071,True,True,True,True,Eyes,1.440237,0.09909974,-3.707047,0.4663163,0.2753803,0.8406633,0.0,0.0,0.0,0.0,0.0,0.0,0.0,-3.058423,-0.455688,2.515105,1.439102,0.09658909,-3.715779,-0.05916293,0.2506873,0.004815726,0.9662465,353.2956,29.15759,358.8256,0.3622395,0.02494998,-0.9317508,0,0,0,1.921032,0.3876697,-2.750654,-0.05269662,0.1622341,1.104243,0.8742654,-0.02035644,-0.4850213,-0.03896914,0.9929531,-0.1119175,0.4838817,0.1167464,0.8673112,moving,29.01715,18.1375,-2.732193,8.358038,1.4166094884523752,4.327899887383019,33.221358460199866,5.783993023418733,31.918525822514574
3889,05/15/2023 18:38:55.683364,4072,True,True,True,True,Eyes,1.44016,0.09909052,-3.706997,0.4654077,0.2750354,0.8412795,0.0,0.0,0.0,0.0,0.0,0.0,0.0,-3.055071,-0.4527515,2.519433,1.438841,0.09659958,-3.715695,-0.05863469,0.2500931,0.004761415,0.9664329,353.3552,29.08479,358.8391,0.3622185,0.02494603,-0.931759,0,0,0,1.917702,0.3853467,-2.750386,-0.05403963,0.161195,1.102542,0.8748615,-0.02012509,-0.4839548,-0.03853145,0.9930786,-0.1109514,0.4828381,0.1157146,0.8680308,moving,28.95199,18.10387,-2.80603,8.317885,1.4144066420409458,4.32249617715723,33.23157138536523,5.811644973256607,31.934970078227945
3890,05/15/2023 18:38:55.703589,4073,True,True,True,True,Eyes,1.44008,0.09907718,-3.706939,0.4644642,0.274724,0.8419024,0.0,0.0,0.0,0.0,0.0,0.0,0.0,-3.051489,-0.4508149,2.523926,1.438743,0.09673309,-3.7156,-0.05847843,0.2494027,0.005036357,0.9666194,353.3638,29.00031,358.879,0.3621984,0.0249423,-0.9317669,0,0,0,1.914472,0.383094,-2.750126,-0.05511919,0.1591556,1.100951,0.8755459,-0.01943288,-0.482744,-0.03890584,0.9931098,-0.1105406,0.4815659,0.115565,0.8687571,moving,28.88482,18.0722,-2.866123,8.225801,1.4119090035579052,4.3173566464624,33.24265264169588,5.794609140241093,31.95200146764328
3891,05/15/2023 18:38:55.713438,4074,True,True,True,True,Eyes,1.440046,0.09906158,-3.706909,0.4630402,0.2743419,0.8428109,0.0,0.0,0.0,0.0,0.0,0.0,0.0,-3.046693,-0.4504401,2.529366,1.438603,0.09661961,-3.715375,-0.05865067,0.2484998,0.005388763,0.9668397,353.3335,28.89157,358.9195,0.362179,0.02493865,-0.9317746,0,0,0,1.911039,0.3806994,-2.749849,-0.055823,0.1564981,1.099331,0.8764376,-0.01872922,-0.4811512,-0.03956951,0.9930621,-0.1107334,0.4798869,0.1160898,0.8696159,moving,28.78438,18.0305,-2.906929,8.102053,1.4077461798591622,4.310484560160203,33.21013589200276,5.743902257323142,31.927984257020864
3892,05/15/2023 18:38:55.738960,4075,True,True,True,True,Eyes,1.440004,0.09904702,-3.706874,0.4615586,0.2739862,0.8437387,0.0,0.0,0.0,0.0,0.0,0.0,0.0,-3.039866,-0.4472227,2.537928,1.438417,0.09660625,-3.715305,-0.05806692,0.2472333,0.005356887,0.9671998,353.3979,28.73859,358.9416,0.3621611,0.024935,-0.9317816,0,0,0,1.907694,0.378366,-2.74958,-0.05574608,0.1555892,1.097689,0.8776942,-0.01834979,-0.4788699,-0.0390745,0.9931991,-0.1096758,0.4776256,0.1149734,0.871008,moving,28.68041,17.9901,-2.907266,8.067509,1.4032277562681932,4.303768495680958,33.1095014645986,5.72242072961075,31.836343942860083
3893,05/15/2023 18:38:55.753365,4076,True,True,True,True,Eyes,1.439988,0.09902831,-3.706852,0.4598337,0.2735114,0.844834,0.0,0.0,0.0,0.0,0.0,0.0,0.0,-3.03207,-0.4494572,2.546446,1.438246,0.09663868,-3.715099,-0.05828949,0.2458203,0.00528237,0.9675469,353.3737,28.57211,358.9366,0.3621444,0.02493138,-0.9317882,0,0,0,1.904242,0.3759579,-2.749301,-0.05550876,0.1528575,1.096125,0.8790889,-0.0184356,-0.4763011,-0.03887936,0.9931489,-0.1101986,0.4750695,0.1153926,0.8723494,moving,28.55896,17.93914,-2.899032,7.938842,1.398234810467739,4.295381686177765,33.00925962151935,5.633942234239289,31.74683094773442
3894,05/15/2023 18:38:55.769042,4077,True,True,True,True,Eyes,1.439962,0.0990162,-3.706823,0.4580624,0.2730458,0.8459461,0.0,0.0,0.0,0.0,0.0,0.0,0.0,-3.022705,-0.4469229,2.557797,1.438059,0.09653664,-3.715034,-0.05765412,0.2441052,0.005037919,0.9680203,353.4494,28.36707,358.9391,0.3621291,0.02492767,-0.9317942,0,0,0,1.900705,0.373491,-2.749017,-0.0547069,0.1521131,1.094442,0.8807746,-0.01839373,-0.4731786,-0.03790097,0.9933012,-0.1091612,0.4720168,0.1140803,0.8741773,moving,28.43463,17.88851,-2.861611,7.912668,1.3930070366141405,4.2870171436825,32.847711097412024,5.589912232709756,31.59656983556516
3895,05/15/2023 18:38:55.783282,4078,True,True,True,True,Eyes,1.43996,0.09899266,-3.706799,0.4561156,0.272499,0.8471734,0.0,0.0,0.0,0.0,0.0,0.0,0.0,-3.013638,-0.447426,2.568,1.437841,0.0966835,-3.714848,-0.05753312,0.2424695,0.00489692,0.9684393,353.4651,28.17318,358.9379,0.3621151,0.02492405,-0.9317998,0,0,0,1.897754,0.3714325,-2.748779,-0.0534896,0.1503648,1.09308,0.8823691,-0.01841532,-0.4701975,-0.03738479,0.9933319,-0.1090599,0.4690706,0.1138094,0.8757969,moving,28.29789,17.83074,-2.801519,7.832487,1.387415347341994,4.277517783475199,32.667082869477184,5.494085647019025,31.428493186733526
3896,05/15/2023 18:38:55.803251,4079,True,True,True,True,Eyes,1.439943,0.09897415,-3.706769,0.4541181,0.2719327,0.8484276,0.0,0.0,0.0,0.0,0.0,0.0,0.0,-3.004685,-0.4460413,2.578229,1.43769,0.09642029,-3.714579,-0.05725752,0.2408411,0.004856866,0.9688621,353.4951,27.97898,358.9522,0.3621026,0.02492021,-0.9318047,0,0,0,1.894364,0.3690676,-2.748506,-0.05266798,0.1490285,1.091422,0.8839439,-0.01816866,-0.4672398,-0.03699119,0.993396,-0.1086098,0.4661274,0.1132887,0.8774343,moving,28.15777,17.77137,-2.762738,7.775377,1.3816984582379268,4.267758886992505,32.49611809176771,5.429524692187152,31.270308537776383
3897,05/15/2023 18:38:55.813588,4080,True,True,True,True,Eyes,1.439942,0.09895649,-3.706744,0.4519866,0.2712947,0.849769,0.0,0.0,0.0,0.0,0.0,0.0,0.0,-2.994358,-0.4440178,2.590096,1.437354,0.09653187,-3.71438,-0.05672134,0.238997,0.004685095,0.969351,353.5576,27.759,358.9604,0.3620913,0.02491631,-0.9318092,0,0,0,1.891119,0.3668043,-2.748244,-0.05113167,0.1480184,1.089883,0.885717,-0.01802945,-0.4638753,-0.03619545,0.9935215,-0.1077263,0.4628124,0.1122052,0.8793263,moving,28.00822,17.70604,-2.686052,7.734092,1.3757454925128343,4.257060839131097,32.273488818606026,5.346769544672457,31.06177659686949
3898,05/15/2023 18:38:55.833220,4081,True,True,True,True,Eyes,1.439927,0.09893137,-3.706714,0.4497751,0.270649,0.8511472,0.0,0.0,0.0,0.0,0.0,0.0,0.0,-2.982487,-0.443772,2.60338,1.437102,0.09657097,-3.714184,-0.05644877,0.2368672,0.004496178,0.9698904,353.5908,27.50651,358.961,0.3620813,0.02491238,-0.9318132,0,0,0,1.88783,0.3645099,-2.747979,-0.04912955,0.1464967,1.088403,0.8877474,-0.01802013,-0.4599781,-0.03546332,0.9935866,-0.1073682,0.4589629,0.1116282,0.8814149,moving,27.85349,17.6397,-2.584526,7.665817,1.3694915174645406,4.246172335146236,32.03047236794901,5.227640401010695,30.83311116770424
3899,05/15/2023 18:38:55.853227,4082,True,True,True,True,Eyes,1.439906,0.09890604,-3.70668,0.4475001,0.2698385,0.8526024,0.0,0.0,0.0,0.0,0.0,0.0,0.0,-2.969,-0.443623,2.618347,1.436785,0.0963726,-3.714008,-0.05605743,0.2344789,0.004078965,0.9704951,353.6432,27.2244,358.9408,0.3620722,0.02490823,-0.9318169,0,0,0,1.88445,0.3621523,-2.747707,-0.04668406,0.1454958,1.086938,0.8900061,-0.01837134,-0.4555786,-0.0342058,0.9936818,-0.1068941,0.4546639,0.1107198,0.8837546,moving,27.69335,17.56196,-2.459347,7.624205,1.363706082580165,4.23359782385191,31.74813554862449,5.109985508313368,30.566919475392783
3900,05/15/2023 18:38:55.863220,4083,True,True,True,True,Eyes,1.439871,0.0988749,-3.706636,0.4451405,0.2690024,0.8541005,0.0,0.0,0.0,0.0,0.0,0.0,0.0,-2.95522,-0.4407551,2.633976,1.436505,0.09637928,-3.713836,-0.05511105,0.2320475,0.003506359,0.9711357,353.7615,26.93602,358.9183,0.3620639,0.02490388,-0.9318202,0,0,0,1.881217,0.3598973,-2.747446,-0.04406226,0.1456372,1.085343,0.8922833,-0.01876646,-0.4510859,-0.03238706,0.993901,-0.1054133,0.4503129,0.1086679,0.8862334,moving,27.52764,17.48203,-2.324791,7.642608,1.3576805223182893,4.220659825452825,31.43217876482388,5.0269598985840265,30.267789245321364
3901,05/15/2023 18:38:55.883685,4084,True,True,True,True,Eyes,1.439839,0.09883592,-3.706595,0.4427036,0.2680137,0.8556765,0.0,0.0,0.0,0.0,0.0,0.0,0.0,-2.941137,-0.437222,2.649749,1.436192,0.09621906,-3.713585,-0.05434721,0.2295501,0.003301523,0.9717728,353.8494,26.63871,358.9319,0.362056,0.02489922,-0.9318234,0,0,0,1.877866,0.3575599,-2.747176,-0.04122671,0.1453243,1.083745,0.8945916,-0.01853416,-0.4464999,-0.03136747,0.9940709,-0.1041105,0.4457823,0.107142,0.8887063,moving,27.35581,17.39152,-2.178537,7.637491,1.3520097103312407,4.206147487997205,31.10335567827449,4.923299541079582,29.95717852870581
3902,05/15/2023 18:38:55.903039,4085,True,True,True,True,Eyes,1.43979,0.09879331,-3.706546,0.440171,0.2669684,0.8573082,0.0,0.0,0.0,0.0,0.0,0.0,0.0,-2.925831,-0.4322829,2.667067,1.435884,0.09603596,-3.713438,-0.05323496,0.2268463,0.002906231,0.9724703,353.981,26.317,358.9341,0.3620485,0.02489407,-0.9318265,0,0,0,1.874515,0.3552221,-2.746906,-0.03805059,0.1458401,1.082146,0.8970647,-0.01849986,-0.4415118,-0.02980474,0.9943151,-0.1022203,0.4408931,0.1048574,0.8914136,moving,27.1775,17.29675,-2.013814,7.67547,1.3461891212708026,4.19096615223946,30.73600237319414,4.840597901086967,29.608977690415742
3903,05/15/2023 18:38:55.913636,4086,True,True,True,True,Eyes,1.439744,0.09875251,-3.7065,0.4376233,0.2657763,0.8589813,0.0,0.0,0.0,0.0,0.0,0.0,0.0,-2.9097,-0.4269772,2.684969,1.435483,0.09592915,-3.713208,-0.05201174,0.2240351,0.00244124,0.9731892,354.1267,25.9829,358.9313,0.3620412,0.02488841,-0.9318295,0,0,0,1.871275,0.352962,-2.746645,-0.03444901,0.1466205,1.080528,0.8996047,-0.01855333,-0.4363112,-0.02805649,0.9945777,-0.1001407,0.4358032,0.1023284,0.8942062,moving,26.99738,17.19253,-1.826066,7.727462,1.3409518149301451,4.174410579920645,30.337741372085365,4.759640347107419,29.23117422990252
3904,05/15/2023 18:38:55.933222,4087,True,True,True,True,Eyes,1.439691,0.0987061,-3.706441,0.435002,0.264579,0.8606807,0.0,0.0,0.0,0.0,0.0,0.0,0.0,-2.893324,-0.4215743,2.703212,1.435248,0.0959692,-3.71312,-0.05080243,0.2211514,0.002045449,0.9739133,354.269,25.64028,358.9355,0.362034,0.02488233,-0.9318324,0,0,0,1.867868,0.3505857,-2.746371,-0.03105015,0.1470656,1.078888,0.9021757,-0.01848588,-0.4309725,-0.02645424,0.9948298,-0.0980496,0.4305568,0.09985902,0.8970222,moving,26.81277,17.08778,-1.648504,7.762269,1.335427450656479,4.157739580757111,29.950113073479322,4.67936739703182,28.863931733086083
3905,05/15/2023 18:38:55.943854,4088,True,True,True,True,Eyes,1.439628,0.09865297,-3.706385,0.4323827,0.2632743,0.8623988,0.0,0.0,0.0,0.0,0.0,0.0,0.0,-2.879597,-0.4170269,2.717957,1.435052,0.0958004,-3.712779,-0.05007208,0.2187366,0.002078135,0.9744962,354.3472,25.35275,358.9719,0.3620268,0.02487573,-0.9318353,0,0,0,1.864522,0.3482514,-2.746101,-0.02844933,0.1465759,1.077194,0.9042999,-0.01785493,-0.4265242,-0.02595547,0.9949769,-0.09668098,0.426108,0.09849923,0.8992941,moving,26.62791,16.97646,-1.512864,7.748761,1.3303820833597628,4.140121972748092,29.615090581554483,4.594161938759476,28.549405277257684
3906,05/15/2023 18:38:55.963433,4089,True,True,True,True,Eyes,1.439553,0.0985994,-3.706318,0.429689,0.2619416,0.8641493,0.0,0.0,0.0,0.0,0.0,0.0,0.0,-2.865752,-0.4087018,2.733513,1.434663,0.0956192,-3.712716,-0.04871683,0.2163179,0.002034925,0.9751047,354.4976,25.06328,359.0152,0.3620195,0.02486851,-0.9318383,0,0,0,1.861322,0.3460195,-2.745843,-0.02563974,0.1475151,1.075715,0.9064049,-0.01710812,-0.4220636,-0.02504519,0.995245,-0.09412764,0.4216671,0.09588841,0.9016665,moving,26.43837,16.86315,-1.36539,7.808388,1.3251463054840182,4.122177405393472,29.241029137399458,4.563675509818483,28.19653773102202
3907,05/15/2023 18:38:55.983155,4090,True,True,True,True,Eyes,1.439437,0.09854386,-3.706236,0.4270636,0.2605411,0.8658724,0.0,0.0,0.0,0.0,0.0,0.0,0.0,-2.851618,-0.4013493,2.748767,1.434337,0.09557438,-3.712421,-0.04761283,0.2138565,0.002167865,0.9757017,354.6155,24.7691,359.0714,0.3620119,0.02486072,-0.9318415,0,0,0,1.858051,0.3437378,-2.74558,-0.02273327,0.1476796,1.074046,0.9085214,-0.01613424,-0.4175267,-0.024595,0.9954566,-0.09198461,0.4171138,0.09383906,0.9039969,moving,26.25334,16.74655,-1.212542,7.828982,1.3204881380514526,4.103799322543047,28.877286802477617,4.504800512864284,27.853832284187277
3908,05/15/2023 18:38:55.993540,4091,True,True,True,True,Eyes,1.439313,0.09848264,-3.706148,0.4243675,0.2590981,0.8676292,0.0,0.0,0.0,0.0,0.0,0.0,0.0,-2.836867,-0.3941045,2.764774,1.434037,0.09547806,-3.712348,-0.04624658,0.2113125,0.001870762,0.9763221,354.7735,24.46687,359.0856,0.3620032,0.02485239,-0.9318451,0,0,0,1.854692,0.3413945,-2.745309,-0.02000964,0.1485419,1.072438,0.910687,-0.01589203,-0.4127913,-0.02319789,0.9957155,-0.08951249,0.4124452,0.09109376,0.9064165,moving,26.0638,16.62708,-1.068905,7.885783,1.3157185450921485,4.084969267877888,28.506033639551365,4.486938207519229,27.504080090275064
3909,05/15/2023 18:38:56.018564,4092,True,True,True,True,Eyes,1.439179,0.09842124,-3.706058,0.4216725,0.2575861,0.8693916,0.0,0.0,0.0,0.0,0.0,0.0,0.0,-2.82228,-0.3871892,2.780175,1.433733,0.09530258,-3.712126,-0.04497397,0.2088199,0.001606114,0.9769181,354.9202,24.17115,359.1,0.3619934,0.02484342,-0.9318492,0,0,0,1.851395,0.3390948,-2.745043,-0.01728901,0.1493185,1.07076,0.9127833,-0.01564483,-0.4081443,-0.02192101,0.9959496,-0.08720099,0.4078554,0.08854255,0.9087432,moving,25.87432,16.50367,-0.9250449,7.938754,1.3112515008043206,4.065573370700129,28.134742670413885,4.472421019921325,27.154524346110897
3910,05/15/2023 18:38:56.033606,4093,True,True,True,True,Eyes,1.439037,0.0983652,-3.705963,0.418908,0.2560942,0.8711669,0.0,0.0,0.0,0.0,0.0,0.0,0.0,-2.807946,-0.3801434,2.795335,1.433441,0.09526539,-3.712027,-0.04360415,0.2063794,0.001244923,0.9774992,355.0803,23.882,359.1049,0.3619824,0.0248339,-0.9318537,0,0,0,1.848096,0.3367941,-2.744778,-0.0147903,0.1501805,1.069146,0.9148119,-0.01556417,-0.40358,-0.02043182,0.9961942,-0.08473217,0.4033628,0.08575989,0.9110125,moving,25.68097,16.38159,-0.7925647,7.995893,1.3064018118290122,4.046334836347349,27.769910941303234,4.472658058230581,26.81112473045217
3911,05/15/2023 18:38:56.043503,4094,True,True,True,True,Eyes,1.438867,0.09830571,-3.705854,0.4162037,0.2546626,0.8728811,0.0,0.0,0.0,0.0,0.0,0.0,0.0,-2.793907,-0.3767067,2.809417,1.433146,0.09534645,-3.711826,-0.04304422,0.2039862,0.001307079,0.9780262,355.1395,23.5991,359.1372,0.3619703,0.02482401,-0.9318587,0,0,0,1.844684,0.3344142,-2.744503,-0.01237723,0.1489725,1.067655,0.9167759,-0.01500414,-0.3991202,-0.02011757,0.996291,-0.08366349,0.3988952,0.08473,0.9130738,moving,25.49255,16.26458,-0.6641955,7.943339,1.301527657455518,4.027868189874977,27.448467843066418,4.381207504409942,26.50940971114944
3912,05/15/2023 18:38:56.063363,4095,True,True,True,True,Eyes,1.438696,0.09824414,-3.705743,0.4134499,0.2532431,0.8746012,0.0,0.0,0.0,0.0,0.0,0.0,0.0,-2.781018,-0.3745775,2.822147,1.432985,0.09520435,-3.711654,-0.04278559,0.2017746,0.001468321,0.978496,355.1629,23.33813,359.1724,0.3619566,0.02481371,-0.9318643,0,0,0,1.841435,0.3321479,-2.744241,-0.01034534,0.1474201,1.066313,0.9185697,-0.0143926,-0.394997,-0.02013959,0.9963345,-0.08313852,0.3947456,0.08432359,0.9149128,moving,25.30149,16.14852,-0.5558649,7.871371,1.2963892416415237,4.009515031617703,27.149843424829452,4.283080308114494,26.229972948992813
3913,05/15/2023 18:38:56.083290,4096,True,True,True,True,Eyes,1.438511,0.09817088,-3.705617,0.4108736,0.2518411,0.8762186,0.0,0.0,0.0,0.0,0.0,0.0,0.0,-2.767533,-0.374575,2.83501,1.432695,0.09530354,-3.711486,-0.04225123,0.1995593,0.0007612132,0.9789742,355.2373,23.08,359.1161,0.3619415,0.024803,-0.9318705,0,0,0,1.838083,0.3298093,-2.743971,-0.008602232,0.1464843,1.064841,0.920351,-0.01537284,-0.3907912,-0.01835367,0.9964285,-0.0824219,0.3906625,0.08302952,0.9167818,moving,25.12267,16.03561,-0.4628493,7.832701,1.2919043147235056,3.991721651073688,26.86831803282359,4.222828744723566,25.966819065819088
3914,05/15/2023 18:38:56.094290,4097,True,True,True,True,Eyes,1.438316,0.09810967,-3.70549,0.4082566,0.2504344,0.8778435,0.0,0.0,0.0,0.0,0.0,0.0,0.0,-2.754365,-0.3729354,2.847529,1.43257,0.09494877,-3.711166,-0.04164363,0.1973758,0.0002044084,0.979443,355.3163,22.82483,359.0779,0.3619249,0.02479163,-0.9318773,0,0,0,1.834766,0.3274959,-2.743704,-0.006942391,0.1461239,1.063214,0.9220856,-0.01603848,-0.3866537,-0.0168393,0.9965315,-0.08149444,0.3866197,0.08165582,0.9186173,moving,24.94161,15.92258,-0.3741148,7.825481,1.2872652496600177,3.9738914442562105,26.579107102480627,4.1946305886600985,25.69605845421954
3915,05/15/2023 18:38:56.113547,4098,True,True,True,True,Eyes,1.438119,0.09804861,-3.705362,0.4058005,0.2490268,0.8793814,0.0,0.0,0.0,0.0,0.0,0.0,0.0,-2.74118,-0.3725805,2.85996,1.432305,0.09498596,-3.711028,-0.04101318,0.1952292,-0.000603477,0.9798996,355.4033,22.57511,359.0115,0.3619069,0.02477998,-0.9318846,0,0,0,1.831454,0.3251853,-2.743437,-0.005398214,0.1455048,1.061765,0.9237704,-0.01719663,-0.3825604,-0.01483124,0.9966351,-0.08061323,0.3826594,0.08014197,0.920407,moving,24.7715,15.81128,-0.2913001,7.803237,1.2832931411552777,3.956405619098742,26.311075643964255,4.156615876909792,25.44559143768724
3916,05/15/2023 18:38:56.133076,4099,True,True,True,True,Eyes,1.437914,0.09798618,-3.705231,0.403316,0.2476344,0.8809163,0.0,0.0,0.0,0.0,0.0,0.0,0.0,-2.729784,-0.3707916,2.870802,1.432123,0.09494019,-3.710893,-0.04026673,0.1933696,-0.001295848,0.9802985,355.5008,22.35824,358.9589,0.3618874,0.02476807,-0.9318925,0,0,0,1.828105,0.3228495,-2.743167,-0.004541993,0.1451246,1.060262,0.9252131,-0.01811336,-0.3790154,-0.01303208,0.9967539,-0.07944798,0.3792241,0.07844567,0.9219737,moving,24.60005,15.7012,-0.2454445,7.793995,1.2791310634814907,3.939083455473777,26.073405758771816,4.145440105089742,25.225079655963754
3917,05/15/2023 18:38:56.143712,4100,True,True,True,True,Eyes,1.437712,0.09790874,-3.705103,0.4009702,0.2462434,0.8823758,0.0,0.0,0.0,0.0,0.0,0.0,0.0,-2.718933,-0.3688968,2.880917,1.431767,0.0948534,-3.710717,-0.03976747,0.1916091,-0.001593211,0.980664,355.5616,22.15206,358.9446,0.3618665,0.02475591,-0.9319009,0,0,0,1.824759,0.3205155,-2.742897,-0.003601193,0.1441092,1.058896,0.9265668,-0.01836444,-0.3756816,-0.01211481,0.9968321,-0.0786076,0.3759351,0.07738651,0.923409,moving,24.43805,15.59275,-0.1948562,7.74999,1.2755342114173691,3.922078189437592,25.85128531186793,4.100604442204992,25.019231363222453
3918,05/15/2023 18:38:56.173140,4101,True,True,True,True,Eyes,1.437503,0.09783219,-3.704973,0.3985832,0.2448204,0.883852,0.0,0.0,0.0,0.0,0.0,0.0,0.0,-2.708213,-0.3636793,2.891366,1.431522,0.09443378,-3.710595,-0.03893235,0.1898338,-0.001718096,0.9810426,355.6565,21.94258,358.9569,0.3618444,0.02474314,-0.9319098,0,0,0,1.821473,0.3182234,-2.742632,-0.002626598,0.1440881,1.05751,0.9279203,-0.0181524,-0.3723364,-0.01141031,0.9969627,-0.07704088,0.3726041,0.07573626,0.9248948,moving,24.27354,15.48234,-0.1423085,7.758902,1.2719027974482673,3.904769241248399,25.6083024137641,4.105402893250861,24.793020018989836
3919,05/15/2023 18:38:56.184962,4102,True,True,True,True,Eyes,1.437291,0.09775382,-3.704847,0.3963519,0.2433789,0.8852524,0.0,0.0,0.0,0.0,0.0,0.0,0.0,-2.696762,-0.3569175,2.90254,1.431191,0.09439945,-3.71045,-0.03779394,0.1879538,-0.001869301,0.9814488,355.7859,21.72029,358.9729,0.3618211,0.02472984,-0.9319192,0,0,0,1.818004,0.3158037,-2.742353,-0.001504242,0.1441941,1.055965,0.9293399,-0.01787627,-0.3687928,-0.01053778,0.9971362,-0.07488831,0.3690754,0.07348294,0.9264901,moving,24.11938,15.37231,-0.08161888,7.775758,1.268996787632393,3.887605371289294,25.36525081836301,4.116053151479468,24.566320413403634
3920,05/15/2023 18:38:56.193121,4103,True,True,True,True,Eyes,1.437072,0.09766939,-3.704722,0.3940775,0.2419208,0.8866664,0.0,0.0,0.0,0.0,0.0,0.0,0.0,-2.685603,-0.3502145,2.913464,1.430909,0.09429359,-3.71039,-0.0367712,0.1861063,-0.001872112,0.9818397,355.8993,21.50171,359.0026,0.3617965,0.02471602,-0.9319291,0,0,0,1.814197,0.313148,-2.742046,-0.0008157194,0.1438292,1.054423,0.930722,-0.01736293,-0.3653153,-0.01001047,0.9972887,-0.07290366,0.3655908,0.07151002,0.9280248,moving,23.96268,15.26129,-0.04432495,7.767522,1.2659806209453524,3.87027699249346,25.149410440548074,4.111620038109683,24.366493053463294
3921,05/15/2023 18:38:56.213369,4104,True,True,True,True,Eyes,1.43684,0.09758581,-3.704594,0.3919275,0.2404518,0.8880178,0.0,0.0,0.0,0.0,0.0,0.0,0.0,-2.674658,-0.3432926,2.924049,1.430538,0.09407711,-3.710313,-0.0357755,0.184311,-0.001811488,0.9822149,356.0084,21.28925,359.0381,0.3617707,0.02470158,-0.9319395,0,0,0,1.811404,0.3111998,-2.741821,0.0008187294,0.1441886,1.053274,0.9320524,-0.01674617,-0.3619364,-0.009629089,0.9974337,-0.0709462,0.3621956,0.06961069,0.9294991,moving,23.81431,15.15088,0.04453706,7.795084,1.263525262990012,3.8531091001272495,24.88191794080135,4.12614812509871,24.115130675150635
3922,05/15/2023 18:38:56.233318,4105,True,True,True,True,Eyes,1.436606,0.09750883,-3.704466,0.3897108,0.2390072,0.8893825,0.0,0.0,0.0,0.0,0.0,0.0,0.0,-2.662876,-0.3353495,2.935412,1.430274,0.09402275,-3.710188,-0.03473176,0.1823525,-0.001543709,0.9826185,356.1185,21.05704,359.0983,0.3617435,0.02468661,-0.9319504,0,0,0,1.808215,0.3089751,-2.741564,0.002412915,0.1441328,1.051901,0.9334904,-0.0157006,-0.3582585,-0.009633083,0.9975827,-0.06881913,0.358473,0.06769313,0.9310826,moving,23.66213,15.04194,0.1314284,7.802157,1.2606810371908956,3.8361192196687126,24.619268382210947,4.123671567137436,23.868242076479653
3923,05/15/2023 18:38:56.243619,4106,True,True,True,True,Eyes,1.436379,0.09742797,-3.704338,0.3875606,0.2375951,0.8906994,0.0,0.0,0.0,0.0,0.0,0.0,0.0,-2.650968,-0.3302443,2.946515,1.430027,0.09411812,-3.710095,-0.03419008,0.180371,-0.00110824,0.9830037,356.1688,20.82292,359.1666,0.3617149,0.02467133,-0.9319619,0,0,0,1.804891,0.3066566,-2.741296,0.003913045,0.1427259,1.050657,0.9349303,-0.0145126,-0.3545349,-0.01015498,0.9976596,-0.06761774,0.3546864,0.06681817,0.9325947,moving,23.51479,14.93594,0.2133902,7.73596,1.257966985117577,3.8195942574217,24.388418248009447,4.053277845108506,23.651956867339795
3924,05/15/2023 18:38:56.263050,4107,True,True,True,True,Eyes,1.43615,0.09734429,-3.704209,0.3853478,0.2361674,0.8920382,0.0,0.0,0.0,0.0,0.0,0.0,0.0,-2.639502,-0.3254122,2.956981,1.42985,0.09395504,-3.709893,-0.03360372,0.17848,-0.0008786463,0.9833692,356.2286,20.60017,359.212,0.3616854,0.02465567,-0.9319738,0,0,0,1.801497,0.3042896,-2.741023,0.005044192,0.1417069,1.04927,0.9362883,-0.01372325,-0.3509644,-0.01026711,0.99774,-0.06640337,0.3510825,0.06577609,0.9340313,moving,23.36366,14.82886,0.2754379,7.691425,1.2550585049113194,3.802880924625664,24.166277705061518,4.010041340896084,23.444449467691946
3925,05/15/2023 18:38:56.283377,4108,True,True,True,True,Eyes,1.435908,0.09725656,-3.704071,0.3832218,0.2347502,0.8933271,0.0,0.0,0.0,0.0,0.0,0.0,0.0,-2.627255,-0.3184102,2.968331,1.429587,0.09382057,-3.709761,-0.03262497,0.1764776,-0.0007569621,0.9837636,356.335,20.36415,359.2534,0.361655,0.02463959,-0.931986,0,0,0,1.798134,0.3019438,-2.740752,0.006469041,0.1415252,1.047877,0.9377102,-0.0130045,-0.3471752,-0.01002581,0.99787,-0.0644577,0.347274,0.06392335,0.9355826,moving,23.21849,14.72342,0.3537094,7.691765,1.2524601914461857,3.786455425979456,23.921587821989604,4.007392650347813,23.214362860678094
3926,05/15/2023 18:38:56.293391,4109,True,True,True,True,Eyes,1.43566,0.09716623,-3.70394,0.3810284,0.2332748,0.8946508,0.0,0.0,0.0,0.0,0.0,0.0,0.0,-2.615733,-0.3132555,2.978622,1.429395,0.09363937,-3.709507,-0.03178583,0.1746167,-0.000875535,0.9841229,356.4307,20.14593,359.2638,0.3616234,0.02462305,-0.9319987,0,0,0,1.794855,0.2996562,-2.740488,0.007544518,0.1412525,1.046419,0.9390166,-0.01282394,-0.3436329,-0.009377405,0.9979777,-0.0628681,0.3437442,0.06225656,0.9369974,moving,23.06897,14.61414,0.4130866,7.687692,1.249835519990623,3.769439918339597,23.691026455835544,4.006600570376533,22.998566611845924
3927,05/15/2023 18:38:56.318226,4110,True,True,True,True,Eyes,1.435424,0.09706838,-3.703811,0.3788399,0.2317971,0.8959634,0.0,0.0,0.0,0.0,0.0,0.0,0.0,-2.602728,-0.3033106,2.990934,1.429028,0.09351349,-3.709584,-0.03027526,0.1725121,-0.0009161682,0.9845417,356.6005,19.8979,359.2969,0.3615908,0.02460602,-0.9320118,0,0,0,1.791447,0.2972792,-2.740213,0.00911966,0.1421643,1.045108,0.9404775,-0.01224971,-0.3396352,-0.008641686,0.9981651,-0.05993061,0.3397461,0.0592984,0.9386459,moving,22.92008,14.50511,0.4999527,7.746301,1.247237834224808,3.752465853581179,23.41673775842156,4.063145856181345,22.739510658670433
3928,05/15/2023 18:38:56.333039,4111,True,True,True,True,Eyes,1.435185,0.09696818,-3.703684,0.3765785,0.2302632,0.8973113,0.0,0.0,0.0,0.0,0.0,0.0,0.0,-2.589432,-0.2975826,3.002654,1.428816,0.093256,-3.709371,-0.02951575,0.1703573,-0.0007812707,0.98494,356.6821,19.6451,359.3345,0.3615573,0.02458836,-0.9320252,0,0,0,1.788136,0.2949692,-2.739946,0.0108465,0.1416783,1.04374,0.9419556,-0.01159546,-0.3355374,-0.008517437,0.9982564,-0.05840868,0.3356296,0.0578763,0.9402145,moving,22.76654,14.39238,0.5953934,7.730141,1.2445813355796198,3.734919282685268,23.150489628770544,4.0476217148104885,22.488252406026653
3929,05/15/2023 18:38:56.353406,4112,True,True,True,True,Eyes,1.434934,0.09687436,-3.703551,0.3743334,0.2286808,0.8986543,0.0,0.0,0.0,0.0,0.0,0.0,0.0,-2.575239,-0.2893361,3.015416,1.428535,0.09312248,-3.709302,-0.02805926,0.1680925,-0.001162188,0.9853711,356.8525,19.38005,359.3273,0.3615231,0.02457007,-0.932039,0,0,0,1.784805,0.2926463,-2.739678,0.01265737,0.1426676,1.042303,0.9434872,-0.01172347,-0.3312017,-0.007142723,0.9984227,-0.05568828,0.3313321,0.05490686,0.9419153,moving,22.61411,14.27705,0.6957464,7.794056,1.2422024844709345,3.717008668010447,22.85703117436385,4.113505706758949,22.21050476045837
3930,05/15/2023 18:38:56.363347,4113,True,True,True,True,Eyes,1.434682,0.09677666,-3.703417,0.3720403,0.2271186,0.9000017,0.0,0.0,0.0,0.0,0.0,0.0,0.0,-2.563265,-0.2837411,3.025905,1.428416,0.09319687,-3.709162,-0.02696831,0.1661801,-0.001550943,0.9857254,356.9819,19.15681,359.3103,0.361488,0.02455138,-0.9320531,0,0,0,1.781573,0.2903914,-2.739417,0.01365641,0.1427632,1.040885,0.9447635,-0.0120208,-0.3275322,-0.005905584,0.9985406,-0.05368216,0.3276995,0.05265122,0.9433138,moving,22.4591,14.16309,0.7516775,7.809709,1.2395319585419782,3.699272440056624,22.618082184939272,4.139286253213036,21.98631556108322
3931,05/15/2023 18:38:56.383299,4114,True,True,True,True,Eyes,1.434416,0.09667841,-3.703281,0.3697432,0.2255461,0.9013429,0.0,0.0,0.0,0.0,0.0,0.0,0.0,-2.551303,-0.2811729,3.035922,1.428168,0.09301281,-3.709004,-0.02644023,0.1642939,-0.001809201,0.9860554,357.0452,18.93728,359.2968,0.3614519,0.02453224,-0.9320676,0,0,0,1.778235,0.2880633,-2.739148,0.01463079,0.1418372,1.039655,0.9460086,-0.01225588,-0.3239101,-0.005119991,0.9985952,-0.05273756,0.3241014,0.05154859,0.944617,moving,22.30411,14.04883,0.8062557,7.768745,1.2368855937423682,3.681493262511157,22.39636593537562,4.1098745566002535,21.778740016745203
3932,05/15/2023 18:38:56.393195,4115,True,True,True,True,Eyes,1.434148,0.09658308,-3.703147,0.3673947,0.2239811,0.9026924,0.0,0.0,0.0,0.0,0.0,0.0,0.0,-2.538842,-0.2756033,3.046672,1.427931,0.09291553,-3.708944,-0.02539214,0.1623268,-0.002184615,0.9864079,357.1693,18.70787,359.2798,0.3614148,0.02451267,-0.9320825,0,0,0,1.774799,0.2856662,-2.738872,0.01561603,0.1418528,1.038337,0.9472905,-0.01255349,-0.3201298,-0.003933802,0.9987009,-0.05080326,0.3203516,0.04938477,0.9460106,moving,22.14626,13.93512,0.8616332,7.779331,1.2339892087467934,3.663768151310786,22.15691937584734,4.132372993663655,21.553697886807228
3933,05/15/2023 18:38:56.413464,4116,True,True,True,True,Eyes,1.433901,0.09648414,-3.70302,0.3650242,0.2224032,0.9040432,0.0,0.0,0.0,0.0,0.0,0.0,0.0,-2.526366,-0.2720914,3.057093,1.427646,0.09290314,-3.708849,-0.02470286,0.1603692,-0.002447087,0.986745,357.2507,18.47994,359.2685,0.3613768,0.0244928,-0.9320978,0,0,0,1.771585,0.2834247,-2.738613,0.01686382,0.141161,1.03718,0.9485515,-0.01275246,-0.3163661,-0.003093855,0.9987676,-0.04953573,0.3166078,0.04796598,0.9473431,moving,21.98731,13.82085,0.9315072,7.750376,1.231055051681741,3.645952927794034,21.913408820563813,4.115339314212597,21.32424028056433
3934,05/15/2023 18:38:56.433320,4117,True,True,True,True,Eyes,1.433655,0.09639182,-3.702893,0.3626092,0.2208348,0.9053985,0.0,0.0,0.0,0.0,0.0,0.0,0.0,-2.514056,-0.2678962,3.067346,1.427432,0.09274197,-3.708733,-0.0238756,0.1584393,-0.002818313,0.9870761,357.3496,18.25538,359.2469,0.3613382,0.02447255,-0.9321133,0,0,0,1.768213,0.2810727,-2.738341,0.01780301,0.1408262,1.03591,0.9497781,-0.01312944,-0.3126488,-0.002001887,0.998844,-0.04802712,0.3129179,0.04624099,0.9486539,moving,21.82594,13.70731,0.9845805,7.741582,1.2278893131407744,3.628221490639569,21.678380391030696,4.120550188811912,21.10313994275279
3935,05/15/2023 18:38:56.443706,4118,True,True,True,True,Eyes,1.433431,0.09629457,-3.702773,0.3601749,0.2193004,0.9067422,0.0,0.0,0.0,0.0,0.0,0.0,0.0,-2.50191,-0.264647,3.077268,1.427218,0.09281921,-3.708585,-0.02321167,0.1565389,-0.003092857,0.9873942,357.4283,18.03432,359.2329,0.3612992,0.02445213,-0.9321289,0,0,0,1.764912,0.2787696,-2.738075,0.0187743,0.13993,1.034684,0.950972,-0.01337479,-0.3089876,-0.00115932,0.9989033,-0.04680644,0.3092748,0.04486983,0.9499135,moving,21.6639,13.5962,1.039515,7.701916,1.2244908535627004,3.610833505502197,21.45012448683879,4.095262145844587,20.888176322968718
3936,05/15/2023 18:38:56.463400,4119,True,True,True,True,Eyes,1.43321,0.09619146,-3.702652,0.357723,0.2177786,0.9080786,0.0,0.0,0.0,0.0,0.0,0.0,0.0,-2.491692,-0.2625836,3.085538,1.427066,0.09261894,-3.708494,-0.02302291,0.1549184,-0.002921109,0.9876547,357.4453,17.84547,359.2599,0.3612603,0.02443143,-0.9321446,0,0,0,1.761539,0.2764174,-2.737803,0.01912975,0.1381205,1.033659,0.9519836,-0.01290344,-0.3058773,-0.001363248,0.9989228,-0.04638243,0.3061463,0.04457229,0.9509405,moving,21.50117,13.48617,1.060242,7.610942,1.2209603827779327,3.5935947378725244,21.268517615319784,4.020560834396847,20.718938223484884
3937,05/15/2023 18:38:56.483416,4120,True,True,True,True,Eyes,1.433027,0.09609026,-3.702548,0.3552212,0.2162532,0.9094242,0.0,0.0,0.0,0.0,0.0,0.0,0.0,-2.481988,-0.2582916,3.093475,1.426935,0.09242725,-3.708353,-0.0223823,0.1533908,-0.002972355,0.9879076,357.5177,17.66732,359.2694,0.3612214,0.02441031,-0.9321602,0,0,0,1.758264,0.274133,-2.737539,0.01932061,0.1373731,1.032488,0.952925,-0.0127393,-0.3029387,-0.0009936523,0.9989804,-0.04513515,0.3032047,0.04331143,0.9519406,moving,21.33562,13.37602,1.072032,7.578723,1.2172335116117612,3.5763140750488587,21.076566398252655,4.005041907583851,20.539702632349893
3938,05/15/2023 18:38:56.493368,4121,True,True,True,True,Eyes,1.43284,0.09599058,-3.702443,0.3527172,0.2147244,0.9107601,0.0,0.0,0.0,0.0,0.0,0.0,0.0,-2.472168,-0.2560591,3.10143,1.426752,0.09240246,-3.708354,-0.02182293,0.1518703,-0.003361688,0.9881539,357.5867,17.49098,359.2389,0.3611834,0.02438887,-0.9321755,0,0,0,1.75475,0.2716814,-2.737256,0.01915526,0.1362346,1.03142,0.9538484,-0.01327224,-0.2999956,1.52234e-05,0.9990249,-0.0441499,0.300289,0.04210774,0.9529184,moving,21.17028,13.26602,1.063959,7.524323,1.2135105903842027,3.559056809715008,20.910074810838196,3.9680853869345727,20.38540773378077
3939,05/15/2023 18:38:56.513476,4122,True,True,True,True,Eyes,1.432705,0.09589134,-3.702357,0.3502086,0.2131665,0.9120933,0.0,0.0,0.0,0.0,0.0,0.0,0.0,-2.462788,-0.2525947,3.108891,1.426496,0.09230518,-3.708225,-0.02106716,0.1504408,-0.003807975,0.9883873,357.6789,17.32504,359.2048,0.3611459,0.02436715,-0.9321906,0,0,0,1.751419,0.2693582,-2.736988,0.01907319,0.1357173,1.030262,0.9547062,-0.01386623,-0.297227,0.001188792,0.9990833,-0.04279078,0.2975479,0.04049927,0.9538476,moving,21.00486,13.15456,1.060592,7.50441,1.2098923317622674,3.541588973227272,20.729158716125553,3.9656324942304453,20.21694723146814
3940,05/15/2023 18:38:56.533149,4123,True,True,True,True,Eyes,1.432567,0.09579932,-3.702271,0.3476968,0.2116581,0.9134046,0.0,0.0,0.0,0.0,0.0,0.0,0.0,-2.45294,-0.2479282,3.116873,1.426242,0.09226227,-3.708181,-0.02015965,0.1489303,-0.004203286,0.9886333,357.7873,17.14939,359.1791,0.36111,0.02434519,-0.9322051,0,0,0,1.748232,0.2671351,-2.736731,0.01928854,0.1355279,1.02919,0.9556042,-0.01431578,-0.2943053,0.002306256,0.9991518,-0.04111298,0.2946442,0.038609,0.9548267,moving,20.83984,13.04657,1.073682,7.501779,1.2060406120975968,3.524623437898676,20.52914292693791,3.9793573812048977,20.029173436835293
3941,05/15/2023 18:38:56.543959,4124,True,True,True,True,Eyes,1.432485,0.09570556,-3.702208,0.3451951,0.2101863,0.9146924,0.0,0.0,0.0,0.0,0.0,0.0,0.0,-2.44419,-0.2472551,3.123642,1.426064,0.09234905,-3.708119,-0.02000398,0.147577,-0.004267114,0.9888391,357.8049,16.99241,359.1776,0.3610754,0.02432319,-0.932219,0,0,0,1.744934,0.2648347,-2.736465,0.0190748,0.1334867,1.02828,0.9564056,-0.01434324,-0.2916893,0.002534723,0.9991633,-0.04082089,0.2920307,0.03830197,0.9556417,moving,20.67597,12.94128,1.062727,7.39652,1.2020683539477646,3.508056072454017,20.381944569511738,3.8909597439123327,19.89284291349298
3942,05/15/2023 18:38:56.563380,4125,True,True,True,True,Eyes,1.4324,0.09561314,-3.702137,0.3427095,0.208756,0.9159536,0.0,0.0,0.0,0.0,0.0,0.0,0.0,-2.436075,-0.2469668,3.129898,1.425856,0.09224129,-3.708118,-0.01996468,0.1463265,-0.004274481,0.9890257,357.8085,16.84742,359.1802,0.361043,0.02430109,-0.9322321,0,0,0,1.741631,0.2625302,-2.736199,0.01865864,0.1313732,1.027488,0.9571406,-0.01429787,-0.2892706,0.002612423,0.9991663,-0.0407421,0.289612,0.03824021,0.95638,moving,20.51364,12.83904,1.040347,7.286227,1.1979774872437972,3.491940597084381,20.249515363998665,3.7975593053774768,19.770756656134473
3943,05/15/2023 18:38:56.583189,4126,True,True,True,True,Eyes,1.432359,0.09551924,-3.702084,0.3402466,0.2072986,0.917202,0.0,0.0,0.0,0.0,0.0,0.0,0.0,-2.428999,-0.2455909,3.135173,1.42572,0.09218311,-3.707896,-0.01975111,0.1452401,-0.004303961,0.9891899,357.8323,16.72127,359.1828,0.3610126,0.02427892,-0.9322445,0,0,0,1.738282,0.2601943,-2.735929,0.01784948,0.1295461,1.026421,0.9577736,-0.01425218,-0.28717,0.002777562,0.9991828,-0.04032543,0.2875101,0.037825,0.9570305,moving,20.35291,12.73556,0.9962742,7.193353,1.1940970484365143,3.4756608574981627,20.13443338971054,3.7229516174378947,19.665959351884453
3944,05/15/2023 18:38:56.603510,4127,True,True,True,True,Eyes,1.432304,0.0954257,-3.702033,0.3377848,0.2058522,0.9184369,0.0,0.0,0.0,0.0,0.0,0.0,0.0,-2.421301,-0.2433735,3.141177,1.425468,0.09209251,-3.707895,-0.01935026,0.1440692,-0.004455866,0.9893684,357.8793,16.58532,359.1748,0.3609849,0.02425665,-0.9322558,0,0,0,1.734848,0.2577994,-2.735653,0.01714626,0.1281044,1.025536,0.9584485,-0.01439254,-0.2849025,0.003241439,0.9992114,-0.03957298,0.2852474,0.03700517,0.9577394,moving,20.19263,12.6331,0.9578574,7.120198,1.1901722063380995,3.4595316735939354,20.00921201435266,3.6680305509260935,19.55097746914871
3945,05/15/2023 18:38:56.613819,4128,True,True,True,True,Eyes,1.432305,0.09533384,-3.701999,0.3353168,0.2043748,0.9196703,0.0,0.0,0.0,0.0,0.0,0.0,0.0,-2.412532,-0.2403964,3.147967,1.425101,0.09202099,-3.707886,-0.0187767,0.1427538,-0.004715725,0.9895689,357.9475,16.43265,359.1575,0.3609591,0.02423429,-0.9322664,0,0,0,1.731266,0.2553007,-2.735364,0.01667976,0.1269238,1.024601,0.9591982,-0.01469396,-0.2823524,0.003972183,0.9992504,-0.03850806,0.2827066,0.0358153,0.9585376,moving,20.03213,12.52902,0.9326512,7.061615,1.1863539343150733,3.4431676953328774,19.866620443992844,3.627330419751102,19.418802000823586
3946,05/15/2023 18:38:56.633794,4129,True,True,True,True,Eyes,1.432299,0.09524734,-3.701956,0.3328508,0.2029326,0.9208847,0.0,0.0,0.0,0.0,0.0,0.0,0.0,-2.404118,-0.2396405,3.154268,1.424855,0.0920105,-3.707821,-0.01851766,0.1414846,-0.004974323,0.9897549,357.98,16.28578,359.135,0.3609363,0.02421188,-0.9322758,0,0,0,1.728187,0.2531525,-2.735116,0.01649559,0.1253962,1.023786,0.9599148,-0.01508665,-0.2798858,0.004606795,0.9992647,-0.03806347,0.2802542,0.03524831,0.9592785,moving,19.87222,12.42747,0.9230895,6.982972,1.182387184382255,3.4271725556757877,19.71578314899092,3.5652412228883446,19.27799390185948
3947,05/15/2023 18:38:56.654477,4130,True,True,True,True,Eyes,1.43234,0.09516707,-3.701931,0.3303366,0.2015066,0.9221023,0.0,0.0,0.0,0.0,0.0,0.0,0.0,-2.396194,-0.2365172,3.160165,1.424679,0.09205341,-3.707579,-0.018179,0.1402643,-0.004752987,0.9899359,358.0138,16.14357,359.1681,0.360916,0.02418955,-0.9322842,0,0,0,1.724653,0.2506875,-2.734831,0.01588607,0.1235062,1.022684,0.9606067,-0.01451003,-0.2775325,0.004310577,0.9992938,-0.03732544,0.2778781,0.03465874,0.9599909,moving,19.70971,12.32703,0.8899444,6.886078,1.1781469789467702,3.411314253484925,19.59049606072412,3.486695257777349,19.162297618156977
3948,05/15/2023 18:38:56.673197,4131,True,True,True,True,Eyes,1.432371,0.09508124,-3.701901,0.3278177,0.2001512,0.9232958,0.0,0.0,0.0,0.0,0.0,0.0,0.0,-2.387226,-0.2359886,3.16691,1.424484,0.09214592,-3.707589,-0.01833649,0.1388685,-0.004294459,0.9901318,357.9875,15.9813,359.2205,0.3608989,0.02416745,-0.9322914,0,0,0,1.721492,0.248483,-2.734576,0.01599628,0.1207481,1.022042,0.9613942,-0.01359688,-0.2748388,0.003411441,0.9992906,-0.03750381,0.2751537,0.03511835,0.9607587,moving,19.54749,12.23128,0.8966796,6.737918,1.1735729683860532,3.396132663593034,19.442987286931814,3.353237118379908,19.023802975295016
3949,05/15/2023 18:38:56.683437,4132,True,True,True,True,Eyes,1.432457,0.0949932,-3.701888,0.3252469,0.1987065,0.9245162,0.0,0.0,0.0,0.0,0.0,0.0,0.0,-2.379164,-0.2340793,3.172872,1.424286,0.09191132,-3.707465,-0.01842795,0.1376129,-0.003680499,0.9903078,357.9664,15.83487,359.2913,0.3608844,0.0241454,-0.9322976,0,0,0,1.71797,0.2460258,-2.734293,0.01553363,0.1181515,1.021206,0.9620984,-0.0123615,-0.2724226,0.002217808,0.9992937,-0.03751165,0.2726938,0.03548571,0.9614462,moving,19.38199,12.13006,0.871462,6.599662,1.169173923745984,3.3801361068496787,19.319030743730078,3.2332614132182247,18.909081984382592
3950,05/15/2023 18:38:56.703536,4133,True,True,True,True,Eyes,1.432532,0.09490635,-3.701869,0.3226766,0.1972592,0.9257261,0.0,0.0,0.0,0.0,0.0,0.0,0.0,-2.370526,-0.230691,3.179433,1.424101,0.09181118,-3.707413,-0.01795975,0.1362906,-0.00365623,0.9904995,358.0182,15.6812,359.3041,0.3608733,0.02412333,-0.9323024,0,0,0,1.714232,0.2434184,-2.733991,0.01481664,0.1165845,1.020245,0.9628232,-0.01213848,-0.2698602,0.002347496,0.9993282,-0.03657487,0.2701229,0.03458164,0.9622046,moving,19.21681,12.02902,0.8320274,6.518975,1.1647845739150835,3.364168221381335,19.1927284967846,3.1723072277461135,18.7922030613679
3951,05/15/2023 18:38:56.713593,4134,True,True,True,True,Eyes,1.432643,0.09481726,-3.701856,0.3201115,0.1957104,0.9269444,0.0,0.0,0.0,0.0,0.0,0.0,0.0,-2.361543,-0.2262783,3.186224,1.423953,0.09176731,-3.707296,-0.0172096,0.1349235,-0.003863542,0.9906991,358.1057,15.52248,359.2949,0.3608653,0.02410127,-0.9323061,0,0,0,1.71159,0.241576,-2.733778,0.01518592,0.1163717,1.019382,0.9635615,-0.01229917,-0.2672041,0.003011262,0.9993778,-0.03514163,0.26747,0.0330565,0.962999,moving,19.05187,11.92205,0.8534823,6.512639,1.1608614905673922,3.3473500081130148,18.98533755945446,3.180178669344663,18.595244170262962
3952,05/15/2023 18:38:56.738869,4135,True,True,True,True,Eyes,1.432733,0.09472593,-3.701841,0.3175316,0.1941385,0.9281616,0.0,0.0,0.0,0.0,0.0,0.0,0.0,-2.352701,-0.222901,3.192693,1.423713,0.09167099,-3.707129,-0.01653061,0.1336055,-0.004230208,0.9908877,358.1875,15.36984,359.2662,0.3608605,0.02407916,-0.9323086,0,0,0,1.708091,0.2391353,-2.733497,0.01466975,0.1155092,1.018342,0.9642633,-0.01280048,-0.2646362,0.00396616,0.9994177,-0.03389032,0.2649159,0.0316296,0.9637526,moving,18.88623,11.81392,0.8253181,6.471322,1.1569751891415636,3.3303589295715605,18.834539868262397,3.158424517789384,18.45435097988734
3953,05/15/2023 18:38:56.753372,4136,True,True,True,True,Eyes,1.432836,0.0946373,-3.701831,0.3149475,0.1924556,0.9293917,0.0,0.0,0.0,0.0,0.0,0.0,0.0,-2.342132,-0.2163091,3.200683,1.423321,0.09154892,-3.707091,-0.01546369,0.1320286,-0.004470041,0.9911153,358.3111,15.18658,359.258,0.3608584,0.02405695,-0.9323099,0,0,0,1.704726,0.2367881,-2.733226,0.01496771,0.1155066,1.017413,0.965097,-0.01294395,-0.2615729,0.004777356,0.9994817,-0.03183293,0.2618494,0.02947224,0.9646586,moving,18.72023,11.69928,0.8428484,6.477042,1.1535553286788691,3.3124289057140244,18.624514560134514,3.1798293715316412,18.254996727468914
3954,05/15/2023 18:38:56.763934,4137,True,True,True,True,Eyes,1.432927,0.09455295,-3.701811,0.3123318,0.1908062,0.9306137,0.0,0.0,0.0,0.0,0.0,0.0,0.0,-2.331299,-0.210766,3.208768,1.423054,0.0915575,-3.707035,-0.01467994,0.1303862,-0.004435623,0.9913447,358.3984,14.9957,359.2765,0.3608588,0.02403472,-0.9323103,0,0,0,1.70139,0.2344611,-2.732957,0.01537031,0.11474,1.016523,0.9659595,-0.01262258,-0.258385,0.004966341,0.9995296,-0.03026245,0.2586454,0.02794907,0.9655679,moving,18.55274,11.58692,0.8662735,6.440003,1.1498543490267994,3.294813605277692,18.420147986932985,3.1579478188545864,18.060771243300596
3955,05/15/2023 18:38:56.783515,4138,True,True,True,True,Eyes,1.433021,0.09446437,-3.701792,0.3097034,0.189069,0.9318458,0.0,0.0,0.0,0.0,0.0,0.0,0.0,-2.320185,-0.2060436,3.216788,1.422853,0.09157181,-3.706823,-0.01419377,0.1286877,-0.004069888,0.9915752,358.4471,14.79826,359.328,0.3608614,0.02401258,-0.9323099,0,0,0,1.698201,0.2322362,-2.7327,0.01607898,0.1133787,1.015581,0.9668459,-0.01172433,-0.2550915,0.004418074,0.999564,-0.02919586,0.2553225,0.02710089,0.966476,moving,18.38448,11.46946,0.9070479,6.370081,1.1464832273979455,3.276458460918267,18.206161017516884,3.1028744238722696,17.856951721525846
3956,05/15/2023 18:38:56.793753,4139,True,True,True,True,Eyes,1.433104,0.09437125,-3.701762,0.3070351,0.1873347,0.9330783,0.0,0.0,0.0,0.0,0.0,0.0,0.0,-2.30808,-0.2001301,3.225714,1.422666,0.09141254,-3.706776,-0.013424,0.1268417,-0.003957975,0.9918243,358.5317,14.58395,359.3548,0.360866,0.02399041,-0.9323087,0,0,0,1.694687,0.229785,-2.732417,0.01664677,0.1126033,1.014673,0.9677911,-0.01125668,-0.2515032,0.004445784,0.9996083,-0.02763256,0.2517156,0.02562442,0.9674621,moving,18.21411,11.35238,0.9399133,6.332488,1.1429296005089693,3.2581395003927485,17.98880727902645,3.0810443546482262,17.64977015213759
3957,05/15/2023 18:38:56.813523,4140,True,True,True,True,Eyes,1.433168,0.09427983,-3.701724,0.3043755,0.1854967,0.934316,0.0,0.0,0.0,0.0,0.0,0.0,0.0,-2.29573,-0.193381,3.234538,1.422477,0.09121895,-3.706514,-0.01254711,0.1249698,-0.003835699,0.9920739,358.6284,14.36664,359.3841,0.3608721,0.02396811,-0.9323069,0,0,0,1.691492,0.2275567,-2.732159,0.0176335,0.112303,1.013608,0.9687357,-0.01074661,-0.2478623,0.004474573,0.9996557,-0.02585401,0.2480549,0.02393662,0.9684503,moving,18.04424,11.22933,0.9966609,6.32232,1.1398642124182308,3.23896673442437,17.739749161441285,3.0866769427692713,17.411331270477866
3958,05/15/2023 18:38:56.833589,4141,True,True,True,True,Eyes,1.433216,0.0941833,-3.701673,0.3016915,0.1836337,0.9355537,0.0,0.0,0.0,0.0,0.0,0.0,0.0,-2.283067,-0.188221,3.243567,1.422297,0.09120369,-3.706388,-0.01151671,0.1230775,-0.004380167,0.9923207,358.7521,14.14777,359.3393,0.3608795,0.02394575,-0.9323046,0,0,0,1.688308,0.2253359,-2.731903,0.01846081,0.1123251,1.012628,0.9696655,-0.01152796,-0.2441638,0.005858164,0.9996964,-0.02393474,0.2443656,0.02177835,0.9694386,moving,17.87315,11.10503,1.04442,6.32962,1.1368045271121217,3.219603621318818,17.49316135182546,3.111388239438297,17.175314663913177
3959,05/15/2023 18:38:56.853201,4142,True,True,True,True,Eyes,1.43323,0.09407759,-3.701614,0.2990284,0.1816328,0.9367986,0.0,0.0,0.0,0.0,0.0,0.0,0.0,-2.271016,-0.1814368,3.251878,1.421955,0.09101582,-3.706062,-0.01031072,0.1213093,-0.004875887,0.9925493,358.895,13.94299,359.3019,0.3608876,0.02392321,-0.9323021,0,0,0,1.684934,0.222982,-2.731631,0.01906347,0.1127237,1.011444,0.9705206,-0.01218069,-0.2407104,0.007177542,0.9997398,-0.02165078,0.2409115,0.01928482,0.9703555,moving,17.70321,10.97275,1.07977,6.359274,1.134432558987666,3.199103450097761,17.251751164336213,3.1606432731050966,16.9447998046804
3960,05/15/2023 18:38:56.863484,4143,True,True,True,True,Eyes,1.43323,0.09396237,-3.701551,0.2963058,0.1795639,0.9380616,0.0,0.0,0.0,0.0,0.0,0.0,0.0,-2.257076,-0.1714193,3.261848,1.421599,0.09072495,-3.705976,-0.008722356,0.1192409,-0.005256698,0.9928132,359.0795,13.70306,359.2827,0.3608957,0.0239003,-0.9322995,0,0,0,1.681672,0.2207066,-2.731368,0.02036816,0.1140262,1.010433,0.9715079,-0.01251796,-0.2366762,0.008357713,0.9997926,-0.01857297,0.2368595,0.01606571,0.971411,moving,17.52978,10.83648,1.154803,6.438522,1.1321082494728758,3.17799922367766,16.95529139591216,3.2606017583596785,16.65980037261944
3961,05/15/2023 18:38:56.883306,4144,True,True,True,True,Eyes,1.433205,0.0938463,-3.701482,0.293587,0.1773873,0.9393298,0.0,0.0,0.0,0.0,0.0,0.0,0.0,-2.242476,-0.1579699,3.272331,1.421293,0.09040928,-3.705881,-0.006821015,0.117054,-0.005320873,0.9930879,359.2951,13.44902,359.3029,0.3609035,0.02387681,-0.9322971,0,0,0,1.678364,0.2183993,-2.731101,0.02189842,0.1158558,1.009336,0.9725401,-0.01216504,-0.2324173,0.008971334,0.9998503,-0.01479339,0.2325624,0.01230208,0.9725037,moving,17.35661,10.69406,1.242887,6.54799,1.130268313221077,3.15601321970114,16.638568609277332,3.393845819523691,16.35491071145271
3962,05/15/2023 18:38:56.903549,4145,True,True,True,True,Eyes,1.433173,0.09373175,-3.701409,0.2908199,0.1752038,0.9405996,0.0,0.0,0.0,0.0,0.0,0.0,0.0,-2.228519,-0.1457514,3.28224,1.421084,0.09030342,-3.705807,-0.005219072,0.1149484,-0.005098604,0.9933447,359.4731,13.20464,359.3508,0.3609107,0.0238528,-0.932295,0,0,0,1.67499,0.2160458,-2.730829,0.02315772,0.1167445,1.008313,0.9735217,-0.01132919,-0.2283136,0.008929495,0.9998935,-0.01154083,0.22842,0.009196522,0.9735192,moving,17.18086,10.55146,1.315669,6.604414,1.1282540051718128,3.1339787931385814,16.348805998989558,3.4754920378717182,16.07640496716675
3963,05/15/2023 18:38:56.913516,4146,True,True,True,True,Eyes,1.433109,0.09362097,-3.70132,0.2881018,0.1729886,0.9418451,0.0,0.0,0.0,0.0,0.0,0.0,0.0,-2.215074,-0.1365185,3.291494,1.420915,0.09023762,-3.705668,-0.003995999,0.1129296,-0.004956819,0.9935826,359.6092,12.97081,359.3839,0.3609171,0.02382834,-0.9322931,0,0,0,1.671569,0.2136599,-2.730554,0.02413517,0.1168205,1.007314,0.9744447,-0.01075255,-0.2243702,0.008947485,0.9999189,-0.009060252,0.2244494,0.006821167,0.9744619,moving,17.00839,10.40751,1.372541,6.615172,1.1265808645022457,3.111778972476533,16.08917653135315,3.5120163857183413,15.82745118931614
3964,05/15/2023 18:38:56.933281,4147,True,True,True,True,Eyes,1.433035,0.09351081,-3.701231,0.2853537,0.1708174,0.9430773,0.0,0.0,0.0,0.0,0.0,0.0,0.0,-2.202917,-0.1290664,3.299584,1.420721,0.09023952,-3.705423,-0.002917551,0.1111256,-0.005008651,0.9937894,359.7315,12.76205,359.3925,0.3609222,0.02380361,-0.9322917,0,0,0,1.668019,0.2111834,-2.730268,0.02454066,0.1164987,1.006249,0.9752521,-0.01060352,-0.2208416,0.009306661,0.9999328,-0.006912042,0.2209001,0.004685685,0.9752851,moving,16.83462,10.26654,1.397067,6.604024,1.1245874736101813,3.0899961593021543,15.866066496711309,3.5245761103288977,15.614317039077187
3965,05/15/2023 18:38:56.943806,4148,True,True,True,True,Eyes,1.432933,0.09339736,-3.701129,0.282607,0.1686865,0.9442871,0.0,0.0,0.0,0.0,0.0,0.0,0.0,-2.190874,-0.1248386,3.307542,1.420427,0.09015274,-3.705349,-0.002347633,0.1093539,-0.004987975,0.9939876,359.7951,12.5574,359.4024,0.3609259,0.02377864,-0.932291,0,0,0,1.665008,0.2090828,-2.730025,0.02547181,0.1156056,1.005588,0.9760337,-0.01042941,-0.2173693,0.009402525,0.9999392,-0.005757945,0.2174162,0.003576128,0.9760725,moving,16.66143,10.12842,1.451007,6.558114,1.122420658750828,3.068628096677368,15.623829644890684,3.5049223747670766,15.381637220654401
3966,05/15/2023 18:38:56.963415,4149,True,True,True,True,Eyes,1.432825,0.09328935,-3.701021,0.2798263,0.1665784,0.9454886,0.0,0.0,0.0,0.0,0.0,0.0,0.0,-2.178582,-0.1210646,3.315321,1.420084,0.0899725,-3.705063,-0.00182119,0.1075652,-0.005036993,0.9941836,359.8546,12.35089,359.4037,0.3609279,0.0237534,-0.9322909,0,0,0,1.661353,0.2065332,-2.729731,0.02587485,0.1142873,1.004659,0.9768088,-0.01040718,-0.2138608,0.009623597,0.9999426,-0.004704805,0.2138974,0.002537585,0.9768528,moving,16.48662,9.991963,1.475318,6.489916,1.1200099463029898,3.0474849288574326,15.414393303838233,3.460718927129119,15.181168469972487
3967,05/15/2023 18:38:56.983384,4150,True,True,True,True,Eyes,1.432675,0.09318987,-3.700903,0.2770945,0.1644974,0.9466569,0.0,0.0,0.0,0.0,0.0,0.0,0.0,-2.165909,-0.1159164,3.323453,1.419845,0.09000778,-3.704844,-0.001036644,0.1057062,-0.005153118,0.9943835,359.9443,12.13618,359.4002,0.3609284,0.02372804,-0.9322913,0,0,0,1.658506,0.2045476,-2.729501,0.02708501,0.1138538,1.003831,0.9775992,-0.01046751,-0.2102144,0.01002919,0.9999447,-0.003151077,0.2102357,0.0009722108,0.9776502,moving,16.3152,9.857664,1.545559,6.470795,1.117682933258103,3.0266815960586038,15.152992341186014,3.4705900172304,14.928934467482776
3968,05/15/2023 18:38:57.003473,4151,True,True,True,True,Eyes,1.432522,0.09308772,-3.700777,0.2743323,0.1624901,0.9478073,0.0,0.0,0.0,0.0,0.0,0.0,0.0,-2.153781,-0.1125506,3.331222,1.419624,0.09011364,-3.70473,-0.0006103371,0.1039226,-0.005043425,0.9945725,359.9905,11.93039,359.4179,0.3609264,0.0237028,-0.9322927,0,0,0,1.655197,0.2022394,-2.729235,0.0276888,0.1122469,1.003141,0.9783494,-0.01015896,-0.206711,0.009905248,0.9999484,-0.0022623,0.2067233,0.0001657978,0.9783995,moving,16.1425,9.728097,1.581082,6.384574,1.114904537053744,3.006547291928726,14.940349400942834,3.410041915783713,14.724434928860605
3969,05/15/2023 18:38:57.013428,4152,True,True,True,True,Eyes,1.432335,0.09298863,-3.700636,0.2715481,0.1605095,0.9489459,0.0,0.0,0.0,0.0,0.0,0.0,0.0,-2.142038,-0.1096769,3.338471,1.419411,0.08994198,-3.704447,-0.0004452122,0.1021964,-0.004632053,0.9947534,0.003495369,11.73144,359.4668,0.3609225,0.02367763,-0.9322949,0,0,0,1.651701,0.1998007,-2.728953,0.02807227,0.1101854,1.002341,0.9790689,-0.009306498,-0.2033163,0.009124502,0.9999567,-0.001832511,0.2033245,-6.10057e-05,0.9791113,moving,15.96888,9.600427,1.604246,6.273227,1.111915540435242,2.9866776372843717,14.74493030820953,3.323220726190445,14.53667322341394
3970,05/15/2023 18:38:57.033525,4153,True,True,True,True,Eyes,1.432145,0.09287943,-3.700494,0.2687377,0.1585936,0.9500674,0.0,0.0,0.0,0.0,0.0,0.0,0.0,-2.130445,-0.1039676,3.345619,1.419175,0.08991718,-3.704137,0.0001687184,0.1004986,-0.004272999,0.9949282,0.06844477,11.53558,359.5148,0.360916,0.02365259,-0.932298,0,0,0,1.648335,0.1974529,-2.728682,0.02854139,0.1089767,1.00145,0.9797635,-0.008468742,-0.1999794,0.008536566,0.9999635,-0.0005231355,0.1999764,-0.001194586,0.9798,moving,15.79418,9.476936,1.632491,6.210431,1.108531584533436,2.9673992666017663,14.533529861934644,3.2850857360020322,14.332898132751275
3971,05/15/2023 18:38:57.053377,4154,True,True,True,True,Eyes,1.431931,0.09277654,-3.700341,0.2659411,0.1566204,0.9511811,0.0,0.0,0.0,0.0,0.0,0.0,0.0,-2.118879,-0.1003597,3.352804,1.418952,0.08955956,-3.703994,0.0003971305,0.09880185,-0.003829873,0.9950998,0.0886461,11.34011,359.5678,0.3609073,0.02362742,-0.932302,0,0,0,1.644927,0.1950757,-2.728407,0.02892366,0.1072861,1.00081,0.9804471,-0.007543738,-0.1966385,0.007700685,0.9999704,3.357237e-05,0.1966325,-0.001547165,0.9804761,moving,15.62049,9.350356,1.655402,6.118698,1.105454996787441,2.9476856854457654,14.334130468106812,3.218347527132065,14.140863151844584
3972,05/15/2023 18:38:57.063480,4155,True,True,True,True,Eyes,1.431713,0.09266949,-3.700187,0.2631269,0.1546807,0.9522805,0.0,0.0,0.0,0.0,0.0,0.0,0.0,-2.107124,-0.09388992,3.359969,1.418711,0.08963013,-3.703701,0.001498058,0.09710598,-0.004203538,0.9952641,0.2176274,11.14432,359.5373,0.360896,0.02360232,-0.9323069,0,0,0,1.641866,0.1929404,-2.72816,0.02952814,0.1073509,0.9998773,0.9811056,-0.008076318,-0.1933047,0.008658201,0.9999601,0.002165551,0.1932795,-0.003798305,0.9811364,moving,15.44613,9.226081,1.691554,6.128036,1.1021551479255316,2.9282975878143547,14.099157555038564,3.25356987219316,13.913681650928783
3973,05/15/2023 18:38:57.083151,4156,True,True,True,True,Eyes,1.431486,0.09256493,-3.700031,0.2603095,0.1526809,0.9533769,0.0,0.0,0.0,0.0,0.0,0.0,0.0,-2.095668,-0.08979255,3.366971,1.41844,0.08943558,-3.703568,0.002067104,0.09545135,-0.004260106,0.9954229,0.2823864,10.95358,359.5367,0.3608824,0.02357715,-0.9323128,0,0,0,1.638411,0.1905306,-2.727882,0.02971235,0.1062641,0.9991962,0.9817418,-0.008086597,-0.1900465,0.008875828,0.9999551,0.003302021,0.1900113,-0.004928551,0.9817696,moving,15.27177,9.098514,1.70326,6.070564,1.0991044355481876,2.9084362719643893,13.902264017871333,3.219325350825813,13.723991895384986
3974,05/15/2023 18:38:57.103356,4157,True,True,True,True,Eyes,1.43126,0.09245589,-3.699869,0.2574804,0.1507276,0.9544554,0.0,0.0,0.0,0.0,0.0,0.0,0.0,-2.084314,-0.08339156,3.373877,1.418164,0.08940887,-3.703402,0.003040578,0.09381694,-0.00443369,0.995575,0.3945509,10.76499,359.5269,0.3608666,0.023552,-0.9323196,0,0,0,1.635066,0.1881971,-2.727612,0.02995214,0.1059172,0.9984253,0.9823574,-0.008257625,-0.1868305,0.009398655,0.9999421,0.005222337,0.1867765,-0.006886157,0.9823782,moving,15.09712,8.974039,1.718323,6.055532,1.0957985914422217,2.8890168902847098,13.693425147721735,3.227127914927676,13.522339279949906
3975,05/15/2023 18:38:57.113459,4158,True,True,True,True,Eyes,1.431038,0.09234893,-3.699706,0.2546625,0.1487319,0.9555238,0.0,0.0,0.0,0.0,0.0,0.0,0.0,-2.073715,-0.07876197,3.380146,1.418005,0.08919621,-3.703133,0.003494327,0.09227282,-0.004113111,0.9957191,0.4422014,10.58723,359.5676,0.3608488,0.02352676,-0.9323272,0,0,0,1.631603,0.1857816,-2.727334,0.02988824,0.1045167,0.9976568,0.9829376,-0.007546145,-0.1837844,0.008835869,0.9999418,0.00619968,0.1837269,-0.007717794,0.9829469,moving,14.92336,8.84737,1.715979,5.980615,1.0927236385454349,2.869289903795776,13.514924976084256,3.173135846422602,13.35048935336086
3976,05/15/2023 18:38:57.133050,4159,True,True,True,True,Eyes,1.430816,0.0922393,-3.699545,0.2518433,0.1467575,0.9565758,0.0,0.0,0.0,0.0,0.0,0.0,0.0,-2.063252,-0.07204524,3.38644,1.417853,0.08915806,-3.70296,0.00438727,0.09075177,-0.004039466,0.9958557,0.5426767,10.41193,359.5846,0.3608293,0.02350149,-0.9323354,0,0,0,1.628284,0.1834663,-2.727066,0.02984467,0.1039744,0.9969171,0.9834955,-0.007249146,-0.1807867,0.008841757,0.9999288,0.008004997,0.1807159,-0.009471351,0.9834898,moving,14.74988,8.722286,1.71475,5.954189,1.0895491363066347,2.8497932048568613,13.325801106061466,3.166725339031684,13.16806414593188
3977,05/15/2023 18:38:57.143559,4160,True,True,True,True,Eyes,1.430598,0.09212715,-3.699385,0.2490284,0.1447218,0.9576223,0.0,0.0,0.0,0.0,0.0,0.0,0.0,-2.053172,-0.06679836,3.392483,1.417638,0.08899593,-3.702878,0.005120213,0.08930051,-0.004097264,0.9959832,0.6263164,10.24469,359.5847,0.3608083,0.02347611,-0.9323441,0,0,0,1.624974,0.1811581,-2.726799,0.02968559,0.1032766,0.9963244,0.9840173,-0.007247136,-0.1779256,0.009076086,0.999914,0.009467515,0.1778417,-0.01093107,0.9839984,moving,14.57683,8.593862,1.706629,5.918006,1.0866587355094697,2.8298201457910763,13.14542806884344,3.1498023745925012,12.99424885841437
3978,05/15/2023 18:38:57.163568,4161,True,True,True,True,Eyes,1.430381,0.09201598,-3.699223,0.2462112,0.1427123,0.9586517,0.0,0.0,0.0,0.0,0.0,0.0,0.0,-2.043513,-0.05960508,3.398194,1.417406,0.08886051,-3.702741,0.006099334,0.08791447,-0.004094448,0.996101,0.7374761,10.08494,359.5941,0.3607859,0.02345058,-0.9323534,0,0,0,1.621837,0.1789696,-2.726547,0.02960372,0.103146,0.9956663,0.9845087,-0.007084527,-0.1751933,0.009229405,0.9998921,0.01143118,0.1750934,-0.01287103,0.9844677,moving,14.404,8.467308,1.703049,5.914458,1.0836428447945274,2.810117818067128,12.954968136853946,3.165531858988224,12.81030525521481
3979,05/15/2023 18:38:57.183299,4162,True,True,True,True,Eyes,1.430184,0.09189922,-3.699068,0.2434132,0.1406941,0.959664,0.0,0.0,0.0,0.0,0.0,0.0,0.0,-2.033561,-0.05370539,3.403967,1.417217,0.08878136,-3.702548,0.006812846,0.08648005,-0.003903983,0.9962228,0.8164613,9.919888,359.6218,0.3607625,0.02342494,-0.9323632,0,0,0,1.618502,0.1766434,-2.726278,0.02941886,0.1022468,0.9949971,0.9850119,-0.006600121,-0.17236,0.008956822,0.9998767,0.01289899,0.1722536,-0.01424946,0.9849495,moving,14.23259,8.340582,1.693558,5.867173,1.0807434405432637,2.7904031758132715,12.780652392515218,3.137204844333278,12.642063842974014
3980,05/15/2023 18:38:57.193686,4163,True,True,True,True,Eyes,1.429985,0.09178656,-3.698916,0.2406195,0.1386985,0.9606587,0.0,0.0,0.0,0.0,0.0,0.0,0.0,-2.023737,-0.04863394,3.40976,1.417046,0.0885334,-3.702496,0.007478976,0.08506525,-0.003905873,0.9963397,0.8920001,9.756997,359.6269,0.3607384,0.02339905,-0.9323731,0,0,0,1.615102,0.1742717,-2.726004,0.02904591,0.1014228,0.9944765,0.9854974,-0.006510749,-0.1695662,0.009055554,0.9998577,0.01423869,0.1694493,-0.01556771,0.9854159,moving,14.06177,8.215509,1.672976,5.823243,1.0777619291893048,2.7709313052199827,12.617652451593045,3.1098048929445556,12.484878531561238
3981,05/15/2023 18:38:57.218393,4164,True,True,True,True,Eyes,1.429795,0.0916744,-3.698767,0.2378438,0.1366853,0.9616379,0.0,0.0,0.0,0.0,0.0,0.0,0.0,-2.013947,-0.04452757,3.415431,1.416811,0.08853531,-3.702424,0.008183167,0.08367351,-0.004195936,0.9964508,0.9746725,9.596499,359.5993,0.3607137,0.02337303,-0.9323833,0,0,0,1.611815,0.1719789,-2.725739,0.02875087,0.100569,0.9939628,0.9859623,-0.00699266,-0.1668217,0.009731514,0.9998309,0.01560607,0.1666843,-0.01701043,0.9858636,moving,13.89228,8.08972,1.656847,5.777517,1.074931515942899,2.751368134660781,12.45199194549603,3.081590917980394,12.324891553970945
3982,05/15/2023 18:38:57.233432,4165,True,True,True,True,Eyes,1.429601,0.09155785,-3.698619,0.2350609,0.134702,0.9626015,0.0,0.0,0.0,0.0,0.0,0.0,0.0,-2.003973,-0.04036504,3.421112,1.416519,0.08845329,-3.702323,0.008786016,0.08226186,-0.004287089,0.9965628,1.043813,9.433925,359.5932,0.3606885,0.02334691,-0.9323937,0,0,0,1.60851,0.1696739,-2.725473,0.02857399,0.09954031,0.9934621,0.9864292,-0.0070992,-0.1640336,0.009990215,0.9998088,0.0168063,0.163883,-0.01821696,0.9863116,moving,13.72269,7.965976,1.647489,5.721676,1.0719390517933562,2.7320980546871105,12.281993391970255,3.0444759867638815,12.160331138733747
3983,05/15/2023 18:38:57.253418,4166,True,True,True,True,Eyes,1.429426,0.09144033,-3.69848,0.2322619,0.132701,0.9635584,0.0,0.0,0.0,0.0,0.0,0.0,0.0,-1.993264,-0.03631123,3.427169,1.416245,0.08823872,-3.702212,0.009406054,0.08074516,-0.004488797,0.9966803,1.11588,9.259155,359.5743,0.3606629,0.02332058,-0.9324043,0,0,0,1.604999,0.1672244,-2.72519,0.02836001,0.09855466,0.9929367,0.9869202,-0.007428803,-0.1610388,0.01046678,0.9997828,0.01802476,0.1608698,-0.01947455,0.9867835,moving,13.55238,7.841433,1.636023,5.668368,1.0689545919947878,2.712706827656292,12.112876439792243,3.0095679997397884,11.996537396786927
3984,05/15/2023 18:38:57.263477,4167,True,True,True,True,Eyes,1.429245,0.09132253,-3.698339,0.22945,0.1307281,0.9645014,0.0,0.0,0.0,0.0,0.0,0.0,0.0,-1.981764,-0.03098458,3.433764,1.415937,0.08812809,-3.702221,0.01013822,0.07911435,-0.00452833,0.9968038,1.199182,9.071428,359.5746,0.3606372,0.02329404,-0.9324149,0,0,0,1.601346,0.164676,-2.724895,0.02827623,0.09755346,0.9925143,0.9874409,-0.007423555,-0.1578147,0.01063187,0.9997534,0.01949513,0.157631,-0.02092815,0.9872763,moving,13.38164,7.718805,1.631887,5.613527,1.065793873856197,2.6935871199378107,11.93687107320394,2.97430837853859,11.825660311590195
3985,05/15/2023 18:38:57.283092,4168,True,True,True,True,Eyes,1.429063,0.0912006,-3.698203,0.2266326,0.1287253,0.9654365,0.0,0.0,0.0,0.0,0.0,0.0,0.0,-1.97055,-0.02632793,3.43997,1.415646,0.08801556,-3.702075,0.0107883,0.07752988,-0.004592933,0.9969212,1.273352,8.88904,359.571,0.3606113,0.0232673,-0.9324256,0,0,0,1.598453,0.1626585,-2.724663,0.02885658,0.09692927,0.9920168,0.9879361,-0.007484751,-0.1546816,0.01083042,0.999725,0.020798,0.1544833,-0.02222236,0.9877455,moving,13.21077,7.594666,1.666195,5.580616,1.0627380346748754,2.674249072944596,11.718942329968392,2.968354598709676,11.613043855001022
3986,05/15/2023 18:38:57.303086,4169,True,True,True,True,Eyes,1.428876,0.09107445,-3.698064,0.2237931,0.1267207,0.9663635,0.0,0.0,0.0,0.0,0.0,0.0,0.0,-1.958542,-0.01978315,3.446747,1.415378,0.08781242,-3.702073,0.01155621,0.07582113,-0.004382381,0.9970449,1.358535,8.692726,359.5996,0.3605853,0.02324027,-0.9324363,0,0,0,1.595112,0.160328,-2.724393,0.02923673,0.09625869,0.9916148,0.9884639,-0.006986448,-0.1512954,0.01049126,0.9996945,0.02237957,0.1510927,-0.02370868,0.9882352,moving,13.03886,7.470656,1.688818,5.544483,1.059596652293896,2.6549204803367648,11.512323650232085,2.957277643281339,11.411519625564607
3987,05/15/2023 18:38:57.313519,4170,True,True,True,True,Eyes,1.428695,0.09095076,-3.697934,0.220939,0.1246811,0.9672852,0.0,0.0,0.0,0.0,0.0,0.0,0.0,-1.946673,-0.01081889,3.453184,1.415078,0.08759594,-3.701893,0.01261551,0.07414132,-0.004077276,0.9971596,1.476328,8.499898,359.6412,0.3605589,0.02321287,-0.9324472,0,0,0,1.591566,0.1578545,-2.724108,0.02942547,0.09600796,0.9909915,0.9889729,-0.006260731,-0.1479644,0.01000205,0.9996485,0.02455476,0.1477585,-0.02576394,0.9886878,moving,12.86629,7.344813,1.700782,5.533586,1.0565458986874487,2.635322629672892,11.311459328645132,2.9690016365799194,11.215721402113292
3988,05/15/2023 18:38:57.333663,4171,True,True,True,True,Eyes,1.428507,0.09082363,-3.697805,0.218045,0.1226399,0.9682024,0.0,0.0,0.0,0.0,0.0,0.0,0.0,-1.933172,-0.002112292,3.460697,1.414684,0.08755684,-3.701971,0.01372593,0.07224005,-0.003913595,0.9972853,1.601211,8.281498,359.6663,0.3605323,0.02318521,-0.9324582,0,0,0,1.58848,0.1557021,-2.723859,0.03054196,0.09604413,0.9906533,0.9895322,-0.005822819,-0.1441953,0.009789063,0.9995926,0.02681189,0.1439805,-0.02794276,0.989186,moving,12.69162,7.219075,1.765876,5.537537,1.0533341803067466,2.615721519554601,11.054386097788516,3.0074443546942233,10.963870783591473
3989,05/15/2023 18:38:57.353420,4172,True,True,True,True,Eyes,1.428304,0.09069734,-3.697679,0.2151394,0.1205686,0.9691121,0.0,0.0,0.0,0.0,0.0,0.0,0.0,-1.91956,0.007101469,3.468045,1.414379,0.08735847,-3.701892,0.01480438,0.07031581,-0.003578663,0.9974086,1.721155,8.060835,359.7101,0.3605053,0.02315722,-0.9324692,0,0,0,1.585155,0.1533825,-2.723591,0.03142241,0.09596594,0.9901516,0.9900858,-0.005056814,-0.1403731,0.00922074,0.999536,0.02902876,0.1401612,-0.03003531,0.989673,moving,12.51648,7.091808,1.817669,5.535843,1.0502039286977976,2.5958965112624828,10.8113636464114,3.0384680337809957,10.72588135574222
3990,05/15/2023 18:38:57.363901,4173,True,True,True,True,Eyes,1.428095,0.09057172,-3.69755,0.2121868,0.1185343,0.9700136,0.0,0.0,0.0,0.0,0.0,0.0,0.0,-1.905626,0.01468474,3.475532,1.413987,0.0872736,-3.701888,0.01574153,0.06836325,-0.003397166,0.9975306,1.826314,7.836757,359.7349,0.3604777,0.02312895,-0.9324806,0,0,0,1.581842,0.1510715,-2.723324,0.03241855,0.09554128,0.9897732,0.9906299,-0.004625269,-0.136496,0.008929837,0.9994813,0.03094084,0.136282,-0.03186981,0.9901574,moving,12.33888,6.966922,1.875968,5.513591,1.046714234336844,2.5763922676009035,10.563365870559677,3.052015432705638,10.482652625055227
3991,05/15/2023 18:38:57.383738,4174,True,True,True,True,Eyes,1.427879,0.09045307,-3.697425,0.2091873,0.1164754,0.9709141,0.0,0.0,0.0,0.0,0.0,0.0,0.0,-1.890996,0.01969077,3.483179,1.413641,0.0871706,-3.701731,0.01633093,0.06631374,-0.00324558,0.99766,1.892014,7.601552,359.7529,0.3604494,0.02310046,-0.9324923,0,0,0,1.578452,0.1487071,-2.723051,0.03349382,0.09439652,0.9893083,0.9911839,-0.004310039,-0.1324231,0.008641893,0.9994456,0.03215497,0.1322109,-0.03301587,0.9906716,moving,12.15874,6.840779,1.939053,5.450472,1.043134589496394,2.5566851344026085,10.313823536022808,3.029302266493604,10.237607954551377
3992,05/15/2023 18:38:57.403861,4175,True,True,True,True,Eyes,1.427661,0.09033955,-3.697293,0.2061468,0.1145008,0.9717989,0.0,0.0,0.0,0.0,0.0,0.0,0.0,-1.87661,0.02856858,3.490764,1.413304,0.08722878,-3.701741,0.01726606,0.06429359,-0.002628041,0.9977782,1.993913,7.370697,359.8266,0.3604203,0.02307194,-0.9325043,0,0,0,1.575012,0.1463076,-2.722774,0.03450021,0.09365124,0.9889667,0.9917189,-0.00302421,-0.1283922,0.007464595,0.99939,0.03411745,0.1282106,-0.03479332,0.9911364,moving,11.97656,6.719811,1.997959,5.409553,1.0390146574335015,2.5377040681768985,10.064256253880114,3.0277203535587267,9.992360115821157
3993,05/15/2023 18:38:57.413793,4176,True,True,True,True,Eyes,1.427441,0.09022073,-3.697169,0.2030555,0.1125293,0.9726796,0.0,0.0,0.0,0.0,0.0,0.0,0.0,-1.862517,0.03059674,3.497907,1.413048,0.08723259,-3.701479,0.01727754,0.0623171,-0.00207781,0.9979048,1.99095,7.144741,359.8857,0.3603904,0.02304352,-0.9325165,0,0,0,1.571904,0.1441397,-2.722523,0.03568211,0.09137668,0.9885355,0.9922246,-0.001993543,-0.1244449,0.006300284,0.9993944,0.03422371,0.1243013,-0.03474164,0.9916362,moving,11.79165,6.599211,2.067247,5.281209,1.0346679513900268,2.518752042308561,9.813314576554296,2.949133420977443,9.74524040771482
3994,05/15/2023 18:38:57.433623,4177,True,True,True,True,Eyes,1.427213,0.090093,-3.697043,0.1999171,0.1105713,0.9735538,0.0,0.0,0.0,0.0,0.0,0.0,0.0,-1.847866,0.03584914,3.505519,1.412615,0.08699322,-3.701556,0.01779,0.06028485,-0.001721887,0.9980213,2.04688,6.912108,359.9259,0.3603598,0.02301506,-0.9325291,0,0,0,1.568426,0.1417135,-2.722243,0.03670636,0.09012586,0.9883587,0.9927256,-0.001292025,-0.1203925,0.005581891,0.9993611,0.03530199,0.1202699,-0.0357172,0.9920985,moving,11.60425,6.479598,2.126913,5.210243,1.0300651136579817,2.4999201342568256,9.561965212632495,2.923854531665905,9.497777153528931
3995,05/15/2023 18:38:57.453140,4178,True,True,True,True,Eyes,1.426987,0.08996402,-3.69692,0.1967426,0.1085688,0.9744256,0.0,0.0,0.0,0.0,0.0,0.0,0.0,-1.832478,0.04322165,3.513204,1.412233,0.08665848,-3.701424,0.01862829,0.05814928,-0.001466277,0.9981331,2.140928,6.667528,359.9564,0.3603283,0.02298634,-0.932542,0,0,0,1.565121,0.1394081,-2.721977,0.03806508,0.08974651,0.9879124,0.9932331,-0.0007606362,-0.116136,0.005093517,0.9993016,0.0370165,0.1160267,-0.03735755,0.9925433,moving,11.41491,6.357572,2.206562,5.190763,1.0255035303520574,2.480724407760599,9.281978029040202,2.956215195170009,9.221933271250778
3996,05/15/2023 18:38:57.463417,4179,True,True,True,True,Eyes,1.426755,0.08984251,-3.696793,0.1935291,0.1065617,0.9752903,0.0,0.0,0.0,0.0,0.0,0.0,0.0,-1.817513,0.05027539,3.520713,1.411916,0.08652306,-3.701392,0.0195787,0.05606875,-0.001499325,0.9982339,2.249803,6.428719,359.9543,0.3602961,0.02295736,-0.9325551,0,0,0,1.561595,0.1369482,-2.721693,0.03897223,0.08929314,0.987555,0.9937081,-0.0007978464,-0.1119982,0.005188858,0.9992288,0.03892012,0.1118808,-0.03925638,0.9929459,moving,11.22354,6.235488,2.259911,5.166543,1.0207984186237966,2.461502602662001,9.027141754878231,2.975339231172694,8.970977678827584
3997,05/15/2023 18:38:57.483777,4180,True,True,True,True,Eyes,1.426525,0.0897232,-3.696667,0.1902961,0.1045677,0.9761419,0.0,0.0,0.0,0.0,0.0,0.0,0.0,-1.802242,0.05720607,3.528125,1.411576,0.08660507,-3.701212,0.02062598,0.05395591,-0.001724408,0.9983288,2.370952,6.185778,359.9302,0.3602631,0.02292832,-0.9325686,0,0,0,1.558595,0.1348562,-2.721451,0.04048413,0.08921104,0.9870552,0.9941716,-0.001217264,-0.1078026,0.005668836,0.9991432,0.04099694,0.1076603,-0.0413691,0.9933265,moving,11.03129,6.114404,2.348673,5.164418,1.0159535055128417,2.442416854727452,8.734432515560757,3.030747677694593,8.682240213473962
3998,05/15/2023 18:38:57.503745,4181,True,True,True,True,Eyes,1.426291,0.08961484,-3.696539,0.1870222,0.1026365,0.9769793,0.0,0.0,0.0,0.0,0.0,0.0,0.0,-1.786921,0.06006592,3.535558,1.411115,0.08654022,-3.701099,0.02087591,0.05185512,-0.001467918,0.9984354,2.397883,5.945209,359.9561,0.3602294,0.0228993,-0.9325823,0,0,0,1.555236,0.1325129,-2.72118,0.04178274,0.08736669,0.9867855,0.9946179,-0.0007661957,-0.1036092,0.005096283,0.9991241,0.04153426,0.1034866,-0.04183874,0.9937505,moving,10.83697,5.997208,2.424585,5.059584,1.0106635185503376,2.423871907981135,8.464476366178891,2.9910119002971673,8.415510915049667
3999,05/15/2023 18:38:57.513851,4182,True,True,True,True,Eyes,1.426065,0.08950925,-3.696411,0.1837853,0.1007801,0.9777864,0.0,0.0,0.0,0.0,0.0,0.0,0.0,-1.771689,0.06288918,3.542941,1.41083,0.08669281,-3.700988,0.02110503,0.04974625,-0.001106173,0.9985384,2.421949,5.703995,359.9937,0.360195,0.02287056,-0.9325963,0,0,0,1.551814,0.1301257,-2.720905,0.04286796,0.08520319,0.9865236,0.9950482,-0.0001093217,-0.09939384,0.004308905,0.9991068,0.0420383,0.09930047,-0.04225841,0.9941597,moving,10.64514,5.884677,2.48814,4.936221,1.0052019234796952,2.406019306775224,8.211955783121095,2.9327505770507085,8.165852754811254
4000,05/15/2023 18:38:57.533514,4183,True,True,True,True,Eyes,1.425836,0.08939865,-3.696275,0.1805379,0.0989382,0.9785792,0.0,0.0,0.0,0.0,0.0,0.0,0.0,-1.756276,0.05862587,3.550455,1.410606,0.08664703,-3.700859,0.02044075,0.0476099,-0.0009927506,0.9986563,2.345262,5.458857,-0.002091283,0.3601603,0.02284214,-0.9326104,0,0,0,1.548351,0.1277105,-2.720626,0.04386812,0.08149675,0.9863826,0.9954646,-3.646559e-05,-0.09513243,0.003929194,0.9991624,0.04073205,0.09505126,-0.04092111,0.994631,moving,10.45295,5.773211,2.54648,4.723155,0.9996334981478312,2.388316650898901,7.97589402286891,2.8007506523654397,7.932057339630904
4001,05/15/2023 18:38:57.553208,4184,True,True,True,True,Eyes,1.425625,0.08928794,-3.696142,0.1773275,0.09702755,0.9793572,0.0,0.0,0.0,0.0,0.0,0.0,0.0,-1.743329,0.06343503,3.556328,1.410316,0.08643532,-3.700571,0.02117042,0.04583463,-0.001253095,0.998724,2.430166,5.254601,359.9677,0.3601252,0.0228139,-0.9326246,0,0,0,1.545012,0.1253811,-2.720356,0.04431438,0.08084699,0.9858899,0.9957952,-0.0005623149,-0.09160523,0.004443668,0.9991005,0.04217194,0.09149918,-0.04240168,0.994902,moving,10.26308,5.657983,2.573634,4.687998,0.9945188275479592,2.3700934909543285,7.750383905790796,2.804690007990633,7.709506649362478
4002,05/15/2023 18:38:57.563519,4185,True,True,True,True,Eyes,1.425409,0.08917318,-3.696013,0.1740992,0.09509776,0.9801254,0.0,0.0,0.0,0.0,0.0,0.0,0.0,-1.72916,0.0682566,3.562929,1.409964,0.08633327,-3.700496,0.02173867,0.04389563,-0.001112315,0.998799,2.494459,5.032487,359.982,0.36009,0.0227858,-0.9326389,0,0,0,1.54189,0.1232032,-2.720105,0.04539132,0.07985703,0.9856425,0.9961439,-0.0003134921,-0.0877341,0.004130421,0.9990523,0.04332747,0.08763745,-0.04352278,0.9952013,moving,10.07236,5.54184,2.636752,4.632002,0.9894114675358064,2.3517313730542044,7.4910661134385945,2.8130703798538677,7.4530732339617884
4003,05/15/2023 18:38:57.583496,4186,True,True,True,True,Eyes,1.425228,0.08905707,-3.695885,0.1708836,0.09309214,0.9808836,0.0,0.0,0.0,0.0,0.0,0.0,0.0,-1.715767,0.07757613,3.56908,1.40965,0.08614254,-3.700497,0.02293875,0.04206207,-0.001031332,0.9988511,2.631463,4.822481,359.9925,0.3600548,0.02275773,-0.9326531,0,0,0,1.538601,0.1209095,-2.71984,0.04604146,0.08009806,0.9853872,0.9964594,-0.0001305919,-0.08407474,0.003989995,0.9989455,0.04573802,0.0839802,-0.04591154,0.9954093,moving,9.882539,5.421498,2.675156,4.64712,0.9846873916621004,2.332773514380745,7.248864117609944,2.8659873990082496,7.213954603787947
4004,05/15/2023 18:38:57.603164,4187,True,True,True,True,Eyes,1.425042,0.08894426,-3.695762,0.1676589,0.09110154,0.9816267,0.0,0.0,0.0,0.0,0.0,0.0,0.0,-1.703514,0.08506167,3.57448,1.409357,0.08601475,-3.700326,0.02383031,0.04039058,-0.0007943728,0.9988995,2.73246,4.631458,0.0193905,0.3600203,0.02272964,-0.9326671,0,0,0,1.535229,0.118557,-2.719568,0.04629478,0.0795772,0.985044,0.9967359,0.0003380426,-0.08073002,0.003512034,0.998863,0.047544,0.08065432,-0.04767234,0.9956014,moving,9.692422,5.302245,2.690789,4.618634,0.9798593326414412,2.313969610316597,7.0349263440358785,2.870323723157798,7.002684887598595
4005,05/15/2023 18:38:57.613372,4188,True,True,True,True,Eyes,1.424875,0.08883399,-3.695637,0.1645678,0.08903833,0.9823388,0.0,0.0,0.0,0.0,0.0,0.0,0.0,-1.690949,0.09158247,3.580215,1.409074,0.08599186,-3.700372,0.02464816,0.03867471,-0.0006663763,0.9989477,2.825597,4.435063,0.03299495,0.3599861,0.02270162,-0.932681,0,0,0,1.531805,0.1161686,-2.719292,0.04654112,0.07879968,0.9849439,0.9970077,0.0005751705,-0.07730085,0.003237868,0.9987841,0.04919289,0.07723516,-0.04929598,0.9957935,moving,9.510247,5.179088,2.70536,4.574162,0.9759054270481184,2.2946739235477684,6.8317217850440155,2.8613072205885324,6.801989463821556
4006,05/15/2023 18:38:57.639655,4189,True,True,True,True,Eyes,1.424702,0.08872477,-3.695514,0.1614782,0.08702476,0.9830317,0.0,0.0,0.0,0.0,0.0,0.0,0.0,-1.679826,0.09642901,3.585024,1.40882,0.08595943,-3.700182,0.02524227,0.03716102,-0.0005471656,0.9989904,2.89319,4.261812,0.04491017,0.3599528,0.02267372,-0.9326946,0,0,0,1.528673,0.1139844,-2.71904,0.0466699,0.07778704,0.9846624,0.9972375,0.0007828325,-0.0742746,0.002969284,0.9987251,0.05039291,0.07421947,-0.05047424,0.9959638,moving,9.328412,5.05903,2.713609,4.516911,0.9717417655027228,2.2758266830812426,6.636980619149796,2.838408071112117,6.60951539713664
4007,05/15/2023 18:38:57.653677,4190,True,True,True,True,Eyes,1.424565,0.08862026,-3.695396,0.1584432,0.08498345,0.983704,0.0,0.0,0.0,0.0,0.0,0.0,0.0,-1.668603,0.09964801,3.59004,1.408525,0.08587933,-3.700169,0.02564654,0.0356397,-0.0005263091,0.9990355,2.939481,4.087362,0.04454691,0.3599201,0.02264595,-0.9327079,0,0,0,1.525251,0.1115971,-2.718764,0.04653606,0.07627347,0.9846103,0.9974591,0.0007764676,-0.07123756,0.002879668,0.9986839,0.05120609,0.07118368,-0.05128112,0.9961443,moving,9.149932,4.937597,2.705981,4.429608,0.9679266282655644,2.2568111102805872,6.46394286132868,2.782423282514639,6.438471820756588
4008,05/15/2023 18:38:57.673632,4191,True,True,True,True,Eyes,1.424423,0.08852393,-3.695276,0.1554139,0.08300471,0.984356,0.0,0.0,0.0,0.0,0.0,0.0,0.0,-1.657675,0.1029871,3.594824,1.408257,0.08590889,-3.700093,0.02608869,0.03415772,-0.0005198061,0.9990758,2.990173,3.917396,0.04266375,0.3598887,0.02261841,-0.9327207,0,0,0,1.521806,0.1091944,-2.718487,0.04627723,0.07471012,0.9845109,0.9976659,0.0007436103,-0.06827925,0.002820905,0.9986382,0.05209364,0.06822506,-0.05216467,0.9963052,moving,8.972015,4.819999,2.691224,4.339602,0.9638622841614004,2.2383517311786387,6.29913619977295,2.720116025019285,6.2754884566618605
4009,05/15/2023 18:38:57.683260,4192,True,True,True,True,Eyes,1.424291,0.08843322,-3.695158,0.1525205,0.08099003,0.9849762,0.0,0.0,0.0,0.0,0.0,0.0,0.0,-1.647081,0.1049775,3.599414,1.408016,0.08600903,-3.699968,0.02632283,0.03272131,-0.0004326007,0.9991178,3.016729,3.752853,0.0492393,0.3598583,0.02259129,-0.9327331,0,0,0,1.518574,0.1069394,-2.718226,0.04612404,0.0727981,0.9844048,0.9978583,0.0008581961,-0.06540757,0.002587073,0.9986138,0.0525709,0.06536213,-0.05262752,0.996473,moving,8.802167,4.700593,2.682617,4.229403,0.9605227234983428,2.219702974973103,6.137663416854984,2.646602140056732,6.1156788998388665
4010,05/15/2023 18:38:57.703028,4193,True,True,True,True,Eyes,1.424154,0.08834038,-3.695036,0.1496316,0.07905384,0.9855765,0.0,0.0,0.0,0.0,0.0,0.0,0.0,-1.636313,0.1081719,3.604079,1.407787,0.08606148,-3.699909,0.02664374,0.03126085,-0.0001761547,0.9991561,3.052646,3.586094,0.07538218,0.359829,0.02256468,-0.932745,0,0,0,1.515491,0.1047892,-2.717978,0.04616824,0.07118753,0.9843488,0.9980454,0.001313801,-0.06247819,0.002017817,0.9985802,0.0532315,0.0624595,-0.05325353,0.9966257,moving,8.632802,4.58592,2.685337,4.136396,0.9568601666205,2.2017387989549624,5.9644288706296935,2.5943266272936887,5.944066782249297
4011,05/15/2023 18:38:57.723090,4194,True,True,True,True,Eyes,1.424029,0.08825003,-3.694923,0.1468346,0.07701098,0.9861587,0.0,0.0,0.0,0.0,0.0,0.0,0.0,-1.626215,0.1096084,3.608346,1.407564,0.08591175,-3.699747,0.0266761,0.02989525,0.0001357413,0.9991971,3.055385,3.430329,0.10708,0.3598008,0.02253849,-0.9327565,0,0,0,1.512138,0.1024501,-2.717708,0.04575387,0.06901299,0.9842534,0.9982126,0.001866241,-0.05973525,0.001323715,0.9985767,0.05331748,0.05974981,-0.05330124,0.9967894,moving,8.468863,4.465272,2.661528,4.01085,0.9540451644794894,2.182963149620682,5.825087051393224,2.501333238772232,5.806140375819314
4012,05/15/2023 18:38:57.733665,4195,True,True,True,True,Eyes,1.423899,0.08816142,-3.694804,0.1440384,0.07507382,0.9867203,0.0,0.0,0.0,0.0,0.0,0.0,0.0,-1.616165,0.1165519,3.612656,1.407377,0.08589268,-3.699833,0.02744406,0.02853191,0.0005294298,0.999216,3.142236,3.275323,0.150576,0.3597736,0.02251271,-0.9327676,0,0,0,1.5086,0.09998272,-2.717423,0.04510686,0.06803046,0.9843333,0.9983713,0.002624095,-0.05699008,0.0005080309,0.9984931,0.0548753,0.0570482,-0.05481488,0.9968655,moving,8.305202,4.350921,2.623731,3.95361,0.9507738660752888,2.165095110650771,5.6953462365831635,2.4489938916570346,5.677883522885789
4013,05/15/2023 18:38:57.763430,4196,True,True,True,True,Eyes,1.423802,0.08806708,-3.694689,0.1412043,0.0730297,0.9872831,0.0,0.0,0.0,0.0,0.0,0.0,0.0,-1.606169,0.116199,3.616815,1.407171,0.08583069,-3.699612,0.02715859,0.02718303,0.001054324,0.999261,3.108085,3.122059,0.2056278,0.3597473,0.02248736,-0.9327784,0,0,0,1.505124,0.09755781,-2.717143,0.04453278,0.06502997,0.9842592,0.99852,0.003583594,-0.05426852,-0.0006305836,0.9985226,0.05433436,0.0543831,-0.05421973,0.997047,moving,8.139423,4.230485,2.590579,3.780036,0.9478087466077272,2.1463338551663758,5.567097451808888,2.3168247243726694,5.550722738885784
4014,05/15/2023 18:38:57.783150,4197,True,True,True,True,Eyes,1.423698,0.08798194,-3.694576,0.138381,0.07104132,0.9878279,0.0,0.0,0.0,0.0,0.0,0.0,0.0,-1.596754,0.1213759,3.620761,1.407117,0.08562374,-3.699589,0.02785944,0.02589133,0.0009685123,0.9992761,3.188918,2.97381,0.1938605,0.3597224,0.02246225,-0.9327886,0,0,0,1.502143,0.09547866,-2.716902,0.04413515,0.06455657,0.9842172,0.9986575,0.003378257,-0.05169116,-0.0004929882,0.9984458,0.0557287,0.05179912,-0.05562839,0.997107,moving,7.974449,4.113442,2.567589,3.752757,0.9446455041081158,2.128067371754589,5.418877072680742,2.2964237368103437,5.404021305825498
4015,05/15/2023 18:38:57.793545,4198,True,True,True,True,Eyes,1.423625,0.08788986,-3.694469,0.1355087,0.06898149,0.9883718,0.0,0.0,0.0,0.0,0.0,0.0,0.0,-1.587194,0.1234352,3.624813,1.4066,0.08556557,-3.699709,0.02816535,0.02464333,0.0008539817,0.9992993,3.224539,2.830324,0.1776086,0.3596988,0.02243759,-0.9327983,0,0,0,1.498322,0.09281323,-2.716594,0.04326048,0.06258971,0.984475,0.998784,0.003094945,-0.04920409,-0.0003185943,0.998412,0.05633331,0.04930028,-0.05624912,0.9971989,moving,7.806747,3.992373,2.516112,3.637783,0.9415881685095808,2.109198317730751,5.302504386733216,2.194469509197941,5.288784034041598
4016,05/15/2023 18:38:57.803012,4199,True,True,True,True,Eyes,1.423535,0.08779227,-3.694365,0.13265,0.06694496,0.9888996,0.0,0.0,0.0,0.0,0.0,0.0,0.0,-1.576878,0.1273697,3.6291,1.406356,0.08529568,-3.699733,0.02853717,0.02325791,0.001131675,0.9993215,3.266654,2.672362,0.2059837,0.3596768,0.02241313,-0.9328073,0,0,0,1.493379,0.08936552,-2.716196,0.04128808,0.06013165,0.9846897,0.9989157,0.003589241,-0.04641965,-0.0009343829,0.9983687,0.05708827,0.04654884,-0.05698299,0.9972894,moving,7.639996,3.87281,2.401008,3.494519,0.938486155274248,2.0905540593863505,5.252627851354501,2.027335122956317,5.239762952689721
4017,05/15/2023 18:38:57.823370,4200,True,True,True,True,Eyes,1.423435,0.08769622,-3.694262,0.1298431,0.06482524,0.9894131,0.0,0.0,0.0,0.0,0.0,0.0,0.0,-1.567324,0.1337953,3.632805,1.406147,0.08527374,-3.699616,0.02928375,0.02197605,0.001412669,0.9993287,3.351771,2.526459,0.2359199,0.359656,0.02238873,-0.932816,0,0,0,1.490977,0.08768982,-2.716003,0.04163611,0.05991208,0.9845678,0.9990301,0.004110524,-0.04383982,-0.001536364,0.9982809,0.05859027,0.04400533,-0.05846609,0.9973191,moving,7.47634,3.748597,2.421522,3.48222,0.9359615711421893,2.071268421929527,5.061831854107069,2.0488226237153278,5.050442706106468
4018,05/15/2023 18:38:57.833602,4201,True,True,True,True,Eyes,1.423331,0.08759883,-3.694156,0.1270383,0.06275111,0.9899109,0.0,0.0,0.0,0.0,0.0,0.0,0.0,-1.557223,0.1388001,3.636843,1.406009,0.08525944,-3.699554,0.02987166,0.02060947,0.001606427,0.9993399,3.419015,2.370506,0.2549632,0.3596359,0.02236442,-0.9328243,0,0,0,1.487424,0.08521144,-2.715716,0.04091349,0.0585959,0.9846109,0.9991454,0.004442012,-0.04109582,-0.001979455,0.9982102,0.0597701,0.04128781,-0.05963767,0.9973658,moving,7.312969,3.627165,2.37944,3.405755,0.9332472894717532,2.0523850382565803,4.938494789097281,1.9806775631925617,4.928175570810359
4019,05/15/2023 18:38:57.854119,4202,True,True,True,True,Eyes,1.423233,0.08749156,-3.694054,0.1242393,0.0605436,0.9904035,0.0,0.0,0.0,0.0,0.0,0.0,0.0,-1.54709,0.1429674,3.640807,1.405845,0.08513832,-3.699426,0.03035706,0.01924387,0.001737029,0.9993523,3.474709,2.21442,0.2663535,0.3596165,0.02234016,-0.9328324,0,0,0,1.485193,0.08365531,-2.715537,0.04154351,0.05810002,0.9844977,0.9992533,0.004640185,-0.03835738,-0.002303431,0.9981509,0.06074166,0.03856835,-0.06060795,0.9974163,moving,7.150012,3.498152,2.416315,3.377387,0.9311368995944372,2.0324155196108364,4.735237214019379,2.0036721969884432,4.726236791440841
4020,05/15/2023 18:38:57.863113,4203,True,True,True,True,Eyes,1.423129,0.08737942,-3.693953,0.1214293,0.0583082,0.990886,0.0,0.0,0.0,0.0,0.0,0.0,0.0,-1.53629,0.1502039,3.645044,1.405689,0.08483028,-3.69945,0.03135006,0.0177846,0.001574253,0.9993491,3.589252,2.046742,0.2446496,0.3595977,0.02231569,-0.9328402,0,0,0,1.48222,0.08158135,-2.715297,0.04158244,0.05832257,0.9845282,0.9993624,0.004261552,-0.03544739,-0.002031364,0.9980294,0.0627153,0.0356448,-0.06260331,0.9974018,moving,6.986543,3.367658,2.418502,3.390188,0.9291012835103268,2.012228635632625,4.568096559682271,2.0290604978974116,4.560379747271809
4021,05/15/2023 18:38:57.883150,4204,True,True,True,True,Eyes,1.423009,0.08727039,-3.69385,0.1186145,0.05594332,0.9913632,0.0,0.0,0.0,0.0,0.0,0.0,0.0,-1.524718,0.1601886,3.64935,1.405447,0.08463097,-3.699423,0.03278462,0.01623198,0.001272733,0.9993299,3.754642,1.867923,0.2071728,0.3595794,0.02229091,-0.9328479,0,0,0,1.478867,0.07924222,-2.715027,0.04150629,0.05905668,0.9845027,0.9994698,0.003608076,-0.03235889,-0.001479436,0.9978471,0.06556662,0.03252587,-0.06548399,0.9973234,moving,6.822886,3.229815,2.414141,3.432849,0.9276081363193373,1.9909837050137744,4.413417641712712,2.070931066860591,4.406981123763693
4022,05/15/2023 18:38:57.903300,4205,True,True,True,True,Eyes,1.422884,0.08715913,-3.693746,0.1157759,0.05360134,0.9918281,0.0,0.0,0.0,0.0,0.0,0.0,0.0,-1.512696,0.168754,3.653778,1.405208,0.08464718,-3.699331,0.03406671,0.01461852,0.000935757,0.9993122,3.902522,1.6818,0.1646051,0.3595612,0.02226593,-0.9328555,0,0,0,1.475562,0.07693737,-2.714761,0.04159841,0.05931033,0.9844483,0.9995709,0.002866236,-0.02915314,-0.0008742176,0.9976771,0.06811392,0.0292806,-0.0680592,0.9972516,moving,6.657994,3.093425,2.419626,3.447748,0.9259150375882176,1.9699368468468583,4.2531527237748,2.1012135169023045,4.247831752102104
4023,05/15/2023 18:38:57.918357,4206,True,True,True,True,Eyes,1.422743,0.08704782,-3.693641,0.1128875,0.051167,0.9922894,0.0,0.0,0.0,0.0,0.0,0.0,0.0,-1.499945,0.1751209,3.658556,1.404966,0.08450127,-3.699252,0.03494948,0.01290926,0.0007886661,0.9993055,4.004225,1.485215,0.1423598,0.359543,0.02224072,-0.9328631,0,0,0,1.47219,0.07458542,-2.714489,0.04182392,0.05886737,0.9844598,0.9996655,0.00247858,-0.02574552,-0.0006738938,0.9975558,0.06987077,0.02585581,-0.06983004,0.9972237,moving,6.490334,2.951819,2.432699,3.422019,0.9244149895709804,1.9481160084385376,4.084787611764533,2.108864785767375,4.08043408932752
4024,05/15/2023 18:38:57.943255,4207,True,True,True,True,Eyes,1.422597,0.08694275,-3.693532,0.1099788,0.04877423,0.9927365,0.0,0.0,0.0,0.0,0.0,0.0,0.0,-1.486784,0.1834207,3.663372,1.404788,0.08442402,-3.699177,0.03604219,0.01113966,0.000792568,0.9992879,4.129752,1.282312,0.1371213,0.3595244,0.02221531,-0.9328709,0,0,0,1.468918,0.07230276,-2.714225,0.04221371,0.0588263,0.984452,0.9997505,0.002387005,-0.02220628,-0.0007810146,0.9974006,0.0720507,0.02232057,-0.07201537,0.9971538,moving,6.321651,2.812743,2.455363,3.419664,0.9226489309084992,1.926649911791404,3.913634627706705,2.1396970545337424,3.910189781810477
4025,05/15/2023 18:38:57.953602,4208,True,True,True,True,Eyes,1.422428,0.08683116,-3.693418,0.1070809,0.04633487,0.9931701,0.0,0.0,0.0,0.0,0.0,0.0,0.0,-1.474118,0.1883432,3.668019,1.404562,0.08448219,-3.699045,0.036728,0.009444714,0.0007131037,0.9992805,4.208703,1.087505,0.1217354,0.3595053,0.02218987,-0.9328788,0,0,0,1.465558,0.06995907,-2.713954,0.04241142,0.05779266,0.9844775,0.9998206,0.002118953,-0.01882337,-0.000731416,0.9973011,0.07341661,0.01892814,-0.07338966,0.9971237,moving,6.153702,2.671113,2.466784,3.35963,0.921129640944088,1.9048230977117764,3.7506559423670147,2.1226187883400067,3.747919386051904
4026,05/15/2023 18:38:57.963411,4209,True,True,True,True,Eyes,1.422255,0.08671691,-3.693302,0.1041543,0.04392472,0.9935907,0.0,0.0,0.0,0.0,0.0,0.0,0.0,-1.460158,0.1941709,3.67296,1.404249,0.0842371,-3.698835,0.03742589,0.007590652,0.0008064416,0.9992703,4.288864,0.875133,0.1252488,0.3594855,0.02216424,-0.9328871,0,0,0,1.462236,0.0676416,-2.713687,0.04305863,0.05708848,0.9843996,0.9998835,0.002179884,-0.01510987,-0.001043536,0.9971973,0.07480939,0.0152306,-0.0747849,0.9970834,moving,5.984244,2.531287,2.504579,3.319048,0.9193638707176516,1.8832424169830573,3.5677213884138994,2.13879514641498,3.565654968919959
4027,05/15/2023 18:38:57.983456,4210,True,True,True,True,Eyes,1.422057,0.08660216,-3.693182,0.1012126,0.04145399,0.9940008,0.0,0.0,0.0,0.0,0.0,0.0,0.0,-1.446661,0.2004315,3.677786,1.404025,0.08407879,-3.69875,0.03826898,0.005786598,0.0007035799,0.9992505,4.385831,0.6676538,0.1062511,0.3594648,0.02213839,-0.9328957,0,0,0,1.457238,0.06415575,-2.713284,0.04182968,0.05546013,0.9846557,0.9999321,0.001848999,-0.01151074,-0.0009632111,0.99707,0.07648875,0.01161849,-0.07647246,0.997004,moving,5.814018,2.38809,2.432549,3.223744,0.9177972546163236,1.8611704499985808,3.4831954015927673,2.0374198215651,3.4815105361183614
4028,05/15/2023 18:38:58.003600,4211,True,True,True,True,Eyes,1.421855,0.08648833,-3.693058,0.09824151,0.03901256,0.9943976,0.0,0.0,0.0,0.0,0.0,0.0,0.0,-1.432974,0.2083328,3.682453,1.403779,0.08398438,-3.698599,0.03929601,0.003964543,0.0007203713,0.9992196,4.503786,0.4586134,0.1006472,0.3594429,0.02211233,-0.9329047,0,0,0,1.455335,0.06282808,-2.713131,0.0437662,0.05624612,0.9844662,0.9999676,0.001751201,-0.007866248,-0.00112804,0.9969106,0.0785364,0.007979453,-0.07852497,0.9968803,moving,5.642227,2.246696,2.54551,3.26996,0.9159801534405944,1.839343983204056,3.2613992996542143,2.168416405661287,3.2603818794342896
4029,05/15/2023 18:38:58.013410,4212,True,True,True,True,Eyes,1.421656,0.08637543,-3.692932,0.09521727,0.03653393,0.9947859,0.0,0.0,0.0,0.0,0.0,0.0,0.0,-1.419172,0.2144759,3.687144,1.403519,0.0839119,-3.6984,0.04015259,0.002127618,0.0005661641,0.9991912,4.602235,0.247012,0.074856,0.3594198,0.02208611,-0.9329142,0,0,0,1.452288,0.06070292,-2.712885,0.04459393,0.05590022,0.9844009,0.9999903,0.00130227,-0.004206441,-0.0009605475,0.9967749,0.08024264,0.004297376,-0.08023782,0.9967664,moving,5.467487,2.103266,2.593759,3.250109,0.9141022538513238,1.8171990727646128,3.094117238346505,2.2078219231750738,3.0934928104829256
4030,05/15/2023 18:38:58.033595,4213,True,True,True,True,Eyes,1.421456,0.08626487,-3.692805,0.09215554,0.03411397,0.9951601,0.0,0.0,0.0,0.0,0.0,0.0,0.0,-1.404618,0.2223426,3.692042,1.403245,0.08385277,-3.698302,0.04117867,0.0001963377,0.000573914,0.9991516,4.720049,0.02527341,0.06686314,0.3593957,0.02205976,-0.9329241,0,0,0,1.448822,0.05828535,-2.712606,0.04520679,0.05557895,0.9844771,0.9999993,0.001163024,-0.0003451854,-0.001130681,0.996608,0.08228771,0.0004397035,-0.08228726,0.9966085,moving,5.290714,1.963324,2.629152,3.23122,0.9118122481975132,1.795537787699565,2.9481303476372958,2.23840104490614,2.947763562665496
4031,05/15/2023 18:38:58.043143,4214,True,True,True,True,Eyes,1.421232,0.08616404,-3.69267,0.08914922,0.03174695,0.9955122,0.0,0.0,0.0,0.0,0.0,0.0,0.0,-1.389811,0.2269935,3.697165,1.403052,0.08380699,-3.698182,0.04168045,-0.001773059,0.0008192912,0.9991291,4.77777,359.8002,0.08563114,0.3593707,0.02203336,-0.9329343,0,0,0,1.445531,0.0559895,-2.712341,0.04599687,0.05431049,0.9845792,0.9999923,0.001489353,0.003611453,-0.001784965,0.9965242,0.08328539,-0.003474832,-0.0832912,0.9965192,moving,5.117251,1.826547,2.674759,3.1573,0.9095239035475932,1.7743603926697735,2.781487141274071,2.242448863022303,2.7812601838955215
4032,05/15/2023 18:38:58.063430,4215,True,True,True,True,Eyes,1.421009,0.08606469,-3.692529,0.08613741,0.02949779,0.9958465,0.0,0.0,0.0,0.0,0.0,0.0,0.0,-1.376695,0.230433,3.701519,1.40281,0.08394814,-3.697933,0.0420388,-0.003504425,0.001092642,0.9991093,4.819119,359.6026,0.1085982,0.3593445,0.02200716,-0.9329451,0,0,0,1.442216,0.05367688,-2.712074,0.04634154,0.05254462,0.9846222,0.9999731,0.001888695,0.007094584,-0.002477989,0.9964631,0.08399504,-0.006910861,-0.08401036,0.9964409,moving,4.94359,1.696652,2.694655,3.054706,0.9067003060234596,1.7541705405386243,2.6271694465985633,2.210921633398424,2.6269970168668313
4033,05/15/2023 18:38:58.083703,4216,True,True,True,True,Eyes,1.420739,0.08596377,-3.692384,0.08318249,0.02727101,0.9961611,0.0,0.0,0.0,0.0,0.0,0.0,0.0,-1.364943,0.2292252,3.705603,1.40262,0.08386898,-3.697666,0.04174392,-0.005057901,0.001364315,0.9991147,4.785619,359.4254,0.132468,0.3593172,0.02198119,-0.9329562,0,0,0,1.439065,0.05147892,-2.71182,0.04644459,0.04982722,0.9846978,0.9999451,0.002303939,0.0102209,-0.003148496,0.9965112,0.08340012,-0.009993076,-0.08342772,0.9964638,moving,4.773299,1.568144,2.700431,2.896783,0.9040172993777212,1.7342095189764608,2.4621257761830524,2.1397848682899454,2.4619691971524733
4034,05/15/2023 18:38:58.103449,4217,True,True,True,True,Eyes,1.420469,0.08585877,-3.692238,0.08023763,0.02509332,0.9964598,0.0,0.0,0.0,0.0,0.0,0.0,0.0,-1.353715,0.2321799,3.709228,1.402361,0.08374023,-3.697458,0.04203849,-0.006530911,0.001548321,0.9990935,4.81973,359.2571,0.1463202,0.3592879,0.0219554,-0.9329681,0,0,0,1.435618,0.04907467,-2.711542,0.04616007,0.04813462,0.9848294,0.9999099,0.002544739,0.0131802,-0.003642935,0.9964607,0.08398053,-0.01291981,-0.08402098,0.9963802,moving,4.603678,1.442544,2.683554,2.798168,0.9011630372944224,1.7146723719010453,2.3504451928841057,2.0858763913626484,2.3502544948216073
4035,05/15/2023 18:38:58.113335,4218,True,True,True,True,Eyes,1.420142,0.08575191,-3.692081,0.07736769,0.02288203,0.99674,0.0,0.0,0.0,0.0,0.0,0.0,0.0,-1.343446,0.2374882,3.712373,1.402101,0.08353615,-3.697309,0.04253745,-0.007866561,0.002015841,0.999062,4.877566,359.106,0.1931364,0.3592569,0.02192966,-0.9329807,0,0,0,1.432378,0.04681453,-2.711281,0.04581797,0.04704518,0.9849898,0.9998681,0.003358655,0.01588989,-0.004697148,0.996373,0.08496337,-0.01554695,-0.0850268,0.9962574,moving,4.43844,1.315101,2.663262,2.734489,0.8987676236342088,1.694908602680231,2.2728658619082647,2.047966749417097,2.272589380916723
4036,05/15/2023 18:38:58.133068,4219,True,True,True,True,Eyes,1.419817,0.0856455,-3.691924,0.07450172,0.02070203,0.9970061,0.0,0.0,0.0,0.0,0.0,0.0,0.0,-1.33293,0.242853,3.715302,1.401774,0.083395,-3.69692,0.04312276,-0.009229481,0.00230135,0.9990246,4.945257,358.9508,0.218665,0.3592231,0.02190394,-0.9329944,0,0,0,1.429037,0.04448403,-2.711012,0.04548672,0.04599195,0.9849305,0.999819,0.003802208,0.01863934,-0.005394209,0.9962703,0.08611893,-0.01824245,-0.0862039,0.9961104,moving,4.27351,1.18953,2.644193,2.673521,0.8962529808987936,1.67541662137473,2.203838282308845,2.0128354778785233,2.203434280036927
4037,05/15/2023 18:38:58.153388,4220,True,True,True,True,Eyes,1.41948,0.08554751,-3.691769,0.07167216,0.01849341,0.9972568,0.0,0.0,0.0,0.0,0.0,0.0,0.0,-1.322359,0.2495731,3.718409,1.401526,0.08330441,-3.696791,0.04383521,-0.0106039,0.002749801,0.9989787,5.027807,358.7952,0.2625283,0.3591869,0.02187825,-0.9330089,0,0,0,1.425702,0.04215798,-2.710743,0.04510996,0.04515817,0.9851371,0.99976,0.004564338,0.02142716,-0.006423637,0.9961419,0.08752257,-0.02094498,-0.0876392,0.9959322,moving,4.110741,1.062387,2.621773,2.624571,0.894014769394132,1.6557175544062417,2.158111339778372,1.9808648370005504,2.1575409049014844
4038,05/15/2023 18:38:58.168158,4221,True,True,True,True,Eyes,1.419149,0.08545584,-3.691609,0.0688501,0.01635421,0.997493,0.0,0.0,0.0,0.0,0.0,0.0,0.0,-1.311733,0.2556108,3.721596,1.40138,0.08342075,-3.696679,0.04446302,-0.01199618,0.003254567,0.9989338,5.100863,358.6379,0.3126664,0.3591482,0.0218528,-0.9330243,0,0,0,1.422393,0.0398498,-2.710476,0.04469144,0.04397249,0.9853958,0.999691,0.005435422,0.02425613,-0.007568967,0.9960249,0.08875314,-0.02367726,-0.08890931,0.9957582,moving,3.948472,0.9392982,2.596802,2.555083,0.8915061715514453,1.636605640095269,2.1066020765230062,1.9369136591964051,2.1058713908122475
4039,05/15/2023 18:38:58.183560,4222,True,True,True,True,Eyes,1.418793,0.08536368,-3.691453,0.0660791,0.0141975,0.9977134,0.0,0.0,0.0,0.0,0.0,0.0,0.0,-1.3017,0.2592663,3.724556,1.401217,0.08347225,-3.696428,0.04469889,-0.01330218,0.003941153,0.9989042,5.129359,358.4913,0.3845355,0.3591075,0.02182773,-0.9330406,0,0,0,1.418985,0.03747272,-2.710202,0.04401025,0.04199175,0.9855829,0.999615,0.006684486,0.02692751,-0.009062856,0.995973,0.08919496,-0.02622283,-0.08940466,0.9956501,moving,3.789196,0.8152663,2.556789,2.439668,0.8892870346327895,1.6173843144798925,2.0389967868076426,1.859223833747847,2.038160305058314
4040,05/15/2023 18:38:58.203205,4223,True,True,True,True,Eyes,1.418445,0.08527025,-3.691296,0.06333175,0.01204304,0.9979199,0.0,0.0,0.0,0.0,0.0,0.0,0.0,-1.292281,0.2619269,3.727536,1.401062,0.08337975,-3.696377,0.0449969,-0.0145393,0.004033769,0.9988732,5.164165,358.3497,0.3883257,0.3590643,0.02180298,-0.9330578,0,0,0,1.415621,0.035126,-2.709931,0.04323635,0.0403642,0.9859599,0.9995446,0.006750001,0.02940884,-0.009366889,0.995918,0.08977509,-0.02868274,-0.0900097,0.9955279,moving,3.631336,0.6914199,2.510928,2.344322,0.887157037339501,1.598202029265094,1.9968473749008486,1.7869882903670242,1.9958931598207013
4041,05/15/2023 18:38:58.213525,4224,True,True,True,True,Eyes,1.418068,0.08517236,-3.691141,0.06066329,0.009860745,0.9981096,0.0,0.0,0.0,0.0,0.0,0.0,0.0,-1.28397,0.270048,3.729616,1.400911,0.08327103,-3.696222,0.04603854,-0.0156258,0.00410582,0.9988091,5.284184,358.2254,0.3891529,0.3590192,0.02177849,-0.9330757,0,0,0,1.412186,0.03273013,-2.709654,0.04209545,0.04017153,0.9862116,0.999478,0.006763082,0.0315924,-0.009640638,0.9957272,0.09183911,-0.03083628,-0.09209573,0.9952726,moving,3.478055,0.5660307,2.444129,2.33255,0.8854774512436674,1.578837987982049,2.0468496307126443,1.7313221674491037,2.0457322232074353
4042,05/15/2023 18:38:58.239440,4225,True,True,True,True,Eyes,1.417698,0.08506925,-3.690991,0.05802359,0.007668155,0.9982858,0.0,0.0,0.0,0.0,0.0,0.0,0.0,-1.275953,0.2734805,3.731955,1.400788,0.08308125,-3.696108,0.04643675,-0.01667804,0.004180109,0.9987733,5.330406,358.1049,0.3913649,0.3589716,0.02175413,-0.9330946,0,0,0,1.40893,0.03045858,-2.709392,0.04103461,0.03891582,0.9865338,0.9994088,0.006801013,0.03370341,-0.009898908,0.9956523,0.09262012,-0.03292701,-0.09289899,0.995131,moving,3.326473,0.4400987,2.38183,2.258977,0.8839627431145448,1.559410768758502,2.0495532849037836,1.653178523675828,2.048342125711507
4043,05/15/2023 18:38:58.253506,4226,True,True,True,True,Eyes,1.417276,0.08496326,-3.690846,0.05546017,0.005426828,0.9984462,0.0,0.0,0.0,0.0,0.0,0.0,0.0,-1.268453,0.2825871,3.733745,1.400599,0.08287811,-3.696097,0.04764707,-0.01765221,0.004113758,0.9986998,5.469477,357.9927,0.3761239,0.3589218,0.02172975,-0.9331143,0,0,0,1.40559,0.02812904,-2.709122,0.03981599,0.03923923,0.9869222,0.9993429,0.006534668,0.03565048,-0.009898968,0.9954256,0.09502501,-0.03486651,-0.09531548,0.9948363,moving,3.179312,0.3114152,2.310265,2.276835,0.8829784070208584,1.5396266644877348,2.1489806137890217,1.6064318063480847,2.147621174432401
4044,05/15/2023 18:38:58.263853,4227,True,True,True,True,Eyes,1.416865,0.08485991,-3.690706,0.05292423,0.003208742,0.9985934,0.0,0.0,0.0,0.0,0.0,0.0,0.0,-1.260533,0.2882482,3.735854,1.400459,0.08272362,-3.696011,0.04835278,-0.01868695,0.004178546,0.9986469,5.550949,357.8742,0.3764049,0.358869,0.02170528,-0.9331352,0,0,0,1.402172,0.02574478,-2.708847,0.03858125,0.03845259,0.9873072,0.9992666,0.00653865,0.03772739,-0.01015292,0.9952891,0.09641853,-0.03691921,-0.09673087,0.9946257,moving,3.033768,0.1841057,2.237823,2.230368,0.882007911672556,1.5200542016874117,2.1956133182840483,1.5306143360786908,2.194190673551619
4045,05/15/2023 18:38:58.283515,4228,True,True,True,True,Eyes,1.416471,0.08476748,-3.690565,0.05025141,0.0008547671,0.9987363,0.0,0.0,0.0,0.0,0.0,0.0,0.0,-1.25338,0.2941883,3.737741,1.400318,0.08269978,-3.69601,0.04917334,-0.01962242,0.004075062,0.9985893,5.645191,357.7662,0.3574755,0.3588137,0.0216808,-0.933157,0,0,0,1.39884,0.02342051,-2.708579,0.03724781,0.03784022,0.9877833,0.9991967,0.006208826,0.03959022,-0.01006843,0.9951308,0.09804801,-0.03878862,-0.09836786,0.9943939,moving,2.880408,0.0490365,2.159513,2.193827,0.8810551454659874,1.499297989923014,2.262701016465775,1.4549312807339834,2.261226256425628
4046,05/15/2023 18:38:58.303084,4229,True,True,True,True,Eyes,1.416087,0.0846742,-3.69043,0.04762048,-0.001410422,0.9988645,0.0,0.0,0.0,0.0,0.0,0.0,0.0,-1.247231,0.2951762,3.739552,1.40022,0.08289051,-3.695872,0.04932288,-0.02042994,0.004074697,0.9985657,5.662632,357.6733,0.3525088,0.3587564,0.02165658,-0.9331796,0,0,0,1.395475,0.02107363,-2.708308,0.03557172,0.03564876,0.9882273,0.999132,0.006122378,0.04120319,-0.01015304,0.9951013,0.09833779,-0.04039925,-0.09867077,0.9942998,moving,2.729487,-0.08090302,2.061499,2.06596,0.8798918882997121,1.4793004747763656,2.2483835960056995,1.3192288523816922,2.2469792305190874
4047,05/15/2023 18:38:58.323712,4230,True,True,True,True,Eyes,1.415727,0.08457745,-3.690297,0.04483645,-0.003815717,0.998987,0.0,0.0,0.0,0.0,0.0,0.0,0.0,-1.241016,0.296208,3.741505,1.400076,0.08277607,-3.695897,0.04938314,-0.02123433,0.004221963,0.9985453,5.670183,357.5816,0.3647217,0.3586974,0.02163257,-0.9332028,0,0,0,1.392161,0.01876155,-2.70804,0.03398985,0.03363106,0.9888045,0.9990625,0.006334402,0.04282389,-0.01052888,0.995087,0.0984433,-0.04198992,-0.0988019,0.9942207,moving,2.56982,-0.2188451,1.96875,1.947984,0.8786969744575169,1.4580761722890463,2.24865148333547,1.1950837954498363,2.247304399466201
4048,05/15/2023 18:38:58.333383,4231,True,True,True,True,Eyes,1.415375,0.08448841,-3.690166,0.04209524,-0.006167969,0.9990946,0.0,0.0,0.0,0.0,0.0,0.0,0.0,-1.234406,0.3005283,3.743212,1.399911,0.08261871,-3.695827,0.04992272,-0.02209046,0.004249542,0.9984998,5.732454,357.4833,0.3616687,0.3586376,0.02160865,-0.9332263,0,0,0,1.388954,0.01652501,-2.707782,0.03264561,0.03267384,0.9892352,0.9989879,0.006280701,0.04453891,-0.01069196,0.9949793,0.09950789,-0.04369032,-0.09988338,0.9940395,moving,2.412638,-0.3537144,1.890124,1.891757,0.8774505863833517,1.4373152932994795,2.305463660180737,1.1099660839119712,2.304138532885938
4049,05/15/2023 18:38:58.353459,4232,True,True,True,True,Eyes,1.415003,0.08440348,-3.69004,0.03932105,-0.008602268,0.9991896,0.0,0.0,0.0,0.0,0.0,0.0,0.0,-1.227852,0.3046058,3.744932,1.399774,0.08272743,-3.695769,0.05045467,-0.02294153,0.004306541,0.9984536,5.79393,357.3858,0.3619409,0.3585772,0.021585,-0.9332501,0,0,0,1.385468,0.01409293,-2.707501,0.03098205,0.03125026,0.9897739,0.9989103,0.006284749,0.04624662,-0.01091478,0.9948716,0.1005557,-0.04537746,-0.1009509,0.993856,moving,2.253595,-0.4932613,1.792895,1.808407,0.8764225926435925,1.4158657547023807,2.3473221877758688,0.9970006533124512,2.3460676643199294
4050,05/15/2023 18:38:58.363628,4233,True,True,True,True,Eyes,1.414637,0.08431202,-3.68992,0.03658832,-0.01095411,0.9992703,0.0,0.0,0.0,0.0,0.0,0.0,0.0,-1.221702,0.3077419,3.746565,1.399528,0.08276367,-3.695738,0.05081903,-0.02372137,0.004454581,0.9984163,5.836405,357.297,0.3734476,0.3585157,0.0215617,-0.9332743,0,0,0,1.382184,0.01180221,-2.707237,0.0294863,0.02970628,0.9903125,0.9988349,0.006484053,0.04782043,-0.01130604,0.9947951,0.1012657,-0.04691485,-0.1016884,0.9937094,moving,2.096951,-0.6280575,1.705463,1.718179,0.8752098742746385,1.3951200855479955,2.378673699370355,0.8908913036861682,2.3775010814970385
4051,05/15/2023 18:38:58.383818,4234,True,True,True,True,Eyes,1.414319,0.08422434,-3.689807,0.03368491,-0.01340843,0.9993426,0.0,0.0,0.0,0.0,0.0,0.0,0.0,-1.214906,0.3102501,3.748528,1.399331,0.08251381,-3.695779,0.05099663,-0.02458772,0.004779606,0.9983848,5.85801,357.1992,0.405252,0.3584532,0.02153856,-0.9332988,0,0,0,1.378999,0.009580984,-2.70698,0.0282084,0.02814926,0.9908925,0.9987452,0.007035989,0.04958345,-0.01205155,0.994753,0.1015935,-0.04860845,-0.1020636,0.9935896,moving,1.930542,-0.768706,1.630637,1.62722,0.8737285185320103,1.3734478189294554,2.4146230361075,0.7983174614171228,2.4135326432263
4052,05/15/2023 18:38:58.403384,4235,True,True,True,True,Eyes,1.414007,0.08413097,-3.689695,0.03080929,-0.01572427,0.9994016,0.0,0.0,0.0,0.0,0.0,0.0,0.0,-1.206635,0.3174353,3.750619,1.399071,0.0825386,-3.695898,0.05169279,-0.02562508,0.005514961,0.998319,5.940432,357.0843,0.4817064,0.358391,0.02151563,-0.9333232,0,0,0,1.375568,0.007187724,-2.706703,0.02707419,0.02719383,0.9915979,0.9986259,0.008362118,0.05173411,-0.01366064,0.9945949,0.1029292,-0.05059379,-0.1034944,0.9933425,moving,1.76574,-0.9013992,1.563992,1.5709,0.8717622062406934,1.352933154703849,2.4805172020819852,0.7257352361684034,2.4795064007060175
4053,05/15/2023 18:38:58.413637,4236,True,True,True,True,Eyes,1.41371,0.0840432,-3.689584,0.02789834,-0.018178,0.9994454,0.0,0.0,0.0,0.0,0.0,0.0,0.0,-1.19805,0.315422,3.753423,1.398921,0.08229256,-3.695841,0.05117264,-0.02672872,0.006101293,0.9983135,5.883082,356.9606,0.5441154,0.3583291,0.02149275,-0.9333475,0,0,0,1.372357,0.00494762,-2.706445,0.02616462,0.02422915,0.9921301,0.9984968,0.009446443,0.05399175,-0.01491756,0.9946883,0.1018465,-0.05274281,-0.1024988,0.9933339,moving,1.598929,-1.041986,1.510664,1.398962,0.870246888979506,1.3312662440469107,2.4425433156709833,0.6439850863660556,2.4416515784494703
4054,05/15/2023 18:38:58.438262,4237,True,True,True,True,Eyes,1.413414,0.08396184,-3.689476,0.0250213,-0.02050704,0.9994766,0.0,0.0,0.0,0.0,0.0,0.0,0.0,-1.190099,0.3236043,3.755133,1.398778,0.08238411,-3.695771,0.05226941,-0.02775982,0.006108766,0.9982285,6.009466,356.8423,0.535452,0.3582678,0.02147005,-0.9333715,0,0,0,1.369009,0.002612478,-2.706175,0.02501476,0.02405147,0.9926444,0.9983842,0.009293909,0.05605996,-0.01509788,0.9944612,0.1040145,-0.05478272,-0.1046928,0.9929945,moving,1.434066,-1.175418,1.443555,1.387987,0.8683320437850486,1.310644845732608,2.56342256273639,0.5803992231071549,2.562614019399161
4055,05/15/2023 18:38:58.453577,4238,True,True,True,True,Eyes,1.413137,0.08386287,-3.68937,0.02206856,-0.02293991,0.9994932,0.0,0.0,0.0,0.0,0.0,0.0,0.0,-1.182051,0.3218099,3.757714,1.398538,0.08244514,-3.695744,0.0519244,-0.02878767,0.006400276,0.9982156,5.971398,356.7256,0.5638881,0.358207,0.02144767,-0.9333953,0,0,0,1.36562,0.0002485884,-2.705902,0.02388197,0.02101928,0.9932842,0.9982607,0.009788145,0.05813731,-0.01576728,0.9945258,0.103295,-0.05680794,-0.104032,0.9929503,moving,1.264871,-1.314795,1.377323,1.212278,0.8665514572597017,1.2891310063222332,2.529573758488374,0.5165210096928,2.5289039550268204
4056,05/15/2023 18:38:58.469160,4239,True,True,True,True,Eyes,1.412856,0.08375829,-3.689272,0.01910938,-0.02538345,0.9994951,0.0,0.0,0.0,0.0,0.0,0.0,0.0,-1.173291,0.3271263,3.759862,1.398173,0.08195591,-3.695752,0.05251696,-0.02989241,0.006525198,0.9981512,6.04041,356.5993,0.5696296,0.3581471,0.02142513,-0.9334188,0,0,0,1.362338,-0.002040963,-2.705637,0.02316454,0.02046999,0.9938366,0.9981277,0.00988655,0.06035971,-0.01616598,0.9943988,0.1044496,-0.05898899,-0.1052298,0.9926968,moving,1.095306,-1.454786,1.33522,1.179951,0.8647903774753707,1.2675256720549684,2.6456375009749538,0.4785116016714752,2.6450521124440134
4057,05/15/2023 18:38:58.487863,4240,True,True,True,True,Eyes,1.412596,0.08365194,-3.689176,0.01605597,-0.02798436,0.9994794,0.0,0.0,0.0,0.0,0.0,0.0,0.0,-1.160985,0.3379521,3.762715,1.397828,0.08173847,-3.695879,0.05385133,-0.03146082,0.00672539,0.9980305,6.195065,356.4202,0.5784009,0.3580878,0.02140231,-0.9334421,0,0,0,1.35911,-0.004292848,-2.705377,0.02341697,0.02117698,0.9944822,0.9979299,0.01003588,0.06352217,-0.01681271,0.9941096,0.1070674,-0.06207344,-0.1079137,0.9922204,moving,0.9203391,-1.603802,1.348888,1.219899,0.8633186895662559,1.24457580262589,2.856035976155099,0.48619594797050597,2.8554908415356857
4058,05/15/2023 18:38:58.503593,4241,True,True,True,True,Eyes,1.412334,0.08355007,-3.689086,0.01298892,-0.03057349,0.9994481,0.0,0.0,0.0,0.0,0.0,0.0,0.0,-1.148193,0.3502495,3.765404,1.397552,0.08163738,-3.695872,0.05544546,-0.03310555,0.006788411,0.9978896,6.379097,356.2315,0.5694491,0.3580296,0.02137917,-0.933465,0,0,0,1.3558,-0.006601482,-2.705111,0.02367815,0.02222059,0.99503,0.9977159,0.009877068,0.06682411,-0.01721928,0.9937594,0.1102074,-0.06531847,-0.1111064,0.9916597,moving,0.7445796,-1.752153,1.363177,1.279293,0.8617389213450072,1.2217145986348388,3.093917838954803,0.5047330175736262,3.093402326134456
4059,05/15/2023 18:38:58.513605,4242,True,True,True,True,Eyes,1.412083,0.08346872,-3.689,0.009892678,-0.03318454,0.9994003,0.0,0.0,0.0,0.0,0.0,0.0,0.0,-1.134881,0.3594135,3.768578,1.39729,0.08166122,-3.695973,0.05658071,-0.03481498,0.007005762,0.9977664,6.511143,356.0361,0.5790236,0.3579721,0.02135587,-0.9334875,0,0,0,1.352224,-0.009095588,-2.704823,0.02378139,0.02206784,0.9957889,0.9974777,0.01004052,0.07026714,-0.01791994,0.9934991,0.1124208,-0.06868151,-0.1133965,0.9911731,moving,0.5671303,-1.901776,1.368075,1.269533,0.8601322884434112,1.1986557792263046,3.2708887455765123,0.5128638987568369,3.2704203798446363
4060,05/15/2023 18:38:58.539454,4243,True,True,True,True,Eyes,1.411831,0.08335114,-3.688909,0.006801653,-0.03567502,0.9993402,0.0,0.0,0.0,0.0,0.0,0.0,0.0,-1.120791,0.3620457,3.772517,1.397061,0.08209801,-3.696027,0.05686531,-0.03663149,0.007312779,0.9976829,6.546114,355.8289,0.6012707,0.3579156,0.02133293,-0.9335097,0,0,0,1.348924,-0.0113975,-2.704557,0.02431667,0.01999126,0.9965348,0.9972093,0.01042555,0.0739249,-0.01875779,0.9934257,0.1129313,-0.07226148,-0.1140029,0.9908489,moving,0.3899572,-2.044509,1.39781,1.149243,0.8580243502538178,1.1765897969794403,3.349002702891092,0.5404779319980999,3.3485838679146447
4061,05/15/2023 18:38:58.553370,4244,True,True,True,True,Eyes,1.411582,0.08325558,-3.688826,0.00371989,-0.0383353,0.999258,0.0,0.0,0.0,0.0,0.0,0.0,0.0,-1.109003,0.3629927,3.775614,1.396821,0.08109665,-3.695838,0.05663283,-0.03813152,0.00794539,0.997635,6.523097,355.6601,0.6651826,0.35786,0.0213094,-0.9335316,0,0,0,1.345663,-0.01367208,-2.704294,0.02423605,0.01832417,0.9969131,0.9969658,0.0115342,0.07698266,-0.02017219,0.9934592,0.1123918,-0.07518274,-0.1136037,0.9906774,moving,0.2132913,-2.197004,1.392649,1.05303,0.8566921516664561,1.1531249800256818,3.457398673237625,0.5452235764362791,3.457018437229782
4062,05/15/2023 18:38:58.563764,4245,True,True,True,True,Eyes,1.411334,0.08315714,-3.688739,0.0006401062,-0.04076816,0.9991684,0.0,0.0,0.0,0.0,0.0,0.0,0.0,-1.094715,0.3805919,3.778117,1.39652,0.08159351,-3.696011,0.05905266,-0.03996082,0.007878589,0.9974236,6.801543,355.4492,0.6345602,0.3578052,0.0212859,-0.9335532,0,0,0,1.342258,-0.0160475,-2.70402,0.02484539,0.02039349,0.9977428,0.9966821,0.010997,0.08064613,-0.02043616,0.9929014,0.1171714,-0.07878512,-0.1184307,0.9898319,moving,0.0367059,-2.336491,1.426462,1.170941,0.8543813815468465,1.1315307398069494,3.772731272183484,0.5734364852520516,3.7722877862642554
4063,05/15/2023 18:38:58.583539,4246,True,True,True,True,Eyes,1.411113,0.08304854,-3.688654,-0.002451229,-0.04333562,0.9990576,0.0,0.0,0.0,0.0,0.0,0.0,0.0,-1.083164,0.3696438,3.782281,1.396312,0.08140373,-3.695838,0.05752354,-0.04146178,0.007956943,0.9974511,6.627485,355.2765,0.6404634,0.3577511,0.02126234,-0.9335744,0,0,0,1.339043,-0.01829042,-2.70376,0.02479312,0.01535137,0.9982914,0.9964352,0.01110327,0.08362753,-0.02064338,0.9932555,0.114094,-0.08179665,-0.1154137,0.9899439,moving,-0.1405773,-2.483734,1.42268,0.8810047,0.8526067347756974,1.1088154921296345,3.710153622868059,0.6139065765523526,3.709740793058762
4064,05/15/2023 18:38:58.603399,4247,True,True,True,True,Eyes,1.410889,0.08295356,-3.688564,-0.00554918,-0.04580752,0.9989349,0.0,0.0,0.0,0.0,0.0,0.0,0.0,-1.071674,0.3834756,3.784099,1.39598,0.08110142,-3.695891,0.05933784,-0.0429198,0.007889426,0.9972836,6.836156,355.1081,0.6141457,0.3576983,0.02123848,-0.9335952,0,0,0,1.335578,-0.02070687,-2.703481,0.02462989,0.01696302,0.9989974,0.9961913,0.01064245,0.08654278,-0.02082953,0.9928336,0.1176761,-0.08467022,-0.1190305,0.9892738,moving,-0.3182804,-2.625537,1.412319,0.9727913,0.8503897958326875,1.08687856352237,3.992861234486023,0.5733936991231522,3.9923568615962264
4065,05/15/2023 18:38:58.613625,4248,True,True,True,True,Eyes,1.41064,0.08286071,-3.688484,-0.008610105,-0.04826515,0.9987974,0.0,0.0,0.0,0.0,0.0,0.0,0.0,-1.059017,0.3839466,3.787349,1.395698,0.08133793,-3.695721,0.05941474,-0.04454736,0.007895528,0.9972077,6.846,354.9204,0.6032491,0.3576466,0.02121469,-0.9336156,0,0,0,1.332324,-0.0229768,-2.703219,0.02490637,0.01467963,0.9995611,0.9959064,0.01045342,0.08978423,-0.02104051,0.9928151,0.1177942,-0.08790773,-0.1192011,0.9889708,moving,-0.4939044,-2.766567,1.427361,0.8413898,0.8482658522796541,1.0650709224049346,4.087617032930482,0.6207933912611995,4.087019199837135
4066,05/15/2023 18:38:58.639226,4249,True,True,True,True,Eyes,1.410389,0.08277184,-3.688402,-0.01167164,-0.0505996,0.9986508,0.0,0.0,0.0,0.0,0.0,0.0,0.0,-1.046715,0.3857812,3.790612,1.39543,0.08131123,-3.695855,0.05956386,-0.04611535,0.008118893,0.9971258,6.865215,354.7411,0.6173597,0.3575952,0.02119101,-0.9336358,0,0,0,1.329143,-0.02519563,-2.702963,0.02513564,0.01289694,1.000387,0.9956149,0.0106975,0.09293281,-0.02168473,0.9927725,0.1180365,-0.09099841,-0.1195341,0.9886511,moving,-0.6696087,-2.90058,1.439306,0.7386135,0.8456050154567754,1.0442712587993306,4.206096829879019,0.6677630751709951,4.205357957186173
4067,05/15/2023 18:38:58.653391,4250,True,True,True,True,Eyes,1.410073,0.08268507,-3.688325,-0.01465198,-0.0529006,0.9984924,0.0,0.0,0.0,0.0,0.0,0.0,0.0,-1.034634,0.3839344,3.793924,1.395164,0.08130646,-3.695759,0.05923325,-0.04765934,0.008330095,0.9970711,6.829404,354.5645,0.6327712,0.3575442,0.02116754,-0.9336559,0,0,0,1.325691,-0.02760382,-2.702685,0.02501902,0.009927422,1.00108,0.9953184,0.01096536,0.09602624,-0.02225743,0.992844,0.1173255,-0.09405255,-0.1189135,0.9884401,moving,-0.8407038,-3.032722,1.431639,0.568167,0.8431384361504803,1.023780829776578,4.257927123734369,0.7442559207254473,4.25702192963398
4068,05/15/2023 18:38:58.663295,4251,True,True,True,True,Eyes,1.409762,0.08261417,-3.688246,-0.0176226,-0.05508678,0.998326,0.0,0.0,0.0,0.0,0.0,0.0,0.0,-1.022405,0.3840255,3.79704,1.394951,0.08128548,-3.695648,0.05906162,-0.04921477,0.008846469,0.9970012,6.813607,354.3886,0.6824428,0.357492,0.02114432,-0.9336764,0,0,0,1.322462,-0.02985579,-2.702425,0.02506664,0.007458255,1.001705,0.9949993,0.01182647,0.0991793,-0.02345328,0.9928669,0.1168983,-0.09708932,-0.1186398,0.9881793,moving,-1.011289,-3.158329,1.433469,0.4265912,0.8402144464988236,1.0042342498221797,4.339181318973896,0.8280232232599213,4.338049485817945
4069,05/15/2023 18:38:58.683262,4252,True,True,True,True,Eyes,1.409437,0.08254122,-3.688166,-0.02056142,-0.05719628,0.9981512,0.0,0.0,0.0,0.0,0.0,0.0,0.0,-1.01162,0.3822092,3.799968,1.394766,0.08158398,-3.695564,0.05875513,-0.0505944,0.009133,0.9969476,6.781061,354.2315,0.7076946,0.3574388,0.02112173,-0.9336973,0,0,0,1.319063,-0.03222714,-2.702151,0.02458259,0.004283041,1.002462,0.9947136,0.01226488,0.1019531,-0.02415561,0.9929289,0.1162274,-0.09980667,-0.1180757,0.9879761,moving,-1.180098,-3.279589,1.404738,0.244796,0.8370909030819774,0.9853280652952024,4.370659764282848,0.9330653601810738,4.36926328522069
4070,05/15/2023 18:38:58.703496,4253,True,True,True,True,Eyes,1.409114,0.08245608,-3.688092,-0.0234617,-0.05924021,0.997968,0.0,0.0,0.0,0.0,0.0,0.0,0.0,-1.003173,0.3751265,3.802717,1.394593,0.08145714,-3.695431,0.05769989,-0.05167492,0.009404457,0.9969513,6.662456,354.1086,0.7377177,0.3573844,0.02109965,-0.9337186,0,0,0,1.315806,-0.03449898,-2.701888,0.02361116,0.0001223981,1.003107,0.9944825,0.0127883,0.10412,-0.02471484,0.9931645,0.114076,-0.1019495,-0.1160199,0.9880008,moving,-1.346745,-3.397139,1.348381,0.006991176,0.8338441253318353,0.9669740804639554,4.341866696598341,1.0891810557737105,4.3401526812117
4071,05/15/2023 18:38:58.723637,4254,True,True,True,True,Eyes,1.40876,0.08236432,-3.68802,-0.02640371,-0.06139017,0.9977645,0.0,0.0,0.0,0.0,0.0,0.0,0.0,-0.9950923,0.3779019,3.804513,1.394317,0.08107662,-3.695489,0.05791735,-0.05268034,0.00969619,0.9968834,6.689879,353.9946,0.7632266,0.357329,0.02107772,-0.9337403,0,0,0,1.312467,-0.03682811,-2.701619,0.02256352,-0.001259446,1.003926,0.9942615,0.01322973,0.1061555,-0.02543415,0.9931031,0.1144521,-0.1039092,-0.1164953,0.9877407,moving,-1.515857,-3.52084,1.287521,-0.07187869,0.8308832368810859,0.9477143591413826,4.444576732239068,1.117178603699367,4.442501638699513
4072,05/15/2023 18:38:58.739542,4255,True,True,True,True,Eyes,1.408413,0.08228397,-3.687955,-0.02929876,-0.0635315,0.9975497,0.0,0.0,0.0,0.0,0.0,0.0,0.0,-0.9873621,0.38187,3.805977,1.394149,0.08085155,-3.6954,0.0582815,-0.05364984,0.01009955,0.9968064,6.734827,353.8856,0.8008753,0.3572719,0.02105576,-0.9337626,0,0,0,1.309025,-0.03922867,-2.701342,0.02120861,-0.002570249,1.00467,0.9940394,0.01388101,0.1081342,-0.02638817,0.9930025,0.1151071,-0.1057797,-0.1172744,0.9874499,moving,-1.682335,-3.644107,1.209336,-0.1465796,0.8280814324278326,0.9285400443155938,4.5381118415032216,1.1407178857578806,4.535635092799685
4073,05/15/2023 18:38:58.753632,4256,True,True,True,True,Eyes,1.408093,0.082211,-3.687888,-0.03227018,-0.06571838,0.9973162,0.0,0.0,0.0,0.0,0.0,0.0,0.0,-0.9799805,0.3896833,3.807149,1.39396,0.08106136,-3.695525,0.0592301,-0.05456558,0.0104491,0.9966972,6.84647,353.7824,0.8290133,0.3572134,0.02103407,-0.9337855,0,0,0,1.305694,-0.04155257,-2.701073,0.01991522,-0.003037758,1.005661,0.9938269,0.01436533,0.1100085,-0.02729304,0.9927652,0.1169286,-0.1075329,-0.1192093,0.9870289,moving,-1.853274,-3.770068,1.134487,-0.1730705,0.8251584533090772,0.908939485548905,4.676013987161207,1.1253576136613017,4.673084032637347
4074,05/15/2023 18:38:58.768506,4257,True,True,True,True,Eyes,1.407779,0.08213057,-3.687818,-0.03515909,-0.06784411,0.9970762,0.0,0.0,0.0,0.0,0.0,0.0,0.0,-0.9744346,0.386958,3.808736,1.393854,0.08116436,-3.695446,0.0588269,-0.05527374,0.01060685,0.9966804,6.801836,353.7017,0.8447933,0.3571543,0.02101278,-0.9338086,0,0,0,1.302295,-0.04392326,-2.700799,0.01802057,-0.006193012,1.006473,0.9936646,0.01464012,0.1114284,-0.02764646,0.9928538,0.1160907,-0.1089326,-0.1184358,0.9869685,moving,-2.019538,-3.89258,1.025753,-0.352547,0.8223151042395535,0.8898755706747178,4.669649977864508,1.258968157481917,4.666187185816477
4075,05/15/2023 18:38:58.783470,4258,True,True,True,True,Eyes,1.407488,0.08207231,-3.68775,-0.03810177,-0.07005779,0.996815,0.0,0.0,0.0,0.0,0.0,0.0,0.0,-0.9705277,0.3902915,3.809201,1.393704,0.08090591,-3.695309,0.05914327,-0.05575041,0.01089955,0.9966319,6.840363,353.6487,0.8732005,0.3570947,0.02099169,-0.9338319,0,0,0,1.299278,-0.04602792,-2.700556,0.01608676,-0.007280648,1.0071,0.9935462,0.01513116,0.1124146,-0.02832021,0.9927666,0.1166728,-0.109836,-0.1191034,0.9867879,moving,-2.18898,-4.020231,0.9151276,-0.4142024,0.8196291035436061,0.8700451609480653,4.758038067985135,1.287793368761653,4.754012536808881
4076,05/15/2023 18:38:58.803317,4259,True,True,True,True,Eyes,1.407205,0.08200284,-3.687684,-0.04095837,-0.07211333,0.9965551,0.0,0.0,0.0,0.0,0.0,0.0,0.0,-0.9661282,0.3911788,3.810231,1.39362,0.08139229,-3.695333,0.05926526,-0.05630545,0.01107825,0.9965916,6.855979,353.5859,0.8891528,0.3570352,0.02097131,-0.9338551,0,0,0,1.295863,-0.04840998,-2.700281,0.0138635,-0.009748772,1.00809,0.993414,0.01540706,0.1135402,-0.02875489,0.9927298,0.116879,-0.1109139,-0.119374,0.9866347,moving,-2.353529,-4.138858,0.7878965,-0.5540639,0.8166167051830757,0.851554695094498,4.766476991599252,1.4059119762848558,4.761827536029827
4077,05/15/2023 18:38:58.813402,4260,True,True,True,True,Eyes,1.406884,0.08194332,-3.687625,-0.0436297,-0.07436898,0.9962759,0.0,0.0,0.0,0.0,0.0,0.0,0.0,-0.9629712,0.3854557,3.811574,1.393555,0.08103657,-3.695324,0.05838195,-0.05670589,0.01130806,0.9966184,6.756583,353.5412,0.918477,0.3569761,0.0209513,-0.9338781,0,0,0,1.292547,-0.05072318,-2.700014,0.01138225,-0.01333625,1.00891,0.9933131,0.01591843,0.1143486,-0.02916084,0.9929274,0.1150866,-0.1117078,-0.1176515,0.986752,moving,-2.50754,-4.269039,0.6463684,-0.7573189,0.815246567365723,0.8314954625842014,4.7200970600544405,1.5977643487594309,4.714747809936488
4078,05/15/2023 18:38:58.839223,4261,True,True,True,True,Eyes,1.406573,0.08189194,-3.687563,-0.04621639,-0.07648508,0.995999,0.0,0.0,0.0,0.0,0.0,0.0,0.0,-0.9609748,0.3942384,3.811134,1.393467,0.08126545,-3.695307,0.05966445,-0.05695605,0.01103737,0.9965312,6.902045,353.5106,0.8773835,0.3569162,0.02093188,-0.9339014,0,0,0,1.289313,-0.05297847,-2.699754,0.008829385,-0.0131219,1.009824,0.9932684,0.01520166,0.1148341,-0.02879468,0.9926367,0.1176577,-0.1122,-0.1201723,0.9863924,moving,-2.656735,-4.391258,0.5009521,-0.7444735,0.8136247926981013,0.8126228406917885,4.82390143047582,1.5881792175176075,4.817947065327767
4079,05/15/2023 18:38:58.855047,4262,True,True,True,True,Eyes,1.406292,0.08181996,-3.687508,-0.04886698,-0.0787258,0.9956979,0.0,0.0,0.0,0.0,0.0,0.0,0.0,-0.9588146,0.3896239,3.811996,1.393403,0.08139801,-3.695167,0.05904538,-0.05723391,0.0111104,0.9965513,6.831814,353.479,0.8878559,0.356856,0.02091318,-0.9339249,0,0,0,1.285979,-0.05530436,-2.699485,0.006090254,-0.01670136,1.01059,0.9932017,0.01538537,0.1153852,-0.02890296,0.9927804,0.1164117,-0.1127611,-0.1189553,0.9864758,moving,-2.809715,-4.520741,0.3452849,-0.946803,0.8122769554484709,0.792672954686843,4.767290341152299,1.8010713969150949,4.760533247513606
4080,05/15/2023 18:38:58.863595,4263,True,True,True,True,Eyes,1.406017,0.08175322,-3.687457,-0.05143562,-0.08095545,0.9953896,0.0,0.0,0.0,0.0,0.0,0.0,0.0,-0.957834,0.3940222,3.811925,1.393314,0.08084488,-3.69535,0.05949688,-0.05733457,0.01129397,0.9965167,6.884849,353.4687,0.905353,0.356796,0.02089461,-0.9339482,0,0,0,1.282541,-0.05770222,-2.699208,0.002977103,-0.01745006,1.011659,0.9931704,0.0156868,0.1156136,-0.02933171,0.9926651,0.1172842,-0.1129258,-0.1198743,0.9863458,moving,-2.958063,-4.649656,0.1686091,-0.9881946,0.8112236472770183,0.7728451989599135,4.814808200189118,1.874623863577123,4.8073221684351575
4081,05/15/2023 18:38:58.883572,4264,True,True,True,True,Eyes,1.405759,0.08168492,-3.687406,-0.05398908,-0.08324577,0.9950655,0.0,0.0,0.0,0.0,0.0,0.0,0.0,-0.9551223,0.4015914,3.81181,1.393198,0.0809269,-3.695387,0.06048091,-0.05765952,0.01139417,0.9964375,6.998587,353.432,0.9082134,0.3567364,0.02087628,-0.9339713,0,0,0,1.279261,-0.05999003,-2.698944,0.0005066395,-0.0176741,1.012633,0.9930911,0.01573255,0.1162864,-0.02968176,0.9924244,0.1192169,-0.1135299,-0.1218449,0.9860349,moving,-3.105641,-4.782148,0.02866617,-0.9999171,0.8104971509719523,0.7525099862805006,4.912143322097617,1.9189216699847678,4.903857314397737
4082,05/15/2023 18:38:58.903904,4265,True,True,True,True,Eyes,1.405506,0.08161828,-3.687357,-0.05645744,-0.08548448,0.9947387,0.0,0.0,0.0,0.0,0.0,0.0,0.0,-0.9527947,0.4021148,3.812281,1.393134,0.08083344,-3.695354,0.06046275,-0.05794443,0.01163142,0.9964194,6.998331,353.4008,0.9336171,0.3566775,0.02085814,-0.9339942,0,0,0,1.275828,-0.06238499,-2.698667,-0.002309561,-0.01984174,1.013538,0.9930143,0.01617258,0.1168804,-0.0301865,0.9924179,0.1191445,-0.1140673,-0.1218404,0.9859735,moving,-3.248397,-4.911738,-0.1305604,-1.12152,0.8099023926220944,0.7326340720795654,4.907815965561825,2.079028039088406,4.898653391374561
4083,05/15/2023 18:38:58.923219,4266,True,True,True,True,Eyes,1.405234,0.08155774,-3.687314,-0.05894142,-0.08777269,0.9943953,0.0,0.0,0.0,0.0,0.0,0.0,0.0,-0.9506646,0.4064817,3.812313,1.393017,0.08080864,-3.69536,0.06095434,-0.05818996,0.0119032,0.9963719,7.056709,353.3744,0.9599252,0.3566194,0.02084018,-0.9340168,0,0,0,1.272527,-0.06468769,-2.698401,-0.005008161,-0.02094592,1.014471,0.9929445,0.01662617,0.1174089,-0.03081388,0.9922858,0.1200811,-0.1145066,-0.1228517,0.9857969,moving,-3.39216,-5.044277,-0.282851,-1.182826,0.8094574367475523,0.7123254445087236,4.957681543108835,2.187404105009722,4.947603262047507
4084,05/15/2023 18:38:58.943675,4267,True,True,True,True,Eyes,1.404969,0.08150169,-3.687273,-0.0613709,-0.08999431,0.9940497,0.0,0.0,0.0,0.0,0.0,0.0,0.0,-0.9461782,0.4071875,3.813243,1.39286,0.08090591,-3.695304,0.06093413,-0.05873735,0.01230332,0.9963362,7.0576,353.3141,1.002199,0.3565614,0.02082257,-0.9340394,0,0,0,1.269086,-0.06708743,-2.698124,-0.00724268,-0.02329103,1.015379,0.9927971,0.01735826,0.1185436,-0.03167469,0.9922713,0.1199764,-0.1155449,-0.1228671,0.985674,moving,-3.532858,-5.173057,-0.4086827,-1.314035,0.8089513361800006,0.692583952067565,4.965130622814881,2.347158338259422,4.954043942897715
4085,05/15/2023 18:38:58.963375,4268,True,True,True,True,Eyes,1.404678,0.08145528,-3.687235,-0.0638523,-0.09226118,0.9936854,0.0,0.0,0.0,0.0,0.0,0.0,0.0,-0.940696,0.4101994,3.814339,1.392745,0.08097172,-3.695411,0.0612368,-0.05941719,0.01262801,0.9962733,7.095168,353.2379,1.03269,0.3565037,0.02080536,-0.9340618,0,0,0,1.264707,-0.0701426,-2.697771,-0.01014245,-0.02554756,1.016738,0.9926203,0.01788486,0.119938,-0.03243894,0.9921812,0.1205165,-0.1168448,-0.1235178,0.9854393,moving,-3.676661,-5.304561,-0.5715336,-1.439367,0.8084251375210112,0.6724237540339206,4.957977493682959,2.522686327327228,4.945843165960636
4086,05/15/2023 18:38:58.973206,4269,True,True,True,True,Eyes,1.404395,0.08141289,-3.687196,-0.06628481,-0.09442932,0.9933225,0.0,0.0,0.0,0.0,0.0,0.0,0.0,-0.9345154,0.4101647,3.815756,1.392702,0.08112049,-3.695315,0.06114644,-0.06020376,0.01295775,0.9962273,7.087888,353.1494,1.065611,0.3564456,0.02078877,-0.9340843,0,0,0,1.262397,-0.07175352,-2.697585,-0.0108757,-0.02735721,1.017324,0.9924152,0.01845523,0.1215378,-0.03318021,0.9921864,0.1202713,-0.1183685,-0.1233917,0.9852733,moving,-3.81771,-5.430453,-0.6124974,-1.54039,0.8076748989948607,0.6530943380726757,5.040434302237037,2.6130945065577844,5.027108178431191
4087,05/15/2023 18:38:58.983231,4270,True,True,True,True,Eyes,1.404097,0.08136133,-3.687162,-0.06877136,-0.0966707,0.9929377,0.0,0.0,0.0,0.0,0.0,0.0,0.0,-0.9290431,0.4088257,3.817184,1.392609,0.08122826,-3.695294,0.06093956,-0.06090084,0.01308644,0.996196,7.065816,353.0698,1.076851,0.3563875,0.02077284,-0.9341068,0,0,0,1.258072,-0.07477036,-2.697236,-0.01370794,-0.03069109,1.01854,0.9922397,0.01865077,0.1229332,-0.03349585,0.9922302,0.1198215,-0.1197433,-0.1230094,0.9851549,moving,-3.962007,-5.560693,-0.7710643,-1.72594,0.8070170458462893,0.6331115201132524,4.9887318915424075,2.838215074418548,4.974208879453098
4088,05/15/2023 18:38:59.003276,4271,True,True,True,True,Eyes,1.403795,0.08131301,-3.687133,-0.07125808,-0.09887282,0.9925454,0.0,0.0,0.0,0.0,0.0,0.0,0.0,-0.9221346,0.4105545,3.818625,1.392315,0.08098984,-3.695359,0.0611111,-0.06175484,0.01315848,0.9961319,7.086903,352.9718,1.077858,0.3563288,0.02075727,-0.9341295,0,0,0,1.255579,-0.07650947,-2.697035,-0.01415449,-0.03172902,1.019287,0.9920264,0.01866734,0.1246403,-0.03376298,0.9921846,0.1201242,-0.1214238,-0.1233746,0.9849035,moving,-4.106406,-5.688775,-0.7955959,-1.782964,0.8061884442939742,0.6134380187775467,5.120236624022664,2.882439196449142,5.104352805514478
4089,05/15/2023 18:38:59.018243,4272,True,True,True,True,Eyes,1.403488,0.08125751,-3.687111,-0.07394088,-0.1011867,0.9921159,0.0,0.0,0.0,0.0,0.0,0.0,0.0,-0.9120364,0.4151219,3.82051,1.391944,0.08103275,-3.695451,0.06174187,-0.0630161,0.01307601,0.996015,7.159947,352.8257,1.05487,0.3562696,0.0207421,-0.9341524,0,0,0,1.25271,-0.07851063,-2.696804,-0.01402277,-0.03238185,1.020241,0.991716,0.01826634,0.1271447,-0.03382927,0.992034,0.1213436,-0.1239153,-0.1246396,0.9844339,moving,-4.262287,-5.823507,-0.7874559,-1.817924,0.8050264640095259,0.5927082464932615,5.30274894214465,2.889143109559393,5.2852898835647375
4090,05/15/2023 18:38:59.033503,4273,True,True,True,True,Eyes,1.403186,0.08119588,-3.687089,-0.07663398,-0.103437,0.9916794,0.0,0.0,0.0,0.0,0.0,0.0,0.0,-0.8986838,0.4204517,3.823143,1.391747,0.08083439,-3.695585,0.06224578,-0.06469174,0.01362417,0.995869,7.223492,352.6361,1.102144,0.3562097,0.02072711,-0.9341756,0,0,0,1.249368,-0.08084171,-2.696535,-0.01379892,-0.03325532,1.021379,0.9912587,0.01908221,0.130545,-0.03518936,0.9918797,0.1222145,-0.1271529,-0.12574,0.9838809,moving,-4.418863,-5.954695,-0.7740241,-1.864848,0.803545634222188,0.5724818429433006,5.478293446901344,2.9033262010383676,5.459166770782377
4091,05/15/2023 18:38:59.053219,4274,True,True,True,True,Eyes,1.402879,0.08113901,-3.687061,-0.07953807,-0.1058358,0.9911975,0.0,0.0,0.0,0.0,0.0,0.0,0.0,-0.8864185,0.4242421,3.825506,1.391582,0.0806284,-3.695567,0.06255682,-0.06623408,0.01414626,0.9957409,7.264769,352.4618,1.148637,0.3561493,0.02071212,-0.934199,0,0,0,1.245898,-0.08326197,-2.696255,-0.01402509,-0.03460798,1.022405,0.9908259,0.01988524,0.1336738,-0.03645882,0.9917731,0.1227068,-0.130134,-0.1264547,0.9833994,moving,-4.587836,-6.094702,-0.7859198,-1.938698,0.8018289019347926,0.5508793825037416,5.632666867465041,2.9527853772277117,5.611666189277369
4092,05/15/2023 18:38:59.063380,4275,True,True,True,True,Eyes,1.402571,0.0810873,-3.687032,-0.08244703,-0.1081509,0.9907098,0.0,0.0,0.0,0.0,0.0,0.0,0.0,-0.8753299,0.431112,3.827043,1.391408,0.08072662,-3.695373,0.06346078,-0.067641,0.01420619,0.9955881,7.370411,352.2998,1.138317,0.3560884,0.02069727,-0.9342225,0,0,0,1.242718,-0.08548041,-2.695999,-0.01414144,-0.03495771,1.02326,0.9904457,0.01970192,0.1364882,-0.03687213,0.9915419,0.1244398,-0.1328821,-0.1282834,0.9827948,moving,-4.757202,-6.230025,-0.7917762,-1.956639,0.7997290511722739,0.5299468027846146,5.829788133397443,2.9522868964785465,5.806846913738876
4093,05/15/2023 18:38:59.083356,4276,True,True,True,True,Eyes,1.402234,0.08102744,-3.687008,-0.0855681,-0.1105833,0.9901765,0.0,0.0,0.0,0.0,0.0,0.0,0.0,-0.862765,0.4326897,3.829575,1.391078,0.08080196,-3.695348,0.06357452,-0.06921035,0.01454084,0.9954681,7.387865,352.1209,1.164246,0.356027,0.02068266,-0.9342462,0,0,0,1.23947,-0.08774595,-2.695737,-0.01389989,-0.03687994,1.024237,0.989997,0.02014985,0.1396423,-0.03774992,0.9914937,0.1245601,-0.1359445,-0.1285855,0.9823364,moving,-4.93906,-6.372412,-0.7775115,-2.062171,0.7972535583533513,0.5078896135564049,5.9913824277818595,3.0141493901869825,5.966168053940006
4094,05/15/2023 18:38:59.103573,4277,True,True,True,True,Eyes,1.401896,0.08096337,-3.686984,-0.08872671,-0.1130195,0.9896232,0.0,0.0,0.0,0.0,0.0,0.0,0.0,-0.8472228,0.4408189,3.831998,1.390753,0.08058643,-3.695352,0.06447426,-0.07114667,0.01502168,0.9952667,7.497078,351.9008,1.19789,0.3559645,0.02066807,-0.9342704,0,0,0,1.236157,-0.09005687,-2.69547,-0.01295793,-0.03692074,1.025306,0.989425,0.02072689,0.1435569,-0.03907542,0.9912349,0.1262007,-0.1396828,-0.1304756,0.9815624,moving,-5.123272,-6.51521,-0.7240722,-2.062301,0.79463764337016,0.4857527710991145,6.259501373320485,2.9663205505747072,6.2318797592980895
4095,05/15/2023 18:38:59.113438,4278,True,True,True,True,Eyes,1.401512,0.08088146,-3.686977,-0.09205687,-0.1155857,0.9890224,0.0,0.0,0.0,0.0,0.0,0.0,0.0,-0.829864,0.4515285,3.834416,1.39043,0.08043671,-3.695338,0.06566098,-0.07330149,0.01572171,0.9950218,7.641429,351.6571,1.252292,0.3559009,0.02065339,-0.9342949,0,0,0,1.232661,-0.09249564,-2.695189,-0.01178288,-0.03651901,1.026462,0.9887594,0.02166079,0.1479378,-0.04091298,0.9908829,0.1283634,-0.1438085,-0.1329731,0.9806311,moving,-5.317692,-6.665841,-0.6576767,-2.037585,0.7918707095362232,0.4624007380263244,6.567838015494147,2.8898298190080673,6.537529293972042
4096,05/15/2023 18:38:59.133359,4279,True,True,True,True,Eyes,1.40113,0.08079848,-3.686977,-0.09547042,-0.1182527,0.9883834,0.0,0.0,0.0,0.0,0.0,0.0,0.0,-0.8093916,0.4653697,3.83721,1.390039,0.0799942,-3.695572,0.06730209,-0.07584928,0.01614486,0.9947144,7.836222,351.3658,1.267254,0.3558353,0.02063817,-0.9343202,0,0,0,1.229416,-0.09475876,-2.694927,-0.009350508,-0.03475088,1.027781,0.9879724,0.02190942,0.15307,-0.04232868,0.9904196,0.1314435,-0.1487236,-0.1363419,0.9794346,moving,-5.517226,-6.822581,-0.5212491,-1.936522,0.789193464635416,0.4381258548921034,6.988086843823179,2.7122337933798986,6.954814552362151
4097,05/15/2023 18:38:59.153379,4280,True,True,True,True,Eyes,1.400766,0.08071546,-3.686974,-0.09901329,-0.1209689,0.9877059,0.0,0.0,0.0,0.0,0.0,0.0,0.0,-0.7869045,0.4850042,3.839531,1.389787,0.07993031,-3.695747,0.06981477,-0.07867296,0.01637849,0.994318,8.129635,351.0409,1.249428,0.3557679,0.02062245,-0.9343462,0,0,0,1.225837,-0.09725573,-2.694639,-0.006743133,-0.03181252,1.029288,0.9870847,0.02158579,0.1587388,-0.04355593,0.9897152,0.1362591,-0.1541649,-0.1414133,0.9778729,moving,-5.724532,-6.982502,-0.3753541,-1.770294,0.7861906418476323,0.4133257860255876,7.468655597971593,2.473334097374699,7.432216707964266
4098,05/15/2023 18:38:59.163283,4281,True,True,True,True,Eyes,1.400401,0.08062111,-3.686968,-0.1026273,-0.1237045,0.9869979,0.0,0.0,0.0,0.0,0.0,0.0,0.0,-0.7650388,0.4935678,3.842736,1.389464,0.07987785,-3.695745,0.07093572,-0.08143786,0.01636877,0.9940162,8.261345,350.7204,1.21522,0.3556991,0.02060626,-0.9343727,0,0,0,1.222762,-0.0994008,-2.694391,-0.003719509,-0.03148386,1.030356,0.9861999,0.02098792,0.1642234,-0.04409534,0.9894004,0.1383564,-0.1595788,-0.1436886,0.976672,moving,-5.936237,-7.143864,-0.2068326,-1.750202,0.7829763358315873,0.3882801312371462,7.8687778307042935,2.356443836604774,7.828806700968951
4099,05/15/2023 18:38:59.183255,4282,True,True,True,True,Eyes,1.399992,0.08052626,-3.68697,-0.1063121,-0.1264784,0.986256,0.0,0.0,0.0,0.0,0.0,0.0,0.0,-0.7434608,0.5058119,3.845204,1.389119,0.07954216,-3.695699,0.07254043,-0.08416139,0.01623909,0.9936756,8.447129,350.4034,1.162187,0.3556292,0.02058937,-0.9343997,0,0,0,1.219401,-0.1017446,-2.69412,-0.0009788573,-0.0300805,1.031466,0.9853063,0.02006257,0.1696141,-0.04448298,0.9889483,0.1414299,-0.1649022,-0.1468967,0.9753095,moving,-6.152361,-7.307777,-0.05437347,-1.670436,0.7796330933690035,0.3628291555229903,8.304520784868716,2.1976656115993864,8.260845038391526
4100,05/15/2023 18:38:59.203132,4283,True,True,True,True,Eyes,1.399582,0.08041231,-3.686971,-0.1100685,-0.1292736,0.9854813,0.0,0.0,0.0,0.0,0.0,0.0,0.0,-0.7205169,0.515292,3.848168,1.38869,0.07948971,-3.695712,0.07383014,-0.08705415,0.0160492,0.9933344,8.596233,350.0659,1.102794,0.3555573,0.02057184,-0.9344274,0,0,0,1.216035,-0.1040926,-2.693849,0.002200961,-0.02961218,1.032647,0.984328,0.01903,0.1753175,-0.04473888,0.988583,0.1438817,-0.1705779,-0.1494703,0.9739413,moving,-6.372957,-7.473281,0.1221188,-1.642563,0.7760844003711376,0.3371103937110795,8.728303503159685,2.084892743580908,8.680587430860657
4101,05/15/2023 18:38:59.213159,4284,True,True,True,True,Eyes,1.399148,0.08030224,-3.686981,-0.1137863,-0.1321318,0.9846796,0.0,0.0,0.0,0.0,0.0,0.0,0.0,-0.6980361,0.5283286,3.850381,1.388298,0.07894611,-3.695703,0.07547922,-0.08987471,0.01602185,0.9929596,8.787808,349.7376,1.058172,0.3554834,0.02055325,-0.934456,0,0,0,1.212713,-0.10641,-2.693581,0.005245328,-0.02785258,1.033746,0.9833317,0.01825075,0.1809026,-0.04538545,0.9880924,0.1470157,-0.1760653,-0.1527755,0.9724509,moving,-6.591673,-7.64273,0.2907219,-1.543367,0.772971250423321,0.3108409765699063,9.196172495408893,1.9158944794427435,9.144278268206946
4102,05/15/2023 18:38:59.233696,4285,True,True,True,True,Eyes,1.398721,0.08019428,-3.686984,-0.1175616,-0.1349183,0.9838579,0.0,0.0,0.0,0.0,0.0,0.0,0.0,-0.6741788,0.5461375,3.852104,1.387962,0.07898808,-3.695783,0.07780883,-0.09286365,0.01607413,0.9925039,9.058133,349.3896,1.012841,0.3554073,0.02053381,-0.9344854,0,0,0,1.209444,-0.1086902,-2.693318,0.008673728,-0.02519441,1.035044,0.982236,0.01745606,0.1868364,-0.04635851,0.9873748,0.1514657,-0.1818335,-0.1574365,0.9706442,moving,-6.813989,-7.808379,0.4801307,-1.394383,0.7693082015447174,0.2850863393354699,9.713059604776658,1.7041833496333556,9.656812911605911
4103,05/15/2023 18:38:59.253123,4286,True,True,True,True,Eyes,1.398271,0.08008282,-3.686991,-0.121179,-0.1376533,0.9830397,0.0,0.0,0.0,0.0,0.0,0.0,0.0,-0.6525742,0.5507445,3.854944,1.387741,0.07894135,-3.695635,0.07826467,-0.09557025,0.01658151,0.9922028,9.118578,349.0794,1.041383,0.3553293,0.02051364,-0.9345155,0,0,0,1.206143,-0.110993,-2.693052,0.01115337,-0.02627848,1.036054,0.9811828,0.01794489,0.1922456,-0.04786399,0.9871994,0.1521394,-0.1870546,-0.1584782,0.9694819,moving,-7.027379,-7.971198,0.6167791,-1.452939,0.7660813812881277,0.259816517710328,10.045937161304396,1.7192506026304055,9.985089360250521
4104,05/15/2023 18:38:59.263654,4287,True,True,True,True,Eyes,1.397831,0.07998349,-3.686991,-0.1248574,-0.1403357,0.9821998,0.0,0.0,0.0,0.0,0.0,0.0,0.0,-0.6305592,0.5610078,3.856989,1.387366,0.07878208,-3.695634,0.07954486,-0.09831662,0.01674477,0.9918297,9.269734,348.7607,1.020338,0.3552491,0.02049275,-0.9345464,0,0,0,1.202765,-0.1133493,-2.69278,0.0139493,-0.02563423,1.037235,0.9801069,0.01757476,0.1976905,-0.04885709,0.9867845,0.1544973,-0.1923627,-0.1610825,0.9680129,moving,-7.244593,-8.131327,0.7704986,-1.41572,0.7623723442339723,0.2348999581264312,10.456628076719548,1.6506399614083251,10.391039823086544
4105,05/15/2023 18:38:59.283544,4288,True,True,True,True,Eyes,1.397412,0.07988065,-3.686979,-0.1283996,-0.1428177,0.9813851,0.0,0.0,0.0,0.0,0.0,0.0,0.0,-0.6095769,0.5662098,3.859362,1.387201,0.07898235,-3.695442,0.08022998,-0.100972,0.01682225,0.9915065,9.351699,348.4519,0.996302,0.3551672,0.02047152,-0.934578,0,0,0,1.199439,-0.1156695,-2.692512,0.01635587,-0.02657382,1.038285,0.9790434,0.01715678,0.2029279,-0.0495607,0.9865603,0.1556999,-0.1975293,-0.1624942,0.9667356,moving,-7.453956,-8.279938,0.9024926,-1.466105,0.7583637025708364,0.2117077012727324,10.782325971530028,1.6839918644774534,10.711948458667878
4106,05/15/2023 18:38:59.302894,4289,True,True,True,True,Eyes,1.396997,0.07977385,-3.686966,-0.131959,-0.145264,0.9805535,0.0,0.0,0.0,0.0,0.0,0.0,0.0,-0.5928351,0.5665097,3.861629,1.386991,0.07879448,-3.695216,0.08030885,-0.1031058,0.01656608,0.9912846,9.359817,348.2012,0.9455664,0.3550843,0.02044988,-0.9346099,0,0,0,1.195983,-0.1180801,-2.692233,0.01764464,-0.02852455,1.039275,0.9781895,0.01628279,0.2070753,-0.04940402,0.9865521,0.1558017,-0.2017536,-0.162634,0.9658393,moving,-7.664592,-8.426785,0.9726651,-1.572179,0.7541288041785275,0.1887578903786244,11.026687336944692,1.7744455033862576,10.951312138877142
4107,05/15/2023 18:38:59.313465,4290,True,True,True,True,Eyes,1.396997,0.07977385,-3.686966,-0.131959,-0.145264,0.9805535,0.0,0.0,0.0,0.0,0.0,0.0,0.0,-0.5770439,0.5722886,3.863036,1.386706,0.07861042,-3.695187,0.0811542,-0.1051074,0.01612581,0.9910129,9.453062,347.9632,0.8656068,0.3550006,0.02042778,-0.9346422,0,0,0,1.192778,-0.1203159,-2.691975,0.01911303,-0.02872981,1.040395,0.9773848,0.01490197,0.2109428,-0.04902158,0.9863079,0.1574598,-0.2057081,-0.1642396,0.9647329,moving,-7.664592,-8.426785,1.052459,-1.581783,0.7541288041785275,0.1887578903786244,11.083367291423894,1.7954988026288432,11.007884297500034
4108,05/15/2023 18:38:59.333302,4291,True,True,True,True,Eyes,1.396997,0.07977385,-3.686966,-0.131959,-0.145264,0.9805535,0.0,0.0,0.0,0.0,0.0,0.0,0.0,-0.5619625,0.5765778,3.864366,1.386307,0.07843876,-3.695074,0.0817531,-0.1069942,0.01589087,0.9907655,9.520284,347.7406,0.8130233,0.3549252,0.02040789,-0.9346712,0,0,0,1.189608,-0.1225265,-2.69172,0.02042216,-0.02941476,1.0414,0.9765995,0.01399402,0.2146106,-0.04898247,0.9861279,0.1585959,-0.2094141,-0.1653968,0.9637373,moving,-7.664592,-8.426785,1.123443,-1.617912,0.7541288041785275,0.1887578903786244,11.117117912991388,1.8440306581063048,11.041497302398056
4109,05/15/2023 18:38:59.353349,4292,True,True,True,True,Eyes,1.396591,0.0796345,-3.686939,-0.1355509,-0.1476989,0.9796994,0.0,0.0,0.0,0.0,0.0,0.0,0.0,-0.5447758,0.5818591,3.866,1.385981,0.07844734,-3.695159,0.08250161,-0.1091518,0.01564532,0.990472,9.604518,347.4859,0.7544166,0.3548574,0.02038999,-0.9346974,0,0,0,1.186215,-0.1248936,-2.691446,0.02206966,-0.0300741,1.042736,0.9756823,0.01298212,0.218805,-0.04900289,0.9858974,0.1600156,-0.2136419,-0.1668465,0.9625589,moving,-7.877412,-8.573314,1.212492,-1.65204,0.7497107005686305,0.1658347042217989,11.424989650423845,1.8758557970571403,11.344217359593006
4110,05/15/2023 18:38:59.363118,4293,True,True,True,True,Eyes,1.396194,0.07948925,-3.686917,-0.1391524,-0.1501813,0.9788167,0.0,0.0,0.0,0.0,0.0,0.0,0.0,-0.527772,0.5870931,3.867316,1.385674,0.07771873,-3.695026,0.08305949,-0.111269,0.01576429,0.9901878,9.67139,347.2396,0.7402205,0.3547877,0.02037043,-0.9347243,0,0,0,1.182944,-0.1271753,-2.691183,0.02361074,-0.03028844,1.0437,0.9747413,0.01273531,0.2229732,-0.04970311,0.9857053,0.1609809,-0.2177356,-0.1679972,0.9614406,moving,-8.091172,-8.722952,1.295933,-1.662273,0.7454593901500871,0.1424563905723792,11.746102682254485,1.8868146088942985,11.659948731932692
4111,05/15/2023 18:38:59.383148,4294,True,True,True,True,Eyes,1.395836,0.07935556,-3.686883,-0.1425312,-0.1526263,0.977952,0.0,0.0,0.0,0.0,0.0,0.0,0.0,-0.5114991,0.601466,3.867326,1.385517,0.07746029,-3.695124,0.084874,-0.1132936,0.01589167,0.9898022,9.881895,347.0021,0.7111742,0.3547163,0.02034923,-0.9347519,0,0,0,1.17962,-0.1294934,-2.690915,0.0248923,-0.02832288,1.045102,0.973824,0.01222787,0.2269741,-0.05069057,0.9850877,0.1644161,-0.2215788,-0.1716178,0.959922,moving,-8.292167,-8.870438,1.364416,-1.552369,0.7419753512484459,0.1194989824391068,12.116258874943618,1.7839772733763357,12.024930280449999
4112,05/15/2023 18:38:59.403479,4295,True,True,True,True,Eyes,1.39548,0.07921414,-3.686846,-0.1459036,-0.155024,0.9770771,0.0,0.0,0.0,0.0,0.0,0.0,0.0,-0.4976766,0.6105447,3.867496,1.385281,0.07762241,-3.694988,0.08611732,-0.115026,0.0157619,0.9894972,10.02348,346.7967,0.6622202,0.3546444,0.02032684,-0.9347796,0,0,0,1.176241,-0.1318505,-2.690643,0.02556348,-0.0280755,1.046349,0.9730412,0.01138126,0.2303504,-0.05100416,0.9846708,0.1667996,-0.2249209,-0.1740517,0.9587057,moving,-8.493026,-9.015456,1.399521,-1.536984,0.7383144454284176,0.0968975327962791,12.40121081193256,1.762601194547746,12.304447304417685
4113,05/15/2023 18:38:59.413675,4296,True,True,True,True,Eyes,1.395154,0.07907986,-3.686805,-0.1490817,-0.1574546,0.9762083,0.0,0.0,0.0,0.0,0.0,0.0,0.0,-0.4843266,0.6157137,3.868173,1.385033,0.07731056,-3.69488,0.08675978,-0.1166928,0.0157286,0.9892463,10.09754,346.6007,0.6326419,0.3545722,0.02030319,-0.9348076,0,0,0,1.172957,-0.1341414,-2.690378,0.02616164,-0.02853084,1.04748,0.9722708,0.01087043,0.2336049,-0.05136738,0.9844507,0.1679828,-0.2281465,-0.1753244,0.9577112,moving,-8.682845,-9.162443,1.43071,-1.560214,0.735606992088272,0.0741095277399519,12.652188763469583,1.776001572333846,12.54986170830983
4114,05/15/2023 18:38:59.433533,4297,True,True,True,True,Eyes,1.394833,0.07894908,-3.68676,-0.1522454,-0.1598148,0.9753362,0.0,0.0,0.0,0.0,0.0,0.0,0.0,-0.471801,0.6299578,3.867376,1.384862,0.07737064,-3.69489,0.08861173,-0.1182425,0.01581877,0.9888965,10.31132,346.4173,0.6016443,0.3545003,0.02027858,-0.9348354,0,0,0,1.169615,-0.1364727,-2.690109,0.02646512,-0.02679873,1.048917,0.9715369,0.01033089,0.2366627,-0.0522416,0.9837955,0.1715148,-0.2310559,-0.1789966,0.9563333,moving,-8.872005,-9.305573,1.445318,-1.463529,0.7326556620636969,0.0518817178307546,12.959352143693952,1.6746215248912697,12.851551094569048
4115,05/15/2023 18:38:59.453423,4298,True,True,True,True,Eyes,1.394525,0.07881521,-3.686713,-0.1553047,-0.1621046,0.9744755,0.0,0.0,0.0,0.0,0.0,0.0,0.0,-0.4595767,0.6329823,3.86818,1.384706,0.07732487,-3.694767,0.08890872,-0.1197503,0.01618825,0.9886826,10.35124,346.2444,0.6241747,0.3544289,0.02025319,-0.934863,0,0,0,1.166114,-0.1389146,-2.689827,0.02632582,-0.02827723,1.050216,0.9707956,0.0107164,0.2396685,-0.05330377,0.9836664,0.1719279,-0.2339115,-0.1796821,0.9555103,moving,-9.055226,-9.444702,1.435936,-1.542326,0.7298342896043281,0.0302809474278968,13.134383371731616,1.7238538907117917,13.020848855285447
4116,05/15/2023 18:38:59.463345,4299,True,True,True,True,Eyes,1.394222,0.07868926,-3.686656,-0.158305,-0.164376,0.9736118,0.0,0.0,0.0,0.0,0.0,0.0,0.0,-0.4495369,0.6367221,3.868604,1.384622,0.07712078,-3.694654,0.08939256,-0.1210206,0.01609652,0.9884857,10.40602,346.094,0.5933654,0.3543582,0.02022702,-0.9348904,0,0,0,1.162893,-0.1411615,-2.689567,0.02602112,-0.02911803,1.051422,0.9701898,0.01018567,0.2421321,-0.05345905,0.9834998,0.1728305,-0.2363764,-0.1806225,0.954726,moving,-9.235223,-9.582945,1.417696,-1.586342,0.7271807849625925,0.008835713906423,13.32029814832123,1.7382183985742063,13.200978325463
4117,05/15/2023 18:38:59.483033,4300,True,True,True,True,Eyes,1.393929,0.07855992,-3.686603,-0.1613056,-0.1665363,0.9727518,0.0,0.0,0.0,0.0,0.0,0.0,0.0,-0.442512,0.6439126,3.867915,1.384485,0.07719994,-3.694381,0.09031744,-0.1218869,0.01623592,0.9882929,10.51413,345.9924,0.5871035,0.3542884,0.02020036,-0.9349174,0,0,0,1.159593,-0.1434635,-2.689301,0.02477655,-0.02932963,1.052607,0.96976,0.01007467,0.2438526,-0.0541087,0.9831583,0.1745623,-0.237987,-0.1824781,0.9539727,moving,-9.41534,-9.714921,1.348395,-1.596066,0.7240442538009917,-0.0117097000171071,13.482351340224374,1.7029382665190014,13.357300569981165
4118,05/15/2023 18:38:59.503730,4301,True,True,True,True,Eyes,1.393642,0.07844269,-3.686552,-0.1642498,-0.1687061,0.9718849,0.0,0.0,0.0,0.0,0.0,0.0,0.0,-0.4351398,0.6447619,3.868615,1.384333,0.07698059,-3.694448,0.09041984,-0.1228081,0.01613334,0.9881711,10.52492,345.8834,0.5639147,0.3542195,0.02017316,-0.9349441,0,0,0,1.156197,-0.1458322,-2.689028,0.02366751,-0.03102754,1.054058,0.9693158,0.009676417,0.2456284,-0.05409358,0.9831279,0.1747379,-0.2397933,-0.1826632,0.9534848,moving,-9.592422,-9.847643,1.286286,-1.686087,0.7211853275284923,-0.0323358254663006,13.599900150015808,1.747636036850734,13.46884712097079
4119,05/15/2023 18:38:59.523421,4302,True,True,True,True,Eyes,1.393375,0.0783387,-3.686487,-0.167197,-0.1707294,0.9710287,0.0,0.0,0.0,0.0,0.0,0.0,0.0,-0.4282661,0.6539128,3.867818,1.384231,0.07718277,-3.694452,0.09165626,-0.1236625,0.01608671,0.9879514,10.66594,345.7803,0.5315503,0.3541515,0.02014578,-0.9349704,0,0,0,1.152808,-0.1481964,-2.688755,0.02242342,-0.03073885,1.055619,0.9688976,0.009116887,0.2472938,-0.05445465,0.9826807,0.1771252,-0.241396,-0.1850825,0.9526135,moving,-9.769699,-9.972004,1.216892,-1.66794,0.717679437191984,-0.0517617785950048,13.771806733953863,1.6915215713106235,13.634919978735626
4120,05/15/2023 18:38:59.539932,4303,True,True,True,True,Eyes,1.393113,0.07821678,-3.686425,-0.1700734,-0.1726564,0.970188,0.0,0.0,0.0,0.0,0.0,0.0,0.0,-0.4228515,0.6476094,3.869127,1.384113,0.07736969,-3.694129,0.09087372,-0.124356,0.01601215,0.9879379,10.57588,345.7001,0.5267156,0.354085,0.02011859,-0.9349962,0,0,0,1.149389,-0.1505807,-2.688479,0.02062243,-0.03477278,1.056766,0.9685584,0.009036631,0.2486222,-0.05423942,0.9829711,0.1755727,-0.2428019,-0.1835376,0.9525551,moving,-9.942891,-10.09082,1.117966,-1.884632,0.7140515620509518,-0.0703549484646297,13.772584327779336,1.858695266285351,13.629590433612353
4121,05/15/2023 18:38:59.553383,4304,True,True,True,True,Eyes,1.392866,0.07808432,-3.686366,-0.1729195,-0.174631,0.9693311,0.0,0.0,0.0,0.0,0.0,0.0,0.0,-0.4181422,0.6466208,3.869762,1.383964,0.07681561,-3.694153,0.0907149,-0.1249489,0.01581977,0.9878808,10.55529,345.629,0.5004525,0.3540199,0.02009109,-0.9350215,0,0,0,1.146001,-0.1529442,-2.688206,0.01883829,-0.03671229,1.058132,0.9682751,0.008586631,0.2497394,-0.05392553,0.983041,0.1752777,-0.2439991,-0.1831843,0.9523172,moving,-10.11463,-10.21264,1.019949,-1.987102,0.7107569019236617,-0.0893672386262067,13.843349482574114,1.922757649325389,13.694218712021375
4122,05/15/2023 18:38:59.563485,4305,True,True,True,True,Eyes,1.392624,0.07797071,-3.686309,-0.1757046,-0.1766137,0.9684707,0.0,0.0,0.0,0.0,0.0,0.0,0.0,-0.4122432,0.6566508,3.868724,1.383777,0.07645035,-3.694249,0.09197738,-0.1256608,0.01583663,0.9876734,10.70004,345.5431,0.4762157,0.3539563,0.02006306,-0.9350461,0,0,0,1.142767,-0.1552002,-2.687946,0.01755077,-0.03567727,1.059629,0.9679172,0.00816692,0.2511369,-0.05439875,0.9825788,0.1777072,-0.2453105,-0.1856673,0.9514991,moving,-10.28303,-10.33509,0.9489104,-1.928397,0.7077532191195085,-0.1084409087388862,14.02957491677496,1.8358640908326131,13.874384973966036
4123,05/15/2023 18:38:59.583355,4306,True,True,True,True,Eyes,1.392382,0.0778724,-3.686246,-0.1783562,-0.1785205,0.967636,0.0,0.0,0.0,0.0,0.0,0.0,0.0,-0.4058365,0.6651412,3.867922,1.383674,0.07680416,-3.694249,0.09305611,-0.1264279,0.01617328,0.987469,10.82848,345.4545,0.4906841,0.3538942,0.02003502,-0.9350703,0,0,0,1.139494,-0.1574833,-2.687682,0.01613978,-0.03569221,1.061206,0.9675089,0.008411461,0.2526973,-0.05547101,0.9821579,0.1796905,-0.2466772,-0.1878695,0.9507131,moving,-10.44363,-10.45304,0.8713387,-1.926339,0.7049773333597658,-0.1267995448798735,14.168032560146829,1.8072128692670513,14.006816320231545
4124,05/15/2023 18:38:59.603204,4307,True,True,True,True,Eyes,1.392145,0.0777792,-3.686182,-0.1809489,-0.1803284,0.9668191,0.0,0.0,0.0,0.0,0.0,0.0,0.0,-0.4012716,0.6624201,3.868592,1.383607,0.07706165,-3.693984,0.09267481,-0.1269896,0.01642939,0.9874286,10.78897,345.3923,0.5195954,0.3538335,0.02000736,-0.9350938,0,0,0,1.136221,-0.1597663,-2.687418,0.01411533,-0.03876156,1.062432,0.9672074,0.008908226,0.2538315,-0.05598318,0.9822829,0.1788468,-0.2477411,-0.1871922,0.9505701,moving,-10.60078,-10.56525,0.7611798,-2.089442,0.7020184354566805,-0.144302916507504,14.175099708632743,1.9460385713506951,14.007748970110038
4125,05/15/2023 18:38:59.623291,4308,True,True,True,True,Eyes,1.391908,0.07768668,-3.686121,-0.1834063,-0.1820577,0.9660317,0.0,0.0,0.0,0.0,0.0,0.0,0.0,-0.396175,0.6603009,3.869406,1.383559,0.07702732,-3.693926,0.0923738,-0.127628,0.0164992,0.9873734,10.75597,345.319,0.525053,0.3537742,0.01998018,-0.9351169,0,0,0,1.132809,-0.1621463,-2.687143,0.01221442,-0.04146747,1.063872,0.9668778,0.009002782,0.255081,-0.0561607,0.9823897,0.1782033,-0.2489847,-0.1866264,0.9503564,moving,-10.74997,-10.67275,0.6577898,-2.232138,0.6992831004782436,-0.1610596687731327,14.190874341950888,2.071493941111594,14.017562594119783
4126,05/15/2023 18:38:59.640380,4309,True,True,True,True,Eyes,1.391679,0.07759523,-3.686064,-0.1857958,-0.1837572,0.965253,0.0,0.0,0.0,0.0,0.0,0.0,0.0,-0.3924932,0.6574034,3.870202,1.383527,0.07694149,-3.693864,0.09196766,-0.1280906,0.01655774,0.9873504,10.71071,345.2664,0.5327544,0.353716,0.01995344,-0.9351395,0,0,0,1.129488,-0.1644626,-2.686876,0.01000682,-0.04429093,1.065259,0.9666373,0.009136193,0.2559862,-0.05625697,0.9825356,0.1773668,-0.2498951,-0.1858504,0.9502695,moving,-10.89527,-10.77854,0.5382087,-2.380852,0.6967018022223296,-0.1775366153357087,14.186105840881693,2.209008544064602,14.006865299830702
4127,05/15/2023 18:38:59.653258,4310,True,True,True,True,Eyes,1.391423,0.07750897,-3.68601,-0.1880872,-0.185449,0.9644853,0.0,0.0,0.0,0.0,0.0,0.0,0.0,-0.3888559,0.661603,3.869841,1.383425,0.0769434,-3.693889,0.09247179,-0.1285195,0.01675472,0.9872442,10.77141,345.2171,0.5431823,0.3536591,0.01992712,-0.9351616,0,0,0,1.126096,-0.1668289,-2.686602,0.007775843,-0.04525968,1.066846,0.966404,0.009313142,0.256859,-0.05685088,0.9823365,0.1782779,-0.2506616,-0.1868911,0.9498634,moving,-11.03493,-10.88387,0.4176001,-2.429249,0.6944966552679223,-0.1938981469634937,14.235205019424447,2.252435379426073,14.050168296093991
4128,05/15/2023 18:38:59.663059,4311,True,True,True,True,Eyes,1.391173,0.07743169,-3.685954,-0.1903069,-0.1870739,0.9637358,0.0,0.0,0.0,0.0,0.0,0.0,0.0,-0.3866335,0.6613897,3.869912,1.383306,0.07698822,-3.693736,0.09245386,-0.1287918,0.01675022,0.9872104,10.76944,345.1852,0.5399266,0.3536026,0.01990131,-0.9351835,0,0,0,1.122923,-0.169042,-2.686347,0.005412489,-0.04732896,1.068126,0.9662642,0.009257384,0.2573866,-0.05688659,0.9823434,0.1782282,-0.2511921,-0.1868574,0.9497299,moving,-11.17037,-10.98526,0.2903309,-2.537132,0.6923008257968649,-0.2096564309409851,14.237925825893491,2.361931909647635,14.047126549770262
4129,05/15/2023 18:38:59.683227,4312,True,True,True,True,Eyes,1.390935,0.0773504,-3.685891,-0.192675,-0.188666,0.9629545,0.0,0.0,0.0,0.0,0.0,0.0,0.0,-0.3842381,0.6614897,3.869998,1.383193,0.07712746,-3.693633,0.09246531,-0.1290778,0.01684255,0.9871705,10.77228,345.1526,0.5472289,0.3535468,0.0198762,-0.9352052,0,0,0,1.119588,-0.1713685,-2.686078,0.002903551,-0.0494913,1.069554,0.9661105,0.009382491,0.2579583,-0.05712337,0.982333,0.17821,-0.2517289,-0.186906,0.9495782,moving,-11.31474,-11.08521,0.1555423,-2.649349,0.6893453253321107,-0.2252857617819468,14.238368124648776,2.4821418679708676,14.041559565576478
4130,05/15/2023 18:38:59.703759,4313,True,True,True,True,Eyes,1.390701,0.07727145,-3.685833,-0.1949882,-0.1902107,0.9621848,0.0,0.0,0.0,0.0,0.0,0.0,0.0,-0.3812066,0.6568303,3.87088,1.383039,0.07694721,-3.693471,0.0918576,-0.1294602,0.0167365,0.9871789,10.70155,345.1081,0.5399594,0.3534918,0.01985161,-0.9352265,0,0,0,1.116379,-0.1736068,-2.685819,0.0007623136,-0.05265154,1.070737,0.9659199,0.009260025,0.2586755,-0.05682765,0.9825642,0.1770264,-0.252526,-0.1856932,0.9496045,moving,-11.45593,-11.1824,0.04079185,-2.815148,0.686412663445792,-0.2404905566407207,14.219195452899978,2.6543713352505427,14.016349779766552
4131,05/15/2023 18:38:59.722947,4314,True,True,True,True,Eyes,1.390425,0.07719249,-3.685783,-0.1972953,-0.191776,0.9614035,0.0,0.0,0.0,0.0,0.0,0.0,0.0,-0.3770996,0.6584083,3.871014,1.382925,0.07692814,-3.693515,0.0920922,-0.1299738,0.01659641,0.9870919,10.7265,345.046,0.5146469,0.3534375,0.01982754,-0.9352475,0,0,0,1.113024,-0.1759467,-2.685549,-0.001146048,-0.05423497,1.072307,0.9656627,0.008825215,0.2596492,-0.05670353,0.9824871,0.1774927,-0.2535356,-0.1861211,0.9492517,moving,-11.597,-11.28101,-0.06123589,-2.895428,0.6835962101751204,-0.2558984248321485,14.26155107554182,2.742606649820032,14.052567748181175
4132,05/15/2023 18:38:59.743455,4315,True,True,True,True,Eyes,1.390156,0.07710978,-3.685735,-0.1995507,-0.1933358,0.9606252,0.0,0.0,0.0,0.0,0.0,0.0,0.0,-0.3728697,0.655811,3.871672,1.382766,0.07685375,-3.693376,0.09171708,-0.1304884,0.01671073,0.9870571,10.68568,344.9878,0.5278509,0.353383,0.01980394,-0.9352686,0,0,0,1.109498,-0.1784068,-2.685265,-0.003342658,-0.05713527,1.073706,0.965387,0.009052857,0.2606643,-0.05692491,0.9826174,0.1766988,-0.2545336,-0.1854211,0.9491215,moving,-11.73515,-11.37935,-0.1783725,-3.046016,0.6809720919728223,-0.2712419616867645,14.247931840799291,2.904796738405301,14.032779677926543
4133,05/15/2023 18:38:59.753389,4316,True,True,True,True,Eyes,1.389834,0.07703144,-3.685704,-0.2018335,-0.1949777,0.9598161,0.0,0.0,0.0,0.0,0.0,0.0,0.0,-0.3678719,0.6618082,3.87107,1.382646,0.07669258,-3.69336,0.09242316,-0.1310819,0.01696894,0.986908,10.77047,344.9193,0.540289,0.3533284,0.01978068,-0.9352897,0,0,0,1.106168,-0.1807295,-2.684997,-0.005143195,-0.05745144,1.075256,0.9650592,0.009263566,0.2618682,-0.05772356,0.98234,0.1779777,-0.2555949,-0.186875,0.9485509,moving,-11.87534,-11.48285,-0.2740568,-3.058434,0.6785898328324015,-0.2873450665289285,14.337383193165278,2.930267817837263,14.115784922872072
4134,05/15/2023 18:38:59.773136,4317,True,True,True,True,Eyes,1.389519,0.07695891,-3.685671,-0.2040555,-0.1965832,0.9590185,0.0,0.0,0.0,0.0,0.0,0.0,0.0,-0.3628576,0.665773,3.870827,1.382596,0.07674026,-3.69334,0.09291029,-0.1316949,0.01713428,0.9867779,10.82889,344.8482,0.5450763,0.3532723,0.01975783,-0.9353114,0,0,0,1.102783,-0.1830905,-2.684724,-0.007012606,-0.05849068,1.076868,0.9647257,0.009343824,0.2630912,-0.05828709,0.9821482,0.1788506,-0.2567234,-0.1878766,0.9480482,moving,-12.01199,-11.58423,-0.3731071,-3.108998,0.6763050787995786,-0.3031124878439846,14.397678723104514,2.99570683284261,14.169659021359445
4135,05/15/2023 18:38:59.784907,4318,True,True,True,True,Eyes,1.389148,0.07688986,-3.685657,-0.2062814,-0.1982673,0.9581952,0.0,0.0,0.0,0.0,0.0,0.0,0.0,-0.3594611,0.6686293,3.870513,1.382481,0.0768137,-3.693236,0.09329867,-0.1321122,0.01712471,0.9866857,10.87329,344.7982,0.5333597,0.3532152,0.01973549,-0.9353334,0,0,0,1.099572,-0.18533,-2.684465,-0.009046704,-0.05972917,1.078297,0.9645062,0.00914163,0.2639018,-0.05844519,0.9820042,0.1795881,-0.2575109,-0.1886377,0.9476835,moving,-12.14928,-11.69052,-0.4806893,-3.170496,0.6743452762798801,-0.3195913048361694,14.44807315473944,3.0759977980013598,14.213339141805536
4136,05/15/2023 18:38:59.803174,4319,True,True,True,True,Eyes,1.38878,0.07682127,-3.685643,-0.2084709,-0.1998507,0.9573921,0.0,0.0,0.0,0.0,0.0,0.0,0.0,-0.3549848,0.6707908,3.870513,1.382328,0.07684994,-3.693251,0.0936296,-0.1326723,0.01693217,0.9865825,10.90841,344.7297,0.4998249,0.3531556,0.0197137,-0.9353564,0,0,0,1.095872,-0.1879113,-2.684167,-0.01111352,-0.06138827,1.080053,0.9642227,0.008565858,0.264955,-0.05825406,0.9818936,0.1802538,-0.2586135,-0.1892395,0.9472631,moving,-12.28432,-11.79089,-0.5895413,-3.25309,0.6721014002214898,-0.3351994701075764,14.47970571807223,3.1789664118165923,14.238402642923633
4137,05/15/2023 18:38:59.813256,4320,True,True,True,True,Eyes,1.388378,0.07675398,-3.685647,-0.2107203,-0.2014704,0.9565598,0.0,0.0,0.0,0.0,0.0,0.0,0.0,-0.3498828,0.6674726,3.871433,1.38207,0.07678509,-3.693227,0.09325,-0.1333116,0.01664753,0.9865371,10.86105,344.6526,0.4658091,0.353094,0.01969242,-0.9353802,0,0,0,1.09306,-0.189873,-2.68394,-0.01209646,-0.06397587,1.081227,0.9639018,0.007984185,0.2661385,-0.05770943,0.9820546,0.1795505,-0.2599289,-0.1884278,0.9470649,moving,-12.42325,-11.89379,-0.6409822,-3.386225,0.6697655445236091,-0.3512053143928548,14.532738790060938,3.3059649335400736,14.284445714951628
4138,05/15/2023 18:38:59.839348,4321,True,True,True,True,Eyes,1.387983,0.0766948,-3.685649,-0.212954,-0.2030184,0.9557375,0.0,0.0,0.0,0.0,0.0,0.0,0.0,-0.3417873,0.6706849,3.871691,1.381893,0.07676888,-3.693388,0.09363253,-0.1342956,0.01678068,0.9863653,10.9072,344.5378,0.464171,0.3530295,0.01967164,-0.9354049,0,0,0,1.089715,-0.1922058,-2.683671,-0.01293799,-0.06513041,1.082974,0.9633662,0.007954872,0.2680715,-0.05825265,0.9819027,0.1802046,-0.2617866,-0.1892189,0.9463954,moving,-12.56124,-11.99255,-0.6844644,-3.441642,0.6671848702043669,-0.366607827059376,14.634747222867205,3.358986590386545,14.379522748770965
4139,05/15/2023 18:38:59.855163,4322,True,True,True,True,Eyes,1.387526,0.07663315,-3.685667,-0.2152204,-0.2045786,0.9548967,0.0,0.0,0.0,0.0,0.0,0.0,0.0,-0.3336943,0.6699957,3.872366,1.381691,0.0769043,-3.693303,0.09352576,-0.1352868,0.01692601,0.9862372,10.89775,344.4234,0.4714878,0.3529628,0.01965149,-0.9354305,0,0,0,1.086362,-0.1945446,-2.683401,-0.01385289,-0.06753187,1.084459,0.962822,0.008080524,0.2700157,-0.05869173,0.9819329,0.1798975,-0.2636837,-0.1890569,0.9459008,moving,-12.70144,-12.09234,-0.7318571,-3.563344,0.6645211119436681,-0.3821777144392377,14.69743812941522,3.4741460889230686,14.435059175536345
4140,05/15/2023 18:38:59.873208,4323,True,True,True,True,Eyes,1.387079,0.07656682,-3.685689,-0.2174946,-0.2061416,0.9540449,0.0,0.0,0.0,0.0,0.0,0.0,0.0,-0.3246459,0.6661505,3.873654,1.381399,0.07678604,-3.693264,0.09302209,-0.1364054,0.01684771,0.9861323,10.83961,344.2927,0.4579895,0.3528923,0.01963187,-0.9354575,0,0,0,1.082918,-0.1969474,-2.683123,-0.0144318,-0.07066585,1.085911,0.9622195,0.007850716,0.2721619,-0.05860557,0.9821261,0.1788679,-0.2658931,-0.1880604,0.9454809,moving,-12.84231,-12.19253,-0.7614186,-3.723283,0.6618388052616935,-0.3978109564722707,14.753849726956112,3.6172401017788056,14.484142860938107
4141,05/15/2023 18:38:59.883355,4324,True,True,True,True,Eyes,1.387079,0.07656682,-3.685689,-0.2174946,-0.2061416,0.9540449,0.0,0.0,0.0,0.0,0.0,0.0,0.0,-0.3134896,0.6728945,3.873418,1.381207,0.07662392,-3.693348,0.09381386,-0.1377604,0.01714493,0.9858637,10.93523,344.1349,0.464365,0.3528189,0.0196126,-0.9354856,0,0,0,1.079701,-0.1991912,-2.682864,-0.01435551,-0.07067171,1.087593,0.9614562,0.007957445,0.2748429,-0.05965281,0.98181,0.1802516,-0.2684091,-0.1896991,0.9444421,moving,-12.84231,-12.19253,-0.7562227,-3.717849,0.6618388052616935,-0.3978109564722707,14.761223671328278,3.6102009699151782,14.491505281497217
4142,05/15/2023 18:38:59.903659,4325,True,True,True,True,Eyes,1.387079,0.07656682,-3.685689,-0.2174946,-0.2061416,0.9540449,0.0,0.0,0.0,0.0,0.0,0.0,0.0,-0.3029193,0.6698479,3.874578,1.380957,0.07671738,-3.693223,0.0933804,-0.1390562,0.01735265,0.9857193,10.88974,343.9863,0.4807471,0.3527527,0.01959525,-0.9355109,0,0,0,1.076089,-0.2017105,-2.682573,-0.01485232,-0.07388143,1.089128,0.9607245,0.008239433,0.2773815,-0.06017993,0.981958,0.1792677,-0.2709,-0.1889197,0.943887,moving,-12.84231,-12.19253,-0.7812878,-3.880738,0.6618388052616935,-0.3978109564722707,14.647666802605691,3.770065674408199,14.378012879383146
4143,05/15/2023 18:38:59.913129,4326,True,True,True,True,Eyes,1.386616,0.07648072,-3.685701,-0.2203406,-0.2079596,0.9529967,0.0,0.0,0.0,0.0,0.0,0.0,0.0,-0.2900912,0.6711574,3.875224,1.380753,0.07647991,-3.69319,0.09347532,-0.1406359,0.01754984,0.9854825,10.90452,343.8028,0.4841972,0.3526932,0.01957964,-0.9355336,0,0,0,1.073124,-0.2037787,-2.682334,-0.01408157,-0.07521203,1.090481,0.9598271,0.00829815,0.2804695,-0.0608821,0.9819087,0.1793003,-0.2739076,-0.1891729,0.9429678,moving,-13.01849,-12.30991,-0.7398288,-3.945522,0.6578845311649981,-0.4162238179802633,14.856934659576632,3.795991071344106,14.578064492598203
4144,05/15/2023 18:38:59.933115,4327,True,True,True,True,Eyes,1.386163,0.07641245,-3.685722,-0.2231487,-0.2098842,0.9519208,0.0,0.0,0.0,0.0,0.0,0.0,0.0,-0.2791104,0.6778023,3.874646,1.380595,0.07609463,-3.693017,0.09426542,-0.1419915,0.01770013,0.9852102,10.99767,343.6432,0.4731879,0.3526293,0.01956347,-0.9355581,0,0,0,1.069717,-0.2061552,-2.68206,-0.01421377,-0.07519472,1.09201,0.9590503,0.008106922,0.2831199,-0.06164646,0.9816014,0.180716,-0.2764459,-0.190769,0.941905,moving,-13.19302,-12.43392,-0.7457285,-3.939111,0.6545522400630736,-0.4355753081256539,15.069732765794265,3.773002583517409,14.781354420941495
4145,05/15/2023 18:38:59.956283,4328,True,True,True,True,Eyes,1.385731,0.07638295,-3.685731,-0.2261686,-0.2118496,0.9507721,0.0,0.0,0.0,0.0,0.0,0.0,0.0,-0.269849,0.6952386,3.872359,1.380422,0.0764904,-3.693227,0.09655571,-0.1431022,0.01788564,0.9848245,11.26223,343.5085,0.443637,0.3525615,0.01954727,-0.935584,0,0,0,1.066357,-0.2084988,-2.681789,-0.01458624,-0.07257086,1.09425,0.9584037,0.007593755,0.285315,-0.06286311,0.9807142,0.1850619,-0.2784072,-0.1952998,0.9403975,moving,-13.38076,-12.56136,-0.7637019,-3.794312,0.6505169703423433,-0.4555353027401188,15.363960613496758,3.6259405465889776,15.065369589577331
4146,05/15/2023 18:38:59.963493,4329,True,True,True,True,Eyes,1.385305,0.07633568,-3.685731,-0.2291568,-0.2135399,0.9496778,0.0,0.0,0.0,0.0,0.0,0.0,0.0,-0.258486,0.6884281,3.874092,1.380102,0.0773983,-3.693057,0.09585136,-0.1445342,0.01756384,0.9846898,11.17725,343.3387,0.4019527,0.3524908,0.019532,-0.9356109,0,0,0,1.063168,-0.2107235,-2.681532,-0.01415035,-0.07709926,1.095674,0.9576027,0.006882276,0.2880096,-0.06229745,0.9810081,0.1836905,-0.2812755,-0.1938449,0.9398447,moving,-13.56611,-12.67248,-0.7399196,-4.025097,0.6454207628689445,-0.4731284435250289,15.468949315507539,3.8125645630180145,15.160613457409644
4147,05/15/2023 18:38:59.983612,4330,True,True,True,True,Eyes,1.384899,0.07626996,-3.68572,-0.23221,-0.2153781,0.9485203,0.0,0.0,0.0,0.0,0.0,0.0,0.0,-0.2493873,0.6696619,3.877662,1.379847,0.07688427,-3.692833,0.09329955,-0.1456632,0.01770693,0.9847659,10.88947,343.2148,0.4489075,0.3524177,0.01951713,-0.9356388,0,0,0,1.059667,-0.2131655,-2.68125,-0.0150699,-0.0842827,1.096637,0.9569374,0.007693755,0.2901923,-0.06205496,0.9819633,0.1785979,-0.2835842,-0.1889149,0.9401549,moving,-13.75619,-12.79308,-0.7873043,-4.39486,0.6406973399982606,-0.492125652702216,15.450634144528323,4.155782004558899,15.13206827737557
4148,05/15/2023 18:39:00.003347,4331,True,True,True,True,Eyes,1.3845,0.07621077,-3.68571,-0.2352424,-0.2171617,0.9473656,0.0,0.0,0.0,0.0,0.0,0.0,0.0,-0.2379497,0.6762338,3.876955,1.379518,0.07640648,-3.692667,0.09402009,-0.1470357,0.01809521,0.9844863,10.97871,343.0558,0.4657708,0.352343,0.01950216,-0.9356672,0,0,0,1.056307,-0.2155093,-2.680979,-0.01501882,-0.08420892,1.098124,0.9561061,0.00798036,0.2929117,-0.06327759,0.9816656,0.1798017,-0.2861065,-0.1904443,0.9390814,moving,-13.94519,-12.91069,-0.7835742,-4.385109,0.6358263310105632,-0.5106836168591307,15.681634540263035,4.126241621252849,15.352573128954987
4149,05/15/2023 18:39:00.013506,4332,True,True,True,True,Eyes,1.38413,0.07615359,-3.685688,-0.2382755,-0.2190881,0.9461634,0.0,0.0,0.0,0.0,0.0,0.0,0.0,-0.2268906,0.6780832,3.877218,1.379315,0.07651043,-3.692659,0.09426331,-0.1483992,0.0181501,0.9842575,11.00798,342.8955,0.4524602,0.352267,0.01948726,-0.9356962,0,0,0,1.053058,-0.2177753,-2.680717,-0.0148755,-0.08575389,1.099772,0.9552965,0.007751536,0.2955478,-0.06370592,0.9815701,0.1801718,-0.2887042,-0.1909457,0.9381843,moving,-14.13507,-13.03731,-0.7749349,-4.458575,0.6315730711293872,-0.5305444407316233,15.877276343582265,4.172252239186497,15.537097949306963
4150,05/15/2023 18:39:00.034400,4333,True,True,True,True,Eyes,1.383766,0.07610328,-3.685668,-0.2412589,-0.2209473,0.9449743,0.0,0.0,0.0,0.0,0.0,0.0,0.0,-0.2170358,0.6842847,3.876462,1.3791,0.07653809,-3.692498,0.09505727,-0.1496061,0.01827063,0.9839962,11.10098,342.7526,0.4387431,0.3521905,0.01947246,-0.9357253,0,0,0,1.049691,-0.2201242,-2.680446,-0.01518539,-0.08609623,1.101418,0.9545684,0.007514159,0.2978972,-0.06439877,0.9812606,0.1816052,-0.2909502,-0.1925388,0.9371643,moving,-14.32209,-13.16008,-0.7898938,-4.469637,0.6272368422181474,-0.5498268400131125,16.082416905787,4.16811359579487,15.731200353794458
4151,05/15/2023 18:39:00.043255,4334,True,True,True,True,Eyes,1.383366,0.07603396,-3.685649,-0.2441896,-0.2228833,0.9437661,0.0,0.0,0.0,0.0,0.0,0.0,0.0,-0.2092488,0.6852599,3.876655,1.378867,0.07665539,-3.692516,0.09521692,-0.1505637,0.01818887,0.9838361,11.11815,342.6387,0.415595,0.3521138,0.01945795,-0.9357544,0,0,0,1.046311,-0.2224822,-2.680173,-0.01596442,-0.0879553,1.103142,0.9539995,0.007117298,0.2997238,-0.06446215,0.9812058,0.1818785,-0.2927962,-0.1928329,0.9365286,moving,-14.50655,-13.28772,-0.8291132,-4.55864,0.623455708602129,-0.5697869185960414,16.22556979167124,4.245103690048505,15.86306067476986
4152,05/15/2023 18:39:00.070262,4335,True,True,True,True,Eyes,1.382978,0.07597024,-3.68564,-0.2470383,-0.2247895,0.9425718,0.0,0.0,0.0,0.0,0.0,0.0,0.0,-0.2016417,0.6891872,3.875987,1.378675,0.07616138,-3.692204,0.09562092,-0.1514865,0.01845074,0.9836503,11.1691,342.5318,0.4279504,0.3520359,0.0194432,-0.935784,0,0,0,1.043183,-0.2246639,-2.679921,-0.01681912,-0.08845507,1.104382,0.9534229,0.007327612,0.301548,-0.06526871,0.9810324,0.182525,-0.2944909,-0.1937052,0.935817,moving,-14.6863,-13.41365,-0.8725154,-4.57931,0.6198883617663343,-0.5894600250710325,16.397140244896278,4.2598323688350686,16.023318878595955
4153,05/15/2023 18:39:00.083438,4336,True,True,True,True,Eyes,1.382577,0.07588859,-3.685632,-0.2497639,-0.2267655,0.9413794,0.0,0.0,0.0,0.0,0.0,0.0,0.0,-0.1970708,0.6940947,3.875504,1.378566,0.07623768,-3.692407,0.09624006,-0.1520262,0.01858883,0.9835041,11.24221,342.468,0.4265829,0.3519574,0.01942838,-0.9358138,0,0,0,1.039954,-0.2269158,-2.679661,-0.01846769,-0.0890443,1.106322,0.9530849,0.007302349,0.3026149,-0.0658264,0.9807846,0.183653,-0.2954589,-0.194957,0.9352518,moving,-14.85919,-13.54375,-0.9563425,-4.601634,0.6171364581403819,-0.6096726073613905,16.530293620069557,4.2908730803914175,16.145067230375485
4154,05/15/2023 18:39:00.103328,4337,True,True,True,True,Eyes,1.382186,0.07583378,-3.685622,-0.2524353,-0.2287456,0.9401872,0.0,0.0,0.0,0.0,0.0,0.0,0.0,-0.192066,0.7012624,3.874207,1.37823,0.07576466,-3.692273,0.0970679,-0.1525934,0.01885747,0.9833298,11.34139,342.4017,0.4360822,0.3518778,0.01941304,-0.9358441,0,0,0,1.0365,-0.2293257,-2.679383,-0.02017435,-0.0887959,1.107932,0.9527193,0.007462372,0.3037603,-0.06671008,0.9804444,0.1851444,-0.2964385,-0.1966545,0.9345862,moving,-15.02916,-13.67427,-1.043185,-4.582212,0.614629108347794,-0.6299200443935529,16.68151717848197,4.2859023927509625,16.284696671194116
4155,05/15/2023 18:39:00.118999,4338,True,True,True,True,Eyes,1.381803,0.07580213,-3.685598,-0.2550232,-0.2305944,0.9390365,0.0,0.0,0.0,0.0,0.0,0.0,0.0,-0.1846051,0.7091363,3.873076,1.37811,0.0763731,-3.692243,0.09807372,-0.1534715,0.01936507,0.9830834,11.46523,342.3009,0.4660622,0.3517976,0.01939792,-0.9358746,0,0,0,1.033234,-0.2316034,-2.67912,-0.02126744,-0.08897091,1.109882,0.952143,0.007971915,0.3055491,-0.06817801,0.9800131,0.1868853,-0.2979523,-0.1987733,0.9336561,moving,-15.1939,-13.79683,-1.097761,-4.58317,0.6119004395562228,-0.6489775401431965,16.84020977609605,4.289616830102612,16.43206451149064
4156,05/15/2023 18:39:00.133440,4339,True,True,True,True,Eyes,1.381433,0.07574563,-3.685571,-0.2575317,-0.2322892,0.9379334,0.0,0.0,0.0,0.0,0.0,0.0,0.0,-0.1810186,0.6952827,3.875299,1.377968,0.07689095,-3.691803,0.09625402,-0.1539028,0.01977438,0.9831877,11.26565,342.2602,0.5407764,0.351717,0.01938358,-0.9359052,0,0,0,1.029926,-0.233911,-2.678853,-0.02375332,-0.09539783,1.110916,0.9518458,0.00925634,0.3064374,-0.06851138,0.9806883,0.1831849,-0.2988239,-0.1953582,0.9340982,moving,-15.35353,-13.91002,-1.224897,-4.908127,0.6088349999437167,-0.6666434587570673,16.752681816119413,4.620904205699603,16.33431832977417
4157,05/15/2023 18:39:00.153363,4340,True,True,True,True,Eyes,1.38109,0.07568684,-3.685538,-0.2599633,-0.2340843,0.9368156,0.0,0.0,0.0,0.0,0.0,0.0,0.0,-0.1772685,0.6882581,3.876625,1.377915,0.07622528,-3.691732,0.09512091,-0.1543273,0.02041265,0.9832184,11.14834,342.2206,0.6295791,0.3516365,0.01936932,-0.9359357,0,0,0,1.02662,-0.2362173,-2.678587,-0.02623877,-0.09898941,1.112206,0.9515328,0.01078067,0.3073583,-0.0694997,0.9810707,0.1807488,-0.2995916,-0.1933497,0.9342701,moving,-15.50916,-14.02936,-1.351451,-5.08608,0.6065264521500547,-0.6851584691294674,16.74583474440976,4.81682322947478,16.316774653891827
4158,05/15/2023 18:39:00.163206,4341,True,True,True,True,Eyes,1.380756,0.07564414,-3.685499,-0.2623306,-0.2358636,0.9357088,0.0,0.0,0.0,0.0,0.0,0.0,0.0,-0.1742207,0.6936443,3.875698,1.37776,0.07613945,-3.691681,0.0958821,-0.1547138,0.0200971,0.9830902,11.22954,342.1694,0.5751519,0.3515567,0.01935506,-0.935966,0,0,0,1.023263,-0.2385588,-2.678316,-0.02817246,-0.09939255,1.113975,0.9513195,0.00984594,0.3080492,-0.06918308,0.9808055,0.1823029,-0.3003414,-0.1947401,0.9337405,moving,-15.6611,-14.14779,-1.448704,-5.09862,0.6044179113897524,-0.703510420054464,16.848729262164433,4.851009977598246,16.4086192692782
4159,05/15/2023 18:39:00.183263,4342,True,True,True,True,Eyes,1.380444,0.07559135,-3.685461,-0.2646331,-0.2376307,0.9346128,0.0,0.0,0.0,0.0,0.0,0.0,0.0,-0.170892,0.6988665,3.874774,1.377625,0.07652569,-3.691583,0.09668663,-0.1551419,0.01976552,0.9829507,11.31538,342.1129,0.5175223,0.3514778,0.01934122,-0.9359958,0,0,0,1.019955,-0.2408665,-2.67805,-0.02998963,-0.1001495,1.115789,0.9510807,0.008856785,0.3088157,-0.06885737,0.980522,0.1839435,-0.3011715,-0.1962093,0.9331654,moving,-15.80933,-14.26551,-1.539597,-5.128932,0.6025259708552005,-0.7217278863296979,16.9440944709764,4.900218252467735,16.49291862463992
4160,05/15/2023 18:39:00.203169,4343,True,True,True,True,Eyes,1.380133,0.07554331,-3.685432,-0.2668588,-0.2394309,0.9335198,0.0,0.0,0.0,0.0,0.0,0.0,0.0,-0.1691453,0.6941326,3.875699,1.377476,0.07624054,-3.691641,0.0961291,-0.1553847,0.01927888,0.9829769,11.24336,342.0807,0.4689416,0.3514002,0.01932749,-0.9360252,0,0,0,1.016521,-0.2432614,-2.677773,-0.03234741,-0.103364,1.117394,0.9509678,0.008027404,0.3091855,-0.06777535,0.980775,0.182994,-0.3017724,-0.1949766,0.9332296,moving,-15.95328,-14.38524,-1.658191,-5.285079,0.6010980120082744,-0.7401968808266834,16.945869695705852,5.075464541986541,16.483886555434513
4161,05/15/2023 18:39:00.218584,4344,True,True,True,True,Eyes,1.379865,0.07549804,-3.685385,-0.2691057,-0.2412289,0.9324113,0.0,0.0,0.0,0.0,0.0,0.0,0.0,-0.1669821,0.7045869,3.87394,1.377213,0.0762949,-3.691775,0.09754223,-0.1556265,0.01908831,0.982803,11.40079,342.0457,0.4184857,0.3513236,0.01931399,-0.9360542,0,0,0,1.01323,-0.2455569,-2.677508,-0.03434914,-0.102347,1.119443,0.9508321,0.00715977,0.3096243,-0.06788041,0.9802423,0.1857883,-0.3021765,-0.1976709,0.9325318,moving,-16.09881,-14.50524,-1.757519,-5.22384,0.5995753584311684,-0.7587184957061568,17.082652414267553,5.049079506470001,16.609047898573966
4162,05/15/2023 18:39:00.233418,4345,True,True,True,True,Eyes,1.379604,0.07544935,-3.685345,-0.2712651,-0.2429576,0.931336,0.0,0.0,0.0,0.0,0.0,0.0,0.0,-0.1642103,0.6993533,3.87478,1.377038,0.07631969,-3.691603,0.09688447,-0.1559728,0.0189963,0.9828149,11.32446,342.006,0.4158749,0.3512491,0.01930075,-0.9360824,0,0,0,1.009896,-0.2478829,-2.677239,-0.03660023,-0.105914,1.120837,0.9506233,0.007117008,0.3102656,-0.06756239,0.9805051,0.1845132,-0.3029038,-0.1963648,0.9325718,moving,-16.23897,-14.6209,-1.870293,-5.398161,0.5981155464022204,-0.7765693133134521,17.07389215710495,5.239479980914302,16.589577077186348
4163,05/15/2023 18:39:00.253193,4346,True,True,True,True,Eyes,1.379343,0.07539764,-3.685302,-0.2735709,-0.2448743,0.9301588,0.0,0.0,0.0,0.0,0.0,0.0,0.0,-0.1634566,0.6999563,3.874774,1.376937,0.0761919,-3.691718,0.09693348,-0.156046,0.01905348,0.9827974,11.3311,341.9978,0.4206907,0.3511766,0.01928766,-0.9361099,0,0,0,1.006459,-0.2502804,-2.676962,-0.03952059,-0.1077079,1.122676,0.9505732,0.007199261,0.310417,-0.06770358,0.9804817,0.1845855,-0.3030292,-0.1964784,0.9325071,moving,-16.38925,-14.74908,-2.0161,-5.480101,0.5968658369289307,-0.7963082990535357,17.102672674904966,5.363348257422511,16.60630630393366
4164,05/15/2023 18:39:00.263366,4347,True,True,True,True,Eyes,1.379086,0.07533065,-3.685272,-0.2757743,-0.246739,0.9290148,0.0,0.0,0.0,0.0,0.0,0.0,0.0,-0.1643876,0.7012455,3.874305,1.376758,0.07608891,-3.691578,0.0970367,-0.1558889,0.01933641,0.9828064,11.34786,342.0191,0.4531349,0.3511059,0.01927463,-0.9361367,0,0,0,1.003157,-0.2525831,-2.676697,-0.04292604,-0.1092767,1.124191,0.9506494,0.007754007,0.3101701,-0.06826179,0.98042,0.1847079,-0.3026647,-0.1967652,0.9325651,moving,-16.53331,-14.87392,-2.186716,-5.551977,0.5958165844087727,-0.8155128068710347,17.109160724479885,5.4933214575600235,16.6010776175826
4165,05/15/2023 18:39:00.283472,4348,True,True,True,True,Eyes,1.378836,0.07527694,-3.685243,-0.278105,-0.2487856,0.9277734,0.0,0.0,0.0,0.0,0.0,0.0,0.0,-0.1639573,0.704411,3.873918,1.376592,0.07565784,-3.691827,0.09731086,-0.1558786,0.01973384,0.9827732,11.3862,342.0239,0.4938997,0.3510368,0.01926126,-0.9361629,0,0,0,0.9998395,-0.2548975,-2.676429,-0.0459407,-0.1100255,1.126067,0.9506249,0.00845042,0.3102273,-0.06912515,0.9802824,0.1851168,-0.3025459,-0.1974212,0.9324649,moving,-16.68638,-15.01091,-2.336228,-5.580531,0.5950303142532068,-0.8365425952183638,17.171456272161223,5.57653129549016,16.650183863315863
4166,05/15/2023 18:39:00.303039,4349,True,True,True,True,Eyes,1.378591,0.07523187,-3.685215,-0.2803669,-0.250713,0.9265729,0.0,0.0,0.0,0.0,0.0,0.0,0.0,-0.1619086,0.7103109,3.872913,1.376324,0.07595634,-3.691907,0.0980586,-0.15607,0.02004815,0.9826621,11.47701,342.0026,0.5140937,0.3509693,0.01924792,-0.9361886,0,0,0,0.9965253,-0.2572093,-2.676162,-0.04836905,-0.110506,1.128021,0.9504805,0.0087931,0.31066,-0.07000914,0.9799652,0.1864591,-0.3027965,-0.1989747,0.9320534,moving,-16.83502,-15.14059,-2.455313,-5.595097,0.594013623949646,-0.8564828700587108,17.259559960175636,5.634967323064738,16.72529931683059
4167,05/15/2023 18:39:00.313365,4350,True,True,True,True,Eyes,1.378377,0.07519748,-3.685181,-0.2827568,-0.2526809,0.9253113,0.0,0.0,0.0,0.0,0.0,0.0,0.0,-0.1573387,0.7066021,3.873733,1.376198,0.07611275,-3.691901,0.09743805,-0.1565705,0.02082557,0.9826281,11.42073,341.9543,0.6088444,0.3509033,0.01923482,-0.9362136,0,0,0,0.9931223,-0.259583,-2.675888,-0.05070701,-0.1137329,1.129697,0.950104,0.01041573,0.3117595,-0.07143942,0.9801443,0.1849694,-0.3036426,-0.1980121,0.9319831,moving,-16.99212,-15.27375,-2.570025,-5.748916,0.5926438521348757,-0.8769973240539086,17.283497531361554,5.808447800686209,16.736047787108284
4168,05/15/2023 18:39:00.333303,4351,True,True,True,True,Eyes,1.378164,0.07515406,-3.685147,-0.2850724,-0.2545423,0.9240898,0.0,0.0,0.0,0.0,0.0,0.0,0.0,-0.1542947,0.7040092,3.874298,1.376101,0.07634544,-3.691903,0.09705655,-0.1569149,0.02118993,0.9826031,11.38415,341.9189,0.6536319,0.3508395,0.01922221,-0.9362378,0,0,0,0.9899415,-0.2618018,-2.675632,-0.0530096,-0.1165483,1.131315,0.9498574,0.01118335,0.3124835,-0.07210183,0.980262,0.1840861,-0.3042569,-0.1973861,0.9319155,moving,-17.14447,-15.40032,-2.682724,-5.881875,0.5911214664138763,-0.896522966413132,17.313084433067985,5.964209841776815,16.752795105239883
4169,05/15/2023 18:39:00.353151,4352,True,True,True,True,Eyes,1.377986,0.07510047,-3.685102,-0.2874624,-0.2565143,0.9228032,0.0,0.0,0.0,0.0,0.0,0.0,0.0,-0.151022,0.7016339,3.874751,1.375918,0.07607937,-3.691863,0.0966522,-0.1572836,0.02150257,0.9825772,11.34408,341.8801,0.692633,0.3507775,0.01920981,-0.9362612,0,0,0,0.9866536,-0.2640952,-2.675367,-0.05526684,-0.1190265,1.132824,0.949599,0.01185227,0.3132431,-0.07265951,0.980392,0.1831725,-0.30493,-0.1967005,0.9318405,moving,-17.30233,-15.53449,-2.793063,-5.998093,0.5897727526600943,-0.917189247861548,17.36265234976782,6.10402823289424,16.788574906965955
4170,05/15/2023 18:39:00.363320,4353,True,True,True,True,Eyes,1.37781,0.07504971,-3.68506,-0.289748,-0.2584725,0.9215411,0.0,0.0,0.0,0.0,0.0,0.0,0.0,-0.1495923,0.7064573,3.873819,1.375788,0.07580376,-3.691801,0.09720543,-0.1574261,0.02173055,0.9824948,11.41124,341.8643,0.7069832,0.3507182,0.01919734,-0.9362837,0,0,0,0.9832833,-0.2664461,-2.675095,-0.05801444,-0.1194427,1.134572,0.9494897,0.01209496,0.3135653,-0.07330564,0.9801578,0.1841657,-0.3051159,-0.1978496,0.9315363,moving,-17.45402,-15.66767,-2.927175,-6.009711,0.5887986990816897,-0.9376592960223402,17.444351455405442,6.171529756912532,16.856203828489033
4171,05/15/2023 18:39:00.383034,4354,True,True,True,True,Eyes,1.377683,0.07499569,-3.685004,-0.292154,-0.2604971,0.9202105,0.0,0.0,0.0,0.0,0.0,0.0,0.0,-0.1484497,0.7131636,3.872634,1.375641,0.07583332,-3.691854,0.0979799,-0.1574984,0.022267,0.9823943,11.50912,341.8595,0.7535196,0.3506613,0.01918487,-0.9363053,0,0,0,0.9800095,-0.2687297,-2.674831,-0.0608958,-0.1194319,1.136491,0.9493969,0.0128866,0.3138144,-0.07461329,0.9798083,0.1854957,-0.3050876,-0.1995238,0.9311884,moving,-17.61392,-15.80598,-3.067106,-5.999094,0.5876146514328423,-0.9589385225594824,17.54379692562565,6.225765035462176,16.94056504653029
4172,05/15/2023 18:39:00.403094,4355,True,True,True,True,Eyes,1.377553,0.07494798,-3.684955,-0.2945189,-0.2624618,0.9188974,0.0,0.0,0.0,0.0,0.0,0.0,0.0,-0.1453668,0.7162343,3.872118,1.375342,0.0757103,-3.691899,0.09823506,-0.1577893,0.02293692,0.9823067,11.55054,341.8321,0.822334,0.3506077,0.01917233,-0.9363256,0,0,0,0.9798304,-0.2688546,-2.674817,-0.06037237,-0.1185402,1.136624,0.9491528,0.01406129,0.3145015,-0.07606307,0.9796476,0.1857555,-0.3054886,-0.2002323,0.9309047,moving,-17.77135,-15.94077,-3.040437,-5.953938,0.5863441912355135,-0.9796901697379072,17.797095583543765,6.156028207047693,17.177922243898177
4263,05/15/2023 18:39:01.923520,4446,True,True,True,True,Eyes,1.370209,0.07035749,-3.684371,-0.3490708,-0.306044,0.8857125,1.123916,0.9778822,-0.2736104,-2.688904,-0.1299204,-0.3171417,-0.9394369,-0.0243374,-0.0746817,1.129306,1.369998,0.07249165,-3.692877,0.11833,-0.1744853,0.03063513,0.9770437,13.99976,339.8838,1.096623,0.3486613,0.01789692,-0.9370776,0,0,0,0.9798304,-0.2688546,-2.674817,-0.0175181,-0.06715801,1.14034,0.9372327,0.01857003,0.3482097,-0.1011574,0.970119,0.2205364,-0.3337095,-0.2419179,0.9111058,moving,-21.51005,-19.06179,-0.8801184,-3.370425,0.5501171870427363,-1.4610048020247144,25.919355960052393,2.3856779595912476,24.84882999931503
4264,05/15/2023 18:39:01.933178,4447,True,True,True,True,Eyes,1.370152,0.07035595,-3.684392,-0.3491117,-0.3060594,0.885691,1.128127,0.9763102,-0.2749178,-2.68522,-0.3153448,-0.6362321,-0.7041067,-0.02436441,-0.07581821,1.133403,1.369941,0.07242489,-3.692867,0.1179581,-0.1745446,0.03049598,0.9770825,13.95474,339.8763,1.08733,0.3486468,0.01789679,-0.937083,0,0,0,0.9810393,-0.2653764,-2.674661,-0.01607876,-0.06471443,1.139145,0.9372083,0.01841631,0.3482834,-0.1007721,0.9703118,0.2198636,-0.3338944,-0.2411553,0.9112401,moving,-21.51281,-19.0631,-0.8086621,-3.251457,0.5500152170665408,-1.461217232896246,26.051291611444594,2.2474346432390053,24.980152918886116
4265,05/15/2023 18:39:01.953118,4448,True,True,True,True,Eyes,1.370096,0.07035906,-3.68441,-0.3491807,-0.3060832,0.8856557,0.0,0.0,0.0,0.0,0.0,0.0,0.0,0.0005455613,0.8802882,3.839867,1.369848,0.07232475,-3.692935,0.118042,-0.1744965,0.03037721,0.9770846,13.96184,339.8801,1.072605,0.3486324,0.01789664,-0.9370884,0,0,0,0.9818004,-0.2631868,-2.674563,-0.01523155,-0.06240526,1.138466,0.9372565,0.01816637,0.3481672,-0.100558,0.9702866,0.2200727,-0.333824,-0.2412755,0.9112341,moving,-21.51745,-19.06518,-0.766515,-3.13754,0.5498345322677337,-1.4615567799757214,26.158956770938424,2.1311254878360475,25.08702721885839
4266,05/15/2023 18:39:01.963323,4449,True,True,True,True,Eyes,1.37004,0.07036784,-3.68443,-0.3492626,-0.3060449,0.8856365,0.0,0.0,0.0,0.0,0.0,0.0,0.0,0.001418233,0.8820124,3.839458,1.369669,0.07250214,-3.692985,0.1182773,-0.1745711,0.03046264,0.9770401,13.99039,339.8714,1.076545,0.348618,0.01789658,-0.9370937,0,0,0,0.982644,-0.2607595,-2.674454,-0.01400617,-0.05972409,1.137757,0.9371939,0.01823083,0.3483321,-0.1008221,0.970165,0.2204876,-0.3339199,-0.2417592,0.9110708,moving,-21.52246,-19.06335,-0.7052945,-3.00486,0.5493309807420889,-1.4613375062314244,26.291243419330517,1.9891070322375515,25.218807273137326
4267,05/15/2023 18:39:01.983611,4450,True,True,True,True,Eyes,1.369988,0.07037241,-3.684446,-0.3493617,-0.3059729,0.8856224,0.0,0.0,0.0,0.0,0.0,0.0,0.0,0.003423393,0.875626,3.840991,1.369616,0.07263184,-3.693076,0.1173978,-0.1747891,0.03078382,0.9770972,13.89713,339.8532,1.128475,0.3486037,0.01789675,-0.937099,0,0,0,0.9834848,-0.2583403,-2.674346,-0.01279938,-0.0593932,1.136996,0.9370022,0.01911785,0.3487998,-0.1011973,0.9705402,0.2186568,-0.334344,-0.2401795,0.911333,moving,-21.52832,-19.05947,-0.6449624,-2.990239,0.5486103504734413,-1.460830977800511,26.350233577348774,1.9400270124513441,25.277780290928654
4268,05/15/2023 18:39:02.003413,4451,True,True,True,True,Eyes,1.369935,0.07038699,-3.684462,-0.3494752,-0.3058991,0.8856031,0.0,0.0,0.0,0.0,0.0,0.0,0.0,0.005404651,0.8715067,3.841849,1.369532,0.07251835,-3.693031,0.1167568,-0.174984,0.0312868,0.9771231,13.83467,339.8393,1.196817,0.3485894,0.01789702,-0.9371042,0,0,0,0.9845995,-0.255133,-2.674203,-0.01140723,-0.05749926,1.135828,0.9368035,0.02028093,0.3492678,-0.1020033,0.9707779,0.2172222,-0.334656,-0.239121,0.9114968,moving,-21.5351,-19.05559,-0.5754076,-2.898023,0.5478226835546908,-1.4603324897262977,26.46461178370291,1.824445196004914,25.3918676441184
4269,05/15/2023 18:39:02.023581,4452,True,True,True,True,Eyes,1.369874,0.07040889,-3.684478,-0.3495854,-0.3058182,0.8855875,0.0,0.0,0.0,0.0,0.0,0.0,0.0,0.008120418,0.8706819,3.842056,1.369485,0.07277107,-3.693069,0.1166289,-0.1752877,0.03159258,0.9770742,13.82669,339.8078,1.230322,0.3485753,0.01789764,-0.9371095,0,0,0,0.9855752,-0.2523257,-2.674077,-0.009776711,-0.05525225,1.13502,0.9365523,0.02084935,0.3499073,-0.1026238,0.9707992,0.2168346,-0.3351689,-0.2389858,0.9113439,moving,-21.54161,-19.05123,-0.4935159,-2.786932,0.5470183643380425,-1.4597626429709731,26.599805538297808,1.6864430193452586,25.526796266423215
4270,05/15/2023 18:39:02.033391,4453,True,True,True,True,Eyes,1.369814,0.07042845,-3.684496,-0.3497013,-0.305697,0.8855837,0.0,0.0,0.0,0.0,0.0,0.0,0.0,0.01005417,0.8682307,3.842511,1.369442,0.07296276,-3.692982,0.1163122,-0.175519,0.03173318,0.9770659,13.79384,339.7833,1.249708,0.3485611,0.01789876,-0.9371148,0,0,0,0.9866233,-0.2493102,-2.673942,-0.008246452,-0.05326948,1.133996,0.9363722,0.02118079,0.3503692,-0.1028408,0.9709289,0.2161499,-0.3356053,-0.238429,0.911329,moving,-21.54818,-19.0443,-0.4166493,-2.689493,0.5460151771862035,-1.458823888380879,26.721177027449436,1.5624561939233954,25.64817313226039
4271,05/15/2023 18:39:02.053019,4454,True,True,True,True,Eyes,1.369752,0.07044846,-3.684518,-0.3497937,-0.3055979,0.8855814,0.0,0.0,0.0,0.0,0.0,0.0,0.0,0.01049221,0.863879,3.843549,1.369411,0.07291985,-3.693056,0.1157593,-0.175589,0.03159519,0.9771234,13.72829,339.7751,1.244159,0.3485468,0.01790026,-0.9371201,0,0,0,0.9876941,-0.2462294,-2.673804,-0.006941855,-0.05160367,1.133016,0.9363405,0.02109267,0.3504591,-0.102397,0.9712031,0.2151268,-0.3358293,-0.2373179,0.9115366,moving,-21.55341,-19.03861,-0.3510399,-2.607756,0.5452034727908027,-1.458051670282088,26.82374807939207,1.457762747858357,25.750760468379358
4272,05/15/2023 18:39:02.068460,4455,True,True,True,True,Eyes,1.369692,0.07048087,-3.684537,-0.3498865,-0.3054702,0.8855888,0.0,0.0,0.0,0.0,0.0,0.0,0.0,0.01022184,0.8633119,3.843786,1.368716,0.07288933,-3.693427,0.115662,-0.1754484,0.03168783,0.9771572,13.71892,339.7935,1.258852,0.3485324,0.01790212,-0.9371255,0,0,0,0.9887471,-0.2431997,-2.673669,-0.00542745,-0.04887789,1.132155,0.9364275,0.02134258,0.3502115,-0.1025134,0.9712363,0.2149206,-0.3355513,-0.237159,0.9116804,moving,-21.55844,-19.03108,-0.2746687,-2.472063,0.5442670915402311,-1.4570132080700249,26.966645411637554,1.3042169722721408,25.893719574525658
4273,05/15/2023 18:39:02.087888,4456,True,True,True,True,Eyes,1.369609,0.0705161,-3.684565,-0.3499797,-0.30531,0.8856071,0.0,0.0,0.0,0.0,0.0,0.0,0.0,0.0112828,0.8596029,3.844598,1.368723,0.07320976,-3.693401,0.1151472,-0.1755494,0.03208529,0.9771868,13.6686,339.7886,1.31379,0.3485179,0.01790462,-0.9371309,0,0,0,0.9898506,-0.2400247,-2.673527,-0.004274756,-0.04718438,1.131177,0.9363058,0.02227862,0.3504782,-0.1031347,0.9714233,0.2137754,-0.3357002,-0.2363057,0.9118471,moving,-21.56325,-19.02146,-0.2165216,-2.388573,0.5431885709105816,-1.4556723899693214,27.061702521056127,1.203105603004407,25.989164145656208
4274,05/15/2023 18:39:02.103505,4457,True,True,True,True,Eyes,1.369528,0.07055781,-3.684589,-0.3500613,-0.3050963,0.8856485,0.0,0.0,0.0,0.0,0.0,0.0,0.0,0.01021719,0.8543816,3.8457,1.368761,0.07336617,-3.693318,0.1145162,-0.1754526,0.03189781,0.9772846,13.59298,339.7999,1.306502,0.3485027,0.01790777,-0.9371364,0,0,0,0.9908561,-0.2371317,-2.673397,-0.003533006,-0.04610372,1.130187,0.9363979,0.02216213,0.3502398,-0.1025308,0.9717371,0.2126368,-0.3356285,-0.235023,0.9122049,moving,-21.5669,-19.00827,-0.1791081,-2.335972,0.5419243994035005,-1.45380825388168,27.11831784898373,1.1393422401375133,26.04662459691694
4275,05/15/2023 18:39:02.113289,4458,True,True,True,True,Eyes,1.369448,0.07060304,-3.684613,-0.350078,-0.3048467,0.8857279,0.0,0.0,0.0,0.0,0.0,0.0,0.0,0.008482516,0.848186,3.847037,1.368744,0.07354736,-3.693279,0.113754,-0.1752622,0.03173909,0.9774128,13.5029,339.8231,1.306519,0.3484871,0.01791167,-0.9371422,0,0,0,0.9918684,-0.2342189,-2.673267,-0.002958208,-0.04529944,1.129213,0.9365516,0.02217082,0.3498279,-0.101918,0.9721053,0.211244,-0.3353862,-0.2334946,0.9126863,moving,-21.56608,-18.99226,-0.1500979,-2.297243,0.5407725227546739,-1.451499682957032,27.15451862835741,1.092054806023976,26.08421808981675
4276,05/15/2023 18:39:02.133156,4459,True,True,True,True,Eyes,1.369371,0.0706525,-3.684637,-0.3500813,-0.3045612,0.8858248,0.0,0.0,0.0,0.0,0.0,0.0,0.0,0.005860209,0.8398052,3.848852,1.368842,0.07366943,-3.693212,0.1127075,-0.1749852,0.03151731,0.977591,13.37914,339.8567,1.306254,0.348471,0.01791633,-0.9371481,0,0,0,0.9929137,-0.2312115,-2.673132,-0.002676129,-0.04499888,1.128187,0.9367737,0.02217777,0.3492324,-0.1010664,0.9726073,0.2093335,-0.3350234,-0.2313938,0.9133544,moving,-21.56412,-18.97382,-0.1359089,-2.284091,0.5395198123912243,-1.4488318414874348,27.160914657640014,1.0741795973679567,26.092348697131396
4277,05/15/2023 18:39:02.163281,4460,True,True,True,True,Eyes,1.369301,0.0706994,-3.684658,-0.3500654,-0.3042304,0.8859447,0.0,0.0,0.0,0.0,0.0,0.0,0.0,0.003857791,0.8350873,3.849929,1.368833,0.07381058,-3.693263,0.1121212,-0.1747494,0.03141586,0.9777038,13.31016,339.8854,1.309816,0.3484547,0.01792178,-0.9371541,0,0,0,0.9939959,-0.2280978,-2.672993,-0.002099931,-0.04352319,1.127255,0.9369513,0.02224459,0.3487511,-0.100617,0.9728838,0.2082627,-0.3346616,-0.2302223,0.913783,moving,-21.56058,-18.9523,-0.1067346,-2.211086,0.5381491377295141,-1.4457074479238867,27.212786124189805,1.0008393293461824,26.14617157583836
4278,05/15/2023 18:39:02.173010,4461,True,True,True,True,Eyes,1.369236,0.07075251,-3.68468,-0.3500417,-0.3038431,0.8860871,0.0,0.0,0.0,0.0,0.0,0.0,0.0,0.001973629,0.8265427,3.851748,1.3689,0.0737772,-3.693211,0.1109608,-0.1745198,0.03160592,0.9778711,13.18184,339.919,1.358496,0.3484381,0.01792788,-0.9371601,0,0,0,0.9950607,-0.2250341,-2.672856,-0.001796573,-0.04309791,1.126192,0.9370878,0.02308334,0.3483297,-0.1005428,0.9733776,0.2059789,-0.3343017,-0.2280423,0.9144611,moving,-21.55611,-18.92706,-0.0914018,-2.191566,0.5365647011224138,-1.4420401842715724,27.217833446752945,0.977819449067818,26.153688832986482
4279,05/15/2023 18:39:02.183403,4462,True,True,True,True,Eyes,1.369158,0.070807,-3.684707,-0.3499786,-0.3034213,0.8862564,0.0,0.0,0.0,0.0,0.0,0.0,0.0,0.0003481507,0.8193386,3.853361,1.368966,0.07396793,-3.69326,0.1100403,-0.1743372,0.031586,0.9780083,13.07662,339.9434,1.377398,0.3484216,0.01793473,-0.9371661,0,0,0,0.9960942,-0.2220604,-2.672722,-0.001288861,-0.04250346,1.125325,0.9372177,0.02341448,0.3479579,-0.100151,0.9737869,0.2042275,-0.334055,-0.2262539,0.9149953,moving,-21.54884,-18.8993,-0.06562217,-2.16303,0.5349935770913122,-1.4379862051595735,27.232909904087187,0.9415029368465408,26.17161760322751
4280,05/15/2023 18:39:02.213305,4463,True,True,True,True,Eyes,1.369063,0.07086043,-3.68474,-0.349839,-0.3029886,0.8864596,0.0,0.0,0.0,0.0,0.0,0.0,0.0,-0.001176059,0.8109168,3.855163,1.369082,0.07404804,-3.693236,0.1089812,-0.1741963,0.03138347,0.9781584,12.95205,339.9609,1.377488,0.3484048,0.01794227,-0.9371722,0,0,0,0.9973543,-0.2184349,-2.67256,-0.0004764795,-0.04157388,1.12418,0.9373415,0.02342778,0.3476235,-0.09936424,0.9742764,0.202268,-0.3339426,-0.2241355,0.9155575,moving,-21.53654,-18.87024,-0.0242846,-2.117919,0.533690585477638,-1.4337013939492371,27.265681566428338,0.8828873314521177,26.20764555727228
4281,05/15/2023 18:39:02.233015,4464,True,True,True,True,Eyes,1.368976,0.07091588,-3.684781,-0.3497013,-0.3025307,0.8866703,0.0,0.0,0.0,0.0,0.0,0.0,0.0,-0.002247751,0.8080432,3.855756,1.369183,0.07408333,-3.693189,0.1086654,-0.174112,0.03106476,0.9782188,12.90967,339.9679,1.34836,0.3483873,0.01795042,-0.9371786,0,0,0,0.9981638,-0.2161059,-2.672456,0.0001288354,-0.04022431,1.123451,0.93744,0.02293636,0.3473904,-0.09861616,0.9744536,0.2017796,-0.3338879,-0.2234146,0.9157538,moving,-21.5242,-18.83957,0.006570584,-2.050557,0.5322686647159464,-1.4291847989747384,27.30283940279854,0.8139176151647093,26.2481065193224
4282,05/15/2023 18:39:02.253162,4465,True,True,True,True,Eyes,1.368869,0.07098837,-3.684823,-0.3494508,-0.3017283,0.8870424,0.0,0.0,0.0,0.0,0.0,0.0,0.0,-0.003588438,0.8037585,3.856894,1.369312,0.0741806,-3.693394,0.1081507,-0.1739805,0.03082933,0.9783068,12.84631,339.9822,1.333468,0.3483692,0.01795916,-0.9371852,0,0,0,1.000014,-0.2107831,-2.672218,0.001726627,-0.03644647,1.122076,0.9375607,0.02268882,0.347081,-0.09795332,0.9747059,0.2008817,-0.3337442,-0.2223365,0.9160684,moving,-21.50198,-18.78578,0.08816553,-1.860387,0.5298169522595791,-1.421258405187568,27.433616462490466,0.6228080776337523,26.38454395952213
4283,05/15/2023 18:39:02.273045,4466,True,True,True,True,Eyes,1.368781,0.07108349,-3.68486,-0.3491801,-0.3007966,0.8874654,0.0,0.0,0.0,0.0,0.0,0.0,0.0,-0.004958093,0.7969755,3.85818,1.369458,0.0746479,-3.693204,0.1073965,-0.1738852,0.03042796,0.9784192,12.75247,339.9909,1.303853,0.3483502,0.01796887,-0.937192,0,0,0,1.000929,-0.2081489,-2.6721,0.002283514,-0.03625396,1.121215,0.9376761,0.02219328,0.3468009,-0.09689191,0.9750803,0.1995756,-0.3337294,-0.2207395,0.9164599,moving,-21.47754,-18.72352,0.1166909,-1.851988,0.5268859978944421,-1.4120950646181063,27.403638448015236,0.6014697107382299,26.361523393333457
4284,05/15/2023 18:39:02.283097,4467,True,True,True,True,Eyes,1.368676,0.07121992,-3.684893,-0.3488157,-0.2995045,0.8880454,0.0,0.0,0.0,0.0,0.0,0.0,0.0,-0.009506226,0.7815865,3.861333,1.369763,0.07508659,-3.693097,0.1054742,-0.1734054,0.03019411,0.9787207,12.52886,340.0508,1.322105,0.3483308,0.01798003,-0.937199,0,0,0,1.002083,-0.2048309,-2.671951,0.001909882,-0.03786625,1.120198,0.9380378,0.02252359,0.3458002,-0.09568278,0.975927,0.195988,-0.3330615,-0.2169313,0.9176115,moving,-21.44442,-18.63733,0.09768637,-1.936042,0.5227765124364624,-1.3994159768263372,27.257941369724506,0.6845941264310061,26.22557182904956
4285,05/15/2023 18:39:02.293238,4468,True,True,True,True,Eyes,1.368577,0.07141316,-3.684913,-0.3484585,-0.2979733,0.8887005,0.0,0.0,0.0,0.0,0.0,0.0,0.0,-0.01774424,0.7618536,3.865094,1.369955,0.07633591,-3.692842,0.1031269,-0.1724834,0.02975023,0.9791473,12.25222,340.1617,1.330132,0.3483107,0.01799354,-0.9372062,0,0,0,1.003576,-0.2005343,-2.671759,0.0009487569,-0.04037873,1.118871,0.9387287,0.02268437,0.3439094,-0.09383508,0.9769596,0.1916899,-0.3316373,-0.2122156,0.9192287,moving,-21.41009,-18.53584,0.04858449,-2.066841,0.517597300392408,-1.384526970735258,27.050002568017952,0.827964643474389,26.02884431515297
4286,05/15/2023 18:39:02.303132,4469,True,True,True,True,Eyes,1.368485,0.07162303,-3.684922,-0.3481368,-0.2960417,0.8894718,0.0,0.0,0.0,0.0,0.0,0.0,0.0,-0.02366036,0.7310323,3.870803,1.369974,0.07783222,-3.692588,0.09950674,-0.1719162,0.02856014,0.979657,11.8169,340.2252,1.272956,0.3482901,0.01801062,-0.9372135,0,0,0,1.004384,-0.198209,-2.671655,0.0003060699,-0.04813766,1.117962,0.9392583,0.02174463,0.3425217,-0.09017193,0.9785655,0.185145,-0.331154,-0.2047848,0.9210865,moving,-21.37524,-18.40892,0.01568614,-2.465542,0.5105314522611396,-1.3659779099799618,26.678887217757403,1.2057831774943701,25.67205575534974
4287,05/15/2023 18:39:02.313258,4470,True,True,True,True,Eyes,1.368372,0.07169021,-3.684936,-0.3477569,-0.2936583,0.8904099,0.0,0.0,0.0,0.0,0.0,0.0,0.0,-0.02828646,0.6837826,3.879201,1.370077,0.07834148,-3.692331,0.09364443,-0.1715512,0.02725058,0.9803359,11.12533,340.2695,1.243861,0.3482695,0.01803134,-0.9372208,0,0,0,1.005073,-0.1962254,-2.671566,-0.0002745986,-0.06023918,1.116667,0.9396551,0.02129981,0.3414594,-0.0855591,0.9809763,0.1742562,-0.331252,-0.1929557,0.9236018,moving,-21.33354,-18.25262,-0.01408956,-3.087858,0.5017412758320053,-1.3431456690474548,26.162740177211184,1.8193687281507862,25.173874415878146
4288,05/15/2023 18:39:02.325217,4471,True,True,True,True,Eyes,1.368272,0.07176972,-3.684997,-0.3472876,-0.2919726,0.8911473,0.0,0.0,0.0,0.0,0.0,0.0,0.0,-0.03606325,0.6434289,3.885896,1.370205,0.07489491,-3.692211,0.08806428,-0.1707188,0.02654386,0.9810176,10.47743,340.3739,1.28266,0.3482483,0.01805171,-0.9372282,0,0,0,1.005547,-0.1948627,-2.671505,-0.002162635,-0.06812552,1.11487,0.9403011,0.02201154,0.3396313,-0.08214845,0.9830802,0.1637221,-0.3302811,-0.1818482,0.9261996,moving,-21.29128,-18.1407,-0.1111428,-3.496783,0.4963505547410408,-1.3266880675629873,25.749611975983502,2.253521730945439,24.77410636934169
4289,05/15/2023 18:39:02.353354,4472,True,True,True,True,Eyes,1.36816,0.07196595,-3.68504,-0.3468698,-0.2901223,0.8919139,0.0,0.0,0.0,0.0,0.0,0.0,0.0,-0.04037637,0.7046278,3.876439,1.370388,0.07539082,-3.693408,0.09599115,-0.1700085,0.02699249,0.9803848,11.38463,340.4426,1.1858,0.3482264,0.01807205,-0.937236,0,0,0,1.006551,-0.1919739,-2.671376,-0.001710117,-0.04793228,1.116293,0.940737,0.02028745,0.3385294,-0.08556467,0.9801142,0.1790386,-0.3281653,-0.1973944,0.9237657,moving,-21.25131,-18.0187,-0.08777482,-2.458702,0.4900301226389759,-1.3088015003396614,26.26801779874343,1.2869070327172538,25.301859670336402
4290,05/15/2023 18:39:02.366294,4473,True,True,True,True,Eyes,1.368062,0.07213869,-3.685078,-0.3464809,-0.2879207,0.8927781,0.0,0.0,0.0,0.0,0.0,0.0,0.0,-0.03954083,0.6797297,3.880426,1.370296,0.07834625,-3.692894,0.09327733,-0.1702299,0.02622457,0.9806291,11.0619,340.4153,1.148769,0.3482039,0.01809535,-0.9372439,0,0,0,1.007577,-0.189021,-2.671244,-0.0003674328,-0.05439274,1.115284,0.9406681,0.01967597,0.3387573,-0.08319036,0.9812232,0.1740125,-0.3289726,-0.1918693,0.9246422,moving,-21.21088,-17.8745,-0.01887622,-2.79212,0.4820631268579088,-1.2877197086694825,26.011136281906914,1.5856104394793114,25.060980939969117
4291,05/15/2023 18:39:02.383134,4474,True,True,True,True,Eyes,1.367923,0.07227992,-3.685131,-0.3459589,-0.2857741,0.8936697,0.0,0.0,0.0,0.0,0.0,0.0,0.0,-0.04322261,0.6371939,3.887642,1.370545,0.07786942,-3.692857,0.0877767,-0.1699152,0.0256293,0.9812071,10.42591,340.4599,1.192394,0.348181,0.01812071,-0.9372519,0,0,0,1.008632,-0.1859881,-2.671108,-0.000646323,-0.06334572,1.113803,0.940944,0.02046613,0.3379433,-0.08012451,0.9832767,0.1635446,-0.3289446,-0.1809638,0.9268482,moving,-21.1625,-17.73303,-0.03324786,-3.255095,0.4748820198517162,-1.266960869706251,25.613588148869727,2.0520412507639803,24.679875042311863
4292,05/15/2023 18:39:02.393345,4475,True,True,True,True,Eyes,1.367798,0.07240824,-3.685185,-0.3454443,-0.283674,0.8945374,0.0,0.0,0.0,0.0,0.0,0.0,0.0,-0.04584378,0.6302202,3.888715,1.370591,0.07725048,-3.692818,0.08684501,-0.1696278,0.02531486,0.9813479,10.31376,340.4927,1.177788,0.3481569,0.01814713,-0.9372603,0,0,0,1.009684,-0.1829585,-2.670972,-0.0002431273,-0.06198767,1.112782,0.9411712,0.02022272,0.3373247,-0.07914803,0.9836342,0.1618621,-0.3285309,-0.1790385,0.9273688,moving,-21.11511,-17.59476,-0.01251832,-3.188373,0.4678709495633056,-1.2466706762740645,25.55119100955128,2.000245426010084,24.631686112174865
4293,05/15/2023 18:39:02.413408,4476,True,True,True,True,Eyes,1.367658,0.0725557,-3.68526,-0.3448145,-0.2818444,0.8953584,0.0,0.0,0.0,0.0,0.0,0.0,0.0,-0.04821199,0.6266429,3.889448,1.370807,0.07705784,-3.692935,0.08641598,-0.1693839,0.02494675,0.9814374,10.25765,340.5188,1.146693,0.3481319,0.01817416,-0.9372691,0,0,0,1.010721,-0.1799767,-2.670839,0.0001958311,-0.05996823,1.11212,0.9413735,0.01969238,0.3367909,-0.07824229,0.9838198,0.1611726,-0.3281678,-0.1780749,0.9276828,moving,-21.06236,-17.47316,0.0100891,-3.086538,0.4625120157180992,-1.2287299171847568,25.515152432289618,1.912102865235162,24.608463344373284
4294,05/15/2023 18:39:02.432985,4477,True,True,True,True,Eyes,1.36753,0.07273395,-3.685337,-0.3441742,-0.2798866,0.8962185,0.0,0.0,0.0,0.0,0.0,0.0,0.0,-0.05327278,0.6406535,3.88748,1.371243,0.07771301,-3.69316,0.08823218,-0.1687385,0.02536343,0.9813761,10.47098,340.5947,1.165739,0.3481057,0.01820222,-0.9372783,0,0,0,1.011767,-0.1769679,-2.670704,-0.0004324019,-0.05347309,1.112044,0.9417679,0.02000578,0.3356677,-0.07955847,0.9831436,0.1646184,-0.3267162,-0.1817375,0.9274848,moving,-21.00826,-17.34344,-0.02227861,-2.75297,0.456636934389565,-1.209610126472959,25.559601517283603,1.6159578577027796,24.66535119495528
4295,05/15/2023 18:39:02.453342,4478,True,True,True,True,Eyes,1.367408,0.07289966,-3.685417,-0.3434601,-0.2779033,0.8971092,0.0,0.0,0.0,0.0,0.0,0.0,0.0,-0.06075662,0.6195806,3.890987,1.371396,0.07858086,-3.693299,0.08580217,-0.1679302,0.02421393,0.9817593,10.17217,340.684,1.090176,0.3480785,0.018232,-0.9372878,0,0,0,1.012849,-0.1738536,-2.670565,-0.001151055,-0.05705579,1.111308,0.9424262,0.01872694,0.3338894,-0.07636208,0.9841033,0.1603416,-0.3255789,-0.1766066,0.9288748,moving,-20.94945,-17.21175,-0.05934498,-2.939047,0.4509559632051702,-1.1901659891888177,25.300326849130588,1.8218100456996138,24.4208780420316
4296,05/15/2023 18:39:02.463596,4479,True,True,True,True,Eyes,1.367299,0.07307973,-3.685485,-0.3427308,-0.2758611,0.898018,0.0,0.0,0.0,0.0,0.0,0.0,0.0,-0.06999022,0.6062366,3.893102,1.371593,0.07841873,-3.693406,0.08408722,-0.1668335,0.02391292,0.982102,9.970632,340.8139,1.100304,0.3480507,0.018263,-0.9372976,0,0,0,1.013884,-0.1708746,-2.670431,-0.002763003,-0.05784799,1.110507,0.9431895,0.01891273,0.3317165,-0.075027,0.984715,0.1571855,-0.3236735,-0.1731434,0.9301919,moving,-20.88948,-17.07637,-0.1425548,-2.981929,0.4450802596189976,-1.1701812841649362,25.081630177420205,1.9046639465078858,24.21659201067133
4297,05/15/2023 18:39:02.483508,4480,True,True,True,True,Eyes,1.36718,0.07325499,-3.685578,-0.3419834,-0.2736739,0.8989717,0.0,0.0,0.0,0.0,0.0,0.0,0.0,-0.07630455,0.5919249,3.895083,1.371792,0.0789156,-3.693215,0.08233228,-0.166114,0.02365717,0.9823788,9.765872,340.8999,1.11211,0.3480226,0.01829547,-0.9373074,0,0,0,1.014955,-0.167793,-2.670294,-0.003623635,-0.0593109,1.109519,0.943693,0.01912752,0.3302692,-0.0738337,0.9853235,0.1539034,-0.3224782,-0.1696225,0.9312551,moving,-20.82763,-16.93182,-0.1871246,-3.059915,0.4386475641512003,-1.148861980236919,24.86886027739217,2.010898914856753,24.019195202955935
4298,05/15/2023 18:39:02.503180,4481,True,True,True,True,Eyes,1.36706,0.07338299,-3.685683,-0.3412174,-0.27174,0.8998489,0.0,0.0,0.0,0.0,0.0,0.0,0.0,-0.08552182,0.5641428,3.899568,1.371931,0.07892799,-3.693748,0.07889198,-0.1650632,0.0226406,0.9828621,9.355177,341.021,1.072049,0.3479938,0.01832913,-0.9373174,0,0,0,1.015992,-0.1648101,-2.67016,-0.004898727,-0.06425498,1.108909,0.9444831,0.01846085,0.328041,-0.07054952,0.9865269,0.1476056,-0.3208964,-0.1625541,0.9330604,moving,-20.76643,-16.80348,-0.2531086,-3.316256,0.4333942684132242,-1.1298785111034688,24.549980979338333,2.2916222883130386,23.714987598575426
4299,05/15/2023 18:39:02.513160,4482,True,True,True,True,Eyes,1.366926,0.07356203,-3.685812,-0.3404875,-0.2699601,0.9006608,0.0,0.0,0.0,0.0,0.0,0.0,0.0,-0.08911937,0.5821084,3.897161,1.37178,0.07795048,-3.694157,0.08113536,-0.1645634,0.02242463,0.9827681,9.605014,341.073,1.009581,0.3479643,0.01836264,-0.9373276,0,0,0,1.017033,-0.1618166,-2.670026,-0.004354864,-0.05549623,1.108639,0.944832,0.01737261,0.3270941,-0.07078024,0.9858283,0.1520939,-0.3198163,-0.166855,0.9326719,moving,-20.70869,-16.68535,-0.2250635,-2.86572,0.4286615429412476,-1.1123929471704586,24.709535162127235,1.8712327984386288,23.885002876891892
4300,05/15/2023 18:39:02.533201,4483,True,True,True,True,Eyes,1.366802,0.07373139,-3.685935,-0.3398034,-0.268022,0.9014975,0.0,0.0,0.0,0.0,0.0,0.0,0.0,-0.0858922,0.5816308,3.897858,1.371849,0.07937145,-3.694685,0.08126837,-0.1649635,0.02231395,0.9826925,9.618414,341.0247,0.9904568,0.3479337,0.01839733,-0.9373383,0,0,0,1.018084,-0.1587917,-2.669891,-0.00224489,-0.05364056,1.10869,0.9445783,0.01704287,0.3278436,-0.07066814,0.985795,0.1523617,-0.32059,-0.1670856,0.932365,moving,-20.65304,-16.55761,-0.1160131,-2.76992,0.4230492489466645,-1.0935442311267691,24.736003505567016,1.7609156523005898,23.924317985111507
4301,05/15/2023 18:39:02.553510,4484,True,True,True,True,Eyes,1.36668,0.07391316,-3.686072,-0.3391677,-0.2662226,0.9022698,0.0,0.0,0.0,0.0,0.0,0.0,0.0,-0.08554184,0.5587044,3.901198,1.371937,0.07926559,-3.694634,0.07823158,-0.1650407,0.0225321,0.9829209,9.278202,341.024,1.072446,0.3479024,0.01843281,-0.9373492,0,0,0,1.019136,-0.1557658,-2.669755,-0.001435876,-0.0571837,1.107616,0.9445077,0.01847175,0.3279694,-0.07011734,0.9867443,0.1463535,-0.3209186,-0.1612283,0.9332827,moving,-20.60149,-16.43915,-0.07427628,-2.955427,0.4178405092130218,-1.0760653279909165,24.55966793438554,1.9427246918804812,23.760983313558317
4302,05/15/2023 18:39:02.563611,4485,True,True,True,True,Eyes,1.366571,0.07407851,-3.686202,-0.3385806,-0.2643171,0.9030502,0.0,0.0,0.0,0.0,0.0,0.0,0.0,-0.08437461,0.5595142,3.901579,1.372001,0.07976055,-3.695098,0.0783971,-0.1651764,0.02250557,0.9828858,9.296615,341.0075,1.064974,0.3478702,0.01846933,-0.9373604,0,0,0,1.020178,-0.1527664,-2.669621,5.638599e-05,-0.05434376,1.107472,0.9444206,0.01834211,0.3282278,-0.07013952,0.9866948,0.146676,-0.3211703,-0.1615455,0.9331414,moving,-20.55253,-16.31442,0.002917167,-2.809257,0.4119685370890634,-1.0577077606231355,24.595036814200892,1.7986794492997946,23.808158516903863
4303,05/15/2023 18:39:02.583105,4486,True,True,True,True,Eyes,1.366486,0.07423152,-3.686336,-0.337961,-0.2625556,0.9037958,0.0,0.0,0.0,0.0,0.0,0.0,0.0,-0.08324182,0.5419047,3.904105,1.372204,0.07950306,-3.695046,0.0760572,-0.1653664,0.02260164,0.9830354,9.033326,340.9906,1.118713,0.3478378,0.01850636,-0.9373717,0,0,0,1.021225,-0.1497553,-2.669486,0.001112401,-0.05625694,1.106504,0.9442862,0.01928183,0.32856,-0.06959103,0.987409,0.1420587,-0.3216839,-0.1570089,0.9337386,moving,-20.50254,-16.19875,0.05760112,-2.910528,0.406857271954992,-1.040643547888264,24.48052791088458,1.902221786208857,23.705808969988137
4304,05/15/2023 18:39:02.602900,4487,True,True,True,True,Eyes,1.366416,0.07440797,-3.686469,-0.3373045,-0.2608858,0.9045243,0.0,0.0,0.0,0.0,0.0,0.0,0.0,-0.08861816,0.544919,3.90395,1.37249,0.07938671,-3.695346,0.0763772,-0.1646956,0.02282707,0.9831181,9.073108,341.0706,1.14458,0.3478056,0.01854352,-0.9373829,0,0,0,1.022297,-0.1466704,-2.669348,0.0005376339,-0.05229014,1.106197,0.9447086,0.01972544,0.3273173,-0.0700414,0.9872909,0.1426565,-0.3203435,-0.1576946,0.9340838,moving,-20.4509,-16.08879,0.02784689,-2.706367,0.4022983647957029,-1.02438571568597,24.46361215224795,1.7231584221305225,23.698950249907913
4305,05/15/2023 18:39:02.613231,4488,True,True,True,True,Eyes,1.366349,0.0745853,-3.686607,-0.336593,-0.2590951,0.9053038,0.0,0.0,0.0,0.0,0.0,0.0,0.0,-0.09433615,0.546597,3.903822,1.372755,0.08013725,-3.695487,0.07659516,-0.1639754,0.02327134,0.983211,9.105349,341.1586,1.19787,0.3477739,0.01858142,-0.937394,0,0,0,1.02332,-0.1437255,-2.669216,-0.0003110766,-0.0494816,1.105894,0.9451411,0.02064184,0.3260097,-0.07088073,0.9871833,0.1429865,-0.3188798,-0.1582503,0.9344905,moving,-20.39519,-15.97095,-0.01611672,-2.561908,0.3974396685151259,-1.0069595798774158,24.39485673475813,1.6090038768515735,23.64118625751858
4306,05/15/2023 18:39:02.633038,4489,True,True,True,True,Eyes,1.366286,0.0747473,-3.686755,-0.3358431,-0.2573279,0.906086,0.0,0.0,0.0,0.0,0.0,0.0,0.0,-0.1040707,0.5263818,3.906635,1.373006,0.08032322,-3.695688,0.07399473,-0.162818,0.02317169,0.9836048,8.807119,341.2979,1.245972,0.3477427,0.01861998,-0.9374048,0,0,0,1.02437,-0.1407047,-2.669081,-0.002186894,-0.05238818,1.105247,0.9459068,0.02148821,0.3237262,-0.0696789,0.9879757,0.1380176,-0.3168679,-0.1531087,0.9360301,moving,-20.33735,-15.85451,-0.113368,-2.713762,0.3928421277700945,-0.9897160760112278,24.118223523631002,1.7968258239126336,23.376803664604036
4307,05/15/2023 18:39:02.653420,4490,True,True,True,True,Eyes,1.366231,0.07489625,-3.686898,-0.3350986,-0.2556101,0.9068476,0.0,0.0,0.0,0.0,0.0,0.0,0.0,-0.1121885,0.521916,3.907382,1.373007,0.08010197,-3.696084,0.07348539,-0.1618267,0.0225787,0.9838202,8.737082,341.4098,1.196728,0.3477119,0.01865874,-0.9374154,0,0,0,1.02543,-0.1376568,-2.668945,-0.003046602,-0.05046599,1.104848,0.9466047,0.02064296,0.3217351,-0.06821054,0.9881802,0.1372852,-0.3150983,-0.1519005,0.9368241,moving,-20.28029,-15.74137,-0.1579918,-2.615273,0.3884374935238451,-0.9729537571712744,24.025014199852873,1.7308372159699152,23.294278040241046
4308,05/15/2023 18:39:02.663255,4491,True,True,True,True,Eyes,1.366185,0.07505577,-3.687052,-0.3343435,-0.2539946,0.9075798,0.0,0.0,0.0,0.0,0.0,0.0,0.0,-0.1170555,0.517741,3.907882,1.373069,0.07994938,-3.696159,0.07293996,-0.1612348,0.02245825,0.9839608,8.67226,341.479,1.198387,0.3476818,0.01869736,-0.9374259,0,0,0,1.0265,-0.1345771,-2.668807,-0.003293335,-0.04853353,1.104182,0.946998,0.02067516,0.3205735,-0.06771699,0.9883507,0.136298,-0.3140211,-0.1507822,0.9373662,moving,-20.2233,-15.63477,-0.1708899,-2.516774,0.3845227017397844,-0.9571321616253392,23.96207357209718,1.655586247279207,23.241473476641247
4309,05/15/2023 18:39:02.683541,4492,True,True,True,True,Eyes,1.366139,0.07522821,-3.687201,-0.3335944,-0.2523417,0.9083163,0.0,0.0,0.0,0.0,0.0,0.0,0.0,-0.1207237,0.5209589,3.907789,1.373236,0.08036804,-3.69656,0.07337207,-0.1607657,0.02259757,0.9840023,8.723275,341.5344,1.210467,0.3476523,0.01873611,-0.937436,0,0,0,1.027555,-0.1315422,-2.668671,-0.003265023,-0.04492919,1.10405,0.9472876,0.0208807,0.3197036,-0.06806356,0.9882118,0.1371307,-0.3130715,-0.1516624,0.9375419,moving,-20.16661,-15.52597,-0.1694412,-2.33036,0.3804195555655013,-0.9409969424668,23.958524230173136,1.4942143608428702,23.247660486902127
4310,05/15/2023 18:39:02.703399,4493,True,True,True,True,Eyes,1.366105,0.07540877,-3.687351,-0.3328496,-0.2506398,0.9090604,0.0,0.0,0.0,0.0,0.0,0.0,0.0,-0.1243453,0.5117702,3.908938,1.373416,0.0808506,-3.696534,0.07215409,-0.1603269,0.02301018,0.9841543,8.592147,341.5911,1.283884,0.3476236,0.0187753,-0.9374459,0,0,0,1.028596,-0.128547,-2.668537,-0.00354588,-0.04498711,1.103399,0.9475316,0.02215466,0.3188934,-0.06842763,0.9885286,0.1346432,-0.3122523,-0.1493998,0.9381781,moving,-20.11005,-15.41423,-0.1841249,-2.334735,0.3760844394746122,-0.9244402405019548,23.835177376009497,1.517486676284912,23.13520581636124
4311,05/15/2023 18:39:02.713372,4494,True,True,True,True,Eyes,1.366098,0.07557224,-3.687484,-0.3321069,-0.2488562,0.9098217,0.0,0.0,0.0,0.0,0.0,0.0,0.0,-0.1280144,0.5000201,3.910606,1.373646,0.08120632,-3.696721,0.0706655,-0.1599089,0.02300339,0.9843305,8.422604,341.6421,1.314087,0.3475956,0.01881511,-0.9374554,0,0,0,1.029618,-0.1256063,-2.668405,-0.003698349,-0.04568394,1.102933,0.9478,0.02268579,0.3180573,-0.06788597,0.9889544,0.1317595,-0.3115552,-0.1464733,0.938871,moving,-20.05331,-15.29749,-0.1921233,-2.37186,0.3713840424022879,-0.9071632257237284,23.696806705317,1.5693556529724562,23.00823820916599
4312,05/15/2023 18:39:02.733228,4495,True,True,True,True,Eyes,1.366101,0.07571898,-3.687622,-0.3313488,-0.2471459,0.9105641,0.0,0.0,0.0,0.0,0.0,0.0,0.0,-0.1314176,0.4880406,3.911993,1.373823,0.08092976,-3.696648,0.06920544,-0.1595644,0.02231871,0.984506,8.243992,341.6788,1.265687,0.3475692,0.01885502,-0.9374644,0,0,0,1.030689,-0.1225238,-2.668267,-0.003488362,-0.04583618,1.102082,0.9480822,0.02186036,0.3172733,-0.06603126,0.9894249,0.1291438,-0.3110951,-0.1433889,0.9394997,moving,-19.99614,-15.18542,-0.1813546,-2.381588,0.367068400333102,-0.8905537558326022,23.59160516650525,1.5886947172361985,22.913914428167985
4313,05/15/2023 18:39:02.753648,4496,True,True,True,True,Eyes,1.366103,0.07585371,-3.687761,-0.3305751,-0.2455173,0.9112856,0.0,0.0,0.0,0.0,0.0,0.0,0.0,-0.1368591,0.488611,3.912023,1.374031,0.0806694,-3.696881,0.06932925,-0.1589221,0.02184139,0.9846117,8.248513,341.75,1.214413,0.3475443,0.01889462,-0.9374728,0,0,0,1.031731,-0.1195266,-2.668133,-0.0038158,-0.0425072,1.101702,0.9485334,0.02097467,0.3159816,-0.06504647,0.9894328,0.1295826,-0.3099246,-0.1434669,0.9398744,moving,-19.93859,-15.07853,-0.198446,-2.209559,0.3631724664493249,-0.8746855792538952,23.564458401151025,1.4482065982694938,22.896022721175207
4314,05/15/2023 18:39:02.763824,4497,True,True,True,True,Eyes,1.366114,0.0760083,-3.687908,-0.3298098,-0.2439972,0.9119709,0.0,0.0,0.0,0.0,0.0,0.0,0.0,-0.1410337,0.4945013,3.911317,1.374004,0.08051968,-3.697089,0.07021752,-0.1584181,0.02108796,0.9846465,8.334979,341.8016,1.116579,0.3475208,0.01893361,-0.9374807,0,0,0,1.032815,-0.1164089,-2.667994,-0.003461391,-0.03762619,1.101271,0.948918,0.01928092,0.314933,-0.06377583,0.9892496,0.1315974,-0.3090101,-0.1449603,0.9399465,moving,-19.88228,-14.97862,-0.1800851,-1.956815,0.3597144208192292,-0.8598316002990558,23.616601985374842,1.2226021846439303,22.956371765229246
4315,05/15/2023 18:39:02.783565,4498,True,True,True,True,Eyes,1.366126,0.07616522,-3.688046,-0.3290915,-0.2423193,0.9126775,0.0,0.0,0.0,0.0,0.0,0.0,0.0,-0.1433158,0.498359,3.911166,1.374239,0.08116245,-3.697433,0.07082104,-0.158149,0.02093924,0.9846497,8.400454,341.8309,1.090941,0.3474986,0.01897256,-0.9374881,0,0,0,1.033853,-0.1134207,-2.66786,-0.003019184,-0.03402586,1.10117,0.9491009,0.01883509,0.3144085,-0.06363619,0.9890919,0.1328448,-0.3084768,-0.1460908,0.9399465,moving,-19.82819,-14.86919,-0.1570929,-1.769861,0.355374145239664,-0.8436285426854997,23.6335456791373,1.0585504416132134,22.982447390189524
4316,05/15/2023 18:39:02.803304,4499,True,True,True,True,Eyes,1.366142,0.07631727,-3.68819,-0.3283886,-0.2406822,0.9133636,0.0,0.0,0.0,0.0,0.0,0.0,0.0,-0.1469977,0.4827894,3.912924,1.374275,0.08133984,-3.697354,0.06890962,-0.1577435,0.02048732,0.9848597,8.174947,341.8776,1.077527,0.3474778,0.01901154,-0.9374951,0,0,0,1.034953,-0.1102555,-2.667718,-0.002891809,-0.03544492,1.100333,0.9493945,0.01861419,0.3135339,-0.06209436,0.9896635,0.1292691,-0.3078869,-0.1421961,0.9407369,moving,-19.77542,-14.76253,-0.15058,-1.845026,0.3511473184940447,-0.8278352030297678,23.494600541733327,1.1341990211440676,22.853851062825978
4317,05/15/2023 18:39:02.813377,4500,True,True,True,True,Eyes,1.366167,0.07646294,-3.688328,-0.3276514,-0.2387424,0.9141371,0.0,0.0,0.0,0.0,0.0,0.0,0.0,-0.1488681,0.4802074,3.913473,1.374393,0.08136559,-3.69763,0.06862317,-0.1575299,0.020224,0.9849195,8.137451,341.9009,1.054469,0.3474582,0.01905042,-0.9375016,0,0,0,1.035914,-0.107492,-2.667595,-0.002355635,-0.03344905,1.100036,0.9495506,0.01821763,0.3130842,-0.06145844,0.9897637,0.1288048,-0.307533,-0.1415484,0.9409504,moving,-19.71905,-14.63682,-0.122694,-1.74167,0.3457411170849501,-0.8092720028512541,23.45851789864901,1.0434545912522422,22.82852263770759
4318,05/15/2023 18:39:02.833867,4501,True,True,True,True,Eyes,1.366196,0.07660434,-3.688465,-0.3269388,-0.2368602,0.9148815,0.0,0.0,0.0,0.0,0.0,0.0,0.0,-0.1503188,0.472318,3.914463,1.374382,0.08131599,-3.697724,0.06764233,-0.1573688,0.01996046,0.9850185,8.021238,341.9192,1.043496,0.3474399,0.01908904,-0.9375076,0,0,0,1.036965,-0.1044678,-2.667459,-0.001599103,-0.03266484,1.099426,0.9496734,0.01803326,0.3127225,-0.06061242,0.9900522,0.1269756,-0.3073218,-0.1395402,0.9413192,moving,-19.66468,-14.51501,-0.083336,-1.701803,0.3404843333690582,-0.7912868986751349,23.401010800202307,1.0043222818144042,22.781745333944134
4319,05/15/2023 18:39:02.853357,4502,True,True,True,True,Eyes,1.366253,0.07676381,-3.688591,-0.3262296,-0.2347407,0.9156806,0.0,0.0,0.0,0.0,0.0,0.0,0.0,-0.1508279,0.4704408,3.914824,1.374497,0.08135319,-3.697844,0.06739239,-0.1573148,0.01999938,0.9850434,7.993529,341.9261,1.052893,0.3474229,0.01912732,-0.9375131,0,0,0,1.038044,-0.1013626,-2.66732,-0.0006937981,-0.0301827,1.098933,0.9497042,0.01819688,0.3126194,-0.06060416,0.9901165,0.1264764,-0.3072281,-0.1390612,0.9414207,moving,-19.60946,-14.37851,-0.03617301,-1.57326,0.3341777557498694,-0.7711827086696521,23.389912166474744,0.8834521328059278,22.78183019847687
4320,05/15/2023 18:39:02.863702,4503,True,True,True,True,Eyes,1.366319,0.07691732,-3.688715,-0.3255352,-0.2325472,0.9164871,0.0,0.0,0.0,0.0,0.0,0.0,0.0,-0.1517496,0.4622673,3.915878,1.374646,0.08189392,-3.697899,0.06638915,-0.1572257,0.02004357,0.9851248,7.880413,341.9383,1.076774,0.3474079,0.01916576,-0.9375179,0,0,0,1.03909,-0.09835313,-2.667186,-2.092123e-05,-0.02993262,1.098436,0.9497567,0.01861468,0.3124352,-0.060367,0.9903815,0.1245005,-0.3071125,-0.1371059,0.9417452,moving,-19.55498,-14.23761,-0.001091277,-1.560936,0.3274842681208733,-0.7504524949715032,23.303489607647663,0.8745544012665859,22.707460770802392
4321,05/15/2023 18:39:02.883277,4504,True,True,True,True,Eyes,1.36639,0.07706355,-3.688837,-0.3248051,-0.2302718,0.9173204,0.0,0.0,0.0,0.0,0.0,0.0,0.0,-0.1541553,0.4465941,3.917794,1.374929,0.08187866,-3.697999,0.06431409,-0.1569708,0.02020903,0.9852997,7.647713,341.9721,1.135059,0.3473947,0.01920419,-0.937522,0,0,0,1.040138,-0.09533745,-2.667051,8.150935e-05,-0.03139447,1.097887,0.9499036,0.01963302,0.3119261,-0.06001477,0.9909106,0.1203928,-0.3067272,-0.1330818,0.9424477,moving,-19.49805,-14.09159,0.004253753,-1.637946,0.3205818236336323,-0.7289648800009643,23.13942740330914,0.9624500635282318,22.556246264655847
4322,05/15/2023 18:39:02.903217,4505,True,True,True,True,Eyes,1.366466,0.0772425,-3.688954,-0.324095,-0.2280391,0.9181288,0.0,0.0,0.0,0.0,0.0,0.0,0.0,-0.1582252,0.4482611,3.917551,1.374867,0.08182049,-3.698138,0.06458741,-0.1564617,0.01986078,0.98537,7.671884,342.0286,1.094443,0.3473834,0.01924242,-0.9375254,0,0,0,1.041185,-0.09232553,-2.666916,0.0002402067,-0.02789991,1.097412,0.9502505,0.01892951,0.3109109,-0.05935135,0.990868,0.1210701,-0.3057798,-0.1334999,0.9426963,moving,-19.44279,-13.94851,0.01254117,-1.456338,0.3137801903997524,-0.7079144789694067,23.120646016319647,0.8067730252327684,22.54824261096254
4323,05/15/2023 18:39:02.913181,4506,True,True,True,True,Eyes,1.366546,0.07741986,-3.689061,-0.3233639,-0.2254513,0.9190253,0.0,0.0,0.0,0.0,0.0,0.0,0.0,-0.1593919,0.4426804,3.918252,1.375081,0.08277512,-3.698157,0.06396222,-0.1563449,0.0199651,0.9854271,7.602701,342.0439,1.118459,0.347374,0.01928131,-0.9375281,0,0,0,1.042279,-0.08917731,-2.666775,0.0008440912,-0.02707908,1.096969,0.9503154,0.01934797,0.3106869,-0.05934863,0.9910204,0.1198173,-0.3055789,-0.1323031,0.9429302,moving,-19.38469,-13.78336,0.04408772,-1.41408,0.3055152527040911,-0.6836667406699954,23.032075273660606,0.7757885564126537,22.47295744649671
4324,05/15/2023 18:39:02.933402,4507,True,True,True,True,Eyes,1.366625,0.07755499,-3.689171,-0.3226372,-0.2229939,0.9198798,0.0,0.0,0.0,0.0,0.0,0.0,0.0,-0.1629872,0.412612,3.921334,1.375086,0.08282375,-3.698101,0.06014023,-0.1559627,0.01959245,0.9857359,7.162053,342.0902,1.147305,0.3473664,0.01932075,-0.9375301,0,0,0,1.043264,-0.08634365,-2.666648,0.0007929206,-0.03278272,1.096149,0.9505836,0.01986669,0.3098325,-0.05738522,0.9919986,0.1124534,-0.3051195,-0.1246761,0.9441176,moving,-19.32773,-13.62657,0.041446,-1.713044,0.2977999273844959,-0.6606306981998677,22.73976870312563,1.0831856230080381,22.195333922010143
4325,05/15/2023 18:39:02.953311,4508,True,True,True,True,Eyes,1.366772,0.07767828,-3.689261,-0.3220691,-0.2205976,0.9206564,0.0,0.0,0.0,0.0,0.0,0.0,0.0,-0.16483,0.4164833,3.921011,1.37514,0.08195019,-3.698275,0.06047909,-0.1557142,0.01982106,0.9857498,7.204279,342.1205,1.169108,0.3473603,0.01935961,-0.9375315,0,0,0,1.044329,-0.08328008,-2.666511,0.001361877,-0.02808107,1.095665,0.9507204,0.0202423,0.3093881,-0.05791213,0.9918988,0.1130617,-0.304593,-0.1254073,0.9441907,moving,-19.28114,-13.47455,0.07121682,-1.468127,0.2896899730255259,-0.6383709622068914,22.77428171740065,0.85803589717857,22.24021411364827
4326,05/15/2023 18:39:02.963249,4509,True,True,True,True,Eyes,1.366919,0.07782051,-3.689352,-0.3214804,-0.2183628,0.9213946,0.0,0.0,0.0,0.0,0.0,0.0,0.0,-0.1648442,0.4212093,3.920685,1.375308,0.08175468,-3.698407,0.06103706,-0.1557135,0.01995337,0.9857128,7.269931,342.1209,1.17423,0.3473574,0.01939765,-0.9375318,0,0,0,1.045357,-0.08032117,-2.666378,0.002340972,-0.02371845,1.095285,0.9507104,0.020328,0.3094134,-0.05834519,0.9917527,0.114116,-0.3045418,-0.126544,0.9440556,moving,-19.2342,-13.33264,0.1224591,-1.240548,0.2823706401661344,-0.61756145905619,22.82321056403058,0.6431826574740948,22.29887902058113
4327,05/15/2023 18:39:02.983505,4510,True,True,True,True,Eyes,1.367124,0.07796632,-3.689426,-0.320972,-0.2160932,0.9221066,0.0,0.0,0.0,0.0,0.0,0.0,0.0,-0.1689898,0.427351,3.920031,1.375482,0.08236885,-3.698526,0.06193294,-0.1552065,0.01981921,0.9857396,7.368572,342.1781,1.146774,0.3473573,0.01943543,-0.9375311,0,0,0,1.046412,-0.07728747,-2.666243,0.002272457,-0.01943128,1.094989,0.9510363,0.01984836,0.3084412,-0.05829793,0.9915431,0.1159474,-0.3035313,-0.1282516,0.9441506,moving,-19.19227,-13.1891,0.1189071,-1.016643,0.2745628916550089,-0.596561431749197,22.827401744491496,0.4479924658516051,22.31239579910117
4328,05/15/2023 18:39:03.003346,4511,True,True,True,True,Eyes,1.367325,0.07812941,-3.68951,-0.3204321,-0.2139092,0.9228034,0.0,0.0,0.0,0.0,0.0,0.0,0.0,-0.1734415,0.4242507,3.920351,1.37561,0.08254528,-3.698662,0.06157286,-0.1546695,0.01968881,0.9858491,7.324782,342.2403,1.142336,0.3473612,0.01947306,-0.9375288,0,0,0,1.047533,-0.07406116,-2.666098,0.002174079,-0.01724562,1.094553,0.9513794,0.01977351,0.3073861,-0.05786729,0.9916422,0.1153126,-0.302537,-0.1274936,0.9445722,moving,-19.14893,-13.05088,0.1138048,-0.9026692,0.2672604983427749,-0.5763138207625291,22.773492872556194,0.3606334495177924,22.268139929923585
4329,05/15/2023 18:39:03.013454,4512,True,True,True,True,Eyes,1.367589,0.07828716,-3.689555,-0.3199408,-0.2114631,0.9235374,0.0,0.0,0.0,0.0,0.0,0.0,0.0,-0.1787282,0.4234147,3.920575,1.375712,0.08311939,-3.699004,0.06153145,-0.1540085,0.01966985,0.9859556,7.318982,342.3173,1.145843,0.3473684,0.019511,-0.9375254,0,0,0,1.048517,-0.07122862,-2.665972,0.001740903,-0.01508377,1.094444,0.951789,0.01983448,0.3061115,-0.05773994,0.991654,0.1152759,-0.3012703,-0.1273932,0.9449905,moving,-19.10761,-12.89675,0.0911388,-0.7896083,0.2586068570944388,-0.5537968338767689,22.697463198106092,0.28922758807239324,22.202552449186793
4330,05/15/2023 18:39:03.033293,4513,True,True,True,True,Eyes,1.367849,0.07843925,-3.689611,-0.3193908,-0.2090858,0.9242687,0.0,0.0,0.0,0.0,0.0,0.0,0.0,-0.1843256,0.4013217,3.922343,1.375825,0.08305359,-3.69865,0.05859848,-0.1533584,0.01995042,0.9862299,6.990355,342.398,1.234153,0.3473804,0.01954909,-0.9375201,0,0,0,1.049587,-0.0681501,-2.665834,0.0009700358,-0.01828668,1.093467,0.9521664,0.02137827,0.3048313,-0.05732454,0.9923364,0.109464,-0.3001551,-0.1217023,0.9460949,moving,-19.06313,-12.74676,0.05082818,-0.9581009,0.2504967847559664,-0.5318473465853404,22.456978440627353,0.4707012253264468,21.974268584905577
4331,05/15/2023 18:39:03.053191,4514,True,True,True,True,Eyes,1.368165,0.07859647,-3.68964,-0.318826,-0.2066602,0.925009,0.0,0.0,0.0,0.0,0.0,0.0,0.0,-0.1921342,0.3988474,3.922563,1.375974,0.08306408,-3.698958,0.0581824,-0.1523725,0.02035447,0.9863992,6.948955,342.5161,1.294445,0.3473966,0.01958716,-0.9375134,0,0,0,1.050635,-0.06513737,-2.665699,-0.0002404153,-0.01605198,1.093241,0.9527367,0.02242447,0.3029687,-0.05788605,0.992401,0.1085792,-0.2982317,-0.120985,0.9467949,moving,-19.01771,-12.59388,-0.01259995,-0.8412092,0.2422364930080722,-0.509474212600183,22.345457680382914,0.41831771962249364,21.872773606277544
4332,05/15/2023 18:39:03.063528,4515,True,True,True,True,Eyes,1.368475,0.07875252,-3.689682,-0.3182415,-0.2042707,0.9257407,0.0,0.0,0.0,0.0,0.0,0.0,0.0,-0.1973811,0.3935596,3.922784,1.375987,0.08327675,-3.698893,0.05746938,-0.1517183,0.0205952,0.9865367,6.871364,342.5945,1.338858,0.3474178,0.01962534,-0.9375047,0,0,0,1.051816,-0.061739,-2.665547,-0.0005571246,-0.01439466,1.092572,0.9531149,0.02319753,0.3017184,-0.05807414,0.9925462,0.107142,-0.296984,-0.1196406,0.9473577,moving,-18.97141,-12.44329,-0.02921627,-0.7548292,0.2342136290295943,-0.4874225706217026,22.258185442169086,0.37536864165537903,21.795724184449757
4333,05/15/2023 18:39:03.083234,4516,True,True,True,True,Eyes,1.368853,0.07890286,-3.689692,-0.3176879,-0.2018381,0.9264641,0.0,0.0,0.0,0.0,0.0,0.0,0.0,-0.2017792,0.3877336,3.923494,1.376135,0.08338737,-3.699211,0.0566598,-0.151172,0.02087295,0.9866616,6.783552,342.6606,1.388295,0.3474436,0.01966359,-0.9374944,0,0,0,1.05271,-0.05916617,-2.665432,-0.0009579062,-0.01359133,1.092445,0.9534227,0.02405833,0.3006765,-0.05831984,0.992708,0.1054973,-0.2959458,-0.1181189,0.9478734,moving,-18.92703,-12.29033,-0.05023955,-0.7127912,0.2258715023711502,-0.4650470259002222,22.144358702809992,0.3709642692253326,21.692412081758444
4334,05/15/2023 18:39:03.103234,4517,True,True,True,True,Eyes,1.369222,0.07905519,-3.689713,-0.3171295,-0.1994457,0.9271733,0.0,0.0,0.0,0.0,0.0,0.0,0.0,-0.2057351,0.3825958,3.923701,1.376206,0.08331966,-3.699088,0.05587941,-0.1506788,0.02136241,0.986771,6.702733,342.7217,1.460868,0.3474751,0.01970177,-0.9374819,0,0,0,1.053751,-0.05617189,-2.665298,-0.001162648,-0.01211616,1.091792,0.9536791,0.02531994,0.2997584,-0.05899931,0.9928423,0.1038426,-0.2949835,-0.1167181,0.9483468,moving,-18.88269,-12.13999,-0.06101422,-0.6358138,0.2177247410239711,-0.4430484503623269,22.059046878958416,0.33890100090388825,21.6171009448868
4335,05/15/2023 18:39:03.113361,4518,True,True,True,True,Eyes,1.369653,0.07920223,-3.689712,-0.3166049,-0.197082,0.9278578,0.0,0.0,0.0,0.0,0.0,0.0,0.0,-0.2089853,0.3768855,3.924419,1.376342,0.08350945,-3.699391,0.05519573,-0.1502954,0.02116193,0.9868723,6.621122,342.7654,1.452372,0.3475114,0.01973992,-0.9374676,0,0,0,1.054769,-0.05324126,-2.665166,-0.0009863079,-0.01093647,1.091609,0.9539269,0.02517692,0.2989808,-0.05835958,0.9930112,0.1025812,-0.2943086,-0.1153033,0.9487295,moving,-18.84074,-11.99171,-0.05176877,-0.5740082,0.2095597296196495,-0.4213668830292632,21.986117307871595,0.3026416302494058,21.554072151633992
4336,05/15/2023 18:39:03.133380,4519,True,True,True,True,Eyes,1.370071,0.07935823,-3.689715,-0.3160656,-0.1947869,0.928526,0.0,0.0,0.0,0.0,0.0,0.0,0.0,-0.2119877,0.3760668,3.92439,1.376474,0.08346844,-3.6994,0.05508552,-0.1499368,0.02113374,0.9869336,6.607602,342.807,1.453462,0.3475538,0.01977791,-0.9374511,0,0,0,1.055828,-0.05019545,-2.66503,-0.0007761121,-0.008147918,1.091116,0.9541446,0.02519649,0.2982837,-0.05823389,0.9930379,0.102394,-0.2936271,-0.1150689,0.9489691,moving,-18.79832,-11.84775,-0.04075456,-0.4278489,0.2017559000760842,-0.4003021992235656,21.96042810078309,0.24406995712291268,21.53722566402418
4337,05/15/2023 18:39:03.150847,4520,True,True,True,True,Eyes,1.370558,0.07951364,-3.689696,-0.315581,-0.1925116,0.9291652,0.0,0.0,0.0,0.0,0.0,0.0,0.0,-0.2163227,0.3731348,3.924567,1.376579,0.08384037,-3.699495,0.05486974,-0.1494309,0.02054074,0.987035,6.572222,342.8623,1.393006,0.3476012,0.01981599,-0.9374328,0,0,0,1.056875,-0.04718148,-2.664895,-0.0007946491,-0.00620196,1.090749,0.954497,0.02415039,0.2972411,-0.05694733,0.9931347,0.1021778,-0.2927328,-0.1144555,0.9493195,moving,-18.75951,-11.70537,-0.04174199,-0.3257782,0.1938085979506815,-0.379496186823635,21.905477598327014,0.24159822348745855,21.491111488252162
4338,05/15/2023 18:39:03.163592,4521,True,True,True,True,Eyes,1.371034,0.07963964,-3.689657,-0.3150639,-0.190264,0.9298034,0.0,0.0,0.0,0.0,0.0,0.0,0.0,-0.220589,0.3698169,3.924762,1.376682,0.0839262,-3.699579,0.05445915,-0.148914,0.02046685,0.9871373,6.523626,342.9222,1.395023,0.3476548,0.01985413,-0.937412,0,0,0,1.058022,-0.04388214,-2.664747,-0.0008076429,-0.003944486,1.090293,0.9548114,0.02418771,0.2962264,-0.05662664,0.9932306,0.1014217,-0.2917681,-0.1136129,0.9497175,moving,-18.71895,-11.56468,-0.04244228,-0.2072851,0.1861167093268647,-0.3589178142855753,21.858690709412713,0.27428396169613845,21.452862582682272
4339,05/15/2023 18:39:03.183508,4522,True,True,True,True,Eyes,1.371568,0.07976574,-3.689626,-0.3145192,-0.1881118,0.9304255,0.0,0.0,0.0,0.0,0.0,0.0,0.0,-0.2265893,0.3642758,3.924501,1.376867,0.08333015,-3.699059,0.05367098,-0.1482137,0.02042514,0.9872867,6.432458,343.0039,1.408249,0.347714,0.01989159,-0.9373893,0,0,0,1.05898,-0.04112543,-2.664624,-0.00169,-0.002393171,1.089307,0.9552311,0.02442139,0.2948511,-0.05624048,0.9934044,0.09992273,-0.2904662,-0.1120319,0.9503043,moving,-18.67721,-11.42989,-0.08889121,-0.1258767,0.1789573107737543,-0.3391772419622296,21.7556041544528,0.34240319987124707,21.35794688166642
4340,05/15/2023 18:39:03.203176,4523,True,True,True,True,Eyes,1.372079,0.07988112,-3.689598,-0.3139316,-0.186133,0.9310217,0.0,0.0,0.0,0.0,0.0,0.0,0.0,-0.234092,0.3702113,3.924217,1.377121,0.08344078,-3.699719,0.05449144,-0.1472769,0.02016559,0.9873874,6.519891,343.1109,1.371023,0.3477795,0.01992842,-0.9373642,0,0,0,1.060083,-0.03795178,-2.664482,-0.002550632,0.002391689,1.089473,0.9558058,0.02377184,0.2930363,-0.05587316,0.993248,0.1016684,-0.2886409,-0.1135482,0.9506804,moving,-18.63362,-11.30571,-0.1341385,0.1257796,0.1727356722910359,-0.3209456671739417,21.746488687688192,0.5419734513340464,21.354814803252516
4341,05/15/2023 18:39:03.218286,4524,True,True,True,True,Eyes,1.372654,0.08002099,-3.689559,-0.3133618,-0.1841438,0.931609,0.0,0.0,0.0,0.0,0.0,0.0,0.0,-0.2404121,0.3790411,3.923012,1.377081,0.0833292,-3.699756,0.05570143,-0.1464765,0.01976323,0.987447,6.649429,343.2008,1.310251,0.34785,0.01996442,-0.9373372,0,0,0,1.061082,-0.03507638,-2.664353,-0.003085554,0.007815897,1.088975,0.9563081,0.02271239,0.2914771,-0.05534818,0.9930136,0.1042147,-0.2870738,-0.1157941,0.9508839,moving,-18.5912,-11.18108,-0.1623442,0.411222,0.1663947249609102,-0.3026596310488822,21.771637323738368,0.7859365521042188,21.38558710560045
4342,05/15/2023 18:39:03.234223,4525,True,True,True,True,Eyes,1.373206,0.08014107,-3.689513,-0.3127695,-0.1820997,0.9322098,0.0,0.0,0.0,0.0,0.0,0.0,0.0,-0.244455,0.3774337,3.923236,1.377304,0.0840044,-3.699997,0.05552553,-0.145982,0.01997682,0.9875258,6.632368,343.2599,1.340866,0.3479265,0.02000029,-0.937308,0,0,0,1.062187,-0.03189879,-2.664211,-0.003190726,0.009995013,1.088793,0.9565804,0.02324379,0.2905405,-0.05566671,0.9930357,0.1038333,-0.2861036,-0.1154983,0.9512124,moving,-18.54733,-11.05308,-0.1679057,0.5259548,0.1599043937452304,-0.2838764920646248,21.72273657942391,0.873662508734532,21.344094613239605
4343,05/15/2023 18:39:03.253798,4526,True,True,True,True,Eyes,1.373828,0.08025384,-3.68946,-0.3121971,-0.1801194,0.9327862,0.0,0.0,0.0,0.0,0.0,0.0,0.0,-0.2502348,0.3645069,3.923891,1.377316,0.08362198,-3.699786,0.05386085,-0.1453001,0.01966756,0.9877247,6.437238,343.3382,1.337834,0.3480081,0.02003554,-0.937277,0,0,0,1.063248,-0.02884481,-2.664074,-0.003694654,0.009669818,1.088062,0.9570021,0.02320029,0.2891517,-0.05450424,0.9934245,0.100684,-0.2849144,-0.1121148,0.9519738,moving,-18.50504,-10.9292,-0.1945544,0.5091853,0.1536107333721454,-0.2656994030319424,21.589593353721682,0.849508836380732,21.219083205685177
4344,05/15/2023 18:39:03.263454,4527,True,True,True,True,Eyes,1.374434,0.08038406,-3.689404,-0.3116046,-0.178161,0.9333602,0.0,0.0,0.0,0.0,0.0,0.0,0.0,-0.2533376,0.3747832,3.92315,1.37749,0.08353519,-3.700174,0.05514848,-0.1448939,0.01978836,0.987711,6.584934,343.3855,1.332961,0.3480959,0.02007004,-0.9372436,0,0,0,1.064259,-0.02593656,-2.663944,-0.003504068,0.01547591,1.087943,0.9572283,0.023109,0.2884092,-0.05507172,0.9931341,0.1032071,-0.2840441,-0.1146759,0.9519287,moving,-18.46171,-10.80669,-0.1845387,0.8149732,0.1474965342963325,-0.2477101595782123,21.659133091233773,1.113347798102038,21.293822740367986
4345,05/15/2023 18:39:03.283832,4528,True,True,True,True,Eyes,1.375034,0.08049931,-3.689354,-0.311009,-0.1761183,0.9339463,0.0,0.0,0.0,0.0,0.0,0.0,0.0,-0.2583399,0.3686897,3.923357,1.377704,0.08406639,-3.700036,0.05443628,-0.1443106,0.01971841,0.9878373,6.502092,343.4534,1.340626,0.3481888,0.02010432,-0.9372084,0,0,0,1.065333,-0.02284762,-2.663806,-0.003937781,0.01642697,1.087424,0.9575713,0.0232457,0.2872575,-0.05466863,0.9932957,0.1018572,-0.282964,-0.1132395,0.9524223,moving,-18.41803,-10.67911,-0.2074786,0.8654619,0.1410241438902998,-0.2289890552372135,21.56157050509799,1.1485978651898658,21.203838611473113
4346,05/15/2023 18:39:03.303543,4529,True,True,True,True,Eyes,1.375615,0.08059774,-3.689307,-0.3103606,-0.1741929,0.9345229,0.0,0.0,0.0,0.0,0.0,0.0,0.0,-0.2646872,0.3638584,3.923583,1.377922,0.08379078,-3.700171,0.05375969,-0.1435424,0.01973695,0.9879859,6.424495,343.5432,1.358897,0.3482862,0.02013801,-0.9371714,0,0,0,1.066369,-0.01986547,-2.663673,-0.004726291,0.01821448,1.087098,0.9580121,0.02356608,0.2857577,-0.05443326,0.9934407,0.1005614,-0.2815135,-0.1118938,0.9530109,moving,-18.37163,-10.55863,-0.2490987,0.9599085,0.135287272321434,-0.2112647897810007,21.473305984302044,1.2326392215137187,21.12221267355043
4347,05/15/2023 18:39:03.313727,4530,True,True,True,True,Eyes,1.376203,0.08069807,-3.689265,-0.3097723,-0.1722601,0.9350762,0.0,0.0,0.0,0.0,0.0,0.0,0.0,-0.2722772,0.3679273,3.922724,1.378018,0.08349133,-3.700185,0.05421972,-0.1425883,0.0198349,0.988097,6.477043,343.6546,1.368805,0.3483872,0.02017075,-0.9371331,0,0,0,1.067448,-0.0167614,-2.663534,-0.005736947,0.0226027,1.086557,0.9585503,0.02373542,0.2839329,-0.05465981,0.9933336,0.1014922,-0.2796311,-0.1128051,0.9534577,moving,-18.32902,-10.43802,-0.3025151,1.191703,0.1292644005824719,-0.1935549598663832,21.45239697484766,1.4509904039987387,21.1063535492824
4348,05/15/2023 18:39:03.333288,4531,True,True,True,True,Eyes,1.376779,0.08080556,-3.689223,-0.3091504,-0.1704005,0.9356226,0.0,0.0,0.0,0.0,0.0,0.0,0.0,-0.2777624,0.3746939,3.921978,1.378153,0.08361912,-3.700427,0.0550403,-0.1418827,0.02013423,0.988147,6.574165,343.7382,1.394293,0.3484915,0.02020267,-0.9370936,0,0,0,1.068452,-0.01387303,-2.663404,-0.006256282,0.02721635,1.086303,0.9589278,0.02417261,0.2826184,-0.05540968,0.9931303,0.1030624,-0.2781856,-0.1144892,0.9536797,moving,-18.2847,-10.32188,-0.3299766,1.435194,0.1237044163554895,-0.1764727386676261,21.461614138083455,1.6743046739255352,21.1203407201128
4349,05/15/2023 18:39:03.353960,4532,True,True,True,True,Eyes,1.377356,0.08092913,-3.689178,-0.3085536,-0.1683782,0.9361855,0.0,0.0,0.0,0.0,0.0,0.0,0.0,-0.2834967,0.3743825,3.92164,1.3784,0.08388615,-3.700375,0.05493622,-0.1411781,0.0205527,0.9882452,6.568099,343.8229,1.448392,0.3485985,0.02023404,-0.937053,0,0,0,1.069464,-0.01095967,-2.663274,-0.007009327,0.02973982,1.085855,0.9592927,0.02511061,0.2812953,-0.05613378,0.9931192,0.1027777,-0.276779,-0.1143841,0.9541016,moving,-18.2415,-10.19596,-0.3698463,1.568847,0.1173226780593814,-0.1579944508757782,21.39641768427539,1.794244969240874,21.06132126126361
4350,05/15/2023 18:39:03.373562,4533,True,True,True,True,Eyes,1.377921,0.08105069,-3.689139,-0.3078993,-0.1663432,0.9367646,0.0,0.0,0.0,0.0,0.0,0.0,0.0,-0.2921999,0.3686287,3.921607,1.378621,0.08434868,-3.700346,0.05416987,-0.1401115,0.02086254,0.9884328,6.484402,343.9492,1.503075,0.3487081,0.02026533,-0.9370116,0,0,0,1.070516,-0.007935767,-2.663139,-0.008513838,0.0307287,1.085461,0.9598671,0.0260628,0.2792417,-0.05642209,0.9932608,0.1012404,-0.2747213,-0.1129327,0.9548688,moving,-18.19485,-10.06917,-0.4493914,1.621573,0.1111264861496487,-0.1393609510384843,21.25028877018764,1.8479904438642742,20.92196722157918
4351,05/15/2023 18:39:03.383050,4534,True,True,True,True,Eyes,1.377921,0.08105069,-3.689139,-0.3078993,-0.1663432,0.9367646,0.0,0.0,0.0,0.0,0.0,0.0,0.0,-0.3011628,0.3596858,3.92193,1.378852,0.08438969,-3.700439,0.05296613,-0.139021,0.02101596,0.9886487,6.348352,344.0772,1.546802,0.3488196,0.0202965,-0.9369694,0,0,0,1.071616,-0.004768213,-2.662997,-0.009991795,0.03130204,1.08515,0.9604629,0.02682799,0.2771122,-0.05628163,0.9935058,0.09888646,-0.2726597,-0.1105731,0.9557354,moving,-18.19485,-10.06917,-0.5275506,1.652286,0.1111264861496487,-0.1393609510384843,21.2020281777281,1.9020797085133165,20.872895681414693
4352,05/15/2023 18:39:03.403558,4535,True,True,True,True,Eyes,1.377921,0.08105069,-3.689139,-0.3078993,-0.1663432,0.9367646,0.0,0.0,0.0,0.0,0.0,0.0,0.0,-0.3107696,0.3479108,3.922384,1.379188,0.08453274,-3.70046,0.05141922,-0.1378733,0.0211118,0.988889,6.17222,344.2114,1.589391,0.34892,0.02032454,-0.9369314,0,0,0,1.07261,-0.001907805,-2.662869,-0.01184645,0.03072031,1.084884,0.9610905,0.02757577,0.2748539,-0.05593313,0.9938207,0.0958743,-0.2705117,-0.1075173,0.9566939,moving,-18.19485,-10.06917,-0.6256196,1.621993,0.1111264861496487,-0.1393609510384843,21.103581429246866,1.9092308755872625,20.77412277963295
4353,05/15/2023 18:39:03.413272,4536,True,True,True,True,Eyes,1.378451,0.0812007,-3.689124,-0.3069925,-0.1637204,0.937524,0.0,0.0,0.0,0.0,0.0,0.0,0.0,-0.3244896,0.339495,3.922081,1.379512,0.08440685,-3.700418,0.05023265,-0.1361957,0.02137086,0.9891768,6.038642,344.4079,1.64781,0.3490103,0.02034978,-0.9368973,0,0,0,1.073669,0.001136627,-2.662733,-0.01477313,0.03142414,1.084462,0.9619881,0.02859618,0.2715902,-0.05596206,0.9940399,0.09355669,-0.2672962,-0.1051992,0.9578549,moving,-18.13105,-9.905707,-0.7804663,1.65978,0.1034045553173634,-0.1153059002604213,20.851936223714922,1.9829668787407413,20.531092686076292
4354,05/15/2023 18:39:03.433494,4537,True,True,True,True,Eyes,1.378975,0.081364,-3.689118,-0.3060155,-0.1610015,0.938314,0.0,0.0,0.0,0.0,0.0,0.0,0.0,-0.3367932,0.3375917,3.921413,1.379675,0.08515072,-3.700558,0.05011125,-0.134674,0.02115624,0.989396,6.018991,344.5833,1.634507,0.3491035,0.02037621,-0.936862,0,0,0,1.074741,0.004221218,-2.662595,-0.01708561,0.0334397,1.0842,0.9628307,0.02836643,0.2686121,-0.05536116,0.9940826,0.09346134,-0.2643715,-0.1048581,0.9587035,moving,-18.06288,-9.73634,-0.9028341,1.766599,0.0955542375752325,-0.0903639699501377,20.658770072969684,2.1083383846935653,20.34627757986772
4355,05/15/2023 18:39:03.453743,4538,True,True,True,True,Eyes,1.379432,0.08152046,-3.68913,-0.3050412,-0.1579044,0.9391571,0.0,0.0,0.0,0.0,0.0,0.0,0.0,-0.3494174,0.3175159,3.922253,1.379993,0.08559418,-3.700712,0.04763153,-0.133174,0.02074504,0.9897301,5.728236,344.7549,1.634287,0.3491991,0.02040406,-0.9368258,0,0,0,1.075796,0.007257774,-2.662459,-0.01961988,0.03059233,1.084122,0.9636686,0.02837741,0.2655888,-0.05375054,0.9946017,0.08875931,-0.2616364,-0.09981012,0.9599919,moving,-17.99396,-9.544109,-1.036796,1.616374,0.0860282361706837,-0.0621288321005613,20.3002904342816,2.0194321040089176,19.99978838042603
4356,05/15/2023 18:39:03.467113,4539,True,True,True,True,Eyes,1.379881,0.08167143,-3.689151,-0.3040072,-0.1547945,0.9400097,0.0,0.0,0.0,0.0,0.0,0.0,0.0,-0.3625084,0.3037059,3.922272,1.380115,0.08555984,-3.700788,0.04592237,-0.1315801,0.02026702,0.990034,5.52401,344.9369,1.614578,0.3492951,0.02043299,-0.9367893,0,0,0,1.0768,0.01014677,-2.662329,-0.02218634,0.0296929,1.083838,0.9645518,0.02804513,0.262399,-0.05221502,0.9949608,0.08559592,-0.2586762,-0.09626287,0.9611557,moving,-17.92165,-9.351164,-1.17269,1.569286,0.0766952151787194,-0.0337614312552712,19.994596502157776,2.032418382804411,19.7049092627632
4357,05/15/2023 18:39:03.483439,4540,True,True,True,True,Eyes,1.380273,0.08182274,-3.689181,-0.3030108,-0.1514713,0.9408724,0.0,0.0,0.0,0.0,0.0,0.0,0.0,-0.3733357,0.2907599,3.922514,1.380336,0.08553886,-3.701,0.04419039,-0.1302591,0.02038979,0.9902849,5.32667,345.0903,1.661594,0.3493914,0.02046277,-0.9367527,0,0,0,1.077853,0.01317677,-2.662194,-0.02418518,0.02907781,1.083705,0.9652337,0.02887101,0.2597892,-0.05189581,0.995263,0.08221024,-0.2561851,-0.09283405,0.9621596,moving,-17.85131,-9.145589,-1.278464,1.536982,0.0662628178789845,-0.0035957107782551,19.717417369162654,2.044913176071226,19.43899449950305
4358,05/15/2023 18:39:03.493385,4541,True,True,True,True,Eyes,1.380656,0.08199076,-3.689228,-0.3019553,-0.1482003,0.9417323,0.0,0.0,0.0,0.0,0.0,0.0,0.0,-0.3846884,0.2790633,3.922264,1.380574,0.08566093,-3.700905,0.04257914,-0.1288747,0.02077984,0.9905285,5.146791,345.2522,1.737102,0.3494865,0.02049333,-0.9367166,0,0,0,1.07892,0.01624718,-2.662056,-0.02640375,0.0286897,1.083281,0.965919,0.03019129,0.2570777,-0.05214078,0.9955104,0.07899569,-0.2535385,-0.08970767,0.9631566,moving,-17.77783,-8.943282,-1.396244,1.517072,0.0563065397603839,0.0261276835177655,19.436444265366855,2.0815422228263496,19.168765529828587
4359,05/15/2023 18:39:03.513433,4542,True,True,True,True,Eyes,1.380951,0.08214574,-3.689308,-0.3009627,-0.1448102,0.942577,0.0,0.0,0.0,0.0,0.0,0.0,0.0,-0.3950644,0.2710868,3.922242,1.380729,0.08620739,-3.701312,0.04157653,-0.1275885,0.02084853,0.9907361,5.031466,345.4011,1.766145,0.3495802,0.020525,-0.9366809,0,0,0,1.079944,0.01919176,-2.661925,-0.02821475,0.02898895,1.083351,0.966573,0.0307014,0.2545467,-0.05192016,0.9956734,0.07706268,-0.2510794,-0.08770282,0.9639851,moving,-17.70817,-8.73419,-1.491871,1.532788,0.045558429289598,0.0567930226274968,19.19320688446527,2.1312555978283307,18.93608374483334
4360,05/15/2023 18:39:03.553102,4543,True,True,True,True,Eyes,1.381253,0.08229462,-3.689394,-0.2999279,-0.1414801,0.9434122,0.0,0.0,0.0,0.0,0.0,0.0,0.0,-0.4003348,0.2600178,3.922861,1.380962,0.08604145,-3.701655,0.0400329,-0.1269587,0.02114677,0.9908742,4.859042,345.4746,1.825581,0.3496704,0.02055733,-0.9366465,0,0,0,1.081021,0.02229024,-2.661786,-0.02863461,0.02904399,1.083372,0.9668686,0.03174252,0.2532933,-0.05207262,0.9959003,0.07396561,-0.2499071,-0.08470467,0.9645577,moving,-17.63641,-8.528884,-1.514033,1.535668,0.035249859352388,0.086932485024423,19.005952938246296,2.1211110227035883,18.7596590769602
4361,05/15/2023 18:39:03.563550,4544,True,True,True,True,Eyes,1.381491,0.08246429,-3.689506,-0.2989292,-0.1381683,0.9442197,0.0,0.0,0.0,0.0,0.0,0.0,0.0,-0.4092855,0.2529892,3.922769,1.381407,0.08602619,-3.701885,0.03911786,-0.1258945,0.02106501,0.9910483,4.751788,345.5969,1.83455,0.3497575,0.02059012,-0.9366133,0,0,0,1.08219,0.0256542,-2.661635,-0.03009975,0.03044375,1.083265,0.9674137,0.03190343,0.2511831,-0.05160234,0.9960521,0.07223143,-0.2478871,-0.08283931,0.9652407,moving,-17.56719,-8.325047,-1.591619,1.6098,0.0248673829620268,0.1168385833213485,18.812763053029983,2.200445867998752,18.575846793765905
4362,05/15/2023 18:39:03.573195,4545,True,True,True,True,Eyes,1.381727,0.08263149,-3.689626,-0.297874,-0.1349048,0.9450248,0.0,0.0,0.0,0.0,0.0,0.0,0.0,-0.4199976,0.2475593,3.922389,1.38159,0.08659554,-3.702232,0.03851902,-0.1245725,0.02083491,0.9912437,4.677917,345.7485,1.823121,0.3498402,0.02062383,-0.9365816,0,0,0,1.083138,0.02838302,-2.661513,-0.03208479,0.03127234,1.083305,0.9680952,0.03170813,0.2485686,-0.05090178,0.9961644,0.07117254,-0.2453584,-0.08155438,0.9659959,moving,-17.49497,-8.124234,-1.696462,1.653528,0.0149323587572656,0.1463362064021034,18.579490971356236,2.28045998734357,18.35179389526275
4363,05/15/2023 18:39:03.583608,4546,True,True,True,True,Eyes,1.381878,0.08279742,-3.689776,-0.2968333,-0.1316754,0.9458073,0.0,0.0,0.0,0.0,0.0,0.0,0.0,-0.4304816,0.2390029,3.922108,1.381758,0.08679295,-3.70251,0.03742221,-0.1232817,0.0207919,0.9914479,4.550106,345.897,1.839648,0.3499189,0.0206583,-0.9365515,0,0,0,1.084859,0.03333443,-2.661292,-0.03317657,0.0336423,1.08301,0.9687387,0.03200123,0.246011,-0.05045512,0.9963345,0.06907782,-0.2428987,-0.07933086,0.9668024,moving,-17.42401,-7.925779,-1.754632,1.779248,0.0050839754416364,0.175483860047412,18.431412207902383,2.380894733251005,18.212012717390675
4364,05/15/2023 18:39:03.593402,4547,True,True,True,True,Eyes,1.382028,0.08293683,-3.689939,-0.2957587,-0.1285095,0.9465792,0.0,0.0,0.0,0.0,0.0,0.0,0.0,-0.4390212,0.232099,3.921955,1.381886,0.08694744,-3.70286,0.03654582,-0.1222259,0.0207123,0.991613,4.447281,346.0181,1.847568,0.3499919,0.02069343,-0.9365234,0,0,0,1.085546,0.03530976,-2.661203,-0.03481451,0.0335884,1.08314,0.9692636,0.03214348,0.2439156,-0.05001087,0.9964708,0.06741545,-0.2408878,-0.07754177,0.9674504,moving,-17.35142,-7.731322,-1.840979,1.776186,-0.0043430702983638,0.2040710548430993,18.192484392862482,2.417597348413643,17.982249324711265
4365,05/15/2023 18:39:03.613261,4548,True,True,True,True,Eyes,1.382116,0.08306029,-3.690133,-0.2948144,-0.1255244,0.947274,0.0,0.0,0.0,0.0,0.0,0.0,0.0,-0.4467716,0.2267211,3.92185,1.382001,0.08643055,-3.703313,0.03570752,-0.1212542,0.02094021,0.9917581,4.3532,346.1308,1.889441,0.3500594,0.02072848,-0.9364974,0,0,0,1.08623,0.03727873,-2.661115,-0.03621218,0.03438529,1.083319,0.9697179,0.03287587,0.2420051,-0.05019462,0.996573,0.06574826,-0.2390142,-0.07590462,0.9680448,moving,-17.2874,-7.548356,-1.914517,1.817997,-0.0135249453717355,0.2309315443894175,18.001502722059012,2.4763981004984266,17.799220425602496
4366,05/15/2023 18:39:03.633513,4549,True,True,True,True,Eyes,1.382206,0.08319335,-3.690332,-0.2938536,-0.1226964,0.9479429,0.0,0.0,0.0,0.0,0.0,0.0,0.0,-0.4516593,0.2328107,3.921494,1.382142,0.08621216,-3.703858,0.03635859,-0.1206141,0.02135459,0.9918036,4.431805,346.2072,1.93061,0.3501205,0.02076304,-0.9364738,0,0,0,1.087276,0.04028659,-2.66098,-0.03643107,0.03915641,1.083416,0.9699925,0.03358839,0.2408038,-0.05112983,0.996444,0.06696983,-0.2376981,-0.07727248,0.9682606,moving,-17.22296,-7.375042,-1.925909,2.069861,-0.0219457594821009,0.2564082494162618,17.977929857912173,2.629389073500372,17.781131351985827
4367,05/15/2023 18:39:03.653188,4550,True,True,True,True,Eyes,1.38225,0.08335755,-3.690551,-0.2929855,-0.1199828,0.9485587,0.0,0.0,0.0,0.0,0.0,0.0,0.0,-0.4566526,0.236591,3.921054,1.382236,0.08657932,-3.704201,0.03683327,-0.1199713,0.02157637,0.9918594,4.487634,346.283,1.952332,0.3501759,0.0207974,-0.9364524,0,0,0,1.088324,0.04330162,-2.660846,-0.03668141,0.0428899,1.083356,0.9702828,0.03396359,0.2395786,-0.05163933,0.9963555,0.06788974,-0.2363997,-0.07824393,0.9685004,moving,-17.16458,-7.209034,-1.939241,2.267148,-0.0302552276181106,0.2807817705132949,17.933459592673273,2.7549732261497044,17.742191921967805
4368,05/15/2023 18:39:03.663691,4551,True,True,True,True,Eyes,1.382304,0.08354845,-3.690772,-0.292138,-0.1170912,0.9491813,0.0,0.0,0.0,0.0,0.0,0.0,0.0,-0.4619064,0.2383593,3.920763,1.382281,0.08751106,-3.704618,0.03706883,-0.1192887,0.02200081,0.9919235,4.518891,346.364,2.000658,0.3502248,0.02083237,-0.9364333,0,0,0,1.089375,0.04632577,-2.66071,-0.03697562,0.04563144,1.083413,0.9705724,0.03480246,0.2382815,-0.05249003,0.9962837,0.06828998,-0.2350194,-0.07878778,0.9687923,moving,-17.10726,-7.03249,-1.95468,2.411772,-0.0394392914711863,0.3066605560171653,17.85482470877393,2.845986852252387,17.669933303344948
4369,05/15/2023 18:39:03.683282,4552,True,True,True,True,Eyes,1.382269,0.08369578,-3.691017,-0.2912274,-0.1140563,0.9498304,0.0,0.0,0.0,0.0,0.0,0.0,0.0,-0.4651344,0.2098241,3.922391,1.382573,0.08827877,-3.704892,0.03341062,-0.1189791,0.02214196,0.9920874,4.103672,346.3967,2.067432,0.3502682,0.02086857,-0.9364163,0,0,0,1.090466,0.04946702,-2.660569,-0.036861,0.04019619,1.083729,0.9707074,0.03598319,0.2375548,-0.05188384,0.996787,0.06102365,-0.2345956,-0.07156137,0.9694554,moving,-17.04606,-6.847331,-1.948057,2.124163,-0.0489926133077357,0.333811639354763,17.562385919346067,2.60994320615739,17.388975175505177
4370,05/15/2023 18:39:03.703391,4553,True,True,True,True,Eyes,1.382233,0.08383717,-3.691273,-0.2903405,-0.1112732,0.9504318,0.0,0.0,0.0,0.0,0.0,0.0,0.0,-0.4753993,0.1893764,3.922465,1.38266,0.08738518,-3.70516,0.03042242,-0.1177236,0.02291864,0.9923157,3.771263,346.5411,2.201005,0.3503044,0.02090476,-0.936402,0,0,0,1.091571,0.05264472,-2.660427,-0.03850061,0.03812658,1.08373,0.9712318,0.03832216,0.2350326,-0.05264792,0.9970984,0.05498115,-0.2322437,-0.06577342,0.9704312,moving,-16.98701,-6.677591,-2.034636,2.014886,-0.0575356966818166,0.3587274832411233,17.295451559048843,2.5791057834090125,17.130164525419755
4371,05/15/2023 18:39:03.713261,4554,True,True,True,True,Eyes,1.382127,0.08400396,-3.691549,-0.2895319,-0.1083808,0.9510125,0.0,0.0,0.0,0.0,0.0,0.0,0.0,-0.4753143,0.2024237,3.922312,1.382594,0.08740997,-3.705702,0.03208081,-0.1176726,0.02307956,0.9922658,3.962127,346.5498,2.19747,0.350334,0.02094079,-0.9363901,0,0,0,1.092561,0.05549458,-2.6603,-0.03723639,0.04453539,1.083803,0.9712409,0.03825204,0.2350059,-0.05335217,0.9968763,0.05823372,-0.2320442,-0.06909704,0.9702479,moving,-16.93266,-6.501584,-1.967746,2.353061,-0.0668955325077966,0.3845031197322879,17.38831185317945,2.736503723317298,17.227302063513648
4372,05/15/2023 18:39:03.733866,4555,True,True,True,True,Eyes,1.382018,0.08413485,-3.691821,-0.2887746,-0.1055176,0.9515646,0.0,0.0,0.0,0.0,0.0,0.0,0.0,-0.4751796,0.1809511,3.92368,1.382537,0.08819103,-3.706025,0.02949406,-0.1177391,0.02263691,0.9923484,3.661816,346.537,2.181197,0.3503559,0.02097734,-0.9363811,0,0,0,1.093583,0.05843413,-2.660168,-0.03598785,0.04096008,1.084077,0.9712502,0.03798218,0.2350118,-0.05187261,0.9972354,0.05320626,-0.2323411,-0.06386726,0.9705352,moving,-16.88165,-6.327597,-1.901337,2.163799,-0.076345868193525,0.4099591953939772,17.219569785763667,2.5311157009099308,17.068236603832325
4373,05/15/2023 18:39:03.753197,4556,True,True,True,True,Eyes,1.381928,0.08428779,-3.692108,-0.2881991,-0.102815,0.9520348,0.0,0.0,0.0,0.0,0.0,0.0,0.0,-0.4732209,0.1734678,3.924347,1.382337,0.08744144,-3.706216,0.02836413,-0.1179716,0.02289269,0.9923478,3.537141,346.5096,2.224588,0.3503709,0.02101342,-0.9363747,0,0,0,1.094651,0.06150763,-2.660031,-0.03407109,0.04237478,1.083965,0.9711173,0.0387427,0.2354364,-0.05212734,0.9973428,0.0508928,-0.232839,-0.06169554,0.9705564,moving,-16.84207,-6.163766,-1.800323,2.238689,-0.0858604617136881,0.4338554742843115,17.229492239733418,2.489338436359039,17.084526121409034
4374,05/15/2023 18:39:03.763711,4557,True,True,True,True,Eyes,1.381854,0.08444877,-3.692395,-0.2876952,-0.1001173,0.9524747,0.0,0.0,0.0,0.0,0.0,0.0,0.0,-0.4648674,0.1763552,3.925928,1.38232,0.08812714,-3.706957,0.02889695,-0.1189998,0.02265928,0.992215,3.596921,346.3907,2.187137,0.3503801,0.02104965,-0.9363706,0,0,0,1.095719,0.06457865,-2.659893,-0.03045502,0.04577026,1.084443,0.9706513,0.03808829,0.2374563,-0.05184322,0.9973031,0.05195108,-0.2348372,-0.06273688,0.9700081,moving,-16.80696,-6.000486,-1.608647,2.416805,-0.0956590665816191,0.457633482413551,17.373528882315476,2.475375834492939,17.23412708098088
4375,05/15/2023 18:39:03.783589,4558,True,True,True,True,Eyes,1.381786,0.0845877,-3.692677,-0.2871918,-0.09738861,0.9529094,0.0,0.0,0.0,0.0,0.0,0.0,0.0,-0.4605317,0.1660197,3.927278,1.382629,0.08845901,-3.707246,0.02755548,-0.1196029,0.02284961,0.9921763,3.448167,346.3198,2.224812,0.3503842,0.02108621,-0.9363682,0,0,0,1.096764,0.06758711,-2.659759,-0.02827278,0.04557792,1.08467,0.9703461,0.03875027,0.2385935,-0.05193312,0.9974372,0.04921402,-0.2360749,-0.06014554,0.9698718,moving,-16.77197,-5.835444,-1.493122,2.406158,-0.105599762409584,0.4816637256709324,17.359930867762923,2.372529488064011,17.227560203416243
4376,05/15/2023 18:39:03.803824,4559,True,True,True,True,Eyes,1.381719,0.0847461,-3.692953,-0.2866948,-0.0948057,0.9533194,0.0,0.0,0.0,0.0,0.0,0.0,0.0,-0.4622852,0.1520683,3.927823,1.382837,0.08804989,-3.707376,0.02577587,-0.1194442,0.02246645,0.9922521,3.240043,346.3343,2.205787,0.350384,0.0211225,-0.9363675,0,0,0,1.097804,0.07057795,-2.659625,-0.02771395,0.04500444,1.084684,0.9704567,0.03842721,0.2381958,-0.05074233,0.9976618,0.04578533,-0.2358794,-0.05651928,0.9701374,moving,-16.73778,-5.679276,-1.463604,2.375888,-0.1149271722513646,0.5044113580940304,17.268066468075457,2.306806018482215,17.141991597432785
4377,05/15/2023 18:39:03.813498,4560,True,True,True,True,Eyes,1.381659,0.084905,-3.693231,-0.2861707,-0.09207851,0.9537441,0.0,0.0,0.0,0.0,0.0,0.0,0.0,-0.4632472,0.1549138,3.92772,1.382816,0.08868122,-3.707497,0.02631812,-0.1193143,0.02208254,0.9922621,3.296237,346.3488,2.155132,0.3503801,0.02115904,-0.9363681,0,0,0,1.098843,0.07356746,-2.659491,-0.02681127,0.04836401,1.084495,0.970553,0.03754307,0.2379444,-0.05010358,0.9976394,0.04695941,-0.2356198,-0.05749846,0.9701428,moving,-16.70186,-5.514487,-1.416198,2.553464,-0.1247809558894893,0.5284133608744677,17.284192087472444,2.401788515428004,17.16257252979478
4378,05/15/2023 18:39:03.833567,4561,True,True,True,True,Eyes,1.381604,0.08504556,-3.693503,-0.2855973,-0.08939353,0.9541714,0.0,0.0,0.0,0.0,0.0,0.0,0.0,-0.4674544,0.1312617,3.928472,1.383184,0.0888195,-3.707769,0.02331623,-0.1188857,0.02180841,0.9923947,2.949928,346.3932,2.165795,0.3503729,0.02119583,-0.93637,0,0,0,1.099884,0.07656357,-2.659357,-0.02703232,0.04468456,1.084827,0.9707812,0.03774117,0.2369799,-0.04882903,0.9979615,0.04109238,-0.234946,-0.05146321,0.9706451,moving,-16.6632,-5.352252,-1.427432,2.358708,-0.1342418017859502,0.5520721776958255,17.075934254717193,2.221772689360812,16.962064656910545
4379,05/15/2023 18:39:03.853287,4562,True,True,True,True,Eyes,1.381574,0.08518946,-3.693774,-0.2850268,-0.08674609,0.9545862,0.0,0.0,0.0,0.0,0.0,0.0,0.0,-0.4748363,0.1252236,3.92792,1.383218,0.08850765,-3.707909,0.02252415,-0.11797,0.02160534,0.9925266,2.855038,346.4972,2.155981,0.3503628,0.02123238,-0.9363729,0,0,0,1.100942,0.07960743,-2.65922,-0.02789065,0.04626521,1.084706,0.9712325,0.03757339,0.2351501,-0.0482021,0.9980518,0.03961406,-0.2332036,-0.04980919,0.9711515,moving,-16.62493,-5.192377,-1.472901,2.442317,-0.1435524620806384,0.5753883409666503,16.966806867836887,2.29185299554496,16.857504721198048
4380,05/15/2023 18:39:03.863412,4563,True,True,True,True,Eyes,1.381551,0.0853363,-3.694047,-0.2844292,-0.08413263,0.9549983,0.0,0.0,0.0,0.0,0.0,0.0,0.0,-0.4797646,0.1174481,3.927959,1.38331,0.08870506,-3.70829,0.02169138,-0.1173725,0.02092975,0.9926305,2.749889,346.5631,2.091824,0.3503509,0.02126878,-0.9363766,0,0,0,1.101984,0.08260413,-2.659086,-0.02811819,0.04705878,1.084898,0.9715713,0.03645907,0.233923,-0.04664296,0.9981828,0.03814989,-0.232107,-0.0479762,0.9715064,moving,-16.58522,-5.034597,-1.48465,2.483718,-0.1525996471655192,0.5984159372092673,16.868677327049827,2.3084024801687977,16.76435225209074
4381,05/15/2023 18:39:03.884194,4564,True,True,True,True,Eyes,1.381537,0.08544015,-3.694319,-0.2837781,-0.0815578,0.9554152,0.0,0.0,0.0,0.0,0.0,0.0,0.0,-0.485185,0.1100933,3.927867,1.383465,0.08891201,-3.708609,0.02088557,-0.1167193,0.02037177,0.9927365,2.649343,346.6359,2.040743,0.3503373,0.02130513,-0.9363809,0,0,0,1.103029,0.08561195,-2.658952,-0.02853614,0.04795156,1.085045,0.9719233,0.0355721,0.2325939,-0.04532309,0.9982976,0.03671217,-0.2308919,-0.04622328,0.9718808,moving,-16.54251,-4.879152,-1.506504,2.530436,-0.1612515231504216,0.6211341005663893,16.762561581148034,2.335623678945459,16.662934193269326
4382,05/15/2023 18:39:03.903734,4565,True,True,True,True,Eyes,1.381534,0.08553901,-3.694604,-0.2830833,-0.07929286,0.955812,0.0,0.0,0.0,0.0,0.0,0.0,0.0,-0.49295,0.103833,3.927341,1.383625,0.08797169,-3.70886,0.01992793,-0.1157641,0.02038951,0.9928676,2.538594,346.7448,2.057907,0.3503225,0.02134033,-0.9363856,0,0,0,1.104068,0.08860169,-2.658818,-0.02957451,0.04983174,1.085072,0.9723659,0.03587428,0.2306896,-0.04510204,0.9983743,0.03485084,-0.2290643,-0.04429234,0.9724032,moving,-16.49773,-4.742321,-1.561256,2.62945,-0.1683438708877521,0.6411946305705056,16.656568170818293,2.4276250973931766,16.560310005319284
4383,05/15/2023 18:39:03.923285,4566,True,True,True,True,Eyes,1.381559,0.08568873,-3.694885,-0.2823518,-0.0770674,0.9562103,0.0,0.0,0.0,0.0,0.0,0.0,0.0,-0.4987756,0.1245499,3.926664,1.38385,0.0879879,-3.709474,0.02252899,-0.1149834,0.02071223,0.9928959,2.837358,346.8395,2.062714,0.3503067,0.02137438,-0.9363907,0,0,0,1.105113,0.09160893,-2.658683,-0.03008556,0.05852671,1.085144,0.9726996,0.03594925,0.2292663,-0.04631109,0.9981269,0.03997475,-0.2273998,-0.049501,0.9725426,moving,-16.45093,-4.607891,-1.588116,3.087228,-0.1751073232922581,0.6609276755972956,16.736728964249764,2.8077618817570755,16.64024112204096
4384,05/15/2023 18:39:03.933175,4567,True,True,True,True,Eyes,1.381591,0.08584864,-3.695152,-0.281563,-0.07467797,0.9566323,0.0,0.0,0.0,0.0,0.0,0.0,0.0,-0.5061298,0.1212206,3.926216,1.384103,0.08935261,-3.709759,0.02232073,-0.1140892,0.02045215,0.9930093,2.808394,346.9417,2.038323,0.3502907,0.02140866,-0.9363959,0,0,0,1.106215,0.09478009,-2.658541,-0.03107855,0.0598143,1.085249,0.9731307,0.03552523,0.2274963,-0.04571145,0.998167,0.03966263,-0.2256703,-0.0489961,0.9729708,moving,-16.4006,-4.463652,-1.640345,3.154707,-0.1823558979208915,0.6821015946668469,16.610373912645855,2.87045461769807,16.517673559377112
4385,05/15/2023 18:39:03.951785,4568,True,True,True,True,Eyes,1.381606,0.08599249,-3.695422,-0.2806713,-0.07208592,0.9570931,0.0,0.0,0.0,0.0,0.0,0.0,0.0,-0.5164089,0.09594515,3.925594,1.384278,0.08970356,-3.709704,0.01925715,-0.1128796,0.01965435,0.9932277,2.446736,347.0749,1.990091,0.3502747,0.02144342,-0.9364011,0,0,0,1.107225,0.09768368,-2.658412,-0.0329749,0.05553998,1.085294,0.9737439,0.034695,0.2249871,-0.04338996,0.9984857,0.03381632,-0.2234733,-0.04269061,0.9737748,moving,-16.34398,-4.307246,-1.740303,2.929558,-0.1900669367767468,0.705079466491834,16.29842673557006,2.7113717188457525,16.212504495673837
4386,05/15/2023 18:39:03.963850,4569,True,True,True,True,Eyes,1.381631,0.08609684,-3.695694,-0.2797248,-0.06955246,0.9575576,0.0,0.0,0.0,0.0,0.0,0.0,0.0,-0.5261828,0.07636648,3.924991,1.384353,0.08942795,-3.709963,0.01683236,-0.1116929,0.0189416,0.9934198,2.1591,347.2067,1.942577,0.3502584,0.02147821,-0.9364064,0,0,0,1.108267,0.1006817,-2.658277,-0.03456131,0.05338861,1.085518,0.9743319,0.03387381,0.2225534,-0.04139403,0.9987158,0.02921192,-0.2212781,-0.03767449,0.9744828,moving,-16.28431,-4.154399,-1.823597,2.815686,-0.1972863916880913,0.7275723949286461,16.052859725780763,2.6467158182154606,15.972436094750652
4387,05/15/2023 18:39:03.983586,4570,True,True,True,True,Eyes,1.381655,0.08621471,-3.695975,-0.2787029,-0.06700542,0.958037,0.0,0.0,0.0,0.0,0.0,0.0,0.0,-0.5356125,0.07327088,3.924128,1.384602,0.08857536,-3.710265,0.01626943,-0.1105276,0.01905802,0.9935572,2.094174,347.3405,1.965455,0.350242,0.02151201,-0.9364118,0,0,0,1.109342,0.103777,-2.658139,-0.03608134,0.0561787,1.085592,0.9748409,0.03427403,0.220251,-0.04146691,0.9987442,0.02811635,-0.2190107,-0.0365421,0.9750379,moving,-16.22026,-4.00077,-1.903614,2.962379,-0.204245875119196,0.7502160133440643,15.920169492989608,2.7895370768984966,15.842680866113868
4388,05/15/2023 18:39:04.003771,4571,True,True,True,True,Eyes,1.381682,0.08635473,-3.696253,-0.2776399,-0.06440197,0.9585241,0.0,0.0,0.0,0.0,0.0,0.0,0.0,-0.5450593,0.08738055,3.923062,1.384872,0.08904743,-3.710707,0.01809138,-0.1093191,0.01927691,0.9936552,2.302068,347.4831,1.970302,0.3502254,0.02154527,-0.9364172,0,0,0,1.11039,0.1067901,-2.658004,-0.03767395,0.06273095,1.085579,0.9753555,0.03435372,0.2179484,-0.04226466,0.9986022,0.03173852,-0.2165534,-0.04016785,0.9754441,moving,-16.15385,-3.843851,-1.987596,3.307199,-0.2112823800954278,0.7733531877449973,15.868845846343582,3.0944570891419225,15.792365495198112
4389,05/15/2023 18:39:04.013777,4572,True,True,True,True,Eyes,1.381741,0.08647563,-3.696522,-0.276567,-0.06166177,0.9590143,0.0,0.0,0.0,0.0,0.0,0.0,0.0,-0.5540301,0.07095394,3.922376,1.384971,0.08968639,-3.710906,0.01623424,-0.1082303,0.01842578,0.9938225,2.077792,347.604,1.898649,0.3502088,0.02157861,-0.9364226,0,0,0,1.111438,0.1098071,-2.657869,-0.03910914,0.06085519,1.085763,0.9758933,0.03310983,0.2157217,-0.04013798,0.9987938,0.02827945,-0.2145252,-0.03625636,0.9760454,moving,-16.08686,-3.678884,-2.062901,3.207976,-0.2188856904018802,0.7976523144877612,15.623708480808295,3.034806868809538,15.552656589009345
4390,05/15/2023 18:39:04.033505,4573,True,True,True,True,Eyes,1.381805,0.0866112,-3.696794,-0.275468,-0.05897642,0.9594995,0.0,0.0,0.0,0.0,0.0,0.0,0.0,-0.5624982,0.06579044,3.921512,1.385146,0.08930874,-3.711116,0.01555039,-0.1071845,0.01821237,0.9939508,1.99526,347.7232,1.884844,0.3501929,0.02161151,-0.9364278,0,0,0,1.11254,0.1129778,-2.657727,-0.04033789,0.06287017,1.085782,0.9763596,0.03287087,0.2136386,-0.03953792,0.998853,0.02700848,-0.2125059,-0.03481682,0.9765393,moving,-16.01854,-3.517307,-2.127617,3.313903,-0.2261355359665976,0.8214757592729915,15.479766531056889,3.1349362526821274,15.412005459018934
4391,05/15/2023 18:39:04.053337,4574,True,True,True,True,Eyes,1.381882,0.08675785,-3.697058,-0.2743959,-0.05615526,0.9599758,0.0,0.0,0.0,0.0,0.0,0.0,0.0,-0.5695163,0.05969537,3.92099,1.385287,0.08978653,-3.711468,0.01497657,-0.1063166,0.01753971,0.9940649,1.920048,347.8211,1.816838,0.3501776,0.02164441,-0.9364327,0,0,0,1.113591,0.1160017,-2.657592,-0.04124334,0.06397655,1.085987,0.9767783,0.03168669,0.2118964,-0.03805573,0.9989361,0.02604583,-0.2108457,-0.03350487,0.9769449,moving,-15.95186,-3.347789,-2.174921,3.371455,-0.2341058515203281,0.8464263736401713,15.328153448516131,3.1847343695361428,15.264287447413873
4392,05/15/2023 18:39:04.063558,4575,True,True,True,True,Eyes,1.381964,0.08690151,-3.697321,-0.2732973,-0.05328956,0.9604524,0.0,0.0,0.0,0.0,0.0,0.0,0.0,-0.5770371,0.04569773,3.920267,1.385471,0.09015369,-3.711589,0.0133081,-0.1054132,0.01706876,0.994193,1.722581,347.922,1.784918,0.3501635,0.02167757,-0.9364372,0,0,0,1.114605,0.1189196,-2.657461,-0.04236612,0.06279199,1.086115,0.9771935,0.03113359,0.2100564,-0.03674499,0.9990631,0.02286309,-0.2091478,-0.03006019,0.9774219,moving,-15.88373,-3.175732,-2.233806,3.308781,-0.2421626614035151,0.87175463632839,15.11189379439073,3.1473386670973658,15.052912873922876
4393,05/15/2023 18:39:04.083778,4576,True,True,True,True,Eyes,1.382059,0.08702797,-3.697584,-0.2722698,-0.05033442,0.9609035,0.0,0.0,0.0,0.0,0.0,0.0,0.0,-0.5846775,0.03038281,3.919582,1.385649,0.09019566,-3.711838,0.01137662,-0.1044924,0.01678595,0.994319,1.497423,348.0249,1.777269,0.3501503,0.02171091,-0.9364414,0,0,0,1.115628,0.1218604,-2.657329,-0.04346398,0.06145255,1.086386,0.9775991,0.03100364,0.2081793,-0.03575872,0.9991776,0.01911597,-0.2074155,-0.02613198,0.9779039,moving,-15.81996,-2.998549,-2.291059,3.237545,-0.2509250991637739,0.8977816466580193,14.896980588180847,3.1042936206137695,14.842880753747288
4394,05/15/2023 18:39:04.093814,4577,True,True,True,True,Eyes,1.382154,0.08715876,-3.697851,-0.2712493,-0.04753469,0.9613346,0.0,0.0,0.0,0.0,0.0,0.0,0.0,-0.59168,0.0195355,3.918929,1.385741,0.08986664,-3.712159,0.009934518,-0.1036298,0.01667902,0.9944265,1.330252,348.122,1.783417,0.3501383,0.02174395,-0.9364452,0,0,0,1.116743,0.1250699,-2.657186,-0.04419121,0.06185156,1.08664,0.9779654,0.0311131,0.2064358,-0.03523114,0.9992462,0.01630141,-0.205773,-0.02321518,0.9783244,moving,-15.7569,-2.830774,-2.328808,3.257761,-0.2590272802213454,0.922450071310027,14.743944967568517,3.120523892173599,14.693601048505194
4395,05/15/2023 18:39:04.119693,4578,True,True,True,True,Eyes,1.382267,0.08732205,-3.698121,-0.2703006,-0.0446064,0.9617421,0.0,0.0,0.0,0.0,0.0,0.0,0.0,-0.5946485,0.02318369,3.918993,1.385853,0.0901413,-3.712672,0.01045827,-0.1032454,0.01660365,0.9944624,1.388367,348.167,1.76917,0.3501274,0.02177685,-0.9364485,0,0,0,1.11773,0.1279112,-2.657058,-0.0439584,0.06551221,1.086929,0.9781294,0.03086388,0.2056946,-0.03518295,0.9992299,0.01737221,-0.205,-0.02422921,0.978462,moving,-15.69818,-2.655523,-2.315938,3.449203,-0.2680114783559556,0.9481552260528616,14.70891160085069,3.2325288870509743,14.661024090218913
4396,05/15/2023 18:39:04.136554,4579,True,True,True,True,Eyes,1.382386,0.08749143,-3.698385,-0.2693155,-0.04153292,0.962156,0.0,0.0,0.0,0.0,0.0,0.0,0.0,-0.5986055,0.00536073,3.91894,1.386136,0.0910387,-3.713057,0.008353119,-0.1028057,0.01618428,0.9945349,1.142703,348.2139,1.746658,0.3501179,0.02181042,-0.9364513,0,0,0,1.118737,0.1308074,-2.656929,-0.04414296,0.06284261,1.087471,0.9783381,0.03047416,0.204758,-0.03390916,0.9993367,0.01328726,-0.2042173,-0.01994261,0.9787225,moving,-15.63738,-2.471724,-2.324491,3.30732,-0.2774910226195242,0.9751073163847676,14.513110041622953,3.103131468212623,14.470467548213866
4397,05/15/2023 18:39:04.151731,4580,True,True,True,True,Eyes,1.382514,0.08764164,-3.698641,-0.2683718,-0.03835789,0.9625514,0.0,0.0,0.0,0.0,0.0,0.0,0.0,-0.60745,-0.02020755,3.917619,1.38633,0.09126282,-3.713071,0.005016023,-0.1017647,0.01625056,0.9946631,0.7612526,348.3286,1.794197,0.3501097,0.02184477,-0.9364535,0,0,0,1.119845,0.1339939,-2.656786,-0.0454776,0.05863925,1.087691,0.9787598,0.03130676,0.2026062,-0.03334858,0.9994215,0.006671038,-0.2022802,-0.01328597,0.9792376,moving,-15.57916,-2.282043,-2.394207,3.085924,-0.2876037070187816,1.002882384143053,14.2358018855735,2.9625731733395604,14.19872364794445
4398,05/15/2023 18:39:04.163443,4581,True,True,True,True,Eyes,1.382642,0.08778847,-3.6989,-0.2674187,-0.0353106,0.9629332,0.0,0.0,0.0,0.0,0.0,0.0,0.0,-0.6132131,-0.03794708,3.916688,1.38645,0.09089565,-3.713141,0.002661236,-0.1010845,0.0161855,0.9947427,0.4908415,348.403,1.814514,0.3501031,0.02187932,-0.9364552,0,0,0,1.120875,0.1369595,-2.656653,-0.04599229,0.05686874,1.087873,0.97904,0.0316628,0.2011922,-0.03273883,0.9994619,0.002022283,-0.20102,-0.008566694,0.9795498,moving,-15.52064,-2.100086,-2.420866,2.992422,-0.2971099841904121,1.0295497646680491,14.05481115423256,2.8919209925107676,14.021974081221016
4399,05/15/2023 18:39:04.183505,4582,True,True,True,True,Eyes,1.382746,0.08795793,-3.699158,-0.2664578,-0.03228543,0.9633057,0.0,0.0,0.0,0.0,0.0,0.0,0.0,-0.6176763,-0.03783026,3.916364,1.386542,0.09096622,-3.713501,0.002704781,-0.1005181,0.01607706,0.9948018,0.4935239,348.4682,1.801927,0.3500977,0.02191396,-0.9364564,0,0,0,1.121887,0.1398694,-2.656523,-0.0461542,0.05975861,1.088087,0.9792753,0.03144322,0.2000781,-0.03253074,0.9994684,0.00214937,-0.1999042,-0.008613512,0.9797777,moving,-15.46185,-1.919564,-2.428901,3.143571,-0.3064879876672487,1.056013226569014,13.981884553407884,2.977000915742473,13.951262506051844
4400,05/15/2023 18:39:04.203610,4583,True,True,True,True,Eyes,1.382856,0.08812842,-3.699419,-0.2654846,-0.02919549,0.9636729,0.0,0.0,0.0,0.0,0.0,0.0,0.0,-0.623305,-0.05096482,3.915506,1.386697,0.0916605,-3.713618,0.001120318,-0.09984712,0.01589046,0.9948753,0.3095355,348.5427,1.799085,0.3500931,0.02194928,-0.9364573,0,0,0,1.12295,0.1429276,-2.656386,-0.04666641,0.05864036,1.088261,0.9795561,0.03139433,0.1987065,-0.03184178,0.9994925,-0.0009440812,-0.1986353,-0.005402388,0.9800586,moving,-15.40248,-1.735305,-2.455432,3.084369,-0.3161065427121668,1.083018943442372,13.815039246436474,2.9295247841728562,13.78804208089185
4401,05/15/2023 18:39:04.223267,4584,True,True,True,True,Eyes,1.382949,0.08829785,-3.699677,-0.264522,-0.02611523,0.964026,0.0,0.0,0.0,0.0,0.0,0.0,0.0,-0.6291769,-0.06903726,3.914677,1.386922,0.09181881,-3.713939,-0.001198151,-0.09915988,0.01577606,0.9949458,0.04265754,348.6176,1.812584,0.3500891,0.02198522,-0.936458,0,0,0,1.123973,0.1458736,-2.656255,-0.04727736,0.0563895,1.088737,0.9798369,0.03163027,0.1972796,-0.03115503,0.9994994,-0.005512898,-0.1973553,-0.0007445136,0.9803318,moving,-15.34392,-1.551749,-2.486452,2.964899,-0.3257309165587502,1.1099165265041906,13.62771413432671,2.8477492125192763,13.604504039199346
4402,05/15/2023 18:39:04.233298,4585,True,True,True,True,Eyes,1.383043,0.08847657,-3.699935,-0.2635668,-0.0230489,0.9643658,0.0,0.0,0.0,0.0,0.0,0.0,0.0,-0.6350228,-0.0854388,3.913526,1.386953,0.09193039,-3.714048,-0.003232379,-0.09844717,0.0153879,0.9950181,359.805,348.696,1.791306,0.3500854,0.02202169,-0.9364585,0,0,0,1.125109,0.14914,-2.656108,-0.04769653,0.05502333,1.08893,0.9801428,0.03125892,0.1958139,-0.02998605,0.9995055,-0.009462342,-0.1960128,0.00340276,0.9805955,moving,-15.28597,-1.369141,-2.508025,2.892679,-0.3353279945766531,1.1366725054127946,13.46992903230841,2.7935946532036504,13.449942363152195
4403,05/15/2023 18:39:04.253839,4586,True,True,True,True,Eyes,1.383127,0.08865016,-3.70019,-0.2626475,-0.01999954,0.9646846,0.0,0.0,0.0,0.0,0.0,0.0,0.0,-0.638438,-0.0963435,3.913008,1.387059,0.09230614,-3.714305,-0.004590742,-0.09804305,0.01530359,0.9950539,359.6485,348.7401,1.796893,0.350082,0.02205889,-0.9364589,0,0,0,1.126066,0.1518944,-2.655985,-0.04763767,0.0544273,1.089254,0.9803067,0.03135597,0.1949757,-0.02955561,0.9994895,-0.01213689,-0.1952567,0.006135251,0.980733,moving,-15.23034,-1.187668,-2.504189,2.860547,-0.3450082254538525,1.1632450547273585,13.354510996701675,2.7464332343233826,13.337268602966617
4404,05/15/2023 18:39:04.267108,4587,True,True,True,True,Eyes,1.383212,0.08883001,-3.700441,-0.2617381,-0.01698219,0.9649895,0.0,0.0,0.0,0.0,0.0,0.0,0.0,-0.6416671,-0.1151655,3.912139,1.387125,0.09232044,-3.714458,-0.007034583,-0.09767784,0.0152397,0.9950767,359.3684,348.7775,1.816895,0.3500787,0.0220966,-0.9364593,0,0,0,1.127116,0.154915,-2.65585,-0.04738185,0.05211594,1.089592,0.9804536,0.03170358,0.1941794,-0.02895508,0.9994365,-0.01697706,-0.1946083,0.01102274,0.9808192,moving,-15.17546,-1.008205,-2.489988,2.73841,-0.354590990241271,1.1895221160438627,13.22718125002485,2.637986744916024,13.212968888381475
4405,05/15/2023 18:39:04.283523,4588,True,True,True,True,Eyes,1.383314,0.08901605,-3.700687,-0.2609219,-0.0139863,0.9652586,0.0,0.0,0.0,0.0,0.0,0.0,0.0,-0.6446543,-0.1240526,3.911562,1.387241,0.09263039,-3.714603,-0.008163228,-0.09732984,0.0152503,0.9951019,359.2392,348.8153,1.830514,0.3500755,0.02213494,-0.9364596,0,0,0,1.128179,0.1579737,-2.655713,-0.04709587,0.05240754,1.0898,0.9805886,0.03194025,0.1934573,-0.02876214,0.9994016,-0.0192151,-0.1939552,0.01327787,0.9809205,moving,-15.12629,-0.8301401,-2.474505,2.753182,-0.3644840121283011,1.2155483007167691,13.149443370674417,2.6108439176692455,13.137215139712712
4406,05/15/2023 18:39:04.303551,4589,True,True,True,True,Eyes,1.383415,0.08920582,-3.700929,-0.2601258,-0.01098632,0.9655123,0.0,0.0,0.0,0.0,0.0,0.0,0.0,-0.6444879,-0.1440102,3.911161,1.387351,0.0929203,-3.714823,-0.01061123,-0.09739278,0.0148063,0.9950794,358.9552,348.8036,1.807353,0.3500727,0.022174,-0.9364597,0,0,0,1.129278,0.1611343,-2.655571,-0.04593405,0.04981548,1.090264,0.9805909,0.03153379,0.1935128,-0.02739997,0.9993364,-0.02400208,-0.1941413,0.01823397,0.9808042,moving,-15.07846,-0.6519263,-2.412508,2.616093,-0.3744859430116508,1.241584178503621,13.080760307087525,2.458212441011229,13.071105332039082
4407,05/15/2023 18:39:04.313282,4590,True,True,True,True,Eyes,1.38351,0.08941479,-3.701176,-0.2593963,-0.008020638,0.9657376,0.0,0.0,0.0,0.0,0.0,0.0,0.0,-0.6456528,-0.1568978,3.910635,1.387425,0.09317684,-3.714959,-0.01206369,-0.09725721,0.01406028,0.9950868,358.781,348.8171,1.738381,0.3500705,0.02221381,-0.9364595,0,0,0,1.130288,0.1640413,-2.655441,-0.04530269,0.04907266,1.090532,0.9806867,0.03032896,0.1932194,-0.02563584,0.9993135,-0.02674377,-0.1938979,0.02127391,0.9807911,moving,-15.03474,-0.4758416,-2.378803,2.576504,-0.3846262238970298,1.267278083131763,13.018815422679912,2.3855426040521497,13.010943982092199
4408,05/15/2023 18:39:04.333545,4591,True,True,True,True,Eyes,1.383599,0.08962253,-3.701413,-0.2586991,-0.004930345,0.9659454,0.0,0.0,0.0,0.0,0.0,0.0,0.0,-0.6456755,-0.1773453,3.910118,1.387425,0.09381866,-3.715322,-0.01446342,-0.09726815,0.01336684,0.9950634,358.4996,348.812,1.686198,0.3500684,0.02225477,-0.9364593,0,0,0,1.131322,0.167016,-2.655308,-0.04422918,0.04596551,1.091103,0.9807205,0.02941537,0.1931892,-0.02378806,0.9992242,-0.03138437,-0.1939625,0.0261837,0.9806595,moving,-14.99307,-0.2924446,-2.321284,2.412306,-0.3954692701806345,1.29400519980952,12.957231040542432,2.2269618437000447,12.951459409947946
4409,05/15/2023 18:39:04.353572,4592,True,True,True,True,Eyes,1.383701,0.08981963,-3.701634,-0.2581112,-0.00194739,0.9661133,0.0,0.0,0.0,0.0,0.0,0.0,0.0,-0.6456741,-0.2015976,3.908908,1.387368,0.09394455,-3.715304,-0.01744885,-0.09729119,0.01274831,0.9950214,358.1523,348.8044,1.649194,0.3500666,0.02229674,-0.936459,0,0,0,1.132368,0.170025,-2.655174,-0.04311758,0.0421711,1.091354,0.9807438,0.02876492,0.1931687,-0.02197445,0.9990661,-0.03720455,-0.1940585,0.03224335,0.9804599,moving,-14.95805,-0.1154907,-2.262484,2.21287,-0.4063092651130445,1.3197480163392017,12.907310316625244,2.059866870487231,12.903328462185332
4410,05/15/2023 18:39:04.363455,4593,True,True,True,True,Eyes,1.383797,0.09001084,-3.701849,-0.2575525,0.001066101,0.9662637,0.0,0.0,0.0,0.0,0.0,0.0,0.0,-0.6442338,-0.219917,3.908096,1.387306,0.09385681,-3.715263,-0.01976778,-0.09749401,0.01244024,0.994962,357.8847,348.7769,1.640552,0.3500653,0.02233935,-0.9364585,0,0,0,1.133419,0.1730501,-2.655038,-0.04154718,0.04013631,1.091546,0.9806803,0.02860961,0.1935137,-0.02090065,0.9989089,-0.04176208,-0.1944974,0.03691069,0.9802083,moving,-14.9249,0.06321575,-2.17978,2.105826,-0.4174181512024894,1.3457264154222246,12.907762797936947,1.9192891039581002,12.904930467082611
4411,05/15/2023 18:39:04.383523,4594,True,True,True,True,Eyes,1.383894,0.0902061,-3.702053,-0.2570217,0.003914301,0.9663976,0.0,0.0,0.0,0.0,0.0,0.0,0.0,-0.6437232,-0.234788,3.907346,1.387269,0.09387302,-3.71531,-0.02160799,-0.09756915,0.01206891,0.9949211,357.6708,348.7652,1.619114,0.3500645,0.02238241,-0.9364578,0,0,0,1.134465,0.1760596,-2.654903,-0.04027489,0.03899903,1.091779,0.9806693,0.02823177,0.1936255,-0.01979868,0.9987748,-0.04535159,-0.1946687,0.04064137,0.9800267,moving,-14.89353,0.2320698,-2.112638,2.045771,-0.4279111152161247,1.3702729959586564,12.908939242189708,1.8151039170740115,12.906818366926496
4412,05/15/2023 18:39:04.403649,4595,True,True,True,True,Eyes,1.383987,0.09040656,-3.702256,-0.2565186,0.006792883,0.9665154,0.0,0.0,0.0,0.0,0.0,0.0,0.0,-0.64323,-0.2448462,3.906788,1.387177,0.09416389,-3.715314,-0.0227871,-0.09762616,0.01170863,0.9948934,357.5323,348.757,1.591462,0.3500642,0.02242597,-0.9364568,0,0,0,1.135512,0.1790729,-2.654769,-0.0389916,0.03902971,1.091906,0.9806641,0.02774692,0.1937217,-0.01884845,0.9986873,-0.04762761,-0.1947889,0.04305533,0.9798998,moving,-14.86394,0.4026807,-2.045145,2.047142,-0.4386667378749219,1.3950565637212056,12.923844560316512,1.7337784814927533,12.92207284429654
4413,05/15/2023 18:39:04.413235,4596,True,True,True,True,Eyes,1.384036,0.09060957,-3.702455,-0.2559414,0.00992866,0.9666413,0.0,0.0,0.0,0.0,0.0,0.0,0.0,-0.6428223,-0.2592139,3.906091,1.387163,0.09445763,-3.715484,-0.02459928,-0.09769775,0.01161572,0.9948443,357.3247,348.7452,1.601552,0.3500642,0.02247011,-0.9364557,0,0,0,1.136556,0.1820759,-2.654634,-0.03769881,0.03774348,1.092263,0.9806405,0.02791826,0.1938166,-0.01830509,0.99852,-0.05121457,-0.1949596,0.04667525,0.9797001,moving,-14.83012,0.5884812,-1.976746,1.979087,-0.4502636770268403,1.4220605733553089,12.928379932337604,1.624938990340895,12.926886583997355
4414,05/15/2023 18:39:04.433579,4597,True,True,True,True,Eyes,1.384078,0.09082613,-3.702652,-0.2553885,0.01302553,0.9667508,0.0,0.0,0.0,0.0,0.0,0.0,0.0,-0.6449217,-0.2775948,3.904369,1.387083,0.09470844,-3.715388,-0.02695715,-0.09745814,0.01155082,0.9948075,357.0547,348.7679,1.620163,0.3500637,0.02251485,-0.9364549,0,0,0,1.137634,0.1851767,-2.654495,-0.03703877,0.03544549,1.092371,0.980737,0.02823607,0.1932815,-0.01772729,0.9982798,-0.05588578,-0.194527,0.0513829,0.9795504,moving,-14.79789,0.771929,-1.941971,1.858494,-0.4617984221452132,1.4487124913770577,12.901754796685061,1.5358488679041893,12.900323502382037
4415,05/15/2023 18:39:04.453689,4598,True,True,True,True,Eyes,1.384125,0.09104658,-3.702838,-0.2548674,0.01631081,0.9668385,0.0,0.0,0.0,0.0,0.0,0.0,0.0,-0.6447642,-0.286497,3.903862,1.386978,0.09523201,-3.715529,-0.02804968,-0.09748052,0.01154501,0.9947752,356.93,348.7629,1.631937,0.3500624,0.02256047,-0.9364542,0,0,0,1.138688,0.1882112,-2.65436,-0.03574178,0.03554536,1.092627,0.9807286,0.02843796,0.1932948,-0.01750076,0.9981598,-0.05805706,-0.1945901,0.05355541,0.9794214,moving,-14.76774,0.9665024,-1.873579,1.86329,-0.4743267067794451,1.4769455132825653,12.925309121774797,1.4516091218024019,12.923500291390702
4416,05/15/2023 18:39:04.473094,4599,True,True,True,True,Eyes,1.384167,0.09124073,-3.703007,-0.2543508,0.01957698,0.9669139,0.0,0.0,0.0,0.0,0.0,0.0,0.0,-0.6448427,-0.312665,3.901814,1.386924,0.09549141,-3.715517,-0.03145869,-0.09752344,0.01162346,0.9946681,356.5421,348.7498,1.679709,0.3500607,0.022607,-0.9364538,0,0,0,1.139721,0.1911817,-2.654227,-0.03451213,0.03085163,1.092913,0.9807081,0.02925889,0.1932756,-0.01698705,0.9977505,-0.06484902,-0.1947382,0.06031479,0.9789991,moving,-14.73801,1.159902,-1.808692,1.616962,-0.4867967626577877,1.5050061332584503,12.937394165314897,1.3266277302264848,12.935022703490795
4417,05/15/2023 18:39:04.483661,4600,True,True,True,True,Eyes,1.384219,0.09146497,-3.703176,-0.2538366,0.02270694,0.9669806,0.0,0.0,0.0,0.0,0.0,0.0,0.0,-0.6471212,-0.3225501,3.900364,1.386873,0.09503365,-3.715266,-0.03294408,-0.09727816,0.0120914,0.9946384,356.3775,348.7729,1.749145,0.3500587,0.02265368,-0.9364534,0,0,0,1.140796,0.1942765,-2.654088,-0.03381735,0.03129982,1.092876,0.9807816,0.03046262,0.1927165,-0.01764366,0.997537,-0.06788736,-0.1943099,0.06318244,0.9789033,moving,-14.70853,1.34519,-1.772364,1.640495,-0.4986711542430787,1.5318985425645093,12.939536151755247,1.2783139895580833,12.936307853615416
4418,05/15/2023 18:39:04.493322,4601,True,True,True,True,Eyes,1.384266,0.09167863,-3.703337,-0.253364,0.02596005,0.9670226,0.0,0.0,0.0,0.0,0.0,0.0,0.0,-0.6462194,-0.3265641,3.900394,1.386747,0.09597397,-3.715514,-0.03340676,-0.09739442,0.01233503,0.9946087,356.3277,348.7574,1.782655,0.3500566,0.02270125,-0.936453,0,0,0,1.14184,0.1972802,-2.653954,-0.03225046,0.03236966,1.093189,0.9807243,0.03104432,0.1929145,-0.01802978,0.9974637,-0.06885603,-0.1945627,0.06405058,0.9787966,moving,-14.68173,1.537755,-1.689808,1.69605,-0.5112915452769861,1.5598135837214642,12.99288630601796,1.186364781664274,12.988539153337864
4419,05/15/2023 18:39:04.519464,4602,True,True,True,True,Eyes,1.384333,0.09188138,-3.703482,-0.2528596,0.02906444,0.9670663,0.0,0.0,0.0,0.0,0.0,0.0,0.0,-0.645106,-0.3502977,3.898452,1.386688,0.0958786,-3.715468,-0.0365974,-0.09759915,0.01261812,0.9944727,355.9672,348.7245,1.852152,0.3500544,0.02274937,-0.9364527,0,0,0,1.142883,0.2002804,-2.653819,-0.03060958,0.02857342,1.093473,0.9806304,0.0322405,0.1931959,-0.01795299,0.9970028,-0.07525327,-0.195043,0.0703272,0.9782701,moving,-14.65312,1.721463,-1.603462,1.49685,-0.5231097568122866,1.5864712679014945,13.051590896007006,1.0840631628373856,13.045765543496795
4420,05/15/2023 18:39:04.533225,4603,True,True,True,True,Eyes,1.384396,0.09210589,-3.703623,-0.2523765,0.0321957,0.9670933,0.0,0.0,0.0,0.0,0.0,0.0,0.0,-0.6438343,-0.3537194,3.898213,1.386637,0.09580421,-3.715342,-0.03703985,-0.09776306,0.0125705,0.9944408,355.9165,348.7046,1.85244,0.3500527,0.02279771,-0.9364522,0,0,0,1.143932,0.2032969,-2.653684,-0.0290845,0.0306539,1.093522,0.9805688,0.03224349,0.193508,-0.01775897,0.99694,-0.07612574,-0.1953704,0.07121002,0.9781408,moving,-14.62593,1.906741,-1.523542,1.605711,-0.5351502545698991,1.6133422262315835,13.105845656173585,0.9884212047746441,13.09861858564539
4421,05/15/2023 18:39:04.551942,4604,True,True,True,True,Eyes,1.384462,0.0923226,-3.703756,-0.2518155,0.03530125,0.9671313,0.0,0.0,0.0,0.0,0.0,0.0,0.0,-0.6439232,-0.3692033,3.896809,1.3866,0.09651947,-3.715385,-0.03892751,-0.09777345,0.01239859,0.9943698,355.6992,348.699,1.854464,0.3500513,0.0228468,-0.9364516,0,0,0,1.14499,0.2063435,-2.653548,-0.02792737,0.02879748,1.093768,0.9805732,0.03226973,0.1934806,-0.01704543,0.9966618,-0.0798412,-0.1954111,0.07499218,0.97785,moving,-14.59427,2.090425,-1.462626,1.508175,-0.5467444087320542,1.640023115991419,13.144545987033405,0.9253231948427485,13.135450479359765
4422,05/15/2023 18:39:04.563764,4605,True,True,True,True,Eyes,1.384516,0.09252279,-3.703883,-0.2512724,0.03838202,0.9671551,0.0,0.0,0.0,0.0,0.0,0.0,0.0,-0.6444158,-0.3861453,3.895043,1.386423,0.09651566,-3.715409,-0.04102524,-0.09769958,0.01193741,0.9942985,355.4545,348.7038,1.825477,0.3500503,0.02289637,-0.9364507,0,0,0,1.146017,0.2092963,-2.653416,-0.02687711,0.02703109,1.094024,0.9806246,0.031755,0.1933056,-0.0157224,0.9963489,-0.0839152,-0.1952645,0.07925009,0.9775436,moving,-14.56379,2.272619,-1.407314,1.415373,-0.5583117824239267,1.6664795086892006,13.18437451846283,0.8853582575179212,13.173190374101388
4423,05/15/2023 18:39:04.583828,4606,True,True,True,True,Eyes,1.384592,0.09271886,-3.703999,-0.2507089,0.04131944,0.9671804,0.0,0.0,0.0,0.0,0.0,0.0,0.0,-0.6450802,-0.3952944,3.893923,1.386213,0.09629631,-3.715395,-0.04231653,-0.09762421,0.01217028,0.9942489,355.3097,348.7079,1.866562,0.3500496,0.02294595,-0.9364498,0,0,0,1.147079,0.2123535,-2.653279,-0.02564743,0.02752271,1.094225,0.9806428,0.03246281,0.1930955,-0.01593834,0.9961224,-0.08652256,-0.1951555,0.0817701,0.9773576,moving,-14.53215,2.446277,-1.342704,1.44084,-0.5691486325454344,1.6917190068120056,13.227712929599168,0.8132208694916446,13.214583147141331
4424,05/15/2023 18:39:04.603188,4607,True,True,True,True,Eyes,1.384662,0.09290396,-3.704108,-0.2501701,0.04419297,0.9671928,0.0,0.0,0.0,0.0,0.0,0.0,0.0,-0.6453952,-0.4036275,3.892965,1.38617,0.09636593,-3.715356,-0.04354475,-0.09763341,0.01271304,0.9941882,355.1757,348.7007,1.942771,0.3500496,0.02299546,-0.9364486,0,0,0,1.148204,0.2155896,-2.653134,-0.02428967,0.0281169,1.09443,0.9806122,0.03378114,0.1930247,-0.01677546,0.9958845,-0.08906578,-0.1952391,0.08410092,0.9771432,moving,-14.50205,2.616139,-1.271407,1.471656,-0.5798104173031214,1.7163993788965295,13.280051036450802,0.7336246688271125,13.26489421448048
4425,05/15/2023 18:39:04.613544,4608,True,True,True,True,Eyes,1.384711,0.09308852,-3.70422,-0.2495579,0.04688456,0.9672242,0.0,0.0,0.0,0.0,0.0,0.0,0.0,-0.6456438,-0.4082617,3.892346,1.386113,0.09627819,-3.715281,-0.04429295,-0.09763791,0.01319394,0.9941483,355.0957,348.6957,2.006392,0.3500502,0.02304461,-0.9364471,0,0,0,1.149178,0.2183919,-2.653009,-0.02309445,0.02946898,1.094564,0.9805856,0.03488281,0.1929644,-0.01758412,0.9957281,-0.09064399,-0.195302,0.08549107,0.97701,moving,-14.46761,2.775144,-1.208717,1.542203,-0.5893343130353147,1.73955700910501,13.316095039272211,0.6500642413034374,13.2990186357963
4426,05/15/2023 18:39:04.633558,4609,True,True,True,True,Eyes,1.384752,0.0932676,-3.704328,-0.2489737,0.04950715,0.9672441,0.0,0.0,0.0,0.0,0.0,0.0,0.0,-0.6461018,-0.4103864,3.892139,1.385928,0.0964613,-3.715442,-0.04453621,-0.09755537,0.01315196,0.9941462,355.0674,348.7047,2.003981,0.3500509,0.02309344,-0.9364457,0,0,0,1.150224,0.221402,-2.652874,-0.02192178,0.03170011,1.094866,0.9806199,0.03483944,0.1927972,-0.01746045,0.9956871,-0.09111708,-0.1951402,0.08598491,0.976999,moving,-14.43487,2.930054,-1.147043,1.658445,-0.5986721738200348,1.762111134318238,13.348533096591925,0.5580835335411578,13.329620208809152
4427,05/15/2023 18:39:04.653983,4610,True,True,True,True,Eyes,1.384794,0.09343465,-3.704438,-0.2483582,0.05198427,0.9672724,0.0,0.0,0.0,0.0,0.0,0.0,0.0,-0.6461546,-0.4136597,3.891732,1.385784,0.09649849,-3.715441,-0.04510236,-0.097573,0.01368548,0.9941117,355.0088,348.6983,2.071603,0.3500515,0.02314185,-0.9364443,0,0,0,1.151298,0.2244922,-2.652736,-0.0204736,0.03360641,1.095061,0.9805844,0.03601133,0.1927625,-0.01840824,0.995557,-0.09234423,-0.1952314,0.0870029,0.9768906,moving,-14.40027,3.076297,-1.071095,1.757803,-0.6072185908901618,1.7834356516390537,13.394227585369043,0.46458406748261066,13.373457990832966
4428,05/15/2023 18:39:04.663733,4611,True,True,True,True,Eyes,1.384832,0.09359111,-3.704543,-0.2477653,0.05434882,0.9672945,0.0,0.0,0.0,0.0,0.0,0.0,0.0,-0.6456387,-0.4151316,3.891818,1.385765,0.09637642,-3.715616,-0.04541329,-0.09766111,0.0140836,0.9940833,354.978,348.6852,2.121165,0.350052,0.02318956,-0.9364429,0,0,0,1.152378,0.2275992,-2.652597,-0.01896015,0.03619111,1.095457,0.9805279,0.03687078,0.1928873,-0.01913032,0.9954786,-0.09304002,-0.1954457,0.08753835,0.9767999,moving,-14.367,3.215864,-0.9915749,1.892218,-0.615356684168113,1.803788884153135,13.4407602217667,0.3864710266671832,13.418247310926574
4429,05/15/2023 18:39:04.683441,4612,True,True,True,True,Eyes,1.384828,0.09374116,-3.704654,-0.2470823,0.05660195,0.9673399,0.0,0.0,0.0,0.0,0.0,0.0,0.0,-0.6457366,-0.4135891,3.891924,1.385705,0.09628201,-3.715597,-0.0452664,-0.09764747,0.01424282,0.9940891,354.9965,348.6865,2.137611,0.3500524,0.02323639,-0.9364416,0,0,0,1.153432,0.2306325,-2.652461,-0.01772916,0.03963248,1.095615,0.9805242,0.03715757,0.1928512,-0.01947697,0.9954962,-0.09277922,-0.1954301,0.08721611,0.9768319,moving,-14.32839,3.348729,-0.9270756,2.071699,-0.6225984702770339,1.82322538700012,13.462021886349293,0.39299549473441825,13.437915305010184
4430,05/15/2023 18:39:04.703435,4613,True,True,True,True,Eyes,1.384822,0.09388407,-3.704769,-0.2464046,0.05877201,0.9673834,0.0,0.0,0.0,0.0,0.0,0.0,0.0,-0.6466815,-0.4143805,3.89172,1.38566,0.09631157,-3.715651,-0.04534809,-0.09751756,0.01416467,0.9940992,354.9861,348.7016,2.128959,0.3500517,0.02328227,-0.9364407,0,0,0,1.154481,0.2336505,-2.652326,-0.01681048,0.04237653,1.095851,0.9805794,0.03700664,0.1925995,-0.0193177,0.9954859,-0.09292362,-0.1951689,0.0873984,0.9768677,moving,-14.29008,3.476651,-0.878855,2.214523,-0.6294880330394669,1.8419487219241264,13.470483402202351,0.44832519101078167,13.444716656257715
4431,05/15/2023 18:39:04.713538,4614,True,True,True,True,Eyes,1.384818,0.09402885,-3.704884,-0.2457079,0.06090475,0.9674287,0.0,0.0,0.0,0.0,0.0,0.0,0.0,-0.6488943,-0.4147997,3.891511,1.385623,0.09628296,-3.715879,-0.04545646,-0.09723724,0.01433353,0.9941193,354.975,348.7328,2.148102,0.3500499,0.0233271,-0.9364402,0,0,0,1.155516,0.2366278,-2.652193,-0.01616338,0.04513083,1.096256,0.9806789,0.03733861,0.1920278,-0.01965836,0.9954566,-0.0931658,-0.194634,0.08759079,0.9769573,moving,-14.25069,3.602318,-0.844717,2.35743,-0.6361282436256136,1.8603573439229864,13.463649513013662,0.5390644624766784,13.436196148857226
4432,05/15/2023 18:39:04.733156,4615,True,True,True,True,Eyes,1.384817,0.09418245,-3.704998,-0.2449954,0.06303152,0.9674731,0.0,0.0,0.0,0.0,0.0,0.0,0.0,-0.6520972,-0.4187771,3.890667,1.385575,0.09645939,-3.716017,-0.04598749,-0.09683655,0.01442126,0.9941326,354.9145,348.7769,2.162188,0.3500473,0.02337105,-0.9364401,0,0,0,1.156523,0.2395256,-2.652063,-0.01584569,0.04667479,1.096585,0.9808294,0.03757982,0.1912105,-0.01976674,0.9953544,-0.09422834,-0.1938632,0.08864232,0.9770156,moving,-14.21041,3.72759,-0.8278682,2.437253,-0.6426737101884049,1.8787169636566945,13.444604665155323,0.5884381895753091,13.415286548411745
4433,05/15/2023 18:39:04.754175,4616,True,True,True,True,Eyes,1.384848,0.09432507,-3.705106,-0.2442042,0.06523389,0.9675272,0.0,0.0,0.0,0.0,0.0,0.0,0.0,-0.656756,-0.4266005,3.889125,1.385641,0.09680843,-3.716078,-0.0469784,-0.09627022,0.01440495,0.9941416,354.8,348.8392,2.168711,0.350044,0.02341441,-0.9364403,0,0,0,1.157587,0.2425853,-2.651926,-0.01598677,0.04719163,1.096903,0.9810491,0.03768636,0.190059,-0.01959589,0.995171,-0.0961799,-0.1927659,0.09063283,0.9770501,moving,-14.16561,3.857234,-0.8349957,2.463494,-0.6492206929782848,1.8977445520062304,13.403275301319615,0.5954702269124571,13.37183870529551
4434,05/15/2023 18:39:04.763573,4617,True,True,True,True,Eyes,1.384878,0.09446137,-3.705219,-0.2433781,0.06734997,0.9675903,0.0,0.0,0.0,0.0,0.0,0.0,0.0,-0.6633478,-0.4366135,3.887036,1.385694,0.09665203,-3.716211,-0.04830757,-0.09545352,0.01430836,0.9941581,354.6454,348.9298,2.168413,0.3500407,0.02345698,-0.9364405,0,0,0,1.158703,0.2457967,-2.651782,-0.01659548,0.04760514,1.097376,0.9813678,0.0376718,0.1884094,-0.01922728,0.9949233,-0.09878229,-0.1911741,0.09331916,0.97711,moving,-14.11873,3.981701,-0.8664109,2.483984,-0.6552243225500226,1.916046135468027,13.336683161127949,0.605931669797984,13.303160598234292
4435,05/15/2023 18:39:04.793741,4618,True,True,True,True,Eyes,1.384905,0.09459928,-3.705339,-0.2425075,0.06950361,0.9676566,0.0,0.0,0.0,0.0,0.0,0.0,0.0,-0.6696077,-0.436751,3.886172,1.385683,0.09663105,-3.716452,-0.04828409,-0.09463285,0.01407337,0.9942411,354.6437,349.0258,2.136824,0.3500375,0.02349866,-0.9364406,0,0,0,1.159698,0.2486601,-2.651654,-0.01728195,0.05044897,1.097784,0.9816931,0.03712316,0.1868167,-0.01884612,0.9949411,-0.09867565,-0.1895347,0.09334844,0.9774266,moving,-14.0693,4.108314,-0.9019088,2.631192,-0.6612045519425555,1.9346784877804013,13.249984166659274,0.7369325666147349,13.214660133176817
4436,05/15/2023 18:39:04.803692,4619,True,True,True,True,Eyes,1.38493,0.09472781,-3.70546,-0.2416243,0.07165004,0.9677211,0.0,0.0,0.0,0.0,0.0,0.0,0.0,-0.6752881,-0.4438163,3.884635,1.385643,0.0968008,-3.716719,-0.0491726,-0.09390765,0.0139509,0.994268,354.5394,349.1074,2.128788,0.3500341,0.02353958,-0.9364408,0,0,0,1.160743,0.2516673,-2.65152,-0.01766601,0.05127143,1.098304,0.9819735,0.03697724,0.1853667,-0.01850651,0.9947748,-0.1004017,-0.1881107,0.09516129,0.9775268,moving,-14.01919,4.234452,-0.9215122,2.672762,-0.6670992848062142,1.9532485026936088,13.19045258543894,0.7631681362737014,13.152968861344513
4437,05/15/2023 18:39:04.813541,4620,True,True,True,True,Eyes,1.38494,0.0948519,-3.705585,-0.2407049,0.07378987,0.9677894,0.0,0.0,0.0,0.0,0.0,0.0,0.0,-0.6801608,-0.4511455,3.883082,1.385627,0.09668732,-3.716876,-0.05015593,-0.09329712,0.01391878,0.9942768,354.4255,349.175,2.132643,0.3500307,0.02357958,-0.9364411,0,0,0,1.161802,0.2547126,-2.651383,-0.01779971,0.05223315,1.098772,0.9822038,0.03703705,0.1841301,-0.01831944,0.9945813,-0.1023349,-0.1869226,0.0971406,0.97756,moving,-13.967,4.360126,-0.9280894,2.721664,-0.6728073413204289,1.9717699967604032,13.141451493660675,0.7921552534562833,13.101773971722563
4438,05/15/2023 18:39:04.833513,4621,True,True,True,True,Eyes,1.384944,0.09496506,-3.705709,-0.2397896,0.07587227,0.9678556,0.0,0.0,0.0,0.0,0.0,0.0,0.0,-0.6840993,-0.4552774,3.882034,1.385597,0.09671116,-3.717019,-0.05066892,-0.09278843,0.01377636,0.9943004,354.3643,349.2328,2.119131,0.3500267,0.02361865,-0.9364416,0,0,0,1.162961,0.2580474,-2.651234,-0.01761222,0.05433809,1.099195,0.9824011,0.03679865,0.1831231,-0.01799269,0.9944857,-0.1033168,-0.1859152,0.09820367,0.977646,moving,-13.91504,4.482372,-0.9179621,2.83008,-0.6782727281183453,1.9897967127996248,13.101683204532629,0.873800319146938,13.06001058631772
4439,05/15/2023 18:39:04.853239,4622,True,True,True,True,Eyes,1.384944,0.09508163,-3.70584,-0.2388558,0.07793971,0.9679222,0.0,0.0,0.0,0.0,0.0,0.0,0.0,-0.6874781,-0.4574646,3.881253,1.385477,0.09655571,-3.717144,-0.05104744,-0.09236006,0.01399968,0.9943178,354.3225,349.2798,2.146428,0.3500222,0.02365659,-0.9364423,0,0,0,1.163866,0.2606525,-2.651117,-0.01735282,0.05628276,1.099537,0.9825473,0.03726975,0.1822413,-0.01841076,0.9943963,-0.1041008,-0.1850999,0.09892873,0.9777275,moving,-13.86202,4.603678,-0.9041632,2.930281,-0.6835897384294164,2.007697569664467,13.065462501148408,0.9485846498225179,13.021752506665434
4440,05/15/2023 18:39:04.863554,4623,True,True,True,True,Eyes,1.384942,0.09519247,-3.705969,-0.2379333,0.07994924,0.9679855,0.0,0.0,0.0,0.0,0.0,0.0,0.0,-0.6897305,-0.4592913,3.880877,1.385485,0.09674931,-3.717386,-0.05132671,-0.09208848,0.01421977,0.9943255,354.2924,349.3091,2.173139,0.350017,0.02369361,-0.9364433,0,0,0,1.164914,0.2636679,-2.650982,-0.016707,0.05848239,1.100013,0.982635,0.03773135,0.1816722,-0.01882495,0.9943268,-0.1046899,-0.1845916,0.09945194,0.9777706,moving,-13.80967,4.721538,-0.8701415,3.043275,-0.6886947778021083,2.025097215650829,13.047910349917386,1.0342189872258902,13.002197132744092
4441,05/15/2023 18:39:04.883606,4624,True,True,True,True,Eyes,1.384937,0.09529285,-3.706098,-0.2369989,0.08192872,0.9680492,0.0,0.0,0.0,0.0,0.0,0.0,0.0,-0.6924582,-0.4613473,3.880223,1.385434,0.09671783,-3.717484,-0.05165886,-0.09174985,0.01440122,0.994337,354.2556,349.346,2.195601,0.3500112,0.02372965,-0.9364446,0,0,0,1.165961,0.2666803,-2.650847,-0.01617566,0.06079267,1.100369,0.9827492,0.03811871,0.1809726,-0.01915994,0.9942479,-0.1053753,-0.1839484,0.10009,0.9778267,moving,-13.75663,4.837575,-0.8421994,3.162236,-0.6936115761965297,2.042240839410055,13.022644834561731,1.1298086126099183,12.974955258627412
4442,05/15/2023 18:39:04.893694,4625,True,True,True,True,Eyes,1.384932,0.09539479,-3.706234,-0.2360916,0.08383447,0.9681077,0.0,0.0,0.0,0.0,0.0,0.0,0.0,-0.6947101,-0.4590516,3.880192,1.385311,0.09656525,-3.717638,-0.05151738,-0.09147125,0.01489296,0.9943627,354.2764,349.3759,2.248769,0.3500048,0.02376455,-0.9364461,0,0,0,1.167037,0.2697743,-2.650709,-0.01531377,0.06440297,1.100727,0.9828224,0.03904273,0.1803766,-0.02019329,0.9942483,-0.1051785,-0.1834456,0.09972937,0.977958,moving,-13.70516,4.949251,-0.7970712,3.348528,-0.6983127363610538,2.058743857359342,13.006962389098172,1.2935595729411238,12.957512688462325
4443,05/15/2023 18:39:04.913111,4626,True,True,True,True,Eyes,1.384933,0.09549982,-3.706364,-0.2352534,0.08575638,0.9681435,0.0,0.0,0.0,0.0,0.0,0.0,0.0,-0.6960697,-0.4592143,3.880191,1.385277,0.09669971,-3.717921,-0.05164044,-0.09131767,0.0153263,0.9943639,354.2666,349.3907,2.298857,0.3499978,0.02379846,-0.9364479,0,0,0,1.168047,0.2726822,-2.650579,-0.01433402,0.06693096,1.101223,0.9828524,0.0399112,0.1800231,-0.02104846,0.9941967,-0.1054979,-0.1831889,0.09989966,0.9779887,moving,-13.65784,5.061944,-0.7457464,3.478089,-0.703393256029116,2.0753567979632987,13.008872272268107,1.403371447420444,12.957408516340706
4444,05/15/2023 18:39:04.933224,4627,True,True,True,True,Eyes,1.384934,0.09559653,-3.706494,-0.2344427,0.08764429,0.968171,0.0,0.0,0.0,0.0,0.0,0.0,0.0,-0.6973546,-0.461358,3.879749,1.385266,0.09685993,-3.717965,-0.05201545,-0.09118617,0.0157305,0.9943501,354.2278,349.4023,2.348478,0.3499903,0.02383156,-0.9364498,0,0,0,1.169114,0.2757514,-2.650441,-0.01331827,0.06905571,1.101537,0.9828753,0.04076942,0.1797055,-0.02179706,0.9940939,-0.1063119,-0.1829784,0.1005743,0.977959,moving,-13.61216,5.172638,-0.6927077,3.587195,-0.7084419927528441,2.09166805362538,13.016369587493445,1.4956097135620066,12.962817249928598
4445,05/15/2023 18:39:04.953318,4628,True,True,True,True,Eyes,1.38497,0.09568437,-3.706618,-0.2336865,0.08958951,0.9681758,0.0,0.0,0.0,0.0,0.0,0.0,0.0,-0.6983687,-0.4650003,3.879229,1.385257,0.09674835,-3.718073,-0.05260007,-0.09108616,0.01605708,0.9943233,354.1642,349.41,2.391671,0.3499826,0.02386371,-0.9364519,0,0,0,1.170117,0.2786376,-2.650312,-0.01230004,0.07078435,1.101963,0.982891,0.04151414,0.179449,-0.02234957,0.9939508,-0.1075281,-0.1828274,0.1016778,0.9778731,moving,-13.56981,5.286772,-0.6395054,3.675332,-0.7139937100348343,2.108444699605691,13.030330614469502,1.5686568523640887,12.974510197267488
4446,05/15/2023 18:39:04.963526,4629,True,True,True,True,Eyes,1.385004,0.09577679,-3.70674,-0.2329733,0.09144346,0.9681743,0.0,0.0,0.0,0.0,0.0,0.0,0.0,-0.6993176,-0.4664792,3.879021,1.385271,0.09656906,-3.718219,-0.05295994,-0.09100372,0.01657266,0.9943032,354.1284,349.4153,2.45417,0.3499754,0.02389479,-0.9364538,0,0,0,1.171196,0.2817428,-2.650173,-0.01111367,0.07332049,1.102424,0.9828874,0.0425956,0.1792153,-0.02331739,0.9938412,-0.1083328,-0.182726,0.1023001,0.9778271,moving,-13.52994,5.395545,-0.5775864,3.805049,-0.7193204177082381,2.124429038874521,13.049641424401246,1.6865858962736304,12.991704315524668
4447,05/15/2023 18:39:04.983684,4630,True,True,True,True,Eyes,1.385051,0.09587104,-3.706862,-0.2322349,0.09336431,0.9681684,0.0,0.0,0.0,0.0,0.0,0.0,0.0,-0.6982982,-0.4651008,3.879461,1.385273,0.09677219,-3.718307,-0.05284098,-0.09115277,0.01691741,0.9942901,354.146,349.3965,2.493251,0.3499686,0.02392502,-0.9364556,0,0,0,1.172272,0.2848382,-2.650035,-0.009469926,0.07647425,1.102727,0.98281,0.04327483,0.1794766,-0.02400844,0.9938433,-0.1081627,-0.1830524,0.1019944,0.9777981,moving,-13.48871,5.508226,-0.492029,3.967119,-0.7248437827011768,2.140987030837649,13.087731957876047,1.8409130049627445,13.02756051719456
4448,05/15/2023 18:39:05.003563,4631,True,True,True,True,Eyes,1.385098,0.09598075,-3.706986,-0.2315226,0.09520702,0.9681596,0.0,0.0,0.0,0.0,0.0,0.0,0.0,-0.6968839,-0.4697646,3.879342,1.385403,0.09688091,-3.718454,-0.05343781,-0.09136219,0.01694058,0.9942387,354.0786,349.37,2.503672,0.3499625,0.02395452,-0.9364572,0,0,0,1.173351,0.2879424,-2.649896,-0.007896185,0.07807939,1.103234,0.9827319,0.04345034,0.1798611,-0.02392156,0.9937148,-0.1093553,-0.1834821,0.1031644,0.9775947,moving,-13.44896,5.616304,-0.4100766,4.048256,-0.7301266371236249,2.1568704165459858,13.132831181778723,1.918273038845231,13.070292932291467
4449,05/15/2023 18:39:05.013503,4632,True,True,True,True,Eyes,1.385153,0.09608866,-3.707108,-0.2307074,0.09719028,0.9681571,0.0,0.0,0.0,0.0,0.0,0.0,0.0,-0.6964537,-0.4708543,3.879498,1.385487,0.09736729,-3.71863,-0.05334994,-0.09138516,0.01634054,0.9942514,354.0823,349.3712,2.434102,0.349957,0.02398377,-0.9364584,0,0,0,1.174359,0.2908433,-2.649766,-0.006944895,0.08048815,1.103608,0.9827635,0.04224399,0.1799761,-0.02274242,0.9937735,-0.1090731,-0.1834632,0.1030999,0.9776051,moving,-13.40335,5.73254,-0.3605518,4.171301,-0.7355998895280921,2.173977711525402,13.135906976720117,2.032230643441254,13.070951761757591
4450,05/15/2023 18:39:05.033403,4633,True,True,True,True,Eyes,1.385206,0.09617312,-3.707229,-0.2299271,0.09910738,0.9681484,0.0,0.0,0.0,0.0,0.0,0.0,0.0,-0.6972954,-0.4801762,3.878317,1.385507,0.09739208,-3.718739,-0.0544978,-0.09128541,0.01606406,0.9942026,353.948,349.3802,2.414377,0.3499523,0.02401273,-0.9364594,0,0,0,1.175415,0.2938822,-2.64963,-0.006066293,0.08085404,1.104158,0.9828179,0.04189156,0.1797614,-0.02199215,0.9935439,-0.1112965,-0.1832632,0.1054309,0.9773939,moving,-13.35976,5.844892,-0.3147822,4.188115,-0.7409263924277497,2.190509035679101,13.149766379302022,2.0425543961986246,13.0822219732776
4451,05/15/2023 18:39:05.053628,4634,True,True,True,True,Eyes,1.385236,0.09625025,-3.70736,-0.2289945,0.1013379,0.9681385,0.0,0.0,0.0,0.0,0.0,0.0,0.0,-0.6966504,-0.4813676,3.878371,1.385539,0.09691048,-3.71883,-0.0546349,-0.09135088,0.01577562,0.9941939,353.9294,349.3739,2.383224,0.3499482,0.02404084,-0.9364602,0,0,0,1.176476,0.296934,-2.649493,-0.004806817,0.08395153,1.104593,0.9828123,0.04134994,0.1799172,-0.02138615,0.9935323,-0.1115176,-0.1833648,0.1057531,0.9773401,moving,-13.30763,5.975559,-0.2493305,4.346253,-0.7470166879895789,2.20974773883934,13.159552571168074,2.1937060588608444,13.089209744641785
4452,05/15/2023 18:39:05.063401,4635,True,True,True,True,Eyes,1.385272,0.09632583,-3.707488,-0.2280818,0.1034686,0.9681286,0.0,0.0,0.0,0.0,0.0,0.0,0.0,-0.6953955,-0.4776977,3.87931,1.385647,0.09681988,-3.719063,-0.05408949,-0.09149057,0.01552993,0.9942147,353.9895,349.3612,2.349953,0.3499441,0.02406801,-0.936461,0,0,0,1.177492,0.2998563,-2.649363,-0.003484488,0.08802776,1.105011,0.9827766,0.04077752,0.1802425,-0.02098281,0.9936663,-0.1103948,-0.1836025,0.1047114,0.9774076,moving,-13.2566,6.100319,-0.1806731,4.554697,-0.752740098031892,2.2281277094478966,13.166959089365609,2.3958683841098907,13.09395701703372
4453,05/15/2023 18:39:05.083644,4636,True,True,True,True,Eyes,1.38529,0.09640533,-3.707617,-0.2270275,0.1058932,0.9681143,0.0,0.0,0.0,0.0,0.0,0.0,0.0,-0.6965017,-0.4772168,3.879307,1.3858,0.09686279,-3.719147,-0.05390383,-0.09133366,0.01508929,0.9942459,354.0056,349.3826,2.296485,0.34994,0.02409429,-0.9364619,0,0,0,1.178552,0.3029062,-2.649226,-0.002910882,0.09129883,1.105346,0.982861,0.03985139,0.1799895,-0.02015845,0.9937334,-0.1099436,-0.183243,0.104431,0.9775051,moving,-13.19766,6.242246,-0.1508857,4.721772,-0.759186326352267,2.249044530531409,13.135073689165834,2.546450625927214,13.058992772240977
4454,05/15/2023 18:39:05.103417,4637,True,True,True,True,Eyes,1.38531,0.09647734,-3.707749,-0.2259984,0.1082495,0.9680945,0.0,0.0,0.0,0.0,0.0,0.0,0.0,-0.6987143,-0.4823647,3.878341,1.385828,0.09701824,-3.719204,-0.05443516,-0.09103268,0.01460392,0.9942519,353.9391,349.4184,2.24483,0.3499357,0.02411987,-0.9364628,0,0,0,1.179599,0.3059185,-2.649091,-0.002576977,0.0928392,1.10575,0.9829996,0.03895071,0.1794289,-0.01912919,0.9936471,-0.1109034,-0.1826087,0.1055856,0.9774997,moving,-13.14018,6.380144,-0.1335289,4.799318,-0.7654340267417933,2.269369431468069,13.102365575704535,2.6076701955230708,13.023136258169517
4455,05/15/2023 18:39:05.113537,4638,True,True,True,True,Eyes,1.385323,0.09654716,-3.707875,-0.2248633,0.1107797,0.9680725,0.0,0.0,0.0,0.0,0.0,0.0,0.0,-0.7001182,-0.4852666,3.87793,1.385911,0.09690475,-3.719389,-0.05477807,-0.09085216,0.01439923,0.9942526,353.8973,349.4394,2.223993,0.3499312,0.02414463,-0.9364639,0,0,0,1.18064,0.308914,-2.648957,-0.001920044,0.09508459,1.106282,0.9830772,0.03858634,0.1790825,-0.01867951,0.993584,-0.1115429,-0.1822374,0.1063101,0.9774905,moving,-13.07674,6.528146,-0.09944146,4.91248,-0.7720121105740844,2.2911988491189064,13.077486532963515,2.7061903391997686,12.994838947556278
4456,05/15/2023 18:39:05.133403,4639,True,True,True,True,Eyes,1.385345,0.09663603,-3.708011,-0.2237445,0.1131866,0.9680532,0.0,0.0,0.0,0.0,0.0,0.0,0.0,-0.703162,-0.4869791,3.877162,1.386037,0.09689713,-3.71934,-0.0550404,-0.09049174,0.01448773,0.9942696,353.8675,349.4796,2.234756,0.3499264,0.0241686,-0.9364651,0,0,0,1.181702,0.3119702,-2.64882,-0.001635313,0.09755698,1.106571,0.9832027,0.03877082,0.1783516,-0.018848,0.9935213,-0.112072,-0.1815413,0.1068279,0.9775636,moving,-13.01415,6.668852,-0.08467277,5.038255,-0.7780999737615456,2.3119720532089088,13.031892725828337,2.8130872707544063,12.946042282965964
4457,05/15/2023 18:39:05.153482,4640,True,True,True,True,Eyes,1.385382,0.09672678,-3.708142,-0.2225435,0.1158151,0.9680193,0.0,0.0,0.0,0.0,0.0,0.0,0.0,-0.7060533,-0.4853376,3.877271,1.386282,0.09745026,-3.719681,-0.05476196,-0.09014313,0.01450101,0.9943165,353.8987,349.5207,2.231119,0.3499213,0.02419234,-0.9364663,0,0,0,1.18279,0.3151013,-2.64868,-0.001385391,0.1006813,1.107107,0.9833279,0.03871002,0.1776734,-0.01896436,0.9935817,-0.1115158,-0.1808498,0.1062871,0.9777507,moving,-12.94709,6.822515,-0.07169768,5.196237,-0.7848427038599003,2.334646865003928,12.977692688887304,2.9491140916829544,12.888328690215312
4458,05/15/2023 18:39:05.163500,4641,True,True,True,True,Eyes,1.385425,0.09680241,-3.708269,-0.2213094,0.1182896,0.968003,0.0,0.0,0.0,0.0,0.0,0.0,0.0,-0.7112069,-0.4962864,3.875057,1.38653,0.09753036,-3.719705,-0.05610843,-0.08951795,0.01413208,0.9943031,353.7396,349.5907,2.199404,0.3499165,0.0242159,-0.9364675,0,0,0,1.183782,0.3179553,-2.648552,-0.002024502,0.1003836,1.107691,0.9835737,0.03814856,0.1764301,-0.01805771,0.9933043,-0.1141077,-0.1796018,0.1090474,0.9776768,moving,-12.8779,6.966982,-0.1047181,5.178237,-0.790734282057682,2.3560183859161623,12.897820921594183,2.904399440112585,12.805092466233914
4459,05/15/2023 18:39:05.183692,4642,True,True,True,True,Eyes,1.385481,0.09690119,-3.708407,-0.2199868,0.1208869,0.9679835,0.0,0.0,0.0,0.0,0.0,0.0,0.0,-0.7191299,-0.4910103,3.874388,1.386738,0.0972538,-3.719761,-0.05547011,-0.088513,0.01409611,0.9944295,353.8099,349.7091,2.182168,0.3499121,0.02423894,-0.9364686,0,0,0,1.184869,0.3210824,-2.648412,-0.003227234,0.1051721,1.107956,0.9839335,0.03785482,0.174476,-0.01821551,0.9934487,-0.1128176,-0.1776037,0.1078268,0.9781771,moving,-12.80374,7.118543,-0.1668897,5.422526,-0.7968005860606618,2.378453090120137,12.750155260580126,3.108563591925085,12.654375285290845
4460,05/15/2023 18:39:05.193370,4643,True,True,True,True,Eyes,1.385548,0.09698009,-3.708543,-0.2186517,0.1235615,0.9679483,0.0,0.0,0.0,0.0,0.0,0.0,0.0,-0.72529,-0.4936781,3.873373,1.386962,0.09786892,-3.720153,-0.05577874,-0.0877592,0.01417101,0.9944779,353.7738,349.7947,2.18929,0.3499082,0.02426207,-0.9364694,0,0,0,1.185927,0.3241271,-2.648276,-0.003864199,0.1068767,1.108642,0.984195,0.0379757,0.1729683,-0.01839531,0.9933758,-0.1134287,-0.1761301,0.1084542,0.9783741,moving,-12.72901,7.274633,-0.199705,5.506484,-0.8031681083516481,2.401543810269821,12.653451492348877,3.1630398835523894,12.55413314812854
4461,05/15/2023 18:39:05.213416,4644,True,True,True,True,Eyes,1.385619,0.09705368,-3.70869,-0.2172309,0.1262198,0.9679253,0.0,0.0,0.0,0.0,0.0,0.0,0.0,-0.7327681,-0.5103115,3.870008,1.387293,0.09743309,-3.72025,-0.05807227,-0.0868921,0.01424887,0.9944217,353.5105,349.8867,2.216675,0.349905,0.02428479,-0.9364701,0,0,0,1.186938,0.327035,-2.648146,-0.004923165,0.1051363,1.109588,0.9844935,0.0384308,0.1711598,-0.01824671,0.9928492,-0.1179729,-0.1744696,0.1130204,0.9781548,moving,-12.64927,7.429583,-0.2542158,5.412765,-0.8090842978819807,2.424514442753825,12.558062090388852,3.039328946136611,12.455027712765043
4462,05/15/2023 18:39:05.233248,4645,True,True,True,True,Eyes,1.385692,0.09714428,-3.708841,-0.2158019,0.1288185,0.9679025,0.0,0.0,0.0,0.0,0.0,0.0,0.0,-0.7400937,-0.5055809,3.869674,1.387481,0.09736252,-3.720638,-0.05732665,-0.08591467,0.01369173,0.9945577,353.588,350.0057,2.138675,0.3499025,0.024307,-0.9364705,0,0,0,1.187978,0.3300277,-2.648012,-0.006232291,0.1096827,1.110131,0.9848624,0.03708483,0.1693244,-0.01738401,0.9930524,-0.116382,-0.172464,0.1116767,0.9786646,moving,-12.56899,7.580964,-0.321656,5.6426,-0.8146910401434085,2.446976758179689,12.399776010237119,3.2334333848822934,12.293742297244163
4463,05/15/2023 18:39:05.243588,4646,True,True,True,True,Eyes,1.385777,0.09724608,-3.708991,-0.2144012,0.1316243,0.9678363,0.0,0.0,0.0,0.0,0.0,0.0,0.0,-0.7467043,-0.5103236,3.868081,1.387588,0.09785175,-3.720897,-0.05791132,-0.08509091,0.01370261,0.9945945,353.5195,350.0989,2.140564,0.3499006,0.02432916,-0.9364706,0,0,0,1.188991,0.3329427,-2.647882,-0.007004142,0.1107721,1.110744,0.9851435,0.03711253,0.1676748,-0.01740162,0.992917,-0.1175285,-0.170849,0.1128646,0.9788116,moving,-12.4908,7.744629,-0.3612917,5.695157,-0.821379717561625,2.4711866077078533,12.301435163368252,3.2566341634086204,12.191581746608664
4464,05/15/2023 18:39:05.265302,4647,True,True,True,True,Eyes,1.385866,0.09734447,-3.709142,-0.2129977,0.1344169,0.9677624,0.0,0.0,0.0,0.0,0.0,0.0,0.0,-0.753043,-0.5285573,3.86461,1.387865,0.09815311,-3.721002,-0.06022847,-0.08434166,0.0134627,0.994524,353.2506,350.1794,2.131623,0.3498994,0.02435157,-0.9364704,0,0,0,1.190047,0.3359795,-2.647746,-0.007838696,0.1082919,1.111658,0.9854105,0.03693749,0.1661378,-0.01661842,0.9923825,-0.1220682,-0.1693812,0.1175264,0.9785181,moving,-12.4125,7.907479,-0.4040061,5.563896,-0.8279987010420139,2.495280264011896,12.235044218319205,3.0977689166385836,12.12102680002129
4465,05/15/2023 18:39:05.283499,4648,True,True,True,True,Eyes,1.385951,0.09744338,-3.709296,-0.2116114,0.1372961,0.9676623,0.0,0.0,0.0,0.0,0.0,0.0,0.0,-0.759586,-0.536445,3.862479,1.388019,0.09814453,-3.721192,-0.06133846,-0.08355306,0.01362973,0.9945204,353.1237,350.2657,2.156595,0.3498991,0.02437412,-0.93647,0,0,0,1.19109,0.3389806,-2.647611,-0.008485347,0.1088286,1.112404,0.9856663,0.03736011,0.1645184,-0.01686005,0.9921036,-0.1242823,-0.1678625,0.1197271,0.9785129,moving,-12.33543,8.075469,-0.43704,5.58757,-0.8350963015684506,2.5201020351203267,12.155711662683556,3.0931874393223246,12.037600291853655
4466,05/15/2023 18:39:05.293151,4649,True,True,True,True,Eyes,1.386042,0.09753117,-3.709446,-0.210208,0.1400928,0.9675673,0.0,0.0,0.0,0.0,0.0,0.0,0.0,-0.76653,-0.5477288,3.859771,1.388322,0.09821987,-3.721334,-0.06289744,-0.08274487,0.01382983,0.9944879,352.9455,350.3525,2.189535,0.3498995,0.0243968,-0.9364693,0,0,0,1.192326,0.3425387,-2.647452,-0.00910446,0.1088416,1.113282,0.9859241,0.03791607,0.1628379,-0.0170983,0.9917054,-0.1273902,-0.1663173,0.1228128,0.9783944,moving,-12.25727,8.238529,-0.4685564,5.583857,-0.8417413789458087,2.5442246549592324,12.083917070652586,3.062455195023891,11.961794936687197
4467,05/15/2023 18:39:05.313415,4650,True,True,True,True,Eyes,1.386147,0.09762662,-3.709604,-0.2087907,0.1427809,0.9674813,0.0,0.0,0.0,0.0,0.0,0.0,0.0,-0.7741146,-0.5502126,3.858051,1.388516,0.09803486,-3.721419,-0.06331519,-0.08181219,0.01395912,0.9945366,352.8969,350.458,2.201874,0.3499005,0.02441932,-0.9364683,0,0,0,1.193207,0.3450718,-2.647339,-0.01031238,0.1106379,1.113766,0.9862239,0.03812562,0.1609628,-0.01740581,0.9915926,-0.1282226,-0.1644981,0.1236545,0.978596,moving,-12.17815,8.395113,-0.5304875,5.672965,-0.8478264054388845,2.567424753075978,11.961527136942435,3.121711742965718,11.835919228780353
4468,05/15/2023 18:39:05.333112,4651,True,True,True,True,Eyes,1.386256,0.09776105,-3.709779,-0.2073463,0.1454333,0.9673969,0.0,0.0,0.0,0.0,0.0,0.0,0.0,-0.7821237,-0.5448803,3.857655,1.388872,0.09829521,-3.721759,-0.06270241,-0.08083767,0.01430296,0.9946504,352.9681,350.5703,2.228381,0.3499025,0.02444188,-0.936467,0,0,0,1.194234,0.3480273,-2.647207,-0.01150495,0.1147129,1.11428,0.9865215,0.0385903,0.1590167,-0.01831543,0.9917277,-0.1270464,-0.1626041,0.1224215,0.9790674,moving,-12.09742,8.549516,-0.5915583,5.877778,-0.8536290610892875,2.59032540755976,11.81198702167298,3.297881991727414,11.683216995794496
4469,05/15/2023 18:39:05.353220,4652,True,True,True,True,Eyes,1.386401,0.09787241,-3.70993,-0.2059141,0.1482531,0.9672748,0.0,0.0,0.0,0.0,0.0,0.0,0.0,-0.7901856,-0.5529708,3.855516,1.389038,0.09935093,-3.722349,-0.06357367,-0.07981279,0.01401678,0.994682,352.8635,350.6879,2.19665,0.3499051,0.02446545,-0.9364654,0,0,0,1.195286,0.3510541,-2.647071,-0.0128215,0.1146085,1.115265,0.986867,0.03803246,0.1569945,-0.01773649,0.9915238,-0.1287086,-0.1605588,0.1242337,0.9791766,moving,-12.01776,8.713848,-0.6586643,5.86732,-0.8602611037386786,2.6146439840556037,11.710327782626006,3.2589173871053503,11.577694629758623
4470,05/15/2023 18:39:05.363348,4653,True,True,True,True,Eyes,1.386548,0.0979898,-3.710097,-0.2044677,0.1509449,0.9671653,0.0,0.0,0.0,0.0,0.0,0.0,0.0,-0.7990744,-0.5745558,3.850286,1.389292,0.09881401,-3.722021,-0.06653358,-0.07876678,0.01400726,0.9945718,352.5224,350.7988,2.216329,0.3499095,0.02448935,-0.9364631,0,0,0,1.196347,0.3541079,-2.646935,-0.01424658,0.1116334,1.116041,0.9871992,0.03834372,0.1548145,-0.01738117,0.9907542,-0.1345514,-0.1585423,0.1301382,0.9787382,moving,-11.93709,8.870556,-0.7313572,5.712078,-0.8662425722913402,2.6378754531700483,11.642355039315706,3.07716027574027,11.50582008208963
4471,05/15/2023 18:39:05.383256,4654,True,True,True,True,Eyes,1.386721,0.09812661,-3.710259,-0.2030348,0.1537459,0.9670259,0.0,0.0,0.0,0.0,0.0,0.0,0.0,-0.8054867,-0.5735976,3.849703,1.389456,0.09908104,-3.722583,-0.06630266,-0.07792479,0.01370476,0.9946576,352.5442,350.8992,2.173,0.3499153,0.0245137,-0.9364603,0,0,0,1.197389,0.3571055,-2.6468,-0.01515198,0.1147208,1.116864,0.9874798,0.03759634,0.1531996,-0.01692985,0.9908323,-0.1340328,-0.1568344,0.129761,0.9790634,moving,-11.85747,9.033751,-0.7772575,5.864676,-0.8727914821345116,2.66203023867736,11.524501958903961,3.2040703198057856,11.384411835228162
4472,05/15/2023 18:39:05.393612,4655,True,True,True,True,Eyes,1.386894,0.09822986,-3.710429,-0.2016005,0.1565597,0.9668745,0.0,0.0,0.0,0.0,0.0,0.0,0.0,-0.8120186,-0.5952939,3.845231,1.389676,0.09961128,-3.722692,-0.06902903,-0.07714026,0.01336736,0.994538,352.2274,350.9832,2.153902,0.3499229,0.02453893,-0.9364568,0,0,0,1.198463,0.3601941,-2.646662,-0.01604778,0.1110931,1.117903,0.9877415,0.03723852,0.1515923,-0.01593885,0.9901126,-0.1393663,-0.1552832,0.1352417,0.9785688,moving,-11.77785,9.1977,-0.822439,5.675215,-0.879397454222325,2.6862934101314484,11.507776968387336,2.989464255663503,11.36341074658368
4473,05/15/2023 18:39:05.413338,4656,True,True,True,True,Eyes,1.387092,0.09830564,-3.710592,-0.2001935,0.15944,0.9666961,0.0,0.0,0.0,0.0,0.0,0.0,0.0,-0.8177244,-0.6067905,3.842634,1.389845,0.09888363,-3.723071,-0.0705889,-0.07642646,0.01311311,0.994487,352.045,351.0625,2.133592,0.3499322,0.0245641,-0.9364527,0,0,0,1.199459,0.3630616,-2.646534,-0.01670337,0.1110638,1.119087,0.987974,0.03687134,0.1501589,-0.0152919,0.9896905,-0.1424039,-0.1538615,0.1383951,0.9783525,moving,-11.70002,9.365642,-0.855127,5.66776,-0.8864360440367641,2.7111149233725547,11.458011846187498,2.956810843693558,11.309595586114437
4474,05/15/2023 18:39:05.433458,4657,True,True,True,True,Eyes,1.387289,0.09841868,-3.710781,-0.1987772,0.1621067,0.9665449,0.0,0.0,0.0,0.0,0.0,0.0,0.0,-0.8231354,-0.600915,3.842519,1.390054,0.09827995,-3.723129,-0.06991293,-0.07573961,0.01311329,0.9945872,352.1209,351.1443,2.121832,0.3499436,0.02458853,-0.9364478,0,0,0,1.200539,0.3661667,-2.646395,-0.01720592,0.1162337,1.119478,0.9881831,0.03667497,0.1488256,-0.01549425,0.9898804,-0.1410554,-0.1524928,0.1370826,0.9787514,moving,-11.62127,9.520906,-0.8805436,5.927695,-0.8924481341539207,2.7341220405867537,11.325827514587091,3.19359514732674,11.174278324226998
4475,05/15/2023 18:39:05.452991,4658,True,True,True,True,Eyes,1.387507,0.09854389,-3.710966,-0.1973838,0.1649987,0.966341,0.0,0.0,0.0,0.0,0.0,0.0,0.0,-0.8284151,-0.5930194,3.843504,1.3902,0.09930801,-3.72397,-0.0686187,-0.07500726,0.01269059,0.9947385,352.2639,351.2367,2.055519,0.3499566,0.02461321,-0.9364423,0,0,0,1.201568,0.3691292,-2.646262,-0.01791444,0.1208393,1.12023,0.9884257,0.03554143,0.1474835,-0.01495382,0.9902608,-0.1384191,-0.1509668,0.1346115,0.9793308,moving,-11.54438,9.689575,-0.9161819,6.156694,-0.8996102368386073,2.759039843433193,11.199992991649799,3.397694569506746,11.04484551024319
4476,05/15/2023 18:39:05.463531,4659,True,True,True,True,Eyes,1.387717,0.09865189,-3.711159,-0.1959667,0.1678179,0.966144,0.0,0.0,0.0,0.0,0.0,0.0,0.0,-0.8359469,-0.6101426,3.839401,1.390406,0.09966183,-3.724101,-0.07080799,-0.07408734,0.0124877,0.9946564,352.0095,351.3375,2.044765,0.3499716,0.02463842,-0.9364359,0,0,0,1.202615,0.3721395,-2.646127,-0.01907536,0.1185194,1.121217,0.9887103,0.03533389,0.1456144,-0.01434998,0.9896606,-0.1427096,-0.1491513,0.1390089,0.9789946,moving,-11.46597,9.853883,-0.9746842,6.034101,-0.9063315455881604,2.783344045580785,11.165026299333363,3.2514754899998914,11.00599970279923
4477,05/15/2023 18:39:05.483495,4660,True,True,True,True,Eyes,1.387903,0.09877652,-3.711361,-0.1945457,0.1707056,0.9659252,0.0,0.0,0.0,0.0,0.0,0.0,0.0,-0.8429483,-0.6143374,3.83755,1.390393,0.09935188,-3.724473,-0.0713086,-0.07315029,0.0120824,0.9946951,351.9468,351.4476,1.995006,0.3499881,0.02466368,-0.9364291,0,0,0,1.203683,0.3752123,-2.64599,-0.020062,0.1206147,1.122112,0.9890062,0.03446909,0.1438011,-0.01360413,0.9895382,-0.1436283,-0.1472474,0.140093,0.9791282,moving,-11.38752,10.02226,-1.02427,6.135113,-0.9133578790554592,2.8082335076770555,11.06828181616772,3.328727783254646,10.905636696497943
4478,05/15/2023 18:39:05.503476,4661,True,True,True,True,Eyes,1.388083,0.09890192,-3.711562,-0.1931393,0.1736499,0.9656826,0.0,0.0,0.0,0.0,0.0,0.0,0.0,-0.8475415,-0.6214046,3.835785,1.390395,0.09986019,-3.724855,-0.07217105,-0.07256405,0.01201615,0.9946766,351.8463,351.5132,1.990253,0.3500054,0.02468939,-0.9364219,0,0,0,1.204798,0.378423,-2.645846,-0.02012211,0.1212731,1.123028,0.9891802,0.03437841,0.1426211,-0.01343031,0.9892939,-0.1453176,-0.1460899,0.1418298,0.9790516,moving,-11.31009,10.19403,-1.0265,6.163352,-0.9207153158661532,2.8336017922253074,11.045297118130593,3.331430150186689,10.878598888901625
4479,05/15/2023 18:39:05.513608,4662,True,True,True,True,Eyes,1.388267,0.09903066,-3.711773,-0.1918394,0.1766211,0.9654028,0.0,0.0,0.0,0.0,0.0,0.0,0.0,-0.852976,-0.637259,3.832117,1.390396,0.09996414,-3.724996,-0.07440738,-0.07194181,0.01245337,0.9945516,351.5925,351.5742,2.055207,0.3500232,0.02471554,-0.9364145,0,0,0,1.205901,0.3815952,-2.645704,-0.02009007,0.119347,1.12409,0.9893386,0.03547703,0.1412464,-0.01406502,0.9886169,-0.1497958,-0.1449529,0.1462121,0.9785759,moving,-11.23908,10.36765,-1.023898,6.060512,-0.928680558742758,2.859179902756061,11.086089528962319,3.202747813669358,10.91506404371925
4480,05/15/2023 18:39:05.533900,4663,True,True,True,True,Eyes,1.388447,0.09915097,-3.711984,-0.1905426,0.179612,0.9651078,0.0,0.0,0.0,0.0,0.0,0.0,0.0,-0.8560342,-0.6452204,3.830625,1.390582,0.1001387,-3.72546,-0.07553711,-0.07161343,0.01276948,0.9944862,351.4651,351.6058,2.098793,0.3500416,0.02474215,-0.936407,0,0,0,1.206907,0.3844897,-2.645575,-0.01969934,0.1194735,1.125204,0.989417,0.0362171,0.140508,-0.0145792,0.9882622,-0.1520701,-0.1443663,0.1484123,0.9783313,moving,-11.16835,10.54246,-1.002995,6.060926,-0.936756262527857,2.884926626270359,11.10939193966893,3.176690037172808,10.934105897994096
4481,05/15/2023 18:39:05.553036,4664,True,True,True,True,Eyes,1.388639,0.09926075,-3.712199,-0.189352,0.182537,0.9647933,0.0,0.0,0.0,0.0,0.0,0.0,0.0,-0.862015,-0.6576787,3.827382,1.390641,0.1000242,-3.725665,-0.07734166,-0.07091589,0.01315713,0.9943925,351.2601,351.6771,2.153251,0.3500604,0.02476897,-0.9363992,0,0,0,1.207929,0.3874295,-2.645443,-0.01998577,0.1184714,1.126245,0.9895957,0.0371362,0.1390013,-0.01519717,0.9876903,-0.155682,-0.1430716,0.1519498,0.9779784,moving,-11.10384,10.71361,-1.016635,6.004943,-0.9450082058678304,2.9100928725212643,11.132081998840738,3.095678876949739,10.952769936986384
4482,05/15/2023 18:39:05.568695,4665,True,True,True,True,Eyes,1.388826,0.09938253,-3.712421,-0.1881803,0.1853914,0.9644782,0.0,0.0,0.0,0.0,0.0,0.0,0.0,-0.8651814,-0.6601952,3.826621,1.390704,0.09984779,-3.726042,-0.07781999,-0.07055268,0.01354321,0.9943758,351.2077,351.7141,2.198734,0.3500797,0.02479571,-0.9363913,0,0,0,1.208969,0.3904234,-2.645309,-0.01948059,0.1205242,1.127183,0.9896778,0.03791489,0.1382038,-0.01595325,0.9875213,-0.1566756,-0.1424195,0.1528536,0.9779328,moving,-11.04033,10.88065,-0.9901177,6.103169,-0.95302197292297,2.9346595752205245,11.127941947208042,3.1687265688102118,10.944639790569074
4483,05/15/2023 18:39:05.583555,4666,True,True,True,True,Eyes,1.388994,0.09951719,-3.712659,-0.1870706,0.1882502,0.9641403,0.0,0.0,0.0,0.0,0.0,0.0,0.0,-0.8685085,-0.6647291,3.825483,1.390753,0.1002464,-3.726426,-0.07844175,-0.07015732,0.01376125,0.9943519,351.1373,351.7558,2.225772,0.3500993,0.02482266,-0.9363832,0,0,0,1.210009,0.3934133,-2.645175,-0.01912242,0.1216451,1.128076,0.9897772,0.03837358,0.1373632,-0.01636052,0.987315,-0.1579283,-0.141681,0.1540665,0.9778497,moving,-10.98057,11.04811,-0.9711482,6.154659,-0.9613407725284148,2.959253878861521,11.141561266703883,3.195420171719461,10.954238455517384
4484,05/15/2023 18:39:05.593413,4667,True,True,True,True,Eyes,1.389157,0.09964272,-3.712891,-0.1859512,0.1911422,0.9637877,0.0,0.0,0.0,0.0,0.0,0.0,0.0,-0.8717175,-0.6768833,3.823213,1.390912,0.1006756,-3.726962,-0.08001134,-0.06979081,0.01379051,0.9942522,350.9569,351.7924,2.239477,0.3501187,0.02485014,-0.9363753,0,0,0,1.211042,0.3963865,-2.645042,-0.018877,0.1205171,1.129366,0.9898781,0.03859059,0.1365726,-0.01625436,0.986816,-0.1610278,-0.1409861,0.157178,0.9774549,moving,-10.92034,11.21757,-0.9575916,6.091106,-0.9697766838886718,2.9841397859560947,11.2043290216326,3.1069901080434246,11.013062733563368
4485,05/15/2023 18:39:05.613653,4668,True,True,True,True,Eyes,1.389314,0.09977826,-3.713138,-0.1849007,0.1939511,0.9634286,0.0,0.0,0.0,0.0,0.0,0.0,0.0,-0.8757294,-0.6920648,3.819669,1.390948,0.1005535,-3.727048,-0.08182757,-0.06923707,0.01300383,0.9941536,350.741,351.8574,2.159273,0.3501379,0.02487786,-0.9363674,0,0,0,1.212053,0.399295,-2.644912,-0.01934102,0.1192285,1.130344,0.9900743,0.0371866,0.1355364,-0.01452461,0.9862703,-0.164499,-0.1397927,0.1608976,0.9770209,moving,-10.86408,11.38227,-0.9802773,6.021283,-0.9781416391682404,3.008306756969096,11.244097892970174,3.012976999931432,11.049284575512948
4486,05/15/2023 18:39:05.633557,4669,True,True,True,True,Eyes,1.389459,0.09991241,-3.713391,-0.1838826,0.1967688,0.963052,0.0,0.0,0.0,0.0,0.0,0.0,0.0,-0.8790985,-0.6972741,3.818504,1.390767,0.100913,-3.727675,-0.08226691,-0.06871024,0.01230019,0.9941629,350.6838,351.9235,2.07685,0.3501565,0.02490605,-0.9363597,0,0,0,1.213103,0.4023162,-2.644777,-0.01940176,0.120605,1.131439,0.9902552,0.03576193,0.1345946,-0.01315161,0.9861616,-0.1652637,-0.1386422,0.1618831,0.9770222,moving,-10.80979,11.54762,-0.9824038,6.084432,-0.9866993319083468,3.032549947292349,11.243840209078677,3.051885075692307,11.045303702087635
4487,05/15/2023 18:39:05.653157,4670,True,True,True,True,Eyes,1.389581,0.1000332,-3.713662,-0.1828782,0.1994881,0.9626838,0.0,0.0,0.0,0.0,0.0,0.0,0.0,-0.8810077,-0.7084965,3.816342,1.390645,0.1009846,-3.728072,-0.0838692,-0.06851168,0.01270195,0.9940376,350.5029,351.9371,2.135053,0.3501743,0.02493461,-0.9363523,0,0,0,1.214155,0.405343,-2.644641,-0.01833102,0.1198721,1.132651,0.9902897,0.03674446,0.1340758,-0.01376037,0.9856092,-0.1684787,-0.138337,0.1649978,0.9765442,moving,-10.75615,11.70719,-0.9272037,6.041306,-0.9948669607430588,3.0559565938354734,11.345061783425407,2.9861161052010807,11.1427490941735
4488,05/15/2023 18:39:05.663475,4671,True,True,True,True,Eyes,1.389699,0.1001533,-3.713934,-0.181918,0.2021511,0.9623101,0.0,0.0,0.0,0.0,0.0,0.0,0.0,-0.8809664,-0.712198,3.816281,1.390703,0.1007824,-3.728689,-0.08448651,-0.06856227,0.01308078,0.993977,350.4353,351.9254,2.184592,0.3501908,0.02496317,-0.9363454,0,0,0,1.2152,0.4083508,-2.644507,-0.01685402,0.1215647,1.133925,0.9902562,0.03758917,0.1340883,-0.01441881,0.9853818,-0.169749,-0.1385089,0.1661616,0.9763225,moving,-10.70504,11.86354,-0.8515491,6.119137,-1.002975252795597,3.0788782610307983,11.405676163331652,3.04402744396779,11.199398213352845
4489,05/15/2023 18:39:05.683547,4672,True,True,True,True,Eyes,1.389793,0.1002616,-3.714211,-0.1810145,0.2047222,0.9619368,0.0,0.0,0.0,0.0,0.0,0.0,0.0,-0.8813415,-0.7169769,3.815608,1.390716,0.1008701,-3.728996,-0.08520856,-0.06855957,0.01342814,0.9939108,350.3553,351.9198,2.230898,0.3502059,0.02499171,-0.936339,0,0,0,1.216288,0.4114801,-2.644367,-0.01546925,0.1228942,1.134894,0.9902385,0.03837648,0.1339958,-0.01500903,0.9851184,-0.1712207,-0.1385726,0.1675382,0.9760782,moving,-10.65713,12.0146,-0.7809258,6.180301,-1.0109163719400844,3.1010115351653145,11.470765197731957,3.0878664594543612,11.260657388241652
4490,05/15/2023 18:39:05.693370,4673,True,True,True,True,Eyes,1.389877,0.1003454,-3.714484,-0.180157,0.2071804,0.9615715,0.0,0.0,0.0,0.0,0.0,0.0,0.0,-0.8812052,-0.7219497,3.814989,1.390644,0.1006994,-3.729321,-0.08584175,-0.06856017,0.01328546,0.9938582,350.2815,351.9188,2.219864,0.3502194,0.02501994,-0.9363332,0,0,0,1.217352,0.4145412,-2.64423,-0.01422006,0.1245171,1.135889,0.990246,0.03817838,0.1339973,-0.01463708,0.9849094,-0.1724508,-0.1385591,0.1688073,0.9758614,moving,-10.61173,12.15908,-0.7172417,6.255833,-1.0185424143022224,3.1221770116639185,11.521684940226661,3.148107681397448,11.307899401848688
4491,05/15/2023 18:39:05.713364,4674,True,True,True,True,Eyes,1.389929,0.1004267,-3.714777,-0.179326,0.2094201,0.9612416,0.0,0.0,0.0,0.0,0.0,0.0,0.0,-0.8802677,-0.720404,3.815603,1.390461,0.1001959,-3.729513,-0.08575025,-0.06866916,0.01347483,0.9938561,350.2938,351.9046,2.242034,0.3502311,0.02504728,-0.9363281,0,0,0,1.218366,0.417459,-2.644099,-0.01253194,0.1280511,1.136591,0.9902059,0.03856087,0.1341835,-0.01500729,0.9849307,-0.1722974,-0.1388054,0.1685962,0.9758629,moving,-10.56743,12.29064,-0.6317116,6.427976,-1.0252708317261765,3.141475651307462,11.536434860952257,3.3099808777141106,11.318883167853084
4492,05/15/2023 18:39:05.733423,4675,True,True,True,True,Eyes,1.389977,0.1005036,-3.715069,-0.1785683,0.2115381,0.9609188,0.0,0.0,0.0,0.0,0.0,0.0,0.0,-0.8773576,-0.7119462,3.81852,1.390336,0.1002541,-3.730233,-0.08469749,-0.06903121,0.013842,0.9939162,350.4183,351.8629,2.278902,0.3502402,0.02507375,-0.9363239,0,0,0,1.219414,0.4204749,-2.643964,-0.01015815,0.1332432,1.137487,0.9900861,0.03920912,0.1348777,-0.01582203,0.9852694,-0.1702755,-0.1395673,0.1664534,0.976122,moving,-10.52724,12.41515,-0.5116575,6.681081,-1.0317651885425314,3.1597249485542385,11.54085959151515,3.5595590244768713,11.31902302132341
4493,05/15/2023 18:39:05.743559,4676,True,True,True,True,Eyes,1.389999,0.1005758,-3.715365,-0.1778199,0.2134975,0.9606242,0.0,0.0,0.0,0.0,0.0,0.0,0.0,-0.8743821,-0.7082967,3.820112,1.390313,0.1002312,-3.730479,-0.08436545,-0.06945725,0.01441616,0.9939067,350.4621,351.8092,2.346471,0.3502471,0.02509931,-0.9363207,0,0,0,1.22045,0.4234547,-2.643831,-0.007715225,0.1369549,1.138119,0.9899358,0.04037622,0.1356356,-0.01693703,0.9853493,-0.1697054,-0.1405005,0.1657001,0.9761163,moving,-10.48724,12.53026,-0.3883981,6.861664,-1.0375620038106628,3.176621354656353,11.581001180053978,3.7417847442112437,11.355197210732376
4494,05/15/2023 18:39:05.763297,4677,True,True,True,True,Eyes,1.390022,0.1006512,-3.715661,-0.1770993,0.2153687,0.9603395,0.0,0.0,0.0,0.0,0.0,0.0,0.0,-0.8739972,-0.6998028,3.822094,1.390317,0.1002407,-3.730814,-0.08338056,-0.06953052,0.01493395,0.993977,350.5794,351.7995,2.398377,0.3502514,0.02512396,-0.9363184,0,0,0,1.221506,0.4264934,-2.643695,-0.006077081,0.1421709,1.138647,0.989885,0.04128298,0.135733,-0.01809302,0.9856493,-0.1678334,-0.1407139,0.16368,0.9764265,moving,-10.44871,12.64019,-0.3057908,7.117091,-1.0430739128528312,3.1927602993374653,11.549174535936741,3.9929885845893,11.319471827966254
4495,05/15/2023 18:39:05.783185,4678,True,True,True,True,Eyes,1.390007,0.1007274,-3.715969,-0.1762833,0.2171192,0.9600955,0.0,0.0,0.0,0.0,0.0,0.0,0.0,-0.8753254,-0.698221,3.82236,1.390367,0.1003885,-3.731079,-0.08331464,-0.0694129,0.01548205,0.9939825,350.5912,351.8082,2.459971,0.3502532,0.02514786,-0.9363171,0,0,0,1.222557,0.4295166,-2.643559,-0.004913628,0.1451656,1.139336,0.9898844,0.04234399,0.1354106,-0.01921154,0.985638,-0.1677759,-0.1405702,0.1634772,0.9764811,moving,-10.4042,12.74272,-0.2470987,7.261074,-1.0475900563346467,3.207887771580963,11.541886747312056,4.1314773403483915,11.309216346672214
4496,05/15/2023 18:39:05.793358,4679,True,True,True,True,Eyes,1.389996,0.1008048,-3.71627,-0.1754473,0.2188846,0.9598478,0.0,0.0,0.0,0.0,0.0,0.0,0.0,-0.8786851,-0.6913894,3.82338,1.390548,0.1005497,-3.73157,-0.08258162,-0.06903869,0.01611605,0.9940595,350.6795,351.8485,2.523233,0.350252,0.02517111,-0.9363169,0,0,0,1.223644,0.4326465,-2.643419,-0.004337966,0.1497621,1.140074,0.9899479,0.04344327,0.1345955,-0.02063794,0.9858411,-0.1664073,-0.139919,0.1619568,0.9768279,moving,-10.35855,12.84611,-0.2180086,7.483623,-1.0520882169208885,3.223148830103574,11.471131012689332,4.341351052347361,11.235393649014744
4497,05/15/2023 18:39:05.813361,4680,True,True,True,True,Eyes,1.389986,0.1008809,-3.716572,-0.1745478,0.2209993,0.9595272,0.0,0.0,0.0,0.0,0.0,0.0,0.0,-0.885092,-0.6987247,3.820716,1.390604,0.1006365,-3.731698,-0.0836962,-0.0682818,0.01652354,0.9940119,350.5531,351.9281,2.572746,0.3502482,0.02519381,-0.9363177,0,0,0,1.224631,0.4354844,-2.643292,-0.004771024,0.1499712,1.140957,0.9901292,0.04427904,0.13298,-0.02141932,0.9854438,-0.1686465,-0.1385118,0.1641335,0.9766651,moving,-10.30995,12.97023,-0.2395866,7.48822,-1.0579402563620688,3.2414155650014056,11.46580361981486,4.324933596716243,11.227920312393843
4498,05/15/2023 18:39:05.833558,4681,True,True,True,True,Eyes,1.389974,0.100969,-3.716874,-0.173614,0.223137,0.9592018,0.0,0.0,0.0,0.0,0.0,0.0,0.0,-0.8894845,-0.7044826,3.818964,1.390673,0.1006622,-3.732005,-0.08433243,-0.06768736,0.01604725,0.9940066,350.4748,351.9991,2.517481,0.350242,0.02521597,-0.9363195,0,0,0,1.225685,0.4385169,-2.643157,-0.005183816,0.1513393,1.14194,0.9903219,0.04331862,0.1318568,-0.02048564,0.9852611,-0.1698264,-0.1372699,0.1654816,0.9766129,moving,-10.25937,13.09568,-0.2600914,7.549318,-1.063748674835184,3.259890788905409,11.434496226570804,4.364063566754527,11.194279000614738
4499,05/15/2023 18:39:05.843726,4682,True,True,True,True,Eyes,1.389953,0.1010498,-3.717177,-0.1727042,0.2255495,0.9588016,0.0,0.0,0.0,0.0,0.0,0.0,0.0,-0.8944378,-0.716557,3.815832,1.390586,0.101017,-3.732307,-0.08562137,-0.06696764,0.01508094,0.9939603,350.3175,352.087,2.409791,0.3502336,0.02523796,-0.936322,0,0,0,1.226736,0.4415427,-2.643021,-0.005991906,0.150805,1.143052,0.9905759,0.04144743,0.1305438,-0.01851198,0.9848831,-0.1722284,-0.1357089,0.1681886,0.9763687,moving,-10.21092,13.23764,-0.3003431,7.515731,-1.0709617641177749,3.280720676125521,11.443765861598822,4.304551726813151,11.201396262338497
4500,05/15/2023 18:39:05.863672,4683,True,True,True,True,Eyes,1.389928,0.1011166,-3.717474,-0.1718257,0.2279045,0.9584025,0.0,0.0,0.0,0.0,0.0,0.0,0.0,-0.899218,-0.7259807,3.813123,1.390345,0.1008911,-3.732601,-0.08687215,-0.06632817,0.01495414,0.9938965,350.1715,352.1577,2.39935,0.3502232,0.0252596,-0.9363253,0,0,0,1.227783,0.4445549,-2.642886,-0.006037831,0.1509452,1.144198,0.9907539,0.04124988,0.1292486,-0.01820159,0.9844593,-0.1746676,-0.134445,0.1707001,0.9761076,moving,-10.1642,13.37629,-0.3023418,7.515189,-1.078050412735712,3.3010596382977546,11.472085777621617,4.284928252495407,11.227150330455114
4501,05/15/2023 18:39:05.883564,4684,True,True,True,True,Eyes,1.389904,0.1011761,-3.717772,-0.1710046,0.2303772,0.9579581,0.0,0.0,0.0,0.0,0.0,0.0,0.0,-0.9011371,-0.7285292,3.812326,1.390248,0.1006126,-3.73279,-0.08744431,-0.06613931,0.01559025,0.9938491,350.1104,352.1711,2.475812,0.3502107,0.02528059,-0.9363294,0,0,0,1.228828,0.4475617,-2.642752,-0.004833698,0.1528982,1.145081,0.9907651,0.04255573,0.1287384,-0.01942169,0.9842209,-0.1758752,-0.1341915,0.1717506,0.9759581,moving,-10.12123,13.52216,-0.2418596,7.605496,-1.085958713616908,3.32240368740388,11.515592576558628,4.3654762709043355,11.266662328280203
4502,05/15/2023 18:39:05.899046,4685,True,True,True,True,Eyes,1.389888,0.1012398,-3.718068,-0.1701947,0.232769,0.9575241,0.0,0.0,0.0,0.0,0.0,0.0,0.0,-0.9038295,-0.7312979,3.811464,1.39039,0.100481,-3.733052,-0.08809118,-0.06590359,0.01643421,0.993794,350.0422,352.1875,2.576467,0.3501965,0.0253008,-0.9363342,0,0,0,1.229891,0.4506184,-2.642615,-0.003837228,0.1546074,1.146076,0.9907733,0.0442755,0.1280937,-0.0210534,0.9839398,-0.1772551,-0.1338846,0.1729228,0.9757934,moving,-10.07875,13.66327,-0.1918337,7.682906,-1.0935424850018087,3.343059213951602,11.55490664158312,4.43253300713306,11.30228550905683
4503,05/15/2023 18:39:05.913408,4686,True,True,True,True,Eyes,1.389888,0.1013175,-3.71836,-0.1694041,0.2352476,0.9570584,0.0,0.0,0.0,0.0,0.0,0.0,0.0,-0.9073951,-0.7323082,3.810739,1.390576,0.1006451,-3.733302,-0.08837612,-0.06552272,0.01696089,0.9937851,350.0126,352.2253,2.635915,0.3501809,0.02532042,-0.9363396,0,0,0,1.23092,0.4535798,-2.642482,-0.003420383,0.156721,1.146894,0.9908382,0.04529226,0.1272331,-0.02212968,0.983804,-0.1778764,-0.1332289,0.1734311,0.9757929,moving,-10.03767,13.80969,-0.1708727,7.78117,-1.1016301261326653,3.3644658067354305,11.562730747954278,4.513710814518575,11.306435076808999
4504,05/15/2023 18:39:05.933554,4687,True,True,True,True,Eyes,1.389887,0.101382,-3.718645,-0.1685993,0.237716,0.9565905,0.0,0.0,0.0,0.0,0.0,0.0,0.0,-0.9123639,-0.7394692,3.80846,1.390686,0.101018,-3.733549,-0.08929856,-0.064913,0.01694899,0.9937429,349.9051,352.2924,2.636029,0.3501644,0.02533986,-0.9363452,0,0,0,1.23197,0.4566019,-2.642347,-0.003709137,0.1571481,1.147887,0.990998,0.04527915,0.1259866,-0.0220926,0.983477,-0.17968,-0.1320407,0.1752792,0.9756242,moving,-9.995734,13.95551,-0.1851378,7.795453,-1.1096099864108253,3.385793631782785,11.58421771388571,4.5055237838849616,11.325291690742148
4505,05/15/2023 18:39:05.943862,4688,True,True,True,True,Eyes,1.389887,0.1014419,-3.718929,-0.1678196,0.2401561,0.956118,0.0,0.0,0.0,0.0,0.0,0.0,0.0,-0.9169678,-0.7477438,3.805825,1.390679,0.1007471,-3.733646,-0.09043843,-0.06433317,0.01687879,0.9936786,349.7722,352.3559,2.63138,0.3501472,0.02535881,-0.9363511,0,0,0,1.233032,0.4596565,-2.64221,-0.003824651,0.1577512,1.148913,0.9911528,0.04518057,0.1248,-0.02190781,0.983072,-0.1819052,-0.130906,0.1775617,0.9753643,moving,-9.955256,14.09977,-0.1907329,7.818096,-1.117578025389712,3.406884467826236,11.61057016742544,4.507530262576334,11.348914674797394
4506,05/15/2023 18:39:05.963588,4689,True,True,True,True,Eyes,1.38989,0.1015144,-3.719212,-0.1670292,0.2425694,0.9556471,0.0,0.0,0.0,0.0,0.0,0.0,0.0,-0.9206814,-0.7476928,3.80522,1.390744,0.1006908,-3.733912,-0.09045485,-0.06385708,0.01688144,0.993708,349.7691,352.4111,2.626873,0.3501293,0.0253772,-0.9363573,0,0,0,1.234069,0.4626403,-2.642077,-0.003752291,0.1606313,1.149713,0.9912746,0.0451028,0.1238566,-0.02199806,0.9830658,-0.1819274,-0.1299646,0.1776154,0.9754804,moving,-9.914086,14.24245,-0.1869943,7.953553,-1.125376067745282,3.427754229871014,11.583028033153415,4.622057426053662,11.317883056549611
4507,05/15/2023 18:39:05.983350,4690,True,True,True,True,Eyes,1.389932,0.1015794,-3.719483,-0.1662866,0.2449952,0.9551576,0.0,0.0,0.0,0.0,0.0,0.0,0.0,-0.9242789,-0.7553169,3.803104,1.3908,0.1010456,-3.734149,-0.09134437,-0.06338573,0.01657019,0.9936619,349.6634,352.4655,2.593203,0.3501109,0.02539541,-0.9363636,0,0,0,1.235133,0.4657007,-2.64194,-0.00382331,0.1611297,1.150715,0.9914154,0.04451019,0.1229409,-0.02135046,0.9827633,-0.1836314,-0.1289952,0.1794302,0.9752769,moving,-9.875836,14.38607,-0.1903674,7.971055,-1.1334580172063835,3.448733595586408,11.617259549989015,4.619611541794401,11.349452513803335
4508,05/15/2023 18:39:05.993098,4691,True,True,True,True,Eyes,1.389974,0.1016446,-3.719751,-0.1655168,0.2473166,0.954693,0.0,0.0,0.0,0.0,0.0,0.0,0.0,-0.9281971,-0.761737,3.800963,1.390817,0.1008635,-3.734243,-0.09217715,-0.06287451,0.01634977,0.9936212,349.5648,352.5239,2.569057,0.3500931,0.02541325,-0.9363698,0,0,0,1.236186,0.4687319,-2.641804,-0.003905118,0.1622961,1.151653,0.991559,0.04408213,0.1219326,-0.02089977,0.9824721,-0.1852343,-0.127961,0.1811224,0.9751003,moving,-9.835704,14.52341,-0.1942824,8.021555,-1.1409275665576837,3.468826672011621,11.628891989780092,4.6501045471940605,11.358493951962519
4509,05/15/2023 18:39:06.013454,4692,True,True,True,True,Eyes,1.390038,0.1017065,-3.720017,-0.1647643,0.2495911,0.9542311,0.0,0.0,0.0,0.0,0.0,0.0,0.0,-0.9334687,-0.7610705,3.800023,1.390857,0.1009417,-3.734448,-0.09206771,-0.0621791,0.01623137,0.993677,349.5747,352.6064,2.547091,0.3500757,0.02543078,-0.9363759,0,0,0,1.237249,0.4717907,-2.641667,-0.004358351,0.1654107,1.152352,0.9917406,0.04370684,0.1205832,-0.02080808,0.9825202,-0.1849896,-0.1265607,0.1809526,0.9753146,moving,-9.796502,14.65804,-0.2166994,8.168544,-1.1482597901268412,3.4885220637674923,11.57091941848109,4.771835085590316,11.297533634098748
4510,05/15/2023 18:39:06.035177,4693,True,True,True,True,Eyes,1.390107,0.1017616,-3.72028,-0.163999,0.2517687,0.9537908,0.0,0.0,0.0,0.0,0.0,0.0,0.0,-0.9392291,-0.7615573,3.798807,1.390913,0.1008797,-3.734735,-0.09227012,-0.06147519,0.0165694,0.9936965,349.5522,352.6838,2.580384,0.3500593,0.02544794,-0.9363815,0,0,0,1.238294,0.4747961,-2.641533,-0.004606575,0.167943,1.153244,0.9918926,0.04427455,0.1191177,-0.02158523,0.9824234,-0.1854142,-0.1252331,0.1813397,0.9754141,moving,-9.756289,14.78688,-0.2288639,8.285547,-1.1550801626971037,3.507393990603484,11.534260262929697,4.867095925342911,11.25818866716148
4511,05/15/2023 18:39:06.053053,4694,True,True,True,True,Eyes,1.390213,0.1018073,-3.720531,-0.1632374,0.2538699,0.9533644,0.0,0.0,0.0,0.0,0.0,0.0,0.0,-0.9446793,-0.7599425,3.798012,1.391088,0.100769,-3.734909,-0.09223206,-0.06083335,0.017012,0.9937319,349.5581,352.7539,2.624528,0.3500439,0.0254646,-0.9363868,0,0,0,1.239331,0.4777814,-2.641399,-0.004789025,0.1710946,1.153965,0.9920198,0.04503231,0.1177659,-0.02258917,0.9824076,-0.1853777,-0.1240422,0.1812381,0.9755851,moving,-9.716109,14.91118,-0.2377796,8.433616,-1.1615593555050925,3.525613013387675,11.480311998765552,4.9941828514058795,11.20140082688989
4512,05/15/2023 18:39:06.063670,4695,True,True,True,True,Eyes,1.390321,0.1018485,-3.720782,-0.1624683,0.2558418,0.9529685,0.0,0.0,0.0,0.0,0.0,0.0,0.0,-0.9501683,-0.7572859,3.797265,1.391195,0.1005383,-3.73497,-0.0920516,-0.06016706,0.01737913,0.993783,349.5797,352.8282,2.658567,0.3500302,0.02548056,-0.9363915,0,0,0,1.240382,0.4808036,-2.641264,-0.004989654,0.1747389,1.154547,0.9921558,0.0456191,0.1163864,-0.02346519,0.9824489,-0.1850499,-0.1227855,0.1808673,0.9758129,moving,-9.675135,15.02775,-0.2476161,8.606315,-1.1673956912427697,3.542727803772902,11.406705925423088,5.14644632637529,11.12500482346797
4513,05/15/2023 18:39:06.083707,4696,True,True,True,True,Eyes,1.390448,0.1018898,-3.721024,-0.1616998,0.2577766,0.9525778,0.0,0.0,0.0,0.0,0.0,0.0,0.0,-0.9545317,-0.7522352,3.797484,1.391354,0.1004791,-3.735226,-0.09148844,-0.05963191,0.01764825,0.9938624,349.6449,352.8899,2.679703,0.3500183,0.02549579,-0.9363955,0,0,0,1.241429,0.4838171,-2.641129,-0.004981756,0.1790356,1.15516,0.9922652,0.04599112,0.1153026,-0.02416861,0.9826368,-0.1839586,-0.121761,0.179749,0.9761478,moving,-9.634105,15.14212,-0.247093,8.810048,-1.1730614518756868,3.559526838103098,11.323035374904029,5.33154668416176,11.03816751730129
4514,05/15/2023 18:39:06.093355,4697,True,True,True,True,Eyes,1.390574,0.1019422,-3.721266,-0.1609112,0.2596627,0.952199,0.0,0.0,0.0,0.0,0.0,0.0,0.0,-0.959075,-0.7521054,3.796449,1.391448,0.1004829,-3.735277,-0.09155582,-0.05907534,0.01784029,0.9938861,349.637,352.9522,2.696604,0.3500083,0.02551036,-0.9363989,0,0,0,1.242509,0.4869228,-2.64099,-0.004995435,0.1819289,1.155794,0.9923837,0.04627981,0.1141617,-0.02464503,0.9825985,-0.1840999,-0.1206952,0.1798842,0.9762553,moving,-9.591737,15.25356,-0.2476355,8.945301,-1.1784079773494716,3.575916384444314,11.27414584141004,5.449461308639356,10.986835912439352
4515,05/15/2023 18:39:06.113465,4698,True,True,True,True,Eyes,1.390737,0.1020028,-3.72149,-0.1601491,0.2615921,0.9517993,0.0,0.0,0.0,0.0,0.0,0.0,0.0,-0.9639781,-0.7551979,3.794889,1.391575,0.1007938,-3.735521,-0.09191193,-0.05844952,0.01771426,0.9938924,349.5935,353.0248,2.678128,0.3500001,0.02552461,-0.9364015,0,0,0,1.243599,0.490061,-2.640849,-0.005361855,0.1838015,1.156685,0.9925398,0.04595655,0.1129287,-0.02446771,0.9824768,-0.1847719,-0.1194414,0.1806304,0.9762717,moving,-9.551088,15.36771,-0.2655948,9.029018,-1.1840848504381407,3.592680464471288,11.242748784799483,5.513382788538472,10.953634449357656
4516,05/15/2023 18:39:06.133530,4699,True,True,True,True,Eyes,1.390897,0.1020403,-3.721704,-0.1593826,0.2634967,0.9514025,0.0,0.0,0.0,0.0,0.0,0.0,0.0,-0.9683254,-0.7617202,3.792416,1.391627,0.1009798,-3.735434,-0.09272872,-0.05789465,0.01752971,0.9938523,349.497,353.088,2.657047,0.3499945,0.02553879,-0.9364033,0,0,0,1.244547,0.4927865,-2.640728,-0.005728245,0.1843784,1.157368,0.9926819,0.0455809,0.1118264,-0.0241069,0.9821882,-0.186347,-0.1183285,0.1822875,0.9760992,moving,-9.510102,15.4804,-0.2835758,9.051632,-1.1896266758308678,3.609237617723446,11.245347647676812,5.517298687023322,10.95510105608629
4517,05/15/2023 18:39:06.149053,4700,True,True,True,True,Eyes,1.391074,0.102081,-3.721909,-0.1584819,0.2656342,0.9509584,0.0,0.0,0.0,0.0,0.0,0.0,0.0,-0.9715626,-0.7664233,3.790608,1.391728,0.1004534,-3.735378,-0.09339169,-0.05748236,0.01735389,0.9938172,349.4185,353.1351,2.637247,0.3499911,0.02555233,-0.9364042,0,0,0,1.245605,0.4958322,-2.640591,-0.005651057,0.1863075,1.158228,0.9927893,0.04522994,0.1110125,-0.02375644,0.9819536,-0.1876236,-0.1174953,0.1836334,0.9759475,moving,-9.461667,15.60681,-0.2795469,9.13807,-1.195664043905786,3.627832093383433,11.23191554092284,5.585874363863927,10.939579802164882
4518,05/15/2023 18:39:06.168343,4701,True,True,True,True,Eyes,1.391249,0.1021436,-3.722113,-0.1575663,0.2677161,0.9505266,0.0,0.0,0.0,0.0,0.0,0.0,0.0,-0.9747233,-0.7624429,3.790684,1.391898,0.1005526,-3.735397,-0.09280706,-0.05706058,0.01716405,0.9938996,349.4832,353.1885,2.606357,0.3499904,0.02556538,-0.9364041,0,0,0,1.246657,0.4988573,-2.640456,-0.005697101,0.1904851,1.158587,0.9928991,0.04470994,0.110239,-0.02352744,0.9821845,-0.1864406,-0.1166107,0.182523,0.9762619,moving,-9.412181,15.72989,-0.2817374,9.336563,-1.2013728175939464,3.645957073636725,11.14628325773708,5.764436235266552,10.851033800135246
4519,05/15/2023 18:39:06.183388,4702,True,True,True,True,Eyes,1.391415,0.1022039,-3.722307,-0.1565987,0.2701588,0.9499953,0.0,0.0,0.0,0.0,0.0,0.0,0.0,-0.9769081,-0.7678604,3.789285,1.392034,0.1011438,-3.735593,-0.09310211,-0.05668004,0.01600883,0.9939131,349.4405,353.2439,2.470604,0.3499919,0.02557853,-0.9364032,0,0,0,1.247692,0.5018355,-2.640322,-0.006221652,0.1919193,1.159369,0.9930622,0.04237683,0.1096891,-0.0212687,0.9821514,-0.1868856,-0.1156509,0.1832561,0.9762388,moving,-9.360545,15.87464,-0.3074699,9.39938,-1.208564901483644,3.6672158617143342,11.130460944356258,5.802557876484048,10.83366798662285
4520,05/15/2023 18:39:06.193415,4703,True,True,True,True,Eyes,1.391567,0.1022612,-3.72249,-0.1556252,0.2725257,0.9494791,0.0,0.0,0.0,0.0,0.0,0.0,0.0,-0.9803151,-0.7772189,3.786384,1.391944,0.1011248,-3.735513,-0.09399953,-0.05611686,0.01479537,0.9938794,349.3279,353.319,2.330454,0.3499952,0.02559173,-0.9364015,0,0,0,1.248777,0.5049574,-2.640183,-0.006932199,0.19274,1.160228,0.993264,0.03995955,0.1087653,-0.0188597,0.9818903,-0.1885089,-0.1143284,0.1851878,0.9760301,moving,-9.308346,16.01488,-0.3423302,9.431989,-1.2153746479014371,3.6878312669311626,11.123124257317755,5.810125185431554,10.82550621775418
4521,05/15/2023 18:39:06.213140,4704,True,True,True,True,Eyes,1.391706,0.1023012,-3.722669,-0.1546748,0.2750775,0.9488983,0.0,0.0,0.0,0.0,0.0,0.0,0.0,-0.9834777,-0.779937,3.784867,1.39178,0.1011095,-3.735434,-0.09426122,-0.05564812,0.01439642,0.9938868,349.2941,353.3769,2.281005,0.3500001,0.0256049,-0.9363994,0,0,0,1.249796,0.5078885,-2.640052,-0.006944299,0.1949588,1.16079,0.9933921,0.03910775,0.1079017,-0.01812591,0.9818152,-0.1889722,-0.1133299,0.1857677,0.9760362,moving,-9.258052,16.16642,-0.3427617,9.534048,-1.2231783807804335,3.710054375088165,11.111739714358775,5.890164282497572,10.811662659897408
4522,05/15/2023 18:39:06.233409,4705,True,True,True,True,Eyes,1.391839,0.102331,-3.722839,-0.1537339,0.2774717,0.9483539,0.0,0.0,0.0,0.0,0.0,0.0,0.0,-0.985623,-0.7802784,3.784262,1.391712,0.1007147,-3.735495,-0.0943903,-0.05536729,0.01446196,0.9938894,349.2791,353.4084,2.286469,0.3500061,0.02561762,-0.9363968,0,0,0,1.250864,0.5109635,-2.639914,-0.006257951,0.1980293,1.161544,0.9934506,0.03919944,0.1073278,-0.01829489,0.9817626,-0.1892284,-0.1127881,0.1860255,0.97605,moving,-9.207896,16.30855,-0.3086847,9.67522,-1.2302800262894626,3.7309236090760503,11.099415689618427,6.015313585224803,10.796033802736536
4523,05/15/2023 18:39:06.253212,4706,True,True,True,True,Eyes,1.391935,0.1023583,-3.723013,-0.1527496,0.2799422,0.9477869,0.0,0.0,0.0,0.0,0.0,0.0,0.0,-0.9893812,-0.773819,3.784545,1.391675,0.1005087,-3.735449,-0.09371398,-0.05490644,0.01489961,0.9939723,349.3586,353.4597,2.327364,0.350013,0.02562969,-0.9363939,0,0,0,1.251925,0.5140159,-2.639777,-0.005807906,0.2028473,1.161825,0.9935266,0.03991061,0.1063583,-0.01932861,0.9819914,-0.1879344,-0.1119435,0.184662,0.976406,moving,-9.155321,16.45525,-0.2864165,9.903658,-1.2375512638471275,3.7524709120442505,11.026369518775628,6.224287905458107,10.718937825034976
4524,05/15/2023 18:39:06.263852,4707,True,True,True,True,Eyes,1.392029,0.1023834,-3.723177,-0.1517663,0.2822997,0.9472454,0.0,0.0,0.0,0.0,0.0,0.0,0.0,-0.9925427,-0.769071,3.784851,1.391685,0.1004858,-3.735616,-0.09326473,-0.05454186,0.01543595,0.9940265,349.4128,353.4979,2.382403,0.3500198,0.02564111,-0.936391,0,0,0,1.252948,0.5169594,-2.639646,-0.005144686,0.2068208,1.162346,0.9935739,0.04086115,0.1055527,-0.02051384,0.9821268,-0.187099,-0.1113113,0.1837314,0.9766538,moving,-9.102486,16.5952,-0.2535965,10.08927,-1.24429272052007,3.773050188692016,10.983167600838577,6.393442867979053,10.672079204496713
4525,05/15/2023 18:39:06.283742,4708,True,True,True,True,Eyes,1.392095,0.1024014,-3.723336,-0.1507746,0.2846847,0.9466898,0.0,0.0,0.0,0.0,0.0,0.0,0.0,-0.9970894,-0.7670103,3.784023,1.39174,0.1004601,-3.735545,-0.093109,-0.05398476,0.01571642,0.9940671,349.4312,353.5602,2.407819,0.3500268,0.02565189,-0.9363881,0,0,0,1.25402,0.5200444,-2.639508,-0.005090952,0.2102692,1.162788,0.9936773,0.04129928,0.1044023,-0.02119339,0.9821674,-0.1868101,-0.1102557,0.1834163,0.9768327,moving,-9.049213,16.73687,-0.2508525,10.25014,-1.2511324304339189,3.793880539705573,10.931093887661026,6.533287545935061,10.617268360291808
4526,05/15/2023 18:39:06.293592,4709,True,True,True,True,Eyes,1.392161,0.1024262,-3.723495,-0.1498124,0.2869621,0.9461549,0.0,0.0,0.0,0.0,0.0,0.0,0.0,-1.001266,-0.7644857,3.783362,1.391653,0.1003075,-3.735511,-0.09287391,-0.05344367,0.01589566,0.9941156,349.458,353.6221,2.421142,0.3500331,0.02566194,-0.9363854,0,0,0,1.255153,0.523302,-2.639362,-0.004844815,0.214171,1.163275,0.9937823,0.04153129,0.1033058,-0.02167719,0.9822435,-0.1863538,-0.109211,0.1829557,0.9770364,moving,-8.997409,16.87218,-0.2386244,10.43192,-1.25759785959981,3.813783815468419,10.871672205176035,6.69612077761259,10.55472533729829
4527,05/15/2023 18:39:06.313388,4710,True,True,True,True,Eyes,1.392223,0.1024533,-3.723646,-0.1489693,0.2893193,0.9455699,0.0,0.0,0.0,0.0,0.0,0.0,0.0,-1.003065,-0.7630371,3.783387,1.391743,0.1004982,-3.735684,-0.09275395,-0.05324836,0.01619006,0.9941325,349.4732,353.6421,2.452335,0.350039,0.02567149,-0.9363829,0,0,0,1.256119,0.5260817,-2.639237,-0.004089683,0.2169672,1.163881,0.9938051,0.04206811,0.1028685,-0.02231211,0.9822691,-0.1861436,-0.1088752,0.1826952,0.9771227,moving,-8.953047,17.01272,-0.201327,10.5597,-1.2650013600750518,3.8343738534634912,10.873549102238885,6.808921715041866,10.553104952973476
4528,05/15/2023 18:39:06.333790,4711,True,True,True,True,Eyes,1.392291,0.1024866,-3.723788,-0.1481344,0.2915891,0.9450037,0.0,0.0,0.0,0.0,0.0,0.0,0.0,-1.005953,-0.7656959,3.782045,1.39186,0.1005478,-3.7356,-0.09328043,-0.052954,0.01669532,0.9940905,349.4152,353.6689,2.511394,0.3500444,0.02568067,-0.9363807,0,0,0,1.257172,0.5291135,-2.639102,-0.003371507,0.2187149,1.164591,0.9938343,0.04307245,0.1021674,-0.02331418,0.98204,-0.1872266,-0.1083968,0.1836902,0.9769893,moving,-8.908922,17.14806,-0.1658716,10.63648,-1.2720285970526164,3.854214330904644,10.901449646415847,6.871878266407078,10.578324715884598
4529,05/15/2023 18:39:06.343831,4712,True,True,True,True,Eyes,1.392344,0.1025176,-3.723925,-0.1472883,0.2938673,0.9444301,0.0,0.0,0.0,0.0,0.0,0.0,0.0,-1.009414,-0.7660182,3.781083,1.392084,0.100729,-3.735538,-0.09340062,-0.05256324,0.01694621,0.9940958,349.402,353.7112,2.5371,0.3500496,0.02568966,-0.9363785,0,0,0,1.258209,0.5320958,-2.638968,-0.003161937,0.221204,1.165129,0.9938998,0.04351119,0.1013401,-0.02387344,0.9819783,-0.1874798,-0.1076713,0.1839168,0.9770268,moving,-8.864144,17.28396,-0.1554894,10.74988,-1.279050633028742,3.874141014097563,10.88737187701886,6.966934508564274,10.561737050296813
4530,05/15/2023 18:39:06.363655,4713,True,True,True,True,Eyes,1.392404,0.1025628,-3.724061,-0.1464346,0.2960523,0.9438803,0.0,0.0,0.0,0.0,0.0,0.0,0.0,-1.013493,-0.7655166,3.780083,1.392259,0.1006975,-3.735465,-0.09342149,-0.05207504,0.01712815,0.9941164,349.3995,353.7659,2.553074,0.3500542,0.02569844,-0.9363765,0,0,0,1.25925,0.5350921,-2.638834,-0.003155619,0.2241448,1.165649,0.9939897,0.04378459,0.1003371,-0.02432486,0.9819582,-0.1875276,-0.1067376,0.1839598,0.9771212,moving,-8.818625,17.41427,-0.1551095,10.88465,-1.2855956276793696,3.893270622288705,10.848614573443939,7.082187832016479,10.520605283590939
4531,05/15/2023 18:39:06.383710,4714,True,True,True,True,Eyes,1.392445,0.1025954,-3.724191,-0.145544,0.2982822,0.9433158,0.0,0.0,0.0,0.0,0.0,0.0,0.0,-1.018059,-0.7653773,3.779113,1.392479,0.1010857,-3.735602,-0.09340556,-0.05151889,0.01722174,0.9941452,349.4005,353.8296,2.557823,0.3500587,0.02570738,-0.9363747,0,0,0,1.2603,0.5381131,-2.638699,-0.003395557,0.2267359,1.166295,0.9940984,0.04386612,0.0992173,-0.02461752,0.9819577,-0.1874919,-0.1056517,0.1839429,0.9772424,moving,-8.770991,17.54727,-0.1668108,11.00148,-1.2921900884047797,3.9128053965194023,10.811072270509158,7.177449837985722,10.481347825408015
4532,05/15/2023 18:39:06.403286,4715,True,True,True,True,Eyes,1.392494,0.1026263,-3.724315,-0.1445998,0.3003469,0.9428058,0.0,0.0,0.0,0.0,0.0,0.0,0.0,-1.021446,-0.7705407,3.777138,1.392709,0.1007986,-3.735513,-0.09407008,-0.05109295,0.01694943,0.9941093,349.3214,353.8795,2.526135,0.3500625,0.02571616,-0.936373,0,0,0,1.261412,0.5413116,-2.638556,-0.003520697,0.228561,1.167199,0.9942045,0.0433118,0.09839506,-0.02408653,0.981727,-0.1887639,-0.1047728,0.1852999,0.9770807,moving,-8.719609,17.67017,-0.1728244,11.07946,-1.2977470860144695,3.930921072269907,10.792821007637308,7.236508816465472,10.462233203854103
4533,05/15/2023 18:39:06.413483,4716,True,True,True,True,Eyes,1.392507,0.1026412,-3.724459,-0.1435692,0.3023911,0.9423097,0.0,0.0,0.0,0.0,0.0,0.0,0.0,-1.027679,-0.7643489,3.776778,1.392927,0.1008129,-3.735505,-0.09299588,-0.0501911,0.01606013,0.994271,349.4371,353.9978,2.406144,0.350066,0.02572474,-0.9363714,0,0,0,1.262411,0.544185,-2.638427,-0.005273491,0.2337784,1.167267,0.9944459,0.04127137,0.09682009,-0.02260109,0.9821877,-0.1865384,-0.1027942,0.1833141,0.9776653,moving,-8.662899,17.79165,-0.2588497,11.32527,-1.302808389276191,3.948879190098297,10.603872638863146,7.449898732554528,10.27253610176067
4534,05/15/2023 18:39:06.433436,4717,True,True,True,True,Eyes,1.392528,0.1026876,-3.724589,-0.1425397,0.3044521,0.9418022,0.0,0.0,0.0,0.0,0.0,0.0,0.0,-1.035034,-0.7614689,3.775855,1.392982,0.1004505,-3.736005,-0.0928073,-0.04926564,0.01642744,0.994329,349.4587,354.1021,2.437567,0.3500682,0.02573276,-0.9363704,0,0,0,1.263486,0.5472783,-2.638288,-0.005914927,0.2375624,1.168303,0.9946061,0.04181297,0.0949233,-0.02352413,0.9822339,-0.1861806,-0.1010216,0.1829433,0.9779195,moving,-8.606275,17.91423,-0.2900767,11.49381,-1.3079592063138854,3.966994679062149,10.506233727712463,7.595329727679017,10.17385145963724
4535,05/15/2023 18:39:06.453271,4718,True,True,True,True,Eyes,1.392553,0.1026981,-3.724735,-0.141515,0.3067982,0.9411952,0.0,0.0,0.0,0.0,0.0,0.0,0.0,-1.040733,-0.7708901,3.772288,1.393169,0.1012268,-3.735825,-0.09413327,-0.04862489,0.01683089,0.994229,349.3072,354.1674,2.485991,0.3500696,0.02574105,-0.9363697,0,0,0,1.26452,0.5502549,-2.638155,-0.006175309,0.2366853,1.169187,0.9947047,0.04262197,0.09351978,-0.02431309,0.9817113,-0.1888168,-0.09985718,0.1855433,0.9775491,moving,-8.550754,18.05424,-0.302617,11.44406,-1.3145094858770705,3.9876060549320753,10.570063557196285,7.524801116168686,10.23903126915444
4536,05/15/2023 18:39:06.468381,4719,True,True,True,True,Eyes,1.392583,0.1027388,-3.724866,-0.1404768,0.3091443,0.9405829,0.0,0.0,0.0,0.0,0.0,0.0,0.0,-1.046417,-0.7704213,3.771372,1.393531,0.1003466,-3.736279,-0.09423622,-0.04793075,0.01691436,0.9942515,349.2941,354.2468,2.488779,0.3500701,0.02574869,-0.9363692,0,0,0,1.26559,0.5533314,-2.638018,-0.006777674,0.2402451,1.170461,0.9948331,0.04266788,0.09212258,-0.02460063,0.9816669,-0.1890104,-0.09849834,0.1857676,0.9776444,moving,-8.494384,18.1943,-0.3317733,11.59925,-1.3210016862392355,4.008232038049914,10.493945775648665,7.65520257725361,10.161861462768798
4537,05/15/2023 18:39:06.483813,4720,True,True,True,True,Eyes,1.392609,0.1027578,-3.725011,-0.1394539,0.3117299,0.9398814,0.0,0.0,0.0,0.0,0.0,0.0,0.0,-1.051466,-0.7806276,3.767719,1.393678,0.1010942,-3.736055,-0.09545221,-0.04729427,0.01663657,0.9941707,349.1512,354.3194,2.45726,0.3500702,0.02575649,-0.936369,0,0,0,1.266617,0.5562883,-2.637885,-0.007473201,0.239553,1.171274,0.9949729,0.04210786,0.09086116,-0.02405047,0.9812242,-0.1913652,-0.09721315,0.188218,0.9773042,moving,-8.439627,18.3491,-0.3655653,11.55892,-1.3287269332440492,4.030962768960906,10.549740127975042,7.589322789558178,10.219467066168718
4538,05/15/2023 18:39:06.493411,4721,True,True,True,True,Eyes,1.392642,0.1027424,-3.725124,-0.1384459,0.3142543,0.9391896,0.0,0.0,0.0,0.0,0.0,0.0,0.0,-1.054693,-0.7840209,3.766622,1.393899,0.1005659,-3.736501,-0.09593163,-0.04688591,0.01647185,0.9941466,349.0941,354.367,2.436629,0.3500697,0.0257639,-0.936369,0,0,0,1.267777,0.5596236,-2.637736,-0.007377535,0.2420794,1.172719,0.9950608,0.04174654,0.09006261,-0.02375518,0.9810516,-0.1922848,-0.09638333,0.1891956,0.9771976,moving,-8.38558,18.50032,-0.3604409,11.6635,-1.3362329829119242,4.053172677188728,10.54253125614284,7.672630067284711,10.21087430789964
4539,05/15/2023 18:39:06.513317,4722,True,True,True,True,Eyes,1.392674,0.102746,-3.725274,-0.1375155,0.3166113,0.9385344,0.0,0.0,0.0,0.0,0.0,0.0,0.0,-1.056429,-0.7879514,3.764708,1.39409,0.09971523,-3.73584,-0.09648208,-0.04665987,0.01611323,0.99411,349.0283,354.3953,2.395916,0.350069,0.02577011,-0.9363691,0,0,0,1.268711,0.5623125,-2.637616,-0.007314175,0.2443106,1.17306,0.9951265,0.04104031,0.08966077,-0.02303294,0.9808632,-0.1933313,-0.09587932,0.1903239,0.9770282,moving,-8.335754,18.64164,-0.3572416,11.76468,-1.343297373886544,4.073922591304205,10.533244464957306,7.753712369479812,10.20031705811795
4540,05/15/2023 18:39:06.533560,4723,True,True,True,True,Eyes,1.392715,0.1027829,-3.725412,-0.1366133,0.3190013,0.9378566,0.0,0.0,0.0,0.0,0.0,0.0,0.0,-1.057996,-0.7682422,3.769182,1.394243,0.09987164,-3.73663,-0.09370359,-0.04637212,0.01578082,0.9943945,349.3451,354.4421,2.33707,0.3500679,0.02577568,-0.9363694,0,0,0,1.269738,0.5652661,-2.637483,-0.007138491,0.2533728,1.173016,0.9952012,0.04007519,0.08926696,-0.02269424,0.9819412,-0.1878202,-0.09518185,0.1848931,0.9781386,moving,-8.287725,18.78515,-0.3486742,12.1887,-1.3506584427459556,4.094971608494211,10.321902935383603,8.155514189686514,9.982219225057545
4541,05/15/2023 18:39:06.553722,4724,True,True,True,True,Eyes,1.39275,0.1028119,-3.725554,-0.1357287,0.3216007,0.937097,0.0,0.0,0.0,0.0,0.0,0.0,0.0,-1.057031,-0.7751349,3.768243,1.394478,0.1010303,-3.736713,-0.09438069,-0.04651977,0.01551811,0.9943277,349.2662,354.4254,2.312356,0.3500666,0.02578154,-0.9363697,0,0,0,1.270822,0.5683855,-2.637344,-0.006049812,0.2536044,1.17387,0.9951903,0.03964132,0.08958253,-0.02207904,0.9817029,-0.1891344,-0.09544101,0.1862468,0.9778565,moving,-8.241385,18.94162,-0.2952846,12.1909,-1.3591233867804382,4.117868837940749,10.426539794451472,8.142824148158807,10.085210896111784
4542,05/15/2023 18:39:06.573413,4725,True,True,True,True,Eyes,1.392782,0.1028437,-3.725691,-0.1348761,0.3241753,0.9363326,0.0,0.0,0.0,0.0,0.0,0.0,0.0,-1.058525,-0.7884079,3.765335,1.394619,0.1008234,-3.736936,-0.09606822,-0.0463329,0.01514244,0.9941806,349.0697,354.4455,2.277056,0.3500651,0.02578744,-0.9363701,0,0,0,1.271885,0.5714453,-2.637207,-0.005674899,0.2527108,1.175608,0.995248,0.03901087,0.08921714,-0.02120639,0.9810832,-0.1924215,-0.09503597,0.1896151,0.9772484,moving,-8.196916,19.09678,-0.2765762,12.13179,-1.367625522984658,4.140561405947396,10.5471734719575,8.065365649962143,10.206373125438367
4543,05/15/2023 18:39:06.583484,4726,True,True,True,True,Eyes,1.392844,0.1028608,-3.725826,-0.1341081,0.3267913,0.9355332,0.0,0.0,0.0,0.0,0.0,0.0,0.0,-1.056483,-0.7980655,3.76384,1.394578,0.1009092,-3.736915,-0.09709127,-0.04653066,0.01437182,0.9940833,348.9482,354.4277,2.196094,0.3500633,0.02579346,-0.9363706,0,0,0,1.27288,0.5743071,-2.637079,-0.004639506,0.2528789,1.176685,0.9952567,0.03760901,0.08971985,-0.01953815,0.9807335,-0.1943711,-0.09530139,0.1916962,0.9768164,moving,-8.157739,19.25483,-0.2259082,12.12884,-1.3767319790368235,4.163623155970644,10.662723541381377,8.047923629285108,10.320212239965034
4544,05/15/2023 18:39:06.603716,4727,True,True,True,True,Eyes,1.392906,0.1028719,-3.725962,-0.1333862,0.3293171,0.9347504,0.0,0.0,0.0,0.0,0.0,0.0,0.0,-1.056206,-0.8006158,3.763556,1.394633,0.1005192,-3.737085,-0.09743058,-0.04656006,0.01422409,0.994051,348.9084,354.4248,2.181356,0.3500619,0.02579921,-0.936371,0,0,0,1.274193,0.5780854,-2.63691,-0.003240973,0.256056,1.177873,0.9952598,0.03735168,0.08979444,-0.01920616,0.9806099,-0.1950265,-0.09533793,0.1923773,0.976679,moving,-8.121117,19.40761,-0.1576516,12.26462,-1.3856257772473333,4.185905024881092,10.69762063811842,8.17150880983413,10.3503625468766
4545,05/15/2023 18:39:06.613279,4728,True,True,True,True,Eyes,1.392982,0.1028767,-3.726098,-0.1327526,0.331805,0.9339606,0.0,0.0,0.0,0.0,0.0,0.0,0.0,-1.054538,-0.8023427,3.763834,1.394709,0.100379,-3.73724,-0.09765556,-0.04678613,0.01419122,0.9940188,348.8829,354.3981,2.181479,0.3500609,0.02580457,-0.9363712,0,0,0,1.275035,0.580507,-2.636801,-0.001863807,0.2579559,1.178671,0.9952193,0.03735051,0.09024086,-0.0190748,0.980524,-0.1954708,-0.09578428,0.192815,0.976549,moving,-8.089797,19.55843,-0.09060052,12.34473,-1.3947575790227016,4.207858810903851,10.771472137811267,8.240721957604304,10.420168346458974
4546,05/15/2023 18:39:06.633415,4729,True,True,True,True,Eyes,1.393058,0.1028785,-3.726229,-0.1321367,0.3341754,0.9332024,0.0,0.0,0.0,0.0,0.0,0.0,0.0,-1.053007,-0.8017294,3.764561,1.394775,0.1002054,-3.73739,-0.0974933,-0.04695776,0.01391217,0.9940305,348.9004,354.3818,2.150022,0.3500605,0.02580941,-0.9363711,0,0,0,1.276028,0.5833651,-2.636673,-0.00061813,0.261204,1.17936,0.9952029,0.03681438,0.09064225,-0.01850209,0.980603,-0.1951292,-0.09606761,0.192516,0.9765801,moving,-8.059216,19.70221,-0.03003005,12.48825,-1.403410445954278,4.228794152924936,10.793935607612147,8.372860001324158,10.437682503455553
4547,05/15/2023 18:39:06.653705,4730,True,True,True,True,Eyes,1.393115,0.1028792,-3.726362,-0.1315433,0.3364201,0.9324795,0.0,0.0,0.0,0.0,0.0,0.0,0.0,-1.052778,-0.8006198,3.764928,1.394855,0.1001415,-3.737427,-0.09725873,-0.04696129,0.01362731,0.9940573,348.9257,354.3854,2.115545,0.3500608,0.02581372,-0.936371,0,0,0,1.277074,0.5863752,-2.636539,0.0002624393,0.2646914,1.17991,0.9952179,0.03622745,0.09071368,-0.01795784,0.9807101,-0.1946414,-0.09601521,0.1920816,0.9766707,moving,-8.029636,19.83844,0.01274391,12.64394,-1.4115648724356855,4.248635449741178,10.790769428857775,8.515268286984265,10.429940138191215
4548,05/15/2023 18:39:06.663269,4731,True,True,True,True,Eyes,1.393172,0.1029126,-3.726504,-0.130967,0.3386051,0.9317695,0.0,0.0,0.0,0.0,0.0,0.0,0.0,-1.053363,-0.7945402,3.766159,1.39488,0.1001244,-3.737527,-0.09646488,-0.04687783,0.01368244,0.9941378,349.0171,354.3971,2.116122,0.3500612,0.02581751,-0.9363707,0,0,0,1.278132,0.5894173,-2.636402,0.001270205,0.2695166,1.180199,0.9952306,0.03624859,0.09056631,-0.01816031,0.9810146,-0.1930816,-0.09584585,0.190516,0.9769941,moving,-8.000924,19.97115,0.0616653,12.86378,-1.419516155158325,4.267963167906784,10.748025611123865,8.722497664889454,10.381090719840165
4549,05/15/2023 18:39:06.683774,4732,True,True,True,True,Eyes,1.393214,0.1029499,-3.726641,-0.1303804,0.3409918,0.930981,0.0,0.0,0.0,0.0,0.0,0.0,0.0,-1.054876,-0.7980494,3.765417,1.394923,0.1009388,-3.737916,-0.09690448,-0.04672025,0.01392361,0.994099,348.9676,354.4113,2.145049,0.3500617,0.02582167,-0.9363704,0,0,0,1.279168,0.5923977,-2.636269,0.002207965,0.2705118,1.181261,0.9952466,0.03673769,0.09019059,-0.01862808,0.9808313,-0.1939663,-0.09558761,0.1913643,0.9768535,moving,-7.972211,20.11634,0.1070948,12.89848,-1.4284118435470483,4.289084869103391,10.83386750839762,8.745253865513758,10.464360690959854
4550,05/15/2023 18:39:06.703549,4733,True,True,True,True,Eyes,1.39326,0.1029638,-3.726763,-0.1298141,0.3433586,0.9301899,0.0,0.0,0.0,0.0,0.0,0.0,0.0,-1.054253,-0.8214808,3.760453,1.39481,0.1010065,-3.73786,-0.09988248,-0.04679124,0.01344949,0.9938075,348.6227,354.3986,2.109124,0.3500619,0.02582626,-0.9363703,0,0,0,1.280259,0.595538,-2.636128,0.003338873,0.2663653,1.183441,0.9952594,0.03607965,0.09031618,-0.01738515,0.9796852,-0.1997865,-0.09568965,0.1972693,0.9756681,moving,-7.944688,20.26049,0.1616496,12.68458,-1.437315535841027,4.310046672415773,11.095364870668911,8.525813624543646,10.727906325973251
4551,05/15/2023 18:39:06.713175,4734,True,True,True,True,Eyes,1.393322,0.1029807,-3.726875,-0.1292115,0.3456721,0.9294165,0.0,0.0,0.0,0.0,0.0,0.0,0.0,-1.056094,-0.8278135,3.758371,1.394967,0.1004438,-3.73764,-0.1009416,-0.04663351,0.01381896,0.9937028,348.5026,354.4091,2.156753,0.3500621,0.02583065,-0.9363701,0,0,0,1.281286,0.5984932,-2.635996,0.004251659,0.2673393,1.184528,0.9952688,0.0368784,0.08988991,-0.01804934,0.9792397,-0.2019008,-0.0954695,0.1993231,0.9752722,moving,-7.914776,20.40136,0.2056525,12.71816,-1.4457969231103798,4.330557861193747,11.1791288240011,8.54863467671878,10.809457552338957
4552,05/15/2023 18:39:06.733337,4735,True,True,True,True,Eyes,1.393387,0.1030065,-3.726988,-0.1286426,0.3478797,0.9286715,0.0,0.0,0.0,0.0,0.0,0.0,0.0,-1.057899,-0.828569,3.757573,1.394891,0.1005001,-3.737542,-0.1010435,-0.04638898,0.01379993,0.9937041,348.4903,354.4375,2.152302,0.3500627,0.02583495,-0.9363697,0,0,0,1.282315,0.6014524,-2.635864,0.004882872,0.2699217,1.18509,0.9953153,0.0368007,0.08940502,-0.01805148,0.9791995,-0.2020951,-0.09498262,0.1995344,0.9752766,moving,-7.886606,20.53592,0.2360719,12.83107,-1.4539277059975113,4.350146776229557,11.195651378533023,8.647667743140955,10.822629344229302
4553,05/15/2023 18:39:06.753554,4736,True,True,True,True,Eyes,1.393527,0.1030515,-3.727084,-0.1280418,0.3502584,0.9278601,0.0,0.0,0.0,0.0,0.0,0.0,0.0,-1.057575,-0.8274022,3.758106,1.395032,0.1007404,-3.737669,-0.1009078,-0.04646756,0.01398152,0.9937118,348.507,354.4267,2.173493,0.3500637,0.02583938,-0.9363692,0,0,0,1.283372,0.604495,-2.635728,0.00624454,0.2729313,1.18574,0.9952905,0.03716509,0.08952902,-0.0184093,0.9792443,-0.201846,-0.09517244,0.1992472,0.9753168,moving,-7.857018,20.68105,0.3017378,12.96245,-1.46275509594054,4.3712674996281455,11.23129921977122,8.770510357699843,10.853167211393282
4554,05/15/2023 18:39:06.763556,4737,True,True,True,True,Eyes,1.393658,0.1030894,-3.727169,-0.127419,0.3525624,0.9270729,0.0,0.0,0.0,0.0,0.0,0.0,0.0,-1.059186,-0.8311449,3.756711,1.395118,0.1011629,-3.737508,-0.101117,-0.04618597,0.01320138,0.9937143,348.4781,354.4679,2.080802,0.3500669,0.0258444,-0.9363679,0,0,0,1.284435,0.6075521,-2.635591,0.006048709,0.2749399,1.186285,0.9953852,0.03557719,0.08912161,-0.01689641,0.9792021,-0.2021823,-0.09446117,0.1997434,0.9752845,moving,-7.825828,20.82162,0.2921409,13.04879,-1.4711206567481234,4.391746733128312,11.239141660743812,8.834788590679137,10.859863462043858
4555,05/15/2023 18:39:06.783480,4738,True,True,True,True,Eyes,1.393818,0.1031179,-3.727258,-0.1267404,0.3549626,0.9262496,0.0,0.0,0.0,0.0,0.0,0.0,0.0,-1.061742,-0.8340886,3.755109,1.395031,0.1010237,-3.737315,-0.1013616,-0.04577811,0.01261266,0.9937158,348.4458,354.5215,2.009058,0.350072,0.02584979,-0.9363658,0,0,0,1.285483,0.6105695,-2.635456,0.005878657,0.2774014,1.186906,0.9954906,0.03434708,0.08842396,-0.01578652,0.9791335,-0.2026041,-0.09353775,0.2002945,0.9752603,moving,-7.791497,20.96811,0.2837794,13.15493,-1.4797053675560925,4.41310440525993,11.23636376452796,8.917925389587813,10.855684063718202
4556,05/15/2023 18:39:06.803313,4739,True,True,True,True,Eyes,1.393969,0.1031259,-3.727337,-0.1260667,0.3572612,0.9254576,0.0,0.0,0.0,0.0,0.0,0.0,0.0,-1.064883,-0.8347186,3.754309,1.3949,0.1007881,-3.7376,-0.1014039,-0.04531597,0.01234913,0.9937361,348.4386,354.5783,1.973232,0.3500794,0.02585527,-0.9363629,0,0,0,1.28652,0.6135521,-2.635322,0.005910635,0.2803417,1.187882,0.9955879,0.03373398,0.08755974,-0.0153531,0.9791295,-0.2026566,-0.09256876,0.2004182,0.9753274,moving,-7.757136,21.10845,0.2850887,13.27891,-1.487822464263596,4.433578289745954,11.224040036318923,9.021258618441014,10.841324193210616
4557,05/15/2023 18:39:06.813490,4740,True,True,True,True,Eyes,1.394165,0.1031335,-3.727418,-0.1254044,0.359508,0.9246771,0.0,0.0,0.0,0.0,0.0,0.0,0.0,-1.068645,-0.8326983,3.753456,1.394805,0.1003027,-3.737417,-0.1013821,-0.04486758,0.01283588,0.9937525,348.4428,354.6248,2.024401,0.3500887,0.02586032,-0.9363593,0,0,0,1.287556,0.6165341,-2.635189,0.006507754,0.283844,1.1884,0.9956443,0.03460892,0.08657192,-0.01641385,0.9791139,-0.2026492,-0.09177724,0.2003455,0.9754172,moving,-7.723314,21.24574,0.3137523,13.43318,-1.4957480136270158,4.453609032414624,11.208502507658894,9.160075662728907,10.822015892396692
4558,05/15/2023 18:39:06.833675,4741,True,True,True,True,Eyes,1.394355,0.1031438,-3.727499,-0.1247506,0.3616676,0.9239231,0.0,0.0,0.0,0.0,0.0,0.0,0.0,-1.070531,-0.8225914,3.755381,1.394787,0.1002645,-3.73766,-0.1002462,-0.04467009,0.01348789,0.9938679,348.5766,354.6439,2.091142,0.3501007,0.02586496,-0.9363546,0,0,0,1.288617,0.6195869,-2.635052,0.007788777,0.289554,1.188617,0.9956454,0.03576637,0.08608817,-0.01785433,0.9795375,-0.200468,-0.09149659,0.198058,0.9759105,moving,-7.689727,21.37774,0.3754429,13.69092,-1.5032903426176514,4.472877294693808,11.141551383369643,9.407547497289894,10.747616902758248
4559,05/15/2023 18:39:06.853640,4742,True,True,True,True,Eyes,1.394583,0.1031683,-3.727582,-0.1240856,0.3638146,0.9231694,0.0,0.0,0.0,0.0,0.0,0.0,0.0,-1.073695,-0.8221828,3.754682,1.394816,0.1003351,-3.737762,-0.1003271,-0.044306,0.01388383,0.9938707,348.5686,354.6814,2.133391,0.350115,0.0258693,-0.9363492,0,0,0,1.289695,0.6226883,-2.634913,0.008446634,0.2923116,1.189396,0.9956885,0.03648763,0.085283,-0.01870725,0.9794834,-0.2006546,-0.09085467,0.198194,0.975943,moving,-7.65539,21.50905,0.4068858,13.80763,-1.5107258034002773,4.492052925532991,11.149536362184108,9.510899562703345,10.75258146220646
4560,05/15/2023 18:39:06.873366,4743,True,True,True,True,Eyes,1.394802,0.1032033,-3.727654,-0.1234146,0.3660118,0.9223905,0.0,0.0,0.0,0.0,0.0,0.0,0.0,-1.076166,-0.8198836,3.754689,1.39486,0.1006575,-3.73795,-0.09998534,-0.04398113,0.01388147,0.9939195,348.6072,354.7204,2.127336,0.3501323,0.02587373,-0.9363425,0,0,0,1.290704,0.6255888,-2.634784,0.008773088,0.2955849,1.18993,0.995746,0.03638907,0.08465153,-0.0187992,0.9796205,-0.1999758,-0.09020332,0.1975337,0.9761373,moving,-7.620837,21.64357,0.4224215,13.95022,-1.5183884559195755,4.511691874995568,11.130213004265563,9.636003136752096,10.730282823260186
4561,05/15/2023 18:39:06.883394,4744,True,True,True,True,Eyes,1.395048,0.1032497,-3.727722,-0.1227251,0.3682591,0.9215876,0.0,0.0,0.0,0.0,0.0,0.0,0.0,-1.079648,-0.831156,3.751112,1.394899,0.1010437,-3.737826,-0.1014859,-0.04356679,0.01392074,0.9937852,348.434,354.7633,2.135796,0.350152,0.02587849,-0.936335,0,0,0,1.291801,0.6287479,-2.634642,0.009011239,0.2947095,1.191294,0.9958163,0.03651129,0.08376644,-0.01882562,0.9790137,-0.2029233,-0.08941749,0.2004974,0.9756051,moving,-7.585281,21.78126,0.433391,13.8952,-1.526217927518557,4.531795271164723,11.246734769131171,9.566264436277374,10.84875916078793
4562,05/15/2023 18:39:06.903531,4745,True,True,True,True,Eyes,1.395285,0.1033003,-3.727788,-0.1220456,0.3704972,0.9207805,0.0,0.0,0.0,0.0,0.0,0.0,0.0,-1.082909,-0.8396161,3.748246,1.394828,0.1011829,-3.737809,-0.1026371,-0.04315738,0.01395562,0.9936844,348.3008,354.8068,2.141665,0.3501746,0.02588385,-0.9363264,0,0,0,1.292873,0.63183,-2.634504,0.009352565,0.2948065,1.192588,0.9958854,0.03659406,0.08290484,-0.01887585,0.9785417,-0.2051824,-0.08863434,0.2027732,0.9752061,moving,-7.550303,21.91852,0.4493183,13.8851,-1.5340569734927172,4.551831804278177,11.337097416879407,9.541680810463887,10.939847356305108
4563,05/15/2023 18:39:06.913088,4746,True,True,True,True,Eyes,1.395549,0.1033498,-3.727844,-0.121364,0.3727877,0.9199457,0.0,0.0,0.0,0.0,0.0,0.0,0.0,-1.086179,-0.8470998,3.745614,1.394862,0.1013107,-3.737791,-0.1037665,-0.04279885,0.01431974,0.9935772,348.172,354.8405,2.186232,0.3501996,0.02588984,-0.936317,0,0,0,1.293848,0.6346356,-2.634379,0.009874791,0.2947226,1.193817,0.9959263,0.03733771,0.08207611,-0.01957338,0.9780549,-0.2074258,-0.08801976,0.2049743,0.9748015,moving,-7.515356,22.05917,0.4739176,13.86756,-1.5421548313733036,4.572355371983245,11.442507026336362,9.511328883244841,11.04580164404951
4564,05/15/2023 18:39:06.933187,4747,True,True,True,True,Eyes,1.395807,0.1033984,-3.727904,-0.1206743,0.3749994,0.9191372,0.0,0.0,0.0,0.0,0.0,0.0,0.0,-1.090651,-0.8561393,3.74212,1.394886,0.1012669,-3.737646,-0.1050594,-0.04225634,0.01443661,0.993463,348.0226,354.898,2.200658,0.3502275,0.02589639,-0.9363064,0,0,0,1.294371,0.6361417,-2.634311,0.009267867,0.2931734,1.194783,0.996012,0.03756332,0.08092688,-0.0198056,0.9775082,-0.2099654,-0.08699363,0.2075252,0.9743539,moving,-7.479629,22.195,0.4444315,13.78673,-1.54983107927191,4.592192891441563,11.55377597154109,9.408325880609281,11.161633831453953
