,Unnamed: 0,Time,Frame,EyeTrackingEnabled,EyeCalibrationValid,EyeTrackingEnabledAndValid,EyeTrackingDataValid,GazeInputSource,EyeGazeOrigin.x,EyeGazeOrigin.y,EyeGazeOrigin.z,EyeGazeDirection.x,EyeGazeDirection.y,EyeGazeDirection.z,EyeHitInfo.distance,EyeHitPosition.x,EyeHitPosition.y,EyeHitPosition.z,EyeHitNormal.x,EyeHitNormal.y,EyeHitNormal.z,LocalEyeHitPosition.x,LocalEyeHitPosition.y,LocalEyeHitPosition.z,HeadGazeOrigin.x,HeadGazeOrigin.y,HeadGazeOrigin.z,HeadRotation.x,HeadRotation.y,HeadRotation.z,HeadRotation.w,HeadEulerAngles.x,HeadEulerAngles.y,HeadEulerAngles.z,HeadMovementDirection.x,HeadMovementDirection.y,HeadMovementDirection.z,HeadVelocity.x,HeadVelocity.y,HeadVelocity.z,transform.position.x,transform.position.y,transform.position.z,localTransform.position.x,localTransform.position.y,localTransform.position.z,localXAxis.x,localXAxis.y,localXAxis.z,localYAxis.x,localYAxis.y,localYAxis.z,localZAxis.x,localZAxis.y,localZAxis.z,Movement,GazeAngleX,GazeAngleY,TargetAngleX,TargetAngleY,CalibratedGazeAngleX,CalibratedGazeAngleY,euclideanError,recalibratedEuclideanError,cosineError
0,0,05/15/2023 13:23:23.662966,229,True,True,True,True,Eyes,0.1753334,0.1216032,-3.119903,0.830196,-0.02122175,0.5570676,0.0,0.0,0.0,0.0,0.0,0.0,0.0,-2.976333,0.4011499,1.346472,0.2590227,0.1244659,-3.278702,0.09509777,0.5044077,0.003474991,0.8582057,9.190719,61.36615,5.924958,0.0464784,0.03969365,-0.9981301,0.0,0.0,0.0,0.7849642,0.1680282,-2.657872,-0.2169901,0.129142,0.7029591,0.4911215,0.1019006,-0.8651103,0.08997158,0.9818887,0.1667325,0.8664321,-0.1597213,0.4730586,moving,56.1381,-2.181655,-17.15446,10.40985,54.14396621983999,4.693249225896348,74.36629175586629,71.5272333159647,73.77426030550218
1,1,05/15/2023 13:23:23.688194,230,True,True,True,True,Eyes,0.1794604,0.12165,-3.126386,0.8253874,-0.02397756,0.5640574,0.0,0.0,0.0,0.0,0.0,0.0,0.0,-2.974633,0.3921692,1.364868,0.2653567,0.1239191,-3.283189,0.09534609,0.5012957,0.0002053368,0.8600068,9.426991,60.93615,5.581401,0.04743715,0.03961306,-0.9980882,0.0,0.0,0.0,0.7874131,0.165831,-2.657874,-0.2175278,0.1265877,0.7056,0.4974052,0.09594636,-0.8621963,0.09524,0.9818181,0.1642025,0.8622746,-0.1637907,0.4792235,moving,55.65188,-2.434125,-17.13389,10.17091,53.66619004862334,4.434405173220317,73.86917639884801,71.03209712882719,73.28842028501975
2,2,05/15/2023 13:23:23.704280,231,True,True,True,True,Eyes,0.1836806,0.1217076,-3.132748,0.820497,-0.02665164,0.5710292,0.0,0.0,0.0,0.0,0.0,0.0,0.0,-2.970786,0.3882034,1.384838,0.2713862,0.123775,-3.287108,0.09584603,0.4978957,-0.002005462,0.8619218,9.626261,60.47752,5.35344,0.04841986,0.03953369,-0.9980441,0.0,0.0,0.0,0.7900745,0.1634431,-2.657876,-0.2185386,0.1245849,0.7082278,0.5041916,0.09198556,-0.8586788,0.09889977,0.9816191,0.1632266,0.85791,-0.1672206,0.4858268,moving,55.16381,-2.672226,-17.14871,9.976874,53.18701403275912,4.189367157916534,73.41049161775447,70.57343204534983,72.83663420537303
3,3,05/15/2023 13:23:23.713240,232,True,True,True,True,Eyes,0.1880039,0.1217261,-3.139019,0.81558,-0.0291343,0.5779105,0.0,0.0,0.0,0.0,0.0,0.0,0.0,-2.963617,0.3928241,1.408347,0.2778913,0.1240979,-3.290616,0.09617609,0.493853,-0.001603996,0.8642088,9.660903,59.94565,5.367754,0.04942656,0.03945596,-0.9979979,0.0,0.0,0.0,0.7926477,0.1611343,-2.657878,-0.2202523,0.1236322,0.7105782,0.5122133,0.09222131,-0.8538926,0.09776606,0.9814952,0.1646482,0.8532755,-0.1678167,0.4937188,moving,54.67905,-2.886018,-17.22145,9.869987,52.71170655555731,3.9678876715652014,73.02326727701264,70.18177229385704,72.44877291003107
4,4,05/15/2023 13:23:23.738316,233,True,True,True,True,Eyes,0.1924305,0.1216993,-3.145198,0.810598,-0.03155702,0.5847521,0.0,0.0,0.0,0.0,0.0,0.0,0.0,-2.954612,0.3996416,1.435828,0.2846502,0.123156,-3.294671,0.09551082,0.489299,0.0004271935,0.8668702,9.50728,59.34067,5.481212,0.05045833,0.03937855,-0.9979493,0.0,0.0,0.0,0.7953295,0.1587282,-2.65788,-0.2218215,0.1227168,0.713112,0.5211725,0.09420735,-0.8482359,0.09272607,0.981755,0.166009,0.8483991,-0.1651729,0.5029282,moving,54.19394,-3.089056,-17.27889,9.764185,52.23635336640512,3.756773295399121,72.61935852383289,69.77433665524242,72.04460977989316
5,5,05/15/2023 13:23:23.754341,234,True,True,True,True,Eyes,0.1969634,0.1216187,-3.151284,0.8057391,-0.03391325,0.5912989,0.0,0.0,0.0,0.0,0.0,0.0,0.0,-2.948286,0.4085049,1.456677,0.2915975,0.1220456,-3.298673,0.09608386,0.4855226,0.001264609,0.8689271,9.540908,58.85364,5.557174,0.05151502,0.03930017,-0.9978983,0.0,0.0,0.0,0.7977474,0.1565588,-2.657881,-0.2225549,0.1218199,0.7158763,0.5285324,0.09549947,-0.8435243,0.09110407,0.9815326,0.1682077,0.8440104,-0.1657517,0.5100715,moving,53.72658,-3.282535,-17.26966,9.657452,51.77845126028115,3.55543858195263,72.1658461995546,69.3172145744922,71.59149465320068
6,6,05/15/2023 13:23:23.763658,235,True,True,True,True,Eyes,0.2015812,0.121503,-3.157252,0.8008579,-0.03631318,0.5977524,0.0,0.0,0.0,0.0,0.0,0.0,0.0,-2.944838,0.4153501,1.471599,0.298654,0.1206756,-3.302489,0.09629132,0.4826374,0.002130903,0.8705083,9.531386,58.48005,5.624621,0.05259706,0.03921934,-0.9978451,0.0,0.0,0.0,0.8003657,0.1542096,-2.657883,-0.2233548,0.1212393,0.718817,0.5341132,0.09665751,-0.8398693,0.08923764,0.9814469,0.1697017,0.84069,-0.1655879,0.5155783,moving,53.26271,-3.476419,-17.26135,9.573689,51.323918084812846,3.353822536168068,71.7213242884936,68.86672445451103,71.14483816074447
7,7,05/15/2023 13:23:23.783086,236,True,True,True,True,Eyes,0.2063141,0.121347,-3.163132,0.7960368,-0.03861198,0.6040153,0.0,0.0,0.0,0.0,0.0,0.0,0.0,-2.940217,0.4264346,1.486026,0.3053459,0.1197487,-3.305664,0.09795481,0.4796264,0.002124404,0.8719857,9.71762,58.10884,5.686776,0.05370434,0.03913538,-0.9977894,0.0,0.0,0.0,0.803064,0.1517886,-2.657885,-0.22442,0.1199721,0.7219259,0.5399082,0.09766831,-0.8360384,0.09025851,0.9808007,0.1728682,0.8368708,-0.1687925,0.5207269,moving,52.80957,-3.657684,-17.26854,9.43538,50.88012074800937,3.164718494453572,71.29074151725592,68.43654840408314,70.71755848585855
8,8,05/15/2023 13:23:23.805726,237,True,True,True,True,Eyes,0.2111322,0.1211154,-3.168888,0.7912316,-0.04079525,0.6101543,0.0,0.0,0.0,0.0,0.0,0.0,0.0,-2.935652,0.4249427,1.503194,0.3122794,0.1185616,-3.308572,0.09691232,0.4765545,0.002643377,0.8737832,9.604214,57.69003,5.645096,0.05483779,0.03904745,-0.9977311,0.0,0.0,0.0,0.8056077,0.1495063,-2.657887,-0.226023,0.1185977,0.724705,0.5457777,0.09698747,-0.8322982,0.08774853,0.981202,0.1718801,0.8333228,-0.1668413,0.5270077,moving,52.36257,-3.825134,-17.32181,9.294053,50.44264656768222,2.989136499502038,70.90857411854627,68.05713442389079,70.33938222175321
9,9,05/15/2023 13:23:23.812920,238,True,True,True,True,Eyes,0.2160242,0.1208069,-3.1745,0.7866322,-0.0429601,0.6159255,0.0,0.0,0.0,0.0,0.0,0.0,0.0,-2.934687,0.4180884,1.514444,0.3191667,0.1165197,-3.311387,0.09618628,0.4743429,0.001118751,0.875069,9.629589,57.37829,5.42488,0.05599716,0.03895376,-0.9976704,0.0,0.0,0.0,0.8083001,0.1470906,-2.657889,-0.2277851,0.1180801,0.727761,0.5499952,0.09320851,-0.8299502,0.08929259,0.9814939,0.1694006,0.8303807,-0.1672779,0.5314941,moving,51.9394,-3.989853,-17.37983,9.215999,50.028325598360176,2.8169367648360875,70.56592786068079,67.71120615276497,69.99477209086142
10,10,05/15/2023 13:23:23.833082,239,True,True,True,True,Eyes,0.2209709,0.1204223,-3.179967,0.7821025,-0.04507302,0.6215177,0.0,0.0,0.0,0.0,0.0,0.0,0.0,-2.935897,0.4129305,1.519788,0.3258957,0.1143954,-3.313678,0.09581356,0.4729347,-0.0003806079,0.8758724,9.683233,57.17824,5.236132,0.05718223,0.03885265,-0.9976071,0.0,0.0,0.0,0.8107448,0.1448972,-2.657891,-0.2292445,0.1174897,0.7308792,0.5526652,0.08996037,-0.8285338,0.09129384,0.9816393,0.1674809,0.828388,-0.1682009,0.534305,moving,51.5267,-4.147881,-17.41433,9.132235,49.62432701204941,2.65152120207224,70.20845460793419,67.35117805435814,69.63616186724772
11,11,05/15/2023 13:23:23.852988,240,True,True,True,True,Eyes,0.2260014,0.1200065,-3.185284,0.7777156,-0.04721022,0.6268411,0.0,0.0,0.0,0.0,0.0,0.0,0.0,-2.936732,0.4147213,1.523224,0.3321688,0.112195,-3.31567,0.09609377,0.4717191,-0.0009628171,0.8764966,9.750616,57.0192,5.179416,0.05839177,0.03874273,-0.9975414,0.0,0.0,0.0,0.8132793,0.1426232,-2.657892,-0.2303419,0.1163402,0.7343986,0.5549604,0.08897071,-0.8271053,0.09234634,0.9815301,0.1675434,0.8267353,-0.1693601,0.5364943,moving,51.13108,-4.307072,-17.41388,9.001743,49.23683824972024,2.485519083368999,69.82503919158103,66.96849570757331,69.25535657887448
12,12,05/15/2023 13:23:23.863265,241,True,True,True,True,Eyes,0.2311151,0.1195546,-3.190446,0.7733075,-0.04915173,0.6321232,0.0,0.0,0.0,0.0,0.0,0.0,0.0,-2.934161,0.4271377,1.529201,0.3389856,0.1110258,-3.317072,0.09699928,0.4698803,0.0006388766,0.8773844,9.765197,56.80155,5.372693,0.05962573,0.03862412,-0.997473,0.0,0.0,0.0,0.8158459,0.1403203,-2.657894,-0.2312354,0.1158372,0.738111,0.5584243,0.09227717,-0.8244072,0.090035,0.9811814,0.1708117,0.8246552,-0.1696109,0.5396073,moving,50.73648,-4.446177,-17.39473,8.919101,48.850885062059895,2.3389290903743127,69.42976618195817,66.57161690473535,68.8599221315968
13,13,05/15/2023 13:23:23.883103,242,True,True,True,True,Eyes,0.2363414,0.1190319,-3.195501,0.7689632,-0.05098641,0.6372566,0.0,0.0,0.0,0.0,0.0,0.0,0.0,-2.927942,0.4392542,1.542347,0.3461188,0.1096646,-3.318554,0.09635337,0.4671207,0.004303544,0.8789175,9.517726,56.45196,5.678377,0.06088357,0.03849686,-0.997402,0.0,0.0,0.0,0.8185278,0.1379142,-2.657896,-0.2311509,0.1150771,0.7424341,0.5635595,0.09758223,-0.8202918,0.08245239,0.981395,0.1733939,0.8219505,-0.1653528,0.5450286,moving,50.35072,-4.574447,-17.29356,8.810722,48.47378864853341,2.203070530071652,68.95586534789454,66.09845086086206,68.38893630982976
14,14,05/15/2023 13:23:23.903381,243,True,True,True,True,Eyes,0.2416821,0.118515,-3.200426,0.7646562,-0.05292138,0.6422618,0.0,0.0,0.0,0.0,0.0,0.0,0.0,-2.921414,0.4468525,1.558041,0.3536001,0.1073796,-3.320431,0.09554306,0.4639987,0.006710308,0.880643,9.32599,56.04538,5.844467,0.06216603,0.03835979,-0.9973282,0.0,0.0,0.0,0.8211216,0.1355869,-2.657898,-0.2307269,0.1148754,0.7468182,0.5693204,0.1004825,-0.8159519,0.07684492,0.981653,0.1745057,0.8185164,-0.1620515,0.5511535,moving,49.97191,-4.710442,-17.16835,8.744687,48.10321247492109,2.0599763699471123,68.47521456172474,65.61297298648392,67.9067970391522
15,15,05/15/2023 13:23:23.913327,244,True,True,True,True,Eyes,0.2471388,0.118091,-3.205209,0.760489,-0.05483589,0.6470312,0.0,0.0,0.0,0.0,0.0,0.0,0.0,-2.920748,0.4570896,1.562023,0.3617023,0.1070389,-3.322248,0.09760401,0.4622207,0.006237082,0.8813551,9.5717,55.84264,5.89193,0.06347454,0.03821422,-0.9972513,0.0,0.0,0.0,0.8237518,0.133227,-2.6579,-0.2310797,0.1161413,0.7511685,0.5726264,0.1012233,-0.8135435,0.07923501,0.9808691,0.1778134,0.8159786,-0.1662818,0.553651,moving,49.60855,-4.844241,-17.09931,8.789148,47.74765911001657,1.9194855009873804,68.08676730029794,65.2098279832556,67.50727806488754
16,16,05/15/2023 13:23:23.933535,245,True,True,True,True,Eyes,0.2526757,0.1176179,-3.209846,0.7564298,-0.05648414,0.6516315,0.0,0.0,0.0,0.0,0.0,0.0,0.0,-2.922687,0.464014,1.561143,0.3698604,0.1088424,-3.323542,0.09810598,0.4613787,0.007862065,0.8817275,9.540845,55.75071,6.076522,0.06481029,0.03806407,-0.9971712,0.0,0.0,0.0,0.8262316,0.1310021,-2.657902,-0.2325302,0.1169316,0.7550895,0.5741358,0.1043924,-0.8120778,0.07666362,0.9806268,0.1802603,0.815163,-0.1657507,0.5550099,moving,49.25653,-4.954079,-17.11624,8.802786,47.40374164133836,1.8024691854316828,67.78344880648318,64.89863223907703,67.19702269274651
17,17,05/15/2023 13:23:23.953099,246,True,True,True,True,Eyes,0.2583287,0.1172519,-3.214305,0.752534,-0.05845655,0.6559539,0.0,0.0,0.0,0.0,0.0,0.0,0.0,-2.927325,0.4503907,1.560572,0.3773267,0.1071576,-3.324697,0.09559435,0.4610148,0.007523616,0.8821963,9.307267,55.66157,5.898609,0.06617176,0.03790859,-0.9970877,0.0,0.0,0.0,0.82891,0.128599,-2.657904,-0.2334201,0.1171287,0.7598447,0.5748174,0.1014154,-0.8119727,0.07486621,0.9816102,0.1756029,0.8148496,-0.161729,0.5566541,moving,48.92263,-5.092567,-17.07667,8.763072,47.076591658634015,1.658377867710055,67.43801845093257,64.54546971054248,66.84669054000896
18,18,05/15/2023 13:23:23.973314,247,True,True,True,True,Eyes,0.2641233,0.1169745,-3.218592,0.748646,-0.05969837,0.6602767,0.0,0.0,0.0,0.0,0.0,0.0,0.0,-2.92911,0.4752818,1.552706,0.3858626,0.1094364,-3.324997,0.1001207,0.4604789,0.008248457,0.8819678,9.730262,55.66827,6.218183,0.06756101,0.03775174,-0.9970005,0.0,0.0,0.0,0.8314579,0.1263129,-2.657905,-0.2336398,0.1163871,0.7650472,0.5757824,0.1067567,-0.8106034,0.0776572,0.9798156,0.184203,0.8139067,-0.16901,0.5558701,moving,48.58896,-5.166303,-16.98229,8.650115,46.7514301663537,1.5767702601133489,67.01106052670129,64.1250285929945,66.42638729029655
19,19,05/15/2023 13:23:23.983960,248,True,True,True,True,Eyes,0.2699875,0.1166006,-3.222761,0.7447555,-0.06110565,0.664534,0.0,0.0,0.0,0.0,0.0,0.0,0.0,-2.925047,0.4730326,1.563914,0.3950574,0.1110988,-3.325217,0.0937816,0.4585025,0.01735034,0.8835608,8.616095,55.36297,6.77611,0.06897825,0.03759677,-0.9969093,0.0,0.0,0.0,0.8341364,0.1239097,-2.657907,-0.2337621,0.1160732,0.7701985,0.5789489,0.1166584,-0.8069752,0.05533802,0.9818079,0.1816338,0.8134838,-0.1498131,0.561961,moving,48.25795,-5.253724,-16.88351,8.570295,46.42847163496535,1.4820419771601436,66.5921415201821,63.70753761888767,66.01008755671495
20,20,05/15/2023 13:23:24.003267,249,True,True,True,True,Eyes,0.2759425,0.1161844,-3.226835,0.7409257,-0.06292312,0.6686327,0.0,0.0,0.0,0.0,0.0,0.0,0.0,-2.922517,0.4708871,1.574356,0.4027491,0.108467,-3.326779,0.09429003,0.4560288,0.01518651,0.8848257,8.801373,55.03738,6.558506,0.07042382,0.03744053,-0.9968141,0.0,0.0,0.0,0.8365915,0.1217069,-2.657909,-0.2336193,0.1146051,0.7745797,0.5836142,0.1128728,-0.8041481,0.0591231,0.9817575,0.1807114,0.8098758,-0.1530095,0.5662943,moving,47.936,-5.37611,-16.78373,8.416297,46.113334008320265,1.3538615199096005,66.17306054677046,63.29232698974794,65.59635386046114
21,21,05/15/2023 13:23:24.023259,250,True,True,True,True,Eyes,0.2819331,0.1157729,-3.230796,0.7371511,-0.06520539,0.6725744,0.0,0.0,0.0,0.0,0.0,0.0,0.0,-2.924517,0.4862323,1.571841,0.4108999,0.1071494,-3.328601,0.09937864,0.454809,0.01142756,0.8849531,9.526059,54.93769,6.440368,0.07189666,0.03728206,-0.9967149,0.0,0.0,0.0,0.8392777,0.1192968,-2.657911,-0.2337515,0.1160386,0.7797303,0.5860364,0.1106223,-0.8026979,0.07017087,0.9799866,0.1862856,0.8072405,-0.1654962,0.5665454,moving,47.62277,-5.537461,-16.68795,8.464573,45.80557892803464,1.1883587942562088,65.81736596868303,62.91569320167243,65.22621239633105
22,22,05/15/2023 13:23:24.033168,251,True,True,True,True,Eyes,0.2879415,0.1154216,-3.234628,0.7333884,-0.06783212,0.6764173,0.0,0.0,0.0,0.0,0.0,0.0,0.0,-2.927202,0.4978512,1.56731,0.4176594,0.1069598,-3.329707,0.1037207,0.4541049,0.008145721,0.8848528,10.146,54.89658,6.334986,0.07339513,0.03712186,-0.9966116,0.0,0.0,0.0,0.8418506,0.1169883,-2.657913,-0.2328035,0.1155395,0.7841756,0.5874447,0.1086157,-0.8019422,0.07978467,0.9783514,0.1909532,0.8053217,-0.1761571,0.5660615,moving,47.3141,-5.72656,-16.53493,8.381586,45.501483421399335,0.9962261703227756,65.38913071373725,62.4744758281699,64.79145794258149
23,23,05/15/2023 13:23:24.053024,252,True,True,True,True,Eyes,0.2939707,0.1151008,-3.238304,0.7295491,-0.0704779,0.6802875,0.0,0.0,0.0,0.0,0.0,0.0,0.0,-2.926588,0.5011234,1.570802,0.424121,0.1081747,-3.330448,0.1080669,0.4522543,0.002911894,0.8853131,10.87764,54.69283,6.014838,0.07491741,0.0369621,-0.9965042,0.0,0.0,0.0,0.8444764,0.1146324,-2.657915,-0.2313755,0.1125683,0.7901343,0.5909153,0.1029033,-0.8001438,0.09259152,0.9766261,0.1939798,0.8014026,-0.1887122,0.5675753,moving,47.00118,-5.914752,-16.32165,8.108212,45.193296632954144,0.8048354063749379,64.85695273873262,61.94697707655723,64.26743605047324
24,24,05/15/2023 13:23:24.063390,253,True,True,True,True,Eyes,0.300022,0.1148109,-3.241869,0.725703,-0.07319152,0.684104,0.0,0.0,0.0,0.0,0.0,0.0,0.0,-2.924571,0.4934464,1.579586,0.4309691,0.1086573,-3.330789,0.1081505,0.4501779,0.0007819551,0.8863649,11.01218,54.40843,5.774457,0.07646135,0.03680389,-0.9963928,0.0,0.0,0.0,0.8470064,0.1123624,-2.657917,-0.2314032,0.1118645,0.7943941,0.5946785,0.09876015,-0.7978746,0.09598775,0.9766057,0.1924257,0.7982129,-0.1910176,0.5712867,moving,46.69013,-6.106782,-16.24059,8.015535,44.886816231582216,0.6098001538778979,64.49585534875004,61.57438348219122,63.89936811212134
25,25,05/15/2023 13:23:24.079115,254,True,True,True,True,Eyes,0.3060909,0.1145556,-3.245313,0.7216997,-0.07582423,0.6880409,0.0,0.0,0.0,0.0,0.0,0.0,0.0,-2.921411,0.4998263,1.587275,0.4375743,0.1091477,-3.331746,0.1100662,0.4479822,-0.0003307557,0.8872415,11.28018,54.14688,5.736836,0.07802557,0.03664816,-0.9962773,0.0,0.0,0.0,0.8495597,0.1100715,-2.657918,-0.2337955,0.109325,0.7985684,0.5986236,0.09802849,-0.7950096,0.09920233,0.9757706,0.1950143,0.7948639,-0.1956069,0.5743948,moving,46.36773,-6.288795,-16.31836,7.795401,44.5696168053397,0.424073986273064,64.24881677085202,61.332554010010746,63.65543997326387
26,26,05/15/2023 13:23:24.103068,255,True,True,True,True,Eyes,0.31217,0.1143117,-3.248656,0.7175586,-0.07841813,0.6920696,0.0,0.0,0.0,0.0,0.0,0.0,0.0,-2.914045,0.5096304,1.600215,0.4439592,0.109715,-3.332107,0.1109706,0.4450749,0.0008939431,0.8885906,11.32763,53.79369,5.875268,0.079608,0.03649589,-0.9961578,0.0,0.0,0.0,0.8521335,0.1077622,-2.65792,-0.2351902,0.1031906,0.8030724,0.6038151,0.1003691,-0.7907802,0.09719173,0.9753695,0.1980105,0.791177,-0.1964191,0.5791879,moving,46.03591,-6.464589,-16.32336,7.322085,44.24346394051955,0.2440528907471755,63.86509950603049,60.979002130089874,63.29333577788543
27,27,05/15/2023 13:23:24.113281,256,True,True,True,True,Eyes,0.3182594,0.1140682,-3.251924,0.7131513,-0.08116657,0.6962953,0.0,0.0,0.0,0.0,0.0,0.0,0.0,-2.901132,0.5222144,1.623305,0.4503255,0.1097508,-3.3331,0.1119681,0.4406149,0.002363452,0.8906829,11.38341,53.24353,6.023955,0.08120731,0.0363472,-0.996034,0.0,0.0,0.0,0.8548591,0.1053168,-2.657922,-0.2380745,0.1028152,0.8076539,0.6117058,0.1028798,-0.7843671,0.0944595,0.9749151,0.201539,0.7854257,-0.1973735,0.5866433,moving,45.68518,-6.648915,-16.42409,7.25479,43.89876456824397,0.0552066679833354,63.646480127811664,60.750973518258654,63.065734872025054
28,28,05/15/2023 13:23:24.133185,257,True,True,True,True,Eyes,0.3243902,0.1138414,-3.255136,0.7086595,-0.08416921,0.7005121,0.0,0.0,0.0,0.0,0.0,0.0,0.0,-2.886616,0.5386838,1.648905,0.4568435,0.1095752,-3.334802,0.1148043,0.4354734,0.001987769,0.8928489,11.72851,52.62424,6.070136,0.08282184,0.03620182,-0.9959064,0.0,0.0,0.0,0.8573648,0.1030686,-2.657924,-0.2436422,0.1037815,0.8101354,0.6207179,0.103538,-0.7771675,0.09643891,0.973632,0.2067371,0.7780803,-0.2032746,0.5943657,moving,45.33126,-6.851461,-16.73827,7.300052,43.550478916937536,-0.1513192993470671,63.662326965090344,60.74747879715067,63.06265202338223
29,29,05/15/2023 13:23:24.153406,258,True,True,True,True,Eyes,0.3305334,0.1136246,-3.258291,0.7041284,-0.08728073,0.7046881,0.0,0.0,0.0,0.0,0.0,0.0,0.0,-2.878031,0.5583062,1.663204,0.4640132,0.1098277,-3.336712,0.1190589,0.4317409,0.0006277033,0.8941053,12.26071,52.20578,6.105147,0.08445069,0.03606005,-0.9957747,0.0,0.0,0.0,0.8600118,0.1006937,-2.657926,-0.2511418,0.09971507,0.8131784,0.6271989,0.1039276,-0.7718942,0.1016827,0.9716492,0.2134443,0.7721931,-0.2123603,0.5988496,moving,44.97724,-7.06054,-17.16277,6.990929,43.201918267915325,-0.3641518209674332,63.708905373252655,60.81112401169343,63.11443983542748
30,30,05/15/2023 13:23:24.162996,259,True,True,True,True,Eyes,0.3366717,0.1134181,-3.261393,0.6996518,-0.0905836,0.7087185,0.0,0.0,0.0,0.0,0.0,0.0,0.0,-2.875072,0.5678786,1.670161,0.4703742,0.109896,-3.338358,0.1219047,0.4295008,-0.001222319,0.8948,12.66267,51.95158,6.032048,0.08609302,0.03592185,-0.995639,0.0,0.0,0.0,0.8625737,0.098395,-2.657928,-0.2571875,0.09815979,0.8155722,0.6310551,0.1025288,-0.7689326,0.1069038,0.9702755,0.2171106,0.7683367,-0.2192105,0.6013366,moving,44.63115,-7.283668,-17.50247,6.862935,42.860654512436426,-0.5902909759921018,63.72372486557897,60.821520684319516,63.120008309948325
31,31,05/15/2023 13:23:24.188222,260,True,True,True,True,Eyes,0.3428008,0.1132328,-3.264421,0.6952139,-0.09392273,0.7126402,0.0,0.0,0.0,0.0,0.0,0.0,0.0,-2.875999,0.5747559,1.671597,0.4764186,0.1100159,-3.34019,0.1252918,0.4280955,-0.004494791,0.894995,13.18638,51.80228,5.849469,0.08774688,0.03578727,-0.9954995,0.0,0.0,0.0,0.8650753,0.09615052,-2.657929,-0.2621344,0.09778664,0.818512,0.6334281,0.09922806,-0.767413,0.1153193,0.9685635,0.2204226,0.7651603,-0.2281194,0.6020725,moving,44.29083,-7.50805,-17.75804,6.812768,42.5249446570025,-0.8174591344610835,63.68004472726149,60.763958110707904,63.06128646968021
32,32,05/15/2023 13:23:24.203468,261,True,True,True,True,Eyes,0.348942,0.1130392,-3.267392,0.6907306,-0.09714579,0.716557,0.0,0.0,0.0,0.0,0.0,0.0,0.0,-2.871843,0.5887013,1.678046,0.4823316,0.1103766,-3.341417,0.128334,0.425851,-0.005382221,0.8956296,13.56,51.56017,5.884248,0.08941045,0.03565669,-0.9953561,0.0,0.0,0.0,0.8678678,0.09364504,-2.657931,-0.2650277,0.1001736,0.8215764,0.6372439,0.09966134,-0.7641909,0.1189432,0.9670029,0.2252954,0.761428,-0.2344635,0.6043627,moving,43.94864,-7.720689,-17.87889,6.951679,42.18774397827033,-1.0333556003227402,63.54464453144988,60.59505998881304,62.898734887839765
33,33,05/15/2023 13:23:24.213034,262,True,True,True,True,Eyes,0.3550838,0.1128155,-3.270349,0.6862674,-0.1003435,0.7203946,0.0,0.0,0.0,0.0,0.0,0.0,0.0,-2.865258,0.5926363,1.692969,0.4887921,0.1099888,-3.34306,0.1285353,0.4228192,-0.005076294,0.8970379,13.58542,51.17479,5.880482,0.09108324,0.03552951,-0.995209,0.0,0.0,0.0,0.8703476,0.09142011,-2.657933,-0.2661161,0.1029795,0.8249936,0.6423963,0.09958712,-0.7598746,0.1178016,0.9669058,0.2263093,0.7572647,-0.2348948,0.6094052,moving,43.61021,-7.929685,-17.87801,7.115123,41.854284104314566,-1.245619186199444,63.30203351019037,60.314583384687545,62.627304570375614
34,34,05/15/2023 13:23:24.233124,263,True,True,True,True,Eyes,0.3612363,0.1126118,-3.273293,0.6818187,-0.1036735,0.7241375,0.0,0.0,0.0,0.0,0.0,0.0,0.0,-2.859086,0.6029159,1.706173,0.4947851,0.1089637,-3.345478,0.1312096,0.4196592,-0.006998234,0.898121,13.97851,50.79788,5.769879,0.09276369,0.03540451,-0.9950582,0.0,0.0,0.0,0.8730332,0.08901054,-2.657935,-0.2656761,0.1039631,0.8288286,0.6476744,0.09755611,-0.7556459,0.1226971,0.9654702,0.2298104,0.751973,-0.2415579,0.6133404,moving,43.27594,-8.147573,-17.77295,7.149488,41.52461060417823,-1.4663318468877398,62.93621410181757,59.92022233970945,62.24055345815938
35,35,05/15/2023 13:23:24.253524,264,True,True,True,True,Eyes,0.3673455,0.1124345,-3.276191,0.6774885,-0.1068771,0.7277271,0.0,0.0,0.0,0.0,0.0,0.0,0.0,-2.858225,0.6105902,1.711935,0.5012218,0.1093065,-3.348107,0.1340624,0.4176528,-0.009362541,0.8986133,14.40421,50.56867,5.638109,0.09445143,0.03528208,-0.9949037,0.0,0.0,0.0,0.8754461,0.08684561,-2.657937,-0.2647702,0.1059454,0.8326216,0.6509569,0.0951565,-0.7531271,0.1288097,0.9638792,0.23312,0.7481064,-0.2487611,0.6151868,moving,42.95247,-8.354972,-17.64045,7.251526,41.20568265229812,-1.6765854564924956,62.57047813426396,59.519564029917255,61.849875480059296
36,36,05/15/2023 13:23:24.263287,265,True,True,True,True,Eyes,0.3734385,0.1122801,-3.27907,0.6730704,-0.1099555,0.731359,0.0,0.0,0.0,0.0,0.0,0.0,0.0,-2.854944,0.6110994,1.722284,0.5063226,0.1098853,-3.349921,0.1355452,0.4153279,-0.01161148,0.8994417,14.68325,50.27277,5.43979,0.09614367,0.03516286,-0.9947459,0.0,0.0,0.0,0.8781133,0.08445256,-2.657938,-0.2646663,0.1034663,0.8357558,0.6547359,0.09170368,-0.7502742,0.1334791,0.9629853,0.2341848,0.7439786,-0.2534751,0.6182606,moving,42.6234,-8.550045,-17.57191,7.057289,40.88166736660696,-1.875121822024565,62.18572360746199,59.13212891522956,61.46220869910469
37,37,05/15/2023 13:23:24.283584,266,True,True,True,True,Eyes,0.3795104,0.1121158,-3.281929,0.6686539,-0.1127947,0.7349688,0.0,0.0,0.0,0.0,0.0,0.0,0.0,-2.848232,0.6023467,1.742845,0.5120627,0.1103018,-3.35237,0.135127,0.4118184,-0.01379152,0.9010861,14.76655,49.78814,5.128706,0.09783936,0.03504723,-0.9945846,0.0,0.0,0.0,0.8806577,0.08216962,-2.65794,-0.2642349,0.1010339,0.8389897,0.6604307,0.08644088,-0.745895,0.1361503,0.963101,0.2321629,0.7384405,-0.2548814,0.6242925,moving,42.29504,-8.725038,-17.48152,6.866677,40.55888726498799,-2.0542615716052914,61.776522256232795,58.721989241544144,61.051521415066716
38,38,05/15/2023 13:23:24.303250,267,True,True,True,True,Eyes,0.3856006,0.1119596,-3.284793,0.6641952,-0.1155984,0.7385674,0.0,0.0,0.0,0.0,0.0,0.0,0.0,-2.840335,0.5980436,1.763674,0.5177655,0.1098981,-3.354929,0.1351168,0.4081255,-0.01564113,0.9027361,14.87533,49.29143,4.869968,0.09953704,0.03493457,-0.9944202,0.0,0.0,0.0,0.8833042,0.07979514,-2.657942,-0.2612045,0.1014807,0.8424451,0.6663778,0.08204957,-0.7410859,0.1385288,0.9629977,0.2311824,0.7326325,-0.2567166,0.6303541,moving,41.96511,-8.895594,-17.22632,6.86874,40.23470765284287,-2.229169475535969,61.25471093645334,58.17681372974822,60.515354465554545
39,39,05/15/2023 13:23:24.322806,268,True,True,True,True,Eyes,0.391677,0.1118204,-3.287649,0.6598419,-0.1181916,0.7420508,0.0,0.0,0.0,0.0,0.0,0.0,0.0,-2.835589,0.6010145,1.777893,0.5243248,0.1099574,-3.357928,0.1359225,0.4052093,-0.01649351,0.9039129,15.01612,48.921,4.7712,0.1012367,0.03482481,-0.9942523,0.0,0.0,0.0,0.8858999,0.07746624,-2.657944,-0.2565926,0.1018802,0.8463122,0.6710668,0.0803367,-0.7370315,0.1399715,0.9625061,0.2323575,0.7280641,-0.2590908,0.634661,moving,41.64394,-9.049882,-16.86673,6.864311,39.91945549097945,-2.388106380726878,60.63629311468627,57.53501620755053,59.88454645375224
40,40,05/15/2023 13:23:24.333216,269,True,True,True,True,Eyes,0.3977688,0.1117027,-3.290513,0.655469,-0.1206079,0.7455295,0.0,0.0,0.0,0.0,0.0,0.0,0.0,-2.831665,0.6046994,1.789688,0.5301062,0.1102019,-3.360627,0.1363473,0.4028095,-0.01645028,0.9049218,15.07125,48.62033,4.75665,0.1029377,0.0347182,-0.9940814,0.0,0.0,0.0,0.8885105,0.07512399,-2.657946,-0.2519461,0.1015003,0.8500615,0.6749477,0.08007158,-0.7335081,0.1396164,0.9622776,0.2335147,0.7245362,-0.26002,0.6383078,moving,41.32191,-9.1894,-16.50907,6.809078,39.60377320884616,-2.532819297175914,60.003112803227836,56.88516694263571,59.24389986161094
41,41,05/15/2023 13:23:24.353292,270,True,True,True,True,Eyes,0.4038663,0.1115829,-3.293399,0.6510712,-0.1227191,0.7490303,0.0,0.0,0.0,0.0,0.0,0.0,0.0,-2.82783,0.6016088,1.804535,0.5365922,0.1105868,-3.363739,0.135432,0.4002101,-0.01621278,0.9062159,14.97742,48.27226,4.69185,0.1046395,0.03461508,-0.9939073,0.0,0.0,0.0,0.8909727,0.07291473,-2.657948,-0.247116,0.09947467,0.8529925,0.679138,0.07901795,-0.729745,0.1377871,0.9627907,0.2324842,0.720962,-0.2584383,0.6429801,moving,40.99778,-9.304524,-16.15655,6.6517,39.2867223382122,-2.6540613120140595,59.33985610099738,56.218801491719326,58.58236597202356
42,42,05/15/2023 13:23:24.363345,271,True,True,True,True,Eyes,0.4099845,0.1114704,-3.296314,0.6466409,-0.1247915,0.7525176,0.0,0.0,0.0,0.0,0.0,0.0,0.0,-2.822813,0.5996366,1.820657,0.5425976,0.1103449,-3.366904,0.1347229,0.3973937,-0.01620385,0.9075602,14.91685,47.8982,4.609987,0.1063416,0.03451502,-0.9937301,0.0,0.0,0.0,0.893582,0.07057361,-2.657949,-0.2422978,0.09779598,0.8560922,0.6836314,0.07766416,-0.7256835,0.136488,0.9631743,0.2316597,0.7169514,-0.2574169,0.647856,moving,40.67258,-9.415787,-15.80298,6.516953,38.96874048700424,-2.771611561124373,58.679988762960754,55.55374691875153,57.92289138137108
43,43,05/15/2023 13:23:24.383669,272,True,True,True,True,Eyes,0.4161031,0.1113645,-3.299246,0.6423091,-0.1268562,0.7558746,0.0,0.0,0.0,0.0,0.0,0.0,0.0,-2.818968,0.600919,1.834881,0.5492392,0.1104243,-3.370551,0.13515,0.3946199,-0.01695916,0.9086925,15.011,47.5416,4.503729,0.1080446,0.03441789,-0.9935497,0.0,0.0,0.0,0.8962353,0.06819303,-2.657951,-0.2384939,0.0965827,0.8587869,0.6879751,0.07584444,-0.7217603,0.1374871,0.9628937,0.2322347,0.7125922,-0.2590044,0.6520193,moving,40.35642,-9.526998,-15.52052,6.416755,38.6595150599512,-2.888828172135679,58.107105275418846,54.97335788608038,57.34800219707583
44,44,05/15/2023 13:23:24.403343,273,True,True,True,True,Eyes,0.4222409,0.1112771,-3.302218,0.6379651,-0.1288577,0.7592076,0.0,0.0,0.0,0.0,0.0,0.0,0.0,-2.816712,0.6021844,1.846502,0.5556278,0.1104759,-3.374187,0.1356168,0.3922872,-0.01772198,0.9096181,15.10704,47.24224,4.405554,0.1097475,0.03432361,-0.9933664,0.0,0.0,0.0,0.8987453,0.06594103,-2.657953,-0.2350211,0.09048202,0.8612691,0.6915935,0.07416098,-0.7184697,0.1386419,0.962588,0.2328148,0.708856,-0.2606232,0.6554378,moving,40.04047,-9.632817,-15.26314,5.997302,38.35064004850314,-3.0008356828133502,57.46990428899513,54.363626560855366,56.728166563054984
45,45,05/15/2023 13:23:24.413301,274,True,True,True,True,Eyes,0.4283753,0.1111991,-3.305215,0.6336297,-0.1307285,0.7625112,0.0,0.0,0.0,0.0,0.0,0.0,0.0,-2.814614,0.600637,1.859464,0.5622531,0.110843,-3.378166,0.1357034,0.389861,-0.01861764,0.9106297,15.16904,46.92286,4.272439,0.1114501,0.0342324,-0.9931799,0.0,0.0,0.0,0.9014352,0.06352758,-2.657955,-0.2319852,0.0921808,0.8633564,0.6953236,0.07190336,-0.715091,0.1397185,0.962476,0.2326345,0.7049851,-0.2616676,0.6591859,moving,39.72582,-9.728475,-15.04022,6.094398,38.043301136730406,-3.1029985054972817,57.00598606511187,53.87441246782221,56.25205659105705
46,46,05/15/2023 13:23:24.438271,275,True,True,True,True,Eyes,0.4345338,0.111101,-3.308262,0.6292338,-0.1324313,0.7658504,0.0,0.0,0.0,0.0,0.0,0.0,0.0,-2.810075,0.5929753,1.877618,0.5685328,0.1109723,-3.382018,0.1343525,0.3869481,-0.01912094,0.9120609,15.06252,46.52155,4.103269,0.1131523,0.03414422,-0.9929904,0.0,0.0,0.0,0.9039154,0.06130228,-2.657957,-0.2287956,0.09505869,0.864871,0.699811,0.06909597,-0.7109783,0.1388538,0.9631676,0.2302777,0.7007025,-0.2598729,0.6644411,moving,39.40702,-9.810604,-14.81776,6.27225,37.73231198359933,-3.1922378923357693,56.55957000219959,53.395567199400006,55.79044951027534
47,47,05/15/2023 13:23:24.453572,276,True,True,True,True,Eyes,0.4407123,0.1109829,-3.311345,0.624812,-0.1341014,0.7691728,0.0,0.0,0.0,0.0,0.0,0.0,0.0,-2.804855,0.5863444,1.897146,0.5753024,0.1103783,-3.386299,0.1330609,0.3837512,-0.01967438,0.9135879,14.96481,46.08561,3.927789,0.1148542,0.0340581,-0.992798,0.0,0.0,0.0,0.9065599,0.0589296,-2.657959,-0.2261831,0.09357691,0.8667385,0.7046959,0.06617599,-0.7064166,0.1380731,0.9638155,0.2280255,0.6959451,-0.2582258,0.6700597,moving,39.08754,-9.889827,-14.62567,6.162037,37.42074351262916,-3.278694723873845,56.060425135549906,52.89571414594707,55.29338526668491
48,48,05/15/2023 13:23:24.463136,277,True,True,True,True,Eyes,0.4469241,0.1108441,-3.314496,0.6203812,-0.1356934,0.772473,0.0,0.0,0.0,0.0,0.0,0.0,0.0,-2.800095,0.5837213,1.914286,0.582086,0.1097713,-3.39041,0.1324409,0.3807509,-0.02012502,0.9149225,14.93194,45.688,3.79954,0.1165558,0.03397322,-0.9926026,0.0,0.0,0.0,0.9091173,0.05663502,-2.657961,-0.2246459,0.09538542,0.8677435,0.7092475,0.06402827,-0.7020459,0.1376796,0.9641088,0.227021,0.6913844,-0.2576714,0.6749764,moving,38.76831,-9.962992,-14.51437,6.272969,37.10958235757956,-3.3592986052461717,55.70143999553262,52.51488394956918,54.92464614077742
49,49,05/15/2023 13:23:24.483600,278,True,True,True,True,Eyes,0.4531273,0.1106945,-3.317693,0.6160101,-0.1373636,0.7756692,0.0,0.0,0.0,0.0,0.0,0.0,0.0,-2.798208,0.583478,1.927725,0.5891209,0.109137,-3.395226,0.1322369,0.378305,-0.02051309,0.9159575,14.93761,45.36899,3.707245,0.1182571,0.03388877,-0.9924042,0.0,0.0,0.0,0.9116753,0.05433995,-2.657962,-0.224262,0.09590514,0.8683239,0.7129291,0.0624735,-0.6984477,0.13763,0.9641852,0.2267263,0.6875974,-0.2577671,0.6787974,moving,38.45541,-10.04242,-14.48133,6.302692,36.80438085619131,-3.4457469049704086,55.40271769615769,52.20398642928335,54.620294684182966
50,50,05/15/2023 13:23:24.503634,279,True,True,True,True,Eyes,0.4593517,0.1105405,-3.32096,0.6116157,-0.1389115,0.7788645,0.0,0.0,0.0,0.0,0.0,0.0,0.0,-2.796348,0.586503,1.939914,0.5956064,0.1087455,-3.400035,0.1325703,0.376001,-0.02077831,0.9168516,14.99412,45.07835,3.655822,0.1199578,0.03380434,-0.9922029,0.0,0.0,0.0,0.9143085,0.05197733,-2.657964,-0.2226809,0.09579989,0.8692305,0.7163831,0.06159188,-0.6949833,0.1377944,0.9639868,0.2274693,0.683965,-0.2587199,0.6820968,moving,38.14134,-10.11245,-14.3691,6.289316,36.4983025169009,-3.523164154802447,55.01240075576012,51.80518705308193,54.22786294413309
51,51,05/15/2023 13:23:24.513352,280,True,True,True,True,Eyes,0.4655576,0.1103592,-3.324281,0.6072437,-0.1404697,0.7819996,0.0,0.0,0.0,0.0,0.0,0.0,0.0,-2.793542,0.5828857,1.955817,0.6023715,0.1084787,-3.40503,0.1318063,0.3733588,-0.02117223,0.9180316,14.94041,44.72612,3.533495,0.1216577,0.03371973,-0.9919988,0.0,0.0,0.0,0.9169226,0.04963194,-2.657966,-0.2197621,0.09355228,0.8701175,0.7203099,0.05954853,-0.6910917,0.1372957,0.9643577,0.226195,0.6799291,-0.2578144,0.6864606,moving,37.8303,-10.18338,-14.17453,6.136687,36.19513411186463,-3.6013547659087832,54.50547614885489,51.30236368995729,53.72635342476156
52,52,05/15/2023 13:23:24.533536,281,True,True,True,True,Eyes,0.4718052,0.1101599,-3.327677,0.6028154,-0.1418476,0.7851706,0.0,0.0,0.0,0.0,0.0,0.0,0.0,-2.78756,0.5768185,1.97721,0.6088073,0.1076421,-3.410328,0.1304015,0.3700083,-0.02153103,0.9195791,14.81876,44.27539,3.374262,0.1233551,0.03363415,-0.991792,0.0,0.0,0.0,0.9195214,0.04730022,-2.657968,-0.2163434,0.09009586,0.8713697,0.7252606,0.0569003,-0.6861193,0.1360982,0.9650638,0.2238956,0.6748886,-0.2557623,0.6921785,moving,37.51528,-10.2405,-13.94344,5.90316,35.88848776874423,-3.666345485359929,53.931601332002,50.74245225039559,53.16356037697149
53,53,05/15/2023 13:23:24.553418,282,True,True,True,True,Eyes,0.4780597,0.109951,-3.33112,0.5984303,-0.1432267,0.7882686,0.0,0.0,0.0,0.0,0.0,0.0,0.0,-2.782993,0.5691775,1.997028,0.6160988,0.1069881,-3.415569,0.1288393,0.366862,-0.02193926,0.9210491,14.68069,43.8489,3.207066,0.1250515,0.03354705,-0.9915826,0.0,0.0,0.0,0.9220882,0.04499721,-2.65797,-0.2145725,0.08958612,0.8717162,0.729862,0.05411821,-0.681449,0.1349467,0.9658383,0.2212373,0.6701425,-0.253432,0.6976255,moving,37.2047,-10.29817,-13.82841,5.867678,35.586126452656984,-3.7317276526278342,53.53235430869078,50.33830551095924,52.76473068638556
54,54,05/15/2023 13:23:24.563246,283,True,True,True,True,Eyes,0.4843504,0.1097164,-3.334659,0.594059,-0.1445059,0.7913356,0.0,0.0,0.0,0.0,0.0,0.0,0.0,-2.780628,0.561305,2.013739,0.6232687,0.1065467,-3.42086,0.127296,0.3642544,-0.02228331,0.9222896,14.53913,43.4928,3.057671,0.1267463,0.03345829,-0.9913703,0.0,0.0,0.0,0.9246732,0.04267789,-2.657972,-0.2144842,0.08868958,0.8715026,0.7336445,0.05163291,-0.677569,0.1338396,0.9665984,0.218574,0.6662227,-0.2510412,0.702229,moving,36.89571,-10.34876,-13.8262,5.810774,35.28549807704615,-3.790228766539154,53.23384912952713,50.04136431127784,52.46881941985754
55,55,05/15/2023 13:23:24.583622,284,True,True,True,True,Eyes,0.4906418,0.1094558,-3.338265,0.5897552,-0.1458672,0.7942994,0.0,0.0,0.0,0.0,0.0,0.0,0.0,-2.780214,0.5594662,2.026951,0.6304603,0.1056854,-3.426729,0.1267145,0.3620456,-0.02256776,0.923232,14.49614,43.20247,2.965183,0.1284397,0.03336719,-0.9911554,0.0,0.0,0.0,0.9272404,0.04037454,-2.657974,-0.2134809,0.09024616,0.8711131,0.7368274,0.05008229,-0.6742233,0.1334234,0.9668682,0.2176327,0.6627848,-0.250315,0.7057329,moving,36.59333,-10.406,-13.76991,5.914666,34.99108997463653,-3.854938919021131,52.94166678506785,49.730074389651435,52.16998618297209
56,56,05/15/2023 13:23:24.603064,285,True,True,True,True,Eyes,0.4969711,0.1092058,-3.34196,0.5854766,-0.147187,0.7972159,0.0,0.0,0.0,0.0,0.0,0.0,0.0,-2.78145,0.5589011,2.037285,0.6373838,0.1048194,-3.432509,0.1262388,0.3603075,-0.02259194,0.9239761,14.45167,42.97639,2.913544,0.1301308,0.03327319,-0.990938,0.0,0.0,0.0,0.9298148,0.03806475,-2.657975,-0.2122605,0.08702876,0.8709059,0.7393363,0.0492207,-0.671535,0.1327184,0.9671067,0.2170031,0.660127,-0.2495633,0.7084846,moving,36.29362,-10.46051,-13.6973,5.706566,34.69934214333351,-3.916931285965348,52.54014111930206,49.344165518963514,51.77816432534405
57,57,05/15/2023 13:23:24.623186,286,True,True,True,True,Eyes,0.5033435,0.1089637,-3.34573,0.5811079,-0.1485177,0.8001601,0.0,0.0,0.0,0.0,0.0,0.0,0.0,-2.781959,0.5660758,2.04676,0.6446506,0.1048282,-3.438371,0.126555,0.3584889,-0.02154005,0.9246653,14.44708,42.76421,3.013121,0.1318207,0.03317679,-0.9907179,0.0,0.0,0.0,0.9323968,0.03574805,-2.657977,-0.2125524,0.08616793,0.8700089,0.7420434,0.05090248,-0.6684164,0.1305718,0.9670397,0.2185983,0.6575124,-0.2494858,0.710939,moving,35.98863,-10.515,-13.72903,5.656275,34.40248131400042,-3.979069919650008,52.28150582186042,49.086477293551795,51.52145636936578
58,58,05/15/2023 13:23:24.633606,287,True,True,True,True,Eyes,0.5097609,0.1087154,-3.349592,0.5767152,-0.1497275,0.8031073,0.0,0.0,0.0,0.0,0.0,0.0,0.0,-2.779357,0.5626675,2.062851,0.6520599,0.1047591,-3.443925,0.124295,0.3560876,-0.0193691,0.9259467,14.12128,42.45565,3.11217,0.1335094,0.03307844,-0.990495,0.0,0.0,0.0,0.9349679,0.03344117,-2.657979,-0.2139386,0.08595376,0.868508,0.745653,0.0526503,-0.6642511,0.1243893,0.9683512,0.2163869,0.6546211,-0.2439753,0.7155048,moving,35.68231,-10.56071,-13.8381,5.651995,34.10457183847992,-4.032778802897073,52.106840337762996,48.911088994475044,51.34761306786356
59,59,05/15/2023 13:23:24.653229,288,True,True,True,True,Eyes,0.5162721,0.1084932,-3.35356,0.572048,-0.1512095,0.8061617,0.0,0.0,0.0,0.0,0.0,0.0,0.0,-2.775851,0.5668677,2.078954,0.659597,0.10435,-3.45004,0.1236397,0.3533629,-0.01784686,0.9271082,13.99679,42.12204,3.207293,0.1351977,0.03297808,-0.9902694,0.0,0.0,0.0,0.9375886,0.03108991,-2.657981,-0.2152108,0.08649282,0.8671047,0.7496323,0.05428744,-0.6596243,0.1204713,0.9687895,0.2166419,0.650798,-0.2418676,0.7196958,moving,35.35931,-10.62337,-13.93885,5.696353,33.79004599989473,-4.103365064031801,51.929201208783574,48.72455220423558,51.166897387677224
60,60,05/15/2023 13:23:24.663740,289,True,True,True,True,Eyes,0.5228422,0.1083174,-3.357619,0.5673608,-0.1526584,0.8091953,0.0,0.0,0.0,0.0,0.0,0.0,0.0,-2.772802,0.5821822,2.091491,0.66791,0.1047963,-3.456098,0.1248793,0.3507158,-0.0160656,0.9279792,14.06602,41.82806,3.414736,0.1368876,0.03287657,-0.9900407,0.0,0.0,0.0,0.9401494,0.02879223,-2.657983,-0.2152422,0.08602004,0.8653504,0.7534807,0.05777719,-0.6549265,0.1174114,0.9682941,0.2205019,0.6469013,-0.2430397,0.7228072,moving,35.03591,-10.68355,-13.96797,5.67683,33.47520039950779,-4.171571019554606,51.6627746912494,48.454570684288356,50.90078878220418
61,61,05/15/2023 13:23:24.683234,290,True,True,True,True,Eyes,0.5294638,0.1081387,-3.361768,0.5624506,-0.1543143,0.8123032,0.0,0.0,0.0,0.0,0.0,0.0,0.0,-2.768525,0.5957644,2.106303,0.6759325,0.105737,-3.462386,0.1254889,0.3478933,-0.01367876,0.9289971,14.04449,41.51088,3.658286,0.1385788,0.03277535,-0.9898086,0.0,0.0,0.0,0.9427456,0.02646289,-2.657984,-0.2137436,0.08207813,0.8641843,0.7575663,0.06189844,-0.6498169,0.1127285,0.9681308,0.2236401,0.6429507,-0.2426751,0.7264456,moving,34.6993,-10.75638,-13.89248,5.425539,33.14721629926099,-4.252396654615812,51.215384271632296,48.02494629316718,50.463520621859644
62,62,05/15/2023 13:23:24.702889,291,True,True,True,True,Eyes,0.5361497,0.1079978,-3.365993,0.5575091,-0.1560313,0.8153759,0.0,0.0,0.0,0.0,0.0,0.0,0.0,-2.763919,0.6011761,2.123827,0.6839364,0.1055391,-3.468774,0.1256458,0.3447719,-0.01314968,0.9301466,14.05217,41.12893,3.674836,0.1402727,0.03267419,-0.9895734,0.0,0.0,0.0,0.9454066,0.02407543,-2.657986,-0.2119665,0.07930201,0.8630118,0.7619189,0.06217602,-0.6446812,0.1111005,0.9680804,0.2246708,0.6380723,-0.2428053,0.730691,moving,34.36217,-10.83322,-13.79941,5.250155,32.818619242593684,-4.337107676588528,50.77610402036597,47.59365772971466,50.03003054912742
63,63,05/15/2023 13:23:24.723658,292,True,True,True,True,Eyes,0.5428256,0.1079173,-3.37024,0.5524307,-0.1577653,0.8184927,0.0,0.0,0.0,0.0,0.0,0.0,0.0,-2.760296,0.6120909,2.138083,0.6922414,0.1063661,-3.474878,0.1272454,0.3418411,-0.01313017,0.9310107,14.23565,40.7858,3.699768,0.1419694,0.03257418,-0.9893347,0.0,0.0,0.0,0.9479433,0.02179939,-2.657988,-0.2133354,0.08095635,0.860302,0.7659445,0.06254675,-0.6398569,0.1114441,0.9672725,0.2279568,0.6331739,-0.2459105,0.7339066,moving,34.01686,-10.91002,-13.92712,5.375832,32.482101158299926,-4.422036602857934,50.63451583264428,47.4322046470419,49.8810733523136
64,64,05/15/2023 13:23:24.733268,293,True,True,True,True,Eyes,0.5495744,0.1078699,-3.374554,0.5472601,-0.1593357,0.8216559,0.0,0.0,0.0,0.0,0.0,0.0,0.0,-2.749574,0.6182781,2.159771,0.6986071,0.1077438,-3.479565,0.1262899,0.3382168,-0.01020122,0.9325001,14.03007,40.35441,3.924573,0.1436678,0.03247694,-0.9890926,0.0,0.0,0.0,0.9506105,0.01940637,-2.65799,-0.2163871,0.07679165,0.8576181,0.7710108,0.06640142,-0.6333509,0.104452,0.9678937,0.2286302,0.6281976,-0.242431,0.7393206,moving,33.66542,-10.9746,-14.16084,5.116654,32.139979558360004,-4.495367179127723,50.460673805252696,47.28802007828,49.71889440004799
65,65,05/15/2023 13:23:24.753213,294,True,True,True,True,Eyes,0.5563816,0.1078298,-3.378929,0.5418752,-0.1611946,0.824856,0.0,0.0,0.0,0.0,0.0,0.0,0.0,-2.74017,0.6192631,2.183693,0.7071395,0.1084346,-3.485503,0.1252011,0.334196,-0.008713922,0.9341102,13.87046,39.85575,3.981156,0.1453688,0.03238312,-0.9888471,0.0,0.0,0.0,0.9531163,0.01715806,-2.657992,-0.2195002,0.07183821,0.854862,0.7764742,0.06740387,-0.6265339,0.09996293,0.9684975,0.2280789,0.6221699,-0.2397275,0.7452754,moving,33.30224,-11.05747,-14.40057,4.803557,31.785989316711596,-4.586713140678614,50.27057050990001,47.131469686728835,49.54058304883903
66,66,05/15/2023 13:23:24.763181,295,True,True,True,True,Eyes,0.5632774,0.1078252,-3.38337,0.536447,-0.1630626,0.8280309,0.0,0.0,0.0,0.0,0.0,0.0,0.0,-2.731421,0.6337753,2.203249,0.7158832,0.1086595,-3.491753,0.1271676,0.3302041,-0.008658117,0.9352641,14.09843,39.38794,4.007813,0.1470733,0.03229252,-0.988598,0.0,0.0,0.0,0.9556535,0.0148816,-2.657994,-0.2226943,0.07446616,0.8505048,0.7817806,0.06778727,-0.6198581,0.1001778,0.9675069,0.2321527,0.615454,-0.2435884,0.7495873,moving,32.93753,-11.1406,-14.67281,5.003787,31.430510219624864,-4.6783579412652,50.273111168112216,47.10902319022268,49.53295051896954
67,67,05/15/2023 13:23:24.783181,296,True,True,True,True,Eyes,0.5702177,0.1078445,-3.387842,0.5308433,-0.1649925,0.8312538,0.0,0.0,0.0,0.0,0.0,0.0,0.0,-2.725272,0.6452057,2.22009,0.7249601,0.1095281,-3.497804,0.1282742,0.3268243,-0.007766351,0.9363074,14.19866,38.99453,4.099384,0.148782,0.03220581,-0.9883451,0.0,0.0,0.0,0.9583426,0.01246885,-2.657995,-0.2238241,0.0555255,0.847952,0.7862512,0.06930288,-0.6140084,0.09838964,0.9669708,0.2351317,0.6100234,-0.2452847,0.7534633,moving,32.56252,-11.22652,-14.78645,3.746487,31.06497975764809,-4.773017671266033,49.660003007278895,46.63620450534392,48.96766988159729
68,68,05/15/2023 13:23:24.803469,297,True,True,True,True,Eyes,0.5772235,0.1078669,-3.392368,0.5251878,-0.1668627,0.8344666,0.0,0.0,0.0,0.0,0.0,0.0,0.0,-2.719863,0.640281,2.240168,0.7337518,0.1101649,-3.503632,0.1272943,0.3234716,-0.007972261,0.9376026,14.11451,38.56231,3.985316,0.1504952,0.03212326,-0.9880884,0.0,0.0,0.0,0.9610174,0.01006897,-2.657997,-0.2230931,0.05726017,0.8459115,0.7906051,0.06740259,-0.6086054,0.09730184,0.9674652,0.2335454,0.6045461,-0.2438606,0.7583245,moving,32.18506,-11.30791,-14.77427,3.872473,30.69720006395359,-4.863383417788431,49.35202834813975,46.30302125271355,48.6533259410215
69,69,05/15/2023 13:23:24.813175,298,True,True,True,True,Eyes,0.5843234,0.1078719,-3.396952,0.5192811,-0.1688907,0.8377488,0.0,0.0,0.0,0.0,0.0,0.0,0.0,-2.714869,0.6361443,2.259305,0.7423945,0.1102614,-3.509465,0.127353,0.3200806,-0.009831225,0.9387403,14.20526,38.12045,3.730171,0.1522135,0.03204448,-0.9878277,0.0,0.0,0.0,0.9635758,0.007773476,-2.657999,-0.2253959,0.06631824,0.8425153,0.7949036,0.0630685,-0.603449,0.09998436,0.9673691,0.2328092,0.5984409,-0.2453963,0.7626593,moving,31.79283,-11.39809,-14.97745,4.500733,30.314876310231327,-4.962693407811645,49.3987010361986,46.27041454286464,48.67440294685572
70,70,05/15/2023 13:23:24.833556,299,True,True,True,True,Eyes,0.5914732,0.1078725,-3.401572,0.5134308,-0.1710541,0.8409098,0.0,0.0,0.0,0.0,0.0,0.0,0.0,-2.714073,0.6343958,2.272007,0.751125,0.1098919,-3.514882,0.1282283,0.3175474,-0.01235742,0.9394513,14.40513,37.78755,3.44604,0.1539382,0.03196854,-0.9875629,0.0,0.0,0.0,0.966175,0.005441433,-2.658001,-0.2274734,0.07270697,0.8398417,0.7980218,0.05821874,-0.5998098,0.1046555,0.9668096,0.2330803,0.5934715,-0.2487766,0.7654423,moving,31.40681,-11.49798,-15.1551,4.947886,29.938301996015607,-5.071177445212565,49.380947452818845,46.19303557781691,48.6360337103144
71,71,05/15/2023 13:23:24.853324,300,True,True,True,True,Eyes,0.5987142,0.1078862,-3.406242,0.5074793,-0.173552,0.844005,0.0,0.0,0.0,0.0,0.0,0.0,0.0,-2.715334,0.6454703,2.278677,0.7595115,0.1098329,-3.520387,0.1308868,0.3156215,-0.01417521,0.9397079,14.76996,37.56179,3.318893,0.155669,0.03189499,-0.987294,0.0,0.0,0.0,0.9689435,0.002957521,-2.658003,-0.2269358,0.07812876,0.8381408,0.8003643,0.05598027,-0.5968947,0.1092625,0.9653354,0.2370427,0.5894734,-0.2549388,0.7665034,moving,31.01745,-11.61971,-15.1502,5.325537,29.557897416802263,-5.200838717378155,49.17919582926819,45.93058415014651,48.413973259243384
72,72,05/15/2023 13:23:24.872971,301,True,True,True,True,Eyes,0.6060054,0.107896,-3.410926,0.5015631,-0.175974,0.8470346,0.0,0.0,0.0,0.0,0.0,0.0,0.0,-2.714412,0.6655562,2.284715,0.7679784,0.1102333,-3.525476,0.1337605,0.3135846,-0.01376594,0.9399912,15.07605,37.3537,3.444319,0.1574074,0.03182391,-0.9870206,0.0,0.0,0.0,0.9712718,0.0008685528,-2.658005,-0.2261363,0.0760563,0.8362188,0.8029504,0.0580107,-0.5932161,0.1097701,0.9638373,0.2428337,0.5858507,-0.2601009,0.7675458,moving,30.63148,-11.73642,-15.13239,5.196903,29.18091285675542,-5.325550101835666,48.79620092998254,45.545480888391765,48.032578790927545
73,73,05/15/2023 13:23:24.883657,302,True,True,True,True,Eyes,0.6134239,0.1078741,-3.415662,0.4954806,-0.1784578,0.8500893,0.0,0.0,0.0,0.0,0.0,0.0,0.0,-2.709928,0.6770394,2.297259,0.7765092,0.1101489,-3.530494,0.1341949,0.3109713,-0.01188895,0.9408227,15.06421,37.06043,3.627227,0.1591528,0.03175495,-0.9867429,0.0,0.0,0.0,0.9738246,-0.001421948,-2.658006,-0.2254558,0.07669535,0.8348664,0.806311,0.0610907,-0.5883286,0.1058323,0.9637008,0.2451129,0.5819468,-0.2599014,0.7705772,moving,30.23608,-11.85585,-15.11226,5.248769,28.79472141316384,-5.45318159521747,48.46689521612418,45.192419312959885,47.69752892328933
74,74,05/15/2023 13:23:24.903557,303,True,True,True,True,Eyes,0.6208829,0.1078525,-3.420379,0.4893008,-0.1808379,0.8531603,0.0,0.0,0.0,0.0,0.0,0.0,0.0,-2.70203,0.6918477,2.313444,0.7860721,0.1093816,-3.535784,0.1350632,0.3075029,-0.01014056,0.9418585,15.10907,36.66617,3.798799,0.1609076,0.03168689,-0.9864604,0.0,0.0,0.0,0.9764194,-0.003750065,-2.658008,-0.2229444,0.07455894,0.8339864,0.8106783,0.06396272,-0.5819876,0.1021666,0.9633102,0.2481844,0.5765091,-0.2606574,0.7743998,moving,29.83495,-11.96742,-14.96656,5.1087,28.40319494945371,-5.573408977624518,47.945481252506994,44.66590530354792,47.17942370776691
75,75,05/15/2023 13:23:24.913328,304,True,True,True,True,Eyes,0.6284183,0.1078295,-3.425084,0.4827246,-0.1833481,0.8563646,0.0,0.0,0.0,0.0,0.0,0.0,0.0,-2.688497,0.6975027,2.336875,0.7945611,0.1093668,-3.540088,0.135019,0.3030652,-0.009294411,0.9433108,15.09162,36.12821,3.818787,0.1626709,0.03161971,-0.9861733,0.0,0.0,0.0,0.9790344,-0.006096275,-2.65801,-0.2180223,0.07305741,0.8341637,0.8161302,0.06430407,-0.5742791,0.09937415,0.963367,0.2490961,0.5692595,-0.2603633,0.7798428,moving,29.40954,-12.08461,-14.64752,5.005286,27.98800068038662,-5.699820206212276,47.25557195859993,43.95892312800621,46.49152082807131
76,76,05/15/2023 13:23:24.933400,305,True,True,True,True,Eyes,0.6359802,0.1077965,-3.429754,0.476009,-0.1858014,0.859589,0.0,0.0,0.0,0.0,0.0,0.0,0.0,-2.675096,0.6925153,2.362253,0.8030984,0.1093176,-3.543873,0.1340852,0.2985168,-0.009856441,0.9448872,15.02707,35.54674,3.646582,0.1644435,0.03155326,-0.9858814,0.0,0.0,0.0,0.9815243,-0.00833035,-2.658012,-0.2125084,0.07572062,0.834472,0.8215811,0.06142693,-0.5667726,0.09867983,0.9638481,0.2475061,0.5614862,-0.2592754,0.7858177,moving,28.97608,-12.19693,-14.28737,5.184863,27.56514299602386,-5.821784997614587,46.624594730649925,43.2756183575202,45.852810648528795
77,77,05/15/2023 13:23:24.953324,306,True,True,True,True,Eyes,0.6435888,0.1077767,-3.434385,0.4689624,-0.1885212,0.8628639,0.0,0.0,0.0,0.0,0.0,0.0,0.0,-2.660022,0.6916857,2.38807,0.8113652,0.1090737,-3.54779,0.1345624,0.293571,-0.01179592,0.9463455,15.16567,34.91771,3.366713,0.1662251,0.03148723,-0.9855847,0.0,0.0,0.0,0.9841429,-0.01067976,-2.658014,-0.2101824,0.08066148,0.8336697,0.8273539,0.05668116,-0.5588138,0.1013332,0.9635076,0.2477591,0.5524645,-0.2616109,0.7914181,moving,28.52387,-12.32449,-14.15036,5.526435,27.12371083763757,-5.959042167961511,46.25738243187269,42.84232847647393,45.471005004605644
78,78,05/15/2023 13:23:24.963123,307,True,True,True,True,Eyes,0.6512191,0.107799,-3.438966,0.4617671,-0.1912023,0.8661483,0.0,0.0,0.0,0.0,0.0,0.0,0.0,-2.64503,0.6908276,2.412681,0.8196409,0.1094544,-3.551149,0.1358771,0.2885894,-0.0149987,0.9476438,15.43726,34.27759,2.973257,0.1680153,0.03142198,-0.9852832,0.0,0.0,0.0,0.9867622,-0.01302987,-2.658016,-0.2098712,0.0836413,0.8328209,0.8329824,0.04999852,-0.5510359,0.1068522,0.9626249,0.2488692,0.5428839,-0.266183,0.7965071,moving,28.06329,-12.44841,-14.14406,5.73506,26.67427181100089,-6.0930497108830055,45.95757799605414,42.49753394216719,45.16267086536128
79,79,05/15/2023 13:23:24.983793,308,True,True,True,True,Eyes,0.6588773,0.1078462,-3.443477,0.4543275,-0.1939859,0.8694572,0.0,0.0,0.0,0.0,0.0,0.0,0.0,-2.628624,0.6886142,2.438996,0.8278655,0.1105296,-3.554572,0.1367491,0.2834265,-0.01770714,0.9490288,15.64017,33.61538,2.613346,0.169813,0.0313587,-0.9849769,0.0,0.0,0.0,0.9894454,-0.01543734,-2.658018,-0.2109911,0.08801869,0.8318834,0.8387119,0.04390745,-0.5428026,0.1111258,0.9619722,0.2495203,0.5331169,-0.269595,0.8019382,moving,27.58894,-12.57735,-14.23186,6.039795,26.21136000370948,-6.2323326250973805,45.77747700115227,42.26415929265747,44.970418217687836
80,80,05/15/2023 13:23:25.003359,309,True,True,True,True,Eyes,0.6665812,0.1078989,-3.447929,0.446775,-0.1966166,0.8727738,0.0,0.0,0.0,0.0,0.0,0.0,0.0,-2.610195,0.6855364,2.466708,0.8363335,0.1112312,-3.557513,0.1368133,0.2780535,-0.01938362,0.950575,15.71675,32.93197,2.335758,0.1716183,0.03129796,-0.9846659,0.0,0.0,0.0,0.9918898,-0.01763046,-2.658019,-0.210291,0.09079176,0.8310251,0.844621,0.03923165,-0.5339252,0.112934,0.9618129,0.2493232,0.5233175,-0.2708819,0.8079368,moving,27.10802,-12.69553,-14.2006,6.234992,25.74237873898356,-6.361439679273791,45.43970454896118,41.88211601141357,44.626826109089315
81,81,05/15/2023 13:23:25.013571,310,True,True,True,True,Eyes,0.6743448,0.1079537,-3.452318,0.4391386,-0.1993617,0.8760206,0.0,0.0,0.0,0.0,0.0,0.0,0.0,-2.59356,0.6808424,2.49294,0.8451991,0.111424,-3.560628,0.1363397,0.273029,-0.02066084,0.9520714,15.71737,32.29152,2.090149,0.1734317,0.03123968,-0.9843501,0.0,0.0,0.0,0.9945771,-0.02004156,-2.658021,-0.2085784,0.08888581,0.8310226,0.8500566,0.0351082,-0.5255199,0.1137905,0.9619692,0.2483283,0.5142523,-0.2708923,0.8137333,moving,26.62406,-12.82082,-14.08962,6.10512,25.270259428211244,-6.497502199912852,44.89760510345735,41.328273553550034,44.09176930864636
82,82,05/15/2023 13:23:25.033365,311,True,True,True,True,Eyes,0.6821598,0.1079906,-3.456645,0.4315348,-0.2019555,0.8791994,0.0,0.0,0.0,0.0,0.0,0.0,0.0,-2.579061,0.6880815,2.513028,0.8543093,0.1115781,-3.563429,0.1371351,0.268599,-0.02069314,0.9532158,15.81636,31.7569,2.038161,0.1752528,0.03118374,-0.9840292,0.0,0.0,0.0,0.9972836,-0.02246994,-2.658023,-0.2068393,0.09274417,0.831258,0.8548527,0.03421864,-0.5177413,0.1131188,0.9615315,0.2503223,0.5063903,-0.2725549,0.818097,moving,26.14305,-12.93665,-13.97296,6.366211,24.801255083656123,-6.624344659435098,44.51847595218665,40.892472310860676,43.706117832122615
83,83,05/15/2023 13:23:25.053505,312,True,True,True,True,Eyes,0.690062,0.1080109,-3.460935,0.4240163,-0.2046986,0.8822181,0.0,0.0,0.0,0.0,0.0,0.0,0.0,-2.571232,0.6866316,2.528608,0.8633967,0.1111842,-3.566334,0.1367083,0.2653852,-0.02095619,0.954171,15.78386,31.35476,1.939565,0.1770826,0.03112944,-0.9837033,0.0,0.0,0.0,0.9998094,-0.02473614,-2.658025,-0.2079155,0.0958939,0.8308706,0.858263,0.03256917,-0.5121756,0.1125523,0.9617434,0.2497634,0.500716,-0.2720092,0.821763,moving,25.67011,-13.06303,-14.04908,6.583593,24.33977863428513,-6.761113323573537,44.312569882147756,40.642165962280494,43.493959858996085
84,84,05/15/2023 13:23:25.063177,313,True,True,True,True,Eyes,0.6980212,0.1080281,-3.465137,0.4166142,-0.2072839,0.8851361,0.0,0.0,0.0,0.0,0.0,0.0,0.0,-2.566524,0.6983449,2.537182,0.8724459,0.1108744,-3.569112,0.1382976,0.2628361,-0.02092651,0.9546481,15.96508,31.06058,1.951751,0.1789215,0.03107618,-0.9833723,0.0,0.0,0.0,1.002349,-0.02701484,-2.658027,-0.2068986,0.09640753,0.8315052,0.8609586,0.03274425,-0.5076201,0.1126541,0.9608718,0.2530505,0.4960437,-0.2750515,0.8235819,moving,25.20534,-13.18019,-13.97282,6.613537,23.886466041468665,-6.888729810066367,43.894417065683065,40.19498412215091,43.07853292887884
85,85,05/15/2023 13:23:25.083425,314,True,True,True,True,Eyes,0.7060453,0.1079969,-3.46927,0.4094245,-0.2098847,0.8878739,0.0,0.0,0.0,0.0,0.0,0.0,0.0,-2.562644,0.7012856,2.546528,0.8817943,0.1107972,-3.571262,0.1377776,0.2606055,-0.01946862,0.9553655,15.86687,30.80336,2.062111,0.1807704,0.0310238,-0.9830356,0.0,0.0,0.0,1.004929,-0.02932921,-2.658029,-0.2044713,0.09382529,0.8330134,0.8634115,0.0346119,-0.5033116,0.1090105,0.9612767,0.2531086,0.4925823,-0.2734031,0.8262042,moving,24.7558,-13.30001,-13.79115,6.426345,23.44783077335569,-7.018435255301697,43.30122903438799,39.591713844587545,42.49631211969505
86,86,05/15/2023 13:23:25.103367,315,True,True,True,True,Eyes,0.7141255,0.1079194,-3.473321,0.4023155,-0.2124532,0.8905088,0.0,0.0,0.0,0.0,0.0,0.0,0.0,-2.558116,0.7067778,2.555817,0.8909519,0.1096306,-3.573497,0.1377457,0.2582379,-0.01849021,0.9560322,15.8386,30.52794,2.131904,0.1826293,0.03097094,-0.9826937,0.0,0.0,0.0,1.007479,-0.03161742,-2.658031,-0.2017385,0.09267102,0.8344021,0.8659427,0.03578784,-0.4988613,0.1064968,0.9613684,0.2538289,0.4886735,-0.2729284,0.8286786,moving,24.31258,-13.41851,-13.59192,6.337457,23.015352257224865,-7.146668912738687,42.74399785180475,39.01171662135846,41.94668902457594
87,87,05/15/2023 13:23:25.113547,316,True,True,True,True,Eyes,0.7222788,0.1077877,-3.477289,0.3953761,-0.2151447,0.8929672,0.0,0.0,0.0,0.0,0.0,0.0,0.0,-2.55344,0.7177674,2.563614,0.900404,0.1084503,-3.575594,0.1387432,0.2557957,-0.01779142,0.9565575,15.93423,30.25083,2.201787,0.1844992,0.03091637,-0.9823461,0.0,0.0,0.0,1.010066,-0.03393829,-2.658032,-0.2014406,0.09211536,0.8351289,0.868504,0.03694282,-0.4943036,0.1050169,0.9608675,0.2563298,0.4844298,-0.2745337,0.8306377,moving,23.88216,-13.54623,-13.56121,6.294325,22.595018787083653,-7.283397195723675,42.375152857127546,38.62159266690311,41.58213102835535
88,88,05/15/2023 13:23:25.133391,317,True,True,True,True,Eyes,0.7304952,0.1076221,-3.481158,0.3884917,-0.2177661,0.8953503,0.0,0.0,0.0,0.0,0.0,0.0,0.0,-2.547789,0.7290137,2.571677,0.9098089,0.107057,-3.577289,0.1395016,0.2532812,-0.01664646,0.9571369,15.99043,29.96911,2.313206,0.1863801,0.03085883,-0.9819927,0.0,0.0,0.0,1.012642,-0.03625019,-2.658034,-0.2013972,0.09050819,0.8361659,0.8711431,0.03880038,-0.4894938,0.1025322,0.9605244,0.2586118,0.480205,-0.2754768,0.8327758,moving,23.45598,-13.66999,-13.5422,6.177752,22.17889963366856,-7.416171687410789,41.98569025050039,38.22030507802919,41.19981992559012
89,89,05/15/2023 13:23:25.153131,318,True,True,True,True,Eyes,0.7387626,0.107376,-3.484923,0.3816271,-0.22036,0.8976648,0.0,0.0,0.0,0.0,0.0,0.0,0.0,-2.541454,0.7374243,2.581077,0.9195612,0.1060772,-3.578812,0.140048,0.2505618,-0.01582947,0.9577866,16.03382,29.65545,2.376862,0.188273,0.03079773,-0.9816335,0.0,0.0,0.0,1.015275,-0.03861257,-2.658036,-0.2016809,0.08637345,0.8374244,0.8739365,0.03985886,-0.4844031,0.1005038,0.960272,0.2603396,0.4755356,-0.2762047,0.8352107,moving,23.03195,-13.79232,-13.54095,5.888766,21.764901694728344,-7.5474990147540675,41.532182227152425,37.776135078073516,40.75896076938243
90,90,05/15/2023 13:23:25.163211,319,True,True,True,True,Eyes,0.747093,0.1070708,-3.4886,0.374782,-0.2229127,0.8999158,0.0,0.0,0.0,0.0,0.0,0.0,0.0,-2.53367,0.7419963,2.592793,0.92926,0.1039278,-3.580264,0.1399294,0.2475642,-0.01527492,0.958592,16.01168,29.29686,2.384909,0.1901775,0.03073129,-0.9812683,0.0,0.0,0.0,1.017901,-0.04096809,-2.658038,-0.201232,0.08334815,0.8389631,0.8769573,0.03999815,-0.4789008,0.09856783,0.9603729,0.2607073,0.4703512,-0.2758334,0.8382635,moving,22.60994,-13.91236,-13.48804,5.673526,21.35292252021939,-7.67655347608692,41.06910140830203,37.31108804836934,40.30652291222881
91,91,05/15/2023 13:23:25.183316,320,True,True,True,True,Eyes,0.7554829,0.1067082,-3.492164,0.3679147,-0.225501,0.9021021,0.0,0.0,0.0,0.0,0.0,0.0,0.0,-2.525608,0.7516141,2.603523,0.9391326,0.1022163,-3.581834,0.1407914,0.2444711,-0.0149495,0.9592645,16.1064,28.93425,2.395575,0.192094,0.03065845,-0.9808972,0.0,0.0,0.0,1.020434,-0.04324104,-2.65804,-0.2017471,0.08228984,0.8401413,0.8800208,0.04015783,-0.4732344,0.09751993,0.9599085,0.262803,0.4648153,-0.2774219,0.8408233,moving,22.18768,-14.03478,-13.50303,5.594142,20.94063632625597,-7.807912139131916,40.73231345241986,36.959182960973074,39.97592629141767
92,92,05/15/2023 13:23:25.203352,321,True,True,True,True,Eyes,0.7639567,0.1063095,-3.495612,0.3610511,-0.2280291,0.9042372,0.0,0.0,0.0,0.0,0.0,0.0,0.0,-2.515156,0.7639726,2.615049,0.9492208,0.1005105,-3.582879,0.1418085,0.2410329,-0.01414913,0.9599966,16.20603,28.53871,2.458711,0.194023,0.03057837,-0.98052,0.0,0.0,0.0,1.023029,-0.04556926,-2.658041,-0.2028496,0.08132336,0.8413776,0.8834059,0.04119479,-0.4667945,0.09552724,0.9593803,0.2654505,0.4587686,-0.2790921,0.843587,moving,21.76623,-14.15366,-13.55489,5.520775,20.52923112964273,-7.935829805146619,40.43098948360805,36.64433825384288,39.68092635319882
93,93,05/15/2023 13:23:25.213134,322,True,True,True,True,Eyes,0.7724875,0.1058539,-3.498939,0.3541469,-0.2304844,0.9063426,0.0,0.0,0.0,0.0,0.0,0.0,0.0,-2.505147,0.7732795,2.626677,0.959746,0.09924875,-3.583601,0.1424005,0.2376401,-0.01329067,0.9607667,16.25687,28.14528,2.515913,0.1959655,0.03049087,-0.9801364,0.0,0.0,0.0,1.025699,-0.04796489,-2.658043,-0.2041273,0.07942853,0.8429723,0.886701,0.0421417,-0.4604187,0.09321864,0.9590909,0.2673106,0.4528483,-0.2799442,0.8464985,moving,21.34272,-14.26798,-13.61225,5.382767,20.115955224302027,-8.059412312784904,40.09989757292292,36.3081810661137,39.35851306430844
94,94,05/15/2023 13:23:25.233139,323,True,True,True,True,Eyes,0.7810894,0.105323,-3.502179,0.3472846,-0.2327956,0.9084049,0.0,0.0,0.0,0.0,0.0,0.0,0.0,-2.495893,0.7771463,2.639051,0.9701283,0.09745526,-3.584325,0.1422707,0.2343536,-0.01280654,0.9615994,16.23737,27.75153,2.510411,0.1979216,0.03039522,-0.9797463,0.0,0.0,0.0,1.02827,-0.05027211,-2.658045,-0.2041406,0.07524565,0.8450795,0.8898288,0.04205376,-0.4543525,0.09131282,0.9591901,0.2676123,0.4470645,-0.2796173,0.8496749,moving,20.92193,-14.37378,-13.58042,5.088182,19.705545902991133,-8.174688938076866,39.61287821418615,35.83098200740768,38.88544282621714
95,95,05/15/2023 13:23:25.253186,324,True,True,True,True,Eyes,0.7897552,0.1047171,-3.505302,0.3404246,-0.2350315,0.9104236,0.0,0.0,0.0,0.0,0.0,0.0,0.0,-2.489416,0.7780638,2.650205,0.980471,0.09511319,-3.585497,0.1417558,0.2315016,-0.01257351,0.962369,16.18051,27.403,2.4726,0.1998916,0.03029023,-0.9793494,0.0,0.0,0.0,1.030812,-0.0525527,-2.658047,-0.2042352,0.07191814,0.8470547,0.8924978,0.0414327,-0.4491446,0.08983411,0.9594944,0.2670213,0.4420152,-0.2786644,0.8526246,moving,20.50172,-14.47522,-13.55597,4.852989,19.29581719080181,-8.285740594679886,39.16000397451181,35.381720379199294,38.44510438399577
96,96,05/15/2023 13:23:25.263141,325,True,True,True,True,Eyes,0.7985026,0.1040543,-3.508318,0.3336454,-0.2371698,0.9123767,0.0,0.0,0.0,0.0,0.0,0.0,0.0,-2.484065,0.7821248,2.658545,0.991008,0.09271826,-3.586009,0.1416132,0.2289251,-0.01203604,0.9630131,16.15647,27.09688,2.485626,0.201876,0.03017488,-0.9789459,0.0,0.0,0.0,1.033472,-0.05493945,-2.658049,-0.2045527,0.06960891,0.8488491,0.8948969,0.04165592,-0.4443246,0.08801936,0.9596016,0.2672401,0.4375068,-0.2782615,0.855078,moving,20.08687,-14.57138,-13.54862,4.687986,18.891423481835293,-8.391529727547095,38.75911978182756,34.977566421501024,38.05518384729848
97,97,05/15/2023 13:23:25.283271,326,True,True,True,True,Eyes,0.8073205,0.1033511,-3.511213,0.3268935,-0.2393016,0.9142622,0.0,0.0,0.0,0.0,0.0,0.0,0.0,-2.479016,0.7887354,2.665898,1.001737,0.09068298,-3.586493,0.1415369,0.2264746,-0.01077933,0.9636185,16.12045,26.81802,2.585393,0.2038757,0.03004872,-0.9785353,0.0,0.0,0.0,1.036003,-0.05720968,-2.658051,-0.2066757,0.06825247,0.8505467,0.8971862,0.04333466,-0.4395215,0.08488332,0.9597023,0.2678926,0.4334188,-0.2776575,0.8573532,moving,19.67446,-14.66771,-13.6577,4.587893,18.48938821397029,-8.497406375715837,38.49430006064806,34.708217188281175,37.799019168041674
98,98,05/15/2023 13:23:25.303046,327,True,True,True,True,Eyes,0.8162401,0.1026264,-3.514002,0.3202951,-0.2413719,0.9160517,0.0,0.0,0.0,0.0,0.0,0.0,0.0,-2.47592,0.8010056,2.669534,1.012718,0.08901639,-3.586737,0.1421625,0.2244384,-0.009002756,0.9640209,16.14901,26.60504,2.772142,0.2058907,0.02991185,-0.9781175,0.0,0.0,0.0,1.038607,-0.05954673,-2.658052,-0.2086724,0.06758982,0.8526418,0.8990927,0.04645575,-0.4352863,0.08117113,0.9594176,0.2700541,0.4301668,-0.2781363,0.8588344,moving,19.27205,-14.76144,-13.75205,4.532419,18.0971085875898,-8.600460824568053,38.247145984006195,34.450565092955905,37.559639884312716
99,99,05/15/2023 13:23:25.313519,328,True,True,True,True,Eyes,0.8252416,0.1018703,-3.516662,0.3138217,-0.2433192,0.9177755,0.0,0.0,0.0,0.0,0.0,0.0,0.0,-2.474622,0.8137884,2.671539,1.024093,0.08775945,-3.587013,0.1424175,0.2227882,-0.006255332,0.9643878,16.10977,26.45004,3.066404,0.2079223,0.02976487,-0.9776922,0.0,0.0,0.0,1.041233,-0.06190218,-2.658054,-0.2102587,0.06490792,0.8550909,0.9006526,0.05139272,-0.43149,0.07552299,0.9593563,0.2719041,0.4279266,-0.2774785,0.8601654,moving,18.87747,-14.84857,-13.81442,4.340862,17.712592091006762,-8.696901685566417,37.90770333658746,34.1165029466263,37.23137538927383
100,100,05/15/2023 13:23:25.333782,329,True,True,True,True,Eyes,0.8343583,0.1011044,-3.519199,0.3075923,-0.2450908,0.9194115,0.0,0.0,0.0,0.0,0.0,0.0,0.0,-2.478444,0.8184786,2.670819,1.035655,0.08622912,-3.5869,0.1414522,0.2220156,-0.003522097,0.9647218,15.9315,26.38757,3.33942,0.2099711,0.02960803,-0.9772589,0.0,0.0,0.0,1.043864,-0.06426347,-2.658056,-0.2103998,0.06174102,0.8582882,0.9013934,0.0560135,-0.429363,0.06960487,0.9599578,0.2713601,0.4273701,-0.2744879,0.8614007,moving,18.49785,-14.92643,-13.77381,4.114489,17.34281675379802,-8.783929213336734,37.470209974327084,33.684026673503794,36.80660566860857
101,101,05/15/2023 13:23:25.353290,330,True,True,True,True,Eyes,0.8435432,0.1003375,-3.521567,0.3014902,-0.2465869,0.9210312,0.0,0.0,0.0,0.0,0.0,0.0,0.0,-2.482181,0.8254845,2.66922,1.047529,0.08517683,-3.586477,0.1400652,0.221413,0.0007494502,0.9650688,15.66505,26.3633,3.77965,0.2120382,0.0294422,-0.9768175,0.0,0.0,0.0,1.046394,-0.06653254,-2.658058,-0.2115399,0.0580637,0.8607934,0.9019515,0.06347104,-0.4271476,0.06057796,0.9607624,0.2706769,0.4275675,-0.2700131,0.862716,moving,18.12533,-14.98824,-13.80683,3.858967,16.98035525510591,-8.855248133742652,37.07937504821851,33.30918855810363,36.4291783528843
102,102,05/15/2023 13:23:25.373216,331,True,True,True,True,Eyes,0.8528398,0.09954092,-3.523817,0.2954535,-0.24788,0.922639,0.0,0.0,0.0,0.0,0.0,0.0,0.0,-2.482407,0.8256041,2.672335,1.059615,0.0843569,-3.585448,0.137377,0.220207,0.005389046,0.9657161,15.24583,26.2548,4.214926,0.2141245,0.02926838,-0.9763676,0.0,0.0,0.0,1.048986,-0.06885858,-2.65806,-0.2135813,0.05415955,0.8633169,0.9029596,0.07091136,-0.4238342,0.0500942,0.962197,0.2677079,0.4267955,-0.262961,0.8652729,moving,17.75644,-15.03821,-13.89575,3.589705,16.621732185962138,-8.915029307895583,36.726834182152494,32.98007124130537,36.09027299779323
103,103,05/15/2023 13:23:25.383263,332,True,True,True,True,Eyes,0.8622045,0.09869274,-3.52594,0.2893151,-0.2491795,0.9242328,0.0,0.0,0.0,0.0,0.0,0.0,0.0,-2.478536,0.8209094,2.681355,1.071624,0.0828122,-3.584893,0.1354772,0.2178182,0.006908929,0.9665161,15.00314,25.96659,4.297094,0.2162306,0.02908667,-0.9759088,0.0,0.0,0.0,1.051584,-0.07118921,-2.658062,-0.2168163,0.05246036,0.8658624,0.905015,0.07237398,-0.4191775,0.04566361,0.9631964,0.2648916,0.4229215,-0.258872,0.8684023,moving,17.38182,-15.08858,-14.05808,3.467165,16.257548852325165,-8.975376099792307,36.507300427654535,32.769714398083345,35.881326839530466
104,104,05/15/2023 13:23:25.404860,333,True,True,True,True,Eyes,0.8716739,0.09789592,-3.527952,0.2833237,-0.2507483,0.9256636,0.0,0.0,0.0,0.0,0.0,0.0,0.0,-2.483033,0.8190077,2.681972,1.08364,0.08079061,-3.584466,0.1362783,0.2164113,0.004453925,0.9667341,15.16277,25.77093,4.015939,0.2183567,0.02889656,-0.9754409,0.0,0.0,0.0,1.054119,-0.07346372,-2.658063,-0.2207354,0.05094667,0.8682739,0.9062926,0.06759588,-0.4172104,0.05037283,0.9628168,0.2654175,0.4196383,-0.261562,0.8691887,moving,17.01811,-15.15682,-14.26376,3.358026,15.903444269169093,-9.052622805005072,36.350445844591995,32.62030682226867,35.732809775437566
105,105,05/15/2023 13:23:25.413368,334,True,True,True,True,Eyes,0.8812182,0.09716611,-3.52983,0.2773415,-0.2523075,0.9270505,0.0,0.0,0.0,0.0,0.0,0.0,0.0,-2.488467,0.842165,2.673724,1.095641,0.08129898,-3.583779,0.1405545,0.2155248,0.003583784,0.9663234,15.67006,25.69996,4.020776,0.2205037,0.0287004,-0.9749635,0.0,0.0,0.0,1.056741,-0.07581659,-2.658065,-0.2249753,0.04969019,0.8707725,0.9070724,0.06751214,-0.4155259,0.05365976,0.9604632,0.2731869,0.4175408,-0.2700973,0.867587,moving,16.65537,-15.22495,-14.48632,3.266012,15.5502821055433,-9.129732959719943,36.21768258380903,32.49387571763563,35.607902948370885
106,106,05/15/2023 13:23:25.433213,335,True,True,True,True,Eyes,0.8908346,0.09653625,-3.53162,0.2714519,-0.2540659,0.9283127,0.0,0.0,0.0,0.0,0.0,0.0,0.0,-2.494475,0.8363117,2.673037,1.10715,0.08218536,-3.582515,0.1402301,0.2147109,0.002932017,0.9665539,15.6536,25.58822,3.923445,0.2226712,0.02850079,-0.9744766,0.0,0.0,0.0,1.059319,-0.07812946,-2.658067,-0.2279624,0.04360771,0.8735058,0.9077813,0.06588575,-0.4142369,0.05454995,0.9606538,0.272339,0.4158815,-0.2698208,0.8684695,moving,16.29967,-15.30622,-14.62648,2.857984,15.203579681272457,-9.219300599288868,35.86593175669797,32.1821886123442,35.268244681711344
107,107,05/15/2023 13:23:25.453059,336,True,True,True,True,Eyes,0.9005313,0.09607374,-3.533273,0.2654193,-0.2560286,0.929517,0.0,0.0,0.0,0.0,0.0,0.0,0.0,-2.497314,0.8514158,2.669945,1.118528,0.08401719,-3.582168,0.1437837,0.2132807,0.001384386,0.9663518,16.09916,25.43253,3.81992,0.2248589,0.0283009,-0.9739799,0.0,0.0,0.0,1.061978,-0.08051549,-2.658069,-0.2308014,0.0409538,0.8765601,0.9090189,0.06400816,-0.4118102,0.05865695,0.9586487,0.2784817,0.4126064,-0.2773006,0.8676752,moving,15.93645,-15.39983,-14.75137,2.674973,14.84925782843314,-9.321010392162268,35.61517653811657,31.939016662734677,35.02571047543899
108,108,05/15/2023 13:23:25.463569,337,True,True,True,True,Eyes,0.9102916,0.0957616,-3.534822,0.2595037,-0.2578963,0.9306704,0.0,0.0,0.0,0.0,0.0,0.0,0.0,-2.496999,0.8699828,2.667242,1.130356,0.08760768,-3.580597,0.1463777,0.2117384,0.002970116,0.9662981,16.35757,25.30097,4.047567,0.2270674,0.02810543,-0.9734732,0.0,0.0,0.0,1.064533,-0.08280734,-2.658071,-0.2346408,0.04087895,0.8789907,0.9103161,0.06772757,-0.4083352,0.0562475,0.9571295,0.2841466,0.4100742,-0.2816311,0.8674809,moving,15.58034,-15.48848,-14.94622,2.662719,14.50195708237299,-9.417711541523197,35.51530501869864,31.82973351354617,34.93124915616219
109,109,05/15/2023 13:23:25.483521,338,True,True,True,True,Eyes,0.9200422,0.09551518,-3.53629,0.2532202,-0.2598244,0.9318641,0.0,0.0,0.0,0.0,0.0,0.0,0.0,-2.494893,0.8734148,2.671742,1.141668,0.09089391,-3.579648,0.1460295,0.2099326,0.005318957,0.9667346,16.26678,25.11541,4.27723,0.229296,0.02791814,-0.9729561,0.0,0.0,0.0,1.067377,-0.0853595,-2.658073,-0.2379395,0.0389972,0.8823435,0.9118,0.07159675,-0.4043447,0.05102867,0.9572942,0.2845767,0.4074517,-0.2801102,0.8692074,moving,15.20219,-15.57965,-15.09182,2.530672,14.133242447824877,-9.517535237417718,35.294628554835136,31.61113051940769,34.71868750533331
110,110,05/15/2023 13:23:25.503481,339,True,True,True,True,Eyes,0.9298276,0.09533257,-3.537706,0.2470039,-0.261856,0.9329633,0.0,0.0,0.0,0.0,0.0,0.0,0.0,-2.490599,0.8814712,2.677585,1.152167,0.09225728,-3.5796,0.1471974,0.2075722,0.005659698,0.967065,16.40047,24.84952,4.307595,0.2315423,0.02774008,-0.972429,0.0,0.0,0.0,1.06962,-0.08737229,-2.658075,-0.2407773,0.0382365,0.8853053,0.9137635,0.07205478,-0.3998054,0.05016159,0.9566018,0.2870485,0.4031378,-0.2823494,0.8704934,moving,14.82895,-15.67791,-15.21477,2.473078,13.769089681964187,-9.624045816050309,35.10104666266441,31.407077652730454,34.53194001386848
111,111,05/15/2023 13:23:25.513349,340,True,True,True,True,Eyes,0.939639,0.09522002,-3.53904,0.2403586,-0.2637723,0.9341584,0.0,0.0,0.0,0.0,0.0,0.0,0.0,-2.484541,0.9013802,2.681446,1.162824,0.09364358,-3.579756,0.1494053,0.2051336,0.007392972,0.9672351,16.61786,24.60919,4.524918,0.233805,0.02757211,-0.9718922,0.0,0.0,0.0,1.072288,-0.08976575,-2.658077,-0.243809,0.03883649,0.8883227,0.9157311,0.07559759,-0.3946157,0.04699463,0.9552467,0.2920533,0.3990339,-0.2859871,0.8711965,moving,14.4292,-15.76775,-15.34748,2.503315,13.379492274330897,-9.723263557422657,34.93540450684126,31.220636753131792,34.37349297383894
112,112,05/15/2023 13:23:25.533136,341,True,True,True,True,Eyes,0.9494979,0.09515385,-3.540306,0.2338122,-0.2654935,0.9353315,0.0,0.0,0.0,0.0,0.0,0.0,0.0,-2.478191,0.9036065,2.690645,1.173645,0.09518635,-3.579246,0.1482917,0.2026904,0.01011964,0.9678966,16.43693,24.34402,4.766792,0.2360832,0.02741517,-0.9713457,0.0,0.0,0.0,1.074885,-0.09209586,-2.658078,-0.2434448,0.03369619,0.8921666,0.9176284,0.07970414,-0.3893653,0.04052507,0.9558143,0.2911644,0.395368,-0.2829598,0.8738524,moving,14.03505,-15.84657,-15.26269,2.162973,12.995618829463924,-9.811672963368522,34.390423204381314,30.69078304392667,33.84300081236736
113,113,05/15/2023 13:23:25.553391,342,True,True,True,True,Eyes,0.9593894,0.0951524,-3.541513,0.2268923,-0.2672701,0.936529,0.0,0.0,0.0,0.0,0.0,0.0,0.0,-2.475559,0.8967652,2.699781,1.18468,0.09620699,-3.578921,0.1467138,0.2005491,0.01109021,0.9685723,16.24574,24.08173,4.7996,0.2383763,0.02726945,-0.9707896,0.0,0.0,0.0,1.077495,-0.0944374,-2.65808,-0.2445114,0.02925837,0.8957157,0.9193141,0.08032997,-0.3852383,0.0373633,0.9567041,0.2886541,0.3917466,-0.2797576,0.8765103,moving,13.61862,-15.92788,-15.26853,1.87089,12.590099880396192,-9.903183495734048,33.93027628292172,30.244537779504096,33.39619103268273
114,114,05/15/2023 13:23:25.563526,343,True,True,True,True,Eyes,0.9693197,0.09518743,-3.542655,0.2200601,-0.2688615,0.937703,0.0,0.0,0.0,0.0,0.0,0.0,0.0,-2.469484,0.9035933,2.707594,1.195527,0.09775536,-3.578694,0.1471184,0.1979708,0.01241566,0.9690251,16.27256,23.79682,4.919012,0.2406834,0.02713563,-0.970224,0.0,0.0,0.0,1.08011,-0.09678421,-2.658082,-0.2459383,0.03125817,0.8991179,0.9213069,0.08231244,-0.3800241,0.0341881,0.9564041,0.2900387,0.3873304,-0.2802069,0.8783275,moving,13.20717,-15.99884,-15.29807,1.991107,12.18968616970557,-9.984551588882052,33.707371605042255,29.983214268697928,33.18269234836904
115,115,05/15/2023 13:23:25.583726,344,True,True,True,True,Eyes,0.9792662,0.09524427,-3.543773,0.2128257,-0.2706301,0.9388635,0.0,0.0,0.0,0.0,0.0,0.0,0.0,-2.4656,0.8964323,2.717852,1.206426,0.0986412,-3.578309,0.1456132,0.1955973,0.01311093,0.969725,16.09797,23.50362,4.919358,0.2430037,0.02701353,-0.9696488,0.0,0.0,0.0,1.082596,-0.09901441,-2.658084,-0.2488559,0.03097801,0.9020168,0.9231396,0.08239107,-0.3755329,0.0315351,0.9572499,0.2875384,0.3831694,-0.2772806,0.881077,moving,12.77221,-16.07978,-15.42356,1.966939,11.766231484614371,-10.076286165219605,33.47664129744591,29.73758620596142,32.962104800805356
116,116,05/15/2023 13:23:25.603672,345,True,True,True,True,Eyes,0.9892437,0.09534348,-3.544856,0.2056912,-0.2724385,0.93993,0.0,0.0,0.0,0.0,0.0,0.0,0.0,-2.461286,0.9030426,2.724991,1.216919,0.09924115,-3.578861,0.1469552,0.1930731,0.01247028,0.970037,16.27743,23.20585,4.836884,0.245336,0.02690257,-0.9690645,0.0,0.0,0.0,1.085174,-0.1013272,-2.658086,-0.2510231,0.02705619,0.9052239,0.9251345,0.08093946,-0.370911,0.03255294,0.9564973,0.2899193,0.3782413,-0.2802885,0.8822538,moving,12.34383,-16.16422,-15.49896,1.712001,11.349053916778889,-10.17119141750695,33.08746336945371,29.36028121982226,32.58551839082321
117,117,05/15/2023 13:23:25.623356,346,True,True,True,True,Eyes,0.9992569,0.09547018,-3.545905,0.1981745,-0.2741579,0.9410442,0.0,0.0,0.0,0.0,0.0,0.0,0.0,-2.459467,0.9107857,2.729153,1.227667,0.1005335,-3.579038,0.1486369,0.1909693,0.01181335,0.9702053,16.49338,22.96217,4.767511,0.2476794,0.0268028,-0.9684711,0.0,0.0,0.0,1.087782,-0.1036675,-2.658087,-0.2527049,0.02579349,0.9085022,0.9267823,0.07969292,-0.3670471,0.03384743,0.955535,0.2929285,0.3740708,-0.2839046,0.8828756,moving,11.89215,-16.24263,-15.5442,1.626261,10.909475335519472,-10.261009188299903,32.74218329452667,29.00179531144089,32.2527517476863
118,118,05/15/2023 13:23:25.638382,347,True,True,True,True,Eyes,1.009249,0.09565335,-3.546925,0.1908275,-0.2759447,0.94204,0.0,0.0,0.0,0.0,0.0,0.0,0.0,-2.458488,0.9016346,2.738055,1.238339,0.1012859,-3.579149,0.1475033,0.1889365,0.01130939,0.9707821,16.38639,22.69597,4.645183,0.250033,0.02671383,-0.9678684,0.0,0.0,0.0,1.090432,-0.1060449,-2.658089,-0.2557102,0.02644213,0.9109145,0.9283502,0.07769543,-0.363496,0.03377961,0.9562297,0.2906606,0.3701688,-0.2821136,0.8850915,moving,11.45136,-16.3265,-15.68039,1.662721,10.480294547206176,-10.355753609303129,32.553708394733476,28.78932350564868,32.07396794008791
119,119,05/15/2023 13:23:25.653429,348,True,True,True,True,Eyes,1.019255,0.09583717,-3.547923,0.1832064,-0.2776065,0.9430641,0.0,0.0,0.0,0.0,0.0,0.0,0.0,-2.461342,0.9088191,2.737934,1.247863,0.102709,-3.579487,0.1496268,0.1877187,0.009879136,0.9707091,16.66522,22.55098,4.511487,0.2523952,0.02663612,-0.9672573,0.0,0.0,0.0,1.092936,-0.1082912,-2.658091,-0.2600498,0.03026876,0.9131055,0.9293282,0.07535504,-0.3614842,0.03699597,0.9550285,0.2941971,0.3673969,-0.2867792,0.884747,moving,10.99376,-16.40267,-15.8968,1.898617,10.03504368230666,-10.443595729988193,32.52751639719776,28.719170110500592,32.05534522398909
120,120,05/15/2023 13:23:25.663161,349,True,True,True,True,Eyes,1.029219,0.09603799,-3.548925,0.1757483,-0.2793254,0.9439756,0.0,0.0,0.0,0.0,0.0,0.0,0.0,-2.463259,0.8867209,2.748544,1.25799,0.1028571,-3.579846,0.1470767,0.1860318,0.00821109,0.9714388,16.42123,22.2919,4.225411,0.2547647,0.02656857,-0.9666378,0.0,0.0,0.0,1.095519,-0.1106088,-2.658093,-0.2643577,0.033728,0.9150866,0.9306495,0.07067504,-0.3590217,0.03876875,0.956602,0.2888071,0.3638524,-0.282697,0.8875212,moving,10.54651,-16.48365,-16.11338,2.110836,9.599685359363674,-10.535754275726624,32.50391737031547,28.654807201881702,32.038506508173576
121,121,05/15/2023 13:23:25.683393,350,True,True,True,True,Eyes,1.039218,0.0962757,-3.549886,0.1680497,-0.2811096,0.9448475,0.0,0.0,0.0,0.0,0.0,0.0,0.0,-2.46748,0.8909793,2.748957,1.266994,0.1035027,-3.580933,0.149356,0.1849003,0.005505196,0.9713261,16.7449,22.13683,3.947704,0.2571393,0.02651057,-0.9660104,0.0,0.0,0.0,1.098117,-0.11294,-2.658095,-0.2675705,0.0328819,0.9173909,0.9315631,0.06592664,-0.3575526,0.04453728,0.9553249,0.2921827,0.3608415,-0.288111,0.8870093,moving,10.08511,-16.56872,-16.2601,2.052765,9.150511596039978,-10.632302790217476,32.26189383079247,28.400882495570702,31.807387442474795
122,122,05/15/2023 13:23:25.703497,351,True,True,True,True,Eyes,1.049187,0.09653199,-3.550808,0.1603774,-0.2824973,0.9457666,0.0,0.0,0.0,0.0,0.0,0.0,0.0,-2.460354,0.8877661,2.760364,1.276887,0.1045896,-3.580461,0.148443,0.1821817,0.006233003,0.9719752,16.63625,21.81157,3.96207,0.2595186,0.02646219,-0.9653752,0.0,0.0,0.0,1.100814,-0.1153601,-2.658097,-0.2700241,0.03348871,0.9197136,0.933542,0.06620383,-0.3523017,0.04197053,0.9558517,0.2908368,0.3560027,-0.2862947,0.889549,moving,9.624321,-16.63071,-16.36202,2.085339,8.702558945733674,-10.70656321848509,32.024684365949376,28.140111586385004,31.581597297404343
123,123,05/15/2023 13:23:25.713575,352,True,True,True,True,Eyes,1.059159,0.0967831,-3.55171,0.1519919,-0.2841122,0.9466671,0.0,0.0,0.0,0.0,0.0,0.0,0.0,-2.447774,0.8642424,2.783288,1.286173,0.1052222,-3.580488,0.1440724,0.1785151,0.007161591,0.9733058,16.13468,21.33969,3.902558,0.2619011,0.02642297,-0.9647327,0.0,0.0,0.0,1.103418,-0.1176958,-2.658098,-0.2690421,0.03164779,0.9227514,0.9361622,0.06537904,-0.3454359,0.03749736,0.9583837,0.2830099,0.3495631,-0.2778961,0.894751,moving,9.121266,-16.70547,-16.25484,1.964315,8.213324538878128,-10.794470212457938,31.504089062682972,27.59488496079026,31.078335733731333
124,124,05/15/2023 13:23:25.733288,353,True,True,True,True,Eyes,1.069158,0.0970107,-3.552575,0.143548,-0.2855261,0.9475594,0.0,0.0,0.0,0.0,0.0,0.0,0.0,-2.424691,0.863113,2.808938,1.296307,0.1053456,-3.580882,0.1432094,0.1729868,0.007688798,0.9744269,16.04749,20.67624,3.850167,0.264286,0.02639184,-0.964083,0.0,0.0,0.0,1.105996,-0.1200089,-2.6581,-0.2672642,0.02808823,0.9255874,0.940033,0.064531,-0.3349237,0.03456231,0.9588639,0.2817542,0.3393281,-0.276434,0.8991333,moving,8.614372,-16.76902,-16.10612,1.738186,7.720677848624701,-10.871681524782552,30.880728596464493,26.95783846512536,30.47463899254568
125,125,05/15/2023 13:23:25.753485,354,True,True,True,True,Eyes,1.079228,0.09721248,-3.553448,0.1346481,-0.2872057,0.9483579,0.0,0.0,0.0,0.0,0.0,0.0,0.0,-2.405677,0.8550307,2.832601,1.307022,0.1049824,-3.580874,0.1414115,0.1680483,0.007973236,0.9755507,15.85647,20.07153,3.760149,0.2666735,0.02636735,-0.9634259,0.0,0.0,0.0,1.108531,-0.1222839,-2.658102,-0.2644221,0.02762623,0.9288144,0.9433923,0.06308451,-0.3256243,0.03197134,0.9598784,0.2785879,0.3301343,-0.2732284,0.9035251,moving,8.080859,-16.84869,-15.891,1.703677,7.20181176442512,-10.965281037926143,30.31237940542725,26.339712469081828,29.92520106195324
126,126,05/15/2023 13:23:25.763232,355,True,True,True,True,Eyes,1.08932,0.09739922,-3.554302,0.1258205,-0.2887708,0.9490946,0.0,0.0,0.0,0.0,0.0,0.0,0.0,-2.392946,0.8502782,2.850721,1.317958,0.1045602,-3.581595,0.1405416,0.1640547,0.007614503,0.9763587,15.77971,19.57995,3.633275,0.2690645,0.0263481,-0.9627614,0.0,0.0,0.0,1.111153,-0.1246367,-2.658104,-0.2609795,0.02805828,0.9318855,0.9460561,0.06098199,-0.3182121,0.03124404,0.9603801,0.2769364,0.3224927,-0.2719396,0.9066682,moving,7.551611,-16.92287,-15.64519,1.724606,6.687225930825909,-11.05344974280835,29.762727324695515,25.72966206295225,29.3944888052696
127,127,05/15/2023 13:23:25.783270,356,True,True,True,True,Eyes,1.099462,0.09756024,-3.555137,0.1167508,-0.290606,0.9496933,0.0,0.0,0.0,0.0,0.0,0.0,0.0,-2.383295,0.8481853,2.864856,1.328644,0.1043832,-3.582,0.1401398,0.1606706,0.007322367,0.9769812,15.75205,19.16725,3.534858,0.2714581,0.02633315,-0.9620896,0.0,0.0,0.0,1.113864,-0.1270687,-2.658106,-0.2571663,0.02690528,0.9354362,0.9482627,0.05934032,-0.311892,0.03072506,0.9606144,0.2761809,0.3159966,-0.2714749,0.9090916,moving,7.008507,-17.0141,-15.37177,1.647503,6.158755978180773,-11.158503759794645,29.13987345762397,25.051094946708883,28.791964879755778
128,128,05/15/2023 13:23:25.803616,357,True,True,True,True,Eyes,1.10964,0.09768063,-3.555961,0.1077236,-0.2923059,0.9502383,0.0,0.0,0.0,0.0,0.0,0.0,0.0,-2.371841,0.8393446,2.882218,1.339528,0.1039385,-3.582202,0.1385874,0.1569586,0.007129884,0.9778071,15.592,18.70705,3.41933,0.2738553,0.02632137,-0.9614103,0.0,0.0,0.0,1.1162,-0.1291649,-2.658108,-0.2532651,0.02463317,0.9382412,0.9506263,0.05744829,-0.3049743,0.02956169,0.9614854,0.2732617,0.3089267,-0.2687853,0.912315,moving,6.467715,-17.09859,-15.10616,1.503934,5.632708932775014,-11.256982135602149,28.486593016473574,24.350393533384462,28.15959739771704
129,129,05/15/2023 13:23:25.822973,358,True,True,True,True,Eyes,1.119889,0.09776128,-3.556786,0.09861948,-0.2943484,0.9505962,0.0,0.0,0.0,0.0,0.0,0.0,0.0,-2.359325,0.8371187,2.898966,1.350612,0.1030783,-3.582793,0.1379621,0.1530659,0.00694312,0.9785138,15.53757,18.23438,3.321569,0.2762555,0.02631132,-0.9607237,0.0,0.0,0.0,1.118909,-0.1315954,-2.658109,-0.2501542,0.02148928,0.9409978,0.9530452,0.05582245,-0.2976384,0.02864669,0.9618365,0.2721211,0.3014699,-0.2678701,0.9150746,moving,5.922954,-17.20494,-14.88715,1.308219,5.102221906756826,-11.376676766765534,27.853141378489017,23.67449196583414,27.546090179800448
130,130,05/15/2023 13:23:25.838493,359,True,True,True,True,Eyes,1.130192,0.09781843,-3.557601,0.08967096,-0.2962939,0.950878,0.0,0.0,0.0,0.0,0.0,0.0,0.0,-2.351227,0.8401654,2.910868,1.362212,0.1022608,-3.583464,0.1379905,0.1499008,0.007130145,0.9789982,15.5481,17.86025,3.292438,0.2786602,0.02630173,-0.9600292,0.0,0.0,0.0,1.121439,-0.1338651,-2.658111,-0.2487627,0.02083729,0.9428066,0.9549578,0.05533057,-0.2915374,0.02740897,0.9618156,0.2723226,0.2954729,-0.2680473,0.9169767,moving,5.38725,-17.30705,-14.78082,1.266108,4.580621972760227,-11.49199640062954,27.417389474891003,23.18695027729874,27.126712186740058
131,131,05/15/2023 13:23:25.853534,360,True,True,True,True,Eyes,1.140542,0.09783797,-3.558418,0.08066843,-0.2984017,0.9510253,0.0,0.0,0.0,0.0,0.0,0.0,0.0,-2.345555,0.8435024,2.920644,1.373836,0.1017482,-3.584063,0.1377502,0.1472275,0.008007552,0.979431,15.51411,17.5533,3.346472,0.281069,0.0262919,-0.959327,0.0,0.0,0.0,1.123959,-0.1361262,-2.658113,-0.2495922,0.01831812,0.9440809,0.9565199,0.0562469,-0.2861921,0.02487552,0.9619215,0.2721914,0.2906043,-0.2674757,0.918698,moving,4.848371,-17.42021,-14.80881,1.111577,4.055645807688119,-11.61807727542578,27.015401057177186,22.75767542812938,26.73929969370855
132,132,05/15/2023 13:23:25.863379,361,True,True,True,True,Eyes,1.150951,0.09780304,-3.55924,0.07180421,-0.3003774,0.9511139,0.0,0.0,0.0,0.0,0.0,0.0,0.0,-2.340299,0.840592,2.932195,1.385478,0.100916,-3.584917,0.1367683,0.1445287,0.008404314,0.9799671,15.40424,17.2299,3.330342,0.283482,0.02628084,-0.9586172,0.0,0.0,0.0,1.126593,-0.1384897,-2.658115,-0.2517957,0.01955219,0.9449373,0.9580817,0.05600578,-0.2809678,0.02306198,0.9624476,0.2704861,0.2855656,-0.2656274,0.9208118,moving,4.317347,-17.52697,-14.9208,1.185367,3.538451530407821,-11.737736750087844,26.837620162659316,22.533321495030375,26.572121459788214
133,133,05/15/2023 13:23:25.883563,362,True,True,True,True,Eyes,1.161389,0.09770937,-3.560071,0.06305227,-0.3025705,0.9510392,0.0,0.0,0.0,0.0,0.0,0.0,0.0,-2.334784,0.8408978,2.943282,1.397332,0.09956641,-3.585914,0.1362299,0.1417622,0.00873495,0.9804431,15.34644,16.90141,3.314358,0.2858996,0.02626718,-0.9578993,0.0,0.0,0.0,1.129101,-0.1407397,-2.658117,-0.2547752,0.0162873,0.9450341,0.9596543,0.05575274,-0.2755995,0.02149625,0.9627302,0.2696079,0.2803594,-0.2646548,0.9226898,moving,3.793061,-17.64833,-15.08787,0.9873728,3.0273847001243244,-11.87127187232721,26.528832885686636,22.215021846929282,26.274552375872435
134,134,05/15/2023 13:23:25.903642,363,True,True,True,True,Eyes,1.171889,0.09758513,-3.560907,0.05439062,-0.3046771,0.9509014,0.0,0.0,0.0,0.0,0.0,0.0,0.0,-2.326214,0.8434109,2.956462,1.409282,0.09813276,-3.58714,0.1359399,0.1384953,0.009120019,0.9809467,15.31783,16.51652,3.301634,0.2883215,0.02624959,-0.9571735,0.0,0.0,0.0,1.131735,-0.1431028,-2.658119,-0.2571873,0.01502213,0.9451968,0.9614718,0.05554654,-0.2692333,0.01976154,0.9628744,0.2692256,0.2741924,-0.2641733,0.9246789,moving,3.273695,-17.76591,-15.22162,0.9105322,2.521185840503515,-12.00100555512035,26.284713622163846,21.943449279812505,26.04063166715507
135,135,05/15/2023 13:23:25.923135,364,True,True,True,True,Eyes,1.182404,0.09742561,-3.561736,0.0457518,-0.3068874,0.9506456,0.0,0.0,0.0,0.0,0.0,0.0,0.0,-2.319382,0.8460331,2.967987,1.421311,0.09728342,-3.588129,0.1362895,0.1354078,0.00860234,0.9813339,15.37654,16.14437,3.198185,0.2907476,0.02622762,-0.95644,0.0,0.0,0.0,1.134328,-0.1454292,-2.65812,-0.259726,0.01579727,0.9451064,0.9631814,0.05379284,-0.2634156,0.02002578,0.9627023,0.2698206,0.2681052,-0.2651612,0.9261798,moving,2.755353,-17.89112,-15.3662,0.9575988,2.0157706336747334,-12.13806899660378,26.14698612714824,21.7630286988952,25.91084683539221
136,136,05/15/2023 13:23:25.933483,365,True,True,True,True,Eyes,1.192969,0.09721182,-3.56258,0.03718371,-0.3089239,0.9503596,0.0,0.0,0.0,0.0,0.0,0.0,0.0,-2.310712,0.8407003,2.983115,1.433344,0.09632821,-3.589065,0.1351192,0.1320586,0.008570745,0.9819522,15.25394,15.73699,3.120569,0.2931774,0.02620077,-0.9556987,0.0,0.0,0.0,1.136941,-0.1477742,-2.658122,-0.2619493,0.01622424,0.9447303,0.9649742,0.05251941,-0.2570342,0.01885517,0.9633387,0.2676249,0.2616665,-0.2630975,0.9286066,moving,2.240608,-18.00727,-15.49732,0.9838669,1.5140860881085323,-12.266278032400098,25.98648438107251,21.562798469218787,25.75815500646002
137,137,05/15/2023 13:23:25.953305,366,True,True,True,True,Eyes,1.203547,0.0969445,-3.563442,0.02847326,-0.311167,0.9499286,0.0,0.0,0.0,0.0,0.0,0.0,0.0,-2.301142,0.8373075,2.998556,1.44517,0.09479754,-3.590289,0.1341274,0.12861,0.008565947,0.9825457,15.15133,15.32017,3.04853,0.2956107,0.02616807,-0.9549498,0.0,0.0,0.0,1.139465,-0.1500388,-2.658124,-0.2640103,0.01585172,0.9442808,0.9667722,0.05133313,-0.2504326,0.0176674,0.9638729,0.265776,0.2550283,-0.2613693,0.9309386,moving,1.716875,-18.13718,-15.6204,0.9617388,1.0033216715498086,-12.40804535192509,25.794375428659215,21.333055348032595,25.57388588470268
138,138,05/15/2023 13:23:25.963081,367,True,True,True,True,Eyes,1.21418,0.09666798,-3.564305,0.01972913,-0.3132914,0.9494521,0.0,0.0,0.0,0.0,0.0,0.0,0.0,-2.283651,0.8501924,3.015677,1.456962,0.09332301,-3.591761,0.1350277,0.1240683,0.00943338,0.9829983,15.25547,14.80129,3.092751,0.2980467,0.02612866,-0.9541934,0.0,0.0,0.0,1.142148,-0.1524458,-2.658126,-0.2651733,0.01517762,0.9438429,0.9690362,0.05205132,-0.2413703,0.01495932,0.963357,0.2678048,0.2464654,-0.2631233,0.9327492,moving,1.190405,-18.26138,-15.69275,0.9212749,0.4900622489653371,-12.54438915469919,25.554161535188726,21.052494406109705,25.342210357487364
139,139,05/15/2023 13:23:25.983373,368,True,True,True,True,Eyes,1.22481,0.09636005,-3.565176,0.01091286,-0.3154983,0.9488634,0.0,0.0,0.0,0.0,0.0,0.0,0.0,-2.264422,0.8516994,3.036606,1.469029,0.09282014,-3.592674,0.1346605,0.1191362,0.009744237,0.9836556,15.22423,14.21861,3.044987,0.3004856,0.02608295,-0.9534293,0.0,0.0,0.0,1.145273,-0.1552492,-2.658128,-0.2660608,0.01571192,0.9439167,0.9714233,0.05125581,-0.2317536,0.01291592,0.9635432,0.2672409,0.2370023,-0.2625973,0.9353462,moving,0.6589286,-18.39203,-15.7415,0.953626,-0.0282216294637945,-12.687113277536683,25.361949143037762,20.808096625777498,25.15713835053255
140,140,05/15/2023 13:23:26.003122,369,True,True,True,True,Eyes,1.235471,0.09600315,-3.566036,0.002074265,-0.3176051,0.9482208,0.0,0.0,0.0,0.0,0.0,0.0,0.0,-2.245022,0.8543115,3.057383,1.48076,0.09187086,-3.593949,0.1346796,0.1141844,0.009521142,0.9842423,15.24461,13.62853,2.940801,0.3029263,0.02603076,-0.9526581,0.0,0.0,0.0,1.147349,-0.1571127,-2.65813,-0.2672524,0.01724313,0.9429021,0.9737425,0.04949884,-0.2222056,0.01201441,0.9635414,0.267289,0.2273348,-0.2629404,0.9376467,moving,0.1253363,-18.51819,-15.82464,1.047668,-0.5484322631750008,-12.825571534916786,25.24330689998293,20.635631757031575,25.043029971418456
141,141,05/15/2023 13:23:26.013207,370,True,True,True,True,Eyes,1.246119,0.09563542,-3.5669,-0.006859946,-0.3198736,0.9474354,0.0,0.0,0.0,0.0,0.0,0.0,0.0,-2.223167,0.8596358,3.078041,1.492256,0.09033348,-3.594551,0.1342723,0.1091113,0.01067016,0.9848615,15.19771,13.04269,2.988875,0.3053685,0.02597144,-0.9518797,0.0,0.0,0.0,1.149809,-0.1593193,-2.658131,-0.2684708,0.01711489,0.9418626,0.9759618,0.05031849,-0.2120536,0.008283995,0.9637142,0.2668076,0.2177844,-0.2621506,0.9401314,moving,-0.4148453,-18.65574,-15.9098,1.041026,-1.075335060750186,-12.975226146539072,25.0610496989613,20.40874014409496,24.86576613725283
142,142,05/15/2023 13:23:26.033245,371,True,True,True,True,Eyes,1.256811,0.09534691,-3.567729,-0.01591276,-0.3223246,0.9464954,0.0,0.0,0.0,0.0,0.0,0.0,0.0,-2.192733,0.8777512,3.101385,1.50344,0.0897304,-3.595654,0.134934,0.1030037,0.01344435,0.9853945,15.25746,12.36717,3.226137,0.307811,0.02590543,-0.9510944,0.0,0.0,0.0,1.152381,-0.1616272,-2.658133,-0.2695392,0.01599307,0.9408848,0.978419,0.05429338,-0.1993703,0.001301407,0.9632241,0.2686961,0.2066267,-0.2631568,0.9423661,moving,-0.9631828,-18.80604,-15.98564,0.9738145,-1.610484320005112,-13.137438443116334,24.83781118309345,20.143797071274786,24.647707908820863
143,143,05/15/2023 13:23:26.053326,372,True,True,True,True,Eyes,1.267518,0.09513044,-3.568524,-0.02510027,-0.3249073,0.9454128,0.0,0.0,0.0,0.0,0.0,0.0,0.0,-2.152883,0.9110317,3.125335,1.515278,0.09139875,-3.595578,0.1371943,0.095713,0.01801159,0.9857445,15.48757,11.59168,3.675166,0.3102545,0.02583551,-0.9503021,0.0,0.0,0.0,1.154993,-0.1639709,-2.658135,-0.2714935,0.01471378,0.9400308,0.9810292,0.06177221,-0.183755,-0.009247083,0.9617066,0.273925,0.1936393,-0.2670293,0.9440334,moving,-1.520819,-18.96616,-16.10943,0.8967458,-2.154906914143996,-13.30941722467847,24.64472758479985,19.913407102689128,24.45792924189905
144,144,05/15/2023 13:23:26.063342,373,True,True,True,True,Eyes,1.278264,0.09490772,-3.569338,-0.0344758,-0.3276061,0.9441851,0.0,0.0,0.0,0.0,0.0,0.0,0.0,-2.108188,0.9340613,3.154774,1.527182,0.09300227,-3.595635,0.1379688,0.0876878,0.02245674,0.9862917,15.55817,10.71844,4.07713,0.3126985,0.02576399,-0.9495027,0.0,0.0,0.0,1.157646,-0.1663511,-2.658137,-0.2739441,0.01402856,0.9383972,0.9836131,0.06849413,-0.1667748,-0.02010143,0.9609206,0.2760932,0.1791681,-0.2682165,0.946551,moving,-2.091158,-19.13536,-16.27399,0.8564792,-2.711879446680833,-13.490555237841823,24.511759588794938,19.74254896970172,24.325476641624295
145,145,05/15/2023 13:23:26.083687,374,True,True,True,True,Eyes,1.289014,0.09484383,-3.570113,-0.04383445,-0.3309626,0.9426252,0.0,0.0,0.0,0.0,0.0,0.0,0.0,-2.069096,0.9593506,3.180068,1.538998,0.09267415,-3.596838,0.1406422,0.08017093,0.02348468,0.9865298,15.88633,9.865251,4.107213,0.3151431,0.02569086,-0.9486961,0.0,0.0,0.0,1.16015,-0.1685977,-2.658139,-0.277142,0.01331358,0.9365777,0.9860422,0.0688875,-0.1515762,-0.02378584,0.9593365,0.2812609,0.1647879,-0.2737297,0.9475848,moving,-2.66248,-19.34655,-16.48397,0.8144122,-3.2709490269758352,-13.71223847048925,24.44377185808133,19.636891376590192,24.2552502846616
146,146,05/15/2023 13:23:26.103629,375,True,True,True,True,Eyes,1.299799,0.09491244,-3.570775,-0.05329476,-0.3339368,0.9410876,0.0,0.0,0.0,0.0,0.0,0.0,0.0,-2.031704,1.036764,3.185745,1.551051,0.096651,-3.596744,0.1504788,0.07356775,0.02689706,0.9855053,17.01594,9.213082,4.507857,0.3175878,0.02562048,-0.9478824,0.0,0.0,0.0,1.162797,-0.1709726,-2.658141,-0.2813484,0.01351526,0.9343816,0.9877287,0.07515515,-0.1369079,-0.03087363,0.9532654,0.3005527,0.1530976,-0.2926377,0.9438879,moving,-3.241257,-19.53679,-16.75739,0.8286909,-3.8366672901984833,-13.913941688825378,24.442558449596756,19.603323468041758,24.247919446703772
147,147,05/15/2023 13:23:26.122979,376,True,True,True,True,Eyes,1.310552,0.09492274,-3.571466,-0.06268341,-0.3367115,0.9395191,0.0,0.0,0.0,0.0,0.0,0.0,0.0,-1.992026,1.016585,3.220566,1.562765,0.09984778,-3.594643,0.1456281,0.0662701,0.0306719,0.9866408,16.45726,8.376131,4.774592,0.3200334,0.02555612,-0.9470612,0.0,0.0,0.0,1.165411,-0.1733177,-2.658143,-0.2869372,0.01277053,0.9318993,0.9893349,0.07982588,-0.1218362,-0.04122271,0.9557034,0.2914305,0.1397029,-0.2833,0.9488014,moving,-3.817038,-19.71702,-17.1139,0.7851191,-4.399211039281758,-14.105892731622784,24.436535080137546,19.58074433563086,24.23401165814975
148,148,05/15/2023 13:23:26.133388,377,True,True,True,True,Eyes,1.321331,0.0949512,-3.572136,-0.07208259,-0.3400647,0.9376353,0.0,0.0,0.0,0.0,0.0,0.0,0.0,-1.963753,1.025703,3.242021,1.573933,0.09849778,-3.596126,0.147599,0.06009064,0.02828801,0.9868149,16.73264,7.617549,4.405884,0.3224778,0.02549562,-0.9462333,0.0,0.0,0.0,1.168019,-0.1756577,-2.658144,-0.2941302,0.009840071,0.9284838,0.9911777,0.07356869,-0.1102461,-0.03809142,0.9548286,0.2947054,0.1269472,-0.2879061,0.9492073,moving,-4.396081,-19.93487,-17.57745,0.6071979,-4.965939821851541,-14.33424402572475,24.40747922917013,19.55241355417145,24.196789164353373
149,149,05/15/2023 13:23:26.153299,378,True,True,True,True,Eyes,1.332048,0.09502458,-3.572721,-0.08116467,-0.3430133,0.9358174,0.0,0.0,0.0,0.0,0.0,0.0,0.0,-1.937304,1.094255,3.241177,1.585431,0.09911026,-3.596158,0.1573238,0.05487572,0.0285333,0.9856084,17.87779,7.070678,4.430027,0.3249216,0.02543907,-0.9453984,0.0,0.0,0.0,1.170554,-0.1779324,-2.658146,-0.3022711,0.005944759,0.9245303,0.992349,0.07351182,-0.09919401,-0.0389788,0.9488701,0.3132509,0.1171499,-0.3069878,0.9444758,moving,-4.956934,-20.12984,-18.10493,0.3684086,-5.514428138499718,-14.539948984054591,24.3525767524387,19.513581500546746,24.133778179789175
150,150,05/15/2023 13:23:26.163737,379,True,True,True,True,Eyes,1.342709,0.09507564,-3.573308,-0.09023675,-0.3459907,0.9338886,0.0,0.0,0.0,0.0,0.0,0.0,0.0,-1.922847,1.087527,3.255532,1.595605,0.1002673,-3.594793,0.1556449,0.05140243,0.02983547,0.9860235,17.6903,6.669831,4.505369,0.3273631,0.0253873,-0.9445572,0.0,0.0,0.0,1.173259,-0.1803592,-2.658148,-0.3091767,-0.0007705092,0.9204807,0.9929352,0.07483799,-0.09208053,-0.04283589,0.949769,0.3100062,0.1106555,-0.3038718,0.946265,moving,-5.519057,-20.32886,-18.56649,-0.04796072,-6.064256857939039,-14.749601441223938,24.11535576131925,19.298810155924055,23.894872746691654
151,151,05/15/2023 13:23:26.188196,380,True,True,True,True,Eyes,1.353295,0.09511311,-3.573847,-0.09922271,-0.3490335,0.9318425,0.0,0.0,0.0,0.0,0.0,0.0,0.0,-1.897364,1.105963,3.269451,1.605002,0.09981561,-3.595339,0.1575564,0.04647728,0.03061744,0.9859405,17.92889,6.111615,4.522378,0.3298007,0.02533923,-0.9437101,0.0,0.0,0.0,1.175806,-0.1826449,-2.65815,-0.313395,-0.005443573,0.9175667,0.9938049,0.07501953,-0.0819997,-0.04572836,0.9484771,0.3135286,0.1012956,-0.3078365,0.9460317,moving,-6.07796,-20.53408,-18.85761,-0.33991,-6.611136160301374,-14.965135050326932,23.898199850854873,19.07546406458132,23.6745202568831
152,152,05/15/2023 13:23:26.203577,381,True,True,True,True,Eyes,1.363822,0.09513357,-3.574332,-0.108392,-0.3521224,0.9296564,0.0,0.0,0.0,0.0,0.0,0.0,0.0,-1.856638,1.147397,3.282215,1.614087,0.09961437,-3.594629,0.1619718,0.03980525,0.03313272,0.9854354,18.45669,5.39493,4.728553,0.3322324,0.02529419,-0.942858,0.0,0.0,0.0,1.178491,-0.1850536,-2.658152,-0.3184755,-0.005321205,0.9144797,0.9946355,0.07819497,-0.06771787,-0.05240567,0.9453347,0.3218631,0.08918414,-0.3165877,0.9443613,moving,-6.650299,-20.74499,-19.20111,-0.3333908,-7.171183043385902,-15.186580012544493,23.961557517389426,19.113774414414298,23.72185461300972
153,153,05/15/2023 13:23:26.213376,382,True,True,True,True,Eyes,1.374304,0.09513556,-3.57479,-0.1175606,-0.3551799,0.9273763,0.0,0.0,0.0,0.0,0.0,0.0,0.0,-1.804092,1.169202,3.307235,1.623306,0.0992759,-3.593689,0.1629436,0.03149614,0.03663491,0.9854519,18.59269,4.478805,4.991569,0.3346572,0.02525147,-0.9420012,0.0,0.0,0.0,1.180995,-0.1873004,-2.658154,-0.3253327,-0.0005309582,0.9112478,0.9953318,0.08246806,-0.05013701,-0.06193969,0.9442146,0.3234538,0.07401471,-0.3188384,0.9449148,moving,-7.224675,-20.95656,-19.64752,-0.03338462,-7.733220706011472,-15.408725654974727,24.33323541735178,19.4512631879915,24.061845620705554
154,154,05/15/2023 13:23:26.238275,383,True,True,True,True,Eyes,1.384738,0.09514742,-3.575159,-0.1270402,-0.3583826,0.9248906,0.0,0.0,0.0,0.0,0.0,0.0,0.0,-1.741907,1.206703,3.33111,1.632428,0.09888121,-3.593337,0.1662476,0.02196811,0.03996792,0.9850288,19.0117,3.430127,5.221581,0.3370745,0.02521035,-0.9411401,0.0,0.0,0.0,1.183588,-0.1896268,-2.658155,-0.3314233,-0.005208582,0.9079078,0.99584,0.0860434,-0.0299893,-0.07143481,0.9415286,0.3292734,0.05656758,-0.3257613,0.9437583,moving,-7.821035,-21.18067,-20.05414,-0.3286969,-8.316891260907028,-15.643659967105425,24.175476005740787,19.29536477266348,23.894226386256758
155,155,05/15/2023 13:23:26.253457,384,True,True,True,True,Eyes,1.395159,0.09514147,-3.575441,-0.1365239,-0.3611688,0.9224523,0.0,0.0,0.0,0.0,0.0,0.0,0.0,-1.678129,1.235457,3.355807,1.641879,0.09918493,-3.591421,0.1689494,0.01205517,0.04229386,0.9846432,19.37139,2.31041,5.313467,0.3394835,0.02517099,-0.940275,0.0,0.0,0.0,1.186123,-0.1919008,-2.658157,-0.336733,-0.003223538,0.9061435,0.9961318,0.08736213,-0.009449044,-0.07921527,0.9393346,0.3337294,0.03803113,-0.33169,0.9426215,moving,-8.418718,-21.38189,-20.38563,-0.2038246,-8.901218912922127,-15.856550160121916,24.325242792260493,19.41390005839865,24.015668282102375
156,156,05/15/2023 13:23:26.263454,385,True,True,True,True,Eyes,1.405477,0.09509511,-3.575638,-0.1462861,-0.3640538,0.919818,0.0,0.0,0.0,0.0,0.0,0.0,0.0,-1.623965,1.241307,3.382464,1.650721,0.09866312,-3.589507,0.1695343,0.003097026,0.04195265,0.9846261,19.48718,1.235313,5.091663,0.3418852,0.0251328,-0.9394053,0.0,0.0,0.0,1.188693,-0.1942072,-2.658159,-0.3426453,-0.004344463,0.9034874,0.9964607,0.08366546,0.008126003,-0.08156524,0.9389962,0.3341157,0.02032365,-0.3335959,0.9424971,moving,-9.03653,-21.59311,-20.76911,-0.2755074,-9.505313673684032,-16.079720116150867,24.332973802392647,19.407376104411277,23.999845055101595
157,157,05/15/2023 13:23:26.283462,386,True,True,True,True,Eyes,1.415689,0.09501123,-3.575733,-0.1559229,-0.366839,0.9171245,0.0,0.0,0.0,0.0,0.0,0.0,0.0,-1.572468,1.264085,3.400142,1.65874,0.09767067,-3.587558,0.1731678,-0.005433731,0.04023204,0.9840553,19.95309,0.1974694,4.71708,0.3442781,0.02509467,-0.938532,0.0,0.0,0.0,1.191347,-0.1965882,-2.658161,-0.3478844,-0.010436,0.901732,0.9967037,0.07729921,0.02462797,-0.08106299,0.9367886,0.3403761,0.003239601,-0.3412506,0.9399668,moving,-9.648756,-21.80083,-21.0964,-0.6630706,-10.10390309541399,-16.299337909400283,24.03858202147174,19.1135513070793,23.69674686614408
158,158,05/15/2023 13:23:26.303566,387,True,True,True,True,Eyes,1.425765,0.09488229,-3.575762,-0.1659312,-0.3698756,0.9141437,0.0,0.0,0.0,0.0,0.0,0.0,0.0,-1.514326,1.295473,3.415578,1.66591,0.09668855,-3.585108,0.1777602,-0.01459521,0.03908962,0.9831889,20.5292,359.0943,4.389518,0.3466606,0.02505571,-0.9376557,0.0,0.0,0.0,1.193969,-0.1989407,-2.658163,-0.3511808,-0.01196632,0.9011769,0.996518,0.07167608,0.04259685,-0.08205386,0.9337467,0.3484026,-0.01480254,-0.3506847,0.9363766,moving,-10.28806,-22.02896,-21.29043,-0.7607599,-10.72927342599109,-16.539497537910933,23.9455315478805,18.987011076700796,23.5788917903124
159,159,05/15/2023 13:23:26.318773,388,True,True,True,True,Eyes,1.435772,0.09470029,-3.5757,-0.1746307,-0.3720632,0.9116321,0.0,0.0,0.0,0.0,0.0,0.0,0.0,-1.446288,1.334689,3.431534,1.672887,0.09553653,-3.583418,0.1831133,-0.02492682,0.03846636,0.9820227,21.19606,357.8566,4.085229,0.3490308,0.02501489,-0.9367771,0.0,0.0,0.0,1.196601,-0.2013023,-2.658165,-0.3550407,-0.01100504,0.9007161,0.995798,0.06642082,0.06304481,-0.08467855,0.9299797,0.3577251,-0.03487001,-0.3615605,0.9316964,moving,-10.84411,-22.20178,-21.51317,-0.7000111,-11.272506146505426,-16.723680280436092,24.00322701456217,19.016549901712658,23.604479756048363
160,160,05/15/2023 13:23:26.333244,389,True,True,True,True,Eyes,1.445669,0.09450646,-3.57557,-0.183581,-0.3747429,0.9087716,0.0,0.0,0.0,0.0,0.0,0.0,0.0,-1.38071,1.386871,3.439422,1.680593,0.09400755,-3.581364,0.1898731,-0.03472922,0.03881812,0.9804262,22.02489,356.7003,3.892361,0.3513882,0.02497108,-0.9358965,0.0,0.0,0.0,1.199185,-0.2036206,-2.658166,-0.359016,-0.01638335,0.8995354,0.9945741,0.0629283,0.08283988,-0.08930488,0.9248827,0.3696169,-0.05335782,-0.3750093,0.9254842,moving,-11.42063,-22.40939,-21.75757,-1.04342,-11.836512231262391,-16.942072313380148,23.73514277615578,18.74018496793393,23.32282996823739
161,161,05/15/2023 13:23:26.353138,390,True,True,True,True,Eyes,1.455417,0.09432667,-3.575348,-0.1923299,-0.3775799,0.9057829,0.0,0.0,0.0,0.0,0.0,0.0,0.0,-1.322353,1.44681,3.439287,1.687958,0.09364396,-3.579469,0.197828,-0.04336032,0.03946438,0.9784818,22.98963,355.6865,3.741646,0.3537322,0.02492434,-0.9350143,0.0,0.0,0.0,1.201732,-0.2059061,-2.658168,-0.3633018,-0.0226166,0.8982478,0.9931249,0.06007459,0.1004689,-0.09438612,0.9186133,0.3837197,-0.06924024,-0.3905644,0.9179679,moving,-11.98788,-22.62905,-22.02117,-1.442321,-12.391869155819188,-17.171800210077862,23.442363232906807,18.442883477591376,23.018532005446925
162,162,05/15/2023 13:23:26.363395,391,True,True,True,True,Eyes,1.465039,0.0941302,-3.575059,-0.2012035,-0.380583,0.9025928,0.0,0.0,0.0,0.0,0.0,0.0,0.0,-1.266976,1.491888,3.441725,1.695174,0.09385376,-3.576872,0.2036363,-0.05154124,0.04044176,0.9768522,23.70414,354.7221,3.633031,0.3560604,0.02487543,-0.9341314,0.0,0.0,0.0,1.204354,-0.2082586,-2.65817,-0.3668774,-0.02538356,0.8976884,0.991416,0.05801991,0.1171672,-0.1000026,0.9137934,0.3936762,-0.08422553,-0.4020139,0.9117516,moving,-12.56675,-22.86297,-22.2294,-1.619697,-12.958868609930816,-17.415651350701232,23.33759740793874,18.31542863554373,22.887000908414276
163,163,05/15/2023 13:23:26.384146,392,True,True,True,True,Eyes,1.474584,0.09393065,-3.574706,-0.2096576,-0.3834779,0.8994378,0.0,0.0,0.0,0.0,0.0,0.0,0.0,-1.223598,1.522715,3.445146,1.701877,0.09330577,-3.574883,0.2077479,-0.05824118,0.04040749,0.9756107,24.20916,353.9042,3.434885,0.3583719,0.02482419,-0.9332485,0.0,0.0,0.0,1.206948,-0.2105856,-2.658172,-0.3705375,-0.03141606,0.8966541,0.9899504,0.05464498,0.1304306,-0.1030429,0.9104161,0.4006553,-0.0968523,-0.4100688,0.9068976,moving,-13.12126,-23.09111,-22.4526,-2.006651,-13.50211841766778,-17.65316175928815,23.057066541914672,18.025660029418844,22.592220907258472
164,164,05/15/2023 13:23:26.403281,393,True,True,True,True,Eyes,1.483995,0.0937399,-3.574265,-0.2182433,-0.3864284,0.8961266,0.0,0.0,0.0,0.0,0.0,0.0,0.0,-1.175015,1.55954,3.447026,1.708754,0.09299873,-3.572999,0.2119138,-0.06521273,0.0423905,0.9741884,24.73467,353.1014,3.468782,0.360667,0.02477081,-0.9323654,0.0,0.0,0.0,1.209456,-0.2128361,-2.658174,-0.3736572,-0.03181899,0.8969289,0.9879007,0.0549537,0.1450252,-0.1102316,0.9065912,0.407359,-0.1090927,-0.4184166,0.9016797,moving,-13.6874,-23.32671,-22.61643,-2.031743,-14.05683500849659,-17.8982346896198,23.091193045661132,18.02809543338798,22.586351175007987
165,165,05/15/2023 13:23:26.413283,394,True,True,True,True,Eyes,1.49332,0.09355208,-3.573734,-0.2266038,-0.3889169,0.8929694,0.0,0.0,0.0,0.0,0.0,0.0,0.0,-1.124086,1.578859,3.455594,1.715028,0.09305362,-3.570366,0.2135887,-0.07243578,0.04454399,0.9732158,24.97285,352.2679,3.526464,0.3629441,0.02471585,-0.9314829,0.0,0.0,0.0,1.212141,-0.2152454,-2.658176,-0.3775541,-0.03251651,0.8968502,0.9855378,0.05575889,0.1600195,-0.1176447,0.9047914,0.4092826,-0.1219631,-0.4221889,0.8982658,moving,-14.23906,-23.53467,-22.83001,-2.076426,-14.59677437058981,-18.11618489288338,23.114079204373162,18.029421351535962,22.569184950993243
166,166,05/15/2023 13:23:26.433497,395,True,True,True,True,Eyes,1.502553,0.09334491,-3.57311,-0.2350415,-0.3913666,0.8897122,0.0,0.0,0.0,0.0,0.0,0.0,0.0,-1.073232,1.584779,3.469584,1.721598,0.09283575,-3.56775,0.2135833,-0.0798546,0.04599175,0.9725689,25.01112,351.3892,3.501604,0.3652034,0.02465959,-0.9306009,0.0,0.0,0.0,1.214658,-0.2175039,-2.658177,-0.3815222,-0.03794584,0.8963137,0.983016,0.05534909,0.1749743,-0.1235715,0.9045339,0.4081036,-0.1356821,-0.4227942,0.8960109,moving,-14.79816,-23.74374,-23.05737,-2.424195,-15.1439494491409,-18.335439383339715,22.863454437838673,17.770478964876517,22.29635838487081
167,167,05/15/2023 13:23:26.453124,396,True,True,True,True,Eyes,1.511735,0.09313089,-3.572387,-0.2431255,-0.3933584,0.8866562,0.0,0.0,0.0,0.0,0.0,0.0,0.0,-1.03137,1.593366,3.478826,1.728675,0.0921748,-3.564822,0.2139384,-0.08607976,0.04755164,0.9718845,25.08949,350.6604,3.519615,0.3674451,0.02460174,-0.9297194,0.0,0.0,0.0,1.217326,-0.2198977,-2.658179,-0.385727,-0.03818214,0.8964221,0.9806582,0.05559788,0.1876654,-0.1292609,0.9039384,0.4076603,-0.1469729,-0.4240332,0.8936413,moving,-15.33389,-23.92411,-23.28203,-2.438978,-15.667708658472138,-18.52626963508501,22.908160696944307,17.7982819857514,22.29607281138309
168,168,05/15/2023 13:23:26.463130,397,True,True,True,True,Eyes,1.520801,0.09289514,-3.571575,-0.2512202,-0.3953357,0.8835147,0.0,0.0,0.0,0.0,0.0,0.0,0.0,-0.9922972,1.600924,3.487175,1.735624,0.09171228,-3.56191,0.2140509,-0.09181476,0.0495201,0.9712364,25.14316,350.003,3.602811,0.3696705,0.02454235,-0.9288384,0.0,0.0,0.0,1.219831,-0.2221452,-2.658181,-0.3893792,-0.04619384,0.8959903,0.9782356,0.05688538,0.1995473,-0.1354975,0.9034599,0.4066947,-0.157148,-0.4248814,0.8915045,moving,-15.87267,-24.10651,-23.48879,-2.951339,-16.19447707057375,-18.719154187213245,22.484362207846612,17.37328399844162,21.8610131130649
169,169,05/15/2023 13:23:26.483179,398,True,True,True,True,Eyes,1.529731,0.09264537,-3.570677,-0.2578363,-0.3963898,0.8811331,0.0,0.0,0.0,0.0,0.0,0.0,0.0,-0.9565668,1.6095,3.493277,1.741988,0.09096777,-3.55889,0.2143941,-0.09704579,0.05130929,0.970559,25.22176,349.4024,3.674941,0.3718786,0.0244811,-0.9279583,0.0,0.0,0.0,1.222403,-0.2244529,-2.658183,-0.3930915,-0.04567862,0.8968852,0.9758989,0.05798529,0.2103781,-0.1412095,0.902805,0.4062055,-0.1663765,-0.4261229,0.8892346,moving,-16.31048,-24.22125,-23.66713,-2.915571,-16.621613609103196,-18.84359033753595,22.540014571280583,17.41669030646508,21.873887171741266
170,170,05/15/2023 13:23:26.503079,399,True,True,True,True,Eyes,1.538581,0.09235249,-3.569689,-0.2644979,-0.3975184,0.8786467,0.0,0.0,0.0,0.0,0.0,0.0,0.0,-0.9191586,1.613368,3.501752,1.748501,0.0900925,-3.555939,0.2141981,-0.1026082,0.05268237,0.9699563,25.23532,348.7493,3.691661,0.3740687,0.02441789,-0.9270791,0.0,0.0,0.0,1.224992,-0.2267753,-2.658185,-0.395303,-0.05068186,0.8968033,0.9733923,0.05824226,0.2216198,-0.1461561,0.9026875,0.4047143,-0.1764819,-0.4263369,0.8871815,moving,-16.75331,-24.343,-23.78746,-3.234568,-17.05380304553056,-18.974947554965617,22.249610507177962,17.120212747359602,21.564885315518907
171,171,05/15/2023 13:23:26.513294,400,True,True,True,True,Eyes,1.54759,0.09205089,-3.56856,-0.2711129,-0.3987046,0.8760893,0.0,0.0,0.0,0.0,0.0,0.0,0.0,-0.8880009,1.627003,3.503672,1.755474,0.08878891,-3.552722,0.2153904,-0.1073521,0.05405739,0.9691028,25.40902,348.1956,3.715203,0.3762411,0.02435187,-0.9262013,0.0,0.0,0.0,1.22763,-0.2291418,-2.658187,-0.3952621,-0.06162372,0.8976841,0.9711066,0.05852912,0.2313573,-0.1510195,0.9013696,0.4058645,-0.1847835,-0.4290772,0.884165,moving,-17.19511,-24.47009,-23.76452,-3.927048,-17.485140571636126,-19.111424817670503,21.567886367510933,16.431552128340428,20.890258554305316
172,172,05/15/2023 13:23:26.533474,401,True,True,True,True,Eyes,1.556499,0.09173797,-3.567336,-0.27771,-0.3999321,0.8734595,0.0,0.0,0.0,0.0,0.0,0.0,0.0,-0.8583137,1.647824,3.501438,1.762264,0.08815673,-3.549472,0.2176463,-0.1117917,0.0556502,0.9680061,25.70949,347.6828,3.759484,0.3784023,0.02428315,-0.9253223,0.0,0.0,0.0,1.230268,-0.2315094,-2.658189,-0.392848,-0.06530774,0.9003338,0.9688114,0.05907739,0.2406542,-0.1564016,0.8990663,0.4089233,-0.192206,-0.4338082,0.8802654,moving,-17.63768,-24.60169,-23.57337,-4.148812,-17.917346807342515,-19.252277735586105,21.29677520797419,16.12777962342935,20.584745119931007
173,173,05/15/2023 13:23:26.553322,402,True,True,True,True,Eyes,1.565282,0.09140423,-3.566032,-0.2840368,-0.4009949,0.870934,0.0,0.0,0.0,0.0,0.0,0.0,0.0,-0.8326959,1.657839,3.502652,1.768838,0.08758534,-3.545973,0.2184181,-0.1157272,0.05718434,0.9672801,25.83484,347.2329,3.826962,0.3805512,0.02421179,-0.9244425,0.0,0.0,0.0,1.232773,-0.2337567,-2.65819,-0.3918634,-0.07047364,0.9017087,0.9666743,0.06007269,0.2488615,-0.1611804,0.898047,0.4093073,-0.1989011,-0.4357785,0.8778015,moving,-18.06265,-24.72226,-23.48874,-4.468905,-18.332207118007865,-19.38193638789232,20.967614109481435,15.779364262837959,20.23017376836795
174,174,05/15/2023 13:23:26.568663,403,True,True,True,True,Eyes,1.573973,0.09104519,-3.564629,-0.2903626,-0.4020287,0.8683677,0.0,0.0,0.0,0.0,0.0,0.0,0.0,-0.808615,1.662825,3.505772,1.77528,0.08675274,-3.542616,0.2183793,-0.1194174,0.05888803,0.966738,25.86777,346.8196,3.932013,0.382687,0.02413758,-0.9235623,0.0,0.0,0.0,1.235491,-0.2361957,-2.658192,-0.392636,-0.074108,0.90329,0.9645433,0.06170196,0.2566106,-0.1660152,0.8976853,0.4081667,-0.2051709,-0.4362957,0.8760999,moving,-18.48878,-24.84275,-23.4933,-4.690174,-18.74818867712254,-19.51155422543076,20.764670473334654,15.562435325272517,19.993820246233955
175,175,05/15/2023 13:23:26.583617,404,True,True,True,True,Eyes,1.582574,0.09063914,-3.563134,-0.2964065,-0.402883,0.8659264,0.0,0.0,0.0,0.0,0.0,0.0,0.0,-0.7834489,1.665425,3.509747,1.78181,0.08578373,-3.538863,0.2180953,-0.1233326,0.06033917,0.9662209,25.87059,346.3714,4.002541,0.3848096,0.02406024,-0.922682,0.0,0.0,0.0,1.237992,-0.2384392,-2.658194,-0.394433,-0.07696792,0.9042462,0.9622965,0.06280541,0.2646524,-0.1703984,0.8975873,0.4065728,-0.2120136,-0.43634,0.874447,moving,-18.89607,-24.95079,-23.56687,-4.865194,-19.14558468087418,-19.628568816286037,20.621530964388075,15.41119722277495,19.816100434365662
176,176,05/15/2023 13:23:26.603212,405,True,True,True,True,Eyes,1.5911,0.09017881,-3.561562,-0.3024574,-0.4037987,0.8634038,0.0,0.0,0.0,0.0,0.0,0.0,0.0,-0.7572943,1.66674,3.514448,1.788394,0.08423689,-3.535169,0.2176994,-0.1274706,0.06137242,0.9657079,25.85623,345.8836,4.016715,0.3869182,0.02397897,-0.9218019,0.0,0.0,0.0,1.240563,-0.2407461,-2.658196,-0.395678,-0.08183932,0.9050579,0.9599693,0.06303512,0.2729202,-0.1740362,0.8976808,0.4048217,-0.2194773,-0.4361144,0.8727164,moving,-19.30577,-25.06466,-23.61424,-5.166885,-19.545473687271887,-19.751284100325996,20.358889058382456,15.141319507400299,19.526166500850124
177,177,05/15/2023 13:23:26.623251,406,True,True,True,True,Eyes,1.599523,0.08969424,-3.559907,-0.3081149,-0.4046559,0.8609986,0.0,0.0,0.0,0.0,0.0,0.0,0.0,-0.7335361,1.678182,3.513992,1.795166,0.08249494,-3.531726,0.2187971,-0.1313009,0.06219881,0.9648934,26.01238,345.4243,3.992574,0.3890133,0.02389281,-0.9209219,0.0,0.0,0.0,1.243113,-0.2430338,-2.658198,-0.396968,-0.08438066,0.9063792,0.9577827,0.06257389,0.2806006,-0.177487,0.8965182,0.4058983,-0.226165,-0.4385653,0.8697758,moving,-19.69014,-25.17279,-23.65204,-5.318702,-19.920674718158864,-19.86766683056136,20.245529430512402,15.019835701745901,19.375040914682227
178,178,05/15/2023 13:23:26.633263,407,True,True,True,True,Eyes,1.607866,0.08920208,-3.558151,-0.3137551,-0.4054742,0.8585734,0.0,0.0,0.0,0.0,0.0,0.0,0.0,-0.7120497,1.691743,3.511501,1.801887,0.08146654,-3.52792,0.2200291,-0.1346412,0.06387331,0.9640432,26.19548,345.0492,4.08394,0.3910945,0.02380172,-0.9200425,0.0,0.0,0.0,1.245899,-0.2455339,-2.6582,-0.4000663,-0.08573186,0.9073047,0.9555839,0.06390329,0.2877078,-0.1824032,0.8950148,0.4070351,-0.2314918,-0.441435,0.8669179,moving,-20.07421,-25.27973,-23.79457,-5.397892,-20.295552756345543,-19.98289197250064,20.22692662734119,14.998844817826301,19.31466984733664
179,179,05/15/2023 13:23:26.653367,408,True,True,True,True,Eyes,1.616091,0.08867349,-3.556307,-0.3190295,-0.4060155,0.8563712,0.0,0.0,0.0,0.0,0.0,0.0,0.0,-0.6890141,1.691661,3.515245,1.808353,0.08078052,-3.52374,0.2191948,-0.13811,0.06607196,0.9635943,26.14728,344.6782,4.266808,0.3931623,0.02370604,-0.9191631,0.0,0.0,0.0,1.24833,-0.247715,-2.658201,-0.4046791,-0.08726671,0.9075872,0.9531203,0.06678715,0.2951292,-0.1878791,0.8951763,0.4041792,-0.2371987,-0.44068,0.8657586,moving,-20.4322,-25.36617,-24.03136,-5.492244,-20.644613968632108,-20.07751973602732,20.19719998809429,14.973320172123932,19.25054907832127
180,180,05/15/2023 13:23:26.663308,409,True,True,True,True,Eyes,1.624272,0.08807726,-3.554375,-0.3242458,-0.406528,0.8541662,0.0,0.0,0.0,0.0,0.0,0.0,0.0,-0.668945,1.678611,3.524489,1.814952,0.07937363,-3.519502,0.216765,-0.1414971,0.06725379,0.9635707,25.89793,344.2932,4.352086,0.395216,0.0236054,-0.9182846,0.0,0.0,0.0,1.251017,-0.2501256,-2.658203,-0.4088618,-0.09029692,0.9081775,0.950911,0.06826434,0.3018414,-0.1909508,0.8969797,0.3987044,-0.2435283,-0.4367693,0.865983,moving,-20.78702,-25.45144,-24.23729,-5.678059,-20.990573212845952,-20.170919214405657,20.072143862678473,14.852076187869837,19.09746566674541
181,181,05/15/2023 13:23:26.683758,410,True,True,True,True,Eyes,1.632372,0.0874444,-3.552352,-0.3290174,-0.4070434,0.8520934,0.0,0.0,0.0,0.0,0.0,0.0,0.0,-0.6529324,1.679862,3.526464,1.82208,0.07714581,-3.515435,0.2159678,-0.1441444,0.06931139,0.9632114,25.85067,344.0205,4.541765,0.3972563,0.02349862,-0.9174066,0.0,0.0,0.0,1.253414,-0.2522762,-2.658205,-0.4134043,-0.09170556,0.9087556,0.9488367,0.07126192,0.3076211,-0.1957841,0.8971077,0.3960637,-0.247745,-0.4360271,0.8651606,moving,-21.11299,-25.53372,-24.46138,-5.762401,-21.30851044316565,-20.26052912308865,20.052849438218523,14.836991120705937,19.045590293642032
182,182,05/15/2023 13:23:26.703402,411,True,True,True,True,Eyes,1.640424,0.08679883,-3.550214,-0.3336946,-0.4075552,0.8500274,0.0,0.0,0.0,0.0,0.0,0.0,0.0,-0.637271,1.691694,3.522872,1.829169,0.07568069,-3.510981,0.21646,-0.1464654,0.07240833,0.9625229,25.97034,343.8141,4.848187,0.3992833,0.02338547,-0.9165291,0.0,0.0,0.0,1.256075,-0.2546639,-2.658207,-0.4170008,-0.09263387,0.9101563,0.9466099,0.07598159,0.3132995,-0.2027971,0.8958042,0.3954847,-0.2506055,-0.4379059,0.863386,moving,-21.43344,-25.61591,-24.61555,-5.811439,-21.621099242041204,-20.349879104997367,20.058486873190134,14.843617349838814,19.013027171448986
183,183,05/15/2023 13:23:26.722913,412,True,True,True,True,Eyes,1.648412,0.08612921,-3.547965,-0.3380772,-0.4079579,0.8481003,0.0,0.0,0.0,0.0,0.0,0.0,0.0,-0.6270698,1.693848,3.522355,1.836078,0.07472986,-3.506074,0.2160204,-0.148358,0.07445677,0.9621755,25.96306,343.6347,5.052749,0.4012986,0.02326629,-0.9156514,0.0,0.0,0.0,1.258645,-0.2569698,-2.658209,-0.4206882,-0.09338644,0.9115956,0.9448921,0.07918423,0.3176612,-0.2073777,0.8955827,0.3936065,-0.2533245,-0.4377916,0.8626502,moving,-21.73365,-25.68875,-24.77264,-5.849138,-21.91383115658291,-20.42957300111776,20.0710155331175,14.858057505105425,18.988912717207914
184,184,05/15/2023 13:23:26.733168,413,True,True,True,True,Eyes,1.65636,0.08542112,-3.545601,-0.3423938,-0.4083611,0.8461725,0.0,0.0,0.0,0.0,0.0,0.0,0.0,-0.6184282,1.693124,3.52282,1.843089,0.07350144,-3.501,0.2152886,-0.1501819,0.07605996,0.961931,25.91461,343.452,5.209263,0.4033024,0.02314118,-0.9147739,0.0,0.0,0.0,1.261346,-0.2593931,-2.658211,-0.4239178,-0.09680334,0.912981,0.9433206,0.08166399,0.3216789,-0.2109938,0.8957314,0.3913399,-0.2561796,-0.4370312,0.8621925,moving,-22.03014,-25.76186,-24.90651,-6.052456,-22.20296771006384,-20.509410761655428,19.91818541966401,14.70757226377028,18.81320759617808
185,185,05/15/2023 13:23:26.753451,414,True,True,True,True,Eyes,1.664278,0.08468097,-3.54311,-0.3466022,-0.408875,0.8442086,0.0,0.0,0.0,0.0,0.0,0.0,0.0,-0.6082109,1.695667,3.521924,1.850065,0.07187185,-3.495891,0.2149444,-0.152163,0.07775991,0.9615607,25.91444,343.2512,5.366922,0.4052959,0.02300981,-0.9138956,0.0,0.0,0.0,1.264229,-0.2619798,-2.658213,-0.4266655,-0.09936133,0.9148112,0.9415996,0.08412852,0.326056,-0.2149549,0.8955046,0.3896998,-0.2591998,-0.4370286,0.8612906,moving,-22.32132,-25.84227,-25.00422,-6.198826,-22.487160731756525,-20.5961254824328,19.825812583375644,14.615670348865635,18.691226875847327
186,186,05/15/2023 13:23:26.763264,415,True,True,True,True,Eyes,1.672151,0.08390945,-3.540496,-0.350787,-0.409394,0.8422262,0.0,0.0,0.0,0.0,0.0,0.0,0.0,-0.5949033,1.69902,3.520734,1.856841,0.07034659,-3.490463,0.2148819,-0.15461,0.07909288,0.9610754,25.944,342.981,5.461341,0.4072807,0.02287206,-0.9130163,0.0,0.0,0.0,1.266683,-0.2641817,-2.658214,-0.4283257,-0.09724283,0.9179356,0.9396802,0.08558267,0.331175,-0.2184742,0.8951402,0.3885783,-0.2631924,-0.4374925,0.8598431,moving,-22.61172,-25.92372,-25.01463,-6.047157,-22.770626703692937,-20.68381919743241,20.02128200593231,14.807681488861917,18.825516155513707
187,187,05/15/2023 13:23:26.783452,416,True,True,True,True,Eyes,1.679996,0.08313698,-3.537758,-0.3548397,-0.4102358,0.8401163,0.0,0.0,0.0,0.0,0.0,0.0,0.0,-0.5849612,1.702106,3.518965,1.863664,0.06882766,-3.484893,0.2150899,-0.156836,0.07953643,0.9606315,25.98862,342.7131,5.448055,0.4092572,0.02272785,-0.9121356,0.0,0.0,0.0,1.269102,-0.2663519,-2.658216,-0.4291878,-0.09893462,0.9209763,0.9381529,0.08534271,0.3355381,-0.2202781,0.8948206,0.3882959,-0.2671082,-0.4381926,0.8582776,moving,-22.89773,-26.02664,-24.98618,-6.131408,-23.05042654594898,-20.792090761598708,20.00454647664685,14.787926172087415,18.7659782056775
188,188,05/15/2023 13:23:26.803270,417,True,True,True,True,Eyes,1.687793,0.08240572,-3.534883,-0.3587923,-0.411236,0.8379458,0.0,0.0,0.0,0.0,0.0,0.0,0.0,-0.5764498,1.714019,3.512636,1.870581,0.06804912,-3.479233,0.2164924,-0.1587248,0.08049235,0.9599263,26.17956,342.4988,5.486823,0.411227,0.02257786,-0.911253,0.0,0.0,0.0,1.271498,-0.2685013,-2.658218,-0.4295301,-0.09963691,0.9245694,0.9366548,0.08580805,0.3395801,-0.2232589,0.893304,0.3900813,-0.2698762,-0.4411858,0.855875,moving,-23.17968,-26.14027,-24.91831,-6.150785,-23.326586437376644,-20.910568648461243,20.064953148266383,14.845362819722336,18.774988417312574
189,189,05/15/2023 13:23:26.823016,418,True,True,True,True,Eyes,1.695533,0.08167895,-3.531882,-0.3625034,-0.4123822,0.8357823,0.0,0.0,0.0,0.0,0.0,0.0,0.0,-0.5653876,1.73136,3.503366,1.877256,0.06834227,-3.473052,0.2183352,-0.1605502,0.0829854,0.9589927,26.4496,342.3345,5.708593,0.4131906,0.02242381,-0.9103681,0.0,0.0,0.0,1.274265,-0.2709844,-2.65822,-0.4294839,-0.1001928,0.9275189,0.9346741,0.08905723,0.3441702,-0.2292723,0.8908862,0.3921171,-0.2716957,-0.4454103,0.8531067,moving,-23.4478,-26.26213,-24.84631,-6.165319,-23.58957675785711,-21.036553653751305,20.145412445264576,14.924241976356477,18.804181172002536
190,190,05/15/2023 13:23:26.833582,419,True,True,True,True,Eyes,1.703237,0.08101154,-3.528748,-0.3660003,-0.4137331,0.8335878,0.0,0.0,0.0,0.0,0.0,0.0,0.0,-0.5575933,1.732448,3.501575,1.884106,0.0677579,-3.466824,0.2179673,-0.1622484,0.08472133,0.9586387,26.44865,342.1702,5.878831,0.4151485,0.02226627,-0.9094808,0.0,0.0,0.0,1.276713,-0.2731808,-2.658221,-0.4284343,-0.09797528,0.9320598,0.9329956,0.09170458,0.348008,-0.233164,0.8906251,0.390412,-0.2741421,-0.4453956,0.8523314,moving,-23.70466,-26.3965,-24.68654,-6.000721,-23.84200319849068,-21.17425595753412,20.419399828379895,15.197019626117928,19.00721828828952
191,191,05/15/2023 13:23:26.853427,420,True,True,True,True,Eyes,1.710833,0.0804814,-3.52544,-0.3694019,-0.4152951,0.8313075,0.0,0.0,0.0,0.0,0.0,0.0,0.0,-0.5571752,1.755465,3.487641,1.890878,0.0684036,-3.460585,0.2204743,-0.1625239,0.08778084,0.9577429,26.79813,342.2174,6.205038,0.4171017,0.02210719,-0.9085906,0.0,0.0,0.0,1.279266,-0.2754712,-2.658223,-0.42644,-0.09387407,0.9371578,0.931761,0.0964783,0.350019,-0.2398076,0.8873712,0.3937825,-0.2726053,-0.4508484,0.8499541,moving,-23.95857,-26.54527,-24.46722,-5.720174,-24.091965318279808,-21.32575971681325,20.831306925675978,15.61009678512464,19.33462295430893
192,192,05/15/2023 13:23:26.863126,421,True,True,True,True,Eyes,1.718359,0.07999849,-3.521988,-0.3727374,-0.4165983,0.8291638,0.0,0.0,0.0,0.0,0.0,0.0,0.0,-0.5491979,1.764886,3.479732,1.897056,0.07128292,-3.452691,0.2212368,-0.1637468,0.09138303,0.9570216,26.96103,342.1653,6.600789,0.4190498,0.02195032,-0.9076975,0.0,0.0,0.0,1.281901,-0.2778353,-2.658225,-0.4229984,-0.09260249,0.9428242,0.9296722,0.1024574,0.3538531,-0.2473647,0.8854068,0.3935295,-0.2729839,-0.4533843,0.8484825,moving,-24.20554,-26.6764,-24.16341,-5.609496,-24.33472519723474,-21.460025761280598,21.066946126150228,15.851455536008217,19.499313175767682
193,193,05/15/2023 13:23:26.888293,422,True,True,True,True,Eyes,1.725793,0.07952263,-3.518484,-0.3760519,-0.4182509,0.826832,0.0,0.0,0.0,0.0,0.0,0.0,0.0,-0.5503143,1.744159,3.486337,1.903017,0.07205245,-3.445696,0.2183102,-0.1646543,0.09197899,0.9574808,26.63756,342.0722,6.697255,0.4209934,0.0217967,-0.9068014,0.0,0.0,0.0,1.284533,-0.2801969,-2.658227,-0.4188705,-0.08766174,0.949546,0.9288577,0.1042448,0.3554665,-0.2480276,0.8877611,0.3877661,-0.2751466,-0.4483451,0.8504593,moving,-24.45654,-26.83245,-23.80358,-5.274575,-24.58206757776607,-21.61846243995564,21.567761387710714,16.362417289590063,19.90599302403437
194,194,05/15/2023 13:23:26.903442,423,True,True,True,True,Eyes,1.73315,0.07908604,-3.514862,-0.3794446,-0.4200879,0.824347,0.0,0.0,0.0,0.0,0.0,0.0,0.0,-0.5372688,1.775259,3.470907,1.909152,0.07188801,-3.440547,0.2223505,-0.1666802,0.09367642,0.9560349,27.15361,341.8586,6.776576,0.4229309,0.02164625,-0.905903,0.0,0.0,0.0,1.287077,-0.2824798,-2.658229,-0.4177182,-0.07118908,0.9563874,0.9268849,0.104993,0.3603621,-0.2532387,0.88357,0.3939216,-0.2770461,-0.4563776,0.845556,moving,-24.71648,-27.00343,-23.5941,-4.256984,-24.838475247606464,-21.79158478132505,22.77412001582753,17.578700017842635,20.965704184922817
195,195,05/15/2023 13:23:26.919288,424,True,True,True,True,Eyes,1.740399,0.07865785,-3.511141,-0.3831799,-0.4218685,0.8217056,0.0,0.0,0.0,0.0,0.0,0.0,0.0,-0.5083016,1.796199,3.4611,1.914679,0.07244682,-3.434046,0.2249938,-0.1707221,0.09584615,0.9544869,27.53131,341.4044,6.874788,0.4248626,0.0214997,-0.9050021,0.0,0.0,0.0,1.289785,-0.284909,-2.658231,-0.4148714,-0.08356148,0.9593343,0.9233349,0.106145,0.3690337,-0.2597906,0.8803826,0.396781,-0.2827745,-0.4622333,0.8404635,moving,-25.0007,-27.17623,-23.38643,-4.978105,-25.11844709948376,-21.96722450772136,22.256743273635635,17.0771796524058,20.440580329908176
196,196,05/15/2023 13:23:26.933245,425,True,True,True,True,Eyes,1.747585,0.07822543,-3.507342,-0.3870336,-0.4237677,0.8189175,0.0,0.0,0.0,0.0,0.0,0.0,0.0,-0.4811211,1.792335,3.463637,1.920104,0.0722717,-3.427638,0.2244785,-0.1750989,0.09638662,0.9537607,27.51313,340.8644,6.815265,0.4267876,0.02135694,-0.9040993,0.0,0.0,0.0,1.292348,-0.287209,-2.658233,-0.4108755,-0.0811556,0.9655564,0.9201,0.1052477,0.3772782,-0.2624714,0.8806381,0.3944431,-0.2907314,-0.4619518,0.8378996,moving,-25.29618,-27.36035,-23.05132,-4.804452,-25.409632658501863,-22.15413950649209,22.667331801648025,17.50923456831217,20.762568501665267
197,197,05/15/2023 13:23:26.953685,426,True,True,True,True,Eyes,1.754705,0.07783648,-3.503426,-0.3912414,-0.4258499,0.8158321,0.0,0.0,0.0,0.0,0.0,0.0,0.0,-0.4491305,1.808344,3.457075,1.925816,0.07177551,-3.421881,0.2264949,-0.1797251,0.09783068,0.9522754,27.80968,340.3125,6.811824,0.4287059,0.02121752,-0.9031945,0.0,0.0,0.0,1.295027,-0.2896127,-2.658235,-0.4097942,-0.06372261,0.9711584,0.9162561,0.1049098,0.3866119,-0.2677371,0.8782585,0.3962057,-0.2979793,-0.4665362,0.8327979,moving,-25.62057,-27.56376,-22.87801,-3.754085,-25.72934282936648,-22.360573144999613,23.967107855542874,18.823695173738717,21.904382706564846
198,198,05/15/2023 13:23:26.973339,427,True,True,True,True,Eyes,1.761744,0.07751185,-3.499362,-0.3957396,-0.4277495,0.8126627,0.0,0.0,0.0,0.0,0.0,0.0,0.0,-0.4062945,1.822862,3.451058,1.930903,0.07243909,-3.415271,0.2279656,-0.1852875,0.1010745,0.9505179,28.08796,339.6945,7.009919,0.4306175,0.0210823,-0.9022879,0.0,0.0,0.0,1.297529,-0.2918572,-2.658236,-0.4115553,-0.06932095,0.9724026,0.910905,0.1076679,0.3983211,-0.2766246,0.8756313,0.3959151,-0.3061551,-0.4708264,0.8274004,moving,-25.96453,-27.76032,-22.93981,-4.077622,-26.06781924432165,-22.561011157425803,23.875073102246287,18.74620272421611,21.763720042914784
199,199,05/15/2023 13:23:26.983799,428,True,True,True,True,Eyes,1.768747,0.07719539,-3.495172,-0.4006539,-0.4293985,0.8093784,0.0,0.0,0.0,0.0,0.0,0.0,0.0,-0.3568953,1.805749,3.460843,1.936098,0.07363498,-3.407586,0.2253955,-0.1923159,0.1030946,0.9495173,27.88428,338.8624,7.08924,0.432523,0.02095256,-0.901379,0.0,0.0,0.0,1.30018,-0.2942356,-2.658238,-0.4093376,-0.06600165,0.9769529,0.9047721,0.1090859,0.4116887,-0.2824744,0.8771368,0.3883803,-0.3187405,-0.4676872,0.8244229,moving,-26.33607,-27.94723,-22.7334,-3.864955,-26.432743027137928,-22.75300310878384,24.35026078514407,19.24690884771284,22.136332767336025
200,200,05/15/2023 13:23:27.002905,429,True,True,True,True,Eyes,1.775724,0.07684164,-3.49089,-0.4057764,-0.4310583,0.8059369,0.0,0.0,0.0,0.0,0.0,0.0,0.0,-0.3129835,1.786087,3.471534,1.941987,0.07345062,-3.400427,0.22283,-0.1991535,0.1032625,0.9486948,27.6407,338.0002,6.948756,0.4344234,0.02082802,-0.9004676,0.0,0.0,0.0,1.302668,-0.2964681,-2.65824,-0.4041304,-0.05672118,0.9819109,0.8993495,0.1071745,0.4238918,-0.284684,0.8793672,0.3816651,-0.3318518,-0.4639255,0.8213693,moving,-26.72453,-28.14026,-22.37086,-3.30608,-26.814220280348383,-22.951430549373192,25.21291214321146,20.141580096624374,22.863487044210903
201,201,05/15/2023 13:23:27.013397,430,True,True,True,True,Eyes,1.782694,0.07647164,-3.486506,-0.4110297,-0.4328961,0.8022814,0.0,0.0,0.0,0.0,0.0,0.0,0.0,-0.2724198,1.790657,3.469737,1.948415,0.072212,-3.393848,0.2235882,-0.2053747,0.1034865,0.9471644,27.77862,337.2061,6.763491,0.4363199,0.02070722,-0.8995531,0.0,0.0,0.0,1.305325,-0.2988524,-2.658242,-0.3962293,-0.0536488,0.9873216,0.8942236,0.1041987,0.4353238,-0.2878761,0.8785977,0.3810425,-0.3427704,-0.4660565,0.8156592,moving,-27.12725,-28.35048,-21.86645,-3.110263,-27.20997673385528,-23.16689105036164,25.7826408819401,20.75624259604757,23.31975157180297
202,202,05/15/2023 13:23:27.033356,431,True,True,True,True,Eyes,1.789616,0.0761093,-3.482038,-0.4164442,-0.434892,0.7984004,0.0,0.0,0.0,0.0,0.0,0.0,0.0,-0.2365323,1.804584,3.462116,1.95435,0.07142036,-3.387349,0.2259103,-0.2109765,0.1032553,0.9454056,28.08122,336.4678,6.502337,0.4382133,0.02058942,-0.8986349,0.0,0.0,0.0,1.307965,-0.301221,-2.658244,-0.385582,-0.04562843,0.9944857,0.8896545,0.09991281,0.4455696,-0.2905599,0.8766058,0.3835848,-0.3522638,-0.4707226,0.8089069,moving,-27.54646,-28.57731,-21.19231,-2.62697,-27.62215626878161,-23.398894919658296,26.716949083645385,21.744327718006968,24.116005970971493
203,203,05/15/2023 13:23:27.053517,432,True,True,True,True,Eyes,1.796516,0.075725,-3.477503,-0.4218357,-0.4371606,0.7943206,0.0,0.0,0.0,0.0,0.0,0.0,0.0,-0.2015346,1.825664,3.450154,1.960222,0.07128714,-3.38078,0.2297279,-0.2167089,0.1018659,0.9433376,28.52697,335.664,6.051261,0.4401039,0.02047455,-0.8977131,0.0,0.0,0.0,1.310548,-0.3035386,-2.658246,-0.3740497,-0.04061773,1.000609,0.8853212,0.09261964,0.4556622,-0.291756,0.8736968,0.3892714,-0.3620564,-0.4775724,0.8005247,moving,-27.9712,-28.82653,-20.49685,-2.324532,-28.040302025166355,-23.652675367120896,27.535827678036192,22.62285057070504,24.809507248861237
204,204,05/15/2023 13:23:27.069269,433,True,True,True,True,Eyes,1.803367,0.0753953,-3.472909,-0.4271885,-0.4398394,0.7899693,0.0,0.0,0.0,0.0,0.0,0.0,0.0,-0.1759135,1.854038,3.433837,1.966132,0.07041132,-3.374761,0.2347075,-0.2213946,0.09961572,0.9412619,29.0748,334.9525,5.48914,0.4419921,0.02036177,-0.8967875,0.0,0.0,0.0,1.31317,-0.3058905,-2.658247,-0.3626364,-0.04119363,1.005806,0.8821223,0.08360294,0.4635417,-0.2914548,0.8699782,0.3977336,-0.3700195,-0.4859512,0.7917936,moving,-28.40301,-29.1082,-19.82642,-2.345286,-28.46617978227769,-23.93798715569717,28.103584500904788,23.257046078440588,25.269638067889698
205,205,05/15/2023 13:23:27.084966,434,True,True,True,True,Eyes,1.810132,0.07512192,-3.468239,-0.4324031,-0.4426507,0.7855494,0.0,0.0,0.0,0.0,0.0,0.0,0.0,-0.1524045,1.902016,3.405921,1.971825,0.0714974,-3.368677,0.2422455,-0.2252052,0.09931919,0.9384751,29.96145,334.3826,5.119432,0.443877,0.02025234,-0.8958586,0.0,0.0,0.0,1.315727,-0.3081855,-2.658249,-0.3503674,-0.03608114,1.010907,0.8788367,0.07730729,0.4708181,-0.2955271,0.8629056,0.4099484,-0.3745796,-0.4994172,0.7811995,moving,-28.83044,-29.40091,-19.11566,-2.044124,-28.88811667570573,-24.233813635999127,29.030513097397986,24.246303545499725,26.070663871115915
206,206,05/15/2023 13:23:27.103372,435,True,True,True,True,Eyes,1.816833,0.07483678,-3.463513,-0.4377257,-0.4453213,0.7810795,0.0,0.0,0.0,0.0,0.0,0.0,0.0,-0.1196442,1.9168,3.395172,1.976552,0.07261029,-3.362083,0.2449608,-0.2302952,0.09918618,0.9365471,30.29942,333.6835,4.847346,0.4457587,0.02014734,-0.8949261,0.0,0.0,0.0,1.318207,-0.3104104,-2.658251,-0.3361905,-0.02867767,1.015797,0.8742524,0.07295845,0.4799581,-0.2986116,0.8603126,0.4131505,-0.3827712,-0.5045189,0.7739167,moving,-29.26676,-29.689,-18.3126,-1.617127,-29.318537320023857,-24.525461233377293,30.133431185872762,25.41500410467053,27.042139745987612
207,207,05/15/2023 13:23:27.113441,436,True,True,True,True,Eyes,1.823471,0.07454767,-3.458778,-0.44274,-0.4481606,0.7766166,0.0,0.0,0.0,0.0,0.0,0.0,0.0,-0.09811258,1.915246,3.393749,1.981791,0.07203989,-3.355986,0.2455495,-0.2345915,0.09703106,0.9355518,30.32963,333.0418,4.408568,0.4476364,0.02004609,-0.8939907,0.0,0.0,0.0,1.320846,-0.3127777,-2.658253,-0.3193561,-0.01895872,1.021879,0.8711037,0.06634752,0.4865968,-0.2967628,0.8605808,0.4139233,-0.3912931,-0.5049739,0.7693445,moving,-29.68696,-29.98786,-17.35499,-1.062875,-29.733639851641595,-24.82699488193467,31.444112983691,26.794857079531308,28.221693903452607
208,208,05/15/2023 13:23:27.133289,437,True,True,True,True,Eyes,1.830046,0.07428488,-3.453975,-0.447846,-0.4510114,0.772025,0.0,0.0,0.0,0.0,0.0,0.0,0.0,-0.06177151,1.940908,3.37808,1.987703,0.07172956,-3.350561,0.2492805,-0.2398804,0.09794006,0.9331262,30.81103,332.3291,4.219022,0.4495089,0.01994813,-0.8930528,0.0,0.0,0.0,1.323509,-0.3151671,-2.658255,-0.3044245,-0.005352676,1.02682,0.8657303,0.06318583,0.4965065,-0.3023759,0.856534,0.4182325,-0.3988483,-0.5122082,0.7606332,moving,-30.11771,-30.29316,-16.51367,-0.2986725,-30.15913539960817,-25.135073031530364,32.93537892159822,28.33805775515509,29.57372866178173
209,209,05/15/2023 13:23:27.153380,438,True,True,True,True,Eyes,1.836585,0.07403112,-3.449135,-0.452854,-0.4536919,0.76752,0.0,0.0,0.0,0.0,0.0,0.0,0.0,-0.02880239,1.950303,3.369682,1.992803,0.07212114,-3.34407,0.2509295,-0.2449263,0.09836718,0.9313267,31.03624,331.6523,4.03588,0.4513767,0.01985379,-0.8921123,0.0,0.0,0.0,1.325976,-0.3173809,-2.658257,-0.291632,0.01008052,1.031239,0.86067,0.06030551,0.5055792,-0.3061424,0.8547166,0.4192092,-0.4068463,-0.51558,0.754091,moving,-30.54156,-30.58793,-15.79078,0.5600571,-30.57766133039151,-25.43277486237669,34.464222187511595,29.90450088035967,30.96488850362881
210,210,05/15/2023 13:23:27.163268,439,True,True,True,True,Eyes,1.843079,0.07377134,-3.444261,-0.4579951,-0.4564075,0.7628452,0.0,0.0,0.0,0.0,0.0,0.0,0.0,0.002693176,1.950826,3.366836,1.997848,0.07211705,-3.33837,0.2515176,-0.2501049,0.09754197,0.9298773,31.10129,330.9276,3.722559,0.4532394,0.01976299,-0.8911694,0.0,0.0,0.0,1.328706,-0.3198299,-2.658258,-0.2796933,0.02026248,1.03472,0.8558662,0.05559257,0.5142008,-0.3072157,0.8544489,0.4189696,-0.4160667,-0.5165526,0.7483729,moving,-30.97966,-30.89193,-15.12604,1.121856,-31.010239713143747,-25.739829168795065,35.724218132216635,31.206696887599314,32.09728622433526
211,211,05/15/2023 13:23:27.183525,440,True,True,True,True,Eyes,1.84956,0.07350694,-3.439333,-0.4629603,-0.4590857,0.7582269,0.0,0.0,0.0,0.0,0.0,0.0,0.0,0.04022169,1.963344,3.357128,2.003448,0.07167314,-3.332822,0.2536292,-0.255871,0.09739865,0.9277477,31.36249,330.1227,3.419415,0.4550969,0.01967523,-0.8902242,0.0,0.0,0.0,1.331146,-0.3220195,-2.65826,-0.2701443,0.02733231,1.037502,0.850087,0.05093006,0.5241737,-0.3105155,0.8523715,0.4207648,-0.4253612,-0.5204507,0.7404045,moving,-31.40753,-31.19376,-14.59459,1.509071,-31.43285143115792,-26.0444689528582,36.771593749226604,32.29124667704505,33.024198664588845
212,212,05/15/2023 13:23:27.203481,441,True,True,True,True,Eyes,1.856027,0.07324975,-3.434355,-0.4679738,-0.4617459,0.7535192,0.0,0.0,0.0,0.0,0.0,0.0,0.0,0.07573032,1.97558,3.346791,2.009216,0.07130174,-3.326804,0.2556147,-0.261322,0.09766426,0.9256532,31.61876,329.3702,3.178157,0.4569502,0.01959009,-0.8892763,0.0,0.0,0.0,1.333829,-0.3244269,-2.658262,-0.2606672,0.03552055,1.040359,0.844345,0.04721095,0.5337158,-0.314402,0.8502456,0.4221776,-0.4338582,-0.5242648,0.7327438,moving,-31.84239,-31.49938,-14.06617,1.955466,-31.862336133980577,-26.352984733525684,37.884307019821755,33.4375823288809,34.01246062290708
213,213,05/15/2023 13:23:27.213393,442,True,True,True,True,Eyes,1.862542,0.07302592,-3.429302,-0.4728023,-0.4643126,0.7489138,0.0,0.0,0.0,0.0,0.0,0.0,0.0,0.1046075,1.981992,3.339767,2.015461,0.07123882,-3.32056,0.2565772,-0.2658512,0.09854356,0.9240024,31.77277,328.774,3.08053,0.4588,0.0195075,-0.8883252,0.0,0.0,0.0,1.336394,-0.3267281,-2.658264,-0.2506106,0.03803694,1.042717,0.8392246,0.04568624,0.5418623,-0.3185317,0.8489146,0.4217601,-0.4407263,-0.5265518,0.7269825,moving,-32.26493,-31.79815,-13.51436,2.089149,-32.279702440830235,-26.654504919757397,38.728967309241554,34.326894959789314,34.74658822507337
214,214,05/15/2023 13:23:27.233424,443,True,True,True,True,Eyes,1.869039,0.07283463,-3.424202,-0.4776183,-0.4668072,0.7442929,0.0,0.0,0.0,0.0,0.0,0.0,0.0,0.1278887,1.989313,3.332395,2.021687,0.07179248,-3.314545,0.2576334,-0.2695559,0.09974928,0.9225046,31.94548,328.2964,3.049719,0.4606477,0.01942809,-0.8873702,0.0,0.0,0.0,1.339111,-0.3291656,-2.658266,-0.2402119,0.03671393,1.045224,0.8347794,0.0451451,0.5487306,-0.3229316,0.8473502,0.42156,-0.4459356,-0.5291121,0.7219293,moving,-32.68859,-32.0952,-12.94289,2.01171,-32.69810653552055,-26.954400669503983,39.41032831933908,35.061433907974404,35.323365272829776
215,215,05/15/2023 13:23:27.253342,444,True,True,True,True,Eyes,1.875581,0.07264761,-3.419033,-0.4821581,-0.4690884,0.7399186,0.0,0.0,0.0,0.0,0.0,0.0,0.0,0.1465577,1.990382,3.328487,2.027773,0.0723882,-3.308296,0.2579348,-0.2728667,0.1003313,0.9213832,32.01003,327.8625,2.982746,0.4624943,0.01935237,-0.8864108,0.0,0.0,0.0,1.341536,-0.3313418,-2.658267,-0.2330686,0.0367752,1.046618,0.8309548,0.04412353,0.5545875,-0.3256509,0.8468065,0.4205594,-0.4510717,-0.5300677,0.7180268,moving,-33.08974,-32.37359,-12.55419,2.012383,-33.09420143246367,-27.235586323699245,40.0512665587398,35.739834627566346,35.85848692575279
216,216,05/15/2023 13:23:27.263424,445,True,True,True,True,Eyes,1.882138,0.07246639,-3.413831,-0.4866557,-0.4712529,0.7355862,0.0,0.0,0.0,0.0,0.0,0.0,0.0,0.1609404,1.980469,3.331616,2.034427,0.07225069,-3.302078,0.2565187,-0.2757934,0.1006786,0.9208692,31.86862,327.5016,2.965172,0.4643412,0.0192801,-0.8854463,0.0,0.0,0.0,1.344148,-0.3336847,-2.658269,-0.2268364,0.03622073,1.047862,0.8276036,0.04393134,0.5595912,-0.326916,0.848124,0.4169073,-0.4562874,-0.5279732,0.7162723,moving,-33.48818,-32.64563,-12.21465,1.979715,-33.48749860448791,-27.51056015140665,40.63837589065199,36.36221137740575,36.33972422213319
217,217,05/15/2023 13:23:27.283177,446,True,True,True,True,Eyes,1.888713,0.07230858,-3.408588,-0.4908406,-0.4733524,0.7314458,0.0,0.0,0.0,0.0,0.0,0.0,0.0,0.1743828,1.97664,3.331559,2.041415,0.07220252,-3.296091,0.2558334,-0.2784395,0.1016014,0.9201619,31.82968,327.185,3.003076,0.4661889,0.01921107,-0.8844764,0.0,0.0,0.0,1.346723,-0.3359953,-2.658271,-0.2210262,0.03618687,1.048563,0.8242973,0.0445112,0.5644047,-0.3294476,0.8484529,0.4142365,-0.4604327,-0.5273958,0.7140415,moving,-33.8638,-32.90877,-11.90311,1.976547,-33.85845250010085,-27.7762311789708,41.22204807462372,36.97654491246817,36.82053085688203
218,218,05/15/2023 13:23:27.303440,447,True,True,True,True,Eyes,1.89531,0.07216279,-3.403316,-0.4950054,-0.4753436,0.7273362,0.0,0.0,0.0,0.0,0.0,0.0,0.0,0.1865672,1.979125,3.327586,2.0484,0.0725971,-3.289887,0.2561994,-0.280962,0.1023559,0.9192092,31.90537,326.8613,2.985076,0.4680382,0.01914557,-0.8835006,0.0,0.0,0.0,1.349408,-0.3384047,-2.658273,-0.2144903,0.03482893,1.049509,0.8211672,0.04420835,0.5689726,-0.3321375,0.8477703,0.4134854,-0.4640786,-0.5285178,0.7108445,moving,-34.23815,-33.16624,-11.55059,1.900716,-34.22802181666515,-28.03639163741409,41.76621579529963,37.556575023471105,37.264656341687015
219,219,05/15/2023 13:23:27.313439,448,True,True,True,True,Eyes,1.901974,0.07201348,-3.397997,-0.4990695,-0.4772001,0.7233324,0.0,0.0,0.0,0.0,0.0,0.0,0.0,0.1976525,1.976155,3.327201,2.055563,0.07273853,-3.283884,0.255828,-0.283509,0.1025966,0.9185036,31.87931,326.53,2.930399,0.4698892,0.01908355,-0.8825188,0.0,0.0,0.0,1.351923,-0.3406612,-2.658275,-0.2100889,0.03687492,1.049675,0.8181932,0.04341158,0.5733021,-0.3335297,0.848052,0.4117836,-0.4683139,-0.5281318,0.7083494,moving,-34.60407,-33.41381,-11.31801,2.011964,-34.589156930280225,-28.28673566186886,42.39370299729284,38.204155279901464,37.786105773380086
220,220,05/15/2023 13:23:27.333555,449,True,True,True,True,Eyes,1.908676,0.07185847,-3.392653,-0.5032083,-0.4789147,0.7193206,0.0,0.0,0.0,0.0,0.0,0.0,0.0,0.2116451,1.968194,3.329892,2.062952,0.07246381,-3.278069,0.2547497,-0.2865562,0.102461,0.9178725,31.76101,326.1311,2.837618,0.471744,0.01902456,-0.88153,0.0,0.0,0.0,1.354507,-0.3429796,-2.658277,-0.2060397,0.04058394,1.049892,0.8147747,0.04209216,0.5782478,-0.3340926,0.8492087,0.4089339,-0.4738401,-0.5263772,0.7059763,moving,-34.97512,-33.65518,-11.10311,2.213687,-34.955091246564045,-28.53125842587813,43.08652319813922,38.91232039633035,38.36876244088354
221,221,05/15/2023 13:23:27.353143,450,True,True,True,True,Eyes,1.9154,0.07168102,-3.387273,-0.5071964,-0.4805833,0.7153961,0.0,0.0,0.0,0.0,0.0,0.0,0.0,0.2290288,1.96164,3.331472,2.070629,0.0721692,-3.272076,0.2539819,-0.2901597,0.1019934,0.9170048,31.66784,325.6408,2.671263,0.4736028,0.01896815,-0.880534,0.0,0.0,0.0,1.357052,-0.3452632,-2.658278,-0.2031523,0.04099327,1.04975,0.8108094,0.03966618,0.5839647,-0.3344475,0.8501811,0.4066166,-0.4803468,-0.524994,0.702601,moving,-35.3356,-33.89211,-10.95274,2.236293,-35.310667715605895,-28.77116577810982,43.58652733483145,39.43058638258962,38.76381809438885
222,222,05/15/2023 13:23:27.363176,451,True,True,True,True,Eyes,1.922174,0.07146657,-3.381873,-0.5112139,-0.4821032,0.7115033,0.0,0.0,0.0,0.0,0.0,0.0,0.0,0.2435818,1.954141,3.333274,2.078223,0.07143041,-3.26567,0.2529947,-0.2933872,0.1016596,0.9162877,31.55273,325.2101,2.545588,0.4754662,0.01891348,-0.8795304,0.0,0.0,0.0,1.359758,-0.3476903,-2.658281,-0.2006661,0.03994632,1.049565,0.8071786,0.037848,0.5890928,-0.3347496,0.851318,0.4039806,-0.4862155,-0.523283,0.6998353,moving,-35.69718,-34.12094,-10.82375,2.179618,-35.66708862490526,-29.00329227141478,44.00475009673688,39.86935373224421,39.07870693659912
223,223,05/15/2023 13:23:27.383424,452,True,True,True,True,Eyes,1.929008,0.07123335,-3.376448,-0.5151472,-0.4837058,0.7075677,0.0,0.0,0.0,0.0,0.0,0.0,0.0,0.2568065,1.946666,3.335861,2.086237,0.07031541,-3.259769,0.2518115,-0.2963547,0.1016746,0.9156567,31.42683,324.8297,2.481601,0.4773346,0.01885941,-0.8785189,0.0,0.0,0.0,1.362237,-0.3499149,-2.658282,-0.1980703,0.03843728,1.049089,0.8036723,0.03694697,0.593924,-0.3354491,0.8525065,0.4008824,-0.4915127,-0.5214093,0.6975297,moving,-36.05663,-34.3572,-10.69172,2.098305,-36.021649295163854,-29.24252087114948,44.41151319323769,40.297055529948,39.38126936968239
224,224,05/15/2023 13:23:27.404222,453,True,True,True,True,Eyes,1.935892,0.07095863,-3.371001,-0.5191486,-0.4851636,0.7036341,0.0,0.0,0.0,0.0,0.0,0.0,0.0,0.2727112,1.947705,3.333323,2.094209,0.06961723,-3.253983,0.2518186,-0.2994784,0.1022184,0.9145772,31.45572,324.4219,2.428439,0.4792091,0.01880538,-0.877499,0.0,0.0,0.0,1.364813,-0.3522264,-2.658284,-0.1948176,0.03689536,1.048585,0.7997282,0.03614482,0.5992733,-0.3378017,0.8522776,0.3993906,-0.4963113,-0.5218394,0.6938002,moving,-36.4203,-34.5867,-10.52502,2.015169,-36.38011258582619,-29.47535935515952,44.835949198958204,40.74480566536979,39.70157349109104
225,225,05/15/2023 13:23:27.413315,454,True,True,True,True,Eyes,1.942828,0.07064748,-3.365531,-0.5230625,-0.4867063,0.6996589,0.0,0.0,0.0,0.0,0.0,0.0,0.0,0.292169,1.939415,3.335774,2.102353,0.068332,-3.248003,0.2504231,-0.303151,0.1026188,0.9137054,31.32177,323.9616,2.394758,0.4810898,0.01875031,-0.8764705,0.0,0.0,0.0,1.367539,-0.3546723,-2.658286,-0.1918405,0.03849718,1.048137,0.7951377,0.03569464,0.6053776,-0.3393587,0.8535153,0.3954079,-0.502585,-0.5198438,0.6907755,moving,-36.78166,-34.82377,-10.37204,2.10348,-36.73654512980531,-29.715429381523045,45.3992270981225,41.3222715368977,40.15391343816298
226,226,05/15/2023 13:23:27.433923,455,True,True,True,True,Eyes,1.949846,0.07029746,-3.360034,-0.5269872,-0.488216,0.6956505,0.0,0.0,0.0,0.0,0.0,0.0,0.0,0.3135389,1.933299,3.33671,2.110931,0.06713063,-3.241766,0.249151,-0.3068943,0.1038626,0.9126623,31.23376,323.5151,2.457058,0.4829776,0.01869334,-0.8754329,0.0,0.0,0.0,1.369986,-0.3568676,-2.658288,-0.1905281,0.04043534,1.047377,0.7900569,0.03665692,0.6119366,-0.3425089,0.8542727,0.3910317,-0.5084267,-0.5185311,0.6874794,moving,-37.1456,-35.06165,-10.30993,2.210879,-37.09549842517325,-29.956361843571443,45.928146080641454,41.859264916478985,40.567246375166874
227,227,05/15/2023 13:23:27.453605,456,True,True,True,True,Eyes,1.956976,0.06992438,-3.354484,-0.5308426,-0.4898579,0.6915529,0.0,0.0,0.0,0.0,0.0,0.0,0.0,0.334059,1.934345,3.333806,2.119948,0.06584744,-3.235589,0.2487841,-0.3104141,0.1055841,0.9113736,31.26654,323.0954,2.54809,0.4848734,0.01863365,-0.8743856,0.0,0.0,0.0,1.372806,-0.3593975,-2.65829,-0.1891072,0.03759027,1.04656,0.7849902,0.03800093,0.6183417,-0.3469052,0.853917,0.3879209,-0.513271,-0.51902,0.6834992,moving,-37.51019,-35.31165,-10.24249,2.057062,-37.45541173257925,-30.209008768904155,46.259573061464195,42.20950641842919,40.787573891554864
228,228,05/15/2023 13:23:27.463158,457,True,True,True,True,Eyes,1.964186,0.06950635,-3.348917,-0.5347208,-0.4913931,0.6874638,0.0,0.0,0.0,0.0,0.0,0.0,0.0,0.3499284,1.93495,3.331548,2.129095,0.06492218,-3.229309,0.2485797,-0.3135813,0.1064914,0.9102387,31.28673,322.695,2.546244,0.486779,0.0185709,-0.8733274,0.0,0.0,0.0,1.375223,-0.3615661,-2.658292,-0.1882949,0.03182095,1.045469,0.7806528,0.0379653,0.6238108,-0.349765,0.8537355,0.3857462,-0.5179244,-0.5193211,0.6797498,moving,-37.87637,-35.55685,-10.20984,1.743374,-37.81673402124003,-30.457074232196803,46.440753575831174,42.41473168433775,40.860886364096686
229,229,05/15/2023 13:23:27.483744,458,True,True,True,True,Eyes,1.971479,0.06903096,-3.343334,-0.5386565,-0.4932164,0.6830716,0.0,0.0,0.0,0.0,0.0,0.0,0.0,0.3630106,1.932077,3.331862,2.138272,0.06342249,-3.223318,0.2479493,-0.3165941,0.1066108,0.9093534,31.22845,322.2998,2.472898,0.4886952,0.0185042,-0.872258,0.0,0.0,0.0,1.377869,-0.3639402,-2.658293,-0.189242,0.03075051,1.043942,0.7768047,0.03689515,0.6286598,-0.3508922,0.8543106,0.3834424,-0.5229236,-0.5184518,0.6765787,moving,-38.2586,-35.83142,-10.2748,1.687226,-38.19440121890327,-30.73398085741684,46.80536144624156,42.785964828597685,41.098060785388284
230,230,05/15/2023 13:23:27.503205,459,True,True,True,True,Eyes,1.978851,0.06851912,-3.33775,-0.5425519,-0.4950476,0.6786496,0.0,0.0,0.0,0.0,0.0,0.0,0.0,0.3735909,1.931892,3.330969,2.147547,0.06158766,-3.217357,0.2476675,-0.3193022,0.1066663,0.9084764,31.20608,321.937,2.388563,0.4906224,0.01843246,-0.8711771,0.0,0.0,0.0,1.380391,-0.3662033,-2.658295,-0.1912463,0.0323934,1.042167,0.7733368,0.03564602,0.6329926,-0.3519692,0.8545662,0.3818826,-0.5273215,-0.5181177,0.6734137,moving,-38.64087,-36.10925,-10.39856,1.780337,-38.57219605343267,-31.01403417463557,47.25726269227482,43.23452959396054,41.41430440986531
231,231,05/15/2023 13:23:27.513472,460,True,True,True,True,Eyes,1.9863,0.06796388,-3.332182,-0.5464889,-0.4971331,0.67395,0.0,0.0,0.0,0.0,0.0,0.0,0.0,0.3833463,1.942222,3.324417,2.156859,0.06022868,-3.211738,0.2489582,-0.3218256,0.1068081,0.9072158,31.36342,321.5691,2.252039,0.4925609,0.01835519,-0.8700842,0.0,0.0,0.0,1.383175,-0.3687007,-2.658297,-0.193752,0.03048393,1.040197,0.7700407,0.03355368,0.6371119,-0.3540381,0.8532237,0.3829704,-0.530749,-0.5204647,0.6688962,moving,-39.03772,-36.414,-10.55127,1.678625,-38.96484533021862,-31.32051865669956,47.56601636665745,43.546236865216066,41.58326729423872
232,232,05/15/2023 13:23:27.533840,461,True,True,True,True,Eyes,1.993804,0.06743903,-3.326626,-0.5502887,-0.4993529,0.6692003,0.0,0.0,0.0,0.0,0.0,0.0,0.0,0.3905759,1.953014,3.318205,2.166147,0.05867974,-3.206503,0.2503802,-0.3241272,0.1064597,0.9060452,31.51518,321.2124,2.057345,0.4945107,0.01827179,-0.8689792,0.0,0.0,0.0,1.385641,-0.3709136,-2.658299,-0.1967336,0.02822489,1.037983,0.7672158,0.03060456,0.6406585,-0.3552247,0.8519521,0.3846987,-0.5340368,-0.5227246,0.6645026,moving,-39.43073,-36.73006,-10.73223,1.557606,-39.354084082062045,-31.637795274874826,47.84923478988516,43.83087036433127,41.723791831078884
233,233,05/15/2023 13:23:27.553677,462,True,True,True,True,Eyes,2.001315,0.06700329,-3.321075,-0.5541209,-0.5018627,0.6641414,0.0,0.0,0.0,0.0,0.0,0.0,0.0,0.3978924,1.975079,3.304942,2.17498,0.05893458,-3.201231,0.2533437,-0.3259498,0.1076557,0.9044247,31.9002,320.9329,1.996596,0.4964715,0.01818363,-0.8678622,0.0,0.0,0.0,1.388142,-0.3731578,-2.658301,-0.1992848,0.02717525,1.03563,0.764334,0.02957821,0.6441417,-0.3598875,0.8484545,0.3880799,-0.5350462,-0.5284413,0.6591474,moving,-39.83965,-37.07675,-10.89221,1.503114,-39.75956651584085,-31.98512438635541,48.2323562436265,44.2129662252379,41.95195934244647
234,234,05/15/2023 13:23:27.563428,463,True,True,True,True,Eyes,2.008869,0.06658641,-3.315557,-0.5579532,-0.5042619,0.6590965,0.0,0.0,0.0,0.0,0.0,0.0,0.0,0.4235203,1.987404,3.294099,2.183223,0.0606821,-3.195323,0.2547744,-0.329606,0.1106542,0.9023334,32.18992,320.4877,2.149629,0.4984423,0.01809344,-0.8667338,0.0,0.0,0.0,1.390831,-0.3755705,-2.658303,-0.2004723,0.02601263,1.033264,0.7582312,0.03174364,0.6512126,-0.3676442,0.8456914,0.3868383,-0.5384452,-0.5327274,0.6528999,moving,-40.24933,-37.4189,-10.98003,1.442129,-40.16566118736168,-32.328096872783455,48.65050356809106,44.6343950704332,42.216280361704726
235,235,05/15/2023 13:23:27.584052,464,True,True,True,True,Eyes,2.016475,0.06624562,-3.31011,-0.5616384,-0.5071673,0.6537153,0.0,0.0,0.0,0.0,0.0,0.0,0.0,0.4436644,1.984564,3.294278,2.191861,0.06071179,-3.190557,0.2540231,-0.3330109,0.1119798,0.9011308,32.16756,320.0737,2.209273,0.5004219,0.01800188,-0.8655941,0.0,0.0,0.0,1.393301,-0.3777864,-2.658304,-0.2020354,0.02493227,1.030784,0.7531286,0.03263196,0.6570636,-0.3710018,0.8458655,0.3832351,-0.5432818,-0.532397,0.649152,moving,-40.66747,-37.80513,-11.0895,1.385582,-40.58115118055027,-32.713865587124324,49.099574503124195,45.0835869813205,42.49893519010911
236,236,05/15/2023 13:23:27.603317,465,True,True,True,True,Eyes,2.024063,0.06608752,-3.304552,-0.5653383,-0.5101429,0.6481874,0.0,0.0,0.0,0.0,0.0,0.0,0.0,0.476702,2.026896,3.26589,2.20161,0.06229939,-3.186004,0.2590347,-0.3365986,0.1182248,0.8975664,32.99666,319.6528,2.586437,0.5024095,0.01791101,-0.8644441,0.0,0.0,0.0,1.395962,-0.3801738,-2.658306,-0.2042451,0.02579159,1.028448,0.7454487,0.03784774,0.6654877,-0.3866105,0.8378478,0.3854131,-0.5429904,-0.5445902,0.639205,moving,-41.09439,-38.20381,-11.23253,1.436571,-41.00548387933584,-33.11192209873959,49.629532422588476,45.60731474330314,42.85106683444706
237,237,05/15/2023 13:23:27.623417,466,True,True,True,True,Eyes,2.031621,0.06594632,-3.298936,-0.5694706,-0.5123108,0.6428381,0.0,0.0,0.0,0.0,0.0,0.0,0.0,0.5315537,2.024838,3.255638,2.208849,0.06652944,-3.177775,0.2581877,-0.3429673,0.1249942,0.894477,33.20414,318.9938,3.186402,0.5044047,0.0178255,-0.8632832,0.0,0.0,0.0,1.398583,-0.3825253,-2.658308,-0.2071455,0.0275498,1.025938,0.7334998,0.04650898,0.6780967,-0.4007087,0.8354311,0.3761481,-0.5490088,-0.5476238,0.6314251,moving,-41.53675,-38.55315,-11.41503,1.53821,-41.44342435171362,-33.46285665584043,50.146138060751994,46.11701567088455,43.18974092797154
238,238,05/15/2023 13:23:27.633616,467,True,True,True,True,Eyes,2.039302,0.06576294,-3.293386,-0.5734933,-0.5146639,0.637359,0.0,0.0,0.0,0.0,0.0,0.0,0.0,0.5479636,1.957755,3.291522,2.216393,0.06668313,-3.170227,0.2492141,-0.3475878,0.1216312,0.8957013,32.07291,318.4495,3.019953,0.506407,0.01774527,-0.8621118,0.0,0.0,0.0,1.401152,-0.3848308,-2.65831,-0.2107284,0.02517417,1.023101,0.7287772,0.04464278,0.6832941,-0.3911379,0.8461963,0.3618878,-0.5620453,-0.5309979,0.6341501,moving,-41.98077,-38.92068,-11.63847,1.409521,-41.88346851962173,-33.831394035857755,50.469597600836885,46.44009074082937,43.33661082083985
239,239,05/15/2023 13:23:27.653395,468,True,True,True,True,Eyes,2.047015,0.06560704,-3.287843,-0.5774441,-0.5175294,0.6314441,0.0,0.0,0.0,0.0,0.0,0.0,0.0,0.5611014,1.989031,3.27382,2.227071,0.06555364,-3.166201,0.2534097,-0.3502903,0.122201,0.8933909,32.57476,317.9919,2.775995,0.5084167,0.01766863,-0.8609297,0.0,0.0,0.0,1.403685,-0.3871031,-2.658312,-0.2170829,0.02855018,1.020072,0.7247273,0.04081259,0.6878261,-0.3958804,0.8417009,0.3671762,-0.5639584,-0.5383995,0.6261606,moving,-42.44234,-39.33793,-12.01397,1.603199,-42.3418652378782,-34.24845447733944,51.01040819922481,46.95872961036042,43.66658000456317
240,240,05/15/2023 13:23:27.663164,469,True,True,True,True,Eyes,2.05466,0.0654925,-3.282245,-0.5813462,-0.52018,0.6256591,0.0,0.0,0.0,0.0,0.0,0.0,0.0,0.5865846,2.042874,3.236405,2.235793,0.06618205,-3.160472,0.2605721,-0.3532685,0.1268288,0.8895044,33.58471,317.5412,2.857193,0.5104336,0.01759591,-0.8597369,0.0,0.0,0.0,1.406325,-0.3894717,-2.658314,-0.2223334,0.02604511,1.016876,0.7182316,0.04152583,0.6945639,-0.4097334,0.8320333,0.3739507,-0.5623717,-0.5531693,0.6146071,moving,-42.89744,-39.74052,-12.33327,1.467189,-42.79359616064079,-34.65116721913649,51.305397072994,47.2479325027567,43.76753349264414
241,241,05/15/2023 13:23:27.683575,470,True,True,True,True,Eyes,2.062285,0.06535728,-3.276653,-0.5855069,-0.5223052,0.619983,0.0,0.0,0.0,0.0,0.0,0.0,0.0,0.5939615,2.03141,3.240199,2.242192,0.06769469,-3.153775,0.2591759,-0.3554015,0.1268432,0.8890604,33.4361,317.2745,2.838098,0.5124559,0.01752781,-0.8585345,0.0,0.0,0.0,1.408831,-0.3917203,-2.658315,-0.2274874,0.01617196,1.013539,0.7152011,0.04131942,0.6976961,-0.4097655,0.8334774,0.3706856,-0.5661975,-0.5510066,0.6130352,moving,-43.36183,-40.11249,-12.65031,0.9141302,-43.25348922228265,-35.02462730757216,51.24822948888526,47.20327181138218,43.536187773378245
242,242,05/15/2023 13:23:27.703492,471,True,True,True,True,Eyes,2.069901,0.06517997,-3.271107,-0.5895952,-0.5244816,0.6142448,0.0,0.0,0.0,0.0,0.0,0.0,0.0,0.6065073,1.997009,3.25896,2.249145,0.06699879,-3.148583,0.2543881,-0.3586534,0.1252031,0.8893698,32.84029,316.8838,2.744466,0.5144825,0.01746333,-0.8573229,0.0,0.0,0.0,1.411445,-0.3940655,-2.658317,-0.2283528,0.02247348,1.011958,0.7113838,0.04022949,0.7016514,-0.405178,0.8392218,0.362681,-0.5742507,-0.5422992,0.6133089,moving,-43.82699,-40.49283,-12.71607,1.272211,-43.71435625300309,-35.40618740386424,52.078863207428796,48.02289724803899,44.157268573375646
243,243,05/15/2023 13:23:27.713783,472,True,True,True,True,Eyes,2.07744,0.06499152,-3.265599,-0.5936664,-0.5267802,0.6083278,0.0,0.0,0.0,0.0,0.0,0.0,0.0,0.6360502,2.005405,3.248929,2.25655,0.06583394,-3.144104,0.2549532,-0.3625427,0.1281655,0.8872066,33.04675,316.4103,2.910089,0.5165119,0.017401,-0.8561031,0.0,0.0,0.0,1.414024,-0.3963793,-2.658319,-0.2257668,0.02511293,1.01025,0.7042728,0.04255576,0.7086529,-0.4122815,0.837145,0.3594613,-0.5779481,-0.5453232,0.6071234,moving,-44.30117,-40.89086,-12.59726,1.423973,-44.18444131421662,-35.805098680022205,52.87421868080879,48.8237012273079,44.75110887418448
244,244,05/15/2023 13:23:27.733328,473,True,True,True,True,Eyes,2.084938,0.06480325,-3.260091,-0.597813,-0.5290728,0.6022471,0.0,0.0,0.0,0.0,0.0,0.0,0.0,0.6806655,2.013509,3.23413,2.263116,0.06543595,-3.138653,0.2554164,-0.3677779,0.1330145,0.8841996,33.33394,315.8037,3.248899,0.5185416,0.0173403,-0.8548764,0.0,0.0,0.0,1.416721,-0.3987996,-2.658321,-0.2224951,0.02073199,1.008572,0.694093,0.04734977,0.7183264,-0.4230958,0.8341392,0.3538385,-0.5824301,-0.5495178,0.5990037,moving,-44.7883,-41.29924,-12.44043,1.177594,-44.66735035263783,-36.21440230909428,53.391629682942394,49.363304016187804,45.07927301015295
245,245,05/15/2023 13:23:27.753672,474,True,True,True,True,Eyes,2.092392,0.06463213,-3.254565,-0.6021159,-0.5314311,0.5958502,0.0,0.0,0.0,0.0,0.0,0.0,0.0,0.7326781,2.009289,3.224563,2.269691,0.06526156,-3.133067,0.2545094,-0.3743593,0.1365742,0.8811513,33.42042,314.9973,3.443251,0.5205706,0.01728107,-0.8536436,0.0,0.0,0.0,1.419315,-0.4011264,-2.658323,-0.2184962,0.02280551,1.007443,0.6824053,0.05012906,0.7292531,-0.4312409,0.833145,0.346267,-0.5902154,-0.5507782,0.5901603,moving,-45.29967,-41.72935,-12.23691,1.296785,-45.174327765789165,-36.64543239565083,54.262274112460716,50.244256885508335,45.73277295289055
246,246,05/15/2023 13:23:27.763306,475,True,True,True,True,Eyes,2.099793,0.06450091,-3.249006,-0.6064471,-0.5338458,0.5892627,0.0,0.0,0.0,0.0,0.0,0.0,0.0,0.7795401,2.017704,3.206897,2.276232,0.06554252,-3.126894,0.2559395,-0.3807409,0.138553,0.8776872,33.69523,314.106,3.32937,0.5225983,0.01722362,-0.852405,0.0,0.0,0.0,1.42192,-0.403464,-2.658325,-0.2133671,0.02376786,1.006193,0.6716788,0.04831906,0.7392652,-0.4381056,0.8305961,0.343764,-0.5974205,-0.5547752,0.5790626,moving,-45.82338,-42.17517,-11.97244,1.353165,-45.69368455034763,-37.09200734741674,55.14165473356621,51.13857263208396,46.39151584167688
247,247,05/15/2023 13:23:27.783366,476,True,True,True,True,Eyes,2.107105,0.06441053,-3.243434,-0.6109149,-0.5360544,0.582605,0.0,0.0,0.0,0.0,0.0,0.0,0.0,0.8154464,2.028421,3.189336,2.282414,0.06640367,-3.120493,0.2579938,-0.3861019,0.1392609,0.8746262,33.9752,313.2994,3.067633,0.5246237,0.01716881,-0.8511609,0.0,0.0,0.0,1.424514,-0.405791,-2.658326,-0.2067041,0.01498491,1.004991,0.6630633,0.04437869,0.7472467,-0.4428264,0.8280912,0.3437585,-0.6035328,-0.5588342,0.568729,moving,-46.35878,-42.61714,-11.62238,0.8542451,-46.22425781072222,-37.535234156111805,55.64511485721368,51.682125203822544,46.69886379818872
248,248,05/15/2023 13:23:27.803217,477,True,True,True,True,Eyes,2.114332,0.06432184,-3.237862,-0.6154853,-0.5380761,0.5758923,0.0,0.0,0.0,0.0,0.0,0.0,0.0,0.839114,2.025723,3.182774,2.287814,0.06728959,-3.114337,0.2584108,-0.3905639,0.1376916,0.8727686,33.96043,312.5954,2.660073,0.5266455,0.01711743,-0.8499124,0.0,0.0,0.0,1.427172,-0.4081759,-2.658328,-0.200047,0.006266028,1.003818,0.6570018,0.03849385,0.7529057,-0.4421975,0.8285298,0.3435109,-0.6105818,-0.5586203,0.5613673,moving,-46.9034,-43.05571,-11.2706,0.3576468,-46.76366768698997,-37.97546955662913,56.164187739912215,52.2416085457188,47.01775224068304
249,249,05/15/2023 13:23:27.813782,478,True,True,True,True,Eyes,2.121502,0.06423819,-3.232271,-0.6201207,-0.5400189,0.5690605,0.0,0.0,0.0,0.0,0.0,0.0,0.0,0.8617293,2.020581,3.178265,2.293075,0.06722872,-3.108694,0.2584929,-0.3951035,0.135209,0.8710874,33.86119,311.8618,2.159815,0.5286626,0.01706921,-0.8486602,0.0,0.0,0.0,1.429618,-0.4103703,-2.65833,-0.1940165,0.005617291,1.002671,0.6512235,0.03129487,0.7582403,-0.4398205,0.8298,0.3434966,-0.6184381,-0.5571828,0.5541494,moving,-47.45861,-43.50003,-10.95137,0.3209863,-47.31349050275847,-38.421584960299896,57.035603284110756,53.13370526621067,47.66031101750287
250,250,05/15/2023 13:23:27.833146,479,True,True,True,True,Eyes,2.128597,0.06413674,-3.226668,-0.6247587,-0.5419273,0.5621312,0.0,0.0,0.0,0.0,0.0,0.0,0.0,0.8909193,2.026979,3.164571,2.298431,0.06727149,-3.103157,0.2600731,-0.4000024,0.1341833,0.8685362,33.99448,311.0721,1.729757,0.5306737,0.01702398,-0.847405,0.0,0.0,0.0,1.432148,-0.4126409,-2.658332,-0.1881153,0.007039756,1.001518,0.6439859,0.02502639,0.7646279,-0.4411458,0.8287137,0.3444186,-0.625038,-0.5591131,0.5447201,moving,-48.02048,-43.95163,-10.63793,0.4027302,-47.86996187671063,-38.874933367943314,58.006588533147195,54.119858213274526,48.39112080821725
251,251,05/15/2023 13:23:27.853654,480,True,True,True,True,Eyes,2.135669,0.06405761,-3.221014,-0.6292582,-0.5439132,0.555151,0.0,0.0,0.0,0.0,0.0,0.0,0.0,0.9190688,2.031193,3.151829,2.303756,0.06675878,-3.097209,0.2610849,-0.4045622,0.1340314,0.8661408,34.10565,310.3711,1.448449,0.5326782,0.01698098,-0.8461473,0.0,0.0,0.0,1.434691,-0.4149227,-2.658334,-0.1811042,0.009754419,1.000808,0.6367301,0.02092995,0.7708027,-0.4434302,0.8277406,0.3438245,-0.6308284,-0.5607206,0.5363282,moving,-48.58027,-44.41418,-10.25713,0.558418,-48.42471742324615,-39.33878175071473,59.08635739601151,55.21368741226734,49.22564137943611
252,252,05/15/2023 13:23:27.873410,481,True,True,True,True,Eyes,2.142645,0.06399562,-3.215337,-0.6336679,-0.545875,0.5481655,0.0,0.0,0.0,0.0,0.0,0.0,0.0,0.9433527,2.043965,3.134714,2.309367,0.06725508,-3.091349,0.2630139,-0.4080141,0.1359936,0.8636284,34.42085,309.8601,1.407981,0.534677,0.01694058,-0.8448865,0.0,0.0,0.0,1.437348,-0.4173061,-2.658336,-0.1751343,0.01475954,0.9999282,0.6300605,0.0202692,0.7762815,-0.4495226,0.8246589,0.3433178,-0.6332087,-0.565267,0.5286965,moving,-49.13799,-44.88004,-9.934409,0.8456587,-48.97755848969444,-39.8057589055466,60.230891449709944,56.36404239774833,50.11395986592047
253,253,05/15/2023 13:23:27.883443,482,True,True,True,True,Eyes,2.149556,0.06392682,-3.209645,-0.6378806,-0.5477198,0.5413975,0.0,0.0,0.0,0.0,0.0,0.0,0.0,0.9633126,2.046382,3.124136,2.314817,0.06752995,-3.084305,0.263572,-0.4113143,0.1370576,0.8617225,34.54124,309.3875,1.348806,0.536669,0.01690298,-0.8436233,0.0,0.0,0.0,1.439922,-0.4196158,-2.658337,-0.1709813,0.0246101,0.9994274,0.6240714,0.01938938,0.7811267,-0.4530332,0.82349,0.3415042,-0.6366285,-0.5669994,0.5227007,moving,-49.67726,-45.3326,-9.708132,1.410578,-49.51216852679055,-40.25932491337871,61.501673819661754,57.62588075367252,51.117085900470514
254,254,05/15/2023 13:23:27.903836,483,True,True,True,True,Eyes,2.156421,0.06384195,-3.203899,-0.6419471,-0.5495858,0.5346581,0.0,0.0,0.0,0.0,0.0,0.0,0.0,0.9777802,2.046318,3.117741,2.319952,0.06729747,-3.078485,0.2635816,-0.4138126,0.1380381,0.8603659,34.59674,309.0476,1.349037,0.5386535,0.01686774,-0.8423584,0.0,0.0,0.0,1.44251,-0.4219379,-2.658339,-0.1652015,0.02475727,0.998564,0.6194092,0.01937982,0.7848291,-0.4556734,0.8229404,0.3393094,-0.6392919,-0.5677971,0.5185677,moving,-50.21012,-45.78879,-9.393871,1.420236,-50.040669632241695,-40.71619235938242,62.40719764817739,58.54605737310902,51.78318932618306
255,255,05/15/2023 13:23:27.933043,484,True,True,True,True,Eyes,2.163201,0.06375592,-3.198093,-0.6457321,-0.5513018,0.5282956,0.0,0.0,0.0,0.0,0.0,0.0,0.0,1.000487,2.047876,3.107119,2.325011,0.06693017,-3.072263,0.2636137,-0.4168487,0.1407834,0.8584434,34.74783,308.6775,1.529742,0.5406308,0.01683423,-0.8410914,0.0,0.0,0.0,1.44526,-0.4244055,-2.658341,-0.1608394,0.02076238,0.9973619,0.6128344,0.02193515,0.7899069,-0.4614832,0.8213757,0.3352242,-0.6414571,-0.5699656,0.51349,moving,-50.71223,-46.22079,-9.160926,1.192571,-50.538730513899495,-41.148755663965176,63.04393440622768,59.20228585160449,52.20027381493505
256,256,05/15/2023 13:23:27.953646,485,True,True,True,True,Eyes,2.16991,0.06365416,-3.19223,-0.6492419,-0.5530261,0.5221563,0.0,0.0,0.0,0.0,0.0,0.0,0.0,1.013734,2.034523,3.108342,2.329056,0.06679402,-3.065904,0.2614599,-0.4188208,0.1430299,0.8577707,34.63544,308.5232,1.836218,0.5426006,0.01680228,-0.8398226,0.0,0.0,0.0,1.447701,-0.4265951,-2.658343,-0.1552922,0.02595979,0.9971492,0.6082632,0.02636407,0.7932975,-0.4643834,0.8223624,0.3287373,-0.6437111,-0.568353,0.5124558,moving,-51.19183,-46.64458,-8.85192,1.491302,-51.014767161940256,-41.572691641169584,64.10718457962433,60.267845731599095,53.0284602656917
257,257,05/15/2023 13:23:27.963123,486,True,True,True,True,Eyes,2.176511,0.0635234,-3.186345,-0.6527429,-0.5546616,0.5160206,0.0,0.0,0.0,0.0,0.0,0.0,0.0,1.034163,2.028294,3.102739,2.333266,0.06632046,-3.059728,0.2607047,-0.4220796,0.1439011,0.856256,34.60637,308.091,1.835017,0.5445629,0.01677135,-0.8385521,0.0,0.0,0.0,1.45033,-0.4289541,-2.658345,-0.150419,0.02525884,0.9961466,0.6022826,0.02635614,0.7978477,-0.4665086,0.8226511,0.3249844,-0.647785,-0.5679352,0.5077639,moving,-51.67215,-47.06691,-8.586842,1.452512,-51.49146129818559,-41.99524150230042,64.88819674385279,61.06155616686245,53.5868887175612
258,258,05/15/2023 13:23:27.988297,487,True,True,True,True,Eyes,2.183013,0.06336331,-3.180415,-0.6560485,-0.5563604,0.5099643,0.0,0.0,0.0,0.0,0.0,0.0,0.0,1.055604,2.022852,3.095737,2.337319,0.06549484,-3.053271,0.2601243,-0.4255604,0.1445015,0.854607,34.58277,307.6115,1.780924,0.5465168,0.01674062,-0.8372806,0.0,0.0,0.0,1.452868,-0.4312312,-2.658347,-0.1447434,0.02225024,0.995665,0.5960354,0.02558674,0.8025504,-0.468381,0.8229094,0.3216199,-0.6521971,-0.5675962,0.5024675,moving,-52.14111,-47.49139,-8.271349,1.280182,-51.957212197277215,-42.41950959530888,65.59894942412039,61.79091914526219,54.084430729189776
259,259,05/15/2023 13:23:28.004224,488,True,True,True,True,Eyes,2.189395,0.06318511,-3.17444,-0.6593183,-0.5580563,0.5038576,0.0,0.0,0.0,0.0,0.0,0.0,0.0,1.080903,2.02255,3.083527,2.341331,0.0646634,-3.046504,0.260271,-0.4293312,0.1458077,0.8524517,34.67609,307.0826,1.749218,0.5484616,0.01670933,-0.8360085,0.0,0.0,0.0,1.455423,-0.4335237,-2.658348,-0.1380577,0.0233497,0.9954222,0.5888296,0.02510314,0.8078673,-0.4720729,0.8219984,0.3185373,-0.6560692,-0.5689364,0.4958675,moving,-52.61258,-47.92176,-7.896129,1.343745,-52.42555458258579,-42.84953940867394,66.53308179349898,62.736880138726924,54.79286000119721
260,260,05/15/2023 13:23:28.013264,489,True,True,True,True,Eyes,2.195671,0.06299217,-3.168397,-0.6625125,-0.5597438,0.497759,0.0,0.0,0.0,0.0,0.0,0.0,0.0,1.105442,2.022996,3.070209,2.344908,0.0640671,-3.039407,0.2605948,-0.4329894,0.1471772,0.8502645,34.79216,306.5639,1.717226,0.5503969,0.01667709,-0.8347363,0.0,0.0,0.0,1.457976,-0.4358144,-2.65835,-0.1326138,0.02434379,0.9948284,0.581718,0.02460951,0.8130183,-0.4759487,0.8208585,0.3156966,-0.6596038,-0.5706013,0.489221,moving,-53.08173,-48.35451,-7.592947,1.401767,-52.891715008830055,-43.28179283677495,67.41599572595378,63.62860129536443,55.44539606304465
261,261,05/15/2023 13:23:28.033369,490,True,True,True,True,Eyes,2.201814,0.06277283,-3.162307,-0.6657665,-0.561292,0.4916363,0.0,0.0,0.0,0.0,0.0,0.0,0.0,1.130225,2.016865,3.060715,2.348278,0.06353652,-3.032274,0.2601305,-0.4369652,0.1476267,0.8482924,34.77456,305.9982,1.613281,0.5523216,0.01664368,-0.8334647,0.0,0.0,0.0,1.460592,-0.4381618,-2.658352,-0.1301062,0.02359858,0.9941847,0.5745355,0.02312526,0.8181529,-0.4777971,0.821077,0.3123179,-0.6645441,-0.5703488,0.4827871,moving,-53.55593,-48.78484,-7.455772,1.359753,-53.36270023774668,-43.71186965987628,68.11537840136111,64.33426170727303,55.90931826538773
262,262,05/15/2023 13:23:28.053358,491,True,True,True,True,Eyes,2.207873,0.06249638,-3.15611,-0.6689249,-0.5628485,0.4855317,0.0,0.0,0.0,0.0,0.0,0.0,0.0,1.151111,2.008828,3.053364,2.351317,0.06269172,-3.025038,0.2595265,-0.4408035,0.1468779,0.8466199,34.67559,305.4243,1.386516,0.5542357,0.01660854,-0.8321938,0.0,0.0,0.0,1.463134,-0.4404421,-2.658354,-0.1293211,0.02295607,0.9938315,0.5682384,0.01989926,0.8226233,-0.4774999,0.8221458,0.3099519,-0.6701486,-0.5689291,0.4766767,moving,-54.02639,-49.21786,-7.413885,1.323215,-53.830136727813205,-44.14442467709894,68.75409721995229,64.97518512683303,56.306492102947935
263,263,05/15/2023 13:23:28.063602,492,True,True,True,True,Eyes,2.21381,0.06216326,-3.149879,-0.6720415,-0.5644416,0.479339,0.0,0.0,0.0,0.0,0.0,0.0,0.0,1.17249,2.006168,3.042022,2.354361,0.06109713,-3.017714,0.2596237,-0.4446506,0.146307,0.8446748,34.66006,304.8278,1.134092,0.5561395,0.01657042,-0.8309235,0.0,0.0,0.0,1.465764,-0.4428017,-2.658356,-0.1292877,0.02009106,0.9932664,0.5617603,0.01628,0.8271398,-0.4780473,0.8223796,0.3084842,-0.6752007,-0.5687062,0.4697628,moving,-54.50133,-49.66119,-7.416163,1.158779,-54.30219312841916,-44.58706786081115,69.27973874502452,65.50559003791825,56.58901084123145
264,264,05/15/2023 13:23:28.084395,493,True,True,True,True,Eyes,2.219635,0.06179506,-3.143571,-0.6749366,-0.566212,0.4731432,0.0,0.0,0.0,0.0,0.0,0.0,0.0,1.194103,2.014131,3.023625,2.357447,0.05944917,-3.010618,0.2611123,-0.4481448,0.1468929,0.8422644,34.85557,304.2617,0.9365802,0.5580323,0.01652817,-0.8296543,0.0,0.0,0.0,1.468432,-0.4451955,-2.658358,-0.1309317,0.01454571,0.9925327,0.5551776,0.0134132,0.8316238,-0.4814776,0.8204857,0.3081925,-0.6782016,-0.5715098,0.4619733,moving,-54.96882,-50.11689,-7.514883,0.8396178,-54.76737171791914,-45.04141273227664,69.6307534353279,65.8624828923172,56.697075650768326
265,265,05/15/2023 13:23:28.103376,494,True,True,True,True,Eyes,2.225319,0.06140019,-3.137227,-0.6778016,-0.5679748,0.4668935,0.0,0.0,0.0,0.0,0.0,0.0,0.0,1.217833,2.02481,3.001662,2.360049,0.05830716,-3.003284,0.26295,-0.4515169,0.1487497,0.8395615,35.15928,303.7307,0.8631806,0.5599138,0.01648134,-0.8283867,0.0,0.0,0.0,1.471079,-0.447571,-2.65836,-0.1333231,0.01106387,0.9920942,0.5480121,0.01231627,0.8363798,-0.4872218,0.8174617,0.3071994,-0.6799248,-0.5758514,0.4539796,moving,-55.43957,-50.5787,-7.65387,0.6389383,-55.23587414847977,-45.50175511050242,70.04798068124181,66.27979109191526,56.85922248441202
266,266,05/15/2023 13:23:28.113853,495,True,True,True,True,Eyes,2.230871,0.0609663,-3.130829,-0.6807017,-0.5696442,0.4605982,0.0,0.0,0.0,0.0,0.0,0.0,0.0,1.242732,2.024593,2.986219,2.362425,0.05729145,-2.996086,0.263272,-0.4551912,0.150089,0.8372349,35.27345,303.1953,0.8170189,0.5617836,0.01642971,-0.8271208,0.0,0.0,0.0,1.473492,-0.4497358,-2.658361,-0.1358662,0.009257138,0.9917818,0.5405486,0.0116413,0.8412323,-0.4909976,0.8163223,0.3042026,-0.6831755,-0.5774793,0.4469778,moving,-55.91568,-51.04197,-7.80051,0.5347744,-55.70960741355727,-45.96367425414624,70.53531134851417,66.76366783081943,57.0823597603946
267,267,05/15/2023 13:23:28.133575,496,True,True,True,True,Eyes,2.23629,0.06049278,-3.124385,-0.6835542,-0.5713164,0.454259,0.0,0.0,0.0,0.0,0.0,0.0,0.0,1.267172,2.021441,2.972378,2.364731,0.05593911,-2.988628,0.2631308,-0.4588497,0.1514051,0.8350425,35.33774,302.6778,0.7996224,0.5636405,0.0163728,-0.8258576,0.0,0.0,0.0,1.476066,-0.4520451,-2.658363,-0.1383097,0.005814731,0.9916285,0.5330669,0.01138438,0.8459966,-0.4943343,0.8156773,0.3005064,-0.6866391,-0.5783951,0.4404383,moving,-56.3938,-51.51146,-7.940239,0.3359683,-56.18545692665305,-46.43165784295207,70.96409933835814,67.19235006931353,57.248053970949904
268,268,05/15/2023 13:23:28.153378,497,True,True,True,True,Eyes,2.241565,0.05998144,-3.117918,-0.6865425,-0.57271,0.4479538,0.0,0.0,0.0,0.0,0.0,0.0,0.0,1.294729,2.018454,2.956695,2.367045,0.05451703,-2.981049,0.2629381,-0.4626593,0.1535874,0.8325988,35.44782,302.1597,0.8758037,0.565485,0.0163101,-0.824597,0.0,0.0,0.0,1.478672,-0.4543828,-2.658365,-0.1398908,0.001218885,0.9916717,0.5247145,0.01245184,0.8511872,-0.4990548,0.8145489,0.2957266,-0.6896512,-0.5799611,0.4336199,moving,-56.87644,-51.96872,-8.029486,0.07042345,-56.66535043934985,-46.88798294872817,71.3729456172841,67.60576337318388,57.400537597485034
269,269,05/15/2023 13:23:28.163143,498,True,True,True,True,Eyes,2.246712,0.05944051,-3.111419,-0.6894703,-0.5740671,0.4416761,0.0,0.0,0.0,0.0,0.0,0.0,0.0,1.31949,2.010759,2.945247,2.369245,0.05306564,-2.973642,0.2620078,-0.4661537,0.1556048,0.830566,35.47173,301.7133,0.999653,0.5673156,0.01624124,-0.8233401,0.0,0.0,0.0,1.481295,-0.4567367,-2.658367,-0.1404326,-0.003020257,0.9919499,0.5169759,0.01420834,0.855882,-0.502752,0.8142781,0.2901581,-0.6928033,-0.5803011,0.4281054,moving,-57.3563,-52.42601,-8.057942,-0.1744518,-57.14255241203904,-47.34424982834602,71.83699211286725,68.07561109043831,57.609303663509436
270,270,05/15/2023 13:23:28.183788,499,True,True,True,True,Eyes,2.25168,0.05887588,-3.104939,-0.6924574,-0.5752103,0.4354719,1.003675,1.556678,-0.5184482,-2.667867,-0.3391264,0.6991632,-0.6294158,-0.1676452,0.03329973,1.024108,2.371374,0.05178899,-2.966381,0.2606474,-0.4695623,0.1581408,0.8285927,35.48254,301.3089,1.216536,0.5691313,0.01616611,-0.8220875,0.0,0.0,0.0,1.484144,-0.4592927,-2.658369,-0.1418584,-0.007608831,0.9915794,0.5090055,0.01728819,0.8605897,-0.506849,0.8141088,0.2834271,-0.6957138,-0.580455,0.4231484,moving,-57.83508,-52.87189,-8.141667,-0.4396475,-57.61839729001276,-47.789473810576375,72.23970756562747,68.48323073448286,57.75753148642479
271,271,05/15/2023 13:23:28.203365,500,True,True,True,True,Eyes,2.256516,0.05828769,-3.098402,-0.6954535,-0.5762626,0.429262,1.000513,1.560706,-0.5182706,-2.668919,-0.07067478,0.711019,-0.699612,-0.1667201,0.03159094,1.019283,2.373193,0.05059512,-2.958724,0.2588786,-0.4735804,0.1606479,0.8263751,35.45203,300.8242,1.42876,0.5709304,0.01608471,-0.8208406,0.0,0.0,0.0,1.486643,-0.4615348,-2.65837,-0.1443425,-0.01118225,0.9915133,0.4998277,0.02031126,0.8658867,-0.5107105,0.8143482,0.2757022,-0.6995334,-0.5800211,0.417407,moving,-58.31544,-53.31732,-8.282816,-0.6461523,-58.095760085932106,-48.23431315036159,72.64650969734815,68.89094607877065,57.90198591842441
272,272,05/15/2023 13:23:28.213335,501,True,True,True,True,Eyes,2.261216,0.05768454,-3.091823,-0.6985275,-0.5770901,0.4231151,0.9987541,1.563559,-0.5186866,-2.669235,0.1195036,0.683096,-0.7204851,-0.1657046,0.02864948,1.015913,2.374931,0.04941536,-2.950825,0.2568173,-0.4777097,0.1624017,0.8242961,35.34853,300.313,1.571313,0.5727134,0.01599708,-0.8195992,0.0,0.0,0.0,1.489058,-0.4637018,-2.658372,-0.1462995,-0.01223335,0.9918852,0.4908382,0.02236603,0.8709638,-0.5131025,0.8153411,0.2682253,-0.7041335,-0.5785488,0.4116766,moving,-58.79569,-53.75161,-8.390423,-0.7066177,-58.57271256975343,-48.66840052056893,73.17419045980863,69.41609898136026,58.16222832115081
273,273,05/15/2023 13:23:28.233322,502,True,True,True,True,Eyes,2.265785,0.05708209,-3.08518,-0.7015847,-0.5778267,0.4170072,0.9975722,1.565904,-0.5193418,-2.669185,0.2758722,0.6396805,-0.7174283,-0.1655496,0.02628577,1.013227,2.376814,0.04840554,-2.942707,0.2546608,-0.4816549,0.1646207,0.8222266,35.26496,299.8435,1.782259,0.5744798,0.01590348,-0.8183641,0.0,0.0,0.0,1.491694,-0.4660668,-2.658374,-0.1476851,-0.01574123,0.9920131,0.4818172,0.02539393,0.8759037,-0.5160283,0.8160958,0.260197,-0.7082139,-0.5773584,0.406313,moving,-59.27364,-54.18269,-8.467665,-0.9090912,-59.04735002863543,-49.09931857531933,73.61605412411063,69.8613094071457,58.34689508419806
274,274,05/15/2023 13:23:28.253601,503,True,True,True,True,Eyes,2.270202,0.05648253,-3.078475,-0.7047614,-0.5783251,0.4109155,0.9967753,1.567714,-0.5199777,-2.668885,0.3964419,0.5971895,-0.6972794,-0.1661655,0.02298075,1.010861,2.378318,0.04777884,-2.934503,0.251896,-0.4854334,0.1669682,0.8203807,35.12801,299.425,2.05988,0.5762298,0.01580454,-0.8171347,0.0,0.0,0.0,1.494359,-0.4684583,-2.658376,-0.149762,-0.01823351,0.9922701,0.4729521,0.02939738,0.8805976,-0.5185124,0.8173401,0.2511974,-0.7123631,-0.5754051,0.4018056,moving,-59.75541,-54.60519,-8.582796,-1.052723,-59.525453088152,-49.522077929704,74.07093320175657,70.31666003517704,58.53933288325083
275,275,05/15/2023 13:23:28.263431,504,True,True,True,True,Eyes,2.274475,0.05586789,-3.071698,-0.7080825,-0.5785704,0.4048154,0.9961824,1.569095,-0.5204938,-2.668428,0.4885317,0.5627669,-0.6668059,-0.1660433,0.01751876,1.008587,2.379347,0.04717477,-2.926053,0.248079,-0.4898238,0.1688824,0.8185405,34.85981,298.9399,2.335917,0.5779634,0.0157009,-0.8159114,0.0,0.0,0.0,1.49681,-0.4706567,-2.658378,-0.1526314,-0.01804802,0.9928184,0.4631029,0.03344418,0.8856733,-0.5195041,0.8198711,0.2406801,-0.7180887,-0.5715705,0.3970591,moving,-60.24311,-55.02021,-8.739965,-1.041441,-60.00909522494549,-49.93780609058932,74.60751602651295,70.84757041066844,58.80047436240666
276,276,05/15/2023 13:23:28.283282,505,True,True,True,True,Eyes,2.278583,0.05522,-3.064921,-0.7115394,-0.5786015,0.3986627,0.9957158,1.570092,-0.5209026,-2.667967,0.5551466,0.5357009,-0.6362678,-0.1643745,0.009261996,1.006535,2.380278,0.04613861,-2.917526,0.2436723,-0.49495,0.1689288,0.8167689,34.42109,298.3173,2.413696,0.5796805,0.01559268,-0.8146945,0.0,0.0,0.0,1.499528,-0.4730958,-2.65838,-0.1557477,-0.01889068,0.9935613,0.4529751,0.03474047,0.8908461,-0.5171628,0.8241737,0.2308253,-0.726193,-0.5652705,0.3912967,moving,-60.73887,-55.43273,-8.909017,-1.089239,-60.50047509000453,-50.351374841787326,75.09692853951279,71.33327817749161,59.014331573103824
277,277,05/15/2023 13:23:28.303399,506,True,True,True,True,Eyes,2.282575,0.05453927,-3.058061,-0.714977,-0.5786036,0.3924614,0.9952428,1.570999,-0.5213119,-2.667467,0.6153172,0.5081646,-0.6026223,-0.1621038,0.004001826,1.00465,2.381536,0.04466265,-2.908957,0.2411862,-0.4998361,0.1683814,0.8146417,34.14484,297.6432,2.301382,0.5813802,0.01547944,-0.8134846,0.0,0.0,0.0,1.502119,-0.4754202,-2.658381,-0.1588947,-0.02049714,0.9942476,0.4436233,0.0332339,0.895597,-0.515448,0.8269538,0.2246344,-0.7331519,-0.5612867,0.3839863,moving,-61.23697,-55.85132,-9.079888,-1.181027,-60.994286709151154,-50.77087365716162,75.55926243327534,71.79315903910009,59.19966831138145
278,278,05/15/2023 13:23:28.322920,507,True,True,True,True,Eyes,2.286446,0.05387704,-3.05114,-0.7183537,-0.5787002,0.386101,0.9948463,1.571795,-0.5218408,-2.667028,0.668624,0.4731202,-0.5736717,-0.1618909,0.002724543,1.00253,2.382794,0.04319033,-2.900053,0.2402247,-0.5037203,0.1690152,0.8123989,34.09657,297.0908,2.256406,0.5830632,0.01536088,-0.8122814,0.0,0.0,0.0,1.504641,-0.4776837,-2.658383,-0.1625794,-0.02109814,0.9948439,0.4353994,0.03260333,0.8996469,-0.5166276,0.8274519,0.2200437,-0.7372404,-0.5605893,0.3771159,moving,-61.74284,-56.28931,-9.281347,-1.214917,-61.49615239662015,-51.20933436392091,76.06179732367293,72.2898863615432,59.409090067455175
279,279,05/15/2023 13:23:28.333809,508,True,True,True,True,Eyes,2.290197,0.05323299,-3.044135,-0.721603,-0.5788053,0.3798334,0.9944214,1.57262,-0.5223433,-2.66642,0.7232234,0.4393658,-0.5328279,-0.1627708,0.003583819,1.000962,2.383951,0.04296359,-2.891369,0.240034,-0.5069078,0.1710003,0.8100538,34.21111,296.6443,2.334722,0.5847299,0.01523801,-0.8110848,0.0,0.0,0.0,1.507257,-0.4800302,-2.658385,-0.1658004,-0.01906011,0.9960967,0.4276068,0.03368867,0.903337,-0.5203891,0.8262851,0.2155182,-0.7391534,-0.5622437,0.3708563,moving,-62.23883,-56.72564,-9.450251,-1.096209,-61.98840429263752,-51.64588360088614,76.6894234312855,72.90766183094992,59.735365781603214
280,280,05/15/2023 13:23:28.353352,509,True,True,True,True,Eyes,2.293808,0.05263865,-3.03711,-0.7246226,-0.5790303,0.3736924,0.9940689,1.573483,-0.5229574,-2.665634,0.7810786,0.398609,-0.4806527,-0.1664888,0.002622008,0.9987858,2.384846,0.04274993,-2.882346,0.2390539,-0.509059,0.172814,0.8086086,34.23212,296.3857,2.502051,0.5863812,0.01511175,-0.8098941,0.0,0.0,0.0,1.509879,-0.4823831,-2.658387,-0.1689022,-0.01697773,0.9975225,0.4219888,0.03609258,0.9058825,-0.5228627,0.8259771,0.2106571,-0.740635,-0.562547,0.3674245,moving,-62.71956,-57.16277,-9.610271,-0.975074,-62.465899088839215,-52.0827262196409,77.31528800873691,73.52353049241756,60.06170988956812
281,281,05/15/2023 13:23:28.373621,510,True,True,True,True,Eyes,2.297277,0.05212052,-3.029988,-0.7274833,-0.5792342,0.3677714,0.9937484,1.574342,-0.5234926,-2.664515,0.8385698,0.3630493,-0.4061968,-0.1719125,0.002742186,0.9969538,2.385859,0.04334317,-2.873355,0.2380169,-0.5104949,0.1757737,0.8073702,34.31891,296.265,2.832675,0.5880165,0.01498376,-0.80871,0.0,0.0,0.0,1.512425,-0.4846675,-2.658389,-0.1728244,-0.01211005,0.9995725,0.4169969,0.04081597,0.9079911,-0.5268417,0.8249032,0.2048723,-0.7406427,-0.5637986,0.3654857,moving,-63.18161,-57.58744,-9.809367,-0.6941179,-62.92496301284601,-52.50696096021852,78.0092713876075,74.20132913757473,60.44781018909463
282,282,05/15/2023 13:23:28.383524,511,True,True,True,True,Eyes,2.300588,0.05164279,-3.022801,-0.7303397,-0.5792684,0.3620112,0.9934367,1.575041,-0.5238237,-2.663166,0.8852903,0.3409937,-0.3162029,-0.1788872,4.044175e-05,0.9944715,2.38593,0.04463536,-2.863883,0.2355781,-0.5116334,0.1788684,0.8066849,34.27077,296.2475,3.296633,0.5896364,0.01485623,-0.807532,0.0,0.0,0.0,1.515054,-0.4870264,-2.658391,-0.1743557,-0.009838223,1.002114,0.4124748,0.04752164,0.9097287,-0.52964,0.8250182,0.1970445,-0.7411788,-0.5631046,0.3654685,moving,-63.63353,-57.99686,-9.869967,-0.5624812,-63.37380043715257,-52.91616396888621,78.67165038688879,74.85698559209914,60.8286778068213
283,283,05/15/2023 13:23:28.403780,512,True,True,True,True,Eyes,2.303806,0.05117847,-3.015576,-0.7330958,-0.5792303,0.3564585,0.9932685,1.575644,-0.5241528,-2.661517,0.9250865,0.3188999,-0.2061981,-0.1871493,-0.008493662,0.9912263,2.385834,0.0450564,-2.854443,0.2310305,-0.5124037,0.1795959,0.8073493,33.85519,296.3144,3.675157,0.5912403,0.01473024,-0.8063607,0.0,0.0,0.0,1.517784,-0.4894757,-2.658393,-0.1759544,-0.01135686,1.004588,0.4103755,0.05323143,0.9103618,-0.526755,0.8287405,0.1889934,-0.7443933,-0.5570958,0.3681347,moving,-64.06925,-58.39185,-9.934634,-0.647701,-63.80655508460048,-53.31093609359016,79.15139539642783,75.33657950735598,61.05233790386624
284,284,05/15/2023 13:23:28.413189,513,True,True,True,True,Eyes,2.30692,0.05073759,-3.008376,-0.7357886,-0.5793537,0.3506629,0.9932849,1.576072,-0.5247258,-2.660068,0.9535236,0.280697,-0.1095535,-0.1929508,-0.01112252,0.9895225,2.386843,0.04489435,-2.846323,0.2288979,-0.5134121,0.1809132,0.8070218,33.72568,296.2633,3.927293,0.592829,0.01460597,-0.8051956,0.0,0.0,0.0,1.520187,-0.4916312,-2.658394,-0.1778129,0.002683371,1.008922,0.4073569,0.05696394,0.9114907,-0.5270398,0.8297523,0.1836852,-0.7458481,-0.5552173,0.3680276,moving,-64.51842,-58.81492,-9.995194,0.1523859,-64.25310143091791,-53.7332231854654,80.31142719782316,76.46946701327039,61.86640065634921
285,285,05/15/2023 13:23:28.433976,514,True,True,True,True,Eyes,2.309932,0.05033936,-3.001139,-0.7382981,-0.5797077,0.3447534,0.9935491,1.576396,-0.5256288,-2.658609,0.9752991,0.2205427,-0.01234928,-0.1943889,-0.004742101,0.9894417,2.388061,0.04506218,-2.838379,0.2304001,-0.5155636,0.1847198,0.804356,34.13308,295.951,4.128322,0.5944024,0.01448384,-0.804037,0.0,0.0,0.0,1.522887,-0.4940543,-2.658396,-0.1770363,0.001904935,1.011536,0.4001456,0.0595892,0.9145122,-0.5347327,0.8255888,0.1801778,-0.7442743,-0.5611169,0.3622201,moving,-64.96945,-59.25996,-9.927203,0.1078998,-64.70204824552617,-54.176766535606994,80.95796274636278,77.11749912205093,62.238268494046274
286,286,05/15/2023 13:23:28.453592,515,True,True,True,True,Eyes,2.312846,0.04999227,-2.993821,-0.7410144,-0.580004,0.3383682,0.9936792,1.576516,-0.5263457,-2.657592,0.9833966,0.172776,0.0554924,-0.1936831,0.000611186,0.9895017,2.388569,0.04586121,-2.830148,0.2322381,-0.5187031,0.1879113,0.8010631,34.54234,295.4545,4.186432,0.5959606,0.01436479,-0.8028849,0.0,0.0,0.0,1.525341,-0.4962553,-2.658398,-0.1790248,-0.02083489,1.011898,0.391273,0.06013234,0.918308,-0.5419828,0.8215096,0.1771344,-0.7437474,-0.5670151,0.3540252,moving,-65.45721,-59.74117,-10.03294,-1.179548,-65.18755344538714,-54.65636054205047,80.63072166552762,76.82317921023373,61.708908712901305
287,287,05/15/2023 13:23:28.473014,516,True,True,True,True,Eyes,2.315653,0.04968202,-2.986469,-0.7437999,-0.5801506,0.3319444,0.9937401,1.576509,-0.5268369,-2.656603,0.982683,0.1399894,0.1213962,-0.1927875,-0.0007316023,0.9892904,2.388695,0.04667753,-2.821825,0.2312583,-0.5225892,0.189413,0.7984628,34.56026,294.908,4.231977,0.5975043,0.0142499,-0.8017387,0.0,0.0,0.0,1.52822,-0.498839,-2.6584,-0.1802316,-0.0119358,1.015957,0.3820466,0.06077225,0.9221427,-0.5441847,0.8212846,0.171332,-0.7469294,-0.5672727,0.3468403,moving,-65.94965,-60.22313,-10.05966,-0.6730992,-65.67761155615607,-55.13682494196709,81.66943828924654,77.8437791798364,62.390474335115485
288,288,05/15/2023 13:23:28.483645,517,True,True,True,True,Eyes,2.318366,0.04940204,-2.979066,-0.7467605,-0.5802084,0.3251262,0.9935052,1.576455,-0.527038,-2.656051,0.9792625,0.1266059,0.158164,-0.1917956,-0.00627923,0.9888871,2.389018,0.04709446,-2.813645,0.228007,-0.5272517,0.1898994,0.796214,34.2867,294.3024,4.301203,0.5990341,0.01413973,-0.8005984,0.0,0.0,0.0,1.530527,-0.5009085,-2.658402,-0.1813731,0.004882634,1.018895,0.3718877,0.06196693,0.9262072,-0.5428353,0.8239021,0.1628353,-0.7530136,-0.5633343,0.3400369,moving,-66.47255,-60.73543,-10.09347,0.2745642,-66.19799673938279,-55.64751826775262,83.07117462712583,79.2148800932012,63.37013583725063
289,289,05/15/2023 13:23:28.503165,518,True,True,True,True,Eyes,2.321003,0.04913154,-2.971626,-0.749728,-0.580242,0.3181621,0.9931673,1.576398,-0.527146,-2.655638,0.9753202,0.1193931,0.1857306,-0.1892432,-0.01021172,0.9887601,2.38938,0.04749355,-2.805347,0.2258489,-0.5323751,0.1902346,0.7933348,34.11805,293.577,4.250942,0.600551,0.01403457,-0.799463,0.0,0.0,0.0,1.533065,-0.5031856,-2.658404,-0.1851382,-0.001612931,1.019745,0.3607751,0.06136679,0.9306318,-0.5423121,0.8256061,0.1557952,-0.7587746,-0.5608999,0.3311381,moving,-67.00509,-61.26287,-10.29016,-0.09062471,-66.72813087036276,-56.17312182621422,83.4183845367724,79.56438297852935,63.39266652034715
290,290,05/15/2023 13:23:28.518955,519,True,True,True,True,Eyes,2.323604,0.04888462,-2.964098,-0.7527111,-0.5803728,0.3107947,0.9926934,1.576393,-0.5272477,-2.655574,0.9752996,0.1126474,0.190003,-0.1865761,-0.01157203,0.988789,2.390266,0.04744691,-2.796941,0.2247135,-0.5375137,0.190842,0.7900394,34.0714,292.8128,4.151872,0.6020551,0.01393423,-0.7983326,0.0,0.0,0.0,1.535653,-0.5055076,-2.658405,-0.1866642,-0.01359019,1.020824,0.3493168,0.05997221,0.9350834,-0.5431185,0.8261664,0.1499047,-0.7635443,-0.5602254,0.3211658,moving,-67.56425,-61.83056,-10.36242,-0.7627315,-67.28514337184535,-56.7383956451783,83.6739447680956,79.83402415362406,63.340932397931155
291,291,05/15/2023 13:23:28.533515,520,True,True,True,True,Eyes,2.326144,0.04868693,-2.956529,-0.7555416,-0.5806524,0.3033145,0.9923003,1.576419,-0.5274947,-2.65555,0.9767529,0.09614805,0.1915968,-0.1849218,-0.009565845,0.9892974,2.391573,0.04774494,-2.788295,0.2251926,-0.5419618,0.1922243,0.7865213,34.23537,292.1071,4.042751,0.6035484,0.01383888,-0.7972059,0.0,0.0,0.0,1.53823,-0.5078199,-2.658407,-0.186115,-0.00949201,1.022856,0.3386545,0.05828539,0.9391038,-0.5464685,0.8246762,0.1458812,-0.765954,-0.5625939,0.3111314,moving,-68.12685,-62.41886,-10.3125,-0.5316841,-67.84604944450619,-57.32366305900306,84.69074097444206,80.84205703569947,63.96293276949392
292,292,05/15/2023 13:23:28.553327,521,True,True,True,True,Eyes,2.328616,0.04853473,-2.948917,-0.7583218,-0.5809377,0.2957355,0.9918812,1.576451,-0.5276865,-2.655583,0.9783813,0.08332276,0.1892811,-0.1840623,-0.006122798,0.9899328,2.392657,0.04876938,-2.779639,0.2268665,-0.5457101,0.1938202,0.7830492,34.52977,291.4648,3.893142,0.6050315,0.01374931,-0.7960824,0.0,0.0,0.0,1.540846,-0.5101677,-2.658409,-0.1836057,-0.004615456,1.024644,0.3292684,0.05593475,0.9425783,-0.5511481,0.8219306,0.1437559,-0.7666931,-0.5668344,0.3014641,moving,-68.69487,-63.02091,-10.159,-0.2580842,-68.41257959976429,-57.92236722691183,85.8231925475745,81.96736590371722,64.69582962195288
293,293,05/15/2023 13:23:28.563148,522,True,True,True,True,Eyes,2.331045,0.04840663,-2.941272,-0.7610558,-0.5811604,0.2881782,0.9915149,1.576447,-0.5278226,-2.655539,0.9785227,0.07428905,0.1922878,-0.1844052,-0.006713964,0.9901612,2.393496,0.04971412,-2.771085,0.2275184,-0.5489878,0.1937268,0.7805882,34.60416,290.9049,3.666223,0.6065054,0.01366618,-0.7949615,0.0,0.0,0.0,1.543505,-0.5125531,-2.658411,-0.178374,-0.003884733,1.026977,0.3221647,0.05263203,0.9452195,-0.5522513,0.8214106,0.142489,-0.7689138,-0.5679036,0.2936956,moving,-69.26054,-63.62471,-9.853314,-0.216731,-68.97688156207846,-58.52268620818757,86.88952929944735,83.03722450808934,65.3970860281626
294,294,05/15/2023 13:23:28.588987,523,True,True,True,True,Eyes,2.333437,0.04833961,-2.933566,-0.763604,-0.5815763,0.2804958,0.9913192,1.576462,-0.5281882,-2.655505,0.9796142,0.04992194,0.1945863,-0.1858992,-0.008771896,0.9905523,2.394918,0.05016813,-2.762574,0.2275102,-0.5519666,0.1929618,0.7786769,34.5643,290.4073,3.435925,0.6079709,0.01358947,-0.7938424,0.0,0.0,0.0,1.546163,-0.5149375,-2.658413,-0.1720886,-0.001249909,1.029474,0.3161973,0.04935364,0.9474087,-0.5516658,0.8220097,0.141297,-0.7718056,-0.5673307,0.287144,moving,-69.83012,-64.25186,-9.48991,-0.06956414,-69.54560699628044,-59.14565723348357,88.09261061351668,84.24174450294215,66.21838230833028
295,295,05/15/2023 13:23:28.603487,524,True,True,True,True,Eyes,2.335758,0.048316,-2.925828,-0.766103,-0.5819128,0.2728804,0.9911414,1.576442,-0.5284419,-2.655365,0.9784237,0.03301469,0.2039535,-0.1878746,-0.003538229,0.9913863,2.396185,0.05159615,-2.754019,0.2298569,-0.5542315,0.1952152,0.7758121,34.96251,289.9771,3.365649,0.6094289,0.01352022,-0.7927248,0.0,0.0,0.0,1.548667,-0.5171845,-2.658415,-0.1671326,0.0005018413,1.031767,0.309437,0.04811268,0.949702,-0.5576883,0.8181137,0.1402627,-0.7702157,-0.5730401,0.2799866,moving,-70.39446,-64.87639,-9.201236,0.0278681,-70.10918618047945,-59.76593602066743,89.20298976506108,85.35266490513645,66.94643631096935
296,296,05/15/2023 13:23:28.613520,525,True,True,True,True,Eyes,2.338055,0.04833244,-2.918047,-0.7685735,-0.582158,0.2653054,0.991006,1.576394,-0.5285896,-2.655128,0.9752747,0.02316841,0.219778,-0.1900692,-0.006465979,0.9914055,2.396814,0.05261488,-2.745488,0.2295375,-0.5568437,0.1946079,0.774187,34.89974,289.5521,3.193745,0.6108794,0.01345885,-0.7916087,0.0,0.0,0.0,1.55124,-0.5194929,-2.658417,-0.1632529,-0.003842056,1.033466,0.3041058,0.04569286,0.9515419,-0.5569587,0.8188807,0.1386774,-0.7728627,-0.5721421,0.2744754,moving,-70.95573,-65.49995,-8.976632,-0.2130042,-70.66976569787792,-60.38518263002265,90.02107464802751,86.17849965321236,67.41132291319458
297,297,05/15/2023 13:23:28.633583,526,True,True,True,True,Eyes,2.340298,0.04838075,-2.91024,-0.771005,-0.582371,0.2576728,0.9908406,1.576355,-0.5286562,-2.654927,0.9722874,0.01872595,0.2330375,-0.1914896,-0.009107478,0.9922731,2.39829,0.05356145,-2.737401,0.2288601,-0.5598429,0.1940732,0.7723565,34.80772,289.08,3.03944,0.6123239,0.01340566,-0.7904928,0.0,0.0,0.0,1.553862,-0.5218458,-2.658418,-0.15841,-0.009024858,1.0349,0.2978231,0.04353605,0.9536279,-0.5560389,0.8199173,0.1362222,-0.7759654,-0.5708243,0.268398,moving,-71.52018,-66.13278,-8.702601,-0.4996361,-71.23367774937788,-61.01347318950099,90.85019432901257,87.01758465236352,67.89100176407429
298,298,05/15/2023 13:23:28.653443,527,True,True,True,True,Eyes,2.34247,0.04845978,-2.902407,-0.7735555,-0.5823779,0.2498959,0.9904118,1.576332,-0.5283341,-2.654907,0.971288,0.04020304,0.2344853,-0.1909247,-0.010159,0.9928675,2.39932,0.05437842,-2.728918,0.2281728,-0.5639285,0.1944368,0.7694908,34.78166,288.4435,2.923385,0.6137626,0.01336068,-0.7893772,0.0,0.0,0.0,1.556441,-0.5241598,-2.65842,-0.1525747,-0.009625912,1.036706,0.288358,0.04188836,0.9566059,-0.5565809,0.820263,0.1318569,-0.7791452,-0.5704507,0.2598437,moving,-72.09703,-66.77603,-8.372265,-0.5319815,-71.80988302616365,-61.65220639572734,91.91909288050866,88.09093751423997,68.58010740600268
299,299,05/15/2023 13:23:28.663260,528,True,True,True,True,Eyes,2.344601,0.04854136,-2.894539,-0.7761859,-0.5821952,0.2420418,0.9898272,1.576311,-0.5277313,-2.65496,0.9696451,0.08038455,0.2309258,-0.1901368,-0.01624466,0.9929408,2.399918,0.05515334,-2.720266,0.2260089,-0.5684491,0.192895,0.7671879,34.47763,287.7688,2.713378,0.6151948,0.01332398,-0.788262,0.0,0.0,0.0,1.559018,-0.526472,-2.658422,-0.1483949,-0.009936035,1.037773,0.2793143,0.03902433,0.9594064,-0.5529225,0.823423,0.1274806,-0.7850224,-0.5660846,0.2515712,moving,-72.68071,-67.4254,-8.137769,-0.5485552,-72.39286986935358,-62.29705870107221,92.94247469985274,89.1156309092447,69.2078626056651
300,300,05/15/2023 13:23:28.683217,529,True,True,True,True,Eyes,2.346707,0.04862627,-2.886615,-0.7787307,-0.582045,0.2340984,0.9893397,1.576278,-0.5272141,-2.655012,0.9670153,0.114815,0.2273741,-0.1886134,-0.02161758,0.9933938,2.401136,0.0552756,-2.711484,0.2241111,-0.5732801,0.190995,0.764621,34.17394,287.026,2.432961,0.6166217,0.01329479,-0.7871468,0.0,0.0,0.0,1.561766,-0.5289371,-2.658424,-0.1470468,-0.00696063,1.039281,0.2697418,0.0351208,0.9622921,-0.5490344,0.8265903,0.1237328,-0.7910757,-0.5617073,0.2422484,moving,-73.26842,-68.09002,-8.05326,-0.3837351,-72.98017552003968,-62.95675146184656,94.00615995127963,90.17142970789743,69.83424197630418
301,301,05/15/2023 13:23:28.702971,530,True,True,True,True,Eyes,2.348771,0.04872062,-2.878646,-0.7812072,-0.5818866,0.2261046,0.9889332,1.576209,-0.5267264,-2.655043,0.9630469,0.1474108,0.2254126,-0.1873738,-0.02208819,0.9941846,2.402528,0.05544314,-2.702744,0.2245329,-0.5773324,0.1900601,0.7616754,34.15947,286.3216,2.096265,0.6180441,0.0132725,-0.7860309,0.0,0.0,0.0,1.561766,-0.5289371,-2.658424,-0.1488557,-0.004587293,1.040219,0.2611289,0.03026795,0.9648291,-0.5487884,0.8269243,0.1225867,-0.7941302,-0.5614981,0.2325445,static,-73.85799,-68.76529,-8.143762,-0.2526688,-73.56957295060006,-63.626778286081695,94.93333990401199,91.08685136559244,70.30426397844586
302,302,05/15/2023 13:23:28.713309,531,True,True,True,True,Eyes,2.350793,0.04882894,-2.870617,-0.7836484,-0.5816721,0.2180658,0.9885527,1.576115,-0.5261846,-2.655047,0.9568778,0.1835462,0.2251571,-0.1874222,-0.0220223,0.9946401,2.403608,0.05578355,-2.693658,0.2249457,-0.580976,0.1896742,0.7588744,34.1806,285.6909,1.835782,0.6194623,0.01325669,-0.784914,0.0,0.0,0.0,1.561766,-0.5289371,-2.658424,-0.1515068,-0.002649397,1.041073,0.2529812,0.02650155,0.9671083,-0.5492539,0.8268462,0.1210188,-0.7964426,-0.5618033,0.2237327,static,-74.44971,-69.44925,-8.280095,-0.1458101,-74.16128957071521,-64.30525714518085,95.81954253293603,91.96067878831582,70.72445100871711
303,303,05/15/2023 13:23:28.733420,532,True,True,True,True,Eyes,2.352779,0.04893706,-2.862551,-0.7860538,-0.581381,0.2100369,0.9882237,1.575982,-0.5255974,-2.654988,0.9476171,0.2226186,0.2290473,-0.1879508,-0.02470239,0.9950036,2.404579,0.05622432,-2.684615,0.2239688,-0.5847556,0.188832,0.7564664,34.03441,285.0941,1.642702,0.6208774,0.01324712,-0.7837952,0.0,0.0,0.0,1.561766,-0.5289371,-2.658424,-0.1539185,0.00152275,1.041715,0.2448069,0.02375611,0.9692807,-0.5476239,0.828361,0.1180086,-0.8001109,-0.5596907,0.2157979,static,-75.03983,-70.13661,-8.404918,0.08375327,-74.75154934782162,-64.98696635127433,96.80449842346435,92.93047962447113,71.22601056380759
304,304,05/15/2023 13:23:28.753590,533,True,True,True,True,Eyes,2.35475,0.04903536,-2.854411,-0.7883093,-0.5811726,0.2020073,0.9880717,1.575844,-0.5252049,-2.654813,0.9382055,0.2487327,0.2406291,-0.1890265,-0.02651146,0.9954438,2.405738,0.05633219,-2.675611,0.2234944,-0.5880929,0.1879413,0.7542381,33.93071,284.5464,1.42503,0.6222898,0.01324319,-0.7826744,0.0,0.0,0.0,1.561766,-0.5289371,-2.658424,-0.1591672,0.0003637969,1.041314,0.2376498,0.02063405,0.9711316,-0.5463759,0.8294567,0.1160821,-0.8031164,-0.5581897,0.2083942,static,-75.62701,-70.83327,-8.690525,0.02001704,-75.33921541542168,-65.67755654962043,97.4714384244321,93.58535734640496,71.42179665826636
305,305,05/15/2023 13:23:28.763151,534,True,True,True,True,Eyes,2.356686,0.04913012,-2.846228,-0.7904822,-0.5809375,0.1940349,0.9880411,1.575657,-0.52486,-2.654513,0.9263277,0.2718751,0.2607699,-0.1909059,-0.02619882,0.9960139,2.40714,0.05622905,-2.666615,0.2232058,-0.5910809,0.1880295,0.7519627,33.91525,284.06,1.306183,0.6237004,0.01324411,-0.7815508,0.0,0.0,0.0,1.561766,-0.5289371,-2.658424,-0.1601706,0.0006395578,1.041602,0.2305367,0.01891693,0.9728799,-0.5466477,0.8296481,0.1134035,-0.8050028,-0.5579661,0.2016052,static,-76.20863,-71.53053,-8.742089,0.0351804,-75.9215131284257,-66.36855131907714,98.35336831833138,94.45914784945964,71.84606880811266
306,306,05/15/2023 13:23:28.783192,535,True,True,True,True,Eyes,2.358582,0.04922272,-2.838045,-0.792496,-0.5807807,0.1861285,0.9881393,1.575486,-0.5246695,-2.654124,0.914786,0.2845487,0.2867028,-0.1934898,-0.02640394,0.9964534,2.408308,0.0562356,-2.65737,0.2223106,-0.5940341,0.1885429,0.7497687,33.87376,283.6122,1.284154,0.6251096,0.01324932,-0.7804241,0.0,0.0,0.0,1.561766,-0.5289371,-2.658424,-0.160582,0.001081288,1.041608,0.2231501,0.01860698,0.9746065,-0.5468473,0.8300592,0.1093612,-0.8069462,-0.5573648,0.195403,static,-76.78286,-72.2304,-8.764138,0.05947841,-76.49672499045492,-67.06183264167902,99.25912080532382,95.35708540908637,72.29538853270242
307,307,05/15/2023 13:23:28.803312,536,True,True,True,True,Eyes,2.360455,0.04930454,-2.829807,-0.7944479,-0.5805848,0.1782518,0.9883375,1.575272,-0.5245093,-2.653634,0.900477,0.2952115,0.319361,-0.1959105,-0.02686754,0.9971414,2.409572,0.05627277,-2.648111,0.2211058,-0.5971242,0.1891005,0.7475266,33.80704,283.1553,1.286808,0.6265171,0.01325835,-0.7792945,0.0,0.0,0.0,1.561766,-0.5289371,-2.658424,-0.1604152,0.003690645,1.041605,0.2153674,0.01866001,0.9763548,-0.5467706,0.8307064,0.104732,-0.80911,-0.5563979,0.1891099,static,-77.35387,-72.93241,-8.755199,0.2030111,-77.06887672207046,-67.75707779192918,100.27246622298948,96.36042883940388,72.83855191965802
308,308,05/15/2023 13:23:28.813600,537,True,True,True,True,Eyes,2.362302,0.0493698,-2.821532,-0.7962796,-0.5804387,0.1703808,0.9886454,1.575064,-0.5244783,-2.653086,0.8861222,0.2971124,0.3556849,-0.1980927,-0.02721636,0.9979949,2.410949,0.05608973,-2.638504,0.2199536,-0.6004043,0.1895659,0.7451175,33.7393,282.6613,1.26618,0.6279237,0.01327055,-0.7781613,0.0,0.0,0.0,1.561766,-0.5289371,-2.658424,-0.1604145,0.006238133,1.041317,0.207159,0.01837548,0.9781348,-0.5466198,0.8313704,0.1001503,-0.811352,-0.5554149,0.1822703,static,-77.92248,-73.64104,-8.757549,0.3432329,-77.63888463850087,-68.45863504713235,101.27912083335062,97.35674312731732,73.37005276673564
309,309,05/15/2023 13:23:28.839356,538,True,True,True,True,Eyes,2.364126,0.04941868,-2.813197,-0.7980636,-0.5802212,0.1625971,0.9891235,1.574743,-0.5244917,-2.652368,0.86545,0.29646,0.4038661,-0.2010219,-0.02766058,0.9988343,2.412356,0.05575959,-2.628776,0.2188181,-0.6033385,0.1898439,0.7430078,33.6589,282.2216,1.243848,0.6293295,0.01328518,-0.7770246,0.0,0.0,0.0,1.561766,-0.5289371,-2.658424,-0.1597138,0.006086797,1.041079,0.1998839,0.01806829,0.9796529,-0.5461537,0.8321558,0.09608676,-0.8134879,-0.5542473,0.1762026,static,-78.4842,-74.34538,-8.72185,0.3349831,-78.20210278288863,-69.15583701231199,102.19560709869256,98.26738831705974,73.83671603116595
310,310,05/15/2023 13:23:28.853630,539,True,True,True,True,Eyes,2.365933,0.04944384,-2.804833,-0.7997521,-0.5800227,0.1548229,0.9897153,1.574406,-0.5246136,-2.651603,0.8426793,0.2882459,0.4547592,-0.204649,-0.02882853,0.999575,2.413678,0.05540092,-2.618928,0.2173781,-0.6060874,0.1899867,0.7411546,33.53996,281.8254,1.245601,0.6307355,0.01330158,-0.7758834,0.0,0.0,0.0,1.561766,-0.5289371,-2.658424,-0.1588411,0.004238337,1.040468,0.1931262,0.01811874,0.9810067,-0.5451192,0.8333037,0.09192443,-0.815811,-0.5525185,0.1708097,static,-79.04372,-75.05473,-8.679935,0.2333926,-78.76332690335309,-69.8578039321053,103.05029667186241,99.11840218638106,74.25204211964754
311,311,05/15/2023 13:23:28.863174,540,True,True,True,True,Eyes,2.367728,0.04943529,-2.796401,-0.8014144,-0.579736,0.147109,0.9904913,1.573934,-0.5247881,-2.650691,0.811068,0.2765526,0.5154486,-0.2075783,-0.03001928,1.000798,2.415291,0.05484177,-2.60904,0.2155344,-0.6092287,0.1901651,0.7390688,33.38743,281.3813,1.267564,0.6321422,0.01331895,-0.7747374,0.0,0.0,0.0,1.561766,-0.5289371,-2.658424,-0.1576712,0.004501104,1.039498,0.1853552,0.01847067,0.982498,-0.5437096,0.8347644,0.08688144,-0.8185497,-0.5502974,0.1647706,static,-79.59848,-75.76162,-8.624891,0.2480935,-79.31987400448502,-70.55724804236223,103.99387905974562,100.05586945769343,74.74323900148624
312,312,05/15/2023 13:23:28.883296,541,True,True,True,True,Eyes,2.369519,0.04938153,-2.787898,-0.802991,-0.5794609,0.1393929,0.9914907,1.573361,-0.5251486,-2.649692,0.7729114,0.2525381,0.5820933,-0.210663,-0.03125972,1.002071,2.416867,0.05400664,-2.598913,0.2139328,-0.6122612,0.1900264,0.7370612,33.23365,280.9398,1.243816,0.6335505,0.01333629,-0.7735859,0.0,0.0,0.0,1.561766,-0.5289371,-2.658424,-0.1567429,0.008883625,1.038605,0.1780525,0.01815659,0.9838535,-0.5420876,0.8362455,0.08267155,-0.821242,-0.5480546,0.158738,static,-80.15205,-76.47414,-8.582131,0.490063,-79.87542214752956,-71.26208698968392,105.09872429811777,101.14892184689126,75.35969086915539
313,313,05/15/2023 13:23:28.903422,542,True,True,True,True,Eyes,2.37131,0.04928442,-2.77933,-0.8044895,-0.5791703,0.1317512,0.9928366,1.572584,-0.5257371,-2.648523,0.720701,0.2131923,0.6596506,-0.2143388,-0.03202268,1.003574,2.41861,0.05286786,-2.588659,0.2123003,-0.6150683,0.1900234,0.7351945,33.08747,280.5386,1.248127,0.6349607,0.0133524,-0.7724286,0.0,0.0,0.0,1.561766,-0.5289371,-2.658424,-0.1562667,0.01483206,1.037497,0.1711644,0.01824993,0.9850734,-0.5405666,0.8376394,0.07840929,-0.8237054,-0.5459187,0.1532394,static,-80.69924,-77.1843,-8.565445,0.8190449,-80.42472707007748,-71.96444881527295,106.24408781993651,102.27997544499185,76.00188808601355
314,314,05/15/2023 13:23:28.923213,543,True,True,True,True,Eyes,2.373098,0.04915488,-2.770726,-0.8058589,-0.5790153,0.1238249,0.9942295,1.571889,-0.5265192,-2.647616,0.6746756,0.1611372,0.7203107,-0.2182064,-0.03090449,1.005294,2.420439,0.05172811,-2.57848,0.2115902,-0.6176019,0.1904874,0.7331522,33.06201,280.1433,1.227631,0.6363741,0.01336621,-0.7712643,0.0,0.0,0.0,1.561766,-0.5289371,-2.658424,-0.155567,0.01728739,1.036452,0.164565,0.01795557,0.9862028,-0.5406696,0.8378882,0.07496486,-0.8249817,-0.5455464,0.1475951,static,-81.26449,-77.92888,-8.536126,0.9555697,-80.9924612445713,-72.70058736385931,107.2947870802134,103.32061745116324,76.55646128709196
315,315,05/15/2023 13:23:28.933736,544,True,True,True,True,Eyes,2.374892,0.04898985,-2.762064,-0.8071436,-0.578851,0.1159774,0.9961931,1.570821,-0.5276576,-2.646528,0.6034938,0.08527932,0.7927942,-0.2212842,-0.02937745,1.007906,2.422259,0.05083443,-2.568401,0.2116888,-0.6200849,0.1906951,0.7309707,33.09103,279.7142,1.11171,0.6377906,0.01337709,-0.7700931,0.0,0.0,0.0,1.561766,-0.5289371,-2.658424,-0.1553413,0.01909167,1.035072,0.1582604,0.01625495,0.9872637,-0.5413151,0.8376465,0.07298244,-0.8257917,-0.5459709,0.1413653,static,-81.82321,-78.67035,-8.535129,1.056688,-81.55378647547772,-73.43352044354423,108.2937828544003,104.30970948806159,77.06238879821038
316,316,05/15/2023 13:23:28.953271,545,True,True,True,True,Eyes,2.376697,0.04879332,-2.753335,-0.8082916,-0.5788113,0.1078996,0.9986056,1.569532,-0.529211,-2.645585,0.5175093,-0.01824588,0.8554831,-0.2250435,-0.02816505,1.010928,2.424232,0.04982539,-2.558296,0.2118037,-0.6223561,0.1907407,0.7289926,33.10834,279.3179,0.9892997,0.6392118,0.01338435,-0.7689137,0.0,0.0,0.0,1.561766,-0.5289371,-2.658424,-0.1551923,0.02203512,1.033639,0.1525816,0.01446236,0.9881851,-0.5417317,0.8375144,0.07138941,-0.8265868,-0.5462239,0.1356241,static,-82.39648,-79.44036,-8.538708,1.221247,-82.12998127067421,-74.19444681765175,109.36756982134344,105.371734234551,77.61575733882778
317,317,05/15/2023 13:23:28.963149,546,True,True,True,True,Eyes,2.378495,0.04854183,-2.744572,-0.8094255,-0.5786491,0.09997769,0.0,0.0,0.0,0.0,0.0,0.0,0.0,2.164727,1.4482,2.366354,2.426211,0.04889606,-2.548347,0.2112429,-0.6244398,0.1920742,0.7270206,33.16373,278.9965,1.058691,0.6406379,0.01338749,-0.7677258,0.0,0.0,0.0,1.561766,-0.5289371,-2.658424,-0.1559269,0.02351272,1.032108,0.1463648,0.01546691,0.9891097,-0.5431007,0.8369679,0.06727819,-0.8268125,-0.5470334,0.1309028,static,-82.95867,-80.19734,-8.591059,1.305045,-82.6950900535796,-74.94245365608965,110.33213641788844,106.32538958170002,78.07202904716395
318,318,05/15/2023 13:23:28.983309,547,True,True,True,True,Eyes,2.380289,0.04826812,-2.735818,-0.8104933,-0.5785024,0.09184587,0.0,0.0,0.0,0.0,0.0,0.0,0.0,2.174889,1.425468,2.362223,2.427899,0.04728676,-2.538754,0.2080549,-0.6271372,0.1926753,0.7254574,32.92479,278.6902,1.269552,0.6420689,0.01338541,-0.7665296,0.0,0.0,0.0,1.561766,-0.5289371,-2.658424,-0.1571105,0.02485821,1.030652,0.1391504,0.01859746,0.9900966,-0.5405133,0.8391787,0.0602023,-0.8297485,-0.5435376,0.1268243,static,-83.53477,-80.97874,-8.667323,1.381644,-83.27433622783636,-75.71445850482087,111.3030434126815,107.28474003423038,78.51649000993737
319,319,05/15/2023 13:23:29.003117,548,True,True,True,True,Eyes,2.38205,0.04800268,-2.727029,-0.8114359,-0.5784212,0.08367006,0.0,0.0,0.0,0.0,0.0,0.0,0.0,2.19417,1.402131,2.350172,2.429735,0.04646179,-2.529405,0.2051141,-0.6305836,0.1951035,0.7226528,32.85472,278.2531,1.589455,0.6435048,0.013378,-0.7653245,0.0,0.0,0.0,1.561766,-0.5289371,-2.658424,-0.1573192,0.02525678,1.029109,0.1285977,0.02330101,0.9914231,-0.5406674,0.8397257,0.05039436,-0.8313491,-0.5425107,0.1205849,static,-84.11283,-81.76911,-8.691482,1.405893,-83.85572521696538,-76.49517959091959,112.27849686465842,108.25082248738275,78.9748809920161
320,320,05/15/2023 13:23:29.023398,549,True,True,True,True,Eyes,2.383803,0.04773999,-2.718196,-0.812341,-0.5783407,0.07499385,0.0,0.0,0.0,0.0,0.0,0.0,0.0,2.223108,1.376183,2.328861,2.430778,0.04638399,-2.519693,0.2022998,-0.6351916,0.1984882,0.7184769,32.87796,277.6096,1.925632,0.644945,0.01336601,-0.7641116,0.0,0.0,0.0,1.561766,-0.5289371,-2.658424,-0.1573975,0.02411203,1.027557,0.1142683,0.02822021,0.9930491,-0.5422165,0.8393545,0.03853937,-0.8324327,-0.5428514,0.1112131,static,-84.72551,-82.61164,-8.708674,1.344222,-84.47206514695203,-77.32731325306399,113.2569914822654,109.22134359711998,79.41685253101473
321,321,05/15/2023 13:23:29.043352,550,True,True,True,True,Eyes,2.385566,0.04752424,-2.709334,-0.8129419,-0.5785713,0.06618762,0.0,0.0,0.0,0.0,0.0,0.0,0.0,2.251427,1.355704,2.304806,2.432294,0.04618938,-2.51014,0.2003765,-0.6400819,0.2005555,0.7140882,32.88243,276.8587,2.041362,0.6463897,0.01334998,-0.7628902,0.0,0.0,0.0,1.561766,-0.5289371,-2.658424,-0.1583612,0.02339052,1.02607,0.1001455,0.029914,0.9945229,-0.5429433,0.8392535,0.02942903,-0.8337765,-0.5429168,0.1002891,static,-85.34539,-83.47382,-8.773665,1.305901,-85.09591393232961,-78.17863214776695,114.24023005191064,110.19472170574666,79.84376948633218
322,322,05/15/2023 13:23:29.063103,551,True,True,True,True,Eyes,2.387252,0.04743296,-2.700448,-0.8133607,-0.5789616,0.05699117,0.0,0.0,0.0,0.0,0.0,0.0,0.0,2.279793,1.357187,2.267374,2.434317,0.04716066,-2.500454,0.2020606,-0.6442401,0.2050732,0.70857,33.40686,276.0686,2.077807,0.6478394,0.01333158,-0.7616599,0.0,0.0,0.0,1.561766,-0.5289371,-2.658424,-0.1600296,0.02136964,1.024457,0.08579966,0.03026637,0.9958526,-0.5509683,0.834233,0.02211538,-0.8301038,-0.5505808,0.08825269,static,-85.99191,-84.3781,-8.878375,1.194987,-85.74671090588774,-79.07140691777536,115.1922328063216,111.13701029586801,80.21961343190729
323,323,05/15/2023 13:23:29.083291,552,True,True,True,True,Eyes,2.388931,0.04737038,-2.691525,-0.8138498,-0.5791208,0.04761884,0.0,0.0,0.0,0.0,0.0,0.0,0.0,2.312442,1.348009,2.228268,2.434355,0.05011438,-2.490201,0.2027236,-0.6487882,0.2107476,0.7025402,33.93859,275.2529,2.284323,0.6492926,0.01331451,-0.7604216,0.0,0.0,0.0,1.561766,-0.5289371,-2.658424,-0.1608597,0.01681183,1.022648,0.06931881,0.03306797,0.9970463,-0.5591667,0.8289771,0.01138178,-0.8261523,-0.558304,0.0759542,static,-86.65141,-85.29936,-8.939217,0.9418294,-86.41054170630169,-79.98097199125709,116.08930911154533,112.02814796629494,80.55647349614422
324,324,05/15/2023 13:23:29.103351,553,True,True,True,True,Eyes,2.390635,0.04742357,-2.682206,-0.8138531,-0.5798271,0.03799744,0.0,0.0,0.0,0.0,0.0,0.0,0.0,2.319884,1.34166,2.215319,2.435734,0.05070323,-2.480762,0.202499,-0.651812,0.208891,0.7003572,33.77675,274.7113,1.972778,0.65075,0.01329945,-0.7591751,0.0,0.0,0.0,1.561766,-0.5289371,-2.658424,-0.1599242,0.009148836,1.020857,0.06301162,0.02861413,0.9976026,-0.5565791,0.8307174,0.01132792,-0.8284019,-0.5559584,0.06827085,static,-87.3269,-86.25063,-8.903413,0.5134665,-87.09067675961882,-80.91999385450518,116.95405830795477,112.89223480614142,80.88833938116362
325,325,05/15/2023 13:23:29.113265,554,True,True,True,True,Eyes,2.392246,0.04752393,-2.672948,-0.8139776,-0.5801944,0.02854493,0.0,0.0,0.0,0.0,0.0,0.0,0.0,2.353286,1.343003,2.160044,2.438026,0.05363256,-2.461819,0.2051902,-0.6570699,0.2168606,0.6921906,34.68377,273.6474,2.13045,0.6522169,0.01328952,-0.7579155,0.0,0.0,0.0,1.561766,-0.5289371,-2.658424,-0.1583546,0.00448662,1.019171,0.04246151,0.03056905,0.9986304,-0.5698663,0.821737,-0.0009235556,-0.8206397,-0.5690465,0.05231244,static,-87.99155,-87.18338,-8.831763,0.2522272,-87.75980852600831,-81.8408066362066,117.94599308292783,113.88108962856037,81.33516164133694
326,326,05/15/2023 13:23:29.143363,555,True,True,True,True,Eyes,2.393855,0.04765827,-2.663437,-0.8141502,-0.5803474,0.0188787,0.0,0.0,0.0,0.0,0.0,0.0,0.0,2.362299,1.319811,2.154421,2.437456,0.05480669,-2.453505,0.2024265,-0.6594318,0.2177685,0.690471,34.52364,273.3641,2.347912,0.6536901,0.01328552,-0.7566453,0.0,0.0,0.0,1.561766,-0.5289371,-2.658424,-0.1587477,0.003927052,1.017146,0.0354531,0.03375267,0.9988014,-0.5676987,0.8232008,-0.007667654,-0.8224728,-0.5667462,0.04834638,static,-88.67165,-88.13683,-8.870687,0.2212095,-88.44446769213566,-82.78207644517548,119.06022358458314,114.98492097373754,81.83733365395396
327,327,05/15/2023 13:23:29.153188,556,True,True,True,True,Eyes,2.39544,0.04779766,-2.654019,-0.8142549,-0.5804358,0.0091223,0.0,0.0,0.0,0.0,0.0,0.0,0.0,2.394802,1.272924,2.130739,2.439131,0.05570161,-2.437825,0.1970913,-0.6667545,0.2177204,0.6849754,34.07914,272.2963,2.452565,0.655173,0.0132879,-0.7553616,0.0,0.0,0.0,1.561766,-0.5289371,-2.658424,-0.1604107,0.005507052,1.015658,0.01607233,0.03544336,0.9992425,-0.5610892,0.8275057,-0.02032692,-0.8275992,-0.5603375,0.03318683,static,-89.35813,-89.0996,-8.975029,0.3106635,-89.1355598730511,-83.73253878893766,120.23160210824621,116.1420275388228,82.36123230154226
328,328,05/15/2023 13:23:29.163128,557,True,True,True,True,Eyes,2.396945,0.04795793,-2.644683,-0.8141292,-0.5806832,-0.0007723331,0.0,0.0,0.0,0.0,0.0,0.0,0.0,2.42036,1.26508,2.099005,2.440122,0.05596493,-2.430444,0.1973553,-0.6706037,0.2212895,0.6799799,34.41552,271.5756,2.518496,0.6566631,0.01329615,-0.7540663,0.0,0.0,0.0,1.561766,-0.5289371,-2.658424,-0.1651174,0.005328387,1.013477,0.002643489,0.03625038,0.9993393,-0.5656391,0.8241637,-0.02839978,-0.8246486,-0.5651903,0.02268331,static,89.94565,89.92379,-9.253423,0.3012315,89.3973543827389,94.62203953517316,133.6886647257173,136.48586266213323,82.695874509746
329,329,05/15/2023 13:23:29.183462,558,True,True,True,True,Eyes,2.398369,0.04814438,-2.635397,-0.8141112,-0.5806049,-0.01100149,0.0,0.0,0.0,0.0,0.0,0.0,0.0,2.454514,1.246234,2.061243,2.439754,0.05665407,-2.422983,0.1965287,-0.6758585,0.2247366,0.6738585,34.65583,270.6397,2.594095,0.6581574,0.01331029,-0.7527622,0.0,0.0,0.0,1.561766,-0.5289371,-2.658424,-0.1718475,0.006124482,1.011564,-0.01458233,0.03723017,0.9992004,-0.5685326,0.8217398,-0.03891511,-0.8225315,-0.5686454,0.00918364,static,89.22578,88.91447,-9.64153,0.3468913,88.67265546489153,93.62561603872228,132.73643427264722,135.52342805768828,82.99036770843453
330,330,05/15/2023 13:23:29.203092,559,True,True,True,True,Eyes,2.399727,0.04833455,-2.626201,-0.8140078,-0.5804563,-0.02149305,0.0,0.0,0.0,0.0,0.0,0.0,0.0,2.487833,1.216387,2.029965,2.439287,0.0574163,-2.415833,0.1939382,-0.6821352,0.2245606,0.6683204,34.44307,269.5942,2.472204,0.6596537,0.01333047,-0.7514509,0.0,0.0,0.0,1.561766,-0.5289371,-2.658424,-0.1802922,0.003787398,1.008923,-0.03147186,0.03557267,0.9988714,-0.5647409,0.8239211,-0.04713566,-0.824668,-0.565587,-0.005841013,static,88.48751,87.87943,-10.13168,0.2150817,87.92943525675778,92.60379942428786,131.94992458929187,134.72808722808054,83.11428753501946
331,331,05/15/2023 13:23:29.213345,560,True,True,True,True,Eyes,2.401023,0.04850758,-2.617059,-0.8138775,-0.5801452,-0.03216908,0.0,0.0,0.0,0.0,0.0,0.0,0.0,2.518844,1.204018,1.989995,2.439136,0.05770965,-2.408651,0.1940295,-0.6883411,0.2233217,0.6623191,34.36493,268.4088,1.992737,0.6611497,0.01335621,-0.7501346,0.0,0.0,0.0,1.561766,-0.5289371,-2.658424,-0.1902833,-0.004563406,1.005362,-0.04737218,0.02870352,0.9984648,-0.5629374,0.8249599,-0.05042426,-0.8251408,-0.5644619,-0.02292189,static,87.73652,86.8262,-10.71751,-0.2600678,87.17340002919585,91.56403318072807,131.44281670207093,134.2173453293689,82.97326402432303
332,332,05/15/2023 13:23:29.233302,561,True,True,True,True,Eyes,2.402238,0.04870806,-2.608001,-0.8135377,-0.5799233,-0.04295693,0.0,0.0,0.0,0.0,0.0,0.0,0.0,2.544708,1.205811,1.946734,2.439002,0.05749148,-2.401511,0.1961266,-0.693624,0.2224858,0.6564451,34.48119,267.2771,1.391891,0.6626441,0.01338649,-0.7488145,0.0,0.0,0.0,1.561766,-0.5289371,-2.658424,-0.1975201,-0.006775081,1.003135,-0.06122842,0.02002307,0.9979231,-0.5641757,0.8240688,-0.05115016,-0.8233815,-0.5661356,-0.03915998,static,86.97744,85.76364,-11.1392,-0.3869644,86.40927542338748,90.5150111336649,130.57105989986792,133.33744490333632,83.1735275719536
333,333,05/15/2023 13:23:29.253416,562,True,True,True,True,Eyes,2.403383,0.04893398,-2.599043,-0.8131622,-0.5795707,-0.05352604,0.0,0.0,0.0,0.0,0.0,0.0,0.0,2.566525,1.207263,1.90716,2.438301,0.05840299,-2.394384,0.1982088,-0.6979494,0.2229576,0.651053,34.70248,266.3149,0.9502946,0.6641347,0.01342165,-0.7474921,0.0,0.0,0.0,1.561766,-0.5289371,-2.658424,-0.2002708,0.0003833175,1.002254,-0.07368666,0.01363485,0.9971883,-0.5669938,0.8220064,-0.05313723,-0.8204196,-0.569315,-0.05284011,static,86.23397,84.72343,-11.30003,0.02191308,85.66087816751445,89.48804314698451,129.17905451174752,131.9303078971309,83.87887128500074
334,334,05/15/2023 13:23:29.263176,563,True,True,True,True,Eyes,2.40446,0.04919164,-2.590189,-0.8126057,-0.5792848,-0.06404014,0.0,0.0,0.0,0.0,0.0,0.0,0.0,2.582656,1.205706,1.877136,2.437822,0.05924764,-2.387674,0.1994274,-0.7014893,0.2230378,0.6468352,34.81374,265.549,0.6103039,0.6656197,0.01346193,-0.7461693,0.0,0.0,0.0,1.561766,-0.5289371,-2.658424,-0.2003745,0.006328955,1.001647,-0.08366609,0.008745087,0.9964556,-0.5683296,0.8209658,-0.054924,-0.8185362,-0.5709105,-0.0637169,static,85.49393,83.69155,-11.31242,0.3620215,84.91602993113881,88.46921998292082,127.73127933421326,130.47142599304453,84.66305111256237
335,335,05/15/2023 13:23:29.283128,564,True,True,True,True,Eyes,2.405452,0.0494874,-2.581456,-0.8120067,-0.5789378,-0.07400177,0.0,0.0,0.0,0.0,0.0,0.0,0.0,2.59695,1.203712,1.849775,2.437346,0.06021617,-2.381271,0.200508,-0.7044898,0.223881,0.6429372,34.97869,264.8873,0.3755976,0.6670971,0.01350771,-0.744848,0.0,0.0,0.0,1.561766,-0.5289371,-2.658424,-0.2002272,0.005254284,1.000862,-0.09285691,0.005371261,0.9956651,-0.5703945,0.8193477,-0.05761568,-0.8161054,-0.5732718,-0.07301837,static,84.79277,82.71577,-11.31295,0.3007863,84.21036577644364,87.50574451617271,126.60386627188629,129.34221505143088,85.19618195132942
336,336,05/15/2023 13:23:29.303030,565,True,True,True,True,Eyes,2.406361,0.04977497,-2.572833,-0.8113726,-0.5784808,-0.08387053,0.0,0.0,0.0,0.0,0.0,0.0,0.0,2.614521,1.185272,1.827468,2.436337,0.06139155,-2.375019,0.1991813,-0.7075803,0.2263203,0.6390902,35.09047,264.3409,0.5184928,0.6685652,0.01355956,-0.7435296,0.0,0.0,0.0,1.561766,-0.5289371,-2.658424,-0.1995733,-0.0002563894,1.000211,-0.1037812,0.00740455,0.9945728,-0.5711517,0.8182119,-0.06568979,-0.8142576,-0.5748691,-0.08068586,static,84.09837,81.75051,-11.2841,-0.01468692,83.51153537986032,86.55263132963996,125.63185507930415,128.3748927010491,85.60334803450695
337,337,05/15/2023 13:23:29.313698,566,True,True,True,True,Eyes,2.407195,0.0500539,-2.564285,-0.810743,-0.5779297,-0.09323621,0.0,0.0,0.0,0.0,0.0,0.0,0.0,2.631065,1.157661,1.812003,2.435243,0.06153278,-2.368932,0.1960558,-0.7112065,0.2265653,0.635937,34.8638,263.8077,0.6487402,0.6700217,0.01361664,-0.7422163,0.0,0.0,0.0,1.561766,-0.5289371,-2.658424,-0.1972249,-0.004189342,0.9999446,-0.1142928,0.009290224,0.9934038,-0.5670348,0.8204606,-0.07291114,-0.815726,-0.5716276,-0.08850488,static,83.43975,80.83556,-11.15757,-0.2400435,82.84872890593225,85.649182105374,124.58694327284705,127.33476865759137,86.1131605245405
338,338,05/15/2023 13:23:29.333617,567,True,True,True,True,Eyes,2.407923,0.05032554,-2.555825,-0.8099744,-0.5774226,-0.1025898,0.0,0.0,0.0,0.0,0.0,0.0,0.0,2.649598,1.134647,1.789725,2.434387,0.06157193,-2.362387,0.1939073,-0.7147202,0.2285125,0.631947,34.87049,263.2207,0.8126708,0.671466,0.0136782,-0.7409088,0.0,0.0,0.0,1.561766,-0.5289371,-2.658424,-0.1944513,-0.005450837,0.9999887,-0.1260858,0.01163661,0.9919511,-0.5659946,0.8203639,-0.0815667,-0.8147101,-0.5717233,-0.09685004,static,82.78146,79.92547,-11.00404,-0.3123104,82.18637455724016,84.75043243969616,123.42536778867067,126.17497210129494,86.73284573793836
339,339,05/15/2023 13:23:29.353400,568,True,True,True,True,Eyes,2.408544,0.0506013,-2.547518,-0.8092455,-0.576802,-0.1114502,0.0,0.0,0.0,0.0,0.0,0.0,0.0,2.669826,1.110118,1.763973,2.432603,0.0616615,-2.355966,0.191753,-0.7185485,0.2304523,0.6275433,34.87926,262.5645,0.9547844,0.6728969,0.01374364,-0.7396083,0.0,0.0,0.0,1.561766,-0.5289371,-2.658424,-0.1926678,-0.003166974,1.000438,-0.1388403,0.01366998,0.9902205,-0.5648053,0.8202451,-0.09051568,-0.8134608,-0.571849,-0.1061623,static,82.15849,79.06403,-10.90076,-0.1813741,81.55955336607339,83.89973064754777,122.22871218144614,124.97416422333293,87.398522507485
340,340,05/15/2023 13:23:29.363359,569,True,True,True,True,Eyes,2.409059,0.05083244,-2.539291,-0.8084484,-0.5761257,-0.1203757,0.0,0.0,0.0,0.0,0.0,0.0,0.0,2.687195,1.088377,1.740121,2.430588,0.0619718,-2.349895,0.1898386,-0.7225483,0.2302013,0.6236126,34.71082,261.8716,0.8906441,0.6743119,0.01381269,-0.7383171,0.0,0.0,0.0,1.561766,-0.5289371,-2.658424,-0.1916456,0.0005344674,1.001044,-0.1501372,0.01277778,0.9885826,-0.5614481,0.8219373,-0.09589162,-0.8137782,-0.5694347,-0.1162293,static,81.53104,78.19841,-10.83789,0.03059079,80.92827942514405,83.04485526966583,121.00507092428873,123.74327439527431,88.081228580668
341,341,05/15/2023 13:23:29.383401,570,True,True,True,True,Eyes,2.40946,0.05101879,-2.531129,-0.8076032,-0.5754294,-0.1290657,0.0,0.0,0.0,0.0,0.0,0.0,0.0,2.704636,1.070163,1.712706,2.42859,0.06112121,-2.343477,0.1883952,-0.7266414,0.2299367,0.6193778,34.57877,261.1267,0.7685456,0.6757103,0.01388376,-0.7370362,0.0,0.0,0.0,1.561766,-0.5289371,-2.658424,-0.1919203,6.682426e-05,1.001235,-0.161757,0.01104382,0.986769,-0.5586269,0.8232727,-0.1007873,-0.8134931,-0.5675387,-0.1270008,static,80.92016,77.35809,-10.85104,0.003824025,80.31374301373606,82.21491038637997,120.02347942786461,122.75862651015551,88.55366419108664
342,342,05/15/2023 13:23:29.404527,571,True,True,True,True,Eyes,2.409738,0.0511689,-2.523034,-0.8066322,-0.5747712,-0.1377765,0.0,0.0,0.0,0.0,0.0,0.0,0.0,2.721183,1.056832,1.682568,2.426338,0.06023467,-2.337096,0.1878199,-0.7302867,0.2307428,0.6149494,34.61201,260.4045,0.6589769,0.6770909,0.01395538,-0.7357666,0.0,0.0,0.0,1.561766,-0.5289371,-2.658424,-0.1933489,-0.001692586,1.001482,-0.1731219,0.009465593,0.9848549,-0.558115,0.8229629,-0.1060174,-0.8115026,-0.5680162,-0.13719,static,80.30715,76.52016,-10.92724,-0.09683444,79.69720892604175,81.38720472420404,119.13806174221187,121.87058456273313,88.93524580407058
343,343,05/15/2023 13:23:29.413679,572,True,True,True,True,Eyes,2.409899,0.05129633,-2.515081,-0.8056952,-0.5740499,-0.1460201,0.0,0.0,0.0,0.0,0.0,0.0,0.0,2.735919,1.043097,1.654077,2.423705,0.05952255,-2.330532,0.1871549,-0.7336992,0.231586,0.6107591,34.64164,259.7299,0.5749491,0.6784533,0.01402652,-0.7345091,0.0,0.0,0.0,1.561766,-0.5289371,-2.658424,-0.1953448,0.003812008,1.002117,-0.1838931,0.008255682,0.9829117,-0.5575173,0.8226819,-0.1112158,-0.809542,-0.5684419,-0.1466829,static,79.72751,75.72844,-11.03046,0.2179495,79.11425293423655,80.60513153579338,118.06287856083932,120.78148991319695,89.50217806242878
344,344,05/15/2023 13:23:29.433276,573,True,True,True,True,Eyes,2.409935,0.05138448,-2.507202,-0.8046482,-0.5733796,-0.1541983,0.0,0.0,0.0,0.0,0.0,0.0,0.0,2.746553,1.032661,1.629686,2.420818,0.05906504,-2.324213,0.1867736,-0.7366186,0.231731,0.607297,34.62819,259.1437,0.4384762,0.6797955,0.01409657,-0.7332658,0.0,0.0,0.0,1.561766,-0.5289371,-2.658424,-0.19767,0.0009394139,1.002005,-0.1926123,0.006297123,0.9812549,-0.5566209,0.8228328,-0.1145405,-0.8081299,-0.5682488,-0.1549826,static,79.15168,74.94765,-11.1597,0.05371674,78.5352848822652,79.8337237168992,117.32538769020852,120.0418253204435,89.77511167838864
345,345,05/15/2023 13:23:29.453375,574,True,True,True,True,Eyes,2.40984,0.05145504,-2.499405,-0.8035766,-0.5727271,-0.1620134,0.0,0.0,0.0,0.0,0.0,0.0,0.0,2.754632,1.025765,1.606977,2.417831,0.05822125,-2.318031,0.1868106,-0.7389262,0.2324507,0.6041992,34.6993,258.6486,0.3355294,0.6811165,0.01416452,-0.7320376,0.0,0.0,0.0,1.561766,-0.5289371,-2.658424,-0.1991812,-0.00170216,1.002816,-0.2000904,0.004814553,0.9797657,-0.5569715,0.822137,-0.1177861,-0.8060687,-0.5692694,-0.1618202,static,78.6011,74.20482,-11.23399,-0.09725264,77.98180594455091,79.09973367441714,116.58105074971634,119.29635739328222,90.08055233896121
346,346,05/15/2023 13:23:29.463335,575,True,True,True,True,Eyes,2.409597,0.05149816,-2.491694,-0.8024482,-0.5720484,-0.1698162,0.0,0.0,0.0,0.0,0.0,0.0,0.0,2.764348,1.014908,1.58353,2.414601,0.05788274,-2.31205,0.1864278,-0.7414247,0.233496,0.6008442,34.76889,258.1325,0.2891222,0.6824159,0.01423013,-0.7308252,0.0,0.0,0.0,1.561766,-0.5289371,-2.658424,-0.1985141,-0.003010213,1.003647,-0.208462,0.004145188,0.9780218,-0.5570338,0.8214486,-0.1222114,-0.8039012,-0.5702676,-0.1689319,static,78.0512,73.46614,-11.18828,-0.1718453,77.42909873681945,78.36976911608235,115.69890954418462,118.41378724316463,90.52733986139116
347,347,05/15/2023 13:23:29.483281,576,True,True,True,True,Eyes,2.409221,0.05149541,-2.484059,-0.8013483,-0.5713157,-0.1773113,0.0,0.0,0.0,0.0,0.0,0.0,0.0,2.773582,1.002673,1.56083,2.410806,0.05726111,-2.306303,0.1857036,-0.7442166,0.233327,0.5976741,34.69949,257.5897,0.1742091,0.6836925,0.01429286,-0.7296298,0.0,0.0,0.0,1.561766,-0.5289371,-2.658424,-0.1975698,-0.009636939,1.00417,-0.2165997,0.002499725,0.9762574,-0.5553145,0.8221453,-0.1253113,-0.8029387,-0.5692722,-0.1766882,static,77.52341,72.75796,-11.13074,-0.5498461,76.89863620563233,77.66992603164758,115.03735370486274,117.76036611474855,90.79624342961915
348,348,05/15/2023 13:23:29.503135,577,True,True,True,True,Eyes,2.408715,0.05145976,-2.476502,-0.8001302,-0.5706554,-0.1847807,0.0,0.0,0.0,0.0,0.0,0.0,0.0,2.781697,0.9919845,1.539096,2.407303,0.05616073,-2.300527,0.1850611,-0.7468556,0.2330728,0.5946733,34.62796,257.073,0.05407189,0.6849456,0.0143517,-0.7284524,0.0,0.0,0.0,1.561766,-0.5289371,-2.658424,-0.1958718,-0.01549638,1.005015,-0.2242324,0.0007765845,0.9745356,-0.5536322,0.8228589,-0.1280417,-0.8020047,-0.5682452,-0.1840817,static,76.99619,72.05783,-11.02838,-0.8833765,76.36894522252308,76.97786792908573,114.3186097245787,117.0498434005672,91.12699363062242
349,349,05/15/2023 13:23:29.523135,578,True,True,True,True,Eyes,2.408065,0.05139844,-2.469096,-0.7989247,-0.5699643,-0.1919895,0.0,0.0,0.0,0.0,0.0,0.0,0.0,2.79224,0.9775561,1.514674,2.403629,0.05534376,-2.294769,0.184197,-0.7494452,0.2345378,0.5910969,34.70163,256.5522,0.08209492,0.6861747,0.0144061,-0.7272937,0.0,0.0,0.0,1.561766,-0.5289371,-2.658424,-0.1944737,-0.01640466,1.006109,-0.2333521,0.001177933,0.9723915,-0.5533601,0.822127,-0.1337899,-0.7995871,-0.5693029,-0.1911932,static,76.48748,71.38416,-10.93995,-0.9341276,75.85790224113285,76.3119203888222,113.46140417693239,116.19302510721094,91.59030180493514
350,350,05/15/2023 13:23:29.541284,579,True,True,True,True,Eyes,2.407269,0.05130088,-2.461769,-0.7976829,-0.5692159,-0.1992369,0.0,0.0,0.0,0.0,0.0,0.0,0.0,2.804964,0.9543278,1.490688,2.399247,0.05461271,-2.289397,0.1820496,-0.752595,0.2355065,0.5873632,34.63459,255.9978,0.1835838,0.6873782,0.01445576,-0.7261553,0.0,0.0,0.0,1.561766,-0.5289371,-2.658424,-0.1943907,-0.01682533,1.00686,-0.243725,0.002636275,0.9698409,-0.550675,0.8227893,-0.1406234,-0.7983454,-0.5683405,-0.1990826,static,75.97618,70.70894,-10.92744,-0.9573638,75.34430864433433,75.64439610423901,112.64234669722703,115.37176532660789,92.00959551772276
351,351,05/15/2023 13:23:29.553387,580,True,True,True,True,Eyes,2.406328,0.05115512,-2.454515,-0.7963781,-0.5684804,-0.2064264,0.0,0.0,0.0,0.0,0.0,0.0,0.0,2.818115,0.9271774,1.467448,2.394943,0.05362457,-2.283901,0.1791918,-0.7560852,0.2358583,0.5836064,34.45876,255.4209,0.30077,0.6885554,0.01450013,-0.7250382,0.0,0.0,0.0,1.561766,-0.5289371,-2.658424,-0.1948407,-0.02008941,1.007505,-0.2545879,0.004328359,0.9670401,-0.5462654,0.8245223,-0.147503,-0.7979847,-0.5658129,-0.207549,static,75.46838,70.04305,-10.94527,-1.142312,74.83435912951718,74.98598369544686,111.95836131970466,114.6894161598659,92.3110795038283
352,352,05/15/2023 13:23:29.563146,581,True,True,True,True,Eyes,2.405232,0.05096196,-2.447333,-0.7949823,-0.5677514,-0.2136854,0.0,0.0,0.0,0.0,0.0,0.0,0.0,2.832555,0.9016343,1.439429,2.390537,0.05232288,-2.278346,0.1768512,-0.7595138,0.2374094,0.5792232,34.43729,254.7975,0.4435136,0.6897064,0.01453835,-0.7239428,0.0,0.0,0.0,1.561766,-0.5289371,-2.658424,-0.1959554,-0.02233456,1.008081,-0.2664486,0.006384139,0.9638281,-0.5436679,0.8247209,-0.1557587,-0.7958836,-0.565504,-0.2162749,static,74.95492,69.3751,-11.00024,-1.269211,74.3188718763668,74.32540619927765,111.26054200519752,113.99077594646559,92.61977265135863
353,353,05/15/2023 13:23:29.589346,582,True,True,True,True,Eyes,2.403983,0.05071912,-2.440252,-0.7935839,-0.5669826,-0.2208061,0.0,0.0,0.0,0.0,0.0,0.0,0.0,2.846547,0.8761511,1.410449,2.385682,0.05098392,-2.27283,0.1745158,-0.7630948,0.2384264,0.57479,34.36782,254.143,0.5376875,0.6908297,0.01456966,-0.7228703,0.0,0.0,0.0,1.561766,-0.5289371,-2.658424,-0.1979901,-0.02243125,1.008683,-0.2783217,0.007746004,0.9604568,-0.5404343,0.8253942,-0.1632641,-0.7940202,-0.5645037,-0.2255389,static,74.45135,68.72204,-11.10516,-1.273942,73.8133688721789,73.67950556043495,110.54118643982625,113.26595184348186,92.94826885667534
354,354,05/15/2023 13:23:29.603418,583,True,True,True,True,Eyes,2.402585,0.05042747,-2.433241,-0.7921325,-0.5661701,-0.2279858,0.0,0.0,0.0,0.0,0.0,0.0,0.0,2.859107,0.8503141,1.383129,2.380587,0.04952432,-2.267361,0.1720023,-0.766569,0.2391352,0.5706152,34.25808,253.5229,0.6381401,0.6919254,0.01459332,-0.7218212,0.0,0.0,0.0,1.561766,-0.5289371,-2.658424,-0.2008216,-0.02291392,1.009063,-0.2896271,0.009205155,0.9570953,-0.5366115,0.8264592,-0.170333,-0.7925682,-0.5629213,-0.2344254,static,73.9435,68.0663,-11.25582,-1.300856,73.30364771699689,73.03088489451625,109.86685787802769,112.58557316544308,93.23095997257761
355,355,05/15/2023 13:23:29.613343,584,True,True,True,True,Eyes,2.401016,0.05009096,-2.426277,-0.7906842,-0.5652757,-0.2351211,0.0,0.0,0.0,0.0,0.0,0.0,0.0,2.871179,0.8232496,1.356743,2.375599,0.04804318,-2.261942,0.1692085,-0.7700956,0.2395282,0.5665224,34.10007,252.9091,0.7461079,0.692993,0.01460867,-0.720796,0.0,0.0,0.0,1.561766,-0.5289371,-2.658424,-0.2035785,-0.02366266,1.009627,-0.3008417,0.01078275,0.9536132,-0.5320097,0.8279895,-0.1771984,-0.7914922,-0.56064,-0.2433572,static,73.43941,67.4156,-11.40011,-1.342597,72.79770546179606,72.38724501548565,109.20363459391453,111.91676251646638,93.50830357415173
356,356,05/15/2023 13:23:29.633277,585,True,True,True,True,Eyes,2.399272,0.04972192,-2.419384,-0.7891579,-0.5643703,-0.2423138,0.0,0.0,0.0,0.0,0.0,0.0,0.0,2.8828,0.798666,1.328068,2.370096,0.04663999,-2.256687,0.1669082,-0.7735689,0.2399786,0.5622661,33.98484,252.2685,0.8039014,0.6940323,0.01461524,-0.7197952,0.0,0.0,0.0,1.561766,-0.5289371,-2.658424,-0.2061507,-0.024189,1.010288,-0.3119971,0.01163366,0.9500118,-0.5280936,0.8291039,-0.1835863,-0.7897943,-0.5589735,-0.2525343,static,72.9307,66.76361,-11.53296,-1.371553,72.28725367871601,71.74221560096281,108.51963093206763,111.22702630287635,93.80642975570025
357,357,05/15/2023 13:23:29.653472,586,True,True,True,True,Eyes,2.397358,0.04932048,-2.412541,-0.7876402,-0.5634119,-0.2493791,0.0,0.0,0.0,0.0,0.0,0.0,0.0,2.893222,0.7750044,1.299464,2.364129,0.04547843,-2.251398,0.1647823,-0.7768982,0.2404436,0.5580888,33.88491,251.643,0.8516833,0.6950424,0.01461295,-0.7188198,0.0,0.0,0.0,1.561766,-0.5289371,-2.658424,-0.2096288,-0.02485429,1.010788,-0.3227678,0.0123396,0.946398,-0.5244159,0.8300674,-0.1896741,-0.7879146,-0.5575266,-0.2614479,static,72.4314,66.12472,-11.71656,-1.408564,71.78627246497757,71.11012089632733,107.89635591615804,110.59693797192998,94.05139017012966
358,358,05/15/2023 13:23:29.663101,587,True,True,True,True,Eyes,2.395283,0.04890233,-2.405757,-0.7860338,-0.5625034,-0.2563998,0.0,0.0,0.0,0.0,0.0,0.0,0.0,2.900838,0.7540872,1.274502,2.358231,0.04430081,-2.246029,0.1628106,-0.7798706,0.2404386,0.5545124,33.75088,251.0938,0.8758793,0.6960234,0.01460175,-0.7178701,0.0,0.0,0.0,1.561766,-0.5289371,-2.658424,-0.2138599,-0.02616819,1.01111,-0.3320177,0.01271007,0.9431877,-0.5205947,0.831364,-0.1944611,-0.7866039,-0.555583,-0.2694108,static,71.93397,65.4956,-11.94262,-1.482521,71.28736871887536,70.48751149350608,107.33755653413554,110.03143459603007,94.23963282939215
359,359,05/15/2023 13:23:29.688936,588,True,True,True,True,Eyes,2.392997,0.04848592,-2.399007,-0.7844563,-0.5615294,-0.2632739,0.0,0.0,0.0,0.0,0.0,0.0,0.0,2.908209,0.7288409,1.251936,2.352385,0.0433677,-2.240677,0.1603416,-0.7823818,0.2420554,0.5509796,33.74168,250.64,1.091374,0.6969753,0.01458203,-0.7169464,0.0,0.0,0.0,1.561766,-0.5289371,-2.658424,-0.2175077,-0.02753869,1.011767,-0.3414244,0.01583849,0.9397759,-0.5176319,0.8313994,-0.2020697,-0.7845297,-0.5554495,-0.2756615,static,71.44756,64.8804,-12.13267,-1.559115,70.79951714628865,69.87867846874299,106.77014564141105,109.45823861432189,94.44770972653815
360,360,05/15/2023 13:23:29.705023,589,True,True,True,True,Eyes,2.390532,0.04806943,-2.392339,-0.7829047,-0.5604032,-0.2702006,0.0,0.0,0.0,0.0,0.0,0.0,0.0,2.916626,0.6940528,1.230242,2.345419,0.04298492,-2.23586,0.1563942,-0.7854855,0.2426572,0.5474219,33.5342,250.1608,1.373556,0.6978974,0.0145547,-0.7160494,0.0,0.0,0.0,1.561766,-0.5289371,-2.658424,-0.2213877,-0.02886422,1.012283,-0.3517401,0.01998094,0.9358842,-0.5113624,0.8333167,-0.2099802,-0.7840837,-0.5524346,-0.2828934,static,70.95912,64.25877,-12.33643,-1.633288,70.30952422964913,69.26357775146025,106.2069298929117,108.88856378844308,94.6489821426327
361,361,05/15/2023 13:23:29.713218,590,True,True,True,True,Eyes,2.38791,0.04763481,-2.385732,-0.7814501,-0.5591049,-0.2770151,0.0,0.0,0.0,0.0,0.0,0.0,0.0,2.924418,0.6612488,1.207893,2.338617,0.04263107,-2.231039,0.1524969,-0.7889768,0.2416582,0.5439315,33.17659,249.6198,1.523847,0.6987888,0.01452055,-0.7151803,0.0,0.0,0.0,1.561766,-0.5289371,-2.658424,-0.2260025,-0.02963178,1.012714,-0.3617662,0.02225803,0.9320029,-0.5035241,0.836692,-0.2154298,-0.7845944,-0.5472212,-0.2914794,static,70.48116,63.64333,-12.58028,-1.675983,69.82984971884552,68.65477812569021,105.66842227300249,108.34133763617581,94.82761017407255
362,362,05/15/2023 13:23:29.733120,591,True,True,True,True,Eyes,2.385097,0.04722957,-2.379177,-0.7798659,-0.5579173,-0.2837915,0.0,0.0,0.0,0.0,0.0,0.0,0.0,2.931635,0.635592,1.181473,2.332165,0.04173195,-2.225669,0.1500018,-0.7919321,0.2424687,0.5399555,33.09481,249.067,1.65954,0.6996504,0.01447965,-0.7143382,0.0,0.0,0.0,1.561766,-0.5289371,-2.658424,-0.2305745,-0.02826734,1.01337,-0.3718951,0.02426212,0.9279577,-0.4994271,0.8374168,-0.2220489,-0.7824747,-0.5460261,-0.2993141,static,70.00367,63.03928,-12.81841,-1.597817,69.3509409881511,68.05698297249565,105.05927490761493,107.71997679642503,95.07667145329893
363,363,05/15/2023 13:23:29.753022,592,True,True,True,True,Eyes,2.382073,0.0468532,-2.372615,-0.7783998,-0.556569,-0.2903872,0.0,0.0,0.0,0.0,0.0,0.0,0.0,2.937243,0.6091844,1.1564,2.324741,0.04203698,-2.220265,0.1477673,-0.7943068,0.2446549,0.5360835,33.16784,248.5935,1.88716,0.7004808,0.0144336,-0.7135251,0.0,0.0,0.0,1.561766,-0.5289371,-2.658424,-0.2344821,-0.02641555,1.0144,-0.3815585,0.02756577,0.9239336,-0.4970561,0.8366176,-0.2302308,-0.7793256,-0.5470933,-0.3055169,static,69.54164,62.44692,-13.01551,-1.491677,68.88732364559016,67.47095178776922,104.42139245600448,107.06968912113676,95.36318006628369
364,364,05/15/2023 13:23:29.763423,593,True,True,True,True,Eyes,2.378882,0.04649385,-2.3661,-0.7769696,-0.5551624,-0.2968386,0.0,0.0,0.0,0.0,0.0,0.0,0.0,2.939307,0.5838612,1.138546,2.317193,0.04231462,-2.214845,0.1450539,-0.7965108,0.2450248,0.5333787,33.02925,248.2303,2.071701,0.7012806,0.01438378,-0.7127398,0.0,0.0,0.0,1.561766,-0.5289371,-2.658424,-0.2389112,-0.02464485,1.015457,-0.388933,0.030308,0.9207672,-0.4924559,0.8378444,-0.2355925,-0.7786001,-0.5450671,-0.3109401,static,69.09081,61.86712,-13.23946,-1.390279,68.4348957156476,66.8973904181752,103.82568028439833,106.46081991104577,95.61616181966487
365,365,05/15/2023 13:23:29.785033,594,True,True,True,True,Eyes,2.375525,0.04618135,-2.359648,-0.7757026,-0.5536658,-0.3028857,0.0,0.0,0.0,0.0,0.0,0.0,0.0,2.937353,0.5630838,1.128889,2.310009,0.04233243,-2.209425,0.142472,-0.7979975,0.2447685,0.5319681,32.83561,248.0411,2.253158,0.7020503,0.01433107,-0.7119828,0.0,0.0,0.0,1.561766,-0.5289371,-2.658424,-0.2443398,-0.02155305,1.016418,-0.3934232,0.03303357,0.9187638,-0.4878026,0.8395803,-0.2390682,-0.7792733,-0.5422304,-0.3141965,static,68.67104,61.31891,-13.51702,-1.214769,68.0134100292604,66.35528286127811,103.27312436369223,105.89108994288397,95.83999761872546
366,366,05/15/2023 13:23:29.803213,595,True,True,True,True,Eyes,2.371961,0.04594099,-2.353269,-0.7744678,-0.5521241,-0.3088019,0.0,0.0,0.0,0.0,0.0,0.0,0.0,2.936912,0.5364497,1.117253,2.302539,0.0431055,-2.204074,0.1394753,-0.7994624,0.2460766,0.5299555,32.77145,247.8379,2.577212,0.7027887,0.0142772,-0.7112551,0.0,0.0,0.0,1.561766,-0.5289371,-2.658424,-0.2497237,-0.02260289,1.016695,-0.3993874,0.03780879,0.9160022,-0.4838297,0.839986,-0.2456265,-0.7787157,-0.5412893,-0.3171868,static,68.26146,60.78181,-13.79998,-1.273575,67.60209605614105,65.8242144047577,102.88318979489227,105.49128556072765,95.9239105373608
367,367,05/15/2023 13:23:29.813111,596,True,True,True,True,Eyes,2.368262,0.04573191,-2.346962,-0.7733459,-0.5504634,-0.3145252,0.0,0.0,0.0,0.0,0.0,0.0,0.0,2.934587,0.5132434,1.107656,2.294029,0.04456714,-2.199446,0.1367963,-0.8008653,0.2459483,0.5285935,32.58582,247.6653,2.782468,0.7034958,0.01422438,-0.7105567,0.0,0.0,0.0,1.561766,-0.5289371,-2.658424,-0.2529387,-0.02039632,1.018188,-0.4037513,0.04090266,0.913954,-0.4791241,0.8415924,-0.2493236,-0.7793748,-0.5385621,-0.3201967,static,67.86808,60.25711,-13.95104,-1.147595,67.20680950321203,65.30561817005832,102.29812409673711,104.8934033989327,96.20449886885575
368,368,05/15/2023 13:23:29.833359,597,True,True,True,True,Eyes,2.364463,0.04554931,-2.340705,-0.7720487,-0.5490776,-0.3200852,0.0,0.0,0.0,0.0,0.0,0.0,0.0,2.93131,0.5013471,1.097239,2.286969,0.04507351,-2.194448,0.1355602,-0.8020713,0.2452794,0.5273926,32.44231,247.4683,2.802263,0.7041715,0.0141735,-0.7098882,0.0,0.0,0.0,1.561766,-0.5289371,-2.658424,-0.2533031,-0.0170522,1.020279,-0.4069609,0.0412592,0.9125133,-0.476175,0.8429229,-0.2504764,-0.7795128,-0.5364501,-0.3233901,static,67.4815,59.75993,-13.94283,-0.9575109,66.81885902537088,64.81378805921862,101.570316261169,104.15524077555399,96.64427556292993
369,369,05/15/2023 13:23:29.853268,598,True,True,True,True,Eyes,2.360542,0.04543098,-2.334493,-0.7705225,-0.5479879,-0.325583,0.0,0.0,0.0,0.0,0.0,0.0,0.0,2.929906,0.4962455,1.080033,2.280725,0.04557137,-2.18936,0.1363347,-0.8025278,0.2484089,0.5250286,32.81099,247.2308,2.865684,0.7048169,0.01412512,-0.7092482,0.0,0.0,0.0,1.561766,-0.5289371,-2.658424,-0.2518554,-0.01439358,1.0232,-0.4115157,0.04201878,0.9104337,-0.4796684,0.8394118,-0.2555509,-0.7749665,-0.5418694,-0.325276,static,67.09359,59.28365,-13.82816,-0.8059388,66.43019040519472,64.34208178018079,100.79230280738498,103.37150185268027,97.15110523126496
370,370,05/15/2023 13:23:29.863650,599,True,True,True,True,Eyes,2.356477,0.04536335,-2.328351,-0.7689974,-0.5468271,-0.3310938,0.0,0.0,0.0,0.0,0.0,0.0,0.0,2.931332,0.484024,1.057517,2.273958,0.0470195,-2.184544,0.1366353,-0.803432,0.2524952,0.5216073,33.24809,246.8828,3.005731,0.705433,0.01408095,-0.7086365,0.0,0.0,0.0,1.561766,-0.5289371,-2.658424,-0.2496155,-0.003345229,1.027555,-0.4185134,0.04385233,0.9071515,-0.4829609,0.8351541,-0.2631854,-0.7691525,-0.5482652,-0.3283441,static,66.70558,58.80587,-13.65391,-0.186527,66.04138403366325,63.86892507816539,99.68826679637733,102.24696001373431,97.95986039367828
371,371,05/15/2023 13:23:29.885470,600,True,True,True,True,Eyes,2.35233,0.04533609,-2.322301,-0.7674449,-0.5455574,-0.3367424,0.0,0.0,0.0,0.0,0.0,0.0,0.0,2.932277,0.4616817,1.039384,2.266482,0.0481402,-2.180015,0.1342758,-0.8057184,0.2518736,0.5189871,33.04197,246.4878,3.081426,0.7060181,0.01404219,-0.7080541,0.0,0.0,0.0,1.561766,-0.5289371,-2.658424,-0.2473612,0.005987681,1.031401,-0.4252448,0.04506137,0.9039559,-0.4778153,0.8370594,-0.2665036,-0.7686738,-0.5452533,-0.3344241,static,66.30891,58.31526,-13.48654,0.3326205,65.64384081109861,63.38311769557623,98.63721571541576,101.1779737092953,98.71693222689419
372,372,05/15/2023 13:23:29.903364,601,True,True,True,True,Eyes,2.348066,0.04536068,-2.316302,-0.7658443,-0.5442764,-0.3424116,0.0,0.0,0.0,0.0,0.0,0.0,0.0,2.932758,0.4403713,1.021815,2.259801,0.04904482,-2.174855,0.1318978,-0.8080582,0.2509976,0.5163771,32.8103,246.085,3.141311,0.7065747,0.01400942,-0.7074993,0.0,0.0,0.0,1.561766,-0.5289371,-2.658424,-0.2488925,0.002902701,1.034124,-0.4319158,0.04605667,0.9007375,-0.4723809,0.8392064,-0.2694234,-0.7683134,-0.5418593,-0.3407102,static,65.91042,57.82545,-13.53254,0.1608241,65.24455678104988,62.89802513016961,98.1651311502641,100.70644155341213,98.9274852146229
373,373,05/15/2023 13:23:29.913140,602,True,True,True,True,Eyes,2.343649,0.04542053,-2.310348,-0.7642093,-0.5427964,-0.3483621,0.0,0.0,0.0,0.0,0.0,0.0,0.0,2.934107,0.4194108,1.000807,2.252745,0.05029787,-2.170051,0.1299587,-0.8103661,0.2509665,0.5132576,32.69413,245.6366,3.201028,0.7071029,0.01398366,-0.7069718,0.0,0.0,0.0,1.561766,-0.5289371,-2.658424,-0.2513514,0.02081382,1.040318,-0.4393547,0.0469925,0.8970835,-0.4682491,0.8402532,-0.2733447,-0.7666224,-0.5401539,-0.347165,static,65.49429,57.308,-13.58292,1.146173,64.82743514400902,62.38571075020667,96.991525162573,99.49102862906088,99.76841475012232
374,374,05/15/2023 13:23:29.933190,603,True,True,True,True,Eyes,2.339127,0.0454523,-2.304437,-0.7626475,-0.5410755,-0.3544094,0.0,0.0,0.0,0.0,0.0,0.0,0.0,2.934868,0.3972377,0.9804912,2.244943,0.05111061,-2.165692,0.1271817,-0.8133439,0.2481569,0.5106023,32.2458,245.1516,3.154002,0.7076013,0.01396539,-0.7064735,0.0,0.0,0.0,1.561766,-0.5289371,-2.658424,-0.255422,0.01816089,1.041159,-0.4462204,0.04653401,0.8937127,-0.460304,0.8444858,-0.2737953,-0.7674686,-0.5335525,-0.3554071,static,65.07527,56.77483,-13.78385,0.9993065,64.40708594341372,61.85813817821313,96.59021601007761,99.08390311722741,99.88297124102498
375,375,05/15/2023 13:23:29.953434,604,True,True,True,True,Eyes,2.334544,0.04545379,-2.29855,-0.760808,-0.5394973,-0.360713,0.0,0.0,0.0,0.0,0.0,0.0,0.0,2.935656,0.3738747,0.9600201,2.237903,0.050402,-2.160727,0.1238254,-0.8165283,0.245009,0.5078579,31.72783,244.6545,3.143754,0.7080723,0.01395298,-0.7060016,0.0,0.0,0.0,1.561766,-0.5289371,-2.658424,-0.2552541,0.01297258,1.046381,-0.4534954,0.04664566,0.8900374,-0.4510733,0.8492758,-0.2743421,-0.768684,-0.5258849,-0.3641021,static,64.63351,56.23294,-13.70899,0.7102917,63.964475852810736,61.321438989096045,96.02245456400026,98.52349198687718,100.17281705070737
376,376,05/15/2023 13:23:29.963410,605,True,True,True,True,Eyes,2.329878,0.04544286,-2.292679,-0.7587926,-0.5381164,-0.3669665,0.0,0.0,0.0,0.0,0.0,0.0,0.0,2.937571,0.3618652,0.9309103,2.231692,0.04966897,-2.154982,0.1233021,-0.8190414,0.2453431,0.5037602,31.7438,244.0547,3.047372,0.7085178,0.01394496,-0.7055548,0.0,0.0,0.0,1.561766,-0.5289371,-2.658424,-0.2513533,0.02125235,1.049745,-0.4620444,0.04520907,0.8857036,-0.4491673,0.8492067,-0.277663,-0.7646983,-0.5261217,-0.3720647,static,64.1907,55.70811,-13.46551,1.159809,63.5213140785378,60.801167356203074,94.89996888066244,97.38615254887505,100.99621069957601
377,377,05/15/2023 13:23:29.985565,606,True,True,True,True,Eyes,2.325135,0.0454467,-2.286777,-0.7564093,-0.5371168,-0.3732966,0.0,0.0,0.0,0.0,0.0,0.0,0.0,2.936157,0.3672525,0.9039507,2.22497,0.04940003,-2.149438,-0.1257059,0.8203325,-0.246482,-0.5004991,32.02071,243.5617,2.737025,0.7089382,0.01394057,-0.7051324,0.0,0.0,0.0,1.561766,-0.5289371,-2.658424,-0.2442513,0.02712356,1.053005,-0.4673975,0.04048682,0.8831198,-0.4529692,0.8468893,-0.278563,-0.7591829,-0.5302257,-0.3774946,static,63.73314,55.20066,-13.05919,1.475513,63.06434125116336,60.29720244599667,93.72007984952054,96.20178355637758,101.89614339528069
378,378,05/15/2023 13:23:30.003370,607,True,True,True,True,Eyes,2.320342,0.04548221,-2.280912,-0.7538862,-0.5363616,-0.379436,0.0,0.0,0.0,0.0,0.0,0.0,0.0,2.933175,0.3780121,0.8803277,2.218812,0.04980257,-2.143776,-0.1290812,0.8209406,-0.2483791,-0.4976974,32.43182,243.1501,2.396937,0.7093345,0.01393994,-0.7047337,0.0,0.0,0.0,1.561766,-0.5289371,-2.658424,-0.2355587,0.02389774,1.056714,-0.4712709,0.03529923,0.8812819,-0.4591712,0.8432917,-0.2793221,-0.7530376,-0.5362957,-0.3812104,static,63.28358,54.72343,-12.56669,1.295531,62.61594029493082,59.82264640494564,92.7782509569301,95.27775782252684,102.59773832353751
379,379,05/15/2023 13:23:30.013356,608,True,True,True,True,Eyes,2.315488,0.04557419,-2.275049,-0.7511441,-0.535834,-0.3855703,0.0,0.0,0.0,0.0,0.0,0.0,0.0,2.928862,0.3882093,0.8627148,2.212769,0.05065921,-2.138762,-0.1322334,0.8210107,-0.2504449,-0.4957146,32.84281,242.8726,2.126048,0.7097083,0.01394369,-0.7043573,0.0,0.0,0.0,1.561766,-0.5289371,-2.658424,-0.2246653,0.02253875,1.060819,-0.4735625,0.03116834,0.8802084,-0.4654285,0.8395833,-0.2801359,-0.7477396,-0.542336,-0.3830885,static,62.82809,54.26233,-11.95769,1.217155,62.16223614082096,59.36346758080987,91.68807709287519,94.20592931374331,103.45385408899098
380,380,05/15/2023 13:23:30.033002,609,True,True,True,True,Eyes,2.31057,0.04573029,-2.269233,-0.7483206,-0.5354265,-0.3915797,0.0,0.0,0.0,0.0,0.0,0.0,0.0,2.925033,0.3929633,0.8456445,2.206784,0.05214277,-2.133714,-0.1344818,0.821444,-0.2519322,-0.4936341,33.1386,242.5721,1.901614,0.7100622,0.01395315,-0.7040004,0.0,0.0,0.0,1.561766,-0.5289371,-2.658424,-0.2144096,0.02479899,1.064359,-0.47648,0.02778611,0.878746,-0.4696632,0.8368896,-0.2811269,-0.7432248,-0.5466661,-0.385711,static,62.37793,53.82044,-11.38951,1.334719,61.71421779698582,58.92299081440922,90.53389482974562,93.06215164279234,104.37436306843318
381,381,05/15/2023 13:23:30.053405,610,True,True,True,True,Eyes,2.30559,0.04591428,-2.263461,-0.745526,-0.5348087,-0.3977067,0.0,0.0,0.0,0.0,0.0,0.0,0.0,2.922909,0.3844501,0.8281579,2.200338,0.05386211,-2.129002,-0.1347387,0.8224403,-0.2535384,-0.4910763,33.32409,242.2447,1.878083,0.7103941,0.01396971,-0.703665,0.0,0.0,0.0,1.561766,-0.5289371,-2.658424,-0.2067171,0.02822295,1.06746,-0.4813795,0.02738427,0.8760847,-0.4706424,0.8351276,-0.2847064,-0.739439,-0.5493743,-0.3891251,static,61.92196,53.36392,-10.95985,1.51451,61.26017366866264,58.46821598955796,89.44338738120443,91.97530344960653,105.21882354891032
382,382,05/15/2023 13:23:30.063488,611,True,True,True,True,Eyes,2.300571,0.04614051,-2.257706,-0.7427534,-0.5340955,-0.4038061,0.0,0.0,0.0,0.0,0.0,0.0,0.0,2.919798,0.3710167,0.8155069,2.193842,0.05467132,-2.124146,-0.1329278,0.8243951,-0.2512611,-0.4894597,32.98384,241.9388,1.830493,0.7107071,0.01399367,-0.7033471,0.0,0.0,0.0,1.561766,-0.5289371,-2.658424,-0.2016374,0.02988,1.070136,-0.4855188,0.02679427,0.8738155,-0.4651345,0.838396,-0.2841513,-0.7402171,-0.5444025,-0.3945942,static,61.4688,52.90868,-10.67069,1.599379,60.80888585734714,58.01476429580882,88.5254222614538,91.0605593153304,105.89314106704141
383,383,05/15/2023 13:23:30.086091,612,True,True,True,True,Eyes,2.29547,0.04639501,-2.252004,-0.7399917,-0.5331562,-0.4100693,0.0,0.0,0.0,0.0,0.0,0.0,0.0,2.918296,0.3526835,0.7989635,2.187899,0.05588271,-2.118763,-0.1308599,0.826529,-0.2504203,-0.4868421,32.77732,241.5494,1.875111,0.7110016,0.01402561,-0.7030479,0.0,0.0,0.0,1.561766,-0.5289371,-2.658424,-0.1978119,0.03267284,1.072548,-0.491721,0.02751117,0.8703182,-0.4601493,0.8403308,-0.286543,-0.7392383,-0.5413755,-0.4005491,static,61.0068,52.43484,-10.44974,1.744852,60.34852952582403,57.54308904545732,87.60999938484045,90.14343140369279,106.55274619439489
384,384,05/15/2023 13:23:30.103528,613,True,True,True,True,Eyes,2.290287,0.04666139,-2.246332,-0.7373363,-0.5318886,-0.4164489,0.0,0.0,0.0,0.0,0.0,0.0,0.0,2.917711,0.3282726,0.7782981,2.180623,0.05675045,-2.113814,-0.1276635,0.8294958,-0.2482159,-0.4837641,32.36467,241.0602,1.924324,0.7112772,0.01406567,-0.7027674,0.0,0.0,0.0,1.561766,-0.5289371,-2.658424,-0.1954735,0.03511585,1.074355,-0.4993487,0.02836318,0.8659367,-0.4519485,0.8441818,-0.28827,-0.7391843,-0.535306,-0.4087224,static,60.54216,51.94038,-10.31188,1.872076,59.88505412973517,57.0514356371032,86.75903439848794,89.28813634058643,107.13874256130472
385,385,05/15/2023 13:23:30.113179,614,True,True,True,True,Eyes,2.285042,0.04690432,-2.240628,-0.7345454,-0.5305389,-0.4230502,0.0,0.0,0.0,0.0,0.0,0.0,0.0,2.916233,0.312658,0.7564337,2.173506,0.05723269,-2.10878,-0.1252711,0.8327817,-0.2436942,-0.4810352,31.76307,240.5184,1.739161,0.7115344,0.01411347,-0.7025055,0.0,0.0,0.0,1.561766,-0.5289371,-2.658424,-0.1932358,0.03194194,1.075669,-0.5058246,0.02580405,0.8622503,-0.443098,0.8498405,-0.2853686,-0.7401389,-0.5264078,-0.4184365,static,60.06087,51.43124,-10.18413,1.700896,59.40505332610465,56.54509601967572,86.06664359296427,88.60327709397886,107.57089059255512
386,386,05/15/2023 13:23:30.133217,615,True,True,True,True,Eyes,2.279723,0.04714258,-2.23494,-0.7316387,-0.5292559,-0.4296429,0.0,0.0,0.0,0.0,0.0,0.0,0.0,2.914872,0.3066237,0.7290785,2.16714,0.05690524,-2.10293,-0.1250885,0.8354668,-0.2416453,-0.4774472,31.54846,239.9064,1.461214,0.7117745,0.01416759,-0.7022608,0.0,0.0,0.0,1.561766,-0.5289371,-2.658424,-0.1905001,0.03361346,1.077212,-0.5127942,0.02173126,0.8582366,-0.4397603,0.8519208,-0.284327,-0.7373284,-0.5232195,-0.4273035,static,59.57711,50.93077,-10.02881,1.787284,58.92289681615404,56.04704427153192,85.20602276411331,87.7408653797361,108.16674761070354
387,387,05/15/2023 13:23:30.153251,616,True,True,True,True,Eyes,2.274305,0.04738626,-2.229264,-0.7286013,-0.5279759,-0.4363273,0.0,0.0,0.0,0.0,0.0,0.0,0.0,2.912786,0.3040165,0.7014909,2.160045,0.05705237,-2.097568,-0.1260988,0.8373885,-0.241622,-0.4738126,31.61154,239.3429,1.196283,0.7119977,0.01422734,-0.7020329,0.0,0.0,0.0,1.561766,-0.5289371,-2.658424,-0.1866662,0.03479505,1.078235,-0.5192012,0.01777979,0.8544669,-0.4401545,0.8514358,-0.2851686,-0.7325939,-0.5241573,-0.4342407,static,59.08447,50.42915,-9.82181,1.848315,58.43210889622395,55.54760448807532,84.30998133516356,86.84590454486863,108.80021995864722
388,388,05/15/2023 13:23:30.173538,617,True,True,True,True,Eyes,2.268814,0.0476152,-2.223597,-0.7255684,-0.5265434,-0.4430605,0.0,0.0,0.0,0.0,0.0,0.0,0.0,2.910474,0.2965217,0.674804,2.152384,0.057428,-2.092389,-0.125782,0.8399622,-0.2395004,-0.4704063,31.37786,238.7648,0.94098,0.7122043,0.01429239,-0.7018219,0.0,0.0,0.0,1.561766,-0.5289371,-2.658424,-0.1821145,0.03169371,1.079372,-0.5257937,0.01402072,0.8504966,-0.4366292,0.8536369,-0.2840052,-0.7299973,-0.5206798,-0.442715,static,58.59013,49.92103,-9.576898,1.681898,57.9394973198539,55.04183981976917,83.50902683223059,86.05665010907606,109.34639990260365
389,389,05/15/2023 13:23:30.186195,618,True,True,True,True,Eyes,2.263249,0.04783172,-2.217928,-0.7222095,-0.5253293,-0.4499361,0.0,0.0,0.0,0.0,0.0,0.0,0.0,2.907452,0.290909,0.6497035,2.145167,0.05727993,-2.086863,-0.1254052,0.8425378,-0.2367603,-0.4672775,31.07483,238.2112,0.6655115,0.7123947,0.01436183,-0.7016272,0.0,0.0,0.0,1.561766,-0.5289371,-2.658424,-0.177082,0.03019461,1.080034,-0.5318506,0.009948284,0.8467798,-0.4325828,0.8564361,-0.281761,-0.7280158,-0.5161571,-0.4511926,static,58.07712,49.42048,-9.311345,1.601406,57.42901076000413,54.54279369656725,82.6309206851388,85.1884124644318,109.96937742833914
390,390,05/15/2023 13:23:30.203436,619,True,True,True,True,Eyes,2.257598,0.04804517,-2.212273,-0.7188289,-0.5241142,-0.4567158,0.0,0.0,0.0,0.0,0.0,0.0,0.0,2.903308,0.287824,0.6261065,2.137784,0.05722575,-2.081022,-0.1258902,0.8443766,-0.2359394,-0.4642335,31.01939,237.7234,0.4322035,0.7125692,0.01443492,-0.7014484,0.0,0.0,0.0,1.561766,-0.5289371,-2.658424,-0.1723617,0.03173077,1.080345,-0.5372782,0.006464547,0.8433806,-0.4316593,0.8569685,-0.2815585,-0.7245708,-0.5153282,-0.4576401,moving,57.56972,48.93094,-9.064755,1.682348,56.92425757496905,54.05454657377784,81.68587824408873,84.24605013928334,110.65946675337564
391,391,05/15/2023 13:23:30.213211,620,True,True,True,True,Eyes,2.251875,0.04826041,-2.206636,-0.7152538,-0.5230627,-0.4634839,0.0,0.0,0.0,0.0,0.0,0.0,0.0,2.898799,0.2788016,0.6066229,2.130059,0.05736195,-2.075648,-0.1253912,0.8459722,-0.2356594,-0.4615981,30.96292,237.3375,0.3611409,0.7127281,0.01451127,-0.7012856,0.0,0.0,0.0,1.561752,-0.5265779,-2.65845,-0.1686464,0.03484881,1.079051,-0.5424086,0.005404855,0.8400974,-0.4297147,0.8574834,-0.2829619,-0.721899,-0.5144832,-0.4627838,moving,57.0568,48.45597,-8.882975,1.84977,56.41455572635088,53.58018434540225,80.74770464533728,83.30548173623232,111.34497395002421
392,392,05/15/2023 13:23:30.239085,621,True,True,True,True,Eyes,2.246067,0.04847175,-2.201001,-0.7116426,-0.5219921,-0.4702011,0.0,0.0,0.0,0.0,0.0,0.0,0.0,2.894547,0.2658616,0.5872254,2.122482,0.05762772,-2.070184,-0.1240699,0.8478987,-0.2347849,-0.4588581,30.79771,236.935,0.3380761,0.7128713,0.01459067,-0.7011384,0.0,0.0,0.0,1.561739,-0.5242561,-2.658477,-0.1662017,0.03649214,1.077524,-0.548112,0.005068459,0.8363898,-0.4258633,0.8589655,-0.2842866,-0.7198709,-0.5120085,-0.4686508,moving,56.54621,47.98804,-8.768434,1.939676,55.90730239829488,53.11268778008738,79.91529608230975,82.47198320221653,111.9306602343442
393,393,05/15/2023 13:23:30.255042,622,True,True,True,True,Eyes,2.240197,0.04866827,-2.195387,-0.707784,-0.5210828,-0.4769848,0.0,0.0,0.0,0.0,0.0,0.0,0.0,2.890696,0.2498448,0.5646839,2.114635,0.05773102,-2.064558,-0.122538,0.8499789,-0.2346263,-0.4554895,30.6961,236.4715,0.3618266,0.7129992,0.01467279,-0.7010068,0.0,0.0,0.0,1.561725,-0.5219215,-2.658503,-0.1650771,0.03997247,1.075433,-0.5550273,0.005430206,0.8318142,-0.422049,0.8598699,-0.2872253,-0.7168117,-0.5104843,-0.4749596,moving,56.02346,47.52987,-8.726696,2.128632,55.38853857311278,52.65422693209968,79.08131962705845,81.63087067775213,112.5173033902909
394,394,05/15/2023 13:23:30.273524,623,True,True,True,True,Eyes,2.234236,0.04884441,-2.189759,-0.7038913,-0.5201186,-0.4837497,0.0,0.0,0.0,0.0,0.0,0.0,0.0,2.886853,0.2305856,0.540606,2.106764,0.05756158,-2.058537,-0.1204541,0.8523137,-0.2344705,-0.4517476,30.56493,235.9678,0.4334266,0.7131121,0.01475696,-0.7008904,0.0,0.0,0.0,1.561711,-0.5195115,-2.65853,-0.1634628,0.04313239,1.07344,-0.56283,0.006513569,0.8265472,-0.4171724,0.8610287,-0.2908551,-0.7135754,-0.5085146,-0.4818956,moving,55.50118,47.07485,-8.658453,2.300991,54.8703158290511,52.19882012513287,78.23782305539035,80.78179139098101,113.11770194620868
395,395,05/15/2023 13:23:30.286353,624,True,True,True,True,Eyes,2.228203,0.04900248,-2.184139,-0.6997668,-0.519318,-0.4905459,0.0,0.0,0.0,0.0,0.0,0.0,0.0,2.882521,0.2129869,0.5157411,2.098614,0.0572269,-2.052517,-0.1185428,0.8547016,-0.2339479,-0.447997,30.40605,235.4491,0.4636072,0.7132102,0.01484239,-0.7007891,0.0,0.0,0.0,1.561698,-0.5172132,-2.658556,-0.1614082,0.04336196,1.071053,-0.5704925,0.006978504,0.821273,-0.4122532,0.862432,-0.2936976,-0.7103418,-0.5061248,-0.489134,moving,54.96903,46.63197,-8.570011,2.318374,54.3428652945467,51.754817205077536,77.46550536626542,80.0124485340987,113.65694458107875
396,396,05/15/2023 13:23:30.313223,625,True,True,True,True,Eyes,2.222086,0.04914186,-2.17851,-0.6956249,-0.5183953,-0.4973653,0.0,0.0,0.0,0.0,0.0,0.0,0.0,2.87767,0.1975324,0.4916968,2.090493,0.05694988,-2.04655,-0.1169774,0.8569063,-0.2335239,-0.4444034,30.27737,234.9508,0.4697537,0.7132936,0.01492848,-0.7007026,0.0,0.0,0.0,1.561685,-0.5148965,-2.658582,-0.1597652,0.04410794,1.068602,-0.5776436,0.007080303,0.8162581,-0.408035,0.8635657,-0.296246,-0.7069901,-0.5041865,-0.4959442,moving,54.43559,46.18607,-8.50323,2.363617,53.8140830751421,51.30785996299102,76.69225808339202,79.24005570496257,114.19605488285875
397,397,05/15/2023 13:23:30.323229,626,True,True,True,True,Eyes,2.215953,0.04924195,-2.172916,-0.6911721,-0.5176129,-0.5043392,0.0,0.0,0.0,0.0,0.0,0.0,0.0,2.873068,0.1816824,0.4649236,2.082383,0.05661033,-2.040627,-0.115113,0.8595889,-0.2320255,-0.4404773,30.02001,234.3791,0.4304018,0.7133628,0.01501462,-0.7006307,0.0,0.0,0.0,1.561671,-0.5125483,-2.658608,-0.1579907,0.04770458,1.066085,-0.5854578,0.006504158,0.8106771,-0.4023037,0.8658264,-0.2974837,-0.7038404,-0.5003024,-0.5042881,moving,53.88226,45.74415,-8.429713,2.562131,53.26614643704882,50.86411916978048,75.81206199589278,78.35471353294388,114.83886508053439
398,398,05/15/2023 13:23:30.333587,627,True,True,True,True,Eyes,2.209745,0.04931045,-2.167306,-0.6866567,-0.5168113,-0.5112816,0.0,0.0,0.0,0.0,0.0,0.0,0.0,2.868207,0.1730565,0.4348118,2.07473,0.05572724,-2.034209,-0.1148025,0.8620153,-0.2314913,-0.4360757,29.94862,233.7381,0.2626767,0.7134181,0.01509959,-0.7005727,0.0,0.0,0.0,1.561658,-0.5102107,-2.658634,-0.1554487,0.04843244,1.063207,-0.5933171,0.003972443,0.8049594,-0.3998185,0.8664643,-0.2989729,-0.6986563,-0.4992233,-0.5124999,moving,53.32879,45.30817,-8.318131,2.608202,52.7182361921879,50.42610524431626,74.99086701713259,77.53702335466834,115.43097948805836
399,399,05/15/2023 13:23:30.353243,628,True,True,True,True,Eyes,2.203481,0.04936766,-2.161685,-0.6817768,-0.5161103,-0.5184695,0.0,0.0,0.0,0.0,0.0,0.0,0.0,2.862855,0.1595263,0.4077861,2.066698,0.0550274,-2.028155,-0.1136531,0.8642706,-0.2313219,-0.4319834,29.87054,233.1739,0.2246708,0.7134601,0.01518256,-0.7005284,0.0,0.0,0.0,1.561644,-0.5078561,-2.658661,-0.1526903,0.04752725,1.060434,-0.6009468,0.003400289,0.7992819,-0.3963084,0.8671463,-0.3016568,-0.69412,-0.4980418,-0.5197613,moving,52.74817,44.86935,-8.193618,2.566204,52.14395442985113,49.98449978444658,74.18529292342426,76.74058523251432,116.00662735752988
400,400,05/15/2023 13:23:30.363377,629,True,True,True,True,Eyes,2.197139,0.04940479,-2.156043,-0.6768476,-0.5153054,-0.5256782,0.0,0.0,0.0,0.0,0.0,0.0,0.0,2.857732,0.1401251,0.3789563,2.058812,0.05481994,-2.02192,-0.1117669,0.8667702,-0.2316146,-0.427285,29.80342,232.5565,0.2759011,0.7134894,0.01526343,-0.700497,0.0,0.0,0.0,1.56163,-0.505384,-2.658689,-0.1492847,0.0499396,1.057358,-0.6098716,0.004178484,0.7924895,-0.3916833,0.8677257,-0.3060006,-0.6889422,-0.4970258,-0.5275646,moving,52.16507,44.4291,-8.036276,2.704102,51.567231856575965,49.541436812489046,73.24737209150729,75.8044463151477,116.71163958194762
401,401,05/15/2023 13:23:30.386731,630,True,True,True,True,Eyes,2.19071,0.04941188,-2.150343,-0.671601,-0.5145004,-0.5331429,0.0,0.0,0.0,0.0,0.0,0.0,0.0,2.852217,0.1180598,0.3488617,2.050565,0.05434386,-2.015692,-0.1089965,0.8697411,-0.2306412,-0.4224632,29.55706,231.9066,0.3476107,0.7135063,0.01534181,-0.7004783,0.0,0.0,0.0,1.561617,-0.5031414,-2.658714,-0.1455619,0.05098224,1.054162,-0.6192895,0.005277399,0.7851452,-0.3844722,0.8698488,-0.3091021,-0.684589,-0.4932901,-0.5366592,moving,51.55609,43.98055,-7.86186,2.768827,50.965218837623006,49.08955400349904,72.31112566425189,74.87479518970719,117.41211392984818
402,402,05/15/2023 13:23:30.403506,631,True,True,True,True,Eyes,2.184221,0.0493837,-2.144603,-0.6662971,-0.5135971,-0.5406165,0.0,0.0,0.0,0.0,0.0,0.0,0.0,2.84606,0.09844756,0.318464,2.042458,0.05365695,-2.009141,-0.1066156,0.8726159,-0.2297679,-0.4175902,29.34331,231.2472,0.3831192,0.7135115,0.01541708,-0.7004715,0.0,0.0,0.0,1.561604,-0.500908,-2.658739,-0.1424532,0.05123055,1.050699,-0.6285036,0.00582872,0.7777853,-0.3779666,0.8716796,-0.311955,-0.6797979,-0.4900415,-0.5456507,moving,50.945,43.53184,-7.721051,2.791448,50.36115797516476,48.63745065434914,71.4246811700848,73.99593879948614,118.06444590671813
403,403,05/15/2023 13:23:30.413162,632,True,True,True,True,Eyes,2.177667,0.04930487,-2.138818,-0.6607255,-0.5127224,-0.5482313,0.0,0.0,0.0,0.0,0.0,0.0,0.0,2.839435,0.07943809,0.2878077,2.034506,0.05275157,-2.002382,-0.1042007,0.8755314,-0.2287052,-0.4126511,29.10911,230.5775,0.4124176,0.7135059,0.01548844,-0.7004758,0.0,0.0,0.0,1.561589,-0.4984545,-2.658766,-0.1394214,0.05088288,1.04724,-0.6377227,0.006288839,0.7702405,-0.371213,0.8736723,-0.3144801,-0.6749155,-0.4864743,-0.5548262,moving,50.3161,43.0831,-7.583319,2.781676,49.73984777034005,48.18475989484391,70.54464896053659,73.12581948766422,118.71016961769183
404,404,05/15/2023 13:23:30.433683,633,True,True,True,True,Eyes,2.171082,0.04917424,-2.133011,-0.6550407,-0.5118742,-0.5557936,0.0,0.0,0.0,0.0,0.0,0.0,0.0,2.832364,0.0627563,0.2587514,2.026646,0.05142199,-1.995805,-0.1021986,0.8781015,-0.2281587,-0.407967,28.95223,229.9522,0.43747,0.7134902,0.0155547,-0.7004905,0.0,0.0,0.0,1.561576,-0.4962059,-2.658792,-0.1360635,0.05071908,1.043545,-0.6462371,0.006680995,0.7631077,-0.3656439,0.8749981,-0.3173057,-0.6698378,-0.4840803,-0.5630134,moving,49.68583,42.64442,-7.42865,2.782537,49.117485085059954,47.74173264999818,69.64936138957836,72.24122553329687,119.37592999715129
405,405,05/15/2023 13:23:30.453660,634,True,True,True,True,Eyes,2.164462,0.04901093,-2.127176,-0.6490687,-0.511073,-0.5634841,0.0,0.0,0.0,0.0,0.0,0.0,0.0,2.8256,0.04291767,0.2277586,2.019277,0.05004148,-1.98941,-0.1000804,0.8806288,-0.228771,-0.402667,28.91574,229.2789,0.5216699,0.7134652,0.01561469,-0.7005147,0.0,0.0,0.0,1.561563,-0.4938877,-2.658818,-0.1331944,0.05044493,1.039583,-0.6556863,0.007969654,0.7549912,-0.3605044,0.8752955,-0.3223265,-0.6634092,-0.4835227,-0.5710461,moving,49.03736,42.20764,-7.301122,2.778052,48.47754798224085,47.29996794196797,68.7656670433296,71.36848761275104,120.0296449492101
406,406,05/15/2023 13:23:30.473027,635,True,True,True,True,Eyes,2.157788,0.048914,-2.121328,-0.6428059,-0.5105075,-0.571124,0.0,0.0,0.0,0.0,0.0,0.0,0.0,2.818597,0.02255327,0.1953807,2.011936,0.04919104,-1.983145,-0.09790533,0.8833125,-0.2290918,-0.3971026,28.84726,228.5648,0.5876743,0.7134317,0.015668,-0.7005478,0.0,0.0,0.0,1.56155,-0.4915796,-2.658844,-0.1316605,0.04951285,1.035615,-0.6654482,0.008983871,0.7463899,-0.3549079,0.875863,-0.3269625,-0.6566727,-0.4824763,-0.579653,moving,48.37936,41.7924,-7.245292,2.737231,47.828968701554494,46.87868744922593,67.96622790577439,70.58075069933514,120.606220540715
407,407,05/15/2023 13:23:30.493041,636,True,True,True,True,Eyes,2.151045,0.04884645,-2.115481,-0.6362004,-0.5099291,-0.578983,0.0,0.0,0.0,0.0,0.0,0.0,0.0,2.811079,-0.009659171,0.1555274,2.003921,0.05071928,-1.976911,-0.09555233,0.8860341,-0.2326274,-0.3894843,29.12153,227.6613,0.7794685,0.7133898,0.0157175,-0.7005895,0.0,0.0,0.0,1.561536,-0.4892097,-2.65887,-0.1314276,0.05108842,1.031544,-0.6783435,0.01188422,0.7346489,-0.3505346,0.8735086,-0.3377992,-0.6457366,-0.4866638,-0.5883729,moving,47.6958,41.37142,-7.260852,2.835323,47.15547869630709,46.45106719061528,67.12126616090099,69.73858464115143,121.22229838207858
408,408,05/15/2023 13:23:30.513169,637,True,True,True,True,Eyes,2.144278,0.04878898,-2.109557,-0.6293066,-0.5096247,-0.5867332,0.0,0.0,0.0,0.0,0.0,0.0,0.0,2.802909,-0.03686762,0.1086133,1.995483,0.05136165,-1.971006,-0.09308065,0.8897619,-0.2328946,-0.3813399,29.04079,226.6021,0.7854489,0.713339,0.01576458,-0.7006403,0.0,0.0,0.0,1.561523,-0.4869215,-2.658896,-0.1307728,0.04810451,1.027053,-0.691832,0.01198474,0.7219593,-0.3432631,0.8741922,-0.3434506,-0.6352473,-0.4854321,-0.6006802,moving,47.0051,40.97692,-7.25632,2.681626,46.475795876683534,46.04877248954493,66.41408919019244,69.04961745897653,121.71259087978882
409,409,05/15/2023 13:23:30.513169,638,True,True,True,True,Eyes,2.137384,0.04882627,-2.103584,-0.6219838,-0.5096768,-0.5944458,0.0,0.0,0.0,0.0,0.0,0.0,0.0,2.793119,-0.04808426,0.07151103,1.988029,0.05160668,-1.963165,-0.09422147,0.8915983,-0.2364842,-0.3744997,29.48987,225.7258,0.5997358,0.7132812,0.01580987,-0.7006981,0.0,0.0,0.0,1.561509,-0.4845494,-2.658923,-0.1293913,0.04238394,1.022919,-0.7017446,0.009111073,0.7123703,-0.3451419,0.8703952,-0.3511259,-0.6232427,-0.4922696,-0.6076505,moving,46.29686,40.60973,-7.209185,2.372655,45.779870745227605,45.67227806759874,65.76450985218129,68.43023737038304,122.15381477214575
410,410,05/15/2023 13:23:30.533031,639,True,True,True,True,Eyes,2.130329,0.04897241,-2.097694,-0.6146876,-0.5094453,-0.6021833,0.0,0.0,0.0,0.0,0.0,0.0,0.0,2.782212,-0.0858162,0.03886008,1.979031,0.05402513,-1.957062,-0.0921689,0.8929504,-0.2435751,-0.3671727,30.17778,224.9589,0.9454222,0.7132156,0.0158568,-0.7007639,0.0,0.0,0.0,1.561496,-0.4822613,-2.658948,-0.12817,0.04230145,1.01883,-0.7133783,0.01426373,0.700634,-0.3434727,0.8643521,-0.3673172,-0.6108338,-0.5026848,-0.6117109,moving,45.58874,40.23112,-7.170215,2.377535,45.08375041532143,45.28476872784317,64.93382192697617,67.6129248576141,122.770669353378
411,411,05/15/2023 13:23:30.553171,640,True,True,True,True,Eyes,2.12321,0.04908351,-2.091735,-0.6074595,-0.5087499,-0.6100545,0.0,0.0,0.0,0.0,0.0,0.0,0.0,2.770733,-0.1186949,0.006132364,1.968111,0.05670717,-1.953051,-0.08715453,0.8964598,-0.2406783,-0.3617156,29.64121,224.259,1.177007,0.7131388,0.01590891,-0.7008408,0.0,0.0,0.0,1.561482,-0.4798524,-2.658975,-0.1284977,0.04376547,1.014383,-0.7231321,0.01785317,0.6904793,-0.3303752,0.8689561,-0.3684666,-0.6065745,-0.4945671,-0.6224719,moving,44.87788,39.82614,-7.219534,2.47049,44.38425737499151,44.87173015976436,64.10604598951566,66.78934384585361,123.37729441312845
412,412,05/15/2023 13:23:30.568152,641,True,True,True,True,Eyes,2.116102,0.04915861,-2.085702,-0.5999115,-0.5087392,-0.6174874,0.0,0.0,0.0,0.0,0.0,0.0,0.0,2.760702,-0.1128678,-0.02135277,1.960428,0.05596823,-1.946345,-0.08792824,0.8988534,-0.2369597,-0.3580242,29.27126,223.635,0.7622936,0.713052,0.01596462,-0.7009279,0.0,0.0,0.0,1.561468,-0.4774908,-2.659002,-0.1307926,0.04128483,1.009842,-0.7281746,0.0116054,0.6852932,-0.3277437,0.8722374,-0.3630232,-0.6019514,-0.4889449,-0.6313375,moving,44.17286,39.48463,-7.379749,2.341089,43.692151005729215,44.52011426524858,63.539862548840645,66.23752065500099,123.74424465970098
413,413,05/15/2023 13:23:30.587773,642,True,True,True,True,Eyes,2.108853,0.04930367,-2.079695,-0.5922318,-0.5088528,-0.6247643,0.0,0.0,0.0,0.0,0.0,0.0,0.0,2.749622,-0.1217158,-0.04351807,1.953495,0.05533114,-1.938536,-0.09110104,0.8981724,-0.2462514,-0.352629,30.43776,223.0518,0.6660115,0.7129574,0.01602243,-0.7010227,0.0,0.0,0.0,1.561455,-0.4751837,-2.659028,-0.1356753,0.03813601,1.005205,-0.7347069,0.01002184,0.6783108,-0.3373196,0.8621218,-0.3781026,-0.5885757,-0.5066021,-0.6300262,moving,43.46875,39.16184,-7.686917,2.172677,43.001436429124624,44.18658905089437,63.12765198908841,65.83675249567021,123.96387440941504
414,414,05/15/2023 13:23:30.615078,643,True,True,True,True,Eyes,2.101565,0.04949296,-2.073784,-0.5848067,-0.5084885,-0.6320131,0.0,0.0,0.0,0.0,0.0,0.0,0.0,2.738829,-0.1424478,-0.06348181,1.94424,0.05723189,-1.934466,-0.0907736,0.8985593,-0.2510929,-0.348287,30.96233,222.5912,0.7867187,0.712853,0.0160846,-0.7011275,0.0,0.0,0.0,1.561441,-0.4728268,-2.659054,-0.1402845,0.03694439,1.000687,-0.7409127,0.0117739,0.6714981,-0.3380357,0.857425,-0.3880132,-0.5803277,-0.5144743,-0.631297,moving,42.77833,38.81855,-7.980188,2.114345,42.323421242842166,43.833713518066624,62.63885227427422,65.3525731123328,124.25788576428761
415,415,05/15/2023 13:23:30.623249,644,True,True,True,True,Eyes,2.094275,0.04963535,-2.067855,-0.5774549,-0.5077552,-0.6393204,0.0,0.0,0.0,0.0,0.0,0.0,0.0,2.729527,-0.1502764,-0.08093953,1.936028,0.05839306,-1.93076,-0.08803516,0.9011756,-0.2453328,-0.3463297,30.20891,222.2459,0.7466728,0.7127373,0.01615222,-0.7012435,0.0,0.0,0.0,1.561427,-0.4704838,-2.659081,-0.145363,0.03214191,0.9955317,-0.7446112,0.01126179,0.6674035,-0.3286023,0.8641232,-0.3811975,-0.5810118,-0.5031543,-0.6397352,moving,42.08937,38.45699,-8.307361,1.849219,41.64632181877708,43.46325580688274,62.289320056288965,65.01614020013473,124.41011602043771
416,416,05/15/2023 13:23:30.642949,645,True,True,True,True,Eyes,2.086981,0.049775,-2.061986,-0.5699127,-0.5072843,-0.6464226,0.0,0.0,0.0,0.0,0.0,0.0,0.0,2.719597,-0.1634573,-0.1067169,1.929796,0.05739971,-1.925333,-0.0863286,0.9032866,-0.2446672,-0.3416995,30.06659,221.6417,0.7445768,0.7126115,0.01622324,-0.7013695,0.0,0.0,0.0,1.561414,-0.4681783,-2.659106,-0.1499113,0.0292457,0.9911797,-0.7515778,0.01124639,0.6595488,-0.3231643,0.8653706,-0.3830124,-0.5750616,-0.5010062,-0.6467589,moving,41.40072,38.12328,-8.600537,1.690076,40.97028207155165,43.11967911713152,61.86682515925368,64.6040100757495,124.64457279673016
417,417,05/15/2023 13:23:30.653089,646,True,True,True,True,Eyes,2.079606,0.04993838,-2.05614,-0.5622253,-0.5066434,-0.653617,0.0,0.0,0.0,0.0,0.0,0.0,0.0,2.707908,-0.192635,-0.135272,1.922379,0.05748817,-1.920761,-0.08397065,0.9047771,-0.2485787,-0.3354639,30.40805,220.9543,0.9851965,0.7124755,0.01629727,-0.7015058,0.0,0.0,0.0,1.561401,-0.4658386,-2.659133,-0.1531728,0.03580436,0.9873753,-0.760826,0.01482892,0.6487867,-0.3187278,0.8623151,-0.3934784,-0.5652935,-0.5061549,-0.6513454,moving,40.70131,37.78062,-8.818076,2.076759,40.28357748247987,42.76712954733605,61.04863045248695,63.770515365590704,125.27403125912738
418,418,05/15/2023 13:23:30.663136,647,True,True,True,True,Eyes,2.072203,0.05014548,-2.050374,-0.554504,-0.505935,-0.6607231,0.0,0.0,0.0,0.0,0.0,0.0,0.0,2.695149,-0.2217571,-0.1637383,1.914197,0.05818227,-1.91632,-0.080596,0.906858,-0.2499132,-0.3296307,30.42468,220.2868,1.234647,0.7123283,0.0163749,-0.7016532,0.0,0.0,0.0,1.561387,-0.4634403,-2.65916,-0.1547133,0.04274341,0.9837806,-0.7696957,0.01857989,0.6381406,-0.3109363,0.8620954,-0.4001376,-0.5575725,-0.5064052,-0.657774,moving,40.00466,37.44234,-8.937364,2.487829,39.59966532152292,42.41889260121765,60.142660004905814,62.851675042777224,125.9961070116664
419,419,05/15/2023 13:23:30.688859,648,True,True,True,True,Eyes,2.064783,0.05036902,-2.04469,-0.5468361,-0.5048714,-0.6678886,0.0,0.0,0.0,0.0,0.0,0.0,0.0,2.682615,-0.2467439,-0.1911683,1.906141,0.0593892,-1.912314,-0.07717104,0.9092032,-0.2493306,-0.3243893,30.22859,219.6551,1.421361,0.712169,0.01645733,-0.7018127,0.0,0.0,0.0,1.561373,-0.4610964,-2.659186,-0.1562532,0.03835119,0.9799078,-0.7776325,0.02143197,0.6283538,-0.3020886,0.8637578,-0.4033174,-0.5513893,-0.5034512,-0.6652119,moving,39.30902,37.08643,-9.05994,2.241273,38.91625056177263,42.05367687543006,59.613264109896285,62.343743576720506,126.3358713045713
420,420,05/15/2023 13:23:30.712903,649,True,True,True,True,Eyes,2.057384,0.05056232,-2.039084,-0.5390934,-0.5037572,-0.6749866,0.0,0.0,0.0,0.0,0.0,0.0,0.0,2.6709,-0.2581164,-0.221653,1.898338,0.0599637,-1.908449,-0.07606733,0.9114941,-0.2479622,-0.3192289,30.03957,218.952,1.300236,0.711997,0.01654469,-0.7019849,0.0,0.0,0.0,1.56136,-0.4587617,-2.659212,-0.157999,0.03427321,0.976807,-0.7846134,0.01964353,0.6196741,-0.2969832,0.865457,-0.4034664,-0.5442268,-0.500598,-0.6732154,moving,38.61341,36.73479,-9.188041,2.009511,38.2329812961349,41.6925820348535,59.08319320528674,61.834452228250164,126.67939658464203
421,421,05/15/2023 13:23:30.713270,650,True,True,True,True,Eyes,2.049975,0.05075818,-2.033549,-0.531265,-0.5025026,-0.6820913,0.0,0.0,0.0,0.0,0.0,0.0,0.0,2.660711,-0.2552896,-0.2522509,1.891286,0.0596609,-1.904644,-0.07760076,0.9133742,-0.2466141,-0.3144953,29.95449,218.2359,0.8835763,0.7118123,0.01663548,-0.7021698,0.0,0.0,0.0,1.561346,-0.4563375,-2.65924,-0.1588815,0.03176239,0.9735325,-0.7901415,0.01336086,0.6127785,-0.296875,0.8663192,-0.4016917,-0.5362287,-0.499312,-0.6805483,moving,37.9142,36.3794,-9.269011,1.868665,37.54612326376731,41.32775609155279,58.45721709516068,61.22643763853995,127.11969397635204
422,422,05/15/2023 13:23:30.733212,651,True,True,True,True,Eyes,2.042582,0.05097795,-2.028104,-0.5232889,-0.5014386,-0.6890052,0.0,0.0,0.0,0.0,0.0,0.0,0.0,2.649539,-0.260736,-0.2804143,1.884082,0.05976839,-1.900876,-0.07870393,0.9146796,-0.2478509,-0.3094141,30.13985,217.5466,0.6227491,0.7116146,0.01672952,-0.7023675,0.0,0.0,0.0,1.561333,-0.4541694,-2.659264,-0.1595831,0.02310416,0.9696615,-0.7961375,0.009399363,0.6050432,-0.2973548,0.8647512,-0.4047041,-0.5270158,-0.5021125,-0.685666,moving,37.21612,36.04607,-9.345738,1.364931,36.86096116781087,40.98425035329222,58.05848794749554,60.866653546935936,127.33710896020544
423,423,05/15/2023 13:23:30.753132,652,True,True,True,True,Eyes,2.035198,0.05122678,-2.022751,-0.5153569,-0.5001639,-0.6958759,0.0,0.0,0.0,0.0,0.0,0.0,0.0,2.63833,-0.2681426,-0.3077915,1.877041,0.06063715,-1.897487,-0.08007624,0.9157002,-0.2501211,-0.3041722,30.44996,216.85,0.3660872,0.7114037,0.01682732,-0.7025785,0.0,0.0,0.0,1.561319,-0.4517641,-2.659291,-0.1603366,0.01548836,0.9656886,-0.8021344,0.005508122,0.5971186,-0.2988114,0.8620545,-0.4093578,-0.5170036,-0.5067856,-0.6898378,moving,36.52318,35.70686,-9.427018,0.9188691,36.18061668543884,40.63523242277763,57.63354064342817,60.47682082572892,127.58259990687556
424,424,05/15/2023 13:23:30.763304,653,True,True,True,True,Eyes,2.027832,0.05150672,-2.017484,-0.5073724,-0.4989571,-0.7025775,0.0,0.0,0.0,0.0,0.0,0.0,0.0,2.626873,-0.2758324,-0.3339319,1.869853,0.06156148,-1.89418,-0.08001847,0.9173377,-0.2497092,-0.2995565,30.40276,216.2193,0.1857471,0.7111793,0.01692957,-0.7028028,0.0,0.0,0.0,1.561306,-0.449486,-2.659317,-0.1595087,0.01726469,0.9629045,-0.8077259,0.00279611,0.5895516,-0.2964119,0.8624848,-0.4101951,-0.5096262,-0.5060753,-0.6958225,moving,35.83526,35.38164,-9.405845,1.027192,35.50551544064207,40.29987026959462,56.806563696510715,59.66048570952435,128.23896147419754
425,425,05/15/2023 13:23:30.788132,654,True,True,True,True,Eyes,2.020456,0.05178686,-2.012285,-0.4994144,-0.4975329,-0.7092576,0.0,0.0,0.0,0.0,0.0,0.0,0.0,2.61485,-0.2908091,-0.3572907,1.862902,0.06259575,-1.890858,-0.07894011,0.9187312,-0.250491,-0.2948826,30.45251,215.6384,0.1782187,0.7109411,0.01703696,-0.7030407,0.0,0.0,0.0,1.561292,-0.4470363,-2.659344,-0.1602053,0.02224012,0.9595631,-0.8136253,0.002681366,0.5813832,-0.2927803,0.8620455,-0.4137116,-0.5022881,-0.5068238,-0.700597,moving,35.15079,35.04905,-9.47848,1.327726,34.83355445689776,39.957505292449895,55.93656615350889,58.786190945601206,128.94264718608105
426,426,05/15/2023 13:23:30.803288,655,True,True,True,True,Eyes,2.013109,0.0520805,-2.007158,-0.4914562,-0.4961264,-0.715772,0.0,0.0,0.0,0.0,0.0,0.0,0.0,2.602689,-0.3018468,-0.3827813,1.855953,0.0628558,-1.88762,-0.07791296,0.920462,-0.2498978,-0.2902248,30.34911,215.0297,0.1076415,0.7106891,0.01714903,-0.7032922,0.0,0.0,0.0,1.561278,-0.4447306,-2.65937,-0.1619637,0.02890137,0.956913,-0.8193983,0.00162123,0.5732223,-0.2884849,0.8629614,-0.4148182,-0.4953413,-0.5052673,-0.7066414,moving,34.47388,34.72718,-9.606635,1.729962,34.16920746442968,39.62572065260028,55.06276598941202,57.90002510644269,129.65848368951654
427,427,05/15/2023 13:23:30.813475,656,True,True,True,True,Eyes,2.005725,0.05239374,-2.002088,-0.4835256,-0.4946523,-0.7221648,0.0,0.0,0.0,0.0,0.0,0.0,0.0,2.590754,-0.3148052,-0.4033825,1.849304,0.06346589,-1.88411,-0.07658101,0.9218436,-0.2499329,-0.2861352,30.30634,214.5211,0.1219655,0.7104236,0.01726586,-0.703557,0.0,0.0,0.0,1.561265,-0.442391,-2.659396,-0.165106,0.03512034,0.9540036,-0.8245242,0.001837804,0.5658242,-0.2842207,0.8633378,-0.4169731,-0.4892636,-0.5046232,-0.7113205,moving,33.80429,34.40949,-9.818717,2.108314,33.51206368825855,39.29819865179641,54.28013182284126,57.102049660829884,130.2893762080988
428,428,05/15/2023 13:23:30.833125,657,True,True,True,True,Eyes,1.998333,0.05273703,-1.997135,-0.4756206,-0.493073,-0.7284669,0.0,0.0,0.0,0.0,0.0,0.0,0.0,2.577052,-0.3381283,-0.4252689,1.8422,0.0642087,-1.881106,-0.07362926,0.9233367,-0.2507425,-0.2813474,30.2962,213.9847,0.3399099,0.7101439,0.01738775,-0.7038357,0.0,0.0,0.0,1.561252,-0.440117,-2.659422,-0.1680581,0.03900632,0.9516486,-0.8308449,0.005122306,0.5564806,-0.2770607,0.8634139,-0.4216087,-0.4826327,-0.5044703,-0.7159438,moving,33.14077,34.09266,-10.01499,2.347135,32.86082200166102,38.971696764819626,53.57422868043202,56.38877352156958,130.84562238835375
429,429,05/15/2023 13:23:30.853169,658,True,True,True,True,Eyes,1.990916,0.05308395,-1.992257,-0.467852,-0.4911686,-0.734757,0.0,0.0,0.0,0.0,0.0,0.0,0.0,2.563696,-0.3551972,-0.4487708,1.834669,0.06521641,-1.878785,-0.07079344,0.9253155,-0.2490592,-0.2770363,30.00936,213.4589,0.4621286,0.7098491,0.0175153,-0.7041293,0.0,0.0,0.0,1.561238,-0.4376842,-2.659449,-0.1705272,0.04130545,0.9490287,-0.8364786,0.006984309,0.5479555,-0.2690094,0.8659156,-0.4216919,-0.4774284,-0.5001413,-0.722441,moving,32.4867,33.76184,-10.18655,2.492164,32.21835089817557,38.63199283340834,52.90367570129202,55.71591198474762,131.3661306190114
430,430,05/15/2023 13:23:30.863556,659,True,True,True,True,Eyes,1.983485,0.05342859,-1.987479,-0.4601296,-0.4891824,-0.7409328,0.0,0.0,0.0,0.0,0.0,0.0,0.0,2.550071,-0.3693477,-0.4715304,1.827147,0.06556551,-1.875861,-0.0680596,0.9273012,-0.2469163,-0.2729702,29.67556,212.9556,0.5656899,0.7095399,0.01764787,-0.7044381,0.0,0.0,0.0,1.561224,-0.4353803,-2.659475,-0.1737619,0.03550956,0.9462976,-0.8417103,0.008578107,0.5398613,-0.2610251,0.8688005,-0.420775,-0.4726412,-0.495088,-0.7290391,moving,31.84086,33.43379,-10.40491,2.149,31.583925872741418,38.29521962567119,52.568461725991185,55.40407504123928,131.54827971403807
431,431,05/15/2023 13:23:30.888585,660,True,True,True,True,Eyes,1.97603,0.05377201,-1.982788,-0.4525381,-0.4869533,-0.7470514,0.0,0.0,0.0,0.0,0.0,0.0,0.0,2.536646,-0.3831524,-0.4926829,1.819433,0.06580235,-1.873352,-0.06555559,0.9290189,-0.2453006,-0.269173,29.41088,212.4937,0.6743035,0.7092137,0.01778541,-0.7047636,0.0,0.0,0.0,1.561211,-0.4331105,-2.659501,-0.1759112,0.03239858,0.9445925,-0.8464968,0.01025181,0.5322953,-0.2538614,0.8710602,-0.4204861,-0.467972,-0.4910693,-0.7347472,moving,31.20605,33.09767,-10.54933,1.964418,30.95996305377254,37.95100587777802,52.08446158922932,54.9368357016402,131.8831134634266
432,432,05/15/2023 13:23:30.903375,661,True,True,True,True,Eyes,1.968575,0.0541052,-1.978199,-0.4449065,-0.4846382,-0.7531162,0.0,0.0,0.0,0.0,0.0,0.0,0.0,2.522957,-0.3949515,-0.5166395,1.811984,0.06604214,-1.87098,-0.06323487,0.9309652,-0.2430549,-0.2650088,29.0824,211.9676,0.7267357,0.7088712,0.01792693,-0.7051051,0.0,0.0,0.0,1.561197,-0.4306359,-2.659528,-0.1770683,0.0258193,0.941817,-0.8515437,0.01108447,0.5241671,-0.2465623,0.8738514,-0.4190356,-0.4626889,-0.4860668,-0.7413896,moving,30.57265,32.76171,-10.64772,1.570333,30.33737014641668,37.60699072028471,51.69159411444988,54.574887209767624,132.1255488687362
433,433,05/15/2023 13:23:30.913123,662,True,True,True,True,Eyes,1.961107,0.05440628,-1.973699,-0.4371777,-0.4823147,-0.7591102,0.0,0.0,0.0,0.0,0.0,0.0,0.0,2.508945,-0.4018605,-0.5442126,1.804524,0.06611978,-1.868631,-0.06222455,0.9328861,-0.2410481,-0.2602839,28.82479,211.3369,0.6137819,0.7085106,0.01807226,-0.7054642,0.0,0.0,0.0,1.561184,-0.4283746,-2.659554,-0.177707,0.01580365,0.9392952,-0.856761,0.009385042,0.5156286,-0.2415787,0.8760478,-0.4173487,-0.4556322,-0.4821329,-0.7482964,moving,29.93799,32.43059,-10.71327,0.9639111,29.713688945041323,37.26760596690341,51.406972489958065,54.33504642984384,132.25965353589905
434,434,05/15/2023 13:23:30.933390,663,True,True,True,True,Eyes,1.953616,0.05469183,-1.969314,-0.4294116,-0.4799833,-0.7649978,0.0,0.0,0.0,0.0,0.0,0.0,0.0,2.494651,-0.4082382,-0.5709739,1.796921,0.0656548,-1.866204,-0.06189296,0.9344201,-0.2403332,-0.2554767,28.73563,210.702,0.4659667,0.708131,0.01822017,-0.7058419,0.0,0.0,0.0,1.56117,-0.4260871,-2.65958,-0.1774952,0.0132807,0.937368,-0.8618019,0.007131019,0.5071949,-0.2384671,0.8768184,-0.41752,-0.4476952,-0.4807688,-0.7539432,moving,29.30654,32.10544,-10.72229,0.8117168,29.09327934331876,36.93408207229463,50.80949067730475,53.759695265111965,132.7160724951894
435,435,05/15/2023 13:23:30.953433,664,True,True,True,True,Eyes,1.946088,0.05496117,-1.965029,-0.4216309,-0.4775636,-0.770818,0.0,0.0,0.0,0.0,0.0,0.0,0.0,2.480272,-0.41583,-0.5964208,1.788879,0.06557141,-1.864401,-0.06119338,0.9359276,-0.2393755,-0.2509871,28.60665,210.117,0.3664665,0.7077328,0.01836926,-0.7062376,0.0,0.0,0.0,1.561157,-0.423733,-2.659606,-0.1778471,0.01452103,0.9348089,-0.8665219,0.005615219,0.4991079,-0.2347055,0.8779095,-0.4173588,-0.4405152,-0.4787938,-0.7594098,moving,28.67828,31.78046,-10.77178,0.8899435,28.47596380985679,36.60082223177182,50.10520176229582,53.06272000151768,133.28610431549956
436,436,05/15/2023 13:23:30.972919,665,True,True,True,True,Eyes,1.938547,0.05519826,-1.960856,-0.4137962,-0.4751082,-0.7765597,0.0,0.0,0.0,0.0,0.0,0.0,0.0,2.465962,-0.4223223,-0.6217537,1.780996,0.06544411,-1.862705,-0.06022092,0.9375842,-0.2376208,-0.2466691,28.37812,209.5507,0.2802235,0.7073148,0.01851909,-0.7066528,0.0,0.0,0.0,1.561143,-0.4214157,-2.659632,-0.1782814,0.01049413,0.9320552,-0.8710555,0.004303078,0.4911657,-0.2301518,0.8798196,-0.4158697,-0.4339267,-0.4752883,-0.7653813,moving,28.05129,31.45878,-10.82861,0.6450732,27.859968227214907,36.27078624643973,49.60978886032842,52.59275154724834,133.64619231696372
437,437,05/15/2023 13:23:30.988428,666,True,True,True,True,Eyes,1.930944,0.0554092,-1.956773,-0.4058029,-0.4726837,-0.7822366,0.0,0.0,0.0,0.0,0.0,0.0,0.0,2.450493,-0.4306042,-0.6491609,1.773162,0.06489678,-1.861029,-0.0590537,0.9392844,-0.2362075,-0.2417926,28.18301,208.9252,0.2138581,0.7068756,0.01866868,-0.7070887,0.0,0.0,0.0,1.56113,-0.4190897,-2.659658,-0.1791499,0.006055459,0.9295105,-0.8760983,0.003290021,0.4821219,-0.2251629,0.8814374,-0.4151745,-0.4263262,-0.4722895,-0.771485,moving,27.41904,31.14339,-10.90918,0.3732581,27.23904999450365,35.94665428240699,49.15133228623409,52.16084707579083,133.97230506368032
438,438,05/15/2023 13:23:31.003242,667,True,True,True,True,Eyes,1.923308,0.05558397,-1.952807,-0.3977624,-0.4702445,-0.7878167,0.0,0.0,0.0,0.0,0.0,0.0,0.0,2.434244,-0.4377037,-0.678514,1.765107,0.06453076,-1.8595,-0.05856917,0.9409066,-0.2352521,-0.236476,28.06033,208.2326,0.06796355,0.706415,0.01881679,-0.707545,0.0,0.0,0.0,1.561116,-0.416708,-2.659685,-0.1812659,0.00570491,0.9268871,-0.8812975,0.001046765,0.4725607,-0.2214792,0.8824521,-0.4150002,-0.4174466,-0.470401,-0.777471,moving,26.78884,30.8328,-11.06535,0.3526461,26.620248026377432,35.62721791916659,48.600200435016575,51.618792272110014,134.3994264076262
439,439,05/15/2023 13:23:31.023198,668,True,True,True,True,Eyes,1.915656,0.05572011,-1.94896,-0.3895731,-0.4680327,-0.7932075,0.0,0.0,0.0,0.0,0.0,0.0,0.0,2.418368,-0.4434851,-0.7053287,1.756667,0.0638489,-1.858148,-0.05806794,0.9423878,-0.2341353,-0.2317628,27.91807,207.6185,359.9405,0.7059316,0.01896253,-0.7080236,0.0,0.0,0.0,1.561102,-0.4142324,-2.659713,-0.1846127,0.005372956,0.9236528,-0.8858283,-0.0009173478,0.4640123,-0.2179727,0.8836175,-0.4143766,-0.4096293,-0.4682085,-0.7829334,moving,26.15734,30.54276,-11.3029,0.33329,26.00074742588698,35.32756862806261,48.12360812053166,51.148427619755466,134.75903193103275
440,440,05/15/2023 13:23:31.038350,669,True,True,True,True,Eyes,1.907982,0.05581514,-1.945233,-0.3814094,-0.4658312,-0.7984537,0.0,0.0,0.0,0.0,0.0,0.0,0.0,2.402708,-0.4513232,-0.7296786,1.748387,0.06321588,-1.856951,-0.05716488,0.9437143,-0.2333381,-0.2273526,27.801,207.0616,359.8838,0.7054249,0.01910465,-0.7085248,0.0,0.0,0.0,1.561089,-0.4119889,-2.659738,-0.1877707,0.003294632,0.9208732,-0.8900864,-0.001794574,0.4557892,-0.2139946,0.884571,-0.4144157,-0.4024342,-0.4664021,-0.7877286,moving,25.53311,30.26,-11.52491,0.2049877,25.38848615280061,35.03517146857932,47.713736079598206,50.75175383064709,135.0546219767699
441,441,05/15/2023 13:23:31.054257,670,True,True,True,True,Eyes,1.900294,0.05587116,-1.941635,-0.3733801,-0.4638435,-0.8033906,0.0,0.0,0.0,0.0,0.0,0.0,0.0,2.387708,-0.4601943,-0.7508528,1.740175,0.06230748,-1.855967,-0.055886,0.9448643,-0.2327127,-0.2235021,27.69372,206.5914,359.8974,0.7048936,0.01924219,-0.7090499,0.0,0.0,0.0,1.561075,-0.4096228,-2.659765,-0.1903982,0.002723947,0.9180735,-0.8938473,-0.001585832,0.4483691,-0.2096329,0.8854432,-0.4147825,-0.3963475,-0.4647451,-0.7917835,moving,24.9269,30.00031,-11.71642,0.1699975,24.79430588619944,34.76559863726983,47.25018988819046,50.297999192674254,135.41213823377112
442,442,05/15/2023 13:23:31.063185,671,True,True,True,True,Eyes,1.8926,0.05586055,-1.938138,-0.3653309,-0.4618564,-0.8082215,0.0,0.0,0.0,0.0,0.0,0.0,0.0,2.372238,-0.4680188,-0.7735453,1.731961,0.06122582,-1.855125,-0.05417542,0.9462948,-0.2310266,-0.2195857,27.45365,206.1114,359.9308,0.7043374,0.01937403,-0.709599,0.0,0.0,0.0,1.561062,-0.407313,-2.659791,-0.1928546,0.002259061,0.9155364,-0.8976943,-0.001071542,0.4406176,-0.2039921,0.8873834,-0.4134462,-0.3905538,-0.4610308,-0.7968177,moving,24.32384,29.74571,-11.89526,0.1413755,24.20331511382377,34.501035708110294,46.778625738662846,49.83666697187097,135.7806976433842
443,443,05/15/2023 13:23:31.088349,672,True,True,True,True,Eyes,1.884861,0.05579365,-1.934747,-0.3572581,-0.4601011,-0.8128183,0.0,0.0,0.0,0.0,0.0,0.0,0.0,2.355438,-0.478787,-0.7973051,1.724124,0.05958457,-1.853879,-0.05228848,0.947623,-0.2302971,-0.2150348,27.31985,205.5692,-0.003593032,0.7037562,0.01949832,-0.7101721,0.0,0.0,0.0,1.561048,-0.4049642,-2.659817,-0.1953068,0.001367226,0.9128327,-0.9020521,-5.570884e-05,0.4316277,-0.1981433,0.8884583,-0.413982,-0.3834601,-0.4589573,-0.8014467,moving,23.72693,29.51231,-12.07674,0.08581664,23.618858566407475,34.257120617076694,46.34459296331152,49.415116841993694,136.1169507784868
444,444,05/15/2023 13:23:31.104340,673,True,True,True,True,Eyes,1.877087,0.05568792,-1.931473,-0.3492125,-0.4583519,-0.8172908,0.0,0.0,0.0,0.0,0.0,0.0,0.0,2.337812,-0.4932483,-0.8198683,1.715705,0.0581702,-1.853056,-0.05027539,0.948677,-0.2306615,-0.2104273,27.31004,205.0391,0.1086391,0.7031493,0.01961369,-0.7107701,0.0,0.0,0.0,1.561035,-0.4026558,-2.659843,-0.198021,0.0008233339,0.9102078,-0.9063857,0.001684748,0.4224483,-0.1924652,0.8885353,-0.4164879,-0.3760619,-0.4588051,-0.8050315,moving,23.13608,29.28452,-12.27377,0.05182722,23.040423952973534,34.01880840274441,45.91740197563843,48.998450028721784,136.45039109301695
445,445,05/15/2023 13:23:31.123074,674,True,True,True,True,Eyes,1.869336,0.05552812,-1.928339,-0.3413559,-0.456726,-0.8215094,0.0,0.0,0.0,0.0,0.0,0.0,0.0,2.320445,-0.5077676,-0.8405769,1.707065,0.05707239,-1.852439,-0.04756711,0.9498441,-0.2301016,-0.206366,27.17783,204.5872,0.2967604,0.7025162,0.0197195,-0.7113929,0.0,0.0,0.0,1.561022,-0.4003578,-2.659868,-0.1997423,-0.001695022,0.9078538,-0.9103011,0.004607583,0.4139216,-0.185333,0.8895813,-0.4174888,-0.3701405,-0.4567537,-0.8089329,moving,22.564,29.07229,-12.40829,-0.1069748,22.480591909220077,33.79609794911622,45.546575745193174,48.648252000533084,136.73039093511164
446,446,05/15/2023 13:23:31.133433,675,True,True,True,True,Eyes,1.861553,0.05532386,-1.9253,-0.3335074,-0.4551751,-0.8255838,0.0,0.0,0.0,0.0,0.0,0.0,0.0,2.303072,-0.5225657,-0.8603375,1.698539,0.05552454,-1.85183,-0.04444884,0.9510086,-0.2293468,-0.2025022,27.01499,204.1703,0.5366362,0.7018561,0.01981473,-0.7120416,0.0,0.0,0.0,1.561008,-0.3980311,-2.659895,-0.2006544,-0.0007065535,0.9061061,-0.9140344,0.008344002,0.405551,-0.1774289,0.8908487,-0.4182196,-0.3647742,-0.4542235,-0.8127859,moving,21.99701,28.86959,-12.48647,-0.04467746,21.925949275176528,33.5827422002309,45.001613922822976,48.114633464007866,137.18923661323396
447,447,05/15/2023 13:23:31.153330,676,True,True,True,True,Eyes,1.853786,0.05510316,-1.922407,-0.3257217,-0.4537008,-0.8294944,0.0,0.0,0.0,0.0,0.0,0.0,0.0,2.284944,-0.5390483,-0.8795018,1.689994,0.05420516,-1.850959,-0.04169966,0.9519129,-0.2297348,-0.1983557,26.99532,203.7226,0.7555382,0.7011697,0.01989863,-0.7127154,0.0,0.0,0.0,1.560989,-0.3946677,-2.659932,-0.2025934,0.001045495,0.9033636,-0.9178321,0.01174951,0.3967943,-0.1705273,0.8909661,-0.4208322,-0.3584749,-0.4539177,-0.8157538,moving,21.4387,28.67693,-12.64033,0.06631044,21.379986780316436,33.37934580468189,44.496604784499624,47.614496521979795,137.61434181450002
448,448,05/15/2023 13:23:31.163459,677,True,True,True,True,Eyes,1.845972,0.05486986,-1.919636,-0.3179541,-0.4521348,-0.8333543,0.0,0.0,0.0,0.0,0.0,0.0,0.0,2.266279,-0.5552227,-0.9002221,1.681225,0.0535257,-1.850758,-0.03871823,0.9530047,-0.2293582,-0.1941086,26.88427,203.2592,0.9792669,0.7004557,0.0199717,-0.7134153,0.0,0.0,0.0,1.560981,-0.393288,-2.659948,-0.2038897,0.00139457,0.9022995,-0.9216458,0.01524348,0.3877334,-0.1628381,0.8917914,-0.4221277,-0.352212,-0.4521899,-0.8194336,moving,20.88362,28.48196,-12.7331,0.08855475,20.83708946483122,33.17382186915889,44.00306040776173,47.13377261636035,138.0270409636829
449,449,05/15/2023 13:23:31.188866,678,True,True,True,True,Eyes,1.838158,0.05461922,-1.916988,-0.3101039,-0.4504368,-0.8372229,0.0,0.0,0.0,0.0,0.0,0.0,0.0,2.246898,-0.5687214,-0.9233587,1.672259,0.05291051,-1.850766,-0.03538411,0.9544604,-0.2274581,-0.1897802,26.59171,202.776,1.203941,0.6997131,0.02003449,-0.714142,0.0,0.0,0.0,1.560967,-0.3908864,-2.659975,-0.2050025,0.000103265,0.900562,-0.9254631,0.01878861,0.3783721,-0.1538795,0.8940216,-0.4207689,-0.3461785,-0.4476297,-0.8244929,moving,20.32442,28.28083,-12.82419,0.006569954,20.290034057067267,32.96222521711761,43.569073045922515,46.71859425028865,138.37934317015535
450,450,05/15/2023 13:23:31.203828,679,True,True,True,True,Eyes,1.830293,0.05434917,-1.914449,-0.3021741,-0.4486976,-0.8410476,0.0,0.0,0.0,0.0,0.0,0.0,0.0,2.225085,-0.5824697,-0.9504852,1.663381,0.05217107,-1.850443,-0.03190053,0.9561237,-0.2253093,-0.184515,26.27112,202.1758,1.415061,0.6989419,0.02008724,-0.7148952,0.0,0.0,0.0,1.560954,-0.3887052,-2.659999,-0.2061792,-0.0005670786,0.8992426,-0.9298734,0.02214422,0.3672133,-0.1441476,0.8964361,-0.419075,-0.3384634,-0.4426195,-0.83038,moving,19.7625,28.07985,-12.91363,-0.03613175,19.740348490058995,32.750688003309875,43.107283625197645,46.27372754344809,138.76127480385452
451,451,05/15/2023 13:23:31.213661,680,True,True,True,True,Eyes,1.8224,0.05407957,-1.912034,-0.2940741,-0.4468526,-0.8448924,0.0,0.0,0.0,0.0,0.0,0.0,0.0,2.202503,-0.5960323,-0.9780762,1.654251,0.05137868,-1.85033,-0.02895413,0.9576014,-0.2238823,-0.1789919,26.04934,201.5391,1.574988,0.6981415,0.02013017,-0.7156757,0.0,0.0,0.0,1.56094,-0.3862494,-2.660027,-0.2073018,-0.0009329319,0.8980583,-0.9342474,0.02469321,0.3557704,-0.1355993,0.8980767,-0.4184149,-0.3298412,-0.4391451,-0.8356775,moving,19.19101,27.87378,-12.9981,-0.05952068,19.18125582489897,32.533939576695694,42.61933938332912,45.80223349150411,139.1696350045713
452,452,05/15/2023 13:23:31.233175,681,True,True,True,True,Eyes,1.814442,0.05384718,-1.909743,-0.2858961,-0.4449733,-0.8486826,0.0,0.0,0.0,0.0,0.0,0.0,0.0,2.18006,-0.6063222,-1.006488,1.645098,0.05109781,-1.8505,-0.0268368,0.9590555,-0.2223132,-0.1734048,25.83167,200.8717,1.631378,0.6973104,0.02016423,-0.7164845,0.0,0.0,0.0,1.560927,-0.38403,-2.660052,-0.2088369,3.710389e-05,0.8967299,-0.9384211,0.02562439,0.344542,-0.1285763,0.8997133,-0.4171141,-0.3206773,-0.4357286,-0.8410151,moving,18.61715,27.6685,-13.10978,0.002370721,18.6198894187894,32.317879072442054,42.09528235452568,45.28867409670745,139.61741962095405
453,453,05/15/2023 13:23:31.253019,682,True,True,True,True,Eyes,1.806445,0.05363859,-1.907573,-0.2775416,-0.4429716,-0.8524944,0.0,0.0,0.0,0.0,0.0,0.0,0.0,2.157025,-0.6184908,-1.033747,1.635523,0.05171686,-1.85103,-0.02449986,0.9604172,-0.2209031,-0.1679297,25.6293,200.2282,1.724465,0.6964484,0.02019162,-0.7173217,0.0,0.0,0.0,1.560914,-0.381709,-2.660078,-0.2092468,0.003507018,0.8958265,-0.9423985,0.02713223,0.3333893,-0.1212526,0.9012031,-0.4160898,-0.311741,-0.4325469,-0.8460027,moving,18.03339,27.45721,-13.1474,0.2243027,18.048771230313417,32.09570933809543,41.39894811507285,44.59806790122043,140.23758790605146
454,454,05/15/2023 13:23:31.263462,683,True,True,True,True,Eyes,1.798404,0.05346721,-1.905484,-0.2691403,-0.4410669,-0.8561679,0.0,0.0,0.0,0.0,0.0,0.0,0.0,2.134522,-0.6248866,-1.062412,1.626253,0.05204009,-1.85148,-0.02252138,0.9620069,-0.2181893,-0.1625704,25.28505,199.5762,1.749879,0.6955543,0.02021384,-0.7181882,0.0,0.0,0.0,1.5609,-0.3792964,-2.660105,-0.2089843,0.006120622,0.8953201,-0.9461275,0.02761083,0.3226156,-0.1142737,0.9037724,-0.4124766,-0.3029599,-0.4271219,-0.8519288,moving,17.45078,27.25589,-13.13865,0.3916816,17.47903866195768,31.883195300306667,40.71116457046557,43.9221845328437,140.8501294206393
455,455,05/15/2023 13:23:31.288688,684,True,True,True,True,Eyes,1.790315,0.05341245,-1.903514,-0.2605306,-0.4392529,-0.8597562,0.0,0.0,0.0,0.0,0.0,0.0,0.0,2.113193,-0.6365712,-1.08358,1.617114,0.05276227,-1.851245,-0.02129576,0.9627504,-0.2185827,-0.1577333,25.3153,199.0069,1.771858,0.6946275,0.02023281,-0.719084,0.0,0.0,0.0,1.560886,-0.376999,-2.660131,-0.2064808,0.01247454,0.8962264,-0.9493338,0.02795055,0.3130254,-0.1099605,0.9035361,-0.4141632,-0.2944058,-0.4275994,-0.8546839,moving,16.8583,27.06268,-12.97394,0.797446,16.89996840790137,31.67819677088992,39.74701322731503,42.96593036043207,141.7394642158787
456,456,05/15/2023 13:23:31.303733,685,True,True,True,True,Eyes,1.78218,0.05344289,-1.901685,-0.2519936,-0.4371907,-0.8633444,0.0,0.0,0.0,0.0,0.0,0.0,0.0,2.090357,-0.6554058,-1.103901,1.607762,0.05549808,-1.851964,-0.0190503,0.9634281,-0.2193667,-0.1527143,25.37282,198.4467,1.921363,0.6936676,0.02025324,-0.7200096,0.0,0.0,0.0,1.560872,-0.3745518,-2.660158,-0.2019668,0.01354519,0.8967971,-0.9526308,0.03029367,0.3026165,-0.103708,0.9030307,-0.4168695,-0.2859005,-0.4285065,-0.8571131,moving,16.27151,26.85729,-12.69178,0.8653272,16.326076631645016,31.461624688809454,38.91599025877003,42.16834622697969,142.48940608989
457,457,05/15/2023 13:23:31.313432,686,True,True,True,True,Eyes,1.77407,0.05347305,-1.899943,-0.2434832,-0.4349636,-0.8669041,0.0,0.0,0.0,0.0,0.0,0.0,0.0,2.071423,-0.6565337,-1.127786,1.598525,0.05750048,-1.853413,-0.01724967,0.9650042,-0.2151399,-0.1489439,24.85734,197.9769,1.944983,0.6926731,0.02027822,-0.7209657,0.0,0.0,0.0,1.560858,-0.3721568,-2.660185,-0.2006327,0.0233348,0.8983817,-0.9550366,0.03079556,0.2948852,-0.09737957,0.9068345,-0.4100834,-0.2800408,-0.4203603,-0.8630613,moving,15.6882,26.64492,-12.5891,1.487881,15.75536480569001,31.23842701816864,37.84814799349528,41.091406321762335,143.49078214327733
458,458,05/15/2023 13:23:31.338680,687,True,True,True,True,Eyes,1.765979,0.05352439,-1.898275,-0.2349641,-0.4329921,-0.8702354,0.0,0.0,0.0,0.0,0.0,0.0,0.0,2.054242,-0.6580449,-1.147067,1.590555,0.05747122,-1.853517,-0.01567158,0.9661502,-0.2124134,-0.1455642,24.51987,197.5679,1.987724,0.6916463,0.02030723,-0.7219501,0.0,0.0,0.0,1.560841,-0.3692332,-2.660218,-0.2003646,0.03607368,0.8983379,-0.9571312,0.03155736,0.2879315,-0.09212178,0.9092699,-0.405884,-0.2746161,-0.4150088,-0.8673835,moving,15.10961,26.45298,-12.57341,2.299536,15.189781289328936,31.03508940461689,36.738786770680605,39.9565616643557,144.54396074637816
459,459,05/15/2023 13:23:31.353119,688,True,True,True,True,Eyes,1.757912,0.05360793,-1.896714,-0.2263992,-0.4310785,-0.8734499,0.0,0.0,0.0,0.0,0.0,0.0,0.0,2.033264,-0.6784872,-1.161893,1.582896,0.05803035,-1.85353,-0.01325632,0.9663376,-0.214732,-0.1410894,24.75555,197.0979,2.207107,0.6905873,0.02034068,-0.7229622,0.0,0.0,0.0,1.560831,-0.367509,-2.660238,-0.2013545,0.02650446,0.8970524,-0.9598364,0.03497263,0.2783731,-0.08621296,0.9074289,-0.4112665,-0.2669868,-0.4187478,-0.8679683,moving,14.53133,26.26797,-12.65106,1.692378,14.624686976161348,30.838447978987883,36.644809294940586,39.91816338870857,144.56254318991137
460,460,05/15/2023 13:23:31.363378,689,True,True,True,True,Eyes,1.749841,0.0537176,-1.895225,-0.2177654,-0.4291508,-0.8765887,0.0,0.0,0.0,0.0,0.0,0.0,0.0,2.008493,-0.6965847,-1.184858,1.575172,0.05882327,-1.854329,-0.009442191,0.9673079,-0.2141194,-0.13557,24.63266,196.5041,2.508792,0.6894969,0.02037932,-0.7240012,0.0,0.0,0.0,1.560819,-0.3653165,-2.660262,-0.2031464,0.02267775,0.8972533,-0.9630632,0.03978932,0.2663193,-0.07632334,0.9081274,-0.4116787,-0.2582322,-0.416799,-0.8715474,moving,13.95121,26.08494,-12.75721,1.447822,14.057864663794826,30.643659276079507,36.33630804364037,39.64145738335316,144.80481758689442
461,461,05/15/2023 13:23:31.393145,690,True,True,True,True,Eyes,1.741758,0.05386882,-1.893811,-0.209011,-0.4273716,-0.879584,0.0,0.0,0.0,0.0,0.0,0.0,0.0,1.982618,-0.7103155,-1.209315,1.566938,0.05949807,-1.854434,-0.006007079,0.9684327,-0.2126791,-0.1298845,24.42433,195.872,2.745465,0.6883764,0.02042364,-0.7250654,0.0,0.0,0.0,1.560805,-0.3629503,-2.660289,-0.2052526,0.04474896,0.8977529,-0.9661883,0.0436125,0.2541238,-0.0668823,0.909463,-0.4103702,-0.2490135,-0.4134911,-0.8757957,moving,13.36699,25.91415,-12.87815,2.853576,13.48740538365562,30.46055187463887,34.93704977282822,38.17443683450359,146.16677370429142
462,462,05/15/2023 13:23:31.403160,691,True,True,True,True,Eyes,1.733662,0.05406342,-1.892488,-0.2002627,-0.425604,-0.8824716,0.0,0.0,0.0,0.0,0.0,0.0,0.0,1.958176,-0.724728,-1.229389,1.558175,0.06063595,-1.854587,-0.00399628,0.9690099,-0.2132196,-0.1246658,24.47021,195.2823,2.860225,0.6872263,0.02047465,-0.7261541,0.0,0.0,0.0,1.560791,-0.3606057,-2.660315,-0.2082237,0.05299419,0.8957193,-0.9688853,0.04541749,0.2433089,-0.06090723,0.9090429,-0.4122273,-0.2399005,-0.4142201,-0.877992,moving,12.7858,25.74738,-13.08685,3.385891,12.919990202700706,30.28141821425992,34.19693273262415,37.41290046844545,146.86072005438538
463,463,05/15/2023 13:23:31.422821,692,True,True,True,True,Eyes,1.725604,0.0542915,-1.89125,-0.191515,-0.4238602,-0.8852483,0.0,0.0,0.0,0.0,0.0,0.0,0.0,1.93657,-0.7330706,-1.249028,1.549725,0.06185117,-1.855342,-0.002473678,0.9697457,-0.2124541,-0.1202096,24.37127,194.7617,2.912328,0.6860456,0.02053344,-0.727268,0.0,0.0,0.0,1.560777,-0.3580372,-2.660344,-0.2122,0.04157695,0.8942947,-0.971087,0.04628037,0.2341966,-0.05587572,0.9097142,-0.4114582,-0.2320944,-0.4126477,-0.8808258,moving,12.20727,25.58527,-13.34839,2.66184,12.35527823784996,30.106864202173583,34.33038597220398,37.60196689455687,146.6613056946642
464,464,05/15/2023 13:23:31.433270,693,True,True,True,True,Eyes,1.717548,0.05453987,-1.890063,-0.1827701,-0.4222116,-0.8878809,0.0,0.0,0.0,0.0,0.0,0.0,0.0,1.917403,-0.7358649,-1.26756,1.541638,0.06288953,-1.855811,-0.002360096,0.9704059,-0.2117017,-0.1161434,24.29415,194.2538,2.804477,0.6848358,0.02060049,-0.7284055,0.0,0.0,0.0,1.560764,-0.355888,-2.660368,-0.2120831,0.04313833,0.8946663,-0.9730104,0.04459502,0.2264118,-0.05375603,0.9103537,-0.4103249,-0.2244133,-0.4114213,-0.8833863,moving,11.63185,25.43236,-13.33596,2.760505,11.793829105060867,29.94128440516049,33.72542876431855,37.017577845353856,147.21039853908462
465,465,05/15/2023 13:23:31.453142,694,True,True,True,True,Eyes,1.709489,0.05481736,-1.888939,-0.1740508,-0.4206913,-0.8903511,0.0,0.0,0.0,0.0,0.0,0.0,0.0,1.898138,-0.740641,-1.283917,1.533611,0.06365554,-1.855776,-0.002765706,0.9707529,-0.2123382,-0.1119985,24.38559,193.7364,2.655256,0.6835983,0.02067579,-0.729565,0.0,0.0,0.0,1.560748,-0.3530872,-2.6604,-0.2108176,0.05224884,0.8940034,-0.9748974,0.04219349,0.2186203,-0.05293277,0.9098097,-0.4116364,-0.2162713,-0.4128754,-0.8847377,moving,11.06101,25.29076,-13.26869,3.344771,11.23712399951912,29.78676076851533,32.76523668887684,36.05154286153779,148.1239585220117
466,466,05/15/2023 13:23:31.463677,695,True,True,True,True,Eyes,1.701441,0.05511821,-1.887855,-0.1653444,-0.4192446,-0.8926899,0.0,0.0,0.0,0.0,0.0,0.0,0.0,1.879133,-0.7469687,-1.299084,1.525526,0.06465806,-1.856155,-0.00311984,0.9709839,-0.2133387,-0.1080155,24.51748,193.2433,2.521602,0.6823328,0.02075971,-0.7307464,0.0,0.0,0.0,1.560734,-0.3506064,-2.660428,-0.2103813,0.05523509,0.8935485,-0.9766461,0.04002913,0.2110937,-0.05214639,0.9089537,-0.4136229,-0.2084314,-0.4149708,-0.8856387,moving,10.49343,25.15672,-13.2487,3.537263,10.6837822755154,29.6396336830181,32.110584826685255,35.41323852941922,148.72851820666182
467,467,05/15/2023 13:23:31.493446,696,True,True,True,True,Eyes,1.69342,0.05547886,-1.886794,-0.1566912,-0.4180421,-0.8948121,0.0,0.0,0.0,0.0,0.0,0.0,0.0,1.860637,-0.7500567,-1.314424,1.51772,0.06555445,-1.855934,-0.0038963,0.9712983,-0.2138619,-0.1040566,24.59858,192.7374,2.328307,0.6810417,0.02085228,-0.7319472,0.0,0.0,0.0,1.560724,-0.3489499,-2.660446,-0.2102352,0.05337515,0.8937045,-0.9783144,0.03693854,0.2038065,-0.05207642,0.9084958,-0.4146365,-0.2004734,-0.4162583,-0.8868709,moving,9.932402,25.04124,-13.23759,3.417844,10.137292112133911,29.510619815436733,31.69258247370952,35.03167229109678,149.09388061230513
468,468,05/15/2023 13:23:31.503197,697,True,True,True,True,Eyes,1.685408,0.05589285,-1.885792,-0.1480398,-0.416885,-0.8968228,0.0,0.0,0.0,0.0,0.0,0.0,0.0,1.842865,-0.7592685,-1.324618,1.510081,0.0674203,-1.85536,-0.00526952,0.9710367,-0.2168186,-0.1002488,24.96939,192.2538,2.101204,0.6797257,0.02095509,-0.7331666,0.0,0.0,0.0,1.560711,-0.3466902,-2.660471,-0.2090896,0.05174384,0.893589,-0.979845,0.03323779,0.1969755,-0.05370538,0.9059239,-0.420021,-0.1924054,-0.4221341,-0.8858799,moving,9.373366,24.9312,-13.16962,3.314048,9.59287949418644,29.38691723920026,31.23279491795923,34.611066056786996,149.5017006284341
469,469,05/15/2023 13:23:31.513071,698,True,True,True,True,Eyes,1.677448,0.05633191,-1.884852,-0.1394989,-0.4155312,-0.8988181,0.0,0.0,0.0,0.0,0.0,0.0,0.0,1.822683,-0.7651528,-1.340649,1.502232,0.06913242,-1.855665,-0.005262627,0.9714219,-0.2170084,-0.0960178,25.00036,191.7307,1.988568,0.6783853,0.02106927,-0.7344038,0.0,0.0,0.0,1.560697,-0.3443023,-2.660498,-0.2073573,0.05180302,0.8933704,-0.981506,0.03144887,0.1888316,-0.05189779,0.9057593,-0.4206028,-0.1842635,-0.422624,-0.887376,moving,8.822065,24.81149,-13.06736,3.31864,9.055694329568317,29.254127029034134,30.677182529579298,34.089280137636074,150.00779978966605
470,470,05/15/2023 13:23:31.533227,699,True,True,True,True,Eyes,1.669504,0.05678885,-1.883931,-0.1309702,-0.4141914,-0.9007176,0.0,0.0,0.0,0.0,0.0,0.0,0.0,1.806289,-0.7611778,-1.357125,1.494726,0.07014331,-1.855999,-0.005448699,0.9722413,-0.2146941,-0.09286436,24.73871,191.3174,1.847458,0.6770222,0.02119464,-0.735657,0.0,0.0,0.0,1.560678,-0.3409737,-2.660536,-0.2059194,0.05706114,0.8925297,-0.982693,0.02927995,0.1829127,-0.05046974,0.9077535,-0.4164568,-0.1782335,-0.4184808,-0.8905653,moving,8.273197,24.69515,-12.99163,3.658051,8.520957360036203,29.124664682091108,29.912412167455336,33.336763900475695,150.7305276828013
471,471,05/15/2023 13:23:31.553318,700,True,True,True,True,Eyes,1.661596,0.05725778,-1.883086,-0.122445,-0.4126076,-0.9026418,0.0,0.0,0.0,0.0,0.0,0.0,0.0,1.784157,-0.7688649,-1.372894,1.487099,0.07101068,-1.855451,-0.003793164,0.9727796,-0.2141242,-0.08852404,24.6619,190.8202,1.9252,0.675637,0.02133095,-0.7369255,0.0,0.0,0.0,1.56067,-0.3397158,-2.66055,-0.2040727,0.06177467,0.8928472,-0.9842983,0.03053045,0.1738532,-0.04529009,0.9082729,-0.4159196,-0.1706043,-0.4172628,-0.8926288,moving,7.725125,24.56567,-12.8746,3.957896,7.986632977379987,28.982549058434348,29.138102534494262,32.57950739393605,151.46199861781727
472,472,05/15/2023 13:23:31.563464,701,True,True,True,True,Eyes,1.653675,0.05771547,-1.882275,-0.113918,-0.4108008,-0.9045802,0.0,0.0,0.0,0.0,0.0,0.0,0.0,1.760658,-0.7718908,-1.393692,1.479079,0.07168514,-1.856151,-0.001202494,0.9738582,-0.2110246,-0.0840666,24.28139,190.3157,2.083397,0.6742302,0.02147759,-0.7382085,0.0,0.0,0.0,1.560657,-0.33734,-2.660577,-0.2032001,0.06197542,0.8927251,-0.9858627,0.03313813,0.1642454,-0.03782236,0.9109344,-0.4108139,-0.1632304,-0.4112183,-0.8968028,moving,7.177737,24.42442,-12.82306,3.971259,7.452650071430715,28.82909850183401,28.60705639395864,32.07828866382457,151.94847568826864
473,473,05/15/2023 13:23:31.589549,702,True,True,True,True,Eyes,1.645789,0.0581584,-1.881494,-0.1053915,-0.408978,-0.9064379,0.0,0.0,0.0,0.0,0.0,0.0,0.0,1.736974,-0.768499,-1.416191,1.470787,0.07180354,-1.856043,0.0005790653,0.9750989,-0.2070419,-0.07947017,23.80848,189.7681,2.132041,0.6728022,0.02163314,-0.7395057,0.0,0.0,0.0,1.560643,-0.3349479,-2.660604,-0.202657,0.06424764,0.8925873,-0.9873683,0.0340366,0.1547428,-0.03177802,0.9142666,-0.4038647,-0.1552223,-0.4036807,-0.9016362,moving,6.632001,24.28454,-12.79183,4.116999,6.92030444368101,28.67702160239918,28.000266439861637,31.492268171030705,152.51488486727996
474,474,05/15/2023 13:23:31.603035,703,True,True,True,True,Eyes,1.637873,0.05858701,-1.880742,-0.09689231,-0.4071965,-0.9081866,0.0,0.0,0.0,0.0,0.0,0.0,0.0,1.713894,-0.7719762,-1.433102,1.462329,0.07187091,-1.855691,0.001519454,0.9756249,-0.2062197,-0.07501709,23.71316,189.2394,2.122227,0.6713544,0.02179618,-0.7408155,0.0,0.0,0.0,1.560629,-0.3326262,-2.66063,-0.2017602,0.06456915,0.8923506,-0.9887406,0.03390483,0.1457504,-0.02797516,0.9149423,-0.402614,-0.1470037,-0.4021581,-0.9036921,moving,6.089718,24.14966,-12.74034,4.138624,6.391439303582216,28.529877268986866,27.4774934460307,30.999326046752035,152.99678760145233
475,475,05/15/2023 13:23:31.623430,704,True,True,True,True,Eyes,1.630007,0.05901028,-1.880023,-0.08836984,-0.4055109,-0.9098085,0.0,0.0,0.0,0.0,0.0,0.0,0.0,1.692687,-0.7750203,-1.447606,1.453652,0.07195731,-1.855566,0.001844647,0.9759697,-0.205973,-0.07109927,23.68978,188.765,2.058289,0.6698862,0.02196547,-0.7421384,0.0,0.0,0.0,1.560614,-0.3299147,-2.66066,-0.2020818,0.06623194,0.8921307,-0.9898832,0.0328897,0.1380216,-0.02568842,0.9151434,-0.4023091,-0.1395414,-0.4017845,-0.9050403,moving,5.547745,24.02302,-12.76303,4.24586,5.86309908945303,28.39069308773714,26.9521898695862,30.494354390471273,153.48600731515987
476,476,05/15/2023 13:23:31.634445,705,True,True,True,True,Eyes,1.622104,0.05943766,-1.879329,-0.07991457,-0.4038254,-0.911339,0.0,0.0,0.0,0.0,0.0,0.0,0.0,1.672089,-0.7777831,-1.460883,1.444905,0.07224506,-1.855273,0.002126388,0.9762842,-0.2057134,-0.06742853,23.66465,188.32,1.995557,0.6683994,0.0221402,-0.7434726,0.0,0.0,0.0,1.560602,-0.327922,-2.660682,-0.201864,0.06812495,0.8918598,-0.9908977,0.03189382,0.1307839,-0.02358999,0.915355,-0.4019563,-0.1325337,-0.4013827,-0.9062707,moving,5.011402,23.89871,-12.75347,4.368071,5.34027492214273,28.25393356487406,26.40144952317401,29.965280505538704,154.00182818611268
477,477,05/15/2023 13:23:31.653289,706,True,True,True,True,Eyes,1.614253,0.05984804,-1.878672,-0.07151461,-0.4020927,-0.9128017,0.0,0.0,0.0,0.0,0.0,0.0,0.0,1.653403,-0.7769372,-1.473688,1.436055,0.07277046,-1.85515,0.001527227,0.9766197,-0.2051721,-0.06415574,23.61284,187.9001,1.833043,0.6668934,0.02232008,-0.7448184,0.0,0.0,0.0,1.560588,-0.3255244,-2.660709,-0.2019263,0.06511295,0.891174,-0.9917635,0.02930898,0.1246848,-0.0233429,0.9158041,-0.4009463,-0.1259382,-0.4005544,-0.9075769,moving,4.47976,23.77368,-12.76677,4.178847,4.82198391783387,28.11662675242531,26.103644905238596,29.70490807691112,154.26340988238823
478,478,05/15/2023 13:23:31.663220,707,True,True,True,True,Eyes,1.606368,0.06023489,-1.878029,-0.06318282,-0.4003371,-0.9141871,0.0,0.0,0.0,0.0,0.0,0.0,0.0,1.635517,-0.7722138,-1.487224,1.427131,0.07273054,-1.855013,0.001135825,0.9771659,-0.2034663,-0.06121286,23.42209,187.5202,1.694222,0.665369,0.02250399,-0.7461751,0.0,0.0,0.0,1.560575,-0.3232093,-2.660735,-0.2026814,0.06206965,0.8906746,-0.9925033,0.02712928,0.119168,-0.02268973,0.9172004,-0.3977797,-0.1200924,-0.3975016,-0.9097088,moving,3.953634,23.64938,-12.81988,3.986404,4.309054923421267,27.9801972505706,25.845374771606078,29.480544875594276,154.48883914107432
479,479,05/15/2023 13:23:31.689614,708,True,True,True,True,Eyes,1.598483,0.06059932,-1.877397,-0.05476254,-0.3986351,-0.9154732,0.0,0.0,0.0,0.0,0.0,0.0,0.0,1.615487,-0.7719882,-1.500359,1.418368,0.07253562,-1.854672,0.001566895,0.9775946,-0.2023908,-0.05783134,23.2991,187.1115,1.651669,0.6638262,0.02269064,-0.7475423,0.0,0.0,0.0,1.560561,-0.3208819,-2.660762,-0.2039645,0.05998734,0.889581,-0.9933063,0.02647263,0.1124369,-0.02034548,0.9180711,-0.3958934,-0.1137054,-0.395531,-0.9113872,moving,3.423288,23.53032,-12.91366,3.8578,3.792181859276903,27.848691279979025,25.571544988621707,29.234363626303583,154.73327152853648
480,480,05/15/2023 13:23:31.705529,709,True,True,True,True,Eyes,1.590538,0.06093507,-1.876766,-0.04637458,-0.396986,-0.9166523,0.0,0.0,0.0,0.0,0.0,0.0,0.0,1.593483,-0.7733161,-1.514055,1.409413,0.07234557,-1.854155,0.001687971,0.9778998,-0.2020094,-0.05386527,23.26024,186.6274,1.563298,0.6622652,0.02287896,-0.7489197,0.0,0.0,0.0,1.560548,-0.31853,-2.660788,-0.2041455,0.05689317,0.8888195,-0.9941918,0.02506392,0.1046677,-0.01846125,0.9183787,-0.3952718,-0.1060316,-0.3949081,-0.9125818,moving,2.896196,23.41659,-12.93544,3.662496,3.2786055552984847,27.722430038612217,25.315310154081303,29.013371041843193,154.96020958479482
481,481,05/15/2023 13:23:31.713446,710,True,True,True,True,Eyes,1.582554,0.06124244,-1.876135,-0.03783139,-0.3953539,-0.9177495,0.0,0.0,0.0,0.0,0.0,0.0,0.0,1.570796,-0.7765374,-1.526518,1.399946,0.07199161,-1.853547,0.0022065,0.9781184,-0.2019411,-0.04999434,23.255,186.1665,1.528573,0.6606857,0.02306771,-0.7503078,0.0,0.0,0.0,1.560534,-0.3161577,-2.660815,-0.2030191,0.05466592,0.8882658,-0.9949917,0.02450826,0.09690961,-0.01587539,0.9184299,-0.3952653,-0.09869194,-0.394824,-0.913441,moving,2.360505,23.30572,-12.8742,3.521673,2.7567793324435814,27.598658654568887,24.97007713514786,28.705901015324258,155.27634153272444
482,482,05/15/2023 13:23:31.733224,711,True,True,True,True,Eyes,1.574505,0.06153605,-1.875505,-0.02935146,-0.393741,-0.9187527,0.0,0.0,0.0,0.0,0.0,0.0,0.0,1.547963,-0.7798882,-1.538427,1.390322,0.0716019,-1.852848,0.003245943,0.9783828,-0.2015282,-0.04629432,23.20629,185.7383,1.559353,0.6590874,0.02325577,-0.7517063,0.0,0.0,0.0,1.56052,-0.3137088,-2.660842,-0.2020106,0.05551824,0.887334,-0.995693,0.02501078,0.08927885,-0.01230768,0.9187517,-0.394644,-0.09189545,-0.3940429,-0.9144868,moving,1.82981,23.19806,-12.82537,3.580185,2.239879140787373,27.47814112391552,24.48745230415008,28.250204221820876,155.73315980841232
483,483,05/15/2023 13:23:31.753250,712,True,True,True,True,Eyes,1.566363,0.0618087,-1.874864,-0.0205611,-0.3920593,-0.9197102,0.0,0.0,0.0,0.0,0.0,0.0,0.0,1.52581,-0.7818972,-1.549992,1.380634,0.07155713,-1.852204,0.003864066,0.9786454,-0.201029,-0.04272927,23.15015,185.3159,1.541991,0.657469,0.02344283,-0.7531164,0.0,0.0,0.0,1.560507,-0.3114693,-2.660867,-0.2017501,0.05500486,0.8859707,-0.9963187,0.02474275,0.08208001,-0.009616544,0.9191448,-0.3938025,-0.08518717,-0.393142,-0.9155232,moving,1.280695,23.08786,-12.82844,3.552608,1.7050703916144745,27.35459526118086,24.097588284965965,27.888304392425546,156.0991395303627
484,484,05/15/2023 13:23:31.763360,713,True,True,True,True,Eyes,1.558152,0.06203673,-1.874205,-0.01181532,-0.3903427,-0.9205939,0.0,0.0,0.0,0.0,0.0,0.0,0.0,1.502622,-0.7804996,-1.563668,1.370888,0.07130866,-1.851402,0.00437301,0.9790882,-0.1996429,-0.03885832,22.99159,184.8504,1.498829,0.6558301,0.0236282,-0.7545382,0.0,0.0,0.0,1.560493,-0.3091233,-2.660894,-0.2015844,0.0531396,0.8846278,-0.996942,0.0240787,0.07434535,-0.006952449,0.9202472,-0.3912759,-0.07783751,-0.3905962,-0.9172657,moving,0.7353198,22.97752,-12.83706,3.437627,1.1738797242984709,27.23103158645937,23.791109933899616,27.612180894903446,156.3840013384929
485,485,05/15/2023 13:23:31.789621,714,True,True,True,True,Eyes,1.549897,0.062223,-1.873514,-0.003036284,-0.3885407,-0.9214266,0.0,0.0,0.0,0.0,0.0,0.0,0.0,1.478325,-0.7796862,-1.577091,1.360936,0.07044362,-1.85026,0.005311291,0.9795076,-0.1982955,-0.0348662,22.83592,184.3815,1.506674,0.6541699,0.02381036,-0.7559723,0.0,0.0,0.0,1.56048,-0.306721,-2.660921,-0.2005371,0.05242467,0.8832871,-0.9975123,0.02423252,0.066197,-0.003422719,0.9213014,-0.3888342,-0.07040982,-0.3880935,-0.9189265,moving,0.1888003,22.86384,-12.79131,3.396622,0.6414897525889632,27.104209403768984,23.397774254396293,27.248666200394098,156.7567576702827
486,486,05/15/2023 13:23:31.803517,715,True,True,True,True,Eyes,1.541561,0.06237541,-1.872789,0.005704081,-0.3867722,-0.9221576,0.0,0.0,0.0,0.0,0.0,0.0,0.0,1.452229,-0.780832,-1.590213,1.350752,0.06966479,-1.848799,0.006364679,0.9798215,-0.1974337,-0.03048606,22.73761,183.8705,1.52286,0.6524887,0.02398805,-0.7574182,0.0,0.0,0.0,1.560466,-0.3043706,-2.660947,-0.1987685,0.05238655,0.8820601,-0.9980603,0.02451045,0.05722859,0.0004345451,0.9219588,-0.3872876,-0.062255,-0.3865115,-0.9201813,moving,-0.3544032,22.75419,-12.69924,3.398869,0.112421136358399,26.981379578767093,22.956991236476856,26.837910989317667,157.17832080078358
487,487,05/15/2023 13:23:31.813194,716,True,True,True,True,Eyes,1.533174,0.06250532,-1.872072,0.0148411,-0.384762,-0.9228966,0.0,0.0,0.0,0.0,0.0,0.0,0.0,1.426997,-0.7826796,-1.601505,1.340418,0.06899589,-1.847226,0.007318464,0.9800332,-0.1969364,-0.02641069,22.68235,183.3956,1.536948,0.6507865,0.02416043,-0.7588759,0.0,0.0,0.0,1.560452,-0.3020197,-2.660974,-0.1983725,0.052154,0.8802376,-0.9984981,0.02474713,0.04888417,0.003942221,0.922325,-0.3863949,-0.05464926,-0.3856218,-0.9210372,moving,-0.9212943,22.63159,-12.70015,3.390806,-0.4399414450839601,26.845312072758794,22.55990271557212,26.465573277885284,157.55949403959178
488,488,05/15/2023 13:23:31.833146,717,True,True,True,True,Eyes,1.524707,0.06262432,-1.87131,0.02386966,-0.3826988,-0.9235648,0.0,0.0,0.0,0.0,0.0,0.0,0.0,1.405176,-0.7809647,-1.613023,1.330876,0.06847641,-1.846712,0.007888003,0.9803712,-0.1956569,-0.02299061,22.53638,182.9892,1.517679,0.6490619,0.02432722,-0.7603462,0.0,0.0,0.0,1.560439,-0.2997157,-2.660999,-0.1985348,0.05239141,0.8782808,-0.9988185,0.02446288,0.04199199,0.006469797,0.9233124,-0.3839954,-0.04816535,-0.38327,-0.9223797,moving,-1.480488,22.50772,-12.73759,3.413776,-0.9848839257484238,26.70826056267148,22.165311703505097,26.09136085198106,157.94111888293654
489,489,05/15/2023 13:23:31.854092,718,True,True,True,True,Eyes,1.516156,0.06272496,-1.870539,0.03337175,-0.3801483,-0.9243233,0.0,0.0,0.0,0.0,0.0,0.0,0.0,1.383381,-0.7768539,-1.623117,1.320439,0.06830715,-1.844864,0.008025602,0.9807462,-0.1941201,-0.01975569,22.36142,182.5947,1.450643,0.6473157,0.02448859,-0.7618282,0.0,0.0,0.0,1.560425,-0.2973498,-2.661026,-0.1997241,0.05314988,0.875825,-0.9990909,0.0234121,0.03563477,0.008072205,0.924506,-0.3810821,-0.04186649,-0.3804479,-0.9238545,moving,-2.067708,22.356,-12.84612,3.472764,-1.5577286028321755,26.54345893667355,21.742832544851186,25.68432878618219,158.3530317087769
490,490,05/15/2023 13:23:31.863398,719,True,True,True,True,Eyes,1.507525,0.06278434,-1.86971,0.04279795,-0.3775356,-0.9250056,0.0,0.0,0.0,0.0,0.0,0.0,0.0,1.361708,-0.7694454,-1.63606,1.310856,0.06791453,-1.843917,0.007912053,0.9812794,-0.1917405,-0.01624277,22.08891,182.1592,1.345432,0.6455461,0.02464449,-0.7633233,0.0,0.0,0.0,1.560412,-0.2951183,-2.661051,-0.2007249,0.0519878,0.8734609,-0.9993474,0.02175666,0.02884326,0.009299077,0.926346,-0.376559,-0.03491151,-0.3760449,-0.9259438,moving,-2.649059,22.20254,-12.9421,3.406187,-2.1249367538091737,26.3771624904701,21.43010917210386,25.39048514066873,158.65834526579164
491,491,05/15/2023 13:23:31.883440,720,True,True,True,True,Eyes,1.498768,0.06282465,-1.868835,0.05262038,-0.3746773,-0.9256608,0.0,0.0,0.0,0.0,0.0,0.0,0.0,1.337129,-0.7636914,-1.647972,1.300233,0.06695029,-1.841701,0.008329358,0.9817262,-0.1897145,-0.01236219,21.85688,181.6938,1.299282,0.6437534,0.02479387,-0.7648309,0.0,0.0,0.0,1.560399,-0.2927846,-2.661077,-0.2007011,0.05354139,0.8714312,-0.9995558,0.02104487,0.02111217,0.01166372,0.927878,-0.3727013,-0.02743297,-0.3722894,-0.9277113,moving,-3.253551,22.0365,-12.96974,3.515877,-2.7148994123984598,26.198002500420568,20.91453573455194,24.89258067565412,159.1661065602811
492,492,05/15/2023 13:23:31.903521,721,True,True,True,True,Eyes,1.489915,0.06282715,-1.867901,0.06229439,-0.3717219,-0.9262517,0.0,0.0,0.0,0.0,0.0,0.0,0.0,1.312562,-0.7631501,-1.657377,1.289544,0.06651556,-1.839775,0.009052216,0.9819238,-0.1888643,-0.008610737,21.76156,181.2543,1.297481,0.6419365,0.02493673,-0.7663519,0.0,0.0,0.0,1.560385,-0.2904541,-2.661103,-0.2011664,0.05667046,0.8688638,-0.9996879,0.02102969,0.01349089,0.01452465,0.9284967,-0.3710565,-0.02032945,-0.3707448,-0.9285123,moving,-3.847592,21.8665,-13.03589,3.731753,-3.294848534243365,26.015349381823093,20.329630318596866,24.31967426890396,159.74491155721827
493,493,05/15/2023 13:23:31.913237,722,True,True,True,True,Eyes,1.480968,0.06279312,-1.866908,0.07211137,-0.3685628,-0.9268017,0.0,0.0,0.0,0.0,0.0,0.0,0.0,1.289531,-0.7552133,-1.6677,1.278323,0.06556627,-1.837403,0.009782404,0.9824601,-0.1861374,-0.005432116,21.4469,180.8813,1.30785,0.6400949,0.02507229,-0.7678863,0.0,0.0,0.0,1.560371,-0.2880079,-2.661131,-0.202789,0.05782986,0.8660914,-0.9997496,0.02124388,0.007031931,0.0171994,0.9305143,-0.3658514,-0.01431542,-0.3656388,-0.9306467,moving,-4.449032,21.68632,-13.17799,3.82003,-3.882240997610132,25.822641997802428,19.884642972149738,23.885683667026814,160.1881478912684
494,494,05/15/2023 13:23:31.933356,723,True,True,True,True,Eyes,1.471941,0.06278375,-1.865874,0.08180034,-0.3655567,-0.9271877,0.0,0.0,0.0,0.0,0.0,0.0,0.0,1.26913,-0.7536827,-1.673321,1.267744,0.06461342,-1.835042,0.0112916,0.9826983,-0.1848446,-0.003021605,21.29837,180.6219,1.433588,0.6382286,0.02519987,-0.7694341,0.0,0.0,0.0,1.560358,-0.2856658,-2.661157,-0.2047673,0.05904493,0.8631914,-0.999727,0.02330952,0.001764274,0.02107541,0.93141,-0.3633611,-0.01011303,-0.3632247,-0.9316469,moving,-5.041817,21.51753,-13.3451,3.913111,-4.46094072009883,25.641195741765884,19.464328318892743,23.474197593443176,160.6090634388055
495,495,05/15/2023 13:23:31.953234,724,True,True,True,True,Eyes,1.462797,0.06284086,-1.864833,0.09185781,-0.362339,-0.9275088,0.0,0.0,0.0,0.0,0.0,0.0,0.0,1.241108,-0.7629174,-1.679619,1.256779,0.06517939,-1.832967,0.01528794,0.9827434,-0.1843399,0.0007804949,21.24407,180.2522,1.829782,0.6363368,0.02532142,-0.7709953,0.0,0.0,0.0,1.560344,-0.2833406,-2.661183,-0.2064616,0.06233543,0.8606375,-0.9995316,0.02976048,-0.007170404,0.03033599,0.9315702,-0.3622939,-0.004102303,-0.3623416,-0.9320365,moving,-5.655966,21.33851,-13.48998,4.142663,-5.060609888824916,25.449209079683158,18.89626760499557,22.91338443610707,161.17754427617174
496,496,05/15/2023 13:23:31.963289,725,True,True,True,True,Eyes,1.45356,0.06288618,-1.863732,0.1019332,-0.3591297,-0.9277045,0.0,0.0,0.0,0.0,0.0,0.0,0.0,1.208487,-0.7645981,-1.693203,1.245875,0.06675352,-1.831755,0.0186594,0.9831681,-0.181648,0.00602734,20.94098,179.6888,2.117041,0.6344178,0.02544046,-0.7725711,0.0,0.0,0.0,1.560331,-0.2810912,-2.661209,-0.2079179,0.06339115,0.8580009,-0.999231,0.03450095,-0.01863066,0.03888037,0.9333116,-0.3569562,0.005072888,-0.357406,-0.9339353,moving,-6.270323,21.16224,-13.6218,4.225471,-5.660405509609855,25.259869255431536,18.463433002583514,22.490658331843374,161.61520544033868
497,497,05/15/2023 13:23:31.990200,726,True,True,True,True,Eyes,1.444165,0.06299631,-1.862571,0.1123148,-0.3562517,-0.9276153,0.0,0.0,0.0,0.0,0.0,0.0,0.0,1.177175,-0.7607815,-1.705701,1.23433,0.06649669,-1.829194,0.01898464,0.9833812,-0.1801935,0.0114571,20.7832,179.0383,2.03561,0.6324714,0.02555688,-0.7741616,0.0,0.0,0.0,1.560317,-0.2787073,-2.661235,-0.2092916,0.06177258,0.8554204,-0.9990165,0.03320929,-0.02937521,0.04146727,0.9343398,-0.3539628,0.01569157,-0.3548328,-0.9347981,moving,-6.903712,21.00934,-13.7482,4.130338,-6.277995846653157,25.09248138465677,18.213943134262497,22.253435810489805,161.8758496569905
498,498,05/15/2023 13:23:32.003973,727,True,True,True,True,Eyes,1.434703,0.06323876,-1.861451,0.1226731,-0.3534458,-0.9273767,0.0,0.0,0.0,0.0,0.0,0.0,0.0,1.146842,-0.7830759,-1.705182,1.222737,0.06821628,-1.82657,0.02056618,0.9823822,-0.1850448,0.01615365,21.36043,178.5155,2.118643,0.6304958,0.02567388,-0.7757677,0.0,0.0,0.0,1.560304,-0.2763938,-2.661261,-0.209171,0.06011474,0.8536048,-0.9986323,0.03442939,-0.03934943,0.04638598,0.9306709,-0.3629048,0.02412678,-0.3642338,-0.9309952,moving,-7.535321,20.86306,-13.76869,4.028379,-6.89368177701058,24.931536690259367,17.95163985439553,22.004720845537246,162.15263049018495
499,499,05/15/2023 13:23:32.013178,728,True,True,True,True,Eyes,1.425123,0.06352898,-1.860316,0.1334294,-0.3501313,-0.9271487,0.0,0.0,0.0,0.0,0.0,0.0,0.0,1.112467,-0.7902814,-1.716542,1.211575,0.07159092,-1.826363,0.02408577,0.9824865,-0.1835012,0.02162454,21.19951,177.9315,2.421517,0.6284894,0.02579709,-0.7773899,0.0,0.0,0.0,1.56029,-0.2740109,-2.661288,-0.2087675,0.05983323,0.8515849,-0.9979047,0.03939163,-0.05133116,0.05526414,0.9314943,-0.3595333,0.03365209,-0.3616166,-0.9317195,moving,-8.189418,20.6887,-13.7745,4.019056,-7.531912475440855,24.74279362593158,17.580391691696178,21.643548696788006,162.54034626187888
500,500,05/15/2023 13:23:32.033252,729,True,True,True,True,Eyes,1.415448,0.06381968,-1.859111,0.1441803,-0.3471204,-0.9266712,0.0,0.0,0.0,0.0,0.0,0.0,0.0,1.078239,-0.7734226,-1.736442,1.200386,0.0729098,-1.824766,0.02415305,0.9833403,-0.1779752,0.02798777,20.57128,177.1564,2.297934,0.6264507,0.0259281,-0.7790294,0.0,0.0,0.0,1.560276,-0.2715582,-2.661316,-0.2080296,0.05881104,0.8496994,-0.9972667,0.03753909,-0.0636403,0.0574636,0.9354829,-0.3486683,0.04644571,-0.3513723,-0.935083,moving,-8.843714,20.53537,-13.75696,3.959352,-8.16976242695475,24.574335289512312,17.288850713475433,21.35870578352337,162.85348063069867
501,501,05/15/2023 13:23:32.053439,730,True,True,True,True,Eyes,1.405699,0.06417004,-1.857902,0.1549747,-0.3442852,-0.9259863,0.0,0.0,0.0,0.0,0.0,0.0,0.0,1.04636,-0.7827376,-1.740398,1.188337,0.07328779,-1.821816,0.02317266,0.9826068,-0.1811588,0.03359486,20.9512,176.4623,2.047582,0.6243797,0.02606638,-0.7806857,0.0,0.0,0.0,1.560264,-0.2694156,-2.66134,-0.2079374,0.05688158,0.8478906,-0.9966689,0.03336721,-0.07441693,0.05771122,0.9332891,-0.3544587,0.0576252,-0.3575726,-0.9321059,moving,-9.501066,20.39533,-13.77932,3.837993,-8.810209626488225,24.41860409216837,17.10113638972817,21.172000633648818,163.06828905026933
502,502,05/15/2023 13:23:32.063526,731,True,True,True,True,Eyes,1.395925,0.06456385,-1.856708,0.1655836,-0.3412445,-0.9252752,0.0,0.0,0.0,0.0,0.0,0.0,0.0,1.018209,-0.7974702,-1.741294,1.176815,0.07508703,-1.820517,0.02372541,0.9818138,-0.1845039,0.03790754,21.35195,175.956,2.005888,0.6222757,0.02621392,-0.7823588,0.0,0.0,0.0,1.56025,-0.2670743,-2.661366,-0.2076459,0.05319482,0.8462625,-0.9960002,0.0325997,-0.08319116,0.06057606,0.9307908,-0.3604982,0.06568144,-0.3640957,-0.9290425,moving,-10.14603,20.24414,-13.7862,3.596797,-9.438963421113256,24.25250317395193,17.04068269138737,21.108213174436315,163.16216932521434
503,503,05/15/2023 13:23:32.083531,732,True,True,True,True,Eyes,1.386186,0.06494665,-1.855461,0.1762356,-0.338021,-0.9244906,0.0,0.0,0.0,0.0,0.0,0.0,0.0,0.996657,-0.7846704,-1.751645,1.166401,0.07646742,-1.819603,0.02351633,0.9824234,-0.1805778,0.04102493,20.89995,175.5727,1.925521,0.6201391,0.02637176,-0.7840482,0.0,0.0,0.0,1.560236,-0.2646673,-2.661393,-0.208473,0.05497906,0.8448989,-0.9955279,0.03138961,-0.08910074,0.06102236,0.9336773,-0.352878,0.07211464,-0.356737,-0.9314173,moving,-10.7928,20.0839,-13.86048,3.723088,-10.069713067137844,24.077613658659303,16.645925323686395,20.704507449545886,163.58351144421675
504,504,05/15/2023 13:23:32.103456,733,True,True,True,True,Eyes,1.376426,0.06533189,-1.854184,0.1868151,-0.3351282,-0.9234659,0.0,0.0,0.0,0.0,0.0,0.0,0.0,0.9714359,-0.777882,-1.759599,1.156355,0.07651949,-1.817131,0.02311016,0.9825494,-0.1789203,0.04527798,20.71311,175.0502,1.789641,0.6179732,0.02653856,-0.7857509,0.0,0.0,0.0,1.560223,-0.2623683,-2.661419,-0.2092963,0.05532432,0.843594,-0.9948317,0.02921144,-0.09724545,0.06161603,0.9349069,-0.3495034,0.08070593,-0.3536889,-0.9318748,moving,-11.43646,19.94597,-13.93378,3.752181,-10.696842380646594,23.92434764942056,16.385219234386856,20.43022448441476,163.87646229451533
505,505,05/15/2023 13:23:32.113267,734,True,True,True,True,Eyes,1.366601,0.06575957,-1.852907,0.1974313,-0.3322421,-0.9222994,0.0,0.0,0.0,0.0,0.0,0.0,0.0,0.9413111,-0.7906911,-1.7614,1.146002,0.07700843,-1.815085,0.02437379,0.9817683,-0.1816854,0.05027577,21.05087,174.4746,1.816928,0.6157788,0.02671369,-0.7874659,0.0,0.0,0.0,1.560209,-0.2600204,-2.661445,-0.2114621,0.04715285,0.8415845,-0.9937569,0.02959007,-0.107575,0.06612758,0.9327927,-0.3542952,0.08986156,-0.3591968,-0.9289258,moving,-12.08263,19.81066,-14.10453,3.206853,-11.32633111867395,23.773530863093363,16.72646066875025,20.753472657568803,163.58613670322075
506,506,05/15/2023 13:23:32.133365,735,True,True,True,True,Eyes,1.356744,0.06621065,-1.851639,0.2079556,-0.3293788,-0.9210125,0.0,0.0,0.0,0.0,0.0,0.0,0.0,0.9086818,-0.7981689,-1.766899,1.13537,0.07841662,-1.813695,0.02704772,0.9813889,-0.1818329,0.05551047,21.09408,173.9016,2.020922,0.613555,0.02689831,-0.7891934,0.0,0.0,0.0,1.560196,-0.2576948,-2.661471,-0.2135232,0.04416144,0.8399401,-0.9923744,0.03290139,-0.118791,0.07327591,0.9324104,-0.3538948,0.09911837,-0.3599005,-0.9277111,moving,-12.72347,19.67842,-14.26318,3.009663,-11.950574172843847,23.62584332317957,16.739718241629664,20.745482323379544,163.61667273201954
507,507,05/15/2023 13:23:32.153442,736,True,True,True,True,Eyes,1.346883,0.06667133,-1.85038,0.2184794,-0.3263105,-0.9196674,0.0,0.0,0.0,0.0,0.0,0.0,0.0,0.8777639,-0.7972482,-1.774962,1.124635,0.07937701,-1.812584,0.02987288,0.9814194,-0.1797093,0.06023521,20.87554,173.3937,2.268615,0.6113018,0.02709265,-0.7909334,0.0,0.0,0.0,1.560182,-0.2553641,-2.661498,-0.2140754,0.04986504,0.8385875,-0.9909588,0.036986,-0.1289689,0.0802853,0.9336244,-0.3491415,0.1074951,-0.3563391,-0.9281527,moving,-13.36366,19.53538,-14.32066,3.402979,-12.574482227211378,23.467755696643422,16.160761461787654,20.14061569814453,164.22471728336433
508,508,05/15/2023 13:23:32.172928,737,True,True,True,True,Eyes,1.337029,0.06711821,-1.849161,0.2289502,-0.3230408,-0.9182736,0.0,0.0,0.0,0.0,0.0,0.0,0.0,0.8466368,-0.7918195,-1.78478,1.114073,0.07998039,-1.811534,0.0319212,0.981548,-0.17688,0.06525362,20.57287,172.8329,2.422982,0.6090195,0.02729628,-0.7926852,0.0,0.0,0.0,1.560168,-0.2529594,-2.661525,-0.2129282,0.05031183,0.8373341,-0.9894459,0.03958026,-0.1393915,0.0857485,0.935389,-0.3430665,0.1168067,-0.3513984,-0.9289108,moving,-13.99994,19.38143,-14.26751,3.438525,-13.194901055729249,23.29926407225136,15.945150157459322,19.889681909054794,164.48358156851185
509,509,05/15/2023 13:23:32.183167,738,True,True,True,True,Eyes,1.327257,0.06753012,-1.847945,0.2394305,-0.3195052,-0.9168366,0.0,0.0,0.0,0.0,0.0,0.0,0.0,0.8189943,-0.7770413,-1.797719,1.104271,0.08003557,-1.811219,0.03180839,0.9819644,-0.1726987,0.07006751,20.09791,172.2511,2.335429,0.6067082,0.02750778,-0.7944483,0.0,0.0,0.0,1.560155,-0.2507059,-2.66155,-0.2120826,0.04955068,0.8368236,-0.9881579,0.03826828,-0.1485941,0.08667055,0.9383268,-0.3347104,0.1266211,-0.3436254,-0.9305317,moving,-14.63583,19.21276,-14.22147,3.388688,-13.81534358335444,23.116581964331296,15.82949616604344,19.73207386298248,164.64670697362212
510,510,05/15/2023 13:23:32.203271,739,True,True,True,True,Eyes,1.317517,0.06793034,-1.846737,0.2499597,-0.3161149,-0.9152002,0.0,0.0,0.0,0.0,0.0,0.0,0.0,0.7898719,-0.7664241,-1.808377,1.094656,0.07956621,-1.810227,0.03034497,0.9819683,-0.170587,0.07561404,19.85318,171.554,2.059296,0.604371,0.0277249,-0.7962201,0.0,0.0,0.0,1.560141,-0.2483267,-2.661577,-0.2122853,0.05168301,0.8360372,-0.9867237,0.03379807,-0.1588541,0.08539315,0.9399585,-0.330433,0.1381483,-0.3396111,-0.9303655,moving,-15.27608,19.05518,-14.24735,3.537468,-14.43970624171556,22.944463418182835,15.55177389006939,19.407948683080765,164.96703863729843
511,511,05/15/2023 13:23:32.213212,740,True,True,True,True,Eyes,1.307839,0.06834736,-1.845547,0.260622,-0.312756,-0.9133782,0.0,0.0,0.0,0.0,0.0,0.0,0.0,0.7583038,-0.7679681,-1.814735,1.085545,0.07972629,-1.809226,0.02842696,0.981288,-0.1718971,0.08196026,20.00004,170.748,1.683864,0.6020092,0.02794663,-0.7979996,0.0,0.0,0.0,1.560125,-0.2455015,-2.661608,-0.2131489,0.05156073,0.8345948,-0.9849491,0.02761262,-0.1706263,0.08396753,0.9392866,-0.3327013,0.1510802,-0.3420208,-0.9274681,moving,-15.92549,18.90206,-14.32664,3.535203,-15.072818502069508,22.7763609113104,15.449809558080286,19.255621000760623,165.11755678212293
512,512,05/15/2023 13:23:32.238378,741,True,True,True,True,Eyes,1.298198,0.06880023,-1.844392,0.2712911,-0.3094642,-0.9113907,0.0,0.0,0.0,0.0,0.0,0.0,0.0,0.7268383,-0.7702662,-1.820561,1.076434,0.08056907,-1.808547,0.0259404,0.9805257,-0.1734553,0.08837356,20.1659,169.9193,1.233829,0.5996245,0.02817332,-0.799785,0.0,0.0,0.0,1.560115,-0.2437058,-2.661629,-0.2140972,0.05054349,0.8338413,-0.9830347,0.02021274,-0.1823041,0.08152817,0.9384807,-0.3355698,0.164306,-0.3447396,-0.924207,moving,-16.57654,18.755,-14.4002,3.468753,-15.70735380807344,22.61405401996797,15.440395174366781,19.18987238683852,165.17892955504078
513,513,05/15/2023 13:23:32.254170,742,True,True,True,True,Eyes,1.288645,0.0692822,-1.84326,0.281783,-0.3060841,-0.9093464,0.0,0.0,0.0,0.0,0.0,0.0,0.0,0.6970661,-0.7700128,-1.826797,1.067567,0.08190142,-1.808204,0.02393588,0.9799507,-0.1738864,0.09427257,20.20091,169.1636,0.8624741,0.5972175,0.02840613,-0.8015757,0.0,0.0,0.0,1.5601,-0.2411777,-2.661657,-0.2148683,0.05298769,0.8331229,-0.9810795,0.01412653,-0.1930892,0.07969739,0.9383812,-0.3362871,0.1764407,-0.3453131,-0.9217525,moving,-17.21686,18.60313,-14.46184,3.639184,-16.331628551950757,22.4474426191562,15.21544659519779,18.900970914587152,165.4481781902817
514,514,05/15/2023 13:23:32.263557,743,True,True,True,True,Eyes,1.279156,0.06974975,-1.84216,0.2922167,-0.3026701,-0.9071935,0.0,0.0,0.0,0.0,0.0,0.0,0.0,0.6695058,-0.7649077,-1.833884,1.058943,0.08302787,-1.807816,0.02212364,0.9796348,-0.1729285,0.09960926,20.07323,168.4843,0.5426534,0.5947903,0.02864577,-0.8033699,0.0,0.0,0.0,1.560088,-0.2391253,-2.66168,-0.2159567,0.05525616,0.8322614,-0.9791769,0.008895629,-0.202813,0.07779673,0.9392126,-0.334406,0.1875097,-0.3432209,-0.9203475,moving,-17.8543,18.45042,-14.5464,3.798452,-16.953136996536035,22.280111045042023,15.020731296545584,18.637706512006215,165.68697249719168
515,515,05/15/2023 13:23:32.283699,744,True,True,True,True,Eyes,1.26976,0.07024615,-1.841077,0.3024913,-0.2994229,-0.9049006,0.0,0.0,0.0,0.0,0.0,0.0,0.0,0.6434456,-0.758432,-1.840941,1.050899,0.08313005,-1.807485,0.02080803,0.9793772,-0.1716136,0.1045765,19.90739,167.8623,0.2964183,0.5923442,0.02889095,-0.8051664,0.0,0.0,0.0,1.560074,-0.2367382,-2.661707,-0.2168241,0.05726555,0.8319574,-0.9772618,0.00486431,-0.2119816,0.07665132,0.9402316,-0.3317968,0.1976979,-0.3405009,-0.9192254,moving,-18.48382,18.30889,-14.60744,3.93759,-17.566670255282034,22.12381493144224,14.884911339823294,18.425412368812477,165.86728109065203
516,516,05/15/2023 13:23:32.305567,745,True,True,True,True,Eyes,1.260428,0.07075692,-1.840046,0.3127178,-0.296148,-0.9024987,0.0,0.0,0.0,0.0,0.0,0.0,0.0,0.6147902,-0.7658121,-1.842482,1.04246,0.08428794,-1.807027,0.02156104,0.9785701,-0.1729513,0.1096521,20.07307,167.259,0.2604171,0.5898815,0.02914245,-0.8069633,0.0,0.0,0.0,1.560061,-0.2343483,-2.661734,-0.2178385,0.06263024,0.8321207,-0.9750234,0.004269034,-0.2220626,0.08012693,0.939246,-0.3337615,0.2071466,-0.3432183,-0.9161289,moving,-19.11131,18.16685,-14.67009,4.304297,-18.17825141888077,21.96709039446544,14.556607117258094,18.007816831490025,166.23167203353228
517,517,05/15/2023 13:23:32.323073,746,True,True,True,True,Eyes,1.251178,0.07127659,-1.839032,0.3227434,-0.2930104,-0.8999898,0.0,0.0,0.0,0.0,0.0,0.0,0.0,0.5863713,-0.7604747,-1.849766,1.034579,0.08511034,-1.807259,0.02205785,0.9783291,-0.1708968,0.1148045,19.84344,166.6559,0.2387922,0.5874023,0.02940034,-0.8087604,0.0,0.0,0.0,1.560044,-0.2314158,-2.661767,-0.2184121,0.06382394,0.8316817,-0.972667,0.00392024,-0.2321724,0.08239911,0.9406155,-0.329322,0.2170939,-0.3394513,-0.9152287,moving,-19.72823,18.03374,-14.71447,4.388324,-18.779352296104094,21.819313482576906,14.537371397562078,17.898677672467517,166.29461070825866
518,518,05/15/2023 13:23:32.337282,747,True,True,True,True,Eyes,1.242,0.07181979,-1.838083,0.3327013,-0.2899872,-0.8973389,0.0,0.0,0.0,0.0,0.0,0.0,0.0,0.5610631,-0.7647643,-1.850923,1.026402,0.08581249,-1.806849,0.02337263,0.9777254,-0.1713407,0.1189506,19.91396,166.1798,0.3011561,0.5849086,0.0296644,-0.8105561,0.0,0.0,0.0,1.560034,-0.2297267,-2.661786,-0.2203461,0.06007123,0.8314555,-0.9706092,0.004941841,-0.2406115,0.0864662,0.9401921,-0.3294879,0.2245928,-0.3406087,-0.9129865,moving,-20.34299,17.90894,-14.84289,4.132341,-19.37813466136333,21.679622273005,14.833940137967424,18.12389373761545,166.05143820203534
519,519,05/15/2023 13:23:32.353416,748,True,True,True,True,Eyes,1.23293,0.07237227,-1.837184,0.3423883,-0.2868065,-0.8947135,0.0,0.0,0.0,0.0,0.0,0.0,0.0,0.5314284,-0.7664565,-1.855445,1.018868,0.08691128,-1.807458,0.02601956,0.9772184,-0.1702819,0.1239811,19.83162,165.6308,0.5256498,0.5824006,0.0299351,-0.81235,0.0,0.0,0.0,1.56002,-0.2274089,-2.661812,-0.2210751,0.06103209,0.8318592,-0.9679035,0.008630113,-0.2511745,0.09307705,0.9406541,-0.3263534,0.2334518,-0.3392571,-0.9112657,moving,-20.94081,17.77361,-14.88292,4.196175,-19.960798220503342,21.530302290797543,14.867574530881795,18.062580550846945,166.057663974968
520,520,05/15/2023 13:23:32.363187,749,True,True,True,True,Eyes,1.223905,0.07290754,-1.836346,0.3520283,-0.2837138,-0.8919543,0.0,0.0,0.0,0.0,0.0,0.0,0.0,0.5036176,-0.7575929,-1.863162,1.010948,0.08758609,-1.80811,0.02758089,0.9771429,-0.1669501,0.1286812,19.47323,165.1097,0.6645129,0.57988,0.03021218,-0.814141,0.0,0.0,0.0,1.560007,-0.225049,-2.661838,-0.2219472,0.05762142,0.8313555,-0.9653611,0.01093427,-0.2606891,0.09686761,0.9427339,-0.3191699,0.2422706,-0.3333665,-0.9111378,moving,-21.5377,17.64489,-14.94766,3.964842,-20.54238084866247,21.387389183105395,15.184608670752894,18.29879918797931,165.78963891685882
521,521,05/15/2023 13:23:32.383276,750,True,True,True,True,Eyes,1.215013,0.07344288,-1.835578,0.3613619,-0.2805499,-0.8892184,0.0,0.0,0.0,0.0,0.0,0.0,0.0,0.4737666,-0.756447,-1.86776,1.002932,0.0876994,-1.808764,0.02955786,0.9766018,-0.1657685,0.1337767,19.37126,164.5388,0.8126833,0.5773464,0.03049424,-0.8159291,0.0,0.0,0.0,1.559993,-0.2227479,-2.661864,-0.2228,0.0533095,0.8316157,-0.9624605,0.01338059,-0.2710926,0.1020844,0.9432942,-0.3158714,0.2514935,-0.331688,-0.9092494,moving,-22.11591,17.51057,-14.99802,3.667843,-21.106025088089904,21.239658614527805,15.565521155702722,18.603129579377104,165.4571246918244
522,522,05/15/2023 13:23:32.405561,751,True,True,True,True,Eyes,1.206173,0.07394841,-1.83488,0.3706996,-0.2773688,-0.8863681,0.0,0.0,0.0,0.0,0.0,0.0,0.0,0.4453449,-0.7527182,-1.873634,0.9955582,0.08816299,-1.810114,0.03084755,0.9761592,-0.1640349,0.13876,19.19651,163.9702,0.8919505,0.574802,0.03078071,-0.8177128,0.0,0.0,0.0,1.559979,-0.2203441,-2.661891,-0.2239628,0.0544956,0.8317179,-0.9595883,0.01470128,-0.2810238,0.1057472,0.944282,-0.3116876,0.2607835,-0.3288091,-0.9076765,moving,-22.6958,17.37633,-15.07098,3.748761,-21.671294182515208,21.091952555181955,15.615649742555094,18.55668183236556,165.439327991012
523,523,05/15/2023 13:23:32.413628,752,True,True,True,True,Eyes,1.197422,0.07441983,-1.834264,0.3797891,-0.2742338,-0.8834909,0.0,0.0,0.0,0.0,0.0,0.0,0.0,0.4151787,-0.7459663,-1.88019,0.9878709,0.08792078,-1.811169,0.03159518,0.9756939,-0.1619245,0.1442357,18.97113,163.3332,0.9054363,0.572246,0.0310698,-0.8194926,0.0,0.0,0.0,1.559965,-0.2179409,-2.661918,-0.2260667,0.05637339,0.8314227,-0.9563959,0.01494385,-0.2916919,0.108365,0.9455644,-0.3068631,0.2712277,-0.3250917,-0.9059533,moving,-23.26158,17.24424,-15.21117,3.878919,-22.22283947795689,20.946763385411685,15.602592944800586,18.451959810078208,165.47969926090175
524,524,05/15/2023 13:23:32.433244,753,True,True,True,True,Eyes,1.188715,0.07487269,-1.833738,0.3888935,-0.2711442,-0.8804787,0.0,0.0,0.0,0.0,0.0,0.0,0.0,0.3852832,-0.7450933,-1.884542,0.9805691,0.08754884,-1.812712,0.03241674,0.9749327,-0.1614131,0.1496711,18.9315,162.6946,0.9019897,0.569679,0.03135963,-0.8212682,0.0,0.0,0.0,1.559953,-0.2157059,-2.661943,-0.2286841,0.05795497,0.8313928,-0.9530954,0.01489051,-0.3023035,0.111526,0.9457899,-0.30503,0.2813735,-0.3244374,-0.9030887,moving,-23.83029,17.11626,-15.37952,3.98754,-22.77711032580337,20.805447907412496,15.61341738477839,18.372979317754304,165.49547706167687
525,525,05/15/2023 13:23:32.453079,754,True,True,True,True,Eyes,1.180109,0.07529083,-1.833295,0.3977174,-0.2680094,-0.8774918,0.0,0.0,0.0,0.0,0.0,0.0,0.0,0.3541135,-0.741649,-1.889689,0.9728686,0.08753899,-1.814449,0.03337827,0.9742436,-0.1600832,0.15527,18.80119,162.0429,0.9275839,0.5670995,0.03164925,-0.8230404,0.0,0.0,0.0,1.559938,-0.2132151,-2.661971,-0.2318434,0.05869356,0.8312038,-0.9495545,0.01532491,-0.3132282,0.1147493,0.9465185,-0.3015547,0.291855,-0.3222853,-0.9005294,moving,-24.3821,16.98407,-15.5851,4.039107,-23.315128764553084,20.660600306319463,15.65117491025415,18.331049736249174,165.4834847552205
526,526,05/15/2023 13:23:32.473325,755,True,True,True,True,Eyes,1.171545,0.07567713,-1.832946,0.4065095,-0.2649781,-0.8743778,0.0,0.0,0.0,0.0,0.0,0.0,0.0,0.3251378,-0.7374485,-1.894538,0.9653552,0.08707204,-1.816405,0.03463255,0.9736322,-0.1585943,0.1602776,18.65848,161.4688,1.003955,0.5645088,0.03193697,-0.8248084,0.0,0.0,0.0,1.559924,-0.2107042,-2.661999,-0.2356533,0.05802324,0.830841,-0.9462233,0.01660054,-0.3230878,0.1182769,0.9472969,-0.2977233,0.3011177,-0.3199266,-0.8983179,moving,-24.93432,16.85931,-15.83505,3.994865,-23.85334166683684,20.522908745352293,15.757241500050856,18.370335633916547,165.40729895507314
527,527,05/15/2023 13:23:32.490141,756,True,True,True,True,Eyes,1.163025,0.07602761,-1.832713,0.4151071,-0.2619031,-0.8712593,0.0,0.0,0.0,0.0,0.0,0.0,0.0,0.2958367,-0.7358236,-1.897995,0.9577294,0.08669706,-1.818399,0.036444,0.9728969,-0.1576389,0.1652079,18.58883,160.9113,1.138103,0.5619058,0.03222143,-0.826573,0.0,0.0,0.0,1.559911,-0.2085452,-2.662024,-0.2388132,0.05869305,0.8308915,-0.9427566,0.01882615,-0.3329504,0.1229989,0.9476436,-0.2946911,0.3099704,-0.3187744,-0.8957128,moving,-25.47523,16.73093,-16.03561,4.040585,-24.38069984153677,20.38207904311589,15.816171533067825,18.348976865877628,165.37048271664307
528,528,05/15/2023 13:23:32.503545,757,True,True,True,True,Eyes,1.154548,0.07632592,-1.832578,0.4236932,-0.2588916,-0.8680202,0.0,0.0,0.0,0.0,0.0,0.0,0.0,0.2670781,-0.7306232,-1.903014,0.950579,0.08618601,-1.820872,0.03799839,0.9722811,-0.1558332,0.1701228,18.41854,160.3549,1.260346,0.5592884,0.03250125,-0.8283352,0.0,0.0,0.0,1.559898,-0.2062723,-2.662049,-0.2411551,0.06068301,0.831342,-0.9392288,0.02086867,-0.3426571,0.1269118,0.9485443,-0.2900986,0.3189714,-0.3159561,-0.8935485,moving,-26.01767,16.60748,-16.17635,4.174846,-24.90940534403526,20.245958115893337,15.856291102283535,18.290623288548602,165.34525553747042
529,529,05/15/2023 13:23:32.513354,758,True,True,True,True,Eyes,1.146085,0.0765771,-1.832566,0.4321396,-0.2558653,-0.8647475,0.0,0.0,0.0,0.0,0.0,0.0,0.0,0.2373201,-0.7261214,-1.907116,0.9430862,0.08522451,-1.823181,0.03962923,0.9715468,-0.1543798,0.1751957,18.29201,159.7784,1.382635,0.5566562,0.03277435,-0.8300957,0.0,0.0,0.0,1.559884,-0.2038373,-2.662076,-0.2442515,0.06371489,0.8316628,-0.9354723,0.02290993,-0.3526575,0.1310966,0.9491928,-0.2860887,0.3281857,-0.3138602,-0.890947,moving,-26.55264,16.48267,-16.36702,4.380955,-25.43091343100995,20.108759216817575,15.817659773987584,18.15263037720016,165.39204085448594
530,530,05/15/2023 13:23:32.533221,759,True,True,True,True,Eyes,1.137669,0.0767757,-1.832655,0.4405307,-0.2529097,-0.8613765,0.0,0.0,0.0,0.0,0.0,0.0,0.0,0.209224,-0.7215391,-1.911048,0.9357821,0.08435321,-1.82584,0.0407835,0.9708385,-0.1530437,0.1799635,18.17019,159.2291,1.453685,0.5540065,0.03303913,-0.8318561,0.0,0.0,0.0,1.559871,-0.2016033,-2.662102,-0.2479008,0.06627253,0.8321254,-0.9318997,0.02410384,-0.3619143,0.134273,0.9498287,-0.2824824,0.3369476,-0.3118405,-0.8883816,moving,-27.0864,16.36282,-16.58946,4.553566,-25.951114408583187,19.976383956133827,15.800133841208943,18.04172627477174,165.41782355965876
531,531,05/15/2023 13:23:32.553366,760,True,True,True,True,Eyes,1.129327,0.07691403,-1.832838,0.4486606,-0.2499421,-0.85804,0.0,0.0,0.0,0.0,0.0,0.0,0.0,0.1824058,-0.7173486,-1.914211,0.9284613,0.08328187,-1.828411,0.04213095,0.9701398,-0.1518538,0.1843752,18.06976,158.7253,1.552077,0.5513393,0.0332938,-0.8336161,0.0,0.0,0.0,1.559858,-0.19938,-2.662127,-0.2517461,0.06819534,0.8327516,-0.9284614,0.02574967,-0.3705349,0.137742,0.9503308,-0.279103,0.3449439,-0.3101746,-0.8858924,moving,-27.60462,16.24054,-16.8204,4.681595,-26.456331562534267,19.84215137470123,15.808498047614297,17.96367575604554,165.41697397596684
532,532,05/15/2023 13:23:32.563290,761,True,True,True,True,Eyes,1.121036,0.07699008,-1.833103,0.4568063,-0.2470216,-0.8545808,0.0,0.0,0.0,0.0,0.0,0.0,0.0,0.1543829,-0.7121957,-1.917666,0.9215016,0.08195731,-1.831014,0.04436348,0.9694047,-0.1502465,0.1889778,17.94276,158.2159,1.760397,0.548655,0.03353641,-0.8353755,0.0,0.0,0.0,1.559844,-0.196991,-2.662153,-0.2551147,0.06901193,0.8337634,-0.9246389,0.02922583,-0.3797228,0.1427988,0.9509158,-0.2745319,0.353061,-0.3080667,-0.8834271,moving,-28.12622,16.12225,-17.01305,4.731677,-26.96471335456482,19.71166259149588,15.913758221024631,17.984314605900682,165.32213598288837
533,533,05/15/2023 13:23:32.583252,762,True,True,True,True,Eyes,1.112748,0.0770283,-1.833479,0.4648727,-0.2440858,-0.8510672,0.0,0.0,0.0,0.0,0.0,0.0,0.0,0.1229801,-0.7042173,-1.921624,0.9143757,0.08053152,-1.833335,0.04729571,0.9685961,-0.1478144,0.1942571,17.74131,157.6401,2.057373,0.5459539,0.03376514,-0.8371341,0.0,0.0,0.0,1.559831,-0.1946843,-2.662179,-0.2585714,0.07075855,0.8349843,-0.9200548,0.03419288,-0.3902954,0.1490489,0.9518281,-0.2679698,0.3623314,-0.30472,-0.8808304,moving,-28.64439,16.00287,-17.2063,4.843808,-27.469803003854537,19.58022966667856,15.979817507341695,17.958330029495627,165.25972686571558
534,534,05/15/2023 13:23:32.604224,763,True,True,True,True,Eyes,1.104492,0.07705484,-1.833951,0.4729784,-0.2411187,-0.8474392,0.0,0.0,0.0,0.0,0.0,0.0,0.0,0.08930254,-0.6979479,-1.924864,0.9072901,0.07966264,-1.835943,0.05077284,0.9675921,-0.1456199,0.1999563,17.58414,157.0202,2.406052,0.5432336,0.03397947,-0.8388934,0.0,0.0,0.0,1.559818,-0.1923948,-2.662205,-0.2616331,0.07350501,0.836755,-0.9148791,0.04001958,-0.4017393,0.15649,0.9524339,-0.2614965,0.3721652,-0.302106,-0.8776246,moving,-29.16706,15.88244,-17.3632,5.020279,-27.979279419496898,19.447642535152607,16.041123791353304,17.912285192473817,165.19409337376138
535,535,05/15/2023 13:23:32.613378,764,True,True,True,True,Eyes,1.096258,0.07707741,-1.834538,0.4807596,-0.2378955,-0.8439644,0.0,0.0,0.0,0.0,0.0,0.0,0.0,0.05595881,-0.6853137,-1.929808,0.8997272,0.07937852,-1.838785,0.05416896,0.9668308,-0.1417156,0.205477,17.23496,156.4264,2.790964,0.5404937,0.0341801,-0.8406533,0.0,0.0,0.0,1.559803,-0.1899207,-2.662233,-0.2653044,0.07697421,0.8385066,-0.9096901,0.04650586,-0.412676,0.162983,0.9539648,-0.251769,0.3819697,-0.2962909,-0.8753921,moving,-29.66776,15.74201,-17.55743,5.245005,-28.46802384435832,19.29644714855693,16.02645334061548,17.789999564103194,165.1948572582252
536,536,05/15/2023 13:23:32.633215,765,True,True,True,True,Eyes,1.088032,0.0770731,-1.835215,0.488451,-0.2344996,-0.8404913,0.0,0.0,0.0,0.0,0.0,0.0,0.0,0.02678454,-0.6675025,-1.93625,0.8919711,0.07923926,-1.842132,0.05715997,0.9664279,-0.1365659,0.2099991,16.73642,155.949,3.180085,0.5377327,0.03436801,-0.8424144,0.0,0.0,0.0,1.55979,-0.1876904,-2.662258,-0.2691569,0.07812494,0.8393981,-0.9052663,0.05312456,-0.4215102,0.1678394,0.9561651,-0.2399551,0.3902858,-0.2879692,-0.8745003,moving,-30.16299,15.58926,-17.77869,5.317347,-28.95180667343004,19.133536230653736,16.089844100225736,17.76866964787495,165.12560501069044
537,537,05/15/2023 13:23:32.653149,766,True,True,True,True,Eyes,1.07984,0.07703863,-1.835983,0.4957749,-0.230936,-0.8371833,0.0,0.0,0.0,0.0,0.0,0.0,0.0,0.003459394,-0.6467677,-1.942466,0.8838834,0.07852611,-1.845014,0.059503,0.9663422,-0.1310413,0.2132378,16.17893,155.6142,3.52892,0.5349497,0.03454307,-0.8441772,0.0,0.0,0.0,1.559777,-0.1853577,-2.662284,-0.2741872,0.0789215,0.8416632,-0.9019783,0.05911463,-0.427716,0.1708864,0.9585751,-0.2278849,0.3965266,-0.278638,-0.8747158,moving,-30.63376,15.42146,-18.04397,5.356876,-29.412311028123582,18.95687118419495,16.118271102607622,17.725660685623083,165.08995273777833
538,538,05/15/2023 13:23:32.666475,767,True,True,True,True,Eyes,1.071674,0.07699911,-1.836854,0.5029477,-0.2273012,-0.8338932,0.0,0.0,0.0,0.0,0.0,0.0,0.0,-0.01665926,-0.6310655,-1.946967,0.8760707,0.07771669,-1.848151,0.06213126,0.9662004,-0.1268075,0.2156767,15.774,155.373,3.894611,0.5321445,0.03470498,-0.8459417,0.0,0.0,0.0,1.559763,-0.1829778,-2.662311,-0.2778085,0.0780752,0.8434442,-0.8992467,0.06536363,-0.4325313,0.1747614,0.9601191,-0.2182424,0.4010165,-0.2718435,-0.8748071,moving,-31.09552,15.24717,-18.23053,5.288634,-29.864266408612416,18.774226732797423,16.269001412606613,17.810250817435243,164.93651555097006
539,539,05/15/2023 13:23:32.683337,768,True,True,True,True,Eyes,1.063529,0.0769238,-1.837833,0.5098004,-0.2235232,-0.8307472,0.0,0.0,0.0,0.0,0.0,0.0,0.0,-0.03538978,-0.6154805,-1.951494,0.8684804,0.07751589,-1.851521,0.06456429,0.9661062,-0.1225194,0.2178513,15.35889,155.1579,4.244528,0.5293165,0.03485461,-0.847708,0.0,0.0,0.0,1.55975,-0.1806659,-2.662337,-0.2819375,0.07912153,0.8463793,-0.8967447,0.07136992,-0.4367557,0.1781339,0.9616409,-0.2086026,0.4051143,-0.2648643,-0.8750597,moving,-31.53598,15.05952,-18.42344,5.340623,-30.29595760787146,18.579359675711306,16.32163178570724,17.782598885372224,164.86645190131944
540,540,05/15/2023 13:23:32.703301,769,True,True,True,True,Eyes,1.05539,0.07679855,-1.838908,0.5165322,-0.2197418,-0.8275917,0.0,0.0,0.0,0.0,0.0,0.0,0.0,-0.05635524,-0.595933,-1.957041,0.8608354,0.07651609,-1.855109,0.06705724,0.9659466,-0.117462,0.2205749,14.86286,154.876,4.612691,0.5264653,0.03499127,-0.849476,0.0,0.0,0.0,1.559736,-0.1782863,-2.662364,-0.2863537,0.08185385,0.8490503,-0.8937002,0.07772907,-0.4418805,0.1813658,0.963412,-0.1973418,0.4103738,-0.2565063,-0.8750988,moving,-31.96989,14.87004,-18.63738,5.50666,-30.72135520437652,18.38293231516267,16.29198293408448,17.658449690564886,164.86628144882943
541,541,05/15/2023 13:23:32.713098,770,True,True,True,True,Eyes,1.047235,0.07664406,-1.840111,0.5229173,-0.216175,-0.8245155,0.0,0.0,0.0,0.0,0.0,0.0,0.0,-0.07598758,-0.5823653,-1.96012,0.8528251,0.07516487,-1.858503,0.0691136,0.9656419,-0.1141992,0.2229746,14.55873,154.621,4.892674,0.5235894,0.03511375,-0.8512465,0.0,0.0,0.0,1.559722,-0.175883,-2.662391,-0.2922589,0.08199076,0.8520268,-0.8910112,0.08255092,-0.4464127,0.184405,0.9643637,-0.18973,0.4148417,-0.2513723,-0.8744818,moving,-32.38334,14.69138,-18.9328,5.496663,-31.126642766375447,18.19758628044998,16.29293856250888,17.606909257077547,164.8534895185548
542,542,05/15/2023 13:23:32.733286,771,True,True,True,True,Eyes,1.039082,0.07647821,-1.841421,0.5291823,-0.2127061,-0.8214148,0.0,0.0,0.0,0.0,0.0,0.0,0.0,-0.09575737,-0.5776166,-1.960956,0.8447904,0.07429083,-1.862517,0.07198691,0.9650798,-0.1129416,0.2251291,14.50166,154.403,5.220696,0.5206872,0.03522185,-0.8530204,0.0,0.0,0.0,1.559708,-0.173527,-2.662417,-0.2988948,0.0849828,0.8543674,-0.8882696,0.08809334,-0.4507957,0.1897991,0.9641241,-0.1855826,0.4182744,-0.250408,-0.8731222,moving,-32.79096,14.5179,-19.28205,5.680451,-31.526142869239088,18.017421021349296,16.142836002874493,17.381560329792684,164.97353811064573
543,543,05/15/2023 13:23:32.753212,772,True,True,True,True,Eyes,1.030897,0.07630128,-1.842856,0.5352741,-0.2095392,-0.8182756,0.0,0.0,0.0,0.0,0.0,0.0,0.0,-0.1158088,-0.5700704,-1.962297,0.8366404,0.07384768,-1.866436,0.07449044,0.964578,-0.1109899,0.227424,14.35911,154.1628,5.5219,0.5177574,0.03531626,-0.854798,0.0,0.0,0.0,1.559695,-0.1711701,-2.662444,-0.3038595,0.0895275,0.8574994,-0.885459,0.09322016,-0.4552718,0.1941872,0.9642649,-0.1802349,0.4222011,-0.2479986,-0.8719192,moving,-33.19067,14.36332,-19.51205,5.96039,-31.917466952049285,17.855739614486428,16.053469334984882,17.187021621126046,165.02121530380126
544,544,05/15/2023 13:23:32.763345,773,True,True,True,True,Eyes,1.022717,0.07607859,-1.84437,0.5412236,-0.2065241,-0.8151226,0.0,0.0,0.0,0.0,0.0,0.0,0.0,-0.1365494,-0.5724887,-1.960636,0.8285976,0.073383,-1.870434,0.07662384,0.963746,-0.1117139,0.2298751,14.51038,153.8963,5.710687,0.5147976,0.03539762,-0.8565803,0.0,0.0,0.0,1.559682,-0.168925,-2.662469,-0.3062196,0.08876777,0.8616578,-0.8825727,0.09633138,-0.4602022,0.1990523,0.9632976,-0.1800998,0.4259624,-0.2505554,-0.8693551,moving,-33.58329,14.2176,-19.56441,5.881847,-32.30168294731342,17.70282917097367,16.309928710187823,17.377391680595785,164.7554259948207
545,545,05/15/2023 13:23:32.789848,774,True,True,True,True,Eyes,1.014499,0.07589402,-1.845995,0.5469762,-0.2038745,-0.8119435,0.0,0.0,0.0,0.0,0.0,0.0,0.0,-0.1532782,-0.5714287,-1.959549,0.8205078,0.07206999,-1.873881,0.07670406,0.9632288,-0.1121234,0.2318079,14.56998,153.664,5.679725,0.5118081,0.03546488,-0.8583671,0.0,0.0,0.0,1.559668,-0.1664786,-2.662496,-0.3082759,0.09077062,0.8667414,-0.8807629,0.09578492,-0.4637688,0.1997493,0.9630896,-0.1804399,0.4293676,-0.2515623,-0.8673867,moving,-33.96669,14.09525,-19.57906,5.978581,-32.67633232766389,17.572756573253546,16.51920738632641,17.49181093107342,164.52115577820132
546,546,05/15/2023 13:23:32.803271,775,True,True,True,True,Eyes,1.006337,0.0758224,-1.847742,0.5526271,-0.2012435,-0.8087672,0.0,0.0,0.0,0.0,0.0,0.0,0.0,-0.1687384,-0.581132,-1.955641,0.8128109,0.07276656,-1.877435,0.07864101,0.9624994,-0.1144383,0.2330549,14.8891,153.5388,5.822626,0.5087866,0.03552106,-0.8601592,0.0,0.0,0.0,1.559654,-0.1641111,-2.662523,-0.3115604,0.1027792,0.8710183,-0.879002,0.09804301,-0.4666295,0.2047247,0.961439,-0.1836383,0.4306313,-0.256949,-0.8651786,moving,-34.34462,13.973,-19.68196,6.729721,-33.045681427583865,17.44295198304968,16.354164269305876,17.127824394541175,164.59397579900823
547,547,05/15/2023 13:23:32.813430,776,True,True,True,True,Eyes,0.998175,0.07582544,-1.8496,0.5583532,-0.1982563,-0.8055657,0.0,0.0,0.0,0.0,0.0,0.0,0.0,-0.1875519,-0.5781502,-1.956411,0.8057711,0.07530312,-1.88203,0.08085843,0.9619697,-0.1129978,0.2351761,14.79923,153.3148,6.080869,0.5057346,0.03557234,-0.8619552,0.0,0.0,0.0,1.55964,-0.1617093,-2.66255,-0.3136033,0.1025547,0.8751701,-0.8763085,0.102418,-0.4707382,0.2087155,0.9613868,-0.179369,0.4341909,-0.2554328,-0.8638477,moving,-34.72659,13.82618,-19.71433,6.683586,-33.41961316956841,17.289314145439533,16.624818776649448,17.329635202537396,164.3077882759181
548,548,05/15/2023 13:23:32.833453,777,True,True,True,True,Eyes,0.9900581,0.07587864,-1.851553,0.564033,-0.1953243,-0.8023187,0.0,0.0,0.0,0.0,0.0,0.0,0.0,-0.2054977,-0.5551131,-1.96245,0.798789,0.07714638,-1.886153,0.08070561,0.9620244,-0.1070346,0.2377803,14.14166,153.0005,6.179418,0.5026512,0.03562253,-0.8637549,0.0,0.0,0.0,1.559627,-0.1594769,-2.662575,-0.3136647,0.09536678,0.88176,-0.8738946,0.1043801,-0.4747774,0.206183,0.9640604,-0.1675594,0.4402241,-0.2443202,-0.8640086,moving,-35.10736,13.68248,-19.58178,6.172832,-33.792297662395136,17.138724293568394,17.246403898213217,17.949640832824116,163.7163701874142
549,549,05/15/2023 13:23:32.853406,778,True,True,True,True,Eyes,0.9819711,0.07596584,-1.853606,0.5698939,-0.1921622,-0.7989334,0.0,0.0,0.0,0.0,0.0,0.0,0.0,-0.227074,-0.5478256,-1.96336,0.791692,0.07823916,-1.890386,0.08242273,0.9613563,-0.1050673,0.2407515,13.98696,152.6651,6.383427,0.4995378,0.03567391,-0.865557,0.0,0.0,0.0,1.559614,-0.1572009,-2.662601,-0.315162,0.1043377,0.8875116,-0.8704903,0.107885,-0.4802158,0.2090655,0.9643347,-0.1623274,0.4455761,-0.241701,-0.861999,moving,-35.50096,13.52409,-19.55033,6.705035,-34.17780826427295,16.973558367018203,17.347106631652583,17.871924700791922,163.53662265192506
550,550,05/15/2023 13:23:32.873264,779,True,True,True,True,Eyes,0.9738998,0.07604809,-1.855713,0.5757182,-0.1890273,-0.7954981,0.0,0.0,0.0,0.0,0.0,0.0,0.0,-0.2500066,-0.5316702,-1.966293,0.7846053,0.07903844,-1.894633,0.08303511,0.96082,-0.1011434,0.2443366,13.58798,152.2402,6.5061,0.4963952,0.03572774,-0.8673609,0.0,0.0,0.0,1.5596,-0.1548466,-2.662627,-0.3186938,0.1127467,0.8912159,-0.8668096,0.1101375,-0.4863237,0.2089896,0.9657504,-0.1537841,0.4527299,-0.2349381,-0.8601393,moving,-35.89402,13.3668,-19.67677,7.210124,-34.562765893895346,16.809470717158263,17.346580554434233,17.712716650736727,163.46346754925202
551,551,05/15/2023 13:23:32.883161,780,True,True,True,True,Eyes,0.965866,0.07619195,-1.857896,0.5814878,-0.186142,-0.7919742,0.0,0.0,0.0,0.0,0.0,0.0,0.0,-0.2713076,-0.5245176,-1.965621,0.7768582,0.07898287,-1.898063,0.08262906,0.9601561,-0.09990717,0.2475711,13.45998,151.8446,6.447318,0.4932246,0.03578342,-0.8691655,0.0,0.0,0.0,1.559586,-0.1524391,-2.662654,-0.3234953,0.1077625,0.8952466,-0.8637623,0.1092053,-0.4919243,0.2081418,0.966382,-0.1509398,0.4589033,-0.2327661,-0.8574545,moving,-36.28708,13.22648,-19.86721,6.863779,-34.94726076358583,16.661756710924674,17.60954556007341,17.983556329494515,163.2177176240306
552,552,05/15/2023 13:23:32.903401,781,True,True,True,True,Eyes,0.9578879,0.07641763,-1.860154,0.5871497,-0.1832203,-0.7884704,0.0,0.0,0.0,0.0,0.0,0.0,0.0,-0.2893461,-0.5319535,-1.962182,0.7697005,0.08063202,-1.902081,0.08284538,0.9593681,-0.1017499,0.249793,13.68711,151.5792,6.389446,0.4900272,0.0358435,-0.8709697,0.0,0.0,0.0,1.559573,-0.1501648,-2.66268,-0.32553,0.1084383,0.9006637,-0.8614804,0.1081256,-0.4961458,0.2097912,0.9655672,-0.1538428,0.4624278,-0.2366196,-0.8545011,moving,-36.67393,13.0819,-19.87156,6.865262,-35.32585757611337,16.510127134494503,17.91553029189881,18.216990339615688,162.88983208954244
553,553,05/15/2023 13:23:32.913341,782,True,True,True,True,Eyes,0.949948,0.07671204,-1.86249,0.5928709,-0.1802882,-0.7848569,0.0,0.0,0.0,0.0,0.0,0.0,0.0,-0.3050085,-0.5252644,-1.963053,0.7630228,0.08279045,-1.906161,0.08219902,0.9590828,-0.0999482,0.251821,13.4806,151.3262,6.336885,0.486805,0.03591125,-0.8727719,0.0,0.0,0.0,1.559559,-0.1478043,-2.662706,-0.3264448,0.117952,0.9052923,-0.8596591,0.1073333,-0.4994656,0.2080095,0.9665073,-0.1503183,0.466603,-0.2331161,-0.8531933,moving,-37.06694,12.9369,-19.8291,7.423341,-35.7104316423967,16.357899159732543,18.098134177646077,18.222047751156676,162.62833334673866
554,554,05/15/2023 13:23:32.933671,783,True,True,True,True,Eyes,0.9420621,0.07705718,-1.864894,0.5984266,-0.1773887,-0.781293,0.0,0.0,0.0,0.0,0.0,0.0,0.0,-0.3171835,-0.5211317,-1.963586,0.7564051,0.0846813,-1.910113,0.0813548,0.9589489,-0.09882049,0.2530477,13.33834,151.1676,6.255178,0.4835591,0.035989,-0.8745712,0.0,0.0,0.0,1.559546,-0.1455178,-2.662732,-0.3274509,0.1227528,0.9102985,-0.8586965,0.1060176,-0.5013986,0.2060428,0.9672318,-0.1483542,0.4692406,-0.2307009,-0.8524027,moving,-37.45009,12.79186,-19.78458,7.679946,-36.085457644512125,16.205941768691403,18.39026667298482,18.395956507588807,162.28907645838314
555,555,05/15/2023 13:23:32.953319,784,True,True,True,True,Eyes,0.934222,0.07745948,-1.867368,0.6039677,-0.1744053,-0.7776926,0.0,0.0,0.0,0.0,0.0,0.0,0.0,-0.3303985,-0.5153621,-1.964377,0.74979,0.08621767,-1.914137,0.08208251,0.9587262,-0.09720407,0.2542793,13.18688,151.0279,6.365993,0.4802912,0.03607799,-0.8763664,0.0,0.0,0.0,1.559532,-0.1431099,-2.662759,-0.3295486,0.1240281,0.9151226,-0.857209,0.1079553,-0.503526,0.2068233,0.9676276,-0.1446404,0.471611,-0.228128,-0.8517868,moving,-37.83345,12.64002,-19.80466,7.718362,-36.46087245739953,16.04741675697333,18.688498771518915,18.622635865276738,161.96498824598126
556,556,05/15/2023 13:23:32.963195,785,True,True,True,True,Eyes,0.9264369,0.07790093,-1.869891,0.609384,-0.1714286,-0.774121,0.0,0.0,0.0,0.0,0.0,0.0,0.0,-0.3437496,-0.5044392,-1.96645,0.7434187,0.08791532,-1.91811,0.08265068,0.9585971,-0.09428243,0.2556784,12.88658,150.8654,6.493694,0.4770028,0.03617965,-0.8781564,0.0,0.0,0.0,1.559519,-0.1408164,-2.662785,-0.3308269,0.1237009,0.9203546,-0.8555951,0.1102454,-0.5057702,0.2066694,0.9685594,-0.1384937,0.4746002,-0.2230218,-0.851479,moving,-38.20964,12.4866,-19.77127,7.655006,-36.82938639624753,15.88759209755838,19.06089685292211,18.940823869136217,161.57620737209123
557,557,05/15/2023 13:23:32.983275,786,True,True,True,True,Eyes,0.9187108,0.07838305,-1.87248,0.614848,-0.1684847,-0.7704381,0.0,0.0,0.0,0.0,0.0,0.0,0.0,-0.3583117,-0.4973519,-1.966857,0.7369174,0.08926675,-1.921785,0.08291139,0.9582899,-0.09249324,0.2573931,12.70623,150.661,6.550906,0.4736961,0.03629443,-0.8799397,0.0,0.0,0.0,1.559505,-0.1383905,-2.662812,-0.3316604,0.1195373,0.9251329,-0.853749,0.111292,-0.5086519,0.2065205,0.9691414,-0.134589,0.4779769,-0.2199523,-0.8503876,moving,-38.59161,12.33564,-19.72277,7.362452,-37.20343103311234,15.729959747006976,19.513219155970756,19.380110836906837,161.1296852203722
558,558,05/15/2023 13:23:33.006005,787,True,True,True,True,Eyes,0.9110583,0.0789075,-1.875121,0.6202404,-0.1655561,-0.7667418,0.0,0.0,0.0,0.0,0.0,0.0,0.0,-0.373944,-0.4903334,-1.967463,0.7307749,0.09069119,-1.925855,0.08272811,0.9579153,-0.09074611,0.25946,12.52018,150.4087,6.552686,0.4703728,0.03642277,-0.8817155,0.0,0.0,0.0,1.559492,-0.1360977,-2.662838,-0.3305129,0.1187093,0.9306974,-0.8516731,0.1114031,-0.5120958,0.205583,0.9698424,-0.1309249,0.4820668,-0.2167834,-0.8488913,moving,-38.97044,12.18434,-19.55117,7.268757,-37.574443932763465,15.57209780502037,20.031749887685528,19.843988303255657,160.59722885257779
559,559,05/15/2023 13:23:33.013466,788,True,True,True,True,Eyes,0.9034312,0.07944113,-1.877836,0.6257938,-0.1626939,-0.7628322,0.0,0.0,0.0,0.0,0.0,0.0,0.0,-0.3915758,-0.4837262,-1.967368,0.7248384,0.09220549,-1.929758,0.08291764,0.9573622,-0.08908971,0.2620028,12.35871,150.1032,6.588616,0.4670353,0.03656517,-0.8834819,0.0,0.0,0.0,1.559479,-0.133819,-2.662863,-0.3270438,0.1232211,0.9363606,-0.8489588,0.1120809,-0.5164374,0.2054479,0.9703754,-0.1271329,0.486889,-0.2140315,-0.8468354,moving,-39.36394,12.03944,-19.25284,7.496804,-37.9594898244419,15.41995095124621,20.617756547173023,20.31538838578614,159.96882024352328
560,560,05/15/2023 13:23:33.033314,789,True,True,True,True,Eyes,0.8958636,0.07997315,-1.880582,0.6312999,-0.1600124,-0.7588521,0.0,0.0,0.0,0.0,0.0,0.0,0.0,-0.411656,-0.4761344,-1.966728,0.7189336,0.0928615,-1.93357,0.08144339,0.9566813,-0.08759438,0.2654343,12.17132,149.6717,6.421607,0.4636835,0.0367205,-0.8852392,0.0,0.0,0.0,1.559464,-0.1313872,-2.662891,-0.323369,0.1271554,0.9420245,-0.8458234,0.1093296,-0.5221401,0.2023318,0.9713884,-0.1243641,0.4936041,-0.2108355,-0.8437439,moving,-39.75755,11.90702,-18.94582,7.687379,-38.34430192747634,15.279842078539708,21.23519427181633,20.831384896103636,159.31616026193754
561,561,05/15/2023 13:23:33.053962,790,True,True,True,True,Eyes,0.8883373,0.08053488,-1.88342,0.6369189,-0.1573643,-0.7546992,0.0,0.0,0.0,0.0,0.0,0.0,0.0,-0.4330809,-0.4779299,-1.962878,0.7127284,0.09337527,-1.93705,0.08172309,0.9556456,-0.08837196,0.2687995,12.28877,149.2683,6.386609,0.4603199,0.03688723,-0.886986,0.0,0.0,0.0,1.559451,-0.1291039,-2.662916,-0.3205229,0.1286271,0.9474842,-0.8421364,0.1086879,-0.5281983,0.2037053,0.9710234,-0.1249703,0.4993101,-0.2128388,-0.8398746,moving,-40.16227,11.77813,-18.69008,7.731012,-38.73977751750477,15.1427907812246,21.850265616280826,21.37580022467576,158.68027853816653
562,562,05/15/2023 13:23:33.063550,791,True,True,True,True,Eyes,0.8808776,0.08107916,-1.886312,0.6425233,-0.1545921,-0.7505099,0.0,0.0,0.0,0.0,0.0,0.0,0.0,-0.4559502,-0.4655308,-1.963139,0.7070946,0.09453577,-1.941546,0.08162636,0.9548149,-0.08546949,0.272692,11.98952,148.7958,6.413269,0.4569445,0.03706545,-0.8887222,0.0,0.0,0.0,1.559438,-0.1267277,-2.662943,-0.3185076,0.1278913,0.9528539,-0.8379527,0.1092625,-0.5346937,0.2024898,0.9720642,-0.1186974,0.5067875,-0.2077328,-0.8366683,moving,-40.56736,11.63915,-18.48308,7.644509,-39.135886590146015,14.995992462671907,22.442650909312853,21.922197178930702,158.07680611272048
563,563,05/15/2023 13:23:33.083856,792,True,True,True,True,Eyes,0.8734986,0.08159314,-1.889251,0.6481045,-0.1520113,-0.746226,0.0,0.0,0.0,0.0,0.0,0.0,0.0,-0.4765131,-0.4513855,-1.96354,0.7011555,0.09461206,-1.945696,0.08087712,0.9541528,-0.08243246,0.2761453,11.65242,148.3692,6.378804,0.4535592,0.03725297,-0.8904468,0.0,0.0,0.0,1.559424,-0.124384,-2.662969,-0.3166242,0.1277147,0.9575758,-0.8344054,0.1088116,-0.5403033,0.1998649,0.9733276,-0.1126386,0.5136357,-0.201974,-0.8338974,moving,-40.97463,11.514,-18.29657,7.596874,-39.53372980204821,14.862469775178509,23.013871500976883,22.44561958213727,157.49329234593594
564,564,05/15/2023 13:23:33.103455,793,True,True,True,True,Eyes,0.8661756,0.08209084,-1.892238,0.6536242,-0.149526,-0.7419012,0.0,0.0,0.0,0.0,0.0,0.0,0.0,-0.4973474,-0.4458497,-1.96186,0.6951738,0.09442519,-1.950089,0.08162707,0.9532457,-0.08150563,0.2793146,11.5948,147.9931,6.452716,0.4501666,0.03744723,-0.8921587,0.0,0.0,0.0,1.55941,-0.1220402,-2.662996,-0.3148406,0.1333182,0.9620779,-0.8306409,0.1100899,-0.545817,0.2011527,0.9733877,-0.1097905,0.5192047,-0.200989,-0.8306805,moving,-41.38045,11.39499,-18.12072,7.889416,-39.930001292989495,14.73491678438322,23.5224167283546,22.858382084166255,156.94694322964574
565,565,05/15/2023 13:23:33.123481,794,True,True,True,True,Eyes,0.8589038,0.08258468,-1.895285,0.6591629,-0.1473587,-0.737421,0.0,0.0,0.0,0.0,0.0,0.0,0.0,-0.5177631,-0.4421277,-1.959406,0.6891309,0.09452663,-1.954223,0.08215667,0.9523302,-0.08098672,0.2824161,11.57538,147.6228,6.490334,0.4467681,0.03764657,-0.893857,0.0,0.0,0.0,1.559397,-0.119679,-2.663022,-0.3125914,0.1324379,0.9666692,-0.826983,0.1107366,-0.5512139,0.2022244,0.9733829,-0.1078475,0.5245995,-0.2006569,-0.8273647,moving,-41.79276,11.30055,-17.91963,7.801201,-40.33188817447424,14.630866853889405,24.128236144001512,23.42975996793544,156.33684726661505
566,566,05/15/2023 13:23:33.133312,795,True,True,True,True,Eyes,0.8516718,0.08307295,-1.898391,0.6646216,-0.1452761,-0.7329209,0.0,0.0,0.0,0.0,0.0,0.0,0.0,-0.5382079,-0.4421745,-1.956271,0.6830185,0.0949509,-1.958738,0.08254521,0.951366,-0.08132378,0.2854389,11.64578,147.2604,6.486024,0.4433644,0.03785012,-0.8955415,0.0,0.0,0.0,1.559383,-0.1173219,-2.663049,-0.3123081,0.137207,0.9705917,-0.8234217,0.1106355,-0.5565397,0.2034873,0.9731455,-0.1076141,0.5296881,-0.2018606,-0.8238219,moving,-42.20213,11.21157,-17.83666,8.046262,-40.73077885166209,14.532177238150918,24.57021170148446,23.79512081226964,155.86608632689908
567,567,05/15/2023 13:23:33.153299,796,True,True,True,True,Eyes,0.8445163,0.08355406,-1.901529,0.6699851,-0.143377,-0.7283976,0.0,0.0,0.0,0.0,0.0,0.0,0.0,-0.5578737,-0.439678,-1.95367,0.6766812,0.09530509,-1.963259,0.08284706,0.9505088,-0.081055,0.2882701,11.64526,146.9199,6.493475,0.4399559,0.03805701,-0.8972122,0.0,0.0,0.0,1.55937,-0.1150586,-2.663074,-0.3099878,0.1395579,0.9743949,-0.8200737,0.1107622,-0.561437,0.2042252,0.9731329,-0.1063223,0.5345763,-0.2018517,-0.8206611,moving,-42.60806,11.13568,-17.64762,8.150769,-41.12598102276822,14.446225483621369,25.138282731155705,24.30773968621131,155.2823780101263
568,568,05/15/2023 13:23:33.163415,797,True,True,True,True,Eyes,0.8373899,0.08404204,-1.904727,0.6752664,-0.1415655,-0.7238609,0.0,0.0,0.0,0.0,0.0,0.0,0.0,-0.5767278,-0.4362639,-1.951408,0.6702364,0.09571683,-1.967881,0.08318271,0.9497292,-0.08053739,0.290876,11.61703,146.6068,6.515602,0.4365449,0.03826639,-0.8988679,0.0,0.0,0.0,1.559356,-0.1127078,-2.6631,-0.3087155,0.1371862,0.9786482,-0.8169436,0.1111493,-0.5659053,0.2048549,0.9731888,-0.1045857,0.5391081,-0.2013691,-0.8178098,moving,-43.0108,11.06567,-17.50793,7.979687,-41.51793341794073,14.366047123490487,25.68890167588309,24.844835675778477,154.73637775338622
569,569,05/15/2023 13:23:33.190276,798,True,True,True,True,Eyes,0.8303319,0.08451867,-1.907949,0.6804974,-0.1398026,-0.7192903,0.0,0.0,0.0,0.0,0.0,0.0,0.0,-0.5961884,-0.4348415,-1.94838,0.663757,0.09638456,-1.972524,0.08349584,0.9488696,-0.08046862,0.2935977,11.63855,146.2791,6.519241,0.4331312,0.03847815,-0.9005087,0.0,0.0,0.0,1.559343,-0.1104607,-2.663126,-0.3065641,0.139746,0.9824886,-0.8136574,0.1112025,-0.5706095,0.2057041,0.9731065,-0.1036801,0.5437343,-0.2017368,-0.8146502,moving,-43.41255,10.99899,-17.32939,8.095265,-41.90883621697121,14.289112784392255,26.244291845298953,25.34783869897395,154.1659420151809
570,570,05/15/2023 13:23:33.203608,799,True,True,True,True,Eyes,0.8232856,0.08496571,-1.911219,0.6856859,-0.1380488,-0.7146869,0.0,0.0,0.0,0.0,0.0,0.0,0.0,-0.6174921,-0.4300334,-1.945223,0.6571712,0.09675148,-1.977089,0.0833305,0.9479318,-0.07970352,0.2968649,11.57104,145.8797,6.485776,0.4297168,0.03869136,-0.9021339,0.0,0.0,0.0,1.55933,-0.1080688,-2.663153,-0.3041492,0.1402007,0.985828,-0.8098547,0.1106609,-0.5760989,0.2053056,0.9734067,-0.1016312,0.5495319,-0.2005828,-0.8110373,moving,-43.81361,10.9326,-17.14612,8.094108,-42.299062860755264,14.212479890363603,26.8181293108629,25.886386560221393,153.585402149614
571,571,05/15/2023 13:23:33.213655,800,True,True,True,True,Eyes,0.8162638,0.08540005,-1.914543,0.6908369,-0.1363408,-0.7100392,0.0,0.0,0.0,0.0,0.0,0.0,0.0,-0.6383383,-0.4255812,-1.941706,0.6503567,0.09647045,-1.981551,0.08263531,0.9470235,-0.07918995,0.3000784,11.51261,145.4813,6.386024,0.4263013,0.03890428,-0.9037439,0.0,0.0,0.0,1.559316,-0.1057364,-2.663179,-0.3008974,0.1402596,0.9898291,-0.8062489,0.1089888,-0.5814504,0.2040415,0.9738007,-0.1003953,0.5552748,-0.1995836,-0.807364,moving,-44.21468,10.86956,-16.90871,8.065166,-42.68920783714323,14.139078957731492,27.449601515288634,26.48634529996627,152.94983664610692
572,572,05/15/2023 13:23:33.238331,801,True,True,True,True,Eyes,0.8092474,0.08579649,-1.91791,0.6959276,-0.1346796,-0.7053696,0.0,0.0,0.0,0.0,0.0,0.0,0.0,-0.6590225,-0.4245635,-1.937741,0.6434767,0.09658924,-1.986457,0.08197077,0.94609,-0.07939646,0.303135,11.5328,145.1018,6.267581,0.422884,0.03911617,-0.9053388,0.0,0.0,0.0,1.559302,-0.1033069,-2.663206,-0.2973222,0.1434606,0.9928329,-0.80278,0.1069678,-0.5866023,0.2032391,0.973954,-0.1005359,0.5605696,-0.1999288,-0.8036109,moving,-44.61395,10.80966,-16.6713,8.222116,-43.077523934508406,14.068764122082404,28.062200073665576,27.045738236233348,152.32142147936983
573,573,05/15/2023 13:23:33.253801,802,True,True,True,True,Eyes,0.8022888,0.08617713,-1.921293,0.7009236,-0.1330921,-0.7007086,0.0,0.0,0.0,0.0,0.0,0.0,0.0,-0.6791276,-0.4218526,-1.933621,0.6365415,0.0960772,-1.990891,0.0815291,0.9451759,-0.07934418,0.306105,11.53119,144.7348,6.183758,0.4194644,0.03932516,-0.9069192,0.0,0.0,0.0,1.559289,-0.1010399,-2.663232,-0.2938654,0.1447522,0.9962792,-0.7993057,0.1055434,-0.5915837,0.2026939,0.974115,-0.1000755,0.5657082,-0.1999013,-0.8000087,moving,-45.00879,10.75461,-16.4341,8.266817,-43.461417435390096,14.003267759319757,28.682782685906695,27.629382097098038,151.6931969929583
574,574,05/15/2023 13:23:33.263686,803,True,True,True,True,Eyes,0.7953106,0.08653229,-1.924734,0.7058523,-0.1315123,-0.6960438,0.0,0.0,0.0,0.0,0.0,0.0,0.0,-0.6991609,-0.4211483,-1.929362,0.6293225,0.09621763,-1.995826,0.08149642,0.9442638,-0.07961704,0.3088452,11.57781,144.3995,6.136919,0.4160442,0.03953066,-0.9084845,0.0,0.0,0.0,1.559275,-0.09870239,-2.663258,-0.2914572,0.1463912,0.9990169,-0.7959461,0.1047296,-0.5962396,0.2030869,0.9740389,-0.1000194,0.5702857,-0.2006985,-0.7965516,moving,-45.40087,10.69948,-16.26429,8.336523,-43.84264012921156,13.937780752669449,29.232240076330946,28.14141937183025,151.13418330027142
575,575,05/15/2023 13:23:33.283756,804,True,True,True,True,Eyes,0.7882866,0.08685613,-1.928251,0.710807,-0.1298924,-0.6912898,0.0,0.0,0.0,0.0,0.0,0.0,0.0,-0.7189434,-0.4151083,-1.925998,0.6218355,0.0959489,-2.000695,0.08152175,0.9434547,-0.07869952,0.3115349,11.49559,144.0714,6.1386,0.4126216,0.03973162,-0.9100353,0.0,0.0,0.0,1.559262,-0.09638388,-2.663284,-0.2892407,0.1494723,1.001593,-0.7926004,0.1047888,-0.6006694,0.2028594,0.9743212,-0.09770513,0.5750065,-0.1992926,-0.7935047,moving,-45.79751,10.64172,-16.1077,8.487871,-44.22835078331931,13.869613181949074,29.767833030822064,28.63099979725414,150.58388275833843
576,576,05/15/2023 13:23:33.303519,805,True,True,True,True,Eyes,0.7812324,0.08712802,-1.931831,0.7156374,-0.1283402,-0.6865798,0.0,0.0,0.0,0.0,0.0,0.0,0.0,-0.7368855,-0.4097027,-1.923164,0.6140347,0.0954932,-2.005806,0.08107404,0.942822,-0.07793486,0.3137513,11.41018,143.7961,6.088748,0.4091931,0.03992685,-0.9115736,0.0,0.0,0.0,1.559248,-0.09392074,-2.663311,-0.2867695,0.1507986,1.003815,-0.7899744,0.1039724,-0.6042601,0.2017811,0.9747064,-0.09608326,0.5789862,-0.1978316,-0.7909727,moving,-46.18715,10.58793,-15.94357,8.543406,-44.60717385940418,13.805495595876774,30.312608096351195,29.14261095241613,150.03091744194526
577,577,05/15/2023 13:23:33.323520,806,True,True,True,True,Eyes,0.7741376,0.08735362,-1.935475,0.7204023,-0.1268447,-0.6818584,0.0,0.0,0.0,0.0,0.0,0.0,0.0,-0.753531,-0.407967,-1.919895,0.6062257,0.09452279,-2.01092,0.08085756,0.9422066,-0.0781619,0.3155941,11.43906,143.5682,6.034214,0.4057568,0.04011428,-0.9131001,0.0,0.0,0.0,1.559234,-0.09153394,-2.663338,-0.2841507,0.1533566,1.006224,-0.7877251,0.1030342,-0.6073495,0.2017039,0.9747056,-0.09625301,0.5820696,-0.1983257,-0.7885824,moving,-46.57449,10.53816,-15.76931,8.665649,-44.983659822420975,13.7453288604021,30.862038368803848,29.652679188076128,149.4701421548539
578,578,05/15/2023 13:23:33.333389,807,True,True,True,True,Eyes,0.7670087,0.08754639,-1.939173,0.7250457,-0.1254289,-0.6771827,0.0,0.0,0.0,0.0,0.0,0.0,0.0,-0.7693512,-0.4064212,-1.916739,0.5983018,0.09363936,-2.015995,0.08095007,0.9416467,-0.07841274,0.3171752,11.47995,143.3751,6.016124,0.4023106,0.04029231,-0.9146159,0.0,0.0,0.0,1.559221,-0.08934847,-2.663363,-0.282058,0.1553096,1.008273,-0.7856938,0.1027116,-0.6100289,0.2021939,0.974597,-0.09632346,0.5846388,-0.1990249,-0.7865025,moving,-46.95495,10.4935,-15.62863,8.756745,-45.35334333731471,13.690308285105626,31.374426571212815,30.131356253472518,148.94867461667442
579,579,05/15/2023 13:23:33.353402,808,True,True,True,True,Eyes,0.7598672,0.08770556,-1.94291,0.7296649,-0.1239634,-0.6724746,0.0,0.0,0.0,0.0,0.0,0.0,0.0,-0.7861554,-0.4034143,-1.913355,0.5903295,0.09304747,-2.02103,0.08153623,0.9410121,-0.07829072,0.3189341,11.49921,143.1653,6.063713,0.3988529,0.04046016,-0.9161215,0.0,0.0,0.0,1.559209,-0.08722577,-2.663387,-0.2806275,0.1578859,1.010158,-0.7832662,0.103514,-0.6130087,0.2033923,0.9744448,-0.09533565,0.5874746,-0.1993544,-0.7843035,moving,-47.33568,10.44461,-15.52559,8.883357,-45.72340368934084,13.631197893294026,31.84838044136796,30.568774014738896,148.46304863786034
580,580,05/15/2023 13:23:33.373494,809,True,True,True,True,Eyes,0.752684,0.08781023,-1.9467,0.7342228,-0.1225563,-0.6677551,0.0,0.0,0.0,0.0,0.0,0.0,0.0,-0.8046062,-0.3980983,-1.909742,0.5822164,0.09243673,-2.026195,0.0816128,0.9403076,-0.0776348,0.3211448,11.44459,142.8954,6.068666,0.3953836,0.04061712,-0.9176171,0.0,0.0,0.0,1.559195,-0.08485239,-2.663414,-0.2784303,0.16096,1.011897,-0.7804108,0.1036182,-0.6166217,0.2033463,0.9746245,-0.09358212,0.5912778,-0.1984202,-0.7816777,moving,-47.71436,10.40003,-15.3846,9.038178,-46.09136113873637,13.57631032175756,32.358430470705834,31.040293564996944,147.9409111294106
581,581,05/15/2023 13:23:33.383477,810,True,True,True,True,Eyes,0.7454638,0.08785756,-1.950532,0.7388475,-0.121155,-0.6628921,0.0,0.0,0.0,0.0,0.0,0.0,0.0,-0.8251412,-0.3948384,-1.904513,0.5739973,0.09123516,-2.031287,0.08152618,0.9393772,-0.0776647,0.3238708,11.46216,142.5597,6.024527,0.3919009,0.04076155,-0.9191036,0.0,0.0,0.0,1.559181,-0.08247198,-2.66344,-0.2748437,0.1633995,1.014486,-0.7769223,0.102861,-0.6211371,0.2034743,0.9746433,-0.09310497,0.5958103,-0.1987208,-0.7781519,moving,-48.10162,10.35748,-15.15865,9.14984,-46.46757273951452,13.523112371019131,32.96509770636968,31.61287956419043,147.32580603866316
582,582,05/15/2023 13:23:33.403561,811,True,True,True,True,Eyes,0.7382075,0.08783419,-1.954415,0.7434403,-0.1198823,-0.6579702,0.0,0.0,0.0,0.0,0.0,0.0,0.0,-0.8466218,-0.3939149,-1.898025,0.5657921,0.08991304,-2.036229,0.08140653,0.9383034,-0.07831403,0.3268436,11.54743,142.1922,5.950751,0.3884041,0.04089181,-0.9205809,0.0,0.0,0.0,1.559168,-0.08017518,-2.663466,-0.2703373,0.166172,1.017149,-0.7730924,0.1015751,-0.6261075,0.2039609,0.9744798,-0.09375022,0.6006063,-0.200179,-0.7740802,moving,-48.49006,10.32603,-14.88395,9.278461,-46.84462445059648,13.48058734525852,33.62243343575627,32.23573447524542,146.6611152831698
583,583,05/15/2023 13:23:33.423360,812,True,True,True,True,Eyes,0.7309126,0.08774303,-1.958343,0.7480589,-0.1186784,-0.6529344,0.0,0.0,0.0,0.0,0.0,0.0,0.0,-0.8702229,-0.3941156,-1.890323,0.5576219,0.08821292,-2.041374,0.0814469,0.9370019,-0.07937839,0.3302923,11.68658,141.7665,5.872588,0.3848918,0.04100585,-0.9220498,0.0,0.0,0.0,1.559154,-0.07776049,-2.663493,-0.2668448,0.1652061,1.020383,-0.7685471,0.1001956,-0.6318994,0.2050679,0.9741309,-0.09495284,0.6060388,-0.202558,-0.7692124,moving,-48.8843,10.30171,-14.65547,9.196725,-47.2270988815714,13.444759889011852,34.246661078404784,32.84747796128461,146.04026046246125
584,584,05/15/2023 13:23:33.435417,813,True,True,True,True,Eyes,0.7235792,0.08760579,-1.962319,0.752656,-0.1177094,-0.6478067,0.0,0.0,0.0,0.0,0.0,0.0,0.0,-0.8946059,-0.3985408,-1.880969,0.5493771,0.08652066,-2.046436,0.08202649,0.9355122,-0.08153388,0.3338275,11.96519,141.3326,5.81038,0.3813633,0.04110192,-0.9235106,0.0,0.0,0.0,1.559141,-0.07546452,-2.663519,-0.2659617,0.1611511,1.02324,-0.7636618,0.09903707,-0.6379753,0.20791,0.9732478,-0.09778647,0.6112236,-0.2073172,-0.7638229,moving,-49.28161,10.29854,-14.56998,8.950051,-47.61196978254699,13.42924291828449,34.73781340038577,33.34420862804761,145.5611321807489
585,585,05/15/2023 13:23:33.453334,814,True,True,True,True,Eyes,0.716188,0.08742372,-1.966329,0.7574291,-0.1165433,-0.6424319,0.0,0.0,0.0,0.0,0.0,0.0,0.0,-0.9206851,-0.4023232,-1.870744,0.5410734,0.08532186,-2.051625,0.08318976,0.9338507,-0.08352394,0.3376778,12.25016,140.8646,5.812373,0.3778176,0.0411795,-0.9249634,0.0,0.0,0.0,1.559127,-0.07306706,-2.663546,-0.2679172,0.1566075,1.025974,-0.7581066,0.09896527,-0.644578,0.211782,0.9722064,-0.0998151,0.6167846,-0.2121805,-0.7579951,moving,-49.69625,10.28219,-14.63508,8.678793,-48.01398374953176,13.40046570315727,35.09781365994909,33.711205980152144,145.21164624773206
586,586,05/15/2023 13:23:33.463248,815,True,True,True,True,Eyes,0.7087448,0.08720882,-1.970362,0.762165,-0.1155254,-0.6369916,0.0,0.0,0.0,0.0,0.0,0.0,0.0,-0.9466944,-0.4030325,-1.860212,0.5324575,0.08404601,-2.056327,0.0840563,0.9322224,-0.0848161,0.3416171,12.44868,140.3825,5.805229,0.3742537,0.04123823,-0.9264085,0.0,0.0,0.0,1.559113,-0.07069346,-2.663573,-0.2712287,0.1548376,1.027592,-0.7524648,0.09876906,-0.6511848,0.2146676,0.9714816,-0.1007048,0.6226675,-0.2155651,-0.7522081,moving,-50.11227,10.27949,-14.78578,8.568866,-48.41696198494508,13.384815530053704,35.36788274960032,33.97425159706272,144.944556648988
587,587,05/15/2023 13:23:33.483486,816,True,True,True,True,Eyes,0.7012317,0.08696675,-1.97442,0.7669405,-0.1142946,-0.6314579,0.0,0.0,0.0,0.0,0.0,0.0,0.0,-0.9714707,-0.4032283,-1.85,0.523721,0.08306815,-2.060986,0.08469516,0.9307138,-0.0858862,0.345286,12.61267,139.931,5.783808,0.3706706,0.04127837,-0.9278462,0.0,0.0,0.0,1.5591,-0.06839997,-2.663598,-0.2750441,0.1521055,1.029044,-0.747209,0.09834331,-0.6572731,0.2169645,0.9709006,-0.1013828,0.6281765,-0.218359,-0.7468026,moving,-50.53378,10.25953,-14.96429,8.408151,-48.82572781136945,13.352339755613835,35.61763921235855,34.220490544473186,144.6984887844761
588,588,05/15/2023 13:23:33.506055,817,True,True,True,True,Eyes,0.6936818,0.08674755,-1.978491,0.7716495,-0.1132612,-0.6258825,0.0,0.0,0.0,0.0,0.0,0.0,0.0,-0.9955679,-0.3982369,-1.840601,0.5148624,0.08212008,-2.065365,0.08675215,0.9292601,-0.08588325,0.3486745,12.71563,139.5311,5.963099,0.3670667,0.04130042,-0.9292768,0.0,0.0,0.0,1.559086,-0.06593992,-2.663626,-0.2778313,0.1489491,1.030617,-0.7418004,0.10134,-0.6629198,0.2211212,0.9701963,-0.09911922,0.6331176,-0.2201123,-0.7421005,moving,-50.9546,10.25737,-15.08702,8.223685,-49.2333399971963,13.33706009329702,35.92518851357116,34.52705858012927,144.39848861446217
589,589,05/15/2023 13:23:33.513245,818,True,True,True,True,Eyes,0.6860543,0.08657144,-1.982595,0.7764521,-0.1119588,-0.6201511,0.0,0.0,0.0,0.0,0.0,0.0,0.0,-1.019011,-0.3950536,-1.831071,0.5063876,0.08247419,-2.069793,0.08933394,0.9277916,-0.08608435,0.351869,12.86205,139.1599,6.193864,0.3634425,0.04130725,-0.9306999,0.0,0.0,0.0,1.559072,-0.06363263,-2.663652,-0.2813036,0.1491451,1.031958,-0.7364154,0.1051858,-0.6683026,0.2263474,0.9692179,-0.09686898,0.6375417,-0.2226043,-0.7375556,moving,-51.38569,10.23365,-15.24791,8.2238,-49.65148633835173,13.300656053886543,36.193627068185634,34.776148899219415,144.12482572291592
590,590,05/15/2023 13:23:33.533264,819,True,True,True,True,Eyes,0.6783917,0.08637578,-1.9867,0.7812603,-0.1106882,-0.6143131,0.0,0.0,0.0,0.0,0.0,0.0,0.0,-1.045802,-0.3851966,-1.820354,0.4978081,0.08320019,-2.073893,0.09278324,0.9260257,-0.08486907,0.3559002,12.89853,138.6962,6.564058,0.3597959,0.04130235,-0.932116,0.0,0.0,0.0,1.559059,-0.06132282,-2.663678,-0.2852496,0.1535007,1.03223,-0.7294527,0.1114295,-0.6748943,0.2322491,0.968377,-0.09113874,0.6433966,-0.223225,-0.7322646,moving,-51.82166,10.21408,-15.44776,8.45834,-50.0742456656972,13.26810315481493,36.41624945210036,34.95893778652533,143.8840503631394
591,591,05/15/2023 13:23:33.553374,820,True,True,True,True,Eyes,0.6706676,0.08623183,-1.990823,0.7861551,-0.1092547,-0.6082956,0.0,0.0,0.0,0.0,0.0,0.0,0.0,-1.072774,-0.3693086,-1.810343,0.4892312,0.08250998,-2.07808,0.09506113,0.9243258,-0.08244155,0.360262,12.76187,138.1797,6.850575,0.3561277,0.04128595,-0.9335244,0.0,0.0,0.0,1.559045,-0.0589856,-2.663704,-0.2890689,0.155891,1.033096,-0.7223494,0.1163338,-0.6816729,0.235136,0.9683335,-0.08391185,0.6503251,-0.2208995,-0.7268295,moving,-52.26872,10.18221,-15.63206,8.581015,-50.50808078348992,13.223334752990503,36.67163319765873,35.18363196685963,143.61538810611427
592,592,05/15/2023 13:23:33.573074,821,True,True,True,True,Eyes,0.66295,0.08620957,-1.995011,0.7911971,-0.1076633,-0.6020099,0.0,0.0,0.0,0.0,0.0,0.0,0.0,-1.10294,-0.3603702,-1.79625,0.4806597,0.08348651,-2.082031,0.09984591,0.9219943,-0.08184482,0.3650464,12.93336,137.6317,7.330777,0.3524373,0.04126159,-0.934925,0.0,0.0,0.0,1.559031,-0.05660218,-2.663731,-0.2921057,0.1630527,1.033363,-0.7135441,0.1243604,-0.6894851,0.243869,0.9666644,-0.07802415,0.6567975,-0.2238177,-0.7200854,moving,-52.73304,10.13957,-15.78427,8.966685,-50.95892545510223,13.167633610000298,36.96738107759495,35.42462922331039,143.29146302025288
593,593,05/15/2023 13:23:33.590653,822,True,True,True,True,Eyes,0.6551256,0.08623104,-1.999276,0.79639,-0.1056853,-0.5954776,0.0,0.0,0.0,0.0,0.0,0.0,0.0,-1.137209,-0.3318142,-1.784993,0.473003,0.0862709,-2.087671,0.1038638,0.9196019,-0.07612045,0.3711476,12.53868,136.914,7.92112,0.348726,0.04123567,-0.9363167,0.0,0.0,0.0,1.559018,-0.05428887,-2.663757,-0.2962361,0.1683471,1.034007,-0.7029237,0.1345229,-0.6984284,0.2475305,0.966836,-0.0629034,0.6668037,-0.2170986,-0.7129105,moving,-53.21376,10.06405,-15.98666,9.247212,-51.42654971688771,13.0796936779264,37.23606046198019,35.64651033350677,142.99694371972035
594,594,05/15/2023 13:23:33.603338,823,True,True,True,True,Eyes,0.6472471,0.08631909,-2.00358,0.8015343,-0.1041282,-0.5888124,0.0,0.0,0.0,0.0,0.0,0.0,0.0,-1.172451,-0.3089311,-1.769776,0.4641634,0.08728378,-2.092636,0.1047386,0.9171097,-0.07183594,0.3778613,12.17605,136.0813,8.105565,0.3449903,0.04121028,-0.9377007,0.0,0.0,0.0,1.559005,-0.051961,-2.663783,-0.3012015,0.1772499,1.033714,-0.6925011,0.1378255,-0.7081285,0.2464016,0.9677389,-0.05260955,0.6780325,-0.2109162,-0.7041206,moving,-53.69875,10.02875,-16.24496,9.729828,-51.89721259218116,13.030426449054648,37.454982842422766,35.80470730251248,142.7457512276203
595,595,05/15/2023 13:23:33.623942,824,True,True,True,True,Eyes,0.6393247,0.08648013,-2.007958,0.8066265,-0.1022498,-0.58215,0.0,0.0,0.0,0.0,0.0,0.0,0.0,-1.203822,-0.3176106,-1.75091,0.4546136,0.08882713,-2.0979,0.1081271,0.9144548,-0.07540559,0.3826162,12.74735,135.514,8.255696,0.3412298,0.04118842,-0.9390766,0.0,0.0,0.0,1.558991,-0.04955551,-2.66381,-0.3048268,0.1773983,1.034273,-0.683827,0.1400519,-0.7160771,0.2554575,0.9652451,-0.05516764,0.6834637,-0.2206523,-0.6958379,moving,-54.18166,9.961913,-16.4216,9.732656,-52.36672103302899,12.950795709325032,37.76075595079697,36.088892325310255,142.42966553914712
596,596,05/15/2023 13:23:33.633821,825,True,True,True,True,Eyes,0.6313682,0.08667293,-2.012382,0.8115713,-0.100286,-0.575582,0.0,0.0,0.0,0.0,0.0,0.0,0.0,-1.231405,-0.3094445,-1.737865,0.4458371,0.09079261,-2.103633,0.1102787,0.9124669,-0.07448762,0.3869039,12.78361,134.9946,8.468318,0.3374442,0.04117299,-0.9404442,0.0,0.0,0.0,1.558977,-0.04724295,-2.663836,-0.3080819,0.1671272,1.036969,-0.6762882,0.1436123,-0.7225027,0.2588905,0.9645804,-0.0506004,0.6896451,-0.2212695,-0.6895142,moving,-54.655,9.883659,-16.5466,9.155568,-52.827272509973525,12.860449268121355,38.115354741419914,36.46934799234592,142.0931581311137
597,597,05/15/2023 13:23:33.653159,826,True,True,True,True,Eyes,0.6233908,0.08687926,-2.016864,0.8162813,-0.09797658,-0.569285,0.0,0.0,0.0,0.0,0.0,0.0,0.0,-1.246091,-0.2991825,-1.733873,0.4370865,0.09152943,-2.109299,0.1083689,0.9122095,-0.07210033,0.3884992,12.45916,134.7752,8.343395,0.3336339,0.04116473,-0.9418031,0.0,0.0,0.0,1.558964,-0.04498674,-2.663861,-0.3097623,0.1671353,1.038397,-0.6746492,0.1416884,-0.7244121,0.2537321,0.9661155,-0.04733878,0.6931584,-0.2157437,-0.68774,moving,-55.10759,9.765203,-16.61027,9.143628,-53.26882442887049,12.731964251228373,38.50233762595494,36.83375856285019,141.69336211746636
598,598,05/15/2023 13:23:33.663342,827,True,True,True,True,Eyes,0.6154246,0.08706202,-2.02137,0.8207756,-0.09574414,-0.56317,0.0,0.0,0.0,0.0,0.0,0.0,0.0,-1.259184,-0.2930201,-1.729921,0.4291479,0.0918913,-2.114573,0.1083085,0.9118302,-0.07108744,0.3895916,12.35872,134.6369,8.3662,0.3297997,0.04116337,-0.9431526,0.0,0.0,0.0,1.558951,-0.04262448,-2.663888,-0.3105025,0.1626334,1.040819,-0.6729755,0.1421277,-0.7258816,0.252908,0.9664317,-0.04524719,0.6950841,-0.2140315,-0.6863301,moving,-55.54428,9.648563,-16.61116,8.880945,-53.694928088032334,12.605729989944852,38.94068656724383,37.270361935836945,141.25579533769832
599,599,05/15/2023 13:23:33.683500,828,True,True,True,True,Eyes,0.6074077,0.08725606,-2.025923,0.8250228,-0.09377158,-0.557265,0.0,0.0,0.0,0.0,0.0,0.0,0.0,-1.269461,-0.2886657,-1.727449,0.4214437,0.09149982,-2.119658,0.1085963,0.9116672,-0.0706612,0.3899703,12.32975,134.592,8.410802,0.3259446,0.04116696,-0.9444916,0.0,0.0,0.0,1.558937,-0.04030435,-2.663914,-0.3118163,0.1631038,1.043347,-0.67226,0.1428958,-0.7263934,0.2531189,0.9664277,-0.04414032,0.6956992,-0.2135376,-0.6858603,moving,-55.96278,9.551741,-16.63938,8.884992,-54.102874779853096,12.49918766863004,39.32905213438281,37.637426206519805,140.85643643016797
600,600,05/15/2023 13:23:33.703278,829,True,True,True,True,Eyes,0.5993944,0.08752062,-2.030505,0.8291197,-0.09206106,-0.5514392,0.0,0.0,0.0,0.0,0.0,0.0,0.0,-1.283098,-0.293418,-1.720414,0.4130674,0.09182033,-2.12443,0.1137761,0.9106536,-0.07349435,0.3903379,12.86638,134.5956,8.841709,0.3220683,0.04117542,-0.9458201,0.0,0.0,0.0,1.558923,-0.03787804,-2.663941,-0.3147201,0.1683492,1.044011,-0.6693828,0.149846,-0.727649,0.2645965,0.9633072,-0.04503353,0.6942014,-0.222678,-0.6844699,moving,-56.37252,9.477942,-16.77559,9.160232,-54.501709817306114,12.415133963184992,39.598204568755385,37.8662713144519,140.5642862975738
601,601,05/15/2023 13:23:33.713091,830,True,True,True,True,Eyes,0.5913779,0.08781604,-2.035118,0.8331406,-0.09011156,-0.5456708,0.0,0.0,0.0,0.0,0.0,0.0,0.0,-1.298817,-0.2837814,-1.714951,0.4050954,0.09373836,-2.1297,0.1182254,0.9096538,-0.07244714,0.3915409,12.96665,134.4883,9.352033,0.3181723,0.04119142,-0.9471371,0.0,0.0,0.0,1.55891,-0.03559085,-2.663967,-0.3183999,0.1650478,1.045515,-0.6654372,0.1583564,-0.7294635,0.2718204,0.9615483,-0.03922345,0.6952032,-0.2243838,-0.6828945,moving,-56.77695,9.377141,-16.93753,8.970837,-54.89613858261606,12.305193661275943,39.84149180034322,38.10477528962544,140.31808974076893
602,602,05/15/2023 13:23:33.733062,831,True,True,True,True,Eyes,0.5833831,0.08813194,-2.039779,0.8371487,-0.08812711,-0.5398293,0.0,0.0,0.0,0.0,0.0,0.0,0.0,-1.317926,-0.2713718,-1.706966,0.3971282,0.09463756,-2.134863,0.1196792,0.9084861,-0.07047707,0.3941609,12.85007,134.1701,9.558464,0.3142588,0.04121552,-0.9484417,0.0,0.0,0.0,1.558896,-0.0332729,-2.663993,-0.3236075,0.1630997,1.046383,-0.660628,0.1618951,-0.7330487,0.2730123,0.9614198,-0.03370917,0.6993101,-0.2224006,-0.6793402,moving,-57.18435,9.271748,-17.1849,8.859407,-55.293568936699,12.190729600823753,40.001575286515674,38.253997940054404,140.15029467825198
603,603,05/15/2023 13:23:33.753148,832,True,True,True,True,Eyes,0.5754118,0.08848189,-2.044515,0.8413149,-0.08566362,-0.5337143,0.0,0.0,0.0,0.0,0.0,0.0,0.0,-1.340776,-0.2609224,-1.696357,0.389562,0.09542093,-2.140683,0.1192958,0.9070208,-0.06869597,0.3979481,12.68345,133.6848,9.542438,0.3103302,0.04124767,-0.9497331,0.0,0.0,0.0,1.558883,-0.0309485,-2.664019,-0.3286252,0.1624294,1.047046,-0.6548119,0.1617327,-0.7382847,0.2710825,0.9620988,-0.02967026,0.7055041,-0.2195645,-0.6738365,moving,-57.60973,9.118466,-17.42495,8.818065,-55.70971835492828,12.029495650844396,40.18590280694464,38.41922402672522,139.95139030636622
604,604,05/15/2023 13:23:33.763650,833,True,True,True,True,Eyes,0.5674911,0.08882968,-2.049278,0.8455653,-0.08313645,-0.5273591,0.0,0.0,0.0,0.0,0.0,0.0,0.0,-1.367425,-0.2504086,-1.682059,0.3829901,0.09633784,-2.146139,0.1170258,0.905129,-0.0665217,0.4032636,12.40414,132.9862,9.32163,0.3063882,0.04128842,-0.9510103,0.0,0.0,0.0,1.558869,-0.02857428,-2.664046,-0.3332656,0.1590091,1.048142,-0.6473669,0.1581953,-0.7455806,0.2654985,0.9637596,-0.02603692,0.7144416,-0.2148059,-0.6659067,moving,-58.04918,8.958764,-17.6385,8.626322,-56.1396692730645,11.86162612105442,40.41204740848654,38.63686359099141,139.71782865300383
605,605,05/15/2023 13:23:33.783397,834,True,True,True,True,Eyes,0.5596321,0.08918194,-2.054082,0.8498505,-0.08048286,-0.5208422,0.0,0.0,0.0,0.0,0.0,0.0,0.0,-1.398731,-0.2469277,-1.662117,0.3761253,0.09666985,-2.151567,0.1141079,0.9025975,-0.06615907,0.4097806,12.2952,132.1282,8.935841,0.3024366,0.04133661,-0.9522722,0.0,0.0,0.0,1.558855,-0.02612235,-2.664073,-0.3370041,0.1578225,1.04948,-0.6381187,0.1517656,-0.7548324,0.2602085,0.9652048,-0.0259116,0.7246354,-0.2129485,-0.6554058,moving,-58.49739,8.784123,-17.80262,8.552148,-56.5785114005897,11.67906788907031,40.69543116559309,38.90176579415117,139.42119838570017
606,606,05/15/2023 13:23:33.803583,835,True,True,True,True,Eyes,0.5518382,0.08956203,-2.058939,0.8541788,-0.07777014,-0.5141308,0.0,0.0,0.0,0.0,0.0,0.0,0.0,-1.429894,-0.2474734,-1.641267,0.369709,0.09710841,-2.157193,0.1122477,0.8998567,-0.06695089,0.4161441,12.35187,131.2968,8.612889,0.2984791,0.0413915,-0.9535178,0.0,0.0,0.0,1.558842,-0.02385218,-2.664099,-0.339951,0.1558021,1.050704,-0.6284494,0.1462912,-0.7639703,0.2577361,0.9658361,-0.02707003,0.73391,-0.2139148,-0.6446836,moving,-58.95624,8.601652,-17.92878,8.434558,-57.0278716114553,11.48862118104014,41.027800263436454,39.218187958583194,139.07777678910304
607,607,05/15/2023 13:23:33.813204,836,True,True,True,True,Eyes,0.5440962,0.08996323,-2.063862,0.858475,-0.07488069,-0.5073593,0.0,0.0,0.0,0.0,0.0,0.0,0.0,-1.458959,-0.2419846,-1.62314,0.3633297,0.0981694,-2.163343,0.1100593,0.8974598,-0.06593258,0.4220258,12.195,130.5233,8.3473,0.2945187,0.04145348,-0.9547458,0.0,0.0,0.0,1.558828,-0.02149275,-2.664125,-0.3415116,0.1543738,1.052284,-0.6195623,0.1418971,-0.7720153,0.2531981,0.9670796,-0.02544792,0.7429894,-0.2112394,-0.6350943,moving,-59.41689,8.395622,-17.98049,8.345963,-57.47961751307321,11.275386936474412,41.4364297566318,39.6076078410904,138.6563393117047
608,608,05/15/2023 13:23:33.833020,837,True,True,True,True,Eyes,0.5364268,0.09036056,-2.068842,0.8627928,-0.07194123,-0.5004128,0.0,0.0,0.0,0.0,0.0,0.0,0.0,-1.485985,-0.2395063,-1.605379,0.3572291,0.0989833,-2.169181,0.1080595,0.8951595,-0.06564032,0.427439,12.11618,129.8095,8.075374,0.2905579,0.04152258,-0.9559556,0.0,0.0,0.0,1.558815,-0.01917806,-2.664151,-0.3411746,0.1519589,1.054615,-0.6112384,0.1373465,-0.7794383,0.2495754,0.968029,-0.02513945,0.751066,-0.2098948,-0.6259747,moving,-59.88662,8.181002,-17.92673,8.199287,-57.94039140304991,11.053579840239983,41.95989398405727,40.115334804732356,138.12341070767374
609,609,05/15/2023 13:23:33.853139,838,True,True,True,True,Eyes,0.5288205,0.09077906,-2.073891,0.8669628,-0.06912688,-0.4935555,0.0,0.0,0.0,0.0,0.0,0.0,0.0,-1.514025,-0.2362788,-1.586823,0.3511483,0.09931727,-2.175532,0.1054596,0.8927508,-0.06509463,0.4331711,11.98119,129.0482,7.749447,0.2865999,0.04159764,-0.9571464,0.0,0.0,0.0,1.558802,-0.01693451,-2.664176,-0.3404318,0.1561055,1.056626,-0.6024823,0.131904,-0.7871574,0.2446924,0.9692819,-0.02486247,0.7596979,-0.2075906,-0.6162512,moving,-60.34747,7.972926,-17.8583,8.40406,-58.39238679247124,10.838365224440375,42.49135728374485,40.60711802166376,137.56980221949732
610,610,05/15/2023 13:23:33.870071,839,True,True,True,True,Eyes,0.5212974,0.09120949,-2.079002,0.8710617,-0.06627898,-0.4866812,0.0,0.0,0.0,0.0,0.0,0.0,0.0,-1.538478,-0.2423633,-1.569771,0.3451871,0.1002562,-2.181887,0.1050494,0.8905206,-0.06714464,0.4375266,12.21093,128.4771,7.54547,0.2826469,0.04167878,-0.9583176,0.0,0.0,0.0,1.558788,-0.01448266,-2.664204,-0.3391896,0.1522638,1.058899,-0.5950704,0.1283421,-0.7933598,0.2458523,0.9689125,-0.02766359,0.7651458,-0.2115111,-0.6081243,moving,-60.80695,7.755153,-17.76145,8.182726,-58.84331980268318,10.613837337507272,43.04762349910073,41.15374015590769,137.0084824473137
611,611,05/15/2023 13:23:33.883566,840,True,True,True,True,Eyes,0.5138319,0.09162517,-2.084151,0.8749178,-0.06363969,-0.4800718,0.0,0.0,0.0,0.0,0.0,0.0,0.0,-1.559046,-0.243508,-1.557291,0.3395681,0.101011,-2.188507,0.1024034,0.8890173,-0.06715816,0.4411933,12.10881,127.9787,7.216101,0.2787022,0.04176569,-0.9594685,0.0,0.0,0.0,1.558774,-0.01219669,-2.66423,-0.338998,0.1483827,1.061259,-0.5897241,0.1228173,-0.7982115,0.2413362,0.9700066,-0.02905018,0.7707025,-0.2097689,-0.6016766,moving,-61.2462,7.551265,-17.71504,7.959357,-59.2742819470509,10.4033408547241,43.53307283004571,41.63104188337913,136.5186951175473
612,612,05/15/2023 13:23:33.903552,841,True,True,True,True,Eyes,0.5064811,0.09204662,-2.08933,0.8787395,-0.06104381,-0.4733819,0.0,0.0,0.0,0.0,0.0,0.0,0.0,-1.5751,-0.2519227,-1.546172,0.3338593,0.1010894,-2.19394,0.1014224,0.8877788,-0.06946217,0.4435509,12.31617,127.6572,6.964357,0.2747677,0.04185687,-0.9605986,0.0,0.0,0.0,1.558761,-0.009899971,-2.664256,-0.339012,0.1505728,1.062591,-0.5859522,0.1184613,-0.8016402,0.2417013,0.969777,-0.03336204,0.7734601,-0.2133061,-0.5968753,moving,-61.6884,7.347887,-17.69491,8.065312,-59.70808718276715,10.19324394706187,43.999339324707194,42.06703164429258,136.03701990726375
613,613,05/15/2023 13:23:33.923280,842,True,True,True,True,Eyes,0.4992429,0.09245335,-2.094527,0.8824574,-0.05844215,-0.4667477,0.0,0.0,0.0,0.0,0.0,0.0,0.0,-1.596584,-0.2481656,-1.532125,0.3291406,0.1016593,-2.199865,0.1007085,0.8858356,-0.06897733,0.4476552,12.26131,127.1181,6.856874,0.2708479,0.04195198,-0.9617071,0.0,0.0,0.0,1.558748,-0.007550957,-2.664282,-0.3390678,0.1530752,1.06416,-0.578925,0.1166662,-0.8069911,0.2401784,0.9701998,-0.0320398,0.7792047,-0.2123705,-0.5896938,moving,-62.12483,7.136944,-17.67316,8.185615,-60.13651061495763,9.976028815865408,44.46403801562721,42.501079128427605,135.55777856822027
614,614,05/15/2023 13:23:33.933468,843,True,True,True,True,Eyes,0.492107,0.0928329,-2.099763,0.8861712,-0.05603772,-0.4599569,0.0,0.0,0.0,0.0,0.0,0.0,0.0,-1.619597,-0.247047,-1.515351,0.3243162,0.1017221,-2.205649,0.09859417,0.8836701,-0.0688327,0.452403,12.17272,126.4809,6.577356,0.2669469,0.0420497,-0.9627929,0.0,0.0,0.0,1.558734,-0.005252483,-2.664308,-0.339492,0.1566139,1.065347,-0.5712216,0.1119692,-0.813123,0.2365297,0.9710825,-0.03244219,0.7859771,-0.2108594,-0.5811873,moving,-62.56895,6.946256,-17.67541,8.363001,-60.57182927365657,9.778115753684355,44.915889172169635,42.91975461564791,135.09202888412327
615,615,05/15/2023 13:23:33.953135,844,True,True,True,True,Eyes,0.485083,0.09319924,-2.105029,0.8897649,-0.05374295,-0.453244,0.0,0.0,0.0,0.0,0.0,0.0,0.0,-1.645155,-0.2532416,-1.494643,0.3194875,0.101531,-2.211841,0.09789926,0.8809102,-0.07107149,0.4575608,12.40408,125.7907,6.31588,0.2630675,0.04214832,-0.9638558,0.0,0.0,0.0,1.55872,-0.002785249,-2.664335,-0.3405909,0.1592197,1.066664,-0.5621079,0.1074419,-0.8200557,0.23752,0.9707291,-0.03562547,0.7922243,-0.2148049,-0.5711741,moving,-63.00582,6.762215,-17.70854,8.489798,-60.99994523589765,9.586843440748432,45.33021198296219,43.30530309324452,134.66676509482122
616,616,05/15/2023 13:23:33.973005,845,True,True,True,True,Eyes,0.4781829,0.09356464,-2.110313,0.8933667,-0.05153645,-0.446363,0.0,0.0,0.0,0.0,0.0,0.0,0.0,-1.667902,-0.2504717,-1.477531,0.3150881,0.1016455,-2.217683,0.09702434,0.8785784,-0.07090559,0.4622326,12.37375,125.1702,6.167349,0.2592133,0.04224691,-0.9648951,0.0,0.0,0.0,1.558707,-0.000568626,-2.66436,-0.3423913,0.1611454,1.067958,-0.5538548,0.1049372,-0.825974,0.2360367,0.9711173,-0.0348966,0.7984557,-0.2142878,-0.562627,moving,-63.45139,6.586129,-17.77604,8.580694,-61.43626999584578,9.40297377061988,45.71887889222269,43.66797255782918,134.2692310299468
617,617,05/15/2023 13:23:33.983389,846,True,True,True,True,Eyes,0.4714386,0.09393395,-2.115639,0.8968652,-0.04927449,-0.4395505,0.0,0.0,0.0,0.0,0.0,0.0,0.0,-1.692148,-0.2474577,-1.458133,0.3110041,0.1020097,-2.223425,0.09682073,0.8758738,-0.07092579,0.4673762,12.40071,124.4905,6.071829,0.2553877,0.04234526,-0.9659104,0.0,0.0,0.0,1.558694,0.001770606,-2.664387,-0.3439098,0.1637551,1.069321,-0.5443707,0.1033074,-0.8324593,0.2359035,0.9711906,-0.03374067,0.8049909,-0.2147475,-0.5530581,moving,-63.89069,6.396267,-17.82858,8.706599,-61.86689808479191,9.206008821087051,46.120013135322544,44.04114973416008,133.85966040966824
618,618,05/15/2023 13:23:34.003508,847,True,True,True,True,Eyes,0.4648112,0.09426911,-2.121017,0.9004034,-0.0468846,-0.4325224,0.0,0.0,0.0,0.0,0.0,0.0,0.0,-1.719234,-0.2356939,-1.438017,0.3074648,0.102485,-2.230284,0.09579276,0.8729113,-0.06856491,0.4734433,12.1462,123.6913,6.007394,0.2515953,0.04244331,-0.9669009,0.0,0.0,0.0,1.55868,0.004107205,-2.664413,-0.3443767,0.1647579,1.071436,-0.5333507,0.102314,-0.8396841,0.2321604,0.9722452,-0.02899727,0.813412,-0.210407,-0.5423009,moving,-64.342,6.186597,-17.81823,8.742064,-62.309697698251554,8.989555365191976,46.593900744635974,44.4921560493578,133.3804620623155
619,619,05/15/2023 13:23:34.013131,848,True,True,True,True,Eyes,0.4583314,0.09456732,-2.126419,0.9037615,-0.04451649,-0.4257151,0.0,0.0,0.0,0.0,0.0,0.0,0.0,-1.745038,-0.2247465,-1.417966,0.3034749,0.1019784,-2.236917,0.09403298,0.8700926,-0.06631514,0.4792693,11.86081,122.916,5.868881,0.2478385,0.04253928,-0.9678665,0.0,0.0,0.0,1.558666,0.006609721,-2.664441,-0.3450499,0.1663853,1.073637,-0.5229177,0.1000692,-0.846489,0.2272004,0.9735202,-0.02526639,0.8215457,-0.2055349,-0.5318067,moving,-64.77731,5.969651,-17.81658,8.809251,-62.73720013699079,8.76658330984678,47.04650348636867,44.92064040086256,132.92328019300137
620,620,05/15/2023 13:23:34.033314,849,True,True,True,True,Eyes,0.4519687,0.09485988,-2.131874,0.907104,-0.04213699,-0.418792,0.0,0.0,0.0,0.0,0.0,0.0,0.0,-1.769111,-0.2193386,-1.398809,0.2998396,0.1014464,-2.243733,0.09321441,0.8673577,-0.06567171,0.484447,11.78481,122.2244,5.749723,0.2441206,0.04263151,-0.968807,0.0,0.0,0.0,1.558652,0.008924373,-2.664467,-0.3463398,0.1687823,1.075402,-0.5132442,0.09807155,-0.8526207,0.2253294,0.9739966,-0.02360685,0.8281345,-0.2042366,-0.5219965,moving,-65.21816,5.745511,-17.85147,8.919696,-63.1702640977267,8.536496347950079,47.47292672640191,45.32041416895348,132.49305815130472
621,621,05/15/2023 13:23:34.053696,850,True,True,True,True,Eyes,0.4457673,0.09513552,-2.137354,0.9102291,-0.03970037,-0.4121977,0.0,0.0,0.0,0.0,0.0,0.0,0.0,-1.790739,-0.2140052,-1.382111,0.2961625,0.1015999,-2.250498,0.09221262,0.8650171,-0.06470592,0.4889331,11.66067,121.6236,5.64046,0.2404435,0.04271987,-0.9697222,0.0,0.0,0.0,1.558639,0.01119325,-2.664493,-0.3475047,0.1716279,1.077494,-0.5048827,0.09625724,-0.8578043,0.2228047,0.97462,-0.02177184,0.8339375,-0.202115,-0.5135154,moving,-65.63658,5.501411,-17.87513,9.050287,-63.58214947880925,8.287854149439623,47.89311669714006,45.7133780581556,132.0710602394122
622,622,05/15/2023 13:23:34.063624,851,True,True,True,True,Eyes,0.439693,0.09538507,-2.14288,0.9133584,-0.037172,-0.4054561,0.0,0.0,0.0,0.0,0.0,0.0,0.0,-1.812013,-0.2055628,-1.36621,0.293209,0.1014978,-2.257411,0.09056404,0.862717,-0.06273494,0.4935401,11.39893,121.0059,5.522471,0.2368109,0.0428038,-0.970612,0.0,0.0,0.0,1.558626,0.01349482,-2.664518,-0.3496383,0.1750363,1.079218,-0.4964328,0.09433787,-0.862934,0.2181867,0.975725,-0.01885103,0.8402079,-0.197639,-0.5049651,moving,-66.06271,5.238204,-17.95096,9.212469,-64.0020228298629,8.020534644404302,48.27561776251781,46.06648559710226,131.68875731295975
623,623,05/15/2023 13:23:34.083412,852,True,True,True,True,Eyes,0.4337655,0.09560774,-2.148472,0.9162792,-0.03451759,-0.3990501,0.0,0.0,0.0,0.0,0.0,0.0,0.0,-1.833591,-0.197809,-1.34878,0.2900612,0.1011009,-2.264075,0.08885863,0.8602691,-0.06099081,0.4983184,11.15693,120.3626,5.386464,0.2332246,0.04288233,-0.9714766,0.0,0.0,0.0,1.558612,0.01583719,-2.664545,-0.3521299,0.176841,1.081386,-0.4875656,0.09209898,-0.868215,0.2136703,0.9767686,-0.01637725,0.8465368,-0.1934968,-0.4959176,moving,-66.46632,4.943744,-18.03671,9.28747,-64.40093839073694,7.723766581233029,48.62401752544904,46.390590022657406,131.34361659275692
624,624,05/15/2023 13:23:34.103127,853,True,True,True,True,Eyes,0.4279663,0.09579856,-2.154132,0.919226,-0.03181018,-0.3924434,0.0,0.0,0.0,0.0,0.0,0.0,0.0,-1.855904,-0.1856547,-1.331262,0.2875636,0.1006446,-2.271186,0.08782988,0.857636,-0.05847548,0.503316,10.87773,119.6967,5.363166,0.2296867,0.04295453,-0.9723159,0.0,0.0,0.0,1.558598,0.01822294,-2.664572,-0.3561494,0.1785756,1.083241,-0.4779179,0.09178885,-0.8735958,0.2095154,0.9777331,-0.01188899,0.8530523,-0.1887137,-0.4865074,moving,-66.881,4.634077,-18.1999,9.361188,-64.81098964441543,7.411978799662283,48.9100713106853,46.65182841375472,131.0631510598718
625,625,05/15/2023 13:23:34.113493,854,True,True,True,True,Eyes,0.4222957,0.0959598,-2.159898,0.9219974,-0.02921551,-0.3860924,0.0,0.0,0.0,0.0,0.0,0.0,0.0,-1.878826,-0.1711236,-1.31287,0.284709,0.1000223,-2.27856,0.08753216,0.8548594,-0.05577668,0.5083725,10.62384,119.0262,5.426324,0.2261985,0.04301938,-0.9731304,0.0,0.0,0.0,1.558584,0.02061627,-2.664598,-0.3608002,0.1829759,1.084476,-0.4677912,0.09294472,-0.8789384,0.206366,0.9784542,-0.006364563,0.8594094,-0.1843603,-0.4768928,moving,-67.27819,4.327311,-18.40205,9.576911,-65.20402317730442,7.103538502158353,49.157251361926235,46.86728352275393,130.82572861563085
626,626,05/15/2023 13:23:34.133699,855,True,True,True,True,Eyes,0.4167454,0.09609005,-2.165745,0.9247627,-0.02664512,-0.3796103,0.0,0.0,0.0,0.0,0.0,0.0,0.0,-1.900792,-0.1610967,-1.295563,0.2822005,0.09944344,-2.286465,0.08748338,0.8522014,-0.0541986,0.5129934,10.49403,118.4087,5.45652,0.222761,0.04307596,-0.9739206,0.0,0.0,0.0,1.558571,0.02290676,-2.664624,-0.3660602,0.1877031,1.085637,-0.4583692,0.09349988,-0.8838301,0.204714,0.9788184,-0.002619455,0.8648642,-0.182133,-0.4678009,moving,-67.68211,4.015048,-18.63332,9.809274,-65.60372444041376,6.789583347873462,49.38984567097953,47.067371128315436,130.6073423098283
627,627,05/15/2023 13:23:34.153447,856,True,True,True,True,Eyes,0.4113269,0.09619878,-2.171669,0.9273365,-0.02412987,-0.3734498,0.0,0.0,0.0,0.0,0.0,0.0,0.0,-1.921359,-0.151184,-1.279517,0.2794232,0.09880422,-2.294297,0.08747669,0.8497686,-0.05264455,0.5171751,10.36701,117.849,5.496247,0.2193744,0.04312346,-0.974687,0.0,0.0,0.0,1.558558,0.02514065,-2.664649,-0.3708659,0.1921187,1.087141,-0.4497558,0.09421699,-0.8881683,0.2031227,0.9791527,0.001010166,0.8697475,-0.1799528,-0.4595173,moving,-68.06475,3.696938,-18.83651,10.0218,-65.98297601756451,6.470653940408332,49.63288721016181,47.280015823621696,130.38295479821213
628,628,05/15/2023 13:23:34.163437,857,True,True,True,True,Eyes,0.4060373,0.09627289,-2.177663,0.9298994,-0.02156048,-0.3671815,0.0,0.0,0.0,0.0,0.0,0.0,0.0,-1.940276,-0.1420538,-1.265266,0.2771028,0.09838007,-2.302018,0.08677202,0.8476044,-0.05083278,0.5210118,10.17124,117.3317,5.487617,0.2160402,0.0431616,-0.9754298,0.0,0.0,0.0,1.558545,0.02752737,-2.664676,-0.3749618,0.1950208,1.089247,-0.4420343,0.09412774,-0.8920455,0.2000656,0.9797733,0.004246316,0.8744021,-0.1765907,-0.4519252,moving,-68.45284,3.360484,-18.99549,10.1508,-66.36800600667654,6.13385427959187,49.92131669339617,47.5425191352281,130.1165492175186
629,629,05/15/2023 13:23:34.183654,858,True,True,True,True,Eyes,0.4008803,0.09629986,-2.183743,0.9322835,-0.01895674,-0.3612313,0.0,0.0,0.0,0.0,0.0,0.0,0.0,-1.958995,-0.1310851,-1.250986,0.2747974,0.09758429,-2.309712,0.08606127,0.8454324,-0.0486609,0.5248522,9.940062,116.814,5.501835,0.2127589,0.04318956,-0.9761494,0.0,0.0,0.0,1.558531,0.02983207,-2.664702,-0.3777851,0.1994553,1.09169,-0.4342476,0.09443841,-0.8958297,0.1965975,0.9804511,0.008059908,0.8790784,-0.1726179,-0.4443248,moving,-68.82018,3.004019,-19.08845,10.35392,-66.73348584341069,5.778397494969404,50.27192072621356,47.86423348089814,129.79585441174987
630,630,05/15/2023 13:23:34.203561,859,True,True,True,True,Eyes,0.3958359,0.09628291,-2.189906,0.9346717,-0.01645355,-0.355131,0.0,0.0,0.0,0.0,0.0,0.0,0.0,-1.977286,-0.1134018,-1.23815,0.2727866,0.0964116,-2.31772,0.08639735,0.8432912,-0.04544371,0.5285174,9.669785,116.328,5.686683,0.2095319,0.04320603,-0.9768466,0.0,0.0,0.0,1.558517,0.032283,-2.66473,-0.3798133,0.2052398,1.094283,-0.42641,0.09768064,-0.8992404,0.1937518,0.9809407,0.01468043,0.8835356,-0.1679695,-0.4372088,moving,-69.19557,2.65267,-19.14132,10.62278,-67.10662238719401,5.427624502649184,50.68481623202949,48.24582752670549,129.4199303234751
631,631,05/15/2023 13:23:34.213115,860,True,True,True,True,Eyes,0.3909201,0.09624465,-2.196178,0.9369208,-0.01401472,-0.3492608,0.0,0.0,0.0,0.0,0.0,0.0,0.0,-1.996408,-0.09260901,-1.223697,0.2704013,0.09517534,-2.325829,0.0885459,0.8408432,-0.04244874,0.5322974,9.535052,115.8321,6.036885,0.2063589,0.04320998,-0.9775215,0.0,0.0,0.0,1.558503,0.03463812,-2.664756,-0.3806778,0.2122517,1.096938,-0.4176381,0.1037157,-0.9026746,0.1940971,0.9807155,0.02288003,0.8876399,-0.165651,-0.4297152,moving,-69.55579,2.297864,-19.13865,10.9511,-67.46516144834965,5.073991678194364,51.154339982559605,48.68256475365392,128.99594970388233
632,632,05/15/2023 13:23:34.233449,861,True,True,True,True,Eyes,0.3861137,0.09620538,-2.202546,0.9391639,-0.01150085,-0.3432767,0.0,0.0,0.0,0.0,0.0,0.0,0.0,-2.015733,-0.07203545,-1.209651,0.2684573,0.09463361,-2.334652,0.09041584,0.8384002,-0.03922775,0.5360702,9.364554,115.3332,6.374772,0.2032405,0.0432015,-0.9781751,0.0,0.0,0.0,1.55849,0.03691674,-2.664782,-0.3810443,0.2219937,1.099384,-0.4089073,0.1095517,-0.9059764,0.193667,0.9805723,0.03116138,0.8917891,-0.1627156,-0.4221797,moving,-69.92198,1.918871,-19.11621,11.41597,-67.83014186250436,4.696834628399089,51.68579258083117,49.1751353597183,128.52591610126427
633,633,05/15/2023 13:23:34.253395,862,True,True,True,True,Eyes,0.3814231,0.09615265,-2.209026,0.9412672,-0.008850423,-0.3375464,0.0,0.0,0.0,0.0,0.0,0.0,0.0,-2.033635,-0.05239691,-1.196978,0.2661758,0.09448284,-2.343372,0.09090135,0.8363148,-0.03543923,0.5394986,9.053638,114.8732,6.617535,0.200176,0.04318159,-0.9788077,0.0,0.0,0.0,1.558477,0.03919372,-2.664807,-0.3806219,0.2318265,1.102095,-0.4013568,0.1138054,-0.9088243,0.1902831,0.980962,0.03880558,0.8959384,-0.157359,-0.4153709,moving,-70.27174,1.501944,-19.05297,11.87902,-68.18024468010044,4.28359183993208,52.25941165591778,49.71096102902046,128.02646236314575
634,634,05/15/2023 13:23:34.272994,863,True,True,True,True,Eyes,0.3768437,0.09607644,-2.215601,0.9433931,-0.006010459,-0.3316221,0.0,0.0,0.0,0.0,0.0,0.0,0.0,-2.051298,-0.02920842,-1.184363,0.2643152,0.09397459,-2.352169,0.09083106,0.8342104,-0.03061896,0.5430517,8.6117,114.3916,6.871206,0.197166,0.04315057,-0.9794198,0.0,0.0,0.0,1.558463,0.04157338,-2.664834,-0.3799778,0.2402684,1.10574,-0.393689,0.1182891,-0.9116012,0.1847998,0.9816244,0.04756663,0.9004765,-0.1497372,-0.4083145,moving,-70.63238,1.038339,-18.96483,12.25934,-68.54215737239106,3.8249702384966833,52.87198300087203,50.28966079288065,127.49753835928311
635,635,05/15/2023 13:23:34.283564,864,True,True,True,True,Eyes,0.3723852,0.09597705,-2.222294,0.9454165,-0.003116391,-0.3258496,0.0,0.0,0.0,0.0,0.0,0.0,0.0,-2.07082,-0.006393179,-1.167887,0.262277,0.09322634,-2.361104,0.09014476,0.8316738,-0.02573365,0.547294,8.133226,113.8081,7.065942,0.1942096,0.04310834,-0.9800122,0.0,0.0,0.0,1.55845,0.04386562,-2.66486,-0.3801042,0.2476601,1.109527,-0.3846869,0.1217743,-0.9149795,0.1781098,0.9824234,0.05586736,0.9057004,-0.1414753,-0.3996145,moving,-70.98285,0.5479541,-18.91054,12.58285,-68.89495095174762,3.340828729651518,53.44496410383243,50.83164659299127,127.01652371367594
636,636,05/15/2023 13:23:34.303470,865,True,True,True,True,Eyes,0.3680521,0.09585281,-2.229111,0.9474527,-8.192286e-05,-0.3198961,0.0,0.0,0.0,0.0,0.0,0.0,0.0,-2.091969,0.01101086,-1.148539,0.2606471,0.0924876,-2.370466,0.08942372,0.8287483,-0.02216237,0.551986,7.784951,113.1578,7.175214,0.1913074,0.04305478,-0.9805852,0.0,0.0,0.0,1.558436,0.04620519,-2.664886,-0.3803288,0.255336,1.113515,-0.3746299,0.1237529,-0.9188787,0.1726861,0.9830245,0.06198723,0.9109513,-0.1354553,-0.3896407,moving,-71.34336,0.014673,-18.85795,12.915,-69.25863776050909,2.814983648284629,54.04754110572496,51.40272032720883,126.52195267515528
637,637,05/15/2023 13:23:34.323053,866,True,True,True,True,Eyes,0.3638393,0.09575268,-2.236057,0.9493762,0.002727033,-0.3141294,0.0,0.0,0.0,0.0,0.0,0.0,0.0,-2.112351,0.02419955,-1.130865,0.2591963,0.09170759,-2.380311,0.08770441,0.8261216,-0.01901826,0.5562996,7.411963,112.5533,7.168746,0.1884595,0.04298972,-0.9811394,0.0,0.0,0.0,1.558423,0.04859421,-2.664913,-0.3805783,0.262937,1.117192,-0.365677,0.1237493,-0.9224782,0.1660687,0.9838924,0.06615707,0.9158064,-0.1290026,-0.3803378,moving,-71.69167,-0.4973859,-18.81172,13.24384,-69.60993047043536,2.3099975335361416,54.63616385908998,51.96159252832901,126.04717239815223
638,638,05/15/2023 13:23:34.333418,867,True,True,True,True,Eyes,0.3597499,0.09564289,-2.243107,0.9513135,0.005667047,-0.3081729,0.0,0.0,0.0,0.0,0.0,0.0,0.0,-2.131201,0.03420094,-1.115114,0.2579381,0.0921295,-2.389905,0.0878722,0.8236535,-0.01727672,0.5599776,7.288931,112.042,7.263055,0.1856662,0.04291516,-0.981675,0.0,0.0,0.0,1.558409,0.05090255,-2.664939,-0.3783635,0.2689146,1.122399,-0.3574072,0.1254034,-0.9254912,0.1641016,0.98396,0.06995288,0.9194187,-0.126873,-0.3722532,moving,-72.05054,-1.053504,-18.62909,13.47347,-69.97265173050488,1.7621694106451855,55.3613971436702,52.66228149889052,125.44146405022195
639,639,05/15/2023 13:23:34.353378,868,True,True,True,True,Eyes,0.3557577,0.0955119,-2.250272,0.9531296,0.008257868,-0.3024495,0.0,0.0,0.0,0.0,0.0,0.0,0.0,-2.150731,0.05068766,-1.097116,0.2566797,0.09170946,-2.399496,0.08685018,0.8209447,-0.01361275,0.5641999,6.91244,111.4472,7.363822,0.1829274,0.04283147,-0.9821928,0.0,0.0,0.0,1.558396,0.05320052,-2.664964,-0.3756572,0.2722643,1.128344,-0.3482709,0.1272377,-0.9287184,0.157959,0.9845435,0.0756511,0.9239893,-0.1203524,-0.3629862,moving,-72.3946,-1.563975,-18.41405,13.5659,-70.3197851244578,1.2588486606302176,56.06079642511444,53.344810914279705,124.84558007890834
640,640,05/15/2023 13:23:34.363484,869,True,True,True,True,Eyes,0.351895,0.09546926,-2.257544,0.954954,0.01063778,-0.2965628,0.0,0.0,0.0,0.0,0.0,0.0,0.0,-2.169872,0.05630811,-1.079113,0.2551119,0.09104702,-2.408864,0.08742671,0.8182534,-0.01342535,0.5680124,6.966533,110.916,7.398726,0.1802427,0.04273847,-0.982693,0.0,0.0,0.0,1.558382,0.05558244,-2.664991,-0.3705301,0.2813342,1.133872,-0.3394375,0.1278228,-0.9319033,0.1583259,0.9843527,0.07734822,0.9272084,-0.1212896,-0.3543638,moving,-72.74772,-2.054333,-18.09651,13.93472,-70.67514442671964,0.7746500109503849,56.942115962623916,54.20055571943255,124.09937302482197
641,641,05/15/2023 13:23:34.383571,870,True,True,True,True,Eyes,0.3481529,0.09552853,-2.264939,0.9567006,0.01300181,-0.2907832,0.0,0.0,0.0,0.0,0.0,0.0,0.0,-2.189237,0.06672879,-1.061359,0.2542248,0.09309447,-2.418759,0.08984067,0.815362,-0.0125079,0.5718017,7.073299,110.391,7.655419,0.1776122,0.04264079,-0.9831761,0.0,0.0,0.0,1.558369,0.05788238,-2.665017,-0.3635135,0.2775311,1.141485,-0.3299431,0.1322013,-0.934698,0.1608094,0.9835443,0.08234515,0.9302033,-0.123139,-0.345773,moving,-73.09368,-2.560165,-17.66442,13.66527,-71.02399141926466,0.2757456601975132,57.75523876746443,55.013845748990946,123.3534435717362
642,642,05/15/2023 13:23:34.403431,871,True,True,True,True,Eyes,0.3445254,0.09562094,-2.272412,0.9584703,0.01536901,-0.2847776,0.0,0.0,0.0,0.0,0.0,0.0,0.0,-2.208814,0.07880631,-1.040973,0.2536211,0.0954525,-2.428016,0.08871187,0.812395,-0.009190524,0.5762467,6.728948,109.7575,7.728114,0.175036,0.04254315,-0.9836422,0.0,0.0,0.0,1.558353,0.06056569,-2.665047,-0.3560695,0.2738683,1.150578,-0.3201401,0.1335461,-0.9379103,0.1547302,0.9840915,0.08730716,0.9346491,-0.1171725,-0.3357108,moving,-73.45244,-3.08917,-17.19573,13.38878,-71.38586679206416,-0.2459187166271883,58.62030583532126,55.879118950067756,122.55948287756307
643,643,05/15/2023 13:23:34.423341,872,True,True,True,True,Eyes,0.3410371,0.09577031,-2.279912,0.9601687,0.01751683,-0.2788713,0.0,0.0,0.0,0.0,0.0,0.0,0.0,-2.230386,0.07871948,-1.016464,0.2525778,0.09635995,-2.437404,0.08698229,0.8090615,-0.008797174,0.5811851,6.623269,109.0548,7.550468,0.1725144,0.04244685,-0.9840918,0.0,0.0,0.0,1.55834,0.06291676,-2.665074,-0.3522463,0.2882349,1.154735,-0.3093157,0.1305225,-0.9419593,0.1509736,0.9847134,0.0868707,0.9388984,-0.1153405,-0.3242929,moving,-73.8046,-3.594217,-16.96407,14.01528,-71.74069691783006,-0.7442600658548146,59.50580001372899,56.73026422863478,121.8615847870658
644,644,05/15/2023 13:23:34.438422,873,True,True,True,True,Eyes,0.3376689,0.09598064,-2.287487,0.9619063,0.01978133,-0.2726628,0.0,0.0,0.0,0.0,0.0,0.0,0.0,-2.251822,0.07950076,-0.9908414,0.2519141,0.0980069,-2.446574,0.08660983,0.8054641,-0.008796041,0.5862159,6.644803,108.3403,7.474404,0.1700485,0.04235417,-0.9845248,0.0,0.0,0.0,1.558328,0.06490944,-2.665096,-0.3504232,0.2914571,1.160088,-0.2976997,0.1292095,-0.9458753,0.149835,0.9848427,0.08737431,0.942828,-0.1157139,-0.3125474,moving,-74.17404,-4.149464,-16.80779,14.10294,-72.11363119519022,-1.2915791421459837,60.19997417642068,57.40842525209605,121.3046170027707
645,645,05/15/2023 13:23:34.454524,874,True,True,True,True,Eyes,0.3344231,0.09621318,-2.295083,0.9635763,0.02184251,-0.2665402,0.0,0.0,0.0,0.0,0.0,0.0,0.0,-2.274422,0.08257467,-0.961911,0.2512487,0.09966649,-2.456019,0.0842368,0.8015687,-0.007123275,0.591896,6.380947,107.5226,7.319371,0.1676388,0.04226723,-0.9849418,0.0,0.0,0.0,1.558315,0.06719875,-2.665122,-0.3572388,0.2872972,1.164699,-0.2851263,0.1266107,-0.9500907,0.1434756,0.9857069,0.08829926,0.9476905,-0.1111384,-0.2992166,moving,-74.53773,-4.684821,-17.05193,13.85658,-72.48045436001982,-1.819526887271114,60.40199295290513,57.602618342141874,121.19950170214814
646,646,05/15/2023 13:23:34.463417,875,True,True,True,True,Eyes,0.3312876,0.09647363,-2.302746,0.965233,0.02396056,-0.2602902,0.0,0.0,0.0,0.0,0.0,0.0,0.0,-2.295741,0.07656886,-0.9349656,0.2504382,0.100588,-2.465281,0.08190154,0.7980171,-0.007687462,0.5969942,6.318711,106.7881,7.023806,0.1652859,0.04218636,-0.9853427,0.0,0.0,0.0,1.5583,0.06967,-2.66515,-0.3633969,0.2890084,1.16749,-0.2737805,0.1215389,-0.9540822,0.1398964,0.9864661,0.08552003,0.9515638,-0.1100589,-0.2870781,moving,-74.90828,-5.25944,-17.28946,13.90388,-72.85499190444419,-2.385572002629206,60.72199973333224,57.90401179857719,121.03271901657727
647,647,05/15/2023 13:23:34.483284,876,True,True,True,True,Eyes,0.3282591,0.09674823,-2.31044,0.9667875,0.02595272,-0.2542605,0.0,0.0,0.0,0.0,0.0,0.0,0.0,-2.314088,0.07289045,-0.914299,0.249836,0.1015342,-2.474576,0.07942842,0.795259,-0.007450123,0.6009983,6.160977,106.2067,6.780104,0.1629892,0.04211201,-0.9857284,0.0,0.0,0.0,1.558288,0.07188737,-2.665174,-0.370798,0.2928819,1.169237,-0.2649846,0.1173773,-0.9570819,0.1352874,0.9872712,0.08362313,0.954715,-0.1073222,-0.2774915,moving,-75.26515,-5.828074,-17.59529,14.06265,-73.21611751601627,-2.9454134806449987,61.00371835932443,58.163138472129255,120.92875867736905
648,648,05/15/2023 13:23:34.503521,877,True,True,True,True,Eyes,0.3253542,0.09709804,-2.318195,0.9683148,0.02803474,-0.2481544,0.0,0.0,0.0,0.0,0.0,0.0,0.0,-2.329213,0.07962643,-0.8996136,0.2491054,0.1019025,-2.483634,0.0785364,0.7931426,-0.005729924,0.603924,5.966635,105.7809,6.794065,0.1607485,0.04204403,-0.9860992,0.0,0.0,0.0,1.558274,0.074321,-2.665202,-0.3757115,0.3105132,1.169042,-0.2582161,0.1176602,-0.9588957,0.131502,0.9875984,0.08577074,0.9570956,-0.1039493,-0.2704862,moving,-75.62591,-6.445544,-17.81657,14.87505,-73.58234221523955,-3.552496751588724,61.61564346615587,58.731557360962015,120.62421349704466
649,649,05/15/2023 13:23:34.513286,878,True,True,True,True,Eyes,0.3225661,0.09745193,-2.325973,0.9697321,0.03023305,-0.2422923,0.0,0.0,0.0,0.0,0.0,0.0,0.0,-2.343582,0.09644605,-0.8864319,0.2490811,0.1039657,-2.492908,0.07890385,0.7910078,-0.001993556,0.6066936,5.675528,105.3751,7.065916,0.158564,0.04198486,-0.9864553,0.0,0.0,0.0,1.558261,0.07649202,-2.665226,-0.3794437,0.3178759,1.171262,-0.2513946,0.1224082,-0.9601131,0.1272461,0.9875404,0.09258705,0.9594839,-0.09889473,-0.2638382,moving,-75.97159,-7.112564,-17.95033,15.1841,-73.93531351810998,-4.2069158857165645,62.15792658636947,59.24803690083882,120.33113773403666
650,650,05/15/2023 13:23:34.533166,879,True,True,True,True,Eyes,0.3198555,0.09781533,-2.33383,0.9710758,0.03239276,-0.2365637,0.0,0.0,0.0,0.0,0.0,0.0,0.0,-2.35705,0.1127316,-0.8762553,0.2486334,0.1047396,-2.502684,0.07758411,0.7894095,0.002395467,0.6089401,5.204231,105.037,7.234333,0.1564357,0.0419337,-0.9867973,0.0,0.0,0.0,1.558248,0.07879835,-2.665252,-0.3808312,0.3196508,1.17582,-0.2463458,0.1254086,-0.9610342,0.1195738,0.98795,0.09827013,0.9617775,-0.09070611,-0.258373,moving,-76.30886,-7.797043,-17.9464,15.20851,-74.2806160481489,-4.877916768441115,62.733023250018874,59.80809676025032,119.96411083265887
651,651,05/15/2023 13:23:34.553750,880,True,True,True,True,Eyes,0.3172467,0.09820797,-2.341708,0.9723021,0.03423873,-0.2312066,0.0,0.0,0.0,0.0,0.0,0.0,0.0,-2.368724,0.113586,-0.8724358,0.2477606,0.1053255,-2.512454,0.07699944,0.7887416,0.00276276,0.6098772,5.138421,104.8991,7.200328,0.1543618,0.04188996,-0.9871257,0.0,0.0,0.0,1.558234,0.08115225,-2.665279,-0.380267,0.3186435,1.181128,-0.244242,0.1248352,-0.9616455,0.1180954,0.9881269,0.09827859,0.9624964,-0.08956219,-0.2560845,moving,-76.62389,-8.42355,-17.84609,15.09778,-74.60279885794097,-5.492285516456003,63.30942060869693,60.37611115629281,119.5549195279963
652,652,05/15/2023 13:23:34.563374,881,True,True,True,True,Eyes,0.3147178,0.09863444,-2.349586,0.9734677,0.03594,-0.2259842,0.0,0.0,0.0,0.0,0.0,0.0,0.0,-2.377919,0.104541,-0.8735914,0.2475132,0.1065126,-2.521106,0.07579701,0.7887754,0.001471562,0.6099885,5.172188,104.8844,6.999755,0.1523418,0.04185406,-0.9874409,0.0,0.0,0.0,1.55822,0.08361518,-2.665306,-0.3757366,0.3132776,1.188083,-0.2443378,0.1213689,-0.9620649,0.1177784,0.9885053,0.09479208,0.9625111,-0.09014916,-0.2558239,moving,-76.93065,-9.036506,-17.5498,14.77171,-74.91660286044976,-6.093320150288133,63.97590558815995,61.04342350820552,119.00430173427397
653,653,05/15/2023 13:23:34.583508,882,True,True,True,True,Eyes,0.3122911,0.09907603,-2.357372,0.974576,0.03736321,-0.2209199,0.0,0.0,0.0,0.0,0.0,0.0,0.0,-2.388653,0.09254852,-0.8683076,0.2468791,0.1078056,-2.528955,0.07485966,0.7880617,-0.0007185127,0.6110271,5.314066,104.7371,6.754508,0.1503751,0.04182659,-0.9877436,0.0,0.0,0.0,1.558207,0.085865,-2.665332,-0.3681414,0.3104711,1.195603,-0.2420837,0.11711,-0.9631618,0.1188661,0.988791,0.0903501,0.9629467,-0.09261502,-0.2532906,moving,-77.22787,-9.599347,-17.11426,14.5569,-75.21980101903459,-6.645701771636181,64.78557228547965,61.85308576782003,118.312068225404
654,654,05/15/2023 13:23:34.603110,883,True,True,True,True,Eyes,0.3099505,0.09958709,-2.365162,0.9756907,0.03860714,-0.2157248,0.0,0.0,0.0,0.0,0.0,0.0,0.0,-2.402538,0.08201382,-0.8525436,0.2463651,0.1088279,-2.536377,0.07380637,0.7860082,-0.002695895,0.6137887,5.44217,104.3372,6.5013,0.1484617,0.04180745,-0.9880338,0.0,0.0,0.0,1.558193,0.08818237,-2.665358,-0.3599855,0.3114502,1.201755,-0.2356323,0.1127154,-0.9652838,0.1193342,0.9890907,0.08636501,0.9644878,-0.094841,-0.2465125,moving,-77.5325,-10.14651,-16.67558,14.52928,-75.52974804293306,-7.18318870003874,65.66931798039705,62.73152630915309,117.58018396473827
655,655,05/15/2023 13:23:34.622233,884,True,True,True,True,Eyes,0.3077049,0.1001275,-2.372928,0.9768141,0.03976008,-0.2103649,0.0,0.0,0.0,0.0,0.0,0.0,0.0,-2.41837,0.07461643,-0.8320408,0.2460212,0.1110528,-2.544311,0.07393317,0.7832442,-0.004497252,0.6172863,5.642481,103.8295,6.36144,0.1466005,0.04179862,-0.9883121,0.0,0.0,0.0,1.558179,0.09065542,-2.665385,-0.3537658,0.3080429,1.208191,-0.2269832,0.1102632,-0.9676367,0.1213676,0.9890274,0.08423096,0.9663067,-0.09832074,-0.237875,moving,-77.84651,-10.70295,-16.32035,14.30351,-75.84903233143537,-7.729920744732305,66.41378927660429,63.475476292028404,116.95429306946971
656,656,05/15/2023 13:23:34.638458,885,True,True,True,True,Eyes,0.3055314,0.1006542,-2.380714,0.9779308,0.04079139,-0.2049081,0.0,0.0,0.0,0.0,0.0,0.0,0.0,-2.434278,0.07994744,-0.8094749,0.2457836,0.1123508,-2.552315,0.07254653,0.7802087,-0.002598271,0.6212928,5.405258,103.2379,6.34215,0.1447914,0.04180026,-0.9885786,0.0,0.0,0.0,1.558166,0.09287906,-2.66541,-0.3481167,0.3062902,1.213891,-0.2174648,0.1099743,-0.9698531,0.1164314,0.9894605,0.08609089,0.9690992,-0.09419966,-0.2279772,moving,-78.16589,-11.25878,-16.0017,14.16133,-76.17350069175572,-8.276232611941278,67.16076615679872,64.219076717539,116.34595324164762
657,657,05/15/2023 13:23:34.653281,886,True,True,True,True,Eyes,0.3034384,0.1012104,-2.3885,0.9790384,0.04165281,-0.1993717,0.0,0.0,0.0,0.0,0.0,0.0,0.0,-2.449276,0.07644786,-0.7905979,0.2452852,0.1125808,-2.560664,0.07247307,0.7776557,-0.003798801,0.6244877,5.533366,102.7696,6.227648,0.1430325,0.04181065,-0.9888342,0.0,0.0,0.0,1.558152,0.09525826,-2.665437,-0.3421015,0.3035907,1.219706,-0.2095257,0.1079736,-0.9718235,0.1174628,0.9894664,0.08460877,0.9707223,-0.09642541,-0.2200014,moving,-78.48966,-11.80052,-15.66768,13.97717,-76.5018364291517,-8.809087283487543,67.90501066089674,64.96158949283637,115.7271501194019
658,658,05/15/2023 13:23:34.663144,887,True,True,True,True,Eyes,0.3014238,0.1017784,-2.396322,0.9801143,0.04275692,-0.193772,0.0,0.0,0.0,0.0,0.0,0.0,0.0,-2.463219,0.08467634,-0.77335,0.2449546,0.1138869,-2.568991,0.07297555,0.7752022,-0.002379303,0.6274795,5.466872,102.3275,6.353307,0.141323,0.04183006,-0.9890791,0.0,0.0,0.0,1.558139,0.09760761,-2.665463,-0.338481,0.3090182,1.22272,-0.2018881,0.1101557,-0.9731942,0.1161275,0.9893379,0.08789245,0.9724997,-0.09527022,-0.2125277,moving,-78.81664,-12.44325,-15.47349,14.18338,-76.8360348945877,-9.43948363981552,68.71195003112196,65.75257867555925,115.17503026290981
659,659,05/15/2023 13:23:34.683360,888,True,True,True,True,Eyes,0.2994808,0.1023135,-2.404182,0.9811459,0.04357961,-0.1882915,0.0,0.0,0.0,0.0,0.0,0.0,0.0,-2.476318,0.09475251,-0.7593262,0.2447818,0.1146677,-2.577719,0.07112988,0.7732491,0.000960449,0.6300997,5.05733,101.9321,6.410279,0.1396621,0.04185791,-0.9893138,0.0,0.0,0.0,1.558125,0.09994232,-2.66549,-0.3380108,0.3069018,1.226359,-0.1958301,0.1112126,-0.9743114,0.1087919,0.9898792,0.09112316,0.9745846,-0.08815249,-0.2059472,moving,-79.13647,-13.03151,-15.40936,14.04997,-77.16182341149613,-10.017099968957693,69.24269714520442,66.27662177780996,114.81385354014218
660,660,05/15/2023 13:23:34.703544,889,True,True,True,True,Eyes,0.2976095,0.1028304,-2.412095,0.9821368,0.04441326,-0.1828514,0.0,0.0,0.0,0.0,0.0,0.0,0.0,-2.489152,0.1009684,-0.7466984,0.244482,0.1144333,-2.586651,0.07067054,0.7714399,0.002261209,0.6323616,4.927199,101.5937,6.44855,0.1380479,0.04189186,-0.989539,0.0,0.0,0.0,1.558112,0.1022736,-2.665516,-0.3391787,0.3127846,1.22813,-0.1902489,0.1118959,-0.9753382,0.1061763,0.9900011,0.09286745,0.9759775,-0.08588991,-0.2002273,moving,-79.45358,-13.65234,-15.43881,14.28853,-77.48586583969607,-10.62605643912459,69.8468538626458,66.8623493141467,114.48761138203282
661,661,05/15/2023 13:23:34.723215,890,True,True,True,True,Eyes,0.2958088,0.1033213,-2.419995,0.9830588,0.0449588,-0.1776906,0.0,0.0,0.0,0.0,0.0,0.0,0.0,-2.50106,0.1065461,-0.7380745,0.2443089,0.1144959,-2.595883,0.07066478,0.7701068,0.003225346,0.6339809,4.854893,101.3512,6.507604,0.1364791,0.04193039,-0.9897549,0.0,0.0,0.0,1.558098,0.1046811,-2.665543,-0.3353237,0.3130209,1.231575,-0.1861497,0.1129285,-0.97601,0.1047492,0.9899921,0.09456795,0.9769217,-0.08463251,-0.1961159,moving,-79.75426,-14.19884,-15.23085,14.26052,-77.79196931123145,-11.162779807181323,70.52095865512393,67.52953296565853,113.99349214748969
662,662,05/15/2023 13:23:34.733935,891,True,True,True,True,Eyes,0.294063,0.1038177,-2.427962,0.983941,0.04548516,-0.1726014,0.0,0.0,0.0,0.0,0.0,0.0,0.0,-2.513051,0.1092242,-0.7295465,0.2438138,0.1145218,-2.605193,0.07078861,0.7688429,0.003415395,0.635498,4.859939,101.1253,6.522883,0.1349554,0.04197193,-0.989962,0.0,0.0,0.0,1.558085,0.106936,-2.665568,-0.3302001,0.3118067,1.235914,-0.1822623,0.1131916,-0.9767129,0.1045097,0.9899547,0.09522384,0.9776799,-0.08472023,-0.192261,moving,-80.05049,-14.76335,-14.95838,14.15958,-78.09425419287874,-11.716740733630374,71.22863654484058,68.23285561083253,113.45238591247137
663,663,05/15/2023 13:23:34.753514,892,True,True,True,True,Eyes,0.2923829,0.1042962,-2.435973,0.9847769,0.04591126,-0.1676504,0.0,0.0,0.0,0.0,0.0,0.0,0.0,-2.525279,0.1063917,-0.7220271,0.2433728,0.1151547,-2.6148,0.07020906,0.7677731,0.002962972,0.6368568,4.86892,100.9232,6.429888,0.1334742,0.04201623,-0.9901609,0.0,0.0,0.0,1.558071,0.1093514,-2.665595,-0.3232733,0.317945,1.238729,-0.1789688,0.1115832,-0.9775069,0.1040353,0.9901238,0.09397601,0.978339,-0.08487644,-0.1888097,moving,-80.33849,-15.31504,-14.62636,14.39538,-78.38821894006246,-12.258074111511682,72.11652435963133,69.10847467255287,112.81194784177795
664,664,05/15/2023 13:23:34.763644,893,True,True,True,True,Eyes,0.2907523,0.1047225,-2.444032,0.9855748,0.04635825,-0.1627676,0.0,0.0,0.0,0.0,0.0,0.0,0.0,-2.53688,0.1014262,-0.7158043,0.2432056,0.1152409,-2.624117,0.06767756,0.7669528,0.003276497,0.6381165,4.665966,100.7317,6.220302,0.1320346,0.04206216,-0.990352,0.0,0.0,0.0,1.558057,0.1116868,-2.665622,-0.3173849,0.3187692,1.242327,-0.1764544,0.1079925,-0.9783668,0.09962939,0.990818,0.09139815,0.9792538,-0.08134648,-0.1855935,moving,-80.62225,-15.89762,-14.33117,14.39108,-78.67891970544217,-12.829079006308334,72.88286928528815,69.86823275626013,112.24751384621982
665,665,05/15/2023 13:23:34.783512,894,True,True,True,True,Eyes,0.2891757,0.1051067,-2.45215,0.9863662,0.04649325,-0.1578613,1.281175,1.552883,0.1646726,-2.654398,-0.3216459,-0.5158105,0.7940298,-0.2011118,0.1765959,1.283662,0.2427486,0.1144189,-2.63334,0.06581452,0.7659004,0.002066658,0.6395786,4.647279,100.5137,5.958009,0.1306347,0.0421073,-0.9905357,0.0,0.0,0.0,1.558044,0.1139605,-2.665647,-0.3094855,0.3207085,1.245864,-0.1732154,0.1034583,-0.979435,0.09817115,0.9913284,0.08735282,0.979979,-0.08102141,-0.18187,moving,-80.90731,-16.41074,-13.95049,14.43559,-78.96898536197983,-13.333105614486254,73.72049795668298,70.70010746290122,111.59687614284681
666,666,05/15/2023 13:23:34.803327,895,True,True,True,True,Eyes,0.2876431,0.1054501,-2.46032,0.9871353,0.04651744,-0.1529706,1.278678,1.549871,0.1649309,-2.65592,-0.5221891,-0.4982849,0.6921204,-0.2024335,0.1799086,1.280081,0.2425208,0.1138515,-2.642495,0.06529154,0.7644656,7.006121e-05,0.6413497,4.797956,100.2512,5.754574,0.1292734,0.04214988,-0.9907125,0.0,0.0,0.0,1.55803,0.1164097,-2.665675,-0.2999749,0.316495,1.250407,-0.1688154,0.09991615,-0.9805704,0.09973641,0.991474,0.08385653,0.9805887,-0.08364229,-0.1773414,moving,-81.19127,-16.9142,-13.49041,14.20402,-79.25772227558521,-13.827777199987825,74.51006684138729,71.49210458655968,110.91176243898542
667,667,05/15/2023 13:23:34.813394,896,True,True,True,True,Eyes,0.2861468,0.1057773,-2.468529,0.9879006,0.04627739,-0.1480229,1.27738,1.548071,0.1648911,-2.65761,-0.6424632,-0.5011625,0.5797216,-0.2036261,0.1837783,1.277976,0.2420225,0.1132521,-2.651926,0.06536514,0.7629011,-0.001658682,0.6432005,4.968991,99.97578,5.622211,0.127949,0.04218841,-0.9908828,0.0,0.0,0.0,1.558016,0.1187532,-2.665701,-0.2913824,0.3121968,1.255246,-0.1640414,0.09760053,-0.9816134,0.101868,0.9914492,0.08155495,0.9811798,-0.08661659,-0.1725811,moving,-81.47843,-17.36116,-13.06872,13.96686,-79.54801759125897,-14.268034639041694,75.24183184508802,72.22676985373883,110.2637012210478
668,668,05/15/2023 13:23:34.833318,897,True,True,True,True,Eyes,0.2846828,0.1060873,-2.476786,0.9886421,0.04604253,-0.1430626,1.276544,1.546728,0.1648626,-2.659412,-0.731963,-0.5030388,0.4595456,-0.2051859,0.1875671,1.276502,0.2413262,0.1132742,-2.661378,0.0660354,0.7614157,-0.002968903,0.6448851,5.145866,99.72443,5.573524,0.1266602,0.04222254,-0.991047,0.0,0.0,0.0,1.558003,0.1210067,-2.665726,-0.2840263,0.3125148,1.258213,-0.1595254,0.09673157,-0.9824433,0.10439,0.991261,0.08064935,0.9816591,-0.08969162,-0.168229,moving,-81.7661,-17.83999,-12.72061,13.94884,-79.83967590116363,-14.739058100845678,76.01190302912433,72.99290722316279,109.65528678444898
669,669,05/15/2023 13:23:34.853294,898,True,True,True,True,Eyes,0.2832296,0.1063711,-2.485139,0.9893907,0.04569121,-0.1379069,1.276231,1.545921,0.1646837,-2.66114,-0.7853222,-0.5146602,0.3440839,-0.2060609,0.1877215,1.276273,0.2406147,0.1131713,-2.670852,0.06627221,0.7597287,-0.002621481,0.6468487,5.147467,99.4287,5.606767,0.1254033,0.042252,-0.9912055,0.0,0.0,0.0,1.55799,0.1233396,-2.665753,-0.2787748,0.3113698,1.261131,-0.1543891,0.09730639,-0.9832066,0.1040892,0.9912022,0.08175297,0.9825118,-0.08971942,-0.1631594,moving,-82.06492,-18.33102,-12.46487,13.86881,-80.14246538303402,-15.222202460990644,76.68765227878214,73.66507939882493,109.13535952315115
670,670,05/15/2023 13:23:34.863561,899,True,True,True,True,Eyes,0.2817988,0.1066236,-2.493564,0.9901226,0.04535756,-0.1326647,1.276236,1.545429,0.1645106,-2.662875,-0.8187635,-0.5266325,0.2286578,-0.2057297,0.1880028,1.276998,0.239519,0.1128288,-2.680806,0.06645579,0.7575898,-0.002238302,0.6493353,5.146096,99.05321,5.634457,0.1241773,0.042276,-0.9913588,0.0,0.0,0.0,1.557976,0.1257014,-2.665779,-0.2731943,0.3072695,1.264095,-0.1478947,0.09778564,-0.9841571,0.1035993,0.9911572,0.08291274,0.9835621,-0.0896956,-0.1567175,moving,-82.3685,-18.87537,-12.19512,13.66219,-80.45131880056795,-15.756942318641109,77.34982916191865,74.32626736951323,108.61243183760325
671,671,05/15/2023 13:23:34.883579,900,True,True,True,True,Eyes,0.2803822,0.1068362,-2.502052,0.9908557,0.04501326,-0.1271957,1.276517,1.545226,0.1642964,-2.664419,-0.8318422,-0.5406076,0.1256261,-0.2049438,0.1882158,1.277996,0.2385921,0.1123251,-2.691,0.06658129,0.7552178,-0.001799094,0.6520813,5.137733,98.63719,5.659516,0.1229802,0.04229375,-0.9915072,0.0,0.0,0.0,1.557963,0.1280282,-2.665805,-0.2669172,0.3037939,1.26734,-0.1407145,0.09822044,-0.9851663,0.1029131,0.9911274,0.08411539,0.9846871,-0.08955023,-0.1495741,moving,-82.68497,-19.48836,-11.89337,13.48002,-80.7745276140527,-16.358314232180728,78.09202718833978,75.06623784367575,108.04157584541491
672,672,05/15/2023 13:23:34.903600,901,True,True,True,True,Eyes,0.2789827,0.107019,-2.510611,0.9915569,0.04473364,-0.1217116,1.276983,1.545185,0.1641431,-2.666035,-0.8344817,-0.5507442,0.01792346,-0.2059844,0.1881204,1.279241,0.2374159,0.1116179,-2.70149,0.06644888,0.7532362,-0.001244596,0.6543839,5.096941,98.28692,5.673841,0.1218096,0.04230421,-0.9916513,0.0,0.0,0.0,1.557949,0.1303626,-2.665832,-0.2596513,0.2999136,1.270095,-0.1347327,0.09847452,-0.9859766,0.1017323,0.9911659,0.0850912,0.9856458,-0.0888411,-0.1435606,moving,-83.00207,-20.18029,-11.55403,13.28615,-81.1004992043681,-17.03587180668379,78.89756033056536,75.8692057770419,107.43263310997983
673,673,05/15/2023 13:23:34.913429,902,True,True,True,True,Eyes,0.2775875,0.1071668,-2.519265,0.9922444,0.04454064,-0.1160486,1.277611,1.545289,0.1640724,-2.66753,-0.8275173,-0.555463,-0.08170539,-0.2075173,0.1871833,1.280567,0.2364037,0.1110735,-2.711819,0.06594525,0.7513763,-0.0006660126,0.6565703,5.025335,97.95308,5.658779,0.1206636,0.04230683,-0.9917912,0.0,0.0,0.0,1.557935,0.1328008,-2.665859,-0.2521451,0.2972878,1.27288,-0.1291335,0.09822481,-0.9867505,0.09997395,0.9913015,0.08559452,0.9865748,-0.08759622,-0.1378302,moving,-83.32924,-20.99731,-11.20469,13.14608,-81.4396344452713,-17.834439256197825,79.79800619936941,76.76418432194788,106.79530185879234
674,674,05/15/2023 13:23:34.933267,903,True,True,True,True,Eyes,0.276202,0.1072705,-2.527984,0.992901,0.0444442,-0.1103276,1.278391,1.545518,0.1640876,-2.669026,-0.8122228,-0.5544289,-0.1813908,-0.2090641,0.1851553,1.28247,0.2351721,0.1103453,-2.722169,0.06529064,0.7495154,0.000575216,0.6587591,4.885188,97.6172,5.68102,0.1195403,0.04230092,-0.9919276,0.0,0.0,0.0,1.557922,0.1350178,-2.665884,-0.2460833,0.2969728,1.27434,-0.1235471,0.09863053,-0.987425,0.09711481,0.9914736,0.08688387,0.9875753,-0.08515935,-0.1320723,moving,-83.65951,-21.94147,-10.92966,13.11811,-81.78523897411773,-18.75577598313296,80.73911834296247,77.69464382712101,106.21240588978328
675,675,05/15/2023 13:23:34.953255,904,True,True,True,True,Eyes,0.2748162,0.1073322,-2.536795,0.9935527,0.04435004,-0.1043364,1.279317,1.545884,0.1640699,-2.670274,-0.7880632,-0.5557849,-0.2646877,-0.2093136,0.1834565,1.284705,0.2339894,0.1093615,-2.732517,0.06499477,0.7472723,0.00217654,0.6613283,4.744516,97.22182,5.759918,0.1184387,0.04228554,-0.9920603,0.0,0.0,0.0,1.557908,0.1374756,-2.665911,-0.2413064,0.2971792,1.275763,-0.1168411,0.1000164,-0.9881017,0.09425876,0.9915419,0.08921871,0.9886676,-0.08271283,-0.1252804,moving,-84.00515,-23.02878,-10.71077,13.11277,-82.14963254991376,-19.81571411518205,81.72073039313159,78.66254603398792,105.6665111984348
676,676,05/15/2023 13:23:34.963473,905,True,True,True,True,Eyes,0.2734428,0.1073608,-2.545688,0.9941686,0.04432281,-0.09830608,1.28039,1.546366,0.1641113,-2.671558,-0.7559583,-0.5530226,-0.3502756,-0.2092483,0.1842662,1.287046,0.2326017,0.1084087,-2.743306,0.06530874,0.7448326,0.003050813,0.6640406,4.714495,96.80453,5.836146,0.117356,0.04225989,-0.9921901,0.0,0.0,0.0,1.557895,0.1397708,-2.665937,-0.237625,0.2952507,1.277082,-0.1095697,0.1013399,-0.9887996,0.09323642,0.9914509,0.09127999,0.9895966,-0.08219061,-0.1180816,moving,-84.3528,-24.26896,-10.54041,13.01759,-82.52014141580332,-21.02321314718424,82.69556051212545,79.62322534032727,105.1744720367192
677,677,05/15/2023 13:23:34.983549,906,True,True,True,True,Eyes,0.2720653,0.1073407,-2.554644,0.9947554,0.0442453,-0.09221735,1.281751,1.547094,0.1640521,-2.672844,-0.7071768,-0.5567508,-0.435809,-0.2101701,0.1832289,1.289522,0.2314938,0.1076236,-2.754231,0.06510733,0.7425969,0.004285295,0.6665528,4.613308,96.41564,5.897124,0.1162922,0.0422237,-0.9923168,0.0,0.0,0.0,1.557881,0.1421885,-2.665964,-0.2338226,0.2931118,1.278523,-0.1029372,0.1024098,-0.9894021,0.09098426,0.9914853,0.09315943,0.990518,-0.08043045,-0.1113784,moving,-84.70361,-25.6314,-10.364,12.91239,-82.89704460392565,-22.34877483000749,83.7376937974542,80.64981280005567,104.67466577039244
678,678,05/15/2023 13:23:35.003248,907,True,True,True,True,Eyes,0.2706853,0.1072824,-2.563665,0.9953058,0.04413383,-0.08613072,1.283525,1.548185,0.1639293,-2.674216,-0.6345341,-0.5650288,-0.5273602,-0.2122329,0.1855547,1.292257,0.2299248,0.1064894,-2.765267,0.06531577,0.7406225,0.00422961,0.668726,4.651314,96.08042,5.897199,0.1152448,0.04217608,-0.9924411,0.0,0.0,0.0,1.557868,0.1444221,-2.665989,-0.2301035,0.2909696,1.279617,-0.09707895,0.1024055,-0.9899945,0.09109174,0.9914319,0.09362179,0.9910995,-0.08109162,-0.1055754,moving,-85.05412,-27.13084,-10.1941,12.81054,-83.27739314318933,-23.806512678967504,84.84890353271985,81.74335620432785,104.18103168134178
679,679,05/15/2023 13:23:35.013605,908,True,True,True,True,Eyes,0.2692922,0.1071918,-2.572729,0.9958339,0.04397015,-0.07988403,1.28561,1.549546,0.1637202,-2.675429,-0.543605,-0.578714,-0.6079341,-0.2138557,0.1880023,1.295248,0.2284622,0.1055159,-2.775908,0.06611566,0.7386096,0.004698338,0.6708671,4.690264,95.74873,5.988022,0.1142127,0.04211672,-0.9925629,0.0,0.0,0.0,1.557854,0.1467515,-2.666016,-0.2252623,0.292689,1.280434,-0.09113227,0.1039712,-0.9903963,0.09136338,0.9912133,0.09565011,0.9916389,-0.08176915,-0.09983066,moving,-85.41366,-28.82947,-9.977744,12.87578,-83.67191877468473,-25.456723784365693,86.19689843794586,83.06751616667124,103.6168726447651
680,680,05/15/2023 13:23:35.038393,909,True,True,True,True,Eyes,0.2678867,0.1070476,-2.581859,0.996332,0.04382899,-0.07349443,1.288116,1.551278,0.1635044,-2.676528,-0.4284143,-0.5933632,-0.6814552,-0.2136393,0.1904501,1.299304,0.2266834,0.104683,-2.786489,0.06734928,0.7361104,0.005638197,0.673479,4.72745,95.34229,6.14885,0.1131939,0.04204555,-0.9926826,0.0,0.0,0.0,1.55784,0.1492516,-2.666044,-0.2210213,0.292941,1.280877,-0.08378056,0.1067474,-0.9907502,0.09155858,0.9908645,0.0990173,0.9922691,-0.08241596,-0.09278883,moving,-85.78122,-30.81007,-9.790243,12.88219,-84.08190069175822,-27.379247437495103,87.65638692829022,84.49990382907373,103.07866048370917
681,681,05/15/2023 13:23:35.054252,910,True,True,True,True,Eyes,0.2664656,0.1069028,-2.591103,0.9968122,0.0434983,-0.06688364,1.29179,1.554138,0.1630934,-2.677502,-0.2379352,-0.6210623,-0.7467721,-0.2108254,0.1912173,1.305247,0.2249459,0.1032362,-2.797277,0.06819467,0.7328505,0.007384155,0.6769235,4.674916,94.80236,6.333589,0.1121864,0.04196168,-0.9928005,0.0,0.0,0.0,1.557827,0.151482,-2.666069,-0.2186514,0.2891709,1.282309,-0.07424857,0.10995,-0.9911602,0.08995599,0.9905899,0.1031481,0.9931744,-0.08150218,-0.08344053,moving,-86.16135,-33.03828,-9.676655,12.70808,-84.51080847874188,-29.54107378410008,89.12147901876756,85.93684612756296,102.61983254360192
682,682,05/15/2023 13:23:35.063087,911,True,True,True,True,Eyes,0.2650534,0.1068257,-2.600431,0.9972662,0.04306306,-0.06004777,0.0,0.0,0.0,0.0,0.0,0.0,0.0,-2.781996,0.1793465,-0.4202514,0.2231856,0.1030565,-2.808531,0.07121502,0.7292806,0.007348062,0.6804589,4.945044,94.25062,6.563079,0.1111905,0.04186645,-0.9929166,0.0,0.0,0.0,1.557813,0.1538092,-2.666095,-0.2159827,0.2828408,1.283986,-0.06380829,0.1138716,-0.9914443,0.09387135,0.9897489,0.1076354,0.9935375,-0.08620019,-0.07384346,moving,-86.55424,-35.64608,-9.548483,12.42291,-84.96242514724202,-32.069550766993586,90.77727915488074,87.56050328367253,102.14480657970401
683,683,05/15/2023 13:23:35.083683,912,True,True,True,True,Eyes,0.2636257,0.106775,-2.609874,0.9976948,0.04257931,-0.05283906,0.0,0.0,0.0,0.0,0.0,0.0,0.0,-2.797074,0.1975173,-0.3871148,0.2219329,0.1046042,-2.819982,0.07392716,0.7250448,0.008942303,0.6846641,5.06371,93.58646,6.887137,0.1102041,0.04176346,-0.993031,0.0,0.0,0.0,1.5578,0.1561356,-2.666121,-0.2116259,0.2755084,1.286345,-0.05153972,0.1194459,-0.991502,0.09495605,0.9889096,0.1141977,0.9941463,-0.08826339,-0.06231027,moving,-86.96838,-38.86292,-9.34246,12.08893,-85.45122998231831,-35.18633131902448,92.85404931541166,89.59629010736711,101.57602470966344
684,684,05/15/2023 13:23:35.103467,913,True,True,True,True,Eyes,0.2621959,0.106726,-2.619405,0.9980852,0.04187609,-0.0455231,0.0,0.0,0.0,0.0,0.0,0.0,0.0,-2.81286,0.2076493,-0.3502216,0.2201162,0.1051425,-2.831687,0.07515837,0.7205529,0.00959066,0.6892481,5.151202,92.85978,7.008965,0.1092261,0.04165444,-0.9931436,0.0,0.0,0.0,1.557786,0.1584616,-2.666147,-0.2060869,0.2705235,1.287904,-0.03857673,0.1215318,-0.9918377,0.09509045,0.9885185,0.1174267,0.994721,-0.08978436,-0.04969032,moving,-87.38853,-42.61054,-9.091245,11.86249,-85.96032934319476,-38.81542775995508,95.38226164099972,92.0712087258876,100.94858294812623
685,685,05/15/2023 13:23:35.113242,914,True,True,True,True,Eyes,0.2608032,0.1068123,-2.629004,0.9984275,0.04107088,-0.03815331,0.0,0.0,0.0,0.0,0.0,0.0,0.0,-2.828415,0.2038403,-0.3197689,0.2185817,0.1052077,-2.843393,0.07654408,0.7168841,0.006886883,0.6929437,5.520811,92.27798,6.883263,0.1082564,0.0415401,-0.9932545,0.0,0.0,0.0,1.557773,0.1608095,-2.666173,-0.202606,0.2647299,1.289055,-0.02794044,0.1192909,-0.9924662,0.100202,0.9881871,0.1159557,0.9945748,-0.09620728,-0.03956356,moving,-87.8116,-47.10907,-8.932336,11.60533,-86.4927334346575,-43.1691374324805,98.33269576565924,94.95186955891859,100.41058161965502
686,686,05/15/2023 13:23:35.133344,915,True,True,True,True,Eyes,0.2594422,0.1069674,-2.638654,0.9987052,0.04060945,-0.0306407,0.0,0.0,0.0,0.0,0.0,0.0,0.0,-2.841308,0.2137031,-0.2996256,0.2180531,0.1085424,-2.854671,0.07905938,0.7142424,0.007218229,0.6953815,5.718541,91.88818,7.09928,0.1072946,0.04142592,-0.9933636,0.0,0.0,0.0,1.55776,0.1631031,-2.666199,-0.1999572,0.2638105,1.288927,-0.02038854,0.122974,-0.9922006,0.1028963,0.987395,0.120264,0.9944834,-0.09964174,-0.03278507,moving,-88.24269,-52.96466,-8.818264,11.56723,-87.06991075779212,-48.8324690532236,102.33574288781791,98.85061388795852,99.88614659295176
687,687,05/15/2023 13:23:35.153500,916,True,True,True,True,Eyes,0.2580822,0.1071257,-2.648376,0.9989358,0.0399372,-0.02307286,0.0,0.0,0.0,0.0,0.0,0.0,0.0,-2.854172,0.2279242,-0.2702565,0.2174018,0.1102569,-2.865636,0.0771957,0.7107645,0.01174138,0.699083,5.235044,91.2826,7.277825,0.1063427,0.04131462,-0.9934705,0.0,0.0,0.0,1.557746,0.1654672,-2.666226,-0.1960216,0.2579544,1.290114,-0.01064762,0.1261523,-0.9919538,0.09331951,0.9878059,0.1246231,0.9955794,-0.09124169,-0.02229028,moving,-88.67685,-59.98375,-8.639514,11.30701,-87.68178912095414,-55.61850945314733,107.1837096547535,103.56981418526446,99.31382170322468
688,688,05/15/2023 13:23:35.163365,917,True,True,True,True,Eyes,0.256745,0.1073479,-2.658146,0.9991207,0.03894322,-0.01552884,0.0,0.0,0.0,0.0,0.0,0.0,0.0,-2.868495,0.2199384,-0.2422719,0.2160318,0.1105478,-2.876879,0.07890564,0.7074186,0.007853984,0.7023329,5.723273,90.76783,7.081749,0.1054004,0.04120599,-0.9935755,0.0,0.0,0.0,1.557732,0.1678782,-2.666253,-0.1924755,0.2619589,1.289691,-0.001005274,0.1226709,-0.992447,0.1006064,0.9874244,0.1219482,0.994926,-0.09972393,-0.01333412,moving,-89.10955,-68.26006,-8.488261,11.48158,-88.32653701463049,-63.61754309629867,113.39542049796862,109.60852433465813,98.7414537245377
689,689,05/15/2023 13:23:35.183189,918,True,True,True,True,Eyes,0.2554174,0.107655,-2.667918,0.9992431,0.03806317,-0.008025194,0.0,0.0,0.0,0.0,0.0,0.0,0.0,-2.881283,0.2199515,-0.2203093,0.215203,0.1123848,-2.887865,0.08198585,0.7046236,0.005016179,0.7048112,6.228857,90.37073,7.08475,0.1044675,0.0411021,-0.9936785,0.0,0.0,0.0,1.557719,0.1700904,-2.666278,-0.188545,0.2649611,1.288619,0.00696086,0.1226092,-0.9924306,0.1084674,0.9865063,0.1226381,0.9940756,-0.1085,-0.006432125,moving,-89.53986,-78.0942,-8.324199,11.61901,-89.01145118057369,-73.11958684386579,121.01422908142258,117.00881359760346,98.16088075599114
690,690,05/15/2023 13:23:35.203492,919,True,True,True,True,Eyes,0.2541079,0.1079926,-2.677679,0.9993075,0.03720477,-0.0004598379,0.0,0.0,0.0,0.0,0.0,0.0,0.0,-2.893131,0.2168918,-0.1984112,0.2140809,0.1148057,-2.897862,0.08198276,0.7021235,0.004281487,0.707307,6.313107,89.96525,7.002925,0.1035438,0.04100565,-0.9937791,0.0,0.0,0.0,1.557706,0.1724069,-2.666304,-0.18372,0.2567071,1.289841,0.01400863,0.1211807,-0.9925317,0.1090674,0.9865209,0.1219862,0.9939357,-0.1099617,0.0006029487,moving,-89.97364,-89.29189,-8.106466,11.25606,-89.73690899861191,-83.93737179591766,129.66157652885752,125.40063269869756,97.55694114265215
691,691,05/15/2023 13:23:35.213289,920,True,True,True,True,Eyes,0.2528251,0.1083487,-2.687414,0.9993067,0.0365217,0.007235718,0.0,0.0,0.0,0.0,0.0,0.0,0.0,-2.904666,0.2145762,-0.170393,0.2131713,0.1158918,-2.907454,0.08152812,0.6988763,0.003744082,0.7105711,6.351617,89.43213,6.892892,0.1026301,0.04091709,-0.9938775,0.0,0.0,0.0,1.557706,0.1724069,-2.666304,-0.1781566,0.2520396,1.290842,0.02311565,0.119277,-0.992592,0.1086353,0.9866783,0.1210963,0.993813,-0.1106297,0.009850021,static,89.58514,78.79362,-7.858078,11.04812,88.74469788712028,83.87169932141695,118.67869861287461,120.97673335926993,96.90169151436815
692,692,05/15/2023 13:23:35.233310,921,True,True,True,True,Eyes,0.251576,0.108725,-2.69713,0.9992419,0.03585953,0.01515255,0.0,0.0,0.0,0.0,0.0,0.0,0.0,-2.915226,0.2222047,-0.1388559,0.2124941,0.116622,-2.916923,0.08185066,0.6950654,0.004675186,0.7142569,6.339854,88.82566,6.96153,0.1017266,0.04083631,-0.9939737,0.0,0.0,0.0,1.557706,0.1724069,-2.666304,-0.1712834,0.2497268,1.291204,0.03372478,0.1204617,-0.992145,0.1071045,0.9865572,0.1234239,0.9936756,-0.1104257,0.02036941,static,89.13123,67.09338,-7.556401,10.94621,87.98604050073155,72.5683936693883,111.8078829394469,113.6910359179849,96.17394919670684
693,693,05/15/2023 13:23:35.253194,922,True,True,True,True,Eyes,0.2503715,0.1091017,-2.706839,0.9991013,0.03543391,0.02325711,0.0,0.0,0.0,0.0,0.0,0.0,0.0,-2.924821,0.2394711,-0.1009192,0.2119989,0.1174624,-2.926323,0.08309836,0.6903331,0.006927731,0.7186704,6.308155,88.09334,7.206635,0.1008342,0.04076331,-0.9940676,0.0,0.0,0.0,1.557706,0.1724069,-2.666304,-0.1635061,0.2405775,1.292953,0.04678459,0.1246886,-0.9910924,0.1047736,0.9860933,0.1290055,0.9933951,-0.1098758,0.03306987,static,88.66651,56.72104,-7.207332,10.54038,87.25312480547767,62.54598425196739,106.41638472470564,107.83024053349672,95.40196880853927
694,694,05/15/2023 13:23:35.263358,923,True,True,True,True,Eyes,0.2492352,0.1094775,-2.716557,0.9988852,0.03508309,0.03158643,0.0,0.0,0.0,0.0,0.0,0.0,0.0,-2.934487,0.2544269,-0.05744529,0.2118124,0.1178009,-2.936069,0.08319639,0.6849781,0.009504291,0.7237355,6.165683,87.24618,7.381521,0.09995435,0.04069739,-0.9941592,0.0,0.0,0.0,1.557706,0.1724069,-2.666304,-0.1573836,0.2365374,1.293753,0.06142943,0.1277326,-0.9899045,0.1002182,0.985976,0.1334448,0.9930674,-0.1074039,0.0477668,static,88.18881,48.00227,-6.935885,10.36098,86.55273000371416,54.11862839436146,102.30138958834883,103.2223470393754,94.67875080335747
695,695,05/15/2023 13:23:35.283699,924,True,True,True,True,Eyes,0.2481806,0.1098654,-2.726297,0.9985865,0.03497839,0.04002001,0.0,0.0,0.0,0.0,0.0,0.0,0.0,-2.944385,0.2628294,-0.01720428,0.2122593,0.1181316,-2.946144,0.08289243,0.6800127,0.01099628,0.7284166,6.073561,86.45859,7.43968,0.09908886,0.04063776,-0.9942483,0.0,0.0,0.0,1.557706,0.1724069,-2.666304,-0.1547479,0.230876,1.294239,0.07492368,0.1287556,-0.9888421,0.09671606,0.9860159,0.1357157,0.9924881,-0.1058052,0.06142318,static,87.705,41.15419,-6.818297,10.11445,85.8974302220029,47.496031529817294,99.48929155953323,99.96793842015163,94.10058702919147
696,696,05/15/2023 13:23:35.303528,925,True,True,True,True,Eyes,0.2472119,0.110262,-2.736018,0.9982092,0.03496901,0.04853336,0.0,0.0,0.0,0.0,0.0,0.0,0.0,-2.954313,0.2638372,0.0181334,0.2130937,0.1187409,-2.956078,0.08133659,0.6757423,0.01210467,0.7325368,5.900707,85.7617,7.373642,0.09823869,0.04058413,-0.9943348,0.0,0.0,0.0,1.557706,0.1724069,-2.666304,-0.1544444,0.2260458,1.294536,0.08645158,0.1276594,-0.9880431,0.09219091,0.9864757,0.1355234,0.9919813,-0.1028048,0.07351335,static,87.21645,35.77332,-6.803504,9.904852,85.27754965485838,42.28893563127236,97.51373947720977,97.60967838706442,93.61530059097944
697,697,05/15/2023 13:23:35.313423,926,True,True,True,True,Eyes,0.2463235,0.1106516,-2.745726,0.9977657,0.03498574,0.05691705,0.0,0.0,0.0,0.0,0.0,0.0,0.0,-2.964147,0.2557331,0.05050492,0.2141432,0.1193481,-2.96547,0.07932586,0.671891,0.01161844,0.7362981,5.80841,85.12535,7.142894,0.09740703,0.04053631,-0.9944184,0.0,0.0,0.0,1.557706,0.1724069,-2.666304,-0.1541236,0.2180515,1.294584,0.09685493,0.1237059,-0.987581,0.08948738,0.9871449,0.1324276,0.9912675,-0.1012023,0.0845397,static,86.73513,31.57818,-6.789255,9.560796,84.69700517655193,38.22612775394617,96.08108964739982,95.87198258957382,93.14268813091097
698,698,05/15/2023 13:23:35.333759,927,True,True,True,True,Eyes,0.2455169,0.1110482,-2.755403,0.9972535,0.03488905,0.06533182,0.0,0.0,0.0,0.0,0.0,0.0,0.0,-2.973428,0.246576,0.08288264,0.2151102,0.1195599,-2.974623,0.07792749,0.6680073,0.01024735,0.7399923,5.833667,84.49782,6.886281,0.09659585,0.04049347,-0.9944993,0.0,0.0,0.0,1.557706,0.1724069,-2.666304,-0.1567539,0.2073037,1.295174,0.1073225,0.1192782,-0.9870433,0.08894634,0.9876446,0.1290221,0.9902376,-0.1016409,0.09538711,static,86.25181,28.10349,-6.900903,9.093554,84.13416991338516,34.85838925203606,95.072633317819,94.61084100624998,92.79758862069016
699,699,05/15/2023 13:23:35.353413,928,True,True,True,True,Eyes,0.2447926,0.1114718,-2.765053,0.9966939,0.03472051,0.07345536,0.0,0.0,0.0,0.0,0.0,0.0,0.0,-2.982893,0.2300957,0.1135519,0.2162264,0.1201972,-2.98367,0.07707997,0.6643249,0.006778046,0.7434279,6.061802,83.91204,6.495362,0.09580499,0.04045531,-0.9945773,0.0,0.0,0.0,1.557706,0.1724069,-2.666304,-0.1636198,0.2058633,1.294209,0.1172527,0.1124903,-0.9867106,0.09233432,0.9880254,0.1236124,0.9888005,-0.1056012,0.1054619,static,85.78498,25.29893,-7.205369,9.038034,83.60557876114345,32.13774824823342,94.40138635562838,93.70285498119661,92.64150853852757
700,700,05/15/2023 13:23:35.363437,929,True,True,True,True,Eyes,0.2441519,0.1119031,-2.774651,0.9960725,0.03461326,0.08149607,1.317332,1.55631,0.1575003,-2.667293,-0.09301151,-0.99348,-0.06592718,-0.1495838,0.2014867,1.355279,0.2174292,0.1213181,-2.992627,0.07606724,0.6613895,0.003779549,0.7461658,6.229895,83.44078,6.136169,0.09503653,0.04042241,-0.9946524,0.0,0.0,0.0,1.557706,0.1724069,-2.666304,-0.1724426,0.2056856,1.292279,0.1250994,0.1062605,-0.9864374,0.0949798,0.988399,0.118517,0.9875875,-0.108518,0.1135555,static,85.32263,23.01205,-7.600683,9.04362,83.09544314151896,29.916735515027725,93.96733015022227,93.06704168706563,92.57642430210007
701,701,05/15/2023 13:23:35.383998,930,True,True,True,True,Eyes,0.2435985,0.1123541,-2.784179,0.9954206,0.03450723,0.08914627,1.316768,1.554336,0.1577921,-2.666795,-0.2245456,-0.9739149,-0.03269758,-0.1505804,0.1994452,1.354357,0.2187707,0.1219547,-3.001032,0.07409895,0.6590327,0.002253661,0.7484518,6.197072,83.04568,5.833311,0.09429199,0.04039458,-0.9947243,0.0,0.0,0.0,1.557706,0.1724069,-2.666304,-0.1774755,0.2072805,1.291062,0.1313416,0.1010408,-0.9861745,0.09429376,0.9890085,0.1138895,0.9868425,-0.1079485,0.1203704,static,84.88245,21.1607,-7.827094,9.121022,82.61865518933966,28.116642653216157,93.48803878053931,92.41897613813859,92.36342037176287
702,702,05/15/2023 13:23:35.403312,931,True,True,True,True,Eyes,0.2431558,0.11282,-2.793649,0.994707,0.03448914,0.09679125,1.316615,1.552802,0.158229,-2.666212,-0.3268768,-0.9450471,0.006134354,-0.1508046,0.2005749,1.353324,0.2203098,0.1229313,-3.009254,0.07308806,0.6564798,-8.898936e-05,0.7507946,6.307538,82.63668,5.532575,0.09357223,0.04037207,-0.9947933,0.0,0.0,0.0,1.557706,0.1724069,-2.666304,-0.1764114,0.208152,1.290771,0.1380685,0.09582805,-0.9857759,0.0960953,0.9893162,0.1096314,0.9857499,-0.1098651,0.1273848,static,84.44226,19.61226,-7.782475,9.160756,82.15011769449207,26.60881467470508,92.81506171781734,91.60952996424204,91.88356989921041
703,703,05/15/2023 13:23:35.413432,932,True,True,True,True,Eyes,0.2428101,0.1132552,-2.803053,0.9939536,0.03449804,0.1042409,1.316821,1.551669,0.158683,-2.665787,-0.402375,-0.9148257,0.03447157,-0.1495191,0.1971561,1.352888,0.2224964,0.1237413,-3.017369,0.07202359,0.6536407,0.0004701521,0.7533699,6.19463,82.18781,5.475531,0.0928807,0.04035497,-0.9948588,0.0,0.0,0.0,1.557706,0.1724069,-2.666304,-0.1729202,0.2096012,1.290476,0.1455072,0.0948635,-0.9847988,0.0934467,0.9896247,0.1091354,0.9849343,-0.1079062,0.1351328,static,84.01299,18.31171,-7.632013,9.225511,81.6989157226397,25.340507811244976,92.09432983163302,90.77283706415577,91.30886535132302
704,704,05/15/2023 13:23:35.438263,933,True,True,True,True,Eyes,0.2425739,0.1136885,-2.812405,0.9931472,0.03447376,0.1116702,1.317312,1.550858,0.1591012,-2.665301,-0.4565647,-0.8871719,0.06689383,-0.1480688,0.1969271,1.352651,0.2244933,0.1234653,-3.025657,0.07091778,0.6506834,-0.0003889275,0.7560302,6.184944,81.72052,5.292419,0.09221604,0.04034165,-0.9949212,0.0,0.0,0.0,1.557706,0.1724069,-2.666304,-0.1681401,0.2023587,1.291712,0.153222,0.09170196,-0.9839277,0.09287813,0.9899411,0.1067258,0.9838173,-0.1077381,0.1431636,static,83.58457,17.15601,-7.416399,8.903547,81.25248691114403,24.21198731109894,91.37439195149443,89.98066277529831,90.68527350567241
705,705,05/15/2023 13:23:35.453520,934,True,True,True,True,Eyes,0.242457,0.11412,-2.821673,0.9923056,0.03459798,0.1188799,1.317524,1.549844,0.1597037,-2.665045,-0.5244064,-0.8473209,0.08393556,-0.1470623,0.1980866,1.35155,0.2268623,0.1238667,-3.033813,0.07093151,0.6479357,-0.0008698845,0.7583849,6.241189,81.30396,5.229127,0.09158128,0.04033174,-0.9949803,0.0,0.0,0.0,1.557706,0.1724069,-2.666304,-0.1658631,0.2044185,1.291468,0.1603574,0.09059868,-0.9828925,0.0932375,0.9899359,0.1064595,0.9826456,-0.108714,0.1502964,static,83.16843,16.22675,-7.318428,8.994374,80.82412582109046,23.302334362896936,90.77543022931668,89.29629065000437,90.17322466464798
706,706,05/15/2023 13:23:35.463448,935,True,True,True,True,Eyes,0.2424684,0.1145411,-2.830884,0.9913995,0.03486772,0.1261399,1.317606,1.548742,0.160483,-2.664681,-0.597348,-0.7946575,0.1081422,-0.1462089,0.1921257,1.35101,0.2296955,0.1242492,-3.041934,0.06937932,0.6452089,0.001104585,0.7608486,5.978137,80.87165,5.261869,0.09097695,0.04032492,-0.995036,0.0,0.0,0.0,1.557706,0.1724069,-2.666304,-0.1638783,0.2017895,1.291757,0.1674084,0.09120916,-0.9816595,0.08784747,0.9903705,0.1069997,0.981966,-0.104149,0.1577839,static,82.74898,15.45191,-7.23019,8.878606,80.39677000615603,22.541571026679087,90.21895232912715,88.68574143142021,89.67347543243895
707,707,05/15/2023 13:23:35.483388,936,True,True,True,True,Eyes,0.2426176,0.114932,-2.840049,0.9904443,0.03528338,0.1333241,1.317645,1.547672,0.161423,-2.664376,-0.66887,-0.7321815,0.1285421,-0.1435401,0.1874253,1.350265,0.2327704,0.124385,-3.049877,0.06778728,0.6419953,0.00240039,0.7637022,5.765461,80.36678,5.230676,0.09040679,0.04032058,-0.9950882,0.0,0.0,0.0,1.557706,0.1724069,-2.666304,-0.1643796,0.1919181,1.292709,0.1756727,0.09070459,-0.9802609,0.08337186,0.9907982,0.1066207,0.9809119,-0.1004565,0.166494,static,82.33348,14.82315,-7.246781,8.444562,79.97722316261948,21.92187803543955,89.80706846179683,88.2590785680418,89.29042875343336
708,708,05/15/2023 13:23:35.503373,937,True,True,True,True,Eyes,0.2429157,0.1152637,-2.849169,0.9894279,0.03571618,0.1405584,1.31786,1.546843,0.1623326,-2.663933,-0.7239928,-0.6714642,0.1580199,-0.1402318,0.1806929,1.349902,0.2361801,0.1240083,-3.057942,0.06542148,0.6385052,0.004201985,0.7668205,5.449425,79.81297,5.186435,0.0898719,0.04031746,-0.9951367,0.0,0.0,0.0,1.557706,0.1724069,-2.666304,-0.1656639,0.18943,1.292646,0.184587,0.08998825,-0.9786879,0.07709958,0.9914048,0.1056991,0.9797875,-0.0949671,0.1760624,static,81.91465,14.25724,-7.303144,8.337033,79.55616517539907,21.36272196382336,89.41400123665915,87.8305650864768,88.93202256578395
709,709,05/15/2023 13:23:35.513504,938,True,True,True,True,Eyes,0.2433614,0.1155599,-2.858219,0.9883901,0.03603554,0.1476027,1.318214,1.546271,0.1630625,-2.663647,-0.7620981,-0.6227844,0.1770477,-0.1373925,0.1809974,1.348394,0.2400335,0.12291,-3.066058,0.06499831,0.6351729,0.004622282,0.7696164,5.403874,79.31055,5.168524,0.08937361,0.04031339,-0.9951818,0.0,0.0,0.0,1.557706,0.1724069,-2.666304,-0.1692166,0.1882491,1.291995,0.1930681,0.0896851,-0.977078,0.07545557,0.9915077,0.1059194,0.9782797,-0.09417564,0.1846612,static,81.50642,13.71974,-7.461732,8.289896,79.1461477346398,20.831309895703697,89.13369327117239,87.51121010838087,88.68413650819559
710,710,05/15/2023 13:23:35.533737,939,True,True,True,True,Eyes,0.2439572,0.1158146,-2.867227,0.9873101,0.03627131,0.1546072,1.318664,1.545887,0.1636443,-2.663352,-0.7876009,-0.5839471,0.1966996,-0.1357477,0.1818604,1.346708,0.2441305,0.122408,-3.074268,0.06498247,0.6321144,0.004832358,0.7721304,5.407618,78.85588,5.164513,0.08891357,0.04030732,-0.9952232,0.0,0.0,0.0,1.557706,0.1724069,-2.666304,-0.1732335,0.1887988,1.291411,0.2008161,0.08961513,-0.9755214,0.07469027,0.9915079,0.1064591,0.9767776,-0.09424068,0.1924174,static,81.10008,13.203,-7.640206,8.317476,78.73852682054869,20.31998754813436,88.87466851761741,87.20863355853498,88.4560290295622
711,711,05/15/2023 13:23:35.553351,940,True,True,True,True,Eyes,0.2446975,0.1160275,-2.876163,0.9862172,0.03626993,0.1614312,1.319252,1.545766,0.1638767,-2.663195,-0.7959918,-0.5687118,0.2072775,-0.1358178,0.1850944,1.344659,0.2483186,0.1216886,-3.082316,0.06531167,0.6295978,0.003927875,0.7741612,5.5191,78.48601,5.09073,0.0884932,0.04029804,-0.9952602,0.0,0.0,0.0,1.557706,0.1724069,-2.666304,-0.178491,0.1885836,1.290728,0.2071822,0.08832178,-0.9743074,0.07615855,0.9914379,0.1060695,0.9753336,-0.09617756,0.1986819,static,80.70385,12.66278,-7.873328,8.312461,78.34005689688944,19.78632734731605,88.683942953871,86.97354393340123,88.29501070341409
712,712,05/15/2023 13:23:35.563391,941,True,True,True,True,Eyes,0.2456007,0.1161992,-2.885047,0.985075,0.03619921,0.168276,1.319856,1.545758,0.163977,-2.662947,-0.7963802,-0.5618782,0.2237664,-0.1351127,0.187924,1.342742,0.2525854,0.1209677,-3.090008,0.06558798,0.6269143,0.0030897,0.7763163,5.621716,78.09171,5.017147,0.08811419,0.04028458,-0.9952938,0.0,0.0,0.0,1.557706,0.1724069,-2.666304,-0.1845018,0.1837481,1.290408,0.2139378,0.08703325,-0.9729624,0.07743891,0.9913774,0.105708,0.9737731,-0.09796008,0.2053532,static,80.30599,12.14035,-8.136967,8.104167,77.94049348114896,19.269780862262632,88.53500672679331,86.79861828280974,88.16958646416869
713,713,05/15/2023 13:23:35.584113,942,True,True,True,True,Eyes,0.2466759,0.1163298,-2.893921,0.9838859,0.0360008,0.1751353,1.320532,1.545928,0.1638699,-2.662649,-0.7852598,-0.5691993,0.2436788,-0.1333296,0.1906509,1.340665,0.2573924,0.120169,-3.097702,0.0662138,0.6238863,0.002724179,0.7787004,5.723178,77.65315,5.008156,0.08777815,0.04026601,-0.9953239,0.0,0.0,0.0,1.557706,0.1724069,-2.666304,-0.1894856,0.1836965,1.289927,0.221517,0.08686239,-0.9712802,0.07837712,0.9912167,0.1065206,0.9720017,-0.09972227,0.2127633,static,79.90686,11.61591,-8.356775,8.104905,77.53964529197863,18.75125518909439,88.3334388525843,86.55368155847022,87.99379828229368
714,714,05/15/2023 13:23:35.603699,943,True,True,True,True,Eyes,0.2479319,0.1164069,-2.902757,0.9826474,0.03574422,0.1820068,1.321215,1.54622,0.1636327,-2.662287,-0.7656404,-0.5848957,0.2677532,-0.130414,0.1913267,1.339061,0.262375,0.1193125,-3.105542,0.06622082,0.620438,0.002729345,0.7814501,5.745489,77.14641,4.983792,0.08748666,0.04024148,-0.9953503,0.0,0.0,0.0,1.557706,0.1724069,-2.666304,-0.192827,0.1872314,1.28898,0.2300985,0.08643751,-0.9693211,0.07790613,0.9912147,0.1068833,0.9700441,-0.1001098,0.221343,static,79.50655,11.11088,-8.508156,8.264722,77.1381836003439,18.25142041253244,88.06071250919675,86.22661788635985,87.74472676168378
715,715,05/15/2023 13:23:35.623369,944,True,True,True,True,Eyes,0.2493584,0.1164271,-2.911539,0.9813842,0.03537386,0.1887691,1.321921,1.546671,0.1631885,-2.662002,-0.7352371,-0.6142043,0.2866699,-0.1293136,0.1940167,1.336658,0.2679612,0.1181298,-3.113544,0.06656066,0.6174284,0.001975018,0.7838037,5.848712,76.70879,4.918304,0.08724148,0.04020981,-0.995373,0.0,0.0,0.0,1.557706,0.1724069,-2.666304,-0.1959391,0.1915023,1.288279,0.2375566,0.08528893,-0.9676222,0.07909682,0.9911316,0.1067798,0.9681481,-0.1019021,0.2287038,static,79.11215,10.61369,-8.648046,8.455085,76.742659382099,17.759335442934162,87.78673918938124,85.89610958569239,87.49045470439445
716,716,05/15/2023 13:23:35.633154,945,True,True,True,True,Eyes,0.2509567,0.1163893,-2.920275,0.9800797,0.03493318,0.1955086,1.322733,1.547341,0.1625965,-2.661669,-0.690767,-0.6537848,0.3088789,-0.1290547,0.1968647,1.334397,0.2735149,0.1168416,-3.121344,0.06700615,0.6147099,0.001272315,0.7859011,5.955511,76.31635,4.866616,0.08704381,0.0401699,-0.995392,0.0,0.0,0.0,1.557706,0.1724069,-2.666304,-0.1994367,0.1956355,1.287761,0.2442604,0.0843785,-0.9660316,0.08037885,0.9910171,0.1068846,0.9663726,-0.1037562,0.235284,static,78.7186,10.13062,-8.803509,8.638272,76.34834340930804,17.28090092437695,87.5348311608641,85.58932762594328,87.25360938113418
717,717,05/15/2023 13:23:35.653375,946,True,True,True,True,Eyes,0.2527311,0.1162847,-2.928968,0.9787523,0.03441498,0.202138,1.323632,1.548239,0.1618375,-2.661412,-0.6307533,-0.7042074,0.3259482,-0.1288865,0.200171,1.332113,0.2792279,0.1154349,-3.129026,0.0676754,0.6120654,0.0005633133,0.7879059,6.082142,75.93871,4.830323,0.08689473,0.04012071,-0.995407,0.0,0.0,0.0,1.557706,0.1724069,-2.666304,-0.2020521,0.1961812,1.288001,0.2507513,0.0837312,-0.9644237,0.08195586,0.9908395,0.1073333,0.9645761,-0.1059541,0.241592,static,78.33098,9.662239,-8.91548,8.660415,75.96017104678936,16.81682515372006,87.25221162731967,85.26665917703158,86.98497611950987
718,718,05/15/2023 13:23:35.663492,947,True,True,True,True,Eyes,0.2546801,0.1161176,-2.937621,0.9773746,0.03382957,0.2087931,1.324929,1.549632,0.1609394,-2.660985,-0.5382629,-0.7645356,0.3546244,-0.1282274,0.2034388,1.330225,0.2851725,0.1137632,-3.136634,0.06854511,0.6092789,0.0002976596,0.7899879,6.1964,75.54498,4.846703,0.08679526,0.04006101,-0.9954183,0.0,0.0,0.0,1.557706,0.1724069,-2.666304,-0.203399,0.1968167,1.288902,0.2575584,0.08399647,-0.9626051,0.08305588,0.9906029,0.1086623,0.9626867,-0.1079369,0.2481617,static,77.94136,9.203334,-8.967774,8.682061,75.5703201398441,16.361829665750783,86.91069725971876,84.88620740471677,86.65594911778854
719,719,05/15/2023 13:23:35.683955,948,True,True,True,True,Eyes,0.2568175,0.115897,-2.946258,0.9759816,0.03322885,0.2153038,1.326537,1.551493,0.1599762,-2.660649,-0.4141093,-0.8285324,0.376892,-0.1265421,0.206815,1.328752,0.2913064,0.112108,-3.14439,0.06977272,0.6062062,0.0004749509,0.792241,6.314035,75.11678,4.925866,0.08674625,0.03998986,-0.9954255,0.0,0.0,0.0,1.557706,0.1724069,-2.666304,-0.2040465,0.19738,1.28984,0.2650276,0.08534587,-0.9604564,0.08384077,0.9902631,0.1111295,0.9605891,-0.1099778,0.2552917,static,77.55967,8.773505,-8.989422,8.700294,75.1889421147783,15.93513705418194,86.54912296421602,84.4886971083046,86.30469854394998
720,720,05/15/2023 13:23:35.703508,949,True,True,True,True,Eyes,0.2591444,0.1156333,-2.954862,0.9745573,0.03262668,0.2217513,1.330081,1.555384,0.1590294,-2.659914,-0.1546993,-0.8914952,0.4257985,-0.1264549,0.2100887,1.328923,0.2978124,0.1106059,-3.152187,0.07093564,0.6036004,0.0007119474,0.7941247,6.419322,74.75675,5.008973,0.08674876,0.03990671,-0.9954288,0.0,0.0,0.0,1.557706,0.1724069,-2.666304,-0.2065928,0.1975621,1.290886,0.271332,0.08676431,-0.9585671,0.08450281,0.9899352,0.1135229,0.9587691,-0.111804,0.2612693,static,77.18114,8.369985,-9.092482,8.701245,74.81134189584462,15.533927984442276,86.27425795790123,84.18157293084273,86.03753476684123
721,721,05/15/2023 13:23:35.713350,950,True,True,True,True,Eyes,0.261645,0.115322,-2.963435,0.9731194,0.03216583,0.2280435,0.0,0.0,0.0,0.0,0.0,0.0,0.0,-3.117928,0.2329397,0.5612793,0.304679,0.1093034,-3.160062,0.07171023,0.6015275,0.001589178,0.7956255,6.441984,74.47045,5.12704,0.08680382,0.03981144,-0.9954279,0.0,0.0,0.0,1.557706,0.1724069,-2.666304,-0.209512,0.1967915,1.291917,0.2763245,0.08880011,-0.956953,0.08374255,0.9897103,0.1160208,0.957409,-0.1121971,0.2660449,static,76.81114,8.028678,-9.21154,8.661011,74.44369926588968,15.193013111302507,86.02500403606668,83.90986895601321,85.79428062150224
722,722,05/15/2023 13:23:35.733213,951,True,True,True,True,Eyes,0.2643149,0.1149745,-2.971962,0.9716598,0.03168544,0.2342505,0.0,0.0,0.0,0.0,0.0,0.0,0.0,-3.123657,0.2419532,0.5719686,0.3112756,0.1078382,-3.167712,0.07225797,0.5995261,0.002501066,0.7970828,6.441706,74.19202,5.232876,0.08691174,0.0397038,-0.9954228,0.0,0.0,0.0,1.557706,0.1724069,-2.666304,-0.2124367,0.1948237,1.293438,0.2811244,0.09062821,-0.9553825,0.08265398,0.989545,0.1181901,0.9561054,-0.1121923,0.2706945,static,76.44563,7.703252,-9.327094,8.565767,74.08083814845652,14.867561943243416,85.77706053779997,83.64565598277184,85.55317149381061
723,723,05/15/2023 13:23:35.753480,952,True,True,True,True,Eyes,0.2671647,0.1146045,-2.980436,0.9702257,0.03114214,0.2401923,0.0,0.0,0.0,0.0,0.0,0.0,0.0,-3.129817,0.2460071,0.5813575,0.3180036,0.106629,-3.175178,0.07268026,0.5977097,0.002471512,0.7984075,6.49419,73.93684,5.245105,0.08707264,0.03958399,-0.9954135,0.0,0.0,0.0,1.557706,0.1724069,-2.666304,-0.2137841,0.1931914,1.295206,0.2854741,0.09082992,-0.9540725,0.08293683,0.9894229,0.1190114,0.9547909,-0.1131024,0.2749215,static,76.09524,7.387475,-9.372622,8.483626,73.73288348132147,14.551894806757565,85.47489094386634,83.3267599731144,85.25778604066434
724,724,05/15/2023 13:23:35.763693,953,True,True,True,True,Eyes,0.270204,0.114242,-2.988857,0.9687256,0.03079986,0.2462158,0.0,0.0,0.0,0.0,0.0,0.0,0.0,-3.134606,0.2614678,0.5922191,0.3252009,0.1056597,-3.182439,0.07328096,0.595578,0.004932851,0.7999328,6.393944,73.64516,5.496026,0.08728699,0.03945266,-0.9953998,0.0,0.0,0.0,1.557706,0.1724069,-2.666304,-0.2148455,0.1940278,1.296966,0.2905251,0.09518095,-0.9521218,0.07939715,0.9892111,0.1231155,0.9535677,-0.1113639,0.2798336,static,75.7394,7.13026,-9.405769,8.508421,73.38124757460722,14.292560801524282,85.1563217370295,82.988832902794,84.94098233070913
725,725,05/15/2023 13:23:35.783624,954,True,True,True,True,Eyes,0.2734473,0.1138847,-2.997289,0.9671291,0.03080964,0.2524124,0.0,0.0,0.0,0.0,0.0,0.0,0.0,-3.137727,0.2765935,0.6115108,0.3327771,0.105406,-3.189659,0.07270458,0.5924189,0.008677154,0.802296,6.106688,73.19301,5.775879,0.08755544,0.03931138,-0.9953815,0.0,0.0,0.0,1.557706,0.1724069,-2.666304,-0.2168776,0.1930873,1.298633,0.2979292,0.1000664,-0.9493288,0.07221983,0.9892775,0.1269422,0.9518523,-0.1063802,0.2875079,static,75.37259,6.959138,-9.481154,8.457066,73.02133520205994,14.115950349066493,84.86696447446863,82.69633423926437,84.65356896244819
726,726,05/15/2023 13:23:35.803477,955,True,True,True,True,Eyes,0.2768818,0.1134607,-3.005674,0.9654636,0.03084704,0.2587052,0.0,0.0,0.0,0.0,0.0,0.0,0.0,-3.139958,0.2729306,0.6421168,0.3404258,0.1049723,-3.196753,0.06989951,0.5880447,0.01038809,0.8057356,5.763569,72.53324,5.707552,0.08787882,0.03916141,-0.9953586,0.0,0.0,0.0,1.557706,0.1724069,-2.666304,-0.220122,0.1955676,1.30017,0.3081911,0.09894818,-0.9461648,0.06546796,0.9900123,0.1248584,0.9490692,-0.1004237,0.2986351,static,74.99944,6.79963,-9.6092,8.55413,72.65559940910623,13.950346957612094,84.62682927357967,82.4415937453547,84.40922567469927
727,727,05/15/2023 13:23:35.823227,956,True,True,True,True,Eyes,0.2804838,0.1130184,-3.013979,0.9637488,0.03069812,0.2650391,0.0,0.0,0.0,0.0,0.0,0.0,0.0,-3.14392,0.2614769,0.6675503,0.3484213,0.1029784,-3.204095,0.06827994,0.5842412,0.008694247,0.808656,5.754771,71.96726,5.412216,0.0882576,0.03900158,-0.9953308,0.0,0.0,0.0,1.557706,0.1724069,-2.666304,-0.2227336,0.198231,1.301718,0.3171733,0.09384521,-0.943713,0.06572258,0.9905245,0.120589,0.9460875,-0.1002709,0.3080002,static,74.6233,6.606839,-9.709702,8.658712,72.28606027456117,13.752536433909093,84.3579599631246,82.15383179347046,84.13623329198116
728,728,05/15/2023 13:23:35.833511,957,True,True,True,True,Eyes,0.2842429,0.1126529,-3.02221,0.9619815,0.03039682,0.2714177,0.0,0.0,0.0,0.0,0.0,0.0,0.0,-3.147656,0.2683896,0.6838307,0.356173,0.102139,-3.210935,0.0706839,0.5812808,0.00714978,0.8105957,6.100922,71.57744,5.411011,0.08869062,0.03883289,-0.9952992,0.0,0.0,0.0,1.557706,0.1724069,-2.666304,-0.2233571,0.2008721,1.303999,0.324123,0.09376556,-0.9413567,0.07058324,0.9899053,0.1229042,0.943378,-0.1062801,0.3142328,static,74.24388,6.390086,-9.719657,8.757186,71.91269111802295,13.531503127752476,83.99689701388004,81.77184334047041,83.77203412044848
729,729,05/15/2023 13:23:35.853651,958,True,True,True,True,Eyes,0.2881592,0.1122533,-3.030441,0.9601353,0.0301246,0.2779074,0.0,0.0,0.0,0.0,0.0,0.0,0.0,-3.15008,0.2777364,0.70348,0.3636864,0.1036422,-3.217455,0.07272403,0.5779317,0.007069687,0.8128077,6.31818,71.13275,5.51668,0.08917814,0.03865854,-0.9952627,0.0,0.0,0.0,1.557706,0.1724069,-2.666304,-0.2211656,0.2019191,1.307097,0.3318899,0.09555163,-0.9384664,0.07256646,0.9893224,0.1263929,0.9405228,-0.1100497,0.3214123,static,73.85712,6.186591,-9.603696,8.781583,71.53257489766699,13.3230317526773,83.50114844040122,81.26327098974541,83.27701078143656
730,730,05/15/2023 13:23:35.863878,959,True,True,True,True,Eyes,0.2922234,0.1119088,-3.038624,0.9582798,0.02948712,0.2843067,0.0,0.0,0.0,0.0,0.0,0.0,0.0,-3.152824,0.2811347,0.7245779,0.3708934,0.1023419,-3.224332,0.07338459,0.574549,0.006470727,0.815148,6.442331,70.66401,5.478844,0.08971986,0.03847788,-0.9952211,0.0,0.0,0.0,1.557706,0.1724069,-2.666304,-0.2182667,0.2092213,1.309415,0.3397031,0.09487528,-0.9357353,0.07377689,0.9891456,0.1270741,0.9376348,-0.1122031,0.3290163,static,73.4752,5.921311,-9.463634,9.078112,71.15546125873284,13.05509838072815,82.99888901565585,80.71712916729098,82.76334671579829
731,731,05/15/2023 13:23:35.888082,960,True,True,True,True,Eyes,0.2964882,0.11176,-3.046808,0.9563738,0.02915106,0.2906876,0.0,0.0,0.0,0.0,0.0,0.0,0.0,-3.156959,0.3059044,0.7321746,0.3784882,0.1033628,-3.231425,0.0785872,0.5724413,0.006373592,0.8161461,6.948679,70.44396,5.803635,0.09031369,0.03829389,-0.9951748,0.0,0.0,0.0,1.557706,0.1724069,-2.666304,-0.2131182,0.21144,1.312393,0.3445405,0.1003767,-0.9333898,0.07956957,0.9875668,0.1355743,0.9353933,-0.1209803,0.3322698,static,73.09348,5.726655,-9.223689,9.152289,70.78046718129757,12.85531342554076,82.38841714996421,80.0898083165243,82.1516010445709
732,732,05/15/2023 13:23:35.903449,961,True,True,True,True,Eyes,0.3008875,0.1117334,-3.054929,0.9544212,0.02911199,0.2970401,0.0,0.0,0.0,0.0,0.0,0.0,0.0,-3.160202,0.3381121,0.7377563,0.3869598,0.1076219,-3.237925,0.08058941,0.5706906,0.01235209,0.8171078,6.753729,70.24612,6.485571,0.09096086,0.03811316,-0.9951229,0.0,0.0,0.0,1.557706,0.1724069,-2.666304,-0.2074581,0.2131044,1.316271,0.3483192,0.1121692,-0.9306406,0.07179725,0.9867055,0.1457989,0.9346224,-0.117602,0.3356351,static,72.71253,5.597509,-8.956735,9.196394,70.40800524044292,12.718760475664697,81.74852181466922,79.44286663396447,81.5118065184457
733,733,05/15/2023 13:23:35.913749,962,True,True,True,True,Eyes,0.3053951,0.1117902,-3.062906,0.9524469,0.02929132,0.3032933,0.0,0.0,0.0,0.0,0.0,0.0,0.0,-3.163796,0.3495673,0.7505593,0.3945577,0.110406,-3.244576,0.07900336,0.5685072,0.01712859,0.818697,6.308639,69.92838,6.810869,0.09165992,0.03793949,-0.9950656,0.0,0.0,0.0,1.557706,0.1724069,-2.666304,-0.2051546,0.2211227,1.318388,0.3530124,0.1178742,-0.9281638,0.0617817,0.9869302,0.1488351,0.9335766,-0.1098842,0.3411162,static,72.33665,5.516377,-8.844874,9.52115,70.04176277135473,12.628693206301596,81.2802438833946,78.94782001977437,81.02719171972625
734,734,05/15/2023 13:23:35.933431,963,True,True,True,True,Eyes,0.3100132,0.1119182,-3.07079,0.9503865,0.02971049,0.3096493,0.0,0.0,0.0,0.0,0.0,0.0,0.0,-3.167566,0.3522136,0.7640049,0.4021972,0.1125094,-3.250663,0.07909399,0.5661193,0.01784104,0.8203261,6.290265,69.59798,6.86578,0.09240848,0.03777521,-0.9950028,0.0,0.0,0.0,1.557706,0.1724069,-2.666304,-0.2063579,0.2235585,1.319723,0.3583815,0.1188242,-0.9259825,0.0602823,0.9868516,0.1499661,0.931627,-0.1095654,0.3465064,static,71.95366,5.480685,-8.887069,9.614523,69.66987356794282,12.58224614662392,80.94635311032663,78.61297988435544,80.68682073776564
735,735,05/15/2023 13:23:35.953561,964,True,True,True,True,Eyes,0.3147233,0.1120664,-3.07859,0.9481861,0.03031832,0.3162654,0.0,0.0,0.0,0.0,0.0,0.0,0.0,-3.167708,0.3589193,0.7885306,0.4094381,0.1142605,-3.256422,0.07727663,0.5624565,0.02147307,0.8229276,5.913725,69.06902,7.060957,0.09320579,0.0376216,-0.9949343,0.0,0.0,0.0,1.557706,0.1724069,-2.666304,-0.2041588,0.21131,1.324265,0.366363,0.1222711,-0.9224034,0.05158794,0.9871345,0.1513415,0.9290408,-0.1030308,0.3553419,static,71.55399,5.475844,-8.764153,9.066126,69.28267150102461,12.565042895798896,80.39834712111917,78.12521509818353,80.16737075778502
736,736,05/15/2023 13:23:35.963282,965,True,True,True,True,Eyes,0.3195329,0.1122065,-3.086317,0.9458756,0.0309536,0.3230497,0.0,0.0,0.0,0.0,0.0,0.0,0.0,-3.166103,0.3543651,0.8238158,0.416275,0.1148147,-3.262206,0.07537434,0.5574946,0.02226825,0.8264518,5.725216,68.35362,6.976065,0.09404889,0.0374785,-0.9948606,0.0,0.0,0.0,1.557706,0.1724069,-2.666304,-0.2027456,0.2217415,1.32589,0.3774079,0.1208489,-0.9181278,0.0472343,0.9876456,0.1494154,0.9248417,-0.09975768,0.3670371,static,71.14317,5.473192,-8.693921,9.494268,68.88473064002287,12.549602091249252,79.93828964607673,77.63879350359053,79.68556030944958
737,737,05/15/2023 13:23:35.983327,966,True,True,True,True,Eyes,0.3244551,0.112373,-3.093994,0.9434587,0.03168577,0.3299721,1.290037,1.541552,0.1532489,-2.668318,-0.5682876,-0.8099674,-0.1449204,-0.1094353,0.177251,1.252303,0.4234334,0.1147671,-3.268307,0.07420034,0.5525497,0.0220876,0.8298767,5.666923,67.6524,6.848327,0.09493507,0.03734481,-0.9947815,0.0,0.0,0.0,1.557706,0.1724069,-2.666304,-0.20318,0.2320018,1.326612,0.388402,0.1186587,-0.9138184,0.04533877,0.9880129,0.1475633,0.920374,-0.09874528,0.3783664,static,70.72286,5.485044,-8.70759,9.919738,68.47799447336129,12.54785801397605,79.55415072814326,77.2303144192891,79.27735944923788
738,738,05/15/2023 13:23:36.003570,967,True,True,True,True,Eyes,0.3294818,0.1125922,-3.101592,0.9409504,0.032492,0.3369816,1.282158,1.535929,0.154252,-2.669528,-0.7749769,-0.5889161,-0.229322,-0.1064794,0.1730434,1.243904,0.4308456,0.115435,-3.274394,0.07376771,0.5484362,0.02466143,0.8325672,5.496372,67.08641,7.038817,0.09586411,0.03722035,-0.9946972,0.0,0.0,0.0,1.557706,0.1724069,-2.666304,-0.2040263,0.2316173,1.329282,0.3972192,0.1219783,-0.9095812,0.03984918,0.9879003,0.1498836,0.9168581,-0.0957827,0.3875523,static,70.29608,5.507474,-8.726005,9.884121,68.06528073366675,12.556117328228716,79.14319273765643,76.8377584850555,78.86722577924026
739,739,05/15/2023 13:23:36.013208,968,True,True,True,True,Eyes,0.3346064,0.1128383,-3.109111,0.9384136,0.03327383,0.3439081,1.27565,1.531694,0.155284,-2.670405,-0.8853221,-0.3624301,-0.291289,-0.103496,0.1682883,1.236809,0.4383452,0.1168698,-3.280193,0.07312664,0.5443487,0.02683236,0.8352347,5.332968,66.5219,7.179392,0.09683473,0.03710596,-0.9946074,0.0,0.0,0.0,1.557706,0.1724069,-2.666304,-0.2015432,0.2310285,1.332339,0.4059291,0.1244354,-0.9053935,0.03479014,0.987865,0.1513681,0.9132421,-0.09294349,0.396674,static,69.87321,5.526288,-8.60193,9.83731,67.65625512205777,12.561010320324373,78.59346352403668,76.30681058427857,78.32070403501605
740,740,05/15/2023 13:23:36.033248,969,True,True,True,True,Eyes,0.3398376,0.113089,-3.116589,0.9358509,0.03403389,0.3507488,1.270166,1.528524,0.1563177,-2.67108,-0.9299428,-0.1406644,-0.3397352,-0.1023358,0.1648414,1.230589,0.4460467,0.1177568,-3.286507,0.07221819,0.5407074,0.02809709,0.837634,5.198139,66.01408,7.220306,0.0978445,0.03700169,-0.9945126,0.0,0.0,0.0,1.557706,0.1724069,-2.666304,-0.1965637,0.2300456,1.335649,0.4136921,0.125168,-0.9017716,0.03102767,0.9879902,0.1513694,0.9098881,-0.09060022,0.4048401,static,69.45444,5.54218,-8.371963,9.772465,67.25112057350998,12.563212559644704,77.94128761509931,75.67456006550509,77.67395216482801
741,741,05/15/2023 13:23:36.053664,970,True,True,True,True,Eyes,0.3451754,0.1133564,-3.124074,0.93331,0.034523,0.3574081,1.265366,1.526155,0.1570406,-2.671822,-0.9171648,0.06493543,-0.3931819,-0.1049304,0.1645873,1.224384,0.4538289,0.1183167,-3.292977,0.0722361,0.5384071,0.02863689,0.8390946,5.185999,65.70192,7.259314,0.0988929,0.03690664,-0.9944125,0.0,0.0,0.0,1.557706,0.1724069,-2.666304,-0.1878936,0.2287188,1.33938,0.4185953,0.125843,-0.8994118,0.02972675,0.9879238,0.1520624,0.9076863,-0.09038922,0.4097993,static,69.04581,5.517235,-7.985569,9.69062,66.85469275646905,12.526330842670948,77.14434841905054,74.89396528265841,76.88536535774276
742,742,05/15/2023 13:23:36.063348,971,True,True,True,True,Eyes,0.3505804,0.1136552,-3.131496,0.9307629,0.03491511,0.3639523,1.26308,1.526208,0.1577558,-2.671796,-0.9133434,0.1125983,-0.3913125,-0.1086741,0.1668846,1.22066,0.4610461,0.1188535,-3.299161,0.07289504,0.5367767,0.02843259,0.8400885,5.275953,65.48875,7.271124,0.09997895,0.03682038,-0.9943072,0.0,0.0,0.0,1.557706,0.1724069,-2.666304,-0.1773895,0.224722,1.343584,0.4221247,0.1260285,-0.8977346,0.03048494,0.9877558,0.1530005,0.9060251,-0.09195267,0.4131142,static,68.64323,5.479798,-7.521101,9.495154,66.46378355989555,12.477585825723608,76.27010161579895,74.04497311051007,76.0258199802612
743,743,05/15/2023 13:23:36.083728,972,True,True,True,True,Eyes,0.3560348,0.1139532,-3.138887,0.9282196,0.03499395,0.3703832,1.257644,1.523405,0.1579631,-2.673077,-0.7543069,0.4436581,-0.4839303,-0.1113889,0.1682123,1.214139,0.4680292,0.1197466,-3.305183,0.07309404,0.5347641,0.02708856,0.8413983,5.395516,65.21422,7.140994,0.1010997,0.03674312,-0.9941967,0.0,0.0,0.0,1.557706,0.1724069,-2.666304,-0.168924,0.2216213,1.346786,0.4265872,0.1237607,-0.8959391,0.03259159,0.987847,0.1519744,0.9038591,-0.09403042,0.4173694,static,68.24674,5.397306,-7.149133,9.344603,66.0775437527098,12.385560085561142,75.49913124691132,73.28979197843364,75.2660864665743
744,744,05/15/2023 13:23:36.103678,973,True,True,True,True,Eyes,0.3615451,0.1142945,-3.146221,0.9256601,0.03488077,0.3767448,1.254806,1.523069,0.1580631,-2.67348,-0.606608,0.6062664,-0.5142644,-0.111981,0.1729299,1.210652,0.4743433,0.1201062,-3.311332,0.07336042,0.5320996,0.02327316,0.8431767,5.678381,64.84538,6.770653,0.1022536,0.03667392,-0.9940813,0.0,0.0,0.0,1.557706,0.1724069,-2.666304,-0.1632139,0.2161722,1.349615,0.4326569,0.1173168,-0.8938932,0.03882333,0.9881532,0.1484789,0.9007224,-0.0989443,0.4229767,static,67.85362,5.289628,-6.895503,9.099955,65.69388089889067,12.269339099230766,74.84617546084809,72.65854148267074,74.62699799202908
745,745,05/15/2023 13:23:36.123241,974,True,True,True,True,Eyes,0.3670848,0.114649,-3.15345,0.9230633,0.0348267,0.3830683,1.253461,1.524109,0.158303,-2.673289,-0.3627366,0.7829214,-0.5054268,-0.1129289,0.1774107,1.208174,0.4811639,0.1215581,-3.317361,0.07475526,0.5295691,0.02112273,0.8447024,5.964948,64.51555,6.631673,0.1034375,0.03661343,-0.993961,0.0,0.0,0.0,1.557706,0.1724069,-2.666304,-0.1587562,0.2122264,1.351752,0.4382208,0.114861,-0.8914985,0.0434913,0.987931,0.1486638,0.8978146,-0.10392,0.4279365,static,67.4617,5.194771,-6.698405,8.92266,65.31172983365772,12.165526188021795,74.25374286867527,72.08311660767019,74.0443511662138
746,746,05/15/2023 13:23:36.138314,975,True,True,True,True,Eyes,0.3726578,0.1150025,-3.160637,0.9204122,0.03464469,0.3894114,0.0,0.0,0.0,0.0,0.0,0.0,0.0,-3.183332,0.3373528,1.023956,0.4877652,0.1223546,-3.323102,0.07218406,0.5262434,0.02059069,0.8470145,5.774323,64.02768,6.39714,0.1046492,0.03656128,-0.9938362,0.0,0.0,0.0,1.557706,0.1724069,-2.666304,-0.1539297,0.2113929,1.353527,0.4452879,0.110854,-0.8884988,0.04109152,0.988731,0.1439533,0.894444,-0.1006104,0.4357148,static,67.06757,5.084038,-6.488081,8.876704,64.92700551327,12.04632588952732,73.65336454922719,71.48539070761528,73.4482958082762
747,747,05/15/2023 13:23:36.155361,976,True,True,True,True,Eyes,0.3783244,0.1153982,-3.167796,0.9176666,0.03465468,0.3958372,0.0,0.0,0.0,0.0,0.0,0.0,0.0,-3.183728,0.3328792,1.047419,0.4941058,0.1227432,-3.329386,0.0727893,0.5227292,0.01857669,0.8491825,5.98117,63.55515,6.213718,0.1058865,0.03651661,-0.9937068,0.0,0.0,0.0,1.557706,0.1724069,-2.666304,-0.1499837,0.2146795,1.354412,0.4528182,0.1076482,-0.8850807,0.04454818,0.9887133,0.1430439,0.8904893,-0.1042016,0.4429118,static,66.66695,5.003363,-6.319023,9.006671,64.53681545622842,11.955923793126978,73.0956820181575,70.91719069007814,72.88682076066351
748,748,05/15/2023 13:23:36.163589,977,True,True,True,True,Eyes,0.384052,0.1157693,-3.174917,0.9148364,0.03485121,0.4023181,0.0,0.0,0.0,0.0,0.0,0.0,0.0,-3.182777,0.3320651,1.072271,0.5015566,0.1240522,-3.335139,0.07060818,0.5190377,0.02095836,0.8515722,5.652775,63.0358,6.287896,0.1071494,0.03648,-0.9935728,0.0,0.0,0.0,1.557706,0.1724069,-2.666304,-0.1488011,0.2164702,1.355152,0.4603212,0.1089917,-0.8810365,0.0376015,0.9891504,0.1420123,0.8869559,-0.09849957,0.4512287,static,66.26152,4.950946,-6.2662,9.075673,64.1427376143439,11.892635833487825,72.64491407678125,70.46526644798715,72.43337098772496
749,749,05/15/2023 13:23:36.183262,978,True,True,True,True,Eyes,0.3898498,0.1161196,-3.181972,0.9119512,0.03499696,0.4088032,0.0,0.0,0.0,0.0,0.0,0.0,0.0,-3.182123,0.3294683,1.097838,0.5087132,0.1237897,-3.341495,0.06850556,0.5153083,0.02247415,0.8539669,5.384599,62.51183,6.284785,0.1084363,0.03644989,-0.9934344,0.0,0.0,0.0,1.557706,0.1724069,-2.666304,-0.149145,0.2142728,1.356163,0.4679044,0.1089873,-0.8770333,0.03221861,0.9896038,0.1401652,0.8831916,-0.0938407,0.4595286,static,65.85459,4.893067,-6.275924,8.978473,63.74705811637372,11.824030783169055,72.24611818007271,70.0807764195528,72.03847925214535
750,750,05/15/2023 13:23:36.203267,979,True,True,True,True,Eyes,0.3957176,0.1164337,-3.189,0.9090117,0.03514047,0.4152865,0.0,0.0,0.0,0.0,0.0,0.0,0.0,-3.182074,0.3316004,1.119166,0.516404,0.1236876,-3.347553,0.0682595,0.5119208,0.02293773,0.8560091,5.357908,62.05635,6.294318,0.1097462,0.03642502,-0.9932914,0.0,0.0,0.0,1.557706,0.1724069,-2.666304,-0.1486779,0.2150625,1.356589,0.474822,0.1091567,-0.8732864,0.0306171,0.989629,0.1403461,0.8795493,-0.09337691,0.4665555,static,65.44648,4.8367,-6.254477,9.008237,63.350277050101646,11.756847597422134,71.82220377890263,69.65900262415047,71.61335443592881
751,751,05/15/2023 13:23:36.213777,980,True,True,True,True,Eyes,0.4016367,0.1167345,-3.195953,0.9060248,0.03502627,0.4217726,0.0,0.0,0.0,0.0,0.0,0.0,0.0,-3.182472,0.3348383,1.139761,0.5239207,0.1231274,-3.354049,0.06818838,0.5086619,0.0233336,0.8579446,5.35152,61.62121,6.308773,0.1110782,0.03640376,-0.9931441,0.0,0.0,0.0,1.557706,0.1724069,-2.666304,-0.1468298,0.2112452,1.357283,0.4814374,0.1094075,-0.8696252,0.0293318,0.9896117,0.1407416,0.8759896,-0.0932659,0.473227,static,65.03708,4.747257,-6.174203,8.846446,62.95134469300637,11.6577103116338,71.32916778544252,69.18268967659442,71.12817810198146
752,752,05/15/2023 13:23:36.233487,981,True,True,True,True,Eyes,0.4076234,0.1170258,-3.202879,0.9030073,0.03488771,0.4282063,0.0,0.0,0.0,0.0,0.0,0.0,0.0,-3.184008,0.3350245,1.157276,0.5315845,0.1232566,-3.360307,0.06892686,0.505759,0.02222235,0.8596297,5.510309,61.2403,6.224691,0.112432,0.03638538,-0.9929924,0.0,0.0,0.0,1.557706,0.1724069,-2.666304,-0.1448125,0.2106279,1.357811,0.4874281,0.1079267,-0.8664672,0.03151478,0.9895105,0.1409814,0.8725942,-0.09602483,0.4789139,static,64.62968,4.657833,-6.087664,8.81762,62.554349802291306,11.558654071751388,70.83958335775067,68.69671991162643,70.64084160593538
753,753,05/15/2023 13:23:36.253509,982,True,True,True,True,Eyes,0.4137124,0.117298,-3.209823,0.8999051,0.03445367,0.4347226,0.0,0.0,0.0,0.0,0.0,0.0,0.0,-3.18596,0.3331732,1.174295,0.5391762,0.1233398,-3.366659,0.06886599,0.5030036,0.02159964,0.8612656,5.560366,60.87082,6.141782,0.1138064,0.03636931,-0.9928365,0.0,0.0,0.0,1.557706,0.1724069,-2.666304,-0.1434139,0.211261,1.357706,0.4930418,0.1064857,-0.8634644,0.03207363,0.9895819,0.1403532,0.8694143,-0.09689443,0.4844898,static,64.21593,4.53147,-6.029768,8.844382,62.15019780036043,11.423757819198867,70.37797451921267,68.22873966412531,70.1790099016979
754,754,05/15/2023 13:23:36.263381,983,True,True,True,True,Eyes,0.419866,0.117524,-3.21673,0.8967388,0.03396561,0.4412548,0.0,0.0,0.0,0.0,0.0,0.0,0.0,-3.187056,0.3340401,1.191735,0.5468953,0.1231328,-3.372667,0.06929544,0.5001084,0.02094745,0.8629317,5.661003,60.48957,6.083618,0.1152013,0.03635468,-0.9926761,0.0,0.0,0.0,1.557706,0.1724069,-2.666304,-0.1420281,0.2045485,1.358314,0.4989057,0.1054629,-0.8602155,0.03315802,0.9895187,0.1405464,0.8660218,-0.09864247,0.4901796,static,63.79977,4.401666,-5.969273,8.563826,61.74361794212864,11.285465919697572,69.89308218272713,67.76756542471551,69.70678851822217
755,755,05/15/2023 13:23:36.283473,984,True,True,True,True,Eyes,0.4260915,0.1177132,-3.223607,0.8934447,0.03313158,0.4479496,0.0,0.0,0.0,0.0,0.0,0.0,0.0,-3.185878,0.3364834,1.214827,0.5545694,0.1222766,-3.378809,0.06979889,0.4964458,0.02037309,0.8650171,5.769474,60.0085,6.031844,0.1166165,0.03633996,-0.9925113,0.0,0.0,0.0,1.557706,0.1724069,-2.666304,-0.1388909,0.1989391,1.358683,0.5062531,0.1045489,-0.8560241,0.0340566,0.9894261,0.1409828,0.8617123,-0.1005262,0.4973394,static,63.37202,4.230052,-5.836766,8.330084,61.324673339495575,11.106469873609502,69.33012564531252,67.21880133319786,69.15509344051024
756,756,05/15/2023 13:23:36.303611,985,True,True,True,True,Eyes,0.4323927,0.1178789,-3.230459,0.8900658,0.0322309,0.4546911,0.0,0.0,0.0,0.0,0.0,0.0,0.0,-3.184016,0.3421765,1.238801,0.5624551,0.1216732,-3.385042,0.07123521,0.4925646,0.01944259,0.8671378,5.991907,59.5103,5.996367,0.1180508,0.03632405,-0.9923424,0.0,0.0,0.0,1.557706,0.1724069,-2.666304,-0.1350001,0.1912674,1.359171,0.5140043,0.1038947,-0.8514726,0.03645707,0.9890951,0.1426949,0.8570126,-0.104388,0.5046114,static,62.93974,4.054644,-5.672318,8.01027,60.90123808934111,10.923671109212467,68.72598838901658,66.63727392686324,68.5653819242268
757,757,05/15/2023 13:23:36.313397,986,True,True,True,True,Eyes,0.4387623,0.1179882,-3.237283,0.886561,0.0310328,0.4615697,0.0,0.0,0.0,0.0,0.0,0.0,0.0,-3.181186,0.347954,1.265297,0.570537,0.1212993,-3.391426,0.07221247,0.4883561,0.01911514,0.8694416,6.13659,58.96634,5.990744,0.1195049,0.03630636,-0.992169,0.0,0.0,0.0,1.557706,0.1724069,-2.666304,-0.1317512,0.1908439,1.35821,0.5222859,0.1037698,-0.8464333,0.03729182,0.9888399,0.144239,0.8519547,-0.106899,0.5125874,static,62.49719,3.846388,-5.540563,7.998345,60.466960868058926,10.708856648378555,68.1643204339254,66.0631522150462,68.00592420226978
758,758,05/15/2023 13:23:36.333307,987,True,True,True,True,Eyes,0.4451928,0.1180505,-3.244097,0.8830006,0.02959957,0.4684377,0.0,0.0,0.0,0.0,0.0,0.0,0.0,-3.178038,0.3516003,1.292896,0.5786369,0.120172,-3.397921,0.07352913,0.4839799,0.01767038,0.8718055,6.378844,58.4019,5.889994,0.1209775,0.03628537,-0.9919913,0.0,0.0,0.0,1.557706,0.1724069,-2.666304,-0.12971,0.191117,1.356858,0.5309024,0.1019835,-0.8412741,0.04036298,0.9885624,0.1453104,0.8464712,-0.111102,0.5207137,static,62.05375,3.61559,-5.460643,8.017517,60.03120700035716,10.472264446484909,67.6577432632199,65.53783793729625,67.49956439770673
759,759,05/15/2023 13:23:36.353847,988,True,True,True,True,Eyes,0.4516833,0.1180848,-3.250902,0.8793319,0.02793657,0.4753892,0.0,0.0,0.0,0.0,0.0,0.0,0.0,-3.176681,0.3536647,1.316501,0.5865,0.1192104,-3.404608,0.07587281,0.4801215,0.01461286,0.8737926,6.809135,57.91341,5.686913,0.1224677,0.03626001,-0.9918093,0.0,0.0,0.0,1.557706,0.1724069,-2.666304,-0.1295618,0.1941311,1.354865,0.5385397,0.09839352,-0.8368356,0.04731911,0.9880595,0.1466261,0.8412704,-0.1185623,0.5274534,static,61.60322,3.363158,-5.462418,8.154094,59.587996707138174,10.214576182615154,67.23654414158375,65.08303957557247,67.07248959875426
760,760,05/15/2023 13:23:36.373393,989,True,True,True,True,Eyes,0.4582166,0.1180862,-3.25768,0.8755838,0.02621594,0.4823546,0.0,0.0,0.0,0.0,0.0,0.0,0.0,-3.175216,0.3585547,1.338369,0.594192,0.1186538,-3.41096,0.07765385,0.4765193,0.01301393,0.875631,7.099307,57.45768,5.597863,0.1239751,0.03622986,-0.9916231,0.0,0.0,0.0,1.557706,0.1724069,-2.666304,-0.1285563,0.1968515,1.352861,0.5455199,0.09679791,-0.8324891,0.05121632,0.987601,0.148395,0.8365315,-0.1235895,0.5337984,static,61.14986,3.110961,-5.42826,8.278869,59.14205204041043,9.957025920677804,66.77838973673192,64.59211567711954,66.60825961059838
761,761,05/15/2023 13:23:36.383463,990,True,True,True,True,Eyes,0.4648083,0.11803,-3.264447,0.8716047,0.0244916,0.4895972,0.0,0.0,0.0,0.0,0.0,0.0,0.0,-3.171446,0.3664995,1.364107,0.6017206,0.1178938,-3.417193,0.07895301,0.4724051,0.01263577,0.8777474,7.276811,56.93473,5.598878,0.1254984,0.03619447,-0.9914327,0.0,0.0,0.0,1.557706,0.1724069,-2.666304,-0.1264293,0.1996466,1.350483,0.5533476,0.09677763,-0.8273093,0.05241357,0.9872135,0.15054,0.8312998,-0.1266631,0.5411997,static,60.67624,2.863775,-5.34832,8.409327,58.67662273420812,9.703675274402936,66.25704241949155,64.03802487252459,66.08007252319427
762,762,05/15/2023 13:23:36.403709,991,True,True,True,True,Eyes,0.4714686,0.117898,-3.271212,0.8674957,0.02270349,0.4969262,0.0,0.0,0.0,0.0,0.0,0.0,0.0,-3.163842,0.3842789,1.396154,0.6095545,0.1164445,-3.423696,0.08028426,0.4673198,0.01426797,0.88032,7.354974,56.29624,5.796096,0.127037,0.03615265,-0.9912384,0.0,0.0,0.0,1.557706,0.1724069,-2.666304,-0.1231194,0.2004893,1.348435,0.5628173,0.1001576,-0.8204908,0.04991608,0.9867017,0.1546871,0.8250728,-0.1280162,0.5503333,static,60.19469,2.615901,-5.216949,8.456951,58.20349466686572,9.449412146262976,65.67191471069518,63.42820866167458,65.49152862206914
763,763,05/15/2023 13:23:36.413441,992,True,True,True,True,Eyes,0.4782039,0.1177122,-3.277991,0.8632066,0.02076402,0.5044237,0.0,0.0,0.0,0.0,0.0,0.0,0.0,-3.155575,0.4060245,1.428648,0.6178285,0.1146334,-3.430553,0.08238078,0.4620363,0.01573564,0.8828864,7.523041,55.64426,6.016426,0.1285907,0.03610277,-0.9910399,0.0,0.0,0.0,1.557706,0.1724069,-2.666304,-0.1217426,0.2035666,1.345418,0.5725497,0.1039114,-0.8132584,0.04834026,0.9859316,0.1600066,0.8184437,-0.1309249,0.5594718,static,59.69968,2.357184,-5.170433,8.603799,57.71703525674613,9.184264998149049,65.17017538407423,62.89014711795688,64.98001918759154
764,764,05/15/2023 13:23:36.433259,993,True,True,True,True,Eyes,0.4850024,0.1175188,-3.284771,0.8588252,0.01874173,0.5119258,0.0,0.0,0.0,0.0,0.0,0.0,0.0,-3.148665,0.4269852,1.458318,0.6262797,0.1132116,-3.43774,0.08577447,0.4570198,0.01542086,0.8851768,7.918009,55.03931,6.126218,0.1301592,0.03604405,-0.9908373,0.0,0.0,0.0,1.557706,0.1724069,-2.666304,-0.1212176,0.2069246,1.342305,0.5817902,0.1057016,-0.8064412,0.0511009,0.9848099,0.1659464,0.8117322,-0.1377559,0.5675513,static,59.20181,2.096676,-5.160129,8.763514,57.22775717130264,8.917300108553619,64.70630510821928,62.38807571235547,64.50435240351752
765,765,05/15/2023 13:23:36.453612,994,True,True,True,True,Eyes,0.4918511,0.1173014,-3.291559,0.8542995,0.01677965,0.5195101,0.0,0.0,0.0,0.0,0.0,0.0,0.0,-3.143428,0.4369878,1.486343,0.6345633,0.1127172,-3.444697,0.08744209,0.4524646,0.01498286,0.8873586,8.141978,54.47086,6.130635,0.1317423,0.03597716,-0.9906305,0.0,0.0,0.0,1.557706,0.1724069,-2.666304,-0.1209097,0.2108943,1.338943,0.5901027,0.1057192,-0.8003765,0.05253854,0.9842588,0.1687434,0.805617,-0.1416265,0.5752593,static,58.69569,1.849952,-5.15995,8.951009,56.73086505423053,8.663376130763897,64.2492627998707,61.89148342659459,64.03322895627667
766,766,05/15/2023 13:23:36.473536,995,True,True,True,True,Eyes,0.4987489,0.1170522,-3.298328,0.8496418,0.01478697,0.5271529,0.0,0.0,0.0,0.0,0.0,0.0,0.0,-3.137548,0.4401922,1.516381,0.6423243,0.1119565,-3.451416,0.08815329,0.4477943,0.01410146,0.8896688,8.292423,53.8726,6.035209,0.1333392,0.03590225,-0.9904196,0.0,0.0,0.0,1.557706,0.1724069,-2.666304,-0.1200646,0.2148911,1.335439,0.5985629,0.1040404,-0.794291,0.05385781,0.9840603,0.1694836,0.7992634,-0.1442253,0.5834185,static,58.18282,1.606761,-5.137447,9.141343,56.22753207918703,8.412649338588501,63.76696745859891,61.369305453469515,63.535919798072555
767,767,05/15/2023 13:23:36.483563,996,True,True,True,True,Eyes,0.5056851,0.1167451,-3.305081,0.844807,0.01297762,0.5349138,0.0,0.0,0.0,0.0,0.0,0.0,0.0,-3.128016,0.4532823,1.550049,0.6503653,0.1109524,-3.457935,0.08948759,0.4424145,0.01462696,0.8922151,8.438166,53.20117,6.1098,0.1349488,0.03581925,-0.9902046,0.0,0.0,0.0,1.557706,0.1724069,-2.666304,-0.1184036,0.219017,1.331909,0.608111,0.105282,-0.7868397,0.05308041,0.983556,0.1726267,0.7920755,-0.146742,0.5925229,static,57.65888,1.389789,-5.080106,9.33806,55.71419306914341,8.18687304373934,63.2404567994068,60.80519739887961,62.99417222329844
768,768,05/15/2023 13:23:36.503635,997,True,True,True,True,Eyes,0.5126753,0.1164136,-3.311832,0.8398453,0.0109687,0.542715,0.0,0.0,0.0,0.0,0.0,0.0,0.0,-3.116292,0.4657993,1.587983,0.658398,0.1092684,-3.464753,0.08985944,0.4365285,0.01607465,0.8950473,8.44285,52.45822,6.223226,0.1365704,0.0357273,-0.9899855,0.0,0.0,0.0,1.557706,0.1724069,-2.666304,-0.1185397,0.2228023,1.327983,0.6183689,0.1072276,-0.7785384,0.04967726,0.9833338,0.174891,0.7843163,-0.1468228,0.6027362,static,57.12912,1.157835,-5.100871,9.524094,55.19480899107868,7.946458746785739,62.78985642215757,60.31631585714391,62.526953580593656
769,769,05/15/2023 13:23:36.513443,998,True,True,True,True,Eyes,0.5197418,0.1162062,-3.318568,0.8347308,0.009025373,0.5505842,0.0,0.0,0.0,0.0,0.0,0.0,0.0,-3.105119,0.4921314,1.620031,0.6666579,0.1083746,-3.47164,0.0933806,0.4310148,0.01680807,0.8973427,8.806602,51.80776,6.429595,0.1382033,0.03562665,-0.9897625,0.0,0.0,0.0,1.557706,0.1724069,-2.666304,-0.1206581,0.224672,1.323941,0.6278874,0.110662,-0.7703968,0.05033164,0.9819951,0.1820778,0.776675,-0.1530997,0.6110126,static,56.59136,0.9391288,-5.207301,9.63131,54.668038378122425,7.7185758438719,62.40695887003752,59.9058829965585,62.131159197919295
770,770,05/15/2023 13:23:36.533504,999,True,True,True,True,Eyes,0.5268584,0.116061,-3.325287,0.8293883,0.007320454,0.5586246,0.0,0.0,0.0,0.0,0.0,0.0,0.0,-3.091805,0.5179681,1.654112,0.6752608,0.1110855,-3.477832,0.09606608,0.4252217,0.01937757,0.8997681,8.997701,51.12384,6.77794,0.1398482,0.0355219,-0.9895353,0.0,0.0,0.0,1.557706,0.1724069,-2.666304,-0.1227828,0.2261775,1.320203,0.6376221,0.1165694,-0.7614786,0.04682811,0.9807917,0.1893539,0.7689247,-0.1563948,0.6199157,static,56.03823,0.7507852,-5.313393,9.72155,54.12721028444899,7.519506590474732,62.004002014636505,59.481377875740925,61.71716539720604
771,771,05/15/2023 13:23:36.553605,1000,True,True,True,True,Eyes,0.5340207,0.1158861,-3.332035,0.8237926,0.00570061,0.5668626,0.0,0.0,0.0,0.0,0.0,0.0,0.0,-3.073321,0.5314214,1.700884,0.6835465,0.1123298,-3.484375,0.09492654,0.4181369,0.02373048,0.9030989,8.720291,50.23085,7.104311,0.1415042,0.0354154,-0.9893036,0.0,0.0,0.0,1.557706,0.1724069,-2.666304,-0.1256254,0.228461,1.316117,0.649197,0.1222465,-0.7507325,0.03652263,0.9808517,0.1913013,0.7597431,-0.1516109,0.6323011,static,55.46762,0.5761711,-5.452452,9.847678,53.56982765673372,7.333136240846754,61.62155477332531,59.07581921680146,61.32151164107176
772,772,05/15/2023 13:23:36.573081,1001,True,True,True,True,Eyes,0.5412629,0.1158357,-3.338765,0.818032,0.003751681,0.5751605,0.0,0.0,0.0,0.0,0.0,0.0,0.0,-3.054623,0.5365389,1.750144,0.6913645,0.111435,-3.491589,0.09577292,0.4105512,0.0227916,0.9065074,8.91236,49.27512,6.974464,0.143171,0.03530641,-0.9890676,0.0,0.0,0.0,1.557706,0.1724069,-2.666304,-0.1269975,0.2274287,1.312276,0.6618565,0.1199609,-0.7399698,0.03731786,0.9806162,0.192352,0.7487012,-0.1549235,0.6445505,static,54.88884,0.373726,-5.527675,9.832188,53.00377366361931,7.11965673764329,61.15241440982252,58.59426856366726,60.847219905059085
773,773,05/15/2023 13:23:36.586737,1002,True,True,True,True,Eyes,0.5486197,0.1158915,-3.345454,0.8120885,0.002394035,0.5835295,0.0,0.0,0.0,0.0,0.0,0.0,0.0,-3.037694,0.5656298,1.786804,0.7004903,0.1144226,-3.498059,0.1006067,0.4039477,0.02312178,0.9089389,9.451388,48.51676,7.181289,0.1448486,0.03519896,-0.9888272,0.0,0.0,0.0,1.557706,0.1724069,-2.666304,-0.1251898,0.2211825,1.309292,0.6725832,0.1233123,-0.7296752,0.03924715,0.9786873,0.2015707,0.7389801,-0.1642108,0.653409,static,54.30072,0.235065,-5.461808,9.588609,52.43041346953708,6.967426973737811,60.49006974959377,57.951530625969916,60.19777458164788
774,774,05/15/2023 13:23:36.603416,1003,True,True,True,True,Eyes,0.5560129,0.1158617,-3.352149,0.8060676,0.001030677,0.5918227,0.0,0.0,0.0,0.0,0.0,0.0,0.0,-3.023263,0.5625517,1.826955,0.7103198,0.1168298,-3.503733,0.09688589,0.3979549,0.0275956,0.9118572,8.901054,47.73272,7.41137,0.1465388,0.03509602,-0.9885818,0.0,0.0,0.0,1.557706,0.1724069,-2.666304,-0.120065,0.2126849,1.306922,0.6817407,0.1274389,-0.7204089,0.02678594,0.9797032,0.1986558,0.7311034,-0.1547286,0.66449,static,53.71352,0.0997822,-5.248948,9.243132,51.85803639278765,6.818485542054139,59.66718929374991,57.15843399607902,59.394482321798264
775,775,05/15/2023 13:23:36.613461,1004,True,True,True,True,Eyes,0.5634613,0.1158361,-3.358834,0.8000544,-0.0006786913,0.5999269,0.0,0.0,0.0,0.0,0.0,0.0,0.0,-3.016768,0.5507817,1.857437,0.7185646,0.1148552,-3.510669,0.09641873,0.3932875,0.02431404,0.9140226,9.040523,47.11646,6.996042,0.1482405,0.03499467,-0.9883316,0.0,0.0,0.0,1.557706,0.1724069,-2.666304,-0.1174523,0.2130996,1.302767,0.6894675,0.1202877,-0.7142587,0.03139341,0.9802245,0.1953826,0.7236359,-0.157133,0.6720567,static,53.13532,-0.06481811,-5.151634,9.289865,51.29357611540299,6.641539081691841,59.03286459834586,56.50730373271738,58.75382889336925
776,776,05/15/2023 13:23:36.634034,1005,True,True,True,True,Eyes,0.5709354,0.1158426,-3.365466,0.7940213,-0.002274407,0.6078857,0.0,0.0,0.0,0.0,0.0,0.0,0.0,-3.011906,0.5739689,1.873499,0.7270922,0.1149839,-3.516978,0.1014166,0.3897578,0.02239553,0.9150421,9.679885,46.73569,6.994571,0.149953,0.0348949,-0.9880767,0.0,0.0,0.0,1.557706,0.1724069,-2.666304,-0.1166591,0.2213041,1.297173,0.6951746,0.1200415,-0.708747,0.03807015,0.9784262,0.2030586,0.7178321,-0.1681433,0.675607,static,52.56311,-0.2143714,-5.138978,9.681729,50.7353273196914,6.479298689170052,58.544545114695566,55.96600356335815,58.23821704074003
777,777,05/15/2023 13:23:36.653282,1006,True,True,True,True,Eyes,0.5784442,0.1158492,-3.372079,0.787917,-0.003909966,0.6157691,0.0,0.0,0.0,0.0,0.0,0.0,0.0,-3.006586,0.5814247,1.893099,0.7351664,0.1157154,-3.522439,0.1011608,0.3864619,0.02432861,0.916418,9.590597,46.33205,7.153053,0.1516754,0.03479756,-0.9878172,0.0,0.0,0.0,1.557706,0.1724069,-2.666304,-0.1143831,0.2243377,1.292582,0.7001106,0.1227799,-0.7033991,0.03359921,0.9783492,0.2042152,0.7132435,-0.1666069,0.6808274,static,51.99183,-0.3638077,-5.057043,9.846053,50.1779823951572,6.317200337232961,57.95528592012582,55.34763618727704,57.63556765973857
778,778,05/15/2023 13:23:36.663184,1007,True,True,True,True,Eyes,0.5859831,0.1158316,-3.378616,0.781695,-0.005567442,0.6236361,0.0,0.0,0.0,0.0,0.0,0.0,0.0,-2.995941,0.5951963,1.91889,0.7427952,0.1156365,-3.528022,0.102913,0.3819475,0.02462372,0.9181061,9.797133,45.79578,7.21897,0.1534072,0.03470243,-0.9875531,0.0,0.0,0.0,1.557706,0.1724069,-2.666304,-0.1123549,0.2277746,1.288535,0.7070195,0.1238291,-0.6962685,0.03340038,0.9776052,0.2077801,0.7064049,-0.1701602,0.68705,static,51.41714,-0.5114881,-4.983352,10.02463,49.61738285598816,6.156689253118128,57.37617347348298,54.737566738349905,57.04199579416276
779,779,05/15/2023 13:23:36.688163,1008,True,True,True,True,Eyes,0.5935447,0.1157885,-3.385118,0.7753087,-0.007411838,0.631539,0.0,0.0,0.0,0.0,0.0,0.0,0.0,-2.980912,0.6098542,1.949623,0.7510275,0.1150258,-3.532919,0.1040451,0.376586,0.02587708,0.9201567,9.903285,45.15239,7.347759,0.1551477,0.03460869,-0.9872845,0.0,0.0,0.0,1.557706,0.1724069,-2.666304,-0.1142598,0.2386314,1.282452,0.7150269,0.1259857,-0.6876513,0.03074188,0.97701,0.2109654,0.6984208,-0.1719856,0.6947154,static,50.83496,-0.6724011,-5.091311,10.54072,49.04916860190211,5.983175723974959,57.0393011244765,54.331967950295216,56.66648088318427
780,780,05/15/2023 13:23:36.703335,1009,True,True,True,True,Eyes,0.6011177,0.1157616,-3.391545,0.768681,-0.009498361,0.6395618,0.0,0.0,0.0,0.0,0.0,0.0,0.0,-2.960843,0.6372424,1.983327,0.7583894,0.1142712,-3.538085,0.1072264,0.3704494,0.02716605,0.9222429,10.23292,44.44729,7.564678,0.1568958,0.03451552,-0.9870116,0.0,0.0,0.0,1.557706,0.1724069,-2.666304,-0.1169135,0.2313217,1.278443,0.7240585,0.1295513,-0.6774628,0.02933651,0.975529,0.2179049,0.6891144,-0.1776503,0.7025394,static,50.2387,-0.8508575,-5.225162,10.25615,48.466839835894575,5.79229379776941,56.56505638254151,53.87724077326064,56.20443873834996
781,781,05/15/2023 13:23:36.713257,1010,True,True,True,True,Eyes,0.6087056,0.115767,-3.397864,0.7618249,-0.01150141,0.6476809,0.0,0.0,0.0,0.0,0.0,0.0,0.0,-2.930894,0.6766105,2.026125,0.7661858,0.114601,-3.543014,0.1114902,0.3624948,0.0299734,0.9248078,10.63102,43.54983,7.969634,0.1586503,0.03442344,-0.9867343,0.0,0.0,0.0,1.557706,0.1724069,-2.666304,-0.1188176,0.219119,1.276333,0.7353982,0.1362685,-0.6637924,0.02538995,0.9733431,0.2279444,0.6771593,-0.1844836,0.712335,static,49.6298,-1.017342,-5.318503,9.741491,47.872596022130736,5.612566707475964,55.99168232962552,53.35111086936721,55.658197697823134
782,782,05/15/2023 13:23:36.733974,1011,True,True,True,True,Eyes,0.6163532,0.1157834,-3.404092,0.7546772,-0.01348532,0.6559577,0.0,0.0,0.0,0.0,0.0,0.0,0.0,-2.897177,0.6935944,2.079232,0.774567,0.1153753,-3.547485,0.1120701,0.3534885,0.03274669,0.9281239,10.65406,42.46506,8.19097,0.1604111,0.03433338,-0.9864528,0.0,0.0,0.0,1.557706,0.1724069,-2.666304,-0.119876,0.2164006,1.272424,0.7479472,0.1400169,-0.6488224,0.01844497,0.9727359,0.231181,0.663502,-0.1848786,0.7249724,moving,49.00317,-1.177733,-5.381991,9.651914,47.26134732745738,5.438163024548929,55.45292590243124,52.8117105152092,55.120116648919506
783,783,05/15/2023 13:23:36.753832,1012,True,True,True,True,Eyes,0.6240549,0.1158069,-3.410223,0.7473069,-0.01540835,0.6643003,0.0,0.0,0.0,0.0,0.0,0.0,0.0,-2.866268,0.6985936,2.130593,0.7836114,0.1156868,-3.551834,0.1122933,0.3447379,0.03296063,0.9313751,10.74561,41.38815,8.122997,0.1621787,0.03424555,-0.9861667,0.0,0.0,0.0,1.555231,0.1701351,-2.666251,-0.1177673,0.2035822,1.268444,0.7601388,0.1388209,-0.634758,0.01602605,0.9726077,0.2318998,0.649563,-0.1864487,0.737092,moving,48.36528,-1.328729,-5.304356,9.118073,46.63944980908399,5.272471106826722,54.676919265808124,52.0859637124303,54.37231739589573
784,784,05/15/2023 13:23:36.763846,1013,True,True,True,True,Eyes,0.6317847,0.1158122,-3.416253,0.7397259,-0.017479,0.6726812,0.0,0.0,0.0,0.0,0.0,0.0,0.0,-2.839016,0.6960748,2.177056,0.7923183,0.1159093,-3.555686,0.1123337,0.3367691,0.03158065,0.9343287,10.87358,40.39371,7.882191,0.1639534,0.03416006,-0.9858763,0.0,0.0,0.0,1.552619,0.1677366,-2.666196,-0.1119532,0.1949956,1.264417,0.7711784,0.1346745,-0.622211,0.01664766,0.9727677,0.231184,0.6364013,-0.1886425,0.7479353,moving,47.7177,-1.488443,-5.059853,8.766962,46.00793004266168,5.098063707938374,53.76470433641232,51.19940702361558,53.47650344963044
785,785,05/15/2023 13:23:36.783815,1014,True,True,True,True,Eyes,0.6395579,0.1158486,-3.422208,0.7320432,-0.0198704,0.6809684,0.0,0.0,0.0,0.0,0.0,0.0,0.0,-2.813344,0.6959787,2.219358,0.8006945,0.11563,-3.559545,0.1139549,0.3291493,0.02819694,0.9369526,11.24347,39.45084,7.490196,0.1657355,0.03407622,-0.9855811,0.0,0.0,0.0,1.550084,0.1654096,-2.666142,-0.1066666,0.1899738,1.259778,0.7817314,0.1278547,-0.6103681,0.02217791,0.9724385,0.2321026,0.6232208,-0.1949786,0.7573501,moving,47.07011,-1.671395,-4.839745,8.575554,45.37576690762661,4.901234620668285,52.91155837744364,50.34975927495903,52.628632509922376
786,786,05/15/2023 13:23:36.803507,1015,True,True,True,True,Eyes,0.6473512,0.1158982,-3.428062,0.7241877,-0.02218323,0.689246,0.0,0.0,0.0,0.0,0.0,0.0,0.0,-2.789504,0.705317,2.255468,0.8088806,0.1165013,-3.563437,0.1170754,0.3221841,0.0251493,0.9390733,11.7522,38.61466,7.198097,0.1675246,0.03399485,-0.9852813,0.0,0.0,0.0,1.547553,0.1630853,-2.666088,-0.1039134,0.1827486,1.255048,0.7911299,0.1226737,-0.5992201,0.02820558,0.9713218,0.2360901,0.6109975,-0.2036793,0.7649816,moving,46.41613,-1.843416,-4.733084,8.284663,44.73771330355019,4.7147520284120965,52.14230601966159,49.599435986652225,51.86958461671154
787,787,05/15/2023 13:23:36.813602,1016,True,True,True,True,Eyes,0.6551947,0.1159645,-3.433839,0.7163067,-0.02467112,0.6973494,0.0,0.0,0.0,0.0,0.0,0.0,0.0,-2.765877,0.7032047,2.293729,0.8171326,0.1169172,-3.567126,0.1167499,0.3154711,0.02450844,0.9414069,11.79174,37.77949,7.03006,0.1693201,0.0339162,-0.984977,0.0,0.0,0.0,1.544979,0.1607228,-2.666034,-0.1013841,0.1747849,1.25017,0.7997547,0.1198073,-0.5882505,0.02751758,0.9715376,0.2352817,0.599696,-0.2043549,0.7736949,moving,45.7683,-2.026189,-4.636327,7.958873,44.10532261592726,4.518088125127497,51.384120953393506,48.86294514084239,51.12194810716505
788,788,05/15/2023 13:23:36.833598,1017,True,True,True,True,Eyes,0.6630707,0.1160285,-3.439502,0.7082859,-0.0271145,0.7054048,0.0,0.0,0.0,0.0,0.0,0.0,0.0,-2.741358,0.7189256,2.326488,0.8253493,0.117367,-3.57064,0.1192636,0.3089218,0.02398336,0.9432754,12.13283,37.01064,6.987299,0.1711225,0.03384054,-0.9846681,0.0,0.0,0.0,1.542481,0.1584288,-2.665981,-0.1008958,0.1681321,1.245161,0.8079844,0.118932,-0.5770759,0.02844037,0.970402,0.2398147,0.5885172,-0.2101788,0.7806872,moving,45.11678,-2.201263,-4.632572,7.690042,43.46956820505821,4.328736958519871,50.72313021712017,48.219438651740404,50.46815303899368
789,789,05/15/2023 13:23:36.853201,1018,True,True,True,True,Eyes,0.6709619,0.1160606,-3.445083,0.7004066,-0.02971954,0.713125,0.0,0.0,0.0,0.0,0.0,0.0,0.0,-2.719566,0.7182566,2.359966,0.8339841,0.1174425,-3.573801,0.1193884,0.3027121,0.02295182,0.9452964,12.22898,36.24224,6.797395,0.1729318,0.03376762,-0.9843544,0.0,0.0,0.0,1.539908,0.1560668,-2.665926,-0.1045988,0.1649308,1.239372,0.8156772,0.1156731,-0.5668249,0.02888807,0.9704393,0.2396103,0.5777856,-0.2118192,0.7882236,moving,44.48449,-2.386425,-4.824139,7.580161,42.85216245909852,4.130255293672558,50.30580215397661,47.80095783769809,50.04884954429864
790,790,05/15/2023 13:23:36.863555,1019,True,True,True,True,Eyes,0.6788701,0.1161142,-3.450548,0.6925004,-0.03241244,0.720689,0.0,0.0,0.0,0.0,0.0,0.0,0.0,-2.704291,0.7382725,2.379588,0.842041,0.116793,-3.577429,0.1231144,0.2980662,0.02136881,0.9463313,12.7252,35.7139,6.701854,0.1747473,0.03369632,-0.9840362,0.0,0.0,0.0,1.537247,0.153624,-2.66587,-0.1098546,0.1640466,1.23349,0.8213999,0.1138364,-0.5588771,0.03294852,0.9687725,0.2457525,0.5694003,-0.2202753,0.7919988,moving,43.85728,-2.575099,-5.089337,7.575534,42.23958079196528,3.9285443393769577,49.98806523606788,47.46922153293963,49.72359929514174
791,791,05/15/2023 13:23:36.886345,1020,True,True,True,True,Eyes,0.6867815,0.1161953,-3.455904,0.6847013,-0.03493517,0.727986,0.0,0.0,0.0,0.0,0.0,0.0,0.0,-2.688582,0.7588754,2.398109,0.8503457,0.1173647,-3.580284,0.1255271,0.2937066,0.02250851,0.9473504,12.98021,35.23123,6.859497,0.1765689,0.03362721,-0.9837133,0.0,0.0,0.0,1.534723,0.1513064,-2.665816,-0.1138901,0.1631088,1.228025,0.8264595,0.1163832,-0.5508352,0.03108939,0.9674726,0.2510581,0.5621369,-0.2246145,0.7959588,moving,43.24501,-2.747447,-5.298593,7.565856,41.64191332686745,3.743054130621106,49.62706530706222,47.09591222553407,49.35626423330506
792,792,05/15/2023 13:23:36.903408,1021,True,True,True,True,Eyes,0.6947184,0.1162745,-3.461131,0.6767989,-0.03732822,0.7352209,0.0,0.0,0.0,0.0,0.0,0.0,0.0,-2.670757,0.768829,2.421809,0.8582269,0.1180448,-3.583115,0.1257283,0.2890147,0.0244839,0.9487168,12.96811,34.68446,7.021926,0.1783958,0.03356095,-0.9833859,0.0,0.0,0.0,1.532172,0.1489648,-2.665762,-0.1160082,0.1654387,1.223017,0.831742,0.1191312,-0.5422296,0.02621806,0.9671859,0.2527134,0.5545429,-0.2244086,0.8013257,moving,42.63075,-2.906493,-5.418529,7.703697,41.04268133440608,3.5703360655878296,49.206801808855055,46.64470750634038,48.92341683697575
793,793,05/15/2023 13:23:36.913160,1022,True,True,True,True,Eyes,0.7026488,0.1163197,-3.46622,0.6689641,-0.03944609,0.7422473,0.0,0.0,0.0,0.0,0.0,0.0,0.0,-2.648291,0.7817386,2.448735,0.8667601,0.1179931,-3.58548,0.1256266,0.2835926,0.02757838,0.9502804,12.89229,34.058,7.288531,0.1802277,0.03349734,-0.983054,0.0,0.0,0.0,1.52955,0.1465575,-2.665706,-0.1186531,0.1671709,1.217526,0.8376293,0.1236679,-0.5320558,0.01883918,0.9669148,0.254403,0.5459141,-0.2231189,0.8075864,moving,42.02734,-3.042073,-5.566144,7.818046,40.454597187545545,3.4205995843183565,48.81681988774378,46.230359661480485,48.52331685282
794,794,05/15/2023 13:23:36.933257,1023,True,True,True,True,Eyes,0.7106121,0.1163436,-3.4712,0.6609362,-0.04155223,0.7492909,0.0,0.0,0.0,0.0,0.0,0.0,0.0,-2.621182,0.7950453,2.479879,0.8751229,0.117191,-3.587885,0.1254211,0.2773922,0.03073501,0.9520392,12.81244,33.3375,7.549032,0.1820641,0.03343528,-0.9827177,0.0,0.0,0.0,1.527033,0.1442466,-2.665653,-0.1189427,0.1589925,1.213825,0.8442178,0.1281035,-0.5204669,0.01105979,0.9666498,0.2558629,0.5358861,-0.2217603,0.8146462,moving,41.41494,-3.174109,-5.596543,7.462385,39.857903100620575,3.274000662871217,48.199735875534884,45.64700684239577,47.91938097151375
795,795,05/15/2023 13:23:36.953441,1024,True,True,True,True,Eyes,0.7186073,0.1163336,-3.476044,0.6528887,-0.04353534,0.7562016,0.0,0.0,0.0,0.0,0.0,0.0,0.0,-2.590329,0.8105573,2.513924,0.8838696,0.1166773,-3.590513,0.1262574,0.2703727,0.03273833,0.9538795,12.89503,32.52255,7.707283,0.1839056,0.03337409,-0.9823769,0.0,0.0,0.0,1.524332,0.1417667,-2.665596,-0.1189553,0.1596547,1.209424,0.8516537,0.13073,-0.5075389,0.005816264,0.9659746,0.2585718,0.5240727,-0.2231656,0.8219154,moving,40.80664,-3.294943,-5.617374,7.520071,39.26548522827585,3.138338645842544,47.66711239095979,45.0962374364946,47.380645363880284
796,796,05/15/2023 13:23:36.964232,1025,True,True,True,True,Eyes,0.7266548,0.1162767,-3.480783,0.6446867,-0.04548974,0.7630922,0.0,0.0,0.0,0.0,0.0,0.0,0.0,-2.56114,0.8193351,2.547072,0.8931344,0.1158854,-3.59266,0.1264012,0.2635498,0.03408539,0.955721,12.92304,31.71484,7.770344,0.1857523,0.03331287,-0.9820315,0.0,0.0,0.0,1.521875,0.1395112,-2.665544,-0.1185787,0.1487475,1.205596,0.8587593,0.1317783,-0.4951432,0.001473764,0.9657219,0.2595749,0.512377,-0.2236421,0.8291284,moving,40.19228,-3.4115,-5.617368,7.03366,38.667315033465975,3.006613305119836,46.98537237597999,44.46740667564609,46.71811621586563
797,797,05/15/2023 13:23:36.983370,1026,True,True,True,True,Eyes,0.7347115,0.1161721,-3.485377,0.6365494,-0.04739804,0.7697781,0.0,0.0,0.0,0.0,0.0,0.0,0.0,-2.534453,0.826431,2.577971,0.9024425,0.1147166,-3.595109,0.1267027,0.2571067,0.03460212,0.9574159,12.99238,30.94728,7.750635,0.1876046,0.03325041,-0.9816814,0.0,0.0,0.0,1.519254,0.1371045,-2.665488,-0.1185926,0.1404871,1.201896,0.8653978,0.1314095,-0.4835477,-0.001105055,0.9654983,0.2604072,0.5010844,-0.2248215,0.8356852,moving,39.58823,-3.523461,-5.635205,6.666932,38.0792551366338,2.879645741285633,46.35734227383699,43.87821284239813,46.103034841963456
798,798,05/15/2023 13:23:37.003607,1027,True,True,True,True,Eyes,0.7428372,0.1160266,-3.489858,0.628253,-0.04922779,0.7764502,0.0,0.0,0.0,0.0,0.0,0.0,0.0,-2.506905,0.833791,2.608264,0.9117255,0.1135847,-3.597038,0.1271241,0.2506099,0.03502936,0.9590658,13.07835,30.17527,7.723579,0.1894626,0.03318563,-0.9813267,0.0,0.0,0.0,1.516742,0.1347986,-2.665435,-0.119489,0.1373559,1.197055,0.8719352,0.130908,-0.4717966,-0.003473826,0.9652248,0.2613981,0.4896089,-0.2262833,0.8420682,moving,38.97753,-3.627759,-5.70033,6.545766,37.48496385143071,2.759863363105034,45.82152098201483,43.35092460156378,45.569780129427784
799,799,05/15/2023 13:23:37.013530,1028,True,True,True,True,Eyes,0.7509909,0.1158196,-3.494199,0.6201076,-0.05101632,0.7828562,0.0,0.0,0.0,0.0,0.0,0.0,0.0,-2.480044,0.8352998,2.639403,0.9215259,0.1124726,-3.599018,0.126711,0.2441199,0.0353149,0.9607823,13.07588,29.39099,7.653297,0.1913273,0.03311773,-0.9809672,0.0,0.0,0.0,1.5141,0.1323724,-2.665379,-0.121165,0.1351174,1.192422,0.8783166,0.1297252,-0.4601426,-0.005994474,0.9653943,0.2607256,0.4780418,-0.2262413,0.8486996,moving,38.38307,-3.728517,-5.802056,6.464803,36.90649711943171,2.6440058173799152,45.34566277229031,42.879120800991686,45.094868626919435
800,800,05/15/2023 13:23:37.033315,1029,True,True,True,True,Eyes,0.7592245,0.1155576,-3.498427,0.6119085,-0.05279882,0.7891642,0.0,0.0,0.0,0.0,0.0,0.0,0.0,-2.457433,0.8412604,2.664505,0.9315875,0.1109371,-3.60085,0.1272291,0.2384136,0.03512051,0.9621529,13.18414,28.71017,7.569042,0.1931995,0.03304541,-0.9806025,0.0,0.0,0.0,1.511547,0.1300286,-2.665324,-0.1237881,0.135564,1.187296,0.8838511,0.1282489,-0.449844,-0.006916296,0.9651586,0.2615741,0.4677174,-0.2280813,0.8539434,moving,37.78957,-3.827654,-5.952183,6.513752,36.32900432612606,2.52974240932243,44.94758762792331,42.46847223677317,44.69259380107804
801,801,05/15/2023 13:23:37.053272,1030,True,True,True,True,Eyes,0.7674921,0.115226,-3.502527,0.6038984,-0.05460141,0.7951889,0.0,0.0,0.0,0.0,0.0,0.0,0.0,-2.439443,0.8466635,2.685015,0.9417658,0.1093844,-3.602519,0.127709,0.2335453,0.03489219,0.963291,13.282,28.1296,7.490475,0.1950796,0.03296774,-0.9802328,0.0,0.0,0.0,1.50899,0.127681,-2.66527,-0.1270033,0.1338435,1.182565,0.8884782,0.1268743,-0.4410322,-0.007570992,0.9649459,0.2623397,0.4588563,-0.229744,0.858294,moving,37.2145,-3.928032,-6.129871,6.457299,35.769326669874964,2.414859518066182,44.57117451184344,42.093753483674426,44.31614286140535
802,802,05/15/2023 13:23:37.063491,1031,True,True,True,True,Eyes,0.7758372,0.1148353,-3.506521,0.5958743,-0.0564094,0.8010942,0.0,0.0,0.0,0.0,0.0,0.0,0.0,-2.423898,0.8521861,2.702923,0.9517506,0.1075062,-3.604151,0.1282895,0.2291435,0.03444877,0.9642865,13.39295,27.60414,7.396283,0.1969683,0.03288342,-0.9798579,0.0,0.0,0.0,1.50637,0.1252757,-2.665215,-0.1296482,0.1333646,1.177493,0.8926131,0.1252303,-0.4330811,-0.007643552,0.9647102,0.2632031,0.4507588,-0.2316282,0.8620701,moving,36.64281,-4.027859,-6.283257,6.461866,35.2129374815708,2.3006142496614954,44.189156573350814,41.70431839248835,43.931727786285066
803,803,05/15/2023 13:23:37.088387,1032,True,True,True,True,Eyes,0.7841894,0.1143723,-3.510381,0.5880682,-0.05829944,0.8067075,0.0,0.0,0.0,0.0,0.0,0.0,0.0,-2.409579,0.8579224,2.719481,0.9619826,0.1057323,-3.605702,0.1289351,0.2249408,0.03398631,0.9652059,13.50959,27.10345,7.303818,0.1988668,0.03279158,-0.9794774,0.0,0.0,0.0,1.503911,0.1230186,-2.665162,-0.1302136,0.1336774,1.172909,0.8964931,0.1236131,-0.4254644,-0.007602041,0.9644414,0.2641877,0.4429924,-0.233608,0.8655547,moving,36.09105,-4.133487,-6.334898,6.501987,34.67569179353486,2.1813967798735927,43.73870563818025,41.23755539631123,43.47706444476004
804,804,05/15/2023 13:23:37.103498,1033,True,True,True,True,Eyes,0.7926179,0.1138627,-3.514126,0.5802657,-0.06022295,0.8121976,0.0,0.0,0.0,0.0,0.0,0.0,0.0,-2.396933,0.8684224,2.732828,0.9720954,0.103715,-3.607224,0.1301686,0.2211497,0.03375904,0.9659242,13.68209,26.66354,7.260282,0.2007741,0.03269112,-0.9790916,0.0,0.0,0.0,1.501366,0.1206821,-2.665108,-0.1305022,0.1359805,1.168049,0.8999063,0.1227908,-0.4184389,-0.007643846,0.9638329,0.2663976,0.4360164,-0.2365344,0.8682979,moving,35.5435,-4.240616,-6.375025,6.640298,34.14248245038243,2.0608630700582578,43.30770171287113,40.77547834507115,43.03794735170907
805,805,05/15/2023 13:23:37.114077,1034,True,True,True,True,Eyes,0.801065,0.1132972,-3.517736,0.5725335,-0.06213666,0.8175234,0.0,0.0,0.0,0.0,0.0,0.0,0.0,-2.383258,0.8803593,2.746003,0.9823884,0.1021075,-3.60832,0.1313744,0.2172821,0.03413358,0.9666252,13.83617,26.22198,7.282257,0.2026917,0.03258174,-0.9787,0.0,0.0,0.0,1.498821,0.1183455,-2.665054,-0.1303015,0.1364677,1.163501,0.9032468,0.1230794,-0.411092,-0.008898145,0.9631513,0.2688129,0.4290292,-0.2391464,0.8710585,moving,35.00458,-4.346465,-6.389982,6.689691,33.617665943684834,1.9418349879215,42.84047738328997,40.2883858040659,42.56629939462853
806,806,05/15/2023 13:23:37.133331,1035,True,True,True,True,Eyes,0.8095921,0.1126931,-3.521236,0.5648072,-0.0641107,0.8227288,0.0,0.0,0.0,0.0,0.0,0.0,0.0,-2.369164,0.8897204,2.760172,0.992585,0.1003119,-3.609404,0.1320449,0.2133702,0.03470574,0.9673846,13.92586,25.77041,7.309913,0.204619,0.03246292,-0.9783028,0.0,0.0,0.0,1.496213,0.1159508,-2.664999,-0.1298755,0.1393645,1.158814,0.9065374,0.1234965,-0.4036566,-0.01079869,0.9627193,0.2702867,0.4219874,-0.240666,0.8740746,moving,34.46978,-4.455739,-6.394813,6.857728,33.096746153075806,1.8196314564716405,42.401762895140784,39.81162721018569,42.118361331040596
807,807,05/15/2023 13:23:37.153260,1036,True,True,True,True,Eyes,0.818166,0.1120569,-3.524606,0.557059,-0.06606847,0.8278406,0.0,0.0,0.0,0.0,0.0,0.0,0.0,-2.355182,0.9054738,2.771945,1.003075,0.09880544,-3.610335,0.1336589,0.2095489,0.0354542,0.967971,14.11667,25.34574,7.384946,0.2065568,0.0323347,-0.9778998,0.0,0.0,0.0,1.49371,0.1136525,-2.664946,-0.1309544,0.1458906,1.154006,0.9096645,0.1246534,-0.396197,-0.01262109,0.9617566,0.2736147,0.415152,-0.2438971,0.876449,moving,33.93686,-4.563002,-6.474124,7.205172,32.57770193238633,1.699427205642848,42.08963705168449,39.43803157352041,41.79002524756495
808,808,05/15/2023 13:23:37.173372,1037,True,True,True,True,Eyes,0.8268325,0.1114006,-3.527867,0.5493328,-0.06802452,0.8328301,0.0,0.0,0.0,0.0,0.0,0.0,0.0,-2.341121,0.9210845,2.783581,1.013753,0.09729813,-3.61115,0.134697,0.2058448,0.03726144,0.9685538,14.21625,24.94168,7.565809,0.2085056,0.03219727,-0.9774907,0.0,0.0,0.0,1.491044,0.1112047,-2.664889,-0.132567,0.14929,1.149417,0.912479,0.1276328,-0.3887055,-0.01672609,0.9609367,0.2762626,0.4087815,-0.2455823,0.8789693,moving,33.40875,-4.669481,-6.579088,7.400333,32.06333745139796,1.580130229849948,41.76969712493544,39.07827791820555,41.460136082020924
809,809,05/15/2023 13:23:37.183305,1038,True,True,True,True,Eyes,0.8355694,0.1107192,-3.531003,0.5414798,-0.06983226,0.8378085,0.0,0.0,0.0,0.0,0.0,0.0,0.0,-2.327621,0.9383787,2.793985,1.024684,0.09614673,-3.611856,0.1357877,0.2023077,0.039578,0.9690548,14.30937,24.56599,7.808549,0.2104668,0.03205111,-0.9770752,0.0,0.0,0.0,1.4886,0.1089612,-2.664837,-0.1325428,0.1509258,1.145569,0.9150103,0.1316483,-0.381346,-0.0217647,0.9599906,0.2791853,0.4028428,-0.2471575,0.8812666,moving,32.87479,-4.764653,-6.599802,7.505347,31.543615730654224,1.4715594684255775,41.33758959550573,38.61770200505682,41.022730151231265
810,810,05/15/2023 13:23:37.203599,1039,True,True,True,True,Eyes,0.8443729,0.1100465,-3.534019,0.5335487,-0.07145023,0.842746,0.0,0.0,0.0,0.0,0.0,0.0,0.0,-2.312804,0.9531204,2.805773,1.035587,0.09504156,-3.612256,0.1361093,0.1986626,0.04264139,0.9696336,14.30063,24.17711,8.114187,0.2124413,0.03189652,-0.9766529,0.0,0.0,0.0,1.485878,0.106462,-2.66478,-0.1304735,0.1512873,1.141965,0.9174297,0.1367727,-0.373652,-0.02861341,0.959312,0.2808947,0.3968676,-0.2470097,0.8840148,moving,32.3382,-4.846098,-6.517978,7.546587,31.02172124855287,1.3761508471060404,40.78457073792624,38.04343967083867,40.46817295055361
811,811,05/15/2023 13:23:37.213388,1040,True,True,True,True,Eyes,0.8532544,0.109333,-3.536902,0.5252224,-0.07275977,0.8478487,0.0,0.0,0.0,0.0,0.0,0.0,0.0,-2.290899,0.9560811,2.826816,1.046055,0.09451838,-3.612483,0.1346987,0.1937642,0.04568047,0.9706829,14.11074,23.61316,8.352637,0.2144288,0.03173477,-0.9762238,0.0,0.0,0.0,1.483344,0.1041359,-2.664726,-0.1283551,0.1540268,1.138209,0.9207376,0.140882,-0.3638608,-0.03648293,0.9595391,0.2792019,0.3884732,-0.2437969,0.8886234,moving,31.77724,-4.904931,-6.434029,7.706671,30.476841665152097,1.3017954341501907,40.23870752890512,37.46244525219364,39.917854379107105
812,812,05/15/2023 13:23:37.233327,1041,True,True,True,True,Eyes,0.8622209,0.1085735,-3.539672,0.5167798,-0.07407179,0.852908,0.0,0.0,0.0,0.0,0.0,0.0,0.0,-2.265724,0.9399474,2.85629,1.057075,0.09280092,-3.612393,0.1314371,0.1877331,0.04631605,0.9722837,13.78022,22.8559,8.253128,0.2164311,0.03156553,-0.9757872,0.0,0.0,0.0,1.480834,0.1018309,-2.664673,-0.127465,0.1607483,1.133992,0.9252222,0.1394149,-0.3528844,-0.04071447,0.9611582,0.2729785,0.3772349,-0.2381983,0.8949611,moving,31.21181,-4.963465,-6.413346,8.068173,29.927641155901245,1.2275883488993102,39.818035523960496,36.97919612206644,39.48494361212231
813,813,05/15/2023 13:23:37.253862,1042,True,True,True,True,Eyes,0.8712647,0.1078383,-3.542296,0.5080982,-0.07549255,0.8579844,0.0,0.0,0.0,0.0,0.0,0.0,0.0,-2.242026,0.9398539,2.879229,1.068156,0.09097473,-3.61258,0.1315819,0.1819135,0.04508279,0.9734276,13.87289,22.14928,8.031546,0.2184486,0.03138844,-0.9753433,0.0,0.0,0.0,1.478396,0.09959316,-2.664621,-0.1277936,0.1630489,1.130411,0.92975,0.1356427,-0.342295,-0.0398966,0.9613075,0.2725733,0.3660233,-0.2397686,0.8991873,moving,30.63401,-5.028406,-6.449936,8.207658,29.36628590726838,1.1468115335545184,39.375277029412906,36.50557908776968,39.038838188950905
814,814,05/15/2023 13:23:37.263826,1043,True,True,True,True,Eyes,0.8803702,0.1070962,-3.54481,0.4994074,-0.07686758,0.8629505,0.0,0.0,0.0,0.0,0.0,0.0,0.0,-2.219995,0.949631,2.896493,1.079569,0.09091541,-3.61194,0.1331164,0.1765966,0.04465404,0.9742174,14.09895,21.53267,7.942771,0.2204818,0.03120512,-0.9748915,0.0,0.0,0.0,1.475825,0.09723261,-2.664566,-0.1276168,0.1637594,1.127373,0.9336393,0.1340213,-0.3321987,-0.03998965,0.960572,0.2751402,0.3559754,-0.2435972,0.9021873,moving,30.05886,-5.090205,-6.458298,8.264841,28.80758279520893,1.0691493981892104,38.882644998239,35.992503745783736,38.54661332491987
815,815,05/15/2023 13:23:37.283719,1044,True,True,True,True,Eyes,0.8895456,0.106407,-3.547219,0.4905363,-0.07868412,0.8678612,0.0,0.0,0.0,0.0,0.0,0.0,0.0,-2.20551,0.942778,2.913674,1.090215,0.09004687,-3.611914,0.1327893,0.1722359,0.04266484,0.9751316,14.13912,20.98258,7.641734,0.2225308,0.03101612,-0.9744319,0.0,0.0,0.0,1.473254,0.09487241,-2.664512,-0.1255817,0.1648297,1.124271,0.9370291,0.1289499,-0.3245744,-0.0374655,0.9610935,0.273671,0.3472362,-0.2442773,0.9054036,moving,29.47619,-5.180524,-6.373549,8.340729,28.24081903739194,0.9637337038697912,38.31485441781203,35.39172974336162,37.977286164596414
816,816,05/15/2023 13:23:37.303459,1045,True,True,True,True,Eyes,0.8987829,0.1058344,-3.549467,0.4816544,-0.08038567,0.8726667,0.0,0.0,0.0,0.0,0.0,0.0,0.0,-2.193889,0.9765387,2.915102,1.100818,0.09070462,-3.611727,0.1381654,0.1689983,0.04211401,0.974975,14.78433,20.6622,7.656311,0.2245959,0.03082356,-0.9739641,0.0,0.0,0.0,1.470392,0.09224473,-2.664451,-0.122779,0.1635632,1.121731,0.9393319,0.1288197,-0.3179009,-0.03542076,0.9582735,0.2836502,0.3411757,-0.2551813,0.9046997,moving,28.8958,-5.262947,-6.246443,8.29602,27.67647871894684,0.8660080233888818,37.667264689357765,34.727074393366046,37.33356116958417
817,817,05/15/2023 13:23:37.313199,1046,True,True,True,True,Eyes,0.9080496,0.1053104,-3.5516,0.4725877,-0.08201228,0.8774593,0.0,0.0,0.0,0.0,0.0,0.0,0.0,-2.173453,0.9840441,2.93011,1.111603,0.09288153,-3.610193,0.137682,0.1646278,0.04572129,0.9756286,14.69059,20.18806,7.9954,0.2266775,0.03063112,-0.9734879,0.0,0.0,0.0,1.467844,0.08990514,-2.664397,-0.1208864,0.1691691,1.118324,0.9416146,0.1345466,-0.3086411,-0.04388142,0.9579065,0.283707,0.3338211,-0.253599,0.9078828,moving,28.3063,-5.339673,-6.169493,8.601926,27.1034709543331,0.7734934796153903,37.18801534978238,34.1814933265439,36.84558099439846
818,818,05/15/2023 13:23:37.333227,1047,True,True,True,True,Eyes,0.9173417,0.1047847,-3.553651,0.4635628,-0.08387617,0.8820852,0.0,0.0,0.0,0.0,0.0,0.0,0.0,-2.157256,0.9855589,2.944973,1.121989,0.09354998,-3.609755,0.1375225,0.1605124,0.04638776,0.9763051,14.69279,19.70659,8.006174,0.2287747,0.03044022,-0.9730031,0.0,0.0,0.0,1.465455,0.08771194,-2.664346,-0.1183316,0.1681154,1.115548,0.9441679,0.1347253,-0.3006594,-0.04642907,0.9578714,0.2834195,0.3261768,-0.2536362,0.9106467,moving,27.7233,-5.431839,-6.054996,8.570102,26.536337233665204,0.6662853444595545,36.565388449066106,33.53603017162599,36.226395464739795
819,819,05/15/2023 13:23:37.353297,1048,True,True,True,True,Eyes,0.9266447,0.1042899,-3.555638,0.454302,-0.08603575,0.8866835,0.0,0.0,0.0,0.0,0.0,0.0,0.0,-2.140823,1.00897,2.953016,1.131947,0.09306265,-3.609914,0.1410444,0.1565213,0.04596633,0.9764705,15.13309,19.27426,7.974563,0.2308865,0.03025075,-0.97251,0.0,0.0,0.0,1.462976,0.08543579,-2.664294,-0.1129458,0.1589702,1.114781,0.9467763,0.1339225,-0.2927103,-0.04561661,0.9559871,0.2898409,0.3186435,-0.2610621,0.911215,moving,27.12883,-5.542115,-5.785269,8.115783,25.957601267777456,0.5412439648343419,35.63532083144762,32.63408424381169,35.31409360777201
820,820,05/15/2023 13:23:37.373570,1049,True,True,True,True,Eyes,0.9359248,0.1038489,-3.557548,0.444985,-0.08826855,0.8911774,0.0,0.0,0.0,0.0,0.0,0.0,0.0,-2.122788,1.033,2.961737,1.141185,0.09333254,-3.61029,0.1445851,0.1524269,0.04588408,0.9766043,15.57008,18.83458,7.977935,0.2330115,0.03006348,-0.9720089,0.0,0.0,0.0,1.460428,0.08309627,-2.66424,-0.1066039,0.1600527,1.113457,0.9493214,0.1336985,-0.2844532,-0.04554387,0.9539797,0.2963927,0.3109898,-0.2684169,0.9117224,moving,26.53399,-5.656533,-5.468907,8.17989,25.37839401704208,0.4121945405354497,34.865914842830925,31.810266782706986,34.54397419313297
821,821,05/15/2023 13:23:37.384065,1050,True,True,True,True,Eyes,0.9452179,0.1034639,-3.559367,0.4353183,-0.09046885,0.8957195,0.0,0.0,0.0,0.0,0.0,0.0,0.0,-2.09807,1.042013,2.979728,1.149991,0.09423584,-3.610417,0.1462114,0.147085,0.04519696,0.9772132,15.81093,18.21037,7.845937,0.2351476,0.02987973,-0.9715,0.0,0.0,0.0,1.457615,0.08051375,-2.66418,-0.1034125,0.1646142,1.109932,0.9526464,0.1313452,-0.2742503,-0.0453231,0.9531589,0.299055,0.3006835,-0.2724639,0.9139764,moving,25.91968,-5.767391,-5.32289,8.436054,24.780427653649586,0.2859694945252604,34.31961582059049,31.18707442519914,33.99133667697018
822,822,05/15/2023 13:23:37.403571,1051,True,True,True,True,Eyes,0.9545184,0.1031383,-3.56109,0.4255854,-0.09257481,0.9001705,0.0,0.0,0.0,0.0,0.0,0.0,0.0,-2.072973,1.038595,3.001447,1.15913,0.09515104,-3.609978,0.1461048,0.1415056,0.04422897,0.9780969,15.86025,17.52987,7.638952,0.2372942,0.02970073,-0.9709834,0.0,0.0,0.0,1.455249,0.07834224,-2.66413,-0.1019136,0.1490393,1.108484,0.95604,0.1278697,-0.2638882,-0.04517113,0.9533944,0.2983266,0.2897365,-0.273292,0.9172591,moving,25.30399,-5.871737,-5.252987,7.657682,24.1813023736026,0.1659843327187564,33.41816903805608,30.372733246563804,33.11689412453131
823,823,05/15/2023 13:23:37.413250,1052,True,True,True,True,Eyes,0.9638743,0.102872,-3.562739,0.4156016,-0.09462097,0.9046116,0.0,0.0,0.0,0.0,0.0,0.0,0.0,-2.047534,1.037989,3.02211,1.168623,0.09624363,-3.609436,0.1459894,0.1360146,0.04420109,0.978894,15.89006,16.87506,7.54273,0.23945,0.02952773,-0.9704592,0.0,0.0,0.0,1.452783,0.07607818,-2.664078,-0.1031299,0.1504488,1.106358,0.9590925,0.1262497,-0.253382,-0.04682297,0.9534667,0.2978403,0.2791936,-0.2737923,0.9203742,moving,24.67525,-5.971336,-5.325476,7.743902,23.569667953477623,0.0501701465389157,32.98713861376461,29.901887129831053,32.68606127735199
824,824,05/15/2023 13:23:37.438361,1053,True,True,True,True,Eyes,0.973226,0.1026494,-3.56432,0.4056846,-0.09662396,0.9088915,0.0,0.0,0.0,0.0,0.0,0.0,0.0,-2.028312,1.032915,3.040051,1.178141,0.0973026,-3.60907,0.1455442,0.1313766,0.04348994,0.9796253,15.88637,16.30695,7.374378,0.2416158,0.02936177,-0.9699273,0.0,0.0,0.0,1.450141,0.0736521,-2.664021,-0.1068468,0.1602866,1.102241,0.9616976,0.1234499,-0.2447402,-0.04696548,0.953851,0.2965847,0.270059,-0.2737305,0.9231142,moving,24.05365,-6.068304,-5.536725,8.273893,22.96502018416829,-0.0628816101684632,32.88295770497894,29.69598103185025,32.56919704797276
825,825,05/15/2023 13:23:37.453559,1054,True,True,True,True,Eyes,0.9826134,0.102482,-3.565831,0.395594,-0.09861724,0.9131156,0.0,0.0,0.0,0.0,0.0,0.0,0.0,-2.013479,1.033813,3.053244,1.187443,0.09815738,-3.609087,0.145845,0.1275643,0.04304421,0.9801041,15.95633,15.85069,7.264904,0.2437899,0.02920341,-0.9693879,0.0,0.0,0.0,1.447618,0.07133631,-2.663968,-0.1105014,0.1558325,1.100016,0.9637491,0.1215848,-0.237497,-0.04716638,0.9537529,0.2968682,0.2626081,-0.2749046,0.9249132,moving,23.42397,-6.164099,-5.736366,8.063085,22.352579130756645,-0.1750549511537746,32.445923629983966,29.272099146003406,32.14199814059986
826,826,05/15/2023 13:23:37.463280,1055,True,True,True,True,Eyes,0.9919888,0.1023232,-3.567286,0.3856218,-0.1004789,0.9171695,0.0,0.0,0.0,0.0,0.0,0.0,0.0,-2.000798,1.035205,3.064336,1.196804,0.09922539,-3.608713,0.1459779,0.1241975,0.04322032,0.9805088,15.99357,15.45532,7.232086,0.2459723,0.02905341,-0.968841,0.0,0.0,0.0,1.44507,0.06899622,-2.663914,-0.1109054,0.1574051,1.097712,0.965414,0.121016,-0.230935,-0.04849563,0.9536449,0.2970009,0.2561719,-0.2755295,0.9265309,moving,22.80421,-6.252005,-5.7692,8.160232,21.74996046819889,-0.2793054663553747,32.00238013605034,28.784196801726058,31.700070780477972
827,827,05/15/2023 13:23:37.489334,1056,True,True,True,True,Eyes,1.001376,0.1022147,-3.568683,0.3755991,-0.1026575,0.921079,0.0,0.0,0.0,0.0,0.0,0.0,0.0,-1.99013,1.031314,3.076368,1.205932,0.09927142,-3.608897,0.1452209,0.1211059,0.04326281,0.9810059,15.92903,15.07993,7.172112,0.2481621,0.02891118,-0.9682866,0.0,0.0,0.0,1.442522,0.06665681,-2.66386,-0.1092667,0.1573422,1.095021,0.9669234,0.1200564,-0.2250459,-0.04970789,0.9540784,0.2954039,0.2501766,-0.2744464,0.9284884,moving,22.18473,-6.359571,-5.698395,8.17679,21.147076864063227,-0.4025163138329244,31.444784160301467,28.1830420010116,31.146027366042492
828,828,05/15/2023 13:23:37.503534,1057,True,True,True,True,Eyes,1.010728,0.1021563,-3.570014,0.3657204,-0.1047156,0.9248152,0.0,0.0,0.0,0.0,0.0,0.0,0.0,-1.983973,1.055533,3.075769,1.21529,0.1004082,-3.608829,0.1490959,0.1188942,0.04282309,0.9807144,16.39502,14.85641,7.152489,0.2503579,0.0287774,-0.9677252,0.0,0.0,0.0,1.439958,0.06430355,-2.663805,-0.1052691,0.1617597,1.092772,0.9680607,0.1194477,-0.2204331,-0.04854115,0.9518732,0.3026238,0.2459721,-0.2822582,0.9272692,moving,21.57644,-6.460013,-5.502452,8.420176,20.555224751918384,-0.5185026289124197,30.898000204275117,27.54818493727751,30.59768983251474
829,829,05/15/2023 13:23:37.513707,1058,True,True,True,True,Eyes,1.02002,0.1021043,-3.571294,0.3557314,-0.1069229,0.9284517,0.0,0.0,0.0,0.0,0.0,0.0,0.0,-1.975688,1.049897,3.086223,1.223844,0.10157,-3.60864,0.1486035,0.1161555,0.0421554,0.9811463,16.36828,14.51405,7.018859,0.2525587,0.02865257,-0.9671569,0.0,0.0,0.0,1.437372,0.06192932,-2.66375,-0.09723645,0.1661969,1.090547,0.9694616,0.1172435,-0.2154022,-0.04819899,0.9522799,0.3013966,0.24046,-0.2818103,0.9288498,moving,20.96407,-6.569389,-5.095189,8.665071,19.95917764143643,-0.6432369228804742,30.185654724068534,26.72762399074564,29.884941285553897
830,830,05/15/2023 13:23:37.533495,1059,True,True,True,True,Eyes,1.029261,0.1020864,-3.5725,0.3457373,-0.1091252,0.9319643,0.0,0.0,0.0,0.0,0.0,0.0,0.0,-1.96907,1.056216,3.091755,1.23203,0.1017367,-3.608812,0.1499136,0.1137988,0.04115864,0.9812655,16.54943,14.2326,6.884044,0.2547619,0.02853603,-0.9665823,0.0,0.0,0.0,1.434861,0.05962329,-2.663697,-0.08736289,0.1622621,1.089136,0.9707116,0.1148951,-0.2109932,-0.04665511,0.9516637,0.3035777,0.2356741,-0.2848425,0.9291515,moving,20.35369,-6.678443,-4.586051,8.47374,19.365066575189697,-0.7675981324764996,29.181832204516738,25.67213204195018,28.89233118716509
831,831,05/15/2023 13:23:37.553705,1060,True,True,True,True,Eyes,1.038451,0.1020732,-3.573624,0.3353633,-0.1111586,0.935508,0.0,0.0,0.0,0.0,0.0,0.0,0.0,-1.943094,1.067484,3.107021,1.240135,0.1025354,-3.608361,0.1507043,0.1089164,0.0428756,0.9816248,16.65035,13.69048,7.014721,0.2569659,0.02842793,-0.9660019,0.0,0.0,0.0,1.432158,0.05714174,-2.66364,-0.07893026,0.1594242,1.086868,0.9725978,0.1170038,-0.200907,-0.05134715,0.9508998,0.3052098,0.2267531,-0.2865305,0.9308509,moving,19.72187,-6.77621,-4.153629,8.344766,18.75049921208672,-0.8817412773811624,28.26098667229396,24.692661373275953,27.98168594493482
832,832,05/15/2023 13:23:37.563442,1061,True,True,True,True,Eyes,1.047639,0.1020426,-3.574707,0.3248947,-0.1132566,0.9389442,0.0,0.0,0.0,0.0,0.0,0.0,0.0,-1.912567,1.05643,3.1325,1.248974,0.1026543,-3.607774,0.1482792,0.1029784,0.04410831,0.9825799,16.39799,12.97847,7.018462,0.2591693,0.0283276,-0.965416,0.0,0.0,0.0,1.42964,0.05483039,-2.663586,-0.07181132,0.1574335,1.084347,0.9748998,0.117219,-0.1892883,-0.05614078,0.9521356,0.3004766,0.2154497,-0.2823078,0.9348175,moving,19.08671,-6.877858,-3.788902,8.2609,18.132591313250543,-0.9997337686659576,27.43128903564519,23.797294108369645,27.16100713502579
833,833,05/15/2023 13:23:37.589293,1062,True,True,True,True,Eyes,1.056827,0.1020164,-3.575725,0.3141659,-0.1155025,0.9423158,0.0,0.0,0.0,0.0,0.0,0.0,0.0,-1.879106,1.070228,3.151981,1.258218,0.1022423,-3.608025,0.1497731,0.09667455,0.04463543,0.9829699,16.60755,12.25612,6.995392,0.2613721,0.02823383,-0.9648246,0.0,0.0,0.0,1.427042,0.05244486,-2.663531,-0.06534123,0.1604144,1.081268,0.9773234,0.1167091,-0.1766859,-0.05879207,0.9511514,0.3030752,0.2034267,-0.2858147,0.936444,moving,18.43827,-6.98806,-3.458189,8.438714,17.501588816396573,-1.1263960752846378,26.785075560575837,23.039175698471105,26.518946055487994
834,834,05/15/2023 13:23:37.603650,1063,True,True,True,True,Eyes,1.066014,0.1019899,-3.576708,0.3034782,-0.1176689,0.9455448,0.0,0.0,0.0,0.0,0.0,0.0,0.0,-1.852759,1.078039,3.168308,1.267889,0.1023868,-3.607635,0.1506995,0.09131958,0.04474181,0.9833355,16.7505,11.63267,6.928734,0.2635738,0.02814612,-0.964228,0.0,0.0,0.0,1.424548,0.05015497,-2.663478,-0.06033912,0.1653928,1.078136,0.9793178,0.115516,-0.1661104,-0.06046877,0.9505757,0.3045479,0.1930807,-0.2882047,0.9379008,moving,17.79434,-7.093738,-3.203283,8.72154,16.87507750416654,-1.2485519442455422,26.28731994455526,22.417477420797923,26.02443588246916
835,835,05/15/2023 13:23:37.623734,1064,True,True,True,True,Eyes,1.075163,0.1019632,-3.577632,0.2926026,-0.1199479,0.9486812,0.0,0.0,0.0,0.0,0.0,0.0,0.0,-1.833506,1.075799,3.184195,1.277139,0.1023874,-3.607855,0.1507306,0.08682164,0.04350306,0.9837935,16.79939,11.07792,6.704696,0.2657747,0.02806385,-0.9636261,0.0,0.0,0.0,1.421907,0.04773109,-2.663422,-0.05622151,0.16205,1.07601,0.9811389,0.1117694,-0.1577147,-0.05942271,0.9507755,0.3041297,0.1839436,-0.2890216,0.9394845,moving,17.14138,-7.206039,-2.990983,8.564529,16.23964026598709,-1.3773812209589489,25.573870551920628,21.648520735605285,25.322376714707584
836,836,05/15/2023 13:23:37.633717,1065,True,True,True,True,Eyes,1.084323,0.1019298,-3.578505,0.2817515,-0.1220572,0.9516923,0.0,0.0,0.0,0.0,0.0,0.0,0.0,-1.813571,1.077947,3.198414,1.286566,0.102477,-3.607646,0.1512946,0.08230484,0.04257149,0.984136,16.90473,10.5316,6.523214,0.2679737,0.02798654,-0.9630192,0.0,0.0,0.0,1.419303,0.04534002,-2.663367,-0.05222648,0.1645746,1.072987,0.9828272,0.1086968,-0.1491166,-0.0588877,0.9505953,0.3047966,0.1748799,-0.2907812,0.9406717,moving,16.49155,-7.308446,-2.786611,8.720063,15.607504154242482,-1.496566043873436,25.071110711434425,21.040983373589057,24.826744586938908
837,837,05/15/2023 13:23:37.653845,1066,True,True,True,True,Eyes,1.093526,0.1018644,-3.57935,0.2706363,-0.1242736,0.9546267,0.0,0.0,0.0,0.0,0.0,0.0,0.0,-1.791611,1.071488,3.216405,1.296056,0.1022753,-3.607353,0.1501549,0.07754555,0.04248681,0.9847006,16.80563,9.954156,6.415238,0.2701708,0.02791352,-0.9624072,0.0,0.0,0.0,1.416836,0.04307467,-2.663315,-0.04926977,0.1628299,1.070182,0.9843631,0.1069612,-0.1399591,-0.06038587,0.9512967,0.3023045,0.1654775,-0.2891259,0.9428804,moving,15.82801,-7.417073,-2.63596,8.651288,14.961920647137347,-1.622182186510842,24.476732081452806,20.377183145469797,24.243335559578533
838,838,05/15/2023 13:23:37.663365,1067,True,True,True,True,Eyes,1.102757,0.1017967,-3.580175,0.2596126,-0.1265588,0.957384,0.0,0.0,0.0,0.0,0.0,0.0,0.0,-1.771405,1.075066,3.230566,1.305962,0.1014585,-3.607543,0.1506719,0.07299338,0.04177779,0.9849998,16.90134,9.406982,6.258058,0.2723671,0.02784351,-0.96179,0.0,0.0,0.0,1.414217,0.04067059,-2.663259,-0.04958913,0.1697667,1.066587,0.9858531,0.1042983,-0.1312075,-0.06030611,0.9511052,0.3029226,0.1563864,-0.2907246,0.9439399,moving,15.17197,-7.530398,-2.661952,9.043803,14.32347258487408,-1.7520960569636177,24.346517465347794,20.1260051867377,24.117869400465977
839,839,05/15/2023 13:23:37.690165,1068,True,True,True,True,Eyes,1.112018,0.1017308,-3.580963,0.2483358,-0.1289605,0.9600514,0.0,0.0,0.0,0.0,0.0,0.0,0.0,-1.753372,1.088141,3.240494,1.31596,0.1013907,-3.607927,0.1525844,0.06886411,0.04129677,0.9850231,17.15218,8.926605,6.150281,0.274563,0.02777617,-0.9611673,0.0,0.0,0.0,1.411733,0.03838979,-2.663206,-0.05038637,0.1712869,1.063271,0.9871047,0.1023717,-0.123063,-0.06034137,0.9500251,0.306286,0.1482679,-0.2949106,0.9439515,moving,14.50278,-7.650554,-2.713107,9.151398,13.67210281122501,-1.8890132156904744,24.05602536178978,19.75767649217408,23.83654610135891
840,840,05/15/2023 13:23:37.704527,1069,True,True,True,True,Eyes,1.121311,0.1016522,-3.581736,0.2370863,-0.131189,0.96259,0.0,0.0,0.0,0.0,0.0,0.0,0.0,-1.734367,1.090543,3.253913,1.325965,0.1013901,-3.60788,0.1526946,0.06460816,0.04138179,0.9852907,17.19052,8.424013,6.085515,0.2767591,0.02771127,-0.9605392,0.0,0.0,0.0,1.409119,0.03599014,-2.663151,-0.05040687,0.1675685,1.061098,0.9882267,0.1012768,-0.1146781,-0.06181554,0.9499438,0.3062443,0.1399532,-0.2955499,0.9450203,moving,13.83657,-7.760884,-2.71976,8.974036,13.02388703857897,-2.016356234495912,23.54080734544378,19.200290194250307,23.33446998397842
841,841,05/15/2023 13:23:37.713200,1070,True,True,True,True,Eyes,1.13071,0.1015372,-3.582334,0.2255867,-0.1335462,0.9650265,0.0,0.0,0.0,0.0,0.0,0.0,0.0,-1.715462,1.079974,3.268128,1.337785,0.1007849,-3.604162,0.1517396,0.05983278,0.03969688,0.985809,17.12289,7.819032,5.790843,0.2789556,0.02764824,-0.9599054,0.0,0.0,0.0,1.406563,0.03364377,-2.663097,-0.04903543,0.1632679,1.05841,0.9896884,0.09642508,-0.1059202,-0.06010909,0.9507986,0.3039227,0.1300146,-0.2944221,0.9467903,moving,13.15732,-7.878897,-2.652578,8.769196,12.362832853262496,-2.1515211515124326,22.958917119652074,18.56676132758783,22.76630983963118
842,842,05/15/2023 13:23:37.733429,1071,True,True,True,True,Eyes,1.140204,0.1013749,-3.582759,0.214101,-0.1357941,0.9673265,0.0,0.0,0.0,0.0,0.0,0.0,0.0,-1.69331,1.08156,3.280049,1.349565,0.09986117,-3.600624,0.1525579,0.05466494,0.03787348,0.9860545,17.26072,7.180178,5.490385,0.2811553,0.02758603,-0.9592652,0.0,0.0,0.0,1.403901,0.03119978,-2.66304,-0.0459626,0.1593582,1.055856,0.9911547,0.09136979,-0.09624943,-0.05801149,0.9505834,0.3050016,0.119361,-0.2967202,0.9474756,moving,12.48023,-7.991012,-2.492577,8.582761,11.70403140637118,-2.280927604186796,22.33550762608224,17.87633688238692,22.156839309581002
843,843,05/15/2023 13:23:37.753649,1072,True,True,True,True,Eyes,1.149719,0.1011799,-3.583195,0.2023899,-0.1381744,0.9695082,0.0,0.0,0.0,0.0,0.0,0.0,0.0,-1.668586,1.079347,3.298181,1.359781,0.09884593,-3.601166,0.1524671,0.04932405,0.03640664,0.9864053,17.28935,6.519351,5.219676,0.2833616,0.02752337,-0.9586177,0.0,0.0,0.0,1.401484,0.02898049,-2.662989,-0.0413909,0.1581293,1.053185,0.9924834,0.08686398,-0.08620538,-0.0567828,0.9508566,0.3043802,0.1084086,-0.2971973,0.9486418,moving,11.79146,-8.111176,-2.250606,8.53883,11.033698691066824,-2.4184664479247457,21.78077862126127,17.220194440621288,21.615352745712933
844,844,05/15/2023 13:23:37.763345,1073,True,True,True,True,Eyes,1.159262,0.1009465,-3.583649,0.1906697,-0.1404599,0.9715534,0.0,0.0,0.0,0.0,0.0,0.0,0.0,-1.642493,1.083755,3.314856,1.370056,0.09793611,-3.601934,0.1530463,0.04393473,0.03560654,0.9865996,17.38928,5.8696,5.032213,0.2855735,0.02745944,-0.9579629,0.0,0.0,0.0,1.398848,0.02656011,-2.662933,-0.03783345,0.1558158,1.049956,0.9936038,0.08370689,-0.07579308,-0.05681068,0.950618,0.3051197,0.09759088,-0.2988622,0.9492931,moving,11.10332,-8.226396,-2.063667,8.441214,10.36411093385876,-2.551215277945899,21.240969134440853,16.591659525314185,21.089208690141685
845,845,05/15/2023 13:23:37.783990,1074,True,True,True,True,Eyes,1.168825,0.1006608,-3.584135,0.1786775,-0.1427879,0.9734917,0.0,0.0,0.0,0.0,0.0,0.0,0.0,-1.613144,1.086612,3.333612,1.380385,0.0967907,-3.602928,0.1529059,0.03822453,0.03581206,0.9868517,17.40074,5.194616,4.952066,0.2877902,0.02739332,-0.9573013,0.0,0.0,0.0,1.396253,0.02417782,-2.662878,-0.03533363,0.1547991,1.046848,0.9945127,0.08237189,-0.06449212,-0.05899286,0.9506745,0.3045287,0.08639562,-0.2990531,0.9503173,moving,10.40048,-8.344417,-1.933136,8.411466,9.68021022561842,-2.687127620741821,20.805713127531703,16.063890902096436,20.66733575435807
846,846,05/15/2023 13:23:37.803367,1075,True,True,True,True,Eyes,1.178437,0.1003506,-3.584659,0.1667223,-0.1450778,0.9752723,0.0,0.0,0.0,0.0,0.0,0.0,0.0,-1.584276,1.090738,3.351901,1.390983,0.09530799,-3.604298,0.1529238,0.03256953,0.03593469,0.9870473,17.43029,4.52587,4.86414,0.2900113,0.02732381,-0.9566327,0.0,0.0,0.0,1.393684,0.02181958,-2.662823,-0.03253496,0.1539535,1.043408,0.9952959,0.08089978,-0.05330478,-0.06097716,0.950646,0.3042268,0.07528586,-0.2995453,0.9511071,moving,9.700911,-8.461059,-1.785986,8.393356,8.99951500062071,-2.8216068559891374,20.396570978496214,15.559640860110056,20.27164715022161
847,847,05/15/2023 13:23:37.813242,1076,True,True,True,True,Eyes,1.188125,0.1000148,-3.585208,0.1545475,-0.1473023,0.9769427,0.0,0.0,0.0,0.0,0.0,0.0,0.0,-1.557001,1.099629,3.367845,1.401854,0.09442043,-3.605788,0.1534107,0.02726184,0.03677723,0.9871016,17.50918,3.914475,4.870501,0.2922361,0.02725059,-0.9559575,0.0,0.0,0.0,1.391042,0.01939373,-2.662767,-0.03050002,0.1514323,1.040102,0.9958085,0.08097024,-0.04253636,-0.06424122,0.9502252,0.3048691,0.06510444,-0.3008586,0.9514439,moving,8.989416,-8.574405,-1.679663,8.283697,8.307359632722479,-2.95327987981234,19.95056013626297,15.033637965041866,19.839512991115324
848,848,05/15/2023 13:23:37.833217,1077,True,True,True,True,Eyes,1.19786,0.09964498,-3.585805,0.1424513,-0.1493547,0.9784686,0.0,0.0,0.0,0.0,0.0,0.0,0.0,-1.533529,1.096054,3.385565,1.412845,0.0934304,-3.606971,0.1519428,0.02249359,0.03802419,0.9874015,17.35831,3.362114,4.924035,0.2944658,0.0271733,-0.9552752,0.0,0.0,0.0,1.388557,0.01711212,-2.662714,-0.03015494,0.1516755,1.036247,0.9960964,0.08192576,-0.03286541,-0.0682548,0.9509351,0.3017676,0.05597541,-0.2983464,0.9528148,moving,8.283266,-8.67871,-1.666845,8.32725,7.620627300752638,-3.0760620185676606,19.70297907510235,14.706891810646365,19.604691425888937
849,849,05/15/2023 13:23:37.853892,1078,True,True,True,True,Eyes,1.207677,0.09924025,-3.586439,0.1301702,-0.1513802,0.9798672,0.0,0.0,0.0,0.0,0.0,0.0,0.0,-1.509386,1.093947,3.403535,1.423767,0.09221695,-3.608795,0.150615,0.01767712,0.03932823,0.9876518,17.2247,2.806344,4.985741,0.2967002,0.02709141,-0.9545859,0.0,0.0,0.0,1.386113,0.01486825,-2.662663,-0.03170583,0.1519944,1.032279,0.9962816,0.08301006,-0.02307084,-0.07236031,0.9515368,0.2989007,0.04676452,-0.2961198,0.9540053,moving,7.567136,-8.782228,-1.759253,8.376136,6.924251057882259,-3.198397754785632,19.52923416152863,14.469729588486775,19.443077983368322
850,850,05/15/2023 13:23:37.873384,1079,True,True,True,True,Eyes,1.217537,0.0988108,-3.587132,0.1179701,-0.1533559,0.981104,0.0,0.0,0.0,0.0,0.0,0.0,0.0,-1.485072,1.092821,3.420795,1.434754,0.09093426,-3.610367,0.1496054,0.01280194,0.04023023,0.9878441,17.13017,2.238707,5.001416,0.2989392,0.02700445,-0.9538896,0.0,0.0,0.0,1.383513,0.01248142,-2.662607,-0.03426805,0.1528457,1.028308,0.9964353,0.08331288,-0.01325533,-0.07565192,0.9519995,0.2966037,0.03732997,-0.2945436,0.9549087,moving,6.856455,-8.883987,-1.908658,8.454433,6.233199997245605,-3.318865442229048,19.42802136088925,14.314342732277481,19.353039895133715
851,851,05/15/2023 13:23:37.883507,1080,True,True,True,True,Eyes,1.227451,0.09836052,-3.587912,0.1056297,-0.1553302,0.982199,0.0,0.0,0.0,0.0,0.0,0.0,0.0,-1.459439,1.100422,3.436241,1.445733,0.089909,-3.612535,0.1497169,0.00786794,0.04148456,0.9878269,17.1657,1.677289,5.062706,0.3011827,0.02691223,-0.9531863,0.0,0.0,0.0,1.38094,0.0101193,-2.662553,-0.03750283,0.1537704,1.024279,0.9964343,0.08431505,-0.003122444,-0.07960319,0.9517277,0.2964416,0.02796621,-0.295136,0.9550458,moving,6.13823,-8.986634,-2.096885,8.537803,5.5348185526248015,-3.440426479452401,19.36292878751027,14.202847622134392,19.298314039396484
852,852,05/15/2023 13:23:37.903396,1081,True,True,True,True,Eyes,1.23743,0.09788429,-3.58872,0.09337533,-0.1572348,0.983137,0.0,0.0,0.0,0.0,0.0,0.0,0.0,-1.430154,1.105331,3.454555,1.456522,0.08893232,-3.615479,0.1492259,0.002527492,0.04320807,0.9878556,17.13408,1.072636,5.170551,0.3034301,0.02681465,-0.952476,0.0,0.0,0.0,1.378422,0.007807654,-2.662499,-0.04142994,0.1561278,1.020153,0.9962533,0.08612097,0.007901926,-0.08461231,0.9517294,0.2950456,0.01788911,-0.2946087,0.9554505,moving,5.425502,-9.086461,-2.32559,8.701232,4.8418377097177805,-3.559094248226322,19.403129888106015,14.201676650557058,19.347532366657813
853,853,05/15/2023 13:23:37.913211,1082,True,True,True,True,Eyes,1.247538,0.09740654,-3.589529,0.08094385,-0.1592635,0.9839122,0.0,0.0,0.0,0.0,0.0,0.0,0.0,-1.405291,1.110361,3.469656,1.468162,0.08783033,-3.617049,0.1490953,-0.002385676,0.04420355,0.9878316,17.14393,0.5077353,5.200866,0.3056816,0.02671157,-0.9517586,0.0,0.0,0.0,1.375671,0.005281859,-2.662441,-0.0455288,0.157507,1.015801,0.9960807,0.08661994,0.01789438,-0.08804271,0.9516333,0.2943512,0.008467793,-0.294773,0.9555298,moving,4.702982,-9.19458,-2.566314,8.813923,4.139147451119958,-3.686069666967488,19.420320405096952,14.18495787609878,19.372824451993456
854,854,05/15/2023 13:23:37.933150,1083,True,True,True,True,Eyes,1.257696,0.09698258,-3.590338,0.06858169,-0.1613027,0.9845192,0.0,0.0,0.0,0.0,0.0,0.0,0.0,-1.380142,1.120751,3.482297,1.479911,0.08725105,-3.617944,0.1495228,-0.007188099,0.04596113,0.9876634,17.21853,359.9727,5.324573,0.3079393,0.02660348,-0.9510337,0.0,0.0,0.0,1.373258,0.003066698,-2.66239,-0.04918334,0.1582348,1.011804,0.9956718,0.08863869,0.02794332,-0.09293782,0.951061,0.2946956,-0.0004543746,-0.2960171,0.9551826,moving,3.984792,-9.30462,-2.782931,8.888419,3.4405983011976744,-3.814762803363391,19.411046923343676,14.145781876311002,19.370739328073654
855,855,05/15/2023 13:23:37.953640,1084,True,True,True,True,Eyes,1.267959,0.09665071,-3.591121,0.05594258,-0.1635423,0.9849489,0.0,0.0,0.0,0.0,0.0,0.0,0.0,-1.35088,1.131756,3.496052,1.491354,0.08811633,-3.618871,0.1502399,-0.01249807,0.04770183,0.9874191,17.33103,359.3789,5.43691,0.3102026,0.02649231,-0.9503009,0.0,0.0,0.0,1.370607,0.0006323288,-2.662334,-0.05350184,0.1603297,1.007401,0.9951367,0.09044798,0.03901509,-0.0979588,0.950305,0.2955071,-0.01034822,-0.2978919,0.9545436,moving,3.250761,-9.427461,-3.040055,9.042892,2.72635847831121,-3.956303812626655,19.512260399309582,14.220781138104178,19.477509223602738
856,856,05/15/2023 13:23:37.973889,1085,True,True,True,True,Eyes,1.278296,0.09631908,-3.591935,0.04326646,-0.1657662,0.9852155,0.0,0.0,0.0,0.0,0.0,0.0,0.0,-1.310603,1.149713,3.510933,1.50325,0.08997248,-3.619159,0.1519388,-0.01926268,0.04981224,0.986946,17.56754,358.6245,5.566103,0.3124737,0.02638076,-0.9495596,0.0,0.0,0.0,1.368146,-0.001627063,-2.662282,-0.05808049,0.1611484,1.00319,0.9942954,0.09247047,0.05315928,-0.1041775,0.9488667,0.2979919,-0.02288562,-0.3018299,0.9530871,moving,2.514571,-9.550775,-3.313488,9.125808,2.0100148213977413,-4.098368899149116,19.56479042216834,14.255473929316373,19.534144449503994
857,857,05/15/2023 13:23:37.988612,1086,True,True,True,True,Eyes,1.288712,0.09607551,-3.592759,0.03050537,-0.1685527,0.9852206,0.0,0.0,0.0,0.0,0.0,0.0,0.0,-1.275545,1.156297,3.528675,1.515498,0.0897336,-3.620883,0.1531596,-0.02593059,0.04816072,0.9866866,17.74244,357.8087,5.246774,0.3147521,0.02626887,-0.94881,0.0,0.0,0.0,1.36556,-0.004000986,-2.662226,-0.06341627,0.1615625,0.9989483,0.9940163,0.08709604,0.06592328,-0.1029821,0.9484454,0.2997433,-0.03641819,-0.3047386,0.9517395,moving,1.773482,-9.708244,-3.632436,9.187044,1.2879952269502937,-4.2735423344005055,19.653393041041742,14.331714060955766,19.624801179716236
858,858,05/15/2023 13:23:38.003488,1087,True,True,True,True,Eyes,1.299167,0.09600715,-3.593481,0.01783616,-0.1709733,0.9851142,0.0,0.0,0.0,0.0,0.0,0.0,0.0,-1.253584,1.210823,3.524681,1.527687,0.09177952,-3.621974,0.1611021,-0.0303515,0.04751307,0.9853262,18.68471,357.3073,5.078331,0.3170378,0.02615898,-0.9480517,0.0,0.0,0.0,1.362948,-0.006399305,-2.662171,-0.06854442,0.1601933,0.9948646,0.9936426,0.08385234,0.07512114,-0.1034111,0.9435772,0.314592,-0.04450333,-0.3203603,0.9462498,moving,1.037266,-9.845998,-3.94135,9.147263,0.5712326210931938,-4.429540788584242,19.634932663230018,14.30709624717426,19.60701549303085
859,859,05/15/2023 13:23:38.013613,1088,True,True,True,True,Eyes,1.309649,0.09593251,-3.594184,0.004966795,-0.1726952,0.9849628,0.0,0.0,0.0,0.0,0.0,0.0,0.0,-1.22728,1.186231,3.545707,1.539161,0.09583001,-3.620386,0.1573241,-0.03540148,0.04927078,0.9856816,18.27822,356.7226,5.195873,0.3193316,0.02605551,-0.9472844,0.0,0.0,0.0,1.360412,-0.008727735,-2.662117,-0.07090583,0.1548066,0.9918076,0.9926382,0.0859916,0.08529213,-0.1082696,0.9456431,0.3066544,-0.05428622,-0.3136314,0.9479917,moving,0.2889185,-9.944683,-4.089205,8.871445,-0.1562136446173894,-4.54822360283596,19.318763891451134,13.984131235491732,19.292491647055716
860,860,05/15/2023 13:23:38.033205,1089,True,True,True,True,Eyes,1.320155,0.09580909,-3.594926,-0.007732583,-0.1748552,0.9845638,0.0,0.0,0.0,0.0,0.0,0.0,0.0,-1.210189,1.130648,3.574731,1.55006,0.0955604,-3.620747,0.1505681,-0.04001323,0.04583725,0.9867255,17.50607,356.0822,4.71595,0.3216322,0.02595766,-0.9465084,0.0,0.0,0.0,1.357795,-0.01113028,-2.662062,-0.07161424,0.147282,0.9887077,0.9925958,0.07840814,0.0927674,-0.102507,0.9504564,0.2934705,-0.06516089,-0.3008069,0.9514564,moving,-0.4499812,-10.07054,-4.142823,8.472713,-0.8752509217023882,-4.6928272912780455,18.907387772556955,13.564972482395081,18.882464062189822
861,861,05/15/2023 13:23:38.053395,1090,True,True,True,True,Eyes,1.330668,0.09573837,-3.595622,-0.02051586,-0.1772365,0.9839544,0.0,0.0,0.0,0.0,0.0,0.0,0.0,-1.188319,1.180121,3.57271,1.561244,0.09446101,-3.622518,0.1577572,-0.04443799,0.04400539,0.9854955,18.3517,355.5464,4.393715,0.3239388,0.02586357,-0.9457241,0.0,0.0,0.0,1.355371,-0.01335607,-2.66201,-0.07248941,0.1473471,0.9848827,0.9921775,0.0727134,0.1014712,-0.100755,0.9463524,0.307027,-0.07370253,-0.314849,0.9462759,moving,-1.194468,-10.211,-4.209498,8.508841,-1.600097374120496,-4.851695997568648,18.96108786346873,13.61296883452471,18.93443206719538
862,862,05/15/2023 13:23:38.063420,1091,True,True,True,True,Eyes,1.341149,0.09571032,-3.596308,-0.03311043,-0.1795171,0.9831975,0.0,0.0,0.0,0.0,0.0,0.0,0.0,-1.16902,1.210153,3.573241,1.571554,0.09572284,-3.622179,0.1617182,-0.04817834,0.04458984,0.9846512,18.83044,355.1237,4.376647,0.3262502,0.02577426,-0.9449317,0.0,0.0,0.0,1.352759,-0.01575383,-2.661955,-0.07481933,0.147991,0.9802981,0.9913812,0.07222824,0.1092997,-0.1033935,0.9437179,0.3141755,-0.08045575,-0.3227686,0.9430521,moving,-1.928779,-10.34737,-4.364526,8.58485,-2.314977296052553,-5.006299353301693,19.088263870148303,13.744816864316732,19.05679494097883
863,863,05/15/2023 13:23:38.083523,1092,True,True,True,True,Eyes,1.351525,0.09568623,-3.59697,-0.0456453,-0.1818151,0.9822728,0.0,0.0,0.0,0.0,0.0,0.0,0.0,-1.147636,1.211621,3.584564,1.581363,0.09671052,-3.622724,0.1614727,-0.05220268,0.04551074,0.9844442,18.82467,354.6602,4.407988,0.3285651,0.02569034,-0.9441316,0.0,0.0,0.0,1.350239,-0.01806745,-2.661901,-0.07864147,0.146341,0.9768443,0.9904073,0.07274695,0.1174787,-0.1064642,0.9437107,0.3131701,-0.08808376,-0.3226732,0.9424029,moving,-2.660567,-10.48655,-4.602707,8.520117,-3.027490384468293,-5.163534847365564,19.1056352479704,13.774020301486352,19.066773372920977
864,864,05/15/2023 13:23:38.103640,1093,True,True,True,True,Eyes,1.361858,0.0956576,-3.597583,-0.05816448,-0.1839913,0.9812055,0.0,0.0,0.0,0.0,0.0,0.0,0.0,-1.116684,1.22427,3.594213,1.590695,0.09681034,-3.622776,0.1621708,-0.05715377,0.04782672,0.9839445,18.94141,354.1162,4.583233,0.3308798,0.02561143,-0.943325,0.0,0.0,0.0,1.347653,-0.0204416,-2.661847,-0.08442567,0.1541821,0.9719328,0.9888921,0.07558032,0.1279845,-0.112655,0.9428266,0.3136671,-0.09696008,-0.324601,0.9408681,moving,-3.392444,-10.62052,-4.964462,9.013979,-3.739947594056112,-5.315746220971135,19.69732955436663,14.381949118214136,19.64541129801529
865,865,05/15/2023 13:23:38.113462,1094,True,True,True,True,Eyes,1.372116,0.09560633,-3.598151,-0.07091117,-0.1861713,0.979955,0.0,0.0,0.0,0.0,0.0,0.0,0.0,-1.074174,1.224225,3.610884,1.600109,0.09660061,-3.622344,0.1606493,-0.0635232,0.05129938,0.9836286,18.81756,353.4189,4.879205,0.333193,0.02553694,-0.9425125,0.0,0.0,0.0,1.344939,-0.02293316,-2.661789,-0.08858675,0.1478903,0.968303,0.9866664,0.08050915,0.1414488,-0.121329,0.9431204,0.3095209,-0.108484,-0.3225558,0.9403132,moving,-4.138803,-10.75683,-5.227245,8.683758,-4.466494056170588,-5.470669471939602,19.47103407046241,14.174856579766013,19.407865241798966
866,866,05/15/2023 13:23:38.133224,1095,True,True,True,True,Eyes,1.38234,0.09555063,-3.598654,-0.08377387,-0.1883816,0.9785164,0.0,0.0,0.0,0.0,0.0,0.0,0.0,-1.023469,1.229604,3.627428,1.609482,0.09601595,-3.621878,0.1602477,-0.07106517,0.05372812,0.9830483,18.82622,352.5636,5.022211,0.335503,0.02546587,-0.9416947,0.0,0.0,0.0,1.342424,-0.02524268,-2.661736,-0.09290759,0.1446645,0.9653419,0.9841261,0.0828586,0.1569406,-0.1284107,0.9428679,0.3074261,-0.1225013,-0.3226989,0.9385409,moving,-4.89334,-10.89712,-5.497397,8.522824,-5.20106923152815,-5.629689294448611,19.42933631965809,14.155615235513862,19.351884166272235
867,867,05/15/2023 13:23:38.153385,1096,True,True,True,True,Eyes,1.392491,0.09549759,-3.599086,-0.09699065,-0.1904613,0.9768916,0.0,0.0,0.0,0.0,0.0,0.0,0.0,-0.9689118,1.241074,3.641828,1.619037,0.09588981,-3.620979,0.16131,-0.07929335,0.05471106,0.9821907,18.99895,351.6008,4.968604,0.3378088,0.02539782,-0.9408718,0.0,0.0,0.0,1.339984,-0.02748221,-2.661684,-0.09673549,0.1501066,0.9618011,0.9814385,0.08189174,0.1734132,-0.133055,0.9419715,0.308198,-0.1381115,-0.3255509,0.9353833,moving,-5.670027,-11.03237,-5.743349,8.870492,-5.95695867165986,-5.784540784759538,19.902997058401226,14.656589474164974,19.806508267443803
868,868,05/15/2023 13:23:38.163698,1097,True,True,True,True,Eyes,1.402596,0.09544906,-3.599442,-0.1102108,-0.1925032,0.9750878,0.0,0.0,0.0,0.0,0.0,0.0,0.0,-0.9207925,1.240948,3.657243,1.628522,0.09599356,-3.61966,0.1615006,-0.08700406,0.0537642,0.9815587,19.05042,350.6582,4.69952,0.3401096,0.02533258,-0.9400443,0.0,0.0,0.0,1.337315,-0.0299329,-2.661627,-0.1001401,0.1546514,0.9589979,0.9790794,0.077443,0.1881651,-0.1336478,0.9420539,0.3076893,-0.1534333,-0.3264001,0.9326956,moving,-6.448575,-11.1678,-5.961312,9.160852,-6.714655350623932,-5.939624304551113,20.33449083130121,15.119256292167249,20.216858920994326
869,869,05/15/2023 13:23:38.183429,1098,True,True,True,True,Eyes,1.412598,0.09538744,-3.599738,-0.1233914,-0.1944963,0.9731113,0.0,0.0,0.0,0.0,0.0,0.0,0.0,-0.8809927,1.246234,3.667947,1.637675,0.09615052,-3.618268,0.1630143,-0.09378248,0.05117153,0.9808225,19.23079,349.795,4.23974,0.3424048,0.02527005,-0.9392124,0.0,0.0,0.0,1.334849,-0.03219636,-2.661575,-0.1007217,0.1548677,0.9572513,0.9771727,0.06980459,0.2006513,-0.1309561,0.9416156,0.3101782,-0.1672845,-0.3293742,0.9292624,moving,-7.226593,-11.3028,-6.006545,9.189898,-7.4718270125014,-6.094276316213347,20.52898410641666,15.35425139512037,20.391734337381376
870,870,05/15/2023 13:23:38.203517,1099,True,True,True,True,Eyes,1.422539,0.09532098,-3.599962,-0.1364652,-0.1965072,0.9709595,0.0,0.0,0.0,0.0,0.0,0.0,0.0,-0.8441524,1.251549,3.677457,1.646418,0.0959058,-3.617011,0.1645694,-0.1001481,0.04824935,0.9800813,19.40521,348.9718,3.745508,0.3446924,0.02520968,-0.9383768,0.0,0.0,0.0,1.332191,-0.03463737,-2.661518,-0.101431,0.1513939,0.9555954,0.9752847,0.06161395,0.2121872,-0.1275392,0.9411778,0.3129187,-0.1804258,-0.332247,0.9257746,moving,-8.000331,-11.44124,-6.058936,9.002486,-8.224947411468642,-6.25211323297365,20.535699338203724,15.407608613709417,20.377471135030138
871,871,05/15/2023 13:23:38.213269,1100,True,True,True,True,Eyes,1.432411,0.09527285,-3.600114,-0.1494016,-0.1985017,0.9686466,0.0,0.0,0.0,0.0,0.0,0.0,0.0,-0.8132672,1.263475,3.682778,1.65502,0.09581502,-3.615572,0.1668088,-0.1055742,0.04604037,0.979239,19.65847,348.2728,3.345024,0.3469715,0.02515118,-0.9375381,0.0,0.0,0.0,1.329523,-0.03708661,-2.661462,-0.1027147,0.1476849,0.9539174,0.9734688,0.05494765,0.2221246,-0.1253905,0.9401102,0.3169701,-0.1914048,-0.3364128,0.9220579,moving,-8.768061,-11.5811,-6.145743,8.800629,-8.972287940250494,-6.411131856720775,20.54973062408763,15.472137042481172,20.36784046664228
872,872,05/15/2023 13:23:38.233223,1101,True,True,True,True,Eyes,1.442215,0.09521811,-3.600204,-0.162134,-0.2004438,0.9661961,0.0,0.0,0.0,0.0,0.0,0.0,0.0,-0.7846496,1.277765,3.686312,1.663459,0.0962749,-3.613985,0.168889,-0.1104131,0.045498,0.9783739,19.90858,347.6761,3.154075,0.3492416,0.02509488,-0.9366964,0.0,0.0,0.0,1.32697,-0.03943035,-2.661408,-0.1056823,0.1436496,0.9524215,0.9714777,0.05173299,0.2314189,-0.1263233,0.9388129,0.320426,-0.2006825,-0.3405203,0.9185708,moving,-9.525856,-11.72014,-6.331734,8.577026,-9.709984317711069,-6.569047766936476,20.54695507812386,15.518251375802501,20.337987483308606
873,873,05/15/2023 13:23:38.253263,1102,True,True,True,True,Eyes,1.451891,0.09518538,-3.600243,-0.1745447,-0.2025116,0.9635991,0.0,0.0,0.0,0.0,0.0,0.0,0.0,-0.7610934,1.283165,3.691802,1.671741,0.0960943,-3.612647,0.1696103,-0.1145722,0.04509752,0.9777893,19.99999,347.1644,3.008961,0.3515022,0.02504043,-0.9358519,0.0,0.0,0.0,1.324601,-0.04160565,-2.661357,-0.1098904,0.1415823,0.9510082,0.9696789,0.04932649,0.239353,-0.127057,0.9383972,0.3213523,-0.208757,-0.34202,0.9162111,moving,-10.26713,-11.86865,-6.591381,8.467772,-10.431938774261228,-6.735582838596675,20.665942767584664,15.680940098275972,20.426192764929226
874,874,05/15/2023 13:23:38.263432,1103,True,True,True,True,Eyes,1.461482,0.0951766,-3.600204,-0.1868182,-0.2044536,0.9608838,0.0,0.0,0.0,0.0,0.0,0.0,0.0,-0.7365399,1.30995,3.689567,1.679664,0.09665383,-3.611197,0.1728358,-0.1184685,0.04635271,0.9767009,20.40173,346.7141,3.033134,0.3537507,0.02498828,-0.9350056,0.0,0.0,0.0,1.321979,-0.04401272,-2.661302,-0.1152788,0.1387133,0.9493385,0.9676332,0.04959426,0.2474394,-0.1314966,0.9359584,0.326635,-0.2153938,-0.3486004,0.912186,moving,-11.00237,-12.01206,-6.923567,8.312988,-11.14791038449679,-6.897007926513521,20.73027279403513,15.785723078614414,20.45682576450017
875,875,05/15/2023 13:23:38.288499,1104,True,True,True,True,Eyes,1.470981,0.09515479,-3.600097,-0.1989146,-0.2063129,0.9580542,0.0,0.0,0.0,0.0,0.0,0.0,0.0,-0.7055472,1.306709,3.698436,1.687311,0.09721112,-3.609328,0.1721,-0.1233426,0.04715071,0.976189,20.34277,346.1417,3.032416,0.3559868,0.02493887,-0.9341578,0.0,0.0,0.0,1.31938,-0.04639895,-2.661247,-0.1210582,0.1353196,0.9482436,0.9651269,0.04960149,0.2570406,-0.1345105,0.9363168,0.3243729,-0.2245821,-0.3476357,0.9103364,moving,-11.7293,-12.15281,-7.275353,8.121589,-11.855761438372934,-7.055605916614062,20.75786353866915,15.853308392862788,20.448772752629417
876,876,05/15/2023 13:23:38.303589,1105,True,True,True,True,Eyes,1.480402,0.0951461,-3.599894,-0.2109545,-0.2081624,0.9550741,0.0,0.0,0.0,0.0,0.0,0.0,0.0,-0.6734352,1.316251,3.702801,1.694932,0.09687917,-3.607573,0.1727932,-0.1281817,0.04861726,0.9753709,20.4591,345.5845,3.092299,0.3582099,0.02489164,-0.9333089,0.0,0.0,0.0,1.316878,-0.04869618,-2.661194,-0.128357,0.1399172,0.9457862,0.9624116,0.05054189,0.2668508,-0.1391376,0.9355578,0.3246112,-0.2332479,-0.3495386,0.907424,moving,-12.45537,-12.29556,-7.728657,8.415157,-12.562834143085215,-7.216106656263277,21.24324867901466,16.361713606537208,20.889895399935327
877,877,05/15/2023 13:23:38.313184,1106,True,True,True,True,Eyes,1.489741,0.09514064,-3.599595,-0.2228822,-0.2097842,0.9520053,0.0,0.0,0.0,0.0,0.0,0.0,0.0,-0.6306703,1.321959,3.709447,1.702614,0.09717424,-3.605133,0.1727165,-0.1342265,0.05121893,0.9744376,20.5089,344.906,3.271665,0.3604197,0.02484678,-0.9324589,0.0,0.0,0.0,1.314245,-0.05111337,-2.661138,-0.1343552,0.1358195,0.9448532,0.9587197,0.05345305,0.2792833,-0.1461856,0.9350913,0.3228531,-0.2438979,-0.3503529,0.9043045,moving,-13.17669,-12.42711,-8.093026,8.180045,-13.265001179570174,-7.365652039290379,21.224949395909544,16.383467999648047,20.831738818063055
878,878,05/15/2023 13:23:38.333769,1107,True,True,True,True,Eyes,1.499027,0.09512156,-3.599189,-0.2347768,-0.2113554,0.9487933,0.0,0.0,0.0,0.0,0.0,0.0,0.0,-0.5894392,1.313987,3.720094,1.710505,0.09721762,-3.602474,0.1711862,-0.1403641,0.05246865,0.9737763,20.37259,344.1902,3.310122,0.362616,0.02480419,-0.9316081,0.0,0.0,0.0,1.311695,-0.05345415,-2.661083,-0.1404631,0.1363031,0.9435638,0.9550899,0.05412866,0.2913302,-0.1502422,0.9358846,0.3186648,-0.2554025,-0.3481236,0.9019864,moving,-13.89853,-12.5583,-8.467127,8.219834,-13.967662005657562,-7.514866378902101,21.476289043276658,16.66843368053178,21.037886097944625
879,879,05/15/2023 13:23:38.353430,1108,True,True,True,True,Eyes,1.508232,0.09508967,-3.598668,-0.2463551,-0.2128691,0.9455136,0.0,0.0,0.0,0.0,0.0,0.0,0.0,-0.5475122,1.315549,3.726824,1.718628,0.09687172,-3.599526,0.1709242,-0.146567,0.05375066,0.972838,20.38455,343.4638,3.331748,0.3647997,0.02476338,-0.9307563,0.0,0.0,0.0,1.3092,-0.05574533,-2.661031,-0.141672,0.1350791,0.9428359,0.9512579,0.05447769,0.3035465,-0.1546851,0.9357916,0.316807,-0.2667973,-0.3483193,0.8986061,moving,-14.60381,-12.6878,-8.545424,8.153222,-14.654238815013972,-7.661930839549307,21.70373790224808,16.953957584659655,21.226628894774933
880,880,05/15/2023 13:23:38.373376,1109,True,True,True,True,Eyes,1.517388,0.09502788,-3.598031,-0.2578618,-0.2143194,0.9421118,0.0,0.0,0.0,0.0,0.0,0.0,0.0,-0.5101501,1.312171,3.733701,1.726652,0.09653829,-3.596098,0.1702027,-0.1522978,0.05444283,0.9720455,20.33281,342.783,3.301321,0.3669704,0.0247239,-0.9299036,0.0,0.0,0.0,1.306552,-0.05817597,-2.660975,-0.1419374,0.1281266,0.9428941,0.9476827,0.0539988,0.3146135,-0.1576848,0.936134,0.3143066,-0.2775482,-0.3474726,0.8956728,moving,-15.30731,-12.81601,-8.560673,7.738328,-15.339056563025524,-7.807694818016482,21.63325961171855,16.959519721554138,21.121647951771052
881,881,05/15/2023 13:23:38.383459,1110,True,True,True,True,Eyes,1.526481,0.09492404,-3.597269,-0.2691673,-0.2158496,0.9385936,0.0,0.0,0.0,0.0,0.0,0.0,0.0,-0.4748572,1.313033,3.738526,1.734757,0.09576675,-3.592711,0.1700889,-0.1577897,0.05485842,0.9711657,20.34555,342.1233,3.23291,0.3691292,0.02468494,-0.9290498,0.0,0.0,0.0,1.304007,-0.06051246,-2.66092,-0.1415844,0.1295476,0.9427432,0.9441859,0.05287667,0.3251415,-0.1602298,0.9361207,0.3130568,-0.2878183,-0.3476812,0.8923444,moving,-16.00169,-12.9512,-8.541041,7.824328,-16.015232166632288,-7.95990753269158,22.074506725632286,17.46441023759026,21.521790159188104
882,882,05/15/2023 13:23:38.403508,1111,True,True,True,True,Eyes,1.535515,0.09478553,-3.596376,-0.2803771,-0.2173732,0.9349532,0.0,0.0,0.0,0.0,0.0,0.0,0.0,-0.4400281,1.320465,3.740122,1.742456,0.09467833,-3.588961,0.1708068,-0.1631246,0.05544499,0.9701244,20.45653,341.4828,3.172453,0.3712767,0.02464545,-0.9281948,0.0,0.0,0.0,1.301572,-0.0627486,-2.660869,-0.1433575,0.1293254,0.9420696,0.9406325,0.0518515,0.335443,-0.1633026,0.9355018,0.3133188,-0.2975615,-0.3494966,0.8884308,moving,-16.69312,-13.08853,-8.652487,7.816589,-16.68860912784097,-8.114092541350967,22.398119998000947,17.842810126925514,21.80088092772968
883,883,05/15/2023 13:23:38.413494,1112,True,True,True,True,Eyes,1.544532,0.09460802,-3.595353,-0.2912932,-0.2189492,0.9312409,0.0,0.0,0.0,0.0,0.0,0.0,0.0,-0.4075948,1.327335,3.741103,1.750183,0.09373382,-3.584951,0.1716036,-0.1682366,0.05560419,0.9691011,20.56758,340.8591,3.063252,0.3734134,0.02460467,-0.9273384,0.0,0.0,0.0,1.298861,-0.06523706,-2.660811,-0.1467852,0.1273601,0.9421758,0.9372092,0.05003214,0.3451602,-0.1655122,0.9349207,0.3138932,-0.3069927,-0.3513118,0.8844973,moving,-17.36975,-13.23082,-8.855146,7.698381,-17.34778792760076,-8.272599166033132,22.59490951022413,18.08859238233495,21.951405547792564
884,884,05/15/2023 13:23:38.433543,1113,True,True,True,True,Eyes,1.553489,0.09438428,-3.594211,-0.3021062,-0.2204919,0.9274238,0.0,0.0,0.0,0.0,0.0,0.0,0.0,-0.3745617,1.333608,3.742305,1.758023,0.09264363,-3.581121,0.1722441,-0.1733974,0.0559311,0.9680584,20.66366,340.2323,2.974656,0.3755403,0.02456182,-0.9264802,0.0,0.0,0.0,1.296302,-0.06758633,-2.660757,-0.1501136,0.1263739,0.9418658,0.9336101,0.04855578,0.3549851,-0.1680225,0.9344073,0.3140882,-0.3164499,-0.3528814,0.8805306,moving,-18.0429,-13.3736,-9.055579,7.641964,-18.00360979933626,-8.431469449568233,22.85663730724922,18.39626369792435,22.16457155432433
885,885,05/15/2023 13:23:38.453321,1114,True,True,True,True,Eyes,1.562423,0.09411769,-3.592933,-0.3127221,-0.2220662,0.9235212,0.0,0.0,0.0,0.0,0.0,0.0,0.0,-0.3437009,1.338129,3.74342,1.765625,0.09132701,-3.577169,0.1726099,-0.178251,0.05632335,0.9670886,20.72833,339.6447,2.905248,0.3776585,0.024516,-0.9256201,0.0,0.0,0.0,1.293699,-0.06997668,-2.660702,-0.1532371,0.1224567,0.9419918,0.9301086,0.04740359,0.3642128,-0.1704751,0.934067,0.3137787,-0.325325,-0.3539374,0.8768649,moving,-18.70709,-13.52043,-9.23957,7.406776,-18.65086458349445,-8.59396645187805,22.969150744353524,18.563303174506533,22.230655787144265
886,886,05/15/2023 13:23:38.473535,1115,True,True,True,True,Eyes,1.571302,0.09381457,-3.591521,-0.3232414,-0.2236334,0.9195125,0.0,0.0,0.0,0.0,0.0,0.0,0.0,-0.3110604,1.342626,3.744214,1.773313,0.09003586,-3.572926,0.1727453,-0.1831989,0.05759132,0.9660644,20.78533,339.0641,2.941739,0.3797684,0.0244665,-0.9247578,0.0,0.0,0.0,1.291234,-0.07223926,-2.660649,-0.1568749,0.122519,0.9420065,0.9262429,0.04798035,0.373861,-0.1745673,0.9336846,0.3126648,-0.3340665,-0.3548675,0.8731945,moving,-19.36839,-13.66944,-9.454856,7.410389,-19.295379924474243,-8.75847622390809,23.29457763168066,18.927971728028716,22.5033681151053
887,887,05/15/2023 13:23:38.483324,1116,True,True,True,True,Eyes,1.580116,0.0934591,-3.589985,-0.3334899,-0.2251966,0.9154622,0.0,0.0,0.0,0.0,0.0,0.0,0.0,-0.2776791,1.347625,3.744281,1.780962,0.08885542,-3.56835,0.1728624,-0.1881654,0.05931206,0.9649842,20.85106,338.4902,3.031222,0.3818709,0.02441284,-0.9238929,0.0,0.0,0.0,1.288697,-0.07456861,-2.660595,-0.1615061,0.1246336,0.9420846,0.9221517,0.04941694,0.3836589,-0.1795238,0.9332014,0.3112981,-0.3426476,-0.35594,0.8694248,moving,-20.01596,-13.81992,-9.727925,7.536213,-19.92663820148751,-8.92397380862468,23.705022271133053,19.36366444506353,22.856018300348193
888,888,05/15/2023 13:23:38.503612,1117,True,True,True,True,Eyes,1.588897,0.09305666,-3.588326,-0.3436326,-0.2267625,0.9113151,0.0,0.0,0.0,0.0,0.0,0.0,0.0,-0.2431875,1.351132,3.744697,1.788818,0.08724816,-3.563702,0.1727918,-0.1933294,0.060825,0.9638814,20.89276,337.8877,3.095185,0.3839663,0.02435418,-0.9230257,0.0,0.0,0.0,1.286187,-0.07687315,-2.660542,-0.166002,0.1232356,0.9423724,0.9178482,0.05044471,0.3937132,-0.1840676,0.9328867,0.309583,-0.351673,-0.35662,0.8655335,moving,-20.66012,-13.97313,-9.990346,7.450387,-20.55466842688596,-9.091998529534564,23.933473585344128,19.62792468262909,23.02919206675301
889,889,05/15/2023 13:23:38.513423,1118,True,True,True,True,Eyes,1.597653,0.09259965,-3.586534,-0.3535933,-0.2283012,0.907111,0.0,0.0,0.0,0.0,0.0,0.0,0.0,-0.2140186,1.358524,3.743265,1.796894,0.08573802,-3.559108,0.1734505,-0.1979536,0.06161227,0.9627739,21.00073,337.3317,3.068064,0.3860551,0.02428991,-0.9221556,0.0,0.0,0.0,1.283403,-0.07942888,-2.660483,-0.1711529,0.1187275,0.9394549,0.9140366,0.04996707,0.4025424,-0.1873077,0.9322377,0.3095944,-0.3597957,-0.3583799,0.8614585,moving,-21.29592,-14.12677,-10.32509,7.202805,-21.17461393433918,-9.260175996621104,23.985618202779868,19.716539069951054,23.026222003675933
890,890,05/15/2023 13:23:38.533358,1119,True,True,True,True,Eyes,1.606369,0.09207822,-3.584613,-0.3634655,-0.2297132,0.9028425,0.0,0.0,0.0,0.0,0.0,0.0,0.0,-0.1827022,1.361239,3.743142,1.804725,0.08397031,-3.554347,0.1734036,-0.2027993,0.06262284,0.9617079,21.03432,336.7561,3.078003,0.3881381,0.02421928,-0.9212827,0.0,0.0,0.0,1.280949,-0.08168212,-2.660431,-0.1750897,0.1181687,0.9364869,0.9099016,0.05011749,0.4117855,-0.190782,0.9320192,0.3081275,-0.3683493,-0.358927,0.8576073,moving,-21.92868,-14.27506,-10.59001,7.191743,-21.791469389704776,-9.423096147674125,24.27733651803074,20.03810301306713,23.25885362410826
891,891,05/15/2023 13:23:38.553584,1120,True,True,True,True,Eyes,1.615045,0.09150232,-3.582558,-0.3731134,-0.2311025,0.8985422,0.0,0.0,0.0,0.0,0.0,0.0,0.0,-0.154493,1.35609,3.745286,1.812585,0.08189335,-3.549345,0.1724197,-0.2074002,0.06303068,0.9608767,20.94632,336.2027,3.044987,0.3902163,0.02414137,-0.9204064,0.0,0.0,0.0,1.278424,-0.08400074,-2.660378,-0.1777301,0.117116,0.9379925,0.9060246,0.04960965,0.4203075,-0.1926492,0.9325972,0.305203,-0.3768366,-0.3574933,0.8545132,moving,-22.55033,-14.42369,-10.72916,7.117013,-22.39757436902612,-9.58599597646574,24.57116085786565,20.375043625847535,23.498589218847258
892,892,05/15/2023 13:23:38.563722,1121,True,True,True,True,Eyes,1.623686,0.09089758,-3.580352,-0.3825737,-0.2323991,0.8942192,0.0,0.0,0.0,0.0,0.0,0.0,0.0,-0.1271843,1.356706,3.744884,1.820524,0.08000182,-3.544049,0.1719956,-0.2117224,0.06441269,0.9599177,20.94543,335.7005,3.120015,0.3922901,0.02405559,-0.9195266,0.0,0.0,0.0,1.275905,-0.08631296,-2.660324,-0.1803397,0.1175021,0.9397407,0.9020493,0.05083112,0.4286296,-0.1964924,0.932537,0.3029281,-0.3843148,-0.3574785,0.8511822,moving,-23.16269,-14.56834,-10.8632,7.127088,-22.994573691869803,-9.74476436495512,24.93930733527465,20.780510818472013,23.810341746739606
893,893,05/15/2023 13:23:38.588543,1122,True,True,True,True,Eyes,1.632322,0.09025065,-3.578006,-0.3918493,-0.2335531,0.8898916,0.0,0.0,0.0,0.0,0.0,0.0,0.0,-0.1073474,1.351159,3.745839,1.828423,0.07866485,-3.53824,0.1705856,-0.2150127,0.06666499,0.9592842,20.85153,335.3491,3.346141,0.3943603,0.0239621,-0.9186431,0.0,0.0,0.0,1.273255,-0.08874577,-2.660268,-0.182619,0.1170023,0.9420564,0.8986506,0.05454523,0.4352606,-0.2012574,0.9329126,0.2986124,-0.3897723,-0.3559477,0.8493403,moving,-23.76552,-14.70569,-10.9708,7.079813,-23.582144390385604,-9.896190458291668,25.264857031881437,21.14782969358419,24.082013114639974
894,894,05/15/2023 13:23:38.603439,1123,True,True,True,True,Eyes,1.640944,0.0895839,-3.575533,-0.4009649,-0.234782,0.8854968,0.0,0.0,0.0,0.0,0.0,0.0,0.0,-0.08531964,1.342906,3.748169,1.836415,0.07694803,-3.532861,0.1687543,-0.2185732,0.06891172,0.9586444,20.71228,334.9658,3.576742,0.3964283,0.02386067,-0.9177553,0.0,0.0,0.0,1.270814,-0.09098667,-2.660216,-0.1849982,0.1174422,0.9446794,0.8949538,0.05835332,0.4423262,-0.205894,0.9335463,0.2934263,-0.3958096,-0.3536752,0.8474954,moving,-24.36166,-14.8498,-11.08011,7.086629,-24.16342033739209,-10.053929216056684,25.6438391758048,21.563203503712963,24.404339730216734
895,895,05/15/2023 13:23:38.613391,1124,True,True,True,True,Eyes,1.649521,0.08892499,-3.572897,-0.4099601,-0.2359156,0.8810655,0.0,0.0,0.0,0.0,0.0,0.0,0.0,-0.06211674,1.352906,3.743947,1.844767,0.07580797,-3.527384,0.1694563,-0.2222333,0.07123278,0.9575087,20.86531,334.557,3.748792,0.3984944,0.02375167,-0.9168628,0.0,0.0,0.0,1.268102,-0.09347654,-2.660158,-0.1886289,0.118341,0.9475358,0.8910766,0.06109437,0.4497223,-0.2117297,0.9324209,0.2928512,-0.4014389,-0.3561724,0.8437939,moving,-24.95258,-14.98997,-11.25886,7.119006,-24.73953340840918,-10.20770275002372,26.00624515778808,21.953209142454295,24.706074023341888
896,896,05/15/2023 13:23:38.633189,1125,True,True,True,True,Eyes,1.658057,0.08825029,-3.570103,-0.4188723,-0.2367336,0.8766431,0.0,0.0,0.0,0.0,0.0,0.0,0.0,-0.03875446,1.345402,3.744562,1.852538,0.0753005,-3.520765,0.1679363,-0.2259871,0.0735507,0.9567223,20.7677,334.1484,3.975934,0.4005596,0.02363615,-0.9159656,0.0,0.0,0.0,1.265691,-0.09569064,-2.660107,-0.1931929,0.1159348,0.950372,0.8870403,0.06483231,0.4571174,-0.2166381,0.9327754,0.2880938,-0.4077101,-0.3545799,0.8414544,moving,-25.53912,-15.11201,-11.49059,6.955084,-25.31091017041509,-10.343846062069955,26.1594692753071,22.14168536731497,24.80348083841816
897,897,05/15/2023 13:23:38.653733,1126,True,True,True,True,Eyes,1.666536,0.08756181,-3.567155,-0.4278027,-0.2373244,0.8721594,0.0,0.0,0.0,0.0,0.0,0.0,0.0,-0.01614976,1.316672,3.752535,1.860183,0.07417004,-3.514204,0.163892,-0.2300124,0.07421848,0.9564127,20.34298,333.6857,4.071486,0.4026241,0.02351444,-0.9150631,0.0,0.0,0.0,1.263113,-0.09805756,-2.660053,-0.1977403,0.1141514,0.9539361,0.8831718,0.06657261,0.4643013,-0.2173613,0.9352621,0.2793544,-0.415646,-0.3476391,0.8404674,moving,-26.1284,-15.22226,-11.71092,6.82377,-25.884619046557056,-10.468699613589614,26.341814066447665,22.3589635269458,24.929703361516676
898,898,05/15/2023 13:23:38.663918,1127,True,True,True,True,Eyes,1.674967,0.08685217,-3.564043,-0.4367138,-0.23786,0.867585,0.0,0.0,0.0,0.0,0.0,0.0,0.0,0.01217043,1.299329,3.756005,1.867425,0.07311998,-3.507614,0.161598,-0.2347532,0.0742706,0.9556469,20.1044,333.1129,4.035205,0.4046878,0.02338692,-0.9141555,0.0,0.0,0.0,1.260369,-0.1005764,-2.659994,-0.2023158,0.1127584,0.9574171,0.8787496,0.06608163,0.4726863,-0.2178242,0.9367399,0.2739907,-0.4246783,-0.3437317,0.837554,moving,-26.71918,-15.33167,-11.93188,6.716986,-26.45975772768916,-10.592789719422754,26.548210348276513,22.598397437150364,25.078428008776257
899,899,05/15/2023 13:23:38.683660,1128,True,True,True,True,Eyes,1.683364,0.0861601,-3.560758,-0.4456452,-0.2385322,0.8628457,0.0,0.0,0.0,0.0,0.0,0.0,0.0,0.04684353,1.29265,3.755137,1.874802,0.0718801,-3.500592,0.1604025,-0.240026,0.07576678,0.9544204,20.03259,332.4964,4.127728,0.4067514,0.02325371,-0.9132426,0.0,0.0,0.0,1.258015,-0.1027382,-2.659945,-0.2062667,0.113983,0.9613756,0.8732939,0.06762519,0.4824776,-0.2216282,0.9370609,0.2698107,-0.4338649,-0.3425547,0.8333172,moving,-27.31558,-15.45337,-12.10944,6.761559,-27.040674373074545,-10.7289141577303,26.92080541467214,22.996921776293604,25.387105984867738
900,900,05/15/2023 13:23:38.708516,1129,True,True,True,True,Eyes,1.691733,0.08543351,-3.557319,-0.4544581,-0.2392375,0.8580403,0.0,0.0,0.0,0.0,0.0,0.0,0.0,0.08378935,1.298526,3.749435,1.882219,0.07161081,-3.493361,0.1608833,-0.2454219,0.07796025,0.9527891,20.17215,331.8678,4.251717,0.4088153,0.02311593,-0.9123241,0.0,0.0,0.0,1.255254,-0.1052727,-2.659886,-0.2096879,0.1141425,0.9666356,0.8673806,0.06959079,0.4927555,-0.2275279,0.9360775,0.2683094,-0.4425855,-0.344842,0.8277694,moving,-27.90778,-15.57946,-12.23929,6.734428,-27.61764313931026,-10.869142624968376,27.26556760011872,23.37476083354829,25.671627921559196
901,901,05/15/2023 13:23:38.713458,1130,True,True,True,True,Eyes,1.700068,0.08474203,-3.553744,-0.4630779,-0.2403943,0.8530941,0.0,0.0,0.0,0.0,0.0,0.0,0.0,0.1080905,1.303121,3.744476,1.890007,0.07006539,-3.486241,0.161225,-0.2494689,0.07909071,0.9515864,20.26119,331.3856,4.284242,0.4108805,0.02297321,-0.9113994,0.0,0.0,0.0,1.252793,-0.1075319,-2.659834,-0.2143182,0.1148057,0.9704109,0.8630199,0.07008205,0.5002851,-0.2309645,0.9355024,0.2673776,-0.4492796,-0.3463003,0.8235435,moving,-28.49407,-15.73736,-12.45403,6.747087,-28.189755659692988,-11.039877912808173,27.619435912006043,23.748456430820706,25.95538854046815
902,902,05/15/2023 13:23:38.733761,1131,True,True,True,True,Eyes,1.708324,0.08425459,-3.549946,-0.4714241,-0.2416747,0.8481466,0.0,0.0,0.0,0.0,0.0,0.0,0.0,0.1229067,1.34176,3.727788,1.897938,0.07028392,-3.479184,0.1655235,-0.2516058,0.08359082,0.9498996,20.88696,331.1837,4.635911,0.4129469,0.02282704,-0.9104688,0.0,0.0,0.0,1.250117,-0.1099885,-2.659777,-0.2195076,0.1161371,0.9737149,0.8594142,0.07551239,0.5056729,-0.2420991,0.9312291,0.2723976,-0.450328,-0.3565254,0.818593,moving,-29.06656,-15.90461,-12.704,6.801664,-28.74875820496259,-11.219201900961671,27.98764457250156,24.12852821197674,26.248250540584095
903,903,05/15/2023 13:23:38.753118,1132,True,True,True,True,Eyes,1.716517,0.08393008,-3.545941,-0.4797383,-0.2424026,0.8432628,0.0,0.0,0.0,0.0,0.0,0.0,0.0,0.1365219,1.345818,3.720684,1.904319,0.07466553,-3.470064,0.1658212,-0.2537575,0.08795749,0.9488805,21.05897,331.002,5.08819,0.4150148,0.02268303,-0.9095317,0.0,0.0,0.0,1.247764,-0.1121492,-2.659727,-0.2230979,0.1169824,0.9777232,0.8557413,0.08276552,0.5107415,-0.251079,0.9295337,0.2700492,-0.4524006,-0.3593287,0.8162209,moving,-29.63586,-16.03772,-12.85374,6.822879,-29.303740344028917,-11.36548560203055,28.3592407926094,24.52384794878139,26.553905771187686
904,904,05/15/2023 13:23:38.763795,1133,True,True,True,True,Eyes,1.724651,0.08363708,-3.541813,-0.4878547,-0.242888,0.8384529,0.0,0.0,0.0,0.0,0.0,0.0,0.0,0.1369956,1.291468,3.735125,1.910457,0.07809699,-3.461484,0.1593736,-0.2555652,0.08662135,0.9496228,20.30176,330.7848,5.080523,0.4170843,0.02254521,-0.9085879,0.0,0.0,0.0,1.245155,-0.1145446,-2.659672,-0.2245296,0.1187478,0.9821112,0.8543663,0.08305449,0.5129914,-0.2459759,0.9341936,0.2584149,-0.4577707,-0.3469645,0.8185729,moving,-30.19303,-16.15556,-12.87761,6.894209,-29.846558489745476,-11.496655560425374,28.829075960386955,25.023371318180637,26.963830236551164
905,905,05/15/2023 13:23:38.783783,1134,True,True,True,True,Eyes,1.732691,0.08330438,-3.537578,-0.4960209,-0.2433037,0.8335266,0.0,0.0,0.0,0.0,0.0,0.0,0.0,0.1424973,1.270361,3.739082,1.91721,0.07852297,-3.454418,0.1568625,-0.2576509,0.08589227,0.9495435,20.00828,330.5244,5.023876,0.4191554,0.02241383,-0.9076375,0.0,0.0,0.0,1.242497,-0.116985,-2.659615,-0.2260022,0.1201866,0.9878142,0.8524771,0.08228535,0.516248,-0.2439484,0.9360333,0.253635,-0.4623549,-0.3421559,0.8180204,moving,-30.75633,-16.27235,-12.88691,6.937038,-30.39528474913057,-11.627004634896371,29.291498126093582,25.517971418320915,27.36744928279088
906,906,05/15/2023 13:23:38.803400,1135,True,True,True,True,Eyes,1.740675,0.08288018,-3.533236,-0.5040926,-0.2438481,0.8285099,0.0,0.0,0.0,0.0,0.0,0.0,0.0,0.1667976,1.255418,3.739846,1.923841,0.07721284,-3.447204,0.1546216,-0.2616922,0.08707272,0.9486979,19.81297,330.0559,5.139912,0.4212266,0.0222873,-0.9066812,0.0,0.0,0.0,1.239832,-0.1194313,-2.659559,-0.2314372,0.1332416,0.9911591,0.8478711,0.08428486,0.5234603,-0.2461379,0.937021,0.2478058,-0.469607,-0.3389509,0.8152186,moving,-31.31771,-16.40028,-13.14316,7.656376,-30.94245531812611,-11.768042024641083,30.15023989298984,26.346212809773395,28.11747977929423
907,907,05/15/2023 13:23:38.813484,1136,True,True,True,True,Eyes,1.748594,0.08244789,-3.52878,-0.5121597,-0.2448997,0.8232355,0.0,0.0,0.0,0.0,0.0,0.0,0.0,0.1913469,1.261248,3.733473,1.930418,0.07493296,-3.440066,0.1552436,-0.2657446,0.08756565,0.9474237,19.91972,329.5576,5.09005,0.4232978,0.02216285,-0.9057191,0.0,0.0,0.0,1.23737,-0.1216922,-2.659506,-0.2363196,0.1216346,0.9955111,0.8434241,0.08341317,0.5307335,-0.2484338,0.9364634,0.2476228,-0.4763574,-0.3407032,0.8105584,moving,-31.88699,-16.56692,-13.35399,6.966046,-31.498332427162797,-11.94667679396533,29.954508471299544,26.20893446127705,27.879776573709563
908,908,05/15/2023 13:23:38.833240,1137,True,True,True,True,Eyes,1.756423,0.08204585,-3.524191,-0.5201676,-0.2461495,0.817824,0.0,0.0,0.0,0.0,0.0,0.0,0.0,0.2206657,1.300038,3.715501,1.936987,0.0740865,-3.433123,0.1601031,-0.2698733,0.08992422,0.9452245,20.56091,329.0601,5.121526,0.4253685,0.02204013,-0.9047514,0.0,0.0,0.0,1.234916,-0.1239452,-2.659454,-0.2408458,0.105785,1.001192,0.8381641,0.08358207,0.5389758,-0.2564122,0.9325613,0.2541303,-0.4813873,-0.3512029,0.8030709,moving,-32.45794,-16.7508,-13.52602,6.031441,-32.05629701064112,-12.14199808448562,29.621750452471254,25.95467307150302,27.52028997856823
909,909,05/15/2023 13:23:38.853491,1138,True,True,True,True,Eyes,1.764173,0.08166026,-3.519491,-0.5283349,-0.2475935,0.8121328,0.0,0.0,0.0,0.0,0.0,0.0,0.0,0.2559822,1.317404,3.702936,1.942746,0.07445812,-3.425348,0.1624014,-0.2748893,0.09197696,0.9431871,20.91096,328.4579,5.172592,0.4274381,0.02191982,-0.9037784,0.0,0.0,0.0,1.232322,-0.1263267,-2.659399,-0.244675,0.1199011,1.005133,0.8319522,0.08421815,0.5484185,-0.2627878,0.9303321,0.2557828,-0.4886698,-0.3569167,0.7961233,moving,-33.04611,-16.9548,-13.68116,6.802598,-32.63148737687967,-12.35727228605445,30.649881700145336,26.948386539259587,28.42192400723008
910,910,05/15/2023 13:23:38.863438,1139,True,True,True,True,Eyes,1.771871,0.08130234,-3.514668,-0.5364357,-0.2492781,0.806286,0.0,0.0,0.0,0.0,0.0,0.0,0.0,0.2899199,1.329862,3.692274,1.948963,0.07454501,-3.417815,0.1643841,-0.2800988,0.09231162,0.9412765,21.17235,327.7967,5.025987,0.429506,0.02180215,-0.9028004,0.0,0.0,0.0,1.229843,-0.1286022,-2.659347,-0.2497313,0.1261295,1.007899,0.8260465,0.08169392,0.5576498,-0.2658691,0.9289128,0.2577491,-0.4969516,-0.3611746,0.7890451,moving,-33.63649,-17.17995,-13.91615,7.132972,-33.20939481653352,-12.593022537046997,31.30511117842714,27.592465566279238,28.964019030065117
911,911,05/15/2023 13:23:38.883466,1140,True,True,True,True,Eyes,1.779516,0.08093004,-3.509739,-0.544589,-0.2510389,0.8002514,0.0,0.0,0.0,0.0,0.0,0.0,0.0,0.3235844,1.356925,3.675889,1.955508,0.07494406,-3.410056,0.1683022,-0.285168,0.09309205,0.9389822,21.66378,327.1446,4.866039,0.4315727,0.02168758,-0.901817,0.0,0.0,0.0,1.22726,-0.1309734,-2.659292,-0.2540866,0.1245497,1.012599,0.8200261,0.07883476,0.5668706,-0.2708124,0.9260165,0.2629718,-0.5042002,-0.3691593,0.7807071,moving,-34.23617,-17.41665,-14.08612,7.012156,-33.79662402596762,-12.840208518471435,31.66687666297603,27.975352471987716,29.238551273736
912,912,05/15/2023 13:23:38.903218,1141,True,True,True,True,Eyes,1.787135,0.08054782,-3.504741,-0.5525403,-0.2530597,0.7941411,0.0,0.0,0.0,0.0,0.0,0.0,0.0,0.3461121,1.36702,3.666538,1.962045,0.07428767,-3.402484,0.1699596,-0.28916,0.09268919,0.9375014,21.85623,326.618,4.666093,0.4336379,0.02157552,-0.9008285,0.0,0.0,0.0,1.224749,-0.1332792,-2.659239,-0.255954,0.1265213,1.016731,0.8155904,0.07550144,0.5736826,-0.2720836,0.9250448,0.2650708,-0.5106689,-0.3722788,0.7750004,moving,-34.82907,-17.67492,-14.13014,7.093379,-34.37787517947579,-13.107993892130214,32.27869790586821,28.6018573981669,29.753766847782945
913,913,05/15/2023 13:23:38.913645,1142,True,True,True,True,Eyes,1.794684,0.0801921,-3.499696,-0.5603583,-0.2553221,0.7879145,0.0,0.0,0.0,0.0,0.0,0.0,0.0,0.3634137,1.402614,3.648989,1.969117,0.07378051,-3.395828,0.174915,-0.2922659,0.0928465,0.9356095,22.43134,326.1845,4.435964,0.4357017,0.02146548,-0.8998348,0.0,0.0,0.0,1.222049,-0.1357575,-2.659181,-0.2554869,0.124847,1.021637,0.8119204,0.07149275,0.5793738,-0.2759795,0.9215685,0.2730325,-0.5144128,-0.381576,0.7679708,moving,-35.42013,-17.95481,-14.04034,6.967165,-34.957933902733934,-13.396581803525624,32.83595983589827,29.192942958149864,30.231059251856284
914,914,05/15/2023 13:23:38.943408,1143,True,True,True,True,Eyes,1.802182,0.07991494,-3.494598,-0.5679339,-0.2577749,0.7816669,0.0,0.0,0.0,0.0,0.0,0.0,0.0,0.3742898,1.443853,3.629136,1.975793,0.07402748,-3.389129,0.1807563,-0.2945469,0.09289213,0.9337776,23.09734,325.8396,4.176976,0.4377635,0.02135795,-0.8988361,0.0,0.0,0.0,1.219581,-0.1380235,-2.659129,-0.2520091,0.1253732,1.026867,0.8092263,0.06699877,0.5836642,-0.2799635,0.9173965,0.2828501,-0.5165009,-0.3922944,0.7611386,moving,-36.00094,-18.25131,-13.78876,6.960957,-35.52851870912679,-13.700874602395192,33.601180747582205,29.992138868323327,30.915325445445166
915,915,05/15/2023 13:23:38.953682,1144,True,True,True,True,Eyes,1.809625,0.07970484,-3.489444,-0.5755636,-0.260164,0.7752686,0.0,0.0,0.0,0.0,0.0,0.0,0.0,0.3845332,1.472023,3.614022,1.982101,0.07560046,-3.382519,0.1851986,-0.2969695,0.09200563,0.9322262,23.5744,325.4642,3.850165,0.4398226,0.0212547,-0.8978328,0.0,0.0,0.0,1.216997,-0.1403959,-2.659074,-0.2471198,0.1273761,1.032199,0.8066881,0.06154346,0.5877641,-0.2815368,0.9144729,0.2906483,-0.5196068,-0.3999397,0.7550212,moving,-36.5904,-18.55068,-13.46382,7.034884,-36.10755907963578,-14.00820778061474,34.48854574629809,30.91198200041531,31.718142984389235
916,916,05/15/2023 13:23:38.963234,1145,True,True,True,True,Eyes,1.817011,0.07953247,-3.484259,-0.5830724,-0.2624543,0.7688592,0.0,0.0,0.0,0.0,0.0,0.0,0.0,0.399348,1.491431,3.60193,1.988071,0.07738209,-3.376289,0.1884168,-0.2998852,0.09144691,0.9307016,23.92665,325.0413,3.588578,0.4418787,0.02115703,-0.896825,0.0,0.0,0.0,1.214472,-0.1427143,-2.65902,-0.2431151,0.1260394,1.037427,0.8034127,0.05721282,0.5926675,-0.2832264,0.9122732,0.2958724,-0.523747,-0.4055667,0.7491361,moving,-37.17524,-18.84762,-13.18894,6.927049,-36.68205883526956,-14.313051484995896,35.209035058484076,31.67125670416032,32.36228247913871
917,917,05/15/2023 13:23:38.983368,1146,True,True,True,True,Eyes,1.824356,0.07941421,-3.479029,-0.5907075,-0.2644416,0.7623222,0.0,0.0,0.0,0.0,0.0,0.0,0.0,0.4160267,1.49541,3.596197,1.994143,0.07816117,-3.370348,0.1896055,-0.3033025,0.08982583,0.9295101,24.01458,324.5505,3.261737,0.4439312,0.02106535,-0.8958129,0.0,0.0,0.0,1.211982,-0.1450005,-2.658968,-0.2403243,0.1262295,1.042082,0.7998779,0.05197241,0.5979083,-0.2820036,0.9119622,0.2979915,-0.5297825,-0.4069691,0.7441148,moving,-37.77135,-19.13112,-12.98646,6.906702,-37.26710679504741,-14.60528088632782,35.94800337731964,32.43940838682955,33.01429021185315
918,918,05/15/2023 13:23:39.003139,1147,True,True,True,True,Eyes,1.831646,0.07932737,-3.473716,-0.5983521,-0.2660712,0.7557651,0.0,0.0,0.0,0.0,0.0,0.0,0.0,0.4455237,1.494692,3.59066,2.000443,0.07932188,-3.36413,0.1897485,-0.3079003,0.09058779,0.9278938,24.07405,323.972,3.218752,0.4459799,0.02098046,-0.8947967,0.0,0.0,0.0,1.20941,-0.1473617,-2.658913,-0.2379001,0.1265844,1.046655,0.7939826,0.05126447,0.6057753,-0.2849589,0.9115787,0.2963489,-0.5370197,-0.407917,0.7383859,moving,-38.36926,-19.39489,-12.80552,6.895965,-37.8533599850771,-14.87853007764602,36.670340323190686,33.18919890272222,33.64977822243954
919,919,05/15/2023 13:23:39.013452,1148,True,True,True,True,Eyes,1.838942,0.07922302,-3.468328,-0.606136,-0.2673208,0.749092,0.0,0.0,0.0,0.0,0.0,0.0,0.0,0.4787728,1.461263,3.596723,2.006535,0.07991807,-3.356837,0.185487,-0.3132558,0.09084105,0.9269377,23.62712,323.3383,3.266148,0.4480248,0.02090253,-0.8937764,0.0,0.0,0.0,1.206771,-0.1497842,-2.658857,-0.2373408,0.1285655,1.050566,0.7872375,0.05219821,0.6144368,-0.2846178,0.914685,0.2869569,-0.5470374,-0.4007828,0.7349308,moving,-38.97843,-19.63944,-12.73039,6.977018,-38.44999407798592,-15.1335877719604,37.38175277200581,33.91720686512082,34.26211430131888
920,920,05/15/2023 13:23:39.033329,1149,True,True,True,True,Eyes,1.846225,0.07912293,-3.462855,-0.6137598,-0.2685377,0.7424192,0.0,0.0,0.0,0.0,0.0,0.0,0.0,0.5058674,1.438528,3.599728,2.013915,0.07931243,-3.349801,0.182643,-0.3180695,0.09025922,0.9259194,23.30607,322.7392,3.180786,0.4500673,0.02083042,-0.8927513,0.0,0.0,0.0,1.204216,-0.1521299,-2.658803,-0.2379474,0.1308728,1.054152,0.7813701,0.05095922,0.6219839,-0.2833319,0.9169896,0.2808079,-0.556043,-0.3956427,0.7309467,moving,-39.58062,-19.88537,-12.71986,7.077054,-39.03990585308142,-15.389758100123998,38.058806283610316,34.60494848501565,34.83289165643915
921,921,05/15/2023 13:23:39.053581,1150,True,True,True,True,Eyes,1.853488,0.07901311,-3.457292,-0.621413,-0.269558,0.7356524,0.0,0.0,0.0,0.0,0.0,0.0,0.0,0.5237426,1.43878,3.594032,2.020947,0.07932514,-3.342297,0.1827794,-0.3214355,0.09079502,0.9246768,23.35289,322.3137,3.147487,0.4521077,0.02076371,-0.8917212,0.0,0.0,0.0,1.201714,-0.1544274,-2.65875,-0.239814,0.1311686,1.057776,0.7768709,0.0504085,0.6276388,-0.2854157,0.9166959,0.2796542,-0.561257,-0.3963932,0.7265418,moving,-40.18812,-20.12386,-12.77389,7.068827,-39.63475734226391,-15.63891638790012,38.61323908678044,35.173111948609574,35.2843418286307
922,922,05/15/2023 13:23:39.063191,1151,True,True,True,True,Eyes,1.860749,0.07886617,-3.451658,-0.6288713,-0.2704368,0.7289615,0.0,0.0,0.0,0.0,0.0,0.0,0.0,0.5334061,1.420262,3.596636,2.027763,0.07891397,-3.334577,0.1804627,-0.3240699,0.09021661,0.924269,23.08306,321.9902,3.103407,0.4541472,0.02070162,-0.8906857,0.0,0.0,0.0,1.199093,-0.1568336,-2.658694,-0.241901,0.1370606,1.060738,0.7736793,0.04980373,0.6316168,-0.2837339,0.9185883,0.2751192,-0.566494,-0.3920651,0.7248238,moving,-40.78417,-20.3543,-12.84659,7.362538,-40.21830028481438,-15.87994853181848,39.353925915652226,35.90854639354783,35.8975259313782
923,923,05/15/2023 13:23:39.083471,1152,True,True,True,True,Eyes,1.867974,0.07868115,-3.445976,-0.6362438,-0.2713917,0.7221775,0.0,0.0,0.0,0.0,0.0,0.0,0.0,0.5422211,1.412691,3.595601,2.035004,0.07786787,-3.327272,0.1795106,-0.3265386,0.08976194,0.9236295,22.96844,321.6737,3.024459,0.4561865,0.02064278,-0.8896444,0.0,0.0,0.0,1.196555,-0.1591643,-2.65864,-0.2419936,0.1343406,1.064786,0.7706308,0.04857925,0.6354277,-0.2830478,0.9194375,0.2729811,-0.5709748,-0.390224,0.722297,moving,-41.38029,-20.59604,-12.80411,7.190834,-40.80221916358476,-16.131885768354433,39.85860547089268,36.43958526285939,36.31643735373043
924,924,05/15/2023 13:23:39.103394,1153,True,True,True,True,Eyes,1.875193,0.07846168,-3.440225,-0.6434352,-0.2723258,0.7154228,0.0,0.0,0.0,0.0,0.0,0.0,0.0,0.5545806,1.421358,3.587421,2.042162,0.07679826,-3.319802,0.1808333,-0.3293896,0.08930435,0.9224027,23.10604,321.278,2.842963,0.4582253,0.0205859,-0.8885973,0.0,0.0,0.0,1.19398,-0.1615276,-2.658586,-0.2419443,0.1359985,1.068303,0.7670544,0.0456199,0.6399581,-0.2838784,0.9186481,0.2747704,-0.5753613,-0.3924341,0.7176036,moving,-41.9675,-20.83933,-12.76082,7.254921,-41.377551205247535,-16.385039146009184,40.525511667015394,37.11825724058567,36.87738398181775
925,925,05/15/2023 13:23:39.123660,1154,True,True,True,True,Eyes,1.8824,0.07823071,-3.43443,-0.6505308,-0.2734218,0.708555,0.0,0.0,0.0,0.0,0.0,0.0,0.0,0.5633267,1.431155,3.579352,2.049265,0.07580151,-3.312411,0.1825385,-0.3320005,0.08770355,0.9212837,23.23945,320.8832,2.519578,0.4602638,0.02052994,-0.8875445,0.0,0.0,0.0,1.191323,-0.1639675,-2.658529,-0.2397732,0.1361659,1.072212,0.7641675,0.04039397,0.6437518,-0.2828054,0.9179756,0.2781042,-0.5797147,-0.3945747,0.7129108,moving,-42.55532,-21.10093,-12.60536,7.23755,-41.95397331691761,-16.655878204924147,41.231899698073576,37.84490738540416,37.48736168767159
926,926,05/15/2023 13:23:39.133284,1155,True,True,True,True,Eyes,1.889593,0.0779926,-3.428577,-0.6574587,-0.2745281,0.7016996,0.0,0.0,0.0,0.0,0.0,0.0,0.0,0.5729873,1.446389,3.569251,2.056485,0.07535823,-3.305313,0.1850468,-0.334692,0.08616215,0.9199539,23.46224,320.4656,2.165563,0.4623024,0.02047452,-0.8864856,0.0,0.0,0.0,1.188821,-0.1662641,-2.658476,-0.2375019,0.1326094,1.076437,0.7611147,0.03466306,0.6476905,-0.2823977,0.9166676,0.2827934,-0.5839144,-0.3981445,0.7074779,moving,-43.13567,-21.36708,-12.44223,7.023046,-42.52328500211414,-16.930873133345123,41.810124531379664,38.453349813599516,37.98574563703556
927,927,05/15/2023 13:23:39.153602,1156,True,True,True,True,Eyes,1.896782,0.07775347,-3.422688,-0.6643914,-0.2757314,0.6946627,0.0,0.0,0.0,0.0,0.0,0.0,0.0,0.5850112,1.456869,3.560297,2.06338,0.07499465,-3.298069,0.1867842,-0.3375373,0.08535931,0.9186371,23.62806,320.0522,1.922495,0.4643413,0.02041941,-0.8854207,0.0,0.0,0.0,1.18625,-0.1686251,-2.658422,-0.2352237,0.1320497,1.080197,0.7575647,0.03073518,0.6520361,-0.2829217,0.9156509,0.2855499,-0.5882609,-0.4007977,0.7023605,moving,-43.72402,-21.64954,-12.28494,6.969598,-43.10078924256259,-17.221855753382133,42.51436005762576,39.177072366913436,38.58998266244065
928,928,05/15/2023 13:23:39.163193,1157,True,True,True,True,Eyes,1.903987,0.07750773,-3.416757,-0.6712404,-0.2769427,0.6875603,0.0,0.0,0.0,0.0,0.0,0.0,0.0,0.6072268,1.460824,3.552797,2.070639,0.07473345,-3.291196,0.1874785,-0.3415008,0.08544259,0.9170217,23.71585,319.5258,1.793684,0.4663809,0.02036456,-0.8843493,0.0,0.0,0.0,1.18369,-0.1709751,-2.658367,-0.2339779,0.1299233,1.083551,0.7521535,0.02865727,0.6583646,-0.2847535,0.9151028,0.2854863,-0.59429,-0.4022011,0.696458,moving,-44.31188,-21.93911,-12.18514,6.837409,-43.67801281537212,-17.51968315037753,43.13021526476492,39.812924737918806,39.10609278832452
929,929,05/15/2023 13:23:39.183288,1158,True,True,True,True,Eyes,1.911192,0.07725155,-3.410791,-0.6780809,-0.2782006,0.6803018,0.0,0.0,0.0,0.0,0.0,0.0,0.0,0.6333728,1.466157,3.544085,2.078293,0.07435513,-3.284279,0.18828,-0.34591,0.08593266,0.9151571,23.83233,318.9463,1.693185,0.4684217,0.02030976,-0.8832712,0.0,0.0,0.0,1.181111,-0.1733432,-2.658313,-0.2331627,0.1293108,1.086719,0.7459238,0.02702793,0.6654828,-0.2875397,0.9143324,0.2851617,-0.6007651,-0.4040616,0.6897939,moving,-44.90632,-22.24147,-12.1096,6.785831,-44.26195772224885,-17.8300574114746,43.7973634606354,40.493407727500845,39.65927495526523
930,930,05/15/2023 13:23:39.203951,1159,True,True,True,True,Eyes,1.918425,0.07699787,-3.404777,-0.6847941,-0.2794093,0.6730434,0.0,0.0,0.0,0.0,0.0,0.0,0.0,0.6567571,1.468378,3.536703,2.086241,0.07382269,-3.276871,0.1886261,-0.3500542,0.08641302,0.9134632,23.89768,318.4071,1.617779,0.4704639,0.02025476,-0.8821864,0.0,0.0,0.0,1.178447,-0.1757891,-2.658256,-0.2323514,0.1306889,1.089222,0.7399898,0.02581153,0.6721227,-0.2899289,0.9139059,0.2841075,-0.6069237,-0.4051045,0.6837646,moving,-45.49583,-22.54544,-12.04177,6.841854,-44.84117195522028,-18.141830505246656,44.52849850518245,41.23087750797708,40.263863294057806
931,931,05/15/2023 13:23:39.214085,1160,True,True,True,True,Eyes,1.925662,0.07673678,-3.398747,-0.6914706,-0.2805331,0.6657099,0.0,0.0,0.0,0.0,0.0,0.0,0.0,0.676504,1.466964,3.531608,2.094202,0.07363185,-3.269677,0.1884349,-0.353701,0.08709432,0.9120321,23.91168,317.9452,1.602587,0.4725086,0.02019962,-0.8810942,0.0,0.0,0.0,1.175819,-0.1782016,-2.6582,-0.2320273,0.1317269,1.091568,0.7346203,0.0255664,0.6779966,-0.2921649,0.9138137,0.2821066,-0.6123501,-0.405328,0.6787758,moving,-46.0874,-22.85077,-12.00037,6.880996,-45.42241833114413,-18.454980401176662,45.23166505557424,41.9397784311066,40.83775601495564
932,932,05/15/2023 13:23:39.233727,1161,True,True,True,True,Eyes,1.932939,0.07646402,-3.392694,-0.6980714,-0.281561,0.6583463,0.0,0.0,0.0,0.0,0.0,0.0,0.0,0.6978332,1.45948,3.528887,2.102083,0.07314262,-3.26282,0.1874061,-0.3575669,0.08754869,0.9106921,23.82519,317.4631,1.593556,0.4745555,0.02014417,-0.8799948,0.0,0.0,0.0,1.173184,-0.1806204,-2.658144,-0.2316368,0.132822,1.094211,0.7289623,0.02543936,0.684081,-0.2934802,0.9144284,0.2787295,-0.6184524,-0.4039475,0.6740497,moving,-46.67753,-23.15539,-11.95265,6.921051,-46.00225074311888,-18.767400093993714,45.9391945319123,42.65292288195861,41.41486552429996
933,933,05/15/2023 13:23:39.253649,1162,True,True,True,True,Eyes,1.940255,0.07617595,-3.386605,-0.7047229,-0.2825356,0.650799,0.0,0.0,0.0,0.0,0.0,0.0,0.0,0.7246757,1.450628,3.525953,2.110416,0.07257329,-3.256178,0.1860806,-0.3620315,0.08855951,0.9091009,23.73173,316.9178,1.645357,0.4766052,0.02008813,-0.8788876,0.0,0.0,0.0,1.170796,-0.1828131,-2.658094,-0.2315112,0.1337245,1.096446,0.7221808,0.02628499,0.6912046,-0.2957532,0.9150624,0.2742094,-0.6252878,-0.4024548,0.6686144,moving,-47.27808,-23.46742,-11.9227,6.953552,-46.592376721021246,-19.087296123917493,46.641595516975876,43.36026124175291,41.98154356168171
934,934,05/15/2023 13:23:39.263382,1163,True,True,True,True,Eyes,1.947622,0.07587837,-3.38048,-0.7113541,-0.2833353,0.6431924,0.0,0.0,0.0,0.0,0.0,0.0,0.0,0.7565449,1.435736,3.523928,2.118746,0.07186599,-3.249233,0.1839202,-0.3671234,0.08974341,0.9073808,23.55724,316.3065,1.739159,0.4786583,0.02003115,-0.8777724,0.0,0.0,0.0,1.168246,-0.1851543,-2.65804,-0.2316021,0.1347368,1.098662,0.7143331,0.02782014,0.6992527,-0.2979057,0.916239,0.2678774,-0.6332301,-0.3996651,0.6627876,moving,-47.88074,-23.77417,-11.90388,6.99168,-47.18440219746545,-19.402163865402034,47.3378493563248,44.06075624086669,42.53998697216373
935,935,05/15/2023 13:23:39.283371,1164,True,True,True,True,Eyes,1.95503,0.07555362,-3.374334,-0.718057,-0.2840223,0.635394,0.0,0.0,0.0,0.0,0.0,0.0,0.0,0.7888653,1.418252,3.522673,2.127433,0.07130599,-3.242208,0.1815549,-0.3724455,0.09024648,0.9056367,23.33268,315.6536,1.761324,0.480716,0.01997307,-0.8766485,0.0,0.0,0.0,1.165763,-0.1874334,-2.657987,-0.2316909,0.1360039,1.10063,0.7062799,0.02822248,0.70737,-0.2986996,0.9177868,0.2616217,-0.6418312,-0.3960693,0.6566444,moving,-48.49504,-24.08473,-11.88762,7.044277,-47.78780460881698,-19.721072709775264,48.05328579673246,44.77953997121572,43.11190144767834
936,936,05/15/2023 13:23:39.303694,1165,True,True,True,True,Eyes,1.96249,0.07520924,-3.36816,-0.7247035,-0.2846263,0.627529,0.0,0.0,0.0,0.0,0.0,0.0,0.0,0.82125,1.403386,3.520148,2.136161,0.07029063,-3.235315,0.1794653,-0.3777261,0.09090768,0.903798,23.14611,315.0037,1.791555,0.4827791,0.01991327,-0.8755154,0.0,0.0,0.0,1.163075,-0.1899013,-2.65793,-0.2317027,0.1370413,1.10287,0.6981176,0.02874693,0.7154058,-0.2999018,0.919056,0.2557244,-0.6501467,-0.3930772,0.6502305,moving,-49.11034,-24.39747,-11.86476,7.0832,-48.39223494136288,-20.042116301821014,48.76746674972261,45.497683568130476,43.682032920273045
937,937,05/15/2023 13:23:39.323811,1166,True,True,True,True,Eyes,1.970005,0.07487713,-3.36196,-0.7313403,-0.2852885,0.6194771,0.0,0.0,0.0,0.0,0.0,0.0,0.0,0.8529508,1.393362,3.515594,2.14494,0.06945653,-3.228434,0.1780069,-0.3828462,0.09189685,0.9018299,23.04342,314.3694,1.834118,0.4848475,0.01985142,-0.874373,0.0,0.0,0.0,1.160408,-0.1923502,-2.657873,-0.2328812,0.1389915,1.105042,0.6899675,0.02945213,0.7232409,-0.3020492,0.919737,0.2506992,-0.6578078,-0.3914286,0.6434847,moving,-49.73395,-24.72754,-11.90061,7.168979,-49.0051858708222,-20.38014146145318,49.48484151609421,46.213673179625744,44.237226013378425
938,938,05/15/2023 13:23:39.333859,1167,True,True,True,True,Eyes,1.977582,0.07452594,-3.35572,-0.7379663,-0.2857311,0.611362,0.0,0.0,0.0,0.0,0.0,0.0,0.0,0.8903463,1.384202,3.509052,2.154005,0.06941889,-3.221431,0.17666,-0.3885344,0.09375779,0.8994676,22.99533,313.6726,1.953971,0.4869225,0.01978801,-0.8732206,0.0,0.0,0.0,1.158015,-0.1945468,-2.657822,-0.2332249,0.1400411,1.107048,0.680501,0.03138718,0.7320746,-0.3059411,0.9200014,0.2449436,-0.6658216,-0.3906561,0.6356646,moving,-50.36024,-25.04989,-11.8967,7.209596,-49.620521791999295,-20.710801952018123,50.20078033572582,46.93224214112915,44.79952194396217
939,939,05/15/2023 13:23:39.353743,1168,True,True,True,True,Eyes,1.985186,0.07416818,-3.349491,-0.7444571,-0.2862649,0.6031882,0.0,0.0,0.0,0.0,0.0,0.0,0.0,0.9259958,1.357234,3.50935,2.163186,0.06855348,-3.21419,0.1729354,-0.3942762,0.09461053,0.8976015,22.64743,312.9888,2.078774,0.4890048,0.01972269,-0.8720577,0.0,0.0,0.0,1.155501,-0.1968556,-2.657769,-0.2344272,0.1387378,1.109127,0.6711901,0.03347652,0.7405289,-0.3062137,0.9222844,0.2358487,-0.6750829,-0.3850595,0.6292793,moving,-50.98426,-25.38838,-11.93449,7.129942,-50.23409940331445,-21.056964073968597,50.81658983785299,47.55377749947085,45.26623230366144
940,940,05/15/2023 13:23:39.363260,1169,True,True,True,True,Eyes,1.992825,0.07388297,-3.343205,-0.7509114,-0.2869008,0.5948278,0.0,0.0,0.0,0.0,0.0,0.0,0.0,0.9589907,1.347997,3.503444,2.172147,0.06803867,-3.207495,0.1713853,-0.3992613,0.09710164,0.8954266,22.61045,312.3966,2.299533,0.4910938,0.01965546,-0.8708845,0.0,0.0,0.0,1.152922,-0.1992231,-2.657714,-0.2364936,0.1392866,1.110818,0.6623234,0.03703978,0.748302,-0.3107498,0.9223967,0.2293881,-0.6817347,-0.3844638,0.622435,moving,-51.61581,-25.74921,-12.01885,7.147076,-50.85557882088692,-21.42491724477525,51.478975065898474,48.21462748468136,45.75407605795557
941,941,05/15/2023 13:23:39.383454,1170,True,True,True,True,Eyes,2.000483,0.07371932,-3.336832,-0.7573445,-0.2876228,0.5862614,0.0,0.0,0.0,0.0,0.0,0.0,0.0,1.006703,1.339294,3.491687,2.180753,0.06949224,-3.199769,0.1701062,-0.405833,0.1011453,0.8922629,22.68441,311.6133,2.635632,0.4931902,0.01958836,-0.8697006,0.0,0.0,0.0,1.150262,-0.2016656,-2.657658,-0.2414374,0.137914,1.112026,0.6501384,0.04242705,0.7586303,-0.3185658,0.921667,0.2214626,-0.6898086,-0.385655,0.612727,moving,-52.2565,-26.13281,-12.24966,7.069752,-51.48653101386565,-21.81512683791151,51.989973746381565,48.72235906069778,46.079006578210574
942,942,05/15/2023 13:23:39.403171,1171,True,True,True,True,Eyes,2.00823,0.07355057,-3.330414,-0.7637979,-0.2882043,0.5775388,0.0,0.0,0.0,0.0,0.0,0.0,0.0,1.057085,1.324062,3.479957,2.189061,0.07224929,-3.191152,0.1683087,-0.4129245,0.1046268,0.8889426,22.68344,310.7551,2.92097,0.4952941,0.01952454,-0.8685057,0.0,0.0,0.0,1.147794,-0.203931,-2.657606,-0.2455255,0.1363923,1.113678,0.6370932,0.04701681,0.7693516,-0.3250119,0.9214509,0.2128276,-0.6989132,-0.3856394,0.602331,moving,-52.90558,-26.52018,-12.43276,6.98225,-52.1257115100515,-22.209237030008275,52.54009873094358,49.27142492969369,46.44451342382197
943,943,05/15/2023 13:23:39.413859,1172,True,True,True,True,Eyes,2.016049,0.07346615,-3.323949,-0.7698178,-0.2894029,0.5688818,0.0,0.0,0.0,0.0,0.0,0.0,0.0,1.097582,1.310915,3.471755,2.19905,0.07194203,-3.183594,0.1668708,-0.4195349,0.1042648,0.8861566,22.53407,309.8849,2.778471,0.497407,0.01946348,-0.8672987,0.0,0.0,0.0,1.145072,-0.2064301,-2.657548,-0.2495401,0.1397142,1.115373,0.6262388,0.04477352,0.7783447,-0.3248061,0.9225659,0.208262,-0.7087497,-0.3832327,0.5922893,moving,-53.53625,-26.96346,-12.611,7.139812,-52.748587023740185,-22.65671516528653,53.27203064149597,49.98858792964625,46.9392733628111
944,944,05/15/2023 13:23:39.434253,1173,True,True,True,True,Eyes,2.023823,0.07354279,-3.317338,-0.7757989,-0.2903258,0.5602206,0.0,0.0,0.0,0.0,0.0,0.0,0.0,1.121728,1.358367,3.444647,2.208839,0.07401644,-3.175622,0.173082,-0.422939,0.1090965,0.8827589,23.44457,309.4,2.886822,0.4995297,0.01940709,-0.8660792,0.0,0.0,0.0,1.142682,-0.2086241,-2.657497,-0.2534631,0.137646,1.11649,0.6184412,0.04620553,0.7844715,-0.339018,0.9162812,0.213297,-0.708941,-0.3978616,0.5823305,moving,-54.16616,-27.39476,-12.79038,7.028224,-53.37039981093756,-23.09261046818025,53.822829710752444,50.53714155861608,47.2905707902175
945,945,05/15/2023 13:23:39.453353,1174,True,True,True,True,Eyes,2.031631,0.07359362,-3.310659,-0.7817131,-0.2904475,0.551874,0.0,0.0,0.0,0.0,0.0,0.0,0.0,1.15406,1.312678,3.446795,2.215639,0.07787655,-3.165478,0.1674311,-0.4282252,0.1111846,0.8810381,22.97008,308.8208,3.270054,0.5016618,0.0193591,-0.8648469,0.0,0.0,0.0,1.140071,-0.2110213,-2.657442,-0.2571724,0.129136,1.118536,0.6085224,0.05251928,0.7917969,-0.339312,0.9192097,0.1998022,-0.7173339,-0.3902503,0.5771801,moving,-54.77866,-27.75752,-12.94835,6.585694,-53.97348242603783,-23.46182846826829,54.12237229229606,50.851893741089214,47.46379552936418
946,946,05/15/2023 13:23:39.463589,1175,True,True,True,True,Eyes,2.039509,0.0736092,-3.30398,-0.7873026,-0.2911373,0.5435013,0.0,0.0,0.0,0.0,0.0,0.0,0.0,1.157754,1.257805,3.464128,2.223962,0.07716605,-3.157641,0.160753,-0.4313879,0.1052879,0.8814633,21.97707,308.4091,2.90028,0.5038033,0.01931801,-0.8636021,0.0,0.0,0.0,1.137585,-0.2133041,-2.657389,-0.2583842,0.1236255,1.12051,0.6056378,0.04692105,0.7943559,-0.3243085,0.9261459,0.1925558,-0.7266545,-0.3742355,0.576126,moving,-55.38139,-28.17661,-12.98515,6.295965,-54.56863912824359,-23.885090574733816,54.6424705999667,51.38173492286849,47.82938772054306
947,947,05/15/2023 13:23:39.483275,1176,True,True,True,True,Eyes,2.04734,0.07367937,-3.297239,-0.7925196,-0.2920826,0.5353507,0.0,0.0,0.0,0.0,0.0,0.0,0.0,1.169971,1.315136,3.438643,2.233536,0.07647802,-3.150898,0.1680385,-0.4334324,0.1086038,0.8786948,22.92053,308.059,2.812437,0.505955,0.01928221,-0.8623441,0.0,0.0,0.0,1.134872,-0.2157947,-2.657331,-0.2587756,0.1219411,1.122277,0.6006831,0.04519257,0.7982088,-0.336526,0.9199365,0.2011643,-0.7252103,-0.389454,0.5677989,moving,-55.96079,-28.61649,-12.98437,6.20115,-55.14176825759198,-24.327680528997675,55.31040346251327,52.05051124933817,48.310938971368756
948,948,05/15/2023 13:23:39.503607,1177,True,True,True,True,Eyes,2.055136,0.07380456,-3.290498,-0.797611,-0.2929003,0.5272818,0.0,0.0,0.0,0.0,0.0,0.0,0.0,1.17817,1.329929,3.427075,2.24005,0.07790664,-3.142888,0.170017,-0.4352059,0.1109923,0.8771377,23.2576,307.822,2.915267,0.5081152,0.01925257,-0.8610737,0.0,0.0,0.0,1.132383,-0.2180801,-2.657279,-0.2585688,0.1237644,1.123848,0.5965531,0.04672619,0.8012122,-0.3426958,0.9175498,0.2016477,-0.7257299,-0.3948657,0.5633801,moving,-56.53225,-29.05178,-12.95682,6.284408,-55.70708253627085,-24.7655928111384,56.10226628271129,52.83642207125477,48.89170133089907
949,949,05/15/2023 13:23:39.513559,1178,True,True,True,True,Eyes,2.062898,0.07395884,-3.283728,-0.8025688,-0.2938369,0.5191754,0.0,0.0,0.0,0.0,0.0,0.0,0.0,1.193783,1.313982,3.426264,2.247057,0.07932393,-3.136143,0.1680337,-0.438238,0.1117551,0.8759127,23.09871,307.4582,3.022321,0.5102822,0.01922991,-0.8597918,0.0,0.0,0.0,1.129772,-0.220477,-2.657223,-0.2617146,0.1254448,1.124905,0.5909165,0.04849804,0.8052737,-0.343053,0.9185509,0.1964149,-0.7301592,-0.3923163,0.5594243,moving,-57.10149,-29.50849,-13.09716,6.363103,-56.27083091067067,-25.224102743792056,56.77281253475601,53.495022446986034,49.32359438961694
950,950,05/15/2023 13:23:39.533790,1179,True,True,True,True,Eyes,2.070583,0.07411479,-3.27693,-0.8075291,-0.2946874,0.5109366,0.0,0.0,0.0,0.0,0.0,0.0,0.0,1.22656,1.314028,3.412705,2.253506,0.08019541,-3.12937,0.1680507,-0.4428199,0.1149257,0.8731904,23.2824,306.8853,3.237229,0.5124547,0.01921429,-0.858499,0.0,0.0,0.0,1.127208,-0.2228313,-2.657169,-0.2688397,0.1375508,1.12448,0.5814052,0.05187174,0.8119589,-0.3495365,0.9171021,0.1916977,-0.7347054,-0.3952633,0.551339,moving,-57.67781,-29.9746,-13.44583,6.973994,-56.8416924132944,-25.691904349654948,57.633901944057506,54.31631237099558,49.827216003033165
951,951,05/15/2023 13:23:39.553584,1180,True,True,True,True,Eyes,2.07824,0.07425778,-3.270068,-0.8124532,-0.2955219,0.5025799,0.0,0.0,0.0,0.0,0.0,0.0,0.0,1.268636,1.290357,3.403435,2.25947,0.08035049,-3.121884,0.1650134,-0.448835,0.1173369,0.8703734,23.11491,306.1571,3.498675,0.514631,0.01920507,-0.8571962,0.0,0.0,0.0,1.124714,-0.2251204,-2.657116,-0.2767452,0.1366173,1.123961,0.5695584,0.0561263,0.8200324,-0.3523815,0.9180052,0.1819168,-0.7425838,-0.3925765,0.5426354,moving,-58.25925,-30.45595,-13.83239,6.930298,-57.41792808752501,-26.1745709412774,58.064424813969396,54.73236225486934,49.99108311259014
952,952,05/15/2023 13:23:39.563492,1181,True,True,True,True,Eyes,2.08582,0.07440402,-3.263155,-0.8173237,-0.2964204,0.494082,0.0,0.0,0.0,0.0,0.0,0.0,0.0,1.313432,1.273832,3.389979,2.265935,0.08016062,-3.114293,0.1629418,-0.4551689,0.1199434,0.8671129,23.06449,305.3669,3.7189,0.516811,0.01920131,-0.8558838,0.0,0.0,0.0,1.122107,-0.2275146,-2.65706,-0.2862596,0.1162898,1.125399,0.5568696,0.05967674,0.8284532,-0.356341,0.9181271,0.1733889,-0.7502781,-0.3917669,0.5325424,moving,-58.84653,-30.9613,-14.27126,5.899549,-58.00047411375945,-26.6805772533732,57.841826428404744,54.531722819774885,49.65469519037299
953,953,05/15/2023 13:23:39.593587,1182,True,True,True,True,Eyes,2.093327,0.07455102,-3.256166,-0.8221253,-0.297309,0.4855073,0.0,0.0,0.0,0.0,0.0,0.0,0.0,1.35193,1.267547,3.373582,2.271782,0.08038725,-3.106122,0.1623379,-0.4607165,0.1224478,0.8639406,23.16174,304.6529,3.866189,0.5189929,0.01920256,-0.8545624,0.0,0.0,0.0,1.119611,-0.2298055,-2.657007,-0.2936439,0.1082183,1.126568,0.5454936,0.06199185,0.8358193,-0.3611588,0.9173059,0.1676731,-0.7563077,-0.393328,0.5227734,moving,-59.43597,-31.48196,-14.60929,5.487007,-58.585529537021245,-27.20142327517422,58.10452444405245,54.79455372272318,49.70319486380869
954,954,05/15/2023 13:23:39.603761,1183,True,True,True,True,Eyes,2.10074,0.07470602,-3.249143,-0.8268493,-0.2982299,0.4768429,0.0,0.0,0.0,0.0,0.0,0.0,0.0,1.383042,1.257649,3.360911,2.277052,0.08054821,-3.098185,0.1614034,-0.4656431,0.1232115,0.861362,23.12875,304.0002,3.862412,0.5211762,0.0192084,-0.8532325,0.0,0.0,0.0,1.117058,-0.2321499,-2.656953,-0.2964577,0.1045294,1.127957,0.5359908,0.06194662,0.841948,-0.3625721,0.9175357,0.1633083,-0.762401,-0.3927986,0.514251,moving,-60.02801,-32.02293,-14.72583,5.294559,-59.17365683240215,-27.741947094664354,58.693121385878946,55.3806829595483,50.054617469100535
955,955,05/15/2023 13:23:39.613430,1184,True,True,True,True,Eyes,2.108077,0.07483992,-3.242072,-0.8314474,-0.2991666,0.4681822,0.0,0.0,0.0,0.0,0.0,0.0,0.0,1.412917,1.259223,3.344136,2.282305,0.08092348,-3.090268,0.1620763,-0.4703714,0.1239178,0.8585608,23.25845,303.3417,3.763865,0.523359,0.0192186,-0.8518952,0.0,0.0,0.0,1.11445,-0.2345436,-2.656898,-0.2983675,0.1068304,1.128935,0.5267903,0.06030987,0.847853,-0.365254,0.9167513,0.1617299,-0.7675164,-0.3948794,0.5049642,moving,-60.61645,-32.57842,-14.80427,5.405768,-59.7586935710683,-28.296367770714557,59.51096011972706,56.18482138544803,50.57498804751481
956,956,05/15/2023 13:23:39.633377,1185,True,True,True,True,Eyes,2.115323,0.07498061,-3.234967,-0.8359202,-0.3002188,0.4594627,0.0,0.0,0.0,0.0,0.0,0.0,0.0,1.440963,1.268761,3.325001,2.287523,0.08061472,-3.082612,0.1637957,-0.4748932,0.1241788,0.8557028,23.46971,302.6813,3.559531,0.5255405,0.01923221,-0.8505508,0.0,0.0,0.0,1.111753,-0.2370207,-2.656841,-0.2992871,0.1187505,1.129929,0.5181121,0.05694928,0.8534147,-0.3680912,0.9155011,0.1623776,-0.7720549,-0.3982642,0.4952947,moving,-61.20465,-33.16111,-14.8354,5.999507,-60.34423960076005,-28.87702506412841,60.693173169502266,57.336087855973254,51.357133658878055
957,957,05/15/2023 13:23:39.653329,1186,True,True,True,True,Eyes,2.122471,0.07513507,-3.227817,-0.8401709,-0.3012897,0.4509295,0.0,0.0,0.0,0.0,0.0,0.0,0.0,1.465692,1.280507,3.30584,2.292683,0.08097273,-3.074666,0.1657769,-0.4788845,0.1251855,0.8529456,23.74684,302.0977,3.430841,0.5277195,0.01924909,-0.8492002,0.0,0.0,0.0,1.10929,-0.2392816,-2.656789,-0.2983259,0.1237242,1.131132,0.5099964,0.05477695,0.8584306,-0.3723289,0.9136931,0.1628985,-0.7754191,-0.4026963,0.4863753,moving,-61.77703,-33.74897,-14.77481,6.242246,-60.91460535194035,-29.46217460985064,61.71309457551984,58.34112071433033,52.049176386750105
958,958,05/15/2023 13:23:39.663114,1187,True,True,True,True,Eyes,2.129509,0.07529375,-3.220649,-0.8443035,-0.302332,0.442433,0.0,0.0,0.0,0.0,0.0,0.0,0.0,1.484284,1.289738,3.28984,2.297302,0.08151375,-3.06681,0.1673588,-0.4820721,0.1262631,0.8506793,23.98347,301.6331,3.354447,0.5298948,0.01926932,-0.8478441,0.0,0.0,0.0,1.106805,-0.2415626,-2.656736,-0.2970696,0.1264347,1.133207,0.5033283,0.05346088,0.86244,-0.3761768,0.9120974,0.1630014,-0.777915,-0.4064731,0.4791951,moving,-62.34451,-34.34634,-14.68951,6.366299,-61.48048491086784,-30.056346308718997,62.677890833565236,59.29590562926089,52.70471641492687
959,959,05/15/2023 13:23:39.683260,1188,True,True,True,True,Eyes,2.136424,0.07547367,-3.213469,-0.848104,-0.3034142,0.4343493,0.0,0.0,0.0,0.0,0.0,0.0,0.0,1.501055,1.289486,3.278357,2.30179,0.08179313,-3.059188,0.1676778,-0.4852192,0.1264688,0.8487945,24.04025,301.1853,3.262303,0.532065,0.01929269,-0.8464835,0.0,0.0,0.0,1.104338,-0.2438282,-2.656683,-0.2960479,0.1334349,1.135001,0.4971359,0.05197101,0.8661149,-0.3774131,0.9117796,0.1619179,-0.7812908,-0.4073783,0.4728929,moving,-62.88113,-34.93618,-14.61901,6.705123,-62.01627202029805,-30.642284954503246,63.743472939840736,60.343428208388026,53.417377124540806
960,960,05/15/2023 13:23:39.703709,1189,True,True,True,True,Eyes,2.143216,0.07565394,-3.206264,-0.851855,-0.3044016,0.4262424,0.0,0.0,0.0,0.0,0.0,0.0,0.0,1.521662,1.296996,3.261672,2.305881,0.08252966,-3.0516,0.1690313,-0.4884949,0.1281305,0.8463947,24.28756,300.718,3.255106,0.5342278,0.01931948,-0.8451195,0.0,0.0,0.0,1.101705,-0.2462452,-2.656628,-0.298001,0.1352818,1.136715,0.4899107,0.05175617,0.870235,-0.3820398,0.910022,0.1609521,-0.7836027,-0.4113165,0.4656023,moving,-63.41801,-35.53258,-14.69006,6.786913,-62.55248981957612,-31.23456122283684,64.53954290959574,61.12646472937638,53.88586046079645
961,961,05/15/2023 13:23:39.713435,1190,True,True,True,True,Eyes,2.149891,0.07581611,-3.199076,-0.8553761,-0.3054157,0.4183934,0.0,0.0,0.0,0.0,0.0,0.0,0.0,1.544382,1.287896,3.25005,2.309842,0.08271758,-3.043748,0.1682674,-0.4924632,0.1281433,0.8442425,24.22549,300.1716,3.183093,0.5363824,0.01934939,-0.843753,0.0,0.0,0.0,1.099089,-0.2486466,-2.656572,-0.3011385,0.144812,1.138311,0.4821186,0.05063703,0.8746414,-0.3820992,0.9105307,0.1579053,-0.788392,-0.4103288,0.4583321,moving,-63.93518,-36.12842,-14.81805,7.250027,-63.069603722911054,-31.82567912804982,65.53000933594248,62.08963879811738,54.457962918599584
962,962,05/15/2023 13:23:39.737948,1191,True,True,True,True,Eyes,2.156429,0.07599195,-3.191857,-0.8588284,-0.3064803,0.4104675,0.0,0.0,0.0,0.0,0.0,0.0,0.0,1.566855,1.292262,3.233678,2.3141,0.08248255,-3.03641,0.1690919,-0.4959777,0.1297966,0.8417642,24.42007,299.6778,3.197285,0.5385271,0.01938165,-0.8423851,0.0,0.0,0.0,1.096521,-0.2510048,-2.656518,-0.3057079,0.1551999,1.139272,0.474318,0.05078458,0.8788875,-0.3862478,0.9091216,0.1559186,-0.7910973,-0.4134234,0.4508282,moving,-64.45505,-36.74728,-15.02068,7.757494,-63.58996024556705,-32.43909273234951,66.51640283484952,63.04554360542644,54.9875753107577
963,963,05/15/2023 13:23:39.753799,1192,True,True,True,True,Eyes,2.162828,0.07616872,-3.184594,-0.862183,-0.3073628,0.4027017,0.0,0.0,0.0,0.0,0.0,0.0,0.0,1.596016,1.285284,3.217053,2.317441,0.08298588,-3.028403,0.1685421,-0.5002711,0.1321171,0.8389681,24.51879,299.1118,3.342726,0.540661,0.01941644,-0.8410163,0.0,0.0,0.0,1.094043,-0.2532797,-2.656465,-0.3098778,0.1602952,1.141159,0.4645478,0.05305055,0.8839576,-0.3903174,0.9082773,0.1506142,-0.7948885,-0.4149915,0.4426447,moving,-64.96404,-37.35275,-15.19213,7.995851,-64.09941463381219,-33.03924572338817,67.3330426886035,63.84200539887938,55.40922622666884
964,964,05/15/2023 13:23:39.763207,1193,True,True,True,True,Eyes,2.169091,0.07631803,-3.177287,-0.8655339,-0.3081639,0.394824,0.0,0.0,0.0,0.0,0.0,0.0,0.0,1.626362,1.264858,3.204564,2.320488,0.08315624,-3.020359,0.1663597,-0.5051797,0.1324212,0.8364107,24.33575,298.4624,3.362021,0.5427826,0.01945358,-0.8396478,0.0,0.0,0.0,1.091537,-0.2555805,-2.656412,-0.3126886,0.1631612,1.143882,0.4545163,0.0534339,0.8891344,-0.3896,0.9095781,0.1444971,-0.8010162,-0.412083,0.434236,moving,-65.47932,-37.97237,-15.28872,8.117806,-64.61534658486717,-33.65324869220628,68.14250253748372,64.63696388555246,55.848130703985504
965,965,05/15/2023 13:23:39.783268,1194,True,True,True,True,Eyes,2.175215,0.07642861,-3.169938,-0.8687584,-0.3088801,0.3871073,0.0,0.0,0.0,0.0,0.0,0.0,0.0,1.656751,1.252086,3.188297,2.323596,0.08263837,-3.011952,0.16516,-0.5100845,0.1328505,0.8335988,24.2604,297.791,3.332517,0.5448914,0.01949217,-0.8382799,0.0,0.0,0.0,1.088902,-0.2579991,-2.656356,-0.3146506,0.1614791,1.147679,0.4443292,0.05299697,0.8942947,-0.3899792,0.9101458,0.1398244,-0.8065283,-0.4108844,0.4250721,moving,-65.98288,-38.58702,-15.33163,8.008976,-65.11979249070237,-34.26208881408157,68.82394910054578,65.31235751920816,56.21853997796824
966,966,05/15/2023 13:23:39.804176,1195,True,True,True,True,Eyes,2.181218,0.07650455,-3.162542,-0.8719417,-0.3096383,0.3792646,0.0,0.0,0.0,0.0,0.0,0.0,0.0,1.686306,1.243773,3.170239,2.326506,0.08182643,-3.003612,0.1644879,-0.514751,0.1338017,0.8307058,24.26963,297.147,3.330377,0.5469866,0.01953112,-0.8369133,0.0,0.0,0.0,1.086417,-0.2602811,-2.656303,-0.3143461,0.1606487,1.152029,0.434257,0.0529591,0.8992309,-0.3916403,0.9100817,0.135533,-0.8111959,-0.4110312,0.4159502,moving,-66.49262,-39.22881,-15.26236,7.938616,-65.63096365533173,-34.89730897248512,69.6369558146612,66.12044088204699,56.71405887780354
967,967,05/15/2023 13:23:39.813694,1196,True,True,True,True,Eyes,2.187098,0.07655057,-3.155074,-0.8750404,-0.3103438,0.3714716,0.0,0.0,0.0,0.0,0.0,0.0,0.0,1.716773,1.239087,3.149865,2.329685,0.08108217,-2.995043,0.1642958,-0.5194539,0.1353236,0.827564,24.36319,296.492,3.353662,0.5490678,0.01956953,-0.8355485,0.0,0.0,0.0,1.083761,-0.2627193,-2.656247,-0.313859,0.1502717,1.157,0.4237103,0.05328962,0.9042289,-0.394666,0.9093888,0.1313419,-0.8152966,-0.4125193,0.406349,moving,-66.99784,-39.87687,-15.17736,7.400176,-66.13792829536337,-35.5384370590561,70.14614191754609,66.63860752162921,57.01327561753325
968,968,05/15/2023 13:23:39.833494,1197,True,True,True,True,Eyes,2.192851,0.07656809,-3.147552,-0.8780887,-0.3110826,0.3635765,0.0,0.0,0.0,0.0,0.0,0.0,0.0,1.746431,1.237338,3.127997,2.332449,0.08042488,-2.986403,0.1646017,-0.5241414,0.1363302,0.8243763,24.47525,295.817,3.289549,0.5511352,0.01960674,-0.8341854,0.0,0.0,0.0,1.081168,-0.2651004,-2.656192,-0.3149583,0.1432247,1.161903,0.4133799,0.05222564,0.9090597,-0.3973238,0.9086407,0.1284749,-0.819299,-0.4143,0.3963643,moving,-67.50779,-40.5509,-15.16676,7.027252,-66.65018200162318,-36.20477083070315,70.73375410082518,67.22760250843143,57.32803906909852
969,969,05/15/2023 13:23:39.853597,1198,True,True,True,True,Eyes,2.198444,0.07655467,-3.139981,-0.880999,-0.3116603,0.3559614,0.0,0.0,0.0,0.0,0.0,0.0,0.0,1.772004,1.237966,3.106901,2.335276,0.0797894,-2.977501,0.1652244,-0.5284296,0.1369252,0.8214101,24.59142,295.1837,3.172622,0.5531889,0.01964219,-0.8328242,0.0,0.0,0.0,1.078679,-0.2673855,-2.656139,-0.3188377,0.1429968,1.164811,0.4040273,0.0503246,0.9133617,-0.3995624,0.9079048,0.1267233,-0.8228681,-0.4161446,0.3869261,moving,-67.99918,-41.20362,-15.30831,6.998839,-67.14387971932537,-36.84996149193348,71.41291784406782,67.89435611822552,57.63681740302425
970,970,05/15/2023 13:23:39.863408,1199,True,True,True,True,Eyes,2.203893,0.07648306,-3.132366,-0.8838919,-0.3121405,0.3482862,0.0,0.0,0.0,0.0,0.0,0.0,0.0,1.794105,1.231363,3.089653,2.337232,0.07903843,-2.968523,0.1648608,-0.5324148,0.1368876,0.8189122,24.56814,294.6081,3.066329,0.5552276,0.01967531,-0.8314655,0.0,0.0,0.0,1.076092,-0.2697605,-2.656084,-0.3251063,0.1363994,1.167607,0.3955924,0.04864921,0.9171368,-0.3997466,0.9081654,0.1242511,-0.8268672,-0.4157751,0.3787107,moving,-68.49372,-41.86728,-15.55923,6.66307,-67.64092645662735,-37.50580647577423,71.81403137745853,68.28903832191864,57.71618470713725
971,971,05/15/2023 13:23:39.883290,1200,True,True,True,True,Eyes,2.209215,0.07635604,-3.124696,-0.8866618,-0.3125972,0.3407549,0.0,0.0,0.0,0.0,0.0,0.0,0.0,1.81705,1.219673,3.074018,2.339333,0.07756057,-2.959792,0.1636965,-0.5365338,0.1367843,0.8164711,24.46176,294.0305,3.004114,0.5572512,0.01970485,-0.83011,0.0,0.0,0.0,1.073583,-0.2720639,-2.656031,-0.3313752,0.1336239,1.170335,0.3868431,0.04770343,0.9209109,-0.3990183,0.908987,0.1205282,-0.8313464,-0.4140857,0.3706698,moving,-68.97762,-42.53223,-15.80924,6.513585,-68.12770380655705,-38.16256249033806,72.33511319434446,68.7981090558197,57.86725295931263
972,972,05/15/2023 13:23:39.907547,1201,True,True,True,True,Eyes,2.214361,0.07617988,-3.11699,-0.8893986,-0.3130738,0.3330991,0.0,0.0,0.0,0.0,0.0,0.0,0.0,1.842655,1.213536,3.054266,2.341699,0.07610387,-2.950802,0.1632921,-0.5408502,0.1375344,0.8135731,24.48602,293.414,2.970153,0.5592593,0.01972978,-0.8287577,0.0,0.0,0.0,1.070942,-0.2744885,-2.655975,-0.3361834,0.1353995,1.173024,0.3771309,0.04715554,0.9249588,-0.4004217,0.90884,0.1169291,-0.8351257,-0.4144711,0.3616337,moving,-69.46799,-43.22494,-15.99207,6.584384,-68.62150417974188,-38.84630584698516,73.07970154005403,69.5255702749193,58.179065425143165
973,973,05/15/2023 13:23:39.913423,1202,True,True,True,True,Eyes,2.219354,0.07594344,-3.109236,-0.8920287,-0.313476,0.3256034,0.0,0.0,0.0,0.0,0.0,0.0,0.0,1.870319,1.209321,3.031471,2.342744,0.07476692,-2.942163,0.1632776,-0.5453279,0.1382911,0.8104528,24.54989,292.7612,2.903653,0.5612512,0.01974934,-0.8274096,0.0,0.0,0.0,1.068252,-0.2769582,-2.655918,-0.341289,0.1361847,1.175919,0.3669861,0.04607724,0.9290846,-0.4022365,0.9084321,0.1138295,-0.8387653,-0.4154855,0.3519158,moving,-69.94719,-43.91287,-16.1844,6.60607,-69.10435634964543,-39.52508692598719,73.77398516623391,70.20402708804129,58.44997358711281
974,974,05/15/2023 13:23:39.933763,1203,True,True,True,True,Eyes,2.224189,0.07564589,-3.101422,-0.8946315,-0.3138804,0.3179837,0.0,0.0,0.0,0.0,0.0,0.0,0.0,1.89786,1.20267,3.009008,2.344355,0.07308897,-2.932759,0.1629188,-0.5500291,0.1385938,0.8072901,24.55123,292.0756,2.807402,0.5632261,0.01976254,-0.8260661,0.0,0.0,0.0,1.065787,-0.2792215,-2.655865,-0.3456845,0.1383986,1.179127,0.3565194,0.04455062,0.9332251,-0.4029909,0.9084985,0.1105842,-0.842907,-0.4155067,0.3418508,moving,-70.43298,-44.62793,-16.33955,6.694396,-69.59433058004421,-40.230251249223535,74.56594608274729,70.9788290555199,58.78863531308747
975,975,05/15/2023 13:23:39.953540,1204,True,True,True,True,Eyes,2.228871,0.07527982,-3.093551,-0.8970554,-0.3142475,0.3107089,0.0,0.0,0.0,0.0,0.0,0.0,0.0,1.924389,1.196532,2.986334,2.345527,0.07133493,-2.923451,0.1625984,-0.5545061,0.1392798,0.804168,24.58078,291.4243,2.753458,0.5651845,0.01976846,-0.8247275,0.0,0.0,0.0,1.063116,-0.2816738,-2.655809,-0.34995,0.1398101,1.182467,0.3462484,0.04368499,0.9371253,-0.4043322,0.9083259,0.10705,-0.8465387,-0.4159758,0.3321696,moving,-70.89569,-45.32442,-16.48608,6.743114,-70.06144603667721,-40.916774440770354,75.30892216194079,71.70623970165094,59.097040309249465
976,976,05/15/2023 13:23:39.963236,1205,True,True,True,True,Eyes,2.233401,0.0748378,-3.085605,-0.8994412,-0.3145673,0.3034023,0.0,0.0,0.0,0.0,0.0,0.0,0.0,1.945681,1.188569,2.966708,2.346853,0.0694748,-2.913276,0.1619319,-0.5584633,0.139869,0.8014572,24.56884,290.8564,2.730936,0.5671253,0.01976608,-0.8233941,0.0,0.0,0.0,1.060678,-0.2839115,-2.655757,-0.3515724,0.1408017,1.187013,0.3371109,0.04333204,0.9404672,-0.405064,0.9084294,0.1033395,-0.8498703,-0.4157863,0.3237938,moving,-71.35957,-46.03506,-16.49837,6.76473,-70.53008046856517,-41.61698706328021,76.14176967659802,72.52734851178661,59.51629480973204
977,977,05/15/2023 13:23:39.983699,1206,True,True,True,True,Eyes,2.237805,0.0743174,-3.077596,-0.9016571,-0.3149041,0.2963947,0.0,0.0,0.0,0.0,0.0,0.0,0.0,1.96111,1.180441,2.950895,2.347983,0.06704807,-2.903386,0.1610806,-0.5617361,0.1399407,0.7993261,24.5024,290.3886,2.69261,0.5690492,0.0197543,-0.8220658,0.0,0.0,0.0,1.058032,-0.2863415,-2.655701,-0.3524784,0.1428154,1.19227,0.3297383,0.04274699,0.9431042,-0.4046861,0.9089393,0.1002923,-0.8529372,-0.4147313,0.3170112,moving,-71.80315,-46.73432,-16.46959,6.830597,-70.978744551003,-42.30558305645104,77.01300666439721,73.38672986586273,59.97380422785543
978,978,05/15/2023 13:23:40.004164,1207,True,True,True,True,Eyes,2.242065,0.07374073,-3.069511,-0.9037759,-0.3153298,0.2894068,0.0,0.0,0.0,0.0,0.0,0.0,0.0,1.972179,1.183094,2.933715,2.349628,0.06465834,-2.893258,0.1615977,-0.5642886,0.1408421,0.797263,24.62156,290.0004,2.66071,0.5709565,0.01973204,-0.8207428,0.0,0.0,0.0,1.055579,-0.2885929,-2.655649,-0.3544958,0.1440986,1.197118,0.3234838,0.04220081,0.9452923,-0.4069518,0.9080994,0.09872064,-0.8542532,-0.4166229,0.3109291,moving,-72.24391,-47.45456,-16.4953,6.86374,-71.42524964619301,-43.01433334844748,77.83562957811866,74.19650644798855,60.36755838896563
979,979,05/15/2023 13:23:40.013690,1208,True,True,True,True,Eyes,2.246209,0.07312233,-3.061305,-0.9057406,-0.3157913,0.2826833,0.0,0.0,0.0,0.0,0.0,0.0,0.0,1.983035,1.186875,2.915673,2.350474,0.06275629,-2.883329,0.1623527,-0.566689,0.1420767,0.7951851,24.78583,289.6308,2.648232,0.5728474,0.0196989,-0.8194249,0.0,0.0,0.0,1.052876,-0.291075,-2.655591,-0.3579559,0.1442026,1.202309,0.3173555,0.04194761,0.9473784,-0.4099615,0.9069116,0.0971742,-0.8551121,-0.4192275,0.3050103,moving,-72.66676,-48.16641,-16.57952,6.839274,-71.85418058029924,-43.71442687987021,78.5582825876779,74.90637339318116,60.66905724258362
980,980,05/15/2023 13:23:40.033848,1209,True,True,True,True,Eyes,2.250223,0.07246605,-3.053016,-0.9076419,-0.3162551,0.2759872,0.0,0.0,0.0,0.0,0.0,0.0,0.0,1.992898,1.187153,2.899419,2.351601,0.06114808,-2.872949,0.1626572,-0.5691312,0.1429219,0.7932249,24.88069,289.2616,2.627763,0.5747232,0.01965491,-0.8181115,0.0,0.0,0.0,1.050216,-0.2935165,-2.655535,-0.3606666,0.1426868,1.207981,0.311326,0.04159181,0.9493926,-0.411885,0.9062319,0.09536488,-0.8564035,-0.4207301,0.2992647,moving,-73.08703,-48.88968,-16.62404,6.736569,-72.28092426649147,-44.42545819137414,79.26126934102243,75.59921820088177,60.972689088355935
981,981,05/15/2023 13:23:40.053756,1210,True,True,True,True,Eyes,2.254119,0.07178494,-3.044608,-0.9094558,-0.3166347,0.2695045,0.0,0.0,0.0,0.0,0.0,0.0,0.0,2.003611,1.179906,2.885525,2.352565,0.05957617,-2.862652,0.1618923,-0.5716325,0.1441271,0.7913625,24.89814,288.9162,2.718934,0.5765843,0.01960021,-0.8168023,0.0,0.0,0.0,1.047798,-0.2957371,-2.655484,-0.3618807,0.1419617,1.214303,0.3049274,0.0430277,0.9514031,-0.4131993,0.9060366,0.09145556,-0.8580709,-0.4210064,0.2940544,moving,-73.49355,-49.59714,-16.59485,6.668062,-72.69392030582122,-45.12080393876077,80.02021630682339,76.34914750277444,61.344237214611574
982,982,05/15/2023 13:23:40.063591,1211,True,True,True,True,Eyes,2.257875,0.07106585,-3.036108,-0.9112791,-0.3168249,0.2630444,0.0,0.0,0.0,0.0,0.0,0.0,0.0,2.013889,1.164049,2.874939,2.353449,0.05826026,-2.852002,0.1599631,-0.5742695,0.1448276,0.7897161,24.7709,288.5761,2.842102,0.5784318,0.01953524,-0.8154965,0.0,0.0,0.0,1.045178,-0.2981428,-2.655428,-0.3619595,0.1398727,1.221262,0.2984791,0.04502151,0.9533538,-0.4124692,0.9068736,0.08631073,-0.8606855,-0.418991,0.2892528,moving,-73.899,-50.29879,-16.50885,6.53369,-73.10572164322743,-45.810510308238776,80.76855885784332,77.09164147758813,61.73722695017809
983,983,05/15/2023 13:23:40.083403,1212,True,True,True,True,Eyes,2.261482,0.07032614,-3.027508,-0.9130616,-0.3167985,0.2568213,0.0,0.0,0.0,0.0,0.0,0.0,0.0,2.025187,1.139785,2.866495,2.353952,0.05657382,-2.841301,0.156867,-0.5772422,0.1447425,0.7881839,24.48047,288.2074,2.964431,0.5802659,0.01946007,-0.8141943,0.0,0.0,0.0,1.042719,-0.3003998,-2.655376,-0.3614944,0.1363851,1.228765,0.2916822,0.04706688,0.9553565,-0.4092678,0.9088847,0.08017716,-0.8645352,-0.414383,0.2843685,moving,-74.29004,-50.96911,-16.39353,6.333543,-73.50271292138964,-46.46953581887273,81.45919169141386,77.77932827365397,62.11492555189809
984,984,05/15/2023 13:23:40.103820,1213,True,True,True,True,Eyes,2.264933,0.06954854,-3.018846,-0.9148451,-0.3166179,0.2506226,0.0,0.0,0.0,0.0,0.0,0.0,0.0,2.032846,1.120177,2.857955,2.354015,0.0552846,-2.830322,0.1544393,-0.5797699,0.1445208,0.7868476,24.24366,287.8855,3.03982,0.5820867,0.01937521,-0.8128955,0.0,0.0,0.0,1.040099,-0.3028055,-2.65532,-0.3609746,0.1341336,1.236387,0.2859613,0.04835313,0.9570203,-0.4065101,0.9105245,0.07546283,-0.8677417,-0.410618,0.2800308,moving,-74.67965,-51.63622,-16.27565,6.191709,-73.8982317471072,-47.12541929446581,82.18939462259739,78.50527432453555,62.51582970177953
985,985,05/15/2023 13:23:40.123296,1214,True,True,True,True,Eyes,2.268244,0.0687801,-3.010156,-0.9164644,-0.3166951,0.2445346,0.0,0.0,0.0,0.0,0.0,0.0,0.0,2.043334,1.097648,2.848917,2.353791,0.05354539,-2.820136,0.1515645,-0.5825329,0.1445426,0.7853605,23.9831,287.541,3.165529,0.5838946,0.01928062,-0.8116003,0.0,0.0,0.0,1.037576,-0.3051214,-2.655267,-0.3605392,0.1336578,1.243878,0.2795256,0.05045331,0.9588117,-0.4036187,0.9122713,0.06966402,-0.8711815,-0.4064672,0.2753671,moving,-75.06017,-52.32665,-16.16428,6.133046,-74.28558306292017,-47.80351822993217,82.98350387459254,79.29211077188835,62.94126686310042
986,986,05/15/2023 13:23:40.133421,1215,True,True,True,True,Eyes,2.271415,0.06805078,-3.001387,-0.9180051,-0.316971,0.2383192,0.0,0.0,0.0,0.0,0.0,0.0,0.0,2.058777,1.100213,2.826819,2.354041,0.0530306,-2.809914,0.1523359,-0.5850805,0.1484516,0.7825833,24.33955,287.1686,3.403697,0.5856881,0.01917754,-0.8103093,0.0,0.0,0.0,1.034948,-0.307534,-2.655211,-0.3588353,0.1342603,1.252277,0.271286,0.05409387,0.9609774,-0.410609,0.9095117,0.06471889,-0.8705195,-0.4121433,0.2689492,moving,-75.44695,-53.0618,-15.98946,6.119471,-74.68021650965957,-48.524961917598176,83.89049978558681,80.19114008768072,63.45265567429936
987,987,05/15/2023 13:23:40.153496,1216,True,True,True,True,Eyes,2.274447,0.06737132,-2.992565,-0.9194443,-0.3173626,0.2321704,0.0,0.0,0.0,0.0,0.0,0.0,0.0,2.08248,1.088237,2.803293,2.353951,0.05323784,-2.799198,0.1513429,-0.5887547,0.1528638,0.7791637,24.57225,286.673,3.783088,0.587468,0.01906784,-0.8090223,0.0,0.0,0.0,1.032437,-0.3098397,-2.655158,-0.3576357,0.1291117,1.260841,0.2600012,0.06000415,0.9637423,-0.4164196,0.9074559,0.05584329,-0.8712028,-0.4158404,0.2609265,moving,-75.8284,-53.81222,-15.83591,5.846783,-75.07010439140724,-49.2609718582089,84.60671069929448,80.9046008006434,63.84118517793757
988,988,05/15/2023 13:23:40.164799,1217,True,True,True,True,Eyes,2.277309,0.06686349,-2.983648,-0.9207546,-0.3180034,0.2260196,0.0,0.0,0.0,0.0,0.0,0.0,0.0,2.091509,1.078475,2.789298,2.353996,0.05376668,-2.788102,0.1504514,-0.5908797,0.1555769,0.7771881,24.69026,286.3948,4.040992,0.5892341,0.01895355,-0.8077397,0.0,0.0,0.0,1.029936,-0.3121359,-2.655105,-0.3572401,0.1309818,1.268675,0.2533139,0.06402772,0.9652629,-0.4196225,0.9063204,0.05000358,-0.8716359,-0.4177126,0.256451,moving,-76.20818,-54.59685,-15.72643,5.894501,-75.45930780392818,-50.02993723192974,85.54090032766607,81.82639844387593,64.31729736351205
989,989,05/15/2023 13:23:40.183821,1218,True,True,True,True,Eyes,2.279967,0.06647047,-2.974648,-0.9221637,-0.3182259,0.2198782,0.0,0.0,0.0,0.0,0.0,0.0,0.0,2.105913,1.065529,2.771204,2.352805,0.05738387,-2.776835,0.1495927,-0.5931761,0.1609903,0.7744976,25.00576,286.1137,4.550656,0.5909861,0.0188397,-0.8064612,0.0,0.0,0.0,1.027423,-0.3144433,-2.655051,-0.3528734,0.1341854,1.277407,0.2444485,0.0719035,0.9669927,-0.4268427,0.9034083,0.04072715,-0.8706608,-0.4227095,0.2515282,moving,-76.58895,-55.35746,-15.44239,5.99665,-75.84881499737972,-50.7757577549578,86.62117878282251,82.89778322282963,64.96957000271726
990,990,05/15/2023 13:23:40.204274,1219,True,True,True,True,Eyes,2.282555,0.06605534,-2.965634,-0.9235091,-0.3185007,0.2137478,0.0,0.0,0.0,0.0,0.0,0.0,0.0,2.112782,1.0234,2.769231,2.350571,0.0596302,-2.766061,0.1445305,-0.5961003,0.1590683,0.7736102,24.4099,285.7744,4.648877,0.5927236,0.01872938,-0.8051876,0.0,0.0,0.0,1.024808,-0.3168437,-2.654996,-0.3475388,0.133975,1.286705,0.2387233,0.07380439,0.968279,-0.4184231,0.9076164,0.03397913,-0.8763182,-0.4132618,0.2475506,moving,-76.96826,-56.13419,-15.1149,5.94436,-76.23734779963021,-51.53708601121548,87.63323863347799,83.90512654515695,65.60241983854448
991,991,05/15/2023 13:23:40.213507,1220,True,True,True,True,Eyes,2.285062,0.06565791,-2.956633,-0.9247109,-0.3191926,0.207427,0.0,0.0,0.0,0.0,0.0,0.0,0.0,2.120746,1.024787,2.754019,2.351517,0.05870493,-2.756681,0.1450408,-0.5982836,0.1596931,0.7716982,24.51547,285.4277,4.596824,0.594447,0.01862162,-0.8039187,0.0,0.0,0.0,1.022246,-0.3191964,-2.654941,-0.3429989,0.1314804,1.297072,0.2331098,0.07291865,0.9697127,-0.4200207,0.9069226,0.03277197,-0.8770646,-0.4149389,0.2420399,moving,-77.35696,-56.98221,-14.81229,5.788136,-76.63691860200122,-52.36749344878773,88.61124128669351,84.87851281897022,66.18876200380663
992,992,05/15/2023 13:23:40.233517,1221,True,True,True,True,Eyes,2.287469,0.06532268,-2.947616,-0.9258217,-0.3201234,0.2009359,0.0,0.0,0.0,0.0,0.0,0.0,0.0,2.143744,1.040386,2.721743,2.352192,0.05881307,-2.747665,0.1479779,-0.6013664,0.1650412,0.7676083,25.19363,284.9163,4.779556,0.5961563,0.01851666,-0.8026544,0.0,0.0,0.0,1.019636,-0.3215925,-2.654886,-0.3452294,0.1517437,1.303713,0.2222399,0.07539622,0.9720725,-0.4313519,0.9017279,0.02867766,-0.8743826,-0.4256786,0.2329222,moving,-77.75471,-57.88422,-14.83177,6.638983,-77.04672636448876,-53.25027735953073,90.12513580363033,86.35637962447765,66.87505025956192
993,993,05/15/2023 13:23:40.253487,1222,True,True,True,True,Eyes,2.289799,0.06508371,-2.938506,-0.9268922,-0.3211721,0.1942147,0.0,0.0,0.0,0.0,0.0,0.0,0.0,2.16846,1.039735,2.692778,2.352264,0.0600158,-2.73817,0.1489217,-0.6052086,0.1686444,0.7636123,25.56706,284.3181,4.915781,0.5978519,0.01841585,-0.8013945,0.0,0.0,0.0,1.01713,-0.3238927,-2.654833,-0.3460925,0.1393862,1.311256,0.2105632,0.07730056,0.9745192,-0.4378154,0.8987628,0.02330678,-0.8740599,-0.4315671,0.2230897,moving,-78.16584,-58.83839,-14.78545,6.067744,-77.47091467727418,-54.18380782788576,90.71868642886126,86.94663293925873,67.0911490778384
994,994,05/15/2023 13:23:40.273247,1223,True,True,True,True,Eyes,2.292017,0.06495308,-2.929326,-0.9279287,-0.3221591,0.1875147,0.0,0.0,0.0,0.0,0.0,0.0,0.0,2.192603,1.030542,2.666316,2.352574,0.06205365,-2.727692,0.1488045,-0.6094024,0.1712709,0.7597054,25.77517,283.6802,5.024453,0.5995352,0.01832143,-0.8001382,0.0,0.0,0.0,1.014543,-0.3262682,-2.654778,-0.3519474,0.1154151,1.319521,0.19859,0.07886725,0.9769044,-0.4415945,0.897047,0.01734932,-0.8749608,-0.434841,0.2129719,moving,-78.57559,-59.79819,-14.93446,4.998791,-77.89392002188715,-55.122727175513525,90.82313677907884,87.05452632675805,66.93980537328939
995,995,05/15/2023 13:23:40.283502,1224,True,True,True,True,Eyes,2.294143,0.06489771,-2.920096,-0.9289883,-0.3227965,0.181061,0.0,0.0,0.0,0.0,0.0,0.0,0.0,2.198925,1.023537,2.652327,2.352153,0.06453173,-2.716789,0.1486955,-0.6118163,0.1710558,0.7578328,25.76506,283.2975,4.924878,0.6012066,0.01823568,-0.798885,0.0,0.0,0.0,1.011942,-0.3286566,-2.654723,-0.3560488,0.1382127,1.325421,0.1928417,0.07731476,0.9781793,-0.4412119,0.8972592,0.0160632,-0.8764384,-0.434682,0.2071411,moving,-78.97124,-60.71134,-15.03642,5.95319,-78.30199776864139,-56.016193757306205,92.36785571048675,88.55923358781001,67.5774375332953
996,996,05/15/2023 13:23:40.303685,1225,True,True,True,True,Eyes,2.296197,0.06488696,-2.910842,-0.9300492,-0.323199,0.1747878,0.0,0.0,0.0,0.0,0.0,0.0,0.0,2.194509,1.008382,2.651025,2.352101,0.06622158,-2.706265,0.1469717,-0.6131348,0.1691967,0.7575207,25.47702,283.1208,4.836445,0.6028665,0.01815983,-0.797635,0.0,0.0,0.0,1.009346,-0.3310392,-2.654668,-0.3621209,0.1449774,1.329691,0.1908765,0.07611304,0.9786587,-0.436567,0.8995436,0.01518749,-0.8791902,-0.430149,0.2049302,moving,-79.35633,-61.59524,-15.23418,6.222431,-78.69905080169222,-56.88110710898773,93.33213069724027,89.49774493107607,67.85514849950385
997,997,05/15/2023 13:23:40.323135,1226,True,True,True,True,Eyes,2.298188,0.06492033,-2.901544,-0.9311301,-0.3233567,0.1686332,0.0,0.0,0.0,0.0,0.0,0.0,0.0,2.189541,0.9918824,2.651659,2.352463,0.06723906,-2.696407,0.144884,-0.6142492,0.1675919,0.7573768,25.17282,282.9887,4.808877,0.6045159,0.01809408,-0.7963871,0.0,0.0,0.0,1.006701,-0.3334676,-2.654612,-0.3652021,0.1409176,1.336982,0.1892219,0.0758706,0.978999,-0.4318502,0.9018432,0.01357732,-0.8818734,-0.42535,0.2034132,moving,-79.73466,-62.45759,-15.27787,6.016744,-79.08896929631011,-57.725015794525845,94.03941829811399,90.1935049496724,68.08532096317495
998,998,05/15/2023 13:23:40.333868,1227,True,True,True,True,Eyes,2.30015,0.06494997,-2.892227,-0.9322115,-0.3233197,0.1626228,0.0,0.0,0.0,0.0,0.0,0.0,0.0,2.186213,0.9812586,2.64861,2.352875,0.06826445,-2.686419,0.1437215,-0.6156107,0.1657479,0.7568985,24.93801,282.7898,4.678235,0.6061555,0.01803867,-0.7951411,0.0,0.0,0.0,1.004282,-0.3356888,-2.65456,-0.3623518,0.1462611,1.343977,0.1871021,0.07395559,0.9795527,-0.4278616,0.9037436,0.01349283,-0.8842667,-0.4216375,0.2007351,moving,-80.10442,-63.29859,-15.08883,6.210892,-79.4700057681754,-58.54805602975208,95.17665171120711,91.31624796942123,68.67173527503626
999,999,05/15/2023 13:23:40.353760,1228,True,True,True,True,Eyes,2.302074,0.06506698,-2.882907,-0.9331523,-0.3234733,0.1568179,0.0,0.0,0.0,0.0,0.0,0.0,0.0,2.181496,0.973546,2.646616,2.354179,0.06818548,-2.676655,0.1427532,-0.6168293,0.1635098,0.7565764,24.6909,282.6056,4.501303,0.6077859,0.01799249,-0.7938966,0.0,0.0,0.0,1.001727,-0.3380345,-2.654506,-0.3565754,0.1441499,1.351844,0.1855723,0.07130654,0.98004,-0.423524,0.9057721,0.01429214,-0.8866739,-0.4177227,0.1982863,moving,-80.46048,-64.13618,-14.77634,6.086568,-79.83768115613974,-59.36737651036082,96.15425411395536,92.28866108575309,69.24343201445488
1000,1000,05/15/2023 13:23:40.373498,1229,True,True,True,True,Eyes,2.303925,0.06526324,-2.873608,-0.9340966,-0.3234168,0.1512118,0.0,0.0,0.0,0.0,0.0,0.0,0.0,2.169307,0.9913661,2.641119,2.355234,0.07044587,-2.666855,0.1455422,-0.6161911,0.1644575,0.7563595,25.01396,282.6369,4.393105,0.6094081,0.01795699,-0.7926529,0.0,0.0,0.0,0.9990622,-0.340481,-2.654449,-0.349627,0.1449682,1.360187,0.1865243,0.06941442,0.9799951,-0.4281417,0.9035423,0.01748988,-0.884253,-0.422839,0.1982519,moving,-80.80471,-64.94181,-14.41543,6.083595,-80.19302796846445,-60.15548917200473,97.22214076192945,93.35046152240955,69.89241974618326
1001,1001,05/15/2023 13:23:40.383688,1230,True,True,True,True,Eyes,2.305733,0.06548608,-2.864369,-0.9350725,-0.3231335,0.1456851,0.0,0.0,0.0,0.0,0.0,0.0,0.0,2.161452,0.9787032,2.643571,2.355329,0.07251234,-2.658076,0.1440756,-0.6168115,0.1624105,0.756577,24.73121,282.5636,4.294653,0.6110216,0.01793329,-0.7914104,0.0,0.0,0.0,0.9965711,-0.3427681,-2.654397,-0.3442912,0.1481329,1.367041,0.1863328,0.06801715,0.9801295,-0.423487,0.9057301,0.01765515,-0.8865319,-0.4183618,0.1975715,moving,-81.14446,-65.73172,-14.13604,6.184455,-80.54360734336515,-60.9282937843059,98.29580142369777,94.41443771928598,70.49743564643754
1002,1002,05/15/2023 13:23:40.403890,1231,True,True,True,True,Eyes,2.3075,0.06574109,-2.855169,-0.9360283,-0.3228244,0.1401265,0.0,0.0,0.0,0.0,0.0,0.0,0.0,2.15355,0.9601859,2.649379,2.356217,0.07330985,-2.649871,0.1415737,-0.617696,0.1588846,0.7570761,24.2456,282.4658,4.130594,0.6126259,0.01792093,-0.7901694,0.0,0.0,0.0,0.9940665,-0.3450676,-2.654343,-0.3403425,0.1471402,1.373577,0.1864146,0.06567653,0.9802735,-0.4154745,0.9094251,0.01807927,-0.890298,-0.4106489,0.196817,moving,-81.48586,-66.53607,-13.91637,6.114317,-80.89617846919958,-61.715082687711664,99.21549632043308,95.326398256548,70.98532399971036
1003,1003,05/15/2023 13:23:40.415602,1232,True,True,True,True,Eyes,2.309177,0.06603729,-2.845943,-0.9370133,-0.3224336,0.1343235,0.0,0.0,0.0,0.0,0.0,0.0,0.0,2.16514,0.9436464,2.638331,2.357075,0.0743123,-2.641546,0.1397612,-0.6203756,0.1597818,0.7550303,24.1607,282.0965,4.266033,0.6142211,0.01791968,-0.7889301,0.0,0.0,0.0,0.9906783,-0.3481782,-2.654272,-0.3366348,0.1489059,1.380951,0.1792079,0.06787129,0.9814672,-0.414689,0.9098732,0.01279847,-0.8921421,-0.4092973,0.191202,moving,-81.84207,-67.38374,-13.69981,6.154343,-81.26427400277477,-62.54413364248001,100.25575918231576,96.35578596524248,71.52403390794002
1004,1004,05/15/2023 13:23:40.415602,1233,True,True,True,True,Eyes,2.310824,0.06632914,-2.836695,-0.9380594,-0.3218004,0.1284094,0.0,0.0,0.0,0.0,0.0,0.0,0.0,2.179037,0.9045945,2.630849,2.356488,0.07548442,-2.632323,0.1348802,-0.6239477,0.1590557,0.7531254,23.68126,281.6541,4.462908,0.6158072,0.01792962,-0.7876925,0.0,0.0,0.0,0.9889792,-0.3497382,-2.654236,-0.3317162,0.1535526,1.386114,0.170781,0.07126131,0.9827288,-0.4078941,0.9130173,0.004678584,-0.896915,-0.4016482,0.1849931,moving,-82.20532,-68.2463,-13.45856,6.321409,-81.63959363403677,-63.38777208769462,101.42218808528182,97.5090932955622,72.13569083722156
1005,1005,05/15/2023 13:23:40.453499,1234,True,True,True,True,Eyes,2.312438,0.0666489,-2.827364,-0.9389232,-0.3216241,0.1223968,0.0,0.0,0.0,0.0,0.0,0.0,0.0,2.195826,0.867118,2.620624,2.357543,0.07558492,-2.622497,0.130082,-0.6279965,0.1585994,0.7506966,23.23504,281.1312,4.665287,0.6173854,0.01794955,-0.7864557,0.0,0.0,0.0,0.9863886,-0.3521166,-2.654181,-0.3289713,0.1591571,1.391843,0.1609333,0.07473792,0.9841315,-0.4015021,0.9158499,-0.003895489,-0.9016078,-0.394504,0.1773981,moving,-82.57288,-69.16525,-13.29819,6.52343,-82.02062510433792,-64.28595403452368,102.60486808499147,98.67493072720444,72.69505185566881
1006,1006,05/15/2023 13:23:40.473657,1235,True,True,True,True,Eyes,2.313975,0.06701099,-2.817991,-0.9398127,-0.3212628,0.1163715,0.0,0.0,0.0,0.0,0.0,0.0,0.0,2.206538,0.8591536,2.604496,2.358162,0.07655129,-2.612195,0.1295653,-0.6307511,0.1597409,0.7482304,23.29111,280.7124,4.721155,0.6189572,0.01797933,-0.7852185,0.0,0.0,0.0,0.9838435,-0.3544532,-2.654127,-0.328494,0.1637165,1.396724,0.1532716,0.07559916,0.9852882,-0.402493,0.9153914,-0.007624199,-0.9025007,-0.395403,0.1707316,moving,-82.94132,-70.08801,-13.23481,6.685398,-82.40261272788806,-65.18783968507262,103.69741420264329,99.74942220152948,73.14767483647476
1007,1007,05/15/2023 13:23:40.483741,1236,True,True,True,True,Eyes,2.31546,0.06738227,-2.80857,-0.9406225,-0.3210364,0.1102947,0.0,0.0,0.0,0.0,0.0,0.0,0.0,2.211778,0.8466365,2.593517,2.357936,0.07791559,-2.60176,0.1284418,-0.6334355,0.1574641,0.7466373,23.03451,280.2986,4.513393,0.6205229,0.01801919,-0.7839811,0.0,0.0,0.0,0.9813411,-0.3567507,-2.654073,-0.3283586,0.1640947,1.401884,0.147929,0.07241797,0.9863431,-0.3978563,0.9174156,-0.007687853,-0.9054432,-0.3912855,0.1645243,moving,-83.3122,-71.03942,-13.18255,6.67626,-82.78774469361443,-66.11744503359706,104.67996335013163,100.71646648316403,73.5320914824283
1008,1008,05/15/2023 13:23:40.503673,1237,True,True,True,True,Eyes,2.316915,0.06773725,-2.799124,-0.9414343,-0.3207128,0.1041387,0.0,0.0,0.0,0.0,0.0,0.0,0.0,2.215698,0.8328442,2.5848,2.358113,0.07848948,-2.591771,0.1269499,-0.6359532,0.1548396,0.7452999,22.71659,279.9191,4.310782,0.6220827,0.01806845,-0.7827428,0.0,0.0,0.0,0.9787587,-0.3591216,-2.654019,-0.3270404,0.1690928,1.40671,0.1431762,0.06933542,0.9872656,-0.3922724,0.9198167,-0.007709962,-0.9086381,-0.3861731,0.1588943,moving,-83.68777,-72.01086,-13.08797,6.854321,-83.17796500699288,-67.06652355522723,105.84917824056434,101.86706366553595,74.0267269676499
1009,1009,05/15/2023 13:23:40.513465,1238,True,True,True,True,Eyes,2.31831,0.06808054,-2.789601,-0.9420923,-0.320752,0.09787846,0.0,0.0,0.0,0.0,0.0,0.0,0.0,2.225213,0.8302355,2.567984,2.358889,0.07847381,-2.581645,0.1271399,-0.6390748,0.1529108,0.742992,22.60468,279.4037,4.020007,0.6236379,0.01812579,-0.7815029,0.0,0.0,0.0,0.9762159,-0.3614561,-2.653965,-0.3245366,0.1666925,1.412328,0.1364032,0.06471927,0.9885372,-0.3897269,0.9209074,-0.006515114,-0.9107729,-0.3843707,0.1508376,moving,-84.06855,-73.03027,-12.94125,6.731297,-83.57453917866728,-68.06204969356165,106.86908054056369,102.87422539110827,74.47168343636895
1010,1010,05/15/2023 13:23:40.533746,1239,True,True,True,True,Eyes,2.319652,0.0684282,-2.780032,-0.9427345,-0.3207045,0.0916535,0.0,0.0,0.0,0.0,0.0,0.0,0.0,2.231303,0.8293001,2.552064,2.358807,0.07859203,-2.570862,0.1275473,-0.6417186,0.1513461,0.7409611,22.53566,278.9604,3.760892,0.6251889,0.01819016,-0.7802612,0.0,0.0,0.0,0.9736964,-0.3637692,-2.653911,-0.3222663,0.1716694,1.417322,0.1305833,0.06058424,0.9895847,-0.3879821,0.9216521,-0.005228005,-0.9123695,-0.3832584,0.143858,moving,-84.44711,-74.0507,-12.80995,6.90616,-83.9689911524497,-69.05849037516225,108.1013222579872,104.08764213083448,75.00603336422952
1011,1011,05/15/2023 13:23:40.553557,1240,True,True,True,True,Eyes,2.320939,0.06877364,-2.770406,-0.94322,-0.3209932,0.08543594,0.0,0.0,0.0,0.0,0.0,0.0,0.0,2.233234,0.8272133,2.540341,2.358896,0.07906039,-2.560138,0.1276958,-0.6437659,0.1498984,0.7394524,22.44825,278.6197,3.552824,0.6267363,0.01826105,-0.7790171,0.0,0.0,0.0,0.9711155,-0.3661388,-2.653857,-0.3181755,0.1739769,1.422353,0.126192,0.05727305,0.9903513,-0.3860978,0.9224485,-0.004149,-0.9137856,-0.3818488,0.1385186,moving,-84.82433,-75.09562,-12.60928,6.973564,-84.36281319592395,-70.07851841592881,109.31772230031302,105.28814240326233,75.57001312545266
1012,1012,05/15/2023 13:23:40.563248,1241,True,True,True,True,Eyes,2.322172,0.06910632,-2.76074,-0.9437062,-0.3211566,0.07922754,0.0,0.0,0.0,0.0,0.0,0.0,0.0,2.234379,0.8225622,2.530021,2.358867,0.07940564,-2.549413,0.1274145,-0.6456557,0.1488043,0.7380729,22.34825,278.3172,3.416957,0.6282808,0.01833784,-0.7777703,0.0,0.0,0.0,0.96848,-0.3685584,-2.6538,-0.312727,0.1688389,1.428297,0.1219722,0.05512513,0.9910015,-0.3841887,0.9232456,-0.004070345,-0.9151623,-0.3802351,0.1337887,moving,-85.20107,-76.14215,-12.35008,6.741647,-84.75621427537946,-71.10008482713074,110.34940212396852,106.31078729155955,76.08075261320947
1013,1013,05/15/2023 13:23:40.583290,1242,True,True,True,True,Eyes,2.323438,0.0694218,-2.751072,-0.944064,-0.3215737,0.07303009,0.0,0.0,0.0,0.0,0.0,0.0,0.0,2.23857,0.8173266,2.519845,2.36091,0.07994775,-2.539398,0.1270386,-0.647997,0.1473004,0.7363856,22.2098,277.9422,3.238352,0.6298223,0.01841965,-0.7765206,0.0,0.0,0.0,0.9659053,-0.3709222,-2.653746,-0.3069574,0.1667508,1.43364,0.1168049,0.05229863,0.9917771,-0.381581,0.9243276,-0.003801733,-0.9169257,-0.3779992,0.1279221,moving,-85.57658,-77.20502,-12.08516,6.634427,-85.1488697119291,-72.13737845242996,111.49009681080294,107.43976457115176,76.6439109533736
1014,1014,05/15/2023 13:23:40.603428,1243,True,True,True,True,Eyes,2.324737,0.06972995,-2.741384,-0.9443946,-0.3219453,0.06685841,0.0,0.0,0.0,0.0,0.0,0.0,0.0,2.241914,0.8166195,2.508787,2.363059,0.07992895,-2.529154,0.1272074,-0.6500446,0.1468057,0.7346485,22.19537,277.604,3.11541,0.6313625,0.01850554,-0.7752667,0.0,0.0,0.0,0.9634043,-0.3732184,-2.653693,-0.3013773,0.1671434,1.438329,0.1117803,0.05032033,0.992458,-0.3810822,0.9245327,-0.003955162,-0.917759,-0.377766,0.1225207,moving,-85.9505,-78.26814,-11.83414,6.628421,-85.53999209193282,-73.17486343496662,112.69720887970705,108.63294545949707,77.22805866659685
1015,1015,05/15/2023 13:23:40.613443,1244,True,True,True,True,Eyes,2.325974,0.07000302,-2.731595,-0.9445893,-0.3225925,0.06070403,0.0,0.0,0.0,0.0,0.0,0.0,0.0,2.245937,0.8115284,2.495967,2.363177,0.07955283,-2.518279,0.1268003,-0.6522008,0.1467039,0.7328259,22.16072,277.2646,3.071145,0.6329021,0.01859492,-0.7740082,0.0,0.0,0.0,0.9607546,-0.375651,-2.653637,-0.295659,0.1697631,1.443225,0.1062243,0.04961824,0.9931035,-0.3804153,0.9247993,-0.005515604,-0.9186951,-0.3772058,0.1171117,moving,-86.32294,-79.34296,-11.57743,6.708735,-85.93000018097003,-74.22359085036013,113.98151375347287,109.9015289250561,77.84987617530442
1016,1016,05/15/2023 13:23:40.633487,1245,True,True,True,True,Eyes,2.32716,0.07022826,-2.721748,-0.9447662,-0.3231674,0.05458539,0.0,0.0,0.0,0.0,0.0,0.0,0.0,2.247117,0.8027613,2.486026,2.362836,0.07903732,-2.506999,0.1257885,-0.6541367,0.146,0.7314141,22.02523,276.9745,3.030376,0.6344424,0.01868657,-0.7727439,0.0,0.0,0.0,0.9581549,-0.3780378,-2.653581,-0.2894941,0.1722214,1.447818,0.1015784,0.04900716,0.9936197,-0.3781386,0.9257225,-0.007000987,-0.9201592,-0.3750148,0.112565,moving,-86.69332,-80.4128,-11.30729,6.783593,-86.31787741220785,-75.26744867691758,115.26605949442077,111.17086697598316,78.47955526155083
1017,1017,05/15/2023 13:23:40.653554,1246,True,True,True,True,Eyes,2.32716,0.07022826,-2.721748,-0.9447662,-0.3231674,0.05458539,0.0,0.0,0.0,0.0,0.0,0.0,0.0,2.250179,0.7957197,2.47414,2.362854,0.07810615,-2.495729,0.1249895,-0.6562299,0.1459154,0.7296909,21.9573,276.6547,3.022447,0.6359832,0.01877899,-0.771474,0.0,0.0,0.0,0.9555829,-0.3803992,-2.653527,-0.2846871,0.1745213,1.452165,0.09614215,0.04890249,0.9941657,-0.37699,0.9261727,-0.009100588,-0.9212142,-0.3739155,0.10748,moving,-86.69332,-80.4128,-11.09178,6.852945,-86.31787741220785,-75.26744867691758,115.4595301427155,111.3675212506901,78.7055652992659
1018,1018,05/15/2023 13:23:40.663530,1247,True,True,True,True,Eyes,2.32716,0.07022826,-2.721748,-0.9447662,-0.3231674,0.05458539,0.0,0.0,0.0,0.0,0.0,0.0,0.0,2.254366,0.7933142,2.459749,2.362828,0.07688686,-2.484554,0.1248783,-0.6584314,0.1459279,0.7277216,21.9576,276.2983,2.963048,0.6373679,0.01886212,-0.7703284,0.0,0.0,0.0,0.9529065,-0.3828563,-2.65347,-0.2811532,0.1730483,1.456011,0.09034635,0.04794216,0.9947559,-0.3768374,0.9262209,-0.01041372,-0.921863,-0.3739204,0.1017471,moving,-86.69332,-80.4128,-10.9292,6.777863,-86.31787741220785,-75.26744867691758,115.50936582699245,111.4221066491048,78.83163790190159
1019,1019,05/15/2023 13:23:40.683306,1248,True,True,True,True,Eyes,2.32716,0.07022826,-2.721748,-0.9447662,-0.3231674,0.05458539,0.0,0.0,0.0,0.0,0.0,0.0,0.0,2.25975,0.7914658,2.443785,2.362678,0.07600619,-2.473247,0.1249097,-0.6605954,0.1472396,0.7254874,22.07206,275.9474,3.006877,0.638612,0.01893687,-0.7692955,0.0,0.0,0.0,0.9505123,-0.3850544,-2.653419,-0.2771824,0.1705802,1.459716,0.08386852,0.04861141,0.9952903,-0.3786704,0.9254362,-0.0132908,-0.9217238,-0.3757723,0.09602267,moving,-86.69332,-80.4128,-10.75177,6.665268,-86.31787741220785,-75.26744867691758,115.54094054929242,111.45943949030689,78.95864493745903
1020,1020,05/15/2023 13:23:40.703506,1249,True,True,True,True,Eyes,2.32716,0.07022826,-2.721748,-0.9447662,-0.3231674,0.05458539,0.0,0.0,0.0,0.0,0.0,0.0,0.0,2.267648,0.7783439,2.428502,2.362084,0.07510443,-2.461824,0.1233554,-0.6634158,0.1473892,0.7231455,21.96057,275.527,3.059219,0.6397305,0.01900411,-0.768364,0.0,0.0,0.0,0.9478706,-0.3874798,-2.653363,-0.2723974,0.1715751,1.463728,0.07631177,0.04949575,0.9958549,-0.3768395,0.9261197,-0.01715279,-0.9231298,-0.3739685,0.08932579,moving,-86.69332,-80.4128,-10.54205,6.685581,-86.31787741220785,-75.26744867691758,115.69418263436611,111.61664344187405,79.16217158167126
1021,1021,05/15/2023 13:23:40.723333,1250,True,True,True,True,Eyes,2.328221,0.07021967,-2.710061,-0.9447114,-0.3244525,0.04744349,0.0,0.0,0.0,0.0,0.0,0.0,0.0,2.274214,0.7711767,2.412537,2.361726,0.0738183,-2.450285,0.1226038,-0.6660628,0.1474052,0.7208331,21.90792,275.1113,3.038895,0.6407357,0.01906457,-0.7675245,0.0,0.0,0.0,0.9453924,-0.389755,-2.653311,-0.2658439,0.1729593,1.466704,0.06926422,0.04918545,0.9963852,-0.3758329,0.92648,-0.01960845,-0.9240954,-0.373116,0.08265738,moving,-87.12502,-81.68081,-10.27347,6.725474,-86.77054543334934,-76.50443525162689,117.14022275926897,113.04432910982129,79.8434316100911
1022,1022,05/15/2023 13:23:40.733350,1251,True,True,True,True,Eyes,2.329161,0.07016288,-2.698379,-0.9446357,-0.3256411,0.04026301,0.0,0.0,0.0,0.0,0.0,0.0,0.0,2.283143,0.7653073,2.393759,2.361271,0.07250898,-2.438783,0.1220963,-0.6688575,0.1484996,0.7181018,21.96284,274.6661,3.087099,0.6418198,0.01912327,-0.7666166,0.0,0.0,0.0,0.9426754,-0.3922495,-2.653253,-0.2596155,0.173014,1.470387,0.06115514,0.04994562,0.996878,-0.3766056,0.9260808,-0.023295,-0.924353,-0.3740052,0.07544442,moving,-87.55937,-82.95159,-10.0131,6.710887,-87.22585544688658,-77.74417757906588,118.54443796605739,114.43106019239227,80.49932962370448
1023,1023,05/15/2023 13:23:40.754651,1252,True,True,True,True,Eyes,2.330048,0.07005081,-2.686701,-0.9443359,-0.3273265,0.03297079,0.0,0.0,0.0,0.0,0.0,0.0,0.0,2.292987,0.7550701,2.373822,2.359402,0.07128723,-2.427157,0.1210665,-0.6720169,0.148542,0.7153122,21.89126,274.17,3.075941,0.6429735,0.01917909,-0.765648,0.0,0.0,0.0,0.9402393,-0.394486,-2.653201,-0.2536701,0.174016,1.473169,0.0526571,0.0497903,0.9973707,-0.3752253,0.9265563,-0.02644472,-0.9254369,-0.3728462,0.06747232,moving,-88.00037,-84.24814,-9.770146,6.736765,-87.68830854312615,-79.0089928249974,119.99258679163978,115.86015293913664,81.16431873365471
1024,1024,05/15/2023 13:23:40.763402,1253,True,True,True,True,Eyes,2.330865,0.06988672,-2.675062,-0.943989,-0.328984,0.02557707,0.0,0.0,0.0,0.0,0.0,0.0,0.0,2.306556,0.7463878,2.351723,2.359032,0.0698806,-2.416191,0.1202527,-0.6755611,0.1490727,0.711993,21.87937,273.6028,3.076367,0.644189,0.01923077,-0.7646242,0.0,0.0,0.0,0.937619,-0.3968918,-2.653146,-0.2506324,0.1740505,1.475803,0.04278929,0.0498013,0.9978421,-0.3747536,0.9266332,-0.03017725,-0.9261365,-0.3726536,0.05831316,moving,-88.44798,-85.55444,-9.638454,6.72617,-88.15742912900082,-80.28342270681156,121.3534192774014,117.20025033383627,81.7179169458363
1025,1025,05/15/2023 13:23:40.783454,1254,True,True,True,True,Eyes,2.331626,0.06964773,-2.663409,-0.9434921,-0.3309065,0.01798275,0.0,0.0,0.0,0.0,0.0,0.0,0.0,2.322779,0.73559,2.327166,2.358251,0.06846082,-2.405423,0.1192055,-0.6793523,0.1504089,0.708271,21.91439,272.9992,3.157163,0.6454586,0.01927724,-0.7635516,0.0,0.0,0.0,0.9349217,-0.3993681,-2.653088,-0.2498213,0.1730054,1.478038,0.0317153,0.05109541,0.9981901,-0.3750255,0.9263344,-0.03550164,-0.9264718,-0.3732208,0.04854104,moving,-88.90809,-86.88938,-9.593591,6.676134,-88.63943663412483,-81.585878087428,122.65926447564081,118.48387438691891,82.19054685298408
1026,1026,05/15/2023 13:23:40.803525,1255,True,True,True,True,Eyes,2.332318,0.06943887,-2.651779,-0.9428029,-0.3331918,0.01028619,0.0,0.0,0.0,0.0,0.0,0.0,0.0,2.341136,0.7219335,2.301208,2.357688,0.06643204,-2.394693,0.1176878,-0.6833596,0.1525056,0.7042097,21.97402,272.3694,3.334866,0.6467776,0.01931696,-0.7624337,0.0,0.0,0.0,0.9324785,-0.4016112,-2.653037,-0.2510225,0.1770075,1.479555,0.01952333,0.05394559,0.9983531,-0.375638,0.9257833,-0.04267851,-0.9265608,-0.3741861,0.03833843,moving,-89.37492,-88.23175,-9.629152,6.822191,-89.12815489627464,-82.89571308215487,124.0751353557243,119.87240622593936,82.66564074672972
1027,1027,05/15/2023 13:23:40.813396,1256,True,True,True,True,Eyes,2.332924,0.06927415,-2.640153,-0.9419576,-0.335723,0.002451992,0.0,0.0,0.0,0.0,0.0,0.0,0.0,2.362739,0.7160134,2.268305,2.356845,0.06695601,-2.38353,0.1178673,-0.6870473,0.1592342,0.6990834,22.55692,271.7465,3.767129,0.6481392,0.01935142,-0.7612757,0.0,0.0,0.0,0.9299092,-0.4039701,-2.652982,-0.2521764,0.1814813,1.480665,0.005220766,0.06067517,0.9981439,-0.3845969,0.9215035,-0.05400475,-0.9230698,-0.3836011,0.02814641,moving,-89.85085,-89.58154,-9.665469,6.987742,-89.625888611191,-84.21299267159432,125.52020376063243,121.28991181889896,83.15773828950537
1028,1028,05/15/2023 13:23:40.833827,1257,True,True,True,True,Eyes,2.333496,0.06907846,-2.628553,-0.9410055,-0.3383466,-0.00549128,0.0,0.0,0.0,0.0,0.0,0.0,0.0,2.387649,0.6954819,2.235159,2.355482,0.06784901,-2.372256,0.1160633,-0.6916808,0.1642786,0.6936277,22.84666,271.0081,4.190427,0.6495383,0.01938241,-0.7600815,0.0,0.0,0.0,0.9273189,-0.4063482,-2.652927,-0.2539737,0.1839628,1.482295,-0.01081975,0.06733889,0.9976715,-0.388454,0.9190837,-0.06624728,-0.9214046,-0.3882662,0.01621382,moving,89.66565,89.07019,-9.722546,7.074619,89.1029045558314,93.78965667302236,128.8459823500541,131.4761097545739,83.61063113516751
1029,1029,05/15/2023 13:23:40.853495,1258,True,True,True,True,Eyes,2.333977,0.06898957,-2.61696,-0.9398121,-0.3414333,-0.0132895,0.0,0.0,0.0,0.0,0.0,0.0,0.0,2.404943,0.692197,2.205598,2.355397,0.06693701,-2.36118,0.1163649,-0.6954654,0.1670175,0.6891242,23.12195,270.3473,4.261285,0.6509707,0.01940941,-0.7588543,0.0,0.0,0.0,0.9248319,-0.4086315,-2.652874,-0.2559175,0.1849104,1.483901,-0.02313408,0.0683361,0.9973942,-0.3920472,0.9171288,-0.07193008,-0.9196543,-0.3926896,0.005573961,moving,89.18986,87.77102,-9.785125,7.103072,88.60668679899378,92.52122259553644,127.68463294492774,130.29661960408012,84.03503216028503
1030,1030,05/15/2023 13:23:40.863263,1259,True,True,True,True,Eyes,2.334276,0.06901253,-2.605394,-0.9387088,-0.3440631,-0.02112892,0.0,0.0,0.0,0.0,0.0,0.0,0.0,2.421211,0.6951625,2.172836,2.353734,0.06946516,-2.349858,0.1182756,-0.6980927,0.1749957,0.6841448,23.96395,269.8342,4.664437,0.6524321,0.01943585,-0.7575975,0.0,0.0,0.0,0.9222744,-0.4109795,-2.65282,-0.2584104,0.1819657,1.486012,-0.03591383,0.07431026,0.9965883,-0.4045795,0.9107747,-0.08249131,-0.9137975,-0.4061617,-0.002645002,moving,88.71058,86.48588,-9.864814,6.981248,88.10747165564148,91.2662160433414,126.64159984661698,129.23824741405966,84.38810771254067
1031,1031,05/15/2023 13:23:40.883291,1260,True,True,True,True,Eyes,2.334566,0.06899472,-2.593865,-0.9376345,-0.3464311,-0.02876063,0.0,0.0,0.0,0.0,0.0,0.0,0.0,2.433524,0.646212,2.158139,2.349818,0.072036,-2.338879,0.1120271,-0.702324,0.1738471,0.6811521,23.37885,269.2748,4.967017,0.6539164,0.01946506,-0.7563161,0.0,0.0,0.0,0.9197917,-0.4132589,-2.652767,-0.2603157,0.1750481,1.488186,-0.04696364,0.07947398,0.9957302,-0.3941913,0.9144543,-0.09157898,-0.9178278,-0.396809,-0.01161821,moving,88.24308,85.2542,-9.921878,6.708597,87.62112295405933,90.06316019353613,125.72100353471323,128.30674277024116,84.69423861243595
1032,1032,05/15/2023 13:23:40.903423,1261,True,True,True,True,Eyes,2.334848,0.06899834,-2.582372,-0.936237,-0.3494894,-0.03629773,0.0,0.0,0.0,0.0,0.0,0.0,0.0,2.439558,0.6476544,2.139402,2.349962,0.07106897,-2.328211,0.1126215,-0.7049624,0.1733501,0.67845,23.40491,268.7943,4.777321,0.6554212,0.01949558,-0.7550116,0.0,0.0,0.0,0.9172007,-0.4156376,-2.652712,-0.2636672,0.1686963,1.489889,-0.05404435,0.07643091,0.9956093,-0.3940064,0.9145324,-0.09159447,-0.9175175,-0.3972266,-0.01931099,moving,87.77977,84.07056,-10.03579,6.45994,87.14014217600932,88.90658751657296,124.8650956628713,127.4386577181288,84.95728628704795
1033,1033,05/15/2023 13:23:40.923401,1262,True,True,True,True,Eyes,2.334985,0.06909966,-2.570987,-0.9348875,-0.352276,-0.04343872,0.0,0.0,0.0,0.0,0.0,0.0,0.0,2.446389,0.6843306,2.108503,2.350071,0.07175189,-2.317526,0.1191537,-0.7057455,0.1813876,0.6744067,24.62913,268.4525,4.825829,0.6569443,0.01952791,-0.7536859,0.0,0.0,0.0,0.9144284,-0.4181829,-2.652653,-0.2655544,0.162277,1.491808,-0.06195628,0.07647354,0.9951449,-0.4128424,0.9058018,-0.09531079,-0.9086928,-0.4167431,-0.02454853,moving,87.33972,82.97041,-10.09341,6.208153,86.68396481968408,87.83130020976152,124.0389411488624,126.6025214496774,85.24616829761173
1034,1034,05/15/2023 13:23:40.933786,1263,True,True,True,True,Eyes,2.335035,0.06921707,-2.559691,-0.9337322,-0.3543963,-0.05047128,0.0,0.0,0.0,0.0,0.0,0.0,0.0,2.446662,0.6710458,2.098213,2.346727,0.07417475,-2.307883,0.1179419,-0.7070248,0.1833936,0.6727351,24.70933,268.2597,5.050593,0.6584805,0.01956468,-0.7523431,0.0,0.0,0.0,0.9120409,-0.4203748,-2.652603,-0.2656304,0.1717115,1.492709,-0.06703454,0.07997486,0.9945403,-0.4135263,0.904913,-0.1006403,-0.9080212,-0.4180149,-0.02758866,moving,86.90599,81.89474,-10.09027,6.562089,86.2345757722074,86.77983080662268,122.81401695521323,125.35294976024107,85.79683147006982
1035,1035,05/15/2023 13:23:40.953728,1264,True,True,True,True,Eyes,2.335044,0.06927714,-2.548504,-0.932685,-0.3561058,-0.05733464,1.654947,0.7915004,-0.5200589,-2.643389,0.1648959,0.8828587,0.4397383,-0.2807178,0.1139624,1.671316,2.344802,0.07451692,-2.298685,0.1108617,-0.7097617,0.1794687,0.6721153,23.81493,267.989,5.260432,0.6600256,0.01960594,-0.7509869,0.0,0.0,0.0,0.9093993,-0.4228,-2.652547,-0.2628158,0.1777458,1.494719,-0.07194129,0.08387653,0.9938758,-0.398618,0.9110014,-0.1057363,-0.914291,-0.4037837,-0.03210395,moving,86.48231,80.85361,-9.972358,6.781533,85.79586177119616,85.76200274149637,121.61486574462907,124.13487229111549,86.39310233085048
1036,1036,05/15/2023 13:23:40.973105,1265,True,True,True,True,Eyes,2.334986,0.0692881,-2.537417,-0.9315225,-0.3579749,-0.0641849,1.651742,0.7963507,-0.5219942,-2.643434,0.4885682,0.7549898,0.437369,-0.2809765,0.1094358,1.668236,2.343891,0.07309857,-2.289999,0.1080132,-0.7120107,0.1804579,0.6699321,23.68443,267.6687,5.512764,0.6615776,0.01964959,-0.7496189,0.0,0.0,0.0,0.9068698,-0.4251224,-2.652493,-0.2663416,0.1800007,1.496182,-0.07904854,0.08797591,0.9929811,-0.3956021,0.9115362,-0.1122529,-0.9150138,-0.4016989,-0.03725206,moving,86.05837,79.83488,-10.09372,6.860093,85.35750679911307,84.76577934724553,120.70850818837697,123.20808683966779,86.71712245472472
1037,1037,05/15/2023 13:23:40.983682,1266,True,True,True,True,Eyes,2.334859,0.06930108,-2.5264,-0.9302894,-0.3598798,-0.0710514,1.650398,0.7995112,-0.524644,-2.643663,0.698752,0.5778122,0.4217564,-0.2773468,0.1170774,1.666371,2.342308,0.07189986,-2.281262,0.1063339,-0.7145711,0.1850246,0.6662186,23.96069,267.2504,5.939901,0.6631334,0.01969396,-0.7482417,0.0,0.0,0.0,0.9041957,-0.4275775,-2.652436,-0.2686885,0.1852764,1.497535,-0.08969191,0.09456734,0.9914699,-0.3984999,0.908918,-0.1227432,-0.9127724,-0.4061097,-0.04383758,moving,85.63248,78.83167,-10.17181,7.05285,84.9176865219275,83.78446940647325,119.71073879563396,122.18737154687273,87.12486542210635
1038,1038,05/15/2023 13:23:41.003506,1267,True,True,True,True,Eyes,2.334626,0.06936369,-2.515456,-0.9289109,-0.3619673,-0.07813056,1.650087,0.8018417,-0.527914,-2.644378,0.8545181,0.3601269,0.3743092,-0.2686983,0.1266995,1.666738,2.340693,0.07186906,-2.272267,0.1045278,-0.7181895,0.190787,0.6609676,24.34446,266.6371,6.432206,0.6646911,0.01973904,-0.7468572,0.0,0.0,0.0,0.9018068,-0.4297707,-2.652386,-0.2719047,0.1658708,1.49997,-0.1043915,0.1020664,0.989285,-0.4023496,0.9053485,-0.1358634,-0.9095148,-0.4122214,-0.05344422,moving,85.19218,77.81959,-10.27463,6.310288,84.463668653858,82.79414932199232,119.27905132127479,121.75847516517831,87.18372443415882
1039,1039,05/15/2023 13:23:41.014004,1268,True,True,True,True,Eyes,2.33426,0.06945521,-2.504578,-0.9275703,-0.3637871,-0.08527737,1.650708,0.803113,-0.531051,-2.645346,0.9388012,0.1509157,0.3096398,-0.2568158,0.1326581,1.668452,2.338042,0.07315269,-2.262962,0.1045279,-0.7224615,0.1944358,0.6552238,24.70353,265.8495,6.5584,0.6662479,0.01978625,-0.7454674,0.0,0.0,0.0,0.8991976,-0.4321662,-2.65233,-0.2731539,0.168242,1.502717,-0.1195118,0.1037631,0.9873958,-0.4058326,0.9025373,-0.1439664,-0.9060998,-0.417923,-0.06575341,moving,84.74721,76.80718,-10.30236,6.388151,84.00511901272567,81.80336439804957,118.2931122360374,120.75328156869713,87.61223552840309
1040,1040,05/15/2023 13:23:41.033563,1269,True,True,True,True,Eyes,2.333797,0.06953759,-2.493776,-0.9262177,-0.3654696,-0.09248093,1.652077,0.803614,-0.5342464,-2.646562,0.9715762,-0.06197606,0.2284707,-0.249299,0.1261954,1.670352,2.334629,0.07392089,-2.253781,0.1047408,-0.7263089,0.1934564,0.6512137,24.67279,265.1398,6.306231,0.6678015,0.01983625,-0.7440747,0.0,0.0,0.0,0.8966205,-0.4345322,-2.652276,-0.2679573,0.1857358,1.504951,-0.1299002,0.09981446,0.9864902,-0.4041112,0.903208,-0.1446009,-0.9054391,-0.4174355,-0.07699071,moving,84.29803,75.79958,-10.09574,7.035668,83.54262326080617,80.81708842991266,116.78467111892999,119.21342657107975,88.46955894211632
1041,1041,05/15/2023 13:23:41.053743,1270,True,True,True,True,Eyes,2.333264,0.06960545,-2.483016,-0.9249017,-0.366962,-0.09947804,1.654257,0.8032384,-0.5374441,-2.647579,0.9477991,-0.2752681,0.160948,-0.2457493,0.1205312,1.672666,2.331892,0.07383969,-2.244737,0.1058169,-0.7291465,0.1916868,0.6483859,24.62995,264.59,5.95207,0.6693505,0.01988855,-0.7426803,0.0,0.0,0.0,0.8940965,-0.4368495,-2.652222,-0.2616864,0.1938473,1.508131,-0.136797,0.09426199,0.9861041,-0.4028861,0.9041179,-0.1423152,-0.9049692,-0.4167559,-0.08570374,moving,83.86114,74.83247,-9.843784,7.324343,83.09313418971112,79.87026494530072,115.49008612384834,117.89903118132364,89.22482545390797
1042,1042,05/15/2023 13:23:41.063318,1271,True,True,True,True,Eyes,2.332639,0.06968968,-2.47236,-0.9234995,-0.3685299,-0.1064625,1.657746,0.8017114,-0.5412394,-2.648848,0.8456979,-0.5281768,0.076316,-0.2439352,0.1220092,1.676021,2.329937,0.07355407,-2.236548,0.1078468,-0.7311007,0.1916231,0.645865,24.80305,264.1655,5.679289,0.6708931,0.01994251,-0.7412856,0.0,0.0,0.0,0.8915272,-0.4392084,-2.652168,-0.2559022,0.196845,1.512413,-0.1424551,0.0898315,0.9857165,-0.405219,0.9032993,-0.1408825,-0.9030527,-0.4195004,-0.09227818,moving,83.42387,73.88683,-9.603561,7.415531,82.64386257020428,78.94414505062377,114.33519365972649,116.73015798560273,89.89748487882639
1043,1043,05/15/2023 13:23:41.083721,1272,True,True,True,True,Eyes,2.331912,0.06978238,-2.461789,-0.9221537,-0.3698676,-0.1132721,1.663865,0.7975725,-0.5456274,-2.650258,0.5702383,-0.8212879,-0.01773359,-0.2412351,0.1254428,1.681651,2.327204,0.07409389,-2.228295,0.1093817,-0.7331843,0.1927232,0.6429108,25.03986,263.7238,5.536606,0.6724278,0.01999846,-0.7398921,0.0,0.0,0.0,0.8889188,-0.4416031,-2.652112,-0.2580385,0.1925012,1.51584,-0.1494029,0.08741373,0.9849049,-0.4082016,0.9017868,-0.1419579,-0.9005834,-0.4232487,-0.09904705,moving,82.99718,72.97276,-9.660747,7.237427,82.20569829864735,78.0488174842142,113.60733004766118,115.99007196358328,90.18306222178919
1044,1044,05/15/2023 13:23:41.103513,1273,True,True,True,True,Eyes,2.331082,0.06989558,-2.451309,-0.9207476,-0.3712433,-0.1200093,0.0,0.0,0.0,0.0,0.0,0.0,0.0,2.541126,0.5667653,1.886325,2.324175,0.07439691,-2.220234,0.1101086,-0.7355752,0.1919347,0.6402862,25.04733,263.256,5.307366,0.6739532,0.0200565,-0.7385013,0.0,0.0,0.0,0.8863389,-0.4439717,-2.652057,-0.2655605,0.1817858,1.519252,-0.1558196,0.08379988,0.9842246,-0.4077726,0.9020743,-0.1413627,-0.8996898,-0.4233669,-0.1063896,moving,82.57399,72.08589,-9.914951,6.823275,81.77166541136897,77.1798438096006,113.19634766166136,115.57024878239892,90.19542811029365
1045,1045,05/15/2023 13:23:41.113825,1274,True,True,True,True,Eyes,2.330131,0.07001366,-2.440966,-0.9194412,-0.3723408,-0.1264524,0.0,0.0,0.0,0.0,0.0,0.0,0.0,2.544022,0.5634272,1.869618,2.320971,0.07502174,-2.211884,0.1103465,-0.7372543,0.1932286,0.6379205,25.1951,262.9257,5.315223,0.675467,0.02011703,-0.7371153,0.0,0.0,0.0,0.8837475,-0.4463508,-2.652003,-0.2734075,0.1716903,1.522709,-0.1617623,0.08382219,0.9832635,-0.4092359,0.9009727,-0.1441327,-0.8979751,-0.4257019,-0.1114403,moving,82.16914,71.24176,-10.17918,6.433113,81.35655982932573,76.35268325809875,112.8200909979823,115.18479921925122,90.18755805578915
1046,1046,05/15/2023 13:23:41.133828,1275,True,True,True,True,Eyes,2.329091,0.07011073,-2.430715,-0.9181258,-0.3734019,-0.1327253,0.0,0.0,0.0,0.0,0.0,0.0,0.0,2.54531,0.549324,1.857766,2.31708,0.07523865,-2.20389,0.1086682,-0.7390766,0.192958,0.6361794,25.0549,262.6377,5.376541,0.6769674,0.02017999,-0.7357358,0.0,0.0,0.0,0.8812882,-0.4486088,-2.65195,-0.2797986,0.1629797,1.526127,-0.1669339,0.0848837,0.9823074,-0.40614,0.9019169,-0.1469566,-0.8984339,-0.4234864,-0.1160858,moving,81.77425,70.43229,-10.38917,6.095684,80.95204540339144,75.5592770054812,112.39793084258997,114.75368571248546,90.2395360044327
1047,1047,05/15/2023 13:23:41.153601,1276,True,True,True,True,Eyes,2.327957,0.07020155,-2.42058,-0.9168586,-0.374358,-0.1386595,0.0,0.0,0.0,0.0,0.0,0.0,0.0,2.542414,0.5435334,1.849902,2.313924,0.07481813,-2.195812,0.1080048,-0.7399266,0.1936138,0.6351042,25.06895,262.4948,5.45436,0.6784533,0.02024454,-0.734364,0.0,0.0,0.0,0.8787051,-0.4509802,-2.651896,-0.2865619,0.1550066,1.530041,-0.1699552,0.08609872,0.9816834,-0.4057611,0.9016973,-0.1493315,-0.8980386,-0.4237086,-0.1183126,moving,81.40014,69.67574,-10.60805,5.784832,80.56909896099447,74.81758264302707,112.01587009053925,114.36255136187602,90.27271661949484
1048,1048,05/15/2023 13:23:41.163623,1277,True,True,True,True,Eyes,2.326697,0.07028239,-2.41055,-0.9155973,-0.3752235,-0.1445301,0.0,0.0,0.0,0.0,0.0,0.0,0.0,2.542859,0.5313693,1.839788,2.310624,0.07469559,-2.188319,0.1065771,-0.7410679,0.1954915,0.6334373,25.13577,262.3139,5.686445,0.6799234,0.02031034,-0.7330014,0.0,0.0,0.0,0.8760825,-0.4533881,-2.65184,-0.2975444,0.1602431,1.532419,-0.1747971,0.08970144,0.9805099,-0.4056249,0.9008488,-0.1547251,-0.8971702,-0.4247648,-0.1210806,moving,81.02969,68.93411,-10.9882,5.969651,80.19010399179764,74.09039873078088,111.49805010498966,113.81528627658656,90.33506306772453
1049,1049,05/15/2023 13:23:41.183703,1278,True,True,True,True,Eyes,2.325303,0.07033443,-2.400615,-0.9144481,-0.3757928,-0.1502142,0.0,0.0,0.0,0.0,0.0,0.0,0.0,2.544656,0.5154071,1.82749,2.306384,0.0744949,-2.180751,0.1045967,-0.742825,0.1959134,0.6315763,25.03554,262.0408,5.832604,0.681376,0.02037702,-0.7316494,0.0,0.0,0.0,0.8735945,-0.4556723,-2.651787,-0.3058574,0.1492136,1.53582,-0.180342,0.09207455,0.9792849,-0.4028625,0.9013549,-0.1589372,-0.8973175,-0.4231803,-0.1254587,moving,80.67147,68.21212,-11.26306,5.549193,79.8234890301818,73.38254812721563,111.25915794454058,113.56990570588083,90.25804407748214
1050,1050,05/15/2023 13:23:41.204507,1279,True,True,True,True,Eyes,2.32378,0.07034779,-2.390774,-0.9132466,-0.3764032,-0.1558883,0.0,0.0,0.0,0.0,0.0,0.0,0.0,2.548745,0.4998543,1.81128,2.301905,0.07378593,-2.173126,0.1027493,-0.7449896,0.1963397,0.629193,24.95083,261.684,5.949419,0.6828098,0.02044367,-0.7303097,0.0,0.0,0.0,0.8709066,-0.45814,-2.65173,-0.3136098,0.1337609,1.540242,-0.1871177,0.09397681,0.977832,-0.4001654,0.9017867,-0.1632438,-0.897137,-0.4218403,-0.131134,moving,80.31316,67.50299,-11.50871,4.963348,79.45713758902458,72.68710277796943,111.09663645576792,113.40763814142409,90.14712001408044
1051,1051,05/15/2023 13:23:41.213443,1280,True,True,True,True,Eyes,2.32211,0.07034032,-2.381014,-0.9120601,-0.376914,-0.1614993,0.0,0.0,0.0,0.0,0.0,0.0,0.0,2.552801,0.4916578,1.79274,2.297366,0.07286836,-2.165465,0.1021231,-0.7469036,0.1976458,0.6266115,25.03854,261.3293,6.02778,0.6842237,0.02050917,-0.7289833,0.0,0.0,0.0,0.8684022,-0.4604393,-2.651677,-0.3130197,0.1306507,1.545043,-0.1938579,0.09514205,0.9764053,-0.4002466,0.901014,-0.1672617,-0.8956684,-0.4232278,-0.1365884,moving,79.95867,66.80594,-11.45288,4.833499,79.0948151321315,72.00343269873584,110.4384666540648,112.74167413531697,90.48082768879902
1052,1052,05/15/2023 13:23:41.233706,1281,True,True,True,True,Eyes,2.320296,0.07030132,-2.371346,-0.910816,-0.377428,-0.1672197,0.0,0.0,0.0,0.0,0.0,0.0,0.0,2.558782,0.4812296,1.771555,2.292349,0.07230689,-2.158069,0.1013426,-0.7491313,0.1991,0.6236115,25.13173,260.916,6.117801,0.6856166,0.02057306,-0.7276717,0.0,0.0,0.0,0.865787,-0.4628404,-2.651621,-0.3119102,0.116458,1.549679,-0.201677,0.0964841,0.9746883,-0.4001599,0.9001777,-0.1719071,-0.8939791,-0.4247009,-0.1429359,moving,79.59674,66.10424,-11.3801,4.297685,78.72516042547711,71.31504273428725,109.98561568384123,112.29552170068263,90.68677314864931
1053,1053,05/15/2023 13:23:41.253795,1282,True,True,True,True,Eyes,2.31835,0.07020757,-2.361724,-0.9095551,-0.3779158,-0.1728849,0.0,0.0,0.0,0.0,0.0,0.0,0.0,2.567114,0.4720207,1.745872,2.287183,0.07152383,-2.150494,0.1008388,-0.7520043,0.1995783,0.6200723,25.16472,260.3732,6.078677,0.6869874,0.0206346,-0.7263759,0.0,0.0,0.0,0.8633281,-0.4650978,-2.651569,-0.309489,0.1048593,1.55534,-0.210684,0.09584349,0.9728446,-0.3991684,0.9,-0.1751128,-0.8923436,-0.4252222,-0.1513579,moving,79.23781,65.41736,-11.25399,3.856983,78.3588152721664,70.64104603873875,109.44608665284534,111.76120053359057,90.974344075446
1054,1054,05/15/2023 13:23:41.263405,1283,True,True,True,True,Eyes,2.316252,0.07007726,-2.352174,-0.9082209,-0.378486,-0.1785584,0.0,0.0,0.0,0.0,0.0,0.0,0.0,2.574191,0.4684761,1.720135,2.282346,0.0701023,-2.142609,0.1011139,-0.7545908,0.2003839,0.616616,25.28444,259.8552,6.000389,0.6883358,0.02069241,-0.7250966,0.0,0.0,0.0,0.8608515,-0.4673716,-2.651517,-0.3093587,0.1050547,1.55968,-0.2191218,0.09452061,0.9711085,-0.3997189,0.8992446,-0.1777188,-0.8900622,-0.4271124,-0.1592624,moving,78.87737,64.74346,-11.21887,3.853428,77.99136167836251,69.97952585383698,108.7424869087452,111.04560438613649,91.34088093225441
1055,1055,05/15/2023 13:23:41.283636,1284,True,True,True,True,Eyes,2.313979,0.06992062,-2.342696,-0.9069034,-0.3790158,-0.1840472,0.0,0.0,0.0,0.0,0.0,0.0,0.0,2.577418,0.4674745,1.698048,2.276655,0.0691323,-2.134722,0.1017511,-0.7564724,0.2014754,0.6138437,25.45103,259.4576,5.93752,0.6896613,0.02074579,-0.7238346,0.0,0.0,0.0,0.8583029,-0.4697115,-2.651463,-0.3105212,0.09461887,1.563933,-0.2256856,0.09340496,0.9697122,-0.4012926,0.8981087,-0.1799025,-0.8877109,-0.4297397,-0.1652074,moving,78.52818,64.09914,-11.23011,3.462208,77.63561004428026,69.34689893844389,108.32076507344621,110.62508169055815,91.509875865343
1056,1056,05/15/2023 13:23:41.303717,1285,True,True,True,True,Eyes,2.311558,0.06972405,-2.333305,-0.9055565,-0.3795446,-0.1895082,0.0,0.0,0.0,0.0,0.0,0.0,0.0,2.578304,0.4640756,1.679718,2.270339,0.06834492,-2.127289,0.1019094,-0.7579899,0.2023204,0.6116635,25.55531,259.147,5.917568,0.6909629,0.02079447,-0.7225907,0.0,0.0,0.0,0.8550996,-0.4726524,-2.651395,-0.3122738,0.0831008,1.569058,-0.2309647,0.09301144,0.9685063,-0.4019966,0.8973619,-0.1820452,-0.8860329,-0.4313822,-0.1698686,moving,78.18015,63.46685,-11.25593,3.03168,77.28130988980675,68.72591564106528,107.94082720961194,110.24779110607614,91.64930935723315
1057,1057,05/15/2023 13:23:41.314046,1286,True,True,True,True,Eyes,2.308984,0.06949334,-2.324019,-0.9042177,-0.3800251,-0.1948617,0.0,0.0,0.0,0.0,0.0,0.0,0.0,2.579109,0.4603239,1.66208,2.264427,0.06720607,-2.119921,0.1018833,-0.7596025,0.2026085,0.6095684,25.59541,258.8273,5.869379,0.6922393,0.02083769,-0.7213668,0.0,0.0,0.0,0.8530306,-0.4745519,-2.651351,-0.3101025,0.07804204,1.573547,-0.2360925,0.09222575,0.9673443,-0.4017891,0.8971392,-0.1835941,-0.8847746,-0.4320135,-0.1747525,moving,77.83857,62.85306,-11.14855,2.839329,76.93376087543636,68.12298447171703,107.33291868963016,109.63780899355324,91.9944068001198
1058,1058,05/15/2023 13:23:41.333467,1287,True,True,True,True,Eyes,2.306246,0.06922658,-2.314818,-0.9028369,-0.3805198,-0.2002256,0.0,0.0,0.0,0.0,0.0,0.0,0.0,2.581162,0.4576959,1.641757,2.25816,0.06619276,-2.112719,0.1022539,-0.7611996,0.2039566,0.6070594,25.76313,258.4863,5.860444,0.6934896,0.02087498,-0.7201639,0.0,0.0,0.0,0.850484,-0.47689,-2.651297,-0.3102122,0.07366186,1.57747,-0.2420463,0.09195632,0.9658974,-0.4032987,0.8958917,-0.186355,-0.882476,-0.4346517,-0.1797614,moving,77.49567,62.24712,-11.12535,2.673553,76.58514753917576,67.5275860482499,106.78340260051601,109.08334878061476,92.27227216260093
1059,1059,05/15/2023 13:23:41.353808,1288,True,True,True,True,Eyes,2.303361,0.06891842,-2.305719,-0.9014721,-0.3809291,-0.205526,0.0,0.0,0.0,0.0,0.0,0.0,0.0,2.583759,0.4492775,1.621469,2.251581,0.06506227,-2.105462,0.1016676,-0.7631314,0.2047313,0.6044661,25.80968,258.1145,5.88697,0.6947131,0.02090585,-0.7189827,0.0,0.0,0.0,0.8480051,-0.4791659,-2.651244,-0.3128607,0.06879458,1.581168,-0.2485689,0.09233484,0.9642034,-0.4026778,0.8954976,-0.1895646,-0.8809451,-0.435383,-0.1854118,moving,77.1567,61.65142,-11.19236,2.491294,76.24061954383144,66.94219100495837,106.32721622999202,108.62064277408692,92.4563133082667
1060,1060,05/15/2023 13:23:41.373526,1289,True,True,True,True,Eyes,2.300341,0.06856985,-2.296698,-0.9000347,-0.3814285,-0.2108312,0.0,0.0,0.0,0.0,0.0,0.0,0.0,2.586128,0.443802,1.600572,2.245132,0.06379904,-2.098133,0.1015445,-0.7650045,0.2055443,0.6018375,25.89423,257.7363,5.872608,0.6959089,0.02092969,-0.7178247,0.0,0.0,0.0,0.845346,-0.4816071,-2.651188,-0.3163922,0.06393927,1.584818,-0.2549607,0.09204452,0.9625604,-0.4027726,0.8948805,-0.1922581,-0.8790728,-0.4367113,-0.1910863,moving,76.8163,61.06877,-11.29007,2.310338,75.89506249477513,66.36934252093148,105.90224627303957,108.18873965595594,92.61366303181585
1061,1061,05/15/2023 13:23:41.383329,1290,True,True,True,True,Eyes,2.297176,0.06817146,-2.287814,-0.8986581,-0.3817599,-0.2160395,0.0,0.0,0.0,0.0,0.0,0.0,0.0,2.588648,0.4402322,1.579114,2.238905,0.06252021,-2.090909,0.1017901,-0.7667477,0.2069444,0.5990918,26.05995,257.3633,5.869256,0.6970771,0.02094595,-0.7166899,0.0,0.0,0.0,0.8429499,-0.483807,-2.651137,-0.3176089,0.05855578,1.590662,-0.2614558,0.09186262,0.9608341,-0.4040519,0.8936256,-0.1953849,-0.8765746,-0.4393114,-0.1965264,moving,76.48248,60.4943,-11.2918,2.108232,75.55610106833721,65.80459290471177,105.41943447969649,107.70229483385664,92.84556920254289
1062,1062,05/15/2023 13:23:41.404219,1291,True,True,True,True,Eyes,2.293863,0.06772237,-2.279019,-0.8972357,-0.3820928,-0.2212991,0.0,0.0,0.0,0.0,0.0,0.0,0.0,2.590274,0.4306715,1.559674,2.231989,0.06098883,-2.083768,0.1008687,-0.7687447,0.2069363,0.5966862,26.01053,256.9922,5.867093,0.6982162,0.02095383,-0.7155799,0.0,0.0,0.0,0.8403872,-0.4861597,-2.651082,-0.3196996,0.05737779,1.596356,-0.2675821,0.09186755,0.9591455,-0.4020366,0.8940058,-0.1977884,-0.875652,-0.4385362,-0.2022858,moving,76.14479,59.92159,-11.32472,2.058495,75.21343964096796,65.2414200881049,104.87636980091905,107.14912550615956,93.10887576829212
1063,1063,05/15/2023 13:23:41.413490,1292,True,True,True,True,Eyes,2.290419,0.06721739,-2.270374,-0.8958107,-0.3823639,-0.2265412,0.0,0.0,0.0,0.0,0.0,0.0,0.0,2.593869,0.4226604,1.537004,2.225217,0.05931515,-2.077034,0.1003396,-0.7709409,0.2073416,0.5937942,26.03106,256.5609,5.846138,0.6993263,0.02095259,-0.7144951,0.0,0.0,0.0,0.8377423,-0.488588,-2.651026,-0.3220603,0.05561469,1.600169,-0.2746806,0.09152462,0.9571697,-0.4009483,0.8938829,-0.200534,-0.8739513,-0.4388583,-0.2088356,moving,75.80804,59.35431,-11.37968,1.990543,74.8718366515531,64.68351592690723,104.36618361916226,106.62895000471055,93.34393927309775
1064,1064,05/15/2023 13:23:41.436042,1293,True,True,True,True,Eyes,2.286831,0.06666498,-2.261809,-0.8943154,-0.3826818,-0.2318508,0.0,0.0,0.0,0.0,0.0,0.0,0.0,2.597911,0.4153671,1.512712,2.218261,0.05756217,-2.070258,0.1000386,-0.7731243,0.2083592,0.5906419,26.12615,256.1148,5.845919,0.7004061,0.02094136,-0.713437,0.0,0.0,0.0,0.8352675,-0.4908601,-2.650974,-0.3261537,0.05107368,1.603119,-0.2822692,0.09144688,0.954967,-0.4008159,0.8931574,-0.2040012,-0.8715912,-0.4403491,-0.2154576,moving,75.46607,58.7901,-11.49984,1.824766,74.52526194390504,64.12841019788219,103.9621026136912,106.21705251415874,93.48679394827649
1065,1065,05/15/2023 13:23:41.453369,1294,True,True,True,True,Eyes,2.283108,0.0660787,-2.253373,-0.8928388,-0.3829167,-0.2370944,0.0,0.0,0.0,0.0,0.0,0.0,0.0,2.602591,0.4041863,1.488021,2.211297,0.0558733,-2.063516,0.09916588,-0.7754647,0.2095822,0.5872784,26.20111,255.6513,5.908751,0.7014555,0.02091963,-0.7124059,0.0,0.0,0.0,0.8327186,-0.4932003,-2.65092,-0.3293339,0.0491295,1.606523,-0.2905403,0.0923669,0.9523941,-0.3999655,0.8924829,-0.2085712,-0.8692605,-0.4415231,-0.2223587,moving,75.12827,58.23503,-11.58502,1.751632,74.18297501474068,63.58225403064657,103.48704707474508,105.73161679244888,93.69271919649697
1066,1066,05/15/2023 13:23:41.463758,1295,True,True,True,True,Eyes,2.279244,0.06546639,-2.245018,-0.8913497,-0.3830368,-0.2424429,0.0,0.0,0.0,0.0,0.0,0.0,0.0,2.607744,0.3861357,1.463333,2.204025,0.05452307,-2.056714,0.09728453,-0.7779886,0.2111343,0.583688,26.23717,255.178,6.086174,0.7024738,0.02088733,-0.7114027,0.0,0.0,0.0,0.8301364,-0.4955709,-2.650865,-0.3313563,0.04908497,1.610064,-0.299688,0.09510063,0.9492856,-0.3978457,0.891916,-0.2149526,-0.8671252,-0.4420879,-0.2294613,moving,74.78393,57.66827,-11.62928,1.746199,73.83403548669862,63.02461359759948,102.92968904758791,105.16188658242241,93.96780915124079
1067,1067,05/15/2023 13:23:41.483308,1296,True,True,True,True,Eyes,2.275249,0.06485067,-2.236803,-0.8898773,-0.3830091,-0.2478353,0.0,0.0,0.0,0.0,0.0,0.0,0.0,2.612239,0.3662709,1.440273,2.196844,0.05324818,-2.050214,0.09484331,-0.7808179,0.2107442,0.5804439,26.05337,254.6812,6.168859,0.7034609,0.02084468,-0.7104278,0.0,0.0,0.0,0.8274529,-0.4980347,-2.650808,-0.3333863,0.05246596,1.613712,-0.3081793,0.09653962,0.9464174,-0.3927611,0.8931833,-0.2190032,-0.8664667,-0.439208,-0.2373437,moving,74.43721,57.09414,-11.67285,1.862179,73.48259001552051,62.45978753044623,102.3010847895032,104.5156405704243,94.29111331124881
1068,1068,05/15/2023 13:23:41.503632,1297,True,True,True,True,Eyes,2.271078,0.06423695,-2.228667,-0.8884097,-0.3828232,-0.2533271,0.0,0.0,0.0,0.0,0.0,0.0,0.0,2.616528,0.349948,1.416253,2.189405,0.0525942,-2.044064,0.09325053,-0.7832783,0.2116136,0.5770606,26.04821,254.2121,6.271611,0.7044159,0.02079253,-0.7094825,0.0,0.0,0.0,0.8249141,-0.5003655,-2.650754,-0.3339342,0.04955306,1.617339,-0.3166105,0.09814554,0.9434643,-0.39031,0.893048,-0.2238823,-0.864532,-0.4391272,-0.2444411,moving,74.08467,56.50604,-11.66601,1.754916,73.12512707284759,61.88129989768528,101.73919942542194,103.94575011378896,94.58299109400613
1069,1069,05/15/2023 13:23:41.513914,1298,True,True,True,True,Eyes,2.266739,0.0636452,-2.220643,-0.8870543,-0.3822863,-0.2588275,0.0,0.0,0.0,0.0,0.0,0.0,0.0,2.620415,0.3182151,1.394435,2.181084,0.05195491,-2.037758,0.08894385,-0.7862542,0.2114272,0.5737524,25.75568,253.7378,6.550697,0.7053392,0.02073182,-0.7085665,0.0,0.0,0.0,0.822365,-0.5027058,-2.6507,-0.3346696,0.04833415,1.621061,-0.3257945,0.1027488,0.9398409,-0.3824787,0.8947751,-0.2304076,-0.8646203,-0.4345346,-0.2522135,moving,73.73365,55.89998,-11.66488,1.707846,72.76864645432128,61.28553107401771,101.1419611913614,103.33692925712184,94.89083865908584
1070,1070,05/15/2023 13:23:41.533393,1299,True,True,True,True,Eyes,2.262218,0.06305673,-2.212676,-0.8857468,-0.3815167,-0.2643816,0.0,0.0,0.0,0.0,0.0,0.0,0.0,2.622991,0.2874274,1.373404,2.172493,0.05185638,-2.031383,0.08455863,-0.7894763,0.2091904,0.5708033,25.26684,253.2354,6.686622,0.706229,0.02066409,-0.7076815,0.0,0.0,0.0,0.8197643,-0.5050936,-2.650645,-0.3343208,0.05056888,1.624939,-0.3340669,0.1052991,0.936649,-0.3723272,0.8981784,-0.2337691,-0.8658937,-0.4268345,-0.2608459,moving,73.38046,55.279,-11.62601,1.782496,72.40965738905126,60.67529852177429,100.43891617337832,102.61752083534253,95.28133513441553
1071,1071,05/15/2023 13:23:41.553433,1300,True,True,True,True,Eyes,2.257556,0.06246402,-2.204801,-0.884354,-0.3808654,-0.2699248,0.0,0.0,0.0,0.0,0.0,0.0,0.0,2.62173,0.2762635,1.354085,2.163632,0.05130731,-2.024696,0.08308369,-0.7918894,0.2060593,0.5688128,24.88955,252.8172,6.509098,0.7070854,0.02059012,-0.7068279,0.0,0.0,0.0,0.8171641,-0.5074807,-2.65059,-0.3328715,0.04833416,1.627959,-0.3390983,0.1028322,0.9351139,-0.3660045,0.9012733,-0.2318342,-0.8666333,-0.4208705,-0.2679833,moving,73.02663,54.67425,-11.55607,1.700614,72.0504910809907,60.08070554973837,99.80200023221227,101.97201648072506,95.64303767640604
1072,1072,05/15/2023 13:23:41.563959,1301,True,True,True,True,Eyes,2.252759,0.06192368,-2.197007,-0.8828195,-0.3805603,-0.2753242,0.0,0.0,0.0,0.0,0.0,0.0,0.0,2.620131,0.2792096,1.334218,2.155466,0.05066229,-2.01856,0.08433609,-0.7932041,0.206183,0.566748,25.00422,252.4968,6.32967,0.7079087,0.02051033,-0.7060057,0.0,0.0,0.0,0.8145515,-0.5098794,-2.650534,-0.3287976,0.04864642,1.632784,-0.3433684,0.09991611,0.9338711,-0.3674991,0.900752,-0.2314957,-0.8643165,-0.422685,-0.2725708,moving,72.67891,54.11537,-11.38552,1.706539,71.69849299242573,59.53056221331018,99.06318164692401,101.22534700112914,96.12504524632517
1073,1073,05/15/2023 13:23:41.583396,1302,True,True,True,True,Eyes,2.247781,0.06154074,-2.189309,-0.8811231,-0.3806336,-0.2806067,0.0,0.0,0.0,0.0,0.0,0.0,0.0,2.617839,0.282953,1.315981,2.147418,0.05145128,-2.012684,0.08637728,-0.793587,0.2098901,0.5645394,25.50938,252.2941,6.354284,0.7086992,0.0204269,-0.7052146,0.0,0.0,0.0,0.8121181,-0.5121135,-2.650482,-0.3233164,0.05073306,1.637235,-0.3476685,0.09988669,0.9322818,-0.3740782,0.8969702,-0.2356054,-0.8597628,-0.4306589,-0.2744828,moving,72.33515,53.60201,-11.17087,1.774858,71.35157135971981,59.02446339500015,98.281783971759,100.4364010000937,96.66724380566377
1074,1074,05/15/2023 13:23:41.603603,1303,True,True,True,True,Eyes,2.242617,0.06123775,-2.181713,-0.8795058,-0.3804073,-0.285937,0.0,0.0,0.0,0.0,0.0,0.0,0.0,2.618411,0.2631122,1.296061,2.138262,0.05547984,-2.007444,0.08530488,-0.7947623,0.2144589,0.5613229,25.89064,252.0102,6.713264,0.7094551,0.02034527,-0.7044564,0.0,0.0,0.0,0.8095344,-0.5144855,-2.650428,-0.3168762,0.05465587,1.642025,-0.3552792,0.1051672,0.9288254,-0.3763556,0.8934609,-0.2451205,-0.8556479,-0.4366549,-0.2778479,moving,71.99009,53.06928,-10.92261,1.906423,71.00286250440321,58.499634509547576,97.42768475999237,99.57195706640557,97.26570251180839
1075,1075,05/15/2023 13:23:41.613961,1304,True,True,True,True,Eyes,2.23736,0.06094888,-2.174199,-0.8778574,-0.3802849,-0.2911182,0.0,0.0,0.0,0.0,0.0,0.0,0.0,2.617213,0.2370867,1.279672,2.128724,0.05701929,-2.002213,0.08166172,-0.7972333,0.2118775,0.5593374,25.41581,251.6401,6.791734,0.7101763,0.02026773,-0.7037317,0.0,0.0,0.0,0.8068954,-0.5169085,-2.650372,-0.3098645,0.07248354,1.647172,-0.3609461,0.1068151,0.9264494,-0.3672288,0.8968787,-0.2464786,-0.8572403,-0.4291844,-0.2844993,moving,71.65326,52.56499,-10.65392,2.519665,70.66289972993417,58.00250425772129,96.32759954399376,98.44171180494958,98.05477821802675
1076,1076,05/15/2023 13:23:41.633661,1305,True,True,True,True,Eyes,2.231994,0.06069854,-2.166789,-0.8760768,-0.3804091,-0.2962743,0.0,0.0,0.0,0.0,0.0,0.0,0.0,2.614826,0.2283635,1.264287,2.121113,0.05708386,-1.996373,0.0811407,-0.7982316,0.2136693,0.5573044,25.5663,251.4144,6.915717,0.7108638,0.02019431,-0.7030394,0.0,0.0,0.0,0.8044046,-0.5191952,-2.650319,-0.3001637,0.08140031,1.652591,-0.3656563,0.1086195,0.9243903,-0.3676957,0.8955233,-0.250675,-0.8550413,-0.4315552,-0.2875147,moving,71.31534,52.08745,-10.29453,2.819892,70.32261077229603,57.53114978378934,95.3281865593816,97.42917999544306,98.812346361803
1077,1077,05/15/2023 13:23:41.653539,1306,True,True,True,True,Eyes,2.226523,0.06050339,-2.159554,-0.8742956,-0.3804433,-0.3014468,0.0,0.0,0.0,0.0,0.0,0.0,0.0,2.616669,0.2113845,1.242116,2.113163,0.05778113,-1.991408,0.08000208,-0.7996992,0.2177324,0.553781,25.90295,251.0688,7.229227,0.7115168,0.0201259,-0.7023804,0.0,0.0,0.0,0.8019081,-0.5214872,-2.650266,-0.2926042,0.09017402,1.658129,-0.3738525,0.1131969,0.9205545,-0.3691073,0.8923845,-0.2596336,-0.8508782,-0.4368481,-0.2918384,moving,70.97641,51.60822,-10.00775,3.112849,69.98129757067662,57.05813302913408,94.39404207540454,96.47974606231048,99.50083724994467
1078,1078,05/15/2023 13:23:41.673579,1307,True,True,True,True,Eyes,2.220963,0.0603406,-2.152391,-0.8724139,-0.3805271,-0.3067458,0.0,0.0,0.0,0.0,0.0,0.0,0.0,2.620048,0.1958863,1.215504,2.10465,0.05900101,-1.986816,0.07873805,-0.8024641,0.2171311,0.5501873,25.79299,250.5172,7.181402,0.7121361,0.02006358,-0.7017542,0.0,0.0,0.0,0.7992558,-0.5239222,-2.65021,-0.2875944,0.1132442,1.662284,-0.3821888,0.1125566,0.9172039,-0.3652944,0.8933088,-0.2618383,-0.8488181,-0.435121,-0.3002964,moving,70.62803,51.12745,-9.815665,3.89729,69.63079029379766,56.58333407109259,93.28384682718988,95.32868665103123,100.29226184147679
1079,1079,05/15/2023 13:23:41.683671,1308,True,True,True,True,Eyes,2.215281,0.0602215,-2.145329,-0.8704829,-0.3806604,-0.3120211,0.0,0.0,0.0,0.0,0.0,0.0,0.0,2.623562,0.1887252,1.18643,2.096938,0.05963571,-1.981314,0.07897746,-0.8050691,0.2174725,0.5461977,25.87667,249.9309,7.048193,0.712721,0.02000796,-0.7011617,0.0,0.0,0.0,0.79687,-0.5261127,-2.650159,-0.2845554,0.09368573,1.666306,-0.3908614,0.1104013,0.9138047,-0.3647305,0.8929365,-0.2638862,-0.845103,-0.4364354,-0.3087477,moving,70.27998,50.65908,-9.690927,3.217987,69.28094075263711,56.12050970245492,92.98388716028867,95.05384160897319,100.47782361941859
1080,1080,05/15/2023 13:23:41.703935,1309,True,True,True,True,Eyes,2.209479,0.06014387,-2.138345,-0.8686063,-0.3805335,-0.3173599,0.0,0.0,0.0,0.0,0.0,0.0,0.0,2.623995,0.1779054,1.162503,2.088114,0.06060202,-1.975986,0.07843018,-0.8072016,0.2176421,0.5430529,25.88368,249.4744,7.007743,0.7132726,0.0199597,-0.7006019,0.0,0.0,0.0,0.7942732,-0.5284967,-2.650104,-0.2822289,0.09411305,1.671752,-0.3978848,0.1097643,0.9108456,-0.3630002,0.8929613,-0.2661785,-0.8425668,-0.4365455,-0.3154513,moving,69.92937,50.17234,-9.582446,3.222126,68.92811098075454,55.63988061530498,92.33878642403555,94.4008927729957,100.90436252528968
1081,1081,05/15/2023 13:23:41.713499,1310,True,True,True,True,Eyes,2.20355,0.06009978,-2.131437,-0.8667969,-0.3801353,-0.3227387,0.0,0.0,0.0,0.0,0.0,0.0,0.0,2.622742,0.1546286,1.144248,2.079445,0.06145459,-1.970816,0.07508178,-0.8097012,0.2154519,0.540673,25.47344,249.0695,7.087525,0.7137917,0.01991941,-0.7000742,0.0,0.0,0.0,0.7917089,-0.530851,-2.650049,-0.2804419,0.1292121,1.675366,-0.4040711,0.1113905,0.9079202,-0.3545657,0.8958864,-0.267714,-0.8432142,-0.4300927,-0.3225066,moving,69.57795,49.6684,-9.502721,4.41019,68.57402771295547,55.14263056813501,91.11563037269917,93.11154179576957,101.74370522022258
1082,1082,05/15/2023 13:23:41.733438,1311,True,True,True,True,Eyes,2.197489,0.0600647,-2.124583,-0.8650209,-0.3795216,-0.3281799,0.0,0.0,0.0,0.0,0.0,0.0,0.0,2.622663,0.1269324,1.122171,2.070433,0.06213817,-1.965499,0.07098044,-0.8127686,0.2127849,0.5376725,24.97471,248.5658,7.188658,0.7142768,0.01988755,-0.6995801,0.0,0.0,0.0,0.7890243,-0.5333158,-2.649992,-0.2844057,0.1288552,1.677806,-0.41174,0.1134358,0.9042135,-0.3441985,0.8993688,-0.2695612,-0.8437993,-0.4222181,-0.3312617,moving,69.22379,49.14938,-9.620785,4.391685,68.2168796050704,54.63074454170139,90.66266193226211,92.64267447999354,101.9548410843582
1083,1083,05/15/2023 13:23:41.753432,1312,True,True,True,True,Eyes,2.191316,0.05999936,-2.11776,-0.8632296,-0.3790565,-0.333393,0.0,0.0,0.0,0.0,0.0,0.0,0.0,2.620532,0.1127084,1.101725,2.06122,0.06226964,-1.959893,0.06899879,-0.8151501,0.2102175,0.5353299,24.6196,248.1421,7.113806,0.7147292,0.01986356,-0.6991185,0.0,0.0,0.0,0.7890243,-0.5333158,-2.649992,-0.2882141,0.1035707,1.679145,-0.4173223,0.1125827,0.9017581,-0.3375602,0.9020955,-0.2688434,-0.843739,-0.4165919,-0.3384612,static,68.88265,48.66729,-9.739533,3.529569,67.8733480854367,54.15489899407061,90.65793686577767,92.66435856029373,101.84239547121099
1084,1084,05/15/2023 13:23:41.763282,1313,True,True,True,True,Eyes,2.18507,0.05994335,-2.110993,-0.8613479,-0.378904,-0.3383957,0.0,0.0,0.0,0.0,0.0,0.0,0.0,2.61532,0.1112916,1.08715,2.052443,0.06147341,-1.953938,0.06920051,-0.8161028,0.2099909,0.5339395,24.62302,247.9265,7.032242,0.7151508,0.0198457,-0.6986877,0.0,0.0,0.0,0.7890243,-0.5333158,-2.649992,-0.2879062,0.1027503,1.679732,-0.42024,0.1112954,0.900562,-0.3371943,0.9022303,-0.2688505,-0.8424361,-0.416646,-0.3416251,static,68.55174,48.23225,-9.725994,3.50046,67.54100707648949,53.72477080473796,90.15728853941236,92.1556881107463,102.1505553095941
1085,1085,05/15/2023 13:23:41.783298,1314,True,True,True,True,Eyes,2.178757,0.05993051,-2.104301,-0.8592989,-0.3792789,-0.3431515,0.0,0.0,0.0,0.0,0.0,0.0,0.0,2.609683,0.1166822,1.07518,2.044397,0.06171143,-1.948513,0.0713082,-0.8159196,0.2133426,0.5326117,25.09371,247.8382,7.033611,0.7155413,0.01983377,-0.6982881,0.0,0.0,0.0,0.7890243,-0.5333158,-2.649992,-0.2835021,0.1141513,1.679743,-0.4224797,0.110894,0.8995629,-0.3436211,0.8988002,-0.2721817,-0.8387106,-0.4241,-0.3416193,static,68.23125,47.86287,-9.579933,3.887707,67.22054806988916,53.35832194256714,89.37782253297547,91.35456001405814,102.7254820219772
1086,1086,05/15/2023 13:23:41.804082,1315,True,True,True,True,Eyes,2.172397,0.05994612,-2.097685,-0.8571365,-0.3798389,-0.3479072,0.0,0.0,0.0,0.0,0.0,0.0,0.0,2.607156,0.1205096,1.057512,2.036559,0.06280789,-1.943862,0.07353032,-0.8163944,0.216387,0.5303492,25.55058,247.5994,6.968694,0.715903,0.01982856,-0.6979175,0.0,0.0,0.0,0.7890243,-0.5333158,-2.649992,-0.2734662,0.127729,1.680923,-0.4266463,0.1094618,0.8977701,-0.3495808,0.89554,-0.2753207,-0.8341261,-0.4313077,-0.3438131,static,67.90802,47.51238,-9.240387,4.345407,66.89795056114548,53.01001333413132,88.40398328480667,90.36199619436763,103.50843451214715
1087,1087,05/15/2023 13:23:41.813996,1316,True,True,True,True,Eyes,2.165988,0.06002749,-2.091177,-0.8547636,-0.380966,-0.3524828,0.0,0.0,0.0,0.0,0.0,0.0,0.0,2.606606,0.1287387,1.034341,2.029058,0.06357311,-1.938997,0.07640988,-0.8176246,0.2177311,0.5274891,25.89068,247.1947,6.686666,0.7162361,0.01983039,-0.6975757,0.0,0.0,0.0,0.7890243,-0.5333158,-2.649992,-0.2599549,0.1370007,1.68247,-0.4318336,0.1047525,0.8958498,-0.3546509,0.8935093,-0.2754339,-0.8293025,-0.4366555,-0.3486968,static,67.59,47.22395,-8.783195,4.655226,66.58209113506081,52.72174719441481,87.43546864686094,89.38857205455695,104.34069665473045
1088,1088,05/15/2023 13:23:41.834022,1317,True,True,True,True,Eyes,2.159512,0.06014461,-2.084757,-0.8523458,-0.382033,-0.357152,0.0,0.0,0.0,0.0,0.0,0.0,0.0,2.606825,0.1315241,1.008583,2.021032,0.0654217,-1.934224,0.07930395,-0.8185557,0.2223283,0.5236869,26.55373,246.7821,6.614078,0.7165403,0.01984074,-0.6972618,0.0,0.0,0.0,0.7890243,-0.5333158,-2.649992,-0.2506953,0.1334279,1.683438,-0.4389262,0.1030314,0.8925965,-0.3626901,0.888562,-0.2809153,-0.8220705,-0.447037,-0.3526447,static,67.26522,46.92785,-8.470163,4.531745,66.25947566835431,52.42586862034826,86.79445810262148,88.7601598289683,104.88453442494227
1089,1089,05/15/2023 13:23:41.853594,1318,True,True,True,True,Eyes,2.153007,0.06030936,-2.078397,-0.8497975,-0.3831789,-0.3619642,0.0,0.0,0.0,0.0,0.0,0.0,0.0,2.607045,0.1215281,0.9844029,2.012925,0.06639753,-1.929826,0.07884236,-0.820761,0.2221306,0.5203781,26.53139,246.2923,6.530978,0.7168168,0.01986,-0.6969761,0.0,0.0,0.0,0.7890243,-0.5333158,-2.649992,-0.2457957,0.1303337,1.684016,-0.4459811,0.1017623,0.8892387,-0.3606053,0.8888838,-0.2825766,-0.8191854,-0.446688,-0.3597293,static,66.92882,46.63081,-8.304145,4.425562,65.92558089909909,52.12871871355835,86.26286559947293,88.23629280230267,105.30794394511106
1090,1090,05/15/2023 13:23:41.873940,1319,True,True,True,True,Eyes,2.146429,0.06051845,-2.072114,-0.8471603,-0.3842092,-0.3670186,0.0,0.0,0.0,0.0,0.0,0.0,0.0,2.608916,0.1110769,0.9563425,2.005791,0.06773019,-1.92499,0.0787423,-0.823195,0.2231765,0.5160832,26.661,245.7042,6.470815,0.7170668,0.01988893,-0.6967175,0.0,0.0,0.0,0.7890243,-0.5333158,-2.649992,-0.2425445,0.134469,1.684259,-0.4549156,0.1007148,0.8848213,-0.3599959,0.8879837,-0.2861605,-0.8145275,-0.4487108,-0.3677008,static,66.57611,46.31089,-8.194636,4.564734,65.57526639529004,51.80898142178047,85.63530812797285,87.60146924487643,105.78531375384098
1091,1091,05/15/2023 13:23:41.883448,1320,True,True,True,True,Eyes,2.139804,0.06073244,-2.065964,-0.8445808,-0.3848264,-0.3722791,0.0,0.0,0.0,0.0,0.0,0.0,0.0,2.612152,0.0921104,0.9224546,1.997447,0.06898744,-1.920468,0.07708022,-0.8266964,0.2225722,0.5109729,26.53671,244.9546,6.418517,0.7172905,0.01992811,-0.6964857,0.0,0.0,0.0,0.7890243,-0.5333158,-2.649992,-0.23862,0.1399969,1.684113,-0.4659306,0.1000128,0.8791507,-0.3549005,0.8890406,-0.2892274,-0.810527,-0.446771,-0.3787366,static,66.21281,45.94946,-8.064491,4.751958,65.213563802,51.448860797675415,84.93733934427547,86.89231293077921,106.31017725132855
1092,1092,05/15/2023 13:23:41.904117,1321,True,True,True,True,Eyes,2.133127,0.06093528,-2.059854,-0.8419164,-0.3853349,-0.3777481,0.0,0.0,0.0,0.0,0.0,0.0,0.0,2.614409,0.07056522,0.8895991,1.988995,0.06935252,-1.915878,0.07403784,-0.8307933,0.2188327,0.5063726,26.01401,244.1815,6.299017,0.7174875,0.01997672,-0.6962811,0.0,0.0,0.0,0.7890243,-0.5333158,-2.649992,-0.2346985,0.1385425,1.684167,-0.4762107,0.09860141,0.8737857,-0.344642,0.8932613,-0.288628,-0.8089781,-0.4385909,-0.3913984,static,65.83535,45.56963,-7.933407,4.702662,64.83764585998003,51.07054277043122,84.33231043223039,86.28792790124777,106.7603422617296
1093,1093,05/15/2023 13:23:41.920351,1322,True,True,True,True,Eyes,2.126399,0.06113085,-2.053843,-0.8391706,-0.3858454,-0.3832963,0.0,0.0,0.0,0.0,0.0,0.0,0.0,2.615881,0.05295587,0.8568439,1.981024,0.06926619,-1.910646,-0.07217951,0.8341479,-0.218116,-0.5014108,25.86583,243.4624,6.272696,0.7176589,0.02003353,-0.6961027,0.0,0.0,0.0,0.7890243,-0.5333158,-2.649992,-0.2339569,0.1419776,1.683443,-0.4867545,0.09831468,0.8679886,-0.3391482,0.8944311,-0.2914988,-0.8050146,-0.4362652,-0.4020251,static,65.45116,45.18989,-7.912019,4.820784,64.45521254128947,50.69210054916039,83.73661536165214,85.68076728708652,107.17772664665443
1094,1094,05/15/2023 13:23:41.933732,1323,True,True,True,True,Eyes,2.119586,0.0613315,-2.047869,-0.8363635,-0.38622,-0.3890117,0.0,0.0,0.0,0.0,0.0,0.0,0.0,2.616907,0.03844649,0.8224914,1.972351,0.0693835,-1.905568,-0.07119107,0.8372719,-0.2182959,-0.4962403,25.86179,242.738,6.216575,0.7178048,0.02009754,-0.6959504,0.0,0.0,0.0,0.7890243,-0.5333158,-2.649992,-0.2347818,0.137297,1.682358,-0.4973548,0.09744187,0.8620576,-0.335867,0.8945574,-0.2948903,-0.7998948,-0.4362019,-0.4121849,static,65.05579,44.79367,-7.944613,4.665562,64.06150228382774,50.297406895755536,83.30260433997292,85.24755660344864,107.45268883992958
1095,1095,05/15/2023 13:23:41.953755,1324,True,True,True,True,Eyes,2.112716,0.06150211,-2.041943,-0.8335372,-0.3865794,-0.3946799,0.0,0.0,0.0,0.0,0.0,0.0,0.0,2.616215,0.02860951,0.7912467,1.963447,0.06967957,-1.900393,-0.07049818,0.8403012,-0.2166219,-0.4919337,25.68456,242.0671,6.028605,0.7179257,0.02016829,-0.6958239,0.0,0.0,0.0,0.7890243,-0.5333158,-2.649992,-0.2390564,0.1382158,1.680826,-0.5060624,0.09464785,0.8572879,-0.3316067,0.8962099,-0.2946945,-0.7962022,-0.4334162,-0.4221523,static,64.66245,44.40595,-8.094638,4.700906,63.66998981785896,49.910978191341,82.88597211399333,84.81811382825063,107.68870575537831
1096,1096,05/15/2023 13:23:41.963247,1325,True,True,True,True,Eyes,2.105781,0.0616423,-2.036062,-0.8305979,-0.3869261,-0.400494,0.0,0.0,0.0,0.0,0.0,0.0,0.0,2.615333,0.01829714,0.7606304,1.955017,0.06914033,-1.895254,-0.06960044,0.8432141,-0.2153753,-0.4876057,25.53676,241.4159,5.894234,0.7180221,0.02024419,-0.6957223,0.0,0.0,0.0,0.7890243,-0.5333158,-2.649992,-0.2412432,0.1409048,1.679295,-0.5147932,0.09266029,0.8522924,-0.3274125,0.8975385,-0.2953398,-0.7923315,-0.4310901,-0.4317085,static,64.25777,44.01284,-8.175032,4.796289,63.267347873736696,49.51899331512437,82.36776479853513,84.28602448378582,108.02222762553305
1097,1097,05/15/2023 13:23:41.983731,1326,True,True,True,True,Eyes,2.098776,0.06174917,-2.030213,-0.827569,-0.3875149,-0.4061549,0.0,0.0,0.0,0.0,0.0,0.0,0.0,2.614828,0.009983659,0.7276638,1.946461,0.0685492,-1.890373,-0.06941207,0.8460278,-0.2151593,-0.4828308,25.53676,240.73,5.744982,0.7180948,0.02032375,-0.6956453,0.0,0.0,0.0,0.7890243,-0.5333158,-2.649992,-0.2418413,0.1380144,1.677638,-0.524113,0.09032197,0.8468458,-0.3252201,0.8977769,-0.2970329,-0.7871072,-0.43109,-0.441162,static,63.85909,43.65461,-8.203012,4.702968,62.87146792740625,49.16085083366737,81.91566980227023,83.83367487473855,108.3266487735566
1098,1098,05/15/2023 13:23:42.004011,1327,True,True,True,True,Eyes,2.091698,0.06183102,-2.024386,-0.8243923,-0.388229,-0.4118926,0.0,0.0,0.0,0.0,0.0,0.0,0.0,2.614184,0.004341483,0.6932273,1.937849,0.06788242,-1.885384,-0.06981604,0.8488268,-0.2151557,-0.4778356,25.59335,240.0131,5.541679,0.7181442,0.02040557,-0.6955921,0.0,0.0,0.0,0.7890243,-0.5333158,-2.649992,-0.2402617,0.1357718,1.675895,-0.5335979,0.08709468,0.841242,-0.3241416,0.8976675,-0.2985387,-0.7811568,-0.431981,-0.4507625,static,63.45183,43.30597,-8.158516,4.631673,62.46753998556149,48.81169230098809,81.38638032671024,83.30614556868747,108.71351403048634
1099,1099,05/15/2023 13:23:42.013835,1328,True,True,True,True,Eyes,2.084523,0.06191805,-2.01858,-0.8212093,-0.3891233,-0.4173706,0.0,0.0,0.0,0.0,0.0,0.0,0.0,2.611825,-0.001494706,0.6619105,1.928926,0.06739698,-1.880016,-0.07049273,0.8510127,-0.2167351,-0.4731113,25.82287,239.3873,5.424813,0.718171,0.02048866,-0.6955622,0.0,0.0,0.0,0.7890243,-0.5333158,-2.649992,-0.238365,0.1385709,1.673709,-0.5423931,0.08509925,0.8358038,-0.32506,0.8961133,-0.3021868,-0.7746908,-0.4355904,-0.4583833,static,63.05855,42.99404,-8.105402,4.732879,62.07815236788979,48.49839208083607,80.7974288286838,82.71125339963949,109.16012275840687
1100,1100,05/15/2023 13:23:42.033681,1329,True,True,True,True,Eyes,2.07727,0.06199838,-2.012783,-0.8179885,-0.3900064,-0.4228354,0.0,0.0,0.0,0.0,0.0,0.0,0.0,2.607747,-0.008248389,0.6350412,1.919462,0.06765932,-1.874772,-0.07086291,0.8528674,-0.2179034,-0.4691629,25.98769,238.8626,5.335864,0.7181754,0.02057315,-0.6955554,0.0,0.0,0.0,0.7890243,-0.5333158,-2.649992,-0.2347194,0.1409674,1.671463,-0.5497296,0.08359108,0.8311501,-0.3253378,0.8949931,-0.305193,-0.7693849,-0.438178,-0.4648089,static,62.66461,42.68719,-7.993633,4.820788,61.68826408530845,48.18997264484373,80.16515268040504,82.07589754712443,109.65626343710444
1101,1101,05/15/2023 13:23:42.053724,1330,True,True,True,True,Eyes,2.069914,0.06206373,-2.006964,-0.8148254,-0.390941,-0.4280476,0.0,0.0,0.0,0.0,0.0,0.0,0.0,2.602012,-0.01447457,0.6137569,1.910288,0.06758541,-1.869119,-0.07076269,0.8544333,-0.2182022,-0.4661805,26.03084,238.4527,5.269191,0.7181579,0.02065879,-0.6955711,0.0,0.0,0.0,0.7890243,-0.5333158,-2.649992,-0.2282662,0.1411304,1.669667,-0.555337,0.08251922,0.8275214,-0.3243672,0.8947609,-0.3069021,-0.7657591,-0.4388548,-0.4701273,static,62.28596,42.40583,-7.784853,4.831506,61.31387886652574,47.90662688980103,79.50942496671665,81.42543082620438,110.19785344719733
1102,1102,05/15/2023 13:23:42.063380,1331,True,True,True,True,Eyes,2.062475,0.06210199,-2.001152,-0.8117016,-0.3917248,-0.4332346,0.0,0.0,0.0,0.0,0.0,0.0,0.0,2.595582,-0.02004206,0.593796,1.900849,0.06728441,-1.863407,-0.0705554,0.8559414,-0.2180281,-0.4635192,26.01753,238.0744,5.19296,0.7181194,0.02074506,-0.6956084,0.0,0.0,0.0,0.7890243,-0.5333158,-2.649992,-0.2225407,0.1444602,1.667684,-0.560344,0.08133789,0.8242567,-0.322903,0.8949714,-0.307831,-0.7627245,-0.4386462,-0.4752275,static,61.90954,42.11945,-7.600816,4.950789,60.94151645319734,47.618507472266685,78.82384760832002,80.73775781970438,110.75632439947009
1103,1103,05/15/2023 13:23:42.083749,1332,True,True,True,True,Eyes,2.054959,0.0621217,-1.995352,-0.8087028,-0.3924555,-0.4381534,0.0,0.0,0.0,0.0,0.0,0.0,0.0,2.588318,-0.02654505,0.5769455,1.89142,0.06664817,-1.8577,-0.06964601,0.8574348,-0.2167552,-0.461489,25.84822,237.7603,5.140002,0.7180603,0.02083106,-0.695667,0.0,0.0,0.0,0.7890243,-0.5333158,-2.649992,-0.2201982,0.1486095,1.664608,-0.5643547,0.08062642,0.8215857,-0.3194941,0.8963332,-0.3074251,-0.7612011,-0.4359886,-0.4800902,static,61.55127,41.85091,-7.535469,5.101613,60.58721832957972,47.348170250912666,78.25272094725098,80.15904271233734,111.20075793404581
1104,1104,05/15/2023 13:23:42.103767,1333,True,True,True,True,Eyes,2.047367,0.06209306,-1.989563,-0.8057107,-0.3930241,-0.4431279,0.0,0.0,0.0,0.0,0.0,0.0,0.0,2.581371,-0.0361194,0.559037,1.882071,0.06621423,-1.852222,-0.06832936,0.8590377,-0.2158481,-0.4591241,25.6954,237.4199,5.144907,0.7179809,0.02091626,-0.6957464,0.0,0.0,0.0,0.7890243,-0.5333158,-2.649992,-0.2200717,0.1507316,1.66083,-0.5690724,0.08080716,0.8183073,-0.3155971,0.8974813,-0.3081001,-0.7593122,-0.4335867,-0.4852294,static,61.18992,41.57083,-7.548126,5.185774,60.22962261797469,47.066601987005214,77.77397551894369,79.67325122397409,111.5509048259329
1105,1105,05/15/2023 13:23:42.113994,1334,True,True,True,True,Eyes,2.039672,0.0620176,-1.983737,-0.8027351,-0.393689,-0.4479122,0.0,0.0,0.0,0.0,0.0,0.0,0.0,2.574922,-0.04424727,0.5374401,1.872639,0.06499572,-1.846624,-0.0671072,0.8610273,-0.2143307,-0.4562795,25.48841,236.9915,5.086283,0.7178817,0.02099914,-0.6958463,0.0,0.0,0.0,0.7890243,-0.5333158,-2.649992,-0.2198139,0.151367,1.657463,-0.5746114,0.08002715,0.8145045,-0.3111517,0.899118,-0.3078499,-0.756972,-0.4303285,-0.4917429,static,60.83925,41.31361,-7.554522,5.218033,59.88299358617544,46.80742527213734,77.33433084569177,79.23065100074196,111.87647095594706
1106,1106,05/15/2023 13:23:42.133750,1335,True,True,True,True,Eyes,2.031889,0.06189681,-1.977913,-0.7997259,-0.3942908,-0.4527397,0.0,0.0,0.0,0.0,0.0,0.0,0.0,2.568011,-0.04937619,0.5160253,1.86305,0.06376007,-1.840756,-0.06688321,0.8625994,-0.2143502,-0.4533243,25.49525,236.5828,5.018151,0.7177632,0.02107839,-0.6959659,0.0,0.0,0.0,0.7890243,-0.5333158,-2.649992,-0.2184809,0.1555295,1.653636,-0.5800475,0.07895343,0.8107474,-0.3097272,0.8991613,-0.3091571,-0.7534017,-0.4304362,-0.4971023,static,60.48499,41.05259,-7.526415,5.373038,59.53278410892293,46.544469525203375,76.80222419301884,78.68940817520921,112.28465388799273
1107,1107,05/15/2023 13:23:42.153725,1336,True,True,True,True,Eyes,2.023973,0.06173452,-1.972045,-0.7967315,-0.3948522,-0.4575047,0.0,0.0,0.0,0.0,0.0,0.0,0.0,2.560778,-0.06209832,0.4936252,1.853152,0.06253919,-1.834944,-0.06523804,0.8644574,-0.2143972,-0.4499906,25.42869,236.1479,5.092367,0.7176259,0.02115287,-0.6961052,0.0,0.0,0.0,0.7890243,-0.5333158,-2.649992,-0.2167435,0.1563168,1.649918,-0.5865051,0.08016242,0.8059689,-0.3057444,0.8995557,-0.3119614,-0.7500216,-0.4293874,-0.5030848,static,60.1344,40.79604,-7.483875,5.412169,59.186250825481714,46.28594177387241,76.31677037794685,78.20211620126221,112.65802412727155
1108,1108,05/15/2023 13:23:42.163279,1337,True,True,True,True,Eyes,2.015973,0.06151619,-1.966166,-0.7936782,-0.3953819,-0.4623291,0.0,0.0,0.0,0.0,0.0,0.0,0.0,2.553439,-0.07253081,0.4696901,1.842894,0.06129757,-1.829181,-0.06358868,0.8666738,-0.2127949,-0.4467117,25.19239,235.6687,5.065395,0.7174696,0.02122169,-0.696264,0.0,0.0,0.0,0.7890243,-0.5333158,-2.649992,-0.2149088,0.1582332,1.646244,-0.5928105,0.07989465,0.8013695,-0.3003372,0.9013497,-0.3120359,-0.7472442,-0.4256591,-0.5103343,static,59.77858,40.53692,-7.437613,5.490273,58.83458234024359,46.02477034090724,75.80424834635495,77.68558006409826,113.05466112021193
1109,1109,05/15/2023 13:23:42.183704,1338,True,True,True,True,Eyes,2.00785,0.06125922,-1.960256,-0.7905701,-0.39607,-0.4670411,0.0,0.0,0.0,0.0,0.0,0.0,0.0,2.54586,-0.07853013,0.4453824,1.832824,0.05973554,-1.822944,-0.06317395,0.8685309,-0.2126528,-0.4432175,25.17541,235.1867,4.99295,0.7172951,0.02128351,-0.6964417,0.0,0.0,0.0,0.7890243,-0.5333158,-2.649992,-0.2128415,0.1626094,1.642561,-0.5991344,0.07876585,0.7967644,-0.2982399,0.9015757,-0.3133915,-0.7430279,-0.4253907,-0.5166739,static,59.4269,40.29931,-7.383191,5.653717,58.48750990044129,45.78448282494133,75.25892222022536,77.13253271358121,113.48728707857443
1110,1110,05/15/2023 13:23:42.204341,1339,True,True,True,True,Eyes,1.999644,0.06095943,-1.954332,-0.787446,-0.3967472,-0.4717206,0.0,0.0,0.0,0.0,0.0,0.0,0.0,2.537228,-0.08623078,0.4238913,1.822178,0.05855836,-1.816833,-0.06266709,0.8699774,-0.2134085,-0.4400783,25.24426,234.785,4.997637,0.7171021,0.02133773,-0.6966384,0.0,0.0,0.0,0.7890243,-0.5333158,-2.649992,-0.2115778,0.1608053,1.638698,-0.6048078,0.07879501,0.7924637,-0.2968708,0.9010593,-0.3161643,-0.7389689,-0.4264781,-0.5215756,static,59.07623,40.06598,-7.356952,5.604489,58.14153233209364,45.54835657243254,74.83957531004705,76.71742961312992,113.81027226870246
1111,1111,05/15/2023 13:23:42.213405,1340,True,True,True,True,Eyes,1.991311,0.06064216,-1.948344,-0.7842984,-0.3975879,-0.4762351,0.0,0.0,0.0,0.0,0.0,0.0,0.0,2.528006,-0.09338275,0.4061205,1.811971,0.05723278,-1.810513,-0.061955,0.8711927,-0.213884,-0.437537,25.26994,234.4613,5.025393,0.7168912,0.02138363,-0.6968537,0.0,0.0,0.0,0.7890243,-0.5333158,-2.649992,-0.2081646,0.1609942,1.634898,-0.609446,0.07921477,0.7888604,-0.2951137,0.9008305,-0.318453,-0.7358557,-0.4268834,-0.5256302,static,58.73339,39.85703,-7.256183,5.623985,57.80380274160413,45.33599908654462,74.34060206034356,76.2223445421856,114.2202328183587
1112,1112,05/15/2023 13:23:42.233772,1341,True,True,True,True,Eyes,1.982888,0.06030679,-1.942353,-0.7811748,-0.3983045,-0.4807488,0.0,0.0,0.0,0.0,0.0,0.0,0.0,2.518188,-0.1052183,0.38958,1.801529,0.05645971,-1.804278,-0.06060991,0.8722742,-0.2151332,-0.4349506,25.34291,234.168,5.168005,0.7166628,0.02142148,-0.697087,0.0,0.0,0.0,0.7890243,-0.5333158,-2.649992,-0.2042313,0.1633803,1.630811,-0.6142889,0.0814077,0.7848707,-0.2928815,0.9000883,-0.3225856,-0.7327139,-0.4280348,-0.5290713,static,58.39112,39.64204,-7.138157,5.721,57.466460474829454,45.11783173051459,73.78836696136004,75.66945849860114,114.67613821122416
1113,1113,05/15/2023 13:23:42.253751,1342,True,True,True,True,Eyes,1.974351,0.05996711,-1.936307,-0.7780147,-0.3990781,-0.4852112,0.0,0.0,0.0,0.0,0.0,0.0,0.0,2.50818,-0.1192633,0.3724556,1.790944,0.05565481,-1.798148,-0.05828479,0.8737813,-0.2147402,-0.4324303,25.19372,233.8504,5.317822,0.7164167,0.02145148,-0.6973386,0.0,0.0,0.0,0.7890243,-0.5333158,-2.649992,-0.199751,0.1653409,1.626874,-0.6192139,0.08386397,0.7807311,-0.2875766,0.9009791,-0.3248636,-0.7306667,-0.42568,-0.5337814,static,58.05015,39.43673,-6.999859,5.803104,57.13064119119934,44.90904496568488,73.23062521109564,75.1132190335699,115.14310422070928
1114,1114,05/15/2023 13:23:42.263435,1343,True,True,True,True,Eyes,1.965733,0.05964767,-1.930259,-0.7748097,-0.3998872,-0.489653,0.0,0.0,0.0,0.0,0.0,0.0,0.0,2.4977,-0.134866,0.3562224,1.780478,0.05493617,-1.791777,-0.05592176,0.8750734,-0.2153785,-0.4298041,25.1516,233.5523,5.532531,0.7161534,0.02147432,-0.6976078,0.0,0.0,0.0,0.7890243,-0.5333158,-2.649992,-0.1950357,0.1661757,1.622993,-0.6242825,0.08726981,0.7763089,-0.2830124,0.9009697,-0.3288732,-0.7281315,-0.4250148,-0.5377613,static,57.70853,39.23764,-6.852396,5.846053,56.79436201439689,44.706239236928994,72.68501391866171,74.57227286406122,115.60315859795125
1115,1115,05/15/2023 13:23:42.283343,1344,True,True,True,True,Eyes,1.957029,0.05937298,-1.924246,-0.7714617,-0.4008561,-0.4941268,0.0,0.0,0.0,0.0,0.0,0.0,0.0,2.487444,-0.1504815,0.3377781,1.769929,0.05509508,-1.785618,-0.05414751,0.8763559,-0.2169568,-0.4266126,25.24328,233.1966,5.723734,0.7158729,0.02149145,-0.6978945,0.0,0.0,0.0,0.7890243,-0.5333158,-2.649992,-0.190407,0.1603809,1.619806,-0.6301396,0.09020805,0.7712242,-0.280018,0.8999956,-0.3340627,-0.7242336,-0.4264627,-0.541863,static,57.36015,39.0504,-6.704313,5.654564,56.45185909360616,44.51465510585528,72.24636517927574,74.15395305897434,115.9756430895248
1116,1116,05/15/2023 13:23:42.304448,1345,True,True,True,True,Eyes,1.948251,0.05912242,-1.91825,-0.7680464,-0.4016863,-0.4987513,0.0,0.0,0.0,0.0,0.0,0.0,0.0,2.477853,-0.1723345,0.3160739,1.759383,0.05609724,-1.780669,-0.05178394,0.8778346,-0.2194858,-0.4225527,25.41093,232.7646,6.010046,0.7155743,0.02150508,-0.6981995,0.0,0.0,0.0,0.7890243,-0.5333158,-2.649992,-0.1858014,0.1589937,1.616077,-0.6375351,0.0945732,0.7645944,-0.2764041,0.8982887,-0.3415816,-0.7191311,-0.4291074,-0.5465502,static,57.00125,38.84741,-6.558537,5.618819,56.09873833355643,44.30754458462042,71.72158519811626,73.63933486654508,116.41711344436901
1117,1117,05/15/2023 13:23:42.313523,1346,True,True,True,True,Eyes,1.93936,0.05894543,-1.912281,-0.7644689,-0.402575,-0.5035084,0.0,0.0,0.0,0.0,0.0,0.0,0.0,2.46859,-0.1866216,0.2883558,1.748816,0.05639823,-1.774929,-0.04984016,0.8803232,-0.2185125,-0.4180899,25.23923,232.1591,6.026443,0.7152582,0.02151648,-0.6985235,0.0,0.0,0.0,0.7890243,-0.5333158,-2.649992,-0.1820133,0.1498109,1.612337,-0.6454335,0.09496482,0.7578899,-0.2704667,0.8995365,-0.343048,-0.7143271,-0.4263987,-0.5549062,static,56.62957,38.64373,-6.440732,5.30842,55.73322165828873,44.0993675713237,71.33796946344425,73.28259088613214,116.73290173814321
1118,1118,05/15/2023 13:23:42.334186,1347,True,True,True,True,Eyes,1.930364,0.05881843,-1.906364,-0.7608384,-0.4032098,-0.5084749,0.0,0.0,0.0,0.0,0.0,0.0,0.0,2.459117,-0.2016491,0.2645054,1.737915,0.05792254,-1.77036,-0.04846685,0.8820913,-0.2192753,-0.4141069,25.27621,231.6656,6.10077,0.7149232,0.02152858,-0.6988665,0.0,0.0,0.0,0.7890243,-0.5333158,-2.649992,-0.1788668,0.1341258,1.60907,-0.6523332,0.09610247,0.7518153,-0.2671112,0.8991387,-0.3467007,-0.7093049,-0.4269825,-0.5608679,static,56.24485,38.41367,-6.34305,4.764938,55.35435671634664,43.865328706080966,71.05971004456622,73.04389467224813,116.94633053029202
1119,1119,05/15/2023 13:23:42.353678,1348,True,True,True,True,Eyes,1.921281,0.05871592,-1.900469,-0.7569909,-0.4039036,-0.5136406,0.0,0.0,0.0,0.0,0.0,0.0,0.0,2.448201,-0.2302893,0.2332897,1.726435,0.05890146,-1.765532,-0.04355173,0.8852281,-0.2176745,-0.4087692,24.897,230.9825,6.383547,0.7145669,0.02154322,-0.6992309,0.0,0.0,0.0,0.7890243,-0.5333158,-2.649992,-0.1787138,0.1211727,1.604901,-0.6620218,0.1008508,0.7426682,-0.2550637,0.9014422,-0.3497778,-0.7047478,-0.4209883,-0.5710509,static,55.84195,38.1799,-6.353997,4.317736,54.95778374560462,43.62714015029686,70.81653743293091,72.83106282932077,117.11225085359261
1120,1120,05/15/2023 13:23:42.373514,1349,True,True,True,True,Eyes,1.912158,0.05860122,-1.894556,-0.7528573,-0.4050732,-0.5187693,0.0,0.0,0.0,0.0,0.0,0.0,0.0,2.439217,-0.2385613,0.2001815,1.715728,0.05936681,-1.760546,-0.04333242,0.8877947,-0.2173414,-0.4033676,24.88933,230.2447,6.227177,0.7141898,0.02156109,-0.699616,0.0,0.0,0.0,0.7890243,-0.5333158,-2.649992,-0.1788325,0.1223206,1.599987,-0.6708334,0.09839638,0.7350512,-0.2522776,0.9017701,-0.3509513,-0.6973795,-0.4208668,-0.5801142,static,55.43055,37.98397,-6.377551,4.371816,54.55401061485557,43.42519529593847,70.35636606410195,72.3727962376567,117.47610885910751
1121,1121,05/15/2023 13:23:42.383362,1350,True,True,True,True,Eyes,1.902985,0.05849916,-1.888698,-0.7485703,-0.4065309,-0.5238083,0.0,0.0,0.0,0.0,0.0,0.0,0.0,2.429521,-0.2399889,0.1712422,1.705615,0.05910371,-1.754102,-0.04646724,0.8887975,-0.2229627,-0.3977028,25.67702,229.5898,6.034482,0.7137914,0.02158157,-0.7000223,0.0,0.0,0.0,0.7890243,-0.5333158,-2.649992,-0.1802902,0.1337802,1.594662,-0.6793466,0.0947458,0.7276753,-0.2599457,0.8962569,-0.359377,-0.6862335,-0.4332976,-0.5842403,static,55.01779,37.81527,-6.450387,4.795459,54.14966290218331,43.2494808850736,69.77567414349394,71.77100979702617,117.94730021038191
1122,1122,05/15/2023 13:23:42.403403,1351,True,True,True,True,Eyes,1.893786,0.05842088,-1.882897,-0.744285,-0.4079995,-0.5287496,0.0,0.0,0.0,0.0,0.0,0.0,0.0,2.42023,-0.2386968,0.1490376,1.695023,0.05943178,-1.749304,-0.04901348,0.8896096,-0.225699,-0.394021,26.11617,229.1236,5.794597,0.713374,0.02160475,-0.7004471,0.0,0.0,0.0,0.7890243,-0.5333158,-2.649992,-0.1793809,0.1392291,1.590104,-0.6846904,0.09065458,0.7231742,-0.265066,0.8933153,-0.3629434,-0.6789251,-0.4401927,-0.587615,static,54.60952,37.65489,-6.436372,5.004043,53.74989051889523,43.08193488645152,69.229175496268,71.22016601012429,118.4039425394706
1123,1123,05/15/2023 13:23:42.433486,1352,True,True,True,True,Eyes,1.884549,0.05836746,-1.877193,-0.7400432,-0.4093236,-0.5336576,0.0,0.0,0.0,0.0,0.0,0.0,0.0,2.411163,-0.2369303,0.1340098,1.685198,0.05997136,-1.744795,-0.05046121,0.8903274,-0.2261374,-0.3919605,26.24626,228.8273,5.593426,0.7129353,0.02163139,-0.7008932,0.0,0.0,0.0,0.7890243,-0.5333158,-2.649992,-0.1796322,0.1221813,1.5861,-0.6876417,0.08741985,0.7207685,-0.2671278,0.8926311,-0.363115,-0.6751238,-0.4422302,-0.5904582,static,54.20399,37.48877,-6.461444,4.40494,53.35261522897645,42.90893651940301,69.10017865300534,71.13564106278723,118.4846340843312
1124,1124,05/15/2023 13:23:42.443541,1353,True,True,True,True,Eyes,1.875324,0.05829496,-1.871591,-0.7357762,-0.4105371,-0.5386025,0.0,0.0,0.0,0.0,0.0,0.0,0.0,2.40192,-0.2473523,0.1182747,1.675392,0.06046601,-1.74178,-0.04898259,0.8915355,-0.2256433,-0.3896801,26.13662,228.5337,5.65857,0.7124753,0.02166203,-0.70136,0.0,0.0,0.0,0.7890243,-0.5333158,-2.649992,-0.1812419,0.1249328,1.581706,-0.6915004,0.08851799,0.7169324,-0.2631968,0.8933716,-0.364163,-0.672722,-0.4405131,-0.5944692,static,53.79515,37.31561,-6.536805,4.516194,52.95194231384631,42.72904175962971,68.67129301289646,70.70454575818512,118.8208887676373
1125,1125,05/15/2023 13:23:42.453663,1354,True,True,True,True,Eyes,1.866092,0.05822754,-1.866059,-0.731309,-0.4119647,-0.5435736,0.0,0.0,0.0,0.0,0.0,0.0,0.0,2.391728,-0.2711126,0.09592795,1.666492,0.05986829,-1.738474,-0.04499287,0.8934807,-0.226072,-0.3854342,26.01877,228.0558,5.995941,0.711994,0.02169554,-0.7018479,0.0,0.0,0.0,0.7890243,-0.5333158,-2.649992,-0.1781412,0.132254,1.5771,-0.6988323,0.09387124,0.7090991,-0.2546723,0.8937342,-0.3692983,-0.6684126,-0.4386655,-0.6006638,static,53.377,37.15784,-6.444524,4.79355,52.54267257899521,42.56370423572063,68.01516008131331,70.0433716438547,119.38553433386951
1126,1126,05/15/2023 13:23:42.463283,1355,True,True,True,True,Eyes,1.856799,0.05820888,-1.860621,-0.7266426,-0.4135374,-0.5486141,0.0,0.0,0.0,0.0,0.0,0.0,0.0,2.38004,-0.2988459,0.07052827,1.65721,0.05989729,-1.734629,-0.04183661,0.8950538,-0.23002,-0.3797623,26.32974,227.4791,6.394149,0.7114903,0.02173191,-0.7023576,0.0,0.0,0.0,0.7890243,-0.5333158,-2.649992,-0.1721195,0.1251139,1.573606,-0.7080607,0.09981382,0.6990617,-0.2495979,0.890681,-0.3799846,-0.6605688,-0.4435365,-0.605743,static,52.94725,37.00846,-6.242142,4.545897,52.122397333598,42.406098133214975,67.50705238609247,69.56877375281672,119.83383533201062
1127,1127,05/15/2023 13:23:42.483380,1356,True,True,True,True,Eyes,1.847456,0.05822944,-1.855267,-0.7219002,-0.4150548,-0.5537053,0.0,0.0,0.0,0.0,0.0,0.0,0.0,2.365925,-0.3359176,0.03909445,1.646483,0.06101055,-1.731282,-0.03722176,0.8971843,-0.2340114,-0.3727111,26.59292,226.7541,6.914211,0.7109639,0.02177264,-0.7028894,0.0,0.0,0.0,0.7890243,-0.5333158,-2.649992,-0.1652914,0.1240233,1.57056,-0.7194021,0.1076477,0.6862016,-0.2412268,0.8877065,-0.3921568,-0.6513604,-0.4476486,-0.6126503,static,52.5114,36.85505,-6.007898,4.51514,51.6961045007389,42.24441237568942,66.86088555516524,68.943816971533,120.40728316884271
1128,1128,05/15/2023 13:23:42.503802,1357,True,True,True,True,Eyes,1.838082,0.05828025,-1.850004,-0.7170414,-0.4166347,-0.5588086,0.0,0.0,0.0,0.0,0.0,0.0,0.0,2.353285,-0.3573626,0.008863211,1.635999,0.06193121,-1.727834,-0.03440874,0.8995458,-0.2344545,-0.3669665,26.55514,226.0571,7.074654,0.7104136,0.02181886,-0.7034442,0.0,0.0,0.0,0.7890243,-0.5333158,-2.649992,-0.1622193,0.1206302,1.566458,-0.7283032,0.1101694,0.6763409,-0.2339784,0.8876942,-0.3965514,-0.6440718,-0.4470589,-0.6207333,static,52.06981,36.70736,-5.912363,4.403556,51.26440860672914,42.088065619026125,66.37370065524706,68.47850375551835,120.82304923691643
1129,1129,05/15/2023 13:23:42.523325,1358,True,True,True,True,Eyes,1.828678,0.0583786,-1.844876,-0.7121173,-0.4181109,-0.563979,0.0,0.0,0.0,0.0,0.0,0.0,0.0,2.341482,-0.3728626,-0.0167594,1.625907,0.06272361,-1.724626,-0.03325261,0.9011382,-0.236251,-0.3619803,26.73491,225.4702,7.146413,0.7098388,0.02187122,-0.7040226,0.0,0.0,0.0,0.7890243,-0.5333158,-2.649992,-0.1614674,0.1065172,1.562946,-0.7357292,0.111106,0.6681005,-0.2309668,0.8861594,-0.4017161,-0.6366766,-0.4498633,-0.6263116,static,51.62167,36.55173,-5.898282,3.898768,50.82615268895568,41.923852501227245,66.14197461110265,68.29032539172054,120.99586475618499
1130,1130,05/15/2023 13:23:42.533450,1359,True,True,True,True,Eyes,1.819255,0.05844669,-1.83986,-0.7070631,-0.4194486,-0.5693194,0.0,0.0,0.0,0.0,0.0,0.0,0.0,2.330458,-0.3857385,-0.04788136,1.615768,0.06395109,-1.722593,-0.03211335,0.903465,-0.2357844,-0.3565466,26.67606,224.7529,7.078317,0.7092378,0.02193099,-0.7046265,0.0,0.0,0.0,0.7890243,-0.5333158,-2.649992,-0.1588665,0.09003913,1.55941,-0.7436866,0.1101096,0.6593984,-0.2261628,0.8867489,-0.403146,-0.6291112,-0.4489457,-0.6345605,static,51.15936,36.3811,-5.816998,3.304546,50.37376445331314,41.74472218459572,65.88143741190746,68.08119366012487,121.19591674230803
1131,1131,05/15/2023 13:23:42.554549,1360,True,True,True,True,Eyes,1.809821,0.05851436,-1.834946,-0.7018954,-0.4210846,-0.5744829,0.0,0.0,0.0,0.0,0.0,0.0,0.0,2.320139,-0.3897245,-0.08225608,1.6059,0.06331368,-1.720109,-0.03215629,0.9060705,-0.2341358,-0.3509741,26.54234,223.9566,6.80998,0.7086102,0.02199623,-0.7052557,0.0,0.0,0.0,0.7890243,-0.5333158,-2.649992,-0.1584401,0.07769646,1.555089,-0.7515666,0.1060795,0.6510725,-0.2226229,0.8882928,-0.4017149,-0.6209567,-0.446859,-0.6439955,static,50.70058,36.24068,-5.817501,2.860274,49.92561873675034,41.59485092364123,65.63950780320795,67.87976758533551,121.37702577736421
1132,1132,05/15/2023 13:23:42.563635,1361,True,True,True,True,Eyes,1.800345,0.05860024,-1.830132,-0.6965414,-0.4228187,-0.5797021,0.0,0.0,0.0,0.0,0.0,0.0,0.0,2.307524,-0.4042856,-0.109416,1.595918,0.06347361,-1.717295,-0.03263341,0.907084,-0.2389693,-0.3450035,27.13237,223.2955,6.82034,0.7079557,0.02206643,-0.7059104,0.0,0.0,0.0,0.7890243,-0.5333158,-2.649992,-0.1620982,0.07651526,1.549956,-0.7598154,0.105688,0.6414911,-0.2240929,0.8836575,-0.4110131,-0.6102976,-0.4560477,-0.6477327,static,50.23081,36.10598,-5.970429,2.826174,49.46698546984487,41.4501540403486,65.3155781765174,67.56566256064254,121.61675296240503
1133,1133,05/15/2023 13:23:42.583439,1362,True,True,True,True,Eyes,1.790882,0.05866386,-1.825425,-0.6912401,-0.4246422,-0.5846933,0.0,0.0,0.0,0.0,0.0,0.0,0.0,2.293744,-0.4206591,-0.1404335,1.585433,0.0640296,-1.714713,-0.03172795,0.9089172,-0.2410726,-0.3387431,27.36939,222.5452,6.832311,0.7072737,0.02214184,-0.7065914,0.0,0.0,0.0,0.7890243,-0.5333158,-2.649992,-0.1666406,0.08749184,1.544884,-0.7684929,0.1056472,0.6310763,-0.2209996,0.8817546,-0.4167349,-0.6004813,-0.4597254,-0.6542742,static,49.77341,35.98959,-6.156466,3.241384,49.02083152873683,41.32351159428508,64.81200525823755,67.04313987785892,122.02303029153376
1134,1134,05/15/2023 13:23:42.603753,1363,True,True,True,True,Eyes,1.781409,0.05872735,-1.820793,-0.6857801,-0.4267097,-0.5895969,0.0,0.0,0.0,0.0,0.0,0.0,0.0,2.282192,-0.4264674,-0.163933,1.575598,0.0636791,-1.711894,-0.03251351,0.9100525,-0.2428724,-0.3343061,27.63208,221.9884,6.689953,0.7065628,0.02222122,-0.7072997,0.0,0.0,0.0,0.7890243,-0.5333158,-2.649992,-0.16694,0.09667417,1.540491,-0.7743649,0.1032095,0.6242655,-0.2215655,0.8799117,-0.4203143,-0.5926789,-0.4637922,-0.6585051,static,49.31282,35.89444,-6.184895,3.590912,48.57216735496882,41.21726270816272,64.21459562644624,66.43852907281737,122.53792133833548
1135,1135,05/15/2023 13:23:42.613514,1364,True,True,True,True,Eyes,1.771932,0.05880104,-1.816328,-0.6804867,-0.4286925,-0.5942732,0.0,0.0,0.0,0.0,0.0,0.0,0.0,2.268113,-0.4431345,-0.1867533,1.565761,0.06359062,-1.708781,-0.03200675,0.9108773,-0.2471217,-0.3289513,28.11563,221.415,6.78963,0.7058254,0.022304,-0.7080331,0.0,0.0,0.0,0.7890243,-0.5333158,-2.649992,-0.1639828,0.1022857,1.53692,-0.7815331,0.1042736,0.6150877,-0.2208905,0.8758129,-0.4291378,-0.5834495,-0.4712525,-0.6614437,static,48.86909,35.80566,-6.090175,3.807558,48.14000536047076,41.117688644413256,63.595592150263286,65.8252102969096,123.08614661886625
1136,1136,05/15/2023 13:23:42.633913,1365,True,True,True,True,Eyes,1.762433,0.05886071,-1.811945,-0.6751483,-0.4306299,-0.598943,0.0,0.0,0.0,0.0,0.0,0.0,0.0,2.254214,-0.4585441,-0.2107182,1.554905,0.06402192,-1.707137,-0.03036564,0.912333,-0.2479864,-0.3243908,28.17674,220.8736,6.872619,0.7050585,0.0223904,-0.7087944,0.0,0.0,0.0,0.7890243,-0.5333158,-2.649992,-0.1598207,0.1158921,1.532867,-0.7876971,0.1054818,0.6069652,-0.2162961,0.8751614,-0.4327916,-0.5768442,-0.4721929,-0.6665469,static,48.42287,35.7155,-5.952301,4.32361,47.70539423375773,41.01670499791786,62.786224436984114,65.00408816624575,123.81489111779055
1137,1137,05/15/2023 13:23:42.653459,1366,True,True,True,True,Eyes,1.752951,0.05890804,-1.807674,-0.6700237,-0.4325298,-0.6033127,0.0,0.0,0.0,0.0,0.0,0.0,0.0,2.241374,-0.4689257,-0.2320635,1.544953,0.06396018,-1.704855,-0.02944873,0.913614,-0.2485828,-0.3203888,28.23491,220.3811,6.876048,0.7042629,0.02247939,-0.7095821,0.0,0.0,0.0,0.7890243,-0.5333158,-2.649992,-0.1555919,0.1117719,1.529552,-0.7929679,0.1054768,0.6000642,-0.2130958,0.8746787,-0.4353474,-0.5707825,-0.4730875,-0.6711154,static,47.99902,35.63768,-5.808369,4.179459,47.29278437647062,40.92832915320808,62.32860322101051,64.57717822457718,124.2197497331891
1138,1138,05/15/2023 13:23:42.663280,1367,True,True,True,True,Eyes,1.743425,0.05897168,-1.803509,-0.6648898,-0.4343223,-0.6076888,0.0,0.0,0.0,0.0,0.0,0.0,0.0,2.227507,-0.4825378,-0.2494047,1.534654,0.06384984,-1.702231,-0.02855399,0.9142599,-0.2511812,-0.3165784,28.51369,219.975,6.982824,0.7034376,0.02257038,-0.7103974,0.0,0.0,0.0,0.7890243,-0.5333158,-2.649992,-0.1485054,0.1117787,1.527369,-0.7979257,0.1068255,0.5932141,-0.2112486,0.8721854,-0.4412105,-0.5645253,-0.4773688,-0.6733725,static,47.57364,35.55384,-5.553386,4.185662,46.878528592607424,40.83409688623999,61.69638143881989,63.97041071821762,124.79329682044866
1139,1139,05/15/2023 13:23:42.688221,1368,True,True,True,True,Eyes,1.733902,0.05900974,-1.799484,-0.6599501,-0.4357424,-0.6120413,0.0,0.0,0.0,0.0,0.0,0.0,0.0,2.213567,-0.4961118,-0.2697687,1.524078,0.06428933,-1.70054,-0.02660327,0.9156154,-0.2511367,-0.3128437,28.45932,219.5266,7.083673,0.7025823,0.02266376,-0.7112404,0.0,0.0,0.0,0.7890243,-0.5333158,-2.649992,-0.1385593,0.1043963,1.524848,-0.8028421,0.1084163,0.586251,-0.2058497,0.8724452,-0.4432439,-0.5595267,-0.4765345,-0.6781183,static,47.15699,35.44894,-5.19207,3.91655,46.47215329656751,40.71981845047888,61.11232037810134,63.43242496921904,125.3223272540772
1140,1140,05/15/2023 13:23:42.704088,1369,True,True,True,True,Eyes,1.724339,0.058999,-1.795547,-0.6549377,-0.4370595,-0.6164703,0.0,0.0,0.0,0.0,0.0,0.0,0.0,2.19925,-0.5081217,-0.2944498,1.513592,0.06375532,-1.698989,-0.02411991,0.9175537,-0.2494601,-0.3086798,28.20819,218.9872,7.153855,0.7016962,0.02275828,-0.7121116,0.0,0.0,0.0,0.7890243,-0.5333158,-2.649992,-0.129444,0.08710599,1.522406,-0.8082702,0.109744,0.5784945,-0.1982692,0.8743758,-0.4428954,-0.5544267,-0.4726767,-0.684973,static,46.733,35.33553,-4.859939,3.274666,46.05843733870176,40.59709891253707,60.74315068453575,63.13196533833311,125.64335862610712
1141,1141,05/15/2023 13:23:42.713253,1370,True,True,True,True,Eyes,1.714755,0.05894064,-1.791726,-0.6499892,-0.4382331,-0.6208589,0.0,0.0,0.0,0.0,0.0,0.0,0.0,2.184404,-0.5186374,-0.3202415,1.503044,0.06256023,-1.697088,-0.02248458,0.9192935,-0.2489329,-0.3040171,28.12237,218.3959,7.166152,0.7007786,0.02285189,-0.7130116,0.0,0.0,0.0,0.7890243,-0.5333158,-2.649992,-0.1207758,0.08081517,1.519698,-0.8141363,0.1100198,0.5701561,-0.1926995,0.8750537,-0.4440133,-0.5477675,-0.4713561,-0.6912122,static,46.3131,35.21635,-4.543949,3.044032,45.648525096204416,40.46894039210298,60.17887900652126,62.60917044695171,126.14395254483591
1142,1142,05/15/2023 13:23:42.733823,1371,True,True,True,True,Eyes,1.705118,0.05884193,-1.787989,-0.6449469,-0.4393751,-0.6252943,0.0,0.0,0.0,0.0,0.0,0.0,0.0,2.16949,-0.5290224,-0.3448861,1.492305,0.06139977,-1.695509,-0.02122701,0.9207705,-0.2491194,-0.2994509,28.13017,217.83,7.172429,0.6998285,0.0229428,-0.7139412,0.0,0.0,0.0,0.7890243,-0.5333158,-2.649992,-0.1119319,0.07781473,1.516276,-0.8197572,0.1101077,0.5620273,-0.1882885,0.8749779,-0.4460506,-0.540875,-0.4714764,-0.6965374,static,45.88639,35.09453,-4.221931,2.937822,45.23194555393127,40.338021106216665,59.53904351630369,62.003716012801384,126.71403003902275
1143,1143,05/15/2023 13:23:42.753367,1372,True,True,True,True,Eyes,1.695456,0.05870485,-1.78438,-0.6399304,-0.440409,-0.6297054,0.0,0.0,0.0,0.0,0.0,0.0,0.0,2.153526,-0.5405248,-0.3700008,1.481367,0.0603328,-1.693711,-0.01975385,0.9222801,-0.2493927,-0.2946392,28.14213,217.2411,7.200538,0.6988462,0.0230296,-0.7149,0.0,0.0,0.0,0.7890243,-0.5333158,-2.649992,-0.1053638,0.06993911,1.512872,-0.825595,0.1105246,0.5533328,-0.1833989,0.8748261,-0.4483794,-0.533627,-0.4716604,-0.701982,static,45.46142,34.96852,-3.983928,2.646863,44.81693689830247,40.20311362531131,59.072260411014845,61.57918784665454,127.11328647543532
1144,1144,05/15/2023 13:23:42.764017,1373,True,True,True,True,Eyes,1.685719,0.05853317,-1.780868,-0.6348568,-0.4413711,-0.6341518,0.0,0.0,0.0,0.0,0.0,0.0,0.0,2.138257,-0.5493051,-0.3950667,1.470277,0.05934185,-1.692548,-0.01880988,0.9237594,-0.2493201,-0.2900937,28.1341,216.6644,7.159143,0.6978299,0.02311113,-0.7158894,0.0,0.0,0.0,0.7890243,-0.5333158,-2.649992,-0.09883642,0.06393752,1.509393,-0.8309839,0.1099008,0.545333,-0.179404,0.8749714,-0.4497102,-0.5265743,-0.4715368,-0.7073706,static,45.03183,34.838,-3.746431,2.425585,44.39733090766537,40.06370976551494,58.565206328641466,61.11014847377185,127.54805784957122
1145,1145,05/15/2023 13:23:42.789433,1374,True,True,True,True,Eyes,1.67595,0.05830603,-1.777481,-0.6299315,-0.4418996,-0.6386791,0.0,0.0,0.0,0.0,0.0,0.0,0.0,2.122376,-0.5583792,-0.4188969,1.458715,0.05833173,-1.691298,-0.01750601,0.9252026,-0.2489513,-0.285862,28.07776,216.1314,7.157815,0.696778,0.02318656,-0.7169108,0.0,0.0,0.0,0.7890243,-0.5333158,-2.649992,-0.09101474,0.06171346,1.5056,-0.8359532,0.1099382,0.5376766,-0.1747246,0.8754336,-0.4506522,-0.5202441,-0.4706694,-0.7126126,static,44.60493,34.67921,-3.459366,2.347198,43.97955920948024,39.89711371424285,57.92698464397884,60.50163464880435,128.10239222609084
1146,1146,05/15/2023 13:23:42.804072,1375,True,True,True,True,Eyes,1.666116,0.05801697,-1.774175,-0.6249906,-0.4423466,-0.6432077,0.0,0.0,0.0,0.0,0.0,0.0,0.0,2.106903,-0.5664217,-0.4415431,1.447276,0.05680676,-1.690266,-0.0157234,0.9266988,-0.2477442,-0.2821436,27.90721,215.6564,7.193421,0.6956903,0.0232541,-0.7179642,0.0,0.0,0.0,0.7890243,-0.5333158,-2.649992,-0.08257133,0.06097084,1.501775,-0.8402956,0.1106572,0.530715,-0.1689406,0.8767512,-0.450296,-0.5151335,-0.468041,-0.7180357,static,44.17703,34.51707,-3.147096,2.324886,43.56072768502588,39.72725403120613,57.23556247957848,59.83776339180179,128.7074548997766
1147,1147,05/15/2023 13:23:42.813416,1376,True,True,True,True,Eyes,1.656236,0.05768473,-1.770978,-0.6200857,-0.442552,-0.6477973,0.0,0.0,0.0,0.0,0.0,0.0,0.0,2.090514,-0.5769888,-0.46228,1.43587,0.05501506,-1.68882,-0.01349569,0.9279708,-0.2473001,-0.2784437,27.8067,215.2183,7.318225,0.6945653,0.02331202,-0.7190508,0.0,0.0,0.0,0.7890243,-0.5333158,-2.649992,-0.07639426,0.06490642,1.497681,-0.8445743,0.1126711,0.5234501,-0.1627655,0.8773211,-0.4514589,-0.5101003,-0.4664901,-0.7226238,static,43.74791,34.33949,-2.920034,2.481529,43.14029358421974,39.54245868229048,56.50510309931888,59.119085632994306,129.3405695763915
1148,1148,05/15/2023 13:23:42.833606,1377,True,True,True,True,Eyes,1.646285,0.05732021,-1.767857,-0.6151382,-0.4426664,-0.6524196,0.0,0.0,0.0,0.0,0.0,0.0,0.0,2.073957,-0.5871718,-0.484468,1.424392,0.05365884,-1.6879,-0.01165519,0.929274,-0.2469902,-0.2744264,27.73871,214.733,7.393813,0.6934028,0.02335939,-0.7201703,0.0,0.0,0.0,0.7890243,-0.5333158,-2.649992,-0.07312524,0.06649747,1.493405,-0.8491086,0.1138995,0.5157921,-0.157223,0.87772,-0.4526461,-0.5042773,-0.4654401,-0.7273721,static,43.3153,34.15688,-2.803274,2.549549,42.71634234414098,39.352700661404754,55.91016223136039,58.53637710287635,129.83720263256654
1149,1149,05/15/2023 13:23:42.853529,1378,True,True,True,True,Eyes,1.636305,0.05690832,-1.764863,-0.6102795,-0.442484,-0.6570897,0.0,0.0,0.0,0.0,0.0,0.0,0.0,2.057328,-0.5940819,-0.5072727,1.412666,0.0524998,-1.686557,-0.01021675,0.9307278,-0.245925,-0.2704852,27.60061,214.2276,7.392282,0.6922016,0.02339591,-0.7213239,0.0,0.0,0.0,0.7890243,-0.5333158,-2.649992,-0.07309592,0.06568977,1.489436,-0.8534668,0.1140201,0.5085212,-0.1520561,0.8788331,-0.4522515,-0.498471,-0.4633054,-0.7327173,static,42.88475,33.95631,-2.809607,2.525325,42.29389640424003,39.14567838228445,55.460626391284784,58.09798878773415,130.1845437844969
1150,1150,05/15/2023 13:23:42.863667,1379,True,True,True,True,Eyes,1.626255,0.05646551,-1.761952,-0.6054261,-0.4422422,-0.6617257,0.0,0.0,0.0,0.0,0.0,0.0,0.0,2.041742,-0.5980269,-0.5296533,1.400832,0.05100879,-1.685807,-0.008974298,0.9322081,-0.244116,-0.267049,27.38239,213.7645,7.353486,0.6909609,0.02342054,-0.7225116,0.0,0.0,0.0,0.7890243,-0.5333158,-2.649992,-0.07419574,0.06362724,1.485275,-0.8572086,0.11365,0.502272,-0.1471137,0.8806537,-0.4503405,-0.4935089,-0.4599268,-0.7381844,static,42.45602,33.75546,-2.859789,2.452977,41.87320545185646,38.93844301224473,55.076020074890764,57.72547117833241,130.4680143080452
1151,1151,05/15/2023 13:23:42.883803,1380,True,True,True,True,Eyes,1.61617,0.05599373,-1.759169,-0.6006188,-0.4418422,-0.6663576,0.0,0.0,0.0,0.0,0.0,0.0,0.0,2.027168,-0.6006722,-0.5482132,1.389065,0.04980882,-1.684865,-0.008465133,0.9332665,-0.2431716,-0.2642154,27.28139,213.3846,7.284932,0.68968,0.0234331,-0.723734,0.0,0.0,0.0,0.7890243,-0.5333158,-2.649992,-0.07716727,0.05801207,1.481094,-0.8602375,0.1126989,0.4972836,-0.1442998,0.8815919,-0.4494146,-0.4890497,-0.458361,-0.742116,static,42.02979,33.54719,-2.9825,2.243036,41.45473334663536,38.7241267863733,54.827514157581646,57.49380568780373,130.61622779161036
1152,1152,05/15/2023 13:23:42.903909,1381,True,True,True,True,Eyes,1.606014,0.05551673,-1.75649,-0.5958388,-0.4413318,-0.6709711,0.0,0.0,0.0,0.0,0.0,0.0,0.0,2.011986,-0.6091537,-0.5640109,1.377301,0.04868127,-1.684617,-0.006559743,0.9341,-0.2427126,-0.2617345,27.18528,213.1009,7.41491,0.6883582,0.02343345,-0.7249914,0.0,0.0,0.0,0.7890243,-0.5333158,-2.649992,-0.07924491,0.05268872,1.477014,-0.8629042,0.1147976,0.4921567,-0.1393074,0.8820952,-0.4500017,-0.4857881,-0.4568694,-0.7451715,static,41.60587,33.33495,-3.071095,2.043015,41.0383901575586,38.50605250766251,54.5455442511618,57.229361215639,130.7978198614531
1153,1153,05/15/2023 13:23:42.913290,1382,True,True,True,True,Eyes,1.350326,0.04382025,-1.693067,-0.4679089,-0.4164664,-0.7794979,0.0,0.0,0.0,0.0,0.0,0.0,0.0,1.993969,-0.6236888,-0.5821793,1.36541,0.04805733,-1.684393,-0.00286651,0.9352587,-0.2417722,-0.2585137,26.98267,212.7563,7.715572,0.6869937,0.02342245,-0.7262847,0.0,0.0,0.0,0.7890243,-0.5333158,-2.649992,-0.07957089,0.04653254,1.472787,-0.8663248,0.119641,0.4849405,-0.1303647,0.883076,-0.4507568,-0.4821683,-0.453721,-0.7494338,static,30.97511,28.11449,-3.092538,1.809652,30.60041583355427,33.135702261410955,43.041249313398744,46.00583183695807,139.98513255560638
1154,1154,05/15/2023 13:23:42.933281,1383,True,True,True,True,Eyes,1.349832,0.04375392,-1.693063,-0.4676725,-0.4160456,-0.7798644,0.0,0.0,0.0,0.0,0.0,0.0,0.0,1.974413,-0.6392088,-0.6042602,1.353003,0.04778576,-1.68497,0.001507678,0.9367949,-0.2398298,-0.2547448,26.65226,212.333,8.040799,0.6766354,0.02285206,-0.7359626,-0.7670628,-0.03508946,0.1902677,0.7890243,-0.5333158,-2.649992,-0.0802421,0.04596853,1.468449,-0.8702058,0.1250155,0.476564,-0.119366,0.8849588,-0.4501107,-0.4780104,-0.4485744,-0.7551738,static,30.95046,28.07923,-3.127766,1.793009,30.575581430872123,33.10090841621451,43.038249287905714,46.0010890512592,139.97961663859144
1155,1155,05/15/2023 13:23:42.953779,1384,True,True,True,True,Eyes,1.348848,0.04363395,-1.693044,-0.4671061,-0.4155829,-0.7804503,0.0,0.0,0.0,0.0,0.0,0.0,0.0,1.954722,-0.6435395,-0.6346157,1.340586,0.04603413,-1.684793,0.005184262,0.9393106,-0.2346113,-0.2502531,25.98596,211.7162,8.132661,0.668276,0.02239852,-0.7435752,-0.721039,-0.0329841,0.1788516,0.7890243,-0.5333158,-2.649992,-0.08055228,0.04361001,1.46401,-0.8746933,0.1271636,0.4676981,-0.1076851,0.8898613,-0.4433404,-0.4725632,-0.4381509,-0.7646621,static,30.90088,28.03491,-3.149334,1.706225,30.526355908273395,33.05659123071491,43.042034423050005,46.009754983026546,139.96321695086965
1156,1156,05/15/2023 13:23:42.973488,1385,True,True,True,True,Eyes,1.347422,0.04350902,-1.693038,-0.4662735,-0.4152197,-0.7811412,0.0,0.0,0.0,0.0,0.0,0.0,0.0,1.938775,-0.6434821,-0.656899,1.328279,0.04452962,-1.684673,0.005387305,0.9405991,-0.2330799,-0.2468163,25.83685,211.243,7.995453,0.6615123,0.02203505,-0.7496096,-0.6777766,-0.03100505,0.1681205,0.7890243,-0.5333158,-2.649992,-0.0805347,0.03668442,1.459489,-0.8781056,0.1251905,0.4617991,-0.1049213,0.8912895,-0.4411288,-0.4668218,-0.4358101,-0.7695113,static,30.83354,27.99312,-3.158382,1.439833,30.45999927640936,33.014158239687816,43.13383604269916,46.12085833966687,139.85762558535242
1157,1157,05/15/2023 13:23:42.983693,1386,True,True,True,True,Eyes,1.345554,0.04337307,-1.693043,-0.4650815,-0.4149182,-0.7820116,0.0,0.0,0.0,0.0,0.0,0.0,0.0,1.920975,-0.6513202,-0.6774993,1.316179,0.04430312,-1.684956,0.005771981,0.9414394,-0.2339875,-0.2427108,25.96157,210.7499,7.95635,0.6560201,0.02174266,-0.7544293,-0.6371101,-0.02914475,0.1580333,0.7890243,-0.5333158,-2.649992,-0.0802983,0.03581184,1.455165,-0.8821166,0.1244505,0.4542939,-0.1027147,0.8904331,-0.4433719,-0.4596962,-0.4377682,-0.7726829,static,30.74099,27.94945,-3.158469,1.409774,30.36917614540815,32.969120810317854,43.052615747218624,46.044493265648285,139.92153489923342
1158,1158,05/15/2023 13:23:43.003343,1387,True,True,True,True,Eyes,1.343315,0.04325607,-1.693047,-0.4636889,-0.4149237,-0.7828352,0.0,0.0,0.0,0.0,0.0,0.0,0.0,1.906321,-0.6498887,-0.6991904,1.304543,0.04379591,-1.685684,0.004895475,0.9425809,-0.2329568,-0.2392664,25.90108,210.2623,7.711506,0.6515376,0.02150613,-0.7583107,-0.5988835,-0.02739606,0.1485513,0.7890243,-0.5333158,-2.649992,-0.08202565,0.03681496,1.450446,-0.8854553,0.1207062,0.448775,-0.1022487,0.8914144,-0.4415039,-0.4533367,-0.4368186,-0.7769655,static,30.6391,27.92479,-3.236745,1.453959,30.26982585530901,32.942132462786205,42.9916011366707,45.98038014745372,139.96704258959278
1159,1159,05/15/2023 13:23:43.013294,1388,True,True,True,True,Eyes,1.340706,0.04323427,-1.69312,-0.462017,-0.4150375,-0.7837628,0.0,0.0,0.0,0.0,0.0,0.0,0.0,1.890495,-0.6607757,-0.7110071,1.293335,0.04420085,-1.685662,0.00435634,0.9424551,-0.2366719,-0.2361058,26.36246,209.9335,7.694739,0.6478545,0.0213147,-0.7614651,-0.5629504,-0.0257523,0.1396382,0.7890243,-0.5333158,-2.649992,-0.08558196,0.03723621,1.446092,-0.8884704,0.1199705,0.4429761,-0.1035479,0.8879349,-0.4481624,-0.4471002,-0.4440482,-0.7764811,static,30.51874,27.90322,-3.386902,1.475014,30.152672110116036,32.917546366990095,42.98886637038246,45.97320821018678,139.95276326845783
1160,1160,05/15/2023 13:23:43.033460,1389,True,True,True,True,Eyes,1.337739,0.04330427,-1.693248,-0.4601557,-0.4147638,-0.7850018,0.0,0.0,0.0,0.0,0.0,0.0,0.0,1.868319,-0.6854169,-0.7290342,1.281661,0.04648557,-1.687331,0.008640136,0.9431747,-0.2381294,-0.2316061,26.43569,209.5053,8.128106,0.6447986,0.02116339,-0.7640587,-0.5291734,-0.02420716,0.1312599,0.7890243,-0.5333158,-2.649992,-0.08981824,0.03850907,1.441764,-0.8925681,0.1266027,0.4327751,-0.09400611,0.8864395,-0.4531974,-0.4410049,-0.445193,-0.7793062,static,30.37816,27.85019,-3.564775,1.529989,30.0150779259649,32.861971797775695,42.95201761378184,45.92711256512373,139.96544113829057
1161,1161,05/15/2023 13:23:43.053517,1390,True,True,True,True,Eyes,1.334423,0.04340755,-1.693369,-0.4578202,-0.4145969,-0.7864541,0.0,0.0,0.0,0.0,0.0,0.0,0.0,1.847032,-0.6942101,-0.7573724,1.270042,0.04867013,-1.688694,0.01268518,0.94547,-0.2333534,-0.2268743,25.81721,208.8913,8.295045,0.6422306,0.02104853,-0.7662217,-0.497423,-0.02275473,0.1233843,0.7890243,-0.5333158,-2.649992,-0.09405226,0.03421158,1.437481,-0.8967346,0.1298707,0.4230854,-0.08189687,0.8907705,-0.4470132,-0.4349259,-0.4355014,-0.7881488,static,30.20506,27.79696,-3.743443,1.363364,29.84598350918821,32.80518453378311,43.02599044103721,46.00910400882396,139.86396972530403
1162,1162,05/15/2023 13:23:43.064062,1391,True,True,True,True,Eyes,1.330796,0.04352541,-1.693481,-0.4552263,-0.4146104,-0.7879514,0.0,0.0,0.0,0.0,0.0,0.0,0.0,1.825667,-0.7058218,-0.7801039,1.258925,0.04949977,-1.688924,0.01442078,0.9466085,-0.2336133,-0.2216968,25.84171,208.2839,8.361988,0.6399156,0.02095749,-0.7681586,-0.4675776,-0.02138945,0.1159813,0.7890243,-0.5333158,-2.649992,-0.09862918,0.03284028,1.433439,-0.9012852,0.1308843,0.4129823,-0.07628096,0.8904338,-0.4486746,-0.4264579,-0.4358865,-0.7925508,static,30.01649,27.7528,-3.936089,1.312424,29.662154130095736,32.756663443952576,43.03337197771768,46.01719391311957,139.82886841115877
1163,1163,05/15/2023 13:23:43.084044,1392,True,True,True,True,Eyes,1.326884,0.04371414,-1.693605,-0.4522679,-0.4150211,-0.7894372,0.0,0.0,0.0,0.0,0.0,0.0,0.0,1.805195,-0.7167253,-0.7993488,1.247738,0.05000557,-1.688796,0.01480573,0.9472341,-0.2356531,-0.2167857,26.10502,207.7179,8.338118,0.6377224,0.02088294,-0.7699823,-0.439523,-0.02010608,0.1090224,0.7890243,-0.5333158,-2.649992,-0.1015991,0.03385934,1.429712,-0.9055696,0.1302214,0.4037156,-0.07412344,0.8884969,-0.4528565,-0.4176716,-0.4400179,-0.7949432,static,29.80836,27.7317,-4.064755,1.356661,29.46001022692193,32.72977864516696,42.93053228245308,45.9149473951318,139.9055354320742
1164,1164,05/15/2023 13:23:43.103995,1393,True,True,True,True,Eyes,1.322697,0.04398694,-1.693763,-0.4491338,-0.4154549,-0.7909968,0.0,0.0,0.0,0.0,0.0,0.0,0.0,1.786656,-0.7295489,-0.8131909,1.236804,0.05195849,-1.689164,0.01461202,0.9473512,-0.2388699,-0.2127286,26.51106,207.2724,8.308892,0.635631,0.02082672,-0.7717112,-0.4131516,-0.01889972,0.102481,0.7890243,-0.5333158,-2.649992,-0.1017848,0.03569305,1.425866,-0.9090663,0.1293143,0.3960766,-0.07394347,0.8854553,-0.4588041,-0.4100381,-0.4463705,-0.7953756,static,29.58823,27.70978,-4.083107,1.43396,29.246222273344653,32.70172638105775,42.71039278723586,45.70029982693149,140.09808486809175
1165,1165,05/15/2023 13:23:43.123813,1394,True,True,True,True,Eyes,1.318219,0.04432045,-1.693935,-0.4456598,-0.4158144,-0.7927709,0.0,0.0,0.0,0.0,0.0,0.0,0.0,1.767436,-0.7394004,-0.831769,1.22596,0.05425633,-1.690107,0.01549423,0.9481974,-0.2392154,-0.2084652,26.56334,206.7614,8.300083,0.6336225,0.02079106,-0.773362,-0.3883625,-0.01776573,0.09633218,0.7890243,-0.5333158,-2.649992,-0.09972173,0.02931121,1.422637,-0.9126045,0.1291193,0.3879193,-0.07035301,0.8850719,-0.4601069,-0.4027451,-0.4471869,-0.7986366,static,29.34271,27.67735,-4.009669,1.180323,29.007558161272776,32.66273730812973,42.5966386561002,45.621044487032734,140.17925991718056
1166,1166,05/15/2023 13:23:43.133461,1395,True,True,True,True,Eyes,1.313488,0.04469923,-1.6941,-0.4420107,-0.4162961,-0.794559,0.0,0.0,0.0,0.0,0.0,0.0,0.0,1.748453,-0.7429031,-0.8540053,1.214998,0.05596605,-1.690847,0.01625275,0.9495792,-0.2373957,-0.2041536,26.37317,206.1917,8.200828,0.6316796,0.02077696,-0.7749501,-0.3650607,-0.01669979,0.09055225,0.7890243,-0.5333158,-2.649992,-0.09914726,0.02682322,1.418859,-0.9161143,0.1277969,0.3800034,-0.06606381,0.8867583,-0.457488,-0.3954367,-0.4442157,-0.8039293,static,29.08705,27.65155,-3.997227,1.083035,28.759254516928493,32.62982728710412,42.431773164905024,45.47732605348043,140.31156415757638
1167,1167,05/15/2023 13:23:43.153660,1396,True,True,True,True,Eyes,1.308507,0.04514638,-1.694279,-0.4381375,-0.4169297,-0.79637,0.0,0.0,0.0,0.0,0.0,0.0,0.0,1.729486,-0.7506635,-0.8702784,1.204118,0.0574625,-1.690798,0.01598167,0.9501124,-0.2388585,-0.1999447,26.58301,205.6828,8.092207,0.6297888,0.02078456,-0.7764874,-0.3431571,-0.0156978,0.08511911,0.7890243,-0.5333158,-2.649992,-0.09600019,0.01461464,1.415027,-0.9195336,0.1258857,0.3723052,-0.06514821,0.8853825,-0.4602757,-0.3875746,-0.4474939,-0.8059376,static,28.8182,27.63375,-3.881191,0.5917397,28.498394853143587,32.60422253547246,42.43254049472158,45.53280836180122,140.27694144230355
1168,1168,05/15/2023 13:23:43.163447,1397,True,True,True,True,Eyes,1.303307,0.0456182,-1.694456,-0.4341628,-0.4174522,-0.7982708,0.0,0.0,0.0,0.0,0.0,0.0,0.0,1.711218,-0.7601492,-0.8840878,1.193124,0.05958746,-1.691334,0.01589942,0.9504408,-0.2406073,-0.1962595,26.81589,205.2515,8.029778,0.6279365,0.02081508,-0.7779853,-0.3225677,-0.01475593,0.08001196,0.7890243,-0.5333158,-2.649992,-0.09044337,0.01147556,1.411685,-0.9224589,0.1246658,0.365415,-0.06422001,0.8837107,-0.4636067,-0.3807171,-0.451125,-0.8071807,static,28.54085,27.60712,-3.665797,0.4657461,28.2290623713656,32.56983155314854,42.11795683746079,45.25432970559007,140.55544465343016
1169,1169,05/15/2023 13:23:43.183999,1398,True,True,True,True,Eyes,1.297869,0.04615239,-1.694634,-0.42994,-0.4181209,-0.800204,0.0,0.0,0.0,0.0,0.0,0.0,0.0,1.693072,-0.7631663,-0.9023132,1.182587,0.06063107,-1.691418,0.01665244,0.9515222,-0.2392658,-0.1925625,26.67441,204.7727,7.966096,0.6261119,0.02086758,-0.779453,-0.3032136,-0.01387058,0.07521125,0.7890243,-0.5333158,-2.649992,-0.08536381,0.02926594,1.409104,-0.9252848,0.1238376,0.3584862,-0.06045689,0.8849492,-0.4617466,-0.3744237,-0.44892,-0.8113433,static,28.2486,27.58787,-3.466752,1.189815,27.945500872418847,32.54209400800744,41.26403834171989,44.38124637182613,141.37441269633834
1170,1170,05/15/2023 13:23:43.204113,1399,True,True,True,True,Eyes,1.292222,0.04671929,-1.69484,-0.4255799,-0.418589,-0.8022874,0.0,0.0,0.0,0.0,0.0,0.0,0.0,1.674634,-0.7715507,-0.9162211,1.171787,0.06266157,-1.691786,0.01655854,0.9519165,-0.2406706,-0.1888346,26.86842,204.3275,7.887784,0.6243051,0.02094298,-0.780899,-0.2850208,-0.01303834,0.07069857,0.7890243,-0.5333158,-2.649992,-0.08476144,0.03753781,1.405286,-0.9281347,0.1224186,0.3515392,-0.05936919,0.883607,-0.4644504,-0.3674799,-0.451943,-0.8128384,static,27.94408,27.55305,-3.451679,1.530113,27.649631612955453,32.49894887278078,40.77851068016155,43.89032145198721,141.82167845600898
1171,1171,05/15/2023 13:23:43.213532,1400,True,True,True,True,Eyes,1.286383,0.04727225,-1.695047,-0.4210958,-0.4189907,-0.8044409,0.0,0.0,0.0,0.0,0.0,0.0,0.0,1.656598,-0.7685871,-0.9391372,1.161048,0.06397735,-1.6926,0.0162325,0.9534378,-0.2378901,-0.1846654,26.59183,203.7299,7.635387,0.6225064,0.02104074,-0.782331,-0.2679195,-0.01225604,0.06645666,0.7890243,-0.5333158,-2.649992,-0.08805621,0.03849712,1.401879,-0.9312705,0.1188135,0.3444107,-0.05690675,0.8862897,-0.4596219,-0.359857,-0.4476316,-0.8186142,static,27.63043,27.51262,-3.594198,1.573009,27.34476720392504,32.450104595476546,40.59360556257235,43.710577670649485,141.96624409351878
1172,1172,05/15/2023 13:23:43.233514,1401,True,True,True,True,Eyes,1.280379,0.04782493,-1.695249,-0.4164977,-0.4194836,-0.8065749,0.0,0.0,0.0,0.0,0.0,0.0,0.0,1.644079,-0.7603717,-0.9552567,1.150616,0.06418456,-1.69282,0.01416223,0.9544098,-0.2359708,-0.1822617,26.44017,203.3291,7.253322,0.6207085,0.02115817,-0.7837551,-0.2518443,-0.01152068,0.06246926,0.7890243,-0.5333158,-2.649992,-0.09076393,0.03355902,1.397752,-0.9331604,0.11305,0.341221,-0.05898375,0.8882344,-0.4555881,-0.3545885,-0.4452632,-0.8221971,static,27.31084,27.47805,-3.715321,1.375366,27.03430985661889,32.40672812782231,40.545934178432454,43.68621330953707,141.97251777140775
1173,1173,05/15/2023 13:23:43.253748,1402,True,True,True,True,Eyes,1.274196,0.04837331,-1.695501,-0.4116876,-0.4200134,-0.8087658,0.0,0.0,0.0,0.0,0.0,0.0,0.0,1.62584,-0.7665175,-0.969605,1.140587,0.06475647,-1.692898,0.01399026,0.9548541,-0.2371364,-0.1783941,26.60709,202.8583,7.152493,0.6189063,0.02129346,-0.7851754,-0.2367337,-0.01082944,0.05872111,0.7890243,-0.5333158,-2.649992,-0.08883786,0.0299401,1.394236,-0.9359598,0.1113248,0.3340455,-0.05789016,0.8871413,-0.4578528,-0.3473159,-0.4478696,-0.8238839,moving,26.97754,27.44404,-3.645841,1.230192,26.710589999770622,32.363462079030114,40.31075899605793,43.48325434989505,142.16402567863813
1174,1174,05/15/2023 13:23:43.263705,1403,True,True,True,True,Eyes,1.267849,0.04888684,-1.695759,-0.4067205,-0.4203487,-0.8111013,0.0,0.0,0.0,0.0,0.0,0.0,0.0,1.606914,-0.7663304,-0.9914896,1.130198,0.06516822,-1.69437,0.01485325,0.9562438,-0.2344973,-0.1743228,26.31429,202.3152,7.059402,0.6170923,0.02144482,-0.7865979,-0.2225297,-0.01017967,0.05519784,0.7897871,-0.5302956,-2.649572,-0.08432281,0.03849745,1.388985,-0.938782,0.1101631,0.326424,-0.05334978,0.8895807,-0.4536517,-0.3403562,-0.4432947,-0.8292453,moving,26.63112,27.3952,-3.474062,1.587618,26.373759358671787,32.305475781939066,39.65291000594846,42.83082098875316,142.7772039653887
1175,1175,05/15/2023 13:23:43.283755,1404,True,True,True,True,Eyes,1.261313,0.04935724,-1.696018,-0.4014643,-0.4210003,-0.8133788,0.0,0.0,0.0,0.0,0.0,0.0,0.0,1.585758,-0.7646335,-1.015391,1.119863,0.06480689,-1.694703,0.01550506,0.9577647,-0.2318437,-0.1693957,26.03056,201.661,6.919069,0.6152622,0.02160913,-0.7880257,-0.2091779,-0.009568892,0.05188597,0.7901854,-0.5287185,-2.649353,-0.07744169,0.0430831,1.384206,-0.9421294,0.1082471,0.3172929,-0.04884625,0.8920162,-0.4493564,-0.3316719,-0.4388505,-0.8351073,moving,26.26984,27.36583,-3.202169,1.782743,26.02306812514299,32.26580931192115,39.026832499520765,42.22951357519784,143.35789278878556
1176,1176,05/15/2023 13:23:43.303443,1405,True,True,True,True,Eyes,1.254607,0.04979271,-1.696286,-0.3960876,-0.4217162,-0.8156409,0.0,0.0,0.0,0.0,0.0,0.0,0.0,1.563944,-0.7710838,-1.033019,1.109084,0.06426351,-1.695117,0.01550676,0.9583107,-0.2330908,-0.1645262,26.20884,201.0711,6.812142,0.6134105,0.02178332,-0.7894632,-0.1966272,-0.008994759,0.04877281,0.7907806,-0.5263616,-2.649024,-0.07227582,0.04083806,1.379196,-0.9453811,0.1064197,0.3081055,-0.04697851,0.8908564,-0.4518493,-0.3225634,-0.4416443,-0.8371994,moving,25.90191,27.34062,-2.999801,1.696035,25.6660499789038,32.22994812928796,38.638758242854365,41.881390417841004,143.69848743366776
1177,1177,05/15/2023 13:23:43.313315,1406,True,True,True,True,Eyes,1.247797,0.05019918,-1.696572,-0.3906312,-0.4226902,-0.8177654,0.0,0.0,0.0,0.0,0.0,0.0,0.0,1.543507,-0.7757878,-1.04927,1.098248,0.0638846,-1.695581,0.01525523,0.9588259,-0.2339983,-0.1602034,26.34911,200.5362,6.679363,0.6115327,0.02196494,-0.7909136,-0.1848296,-0.008455073,0.04584644,0.7913755,-0.5240062,-2.648697,-0.06857151,0.04402679,1.374031,-0.9482043,0.1042288,0.3000748,-0.04572042,0.8900241,-0.4536151,-0.3143536,-0.4438393,-0.8391593,moving,25.53293,27.33374,-2.856997,1.835248,25.30851478099898,32.211739872790815,38.15967831808063,41.42496001667737,144.13412760589122
1178,1178,05/15/2023 13:23:43.333341,1407,True,True,True,True,Eyes,1.240848,0.0505995,-1.696855,-0.3850491,-0.4237167,-0.8198788,0.0,0.0,0.0,0.0,0.0,0.0,0.0,1.523464,-0.7810076,-1.063705,1.087487,0.06374505,-1.695785,0.01507999,0.9592345,-0.2350615,-0.1561674,26.50321,200.0419,6.56713,0.6096274,0.02215194,-0.792378,-0.1737398,-0.007947769,0.04309566,0.7919933,-0.5215598,-2.648356,-0.06228715,0.04032373,1.368561,-0.9507689,0.1023483,0.2925127,-0.04448735,0.8890374,-0.4556681,-0.3066916,-0.446248,-0.8407161,moving,25.1567,27.33011,-2.605897,1.687693,24.944046770846448,32.19644006863783,37.79279483957621,41.106970813657846,144.4534713116976
1179,1179,05/15/2023 13:23:43.353498,1408,True,True,True,True,Eyes,1.233729,0.05096814,-1.697147,-0.3792306,-0.4247655,-0.8220453,0.0,0.0,0.0,0.0,0.0,0.0,0.0,1.502941,-0.7855223,-1.079224,1.077086,0.06401898,-1.695992,0.01458215,0.9597338,-0.2359559,-0.1517344,26.64649,199.4849,6.397764,0.6076917,0.02234368,-0.7938582,-0.1633154,-0.007470903,0.04050992,0.7926208,-0.5190752,-2.64801,-0.05467749,0.03647444,1.362821,-0.9535279,0.09959523,0.2843678,-0.0436153,0.8882244,-0.4573349,-0.2981308,-0.4484844,-0.842603,moving,24.76509,27.32621,-2.297521,1.533094,24.564676265837026,32.18039748518609,37.385421585516156,40.75334161589503,144.8103215418182
1180,1180,05/15/2023 13:23:43.363448,1409,True,True,True,True,Eyes,1.226467,0.05131385,-1.697436,-0.373338,-0.4257892,-0.8242101,0.0,0.0,0.0,0.0,0.0,0.0,0.0,1.482687,-0.7843384,-1.09807,1.06621,0.06361324,-1.696602,0.0139822,0.9606533,-0.2349928,-0.1474044,26.57515,198.9058,6.171196,0.6057217,0.02253837,-0.7953569,-0.1535165,-0.007022649,0.03807932,0.7931667,-0.5169141,-2.647709,-0.04825026,0.04943958,1.357262,-0.9561527,0.09614203,0.2766376,-0.04241384,0.8891658,-0.4556153,-0.2897804,-0.4473711,-0.8461005,moving,24.36885,27.321,-2.035991,2.086132,24.18078600282117,32.16294575551014,36.524159007603515,39.89904913778393,145.62697503304
1181,1181,05/15/2023 13:23:43.383469,1410,True,True,True,True,Eyes,1.219074,0.05162909,-1.697732,-0.3672846,-0.4268535,-0.8263766,0.0,0.0,0.0,0.0,0.0,0.0,0.0,1.462775,-0.7860777,-1.113294,1.055459,0.06341466,-1.696773,0.01365166,0.9612599,-0.2349726,-0.1434605,26.60407,198.3995,6.013076,0.6037155,0.02273476,-0.7968752,-0.1443055,-0.00660129,0.03579456,0.7937623,-0.5145556,-2.647381,-0.04131752,0.053464,1.351594,-0.9584653,0.09366415,0.26939,-0.04117296,0.889203,-0.4556564,-0.2822211,-0.4478225,-0.8484138,moving,23.96285,27.318,-1.750956,2.265225,23.787503697420213,32.14732032008383,35.90043668545358,39.30842841472211,146.20116671128704
1182,1182,05/15/2023 13:23:43.404018,1411,True,True,True,True,Eyes,1.211545,0.05190814,-1.69802,-0.361194,-0.4278339,-0.8285512,0.0,0.0,0.0,0.0,0.0,0.0,0.0,1.441353,-0.7911634,-1.127632,1.044411,0.06304696,-1.697122,0.01445135,0.9617742,-0.2351925,-0.1395211,26.63926,197.9299,5.999615,0.6016705,0.02293143,-0.7984149,-0.1356472,-0.006205212,0.03364689,0.7943584,-0.5121955,-2.647053,-0.03825819,0.05943739,1.345917,-0.9606502,0.0934265,0.2615778,-0.03783077,0.8889513,-0.4564367,-0.2751732,-0.4483716,-0.8504368,moving,23.55404,27.3102,-1.628215,2.528611,23.391369087094056,32.126975452697124,35.330908851173724,38.75619648734709,146.72278384161712
1183,1183,05/15/2023 13:23:43.423311,1412,True,True,True,True,Eyes,1.203843,0.05217266,-1.698289,-0.3548575,-0.428779,-0.8307977,0.0,0.0,0.0,0.0,0.0,0.0,0.0,1.419411,-0.7950099,-1.142714,1.033555,0.06244679,-1.697182,0.01585787,0.9624691,-0.2345757,-0.1355583,26.56703,197.4615,6.040664,0.5995855,0.02312671,-0.7999761,-0.1275083,-0.005832899,0.03162808,0.7949599,-0.5098136,-2.646721,-0.03430009,0.07057333,1.340336,-0.9627451,0.0941228,0.2535016,-0.03307197,0.8894455,-0.4558432,-0.2683811,-0.4472445,-0.8531964,moving,23.12872,27.2985,-1.465917,3.014038,22.979138618602107,32.1023499375675,34.56343825187554,37.99592919739933,147.44233080353402
1184,1184,05/15/2023 13:23:43.433626,1413,True,True,True,True,Eyes,1.196005,0.05242547,-1.698554,-0.3484412,-0.429686,-0.8330418,0.0,0.0,0.0,0.0,0.0,0.0,0.0,1.396632,-0.7979006,-1.158733,1.022484,0.06231791,-1.697212,0.01632532,0.9631596,-0.234245,-0.1310974,26.54817,196.9089,5.958701,0.5974579,0.02332027,-0.8015608,-0.1198578,-0.005482926,0.02973039,0.7955685,-0.5074041,-2.646386,-0.03223872,0.07065025,1.333895,-0.965094,0.09286558,0.2448872,-0.02997003,0.8897256,-0.4555109,-0.2601837,-0.4469501,-0.8558857,moving,22.69837,27.28485,-1.384504,3.031858,22.56198355010237,32.07568522424668,34.1788303054967,37.64277043230347,147.77347996962553
1185,1185,05/15/2023 13:23:43.453397,1414,True,True,True,True,Eyes,1.188055,0.05264482,-1.698814,-0.3418491,-0.43048,-0.8353599,0.0,0.0,0.0,0.0,0.0,0.0,0.0,1.375443,-0.7982049,-1.174179,1.011314,0.06229381,-1.697361,0.01567749,0.9637977,-0.2339688,-0.1269135,26.55251,196.3608,5.749146,0.5952861,0.02351186,-0.8031694,-0.1126664,-0.00515395,0.02794657,0.7961652,-0.5050412,-2.646057,-0.03103298,0.07161987,1.328238,-0.9672943,0.08960745,0.2373018,-0.02916777,0.8900256,-0.4549765,-0.251974,-0.4470178,-0.8583031,moving,22.25554,27.26308,-1.338417,3.086456,22.1325204977642,32.04079452949012,33.78141434213826,37.2724915548219,148.1160774676947
1186,1186,05/15/2023 13:23:43.473477,1415,True,True,True,True,Eyes,1.179986,0.05284709,-1.699055,-0.3352368,-0.4311923,-0.8376691,0.0,0.0,0.0,0.0,0.0,0.0,0.0,1.354816,-0.7970763,-1.189049,1.000021,0.06174181,-1.697305,0.01558484,0.9645141,-0.233007,-0.1231968,26.4641,195.8774,5.607555,0.5930693,0.02370019,-0.8048022,-0.1059064,-0.004844713,0.02626977,0.7967553,-0.5027049,-2.645731,-0.03143173,0.07802147,1.322345,-0.9691592,0.08747504,0.2303874,-0.02734785,0.8909298,-0.453317,-0.2449129,-0.445637,-0.8610605,moving,21.81138,27.23726,-1.361647,3.376671,21.70165893418698,32.00195445448606,33.26134224245392,36.76034457759581,148.58530417476112
1187,1187,05/15/2023 13:23:43.483473,1416,True,True,True,True,Eyes,1.171781,0.0530479,-1.69929,-0.3283646,-0.431734,-0.8401086,0.0,0.0,0.0,0.0,0.0,0.0,0.0,1.333042,-0.7988436,-1.202863,0.9890404,0.06152315,-1.697069,0.01642433,0.9651654,-0.232246,-0.1193645,26.38436,195.4098,5.582665,0.5908071,0.0238849,-0.8064588,-0.09955199,-0.00455403,0.02469359,0.7973328,-0.5004183,-2.645413,-0.03169501,0.07573313,1.316472,-0.9709648,0.08714825,0.222784,-0.02373946,0.8915841,-0.4522326,-0.238042,-0.4443907,-0.863628,moving,21.34853,27.19875,-1.379171,3.292445,21.25235054173576,31.950284270351244,32.985751643678306,36.516537608860666,148.8014979912473
1188,1188,05/15/2023 13:23:43.505520,1417,True,True,True,True,Eyes,1.163449,0.0532325,-1.699517,-0.32144,-0.4321042,-0.8425926,0.0,0.0,0.0,0.0,0.0,0.0,0.0,1.309742,-0.8002499,-1.218459,0.9778154,0.06165622,-1.697216,0.01747838,0.9659634,-0.2309831,-0.1151342,26.24547,194.8921,5.563557,0.5884978,0.02406644,-0.8081401,0.0,0.0,0.0,0.7978987,-0.4981775,-2.645101,-0.03051585,0.06958854,1.310474,-0.9728772,0.08695508,0.2143565,-0.01942118,0.8926827,-0.4502672,-0.2305053,-0.4422177,-0.8667818,moving,20.88132,27.14997,-1.333955,3.039655,20.798539546412734,31.888568276870814,32.78453496276636,36.360790861907866,148.9385297415491
1189,1189,05/15/2023 13:23:43.523654,1418,True,True,True,True,Eyes,1.154953,0.05340283,-1.699727,-0.3142358,-0.4323074,-0.8452018,0.0,0.0,0.0,0.0,0.0,0.0,0.0,1.284226,-0.8006803,-1.236023,0.9663467,0.06141497,-1.697198,0.01937771,0.966979,-0.2288416,-0.1104888,25.9947,194.3354,5.621371,0.5861404,0.02424447,-0.8098463,0.0,0.0,0.0,0.7984876,-0.4958458,-2.644777,-0.02816188,0.06791893,1.304195,-0.9748335,0.08804456,0.2048119,-0.0130932,0.894512,-0.4468521,-0.2225496,-0.4382879,-0.8708475,moving,20.39453,27.08903,-1.237013,2.981115,20.325434232964607,31.8145056415527,32.390048135315794,36.00421567765033,149.2677698681097
1190,1190,05/15/2023 13:23:43.533414,1419,True,True,True,True,Eyes,1.146313,0.05357861,-1.699929,-0.307014,-0.4323917,-0.8478087,0.0,0.0,0.0,0.0,0.0,0.0,0.0,1.257757,-0.8017868,-1.252793,0.9542434,0.06118776,-1.697051,0.02156392,0.9679177,-0.226839,-0.1058988,25.75703,193.7968,5.721501,0.5837327,0.02441882,-0.8115782,0.0,0.0,0.0,0.7990753,-0.4935188,-2.644453,-0.02615285,0.06826282,1.297557,-0.976641,0.08978815,0.1952196,-0.006299752,0.8961582,-0.44369,-0.2147857,-0.4345556,-0.8746591,moving,19.90667,27.02208,-1.154666,3.011482,19.85112876373399,31.73461065668629,31.93882731758478,35.584568755075104,149.65509961234335
1191,1191,05/15/2023 13:23:43.553667,1420,True,True,True,True,Eyes,1.137499,0.05375121,-1.700136,-0.2995919,-0.4322902,-0.8505116,0.0,0.0,0.0,0.0,0.0,0.0,0.0,1.23191,-0.8038476,-1.267843,0.9420755,0.06146644,-1.697031,0.02358838,0.9687019,-0.2252592,-0.1015809,25.57077,193.2943,5.819545,0.5812732,0.02459027,-0.8133365,0.0,0.0,0.0,0.7996649,-0.4911843,-2.644128,-0.02404368,0.06868908,1.291079,-0.9782498,0.09146426,0.1861761,-6.382144e-05,0.8974038,-0.4412102,-0.2074301,-0.4316257,-0.8778793,moving,19.40476,26.9429,-1.066892,3.045428,19.36288272947657,31.64247489301273,31.46708921396906,35.14493969973954,150.06082996458736
1192,1192,05/15/2023 13:23:43.563442,1421,True,True,True,True,Eyes,1.128565,0.05389831,-1.700328,-0.292123,-0.4319883,-0.8532586,0.0,0.0,0.0,0.0,0.0,0.0,0.0,1.207388,-0.8007473,-1.284811,0.9297928,0.06146762,-1.697477,0.02523182,0.9697543,-0.2223108,-0.09756067,25.22984,192.8016,5.857226,0.5787593,0.02475909,-0.8151222,0.0,0.0,0.0,0.800262,-0.4888201,-2.643799,-0.0222199,0.06836456,1.284178,-0.9796906,0.0923149,0.1780011,0.005559738,0.8998825,-0.4360969,-0.2004384,-0.4262504,-0.8821198,moving,18.89923,26.85221,-0.9912795,3.047324,18.8708169492794,31.53912009985964,31.02104069244915,34.73161845288029,150.44001323504222
1193,1193,05/15/2023 13:23:43.583315,1422,True,True,True,True,Eyes,1.119489,0.05400752,-1.700506,-0.2843605,-0.4316995,-0.8560225,0.0,0.0,0.0,0.0,0.0,0.0,0.0,1.182314,-0.795241,-1.302574,0.9179149,0.06095755,-1.697259,0.02609491,0.9708472,-0.2193695,-0.09301618,24.90368,192.2247,5.788467,0.5761903,0.02492445,-0.8169351,0.0,0.0,0.0,0.8008687,-0.4864177,-2.643464,-0.02191764,0.06714609,1.277164,-0.9813344,0.09147817,0.1691601,0.00985853,0.9023921,-0.430803,-0.1920578,-0.4210939,-0.8864504,moving,18.37587,26.7622,-0.9831671,3.00952,18.361501818432405,31.43586231853607,30.64248887772624,34.38419917890134,150.75112856101342
1194,1194,05/15/2023 13:23:43.603416,1423,True,True,True,True,Eyes,1.11031,0.05407565,-1.700666,-0.2765281,-0.4314021,-0.8587343,0.0,0.0,0.0,0.0,0.0,0.0,0.0,1.156617,-0.793546,-1.318028,0.9059209,0.06010756,-1.697165,0.02641807,0.9715343,-0.2182521,-0.08825682,24.7977,191.6311,5.680634,0.5735652,0.02508498,-0.8187755,0.0,0.0,0.0,0.8014587,-0.4840818,-2.643139,-0.02287966,0.06395501,1.270037,-0.9830257,0.08985658,0.1599575,0.01280764,0.9033362,-0.4287419,-0.1830207,-0.4194156,-0.8891535,moving,17.84951,26.67357,-1.032069,2.882797,17.849318896816726,31.333841971126027,30.372930472227566,34.14628484709709,150.95364863542736
1195,1195,05/15/2023 13:23:43.613497,1424,True,True,True,True,Eyes,1.101008,0.05415152,-1.700823,-0.2683858,-0.4312779,-0.8613759,0.0,0.0,0.0,0.0,0.0,0.0,0.0,1.129794,-0.7944828,-1.332166,0.8941827,0.05918665,-1.696831,0.02720554,0.9720557,-0.2177901,-0.08327879,24.7637,191.0315,5.635233,0.570884,0.02523925,-0.8206424,0.0,0.0,0.0,0.8020864,-0.4815964,-2.642793,-0.02454019,0.06305721,1.262981,-0.9846493,0.08916518,0.1500531,0.01661601,0.9036546,-0.4279394,-0.1737534,-0.4188769,-0.8912646,moving,17.30589,26.59643,-1.113138,2.85825,17.320733435882616,31.242366626045936,30.045994444803853,33.84472917243727,151.21546616248915
1196,1196,05/15/2023 13:23:43.634114,1425,True,True,True,True,Eyes,1.091598,0.0542802,-1.701001,-0.260174,-0.4312178,-0.8639216,0.0,0.0,0.0,0.0,0.0,0.0,0.0,1.102594,-0.8020737,-1.342437,0.8820388,0.05943888,-1.696953,0.02879523,0.972178,-0.2187364,-0.07870875,24.88313,190.5203,5.720403,0.568146,0.02538837,-0.8225358,0.0,0.0,0.0,0.8026654,-0.479304,-2.642474,-0.0251528,0.06204179,1.255915,-0.9859514,0.09042113,0.1404407,0.02155525,0.9026504,-0.4298343,-0.165635,-0.4207686,-0.8919185,moving,16.75992,26.52562,-1.147336,2.828093,16.79004467537451,31.15692514488135,29.7025689691189,33.530170834431516,151.4938003106969
1197,1197,05/15/2023 13:23:43.653510,1426,True,True,True,True,Eyes,1.082032,0.05442878,-1.701178,-0.2516902,-0.4311163,-0.8664819,0.0,0.0,0.0,0.0,0.0,0.0,0.0,1.069934,-0.8135941,-1.354819,0.8699676,0.06083128,-1.697553,0.03231291,0.9723954,-0.2192719,-0.07296019,24.94339,189.9109,6.003782,0.5653499,0.02553554,-0.8244554,0.0,0.0,0.0,0.803247,-0.477001,-2.642154,-0.026196,0.05949324,1.249281,-0.9872653,0.09483807,0.1277216,0.03084561,0.9017515,-0.4311529,-0.1560629,-0.4217227,-0.8931933,moving,16.19719,26.45255,-1.201252,2.72648,16.24306265981106,31.06877754421916,29.421627787603185,33.280473915429006,151.70800244720505
1198,1198,05/15/2023 13:23:43.663281,1427,True,True,True,True,Eyes,1.072373,0.05458137,-1.701344,-0.2431546,-0.4311295,-0.8689092,0.0,0.0,0.0,0.0,0.0,0.0,0.0,1.039144,-0.8131796,-1.371756,0.8580343,0.06132121,-1.697885,0.03363068,0.9731607,-0.2175745,-0.06699776,24.76917,189.1911,5.980835,0.562494,0.02568206,-0.8264019,0.0,0.0,0.0,0.8038368,-0.4746656,-2.641829,-0.02817625,0.05542421,1.242114,-0.9887606,0.0946101,0.1157648,0.0363021,0.9030607,-0.4279762,-0.1450335,-0.4189635,-0.8963453,moving,15.63369,26.38938,-1.299481,2.554893,15.695604885184142,30.99015789498478,29.23722029653999,33.126986489759965,151.82713427855145
1199,1199,05/15/2023 13:23:43.683448,1428,True,True,True,True,Eyes,1.062617,0.05481105,-1.701564,-0.2344059,-0.4312864,-0.8712324,0.0,0.0,0.0,0.0,0.0,0.0,0.0,1.011515,-0.8189741,-1.381327,0.8460405,0.06160188,-1.697753,0.0339372,0.9731829,-0.2189035,-0.06200597,24.95193,188.5978,5.900175,0.5595784,0.02582831,-0.8283745,0.0,0.0,0.0,0.8044378,-0.4722861,-2.641497,-0.03163898,0.05401137,1.235152,-0.9900073,0.09320085,0.1058284,0.03890755,0.901859,-0.430275,-0.1355443,-0.4218577,-0.8964733,moving,15.05888,26.3368,-1.467337,2.503865,15.13748244995782,30.92140144866228,29.002148869442657,32.91316464238507,152.00082802169817
1200,1200,05/15/2023 13:23:43.703988,1429,True,True,True,True,Eyes,1.052802,0.05506445,-1.701838,-0.2256058,-0.4310506,-0.873669,0.0,0.0,0.0,0.0,0.0,0.0,0.0,0.9793008,-0.8327898,-1.390838,0.834036,0.06364442,-1.699216,0.03786959,0.9731135,-0.2199946,-0.05673258,25.07869,188.0654,6.253876,0.5566018,0.02597819,-0.8303728,0.0,0.0,0.0,0.8050245,-0.4699628,-2.641174,-0.03649545,0.05268139,1.227757,-0.9906947,0.09866453,0.09375224,0.04874108,0.9003365,-0.4324563,-0.1270767,-0.4238626,-0.8967677,moving,14.47908,26.2608,-1.702633,2.456977,14.573888681930674,30.82989155290155,28.783151756360837,32.71005102852351,152.15994094906196
1201,1201,05/15/2023 13:23:43.723254,1430,True,True,True,True,Eyes,1.042921,0.05531178,-1.702091,-0.2165812,-0.431031,-0.8759594,0.0,0.0,0.0,0.0,0.0,0.0,0.0,0.9503571,-0.8220959,-1.412225,0.8227165,0.06437087,-1.700703,0.04000959,0.9745669,-0.2144328,-0.05135401,24.44685,187.4004,6.307083,0.5535641,0.02613255,-0.8323962,0.0,0.0,0.0,0.8056419,-0.4675182,-2.640834,-0.04055995,0.04880369,1.220619,-0.9915242,0.100008,0.08293711,0.05596007,0.9048356,-0.4220675,-0.1172546,-0.4138489,-0.902763,moving,13.88787,26.20029,-1.903182,2.289623,13.999667025435215,30.75296952954471,28.654446769246704,32.6046423502349,152.22710504661916
1202,1202,05/15/2023 13:23:43.733851,1431,True,True,True,True,Eyes,1.032972,0.05561125,-1.702383,-0.2075535,-0.4313,-0.8780102,0.0,0.0,0.0,0.0,0.0,0.0,0.0,0.9228551,-0.8280726,-1.419816,0.8110596,0.06450494,-1.700372,0.03999333,0.9744202,-0.2162341,-0.0463539,24.68934,186.8033,6.191151,0.5504667,0.02629075,-0.8344427,0.0,0.0,0.0,0.8062211,-0.465225,-2.640514,-0.04370004,0.04137474,1.213093,-0.9925039,0.09798719,0.07304052,0.05789403,0.9032868,-0.4251134,-0.1076322,-0.417698,-0.9021885,moving,13.30004,26.1614,-2.063111,1.953419,13.429308373657806,30.697013726420906,28.671462340542764,32.65286045426984,152.14787754940735
1203,1203,05/15/2023 13:23:43.753606,1432,True,True,True,True,Eyes,1.022985,0.05597609,-1.702754,-0.1983853,-0.4313419,-0.8801066,0.0,0.0,0.0,0.0,0.0,0.0,0.0,0.8939338,-0.8438835,-1.423946,0.7994156,0.06611851,-1.7016,0.04124359,0.9737535,-0.2199653,-0.04145481,25.14841,186.271,6.250766,0.5473098,0.02645506,-0.8365116,0.0,0.0,0.0,0.8067955,-0.4629507,-2.640198,-0.04466295,0.0281252,1.205824,-0.9931611,0.09855942,0.06258921,0.06208495,0.8998285,-0.4318034,-0.09887785,-0.4249644,-0.8997937,moving,12.70277,26.10956,-2.121229,1.336151,12.849454188709045,30.62826700143547,28.869927949914974,32.89603950292873,151.88150374006486
1204,1204,05/15/2023 13:23:43.763552,1433,True,True,True,True,Eyes,1.012981,0.05634909,-1.703149,-0.189322,-0.4311984,-0.8821707,0.0,0.0,0.0,0.0,0.0,0.0,0.0,0.8737757,-0.8381766,-1.436258,0.7882721,0.06799899,-1.703779,0.04102622,0.9744864,-0.2173032,-0.038375,24.8579,185.8589,6.113841,0.544093,0.02662816,-0.8386019,0.0,0.0,0.0,0.8074066,-0.460531,-2.639861,-0.04695249,0.02585617,1.198293,-0.9936886,0.09663698,0.05696157,0.06328095,0.9021924,-0.4266667,-0.09262208,-0.4203692,-0.9026135,moving,12.11248,26.04904,-2.243862,1.236108,12.276123255721908,30.55136417775272,28.66681269443096,32.71412869990045,152.02759319572385
1205,1205,05/15/2023 13:23:43.783780,1434,True,True,True,True,Eyes,1.012981,0.05634909,-1.703149,-0.189322,-0.4311984,-0.8821707,0.0,0.0,0.0,0.0,0.0,0.0,0.0,0.8546999,-0.8312574,-1.44718,0.7778226,0.06854025,-1.704736,0.04061759,0.9751424,-0.2149324,-0.03537967,24.60154,185.4566,5.960998,0.5408181,0.02680964,-0.8407119,0.0,0.0,0.0,0.8079966,-0.4581948,-2.639536,-0.04791969,0.027991,1.191175,-0.9941972,0.09442433,0.05154036,0.06400739,0.9043086,-0.4220534,-0.08646049,-0.4163052,-0.9051051,moving,12.11248,26.04904,-2.303705,1.346125,12.276123255721908,30.55136417775272,28.601755181307492,32.64226382155639,152.09545121945962
1206,1206,05/15/2023 13:23:43.804658,1435,True,True,True,True,Eyes,1.012981,0.05634909,-1.703149,-0.189322,-0.4311984,-0.8821707,0.0,0.0,0.0,0.0,0.0,0.0,0.0,0.8344278,-0.8306967,-1.455655,0.7679569,0.06816225,-1.706122,0.04143261,0.975369,-0.2142344,-0.03228426,24.53443,185.0913,5.972527,0.5378638,0.02697262,-0.8425999,0.0,0.0,0.0,0.8086317,-0.4556801,-2.639186,-0.04909062,0.02644089,1.183833,-0.9944823,0.09465696,0.04522556,0.06699136,0.9047739,-0.4205905,-0.08073072,-0.41524,-0.9061227,moving,12.11248,26.04904,-2.374554,1.279488,12.276123255721908,30.55136417775272,28.69503198112628,32.73354669168947,152.0029705105804
1207,1207,05/15/2023 13:23:43.814097,1436,True,True,True,True,Eyes,1.002221,0.05672382,-1.703751,-0.1792869,-0.4313275,-0.8842018,0.0,0.0,0.0,0.0,0.0,0.0,0.0,0.8078914,-0.8329424,-1.466441,0.7585771,0.06804197,-1.707882,0.04397717,0.9755876,-0.2133804,-0.02763834,24.45078,184.5803,6.154953,0.535199,0.02711902,-0.8442903,0.0,0.0,0.0,0.809234,-0.4532955,-2.638854,-0.05181661,0.03556809,1.177489,-0.9946043,0.09760211,0.03515951,0.07401219,0.9050696,-0.4187733,-0.07269496,-0.4139116,-0.90741,moving,11.46229,26.00385,-2.519733,1.730191,11.645198760527611,30.487374357926385,28.012630872890355,32.05652642539116,152.63257958812605
1208,1208,05/15/2023 13:23:43.834108,1437,True,True,True,True,Eyes,0.9915135,0.05712302,-1.704431,-0.1691375,-0.4314516,-0.8861388,0.0,0.0,0.0,0.0,0.0,0.0,0.0,0.7771539,-0.8380185,-1.477932,0.7490501,0.06882857,-1.710179,0.04674327,0.9756825,-0.2130244,-0.02189678,24.43378,183.9454,6.340255,0.532387,0.02727698,-0.8460612,0.0,0.0,0.0,0.8097628,-0.4512015,-2.638562,-0.05347675,0.03428712,1.170976,-0.9946712,0.1005423,0.0228137,0.08188407,0.9048713,-0.4177353,-0.06264352,-0.4136412,-0.9082823,moving,10.80608,25.96096,-2.614797,1.677187,11.00850677043772,30.42541494401984,27.745658589492123,31.812812128809767,152.84053469147958
1209,1209,05/15/2023 13:23:43.853617,1438,True,True,True,True,Eyes,0.9915135,0.05712302,-1.704431,-0.1691375,-0.4314516,-0.8861388,0.0,0.0,0.0,0.0,0.0,0.0,0.0,0.7431106,-0.8415529,-1.491483,0.7394741,0.06980789,-1.712673,0.04870783,0.975832,-0.212499,-0.01496146,24.41036,183.1413,6.394636,0.5294392,0.02744652,-0.8479035,0.0,0.0,0.0,0.810358,-0.4488447,-2.638234,-0.05413467,0.01893193,1.164975,-0.9948076,0.1014199,0.00849901,0.08870271,0.9049435,-0.4161841,-0.04990046,-0.4132691,-0.9092409,moving,10.80608,25.96096,-2.660536,0.9310275,11.00850677043772,30.42541494401984,28.42265412388527,32.50787013875272,152.1556834180966
1210,1210,05/15/2023 13:23:43.863278,1439,True,True,True,True,Eyes,0.9915135,0.05712302,-1.704431,-0.1691375,-0.4314516,-0.8861388,0.0,0.0,0.0,0.0,0.0,0.0,0.0,0.7113162,-0.8434242,-1.504444,0.7301347,0.0706321,-1.715402,0.04875975,0.9759309,-0.2124036,-0.008138146,24.44307,182.304,6.219609,0.5267805,0.02759882,-0.8495529,0.0,0.0,0.0,0.8109605,-0.4464593,-2.637902,-0.05308062,0.01833481,1.159333,-0.9951125,0.09862942,-0.00482895,0.09171513,0.9050144,-0.415376,-0.03659802,-0.4137887,-0.909637,moving,10.80608,25.96096,-2.621484,0.906055,11.00850677043772,30.42541494401984,28.426180530157776,32.51413938437892,152.1509576854688
1211,1211,05/15/2023 13:23:43.883539,1440,True,True,True,True,Eyes,0.9801731,0.05757198,-1.705416,-0.1574509,-0.4317648,-0.8881375,0.0,0.0,0.0,0.0,0.0,0.0,0.0,0.679858,-0.8451461,-1.51657,0.7208412,0.07108238,-1.71808,0.04791034,0.9759209,-0.2127948,-0.001205794,24.53357,181.4326,5.932567,0.5243835,0.02773565,-0.8510301,0.0,0.0,0.0,0.8115631,-0.4440733,-2.63757,-0.05238807,0.02300197,1.153803,-0.9954063,0.09402657,-0.01803662,0.09300023,0.9048459,-0.4154573,-0.02274366,-0.4152263,-0.9094338,moving,10.05306,25.92654,-2.599712,1.142085,10.278287770573405,30.36859222723806,27.82735792221405,31.937933602452855,152.68590474667448
1212,1212,05/15/2023 13:23:43.904872,1441,True,True,True,True,Eyes,0.9689552,0.05798947,-1.706462,-0.1457746,-0.4321273,-0.8899527,0.0,0.0,0.0,0.0,0.0,0.0,0.0,0.652347,-0.8468439,-1.526644,0.7120128,0.07154515,-1.720832,0.04669475,0.9758469,-0.2133547,0.004723923,24.63551,180.6748,5.626438,0.5217758,0.02788888,-0.8526264,0.0,0.0,0.0,0.8121305,-0.441827,-2.637258,-0.05331504,0.02916577,1.148633,-0.9955946,0.08911811,-0.02914475,0.09314959,0.9045987,-0.4159619,-0.01070544,-0.4168443,-0.9089149,moving,9.302462,25.89945,-2.657537,1.454525,9.550614298986863,30.31891786722013,27.213892304035195,31.339944698933067,153.24122646221466
1213,1213,05/15/2023 13:23:43.913740,1442,True,True,True,True,Eyes,0.9579141,0.05843727,-1.707567,-0.1339328,-0.4326412,-0.8915625,0.0,0.0,0.0,0.0,0.0,0.0,0.0,0.6251361,-0.8499272,-1.535158,0.7036335,0.07123668,-1.723283,0.0464944,0.9756294,-0.2141923,0.0103594,24.76565,179.9813,5.452719,0.5189782,0.02805516,-0.8543267,0.0,0.0,0.0,0.8127658,-0.4393114,-2.636907,-0.05392846,0.02785614,1.143279,-0.9954619,0.0862848,-0.04013135,0.09516042,0.9039199,-0.4169813,0.0002963804,-0.4189079,-0.9080288,moving,8.543238,25.88553,-2.700641,1.395743,8.814945906151166,30.281680205917265,26.947624798338165,31.09672185387578,153.4476630795118
1214,1214,05/15/2023 13:23:43.933256,1443,True,True,True,True,Eyes,0.947008,0.05892588,-1.708759,-0.122049,-0.4331675,-0.8930117,0.0,0.0,0.0,0.0,0.0,0.0,0.0,0.5981764,-0.8619173,-1.538499,0.695678,0.07250245,-1.725824,0.04695479,0.9748831,-0.2171459,0.01567774,25.14156,179.3559,5.371366,0.5160118,0.02823455,-0.8561158,0.0,0.0,0.0,0.8133116,-0.43715,-2.636606,-0.0544197,0.02193579,1.138215,-0.9950989,0.08474216,-0.05096,0.09835958,0.9012857,-0.4219116,0.01017583,-0.4248561,-0.9052038,moving,7.78247,25.87634,-2.737309,1.104073,8.077911173020114,30.248957908993383,26.913397454207264,31.086867062304165,153.42338865148443
1215,1215,05/15/2023 13:23:43.953626,1444,True,True,True,True,Eyes,0.9362296,0.05938505,-1.710027,-0.1099873,-0.4334289,-0.8944508,0.0,0.0,0.0,0.0,0.0,0.0,0.0,0.5661025,-0.8664706,-1.548249,0.687895,0.07397977,-1.729059,0.04812799,0.9746667,-0.2172704,0.02241023,25.19431,178.558,5.331544,0.5128928,0.02842767,-0.8579816,0.0,0.0,0.0,0.8139483,-0.434629,-2.636256,-0.0551722,0.02490076,1.133407,-0.9943631,0.08407933,-0.06459858,0.1035556,0.9009546,-0.4213752,0.02277144,-0.4256895,-0.9045829,moving,7.01026,25.85369,-2.786854,1.258576,7.329428114165495,30.20288983621296,26.474574130701175,30.661253517470115,153.81064094460365
1216,1216,05/15/2023 13:23:43.973670,1445,True,True,True,True,Eyes,0.9255689,0.05981109,-1.711343,-0.09797839,-0.4337779,-0.8956768,0.0,0.0,0.0,0.0,0.0,0.0,0.0,0.5399222,-0.8626058,-1.559665,0.6799974,0.07369402,-1.732147,0.04856912,0.9748724,-0.2156375,0.02766876,25.03208,177.9127,5.240954,0.5096368,0.02863147,-0.8599128,0.0,0.0,0.0,0.8145187,-0.4323708,-2.635941,-0.05725616,0.02749151,1.128545,-0.9937512,0.08276454,-0.07489366,0.1066302,0.9022831,-0.4177503,0.03300038,-0.4231257,-0.9054701,moving,6.242783,25.84099,-2.904382,1.395457,6.585800172859526,30.16657051424108,26.10085652217785,30.29588306228103,154.13820710733208
1217,1217,05/15/2023 13:23:43.983818,1446,True,True,True,True,Eyes,0.9150524,0.06024465,-1.712752,-0.08599565,-0.4339124,-0.8968415,0.0,0.0,0.0,0.0,0.0,0.0,0.0,0.5086943,-0.8689151,-1.565899,0.6720632,0.07333928,-1.734582,0.05115771,0.9743474,-0.2165631,0.03362376,25.1795,177.2534,5.397542,0.5062575,0.02884306,-0.8618995,0.0,0.0,0.0,0.8151218,-0.4299826,-2.635609,-0.05922571,0.02402464,1.123897,-0.9925048,0.08512744,-0.08768018,0.1142541,0.9009666,-0.4185751,0.0433647,-0.4254556,-0.9039399,moving,5.477188,25.81876,-3.01651,1.224578,5.843735023490654,30.121115107136472,26.01954446112245,30.22439079055864,154.17528719957664
1218,1218,05/15/2023 13:23:44.004930,1447,True,True,True,True,Eyes,0.9046659,0.0606752,-1.714247,-0.07402876,-0.4339519,-0.8978895,0.0,0.0,0.0,0.0,0.0,0.0,0.0,0.4783719,-0.8710109,-1.575091,0.6644852,0.07392742,-1.738219,0.05411727,0.9741694,-0.2156895,0.03928649,25.11828,176.6317,5.608685,0.502768,0.02906185,-0.8639324,0.0,0.0,0.0,0.8156869,-0.4277452,-2.635298,-0.06120792,0.02602896,1.119418,-0.9910558,0.0884914,-0.09988844,0.1223861,0.9010987,-0.415984,0.05319834,-0.4244883,-0.9038692,moving,4.713235,25.79458,-3.129721,1.332014,5.103206933521458,30.073829714410767,25.689085116490467,29.897710161811847,154.46746107420242
1219,1219,05/15/2023 13:23:44.013590,1448,True,True,True,True,Eyes,0.8944207,0.06106593,-1.715816,-0.06205685,-0.4338471,-0.8988468,0.0,0.0,0.0,0.0,0.0,0.0,0.0,0.4474421,-0.870001,-1.585728,0.6570287,0.07480222,-1.741941,0.05602937,0.9741253,-0.2141861,0.0454453,24.98498,175.9171,5.678812,0.4991792,0.02928675,-0.8660035,0.0,0.0,0.0,0.8163078,-0.4252864,-2.634955,-0.06164229,0.01911545,1.114492,-0.9895911,0.08969174,-0.1125402,0.1286267,0.9019701,-0.4121956,0.06453741,-0.4223806,-0.9041183,moving,3.949463,25.76525,-3.165791,0.9826245,4.3627137005021535,30.02158097754427,25.783819851949136,29.9989895884877,154.33552182522308
1220,1220,05/15/2023 13:23:44.033284,1449,True,True,True,True,Eyes,0.8842944,0.06145944,-1.717476,-0.05012124,-0.4337462,-0.89964,0.0,0.0,0.0,0.0,0.0,0.0,0.0,0.4189838,-0.8704429,-1.593888,0.6496674,0.07422911,-1.745314,0.05670271,0.9738273,-0.2140569,0.051234,25.00638,175.2205,5.604303,0.4955022,0.02951489,-0.8681048,0.0,0.0,0.0,0.8168979,-0.4229502,-2.63463,-0.06502306,0.01607171,1.10959,-0.9883198,0.08850329,-0.1240613,0.1323713,0.9019288,-0.4110987,0.07551091,-0.4227192,-0.9031094,moving,3.188797,25.74025,-3.353755,0.8298354,3.625346624182536,29.97360747089775,25.75526630063446,29.96777118841351,154.3353851101995
1221,1221,05/15/2023 13:23:44.053599,1450,True,True,True,True,Eyes,0.8743023,0.06182796,-1.719236,-0.03823961,-0.433479,-0.900352,0.0,0.0,0.0,0.0,0.0,0.0,0.0,0.3898535,-0.8710871,-1.601937,0.6423835,0.07415184,-1.748949,0.05795913,0.9735157,-0.2136753,0.05701681,25.00148,174.5394,5.602731,0.491746,0.02974586,-0.8702301,0.0,0.0,0.0,0.817462,-0.4207169,-2.634319,-0.06609032,0.01905441,1.105277,-0.9867799,0.08848207,-0.1357824,0.1372144,0.9019673,-0.4094232,0.08624467,-0.4226418,-0.9021841,moving,2.431996,25.70872,-3.421942,0.9876524,2.891544631887658,29.919454634248176,25.404719510193647,29.612654287866054,154.660812001714
1222,1222,05/15/2023 13:23:44.063708,1451,True,True,True,True,Eyes,0.8644229,0.06216738,-1.721086,-0.02637678,-0.433175,-0.9009237,0.0,0.0,0.0,0.0,0.0,0.0,0.0,0.3589813,-0.8688015,-1.612011,0.6351739,0.07388905,-1.753099,0.05999989,0.9733411,-0.2121986,0.06307918,24.8758,173.8412,5.695242,0.4879192,0.02997783,-0.8723736,0.0,0.0,0.0,0.8180621,-0.4183406,-2.633988,-0.06695116,0.01279184,1.099748,-0.9848422,0.09003008,-0.1482589,0.1435713,0.9027435,-0.4055138,0.09733132,-0.4206527,-0.9019856,moving,1.676997,25.67881,-3.483788,0.6664119,2.1595320062358065,29.86692137283369,25.539259200867757,29.74082739544802,154.5052146313775
1223,1223,05/15/2023 13:23:44.084650,1452,True,True,True,True,Eyes,0.8546476,0.06247086,-1.72303,-0.01459429,-0.4327619,-0.9013901,0.0,0.0,0.0,0.0,0.0,0.0,0.0,0.3284771,-0.8671009,-1.620893,0.6278967,0.0735188,-1.757099,0.06152339,0.9730576,-0.2111792,0.06911868,24.802,173.1336,5.724101,0.4840288,0.03020896,-0.8745303,0.0,0.0,0.0,0.8186592,-0.4159761,-2.633659,-0.06619495,0.007772446,1.095022,-0.9828752,0.09053875,-0.1604978,0.1489244,0.9032364,-0.4024741,0.108528,-0.4194838,-0.9012521,moving,0.9275873,25.6459,-3.459367,0.4066777,1.432850665164653,29.81166879938677,25.61764451192002,29.809181391617656,154.4103432816265
1224,1224,05/15/2023 13:23:44.123461,1453,True,True,True,True,Eyes,0.8449897,0.06275569,-1.725067,-0.002922994,-0.4322015,-0.9017723,0.0,0.0,0.0,0.0,0.0,0.0,0.0,0.2978839,-0.8667811,-1.628685,0.6206021,0.07293312,-1.761304,0.06303296,0.9726233,-0.2106851,0.07511836,24.79067,172.4321,5.750425,0.480081,0.03043721,-0.8766956,0.0,0.0,0.0,0.8192378,-0.4136852,-2.63334,-0.06591934,0.01176864,1.090058,-0.9807684,0.090962,-0.1726839,0.1542673,0.9032773,-0.4003646,0.1195635,-0.4193043,-0.8999382,moving,0.1857172,25.60747,-3.460648,0.618561,0.7133207051507034,29.7513266264147,25.253545338863848,29.430257351834136,154.76363751235883
1225,1225,05/15/2023 13:23:44.133775,1454,True,True,True,True,Eyes,0.8354458,0.06301244,-1.72722,0.008716333,-0.4315886,-0.9020284,0.0,0.0,0.0,0.0,0.0,0.0,0.0,0.2704079,-0.8647724,-1.63647,0.6137202,0.07274461,-1.765514,0.06273886,0.9723185,-0.2100639,0.08083227,24.74879,171.717,5.563506,0.4760821,0.03066166,-0.8788658,0.0,0.0,0.0,0.819859,-0.4112256,-2.632998,-0.06684518,0.01509482,1.085027,-0.9790599,0.08804441,-0.1835478,0.1559642,0.903874,-0.3983554,0.1308311,-0.4186406,-0.8986787,moving,-0.5536339,25.56946,-3.525361,0.7970431,-0.0037582154214098,29.691468681665334,24.95002607261724,29.108237938197973,155.06177683218763
1226,1226,05/15/2023 13:23:44.153390,1455,True,True,True,True,Eyes,0.8260445,0.06322201,-1.729472,0.02010954,-0.4307543,-0.9022452,0.0,0.0,0.0,0.0,0.0,0.0,0.0,0.2420471,-0.8616591,-1.64527,0.6068113,0.07231396,-1.770454,0.06348763,0.9720476,-0.2088544,0.08644507,24.64591,171.0412,5.512837,0.4720375,0.0308809,-0.8810371,0.0,0.0,0.0,0.820448,-0.4088934,-2.632673,-0.06853274,0.01859644,1.08047,-0.9769933,0.08731713,-0.1945768,0.1595349,0.9046984,-0.3950564,0.1415381,-0.4170092,-0.8978143,moving,-1.276816,25.52097,-3.629333,0.9860457,-0.7054636599652039,29.62200603109749,24.64745111856436,28.78484385925664,155.36389189299365
1227,1227,05/15/2023 13:23:44.164164,1456,True,True,True,True,Eyes,0.8167527,0.06338054,-1.731833,0.03144092,-0.4298874,-0.9023349,0.0,0.0,0.0,0.0,0.0,0.0,0.0,0.2144717,-0.8559122,-1.654624,0.5999758,0.07140161,-1.775188,0.06451102,0.9718896,-0.2069842,0.09179679,24.4674,170.4042,5.509844,0.4679534,0.03109269,-0.8832056,0.0,0.0,0.0,0.8210136,-0.4066542,-2.632362,-0.06897771,0.02133968,1.07642,-0.9748237,0.0873942,-0.2051382,0.1633961,0.9059917,-0.3904878,0.1517271,-0.4141755,-0.897462,moving,-1.995605,25.47391,-3.666537,1.135722,-1.4028755057090294,29.55406088131173,24.39547927120859,28.50835225217006,155.61964975324375
1228,1228,05/15/2023 13:23:44.183877,1457,True,True,True,True,Eyes,0.8076079,0.06349204,-1.734299,0.04253227,-0.4289327,-0.9023346,0.0,0.0,0.0,0.0,0.0,0.0,0.0,0.1869761,-0.8524677,-1.662594,0.593219,0.07032092,-1.780176,0.06577665,0.9715464,-0.2058148,0.09701078,24.37327,169.7921,5.536275,0.4638344,0.0312948,-0.8853686,0.0,0.0,0.0,0.8216124,-0.4042831,-2.632032,-0.06988731,0.02053311,1.071671,-0.9725246,0.0878776,-0.2155766,0.1677427,0.9066274,-0.3871553,0.1614254,-0.4126795,-0.8964583,moving,-2.698686,25.42449,-3.731171,1.097648,-2.085138915325924,29.48433121879343,24.348742615753057,28.434366632438024,155.67507007626787
1229,1229,05/15/2023 13:23:44.206258,1458,True,True,True,True,Eyes,0.7985692,0.06354725,-1.736879,0.05358773,-0.4279069,-0.9022328,0.0,0.0,0.0,0.0,0.0,0.0,0.0,0.1593769,-0.8480639,-1.670796,0.5866459,0.06935956,-1.785275,0.0670246,0.971227,-0.2043642,0.1022795,24.24747,169.1726,5.56297,0.4596861,0.03148542,-0.8875227,0.0,0.0,0.0,0.8222041,-0.4019403,-2.631706,-0.07188153,0.02181667,1.067435,-0.9700934,0.08838768,-0.2260681,0.1719968,0.907486,-0.3832575,0.1712784,-0.4106785,-0.8955486,moving,-3.399065,25.37384,-3.852505,1.170871,-2.7648190490711992,29.41349950676494,24.20721620196261,28.26356533947866,155.8294660898447
1230,1230,05/15/2023 13:23:44.213425,1459,True,True,True,True,Eyes,0.7896088,0.06354261,-1.739568,0.06456928,-0.4268239,-0.9020267,0.0,0.0,0.0,0.0,0.0,0.0,0.0,0.1313787,-0.8419542,-1.679644,0.5800575,0.06803928,-1.790602,0.06824173,0.970944,-0.2025442,0.1076414,24.07986,168.5407,5.588806,0.4555121,0.03166241,-0.889666,0.0,0.0,0.0,0.8227925,-0.3996105,-2.631381,-0.07470837,0.02353457,1.062955,-0.9675127,0.08891349,-0.2366716,0.1761221,0.9086378,-0.378627,0.1813837,-0.4080095,-0.8947782,moving,-4.094388,25.32273,-4.020347,1.268361,-3.4396151214816064,29.34238249994638,24.054482951371913,28.080027291549754,155.9989700256787
1231,1231,05/15/2023 13:23:44.233678,1460,True,True,True,True,Eyes,0.7807484,0.06348088,-1.742372,0.07548349,-0.4257576,-0.9016833,0.0,0.0,0.0,0.0,0.0,0.0,0.0,0.1031918,-0.838812,-1.686363,0.5734555,0.06656794,-1.79577,0.0697003,0.9704213,-0.2016694,0.1129333,24.02602,167.9247,5.63773,0.4513146,0.03182371,-0.8917969,0.0,0.0,0.0,0.8234382,-0.3970538,-2.631025,-0.07769135,0.02393457,1.058653,-0.9647759,0.08972697,-0.2472985,0.1808277,0.9089427,-0.3756655,0.1910729,-0.4071514,-0.8931512,moving,-4.7853,25.27578,-4.197241,1.295152,-4.110025814230416,29.275417618078187,23.98783718182748,27.980401543702637,156.08631835216943
1232,1232,05/15/2023 13:23:44.253514,1461,True,True,True,True,Eyes,0.7720031,0.06337005,-1.745288,0.08613555,-0.4246705,-0.9012411,0.0,0.0,0.0,0.0,0.0,0.0,0.0,0.07549357,-0.8362389,-1.692799,0.5669075,0.06512985,-1.801371,0.07123279,0.9698563,-0.2009361,0.1180234,23.9897,167.3354,5.700028,0.4470961,0.03196757,-0.8939141,0.0,0.0,0.0,0.8240021,-0.3948211,-2.630714,-0.079501,0.02444071,1.054932,-0.9619927,0.09074081,-0.2575578,0.1856014,0.9091012,-0.3729439,0.2003049,-0.4065724,-0.8913904,moving,-5.459425,25.23011,-4.309737,1.327194,-4.764143827031172,29.2102141413068,23.930549007500854,27.886722607093386,156.1677811797312
1233,1233,05/15/2023 13:23:44.273257,1462,True,True,True,True,Eyes,0.7633534,0.06321846,-1.748327,0.09673845,-0.4235892,-0.900674,0.0,0.0,0.0,0.0,0.0,0.0,0.0,0.04798001,-0.8344504,-1.698523,0.5605385,0.06385683,-1.807016,0.07314945,0.9692187,-0.2003574,0.1229685,23.97704,166.7737,5.811619,0.4428605,0.03209282,-0.8960156,0.0,0.0,0.0,0.8245865,-0.3925073,-2.630393,-0.08154345,0.0251691,1.051178,-0.959056,0.09252033,-0.2676787,0.1910709,0.9090121,-0.3703902,0.2090546,-0.4063705,-0.8894715,moving,-6.13045,25.18772,-4.435744,1.371611,-5.4151701267365215,29.1482726055063,23.876328786610326,27.793923895062782,156.249690666374
1234,1234,05/15/2023 13:23:44.283917,1463,True,True,True,True,Eyes,0.754822,0.06302667,-1.751483,0.1071826,-0.4224448,-0.9000291,0.0,0.0,0.0,0.0,0.0,0.0,0.0,0.01873577,-0.8309294,-1.705065,0.554096,0.0627165,-1.813032,0.07532915,0.9685966,-0.1992377,0.1282599,23.90901,166.1753,5.953354,0.4386098,0.03219883,-0.8981002,0.0,0.0,0.0,0.8251733,-0.3901837,-2.630069,-0.08497462,0.02498579,1.047384,-0.9557499,0.09481869,-0.278481,0.1970355,0.9092597,-0.3666385,0.2184474,-0.4052853,-0.8877077,moving,-6.791253,25.14386,-4.638268,1.366556,-6.056336769729746,29.08523325736459,23.874579156890725,27.754927273073942,156.28176958586272
1235,1235,05/15/2023 13:23:44.306721,1464,True,True,True,True,Eyes,0.7463806,0.06281187,-1.754767,0.1175566,-0.421331,-0.8992556,0.0,0.0,0.0,0.0,0.0,0.0,0.0,-0.009536445,-0.8261915,-1.711823,0.5476791,0.06158774,-1.819141,0.0771961,0.9680442,-0.1978575,0.1333563,23.8071,165.5927,6.066326,0.4343475,0.03228508,-0.9001663,0.0,0.0,0.0,0.8257549,-0.3878809,-2.629749,-0.08840635,0.02498311,1.044068,-0.9525141,0.09668733,-0.2887372,0.2022295,0.9097863,-0.3624804,0.2276419,-0.4036588,-0.8861373,moving,-7.447847,25.10465,-4.839968,1.370747,-6.693300302881571,29.02681248061682,23.876749872879472,27.718095145465345,156.3129370058336
1236,1236,05/15/2023 13:23:44.313374,1465,True,True,True,True,Eyes,0.7380404,0.06257788,-1.758186,0.1278668,-0.420055,-0.8984452,0.0,0.0,0.0,0.0,0.0,0.0,0.0,-0.03880703,-0.8235086,-1.717452,0.5413151,0.06081571,-1.825539,0.07994602,0.9673054,-0.1968911,0.1384303,23.76846,165.0349,6.282754,0.4300748,0.03235199,-0.9022131,0.0,0.0,0.0,0.8263888,-0.3853708,-2.629399,-0.09137125,0.02361906,1.040587,-0.9488915,0.100153,-0.29929,0.2091758,0.909685,-0.3587738,0.2363274,-0.4030416,-0.884142,moving,-8.099948,25.05776,-5.018124,1.300266,-7.326121909942839,28.961122479008303,23.95654733735669,27.75697814072339,156.26971450208913
1237,1237,05/15/2023 13:23:44.333591,1466,True,True,True,True,Eyes,0.7297767,0.06233229,-1.761746,0.1381487,-0.4187099,-0.8975505,0.0,0.0,0.0,0.0,0.0,0.0,0.0,-0.06985486,-0.8161919,-1.725103,0.5349677,0.06012402,-1.832273,0.08298512,0.9667101,-0.19461,0.143917,23.58749,164.4324,6.543079,0.4257938,0.03240012,-0.9042397,0.0,0.0,0.0,0.8269715,-0.3830639,-2.629078,-0.09412628,0.02064547,1.037353,-0.9448029,0.1044297,-0.3105515,0.2164605,0.9104809,-0.352377,0.2459526,-0.4001489,-0.8828298,moving,-8.750157,25.00919,-5.184649,1.140154,-7.957156976361897,28.89387084269228,24.133870946604485,27.891855425255084,156.1322320829395
1238,1238,05/15/2023 13:23:44.353624,1467,True,True,True,True,Eyes,0.7215852,0.06207236,-1.765446,0.1484369,-0.4172567,-0.8965842,0.0,0.0,0.0,0.0,0.0,0.0,0.0,-0.09990364,-0.8079866,-1.732881,0.5284491,0.05957219,-1.839263,0.08531416,0.9661842,-0.1921941,0.1492352,23.38163,163.8323,6.725402,0.4215055,0.0324304,-0.9062455,0.0,0.0,0.0,0.8275409,-0.3808094,-2.628764,-0.09783202,0.01809075,1.034218,-0.9409009,0.1074941,-0.3211711,0.2222226,0.9115658,-0.3459261,0.2555836,-0.3968536,-0.8815808,moving,-9.400517,24.95656,-5.403825,1.002128,-8.58844899571155,28.82269714721405,24.28555865911855,28.002248082412603,156.02266960604146
1239,1239,05/15/2023 13:23:44.363941,1468,True,True,True,True,Eyes,0.7134669,0.06181328,-1.769284,0.1586092,-0.4158431,-0.8954986,0.0,0.0,0.0,0.0,0.0,0.0,0.0,-0.127309,-0.801387,-1.739631,0.5219388,0.05894674,-1.846306,0.08724917,0.9656485,-0.1903283,0.1539018,23.23081,163.3029,6.870091,0.4172103,0.0324435,-0.9082305,0.0,0.0,0.0,0.8281384,-0.3784435,-2.628435,-0.1021822,0.01617524,1.031171,-0.9374039,0.1099204,-0.330442,0.2270878,0.9123254,-0.3407249,0.264018,-0.3944361,-0.880179,moving,-10.04396,24.90876,-5.659158,0.8986844,-9.212910368797791,28.75640061182009,24.40717556164415,28.083473938190764,155.94498726112084
1240,1240,05/15/2023 13:23:44.383511,1469,True,True,True,True,Eyes,0.7054676,0.06154355,-1.773234,0.1686195,-0.4143311,-0.8943697,0.0,0.0,0.0,0.0,0.0,0.0,0.0,-0.1544859,-0.7984234,-1.744493,0.5155114,0.05870508,-1.853483,0.08977698,0.964896,-0.1893674,0.1582911,23.19499,162.8221,7.080513,0.4129089,0.03244088,-0.9101941,0.0,0.0,0.0,0.8287319,-0.3760935,-2.628108,-0.1070385,0.01152989,1.027695,-0.9337684,0.1133005,-0.3394704,0.2332012,0.9121602,-0.3370179,0.2714671,-0.3938615,-0.8781681,moving,-10.6769,24.85669,-5.946138,0.6427843,-9.82731629796617,28.686313472390296,24.671711297539467,28.31082961382992,155.72633694922163
1241,1241,05/15/2023 13:23:44.407275,1470,True,True,True,True,Eyes,0.6975294,0.06129677,-1.777312,0.1785141,-0.4129586,-0.8930834,0.0,0.0,0.0,0.0,0.0,0.0,0.0,-0.1827104,-0.7933257,-1.749685,0.5092113,0.0582542,-1.860498,0.09202366,0.9641556,-0.1879898,0.1630817,23.11124,162.2843,7.25402,0.4086049,0.03242321,-0.912135,0.0,0.0,0.0,0.8293244,-0.3737476,-2.627781,-0.1102363,0.007724017,1.024928,-0.9298723,0.1161348,-0.3490713,0.2387656,0.912383,-0.332488,0.2798733,-0.3925175,-0.8761286,moving,-11.3036,24.81565,-6.13886,0.4317817,-10.435378168230926,28.62706438532101,24.92483846566202,28.520764963007238,155.52205905254502
1242,1242,05/15/2023 13:23:44.413414,1471,True,True,True,True,Eyes,0.6896576,0.06111234,-1.781543,0.1881552,-0.4116465,-0.891709,0.0,0.0,0.0,0.0,0.0,0.0,0.0,-0.2102467,-0.7952575,-1.751484,0.5026785,0.05858077,-1.867677,0.09425493,0.9631009,-0.1884224,0.167481,23.2355,161.7947,7.405693,0.4042985,0.03239293,-0.9140531,0.0,0.0,0.0,0.8298909,-0.3715045,-2.627469,-0.1128527,0.007995427,1.022122,-0.9261326,0.1184397,-0.3581216,0.2446683,0.911226,-0.3313677,0.2870827,-0.3945113,-0.8728945,moving,-11.91493,24.77983,-6.300517,0.4481801,-11.028412245371092,28.573333812064394,24.97099958333144,28.519769718187632,155.52537534832757
1243,1243,05/15/2023 13:23:44.433735,1472,True,True,True,True,Eyes,0.6818562,0.0609717,-1.785922,0.1977441,-0.4101636,-0.8903163,0.0,0.0,0.0,0.0,0.0,0.0,0.0,-0.238337,-0.7926221,-1.755805,0.4964361,0.05988196,-1.875599,0.0974873,0.9622476,-0.1872323,0.1718138,23.19283,161.3364,7.707397,0.3999895,0.03235419,-0.9159482,0.0,0.0,0.0,0.8305103,-0.3690518,-2.627128,-0.1150829,0.01007301,1.019583,-0.9219524,0.1232756,-0.3671603,0.251952,0.9108806,-0.3268282,0.2941492,-0.3938269,-0.870848,moving,-12.52243,24.73525,-6.439861,0.5660372,-11.617975945608425,28.511271177534347,24.922850820310362,28.420924975255,155.62451215548012
1244,1244,05/15/2023 13:23:44.453820,1473,True,True,True,True,Eyes,0.6741301,0.06086113,-1.790422,0.2071029,-0.4086702,-0.8888739,0.0,0.0,0.0,0.0,0.0,0.0,0.0,-0.2645872,-0.7799487,-1.764496,0.490249,0.0607429,-1.883545,0.09916954,0.9619975,-0.1835219,0.1761985,22.83274,160.8324,7.865766,0.3956789,0.03230981,-0.9178202,0.0,0.0,0.0,0.8310646,-0.3668572,-2.626822,-0.1188794,0.01379439,1.017182,-0.9182388,0.1261291,-0.3754046,0.2554743,0.9129702,-0.3181481,0.3026055,-0.3880423,-0.8705474,moving,-13.11562,24.69116,-6.66599,0.776962,-12.193667419065068,28.4501300393306,24.76866151248597,28.21984137060785,155.82902298708788
1245,1245,05/15/2023 13:23:44.473806,1474,True,True,True,True,Eyes,0.6664697,0.06079074,-1.795049,0.2163443,-0.4072026,-0.887345,0.0,0.0,0.0,0.0,0.0,0.0,0.0,-0.288131,-0.7770766,-1.768413,0.4839686,0.06137182,-1.891073,0.1004823,0.9613603,-0.1826409,0.1798112,22.7868,160.4164,7.950214,0.3913679,0.03226164,-0.9196683,0.0,0.0,0.0,0.8316559,-0.3645158,-2.626496,-0.1211615,0.01577759,1.015084,-0.9151427,0.1275176,-0.3824311,0.2588812,0.9130912,-0.3150318,0.3090224,-0.3873031,-0.8686206,moving,-13.70201,24.65039,-6.806684,0.8904846,-12.762682734366797,28.39240545658597,24.740222821616324,28.13946644351483,155.91031716420036
1246,1246,05/15/2023 13:23:44.483722,1475,True,True,True,True,Eyes,0.6588502,0.0607487,-1.799791,0.2256365,-0.4057097,-0.8857131,0.0,0.0,0.0,0.0,0.0,0.0,0.0,-0.3131556,-0.7735333,-1.772315,0.4778283,0.06226297,-1.898769,0.1025183,0.9606329,-0.1815235,0.1836408,22.73117,159.9901,8.121178,0.3870572,0.03221186,-0.9214926,0.0,0.0,0.0,0.8322683,-0.3620911,-2.626159,-0.1220441,0.0139766,1.013185,-0.9115322,0.1302947,-0.3900417,0.2636352,0.9130784,-0.3111017,0.3156038,-0.3864079,-0.8666508,moving,-14.29217,24.61062,-6.868521,0.7903293,-13.335321927850712,28.33552751690342,24.95028684219297,28.29412410817748,155.75693081301466
1247,1247,05/15/2023 13:23:44.508117,1476,True,True,True,True,Eyes,0.651291,0.06072516,-1.804603,0.2348618,-0.4044212,-0.8839024,0.0,0.0,0.0,0.0,0.0,0.0,0.0,-0.3368056,-0.7660902,-1.777416,0.4719386,0.06279078,-1.906009,0.1029379,0.9601813,-0.1795569,0.1876563,22.54745,159.5024,8.109839,0.3827469,0.03216185,-0.923293,0.0,0.0,0.0,0.8328534,-0.3597744,-2.625836,-0.124435,0.01879612,1.01155,-0.9083779,0.1302881,-0.3973345,0.265068,0.9143262,-0.3061806,0.3234017,-0.3834483,-0.8650889,moving,-14.88024,24.58602,-7.012956,1.064519,-13.905523335197763,28.293352011802316,24.802321803203366,28.08766333561499,155.96093710693947
1248,1248,05/15/2023 13:23:44.513899,1477,True,True,True,True,Eyes,0.6437945,0.06072724,-1.809512,0.2440985,-0.4032105,-0.8819509,0.0,0.0,0.0,0.0,0.0,0.0,0.0,-0.3637918,-0.7713556,-1.775213,0.4657572,0.06324591,-1.912533,0.1034679,0.9588879,-0.1812619,0.1922829,22.79343,158.9425,8.026135,0.3784385,0.03211239,-0.925069,0.0,0.0,0.0,0.8334408,-0.3574487,-2.625512,-0.1277998,0.02142844,1.009234,-0.9046437,0.1287212,-0.406265,0.2681354,0.912877,-0.3078294,0.3312458,-0.3874098,-0.8603432,moving,-15.47055,24.56894,-7.216978,1.216342,-14.477689059503556,28.258362001120783,24.7682313480149,27.999799478400085,156.052753930949
1249,1249,05/15/2023 13:23:44.533719,1478,True,True,True,True,Eyes,0.6363559,0.0607698,-1.814507,0.2532908,-0.4020399,-0.8798907,0.0,0.0,0.0,0.0,0.0,0.0,0.0,-0.3906932,-0.7712156,-1.775842,0.4598458,0.06385067,-1.919764,0.1047444,0.957817,-0.1813729,0.1967721,22.87149,158.4157,8.065475,0.3741333,0.03206452,-0.9268202,0.0,0.0,0.0,0.834043,-0.3550641,-2.62518,-0.1298508,0.01130599,1.006839,-0.900619,0.1292738,-0.414939,0.2720303,0.9122649,-0.3062225,0.3389478,-0.3886656,-0.8567694,moving,-16.05932,24.55662,-7.348806,0.6433585,-15.04823353180334,28.22801300493561,25.450287419036705,28.639035397061747,155.4339412084479
1250,1250,05/15/2023 13:23:44.553535,1479,True,True,True,True,Eyes,0.6289927,0.06085766,-1.81958,0.2626243,-0.4009579,-0.8776452,0.0,0.0,0.0,0.0,0.0,0.0,0.0,-0.4189876,-0.7677252,-1.777042,0.4537216,0.06486325,-1.926852,0.1062812,0.9568052,-0.1805695,0.2015512,22.85385,157.8585,8.147264,0.3698323,0.03201997,-0.9285464,0.0,0.0,0.0,0.8346261,-0.3527556,-2.624859,-0.1318011,0.01747051,1.005814,-0.896163,0.1305928,-0.4240728,0.2761688,0.9121979,-0.3026975,0.3473082,-0.3883819,-0.8535436,moving,-16.65915,24.5536,-7.465456,0.9950999,-15.629235723559807,28.206290383786445,25.288869811190377,28.40943834220797,155.65759569960142
1251,1251,05/15/2023 13:23:44.563511,1480,True,True,True,True,Eyes,0.6216746,0.06098113,-1.824729,0.2718668,-0.3999006,-0.8753102,0.0,0.0,0.0,0.0,0.0,0.0,0.0,-0.4469842,-0.7655216,-1.777538,0.4475367,0.06608668,-1.934115,0.1076198,0.9557495,-0.1800883,0.2062263,22.86907,157.309,8.201236,0.3655379,0.03198051,-0.9302467,0.0,0.0,0.0,0.8352597,-0.3502464,-2.62451,-0.1343999,0.02608418,1.003825,-0.8917776,0.1314373,-0.4329636,0.2799931,0.9119723,-0.2998505,0.3554392,-0.3886266,-0.8500781,moving,-17.25452,24.55411,-7.625858,1.488484,-16.205822260077905,28.188113563405874,24.9946841284726,28.044357819841608,156.0137338764173
1252,1252,05/15/2023 13:23:44.583735,1481,True,True,True,True,Eyes,0.614363,0.06114996,-1.829961,0.2811399,-0.398926,-0.8728221,0.0,0.0,0.0,0.0,0.0,0.0,0.0,-0.4713091,-0.7635896,-1.778171,0.4412391,0.06706198,-1.941109,0.1077456,0.9549334,-0.1797061,0.2102352,22.86235,156.8134,8.124281,0.3612505,0.03194729,-0.9319211,0.0,0.0,0.0,0.8358533,-0.3478963,-2.624183,-0.1398993,0.02049896,1.001191,-0.8883841,0.1302187,-0.4402463,0.2813409,0.9121932,-0.2979109,0.3627961,-0.3885185,-0.8470137,moving,-17.85398,24.56291,-7.954601,1.172943,-16.786143793341648,28.177807168177477,25.39858777268394,28.41230080180661,155.67619922966355
1253,1253,05/15/2023 13:23:44.603420,1482,True,True,True,True,Eyes,0.6071042,0.06135243,-1.835242,0.2903197,-0.3980034,-0.8702343,0.0,0.0,0.0,0.0,0.0,0.0,0.0,-0.4937951,-0.7647034,-1.777525,0.4350986,0.06820776,-1.94788,0.1075368,0.9540858,-0.1800686,0.2138494,22.92931,156.3581,8.000444,0.3569691,0.03192183,-0.9335703,0.0,0.0,0.0,0.8364478,-0.3455425,-2.623855,-0.1447562,0.01721138,0.9992157,-0.8854087,0.1281836,-0.4467894,0.2822139,0.9120222,-0.2976084,0.3693334,-0.3895952,-0.8436877,moving,-18.44926,24.57708,-8.243084,0.9868158,-17.36227066862159,28.17281313289865,25.7034354429282,28.674692962288862,155.43914510942136
1254,1254,05/15/2023 13:23:44.614447,1483,True,True,True,True,Eyes,0.5999079,0.06160077,-1.840561,0.2995375,-0.3971555,-0.8674933,0.0,0.0,0.0,0.0,0.0,0.0,0.0,-0.517453,-0.7649492,-1.776394,0.4290448,0.06922425,-1.954382,0.1072404,0.9531733,-0.1802916,0.2178418,22.98071,155.853,7.859217,0.3526951,0.03190491,-0.9351939,0.0,0.0,0.0,0.8370156,-0.343294,-2.623542,-0.1491156,0.01820964,0.9965732,-0.8820889,0.1258873,-0.4539512,0.2829875,0.9119889,-0.2969753,0.376613,-0.3904211,-0.8400798,moving,-19.04933,24.59924,-8.509941,1.046806,-17.942818653327862,28.17537811555244,25.80302051732853,28.721744477858262,155.40836515705527
1255,1255,05/15/2023 13:23:44.633603,1484,True,True,True,True,Eyes,0.5927584,0.06190555,-1.845922,0.3086658,-0.3964086,-0.8646303,0.0,0.0,0.0,0.0,0.0,0.0,0.0,-0.5403333,-0.7681171,-1.773869,0.4230123,0.07059686,-1.960778,0.106038,0.9522241,-0.181178,0.2218109,23.08428,155.3277,7.593889,0.3484307,0.03189787,-0.9367914,0.0,0.0,0.0,0.8376372,-0.3408327,-2.623199,-0.1507226,0.01910171,0.9940584,-0.8791119,0.1215693,-0.4608507,0.2823183,0.911861,-0.2980033,0.3840037,-0.3920848,-0.8359491,moving,-19.64614,24.63012,-8.621718,1.100853,-18.519971624114195,28.18645888486428,25.98392360655667,28.83757047598643,155.29875996903107
1256,1256,05/15/2023 13:23:44.653610,1485,True,True,True,True,Eyes,0.5856335,0.06225628,-1.851353,0.3179992,-0.395492,-0.8616627,0.0,0.0,0.0,0.0,0.0,0.0,0.0,-0.5663936,-0.7700382,-1.770636,0.4169252,0.07227378,-1.967197,0.1066727,0.9510143,-0.1817974,0.2261467,23.20556,154.7987,7.544178,0.3441771,0.03190246,-0.9383624,0.0,0.0,0.0,0.8382038,-0.3385896,-2.622887,-0.1504636,0.01990953,0.9919365,-0.8749571,0.1206688,-0.4689232,0.2851203,0.9111413,-0.2975365,0.3913519,-0.3940312,-0.8316146,moving,-20.25673,24.6545,-8.625257,1.149851,-19.11064741885281,28.19083597918164,26.225172807112827,29.002728852301075,155.13185906741668
1257,1257,05/15/2023 13:23:44.663457,1486,True,True,True,True,Eyes,0.5785433,0.06264812,-1.856801,0.3272654,-0.3945883,-0.858602,0.0,0.0,0.0,0.0,0.0,0.0,0.0,-0.5888084,-0.7619828,-1.772951,0.4112663,0.0735915,-1.973857,0.1055654,0.9505783,-0.1796495,0.2301804,22.96321,154.2734,7.362567,0.3399339,0.03191966,-0.9399073,0.0,0.0,0.0,0.8387973,-0.3362393,-2.62256,-0.1477219,0.02004102,0.9901571,-0.871746,0.1179927,-0.4755384,0.2833998,0.9131641,-0.2929437,0.3996794,-0.3901399,-0.8294862,moving,-20.86488,24.68212,-8.485394,1.159522,-19.698871784194804,28.19841572465392,26.581277062883945,29.27189535834261,154.85178405634545
1258,1258,05/15/2023 13:23:44.683684,1487,True,True,True,True,Eyes,0.5715143,0.06307562,-1.862312,0.3367189,-0.3934992,-0.8554407,0.0,0.0,0.0,0.0,0.0,0.0,0.0,-0.6154178,-0.7582945,-1.770662,0.4049368,0.07496624,-1.979747,0.1061939,0.9495226,-0.1789638,0.2347378,22.93682,153.7189,7.339492,0.3357022,0.03195018,-0.9414259,0.0,0.0,0.0,0.8394166,-0.3337874,-2.622219,-0.1442564,0.02068737,0.9882193,-0.8672422,0.1176479,-0.4837874,0.2856861,0.9133896,-0.2900049,0.4077679,-0.3897158,-0.8257405,moving,-21.48561,24.70223,-8.305154,1.199254,-20.29948434651861,28.19835491651146,26.946508145296153,29.54344954065769,154.56383045276587
1259,1259,05/15/2023 13:23:44.703840,1488,True,True,True,True,Eyes,0.5645187,0.06351162,-1.867864,0.3461988,-0.3921492,-0.8522707,0.0,0.0,0.0,0.0,0.0,0.0,0.0,-0.6424495,-0.7432024,-1.774154,0.3992124,0.07618189,-1.986841,0.1066134,0.9489632,-0.1751958,0.2396019,22.55674,153.1301,7.36541,0.3314836,0.03199427,-0.9429181,0.0,0.0,0.0,0.8399801,-0.3315561,-2.621908,-0.1401483,0.02225602,0.9864479,-0.8624491,0.1183899,-0.492103,0.2862988,0.9158801,-0.281419,0.4173902,-0.3835981,-0.8237948,moving,-22.10736,24.70824,-8.086104,1.292475,-20.901469249512846,28.184657623835896,27.29274024997785,29.789647073306572,154.2936372468876
1260,1260,05/15/2023 13:23:44.723256,1489,True,True,True,True,Eyes,0.5575103,0.06394666,-1.873475,0.355796,-0.3907681,-0.8489461,0.0,0.0,0.0,0.0,0.0,0.0,0.0,-0.6693721,-0.7255537,-1.777482,0.392922,0.0767536,-1.993401,0.1058638,0.9485228,-0.1709593,0.244684,22.0938,152.4904,7.264606,0.3272785,0.03205082,-0.944384,0.0,0.0,0.0,0.8405672,-0.3292315,-2.621585,-0.1374524,0.02411151,0.9843928,-0.8578453,0.1171664,-0.5003735,0.2844905,0.9191315,-0.2725113,0.4279799,-0.376124,-0.8218055,moving,-22.73871,24.71651,-7.94891,1.40311,-21.512689875566373,28.17283988540791,27.60892615803809,30.009907741453,154.05404859517918
1261,1261,05/15/2023 13:23:44.733926,1490,True,True,True,True,Eyes,0.5505388,0.06438471,-1.879127,0.3653612,-0.3893811,-0.8455138,0.0,0.0,0.0,0.0,0.0,0.0,0.0,-0.6967793,-0.7193351,-1.775349,0.3866644,0.07704392,-1.999841,0.1058221,0.9474431,-0.1698859,0.249584,22.00808,151.8798,7.170034,0.3230851,0.03211833,-0.9458244,0.0,0.0,0.0,0.8411542,-0.3269074,-2.621261,-0.1352133,0.02763599,0.982216,-0.8530191,0.1157193,-0.5088885,0.2853224,0.9198809,-0.2690914,0.4369778,-0.3747374,-0.8176934,moving,-23.37001,24.7273,-7.838159,1.61167,-22.12379335929053,28.163455157479824,27.849070824411736,30.150897898674724,153.8892825862067
1262,1262,05/15/2023 13:23:44.753681,1491,True,True,True,True,Eyes,0.5436187,0.06482979,-1.884815,0.3750165,-0.3880446,-0.8418931,0.0,0.0,0.0,0.0,0.0,0.0,0.0,-0.7246996,-0.7141864,-1.772444,0.3804851,0.07754709,-2.006495,0.1054476,0.9462877,-0.1690264,0.2546578,21.9379,151.2393,7.027079,0.3189043,0.03219566,-0.9472396,0.0,0.0,0.0,0.841764,-0.3244929,-2.620925,-0.1333979,0.03421617,0.9804013,-0.8480605,0.1134798,-0.5176059,0.2856554,0.9206218,-0.2661891,0.4463122,-0.3736013,-0.8131591,moving,-24.01031,24.74588,-7.748345,1.998821,-22.743400682394917,28.161304463716355,27.96212078528211,30.15505324000201,153.85082084320572
1263,1263,05/15/2023 13:23:44.763617,1492,True,True,True,True,Eyes,0.5367274,0.0652684,-1.890547,0.3846981,-0.3866397,-0.8381629,0.0,0.0,0.0,0.0,0.0,0.0,0.0,-0.7534018,-0.7076355,-1.769531,0.3743765,0.07817462,-2.013289,0.1047618,0.9451316,-0.1677666,0.2600113,21.81441,150.5584,6.853422,0.3147375,0.03228198,-0.9486293,0.0,0.0,0.0,0.8423378,-0.3222209,-2.620609,-0.1292916,0.03471154,0.9786559,-0.8428384,0.1107849,-0.5266408,0.2852697,0.9217587,-0.2626444,0.4563388,-0.3716014,-0.8084972,moving,-24.65407,24.7636,-7.525845,2.031348,-23.36638237758886,28.158215497374023,28.462806830004116,30.55381857699834,153.42772428198697
1264,1264,05/15/2023 13:23:44.783433,1493,True,True,True,True,Eyes,0.5298371,0.06568876,-1.896331,0.3944929,-0.3853397,-0.8341994,0.0,0.0,0.0,0.0,0.0,0.0,0.0,-0.7834969,-0.6995237,-1.766129,0.3680689,0.07843786,-2.020095,0.1037706,0.9439122,-0.1662235,0.2657654,21.65137,149.8221,6.644668,0.3105853,0.03237586,-0.9499937,0.0,0.0,0.0,0.8429244,-0.3198982,-2.620286,-0.1279684,0.03326172,0.976099,-0.837201,0.1075476,-0.5362167,0.2842535,0.9232028,-0.2586436,0.4672202,-0.3689581,-0.803477,moving,-25.30947,24.79352,-7.468989,1.951666,-24.000304426281165,28.16653280789892,28.983323765032143,30.99199302205462,152.98814855893914
1265,1265,05/15/2023 13:23:44.803910,1494,True,True,True,True,Eyes,0.5229656,0.06608875,-1.902156,0.4042539,-0.3840844,-0.8300952,0.0,0.0,0.0,0.0,0.0,0.0,0.0,-0.8131077,-0.693274,-1.761677,0.3615828,0.07845324,-2.026914,0.1027866,0.9426123,-0.1652193,0.271329,21.54633,149.1075,6.427189,0.3064465,0.03247543,-0.9513335,0.0,0.0,0.0,0.8435557,-0.3173985,-2.619938,-0.1258416,0.03813979,0.9739866,-0.831631,0.1041182,-0.5454808,0.2834334,0.924275,-0.2556976,0.4775515,-0.3672535,-0.7981663,moving,-25.96594,24.82994,-7.361977,2.242467,-24.63508549187863,28.181088144937146,29.262627630325646,31.163638168108516,152.7851754644382
1266,1266,05/15/2023 13:23:44.813511,1495,True,True,True,True,Eyes,0.516112,0.06647946,-1.908031,0.4140741,-0.3829942,-0.8257469,0.0,0.0,0.0,0.0,0.0,0.0,0.0,-0.8430771,-0.6902263,-1.755334,0.3550625,0.07837169,-2.033759,0.1024075,0.9410731,-0.165152,0.2768015,21.56357,148.4114,6.254327,0.3023214,0.03257889,-0.9526489,0.0,0.0,0.0,0.8441598,-0.3150066,-2.619605,-0.1244448,0.03816411,0.9713134,-0.8257872,0.1013171,-0.5548065,0.2841744,0.9244751,-0.2541471,0.4871553,-0.3675333,-0.7922115,moving,-26.63166,24.8826,-7.300966,2.250065,-25.278382089848627,28.2110227287162,29.76419612635055,31.577821575589056,152.36580459562
1267,1267,05/15/2023 13:23:44.833606,1496,True,True,True,True,Eyes,0.5092688,0.06686389,-1.913943,0.4238161,-0.3819114,-0.821294,0.0,0.0,0.0,0.0,0.0,0.0,0.0,-0.8711439,-0.6877117,-1.749527,0.3485133,0.0784878,-2.040848,0.1020318,0.9396579,-0.165099,0.2817357,21.57785,147.7819,6.094076,0.2982097,0.03268517,-0.9539404,0.0,0.0,0.0,0.8447561,-0.3126457,-2.619276,-0.1217887,0.03631407,0.968981,-0.820429,0.09872133,-0.563161,0.2847785,0.9246637,-0.2527811,0.4957796,-0.3677651,-0.7867347,moving,-27.2953,24.93898,-7.163789,2.146244,-25.91956281984797,28.24461180713736,30.41030334457085,32.13882159908665,151.80286364131905
1268,1268,05/15/2023 13:23:44.853501,1497,True,True,True,True,Eyes,0.5024362,0.06723332,-1.919912,0.4335237,-0.3808228,-0.8167198,0.0,0.0,0.0,0.0,0.0,0.0,0.0,-0.8998566,-0.6821741,-1.743867,0.3418298,0.07871751,-2.047714,0.1023135,0.9382412,-0.1643857,0.2867279,21.53928,147.1616,6.030511,0.2941112,0.03279352,-0.9552082,0.0,0.0,0.0,0.8452976,-0.3105013,-2.618978,-0.1190072,0.0380584,0.9664192,-0.8146382,0.09772146,-0.5716776,0.2862573,0.9250186,-0.2497946,0.5044022,-0.367139,-0.7815289,moving,-27.95984,24.99885,-7.020198,2.255191,-26.56152000672727,28.281540019550757,30.915087446042346,32.54587699015152,151.3776673051869
1269,1269,05/15/2023 13:23:44.864159,1498,True,True,True,True,Eyes,0.495597,0.06757166,-1.925915,0.443173,-0.3797125,-0.8120443,0.0,0.0,0.0,0.0,0.0,0.0,0.0,-0.9288881,-0.6723405,-1.739743,0.3352397,0.07870571,-2.054994,0.1023849,0.9369618,-0.1625919,0.2918631,21.37371,146.5252,5.976058,0.2900258,0.03290276,-0.9564528,0.0,0.0,0.0,0.8458968,-0.3081291,-2.618647,-0.1165582,0.03919452,0.9637475,-0.8086668,0.09695233,-0.5802229,0.2867706,0.9261624,-0.2449201,0.5136351,-0.3644495,-0.7767599,moving,-28.6235,25.06083,-6.896012,2.328871,-27.202567398158653,28.32053167674678,31.445598972953672,32.983671973775614,150.9267604369039
1270,1270,05/15/2023 13:23:44.883575,1499,True,True,True,True,Eyes,0.4887469,0.06788535,-1.931964,0.452797,-0.3786956,-0.8071955,0.0,0.0,0.0,0.0,0.0,0.0,0.0,-0.9582404,-0.6647854,-1.733482,0.3281503,0.0782885,-2.061872,0.1023808,0.9355134,-0.1615619,0.2970367,21.29122,145.8771,5.88769,0.2859524,0.03301109,-0.9576747,0.0,0.0,0.0,0.8464881,-0.3057879,-2.618321,-0.1140166,0.03844717,0.9606975,-0.8025749,0.09557749,-0.5888452,0.2875368,0.9268318,-0.241465,0.5226819,-0.3631084,-0.7713341,moving,-29.29028,25.13361,-6.768265,2.291758,-27.846341920497977,28.369845969268976,32.07789523098623,33.53135843951689,150.37711925499528
1271,1271,05/15/2023 13:23:44.903520,1500,True,True,True,True,Eyes,0.4818889,0.06818134,-1.938048,0.4623154,-0.3776768,-0.8022623,0.0,0.0,0.0,0.0,0.0,0.0,0.0,-0.9867669,-0.6606966,-1.726176,0.3210171,0.07801849,-2.069003,0.1028491,0.9339541,-0.1614328,0.3018129,21.32293,145.2819,5.832715,0.2818903,0.03311719,-0.9588746,0.0,0.0,0.0,0.8470762,-0.3034592,-2.617997,-0.1113848,0.03863028,0.9578099,-0.796662,0.0946677,-0.5969653,0.2895578,0.926723,-0.2394593,0.5305525,-0.3636241,-0.7656966,moving,-29.95333,25.2094,-6.633195,2.309595,-28.48642195374844,28.42218144583255,32.68378444207846,34.050414082403094,149.85211884996113
1272,1272,05/15/2023 13:23:44.913470,1501,True,True,True,True,Eyes,0.475018,0.06846182,-1.944176,0.4719543,-0.3765617,-0.7971578,0.0,0.0,0.0,0.0,0.0,0.0,0.0,-1.014746,-0.6535588,-1.719715,0.3138885,0.07788225,-2.075975,0.1034029,0.9325246,-0.160525,0.3064927,21.27049,144.705,5.817291,0.2778387,0.03322025,-0.960053,0.0,0.0,0.0,0.8476693,-0.3011107,-2.61767,-0.1088433,0.04002252,0.9546643,-0.7907403,0.09445191,-0.6048214,0.2912509,0.9270792,-0.2360025,0.5384265,-0.3627715,-0.760588,moving,-30.62749,25.28513,-6.504327,2.400613,-29.137263370761048,28.47411065685537,33.250986623675665,34.52646939414687,149.36464762667265
1273,1273,05/15/2023 13:23:44.934369,1502,True,True,True,True,Eyes,0.4681324,0.06871971,-1.950337,0.4815279,-0.3753932,-0.7919664,0.0,0.0,0.0,0.0,0.0,0.0,0.0,-1.043413,-0.6442275,-1.713304,0.3068343,0.07776271,-2.083015,0.1039592,0.9310831,-0.1591014,0.3113896,21.16267,144.1036,5.81626,0.2737966,0.03331966,-0.96121,0.0,0.0,0.0,0.8483157,-0.2985513,-2.617314,-0.1060277,0.04030278,0.9516261,-0.784458,0.09450427,-0.6129394,0.2926745,0.9277585,-0.2315297,0.5467792,-0.361017,-0.7554465,moving,-31.30025,25.36102,-6.357527,2.425112,-29.786744560901948,28.52623814471004,33.88503071326914,35.074164587886365,148.81058311823307
1274,1274,05/15/2023 13:23:44.953328,1503,True,True,True,True,Eyes,0.4611813,0.06896377,-1.956577,0.4913768,-0.3741077,-0.7865064,0.0,0.0,0.0,0.0,0.0,0.0,0.0,-1.074224,-0.6307105,-1.706472,0.2994984,0.07745074,-2.09,0.1051776,0.9295173,-0.1569215,0.3167192,20.99866,143.4647,5.910044,0.2697636,0.03341451,-0.9623464,0.0,0.0,0.0,0.8494696,-0.2939826,-2.616678,-0.1044038,0.04163098,0.9468469,-0.7772533,0.09612875,-0.6218011,0.294929,0.9286266,-0.225099,0.5557826,-0.3583461,-0.7501293,moving,-31.99545,25.43845,-6.292283,2.51756,-30.45791631584686,28.579147867596472,34.438640975247395,35.54130267359962,148.33812696294942
1275,1275,05/15/2023 13:23:44.963975,1504,True,True,True,True,Eyes,0.4542077,0.06918616,-1.962859,0.501204,-0.3727525,-0.780929,0.0,0.0,0.0,0.0,0.0,0.0,0.0,-1.107062,-0.6153851,-1.698648,0.2921061,0.07724048,-2.097236,0.1062721,0.9278002,-0.1543508,0.3225973,20.79219,142.7553,5.993298,0.265736,0.03350439,-0.9634632,0.0,0.0,0.0,0.850059,-0.2916489,-2.616353,-0.1029604,0.04040682,0.9432251,-0.7692747,0.09761222,-0.631418,0.2967848,0.9297642,-0.2178472,0.5658053,-0.3549795,-0.7442138,moving,-32.69254,25.51605,-6.229616,2.452994,-31.130913851120788,28.632162352024483,35.10257680981429,36.13064475308838,147.7590748385777
1276,1276,05/15/2023 13:23:44.983441,1505,True,True,True,True,Eyes,0.4472197,0.06939106,-1.969178,0.511153,-0.3713303,-0.7751365,0.0,0.0,0.0,0.0,0.0,0.0,0.0,-1.140015,-0.6021112,-1.689287,0.2844696,0.07691683,-2.104525,0.1065467,0.9260048,-0.1522184,0.3286222,20.60585,142.0077,5.96552,0.2617132,0.0335886,-0.9645607,0.0,0.0,0.0,0.8506504,-0.2893072,-2.616027,-0.1017717,0.04073778,0.9392726,-0.7613102,0.09728088,-0.6410482,0.2973702,0.9309547,-0.2118826,0.5761747,-0.3519371,-0.7376738,moving,-33.4023,25.59682,-6.183964,2.483454,-31.816095509980443,28.68783814628436,35.70805934882001,36.656185211106894,147.23719639971083
1277,1277,05/15/2023 13:23:45.003622,1506,True,True,True,True,Eyes,0.4402031,0.06957664,-1.975532,0.5210456,-0.3698613,-0.7692295,0.0,0.0,0.0,0.0,0.0,0.0,0.0,-1.1717,-0.5925972,-1.678926,0.276812,0.07671127,-2.111951,0.1069933,0.9241412,-0.1510201,0.3342284,20.52697,141.3088,5.933055,0.2576952,0.0336667,-0.9656394,0.0,0.0,0.0,0.8512338,-0.2869971,-2.615706,-0.1004387,0.04038844,0.9353575,-0.7536877,0.09680338,-0.6500646,0.2987042,0.9314907,-0.2076074,0.5854321,-0.3506481,-0.7309687,moving,-34.11216,25.6792,-6.128937,2.472477,-32.501330112688734,28.745064226563606,36.35399237864334,37.22568949082858,146.6754770528647
1278,1278,05/15/2023 13:23:45.013859,1507,True,True,True,True,Eyes,0.4331566,0.06973982,-1.981927,0.5310579,-0.3682653,-0.763124,0.0,0.0,0.0,0.0,0.0,0.0,0.0,-1.203973,-0.5793194,-1.668485,0.2689918,0.07640842,-2.119153,0.1075732,0.9222782,-0.1490118,0.340039,20.36618,140.5913,5.944141,0.2536811,0.03373824,-0.9666991,0.0,0.0,0.0,0.8518312,-0.2846318,-2.615376,-0.09910114,0.03969675,0.9311785,-0.7456032,0.09708512,-0.6592804,0.2997644,0.932447,-0.2017025,0.5951617,-0.3480187,-0.7243382,moving,-34.83405,25.76084,-6.074866,2.441079,-33.198235638480874,28.80119908947113,37.02569266661971,37.82238902656739,146.0890046392397
1279,1279,05/15/2023 13:23:45.033686,1508,True,True,True,True,Eyes,0.42608,0.06986751,-1.988357,0.5410089,-0.3665833,-0.7569188,0.0,0.0,0.0,0.0,0.0,0.0,0.0,-1.235482,-0.5636751,-1.658928,0.261149,0.07600366,-2.126549,0.1079239,0.9205495,-0.1463698,0.3457124,20.12702,139.8913,5.960101,0.2496704,0.03380266,-0.9677405,0.0,0.0,0.0,0.8524238,-0.2822853,-2.61505,-0.0978369,0.04113266,0.9270798,-0.7376708,0.09749486,-0.6680843,0.2999022,0.9338567,-0.19486,0.6048971,-0.3441025,-0.7181178,moving,-35.55535,25.84137,-6.02426,2.540432,-33.89460003345241,28.856281460290504,37.616738139662566,38.33118555950145,145.57729513765432
1280,1280,05/15/2023 13:23:45.053338,1509,True,True,True,True,Eyes,0.4189783,0.06996232,-1.99482,0.5510143,-0.36481,-0.7505311,0.0,0.0,0.0,0.0,0.0,0.0,0.0,-1.267695,-0.5457585,-1.648707,0.2532298,0.0752378,-2.133858,0.108794,0.918698,-0.1434567,0.3515366,19.88156,139.1821,6.045259,0.2456622,0.03385882,-0.9687637,0.0,0.0,0.0,0.8529994,-0.2800062,-2.614733,-0.09704867,0.04267374,0.9226512,-0.7291718,0.09903706,-0.6771265,0.3007582,0.9351681,-0.1870966,0.6146976,-0.3400768,-0.7116845,moving,-36.28484,25.92296,-6.004552,2.648112,-34.59886732611108,28.912129768607528,38.191810519875176,38.82568091249403,145.08148528540335
1281,1281,05/15/2023 13:23:45.063688,1510,True,True,True,True,Eyes,0.4118493,0.07007045,-2.001317,0.5608788,-0.3632312,-0.743961,0.0,0.0,0.0,0.0,0.0,0.0,0.0,-1.299571,-0.5322078,-1.636539,0.2453756,0.07452601,-2.141174,0.1093951,0.9166833,-0.1415865,0.3573203,19.74035,138.4641,6.060734,0.2416565,0.03390584,-0.9697691,0.0,0.0,0.0,0.8535951,-0.2776477,-2.614404,-0.09653312,0.04461145,0.9181908,-0.72071,0.09937783,-0.6860768,0.3017448,0.935972,-0.1814018,0.6241213,-0.3377582,-0.704551,moving,-37.01296,26.02346,-6.001689,2.7816,-35.30129214684541,28.98626650427185,38.75413507349946,39.30841247319383,144.59999822675303
1282,1282,05/15/2023 13:23:45.083813,1511,True,True,True,True,Eyes,0.4046807,0.07021818,-2.007899,0.5709277,-0.3616714,-0.737045,0.0,0.0,0.0,0.0,0.0,0.0,0.0,-1.333389,-0.5251798,-1.620004,0.2374848,0.07497126,-2.148519,0.1120372,0.9140344,-0.1417765,0.3631643,19.91057,137.7546,6.217872,0.237653,0.0339452,-0.9707565,0.0,0.0,0.0,0.8542031,-0.2752402,-2.614069,-0.09579822,0.04553244,0.9136134,-0.7111187,0.1018353,-0.6956578,0.307788,0.9346942,-0.1778014,0.6321208,-0.340553,-0.6960222,moving,-37.76198,26.13741,-5.985956,2.853132,-36.02359130492028,29.072725225582644,39.39382316086952,39.871375742836015,144.04692454003694
1283,1283,05/15/2023 13:23:45.103715,1512,True,True,True,True,Eyes,0.3974779,0.07037131,-2.014519,0.5809308,-0.3601617,-0.7299335,0.0,0.0,0.0,0.0,0.0,0.0,0.0,-1.369958,-0.5112859,-1.603415,0.229975,0.07598527,-2.156496,0.1144988,0.9112712,-0.1402171,0.369884,19.89235,136.9405,6.408144,0.2336505,0.03397943,-0.9717265,0.0,0.0,0.0,0.8547963,-0.2728914,-2.613742,-0.09544219,0.04583108,0.9090543,-0.7001519,0.1049508,-0.7062387,0.312407,0.9344584,-0.170849,0.6420199,-0.3402541,-0.6870501,moving,-38.51516,26.26252,-5.993562,2.886193,-36.74961499005406,29.16982132009894,40.05130460402674,40.45693899933756,143.4802200643854
1284,1284,05/15/2023 13:23:45.113696,1513,True,True,True,True,Eyes,0.3902155,0.07058421,-2.021225,0.5909674,-0.3589091,-0.7224554,0.0,0.0,0.0,0.0,0.0,0.0,0.0,-1.405562,-0.5021026,-1.584421,0.2218129,0.07627173,-2.164043,0.1149322,0.9085298,-0.1395054,0.3766996,19.88171,136.0708,6.333201,0.2296482,0.03400921,-0.9726791,0.0,0.0,0.0,0.8553945,-0.2705227,-2.613413,-0.09540907,0.04695269,0.9043612,-0.6897763,0.1037354,-0.7165529,0.3139419,0.9346577,-0.1668997,0.6524183,-0.3400794,-0.6772715,moving,-39.28311,26.41776,-6.022361,2.972018,-37.48912141426391,29.29552545219502,40.69373713449731,41.02540743922543,142.93370466433026
1285,1285,05/15/2023 13:23:45.133740,1514,True,True,True,True,Eyes,0.3829675,0.07088284,-2.028003,0.6008785,-0.3576761,-0.7148515,0.0,0.0,0.0,0.0,0.0,0.0,0.0,-1.438187,-0.5053006,-1.563788,0.2138839,0.07774562,-2.171947,0.1176021,0.9055154,-0.1421777,0.3820958,20.32586,135.3902,6.387829,0.2256445,0.03403771,-0.9736146,0.0,0.0,0.0,0.8559605,-0.2682819,-2.613101,-0.09508291,0.0456208,0.8996986,-0.6803451,0.10433,-0.725428,0.3216321,0.9319105,-0.1676177,0.6585464,-0.3473588,-0.6675767,moving,-40.04921,26.5811,-6.032801,2.902797,-38.22661528004241,29.42910294577804,41.44608683838669,41.71434507488859,142.28605491265142
1286,1286,05/15/2023 13:23:45.153615,1515,True,True,True,True,Eyes,0.375668,0.07119764,-2.034851,0.610998,-0.356123,-0.7070063,0.0,0.0,0.0,0.0,0.0,0.0,0.0,-1.471196,-0.4915951,-1.548412,0.2068418,0.08007379,-2.180474,0.1196344,0.9030269,-0.1402229,0.3880305,20.24857,134.6669,6.563766,0.2216413,0.03406901,-0.9745327,0.0,0.0,0.0,0.8565584,-0.2659142,-2.612771,-0.09527783,0.04378766,0.8949395,-0.67024,0.1072446,-0.734355,0.3248876,0.9320503,-0.1604064,0.6672531,-0.3460936,-0.6595399,moving,-40.83372,26.73465,-6.076983,2.801138,-38.98220572098324,29.552657198909596,42.20004459169816,42.40751657156005,141.63893302343325
1287,1287,05/15/2023 13:23:45.163511,1516,True,True,True,True,Eyes,0.3683564,0.07154161,-2.041719,0.6208549,-0.3548892,-0.6989942,0.0,0.0,0.0,0.0,0.0,0.0,0.0,-1.501512,-0.4813202,-1.53222,0.1990932,0.08079925,-2.18809,0.118419,0.9009069,-0.1384463,0.3939245,20.04455,133.8926,6.374059,0.2176372,0.03410343,-0.9754335,0.0,0.0,0.0,0.8571593,-0.263535,-2.61244,-0.09652156,0.04295699,0.8900375,-0.661601,0.1042942,-0.742568,0.3224438,0.9336191,-0.1561582,0.6769893,-0.3427508,-0.6513124,moving,-41.61186,26.91755,-6.189345,2.763194,-39.730826627903454,29.704729782979825,42.87408870984852,43.02182399829843,141.0769491242471
1288,1288,05/15/2023 13:23:45.183447,1517,True,True,True,True,Eyes,0.3610394,0.07195207,-2.048708,0.6308466,-0.3533294,-0.69079,0.0,0.0,0.0,0.0,0.0,0.0,0.0,-1.530948,-0.486289,-1.511018,0.1913798,0.08191571,-2.195477,0.120231,0.8980267,-0.1414263,0.3988623,20.48245,133.2458,6.320015,0.2136331,0.03414194,-0.9763169,0.0,0.0,0.0,0.8577392,-0.2612393,-2.61212,-0.09827659,0.04364166,0.885128,-0.6529067,0.1031221,-0.7503856,0.3287606,0.9310862,-0.1580979,0.6823704,-0.3499204,-0.6418148,moving,-42.40311,27.08911,-6.335654,2.82271,-40.49245346449425,29.84544978743152,43.47090465209962,43.553592449726914,140.58562517748803
1289,1289,05/15/2023 13:23:45.203717,1518,True,True,True,True,Eyes,0.35377,0.07236603,-2.055714,0.6407972,-0.3514134,-0.6825596,0.0,0.0,0.0,0.0,0.0,0.0,0.0,-1.55944,-0.4694642,-1.49852,0.1852518,0.08369994,-2.203743,0.1208516,0.8960503,-0.1382227,0.4042069,20.20665,132.5839,6.414052,0.2096298,0.03418705,-0.9771827,0.0,0.0,0.0,0.8583277,-0.2589087,-2.611796,-0.09921078,0.04378067,0.880434,-0.6440233,0.104837,-0.7577884,0.3283194,0.9325787,-0.150011,0.6909706,-0.3454072,-0.6350225,moving,-43.19246,27.24152,-6.429194,2.846759,-41.25276240722906,29.96775233530456,44.12076711973486,44.138749371800245,140.03614832131967
1290,1290,05/15/2023 13:23:45.213550,1519,True,True,True,True,Eyes,0.3464854,0.07277029,-2.062791,0.650813,-0.3494842,-0.6740201,0.0,0.0,0.0,0.0,0.0,0.0,0.0,-1.586887,-0.4450754,-1.487273,0.1789465,0.08410959,-2.21115,0.1191453,0.8944755,-0.1326578,0.4100246,19.57395,131.8449,6.359132,0.205631,0.03423809,-0.9780303,0.0,0.0,0.0,0.8589902,-0.2562858,-2.611431,-0.1009302,0.04671973,0.8757282,-0.6353684,0.1043592,-0.7651249,0.321931,0.9364126,-0.1396132,0.7019027,-0.3350232,-0.6285635,moving,-43.99645,27.40706,-6.574494,3.053811,-42.02689176541357,30.102264407769084,44.648443732362466,44.59250317115374,139.60155599324878
1291,1291,05/15/2023 13:23:45.233662,1520,True,True,True,True,Eyes,0.3392592,0.07315595,-2.06988,0.6606718,-0.3476846,-0.6653031,0.0,0.0,0.0,0.0,0.0,0.0,0.0,-1.617263,-0.4377944,-1.466631,0.1724099,0.08414671,-2.218423,0.1203279,0.8915637,-0.1327404,0.4159513,19.68167,131.0805,6.349555,0.2016374,0.03429377,-0.9788594,0.0,0.0,0.0,0.8595359,-0.2541251,-2.61113,-0.1034122,0.04585317,0.8710058,-0.6250117,0.1041329,-0.7736389,0.324987,0.9358024,-0.1365919,0.7097494,-0.3367941,-0.6187292,moving,-44.79988,27.59138,-6.770879,3.013493,-42.79996666072884,30.25491407700705,45.27998947043573,45.16846444101556,139.08653908280212
1292,1292,05/15/2023 13:23:45.253346,1521,True,True,True,True,Eyes,0.3320728,0.07354206,-2.077007,0.6705014,-0.3458568,-0.6563619,0.0,0.0,0.0,0.0,0.0,0.0,0.0,-1.648852,-0.4253698,-1.445448,0.1663823,0.08407566,-2.225808,0.1223347,0.8884139,-0.1319897,0.4222958,19.74568,130.2785,6.459764,0.1976522,0.03435261,-0.9796698,0.0,0.0,0.0,0.8601067,-0.251865,-2.610816,-0.1060258,0.04046729,0.8663498,-0.6134009,0.1058903,-0.7826408,0.328845,0.9352259,-0.1312,0.718053,-0.3378458,-0.6084899,moving,-45.61054,27.78609,-6.977289,2.674348,-43.57976029604466,30.417361913261548,46.07740953117444,45.9283760432393,138.43318743261173
1293,1293,05/15/2023 13:23:45.263737,1522,True,True,True,True,Eyes,0.3249679,0.07393599,-2.084158,0.6802025,-0.3440744,-0.6472536,0.0,0.0,0.0,0.0,0.0,0.0,0.0,-1.680364,-0.4109873,-1.423914,0.1604206,0.08438152,-2.233206,0.1243167,0.8852348,-0.130725,0.4287374,19.7577,129.4651,6.589867,0.1936786,0.03441413,-0.980461,0.0,0.0,0.0,0.8607031,-0.2495034,-2.610487,-0.109282,0.04031003,0.8617195,-0.6014594,0.1080056,-0.7915691,0.3321924,0.9349126,-0.1248463,0.7265639,-0.3380432,-0.5981906,moving,-46.42185,27.99472,-7.227587,2.678264,-44.35980385096323,30.593220193717304,46.65954560980106,46.454777015546135,137.97523602852627
1294,1294,05/15/2023 13:23:45.283481,1523,True,True,True,True,Eyes,0.3179455,0.07433152,-2.091358,0.689896,-0.3419935,-0.6380313,0.0,0.0,0.0,0.0,0.0,0.0,0.0,-1.711766,-0.3940324,-1.40271,0.1550427,0.08492373,-2.240926,0.1260952,0.8820508,-0.1287024,0.4353415,19.68404,128.6315,6.732638,0.1897207,0.03447827,-0.9812323,0.0,0.0,0.0,0.8613035,-0.2471263,-2.610156,-0.1123909,0.03991474,0.8571013,-0.5891556,0.1103857,-0.8004441,0.3345037,0.9350713,-0.1172552,0.7355291,-0.336833,-0.587827,moving,-47.23666,28.19192,-7.470518,2.666307,-45.14354875338216,30.757940396165413,47.25360270487249,46.9935858709445,137.50352096278934
1295,1295,05/15/2023 13:23:45.303648,1524,True,True,True,True,Eyes,0.311021,0.07471003,-2.098558,0.6994702,-0.3399591,-0.6286249,0.0,0.0,0.0,0.0,0.0,0.0,0.0,-1.740946,-0.3764573,-1.383389,0.1502026,0.08524951,-2.248677,0.1258417,0.879298,-0.1256146,0.4418371,19.39678,127.791,6.715512,0.1857823,0.03454464,-0.9819832,0.0,0.0,0.0,0.8619192,-0.2446886,-2.609817,-0.1146636,0.03772716,0.8528789,-0.5778879,0.1103023,-0.808628,0.332307,0.9367698,-0.1097022,0.7453979,-0.3321083,-0.578002,moving,-48.05347,28.40443,-7.657106,2.532832,-45.92881311116207,30.937369864030437,47.97088499802875,47.66068963487323,136.92181458145114
1296,1296,05/15/2023 13:23:45.313988,1525,True,True,True,True,Eyes,0.3041794,0.07508183,-2.105797,0.7089324,-0.337929,-0.6190467,0.0,0.0,0.0,0.0,0.0,0.0,0.0,-1.770695,-0.3661943,-1.359433,0.1453913,0.08523287,-2.255906,0.1260006,0.8760034,-0.124722,0.4485382,19.36264,126.9043,6.626448,0.181868,0.03461207,-0.9827133,0.0,0.0,0.0,0.8625032,-0.2423759,-2.609495,-0.1151027,0.04193181,0.8494476,-0.5658749,0.1088688,-0.8172719,0.3326391,0.9371365,-0.1054816,0.7544116,-0.331546,-0.566516,moving,-48.87222,28.62951,-7.71675,2.826033,-46.71561353372269,31.12886676725682,48.57563315295467,48.18673838494257,136.4104336047319
1297,1297,05/15/2023 13:23:45.333958,1526,True,True,True,True,Eyes,0.2974446,0.07545555,-2.11303,0.71825,-0.3361032,-0.6092221,0.0,0.0,0.0,0.0,0.0,0.0,0.0,-1.801226,-0.3638989,-1.331233,0.140911,0.08543326,-2.263154,0.1260448,0.8722275,-0.125796,0.4555297,19.52875,125.9522,6.413167,0.1779807,0.03467998,-0.9834225,0.0,0.0,0.0,0.8631997,-0.2396182,-2.609111,-0.1164618,0.04397397,0.8452753,-0.5532109,0.1052718,-0.8263629,0.3344871,0.9365761,-0.1046112,0.7629393,-0.3342798,-0.5533361,moving,-49.69527,28.88519,-7.844807,2.978028,-47.50574395463073,31.349753497113024,49.22034433248728,48.76417463469188,135.8833120732708
1298,1298,05/15/2023 13:23:45.353363,1527,True,True,True,True,Eyes,0.2907959,0.07585416,-2.120312,0.7273842,-0.3343421,-0.5992725,0.0,0.0,0.0,0.0,0.0,0.0,0.0,-1.831555,-0.3641299,-1.301129,0.1364866,0.08594446,-2.270265,0.1262585,0.8682427,-0.127555,0.4625399,19.77313,124.9863,6.176468,0.1741247,0.03474828,-0.9841101,0.0,0.0,0.0,0.8636802,-0.2377156,-2.608846,-0.1176891,0.04364395,0.8420099,-0.5402313,0.1012474,-0.8354036,0.3372446,0.935577,-0.1046983,0.7709839,-0.3382966,-0.5395732,moving,-50.5158,29.15773,-7.956775,2.96716,-48.292974060417095,31.58698675532995,49.97215790693379,49.45809780153997,135.26908149643418
1299,1299,05/15/2023 13:23:45.363888,1528,True,True,True,True,Eyes,0.2842668,0.07624717,-2.127594,0.7364062,-0.3325916,-0.5891424,0.0,0.0,0.0,0.0,0.0,0.0,0.0,-1.861466,-0.3615903,-1.271561,0.1323448,0.08692442,-2.277631,0.1268806,0.864253,-0.1286977,0.4694729,19.9737,124.0373,6.014268,0.1703023,0.03481792,-0.9847763,0.0,0.0,0.0,0.8642802,-0.2353398,-2.608515,-0.1192704,0.04401202,0.8385625,-0.5269929,0.09847379,-0.8441451,0.340154,0.9346765,-0.1033207,0.7788281,-0.3415887,-0.5260642,moving,-51.33936,29.44625,-8.094996,3.004417,-49.082702879492736,31.839543436452608,50.68772583342425,50.11443536392906,134.69255558305665
1300,1300,05/15/2023 13:23:45.383451,1529,True,True,True,True,Eyes,0.2778284,0.07665201,-2.134926,0.7452295,-0.3308511,-0.5789391,0.0,0.0,0.0,0.0,0.0,0.0,0.0,-1.889321,-0.3541627,-1.244937,0.1284165,0.08722265,-2.284892,0.126274,0.8607314,-0.1280856,0.4762253,19.92344,123.1138,5.822841,0.1665174,0.03488838,-0.9854208,0.0,0.0,0.0,0.8648276,-0.2331727,-2.608214,-0.1217153,0.0440384,0.8353695,-0.5145289,0.09538082,-0.852152,0.3393711,0.935298,-0.1002247,0.7874565,-0.3407643,-0.5136073,moving,-52.15779,29.74703,-8.289799,3.017684,-49.86712910471852,32.10409013947169,51.36982160728025,50.74143672332337,134.15879127251736
1301,1301,05/15/2023 13:23:45.403606,1530,True,True,True,True,Eyes,0.2715197,0.07705223,-2.142251,0.7539198,-0.329163,-0.5685566,0.0,0.0,0.0,0.0,0.0,0.0,0.0,-1.916464,-0.3493944,-1.217322,0.1247196,0.08785702,-2.292053,0.1277192,0.8568796,-0.1290675,0.48248,20.14728,122.2606,5.767014,0.1627722,0.03495993,-0.9860439,0.0,0.0,0.0,0.8654327,-0.2307766,-2.60788,-0.1244652,0.0451874,0.8322536,-0.5018018,0.09433492,-0.8598233,0.3434249,0.9340588,-0.09794665,0.7938857,-0.3444345,-0.5011093,moving,-52.97881,30.06848,-8.505663,3.107836,-50.653500021623216,32.3884992473389,52.00708729565948,51.32053590723089,133.66922071844965
1302,1302,05/15/2023 13:23:45.413565,1531,True,True,True,True,Eyes,0.2653067,0.0774431,-2.149585,0.7623471,-0.3274635,-0.5582066,0.0,0.0,0.0,0.0,0.0,0.0,0.0,-1.943204,-0.3426558,-1.189734,0.1212382,0.08819336,-2.299227,0.1275525,0.8531868,-0.128835,0.4890851,20.15791,121.3499,5.601474,0.1590703,0.03503213,-0.9866452,0.0,0.0,0.0,0.8660403,-0.2283706,-2.607545,-0.1264281,0.04623444,0.8294747,-0.4890525,0.09162965,-0.8674284,0.3436747,0.9342638,-0.09507257,0.8016954,-0.3446086,-0.4883948,moving,-53.78763,30.39738,-8.666294,3.190332,-51.42785239787387,32.68047910174489,52.68926288437901,51.94439000216799,133.13426336127688
1303,1303,05/15/2023 13:23:45.433678,1532,True,True,True,True,Eyes,0.2592232,0.07784615,-2.156919,0.7705768,-0.3259341,-0.5477028,0.0,0.0,0.0,0.0,0.0,0.0,0.0,-1.96867,-0.3394269,-1.161766,0.1173016,0.08837634,-2.306296,0.1286726,0.8493859,-0.1301762,0.4950166,20.39742,120.5221,5.492052,0.155414,0.03510438,-0.9872252,0.0,0.0,0.0,0.8665961,-0.2261701,-2.607239,-0.1281157,0.04726906,0.827104,-0.4768042,0.08970659,-0.8744203,0.3474642,0.932995,-0.09374954,0.8074198,-0.3485298,-0.4760258,moving,-54.59593,30.75658,-8.804956,3.2709,-52.20087490794504,33.00171046509758,53.40670280902086,52.60348723018749,132.57315088763747
1304,1304,05/15/2023 13:23:45.453418,1533,True,True,True,True,Eyes,0.2532812,0.0782541,-2.164237,0.7785261,-0.3240949,-0.5374566,0.0,0.0,0.0,0.0,0.0,0.0,0.0,-1.993899,-0.3310731,-1.135133,0.1140571,0.08905134,-2.313618,0.1303782,0.8455946,-0.1304075,0.5009643,20.5591,119.7109,5.505774,0.151806,0.03517711,-0.9877838,0.0,0.0,0.0,0.8672099,-0.2237398,-2.606901,-0.1297275,0.04901032,0.8248454,-0.4640728,0.08983532,-0.88123,0.3511532,0.9319908,-0.08991398,0.8132209,-0.3511733,-0.4640575,moving,-55.38068,31.09064,-8.937971,3.400379,-52.95177540228199,33.29942374598503,54.07102526776057,53.208719724165064,132.04827529289773
1305,1305,05/15/2023 13:23:45.463470,1534,True,True,True,True,Eyes,0.2474665,0.07864991,-2.171556,0.7863153,-0.3222557,-0.5271238,0.0,0.0,0.0,0.0,0.0,0.0,0.0,-2.016823,-0.3201061,-1.11213,0.1110251,0.0895638,-2.320889,0.1303149,0.8424575,-0.1289174,0.5066198,20.44176,118.9408,5.446879,0.1482498,0.03525042,-0.9883212,0.0,0.0,0.0,0.8677831,-0.2214704,-2.606585,-0.1318956,0.04529041,0.8224147,-0.4527089,0.08894535,-0.8872111,0.3501938,0.9327967,-0.08517466,0.8200117,-0.3492551,-0.4534335,moving,-56.1632,31.43942,-9.111281,3.152097,-53.70011479528628,33.61140966521666,54.900416429102705,53.99938728597846,131.41692109752796
1306,1306,05/15/2023 13:23:45.483901,1535,True,True,True,True,Eyes,0.2417887,0.07903138,-2.178871,0.7938983,-0.3201126,-0.5169656,0.0,0.0,0.0,0.0,0.0,0.0,0.0,-2.039176,-0.3076067,-1.089779,0.1080229,0.08969532,-2.328254,0.1306871,0.8393338,-0.1273473,0.5120766,20.34165,118.2028,5.444055,0.1447478,0.03532359,-0.9888377,0.0,0.0,0.0,0.8683771,-0.2191183,-2.606257,-0.1334155,0.04547587,0.8209206,-0.4413971,0.08895713,-0.8928915,0.3498034,0.9334071,-0.07993013,0.8263209,-0.3476174,-0.4431206,moving,-56.92889,31.76639,-9.230967,3.170727,-54.43274951197064,33.902879762087125,55.612982305604675,54.65954953758542,130.85522334132574
1307,1307,05/15/2023 13:23:45.503604,1536,True,True,True,True,Eyes,0.2362439,0.07938612,-2.186193,0.8013481,-0.3179313,-0.5067159,0.0,0.0,0.0,0.0,0.0,0.0,0.0,-2.061164,-0.2943948,-1.067528,0.1052207,0.08969624,-2.335716,0.1308438,0.8362276,-0.1254973,0.517546,20.20157,117.4621,5.437417,0.1413025,0.03539587,-0.9893333,0.0,0.0,0.0,0.868965,-0.2167905,-2.605933,-0.1351656,0.04038619,0.8184586,-0.4300522,0.08892925,-0.8984134,0.3487317,0.9342607,-0.07445313,0.8327314,-0.345324,-0.4327933,moving,-57.69363,32.1056,-9.377559,2.824923,-55.16413040206203,34.20618951226572,56.496024306630375,55.50850393110928,130.18289439989394
1308,1308,05/15/2023 13:23:45.513408,1537,True,True,True,True,Eyes,0.2308436,0.07970914,-2.193499,0.8085356,-0.3155399,-0.4966938,0.0,0.0,0.0,0.0,0.0,0.0,0.0,-2.082847,-0.2809104,-1.045008,0.1026225,0.08938977,-2.34322,0.1306865,0.8331025,-0.1234701,0.5230835,20.026,116.7086,5.40992,0.1379158,0.03546603,-0.9898086,0.0,0.0,0.0,0.869584,-0.2143398,-2.605592,-0.1366846,0.03488155,0.8165905,-0.4186094,0.08858021,-0.9038361,0.3469209,0.9353523,-0.06900656,0.8392926,-0.3424464,-0.4222776,moving,-58.43706,32.427,-9.502337,2.445964,-55.87535877454396,34.49298335134097,57.388758783580826,56.36903935501784,129.50068221192325
1309,1309,05/15/2023 13:23:45.533338,1538,True,True,True,True,Eyes,0.2255796,0.0800052,-2.200826,0.8155605,-0.3132063,-0.4865829,0.0,0.0,0.0,0.0,0.0,0.0,0.0,-2.104147,-0.2698433,-1.021807,0.1000972,0.08896501,-2.350831,0.1312658,0.8298107,-0.1225029,0.5283717,20.00016,115.9796,5.397833,0.1345901,0.03553281,-0.9902638,0.0,0.0,0.0,0.8701635,-0.212045,-2.605273,-0.1377897,0.03494228,0.8146686,-0.4071853,0.08839744,-0.9090577,0.3473057,0.9355246,-0.0645942,0.8447359,-0.3420227,-0.4116328,moving,-59.17868,32.76879,-9.599921,2.455991,-56.58427818792735,34.79950740488914,58.11126506276113,57.04062476688061,128.93672531953828
1310,1310,05/15/2023 13:23:45.553660,1539,True,True,True,True,Eyes,0.2204595,0.08027649,-2.208146,0.8223508,-0.3106612,-0.4766853,0.0,0.0,0.0,0.0,0.0,0.0,0.0,-2.12487,-0.2591241,-0.9992192,0.09787681,0.08861209,-2.358649,0.1316936,0.8265907,-0.1214716,0.5335252,19.95843,115.2663,5.378009,0.1313268,0.03559519,-0.9906996,0.0,0.0,0.0,0.8707892,-0.2095676,-2.604928,-0.1386368,0.03503022,0.8127161,-0.3960152,0.08809701,-0.914008,0.3473296,0.9358029,-0.06029091,0.85002,-0.3413382,-0.4011908,moving,-59.90077,33.09274,-9.680593,2.468072,-57.27476978573475,35.08943078648387,58.82122463891374,57.700595430101764,128.37602730293744
1311,1311,05/15/2023 13:23:45.563742,1540,True,True,True,True,Eyes,0.2154769,0.08051352,-2.215489,0.8289992,-0.3080944,-0.4667315,0.0,0.0,0.0,0.0,0.0,0.0,0.0,-2.144571,-0.2489333,-0.9778154,0.0956704,0.08829828,-2.3665,0.131216,0.8236539,-0.1199516,0.5385056,19.81099,114.5734,5.303681,0.1281278,0.03565247,-0.9911164,0.0,0.0,0.0,0.8713802,-0.2072276,-2.604602,-0.1391023,0.03401329,0.8109332,-0.3855881,0.08696388,-0.9185637,0.3453424,0.936788,-0.05627614,0.8556054,-0.3389184,-0.3912467,moving,-60.62022,33.42923,-9.733424,2.401771,-57.96236265487797,35.39153627183837,59.600077341747614,58.432483572641125,127.7618331786472
1312,1312,05/15/2023 13:23:45.584758,1541,True,True,True,True,Eyes,0.2106501,0.08071017,-2.222825,0.8354183,-0.3052997,-0.4570211,0.0,0.0,0.0,0.0,0.0,0.0,0.0,-2.1637,-0.2367785,-0.9574382,0.09378333,0.08769308,-2.374418,0.130947,0.8207747,-0.1180768,0.5433597,19.64136,113.9045,5.278228,0.1249944,0.03570352,-0.9915146,0.0,0.0,0.0,0.8719538,-0.2049564,-2.604286,-0.1390785,0.03269789,0.8093697,-0.3752264,0.08663963,-0.9228753,0.3432722,0.9378216,-0.05152623,0.8610281,-0.3361315,-0.3816365,moving,-61.31885,33.74376,-9.750231,2.313446,-58.63039072630955,35.67310631973426,60.391945685710084,59.17885561176041,127.12659106403761
1313,1313,05/15/2023 13:23:45.603539,1542,True,True,True,True,Eyes,0.205959,0.08087321,-2.230191,0.8416959,-0.302557,-0.4472218,0.0,0.0,0.0,0.0,0.0,0.0,0.0,-2.183174,-0.2242841,-0.9355817,0.09210007,0.08691059,-2.3824,0.130694,0.817682,-0.1162208,0.5484597,19.47674,113.198,5.248882,0.1219283,0.03574712,-0.9918948,0.0,0.0,0.0,0.8725464,-0.2026101,-2.60396,-0.1394295,0.03259347,0.8078112,-0.3642222,0.08624729,-0.92731,0.3412171,0.9388236,-0.04670259,0.8665525,-0.3334241,-0.3713693,moving,-62.01677,34.07936,-9.792857,2.31051,-59.29715661706714,35.975028193197865,61.12770991419578,59.86631328014532,126.54299161333907
1314,1314,05/15/2023 13:23:45.613996,1543,True,True,True,True,Eyes,0.2014303,0.08099886,-2.237526,0.8477138,-0.2996446,-0.4377148,0.0,0.0,0.0,0.0,0.0,0.0,0.0,-2.202399,-0.2158926,-0.912714,0.09047066,0.08627781,-2.390521,0.1304772,0.8144857,-0.1153802,0.5534223,19.41264,112.4931,5.160696,0.11893,0.03578245,-0.9922574,0.0,0.0,0.0,0.8731512,-0.2002153,-2.603626,-0.1398907,0.03451087,0.8062347,-0.3533992,0.08483575,-0.931618,0.3402517,0.9393262,-0.04353309,0.8714,-0.3323691,-0.3608226,moving,-62.69055,34.39421,-9.843453,2.451049,-59.94110938014881,36.25768621219914,61.75096109372979,60.437272393620745,126.03702773570163
1315,1315,05/15/2023 13:23:45.633758,1544,True,True,True,True,Eyes,0.1970387,0.08108513,-2.2449,0.8535956,-0.2966981,-0.4281877,0.0,0.0,0.0,0.0,0.0,0.0,0.0,-2.220574,-0.2068802,-0.8922248,0.0889544,0.08555686,-2.398871,0.1302937,0.8115749,-0.1143083,0.5579457,19.32542,111.8535,5.102744,0.1160018,0.03580871,-0.9926031,0.0,0.0,0.0,0.8737845,-0.1977075,-2.603277,-0.1414759,0.03636956,0.8044761,-0.3434403,0.08393046,-0.9354168,0.3390417,0.9399143,-0.0401459,0.8758422,-0.330933,-0.3512605,moving,-63.36037,34.7187,-9.974102,2.588522,-60.5809641096671,36.549769637161006,62.30924449292824,60.946048548363116,125.60509882322012
1316,1316,05/15/2023 13:23:45.653383,1545,True,True,True,True,Eyes,0.1927985,0.0811177,-2.252277,0.8593224,-0.2935403,-0.4188069,0.0,0.0,0.0,0.0,0.0,0.0,0.0,-2.237584,-0.1942289,-0.8745961,0.08769897,0.08466366,-2.40719,0.129889,0.8090183,-0.1120995,0.562185,19.11252,111.2698,5.107889,0.1131435,0.03582498,-0.9929324,0.0,0.0,0.0,0.8743209,-0.1955837,-2.602981,-0.1431586,0.03739862,0.8032542,-0.3341538,0.08412379,-0.9387571,0.3362066,0.941125,-0.0353378,0.880515,-0.3274244,-0.3427635,moving,-64.01685,35.02648,-10.10534,2.665703,-61.20835506418227,36.82614858134113,62.87822197330193,61.46913201734517,125.16516755279424
1317,1317,05/15/2023 13:23:45.663825,1546,True,True,True,True,Eyes,0.1886939,0.08110471,-2.259695,0.8649061,-0.2903669,-0.4094198,0.0,0.0,0.0,0.0,0.0,0.0,0.0,-2.253866,-0.1808656,-0.8581009,0.08661862,0.08336873,-2.415472,0.129214,0.8066186,-0.1095688,0.5662728,18.85058,110.7093,5.114273,0.1103567,0.03582991,-0.9932458,0.0,0.0,0.0,0.8749225,-0.1932018,-2.60265,-0.1450233,0.03706661,0.8016936,-0.3252779,0.08436123,-0.941848,0.3325445,0.9425969,-0.03041968,0.8852167,-0.3231012,-0.3346597,moving,-64.66857,35.34486,-10.25371,2.647207,-61.83084702730564,37.11290428079235,63.48317494051482,62.03293764593678,124.71273090803102
1318,1318,05/15/2023 13:23:45.687584,1547,True,True,True,True,Eyes,0.1847402,0.08104547,-2.267128,0.8703462,-0.2870766,-0.4001054,0.0,0.0,0.0,0.0,0.0,0.0,0.0,-2.270009,-0.1681222,-0.8415105,0.08562877,0.08222651,-2.423892,0.1289371,0.8041615,-0.1074054,0.5702312,18.65025,110.1636,5.139735,0.1076408,0.03582257,-0.993544,0.0,0.0,0.0,0.8755107,-0.1908729,-2.602326,-0.1467796,0.03841969,0.8007009,-0.3164234,0.08488079,-0.944813,0.3298643,0.9436786,-0.02569461,0.8894189,-0.3197905,-0.3266011,moving,-65.31137,35.65954,-10.38778,2.747092,-62.44480109756379,37.39636970756627,64.02991466370078,62.53403786105812,124.29133117425957
1319,1319,05/15/2023 13:23:45.703454,1548,True,True,True,True,Eyes,0.1809248,0.08095226,-2.274601,0.8756348,-0.2838508,-0.3907588,0.0,0.0,0.0,0.0,0.0,0.0,0.0,-2.286027,-0.1546142,-0.8246171,0.08495979,0.08107994,-2.432288,0.1287827,0.801622,-0.1051323,0.5742513,18.44897,109.6099,5.184879,0.1049965,0.03580219,-0.9938277,0.0,0.0,0.0,0.8760954,-0.1885576,-2.602003,-0.1492632,0.04131682,0.7995483,-0.3073012,0.08572529,-0.9477433,0.3272147,0.9447244,-0.02064556,0.8935865,-0.3164599,-0.3183655,moving,-65.95081,35.99501,-10.57451,2.95814,-63.0549341661012,37.69999989513259,64.48231836005046,62.93799925026948,123.95299679212398
1320,1320,05/15/2023 13:23:45.713410,1549,True,True,True,True,Eyes,0.1772702,0.08083521,-2.282084,0.8807565,-0.2806019,-0.3814848,0.0,0.0,0.0,0.0,0.0,0.0,0.0,-2.302227,-0.1446752,-0.8059716,0.08433349,0.08015896,-2.440744,0.1288715,0.798858,-0.1039089,0.5782916,18.36488,109.0368,5.182068,0.102424,0.03576858,-0.9940973,0.0,0.0,0.0,0.8767279,-0.1860531,-2.601655,-0.1520467,0.04330026,0.7986214,-0.2979422,0.0857208,-0.9507273,0.3260792,0.9451902,-0.01696626,0.8971638,-0.3150674,-0.3095638,moving,-66.58096,36.33641,-10.77934,3.103467,-63.655908403036165,38.00964299648796,64.94805074107805,63.35907676709593,123.61704874570123
1321,1321,05/15/2023 13:23:45.733687,1550,True,True,True,True,Eyes,0.1737619,0.08069626,-2.289622,0.8857452,-0.2773333,-0.3722116,0.0,0.0,0.0,0.0,0.0,0.0,0.0,-2.318151,-0.1325119,-0.7885618,0.084055,0.07938899,-2.449458,0.1289989,0.7962021,-0.1020663,0.5822407,18.22488,108.4853,5.228953,0.09992407,0.03572206,-0.9943534,0.0,0.0,0.0,0.8772984,-0.1837945,-2.601341,-0.1545216,0.04430598,0.7979113,-0.2887105,0.08656415,-0.9534952,0.3242726,0.9458835,-0.01231393,0.9008294,-0.3127475,-0.3011569,moving,-67.20667,36.68964,-10.9601,3.178225,-64.25226001906896,38.3308395945224,65.47283079313988,63.84168412823303,123.23880709040525
1322,1322,05/15/2023 13:23:45.753393,1551,True,True,True,True,Eyes,0.1704178,0.08052424,-2.297162,0.8905689,-0.2739326,-0.3631088,0.0,0.0,0.0,0.0,0.0,0.0,0.0,-2.333562,-0.1178294,-0.7728505,0.08393794,0.07867391,-2.458344,0.128996,0.7937567,-0.09942839,0.5860242,18.00099,107.9676,5.324135,0.09749693,0.03566297,-0.9945964,0.0,0.0,0.0,0.8778783,-0.1814982,-2.601021,-0.1566871,0.04514427,0.7975782,-0.2798713,0.08824805,-0.955973,0.3213178,0.9469481,-0.006654279,0.9046695,-0.3090335,-0.2933792,moving,-67.81797,37.03124,-11.11442,3.239581,-64.83497306476026,38.64126674319888,66.0088539559261,64.3364373822792,122.84381151984145
1323,1323,05/15/2023 13:23:45.764058,1552,True,True,True,True,Eyes,0.1672208,0.08031059,-2.304759,0.8952327,-0.2705507,-0.3540632,0.0,0.0,0.0,0.0,0.0,0.0,0.0,-2.348269,-0.101047,-0.7590888,0.08397011,0.07768826,-2.467328,0.1290887,0.7915198,-0.09632494,0.5895373,17.7396,107.4954,5.46917,0.09514343,0.03559121,-0.9948268,0.0,0.0,0.0,0.87848,-0.1791161,-2.600689,-0.1582167,0.04535158,0.7974516,-0.2715641,0.09077825,-0.9581297,0.3179268,0.9481152,-0.0002809711,0.9083919,-0.3046914,-0.2863348,moving,-68.42128,37.38457,-11.22192,3.254941,-65.40962813331095,38.96326221937487,66.60779503997442,64.89523801518067,122.39641071403477
1324,1324,05/15/2023 13:23:45.783569,1553,True,True,True,True,Eyes,0.1641894,0.08009739,-2.312374,0.8997365,-0.2671437,-0.345121,0.0,0.0,0.0,0.0,0.0,0.0,0.0,-2.361972,-0.08184171,-0.7481213,0.0842157,0.07641014,-2.47636,0.130138,0.7894758,-0.09325866,0.5925328,17.5461,107.1035,5.716013,0.09286334,0.03550624,-0.9950452,0.0,0.0,0.0,0.8790639,-0.1768038,-2.600367,-0.1594942,0.04567258,0.7976536,-0.2639383,0.09496404,-0.9598536,0.3159993,0.9487338,0.006971226,0.9113076,-0.3014731,-0.2804157,moving,-69.01418,37.74196,-11.30741,3.277102,-65.97409067281275,39.28950144412505,67.21530882762545,65.46249987211378,121.9380590372377
1325,1325,05/15/2023 13:23:45.803463,1554,True,True,True,True,Eyes,0.1613207,0.07989169,-2.320048,0.9040915,-0.2637897,-0.3362049,0.0,0.0,0.0,0.0,0.0,0.0,0.0,-2.375592,-0.06268781,-0.7368298,0.08475481,0.07619253,-2.485417,0.1318387,0.7873106,-0.09043027,0.5954688,17.42187,106.7188,6.010015,0.09065757,0.03540951,-0.9952521,0.0,0.0,0.0,0.8796621,-0.1744354,-2.600038,-0.1613849,0.04746341,0.7977679,-0.2560709,0.0998992,-0.961482,0.3152928,0.9488818,0.01461826,0.9137933,-0.299405,-0.2744786,moving,-69.60132,38.11808,-11.43634,3.404814,-66.53246404742461,39.63399307809917,67.7360741022622,65.94039961754993,121.55291723562672
1326,1326,05/15/2023 13:23:45.813732,1555,True,True,True,True,Eyes,0.1586223,0.07968021,-2.327716,0.9083079,-0.2604713,-0.3273092,0.0,0.0,0.0,0.0,0.0,0.0,0.0,-2.389451,-0.0425405,-0.7244112,0.08570527,0.07610525,-2.494578,0.133426,0.7849696,-0.0873045,0.5986638,17.26654,106.2963,6.309025,0.08852655,0.03530253,-0.9954476,0.0,0.0,0.0,0.880271,-0.1720245,-2.599702,-0.163074,0.04851712,0.7983495,-0.2475986,0.1049386,-0.963163,0.3140027,0.9491509,0.02269184,0.9165683,-0.2968173,-0.2679595,moving,-70.18335,38.51263,-11.54464,3.477689,-67.08538594612065,39.99642728191763,68.30772578074593,66.47099146210108,121.13536606698759
1327,1327,05/15/2023 13:23:45.833479,1556,True,True,True,True,Eyes,0.1560478,0.0794353,-2.335448,0.9123596,-0.2572788,-0.3184456,0.0,0.0,0.0,0.0,0.0,0.0,0.0,-2.403733,-0.02277379,-0.7103608,0.08648389,0.0758334,-2.503964,0.1359071,0.7823076,-0.08506346,0.6019039,17.25936,105.8581,6.629024,0.08647051,0.03518616,-0.9956325,0.0,0.0,0.0,0.8808482,-0.1697391,-2.599384,-0.1651992,0.04849727,0.798966,-0.2384819,0.1102422,-0.9648694,0.3150423,0.948587,0.03051436,0.9186265,-0.2966976,-0.2609518,moving,-70.75922,38.93546,-11.68221,3.473595,-67.63157086850916,40.386340833474506,68.90309847763253,67.02896229661738,120.72900471645409
1328,1328,05/15/2023 13:23:45.853686,1557,True,True,True,True,Eyes,0.1535973,0.07920305,-2.343217,0.9162847,-0.2542515,-0.3094812,0.0,0.0,0.0,0.0,0.0,0.0,0.0,-2.417338,-0.005361848,-0.6972353,0.08682122,0.07475944,-2.513277,0.1376896,0.7799075,-0.08309085,0.6048818,17.2282,105.449,6.86999,0.08448797,0.03505994,-0.9958072,0.0,0.0,0.0,0.8814336,-0.1674211,-2.599061,-0.1670994,0.04904841,0.7997558,-0.2303193,0.11425,-0.9663852,0.3152905,0.9482749,0.03696552,0.9206222,-0.2961782,-0.2544279,moving,-71.33727,39.40451,-11.80149,3.509511,-68.17860667770162,40.82078177313591,69.5194940532395,67.60554867462766,120.31105042868366
1329,1329,05/15/2023 13:23:45.863905,1558,True,True,True,True,Eyes,0.1513094,0.07905507,-2.351033,0.9200523,-0.2512828,-0.3006003,0.0,0.0,0.0,0.0,0.0,0.0,0.0,-2.43004,0.007562794,-0.6863413,0.08715969,0.07487048,-2.522501,0.1406947,0.7776778,-0.08274771,0.6071038,17.42966,105.1381,7.126091,0.08257801,0.03492549,-0.9959721,0.0,0.0,0.0,0.8820393,-0.1650227,-2.598727,-0.1687387,0.05090018,0.800635,-0.22326,0.1183574,-0.9675466,0.3193032,0.9467157,0.04213049,0.920978,-0.2995347,-0.2491556,moving,-71.9067,39.89349,-11.90126,3.63767,-68.71675076283346,41.2747226323075,70.10804029115349,68.15091871331374,119.90381046964961
1330,1330,05/15/2023 13:23:45.883527,1559,True,True,True,True,Eyes,0.1491747,0.07897919,-2.358874,0.923866,-0.2480338,-0.2914633,0.0,0.0,0.0,0.0,0.0,0.0,0.0,-2.442278,0.02071317,-0.6761136,0.08872218,0.07670994,-2.531507,0.1417852,0.7757404,-0.08047222,0.6096295,17.32095,104.7932,7.333765,0.08074069,0.03478723,-0.9961275,0.0,0.0,0.0,0.882615,-0.1627432,-2.59841,-0.1700015,0.05636434,0.8018888,-0.2164977,0.1218605,-0.9686479,0.3180934,0.9468424,0.04802174,0.9230088,-0.2977239,-0.2437523,moving,-72.49045,40.39762,-11.96956,4.020677,-69.2683502677174,41.74283206380731,70.61203940134676,68.60111040502034,119.51297140609084
1331,1331,05/15/2023 13:23:45.903476,1560,True,True,True,True,Eyes,0.147174,0.07895967,-2.366724,0.9275247,-0.2448983,-0.2823524,0.0,0.0,0.0,0.0,0.0,0.0,0.0,-2.454602,0.02883604,-0.6632011,0.09018707,0.07828388,-2.539976,0.1399714,0.7739498,-0.07743724,0.6127098,16.94112,104.3556,7.313165,0.07897577,0.03464865,-0.9962739,0.0,0.0,0.0,0.88321,-0.1603874,-2.598082,-0.1703056,0.05863938,0.8032089,-0.2099895,0.1217686,-0.9700912,0.3115549,0.948823,0.05165868,0.9267352,-0.2913888,-0.2371804,moving,-73.06897,40.93674,-11.97121,4.17555,-69.81393050026863,42.24486587973252,71.30442740274758,69.24632211477409,119.00293960429418
1332,1332,05/15/2023 13:23:45.913288,1561,True,True,True,True,Eyes,0.1453012,0.0789759,-2.374605,0.9311886,-0.2416421,-0.2729413,0.0,0.0,0.0,0.0,0.0,0.0,0.0,-2.467305,0.03559417,-0.6470852,0.09134901,0.07961223,-2.548116,0.1404298,0.7714629,-0.07660781,0.6158375,16.92765,103.8958,7.345737,0.07728236,0.03451221,-0.9964114,0.0,0.0,0.0,0.8838239,-0.1579565,-2.597744,-0.1701678,0.0612944,0.8052974,-0.2020475,0.1223167,-0.9717075,0.3110286,0.9488214,0.05476364,0.9286755,-0.291164,-0.2297509,moving,-73.66357,41.51931,-11.93167,4.352618,-70.3738989460025,42.788318567031695,72.05685582810885,69.94853252396003,118.4400706798465
1333,1333,05/15/2023 13:23:45.940544,1562,True,True,True,True,Eyes,0.143547,0.07900538,-2.382487,0.9347463,-0.2383998,-0.2634673,0.0,0.0,0.0,0.0,0.0,0.0,0.0,-2.480634,0.05282278,-0.626672,0.09261175,0.08035438,-2.556173,0.1407047,0.7683827,-0.07341703,0.6200001,16.6963,103.3042,7.510236,0.07565917,0.03437922,-0.9965407,0.0,0.0,0.0,0.8843919,-0.1557078,-2.597431,-0.1718751,0.06941788,0.8066959,-0.1916042,0.125193,-0.9734551,0.3072673,0.9496242,0.06164913,0.9321346,-0.2872986,-0.2204197,moving,-74.259,42.14053,-12.02762,4.918306,-70.93361726702366,43.36903699755384,72.51371329762789,70.34468869977923,118.09069914361758
1334,1334,05/15/2023 13:23:45.956128,1563,True,True,True,True,Eyes,0.1418983,0.07907907,-2.390392,0.9382403,-0.2352912,-0.2536592,0.0,0.0,0.0,0.0,0.0,0.0,0.0,-2.495242,0.06732845,-0.6058302,0.09425379,0.0807294,-2.565617,0.1408016,0.7652017,-0.07087263,0.6241943,16.51335,102.6963,7.612382,0.0741052,0.03424997,-0.9966618,0.0,0.0,0.0,0.8849912,-0.1533348,-2.5971,-0.1736028,0.06960341,0.8080603,-0.181113,0.1270066,-0.9752269,0.3039598,0.950304,0.0673114,0.9353111,-0.2842388,-0.2107173,moving,-74.87139,42.84862,-12.12506,4.923101,-71.50739202568536,44.03304084843916,73.31743939806042,71.1044917832711,117.5969891641945
1335,1335,05/15/2023 13:23:45.963290,1564,True,True,True,True,Eyes,0.1404071,0.07921296,-2.398357,0.9416447,-0.2321576,-0.2437378,0.0,0.0,0.0,0.0,0.0,0.0,0.0,-2.509153,0.08447352,-0.5792816,0.09518012,0.08176194,-2.573482,0.1426273,0.7611739,-0.06907097,0.6288887,16.53156,102.0085,7.808863,0.07261803,0.03412591,-0.9967756,0.0,0.0,0.0,0.8856019,-0.1509165,-2.596764,-0.1748929,0.06884407,0.8103545,-0.1683128,0.1302525,-0.9770901,0.3040043,0.9497733,0.07424338,0.9376844,-0.2845434,-0.1994564,moving,-75.48792,43.60607,-12.17893,4.855932,-72.08383025486388,44.744540282843744,74.22668933637782,71.9701198087605,117.0405362210444
1336,1336,05/15/2023 13:23:45.983438,1565,True,True,True,True,Eyes,0.139007,0.07939477,-2.406332,0.9449731,-0.2291258,-0.2335106,0.0,0.0,0.0,0.0,0.0,0.0,0.0,-2.523299,0.09330471,-0.5519149,0.09673163,0.0832445,-2.581485,0.1415887,0.7574608,-0.06697054,0.6338146,16.31614,101.2716,7.760966,0.07119863,0.03400905,-0.996882,0.0,0.0,0.0,0.8862056,-0.1485263,-2.596431,-0.1765497,0.07726002,0.8121035,-0.1564637,0.129602,-0.9791439,0.2993896,0.9509351,0.07802688,0.9412148,-0.2809371,-0.1875883,moving,-76.11981,44.45698,-12.26514,5.434516,-72.67259565841965,45.54573372401887,74.83429412669165,72.51186445284372,116.63431080213856
1337,1337,05/15/2023 13:23:46.003403,1566,True,True,True,True,Eyes,0.1377135,0.07962433,-2.414284,0.9481336,-0.2262846,-0.2232439,0.0,0.0,0.0,0.0,0.0,0.0,0.0,-2.536884,0.09282732,-0.525434,0.09754117,0.08453514,-2.589173,0.1411415,0.7539154,-0.06760924,0.6380594,16.38299,100.6083,7.579128,0.06984334,0.03390056,-0.9969815,0.0,0.0,0.0,0.8867579,-0.1463397,-2.596127,-0.1785593,0.07464979,0.8133496,-0.1459189,0.12654,-0.9811705,0.2990949,0.9510162,0.07817,0.9430006,-0.2820566,-0.1766187,moving,-76.75069,45.38755,-12.38204,5.243955,-73.25821063108243,46.42381943964429,75.86060454772638,73.49618620018418,116.09623830066283
1338,1338,05/15/2023 13:23:46.014178,1567,True,True,True,True,Eyes,0.1365161,0.0798971,-2.422211,0.9511884,-0.2234876,-0.2128236,0.0,0.0,0.0,0.0,0.0,0.0,0.0,-2.549751,0.09308252,-0.4998083,0.09872384,0.08595005,-2.596646,0.141396,0.7503375,-0.06853988,0.6421083,16.52533,99.97105,7.441815,0.06855167,0.03380171,-0.9970745,0.0,0.0,0.0,0.8873729,-0.1439046,-2.595788,-0.179611,0.06824958,0.8154058,-0.1354083,0.1241694,-0.9829784,0.3002095,0.9506189,0.07872698,0.9442134,-0.2844391,-0.1659985,moving,-77.38808,46.4001,-12.42228,4.784513,-73.84789483355964,47.38080009760366,77.15187781897839,74.74991526538541,115.42265782554176
1339,1339,05/15/2023 13:23:46.033428,1568,True,True,True,True,Eyes,0.1353969,0.08021428,-2.430106,0.9540766,-0.2208727,-0.2023684,0.0,0.0,0.0,0.0,0.0,0.0,0.0,-2.562199,0.09594513,-0.473722,0.0997484,0.0872445,-2.60402,0.1407671,0.7468436,-0.06817269,0.6463451,16.48694,99.31342,7.317798,0.06732167,0.03371333,-0.9971613,0.0,0.0,0.0,0.8879676,-0.1415494,-2.59546,-0.1790436,0.07284022,0.8171638,-0.1248456,0.1221358,-0.9846302,0.2983881,0.9510743,0.0801395,0.9462444,-0.2837968,-0.1551813,moving,-78.02453,47.5034,-12.35843,5.09376,-74.43419398185428,48.42537111245724,78.1704180245929,75.70355999246075,114.80437808244915
1340,1340,05/15/2023 13:23:46.053735,1569,True,True,True,True,Eyes,0.1343607,0.08055884,-2.43797,0.9568211,-0.2183162,-0.1919156,0.0,0.0,0.0,0.0,0.0,0.0,0.0,-2.574317,0.0979672,-0.4471312,0.1004187,0.0886621,-2.611261,0.1412209,0.7431796,-0.06888159,0.6503817,16.62328,98.67454,7.212727,0.06615004,0.03363616,-0.9972423,0.0,0.0,0.0,0.8885402,-0.1392824,-2.595145,-0.1775656,0.07704484,0.8187461,-0.1141208,0.1203063,-0.9861557,0.2995036,0.9506239,0.08131216,0.9472457,-0.2860777,-0.1445181,moving,-78.65833,48.68221,-12.23652,5.375762,-75.01586756925298,49.542881665390006,79.292529799804,76.75924010018566,114.12345073999738
1341,1341,05/15/2023 13:23:46.063437,1570,True,True,True,True,Eyes,0.133393,0.08096258,-2.4458,0.9593649,-0.2160377,-0.1815121,0.0,0.0,0.0,0.0,0.0,0.0,0.0,-2.585964,0.1013166,-0.4220953,0.1012706,0.08967349,-2.618653,0.1412278,0.739742,-0.06893844,0.6542814,16.6664,98.06042,7.119583,0.06503573,0.0335703,-0.9973177,0.0,0.0,0.0,0.8891265,-0.1369612,-2.594821,-0.1759496,0.08028086,0.8205898,-0.1039414,0.118734,-0.9874707,0.2991545,0.9506044,0.08281209,0.9485267,-0.2867987,-0.134327,moving,-79.28626,49.96345,-12.10203,5.587643,-75.58906301963657,50.759406707998345,80.51666291888995,77.91720989696475,113.41971133556135
1342,1342,05/15/2023 13:23:46.083931,1571,True,True,True,True,Eyes,0.132493,0.08141945,-2.453657,0.9618384,-0.2136438,-0.1709476,0.0,0.0,0.0,0.0,0.0,0.0,0.0,-2.596495,0.1050474,-0.4005969,0.1018796,0.09154224,-2.625745,0.1431125,0.7365361,-0.07012268,0.6573556,16.94462,97.56486,7.123443,0.06397521,0.03351698,-0.9973881,0.0,0.0,0.0,0.8897251,-0.1345908,-2.594491,-0.1740645,0.08194949,0.8221551,-0.09480504,0.1186239,-0.988403,0.3030061,0.9492033,0.08485582,0.9482613,-0.2914473,-0.1259331,moving,-79.92205,51.33487,-11.95399,5.692237,-76.1674115316956,52.06269619848715,81.87128389940082,79.20595300282542,112.67275949459089
1343,1343,05/15/2023 13:23:46.103875,1572,True,True,True,True,Eyes,0.1316436,0.0818869,-2.461483,0.9641718,-0.2112703,-0.1604293,0.0,0.0,0.0,0.0,0.0,0.0,0.0,-2.607307,0.1140407,-0.3752,0.1026748,0.0931243,-2.632986,0.142721,0.7331183,-0.06834262,0.6614362,16.79858,96.93937,7.131796,0.06296677,0.03347708,-0.9974536,0.0,0.0,0.0,0.8903177,-0.1322444,-2.594165,-0.172322,0.08010454,0.8236047,-0.08426622,0.1188542,-0.9893296,0.2996713,0.94992,0.08859521,0.9503139,-0.2890081,-0.1156635,moving,-80.55306,52.78857,-11.81746,5.555167,-76.73888701983246,53.445524107042274,83.40010231600684,80.67389906364677,111.8953692208684
1344,1344,05/15/2023 13:23:46.123385,1573,True,True,True,True,Eyes,0.1308543,0.08238947,-2.469327,0.9663916,-0.2088442,-0.149905,0.0,0.0,0.0,0.0,0.0,0.0,0.0,-2.617417,0.118765,-0.3532465,0.1029566,0.09384118,-2.640142,0.1421194,0.7302425,-0.06751531,0.6648232,16.71275,96.40863,7.064515,0.06200853,0.03344968,-0.9975145,0.0,0.0,0.0,0.8909166,-0.1298731,-2.593835,-0.1691128,0.08205243,0.8251925,-0.07562459,0.1177917,-0.9901547,0.2973347,0.9504875,0.09036348,0.9517738,-0.2875737,-0.1069038,moving,-81.18266,54.32983,-11.58169,5.6785,-77.30660925999504,54.91287921253485,84.91906108589403,82.12057664298608,111.07023278917737
1345,1345,05/15/2023 13:23:46.133792,1574,True,True,True,True,Eyes,0.1301355,0.08290497,-2.477144,0.9685316,-0.2061994,-0.1393855,0.0,0.0,0.0,0.0,0.0,0.0,0.0,-2.627386,0.1310994,-0.3299732,0.1036112,0.09506002,-2.647538,0.1427174,0.726939,-0.06575381,0.6684819,16.64291,95.84773,7.169888,0.06109758,0.03343485,-0.9975713,0.0,0.0,0.0,0.8915138,-0.1275085,-2.593506,-0.1646677,0.08618928,0.8266422,-0.06552755,0.1195833,-0.9906594,0.2954042,0.9506164,0.09521005,0.9531226,-0.286406,-0.09761704,moving,-81.81055,55.94232,-11.26589,5.952397,-77.87073301752714,56.44901478762552,86.46121359350406,83.58297387254758,110.19395790820347
1346,1346,05/15/2023 13:23:46.153289,1575,True,True,True,True,Eyes,0.1294603,0.08341931,-2.485012,0.9705842,-0.2034049,-0.1288126,0.0,0.0,0.0,0.0,0.0,0.0,0.0,-2.636994,0.1419181,-0.3068848,0.1044754,0.09580885,-2.6548,0.1404379,0.724075,-0.06196794,0.6724229,16.17704,95.25815,7.179982,0.06023121,0.03343179,-0.9976241,0.0,0.0,0.0,0.8920992,-0.1251907,-2.593183,-0.1598157,0.09110202,0.8282292,-0.05624904,0.1200378,-0.9911745,0.2867125,0.9528744,0.09912848,0.9563639,-0.2786062,-0.08801465,moving,-82.44008,57.65466,-10.9216,6.27708,-78.4337222335545,58.081440028671366,88.05991544492193,85.09746392495259,109.29419869059845
1347,1347,05/15/2023 13:23:46.164057,1576,True,True,True,True,Eyes,0.128842,0.08392978,-2.492861,0.9724869,-0.2007005,-0.118273,0.0,0.0,0.0,0.0,0.0,0.0,0.0,-2.647084,0.1464994,-0.2818758,0.1048702,0.09612598,-2.662279,0.1388348,0.7209395,-0.06046881,0.6762505,15.95981,94.65681,7.073677,0.05940838,0.03343918,-0.9976732,0.0,0.0,0.0,0.8927199,-0.1227328,-2.592841,-0.155275,0.09525074,0.8296388,-0.04682063,0.1183989,-0.9918617,0.2819671,0.9541368,0.1005855,0.958281,-0.2749629,-0.07805785,moving,-83.0658,59.48912,-10.60082,6.549446,-78.98969143686469,59.83181322231056,89.74286829395791,86.69514630716739,108.40929588151612
1348,1348,05/15/2023 13:23:46.183907,1577,True,True,True,True,Eyes,0.1282708,0.08444268,-2.500719,0.9742783,-0.1979343,-0.1077208,0.0,0.0,0.0,0.0,0.0,0.0,0.0,-2.656956,0.1481887,-0.2579913,0.105513,0.09656772,-2.669733,0.1383755,0.7177708,-0.0605857,0.679696,15.96678,94.09679,6.946945,0.05862635,0.03345577,-0.9977189,0.0,0.0,0.0,0.893286,-0.1204916,-2.592529,-0.151206,0.09613279,0.8310876,-0.03773116,0.1162841,-0.9924991,0.2810036,0.9543632,0.1011333,0.9589646,-0.2750799,-0.06868547,moving,-83.69073,61.44385,-10.31147,6.598141,-79.54161586753104,61.69825468333986,91.61095782634456,88.48070764159044,107.5152021010545
1349,1349,05/15/2023 13:23:46.203464,1578,True,True,True,True,Eyes,0.1277417,0.08495621,-2.508563,0.9759291,-0.195226,-0.09720757,0.0,0.0,0.0,0.0,0.0,0.0,0.0,-2.666776,0.1502744,-0.2329469,0.1059906,0.09708612,-2.67729,0.1370342,0.7146079,-0.05984026,0.6833566,15.83161,93.50912,6.809255,0.05788425,0.03348064,-0.9977614,0.0,0.0,0.0,0.8938724,-0.1181694,-2.592206,-0.1473198,0.1011043,0.8319911,-0.02849075,0.1140669,-0.9930645,0.2776359,0.9552816,0.1017618,0.9602638,-0.2728111,-0.05888572,moving,-84.31181,63.53023,-10.04123,6.92866,-80.08622167013593,63.69184044986498,93.38017337744293,90.15741518507141,106.68981661761903
1350,1350,05/15/2023 13:23:46.213425,1579,True,True,True,True,Eyes,0.1272634,0.08546861,-2.516406,0.9774564,-0.1924852,-0.0867661,0.0,0.0,0.0,0.0,0.0,0.0,0.0,-2.676306,0.1522294,-0.2088964,0.106361,0.09763128,-2.68488,0.1363321,0.7114978,-0.05964204,0.6867514,15.79063,92.95647,6.688822,0.05717936,0.03351296,-0.9978009,0.0,0.0,0.0,0.8944972,-0.1156957,-2.591861,-0.1430074,0.1030848,0.833101,-0.0195723,0.1120814,-0.9935063,0.2759184,0.9557129,0.1023821,0.9609818,-0.2721228,-0.04963087,moving,-84.92731,65.73569,-9.740281,7.05371,-80.62217615946638,65.80049650159651,95.37643370648351,92.06208766730063,105.80355865430191
1351,1351,05/15/2023 13:23:46.233254,1580,True,True,True,True,Eyes,0.1268301,0.0859751,-2.52424,0.9788685,-0.1896818,-0.07640238,0.0,0.0,0.0,0.0,0.0,0.0,0.0,-2.685688,0.1561724,-0.1860709,0.1069933,0.09809978,-2.692742,0.134959,0.7086018,-0.05830196,0.6901235,15.59897,92.41951,6.605367,0.05651022,0.03355186,-0.9978377,0.0,0.0,0.0,0.8950467,-0.1135201,-2.591558,-0.1395042,0.1086134,0.8341261,-0.01103139,0.1107933,-0.9937823,0.2717355,0.9567739,0.1036511,0.9623089,-0.2689026,-0.04066092,moving,-85.53702,68.0608,-9.494611,7.418866,-81.14926041245664,68.02477939263555,97.2619767729591,93.84809811912926,105.01415681292666
1352,1352,05/15/2023 13:23:46.253767,1581,True,True,True,True,Eyes,0.1264392,0.08647504,-2.532076,0.9801577,-0.1868756,-0.06609389,0.0,0.0,0.0,0.0,0.0,0.0,0.0,-2.694623,0.1596806,-0.1653554,0.1075407,0.09844349,-2.700477,0.1333652,0.7060267,-0.05680172,0.693191,15.37302,91.93275,6.524941,0.05587606,0.03359636,-0.997872,0.0,0.0,0.0,0.895664,-0.1110757,-2.591218,-0.136071,0.1129074,0.8347208,-0.00340019,0.1095699,-0.9939733,0.2670676,0.9579746,0.104688,0.9636718,-0.2651021,-0.03251985,moving,-86.14228,70.5224,-9.258564,7.703281,-81.66831296951979,70.38089531693058,99.28417546570459,95.76875838336203,104.22313725446041
1353,1353,05/15/2023 13:23:46.264072,1582,True,True,True,True,Eyes,0.1260899,0.08697427,-2.539918,0.981326,-0.1840729,-0.05582423,0.0,0.0,0.0,0.0,0.0,0.0,0.0,-2.703525,0.1643184,-0.1438992,0.1080652,0.09877275,-2.70838,0.1322816,0.7032809,-0.05550107,0.6962882,15.20527,91.43729,6.472061,0.05527493,0.03364556,-0.9979038,0.0,0.0,0.0,0.8962147,-0.1088951,-2.590915,-0.1335448,0.1128461,0.8356161,0.004631274,0.1087727,-0.9940559,0.2633517,0.9588425,0.1061465,0.9646889,-0.2622779,-0.02420477,moving,-86.74416,73.1289,-9.079995,7.691,-82.18014076320799,72.87692518015376,101.55708385709598,97.94302503085586,103.4431073601045
1354,1354,05/15/2023 13:23:46.283814,1583,True,True,True,True,Eyes,0.1257779,0.08746418,-2.547795,0.9823683,-0.1813144,-0.04558139,0.0,0.0,0.0,0.0,0.0,0.0,0.0,-2.712432,0.1704961,-0.1206317,0.108607,0.09923577,-2.71648,0.1315174,0.7002509,-0.05412841,0.699587,15.05954,90.90762,6.448639,0.05470356,0.03369907,-0.9979335,0.0,0.0,0.0,0.8968371,-0.106431,-2.590572,-0.1314053,0.1138313,0.8362291,0.01343763,0.1084553,-0.9940105,0.2599254,0.9595466,0.1082088,0.9655352,-0.2598227,-0.01529618,moving,-87.34341,75.8886,-8.930449,7.751715,-82.68524381397367,75.52085378775158,103.88083341161038,100.16199843296306,102.70490133790398
1355,1355,05/15/2023 13:23:46.303890,1584,True,True,True,True,Eyes,0.1254948,0.08794093,-2.555693,0.98329,-0.1785744,-0.03538273,0.0,0.0,0.0,0.0,0.0,0.0,0.0,-2.721386,0.1756872,-0.0958128,0.1090747,0.09947783,-2.724738,0.1304039,0.6970823,-0.05277091,0.703055,14.88819,90.34728,6.392601,0.05416132,0.03375593,-0.9979612,0.0,0.0,0.0,0.8974143,-0.1041454,-2.590254,-0.1292423,0.1141155,0.836785,0.02258307,0.1076028,-0.9939375,0.2560062,0.9604201,0.1097909,0.9664113,-0.2569336,-0.005857749,moving,-87.93916,78.79258,-8.780017,7.765738,-83.18302279143134,78.30410188501058,106.35310152970347,102.52545074455382,101.96137444240361
1356,1356,05/15/2023 13:23:46.313798,1585,True,True,True,True,Eyes,0.1252444,0.08840686,-2.563601,0.9840919,-0.1758586,-0.02523551,0.0,0.0,0.0,0.0,0.0,0.0,0.0,-2.730374,0.1799891,-0.07209373,0.1093786,0.09963408,-2.733248,0.129573,0.6940464,-0.05187917,0.7062712,14.77598,89.82101,6.328161,0.05364632,0.03381525,-0.997987,0.0,0.0,0.0,0.8980316,-0.1017013,-2.589913,-0.1269224,0.11423,0.8371924,0.0312162,0.1065778,-0.9938142,0.2531409,0.9610388,0.1110142,0.9669257,-0.2550405,0.003020796,moving,-88.53106,81.83387,-8.620671,7.769695,-83.67332879661926,81.21995538516819,108.95490942845093,105.01353338015744,101.21087987974853
1357,1357,05/15/2023 13:23:46.333647,1586,True,True,True,True,Eyes,0.1250252,0.08885811,-2.571535,0.9847935,-0.1730688,-0.01512814,0.0,0.0,0.0,0.0,0.0,0.0,0.0,-2.739132,0.1853049,-0.0487566,0.1097985,0.09982906,-2.741812,0.1284526,0.6910879,-0.05041698,0.7094758,14.59312,89.30164,6.288718,0.05315876,0.03387613,-0.9980111,0.0,0.0,0.0,0.8986055,-0.09942874,-2.589597,-0.1247422,0.1165024,0.8372476,0.03971134,0.1060048,-0.9935725,0.2490833,0.9619161,0.1125829,0.9676677,-0.2519532,0.01179493,moving,-89.1199,85.00441,-8.474204,7.9218,-84.15714671461727,84.26061275927343,111.55920870881307,107.49661460455137,100.49724961925585
1358,1358,05/15/2023 13:23:46.353617,1587,True,True,True,True,Eyes,0.1248305,0.08927949,-2.579515,0.9853848,-0.1702698,-0.004985857,0.0,0.0,0.0,0.0,0.0,0.0,0.0,-2.747817,0.1898244,-0.02494454,0.1102229,0.09989907,-2.750459,0.1268008,0.6881475,-0.04866919,0.7127453,14.34361,88.77283,6.23005,0.05269632,0.03393785,-0.9980334,0.0,0.0,0.0,0.8991928,-0.09710379,-2.589273,-0.1229021,0.1184318,0.8370508,0.04816856,0.1051379,-0.9932904,0.2438928,0.9631057,0.1137702,0.9686052,-0.2477365,0.02074901,moving,-89.7101,88.32274,-8.352912,8.053156,-84.6382516283633,87.4438238812678,114.28997399072412,110.1014586136283,99.8026542387129
1359,1359,05/15/2023 13:23:46.363716,1588,True,True,True,True,Eyes,0.1246577,0.08967771,-2.587532,0.9858676,-0.167448,0.005121446,0.0,0.0,0.0,0.0,0.0,0.0,0.0,-2.756559,0.1940295,2.455711e-05,0.1104896,0.09957089,-2.759373,0.1251249,0.6850759,-0.04709461,0.7160983,14.10681,88.22565,6.155368,0.05225745,0.03399905,-0.9980535,0.0,0.0,0.0,0.8997841,-0.09476203,-2.588948,-0.1216447,0.1187243,0.8370782,0.05690608,0.1039913,-0.9929489,0.2388888,0.9642517,0.1146766,0.9693781,-0.2437302,0.0300294,moving,89.70235,-88.24814,-8.268374,8.072525,84.30310175095352,-77.29623695433078,137.38971310518994,125.9257862406448,99.12894394013179
1360,1360,05/15/2023 13:23:46.383933,1589,True,True,True,True,Eyes,0.1245012,0.09005181,-2.595605,0.9862361,-0.1646441,0.01518781,0.0,0.0,0.0,0.0,0.0,0.0,0.0,-2.76528,0.1962727,0.0252912,0.1107363,0.09940767,-2.768355,0.1236624,0.6819596,-0.04616193,0.7193801,13.93859,87.68066,6.047432,0.05184087,0.03405882,-0.9980725,0.0,0.0,0.0,0.9003838,-0.0923879,-2.588617,-0.1205814,0.1190365,0.8367825,0.06560019,0.1022496,-0.9925934,0.2350815,0.9651534,0.1149594,0.9697595,-0.2408817,0.03927722,moving,89.11773,-84.72959,-8.199948,8.096292,83.83286078105803,-73.91966695291417,134.48931117523657,123.27471523024052,98.47401285699596
1361,1361,05/15/2023 13:23:46.404418,1590,True,True,True,True,Eyes,0.1243626,0.09039981,-2.603718,0.9865044,-0.1617762,0.02525017,0.0,0.0,0.0,0.0,0.0,0.0,0.0,-2.77381,0.1993764,0.05143237,0.1108326,0.09917279,-2.777462,0.1218376,0.6787958,-0.04467925,0.7227696,13.69641,87.12186,5.956359,0.05144501,0.03411627,-0.9980905,0.0,0.0,0.0,0.9009792,-0.09003037,-2.588289,-0.1189493,0.1195026,0.8363936,0.0744803,0.1008201,-0.992113,0.2299913,0.9663187,0.1154649,0.9703386,-0.2367772,0.04878399,moving,88.5338,-81.12881,-8.094147,8.131296,83.36553041242088,-70.46373502565349,131.54591086220069,120.59042870106867,97.78389488149318
1362,1362,05/15/2023 13:23:46.423604,1591,True,True,True,True,Eyes,0.1242393,0.09072099,-2.611861,0.9866513,-0.158957,0.0353822,0.0,0.0,0.0,0.0,0.0,0.0,0.0,-2.782012,0.2039396,0.07880616,0.1110029,0.09886798,-2.786628,0.1201837,0.6754322,-0.04301826,0.7262897,13.45539,86.54004,5.893688,0.05106855,0.03417055,-0.9981076,0.0,0.0,0.0,0.9016553,-0.0873535,-2.587916,-0.1175052,0.1215037,0.8358006,0.08388163,0.09986445,-0.991459,0.2248393,0.9674106,0.1164645,0.9707787,-0.2326882,0.05869457,moving,87.9462,-77.45113,-8.002761,8.271376,82.8967427524863,-66.93372058239439,128.6644906409673,117.9768042219128,97.11899131867192
1363,1363,05/15/2023 13:23:46.433616,1592,True,True,True,True,Eyes,0.1241285,0.09103326,-2.620055,0.9866911,-0.1561095,0.04550238,0.0,0.0,0.0,0.0,0.0,0.0,0.0,-2.790246,0.2074615,0.1081431,0.1111514,0.09857415,-2.796093,0.1186271,0.6718134,-0.04174717,0.7299669,13.2547,85.92383,5.804625,0.0507102,0.03422091,-0.9981238,0.0,0.0,0.0,0.9021666,-0.08532882,-2.587634,-0.1170597,0.122673,0.8351024,0.09384811,0.09844236,-0.9907076,0.2203386,0.9683696,0.117095,0.9708983,-0.2292802,0.06918898,moving,87.35961,-73.7498,-7.97939,8.356744,82.42957817024573,-63.38085557237572,125.82133955980574,115.41258474713676,96.51270331661445
1364,1364,05/15/2023 13:23:46.453982,1593,True,True,True,True,Eyes,0.1240288,0.09132729,-2.628294,0.9866236,-0.1532241,0.05564367,0.0,0.0,0.0,0.0,0.0,0.0,0.0,-2.798415,0.2094151,0.1363025,0.1112309,0.09866416,-2.80561,0.1170975,0.6683784,-0.04074048,0.7334159,13.07477,85.34114,5.701561,0.05036866,0.03426732,-0.9981392,0.0,0.0,0.0,0.9027717,-0.08293272,-2.587301,-0.1173781,0.1226684,0.8342945,0.1032212,0.09677139,-0.9899397,0.2162902,0.9692568,0.1173022,0.9708574,-0.2262224,0.07911712,moving,86.77205,-70.04139,-8.008465,8.364408,81.96166723470412,-59.82118978240867,123.00737857414094,112.88888536642817,95.94489478904055
1365,1365,05/15/2023 13:23:46.463470,1594,True,True,True,True,Eyes,0.1239356,0.09159142,-2.636583,0.986467,-0.150193,0.06576419,0.0,0.0,0.0,0.0,0.0,0.0,0.0,-2.80635,0.2135903,0.1632986,0.1113031,0.0985164,-2.815279,0.1151743,0.6651366,-0.038766,0.7367669,12.78438,84.78403,5.6547,0.05004269,0.03430941,-0.998154,0.0,0.0,0.0,0.9033598,-0.08060429,-2.586977,-0.1179696,0.1222595,0.8333684,0.1121812,0.09609032,-0.989031,0.2103363,0.9704642,0.1181439,0.9711715,-0.2212827,0.08865654,moving,86.18594,-66.3531,-8.057115,8.346052,81.49461192844328,-56.28089147203272,120.2568780787699,110.43619704790538,95.39254233409488
1366,1366,05/15/2023 13:23:46.484023,1595,True,True,True,True,Eyes,0.1238438,0.09183436,-2.64491,0.9862097,-0.1470925,0.07585742,0.0,0.0,0.0,0.0,0.0,0.0,0.0,-2.813909,0.2175836,0.1907399,0.1112616,0.09801319,-2.824859,0.1127281,0.6619112,-0.03635645,0.740165,12.41577,84.22129,5.60658,0.04973102,0.03434641,-0.9981682,0.0,0.0,0.0,0.9039335,-0.07833278,-2.586661,-0.1187727,0.1225955,0.8323216,0.1211036,0.09541236,-0.9880437,0.2030515,0.9719411,0.1187452,0.9716501,-0.2150042,0.09833198,moving,85.60158,-62.71928,-8.121308,8.37904,81.02776609342801,-52.7930941133219,117.63907021854153,108.11839530669033,94.86317306288994
1367,1367,05/15/2023 13:23:46.503489,1596,True,True,True,True,Eyes,0.1237499,0.09205253,-2.65328,0.9858416,-0.1439562,0.08598123,0.0,0.0,0.0,0.0,0.0,0.0,0.0,-2.821007,0.2243035,0.2193987,0.1111326,0.0977421,-2.834542,0.1114367,0.6583883,-0.03439521,0.7435885,12.18195,83.64396,5.611772,0.04943233,0.034378,-0.9981818,0.0,0.0,0.0,0.904503,-0.07607779,-2.586347,-0.1193109,0.1228765,0.8311138,0.1306837,0.09558544,-0.9868056,0.197889,0.9727977,0.1204353,0.9714741,-0.2110169,0.1082136,moving,85.0155,-59.15124,-8.169311,8.410003,80.5574607086973,-49.368819060596046,115.09965489440344,105.88121786491364,94.31523746341931
1368,1368,05/15/2023 13:23:46.513378,1597,True,True,True,True,Eyes,0.1236464,0.09228461,-2.661656,0.985329,-0.1410719,0.09604833,0.0,0.0,0.0,0.0,0.0,0.0,0.0,-2.827232,0.2327538,0.2508826,0.1108713,0.09732178,-2.844045,0.1102718,0.6544818,-0.03220372,0.7472996,11.94459,83.01434,5.643549,0.04914527,0.03440374,-0.9981951,0.0,0.0,0.0,0.9051082,-0.07368172,-2.586013,-0.1196196,0.1246935,0.8298095,0.1412332,0.09621009,-0.9852903,0.1924734,0.9736061,0.1226586,0.9710857,-0.2069656,0.1189876,moving,84.43249,-55.75114,-8.202856,8.545762,80.0855489341908,-46.10648602832834,112.76257772566801,103.835016542463,93.77149571502802
1369,1369,05/15/2023 13:23:46.533683,1598,True,True,True,True,Eyes,0.1235603,0.09257098,-2.670081,0.9846883,-0.1381759,0.1062844,0.0,0.0,0.0,0.0,0.0,0.0,0.0,-2.832529,0.2463657,0.2862427,0.1105533,0.097936,-2.853775,0.1112318,0.6498083,-0.03078449,0.7512851,11.95489,82.31931,5.766938,0.04886843,0.03442474,-0.9982079,0.0,0.0,0.0,0.9056882,-0.07138488,-2.585693,-0.1203661,0.1254963,0.8283337,0.1536032,0.09830283,-0.9832308,0.1908145,0.9733596,0.1271256,0.9695339,-0.2071416,0.1307535,moving,83.83951,-52.43264,-8.267848,8.615049,79.60175629813843,-42.92319805234445,110.50151912974268,101.8688287394133,93.23918965108801
1370,1370,05/15/2023 13:23:46.553594,1599,True,True,True,True,Eyes,0.1234761,0.09285912,-2.678531,0.9839293,-0.13515,0.1166948,0.0,0.0,0.0,0.0,0.0,0.0,0.0,-2.83661,0.2616875,0.3273251,0.1107515,0.09945686,-2.863533,0.1109776,0.6444635,-0.02750751,0.7560385,11.72777,81.5013,5.947172,0.04860145,0.03444346,-0.9982204,0.0,0.0,0.0,0.9062708,-0.06907805,-2.585372,-0.1217509,0.125162,0.8268671,0.1678203,0.1014485,-0.9805838,0.1846354,0.9738546,0.1323514,0.9683729,-0.2032618,0.1447016,moving,83.23627,-49.19114,-8.376247,8.607462,79.10592738179781,-39.81452587840391,108.32142753965944,99.98909812906395,92.72776415635833
1371,1371,05/15/2023 13:23:46.564259,1600,True,True,True,True,Eyes,0.1233879,0.09316114,-2.687035,0.9830201,-0.132256,0.1271999,0.0,0.0,0.0,0.0,0.0,0.0,0.0,-2.840486,0.2701438,0.371722,0.1106985,0.09976725,-2.873553,0.1085278,0.6389873,-0.02393818,0.7611465,11.29166,80.61958,5.985294,0.0483435,0.03446015,-0.9982324,0.0,0.0,0.0,0.9068788,-0.06667057,-2.585037,-0.1237964,0.124789,0.8252127,0.1822445,0.1022548,-0.9779219,0.1751367,0.9752974,0.1346187,0.9675301,-0.1958035,0.1598339,moving,82.62706,-46.11639,-8.531754,8.599137,78.59976951999055,-36.86693100913816,106.31894593521103,98.28054604613388,92.2572675054461
1372,1372,05/15/2023 13:23:46.583833,1601,True,True,True,True,Eyes,0.1233345,0.09354314,-2.695564,0.9819586,-0.1294771,0.1378148,0.0,0.0,0.0,0.0,0.0,0.0,0.0,-2.844355,0.2786649,0.4109344,0.1104133,0.1004022,-2.883506,0.1088723,0.6338955,-0.02319912,0.7653661,11.307,79.85941,6.000938,0.04809354,0.03447547,-0.998244,0.0,0.0,0.0,0.9074731,-0.06431775,-2.58471,-0.1266536,0.1258802,0.8230493,0.1952767,0.1025156,-0.9753757,0.1735389,0.9752173,0.1372426,0.9652727,-0.1960659,0.1726467,moving,82.0109,-43.21335,-8.748242,8.695642,78.08219835236548,-34.08522987087519,104.55508264561905,96.79735724604231,91.8534146490187
1373,1373,05/15/2023 13:23:46.603639,1602,True,True,True,True,Eyes,0.1233201,0.09397645,-2.704133,0.9807686,-0.1264935,0.1486353,0.0,0.0,0.0,0.0,0.0,0.0,0.0,-2.846341,0.2981644,0.4504311,0.1111562,0.1026741,-2.893191,0.1097483,0.6285268,-0.01974988,0.7697529,11.17374,79.08169,6.294138,0.04785212,0.03449248,-0.9982551,0.0,0.0,0.0,0.9080581,-0.06200136,-2.584387,-0.1294712,0.1270052,0.8208703,0.2091281,0.1075544,-0.9719555,0.1683645,0.9751305,0.1441315,0.9632854,-0.1937848,0.1858189,moving,81.38241,-40.39886,-8.963099,8.795074,77.55027120264494,-31.38935355542289,102.87056983834316,95.39052071236912,91.43388259333135
1374,1374,05/15/2023 13:23:46.613713,1603,True,True,True,True,Eyes,0.1233088,0.09442796,-2.712756,0.9794081,-0.1238141,0.1594678,0.0,0.0,0.0,0.0,0.0,0.0,0.0,-2.84768,0.3065054,0.4970508,0.1119629,0.104244,-2.90291,0.1071367,0.6226482,-0.01552182,0.7749774,10.68366,78.15767,6.389563,0.04761986,0.03451282,-0.9982656,0.0,0.0,0.0,0.9086704,-0.05957699,-2.58405,-0.1318271,0.1276,0.8185514,0.2241364,0.1093588,-0.9684026,0.1574751,0.9765616,0.1467278,0.9617508,-0.1853863,0.2016617,moving,80.75222,-37.8265,-9.148885,8.860254,77.01009493256227,-28.927151662102247,101.30084737689779,94.08112376928723,90.98213545183845
1375,1375,05/15/2023 13:23:46.633893,1604,True,True,True,True,Eyes,0.12332,0.09491418,-2.72143,0.9778856,-0.1213635,0.1703252,0.0,0.0,0.0,0.0,0.0,0.0,0.0,-2.849735,0.3122099,0.5399854,0.1119604,0.1052143,-2.913149,0.1084407,0.6169061,-0.01659154,0.7793538,10.9235,77.33157,6.311036,0.04739596,0.03453673,-0.9982756,0.0,0.0,0.0,0.9092523,-0.05727297,-2.583729,-0.1339265,0.1305099,0.8161241,0.2383032,0.107934,-0.9651746,0.1596568,0.9759307,0.1485564,0.9579777,-0.1894981,0.215335,moving,80.11951,-35.4714,-9.319212,9.085492,76.46155358068985,-26.67465388009583,99.9229784268511,92.9361489248129,90.53359653404458
1376,1376,05/15/2023 13:23:46.654067,1605,True,True,True,True,Eyes,0.1233588,0.09544612,-2.730132,0.9762607,-0.1190091,0.1809752,0.0,0.0,0.0,0.0,0.0,0.0,0.0,-2.852231,0.3183243,0.5766819,0.1124401,0.1065721,-2.923203,0.1096447,0.6119589,-0.01721036,0.7830634,11.11516,76.62593,6.274542,0.04718041,0.03456503,-0.9982849,0.0,0.0,0.0,0.909868,-0.05483492,-2.58339,-0.1366134,0.134016,0.8139369,0.2504202,0.1072425,-0.9621792,0.1611498,0.9753636,0.1506535,0.9546311,-0.1927816,0.2269687,moving,79.49796,-33.32887,-9.527875,9.349949,75.91802376614326,-24.62690606342823,98.72730568936836,91.95340285141823,90.1382162732797
1377,1377,05/15/2023 13:23:46.673410,1606,True,True,True,True,Eyes,0.1234234,0.0959957,-2.738842,0.9745296,-0.1166056,0.1915595,0.0,0.0,0.0,0.0,0.0,0.0,0.0,-2.855845,0.3184785,0.6071999,0.1131023,0.1082307,-2.932825,0.1088636,0.608112,-0.0168117,0.7861717,11.04721,76.04464,6.198275,0.04697343,0.03459886,-0.9982936,0.0,0.0,0.0,0.9104597,-0.05249229,-2.583064,-0.1402878,0.1397545,0.81148,0.2598344,0.1059687,-0.9598213,0.1588362,0.9757321,0.1507241,0.9525006,-0.1916177,0.2366971,moving,78.87937,-31.32959,-9.808285,9.771721,75.37345430855376,-22.717281367549017,97.74874891945034,91.16723088077765,89.83291000923509
1378,1378,05/15/2023 13:23:46.683842,1607,True,True,True,True,Eyes,0.1235092,0.09653456,-2.747537,0.9727204,-0.114238,0.2019026,0.0,0.0,0.0,0.0,0.0,0.0,0.0,-2.858957,0.3167216,0.6366627,0.1137279,0.1091852,-2.941841,0.1071847,0.604503,-0.01595733,0.7891977,10.86364,75.48299,6.102362,0.04677517,0.03463825,-0.9983016,0.0,0.0,0.0,0.9110497,-0.05015615,-2.582738,-0.1438663,0.1389945,0.8092746,0.268643,0.1043999,-0.9575655,0.1547739,0.9765136,0.1498873,0.950724,-0.1884723,0.2461752,moving,78.27391,-29.50152,-10.08027,9.745581,74.8369321403607,-20.97243832902786,96.67882943218024,90.30242483369652,89.47939466757242
1379,1379,05/15/2023 13:23:46.703553,1608,True,True,True,True,Eyes,0.123618,0.09707299,-2.756225,0.9707803,-0.1120717,0.2121921,0.0,0.0,0.0,0.0,0.0,0.0,0.0,-2.861754,0.3177099,0.664711,0.1143976,0.1095174,-2.950819,0.1065225,0.6009297,-0.01571306,0.7920163,10.81392,74.94865,6.027149,0.04658562,0.03468222,-0.9983091,0.0,0.0,0.0,0.9116505,-0.04777728,-2.582407,-0.1466866,0.1341293,0.8080758,0.2772733,0.1031351,-0.9552397,0.1529151,0.9768121,0.1498502,0.9485445,-0.18762,0.2550731,moving,77.67027,-27.84129,-10.28863,9.424374,74.29759571665652,-19.38948002114512,95.52747145492178,89.359206378196,89.03363858172135
1380,1380,05/15/2023 13:23:46.713445,1609,True,True,True,True,Eyes,0.1237492,0.09761351,-2.764903,0.9687331,-0.109947,0.2224133,0.0,0.0,0.0,0.0,0.0,0.0,0.0,-2.862369,0.3311995,0.6933792,0.1150212,0.1101269,-2.959437,0.1082562,0.5969021,-0.01499914,0.7948354,10.95266,74.4027,6.162489,0.04640483,0.03473024,-0.9983159,0.0,0.0,0.0,0.9122375,-0.04545317,-2.582084,-0.1481494,0.1347949,0.8065577,0.2869657,0.1053931,-0.9521255,0.1530805,0.9761112,0.1541858,0.9456305,-0.1899978,0.2639769,moving,77.06944,-26.30488,-10.40813,9.487798,73.75760422118668,-17.925902342776425,94.51688236244668,88.51769192356393,88.54847346820195
1381,1381,05/15/2023 13:23:46.733679,1610,True,True,True,True,Eyes,0.1239222,0.09813677,-2.773573,0.9665443,-0.1078764,0.2327115,0.0,0.0,0.0,0.0,0.0,0.0,0.0,-2.860734,0.3498593,0.7266185,0.1155883,0.1106905,-2.967921,0.1094837,0.5922636,-0.01239535,0.798175,10.92109,73.76744,6.426366,0.04623281,0.03478194,-0.9983222,0.0,0.0,0.0,0.9128352,-0.04308654,-2.581754,-0.1477095,0.1332283,0.8056617,0.2981403,0.1098991,-0.9481744,0.1494738,0.9757193,0.1600917,0.942746,-0.189457,0.2744742,moving,76.46275,-24.87068,-10.38919,9.389745,73.20915027268792,-16.561126571711664,93.36506950109461,87.53359487465134,87.90429527051515
1382,1382,05/15/2023 13:23:46.753885,1611,True,True,True,True,Eyes,0.1241442,0.09864059,-2.782209,0.9642804,-0.1057612,0.2428536,0.0,0.0,0.0,0.0,0.0,0.0,0.0,-2.857938,0.3665006,0.7639174,0.1166792,0.1106774,-2.976548,0.110048,0.5870668,-0.009732635,0.8019648,10.83239,73.04134,6.641779,0.04607026,0.03483629,-0.9983279,0.0,0.0,0.0,0.9134148,-0.04079167,-2.581435,-0.1483686,0.1324453,0.8040445,0.3105159,0.1136005,-0.9437557,0.1448215,0.9755895,0.1650818,0.9394715,-0.1879366,0.2864842,moving,75.86407,-23.53283,-10.45506,9.353984,72.66582640543575,-15.289063720091312,92.3717204507283,86.69695241333488,87.35737968274483
1383,1383,05/15/2023 13:23:46.763629,1612,True,True,True,True,Eyes,0.1244359,0.09913303,-2.790814,0.9618998,-0.1036265,0.2530025,0.0,0.0,0.0,0.0,0.0,0.0,0.0,-2.855406,0.3775791,0.8005159,0.118153,0.1107336,-2.985048,0.1100072,0.5820132,-0.007742145,0.8056669,10.7352,72.32412,6.755622,0.04591807,0.03489232,-0.9983331,0.0,0.0,0.0,0.9140279,-0.0383639,-2.581097,-0.1460283,0.1342755,0.8035208,0.3224015,0.1155761,-0.9395209,0.1405264,0.975677,0.1682462,0.9361141,-0.1862703,0.2983182,moving,75.26363,-22.27337,-10.30026,9.486975,72.11866038369605,-14.09269129060938,91.26827919080718,85.72560352421281,86.61186371284892
1384,1384,05/15/2023 13:23:46.783518,1613,True,True,True,True,Eyes,0.1247809,0.09961234,-2.799347,0.9594495,-0.1014973,0.2629734,0.0,0.0,0.0,0.0,0.0,0.0,0.0,-2.853951,0.3815731,0.8331776,0.1200677,0.1109266,-2.993008,0.1090301,0.5775914,-0.006302285,0.8089876,10.58466,71.67841,6.762634,0.04577781,0.03494945,-0.9983377,0.0,0.0,0.0,0.9146134,-0.03604542,-2.580774,-0.1441251,0.1314838,0.803182,0.3326969,0.1157527,-0.9359028,0.1361466,0.9761454,0.1691276,0.9331542,-0.1836882,0.3090013,moving,74.67235,-21.10461,-10.17304,9.29706,71.57789225996984,-12.98354427143098,90.12769686972479,84.73275784532383,85.86564630460066
1385,1385,05/15/2023 13:23:46.803855,1614,True,True,True,True,Eyes,0.1251972,0.100081,-2.807842,0.9568577,-0.09947824,0.2729971,0.0,0.0,0.0,0.0,0.0,0.0,0.0,-2.851833,0.3840321,0.8664229,0.121864,0.1111521,-3.000653,0.1083854,0.5730466,-0.005681233,0.8123042,10.52094,71.02184,6.716467,0.04565029,0.03500715,-0.9983416,0.0,0.0,0.0,0.9151999,-0.03372333,-2.580451,-0.1428342,0.1327737,0.8028679,0.3431705,0.11499,-0.9322078,0.1334495,0.9764407,0.1695725,0.9297448,-0.182595,0.3197403,moving,74.07624,-20.02139,-10.08766,9.390258,71.030113790714,-11.95708267588558,89.154961170346,83.87968871361986,85.18852992615686
1386,1386,05/15/2023 13:23:46.813841,1615,True,True,True,True,Eyes,0.1256665,0.1005344,-2.816286,0.9541698,-0.09754483,0.2829224,0.0,0.0,0.0,0.0,0.0,0.0,0.0,-2.848495,0.3850552,0.9032767,0.1239489,0.1113909,-3.008377,0.1082398,0.5678852,-0.006166019,0.8159367,10.58167,70.28647,6.593596,0.04553685,0.03506498,-0.9983449,0.0,0.0,0.0,0.9157981,-0.03135477,-2.580121,-0.1414475,0.1350822,0.8021156,0.354937,0.1128734,-0.9280514,0.1329977,0.9764922,0.1696305,0.9253818,-0.1836369,0.3315813,moving,73.4843,-19.02296,-10.00089,9.559334,70.4840616950859,-11.01230064912372,88.24241882246054,83.07237568227683,84.52349140547821
1387,1387,05/15/2023 13:23:46.833826,1616,True,True,True,True,Eyes,0.1262104,0.10099,-2.824686,0.9513537,-0.0957465,0.2928456,0.0,0.0,0.0,0.0,0.0,0.0,0.0,-2.844309,0.3838626,0.9414387,0.1256783,0.1115578,-3.015876,0.108412,0.5625265,-0.007734729,0.8196042,10.74346,69.52785,6.386818,0.04543803,0.03512241,-0.9983475,0.0,0.0,0.0,0.9163996,-0.02897309,-2.57979,-0.1400075,0.1350892,0.8019736,0.3670082,0.1092905,-0.9237753,0.1346481,0.976374,0.1690079,0.9204212,-0.1864119,0.3436216,moving,72.89059,-18.10527,-9.902819,9.561484,69.93409367738627,-10.145476774834451,87.29374462547587,82.23318629870464,83.82803042288823
1388,1388,05/15/2023 13:23:46.853652,1617,True,True,True,True,Eyes,0.1268221,0.1014647,-2.833014,0.9485084,-0.09393201,0.3025036,0.0,0.0,0.0,0.0,0.0,0.0,0.0,-2.841304,0.3833103,0.9744636,0.1279789,0.1121062,-3.023338,0.1085097,0.5578294,-0.008816713,0.8227845,10.85923,68.86537,6.228517,0.04535505,0.0351796,-0.9983494,0.0,0.0,0.0,0.9169656,-0.02673215,-2.579478,-0.1384103,0.1374465,0.801889,0.3774973,0.1065513,-0.9198601,0.1355684,0.9762958,0.1687238,0.9160332,-0.1883967,0.3541041,moving,72.31119,-17.25037,-9.793066,9.726177,69.39627228549551,-9.338787631011789,86.42246780413495,81.45197465056556,83.15351573304984
1389,1389,05/15/2023 13:23:46.869876,1618,True,True,True,True,Eyes,0.1275214,0.101949,-2.841287,0.9455608,-0.09212662,0.3121339,0.0,0.0,0.0,0.0,0.0,0.0,0.0,-2.838473,0.3831754,1.004651,0.1302973,0.1130776,-3.030398,0.1080473,0.5535902,-0.008831435,0.8257031,10.84822,68.26305,6.139811,0.04528878,0.03523728,-0.9983504,0.0,0.0,0.0,0.9175708,-0.02433583,-2.579144,-0.1373975,0.1390939,0.8016731,0.3869198,0.1050436,-0.9161108,0.1342121,0.9764956,0.168652,0.9122939,-0.188208,0.3637273,moving,71.7317,-16.44402,-9.725341,9.843082,68.85703980667272,-8.578945174832032,85.59358188575874,80.71283453376653,82.5146262482541
1390,1390,05/15/2023 13:23:46.883903,1619,True,True,True,True,Eyes,0.1282994,0.1024646,-2.849481,0.9425858,-0.090284,0.3215288,0.0,0.0,0.0,0.0,0.0,0.0,0.0,-2.835654,0.3827656,1.03409,0.1330732,0.1137891,-3.037454,0.1071938,0.5494375,-0.008422891,0.8285874,10.77161,67.66937,6.06731,0.04524067,0.03529577,-0.9983507,0.0,0.0,0.0,0.9181629,-0.02199139,-2.578818,-0.1372383,0.1435543,0.8012294,0.3960952,0.1038344,-0.9123197,0.1317508,0.9768771,0.1683831,0.9087081,-0.1868945,0.373256,moving,71.16479,-15.68453,-9.719568,10.15777,68.32871289327613,-7.863921505282968,84.91233030816056,80.10190706286161,81.97092946646033
1391,1391,05/15/2023 13:23:46.905861,1620,True,True,True,True,Eyes,0.1291795,0.1029895,-2.857625,0.939522,-0.08838675,0.330887,0.0,0.0,0.0,0.0,0.0,0.0,0.0,-2.831621,0.3893415,1.062968,0.1358924,0.1150876,-3.044315,0.1076872,0.5451346,-0.007728958,0.8313677,10.80587,67.08483,6.110384,0.0452117,0.03535613,-0.99835,0.0,0.0,0.0,0.9187478,-0.01967525,-2.578496,-0.1360832,0.1422307,0.801823,0.4055372,0.1045568,-0.908079,0.1302592,0.9766875,0.1706287,0.9047498,-0.187482,0.3824636,moving,70.59842,-14.9557,-9.632297,10.05873,67.80007287933367,-7.178463455423905,84.03980996265393,79.32775518914958,81.2998209166291
1392,1392,05/15/2023 13:23:46.913700,1621,True,True,True,True,Eyes,0.1301272,0.1035145,-2.865686,0.9364751,-0.08648275,0.3399046,0.0,0.0,0.0,0.0,0.0,0.0,0.0,-2.829184,0.3868054,1.09078,0.1392052,0.1158166,-3.051378,0.1061504,0.5412362,-0.006888233,0.8341153,10.63429,66.51967,6.039889,0.04520351,0.03541854,-0.9983483,0.0,0.0,0.0,0.9193643,-0.01723456,-2.578156,-0.1362004,0.1427715,0.8023514,0.4140321,0.1034136,-0.9043689,0.126396,0.9773693,0.169627,0.9014442,-0.1845396,0.3915912,moving,70.05104,-14.27501,-9.634213,10.08969,67.28851144530503,-6.538858213600954,83.32693533164417,78.69951811657033,80.74911684353584
1393,1393,05/15/2023 13:23:46.933712,1622,True,True,True,True,Eyes,0.1311883,0.1040596,-2.873693,0.9333557,-0.08452846,0.3488581,0.0,0.0,0.0,0.0,0.0,0.0,0.0,-2.826783,0.3960303,1.113615,0.1421269,0.116408,-3.058419,0.1072688,0.5376965,-0.00639838,0.8362625,10.73639,66.05521,6.114711,0.04521641,0.03548282,-0.9983455,0.0,0.0,0.0,0.9199293,-0.0149971,-2.577844,-0.1356947,0.1431572,0.8027689,0.4216831,0.1046547,-0.9006835,0.1260576,0.9769049,0.172529,0.8979382,-0.1862906,0.3987517,moving,69.50588,-13.62029,-9.594202,10.11122,66.77839184026436,-5.924240727093522,82.58333693480074,78.03786959303889,80.15800431951526
1394,1394,05/15/2023 13:23:46.953701,1623,True,True,True,True,Eyes,0.132347,0.1046002,-2.881641,0.9301928,-0.08225501,0.3577367,0.0,0.0,0.0,0.0,0.0,0.0,0.0,-2.824328,0.4028007,1.136429,0.1459023,0.1173863,-3.065204,0.1065361,0.5342917,-0.003845651,0.838551,10.53181,65.58594,6.271124,0.04525218,0.03554952,-0.9983416,0.0,0.0,0.0,0.9205528,-0.01252865,-2.577501,-0.1355248,0.13841,0.8038471,0.4290351,0.1073932,-0.8968811,0.1202923,0.9772705,0.1745625,0.8952424,-0.1827813,0.4063648,moving,68.96409,-12.94905,-9.5698,9.769651,66.27198648179717,-5.293578110732747,81.75396781599962,77.32320122701167,79.53991655492457
1395,1395,05/15/2023 13:23:46.963706,1624,True,True,True,True,Eyes,0.1336231,0.1051162,-2.889539,0.9269426,-0.07999954,0.3665753,0.0,0.0,0.0,0.0,0.0,0.0,0.0,-2.820892,0.402797,1.163297,0.1494254,0.1177592,-3.071928,0.1046099,0.5304944,-0.001734059,0.8412071,10.2438,65.03962,6.305119,0.04531188,0.03561825,-0.9983365,0.0,0.0,0.0,0.9211152,-0.01030188,-2.577191,-0.1352142,0.1371662,0.804814,0.4371455,0.1080725,-0.8928741,0.1139073,0.9781075,0.1741574,0.8921484,-0.177837,0.4152651,moving,68.42284,-12.31092,-9.537014,9.67211,65.76520121301198,-4.694845016647986,80.99995335604963,76.66050490596288,78.94259819498272
1396,1396,05/15/2023 13:23:46.983892,1625,True,True,True,True,Eyes,0.1350203,0.1056145,-2.897383,0.9236474,-0.07762255,0.3753001,0.0,0.0,0.0,0.0,0.0,0.0,0.0,-2.817742,0.4039946,1.188724,0.1535126,0.1176729,-3.078722,0.1037972,0.5266743,-0.0009474735,0.8437058,10.14539,64.50639,6.283449,0.04539708,0.03568796,-0.9983302,0.0,0.0,0.0,0.9217246,-0.007888707,-2.576855,-0.1351247,0.139062,0.8050725,0.4452266,0.1077359,-0.888913,0.1109334,0.9784505,0.1741506,0.8885196,-0.1761466,0.4236807,moving,67.88691,-11.6856,-9.527813,9.80013,65.26321890694227,-4.108304937907946,80.34099782053761,76.07327399374418,78.39784053569365
1397,1397,05/15/2023 13:23:47.003495,1626,True,True,True,True,Eyes,0.1365386,0.1060898,-2.905176,0.9202741,-0.07523192,0.3839734,0.0,0.0,0.0,0.0,0.0,0.0,0.0,-2.814641,0.4045343,1.213278,0.1577746,0.1177044,-3.085312,0.1026617,0.5229902,0.0001962282,0.8461335,9.992876,63.98945,6.279198,0.04550931,0.03575796,-0.9983226,0.0,0.0,0.0,0.9223011,-0.005606164,-2.576537,-0.1350246,0.1387898,0.8059563,0.4529625,0.1077142,-0.8849987,0.10705,0.9789211,0.1739362,0.8850793,-0.1735257,0.4318837,moving,67.35224,-11.08554,-9.510633,9.770794,64.76176805589323,-3.546097667690653,79.64224955219235,75.45680328702282,77.82831717681037
1398,1398,05/15/2023 13:23:47.013688,1627,True,True,True,True,Eyes,0.1381989,0.1065383,-2.91294,0.9168321,-0.07273612,0.392592,0.0,0.0,0.0,0.0,0.0,0.0,0.0,-2.811844,0.4030518,1.237591,0.1621933,0.117607,-3.091991,0.1013702,0.5193518,0.0009758165,0.8485263,9.846951,63.47589,6.231661,0.04564991,0.03582747,-0.9983137,0.0,0.0,0.0,0.9229224,-0.003145933,-2.576195,-0.1352568,0.1401177,0.8067303,0.4605455,0.1069496,-0.8811694,0.1036375,0.9794462,0.1730441,0.8815651,-0.1710169,0.4399956,moving,66.81915,-10.49626,-9.517719,9.853176,64.26155343097506,-2.99424202510768,79.00263991944355,74.88949986717695,77.29538951016988
1399,1399,05/15/2023 13:23:47.033703,1628,True,True,True,True,Eyes,0.139991,0.1069381,-2.920652,0.9133042,-0.07021226,0.4011806,0.0,0.0,0.0,0.0,0.0,0.0,0.0,-2.808179,0.4025723,1.262546,0.1668864,0.1173358,-3.098441,0.1001223,0.5155429,0.001951396,0.850992,9.694488,62.94292,6.20578,0.04582074,0.03589559,-0.9983033,0.0,0.0,0.0,0.9234964,-0.0008733288,-2.575878,-0.1361094,0.1392911,0.8075906,0.4684237,0.1065559,-0.8770548,0.09991343,0.9799434,0.1724186,0.8778363,-0.1683945,0.4483823,moving,66.2859,-9.92703,-9.566589,9.785942,63.76063710083604,-2.461736806490052,78.37219757393501,74.34304085649225,76.78582867985625
1400,1400,05/15/2023 13:23:47.053385,1629,True,True,True,True,Eyes,0.1419176,0.1072792,-2.928319,0.909717,-0.06766991,0.4096777,0.0,0.0,0.0,0.0,0.0,0.0,0.0,-2.804356,0.4012685,1.287974,0.17183,0.1165437,-3.105028,0.0986298,0.511656,0.002914688,0.8535057,9.519284,62.3971,6.164485,0.04602311,0.03596083,-0.9982916,0.0,0.0,0.0,0.9240875,0.001466962,-2.575553,-0.1375736,0.1382502,0.8085291,0.4763993,0.1059045,-0.8728276,0.09595364,0.9805274,0.1713448,0.8739775,-0.1653795,0.4569607,moving,65.75628,-9.379337,-9.65656,9.703154,63.262649032994446,-1.9498979137064556,77.78970304372348,73.84446265564587,76.31809552224425
1401,1401,05/15/2023 13:23:47.063820,1630,True,True,True,True,Eyes,0.143981,0.1075746,-2.935929,0.9060392,-0.06521033,0.4181393,0.0,0.0,0.0,0.0,0.0,0.0,0.0,-2.800385,0.4011216,1.31257,0.176856,0.1154394,-3.111477,0.09758322,0.5078015,0.003500998,0.8559224,9.409623,61.86337,6.11546,0.04625827,0.03602152,-0.9982783,0.0,0.0,0.0,0.9246897,0.00385158,-2.575221,-0.1389103,0.1381794,0.8094612,0.4842509,0.105099,-0.8685938,0.09311263,0.9809306,0.1706029,0.8699605,-0.1634917,0.4652305,moving,65.22656,-8.86408,-9.737586,9.687319,62.76367961089513,-1.469358297125222,77.2254983173726,73.35465195537195,75.84983673558438
1402,1402,05/15/2023 13:23:47.083916,1631,True,True,True,True,Eyes,0.1461925,0.1078417,-2.943491,0.9023045,-0.0627734,0.4265046,0.0,0.0,0.0,0.0,0.0,0.0,0.0,-2.795663,0.4060197,1.336673,0.1821804,0.1145423,-3.117847,0.09745553,0.5038319,0.00425418,0.8582761,9.381112,61.33239,6.138666,0.04652738,0.03607659,-0.9982637,0.0,0.0,0.0,0.9252672,0.006137898,-2.574903,-0.139853,0.138259,0.8105376,0.4922706,0.1055049,-0.8640246,0.09089989,0.9809687,0.1715743,0.865683,-0.1630007,0.4733116,moving,64.70066,-8.372741,-9.789625,9.680168,62.267757532987495,-1.011776375956326,76.64665734879445,72.84630431287393,75.35813873405291
1403,1403,05/15/2023 13:23:47.103586,1632,True,True,True,True,Eyes,0.1485291,0.1080465,-2.950998,0.8984667,-0.06034667,0.4348745,0.0,0.0,0.0,0.0,0.0,0.0,0.0,-2.789248,0.4085022,1.364262,0.1877546,0.1140876,-3.124055,0.09662045,0.4993829,0.005463685,0.8609596,9.260049,60.72945,6.160136,0.04683185,0.03612571,-0.9982473,0.0,0.0,0.0,0.925858,0.008477182,-2.574577,-0.1405972,0.138189,0.8118501,0.5011738,0.1059092,-0.8588412,0.08709317,0.9812693,0.1718295,0.8609529,-0.1609157,0.4825625,moving,64.17216,-7.900369,-9.825105,9.660017,61.76880020562361,-0.5725764479161315,76.05236606410888,72.321457612953,74.84634871368134
1404,1404,05/15/2023 13:23:47.113788,1633,True,True,True,True,Eyes,0.1510468,0.1082113,-2.958493,0.8945659,-0.05793614,0.4431652,0.0,0.0,0.0,0.0,0.0,0.0,0.0,-2.782891,0.4097291,1.391737,0.1930917,0.112865,-3.130378,0.09562059,0.4949948,0.00635163,0.8635952,9.141134,60.13234,6.141984,0.04717212,0.03616742,-0.9982294,0.0,0.0,0.0,0.9264597,0.01085996,-2.574245,-0.1419746,0.1391728,0.8131781,0.5098796,0.1056339,-0.8537355,0.0836929,0.9816328,0.171443,0.8561649,-0.1588669,0.4916738,moving,63.64633,-7.448187,-9.903578,9.711895,61.27187813713063,-0.1527732842448355,75.52521023509428,71.85580864959208,74.38699925907746
1405,1405,05/15/2023 13:23:47.133669,1634,True,True,True,True,Eyes,0.1537135,0.1083305,-2.965938,0.8905904,-0.0554623,0.4514118,0.0,0.0,0.0,0.0,0.0,0.0,0.0,-2.778178,0.4103583,1.415961,0.1993981,0.111989,-3.136767,0.09464681,0.4909854,0.007201063,0.8659812,9.024309,59.58786,6.127053,0.0475504,0.03620114,-0.9982098,0.0,0.0,0.0,0.9270589,0.01323237,-2.573915,-0.1435432,0.1391696,0.8146352,0.5177628,0.1054124,-0.8490053,0.08046844,0.9819802,0.170996,0.8517315,-0.1568535,0.4999505,moving,63.12101,-7.004489,-9.993249,9.69463,60.77521863774822,0.258860014439521,74.99703623807572,71.39474607431151,73.9309522647346
1406,1406,05/15/2023 13:23:47.153832,1635,True,True,True,True,Eyes,0.1565478,0.1084002,-2.973343,0.8865553,-0.05299227,0.4595775,0.0,0.0,0.0,0.0,0.0,0.0,0.0,-2.774164,0.408455,1.439112,0.2056255,0.1109758,-3.14313,0.09287035,0.4872539,0.008540767,0.8682659,8.797882,59.07172,6.118684,0.0479676,0.03622619,-0.9981884,0.0,0.0,0.0,0.9276379,0.01552506,-2.573596,-0.1451738,0.1382223,0.8163247,0.5250214,0.1053342,-0.8445456,0.07567157,0.9826043,0.1695954,0.8477184,-0.1529493,0.5079174,moving,62.59843,-6.577528,-10.08396,9.610327,60.28075635130073,0.6544303990899571,74.46325580857396,70.93237195473728,73.47164236352077
1407,1407,05/15/2023 13:23:47.163447,1636,True,True,True,True,Eyes,0.1595337,0.108419,-2.980699,0.8824471,-0.05059635,0.4676825,0.0,0.0,0.0,0.0,0.0,0.0,0.0,-2.770205,0.407234,1.461326,0.2122362,0.1098142,-3.149324,0.09178235,0.4835123,0.009018242,0.8704656,8.688704,58.56242,6.065691,0.04842484,0.03624187,-0.998166,0.0,0.0,0.0,0.9282241,0.01784619,-2.573273,-0.146753,0.1378859,0.8182012,0.532269,0.1044559,-0.8401063,0.07305565,0.9829893,0.1685076,0.8434172,-0.1510659,0.5155836,moving,62.07714,-6.174543,-10.16848,9.565786,59.78688958787233,1.0269077938483535,73.94043255359439,70.47457821935016,73.0125870579444
1408,1408,05/15/2023 13:23:47.184552,1637,True,True,True,True,Eyes,0.1626936,0.1083981,-2.988005,0.8783684,-0.04817588,0.4755504,0.0,0.0,0.0,0.0,0.0,0.0,0.0,-2.766021,0.4105115,1.482588,0.2188452,0.1086044,-3.155593,0.09150863,0.4797997,0.009553566,0.8725407,8.657202,58.07138,6.066779,0.04892335,0.0362475,-0.9981418,0.0,0.0,0.0,0.9288162,0.02019034,-2.572947,-0.148395,0.1383226,0.8200978,0.5394019,0.1044834,-0.8355411,0.07113987,0.9830698,0.1688576,0.839038,-0.1505224,0.5228369,moving,61.5688,-5.784645,-10.25658,9.573744,59.30520769119054,1.3871641599256663,73.44906619433442,70.04186174190532,72.57483965667807
1409,1409,05/15/2023 13:23:47.203597,1638,True,True,True,True,Eyes,0.166009,0.1083388,-2.995263,0.8742336,-0.04584336,0.4833364,0.0,0.0,0.0,0.0,0.0,0.0,0.0,-2.762399,0.4137287,1.502443,0.2261015,0.1076131,-3.161748,0.09115597,0.4762254,0.01029193,0.874525,8.605707,57.59961,6.085721,0.04946313,0.03624284,-0.9981156,0.0,0.0,0.0,0.929409,0.02253759,-2.57262,-0.1499859,0.1378636,0.8224348,0.546207,0.1048227,-0.8310657,0.06882048,0.9831693,0.1692389,0.8348184,-0.1496338,0.5297999,moving,61.06317,-5.418166,-10.33534,9.515939,58.82551173979218,1.7249094887835428,72.94364072605045,69.59830137451748,72.12490639217114
1410,1410,05/15/2023 13:23:47.213598,1639,True,True,True,True,Eyes,0.169482,0.1082395,-3.002457,0.8702163,-0.04341036,0.4907537,0.0,0.0,0.0,0.0,0.0,0.0,0.0,-2.759488,0.415455,1.521214,0.2331344,0.1066355,-3.167925,0.09094479,0.4728473,0.01039063,0.876377,8.602443,57.15346,6.050444,0.05004615,0.03622775,-0.9980872,0.0,0.0,0.0,0.9300458,0.02505913,-2.572269,-0.1511969,0.1377149,0.8248656,0.5526149,0.1042182,-0.826895,0.06779377,0.9832422,0.1692302,0.8306749,-0.1495775,0.5362889,moving,60.57941,-5.055028,-10.38695,9.478357,58.36690521094284,2.060116999618343,72.43924027216069,69.15289503029179,71.67088176264326
1411,1411,05/15/2023 13:23:47.233680,1640,True,True,True,True,Eyes,0.1731027,0.1080952,-3.009598,0.8661364,-0.0410745,0.4981171,0.0,0.0,0.0,0.0,0.0,0.0,0.0,-2.757252,0.4141788,1.539063,0.2405055,0.1055841,-3.173911,0.0902346,0.4696312,0.01039805,0.8781777,8.552614,56.72143,5.979643,0.05067303,0.03620204,-0.9980567,0.0,0.0,0.0,0.930625,0.02735233,-2.571949,-0.1521665,0.1378388,0.8274635,0.5586768,0.1030167,-0.8229628,0.0664913,0.9834992,0.1682505,0.8267159,-0.1487175,0.5426084,moving,60.09669,-4.713918,-10.42,9.457483,57.908705207165816,2.3741032251315106,71.9265748861914,68.6948777153201,71.20242204354344
1412,1412,05/15/2023 13:23:47.253336,1641,True,True,True,True,Eyes,0.1768896,0.1079266,-3.016682,0.862027,-0.03864062,0.5053872,0.0,0.0,0.0,0.0,0.0,0.0,0.0,-2.753277,0.418868,1.558098,0.2476628,0.1043613,-3.179847,0.09027852,0.4661215,0.01090508,0.8800351,8.553354,56.26602,5.999379,0.05134252,0.03616546,-0.998024,0.0,0.0,0.0,0.9312046,0.02964707,-2.57163,-0.1536667,0.1379034,0.8302026,0.5652237,0.1033552,-0.8184376,0.0649678,0.9834617,0.1690627,0.8223755,-0.1487303,0.5491611,moving,59.61786,-4.372184,-10.48651,9.431184,57.45428958380148,2.688813500112761,71.45037201610867,68.27453264610479,70.76897941946825
1413,1413,05/15/2023 13:23:47.263690,1642,True,True,True,True,Eyes,0.1808322,0.107731,-3.023712,0.8577856,-0.03624522,0.5127281,0.0,0.0,0.0,0.0,0.0,0.0,0.0,-2.746116,0.4264942,1.581203,0.2552552,0.1035544,-3.185494,0.09017269,0.4618808,0.01259856,0.8822564,8.4805,55.72065,6.124831,0.05205772,0.03611829,-0.9979888,0.0,0.0,0.0,0.9317929,0.03197642,-2.571306,-0.1556469,0.136828,0.8331902,0.5730147,0.1055284,-0.8127226,0.06106776,0.9834203,0.1707489,0.8172667,-0.1474728,0.55707,moving,59.13178,-4.043564,-10.58137,9.325977,56.99249491345012,2.99064328788002,70.98357492739557,67.8701972340226,70.34912052021608
1414,1414,05/15/2023 13:23:47.283483,1643,True,True,True,True,Eyes,0.1849314,0.1075158,-3.030679,0.8533945,-0.03363951,0.520179,0.0,0.0,0.0,0.0,0.0,0.0,0.0,-2.736197,0.4342828,1.609066,0.2629223,0.1026789,-3.191363,0.0898688,0.4568979,0.0145778,0.8848476,8.378933,55.07902,6.262536,0.05281812,0.03606082,-0.997951,0.0,0.0,0.0,0.932373,0.03427339,-2.570986,-0.1574791,0.1349226,0.836501,0.5820636,0.10792,-0.8059499,0.05632347,0.9834221,0.1723615,0.8111902,-0.1457193,0.5663358,moving,58.63597,-3.700114,-10.66168,9.162556,56.52168139343736,3.3064768210643702,70.4812923764271,67.43810281636912,69.89814972950643
1415,1415,05/15/2023 13:23:47.303918,1644,True,True,True,True,Eyes,0.1892037,0.1072775,-3.037594,0.848878,-0.0309632,0.5276812,0.0,0.0,0.0,0.0,0.0,0.0,0.0,-2.72578,0.4383401,1.638531,0.2710349,0.1019628,-3.197334,0.08875881,0.4517138,0.01679626,0.8875779,8.185967,54.40276,6.380775,0.0536233,0.03599362,-0.9979107,0.0,0.0,0.0,0.932977,0.03666513,-2.570653,-0.1588432,0.1349999,0.8398452,0.591345,0.1100031,-0.7988808,0.05037118,0.9836795,0.1727349,0.804844,-0.1423865,0.576153,moving,58.13401,-3.358143,-10.71006,9.131825,56.04487142622701,3.620690484652857,69.96788745421662,66.98203843842408,69.42172550992025
1416,1416,05/15/2023 13:23:47.313999,1645,True,True,True,True,Eyes,0.1936479,0.1070243,-3.044475,0.8442494,-0.0280432,0.5352162,0.0,0.0,0.0,0.0,0.0,0.0,0.0,-2.716789,0.4363486,1.666512,0.2794576,0.1011214,-3.203168,0.08682369,0.4468342,0.01857398,0.8901999,7.931084,53.75373,6.415019,0.05447362,0.03591705,-0.9978675,0.0,0.0,0.0,0.9336045,0.03914981,-2.570307,-0.1591105,0.135294,0.8435553,0.5999885,0.1106607,-0.7923181,0.04452246,0.9842333,0.1711798,0.7987688,-0.1379819,0.5856017,moving,57.62714,-2.999328,-10.68158,9.111806,55.563765575030224,3.951002257846324,69.37406428056781,66.44606614104559,68.86360912449317
1417,1417,05/15/2023 13:23:47.333919,1646,True,True,True,True,Eyes,0.1982559,0.1067789,-3.051296,0.8395219,-0.02512223,0.5427448,0.0,0.0,0.0,0.0,0.0,0.0,0.0,-2.708502,0.4330208,1.693334,0.2877886,0.1004386,-3.209043,0.08514091,0.442126,0.01963077,0.8926872,7.73837,53.129,6.393045,0.05537071,0.03583156,-0.9978214,0.0,0.0,0.0,0.9341679,0.04138036,-2.569997,-0.1580693,0.1381841,0.8473424,0.6082785,0.1103343,-0.7860176,0.04023773,0.9847313,0.1693669,0.7927032,-0.1346498,0.5945513,moving,57.11763,-2.65018,-10.56691,9.262229,55.0798393398531,4.271903964883938,68.72483134351718,65.83615300764171,68.23357383459712
1418,1418,05/15/2023 13:23:47.353510,1647,True,True,True,True,Eyes,0.2030017,0.1065621,-3.058045,0.8347055,-0.02203885,0.5502554,0.0,0.0,0.0,0.0,0.0,0.0,0.0,-2.70121,0.4279624,1.718007,0.2963216,0.1003621,-3.214553,0.08357936,0.4377024,0.02021313,0.8949987,7.580102,52.54221,6.333254,0.05631354,0.03573852,-0.997772,0.0,0.0,0.0,0.93476,0.04372463,-2.569671,-0.1555255,0.1367592,0.851798,0.6160161,0.1093472,-0.7801073,0.03698431,0.9852119,0.1673015,0.7868649,-0.1319121,0.6028622,moving,56.60629,-2.293587,-10.34737,9.121199,54.594343816914176,4.599931658264282,67.91973149844894,65.09890975933028,67.47106118412684
1419,1419,05/15/2023 13:23:47.373391,1648,True,True,True,True,Eyes,0.2078866,0.1063187,-3.064742,0.8298107,-0.01891813,0.5577242,0.0,0.0,0.0,0.0,0.0,0.0,0.0,-2.694082,0.4288382,1.740812,0.3047342,0.1008229,-3.220153,0.08293664,0.4334707,0.02124465,0.8970916,7.491879,51.9968,6.370962,0.05730193,0.03563974,-0.9977193,0.0,0.0,0.0,0.9353403,0.04602261,-2.569351,-0.1526949,0.1329592,0.8570109,0.6233037,0.110018,-0.7742019,0.0337844,0.9853404,0.1672214,0.7812497,-0.1303857,0.6104494,moving,56.09455,-1.942741,-10.10246,8.818735,54.10830418768559,4.922401768858558,67.06603834012172,64.32887104725732,66.66925236987336
1420,1420,05/15/2023 13:23:47.383539,1649,True,True,True,True,Eyes,0.2128837,0.1061108,-3.071386,0.824876,-0.01603722,0.5650861,0.0,0.0,0.0,0.0,0.0,0.0,0.0,-2.687978,0.4223559,1.763349,0.3129589,0.09991074,-3.225691,0.08089506,0.4294741,0.02200074,0.8991797,7.272059,51.46244,6.311521,0.05833552,0.03553502,-0.9976632,0.0,0.0,0.0,0.9359313,0.04836261,-2.569025,-0.1508673,0.1356697,0.8613474,0.6301361,0.1090499,-0.7687891,0.02991941,0.9859439,0.1643759,0.7759082,-0.1265809,0.6180161,moving,55.58668,-1.625626,-9.934735,8.951047,53.625092732765886,5.212447598379887,66.3695851678399,63.669685305525654,65.98704594398744
1421,1421,05/15/2023 13:23:47.403611,1650,True,True,True,True,Eyes,0.2180209,0.1060143,-3.077954,0.8198777,-0.01308515,0.5723892,0.0,0.0,0.0,0.0,0.0,0.0,0.0,-2.68386,0.4381349,1.777758,0.3208849,0.1005978,-3.231471,0.08375579,0.4262393,0.02181738,0.9004605,7.598978,51.08797,6.411714,0.05941257,0.03542623,-0.9976036,0.0,0.0,0.0,0.9365108,0.05065714,-2.568706,-0.1483747,0.1350056,0.8654275,0.6356881,0.1106914,-0.7639686,0.03210865,0.985018,0.1694364,0.7712779,-0.1322387,0.62261,moving,55.07957,-1.309587,-9.728591,8.866605,53.1425879764252,5.501479071647827,65.60223026561509,62.96117230801344,65.24859932804078
1422,1422,05/15/2023 13:23:47.412424,1651,True,True,True,True,Eyes,0.2232751,0.1059748,-3.084474,0.814782,-0.009844598,0.5796839,0.0,0.0,0.0,0.0,0.0,0.0,0.0,-2.678327,0.4396022,1.79611,0.3293951,0.1030942,-3.23629,0.08223069,0.4227719,0.02519304,0.902146,7.300102,50.64344,6.656975,0.06053281,0.03531751,-0.9975401,0.0,0.0,0.0,0.9371083,0.05302289,-2.568376,-0.1446191,0.1290046,0.8705425,0.6412585,0.1149852,-0.7586607,0.02407406,0.9852068,0.16967,0.7669473,-0.1270664,0.6290041,moving,54.56971,-0.9729436,-9.432139,8.429241,52.6579817836788,5.810304637978067,64.68877607955864,62.14532908111552,64.38720431451036
1423,1423,05/15/2023 13:23:47.433699,1652,True,True,True,True,Eyes,0.2286204,0.1059865,-3.090935,0.8096123,-0.006717574,0.5869265,0.0,0.0,0.0,0.0,0.0,0.0,0.0,-2.672729,0.42816,1.817843,0.3374176,0.1046652,-3.24138,0.07909007,0.4190612,0.02710604,0.9041006,6.908988,50.13962,6.669597,0.06169531,0.03521077,-0.9974728,0.0,0.0,0.0,0.9376975,0.05535609,-2.568052,-0.1416852,0.1344428,0.8747975,0.6473059,0.1153003,-0.7534594,0.01727399,0.9860201,0.1657289,0.7620347,-0.1202926,0.6362649,moving,54.05986,-0.6557411,-9.19993,8.737113,52.17285513604139,6.100372806127601,63.95331687244992,61.429399754553074,63.65096977698691
1424,1424,05/15/2023 13:23:47.453820,1653,True,True,True,True,Eyes,0.2340406,0.1060392,-3.097299,0.8043426,-0.003247643,0.5941569,0.0,0.0,0.0,0.0,0.0,0.0,0.0,-2.665388,0.4280296,1.839355,0.3447809,0.1057376,-3.246641,0.07896149,0.4150828,0.02722904,0.9059415,6.918904,49.63465,6.645717,0.06289821,0.03510753,-0.9974015,0.0,0.0,0.0,0.9383104,0.05778252,-2.567714,-0.1404618,0.1390568,0.878492,0.6539297,0.114887,-0.7477813,0.01621528,0.9860473,0.1656736,0.7563815,-0.1204643,0.6429426,moving,53.54723,-0.3131739,-9.084111,8.994742,51.6857278077981,6.4148271411171365,63.31920856943613,60.82457783992297,63.01897730449854
1425,1425,05/15/2023 13:23:47.463875,1654,True,True,True,True,Eyes,0.2395385,0.106118,-3.103617,0.7989395,0.0001392126,0.6014114,0.0,0.0,0.0,0.0,0.0,0.0,0.0,-2.654935,0.4139274,1.867198,0.3524235,0.1064987,-3.251292,0.07508735,0.4103766,0.02939193,0.9083441,6.447157,49.00032,6.647245,0.06413928,0.0350089,-0.9973259,0.0,0.0,0.0,0.9389075,0.06014688,-2.567385,-0.14128,0.1393315,0.8822923,0.6614544,0.1150241,-0.7411124,0.008232212,0.9869961,0.1605338,0.7499403,-0.1122868,0.6519058,moving,53.02895,0.01326263,-9.097445,8.974035,51.1926887287153,6.713540500991525,62.76929501884644,60.33249589074217,62.48623654935388
1426,1426,05/15/2023 13:23:47.483847,1655,True,True,True,True,Eyes,0.2451277,0.1062645,-3.109848,0.7934018,0.00353628,0.6086879,0.0,0.0,0.0,0.0,0.0,0.0,0.0,-2.642272,0.4117749,1.896144,0.3597996,0.1071942,-3.25662,0.07427669,0.4051838,0.0299479,0.9107207,6.374223,48.33858,6.629783,0.065416,0.03491536,-0.9972462,0.0,0.0,0.0,0.9394966,0.06247959,-2.56706,-0.1419166,0.1383737,0.8861427,0.6698584,0.1147398,-0.7335697,0.005643073,0.9871722,0.1595594,0.7424675,-0.1110218,0.6606182,moving,52.50504,0.3328662,-9.098712,8.875226,50.694010810270136,7.005484484606341,62.19320036330467,59.82194943664228,61.93009418687109
1427,1427,05/15/2023 13:23:47.503818,1656,True,True,True,True,Eyes,0.2508078,0.1064682,-3.116028,0.7877717,0.006958532,0.6159281,0.0,0.0,0.0,0.0,0.0,0.0,0.0,-2.630232,0.4114111,1.922688,0.3680487,0.1089333,-3.261408,0.07317992,0.400236,0.03190671,0.9129283,6.204394,47.71236,6.74922,0.06672838,0.03482858,-0.9971623,0.0,0.0,0.0,0.9401032,0.06488115,-2.566726,-0.142559,0.1402181,0.8895651,0.6775863,0.1168355,-0.7261035,0.0003214044,0.9872533,0.1591564,0.7354434,-0.1080756,0.6689118,moving,51.97953,0.6472794,-9.104633,8.957574,50.19364179548465,7.292370326293955,61.6468650115264,59.32165116545336,61.390926835175186
1428,1428,05/15/2023 13:23:47.513788,1657,True,True,True,True,Eyes,0.2565979,0.1067296,-3.12219,0.7820709,0.01006066,0.6231082,0.0,0.0,0.0,0.0,0.0,0.0,0.0,-2.62102,0.4053914,1.946557,0.3759322,0.1104664,-3.266442,0.07131258,0.3959141,0.03343653,0.9149036,5.970264,47.15468,6.793499,0.06807459,0.0347498,-0.9970741,0.0,0.0,0.0,0.940679,0.06716096,-2.566408,-0.1418055,0.145052,0.8926811,0.684268,0.1176497,-0.7196776,-0.004715067,0.987593,0.1569643,0.7292154,-0.1040123,0.6763331,moving,51.45422,0.9250132,-9.026217,9.229344,49.69246625415566,7.543872019540265,61.04789242673983,58.7428683237274,60.78647881315767
1429,1429,05/15/2023 13:23:47.533755,1658,True,True,True,True,Eyes,0.2624541,0.1070272,-3.128301,0.7763742,0.0129893,0.6301383,0.0,0.0,0.0,0.0,0.0,0.0,0.0,-2.614673,0.4065803,1.965001,0.3837446,0.1120698,-3.27158,0.07236128,0.3922404,0.03214712,0.9164485,6.166149,46.70222,6.682167,0.06945339,0.0346801,-0.9969814,0.0,0.0,0.0,0.9412747,0.06951974,-2.56608,-0.1393701,0.1475788,0.8965079,0.690228,0.1156884,-0.7142838,-0.002156332,0.9874609,0.1578496,0.7235886,-0.107412,0.6818227,moving,50.93575,1.180894,-8.836403,9.347919,49.19731915999008,7.774503147090103,60.32752747797671,58.05504754273406,60.069271284637196
1430,1430,05/15/2023 13:23:47.553286,1659,True,True,True,True,Eyes,0.2683968,0.1073859,-3.134411,0.7706878,0.01549578,0.6370245,0.0,0.0,0.0,0.0,0.0,0.0,0.0,-2.611053,0.4012427,1.98069,0.3911952,0.1132799,-3.276563,0.07241554,0.3892053,0.03048347,0.9177942,6.268998,46.31599,6.488271,0.07086394,0.03461971,-0.9968842,0.0,0.0,0.0,0.9418322,0.07172718,-2.565773,-0.1358737,0.1493121,0.9002087,0.6951801,0.1123241,-0.7100057,0.0004139263,0.9876535,0.1566538,0.7188356,-0.1091965,0.6865506,moving,50.42401,1.393459,-8.583193,9.417562,48.70750870541404,7.963551701155469,59.550283247334924,57.309149774254,59.29696593776932
1431,1431,05/15/2023 13:23:47.563484,1660,True,True,True,True,Eyes,0.2743841,0.107793,-3.140467,0.7649782,0.01796142,0.6438057,0.0,0.0,0.0,0.0,0.0,0.0,0.0,-2.607766,0.4069467,1.994009,0.3983586,0.1150818,-3.281797,0.07452422,0.3863959,0.02877438,0.9188671,6.587421,45.98264,6.384813,0.07230467,0.03456962,-0.9967825,0.0,0.0,0.0,0.9424275,0.0740845,-2.565445,-0.132714,0.1506713,0.9036169,0.6997405,0.1104713,-0.7058041,0.004712047,0.9872364,0.1591923,0.7143816,-0.1147191,0.6902888,moving,49.91603,1.59807,-8.355283,9.466546,48.22112281360317,8.145043674679282,58.80016014694641,56.591837425386174,58.55204229984514
1432,1432,05/15/2023 13:23:47.583983,1661,True,True,True,True,Eyes,0.2804359,0.1082642,-3.146507,0.7592031,0.02022091,0.6505395,0.0,0.0,0.0,0.0,0.0,0.0,0.0,-2.601942,0.4010262,2.012235,0.4054246,0.1166494,-3.286645,0.07359793,0.3830477,0.0287469,0.9203432,6.514106,45.55403,6.315734,0.07377369,0.03453036,-0.9966762,0.0,0.0,0.0,0.9430482,0.07654188,-2.565103,-0.1306546,0.1508521,0.906507,0.7048962,0.1092971,-0.7008392,0.00346901,0.9875139,0.1574936,0.709302,-0.1134478,0.6957156,moving,49.40767,1.780368,-8.201548,9.448028,47.73376044184844,8.30499485163882,58.117252244468034,55.94698611420435,57.876400414050046
1433,1433,05/15/2023 13:23:47.603824,1662,True,True,True,True,Eyes,0.2865346,0.1087952,-3.152491,0.7533336,0.02254206,0.6572521,0.0,0.0,0.0,0.0,0.0,0.0,0.0,-2.595457,0.4027477,2.030247,0.4125104,0.1186421,-3.291848,0.07460616,0.3795496,0.02776787,0.9217404,6.687636,45.12577,6.232408,0.07526878,0.03450286,-0.9965653,0.0,0.0,0.0,0.9436426,0.07889563,-2.564775,-0.1280274,0.1520823,0.9093019,0.7103422,0.107823,-0.6955489,0.005443931,0.9873258,0.1586135,0.7038355,-0.1164564,0.7007521,moving,48.89666,1.964328,-8.014417,9.494932,47.24387693521227,8.466466527403846,57.407148351966974,55.267863988566084,57.169915374183645
1434,1434,05/15/2023 13:23:47.613863,1663,True,True,True,True,Eyes,0.2926846,0.1093274,-3.158447,0.7473322,0.02495523,0.6639819,0.0,0.0,0.0,0.0,0.0,0.0,0.0,-2.584242,0.3978047,2.054722,0.4197451,0.120556,-3.296622,0.07289527,0.3751187,0.02952349,0.9236345,6.459884,44.56392,6.310964,0.07678899,0.03448782,-0.9964498,0.0,0.0,0.0,0.9442552,0.08132122,-2.564437,-0.1242357,0.1550417,0.9118205,0.7168286,0.1092266,-0.6886408,0.0001509133,0.9876293,0.1568068,0.6972494,-0.1125075,0.7079446,moving,48.37989,2.152403,-7.758782,9.650014,46.748527230724754,8.631727979486726,56.63713150072932,54.51682002825756,56.398298227875976
1435,1435,05/15/2023 13:23:47.633726,1664,True,True,True,True,Eyes,0.2988798,0.1098802,-3.164369,0.7412394,0.02723848,0.6706879,0.0,0.0,0.0,0.0,0.0,0.0,0.0,-2.57434,0.3852005,2.079432,0.4270044,0.1210831,-3.301916,0.07060288,0.3707796,0.02953951,0.9255621,6.245534,43.99958,6.181398,0.07833267,0.03448403,-0.9963298,0.0,0.0,0.0,0.9448336,0.08361152,-2.564118,-0.11974,0.1593623,0.914411,0.7232997,0.1070375,-0.682188,-0.002325098,0.9882853,0.1526,0.6905303,-0.1087894,0.7150754,moving,47.86059,2.325661,-7.460304,9.88614,46.25032323754342,8.78261379494015,55.83513370332946,53.72196243935617,55.59074032066534
1436,1436,05/15/2023 13:23:47.654072,1665,True,True,True,True,Eyes,0.3051311,0.1104465,-3.170238,0.7349858,0.02976644,0.6774288,0.0,0.0,0.0,0.0,0.0,0.0,0.0,-2.561767,0.3892679,2.103953,0.4342917,0.1221299,-3.307155,0.07096949,0.3661015,0.03011766,0.927376,6.29102,43.42795,6.227592,0.07989784,0.03449097,-0.9962053,0.0,0.0,0.0,0.945407,0.08588161,-2.563802,-0.1169255,0.1627489,0.9164551,0.7301252,0.1078249,-0.6747525,-0.003896724,0.9881125,0.153683,0.6833022,-0.1095785,0.721866,moving,47.33356,2.515977,-7.270775,10.06991,45.74509809895301,8.94971577347679,55.124362169196246,53.02770630104064,54.876011545120555
1437,1437,05/15/2023 13:23:47.664214,1666,True,True,True,True,Eyes,0.3114352,0.1109962,-3.176078,0.7286581,0.03229342,0.6841159,0.0,0.0,0.0,0.0,0.0,0.0,0.0,-2.551187,0.3719516,2.129328,0.4421827,0.1229552,-3.312144,0.06691651,0.3616632,0.03201038,0.9293531,5.80967,42.84384,6.226403,0.08148376,0.03450801,-0.9960763,0.0,0.0,0.0,0.9460188,0.08830401,-2.563465,-0.1147453,0.1640375,0.9186764,0.7363502,0.1079004,-0.6679416,-0.01109541,0.9889951,0.1475321,0.6765097,-0.1012242,0.7294438,moving,46.80584,2.702618,-7.119535,10.12395,45.23910449855345,9.113250261942364,54.43364986425997,52.36839356042909,54.187158143039674
1438,1438,05/15/2023 13:23:47.683892,1667,True,True,True,True,Eyes,0.317837,0.1115333,-3.181905,0.7220482,0.03439428,0.6909873,0.0,0.0,0.0,0.0,0.0,0.0,0.0,-2.540226,0.3633113,2.153574,0.4497654,0.1231044,-3.317406,0.06539487,0.3572051,0.03182998,0.9311901,5.684494,42.27756,6.114868,0.08308899,0.03453358,-0.9959428,0.0,0.0,0.0,0.9466057,0.09062791,-2.563142,-0.1128932,0.1644241,0.9206321,0.7427828,0.1059983,-0.6610886,-0.01256077,0.9894208,0.1445298,0.6694147,-0.09905045,0.7362561,moving,46.25925,2.849578,-6.991034,10.12621,44.71375371840154,9.237906509420938,53.74515903171262,51.712417813290664,53.5023176700873
1439,1439,05/15/2023 13:23:47.703617,1668,True,True,True,True,Eyes,0.324302,0.1120441,-3.187706,0.715392,0.03647689,0.6977705,0.0,0.0,0.0,0.0,0.0,0.0,0.0,-2.529721,0.3553144,2.176681,0.4578825,0.1233096,-3.322471,0.06402132,0.3528317,0.03162173,0.9329584,5.574742,41.72463,6.008505,0.084714,0.03456638,-0.9958047,0.0,0.0,0.0,0.9471914,0.09294706,-2.562819,-0.1105395,0.1662119,0.9223284,0.7490197,0.104181,-0.6543056,-0.01382601,0.9898027,0.1417727,0.6624034,-0.09714415,0.7428221,moving,45.71441,2.99249,-6.834207,10.21557,44.18998738187516,9.35871188531264,53.042718947081596,51.03138855790705,52.799367838799164
1440,1440,05/15/2023 13:23:47.714130,1669,True,True,True,True,Eyes,0.3308294,0.1125303,-3.19348,0.70872,0.0380408,0.7044635,0.0,0.0,0.0,0.0,0.0,0.0,0.0,-2.520096,0.3484785,2.198581,0.4658688,0.1231998,-3.327742,0.06291384,0.3486808,0.0311965,0.9346072,5.49991,41.20209,5.892321,0.0863589,0.03460487,-0.9956621,0.0,0.0,0.0,0.9477848,0.09529662,-2.562492,-0.1094779,0.165074,0.9241198,0.7548969,0.1021866,-0.6478337,-0.01443925,0.9901372,0.1393547,0.6556845,-0.09584419,0.7489271,moving,45.17258,3.090951,-6.756184,10.12783,43.66792400506455,9.436722733396794,52.403379629832436,50.42884390267505,52.16664222592551
1441,1441,05/15/2023 13:23:47.733914,1670,True,True,True,True,Eyes,0.3374179,0.1130031,-3.199239,0.7020167,0.03958303,0.7110597,0.0,0.0,0.0,0.0,0.0,0.0,0.0,-2.511103,0.3475624,2.218894,0.4740632,0.1231616,-3.33317,0.06291266,0.3446918,0.03060202,0.9361053,5.548552,40.71087,5.80472,0.08802206,0.03464765,-0.995515,0.0,0.0,0.0,0.948367,0.09760168,-2.562171,-0.108953,0.1688779,0.9253371,0.7605022,0.1006644,-0.6414851,-0.01392248,0.990211,0.1388823,0.6491861,-0.09668919,0.7544591,moving,44.63334,3.186234,-6.715321,10.34289,43.14828231443662,9.511748476238726,51.84498733335034,49.870529691712875,51.60027237513738
1442,1442,05/15/2023 13:23:47.753512,1671,True,True,True,True,Eyes,0.3440762,0.1134507,-3.204982,0.6952084,0.04081163,0.7176487,0.0,0.0,0.0,0.0,0.0,0.0,0.0,-2.502308,0.3426518,2.239482,0.482124,0.1233224,-3.33865,0.06214833,0.3407543,0.03023354,0.9376087,5.505264,40.22004,5.710844,0.0897029,0.03469386,-0.9953634,0.0,0.0,0.0,0.9489673,0.09997867,-2.56184,-0.1087842,0.1674591,0.926669,0.7659448,0.09904908,-0.6352305,-0.01433984,0.990447,0.1371461,0.6427464,-0.0959372,0.7600482,moving,44.09005,3.254822,-6.695461,10.24342,42.62399034975147,9.560890334434836,51.26410663940926,49.324173872299966,51.02559476286018
1443,1443,05/15/2023 13:23:47.763741,1672,True,True,True,True,Eyes,0.350809,0.1138683,-3.210716,0.6883631,0.04204753,0.7241465,0.0,0.0,0.0,0.0,0.0,0.0,0.0,-2.492181,0.3358487,2.261832,0.4905982,0.1232151,-3.344216,0.06086776,0.336488,0.03015343,0.9392347,5.396396,39.68626,5.626278,0.09140126,0.03474234,-0.9952073,0.0,0.0,0.0,0.9495479,0.1022774,-2.56152,-0.1076328,0.1648881,0.9285357,0.7717332,0.09760482,-0.6284116,-0.01567975,0.9907718,0.1346308,0.635753,-0.09404568,0.766142,moving,43.54882,3.323145,-6.61203,10.06954,42.10168621541476,9.609841100216538,50.61249567269455,48.71588519768911,50.383895429990645
1444,1444,05/15/2023 13:23:47.783304,1673,True,True,True,True,Eyes,0.3576315,0.114249,-3.216447,0.6814672,0.04301533,0.7305835,0.0,0.0,0.0,0.0,0.0,0.0,0.0,-2.482986,0.3314287,2.282714,0.4991328,0.1229091,-3.349867,0.05996334,0.3324488,0.03006658,0.940733,5.326307,39.18489,5.558207,0.09311733,0.03479191,-0.9950465,0.0,0.0,0.0,0.9501299,0.1045822,-2.561199,-0.1067677,0.1656897,0.9293803,0.7771475,0.09643873,-0.6218854,-0.01669976,0.9910008,0.1328102,0.6290969,-0.09282777,0.7717643,moving,43.00784,3.369574,-6.553438,10.10848,41.57902716567172,9.637675099803127,50.01732830799862,48.134767685932076,49.788979634985566
1445,1445,05/15/2023 13:23:47.803511,1674,True,True,True,True,Eyes,0.3645318,0.1145841,-3.222186,0.6745744,0.04391313,0.7368996,0.0,0.0,0.0,0.0,0.0,0.0,0.0,-2.474972,0.3285579,2.302242,0.5081574,0.1224627,-3.355672,0.05925104,0.3285998,0.03006316,0.9421294,5.272163,38.70973,5.508454,0.09485056,0.03484126,-0.9948811,0.0,0.0,0.0,0.9507157,0.1069016,-2.560877,-0.1061155,0.1655276,0.9301853,0.7822368,0.09558654,-0.6156045,-0.01770702,0.9911711,0.1314018,0.6227297,-0.0918868,0.777023,moving,42.47169,3.410322,-6.508168,10.09023,41.06089092912186,9.660179193309146,49.43326471707718,47.571002838899695,49.20742075176328
1446,1446,05/15/2023 13:23:47.813614,1675,True,True,True,True,Eyes,0.3714943,0.1148808,-3.227918,0.6677374,0.04453838,0.7430633,0.0,0.0,0.0,0.0,0.0,0.0,0.0,-2.468348,0.3292858,2.31991,0.5169373,0.1217228,-3.361712,0.05939153,0.325083,0.02948539,0.9433581,5.329576,38.28108,5.431412,0.0966012,0.03488898,-0.994711,0.0,0.0,0.0,0.9513446,0.1093917,-2.56053,-0.1057462,0.1657055,0.930934,0.7869033,0.09424491,-0.609837,-0.0170162,0.9912065,0.1312253,0.6168417,-0.09288454,0.7815874,moving,41.94375,3.430141,-6.480538,10.0929,40.55013514612436,9.662747208910092,48.88050762624121,47.03264024059532,48.656188637359506
1447,1447,05/15/2023 13:23:47.833751,1676,True,True,True,True,Eyes,0.3785375,0.1151508,-3.233665,0.6609531,0.04516558,0.7490668,0.0,0.0,0.0,0.0,0.0,0.0,0.0,-2.465019,0.3315537,2.334164,0.5261382,0.1212184,-3.367945,0.05989634,0.3221666,0.0287645,0.9443484,5.427844,37.92844,5.355734,0.09836873,0.03493401,-0.9945362,0.0,0.0,0.0,0.9519126,0.1116407,-2.560217,-0.1049339,0.1656537,0.9314137,0.7907626,0.09292061,-0.6050291,-0.01573423,0.99117,0.1316599,0.6119207,-0.09459209,0.7852423,moving,41.42418,3.450518,-6.427893,10.08471,40.047500707876615,9.666116071802374,48.309764995186974,46.47727876262616,48.08768309769842
1448,1448,05/15/2023 13:23:47.853471,1677,True,True,True,True,Eyes,0.3856635,0.1153757,-3.239434,0.6540512,0.04560424,0.7550743,0.0,0.0,0.0,0.0,0.0,0.0,0.0,-2.463134,0.3317643,2.347003,0.5351326,0.12084,-3.3741,0.05950392,0.3196147,0.02914559,0.9452282,5.385643,37.61703,5.367759,0.1001523,0.03497574,-0.9943568,0.0,0.0,0.0,0.952497,0.1139546,-2.559895,-0.1041726,0.1657749,0.9318182,0.793994,0.09313511,-0.6007491,-0.01706181,0.9912196,0.1311203,0.6076862,-0.09385885,0.7886115,moving,40.89936,3.456295,-6.378895,10.08765,39.53938364873349,9.655233381798038,47.7410542927264,45.92031465696235,47.5208579100974
1449,1449,05/15/2023 13:23:47.873213,1678,True,True,True,True,Eyes,0.3928742,0.1155507,-3.245234,0.6471912,0.04596961,0.7609405,0.0,0.0,0.0,0.0,0.0,0.0,0.0,-2.460603,0.331332,2.361076,0.5443658,0.120019,-3.380575,0.05895258,0.3168652,0.02947555,0.9461777,5.329295,37.28032,5.367444,0.1019532,0.0350131,-0.9941725,0.0,0.0,0.0,0.9531128,0.116393,-2.559556,-0.1033923,0.1673741,0.9319276,0.7974553,0.09313824,-0.5961462,-0.01841817,0.9913116,0.1302388,0.6030968,-0.09287968,0.7922421,moving,40.38166,3.457126,-6.330768,10.18177,39.03802725147703,9.639801763561106,47.193980194320545,45.37203226812475,46.97201778622395
1450,1450,05/15/2023 13:23:47.889077,1679,True,True,True,True,Eyes,0.4001939,0.1156932,-3.251077,0.6401389,0.04616561,0.7668709,0.0,0.0,0.0,0.0,0.0,0.0,0.0,-2.457313,0.3368381,2.375256,0.5536234,0.1190106,-3.387185,0.05952687,0.3139983,0.02946362,0.9470975,5.408295,36.93847,5.371277,0.1037701,0.03504493,-0.9939834,0.0,0.0,0.0,0.9536865,0.1186643,-2.559239,-0.1024259,0.170016,0.9316033,0.8010738,0.0931925,-0.5912663,-0.01842716,0.9911768,0.1312585,0.5982817,-0.09425243,0.7957232,moving,39.85315,3.445047,-6.274233,10.34256,38.52584960226042,9.611574858974375,46.64023100300703,44.80604580238874,46.41412901226293
1451,1451,05/15/2023 13:23:47.903852,1680,True,True,True,True,Eyes,0.4075878,0.1158084,-3.256959,0.6331503,0.04633016,0.7726411,0.0,0.0,0.0,0.0,0.0,0.0,0.0,-2.455834,0.3416063,2.388005,0.5633364,0.118405,-3.393968,0.06001138,0.3114033,0.02950171,0.9479222,5.474248,36.6292,5.378437,0.1056045,0.03507072,-0.9937892,0.0,0.0,0.0,0.954275,0.1209943,-2.558915,-0.1004742,0.1706438,0.931542,0.8043153,0.09330612,-0.5868312,-0.01855517,0.9910566,0.1321461,0.593913,-0.09539837,0.7988533,moving,39.33333,3.431539,-6.156009,10.38059,38.02204902542709,9.582241662614845,46.01705414797346,44.18527097309473,45.79262604588416
1452,1452,05/15/2023 13:23:47.913514,1681,True,True,True,True,Eyes,0.4150663,0.1158957,-3.262884,0.625995,0.04637587,0.7784468,0.0,0.0,0.0,0.0,0.0,0.0,0.0,-2.454124,0.3400729,2.40188,0.5725227,0.1178945,-3.400841,0.0600291,0.3087559,0.02847887,0.9488179,5.52772,36.30465,5.252028,0.1074553,0.03509021,-0.9935902,0.0,0.0,0.0,0.9548904,0.123431,-2.558576,-0.09862641,0.1721606,0.9316869,0.8077176,0.0911112,-0.582487,-0.01697385,0.9911709,0.1314994,0.5893253,-0.09632732,0.8021326,moving,38.80481,3.40936,-6.042706,10.46924,37.50958627159219,9.544269376656567,45.399797323167164,43.56211350203566,45.17512659926996
1453,1453,05/15/2023 13:23:47.933717,1682,True,True,True,True,Eyes,0.4226069,0.1159521,-3.26884,0.6189113,0.04650159,0.7840832,0.0,0.0,0.0,0.0,0.0,0.0,0.0,-2.454021,0.3356816,2.414633,0.5819184,0.1173802,-3.407778,0.05983095,0.3063567,0.02697372,0.9496518,5.572773,36.00603,5.066267,0.1093226,0.03510311,-0.993386,0.0,0.0,0.0,0.9555226,0.1259343,-2.558227,-0.09822008,0.1734661,0.931069,0.8108361,0.0878905,-0.5786366,-0.01457207,0.9913854,0.1301643,0.585092,-0.09710997,0.8051317,moving,38.28558,3.394063,-6.021958,10.55369,37.00630830972832,9.513228549492196,44.88227024561673,43.04084410941418,44.65629003650642
1454,1454,05/15/2023 13:23:47.953383,1683,True,True,True,True,Eyes,0.4302017,0.1159489,-3.274826,0.6115813,0.04672266,0.7898008,0.0,0.0,0.0,0.0,0.0,0.0,0.0,-2.453155,0.3277744,2.428265,0.5909628,0.1166978,-3.414531,0.05859578,0.3039017,0.02632074,0.9505354,5.474164,35.69598,4.936103,0.1112056,0.0351091,-0.9931768,0.0,0.0,0.0,0.956053,0.1280345,-2.557935,-0.09843639,0.1727943,0.9307727,0.813902,0.08565229,-0.5746541,-0.01442287,0.9917475,0.1273926,0.5808232,-0.09539689,0.8084206,moving,37.75237,3.38553,-6.03703,10.51701,36.489675529011365,9.48827565511653,44.366311085669494,42.53914641249386,44.14338693583589
1455,1455,05/15/2023 13:23:47.964004,1684,True,True,True,True,Eyes,0.4378527,0.1159016,-3.280844,0.6042891,0.04691711,0.7953826,0.0,0.0,0.0,0.0,0.0,0.0,0.0,-2.450135,0.3251283,2.443537,0.60008,0.1153029,-3.421454,0.05767127,0.3010841,0.02649691,0.9514832,5.381733,35.34929,4.906362,0.1131038,0.03510706,-0.9929625,0.0,0.0,0.0,0.9566422,0.1303675,-2.55761,-0.09873146,0.1742951,0.9298179,0.8172925,0.08515055,-0.5698968,-0.01569492,0.9919439,0.1257021,0.5760092,-0.0937909,0.8120447,moving,37.22563,3.375786,-6.061164,10.61693,35.979275752811326,9.462357195959132,43.888275213628205,42.05629100348234,43.66291319585014
1456,1456,05/15/2023 13:23:47.983942,1685,True,True,True,True,Eyes,0.4455578,0.1158122,-3.286886,0.5966094,0.04709201,0.8011489,0.0,0.0,0.0,0.0,0.0,0.0,0.0,-2.445612,0.3328997,2.458798,0.6090998,0.1141783,-3.428336,0.05793063,0.2981237,0.02773927,0.9523638,5.382407,35.00077,5.034968,0.1150155,0.03509643,-0.9927433,0.0,0.0,0.0,0.9572319,0.1327022,-2.557285,-0.09910578,0.1772474,0.9287245,0.8207055,0.08737676,-0.5646307,-0.01829476,0.9917491,0.1268816,0.5710585,-0.09380261,0.8155326,moving,36.67477,3.364009,-6.09108,10.80498,35.445460942075684,9.433720854066594,43.408362968964184,41.55916968706227,43.17713291446164
1457,1457,05/15/2023 13:23:48.004010,1686,True,True,True,True,Eyes,0.4533101,0.1157432,-3.29296,0.588945,0.04709908,0.8067996,0.0,0.0,0.0,0.0,0.0,0.0,0.0,-2.440116,0.3455153,2.474337,0.6183934,0.1130891,-3.435213,0.05834966,0.2950357,0.03018885,0.9532251,5.360799,34.64432,5.301007,0.1169409,0.03507678,-0.992519,0.0,0.0,0.0,0.9578306,0.135073,-2.556955,-0.1000689,0.1797102,0.9271712,0.8240852,0.09198399,-0.5589478,-0.02312307,0.9913679,0.1290543,0.5659938,-0.09342713,0.8190985,moving,36.12858,3.341003,-6.160046,10.96941,34.91586269862485,9.39439655572091,42.97115872681961,41.10609374250276,42.734504757447375
1458,1458,05/15/2023 13:23:48.013745,1687,True,True,True,True,Eyes,0.4610903,0.1157087,-3.299034,0.5807754,0.04713956,0.8126978,0.0,0.0,0.0,0.0,0.0,0.0,0.0,-2.431907,0.3668483,2.491164,0.6273055,0.1134971,-3.442129,0.06046795,0.2915713,0.03252948,0.9540816,5.532675,34.25812,5.61184,0.1188779,0.03504962,-0.9922898,0.0,0.0,0.0,0.9584444,0.137503,-2.556617,-0.1014535,0.1829735,0.9257174,0.8278559,0.097333,-0.5524317,-0.02681012,0.9905709,0.134352,0.5602997,-0.09641339,0.8226596,moving,35.55061,3.319654,-6.254337,11.18074,34.35553153248636,9.355674508303483,42.53763353516748,40.650858370701194,42.29336536629726
1459,1459,05/15/2023 13:23:48.033574,1688,True,True,True,True,Eyes,0.4689116,0.1156136,-3.305145,0.5725038,0.04726877,0.8185384,0.0,0.0,0.0,0.0,0.0,0.0,0.0,-2.416505,0.375062,2.516582,0.6366327,0.1142867,-3.448911,0.05999669,0.2866485,0.03591496,0.9554806,5.397301,33.67919,5.939993,0.1208256,0.03501677,-0.9920557,0.0,0.0,0.0,0.9590267,0.1398087,-2.556296,-0.103327,0.1853492,0.9240459,0.8330855,0.103028,-0.5434645,-0.03423618,0.990221,0.1352413,0.5520836,-0.09406142,0.8284661,moving,34.96979,3.305033,-6.38032,11.34213,33.79262368288729,9.323354659964476,42.12394242232686,40.22363556445351,41.873554908489815
1460,1460,05/15/2023 13:23:48.053619,1689,True,True,True,True,Eyes,0.4767861,0.1155761,-3.311272,0.5638658,0.04697383,0.8245295,0.0,0.0,0.0,0.0,0.0,0.0,0.0,-2.399283,0.3711654,2.545431,0.6454887,0.1127169,-3.456035,0.058684,0.2812716,0.03644035,0.9571388,5.269364,33.02549,5.923779,0.1227835,0.03497693,-0.9918166,0.0,0.0,0.0,0.9596054,0.1421003,-2.555977,-0.1042908,0.1888412,0.9224759,0.8391169,0.1027692,-0.534155,-0.03674466,0.9904566,0.1328367,0.5427089,-0.09183818,0.8348849,moving,34.36681,3.260643,-6.450202,11.56925,33.20744266689176,9.261617081228469,41.65406845541733,39.72472718865727,41.395920918236015
1461,1461,05/15/2023 13:23:48.063637,1690,True,True,True,True,Eyes,0.4847166,0.1156614,-3.31737,0.5551368,0.0469465,0.8304332,0.0,0.0,0.0,0.0,0.0,0.0,0.0,-2.38644,0.3997,2.564475,0.6546704,0.1141372,-3.462625,0.06335721,0.2770087,0.03631609,0.9580883,5.813106,32.55893,6.040428,0.1247505,0.03493255,-0.9915727,0.0,0.0,0.0,0.9602168,0.1445212,-2.55564,-0.1036195,0.1908848,0.9209727,0.8438947,0.104689,-0.5261958,-0.03448704,0.989334,0.1415233,0.5353993,-0.1012839,0.8385041,moving,33.76236,3.235632,-6.419406,11.70958,32.62136644558544,9.218531395022572,41.06558307860075,39.120164062799425,40.804837344705454
1462,1462,05/15/2023 13:23:48.083494,1691,True,True,True,True,Eyes,0.4926669,0.1157383,-3.323475,0.5460154,0.04699344,0.8364561,0.0,0.0,0.0,0.0,0.0,0.0,0.0,-2.370516,0.3898818,2.590617,0.6639975,0.1170615,-3.468149,0.06016403,0.2720776,0.0401773,0.9595519,5.370651,31.95839,6.334185,0.1267268,0.03488778,-0.9913236,0.0,0.0,0.0,0.9608107,0.1468728,-2.555313,-0.1016399,0.1923994,0.9198984,0.8487191,0.109843,-0.5173107,-0.04436584,0.9895322,0.1373237,0.5269796,-0.09359834,0.8447081,moving,33.13539,3.215588,-6.305054,11.81328,32.013615633417686,9.179532004350255,40.366680946592574,38.40907537261989,40.10644960458504
1463,1463,05/15/2023 13:23:48.103744,1692,True,True,True,True,Eyes,0.5006545,0.1158535,-3.329599,0.5369431,0.04644395,0.842339,0.0,0.0,0.0,0.0,0.0,0.0,0.0,-2.35227,0.385142,2.618933,0.6728122,0.1169652,-3.474761,0.05958484,0.2666351,0.0395046,0.9611425,5.363403,31.30079,6.210847,0.1287112,0.03484241,-0.9910696,0.0,0.0,0.0,0.9613966,0.1491925,-2.55499,-0.0997192,0.1921885,0.9189973,0.8546903,0.1077139,-0.5078408,-0.04416429,0.9897781,0.1356057,0.5172563,-0.09347241,0.8507107,moving,32.51519,3.155915,-6.192861,11.81194,31.41134073624062,9.102508533671225,39.66408931286871,37.70168440654362,39.408954793685744
1464,1464,05/15/2023 13:23:48.123167,1693,True,True,True,True,Eyes,0.5087079,0.1160627,-3.335729,0.527638,0.0460085,0.8482224,0.0,0.0,0.0,0.0,0.0,0.0,0.0,-2.338302,0.4270586,2.636107,0.6817299,0.1181339,-3.481434,0.06677436,0.2624059,0.03838181,0.9618791,6.218161,30.86047,6.287972,0.1307027,0.03479759,-0.9908105,0.0,0.0,0.0,0.9620027,0.1515923,-2.554656,-0.09872356,0.191076,0.9180014,0.85934,0.1088813,-0.4996797,-0.03879334,0.9881361,0.1486009,0.5099314,-0.1083145,0.8533686,moving,31.88374,3.104743,-6.138103,11.75786,30.798402321355333,9.033334558535676,38.99406338062677,37.036852785242125,38.74522617653601
1465,1465,05/15/2023 13:23:48.133746,1694,True,True,True,True,Eyes,0.5167956,0.1163215,-3.341855,0.5184671,0.04560715,0.8538805,0.0,0.0,0.0,0.0,0.0,0.0,0.0,-2.330058,0.4339148,2.652637,0.6908289,0.1204694,-3.487431,0.06674228,0.2590995,0.04100989,0.9626688,6.156821,30.4811,6.557621,0.1327017,0.03475605,-0.9905462,0.0,0.0,0.0,0.9625929,0.1539292,-2.554331,-0.09824485,0.1907131,0.9169772,0.8623712,0.1135437,-0.4933798,-0.04437209,0.9877273,0.1497527,0.5043282,-0.1072501,0.8568258,moving,31.26567,3.057356,-6.115336,11.7489,30.198525304634355,8.968232125665992,38.37815194451098,36.42016799356606,38.13318031634327
1466,1466,05/15/2023 13:23:48.153571,1695,True,True,True,True,Eyes,0.5249472,0.1165861,-3.347991,0.509146,0.04537476,0.8594832,0.0,0.0,0.0,0.0,0.0,0.0,0.0,-2.327778,0.4346092,2.664896,0.6997679,0.1219008,-3.493505,0.06640882,0.2567783,0.0419806,0.9632718,6.106684,30.20699,6.640443,0.1347075,0.03471891,-0.9902767,0.0,0.0,0.0,0.9631886,0.156288,-2.554002,-0.09838456,0.1902737,0.9155784,0.864605,0.1149822,-0.4891189,-0.04677276,0.987655,0.1494989,0.5002704,-0.1063801,0.8593095,moving,30.64192,3.022015,-6.133252,11.73999,29.59347584076924,8.914574268029444,37.79439593021972,35.838276413171194,37.552591338798706
1467,1467,05/15/2023 13:23:48.163879,1696,True,True,True,True,Eyes,0.5331097,0.1168338,-3.354108,0.4999536,0.04506424,0.864879,0.0,0.0,0.0,0.0,0.0,0.0,0.0,-2.325803,0.4370733,2.675808,0.7081006,0.12218,-3.499144,0.06580746,0.2547194,0.04371938,0.9637822,6.002726,29.96566,6.80244,0.1367202,0.03468587,-0.990002,0.0,0.0,0.0,0.9637797,0.1586285,-2.553676,-0.09884202,0.1906727,0.9141921,0.8664133,0.1177968,-0.4852338,-0.05074705,0.987516,0.1491205,0.4967421,-0.1045758,0.8615749,moving,30.03057,2.982681,-6.170822,11.78127,29.00032656984468,8.857452555927754,37.25528084887544,35.292469454096704,37.01437038676922
1468,1468,05/15/2023 13:23:48.183434,1697,True,True,True,True,Eyes,0.5412818,0.1170821,-3.360201,0.4904909,0.04466399,0.8703009,0.0,0.0,0.0,0.0,0.0,0.0,0.0,-2.321012,0.4513367,2.68728,0.7165488,0.1219942,-3.504847,0.06676673,0.252292,0.04589476,0.9642534,6.061872,29.69914,7.058629,0.1387386,0.03465601,-0.9897221,0.0,0.0,0.0,0.9643589,0.1609216,-2.553357,-0.09975931,0.1901583,0.9132171,0.8684849,0.1221978,-0.4804183,-0.05481895,0.9868717,0.1519179,0.4926753,-0.1056023,0.8637819,moving,29.40507,2.937852,-6.234239,11.76256,28.39332354518029,8.79458524930493,36.71560727106042,34.75452433771949,36.477599935448836
1469,1469,05/15/2023 13:23:48.203569,1698,True,True,True,True,Eyes,0.5494867,0.1173305,-3.36625,0.4809912,0.04429536,0.8756058,0.0,0.0,0.0,0.0,0.0,0.0,0.0,-2.307429,0.4723558,2.70475,0.7248536,0.1222144,-3.510366,0.06871391,0.248445,0.04837668,0.9649939,6.233415,29.27719,7.369518,0.1407615,0.03462906,-0.9894374,0.0,0.0,0.0,0.9649518,0.1632691,-2.55303,-0.1019442,0.1973649,0.9108708,0.8718696,0.1275097,-0.4728474,-0.05922315,0.9858761,0.1566549,0.486144,-0.1085791,0.867107,moving,28.78104,2.896024,-6.385941,12.2257,27.78782601264322,8.734659576631529,36.383504599190786,34.35161881297611,36.128258116982686
1470,1470,05/15/2023 13:23:48.213750,1699,True,True,True,True,Eyes,0.5576751,0.117572,-3.372221,0.4713147,0.04401775,0.8808661,0.0,0.0,0.0,0.0,0.0,0.0,0.0,-2.289945,0.4763729,2.727927,0.7338882,0.1224251,-3.515507,0.06824742,0.2436509,0.05040864,0.9661446,6.160247,28.71538,7.55166,0.1427886,0.03460474,-0.9891477,0.0,0.0,0.0,0.9655803,0.1657578,-2.552684,-0.1034602,0.1930395,0.9099489,0.8761864,0.1306611,-0.4639235,-0.06414699,0.9856025,0.156438,0.4776845,-0.1073095,0.8719531,moving,28.14938,2.860747,-6.486611,11.97734,27.17511766363032,8.68081543763107,35.81569684481555,33.822759361326106,35.57180167264688
1471,1471,05/15/2023 13:23:48.234085,1700,True,True,True,True,Eyes,0.5659013,0.1178048,-3.378121,0.461626,0.04380212,0.8859925,0.0,0.0,0.0,0.0,0.0,0.0,0.0,-2.272468,0.4765686,2.751053,0.7428435,0.1226008,-3.520323,0.06821804,0.238787,0.05034102,0.9673639,6.196682,28.13896,7.51231,0.1448187,0.03458266,-0.9888533,0.0,0.0,0.0,0.9661748,0.1681117,-2.552356,-0.104838,0.1876119,0.9099045,0.8808931,0.1299753,-0.4551194,-0.06481701,0.9856242,0.1560249,0.4688561,-0.1079418,0.8766542,moving,27.52073,2.830312,-6.57256,11.65047,26.565456459679357,8.631737525995353,35.215729584506185,33.275229234846606,34.985970048135066
1472,1472,05/15/2023 13:23:48.253383,1701,True,True,True,True,Eyes,0.574093,0.1180146,-3.38392,0.4517892,0.04369172,0.8910542,0.0,0.0,0.0,0.0,0.0,0.0,0.0,-2.256109,0.4684534,2.773816,0.7520241,0.1226447,-3.524621,0.06735644,0.2340215,0.0493069,0.9686413,6.166075,27.56049,7.341694,0.1468516,0.03456238,-0.9885542,0.0,0.0,0.0,0.9667126,0.1702412,-2.55206,-0.1052843,0.188762,0.9092228,0.8856055,0.1270471,-0.4467236,-0.06399566,0.9860639,0.1535662,0.4600081,-0.1074107,0.8813941,moving,26.88628,2.807178,-6.605198,11.72846,25.950377198884844,8.589522174625495,34.65931867691585,32.70654991285099,34.42929685013054
1473,1473,05/15/2023 13:23:48.264355,1702,True,True,True,True,Eyes,0.5823189,0.1182259,-3.389632,0.4419092,0.04348745,0.896005,0.0,0.0,0.0,0.0,0.0,0.0,0.0,-2.236142,0.4607928,2.7988,0.760754,0.1224484,-3.528768,0.06711335,0.2286998,0.04708281,0.9700389,6.238621,26.91679,7.051935,0.1488859,0.03454315,-0.9882507,0.0,0.0,0.0,0.9667197,0.1702693,-2.552056,-0.1045483,0.1802493,0.9093608,0.8909592,0.1220419,-0.4373757,-0.06064669,0.986558,0.1517408,0.4500152,-0.1086695,0.8863844,moving,26.25249,2.77866,-6.558442,11.21158,25.3357903131344,8.542132722203661,33.87729916086913,32.00574953993611,33.66953029887819
1474,1474,05/15/2023 13:23:48.283860,1703,True,True,True,True,Eyes,0.5905844,0.1184545,-3.395258,0.4317707,0.04323474,0.9009466,0.0,0.0,0.0,0.0,0.0,0.0,0.0,-2.214339,0.4593298,2.823509,0.7698609,0.1227715,-3.532524,0.06819125,0.2231038,0.04424206,0.9713998,6.473333,26.2507,6.72636,0.1509218,0.03452497,-0.9879423,0.0,0.0,0.0,0.9667197,0.1702693,-2.552056,-0.1030591,0.1781107,0.9090636,0.8965347,0.1163809,-0.4274121,-0.05552598,0.9867852,0.1522231,0.4394797,-0.1127408,0.8911493,static,25.60566,2.747409,-6.467918,11.0854,24.708499997722534,8.491697419652676,33.13965147128384,31.284122686180893,32.940501232940164
1475,1475,05/15/2023 13:23:48.303688,1704,True,True,True,True,Eyes,0.5988827,0.1186836,-3.400797,0.421672,0.04294054,0.9057311,0.0,0.0,0.0,0.0,0.0,0.0,0.0,-2.194683,0.4587057,2.845776,0.7788836,0.1234617,-3.53604,0.0691126,0.2179796,0.04208682,0.9725929,6.666424,25.64248,6.474404,0.1529594,0.03450831,-0.9876295,0.0,0.0,0.0,0.9667197,0.1702693,-2.552056,-0.1022457,0.1736445,0.9081538,0.9014272,0.111997,-0.4181934,-0.05173641,0.9869043,0.152785,0.4298283,-0.1160887,0.8954167,static,24.9648,2.71435,-6.423669,10.82465,24.08694216999269,8.439704853575495,32.41932991679441,30.60368208758444,32.23222473993012
1476,1476,05/15/2023 13:23:48.323604,1705,True,True,True,True,Eyes,0.6071819,0.1189298,-3.406234,0.4115855,0.042544,0.9103776,0.0,0.0,0.0,0.0,0.0,0.0,0.0,-2.179057,0.4566165,2.865003,0.7880185,0.1237521,-3.539596,0.06967259,0.213546,0.04005108,0.973622,6.809237,25.11273,6.229501,0.1549995,0.0344931,-0.9873119,0.0,0.0,0.0,0.9667197,0.1702693,-2.552056,-0.1028349,0.1684083,0.9077541,0.905588,0.1077458,-0.4102453,-0.04823261,0.9870833,0.152775,0.4214071,-0.118564,0.8990877,static,24.32792,2.675614,-6.463196,10.51013,23.46908406152117,8.38235958757047,31.77219642202459,30.007812259632463,31.597171520071328
1477,1477,05/15/2023 13:23:48.334017,1706,True,True,True,True,Eyes,0.615505,0.1191754,-3.411571,0.4015557,0.04215017,0.9148642,0.0,0.0,0.0,0.0,0.0,0.0,0.0,-2.167615,0.4616463,2.879373,0.7968509,0.1245196,-3.542878,0.07166782,0.2099323,0.03740056,0.9743683,7.120615,24.68851,5.956593,0.1570413,0.03447978,-0.9869897,0.0,0.0,0.0,0.9667197,0.1702693,-2.552056,-0.1048254,0.1697891,0.9061704,0.9090592,0.1029746,-0.4037419,-0.04279307,0.9869298,0.1553649,0.4144636,-0.1239585,0.9015843,static,23.69782,2.6379,-6.59862,10.61246,22.857820076882582,8.326213005748702,31.32838782745132,29.545029824349434,31.1510062267577
1478,1478,05/15/2023 13:23:48.353643,1707,True,True,True,True,Eyes,0.6238178,0.1193915,-3.416798,0.3915573,0.04173126,0.9192069,0.0,0.0,0.0,0.0,0.0,0.0,0.0,-2.153277,0.4596287,2.896598,0.8057964,0.1247759,-3.54588,0.07173184,0.205876,0.03643663,0.9752651,7.175688,24.2052,5.819833,0.1590848,0.0344682,-0.9866628,0.0,0.0,0.0,0.9667197,0.1702693,-2.552056,-0.1079094,0.1700206,0.9048948,0.9125749,0.1006065,-0.3963399,-0.04153502,0.9870539,0.154918,0.4067946,-0.1249123,0.9049392,static,23.07269,2.599398,-6.800452,10.64124,22.25134792047486,8.269461958962998,30.93664228233452,29.148454670792557,30.758237891941558
1479,1479,05/15/2023 13:23:48.373476,1708,True,True,True,True,Eyes,0.6321542,0.1196117,-3.421922,0.3816043,0.04117242,0.9234083,0.0,0.0,0.0,0.0,0.0,0.0,0.0,-2.139946,0.467056,2.911381,0.8146457,0.1243853,-3.548877,0.07360134,0.2020497,0.03444196,0.9759983,7.455239,23.75808,5.612474,0.1611292,0.03445745,-0.9863313,0.0,0.0,0.0,0.9667197,0.1702693,-2.552056,-0.1112522,0.1733303,0.9034275,0.9159794,0.09697284,-0.3893302,-0.03748833,0.9867932,0.1575875,0.3994702,-0.1297516,0.9075176,static,22.45317,2.552982,-7.020319,10.86071,21.65009309474795,8.205250936043818,30.621967578114653,28.793124049380552,30.436289036785734
1480,1480,05/15/2023 13:23:48.383534,1709,True,True,True,True,Eyes,0.6404774,0.1198213,-3.426927,0.3715832,0.0407417,0.9275053,0.0,0.0,0.0,0.0,0.0,0.0,0.0,-2.123378,0.4786444,2.927426,0.8236014,0.1247434,-3.551588,0.07543366,0.1978114,0.03414188,0.9767369,7.692145,23.27381,5.590339,0.1631748,0.03444763,-0.9859954,0.0,0.0,0.0,0.9667197,0.1702693,-2.552056,-0.1133137,0.1705905,0.9031099,0.91941,0.09653852,-0.3812684,-0.03685198,0.9862882,0.1608649,0.3915702,-0.1338504,0.9103609,static,21.83234,2.515164,-7.151563,10.6967,21.04780402930464,8.149294686506131,30.116509831531026,28.314193873120427,29.936779880667412
1481,1481,05/15/2023 13:23:48.403891,1710,True,True,True,True,Eyes,0.6488211,0.120021,-3.431818,0.3615273,0.04028242,0.9314909,0.0,0.0,0.0,0.0,0.0,0.0,0.0,-2.105488,0.4774439,2.946043,0.8323891,0.1247242,-3.554121,0.07494609,0.1933549,0.03456533,0.9776514,7.653134,22.74888,5.591543,0.1652212,0.03443846,-0.9856548,0.0,0.0,0.0,0.9667197,0.1702693,-2.552056,-0.1153169,0.171331,0.9024708,0.9228383,0.09656808,-0.3728863,-0.03860331,0.9863766,0.1599091,0.3832484,-0.1331756,0.913994,static,21.21207,2.476219,-7.281741,10.74948,20.44602657687995,8.092268601586923,29.670593402860046,27.854799715907696,29.490022604680544
1482,1482,05/15/2023 13:23:48.413593,1711,True,True,True,True,Eyes,0.6572118,0.1201955,-3.436594,0.3511774,0.04005102,0.935452,0.0,0.0,0.0,0.0,0.0,0.0,0.0,-2.082587,0.480635,2.966968,0.8412988,0.1247005,-3.556367,0.07536612,0.1881017,0.03446489,0.9786471,7.732475,22.13507,5.548603,0.1672682,0.03442968,-0.9853098,0.0,0.0,0.0,0.9667197,0.1702693,-2.552056,-0.1152212,0.1659337,0.9028958,0.9268599,0.09581091,-0.3629754,-0.03910494,0.9862643,0.1604794,0.3733653,-0.1345478,0.9178754,static,20.5766,2.4516,-7.272379,10.41359,19.829918977568287,8.048588451856405,28.964787520410727,27.205289706004304,28.79710408737854
1483,1483,05/15/2023 13:23:48.433809,1712,True,True,True,True,Eyes,0.6656318,0.1203356,-3.441255,0.340751,0.03979561,0.9393109,0.0,0.0,0.0,0.0,0.0,0.0,0.0,-2.057268,0.4766083,2.990068,0.8504474,0.1242307,-3.558275,0.07454713,0.182428,0.03457332,0.9797794,7.669878,21.46338,5.497626,0.1693171,0.03442062,-0.9849601,0.0,0.0,0.0,0.9667197,0.1702693,-2.552056,-0.1159045,0.1617836,0.9035449,0.9310494,0.09494741,-0.3523236,-0.04054948,0.9864948,0.1586937,0.362633,-0.1334652,0.9223255,static,19.9391,2.425989,-7.309838,10.15148,19.21181832462865,8.00388750848895,28.322920635395725,26.608464963453066,28.164800580067286
1484,1484,05/15/2023 13:23:48.453695,1713,True,True,True,True,Eyes,0.6740624,0.1204467,-3.445775,0.3302406,0.03963382,0.9430643,0.0,0.0,0.0,0.0,0.0,0.0,0.0,-2.029828,0.4795872,3.013256,0.8596589,0.1235605,-3.560286,0.07479977,0.1764755,0.03457284,0.9808497,7.731567,20.76816,5.456303,0.1713684,0.03441042,-0.9846057,0.0,0.0,0.0,0.9667197,0.1702693,-2.552056,-0.1155751,0.1615383,0.9036145,0.9353223,0.09422219,-0.3410198,-0.04142088,0.9864194,0.1589372,0.351364,-0.1345322,0.9265228,static,19.29914,2.406533,-7.288736,10.13564,18.591503067833937,7.965048129604277,27.688521903648542,25.971104005722708,27.53347150976845
1485,1485,05/15/2023 13:23:48.464058,1714,True,True,True,True,Eyes,0.6825365,0.1205242,-3.450173,0.3197293,0.03949413,0.9466855,0.0,0.0,0.0,0.0,0.0,0.0,0.0,-2.004596,0.4819958,3.034132,0.8691192,0.1229987,-3.561767,0.07487666,0.1709151,0.03483851,0.9818187,7.76566,20.11998,5.444148,0.1734217,0.03439851,-0.9842466,0.0,0.0,0.0,0.9667197,0.1702693,-2.552056,-0.116346,0.1531107,0.9045063,0.9391486,0.0940053,-0.3303982,-0.04281508,0.9863595,0.1589394,0.3408325,-0.1351217,0.9303631,static,18.66165,2.388898,-7.329668,9.607695,17.973629599530547,7.928043208795026,26.975167126532007,25.358984592252632,26.8361310250147
1486,1486,05/15/2023 13:23:48.483782,1715,True,True,True,True,Eyes,0.6909761,0.1205685,-3.454423,0.3093611,0.03946452,0.9501254,0.0,0.0,0.0,0.0,0.0,0.0,0.0,-1.983355,0.4821475,3.05255,0.878712,0.1222667,-3.563304,0.07448038,0.1659992,0.03535568,0.9826735,7.737904,19.54572,5.455884,0.1754782,0.03438419,-0.9838824,0.0,0.0,0.0,0.9667197,0.1702693,-2.552056,-0.1169799,0.1507884,0.9048787,0.9423885,0.09421355,-0.3209794,-0.0447588,0.9864053,0.1581178,0.3315127,-0.1346418,0.9337938,static,18.03526,2.378477,-7.366167,9.460797,17.366702914782636,7.898346835509676,26.370281572609898,24.78217312380163,26.23658753635029
1487,1487,05/15/2023 13:23:48.503877,1716,True,True,True,True,Eyes,0.6994695,0.1205788,-3.458543,0.2990427,0.03952436,0.9534208,0.0,0.0,0.0,0.0,0.0,0.0,0.0,-1.9654,0.4837289,3.068382,0.888438,0.1215953,-3.56478,0.07411597,0.1616465,0.03631854,0.9833913,7.702443,19.04136,5.523865,0.1775365,0.03436692,-0.9835137,0.0,0.0,0.0,0.9667197,0.1702693,-2.552056,-0.1180657,0.1486695,0.9047753,0.9451027,0.09539184,-0.3125399,-0.0474695,0.9863756,0.1575115,0.3233071,-0.1340284,0.9367545,static,17.41416,2.373855,-7.434616,9.331257,16.76505759283228,7.874411552389083,25.80440100618071,24.243485736540627,25.675024641688605
1488,1488,05/15/2023 13:23:48.513911,1717,True,True,True,True,Eyes,0.7079896,0.1205382,-3.462526,0.2887436,0.03968892,0.9565835,0.0,0.0,0.0,0.0,0.0,0.0,0.0,-1.949259,0.4784655,3.083518,0.8982894,0.1207621,-3.565825,0.07278085,0.1575452,0.03714427,0.9841254,7.559005,18.55779,5.559749,0.1795979,0.03434612,-0.9831401,0.0,0.0,0.0,0.9667197,0.1702693,-2.552056,-0.1196148,0.1474688,0.904821,0.9475996,0.09604178,-0.3046817,-0.05017668,0.9866465,0.1549548,0.3154952,-0.1315472,0.9397649,static,16.79638,2.375855,-7.530675,9.256743,16.166808182269392,7.856969664834358,25.281460097106116,23.73878839713142,25.1545654507022
1489,1489,05/15/2023 13:23:48.533577,1718,True,True,True,True,Eyes,0.7165684,0.1204538,-3.466379,0.2785205,0.03985183,0.9596031,0.0,0.0,0.0,0.0,0.0,0.0,0.0,-1.933701,0.4782613,3.097324,0.9082642,0.1195175,-3.566808,0.07230304,0.1535548,0.03759371,0.9847741,7.519229,18.09179,5.571187,0.181663,0.03432086,-0.9827615,0.0,0.0,0.0,0.9667197,0.1702693,-2.552056,-0.1216645,0.1482704,0.9045895,0.9500152,0.09624758,-0.2969973,-0.05183765,0.9867179,0.1539497,0.3078699,-0.1308589,0.9423864,static,16.18513,2.378098,-7.660139,9.308525,15.574889534225877,7.839966997726338,24.831988887012056,23.281392002892197,24.70400965538042
1490,1490,05/15/2023 13:23:48.553474,1719,True,True,True,True,Eyes,0.7251983,0.1203102,-3.470105,0.2684414,0.04007753,0.9624619,0.0,0.0,0.0,0.0,0.0,0.0,0.0,-1.919077,0.4800284,3.109936,0.9183214,0.1183764,-3.567585,0.07202684,0.1497487,0.03830244,0.9853531,7.496881,17.65111,5.617764,0.1837325,0.03429046,-0.9823777,0.0,0.0,0.0,0.9667197,0.1702693,-2.552056,-0.1238446,0.1474275,0.9048171,0.9522165,0.09705468,-0.289593,-0.05391099,0.9866901,0.1534152,0.3006282,-0.1304722,0.944775,static,15.58438,2.384455,-7.79379,9.254237,14.993252050445015,7.827263003647223,24.366631635833954,22.831678435783395,24.24004622290062
1491,1491,05/15/2023 13:23:48.563819,1720,True,True,True,True,Eyes,0.7338924,0.1201128,-3.473708,0.2584651,0.04021369,0.9651833,0.0,0.0,0.0,0.0,0.0,0.0,0.0,-1.905118,0.4833997,3.12191,0.92861,0.1168188,-3.568404,0.07185376,0.1460452,0.03917927,0.9858869,7.4832,17.22474,5.686445,0.1858076,0.03425388,-0.9819887,0.0,0.0,0.0,0.9667197,0.1702693,-2.552056,-0.1257709,0.1458035,0.9051774,0.9542716,0.09824044,-0.2823377,-0.05626485,0.986604,0.1531232,0.2935985,-0.1302354,0.9470157,static,14.99142,2.385809,-7.910383,9.150452,14.419022551869356,7.809976093474257,23.87997017519616,22.36960500223082,23.756139781019016
1492,1492,05/15/2023 13:23:48.583558,1721,True,True,True,True,Eyes,0.7426552,0.1198669,-3.477185,0.2486124,0.04037536,0.9677612,0.0,0.0,0.0,0.0,0.0,0.0,0.0,-1.89258,0.4928896,3.131829,0.9389091,0.1153439,-3.569075,0.07264553,0.1426205,0.03994697,0.9862994,7.579743,16.83808,5.762094,0.1878895,0.03421033,-0.9815939,0.0,0.0,0.0,0.9667197,0.1702693,-2.552056,-0.1281954,0.1450827,0.9054828,0.9561272,0.09952083,-0.2755291,-0.05807786,0.9862537,0.154695,0.2871369,-0.1319059,0.948764,static,14.40742,2.389016,-8.058199,9.10295,13.85352111151793,7.79475802247156,23.447408104298372,21.950736764299485,23.324532760997585
1493,1493,05/15/2023 13:23:48.604057,1722,True,True,True,True,Eyes,0.7514777,0.1195567,-3.480537,0.2388802,0.04051733,0.9702034,0.0,0.0,0.0,0.0,0.0,0.0,0.0,-1.881505,0.4976009,3.141399,0.9494209,0.1139253,-3.569549,0.07267044,0.1393829,0.04087668,0.9867221,7.586108,16.46841,5.843813,0.1899792,0.0341593,-0.9811934,0.0,0.0,0.0,0.9667197,0.1702693,-2.552056,-0.1314357,0.1448613,0.9055958,0.9578031,0.1009259,-0.2691233,-0.06040982,0.9860962,0.1548061,0.2810055,-0.132016,0.9505829,static,13.83204,2.391379,-8.25809,9.08818,13.296344902897973,7.778995906766101,23.082915479863043,21.594157241560577,22.95953982165228
1494,1494,05/15/2023 13:23:48.614401,1723,True,True,True,True,Eyes,0.7602986,0.1191763,-3.483743,0.2292932,0.04064999,0.9725083,0.0,0.0,0.0,0.0,0.0,0.0,0.0,-1.871406,0.5020801,3.15021,0.9597362,0.1120712,-3.569932,0.07259066,0.1363415,0.04182667,0.9871131,7.579685,16.12105,5.927611,0.1920781,0.03409981,-0.9807867,0.0,0.0,0.0,0.9667197,0.1702693,-2.552056,-0.135248,0.1467134,0.9057527,0.959323,0.1023695,-0.2630965,-0.06278106,0.9859623,0.1547158,0.2752414,-0.1319049,0.9522832,static,13.26663,2.39352,-8.492723,9.200833,12.74881832758877,7.76333221983737,22.7993191402414,21.290126501846572,22.671824933919552
1495,1495,05/15/2023 13:23:48.633754,1724,True,True,True,True,Eyes,0.7691826,0.1187521,-3.486825,0.219781,0.04070291,0.9746998,0.0,0.0,0.0,0.0,0.0,0.0,0.0,-1.858971,0.507436,3.160132,0.9703113,0.1100785,-3.570165,0.07250625,0.1329345,0.04305902,0.987531,7.571091,15.73342,6.040927,0.1941849,0.03403092,-0.9803742,0.0,0.0,0.0,0.9667197,0.1702693,-2.552056,-0.1406834,0.1491054,0.9056317,0.9609486,0.1043214,-0.2563097,-0.06576706,0.9857775,0.1546524,0.268798,-0.1317562,0.9541426,static,12.70687,2.39125,-8.829914,9.349438,12.206643346265174,7.743589709316058,22.63292834137907,21.097760395724375,22.499008954702987
1496,1496,05/15/2023 13:23:48.653290,1725,True,True,True,True,Eyes,0.778105,0.1182766,-3.489767,0.2101619,0.0409115,0.9768103,0.0,0.0,0.0,0.0,0.0,0.0,0.0,-1.845139,0.5165755,3.170015,0.9807799,0.1086181,-3.570246,0.07317108,0.1293537,0.04403712,0.9879142,7.653435,15.33014,6.136178,0.1963001,0.0339525,-0.9799556,0.0,0.0,0.0,0.9667197,0.1702693,-2.552056,-0.1465609,0.1494182,0.9059032,0.9626567,0.1059397,-0.2491363,-0.06807989,0.9854134,0.1559662,0.2620252,-0.1331808,0.9558272,static,12.14216,2.398303,-9.18993,9.365948,11.659928649624062,7.732687355617779,22.44117066050978,20.913731040677344,22.30364663171106
1497,1497,05/15/2023 13:23:48.663509,1726,True,True,True,True,Eyes,0.7870924,0.1177403,-3.492587,0.2006133,0.04106779,0.9788094,0.0,0.0,0.0,0.0,0.0,0.0,0.0,-1.830765,0.5154316,3.181588,0.9915133,0.1069188,-3.570062,0.07223339,0.1255957,0.04515763,0.9884174,7.553406,14.89426,6.220428,0.1984248,0.03386416,-0.9795307,0.0,0.0,0.0,0.9667197,0.1702693,-2.552056,-0.15243,0.14994,0.9064407,0.9643731,0.1074136,-0.2417582,-0.07112478,0.9854863,0.1541367,0.2548057,-0.1314503,0.9580161,static,11.58273,2.402543,-9.545732,9.392599,11.118250787872794,7.719236419711887,22.2547251020672,20.73162625031166,22.113267600901317
1498,1498,05/15/2023 13:23:48.683908,1727,True,True,True,True,Eyes,0.7961317,0.1171693,-3.495278,0.190926,0.04128092,0.980736,0.0,0.0,0.0,0.0,0.0,0.0,0.0,-1.816654,0.5226774,3.191646,1.002128,0.1049365,-3.56998,0.07246879,0.1219757,0.04632406,0.9887994,7.585954,14.48474,6.32997,0.2005593,0.03376537,-0.9790993,0.0,0.0,0.0,0.9667197,0.1702693,-2.552056,-0.1580862,0.152812,0.9068484,0.965952,0.1092893,-0.2345049,-0.07393154,0.9852047,0.154615,0.2479331,-0.1320134,0.9597405,static,11.01634,2.410259,-9.888709,9.564992,10.56992713423265,7.708921087574998,22.095503569588313,20.542657853960378,21.946069307929875
1499,1499,05/15/2023 13:23:48.704792,1728,True,True,True,True,Eyes,0.8052403,0.1165549,-3.497844,0.1812205,0.04161642,0.9825616,0.0,0.0,0.0,0.0,0.0,0.0,0.0,-1.799677,0.5279741,3.203437,1.013052,0.1035421,-3.569679,0.07205463,0.1179312,0.04858937,0.9892117,7.532822,14.02894,6.552298,0.2027044,0.03365631,-0.9786611,0.0,0.0,0.0,0.9667197,0.1702693,-2.552056,-0.1647736,0.1551709,0.9071908,0.9674627,0.1131253,-0.2263156,-0.07913536,0.9848944,0.154015,0.24032,-0.1310942,0.9618008,static,10.45001,2.425315,-10.29444,9.706255,10.02186174566389,7.705689696022154,21.985092519389134,20.414562894079943,21.827275319254426
1500,1500,05/15/2023 13:23:48.713602,1729,True,True,True,True,Eyes,0.8144088,0.1159222,-3.500274,0.1714719,0.04202918,0.9842921,0.0,0.0,0.0,0.0,0.0,0.0,0.0,-1.77974,0.5202097,3.218756,1.023922,0.1018537,-3.56927,0.06993127,0.1133124,0.05030359,0.9898181,7.298487,13.48805,6.68287,0.2048609,0.03353696,-0.9782161,0.0,0.0,0.0,0.9667197,0.1702693,-2.552056,-0.1712347,0.156836,0.9081033,0.9692597,0.1154309,-0.2172817,-0.08373463,0.9851583,0.1498385,0.2313528,-0.1270384,0.9645399,static,9.882227,2.445039,-10.67848,9.798735,9.4725164572495,7.706916701108794,21.83619740706392,20.259278417941196,21.671334978780212
1501,1501,05/15/2023 13:23:48.733741,1730,True,True,True,True,Eyes,0.8236577,0.1153185,-3.502563,0.1618348,0.04242504,0.9859055,0.0,0.0,0.0,0.0,0.0,0.0,0.0,-1.764552,0.5220336,3.229621,1.035263,0.1008026,-3.568569,0.06994937,0.1093572,0.05044518,0.9902543,7.325279,13.03112,6.670192,0.2070297,0.03340795,-0.9777638,0.0,0.0,0.0,0.9667197,0.1702693,-2.552056,-0.1784925,0.1582104,0.9089766,0.9709926,0.115206,-0.2095256,-0.08460817,0.9851248,0.1495684,0.22364,-0.1275022,0.9662962,static,9.321877,2.464006,-11.10961,9.87361,8.930349194200758,7.707646383634238,21.733566032015663,20.156670431711973,21.56119735944035
1502,1502,05/15/2023 13:23:48.753497,1731,True,True,True,True,Eyes,0.832926,0.11469,-3.504717,0.1521897,0.04295325,0.9874175,0.0,0.0,0.0,0.0,0.0,0.0,0.0,-1.754372,0.5239134,3.237252,1.046505,0.100898,-3.567458,0.06952884,0.106277,0.05204612,0.9905363,7.277731,12.68252,6.825346,0.2092112,0.03327123,-0.977304,0.0,0.0,0.0,0.9667197,0.1702693,-2.552056,-0.1852066,0.1575827,0.9103799,0.9719928,0.1178858,-0.2033049,-0.08832851,0.9849138,0.1488043,0.2177798,-0.1266791,0.9677419,static,8.761992,2.49083,-11.49926,9.820335,8.38884652647217,7.715971537936317,21.546228815097294,19.999128150716313,21.370777782146096
1503,1503,05/15/2023 13:23:48.763629,1732,True,True,True,True,Eyes,0.8422492,0.1140312,-3.50678,0.1427549,0.04316683,0.9888163,0.0,0.0,0.0,0.0,0.0,0.0,0.0,-1.748799,0.5193477,3.24371,1.057594,0.0997265,-3.566683,0.06819009,0.1038335,0.05309227,0.990833,7.129043,12.39579,6.909533,0.2114048,0.03312703,-0.9768369,0.0,0.0,0.0,0.9667197,0.1702693,-2.552056,-0.191135,0.1580544,0.9120228,0.9727996,0.119372,-0.1985226,-0.09105033,0.9850627,0.1461555,0.2130041,-0.1241045,0.9691374,static,8.215001,2.499663,-11.83632,9.83176,7.859340762317336,7.707342242971698,21.349827171723195,19.80990165726887,21.16998489966232
1504,1504,05/15/2023 13:23:48.783919,1733,True,True,True,True,Eyes,0.8516272,0.1134961,-3.508708,0.1331893,0.04320086,0.9901487,0.0,0.0,0.0,0.0,0.0,0.0,0.0,-1.743413,0.5478374,3.245212,1.068274,0.09842031,-3.566527,0.07157583,0.1017799,0.05431549,0.990741,7.514075,12.19647,7.079909,0.2136112,0.03297533,-0.9763618,0.0,0.0,0.0,0.9667197,0.1702693,-2.552056,-0.1963732,0.1602694,0.9135957,0.9733813,0.1221951,-0.1938998,-0.09305517,0.9838535,0.1528827,0.2094505,-0.1307697,0.9690354,static,7.661125,2.498269,-12.13089,9.949987,7.322888170687539,7.688629451643813,21.148332296229622,19.58477018184861,20.961031754810584
1505,1505,05/15/2023 13:23:48.804018,1734,True,True,True,True,Eyes,0.861071,0.1130728,-3.510499,0.1236985,0.04346977,0.9913672,0.0,0.0,0.0,0.0,0.0,0.0,0.0,-1.733825,0.5766737,3.247678,1.079286,0.1009402,-3.565258,0.07427138,0.09926539,0.05872562,0.990546,7.786354,11.96349,7.602859,0.2158304,0.03282044,-0.9758789,0.0,0.0,0.0,0.9667197,0.1702693,-2.552056,-0.2013286,0.1626074,0.915201,0.9733953,0.131086,-0.1879306,-0.1015957,0.9820701,0.1587973,0.2053771,-0.1354796,0.9692603,static,7.112358,2.510714,-12.40648,10.07483,6.791760893167241,7.683429534814773,20.933248379831067,19.346608218935096,20.73818635767381
1506,1506,05/15/2023 13:23:48.813363,1735,True,True,True,True,Eyes,0.8706247,0.1127264,-3.512185,0.1140144,0.04387744,0.9925097,0.0,0.0,0.0,0.0,0.0,0.0,0.0,-1.724131,0.557639,3.258257,1.090382,0.1031485,-3.563742,0.07044707,0.09617955,0.06189661,0.9909368,7.337327,11.59441,7.894361,0.2180631,0.0326659,-0.9753876,0.0,0.0,0.0,0.9667197,0.1702693,-2.552056,-0.2051925,0.1667201,0.9169267,0.9738366,0.1362224,-0.1818948,-0.1091201,0.9824121,0.1515236,0.1993366,-0.1277108,0.9715734,static,6.553117,2.531317,-12.61399,10.30522,6.250712280496896,7.685772500044036,20.68360603480104,19.04569498172252,20.47777258041349
1507,1507,05/15/2023 13:23:48.833733,1736,True,True,True,True,Eyes,0.8802195,0.1124551,-3.513744,0.1044807,0.04439124,0.9935357,0.0,0.0,0.0,0.0,0.0,0.0,0.0,-1.719508,0.5635619,3.262332,1.101577,0.1045448,-3.562685,0.0712721,0.09391956,0.06228358,0.9910702,7.444863,11.34394,7.932472,0.2203111,0.03251386,-0.9748874,0.0,0.0,0.0,0.9667197,0.1702693,-2.552056,-0.2066506,0.165426,0.919984,0.9745997,0.1368425,-0.1772836,-0.1100671,0.9820821,0.1529706,0.1950399,-0.129572,0.9721988,static,6.003189,2.558277,-12.65988,10.19365,5.718856418322871,7.694541094719459,20.16454971845119,18.54787043449031,19.962678620226544
1508,1508,05/15/2023 13:23:48.853493,1737,True,True,True,True,Eyes,0.8898388,0.1122055,-3.515203,0.09465531,0.04524864,0.9944813,0.0,0.0,0.0,0.0,0.0,0.0,0.0,-1.713376,0.5524126,3.269467,1.112214,0.1060455,-3.561175,0.06929466,0.09140006,0.06350793,0.9913683,7.226022,11.04297,8.030259,0.2225737,0.03236626,-0.9743782,0.0,0.0,0.0,0.9667197,0.1702693,-2.552056,-0.2074001,0.1652812,0.9237681,0.9752256,0.1385866,-0.1724207,-0.1132524,0.98233,0.1490023,0.1900238,-0.1257838,0.9736885,static,5.437066,2.605146,-12.65395,10.14406,5.171859021973307,7.722011227889002,19.59898171364145,17.989602206339896,19.399607703293643
1509,1509,05/15/2023 13:23:48.863484,1738,True,True,True,True,Eyes,0.8994792,0.1119915,-3.516565,0.08489835,0.04592393,0.9953307,0.0,0.0,0.0,0.0,0.0,0.0,0.0,-1.699618,0.5368463,3.281742,1.122591,0.1062531,-3.56023,0.06724789,0.08761612,0.06299029,0.9918838,7.028685,10.58314,7.919261,0.22485,0.03222335,-0.9738601,0.0,0.0,0.0,0.9667197,0.1702693,-2.552056,-0.209924,0.1736384,0.924901,0.9767113,0.1367421,-0.1653381,-0.1131741,0.9830199,0.1444421,0.1822819,-0.1223662,0.9756023,static,4.875336,2.641718,-12.78772,10.63279,4.628835340556753,7.739683966612658,19.386613396060696,17.655210631739806,19.16796856153424
1510,1510,05/15/2023 13:23:48.883841,1739,True,True,True,True,Eyes,0.9091894,0.1118395,-3.517824,0.0748174,0.04659029,0.9961082,0.0,0.0,0.0,0.0,0.0,0.0,0.0,-1.680998,0.5462803,3.292238,1.13282,0.1069283,-3.559254,0.0692725,0.08333784,0.06165696,0.9921969,7.307079,10.09852,7.758275,0.2271394,0.03208571,-0.9733332,0.0,0.0,0.0,0.9667197,0.1702693,-2.552056,-0.211134,0.1650216,0.9283793,0.9785064,0.1338977,-0.1568328,-0.1108056,0.9827995,0.1477406,0.1739174,-0.1271872,0.9765122,static,4.295404,2.677905,-12.81241,10.07918,4.068172994314432,7.756414478454943,18.640176272884897,17.039639723187108,18.441673270395498
1511,1511,05/15/2023 13:23:48.904816,1740,True,True,True,True,Eyes,0.9189259,0.1117593,-3.51899,0.06494389,0.04716343,0.9967737,0.0,0.0,0.0,0.0,0.0,0.0,0.0,-1.666511,0.5464975,3.301765,1.143448,0.1081722,-3.557864,0.06938145,0.07963165,0.06185723,0.9924811,7.346406,9.673217,7.75526,0.2294426,0.03195456,-0.9727973,0.0,0.0,0.0,0.9667197,0.1702693,-2.552056,-0.2116456,0.164903,0.931998,0.979665,0.1338342,-0.1494823,-0.1117344,0.9827197,0.1475711,0.1666493,-0.127868,0.97769,static,3.727786,2.708991,-12.79421,10.03378,3.519297337858751,7.768609376263483,18.072877073629893,16.470018810463156,17.876817361858528
1512,1512,05/15/2023 13:23:48.913715,1741,True,True,True,True,Eyes,0.9287346,0.1117632,-3.520059,0.05488488,0.04771435,0.997352,0.0,0.0,0.0,0.0,0.0,0.0,0.0,-1.660902,0.5507309,3.30637,1.15386,0.1098331,-3.556758,0.07002538,0.07732804,0.06220073,0.9925967,7.434586,9.415779,7.784583,0.2317585,0.03183131,-0.9722521,0.0,0.0,0.0,0.9667197,0.1702693,-2.552056,-0.2138117,0.1785675,0.9327803,0.9803029,0.1343103,-0.1447998,-0.1126506,0.982455,0.1486337,0.1622224,-0.1293942,0.9782336,static,3.149844,2.739001,-12.9103,10.83734,2.9603938127050644,7.779442359046584,17.98642042930324,16.16260065952207,17.759914342732657
1513,1513,05/15/2023 13:23:48.933444,1742,True,True,True,True,Eyes,0.938566,0.1118066,-3.521033,0.04509427,0.04838409,0.9978104,0.0,0.0,0.0,0.0,0.0,0.0,0.0,-1.658819,0.5479773,3.310048,1.164296,0.1117182,-3.555321,0.06921642,0.07555,0.06364691,0.9926986,7.342773,9.213901,7.929488,0.2340878,0.03171753,-0.9716976,0.0,0.0,0.0,0.9667197,0.1702693,-2.552056,-0.2179202,0.1770217,0.9352517,0.9804826,0.136823,-0.1411859,-0.1159058,0.9823164,0.1470391,0.1588076,-0.127805,0.9790026,static,2.58762,2.776113,-13.11629,10.71799,2.41690643048656,7.797620630938123,17.59790327201593,15.805339243427685,17.3722771936592
1514,1514,05/15/2023 13:23:48.953510,1743,True,True,True,True,Eyes,0.9484968,0.1118904,-3.521931,0.03517413,0.04894006,0.9981822,0.0,0.0,0.0,0.0,0.0,0.0,0.0,-1.661373,0.5360013,3.313015,1.1747,0.112669,-3.553999,0.06690961,0.07437632,0.06507759,0.9928526,7.075798,9.067522,8.062079,0.2364299,0.03161341,-0.9711338,0.0,0.0,0.0,0.9667197,0.1702693,-2.552056,-0.2241109,0.1760308,0.9373984,0.9804661,0.1391779,-0.1389808,-0.1192719,0.9825761,0.1425432,0.1563981,-0.1231823,0.9799825,static,2.018164,2.806918,-13.44575,10.63551,1.8662430559047785,7.809486769794381,17.332613446963503,15.570598531904224,17.10411180544152
1515,1515,05/15/2023 13:23:48.963418,1744,True,True,True,True,Eyes,0.9584328,0.1120247,-3.522751,0.02557381,0.04938248,0.9984525,0.0,0.0,0.0,0.0,0.0,0.0,0.0,-1.664712,0.5438631,3.31253,1.185202,0.1135472,-3.552789,0.06761254,0.07348812,0.06614085,0.9928009,7.153639,8.979261,8.185305,0.2387855,0.03151912,-0.9705603,0.0,0.0,0.0,0.9667197,0.1702693,-2.552056,-0.2298234,0.1755949,0.9394253,0.9804497,0.1412668,-0.1369742,-0.1213919,0.9821079,0.1439727,0.154862,-0.1245304,0.9800561,static,1.467222,2.831486,-13.74698,10.5874,1.3333399328080495,7.8159156278640225,17.07706486701389,15.332878884959658,16.844884415300733
1516,1516,05/15/2023 13:23:48.983466,1745,True,True,True,True,Eyes,0.9684262,0.1122037,-3.52351,0.01577666,0.04965604,0.9986418,0.0,0.0,0.0,0.0,0.0,0.0,0.0,-1.668241,0.5512194,3.312066,1.195277,0.1149142,-3.551726,0.06862748,0.07263304,0.06644806,0.9927736,7.273767,8.892474,8.224736,0.2411539,0.0314351,-0.9699773,0.0,0.0,0.0,0.9667197,0.1702693,-2.552056,-0.2345695,0.1786731,0.9411587,0.9806182,0.141905,-0.135096,-0.1219665,0.9817499,0.1459157,0.1533366,-0.1266104,0.9800295,static,0.90509,2.846607,-13.99497,10.74933,0.789341971148804,7.812878587940796,16.866084869296994,15.07310941231564,16.622765240341415
1517,1517,05/15/2023 13:23:49.003609,1746,True,True,True,True,Eyes,0.9784057,0.1124621,-3.524189,0.006221431,0.0498171,0.9987389,0.0,0.0,0.0,0.0,0.0,0.0,0.0,-1.666768,0.5565323,3.314603,1.205347,0.1160603,-3.55079,0.06990994,0.07092711,0.06540209,0.9928769,7.443379,8.700123,8.10441,0.2435345,0.03136156,-0.9693847,0.0,0.0,0.0,0.9667197,0.1702693,-2.552056,-0.2361315,0.183176,0.9433216,0.9813839,0.1397895,-0.1316993,-0.1199554,0.9816703,0.1481015,0.1499883,-0.1295464,0.9801639,static,0.3569072,2.855547,-14.05345,10.98905,0.2586848973382104,7.804315161769071,16.54727366313257,14.662187466727056,16.293122369857393
1518,1518,05/15/2023 13:23:49.013713,1747,True,True,True,True,Eyes,0.9883848,0.1127507,-3.524794,-0.003679556,0.05020849,0.998732,0.0,0.0,0.0,0.0,0.0,0.0,0.0,-1.662775,0.5623193,3.317958,1.215022,0.1182617,-3.549592,0.07142176,0.06890409,0.0643927,0.9929778,7.641055,8.473207,7.98752,0.2459261,0.03129965,-0.9687828,0.0,0.0,0.0,0.9667197,0.1702693,-2.552056,-0.236712,0.18294,0.9461694,0.9822116,0.1377236,-0.1276424,-0.1180386,0.981505,0.1507143,0.1460385,-0.1329666,0.9803023,static,-0.2110897,2.877964,-14.04591,10.943,-0.2907941114822113,7.808133822764386,16.013964481495144,14.107820492752603,15.761871037622535
1519,1519,05/15/2023 13:23:49.033285,1748,True,True,True,True,Eyes,0.9983364,0.1130462,-3.525348,-0.01347395,0.05056938,0.9986297,0.9727266,0.9852299,0.1622364,-2.553954,0.9484372,-0.3001753,-0.1017924,-0.3503801,0.2134356,0.9379041,1.224729,0.1191909,-3.548324,0.06852646,0.06531134,0.06251825,0.9935442,7.354142,8.018637,7.717278,0.2483273,0.03124908,-0.9681717,0.0,0.0,0.0,0.9667197,0.1702693,-2.552056,-0.2372704,0.183546,0.9486556,0.9836518,0.1331804,-0.1212111,-0.1152782,0.9827912,0.1443344,0.1383477,-0.1280018,0.9820771,static,-0.7730126,2.898912,-14.0423,10.95029,-0.8344306670199808,7.810725568269962,15.520910920518896,13.575885869366255,15.26855241711719
1520,1520,05/15/2023 13:23:49.053697,1749,True,True,True,True,Eyes,1.008317,0.1133734,-3.52582,-0.02378423,0.05102528,0.9984142,0.9663436,0.9853333,0.1626814,-2.561009,0.814153,-0.1541795,-0.5598069,-0.3516605,0.2131496,0.9317735,1.234082,0.1196809,-3.547708,0.0692672,0.06136881,0.06032626,0.9938796,7.4859,7.554208,7.441836,0.250736,0.03120891,-0.9675519,0.0,0.0,0.0,0.9667197,0.1702693,-2.552056,-0.2382815,0.1825743,0.9508593,0.9851893,0.1284158,-0.1136292,-0.1114124,0.9831256,0.1450908,0.1303437,-0.1302822,0.9828718,static,-1.364642,2.925632,-14.06838,10.86907,-1.4066798009851966,7.817954974515052,14.982762309817506,13.024129714820546,14.732971930227938
1521,1521,05/15/2023 13:23:49.063953,1750,True,True,True,True,Eyes,1.018276,0.1137034,-3.526229,-0.03409959,0.05166987,0.9980819,0.9668281,0.9853079,0.1636593,-2.561255,0.8124568,-0.08899947,-0.5761883,-0.3523307,0.2092046,0.933057,1.24371,0.1206372,-3.546078,0.0669551,0.0566271,0.06029956,0.9943212,7.257022,6.987933,7.384466,0.2531522,0.031179,-0.9669235,0.0,0.0,0.0,0.9667197,0.1702693,-2.552056,-0.237847,0.1828939,0.9532332,0.9863147,0.1274972,-0.1045363,-0.1123313,0.983762,0.1399789,0.1206858,-0.1263206,0.9846207,static,-1.956756,2.96351,-14.01014,10.86117,-1.9790939867238584,7.835935073032245,14.410312256403605,12.405567884499012,14.161960840791986
1522,1522,05/15/2023 13:23:49.079319,1751,True,True,True,True,Eyes,1.028225,0.1140209,-3.526571,-0.04474918,0.052235,0.9976317,0.9633456,0.9851162,0.1643412,-2.565507,0.5158827,0.1905388,-0.8352005,-0.3521076,0.2039686,0.9314349,1.253254,0.1209902,-3.544985,0.06411465,0.0514897,0.06008102,0.9948009,6.971492,6.37115,7.300848,0.2555746,0.03115841,-0.9662867,0.0,0.0,0.0,0.9667197,0.1702693,-2.552056,-0.2370452,0.1851891,0.9549037,0.9874782,0.1261398,-0.09473982,-0.1129348,0.9845591,0.1337497,0.1101481,-0.1213755,0.9864762,static,-2.568304,2.997213,-13.94129,10.9754,-2.570443348045789,7.849277500518548,13.892310044163462,11.792743339190524,13.640790206560853
1523,1523,05/15/2023 13:23:49.103853,1752,True,True,True,True,Eyes,1.038165,0.1143226,-3.526846,-0.05532338,0.05280568,0.9970711,0.9636003,0.9848551,0.1652061,-2.566068,0.3548163,0.3665737,-0.8600751,-0.3529617,0.2041256,0.9321347,1.262935,0.120995,-3.543739,0.06355722,0.0467944,0.05981612,0.9950844,6.943555,5.8242,7.233651,0.2580019,0.03114591,-0.9656419,0.0,0.0,0.0,0.9667197,0.1702693,-2.552056,-0.2369328,0.1868146,0.9563794,0.9884647,0.1249924,-0.08552527,-0.1130959,0.9847651,0.1320877,0.1007322,-0.1208915,0.9875416,static,-3.175851,3.031598,-13.91427,11.05271,-3.1578992467073106,7.863403419853245,13.403427932290493,11.219232961502213,13.149308541253209
1524,1524,05/15/2023 13:23:49.113337,1753,True,True,True,True,Eyes,1.048101,0.11462,-3.527063,-0.06614327,0.05310782,0.9963959,0.9647227,0.9842908,0.1658544,-2.565818,0.171018,0.5301014,-0.8305091,-0.3547608,0.2045353,0.9334211,1.272724,0.1209253,-3.54242,0.06286928,0.04243594,0.06028277,0.9952953,6.893872,5.320268,7.252767,0.2604335,0.03114028,-0.9649891,0.0,0.0,0.0,0.9667197,0.1702693,-2.552056,-0.2382919,0.1881685,0.9576756,0.9891304,0.1253341,-0.0768927,-0.1146625,0.9848269,0.1302633,0.09205244,-0.1200307,0.9884933,static,-3.797866,3.050973,-13.97277,11.11613,-3.759776341222136,7.862593147446888,12.98366007117658,10.71870988156495,12.725320069677375
1525,1525,05/15/2023 13:23:49.133423,1754,True,True,True,True,Eyes,1.058033,0.1149123,-3.527225,-0.07688226,0.05338457,0.9956099,0.9670832,0.9836814,0.1665396,-2.564388,-0.008779608,0.6905648,-0.7232172,-0.3564775,0.2073154,0.9357162,1.282483,0.1211317,-3.541258,0.06347634,0.03803524,0.06067708,0.9954107,6.993361,4.821386,7.271288,0.2628689,0.03114074,-0.9643286,0.0,0.0,0.0,0.9667197,0.1702693,-2.552056,-0.2409045,0.1918214,0.958043,0.9897433,0.1256259,-0.06801824,-0.1159686,0.9845781,0.1309858,0.08342448,-0.1217543,0.9890482,static,-4.415689,3.069258,-14.11467,11.32217,-4.3576233157076745,7.860862627310228,12.735022140463872,10.35280680432589,12.464684383314344
1526,1526,05/15/2023 13:23:49.153369,1755,True,True,True,True,Eyes,1.067991,0.1151899,-3.527334,-0.08779889,0.05349905,0.9947006,0.9714962,0.9826946,0.167164,-2.560986,-0.2149146,0.8480191,-0.4844331,-0.3588423,0.2089479,0.9403802,1.292415,0.1212829,-3.540123,0.0632823,0.03359284,0.06113189,0.995555,7.001472,4.311842,7.291555,0.2653073,0.03114654,-0.9636604,0.0,0.0,0.0,0.9667197,0.1702693,-2.552056,-0.2424606,0.1921817,0.9591304,0.9902689,0.125972,-0.0591499,-0.1174686,0.9845165,0.1301092,0.07462417,-0.1218948,0.9897338,static,-5.044234,3.078634,-14.18671,11.33035,-4.966097211981464,7.850199977873857,12.315668246393775,9.855513399264167,12.042594266258774
1527,1527,05/15/2023 13:23:49.163474,1756,True,True,True,True,Eyes,1.077948,0.1154527,-3.527393,-0.09860359,0.0536132,0.9936816,0.974002,0.9819075,0.1676721,-2.559545,-0.2673751,0.8818605,-0.3883717,-0.3618369,0.2100863,0.9429261,1.302561,0.1211907,-3.538929,0.06291976,0.02953476,0.06146302,0.9956864,6.988266,3.844409,7.299519,0.2677488,0.03115678,-0.9629846,0.0,0.0,0.0,0.9667197,0.1702693,-2.552056,-0.2443465,0.1966636,0.9594283,0.9907,0.1261124,-0.05108023,-0.1186791,0.9845269,0.1289272,0.06654917,-0.1216661,0.9903376,static,-5.666942,3.088348,-14.2883,11.58403,-5.568908907726224,7.840046480150585,12.103901288811306,9.489214594313234,11.81760482862489
1528,1528,05/15/2023 13:23:49.183727,1757,True,True,True,True,Eyes,1.08791,0.1156861,-3.527404,-0.1095052,0.05361055,0.9925394,0.0,0.0,0.0,0.0,0.0,0.0,0.0,-1.467482,0.4900393,3.443858,1.312564,0.1211056,-3.537839,0.06273204,0.02533943,0.06137092,0.9958194,6.997693,3.35965,7.258667,0.2701925,0.0311706,-0.9623014,0.0,0.0,0.0,0.9667197,0.1702693,-2.552056,-0.2451105,0.2004171,0.959882,0.991183,0.1254079,-0.04276714,-0.1190495,0.9845967,0.1280498,0.05816683,-0.1218294,0.9908452,static,-6.295882,3.091743,-14.32464,11.79355,-6.177928448933986,7.823600627893731,11.839864867802039,9.062527633798387,11.543927380172711
1529,1529,05/15/2023 13:23:49.203538,1758,True,True,True,True,Eyes,1.097878,0.115895,-3.527369,-0.1203844,0.05357265,0.9912807,0.0,0.0,0.0,0.0,0.0,0.0,0.0,-1.444901,0.4903404,3.456025,1.322668,0.1206574,-3.536704,0.06274381,0.02065167,0.06133898,0.9959289,7.033131,2.820245,7.222106,0.2726385,0.03118688,-0.9616107,0.0,0.0,0.0,0.9667197,0.1702693,-2.552056,-0.2452925,0.1999781,0.9612973,0.9916221,0.12477,-0.03343791,-0.119587,0.9846014,0.1275102,0.04883247,-0.1224432,0.9912735,static,-6.924279,3.093476,-14.3146,11.7516,-6.786467430256049,7.805568208053623,11.383319185651303,8.499643927288437,11.088917516850406
1530,1530,05/15/2023 13:23:49.213443,1759,True,True,True,True,Eyes,1.107861,0.1160736,-3.527283,-0.1313719,0.05337142,0.9898955,0.0,0.0,0.0,0.0,0.0,0.0,0.0,-1.417264,0.492362,3.469944,1.332881,0.1202904,-3.535608,0.06289748,0.01527164,0.06165785,0.9959965,7.088836,2.204789,7.221411,0.2750864,0.03120471,-0.9609128,0.0,0.0,0.0,0.9667197,0.1702693,-2.552056,-0.2439265,0.2012094,0.9625287,0.9919301,0.1247431,-0.02266476,-0.1209009,0.9844844,0.1271746,0.03817725,-0.1234081,0.9916214,static,-7.559711,3.086184,-14.22066,11.80723,-7.402065732480554,7.77860734788468,10.973827268310588,7.919787134651141,10.680140536868642
1531,1531,05/15/2023 13:23:49.233365,1760,True,True,True,True,Eyes,1.117876,0.1162194,-3.527156,-0.1423237,0.05313177,0.9883931,0.0,0.0,0.0,0.0,0.0,0.0,0.0,-1.388155,0.4941025,3.484243,1.343526,0.1197807,-3.534353,0.06297758,0.009641521,0.06202673,0.9960389,7.138036,1.560374,7.224133,0.2775363,0.03122313,-0.9602074,0.0,0.0,0.0,0.9667197,0.1702693,-2.552056,-0.2418883,0.2003827,0.9640813,0.9921194,0.1247765,-0.01139407,-0.1223477,0.984373,0.1266523,0.02701925,-0.1242602,0.9918817,static,-8.193984,3.077013,-14.08478,11.74165,-8.016592812191123,7.749869861692288,10.477471634673366,7.263415478882903,10.190750807352801
1532,1532,05/15/2023 13:23:49.253503,1761,True,True,True,True,Eyes,1.12791,0.1163229,-3.526994,-0.1532618,0.05289204,0.9867691,0.0,0.0,0.0,0.0,0.0,0.0,0.0,-1.361413,0.497445,3.497398,1.354399,0.1191478,-3.533284,0.06319869,0.004358017,0.06252842,0.9960308,7.201006,0.9578418,7.244627,0.2799886,0.0312412,-0.9594946,0.0,0.0,0.0,0.9667197,0.1702693,-2.552056,-0.2392892,0.2018852,0.9654819,0.9921424,0.1251113,-0.000778009,-0.1240096,0.9841923,0.1264407,0.01658487,-0.1253507,0.9919739,static,-8.828457,3.068188,-13.91994,11.81055,-8.63130415155207,7.721459945076516,10.116921096773119,6.685082394014504,9.834331412311956
1533,1533,05/15/2023 13:23:49.263654,1762,True,True,True,True,Eyes,1.137985,0.1163891,-3.526803,-0.1641134,0.05263843,0.9850361,0.0,0.0,0.0,0.0,0.0,0.0,0.0,-1.337455,0.4984794,3.509747,1.365453,0.1182994,-3.532299,0.06324454,-0.0005851695,0.06251203,0.9960383,7.242037,0.3893621,7.207064,0.2824427,0.0312578,-0.9587746,0.0,0.0,0.0,0.9667197,0.1702693,-2.552056,-0.2375017,0.2029299,0.9662759,0.9921838,0.1244547,0.009072791,-0.1246027,0.9841847,0.1259148,0.006741385,-0.1260611,0.9919996,static,-9.458968,3.058867,-13.80903,11.86046,-9.242191921972966,7.692695694436257,9.817895840835398,6.1827396304267,9.539243715153486
1534,1534,05/15/2023 13:23:49.283858,1763,True,True,True,True,Eyes,1.148087,0.1164063,-3.526581,-0.1746777,0.05221318,0.9832403,0.0,0.0,0.0,0.0,0.0,0.0,0.0,-1.315268,0.5002931,3.52132,1.376603,0.1174783,-3.531442,0.06335995,-0.005265268,0.06257572,0.9960132,7.28897,359.8522,7.180488,0.2848994,0.03127208,-0.958047,0.0,0.0,0.0,0.9667197,0.1702693,-2.552056,-0.23713,0.2033073,0.9670099,0.9921131,0.1239852,0.01841814,-0.1253197,0.9841396,0.1255557,-0.002558964,-0.1268736,0.9919156,static,-10.07379,3.039733,-13.77818,11.87312,-9.838152895329214,7.65495524713179,9.578686296349254,5.77206440261023,9.302785859519615
1535,1535,05/15/2023 13:23:49.304020,1764,True,True,True,True,Eyes,1.158237,0.1163662,-3.526338,-0.1851665,0.05172782,0.9813448,0.0,0.0,0.0,0.0,0.0,0.0,0.0,-1.29288,0.5006074,3.532984,1.387899,0.1163835,-3.530484,0.06324208,-0.009993088,0.06259528,0.9959832,7.309387,359.3075,7.148123,0.287359,0.03128294,-0.9573117,0.0,0.0,0.0,0.9667197,0.1702693,-2.552056,-0.2378892,0.2038104,0.9674585,0.9919639,0.1234237,0.0278232,-0.1259516,0.9841645,0.1247251,-0.01198858,-0.1272271,0.9918012,static,-10.68532,3.017334,-13.81444,11.89631,-10.43101468609089,7.614167764395496,9.41422364207352,5.457500250183126,9.138682454923966
1536,1536,05/15/2023 13:23:49.313694,1765,True,True,True,True,Eyes,1.168435,0.1162744,-3.526074,-0.1954891,0.05110077,0.9793736,0.0,0.0,0.0,0.0,0.0,0.0,0.0,-1.270267,0.5080766,3.543823,1.39928,0.1149864,-3.529759,0.06396307,-0.01466527,0.0629447,0.9958572,7.425814,358.7775,7.153978,0.2898214,0.03128918,-0.956569,0.0,0.0,0.0,0.9667197,0.1702693,-2.552056,-0.2392777,0.2025009,0.9677818,0.9916458,0.1234918,0.03726131,-0.127244,0.9838933,0.12555,-0.02115676,-0.1292424,0.9913873,static,-11.28824,2.986813,-13.8875,11.8182,-11.01575939578961,7.565813685420696,9.205951818870712,5.131245800611388,8.932475911541122
1537,1537,05/15/2023 13:23:49.333277,1766,True,True,True,True,Eyes,1.178695,0.1161387,-3.525797,-0.2057506,0.0504682,0.9773023,0.0,0.0,0.0,0.0,0.0,0.0,0.0,-1.247204,0.5152608,3.55478,1.410882,0.1136938,-3.529016,0.06451723,-0.01939766,0.06366231,0.9956949,7.524421,358.242,7.201135,0.2922876,0.03128984,-0.9558182,0.0,0.0,0.0,0.9667197,0.1702693,-2.552056,-0.2409603,0.2032683,0.967644,0.9911417,0.1242735,0.04684294,-0.1292794,0.9835693,0.1260092,-0.03041368,-0.1309488,0.9909225,static,-11.88881,2.956146,-13.98325,11.86335,-11.598232172595598,7.517392425629115,9.150134535142968,4.957384116171399,8.874683054360974
1538,1538,05/15/2023 13:23:49.353377,1767,True,True,True,True,Eyes,1.189041,0.115939,-3.525509,-0.2158354,0.04982379,0.9751577,0.0,0.0,0.0,0.0,0.0,0.0,0.0,-1.224405,0.5182517,3.56636,1.422692,0.1125183,-3.528451,0.06476407,-0.02418453,0.06365076,0.9955748,7.58713,357.6925,7.163277,0.2947579,0.03128429,-0.9550594,0.0,0.0,0.0,0.9667197,0.1702693,-2.552056,-0.2429679,0.2043904,0.9672253,0.9907273,0.1236056,0.05639959,-0.1298708,0.9835084,0.1258763,-0.03991047,-0.1320337,0.9904414,static,-12.48029,2.924873,-14.10099,11.93199,-12.171918044736012,7.468671495082018,9.151766230716834,4.862358551662899,8.873026935512785
1539,1539,05/15/2023 13:23:49.364045,1768,True,True,True,True,Eyes,1.199434,0.1156766,-3.525221,-0.2258497,0.04912858,0.9729225,0.0,0.0,0.0,0.0,0.0,0.0,0.0,-1.202742,0.5198202,3.577614,1.434381,0.1107652,-3.527947,0.06508379,-0.02884444,0.06267648,0.9954919,7.654345,357.1505,7.014548,0.2972338,0.03127142,-0.9542922,0.0,0.0,0.0,0.9667197,0.1702693,-2.552056,-0.2453354,0.2062166,0.966725,0.9904793,0.1210332,0.06558724,-0.1285425,0.9836715,0.125965,-0.04927035,-0.1331965,0.9898642,static,-13.06891,2.890746,-14.23989,12.04155,-12.742911907426658,7.417286539684992,9.225421833543223,4.860530419619763,8.941512003087265
1540,1540,05/15/2023 13:23:49.383510,1769,True,True,True,True,Eyes,1.209862,0.1153472,-3.524931,-0.2355957,0.04837641,0.9706464,0.0,0.0,0.0,0.0,0.0,0.0,0.0,-1.179658,0.5290053,3.58833,1.445998,0.1090428,-3.527712,0.06662346,-0.03363505,0.0613065,0.9953249,7.859714,356.5978,6.815514,0.2997153,0.03125023,-0.9535165,0.0,0.0,0.0,0.9667197,0.1702693,-2.552056,-0.2481617,0.209883,0.9656519,0.9902204,0.117558,0.0751245,-0.1265215,0.9836057,0.1284999,-0.0587867,-0.1367481,0.98886,static,-13.64302,2.853225,-14.41249,12.26243,-13.299945762451056,7.363081842731811,9.440615595019478,5.024078726157718,9.146648327774583
1541,1541,05/15/2023 13:23:49.403595,1770,True,True,True,True,Eyes,1.220324,0.1149444,-3.524642,-0.2452538,0.04756046,0.9682916,0.0,0.0,0.0,0.0,0.0,0.0,0.0,-1.156591,0.5320578,3.599644,1.457521,0.1071697,-3.527375,0.06727267,-0.0384471,0.05994355,0.99519,7.961489,356.0363,6.617951,0.3022014,0.03121977,-0.9527325,0.0,0.0,0.0,0.9667197,0.1702693,-2.552056,-0.2515757,0.2120296,0.9646338,0.9898572,0.1141376,0.08458947,-0.1244833,0.9837623,0.1292888,-0.06845921,-0.1385075,0.9879924,static,-14.21325,2.811989,-14.6171,12.39666,-13.853323243274014,7.305414361955981,9.593175334618929,5.148216883642056,9.289837503646421
1542,1542,05/15/2023 13:23:49.413888,1771,True,True,True,True,Eyes,1.230814,0.1145477,-3.524345,-0.2544033,0.04614887,0.9659966,0.0,0.0,0.0,0.0,0.0,0.0,0.0,-1.135889,0.5433701,3.608836,1.468879,0.1050434,-3.527117,0.06884609,-0.04280002,0.05906897,0.994957,8.166727,355.5365,6.476331,0.3046922,0.03117898,-0.9519401,0.0,0.0,0.0,0.9667197,0.1702693,-2.552056,-0.2551425,0.2144242,0.9635519,0.9893581,0.1116489,0.09330169,-0.1234354,0.9835421,0.1319415,-0.07703502,-0.1420541,0.9868568,static,-14.7543,2.73513,-14.83118,12.54589,-14.379412063017538,7.214290729005828,9.811061222518184,5.350705098895936,9.495750874128234
1543,1543,05/15/2023 13:23:49.433712,1772,True,True,True,True,Eyes,1.241321,0.1142108,-3.524024,-0.2637351,0.04463946,0.9635617,0.0,0.0,0.0,0.0,0.0,0.0,0.0,-1.108096,0.5707399,3.617329,1.479857,0.1048615,-3.526715,0.07186025,-0.0477535,0.06122104,0.9943881,8.555132,355.0008,6.671953,0.3071876,0.03112905,-0.9511395,0.0,0.0,0.0,0.9667197,0.1702693,-2.552056,-0.2581235,0.2170238,0.9625252,0.9879432,0.1148918,0.1037697,-0.1286181,0.9821762,0.1370669,-0.0861723,-0.148761,0.9851114,static,-15.30744,2.652477,-15.01197,12.7062,-14.917367733308486,7.117197603941388,10.058063863469402,5.589802981502308,9.731844606848183
1544,1544,05/15/2023 13:23:49.453818,1773,True,True,True,True,Eyes,1.251851,0.113851,-3.523702,-0.2728684,0.04293589,0.9610928,0.0,0.0,0.0,0.0,0.0,0.0,0.0,-1.06425,0.580128,3.63267,1.490896,0.1059571,-3.525829,0.07220423,-0.05495327,0.06455368,0.9937805,8.662,354.2002,6.993538,0.3096866,0.0310725,-0.9503306,0.0,0.0,0.0,0.9667197,0.1702693,-2.552056,-0.2606719,0.2205124,0.961319,0.9856259,0.1203686,0.118545,-0.1362401,0.9812387,0.1364154,-0.09990085,-0.1506052,0.9835334,static,-15.85002,2.557932,-15.17154,12.91931,-15.445420603220652,7.008961512990733,10.383568229143775,5.916690783090936,10.045071856885178
1545,1545,05/15/2023 13:23:49.464431,1774,True,True,True,True,Eyes,1.262432,0.1135369,-3.523362,-0.2820273,0.04074268,0.9585409,0.0,0.0,0.0,0.0,0.0,0.0,0.0,-1.015557,0.5896457,3.649482,1.50252,0.1051247,-3.525499,0.07340574,-0.06302668,0.06487322,0.9931922,8.858196,353.2771,6.952935,0.312189,0.03100938,-0.9495136,0.0,0.0,0.0,0.9667197,0.1702693,-2.552056,-0.2632169,0.2211065,0.9606214,0.9836382,0.1196101,0.1347193,-0.1381162,0.9808062,0.1376345,-0.1156711,-0.1539895,0.9812785,static,-16.39523,2.433886,-15.32334,12.96203,-15.976825031563935,6.87217867194574,10.582568887412735,6.1248128040195935,10.236153524746245
1546,1546,05/15/2023 13:23:49.483776,1775,True,True,True,True,Eyes,1.273004,0.113344,-3.522954,-0.2908203,0.03855038,0.9560008,0.0,0.0,0.0,0.0,0.0,0.0,0.0,-0.9815441,0.6422758,3.654105,1.514387,0.1060533,-3.524743,0.08073916,-0.06877156,0.06526221,0.9922159,9.741179,352.6589,6.899917,0.3146949,0.03094157,-0.9486882,0.0,0.0,0.0,0.9667197,0.1702693,-2.552056,-0.2657706,0.2243702,0.9595386,0.9820226,0.1184033,0.1470109,-0.1406135,0.978444,0.151245,-0.125934,-0.1691977,0.9775033,static,-16.92003,2.30918,-15.48154,13.16108,-16.48848090061142,6.73539901677939,10.946825434348536,6.504099174785631,10.586235158778733
1547,1547,05/15/2023 13:23:49.503726,1776,True,True,True,True,Eyes,1.283586,0.1131378,-3.522529,-0.2995764,0.03650361,0.9533737,0.0,0.0,0.0,0.0,0.0,0.0,0.0,-0.9561971,0.6442991,3.663167,1.525637,0.1088281,-3.522614,0.08059493,-0.07355287,0.06759521,0.9917285,9.776204,352.1267,7.124,0.3172038,0.03087282,-0.9478545,0.0,0.0,0.0,0.9667197,0.1702693,-2.552056,-0.2675803,0.2261148,0.958868,0.9800417,0.1222162,0.1567846,-0.1459282,0.9778707,0.1499129,-0.1349933,-0.1698002,0.9761889,static,-17.44416,2.19272,-15.59221,13.26876,-16.99926302938607,6.606596591372856,11.229798790900041,6.809127661511052,10.860744261557585
1548,1548,05/15/2023 13:23:49.513433,1777,True,True,True,True,Eyes,1.294184,0.1129426,-3.522097,-0.3078355,0.03394071,0.9508341,0.0,0.0,0.0,0.0,0.0,0.0,0.0,-0.934441,0.6394691,3.673387,1.536559,0.1083072,-3.521808,0.08032723,-0.07808895,0.06614767,0.991501,9.765718,351.5849,6.913447,0.319715,0.03080287,-0.9470127,0.0,0.0,0.0,0.9667197,0.1702693,-2.552056,-0.2685682,0.2246078,0.9592186,0.9790532,0.1186256,0.1654775,-0.1437163,0.978344,0.1489583,-0.1442236,-0.1696199,0.9748993,static,-17.93952,2.044346,-15.64152,13.17877,-17.483052429661104,6.447903816561729,11.36908975300028,6.978237690767377,10.99981204749947
1549,1549,05/15/2023 13:23:49.533795,1778,True,True,True,True,Eyes,1.304782,0.1127906,-3.521615,-0.3159631,0.03124068,0.948257,0.0,0.0,0.0,0.0,0.0,0.0,0.0,-0.9188017,0.7063996,3.669129,1.547551,0.1085629,-3.521222,0.08952263,-0.08109798,0.06628821,0.9904619,10.84129,351.287,6.829434,0.3222281,0.03073211,-0.9461629,0.0,0.0,0.0,0.9667197,0.1702693,-2.552056,-0.2715373,0.2262708,0.9580662,0.9780579,0.1167917,0.1725175,-0.1458321,0.9751832,0.1665858,-0.1487803,-0.1880892,0.9708176,static,-18.42828,1.886948,-15.82391,13.2883,-17.960695978781988,6.280711116249011,11.695023322969645,7.326128328304776,11.309396060082975
1550,1550,05/15/2023 13:23:49.553613,1779,True,True,True,True,Eyes,1.315375,0.1126648,-3.521115,-0.3237949,0.02857406,0.9456957,0.0,0.0,0.0,0.0,0.0,0.0,0.0,-0.905824,0.7261698,3.671434,1.558192,0.1094731,-3.519563,0.09130402,-0.08386277,0.06923996,0.989867,11.09118,351.0077,7.127641,0.3247428,0.03066181,-0.9453049,0.0,0.0,0.0,0.9667197,0.1702693,-2.552056,-0.2758093,0.2264682,0.9564832,0.9763457,0.1217627,0.1786698,-0.1523907,0.9737388,0.1691443,-0.1533822,-0.192371,0.9692612,static,-18.90059,1.730657,-16.08533,13.32071,-18.42237794132524,6.1151023333231525,11.927070780808213,7.575128706901601,11.521832341619076
1551,1551,05/15/2023 13:23:49.563841,1780,True,True,True,True,Eyes,1.32594,0.1125768,-3.520566,-0.3316399,0.0258575,0.9430516,0.0,0.0,0.0,0.0,0.0,0.0,0.0,-0.8911501,0.7439208,3.674888,1.568532,0.1100965,-3.518515,0.093176,-0.08690435,0.07099757,0.9893055,11.344,350.6839,7.282297,0.3272581,0.03059263,-0.9444395,0.0,0.0,0.0,0.9667197,0.1702693,-2.552056,-0.2814084,0.2260564,0.9552011,0.974814,0.1242818,0.1851804,-0.1566713,0.9725552,0.172019,-0.1587193,-0.196699,0.9675317,static,-19.37508,1.570598,-16.41531,13.31457,-18.886273928178465,5.945789606881666,12.11119799151529,7.772038806926039,11.682240192746638
1552,1552,05/15/2023 13:23:49.583555,1781,True,True,True,True,Eyes,1.336482,0.1124726,-3.519968,-0.3393915,0.02356966,0.9403499,0.0,0.0,0.0,0.0,0.0,0.0,0.0,-0.8649786,0.7565877,3.681323,1.578417,0.1108277,-3.516968,0.09408905,-0.09136549,0.07377373,0.9886136,11.50867,350.2012,7.545565,0.3297731,0.03052548,-0.9435664,0.0,0.0,0.0,0.9667197,0.1702693,-2.552056,-0.2867772,0.235234,0.9523924,0.9724196,0.1286744,0.1945329,-0.1630604,0.9714094,0.1725547,-0.1667677,-0.1995162,0.9655992,static,-19.84555,1.435805,-16.7577,13.87396,-19.34558766302062,5.8009810420165255,12.815713691657011,8.47762654358272,12.34018615662034
1553,1553,05/15/2023 13:23:49.603495,1782,True,True,True,True,Eyes,1.347011,0.1123642,-3.519318,-0.3471984,0.02115011,0.9375532,0.0,0.0,0.0,0.0,0.0,0.0,0.0,-0.833223,0.7465486,3.69337,1.588569,0.1102982,-3.515233,0.09221494,-0.09691166,0.07513466,0.9881597,11.35042,349.5594,7.655832,0.3322866,0.03045977,-0.9426863,0.0,0.0,0.0,0.9667197,0.1702693,-2.552056,-0.2908954,0.240416,0.9495451,0.9699258,0.1306166,0.2053854,-0.1663634,0.9717024,0.1676833,-0.1776713,-0.196809,0.9642091,static,-20.3208,1.292307,-17.03257,14.20817,-19.80976808342365,5.647623501030199,13.327864553921195,8.999765861154176,12.816722687823841
1554,1554,05/15/2023 13:23:49.613782,1783,True,True,True,True,Eyes,1.357538,0.112291,-3.518583,-0.354952,0.01900597,0.9346913,0.0,0.0,0.0,0.0,0.0,0.0,0.0,-0.8020718,0.7665774,3.698792,1.598867,0.1101453,-3.513334,0.0947791,-0.1021788,0.07582802,0.9873331,11.69215,348.9675,7.650415,0.3347987,0.03039527,-0.941799,0.0,0.0,0.0,0.9667197,0.1702693,-2.552056,-0.2953034,0.2327284,0.9497045,0.9676192,0.1303662,0.2161427,-0.1691039,0.970534,0.171661,-0.1873951,-0.2026531,0.9611529,static,-20.79443,1.16489,-17.27268,13.76919,-20.271941058204256,5.509832642747997,13.087058552344754,8.787067249660339,12.574688035901424
1555,1555,05/15/2023 13:23:49.633594,1784,True,True,True,True,Eyes,1.368015,0.1122185,-3.517784,-0.3627232,0.01700756,0.9317417,0.0,0.0,0.0,0.0,0.0,0.0,0.0,-0.7767984,0.7656338,3.706195,1.608645,0.1108534,-3.510764,0.09489752,-0.1068973,0.07549452,0.9868475,11.73814,348.4131,7.554188,0.3373094,0.03033284,-0.9409048,0.0,0.0,0.0,0.9667197,0.1702693,-2.552056,-0.3016058,0.2339866,0.9477135,0.9657471,0.1287146,0.2253111,-0.1692917,0.9705901,0.1711584,-0.1966541,-0.2034391,0.9591349,static,-21.27076,1.045733,-17.65345,13.86874,-20.73650366876612,5.379926849824131,13.323454512931285,9.031343677609161,12.777120011502328
1556,1556,05/15/2023 13:23:49.653645,1785,True,True,True,True,Eyes,1.378418,0.1121313,-3.516914,-0.3703302,0.01514954,0.9287766,0.0,0.0,0.0,0.0,0.0,0.0,0.0,-0.7513122,0.7600877,3.714461,1.618012,0.1108114,-3.508444,0.09470479,-0.1117261,0.07388487,0.9864528,11.73313,347.8286,7.311579,0.3398179,0.03027234,-0.9400037,0.0,0.0,0.0,0.9667197,0.1702693,-2.552056,-0.3069819,0.2299276,0.9468421,0.9641166,0.1246059,0.2344196,-0.1669299,0.9711441,0.1703339,-0.2064306,-0.2033534,0.9570965,static,-21.73861,0.934485,-17.96355,13.64929,-21.19263794583801,5.257918026055831,13.26338358759276,8.991225309547747,12.702161833837144
1557,1557,05/15/2023 13:23:49.663877,1786,True,True,True,True,Eyes,1.388769,0.1120338,-3.515969,-0.3779532,0.01322897,0.9257302,0.0,0.0,0.0,0.0,0.0,0.0,0.0,-0.7234339,0.7686076,3.719728,1.627137,0.1104396,-3.505812,0.09645061,-0.1167229,0.07218833,0.9858306,11.94777,347.2322,7.034557,0.3423221,0.03021324,-0.9390964,0.0,0.0,0.0,0.9667197,0.1702693,-2.552056,-0.3101769,0.2261925,0.9473304,0.9623291,0.1198149,0.2440633,-0.1648469,0.9709722,0.1733159,-0.2162129,-0.20702,0.9541461,static,-22.209,0.8187184,-18.12959,13.42899,-21.651355366239965,5.131469747760177,13.253698946855046,9.013971024536154,12.688206160486274
1558,1558,05/15/2023 13:23:49.683384,1787,True,True,True,True,Eyes,1.399063,0.1119465,-3.514947,-0.3853671,0.01130149,0.9226941,0.0,0.0,0.0,0.0,0.0,0.0,0.0,-0.6960735,0.7824536,3.723509,1.636347,0.1101477,-3.503071,0.09866443,-0.121541,0.07129487,0.9850941,12.22305,346.6665,6.844925,0.3448218,0.03015519,-0.9381834,0.0,0.0,0.0,0.9667197,0.1702693,-2.552056,-0.3120113,0.2294604,0.9465969,0.9602897,0.1164807,0.2535273,-0.1644479,0.9703647,0.177057,-0.2253902,-0.211718,0.9509862,static,-22.66806,0.7017443,-18.24293,13.62599,-22.09913290240188,5.004211675734862,13.660816316416398,9.444859040624209,13.074581377383222
1559,1559,05/15/2023 13:23:49.703575,1788,True,True,True,True,Eyes,1.409306,0.1118742,-3.513857,-0.3927063,0.009284757,0.9196171,0.0,0.0,0.0,0.0,0.0,0.0,0.0,-0.6737677,0.8027952,3.724567,1.64539,0.1103674,-3.500193,0.1015486,-0.1255486,0.07121775,0.9843037,12.57936,346.207,6.749129,0.347316,0.03009842,-0.9372647,0.0,0.0,0.0,0.9667197,0.1702693,-2.552056,-0.3151749,0.2291989,0.9459766,0.9583312,0.1147012,0.2616199,-0.1656983,0.9692319,0.1820266,-0.2326917,-0.2177918,0.9478509,static,-23.12405,0.5784575,-18.42674,13.61963,-22.544109365856094,4.870959008736927,13.861345584424921,9.669124810873953,13.257686348931072
1560,1560,05/15/2023 13:23:49.713711,1789,True,True,True,True,Eyes,1.419468,0.1118318,-3.512691,-0.3998328,0.007329335,0.9165589,0.0,0.0,0.0,0.0,0.0,0.0,0.0,-0.6561257,0.8191495,3.725637,1.65445,0.1107095,-3.497487,0.1039794,-0.1290063,0.07079767,0.9836328,12.87483,345.8044,6.623801,0.3498037,0.03004324,-0.9363409,0.0,0.0,0.0,0.9667197,0.1702693,-2.552056,-0.3208181,0.2297899,0.9446546,0.9566901,0.1124498,0.2685127,-0.1661058,0.9683519,0.1862884,-0.2390667,-0.2228218,0.9450912,static,-23.5684,0.4581605,-18.75821,13.67182,-22.977731260678546,4.740956067933375,14.061960219615198,9.877484003652286,13.425833895157215
1561,1561,05/15/2023 13:23:49.733752,1790,True,True,True,True,Eyes,1.429562,0.1117859,-3.511449,-0.4069444,0.005416208,0.9134369,0.0,0.0,0.0,0.0,0.0,0.0,0.0,-0.6343938,0.831659,3.727624,1.662983,0.1114223,-3.494477,0.1056905,-0.1328835,0.07123317,0.9829025,13.10277,345.36,6.599805,0.3522845,0.02999033,-0.9354121,0.0,0.0,0.0,0.9667197,0.1702693,-2.552056,-0.3273556,0.227935,0.9433393,0.9545357,0.1119415,0.2762803,-0.1681196,0.9675107,0.1888355,-0.2461656,-0.2266983,0.942343,static,-24.0134,0.3397303,-19.13769,13.58378,-23.41193175736723,4.612733942494493,14.113022371560605,9.937243579902166,13.44706648467866
1562,1562,05/15/2023 13:23:49.753648,1791,True,True,True,True,Eyes,1.439592,0.1117372,-3.510128,-0.4139067,0.003493654,0.9103127,0.0,0.0,0.0,0.0,0.0,0.0,0.0,-0.6123979,0.8353312,3.731401,1.671533,0.1113175,-3.491382,0.1064264,-0.1369686,0.07058311,0.9823091,13.20422,344.8726,6.458795,0.3547572,0.02993945,-0.9344787,0.0,0.0,0.0,0.9667197,0.1702693,-2.552056,-0.335152,0.2242231,0.9422641,0.9525152,0.1095147,0.2841149,-0.167823,0.9673828,0.1897519,-0.2540672,-0.2284226,0.939826,static,-24.45065,0.2198922,-19.57986,13.38528,-23.838664971974435,4.483396408398718,14.037522258165392,9.868178720905611,13.341790303823853
1563,1563,05/15/2023 13:23:49.763769,1792,True,True,True,True,Eyes,1.449547,0.1116957,-3.50872,-0.4209084,0.001590112,0.9071018,0.0,0.0,0.0,0.0,0.0,0.0,0.0,-0.5873086,0.8509854,3.73273,1.679825,0.1111974,-3.488295,0.1084555,-0.1412067,0.07109167,0.98145,13.47167,344.3857,6.430513,0.3572217,0.02989036,-0.933541,0.0,0.0,0.0,0.9667197,0.1702693,-2.552056,-0.3432726,0.2263074,0.9398763,0.9500133,0.1089166,0.2925952,-0.1701751,0.9663667,0.19281,-0.2617541,-0.2329645,0.9365961,static,-24.89198,0.100437,-20.0638,13.53821,-24.26933911962648,4.354300382762787,14.278832771341255,10.101027430132582,13.528663062177872
1564,1564,05/15/2023 13:23:49.783438,1793,True,True,True,True,Eyes,1.459423,0.1116637,-3.507222,-0.4278872,-6.871969e-05,0.9038321,0.0,0.0,0.0,0.0,0.0,0.0,0.0,-0.5596161,0.8536491,3.736814,1.688067,0.111336,-3.484782,0.108527,-0.1458052,0.072342,0.9806781,13.53007,343.8598,6.510635,0.3596769,0.02984316,-0.9325993,0.0,0.0,0.0,0.9667197,0.1702693,-2.552056,-0.3513233,0.2280887,0.9376514,0.9470149,0.1102408,0.3016781,-0.173536,0.965977,0.1917643,-0.2702739,-0.2339557,0.9339255,static,-25.33355,-0.004356283,-20.54019,13.67196,-24.699845880933875,4.23934350231612,14.49199527885139,10.309073238665341,13.688114781789674
1565,1565,05/15/2023 13:23:49.803720,1794,True,True,True,True,Eyes,1.469229,0.1116241,-3.505624,-0.4349658,-0.001648522,0.9004455,0.0,0.0,0.0,0.0,0.0,0.0,0.0,-0.5259902,0.8541768,3.741847,1.696076,0.111497,-3.481178,0.1084866,-0.1511997,0.07316178,0.9798045,13.57484,343.2332,6.530933,0.3621222,0.02979799,-0.931654,0.0,0.0,0.0,0.9667197,0.1702693,-2.552056,-0.3581396,0.2297539,0.9361089,0.943572,0.1105622,0.3121665,-0.1761747,0.965756,0.1904671,-0.2804182,-0.2347153,0.9307386,moving,-25.78316,-0.1048961,-20.93601,13.78981,-25.138023185242997,4.128238504738426,14.71590026902456,10.535790362711616,13.865009308341252
1566,1566,05/15/2023 13:23:49.813673,1795,True,True,True,True,Eyes,1.478949,0.1115704,-3.503927,-0.4419095,-0.003031303,0.8970546,0.0,0.0,0.0,0.0,0.0,0.0,0.0,-0.4920912,0.8512466,3.74714,1.704337,0.111276,-3.477166,0.1081736,-0.1567721,0.07320608,0.9789596,13.57679,342.5738,6.462895,0.3645578,0.02975449,-0.930705,0.0,0.0,0.0,0.9688834,0.1684857,-2.552243,-0.3621474,0.2286636,0.9350792,0.9401268,0.1094144,0.322785,-0.1772488,0.9658787,0.1888417,-0.2911091,-0.2347484,0.927442,moving,-26.22591,-0.1936117,-21.17092,13.7414,-25.56923431894929,4.028757307521024,14.8235446158885,10.662110340830264,13.951159190417087
1567,1567,05/15/2023 13:23:49.833461,1796,True,True,True,True,Eyes,1.488591,0.1115038,-3.502128,-0.4489122,-0.004371223,0.8935652,0.0,0.0,0.0,0.0,0.0,0.0,0.0,-0.4625492,0.8493969,3.751105,1.712204,0.1108714,-3.473079,0.1079373,-0.1617062,0.07336368,0.9781709,13.58508,341.9911,6.415773,0.3669831,0.02971223,-0.9297527,0.0,0.0,0.0,0.9710016,0.1667396,-2.552427,-0.3639612,0.2197219,0.9368588,0.9369377,0.1086162,0.33219,-0.1784327,0.9659346,0.1874355,-0.3005153,-0.2348889,0.9244013,moving,-26.67419,-0.2802824,-21.2307,13.19905,-26.005745351623688,3.9310757457290464,14.536986803660165,10.425756801685537,13.692664811051708
1568,1568,05/15/2023 13:23:49.853702,1797,True,True,True,True,Eyes,1.498154,0.1114258,-3.500213,-0.4558734,-0.005479438,0.8900278,0.0,0.0,0.0,0.0,0.0,0.0,0.0,-0.432276,0.8480349,3.754674,1.720083,0.1104967,-3.46882,0.1075867,-0.1666635,0.07416838,0.9773165,13.59249,341.4136,6.445292,0.3693973,0.02967083,-0.9287975,0.0,0.0,0.0,0.9731185,0.1649945,-2.55261,-0.3643517,0.2180032,0.9381351,0.9334447,0.1091104,0.341725,-0.1808335,0.9658483,0.1855701,-0.3098069,-0.2350148,0.9212968,moving,-27.12159,-0.3527358,-21.22511,13.08217,-26.441016431317827,3.847139456384833,14.671917742588173,10.606199556946292,13.835129912341396
1569,1569,05/15/2023 13:23:49.863422,1798,True,True,True,True,Eyes,1.507646,0.111306,-3.498184,-0.4629137,-0.006522646,0.8863794,0.0,0.0,0.0,0.0,0.0,0.0,0.0,-0.3990777,0.8401827,3.759354,1.727713,0.1100869,-3.464217,0.1064041,-0.1720312,0.07489364,0.9764602,13.50715,340.7841,6.475066,0.371801,0.02962998,-0.9278392,0.0,0.0,0.0,0.9752759,0.1632161,-2.552797,-0.363166,0.2110795,0.94023,0.9295924,0.1096517,0.3519012,-0.182871,0.9661382,0.1820306,-0.3200252,-0.2335668,0.9181669,moving,-27.57592,-0.4216178,-21.11917,12.65299,-26.88290164718616,3.766431758985748,14.582009110075363,10.59204984276951,13.783775305426012
1570,1570,05/15/2023 13:23:49.883853,1799,True,True,True,True,Eyes,1.517053,0.1111522,-3.496038,-0.4697481,-0.007631807,0.8827675,0.0,0.0,0.0,0.0,0.0,0.0,0.0,-0.3664517,0.8365794,3.762655,1.735582,0.1089628,-3.459423,0.1058319,-0.1773621,0.07520914,0.9755439,13.48353,340.1544,6.447551,0.3741941,0.02958862,-0.926878,0.0,0.0,0.0,0.9773782,0.1614832,-2.552979,-0.3612962,0.2037042,0.9432877,0.9257725,0.1091985,0.3619681,-0.1842808,0.9662864,0.1798088,-0.33013,-0.2331658,0.9146846,moving,-28.01883,-0.495328,-20.95774,12.18597,-27.31385855007809,3.681423627890167,14.514624037600974,10.617323203991358,13.76161970754841
1571,1571,05/15/2023 13:23:49.903589,1800,True,True,True,True,Eyes,1.52638,0.1109653,-3.493781,-0.4766315,-0.008767693,0.8790595,0.0,0.0,0.0,0.0,0.0,0.0,0.0,-0.336339,0.8429933,3.762954,1.743136,0.108002,-3.454476,0.1066566,-0.1822639,0.07549253,0.9745282,13.61514,339.5772,6.395454,0.376576,0.02954601,-0.9259142,0.0,0.0,0.0,0.9795326,0.1597072,-2.553166,-0.3600135,0.2010166,0.9450043,0.9221615,0.1082599,0.3713461,-0.1860185,0.9658505,0.1803607,-0.339139,-0.2353989,0.9108085,moving,-28.46682,-0.5714462,-20.85509,12.00869,-27.749800966021404,3.5939328257085186,14.70368186555498,10.878656976266223,13.970272700090664
1572,1572,05/15/2023 13:23:49.913479,1801,True,True,True,True,Eyes,1.53562,0.1107606,-3.491396,-0.4833263,-0.009885643,0.8753844,0.0,0.0,0.0,0.0,0.0,0.0,0.0,-0.3060112,0.8477861,3.763392,1.750649,0.107038,-3.449533,0.1071054,-0.1871371,0.07632193,0.9734902,13.7153,339.0092,6.413056,0.3789473,0.02950149,-0.9249476,0.0,0.0,0.0,0.9817247,0.1579003,-2.553356,-0.3592541,0.1986194,0.9464578,0.9183093,0.1085105,0.3807012,-0.1886841,0.9654068,0.1799669,-0.3480032,-0.2370975,0.9070163,moving,-28.90442,-0.647009,-20.78564,11.85185,-28.175665790368853,3.507303702923044,14.904229768434227,11.146476308070525,14.185835299556905
1573,1573,05/15/2023 13:23:49.933639,1802,True,True,True,True,Eyes,1.544782,0.110519,-3.488885,-0.4900884,-0.01093334,0.8716041,0.0,0.0,0.0,0.0,0.0,0.0,0.0,-0.2771369,0.8493401,3.763645,1.757858,0.1064108,-3.444099,0.1072783,-0.1918739,0.0767794,0.9725127,13.77578,338.4514,6.394511,0.3813077,0.02945489,-0.9239785,0.0,0.0,0.0,0.9838132,0.1561786,-2.553537,-0.3583868,0.1985203,0.9477207,0.9145787,0.1081701,0.3896731,-0.1905057,0.9651926,0.179195,-0.3567261,-0.2381228,0.9033515,moving,-29.34832,-0.7186762,-20.71444,11.83076,-28.60752577148211,3.4242357338946583,15.232604268222502,11.531281508687197,14.519977196314214
1574,1574,05/15/2023 13:23:49.953642,1803,True,True,True,True,Eyes,1.553814,0.1102187,-3.486263,-0.4966179,-0.01198329,0.8678865,0.0,0.0,0.0,0.0,0.0,0.0,0.0,-0.2462702,0.8439004,3.765359,1.765237,0.1052703,-3.438547,0.1063216,-0.1968897,0.07766821,0.9715441,13.71995,337.8638,6.445142,0.3836574,0.02940556,-0.923007,0.0,0.0,0.0,0.9859185,0.1544432,-2.553719,-0.3576821,0.1969909,0.9493634,0.9104043,0.1090489,0.3990896,-0.1927834,0.9653267,0.1760081,-0.3660583,-0.2371764,0.8998603,moving,-29.77885,-0.791058,-20.6444,11.7224,-29.026456740091024,3.340897517614744,15.492734036323736,11.853626409514328,14.791242191656652
1575,1575,05/15/2023 13:23:49.963489,1804,True,True,True,True,Eyes,1.562771,0.1098606,-3.48351,-0.5032099,-0.01313821,0.8640643,0.0,0.0,0.0,0.0,0.0,0.0,0.0,-0.2156483,0.8427435,3.765559,1.772368,0.1036235,-3.432802,0.1058062,-0.2017809,0.07888094,0.9704985,13.72151,337.2954,6.525877,0.3859953,0.02935233,-0.9220334,0.0,0.0,0.0,0.9880467,0.1526889,-2.553904,-0.3579325,0.1953337,0.9507446,0.9061245,0.1104083,0.4083483,-0.195807,0.9651657,0.1735362,-0.3749639,-0.2372029,0.896179,moving,-30.21548,-0.8711224,-20.63015,11.61005,-29.45150489998787,3.2499554052595583,15.737160343830194,12.153496776835397,15.041681006184874
1576,1576,05/15/2023 13:23:49.983366,1805,True,True,True,True,Eyes,1.571635,0.1094534,-3.480626,-0.5095572,-0.01434973,0.8603171,0.0,0.0,0.0,0.0,0.0,0.0,0.0,-0.1837903,0.8536792,3.76279,1.779627,0.1019067,-3.426905,0.1067979,-0.2066962,0.08063468,0.9692105,13.90738,336.7327,6.634861,0.3883219,0.02929418,-0.9210578,0.0,0.0,0.0,0.9901696,0.1509389,-2.554088,-0.3578823,0.1937237,0.9523581,0.9015494,0.1121545,0.4178876,-0.2004534,0.9641845,0.1736855,-0.3834411,-0.240353,0.8917418,moving,-30.63784,-0.9555811,-20.59549,11.49793,-29.862852763485648,3.1552208780603674,15.998085267941386,12.469354758099357,15.309076439390573
1577,1577,05/15/2023 13:23:50.003706,1806,True,True,True,True,Eyes,1.580426,0.1089882,-3.477607,-0.5159231,-0.01562776,0.8564923,0.0,0.0,0.0,0.0,0.0,0.0,0.0,-0.1555649,0.8615698,3.759921,1.786697,0.1003606,-3.420694,0.1073696,-0.211152,0.08248027,0.9680308,14.0463,336.225,6.769104,0.3906368,0.02923043,-0.9200804,0.0,0.0,0.0,0.9922985,0.149184,-2.554272,-0.3568926,0.1928653,0.9542327,0.8972237,0.1143442,0.4265151,-0.2050295,0.9633375,0.1730425,-0.3910916,-0.242706,0.8877731,moving,-31.06339,-1.045316,-20.5063,11.42644,-30.27743393771687,3.0552955378426883,16.340038157594247,12.866666935733956,15.657477723033304
1578,1578,05/15/2023 13:23:50.013815,1807,True,True,True,True,Eyes,1.589096,0.1084615,-3.474476,-0.5220237,-0.01688717,0.8527638,0.0,0.0,0.0,0.0,0.0,0.0,0.0,-0.1295877,0.8685337,3.756926,1.7938,0.09851718,-3.414412,0.1076812,-0.2152926,0.08465233,0.9668961,14.16311,335.7587,6.950539,0.3929411,0.02916023,-0.9191008,0.0,0.0,0.0,0.9945457,0.1473316,-2.554467,-0.3544691,0.1923029,0.9566667,0.8929662,0.1173341,0.434562,-0.2100659,0.9624774,0.171783,-0.3981001,-0.2446831,0.8841077,moving,-31.4731,-1.134473,-20.33094,11.36576,-30.67665872277472,2.956424480891064,16.745254686623582,13.332322369479318,16.07359810101739
1579,1579,05/15/2023 13:23:50.033484,1808,True,True,True,True,Eyes,1.59769,0.1078757,-3.471208,-0.5281776,-0.01820813,0.8489388,0.0,0.0,0.0,0.0,0.0,0.0,0.0,-0.1034672,0.8721982,3.754376,1.800676,0.09659065,-3.40808,0.1075814,-0.219463,0.08670396,0.9657871,14.23255,335.2862,7.126641,0.3952342,0.02908271,-0.9181197,0.0,0.0,0.0,0.9966669,0.145583,-2.554651,-0.3520694,0.1919181,0.9591706,0.8886368,0.1202549,0.4425645,-0.2146954,0.9618173,0.1697448,-0.4052536,-0.2458581,0.8805245,moving,-31.88831,-1.228698,-20.15597,11.31476,-31.081348316343348,2.8524910601896747,17.175160566159608,13.819330192339423,16.512223630898585
1580,1580,05/15/2023 13:23:50.054041,1809,True,True,True,True,Eyes,1.606199,0.1072251,-3.467798,-0.5341556,-0.01944647,0.8451625,0.0,0.0,0.0,0.0,0.0,0.0,0.0,-0.07436872,0.8773223,3.75116,1.807537,0.09460191,-3.401513,0.1075517,-0.2239355,0.08935569,0.9645212,14.32913,334.7852,7.364987,0.397516,0.02899717,-0.9171367,0.0,0.0,0.0,0.9987732,0.1438468,-2.554833,-0.3505031,0.1921257,0.9616038,0.8837369,0.1242016,0.4512018,-0.2205402,0.9608964,0.1674521,-0.4127603,-0.2474917,0.876571,moving,-32.29351,-1.318094,-20.02672,11.29875,-31.476211800428157,2.7535308212969865,17.597127306024582,14.286764269775903,16.93709854011308
1581,1581,05/15/2023 13:23:50.063809,1810,True,True,True,True,Eyes,1.614634,0.1065138,-3.464253,-0.5402284,-0.02080956,0.8412611,0.0,0.0,0.0,0.0,0.0,0.0,0.0,-0.0438031,0.8772037,3.748593,1.814246,0.09240524,-3.394603,0.106922,-0.22868,0.0916153,0.9632652,14.35267,334.2446,7.56834,0.3997872,0.02890282,-0.9161519,0.0,0.0,0.0,1.00095,0.142052,-2.555022,-0.3498304,0.1918486,0.9640073,0.8786242,0.1275978,0.4601504,-0.2254015,0.9603486,0.1640874,-0.4209676,-0.2478897,0.8725463,moving,-32.70715,-1.416988,-19.94542,11.25547,-31.879508209947023,2.645141707843525,17.98479759003876,14.71598500615935,17.324785925009827
1582,1582,05/15/2023 13:23:50.083478,1811,True,True,True,True,Eyes,1.622957,0.1057406,-3.46058,-0.5462161,-0.02205129,0.837354,0.0,0.0,0.0,0.0,0.0,0.0,0.0,-0.009294033,0.8877739,3.743355,1.820989,0.09026803,-3.387741,0.1076889,-0.2337752,0.09432265,0.9616941,14.5502,333.6693,7.782445,0.4020485,0.02879907,-0.9151651,0.0,0.0,0.0,1.003073,0.1403023,-2.555206,-0.3497733,0.1918446,0.9664037,0.8729048,0.1310691,0.4699555,-0.2317691,0.9590127,0.163027,-0.4293255,-0.2512282,0.8675045,moving,-33.1169,-1.508506,-19.89686,11.22804,-32.278836116775054,2.543991366413544,18.35726182227938,15.12369112442074,17.69449523952562
1583,1583,05/15/2023 13:23:50.104212,1812,True,True,True,True,Eyes,1.631208,0.1049032,-3.456771,-0.5523489,-0.0234039,0.8332845,0.0,0.0,0.0,0.0,0.0,0.0,0.0,0.03182685,0.8886696,3.739655,1.827542,0.0880878,-3.380547,0.1074376,-0.2398862,0.09619536,0.9600303,14.62186,332.9575,7.909698,0.4042992,0.02868533,-0.9141766,0.0,0.0,0.0,1.005222,0.1385308,-2.555392,-0.3497377,0.1916139,0.9688683,0.8664021,0.1331553,0.4812661,-0.2362465,0.9584072,0.1601347,-0.4399262,-0.2524385,0.8618236,moving,-33.53871,-1.608805,-19.84834,11.18707,-32.69008327330997,2.433990442134743,18.73928087607753,15.541131620442592,18.07326648651092
1584,1584,05/15/2023 13:23:50.123268,1813,True,True,True,True,Eyes,1.639388,0.1040405,-3.452812,-0.5584597,-0.02491049,0.8291575,0.0,0.0,0.0,0.0,0.0,0.0,0.0,0.07258952,0.9013706,3.732777,1.834141,0.08575375,-3.373416,0.1091004,-0.2459959,0.0968484,0.9582294,14.87642,332.2299,7.845648,0.4065404,0.02856102,-0.9131861,0.0,0.0,0.0,1.007425,0.1367145,-2.555583,-0.3495986,0.1935471,0.9712681,0.8602128,0.1319294,0.4925734,-0.2392824,0.957435,0.1614377,-0.4503087,-0.256735,0.8551663,moving,-33.96132,-1.720827,-19.79585,11.26985,-33.10242488709271,2.31265339975638,19.220255701712944,16.040458414933852,18.540300199331885
1585,1585,05/15/2023 13:23:50.133594,1814,True,True,True,True,Eyes,1.647486,0.1031859,-3.448694,-0.5646806,-0.02658818,0.8248811,0.0,0.0,0.0,0.0,0.0,0.0,0.0,0.1127871,0.9248904,3.722341,1.840532,0.08433054,-3.365903,0.1118683,-0.251682,0.09956341,0.9561533,15.31009,331.5816,7.99108,0.408772,0.02842667,-0.9121935,0.0,0.0,0.0,1.009511,0.1349953,-2.555763,-0.3495787,0.1954794,0.9738362,0.8534867,0.1340853,0.5035689,-0.2467062,0.9551452,0.1638098,-0.459017,-0.264043,0.8482834,moving,-34.39399,-1.846161,-19.74666,11.35022,-33.52487235949322,2.1781567156325323,19.715190783405095,16.551914714489488,19.018969567606998
1586,1586,05/15/2023 13:23:50.153366,1815,True,True,True,True,Eyes,1.655535,0.1023046,-3.444434,-0.5707926,-0.02817366,0.8206108,0.0,0.0,0.0,0.0,0.0,0.0,0.0,0.1515219,0.9363242,3.713969,1.84677,0.08371684,-3.357924,0.1129312,-0.257201,0.1030382,0.9541895,15.57612,330.9619,8.269301,0.4109954,0.02828356,-0.9111982,0.0,0.0,0.0,1.011669,0.1332161,-2.55595,-0.3498048,0.196151,0.9768763,0.8464617,0.1385439,0.5141093,-0.2547279,0.9532594,0.1625124,-0.4675644,-0.2685185,0.8421885,moving,-34.82133,-1.966337,-19.70169,11.35368,-33.94201720974884,2.0488039018402904,20.150095945426393,17.010809452898386,19.443028587591865
1587,1587,05/15/2023 13:23:50.163818,1816,True,True,True,True,Eyes,1.663524,0.1014364,-3.440067,-0.5768615,-0.03013813,0.8162858,0.0,0.0,0.0,0.0,0.0,0.0,0.0,0.1835842,0.9462665,3.706434,1.853281,0.08217269,-3.350429,0.113917,-0.2620444,0.1052321,0.9525134,15.79319,330.4048,8.411974,0.4132114,0.02813197,-0.9102001,0.0,0.0,0.0,1.013828,0.1314363,-2.556137,-0.3503081,0.1968064,0.9799268,0.8405179,0.1407674,0.523177,-0.2601726,0.9518982,0.1618639,-0.4752261,-0.2721659,0.8367113,moving,-35.24849,-2.11446,-19.67115,11.35609,-34.35974982964113,1.8924918402021944,20.59391266316578,17.47325542323072,19.870796274132992
1588,1588,05/15/2023 13:23:50.183950,1817,True,True,True,True,Eyes,1.671384,0.100698,-3.435575,-0.5826729,-0.03197713,0.8120774,0.0,0.0,0.0,0.0,0.0,0.0,0.0,0.2084513,0.9801986,3.693283,1.859925,0.08171615,-3.343439,0.117877,-0.265513,0.1090147,0.9506439,16.38007,330.0407,8.672878,0.4154204,0.02797317,-0.9091989,0.0,0.0,0.0,1.015987,0.129657,-2.556324,-0.3504074,0.1995052,0.9830264,0.8352373,0.1446725,0.5305173,-0.2698641,0.9484416,0.1662285,-0.4791159,-0.2820078,0.8312157,moving,-35.65978,-2.254968,-19.619,11.47236,-34.761905109382,1.744024806161911,21.112701320010757,17.998557742091897,20.36673151739154
1589,1589,05/15/2023 13:23:50.203554,1818,True,True,True,True,Eyes,1.679152,0.1000761,-3.430936,-0.588568,-0.03357089,0.8077504,0.0,0.0,0.0,0.0,0.0,0.0,0.0,0.2368569,0.9897,3.684664,1.865563,0.08421335,-3.335407,0.1185826,-0.2693897,0.1145022,0.9488186,16.66158,329.6513,9.213648,0.4176214,0.02781135,-0.908195,0.0,0.0,0.0,1.018127,0.1278926,-2.55651,-0.3504469,0.2006056,0.9864172,0.8286369,0.1533938,0.5383598,-0.2811735,0.9456547,0.1633353,-0.4840479,-0.2867182,0.8267348,moving,-36.07899,-2.379899,-19.55873,11.49536,-35.171305930442514,1.6103390224210403,21.574100277524458,18.47880317853429,20.814306086801455
1590,1590,05/15/2023 13:23:50.213290,1819,True,True,True,True,Eyes,1.686843,0.09952813,-3.426192,-0.5943089,-0.03483317,0.8034822,0.0,0.0,0.0,0.0,0.0,0.0,0.0,0.2651328,0.9581496,3.686561,1.871229,0.08633354,-3.32718,0.1142897,-0.2740895,0.1171951,0.9476699,16.31164,329.1115,9.564726,0.4198144,0.02764997,-0.9071883,0.0,0.0,0.0,1.020322,0.1260835,-2.5567,-0.3508925,0.2040999,0.9892287,0.8222804,0.1594734,0.5462812,-0.2847759,0.9464064,0.1523739,-0.4927043,-0.2808617,0.8236256,moving,-36.48909,-2.482376,-19.53027,11.65781,-35.571271647417845,1.4986038251150875,22.080453707000583,18.98744858995757,21.297101465895945
1591,1591,05/15/2023 13:23:50.233678,1820,True,True,True,True,Eyes,1.69446,0.09905809,-3.421325,-0.6000987,-0.03609778,0.7991111,0.0,0.0,0.0,0.0,0.0,0.0,0.0,0.2925184,0.9573733,3.681102,1.877393,0.08755881,-3.319695,0.1142701,-0.2784722,0.1190581,0.9461611,16.41213,328.6022,9.70182,0.4219997,0.02749098,-0.9061787,0.0,0.0,0.0,1.022349,0.1244128,-2.556875,-0.3491056,0.2109797,0.9919164,0.8165569,0.1616542,0.5541686,-0.2889384,0.945535,0.1499272,-0.4997495,-0.2825446,0.8187913,moving,-36.90501,-2.586431,-19.38955,12.00781,-35.976916914787466,1.3851635849956585,22.79875455759987,19.697242396436877,21.983443176846933
1592,1592,05/15/2023 13:23:50.253627,1821,True,True,True,True,Eyes,1.702028,0.09864685,-3.416353,-0.6058186,-0.03694466,0.7947445,0.0,0.0,0.0,0.0,0.0,0.0,0.0,0.320207,0.9503311,3.676564,1.883311,0.0889674,-3.311798,0.1133087,-0.2828842,0.1215121,0.9446547,16.42876,328.0961,9.933835,0.4241776,0.02733625,-0.9051659,0.0,0.0,0.0,1.024509,0.1226322,-2.557063,-0.342834,0.2120576,0.996895,0.8104226,0.1654675,0.5619926,-0.2936805,0.9447919,0.1453274,-0.5069191,-0.2828229,0.8142753,moving,-37.31758,-2.661547,-18.97818,12.00886,-36.3785286476947,1.2997504215591391,23.485196058488615,20.431768426261705,22.683665319756386
1593,1593,05/15/2023 13:23:50.263908,1822,True,True,True,True,Eyes,1.709536,0.09828611,-3.41131,-0.6115695,-0.03788675,0.7902831,0.0,0.0,0.0,0.0,0.0,0.0,0.0,0.3468306,0.9328572,3.675238,1.889252,0.08980718,-3.304625,0.1113262,-0.2875407,0.1217527,0.9434528,16.26496,327.5242,9.940371,0.4263486,0.02718697,-0.9041499,0.0,0.0,0.0,1.026621,0.1208911,-2.557245,-0.335784,0.2144583,1.002746,0.8049932,0.1657142,0.5696707,-0.2937575,0.9455655,0.1400443,-0.5154536,-0.2800797,0.8098536,moving,-37.73491,-2.7447,-18.51386,12.07203,-36.78496948079129,1.206433434413948,24.268997733639512,21.257813396140648,23.476719308833022
1594,1594,05/15/2023 13:23:50.283408,1823,True,True,True,True,Eyes,1.717032,0.09800425,-3.406139,-0.6173697,-0.03866154,0.7857226,0.0,0.0,0.0,0.0,0.0,0.0,0.0,0.3746722,0.9401613,3.667695,1.895396,0.09069295,-3.297804,0.1127534,-0.2920741,0.1220034,0.941857,16.47896,326.9712,9.844675,0.4285124,0.02704397,-0.9031307,0.0,0.0,0.0,1.028773,0.1191173,-2.557432,-0.3331325,0.2273673,1.004495,0.7996157,0.1639547,0.5776967,-0.2956842,0.9448037,0.1411272,-0.5226715,-0.2836632,0.8039587,moving,-38.15796,-2.816971,-18.34768,12.75398,-37.19665324145639,1.1234366732869878,25.19725597605424,22.14843855290227,24.352988795750957
1595,1595,05/15/2023 13:23:50.303551,1824,True,True,True,True,Eyes,1.724458,0.09778876,-3.400877,-0.6232357,-0.03926985,0.7810475,0.0,0.0,0.0,0.0,0.0,0.0,0.0,0.4033375,0.9344327,3.662595,1.901178,0.09203783,-3.290517,0.112243,-0.2967048,0.1233422,0.940295,16.51554,326.4193,9.931201,0.4306714,0.02690871,-0.9021072,0.0,0.0,0.0,1.030943,0.1173283,-2.55762,-0.332486,0.225167,1.007354,0.793506,0.1653501,0.5856686,-0.2985622,0.9443764,0.1378906,-0.5302914,-0.2842755,0.7987356,moving,-38.58807,-2.878319,-18.26593,12.59982,-37.61487656698552,1.05075767925229,25.54529626140439,22.53358768018478,24.70708703320497
1596,1596,05/15/2023 13:23:50.323487,1825,True,True,True,True,Eyes,1.731876,0.09764052,-3.395496,-0.6290424,-0.03969332,0.7763569,0.0,0.0,0.0,0.0,0.0,0.0,0.0,0.4308294,0.9107105,3.66182,1.906997,0.09337333,-3.283074,0.1093064,-0.3014413,0.1244448,0.9389882,16.27814,325.8474,10.06779,0.4328251,0.02678223,-0.9010796,0.0,0.0,0.0,1.033142,0.1155159,-2.55781,-0.3324971,0.2229972,1.011182,0.7872934,0.1678054,0.5933048,-0.2996033,0.9451312,0.1302493,-0.5388944,-0.2803004,0.7943705,moving,-39.01609,-2.926852,-18.2019,12.43644,-38.03072632556693,0.990508878741874,25.870084005147028,22.8952329685042,25.0393819583496
1597,1597,05/15/2023 13:23:50.334458,1826,True,True,True,True,Eyes,1.739245,0.0975176,-3.390029,-0.6348301,-0.03998089,0.7716166,0.0,0.0,0.0,0.0,0.0,0.0,0.0,0.4551939,0.8954191,3.6592,1.913071,0.09457405,-3.275658,0.1075323,-0.3057598,0.1252407,0.9376901,16.15585,325.323,10.14087,0.4349751,0.02666547,-0.9000472,0.0,0.0,0.0,1.035187,0.1138296,-2.557988,-0.3343318,0.2403163,1.010364,0.7816515,0.1691158,0.6003505,-0.3006319,0.9455032,0.1250768,-0.5464809,-0.278251,0.7898956,moving,-39.44507,-2.966097,-18.3095,13.37926,-38.44725254210524,0.9391915786498516,26.71858930936192,23.670326989184986,25.803977078120496
1598,1598,05/15/2023 13:23:50.353496,1827,True,True,True,True,Eyes,1.746645,0.09744313,-3.384438,-0.6406104,-0.04026595,0.7668096,0.0,0.0,0.0,0.0,0.0,0.0,0.0,0.474324,0.8783813,3.657291,1.91922,0.09526902,-3.268002,0.1055428,-0.309561,0.1253123,0.9366588,15.97982,324.8513,10.14938,0.4371215,0.02655817,-0.8990098,0.0,0.0,0.0,1.037362,0.1120372,-2.558176,-0.3364269,0.2444795,1.011228,0.7769377,0.1694059,0.6063576,-0.3000936,0.9463151,0.1201316,-0.5534543,-0.2752988,0.7860655,moving,-39.87616,-3.005899,-18.40184,13.59132,-38.865837428058846,0.8872706896931755,27.140635548865852,24.086678052697646,26.196845977632385
1599,1599,05/15/2023 13:23:50.363555,1828,True,True,True,True,Eyes,1.753999,0.09738479,-3.378793,-0.6463618,-0.0406169,0.7619492,0.0,0.0,0.0,0.0,0.0,0.0,0.0,0.4943658,0.8748487,3.652594,1.925625,0.09578443,-3.26098,0.1053417,-0.313283,0.1255236,0.9354149,16.00523,324.393,10.11579,0.4392667,0.02646072,-0.8979666,0.0,0.0,0.0,1.039526,0.1102533,-2.558363,-0.3378623,0.2481971,1.01291,0.7721953,0.1688297,0.6125447,-0.3008367,0.946294,0.1184276,-0.5596532,-0.2757252,0.7815139,moving,-40.30796,-3.051353,-18.44643,13.76812,-39.28526405669998,0.8298741588712524,27.582986892985847,24.52866099664155,26.614029616210555
1600,1600,05/15/2023 13:23:50.383264,1829,True,True,True,True,Eyes,1.761366,0.09740356,-3.373055,-0.6519865,-0.04121026,0.7571098,0.0,0.0,0.0,0.0,0.0,0.0,0.0,0.5157459,0.8805823,3.645391,1.931941,0.09615463,-3.254021,0.1065801,-0.31716,0.1249637,0.9340419,16.1628,323.9047,9.942585,0.4414102,0.02637257,-0.8969174,0.0,0.0,0.0,1.041628,0.1085201,-2.558546,-0.3358363,0.2506678,1.015432,0.7675872,0.1658367,0.6191188,-0.3010485,0.9460495,0.1198336,-0.5658442,-0.2783676,0.7761004,moving,-40.73345,-3.115594,-18.30073,13.8667,-39.699091921809845,0.7545486984850225,28.135835443448908,25.09618307015197,27.155223538116196
1601,1601,05/15/2023 13:23:50.403424,1830,True,True,True,True,Eyes,1.768657,0.09747946,-3.367267,-0.6576299,-0.04169643,0.7521863,0.0,0.0,0.0,0.0,0.0,0.0,0.0,0.5352024,0.901073,3.634837,1.938171,0.09786806,-3.247204,0.1101659,-0.3207386,0.1236151,0.9325823,16.54533,323.4405,9.60181,0.4435532,0.02629486,-0.8958618,0.0,0.0,0.0,1.04376,0.106763,-2.55873,-0.3324344,0.2475905,1.019761,0.7636921,0.1598935,0.6254665,-0.3012313,0.9451656,0.1261814,-0.5709937,-0.2847738,0.7699805,moving,-41.16292,-3.172867,-18.05558,13.64694,-40.11658430151851,0.6858215699607344,28.58067650341484,25.58668602514053,27.619493769267624
1602,1602,05/15/2023 13:23:50.413576,1831,True,True,True,True,Eyes,1.775943,0.09755952,-3.361417,-0.6631985,-0.04213378,0.7472566,0.0,0.0,0.0,0.0,0.0,0.0,0.0,0.5596006,0.8937776,3.629771,1.943762,0.09935106,-3.240239,0.1102042,-0.3253375,0.1212244,0.9312976,16.50767,322.8319,9.248052,0.445695,0.02622809,-0.8948001,0.0,0.0,0.0,1.045986,0.1049279,-2.558923,-0.3293691,0.2522657,1.021999,0.7589203,0.1540849,0.6326909,-0.2974992,0.9463193,0.1263882,-0.5792531,-0.2841436,0.764021,moving,-41.58941,-3.227184,-17.86306,13.86547,-40.53111002027908,0.620040005535059,29.24206738734825,26.254178857091414,28.262810163836686
1603,1603,05/15/2023 13:23:50.433309,1832,True,True,True,True,Eyes,1.78317,0.09765539,-3.35555,-0.6688402,-0.04268785,0.7421795,0.0,0.0,0.0,0.0,0.0,0.0,0.0,0.5839715,0.8875721,3.625011,1.949701,0.09938726,-3.23393,0.1104058,-0.330047,0.1176505,0.9300742,16.44122,322.1915,8.753987,0.4478357,0.02617131,-0.8937324,0.0,0.0,0.0,1.048006,0.1032628,-2.559098,-0.3279912,0.2504297,1.024572,0.7544547,0.1459691,0.6399149,-0.2917255,0.9479378,0.1277107,-0.5879577,-0.2830315,0.7577591,moving,-42.02467,-3.291847,-17.75117,13.73515,-40.95441138529916,0.5440010190523656,29.64998194077037,26.690762863245695,28.67364494922924
1604,1604,05/15/2023 13:23:50.453420,1833,True,True,True,True,Eyes,1.790368,0.09777349,-3.349608,-0.6745344,-0.04313567,0.7369822,0.0,0.0,0.0,0.0,0.0,0.0,0.0,0.619324,0.8978695,3.614242,1.955664,0.09994076,-3.227671,0.1124602,-0.3355744,0.1170706,0.9279208,16.69519,321.4872,8.512589,0.449975,0.02612393,-0.8926586,0.0,0.0,0.0,1.050133,0.1015095,-2.559283,-0.3261588,0.247437,1.027558,0.7473686,0.1417869,0.6491046,-0.292742,0.9472944,0.1301365,-0.5964414,-0.2872801,0.749485,moving,-42.4668,-3.349709,-17.61003,13.53911,-41.38418070913121,0.4743086119602653,30.051476204134485,27.127463524063746,29.085576753620877
1605,1605,05/15/2023 13:23:50.464066,1834,True,True,True,True,Eyes,1.797513,0.09789087,-3.343649,-0.680302,-0.04350396,0.7316397,0.0,0.0,0.0,0.0,0.0,0.0,0.0,0.6519809,0.8764868,3.6107,1.961204,0.1004266,-3.220878,0.1103032,-0.3411932,0.115626,0.9263105,16.45437,320.7654,8.330043,0.4521124,0.02608565,-0.8915791,0.0,0.0,0.0,1.052244,0.09976929,-2.559465,-0.3235464,0.2484257,1.029461,0.7404357,0.1389418,0.6576095,-0.2894806,0.9489277,0.1254484,-0.6065937,-0.2832516,0.7428408,moving,-42.91766,-3.402853,-17.44726,13.56702,-41.82227615560135,0.4088946609834059,30.605846921726066,27.69977752659933,29.63398735222479
1606,1606,05/15/2023 13:23:50.483641,1835,True,True,True,True,Eyes,1.804647,0.09802123,-3.337632,-0.6860644,-0.04406428,0.7262052,0.0,0.0,0.0,0.0,0.0,0.0,0.0,0.6852732,0.8668022,3.604491,1.967238,0.1005397,-3.214524,0.1095179,-0.3466722,0.1150175,0.9244434,16.39352,320.0695,8.193372,0.4542478,0.02605557,-0.890494,0.0,0.0,0.0,1.054385,0.09800475,-2.559651,-0.3210843,0.2509587,1.030919,0.7331788,0.1367207,0.6661505,-0.288588,0.9495535,0.1227395,-0.6157645,-0.2822329,0.7356485,moving,-43.37193,-3.472305,-17.29943,13.68151,-42.26411880651979,0.3276388758192547,31.20943167224012,28.3118625527817,30.22070378021598
1607,1607,05/15/2023 13:23:50.503805,1836,True,True,True,True,Eyes,1.811736,0.09816542,-3.331596,-0.6918729,-0.04452154,0.7206453,0.0,0.0,0.0,0.0,0.0,0.0,0.0,0.7179047,0.863824,3.596345,1.973234,0.1008688,-3.208028,0.10946,-0.3518631,0.1155445,0.9224209,16.45415,319.4225,8.160379,0.4563813,0.02603322,-0.8894031,0.0,0.0,0.0,1.056518,0.09624634,-2.559836,-0.3199383,0.2550587,1.03142,0.7256836,0.1361314,0.6744268,-0.2901911,0.949336,0.1206247,-0.6238368,-0.283248,0.7284217,moving,-43.83307,-3.535246,-17.23348,13.88996,-42.71243732434567,0.2524498611681673,31.7989935738623,28.899116753329487,30.78231443410847
1608,1608,05/15/2023 13:23:50.513523,1837,True,True,True,True,Eyes,1.818907,0.09832577,-3.325439,-0.6975731,-0.04511089,0.7150922,0.0,0.0,0.0,0.0,0.0,0.0,0.0,0.7461243,0.8507785,3.591408,1.981009,0.1009535,-3.200648,0.1080235,-0.3569211,0.1154128,0.9206619,16.33738,318.7857,8.111382,0.4585126,0.02601821,-0.8883067,0.0,0.0,0.0,1.058713,0.09443664,-2.560026,-0.3200451,0.2578357,1.032033,0.7185745,0.1354007,0.6821418,-0.2896241,0.9500216,0.1165197,-0.6322726,-0.2812928,0.7218766,moving,-44.28949,-3.609665,-17.22925,14.02722,-43.15649764123454,0.1663342082125432,32.30040713924246,29.399767434163103,31.25609377945148
1609,1609,05/15/2023 13:23:50.533505,1838,True,True,True,True,Eyes,1.826097,0.09846642,-3.319227,-0.7032779,-0.04560824,0.7094505,0.0,0.0,0.0,0.0,0.0,0.0,0.0,0.7722156,0.8443987,3.584958,1.988733,0.1013369,-3.193105,0.1074919,-0.3616375,0.1154355,0.918879,16.32204,318.1907,8.050179,0.4606448,0.02601028,-0.8872032,0.0,0.0,0.0,1.060852,0.09267347,-2.560211,-0.3187345,0.2595128,1.032873,0.7117859,0.1343963,0.689419,-0.2898888,0.9502403,0.1140525,-0.6397854,-0.2810358,0.7153275,moving,-44.74966,-3.678296,-17.14972,14.10381,-43.60403190143968,0.0856855665088005,32.83230089102553,29.93891165041736,31.76944175787157
1610,1610,05/15/2023 13:23:50.553796,1839,True,True,True,True,Eyes,1.833262,0.09859514,-3.312982,-0.7088388,-0.04621886,0.7038547,0.0,0.0,0.0,0.0,0.0,0.0,0.0,0.7978289,0.8341423,3.579293,1.99492,0.1013852,-3.186484,0.1064357,-0.3661314,0.1152671,0.9172421,16.23993,317.622,7.99378,0.4627784,0.02600822,-0.8860921,0.0,0.0,0.0,1.063,0.09090259,-2.560397,-0.3173655,0.2590328,1.034235,0.7053226,0.1335168,0.6961992,-0.2893945,0.9507699,0.1108487,-0.6471251,-0.2796603,0.7092385,moving,-45.20214,-3.756954,-17.05916,14.06096,-44.04439202478966,-0.0043965745574139,33.309238697271304,30.43085610036594,32.236293778323116
1611,1611,05/15/2023 13:23:50.564130,1840,True,True,True,True,Eyes,1.84039,0.09871042,-3.306727,-0.714404,-0.04683896,0.698164,0.0,0.0,0.0,0.0,0.0,0.0,0.0,0.8240536,0.8246872,3.573211,2.001145,0.1012158,-3.179965,0.1054939,-0.3707087,0.1149386,0.9155519,16.16401,317.0394,7.914347,0.4649137,0.02601113,-0.8849736,0.0,0.0,0.0,1.065126,0.08915045,-2.560581,-0.3149288,0.2621737,1.03493,0.6987284,0.1322494,0.7030568,-0.2886795,0.9513203,0.1079529,-0.6545555,-0.2783878,0.7028922,moving,-45.65869,-3.838152,-16.92499,14.21541,-44.48876310186478,-0.0970570776238046,33.93459321367863,31.058143883032503,32.83597006315046
1612,1612,05/15/2023 13:23:50.583905,1841,True,True,True,True,Eyes,1.84748,0.0988112,-3.300453,-0.7197962,-0.04763241,0.6925494,0.0,0.0,0.0,0.0,0.0,0.0,0.0,0.850678,0.8237244,3.565022,2.007565,0.1010332,-3.173488,0.1056145,-0.3751981,0.1151761,0.9136776,16.22576,316.4708,7.854515,0.4670494,0.02601818,-0.8838481,0.0,0.0,0.0,1.067271,0.08738268,-2.560767,-0.311789,0.2617851,1.036349,0.6919218,0.1312148,0.7099485,-0.2897203,0.9511601,0.1065675,-0.6612915,-0.2794228,0.696144,moving,-46.10521,-3.934513,-16.74408,14.17653,-44.9238338677141,-0.2040332168473195,34.49762069222672,31.63698984541181,33.38882739379802
1613,1613,05/15/2023 13:23:50.604061,1842,True,True,True,True,Eyes,1.854536,0.0988982,-3.294159,-0.725214,-0.04838894,0.686821,0.0,0.0,0.0,0.0,0.0,0.0,0.0,0.8788394,0.8151746,3.557771,2.01393,0.1008469,-3.166783,0.1048005,-0.3800265,0.1149622,0.9118007,16.1702,315.8552,7.778614,0.4691848,0.02602858,-0.8827161,0.0,0.0,0.0,1.069392,0.08563395,-2.560951,-0.3069173,0.2607014,1.038294,0.6847272,0.1299913,0.717113,-0.2892991,0.9516011,0.1037369,-0.6689206,-0.2784916,0.6891934,moving,-46.55748,-4.030028,-16.46755,14.0948,-45.364450289998,-0.3103733876354546,35.127101751133466,32.28838594135556,34.01567947091823
1614,1614,05/15/2023 13:23:50.613774,1843,True,True,True,True,Eyes,1.861548,0.09896301,-3.287868,-0.7304663,-0.04936238,0.6811625,0.0,0.0,0.0,0.0,0.0,0.0,0.0,0.90697,0.8114861,3.549186,2.020374,0.1006318,-3.16003,0.1046566,-0.3848234,0.1147057,0.9098356,16.18403,315.2393,7.669986,0.4713198,0.02604165,-0.8815776,0.0,0.0,0.0,1.071618,0.08379854,-2.561144,-0.302164,0.2585919,1.040198,0.6775072,0.128178,0.7242612,-0.2892751,0.9517792,0.1021577,-0.6762425,-0.2787234,0.6819161,moving,-47.00035,-4.144856,-16.1979,13.96065,-45.79648970733238,-0.4350531108880027,35.7295434272331,32.91371721212651,34.61579556833023
1615,1615,05/15/2023 13:23:50.633246,1844,True,True,True,True,Eyes,1.868538,0.09899572,-3.281557,-0.7357338,-0.05029713,0.6754006,0.0,0.0,0.0,0.0,0.0,0.0,0.0,0.9373758,0.8101754,3.539352,2.027119,0.1003113,-3.15322,0.1047675,-0.3898564,0.1149254,0.9076496,16.24786,314.5968,7.59767,0.4734531,0.02605653,-0.8804333,0.0,0.0,0.0,1.073721,0.08206573,-2.561326,-0.298473,0.2569969,1.041466,0.6696084,0.1269354,0.7317868,-0.2903124,0.9516318,0.1005756,-0.6836251,-0.2797931,0.6740716,moving,-47.4482,-4.258959,-15.99174,13.86164,-46.23333235560448,-0.5591894688111152,36.3024101658609,33.503943510743426,35.18016999487414
1616,1616,05/15/2023 13:23:50.653447,1845,True,True,True,True,Eyes,1.875522,0.09900171,-3.275234,-0.7407447,-0.05165454,0.6697978,0.0,0.0,0.0,0.0,0.0,0.0,0.0,0.9638258,0.8083277,3.530398,2.033716,0.09960669,-3.146449,0.1048059,-0.3944542,0.1145426,0.9057051,16.27275,314.0011,7.470158,0.4755847,0.0260722,-0.8792832,0.0,0.0,0.0,1.075855,0.08030613,-2.561511,-0.2945948,0.2557079,1.042582,0.6625717,0.1248014,0.7385277,-0.2901659,0.9517914,0.09948277,-0.6905088,-0.2802101,0.6668432,moving,-47.87941,-4.409899,-15.77831,13.78057,-46.65506411333394,-0.7183465310343333,36.89679909761769,34.11147204606077,35.757971226989774
1617,1617,05/15/2023 13:23:50.663835,1846,True,True,True,True,Eyes,1.882469,0.09900124,-3.268897,-0.745746,-0.05299325,0.6641194,0.0,0.0,0.0,0.0,0.0,0.0,0.0,0.9882858,0.8165826,3.519801,2.041013,0.09910858,-3.13958,0.1060577,-0.3986586,0.115111,0.9036441,16.46662,313.4608,7.397838,0.4777148,0.02608787,-0.8781273,0.0,0.0,0.0,1.078075,0.0784761,-2.561703,-0.2897687,0.2525445,1.043942,0.6556416,0.1234772,0.7449077,-0.2926004,0.9510025,0.09989679,-0.6960741,-0.2834567,0.6596463,moving,-48.31354,-4.562236,-15.51315,13.5994,-47.079661910733066,-0.8789430620168996,37.492807394867036,34.72847667306911,36.347589520435186
1618,1618,05/15/2023 13:23:50.684037,1847,True,True,True,True,Eyes,1.889401,0.09898038,-3.262564,-0.7505526,-0.05452853,0.6585571,0.0,0.0,0.0,0.0,0.0,0.0,0.0,1.011144,0.8175046,3.51075,2.047202,0.09898859,-3.132931,0.1064718,-0.4027036,0.114996,0.9018147,16.53817,312.9349,7.290901,0.4798427,0.02610338,-0.8769659,0.0,0.0,0.0,1.080142,0.07677206,-2.561882,-0.2854217,0.251065,1.044852,0.6492114,0.121657,0.7508157,-0.2931632,0.9508794,0.09941697,-0.7018404,-0.2846541,0.6529871,moving,-48.73532,-4.733294,-15.27869,13.51131,-47.49280956107131,-1.0572154468502155,38.10789506222715,35.35521790048139,36.94310643945922
1619,1619,05/15/2023 13:23:50.703471,1848,True,True,True,True,Eyes,1.896353,0.09892656,-3.256207,-0.755335,-0.05603432,0.6529389,0.0,0.0,0.0,0.0,0.0,0.0,0.0,1.029768,0.8193448,3.502962,2.054579,0.09863557,-3.125935,0.1069121,-0.4063528,0.1147662,0.9001534,16.60342,312.4572,7.177021,0.4819683,0.02611818,-0.8757991,0.0,0.0,0.0,1.082286,0.07500537,-2.562068,-0.281591,0.2520158,1.0447,0.6434122,0.1197262,0.7560994,-0.2935023,0.9507971,0.09920345,-0.7070199,-0.2857456,0.6468944,moving,-49.15868,-4.905026,-15.08514,13.5625,-47.90750578004248,-1.2361876898533568,38.7563626349568,36.00428936586196,37.55709393910258
1620,1620,05/15/2023 13:23:50.713581,1849,True,True,True,True,Eyes,1.90331,0.0988389,-3.249845,-0.7599598,-0.0577035,0.6474037,0.0,0.0,0.0,0.0,0.0,0.0,0.0,1.048725,0.8183978,3.495788,2.062153,0.09779571,-3.11899,0.1067594,-0.4099611,0.1154154,0.8984509,16.6466,311.9985,7.186448,0.4840926,0.02613148,-0.8746263,0.0,0.0,0.0,1.084488,0.07318965,-2.562259,-0.2776289,0.2526965,1.044623,0.6372224,0.1198557,0.7613031,-0.2949245,0.9505635,0.09720444,-0.7120163,-0.2864677,0.6410686,moving,-49.57259,-5.09335,-14.88341,13.59873,-48.31350237060652,-1.430872538323138,39.40473402776372,36.65324035289723,38.16894456699494
1621,1621,05/15/2023 13:23:50.733674,1850,True,True,True,True,Eyes,1.9103,0.09872916,-3.243445,-0.7645572,-0.059345,0.6418182,0.0,0.0,0.0,0.0,0.0,0.0,0.0,1.065727,0.8154138,3.489582,2.069925,0.09699152,-3.11189,0.1062831,-0.4133548,0.1161801,0.8968523,16.65976,311.5701,7.227444,0.4862157,0.02614251,-0.8734475,0.0,0.0,0.0,1.086568,0.07147515,-2.562439,-0.2741671,0.2521538,1.044234,0.63128,0.1205275,0.7661323,-0.296258,0.9504122,0.09459325,-0.7167404,-0.2866876,0.6356835,moving,-49.98775,-5.282769,-14.71116,13.57548,-48.72073941371308,-1.6266531025202324,40.00089195723142,37.25260182543494,38.73203866332629
1622,1622,05/15/2023 13:23:50.753589,1851,True,True,True,True,Eyes,1.917312,0.0985946,-3.237025,-0.7690627,-0.06099525,0.6362564,0.0,0.0,0.0,0.0,0.0,0.0,0.0,1.083257,0.8130021,3.482909,2.077824,0.09634212,-3.104584,0.1058465,-0.416782,0.1173825,0.8951596,16.69907,311.1418,7.313051,0.488339,0.0261509,-0.8722619,0.0,0.0,0.0,1.088677,0.0697367,-2.562622,-0.270245,0.2502979,1.044298,0.6250283,0.1219224,0.7710218,-0.2983821,0.9500357,0.09165324,-0.7213237,-0.2873449,0.6301786,moving,-50.39857,-5.475974,-14.50879,13.47842,-49.12387652063749,-1.8259505313440243,40.587502514390266,37.84743019270781,39.292468621886826
1623,1623,05/15/2023 13:23:50.763493,1852,True,True,True,True,Eyes,1.924362,0.09842224,-3.230577,-0.77353,-0.06258972,0.6306614,0.0,0.0,0.0,0.0,0.0,0.0,0.0,1.097543,0.8078753,3.477884,2.085705,0.09567225,-3.097357,0.1051614,-0.4199607,0.1174675,0.8937424,16.65678,310.7325,7.294648,0.4904628,0.02615624,-0.8710693,0.0,0.0,0.0,1.090848,0.06794687,-2.56281,-0.2662207,0.2499876,1.043677,0.6196688,0.1216441,0.7753794,-0.2982987,0.9502849,0.08931096,-0.7259672,-0.2866379,0.6251482,moving,-50.80953,-5.667736,-14.30984,13.47005,-49.52710986434803,-2.0238600597395786,41.21264639740933,38.47489240579647,39.88256595734203
1624,1624,05/15/2023 13:23:50.783474,1853,True,True,True,True,Eyes,1.931429,0.09821074,-3.224129,-0.7779469,-0.06428158,0.6250331,0.0,0.0,0.0,0.0,0.0,0.0,0.0,1.112746,0.8064753,3.471868,2.093797,0.09459735,-3.090233,0.1048983,-0.4231896,0.1178187,0.8922027,16.67248,310.3168,7.283706,0.4925881,0.02615783,-0.8698691,0.0,0.0,0.0,1.092981,0.06618864,-2.562994,-0.262034,0.2532504,1.042258,0.6140586,0.1214526,0.7798597,-0.2990201,0.9502302,0.08746176,-0.7304237,-0.2869004,0.6198137,moving,-51.22024,-5.871944,-14.11224,13.6572,-49.93044048316808,-2.2337703740720363,41.93317456826678,39.1850280755553,40.545582927649896
1625,1625,05/15/2023 13:23:50.808514,1854,True,True,True,True,Eyes,1.938533,0.0979457,-3.217658,-0.7823463,-0.06591033,0.6193465,0.0,0.0,0.0,0.0,0.0,0.0,0.0,1.130463,0.8078933,3.464377,2.10189,0.09355512,-3.083156,0.1050118,-0.4266605,0.1185067,0.8904436,16.74653,309.8705,7.285679,0.4947152,0.02615497,-0.8686612,0.0,0.0,0.0,1.095117,0.06442843,-2.563179,-0.2588682,0.2555661,1.040471,0.607834,0.1214382,0.7847233,-0.3006558,0.9498574,0.0858899,-0.7349449,-0.2881384,0.6138667,moving,-51.63301,-6.074506,-13.97147,13.8001,-50.33572127344051,-2.4421571268181355,42.58393545489702,39.826745878261185,41.140035469194146
1626,1626,05/15/2023 13:23:50.813480,1855,True,True,True,True,Eyes,1.945654,0.0976384,-3.211195,-0.7866988,-0.06766874,0.6136172,0.0,0.0,0.0,0.0,0.0,0.0,0.0,1.148622,0.8060218,3.457459,2.109991,0.09200965,-3.076117,0.1046701,-0.4302592,0.1188094,0.8887102,16.75503,309.4045,7.265824,0.4968445,0.02614667,-0.8674454,0.0,0.0,0.0,1.097275,0.06264921,-2.563366,-0.256349,0.2579892,1.038479,0.6015229,0.1211037,0.7896229,-0.3012446,0.949857,0.08380507,-0.7398797,-0.2882803,0.6078424,moving,-52.04612,-6.29306,-13.86627,13.95154,-50.74176743547942,-2.665984553184604,43.215098925983035,40.44680992846954,41.708092362958205
1627,1627,05/15/2023 13:23:50.833736,1856,True,True,True,True,Eyes,1.952788,0.09736449,-3.204715,-0.7910417,-0.06955628,0.6077952,0.0,0.0,0.0,0.0,0.0,0.0,0.0,1.16522,0.8134842,3.448974,2.118078,0.09080374,-3.069269,0.1055245,-0.4334597,0.1198401,0.8869137,16.92226,308.991,7.271715,0.4989762,0.0261323,-0.8662213,0.0,0.0,0.0,1.099394,0.06090209,-2.56355,-0.253717,0.2595906,1.0366,0.5955021,0.1210943,0.7941747,-0.3040568,0.9490058,0.08329063,-0.7435904,-0.291074,0.6019545,moving,-52.46321,-6.528546,-13.75326,14.05916,-51.15212984826167,-2.906273758630193,43.84419992821098,41.06703554611271,42.273948438546235
1628,1628,05/15/2023 13:23:50.853710,1857,True,True,True,True,Eyes,1.959903,0.09711756,-3.198238,-0.7954464,-0.07141653,0.6018012,0.0,0.0,0.0,0.0,0.0,0.0,0.0,1.188941,0.8205955,3.437683,2.125657,0.0913502,-3.06233,0.1064572,-0.437327,0.1224333,0.8845463,17.18268,308.5072,7.426338,0.5011103,0.02611336,-0.8649892,0.0,0.0,0.0,1.101539,0.05913401,-2.563736,-0.2503156,0.2619074,1.034557,0.5875104,0.1234827,0.7997398,-0.309709,0.9473539,0.08124582,-0.7476041,-0.2954194,0.5948239,moving,-52.89039,-6.767715,-13.60157,14.20647,-51.572364597846494,-3.150432926933157,44.53681413624716,41.74977031801288,42.89821225068867
1629,1629,05/15/2023 13:23:50.863961,1858,True,True,True,True,Eyes,1.967062,0.09686833,-3.191754,-0.7999076,-0.07344072,0.5956126,0.0,0.0,0.0,0.0,0.0,0.0,0.0,1.220848,0.8057994,3.428223,2.132995,0.09181179,-3.055224,0.1046285,-0.4425382,0.124182,0.881925,17.12513,307.8526,7.602512,0.5032456,0.02609099,-0.8637492,0.0,0.0,0.0,1.103674,0.05737393,-2.563921,-0.2465566,0.2628259,1.032619,0.5774775,0.1264342,0.8065569,-0.3116427,0.9472634,0.07463841,-0.754585,-0.2944596,0.5864256,moving,-53.32857,-7.029252,-13.42897,14.27991,-52.00386252246627,-3.4165189682181234,45.23337777904989,42.44038090482947,43.52871261671466
1630,1630,05/15/2023 13:23:50.883720,1859,True,True,True,True,Eyes,1.974246,0.0967065,-3.185233,-0.8043499,-0.07592427,0.589285,0.0,0.0,0.0,0.0,0.0,0.0,0.0,1.256191,0.819194,3.41151,2.141377,0.09156744,-3.048542,0.1066178,-0.4479454,0.1259899,0.8786947,17.47214,307.1435,7.584298,0.5053836,0.02606544,-0.8625008,0.0,0.0,0.0,1.105815,0.05560923,-2.564106,-0.2417501,0.2667915,1.030256,0.5669429,0.1258953,0.81408,-0.3169312,0.9455184,0.07449581,-0.760349,-0.3002421,0.5759551,moving,-53.77265,-7.341619,-13.20557,14.5182,-52.44246054271594,-3.73183375684673,46.08188002283719,43.273517439504694,44.282128222953375
1631,1631,05/15/2023 13:23:50.903766,1860,True,True,True,True,Eyes,1.981415,0.09662474,-3.178647,-0.808801,-0.07808486,0.5828754,0.0,0.0,0.0,0.0,0.0,0.0,0.0,1.286751,0.8476559,3.391468,2.149292,0.09361087,-3.041067,0.1105632,-0.4522467,0.1306639,0.8753146,18.16411,306.5988,7.787085,0.5075242,0.02603935,-0.8612437,0.0,0.0,0.0,1.107942,0.05385569,-2.564291,-0.2351845,0.2679057,1.028681,0.5567997,0.1287403,0.8206095,-0.3287477,0.9414055,0.07537052,-0.762823,-0.3117397,0.5664974,moving,-54.22099,-7.630195,-12.87804,14.59762,-52.88453549897573,-4.024327184046226,46.93948523766239,44.12818372689921,45.06969001864944
1632,1632,05/15/2023 13:23:50.913506,1861,True,True,True,True,Eyes,1.988639,0.09653753,-3.17201,-0.8131925,-0.08005629,0.5764626,0.0,0.0,0.0,0.0,0.0,0.0,0.0,1.306877,0.81387,3.389173,2.156236,0.09536105,-3.032879,0.1063172,-0.4563963,0.1312993,0.8735901,17.79453,306.0844,7.990467,0.5096679,0.02601494,-0.8599775,0.0,0.0,0.0,1.110168,0.05202124,-2.564483,-0.2287632,0.2715296,1.026443,0.5489258,0.132358,0.8253253,-0.3264492,0.9429142,0.06590632,-0.7694879,-0.3056044,0.5607982,moving,-54.66762,-7.906386,-12.56416,14.8173,-53.32461663425462,-4.304817222330768,47.84419765654134,45.022996258551146,45.88858668884257
1633,1633,05/15/2023 13:23:50.933778,1862,True,True,True,True,Eyes,1.995879,0.09646986,-3.165372,-0.8174202,-0.08235275,0.5701247,0.0,0.0,0.0,0.0,0.0,0.0,0.0,1.313777,0.8105743,3.386124,2.16438,0.09489301,-3.025778,0.1058744,-0.4587116,0.1307085,0.8725191,17.73831,305.7704,7.903007,0.5118156,0.02599189,-0.8587017,0.0,0.0,0.0,1.11222,0.05033001,-2.564661,-0.2226835,0.2784548,1.022965,0.5449979,0.1309597,0.8281466,-0.325223,0.9434118,0.06483994,-0.7727919,-0.30467,0.5567486,moving,-55.10545,-8.219346,-12.2808,15.22719,-53.75717786187223,-4.620508191870528,48.82305498452341,45.98065945651916,46.7471233299138
1634,1634,05/15/2023 13:23:50.953352,1863,True,True,True,True,Eyes,2.003114,0.09642629,-3.158716,-0.8215698,-0.08454235,0.5638046,0.0,0.0,0.0,0.0,0.0,0.0,0.0,1.322132,0.8412666,3.374305,2.172041,0.09537889,-3.01908,0.1097926,-0.4602907,0.133703,0.8707476,18.31783,305.5652,7.978623,0.5139671,0.02597056,-0.8574163,0.0,0.0,0.0,1.114435,0.04850365,-2.564853,-0.2170466,0.2818627,1.019785,0.5405118,0.1317701,0.8309534,-0.3339162,0.9401382,0.06811883,-0.7722349,-0.3142878,0.552156,moving,-55.54003,-8.527949,-12.0153,15.4505,-54.18647273624423,-4.9318933646397385,49.6927372763717,46.83855003329051,47.51618841380667
1635,1635,05/15/2023 13:23:50.967180,1864,True,True,True,True,Eyes,2.010339,0.09639174,-3.152089,-0.8256605,-0.08671409,0.5574634,0.0,0.0,0.0,0.0,0.0,0.0,0.0,1.327803,0.8428664,3.370143,2.178856,0.0960671,-3.012425,0.1100577,-0.4621238,0.1340963,0.8696822,18.38307,305.3214,7.966518,0.5161222,0.02595141,-0.8561215,0.0,0.0,0.0,1.116511,0.04679221,-2.565033,-0.2133475,0.2851359,1.016911,0.5369195,0.1315218,0.8333184,-0.334963,0.9398109,0.06749222,-0.774285,-0.3153687,0.5486578,moving,-55.97385,-8.84157,-11.84878,15.66319,-54.6151684075971,-5.248096364680316,50.47281511033935,47.605103453885285,48.189046868957114
1636,1636,05/15/2023 13:23:50.983985,1865,True,True,True,True,Eyes,2.017546,0.09637231,-3.145462,-0.8298248,-0.0888542,0.5509045,0.0,0.0,0.0,0.0,0.0,0.0,0.0,1.344447,0.8457417,3.362089,2.185954,0.096275,-3.006459,0.110589,-0.4652622,0.1345815,0.8678646,18.49271,304.9,7.920965,0.5182795,0.02593444,-0.8548178,0.0,0.0,0.0,1.118619,0.0450548,-2.565216,-0.2116093,0.2946435,1.012382,0.5308378,0.1306912,0.8373356,-0.3365028,0.9393158,0.06672128,-0.7778027,-0.3171839,0.5426022,moving,-56.42059,-9.162209,-11.80606,16.22711,-55.05656814064358,-5.571475869414049,51.33296997451696,48.433302595735654,48.886211489949055
1637,1637,05/15/2023 13:23:51.003669,1866,True,True,True,True,Eyes,2.024713,0.09636778,-3.138845,-0.8340483,-0.09085728,0.5441586,0.0,0.0,0.0,0.0,0.0,0.0,0.0,1.369627,0.8505782,3.349493,2.192512,0.0965811,-3.000337,0.1114237,-0.4692659,0.1362227,0.8653426,18.70457,304.3722,7.960983,0.5204384,0.02591981,-0.8535056,0.0,0.0,0.0,1.120739,0.0433074,-2.565399,-0.2089222,0.2965115,1.008852,0.5224658,0.1311839,0.8425084,-0.3403332,0.9380563,0.06499002,-0.7817947,-0.3206886,0.5347486,moving,-56.87834,-9.479141,-11.69995,16.37859,-55.50852968660569,-5.89162388317527,52.05486697188324,49.14421716295879,49.49804340994323
1638,1638,05/15/2023 13:23:51.013383,1867,True,True,True,True,Eyes,2.031849,0.09636599,-3.132216,-0.8383566,-0.0926771,0.5371864,0.0,0.0,0.0,0.0,0.0,0.0,0.0,1.403673,0.8321648,3.338463,2.198873,0.0968955,-2.993944,0.1092833,-0.4747061,0.1373872,0.8624594,18.59895,303.6677,8.080717,0.5225977,0.0259077,-0.8521855,0.0,0.0,0.0,1.122947,0.04148671,-2.565591,-0.2064071,0.2866955,1.008542,0.5115579,0.1332268,0.8488577,-0.3407366,0.9383639,0.05806777,-0.7888011,-0.3189419,0.5254226,moving,-57.34983,-9.788493,-11.56637,15.86872,-55.97359136588473,-6.204889114225897,52.48254746579065,49.5907806831706,49.905443905455535
1639,1639,05/15/2023 13:23:51.033746,1868,True,True,True,True,Eyes,2.038922,0.09638412,-3.125575,-0.8427204,-0.09437777,0.5300143,0.0,0.0,0.0,0.0,0.0,0.0,0.0,1.438226,0.8144689,3.326425,2.205215,0.09687234,-2.987406,0.1072406,-0.4802353,0.1384395,0.8594813,18.5003,302.9463,8.182462,0.5247568,0.02589792,-0.8508579,0.0,0.0,0.0,1.125023,0.0397758,-2.56577,-0.2042758,0.2852418,1.006804,0.5004171,0.1349708,0.8551993,-0.3409737,0.9386679,0.05137547,-0.795814,-0.3173096,0.5157469,moving,-57.83288,-10.09663,-11.46935,15.81817,-56.44981547393442,-6.517344527174388,53.114534480694644,50.22068780338861,50.45320042221868
1640,1640,05/15/2023 13:23:51.053789,1869,True,True,True,True,Eyes,2.045927,0.09640427,-3.11892,-0.8470483,-0.0958763,0.5227972,0.0,0.0,0.0,0.0,0.0,0.0,0.0,1.473816,0.7983117,3.312322,2.210976,0.0973506,-2.98044,0.1056042,-0.4859684,0.1390079,0.856364,18.41987,302.185,8.207358,0.5269147,0.02589078,-0.8495235,0.0,0.0,0.0,1.127156,0.03801757,-2.565955,-0.2020773,0.2823224,1.005041,0.489023,0.1354422,0.8616914,-0.3407233,0.9390491,0.0457643,-0.8029721,-0.3159781,0.5053649,moving,-58.31717,-10.39205,-11.36853,15.69039,-56.92689370628621,-6.817568720846295,53.70724787403651,50.8150834828949,50.97467987627725
1641,1641,05/15/2023 13:23:51.064029,1870,True,True,True,True,Eyes,2.052884,0.0964149,-3.112261,-0.8513172,-0.09739251,0.5155326,0.0,0.0,0.0,0.0,0.0,0.0,0.0,1.50055,0.7838411,3.301167,2.216495,0.0974049,-2.973453,0.1042087,-0.4908037,0.1378347,0.8539637,18.25704,301.5218,8.058023,0.5290698,0.0258861,-0.8481832,0.0,0.0,0.0,1.129347,0.03621114,-2.566145,-0.1999093,0.2759691,1.004768,0.4802268,0.1331195,0.8669841,-0.3377036,0.9402843,0.04268141,-0.8095299,-0.3132804,0.4965046,moving,-58.80214,-10.69803,-11.25267,15.35812,-57.40491846480021,-7.128003139717049,54.22061462306933,51.33863819981176,51.44318073626387
1642,1642,05/15/2023 13:23:51.083882,1871,True,True,True,True,Eyes,2.059781,0.09644783,-3.105586,-0.855435,-0.09899946,0.5083601,0.0,0.0,0.0,0.0,0.0,0.0,0.0,1.521759,0.7893295,3.287995,2.222417,0.0972378,-2.966666,0.1052838,-0.4945763,0.1377838,0.8516604,18.39832,300.9935,7.907866,0.5312214,0.02588337,-0.8468372,0.0,0.0,0.0,1.13149,0.03444491,-2.566331,-0.1974841,0.2759624,1.003302,0.4728198,0.1305481,0.8714349,-0.3388318,0.9398619,0.04304297,-0.8134092,-0.3156213,0.4886192,moving,-59.27821,-11.02001,-11.13541,15.37914,-57.87476011225707,-7.453596214241052,54.90577667752729,52.01827267360249,52.028561346869814
1643,1643,05/15/2023 13:23:51.103807,1872,True,True,True,True,Eyes,2.066605,0.09650141,-3.098908,-0.8594599,-0.1005447,0.5012179,0.0,0.0,0.0,0.0,0.0,0.0,0.0,1.53779,0.7977208,3.276027,2.227786,0.09783618,-2.959883,0.1067861,-0.4976328,0.1377446,0.8496969,18.57611,300.5576,7.748561,0.5333691,0.02588303,-0.8454863,0.0,0.0,0.0,1.133616,0.03269261,-2.566515,-0.1948528,0.2729539,1.002188,0.466776,0.1278018,0.8750925,-0.3403629,0.9392463,0.04437921,-0.8162556,-0.3185642,0.4819167,moving,-59.75021,-11.34302,-11.0026,15.23542,-58.34068815737104,-7.780055470533065,55.52245449856932,52.63655290318451,52.5688441520953
1644,1644,05/15/2023 13:23:51.114145,1873,True,True,True,True,Eyes,2.07337,0.09657753,-3.092207,-0.8633233,-0.1020995,0.4942152,0.0,0.0,0.0,0.0,0.0,0.0,0.0,1.550621,0.7988633,3.267138,2.232966,0.09842288,-2.953129,0.107308,-0.5004396,0.1370289,0.848097,18.61241,300.1566,7.580844,0.5355115,0.02588539,-0.8441309,0.0,0.0,0.0,1.135775,0.03091226,-2.566702,-0.1926316,0.2653336,1.00218,0.4615666,0.1250252,0.8782512,-0.33983,0.9394161,0.04486583,-0.8194339,-0.3191646,0.4760904,moving,-60.21074,-11.67248,-10.88027,14.82918,-58.79568369114424,-8.11237839970769,55.998511169284676,53.12440090015784,53.00550281896296
1645,1645,05/15/2023 13:23:51.133752,1874,True,True,True,True,Eyes,2.080055,0.09666713,-3.085494,-0.8670756,-0.1035826,0.4872891,0.0,0.0,0.0,0.0,0.0,0.0,0.0,1.560543,0.8001673,3.259482,2.238144,0.09901741,-2.946301,0.1076667,-0.5027163,0.1374369,0.8466377,18.69274,299.8425,7.550383,0.5376484,0.02589082,-0.8427712,0.0,0.0,0.0,1.13788,0.02917718,-2.566884,-0.1914762,0.2598653,1.001681,0.456775,0.1244668,0.8808318,-0.34097,0.939038,0.0441259,-0.8216423,-0.3204929,0.4713685,moving,-60.66438,-12.00069,-10.82182,14.54358,-59.24397235153079,-8.443279207781817,56.47016076820129,53.60131094099511,53.41732423462441
1646,1646,05/15/2023 13:23:51.153822,1875,True,True,True,True,Eyes,2.086661,0.09677935,-3.078758,-0.8706101,-0.1051422,0.4806072,0.0,0.0,0.0,0.0,0.0,0.0,0.0,1.568365,0.7966726,3.253572,2.242966,0.09943298,-2.939286,0.1073503,-0.5048171,0.1375241,0.8454129,18.68468,299.5556,7.530372,0.5397786,0.02589938,-0.8414081,0.0,0.0,0.0,1.140069,0.02737311,-2.567074,-0.1918408,0.2537708,1.000891,0.4524938,0.1241448,0.883084,-0.3409138,0.9391261,0.0426616,-0.8240309,-0.3203597,0.4672714,moving,-61.09977,-12.34016,-10.85029,14.22724,-59.67489341127063,-8.784472057568202,56.84045199530348,53.975742608029854,53.725633061827175
1647,1647,05/15/2023 13:23:51.164055,1876,True,True,True,True,Eyes,2.093178,0.09689277,-3.072019,-0.8740602,-0.1066387,0.4739695,0.0,0.0,0.0,0.0,0.0,0.0,0.0,1.576698,0.7941374,3.247027,2.247663,0.1000711,-2.932203,0.1071396,-0.5068833,0.1382329,0.8440866,18.72378,299.2791,7.568853,0.5419014,0.02591142,-0.8400422,0.0,0.0,0.0,1.142466,0.0253973,-2.567281,-0.1917141,0.2511494,0.9998403,0.447922,0.1247467,0.8853272,-0.3419757,0.9388255,0.04073419,-0.8260863,-0.3210061,0.463181,moving,-61.53071,-12.67987,-10.85442,14.10037,-60.10151130575464,-9.125756935561853,57.31725414412052,54.44932483056302,54.11177703232352
1648,1648,05/15/2023 13:23:51.183965,1877,True,True,True,True,Eyes,2.099617,0.09701212,-3.065262,-0.8773764,-0.1082474,0.4674324,0.0,0.0,0.0,0.0,0.0,0.0,0.0,1.586856,0.7938257,3.23907,2.252141,0.1002375,-2.925348,0.1073407,-0.509281,0.1378578,0.842678,18.74301,298.9393,7.463508,0.544016,0.02592663,-0.8386738,0.0,0.0,0.0,1.144238,0.02393606,-2.567435,-0.1915291,0.2510906,0.9986799,0.4432562,0.1230063,0.8879153,-0.3416726,0.9389464,0.04049052,-0.8287244,-0.3213239,0.4582217,moving,-61.95303,-13.03864,-10.85649,14.11292,-60.520300705980354,-9.485161715199787,57.86245423765916,54.98512120998458,54.53775795516221
1649,1649,05/15/2023 13:23:51.203790,1878,True,True,True,True,Eyes,2.105938,0.09715021,-3.058488,-0.8806515,-0.1097641,0.4608739,0.0,0.0,0.0,0.0,0.0,0.0,0.0,1.601215,0.8024074,3.226774,2.256619,0.1005305,-2.918454,0.108783,-0.5120114,0.1383229,0.8407599,18.93933,298.5479,7.361727,0.546122,0.0259449,-0.8373033,0.0,0.0,0.0,1.146398,0.02215606,-2.567622,-0.1917216,0.2526971,0.9969229,0.4374222,0.1211964,0.8910518,-0.343989,0.938066,0.04127506,-0.830863,-0.3245667,0.4520212,moving,-62.37546,-13.39629,-10.88584,14.22359,-60.93916609675044,-9.843489302903556,58.429776133053934,55.53881309066559,54.96649232924177
1650,1650,05/15/2023 13:23:51.214605,1879,True,True,True,True,Eyes,2.112148,0.09728515,-3.051675,-0.8839312,-0.1111171,0.4542232,0.0,0.0,0.0,0.0,0.0,0.0,0.0,1.617064,0.7942765,3.216898,2.260226,0.1011145,-2.911246,0.1080461,-0.5151307,0.1384493,0.838927,18.90043,298.1217,7.34691,0.5482178,0.02596646,-0.8359321,0.0,0.0,0.0,1.148611,0.02033158,-2.567814,-0.1901947,0.2467657,0.9967936,0.4309443,0.1209819,0.8942317,-0.3436134,0.9383156,0.03864662,-0.8343962,-0.3239245,0.4459328,moving,-62.80286,-13.74636,-10.80256,13.90456,-61.362638102701446,-10.194659108760051,58.8948603609551,56.009765750298364,55.37074518025596
1651,1651,05/15/2023 13:23:51.233897,1880,True,True,True,True,Eyes,2.118237,0.09739235,-3.044831,-0.8871891,-0.1123525,0.4475181,0.0,0.0,0.0,0.0,0.0,0.0,0.0,1.635917,0.7734807,3.208225,2.263726,0.101117,-2.90388,0.1056691,-0.5189494,0.1373441,0.8370557,18.62974,297.6021,7.29078,0.5503028,0.02599095,-0.8345602,0.0,0.0,0.0,1.150692,0.0186164,-2.567994,-0.188464,0.2415727,0.9972632,0.4236563,0.1202555,0.8978052,-0.3396032,0.9399413,0.03435262,-0.839753,-0.3194512,0.4390512,moving,-63.2326,-14.09323,-10.70162,13.61679,-61.78828907637769,-10.542814743293944,59.39148986311759,56.51136397815501,55.80324425055463
1652,1652,05/15/2023 13:23:51.253736,1881,True,True,True,True,Eyes,2.12419,0.09745794,-3.037982,-0.8903736,-0.1136493,0.440816,0.0,0.0,0.0,0.0,0.0,0.0,0.0,1.654514,0.7648378,3.196204,2.267063,0.1005621,-2.896278,0.1048471,-0.5225465,0.1368528,0.8349991,18.54917,297.1017,7.20894,0.5523762,0.02601739,-0.8331884,0.0,0.0,0.0,1.152845,0.01684183,-2.568181,-0.1837059,0.2421236,0.9969858,0.4164329,0.1189691,0.9013491,-0.338119,0.9405568,0.03207051,-0.8439546,-0.3181184,0.4319044,moving,-63.6604,-14.45693,-10.44029,13.65034,-62.21252015246888,-10.90714810911427,60.18636668935084,57.301256855233966,56.48267166832224
1653,1653,05/15/2023 13:23:51.264291,1882,True,True,True,True,Eyes,2.130029,0.09748647,-3.031093,-0.89349,-0.1149853,0.4341129,0.0,0.0,0.0,0.0,0.0,0.0,0.0,1.672393,0.7608113,3.182918,2.27027,0.09973601,-2.88836,0.1045835,-0.5259783,0.1367868,0.8328856,18.54843,296.6215,7.140027,0.554437,0.02604452,-0.8318177,0.0,0.0,0.0,1.154939,0.01511505,-2.568362,-0.1797398,0.2343006,0.9979554,0.4092723,0.1178382,0.9047709,-0.3378729,0.9407033,0.03031843,-0.8475483,-0.3181061,0.4248181,moving,-64.08664,-14.8355,-10.20997,13.21264,-62.63564590332738,-11.285779999736246,60.740379713568636,57.86729712371399,56.99619770644777
1654,1654,05/15/2023 13:23:51.283582,1883,True,True,True,True,Eyes,2.135738,0.09750065,-3.024172,-0.8964799,-0.1165048,0.4274932,0.0,0.0,0.0,0.0,0.0,0.0,0.0,1.686529,0.7677554,3.168941,2.273515,0.09892292,-2.880514,0.105747,-0.528782,0.1370233,0.8309222,18.702,296.2148,7.026978,0.5564846,0.02607132,-0.8304484,0.0,0.0,0.0,1.157045,0.01337921,-2.568545,-0.1756139,0.2303355,0.9987011,0.4032284,0.1158772,0.907733,-0.3395457,0.9400843,0.03082414,-0.8497738,-0.320646,0.4184143,moving,-64.5055,-15.24461,-9.973067,12.98732,-63.05245711935477,-11.6936472465519,61.40706897763798,58.536926804095415,57.57683969116181
1655,1655,05/15/2023 13:23:51.303873,1884,True,True,True,True,Eyes,2.141304,0.09749459,-3.017208,-0.8994104,-0.1179012,0.420904,0.0,0.0,0.0,0.0,0.0,0.0,0.0,1.697542,0.7760618,3.155751,2.276272,0.09868796,-2.872548,0.107119,-0.5311329,0.1374894,0.8291683,18.88621,295.8704,6.933291,0.5585181,0.0260975,-0.8290814,0.0,0.0,0.0,1.159242,0.01156836,-2.568735,-0.1717014,0.2285518,0.9987678,0.3979888,0.1142148,0.9102526,-0.3417926,0.9392444,0.03158906,-0.8513417,-0.3236897,0.4128465,moving,-64.92146,-15.64831,-9.754553,12.88929,-63.4663122335153,-12.096203675794149,62.11104766228508,59.23873710826612,58.172130297814284
1656,1656,05/15/2023 13:23:51.314946,1885,True,True,True,True,Eyes,2.146729,0.09744212,-3.010221,-0.9022754,-0.1193548,0.4143108,0.0,0.0,0.0,0.0,0.0,0.0,0.0,1.7078,0.7696997,3.14608,2.278522,0.09812893,-2.864532,0.1065142,-0.5336666,0.1368551,0.8277231,18.80804,295.5125,6.848057,0.560537,0.02612264,-0.827717,0.0,0.0,0.0,1.161435,0.009760429,-2.568925,-0.1703478,0.2243411,0.9998719,0.3929413,0.11287,0.9126102,-0.3402423,0.9398509,0.03025854,-0.8543022,-0.3223984,0.4077094,moving,-65.33616,-16.07065,-9.668628,12.64601,-63.87945536992392,-12.516705552285927,62.63801306336772,59.76601089329072,58.60252137411491
1657,1657,05/15/2023 13:23:51.333884,1886,True,True,True,True,Eyes,2.152016,0.09734032,-3.003193,-0.9050947,-0.1208076,0.4076874,0.0,0.0,0.0,0.0,0.0,0.0,0.0,1.721026,0.7657532,3.134241,2.280829,0.09703341,-2.856602,0.1062074,-0.5365238,0.1364325,0.8259832,18.77482,295.1064,6.758099,0.5625402,0.02614566,-0.8263561,0.0,0.0,0.0,1.163538,0.008027302,-2.569107,-0.1697073,0.2217169,1.000534,0.3870568,0.1114162,0.9152997,-0.3393475,0.9402123,0.02905256,-0.8573391,-0.3218496,0.4017243,moving,-65.75148,-16.50583,-9.6267,12.49475,-64.29354909803885,-12.949615649260837,63.17455635289258,60.29825978916005,59.01807673757654
1658,1658,05/15/2023 13:23:51.353409,1887,True,True,True,True,Eyes,2.157163,0.09719425,-2.996103,-0.9078817,-0.122383,0.4009652,0.0,0.0,0.0,0.0,0.0,0.0,0.0,1.73711,0.7688388,3.118736,2.2829,0.09585294,-2.848571,0.1068869,-0.5396045,0.1366021,0.8238581,18.87724,294.6609,6.659311,0.5645278,0.0261655,-0.8249989,0.0,0.0,0.0,1.165656,0.006280918,-2.569291,-0.1679069,0.2179771,1.000972,0.3803337,0.1097281,0.918317,-0.3404348,0.9398301,0.02869712,-0.8599131,-0.3235415,0.3948043,moving,-66.17139,-16.97329,-9.522368,12.28525,-64.71296837525337,-13.413815296591505,63.75871592565274,60.88057429837034,59.48447859643372
1659,1659,05/15/2023 13:23:51.373451,1888,True,True,True,True,Eyes,2.162157,0.09699561,-2.988971,-0.9106334,-0.1238956,0.3942037,0.0,0.0,0.0,0.0,0.0,0.0,0.0,1.753972,0.7685297,3.103069,2.28462,0.09468025,-2.840359,0.1071395,-0.542847,0.136646,0.821685,18.93078,294.1951,6.570665,0.5664992,0.02618136,-0.8236459,0.0,0.0,0.0,1.167795,0.004517587,-2.569476,-0.1658646,0.2144842,1.001502,0.3732899,0.1082392,0.9213788,-0.3408806,0.939698,0.027714,-0.8628181,-0.3244255,0.3876765,moving,-66.59272,-17.44758,-9.403735,12.08801,-65.13394913501823,-13.884649452073155,64.36560480550405,61.48524869062783,59.96897839716385
1660,1660,05/15/2023 13:23:51.383929,1889,True,True,True,True,Eyes,2.167002,0.09673491,-2.981791,-0.9133142,-0.1254333,0.3874579,0.0,0.0,0.0,0.0,0.0,0.0,0.0,1.770626,0.768558,3.087075,2.286027,0.09325248,-2.832175,0.1074688,-0.5461326,0.1361272,0.8195481,18.95581,293.7152,6.419342,0.5684543,0.02619229,-0.8222976,0.0,0.0,0.0,1.169931,0.00275689,-2.569661,-0.1637866,0.2135516,1.001732,0.3664173,0.1057412,0.9244226,-0.3405101,0.9398396,0.02746477,-0.8659049,-0.3248388,0.3803795,moving,-67.01175,-17.93853,-9.285892,12.0343,-65.55315671073046,-14.37148602449949,65.0434102737938,62.15521388909434,60.48968791453066
1661,1661,05/15/2023 13:23:51.403567,1890,True,True,True,True,Eyes,2.171692,0.09640378,-2.974571,-0.9159486,-0.1269542,0.3806848,0.0,0.0,0.0,0.0,0.0,0.0,0.0,1.786961,0.7690044,3.07096,2.287323,0.09155416,-2.824034,0.1078038,-0.5493479,0.1357601,0.8174133,18.98978,293.2454,6.284051,0.570392,0.02619716,-0.8209544,0.0,0.0,0.0,1.172103,0.0009664924,-2.569849,-0.1613361,0.2104177,1.002335,0.3595722,0.1035006,0.9273593,-0.3403878,0.939895,0.02708153,-0.8688175,-0.3253996,0.3731906,moving,-67.43135,-18.44297,-9.143915,11.85581,-65.97328417948398,-14.871356407397885,65.69201738695216,62.800625996138145,61.00132039159301
1662,1662,05/15/2023 13:23:51.423535,1891,True,True,True,True,Eyes,2.176234,0.09600036,-2.967302,-0.918544,-0.1285482,0.3738344,0.0,0.0,0.0,0.0,0.0,0.0,0.0,1.803101,0.7680225,3.05495,2.288384,0.08954549,-2.815853,0.1078102,-0.5523977,0.136408,0.8152463,19.05567,292.8123,6.27456,0.5723124,0.02619474,-0.8196169,0.0,0.0,0.0,1.174354,-0.0008890418,-2.570044,-0.158894,0.2083787,1.002732,0.3524992,0.1033039,0.9300929,-0.3415204,0.9395397,0.0250809,-0.8712683,-0.3264866,0.3664674,moving,-67.85437,-18.97626,-9.004288,11.73961,-66.39751054892191,-15.399170189575544,66.38370900502339,63.48618262841275,61.532123562550645
1663,1663,05/15/2023 13:23:51.433454,1892,True,True,True,True,Eyes,2.180633,0.09552198,-2.96,-0.9210776,-0.130226,0.3669567,0.0,0.0,0.0,0.0,0.0,0.0,0.0,1.82078,0.7669781,3.037839,2.289414,0.08742723,-2.80765,0.1077961,-0.5555972,0.1374622,0.8128935,19.14748,292.3603,6.302335,0.5742153,0.02618387,-0.8182852,0.0,0.0,0.0,1.176375,-0.002554604,-2.570219,-0.1560903,0.2077269,1.003356,0.3448317,0.1037018,0.9329186,-0.3432668,0.9389682,0.0225063,-0.873647,-0.3280008,0.3593834,moving,-68.2777,-19.53882,-8.842521,11.69682,-66.82283531759806,-15.955235091827536,67.14317321196282,64.23669511399953,62.10499827013437
1664,1664,05/15/2023 13:23:51.453739,1893,True,True,True,True,Eyes,2.184897,0.09496844,-2.952654,-0.9235457,-0.1321041,0.3600165,0.0,0.0,0.0,0.0,0.0,0.0,0.0,1.837393,0.7744663,3.019089,2.29045,0.08518986,-2.799517,0.1089399,-0.5585446,0.1387674,0.8104959,19.3663,291.9286,6.282888,0.5761002,0.02616339,-0.8169599,0.0,0.0,0.0,1.178579,-0.004371942,-2.57041,-0.1541455,0.2064715,1.003743,0.3375432,0.1032452,0.9356307,-0.3466364,0.9377514,0.02157514,-0.8751615,-0.3316062,0.3523202,moving,-68.70317,-20.15005,-8.730747,11.6237,-67.25155981749182,-16.558326746146403,67.86945343491008,64.95315361351153,62.62804967718648
1665,1665,05/15/2023 13:23:51.464379,1894,True,True,True,True,Eyes,2.189016,0.09436607,-2.945279,-0.9259222,-0.1341024,0.353107,0.0,0.0,0.0,0.0,0.0,0.0,0.0,1.852089,0.7850777,3.000506,2.291473,0.08288817,-2.791397,0.1104646,-0.5611672,0.1403908,0.8081952,19.64062,291.5392,6.275412,0.577967,0.02613229,-0.8156412,0.0,0.0,0.0,1.180731,-0.006145739,-2.570596,-0.1531935,0.2084613,1.003983,0.3307637,0.1029482,0.9380816,-0.3509046,0.9361759,0.02098846,-0.8760487,-0.3361194,0.345778,moving,-69.1253,-20.79569,-8.675609,11.7299,-67.67798795021768,-17.19451443935895,68.64458570669343,65.71074853054778,63.141529022383
1666,1666,05/15/2023 13:23:51.483957,1895,True,True,True,True,Eyes,2.192981,0.09373341,-2.937863,-0.9282279,-0.1360905,0.3462258,0.0,0.0,0.0,0.0,0.0,0.0,0.0,1.864373,0.7933113,2.983642,2.292195,0.08114395,-2.783273,0.111656,-0.5634001,0.142549,0.8060975,19.91559,291.215,6.350957,0.5798156,0.02609033,-0.8143295,0.0,0.0,0.0,1.182877,-0.007914445,-2.570782,-0.1520657,0.2076236,1.004125,0.3245202,0.1040028,0.9401437,-0.3556307,0.9344254,0.01938694,-0.8764779,-0.3406354,0.3402265,moving,-69.54466,-21.45823,-8.611498,11.68246,-68.10219426067974,-17.846921377787748,69.36249393580326,66.41631807120365,63.62159726303773
1667,1667,05/15/2023 13:23:51.503894,1896,True,True,True,True,Eyes,2.196799,0.09306205,-2.930417,-0.9304789,-0.1379804,0.3393678,0.0,0.0,0.0,0.0,0.0,0.0,0.0,1.877028,0.7845763,2.970491,2.292497,0.07976007,-2.775015,0.1105618,-0.5659326,0.1440891,0.8041984,19.93272,290.8756,6.511642,0.5816457,0.02603782,-0.8130251,0.0,0.0,0.0,1.184953,-0.009626243,-2.570962,-0.1528748,0.2073572,1.004786,0.3179175,0.1066114,0.9421054,-0.3568934,0.9340289,0.01473776,-0.8783824,-0.3409165,0.334993,moving,-69.96188,-22.12571,-8.651011,11.6604,-68.52446274681576,-18.50402761216434,70.00374194617929,67.04269473438383,64.00545649751729
1668,1668,05/15/2023 13:23:51.513480,1897,True,True,True,True,Eyes,2.200456,0.09236474,-2.922948,-0.932689,-0.1397313,0.3325152,0.0,0.0,0.0,0.0,0.0,0.0,0.0,1.88912,0.770764,2.959011,2.292879,0.07810922,-2.766804,0.1086992,-0.5684589,0.1455167,0.8024114,19.86977,290.5468,6.713579,0.5834572,0.0259748,-0.8117281,0.0,0.0,0.0,1.18713,-0.01142024,-2.571151,-0.1536027,0.2075013,1.00552,0.3113587,0.1099464,0.9439109,-0.3571106,0.9340187,0.009002466,-0.8806407,-0.3398835,0.3300779,moving,-70.37822,-22.79338,-8.685329,11.66001,-68.94588415688179,-19.161289575614543,70.6615092000587,67.68520529144733,64.39650260974072
1669,1669,05/15/2023 13:23:51.533683,1898,True,True,True,True,Eyes,2.203956,0.09163472,-2.915439,-0.934872,-0.1413583,0.3256255,0.0,0.0,0.0,0.0,0.0,0.0,0.0,1.903758,0.7535966,2.94623,2.292935,0.07675065,-2.758447,0.1064312,-0.5712787,0.1475137,0.8003455,19.81025,290.1846,6.991588,0.5852494,0.02590165,-0.8104393,0.0,0.0,0.0,1.189231,-0.01315265,-2.571333,-0.155102,0.2073634,1.006429,0.3037609,0.1145201,0.9458408,-0.3577275,0.9338242,0.001820662,-0.8830405,-0.3389063,0.3246262,moving,-70.79625,-23.4663,-8.760997,11.64223,-69.36908545202805,-19.823670037598333,71.28100373546172,68.28940804389057,64.74312018609135
1670,1670,05/15/2023 13:23:51.553519,1899,True,True,True,True,Eyes,2.207302,0.09086932,-2.907901,-0.9370366,-0.1428643,0.3186725,0.0,0.0,0.0,0.0,0.0,0.0,0.0,1.920294,0.7310523,2.933047,2.292808,0.07515253,-2.74993,0.1034348,-0.5744553,0.149343,0.7981224,19.67527,289.777,7.294148,0.5870221,0.02581853,-0.8091589,0.0,0.0,0.0,1.191375,-0.01492014,-2.571519,-0.1566157,0.2076543,1.007313,0.2953957,0.1195507,0.9478655,-0.3572253,0.9339958,-0.006474555,-0.8860765,-0.336689,0.3186049,moving,-71.21758,-24.1472,-8.837515,11.64817,-69.79570032078138,-20.49385354544537,71.92065783098154,68.91306142668958,65.09595734801697
1671,1671,05/15/2023 13:23:51.564303,1900,True,True,True,True,Eyes,2.210491,0.09008555,-2.900316,-0.9391478,-0.1444146,0.311682,0.0,0.0,0.0,0.0,0.0,0.0,0.0,1.936516,0.7140418,2.918372,2.292616,0.07349758,-2.741414,0.1012456,-0.5775974,0.1508812,0.7958426,19.59981,289.3578,7.514337,0.5887747,0.02572551,-0.8078874,0.0,0.0,0.0,1.193532,-0.01669803,-2.571706,-0.1589417,0.2062968,1.008508,0.2872323,0.123197,0.9499053,-0.3571138,0.9339684,-0.01314604,-0.8888011,-0.3354484,0.3122612,moving,-71.64016,-24.86016,-8.956193,11.56073,-70.2244000357892,-21.195009603132277,72.49662714395194,69.47468366483245,65.38684103274288
1672,1672,05/15/2023 13:23:51.583945,1901,True,True,True,True,Eyes,2.213512,0.08931004,-2.892709,-0.9411446,-0.1460629,0.3048157,0.0,0.0,0.0,0.0,0.0,0.0,0.0,1.953675,0.7013151,2.901404,2.292186,0.07222179,-2.732674,0.09965652,-0.5806002,0.1540204,0.7932526,19.69141,288.9623,7.852449,0.5905081,0.02562308,-0.8066245,0.0,0.0,0.0,1.195641,-0.01843637,-2.571888,-0.1610122,0.206494,1.009741,0.2783622,0.1286329,0.9518236,-0.3600753,0.9326926,-0.02074292,-0.8904271,-0.3369541,0.3059438,moving,-72.05402,-25.603,-9.060048,11.55774,-70.64546946289475,-21.924722192489824,73.13795940333844,70.098783236472,65.7064881696509
1673,1673,05/15/2023 13:23:51.603553,1902,True,True,True,True,Eyes,2.216396,0.08854117,-2.885049,-0.9430956,-0.1478466,0.2978459,0.0,0.0,0.0,0.0,0.0,0.0,0.0,1.973888,0.6814309,2.883489,2.291478,0.07158224,-2.723802,0.09720419,-0.5840347,0.1576483,0.7903176,19.74219,288.5164,8.285968,0.5922209,0.0255125,-0.8053715,0.0,0.0,0.0,1.197825,-0.020237,-2.572078,-0.1622852,0.2076225,1.01096,0.2681012,0.1356431,0.9537938,-0.3627256,0.9313967,-0.0304997,-0.8924975,-0.3377884,0.2989098,moving,-72.47298,-26.39917,-9.119654,11.60556,-71.07293237956165,-22.70605058924688,73.87830139922802,70.82016184112813,66.08821660049715
1674,1674,05/15/2023 13:23:51.613907,1903,True,True,True,True,Eyes,2.216396,0.08854117,-2.885049,-0.9430956,-0.1478466,0.2978459,0.0,0.0,0.0,0.0,0.0,0.0,0.0,1.996032,0.6707848,2.861898,2.291114,0.07139097,-2.714822,0.09617154,-0.587593,0.1617928,0.7869616,19.96849,288.0341,8.666879,0.5939139,0.02539475,-0.8041275,0.0,0.0,0.0,1.199978,-0.02201121,-2.572264,-0.1633481,0.2080586,1.012434,0.2571153,0.14163,0.9559459,-0.3676688,0.9291483,-0.03876998,-0.8937065,-0.3415032,0.2909711,moving,-72.47298,-26.39917,-9.165235,11.6128,-71.07293237956165,-22.70605058924688,73.84294441763497,70.78380111725023,66.0464843537396
1675,1675,05/15/2023 13:23:51.633705,1904,True,True,True,True,Eyes,2.216396,0.08854117,-2.885049,-0.9430956,-0.1478466,0.2978459,0.0,0.0,0.0,0.0,0.0,0.0,0.0,2.013471,0.6651684,2.842011,2.290833,0.07087298,-2.705661,0.09579388,-0.590702,0.1646878,0.7840744,20.16849,287.5974,8.891336,0.5954353,0.02528869,-0.8030049,0.0,0.0,0.0,1.202433,-0.0240348,-2.572477,-0.1646349,0.210804,1.013338,0.2478981,0.1450837,0.9578607,-0.3714263,0.9274029,-0.04434383,-0.8947563,-0.3447819,0.2837893,moving,-72.47298,-26.39917,-9.228093,11.75159,-71.07293237956165,-22.70605058924688,73.86065407387326,70.79627923034863,66.02152276372635
1676,1676,05/15/2023 13:23:51.653562,1905,True,True,True,True,Eyes,2.21904,0.08789522,-2.876584,-0.9451997,-0.1498792,0.2900583,0.0,0.0,0.0,0.0,0.0,0.0,0.0,2.026879,0.6588207,2.824537,2.290076,0.07187797,-2.696419,0.0954007,-0.5931526,0.1684011,0.7814794,20.41897,287.2646,9.212037,0.5968028,0.02519314,-0.8019921,0.0,0.0,0.0,1.204218,-0.02550691,-2.572631,-0.1641531,0.2144587,1.014677,0.2396222,0.1500297,0.9592041,-0.3763783,0.9250795,-0.05066777,-0.8949417,-0.3488824,0.2781375,moving,-72.94005,-27.32634,-9.18961,11.9342,-71.55056086432249,-23.615283985642208,74.86994457915138,71.78198941480987,66.58078195719449
1677,1677,05/15/2023 13:23:51.663606,1906,True,True,True,True,Eyes,2.221536,0.08729662,-2.868103,-0.9472702,-0.1517271,0.2822375,0.0,0.0,0.0,0.0,0.0,0.0,0.0,2.039883,0.6275889,2.812118,2.288188,0.07346134,-2.68734,0.0916995,-0.5962712,0.1693726,0.7793363,20.17651,286.8516,9.482765,0.5981922,0.02509282,-0.8009595,0.0,0.0,0.0,1.206299,-0.02722187,-2.572812,-0.1611028,0.2120483,1.017221,0.2315473,0.1546409,0.9604542,-0.3733519,0.9258083,-0.05905453,-0.8983286,-0.3449135,0.2721039,moving,-73.40867,-28.26188,-8.999499,11.77516,-72.02991872798474,-24.53264184819802,75.83868327488842,72.73988098790056,67.19652519764065
1678,1678,05/15/2023 13:23:51.684706,1907,True,True,True,True,Eyes,2.223895,0.08675413,-2.859608,-0.9493307,-0.1535534,0.2742125,0.0,0.0,0.0,0.0,0.0,0.0,0.0,2.055041,0.6059426,2.796566,2.287269,0.07395266,-2.678445,0.08928957,-0.5997218,0.1695301,0.7769303,20.00398,286.3628,9.576563,0.599599,0.02498951,-0.7999101,0.0,0.0,0.0,1.208392,-0.02894737,-2.572993,-0.1569865,0.2171694,1.019473,0.2231864,0.1563284,0.9621587,-0.370524,0.9265738,-0.06459828,-0.9016097,-0.3420854,0.2647221,moving,-73.88873,-29.24794,-8.754098,12.02548,-72.52173358048574,-25.499103068728395,77.11041099794387,73.9892267969299,67.97869231147172
1679,1679,05/15/2023 13:23:51.703721,1908,True,True,True,True,Eyes,2.226109,0.08628183,-2.851091,-0.9513442,-0.1553281,0.2661155,0.0,0.0,0.0,0.0,0.0,0.0,0.0,2.073961,0.5979096,2.775147,2.286404,0.07468145,-2.66965,0.08889033,-0.6031963,0.1716645,0.7738115,20.16125,285.8577,9.71671,0.6010196,0.02488506,-0.7988464,0.0,0.0,0.0,1.210617,-0.03078123,-2.573186,-0.1547212,0.2267486,1.019875,0.2133711,0.1584352,0.9640389,-0.3729085,0.9252596,-0.06952603,-0.9030017,-0.3446634,0.2565055,moving,-74.37232,-30.27155,-8.626338,12.53468,-73.01799110868996,-26.501905404111877,78.45321839132684,75.30033193872642,68.71621140302169
1680,1680,05/15/2023 13:23:51.724074,1909,True,True,True,True,Eyes,2.228187,0.08586014,-2.842577,-0.9533557,-0.1569008,0.2578662,0.0,0.0,0.0,0.0,0.0,0.0,0.0,2.092652,0.5813877,2.754968,2.285277,0.07588664,-2.660603,0.08737855,-0.6068838,0.1732833,0.7707333,20.18282,285.3281,9.88024,0.602451,0.02478154,-0.7977708,0.0,0.0,0.0,1.212808,-0.03258752,-2.573375,-0.1555667,0.2176208,1.022747,0.2033301,0.1610532,0.9657735,-0.3731676,0.9246758,-0.07563448,-0.9052086,-0.3450167,0.2481142,moving,-74.86465,-31.31877,-8.648784,12.01229,-73.52335692885529,-27.52776209999155,79.13356854618371,75.97450844047238,69.05526466037875
1681,1681,05/15/2023 13:23:51.733457,1910,True,True,True,True,Eyes,2.230138,0.08547205,-2.834049,-0.9553086,-0.1583736,0.249606,0.0,0.0,0.0,0.0,0.0,0.0,0.0,2.10747,0.5617769,2.738176,2.284075,0.07678266,-2.651742,0.08534169,-0.6103574,0.1731687,0.7682405,20.0302,284.8232,9.922474,0.6038889,0.02468031,-0.7966861,0.0,0.0,0.0,1.214896,-0.03430871,-2.573556,-0.1598819,0.2162256,1.024891,0.1949529,0.1618925,0.9673594,-0.3702482,0.9254588,-0.0802637,-0.9082454,-0.3425154,0.2403613,moving,-75.35695,-32.3949,-8.866618,11.91324,-74.02948205010793,-28.581511905682127,79.90103578633898,76.72042611401213,69.31300771218471
1682,1682,05/15/2023 13:23:51.754237,1911,True,True,True,True,Eyes,2.231969,0.08511392,-2.82554,-0.9571906,-0.1598341,0.241328,0.0,0.0,0.0,0.0,0.0,0.0,0.0,2.121207,0.5454109,2.721576,2.283275,0.0769911,-2.642857,0.08360863,-0.6136008,0.1734474,0.7657804,19.93212,284.3506,9.987281,0.6053316,0.02458206,-0.7955933,0.0,0.0,0.0,1.216993,-0.03603718,-2.573738,-0.1634738,0.2256931,1.024722,0.1868201,0.1630407,0.9687704,-0.3682499,0.9258512,-0.08480325,-0.9107635,-0.3409066,0.2330074,moving,-75.84943,-33.51694,-9.064009,12.42097,-74.5370334300263,-29.67956399548392,81.05913911037632,77.84068274828863,69.74190547888954
1683,1683,05/15/2023 13:23:51.763638,1912,True,True,True,True,Eyes,2.233685,0.08479173,-2.817012,-0.9590038,-0.1612401,0.2330519,0.0,0.0,0.0,0.0,0.0,0.0,0.0,2.135668,0.5336667,2.703515,2.282392,0.07735132,-2.634307,0.08257891,-0.6168075,0.1739966,0.7631871,19.91898,283.875,10.02806,0.6067765,0.02448734,-0.7944947,0.0,0.0,0.0,1.219089,-0.03776481,-2.57392,-0.1675054,0.2253056,1.025929,0.1785474,0.1637133,0.9702159,-0.3674544,0.9258118,-0.08859842,-0.9127422,-0.3406911,0.2254585,moving,-76.34106,-34.67795,-9.272966,12.38617,-75.04482429134909,-30.81518995599616,81.93387958694032,78.69113574694964,70.02206386309778
1684,1684,05/15/2023 13:23:51.784292,1913,True,True,True,True,Eyes,2.235282,0.08450457,-2.808506,-0.9607159,-0.1626699,0.2248633,0.0,0.0,0.0,0.0,0.0,0.0,0.0,2.148831,0.5239751,2.685358,2.281484,0.07789056,-2.62525,0.08185021,-0.6199148,0.1744037,0.7606509,19.92255,283.4084,10.03616,0.6082213,0.02439685,-0.793392,0.0,0.0,0.0,1.221266,-0.03955935,-2.574108,-0.167822,0.2258759,1.028016,0.1705782,0.1638403,0.9716273,-0.3668009,0.9257678,-0.09171197,-0.9145274,-0.3407497,0.2180126,moving,-76.82661,-35.88262,-9.271658,12.39212,-75.54791740735926,-31.992750976104794,83.03085006062449,79.76565258679356,70.50760819879143
1685,1685,05/15/2023 13:23:51.804340,1914,True,True,True,True,Eyes,2.236782,0.08424849,-2.799989,-0.9623276,-0.1640992,0.2167881,0.0,0.0,0.0,0.0,0.0,0.0,0.0,2.157147,0.5196658,2.669943,2.280416,0.07852007,-2.616385,0.08177575,-0.6222804,0.1746583,0.7586661,19.96548,283.0456,10.00175,0.6096645,0.02431113,-0.7922862,0.0,0.0,0.0,1.22342,-0.04133563,-2.574295,-0.1654653,0.2281291,1.029685,0.1645233,0.1632399,0.9727717,-0.3667896,0.9256144,-0.09329193,-0.9156404,-0.3414539,0.2121598,moving,-77.30463,-37.12414,-9.129101,12.49222,-76.04472278666846,-33.20563090411881,84.31895358743158,81.03082139748757,71.14424607464304
1686,1686,05/15/2023 13:23:51.813893,1915,True,True,True,True,Eyes,2.238175,0.0840218,-2.791519,-0.9638383,-0.165683,0.2087222,0.0,0.0,0.0,0.0,0.0,0.0,0.0,2.162637,0.5226803,2.655592,2.279635,0.07904615,-2.607561,0.08266047,-0.6241911,0.1747238,0.7569838,20.07606,282.7386,9.890829,0.6111047,0.02423058,-0.7911783,0.0,0.0,0.0,1.225511,-0.04305902,-2.574476,-0.160508,0.2246893,1.032824,0.1597141,0.1613342,0.9738906,-0.3677179,0.9252777,-0.09297674,-0.9161196,-0.3432673,0.2071054,moving,-77.78109,-38.44243,-8.833496,12.27337,-76.54211081009004,-34.492534079413645,85.59125590870154,82.28916273645068,71.84891769375498
1687,1687,05/15/2023 13:23:51.833733,1916,True,True,True,True,Eyes,2.239483,0.08382879,-2.783054,-0.9652553,-0.1673235,0.2007114,0.0,0.0,0.0,0.0,0.0,0.0,0.0,2.168515,0.528007,2.640838,2.278665,0.07963648,-2.59935,0.08391784,-0.626088,0.1745165,0.7553249,20.19985,282.426,9.726455,0.6125399,0.02415554,-0.79007,0.0,0.0,0.0,1.227639,-0.04481307,-2.57466,-0.1553394,0.2215374,1.0358,0.1551158,0.1585534,0.9750897,-0.3687132,0.9250036,-0.09175487,-0.9165096,-0.3452958,0.2019434,moving,-78.25352,-39.81634,-8.529112,12.07256,-77.03711260093445,-35.832976299797544,86.91346854291608,83.5959721189296,72.56462709299642
1688,1688,05/15/2023 13:23:51.853588,1917,True,True,True,True,Eyes,2.240702,0.08366444,-2.774601,-0.9665995,-0.1691027,0.1925868,0.0,0.0,0.0,0.0,0.0,0.0,0.0,2.178482,0.5353516,2.622313,2.278,0.08030999,-2.590981,0.08559418,-0.6284761,0.1748912,0.7530634,20.41061,282.0328,9.57036,0.6139696,0.02408638,-0.7889616,0.0,0.0,0.0,1.229871,-0.04665289,-2.574854,-0.149797,0.2176203,1.038271,0.1488618,0.1558205,0.976504,-0.370996,0.9241734,-0.09091415,-0.9166253,-0.3487455,0.1953829,moving,-78.73186,-41.28506,-8.209723,11.83776,-77.54042347573322,-37.26508204465744,88.291595363314,84.95784322426277,73.29523718780747
1689,1689,05/15/2023 13:23:51.864055,1918,True,True,True,True,Eyes,2.241832,0.08357052,-2.766155,-0.9678333,-0.1710044,0.1845432,0.0,0.0,0.0,0.0,0.0,0.0,0.0,2.189864,0.5380948,2.603328,2.277122,0.08085927,-2.58274,0.0866579,-0.631218,0.174633,0.7507049,20.5223,281.587,9.389767,0.6153923,0.02402337,-0.7878543,0.0,0.0,0.0,1.232003,-0.04841075,-2.575038,-0.1467709,0.212363,1.040471,0.1421345,0.1527956,0.9779834,-0.3715957,0.9239875,-0.09035394,-0.91745,-0.3505719,0.1881086,moving,-79.20462,-42.8193,-8.029277,11.53578,-78.04011694906856,-38.76023032773015,89.5567092571743,86.20444515952313,73.87437098819868
1690,1690,05/15/2023 13:23:51.883958,1919,True,True,True,True,Eyes,2.242865,0.08352901,-2.757721,-0.9690465,-0.1728445,0.1762774,0.0,0.0,0.0,0.0,0.0,0.0,0.0,2.198499,0.5492423,2.584639,2.276174,0.08252767,-2.574422,0.08900867,-0.6332682,0.1757003,0.7484506,20.84052,281.2357,9.252943,0.6168077,0.02396788,-0.7867484,0.0,0.0,0.0,1.234126,-0.050161,-2.575222,-0.1454087,0.2131787,1.041674,0.1362015,0.1502732,0.9792176,-0.3757387,0.9224137,-0.08929363,-0.9166622,-0.355768,0.1820976,moving,-79.69017,-44.43663,-7.946649,11.56589,-78.55446301225065,-40.33594973197848,91.01326854820589,87.63141198881004,74.45041127426012
1691,1691,05/15/2023 13:23:51.903922,1920,True,True,True,True,Eyes,2.243828,0.08350561,-2.749309,-0.9701982,-0.1745592,0.1680617,0.0,0.0,0.0,0.0,0.0,0.0,0.0,2.211875,0.5351856,2.567189,2.274891,0.08369076,-2.566543,0.08779941,-0.6367152,0.1740815,0.7460433,20.65163,280.7021,9.096473,0.6182151,0.02392065,-0.7856444,0.0,0.0,0.0,1.236281,-0.05193722,-2.575409,-0.1455019,0.21386,1.042318,0.1285788,0.1479383,0.9806027,-0.3715512,0.9239738,-0.09067636,-0.9194657,-0.3526851,0.1737701,moving,-80.17251,-46.08642,-7.946826,11.59488,-79.06658543477727,-41.94288777801766,92.43203881207995,89.01860906975314,74.94179551185712
1692,1692,05/15/2023 13:23:51.913797,1921,True,True,True,True,Eyes,2.244702,0.0835161,-2.740912,-0.9712955,-0.176378,0.1596119,0.0,0.0,0.0,0.0,0.0,0.0,0.0,2.220998,0.535829,2.550646,2.274223,0.08414069,-2.558625,0.08848619,-0.6393669,0.1725635,0.7440445,20.63039,280.2642,8.82876,0.619614,0.02388139,-0.7845427,0.0,0.0,0.0,1.238505,-0.05376993,-2.575602,-0.1464738,0.2119135,1.043208,0.1228636,0.1436395,0.9819738,-0.3699401,0.9247841,-0.08898742,-0.9208958,-0.3523381,0.1667603,moving,-80.66805,-47.85672,-7.992489,11.48262,-79.59477793855423,-43.66651479530355,93.82374133608359,90.3787300746739,75.3701755040099
1693,1693,05/15/2023 13:23:51.933726,1922,True,True,True,True,Eyes,2.245475,0.08354012,-2.732532,-0.9723771,-0.1778735,0.1511414,0.0,0.0,0.0,0.0,0.0,0.0,0.0,2.236907,0.5253699,2.529951,2.27304,0.08493729,-2.550783,0.0877867,-0.6428067,0.1729998,0.7410561,20.64157,279.7319,8.823581,0.6210036,0.02385029,-0.7834442,0.0,0.0,0.0,1.24055,-0.05545613,-2.575779,-0.1485357,0.2114429,1.043826,0.1137414,0.1435454,0.9830858,-0.3692649,0.9247291,-0.0923011,-0.9223374,-0.3525206,0.1581863,moving,-81.16493,-49.64502,-8.098778,11.45119,-80.12475904497337,-45.407551278272194,95.2439470226387,91.7641455321214,75.75599756798385
1694,1694,05/15/2023 13:23:51.953877,1923,True,True,True,True,Eyes,2.246178,0.08356109,-2.724139,-0.9733566,-0.179587,0.1425675,0.0,0.0,0.0,0.0,0.0,0.0,0.0,2.249606,0.501195,2.514033,2.271469,0.08523826,-2.542725,0.08493011,-0.6463963,0.1710292,0.7387203,20.27855,279.1967,8.761985,0.6223828,0.02382697,-0.7823496,0.0,0.0,0.0,1.242698,-0.05722638,-2.575965,-0.1512203,0.2093823,1.044209,0.1058417,0.1428885,0.9840633,-0.3624825,0.9270718,-0.09562612,-0.9259611,-0.3465845,0.1499174,moving,-81.66714,-51.55522,-8.240173,11.33845,-80.66322624554522,-47.266371107366645,96.68057306867802,93.16449805818483,76.09717832995284
1695,1695,05/15/2023 13:23:51.971400,1924,True,True,True,True,Eyes,2.246786,0.08359485,-2.71576,-0.9742576,-0.1812949,0.1339931,0.0,0.0,0.0,0.0,0.0,0.0,0.0,2.264452,0.4946956,2.493032,2.27051,0.08516578,-2.534799,0.08464992,-0.6496773,0.1714577,0.735769,20.32531,278.6793,8.729274,0.6237526,0.0238106,-0.7812585,0.0,0.0,0.0,1.244961,-0.05909219,-2.576161,-0.1537733,0.2079759,1.044322,0.09704334,0.1423163,0.9850526,-0.3622968,0.9268733,-0.09821873,-0.9269971,-0.3473499,0.1415076,moving,-82.16904,-53.53228,-8.376441,11.26305,-81.20321644418323,-49.18969163499616,98.20276196209403,94.64815472467008,76.45160248483464
1696,1696,05/15/2023 13:23:51.984009,1925,True,True,True,True,Eyes,2.247301,0.08363301,-2.707433,-0.9750551,-0.1832002,0.1253201,0.0,0.0,0.0,0.0,0.0,0.0,0.0,2.278248,0.4900325,2.471624,2.268939,0.0855267,-2.526672,0.0847088,-0.6527704,0.1721928,0.7328472,20.42383,278.1857,8.70242,0.6251121,0.0238009,-0.7801713,0.0,0.0,0.0,1.247109,-0.0608631,-2.576347,-0.1554194,0.206258,1.044579,0.08848104,0.1417912,0.9859343,-0.3629728,0.9263481,-0.1006475,-0.9275894,-0.3489619,0.1334306,moving,-82.67615,-55.6255,-8.462765,11.16969,-81.75141999432628,-51.22525345987681,99.84600102304711,96.25152424891051,76.85741468805709
1697,1697,05/15/2023 13:23:52.003957,1926,True,True,True,True,Eyes,2.247737,0.08366973,-2.699111,-0.9757837,-0.1850763,0.1165884,0.0,0.0,0.0,0.0,0.0,0.0,0.0,2.294005,0.4776943,2.449863,2.26746,0.08582443,-2.518677,0.08368748,-0.6564466,0.1717315,0.7297826,20.34135,277.6086,8.63526,0.6264604,0.02379734,-0.7790893,0.0,0.0,0.0,1.249098,-0.06250258,-2.576519,-0.1557896,0.2077539,1.044589,0.07917244,0.1407806,0.9868702,-0.360526,0.9270094,-0.1033177,-0.929383,-0.3476124,0.1241487,moving,-83.1865,-57.79123,-8.482549,11.24853,-82.3047386972188,-53.33087874875358,101.72103398937703,98.08269840308608,77.37010102616281
1698,1698,05/15/2023 13:23:52.014098,1927,True,True,True,True,Eyes,2.248082,0.08368865,-2.690818,-0.9763932,-0.1871481,0.1078513,0.0,0.0,0.0,0.0,0.0,0.0,0.0,2.310951,0.4746434,2.424631,2.26609,0.08586076,-2.510394,0.08406091,-0.6601307,0.1719183,0.7263645,20.43196,277.0074,8.515951,0.6277969,0.02379932,-0.7780126,0.0,0.0,0.0,1.251358,-0.06436498,-2.576715,-0.1556384,0.2043172,1.044577,0.0693431,0.1387683,0.9878942,-0.3607331,0.9267557,-0.1048594,-0.9300878,-0.3490948,0.1143224,moving,-83.69673,-60.04565,-8.474531,11.06722,-82.86035969696697,-55.52207354842784,103.51531047160368,99.83679445080962,77.85091391930362
1699,1699,05/15/2023 13:23:52.033776,1928,True,True,True,True,Eyes,2.248349,0.08369809,-2.682517,-0.9769305,-0.1891639,0.09911475,0.0,0.0,0.0,0.0,0.0,0.0,0.0,2.326606,0.4709958,2.40006,2.264433,0.08560665,-2.502047,0.08428179,-0.6637334,0.171644,0.7231134,20.47155,276.4172,8.36894,0.6291219,0.0238058,-0.7769415,0.0,0.0,0.0,1.253449,-0.06608919,-2.576896,-0.1545499,0.1971622,1.04536,0.05999264,0.1363549,0.9888419,-0.3601174,0.9268698,-0.1059612,-0.930976,-0.3497423,0.1047091,moving,-84.20686,-62.34716,-8.4099,10.68091,-83.41716796039178,-57.75870038498338,105.25339972260517,101.5385174036451,78.33749067022887
1700,1700,05/15/2023 13:23:52.053594,1929,True,True,True,True,Eyes,2.248528,0.08369614,-2.67424,-0.9773408,-0.1914485,0.09029134,0.0,0.0,0.0,0.0,0.0,0.0,0.0,2.339016,0.4717339,2.37739,2.262889,0.08542825,-2.493502,0.08506041,-0.66686,0.1713089,0.7202193,20.54864,275.8922,8.185106,0.6304356,0.02381612,-0.7758755,0.0,0.0,0.0,1.255539,-0.06781176,-2.577077,-0.1535523,0.1938872,1.045107,0.0519019,0.1333132,0.9897141,-0.3602068,0.926836,-0.1059539,-0.9314277,-0.3510024,0.09612487,moving,-84.72173,-64.7504,-8.358377,10.50997,-83.98134089655639,-60.09363087729154,107.21699946342234,103.45869284569449,78.86987320710168
1701,1701,05/15/2023 13:23:52.064064,1930,True,True,True,True,Eyes,2.248633,0.08368851,-2.665963,-0.9776729,-0.1937073,0.08144403,0.0,0.0,0.0,0.0,0.0,0.0,0.0,2.351101,0.4754137,2.354273,2.261076,0.08530714,-2.485267,0.08629899,-0.6697879,0.1714749,0.7173095,20.70214,275.3903,8.01301,0.6317368,0.0238296,-0.774816,0.0,0.0,0.0,1.257721,-0.06961071,-2.577266,-0.1528949,0.1922397,1.044213,0.04396091,0.1303971,0.9904868,-0.3616052,0.9262977,-0.1058975,-0.9312943,-0.3535098,0.08787318,moving,-85.23803,-67.19573,-8.330126,10.43136,-84.54804651534556,-62.469217091393226,109.2739255245336,105.46878944949401,79.40212825721757
1702,1702,05/15/2023 13:23:52.083896,1931,True,True,True,True,Eyes,2.248658,0.08367416,-2.657673,-0.9778996,-0.1961078,0.07248528,0.0,0.0,0.0,0.0,0.0,0.0,0.0,2.365379,0.4751176,2.329556,2.259492,0.08520192,-2.476898,0.08702289,-0.6731179,0.1717681,0.7140275,20.82494,274.8288,7.879915,0.6330267,0.02384582,-0.7737619,0.0,0.0,0.0,1.259824,-0.07134391,-2.577449,-0.1533766,0.1934708,1.04281,0.03481627,0.1281409,0.9911446,-0.3624475,0.9258455,-0.1069668,-0.9313536,-0.3555138,0.07867886,moving,-85.7608,-69.71471,-8.367083,10.51049,-85.123026545326,-64.91606799030144,111.47138711847131,107.61338448258924,79.91604700643552
1703,1703,05/15/2023 13:23:52.103922,1932,True,True,True,True,Eyes,2.248612,0.08363853,-2.649357,-0.978053,-0.1984501,0.06348102,0.0,0.0,0.0,0.0,0.0,0.0,0.0,2.381646,0.4703402,2.302887,2.257678,0.08510265,-2.468278,0.08717127,-0.6768674,0.1720445,0.7103889,20.90096,274.2052,7.778018,0.6343048,0.02386434,-0.7727139,0.0,0.0,0.0,1.261919,-0.07307114,-2.57763,-0.1548684,0.1946907,1.040913,0.02450233,0.1264302,0.9916729,-0.3624438,0.9256037,-0.1090516,-0.9316836,-0.3567536,0.0685033,moving,-86.28639,-72.26136,-8.46246,10.5941,-85.7014922137439,-67.38970494173478,113.67317771777341,109.76038415797527,80.37661323411221
1704,1704,05/15/2023 13:23:52.114052,1933,True,True,True,True,Eyes,2.248492,0.08357492,-2.641012,-0.9780879,-0.2009321,0.05450103,0.0,0.0,0.0,0.0,0.0,0.0,0.0,2.396371,0.4664993,2.276966,2.256015,0.08458322,-2.459275,0.08735267,-0.6804605,0.1722819,0.7068678,20.97469,273.6035,7.673552,0.635572,0.02388438,-0.7716714,0.0,0.0,0.0,1.264167,-0.07492381,-2.577825,-0.1564623,0.1911583,1.039252,0.01458497,0.1246809,0.9920897,-0.3624411,0.925377,-0.1109685,-0.9318926,-0.3579556,0.05868609,moving,-86.81066,-74.82417,-8.561745,10.42239,-86.27912016811098,-69.8788926106777,115.714600161392,111.75100174916035,80.7740204228387
1705,1705,05/15/2023 13:23:52.134195,1934,True,True,True,True,Eyes,2.24831,0.08348171,-2.632639,-0.9780428,-0.2033618,0.0455658,0.0,0.0,0.0,0.0,0.0,0.0,0.0,2.406581,0.4643866,2.254965,2.254195,0.08391397,-2.450248,0.08763003,-0.6832984,0.1729349,0.7039304,21.08196,273.124,7.619159,0.636829,0.02390505,-0.7706337,0.0,0.0,0.0,1.266293,-0.076677,-2.578009,-0.157041,0.1890492,1.037627,0.006393695,0.1237133,0.9922975,-0.3632231,0.9248289,-0.1129614,-0.9316803,-0.3597031,0.05084859,moving,-87.33259,-77.37074,-8.606188,10.32568,-86.85403903966287,-72.35233760756688,117.84951613257478,113.83488387942603,81.23841035936213
1706,1706,05/15/2023 13:23:52.153892,1935,True,True,True,True,Eyes,2.24806,0.08336686,-2.62426,-0.9778826,-0.205913,0.03668223,0.0,0.0,0.0,0.0,0.0,0.0,0.0,2.415979,0.457842,2.234663,2.252599,0.0831164,-2.441144,0.08718353,-0.6860577,0.1738389,0.7010734,21.14757,272.6701,7.647869,0.6380764,0.02392547,-0.7696006,0.0,0.0,0.0,1.268367,-0.07838622,-2.578189,-0.1566829,0.1893863,1.035532,-0.00179035,0.1241218,0.9922654,-0.3633735,0.9243581,-0.116283,-0.9316418,-0.3607711,0.04344762,moving,-87.85174,-79.89905,-8.603972,10.36417,-87.42576761580617,-74.8080771218496,120.11518479255746,116.04821042948203,81.77794778070073
1707,1707,05/15/2023 13:23:52.164009,1936,True,True,True,True,Eyes,2.247751,0.08321287,-2.615849,-0.9776597,-0.208352,0.0277664,0.0,0.0,0.0,0.0,0.0,0.0,0.0,2.426899,0.448698,2.213043,2.250806,0.08254966,-2.432238,0.08644038,-0.689111,0.1745196,0.6979951,21.1737,272.17,7.672274,0.6393148,0.02394509,-0.7685716,0.0,0.0,0.0,1.270596,-0.0802241,-2.578382,-0.1560766,0.1885643,1.033224,-0.01066206,0.1244936,0.9921632,-0.3627616,0.9241419,-0.1198568,-0.931821,-0.3611966,0.03530822,moving,-88.37319,-82.4091,-8.590034,10.34271,-87.99922574513046,-77.24627044607026,122.34480062346921,118.22710868999957,82.31517300695694
1708,1708,05/15/2023 13:23:52.183932,1937,True,True,True,True,Eyes,2.247396,0.08300263,-2.607431,-0.9773253,-0.2109032,0.01884327,0.0,0.0,0.0,0.0,0.0,0.0,0.0,2.439475,0.4406177,2.188825,2.249158,0.08146259,-2.422971,0.0858377,-0.6925855,0.174576,0.6946082,21.1656,271.5924,7.617948,0.6405439,0.02396287,-0.7675471,0.0,0.0,0.0,1.27263,-0.08190008,-2.578558,-0.1553978,0.1874223,1.030873,-0.02030285,0.123624,0.9921215,-0.3614238,0.9243101,-0.1225705,-0.9321807,-0.3610648,0.02591447,moving,-88.89545,-84.89443,-8.572446,10.30436,-88.57279424153529,-79.66063787463524,124.55759546911668,120.39001852873868,82.85374697814395
1709,1709,05/15/2023 13:23:52.203701,1938,True,True,True,True,Eyes,2.24699,0.08276182,-2.598968,-0.9768952,-0.2134881,0.009933663,0.0,0.0,0.0,0.0,0.0,0.0,0.0,2.451299,0.4382373,2.164087,2.247785,0.08002721,-2.413554,0.08605894,-0.695738,0.175662,0.691148,21.30843,271.0508,7.590871,0.6417651,0.0239774,-0.7665259,0.0,0.0,0.0,1.274835,-0.08371789,-2.578749,-0.1547355,0.1865439,1.028239,-0.02981683,0.1230679,0.9919503,-0.3625658,0.9234735,-0.1254704,-0.9314813,-0.3633883,0.01708517,moving,-89.4174,-87.33594,-8.557993,10.2828,-89.14486757046328,-82.03271549633959,126.75828217351025,122.54141648598035,83.39300787142945
1710,1710,05/15/2023 13:23:52.219299,1939,True,True,True,True,Eyes,2.246532,0.0824907,-2.590471,-0.9763337,-0.2162671,0.001041818,0.0,0.0,0.0,0.0,0.0,0.0,0.0,2.461869,0.4358172,2.140049,2.246211,0.07908037,-2.403919,0.08634791,-0.6986479,0.1773629,0.6877337,21.50591,270.5463,7.615822,0.6429793,0.02398815,-0.7655073,0.0,0.0,0.0,1.276988,-0.08549306,-2.578936,-0.1542434,0.1868989,1.025167,-0.03913282,0.1233033,0.9915972,-0.3646104,0.9221729,-0.1290597,-0.9303375,-0.3665971,0.008870398,moving,-89.93886,-89.724,-8.556359,10.33215,-89.71500880326225,-84.35320608250899,128.97420138088665,124.70783092636998,83.93826187669318
1711,1711,05/15/2023 13:23:52.233732,1940,True,True,True,True,Eyes,2.246031,0.08218721,-2.581934,-0.975701,-0.2189642,-0.007901669,0.0,0.0,0.0,0.0,0.0,0.0,0.0,2.472926,0.4274391,2.116472,2.244574,0.07813995,-2.394432,0.08571437,-0.7018778,0.1780936,0.6843269,21.55002,270.0025,7.625802,0.6441867,0.02399465,-0.7644913,0.0,0.0,0.0,1.279128,-0.08725692,-2.579121,-0.1532946,0.1879181,1.02206,-0.04869957,0.1234265,0.9911581,-0.3640705,0.9218714,-0.1326866,-0.9300973,-0.3673132,4.122406e-05,moving,89.536,87.93329,-8.529979,10.41817,88.94633942343931,92.68864397816466,125.0021202453896,127.55415925002055,84.5182805943801
1712,1712,05/15/2023 13:23:52.253813,1941,True,True,True,True,Eyes,2.245474,0.0818442,-2.573398,-0.9749494,-0.2217897,-0.01682608,0.0,0.0,0.0,0.0,0.0,0.0,0.0,2.485764,0.4205981,2.090218,2.243116,0.07707353,-2.384832,0.08536649,-0.7054578,0.178544,0.6805615,21.59879,269.3889,7.575478,0.6453886,0.02399639,-0.7634768,0.0,0.0,0.0,1.281409,-0.08913743,-2.579319,-0.152569,0.1910453,1.018462,-0.05909738,0.1225754,0.9906982,-0.3634652,0.9216692,-0.1357163,-0.9297314,-0.3681048,-0.009916326,moving,89.01127,85.66156,-8.51975,10.62421,88.37620351728769,90.48029280947549,123.05650635891992,125.56201563250801,85.11246199247523
1713,1713,05/15/2023 13:23:52.273275,1942,True,True,True,True,Eyes,2.244873,0.08145809,-2.564813,-0.974125,-0.2245325,-0.02580137,0.0,0.0,0.0,0.0,0.0,0.0,0.0,2.498856,0.4149582,2.062609,2.241261,0.07592316,-2.375251,0.08524673,-0.7090579,0.1791705,0.6766593,21.68174,268.763,7.518256,0.6465847,0.0239927,-0.7624643,0.0,0.0,0.0,1.283351,-0.09073796,-2.579487,-0.152536,0.1956577,1.014797,-0.06973021,0.1215851,0.9901287,-0.3633645,0.9212619,-0.1387185,-0.9290338,-0.3694505,-0.0200601,moving,88.48278,83.44481,-8.548241,10.91299,87.80392541422587,88.32487164296445,121.1440627881319,123.59748942522666,85.69199868324185
1714,1714,05/15/2023 13:23:52.283949,1943,True,True,True,True,Eyes,2.244236,0.08103079,-2.556229,-0.973192,-0.2273608,-0.03470349,0.0,0.0,0.0,0.0,0.0,0.0,0.0,2.511229,0.4049262,2.036279,2.239666,0.07450633,-2.365377,0.08438173,-0.7126486,0.1799516,0.6727773,21.71714,268.1509,7.537572,0.6477761,0.02398288,-0.7614527,0.0,0.0,0.0,1.285512,-0.09251952,-2.579674,-0.1533386,0.199679,1.010761,-0.08050121,0.1218657,0.9892768,-0.3624038,0.9209943,-0.1429443,-0.9285383,-0.3700247,-0.02997656,moving,87.95773,81.32157,-8.626343,11.17507,87.23752881392963,86.25978223397533,119.36923648712563,121.76861636077014,86.21554666076078
1715,1715,05/15/2023 13:23:52.303951,1944,True,True,True,True,Eyes,2.24356,0.08059414,-2.547603,-0.9721671,-0.2301771,-0.04369898,0.0,0.0,0.0,0.0,0.0,0.0,0.0,2.523747,0.393611,2.009757,2.23819,0.07307978,-2.355529,0.08336908,-0.7161652,0.1815376,0.668731,21.80969,267.5501,7.637214,0.6489627,0.02396631,-0.7604422,0.0,0.0,0.0,1.287607,-0.09424602,-2.579855,-0.1541623,0.1989882,1.007377,-0.09169696,0.1233876,0.988113,-0.3622117,0.9201874,-0.1485188,-0.9275745,-0.3715249,-0.03968601,moving,87.42628,79.25037,-8.700669,11.17385,86.66635307328865,84.24470336210894,117.79135324529982,120.1424925253091,86.68474307003905
1716,1716,05/15/2023 13:23:52.319411,1945,True,True,True,True,Eyes,2.242849,0.08012073,-2.538971,-0.9710537,-0.232959,-0.05277207,0.0,0.0,0.0,0.0,0.0,0.0,0.0,2.538892,0.3758007,1.980755,2.236665,0.07241499,-2.345779,0.08163644,-0.7201055,0.1838149,0.664075,21.9105,266.8839,7.840365,0.6501452,0.02394341,-0.7594323,0.0,0.0,0.0,1.289865,-0.09610759,-2.580051,-0.1551737,0.1971464,1.004151,-0.1046798,0.1265601,0.9864201,-0.3617074,0.9190952,-0.1563069,-0.9263961,-0.3731577,-0.05043301,moving,86.88931,77.23624,-8.784554,11.10768,86.09138761409146,82.28451585808712,116.30337355538788,118.60685587237175,87.13330229473
1717,1717,05/15/2023 13:23:52.333841,1946,True,True,True,True,Eyes,2.242102,0.07965059,-2.530278,-0.9698118,-0.2358534,-0.06195378,0.0,0.0,0.0,0.0,0.0,0.0,0.0,2.555774,0.3554692,1.94875,2.235018,0.07131152,-2.335718,0.07950244,-0.7246404,0.1850724,0.6590327,21.90145,266.116,7.974281,0.6513243,0.02391369,-0.7584222,0.0,0.0,0.0,1.291932,-0.09781115,-2.58023,-0.1554919,0.195401,1.000941,-0.1187108,0.1287161,0.9845507,-0.3591588,0.9188552,-0.1634324,-0.9256958,-0.3730112,-0.06284843,moving,86.34478,75.2821,-8.830077,11.0462,85.51073637544987,80.381973139977,114.82379654836558,117.07962463750819,87.62779383607631
1718,1718,05/15/2023 13:23:52.353867,1947,True,True,True,True,Eyes,2.241287,0.07920544,-2.521531,-0.9684445,-0.2388089,-0.07131208,0.0,0.0,0.0,0.0,0.0,0.0,0.0,2.571776,0.3406592,1.915951,2.233439,0.07094571,-2.325438,0.07848735,-0.7286319,0.1886264,0.6537243,22.1787,265.4084,8.210413,0.6525008,0.02387794,-0.7574114,0.0,0.0,0.0,1.294027,-0.09953879,-2.580412,-0.155239,0.1925311,0.997822,-0.1329685,0.1322425,0.9822582,-0.360996,0.9165196,-0.1722602,-0.923039,-0.3774965,-0.07412931,moving,85.78858,73.37355,-8.84306,10.92109,84.9200262508377,78.5230523732737,113.38190794452701,115.59213494005351,88.14899364191045
1719,1719,05/15/2023 13:23:52.373396,1948,True,True,True,True,Eyes,2.240429,0.07874668,-2.512724,-0.9670022,-0.2416213,-0.08078299,0.0,0.0,0.0,0.0,0.0,0.0,0.0,2.586729,0.313943,1.884729,2.231,0.07112515,-2.315061,0.07568461,-0.7328273,0.1915719,0.6484877,22.26799,264.6971,8.546985,0.6536745,0.02383753,-0.7564,0.0,0.0,0.0,1.296157,-0.1012947,-2.580596,-0.1549871,0.1904847,0.9945047,-0.1474712,0.1375365,0.9794571,-0.3593915,0.9151441,-0.1826171,-0.921461,-0.3789392,-0.08552793,moving,85.22462,71.51331,-8.857923,10.84295,84.32311814659207,76.71050057736512,111.94828037927358,114.11065089738396,88.68498967771608
1720,1720,05/15/2023 13:23:52.383916,1949,True,True,True,True,Eyes,2.239538,0.07829597,-2.50391,-0.9654023,-0.2446226,-0.09032266,0.0,0.0,0.0,0.0,0.0,0.0,0.0,2.600373,0.2891467,1.854825,2.229175,0.07031398,-2.304725,0.07279937,-0.7371574,0.1925071,0.6436151,22.18049,263.9622,8.725309,0.6548465,0.02379252,-0.7553869,0.0,0.0,0.0,1.298328,-0.1030838,-2.580784,-0.1546307,0.1912069,0.9904976,-0.1609199,0.1404717,0.9769199,-0.35513,0.9152825,-0.1901065,-0.9208623,-0.3775256,-0.09740146,moving,84.65499,69.73421,-8.873059,10.92605,83.72293142459515,74.97605958261587,110.48029522196255,112.58961395370757,89.26773522893616
1721,1721,05/15/2023 13:23:52.403818,1950,True,True,True,True,Eyes,2.238568,0.07790809,-2.495051,-0.963647,-0.2477569,-0.1000046,0.0,0.0,0.0,0.0,0.0,0.0,0.0,2.614335,0.2798887,1.821363,2.227341,0.07023215,-2.294443,0.07277793,-0.7407606,0.1966081,0.6382182,22.59257,263.2795,8.918707,0.6560171,0.0237436,-0.7543722,0.0,0.0,0.0,1.300464,-0.104845,-2.580969,-0.1533897,0.1907858,0.9867665,-0.1747618,0.1431357,0.9741512,-0.3587798,0.9120973,-0.1983827,-0.9169163,-0.3841755,-0.1080455,moving,84.07521,68.01903,-8.835729,10.9428,83.11465774348078,73.30297405238574,109.04191220294433,111.10204737141224,89.89496186650224
1722,1722,05/15/2023 13:23:52.419556,1951,True,True,True,True,Eyes,2.237536,0.07758078,-2.486156,-0.961768,-0.250856,-0.1098798,0.0,0.0,0.0,0.0,0.0,0.0,0.0,2.631226,0.2613371,1.783302,2.224471,0.07139073,-2.284391,0.07173744,-0.7451301,0.2003831,0.6320457,22.91129,262.4686,9.144997,0.657186,0.02369303,-0.7533557,0.0,0.0,0.0,1.302646,-0.1066432,-2.581158,-0.15159,0.1928268,0.9830918,-0.1907441,0.146395,0.9706622,-0.3602099,0.9094007,-0.2079402,-0.9131624,-0.3893055,-0.12073,moving,83.48235,66.34565,-8.765812,11.0973,82.49485627724286,71.6698094479025,107.52722246064363,109.53327565276771,90.59937641834667
1723,1723,05/15/2023 13:23:52.433911,1952,True,True,True,True,Eyes,2.236487,0.07727203,-2.477206,-0.9596874,-0.2542551,-0.1198095,0.0,0.0,0.0,0.0,0.0,0.0,0.0,2.64757,0.2528895,1.743708,2.221927,0.07259759,-2.274174,0.07210044,-0.7497249,0.2018359,0.6260802,23.13657,261.585,9.048412,0.6583527,0.02364282,-0.7523379,0.0,0.0,0.0,1.304755,-0.1083822,-2.581341,-0.1513728,0.1945005,0.9793836,-0.2056501,0.1446199,0.9678807,-0.3608419,0.9081275,-0.2123615,-0.9096708,-0.3929241,-0.1345716,moving,82.88389,64.76936,-8.78607,11.2325,81.87227893169415,70.13014732781862,106.15826366826654,108.11044857816893,91.22108035085769
1724,1724,05/15/2023 13:23:52.453723,1953,True,True,True,True,Eyes,2.235404,0.07701513,-2.468236,-0.9574273,-0.2579092,-0.1296759,0.0,0.0,0.0,0.0,0.0,0.0,0.0,2.661176,0.2700606,1.704594,2.220452,0.07285209,-2.263783,0.07640923,-0.7530406,0.2052514,0.6204543,23.82486,260.8279,8.779126,0.6595188,0.0235935,-0.7513174,0.0,0.0,0.0,1.306844,-0.1101042,-2.581522,-0.1526972,0.1958976,0.9753827,-0.2183967,0.1396197,0.9658207,-0.3697767,0.9040669,-0.2143085,-0.9030883,-0.4039422,-0.1458171,moving,82.28668,63.3069,-8.897496,11.3563,81.25401624263174,68.70035421245541,104.9448369056762,106.84397836637498,91.75419251723606
1725,1725,05/15/2023 13:23:52.463790,1954,True,True,True,True,Eyes,2.234238,0.07682779,-2.459267,-0.9550684,-0.2614709,-0.1395612,0.0,0.0,0.0,0.0,0.0,0.0,0.0,2.670171,0.2794101,1.672958,2.218391,0.07399839,-2.253872,0.07967011,-0.7551848,0.2110187,0.6154833,24.63193,260.2907,8.823018,0.6606844,0.02354652,-0.7502941,0.0,0.0,0.0,1.30902,-0.111898,-2.581711,-0.1539359,0.1877292,0.9722894,-0.2296659,0.1394256,0.963231,-0.3800882,0.8982476,-0.2206449,-0.8959834,-0.4167874,-0.1533029,moving,81.68639,61.90874,-8.996575,10.92817,80.6345240688958,67.33250490030318,104.03085435925307,105.90176068339832,92.1593954333404
1726,1726,05/15/2023 13:23:52.484310,1955,True,True,True,True,Eyes,2.233013,0.07665936,-2.450285,-0.9526752,-0.2645328,-0.1497742,0.0,0.0,0.0,0.0,0.0,0.0,0.0,2.679612,0.2593588,1.644617,2.215285,0.0754842,-2.244809,0.07794932,-0.7587208,0.2124347,0.6108505,24.6824,259.6359,8.942934,0.6618484,0.02350376,-0.7492688,0.0,0.0,0.0,1.311228,-0.1137176,-2.581902,-0.1542879,0.1815199,0.9697646,-0.2415714,0.1412482,0.9600481,-0.3778152,0.8975908,-0.2271265,-0.8938115,-0.417588,-0.1634666,moving,81.06541,60.48217,-9.039895,10.6019,79.99421944470873,65.93659519454167,102.99032636328484,104.82844092719458,92.65617582938222
1727,1727,05/15/2023 13:23:52.504001,1956,True,True,True,True,Eyes,2.231732,0.07649377,-2.441308,-0.950119,-0.2676442,-0.160126,0.0,0.0,0.0,0.0,0.0,0.0,0.0,2.691926,0.2353345,1.612213,2.212744,0.07567061,-2.23587,0.07530929,-0.7632912,0.2116222,0.6057486,24.47497,258.8136,8.93858,0.6630107,0.02346541,-0.7482418,0.0,0.0,0.0,1.313281,-0.1154101,-2.58208,-0.1533324,0.1809133,0.9667115,-0.2547947,0.1414139,0.9565992,-0.3713455,0.899089,-0.2318218,-0.8928508,-0.4142958,-0.1765697,moving,80.43369,59.10879,-9.012737,10.59989,79.3449638621338,64.59166952431866,101.75350943469384,103.54803502647917,93.31350464388125
1728,1728,05/15/2023 13:23:52.519332,1957,True,True,True,True,Eyes,2.230368,0.07634369,-2.432317,-0.9474434,-0.2706003,-0.1706646,0.0,0.0,0.0,0.0,0.0,0.0,0.0,2.707557,0.2198343,1.571704,2.210152,0.07560664,-2.226872,0.07462762,-0.7677717,0.2139385,0.5993227,24.70612,257.9223,8.982599,0.6641701,0.02343114,-0.747214,0.0,0.0,0.0,1.315429,-0.1171811,-2.582266,-0.1526378,0.1774658,0.9639627,-0.270486,0.1418425,0.9522174,-0.3710304,0.897322,-0.2390599,-0.8883544,-0.417964,-0.1900852,moving,79.78871,57.76082,-8.997742,10.43136,78.68355922535062,63.27084510974725,100.61367622068038,102.37197747056503,93.92613309240289
1729,1729,05/15/2023 13:23:52.533725,1958,True,True,True,True,Eyes,2.228929,0.07622512,-2.423338,-0.9446074,-0.2735267,-0.1813841,0.0,0.0,0.0,0.0,0.0,0.0,0.0,2.723414,0.1965402,1.529542,2.206916,0.07578401,-2.217857,0.07287097,-0.7725582,0.2163132,0.5924967,24.87125,256.9854,9.115723,0.6653268,0.02340103,-0.7461851,0.0,0.0,0.0,1.317618,-0.1189849,-2.582455,-0.1530822,0.1710931,0.9614878,-0.287275,0.1437356,0.9470022,-0.3689238,0.8957968,-0.2478774,-0.8839504,-0.4205806,-0.2043127,moving,79.13034,56.45041,-9.046352,10.08995,78.01021095465329,61.9858409015536,99.62138958815252,101.35101699511192,94.44397769101124
1730,1730,05/15/2023 13:23:52.553853,1959,True,True,True,True,Eyes,2.227403,0.07614423,-2.414367,-0.9416789,-0.2761176,-0.1923535,0.0,0.0,0.0,0.0,0.0,0.0,0.0,2.739058,0.1754751,1.48606,2.203676,0.0764371,-2.208975,0.07146684,-0.7775302,0.2176913,0.5856194,24.97531,255.9986,9.129734,0.6664796,0.02337566,-0.7451563,0.0,0.0,0.0,1.319806,-0.1207886,-2.582645,-0.1539099,0.1665769,0.9589473,-0.3038853,0.1438332,0.9417889,-0.3661036,0.895006,-0.2548183,-0.879558,-0.4222277,-0.2193213,moving,78.45521,55.13754,-9.118138,9.854408,77.32056397504167,60.69793760222268,98.5883021643974,100.28316758829551,94.97867219913245
1731,1731,05/15/2023 13:23:52.564307,1960,True,True,True,True,Eyes,2.225792,0.07606937,-2.405421,-0.9386152,-0.2785485,-0.2035,0.0,0.0,0.0,0.0,0.0,0.0,0.0,2.754596,0.161287,1.440007,2.200137,0.07723828,-2.200196,0.07105428,-0.782736,0.2175152,0.5787598,25.009,254.9413,8.921734,0.667628,0.02335574,-0.7441283,0.0,0.0,0.0,1.321805,-0.1224366,-2.582818,-0.1542629,0.163444,0.9564427,-0.3199769,0.1405446,0.9369431,-0.3630116,0.8952769,-0.2582672,-0.8751215,-0.4227606,-0.2354487,moving,77.76711,53.84916,-9.16223,9.697456,76.61902371096886,59.43325698247285,97.49914419593239,99.15681210887003,95.57041517662907
1732,1732,05/15/2023 13:23:52.583872,1961,True,True,True,True,Eyes,2.224096,0.07600259,-2.396482,-0.9354441,-0.2808696,-0.2146083,0.0,0.0,0.0,0.0,0.0,0.0,0.0,2.768531,0.1526417,1.394974,2.196501,0.07732005,-2.19167,0.07117498,-0.7877855,0.2161747,0.5723607,24.9656,253.9039,8.584377,0.6687709,0.02334094,-0.7431017,0.0,0.0,0.0,1.323959,-0.1242119,-2.583005,-0.1553993,0.160247,0.9537597,-0.3346749,0.1353186,0.9325674,-0.3596011,0.8964052,-0.2591231,-0.8710224,-0.4220741,-0.2513436,moving,77.07888,52.61709,-9.254076,9.537535,75.91889307924633,58.22290345148928,96.48433733355876,98.10555419053256,96.11392376492546
1733,1733,05/15/2023 13:23:52.603901,1962,True,True,True,True,Eyes,2.222327,0.07593908,-2.387573,-0.9320788,-0.2832936,-0.2257738,0.0,0.0,0.0,0.0,0.0,0.0,0.0,2.781315,0.1530281,1.349808,2.192911,0.0774416,-2.183176,0.07293947,-0.7922089,0.216276,0.5659593,25.16541,252.92,8.209532,0.6699073,0.02333105,-0.7420777,0.0,0.0,0.0,1.326065,-0.1259481,-2.583187,-0.1580961,0.1576902,0.9507018,-0.3487402,0.1292402,0.9282658,-0.3603733,0.8958091,-0.26011,-0.8651657,-0.425233,-0.26583,moving,76.38373,51.44654,-9.441551,9.417745,75.21373821354473,57.07169100781295,95.56358337714731,97.1463666945113,96.58308876647642
1734,1734,05/15/2023 13:23:52.623534,1963,True,True,True,True,Eyes,2.22046,0.07591406,-2.37865,-0.9285948,-0.2857041,-0.2368226,0.0,0.0,0.0,0.0,0.0,0.0,0.0,2.792314,0.1581918,1.306591,2.189393,0.0775332,-2.174802,0.07556959,-0.7960005,0.2174911,0.5597948,25.5217,252.0139,7.84622,0.6710372,0.02332571,-0.7410564,0.0,0.0,0.0,1.328424,-0.1278932,-2.583392,-0.1617695,0.1560536,0.9474636,-0.3618383,0.123194,0.9240654,-0.3638077,0.8939736,-0.2616392,-0.8583224,-0.4308531,-0.278655,moving,75.69266,50.34436,-9.68922,9.353024,74.51439912398305,55.98657385490355,94.71195837590572,96.25454506487775,97.00451024411848
1735,1735,05/15/2023 13:23:52.643716,1964,True,True,True,True,Eyes,2.218512,0.07591836,-2.369786,-0.924973,-0.2880528,-0.2478923,0.0,0.0,0.0,0.0,0.0,0.0,0.0,2.801093,0.1654989,1.26636,2.185578,0.07839836,-2.166628,0.07852607,-0.799408,0.2183909,0.5541534,25.86154,251.1699,7.438434,0.6721599,0.0233257,-0.7400382,0.0,0.0,0.0,1.330324,-0.1294588,-2.583556,-0.1648557,0.154803,0.9445533,-0.3734953,0.1164954,0.9202882,-0.3675929,0.8922781,-0.2621358,-0.8516906,-0.4361978,-0.2904388,moving,74.99731,49.28538,-9.900282,9.307471,73.81209299867045,54.94300436905943,93.83940715611297,95.34339848042214,97.4689757685636
1736,1736,05/15/2023 13:23:52.654007,1965,True,True,True,True,Eyes,2.216453,0.07592938,-2.36092,-0.9212959,-0.2902232,-0.2588131,0.0,0.0,0.0,0.0,0.0,0.0,0.0,2.809356,0.1665289,1.227389,2.181579,0.07923472,-2.158965,0.08032823,-0.8029835,0.2185209,0.5486471,26.04527,250.3266,7.082508,0.673274,0.02333142,-0.7390246,0.0,0.0,0.0,1.332456,-0.1312165,-2.583741,-0.1666458,0.1546475,0.9418924,-0.3850676,0.1107772,0.9162158,-0.3687862,0.891592,-0.2627936,-0.8460023,-0.439081,-0.3024701,moving,74.30874,48.2743,-10.03331,9.324092,73.11765932719011,53.94586419002178,92.90156135095773,94.36729440558054,98.01646237945322
1737,1737,05/15/2023 13:23:52.663715,1966,True,True,True,True,Eyes,2.214328,0.07594288,-2.35211,-0.9174597,-0.2924672,-0.2696862,0.0,0.0,0.0,0.0,0.0,0.0,0.0,2.815841,0.1660309,1.191715,2.177583,0.07917145,-2.151412,0.08133422,-0.8065675,0.2171143,0.5437787,26.02034,249.5257,6.704901,0.6743793,0.0233426,-0.7380157,0.0,0.0,0.0,1.334582,-0.1329693,-2.583925,-0.1677988,0.1527757,0.9394718,-0.3953795,0.1049212,0.9125059,-0.3673272,0.8924923,-0.2617791,-0.8418706,-0.4386903,-0.3143327,moving,73.61936,47.32061,-10.1268,9.236512,72.42400617648879,53.00407182398059,91.99900996869044,93.43572600099996,98.57429857149219
1738,1738,05/15/2023 13:23:52.683957,1967,True,True,True,True,Eyes,2.212097,0.07596106,-2.343361,-0.9135768,-0.2946171,-0.280318,0.0,0.0,0.0,0.0,0.0,0.0,0.0,2.82176,0.1629916,1.157207,2.173884,0.07930325,-2.143819,0.08246142,-0.8095044,0.2187375,0.5385692,26.29292,248.8012,6.53946,0.6754748,0.02335878,-0.7370126,0.0,0.0,0.0,1.336731,-0.1347404,-2.584111,-0.1700913,0.1534391,0.9366843,-0.4062867,0.1021048,0.9080229,-0.3691163,0.890708,-0.2653156,-0.8358734,-0.4429603,-0.3241943,moving,72.94212,46.42471,-10.29212,9.30305,71.74368619429133,52.11841928477617,91.13701964368377,92.53663785192911,99.09240603847654
1739,1739,05/15/2023 13:23:52.704757,1968,True,True,True,True,Eyes,2.209782,0.07598019,-2.334676,-0.9095763,-0.2967093,-0.2909201,0.0,0.0,0.0,0.0,0.0,0.0,0.0,2.826661,0.1480291,1.124719,2.169219,0.07948869,-2.136606,0.08159304,-0.8125806,0.2201358,0.5334752,26.41131,248.1116,6.55696,0.6765596,0.02337966,-0.7360163,0.0,0.0,0.0,1.33887,-0.1365034,-2.584296,-0.1703365,0.1459361,0.9352139,-0.4174939,0.1022721,0.9029062,-0.3674758,0.8897656,-0.2707004,-0.8310599,-0.4448119,-0.3338892,moving,72.26357,45.56445,-10.3225,8.86923,71.06306938864611,51.26711321435359,90.37144531816065,91.76704967346448,99.60311201102911
1740,1740,05/15/2023 13:23:52.718334,1969,True,True,True,True,Eyes,2.20736,0.07599891,-2.326042,-0.9055401,-0.2987343,-0.3012557,0.0,0.0,0.0,0.0,0.0,0.0,0.0,2.831187,0.1320316,1.092762,2.164903,0.07953608,-2.12933,0.0803804,-0.8157769,0.2209173,0.5284342,26.44829,247.4116,6.563163,0.6776319,0.02340482,-0.7350283,0.0,0.0,0.0,1.341118,-0.1383571,-2.584491,-0.1720043,0.1417323,0.9333735,-0.4285929,0.1023356,0.8976837,-0.3646255,0.889469,-0.275487,-0.826654,-0.44539,-0.3439059,moving,71.59872,44.75923,-10.44146,8.634376,70.39722158058986,50.469342527330376,89.64148710811146,91.02228773235075,100.06865750736667
1741,1741,05/15/2023 13:23:52.733870,1970,True,True,True,True,Eyes,2.204839,0.07599643,-2.31748,-0.9014223,-0.3006177,-0.3115556,0.0,0.0,0.0,0.0,0.0,0.0,0.0,2.834928,0.1180248,1.060637,2.160102,0.07951836,-2.122105,0.07953797,-0.8188062,0.2219049,0.523439,26.52964,246.7248,6.549737,0.6786916,0.0234339,-0.7340491,0.0,0.0,0.0,1.343214,-0.1400845,-2.584673,-0.1713771,0.1383959,0.9315774,-0.4393708,0.1020549,0.8924899,-0.3625597,0.8888639,-0.2801276,-0.8218905,-0.4466607,-0.3535398,moving,70.93349,43.97639,-10.42383,8.450106,69.73161603918004,49.69315345120268,88.77573076258543,90.14368803639032,100.67726559904172
1742,1742,05/15/2023 13:23:52.753743,1971,True,True,True,True,Eyes,2.202207,0.07595968,-2.308969,-0.8972465,-0.302425,-0.3216955,0.0,0.0,0.0,0.0,0.0,0.0,0.0,2.837712,0.1032168,1.030428,2.155243,0.07899858,-2.115119,0.0781288,-0.8219268,0.2215615,0.5188863,26.44218,246.0596,6.50887,0.6797372,0.02346587,-0.73308,0.0,0.0,0.0,1.345324,-0.1418243,-2.584856,-0.1719293,0.1292368,0.9299538,-0.4493062,0.1014981,0.8875937,-0.3583627,0.8896128,-0.2831347,-0.8183524,-0.4452945,-0.3633354,moving,70.2754,43.23148,-10.47453,7.911791,69.07395972742128,48.95378533409173,88.13643756166698,89.51205235516203,101.1134963515971
1743,1743,05/15/2023 13:23:52.763844,1972,True,True,True,True,Eyes,2.199472,0.07587826,-2.300519,-0.8929549,-0.3042383,-0.3317688,0.0,0.0,0.0,0.0,0.0,0.0,0.0,2.840372,0.09153199,0.9986157,2.15015,0.07810682,-2.108097,0.07735718,-0.8249143,0.2218291,0.5141247,26.45677,245.3823,6.443451,0.6807678,0.02349941,-0.7321218,0.0,0.0,0.0,1.347439,-0.1435671,-2.585039,-0.1716188,0.1273537,0.9280254,-0.4593837,0.1004696,0.8825378,-0.3557217,0.8896155,-0.2864375,-0.8138976,-0.4455225,-0.3729356,moving,69.61794,42.52142,-10.47729,7.813937,68.41786388928763,48.24806227997806,87.29178223033476,88.6530529331694,101.71662652907465
1744,1744,05/15/2023 13:23:52.783949,1973,True,True,True,True,Eyes,2.196641,0.07575648,-2.292137,-0.8886186,-0.3061116,-0.3415443,0.0,0.0,0.0,0.0,0.0,0.0,0.0,2.842232,0.08302909,0.9673808,2.144978,0.07698141,-2.100987,0.07721506,-0.8275551,0.2228906,0.5094214,26.58843,244.7385,6.374892,0.6817828,0.02353303,-0.7311757,0.0,0.0,0.0,1.349695,-0.1454269,-2.585234,-0.1718215,0.1256113,0.9254609,-0.4690553,0.09929103,0.8775696,-0.3548899,0.8887153,-0.2902385,-0.8087276,-0.4475785,-0.3816193,moving,68.97552,41.86852,-10.5178,7.729428,67.77789261498444,47.597962126756414,86.51396145829217,87.86191151731488,102.27253549339748
1745,1745,05/15/2023 13:23:52.803802,1974,True,True,True,True,Eyes,2.193705,0.07559652,-2.28383,-0.8841952,-0.3079383,-0.3512447,0.0,0.0,0.0,0.0,0.0,0.0,0.0,2.843046,0.07266426,0.939003,2.139851,0.07591283,-2.094085,0.07669475,-0.8299553,0.2240964,0.5050476,26.70834,244.1558,6.366209,0.682781,0.02356544,-0.7302426,0.0,0.0,0.0,1.351788,-0.1471524,-2.585416,-0.1711568,0.1210472,0.9237104,-0.4780902,0.09905226,0.8727078,-0.3536651,0.8877975,-0.294511,-0.8039597,-0.449449,-0.3894158,moving,68.33466,41.24124,-10.49743,7.465754,67.1401307996584,46.97263055718515,85.76293994671764,87.11133188182419,102.83329298251525
1746,1746,05/15/2023 13:23:52.819490,1975,True,True,True,True,Eyes,2.190673,0.07539261,-2.275632,-0.8797256,-0.3097678,-0.3607309,0.0,0.0,0.0,0.0,0.0,0.0,0.0,2.843698,0.06123269,0.9102807,2.134433,0.07484673,-2.08748,-0.0759038,0.8324842,-0.2247495,-0.5006957,26.75718,243.56,6.345229,0.6837616,0.0235956,-0.7293235,0.0,0.0,0.0,1.354063,-0.149028,-2.585613,-0.1701464,0.1192013,0.9216644,-0.4870848,0.09868481,0.8677613,-0.3514397,0.8874525,-0.2981915,-0.7995239,-0.4502103,-0.3975828,moving,67.70396,40.65344,-10.45949,7.369307,66.51328527326834,46.385710174374346,84.9550376697238,86.29651122689954,103.44755946741178
1747,1747,05/15/2023 13:23:52.833732,1976,True,True,True,True,Eyes,2.187528,0.07513634,-2.267498,-0.8751572,-0.3115422,-0.3701908,0.0,0.0,0.0,0.0,0.0,0.0,0.0,2.844438,0.04908174,0.8793581,2.128659,0.07366329,-2.080839,-0.07492483,0.835309,-0.2247877,-0.4961003,26.73566,242.9096,6.291023,0.6847238,0.02362235,-0.7284194,0.0,0.0,0.0,1.356081,-0.1506909,-2.585788,-0.1695214,0.1169697,0.9195288,-0.4965415,0.09786369,0.8624784,-0.3482052,0.8877135,-0.301194,-0.7951097,-0.4498749,-0.4067099,moving,67.07168,40.08302,-10.44558,7.249441,65.8853834980928,45.815509483307096,84.18414047703308,85.52050997746862,104.03247767809863
1748,1748,05/15/2023 13:23:52.853714,1977,True,True,True,True,Eyes,2.184285,0.07482502,-2.259437,-0.8704568,-0.3134153,-0.3795732,0.0,0.0,0.0,0.0,0.0,0.0,0.0,2.845069,0.03861547,0.847028,2.122788,0.07216325,-2.07411,-0.07430532,0.8381017,-0.2251637,-0.4912897,26.77135,242.238,6.217258,0.6856667,0.02364437,-0.7275312,0.0,0.0,0.0,1.358175,-0.1524169,-2.585969,-0.1701806,0.1152381,0.9172721,-0.5062264,0.09669039,0.8569632,-0.345792,0.8875601,-0.3044093,-0.7900397,-0.450431,-0.4158715,moving,66.4398,39.54664,-10.51052,7.160629,65.25879735936333,45.27816510803243,83.4877563274671,84.81707382391279,104.54995057161413
1749,1749,05/15/2023 13:23:52.864258,1978,True,True,True,True,Eyes,2.180923,0.07447269,-2.251438,-0.8656352,-0.3153478,-0.3888848,0.0,0.0,0.0,0.0,0.0,0.0,0.0,2.845635,0.03309971,0.8135607,2.117011,0.07060874,-2.06734,-0.07478686,0.8406197,-0.2264842,-0.4862823,26.96905,241.5585,6.088871,0.6865896,0.02366038,-0.7266597,0.0,0.0,0.0,1.360444,-0.1542877,-2.586166,-0.170774,0.1144221,0.9145865,-0.515873,0.09453592,0.851433,-0.3460051,0.8862237,-0.3080391,-0.7836809,-0.4535092,-0.4244689,moving,65.8081,39.0387,-10.57662,7.131112,64.63316108472027,44.76826694414344,82.78115498986556,84.10152556940338,105.08264338100723
1750,1750,05/15/2023 13:23:52.883930,1979,True,True,True,True,Eyes,2.177437,0.07409709,-2.243504,-0.8606928,-0.3172936,-0.3981617,0.0,0.0,0.0,0.0,0.0,0.0,0.0,2.845225,0.02893955,0.7815156,2.110798,0.06932014,-2.060736,-0.07555144,0.8428836,-0.2279615,-0.4815317,27.19697,240.918,5.948661,0.6874924,0.0236697,-0.7258054,0.0,0.0,0.0,1.362455,-0.1559457,-2.58634,-0.1706051,0.11357,0.9125791,-0.5248384,0.09217925,0.8461959,-0.3469035,0.8846511,-0.3115292,-0.7773047,-0.4570509,-0.4323216,moving,65.17445,38.55121,-10.58911,7.093959,64.00619394259785,44.278038984650976,82.03460040952598,83.34935617383901,105.66533452799477
1751,1751,05/15/2023 13:23:52.903795,1980,True,True,True,True,Eyes,2.173827,0.0736849,-2.235641,-0.8556959,-0.3191002,-0.4073812,0.0,0.0,0.0,0.0,0.0,0.0,0.0,2.84382,0.02224344,0.7519464,2.104366,0.0684118,-2.054311,-0.07546981,0.8453228,-0.2278976,-0.4772802,27.21525,240.3056,5.805213,0.6883746,0.02367225,-0.7249687,0.0,0.0,0.0,1.36458,-0.1576969,-2.586524,-0.169842,0.1118567,0.9106042,-0.5330158,0.08994935,0.8413104,-0.3451347,0.884734,-0.3132536,-0.7725129,-0.4573346,-0.4405325,moving,64.54174,38.07147,-10.56517,7.00301,63.38034850319366,43.79531815158796,81.27913100248858,82.59306051859055,106.2648777977468
1752,1752,05/15/2023 13:23:52.923721,1981,True,True,True,True,Eyes,2.17009,0.07322036,-2.227837,-0.850585,-0.320832,-0.4166198,0.0,0.0,0.0,0.0,0.0,0.0,0.0,2.842015,0.01164687,0.7229781,2.097811,0.06711806,-2.048065,-0.07451445,0.8479005,-0.227384,-0.4730844,27.13582,239.7013,5.725534,0.6892343,0.02366752,-0.7241516,0.0,0.0,0.0,1.366872,-0.1595862,-2.586722,-0.1698505,0.110456,0.9085087,-0.5412772,0.08878204,0.8361437,-0.3415053,0.8854882,-0.3150947,-0.7683702,-0.4561013,-0.448975,moving,63.90421,37.59927,-10.5895,6.931972,62.750040628956526,43.3197212095643,80.55927008225002,81.8703640654206,106.827637866496
1753,1753,05/15/2023 13:23:52.934119,1982,True,True,True,True,Eyes,2.166238,0.07269902,-2.220096,-0.8453838,-0.3225062,-0.4258123,0.0,0.0,0.0,0.0,0.0,0.0,0.0,2.840252,-2.914667e-05,0.6923056,2.091195,0.06538799,-2.0418,-0.07344609,0.8505553,-0.2271993,-0.4685532,27.08539,239.0658,5.67043,0.690072,0.02365456,-0.7233537,0.0,0.0,0.0,1.368898,-0.1612567,-2.586898,-0.1715889,0.1102557,0.9060544,-0.5501274,0.08797002,0.8304345,-0.3378499,0.8859723,-0.3176644,-0.7636869,-0.4553179,-0.457677,moving,63.26601,37.13995,-10.72369,6.938082,62.11943510556748,42.8565306320796,79.91638465783737,81.21733698712791,107.3083173399831
1754,1754,05/15/2023 13:23:52.953749,1983,True,True,True,True,Eyes,2.162293,0.07211906,-2.212431,-0.8400823,-0.3242761,-0.4348638,0.0,0.0,0.0,0.0,0.0,0.0,0.0,2.838276,-0.01236719,0.660759,2.084582,0.06351013,-2.035449,-0.0724345,0.8531476,-0.227653,-0.4637529,27.10526,238.4168,5.644587,0.6908863,0.02363234,-0.7225767,0.0,0.0,0.0,1.371082,-0.1630567,-2.587087,-0.173792,0.1097384,0.903729,-0.5593732,0.08755488,0.8242791,-0.3347441,0.8858547,-0.3212598,-0.7583194,-0.4556267,-0.466215,moving,62.63191,36.71174,-10.88541,6.923442,61.493648673878575,42.42348535602652,79.32300446729941,80.61625898537167,107.75223768816673
1755,1755,05/15/2023 13:23:52.963453,1984,True,True,True,True,Eyes,2.158223,0.07151192,-2.204819,-0.8346616,-0.3261042,-0.4438425,0.0,0.0,0.0,0.0,0.0,0.0,0.0,2.835819,-0.02355969,0.6288939,2.077974,0.06159295,-2.028832,-0.07194863,0.8554645,-0.2292991,-0.458722,27.27897,237.7711,5.634968,0.6916779,0.02359984,-0.7218201,0.0,0.0,0.0,1.373164,-0.1647731,-2.587268,-0.1752469,0.1083947,0.9016634,-0.5687953,0.08727012,0.8178363,-0.3334681,0.8844906,-0.3263057,-0.7518453,-0.4583234,-0.4739923,moving,61.99759,36.30582,-10.99885,6.854997,60.86825701046067,42.01193987071911,78.71360256049097,80.00557294381444,108.22550321716926
1756,1756,05/15/2023 13:23:52.983828,1985,True,True,True,True,Eyes,2.154042,0.07087214,-2.197292,-0.8291742,-0.3278668,-0.4527402,0.0,0.0,0.0,0.0,0.0,0.0,0.0,2.832737,-0.03386641,0.5971935,2.070896,0.06036705,-2.022357,-0.07178516,0.857667,-0.2310466,-0.4537309,27.48164,237.13,5.597337,0.692446,0.0235572,-0.7210847,0.0,0.0,0.0,1.375373,-0.1665937,-2.587459,-0.1761174,0.1066873,0.8998277,-0.5779505,0.08653048,0.8114715,-0.3328015,0.8829287,-0.3311798,-0.7451286,-0.4614644,-0.4814917,moving,61.36487,35.91142,-11.07414,6.761658,60.24472904792919,41.61155972273706,78.08404955198432,79.37818801383729,108.72501537154906
1757,1757,05/15/2023 13:23:53.003669,1986,True,True,True,True,Eyes,2.149745,0.07019426,-2.189829,-0.8236448,-0.329501,-0.4615609,0.0,0.0,0.0,0.0,0.0,0.0,0.0,2.828594,-0.04268503,0.569247,2.063606,0.05899197,-2.016149,-0.07117047,0.8598997,-0.230947,-0.449634,27.46353,236.5581,5.515567,0.6931905,0.02350426,-0.7203707,0.0,0.0,0.0,1.37748,-0.168331,-2.587641,-0.1773018,0.1080336,0.897949,-0.5855279,0.08528435,0.8061534,-0.3300822,0.8831965,-0.3331812,-0.740407,-0.4611839,-0.4889853,moving,60.73424,35.52244,-11.16949,6.860367,59.62337299591076,41.21647464190234,77.40581900975036,78.6890817296769,109.26090761809958
1758,1758,05/15/2023 13:23:53.018908,1987,True,True,True,True,Eyes,2.145313,0.06948363,-2.182423,-0.8179268,-0.3310736,-0.4705167,0.0,0.0,0.0,0.0,0.0,0.0,0.0,2.824213,-0.05643374,0.5420175,2.056518,0.05738512,-2.010121,-0.06956179,0.8622504,-0.2307004,-0.4454916,27.37559,235.9954,5.531031,0.6939108,0.02344078,-0.719679,0.0,0.0,0.0,1.379603,-0.1700808,-2.587825,-0.1791705,0.1099397,0.8959489,-0.5933968,0.08559082,0.8003464,-0.3255095,0.883877,-0.3358646,-0.7361547,-0.4598214,-0.4966292,moving,60.09011,35.13169,-11.30875,6.995653,58.98889427646113,40.81925844525546,76.7426464709484,78.01150604966028,109.7785189595249
1759,1759,05/15/2023 13:23:53.033921,1988,True,True,True,True,Eyes,2.140758,0.06873036,-2.175091,-0.8120741,-0.3325336,-0.4795384,0.0,0.0,0.0,0.0,0.0,0.0,0.0,2.819814,-0.07758051,0.5119748,2.049127,0.05585496,-2.004356,-0.06701879,0.8648123,-0.2312406,-0.4406088,27.32373,235.3768,5.675211,0.6946055,0.02336679,-0.7190108,0.0,0.0,0.0,1.38177,-0.1718677,-2.588013,-0.1807088,0.109332,0.8943141,-0.6027449,0.08785591,0.7930827,-0.3196906,0.8840725,-0.3409012,-0.7310928,-0.4590175,-0.5047836,moving,59.43769,34.73918,-11.4236,6.969956,58.34633891249999,40.42008415030682,76.1081613365234,77.3741264837667,110.27745199096746
1760,1760,05/15/2023 13:23:53.053759,1989,True,True,True,True,Eyes,2.136074,0.06793489,-2.167814,-0.8059623,-0.3340665,-0.4886967,0.0,0.0,0.0,0.0,0.0,0.0,0.0,2.816322,-0.1029485,0.472578,2.041611,0.05405034,-1.998625,-0.06392305,0.8682607,-0.2313103,-0.4342038,27.20571,234.5423,5.799442,0.6952761,0.02328168,-0.7183653,0.0,0.0,0.0,1.383875,-0.1736029,-2.588196,-0.1814196,0.1088631,0.893155,-0.6147619,0.08986791,0.7835763,-0.3118754,0.8848188,-0.346164,-0.724432,-0.4571865,-0.5159253,moving,58.7694,34.35599,-11.48184,6.949277,57.68866801389402,40.029404701349776,75.40798789917397,76.67368536621797,110.84602050611069
1761,1761,05/15/2023 13:23:53.063741,1990,True,True,True,True,Eyes,2.131263,0.06711084,-2.160615,-0.799677,-0.3356097,-0.4978783,0.0,0.0,0.0,0.0,0.0,0.0,0.0,2.812665,-0.1191569,0.4310391,2.034013,0.05225305,-1.992772,-0.06277514,0.8714042,-0.2321468,-0.4275767,27.27551,233.6693,5.754378,0.6959206,0.02318528,-0.717744,0.0,0.0,0.0,1.386001,-0.175355,-2.58838,-0.1819393,0.108843,0.8916754,-0.626475,0.08911604,0.7743303,-0.3079261,0.8843343,-0.350905,-0.7160382,-0.4582697,-0.526572,moving,58.09364,33.98312,-11.53245,6.959421,57.02404403264524,39.64844835370334,74.6864962113681,75.95107229907481,111.43761272515324
1762,1762,05/15/2023 13:23:53.084009,1991,True,True,True,True,Eyes,2.126361,0.06628668,-2.15356,-0.7932163,-0.3371809,-0.507067,0.0,0.0,0.0,0.0,0.0,0.0,0.0,2.808347,-0.1352126,0.3897712,2.026109,0.05076224,-1.98729,-0.0617814,0.8744091,-0.2331889,-0.4209691,27.37556,232.8061,5.705778,0.696539,0.02307764,-0.7171474,0.0,0.0,0.0,1.38819,-0.1771594,-2.588569,-0.1829229,0.1086994,0.8904411,-0.6379365,0.08828621,0.7650118,-0.3043751,0.883612,-0.3557889,-0.7073848,-0.4598211,-0.5368162,moving,57.41108,33.62244,-11.60874,6.959869,56.353166840003134,39.27904040125451,73.99073080570592,75.2552298607408,112.00745930996496
1763,1763,05/15/2023 13:23:53.104095,1992,True,True,True,True,Eyes,2.121338,0.06543382,-2.146595,-0.7865855,-0.3386657,-0.5163223,0.0,0.0,0.0,0.0,0.0,0.0,0.0,2.803638,-0.1520677,0.3483851,2.018087,0.05003035,-1.982348,-0.06063274,0.8774947,-0.2337211,-0.4143686,27.41464,231.9324,5.642766,0.69713,0.02295974,-0.7165766,0.0,0.0,0.0,1.390321,-0.1789161,-2.588754,-0.1837991,0.1098628,0.8893396,-0.6492448,0.08728354,0.7555548,-0.3001032,0.8833963,-0.3599294,-0.6988702,-0.4604265,-0.5473464,moving,56.71872,33.26163,-11.67688,7.042241,55.67279505586093,38.90919972059916,73.24898947353009,74.50826657647075,112.61919027488332
1764,1764,05/15/2023 13:23:53.119133,1993,True,True,True,True,Eyes,2.116206,0.06460175,-2.139703,-0.7796976,-0.3404442,-0.5255183,0.0,0.0,0.0,0.0,0.0,0.0,0.0,2.798655,-0.167679,0.3041205,2.010115,0.04848939,-1.977412,-0.05941578,0.8808766,-0.2334968,-0.4074379,27.37292,230.9925,5.53116,0.697693,0.02283158,-0.7160326,0.0,0.0,0.0,1.392527,-0.1807348,-2.588945,-0.1835388,0.1106706,0.8887339,-0.6609285,0.08559492,0.7455517,-0.2949468,0.8838981,-0.3629472,-0.6900581,-0.4597801,-0.5589476,moving,56.01992,32.9362,-11.66852,7.09828,54.987151085958125,38.573293785209664,72.45221197147814,73.71332973552728,113.30041772698891
1765,1765,05/15/2023 13:23:53.133966,1994,True,True,True,True,Eyes,2.110938,0.06386805,-2.132903,-0.7725894,-0.3424727,-0.5346195,0.0,0.0,0.0,0.0,0.0,0.0,0.0,2.791831,-0.1880206,0.2659659,2.002252,0.04822141,-1.972073,-0.05868821,0.8830709,-0.2372705,-0.400555,27.77943,230.1848,5.605971,0.6982284,0.02269466,-0.7155149,0.0,0.0,0.0,1.394537,-0.1823912,-2.589119,-0.182368,0.110164,0.8885894,-0.6722229,0.08642803,0.7352867,-0.2937314,0.8805168,-0.3720376,-0.6795868,-0.466069,-0.5665169,moving,55.31739,32.64328,-11.59795,7.067255,54.29878123231601,38.26863842898491,71.6365533936148,72.91025658291588,114.01536915002386
1766,1766,05/15/2023 13:23:53.153860,1995,True,True,True,True,Eyes,2.105548,0.06320798,-2.126166,-0.765337,-0.3445392,-0.5436471,0.0,0.0,0.0,0.0,0.0,0.0,0.0,2.783235,-0.2207341,0.2297018,1.993687,0.04989368,-1.967385,-0.05636783,0.8851548,-0.2419801,-0.3934073,28.21171,229.4098,5.901536,0.6987346,0.02255318,-0.7150251,0.0,0.0,0.0,1.396642,-0.1841266,-2.589302,-0.1816456,0.113755,0.8882457,-0.6841068,0.09060499,0.7237325,-0.290182,0.8765366,-0.3840287,-0.6691729,-0.4727308,-0.5733526,moving,54.61242,32.36469,-11.55759,7.297979,53.608439070786034,37.97773298015064,70.75881728631155,72.02679119006413,114.78591904488506
1767,1767,05/15/2023 13:23:53.163543,1996,True,True,True,True,Eyes,2.100085,0.06261043,-2.119488,-0.7579544,-0.3468543,-0.5524465,0.0,0.0,0.0,0.0,0.0,0.0,0.0,2.774605,-0.2439879,0.1984076,1.985749,0.05097106,-1.962531,-0.05429477,0.88735,-0.2435974,-0.3877144,28.32121,228.7281,6.03396,0.6992121,0.0224098,-0.7145625,0.0,0.0,0.0,1.398847,-0.1859447,-2.589493,-0.1814316,0.1139286,0.8876817,-0.6934593,0.09253551,0.714529,-0.2852494,0.8754248,-0.3902105,-0.6616247,-0.474414,-0.5806758,moving,53.913,32.12271,-11.55148,7.313585,52.92447026956848,37.72232502019913,70.00779117309747,71.28702289182743,115.44908464933872
1768,1768,05/15/2023 13:23:53.183865,1997,True,True,True,True,Eyes,2.094527,0.06209706,-2.112887,-0.7504469,-0.3492392,-0.5611252,0.0,0.0,0.0,0.0,0.0,0.0,0.0,2.765059,-0.2686692,0.1739051,1.978536,0.05188257,-1.957213,-0.05277772,0.888437,-0.2483909,-0.3823561,28.79774,228.1902,6.300342,0.6996611,0.02226693,-0.7141275,0.0,0.0,0.0,1.401007,-0.1877246,-2.58968,-0.1813562,0.112101,0.8878002,-0.7020368,0.09616818,0.7056175,-0.2837269,0.871033,-0.4009996,-0.6531796,-0.4817191,-0.5842118,moving,53.21375,31.89776,-11.54531,7.196553,52.241130505042925,37.4833539260219,69.31006766221232,70.61161591859984,116.06757602393664
1769,1769,05/15/2023 13:23:53.203396,1998,True,True,True,True,Eyes,2.088877,0.06164499,-2.10636,-0.7428816,-0.3514656,-0.5697358,0.0,0.0,0.0,0.0,0.0,0.0,0.0,2.753641,-0.3065364,0.147265,1.97068,0.0533628,-1.952374,-0.04854103,0.8902122,-0.2518971,-0.3764492,29.01445,227.6007,6.779232,0.700082,0.02212707,-0.713719,0.0,0.0,0.0,1.403151,-0.1894919,-2.589865,-0.1809252,0.117416,0.8874123,-0.7118596,0.1032292,0.6946939,-0.2760765,0.8683833,-0.4119371,-0.6457846,-0.48503,-0.5896679,moving,52.51443,31.67011,-11.52351,7.537187,51.55764932023232,37.241775519733054,68.43431691751974,69.72514066182434,116.84846995456941
1770,1770,05/15/2023 13:23:53.219229,1999,True,True,True,True,Eyes,2.083184,0.06124531,-2.099911,-0.7353331,-0.3535767,-0.5781597,0.0,0.0,0.0,0.0,0.0,0.0,0.0,2.742261,-0.3382458,0.118259,1.962802,0.05437656,-1.94752,-0.0441118,0.8927286,-0.2519962,-0.3709284,28.85882,226.9536,7.095633,0.7004743,0.02199221,-0.7133381,0.0,0.0,0.0,1.405409,-0.1913537,-2.590061,-0.1789357,0.1196554,0.8871281,-0.7209328,0.1081854,0.6845088,-0.2657048,0.8691041,-0.4172038,-0.6400448,-0.4826531,-0.5978203,moving,51.82361,31.4481,-11.40368,7.681667,50.88255396436454,37.00590544648367,67.54652869161812,68.84392421942397,117.64977925499893
1771,1771,05/15/2023 13:23:53.233907,2000,True,True,True,True,Eyes,2.077402,0.06090225,-2.093501,-0.7277831,-0.3556463,-0.5863851,0.0,0.0,0.0,0.0,0.0,0.0,0.0,2.731002,-0.3603985,0.0954597,1.955225,0.05528052,-1.942012,-0.04143339,0.8944382,-0.2529447,-0.366446,28.8719,226.4387,7.299422,0.70084,0.02186315,-0.712983,0.0,0.0,0.0,1.407528,-0.1931005,-2.590245,-0.1768625,0.1197025,0.887768,-0.7280014,0.1112619,0.6764873,-0.2595003,0.8686045,-0.4221205,-0.6345658,-0.4828529,-0.6034729,moving,51.14112,31.23708,-11.26704,7.679184,50.21582568756408,36.78090036697903,66.70646819111634,68.02244238969327,118.4098745694518
1772,1772,05/15/2023 13:23:53.253926,2001,True,True,True,True,Eyes,2.071543,0.06062675,-2.087167,-0.7202501,-0.3573999,-0.5945629,0.0,0.0,0.0,0.0,0.0,0.0,0.0,2.718347,-0.3868606,0.07647848,1.947262,0.05628079,-1.936472,-0.03793024,0.895857,-0.2543665,-0.3623526,28.89724,226.0153,7.639069,0.701179,0.02174137,-0.7126533,0.0,0.0,0.0,1.409627,-0.1948307,-2.590426,-0.1757711,0.1278235,0.8880053,-0.734524,0.1163805,0.6685284,-0.2523008,0.867718,-0.4282637,-0.6299357,-0.4832402,-0.6079967,moving,50.46049,31.01065,-11.19635,8.19115,49.5504785528167,36.54108514628564,65.74416703431264,67.03652737145555,119.27553622361576
1773,1773,05/15/2023 13:23:53.263426,2002,True,True,True,True,Eyes,2.065603,0.06038445,-2.080871,-0.7128074,-0.358885,-0.6025837,0.0,0.0,0.0,0.0,0.0,0.0,0.0,2.706491,-0.4064229,0.05726337,1.939062,0.0576082,-1.931391,-0.03458153,0.8977576,-0.2528117,-0.3590568,28.60448,225.5943,7.820087,0.7014914,0.02162847,-0.7123494,0.0,0.0,0.0,1.411718,-0.1965539,-2.590608,-0.1768108,0.1378832,0.8871517,-0.7397648,0.1194558,0.6621771,-0.2436392,0.8697808,-0.4290937,-0.6272067,-0.4787607,-0.6143291,moving,49.78994,30.77706,-11.27146,8.834365,48.89469838916757,36.29467761743668,64.88433118883961,66.13649056578184,120.03699414551211
1774,1774,05/15/2023 13:23:53.283743,2003,True,True,True,True,Eyes,2.059586,0.06016535,-2.07459,-0.7052602,-0.3603483,-0.6105384,0.0,0.0,0.0,0.0,0.0,0.0,0.0,2.695927,-0.4151431,0.03918862,1.93113,0.05812153,-1.925945,-0.03282875,0.8994807,-0.2507131,-0.3563703,28.32169,225.2001,7.810877,0.7017771,0.02152467,-0.7120699,0.0,0.0,0.0,1.413813,-0.198281,-2.590789,-0.1772135,0.1356602,0.8872418,-0.743845,0.1196357,0.6575575,-0.237751,0.8721305,-0.4276247,-0.6246351,-0.4744215,-0.6202863,moving,49.11751,30.5497,-11.29535,8.693258,48.23726738185695,36.05422220437944,64.24498198520227,65.51911854205541,120.59173658886881
1775,1775,05/15/2023 13:23:53.303484,2004,True,True,True,True,Eyes,2.053508,0.05998715,-2.068344,-0.697745,-0.361774,-0.6182812,0.0,0.0,0.0,0.0,0.0,0.0,0.0,2.685512,-0.4217538,0.02348995,1.923494,0.05841206,-1.920198,-0.03209952,0.9006114,-0.250527,-0.3537018,28.29181,224.8504,7.79354,0.702038,0.02142988,-0.7118148,0.0,0.0,0.0,1.415987,-0.2000737,-2.590977,-0.1756805,0.1302749,0.8883253,-0.7477295,0.1194053,0.6531795,-0.2350421,0.8724117,-0.4285477,-0.6210123,-0.4739623,-0.6242628,moving,48.45541,30.33312,-11.1868,8.343083,47.59013467532537,35.82449187844543,63.56693276339097,64.88417282952572,121.19017652736254
1776,1776,05/15/2023 13:23:53.324181,2005,True,True,True,True,Eyes,2.047355,0.05984318,-2.062112,-0.68993,-0.3634148,-0.6260401,0.0,0.0,0.0,0.0,0.0,0.0,0.0,2.675777,-0.4249604,0.005764246,1.915895,0.05923364,-1.914743,-0.0324863,0.9016792,-0.2508852,-0.3506794,28.3737,224.4446,7.666233,0.702275,0.02134462,-0.711583,0.0,0.0,0.0,1.418179,-0.2018801,-2.591167,-0.1720299,0.1319394,0.8887792,-0.7519373,0.1173761,0.6487013,-0.234545,0.8720025,-0.4296513,-0.6161,-0.4752204,-0.6281613,moving,47.77951,30.13507,-10.95456,8.443899,46.9301423258065,35.61220765108616,62.61148359619137,63.94337931567201,122.0650611397738
1777,1777,05/15/2023 13:23:53.333980,2006,True,True,True,True,Eyes,2.041146,0.05975864,-2.05592,-0.6821271,-0.3650719,-0.6335813,0.0,0.0,0.0,0.0,0.0,0.0,0.0,2.666502,-0.4244031,-0.01379919,1.908354,0.05988899,-1.909222,-0.03360448,0.9028251,-0.2510778,-0.3474735,28.47087,223.9904,7.438702,0.7024888,0.02126912,-0.7113738,0.0,0.0,0.0,1.420237,-0.203577,-2.591346,-0.1678557,0.1325533,0.8891875,-0.7562662,0.1138078,0.6442902,-0.2351637,0.8716614,-0.4300053,-0.6105408,-0.476712,-0.6324445,moving,47.11309,29.9507,-10.69017,8.47878,46.27970415500942,35.413419946345336,61.6624700698407,63.016199427424,122.9377129002906
1778,1778,05/15/2023 13:23:53.353760,2007,True,True,True,True,Eyes,2.034898,0.05971634,-2.049784,-0.674023,-0.3668137,-0.6412026,0.0,0.0,0.0,0.0,0.0,0.0,0.0,2.657354,-0.4230745,-0.0324502,1.90074,0.06127633,-1.903946,-0.0353296,0.9037221,-0.2520148,-0.3442773,28.67424,223.5467,7.180718,0.7026802,0.02120449,-0.7111865,0.0,0.0,0.0,1.42236,-0.2053267,-2.59153,-0.1633825,0.1313444,0.8900837,-0.76045,0.1096697,0.640069,-0.2373822,0.8704807,-0.4311764,-0.6044547,-0.4798291,-0.6359234,moving,46.42948,29.77264,-10.40135,8.394221,45.61278998313632,35.220181473442906,60.7188606400718,62.106489462640795,123.80620493754155
1779,1779,05/15/2023 13:23:53.373338,2008,True,True,True,True,Eyes,2.028597,0.05969745,-2.04369,-0.665938,-0.3684041,-0.6486948,0.0,0.0,0.0,0.0,0.0,0.0,0.0,2.647324,-0.4257858,-0.0564971,1.8931,0.06229371,-1.89871,-0.03577255,0.905376,-0.2513902,-0.3403201,28.65624,222.981,6.959814,0.7028496,0.0211511,-0.7110206,0.0,0.0,0.0,1.424495,-0.2070866,-2.591715,-0.1586033,0.1281338,0.8911648,-0.7658053,0.106331,0.6342209,-0.2358814,0.8710467,-0.4308569,-0.5982494,-0.4795534,-0.6419707,moving,45.75147,29.59293,-10.09144,8.18205,44.95125427206504,35.0255265825936,59.80682552721303,61.23945156325514,124.64268977872185
1780,1780,05/15/2023 13:23:53.383799,2009,True,True,True,True,Eyes,2.022248,0.05971036,-2.037627,-0.6574557,-0.3702012,-0.6562798,0.0,0.0,0.0,0.0,0.0,0.0,0.0,2.637314,-0.4275347,-0.07971859,1.885486,0.062838,-1.893557,-0.03609879,0.9070292,-0.2503748,-0.3366117,28.58728,222.4406,6.741099,0.7029976,0.02110869,-0.7108755,0.0,0.0,0.0,1.42669,-0.2088962,-2.591905,-0.1543397,0.1239691,0.8919234,-0.7707791,0.1030728,0.6287098,-0.2340434,0.8720187,-0.4298919,-0.5925569,-0.478497,-0.6480103,moving,45.05128,29.42693,-9.817326,7.912886,44.26861166678116,34.84340440381825,58.9357108518865,60.41971097906155,125.44045370869365
1781,1781,05/15/2023 13:23:53.404011,2010,True,True,True,True,Eyes,2.015821,0.05974934,-2.031605,-0.648959,-0.3717571,-0.6638139,0.0,0.0,0.0,0.0,0.0,0.0,0.0,2.624661,-0.44126,-0.1059649,1.877778,0.06362779,-1.888037,-0.03490714,0.9087821,-0.2509288,-0.3315592,28.63491,221.8089,6.736063,0.7031249,0.0210773,-0.7107506,0.0,0.0,0.0,1.428799,-0.2106347,-2.592088,-0.150333,0.1236663,0.892284,-0.7777002,0.1029495,0.6201483,-0.2298414,0.8716324,-0.4329317,-0.5851115,-0.4792268,-0.6542066,moving,44.35169,29.25022,-9.563442,7.890654,43.58625809182959,34.65096740781839,57.99200391679684,59.50634414527661,126.30434863969941
1782,1782,05/15/2023 13:23:53.419421,2011,True,True,True,True,Eyes,2.009272,0.05980372,-2.025547,-0.640001,-0.3734421,-0.6715205,0.0,0.0,0.0,0.0,0.0,0.0,0.0,2.611369,-0.4549164,-0.1348326,1.869452,0.06425518,-1.882922,-0.03269702,0.9111735,-0.2490242,-0.3266202,28.37026,221.144,6.728146,0.7032315,0.02105681,-0.710646,0.0,0.0,0.0,1.43103,-0.2124735,-2.592281,-0.1470997,0.1258685,0.8922023,-0.7845003,0.1030873,0.6115,-0.2222579,0.8738357,-0.4324494,-0.5789306,-0.4751675,-0.6626125,moving,43.62329,29.07906,-9.362277,8.030075,42.8761541217263,34.462981985409286,57.01342017316373,58.545300902451956,127.20114866935151
1783,1783,05/15/2023 13:23:53.433919,2012,True,True,True,True,Eyes,2.002652,0.05986833,-2.019507,-0.6310193,-0.3750193,-0.6790988,0.0,0.0,0.0,0.0,0.0,0.0,0.0,2.598303,-0.4630743,-0.1639779,1.861388,0.06455255,-1.877117,-0.03188199,0.913306,-0.2479826,-0.3214972,28.25965,220.4485,6.598527,0.7033178,0.02104678,-0.7105611,0.0,0.0,0.0,1.433105,-0.2141838,-2.59246,-0.1449276,0.1271649,0.892176,-0.7912464,0.1012154,0.603063,-0.2176874,0.8749763,-0.4324681,-0.5714382,-0.473468,-0.6702885,moving,42.89827,28.90883,-9.226697,8.111922,42.16934895463266,34.275999867108915,56.12061623959195,57.67245885521832,128.01228416826137
1784,1784,05/15/2023 13:23:53.453627,2013,True,True,True,True,Eyes,1.995944,0.05993041,-2.013463,-0.6216939,-0.3767315,-0.6867096,0.0,0.0,0.0,0.0,0.0,0.0,0.0,2.586142,-0.4644035,-0.1907704,1.853023,0.06488413,-1.87144,-0.03261494,0.9150159,-0.2474771,-0.3169184,28.26586,219.8038,6.334306,0.7033841,0.02104662,-0.7104956,0.0,0.0,0.0,1.43525,-0.2159521,-2.592646,-0.1426584,0.1260183,0.8921828,-0.7969982,0.09717371,0.5961137,-0.2165465,0.8753827,-0.4322184,-0.5638279,-0.4735635,-0.6766359,moving,42.15526,28.74934,-9.084592,8.039686,41.4454138101333,34.09881621702567,55.266736847597755,56.85384555894179,128.78620253643626
1785,1785,05/15/2023 13:23:53.463746,2014,True,True,True,True,Eyes,1.98917,0.05999235,-2.007433,-0.6123779,-0.3783208,-0.6941662,0.0,0.0,0.0,0.0,0.0,0.0,0.0,2.573964,-0.4642564,-0.2163827,1.844668,0.06486276,-1.865648,-0.03310164,0.9168047,-0.2461203,-0.3127273,28.16368,219.1939,6.071168,0.703431,0.02105536,-0.7104492,0.0,0.0,0.0,1.437668,-0.2179455,-2.592856,-0.1414466,0.1221769,0.892015,-0.8022118,0.09324156,0.5897135,-0.2146325,0.8766582,-0.4305848,-0.5571257,-0.471992,-0.6832529,moving,41.41802,28.5904,-9.010359,7.799122,40.72708175948664,33.922344167687974,54.54629821941105,56.18038580969186,129.42646304658962
1786,1786,05/15/2023 13:23:53.483552,2015,True,True,True,True,Eyes,1.982335,0.06004889,-2.00142,-0.6028443,-0.3799882,-0.7015609,0.0,0.0,0.0,0.0,0.0,0.0,0.0,2.56131,-0.4658171,-0.2406988,1.836295,0.06493884,-1.859848,-0.03357491,0.9183704,-0.245557,-0.308497,28.14731,218.6035,5.84792,0.7034588,0.02107217,-0.7104213,0.0,0.0,0.0,1.43947,-0.2194309,-2.593012,-0.1399973,0.1241774,0.8918304,-0.8074048,0.08983882,0.5831181,-0.2131756,0.8771489,-0.4303091,-0.5501398,-0.4717402,-0.6890628,moving,40.67214,28.44142,-8.921343,7.926828,40.00065369451681,33.75521118325339,53.66900447183414,55.321488939102856,130.22370593362885
1787,1787,05/15/2023 13:23:53.503810,2016,True,True,True,True,Eyes,1.975425,0.06010535,-1.995407,-0.5933699,-0.3815137,-0.7087731,0.0,0.0,0.0,0.0,0.0,0.0,0.0,2.548388,-0.4658145,-0.2652464,1.827646,0.06490767,-1.853946,-0.03407791,0.9200308,-0.2444198,-0.3043701,28.06624,218.0114,5.598375,0.703468,0.02109615,-0.7104117,0.0,0.0,0.0,1.441544,-0.2211406,-2.593192,-0.1392002,0.1235113,0.8909142,-0.812395,0.08608269,0.5767183,-0.2114936,0.8781954,-0.4290028,-0.5434011,-0.470492,-0.6952356,moving,39.93536,28.2924,-8.880339,7.892857,39.2830376533747,33.58832495137156,52.906651977491926,54.589082460642274,130.90603819394235
1788,1788,05/15/2023 13:23:53.519639,2017,True,True,True,True,Eyes,1.968439,0.06016023,-1.989395,-0.5836363,-0.3832714,-0.7158713,0.0,0.0,0.0,0.0,0.0,0.0,0.0,2.535634,-0.464877,-0.2858562,1.818895,0.0649766,-1.847879,-0.03478574,0.921359,-0.2436701,-0.3008534,28.03079,217.5069,5.364053,0.703459,0.02112667,-0.7104198,0.0,0.0,0.0,1.443777,-0.2229815,-2.593385,-0.1384637,0.1217022,0.8904517,-0.8165548,0.0825176,0.5713403,-0.2107182,0.8788297,-0.4280843,-0.5374354,-0.4699459,-0.7002247,moving,39.18971,28.16422,-8.838611,7.782662,38.55739953878601,33.441268229527104,52.174011965598396,53.89569452780659,131.5621651097764
1789,1789,05/15/2023 13:23:53.533759,2018,True,True,True,True,Eyes,1.96137,0.06021645,-1.983391,-0.5740359,-0.3847876,-0.722787,0.0,0.0,0.0,0.0,0.0,0.0,0.0,2.522306,-0.4671744,-0.3039749,1.810008,0.0650409,-1.841826,-0.03482333,0.9225388,-0.2431956,-0.2975997,27.99806,217.0631,5.230813,0.7034321,0.02116312,-0.7104455,0.0,0.0,0.0,1.445871,-0.2247078,-2.593566,-0.1380104,0.120605,0.8895858,-0.8204436,0.08049814,0.5660323,-0.2090016,0.8792865,-0.4279879,-0.5321567,-0.4694416,-0.7045808,moving,38.45653,28.02934,-8.818573,7.720762,37.84365559234622,33.288137977050525,51.45263554029758,53.207652565737504,132.20523738714354
1790,1790,05/15/2023 13:23:53.558594,2019,True,True,True,True,Eyes,1.954217,0.06024479,-1.977362,-0.5641678,-0.3864155,-0.7296559,0.0,0.0,0.0,0.0,0.0,0.0,0.0,2.508841,-0.4697618,-0.3212402,1.800918,0.06510516,-1.835921,-0.03406199,0.9239528,-0.241374,-0.2947707,27.78255,216.6622,5.146151,0.7033874,0.02120506,-0.7104887,0.0,0.0,0.0,1.447979,-0.226445,-2.593749,-0.1380525,0.1172473,0.8887067,-0.8239003,0.07935664,0.5611519,-0.2052433,0.8811567,-0.4259554,-0.5282651,-0.4661173,-0.709698,moving,37.71109,27.90506,-8.829807,7.51564,37.11832720757473,33.14485078710772,50.81125408313604,52.61261714386862,132.76855678244763
1791,1791,05/15/2023 13:23:53.573658,2020,True,True,True,True,Eyes,1.946986,0.06025198,-1.971329,-0.5543858,-0.3879377,-0.7363157,0.0,0.0,0.0,0.0,0.0,0.0,0.0,2.494568,-0.4752842,-0.3380492,1.792107,0.06447123,-1.829546,-0.03286486,0.9252474,-0.2403515,-0.2916648,27.64166,216.2584,5.141523,0.7033253,0.02125105,-0.7105488,0.0,0.0,0.0,1.450078,-0.2281753,-2.593931,-0.1379375,0.1157187,0.8874275,-0.8277031,0.07938789,0.5555223,-0.2010204,0.8823021,-0.4255981,-0.5239258,-0.4639402,-0.7143256,moving,36.97678,27.7831,-8.83508,7.429331,36.40384120465416,33.00415106937,50.12985566670785,51.96759964960435,133.37252524408308
1792,1792,05/15/2023 13:23:53.593989,2021,True,True,True,True,Eyes,1.939669,0.06023604,-1.965285,-0.5442792,-0.3896015,-0.7429475,0.0,0.0,0.0,0.0,0.0,0.0,0.0,2.480072,-0.4801352,-0.3557653,1.783005,0.06397307,-1.823363,-0.03234721,0.9263738,-0.2401971,-0.2882546,27.62438,215.8197,5.085958,0.7032462,0.02130003,-0.7106257,0.0,0.0,0.0,1.452277,-0.2299882,-2.594121,-0.1383239,0.1161505,0.8857887,-0.8317261,0.07854463,0.5496025,-0.1984071,0.882518,-0.4263761,-0.5185236,-0.463673,-0.7184294,moving,36.2263,27.67251,-8.875571,7.470379,35.67400502690347,32.87391474989051,49.41968094435457,51.28356805812967,134.00681279924623
1793,1793,05/15/2023 13:23:53.603424,2022,True,True,True,True,Eyes,1.932285,0.06018882,-1.959238,-0.5342516,-0.391061,-0.7494308,0.0,0.0,0.0,0.0,0.0,0.0,0.0,2.465117,-0.4851108,-0.3749247,1.773836,0.06342973,-1.817191,-0.03150446,0.9277213,-0.2393799,-0.284672,27.52221,215.3512,5.035173,0.7031502,0.02135096,-0.7107192,0.0,0.0,0.0,1.454395,-0.231734,-2.594305,-0.1393094,0.116614,0.8841438,-0.8359387,0.07783481,0.5432755,-0.1947442,0.8834094,-0.4262188,-0.5131093,-0.4620925,-0.7233182,moving,35.48418,27.55604,-8.954149,7.513648,34.952104949441626,32.73826720705325,48.74897497787933,50.63635601041704,134.60059896514556
1794,1794,05/15/2023 13:23:53.623567,2023,True,True,True,True,Eyes,1.924828,0.06009398,-1.953168,-0.5237225,-0.3927152,-0.7559692,0.0,0.0,0.0,0.0,0.0,0.0,0.0,2.449565,-0.490787,-0.396126,1.764817,0.06260785,-1.810982,-0.03018265,0.9293323,-0.2379231,-0.2807544,27.33337,214.8371,5.004641,0.7030376,0.0214026,-0.710829,0.0,0.0,0.0,1.456616,-0.233565,-2.594497,-0.1402516,0.1156992,0.8823621,-0.8405319,0.07749648,0.5361905,-0.1896953,0.8849633,-0.4252714,-0.507466,-0.459167,-0.7291391,moving,34.71355,27.45123,-9.031619,7.470254,34.20291163445853,32.61297592843879,48.09240285898738,50.013809144602554,135.17930569408347
1795,1795,05/15/2023 13:23:53.635072,2024,True,True,True,True,Eyes,1.917306,0.05996181,-1.947086,-0.5131798,-0.3942532,-0.762372,0.0,0.0,0.0,0.0,0.0,0.0,0.0,2.432566,-0.4999682,-0.419174,1.755859,0.06138484,-1.804505,-0.0285099,0.9309339,-0.2373111,-0.2761031,27.23139,214.2585,5.030212,0.7029091,0.02145324,-0.7109545,0.0,0.0,0.0,1.458671,-0.235259,-2.594675,-0.1407282,0.1138228,0.8806717,-0.8459089,0.07796298,0.5275989,-0.1841263,0.8857412,-0.4260985,-0.500536,-0.4575852,-0.7349013,moving,33.9459,27.3453,-9.078904,7.364395,33.45657383077813,32.486697451906394,47.43806829812362,49.40037403479533,135.7539848939373
1796,1796,05/15/2023 13:23:53.653688,2025,True,True,True,True,Eyes,1.909752,0.05977961,-1.941013,-0.5022688,-0.3959592,-0.7687278,0.0,0.0,0.0,0.0,0.0,0.0,0.0,2.413956,-0.5119134,-0.4455571,1.74678,0.06033967,-1.798021,-0.02650361,0.9327156,-0.2368826,-0.2706029,27.14423,213.584,5.077893,0.7027649,0.02150168,-0.7110953,0.0,0.0,0.0,1.460865,-0.2370676,-2.594865,-0.1410851,0.1129494,0.8787996,-0.8521433,0.07876155,0.5173476,-0.1776429,0.8863684,-0.4275442,-0.4922346,-0.456232,-0.7413215,moving,33.15966,27.25226,-9.120607,7.323895,32.692583594196634,32.37227307463757,46.74142391032299,48.74181112593784,136.37204540166456
1797,1797,05/15/2023 13:23:53.663378,2026,True,True,True,True,Eyes,1.902134,0.05954526,-1.934919,-0.4913081,-0.3975932,-0.7749425,0.0,0.0,0.0,0.0,0.0,0.0,0.0,2.394876,-0.5214069,-0.4738972,1.73749,0.05902025,-1.791512,-0.02481947,0.9346245,-0.2360372,-0.2648539,27.02372,212.861,5.064375,0.7026058,0.02154635,-0.711251,0.0,0.0,0.0,1.462984,-0.2388143,-2.595049,-0.1411656,0.1146333,0.87687,-0.8584731,0.07863696,0.5067945,-0.1714245,0.8873408,-0.4280652,-0.4833613,-0.4543593,-0.7482779,moving,32.37441,27.16062,-9.145468,7.448045,31.92959032401828,32.259230542078534,45.96178719616448,47.98703308525075,137.07492702394651
1798,1798,05/15/2023 13:23:53.683798,2027,True,True,True,True,Eyes,1.89448,0.05926376,-1.928819,-0.4799622,-0.3993781,-0.7811104,0.0,0.0,0.0,0.0,0.0,0.0,0.0,2.375228,-0.5309626,-0.50195,1.728289,0.05746897,-1.78474,-0.02355558,0.9363135,-0.2361488,-0.2588357,27.02716,212.1161,5.032228,0.7024323,0.02158575,-0.711421,0.0,0.0,0.0,1.465108,-0.2405651,-2.595233,-0.1419707,0.1163631,0.8746057,-0.8648987,0.0781367,0.495828,-0.1663583,0.8873577,-0.4300247,-0.4735776,-0.4544128,-0.7544758,moving,31.56912,27.08045,-9.22014,7.57849,31.14750161104916,32.156626542781275,45.211615489707945,47.261308542545756,137.74917345756015
1799,1799,05/15/2023 13:23:53.703537,2028,True,True,True,True,Eyes,1.886783,0.05892986,-1.922755,-0.4685137,-0.4010417,-0.7871851,0.0,0.0,0.0,0.0,0.0,0.0,0.0,2.354901,-0.5396841,-0.5327816,1.719235,0.05611829,-1.778132,-0.02246307,0.9381863,-0.2359207,-0.2522765,27.00119,211.2906,4.950292,0.702245,0.02161869,-0.7116047,0.0,0.0,0.0,1.467286,-0.2423602,-2.595422,-0.1436224,0.114433,0.8726566,-0.871704,0.07688542,0.4839637,-0.1611836,0.8876736,-0.4313414,-0.4627656,-0.454009,-0.7613961,moving,30.76009,26.99716,-9.345994,7.470671,30.361705724627438,32.05089491147281,44.60696970745914,46.699987419262946,138.27266503560466
1800,1800,05/15/2023 13:23:53.719398,2029,True,True,True,True,Eyes,1.879063,0.05851798,-1.916674,-0.4566477,-0.4027541,-0.7932604,0.0,0.0,0.0,0.0,0.0,0.0,0.0,2.334365,-0.5486856,-0.5667472,1.710436,0.0545947,-1.772835,-0.02129086,0.940213,-0.2353702,-0.2452495,26.93886,210.402,4.852563,0.7020436,0.02164385,-0.7118022,0.0,0.0,0.0,1.46947,-0.2441608,-2.595611,-0.145356,0.1114767,0.8706073,-0.878799,0.07541298,0.471196,-0.1554848,0.8882951,-0.4321532,-0.451151,-0.4530394,-0.7689074,moving,29.92728,26.91781,-9.478638,7.296719,29.55298696437247,31.948219156760096,44.020604101409205,46.16453408557447,138.77445027490316
1801,1801,05/15/2023 13:23:53.733483,2030,True,True,True,True,Eyes,1.871325,0.05805013,-1.910605,-0.4446705,-0.4044412,-0.7991842,0.0,0.0,0.0,0.0,0.0,0.0,0.0,2.311504,-0.5590868,-0.6013591,1.701658,0.05235465,-1.766034,-0.01954254,0.9423234,-0.2348291,-0.237697,26.86311,209.4639,4.810153,0.7018292,0.0216591,-0.7120129,0.0,0.0,0.0,1.471613,-0.2459275,-2.595797,-0.1465954,0.1094935,0.8684651,-0.8862367,0.07480559,0.4571533,-0.1484672,0.8889468,-0.4332796,-0.4387967,-0.4518605,-0.776711,moving,29.0918,26.84249,-9.581116,7.18577,28.74179227344341,31.84934805793062,43.38180578423927,45.57342845512497,139.32903265922428
1802,1802,05/15/2023 13:23:53.753460,2031,True,True,True,True,Eyes,1.863581,0.0575858,-1.904557,-0.4322306,-0.4062868,-0.8050514,0.0,0.0,0.0,0.0,0.0,0.0,0.0,2.28862,-0.5742742,-0.6331565,1.693452,0.0505449,-1.760148,-0.01733071,0.9440662,-0.2354265,-0.230246,26.90399,208.5776,4.86888,0.7016023,0.02166329,-0.712236,0.0,0.0,0.0,1.473762,-0.2476985,-2.595983,-0.1476082,0.1088599,0.8663211,-0.8933731,0.07568931,0.4428951,-0.1411346,0.8885481,-0.4365356,-0.4265746,-0.4524969,-0.7831227,moving,28.23127,26.77879,-9.669486,7.162115,27.906654174717403,31.760903123524283,42.67647177810229,44.91176558070335,139.95076536760232
1803,1803,05/15/2023 13:23:53.763455,2032,True,True,True,True,Eyes,1.85578,0.05717575,-1.898559,-0.4195588,-0.4082397,-0.810747,0.0,0.0,0.0,0.0,0.0,0.0,0.0,2.261132,-0.6008455,-0.6657815,1.684574,0.05023283,-1.754048,-0.01357748,0.9457024,-0.237326,-0.2216735,27.05843,207.6178,5.124098,0.7013633,0.02165757,-0.7124711,0.0,0.0,0.0,1.475984,-0.2495305,-2.596175,-0.1487365,0.1106859,0.8641146,-0.9013533,0.07953727,0.4257189,-0.1308983,0.8869841,-0.4428599,-0.4128298,-0.454899,-0.7890747,moving,27.36141,26.72687,-9.766387,7.299365,27.06280144463373,31.683531659750034,41.903475519319805,44.16986195564582,140.6443647846017
1804,1804,05/15/2023 13:23:53.783902,2033,True,True,True,True,Eyes,1.847943,0.05677142,-1.892522,-0.4064739,-0.4102498,-0.8163787,0.0,0.0,0.0,0.0,0.0,0.0,0.0,2.230644,-0.6315972,-0.7029457,1.675315,0.05113448,-1.749151,-0.009458346,0.9474712,-0.2393526,-0.2119417,27.23032,206.5246,5.390669,0.7011112,0.02164491,-0.7127191,0.0,0.0,0.0,1.478043,-0.2512273,-2.596354,-0.1501038,0.1122831,0.8619165,-0.9099825,0.08353452,0.406145,-0.1193806,0.8852418,-0.4495501,-0.3970895,-0.4575685,-0.7955821,moving,26.46866,26.68062,-9.879053,7.422208,26.19693495857407,31.610913184806797,41.13444630832063,43.43466778628196,141.33229134737144
1805,1805,05/15/2023 13:23:53.803805,2034,True,True,True,True,Eyes,1.84002,0.05648882,-1.886486,-0.3932353,-0.412875,-0.8215231,0.0,0.0,0.0,0.0,0.0,0.0,0.0,2.200529,-0.6499792,-0.7406497,1.666239,0.05093195,-1.741956,-0.007897623,0.9491464,-0.2413278,-0.2020389,27.47116,205.3391,5.336838,0.700847,0.02162621,-0.712979,0.0,0.0,0.0,1.480163,-0.2529755,-2.596537,-0.1528659,0.1104299,0.8596606,-0.9182362,0.08252318,0.3873407,-0.1125072,0.883397,-0.4549196,-0.3797171,-0.4613021,-0.8018826,moving,25.57886,26.68285,-10.08301,7.319985,25.33524748661278,31.58516353788079,40.57942228402377,42.93310905191042,141.80826462185527
1806,1806,05/15/2023 13:23:53.823742,2035,True,True,True,True,Eyes,1.639105,0.05252469,-1.737048,-0.03849203,-0.4451927,-0.8946071,0.0,0.0,0.0,0.0,0.0,0.0,0.0,2.172276,-0.6836819,-0.7569227,1.65613,0.05371757,-1.735939,-0.007281756,0.948324,-0.2508313,-0.1941962,28.59185,204.5392,5.464115,0.7005698,0.02160669,-0.7132514,0.0,0.0,0.0,1.48227,-0.2547117,-2.59672,-0.1554378,0.1080859,0.8575665,-0.9244696,0.08361004,0.3719747,-0.1112319,0.8740613,-0.4729106,-0.3646688,-0.4785669,-0.7987429,moving,2.463731,26.4568,-10.27358,7.183561,2.94267877247808,30.64224086333583,23.101879427047532,26.925436985712633,157.15388142949013
1807,1807,05/15/2023 13:23:53.833773,2036,True,True,True,True,Eyes,1.638715,0.05252354,-1.736818,-0.03838769,-0.4446836,-0.8948647,0.0,0.0,0.0,0.0,0.0,0.0,0.0,2.143187,-0.706836,-0.7827573,1.64488,0.05651779,-1.731113,-0.002902529,0.949903,-0.2501061,-0.1874113,28.44018,203.7822,5.758795,0.6982987,0.02168487,-0.715473,-0.6027442,-0.01189241,0.4483119,1.484443,-0.2565034,-2.596908,-0.1570247,0.1063785,0.8553251,-0.9297374,0.08823116,0.357497,-0.09925964,0.874877,-0.4740651,-0.3545932,-0.476241,-0.8046482,moving,2.456355,26.42408,-10.4028,7.089587,2.934643055957565,30.610439415327768,23.220260267298343,27.039191659784148,157.03707863895434
1808,1808,05/15/2023 13:23:53.853546,2037,True,True,True,True,Eyes,1.637966,0.05254174,-1.736299,-0.03809637,-0.4443689,-0.8950335,0.0,0.0,0.0,0.0,0.0,0.0,0.0,2.129315,-0.6924901,-0.7998905,1.63511,0.05638686,-1.725278,-0.002208359,0.9520573,-0.2431204,-0.1856737,27.6293,203.443,5.575435,0.6964709,0.02174478,-0.7172509,-0.5665796,-0.01117887,0.4214132,1.486514,-0.2582105,-2.597087,-0.1557509,0.1039931,0.8536536,-0.9310412,0.08607714,0.3546177,-0.09448708,0.8817751,-0.4621091,-0.35247,-0.4637492,-0.8128358,moving,2.437277,26.40362,-10.34,6.945621,2.915608576700204,30.59010019155724,23.278155696247286,27.1066883808899,156.97425513251594
1809,1809,05/15/2023 13:23:53.873708,2038,True,True,True,True,Eyes,1.636863,0.05260366,-1.735631,-0.03767205,-0.4441847,-0.8951429,0.0,0.0,0.0,0.0,0.0,0.0,0.0,2.112116,-0.7066987,-0.7979321,1.625706,0.05692974,-1.717846,-0.001799377,0.9511606,-0.2483369,-0.1833551,28.23417,203.2591,5.70927,0.694993,0.02179193,-0.718682,-0.5325848,-0.01050813,0.3961284,1.488675,-0.2599917,-2.597275,-0.1542703,0.1039182,0.8518897,-0.9327553,0.08764468,0.349694,-0.09449067,0.8766512,-0.4717566,-0.3479066,-0.4730763,-0.8094195,moving,2.409868,26.39137,-10.26456,6.954895,2.8887296203605985,30.57742122009389,23.20382911402359,27.037617736333743,157.04489419818006
1810,1810,05/15/2023 13:23:53.883664,2039,True,True,True,True,Eyes,1.63551,0.05268481,-1.734789,-0.03713896,-0.4436755,-0.8954177,0.0,0.0,0.0,0.0,0.0,0.0,0.0,2.095294,-0.7191612,-0.8024747,1.616061,0.05804928,-1.71359,0.0001331431,0.9512052,-0.2497387,-0.1812163,28.36308,203.0699,5.920551,0.6937895,0.02183156,-0.7198431,-0.5006297,-0.009877647,0.3723607,1.490792,-0.2617371,-2.597458,-0.1528774,0.1039001,0.8499171,-0.9343214,0.09076677,0.3446813,-0.09026017,0.8752611,-0.4751538,-0.3448143,-0.4750573,-0.8095826,moving,2.375078,26.35821,-10.19694,6.969676,2.854132155500829,30.54433561916124,23.10781009229304,26.94615112715359,157.13690182492692
1811,1811,05/15/2023 13:23:53.903777,2040,True,True,True,True,Eyes,1.633866,0.05279011,-1.733755,-0.03617946,-0.4434734,-0.895557,0.0,0.0,0.0,0.0,0.0,0.0,0.0,2.078524,-0.7211885,-0.8150392,1.607437,0.05862249,-1.708032,0.001095192,0.9521323,-0.2484328,-0.1781128,28.20916,202.6751,5.899999,0.6928037,0.02186682,-0.7207911,-0.4705919,-0.009284988,0.3500191,1.492953,-0.2635182,-2.597645,-0.1513178,0.1020704,0.8481475,-0.9365493,0.09058364,0.3386296,-0.08641257,0.8765599,-0.4734719,-0.339718,-0.4726916,-0.813114,moving,2.313425,26.34428,-10.1157,6.862265,2.7940429585761866,30.5289619036628,23.109133621272996,26.958746365258712,157.1283307670833
1812,1812,05/15/2023 13:23:53.923704,2041,True,True,True,True,Eyes,1.631945,0.05294436,-1.732601,-0.0345368,-0.4432562,-0.8957294,0.0,0.0,0.0,0.0,0.0,0.0,0.0,2.055364,-0.7385513,-0.8291991,1.598712,0.0593687,-1.702395,0.002133111,0.9521441,-0.2523648,-0.1724215,28.67493,202.0531,5.959262,0.6919883,0.02190059,-0.7215733,-0.4423564,-0.008727889,0.3290179,1.495119,-0.2653042,-2.597833,-0.1490402,0.09971464,0.8464353,-0.9405326,0.09108828,0.3272635,-0.08296417,0.8726149,-0.4813109,-0.3294168,-0.4798397,-0.8131657,moving,2.20807,26.32874,-9.986264,6.718784,2.6915856015784354,30.51066441158802,23.092253160432225,26.958884324829697,157.1339024120767
1813,1813,05/15/2023 13:23:53.933779,2042,True,True,True,True,Eyes,1.629732,0.05314813,-1.731324,-0.03237025,-0.4428604,-0.896006,0.0,0.0,0.0,0.0,0.0,0.0,0.0,2.028739,-0.7563468,-0.852083,1.589536,0.06073183,-1.69811,0.004252865,0.9529583,-0.2539039,-0.1654846,28.84961,201.2573,6.038454,0.6913061,0.02193608,-0.7222261,-0.415815,-0.008204215,0.3092768,1.49722,-0.2670361,-2.598015,-0.1480008,0.1036283,0.8447515,-0.9451934,0.09213998,0.3132402,-0.07592877,0.8710294,-0.4853273,-0.3175595,-0.4825121,-0.8162951,moving,2.06904,26.30137,-9.937385,6.993711,2.556192282434926,30.47989670678393,22.736313187078196,26.60245087140874,157.48355730175444
1814,1814,05/15/2023 13:23:53.954139,2043,True,True,True,True,Eyes,1.627273,0.05336417,-1.729942,-0.02947937,-0.4420699,-0.896496,0.0,0.0,0.0,0.0,0.0,0.0,0.0,1.999933,-0.7652199,-0.8857419,1.580205,0.06208098,-1.693792,0.00664702,0.9550332,-0.2511012,-0.1575298,28.52393,200.2588,5.997871,0.6907028,0.02197723,-0.7228021,-0.3908661,-0.007711962,0.2907202,1.499438,-0.2688642,-2.598207,-0.1473086,0.1062728,0.8431078,-0.9502805,0.09180809,0.2975543,-0.06641559,0.8738081,-0.481714,-0.3042306,-0.4775257,-0.8242654,moving,1.883372,26.2483,-9.910732,7.18418,2.3749304458567497,30.422869727839725,22.41743875952862,26.28638815053028,157.7931002084979
1815,1815,05/15/2023 13:23:53.973824,2044,True,True,True,True,Eyes,1.624551,0.05358839,-1.728461,-0.02605808,-0.4412149,-0.8970231,0.0,0.0,0.0,0.0,0.0,0.0,0.0,1.973149,-0.7645048,-0.9216266,1.571159,0.06256327,-1.689594,0.00673812,0.957099,-0.248139,-0.149477,28.22744,199.1804,5.672022,0.6901338,0.02202585,-0.7233441,-0.3674142,-0.007249244,0.273277,1.501628,-0.270669,-2.598397,-0.1483891,0.1046451,0.8421292,-0.9552225,0.08708023,0.2827846,-0.06128404,0.8767633,-0.4770014,-0.2894725,-0.4729727,-0.8321674,moving,1.663946,26.19099,-9.993337,7.083412,2.1608592377270344,30.36069320727744,22.382845752231173,26.259404155232648,157.8163010409421
1816,1816,05/15/2023 13:23:53.993836,2045,True,True,True,True,Eyes,1.621577,0.05382509,-1.726894,-0.02203479,-0.440196,-0.8976313,0.0,0.0,0.0,0.0,0.0,0.0,0.0,1.946829,-0.7643693,-0.954411,1.561983,0.0629797,-1.685688,0.005658736,0.9585748,-0.2471419,-0.1415041,28.17762,198.1153,5.258762,0.6895916,0.02208183,-0.7238594,-0.3453693,-0.00681429,0.2568804,1.503725,-0.2723978,-2.598578,-0.1504092,0.1094451,0.8410423,-0.9598892,0.08079183,0.2684875,-0.05909454,0.8777778,-0.4754094,-0.2740816,-0.4722064,-0.837795,moving,1.406198,26.12321,-10.1394,7.414252,1.9093886544018797,30.28721296608566,21.984675176662673,25.852381928838234,158.20748716375235
1817,1817,05/15/2023 13:23:54.003586,2046,True,True,True,True,Eyes,1.61837,0.0540739,-1.725252,-0.01757072,-0.4391364,-0.8982486,0.0,0.0,0.0,0.0,0.0,0.0,0.0,1.920627,-0.7630724,-0.9871747,1.553112,0.06347266,-1.682087,0.004323331,0.9600224,-0.2459906,-0.1335187,28.10951,197.0409,4.811847,0.68907,0.02214518,-0.7243542,-0.3246472,-0.006405432,0.2414676,1.505765,-0.2740796,-2.598755,-0.1518844,0.110275,0.8402045,-0.9643084,0.07398968,0.2542349,-0.05738771,0.8789399,-0.4734674,-0.2584889,-0.4711584,-0.8433231,moving,1.120625,26.05312,-10.24674,7.477209,1.63090728628811,30.21063139949351,21.778003960949817,25.649307964373246,158.40214722432762
1818,1818,05/15/2023 13:23:54.024003,2047,True,True,True,True,Eyes,1.614941,0.0543367,-1.72355,-0.01276201,-0.4380677,-0.8988514,0.0,0.0,0.0,0.0,0.0,0.0,0.0,1.896612,-0.7594898,-1.01611,1.54421,0.06401953,-1.678618,0.002018171,0.9611359,-0.2454783,-0.1263091,28.12302,196.0471,4.284704,0.6885625,0.02221599,-0.7248347,-0.3051684,-0.006021106,0.2269795,1.507933,-0.2758669,-2.598943,-0.1537023,0.1056211,0.8399633,-0.968084,0.06589176,0.2418096,-0.05813281,0.8794727,-0.4723859,-0.2437912,-0.4713663,-0.8475729,moving,0.8134384,25.98293,-10.36965,7.167035,1.3314909787494786,30.133275613747383,21.888338694684883,25.775277071897985,158.27619354145776
1819,1819,05/15/2023 13:23:54.033739,2048,True,True,True,True,Eyes,1.611303,0.05460667,-1.72178,-0.007704794,-0.4370302,-0.8994139,0.0,0.0,0.0,0.0,0.0,0.0,0.0,1.873669,-0.7575116,-1.041437,1.5355,0.06460492,-1.675444,0.0001617741,0.9620537,-0.2451569,-0.1197952,28.14271,195.1587,3.839712,0.6880644,0.02229426,-0.7253053,-0.2868583,-0.00565984,0.2133608,1.510119,-0.2776683,-2.599132,-0.1575404,0.1036884,0.8397689,-0.9712982,0.05904851,0.2304195,-0.05842597,0.8797962,-0.4717469,-0.2305782,-0.4716693,-0.8510945,moving,0.4908101,25.91537,-10.62517,7.038827,1.017191502454802,30.057973202763225,21.906366408294303,25.795846046563973,158.24759905556448
1820,1820,05/15/2023 13:23:54.053806,2049,True,True,True,True,Eyes,1.607469,0.05486626,-1.71996,-0.002554667,-0.4361364,-0.8998769,0.0,0.0,0.0,0.0,0.0,0.0,0.0,1.852001,-0.7590566,-1.06057,1.526746,0.06505801,-1.672033,-0.0007001192,0.9626633,-0.245353,-0.1143722,28.19961,194.4462,3.563356,0.6875709,0.02237985,-0.7257706,-0.2696468,-0.005320249,0.2005591,1.512206,-0.2793887,-2.599313,-0.1626346,0.1023697,0.8392721,-0.9738373,0.05477518,0.2205474,-0.0574711,0.8796027,-0.4722246,-0.2198603,-0.4725448,-0.8534421,moving,0.1626569,25.85772,-10.96688,6.954267,0.6978115421402448,29.992059293340176,21.936433778799838,25.822565761836334,158.20975229770548
1821,1821,05/15/2023 13:23:54.063528,2050,True,True,True,True,Eyes,1.603455,0.05512303,-1.718098,0.002769864,-0.4354275,-0.9002196,0.9802337,1.60617,-0.3716977,-2.600523,-0.1485204,-0.8674621,0.4748171,-0.3047115,0.05168584,0.985163,1.51852,0.06506619,-1.669061,-0.0007925314,0.9631883,-0.2456297,-0.1092422,28.25187,193.7956,3.393354,0.6870783,0.02247177,-0.7262343,-0.2534679,-0.005001034,0.1885256,1.514425,-0.2812182,-2.599505,-0.1687533,0.09543701,0.8389938,-0.9761313,0.05213953,0.2108309,-0.05519296,0.8793308,-0.4730022,-0.2100522,-0.4733485,-0.8554645,moving,-0.1762914,25.81261,-11.3726,6.4896,0.368318763681513,29.937906205932187,22.332398924578925,26.22350543582087,157.80581472667808
1822,1822,05/15/2023 13:23:54.083977,2051,True,True,True,True,Eyes,1.599274,0.05538021,-1.716218,0.008150888,-0.434991,-0.900398,0.9821126,1.607279,-0.3718299,-2.60051,-0.07465287,-0.8764083,0.4757472,-0.3054178,0.05726293,0.9884216,1.510114,0.06528363,-1.666151,0.0007319687,0.9632655,-0.2475171,-0.104185,28.46989,193.2229,3.455565,0.6865826,0.02256956,-0.7266999,-0.2382599,-0.004700972,0.177214,1.516482,-0.2829138,-2.599684,-0.1753884,0.0892632,0.8387094,-0.97829,0.05298533,0.2003533,-0.050165,0.8774694,-0.4770019,-0.201078,-0.4766969,-0.8557616,moving,-0.5186581,25.78564,-11.81131,6.075078,0.0360100182573688,29.90114845615726,22.716299022737346,26.609032770786154,157.41652615966794
1823,1823,05/15/2023 13:23:54.103905,2052,True,True,True,True,Eyes,1.594917,0.05564497,-1.714316,0.01376686,-0.4346112,-0.900513,0.0,0.0,0.0,0.0,0.0,0.0,0.0,1.780296,-0.794131,-1.10789,1.50168,0.06555907,-1.663785,0.003957231,0.9636149,-0.2486133,-0.09809275,28.57825,192.5632,3.682401,0.6860814,0.02267267,-0.7271701,-0.2239643,-0.004418914,0.1665812,1.518612,-0.2846699,-2.599868,-0.1821706,0.08712637,0.8383367,-0.9807242,0.05640081,0.1870796,-0.04114782,0.8763515,-0.4799112,-0.1910149,-0.4783585,-0.8571385,moving,-0.8758582,25.76318,-12.25978,5.933316,-0.3105415068343067,29.86827708889873,22.865195861986646,26.751946899125848,157.26378444469552
1824,1824,05/15/2023 13:23:54.119796,2053,True,True,True,True,Eyes,1.590428,0.05590401,-1.712419,0.01963165,-0.434443,-0.9004853,0.0,0.0,0.0,0.0,0.0,0.0,0.0,1.754154,-0.8046445,-1.126469,1.493031,0.06601061,-1.661308,0.005604326,0.9641227,-0.2489207,-0.09205693,28.61675,191.8522,3.699152,0.6855716,0.02278104,-0.7276474,-0.2105264,-0.004153779,0.1565863,1.520823,-0.2864923,-2.60006,-0.1880762,0.08563545,0.838189,-0.9829881,0.05663628,0.1747183,-0.03502324,0.8760141,-0.4810121,-0.1802984,-0.4789484,-0.8591279,moving,-1.248918,25.75518,-12.64678,5.83351,-0.6720584271122225,29.848860261746456,22.951779751469033,26.83525675194015,157.172459173931
1825,1825,05/15/2023 13:23:54.133579,2054,True,True,True,True,Eyes,1.585773,0.05614702,-1.710505,0.02571468,-0.4342681,-0.9004166,0.0,0.0,0.0,0.0,0.0,0.0,0.0,1.728909,-0.8120714,-1.145871,1.484505,0.06614663,-1.659361,0.006500182,0.9646346,-0.2490551,-0.08607843,28.64461,191.1231,3.62038,0.6850491,0.02289439,-0.7281359,-0.1978948,-0.003904552,0.1471911,1.522897,-0.2882017,-2.60024,-0.1933225,0.08436936,0.8383064,-0.9850963,0.05541714,0.1628306,-0.03033594,0.8758587,-0.4816133,-0.1693062,-0.4793752,-0.8611242,moving,-1.635846,25.74787,-12.986,5.747046,-1.0469875245315907,29.829674324376235,22.9969336326105,26.879602041314502,157.12205015879007
1826,1826,05/15/2023 13:23:54.153667,2055,True,True,True,True,Eyes,1.580969,0.05637743,-1.70861,0.03196186,-0.4341552,-0.9002708,0.0,0.0,0.0,0.0,0.0,0.0,0.0,1.703191,-0.8180278,-1.165332,1.475791,0.06600249,-1.657019,0.007453125,0.965211,-0.248789,-0.08010276,28.62491,190.3924,3.543043,0.6845128,0.02301142,-0.7286364,-0.1860211,-0.003670279,0.1383597,1.525033,-0.2899627,-2.600425,-0.1986083,0.08374453,0.8385395,-0.9870561,0.05424504,0.1509236,-0.02546969,0.876097,-0.4814617,-0.1583406,-0.4790736,-0.8633753,moving,-2.033289,25.74567,-13.32497,5.70319,-1.4319607813508115,29.815089095646886,23.004414018969513,26.885448597215774,157.1098405048616
1827,1827,05/15/2023 13:23:54.163938,2056,True,True,True,True,Eyes,1.576,0.0565838,-1.706712,0.03845745,-0.4340162,-0.9000839,0.0,0.0,0.0,0.0,0.0,0.0,0.0,1.676783,-0.8251916,-1.185459,1.467229,0.06594819,-1.65552,0.008541957,0.9657348,-0.2486368,-0.07391334,28.61826,189.6407,3.47799,0.6839594,0.02313146,-0.7291521,-0.1748599,-0.003450062,0.1300581,1.527205,-0.291753,-2.600613,-0.2026032,0.08033639,0.8392818,-0.9889278,0.05325368,0.1385137,-0.02025662,0.8762136,-0.4814971,-0.1470091,-0.4789717,-0.8654331,moving,-2.446561,25.74314,-13.57159,5.467717,-1.832273014069793,29.79968911692365,23.12701987026798,27.015855166825634,156.98231017110106
1828,1828,05/15/2023 13:23:54.183913,2057,True,True,True,True,Eyes,1.570878,0.05676506,-1.704843,0.04507803,-0.4338218,-0.8998704,0.0,0.0,0.0,0.0,0.0,0.0,0.0,1.647853,-0.8319075,-1.207184,1.45819,0.06556851,-1.65353,0.01004227,0.9663797,-0.247974,-0.06722052,28.5499,188.8342,3.442629,0.6833867,0.02325338,-0.7296851,-0.1643683,-0.003243058,0.1222546,1.529384,-0.2935491,-2.600801,-0.2069091,0.07660607,0.8398434,-0.9907612,0.05274717,0.1249406,-0.0139286,0.8768161,-0.4806241,-0.1349015,-0.4779239,-0.8679806,moving,-2.867773,25.73842,-13.84013,5.211795,-2.240334651150886,29.78192712575338,23.275200364896413,27.170694595688197,156.83139693632856
1829,1829,05/15/2023 13:23:54.203949,2058,True,True,True,True,Eyes,1.565581,0.05691923,-1.702986,0.05185091,-0.4336423,-0.899592,0.0,0.0,0.0,0.0,0.0,0.0,0.0,1.621438,-0.835055,-1.227865,1.449033,0.06516211,-1.652297,0.01064338,0.9669867,-0.2471374,-0.06120978,28.46711,188.0851,3.315307,0.6827922,0.02337597,-0.7302374,-0.1545062,-0.003048475,0.1149193,1.531467,-0.2952665,-2.600982,-0.2097537,0.07542911,0.8410355,-0.9922802,0.05083847,0.1131173,-0.00967044,0.8776196,-0.4792601,-0.1236388,-0.4766543,-0.870353,moving,-3.298779,25.73608,-14.00385,5.124918,-2.657816622957464,29.766154388595275,23.22538576870759,27.127900843072897,156.87688828983923
1830,1830,05/15/2023 13:23:54.219775,2059,True,True,True,True,Eyes,1.5601,0.0570685,-1.701177,0.05855223,-0.4334613,-0.899268,0.0,0.0,0.0,0.0,0.0,0.0,0.0,1.596187,-0.838155,-1.244794,1.439269,0.06430389,-1.650514,0.01075993,0.9672845,-0.2472527,-0.0557779,28.49793,187.4024,3.156932,0.6821736,0.02349816,-0.7308115,-0.1452358,-0.002865566,0.1080242,1.533661,-0.2970747,-2.601172,-0.2130299,0.0694961,0.8420136,-0.9935462,0.04839829,0.1025854,-0.006766648,0.8775007,-0.4795276,-0.113227,-0.477127,-0.87151,moving,-3.725327,25.7348,-14.19794,4.718247,-3.0709522316319755,29.751544189742187,23.481293044668092,27.394813833778205,156.62240799557478
1831,1831,05/15/2023 13:23:54.233668,2060,True,True,True,True,Eyes,1.554457,0.05716982,-1.699393,0.0653099,-0.4331892,-0.8989336,0.0,0.0,0.0,0.0,0.0,0.0,0.0,1.574239,-0.8399746,-1.260105,1.430101,0.06434743,-1.649946,0.01055408,0.9676034,-0.247003,-0.05120628,28.48449,186.8156,2.981725,0.6815265,0.02362006,-0.731411,-0.1365217,-0.002693632,0.1015427,1.535789,-0.2988293,-2.601356,-0.2159125,0.06613874,0.8435588,-0.9945333,0.04572053,0.09388094,-0.004871885,0.8777563,-0.4790827,-0.1043085,-0.4769209,-0.8727351,moving,-4.155389,25.72906,-14.35688,4.483071,-3.4876126794602738,29.73252053552889,23.568251254838618,27.48955572453969,156.5366907311376
1832,1832,05/15/2023 13:23:54.253520,2061,True,True,True,True,Eyes,1.548627,0.05722826,-1.697653,0.07180198,-0.4328099,-0.8986212,0.0,0.0,0.0,0.0,0.0,0.0,0.0,1.553443,-0.8383595,-1.274896,1.42066,0.06365508,-1.648957,0.01026308,0.9680547,-0.2460564,-0.04712889,28.38701,186.2841,2.80569,0.6808498,0.02373968,-0.7320371,-0.1283304,-0.002532014,0.09545015,1.537884,-0.3005565,-2.601538,-0.219568,0.06390357,0.8447537,-0.9953473,0.04306316,0.08619608,-0.003322294,0.8787018,-0.4773595,-0.09629726,-0.4754247,-0.8744704,moving,-4.568364,25.71722,-14.5699,4.326047,-3.887891152496237,29.708147039948454,23.613830792042727,27.538270015672733,156.49410374712048
1833,1833,05/15/2023 13:23:54.264286,2062,True,True,True,True,Eyes,1.542644,0.05723951,-1.695952,0.07830039,-0.4323898,-0.8982806,0.0,0.0,0.0,0.0,0.0,0.0,0.0,1.532859,-0.8389288,-1.288027,1.41123,0.0626878,-1.648323,0.01040203,0.9683575,-0.2455615,-0.04330483,28.33862,185.8021,2.696915,0.6801407,0.02385546,-0.7326922,-0.1206305,-0.002380094,0.08972314,1.540088,-0.3023731,-2.601729,-0.223981,0.06037763,0.845951,-0.9960333,0.04141377,0.07876043,-0.001122218,0.8791828,-0.4764834,-0.08897778,-0.4746816,-0.8756489,moving,-4.981708,25.70396,-14.82982,4.08242,-4.288565714885388,29.682391875067097,23.758710022561072,27.685313830760048,156.35601024142008
1834,1834,05/15/2023 13:23:54.283762,2063,True,True,True,True,Eyes,1.5365,0.05719838,-1.694303,0.08455808,-0.4319082,-0.897945,0.0,0.0,0.0,0.0,0.0,0.0,0.0,1.512912,-0.8387434,-1.300049,1.401525,0.06156024,-1.647561,0.01058052,0.9686615,-0.2449413,-0.0398362,28.27391,185.3659,2.604042,0.6793975,0.02396586,-0.7333779,-0.1133927,-0.002237288,0.08433975,1.542191,-0.3041068,-2.601911,-0.2284045,0.05830443,0.8472202,-0.9966025,0.04001294,0.07199237,0.0009828224,0.8797837,-0.4753732,-0.0823588,-0.4736874,-0.8768339,moving,-5.37959,25.68738,-15.08783,3.936803,-4.674356264306993,29.65391821980994,23.818848077321643,27.745458195404666,156.3026079606815
1835,1835,05/15/2023 13:23:54.303827,2064,True,True,True,True,Eyes,1.53021,0.05709718,-1.692703,0.09079158,-0.4313938,-0.8975836,0.0,0.0,0.0,0.0,0.0,0.0,0.0,1.493387,-0.840008,-1.311021,1.392005,0.06027202,-1.647203,0.01095825,0.9688523,-0.244684,-0.03653838,28.25031,184.9601,2.544974,0.6786171,0.02406934,-0.7340965,-0.1065891,-0.002103051,0.07927937,1.544336,-0.3058747,-2.602097,-0.2332305,0.05525732,0.8485414,-0.9970901,0.03911458,0.06543799,0.00335314,0.8800193,-0.4749261,-0.07616322,-0.4733245,-0.8775897,moving,-5.775887,25.66972,-15.36882,3.725861,-5.058641233068004,29.624452218226665,23.94905658589436,27.875380056510487,156.1822506236234
1836,1836,05/15/2023 13:23:54.323548,2065,True,True,True,True,Eyes,1.52378,0.05692582,-1.691162,0.09680063,-0.4308255,-0.8972285,0.0,0.0,0.0,0.0,0.0,0.0,0.0,1.474258,-0.839884,-1.321673,1.382181,0.05872126,-1.64675,0.01143127,0.9691204,-0.2440313,-0.03352125,28.17883,184.5907,2.504391,0.677799,0.02416396,-0.734849,-0.1001938,-0.001976868,0.07452261,1.546505,-0.3076625,-2.602285,-0.2393502,0.05286056,0.8497661,-0.9974915,0.03851702,0.05939307,0.005796091,0.8806362,-0.4737578,-0.07055143,-0.4722251,-0.8786502,moving,-6.157737,25.64909,-15.73072,3.559555,-5.429015645852101,29.592573599484936,24.074666353545048,27.997199324243102,156.06801233087785
1837,1837,05/15/2023 13:23:54.333772,2066,True,True,True,True,Eyes,1.517214,0.05668662,-1.689675,0.1027691,-0.4302419,-0.8968447,0.0,0.0,0.0,0.0,0.0,0.0,0.0,1.455457,-0.8398419,-1.332112,1.372464,0.05686499,-1.646608,0.0121594,0.9693977,-0.243269,-0.03066945,28.09292,184.25,2.501044,0.6769411,0.02424763,-0.7356368,-0.09418217,-0.001858256,0.07005125,1.548601,-0.3093903,-2.602466,-0.2462187,0.05094695,0.8508154,-0.9978234,0.03849645,0.05354577,0.008652743,0.8813447,-0.4723947,-0.06537779,-0.470903,-0.8797594,moving,-6.536989,25.62836,-16.13999,3.426788,-5.796876689771218,29.560679959889967,24.189407340346,28.106232439077157,155.9657397345932
1838,1838,05/15/2023 13:23:54.354032,2067,True,True,True,True,Eyes,1.510523,0.05636743,-1.688235,0.1085996,-0.4296075,-0.8964617,0.0,0.0,0.0,0.0,0.0,0.0,0.0,1.43635,-0.8407705,-1.34176,1.362577,0.05498713,-1.646412,0.01316046,0.969624,-0.2426498,-0.02788327,28.02288,183.9272,2.535581,0.6760427,0.02431844,-0.7364603,-0.08853124,-0.00174676,0.06584818,1.550729,-0.3111446,-2.602651,-0.253979,0.04640722,0.8516892,-0.9980989,0.03905313,0.04768581,0.01198965,0.8818958,-0.471292,-0.06045934,-0.4698241,-0.8806875,moving,-6.907293,25.60494,-16.6049,3.118874,-6.156145181561739,29.52647143238847,24.48809395773393,28.399607029093325,155.68604707134827
1839,1839,05/15/2023 13:23:54.363734,2068,True,True,True,True,Eyes,1.503705,0.05598066,-1.686859,0.1144082,-0.4290701,-0.8959965,0.0,0.0,0.0,0.0,0.0,0.0,0.0,1.415881,-0.8412871,-1.352583,1.352666,0.05273038,-1.646049,0.01458561,0.9699486,-0.2416031,-0.02479628,27.90208,183.5779,2.612125,0.6751021,0.02437425,-0.7373208,-0.08321936,-0.001641955,0.06189729,1.552966,-0.3129885,-2.602844,-0.2616126,0.0441533,0.852798,-0.9983448,0.0402763,0.04105439,0.01631287,0.8828304,-0.4694085,-0.0551501,-0.4679619,-0.8820263,moving,-7.276618,25.58859,-17.05443,2.963821,-6.514272743263325,29.49911515065673,24.647226614990682,28.55200081708139,155.54320472513214
1840,1840,05/15/2023 13:23:54.384056,2069,True,True,True,True,Eyes,1.496765,0.05554575,-1.685557,0.1202533,-0.4286031,-0.8954544,0.0,0.0,0.0,0.0,0.0,0.0,0.0,1.395173,-0.8475779,-1.360368,1.342748,0.0507306,-1.646192,0.01613288,0.9698129,-0.2423442,-0.02173058,27.99248,183.244,2.714867,0.6741189,0.02441351,-0.7382184,0.0,0.0,0.0,1.555553,-0.315121,-2.603069,-0.2691266,0.04301852,0.8538781,-0.9985353,0.0418243,0.03432977,0.02075918,0.882018,-0.4707581,-0.0499686,-0.4693558,-0.8815944,moving,-7.64866,25.57779,-17.49389,2.884132,-6.874880304595181,29.47702863550014,24.737232407322043,28.634690820358028,155.46836477337192
1841,1841,05/15/2023 13:23:54.403554,2070,True,True,True,True,Eyes,1.489694,0.0550731,-1.684327,0.1260869,-0.4281146,-0.8948854,0.0,0.0,0.0,0.0,0.0,0.0,0.0,1.372079,-0.8571178,-1.368447,1.332662,0.04914357,-1.646662,0.01839782,0.9695996,-0.2433245,-0.01820579,28.11123,182.8761,2.894286,0.6730919,0.02443572,-0.7391543,0.0,0.0,0.0,1.557447,-0.3166824,-2.603233,-0.2757349,0.0413717,0.8552366,-0.9986603,0.04453687,0.02635137,0.02681721,0.8809094,-0.4725246,-0.04425794,-0.4711848,-0.8809235,moving,-8.020025,25.56652,-17.86972,2.7695,-7.234845025508335,29.45450986554397,24.833860200811007,28.7261260396742,155.3883039299546
1842,1842,05/15/2023 13:23:54.423605,2071,True,True,True,True,Eyes,1.4825,0.05455787,-1.683181,0.1319991,-0.4274452,-0.8943527,0.0,0.0,0.0,0.0,0.0,0.0,0.0,1.350501,-0.8594232,-1.379001,1.322416,0.04774931,-1.647131,0.01999817,0.9698376,-0.2424674,-0.01499576,28.01535,182.518,2.99081,0.6720198,0.02444087,-0.7401289,0.0,0.0,0.0,1.55922,-0.3181441,-2.603386,-0.2815755,0.0390358,0.8569347,-0.9987507,0.04606193,0.01938909,0.031518,0.8816193,-0.4709077,-0.03878471,-0.4697082,-0.8819696,moving,-8.395776,25.54491,-18.18973,2.608182,-7.599339438471349,29.421876930891507,24.940229074731857,28.82933589406166,155.30074230699864
1843,1843,05/15/2023 13:23:54.433806,2072,True,True,True,True,Eyes,1.475189,0.05400765,-1.682116,0.137856,-0.4267116,-0.8938193,0.0,0.0,0.0,0.0,0.0,0.0,0.0,1.329308,-0.8614053,-1.389608,1.312304,0.04617612,-1.647974,0.02175804,0.9700999,-0.2414346,-0.01193164,27.89885,182.1825,3.111872,0.6709007,0.02442871,-0.7411439,0.0,0.0,0.0,1.56153,-0.3200477,-2.603586,-0.286947,0.03841797,0.8590524,-0.9987687,0.04797636,0.01264348,0.03645352,0.8824719,-0.4689505,-0.03365605,-0.4679121,-0.8831342,moving,-8.767784,25.51993,-18.47073,2.560637,-7.960300750282295,29.38610979261322,24.925414663326364,28.811024167157846,155.33087555643968
1844,1844,05/15/2023 13:23:54.453832,2073,True,True,True,True,Eyes,1.467782,0.05342356,-1.681143,0.143744,-0.4257071,-0.8933706,0.0,0.0,0.0,0.0,0.0,0.0,0.0,1.308066,-0.8627144,-1.400339,1.302163,0.04474945,-1.648827,0.02427165,0.9705317,-0.2395758,-0.009102439,27.68368,181.896,3.332392,0.6697342,0.02439934,-0.7421991,0.0,0.0,0.0,1.563622,-0.3217726,-2.603768,-0.2908698,0.03833687,0.8618062,-0.9986563,0.05147424,0.006038616,0.04275135,0.8840287,-0.4654735,-0.0292982,-0.4645898,-0.8850415,moving,-9.140591,25.47864,-18.65015,2.547086,-8.322480635121947,29.334580763036243,24.825146147191095,28.70941709944552,155.44486340192148
1845,1845,05/15/2023 13:23:54.464400,2074,True,True,True,True,Eyes,1.460265,0.0527851,-1.680274,0.1496567,-0.4245453,-0.8929524,0.0,0.0,0.0,0.0,0.0,0.0,0.0,1.284262,-0.8623622,-1.414375,1.291938,0.04327852,-1.649993,0.02742017,0.9712165,-0.2365472,-0.005670723,27.33332,181.5473,3.61064,0.668519,0.02435284,-0.7432955,0.0,0.0,0.0,1.565909,-0.3236579,-2.603966,-0.2945417,0.03763008,0.8647497,-0.9984322,0.05594463,-0.001957332,0.05057906,0.8865871,-0.4597881,-0.02398733,-0.4591662,-0.8880267,moving,-9.514211,25.42829,-18.80932,2.491687,-8.685694949241206,29.27428462510357,24.748470831578462,28.632068030733553,155.53772436041734
1846,1846,05/15/2023 13:23:54.483923,2075,True,True,True,True,Eyes,1.452661,0.05213734,-1.679484,0.155677,-0.4232686,-0.8925292,0.0,0.0,0.0,0.0,0.0,0.0,0.0,1.259742,-0.8591211,-1.430794,1.281721,0.04127511,-1.651573,0.03008313,0.9719872,-0.2330938,-0.001856592,26.93739,181.1333,3.816941,0.6672534,0.02428835,-0.7444339,0.0,0.0,0.0,1.56771,-0.3251422,-2.604122,-0.2972838,0.03955483,0.8681135,-0.9981834,0.05934635,-0.01041521,0.05761531,0.8895246,-0.45324,-0.01763355,-0.4530166,-0.8913279,moving,-9.894125,25.37194,-18.90367,2.608828,-9.055168455314616,29.208001978280983,24.481241166075897,28.363868547899642,155.8146274087506
1847,1847,05/15/2023 13:23:54.503914,2076,True,True,True,True,Eyes,1.444946,0.05148922,-1.67882,0.1616827,-0.4220056,-0.8920594,0.0,0.0,0.0,0.0,0.0,0.0,0.0,1.233638,-0.8657685,-1.441266,1.27114,0.04038888,-1.652645,0.03243982,0.9719272,-0.2330236,0.002280025,26.94352,180.6869,3.987824,0.6659383,0.02420715,-0.7456132,0.0,0.0,0.0,1.569864,-0.3269183,-2.604308,-0.2990824,0.04042855,0.8720729,-0.997885,0.06199569,-0.01955052,0.06412089,0.8892953,-0.4528161,-0.01068645,-0.4531119,-0.8913896,moving,-10.27314,25.31738,-18.9297,2.654282,-9.423722491105917,29.143474617396752,24.260091549522315,28.143221811319805,156.04901075180612
1848,1848,05/15/2023 13:23:54.520085,2077,True,True,True,True,Eyes,1.437181,0.05080469,-1.678236,0.1676689,-0.4205624,-0.8916358,0.0,0.0,0.0,0.0,0.0,0.0,0.0,1.211923,-0.8676171,-1.452047,1.260677,0.03972161,-1.655014,0.03357031,0.972051,-0.2322937,0.005449636,26.87004,180.3213,4.032652,0.664571,0.02411073,-0.7468354,0.0,0.0,0.0,1.572004,-0.3286817,-2.604494,-0.2991237,0.04046574,0.8755623,-0.9976866,0.06273226,-0.02619098,0.06779592,0.8898253,-0.4512366,-0.005001692,-0.4519684,-0.89202,moving,-10.64989,25.25208,-18.86202,2.646148,-9.790375805214284,29.068655702614198,24.05134592336828,27.93642141884848,156.27380541964314
1849,1849,05/15/2023 13:23:54.535695,2078,True,True,True,True,Eyes,1.429336,0.05018356,-1.677717,0.1734977,-0.4196405,-0.8909548,0.0,0.0,0.0,0.0,0.0,0.0,0.0,1.198881,-0.8645098,-1.457587,1.250757,0.03815344,-1.656322,0.03297973,0.9721257,-0.2320344,0.006634834,26.84451,180.1544,3.922929,0.6631529,0.02399882,-0.7480986,0.0,0.0,0.0,1.574128,-0.3304327,-2.604678,-0.299001,0.04202357,0.8803099,-0.9977366,0.06104187,-0.02820465,0.0671999,0.8901448,-0.4506956,-0.00240508,-0.4515708,-0.8922321,moving,-11.01943,25.22048,-18.76028,2.733068,-10.14912744559916,29.026578591645283,23.782440101474954,27.667682366763696,156.55615763453648
1850,1850,05/15/2023 13:23:54.553749,2079,True,True,True,True,Eyes,1.421466,0.04961282,-1.677342,0.1795013,-0.4185437,-0.8902811,0.0,0.0,0.0,0.0,0.0,0.0,0.0,1.178426,-0.8915111,-1.451051,1.241046,0.03933686,-1.657494,0.03652349,0.9706236,-0.2376587,0.008615516,27.51518,180.041,4.319971,0.6616835,0.02387567,-0.7494024,0.0,0.0,0.0,1.576287,-0.3322127,-2.604865,-0.2984196,0.04518655,0.884693,-0.9971836,0.06680603,-0.0340851,0.07499624,0.8843687,-0.4607249,-0.0006354088,-0.4619836,-0.8868882,moving,-11.39933,25.17941,-18.63999,2.923897,-10.518170718210929,28.975039417089008,23.403739362092736,27.287835562416724,156.94560244131222
1851,1851,05/15/2023 13:23:54.563539,2080,True,True,True,True,Eyes,1.413538,0.04909641,-1.677028,0.1854612,-0.4175422,-0.8895295,0.0,0.0,0.0,0.0,0.0,0.0,0.0,1.154532,-0.8962971,-1.462742,1.231575,0.03994206,-1.660582,0.03973288,0.9709028,-0.2358483,0.01203903,27.31797,179.7011,4.614242,0.6601627,0.02374448,-0.7507465,0.0,0.0,0.0,1.578501,-0.3340378,-2.605057,-0.2972458,0.04992038,0.8901035,-0.9965528,0.07147474,-0.0421193,0.08283228,0.8855938,-0.4570148,0.004635583,-0.4589282,-0.8884615,moving,-11.77709,25.1452,-18.4665,3.210002,-10.88495438881862,28.93018627332572,22.932534038943537,26.814319176668562,157.42496609064955
1852,1852,05/15/2023 13:23:54.583689,2081,True,True,True,True,Eyes,1.405626,0.0486467,-1.676783,0.191706,-0.4168575,-0.8885261,0.0,0.0,0.0,0.0,0.0,0.0,0.0,1.134089,-0.9018703,-1.468589,1.222116,0.04054804,-1.661647,0.04102915,0.9707178,-0.236221,0.01494535,27.37642,179.3785,4.689178,0.6585917,0.02360842,-0.7521294,0.0,0.0,0.0,1.580588,-0.3357579,-2.605237,-0.2938144,0.05366915,0.895732,-0.9961866,0.07259464,-0.04839933,0.08671625,0.8850325,-0.4573815,0.009631538,-0.4598342,-0.8879526,moving,-12.17535,25.13391,-18.16032,3.428865,-11.27096676689282,28.90680486506751,22.51508037633721,26.392965118351533,157.85759517216044
1853,1853,05/15/2023 13:23:54.604093,2082,True,True,True,True,Eyes,1.39768,0.04826671,-1.676608,0.1979686,-0.4163025,-0.8874124,0.0,0.0,0.0,0.0,0.0,0.0,0.0,1.108061,-0.9257541,-1.467736,1.212913,0.04180498,-1.663179,0.0439206,0.9693199,-0.2411087,0.01888873,27.97473,178.9983,4.939159,0.6569726,0.02347085,-0.7535484,0.0,0.0,0.0,1.582731,-0.3375244,-2.605423,-0.2898321,0.05904213,0.9033043,-0.9954287,0.07603775,-0.05779772,0.09425468,0.8798752,-0.4657637,0.01543916,-0.4690821,-0.88302,moving,-12.57592,25.13219,-17.78923,3.73967,-11.658955353060746,28.892584715559536,22.01859471234484,25.88917507251086,158.36880047093157
1854,1854,05/15/2023 13:23:54.619945,2083,True,True,True,True,Eyes,1.389724,0.04796818,-1.676462,0.2048119,-0.4157364,-0.8861238,0.0,0.0,0.0,0.0,0.0,0.0,0.0,1.084042,-0.935104,-1.474218,1.204081,0.04312071,-1.664697,0.04559892,0.9689112,-0.2420953,0.02284253,28.11358,178.5586,5.028025,0.6553064,0.023335,-0.7550021,0.0,0.0,0.0,1.584953,-0.339356,-2.605616,-0.2905613,0.07562619,0.9087165,-0.9947979,0.07730246,-0.06634332,0.09942275,0.8786212,-0.4670545,0.02218619,-0.4712209,-0.8817362,moving,-13.01437,25.13423,-17.73163,4.757369,-12.083527206793542,28.88080463729052,20.91575975480979,24.77581910067001,159.45913102920687
1855,1855,05/15/2023 13:23:54.633937,2084,True,True,True,True,Eyes,1.381718,0.04777433,-1.676402,0.2116934,-0.4152781,-0.8847202,0.0,0.0,0.0,0.0,0.0,0.0,0.0,1.055041,-0.9465401,-1.481284,1.194909,0.04480149,-1.665364,0.04721024,0.968285,-0.2437258,0.02816672,28.33666,177.9468,5.06429,0.6535951,0.02320433,-0.7564881,0.0,0.0,0.0,1.587,-0.3410438,-2.605793,-0.2939597,0.07258311,0.9136689,-0.9939559,0.07769602,-0.07755952,0.1051558,0.8767379,-0.4693324,0.03153411,-0.4746515,-0.879609,moving,-13.45657,25.14486,-17.83483,4.542117,-12.511496595278732,28.877195102945223,21.062815095605075,24.91051795555976,159.3533381529719
1856,1856,05/15/2023 13:23:54.653729,2085,True,True,True,True,Eyes,1.373639,0.04765595,-1.676397,0.2188665,-0.4144236,-0.8833746,0.0,0.0,0.0,0.0,0.0,0.0,0.0,1.030153,-0.9549012,-1.488289,1.185603,0.04713795,-1.667387,0.04769702,0.9678243,-0.2449143,0.03252974,28.50081,177.4171,4.986733,0.6518384,0.02308304,-0.7580061,0.0,0.0,0.0,1.589151,-0.3428166,-2.605979,-0.3038847,0.05931523,0.9171956,-0.9933335,0.07639065,-0.0863295,0.1082586,0.8754839,-0.4709648,0.03960278,-0.4771712,-0.8779175,moving,-13.91549,25.133,-18.33103,3.700178,-12.95627215768681,28.851361622021287,21.88293518647085,25.719060236566555,158.60238511781122
1857,1857,05/15/2023 13:23:54.663601,2086,True,True,True,True,Eyes,1.365526,0.04761761,-1.676435,0.2258913,-0.4135366,-0.8820208,0.0,0.0,0.0,0.0,0.0,0.0,0.0,1.011212,-0.9499344,-1.498577,1.176301,0.04872262,-1.668711,0.04719457,0.9682471,-0.2429071,0.03558764,28.27781,177.0067,4.826849,0.6500359,0.02297365,-0.7595558,0.0,0.0,0.0,1.591331,-0.3446139,-2.606168,-0.3137712,0.07030606,0.9209449,-0.9930124,0.07410302,-0.09184304,0.108681,0.8775377,-0.4670291,0.04598745,-0.4737473,-0.8794593,moving,-14.36507,25.1196,-18.81427,4.365562,-13.392044166417657,28.824335131984576,21.225585361667743,25.052587014363574,159.2585887482285
1858,1858,05/15/2023 13:23:54.683699,2087,True,True,True,True,Eyes,1.357377,0.0476703,-1.676511,0.2330001,-0.4124531,-0.8806778,0.0,0.0,0.0,0.0,0.0,0.0,0.0,0.997116,-0.9489133,-1.502864,1.167309,0.05059211,-1.669762,0.04635647,0.9683113,-0.2425496,0.03734015,28.24149,176.7577,4.665849,0.6481888,0.02287864,-0.7611355,0.0,0.0,0.0,1.593489,-0.3463926,-2.606355,-0.3233392,0.07224569,0.9226831,-0.992914,0.07166129,-0.09480127,0.1078886,0.8780414,-0.4662651,0.04982629,-0.473189,-0.8795511,moving,-14.81915,25.09538,-19.31218,4.4771,-13.832469362510873,28.786727770641143,21.10215128225793,24.919575257570877,159.40736558806967
1859,1859,05/15/2023 13:23:54.703925,2088,True,True,True,True,Eyes,1.349211,0.04781873,-1.676658,0.2399423,-0.4111792,-0.8794085,0.0,0.0,0.0,0.0,0.0,0.0,0.0,0.9818814,-0.9506541,-1.506151,1.158471,0.05276039,-1.670773,0.04644116,0.968279,-0.2423763,0.03915381,28.23002,176.531,4.619333,0.6462981,0.02280078,-0.7627439,0.0,0.0,0.0,1.595653,-0.3481764,-2.606543,-0.3300753,0.06985423,0.9268853,-0.9926207,0.07095607,-0.09833609,0.1089159,0.8781939,-0.4657391,0.05331114,-0.4730125,-0.8794417,moving,-15.26141,25.05907,-19.60144,4.309919,-14.26177688013958,28.737825911056323,21.198186894678066,25.004692325418258,159.35414942079348
1860,1860,05/15/2023 13:23:54.719848,2089,True,True,True,True,Eyes,1.341057,0.04804483,-1.676834,0.2469456,-0.4096734,-0.8781717,0.0,0.0,0.0,0.0,0.0,0.0,0.0,0.9689287,-0.943471,-1.514543,1.149846,0.05515639,-1.672606,0.0460385,0.9689644,-0.2394616,0.04057778,27.89132,176.3291,4.528656,0.6443639,0.02274276,-0.7643803,0.0,0.0,0.0,1.597901,-0.35003,-2.606737,-0.3324878,0.07808977,0.9320931,-0.9924678,0.06978568,-0.1006858,0.108653,0.8810772,-0.4603233,0.05658793,-0.4677959,-0.8820232,moving,-15.70621,25.00939,-19.63187,4.788996,-14.69390891253392,28.67594425108709,20.59794018708754,24.39200189511803,159.96748584136813
1861,1861,05/15/2023 13:23:54.738381,2090,True,True,True,True,Eyes,1.332915,0.04832186,-1.677056,0.2538051,-0.4080455,-0.8769732,0.0,0.0,0.0,0.0,0.0,0.0,0.0,0.9541959,-0.9365519,-1.522879,1.141423,0.05716074,-1.673519,0.0456464,0.9695467,-0.2368145,0.04260001,27.58696,176.0544,4.421997,0.6423889,0.02270623,-0.7660419,0.0,0.0,0.0,1.599968,-0.3517336,-2.606916,-0.3325396,0.08100715,0.9375612,-0.9922035,0.06833602,-0.1042248,0.1086892,0.8836706,-0.4553162,0.06098593,-0.4630944,-0.8842085,moving,-16.14099,24.95201,-19.52887,4.938206,-15.116546807697054,28.606947378127167,20.298524119866844,24.076501290220794,160.3011801988418
1862,1862,05/15/2023 13:23:54.753935,2091,True,True,True,True,Eyes,1.324834,0.04865691,-1.677303,0.2608093,-0.4063979,-0.8756822,0.0,0.0,0.0,0.0,0.0,0.0,0.0,0.9422127,-0.9300286,-1.52994,1.133546,0.05861984,-1.674834,0.04443333,0.9699807,-0.2349672,0.04420295,27.37132,175.8109,4.225074,0.6403747,0.02269141,-0.7677269,0.0,0.0,0.0,1.602039,-0.3534407,-2.607096,-0.3306544,0.0754151,0.9445847,-0.9921438,0.06542645,-0.1066328,0.1069714,0.8856322,-0.451899,0.06487127,-0.4597553,-0.8856732,moving,-16.5854,24.89568,-19.29274,4.56478,-15.54848247599008,28.53866164029079,20.51036773647903,24.264510407357836,160.15828944759085
1863,1863,05/15/2023 13:23:54.773908,2092,True,True,True,True,Eyes,1.316782,0.04903595,-1.677615,0.2678323,-0.4045529,-0.8744157,0.0,0.0,0.0,0.0,0.0,0.0,0.0,0.924006,-0.9275184,-1.538004,1.125894,0.06030218,-1.675786,0.04477479,0.9702383,-0.2332519,0.04718735,27.18374,175.4428,4.182085,0.6383245,0.02269884,-0.7694321,0.0,0.0,0.0,1.604222,-0.3552405,-2.607285,-0.3274744,0.06939882,0.9517115,-0.9915373,0.06487133,-0.1124535,0.1088975,0.8871775,-0.4483942,0.07067832,-0.4568454,-0.8867339,moving,-17.02975,24.82786,-18.98783,4.170628,-15.980673360031885,28.459291563163145,20.749826774896796,24.474112215601068,159.99191884944833
1864,1864,05/15/2023 13:23:54.783864,2093,True,True,True,True,Eyes,1.308753,0.04943439,-1.677967,0.2750573,-0.4027395,-0.8730088,0.0,0.0,0.0,0.0,0.0,0.0,0.0,0.9024193,-0.9193488,-1.552373,1.118497,0.0616761,-1.677673,0.04535793,0.9709203,-0.2294292,0.05117468,26.75378,174.9527,4.148399,0.6362398,0.02272837,-0.771156,0.0,0.0,0.0,1.606308,-0.3569598,-2.607466,-0.3239607,0.06698871,0.9584103,-0.9906478,0.06459593,-0.1201859,0.1115598,0.8906098,-0.4408727,0.0785602,-0.4501574,-0.8894868,moving,-17.48798,24.76499,-18.67622,3.998223,-16.426171682014253,28.384262301732367,20.80073378344834,24.489622909691896,160.00583358693981
1865,1865,05/15/2023 13:23:54.804074,2094,True,True,True,True,Eyes,1.300746,0.0498362,-1.678362,0.2823405,-0.4009755,-0.8714944,0.0,0.0,0.0,0.0,0.0,0.0,0.0,0.8790842,-0.9117858,-1.566185,1.110861,0.06247401,-1.679036,0.04547594,0.9713896,-0.2263383,0.05572508,26.41014,174.3822,4.041561,0.634122,0.02277872,-0.7728969,0.0,0.0,0.0,1.608399,-0.3586831,-2.607647,-0.3198587,0.06400007,0.9651573,-0.9896534,0.06312427,-0.1288474,0.1135752,0.8934058,-0.4346571,0.08767561,-0.4447937,-0.8913314,moving,-17.95091,24.70721,-18.33549,3.793758,-16.87608303170587,28.313996791570933,20.916987745196582,24.563631227788072,159.95905293598886
1866,1866,05/15/2023 13:23:54.819905,2095,True,True,True,True,Eyes,1.292706,0.05024792,-1.678802,0.2899641,-0.3994635,-0.8696836,0.0,0.0,0.0,0.0,0.0,0.0,0.0,0.8531511,-0.9136033,-1.57569,1.103301,0.06295004,-1.680506,0.04644838,0.9711716,-0.2258021,0.06067794,26.37357,173.7921,4.020533,0.6319727,0.02284799,-0.7746533,0.0,0.0,0.0,1.608399,-0.3586831,-2.607647,-0.3146408,0.06337321,0.9710186,-0.9883214,0.06281626,-0.1388337,0.1176211,0.8937119,-0.4329484,0.09688108,-0.444222,-0.8906631,static,-18.43907,24.67029,-17.95397,3.734094,-17.349860146254663,28.263067091361577,20.941815226011716,24.536411099264956,160.002597413079
1867,1867,05/15/2023 13:23:54.833929,2096,True,True,True,True,Eyes,1.28469,0.05066992,-1.679298,0.2976527,-0.3979663,-0.8677706,0.0,0.0,0.0,0.0,0.0,0.0,0.0,0.8259439,-0.9136115,-1.586468,1.095838,0.06356178,-1.681918,0.04744725,0.9710427,-0.2246525,0.0660003,26.26718,173.1561,3.996087,0.6297907,0.02293484,-0.7764257,0.0,0.0,0.0,1.608399,-0.3586831,-2.607647,-0.3105982,0.06309721,0.9762355,-0.9867854,0.06249234,-0.1494965,0.1218009,0.89456,-0.4300314,0.1068599,-0.4425575,-0.8903503,static,-18.9324,24.63655,-17.64894,3.698065,-17.828557555707633,28.21504352556664,20.977784050438334,24.517636478449834,160.03476805546975
1868,1868,05/15/2023 13:23:54.853601,2097,True,True,True,True,Eyes,1.276691,0.05109441,-1.679842,0.3053432,-0.3966976,-0.8656769,0.0,0.0,0.0,0.0,0.0,0.0,0.0,0.7988925,-0.914409,-1.596674,1.08831,0.06421924,-1.683804,0.04818594,0.9708117,-0.2238812,0.07127456,26.20358,172.5193,3.939651,0.6275773,0.02303799,-0.7782128,0.0,0.0,0.0,1.608399,-0.3586831,-2.607647,-0.3090744,0.06440315,0.9807764,-0.9851964,0.06164489,-0.1599642,0.125473,0.8951106,-0.4278242,0.1168125,-0.4415619,-0.8895945,static,-19.42887,24.61968,-17.49133,3.756961,-18.309835940932047,28.18319865722598,20.95249639839036,24.439947587149724,160.12336396906915
1869,1869,05/15/2023 13:23:54.863806,2098,True,True,True,True,Eyes,1.2687,0.05151108,-1.680444,0.3130082,-0.3954615,-0.8635022,1.064224,1.601811,-0.3693484,-2.599403,-0.4390983,-0.7108591,0.549429,-0.3834826,0.06767961,1.069351,1.080696,0.06470284,-1.685516,0.04907366,0.9705442,-0.2231501,0.07641933,26.14565,171.9032,3.90605,0.6253337,0.02315597,-0.7800132,0.0,0.0,0.0,1.608399,-0.3586831,-2.607647,-0.3077101,0.06637651,0.9846284,-0.9835038,0.06115033,-0.1702383,0.1293623,0.8955916,-0.4256538,0.1264351,-0.4406545,-0.8887284,static,-19.92491,24.60655,-17.35475,3.856631,-18.790595895117413,28.154975841971257,20.90848777248515,24.340731613776047,160.23001529785483
1870,1870,05/15/2023 13:23:54.883820,2099,True,True,True,True,Eyes,1.260668,0.05192285,-1.681092,0.3206747,-0.3945181,-0.8611175,1.064578,1.602052,-0.3680724,-2.597818,-0.4231025,-0.6258868,0.6551716,-0.3835174,0.06850016,1.069736,1.072836,0.06492805,-1.687569,0.05025131,0.9702703,-0.2225901,0.08064847,26.10709,171.4096,3.93426,0.6230601,0.02328693,-0.7818267,0.0,0.0,0.0,1.608399,-0.3586831,-2.607647,-0.3072466,0.07214689,0.9880365,-0.9819414,0.0616116,-0.1788725,0.1334178,0.895857,-0.4238396,0.1341307,-0.4400504,-0.887899,static,-20.42501,24.61473,-17.27396,4.176353,-19.274706745606807,28.14718684631551,20.67985421845689,24.054185973084216,160.51323058222684
1871,1871,05/15/2023 13:23:54.903758,2100,True,True,True,True,Eyes,1.252646,0.05233395,-1.681799,0.3283171,-0.3936191,-0.8586453,1.065528,1.602477,-0.3670781,-2.59671,-0.394655,-0.559462,0.7288688,-0.3838631,0.07107678,1.071013,1.064941,0.0652318,-1.689166,0.052391,0.9698495,-0.2223521,0.08489244,26.1161,170.9416,4.079074,0.6207553,0.02342942,-0.7836537,0.0,0.0,0.0,1.608399,-0.3586831,-2.607647,-0.3051667,0.07679328,0.9915752,-0.9800969,0.06387074,-0.1879643,0.1393748,0.8956295,-0.422401,0.1413673,-0.4401913,-0.8867056,static,-20.92517,24.62761,-17.10625,4.428475,-19.758747538858778,28.14393080278409,20.55697460023301,23.863331433969098,160.69740861385196
1872,1872,05/15/2023 13:23:54.919880,2101,True,True,True,True,Eyes,1.244563,0.05274125,-1.682554,0.3359649,-0.3929248,-0.856001,1.067163,1.603092,-0.3665734,-2.596047,-0.3537772,-0.5260502,0.7733776,-0.383966,0.07224599,1.072752,1.057067,0.06562628,-1.691334,0.05411294,0.9694716,-0.2218605,0.08930119,26.09365,170.4409,4.169525,0.6184196,0.02358227,-0.7854937,0.0,0.0,0.0,1.608399,-0.3586831,-2.607647,-0.3028006,0.07912242,0.9956322,-0.9781944,0.0652971,-0.197161,0.1445467,0.8956994,-0.4205102,0.1491389,-0.4398396,-0.8856066,static,-21.42911,24.65625,-16.91604,4.54372,-20.246019400243732,28.15576239575471,20.61265785447864,23.845697911886862,160.7119193100925
1873,1873,05/15/2023 13:23:54.933889,2102,True,True,True,True,Eyes,1.236474,0.05314248,-1.683362,0.3436015,-0.3922678,-0.8532667,1.068999,1.603784,-0.3661915,-2.595503,-0.3075701,-0.5003952,0.8093239,-0.3831395,0.07312587,1.075651,1.048879,0.06594436,-1.693002,0.0548983,0.9690585,-0.2214851,0.09410769,26.07815,169.8637,4.131578,0.6160517,0.02374432,-0.7873472,0.0,0.0,0.0,1.608399,-0.3586831,-2.607647,-0.2999999,0.08085772,0.9992687,-0.9762598,0.06471241,-0.20671,0.1480862,0.8958611,-0.4189313,0.1580734,-0.4395967,-0.8841762,static,-21.93412,24.68941,-16.71078,4.626118,-20.734204271737458,28.17192159600588,20.732075791701703,23.88708458251215,160.66561088931715
1874,1874,05/15/2023 13:23:54.953642,2103,True,True,True,True,Eyes,1.228364,0.05352416,-1.684208,0.351093,-0.3917877,-0.8504329,1.071291,1.604486,-0.3661944,-2.595269,-0.2608495,-0.5008187,0.8253108,-0.3831065,0.07455611,1.078425,1.040567,0.06620777,-1.695072,0.05496905,0.96854,-0.2218475,0.09844995,26.1396,169.3235,4.011241,0.6136517,0.02391439,-0.789214,0.0,0.0,0.0,1.608399,-0.3586831,-2.607647,-0.2974007,0.08224761,1.003207,-0.9745721,0.0627977,-0.2150949,0.1501612,0.8955242,-0.4189129,0.1663159,-0.4405597,-0.8821826,static,-22.43281,24.73515,-16.51246,4.686894,-21.215925338990143,28.200416887369045,20.90414104344008,23.979331616413116,160.567721085846
1875,1875,05/15/2023 13:23:54.963645,2104,True,True,True,True,Eyes,1.220244,0.05387079,-1.685092,0.3585162,-0.3912821,-0.8475639,1.073667,1.605171,-0.3662361,-2.595093,-0.2151422,-0.5034792,0.8367931,-0.3835799,0.07534483,1.081321,1.03232,0.06615326,-1.696792,0.05474014,0.9681365,-0.2218609,0.1024362,26.15481,168.8189,3.867224,0.6112195,0.02409077,-0.7910938,0.0,0.0,0.0,1.608399,-0.3586831,-2.607647,-0.2941029,0.08351886,1.006635,-0.9730209,0.06053867,-0.2226339,0.151445,0.8955625,-0.4183685,0.1740551,-0.4407979,-0.8805694,static,-22.92817,24.78065,-16.28648,4.742875,-21.69442793201463,28.228785030908856,21.109819350404806,24.100495240042818,160.43678872832186
1876,1876,05/15/2023 13:23:54.983825,2105,True,True,True,True,Eyes,1.212144,0.05418497,-1.68598,0.3657194,-0.3908398,-0.8446854,1.076271,1.605757,-0.3664645,-2.595091,-0.1760093,-0.5185506,0.8367352,-0.3853973,0.07578185,1.083841,1.023915,0.06565686,-1.698589,0.05435514,0.96784,-0.2216762,0.1057881,26.14181,168.3893,3.724411,0.6087555,0.02427119,-0.7929859,0.0,0.0,0.0,1.608399,-0.3586831,-2.607647,-0.2904066,0.08448842,1.010651,-0.9717092,0.05831274,-0.2288705,0.1521156,0.8958104,-0.4175939,0.1806735,-0.4405944,-0.8793374,static,-23.41093,24.83019,-16.0318,4.778702,-22.16061758302746,28.26144629725105,21.36618193714179,24.269356907345184,160.2549228252677
1877,1877,05/15/2023 13:23:55.003713,2106,True,True,True,True,Eyes,1.204038,0.05448113,-1.686893,0.3728212,-0.3904358,-0.8417627,1.079069,1.606338,-0.3668262,-2.595213,-0.1373179,-0.542699,0.8286263,-0.387614,0.07858697,1.086859,1.015419,0.06525894,-1.69978,0.05460533,0.9673437,-0.2222488,0.1089488,26.22392,168.0001,3.656893,0.6062613,0.02445373,-0.7948887,0.0,0.0,0.0,1.608399,-0.3586831,-2.607647,-0.2877494,0.08434498,1.013815,-0.9702968,0.05721674,-0.2350539,0.1540717,0.8952475,-0.4180836,0.18651,-0.4418804,-0.8774711,static,-23.88881,24.88334,-15.84543,4.755805,-22.62198263812298,28.29774372287374,21.67518458977051,24.49784775217598,160.02076381292795
1878,1878,05/15/2023 13:23:55.020159,2107,True,True,True,True,Eyes,1.19591,0.05474564,-1.687815,0.3797088,-0.3900912,-0.8388386,1.082096,1.606791,-0.3673704,-2.595518,-0.1071102,-0.578957,0.8082922,-0.3900624,0.08062613,1.089796,1.00711,0.06513035,-1.701298,0.05504974,0.966897,-0.2226068,0.1119195,26.28254,167.6403,3.620966,0.6037377,0.02463733,-0.7968015,0.0,0.0,0.0,1.608399,-0.3586831,-2.607647,-0.2866979,0.08665556,1.016819,-0.968887,0.05662679,-0.2409381,0.1562829,0.8948315,-0.4181534,0.1919203,-0.4427979,-0.8758404,static,-24.35437,24.94018,-15.7461,4.871104,-23.07131546821692,28.33798779102537,21.837356156061478,24.583600560481244,159.9253289357777
1879,1879,05/15/2023 13:23:55.039582,2108,True,True,True,True,Eyes,1.187755,0.05498368,-1.688744,0.3864886,-0.3898339,-0.8358566,1.085533,1.607301,-0.3681939,-2.596094,-0.0731747,-0.6338788,0.7699631,-0.3925081,0.08268157,1.093471,0.9986151,0.06468487,-1.702397,0.05594578,0.9664937,-0.2225646,0.1150011,26.3007,167.28,3.642372,0.601185,0.02482039,-0.7987236,0.0,0.0,0.0,1.608399,-0.3586831,-2.607647,-0.286574,0.08663166,1.018973,-0.9672898,0.05695215,-0.2471987,0.1593328,0.8946702,-0.4173469,0.1973925,-0.4430822,-0.8744797,static,-24.81517,25.0038,-15.708,4.859519,-23.515853475625,28.384922856130306,22.107297492363486,24.787238702422265,159.72586597007847
1880,1880,05/15/2023 13:23:55.057044,2109,True,True,True,True,Eyes,1.179569,0.05518766,-1.689679,0.39299,-0.3895797,-0.8329385,1.089213,1.607619,-0.3691478,-2.596926,-0.0519546,-0.6975827,0.7146181,-0.3953406,0.08667171,1.097258,0.9897556,0.06430057,-1.703536,0.05765944,0.9659216,-0.22303,0.1180193,26.38936,166.9498,3.760099,0.5986031,0.02500175,-0.8006548,0.0,0.0,0.0,1.608399,-0.3586831,-2.607647,-0.2876877,0.08590639,1.021057,-0.9654936,0.05874532,-0.2537143,0.1640327,0.893866,-0.4172491,0.2022752,-0.4444688,-0.8726582,static,-25.25848,25.06631,-15.73544,4.809242,-23.94348313938483,28.43133535906841,22.38385790694321,25.007504210587392,159.51810785270658
1881,1881,05/15/2023 13:23:55.063570,2110,True,True,True,True,Eyes,1.171342,0.05535777,-1.690618,0.3993788,-0.3892578,-0.8300452,1.093176,1.607934,-0.3701695,-2.598003,-0.03100822,-0.7655071,0.6426798,-0.3991418,0.08952665,1.101167,0.9805809,0.06373034,-1.704662,0.05985747,0.9655451,-0.2225854,0.1208123,26.37828,166.6635,3.956061,0.5959924,0.02517996,-0.8025945,0.0,0.0,0.0,1.608399,-0.3586831,-2.607647,-0.2893935,0.08641866,1.022504,-0.9636428,0.06180806,-0.2599462,0.1693723,0.8937456,-0.4153695,0.2066526,-0.4442955,-0.8717201,static,-25.69468,25.12469,-15.8028,4.830968,-24.36433957425477,28.473985944495777,22.576191940796484,25.14542219580494,159.39038983961814
1882,1882,05/15/2023 13:23:55.083839,2111,True,True,True,True,Eyes,1.163076,0.05548607,-1.691548,0.4056076,-0.3887376,-0.8272638,1.096943,1.608004,-0.370937,-2.59901,-0.0262867,-0.8170815,0.5759227,-0.4033574,0.08923382,1.105005,0.9713192,0.0630661,-1.705718,0.06134837,0.9655247,-0.2208847,0.1233225,26.21052,166.395,4.089803,0.5933523,0.02535374,-0.8045428,0.0,0.0,0.0,1.608399,-0.3586831,-2.607647,-0.2921047,0.08687928,1.023862,-0.9620561,0.06398663,-0.2652436,0.1729469,0.8948926,-0.411408,0.21104,-0.4416706,-0.8720033,static,-26.11872,25.16919,-15.92329,4.850185,-24.773797861493,28.503625596818694,22.733428185712008,25.255033982823704,159.2947460880012
1883,1883,05/15/2023 13:23:55.103694,2112,True,True,True,True,Eyes,1.154774,0.05556734,-1.69247,0.4118194,-0.388142,-0.8244699,0.0,0.0,0.0,0.0,0.0,0.0,0.0,0.4577335,-0.9216514,-1.668067,0.9621236,0.06219627,-1.706416,0.06256937,0.9653972,-0.2195524,0.1260573,26.08379,166.0898,4.179351,0.5906825,0.02552158,-0.8064996,0.0,0.0,0.0,1.608399,-0.3586831,-2.607647,-0.2950006,0.08817676,1.024696,-0.9603895,0.06545622,-0.2708652,0.1761609,0.8957637,-0.4081359,0.2159161,-0.4396851,-0.8718129,static,-26.54194,25.21,-16.06063,4.91828,-25.182562623640766,28.529730634965688,22.83882133286436,25.312255053188434,159.24864588053532
1884,1884,05/15/2023 13:23:55.120451,2113,True,True,True,True,Eyes,1.1464,0.05559475,-1.693379,0.4180635,-0.3873716,-0.821685,0.0,0.0,0.0,0.0,0.0,0.0,0.0,0.4346719,-0.9152202,-1.673186,0.9529058,0.06112504,-1.707148,0.06352436,0.9652554,-0.2178113,0.129634,25.90988,165.6727,4.218297,0.5879835,0.0256818,-0.8084643,0.0,0.0,0.0,1.608399,-0.3586831,-2.607647,-0.2987978,0.08896217,1.025441,-0.9583194,0.06616293,-0.2779326,0.179106,0.8970458,-0.4040172,0.2225873,-0.4369569,-0.8715066,static,-26.96645,25.24086,-16.24531,4.958282,-25.59284804690134,28.546194883766795,22.941791848626035,25.372546221269154,159.20526045083926
1885,1885,05/15/2023 13:23:55.133939,2114,True,True,True,True,Eyes,1.137974,0.05557811,-1.694278,0.4243072,-0.3866082,-0.8188391,0.0,0.0,0.0,0.0,0.0,0.0,0.0,0.4102892,-0.9090438,-1.677726,0.9434351,0.05982679,-1.707575,0.06464032,0.9650131,-0.216229,0.1334784,25.75882,165.2263,4.268453,0.5852545,0.02583261,-0.8104373,0.0,0.0,0.0,1.608399,-0.3586831,-2.607647,-0.3028775,0.08979017,1.025741,-0.9560103,0.0670337,-0.285571,0.1824813,0.8981333,-0.4000714,0.2296626,-0.4345838,-0.8708571,static,-27.39235,25.27396,-16.45065,5.002741,-26.004418565984903,28.56477682898014,23.035692276030275,25.425263542754973,159.17127209329874
1886,1886,05/15/2023 13:23:55.153543,2115,True,True,True,True,Eyes,1.129512,0.05551365,-1.695164,0.4306712,-0.3856712,-0.8159534,0.0,0.0,0.0,0.0,0.0,0.0,0.0,0.3835229,-0.9052087,-1.681324,0.9336845,0.05874003,-1.708252,0.06663459,0.9645748,-0.2149859,0.1376101,25.66312,164.7675,4.414566,0.5824949,0.02597282,-0.8124185,0.0,0.0,0.0,1.608399,-0.3586831,-2.607647,-0.3073469,0.09115541,1.026037,-0.9532467,0.06937961,-0.2941215,0.1877165,0.8986818,-0.3964007,0.2368195,-0.4330791,-0.8696893,static,-27.8257,25.29838,-16.67546,5.076952,-26.42344091482892,28.57475019687106,23.09186009001406,25.439529319874328,159.17397294160642
1887,1887,05/15/2023 13:23:55.163726,2116,True,True,True,True,Eyes,1.120995,0.05541118,-1.696033,0.4370524,-0.3847304,-0.8129992,0.0,0.0,0.0,0.0,0.0,0.0,0.0,0.3567159,-0.8967976,-1.686988,0.9239991,0.05749179,-1.7089,0.06850922,0.9643779,-0.212512,0.1418474,25.42437,164.2949,4.562903,0.5797048,0.02610119,-0.8144076,0.0,0.0,0.0,1.608399,-0.3586831,-2.607647,-0.3113578,0.09234574,1.026577,-0.9503718,0.07184901,-0.302707,0.1924261,0.9002903,-0.390448,0.2444709,-0.4293194,-0.8694362,static,-28.2616,25.32462,-16.8724,5.140208,-26.844883242592616,28.58639964684281,23.175943657718538,25.478899598771374,159.15003102694098
1888,1888,05/15/2023 13:23:55.183644,2117,True,True,True,True,Eyes,1.112406,0.05531369,-1.696907,0.4435569,-0.3838431,-0.80989,0.0,0.0,0.0,0.0,0.0,0.0,0.0,0.3291539,-0.8916894,-1.690373,0.9140969,0.05646248,-1.709401,0.07020918,0.9639,-0.2111281,0.1462621,25.31221,163.7926,4.669314,0.5768839,0.02621705,-0.8164046,0.0,0.0,0.0,1.608399,-0.3586831,-2.607647,-0.3153916,0.09701711,1.0265,-0.9473565,0.07358918,-0.3116102,0.1971093,0.9009913,-0.3864748,0.2523177,-0.4275505,-0.8680651,static,-28.70844,25.35837,-17.07956,5.399134,-27.27671588495478,28.604952138491495,23.099825794972915,25.34742558168006,159.2787965363437
1889,1889,05/15/2023 13:23:55.204219,2118,True,True,True,True,Eyes,1.103761,0.05522129,-1.697777,0.4501633,-0.3830249,-0.8066257,0.0,0.0,0.0,0.0,0.0,0.0,0.0,0.2979749,-0.8935032,-1.690761,0.9043167,0.0564574,-1.710214,0.0728363,0.9628986,-0.2112393,0.1513256,25.39447,163.2301,4.847324,0.574031,0.0263219,-0.8184096,0.0,0.0,0.0,1.608399,-0.3586831,-2.607647,-0.3188541,0.1022248,1.026512,-0.9435913,0.07633612,-0.3221941,0.2041997,0.9001457,-0.3847601,0.2606505,-0.428848,-0.8649574,static,-29.1651,25.40063,-17.25579,5.687031,-27.71782688159304,28.63140764963156,23.031666249077613,25.217030664849716,159.39974866498952
1890,1890,05/15/2023 13:23:55.220343,2119,True,True,True,True,Eyes,1.095036,0.0551404,-1.698618,0.4568567,-0.3824165,-0.8031436,0.0,0.0,0.0,0.0,0.0,0.0,0.0,0.2641725,-0.8923841,-1.692412,0.8942595,0.05648872,-1.710994,0.07469473,0.9618968,-0.210823,0.1572552,25.40869,162.539,4.915065,0.5711451,0.02641713,-0.8204231,0.0,0.0,0.0,1.608399,-0.3586831,-2.607647,-0.3229699,0.1030094,1.026959,-0.9393834,0.07739121,-0.3340212,0.2100032,0.8999487,-0.3820877,0.2710317,-0.4290722,-0.8616493,static,-29.63276,25.46143,-17.45792,5.727912,-28.16908552095657,28.67540670696857,23.187032187883034,25.32422911252541,159.31342474007795
1891,1891,05/15/2023 13:23:55.233860,2120,True,True,True,True,Eyes,1.086238,0.05514562,-1.699469,0.4635058,-0.3822341,-0.7994119,0.0,0.0,0.0,0.0,0.0,0.0,0.0,0.2322823,-0.9008125,-1.687237,0.8838208,0.05670364,-1.711091,0.07613617,0.960289,-0.2135204,0.1626575,25.77581,161.8921,4.89016,0.5682254,0.02650429,-0.8224452,0.0,0.0,0.0,1.608399,-0.3586831,-2.607647,-0.3272879,0.103556,1.026993,-0.9354918,0.07676405,-0.3449097,0.2156868,0.8972247,-0.3853144,0.2798831,-0.4348509,-0.8559033,static,-30.10552,25.55452,-17.67633,5.757912,-28.62440285286485,28.750401115850583,23.374996307203215,25.465954820782663,159.2000794702361
1892,1892,05/15/2023 13:23:55.253935,2121,True,True,True,True,Eyes,1.077456,0.05524924,-1.700358,0.4699766,-0.3817945,-0.795836,0.0,0.0,0.0,0.0,0.0,0.0,0.0,0.1995311,-0.9186045,-1.677533,0.873209,0.05885576,-1.712251,0.07943973,0.9582014,-0.2178883,0.167524,26.37075,161.3556,5.07378,0.5652704,0.02658849,-0.8244762,0.0,0.0,0.0,1.608399,-0.3586831,-2.607647,-0.3323808,0.102751,1.027053,-0.9312503,0.07923544,-0.3556614,0.2252415,0.892428,-0.3909456,0.2864255,-0.4441779,-0.848921,static,-30.56374,25.6289,-17.93291,5.713116,-29.06614877940133,28.8077989557142,23.583390740594453,25.6381236939079,159.0670319363605
1893,1893,05/15/2023 13:23:55.263723,2122,True,True,True,True,Eyes,1.068601,0.05536838,-1.70125,0.4764194,-0.3811057,-0.7923276,0.0,0.0,0.0,0.0,0.0,0.0,0.0,0.1712646,-0.9125736,-1.681208,0.8630496,0.06132033,-1.714634,0.08041076,0.9578305,-0.2156126,0.1720637,26.14933,160.818,5.102931,0.562281,0.02667483,-0.826515,0.0,0.0,0.0,1.608399,-0.3586831,-2.607647,-0.3365774,0.09995025,1.027399,-0.9278564,0.07984154,-0.3642909,0.228238,0.8940906,-0.3853692,0.2949406,-0.4407123,-0.8478104,static,-31.01811,25.68733,-18.13888,5.556522,-29.50460102578161,28.84992803099409,23.898200688038504,25.918379173101197,158.832489904355
1894,1894,05/15/2023 13:23:55.283912,2123,True,True,True,True,Eyes,1.059724,0.05550257,-1.702103,0.4825011,-0.3804148,-0.7889723,0.0,0.0,0.0,0.0,0.0,0.0,0.0,0.152024,-0.8996102,-1.685589,0.8523835,0.06175944,-1.71559,0.07867136,0.9580684,-0.2127792,0.1750452,25.8016,160.4053,4.858591,0.5592559,0.02676391,-0.828562,0.0,0.0,0.0,1.608399,-0.3586831,-2.607647,-0.3398624,0.09637952,1.027602,-0.92634,0.07625312,-0.3688898,0.2252371,0.8970716,-0.380172,0.3019313,-0.4352562,-0.8481684,static,-31.44814,25.74174,-18.30078,5.358139,-29.919590234358424,28.888941600830403,24.25580888564224,26.243007112396224,158.55466492928255
1895,1895,05/15/2023 13:23:55.304142,2124,True,True,True,True,Eyes,1.050809,0.05567194,-1.702996,0.488473,-0.3796837,-0.7856426,0.0,0.0,0.0,0.0,0.0,0.0,0.0,0.1329405,-0.9064471,-1.678624,0.8418427,0.06228986,-1.71596,0.07882632,0.9570508,-0.2153615,0.1773689,26.11578,160.1054,4.758369,0.5561967,0.02685627,-0.8306157,0.0,0.0,0.0,1.608399,-0.3586831,-2.607647,-0.3426153,0.09917235,1.028499,-0.9246534,0.07448471,-0.3734543,0.2272784,0.8948116,-0.3842611,0.3055497,-0.4401865,-0.8443195,static,-31.87127,25.79345,-18.42404,5.507684,-30.327970598521546,28.92556641545164,24.338042174333907,26.269769327467205,158.52886245587777
1896,1896,05/15/2023 13:23:55.320459,2125,True,True,True,True,Eyes,1.041859,0.05584463,-1.7039,0.4944227,-0.3785571,-0.7824582,0.0,0.0,0.0,0.0,0.0,0.0,0.0,0.1144543,-0.902547,-1.679083,0.8319764,0.06328993,-1.717794,0.07917635,0.9568346,-0.2143426,0.1795999,26.01592,159.8378,4.756915,0.5531024,0.02695332,-0.8326763,0.0,0.0,0.0,1.608399,-0.3586831,-2.607647,-0.3469595,0.09892607,1.028094,-0.9229503,0.07452552,-0.3776365,0.2285091,0.8955767,-0.3817406,0.3097531,-0.4386209,-0.8436025,static,-32.28814,25.81793,-18.64842,5.496237,-30.731030857515567,28.93611443489973,24.47474551583017,26.370766755960556,158.45514380669914
1897,1897,05/15/2023 13:23:55.334041,2126,True,True,True,True,Eyes,1.032868,0.05602746,-1.704798,0.500236,-0.3776304,-0.7792042,0.0,0.0,0.0,0.0,0.0,0.0,0.0,0.09704834,-0.8900682,-1.683216,0.8221601,0.06345758,-1.718977,0.07827725,0.9571019,-0.2113924,0.1820492,25.66755,159.518,4.637366,0.5499725,0.02705479,-0.8347436,0.0,0.0,0.0,1.608399,-0.3586831,-2.607647,-0.3542246,0.09954941,1.027142,-0.9214616,0.07287098,-0.3815738,0.2268062,0.8983719,-0.3761474,0.3153849,-0.4331487,-0.8443427,static,-32.69978,25.85649,-19.02749,5.535751,-31.128642045130107,28.96041165384528,24.49212010729616,26.36574686154678,158.50048190826016
1898,1898,05/15/2023 13:23:55.353661,2127,True,True,True,True,Eyes,1.023885,0.05623082,-1.705711,0.5059031,-0.3767499,-0.7759649,0.0,0.0,0.0,0.0,0.0,0.0,0.0,0.07838237,-0.8962373,-1.676871,0.812176,0.06392144,-1.719757,0.07889023,0.956136,-0.2136091,0.184259,25.94775,159.245,4.601689,0.5468073,0.02716079,-0.836817,0.0,0.0,0.0,1.608399,-0.3586831,-2.607647,-0.3605224,0.1133126,1.026324,-0.9196499,0.07214075,-0.3860567,0.2295784,0.896295,-0.3794063,0.31865,-0.4375513,-0.8408395,static,-33.103,25.89771,-19.35512,6.300294,-31.518026144230745,28.98753941985514,23.938732597434143,25.741938361632833,159.06207839727983
1899,1899,05/15/2023 13:23:55.364128,2128,True,True,True,True,Eyes,1.014893,0.05645424,-1.706646,0.5115167,-0.3758904,-0.7726947,0.0,0.0,0.0,0.0,0.0,0.0,0.0,0.05682826,-0.8996503,-1.672971,0.8026669,0.06463839,-1.721331,0.0810152,0.955253,-0.2144817,0.1868846,26.10704,158.9667,4.766251,0.5436078,0.02727188,-0.8388954,0.0,0.0,0.0,1.608399,-0.3586831,-2.607647,-0.3641269,0.1110158,1.026118,-0.9170215,0.07461339,-0.3917966,0.2349466,0.8948683,-0.3794876,0.3222915,-0.4400495,-0.8381436,static,-33.50419,25.94139,-19.53767,6.174819,-31.90537715837869,29.01710439133715,24.20291325457415,25.97556894958619,158.86909402949803
1900,1900,05/15/2023 13:23:55.383529,2129,True,True,True,True,Eyes,1.005904,0.05668641,-1.707615,0.5171129,-0.3748984,-0.7694449,0.0,0.0,0.0,0.0,0.0,0.0,0.0,0.03263336,-0.8948146,-1.673354,0.7934083,0.06533961,-1.722819,0.08373448,0.9547369,-0.2128166,0.190197,25.99036,158.6301,5.037956,0.5403743,0.02738855,-0.8409783,0.0,0.0,0.0,1.608399,-0.3586831,-2.607647,-0.3680063,0.112847,1.027303,-0.9136272,0.07893465,-0.3988164,0.240843,0.8953952,-0.3745158,0.327536,-0.4382199,-0.8370684,static,-33.90346,25.97684,-19.70882,6.26868,-32.29109312848937,29.03878878490272,24.28784418830128,26.015215762245944,158.83699682450455
1901,1901,05/15/2023 13:23:55.404039,2130,True,True,True,True,Eyes,0.9969242,0.05692515,-1.70864,0.5228256,-0.3737893,-0.7661169,0.0,0.0,0.0,0.0,0.0,0.0,0.0,0.003727078,-0.8883433,-1.674767,0.7843586,0.06575264,-1.724666,0.08627173,0.9540069,-0.2108492,0.1948608,25.84417,158.1183,5.255453,0.5371073,0.02751067,-0.8430646,0.0,0.0,0.0,1.608399,-0.3586831,-2.607647,-0.3695422,0.1247957,1.027952,-0.9091729,0.08243518,-0.4081777,0.2467801,0.8961996,-0.3686812,0.3354164,-0.4359251,-0.8351437,static,-34.31103,26.0078,-19.77319,6.921964,-32.68496987302753,29.05588070371696,23.992038839675466,25.62468201044843,159.138117730402
1902,1902,05/15/2023 13:23:55.420884,2131,True,True,True,True,Eyes,0.9879626,0.05715879,-1.709728,0.5286584,-0.3724618,-0.7627532,0.0,0.0,0.0,0.0,0.0,0.0,0.0,-0.02549297,-0.8777795,-1.678539,0.7755266,0.06611121,-1.727086,0.08706316,0.953456,-0.2080645,0.2001274,25.56966,157.4868,5.262942,0.5338072,0.02763793,-0.8451538,0.0,0.0,0.0,1.608399,-0.3586831,-2.607647,-0.3707166,0.1275741,1.029742,-0.9047382,0.08274295,-0.4178549,0.2493006,0.8982583,-0.3619132,0.3453959,-0.4316081,-0.8333164,static,-34.72554,26.02683,-19.79935,7.062359,-33.085893150726875,29.061244248032107,24.13384155549922,25.699867335303736,159.03948780557806
1903,1903,05/15/2023 13:23:55.433926,2132,True,True,True,True,Eyes,0.9790264,0.05737782,-1.710861,0.5346013,-0.371095,-0.7592694,0.0,0.0,0.0,0.0,0.0,0.0,0.0,-0.0530839,-0.8667904,-1.682319,0.766858,0.06616591,-1.729709,0.08672395,0.9529526,-0.2054661,0.2052903,25.29037,156.8385,5.135189,0.5304744,0.02776952,-0.8472454,0.0,0.0,0.0,1.608399,-0.3586831,-2.607647,-0.3692564,0.1319746,1.033394,-0.9006698,0.08092725,-0.4269014,0.249648,0.9005253,-0.3559916,0.3556261,-0.427206,-0.8312793,static,-35.14936,26.0472,-19.66302,7.277838,-33.49579638173844,29.06760877052436,24.333427142156612,25.80968447422747,158.8738444796199
1904,1904,05/15/2023 13:23:55.454473,2133,True,True,True,True,Eyes,0.9701171,0.05759291,-1.712038,0.5406828,-0.3697165,-0.7556267,0.0,0.0,0.0,0.0,0.0,0.0,0.0,-0.07973009,-0.861938,-1.682309,0.7584545,0.066011,-1.732007,0.0854373,0.9520431,-0.2049513,0.2104979,25.22751,156.1495,4.844462,0.5271097,0.02790417,-0.8493384,0.0,0.0,0.0,1.608399,-0.3586831,-2.607647,-0.3698061,0.1333107,1.03586,-0.8967821,0.07639636,-0.4358271,0.2489636,0.901391,-0.3542761,0.3657851,-0.4262136,-0.8273712,static,-35.58532,26.07179,-19.64676,7.333408,-33.91734181228639,29.0776643230608,24.6000946106214,26.008886717891805,158.65721417333882
1905,1905,05/15/2023 13:23:55.463724,2134,True,True,True,True,Eyes,0.9612786,0.05779877,-1.713204,0.5468796,-0.3683886,-0.7518061,0.0,0.0,0.0,0.0,0.0,0.0,0.0,-0.1055815,-0.8640218,-1.678432,0.751217,0.06639893,-1.733804,0.08354596,0.9506768,-0.2064164,0.2159306,25.37562,155.4033,4.424819,0.5237143,0.02804132,-0.8514317,0.0,0.0,0.0,1.608399,-0.3586831,-2.607647,-0.3730336,0.127957,1.038634,-0.8927885,0.06970721,-0.4450509,0.2479936,0.9008247,-0.3563903,0.3760698,-0.4285508,-0.8215329,static,-36.03294,26.10508,-19.75616,7.023302,-34.349942408346955,29.095748521634167,25.080825720252594,26.460751698177006,158.26396888141323
1906,1906,05/15/2023 13:23:55.483945,2135,True,True,True,True,Eyes,0.9525205,0.05803847,-1.714426,0.5530263,-0.3670421,-0.7479587,0.0,0.0,0.0,0.0,0.0,0.0,0.0,-0.132146,-0.8644466,-1.674139,0.7439994,0.06638208,-1.7348,0.08192051,0.9492689,-0.2075292,0.2216067,25.48724,154.6327,4.037009,0.5202922,0.02818019,-0.8535227,0.0,0.0,0.0,1.608399,-0.3586831,-2.607647,-0.378381,0.1255306,1.040559,-0.8883592,0.06354948,-0.4547303,0.2475088,0.9004413,-0.3576937,0.3867267,-0.4303102,-0.8156444,static,-36.47851,26.13835,-19.9829,6.878787,-34.78055817782319,29.113877704483727,25.358152855108926,26.708986244039966,158.0620992626762
1907,1907,05/15/2023 13:23:55.503639,2136,True,True,True,True,Eyes,0.9438023,0.0582907,-1.715709,0.5591638,-0.3657377,-0.7440241,0.0,0.0,0.0,0.0,0.0,0.0,0.0,-0.1568544,-0.8648598,-1.671475,0.736097,0.06714815,-1.737833,0.07986103,0.9481261,-0.2082746,0.2264975,25.53852,153.9512,3.627591,0.5168455,0.02832222,-0.8556096,0.0,0.0,0.0,1.608399,-0.3586831,-2.607647,-0.3836733,0.1240157,1.04253,-0.8846425,0.05708929,-0.4627624,0.245784,0.9004878,-0.3587645,0.3962303,-0.4311178,-0.8106415,static,-36.92633,26.17721,-20.2047,6.783826,-35.21320057873836,29.13732989186201,25.606957117712287,26.92460261295382,157.8859228638767
1908,1908,05/15/2023 13:23:55.523777,2137,True,True,True,True,Eyes,0.9351495,0.05856029,-1.717049,0.565012,-0.3645132,-0.7401969,0.0,0.0,0.0,0.0,0.0,0.0,0.0,-0.1779734,-0.8666136,-1.667964,0.7282776,0.06769936,-1.740639,0.07827919,0.947094,-0.2093437,0.2303488,25.63264,153.4102,3.295696,0.5133751,0.0284676,-0.8576915,0.0,0.0,0.0,1.608399,-0.3586831,-2.607647,-0.3898332,0.1156195,1.044268,-0.8816237,0.05183134,-0.4690985,0.2447197,0.9000952,-0.3604733,0.4035495,-0.4325994,-0.8062295,static,-37.35546,26.21814,-20.47098,6.31795,-35.627685750689785,29.16336539430435,26.097954458280824,27.416030598015297,157.5044278119438
1909,1909,05/15/2023 13:23:55.533809,2138,True,True,True,True,Eyes,0.9265417,0.05885207,-1.718456,0.5707788,-0.3633659,-0.7363266,0.0,0.0,0.0,0.0,0.0,0.0,0.0,-0.1962512,-0.8695014,-1.664264,0.7205189,0.06839438,-1.743701,0.07730351,0.9461982,-0.2105298,0.2332605,25.75155,153.0022,3.059498,0.5098825,0.02861678,-0.8597675,0.0,0.0,0.0,1.608399,-0.3586831,-2.607647,-0.3943924,0.1086097,1.047018,-0.8792275,0.04807228,-0.4739707,0.2445055,0.8994027,-0.3623421,0.4088719,-0.4344696,-0.8025336,static,-37.7818,26.26563,-20.64048,5.922251,-36.03928999323987,29.195817852000225,26.602216458032984,27.906670586482146,157.10310848138246
1910,1910,05/15/2023 13:23:55.553905,2139,True,True,True,True,Eyes,0.9180331,0.05915142,-1.719909,0.5762211,-0.3621656,-0.73267,0.0,0.0,0.0,0.0,0.0,0.0,0.0,-0.2150938,-0.8713056,-1.660959,0.7129583,0.06922503,-1.746745,0.07730759,0.9453372,-0.211212,0.2361156,25.83877,152.6308,2.956586,0.5063686,0.02877038,-0.8618367,0.0,0.0,0.0,1.608399,-0.3586831,-2.607647,-0.3989569,0.1027557,1.048828,-0.8765461,0.04642259,-0.4790744,0.2459044,0.898826,-0.3628261,0.4137612,-0.4358402,-0.799278,static,-38.1839,26.30361,-20.82598,5.595517,-36.42767775382786,29.21985459706345,27.020779086159763,28.31116916875428,156.77800009725684
1911,1911,05/15/2023 13:23:55.563643,2140,True,True,True,True,Eyes,0.9095718,0.05945562,-1.721435,0.5815454,-0.361028,-0.7290156,0.0,0.0,0.0,0.0,0.0,0.0,0.0,-0.2312568,-0.8693123,-1.660069,0.7054822,0.06968561,-1.749986,0.07681803,0.9448764,-0.210882,0.2384039,25.79435,152.3288,2.840424,0.502836,0.02892821,-0.8638973,0.0,0.0,0.0,1.608399,-0.3586831,-2.607647,-0.4008105,0.09867027,1.051827,-0.8745251,0.04461693,-0.4829234,0.2457173,0.8992555,-0.3618874,0.4181253,-0.4351423,-0.7973846,static,-38.57983,26.34584,-20.85991,5.359147,-36.80997413451986,29.248185460926223,27.467013814440204,28.724392151669793,156.41160792013494
1912,1912,05/15/2023 13:23:55.586081,2141,True,True,True,True,Eyes,0.9011733,0.0597593,-1.72305,0.5866213,-0.3598444,-0.7255256,0.0,0.0,0.0,0.0,0.0,0.0,0.0,-0.2480148,-0.8687422,-1.658374,0.698135,0.07011287,-1.753316,0.07766459,0.9442931,-0.2107993,0.2405045,25.8152,152.0828,2.883175,0.4992853,0.02908997,-0.8659489,0.0,0.0,0.0,1.608399,-0.3586831,-2.607647,-0.4007043,0.09027737,1.054914,-0.8722516,0.04527992,-0.4869568,0.2480727,0.8990637,-0.3607552,0.4214703,-0.4354699,-0.7954424,static,-38.95716,26.38038,-20.79906,4.891338,-37.17446659723674,29.26967980172496,28.133530203082653,29.367626567813662,155.84212178330995
1913,1913,05/15/2023 13:23:55.603668,2142,True,True,True,True,Eyes,0.8928097,0.06004593,-1.724787,0.5916228,-0.3586406,-0.7220522,0.0,0.0,0.0,0.0,0.0,0.0,0.0,-0.2658992,-0.8648844,-1.658733,0.6909616,0.07040595,-1.757195,0.07876552,0.9438491,-0.2097197,0.2428224,25.73056,151.8258,2.980233,0.4957171,0.02925505,-0.8679909,0.0,0.0,0.0,1.608399,-0.3586831,-2.607647,-0.3993261,0.08387095,1.05865,-0.8696668,0.04683624,-0.4914127,0.2505348,0.8996273,-0.3576355,0.4253379,-0.4341396,-0.7941102,static,-39.32992,26.41342,-20.66664,4.529765,-37.53457403711337,29.28987015580249,28.7612999796154,29.959806508166984,155.2963547692144
1914,1914,05/15/2023 13:23:55.623773,2143,True,True,True,True,Eyes,0.8844918,0.06030912,-1.726622,0.5965117,-0.3574463,-0.718614,0.0,0.0,0.0,0.0,0.0,0.0,0.0,-0.2856784,-0.8580124,-1.660893,0.6834117,0.07027599,-1.761922,0.08045629,0.943491,-0.2077886,0.2453073,25.56701,151.5709,3.169461,0.4921304,0.02942206,-0.8700238,0.0,0.0,0.0,1.608399,-0.3586831,-2.607647,-0.3969661,0.08399549,1.062003,-0.8667026,0.04987544,-0.4963262,0.2537637,0.9007013,-0.3526204,0.4294545,-0.4315664,-0.7932968,static,-39.6956,26.44624,-20.49524,4.522201,-37.88783067938158,29.31007024722092,29.143049088987258,30.28102825793457,154.95580810842955
1915,1915,05/15/2023 13:23:55.633737,2144,True,True,True,True,Eyes,0.8762316,0.06054446,-1.728553,0.6013874,-0.3562621,-0.7151296,0.0,0.0,0.0,0.0,0.0,0.0,0.0,-0.3063906,-0.8538457,-1.6608,0.6762943,0.06999949,-1.766044,0.08224246,0.9428056,-0.2067771,0.2481879,25.51353,151.258,3.331005,0.4885249,0.0295894,-0.8720478,0.0,0.0,0.0,1.608399,-0.3586831,-2.607647,-0.3937811,0.08279926,1.065863,-0.8632779,0.05243813,-0.5019976,0.2577164,0.9009588,-0.3490779,0.4339742,-0.4307243,-0.791292,static,-40.06212,26.48149,-20.27666,4.441979,-38.24183457553428,29.332588604349333,29.617637862103738,30.696741586128493,154.52764253503963
1916,1916,05/15/2023 13:23:55.653551,2145,True,True,True,True,Eyes,0.8679932,0.06074146,-1.730597,0.6062868,-0.3551216,-0.711551,0.0,0.0,0.0,0.0,0.0,0.0,0.0,-0.32821,-0.8485652,-1.661111,0.6693861,0.06956124,-1.770356,0.08348362,0.9420719,-0.2055666,0.2515422,25.42418,150.8722,3.420017,0.4849015,0.02975542,-0.8740622,0.0,0.0,0.0,1.608399,-0.3586831,-2.607647,-0.3906771,0.08195496,1.069336,-0.8595142,0.05387778,-0.5082646,0.2607125,0.9015457,-0.3453177,0.4396188,-0.4293163,-0.7889379,static,-40.43312,26.52291,-20.06955,4.382637,-38.600008984248895,29.360919658097345,30.081001839357498,31.101326574838204,154.10990301191697
1917,1917,05/15/2023 13:23:55.663650,2146,True,True,True,True,Eyes,0.8598092,0.06090409,-1.732741,0.6111887,-0.3540787,-0.7078677,0.0,0.0,0.0,0.0,0.0,0.0,0.0,-0.3501905,-0.8462365,-1.659657,0.6622934,0.06884311,-1.774778,0.08385918,0.9411168,-0.2054035,0.255101,25.42964,150.4274,3.367264,0.4812587,0.02991804,-0.8760676,0.0,0.0,0.0,1.608399,-0.3586831,-2.607647,-0.3879064,0.0815925,1.072811,-0.8557825,0.05304529,-0.5146095,0.2626398,0.9015541,-0.3438322,0.4457096,-0.4294024,-0.785466,static,-40.80806,26.57443,-19.87895,4.349251,-38.96172376116586,29.3988722338566,30.52844946888297,31.490248941212258,153.70790640894555
1918,1918,05/15/2023 13:23:55.683931,2147,True,True,True,True,Eyes,0.8516952,0.06104353,-1.734987,0.6160173,-0.3530435,-0.7041896,0.0,0.0,0.0,0.0,0.0,0.0,0.0,-0.3727391,-0.8471989,-1.656408,0.6553761,0.0681899,-1.779382,0.08417363,0.9399002,-0.2061826,0.2588266,25.54087,149.9492,3.272002,0.4775973,0.03007564,-0.8780636,0.0,0.0,0.0,1.608399,-0.3586831,-2.607647,-0.3874134,0.0819239,1.075182,-0.8518473,0.05149857,-0.5212526,0.2649607,0.9008071,-0.3440093,0.4518321,-0.4311548,-0.7809952,static,-41.17908,26.62677,-19.81529,4.357255,-39.31961975866444,29.437738911994817,30.860052195343496,31.771835839223296,153.42256401824753
1919,1919,05/15/2023 13:23:55.703912,2148,True,True,True,True,Eyes,0.8436351,0.06114786,-1.73734,0.6208408,-0.3520284,-0.7004519,0.0,0.0,0.0,0.0,0.0,0.0,0.0,-0.3942295,-0.8464519,-1.654429,0.6485038,0.06778792,-1.784343,0.08411202,0.9388891,-0.2063794,0.2623357,25.57334,149.4946,3.156069,0.4739185,0.03022727,-0.8800493,0.0,0.0,0.0,1.608399,-0.3586831,-2.607647,-0.3870752,0.08404076,1.077853,-0.8482105,0.04966233,-0.5273262,0.2662251,0.9006654,-0.3434036,0.4578903,-0.4316659,-0.7771752,static,-41.55196,26.68288,-19.75407,4.458363,-39.67921431280697,29.480184781892756,31.130004245669305,31.985980384708967,153.18889636260627
1920,1920,05/15/2023 13:23:55.723789,2149,True,True,True,True,Eyes,0.83562,0.06120804,-1.739797,0.6255667,-0.3510824,-0.6967119,0.0,0.0,0.0,0.0,0.0,0.0,0.0,-0.4150158,-0.8445683,-1.65303,0.6416993,0.06704099,-1.789349,0.08396161,0.9379683,-0.2063291,0.2656955,25.57403,149.0591,3.041769,0.4702227,0.03037147,-0.8820247,0.0,0.0,0.0,1.608399,-0.3586831,-2.607647,-0.3863543,0.08495811,1.080345,-0.8447126,0.04786519,-0.5330755,0.2671481,0.9007575,-0.3424439,0.4637806,-0.4316768,-0.7736682,static,-41.92017,26.74414,-19.67813,4.496474,-40.03414565588596,29.527746107768657,31.458973057128805,32.26347713306536,152.90260104716026
1921,1921,05/15/2023 13:23:55.734066,2150,True,True,True,True,Eyes,0.827656,0.06124584,-1.742365,0.6302301,-0.3502044,-0.6929408,0.0,0.0,0.0,0.0,0.0,0.0,0.0,-0.4344326,-0.8447539,-1.650612,0.6347613,0.06606272,-1.794317,0.08422756,0.9370058,-0.2069027,0.268547,25.65657,148.6919,2.970806,0.4665099,0.03050648,-0.8839894,0.0,0.0,0.0,1.608399,-0.3586831,-2.607647,-0.3846487,0.08562312,1.083817,-0.8415768,0.04671726,-0.5381138,0.2689695,0.900194,-0.3424998,0.4684062,-0.432976,-0.7701479,static,-42.28654,26.81152,-19.53987,4.517068,-40.38712811847854,29.58127006233073,31.850488003627262,32.600956981042955,152.5532048043794
1922,1922,05/15/2023 13:23:55.753981,2151,True,True,True,True,Eyes,0.8197488,0.06125866,-1.745054,0.6348164,-0.349207,-0.6892479,0.0,0.0,0.0,0.0,0.0,0.0,0.0,-0.453334,-0.8444244,-1.648834,0.6279981,0.06557049,-1.799593,0.08486363,0.936145,-0.2071373,0.2711551,25.71171,148.3687,2.961958,0.4627805,0.03063178,-0.8859431,0.0,0.0,0.0,1.608399,-0.3586831,-2.607647,-0.3837849,0.08705541,1.086686,-0.8385465,0.04655668,-0.5428377,0.2712219,0.8997846,-0.3417986,0.4725241,-0.4338434,-0.7671385,static,-42.64593,26.86902,-19.45169,4.580235,-40.73362005226319,29.625480088357435,32.167727708898326,32.86616570708112,152.27190539618806
1923,1923,05/15/2023 13:23:55.764316,2152,True,True,True,True,Eyes,0.8118905,0.06122854,-1.74786,0.639366,-0.3481493,-0.6855677,0.0,0.0,0.0,0.0,0.0,0.0,0.0,-0.4713137,-0.8376353,-1.650876,0.6214685,0.06496914,-1.805191,0.08536183,0.9357544,-0.2054961,0.2735849,25.54977,148.0872,3.00611,0.4590351,0.0307468,-0.8878856,0.0,0.0,0.0,1.608399,-0.3586831,-2.607647,-0.3834682,0.08784962,1.089607,-0.8357297,0.04731412,-0.5470996,0.2721967,0.9009694,-0.3378803,0.4769336,-0.4312952,-0.7658456,static,-43.00285,26.92266,-19.38862,4.609502,-41.07782511442,29.66604321303462,32.488596128885966,33.139883464730005,151.99043260038223
1924,1924,05/15/2023 13:23:55.783979,2153,True,True,True,True,Eyes,0.8040739,0.06114161,-1.750779,0.6437108,-0.3472021,-0.6819729,0.0,0.0,0.0,0.0,0.0,0.0,0.0,-0.4900774,-0.8301036,-1.652823,0.6147568,0.06388666,-1.810818,0.08578179,0.9353126,-0.2038194,0.2762057,25.38232,147.7795,3.037442,0.4552737,0.03085006,-0.8898166,0.0,0.0,0.0,1.608399,-0.3586831,-2.607647,-0.3846366,0.08839768,1.091931,-0.8327039,0.04787342,-0.5516453,0.2730577,0.9021983,-0.3338828,0.4817094,-0.4286565,-0.7643363,static,-43.34678,26.98129,-19.405,4.62831,-41.40931362382373,29.711828304954675,32.75461104102444,33.367240050843144,151.7690077904809
1925,1925,05/15/2023 13:23:55.803643,2154,True,True,True,True,Eyes,0.7963046,0.06100156,-1.753816,0.6480101,-0.3462783,-0.6783615,0.0,0.0,0.0,0.0,0.0,0.0,0.0,-0.5098433,-0.826574,-1.652252,0.6079983,0.06243937,-1.816463,0.08690139,0.934504,-0.2034059,0.2788846,25.38116,147.4664,3.106793,0.4514966,0.03093953,-0.8917359,0.0,0.0,0.0,1.608399,-0.3586831,-2.607647,-0.3862249,0.09139273,1.094556,-0.8293433,0.04896586,-0.55659,0.2758729,0.9021484,-0.3316962,0.485885,-0.4286381,-0.761699,static,-43.68913,27.04262,-19.4359,4.772986,-41.73919831700336,29.76026805775445,32.9265206775155,33.49330351653928,151.62712429125608
1926,1926,05/15/2023 13:23:55.821116,2155,True,True,True,True,Eyes,0.7885973,0.06080469,-1.756954,0.6520878,-0.3454265,-0.6748793,0.0,0.0,0.0,0.0,0.0,0.0,0.0,-0.5292859,-0.8218685,-1.652511,0.6013423,0.06102432,-1.82238,0.08794501,0.9337941,-0.202635,0.2814845,25.33747,147.1654,3.181978,0.447704,0.03101358,-0.8936435,0.0,0.0,0.0,1.608399,-0.3586831,-2.607647,-0.3882055,0.0937224,1.09688,-0.8260646,0.05016779,-0.5613387,0.2783223,0.9024094,-0.3289285,0.4900557,-0.4279491,-0.7594113,static,-44.01601,27.10494,-19.48978,4.883748,-42.05407371876202,29.8101481098678,33.095578736649465,33.622503973734325,151.49178625205897
1927,1927,05/15/2023 13:23:55.834192,2156,True,True,True,True,Eyes,0.7809396,0.06055595,-1.760205,0.6561131,-0.3446109,-0.6713858,0.0,0.0,0.0,0.0,0.0,0.0,0.0,-0.5470726,-0.8176769,-1.652729,0.594821,0.05946304,-1.828127,0.08859793,0.9331592,-0.2020491,0.2837968,25.30112,146.8897,3.212908,0.4438975,0.03107053,-0.8955384,0.0,0.0,0.0,1.608399,-0.3586831,-2.607647,-0.3901726,0.096187,1.099576,-0.8232197,0.05067016,-0.5654574,0.2800337,0.9026531,-0.3268003,0.4938529,-0.4273755,-0.7572711,static,-44.34085,27.17065,-19.53668,4.999305,-42.366880990382576,29.863362999145785,33.268835093791985,33.75558409280087,151.35134090774932
1928,1928,05/15/2023 13:23:55.853642,2157,True,True,True,True,Eyes,0.7732988,0.06025823,-1.763584,0.6600196,-0.3438876,-0.6679189,0.0,0.0,0.0,0.0,0.0,0.0,0.0,-0.5655914,-0.8135295,-1.652843,0.5883329,0.05797337,-1.834153,0.08973062,0.9324609,-0.2014588,0.2861457,25.28094,146.6207,3.299788,0.4400771,0.03110915,-0.8974206,0.0,0.0,0.0,1.608399,-0.3586831,-2.607647,-0.3927584,0.1006264,1.102119,-0.820138,0.05204748,-0.5697933,0.2826337,0.9027256,-0.3243528,0.4974852,-0.4270569,-0.7550699,static,-44.65918,27.24233,-19.61437,5.216793,-42.673220697715344,29.922542224636544,33.35216316934284,33.79474279011688,151.28977017949046
1929,1929,05/15/2023 13:23:55.864426,2158,True,True,True,True,Eyes,0.7657042,0.05991952,-1.767078,0.663906,-0.3432321,-0.6643949,0.0,0.0,0.0,0.0,0.0,0.0,0.0,-0.5855067,-0.8085504,-1.652672,0.5818529,0.05649883,-1.84015,0.09135737,0.931664,-0.2006953,0.2887517,25.25961,146.3322,3.443844,0.436242,0.03112846,-0.8992904,0.0,0.0,0.0,1.608399,-0.3586831,-2.607647,-0.3963733,0.1038769,1.104566,-0.8165528,0.05432653,-0.5747091,0.286131,0.9027504,-0.321202,0.5013691,-0.4267204,-0.7526878,static,-44.97891,27.32126,-19.74051,5.372473,-42.98071856644573,29.98867277254538,33.44736290548732,33.853575667184124,151.22843114200396
1930,1930,05/15/2023 13:23:55.883816,2159,True,True,True,True,Eyes,0.7581301,0.05954204,-1.770714,0.6677251,-0.3425983,-0.6608856,0.0,0.0,0.0,0.0,0.0,0.0,0.0,-0.6074675,-0.8040223,-1.651629,0.5753409,0.05518878,-1.846425,0.09333006,0.930661,-0.2000851,0.2917633,25.26993,145.9973,3.611454,0.4323928,0.03112801,-0.9011475,0.0,0.0,0.0,1.608399,-0.3586831,-2.607647,-0.4006617,0.1038213,1.107208,-0.8123277,0.05696233,-0.5804132,0.2904722,0.9025109,-0.3179622,0.5057175,-0.4268833,-0.7496806,static,-45.29495,27.40189,-19.8935,5.356878,-43.28459640782862,30.056559285983734,33.633557887661006,34.01790185754419,151.1004657065684
1931,1931,05/15/2023 13:23:55.903924,2160,True,True,True,True,Eyes,0.7506076,0.05912763,-1.774488,0.6715431,-0.3419039,-0.6573672,0.0,0.0,0.0,0.0,0.0,0.0,0.0,-0.6293702,-0.7965994,-1.652173,0.5689999,0.05387005,-1.853022,0.09545156,0.9298148,-0.198666,0.2947294,25.19561,145.6809,3.827322,0.4285285,0.03110748,-0.9029922,0.0,0.0,0.0,1.608399,-0.3586831,-2.607647,-0.4041129,0.1046645,1.1103,-0.8080474,0.06039911,-0.5860133,0.2946099,0.9028416,-0.3131805,0.5101615,-0.4257099,-0.7473329,static,-45.61117,27.47944,-19.99985,5.385179,-43.58873256398308,30.121468391947097,33.82448937202927,34.18068743456661,150.95827784583827
1932,1932,05/15/2023 13:23:55.921253,2161,True,True,True,True,Eyes,0.7430831,0.0586658,-1.778434,0.675344,-0.3411553,-0.6538528,0.0,0.0,0.0,0.0,0.0,0.0,0.0,-0.651379,-0.7847895,-1.655061,0.5626835,0.05255128,-1.860118,0.09747925,0.9292159,-0.1960222,0.2977097,24.98209,145.3738,4.076868,0.4246497,0.03106669,-0.9048242,0.0,0.0,0.0,1.608399,-0.3586831,-2.607647,-0.4056692,0.1046326,1.114133,-0.8037337,0.06444311,-0.5914894,0.297874,0.9041461,-0.306253,0.5150569,-0.422335,-0.7458888,static,-45.92631,27.55382,-20.00717,5.365134,-43.891909211739545,30.1833527627657,34.11949010091148,34.44451697686156,150.71175414801485
1933,1933,05/15/2023 13:23:55.936692,2162,True,True,True,True,Eyes,0.7356044,0.05815222,-1.782521,0.6791447,-0.3403839,-0.6503085,0.0,0.0,0.0,0.0,0.0,0.0,0.0,-0.6738431,-0.7719365,-1.658038,0.5563895,0.05088955,-1.867319,0.09929844,0.928589,-0.1932341,0.3008702,24.74762,145.0389,4.302872,0.4207541,0.03100491,-0.9066443,0.0,0.0,0.0,1.608399,-0.3586831,-2.607647,-0.4067321,0.1055587,1.118428,-0.7992342,0.06813812,-0.5971453,0.3006917,0.9056008,-0.2991182,0.5203939,-0.418622,-0.7442756,static,-46.24257,27.62842,-19.9845,5.391676,-44.19616455127879,30.24541428277186,34.408705640381704,34.69744957445964,150.46265742417853
1934,1934,05/15/2023 13:23:55.954105,2163,True,True,True,True,Eyes,0.7281577,0.05760843,-1.786766,0.6829217,-0.3396079,-0.6467491,0.0,0.0,0.0,0.0,0.0,0.0,0.0,-0.6960126,-0.7621213,-1.65966,0.5499722,0.04911861,-1.874794,0.100951,0.9278141,-0.1913384,0.3039074,24.60829,144.7052,4.480784,0.4168423,0.03092127,-0.9084523,0.0,0.0,0.0,1.608399,-0.3586831,-2.607647,-0.4075983,0.1080452,1.122757,-0.7948986,0.07102915,-0.6025707,0.3036257,0.906397,-0.2936935,0.5253074,-0.4164124,-0.7420601,static,-46.5583,27.70396,-19.95259,5.496762,-44.49988096639112,30.30839938858853,34.65578519692353,34.90253348528543,150.2437990673903
1935,1935,05/15/2023 13:23:55.963840,2164,True,True,True,True,Eyes,0.7207667,0.057053,-1.791162,0.6866931,-0.3388512,-0.6431426,0.0,0.0,0.0,0.0,0.0,0.0,0.0,-0.7179294,-0.7550482,-1.660179,0.5437995,0.04781947,-1.882475,0.1022928,0.9269267,-0.1900726,0.3069458,24.5296,144.3565,4.599436,0.4129144,0.03081613,-0.9102479,0.0,0.0,0.0,1.608399,-0.3586831,-2.607647,-0.408279,0.1079319,1.127391,-0.790641,0.07295179,-0.6079184,0.3063197,0.9068173,-0.28957,0.5301463,-0.4151632,-0.7393134,static,-46.87569,27.78331,-19.90761,5.468606,-44.80510115254924,30.375008551852865,35.00319061877097,35.21667153162279,149.9437911279083
1936,1936,05/15/2023 13:23:55.983611,2165,True,True,True,True,Eyes,0.7134282,0.05648,-1.795707,0.6904441,-0.3381543,-0.6394831,0.0,0.0,0.0,0.0,0.0,0.0,0.0,-0.7398401,-0.7496245,-1.660175,0.5377058,0.04697934,-1.890541,0.1034797,0.9259858,-0.1891327,0.3099537,24.48256,144.0042,4.688981,0.4089714,0.03069077,-0.9120305,0.0,0.0,0.0,1.608399,-0.3586831,-2.607647,-0.4083989,0.1099602,1.132416,-0.7864417,0.07439676,-0.6131682,0.3088862,0.9070416,-0.2861204,0.5348826,-0.4144161,-0.7363154,static,-47.19442,27.86958,-19.83152,5.546161,-45.11143039052433,30.44825251573782,35.31378388476037,35.48503954078566,149.66533347124468
1937,1937,05/15/2023 13:23:56.003488,2166,True,True,True,True,Eyes,0.706127,0.05587382,-1.800377,0.6941026,-0.3376076,-0.6358008,0.0,0.0,0.0,0.0,0.0,0.0,0.0,-0.7614738,-0.745753,-1.659439,0.5315772,0.04598555,-1.898694,0.105091,0.9249523,-0.1886977,0.3127499,24.50717,143.683,4.815085,0.4050144,0.03054604,-0.9137995,0.0,0.0,0.0,1.608399,-0.3586831,-2.607647,-0.4069085,0.1153826,1.137792,-0.7822869,0.07637801,-0.6182184,0.3124387,0.9066981,-0.2833383,0.5388966,-0.4148071,-0.7331616,static,-47.51019,27.96811,-19.67856,5.790522,-45.4145586235156,30.53341845726304,35.587147089288344,35.700876043095036,149.39798525807552
1938,1938,05/15/2023 13:23:56.020875,2167,True,True,True,True,Eyes,0.6988211,0.05531143,-1.805224,0.6976109,-0.3373893,-0.6320661,0.0,0.0,0.0,0.0,0.0,0.0,0.0,-0.7809915,-0.7441283,-1.657857,0.5251543,0.0446064,-1.906407,0.1074702,0.9239153,-0.1890415,0.3147923,24.64396,143.4682,5.02226,0.4010441,0.03038196,-0.9155545,0.0,0.0,0.0,1.608399,-0.3586831,-2.607647,-0.4034802,0.118938,1.144293,-0.7787122,0.0795691,-0.6223154,0.3176043,0.9054269,-0.2816551,0.5410501,-0.4169782,-0.7303385,static,-47.82204,28.09277,-19.42276,5.934026,-45.71317789123831,30.643919062167974,36.021230408967654,36.07997904710756,148.98595368106166
1939,1939,05/15/2023 13:23:56.034253,2168,True,True,True,True,Eyes,0.6915868,0.05483284,-1.810237,0.7010592,-0.3372577,-0.6283097,0.0,0.0,0.0,0.0,0.0,0.0,0.0,-0.8023509,-0.7486726,-1.653143,0.5188292,0.04508677,-1.914665,0.1114384,0.922411,-0.1907587,0.3167816,24.99374,143.2819,5.363861,0.3970584,0.03020247,-0.917296,0.0,0.0,0.0,1.608399,-0.3586831,-2.607647,-0.4004927,0.1290426,1.150793,-0.7744618,0.08472633,-0.6269212,0.3264416,0.9023852,-0.2813126,0.5418898,-0.4225191,-0.726521,static,-48.13238,28.22556,-19.18863,6.398056,-46.01011306365566,30.762311312993788,36.251628859025296,36.235464543603044,148.73349967784222
1940,1940,05/15/2023 13:23:56.055195,2169,True,True,True,True,Eyes,0.6844026,0.05443604,-1.815405,0.7045169,-0.3370923,-0.6245196,0.0,0.0,0.0,0.0,0.0,0.0,0.0,-0.8236654,-0.7463011,-1.652541,0.5132838,0.04662456,-1.923707,0.1140799,0.92139,-0.1901667,0.3191598,25.04025,143.0394,5.627059,0.3930593,0.03001319,-0.9190229,0.0,0.0,0.0,1.608399,-0.3586831,-2.607647,-0.3992716,0.143023,1.156159,-0.7702459,0.08883698,-0.6315297,0.3316112,0.9016448,-0.2776159,0.544753,-0.4232548,-0.7239474,static,-48.44459,28.35851,-19.05201,7.051966,-46.30885491961234,30.880799303915197,36.30279019965732,36.2042662071416,148.63636005465222
1941,1941,05/15/2023 13:23:56.063671,2170,True,True,True,True,Eyes,0.6772783,0.05408553,-1.820676,0.7078747,-0.3371907,-0.6206576,0.0,0.0,0.0,0.0,0.0,0.0,0.0,-0.8428147,-0.7476305,-1.650516,0.5078352,0.04815565,-1.932169,0.1148895,0.9204264,-0.190444,0.3214757,25.11571,142.7528,5.643984,0.3890481,0.02981908,-0.9207343,0.0,0.0,0.0,1.608399,-0.3586831,-2.607647,-0.3997942,0.1387354,1.16204,-0.7669075,0.08904842,-0.6355495,0.3339409,0.901063,-0.276711,0.5480295,-0.4244477,-0.7207689,static,-48.75603,28.51434,-18.98553,6.80829,-46.60622712902363,31.021387395151383,36.84338850937167,36.731144759731365,148.19591658246313
1942,1942,05/15/2023 13:23:56.083722,2171,True,True,True,True,Eyes,0.6701776,0.05378738,-1.826067,0.7112272,-0.3374695,-0.6166604,0.0,0.0,0.0,0.0,0.0,0.0,0.0,-0.8616353,-0.7583243,-1.643339,0.5021306,0.04897663,-1.939974,0.1163528,0.918879,-0.1935734,0.3235007,25.53241,142.4872,5.633997,0.3850271,0.02962282,-0.9224294,0.0,0.0,0.0,1.608399,-0.3586831,-2.607647,-0.4033166,0.1322505,1.167879,-0.7636186,0.08858597,-0.6395617,0.3390705,0.8979827,-0.2804607,0.5494704,-0.4310215,-0.7157533,static,-49.0735,28.68984,-19.05189,6.460647,-46.908902850422,31.180765165645063,37.35550947883524,37.243756618687534,147.81483811259574
1943,1943,05/15/2023 13:23:56.103790,2172,True,True,True,True,Eyes,0.6631341,0.05354466,-1.831533,0.7145587,-0.3379313,-0.6125425,0.0,0.0,0.0,0.0,0.0,0.0,0.0,-0.8822205,-0.7662288,-1.63601,0.4964575,0.04992375,-1.947559,0.119075,0.9171897,-0.1961515,0.3257439,25.9376,142.2278,5.784722,0.3809966,0.02942715,-0.9241077,0.0,0.0,0.0,1.608399,-0.3586831,-2.607647,-0.4071504,0.1401706,1.172396,-0.7594243,0.09063844,-0.6442512,0.346219,0.8946915,-0.2822402,0.5508243,-0.437392,-0.7108312,static,-49.39576,28.88492,-19.15112,6.817872,-47.215683630120544,31.358884660590476,37.43918877545164,37.28110827424993,147.76312999637918
1944,1944,05/15/2023 13:23:56.123578,2173,True,True,True,True,Eyes,0.6561861,0.05336317,-1.837053,0.7179797,-0.3383404,-0.6083016,0.0,0.0,0.0,0.0,0.0,0.0,0.0,-0.9069338,-0.76771,-1.628763,0.4908151,0.05103287,-1.954807,0.121925,0.9153596,-0.1972203,0.329174,26.18839,141.8321,5.972555,0.3769595,0.02923474,-0.9257681,0.0,0.0,0.0,1.608399,-0.3586831,-2.607647,-0.4120061,0.1392031,1.176267,-0.7535579,0.09337091,-0.6507171,0.35305,0.8924769,-0.2807858,0.5545329,-0.441324,-0.7054976,static,-49.72738,29.08303,-19.30361,6.749173,-47.53144670172976,31.53963417622823,37.74131621326088,37.568307523624235,147.563843098177
1945,1945,05/15/2023 13:23:56.133904,2174,True,True,True,True,Eyes,0.6492913,0.0532371,-1.842656,0.7214123,-0.3387078,-0.604021,0.0,0.0,0.0,0.0,0.0,0.0,0.0,-0.9320426,-0.767499,-1.622143,0.4852494,0.05236918,-1.96237,0.1235905,0.913656,-0.1976843,0.3329852,26.32988,141.3633,6.032289,0.37292,0.02904824,-0.9274084,0.0,0.0,0.0,1.608399,-0.3586831,-2.607647,-0.4161575,0.1333553,1.181159,-0.7476925,0.09418649,-0.6573316,0.3574903,0.8912926,-0.2789234,0.5596039,-0.4435385,-0.7000836,static,-50.06138,29.28175,-19.40887,6.441535,-47.84949810750292,31.720897626182808,38.226323267433465,38.051484884762814,147.21835804590296
1946,1946,05/15/2023 13:23:56.154063,2175,True,True,True,True,Eyes,0.6424527,0.05316048,-1.848321,0.7249224,-0.3387945,-0.5997548,0.0,0.0,0.0,0.0,0.0,0.0,0.0,-0.9536737,-0.7635438,-1.619069,0.4795024,0.0535741,-1.970047,0.1241032,0.9125912,-0.1969171,0.3361543,26.28555,140.9655,6.025825,0.3688801,0.02886976,-0.9290283,0.0,0.0,0.0,1.608399,-0.3586831,-2.607647,-0.4199575,0.140888,1.1852,-0.7431975,0.09412192,-0.6624189,0.3589,0.8916442,-0.2759738,0.5646667,-0.4428451,-0.696448,static,-50.3978,29.4616,-19.51101,6.779098,-48.17040779226701,31.883878318477947,38.320878036445144,38.1000141293207,147.15428779544126
1947,1947,05/15/2023 13:23:56.163453,2176,True,True,True,True,Eyes,0.6356862,0.05313017,-1.854054,0.7284297,-0.338722,-0.5955313,0.0,0.0,0.0,0.0,0.0,0.0,0.0,-0.9712046,-0.7592764,-1.617784,0.4740137,0.05462942,-1.977192,0.1243025,0.9119226,-0.1959361,0.3384603,26.19962,140.6769,6.018363,0.364842,0.0287009,-0.9306267,0.0,0.0,0.0,1.608399,-0.3586831,-2.607647,-0.4232032,0.146833,1.188823,-0.7399873,0.09407536,-0.6660098,0.3593417,0.8923159,-0.2732141,0.5685885,-0.4414999,-0.6941076,static,-50.73212,29.63004,-19.59496,7.041014,-48.489594824007405,32.035915828009834,38.467997458852416,38.20530118981645,147.04381326453372
1948,1948,05/15/2023 13:23:56.183768,2177,True,True,True,True,Eyes,0.6290158,0.05311446,-1.859815,0.7320239,-0.3382645,-0.5913697,0.0,0.0,0.0,0.0,0.0,0.0,0.0,-0.9883436,-0.7509779,-1.618879,0.4689355,0.05567645,-1.98458,0.1239557,0.9115331,-0.193751,0.340886,25.95915,140.3741,5.993798,0.3608087,0.02854292,-0.9322028,0.0,0.0,0.0,1.608399,-0.3586831,-2.607647,-0.425184,0.1479986,1.193415,-0.7368637,0.09388541,-0.6694907,0.3580734,0.8941911,-0.2687113,0.5734245,-0.4377304,-0.6925148,static,-51.06679,29.76963,-19.60971,7.069311,-48.80990754084749,32.16010620363869,38.79242664268582,38.49934467462341,146.78000526943052
1949,1949,05/15/2023 13:23:56.203939,2178,True,True,True,True,Eyes,0.6223996,0.05309325,-1.865606,0.735586,-0.3377451,-0.5872321,0.0,0.0,0.0,0.0,0.0,0.0,0.0,-1.004712,-0.7401495,-1.621099,0.4636599,0.0559721,-1.991762,0.1220342,0.9114068,-0.1908711,0.3435312,25.57979,140.0147,5.809832,0.3567837,0.02839535,-0.9337552,0.0,0.0,0.0,1.608399,-0.3586831,-2.607647,-0.4237702,0.148516,1.198835,-0.7341884,0.09130526,-0.6727788,0.353586,0.8973517,-0.2640774,0.5796077,-0.4317676,-0.6911094,static,-51.39898,29.90525,-19.46774,7.062029,-49.12792670094084,32.28054385708422,39.26088172204543,38.931994127345256,146.36692412224664
1950,1950,05/15/2023 13:23:56.221193,2179,True,True,True,True,Eyes,0.61583,0.05309306,-1.871418,0.7391018,-0.3373818,-0.5830112,0.0,0.0,0.0,0.0,0.0,0.0,0.0,-1.019054,-0.7402228,-1.618615,0.4583129,0.05581307,-1.998286,0.1203085,0.9108391,-0.1910058,0.3455649,25.53738,139.7044,5.542845,0.3527693,0.02825677,-0.9352833,0.0,0.0,0.0,1.608399,-0.3586831,-2.607647,-0.4207335,0.1447469,1.204801,-0.732222,0.08715364,-0.6754671,0.3511732,0.8980852,-0.2648023,0.5835486,-0.4310999,-0.6882038,static,-51.73326,30.05747,-19.24992,6.85078,-49.44751730167682,32.41693262091053,39.921395746036985,39.5666910750688,145.79719337727173
1951,1951,05/15/2023 13:23:56.233781,2180,True,True,True,True,Eyes,0.6093346,0.05312879,-1.87725,0.742525,-0.337115,-0.5788006,0.0,0.0,0.0,0.0,0.0,0.0,0.0,-1.033827,-0.7497547,-1.611225,0.4528174,0.05633736,-2.004684,0.1199906,0.9096649,-0.1937252,0.34725,25.83517,139.4384,5.339766,0.348767,0.02812729,-0.9367871,0.0,0.0,0.0,1.608399,-0.3586831,-2.607647,-0.4175391,0.1400402,1.210584,-0.7300394,0.08376028,-0.6782527,0.3528447,0.8961456,-0.2691167,0.5852718,-0.4357836,-0.6837759,static,-52.06347,30.21811,-19.02969,6.598641,-49.76293660523451,32.56157311294344,40.609234626256644,40.23190637789202,145.20964476175033
1952,1952,05/15/2023 13:23:56.253799,2181,True,True,True,True,Eyes,0.6029229,0.05322439,-1.883064,0.7459034,-0.3369501,-0.574537,0.0,0.0,0.0,0.0,0.0,0.0,0.0,-1.047058,-0.7575005,-1.605643,0.4480854,0.05726387,-2.011012,0.1193458,0.9087355,-0.1957098,0.3487895,26.03691,139.192,5.132775,0.3447797,0.02800773,-0.9382654,0.0,0.0,0.0,1.608399,-0.3586831,-2.607647,-0.4130324,0.1390078,1.216386,-0.7282051,0.0803845,-0.6806291,0.3534306,0.8949084,-0.2724437,0.5872005,-0.4389501,-0.6800872,static,-52.3945,30.39045,-18.75528,6.519442,-50.0788310068317,32.717476733321234,41.24829869393966,40.83505689436336,144.64256797016992
1953,1953,05/15/2023 13:23:56.263820,2182,True,True,True,True,Eyes,0.5965895,0.05337448,-1.888881,0.7492651,-0.3368163,-0.5702251,0.0,0.0,0.0,0.0,0.0,0.0,0.0,-1.061472,-0.7654411,-1.598524,0.4431108,0.05883829,-2.016951,0.1192448,0.9076318,-0.1977808,0.3505254,26.27123,138.9294,4.977748,0.3408106,0.02790006,-0.9397176,0.0,0.0,0.0,1.608399,-0.3586831,-2.607647,-0.4060089,0.1410802,1.22242,-0.7258254,0.07780641,-0.6834646,0.3551152,0.8933269,-0.2754276,0.5891273,-0.4426209,-0.6760296,static,-52.7272,30.56919,-18.37315,6.583414,-50.39616823674262,32.87950308031246,41.89890454086689,41.436191884757925,144.03531465927762
1954,1954,05/15/2023 13:23:56.283945,2183,True,True,True,True,Eyes,0.5903267,0.05355943,-1.894684,0.7526662,-0.3366869,-0.5658051,0.0,0.0,0.0,0.0,0.0,0.0,0.0,-1.079743,-0.7658705,-1.592368,0.4386222,0.06030396,-2.022872,0.119498,0.9064226,-0.1980931,0.3533802,26.3318,138.5501,4.904683,0.3368622,0.02780578,-0.941143,0.0,0.0,0.0,1.608399,-0.3586831,-2.607647,-0.3979999,0.1434119,1.229129,-0.7216853,0.07662707,-0.6879671,0.3566358,0.8929587,-0.2746556,0.59328,-0.4435686,-0.6717631,static,-53.06656,30.7551,-17.94229,6.655048,-50.71975998352806,33.0482386242975,42.597263403129595,42.08281181018668,143.37889619386218
1955,1955,05/15/2023 13:23:56.304271,2184,True,True,True,True,Eyes,0.5841352,0.05379058,-1.900491,0.7560977,-0.3365573,-0.5612892,0.0,0.0,0.0,0.0,0.0,0.0,0.0,-1.098501,-0.7640111,-1.586368,0.4338368,0.06130531,-2.028549,0.1190639,0.9052826,-0.1978703,0.3565596,26.30592,138.1186,4.765082,0.3329369,0.02772523,-0.9425411,0.0,0.0,0.0,1.608399,-0.3586831,-2.607647,-0.3934684,0.1430002,1.234323,-0.7173781,0.07446783,-0.6926928,0.3566781,0.8933423,-0.2733503,0.5984559,-0.4431638,-0.6674252,static,-53.41165,30.94753,-17.68086,6.608437,-51.04872329128701,33.22308536927147,43.23286715089284,42.68200801796916,142.818403434323
1956,1956,05/15/2023 13:23:56.321247,2185,True,True,True,True,Eyes,0.5780796,0.05405184,-1.906241,0.7595611,-0.3362541,-0.5567765,0.0,0.0,0.0,0.0,0.0,0.0,0.0,-1.119914,-0.7621654,-1.578703,0.4293126,0.06264563,-2.034496,0.1192173,0.9038008,-0.1977633,0.3603068,26.32018,137.6225,4.670657,0.3290367,0.02765928,-0.9439118,0.0,0.0,0.0,1.608399,-0.3586831,-2.607647,-0.3913236,0.1441313,1.238632,-0.7119325,0.07298645,-0.6984448,0.3580083,0.8933539,-0.2715676,0.6041377,-0.4433869,-0.6621373,moving,-53.75769,31.12904,-17.53299,6.637274,-51.37890443016986,33.38736607375917,43.727285439285566,43.140622962226374,142.3897635724684
1957,1957,05/15/2023 13:23:56.333937,2186,True,True,True,True,Eyes,0.5720783,0.05432373,-1.911971,0.7630622,-0.3358595,-0.5522086,0.0,0.0,0.0,0.0,0.0,0.0,0.0,-1.138604,-0.7526832,-1.576366,0.4248689,0.0636223,-2.040421,0.1183446,0.903079,-0.1954063,0.3636748,26.0409,137.188,4.572051,0.3251668,0.02760792,-0.9452533,0.0,0.0,0.0,1.605623,-0.3586988,-2.607616,-0.3892691,0.1453169,1.240774,-0.7074707,0.07162034,-0.7031048,0.3558778,0.8956218,-0.2668568,0.6106036,-0.4390126,-0.6591142,moving,-54.1077,31.30844,-17.41825,6.67993,-51.71298794956795,33.549486440951995,44.18913040695189,43.56721375487583,141.99275211110125
1958,1958,05/15/2023 13:23:56.354031,2187,True,True,True,True,Eyes,0.5661446,0.05461584,-1.917664,0.7665718,-0.3355919,-0.5474905,0.0,0.0,0.0,0.0,0.0,0.0,0.0,-1.159151,-0.7435017,-1.571376,0.4201374,0.06412514,-2.045733,0.1185389,0.9019527,-0.1936263,0.3673399,25.87261,136.7292,4.56291,0.3213279,0.02757016,-0.9465663,0.0,0.0,0.0,1.602702,-0.3587154,-2.607584,-0.3873616,0.1464828,1.242705,-0.7020199,0.0715797,-0.708551,0.3560864,0.8969148,-0.2621953,0.616742,-0.4363717,-0.6551405,moving,-54.46533,31.5068,-17.3127,6.722671,-52.053934216022,33.72966158076934,44.66061985917281,44.00376001073387,141.59385994812152
1959,1959,05/15/2023 13:23:56.364005,2188,True,True,True,True,Eyes,0.5602556,0.05492884,-1.923364,0.7700881,-0.3352747,-0.5427294,0.0,0.0,0.0,0.0,0.0,0.0,0.0,-1.180891,-0.7395338,-1.56294,0.4151369,0.06491466,-2.051254,0.1194917,0.9003766,-0.1933799,0.3710097,25.90591,136.2626,4.570822,0.3175215,0.02754562,-0.9478507,0.0,0.0,0.0,1.599826,-0.3587317,-2.607553,-0.3871012,0.1448416,1.244181,-0.6961471,0.07168335,-0.7143112,0.3586665,0.8966519,-0.2595643,0.6218821,-0.4368944,-0.6499121,moving,-54.82524,31.70597,-17.28245,6.640214,-52.39706651536783,33.9105467622232,45.141479869800854,44.46017703500209,141.21241642468198
1960,1960,05/15/2023 13:23:56.383710,2189,True,True,True,True,Eyes,0.5543934,0.05525551,-1.929062,0.7735597,-0.3349926,-0.5379455,0.0,0.0,0.0,0.0,0.0,0.0,0.0,-1.201142,-0.7322605,-1.557454,0.4102943,0.06571491,-2.05717,0.1199894,0.8991951,-0.1920664,0.3743812,25.80146,135.8418,4.585433,0.3137471,0.0275339,-0.949107,0.0,0.0,0.0,1.59678,-0.3587489,-2.60752,-0.3873033,0.1455135,1.244978,-0.6908826,0.07197557,-0.7193753,0.3595999,0.8974261,-0.2555668,0.6271915,-0.4352539,-0.6458985,moving,-55.18464,31.91159,-17.28052,6.666505,-52.73952900595529,34.09767127102459,45.5415923045256,44.83090677950889,140.8974715806171
1961,1961,05/15/2023 13:23:56.403922,2190,True,True,True,True,Eyes,0.5485737,0.05559658,-1.934766,0.7769869,-0.3346736,-0.5331838,0.0,0.0,0.0,0.0,0.0,0.0,0.0,-1.218957,-0.7256444,-1.552901,0.4050691,0.06635046,-2.06287,0.1203426,0.898266,-0.1908767,0.377097,25.70118,135.5037,4.598506,0.3100041,0.02753433,-0.9503362,0.0,0.0,0.0,1.594173,-0.3587637,-2.607491,-0.3877475,0.1442892,1.245718,-0.6866312,0.07224125,-0.7234079,0.3601573,0.8981675,-0.2521544,0.6315255,-0.4336777,-0.642728,moving,-55.54131,32.11604,-17.2895,6.607019,-53.07937946723775,34.283752499798084,45.977289183405986,45.2428673881116,140.56238448520182
1962,1962,05/15/2023 13:23:56.421233,2191,True,True,True,True,Eyes,0.5427942,0.05593697,-1.940455,0.7803487,-0.3343722,-0.5284421,0.0,0.0,0.0,0.0,0.0,0.0,0.0,-1.235324,-0.7204128,-1.549024,0.4002521,0.06702687,-2.068767,0.1206628,0.897429,-0.1899307,0.3794578,25.62451,135.2085,4.60765,0.306292,0.0275463,-0.9515387,0.0,0.0,0.0,1.591291,-0.3587801,-2.60746,-0.3885981,0.1420894,1.245822,-0.6829049,0.07243119,-0.7269078,0.3607139,0.8987336,-0.2493258,0.6352376,-0.4324715,-0.6398765,moving,-55.89465,32.32362,-17.3238,6.506625,-53.4159195567687,34.47295815287674,46.4136585559954,45.659138013302204,140.23722774207968
1963,1963,05/15/2023 13:23:56.434350,2192,True,True,True,True,Eyes,0.5370382,0.05626819,-1.946137,0.7837007,-0.3339974,-0.5236974,0.0,0.0,0.0,0.0,0.0,0.0,0.0,-1.252521,-0.7110381,-1.545848,0.3950744,0.06734417,-2.074466,0.120598,0.8966995,-0.1879964,0.3821565,25.42487,134.875,4.610217,0.3026108,0.02756857,-0.9527152,0.0,0.0,0.0,1.588384,-0.3587965,-2.607428,-0.3874995,0.1424418,1.246297,-0.678825,0.07259211,-0.7307031,0.3599684,0.900227,-0.244978,0.6400152,-0.4293272,-0.6372275,moving,-56.24771,32.52843,-17.27154,6.520157,-53.7522640094892,34.659499928649936,46.85693216922581,46.072397861547024,139.87814563599002
1964,1964,05/15/2023 13:23:56.453953,2193,True,True,True,True,Eyes,0.5312697,0.05658776,-1.951839,0.7869276,-0.3338494,-0.5189312,0.0,0.0,0.0,0.0,0.0,0.0,0.0,-1.269685,-0.7051927,-1.540669,0.3898613,0.06743352,-2.080029,0.1202155,0.8957751,-0.1869963,0.3849254,25.31289,134.5104,4.530954,0.2989594,0.02759956,-0.9538664,0.0,0.0,0.0,1.585463,-0.3588131,-2.607396,-0.3850226,0.1416786,1.247006,-0.6747612,0.0714128,-0.7345728,0.3593313,0.9011613,-0.2424653,0.6446534,-0.4275612,-0.6337295,moving,-56.59757,32.75481,-17.15847,6.481867,-54.08492114630012,34.866954037522234,47.388924261806665,46.57548668975776,139.44384139194634
1965,1965,05/15/2023 13:23:56.463806,2194,True,True,True,True,Eyes,0.5255137,0.0569043,-1.957542,0.790159,-0.333663,-0.5141184,0.0,0.0,0.0,0.0,0.0,0.0,0.0,-1.28814,-0.702406,-1.532856,0.384361,0.06747486,-2.085675,0.1204558,0.8944895,-0.1870385,0.3878088,25.34296,134.1267,4.469109,0.2953352,0.02763773,-0.9549936,0.0,0.0,0.0,1.582599,-0.3588293,-2.607365,-0.3818105,0.1424091,1.247801,-0.6701897,0.07042256,-0.7388415,0.3605632,0.901014,-0.2411803,0.6487219,-0.4280356,-0.6292421,moving,-56.94989,32.98358,-17.01342,6.510884,-54.41989555586085,35.07663701976045,47.91372736042685,47.06640690659495,139.00337477037013
1966,1966,05/15/2023 13:23:56.484062,2195,True,True,True,True,Eyes,0.5197752,0.0572177,-1.963237,0.7932555,-0.3336487,-0.5093371,0.0,0.0,0.0,0.0,0.0,0.0,0.0,-1.307703,-0.697217,-1.525244,0.3788277,0.06770216,-2.091524,0.12043,0.8932168,-0.1863979,0.3910449,25.28839,133.7004,4.399578,0.2917371,0.02768214,-0.9560975,0.0,0.0,0.0,1.57974,-0.3588455,-2.607334,-0.3778367,0.1450666,1.248402,-0.6651611,0.06936037,-0.7434715,0.36092,0.9015049,-0.2388004,0.6536799,-0.4271745,-0.6246795,moving,-57.29611,33.22739,-16.83877,6.62815,-54.74855214302445,35.301022745782625,48.41813635873649,47.53193887932007,138.57077818648486
1967,1967,05/15/2023 13:23:56.503963,2196,True,True,True,True,Eyes,0.5140284,0.05752477,-1.968937,0.7963664,-0.3335993,-0.5044917,0.0,0.0,0.0,0.0,0.0,0.0,0.0,-1.327704,-0.6913897,-1.517118,0.3733084,0.06796582,-2.097256,0.1202032,0.8918995,-0.1855793,0.3944958,25.20609,133.2435,4.310062,0.2881645,0.02773194,-0.957179,0.0,0.0,0.0,1.576786,-0.3588623,-2.607302,-0.3745988,0.1454701,1.248805,-0.6598487,0.06799783,-0.7483156,0.3608387,0.9022231,-0.2361968,0.6590867,-0.4258754,-0.6198671,moving,-57.64606,33.475,-16.69744,6.644292,-55.08071751537967,35.528957972094325,48.955861464033745,48.037484542200104,138.12743385213884
1968,1968,05/15/2023 13:23:56.520780,2197,True,True,True,True,Eyes,0.5082366,0.0578148,-1.97467,0.799409,-0.3336542,-0.49962,0.0,0.0,0.0,0.0,0.0,0.0,0.0,-1.347605,-0.6876981,-1.507859,0.3673936,0.06811538,-2.103091,0.1199235,0.8904998,-0.1853498,0.3978361,25.18408,132.7902,4.189178,0.2846153,0.02778621,-0.9582387,0.0,0.0,0.0,1.573744,-0.3588795,-2.607269,-0.3716843,0.1454343,1.248922,-0.6546893,0.0661061,-0.7530017,0.3610615,0.9025276,-0.2346881,0.6640906,-0.4255278,-0.6147435,moving,-57.99516,33.73564,-16.57322,6.642056,-55.41170436581224,35.76949195401086,49.495852425517995,48.54724907848483,137.6918084792799
1969,1969,05/15/2023 13:23:56.533859,2198,True,True,True,True,Eyes,0.5024267,0.0580817,-1.980399,0.802456,-0.3335981,-0.4947492,0.0,0.0,0.0,0.0,0.0,0.0,0.0,-1.367158,-0.6810428,-1.500024,0.3611006,0.06799856,-2.109026,0.1195615,0.8893073,-0.1843894,0.4010464,25.07834,132.3648,4.09994,0.2810858,0.02784357,-0.9592783,0.0,0.0,0.0,1.570889,-0.3588957,-2.607237,-0.3702322,0.1476698,1.248554,-0.6497338,0.06475636,-0.7573987,0.3605511,0.9034113,-0.2320582,0.6692153,-0.4238569,-0.6103248,moving,-58.34436,33.99089,-16.51661,6.745192,-55.7429350451567,36.004822214558175,49.91882139603963,48.9370058017547,137.3563268618914
1970,1970,05/15/2023 13:23:56.553979,2199,True,True,True,True,Eyes,0.496565,0.0583155,-1.986139,0.8052908,-0.3337425,-0.4900232,0.0,0.0,0.0,0.0,0.0,0.0,0.0,-1.384678,-0.6740972,-1.493559,0.3548292,0.0676848,-2.114704,0.1188901,0.8883737,-0.1832349,0.4038348,24.93475,131.9936,3.999372,0.2775745,0.02790252,-0.9602985,0.0,0.0,0.0,1.567949,-0.3589123,-2.607205,-0.3695519,0.1490331,1.247859,-0.6455656,0.06324447,-0.7610819,0.3592309,0.9045802,-0.2295381,0.6739427,-0.421586,-0.6066852,moving,-58.67929,34.25779,-16.49659,6.810632,-56.06002791135632,36.2518405346536,50.32620253473298,49.31582280918272,137.05062105678206
1971,1971,05/15/2023 13:23:56.563946,2200,True,True,True,True,Eyes,0.4906648,0.05853081,-1.991878,0.8080868,-0.3338709,-0.4853101,0.0,0.0,0.0,0.0,0.0,0.0,0.0,-1.401774,-0.6697735,-1.485979,0.3480229,0.06713326,-2.120394,0.1183506,0.8873683,-0.182864,0.4063641,24.88019,131.6466,3.882251,0.2740781,0.02796123,-0.9613005,0.0,0.0,0.0,1.565075,-0.3589286,-2.607174,-0.3698915,0.1459018,1.247058,-0.6417231,0.06142238,-0.7644732,0.3586597,0.9051079,-0.2283485,0.677905,-0.4207222,-0.6028583,moving,-59.01237,34.52618,-16.52096,6.673088,-56.375288469162896,36.50035450354474,50.80663989823145,49.77984858154362,136.71489734534617
1972,1972,05/15/2023 13:23:56.583917,2201,True,True,True,True,Eyes,0.4846957,0.05873474,-1.997639,0.8107055,-0.334147,-0.4807309,0.0,0.0,0.0,0.0,0.0,0.0,0.0,-1.41843,-0.6655837,-1.478689,0.3411814,0.06690316,-2.126167,0.1185605,0.8863744,-0.1826354,0.4085685,24.87543,131.3557,3.851555,0.2705942,0.02801879,-0.9622853,0.0,0.0,0.0,1.562198,-0.3589449,-2.607143,-0.3698914,0.1431072,1.2463,-0.6380305,0.06093983,-0.767596,0.3594161,0.9051754,-0.2268865,0.6809826,-0.4206468,-0.5994323,moving,-59.33297,34.80244,-16.53045,6.550336,-56.67824786045475,36.75685323932202,51.28583721435398,50.242206925784956,136.3805247766177
1973,1973,05/15/2023 13:23:56.603941,2202,True,True,True,True,Eyes,0.4786657,0.05892916,-2.003396,0.8132881,-0.3343384,-0.4762145,0.0,0.0,0.0,0.0,0.0,0.0,0.0,-1.434853,-0.6591473,-1.472434,0.3339736,0.06683996,-2.131979,0.1187616,0.8855552,-0.1817946,0.4106561,24.80421,131.0912,3.855027,0.2671197,0.0280747,-0.9632539,0.0,0.0,0.0,1.559398,-0.3589608,-2.607112,-0.3696039,0.1445551,1.245135,-0.6345145,0.06102977,-0.7704977,0.3596501,0.9056928,-0.224438,0.6841368,-0.4195187,-0.5966246,moving,-59.64922,35.07174,-16.53291,6.622159,-56.97718418356467,37.00677296411898,51.65650827428874,50.58620444334492,136.11402968223618
1974,1974,05/15/2023 13:23:56.620918,2203,True,True,True,True,Eyes,0.472553,0.05910322,-2.009164,0.8157274,-0.3345901,-0.4718457,0.0,0.0,0.0,0.0,0.0,0.0,0.0,-1.449906,-0.6520936,-1.467378,0.326465,0.06679013,-2.137665,0.1187258,0.8849796,-0.1806811,0.4123951,24.69086,130.874,3.856951,0.2636517,0.02812864,-0.9642074,0.0,0.0,0.0,1.556388,-0.3589778,-2.607079,-0.3695181,0.1449068,1.243675,-0.631669,0.06111587,-0.7728254,0.3591639,0.9065171,-0.2218743,0.6870195,-0.417722,-0.5945693,moving,-59.95339,35.3408,-16.54762,6.64585,-57.26442788379301,37.25683991309325,52.03326844236676,50.94007408421395,135.85183881524682
1975,1975,05/15/2023 13:23:56.633973,2204,True,True,True,True,Eyes,0.4663715,0.05926573,-2.014943,0.8181412,-0.3346524,-0.4676034,0.0,0.0,0.0,0.0,0.0,0.0,0.0,-1.464524,-0.642585,-1.463764,0.3185837,0.06648326,-2.143463,0.1192923,0.8845553,-0.1791669,0.4138001,24.56293,130.7208,3.956986,0.2601868,0.02817979,-0.9651466,0.0,0.0,0.0,1.553599,-0.3589936,-2.607049,-0.370041,0.1453208,1.242188,-0.6290777,0.06276272,-0.7748045,0.3593199,0.9073371,-0.2182397,0.6893116,-0.4156924,-0.5933375,moving,-60.25015,35.59038,-16.5885,6.672573,-57.54502639656635,37.48834377825183,52.36964046479361,51.25474400609563,135.62354128805976
1976,1976,05/15/2023 13:23:56.653554,2205,True,True,True,True,Eyes,0.4600653,0.0594011,-2.020781,0.8204538,-0.3346453,-0.4635386,0.0,0.0,0.0,0.0,0.0,0.0,0.0,-1.478042,-0.629717,-1.462903,0.3107315,0.06632718,-2.149484,0.119027,0.8845472,-0.1764169,0.4150736,24.26189,130.5906,4.032926,0.2567229,0.02822783,-0.9660723,0.0,0.0,0.0,1.550728,-0.3590099,-2.607018,-0.3706269,0.1462646,1.24042,-0.6270933,0.064118,-0.7763012,0.3570221,0.9094192,-0.2132883,0.6923077,-0.4109082,-0.5931823,moving,-60.5345,35.82689,-16.6357,6.725004,-57.813962555046274,37.70762608464665,52.66900806163902,51.53224406420082,135.42214884591507
1977,1977,05/15/2023 13:23:56.663479,2206,True,True,True,True,Eyes,0.4536874,0.05949981,-2.026613,0.8227094,-0.3344794,-0.4596439,0.0,0.0,0.0,0.0,0.0,0.0,0.0,-1.488999,-0.6181881,-1.463659,0.3026126,0.06576392,-2.155382,0.1184785,0.8848459,-0.1739056,0.4156533,23.96956,130.5444,4.085544,0.2532544,0.02827168,-0.9669862,0.0,0.0,0.0,1.54774,-0.3590268,-2.606985,-0.370565,0.1475631,1.238766,-0.6263905,0.06510163,-0.7767862,0.3542393,0.9114394,-0.2092673,0.6943699,-0.4062512,-0.5939786,moving,-60.80811,36.04309,-16.65405,6.79312,-58.073051140726896,37.90764889306539,52.96358899739046,51.80393386349087,135.21138276562638
1978,1978,05/15/2023 13:23:56.683787,2207,True,True,True,True,Eyes,0.4472379,0.05956342,-2.032424,0.8248786,-0.3343964,-0.4558007,0.0,0.0,0.0,0.0,0.0,0.0,0.0,-1.499539,-0.6064038,-1.46448,0.2944973,0.06494364,-2.161041,0.1182244,0.8851389,-0.1714878,0.416106,23.70131,130.5186,4.169573,0.2497799,0.02831,-0.9678884,0.0,0.0,0.0,1.544936,-0.3590427,-2.606954,-0.369803,0.1496117,1.237324,-0.6257575,0.06657586,-0.7771711,0.3520042,0.9132299,-0.2051932,0.696075,-0.4019687,-0.5948954,moving,-61.0764,36.26548,-16.64,6.894482,-58.32681864709176,38.11381099190846,53.26583490827871,52.08106519283696,134.98610384031736
1979,1979,05/15/2023 13:23:56.703560,2208,True,True,True,True,Eyes,0.4407195,0.05959279,-2.038226,0.8270453,-0.3341973,-0.4520048,0.0,0.0,0.0,0.0,0.0,0.0,0.0,-1.512724,-0.5942013,-1.462247,0.2862433,0.06417419,-2.166454,0.1190705,0.8849342,-0.1695032,0.4171118,23.53629,130.4305,4.337255,0.2462979,0.02834166,-0.9687793,0.0,0.0,0.0,1.542066,-0.359059,-2.606923,-0.3694279,0.1499725,1.235624,-0.6236796,0.06933548,-0.7785987,0.3521427,0.9141818,-0.200667,0.6978674,-0.3993298,-0.5945725,moving,-61.34209,36.47799,-16.64566,6.920362,-58.578337541346045,38.31052181943182,53.58567185107679,52.38025944261806,134.75610729043913
1980,1980,05/15/2023 13:23:56.721092,2209,True,True,True,True,Eyes,0.4341232,0.05959853,-2.044037,0.8292438,-0.334136,-0.4480042,0.0,0.0,0.0,0.0,0.0,0.0,0.0,-1.529058,-0.5785319,-1.45826,0.2780405,0.06334706,-2.172078,0.1198473,0.884423,-0.1668089,0.4190554,23.29744,130.2249,4.507838,0.2428075,0.0283657,-0.9696593,0.0,0.0,0.0,1.539135,-0.3590756,-2.606891,-0.3696253,0.1473901,1.233782,-0.6200585,0.07218715,-0.7812276,0.3517958,0.9156229,-0.1946139,0.7012612,-0.3955045,-0.5931349,moving,-61.61959,36.71677,-16.67755,6.812385,-58.840577750723945,38.53220914801747,53.98202665322807,52.76237440723711,134.4914783035283
1981,1981,05/15/2023 13:23:56.733849,2210,True,True,True,True,Eyes,0.4274813,0.05960667,-2.049863,0.8314584,-0.3340114,-0.4439744,0.0,0.0,0.0,0.0,0.0,0.0,0.0,-1.547369,-0.562023,-1.452342,0.2698124,0.06277806,-2.177792,0.1214794,0.8835666,-0.1642675,0.4213895,23.12029,129.9783,4.754489,0.2393072,0.02838174,-0.9705287,0.0,0.0,0.0,1.536206,-0.3590922,-2.606859,-0.3694252,0.1445528,1.231939,-0.6153473,0.07622907,-0.7845615,0.3531114,0.9165179,-0.1879022,0.7047411,-0.3926628,-0.5908942,moving,-61.89909,36.95492,-16.69256,6.692346,-59.10477208802118,38.753225902338,54.40086157172859,53.16667898516354,134.20604593378087
1982,1982,05/15/2023 13:23:56.753482,2211,True,True,True,True,Eyes,0.4207975,0.05961242,-2.055673,0.8336803,-0.3340417,-0.4397649,0.0,0.0,0.0,0.0,0.0,0.0,0.0,-1.568222,-0.542662,-1.445211,0.2620335,0.06281181,-2.183994,0.1236539,0.8824034,-0.161175,0.424378,22.91684,129.6597,5.071842,0.2357965,0.02839068,-0.9713873,0.0,0.0,0.0,1.533375,-0.3591082,-2.606828,-0.3695991,0.1435645,1.229793,-0.6092261,0.0814271,-0.7888049,0.3550235,0.9174647,-0.1794906,0.7090853,-0.3893946,-0.5878519,moving,-62.18843,37.21999,-16.7275,6.658498,-59.37776212136076,38.99990808844592,54.77865414311457,53.52580373548641,133.95770166471303
1983,1983,05/15/2023 13:23:56.766777,2212,True,True,True,True,Eyes,0.4140525,0.05963249,-2.061487,0.8358933,-0.3342159,-0.4354101,0.0,0.0,0.0,0.0,0.0,0.0,0.0,-1.590179,-0.5264363,-1.434641,0.2539865,0.06279314,-2.189874,0.1254404,0.8808994,-0.1589276,0.4278121,22.78835,129.2597,5.291145,0.2322764,0.02839313,-0.972235,0.0,0.0,0.0,1.530477,-0.3591247,-2.606797,-0.3694662,0.1429566,1.227532,-0.6024832,0.08501843,-0.7935905,0.356983,0.9180135,-0.1726686,0.7138467,-0.3873282,-0.5834377,moving,-62.48536,37.50944,-16.7509,6.642657,-59.6574380479548,39.26987551931752,55.17607383876356,53.90274942494018,133.69636719033758
1984,1984,05/15/2023 13:23:56.783902,2213,True,True,True,True,Eyes,0.4072692,0.05970624,-2.067319,0.8380822,-0.3346817,-0.4308205,0.0,0.0,0.0,0.0,0.0,0.0,0.0,-1.613971,-0.5181426,-1.418712,0.245739,0.06318128,-2.195846,0.1280511,0.8786961,-0.1590724,0.4314997,22.95827,128.803,5.468925,0.2287459,0.02839041,-0.9730718,0.0,0.0,0.0,1.527614,-0.3591409,-2.606765,-0.3695532,0.1423276,1.225155,-0.5948219,0.08775663,-0.799053,0.3623154,0.9165978,-0.1690446,0.7175754,-0.3900606,-0.577008,moving,-62.79433,37.84175,-16.78531,6.626412,-59.947605641122856,39.580819236698375,55.59880617256673,54.30448159529608,133.4306549040607
1985,1985,05/15/2023 13:23:56.803904,2214,True,True,True,True,Eyes,0.2369684,0.06299099,-2.214137,0.8875268,-0.340384,-0.3105396,0.0,0.0,0.0,0.0,0.0,0.0,0.0,-1.638086,-0.5084828,-1.403284,0.2378557,0.06461041,-2.202347,0.131335,0.8764516,-0.1588992,0.4351262,23.13067,128.3696,5.737541,0.2252053,0.02838555,-0.9738974,0.0,0.0,0.0,1.524727,-0.3591572,-2.606734,-0.3701491,0.1435712,1.222369,-0.5868329,0.09193512,-0.8044722,0.3684999,0.9150043,-0.1642403,0.7209961,-0.3928295,-0.5708327,moving,-70.71541,47.62514,-16.84699,6.698883,-67.35218057158296,48.7720235641045,67.65179365934394,65.73373130744069,126.08507086807629
1986,1986,05/15/2023 13:23:56.821008,2215,True,True,True,True,Eyes,0.2366366,0.06301808,-2.214418,0.8876422,-0.3403357,-0.3102627,0.0,0.0,0.0,0.0,0.0,0.0,0.0,-1.661189,-0.4916736,-1.391723,0.2303009,0.06609228,-2.209247,0.1323245,0.8748701,-0.1559774,0.4390487,22.89937,127.8954,5.892418,0.2103062,0.02839721,-0.9772227,-0.5109026,0.009854257,-0.4404545,1.521684,-0.3591745,-2.606701,-0.3723345,0.1481494,1.218992,-0.5794531,0.0945702,-0.8095005,0.3684969,0.9163225,-0.156726,0.7269419,-0.3891138,-0.5658149,moving,-70.73366,47.64654,-16.98501,6.929421,-67.36927166158091,48.79209926794823,67.42997224144958,65.50616501481672,126.27092508301607
1987,1987,05/15/2023 13:23:56.834184,2216,True,True,True,True,Eyes,0.2360026,0.06308126,-2.214943,0.8877646,-0.3404556,-0.3097805,0.0,0.0,0.0,0.0,0.0,0.0,0.0,-1.679422,-0.484023,-1.381567,0.2223827,0.06674394,-2.215752,0.1321652,0.8737553,-0.1548847,0.4416954,22.79382,127.5479,5.860731,0.1977658,0.0284022,-0.9798374,-0.4802485,0.009263001,-0.4140272,1.518825,-0.3591907,-2.606669,-0.3748798,0.1562959,1.215458,-0.5748749,0.09413636,-0.812808,0.3677837,0.9170862,-0.153909,0.7309266,-0.387416,-0.5618317,moving,-70.76385,47.70094,-17.14116,7.327459,-67.39702644598594,48.84364089214528,67.12235731031399,65.18623682295572,126.51462336242226
1988,1988,05/15/2023 13:23:56.853726,2217,True,True,True,True,Eyes,0.2351255,0.06319252,-2.215694,0.887956,-0.3405595,-0.3091171,0.0,0.0,0.0,0.0,0.0,0.0,0.0,-1.697961,-0.4811828,-1.368972,0.2144759,0.06770577,-2.222186,0.134279,0.8721268,-0.1558844,0.443919,23.0242,127.2653,5.975892,0.1871806,0.02840462,-0.9819144,-0.4514336,0.008707222,-0.3891856,1.516049,-0.3592064,-2.606639,-0.3771365,0.1562059,1.212437,-0.56981,0.09581651,-0.8161714,0.3726166,0.9153384,-0.1526839,0.7324434,-0.3911199,-0.5572719,moving,-70.80587,47.77078,-17.27865,7.341336,-67.43581724145938,48.909708975980266,67.07982724394523,65.14346519458365,126.60592488499132
1989,1989,05/15/2023 13:23:56.864057,2218,True,True,True,True,Eyes,0.2339836,0.06333155,-2.216669,0.8882037,-0.3406941,-0.3082559,1.27211,1.363877,-0.3700689,-2.608805,-0.6992847,-0.6706541,-0.2474347,-0.3852066,0.08722056,1.232335,0.2073761,0.06902075,-2.228874,0.1353351,0.8709716,-0.1549089,0.4462017,22.99284,126.9853,6.080163,0.1782123,0.02840805,-0.9835815,-0.4243475,0.008184788,-0.3658344,1.513065,-0.3592233,-2.606606,-0.3785562,0.1552375,1.20992,-0.5651766,0.09750488,-0.8191873,0.3739873,0.9153752,-0.149069,0.7353288,-0.3906161,-0.5538142,moving,-70.8604,47.86159,-17.3737,7.311329,-67.48615181121089,48.99561786266612,67.12041972498474,65.18310950328409,126.63206608283303
1990,1990,05/15/2023 13:23:56.883994,2219,True,True,True,True,Eyes,0.2325877,0.06349973,-2.21787,0.888502,-0.340972,-0.3070868,1.27488,1.365321,-0.3711985,-2.609368,-0.6026132,-0.7454752,-0.2848226,-0.3880048,0.08928306,1.238647,0.1998504,0.06983048,-2.235286,0.1365305,0.8694716,-0.1543933,0.4489336,23.02093,126.6388,6.162148,0.1705757,0.02841437,-0.9849344,-0.3988867,0.0076937,-0.3438844,1.510266,-0.3592392,-2.606576,-0.3796601,0.162214,1.207013,-0.5596364,0.09879406,-0.8228289,0.3760433,0.9150443,-0.1458949,0.7385113,-0.3910673,-0.549243,moving,-70.93367,47.99312,-17.46072,7.654283,-67.55352518051035,49.120228148756205,66.98192407071531,65.0285609400379,126.7517839992212
1991,1991,05/15/2023 13:23:56.903923,2220,True,True,True,True,Eyes,0.2309695,0.06370452,-2.21929,0.8888075,-0.341381,-0.3057455,1.266264,1.356435,-0.3685741,-2.606444,-0.8170732,-0.5687893,-0.0941817,-0.3874776,0.09537719,1.233543,0.1924326,0.07074732,-2.241806,0.1385084,0.8676375,-0.1558219,0.4513761,23.29295,126.3153,6.230412,0.1639733,0.028425,-0.9860547,-0.3749535,0.007232078,-0.3232513,1.507351,-0.3592557,-2.606544,-0.3802324,0.1698932,1.204224,-0.5541503,0.0996815,-0.8264269,0.3810186,0.91307,-0.1453551,0.7400963,-0.3954325,-0.5439585,moving,-71.01703,48.15195,-17.52346,8.030351,-67.62992600205312,49.27086267354903,66.86781540967002,64.89559105448566,126.84828135681248
1992,1992,05/15/2023 13:23:56.921544,2221,True,True,True,True,Eyes,0.229143,0.06393262,-2.220935,0.8892416,-0.3416764,-0.3041491,1.263702,1.352879,-0.3678443,-2.605289,-0.8546792,-0.5187957,-0.01934925,-0.3892317,0.1002057,1.233668,0.1854616,0.07185628,-2.248528,0.1407107,0.8659672,-0.1562497,0.4537482,23.4725,126.0193,6.378671,0.157947,0.02844119,-0.9870374,-0.3524563,0.006798154,-0.3038562,1.504513,-0.3592718,-2.606513,-0.3781141,0.1746885,1.202983,-0.5486262,0.1019057,-0.829834,0.3854978,0.9115731,-0.1429198,0.74189,-0.3983088,-0.5393972,moving,-71.11768,48.32557,-17.44865,8.262324,-67.7226684284656,49.43522529202244,66.9733414217733,64.98218778825718,126.7562465691824
1993,1993,05/15/2023 13:23:56.933843,2222,True,True,True,True,Eyes,0.2271231,0.0641605,-2.222779,0.8897402,-0.341962,-0.3023648,1.261682,1.349692,-0.3672868,-2.604267,-0.8756937,-0.4806087,0.04664646,-0.3904192,0.09983675,1.234435,0.1788308,0.07262088,-2.255284,0.1423337,0.8645064,-0.1543431,0.4566706,23.38206,125.6723,6.576776,0.1524305,0.02846333,-0.9879037,-0.3313089,0.006390265,-0.2856249,1.501596,-0.3592883,-2.606481,-0.3752925,0.1760847,1.20227,-0.5423861,0.1051288,-0.8335258,0.3870646,0.9118387,-0.136862,0.745653,-0.3968603,-0.5352604,moving,-71.23045,48.5167,-17.33593,8.332314,-67.82667127600457,49.616102533132384,67.22651384853594,65.22013607965583,126.56704636948619
1994,1994,05/15/2023 13:23:56.953701,2223,True,True,True,True,Eyes,0.2249321,0.06438156,-2.224833,0.890388,-0.3420954,-0.3002998,1.259755,1.346603,-0.3665747,-2.603137,-0.8938592,-0.4320136,0.1199162,-0.3905306,0.1007816,1.235406,0.1721288,0.07283503,-2.261921,0.1438399,0.8628067,-0.1528399,0.4599075,23.33139,125.2728,6.731226,0.1473641,0.02849074,-0.9886714,-0.3114304,0.006006849,-0.2684874,1.49864,-0.3593051,-2.606449,-0.3747164,0.1732576,1.201536,-0.5355907,0.1076275,-0.8375914,0.3887964,0.9119001,-0.1314366,0.7496535,-0.3960487,-0.5302505,moving,-71.36237,48.72253,-17.32085,8.20531,-67.94881954453497,49.8105627070369,67.543548918004,65.53005686720226,126.38923305318406
1995,1995,05/15/2023 13:23:56.964432,2224,True,True,True,True,Eyes,0.2225989,0.06459313,-2.227084,0.8911556,-0.342105,-0.2980032,1.25787,1.343557,-0.3657304,-2.601933,-0.9056674,-0.3748543,0.198118,-0.3891892,0.1006176,1.236336,0.1659376,0.07286981,-2.268824,0.1452141,0.8608785,-0.1508039,0.4637449,23.22433,124.7947,6.884448,0.1426954,0.02852243,-0.9893551,-0.2927446,0.005646438,-0.2523781,1.495749,-0.3593214,-2.606418,-0.3759435,0.1696905,1.200456,-0.527707,0.1101543,-0.8422536,0.3898924,0.9123421,-0.1249631,0.7546582,-0.3943322,-0.5243978,moving,-71.51002,48.9413,-17.38884,8.045738,-68.08584904648471,50.01701490356313,67.83471910377638,65.81621997026967,126.263607533863
1996,1996,05/15/2023 13:23:56.984036,2225,True,True,True,True,Eyes,0.2201502,0.06478684,-2.229526,0.892068,-0.3419485,-0.295442,1.259487,1.343699,-0.3658929,-2.601631,-0.8963994,-0.3857721,0.2182839,-0.3878964,0.09780273,1.240723,0.1601316,0.07282233,-2.275872,0.1453733,0.8589963,-0.1483695,0.4679516,23.01381,124.2503,6.919778,0.1383783,0.0285574,-0.9899672,-0.2751799,0.005307652,-0.2372354,1.492897,-0.3593376,-2.606386,-0.3771904,0.162638,1.199439,-0.5197761,0.1108906,-0.8470752,0.3886097,0.9137062,-0.1188424,0.7607993,-0.390953,-0.5180158,moving,-71.67577,49.17313,-17.45692,7.721928,-68.24005179323086,50.23550059007869,68.24870579408304,66.22937663228113,126.06984013225983
1997,1997,05/15/2023 13:23:57.003777,2226,True,True,True,True,Eyes,0.217595,0.06495561,-2.232146,0.8930901,-0.3417415,-0.2925798,1.254385,1.337874,-0.3637199,-2.599154,-0.8941452,-0.2385324,0.3789545,-0.3831982,0.09479197,1.238604,0.1548188,0.07259244,-2.282963,0.1443136,0.8568596,-0.1473186,0.4725068,22.8824,123.6169,6.737923,0.134372,0.02859435,-0.9905179,-0.2586691,0.004989192,-0.2230013,1.490052,-0.3593537,-2.606355,-0.3780009,0.1525249,1.198981,-0.5118219,0.1080949,-0.852264,0.386531,0.9149417,-0.1160843,0.7672237,-0.3888409,-0.5100693,moving,-71.861,49.43172,-17.49842,7.24978,-68.41239068973722,50.479195051517166,68.80847452472698,66.79082824079785,125.78522647777424
1998,1998,05/15/2023 13:23:57.021322,2227,True,True,True,True,Eyes,0.2149195,0.06511302,-2.234986,0.8941547,-0.3416298,-0.2894416,1.253113,1.335397,-0.3629878,-2.597689,-0.8598354,-0.1886373,0.4744461,-0.3783762,0.09397343,1.240188,0.1496487,0.07216708,-2.289942,0.1426744,0.8544706,-0.1479157,0.4771216,22.88765,122.9402,6.398858,0.1306407,0.02863181,-0.9910158,-0.243149,0.004689841,-0.2096212,1.487148,-0.3593702,-2.606324,-0.378811,0.1494392,1.197815,-0.503998,0.1026746,-0.8575803,0.3849698,0.9155298,-0.1166332,0.7731651,-0.3889254,-0.5009518,moving,-72.06302,49.72747,-17.54965,7.111468,-68.59997693992379,50.7582171629338,69.19415535448715,67.16527818125353,125.59979597443369
1999,1999,05/15/2023 13:23:57.036749,2228,True,True,True,True,Eyes,0.2121673,0.06526366,-2.237988,0.8952395,-0.3416479,-0.286047,1.252519,1.333472,-0.3626569,-2.596267,-0.8065979,-0.1656253,0.5674223,-0.3735889,0.09735291,1.242004,0.1447493,0.0720429,-2.296944,0.1415108,0.851774,-0.1505875,0.4814344,23.12818,122.2766,5.99669,0.1271513,0.02866899,-0.9914684,-0.22856,0.00440845,-0.197044,1.484189,-0.359387,-2.606292,-0.3797213,0.1532668,1.196163,-0.4963912,0.0960745,-0.8627662,0.3860666,0.9145961,-0.1202767,0.7775271,-0.3927895,-0.4910886,moving,-72.28027,50.06202,-17.61202,7.301641,-68.80125500250159,51.07419820838206,69.4050975814179,67.35261349570938,125.51524907058744
2000,2000,05/15/2023 13:23:57.053605,2229,True,True,True,True,Eyes,0.2093585,0.0654275,-2.241141,0.89629,-0.3417862,-0.2825709,1.252076,1.331582,-0.3625149,-2.594941,-0.7404223,-0.1551328,0.6539943,-0.3701046,0.1020749,1.243292,0.1401125,0.07208741,-2.30392,0.1408391,0.8492233,-0.1537026,0.4851387,23.43502,121.6931,5.633892,0.1238759,0.02870544,-0.991882,-0.2148464,0.004143943,-0.1852213,1.481303,-0.3594033,-2.60626,-0.3807443,0.1544634,1.194423,-0.4896095,0.09007362,-0.867277,0.388342,0.9130797,-0.1244026,0.7806876,-0.3977087,-0.4820318,moving,-72.50165,50.41785,-17.68064,7.368627,-69.00595257265145,51.41058193270732,69.70350592562636,67.63121694140212,125.39212671429665
2001,2001,05/15/2023 13:23:57.063801,2230,True,True,True,True,Eyes,0.2065057,0.06561442,-2.244455,0.8973595,-0.3419743,-0.2789258,1.251827,1.329844,-0.3624782,-2.593622,-0.6558645,-0.1514964,0.7395205,-0.3683864,0.1062083,1.244216,0.1357596,0.07264446,-2.31097,0.1408737,0.8469342,-0.1561109,0.4883508,23.7047,121.1974,5.398699,0.1207905,0.02874165,-0.9922614,-0.2019556,0.003895306,-0.174108,1.478282,-0.3594204,-2.606227,-0.3811477,0.1562664,1.193346,-0.4833362,0.08614771,-0.8711858,0.3910952,0.911568,-0.1268398,0.7832181,-0.4020228,-0.4742858,moving,-72.73322,50.79815,-17.71317,7.460325,-69.21985161456197,51.77025621135394,70.03836789741123,67.9434195113756,125.2336894674293
2002,2002,05/15/2023 13:23:57.083617,2231,True,True,True,True,Eyes,0.2035937,0.06581134,-2.247962,0.8983822,-0.342167,-0.2753746,1.254252,1.330392,-0.3633524,-2.593351,-0.6188824,-0.2096169,0.7569976,-0.3674418,0.1076975,1.24758,0.1318098,0.07340892,-2.318201,0.1408896,0.8448569,-0.1571871,0.4915887,23.83603,120.7196,5.238882,0.1178739,0.02877848,-0.9926111,-0.1898383,0.003661588,-0.1636615,1.475572,-0.3594358,-2.606197,-0.3792064,0.1552168,1.193242,-0.4769817,0.08352032,-0.8749361,0.3926058,0.9108847,-0.1270816,0.786352,-0.4041205,-0.4672659,moving,-72.9585,51.17303,-17.63001,7.411416,-69.42780675376092,52.12489819283786,70.54304122707707,68.4273866105754,124.92952634328314
2003,2003,05/15/2023 13:23:57.103711,2232,True,True,True,True,Eyes,0.2006432,0.06601154,-2.251611,0.8993756,-0.3425118,-0.2716786,1.252101,1.326753,-0.362848,-2.59178,-0.4837906,-0.1739134,0.85773,-0.3667344,0.1082472,1.246015,0.1279351,0.07383052,-2.325487,0.1406556,0.8430653,-0.1581717,0.4944075,23.94005,120.2973,5.069434,0.1151065,0.02881606,-0.9929347,-0.178448,0.003441893,-0.1538419,1.472712,-0.359452,-2.606166,-0.3764876,0.1525556,1.193702,-0.4715546,0.08076113,-0.8781311,0.3935663,0.9103954,-0.1276158,0.78914,-0.4057805,-0.461086,moving,-73.19176,51.57874,-17.50502,7.282948,-69.64264960417458,52.50903652531296,71.15567581531964,69.01979066935473,124.55302355511975
2004,2004,05/15/2023 13:23:57.121573,2233,True,True,True,True,Eyes,0.1976589,0.0662161,-2.255437,0.9003195,-0.3429067,-0.2680294,1.252383,1.325204,-0.3632345,-2.591112,-0.3871456,-0.1985986,0.900376,-0.3659915,0.113351,1.246658,0.1240279,0.07415466,-2.332613,0.1416986,0.8409197,-0.1601579,0.4971167,24.22,119.8884,4.974515,0.1124718,0.0288543,-0.9932355,-0.1677411,0.003235379,-0.1446113,1.469689,-0.3594691,-2.606133,-0.3722289,0.1506037,1.194193,-0.4655931,0.07907994,-0.8814586,0.3975486,0.9085419,-0.1284785,0.7906821,-0.4102414,-0.4544489,moving,-73.42148,51.98742,-17.31221,7.187819,-69.8539830663562,52.89615148970948,71.80010048525072,69.64114858290539,124.12752608287758
2005,2005,05/15/2023 13:23:57.133787,2234,True,True,True,True,Eyes,0.1946562,0.06642735,-2.259391,0.9012343,-0.3434291,-0.2642594,1.253388,1.324252,-0.3640225,-2.59061,-0.2653521,-0.2499175,0.9311979,-0.3665175,0.1171745,1.247268,0.1206827,0.07447496,-2.339844,0.1421127,0.8391123,-0.1623073,0.4993505,24.47626,119.5318,4.815327,0.1099542,0.02889309,-0.9935163,-0.1576767,0.003041256,-0.1359347,1.466951,-0.3594846,-2.606103,-0.3698117,0.1428662,1.194897,-0.4609061,0.07640059,-0.8841541,0.4005934,0.9069207,-0.1304599,0.7918904,-0.4143161,-0.4486107,moving,-73.65784,52.4227,-17.1969,6.81812,-70.07102183353268,53.30872347303015,72.57834017570255,70.40631343106796,123.67778713776836
2006,2006,05/15/2023 13:23:57.153974,2235,True,True,True,True,Eyes,0.1916606,0.06665134,-2.263488,0.9021515,-0.3438703,-0.2605299,1.254632,1.323529,-0.3647794,-2.590358,-0.1184964,-0.2994815,0.9467151,-0.366199,0.1215428,1.248567,0.1172005,0.07488455,-2.346922,0.1433226,0.8370849,-0.163806,0.5019116,24.71529,119.1519,4.768447,0.1075415,0.0289325,-0.9937792,-0.1482161,0.002858781,-0.1277786,1.464028,-0.3595012,-2.606071,-0.3661267,0.1386768,1.195771,-0.4550868,0.07551416,-0.8872393,0.4043786,0.9052525,-0.1303684,0.7933308,-0.4181096,-0.4425047,moving,-73.89195,52.85098,-17.02379,6.615199,-70.28607241897585,53.7146120017624,73.29212144879939,71.10010853430063,123.23053592613732
2007,2007,05/15/2023 13:23:57.163806,2236,True,True,True,True,Eyes,0.1886772,0.06687467,-2.26771,0.9030932,-0.3443108,-0.2566567,0.0,0.0,0.0,0.0,0.0,0.0,0.0,-2.050512,-0.4169863,-1.087523,0.1144576,0.0754171,-2.354229,0.1444253,0.8351647,-0.1641263,0.5046821,24.8297,118.7638,4.77669,0.1052234,0.02897282,-0.9940261,-0.1393231,0.002687254,-0.1201119,1.461077,-0.3595179,-2.606039,-0.3622634,0.1385778,1.196445,-0.4488749,0.07557473,-0.8903932,0.406901,0.9044078,-0.1283672,0.7955772,-0.4199226,-0.4367174,moving,-74.13499,53.29836,-16.84542,6.606822,-70.50925063488639,54.13864930585885,73.90666107726925,71.68738609716327,122.83344515488213
2008,2008,05/15/2023 13:23:57.183684,2237,True,True,True,True,Eyes,0.1857027,0.06708487,-2.272077,0.9040574,-0.3446322,-0.2528021,0.0,0.0,0.0,0.0,0.0,0.0,0.0,-2.067373,-0.410215,-1.07355,0.1117084,0.07562818,-2.361486,0.1451031,0.8331168,-0.1637604,0.5079806,24.8524,118.3066,4.766593,0.1029913,0.02901377,-0.9942587,-0.1309637,0.002526019,-0.1129052,1.458259,-0.3595339,-2.606009,-0.3598072,0.1354834,1.19686,-0.4418019,0.07540153,-0.8939384,0.4081498,0.9042553,-0.1254439,0.7988898,-0.4202821,-0.4302768,moving,-74.37738,53.7384,-16.73215,6.458337,-70.7319994992347,54.5556249326993,74.55452299516689,72.31412623008715,122.45190116075757
2009,2009,05/15/2023 13:23:57.203936,2238,True,True,True,True,Eyes,0.182751,0.06727615,-2.27657,0.9050361,-0.3450035,-0.2487612,0.0,0.0,0.0,0.0,0.0,0.0,0.0,-2.084594,-0.4035504,-1.058654,0.109135,0.07550931,-2.368865,0.1461347,0.830869,-0.163746,0.5113596,24.93297,117.8341,4.767812,0.1008367,0.0290545,-0.9944783,-0.1231059,0.002374458,-0.1061309,1.455307,-0.3595506,-2.605976,-0.3590061,0.132667,1.197025,-0.4343122,0.07537158,-0.8976036,0.4103038,0.9036638,-0.1226481,0.8018877,-0.4215577,-0.4233974,moving,-74.63103,54.2069,-16.69479,6.324313,-70.96487729817865,54.999707346296525,75.16215831886528,72.90086686809292,122.13424713404635
2010,2010,05/15/2023 13:23:57.221409,2239,True,True,True,True,Eyes,0.179821,0.06745217,-2.281214,0.9060651,-0.3452629,-0.2446213,0.0,0.0,0.0,0.0,0.0,0.0,0.0,-2.102692,-0.3961018,-1.042206,0.1066613,0.07525942,-2.376418,0.1472788,0.828384,-0.1637366,0.5150527,25.02326,117.3159,4.769375,0.09875349,0.02909403,-0.9946862,-0.1157195,0.00223199,-0.099763,1.452303,-0.3595676,-2.605943,-0.3588719,0.1300267,1.196519,-0.4260595,0.0753409,-0.9015527,0.4126727,0.9029986,-0.1195608,0.805093,-0.4229862,-0.4158222,moving,-74.89139,54.68215,-16.69556,6.20204,-71.2040694908075,55.45009214860424,75.74348615558304,73.4612023270862,121.84996015613889
2011,2011,05/15/2023 13:23:57.233636,2240,True,True,True,True,Eyes,0.1769257,0.06760311,-2.285981,0.9071075,-0.3455383,-0.2403316,0.0,0.0,0.0,0.0,0.0,0.0,0.0,-2.120145,-0.3900755,-1.026542,0.1044278,0.07505222,-2.384203,0.1478367,0.8260684,-0.1636674,0.5186217,25.07117,116.8065,4.716827,0.09673513,0.02913159,-0.9948835,-0.1087764,0.002098071,-0.09377722,1.44954,-0.3595833,-2.605913,-0.3584589,0.1254355,1.196818,-0.4183519,0.07448358,-0.905226,0.4140094,0.9027146,-0.1170583,0.8084418,-0.4237435,-0.4084893,moving,-75.16084,55.1803,-16.67348,5.983182,-71.45144064644474,55.92228717034194,76.42727065174789,74.12515900689807,121.50391712753138
2012,2012,05/15/2023 13:23:57.253781,2241,True,True,True,True,Eyes,0.174085,0.06771863,-2.290851,0.9081828,-0.3456149,-0.2361234,0.0,0.0,0.0,0.0,0.0,0.0,0.0,-2.136965,-0.3847936,-1.01141,0.1023002,0.07461475,-2.391987,0.1482849,0.82383,-0.1637319,0.5220227,25.12476,116.3154,4.648803,0.09477664,0.02916613,-0.995071,-0.1022498,0.001972187,-0.08815058,1.446685,-0.3595994,-2.605882,-0.3573222,0.1224255,1.197117,-0.4110079,0.07337961,-0.9086737,0.4152667,0.9024069,-0.1149583,0.8115578,-0.4245907,-0.4013685,moving,-75.42603,55.6592,-16.61961,5.839168,-71.69521103620441,56.37604225172933,77.07289161370178,74.748227327705,121.15830799691649
2013,2013,05/15/2023 13:23:57.263896,2242,True,True,True,True,Eyes,0.1712848,0.0677872,-2.295833,0.9092668,-0.3457022,-0.2317843,0.0,0.0,0.0,0.0,0.0,0.0,0.0,-2.152746,-0.3804094,-0.9978895,0.1004565,0.07389207,-2.399845,0.1480367,0.8218695,-0.1635594,0.5252278,25.10983,115.847,4.5303,0.09287465,0.02919626,-0.9952494,-0.09611478,0.001853855,-0.08286155,1.44374,-0.3596161,-2.60585,-0.3557351,0.1226144,1.197369,-0.4044419,0.07152177,-0.911763,0.4151455,0.9026669,-0.1133429,0.8149118,-0.4243549,-0.3947683,moving,-75.6991,56.15917,-16.54654,5.846889,-71.94603843808238,56.84987980377179,77.65533448499569,75.30212147158089,120.83789247185473
2014,2014,05/15/2023 13:23:57.283845,2243,True,True,True,True,Eyes,0.1685341,0.06781684,-2.30094,0.9103492,-0.3457252,-0.2274604,0.0,0.0,0.0,0.0,0.0,0.0,0.0,-2.16876,-0.3737055,-0.983911,0.09856769,0.07284121,-2.407537,0.1484963,0.8197387,-0.1633656,0.528478,25.13727,115.3813,4.484613,0.09102552,0.02922025,-0.9954196,-0.09034789,0.001742624,-0.07788986,1.440936,-0.359632,-2.605819,-0.3537492,0.1209064,1.198095,-0.3973196,0.07078609,-0.9149461,0.4161265,0.9025211,-0.1108802,0.8179093,-0.4247882,-0.3880453,moving,-75.97128,56.65818,-16.44975,5.762524,-72.19603007650599,57.32281899949588,78.31462400606438,75.93491794163795,120.46616122702575
2015,2015,05/15/2023 13:23:57.303934,2244,True,True,True,True,Eyes,0.1658341,0.06781521,-2.306174,0.9114307,-0.3457623,-0.22303,0.0,0.0,0.0,0.0,0.0,0.0,0.0,-2.185713,-0.3654523,-0.9690332,0.09695131,0.07193466,-2.415647,0.1494786,0.8173724,-0.1631287,0.5319283,25.19482,114.8932,4.488496,0.08922625,0.02923686,-0.995582,-0.08492702,0.001638067,-0.07321647,1.437968,-0.3596489,-2.605787,-0.3510498,0.1184801,1.199035,-0.389417,0.0708138,-0.9183354,0.4179048,0.9020904,-0.10765,0.8207985,-0.4256975,-0.3808827,moving,-76.24974,57.17642,-16.31881,5.643239,-72.45157934393934,57.814115497670166,79.04040178695742,76.63346624520548,120.04522086692869
2016,2016,05/15/2023 13:23:57.321520,2245,True,True,True,True,Eyes,0.1631885,0.06778451,-2.311557,0.9124779,-0.345718,-0.2187765,0.0,0.0,0.0,0.0,0.0,0.0,0.0,-2.201426,-0.3592855,-0.9562435,0.09541132,0.07118934,-2.423963,0.1499658,0.8153586,-0.1629285,0.5349347,25.22246,114.4612,4.453039,0.08747461,0.02924534,-0.9957371,-0.0798314,0.001539783,-0.06882348,1.435053,-0.3596654,-2.605755,-0.3487568,0.1173763,1.200065,-0.3827103,0.07023962,-0.9211944,0.418864,0.9019291,-0.1052464,0.8234597,-0.426134,-0.3745984,moving,-76.51723,57.67365,-16.20465,5.586232,-72.6970773780294,58.28548430919352,79.69131960360001,77.25675080541482,119.67114784796239
2017,2017,05/15/2023 13:23:57.334061,2246,True,True,True,True,Eyes,0.1605996,0.06771343,-2.317066,0.9135343,-0.3456103,-0.2144962,0.0,0.0,0.0,0.0,0.0,0.0,0.0,-2.216458,-0.352598,-0.9456968,0.09417095,0.07043825,-2.432595,0.1506103,0.8135647,-0.1625654,0.5375889,25.24234,114.0862,4.456066,0.08576752,0.02924508,-0.9958856,0.0,0.0,0.0,1.432185,-0.3596816,-2.605724,-0.3474165,0.1150722,1.201208,-0.3766299,0.0702758,-0.9236946,0.4198492,0.901778,-0.1025821,0.8257584,-0.4264478,-0.3691418,moving,-76.78641,58.17502,-16.13107,5.472069,-72.94409923852197,58.76079464066599,80.35341507754354,77.89357208180483,119.31427031796763
2018,2018,05/15/2023 13:23:57.354125,2247,True,True,True,True,Eyes,0.1580792,0.06760074,-2.322677,0.9145787,-0.345403,-0.2103391,0.0,0.0,0.0,0.0,0.0,0.0,0.0,-2.230081,-0.3455057,-0.9381013,0.09289245,0.06938523,-2.441153,0.1504576,0.8122689,-0.1615269,0.5398989,25.14245,113.7672,4.435385,0.08410377,0.02923508,-0.9960278,0.0,0.0,0.0,1.429288,-0.359698,-2.605692,-0.3469806,0.1120771,1.202178,-0.3717433,0.07000765,-0.925692,0.4188403,0.9025432,-0.09994272,0.8284802,-0.4248702,-0.3648364,moving,-77.04807,58.65996,-16.09956,5.326201,-73.18428620805604,59.22048815507581,80.98895431038841,78.50643383954267,118.99327493417748
2019,2019,05/15/2023 13:23:57.364317,2248,True,True,True,True,Eyes,0.1556318,0.06743182,-2.328411,0.91564,-0.3451407,-0.20611,0.0,0.0,0.0,0.0,0.0,0.0,0.0,-2.244504,-0.3376801,-0.9282818,0.09180177,0.06825309,-2.449581,0.1508136,0.8105994,-0.1607686,0.5425288,25.10505,113.4001,4.437071,0.0824817,0.02921445,-0.9961641,0.0,0.0,0.0,1.426391,-0.3597144,-2.605661,-0.3472588,0.111234,1.203163,-0.3658356,0.0700556,-0.9280391,0.4189419,0.9028175,-0.09699638,0.8310548,-0.4242792,-0.3596321,moving,-77.31419,59.15534,-16.09929,5.282057,-73.4285078807808,59.69011493774829,81.54504646640461,79.03718106928797,118.73119193936367
2020,2020,05/15/2023 13:23:57.383825,2249,True,True,True,True,Eyes,0.1532385,0.06718909,-2.334294,0.9166953,-0.3448054,-0.2019381,0.0,0.0,0.0,0.0,0.0,0.0,0.0,-2.259049,-0.3292999,-0.9188602,0.09104953,0.06672178,-2.458313,0.1507344,0.8089854,-0.1596643,0.5452791,25.00623,113.0173,4.414782,0.08090106,0.02918173,-0.9962946,0.0,0.0,0.0,1.423595,-0.3597303,-2.60563,-0.3485782,0.1116425,1.203973,-0.3599,0.06976065,-0.9303794,0.4180071,0.9035729,-0.09394758,0.8341118,-0.4227168,-0.3543564,moving,-77.57677,59.64428,-16.14697,5.297797,-73.66947676933714,60.15363903669552,82.01926933659729,79.48586157665606,118.53708195188659
2021,2021,05/15/2023 13:23:57.403460,2250,True,True,True,True,Eyes,0.1509125,0.06687802,-2.340297,0.9176995,-0.3445537,-0.1977634,0.0,0.0,0.0,0.0,0.0,0.0,0.0,-2.273068,-0.3208479,-0.9105899,0.09017459,0.06465609,-2.467112,0.1511278,0.8074357,-0.1589111,0.5476817,24.97108,112.683,4.427838,0.07935967,0.02913485,-0.99642,0.0,0.0,0.0,1.420648,-0.359747,-2.605598,-0.3506228,0.1107638,1.204968,-0.3544101,0.06998652,-0.9324673,0.4181173,0.9038153,-0.09108106,0.8364038,-0.4221608,-0.3495839,moving,-77.83879,60.14548,-16.224,5.252021,-73.90956899082602,60.62900985696282,82.52075004342109,79.9639654135507,118.34970190681712
2022,2022,05/15/2023 13:23:57.421616,2251,True,True,True,True,Eyes,0.1486772,0.06651545,-2.3464,0.918626,-0.3443579,-0.193763,0.0,0.0,0.0,0.0,0.0,0.0,0.0,-2.28602,-0.3131775,-0.9047997,0.0894313,0.06271006,-2.476024,0.1524994,0.8060397,-0.1587971,0.5493883,25.05932,112.4487,4.51807,0.07785684,0.02907225,-0.9965404,0.0,0.0,0.0,1.417662,-0.3597639,-2.605566,-0.3537387,0.109055,1.206054,-0.349833,0.07135853,-0.9340906,0.4203236,0.9030548,-0.08843079,0.8372247,-0.4235563,-0.3459121,moving,-78.08936,60.63445,-16.34655,5.166807,-74.13890568698041,61.09293949682493,82.99900003416637,80.42194148304849,118.20176984687258
2023,2023,05/15/2023 13:23:57.433822,2252,True,True,True,True,Eyes,0.1465179,0.06609736,-2.352618,0.919517,-0.3441885,-0.1897967,0.0,0.0,0.0,0.0,0.0,0.0,0.0,-2.298063,-0.304141,-0.902065,0.08910583,0.06111062,-2.485084,0.1540297,0.8049641,-0.1582085,0.5507066,25.10983,112.2855,4.670092,0.07639338,0.0289933,-0.9966559,0.0,0.0,0.0,1.414953,-0.3597793,-2.605536,-0.3584387,0.1080259,1.207099,-0.3459941,0.07372387,-0.9353356,0.4222297,0.9024898,-0.08505394,0.8378604,-0.4243546,-0.3433845,moving,-78.33742,61.12622,-16.53838,5.1139,-74.36573515903864,61.559649445210674,83.40564331449042,80.80919276370166,118.13093631713814
2024,2024,05/15/2023 13:23:57.453766,2253,True,True,True,True,Eyes,0.1444468,0.06561903,-2.358924,0.9203607,-0.3440765,-0.1858694,0.0,0.0,0.0,0.0,0.0,0.0,0.0,-2.310162,-0.2929831,-0.8995495,0.08873929,0.05934471,-2.494089,0.1553928,0.8039341,-0.1570653,0.5521535,25.09635,112.1141,4.839651,0.07496816,0.02889723,-0.9967669,0.0,0.0,0.0,1.412142,-0.3597952,-2.605505,-0.3639995,0.1029682,1.208116,-0.3419591,0.07640278,-0.9366037,0.4232995,0.9023671,-0.08093899,0.8389764,-0.4241417,-0.3409139,moving,-78.58253,61.62218,-16.7673,4.871568,-74.58959337406304,62.03049465200781,83.91516324435915,81.30535349560829,118.0339220626164
2025,2025,05/15/2023 13:23:57.463811,2254,True,True,True,True,Eyes,0.1424521,0.06508847,-2.36536,0.9211553,-0.3440264,-0.1819853,0.0,0.0,0.0,0.0,0.0,0.0,0.0,-2.322493,-0.2815413,-0.8968997,0.08843757,0.05742674,-2.503307,0.1572402,0.8027834,-0.1562254,0.5535414,25.14486,111.9497,5.038669,0.07358167,0.02878323,-0.9968736,0.0,0.0,0.0,1.409088,-0.3598125,-2.605472,-0.3711676,0.09825905,1.208538,-0.3377352,0.07950513,-0.9378775,0.4254141,0.9017383,-0.07675244,0.8396179,-0.4249082,-0.3383713,moving,-78.82444,62.12176,-17.07283,4.648156,-74.81025375701861,62.5049329872433,84.35921108178357,81.73748678207046,118.01654412082367
2026,2026,05/15/2023 13:23:57.483741,2255,True,True,True,True,Eyes,0.1405454,0.06450805,-2.371927,0.9219598,-0.3439533,-0.1780063,1.223436,1.268504,-0.3562969,-2.589707,-0.1241294,0.2867245,0.9499373,-0.3559251,0.1387421,1.19276,0.08828226,0.05575337,-2.512908,0.1594238,0.801703,-0.1549148,0.5548493,25.16989,111.8123,5.307145,0.07223356,0.02865089,-0.996976,0.0,0.0,0.0,1.40632,-0.3598282,-2.605442,-0.3786358,0.09463973,1.209028,-0.3334525,0.0837124,-0.9390429,0.4275298,0.9011709,-0.07147885,0.8402545,-0.4253038,-0.3362873,moving,-79.07215,62.63706,-17.38918,4.475845,-75.03610261662523,62.994357023916734,84.77921749047418,82.14367861655859,118.02084437103248
2027,2027,05/15/2023 13:23:57.504283,2256,True,True,True,True,Eyes,0.1387267,0.06391475,-2.37864,0.9227303,-0.343911,-0.1740521,1.217004,1.261693,-0.3546262,-2.590462,-0.1980855,0.3999867,0.8948591,-0.3584908,0.1395441,1.183178,0.08850753,0.05392945,-2.522514,0.1615391,0.8007397,-0.1530298,0.5561503,25.13509,111.6879,5.609138,0.0709239,0.02849994,-0.9970742,0.0,0.0,0.0,1.403476,-0.3598443,-2.605411,-0.3844241,0.09387942,1.209995,-0.3292043,0.08848634,-0.9401038,0.4289165,0.9009741,-0.06539401,0.8412227,-0.424754,-0.3345577,moving,-79.31796,63.15619,-17.62543,4.436498,-75.26000693398251,63.48753604541008,85.17024413711495,82.51526860284476,117.99706125214969
2028,2028,05/15/2023 13:23:57.521755,2257,True,True,True,True,Eyes,0.1370074,0.06330934,-2.385519,0.9235464,-0.3437876,-0.169918,1.212581,1.256882,-0.3535609,-2.591558,-0.3225761,0.4723703,0.8202505,-0.3612016,0.1399046,1.176086,0.08874038,0.05288443,-2.53269,0.1633423,0.799583,-0.1514596,0.5577153,25.11307,111.5116,5.848665,0.06965213,0.02833165,-0.9971687,0.0,0.0,0.0,1.400594,-0.3598606,-2.605379,-0.388092,0.09173754,1.21159,-0.3245459,0.09226872,-0.9413589,0.4301541,0.9007586,-0.06001209,0.8423998,-0.4244061,-0.3320273,moving,-79.57507,63.69898,-17.7611,4.329982,-75.49420981751548,64.003189280036,85.70673725375913,83.03013691598638,117.84769984887987
2029,2029,05/15/2023 13:23:57.533930,2258,True,True,True,True,Eyes,0.1353796,0.06270115,-2.392541,0.9243207,-0.343712,-0.1658111,1.208475,1.252398,-0.3526661,-2.59292,-0.4319735,0.5331052,0.7274598,-0.3640537,0.1383068,1.16902,0.08960418,0.05190985,-2.54292,0.1646459,0.7986249,-0.1494402,0.5592476,25.01459,111.3435,6.070494,0.06841994,0.0281474,-0.9972593,0.0,0.0,0.0,1.397692,-0.3598771,-2.605348,-0.3908127,0.09123483,1.213464,-0.3202679,0.09583248,-0.9424675,0.4301288,0.9011186,-0.05453763,0.8440486,-0.422849,-0.3298197,moving,-79.83005,64.24674,-17.85186,4.299718,-75.72621432275278,64.52370464989198,86.22610673308047,83.52466376036423,117.68397497913439
2030,2030,05/15/2023 13:23:57.553720,2259,True,True,True,True,Eyes,0.1338744,0.06207621,-2.399673,0.9251426,-0.3435294,-0.1615513,1.204754,1.248444,-0.3517924,-2.594302,-0.4974953,0.5927083,0.6333998,-0.3669764,0.139079,1.162646,0.09013682,0.05121158,-2.553411,0.166807,0.7973668,-0.1477404,0.5608516,25.00608,111.1668,6.353661,0.06722661,0.02794859,-0.997346,0.0,0.0,0.0,1.394786,-0.3598935,-2.605316,-0.3921809,0.08995968,1.215492,-0.3152421,0.1002917,-0.9436971,0.4317335,0.9006964,-0.04849875,0.8451205,-0.4227145,-0.3272368,moving,-80.0947,64.81384,-17.8824,4.232796,-75.96705658468424,65.06257715704771,86.83566757628996,84.10760730263951,117.44387848795702
2031,2031,05/15/2023 13:23:57.563955,2260,True,True,True,True,Eyes,0.1324779,0.06147568,-2.406954,0.9258929,-0.3434576,-0.1573502,1.201122,1.244589,-0.351059,-2.595951,-0.5620606,0.6423297,0.5210571,-0.3702767,0.1380046,1.155878,0.09125398,0.05018774,-2.563953,0.1682887,0.796414,-0.1456894,0.5622972,24.91762,111.0124,6.598433,0.06607303,0.02773595,-0.9974289,0.0,0.0,0.0,1.391834,-0.3599103,-2.605284,-0.3918067,0.08987291,1.218339,-0.3110014,0.1042135,-0.9446786,0.4318964,0.900907,-0.0428015,0.8466071,-0.4213147,-0.3251929,moving,-80.35506,65.3858,-17.82732,4.218882,-76.20361156381772,65.60627339571987,87.47062436684857,84.71247392866742,117.14550688045428
2032,2032,05/15/2023 13:23:57.583919,2261,True,True,True,True,Eyes,0.1312578,0.06098064,-2.414374,0.9266736,-0.3433933,-0.1528305,1.199946,1.243216,-0.3510726,-2.597763,-0.6539422,0.6417934,0.4005756,-0.374806,0.1403371,1.151356,0.09243841,0.05015452,-2.574861,0.171528,0.7951567,-0.1438766,0.5635632,24.96993,110.8999,7.008784,0.06496029,0.02751198,-0.9975082,0.0,0.0,0.0,1.388877,-0.359927,-2.605252,-0.3899569,0.09556417,1.221556,-0.3059494,0.1106161,-0.9455997,0.4349503,0.8997553,-0.03547526,0.8468843,-0.4221426,-0.323392,moving,-80.63486,66.00808,-17.70462,4.473224,-76.45762148916182,66.19791172274054,88.01564411738596,85.2165022660241,116.85548167267142
2033,2033,05/15/2023 13:23:57.604106,2262,True,True,True,True,Eyes,0.1301859,0.06055997,-2.421952,0.9274637,-0.343257,-0.1482757,1.194855,1.238371,-0.3495824,-2.59912,-0.5952145,0.7431102,0.3057888,-0.3766723,0.14016,1.143175,0.09522337,0.05219175,-2.586157,0.1752885,0.7933214,-0.1414374,0.5656063,25.00512,110.6883,7.489321,0.06389166,0.02728219,-0.9975835,0.0,0.0,0.0,1.38607,-0.3599429,-2.605221,-0.3887406,0.1008167,1.224609,-0.2987269,0.1181245,-0.9469998,0.438116,0.8985388,-0.02612205,0.8478305,-0.4226992,-0.3201699,moving,-80.91686,66.63725,-17.61156,4.7063,-76.71357417215506,66.79612893778781,88.56073382708897,85.72161300821031,116.58340649552476
2034,2034,05/15/2023 13:23:57.621563,2263,True,True,True,True,Eyes,0.1292273,0.06015729,-2.429622,0.9282373,-0.3432616,-0.1433427,1.191906,1.235599,-0.3489782,-2.600473,-0.5827684,0.7841378,0.2133283,-0.3785485,0.1348507,1.138173,0.0976593,0.05352248,-2.597565,0.1759674,0.7917563,-0.1389902,0.5681893,24.83828,110.3567,7.643231,0.06286883,0.02705023,-0.9976548,0.0,0.0,0.0,1.38315,-0.3599595,-2.605189,-0.387799,0.09647489,1.227866,-0.2923927,0.120701,-0.9486504,0.436592,0.8994344,-0.02012725,0.8508194,-0.4200583,-0.3156852,moving,-81.22147,67.33507,-17.52776,4.492566,-76.98955201818397,67.4598746909035,89.47663942367369,86.60592747490959,116.15019698024811
2035,2035,05/15/2023 13:23:57.633683,2264,True,True,True,True,Eyes,0.1283833,0.05979845,-2.437403,0.9288921,-0.3435732,-0.1382635,1.188997,1.232833,-0.348709,-2.601798,-0.5825915,0.8033935,0.1230691,-0.3795769,0.1395936,1.132898,0.0992098,0.05363692,-2.608088,0.1778112,0.789675,-0.1410359,0.5700049,25.17925,110.0596,7.622626,0.06189248,0.02681721,-0.9977221,0.0,0.0,0.0,1.380229,-0.359976,-2.605157,-0.3892753,0.09443095,1.230399,-0.2869554,0.1200438,-0.9503927,0.4416084,0.8969842,-0.02003861,0.8500816,-0.4254515,-0.3104067,moving,-81.53381,68.07876,-17.5564,4.388747,-77.27176532670161,68.16763610151389,90.27472927817767,87.37088503113978,115.84850753778666
2036,2036,05/15/2023 13:23:57.653814,2265,True,True,True,True,Eyes,0.1276799,0.05948683,-2.44525,0.9295959,-0.3439071,-0.1325868,1.186053,1.23023,-0.3484051,-2.602505,-0.5602086,0.8250548,0.07382963,-0.3776987,0.1467729,1.128385,0.1010951,0.05439258,-2.618615,0.1812564,0.7863759,-0.1429916,0.5729856,25.63298,109.603,7.726118,0.06096255,0.02658501,-0.9977856,0.0,0.0,0.0,1.377346,-0.3599924,-2.605126,-0.3910506,0.100285,1.232419,-0.2776672,0.121207,-0.9530004,0.4489355,0.8933991,-0.01717566,0.8493279,-0.4326048,-0.3024817,moving,-81.88274,68.91681,-17.6044,4.652048,-77.58684197304963,68.9652941864077,90.89369960603565,87.94365798671188,115.65181744374945
2037,2037,05/15/2023 13:23:57.663810,2266,True,True,True,True,Eyes,0.1270719,0.05921898,-2.453176,0.9302381,-0.3443991,-0.1266741,1.185051,1.229451,-0.3489114,-2.603291,-0.6117209,0.7907842,0.02140062,-0.3730322,0.1462467,1.12746,0.103532,0.05527437,-2.628747,0.181762,0.782874,-0.1437988,0.5774017,25.78861,108.9135,7.564684,0.06008035,0.02635558,-0.9978452,0.0,0.0,0.0,1.374366,-0.3600093,-2.605093,-0.393194,0.09979856,1.234063,-0.2671395,0.1185342,-0.9563399,0.4506528,0.8925689,-0.01525323,0.8517912,-0.4350521,-0.2918581,moving,-82.24551,69.80587,-17.67279,4.623445,-77.9139312946567,69.81173570988734,91.75175582559184,88.76096185913929,115.36386454999096
2038,2038,05/15/2023 13:23:57.683718,2267,True,True,True,True,Eyes,0.126567,0.05901628,-2.461118,0.9308069,-0.3450949,-0.120449,1.179877,1.224805,-0.3481534,-2.603233,-0.5364653,0.8436589,0.0210874,-0.3677381,0.1484147,1.122937,0.1051872,0.05613269,-2.638661,0.1814314,0.7792109,-0.1478768,0.5814167,26.19509,108.1944,7.092504,0.05924467,0.02613034,-0.9979011,0.0,0.0,0.0,1.371609,-0.3600249,-2.605063,-0.3939621,0.1012438,1.236557,-0.2580745,0.1107906,-0.9597514,0.4547028,0.8904302,-0.01947991,0.8524334,-0.4414289,-0.2801741,moving,-82.62674,70.7594,-17.67167,4.680685,-78.2571405973045,70.71980279488656,92.65828454464354,89.62011117279286,115.02156026196911
2039,2039,05/15/2023 13:23:57.703852,2268,True,True,True,True,Eyes,0.1261798,0.0588983,-2.469121,0.9313394,-0.3458045,-0.1141325,1.176807,1.222186,-0.3480468,-2.603433,-0.5238557,0.851788,0.00568873,-0.3655798,0.1567731,1.119122,0.1068166,0.05765551,-2.648332,0.1836703,0.7757471,-0.1529777,0.5840204,26.86425,107.6875,6.842263,0.05845539,0.02591164,-0.9979534,0.0,0.0,0.0,1.368692,-0.3600414,-2.605031,-0.3945872,0.1076331,1.238473,-0.250371,0.1062791,-0.9622989,0.4636474,0.8857262,-0.02280961,0.8499091,-0.4518782,-0.2710362,moving,-83.01343,71.73456,-17.67229,4.96698,-78.60504793386654,71.6485685545881,93.42041701660295,90.32848521695993,114.75109525759397
2040,2040,05/15/2023 13:23:57.721537,2269,True,True,True,True,Eyes,0.1259045,0.0588254,-2.477098,0.9319803,-0.3461891,-0.1075444,1.174033,1.22008,-0.3476119,-2.603359,-0.4707616,0.882219,0.008552366,-0.3642451,0.154729,1.116312,0.1092274,0.0595773,-2.657877,0.1848076,0.7729902,-0.1523348,0.5874746,26.91358,107.1768,6.874005,0.05771229,0.02570218,-0.9980021,0.0,0.0,0.0,1.365706,-0.3600583,-2.604999,-0.3957164,0.1122067,1.239926,-0.2414394,0.1067232,-0.9645295,0.4646945,0.8852806,-0.01836711,0.8519189,-0.452646,-0.2633353,moving,-83.41756,72.74249,-17.70023,5.170876,-78.96895184449843,72.60840585485691,94.25863610775352,91.11353746498506,114.46383695344576
2041,2041,05/15/2023 13:23:57.733989,2270,True,True,True,True,Eyes,0.1257055,0.0587832,-2.485149,0.932631,-0.3464665,-0.1007983,1.171491,1.218274,-0.3470992,-2.603233,-0.3966419,0.9178545,0.01477349,-0.3617383,0.1468882,1.115257,0.1110723,0.06062284,-2.667219,0.1850164,0.7702711,-0.1478422,0.59211,26.54223,106.5678,7.059552,0.05701652,0.02550323,-0.9980472,0.0,0.0,0.0,1.362833,-0.3600746,-2.604967,-0.396205,0.1115954,1.241746,-0.2303497,0.1099478,-0.9668769,0.4601032,0.8878232,-0.008657092,0.8574639,-0.4468572,-0.2550973,moving,-83.83145,73.77858,-17.69637,5.135358,-79.34154015931664,73.59510751962308,95.31915197455172,92.1241787385952,114.0601154314556
2042,2042,05/15/2023 13:23:57.754247,2271,True,True,True,True,Eyes,0.1255896,0.05876368,-2.493256,0.933308,-0.3465734,-0.0939311,1.169384,1.216985,-0.3465137,-2.603097,-0.2884805,0.9572393,0.02172145,-0.3590453,0.1427152,1.114448,0.1126793,0.06128731,-2.677147,0.1862612,0.7670227,-0.1438803,0.5968931,26.30024,105.9288,7.303828,0.05636618,0.02531489,-0.998089,0.0,0.0,0.0,1.360018,-0.3600906,-2.604937,-0.3955108,0.1121471,1.243849,-0.2180507,0.1139709,-0.9692597,0.4574955,0.8892105,0.001637199,0.8620625,-0.4430749,-0.2460341,moving,-84.25292,74.83554,-17.63927,5.151932,-79.72090039787255,74.60170809044469,96.4011596933365,93.15256427963192,113.61763049469288
2043,2043,05/15/2023 13:23:57.763956,2272,True,True,True,True,Eyes,0.1255304,0.05875666,-2.501434,0.933946,-0.346626,-0.08715199,1.168944,1.217261,-0.3464297,-2.603309,-0.2701084,0.9628,0.007579147,-0.3602284,0.1386515,1.114019,0.1143872,0.06178646,-2.687309,0.1867069,0.7648168,-0.140854,0.6002966,26.07926,105.4721,7.451614,0.05576004,0.025137,-0.9981275,0.0,0.0,0.0,1.357143,-0.3601069,-2.604905,-0.3932363,0.1114168,1.24593,-0.2095692,0.1164849,-0.9708307,0.4547015,0.8906013,0.008704068,0.8656371,-0.4396141,-0.2396085,moving,-84.66884,75.8867,-17.51657,5.110062,-80.09504376690647,75.60288651395616,97.56413199909045,94.26188883610821,113.10059845338972
2044,2044,05/15/2023 13:23:57.783779,2273,True,True,True,True,Eyes,0.1255229,0.058763,-2.509623,0.9345012,-0.3467657,-0.08038108,1.167012,1.216097,-0.3459168,-2.603429,0.03271851,0.9994544,-0.004513995,-0.3641934,0.136596,1.111247,0.1156823,0.06206769,-2.697246,0.1870892,0.7634166,-0.1393013,0.6023188,25.98046,105.1948,7.532831,0.05519561,0.02496891,-0.9981631,0.0,0.0,0.0,1.35411,-0.360124,-2.604872,-0.3899226,0.1075049,1.248067,-0.2044193,0.1178463,-0.9717637,0.4534616,0.8911856,0.01268477,0.8675167,-0.4380645,-0.2356143,moving,-85.0838,76.9492,-17.34992,4.923141,-80.46794816697134,76.61503653196525,98.87179413222904,95.51760761583597,112.49591135935214
2045,2045,05/15/2023 13:23:57.803983,2274,True,True,True,True,Eyes,0.1255665,0.05877537,-2.517845,0.9349931,-0.3469464,-0.07359359,0.0,0.0,0.0,0.0,0.0,0.0,0.0,-2.617068,-0.07068297,-0.6992192,0.1167918,0.06252602,-2.706547,0.1878919,0.7617261,-0.1397615,0.6040999,26.09947,104.9097,7.510806,0.05467088,0.02481021,-0.9981958,0.0,0.0,0.0,1.351294,-0.36014,-2.604841,-0.3848325,0.1039149,1.250409,-0.1995198,0.1173845,-0.9728374,0.4551041,0.8903267,0.01409103,0.8677972,-0.4399309,-0.23106,moving,-85.49951,78.02404,-17.10655,4.750634,-80.84124241953786,77.63906938254215,100.23267433528068,96.82373175171529,111.82371393836489
2046,2046,05/15/2023 13:23:57.813792,2275,True,True,True,True,Eyes,0.125651,0.0588176,-2.526086,0.9354014,-0.3472473,-0.06665907,0.0,0.0,0.0,0.0,0.0,0.0,0.0,-2.630683,-0.07411391,-0.6830146,0.1180705,0.06269427,-2.715626,0.1876552,0.7594524,-0.1412852,0.6066763,26.25013,104.4608,7.27688,0.05418455,0.0246604,-0.998226,0.0,0.0,0.0,1.3483,-0.360157,-2.604809,-0.3784827,0.1023629,1.25263,-0.1934589,0.1136017,-0.9745092,0.4564591,0.8896481,0.01309321,0.8684577,-0.4422906,-0.2239648,moving,-85.92385,79.13345,-16.81221,4.671736,-81.2219519043424,78.69618677185207,101.59215341406734,98.12356579465687,111.12624499177895
2047,2047,05/15/2023 13:23:57.833875,2276,True,True,True,True,Eyes,0.1257633,0.05886647,-2.534354,0.9357485,-0.3475827,-0.05967421,0.0,0.0,0.0,0.0,0.0,0.0,0.0,-2.645218,-0.08372474,-0.6621723,0.1190494,0.0633937,-2.724788,0.1871545,0.7567692,-0.1441321,0.6095076,26.50614,103.9314,6.903708,0.05373466,0.02451987,-0.9982538,0.0,0.0,0.0,1.345571,-0.3601724,-2.604779,-0.3720124,0.1053201,1.254616,-0.1869472,0.1075663,-0.976463,0.4589648,0.8883983,0.009994755,0.8685631,-0.4462937,-0.2154527,moving,-86.3511,80.25823,-16.51588,4.798507,-81.6050605198102,79.76804278338273,102.8159897471455,99.2825901974578,110.49160030670528
2048,2048,05/15/2023 13:23:57.853905,2277,True,True,True,True,Eyes,0.1259001,0.0589571,-2.542601,0.9359578,-0.3481584,-0.05261862,0.0,0.0,0.0,0.0,0.0,0.0,0.0,-2.659229,-0.09671886,-0.6411688,0.1198433,0.06361166,-2.733778,0.1858952,0.7542546,-0.1472707,0.6122537,26.73016,103.3955,6.434453,0.0533161,0.02438715,-0.9982787,0.0,0.0,0.0,1.342684,-0.3601888,-2.604748,-0.3668261,0.1097301,1.255761,-0.1811771,0.1000905,-0.978344,0.4607586,0.8875087,0.005470766,0.8688363,-0.4497892,-0.2069138,moving,-86.78227,81.40569,-16.28385,4.9939,-81.99134708626976,80.86165886019614,103.96532534215675,100.36628920016432,109.93486870304812
2049,2049,05/15/2023 13:23:57.863698,2278,True,True,True,True,Eyes,0.1260546,0.05910239,-2.550852,0.9360842,-0.3488216,-0.04549737,0.0,0.0,0.0,0.0,0.0,0.0,0.0,-2.671804,-0.1163762,-0.6218433,0.1204793,0.06476927,-2.742272,0.1857837,0.7518173,-0.1524304,0.6140197,27.21619,102.9632,5.948462,0.05292873,0.02426374,-0.9983016,0.0,0.0,0.0,1.339682,-0.3602058,-2.604715,-0.3632821,0.1135343,1.256269,-0.1769287,0.09216024,-0.9798995,0.4665413,0.8844988,-0.001049982,0.8666232,-0.4573493,-0.1994898,moving,-87.21739,82.56877,-16.12857,5.164031,-82.38103317916597,81.9702221627078,105.09573706221639,101.4326371451968,109.43740422320141
2050,2050,05/15/2023 13:23:57.884023,2279,True,True,True,True,Eyes,0.1262388,0.05929551,-2.55906,0.9361576,-0.3494876,-0.03830638,0.0,0.0,0.0,0.0,0.0,0.0,0.0,-2.685373,-0.1255743,-0.5986171,0.1210827,0.06624691,-2.750689,0.1856731,0.7488886,-0.1554201,0.6168761,27.50714,102.4104,5.586733,0.05257018,0.02415089,-0.9983228,0.0,0.0,0.0,1.336887,-0.3602216,-2.604684,-0.3603624,0.1145396,1.256718,-0.1699789,0.08634707,-0.9816574,0.4698467,0.8827402,-0.00371006,0.8662282,-0.4618592,-0.1906172,moving,-87.65684,83.74493,-16.00019,5.207657,-82.7745560826776,83.09127003550981,106.31452741511401,102.58982963826618,108.9196734256128
2051,2051,05/15/2023 13:23:57.903699,2280,True,True,True,True,Eyes,0.1264305,0.05954397,-2.567271,0.9361731,-0.3501647,-0.03105702,0.0,0.0,0.0,0.0,0.0,0.0,0.0,-2.697789,-0.1324165,-0.578922,0.1218271,0.06759253,-2.758866,0.1843081,0.7466331,-0.1567417,0.6196786,27.5473,101.9023,5.239236,0.05223887,0.02404945,-0.9983423,0.0,0.0,0.0,1.334013,-0.3602379,-2.604653,-0.3586437,0.1151239,1.256621,-0.164058,0.08096217,-0.9831226,0.46948,0.8829252,-0.005633467,0.8675675,-0.4624807,-0.182861,moving,-88.09994,84.93155,-15.92892,5.234476,-83.17132867994727,84.22229587274651,107.51874130588526,103.73339488000234,108.44624929957212
2052,2052,05/15/2023 13:23:57.921807,2281,True,True,True,True,Eyes,0.1266693,0.05984448,-2.575474,0.9362141,-0.3506242,-0.02378826,0.0,0.0,0.0,0.0,0.0,0.0,0.0,-2.711247,-0.1258654,-0.5574243,0.1222258,0.06917527,-2.767256,0.1850087,0.7437084,-0.1567526,0.6229753,27.62406,101.3693,5.172576,0.0519324,0.02396042,-0.9983602,0.0,0.0,0.0,1.331012,-0.3602549,-2.60462,-0.3565533,0.1201027,1.256167,-0.155347,0.07987888,-0.9846252,0.470491,0.8824008,-0.002644851,0.8686228,-0.4636681,-0.1746606,moving,-88.54449,86.11869,-15.84619,5.461473,-83.56949138467478,85.35377796888625,108.58466501801756,104.73407250594727,108.02705514098128
2053,2053,05/15/2023 13:23:57.934045,2282,True,True,True,True,Eyes,0.1269232,0.06016473,-2.583691,0.9363085,-0.3507913,-0.01649187,0.0,0.0,0.0,0.0,0.0,0.0,0.0,-2.724068,-0.1114076,-0.54039,0.1235386,0.07067473,-2.775738,0.1842537,0.7414933,-0.153601,0.6266139,27.30326,100.8668,5.213823,0.05165019,0.02388458,-0.9983765,0.0,0.0,0.0,1.328236,-0.3602706,-2.60459,-0.3557068,0.1239968,1.25514,-0.1468112,0.08074886,-0.9858631,0.4657428,0.8849146,0.003123747,0.8726569,-0.4587001,-0.1675236,moving,-88.99091,87.30831,-15.82273,5.642013,-83.9693975081778,86.4875942761418,109.64928923711548,105.73540705150468,107.64620941945553
2054,2054,05/15/2023 13:23:57.953853,2283,True,True,True,True,Eyes,0.1271897,0.0604914,-2.591917,0.9363597,-0.3509239,-0.00910337,0.0,0.0,0.0,0.0,0.0,0.0,0.0,-2.736902,-0.09630525,-0.5229645,0.1241577,0.07140638,-2.7844,0.182564,0.7394625,-0.1497884,0.6304199,26.85343,100.3488,5.218059,0.0513904,0.02382132,-0.9983914,0.0,0.0,0.0,1.325306,-0.3602872,-2.604558,-0.3540695,0.1281794,1.254382,-0.1384825,0.08113924,-0.9870355,0.4588575,0.8884677,0.008658133,0.8776516,-0.4517096,-0.1602686,moving,-89.44298,88.51402,-15.76257,5.834532,-84.37433674757305,87.6367579858887,110.7461085262604,106.76693641980076,107.22990510028555
2055,2055,05/15/2023 13:23:57.963947,2284,True,True,True,True,Eyes,0.127471,0.0608258,-2.60016,0.936377,-0.3509918,-0.00162766,0.0,0.0,0.0,0.0,0.0,0.0,0.0,-2.750057,-0.08594141,-0.5022049,0.1247276,0.07185504,-2.79315,0.1822694,0.7367571,-0.148359,0.6340004,26.72616,99.80267,5.168263,0.0511513,0.0237696,-0.9984049,0.0,0.0,0.0,1.322366,-0.3603039,-2.604526,-0.3522664,0.1295594,1.253262,-0.1296427,0.08045723,-0.9882913,0.4566959,0.8895349,0.01250872,0.8801261,-0.4497269,-0.1520663,moving,-89.90041,89.7343,-15.69959,5.902141,-84.78406969469029,88.79981160713746,111.9535286235931,107.91056077500264,106.76522449965356
2056,2056,05/15/2023 13:23:57.983838,2285,True,True,True,True,Eyes,0.1277713,0.06116384,-2.608435,0.9363033,-0.3511424,0.005942702,0.0,0.0,0.0,0.0,0.0,0.0,0.0,-2.763437,-0.07928194,-0.478251,0.1253926,0.07235539,-2.801898,0.181831,0.7337146,-0.1477861,0.6377771,26.66677,99.1951,5.027667,0.05093138,0.0237285,-0.9984172,0.0,0.0,0.0,1.319306,-0.3603213,-2.604492,-0.3491574,0.1291548,1.252519,-0.1203558,0.07831499,-0.989637,0.4553332,0.8901935,0.01506971,0.8821487,-0.4488009,-0.1427993,moving,89.63635,-89.03043,-15.57656,5.887307,84.21784996166303,-78.05310542313931,141.70085824676315,130.40290294837456,106.21257024598825
2057,2057,05/15/2023 13:23:58.003565,2286,True,True,True,True,Eyes,0.1280816,0.06150421,-2.616732,0.9361809,-0.3512553,0.01360619,0.0,0.0,0.0,0.0,0.0,0.0,0.0,-2.776372,-0.07731889,-0.4547672,0.1262423,0.07274845,-2.810659,0.1810018,0.7308168,-0.147919,0.6412997,26.63826,98.60302,4.802682,0.05072942,0.02369705,-0.9984283,0.0,0.0,0.0,1.316696,-0.360336,-2.604464,-0.3458346,0.1305047,1.251814,-0.1119464,0.07483755,-0.9908923,0.454279,0.8907167,0.01594949,0.8837979,-0.4483561,-0.1337095,moving,89.16734,-87.78171,-15.44371,5.951729,83.7976776228421,-76.86297434647379,140.46148713746848,129.25605636747414,105.6713298679244
2058,2058,05/15/2023 13:23:58.021632,2287,True,True,True,True,Eyes,0.1284117,0.06184933,-2.625081,0.935936,-0.351524,0.02132487,0.0,0.0,0.0,0.0,0.0,0.0,0.0,-2.789615,-0.07655939,-0.4285886,0.1268241,0.07312806,-2.819587,0.1802816,0.7276096,-0.14856,0.6449907,26.66333,97.96509,4.538197,0.05054399,0.02367431,-0.9984384,0.0,0.0,0.0,1.313709,-0.360353,-2.604431,-0.3415272,0.1320196,1.250857,-0.1029712,0.07070956,-0.992168,0.4539887,0.890857,0.0163726,0.8850375,-0.4487472,-0.123834,moving,88.69477,-86.52846,-15.27151,6.024884,83.37418104601713,-75.66858409237793,139.1945001162788,128.08120506501584,105.0933310056183
2059,2059,05/15/2023 13:23:58.033982,2288,True,True,True,True,Eyes,0.1287547,0.06217954,-2.633461,0.9356572,-0.3517068,0.0291188,0.0,0.0,0.0,0.0,0.0,0.0,0.0,-2.802437,-0.07690553,-0.4031723,0.1277536,0.07357018,-2.828494,0.1794304,0.7245003,-0.149253,0.6485583,26.68017,97.34241,4.261462,0.05037412,0.0236595,-0.9984475,0.0,0.0,0.0,1.310848,-0.3603692,-2.6044,-0.3378117,0.132184,1.249776,-0.09435408,0.06639618,-0.9933222,0.4535933,0.8910565,0.01647443,0.8862001,-0.4490099,-0.1141917,moving,88.21746,-85.26711,-15.12548,6.037509,82.94631478309482,-74.4665271181076,137.89958918930384,126.88174322290438,104.51547511978467
2060,2060,05/15/2023 13:23:58.053996,2289,True,True,True,True,Eyes,0.129095,0.0624973,-2.641932,0.9352425,-0.3520789,0.03690407,0.0,0.0,0.0,0.0,0.0,0.0,0.0,-2.815354,-0.07242498,-0.3781755,0.1284293,0.07352106,-2.837707,0.1786183,0.7214158,-0.1489928,0.6522699,26.61456,96.72466,4.063218,0.05021871,0.02365121,-0.9984556,0.0,0.0,0.0,1.307985,-0.3603854,-2.604369,-0.3344806,0.1325489,1.248423,-0.08527914,0.06334912,-0.9943413,0.4520831,0.8917933,0.01804322,0.88789,-0.4479862,-0.1046905,moving,87.74032,-84.01624,-14.99857,6.060562,82.51832737856594,-73.2745765271002,136.63495078851275,125.71240781822588,103.95925048307433
2061,2061,05/15/2023 13:23:58.063783,2290,True,True,True,True,Eyes,0.1294485,0.06281029,-2.650435,0.9347605,-0.3524525,0.04472172,0.0,0.0,0.0,0.0,0.0,0.0,0.0,-2.827701,-0.06538533,-0.3549287,0.1289172,0.073539,-2.846772,0.1786815,0.7183826,-0.1487851,0.655639,26.61995,96.16454,3.952627,0.05007603,0.02364821,-0.998463,0.0,0.0,0.0,1.305014,-0.3604022,-2.604337,-0.3317875,0.1312211,1.24663,-0.07642111,0.0616248,-0.9951696,0.451822,0.8918718,0.02053191,0.8888289,-0.4480704,-0.09600134,moving,87.26089,-82.76854,-14.90365,6.008868,82.08803572461086,-72.08575634365383,135.34777945947272,124.52372244306741,103.40617393891891
2062,2062,05/15/2023 13:23:58.084070,2291,True,True,True,True,Eyes,0.1298108,0.06312062,-2.659005,0.9341086,-0.3530903,0.05261445,0.0,0.0,0.0,0.0,0.0,0.0,0.0,-2.840085,-0.05617701,-0.3324988,0.1296057,0.07374135,-2.856144,0.1792907,0.7153147,-0.1484643,0.6588916,26.65797,95.62775,3.904461,0.04994529,0.02364971,-0.9984697,0.0,0.0,0.0,1.302233,-0.360418,-2.604306,-0.3288755,0.1316692,1.244888,-0.06743327,0.0608547,-0.9958662,0.4521422,0.8916264,0.02386886,0.8893932,-0.4486635,-0.08764029,moving,86.77618,-81.52464,-14.79837,6.037611,81.65252690391972,-70.90076818526565,134.10643909928226,123.3786436350565,102.86559223608077
2063,2063,05/15/2023 13:23:58.104048,2292,True,True,True,True,Eyes,0.1301841,0.06341188,-2.667615,0.9334297,-0.3536167,0.06053147,0.0,0.0,0.0,0.0,0.0,0.0,0.0,-2.852173,-0.04686151,-0.3105714,0.1302785,0.07400756,-2.8655,0.179186,0.7124696,-0.147473,0.6622169,26.58084,95.0963,3.847639,0.04982552,0.02365509,-0.9984757,0.0,0.0,0.0,1.299273,-0.3604348,-2.604274,-0.3255995,0.1327256,1.242767,-0.0587225,0.06001099,-0.996469,0.4506474,0.8922881,0.02717998,0.8907686,-0.4474601,-0.07944117,moving,86.28965,-80.28636,-14.68126,6.095991,81.21510220687219,-69.72125959932846,132.87977735726116,122.24715854756296,102.32235732444325
2064,2064,05/15/2023 13:23:58.121810,2293,True,True,True,True,Eyes,0.130563,0.06367184,-2.676316,0.9326133,-0.3543061,0.06855354,0.0,0.0,0.0,0.0,0.0,0.0,0.0,-2.864384,-0.03482814,-0.288583,0.130918,0.0738216,-2.87517,0.1789752,0.7096126,-0.1458876,0.6656836,26.4444,94.55871,3.828003,0.04971596,0.02366319,-0.998481,0.0,0.0,0.0,1.296285,-0.3604517,-2.604241,-0.3238336,0.1326667,1.24034,-0.04966638,0.05977611,-0.9969755,0.448236,0.8933694,0.03123433,0.8925344,-0.445329,-0.07116421,moving,85.79593,-79.04934,-14.63241,6.105142,80.77067982150554,-68.54319219011376,131.6705634522915,121.13679599877636,101.81995518717123
2065,2065,05/15/2023 13:23:58.134060,2294,True,True,True,True,Eyes,0.1309459,0.0638941,-2.685062,0.9317652,-0.3548907,0.07659181,0.0,0.0,0.0,0.0,0.0,0.0,0.0,-2.87645,-0.02195845,-0.2654138,0.1315288,0.07332934,-2.884825,0.1787857,0.7066005,-0.1442602,0.6692836,26.3073,93.99776,3.809496,0.04961565,0.02367246,-0.9984859,0.0,0.0,0.0,1.293504,-0.3604675,-2.604211,-0.3234662,0.1325622,1.237468,-0.04019028,0.05955814,-0.9974155,0.4457621,0.8944493,0.03544807,0.8942488,-0.4431854,-0.06249695,moving,85.3008,-77.82133,-14.64898,6.114417,80.32464619126729,-67.3738623663545,130.51884211291645,120.08545655551274,101.37694692283094
2066,2066,05/15/2023 13:23:58.153964,2295,True,True,True,True,Eyes,0.1313306,0.06407718,-2.693837,0.930785,-0.3556526,0.08456037,0.0,0.0,0.0,0.0,0.0,0.0,0.0,-2.888426,-0.01132801,-0.242954,0.1319989,0.07263078,-2.894729,0.1784877,0.7037221,-0.1430508,0.6726472,26.19672,93.46078,3.755171,0.04952375,0.02368133,-0.9984904,0.0,0.0,0.0,1.290652,-0.3604836,-2.60418,-0.3244402,0.1299883,1.234437,-0.0313764,0.05876599,-0.9977787,0.4436568,0.8953573,0.03878245,0.8956475,-0.4414544,-0.05416498,moving,84.80902,-76.62562,-14.72569,6.01119,79.88097615115021,-66.23559241712235,129.3676963610321,119.03788829554314,100.95585035661081
2067,2067,05/15/2023 13:23:58.163892,2296,True,True,True,True,Eyes,0.1317082,0.06421535,-2.702656,0.9297683,-0.3563322,0.09251094,0.0,0.0,0.0,0.0,0.0,0.0,0.0,-2.89996,-0.001472145,-0.2212579,0.1324192,0.07190295,-2.904483,0.1784997,0.7008889,-0.1422514,0.6757641,26.1455,92.95103,3.701976,0.04943945,0.02368836,-0.9984946,0.0,0.0,0.0,1.287632,-0.3605007,-2.604147,-0.3240708,0.1288896,1.231299,-0.02296142,0.05796012,-0.9980548,0.4424736,0.8958048,0.04184252,0.8964875,-0.4406522,-0.04621474,moving,84.31783,-75.44618,-14.74551,5.97583,79.43743383934527,-65.11300221026566,128.23060884358188,118.00020752212502,100.50527074624824
2068,2068,05/15/2023 13:23:58.183581,2297,True,True,True,True,Eyes,0.1320803,0.06430799,-2.711517,0.9286329,-0.3571491,0.1004259,0.0,0.0,0.0,0.0,0.0,0.0,0.0,-2.911385,0.006975785,-0.2005603,0.1326282,0.07095602,-2.914414,0.1782949,0.6982516,-0.1415813,0.678683,26.08666,92.46888,3.626699,0.04936164,0.02369205,-0.9984984,0.0,0.0,0.0,1.284895,-0.3605162,-2.604117,-0.3238159,0.126693,1.228068,-0.01520109,0.05681174,-0.9982693,0.4411671,0.8963314,0.04429264,0.8972964,-0.4397301,-0.03868875,moving,83.8278,-74.29468,-14.77149,5.890055,78.9942530534379,-64.01733376758337,127.08820447045558,116.95750328501964,100.04510410428489
2069,2069,05/15/2023 13:23:58.203870,2298,True,True,True,True,Eyes,0.1324413,0.06435151,-2.72042,0.9274735,-0.357845,0.1083507,0.0,0.0,0.0,0.0,0.0,0.0,0.0,-2.92256,0.01882116,-0.1799562,0.1328822,0.0699788,-2.924302,0.1784008,0.6955453,-0.1404253,0.6816676,26.01232,91.99081,3.618853,0.04928943,0.02369103,-0.9985021,0.0,0.0,0.0,1.28196,-0.3605329,-2.604085,-0.3244157,0.1264895,1.224195,-0.007005037,0.05672495,-0.9983653,0.4396184,0.8969078,0.04787575,0.8981574,-0.4385644,-0.03122022,moving,83.33671,-73.15439,-14.8424,5.89913,78.54973999615666,-62.93251462351288,126.04997685355798,116.0167535946395,99.65720797389085
2070,2070,05/15/2023 13:23:58.221677,2299,True,True,True,True,Eyes,0.1327939,0.06434991,-2.729385,0.9262009,-0.3586647,0.1162397,0.0,0.0,0.0,0.0,0.0,0.0,0.0,-2.933714,0.0312866,-0.1571848,0.1329715,0.0688215,-2.934271,0.1780828,0.692682,-0.1389057,0.6849697,25.87426,91.46756,3.59496,0.04922178,0.02368397,-0.9985057,0.0,0.0,0.0,1.278983,-0.3605497,-2.604053,-0.3267578,0.1290915,1.219483,0.001793757,0.05641704,-0.9984057,0.4370019,0.8979834,0.0515276,0.8994588,-0.4363976,-0.02304355,moving,82.84669,-72.043,-14.99993,6.042689,78.10547512357815,-61.87554632959922,125.18520628264795,115.24540404507432,99.39621199757612
2071,2071,05/15/2023 13:23:58.234020,2300,True,True,True,True,Eyes,0.133129,0.06431007,-2.738387,0.9248711,-0.3594541,0.1241224,0.0,0.0,0.0,0.0,0.0,0.0,0.0,-2.944758,0.04152912,-0.1345634,0.1331421,0.06777075,-2.944335,0.1782219,0.689754,-0.1382642,0.6880112,25.84728,90.95802,3.542274,0.04915785,0.0236698,-0.9985093,0.0,0.0,0.0,1.276201,-0.3605655,-2.604022,-0.3305686,0.1307847,1.214402,0.01024483,0.05560393,-0.9984004,0.4361132,0.8982399,0.05450076,0.8998336,-0.435974,-0.01504728,moving,82.35629,-70.9498,-15.22736,6.146765,77.66034620235801,-60.83614072189796,124.36417925641501,114.52002280162299,99.18631399751622
2072,2072,05/15/2023 13:23:58.253981,2301,True,True,True,True,Eyes,0.1334435,0.06422549,-2.7475,0.9234356,-0.3602832,0.1321465,0.0,0.0,0.0,0.0,0.0,0.0,0.0,-2.955458,0.05262451,-0.1119709,0.1330561,0.06681493,-2.954297,0.1787171,0.6867895,-0.1377511,0.6909451,25.86037,90.46092,3.51212,0.04909658,0.02364787,-0.9985129,0.0,0.0,0.0,1.27338,-0.3605815,-2.603991,-0.3342473,0.1314254,1.209461,0.01868986,0.05512511,-0.9983046,0.4358389,0.8981696,0.05775543,0.8998306,-0.4361794,-0.007239048,moving,81.85609,-69.85771,-15.4487,6.201683,77.20569596572895,-59.79811340343763,123.50406236424998,113.75768201343287,98.9454195009915
2073,2073,05/15/2023 13:23:58.263812,2302,True,True,True,True,Eyes,0.1337387,0.0641204,-2.75663,0.9219324,-0.3611003,0.1401683,0.0,0.0,0.0,0.0,0.0,0.0,0.0,-2.965584,0.06337066,-0.08986473,0.1328966,0.06567332,-2.963918,0.1785254,0.6840439,-0.1366944,0.6939217,25.77099,89.97294,3.471406,0.04903678,0.02361729,-0.9985167,0.0,0.0,0.0,1.270367,-0.3605986,-2.603958,-0.3380154,0.1335852,1.204049,0.02679718,0.05452798,-0.9981526,0.4339488,0.8988866,0.06075534,0.900539,-0.4347752,0.0004252887,moving,81.35509,-68.78528,-15.68115,6.330885,76.74973483545962,-58.77908028259734,122.7129582303549,113.06093954397792,98.73932838262556
2074,2074,05/15/2023 13:23:58.283950,2303,True,True,True,True,Eyes,0.134071,0.06406499,-2.765834,0.9202927,-0.3620178,0.1483393,0.0,0.0,0.0,0.0,0.0,0.0,0.0,-2.975317,0.08204773,-0.06617785,0.1327035,0.06507121,-2.973512,0.179779,0.6807855,-0.1351736,0.6970932,25.76581,89.46422,3.58578,0.04897762,0.02357824,-0.9985206,0.0,0.0,0.0,1.267525,-0.3606147,-2.603927,-0.3426059,0.1354487,1.198556,0.03651852,0.0563247,-0.9977445,0.4332389,0.8988153,0.06659703,0.9005391,-0.4346938,0.00842134,moving,80.84341,-67.71829,-15.95253,6.447639,76.28328205649908,-57.76563088098101,121.9427694655023,112.38678327334367,98.55551860253162
2075,2075,05/15/2023 13:23:58.303877,2304,True,True,True,True,Eyes,0.1344425,0.06408046,-2.775077,0.918583,-0.3628458,0.1566782,0.0,0.0,0.0,0.0,0.0,0.0,0.0,-2.984671,0.1118453,-0.0369029,0.1338783,0.06620574,-2.983257,0.1818294,0.676545,-0.1317475,0.7013328,25.67793,88.82698,3.895892,0.04892028,0.02353338,-0.9985245,0.0,0.0,0.0,1.264666,-0.3606309,-2.603896,-0.3473718,0.1362879,1.192725,0.04985911,0.06123389,-0.9968775,0.4308291,0.8991614,0.0767797,0.9010553,-0.433312,0.01845003,moving,80.32049,-66.64513,-16.23779,6.518686,75.80611187984553,-56.746580754713605,121.14638008723273,111.68963179638342,98.35840590110816
2076,2076,05/15/2023 13:23:58.323679,2305,True,True,True,True,Eyes,0.1348171,0.06411135,-2.784384,0.9167234,-0.3637726,0.1651896,0.0,0.0,0.0,0.0,0.0,0.0,0.0,-2.993967,0.142709,-8.225441e-05,0.1351217,0.06787832,-2.993549,0.1831106,0.6715647,-0.1276249,0.7065291,25.47788,88.03574,4.167161,0.04886593,0.02348587,-0.9985284,0.0,0.0,0.0,1.261721,-0.3606476,-2.603864,-0.3518418,0.1363414,1.187256,0.06542546,0.06559985,-0.995699,0.4262826,0.9003649,0.0873292,0.9022211,-0.4301626,0.03094272,moving,79.78517,-65.57715,-16.50712,6.551003,75.31679136901067,-55.73291741823472,120.31074585686645,110.95457377579764,98.1225378076283
2077,2077,05/15/2023 13:23:58.333996,2306,True,True,True,True,Eyes,0.1351997,0.06423289,-2.793757,0.9146153,-0.3651213,0.1736816,0.0,0.0,0.0,0.0,0.0,0.0,0.0,-3.003383,0.1589673,0.0353508,0.1355133,0.06831688,-3.003964,0.1844719,0.6668391,-0.1271569,0.7107228,25.58205,87.29345,4.150392,0.04881429,0.02343651,-0.9985321,0.0,0.0,0.0,1.258878,-0.3606637,-2.603833,-0.3566105,0.1344826,1.18147,0.0783136,0.0652796,-0.9947892,0.4267727,0.8996025,0.0926305,0.9009617,-0.4318031,0.0425916,moving,79.2478,-64.56042,-16.79572,6.493828,74.82408793484962,-54.76876734586247,119.46992882242753,110.21476668091995,97.87379690690311
2078,2078,05/15/2023 13:23:58.353927,2307,True,True,True,True,Eyes,0.135683,0.06446345,-2.803161,0.9125122,-0.3662514,0.1821575,0.0,0.0,0.0,0.0,0.0,0.0,0.0,-3.013059,0.1773598,0.06241941,0.136092,0.07070486,-3.015021,0.1901216,0.662187,-0.1296173,0.7131351,26.28436,86.75683,4.28054,0.04876528,0.02338872,-0.9985356,0.0,0.0,0.0,1.255904,-0.3606805,-2.603801,-0.3612561,0.134755,1.175816,0.08941553,0.06692281,-0.9937437,0.4366614,0.8941063,0.09950297,0.8951714,-0.4428265,0.05072436,moving,78.7109,-63.55626,-17.07898,6.53789,74.3314969084955,-53.81673080334773,118.69663421781132,109.53791827926293,97.65439649059535
2079,2079,05/15/2023 13:23:58.364028,2308,True,True,True,True,Eyes,0.1362106,0.0647192,-2.81257,0.9105352,-0.3668824,0.1905861,0.0,0.0,0.0,0.0,0.0,0.0,0.0,-3.021075,0.1984834,0.08622003,0.1389052,0.07349248,-3.024736,0.1900706,0.6590449,-0.1254278,0.7167992,25.96423,86.23312,4.511312,0.04872217,0.02334622,-0.9985388,0.0,0.0,0.0,1.253022,-0.3606969,-2.603769,-0.3665184,0.1332989,1.169621,0.09985565,0.07071702,-0.9924858,0.4303432,0.896282,0.1071598,0.8971252,-0.4378101,0.05906618,moving,78.17797,-62.54926,-17.39917,6.501811,73.84282816924177,-52.86182957705329,117.91115340300357,108.85377371720966,97.44327368957771
2080,2080,05/15/2023 13:23:58.383857,2309,True,True,True,True,Eyes,0.1367207,0.0649901,-2.821967,0.9083586,-0.3678466,0.1989309,0.0,0.0,0.0,0.0,0.0,0.0,0.0,-3.030537,0.1912847,0.1083488,0.1404333,0.07428664,-3.034344,0.1848973,0.6575258,-0.1229504,0.7199695,25.33607,85.7522,4.194579,0.04868593,0.02330937,-0.9985415,0.0,0.0,0.0,1.250225,-0.3607127,-2.603739,-0.3723659,0.1349242,1.163295,0.1050861,0.06610837,-0.9922634,0.4201905,0.9013924,0.1045547,0.9013305,-0.4279269,0.06694568,moving,77.64722,-61.59555,-17.74966,6.615863,73.35481752287814,-51.958277286325874,117.27472693292009,108.30953667613389,97.31467763941005
2081,2081,05/15/2023 13:23:58.404297,2310,True,True,True,True,Eyes,0.1372689,0.06531106,-2.831318,0.9060251,-0.3690464,0.2071794,0.0,0.0,0.0,0.0,0.0,0.0,0.0,-3.03895,0.1906749,0.1305227,0.1405522,0.07504378,-3.043554,0.187813,0.6542036,-0.1271949,0.7215023,25.94051,85.31247,3.965805,0.04865526,0.02327813,-0.9985437,0.0,0.0,0.0,1.247299,-0.3607293,-2.603707,-0.3763126,0.1341756,1.156925,0.1116783,0.06219307,-0.9917964,0.4292787,0.8970954,0.1045923,0.8962409,-0.4374377,0.07348796,moving,77.11971,-60.69053,-18.01813,6.615385,72.86861699074015,-51.101602345244885,116.53881239249363,107.66453179561954,97.0759800672653
2082,2082,05/15/2023 13:23:58.422514,2311,True,True,True,True,Eyes,0.1378574,0.06570131,-2.840618,0.9036065,-0.3702726,0.2153912,0.0,0.0,0.0,0.0,0.0,0.0,0.0,-3.045901,0.1992506,0.1505504,0.142017,0.07663237,-3.051858,0.1910386,0.650895,-0.1293151,0.7232687,26.40322,84.89624,3.945686,0.04863099,0.02325374,-0.9985455,0.0,0.0,0.0,1.244344,-0.360746,-2.603674,-0.379489,0.1281492,1.151568,0.1192265,0.06163293,-0.9909523,0.4357513,0.8935638,0.1080032,0.8921356,-0.4446855,0.07967985,moving,76.59269,-59.81301,-18.23918,6.349883,72.3821411053211,-50.271445639787046,115.63136243176567,106.85597173676577,96.70339654621603
2083,2083,05/15/2023 13:23:58.433901,2312,True,True,True,True,Eyes,0.1384875,0.06613395,-2.84986,0.9010925,-0.3714778,0.2236885,0.0,0.0,0.0,0.0,0.0,0.0,0.0,-3.051612,0.2155052,0.1756883,0.1436841,0.07866134,-3.059871,0.1927649,0.6472681,-0.1283351,0.7262341,26.49498,84.37186,4.045459,0.04861397,0.02323795,-0.9985467,0.0,0.0,0.0,1.241573,-0.3607617,-2.603644,-0.3817772,0.1326793,1.146029,0.1291484,0.06313853,-0.9896132,0.4359438,0.8927435,0.1138505,0.8906592,-0.4461193,0.08777153,moving,76.05862,-58.94539,-18.42449,6.603906,71.88856751125472,-49.45106209593363,114.9946445769007,106.29490959245105,96.47079679507607
2084,2084,05/15/2023 13:23:58.454147,2313,True,True,True,True,Eyes,0.1391833,0.06659058,-2.859034,0.8985232,-0.372578,0.232038,0.0,0.0,0.0,0.0,0.0,0.0,0.0,-3.054647,0.2517549,0.2099891,0.145078,0.0801025,-3.067715,0.1950356,0.6422483,-0.1239918,0.7308245,26.38116,83.65816,4.435967,0.04860499,0.0232314,-0.9985473,0.0,0.0,0.0,1.238631,-0.3607784,-2.603612,-0.3804761,0.1395092,1.141208,0.1442862,0.06929011,-0.9871072,0.431755,0.8931743,0.1258065,0.8903759,-0.4443406,0.09895638,moving,75.52008,-58.08575,-18.43827,6.969655,71.39044722884701,-48.638518285399535,114.28200757090559,105.64784605054274,96.11677926918041
2085,2085,05/15/2023 13:23:58.463753,2314,True,True,True,True,Eyes,0.139947,0.06704909,-2.868151,0.8959225,-0.3734446,0.240545,0.0,0.0,0.0,0.0,0.0,0.0,0.0,-3.057208,0.2840709,0.2475219,0.1473179,0.08109076,-3.075745,0.1957511,0.6371055,-0.1191447,0.7359231,26.09948,82.86411,4.730865,0.04860561,0.02323401,-0.9985473,0.0,0.0,0.0,1.235651,-0.3607953,-2.60358,-0.3758207,0.138438,1.137996,0.1598025,0.07406548,-0.9843666,0.4247909,0.8949721,0.1363001,0.8910757,-0.439931,0.1115564,moving,74.97117,-57.21341,-18.2757,6.935991,70.88263018973572,-47.81404594576295,113.181820154368,104.62683397572702,95.4540067318664
2086,2086,05/15/2023 13:23:58.483917,2315,True,True,True,True,Eyes,0.1407863,0.06749308,-2.877201,0.893284,-0.3741557,0.2491011,0.0,0.0,0.0,0.0,0.0,0.0,0.0,-3.059427,0.3099187,0.286031,0.1496338,0.0815267,-3.083653,0.1950574,0.6321845,-0.1144225,0.7410823,25.70765,82.05181,4.904423,0.04861727,0.0232449,-0.9985464,0.0,0.0,0.0,1.232854,-0.3608111,-2.603549,-0.3709138,0.1408098,1.135474,0.1745004,0.07703158,-0.9816394,0.4162174,0.8977202,0.1444349,0.8923636,-0.4337793,0.1245906,moving,74.41834,-56.34557,-18.09014,7.069141,70.37089402020135,-46.99403838667533,112.15723089985738,103.67343876480156,94.82492436049922
2087,2087,05/15/2023 13:23:58.504383,2316,True,True,True,True,Eyes,0.1416891,0.06791866,-2.886168,0.8905164,-0.374848,0.2578167,0.0,0.0,0.0,0.0,0.0,0.0,0.0,-3.061504,0.3269419,0.3229332,0.1521863,0.08158873,-3.090981,0.194467,0.6274226,-0.1117917,0.7456716,25.48649,81.26751,4.912829,0.04864152,0.02326276,-0.9985449,0.0,0.0,0.0,1.230046,-0.360827,-2.603518,-0.368824,0.1490995,1.1316,0.187687,0.07730611,-0.979182,0.4107458,0.8993704,0.1497357,0.8922228,-0.4302984,0.137047,moving,73.85355,-55.48019,-18.05241,7.506049,69.84750781758538,-46.17677940608461,111.41800476981591,102.99631846826074,94.42703287633626
2088,2088,05/15/2023 13:23:58.522237,2317,True,True,True,True,Eyes,0.1426641,0.0683385,-2.895045,0.8875882,-0.3757027,0.2665232,0.0,0.0,0.0,0.0,0.0,0.0,0.0,-3.062861,0.3395821,0.3636079,0.1545697,0.08158658,-3.098079,0.1947938,0.621971,-0.1113789,0.7502014,25.51949,80.40539,4.779922,0.04867935,0.02328625,-0.9985425,0.0,0.0,0.0,1.22714,-0.3608435,-2.603487,-0.3672379,0.1462986,1.12835,0.2014936,0.075199,-0.9765989,0.4094255,0.8993002,0.1537203,0.8898152,-0.4308181,0.1504149,moving,73.28615,-54.64815,-18.02823,7.387591,69.3206847391984,-45.39177063907578,110.39361012397177,102.0563271979944,93.84576227448306
2089,2089,05/15/2023 13:23:58.534006,2318,True,True,True,True,Eyes,0.1437113,0.06876013,-2.903825,0.8844913,-0.3766003,0.2754038,0.0,0.0,0.0,0.0,0.0,0.0,0.0,-3.06401,0.3433962,0.4055216,0.1571972,0.08192563,-3.104691,0.194922,0.6164226,-0.1127842,0.7545254,25.67034,79.5124,4.461497,0.04873195,0.02331464,-0.9985393,0.0,0.0,0.0,1.224221,-0.36086,-2.603455,-0.364407,0.1374089,1.126561,0.214606,0.07011145,-0.9741811,0.4105057,0.8985703,0.1551016,0.8862446,-0.4331926,0.1640574,moving,72.70499,-53.82239,-17.92476,6.954132,68.7803642055866,-44.61325265112177,109.12166242996385,100.88098791775856,93.06837754505848
2090,2090,05/15/2023 13:23:58.553792,2319,True,True,True,True,Eyes,0.1448484,0.06917548,-2.912545,0.8812333,-0.3776545,0.2842619,0.0,0.0,0.0,0.0,0.0,0.0,0.0,-3.064509,0.3461928,0.4488266,0.1599489,0.0824482,-3.11129,0.1952944,0.6106116,-0.1147476,0.7588457,25.88262,78.58721,4.101347,0.04880035,0.02334754,-0.9985352,0.0,0.0,0.0,1.221314,-0.3608765,-2.603423,-0.3613102,0.1319233,1.124624,0.2279731,0.06434664,-0.971539,0.4126494,0.8973862,0.1562643,0.8819008,-0.436529,0.1780273,moving,72.12171,-53.03109,-17.81076,6.690471,68.23705080691822,-43.86805015309979,107.95607444038349,99.80175251893942,92.34015483512691
2091,2091,05/15/2023 13:23:58.564019,2320,True,True,True,True,Eyes,0.1460556,0.06957649,-2.921165,0.8778493,-0.3786851,0.2932204,0.0,0.0,0.0,0.0,0.0,0.0,0.0,-3.064809,0.3493044,0.4879467,0.1629839,0.08277006,-3.117651,0.1956452,0.6052734,-0.1164409,0.7627639,26.06684,77.74093,3.778982,0.04888603,0.02338427,-0.9985301,0.0,0.0,0.0,1.2182,-0.3608942,-2.603389,-0.3620326,0.1261959,1.12121,0.2401714,0.05920385,-0.9689233,0.4144714,0.896329,0.157505,0.877799,-0.4394192,0.1907343,moving,71.52958,-52.24896,-17.89499,6.421803,67.68491635275043,-43.13197291243754,106.95331762356447,98.89133975493309,91.78146062165987
2092,2092,05/15/2023 13:23:58.589358,2321,True,True,True,True,Eyes,0.1473439,0.06998255,-2.929664,0.8743849,-0.379846,0.3019407,0.0,0.0,0.0,0.0,0.0,0.0,0.0,-3.064237,0.3573509,0.5257447,0.1658309,0.082857,-3.123986,0.1958858,0.6000971,-0.1168441,0.7667201,26.1431,76.92881,3.571914,0.04898969,0.023424,-0.998524,0.0,0.0,0.0,1.215606,-0.3609089,-2.603361,-0.3659255,0.1230136,1.117373,0.2524618,0.05592762,-0.9659892,0.4142743,0.8959525,0.1601435,0.8744368,-0.4406147,0.2030244,moving,70.9493,-51.51871,-18.13297,6.282497,67.14284358603297,-42.445580937025866,106.1914796912151,98.216037194527,91.42047181109412
2093,2093,05/15/2023 13:23:58.603926,2322,True,True,True,True,Eyes,0.1487277,0.07038097,-2.938057,0.8708252,-0.3809693,0.3106861,0.0,0.0,0.0,0.0,0.0,0.0,0.0,-3.063709,0.3697249,0.5572269,0.1691446,0.0834465,-3.130165,0.1976413,0.595264,-0.1175033,0.7699298,26.37413,76.23342,3.478521,0.04911232,0.02346667,-0.9985169,0.0,0.0,0.0,1.212788,-0.3609248,-2.60333,-0.368793,0.1232373,1.113542,0.2637075,0.05435897,-0.9630699,0.416236,0.8942618,0.1644489,0.8701758,-0.4442307,0.2131974,moving,70.36502,-50.80225,-18.3243,6.315305,66.59652087921363,-41.772619783370025,105.49033401805318,97.59095413392852,91.07565156165624
2094,2094,05/15/2023 13:23:58.621955,2323,True,True,True,True,Eyes,0.1501894,0.07076301,-2.946347,0.8672559,-0.3821555,0.3190993,0.0,0.0,0.0,0.0,0.0,0.0,0.0,-3.062624,0.3830917,0.5880349,0.1727817,0.08366631,-3.136137,0.1982618,0.5907397,-0.1166408,0.7733783,26.38952,75.55621,3.44492,0.04925528,0.02351175,-0.9985088,0.0,0.0,0.0,1.209879,-0.3609413,-2.603298,-0.3688098,0.1229499,1.110402,0.2748433,0.05382729,-0.9599811,0.414657,0.8941745,0.168854,0.8674794,-0.4444713,0.223438,moving,69.79935,-50.13817,-18.37344,6.318374,66.0667931103283,-41.14961435209543,104.69853034693485,96.8677597858093,90.60925362438361
2095,2095,05/15/2023 13:23:58.634388,2324,True,True,True,True,Eyes,0.1517372,0.07113939,-2.954529,0.8635621,-0.383399,0.3275144,0.0,0.0,0.0,0.0,0.0,0.0,0.0,-3.061802,0.3981226,0.614208,0.1760749,0.08369258,-3.142034,0.1998892,0.5865543,-0.1163905,0.7761776,26.54097,74.96995,3.448506,0.04941915,0.02355848,-0.9984995,0.0,0.0,0.0,1.206986,-0.3609577,-2.603267,-0.3676933,0.1235461,1.108145,0.2848145,0.05381241,-0.957071,0.4151711,0.8929952,0.1737603,0.8640102,-0.4468376,0.2319966,moving,69.23028,-49.49475,-18.35635,6.361583,65.53320914576526,-40.54664950431942,103.88141167198195,96.113684823495,90.09564997570332
2096,2096,05/15/2023 13:23:58.654075,2325,True,True,True,True,Eyes,0.1533944,0.07150843,-2.962585,0.8599226,-0.3844694,0.3357324,0.0,0.0,0.0,0.0,0.0,0.0,0.0,-3.059114,0.4196398,0.6426346,0.1796589,0.08394119,-3.147687,0.2019637,0.5818593,-0.1151801,0.7793487,26.66912,74.33404,3.560653,0.04960474,0.02360658,-0.998489,0.0,0.0,0.0,1.204112,-0.360974,-2.603235,-0.3666569,0.1234767,1.106015,0.2963469,0.05549796,-0.9534666,0.4145597,0.8918884,0.180763,0.8604179,-0.4488374,0.2413011,moving,68.67325,-48.87138,-18.34096,6.370186,65.0107388603895,-39.962652527547824,103.06844015534753,95.36371232776582,89.58164569885298
2097,2097,05/15/2023 13:23:58.663620,2326,True,True,True,True,Eyes,0.1551731,0.07185179,-2.970549,0.8562304,-0.3854217,0.3439762,0.0,0.0,0.0,0.0,0.0,0.0,0.0,-3.056387,0.4375433,0.6713338,0.183982,0.08412275,-3.153206,0.2022775,0.5775318,-0.112715,0.7828385,26.5446,73.69995,3.663961,0.04981356,0.02365571,-0.9984773,0.0,0.0,0.0,1.201173,-0.3609906,-2.603204,-0.3667173,0.1274578,1.103532,0.3075047,0.05716819,-0.9498276,0.4101186,0.8927584,0.1865083,0.8586288,-0.4468941,0.2510816,moving,68.11303,-48.25214,-18.38228,6.588461,64.48506652034591,-39.38274044332774,102.41547817609064,94.76470060875043,89.19334729061318
2098,2098,05/15/2023 13:23:58.683805,2327,True,True,True,True,Eyes,0.1570802,0.07215612,-2.978451,0.8525612,-0.3863222,0.3519866,0.0,0.0,0.0,0.0,0.0,0.0,0.0,-3.053809,0.4544988,0.6999168,0.1886341,0.0838203,-3.15905,0.2022757,0.5732501,-0.1101868,0.7863384,26.38773,73.0649,3.752074,0.05004728,0.02370494,-0.9984643,0.0,0.0,0.0,1.198293,-0.361007,-2.603172,-0.3648063,0.1284223,1.102322,0.3184865,0.05862095,-0.9461131,0.4051974,0.8938868,0.1917851,0.8569607,-0.4444435,0.2609378,moving,67.56634,-47.66267,-18.31163,6.645097,63.97168582840106,-38.83112793016812,101.60885437720076,94.01399415839985,88.65745765015977
2099,2099,05/15/2023 13:23:58.703914,2328,True,True,True,True,Eyes,0.1591083,0.07242147,-2.986259,0.848803,-0.3872214,0.3599904,0.0,0.0,0.0,0.0,0.0,0.0,0.0,-3.051794,0.4688902,0.7251914,0.1932988,0.08318572,-3.164636,0.2027798,0.5692461,-0.1087862,0.7893065,26.35701,72.48441,3.78382,0.05030758,0.02375299,-0.9984499,0.0,0.0,0.0,1.195301,-0.3610239,-2.603139,-0.3639123,0.1246612,1.101062,0.3282488,0.05913193,-0.9427387,0.4025945,0.8940918,0.1962586,0.8545,-0.443963,0.2696784,moving,67.01746,-47.08714,-18.28926,6.459471,63.45580404413871,-38.29303421168596,100.71978964803154,93.1935739109855,88.07342053477397
2100,2100,05/15/2023 13:23:58.713778,2329,True,True,True,True,Eyes,0.1612649,0.07265438,-2.993985,0.8450586,-0.3881749,0.3676903,0.0,0.0,0.0,0.0,0.0,0.0,0.0,-3.049764,0.482125,0.7506795,0.1981957,0.08252488,-3.17032,0.2036465,0.5650827,-0.1081308,0.7921602,26.41354,71.88818,3.766975,0.05059573,0.0237987,-0.9984339,0.0,0.0,0.0,1.192429,-0.3610402,-2.603108,-0.3622415,0.1234645,1.10041,0.3379786,0.05884025,-0.9393128,0.401468,0.8936717,0.2004354,0.8512309,-0.4448469,0.2784194,moving,66.48584,-46.55238,-18.22091,6.401732,62.95552635424448,-37.79373654358204,99.89680411940637,92.42755681592722,87.5123175385026
2101,2101,05/15/2023 13:23:58.734271,2330,True,True,True,True,Eyes,0.1635633,0.07287513,-3.00162,0.8412283,-0.3891353,0.3753779,0.0,0.0,0.0,0.0,0.0,0.0,0.0,-3.047899,0.4941429,0.7755232,0.2033737,0.08202416,-3.176037,0.2049905,0.5608417,-0.1082943,0.7948005,26.57219,71.29163,3.704738,0.05091308,0.02384128,-0.9984164,0.0,0.0,0.0,1.189523,-0.3610567,-2.603076,-0.3615809,0.1149685,1.099349,0.3474578,0.05778966,-0.9359131,0.4020792,0.8925025,0.2043811,0.8471159,-0.447325,0.286871,moving,65.95233,-46.03092,-18.20627,5.97022,62.45305556662093,-37.30733075386861,98.92819878709811,91.53618519534132,86.8571606121584
2102,2102,05/15/2023 13:23:58.753746,2331,True,True,True,True,Eyes,0.1660119,0.0730727,-3.009179,0.8374789,-0.3899496,0.3828424,0.0,0.0,0.0,0.0,0.0,0.0,0.0,-3.046425,0.5033057,0.7994134,0.209049,0.08197363,-3.181612,0.2057748,0.5568625,-0.1082782,0.7973938,26.66409,70.71653,3.624598,0.05126127,0.02388071,-0.9983973,0.0,0.0,0.0,1.186601,-0.3610732,-2.603045,-0.3612252,0.1048361,1.098745,0.3563599,0.05649585,-0.9326392,0.4018572,0.8918651,0.2075749,0.8435156,-0.4487592,0.2951218,moving,65.43312,-45.52693,-18.19888,5.450346,61.96395756450303,-36.837332634639615,97.94383131356551,90.63293160159532,86.18614325521432
2103,2103,05/15/2023 13:23:58.763773,2332,True,True,True,True,Eyes,0.1686071,0.07323476,-3.016647,0.8336862,-0.3906717,0.3903113,0.0,0.0,0.0,0.0,0.0,0.0,0.0,-3.045087,0.5098577,0.8233535,0.2149308,0.08161946,-3.187093,0.2053355,0.5532024,-0.1074251,0.8001651,26.58086,70.15409,3.543177,0.05164199,0.02391656,-0.9983764,0.0,0.0,0.0,1.183646,-0.3610899,-2.603012,-0.3600264,0.1008625,1.097775,0.3648539,0.05526859,-0.9294229,0.3990998,0.8925943,0.209749,0.84119,-0.4474603,0.3036089,moving,64.91216,-45.02644,-18.15742,5.249539,61.47306929012282,-36.37076639350504,97.09906892336734,89.85134748924465,85.60248607703501
2104,2104,05/15/2023 13:23:58.783827,2333,True,True,True,True,Eyes,0.1713562,0.0733521,-3.024042,0.8298892,-0.3913521,0.3976523,0.0,0.0,0.0,0.0,0.0,0.0,0.0,-3.043588,0.5160173,0.8471696,0.2210101,0.08092837,-3.192492,0.2048908,0.5495131,-0.1067192,0.802911,26.50689,69.58772,3.44722,0.05205666,0.0239481,-0.9983535,0.0,0.0,0.0,1.180817,-0.361106,-2.602981,-0.3578285,0.09770294,1.097174,0.3732928,0.05380835,-0.9261519,0.3965524,0.8932615,0.211731,0.8386887,-0.4463054,0.3121102,moving,64.39798,-44.54251,-18.06304,5.088746,60.98829569083525,-35.91996560503098,96.24490319792491,89.05519693993006,84.99217425622906
2105,2105,05/15/2023 13:23:58.804130,2334,True,True,True,True,Eyes,0.1742554,0.07341752,-3.03135,0.8260163,-0.3919781,0.4050311,0.0,0.0,0.0,0.0,0.0,0.0,0.0,-3.040374,0.5258352,0.8736637,0.2272181,0.0799893,-3.197755,0.2049138,0.5452507,-0.1059029,0.8059137,26.47279,68.95663,3.379074,0.05250543,0.02397427,-0.9983297,0.0,0.0,0.0,1.177931,-0.3611223,-2.60295,-0.3560197,0.09461719,1.096237,0.3829726,0.05276153,-0.9222518,0.3941559,0.8935898,0.2147983,0.835448,-0.4457729,0.3214241,moving,63.87931,-44.06172,-17.992,4.933026,60.499088017110296,-35.47233526333215,95.4117211705177,88.28048548195767,84.4004079907277
2106,2106,05/15/2023 13:23:58.821925,2335,True,True,True,True,Eyes,0.17731,0.07343175,-3.038587,0.8220899,-0.3927361,0.4122216,0.0,0.0,0.0,0.0,0.0,0.0,0.0,-3.037372,0.5339876,0.899863,0.2336838,0.07881685,-3.203077,0.2048268,0.5410232,-0.1053872,0.8088471,26.44771,68.32545,3.274902,0.0529914,0.02399407,-0.9983038,0.0,0.0,0.0,1.175029,-0.3611388,-2.602918,-0.3536131,0.09255093,1.095746,0.3923751,0.05114788,-0.9183822,0.3921163,0.8938791,0.2173134,0.8320377,-0.445381,0.3306799,moving,63.36938,-43.61332,-17.88565,4.827964,60.01746155484044,-35.05568262024587,94.59882608082172,87.51914109298927,83.80550152260363
2107,2107,05/15/2023 13:23:58.833919,2336,True,True,True,True,Eyes,0.1805252,0.07339461,-3.045733,0.8181154,-0.3934302,0.4194044,0.0,0.0,0.0,0.0,0.0,0.0,0.0,-3.034537,0.5450982,0.9230778,0.2403125,0.077637,-3.208402,0.2055817,0.5369081,-0.1050573,0.8114363,26.51584,67.7422,3.220057,0.05351413,0.02400649,-0.9982759,0.0,0.0,0.0,1.172141,-0.3611552,-2.602887,-0.3515075,0.09007889,1.094969,0.4013853,0.05026242,-0.9145291,0.3912515,0.8933982,0.2208208,0.8281377,-0.4464451,0.3389317,moving,62.85819,-43.16973,-17.79769,4.702912,59.534483649856725,-34.64371045466185,93.79318115212088,86.76647843494223,83.21805983862352
2108,2108,05/15/2023 13:23:58.853930,2337,True,True,True,True,Eyes,0.1839018,0.0732976,-3.052803,0.8141136,-0.3940954,0.4265064,0.0,0.0,0.0,0.0,0.0,0.0,0.0,-3.031693,0.5568381,0.9446232,0.2473397,0.07635592,-3.213493,0.2057193,0.5331332,-0.1036721,0.8140643,26.45403,67.20296,3.237404,0.05407747,0.02401071,-0.9982457,0.0,0.0,0.0,1.169332,-0.3611711,-2.602856,-0.3498262,0.08715658,1.094357,0.4100421,0.05056009,-0.9106641,0.3881432,0.8938633,0.2243954,0.8253548,-0.4454796,0.346897,moving,62.35038,-42.73819,-17.72719,4.55353,59.05445059243681,-34.24325884438394,92.99959138438889,86.02680487325945,82.63990295606928
2109,2109,05/15/2023 13:23:58.864086,2338,True,True,True,True,Eyes,0.1874285,0.07311495,-3.059786,0.8100074,-0.39475,0.4336594,0.0,0.0,0.0,0.0,0.0,0.0,0.0,-3.027428,0.5700062,0.9686129,0.2543486,0.07481006,-3.218408,0.2058082,0.5289925,-0.1020624,0.8169413,26.37517,66.61302,3.262348,0.05468055,0.02400564,-0.9982132,0.0,0.0,0.0,1.166421,-0.3611875,-2.602824,-0.3488468,0.08605559,1.093532,0.4195004,0.05098404,-0.9063222,0.3844999,0.8944525,0.2282859,0.8223011,-0.4442469,0.3556198,moving,61.83643,-42.31086,-17.69316,4.499621,58.56835630011664,-33.84706181787364,92.28313397918093,85.35975018430854,82.12632209015861
2110,2110,05/15/2023 13:23:58.883815,2339,True,True,True,True,Eyes,0.1910968,0.07286178,-3.066634,0.8058615,-0.3955364,0.4406114,0.0,0.0,0.0,0.0,0.0,0.0,0.0,-3.021698,0.5859257,0.9950936,0.2614323,0.07257247,-3.22344,0.2065024,0.524245,-0.1008762,0.8199683,26.38614,65.952,3.269132,0.05532349,0.02398956,-0.9981784,0.0,0.0,0.0,1.163548,-0.3612038,-2.602793,-0.3484948,0.08572754,1.092522,0.4299823,0.05108511,-0.901391,0.3819461,0.8943616,0.2328831,0.8180663,-0.4444185,0.3650479,moving,61.332,-41.91429,-17.69175,4.486669,58.09064307802481,-33.4802453128085,91.63952236989333,84.76118028359684,81.66841636706421
2111,2111,05/15/2023 13:23:58.903675,2340,True,True,True,True,Eyes,0.1949352,0.07254586,-3.073402,0.8016436,-0.3963136,0.4475523,0.0,0.0,0.0,0.0,0.0,0.0,0.0,-3.016537,0.6008774,1.019922,0.2690741,0.07065795,-3.228528,0.2075695,0.5195622,-0.1002375,0.8227529,26.46917,65.30874,3.249952,0.05600809,0.02396137,-0.998141,0.0,0.0,0.0,1.160674,-0.3612201,-2.602762,-0.3484368,0.08313798,1.091719,0.440015,0.05074919,-0.8965554,0.3806321,0.8937346,0.2373977,0.8133304,-0.4457162,0.3739398,moving,60.82567,-41.52533,-17.70118,4.354856,57.61088223574948,-33.1208309565531,90.94755432839904,84.12094763533615,81.17215433853052
2112,2112,05/15/2023 13:23:58.922199,2341,True,True,True,True,Eyes,0.198934,0.07215972,-3.08006,0.7974259,-0.3970766,0.4543589,0.0,0.0,0.0,0.0,0.0,0.0,0.0,-3.012759,0.614544,1.040401,0.2769705,0.06883763,-3.233476,0.2083258,0.5155565,-0.09922763,0.8252006,26.49604,64.76134,3.269491,0.05673501,0.02392038,-0.9981011,0.0,0.0,0.0,1.157686,-0.361237,-2.602729,-0.3486182,0.08007604,1.090782,0.4487108,0.05104206,-0.8922183,0.3785729,0.8935085,0.2415062,0.8095316,-0.446136,0.3816037,moving,60.32629,-41.15109,-17.72408,4.198641,57.13745088467152,-32.77540138321719,90.26881166221953,83.49448255155887,80.68469946164603
2113,2113,05/15/2023 13:23:58.933935,2342,True,True,True,True,Eyes,0.203097,0.07171259,-3.086635,0.7931508,-0.3978149,0.4611455,0.0,0.0,0.0,0.0,0.0,0.0,0.0,-3.009756,0.6275983,1.058361,0.2851376,0.06677331,-3.238344,0.2086469,0.5119927,-0.09769341,0.827518,26.44603,64.27291,3.327247,0.05750547,0.02386568,-0.9980584,0.0,0.0,0.0,1.154851,-0.3612531,-2.602698,-0.3484076,0.07744715,1.090073,0.4566391,0.05196525,-0.888133,0.3753375,0.8938449,0.2452815,0.8065994,-0.4453548,0.3886601,moving,59.82587,-40.78325,-17.72484,4.063901,56.66283779701008,-32.436179513422935,89.58448288805882,82.86001741200724,80.18479797003594
2114,2114,05/15/2023 13:23:58.953700,2343,True,True,True,True,Eyes,0.2074324,0.07121333,-3.093098,0.7888339,-0.3985078,0.4679024,0.0,0.0,0.0,0.0,0.0,0.0,0.0,-3.005632,0.6421697,1.077595,0.2932273,0.06485586,-3.243028,0.2092986,0.5081321,-0.09625791,0.8298978,26.43718,63.75312,3.389095,0.05831836,0.02379693,-0.9980131,0.0,0.0,0.0,1.15193,-0.3612697,-2.602666,-0.3489147,0.07533052,1.089227,0.4650723,0.05293418,-0.8836887,0.3724711,0.8938571,0.2495693,0.8031022,-0.4452163,0.3959917,moving,59.32541,-40.4207,-17.76195,3.956256,56.18804171581412,-32.10206299777005,88.94816072070032,82.27273937164072,79.7280015191561
2115,2115,05/15/2023 13:23:58.963551,2344,True,True,True,True,Eyes,0.2119564,0.07067176,-3.099474,0.7844883,-0.3990719,0.4746786,0.0,0.0,0.0,0.0,0.0,0.0,0.0,-3.000523,0.657277,1.098328,0.3019733,0.06310077,-3.247508,0.2094995,0.5041075,-0.09408104,0.8325469,26.33957,63.20689,3.490792,0.05917547,0.02371396,-0.9979647,0.0,0.0,0.0,1.149048,-0.361286,-2.602635,-0.349712,0.07440861,1.088331,0.4740489,0.05456674,-0.8788061,0.3678743,0.8945175,0.2539825,0.7999665,-0.4436902,0.4039712,moving,58.82268,-40.05445,-17.81371,3.911197,55.71114809472953,-31.764447686719382,88.35221778971204,81.7230468207296,79.30628662153833
2116,2116,05/15/2023 13:23:58.993798,2345,True,True,True,True,Eyes,0.21668,0.07008756,-3.10575,0.7800785,-0.3995761,0.4814733,0.0,0.0,0.0,0.0,0.0,0.0,0.0,-2.995165,0.6704189,1.120253,0.3110037,0.06150788,-3.251912,0.2089945,0.5001155,-0.09144381,0.8353704,26.14477,62.65048,3.593471,0.06007903,0.02361685,-0.9979131,0.0,0.0,0.0,1.146046,-0.361303,-2.602602,-0.351235,0.07345034,1.08735,0.4830449,0.05626392,-0.873786,0.3618217,0.8959186,0.2577108,0.797341,-0.4406406,0.4124115,moving,58.31665,-39.68938,-17.90146,3.864452,55.23102633124215,-31.42807438578304,87.7846032847237,81.20297393372063,78.91290529290787
2117,2117,05/15/2023 13:23:59.004295,2346,True,True,True,True,Eyes,0.2215914,0.06945533,-3.111935,0.7756401,-0.3999833,0.4882579,0.0,0.0,0.0,0.0,0.0,0.0,0.0,-2.989974,0.682397,1.14148,0.320621,0.05988218,-3.256102,0.2084359,0.4961592,-0.08895221,0.8381337,25.95488,62.09804,3.681071,0.06102908,0.02350597,-0.9978582,0.0,0.0,0.0,1.143319,-0.3613185,-2.602572,-0.3527471,0.07277598,1.086639,0.4918272,0.05772706,-0.868777,0.3559424,0.8972839,0.2611254,0.7946137,-0.4376632,0.4207612,moving,57.80998,-39.3245,-17.98458,3.831576,54.7502795631444,-31.091904476256445,87.2196206212305,80.68462854996486,78.51968577543981
2118,2118,05/15/2023 13:23:59.022243,2347,True,True,True,True,Eyes,0.2266713,0.06882052,-3.117994,0.77106,-0.4006347,0.4949325,0.0,0.0,0.0,0.0,0.0,0.0,0.0,-2.986324,0.6896374,1.160886,0.3300301,0.05808142,-3.26023,0.2078765,0.4925115,-0.08760893,0.8405619,25.83386,61.57478,3.661642,0.06202682,0.02338126,-0.9977996,0.0,0.0,0.0,1.140451,-0.3613347,-2.602541,-0.3536625,0.07109058,1.086261,0.4995143,0.05748171,-0.8643965,0.3520446,0.8982241,0.2631695,0.7915491,-0.435763,0.4284396,moving,57.30417,-38.98925,-18.0341,3.744393,54.26955769359653,-30.78429634829949,86.61419728107136,80.12521016499208,78.0780228447828
2119,2119,05/15/2023 13:23:59.034113,2348,True,True,True,True,Eyes,0.2319631,0.06821366,-3.123943,0.7663876,-0.4013494,0.5015662,0.0,0.0,0.0,0.0,0.0,0.0,0.0,-2.981678,0.7103854,1.174855,0.3397945,0.05745307,-3.264441,0.2108385,0.4884303,-0.08708671,0.8422583,26.11871,61.09747,3.784299,0.06307292,0.02324417,-0.9977373,0.0,0.0,0.0,1.137469,-0.3613516,-2.602508,-0.3548516,0.07117519,1.08567,0.5077037,0.05926075,-0.8594913,0.3526587,0.8959261,0.2700893,0.7860464,-0.4402324,0.4339661,moving,56.79706,-38.66652,-18.1,3.750875,53.78723539610704,-30.48880900882626,86.07441545099,79.6249368848703,77.68861572315794
2120,2120,05/15/2023 13:23:59.053991,2349,True,True,True,True,Eyes,0.2374553,0.06761758,-3.129814,0.7615268,-0.4021142,0.508312,0.0,0.0,0.0,0.0,0.0,0.0,0.0,-2.975188,0.7290415,1.192272,0.3501831,0.05752382,-3.267847,0.212627,0.4841386,-0.08544157,0.8444521,26.2212,60.5698,3.936045,0.06416865,0.02309702,-0.9976709,0.0,0.0,0.0,1.13464,-0.3613676,-2.602478,-0.356107,0.07226792,1.085473,0.5166192,0.06157919,-0.8539981,0.3501845,0.894979,0.2763755,0.7813294,-0.4418378,0.4407992,moving,56.27726,-38.34673,-18.16291,3.808979,53.29254299015823,-30.19655627024921,85.54789717416543,79.13443113490409,77.3071330298097
2121,2121,05/15/2023 13:23:59.063867,2350,True,True,True,True,Eyes,0.2431583,0.06709421,-3.13559,0.756546,-0.4031251,0.514906,0.0,0.0,0.0,0.0,0.0,0.0,0.0,-2.971287,0.7392201,1.208766,0.3601992,0.05698849,-3.271562,0.2133912,0.4804144,-0.08467784,0.8464609,26.27088,60.07547,3.944148,0.06531505,0.02294127,-0.9976001,0.0,0.0,0.0,1.131635,-0.3613847,-2.602445,-0.3573287,0.07148613,1.085231,0.5240634,0.06167942,-0.8494429,0.3483853,0.8945878,0.2798937,0.7771649,-0.4426154,0.4473325,moving,55.76075,-38.05775,-18.22491,3.768733,52.80019669713183,-29.933927648891697,84.99019099746093,78.61574343700703,76.89112442329669
2122,2122,05/15/2023 13:23:59.084017,2351,True,True,True,True,Eyes,0.2490926,0.06665427,-3.141256,0.7514223,-0.4041125,0.5215913,0.0,0.0,0.0,0.0,0.0,0.0,0.0,-2.966054,0.7653311,1.218269,0.3709852,0.05825125,-3.275113,0.2175857,0.4764174,-0.0837599,0.8477426,26.66176,59.66404,4.190918,0.06651331,0.02278023,-0.9975247,0.0,0.0,0.0,1.12882,-0.3614006,-2.602414,-0.3579056,0.07295114,1.085552,0.5320216,0.06530959,-0.8442084,0.3493369,0.8912815,0.289104,0.7713085,-0.4487227,0.4513659,moving,55.23399,-37.7674,-18.24735,3.844605,52.29796090318814,-29.670298579003223,84.44564102613957,78.1017903273501,76.47851406241467
2123,2123,05/15/2023 13:23:59.104035,2352,True,True,True,True,Eyes,0.2551975,0.06627569,-3.146819,0.7462619,-0.4050921,0.5281985,0.0,0.0,0.0,0.0,0.0,0.0,0.0,-2.95998,0.7808884,1.234182,0.3823898,0.05998364,-3.277903,0.2181668,0.4726747,-0.08067919,0.8499841,26.56076,59.20286,4.430174,0.06776548,0.02261717,-0.9974442,0.0,0.0,0.0,1.125933,-0.361417,-2.602382,-0.3564075,0.07214786,1.086218,0.5401391,0.06909182,-0.8387349,0.3433959,0.8917882,0.2946067,0.7683288,-0.4471467,0.4579639,moving,54.70943,-37.48574,-18.16559,3.800071,51.79761878216305,-29.414985141898413,83.75730851649976,77.44734041660824,75.92654887237296
2124,2124,05/15/2023 13:23:59.122602,2353,True,True,True,True,Eyes,0.2614671,0.0659567,-3.152313,0.7407889,-0.4063639,0.5348834,0.0,0.0,0.0,0.0,0.0,0.0,0.0,-2.954915,0.7937909,1.249676,0.392595,0.06107369,-3.281075,0.2191464,0.4690071,-0.07905163,0.8519144,26.58593,58.74295,4.545553,0.06907049,0.02245443,-0.9973583,0.0,0.0,0.0,1.122967,-0.3614338,-2.60235,-0.3530493,0.06872658,1.088033,0.5475664,0.07087193,-0.8337556,0.3402529,0.8914515,0.2992364,0.76446,-0.4475394,0.4640144,moving,54.169,-37.22482,-17.97741,3.614336,51.281341411492924,-29.18018049624503,82.90320342833826,76.63063982051474,75.21128556406369
2125,2125,05/15/2023 13:23:59.133940,2354,True,True,True,True,Eyes,0.2678792,0.06571296,-3.157705,0.7351998,-0.4078142,0.5414507,0.0,0.0,0.0,0.0,0.0,0.0,0.0,-2.947233,0.8222716,1.261418,0.4025402,0.06220832,-3.284445,0.2235856,0.4645832,-0.0781216,0.8532696,27.00997,58.28588,4.792239,0.07042823,0.0222939,-0.9972669,0.0,0.0,0.0,1.120146,-0.3614498,-2.602319,-0.3504964,0.07079984,1.089798,0.556119,0.07443062,-0.827763,0.3410657,0.887813,0.3089696,0.7578956,-0.4541455,0.4683439,moving,53.62957,-36.98662,-17.82862,3.717056,50.76541295657789,-28.96726607205856,82.23783896716326,75.98293404810154,74.65536941889515
2126,2126,05/15/2023 13:23:59.153800,2355,True,True,True,True,Eyes,0.2744458,0.06555892,-3.163035,0.7293497,-0.4094668,0.5480747,0.0,0.0,0.0,0.0,0.0,0.0,0.0,-2.938077,0.8481818,1.276732,0.4123845,0.06379886,-3.287495,0.227174,0.4599216,-0.07675301,0.8549696,27.32611,57.77588,5.018881,0.07183695,0.02213788,-0.9971699,0.0,0.0,0.0,1.117155,-0.3614667,-2.602287,-0.3513521,0.08305321,1.090532,0.5651621,0.07772151,-0.8213106,0.3402075,0.8850019,0.317853,0.7515655,-0.4590546,0.4737281,moving,53.07673,-36.76342,-17.85811,4.355149,50.23608822413394,-28.76924501553668,81.99078144787596,75.72347925633215,74.47726512560901
2127,2127,05/15/2023 13:23:59.163975,2356,True,True,True,True,Eyes,0.2811424,0.06548449,-3.168266,0.7234747,-0.4110964,0.5546026,0.0,0.0,0.0,0.0,0.0,0.0,0.0,-2.930171,0.8698127,1.292054,0.4223177,0.06578991,-3.290775,0.2303168,0.455461,-0.07578371,0.8566017,27.62047,57.27345,5.178173,0.07329629,0.02198877,-0.9970671,0.0,0.0,0.0,1.114225,-0.3614833,-2.602255,-0.352676,0.07513431,1.090375,0.5736243,0.07996777,-0.8152058,0.3396336,0.8824219,0.3255465,0.7453886,-0.4636126,0.4790189,moving,52.52688,-36.54751,-17.92353,3.941841,49.70946043618539,-28.57816401844868,81.25667857825165,75.0451338978156,73.88948451577956
2128,2128,05/15/2023 13:23:59.183877,2357,True,True,True,True,Eyes,0.2879551,0.06547311,-3.173407,0.7174258,-0.4126502,0.5612665,0.0,0.0,0.0,0.0,0.0,0.0,0.0,-2.924117,0.883907,1.307014,0.4321262,0.0676197,-3.293741,0.2314467,0.4518283,-0.0739086,0.8583829,27.65379,56.83454,5.328948,0.07480388,0.02184854,-0.9969582,0.0,0.0,0.0,1.111542,-0.3614985,-2.602226,-0.3555345,0.06041708,1.090702,0.5807775,0.08226456,-0.8098951,0.336032,0.8819399,0.3305517,0.7414715,-0.4641277,0.4845673,moving,51.96272,-36.3238,-18.05433,3.170535,49.16918648390963,-28.3800058432225,80.38774650277693,74.25926067476246,73.19265354453596
2129,2129,05/15/2023 13:23:59.204214,2358,True,True,True,True,Eyes,0.2948716,0.06551747,-3.178455,0.7114043,-0.4140009,0.5678972,0.0,0.0,0.0,0.0,0.0,0.0,0.0,-2.918119,0.895135,1.323715,0.4417554,0.06906138,-3.296815,0.2311644,0.4484753,-0.07096891,0.860463,27.48215,56.40604,5.511728,0.076359,0.02171825,-0.9968431,0.0,0.0,0.0,1.108636,-0.361515,-2.602194,-0.3567767,0.07010596,1.091039,0.5876666,0.08521076,-0.8046037,0.3294752,0.8830529,0.3341611,0.7389817,-0.4614723,0.4908659,moving,51.40046,-36.0923,-18.10808,3.676553,48.63096506029044,-28.174271844710866,80.0812013013492,73.94981527257474,72.97263922872803
2130,2130,05/15/2023 13:23:59.222635,2359,True,True,True,True,Eyes,0.301896,0.06557924,-3.183415,0.7053024,-0.4151739,0.5746121,0.0,0.0,0.0,0.0,0.0,0.0,0.0,-2.908953,0.9076541,1.3457,0.4511394,0.07038307,-3.299738,0.230179,0.4445579,-0.06701153,0.8630732,27.18749,55.89422,5.741274,0.07795946,0.02159874,-0.9967218,0.0,0.0,0.0,1.105565,-0.3615324,-2.60216,-0.3577544,0.07690819,1.090293,0.5957556,0.08898411,-0.7982213,0.3203275,0.8850542,0.3377417,0.7365227,-0.4569037,0.4987718,moving,50.83018,-35.84921,-18.16605,4.034903,48.08529252526024,-27.957606621216726,79.69455579906113,73.57146905059733,72.68743435131401
2131,2131,05/15/2023 13:23:59.234174,2360,True,True,True,True,Eyes,0.3090006,0.06563891,-3.188313,0.6991734,-0.4162304,0.5812993,0.0,0.0,0.0,0.0,0.0,0.0,0.0,-2.898848,0.9171249,1.371681,0.4608398,0.07077323,-3.302811,0.2282808,0.4402997,-0.06295745,0.8660603,26.79824,55.30708,5.914291,0.07960316,0.02148955,-0.9965943,0.0,0.0,0.0,1.102809,-0.361548,-2.60213,-0.356911,0.07724424,1.090816,0.604345,0.09197403,-0.7913962,0.3100738,0.8878485,0.3399695,0.7339084,-0.4508501,0.508048,moving,50.25955,-35.60397,-18.11791,4.050542,47.53933965326762,-27.73887792747612,79.04402164623042,72.9482121189884,72.16077923451154
2132,2132,05/15/2023 13:23:59.253866,2361,True,True,True,True,Eyes,0.3161811,0.06568787,-3.193166,0.6927666,-0.417535,0.5879956,0.0,0.0,0.0,0.0,0.0,0.0,0.0,-2.889705,0.9278597,1.395057,0.4698656,0.07075712,-3.306316,0.2278465,0.4359732,-0.06068354,0.8685223,26.65982,54.73116,5.989962,0.08128814,0.02138959,-0.9964605,0.0,0.0,0.0,1.100008,-0.3615639,-2.6021,-0.3524323,0.076388,1.092572,0.6124898,0.09325995,-0.7849578,0.3040799,0.8888069,0.3428667,0.7296517,-0.4486923,0.5160267,moving,49.67659,-35.37852,-17.8782,3.999369,46.98090583588661,-27.539630406826227,78.19378360228146,72.12081595083714,71.43141530109543
2133,2133,05/15/2023 13:23:59.264301,2362,True,True,True,True,Eyes,0.3234178,0.06575023,-3.197961,0.6862627,-0.4190089,0.5945376,0.0,0.0,0.0,0.0,0.0,0.0,0.0,-2.882604,0.9434963,1.410896,0.4787781,0.0705491,-3.309986,0.2297128,0.4319222,-0.06013448,0.8700916,26.8521,54.24229,6.034443,0.08301188,0.02129762,-0.9963204,0.0,0.0,0.0,1.097047,-0.3615807,-2.602067,-0.3472902,0.0718201,1.093867,0.6196542,0.0937911,-0.7792509,0.3030811,0.8872318,0.3477955,0.7239963,-0.4516892,0.5213506,moving,49.09628,-35.17482,-17.61404,3.75648,46.424445367794085,-27.36128545647068,77.23932233126077,71.19861610456411,70.60205371829029
2134,2134,05/15/2023 13:23:59.283710,2363,True,True,True,True,Eyes,0.3307018,0.06584058,-3.202671,0.6794654,-0.4207679,0.6010667,0.0,0.0,0.0,0.0,0.0,0.0,0.0,-2.87445,0.9631776,1.425232,0.4873832,0.07097895,-3.31344,0.2328483,0.4276229,-0.0601605,0.871379,27.2098,53.75268,6.086565,0.08477143,0.02121331,-0.996174,0.0,0.0,0.0,1.094196,-0.3615968,-2.602036,-0.3420817,0.06490447,1.095116,0.6270387,0.09429734,-0.7732596,0.3039877,0.8843248,0.3543462,0.7172267,-0.4572502,0.5258406,moving,48.50348,-34.99337,-17.34726,3.391794,45.855281915986986,-27.20480024746185,76.2216555439102,70.21903505592987,69.70959999179108
2135,2135,05/15/2023 13:23:59.303941,2364,True,True,True,True,Eyes,0.3380226,0.06593231,-3.207326,0.6725643,-0.4225338,0.6075545,0.0,0.0,0.0,0.0,0.0,0.0,0.0,-2.865448,0.9757304,1.445302,0.4962568,0.07181635,-3.316672,0.2348425,0.4228959,-0.0605886,0.8731192,27.47337,53.15585,6.005546,0.08656438,0.0211368,-0.9960214,0.0,0.0,0.0,1.091275,-0.3616134,-2.602004,-0.3368046,0.06034103,1.095598,0.6349762,0.09282572,-0.7669346,0.30443,0.882356,0.3588457,0.7100195,-0.4613363,0.5320161,moving,47.90722,-34.81732,-17.08827,3.152431,45.282620289492144,-27.05363376725249,75.27360567517741,69.30031965458254,68.87767474623905
2136,2136,05/15/2023 13:23:59.322912,2365,True,True,True,True,Eyes,0.3453602,0.06604189,-3.211921,0.6652716,-0.4246102,0.6141008,0.0,0.0,0.0,0.0,0.0,0.0,0.0,-2.857075,0.9805132,1.469206,0.5044944,0.07198735,-3.320114,0.2357652,0.4181071,-0.06191491,0.8750817,27.67151,52.49443,5.753901,0.08838774,0.02106738,-0.9958628,0.0,0.0,0.0,1.08835,-0.36163,-2.601972,-0.3296763,0.0599905,1.09646,0.642706,0.08878903,-0.7609504,0.3055114,0.8811626,0.3608535,0.7025609,-0.4644018,0.5392025,moving,47.29043,-34.6613,-16.73464,3.131696,44.68952968509729,-26.922437151862063,74.34729406751073,68.38259677003703,68.0514157335574
2137,2137,05/15/2023 13:23:59.334688,2366,True,True,True,True,Eyes,0.3527285,0.06617542,-3.216466,0.6578316,-0.4267264,0.6206143,0.0,0.0,0.0,0.0,0.0,0.0,0.0,-2.848573,0.9904417,1.489786,0.5126104,0.07263269,-3.323667,0.2387817,0.4130098,-0.06473971,0.8764788,28.16747,51.82967,5.45152,0.09023904,0.0210049,-0.995698,0.0,0.0,0.0,1.08546,-0.3616463,-2.601941,-0.3216578,0.06045383,1.0973,0.6504634,0.08375237,-0.7549059,0.3107243,0.8775842,0.3650979,0.6930714,-0.4720504,0.5448124,moving,46.66749,-34.51191,-16.33775,3.153424,44.09030216936758,-26.79783039064732,73.40529717117938,67.44351064822382,67.20685868927669
2138,2138,05/15/2023 13:23:59.353723,2367,True,True,True,True,Eyes,0.3601193,0.06633475,-3.220966,0.6500472,-0.4288908,0.6272889,0.0,0.0,0.0,0.0,0.0,0.0,0.0,-2.837946,0.9963777,1.516413,0.520757,0.07340135,-3.327106,0.2402735,0.4075617,-0.06669161,0.8784727,28.45766,51.08004,5.134407,0.09211498,0.02094946,-0.9955274,0.0,0.0,0.0,1.082652,-0.3616622,-2.60191,-0.3131078,0.06181233,1.098284,0.6588915,0.07867898,-0.748112,0.313026,0.8756418,0.3677855,0.6840152,-0.4765093,0.5523244,moving,46.02073,-34.36124,-15.91223,3.221257,43.46804050451533,-26.67273552991649,72.44401711057034,66.48057847648526,66.34475159184018
2139,2139,05/15/2023 13:23:59.373927,2368,True,True,True,True,Eyes,0.3675256,0.06652848,-3.225415,0.6421561,-0.4310051,0.6339324,0.0,0.0,0.0,0.0,0.0,0.0,0.0,-2.830242,0.9961979,1.540747,0.5286232,0.07420692,-3.33041,0.2407462,0.4029641,-0.06860009,0.8803154,28.63003,50.41398,4.786767,0.09401393,0.02090115,-0.9953508,0.0,0.0,0.0,1.079586,-0.3616796,-2.601877,-0.3059173,0.06276903,1.098268,0.6658279,0.07324471,-0.7425016,0.3148035,0.8746706,0.3685784,0.6764407,-0.4791519,0.5593224,moving,45.36924,-34.21144,-15.56493,3.271054,42.84117423273316,-26.548628413482607,71.53957247600054,65.57809444384499,65.54253652378684
2140,2140,05/15/2023 13:23:59.383996,2369,True,True,True,True,Eyes,0.374943,0.06673743,-3.22978,0.6340066,-0.4329674,0.6407613,0.0,0.0,0.0,0.0,0.0,0.0,0.0,-2.817337,1.003278,1.569522,0.536436,0.07525656,-3.333755,0.2413613,0.3974972,-0.06904242,0.882595,28.74662,49.66528,4.579879,0.09593283,0.02086033,-0.9951686,0.0,0.0,0.0,1.076726,-0.3616958,-2.601846,-0.2992789,0.06267986,1.098404,0.6744582,0.07000792,-0.7349864,0.3137539,0.8739557,0.3711603,0.6683297,-0.4809369,0.5674815,moving,44.69641,-34.04721,-15.24124,3.266011,42.19403421890133,-26.411267547359877,70.6031043858366,64.64945155666813,64.71829013948654
2141,2141,05/15/2023 13:23:59.404058,2370,True,True,True,True,Eyes,0.3823778,0.06694473,-3.234113,0.625815,-0.4347318,0.6475831,0.0,0.0,0.0,0.0,0.0,0.0,0.0,-2.804098,1.003342,1.602312,0.5446956,0.0757325,-3.33686,0.2394809,0.3923236,-0.06787777,0.8855077,28.51471,48.91469,4.418499,0.09787017,0.02082675,-0.9949806,0.0,0.0,0.0,1.074014,-0.3617112,-2.601816,-0.2944146,0.06543814,1.097791,0.6829497,0.06769546,-0.7273219,0.3081206,0.876083,0.3708643,0.6623002,-0.4773845,0.5774622,moving,44.02066,-33.87403,-15.01278,3.411303,41.54431032079262,-26.265362762217936,69.82222493701047,63.87025094922277,64.04799499360277
2142,2142,05/15/2023 13:23:59.422437,2371,True,True,True,True,Eyes,0.3898123,0.06713512,-3.238401,0.6173752,-0.4365368,0.6544337,0.0,0.0,0.0,0.0,0.0,0.0,0.0,-2.790892,1.005665,1.633919,0.5525767,0.07588889,-3.340514,0.2381744,0.3871303,-0.06703836,0.8882054,28.3594,48.17665,4.256987,0.09982393,0.02079964,-0.9947871,0.0,0.0,0.0,1.071073,-0.3617279,-2.601784,-0.2900539,0.06445023,1.096609,0.691272,0.06532139,-0.7196361,0.3034967,0.8775576,0.3711905,0.6557689,-0.4750008,0.5868062,moving,43.33097,-33.70508,-14.8155,3.363537,40.88097054416962,-26.123976441048192,68.95719208141809,63.02071310302314,63.302415304948376
2143,2143,05/15/2023 13:23:59.433995,2372,True,True,True,True,Eyes,0.3972705,0.06732776,-3.242667,0.60887,-0.4383485,0.6611565,0.0,0.0,0.0,0.0,0.0,0.0,0.0,-2.778197,1.017247,1.658752,0.5605887,0.07578921,-3.344342,0.2391794,0.3819629,-0.06698353,0.8901747,28.48921,47.49873,4.140625,0.1017915,0.02077784,-0.9945881,0.0,0.0,0.0,1.068187,-0.3617442,-2.601753,-0.2869715,0.06648582,1.095175,0.6992351,0.06346121,-0.7120695,0.3019693,0.8766129,0.3746524,0.6479852,-0.4769932,0.5937952,moving,42.64249,-33.54448,-14.68324,3.474045,40.21857492263494,-25.99060874410674,68.239361905051,62.308708075672406,62.6968377082714
2144,2144,05/15/2023 13:23:59.453830,2373,True,True,True,True,Eyes,0.4047409,0.06752839,-3.24689,0.6002092,-0.4401935,0.6678163,0.0,0.0,0.0,0.0,0.0,0.0,0.0,-2.766236,1.030101,1.681093,0.5686603,0.07606216,-3.348146,0.2405531,0.3770321,-0.06692933,0.8919089,28.65745,46.86533,4.051793,0.1037719,0.02076089,-0.9943838,0.0,0.0,0.0,1.065336,-0.3617603,-2.601721,-0.282828,0.0683405,1.093842,0.7067347,0.06200275,-0.7047566,0.3007822,0.8753093,0.3786339,0.6403564,-0.4795719,0.5999621,moving,41.94806,-33.39101,-14.49711,3.575048,39.55022244994439,-25.864307059080133,67.47256227821991,61.54502231090179,62.04235839245853
2145,2145,05/15/2023 13:23:59.463851,2374,True,True,True,True,Eyes,0.4122366,0.06772745,-3.251099,0.5915624,-0.4419207,0.6743589,0.0,0.0,0.0,0.0,0.0,0.0,0.0,-2.756704,1.037019,1.70286,0.5770475,0.07648686,-3.351973,0.2408709,0.3726723,-0.0667287,0.8936688,28.70196,46.28196,3.939734,0.1057637,0.02074855,-0.9941742,0.0,0.0,0.0,1.062191,-0.3617782,-2.601687,-0.2792863,0.06495106,1.091803,0.7133253,0.06026511,-0.6982372,0.2987985,0.875057,0.3807817,0.6339453,-0.4802534,0.6061931,moving,41.25795,-33.23762,-14.34874,3.404499,38.88605160395971,-25.73794710133306,66.59391006365568,60.689580669882055,61.2850265110844
2146,2146,05/15/2023 13:23:59.484103,2375,True,True,True,True,Eyes,0.41974,0.06791662,-3.255273,0.582765,-0.4435925,0.6808896,0.0,0.0,0.0,0.0,0.0,0.0,0.0,-2.747775,1.041833,1.724747,0.5851886,0.07664929,-3.355907,0.2406704,0.3685449,-0.06636966,0.8954595,28.68158,45.71964,3.825583,0.1077654,0.0207403,-0.9939594,0.0,0.0,0.0,1.059628,-0.3617927,-2.601659,-0.276077,0.06149597,1.089901,0.7195395,0.05853298,-0.6919805,0.2962584,0.8753457,0.3821007,0.6280876,-0.4799415,0.6125048,moving,40.55981,-33.08382,-14.21431,3.229401,38.2141150911074,-25.61144334682928,65.71799023988211,59.83756395586216,60.53131326283848
2147,2147,05/15/2023 13:23:59.504133,2376,True,True,True,True,Eyes,0.4272652,0.06808905,-3.259441,0.573952,-0.4451758,0.6873119,0.0,0.0,0.0,0.0,0.0,0.0,0.0,-2.738271,1.046909,1.747162,0.5934827,0.07662359,-3.359856,0.240464,0.3642888,-0.06601021,0.8972811,28.66067,45.14089,3.707313,0.1097765,0.02073544,-0.9937394,0.0,0.0,0.0,1.05675,-0.361809,-2.601628,-0.273656,0.06024992,1.087212,0.7258726,0.05673729,-0.6854851,0.2936561,0.8756394,0.3834341,0.6219928,-0.4796212,0.6189414,moving,39.86417,-32.93136,-14.12811,3.171911,37.54456322272965,-25.486154110311112,64.95084661879197,59.08764552636899,59.88231435805632
2148,2148,05/15/2023 13:23:59.514290,2377,True,True,True,True,Eyes,0.4348157,0.0682503,-3.263598,0.5649885,-0.4467861,0.6936643,0.0,0.0,0.0,0.0,0.0,0.0,0.0,-2.728163,1.052057,1.770343,0.6015791,0.07640229,-3.363938,0.2405273,0.3598064,-0.06618656,0.8990581,28.69355,44.52715,3.534262,0.1117949,0.02073309,-0.9935144,0.0,0.0,0.0,1.053874,-0.3618253,-2.601596,-0.2711542,0.06041665,1.084391,0.7323174,0.05407538,-0.6788131,0.2920976,0.8755319,0.3848673,0.6151344,-0.4801247,0.625372,moving,39.16276,-32.7854,-14.03905,3.188926,36.869246008195454,-25.36731738081881,64.22292984931765,58.370486022326446,59.26998288522696
2149,2149,05/15/2023 13:23:59.533924,2378,True,True,True,True,Eyes,0.4423969,0.06838635,-3.267764,0.5560032,-0.4483205,0.6999065,0.0,0.0,0.0,0.0,0.0,0.0,0.0,-2.717293,1.059999,1.793037,0.6100523,0.07634091,-3.368125,0.2412701,0.3550512,-0.06663433,0.9007149,28.81273,43.8898,3.355797,0.1138211,0.02073267,-0.9932843,0.0,0.0,0.0,1.050911,-0.3618421,-2.601564,-0.2688246,0.06203687,1.081314,0.738997,0.05128941,-0.6717536,0.2913636,0.8746972,0.3873139,0.6074461,-0.4819483,0.6314548,moving,38.4635,-32.64132,-13.96122,3.283558,36.19595974677053,-25.25022716761928,63.55271926828375,57.705455341256055,58.713271861432325
2150,2150,05/15/2023 13:23:59.556275,2379,True,True,True,True,Eyes,0.4500435,0.06850319,-3.271991,0.5468049,-0.4498976,0.7061137,0.0,0.0,0.0,0.0,0.0,0.0,0.0,-2.707328,1.065177,1.816067,0.618425,0.07588322,-3.372554,0.2414789,0.3505022,-0.06712674,0.9024026,28.87357,43.2646,3.150515,0.115854,0.02073318,-0.9930493,0.0,0.0,0.0,1.047997,-0.3618586,-2.601532,-0.2671129,0.06170894,1.078034,0.7452846,0.04812705,-0.6650074,0.2904284,0.8743639,0.3887661,0.6001686,-0.4828784,0.6376724,moving,37.75372,-32.50309,-13.91635,3.276157,35.51232561210463,-25.139111248417016,62.848632838685596,57.01422140480534,58.12507066981668
2151,2151,05/15/2023 13:23:59.574070,2380,True,True,True,True,Eyes,0.4577157,0.06861232,-3.276224,0.5375836,-0.4514589,0.7121719,0.0,0.0,0.0,0.0,0.0,0.0,0.0,-2.69865,1.074883,1.834875,0.6267259,0.07558335,-3.377329,0.2426682,0.3462437,-0.06771564,0.9036825,29.04408,42.70403,2.993653,0.1178939,0.02073391,-0.9928092,0.0,0.0,0.0,1.045052,-0.3618753,-2.6015,-0.2659017,0.05826777,1.074527,0.7510597,0.0456578,-0.6586536,0.2904315,0.8730535,0.3916978,0.5929239,-0.4854822,0.6424549,moving,37.04736,-32.37136,-13.89915,3.103905,34.831826408553646,-25.03415966724791,62.08092547635163,56.27129592384768,57.474428391645695
2152,2152,05/15/2023 13:23:59.594769,2381,True,True,True,True,Eyes,0.4654449,0.06870282,-3.280475,0.5281722,-0.4528478,0.7183056,0.0,0.0,0.0,0.0,0.0,0.0,0.0,-2.686605,1.087818,1.855901,0.6350641,0.075525,-3.381797,0.2437421,0.3415501,-0.06730951,0.9052087,29.16026,42.10698,2.930298,0.1199402,0.02073457,-0.992564,0.0,0.0,0.0,1.042185,-0.3618915,-2.601469,-0.2646659,0.05522272,1.070807,0.757626,0.04464196,-0.6511604,0.2883586,0.8721184,0.3952959,0.5855358,-0.4872541,0.6478667,moving,36.32715,-32.22892,-13.88326,2.952192,34.13820589242383,-24.91930874645531,61.3090198414935,55.5237043101132,56.82263985773548
2153,2153,05/15/2023 13:23:59.603874,2382,True,True,True,True,Eyes,0.4732054,0.0687388,-3.284752,0.5187581,-0.4541372,0.7243269,0.0,0.0,0.0,0.0,0.0,0.0,0.0,-2.673427,1.091466,1.883637,0.6438345,0.07515088,-3.386211,0.2424275,0.3367622,-0.06599115,0.90745,28.97503,41.45742,2.851029,0.1219932,0.0207346,-0.9923138,0.0,0.0,0.0,1.039298,-0.3619079,-2.601437,-0.2622654,0.05329919,1.067107,0.7644728,0.0435135,-0.6431857,0.2830482,0.8737481,0.395535,0.5791934,-0.4844283,0.6556404,moving,35.60999,-32.08681,-13.80804,2.859398,33.44753022352876,-24.804680590627942,60.52585515843757,54.75755803009569,56.158288765418085
2154,2154,05/15/2023 13:23:59.624059,2383,True,True,True,True,Eyes,0.4810262,0.0687136,-3.289083,0.5091897,-0.455371,0.7303172,0.0,0.0,0.0,0.0,0.0,0.0,0.0,-2.657206,1.106864,1.909291,0.6523844,0.07386075,-3.391198,0.2422697,0.3316437,-0.06351802,0.9095511,28.87132,40.827,2.955301,0.1240522,0.02073237,-0.9920586,0.0,0.0,0.0,1.036342,-0.3619246,-2.601405,-0.2601653,0.05151734,1.063101,0.7719558,0.04514865,-0.6340708,0.2762402,0.8745417,0.3985827,0.5725167,-0.4828441,0.6626357,moving,34.88487,-31.94457,-13.75133,2.774354,32.74914904555276,-24.69017660336339,59.756871020475764,54.00550891093404,55.50852865250385
2155,2155,05/15/2023 13:23:59.633794,2384,True,True,True,True,Eyes,0.4888842,0.06864092,-3.293449,0.4996493,-0.4565464,0.7361494,0.0,0.0,0.0,0.0,0.0,0.0,0.0,-2.641316,1.125244,1.932805,0.6612539,0.07238169,-3.396463,0.2422886,0.3267373,-0.06042223,0.9115307,28.76324,40.24833,3.150381,0.126117,0.02072625,-0.9917983,0.0,0.0,0.0,1.033545,-0.3619405,-2.601374,-0.2588468,0.05167964,1.058893,0.7791837,0.04817602,-0.6249413,0.2684829,0.8752908,0.4022226,0.5663829,-0.4811914,0.6690779,moving,34.16605,-31.80643,-13.73659,2.794122,32.05675745049872,-24.579430986871685,59.091971685452364,53.35112064284282,54.95928782750962
2156,2156,05/15/2023 13:23:59.654056,2385,True,True,True,True,Eyes,0.4968019,0.06852411,-3.297864,0.4899142,-0.4577096,0.7419474,0.0,0.0,0.0,0.0,0.0,0.0,0.0,-2.627792,1.143484,1.952849,0.6700704,0.07111348,-3.401825,0.2427683,0.3222712,-0.05786368,0.9131575,28.72897,39.72855,3.32088,0.128188,0.02071517,-0.991533,0.0,0.0,0.0,1.030655,-0.3619569,-2.601343,-0.2584325,0.04961039,1.054125,0.7855862,0.05079712,-0.6166636,0.2621517,0.8754308,0.4060758,0.5604737,-0.4806669,0.6744097,moving,33.43712,-31.67056,-13.77511,2.694528,31.354512680672965,-24.471192615739053,58.39481085525189,52.67503412312423,54.378832592548186
2157,2157,05/15/2023 13:23:59.663680,2386,True,True,True,True,Eyes,0.5047523,0.06835879,-3.302316,0.4802078,-0.4587799,0.7476106,0.0,0.0,0.0,0.0,0.0,0.0,0.0,-2.61492,1.156042,1.974735,0.6789029,0.06992397,-3.407054,0.2428021,0.317753,-0.05621279,0.9148335,28.68347,39.16759,3.362243,0.130265,0.02069828,-0.9912626,0.0,0.0,0.0,1.027671,-0.3619738,-2.60131,-0.2571488,0.04753476,1.049396,0.7917463,0.05145146,-0.6086793,0.2571528,0.8757746,0.4085233,0.554085,-0.4799705,0.6801604,moving,32.71358,-31.53584,-13.76871,2.593569,30.657456626728717,-24.363894818382136,57.66645335317043,51.96526856146561,53.766278018800946
2158,2158,05/15/2023 13:23:59.693710,2387,True,True,True,True,Eyes,0.5127179,0.06815007,-3.3068,0.4699185,-0.459987,0.7533848,0.0,0.0,0.0,0.0,0.0,0.0,0.0,-2.603291,1.164643,1.997208,0.6876686,0.06859329,-3.412443,0.2426098,0.3133134,-0.05536835,0.9164658,28.64507,38.59129,3.301363,0.1323472,0.02067469,-0.9909873,0.0,0.0,0.0,1.024867,-0.3619897,-2.60128,-0.2547455,0.04782602,1.044786,0.7975381,0.05053939,-0.6011478,0.2535122,0.8761497,0.4099918,0.5474162,-0.4793824,0.6859504,moving,31.95357,-31.40659,-13.7028,2.620936,29.924931158154894,-24.26301837786911,56.94187077412873,51.24574059372727,53.16053554430082
2159,2159,05/15/2023 13:23:59.703832,2388,True,True,True,True,Eyes,0.520714,0.0678988,-3.311329,0.4596514,-0.4611067,0.7590133,0.0,0.0,0.0,0.0,0.0,0.0,0.0,-2.589294,1.180276,2.018455,0.6962684,0.06736231,-3.417943,0.2434776,0.308518,-0.05429889,0.9179254,28.71761,38.00146,3.304335,0.1344339,0.02064379,-0.990707,0.0,0.0,0.0,1.021892,-0.3620065,-2.601247,-0.2530984,0.0487746,1.039701,0.8037365,0.05054981,-0.5928341,0.2499191,0.8755406,0.4134842,0.5399519,-0.4804929,0.6910705,moving,31.19871,-31.27902,-13.68162,2.685899,29.197347518944746,-24.163601411608944,56.28374315542154,50.59151636236759,52.619272175215634
2160,2160,05/15/2023 13:23:59.714054,2389,True,True,True,True,Eyes,0.5287367,0.06760397,-3.315913,0.4490138,-0.4622194,0.7646829,0.0,0.0,0.0,0.0,0.0,0.0,0.0,-2.574914,1.191588,2.042698,0.7050321,0.06608479,-3.42363,0.2433767,0.3036763,-0.05297883,0.9196422,28.67337,37.38904,3.291329,0.1365243,0.02060501,-0.990422,0.0,0.0,0.0,1.019062,-0.3620226,-2.601217,-0.2531207,0.04865277,1.034241,0.8099478,0.05037234,-0.5843348,0.2452586,0.8759221,0.415462,0.5327595,-0.4798157,0.6970969,moving,30.42101,-31.15124,-13.75228,2.693323,28.44764965711585,-24.06469801444088,55.64830630023765,49.9682474344937,52.10193564278125
2161,2161,05/15/2023 13:23:59.733871,2390,True,True,True,True,Eyes,0.5367821,0.06727533,-3.320539,0.4384452,-0.4632748,0.7701573,0.0,0.0,0.0,0.0,0.0,0.0,0.0,-2.562683,1.204147,2.063316,0.7136042,0.06475033,-3.429455,0.2435664,0.2993655,-0.05161216,0.921082,28.65869,36.85709,3.315743,0.1386179,0.02055786,-0.9901321,0.0,0.0,0.0,1.016121,-0.3620392,-2.601184,-0.2543707,0.04735705,1.028223,0.815433,0.0507527,-0.5766222,0.2409088,0.8760232,0.4177875,0.5263383,-0.479591,0.7021114,moving,29.65256,-31.02829,-13.89534,2.637019,27.706778470312592,-23.970164831970237,55.04337039531174,49.38297776244546,51.61123086920113
2162,2162,05/15/2023 13:23:59.753974,2391,True,True,True,True,Eyes,0.5448114,0.06695031,-3.325166,0.4276446,-0.4642793,0.7756062,0.0,0.0,0.0,0.0,0.0,0.0,0.0,-2.548331,1.220093,2.084125,0.7222254,0.06359673,-3.435191,0.2437989,0.2949094,-0.04931686,0.9225826,28.61601,36.33332,3.448214,0.140714,0.02050216,-0.9898375,0.0,0.0,0.0,1.013308,-0.3620552,-2.601154,-0.2549256,0.04680353,1.022543,0.8211926,0.05279943,-0.5682032,0.2347949,0.8762599,0.4207613,0.5201096,-0.4789373,0.7071811,moving,28.87094,-30.90482,-13.99879,2.620697,26.953166659226607,-23.875542892293453,54.42218334824678,48.77615690733678,51.10575737852137
2163,2163,05/15/2023 13:23:59.769385,2392,True,True,True,True,Eyes,0.5528746,0.06669177,-3.329817,0.4168039,-0.4654387,0.7807954,0.0,0.0,0.0,0.0,0.0,0.0,0.0,-2.531978,1.237421,2.105478,0.7307832,0.06336014,-3.440509,0.2442906,0.2902006,-0.04683598,0.9240738,28.59848,35.78873,3.606337,0.142811,0.02043892,-0.9895384,0.0,0.0,0.0,1.010288,-0.3620723,-2.601121,-0.2554735,0.04441708,1.016395,0.8271801,0.05522674,-0.5592166,0.2283463,0.8762571,0.4243013,0.5134503,-0.4786686,0.7122115,moving,28.09418,-30.79952,-14.10916,2.502268,26.20376614933561,-23.79830003203269,53.75993853374968,48.133687720030004,50.55478430232494
2164,2164,05/15/2023 13:23:59.783829,2393,True,True,True,True,Eyes,0.5609556,0.06649339,-3.334494,0.4055264,-0.4666706,0.7859815,0.0,0.0,0.0,0.0,0.0,0.0,0.0,-2.508597,1.270037,2.125738,0.7397146,0.06471525,-3.445787,0.2471974,0.2842924,-0.04378866,0.9252859,28.83925,35.16106,3.895988,0.1449091,0.02037087,-0.9892347,0.0,0.0,0.0,1.007416,-0.3620886,-2.601089,-0.2561144,0.04019319,1.010339,0.8345208,0.05951859,-0.5477524,0.2215867,0.8739521,0.4325589,0.5044546,-0.4823541,0.7161425,moving,27.29143,-30.6994,-14.22448,2.278133,25.42905374181195,-23.72687010047349,53.01969884763765,47.420068794431906,49.927024100043774
2165,2165,05/15/2023 13:23:59.803734,2394,True,True,True,True,Eyes,0.5690694,0.06635748,-3.339223,0.3942152,-0.4680014,0.7909293,0.0,0.0,0.0,0.0,0.0,0.0,0.0,-2.479188,1.302336,2.153071,0.7488576,0.06596722,-3.451525,0.2494326,0.2773284,-0.04014867,0.9269632,28.9927,34.39614,4.190588,0.1470074,0.0203003,-0.9889266,0.0,0.0,0.0,1.004563,-0.3621047,-2.601058,-0.2570659,0.03585033,1.003775,0.8429542,0.06391679,-0.5341752,0.2127821,0.872343,0.4401608,0.4941176,-0.4846982,0.7217448,moving,26.49259,-30.61326,-14.36467,2.045479,24.657746843403064,-23.66880628143921,52.30591675688058,46.73300208456063,49.32120932065859
2166,2166,05/15/2023 13:23:59.814266,2395,True,True,True,True,Eyes,0.5772514,0.06637193,-3.343946,0.3827199,-0.4693688,0.7957503,0.0,0.0,0.0,0.0,0.0,0.0,0.0,-2.457826,1.327334,2.175063,0.7578208,0.06735829,-3.457571,0.2518125,0.2714961,-0.03854099,0.9281137,29.23211,33.72873,4.284283,0.1491061,0.02022927,-0.9886138,0.0,0.0,0.0,1.001603,-0.3621215,-2.601026,-0.2585067,0.03246967,0.997121,0.849609,0.06519137,-0.5233686,0.208273,0.8702102,0.4464938,0.4845482,-0.4883487,0.7257607,moving,25.68545,-30.53399,-14.53413,1.865088,23.87821426964518,-23.61763129966837,51.64605377593224,46.096390045159,48.767483510822174
2167,2167,05/15/2023 13:23:59.833984,2396,True,True,True,True,Eyes,0.5855063,0.06643064,-3.348641,0.371498,-0.4700983,0.8006228,0.0,0.0,0.0,0.0,0.0,0.0,0.0,-2.437246,1.359349,2.189885,0.7681463,0.07098243,-3.462442,0.2548459,0.266354,-0.03488135,0.9289201,29.47504,33.22927,4.674987,0.1512062,0.02016229,-0.9882961,0.0,0.0,0.0,0.9987212,-0.3621378,-2.600995,-0.2605521,0.03564358,0.9905776,0.8556777,0.07095446,-0.5126218,0.2005624,0.8676738,0.4548813,0.4770644,-0.4920445,0.7282183,moving,24.89183,-30.42,-14.73673,2.060763,23.11272225606318,-23.532532497313067,51.23887911279646,45.69023758415786,48.46901488869069
2168,2168,05/15/2023 13:23:59.854139,2397,True,True,True,True,Eyes,0.5937371,0.0664843,-3.353404,0.3602355,-0.4705868,0.8054678,0.0,0.0,0.0,0.0,0.0,0.0,0.0,-2.425409,1.332388,2.229356,0.7781549,0.07196505,-3.466582,0.2468089,0.2629234,-0.03016405,0.9322269,28.42613,32.71661,4.797073,0.1533091,0.02010026,-0.9879734,0.0,0.0,0.0,0.9959682,-0.3621534,-2.600965,-0.2617345,0.0348514,0.9839612,0.8599229,0.07354417,-0.5050979,0.1860231,0.8763509,0.4443021,0.4753188,-0.4760255,0.7399133,moving,24.09599,-30.2952,-14.89579,2.028539,22.34537501098481,-23.43707318992954,50.64763578399806,45.115427245935365,47.98713590218332
2169,2169,05/15/2023 13:23:59.863593,2398,True,True,True,True,Eyes,0.6019848,0.06659529,-3.358211,0.3490289,-0.4715437,0.8098304,0.0,0.0,0.0,0.0,0.0,0.0,0.0,-2.423893,1.337216,2.241446,0.7863951,0.07189803,-3.473312,0.2472925,0.2604578,-0.03078751,0.9327703,28.51389,32.38732,4.65968,0.1554125,0.0200425,-0.9876459,0.0,0.0,0.0,0.9930184,-0.3621701,-2.600932,-0.2638777,0.03319578,0.9773254,0.8624277,0.07138321,-0.5011217,0.1862539,0.8757971,0.4452965,0.4706676,-0.4773719,0.7420162,moving,23.31556,-30.21116,-15.10957,1.945357,21.59184045582365,-23.38045829442242,50.105211316670335,44.59137192074317,47.543639538968364
2170,2170,05/15/2023 13:23:59.883770,2399,True,True,True,True,Eyes,0.6102104,0.06677825,-3.362947,0.337828,-0.4722515,0.8141565,0.0,0.0,0.0,0.0,0.0,0.0,0.0,-2.41251,1.384168,2.237422,0.7951123,0.07349038,-3.479163,0.2547088,0.2566575,-0.03047855,0.9318379,29.36291,32.07434,4.86702,0.1575156,0.01999023,-0.9873137,0.0,0.0,0.0,0.9901776,-0.3621863,-2.600901,-0.26721,0.0364958,0.9705644,0.866396,0.0739437,-0.4938525,0.1875479,0.868389,0.4590495,0.4627999,-0.4903397,0.7385007,moving,22.53563,-30.11588,-15.39298,2.153459,20.8390966446014,-23.312982714365575,49.7984909011209,44.286601038818155,47.33485098645409
2171,2171,05/15/2023 13:23:59.903921,2400,True,True,True,True,Eyes,0.6184233,0.06700566,-3.367697,0.3268088,-0.4727903,0.8183308,0.0,0.0,0.0,0.0,0.0,0.0,0.0,-2.408002,1.388779,2.248509,0.804051,0.07539691,-3.482929,0.2542616,0.2544504,-0.02856666,0.9326254,29.26169,31.8288,5.004985,0.1596172,0.01994504,-0.986977,0.0,0.0,0.0,0.9872822,-0.3622026,-2.60087,-0.2702953,0.03067543,0.9635925,0.8688779,0.07610999,-0.4891405,0.1826779,0.8690699,0.4597241,0.4600869,-0.4887993,0.741212,moving,21.76981,-30.01716,-15.66923,1.823363,20.100111809753,-23.24174557765726,49.14774278677637,43.67728793678348,46.77695758807161
2172,2172,05/15/2023 13:23:59.914281,2401,True,True,True,True,Eyes,0.6265406,0.06726138,-3.372395,0.3156104,-0.473237,0.8224578,0.0,0.0,0.0,0.0,0.0,0.0,0.0,-2.397187,1.38969,2.270193,0.8119988,0.07666172,-3.488023,0.2526351,0.2510864,-0.0265171,0.9340386,29.02938,31.40727,5.07394,0.1617167,0.01990751,-0.9866359,0.0,0.0,0.0,0.9843619,-0.3622192,-2.600838,-0.2731189,0.0275569,0.9574621,0.8725049,0.07733048,-0.482447,0.1764025,0.8709447,0.4586257,0.4556504,-0.485258,0.7462623,moving,20.99383,-29.91585,-15.92096,1.648586,19.351357905198764,-23.168328043303937,48.569695703619516,43.12789854651095,46.29295359446988
2173,2173,05/15/2023 13:23:59.934455,2402,True,True,True,True,Eyes,0.6346493,0.06755334,-3.377059,0.3044161,-0.4736585,0.8264252,0.0,0.0,0.0,0.0,0.0,0.0,0.0,-2.379038,1.412696,2.284809,0.8197039,0.07766293,-3.492555,0.2548411,0.2465508,-0.02478442,0.9346949,29.24982,30.91561,5.216755,0.1638108,0.0198777,-0.986291,0.0,0.0,0.0,0.9815264,-0.3622353,-2.600807,-0.2754969,0.0318692,0.9517481,0.8771969,0.07933081,-0.4735318,0.1719943,0.8688835,0.464176,0.4482674,-0.4886185,0.7485375,moving,20.22142,-29.81881,-16.14383,1.917828,18.60594501340653,-23.098918509681383,48.266402384117505,42.818039065468994,46.08423566431698
2174,2174,05/15/2023 13:23:59.953697,2403,True,True,True,True,Eyes,0.6427409,0.06787546,-3.381672,0.2927228,-0.473761,0.8305804,0.0,0.0,0.0,0.0,0.0,0.0,0.0,-2.350333,1.428959,2.313014,0.8276929,0.07881877,-3.496388,0.2545648,0.2405407,-0.02106567,0.9364259,29.13679,30.23067,5.453611,0.1658989,0.0198559,-0.9859424,0.0,0.0,0.0,0.9785449,-0.3622521,-2.600774,-0.2771514,0.0338321,0.9464059,0.8833929,0.08301347,-0.4612221,0.1619192,0.869506,0.4666278,0.4397718,-0.4868964,0.754674,moving,19.41407,-29.70033,-16.32247,2.047337,17.82727828912814,-23.00991802288045,47.80182685959281,42.35647928584809,45.719462379657216
2175,2175,05/15/2023 13:23:59.963653,2404,True,True,True,True,Eyes,0.6508334,0.06821074,-3.38624,0.2809474,-0.4736455,0.8347026,0.0,0.0,0.0,0.0,0.0,0.0,0.0,-2.317583,1.432477,2.352153,0.8358888,0.07968532,-3.500106,0.251792,0.2337942,-0.01702508,0.9389629,28.73814,29.4028,5.613127,0.1679811,0.01984218,-0.98559,0.0,0.0,0.0,0.9755893,-0.3622689,-2.600742,-0.2793796,0.03481886,0.9413946,0.8901008,0.08576319,-0.4476217,0.1497068,0.872622,0.4648859,0.4304746,-0.4808073,0.7638822,moving,18.6024,-29.57241,-16.52942,2.118203,17.044685178742768,-22.911944736063223,47.31320881982291,41.87754570461876,45.32862109367522
2176,2176,05/15/2023 13:23:59.983781,2405,True,True,True,True,Eyes,0.6588721,0.06853841,-3.390734,0.2687498,-0.4732079,0.8389565,0.0,0.0,0.0,0.0,0.0,0.0,0.0,-2.285484,1.427651,2.394324,0.8441191,0.08028799,-3.503631,0.2488468,0.2265998,-0.01530704,0.9415379,28.39416,28.45044,5.476295,0.170057,0.01983611,-0.9852341,0.0,0.0,0.0,0.9728166,-0.3622846,-2.600712,-0.282626,0.03162155,0.9362564,0.8968365,0.08395295,-0.4343228,0.1416016,0.875682,0.4616601,0.4190864,-0.4755344,0.7734556,moving,17.76225,-29.42488,-16.7974,1.934398,16.23504467595339,-22.79594362164213,46.66662324192511,41.26417572172073,44.7794444003957
2177,2177,05/15/2023 13:24:00.003456,2406,True,True,True,True,Eyes,0.6668943,0.06885151,-3.395171,0.2564707,-0.4726555,0.8431011,0.0,0.0,0.0,0.0,0.0,0.0,0.0,-2.257152,1.423658,2.431001,0.8522182,0.0805286,-3.506928,0.2470215,0.2198162,-0.01524654,0.9436253,28.22234,27.53375,5.197814,0.1721257,0.01983673,-0.9848749,0.0,0.0,0.0,0.9699551,-0.3623008,-2.600681,-0.2864637,0.02573407,0.9311003,0.9028968,0.07982462,-0.4223807,0.1373727,0.8774958,0.4594886,0.4073159,-0.4728943,0.7813224,moving,16.91972,-29.27567,-17.10112,1.583157,15.423145017145467,-22.678396174631963,45.93130477268777,40.57648059345471,44.13742017127345
2178,2178,05/15/2023 13:24:00.022967,2407,True,True,True,True,Eyes,0.6748714,0.06916326,-3.399544,0.2438685,-0.4721251,0.8471281,0.0,0.0,0.0,0.0,0.0,0.0,0.0,-2.227881,1.421968,2.46591,0.8599759,0.08045956,-3.510004,0.2457531,0.212943,-0.01554993,0.9455258,28.12224,26.61053,4.895056,0.1741868,0.01984296,-0.9845123,0.0,0.0,0.0,0.9669742,-0.3623177,-2.600648,-0.2892205,0.01838428,0.9263129,0.9088269,0.07525712,-0.4103292,0.1340686,0.8787272,0.4581093,0.3950434,-0.4713544,0.7885213,moving,16.05988,-29.13199,-17.33981,1.136984,14.59433027191586,-22.566727179668117,45.07493848147522,39.77002940149179,43.37514602411206
2179,2179,05/15/2023 13:24:00.037782,2408,True,True,True,True,Eyes,0.6828365,0.069476,-3.403861,0.2312166,-0.4716533,0.8509301,0.0,0.0,0.0,0.0,0.0,0.0,0.0,-2.198988,1.431442,2.49343,0.8677393,0.08073588,-3.513157,0.2466242,0.2061951,-0.0161948,0.946783,28.27329,25.73849,4.626655,0.1762396,0.0198542,-0.9841467,0.0,0.0,0.0,0.9640613,-0.3623342,-2.600616,-0.2914301,0.01022699,0.921334,0.9144427,0.07103946,-0.398432,0.1323713,0.8778285,0.4603206,0.3824559,-0.4736777,0.7933202,moving,15.2015,-28.99871,-17.55285,0.6359687,13.766645898253294,-22.46504692903921,44.170823238589676,38.917447840445796,42.56201923929343
2180,2180,05/15/2023 13:24:00.055098,2409,True,True,True,True,Eyes,0.6907288,0.06979616,-3.408086,0.2186597,-0.4712234,0.8544803,0.0,0.0,0.0,0.0,0.0,0.0,0.0,-2.170114,1.444332,2.518097,0.875544,0.08108021,-3.516127,0.2478191,0.1996805,-0.01625603,0.9478656,28.4434,24.91952,4.445363,0.1782837,0.01986999,-0.9837782,0.0,0.0,0.0,0.9612288,-0.3623503,-2.600585,-0.2934051,0.006436288,0.9170316,0.9197268,0.06815221,-0.3865976,0.1297863,0.8766428,0.4633064,0.3704834,-0.4762904,0.7974268,moving,14.35385,-28.87558,-17.74212,0.4021302,12.949076468683378,-22.37282353065894,43.4434759750654,38.218425636242245,41.92332047004063
2181,2181,05/15/2023 13:24:00.069598,2410,True,True,True,True,Eyes,0.8875793,0.07796504,-3.512122,-0.1042543,-0.4368728,0.8934613,0.0,0.0,0.0,0.0,0.0,0.0,0.0,-2.148038,1.455145,2.537162,0.8833031,0.08160128,-3.518781,0.2489369,0.1944038,-0.01639133,0.948667,28.59985,24.25597,4.290745,0.1803182,0.01989011,-0.9834069,0.0,0.0,0.0,0.9582881,-0.3623669,-2.600553,-0.2962997,0.007971317,0.9125704,0.9238769,0.06568873,-0.3770097,0.1278884,0.8755234,0.4659434,0.3606881,-0.4786896,0.8004752,moving,-6.655513,-26.05709,-17.98794,0.5004668,-7.321089888155682,-20.31216674246553,28.874343713676947,23.386906727515598,28.558922524828304
2182,2182,05/15/2023 13:24:00.084075,2411,True,True,True,True,Eyes,0.8878609,0.07796206,-3.512215,-0.1046147,-0.4367672,0.8934709,0.0,0.0,0.0,0.0,0.0,0.0,0.0,-2.124791,1.46578,2.556795,0.8908436,0.08209002,-3.521378,0.2495836,0.1892083,-0.0156576,0.9495595,28.67979,23.62001,4.229986,0.1884966,0.02011006,-0.9818677,0.5905514,0.02450663,-0.312109,0.9555079,-0.3623827,-2.600523,-0.2986023,0.01169094,0.9087867,0.9279101,0.06471092,-0.3671448,0.1241822,0.8749257,0.4680638,0.3515132,-0.4799141,0.8038165,moving,-6.678242,-26.05139,-18.1891,0.737032,-7.342946901717615,-20.30737975944376,29.156807183679216,23.675014325917424,28.82719088403659
2183,2183,05/15/2023 13:24:00.103722,2412,True,True,True,True,Eyes,0.8884069,0.07796577,-3.512413,-0.1054019,-0.4368149,0.893355,0.0,0.0,0.0,0.0,0.0,0.0,0.0,-2.10626,1.471094,2.57467,0.8979722,0.08198893,-3.523677,0.2494915,0.1848757,-0.0151003,0.9504458,28.67492,23.07688,4.153495,0.1953488,0.02029071,-0.9805236,0.5551183,0.02303623,-0.2933825,0.9526279,-0.362399,-2.600492,-0.2997853,0.01279882,0.9053714,0.9311859,0.06354576,-0.3589633,0.1209538,0.875052,0.4686728,0.3438938,-0.4798396,0.8071501,moving,-6.728895,-26.05678,-18.32067,0.8099099,-7.392150003415124,-20.31416866112727,29.260695033327337,23.7835919148566,28.923835160303042
2184,2184,05/15/2023 13:24:00.113642,2413,True,True,True,True,Eyes,0.8892096,0.07799813,-3.512673,-0.1066265,-0.436896,0.8931701,0.0,0.0,0.0,0.0,0.0,0.0,0.0,-2.076919,1.494178,2.591262,0.9049785,0.08218986,-3.526338,0.2516018,0.1790871,-0.01342689,0.9510227,28.90556,22.41979,4.230497,0.2011105,0.02043941,-0.9793551,0.5218112,0.02165406,-0.2757795,0.9496506,-0.3624159,-2.600459,-0.3000873,0.01291043,0.9025267,0.9354951,0.06457873,-0.3473882,0.1156558,0.8730325,0.473749,0.3338753,-0.4833673,0.8092486,moving,-6.807742,-26.06567,-18.39181,0.8195463,-7.468753707316642,-20.325218640126444,29.274656051376756,23.79945888347737,28.933841990656116
2185,2185,05/15/2023 13:24:00.133692,2414,True,True,True,True,Eyes,0.8902779,0.07805893,-3.512988,-0.1082511,-0.4369676,0.8929396,0.0,0.0,0.0,0.0,0.0,0.0,0.0,-2.045269,1.514849,2.609301,0.9121965,0.08293025,-3.528082,0.253231,0.1730629,-0.01133306,0.9517326,29.07401,21.73694,4.335952,0.2059771,0.02056281,-0.9783405,0.4905026,0.02035481,-0.2592327,0.9468337,-0.3624319,-2.600428,-0.2999683,0.01717067,0.9003493,0.9398415,0.06607772,-0.335159,0.1092219,0.8714912,0.4780938,0.3236795,-0.4859391,0.8118465,moving,-6.91224,-26.07521,-18.42646,1.092562,-7.570217466214922,-20.33770011023333,29.50703471466396,24.023199954745134,29.152492547833706
2186,2186,05/15/2023 13:24:00.154031,2415,True,True,True,True,Eyes,0.8915901,0.07812677,-3.513346,-0.1101692,-0.4368346,0.89277,0.0,0.0,0.0,0.0,0.0,0.0,0.0,-2.011437,1.524956,2.634428,0.9197584,0.08367559,-3.529677,0.2527446,0.1667941,-0.008495636,0.9530098,28.98431,21.00948,4.466325,0.2101101,0.02066636,-0.977459,0.4610724,0.01913352,-0.2436788,0.9438353,-0.3624488,-2.600396,-0.2991903,0.01805943,0.8984584,0.9442151,0.06811973,-0.3222072,0.1005054,0.872096,0.478902,0.3136183,-0.4845702,0.8165998,moving,-7.034821,-26.07262,-18.41797,1.151517,-7.688863366293477,-20.33904487540977,29.508129668804322,24.019949601909264,29.148810726474046
2187,2187,05/15/2023 13:24:00.163771,2416,True,True,True,True,Eyes,0.893155,0.07818521,-3.513747,-0.1124708,-0.436578,0.8926085,0.0,0.0,0.0,0.0,0.0,0.0,0.0,-1.977081,1.527132,2.66358,0.9272515,0.08389208,-3.53112,0.2509734,0.1604258,-0.005797208,0.9545901,28.75161,20.24488,4.544001,0.2137044,0.02075589,-0.9766775,0.4334081,0.01798551,-0.229058,0.9409653,-0.3624651,-2.600364,-0.2994949,0.01694152,0.8964878,0.9484599,0.06945731,-0.3091917,0.09159314,0.8739575,0.4772934,0.3033719,-0.4810134,0.8225518,moving,-7.18156,-26.06342,-18.47323,1.082627,-7.830725414410103,-20.33476944547123,29.40084487077045,23.915847765797174,29.039404146877573
2188,2188,05/15/2023 13:24:00.184053,2417,True,True,True,True,Eyes,0.8949763,0.07821913,-3.514182,-0.1151206,-0.4361008,0.892504,0.0,0.0,0.0,0.0,0.0,0.0,0.0,-1.94397,1.525721,2.693101,0.9350019,0.08369297,-3.532479,0.2489177,0.1540999,-0.003740355,0.9561796,28.50091,19.46401,4.540082,0.2169749,0.0208374,-0.9759544,0.4074036,0.01690638,-0.2153146,0.9381646,-0.362481,-2.600334,-0.298751,0.01569781,0.8952146,0.9524785,0.06956348,-0.2965564,0.08386928,0.876052,0.4748671,0.2928323,-0.4771727,0.8285865,moving,-7.349779,-26.04134,-18.45488,1.004593,-7.993039058361712,-20.31874018600333,29.237061412882966,23.751518984044996,28.87531097239809
2189,2189,05/15/2023 13:24:00.204014,2418,True,True,True,True,Eyes,0.897029,0.07821783,-3.514653,-0.1181695,-0.4356183,0.8923411,0.0,0.0,0.0,0.0,0.0,0.0,0.0,-1.909392,1.525279,2.721983,0.9426031,0.0830918,-3.533559,0.2471469,0.1475442,-0.002012156,0.957677,28.29215,18.65133,4.499323,0.219961,0.02091101,-0.9752842,0.3829594,0.015892,-0.2023957,0.9352094,-0.3624977,-2.600302,-0.2986803,0.00956279,0.8931766,0.9564534,0.0690762,-0.283594,0.07678418,0.8778287,0.47278,0.2816048,-0.4739675,0.8342983,moving,-7.543582,-26.02046,-18.49006,0.6134135,-8.180162867655367,-20.30467098874664,28.79563505496078,23.320811254282532,28.44375541697344
2190,2190,05/15/2023 13:24:00.223610,2419,True,True,True,True,Eyes,0.8993272,0.07818561,-3.515155,-0.121419,-0.4352211,0.8920986,0.0,0.0,0.0,0.0,0.0,0.0,0.0,-1.875373,1.5321,2.746016,0.9503335,0.08223265,-3.534836,0.246936,0.1409342,-0.001154705,0.9587278,28.28217,17.83157,4.38882,0.2226969,0.02097651,-0.9746617,0.3599818,0.01493848,-0.1902519,0.9323561,-0.3625139,-2.600271,-0.2988122,0.005309373,0.8916685,0.9602724,0.06738936,-0.2708054,0.07181756,0.8780426,0.4731634,0.2696648,-0.4738143,0.8383203,moving,-7.750609,-26.006,-18.52682,0.3411594,-8.380268847740439,-20.297210843447704,28.465760695360476,22.997713507891334,28.118451211598217
2191,2191,05/15/2023 13:24:00.234162,2420,True,True,True,True,Eyes,0.9018428,0.07812682,-3.515668,-0.124971,-0.4348695,0.8917796,0.0,0.0,0.0,0.0,0.0,0.0,0.0,-1.843122,1.546344,2.763816,0.9580847,0.08146027,-3.535872,0.2481011,0.1346623,-0.0004856942,0.9593288,28.43438,17.07011,4.297013,0.2252142,0.02103382,-0.9740819,0.3383829,0.01404217,-0.1788368,0.9292939,-0.3625312,-2.600237,-0.2998595,0.00588116,0.8898377,0.9637317,0.06588782,-0.2586118,0.06775159,0.8768912,0.4758903,0.2581298,-0.4761519,0.8406239,moving,-7.97729,-25.99582,-18.6229,0.3786766,-8.599525930993728,-20.294496577786507,28.44192474456522,22.974945418128392,28.08456050551699
2192,2192,05/15/2023 13:24:00.254130,2421,True,True,True,True,Eyes,0.9046043,0.07804135,-3.516191,-0.1286735,-0.4344493,0.8914577,0.0,0.0,0.0,0.0,0.0,0.0,0.0,-1.813185,1.556531,2.78148,0.965927,0.08076696,-3.536597,0.2484795,0.1289016,0.0006940995,0.9600219,28.48395,16.37808,4.26659,0.2275405,0.02108304,-0.97354,0.3180799,0.01319964,-0.1681066,0.9265209,-0.362547,-2.600207,-0.3013975,0.006914645,0.8882381,0.9667678,0.0653915,-0.2471517,0.0627261,0.8765149,0.4772704,0.2478416,-0.4769125,0.8432847,moving,-8.21338,-25.98215,-18.74313,0.44602,-8.827800217514579,-20.288709993144924,28.44861691912983,22.983533074444107,28.078687519627785
2193,2193,05/15/2023 13:24:00.264405,2422,True,True,True,True,Eyes,0.9075559,0.07790586,-3.516713,-0.1326695,-0.4340007,0.8910905,1.022443,0.7719088,-0.3658353,-2.605624,-0.8702671,-0.1656678,-0.4638851,-0.4438463,0.04151794,0.9530234,0.9735442,0.08002061,-3.537038,0.247896,0.1231157,0.001839889,0.9609302,28.42242,15.6689,4.210814,0.2297014,0.0211242,-0.9730316,0.2989951,0.01240766,-0.1580202,0.9235823,-0.3625636,-2.600175,-0.3042012,0.005620986,0.8862747,0.9696783,0.06457578,-0.235699,0.05750376,0.8770884,0.4768745,0.2375234,-0.4759685,0.8467802,moving,-8.468247,-25.96814,-18.94406,0.36338,-9.074250271248296,-20.28318414335093,28.338870893551295,22.88435611956924,27.959824989348586
2194,2194,05/15/2023 13:24:00.283892,2423,True,True,True,True,Eyes,0.9106762,0.07771689,-3.517235,-0.1367796,-0.4335834,0.8906721,0.0,0.0,0.0,0.0,0.0,0.0,0.0,-1.751189,1.564503,2.822872,0.9811628,0.07867083,-3.537523,0.2471557,0.1171746,0.003108948,0.96186,28.34176,14.94293,4.163594,0.2317184,0.02115672,-0.9725525,0.2810554,0.0116632,-0.148539,0.9208303,-0.3625792,-2.600145,-0.307175,0.00373736,0.8845247,0.9725209,0.06390151,-0.2238744,0.05194002,0.8778087,0.476187,0.226948,-0.4747298,0.8503683,moving,-8.730646,-25.95704,-19.15093,0.242089,-9.328074225790566,-20.28070221033237,28.195330801380873,22.75243843248049,27.808207331442997
2195,2195,05/15/2023 13:24:00.303857,2424,True,True,True,True,Eyes,0.9139547,0.07748851,-3.517744,-0.1413061,-0.4332584,0.8901235,1.019456,0.7698994,-0.3641993,-2.610302,-0.6232213,-0.05451458,-0.7801431,-0.4369299,0.04680699,0.9539971,0.9884268,0.07722323,-3.537988,0.247918,0.1106244,0.005162593,0.9624305,28.42875,14.18458,4.224983,0.2336099,0.02117998,-0.9720994,0.2641921,0.01096341,-0.1396267,0.9179317,-0.3625956,-2.600113,-0.3102038,0.00199002,0.8827,0.9754712,0.06478882,-0.2103767,0.04491427,0.87702,0.4783498,0.2154963,-0.4760654,0.8525978,moving,-9.02037,-25.95403,-19.36281,0.1291714,-9.608582344579204,-20.28688280470074,28.058857076270264,22.626538101155788,27.6618789810541
2196,2196,05/15/2023 13:24:00.323835,2425,True,True,True,True,Eyes,0.9173886,0.07721406,-3.518233,-0.146009,-0.4329843,0.8894976,1.019507,0.7685314,-0.3642166,-2.611383,-0.5169059,-0.05454812,-0.8543024,-0.4309579,0.05102682,0.9570574,0.9956399,0.07606263,-3.538132,0.2485585,0.1026656,0.007531267,0.9631312,28.50546,13.25603,4.277431,0.2353928,0.02119382,-0.971669,0.2483406,0.01030561,-0.1312491,0.9148808,-0.3626129,-2.60008,-0.3128206,0.001126915,0.8812002,0.9788061,0.06554401,-0.1940169,0.03652961,0.8763239,0.4803354,0.2015048,-0.4772426,0.8553569,moving,-9.321837,-25.95561,-19.54455,0.07327217,-9.900588421160643,-20.297860321102927,27.964380345362795,22.53861206694412,27.554702926609778
2197,2197,05/15/2023 13:24:00.333861,2426,True,True,True,True,Eyes,0.9209765,0.07689054,-3.51871,-0.1511862,-0.4327694,0.8887369,1.020374,0.76671,-0.364696,-2.611866,-0.451299,-0.08543113,-0.888274,-0.4238438,0.05404034,0.9613618,1.002895,0.07469667,-3.538112,0.2486591,0.09389003,0.009529861,0.9639827,28.52986,12.20619,4.247193,0.2370826,0.02119792,-0.971258,0.2334401,0.009687269,-0.1233741,0.9121608,-0.3626283,-2.60005,-0.3152144,0.001544416,0.8800799,0.9821877,0.06506646,-0.1762773,0.02831998,0.8761557,0.4811957,0.1857561,-0.4776166,0.8587066,moving,-9.654372,-25.96371,-19.70578,0.1005459,-10.222860847871075,-20.31610290602328,27.935215023392047,22.511448290021356,27.507329525078113
2198,2198,05/15/2023 13:24:00.353777,2427,True,True,True,True,Eyes,0.9246986,0.0765147,-3.519152,-0.1564925,-0.4323835,0.8880059,1.021169,0.7648933,-0.3650222,-2.612348,-0.3702464,-0.1060481,-0.9228604,-0.4164155,0.05795479,0.9658016,1.01033,0.07320076,-3.538229,0.2488991,0.08481508,0.0118492,0.9647359,28.57011,11.1311,4.249935,0.238692,0.0211919,-0.9708639,0.2194337,0.009106033,-0.1159717,0.9092787,-0.3626446,-2.600019,-0.3180778,0.001374781,0.8789413,0.985332,0.0650835,-0.1577498,0.0193581,0.8758177,0.4822538,0.1695468,-0.4782338,0.8617113,moving,-9.994559,-25.96215,-19.89456,0.08961815,-10.552280617250863,-20.32526490298156,27.869421299003598,22.450960650543514,27.423551199188864
2199,2199,05/15/2023 13:24:00.364484,2428,True,True,True,True,Eyes,0.9285373,0.0760885,-3.519575,-0.1623505,-0.4320117,0.8871349,1.024567,0.7621984,-0.3665364,-2.610646,-0.5498027,-0.2069566,-0.8092503,-0.4099097,0.05922738,0.9721334,1.017221,0.071548,-3.537804,0.2476846,0.07580059,0.01482434,0.9657571,28.43483,10.06976,4.316299,0.2402333,0.02117534,-0.970484,0.2062677,0.00855967,-0.1090134,0.9062802,-0.3626616,-2.599986,-0.3220475,0.003063768,0.8779226,0.9880691,0.06618269,-0.1390664,0.008915853,0.8768652,0.4806536,0.1537534,-0.4761589,0.8658132,moving,-10.37068,-25.96488,-20.14451,0.1999496,-10.916618521357751,-20.339692916864813,27.930736847887424,22.517346554649794,27.456923701691007
2200,2200,05/15/2023 13:24:00.384003,2429,True,True,True,True,Eyes,0.932538,0.07561694,-3.519966,-0.1684531,-0.4315242,0.8862339,1.024098,0.7600255,-0.3663063,-2.612375,-0.3191618,-0.1894755,-0.928566,-0.39917,0.06159067,0.9762229,1.024031,0.06990628,-3.537664,0.2466864,0.06510395,0.01834372,0.966732,28.33141,8.817498,4.403788,0.2417159,0.02114792,-0.9701163,0.1938916,0.00804609,-0.1024726,0.9034702,-0.3626776,-2.599955,-0.3253154,0.004291505,0.8772067,0.99085,0.06758744,-0.1168258,-0.003346403,0.8776187,0.4793477,0.1349264,-0.4745708,0.8698146,moving,-10.76225,-25.96233,-20.34749,0.2803024,-11.29577440045076,-20.349510910665057,27.93837112537397,22.528265635153012,27.436953847509287
2201,2201,05/15/2023 13:24:00.404089,2430,True,True,True,True,Eyes,0.9366609,0.07508232,-3.520337,-0.1751348,-0.431098,0.8851454,1.026165,0.7569436,-0.3672954,-2.612032,-0.3320695,-0.2544547,-0.9082856,-0.3877577,0.06403705,0.9829724,1.031051,0.06830378,-3.537132,0.2460948,0.05355442,0.02092683,0.9675389,28.29238,7.434264,4.354302,0.2431501,0.02110949,-0.9697587,0.1822581,0.007563324,-0.09632422,0.9003921,-0.362695,-2.599922,-0.3286512,0.001056194,0.8762246,0.9933881,0.06685397,-0.09333199,-0.01413612,0.8779988,0.478454,0.1139319,-0.4739711,0.8731385,moving,-11.19199,-25.96777,-20.55988,0.06906385,-11.712114818820186,-20.36823501052921,27.6708163953398,22.27029711108243,27.153830337724767
2202,2202,05/15/2023 13:24:00.413601,2431,True,True,True,True,Eyes,0.9366609,0.07508232,-3.520337,-0.1751348,-0.431098,0.8851454,1.025188,0.7571146,-0.3668744,-2.612896,-0.1080172,-0.2251805,-0.9683108,-0.3733549,0.06863901,0.9881666,1.038287,0.06625614,-3.536973,0.2459327,0.04216273,0.02363597,0.968081,28.30548,6.080451,4.331833,0.2445447,0.0210594,-0.969409,0.1713227,0.007109525,-0.09054477,0.8976296,-0.3627107,-2.599891,-0.3321364,0.00134778,0.8755509,0.9953273,0.06650144,-0.07000816,-0.02502467,0.8779169,0.4781586,0.09325958,-0.4741724,0.8754789,moving,-11.19199,-25.96777,-20.77402,0.08819826,-11.712114818820186,-20.36823501052921,27.762002465366713,22.373729855889206,27.240254360745844
2203,2203,05/15/2023 13:24:00.433513,2432,True,True,True,True,Eyes,0.9366609,0.07508232,-3.520337,-0.1751348,-0.431098,0.8851454,1.025147,0.7571219,-0.3668565,-2.612933,0.06863502,-0.2229347,-0.9724143,-0.3599293,0.07514125,0.9933343,1.045022,0.06471191,-3.536389,0.2467419,0.03131937,0.02722932,0.9681922,28.42979,4.832508,4.446739,0.2457992,0.02101428,-0.9690927,0.1610433,0.006682953,-0.08511208,0.8945951,-0.3627279,-2.599858,-0.3369774,0.00221315,0.8745221,0.9965553,0.06818204,-0.04720911,-0.03727084,0.876754,0.4794927,0.07408357,-0.4760815,0.8762751,moving,-11.19199,-25.96777,-21.07304,0.1449979,-11.712114818820186,-20.36823501052921,27.919738474809726,22.548162778578327,27.38947322382104
2204,2204,05/15/2023 13:24:00.454270,2433,True,True,True,True,Eyes,0.9414025,0.07440281,-3.5206,-0.1833221,-0.4307644,0.8836487,1.027614,0.7530181,-0.3682566,-2.612551,-0.01922643,-0.315178,-0.9488378,-0.3474453,0.07902288,1.000278,1.051516,0.06346796,-3.535606,0.2466259,0.01889028,0.03138537,0.9684182,28.4563,3.39525,4.573629,0.2469276,0.02097366,-0.9688067,0.1513807,0.006281976,-0.08000536,0.8915265,-0.3627453,-2.599825,-0.3426303,0.003914624,0.8735385,0.9973162,0.070106,-0.02110648,-0.05147067,0.8763812,0.4788599,0.05206827,-0.4764884,0.8776376,moving,-11.72035,-25.98848,-21.41673,0.2567603,-12.224382558200013,-20.404784902706066,27.979142651431335,22.6141261527885,27.40601541540599
2205,2205,05/15/2023 13:24:00.463804,2434,True,True,True,True,Eyes,0.9462365,0.07368384,-3.520813,-0.1921624,-0.4304636,0.8819154,1.030967,0.7481234,-0.3701098,-2.611588,-0.148743,-0.4375951,-0.8867841,-0.3334841,0.07951021,1.008513,1.058209,0.06207801,-3.53446,0.2451391,0.005409692,0.03465429,0.9688532,28.33544,1.788628,4.54856,0.248063,0.02091764,-0.9685178,0.1422979,0.005905058,-0.07520504,0.8889718,-0.3627597,-2.599797,-0.3473018,0.004869968,0.873136,0.9975396,0.06980208,0.006507838,-0.06449757,0.8774118,0.4753825,0.02747263,-0.4746326,0.8797551,moving,-12.29217,-26.01704,-21.69086,0.3195673,-12.778954247312294,-20.45027169827147,27.963409266227057,22.601068031376453,27.34604412336962
2206,2206,05/15/2023 13:24:00.483961,2435,True,True,True,True,Eyes,0.9512808,0.07293133,-3.520955,-0.1990959,-0.4295333,0.8808303,1.033954,0.745425,-0.3711862,-2.610218,-0.3285924,-0.5093026,-0.7953853,-0.3169118,0.08198401,1.016753,1.065512,0.06042139,-3.533365,0.2440855,-0.008420264,0.03792159,0.9689755,28.27242,0.1427451,4.518291,0.2492067,0.02084673,-0.9682257,0.13376,0.005550754,-0.07069273,0.8863333,-0.3627747,-2.599768,-0.3518961,0.005611062,0.8729972,0.9969821,0.06937965,0.03483028,-0.07760071,0.8779685,0.472387,0.002194163,-0.4736643,0.8807028,moving,-12.73665,-25.99599,-21.95385,0.3682552,-13.208847610766714,-20.44389890369392,27.929020763458983,22.574782949645375,27.275323651056972
2207,2207,05/15/2023 13:24:00.504000,2436,True,True,True,True,Eyes,0.9564185,0.07216419,-3.521049,-0.2066531,-0.4288523,0.8794204,1.035311,0.7424682,-0.3718313,-2.610575,-0.1405279,-0.5500085,-0.8232512,-0.3024553,0.08501324,1.022357,1.072922,0.05867778,-3.532194,0.2435284,-0.02125937,0.0411102,0.968789,28.26844,358.6227,4.512904,0.2503647,0.02076146,-0.9679288,0.1257344,0.005217709,-0.06645117,0.8834628,-0.3627909,-2.599737,-0.3563493,0.00848189,0.8731993,0.995716,0.06929968,0.06121469,-0.09000873,0.8780078,0.4701073,-0.02116869,-0.4736032,0.8804839,moving,-13.22389,-25.99633,-22.20019,0.5565296,-13.68073621831225,-20.4595052427508,28.02906196481274,22.677187066521928,27.3248573717988
2208,2208,05/15/2023 13:24:00.513990,2437,True,True,True,True,Eyes,0.9617392,0.07136708,-3.521094,-0.2143709,-0.4283317,0.8778251,1.039087,0.7389891,-0.3737069,-2.608957,-0.1730382,-0.6742408,-0.7179534,-0.2883943,0.09224921,1.030195,1.080503,0.05759384,-3.53109,0.245036,-0.03414608,0.04498475,0.9678677,28.51553,357.1263,4.591804,0.2515382,0.02066287,-0.9676265,0.1181903,0.004904646,-0.0624641,0.8805602,-0.3628074,-2.599705,-0.3608836,0.009683043,0.8736588,0.9936208,0.07034452,0.08814353,-0.1038126,0.8758674,0.4712528,-0.044052,-0.477397,0.8775828,moving,-13.72342,-26.0099,-22.44413,0.6350016,-14.16488814570734,-20.48826203084507,28.0357194339254,22.687840622237573,27.284588667781644
2209,2209,05/15/2023 13:24:00.533956,2438,True,True,True,True,Eyes,0.9671712,0.07059173,-3.521111,-0.2223765,-0.428198,0.8758968,0.0,0.0,0.0,0.0,0.0,0.0,0.0,-0.6893766,1.738894,3.185978,1.088501,0.05604401,-3.530081,0.2459664,-0.04564916,0.0471769,0.9670528,28.6875,355.7454,4.497409,0.2527297,0.02055156,-0.9673184,0.1110989,0.004610368,-0.05871625,0.8775578,-0.3628244,-2.599673,-0.3664785,0.01160502,0.8739558,0.991381,0.06878877,0.1114981,-0.1137014,0.8745498,0.4714177,-0.06508243,-0.4800321,0.8748334,moving,-14.24552,-26.05254,-22.74991,0.7607706,-14.671691252655895,-20.54577496974372,28.129668938758815,22.786542130071155,27.322341893449327
2210,2210,05/15/2023 13:24:00.553698,2439,True,True,True,True,Eyes,0.9727927,0.06991143,-3.521033,-0.2299552,-0.4281459,0.8739632,0.0,0.0,0.0,0.0,0.0,0.0,0.0,-0.63036,1.773317,3.181305,1.096743,0.05587046,-3.52941,0.2504244,-0.05445493,0.04936829,0.965342,29.26614,354.7113,4.473412,0.25394,0.02042944,-0.967004,0.104433,0.004333746,-0.05519328,0.8747303,-0.3628404,-2.599642,-0.3720418,0.01370463,0.8744408,0.9891949,0.06804089,0.1298613,-0.1225883,0.8697008,0.4781137,-0.08040921,-0.4888671,0.8686446,moving,-14.74141,-26.09978,-23.04793,0.8978916,-15.153236091365446,-20.606904394624856,28.24663778809518,22.908130492937758,27.381702874963818
2211,2211,05/15/2023 13:24:00.564346,2440,True,True,True,True,Eyes,0.9784867,0.06928337,-3.52088,-0.2375349,-0.4279262,0.8720415,0.0,0.0,0.0,0.0,0.0,0.0,0.0,-0.5850031,1.79561,3.177949,1.104912,0.05739173,-3.527276,0.2531278,-0.06107898,0.05274108,0.9640613,29.63706,353.9858,4.670287,0.2551728,0.02030019,-0.9666821,0.09816699,0.004073721,-0.05188168,0.8718165,-0.3628569,-2.59961,-0.3771237,0.01552349,0.8753287,0.9869755,0.07076969,0.1444682,-0.1326128,0.8662894,0.4816186,-0.09106728,-0.4945041,0.8643914,moving,-15.2371,-26.13801,-23.30815,1.016004,-15.634341538902929,-20.659334175778657,28.32811897063933,22.993643063507196,27.405187176185173
2212,2212,05/15/2023 13:24:00.583967,2441,True,True,True,True,Eyes,0.9843103,0.0687167,-3.520699,-0.2431812,-0.4272166,0.8708323,0.0,0.0,0.0,0.0,0.0,0.0,0.0,-0.5548626,1.777674,3.193895,1.112423,0.05795217,-3.525353,0.2496201,-0.06572831,0.0558918,0.9644926,29.26573,353.4913,4.932022,0.2564286,0.02016595,-0.9663525,0.09227698,0.003829298,-0.04876878,0.8689654,-0.3628731,-2.599579,-0.3810996,0.02098367,0.8774562,0.9851118,0.07500023,0.1546924,-0.1406287,0.8691318,0.4741662,-0.09888548,-0.4888608,0.8667392,moving,-15.60247,-26.13184,-23.47643,1.369922,-15.988024680895396,-20.664837834738783,28.60675023812114,23.27244841433345,27.620117063809225
2213,2213,05/15/2023 13:24:00.604026,2442,True,True,True,True,Eyes,0.9902116,0.06819191,-3.520491,-0.2490389,-0.4266318,0.8694624,0.0,0.0,0.0,0.0,0.0,0.0,0.0,-0.5151011,1.782328,3.200191,1.120242,0.05856022,-3.524894,0.2491585,-0.0712368,0.06047733,0.963944,29.27264,352.9409,5.334294,0.2577082,0.0200289,-0.9660148,0.0,0.0,0.0,0.8659998,-0.3628899,-2.599546,-0.3837715,0.02582294,0.8806597,0.9825356,0.081095,0.1674734,-0.152092,0.8685251,0.4717332,-0.1071997,-0.488966,0.8656907,moving,-15.98323,-26.13648,-23.54648,1.679561,-16.356907420852746,-20.681254191976475,28.82594122446275,23.488210019508767,27.776862381991144
2214,2214,05/15/2023 13:24:00.613904,2443,True,True,True,True,Eyes,0.9961663,0.06772839,-3.520266,-0.2549018,-0.426078,0.8680338,0.0,0.0,0.0,0.0,0.0,0.0,0.0,-0.4677046,1.788174,3.206127,1.128123,0.05902807,-3.524119,0.2490669,-0.07794474,0.06449392,0.9631879,29.33075,352.2195,5.6224,0.2590114,0.01989048,-0.9656691,0.0,0.0,0.0,0.8630971,-0.3629063,-2.599515,-0.3876854,0.0306223,0.8838739,0.9795303,0.08541263,0.1822775,-0.1630664,0.8676124,0.4697424,-0.1180243,-0.4898503,0.8637806,moving,-16.3651,-26.14431,-23.68325,1.98425,-16.726952156146666,-20.700783252915063,29.064948083492254,23.727638175306463,27.950359422838623
2215,2215,05/15/2023 13:24:00.634101,2444,True,True,True,True,Eyes,1.002198,0.06735798,-3.519998,-0.2608967,-0.4256333,0.8664694,0.0,0.0,0.0,0.0,0.0,0.0,0.0,-0.4298409,1.795142,3.209586,1.136322,0.06003669,-3.523338,0.2495282,-0.08364604,0.06727813,0.9623994,29.4423,351.5861,5.78332,0.2603362,0.01975259,-0.9653156,0.0,0.0,0.0,0.8601328,-0.3629231,-2.599482,-0.3944489,0.03450486,0.8858075,0.976954,0.08775276,0.1945774,-0.171241,0.8664187,0.4690365,-0.1274262,-0.4915467,0.861478,moving,-16.75722,-26.16153,-24.00335,2.230715,-17.107179809969395,-20.729693739537137,29.302320319676475,23.973684171951547,28.119728248861577
2216,2216,05/15/2023 13:24:00.653806,2445,True,True,True,True,Eyes,1.008304,0.0670611,-3.519662,-0.2669703,-0.4247235,0.8650646,0.0,0.0,0.0,0.0,0.0,0.0,0.0,-0.3925842,1.79921,3.213564,1.144296,0.06190199,-3.522077,0.2497147,-0.08923979,0.07010511,0.9616466,29.52392,350.9666,5.954202,0.2616837,0.01961762,-0.9649541,0.0,0.0,0.0,0.8573403,-0.362939,-2.599452,-0.401877,0.01886958,0.886265,0.974243,0.0902637,0.2066468,-0.1794016,0.8654557,0.4677623,-0.1366217,-0.4927869,0.8593577,moving,-17.15092,-26.1498,-24.39192,1.219707,-17.48814820683735,-20.73072112506049,28.311163777263715,23.01050542351286,27.164428964160408
2217,2217,05/15/2023 13:24:00.664158,2446,True,True,True,True,Eyes,1.014492,0.06678315,-3.519309,-0.2732419,-0.4236921,0.8636109,0.0,0.0,0.0,0.0,0.0,0.0,0.0,-0.3589535,1.773016,3.232742,1.151969,0.06324382,-3.52023,0.2455636,-0.09482646,0.07168858,0.9620641,29.08402,350.2996,6.001181,0.2630531,0.01948737,-0.9645843,0.0,0.0,0.0,0.8542519,-0.3629565,-2.599418,-0.410447,0.02093622,0.8879688,0.9717374,0.09136616,0.2176664,-0.1845098,0.8691186,0.4588998,-0.1472501,-0.4860917,0.861413,moving,-17.5571,-26.13282,-24.80786,1.35065,-17.881059997072914,-20.727074337907368,28.423839357456618,23.138851964200345,27.21567190164829
2218,2218,05/15/2023 13:24:00.684044,2447,True,True,True,True,Eyes,1.020732,0.06655052,-3.51896,-0.2793975,-0.4227893,0.8620825,0.0,0.0,0.0,0.0,0.0,0.0,0.0,-0.3219367,1.756586,3.247783,1.160226,0.06337969,-3.519545,0.2427064,-0.1008665,0.07316907,0.9620635,28.80031,349.5752,6.014855,0.264444,0.01936191,-0.9642063,0.0,0.0,0.0,0.8514897,-0.3629721,-2.599388,-0.4179075,0.03541452,0.8898209,0.9689445,0.09182468,0.2295972,-0.1897485,0.8714798,0.4522372,-0.1585627,-0.4817585,0.8618391,moving,-17.95731,-26.12462,-25.15726,2.279146,-18.26842942114946,-20.73171180563948,29.30210236459589,24.019899327338276,27.959584285072058
2219,2219,05/15/2023 13:24:00.703985,2448,True,True,True,True,Eyes,1.027066,0.06640182,-3.518585,-0.2855597,-0.4220723,0.8604131,0.0,0.0,0.0,0.0,0.0,0.0,0.0,-0.2887993,1.773975,3.244032,1.168954,0.06432255,-3.519027,0.2448851,-0.1059565,0.07548247,0.9607846,29.11469,349.0044,6.120651,0.2658554,0.01924197,-0.9638205,0.0,0.0,0.0,0.8485458,-0.3629888,-2.599356,-0.4268963,0.0333401,0.8896689,0.9661512,0.09315044,0.2405718,-0.1969391,0.8686674,0.454568,-0.1666337,-0.4865594,0.857609,moving,-18.36032,-26.13008,-25.63343,2.146139,-18.65888307136138,-20.749617035401545,29.196621208764224,23.934492877276696,27.809586928737485
2220,2220,05/15/2023 13:24:00.713560,2449,True,True,True,True,Eyes,1.033454,0.06634539,-3.51819,-0.2914976,-0.4212139,0.8588411,0.0,0.0,0.0,0.0,0.0,0.0,0.0,-0.2632377,1.784619,3.242502,1.177645,0.06621096,-3.51806,0.246199,-0.1100629,0.07772794,0.9598078,29.32199,348.555,6.256214,0.2672878,0.01912929,-0.9634265,0.0,0.0,0.0,0.8456572,-0.3630052,-2.599324,-0.4333824,0.03059176,0.8918904,0.963689,0.09501301,0.2495515,-0.2034025,0.8666888,0.4554974,-0.1730053,-0.4897172,0.8545445,moving,-18.74763,-26.12539,-25.91579,1.96447,-19.033854894362086,-20.75723665268895,28.990045750312294,23.741040078502472,27.568736226838734
2221,2221,05/15/2023 13:24:00.734054,2450,True,True,True,True,Eyes,1.039932,0.06633208,-3.517791,-0.2973821,-0.4202613,0.857289,0.0,0.0,0.0,0.0,0.0,0.0,0.0,-0.2497762,1.779767,3.248253,1.186345,0.06840794,-3.51696,0.245464,-0.1129629,0.07859394,0.9595885,29.26471,348.2124,6.276876,0.2687406,0.01902563,-0.9630244,0.0,0.0,0.0,0.8427248,-0.3630218,-2.599293,-0.4377541,0.03568664,0.8942865,0.9621248,0.09537902,0.2553797,-0.2062923,0.8671408,0.4533325,-0.1782117,-0.4888452,0.8539736,moving,-19.13098,-26.11508,-26.08179,2.285184,-19.404838306364315,-20.7593095939732,29.238480721915018,23.992298116725216,27.73580457200021
2222,2222,05/15/2023 13:24:00.753943,2451,True,True,True,True,Eyes,1.046532,0.0664023,-3.517377,-0.3031066,-0.4193541,0.8557269,0.0,0.0,0.0,0.0,0.0,0.0,0.0,-0.2435428,1.769448,3.257052,1.195042,0.06941122,-3.51649,0.2440047,-0.115268,0.07789405,0.9597436,29.09907,347.8945,6.127255,0.270214,0.01893123,-0.9626139,0.0,0.0,0.0,0.8399608,-0.3630374,-2.599262,-0.4396171,0.03641379,0.8975711,0.9612916,0.09326472,0.2592684,-0.2057685,0.8687885,0.4504064,-0.1832424,-0.4863212,0.85435,moving,-19.50463,-26.10744,-26.09493,2.323173,-19.76650032830492,-20.76365454568636,29.184444652002018,23.9384758962189,27.63041569849501
2223,2223,05/15/2023 13:24:00.764164,2452,True,True,True,True,Eyes,1.053207,0.0665239,-3.516952,-0.3088405,-0.4182994,0.8541915,0.0,0.0,0.0,0.0,0.0,0.0,0.0,-0.2334168,1.780859,3.254189,1.203759,0.07146062,-3.515899,0.2456146,-0.1175085,0.0789689,0.9589729,29.31657,347.6438,6.171369,0.2717086,0.01884746,-0.9621948,0.0,0.0,0.0,0.836917,-0.3630547,-2.599229,-0.4403077,0.03261426,0.901479,0.9599113,0.09373446,0.2641668,-0.2091817,0.8668747,0.4525165,-0.1865831,-0.4896346,0.8517304,moving,-19.87791,-26.09109,-26.03219,2.071978,-20.12756649925948,-20.759583980475675,28.82765272253404,23.58272251360728,27.251309538931885
2224,2224,05/15/2023 13:24:00.783914,2453,True,True,True,True,Eyes,1.05995,0.06670202,-3.516553,-0.3143677,-0.4171854,0.8527187,0.0,0.0,0.0,0.0,0.0,0.0,0.0,-0.2229649,1.764709,3.266175,1.212316,0.07278709,-3.515224,0.2433787,-0.120449,0.07814644,0.9592456,29.0613,347.2412,5.995086,0.2732239,0.01877464,-0.961767,0.0,0.0,0.0,0.8340957,-0.3630707,-2.599198,-0.4390262,0.02787983,0.9061699,0.9587704,0.09129383,0.2691187,-0.2085527,0.86932,0.4480945,-0.193042,-0.4857451,0.8525177,moving,-20.23717,-26.0698,-25.84952,1.762245,-20.474919952569923,-20.750307393427963,28.392273621612713,23.145222853467505,26.801803231158996
2225,2225,05/15/2023 13:24:00.804048,2454,True,True,True,True,Eyes,1.06676,0.06693573,-3.516145,-0.3199105,-0.4160299,0.8512205,0.0,0.0,0.0,0.0,0.0,0.0,0.0,-0.2199034,1.763211,3.270653,1.220953,0.0743362,-3.515422,0.2432694,-0.1222134,0.07742745,0.9591084,29.04975,346.9927,5.847288,0.2747588,0.0187132,-0.9613308,0.0,0.0,0.0,0.8312826,-0.3630866,-2.599168,-0.4377345,0.02495894,0.9105092,0.9581378,0.08906104,0.2721033,-0.2079842,0.86965,0.4477181,-0.1967604,-0.4855689,0.8517677,moving,-20.59751,-26.04685,-25.67629,1.570202,-20.823274090913444,-20.73946300711504,28.080163237757436,22.8314019749892,26.462084342742862
2226,2226,05/15/2023 13:24:00.823557,2455,True,True,True,True,Eyes,1.073616,0.06718824,-3.515733,-0.3254973,-0.4144676,0.8498636,0.0,0.0,0.0,0.0,0.0,0.0,0.0,-0.2020825,1.753435,3.279588,1.229427,0.07587942,-3.5148,0.2416322,-0.1255916,0.07862251,0.9589887,28.89419,346.6008,5.906972,0.2763133,0.01866348,-0.9608861,0.0,0.0,0.0,0.8283094,-0.3631034,-2.599135,-0.4359167,0.02326122,0.9148053,0.9560905,0.09010225,0.2788773,-0.2114901,0.8708647,0.4436964,-0.2028864,-0.4831937,0.8516813,moving,-20.95681,-25.9979,-25.47841,1.456575,-21.16991201449635,-20.7034996965724,27.824325042768336,22.57503190360442,26.171054147114198
2227,2227,05/15/2023 13:24:00.834350,2456,True,True,True,True,Eyes,1.080553,0.06743881,-3.515348,-0.3311261,-0.4128894,0.8484562,0.0,0.0,0.0,0.0,0.0,0.0,0.0,-0.191986,1.718945,3.300956,1.237953,0.07652715,-3.514193,0.2366311,-0.1286459,0.07751048,0.9599209,28.30969,346.1804,5.731641,0.2778864,0.01862481,-0.9604331,0.0,0.0,0.0,0.8253878,-0.36312,-2.599103,-0.4344476,0.02552229,0.9191844,0.9548847,0.08792462,0.2836626,-0.2096911,0.8759958,0.4343514,-0.210297,-0.4742371,0.8549119,moving,-21.31916,-25.94923,-25.29751,1.590479,-21.519511419583825,-20.66790218456553,27.825578889345337,22.576731522322877,26.111578986207977
2228,2228,05/15/2023 13:24:00.854031,2457,True,True,True,True,Eyes,1.087559,0.06770834,-3.514967,-0.3367659,-0.4114445,0.8469369,0.0,0.0,0.0,0.0,0.0,0.0,0.0,-0.1744924,1.712883,3.308747,1.246893,0.07672018,-3.514483,0.2355718,-0.132258,0.07746784,0.959694,28.20613,345.721,5.62503,0.2794775,0.01859598,-0.9599718,0.0,0.0,0.0,0.8225749,-0.363136,-2.599072,-0.4335224,0.02858353,0.9232355,0.9530132,0.08637837,0.2903528,-0.2110033,0.8770093,0.4316621,-0.2173559,-0.4726451,0.8540276,moving,-21.68416,-25.91062,-25.15328,1.773321,-21.8719516102258,-20.642094241554485,27.90045488636128,22.65431430109619,26.11899352392057
2229,2229,05/15/2023 13:24:00.864021,2458,True,True,True,True,Eyes,1.094639,0.06799093,-3.514582,-0.3425034,-0.409908,0.8453797,0.0,0.0,0.0,0.0,0.0,0.0,0.0,-0.1554182,1.714139,3.312046,1.255443,0.07745093,-3.514248,0.2356486,-0.1359052,0.07780725,0.959138,28.24142,345.2676,5.550156,0.2810862,0.01857653,-0.9595023,0.0,0.0,0.0,0.8197232,-0.3631521,-2.599041,-0.4347059,0.03102332,0.9261948,0.9509516,0.08520402,0.2973741,-0.2133075,0.8768316,0.4308901,-0.2240334,-0.4731878,0.851999,moving,-22.0552,-25.86784,-25.14283,1.918431,-22.23012767166482,-20.612452234928693,27.957294488242972,22.718374374049745,26.10868176653911
2230,2230,05/15/2023 13:24:00.883602,2459,True,True,True,True,Eyes,1.10184,0.06827154,-3.514188,-0.3483095,-0.4083892,0.8437409,0.0,0.0,0.0,0.0,0.0,0.0,0.0,-0.1327767,1.699962,3.32323,1.264364,0.07801782,-3.513781,0.2334713,-0.1402383,0.07794473,0.9590355,28.01328,344.7246,5.461138,0.2827132,0.01856582,-0.9590244,0.0,0.0,0.0,0.8168892,-0.3631682,-2.59901,-0.4360786,0.03297541,0.9291043,0.9485157,0.08402028,0.3053827,-0.2149867,0.8788315,0.4259529,-0.2325913,-0.4696763,0.8516487,moving,-22.43161,-25.82801,-25.14319,2.032666,-22.593584883611204,-20.585824946004504,27.992319183543472,22.761735850413597,26.077358807712688
2231,2231,05/15/2023 13:24:00.903976,2460,True,True,True,True,Eyes,1.10913,0.06854431,-3.5138,-0.3541133,-0.4069121,0.842037,0.0,0.0,0.0,0.0,0.0,0.0,0.0,-0.1134876,1.68597,3.334229,1.273659,0.07819965,-3.513422,0.2313335,-0.1442442,0.077654,0.9589829,27.78092,344.2113,5.331028,0.2843584,0.01856292,-0.9585379,0.0,0.0,0.0,0.8139806,-0.3631847,-2.598979,-0.4384333,0.03367162,0.9310976,0.9463269,0.08220067,0.3125835,-0.2156748,0.8809093,0.4212876,-0.2407276,-0.4660921,0.8513567,moving,-22.80887,-25.79203,-25.21471,2.071105,-22.95797028535442,-20.56293901442411,27.96680815062429,22.746270520385238,25.990334104261624
2232,2232,05/15/2023 13:24:00.914022,2461,True,True,True,True,Eyes,1.116484,0.0688253,-3.513412,-0.3596845,-0.4056623,0.8402768,0.0,0.0,0.0,0.0,0.0,0.0,0.0,-0.09904468,1.686094,3.338035,1.283139,0.07829116,-3.513207,0.2312288,-0.1474927,0.07742545,0.9585325,27.78273,343.7921,5.202333,0.2860219,0.01856681,-0.9580428,0.0,0.0,0.0,0.8109412,-0.3632019,-2.598946,-0.4388994,0.03963363,0.9343819,0.9445024,0.0802205,0.3185591,-0.2166387,0.8810771,0.4204412,-0.2469472,-0.4661199,0.8495583,moving,-23.17357,-25.76996,-25.16046,2.428856,-23.310570967892037,-20.553080418974087,28.268727521307994,23.05626793296957,26.202627809761363
2233,2233,05/15/2023 13:24:00.933852,2462,True,True,True,True,Eyes,1.123918,0.06910001,-3.513037,-0.3652758,-0.4043464,0.8384973,0.0,0.0,0.0,0.0,0.0,0.0,0.0,-0.0871948,1.683717,3.34264,1.29224,0.0787871,-3.512784,0.2308387,-0.1503852,0.07709061,0.958204,27.74697,343.4155,5.07628,0.2877038,0.01857699,-0.9575388,0.0,0.0,0.0,0.8081239,-0.3632178,-2.598915,-0.438711,0.04404795,0.9374558,0.9428827,0.0783076,0.3237904,-0.2171665,0.8815411,0.4191945,-0.2526084,-0.4655677,0.8481956,moving,-23.53946,-25.74464,-25.07868,2.690161,-23.66423550943856,-20.540123348971456,28.476430712397946,23.27330582772778,26.32967042741491
2234,2234,05/15/2023 13:24:00.953941,2463,True,True,True,True,Eyes,1.131457,0.06936588,-3.512669,-0.3707712,-0.4032376,0.8366171,1.081894,0.7303224,-0.3668944,-2.607538,-0.7505846,-0.2199065,-0.6231083,-0.2733791,0.1071567,1.121733,1.301652,0.07889919,-3.51272,0.2295747,-0.1535773,0.07628026,0.9580662,27.60189,342.9896,4.89693,0.2894032,0.01859264,-0.9570263,0.0,0.0,0.0,0.8052136,-0.3632343,-2.598883,-0.4385068,0.04449847,0.9407221,0.9411907,0.07564816,0.3292984,-0.216678,0.8829536,0.4164657,-0.2592504,-0.4633253,0.847419,moving,-23.90192,-25.73341,-24.99204,2.708213,-24.014962409076013,-20.540653577159595,28.462506574237782,23.269389285953647,26.25713114223907
2235,2235,05/15/2023 13:24:00.963598,2464,True,True,True,True,Eyes,1.139098,0.06962143,-3.512312,-0.3761548,-0.4021523,0.8347341,1.080891,0.7325159,-0.3650616,-2.610055,-0.6042918,-0.097739,-0.7907456,-0.2748268,0.1089067,1.122346,1.311544,0.07897329,-3.512613,0.2296064,-0.1563887,0.07565161,0.9576536,27.60859,342.6134,4.730615,0.2911207,0.01861294,-0.9565048,0.0,0.0,0.0,0.802344,-0.3632506,-2.598852,-0.4377766,0.04274079,0.9440267,0.9396389,0.07308041,0.3342725,-0.2167117,0.8831155,0.4161047,-0.2647921,-0.4634289,0.845647,moving,-24.25767,-25.72351,-24.87873,2.592295,-24.359227115451,-20.54225666262306,28.32261513917147,23.140383831683305,26.071820785268585
2236,2236,05/15/2023 13:24:00.983844,2465,True,True,True,True,Eyes,1.146852,0.06987023,-3.511968,-0.3813439,-0.4012101,0.8328309,1.081338,0.7344902,-0.3639734,-2.611397,-0.4730249,-0.02523722,-0.8806875,-0.2792259,0.1107345,1.123735,1.321647,0.07898606,-3.512531,0.2295957,-0.1579519,0.07528014,0.9574289,27.60829,342.4036,4.6359,0.2928572,0.01863712,-0.9559742,0.0,0.0,0.0,0.7993569,-0.3632675,-2.598819,-0.4371738,0.04042715,0.9471737,0.9387682,0.07162063,0.3370233,-0.2166809,0.8832374,0.4158618,-0.2678874,-0.4634243,0.8446741,moving,-24.60251,-25.7221,-24.77597,2.444008,-24.69315728536033,-20.55170929150185,28.166642118635018,22.99586640456026,25.87368133214704
2237,2237,05/15/2023 13:24:01.003982,2466,True,True,True,True,Eyes,1.154708,0.07011433,-3.511649,-0.3864398,-0.4002085,0.8309618,1.082334,0.7364509,-0.363045,-2.612271,-0.3422478,0.03666003,-0.9388943,-0.2855369,0.11169,1.125361,1.331717,0.07907423,-3.512622,0.2287598,-0.1587707,0.07588611,0.9574457,27.52575,342.3209,4.700621,0.2946129,0.01866456,-0.955434,0.0,0.0,0.0,0.796532,-0.3632835,-2.598788,-0.4356394,0.03888375,0.9503104,0.9380663,0.07267293,0.3387481,-0.2179544,0.8838205,0.4139532,-0.2693093,-0.4621472,0.8449216,moving,-24.94084,-25.71644,-24.62757,2.343058,-25.020666794168857,-20.55685714026907,28.061246695485643,22.90328881451549,25.723149335857755
2238,2238,05/15/2023 13:24:01.015032,2467,True,True,True,True,Eyes,1.162723,0.07034256,-3.511336,-0.3915623,-0.3992583,0.8290186,1.083879,0.7383165,-0.3624054,-2.61278,-0.2178521,0.07930581,-0.9727544,-0.2902462,0.1112586,1.128336,1.342076,0.07917303,-3.512917,0.2269821,-0.1605349,0.07707215,0.9574798,27.34886,342.1388,4.825124,0.2963875,0.01869477,-0.9548844,0.0,0.0,0.0,0.7936057,-0.3633001,-2.598757,-0.4340208,0.04046574,0.9535698,0.9365769,0.07471292,0.3424059,-0.2204672,0.885078,0.4099161,-0.2724299,-0.4594072,0.8454153,moving,-25.28231,-25.71563,-24.47283,2.429949,-25.35134956783082,-20.566783011650628,28.157217105311403,23.01350646569832,25.755741757808153
2239,2239,05/15/2023 13:24:01.034334,2468,True,True,True,True,Eyes,1.170853,0.07053521,-3.511045,-0.3965732,-0.3982533,0.8271178,1.085711,0.7402887,-0.3618528,-2.613034,-0.08635103,0.116114,-0.9894751,-0.2938832,0.1108318,1.131867,1.352928,0.07898448,-3.513095,0.225438,-0.1627606,0.07735027,0.9574464,27.18524,341.8704,4.819284,0.2981827,0.01872699,-0.9543247,0.0,0.0,0.0,0.7908182,-0.3633159,-2.598726,-0.4328624,0.04462585,0.956392,0.9350519,0.07473262,0.3465444,-0.2215023,0.8863893,0.4065104,-0.2767937,-0.4568688,0.8453734,moving,-25.61604,-25.71059,-24.35147,2.671519,-25.674421002595743,-20.57238483122048,28.410266605098606,23.281521957773617,25.93243237118088
2240,2240,05/15/2023 13:24:01.053960,2469,True,True,True,True,Eyes,1.179146,0.07070086,-3.510772,-0.4015346,-0.3973331,0.8251644,1.087952,0.7422961,-0.3615785,-2.613033,0.04746145,0.1344496,-0.9897832,-0.2993454,0.1111475,1.135092,1.363845,0.07830748,-3.513352,0.2242875,-0.1640426,0.07720993,0.9575093,27.05503,341.7083,4.78399,0.2999987,0.01876003,-0.9537548,0.0,0.0,0.0,0.787715,-0.3633335,-2.598692,-0.4331349,0.0471952,0.9585497,0.9342573,0.07427301,0.3487791,-0.2214439,0.8874675,0.4041833,-0.2795102,-0.4548462,0.8455702,moving,-25.94809,-25.71174,-24.31654,2.818741,-25.99603419775373,-20.58390644361412,28.577094000157903,23.462834614137883,26.029159623829475
2241,2241,05/15/2023 13:24:01.063885,2470,True,True,True,True,Eyes,1.187563,0.07084656,-3.510534,-0.4063134,-0.3963875,0.8232778,1.090501,0.7444782,-0.3614143,-2.612749,0.1928824,0.1453362,-0.9703987,-0.3066079,0.1130337,1.138362,1.375205,0.0778027,-3.513818,0.2235529,-0.1646137,0.07775316,0.9575391,26.98258,341.6545,4.847398,0.3018365,0.01879302,-0.9531741,0.0,0.0,0.0,0.784969,-0.3633491,-2.598662,-0.4326624,0.04776925,0.960837,0.9337136,0.07530361,0.3500119,-0.2225031,0.8879571,0.4025227,-0.2804842,-0.4537196,0.8458529,moving,-26.26778,-25.70964,-24.24191,2.84619,-26.30558842743454,-20.591904696814105,28.627601650257045,23.52877072158008,26.02307267272746
2242,2242,05/15/2023 13:24:01.083931,2471,True,True,True,True,Eyes,1.196113,0.07097367,-3.51033,-0.4111201,-0.3954895,0.8213211,1.093531,0.7465405,-0.3615065,-2.61219,0.3304558,0.1392474,-0.933493,-0.3144356,0.1141956,1.142112,1.386585,0.07744978,-3.514404,0.222607,-0.164956,0.07821225,0.9576631,26.88287,341.6281,4.911292,0.303697,0.01882538,-0.9525824,0.0,0.0,0.0,0.7821473,-0.3633651,-2.598631,-0.4319874,0.04872817,0.9630852,0.9333448,0.07636131,0.3507656,-0.2232427,0.888658,0.4005617,-0.2811232,-0.452168,0.8464714,moving,-26.59069,-25.71214,-24.1584,2.896462,-26.618386582575656,-20.604442266622844,28.711811907967494,23.629304588485546,26.047727822314485
2243,2243,05/15/2023 13:24:01.103712,2472,True,True,True,True,Eyes,1.204796,0.07106728,-3.510168,-0.4158098,-0.394492,0.8194378,1.096963,0.748668,-0.3616761,-2.611274,0.4721615,0.1279,-0.872184,-0.3210183,0.1135421,1.146909,1.398171,0.07712001,-3.515127,0.2208549,-0.1658771,0.07847063,0.9578885,26.68863,341.5255,4.948019,0.30558,0.01885663,-0.9519794,0.0,0.0,0.0,0.7792481,-0.3633815,-2.5986,-0.4302195,0.05354205,0.9656,0.9326543,0.07706272,0.3524447,-0.2236018,0.8901309,0.3970758,-0.2831222,-0.4491417,0.8474158,moving,-26.90474,-25.707,-24.01518,3.173773,-26.922395719496997,-20.609330498547347,29.024965220842713,23.96013178724828,26.285201691250503
2244,2244,05/15/2023 13:24:01.114231,2473,True,True,True,True,Eyes,1.213603,0.07112207,-3.510056,-0.4205994,-0.3934799,0.8174776,1.100888,0.7505699,-0.3620552,-2.610105,0.5989051,0.1026203,-0.7942178,-0.3277641,0.1128413,1.152203,1.410066,0.07638437,-3.515958,0.2191589,-0.1668056,0.07816,0.9581421,26.49027,341.4057,4.913743,0.3074855,0.01888591,-0.9513651,0.0,0.0,0.0,0.7762859,-0.3633983,-2.598567,-0.4258006,0.0581831,0.9691916,0.9321338,0.0766629,0.3539059,-0.2228906,0.8917208,0.3938956,-0.285388,-0.4460458,0.8482906,moving,-27.22622,-25.7031,-23.71761,3.435493,-27.23363443314321,-20.6156481356624,29.349070618194183,24.306785425926073,26.538639526173576
2245,2245,05/15/2023 13:24:01.133813,2474,True,True,True,True,Eyes,1.222532,0.07113402,-3.51,-0.4252197,-0.3924188,0.8155953,1.105397,0.7524959,-0.3626443,-2.608444,0.7272176,0.06335004,-0.6834773,-0.3346876,0.1132955,1.157995,1.422089,0.07552984,-3.516988,0.2181482,-0.1674661,0.07734367,0.9583238,26.36054,341.3031,4.81276,0.3094137,0.01891232,-0.9507393,0.0,0.0,0.0,0.7734818,-0.3634141,-2.598537,-0.4194587,0.06176892,0.973453,0.9319461,0.07517569,0.3547183,-0.2213054,0.8928586,0.3922084,-0.2872287,-0.4440181,0.8487329,moving,-27.53579,-25.69426,-23.3111,3.630745,-27.533203909563436,-20.616825913788592,29.627755970476823,24.61241265382891,26.759417171981124
2246,2246,05/15/2023 13:24:01.154078,2475,True,True,True,True,Eyes,1.231603,0.07110572,-3.509989,-0.4301127,-0.391351,0.8135401,1.110432,0.7539917,-0.3634632,-2.606608,0.8274552,0.008786772,-0.561463,-0.3427858,0.114412,1.16394,1.433984,0.07450069,-3.51828,0.2171852,-0.1677159,0.07692596,0.9585325,26.24188,341.2637,4.772281,0.3113643,0.01893495,-0.9501017,0.0,0.0,0.0,0.7704474,-0.3634313,-2.598504,-0.4130232,0.06613192,0.9779121,0.9319075,0.0746212,0.3549366,-0.2203228,0.893826,0.3905546,-0.2881079,-0.4421614,0.8494039,moving,-27.86508,-25.68974,-22.89686,3.868773,-27.851989499216373,-20.622790235429257,29.97313631803601,24.987796582912917,27.041517209721405
2247,2247,05/15/2023 13:24:01.163563,2476,True,True,True,True,Eyes,1.240775,0.07102314,-3.510042,-0.4349078,-0.3902002,0.8115411,1.116236,0.7553149,-0.3645324,-2.60417,0.9149949,-0.06247764,-0.3985986,-0.3496253,0.1142482,1.17097,1.445668,0.07347386,-3.519607,0.2154001,-0.1685269,0.07700346,0.9587868,26.04008,341.1705,4.791996,0.3133373,0.01895302,-0.9494525,0.0,0.0,0.0,0.7676254,-0.3634473,-2.598473,-0.4060358,0.06783515,0.9820359,0.9313384,0.07505841,0.3563358,-0.2202612,0.8953466,0.3870912,-0.2899896,-0.4389998,0.850403,moving,-28.18702,-25.67889,-22.46329,3.951488,-28.163484189364706,-20.622416532193668,30.178144169842252,25.226355221352048,27.199428213539218
2248,2248,05/15/2023 13:24:01.184226,2477,True,True,True,True,Eyes,1.250068,0.07088871,-3.51014,-0.440139,-0.3890339,0.8092777,1.122534,0.7559972,-0.3658152,-2.601698,0.9609072,-0.1480251,-0.2339789,-0.3555613,0.1146218,1.178776,1.457309,0.07205229,-3.521214,0.2134338,-0.1699554,0.07754239,0.9589309,25.82946,341.0129,4.854244,0.3153317,0.01896549,-0.9487917,0.0,0.0,0.0,0.7648144,-0.3634633,-2.598442,-0.3958604,0.07074827,0.9876385,0.9302047,0.07616714,0.3590513,-0.2212641,0.8968664,0.382979,-0.2928507,-0.435694,0.8511224,moving,-28.54029,-25.67441,-21.84166,4.097314,-28.50549487947034,-20.629171384228112,30.516015365854635,25.60870505818855,27.48789908219737
2249,2249,05/15/2023 13:24:01.203763,2478,True,True,True,True,Eyes,1.259456,0.07074995,-3.510275,-0.4452982,-0.3879937,0.8069513,1.13076,0.7559308,-0.3679778,-2.597807,0.9560576,-0.2920731,0.02543704,-0.3604636,0.116953,1.188491,1.468992,0.07063346,-3.522624,0.2119432,-0.1719875,0.07895894,0.9587835,25.69467,340.8013,4.99798,0.3173481,0.01897147,-0.9481191,0.0,0.0,0.0,0.7619234,-0.3634796,-2.598411,-0.383827,0.07383382,0.9936239,0.9283715,0.07850592,0.3632672,-0.2243123,0.8976911,0.3792554,-0.2963279,-0.4335753,0.8510008,moving,-28.89113,-25.67891,-21.12105,4.249702,-28.845397055702534,-20.64451446585973,30.920801403795213,26.06506379976888,27.84870278612123
2250,2250,05/15/2023 13:24:01.214402,2479,True,True,True,True,Eyes,1.268922,0.07064409,-3.51043,-0.4508732,-0.3871357,0.8042632,0.0,0.0,0.0,0.0,0.0,0.0,0.0,-0.07334256,1.607296,3.467688,1.480705,0.07036109,-3.523663,0.2116404,-0.1748011,0.08215044,0.9580733,25.73783,340.535,5.313782,0.319385,0.01897148,-0.9474348,0.0,0.0,0.0,0.7587344,-0.3634977,-2.598376,-0.3725346,0.07850584,0.9994286,0.9253917,0.0834223,0.3697172,-0.2314022,0.8969194,0.376814,-0.3001719,-0.434254,0.8493058,moving,-29.27517,-25.70405,-20.44282,4.491403,-29.218015411354635,-20.680813266468284,31.4607022871027,26.657916765443428,28.331860893685736
2251,2251,05/15/2023 13:24:01.233953,2480,True,True,True,True,Eyes,1.278493,0.07055181,-3.510634,-0.4565081,-0.3863809,0.8014426,0.0,0.0,0.0,0.0,0.0,0.0,0.0,-0.04305542,1.612291,3.47147,1.492378,0.07103984,-3.524231,0.2113958,-0.1793137,0.08597773,0.9569569,25.81248,340.0714,5.657247,0.3214416,0.01896695,-0.9467392,0.0,0.0,0.0,0.7560924,-0.3635127,-2.598347,-0.3614159,0.08510512,1.004447,0.9209088,0.08874159,0.3795417,-0.2403663,0.8958393,0.3737593,-0.3068404,-0.4354273,0.8463168,moving,-29.66618,-25.73903,-19.78953,4.843008,-29.597652361565828,-20.726824828645334,32.137349975627174,27.386412966000428,28.944494420299993
2252,2252,05/15/2023 13:24:01.253905,2481,True,True,True,True,Eyes,1.288181,0.07057547,-3.510847,-0.4623671,-0.3860691,0.7982276,0.0,0.0,0.0,0.0,0.0,0.0,0.0,-0.01744425,1.619959,3.474826,1.504555,0.0712979,-3.525652,0.2120886,-0.1838836,0.08666635,0.9558735,25.93383,339.5112,5.595431,0.3235174,0.01895867,-0.946032,0.0,0.0,0.0,0.7533066,-0.3635285,-2.598317,-0.3471266,0.08996779,1.010532,0.9173515,0.08768492,0.3883009,-0.2436834,0.8950148,0.3735867,-0.3147771,-0.4373328,0.8424105,moving,-30.08124,-25.8111,-18.95804,5.087636,-30.001592532789477,-20.80937711244181,32.83987613615033,28.153425025926484,29.59284746815954
2253,2253,05/15/2023 13:24:01.263961,2482,True,True,True,True,Eyes,1.297946,0.07068264,-3.511004,-0.4682857,-0.3855161,0.7950383,0.0,0.0,0.0,0.0,0.0,0.0,0.0,0.005309105,1.662149,3.46085,1.516895,0.07419015,-3.526156,0.2177354,-0.1875343,0.0890351,0.9536744,26.65977,339.0925,5.660993,0.3256125,0.01895007,-0.9453132,0.0,0.0,0.0,0.7503548,-0.3635452,-2.598284,-0.3307134,0.09145018,1.017162,0.9138073,0.08815531,0.3964655,-0.2514867,0.8893281,0.3819031,-0.3189211,-0.4486916,0.8348444,moving,-30.49852,-25.86887,-18.01108,5.13749,-30.40729276567081,-20.878201536097755,33.42649425535379,28.818089753367907,30.145163701305936
2254,2254,05/15/2023 13:24:01.283849,2483,True,True,True,True,Eyes,1.307787,0.07077434,-3.511181,-0.4743578,-0.3844796,0.7919344,0.0,0.0,0.0,0.0,0.0,0.0,0.0,0.02414739,1.635433,3.477504,1.528618,0.0762455,-3.52502,0.2139735,-0.1916341,0.08912015,0.953703,26.25016,338.5905,5.629513,0.3277269,0.01894343,-0.9445823,0.0,0.0,0.0,0.7474394,-0.3635617,-2.598253,-0.3139577,0.09417385,1.023684,0.910668,0.08797909,0.4036626,-0.2519975,0.8925459,0.3739773,-0.3273852,-0.4422911,0.8349835,moving,-30.92103,-25.8963,-17.05046,5.256133,-30.817230767858792,-20.917916158079528,34.10083274561472,29.5737185133073,30.786245222889175
2255,2255,05/15/2023 13:24:01.303769,2484,True,True,True,True,Eyes,1.317688,0.0708906,-3.511408,-0.4802503,-0.3838424,0.7886854,0.0,0.0,0.0,0.0,0.0,0.0,0.0,0.01341701,1.611349,3.49459,1.540074,0.07592383,-3.52579,0.2107906,-0.1924933,0.08565532,0.9545559,25.81068,338.4013,5.250051,0.3298594,0.0189381,-0.9438398,0.0,0.0,0.0,0.744577,-0.3635779,-2.598222,-0.2990274,0.09787747,1.02928,0.9112189,0.08237399,0.4036019,-0.2446771,0.896461,0.3694466,-0.3313806,-0.4353989,0.8370273,moving,-31.33828,-25.95155,-16.19969,5.432101,-31.222833227893403,-20.98430819837157,34.844087838224446,30.389496662195796,31.487492232588913
2256,2256,05/15/2023 13:24:01.313900,2485,True,True,True,True,Eyes,1.327574,0.0710507,-3.511634,-0.4862544,-0.3831137,0.7853538,0.0,0.0,0.0,0.0,0.0,0.0,0.0,0.02578378,1.647478,3.484158,1.551449,0.07670221,-3.527226,0.2152718,-0.1947363,0.08760592,0.9529224,26.38462,338.1493,5.323919,0.3320085,0.01893456,-0.943086,0.0,0.0,0.0,0.7415842,-0.3635949,-2.598189,-0.2841552,0.1059109,1.034703,0.9088059,0.08312081,0.4088554,-0.2508057,0.8919665,0.3761545,-0.3334191,-0.4443947,0.8314716,moving,-31.76386,-26.00419,-15.35628,5.844373,-31.63643190458673,-21.04844316091051,35.82652155347166,31.436712727334395,32.417124934921944
2257,2257,05/15/2023 13:24:01.334684,2486,True,True,True,True,Eyes,1.337503,0.07122771,-3.511905,-0.492199,-0.3824474,0.7819681,0.0,0.0,0.0,0.0,0.0,0.0,0.0,0.03280807,1.648924,3.487956,1.561513,0.0779307,-3.527246,0.2153407,-0.1968174,0.08773112,0.9524677,26.40696,337.8881,5.27585,0.3341717,0.01893377,-0.9423218,0.0,0.0,0.0,0.7415842,-0.3635949,-2.598189,-0.2688885,0.1117603,1.039269,0.9071323,0.08235653,0.4127086,-0.2518877,0.8918633,0.375676,-0.3371403,-0.4447441,0.8297827,static,-32.1878,-26.06248,-14.50596,6.137854,-32.048596355219225,-21.11797814711812,36.73566353691132,32.41333793862238,33.28073927566312
2258,2258,05/15/2023 13:24:01.354136,2487,True,True,True,True,Eyes,1.34738,0.0714288,-3.51223,-0.4980668,-0.3820151,0.7784561,0.0,0.0,0.0,0.0,0.0,0.0,0.0,0.04605496,1.656253,3.490672,1.572543,0.07854542,-3.528601,0.2162077,-0.1998156,0.08735967,0.9516808,26.51506,337.4921,5.121188,0.3363472,0.01893588,-0.9415474,0.0,0.0,0.0,0.7415842,-0.3635949,-2.598189,-0.2589322,0.1239587,1.042521,0.904884,0.07987371,0.418097,-0.2526804,0.8912451,0.3766097,-0.3425456,-0.446433,0.8266559,static,-32.61167,-26.13877,-13.94837,6.780792,-32.461183859968,-21.20487838592039,37.84199161198897,33.55476156916042,34.310498052812626
2259,2259,05/15/2023 13:24:01.364065,2488,True,True,True,True,Eyes,1.357257,0.07167258,-3.512533,-0.5038822,-0.381641,0.7748889,0.0,0.0,0.0,0.0,0.0,0.0,0.0,0.0585984,1.694625,3.47759,1.582472,0.07944097,-3.529631,0.2209477,-0.2017462,0.08992512,0.9499443,27.13316,337.2916,5.267148,0.3385318,0.0189412,-0.940764,0.0,0.0,0.0,0.7415842,-0.3635949,-2.598189,-0.254165,0.1309513,1.044362,0.902424,0.081697,0.4230327,-0.2599984,0.8861912,0.3834918,-0.3435577,-0.45606,0.8209612,static,-33.03449,-26.22074,-13.67809,7.146951,-32.87290935647256,-21.29722609464933,38.57554955708967,34.31489910693877,34.96441887240843
2260,2260,05/15/2023 13:24:01.384061,2489,True,True,True,True,Eyes,1.367079,0.0719213,-3.512839,-0.5097803,-0.3808086,0.771433,0.0,0.0,0.0,0.0,0.0,0.0,0.0,0.08227372,1.692654,3.482465,1.592438,0.08068408,-3.529453,0.2200441,-0.2053469,0.0928064,0.949105,27.11673,336.9184,5.53136,0.3407237,0.01895053,-0.9399722,0.0,0.0,0.0,0.7415842,-0.3635949,-2.598189,-0.2535089,0.1254005,1.046358,0.8984392,0.08579528,0.4306346,-0.2665368,0.8859352,0.3795748,-0.3489486,-0.4558049,0.8188265,static,-33.45763,-26.2727,-13.61905,6.834002,-33.28412641316383,-21.360628443021188,38.59563412788037,34.37517150726829,34.92715829338139
2261,2261,05/15/2023 13:24:01.404042,2490,True,True,True,True,Eyes,1.376897,0.07213973,-3.513139,-0.5156449,-0.3799279,0.7679617,0.0,0.0,0.0,0.0,0.0,0.0,0.0,0.09824932,1.669221,3.497645,1.602345,0.08103731,-3.52922,0.2164248,-0.2085984,0.09341307,0.9491686,26.73206,336.5402,5.592558,0.3429202,0.01896359,-0.9391729,0.0,0.0,0.0,0.7415842,-0.3635949,-2.598189,-0.2510815,0.128096,1.049251,0.8955213,0.08703778,0.436424,-0.2676212,0.8888686,0.3718756,-0.3555564,-0.4498188,0.819294,static,-33.87923,-26.32264,-13.45758,6.960409,-33.6937969357167,-21.422033488360217,39.04875336625871,34.85781859890924,35.30987211607729
2262,2262,05/15/2023 13:24:01.414181,2491,True,True,True,True,Eyes,1.386639,0.07233548,-3.513428,-0.5216915,-0.3787184,0.7644674,0.0,0.0,0.0,0.0,0.0,0.0,0.0,0.1155766,1.662061,3.505181,1.612111,0.08051126,-3.529407,0.2150277,-0.2118853,0.0939234,0.9487076,26.60255,336.1427,5.589509,0.3451202,0.01897918,-0.9383663,0.0,0.0,0.0,0.7415842,-0.3635949,-2.598189,-0.2459472,0.1313073,1.052444,0.892566,0.08708928,0.4424267,-0.2693341,0.889883,0.3681949,-0.3616422,-0.4477989,0.8177353,static,-34.3106,-26.35389,-13.15349,7.111715,-34.11241978741851,-21.465711689908453,39.59255007660058,35.4393291986605,35.79137264096424
2263,2263,05/15/2023 13:24:01.433719,2492,True,True,True,True,Eyes,1.39633,0.07249528,-3.513717,-0.5278298,-0.3774655,0.760865,0.0,0.0,0.0,0.0,0.0,0.0,0.0,0.1378855,1.64816,3.514707,1.620974,0.08015685,-3.529111,0.212919,-0.2158996,0.09384206,0.9482862,26.38094,335.6404,5.511287,0.347321,0.01899646,-0.9375536,0.0,0.0,0.0,0.7415842,-0.3635949,-2.598189,-0.2428024,0.1344818,1.055531,0.8891621,0.08604001,0.4494306,-0.2699165,0.8917183,0.3632954,-0.3695076,-0.4443372,0.8161058,static,-34.74995,-26.38603,-12.95433,7.260757,-34.53879533236452,-21.510498842517848,40.08934180811365,35.96768419622903,36.21910041710005
2264,2264,05/15/2023 13:24:01.453793,2493,True,True,True,True,Eyes,1.405943,0.07263094,-3.514001,-0.534039,-0.3760773,0.7572108,0.0,0.0,0.0,0.0,0.0,0.0,0.0,0.1671115,1.643802,3.519689,1.629538,0.07945949,-3.529378,0.2124089,-0.2209345,0.09250674,0.9473716,26.31694,334.9648,5.21159,0.3495208,0.01901429,-0.9367354,0.0,0.0,0.0,0.7415842,-0.3635949,-2.598189,-0.2398276,0.1361584,1.058649,0.8852609,0.08141958,0.4579127,-0.2691334,0.8926499,0.3615844,-0.3793157,-0.4433362,0.8121408,static,-35.19422,-26.41181,-12.76441,7.328881,-34.969762337324454,-21.54930377244198,40.51580686341543,36.428384924067394,36.58025466327851
2265,2265,05/15/2023 13:24:01.474345,2494,True,True,True,True,Eyes,1.415515,0.07275924,-3.514235,-0.5402597,-0.3747501,0.7534466,0.0,0.0,0.0,0.0,0.0,0.0,0.0,0.1948142,1.653684,3.517411,1.638145,0.07907386,-3.529169,0.2140198,-0.2257797,0.09084985,0.9460261,26.48483,334.2892,4.822736,0.3517177,0.01903199,-0.9359124,0.0,0.0,0.0,0.7415842,-0.3635949,-2.598189,-0.2370871,0.1278711,1.06217,0.8815397,0.07525001,0.4660743,-0.2685353,0.8918837,0.3639126,-0.3882996,-0.4459608,0.8064381,static,-35.64246,-26.44489,-12.58273,6.864609,-35.40477325043937,-21.595276653710528,40.51263841449852,36.480278912683815,36.53558083592982
2266,2266,05/15/2023 13:24:01.484180,2495,True,True,True,True,Eyes,1.425019,0.07287217,-3.514436,-0.5464497,-0.3733917,0.7496475,0.0,0.0,0.0,0.0,0.0,0.0,0.0,0.2174181,1.660049,3.51613,1.646796,0.07905251,-3.528175,0.2151233,-0.2299799,0.08946216,0.9448956,26.59539,333.7048,4.497389,0.3539103,0.01904938,-0.9350851,0.0,0.0,0.0,0.7415842,-0.3635949,-2.598189,-0.2333064,0.1240082,1.06614,0.8782116,0.07011675,0.4731048,-0.2680129,0.891437,0.3653893,-0.3961232,-0.4476872,0.8016624,static,-36.08989,-26.47742,-12.34361,6.634555,-35.83898470139539,-21.640693463961902,40.74664037977886,36.76305629375434,36.72163951296447
2267,2267,05/15/2023 13:24:01.503825,2496,True,True,True,True,Eyes,1.434466,0.07300118,-3.51459,-0.5524901,-0.3721356,0.7458349,0.0,0.0,0.0,0.0,0.0,0.0,0.0,0.2278371,1.667889,3.514893,1.654988,0.07882012,-3.527469,0.2163909,-0.232622,0.08772892,0.9441216,26.7061,333.3077,4.171288,0.3560972,0.01906611,-0.9342542,0.0,0.0,0.0,0.7415842,-0.3635949,-2.598189,-0.2312368,0.1310312,1.06914,0.8763813,0.06497894,0.4772144,-0.2663281,0.8909573,0.3677833,-0.4012794,-0.449414,0.798124,static,-36.52983,-26.51698,-12.20412,6.987187,-36.26613398424623,-21.692658364915257,41.403736224741714,37.43680070643741,37.29665348812772
2268,2268,05/15/2023 13:24:01.513571,2497,True,True,True,True,Eyes,1.443812,0.07312502,-3.514707,-0.558347,-0.3707303,0.7421641,0.0,0.0,0.0,0.0,0.0,0.0,0.0,0.2330602,1.67953,3.511832,1.663069,0.0793691,-3.526472,0.2181835,-0.2344867,0.08646136,0.9433644,26.885,333.0171,3.909203,0.3582776,0.01908269,-0.9334198,0.0,0.0,0.0,0.7415842,-0.3635949,-2.598189,-0.2315091,0.1351871,1.071996,0.8750809,0.06080686,0.4801417,-0.2654514,0.8898408,0.371105,-0.4046839,-0.4522012,0.7948239,static,-36.95498,-26.54332,-12.18649,7.187511,-36.67859903461093,-21.73140407341301,41.84790385229183,37.89679477194008,37.66340518215311
2269,2269,05/15/2023 13:24:01.534558,2498,True,True,True,True,Eyes,1.453087,0.07327132,-3.514763,-0.564028,-0.369424,0.738511,0.0,0.0,0.0,0.0,0.0,0.0,0.0,0.2368122,1.677139,3.515275,1.670762,0.07936043,-3.525378,0.2179186,-0.2361711,0.08528013,0.943113,26.82874,332.7705,3.721836,0.3604496,0.01909902,-0.9325829,0.0,0.0,0.0,0.7415842,-0.3635949,-2.598189,-0.2344837,0.1336524,1.075051,0.873901,0.05792541,0.4826403,-0.2637897,0.8904775,0.3707623,-0.4083038,-0.4513251,0.7934694,static,-37.3703,-26.57551,-12.30431,7.08676,-37.08170350963418,-21.77548596502648,41.969658995910365,38.03877589088468,37.715624093462736
2270,2270,05/15/2023 13:24:01.553922,2499,True,True,True,True,Eyes,1.462273,0.07342269,-3.514763,-0.5695885,-0.3680494,0.7349208,0.0,0.0,0.0,0.0,0.0,0.0,0.0,0.2390223,1.685875,3.513123,1.678347,0.08006817,-3.52393,0.2192078,-0.2374862,0.08468591,0.9425374,26.96502,332.5723,3.571496,0.3626125,0.01911575,-0.9317437,0.0,0.0,0.0,0.7415842,-0.3635949,-2.598189,-0.238203,0.1307253,1.078223,0.8728573,0.05552163,0.4848068,-0.2637569,0.8895525,0.3729996,-0.4105515,-0.4534466,0.7910966,static,-37.7769,-26.60178,-12.45778,6.912882,-37.47620145600309,-21.81358246480892,42.003457078538716,38.09371566017321,37.68437431498869
2271,2271,05/15/2023 13:24:01.564191,2500,True,True,True,True,Eyes,1.471374,0.07356904,-3.514723,-0.5749603,-0.3668156,0.7313461,0.0,0.0,0.0,0.0,0.0,0.0,0.0,0.2430871,1.686834,3.51447,1.68552,0.08032103,-3.52258,0.2193638,-0.2390196,0.08408123,0.9421676,26.97161,332.3564,3.446177,0.364765,0.019133,-0.9309027,0.0,0.0,0.0,0.7415842,-0.3635949,-2.598189,-0.2419984,0.134819,1.080894,0.8715999,0.05357269,0.4872818,-0.2633017,0.8896198,0.3731608,-0.4135043,-0.4535491,0.7894983,static,-38.17327,-26.63661,-12.61968,7.109736,-37.8610253371666,-21.85961737070463,42.32968025203848,38.42328654796278,37.924108642193474
2272,2272,05/15/2023 13:24:01.584104,2501,True,True,True,True,Eyes,1.480337,0.07374374,-3.514653,-0.5800395,-0.3656282,0.7279218,0.0,0.0,0.0,0.0,0.0,0.0,0.0,0.247959,1.696038,3.51206,1.69259,0.08036627,-3.521544,0.2203325,-0.2402379,0.08502881,0.9415465,27.1139,332.2153,3.494404,0.3669057,0.0191506,-0.9300607,0.0,0.0,0.0,0.7415842,-0.3635949,-2.598189,-0.2443709,0.1297353,1.08463,0.8701118,0.05425267,0.4898594,-0.2659816,0.8884474,0.3740523,-0.414921,-0.4557608,0.7874787,static,-38.54935,-26.66995,-12.69693,6.820884,-38.2261582469464,-21.903578408411203,42.30819757295217,38.4296270543563,37.85287657383935
2273,2273,05/15/2023 13:24:01.604078,2502,True,True,True,True,Eyes,1.489207,0.07394737,-3.5145,-0.5850849,-0.3644321,0.7244756,0.0,0.0,0.0,0.0,0.0,0.0,0.0,0.2685572,1.703327,3.508968,1.699415,0.08123101,-3.520184,0.2210194,-0.2431878,0.08713719,0.9404347,27.26393,331.8853,3.637483,0.3690331,0.01916929,-0.9292183,0.0,0.0,0.0,0.7415842,-0.3635949,-2.598189,-0.2487216,0.1295161,1.088236,0.8665336,0.05639521,0.4959224,-0.2713921,0.887115,0.3733272,-0.4188864,-0.4580901,0.7840202,static,-38.92426,-26.70371,-12.8741,6.787117,-38.590169495095786,-21.94790799910501,42.429309788983474,38.561870960519876,37.903120692352815
2274,2274,05/15/2023 13:24:01.613803,2503,True,True,True,True,Eyes,1.497971,0.07415249,-3.514294,-0.5900139,-0.3631516,0.7211135,0.0,0.0,0.0,0.0,0.0,0.0,0.0,0.2863047,1.695259,3.512537,1.706069,0.08211432,-3.518006,0.2198504,-0.2461742,0.0879112,0.9398593,27.16406,331.5327,3.673591,0.3711464,0.01918977,-0.9283758,0.0,0.0,0.0,0.7415842,-0.3635949,-2.598189,-0.2503975,0.1271483,1.091989,0.8633398,0.05700534,0.5013928,-0.2734914,0.8878748,0.369974,-0.4240836,-0.4565399,0.7821282,static,-39.28997,-26.72975,-12.91489,6.641467,-38.945060262277,-21.984500401946683,42.535667022717405,38.69128808375917,37.957681435937246
2275,2275,05/15/2023 13:24:01.633994,2504,True,True,True,True,Eyes,1.506643,0.07436026,-3.514006,-0.5949215,-0.3618875,0.7177087,0.0,0.0,0.0,0.0,0.0,0.0,0.0,0.3067487,1.689443,3.515146,1.713003,0.0823379,-3.516163,0.2188632,-0.2494433,0.08891873,0.9391329,27.09348,331.1478,3.724136,0.3732443,0.01921191,-0.9275339,0.0,0.0,0.0,0.7415842,-0.3635949,-2.598189,-0.2528365,0.1164069,1.09621,0.859743,0.05782507,0.5074428,-0.2762009,0.8883847,0.3667229,-0.4295987,-0.4554437,0.7797539,static,-39.65594,-26.75844,-12.98791,6.061539,-39.30027509636357,-22.02365783178206,42.28870825221954,38.48530678121551,37.685081477627136
2276,2276,05/15/2023 13:24:01.653912,2505,True,True,True,True,Eyes,1.515234,0.07455903,-3.513633,-0.5998172,-0.3604587,0.7143452,0.0,0.0,0.0,0.0,0.0,0.0,0.0,0.3269671,1.682867,3.517407,1.719525,0.08259906,-3.513902,0.2177918,-0.2526386,0.09004163,0.9384205,27.01711,330.7763,3.794013,0.3753271,0.01923567,-0.9266925,0.0,0.0,0.0,0.7415842,-0.3635949,-2.598189,-0.2535509,0.1159909,1.100485,0.8561324,0.0589486,0.5133831,-0.2790391,0.8889185,0.3632646,-0.4349418,-0.4542565,0.777481,static,-40.01931,-26.77552,-12.97449,6.016748,-39.652655301195374,-22.051531730254155,42.505942283593996,38.7240601029089,37.851757688785774
2277,2277,05/15/2023 13:24:01.664376,2506,True,True,True,True,Eyes,1.523748,0.07473014,-3.513163,-0.6047513,-0.3589563,0.7109334,0.0,0.0,0.0,0.0,0.0,0.0,0.0,0.3519416,1.667319,3.523269,1.726104,0.08252987,-3.511551,0.215552,-0.2565877,0.09070419,0.9378023,26.79742,330.3071,3.822689,0.3773944,0.01926069,-0.9258521,0.0,0.0,0.0,0.7415842,-0.3635949,-2.598189,-0.2538214,0.1176077,1.1043,0.8518711,0.05950918,0.5203599,-0.2807411,0.8906201,0.3577432,-0.442154,-0.4508375,0.7754002,static,-40.38596,-26.7896,-12.9445,6.07907,-40.00813029329527,-22.076613904435384,42.81802417791484,39.053586529007184,38.10779157660491
2278,2278,05/15/2023 13:24:01.684247,2507,True,True,True,True,Eyes,1.532207,0.07487221,-3.512584,-0.6095731,-0.3573906,0.7075963,0.0,0.0,0.0,0.0,0.0,0.0,0.0,0.3745395,1.653526,3.527905,1.732829,0.08200763,-3.508721,0.2136205,-0.260392,0.09081183,0.937185,26.59602,329.8386,3.780972,0.3794467,0.01928617,-0.9250124,0.0,0.0,0.0,0.7415842,-0.3635949,-2.598189,-0.2533637,0.1142867,1.108772,0.8478984,0.05896483,0.5268694,-0.2814651,0.892239,0.3531104,-0.4492724,-0.4476971,0.7731246,static,-40.74392,-26.79729,-12.87157,5.884983,-40.35501499439624,-22.09525814413636,42.9534499542124,39.22032181464126,38.21093565982047
2279,2279,05/15/2023 13:24:01.703959,2508,True,True,True,True,Eyes,1.54059,0.07498718,-3.511904,-0.6143324,-0.3558693,0.7042391,0.0,0.0,0.0,0.0,0.0,0.0,0.0,0.3900517,1.649303,3.528585,1.739595,0.08142127,-3.505771,0.2130588,-0.2633605,0.09048735,0.9365145,26.53388,329.4521,3.669692,0.3814849,0.01931136,-0.9241731,0.0,0.0,0.0,0.7415842,-0.3635949,-2.598189,-0.2537451,0.1111504,1.113192,0.8449066,0.05726285,0.53184,-0.2817079,0.892836,0.3514037,-0.4547235,-0.4467269,0.7704944,static,-41.09933,-26.80859,-12.84082,5.701991,-40.69952852861513,-22.117305562093257,43.07529761217746,39.370304825998325,38.297475313158124
2280,2280,05/15/2023 13:24:01.713731,2509,True,True,True,True,Eyes,1.548941,0.07508146,-3.5111,-0.6189634,-0.3543226,0.7009564,0.0,0.0,0.0,0.0,0.0,0.0,0.0,0.4030819,1.647247,3.528219,1.746198,0.08088252,-3.502638,0.2126538,-0.2658245,0.09095073,0.9358652,26.51195,329.1498,3.66355,0.3835092,0.01933563,-0.9233344,0.0,0.0,0.0,0.7415842,-0.3635949,-2.598189,-0.2554611,0.1126973,1.117068,0.8421306,0.05717809,0.5362338,-0.2832924,0.8930126,0.3496767,-0.4588698,-0.4463845,0.7682314,static,-41.44537,-26.8159,-12.88139,5.760888,-41.03485865573286,-22.135209382621937,43.32606686323308,39.633446059232085,38.49331863208808
2281,2281,05/15/2023 13:24:01.734403,2510,True,True,True,True,Eyes,1.557218,0.07515593,-3.510179,-0.6235849,-0.3527571,0.697642,0.0,0.0,0.0,0.0,0.0,0.0,0.0,0.4183426,1.638716,3.530559,1.752727,0.08043778,-3.499532,0.2114676,-0.2686971,0.09091616,0.9353169,26.38727,328.7904,3.611597,0.3855211,0.01935858,-0.9224957,0.0,0.0,0.0,0.7415842,-0.3635949,-2.598189,-0.2577089,0.1129996,1.120815,0.8390722,0.05642934,0.5410855,-0.2837123,0.8940315,0.3467205,-0.4641822,-0.4444361,0.7661666,static,-41.79183,-26.82308,-12.94895,5.757058,-41.370591996977645,-22.153000941440855,43.51295345978532,39.83417030539316,38.62818152160609
2282,2282,05/15/2023 13:24:01.753549,2511,True,True,True,True,Eyes,1.565432,0.07519066,-3.509128,-0.6280643,-0.3511575,0.6944231,0.0,0.0,0.0,0.0,0.0,0.0,0.0,0.4328854,1.63263,3.531145,1.759282,0.08002603,-3.495765,0.2107586,-0.2716331,0.09032946,0.9346855,26.29922,328.4031,3.476417,0.3875209,0.0193799,-0.921657,0.0,0.0,0.0,0.7415842,-0.3635949,-2.598189,-0.2594512,0.1115234,1.125208,0.8361121,0.05436125,0.5458584,-0.2833573,0.8948428,0.3449131,-0.4697076,-0.443059,0.7635925,static,-42.12746,-26.82492,-12.98437,5.660306,-41.69569114534091,-22.165300563335645,43.64183317665719,39.982550475531795,38.71749742188243
2283,2283,05/15/2023 13:24:01.773973,2512,True,True,True,True,Eyes,1.573577,0.07518154,-3.507965,-0.6324382,-0.3495652,0.6912497,0.0,0.0,0.0,0.0,0.0,0.0,0.0,0.443154,1.624781,3.532708,1.765787,0.0791707,-3.491712,0.2097623,-0.2740836,0.08958295,0.9342661,26.17115,328.0783,3.3474,0.3895095,0.01939877,-0.9208179,0.0,0.0,0.0,0.7415842,-0.3635949,-2.598189,-0.262232,0.1131744,1.1293,0.8337063,0.05240382,0.5497161,-0.2823734,0.8959494,0.3428411,-0.4745517,-0.441054,0.7617559,static,-42.45602,-26.82574,-13.07284,5.72287,-42.01391536691159,-22.176394337291555,43.84955278956104,40.198940209355335,38.871029826071315
2284,2284,05/15/2023 13:24:01.783542,2513,True,True,True,True,Eyes,1.581681,0.07513889,-3.506657,-0.6366236,-0.3480561,0.6881623,0.0,0.0,0.0,0.0,0.0,0.0,0.0,0.4452077,1.622451,3.53294,1.772289,0.07810999,-3.487852,0.2094005,-0.275415,0.08905084,0.9340064,26.11758,327.8966,3.256393,0.3914869,0.01941437,-0.9199786,0.0,0.0,0.0,0.7415842,-0.3635949,-2.598189,-0.2680879,0.1150244,1.132815,0.832433,0.05100406,0.5517733,-0.2816921,0.8964428,0.3421109,-0.4771842,-0.4402146,0.760596,static,-42.77212,-26.8292,-13.31445,5.797858,-42.320144391738005,-22.189644631162206,43.957698251435595,40.306706770414934,38.91341414336342
2285,2285,05/15/2023 13:24:01.803772,2514,True,True,True,True,Eyes,1.589697,0.07506668,-3.505238,-0.640769,-0.3465262,0.6850801,0.0,0.0,0.0,0.0,0.0,0.0,0.0,0.4516991,1.620249,3.532144,1.778403,0.07715511,-3.483763,0.2089801,-0.2771097,0.08929671,0.9335759,26.08394,327.6884,3.249422,0.3934543,0.0194262,-0.9191386,0.0,0.0,0.0,0.7415842,-0.3635949,-2.598189,-0.2759911,0.1159146,1.136131,0.8304726,0.05090963,0.5547283,-0.2825513,0.8967068,0.3407076,-0.4800834,-0.4396875,0.759075,static,-43.08584,-26.83113,-13.65392,5.825485,-42.624026726109726,-22.20134406280517,43.962397775196756,40.3084387075199,38.84884839391283
2286,2286,05/15/2023 13:24:01.813664,2515,True,True,True,True,Eyes,1.597588,0.0749571,-3.503718,-0.6448309,-0.3450004,0.6820321,0.0,0.0,0.0,0.0,0.0,0.0,0.0,0.4620184,1.612143,3.533457,1.784317,0.07634993,-3.479679,0.20782,-0.2793257,0.08937193,0.933167,25.96292,327.4173,3.232619,0.3954119,0.01943397,-0.9182981,0.0,0.0,0.0,0.7415842,-0.3635949,-2.598189,-0.2822785,0.1154663,1.140328,0.8279796,0.0506989,0.5584617,-0.2828968,0.897647,0.3379338,-0.4841685,-0.4377893,0.757576,static,-43.39402,-26.8322,-13.9036,5.7819,-42.92252026219772,-22.212039999725107,43.970039692799915,40.32069456113075,38.80077285365425
2287,2287,05/15/2023 13:24:01.834186,2516,True,True,True,True,Eyes,1.6054,0.07479417,-3.502056,-0.6489195,-0.3434271,0.6789413,0.0,0.0,0.0,0.0,0.0,0.0,0.0,0.4800514,1.600475,3.534877,1.790134,0.07531542,-3.475209,0.2060535,-0.2823554,0.09031198,0.9325563,25.80523,327.0699,3.316425,0.3973584,0.01943715,-0.9174574,0.0,0.0,0.0,0.7415842,-0.3635949,-2.598189,-0.2876577,0.1150352,1.144854,0.8242384,0.05208136,0.5638427,-0.2848026,0.8987714,0.3333129,-0.4894063,-0.4353132,0.7556347,static,-43.70481,-26.83154,-14.10425,5.737834,-43.22349433988983,-22.22114857321006,44.01087678137617,40.368739111536165,38.789993446482434
2288,2288,05/15/2023 13:24:01.853909,2517,True,True,True,True,Eyes,1.613149,0.07457337,-3.500251,-0.6529167,-0.3419759,0.6758345,0.0,0.0,0.0,0.0,0.0,0.0,0.0,0.4993784,1.58625,3.536603,1.796099,0.07384036,-3.470116,0.2039269,-0.2856305,0.09118932,0.9319409,25.60653,326.6932,3.399307,0.3992943,0.0194349,-0.9166166,0.0,0.0,0.0,0.7415842,-0.3635949,-2.598189,-0.294983,0.1155154,1.14876,0.8201994,0.05347062,0.5695733,-0.2864616,0.9001967,0.3280027,-0.4951895,-0.4321885,0.7536581,static,-44.01188,-26.83965,-14.40147,5.742163,-43.52110484552655,-22.23860230579844,44.02670688042735,40.384110249391135,38.740385931567616
2289,2289,05/15/2023 13:24:01.864438,2518,True,True,True,True,Eyes,1.620839,0.07429859,-3.498284,-0.6568071,-0.3405833,0.6727611,0.0,0.0,0.0,0.0,0.0,0.0,0.0,0.5133866,1.581458,3.534757,1.80257,0.07222481,-3.464767,0.2029243,-0.2881186,0.09277041,0.9312375,25.55639,326.4218,3.549274,0.4012205,0.01942635,-0.9157752,0.0,0.0,0.0,0.7415842,-0.3635949,-2.598189,-0.3043781,0.1176021,1.152479,0.8167626,0.05585003,0.5742644,-0.2897151,0.9004307,0.3244837,-0.4989629,-0.4313992,0.7516189,static,-44.31252,-26.85068,-14.79442,5.826451,-43.81256768883638,-22.25867180010157,44.03536213091884,40.38349932816502,38.667770109350585
2290,2290,05/15/2023 13:24:01.883924,2519,True,True,True,True,Eyes,1.628437,0.07397705,-3.49619,-0.6605629,-0.339209,0.6697716,0.0,0.0,0.0,0.0,0.0,0.0,0.0,0.5178988,1.578342,3.532914,1.808846,0.0706457,-3.458895,0.2021513,-0.2894649,0.09415951,0.9308485,25.52191,326.2905,3.701896,0.4031379,0.01941081,-0.914933,0.0,0.0,0.0,0.7415842,-0.3635949,-2.598189,-0.31431,0.1190544,1.156301,0.8146881,0.05826508,0.5769648,-0.2923278,0.9005377,0.3218326,-0.500827,-0.4308561,0.7506899,static,-44.6034,-26.86015,-15.20692,5.878544,-44.09453568451989,-22.27693007324649,43.9997172856376,40.33887777598398,38.552649777436585
2291,2291,05/15/2023 13:24:01.905599,2520,True,True,True,True,Eyes,1.635959,0.07360402,-3.493949,-0.6641821,-0.3378881,0.6668537,0.0,0.0,0.0,0.0,0.0,0.0,0.0,0.5151647,1.573339,3.5332,1.814869,0.06920834,-3.453368,0.2012116,-0.2900331,0.094738,0.9308167,25.43814,326.2421,3.787456,0.4050462,0.01938783,-0.9140903,0.0,0.0,0.0,0.7415842,-0.3635949,-2.598189,-0.3231609,0.1186139,1.160866,0.8138111,0.05965136,0.5780599,-0.2930834,0.9010772,0.3196279,-0.5018104,-0.4295364,0.7507894,static,-44.885,-26.87088,-15.5561,5.83407,-44.36755059957154,-22.29611307661665,43.92946766935037,40.26669697871333,38.41776572139058
2292,2292,05/15/2023 13:24:01.913675,2521,True,True,True,True,Eyes,1.643432,0.07318163,-3.491541,-0.6677382,-0.3366648,0.6639146,0.0,0.0,0.0,0.0,0.0,0.0,0.0,0.514564,1.570291,3.531915,1.820588,0.06759132,-3.447594,0.2004139,-0.2906801,0.09609388,0.9306478,25.39744,326.2006,3.957506,0.4069462,0.01935692,-0.9132466,0.0,0.0,0.0,0.7415842,-0.3635949,-2.598189,-0.3320407,0.1181649,1.165562,0.8125421,0.06234645,0.5795586,-0.2953718,0.9012005,0.3171644,-0.5025244,-0.4288947,0.7506787,static,-45.16452,-26.88914,-15.90098,5.788877,-44.6387564262185,-22.322496240076376,43.86579041102405,40.200859435666324,38.287847365984454
2293,2293,05/15/2023 13:24:01.934077,2522,True,True,True,True,Eyes,1.65084,0.07270569,-3.488972,-0.6712034,-0.3355604,0.660973,0.0,0.0,0.0,0.0,0.0,0.0,0.0,0.5216866,1.565237,3.530179,1.826292,0.06597133,-3.441597,0.199245,-0.2921348,0.09832487,0.9302103,25.34879,326.0796,4.220729,0.4088389,0.01931766,-0.9124017,0.0,0.0,0.0,0.7415842,-0.3635949,-2.598189,-0.3412903,0.1188838,1.170255,0.809979,0.06651278,0.582675,-0.2993384,0.9012673,0.3132312,-0.5043122,-0.4281277,0.7499173,static,-45.43999,-26.91583,-16.25867,5.800662,-44.90626981278636,-22.35688616310805,43.839688476635686,40.16880000188338,38.18636673971984
2294,2294,05/15/2023 13:24:01.954168,2523,True,True,True,True,Eyes,1.658169,0.07218406,-3.486246,-0.674638,-0.3346102,0.6579511,0.0,0.0,0.0,0.0,0.0,0.0,0.0,0.5305719,1.56499,3.525683,1.832131,0.06420824,-3.435159,0.1986882,-0.2937505,0.1009323,0.929541,25.38353,325.9395,4.501747,0.410725,0.01926959,-0.9115552,0.0,0.0,0.0,0.7415842,-0.3635949,-2.598189,-0.35137,0.120316,1.174724,0.8070467,0.07091203,0.5862144,-0.304371,0.9006713,0.3100798,-0.5059981,-0.4286755,0.7484674,static,-45.71743,-26.95625,-16.65238,5.847883,-45.176065500810815,-22.40458536209952,43.82793941521993,40.14726146452083,38.08740838456196
2295,2295,05/15/2023 13:24:01.964294,2524,True,True,True,True,Eyes,1.665421,0.07162418,-3.483352,-0.677991,-0.3337638,0.6549274,0.0,0.0,0.0,0.0,0.0,0.0,0.0,0.5389032,1.567912,3.519583,1.837828,0.06262213,-3.428513,0.1985096,-0.2951671,0.1040505,0.9287863,25.47839,325.8334,4.835308,0.412605,0.01921249,-0.910707,0.0,0.0,0.0,0.7415842,-0.3635949,-2.598189,-0.3602115,0.1204273,1.179627,0.8040999,0.07609434,0.5896043,-0.3104683,0.8995348,0.3073215,-0.5069842,-0.4301706,0.7469407,static,-45.99129,-27.00428,-16.9806,5.829091,-45.44260157077643,-22.45951487463631,43.81381500736658,40.12892667073701,37.99679393507065
2296,2296,05/15/2023 13:24:01.984012,2525,True,True,True,True,Eyes,1.672576,0.07103751,-3.4803,-0.6814533,-0.332913,0.6517594,0.0,0.0,0.0,0.0,0.0,0.0,0.0,0.5501858,1.563751,3.515733,1.843262,0.06113613,-3.421556,0.1973679,-0.2969446,0.1073682,0.9280851,25.47475,325.6953,5.216453,0.4144794,0.01914635,-0.9098569,0.0,0.0,0.0,0.7415842,-0.3635949,-2.598189,-0.367539,0.1211463,1.185017,0.8005919,0.08207903,0.5935618,-0.3165083,0.8990359,0.3025835,-0.5087976,-0.4301132,0.7457396,static,-46.27591,-27.05754,-17.23154,5.837165,-45.71970104081193,-22.519827994719407,43.88208114633951,40.19570090432309,37.98980897928071
2297,2297,05/15/2023 13:24:02.004086,2526,True,True,True,True,Eyes,1.679657,0.07046267,-3.477053,-0.6849009,-0.3322244,0.6484888,0.0,0.0,0.0,0.0,0.0,0.0,0.0,0.5671366,1.554167,3.513108,1.848491,0.05992162,-3.414455,0.1957083,-0.2996167,0.1099755,0.9272721,25.39465,325.4285,5.506042,0.4163479,0.01907147,-0.909005,0.0,0.0,0.0,0.7415842,-0.3635949,-2.598189,-0.3735771,0.1239607,1.190517,0.7962704,0.08667952,0.5986986,-0.3212295,0.8992073,0.2970487,-0.512606,-0.4288507,0.7438561,static,-46.56424,-27.12631,-17.42154,5.94441,-46.00081649663803,-22.59522239918752,44.07912753910177,40.38917754240659,38.10131375456596
2298,2298,05/15/2023 13:24:02.013738,2527,True,True,True,True,Eyes,1.686659,0.06988874,-3.473612,-0.6885393,-0.3314441,0.6450259,0.0,0.0,0.0,0.0,0.0,0.0,0.0,0.5883834,1.555382,3.504156,1.853814,0.05964558,-3.406512,0.1956969,-0.3027569,0.112964,0.9258943,25.51774,325.0927,5.767441,0.4182113,0.01898914,-0.9081511,0.0,0.0,0.0,0.7415842,-0.3635949,-2.598189,-0.3780138,0.1305422,1.196321,0.7911548,0.09068824,0.6048551,-0.3276826,0.8978837,0.2939881,-0.5164284,-0.4307906,0.740082,static,-46.86886,-27.19619,-17.53551,6.227463,-46.29773866498858,-22.672198598529075,44.47005736545557,40.77322943165757,38.391206382699515
2299,2299,05/15/2023 13:24:02.033836,2528,True,True,True,True,Eyes,1.693603,0.06931868,-3.470002,-0.6920845,-0.3308632,0.6415206,0.0,0.0,0.0,0.0,0.0,0.0,0.0,0.6072675,1.549526,3.498303,1.859271,0.05911151,-3.398169,0.1948594,-0.3059299,0.1148673,0.9247931,25.51148,324.7341,5.929364,0.4200703,0.0189002,-0.9072945,0.0,0.0,0.0,0.7415842,-0.3635949,-2.598189,-0.3785108,0.1372196,1.203351,0.7864248,0.09323023,0.6106098,-0.3316836,0.8976707,0.2901267,-0.5210779,-0.430692,0.7368734,static,-47.17134,-27.28235,-17.46083,6.505408,-46.59303224281559,-22.764815585787943,44.99252154666,41.2968666641711,38.82745671227959
2300,2300,05/15/2023 13:24:02.054163,2529,True,True,True,True,Eyes,1.700459,0.06883255,-3.466214,-0.6957628,-0.3305332,0.6377006,0.0,0.0,0.0,0.0,0.0,0.0,0.0,0.6169792,1.561335,3.486845,1.864846,0.05867051,-3.390491,0.1964217,-0.307846,0.1165257,0.9236186,25.75866,324.5087,6.011104,0.4219258,0.01880548,-0.9064351,0.0,0.0,0.0,0.7415842,-0.3635949,-2.598189,-0.3779115,0.1431756,1.211663,0.7833052,0.09431531,0.6144409,-0.3361858,0.8956805,0.2910935,-0.5228881,-0.4345814,0.7332987,static,-47.49323,-27.39862,-17.32243,6.739081,-46.90794498200606,-22.887093088889245,45.55940959017578,41.86899673858543,39.30848387591798
2301,2301,05/15/2023 13:24:02.063845,2530,True,True,True,True,Eyes,1.707213,0.0683915,-3.462249,-0.6996047,-0.3300502,0.6337351,0.0,0.0,0.0,0.0,0.0,0.0,0.0,0.6472378,1.577767,3.468663,1.869512,0.06024551,-3.382482,0.1986968,-0.3116521,0.1209083,0.9212892,26.19816,324.0953,6.330387,0.4237778,0.01870783,-0.9055727,0.0,0.0,0.0,0.7415842,-0.3635949,-2.598189,-0.379171,0.1600393,1.218402,0.7765083,0.09893457,0.6222916,-0.3466316,0.8918016,0.2907517,-0.5261952,-0.441477,0.7267852,static,-47.82822,-27.51056,-17.28633,7.483067,-47.23542665627704,-23.00560353007261,46.44740009287096,42.73765811574545,40.03930093509253
2302,2302,05/15/2023 13:24:02.083964,2531,True,True,True,True,Eyes,1.713881,0.06798206,-3.458181,-0.7036194,-0.329648,0.6294855,0.0,0.0,0.0,0.0,0.0,0.0,0.0,0.6790736,1.55539,3.466994,1.873895,0.06085163,-3.374202,0.1963051,-0.3169983,0.1205383,0.9200256,25.95291,323.4103,6.214852,0.4256264,0.01860878,-0.9047074,0.0,0.0,0.0,0.7415842,-0.3635949,-2.598189,-0.3812961,0.1523669,1.22609,0.7699652,0.09733976,0.6306176,-0.3462533,0.8938696,0.2847906,-0.5359684,-0.4376323,0.7219528,static,-48.18293,-27.64008,-17.27493,7.083861,-47.58248603462911,-23.14169453448085,46.487165353154,42.80341294990587,40.044413419565366
2303,2303,05/15/2023 13:24:02.104038,2532,True,True,True,True,Eyes,1.720465,0.06765314,-3.453964,-0.7076558,-0.3295951,0.6249722,0.0,0.0,0.0,0.0,0.0,0.0,0.0,0.7130697,1.576745,3.446444,1.879182,0.06129214,-3.367119,0.1998243,-0.3220949,0.1211269,0.9174168,26.40242,322.7159,5.993407,0.4274708,0.01850935,-0.9038393,0.0,0.0,0.0,0.7415842,-0.3635949,-2.598189,-0.3894221,0.1440599,1.232398,0.7631664,0.09352289,0.6393986,-0.3509724,0.890797,0.2886156,-0.5425822,-0.444673,0.7126503,static,-48.55039,-27.80608,-17.53588,6.667275,-47.94288824203434,-23.313383365166636,46.37145712069144,42.70159278340775,39.856094688188186
2304,2304,05/15/2023 13:24:02.113820,2533,True,True,True,True,Eyes,1.726946,0.06739461,-3.449616,-0.7119245,-0.3291609,0.6203359,0.0,0.0,0.0,0.0,0.0,0.0,0.0,0.7498044,1.598468,3.423418,1.883798,0.06297241,-3.359231,0.2033552,-0.3271195,0.1235895,0.9145301,26.92385,322.0712,5.987803,0.4293109,0.01841175,-0.9029688,0.0,0.0,0.0,0.7415842,-0.3635949,-2.598189,-0.392766,0.15985,1.238158,0.7554368,0.09300977,0.6485865,-0.3590955,0.8867446,0.2910917,-0.5480562,-0.4528059,0.703279,static,-48.93271,-27.95119,-17.59996,7.356371,-48.31711231947099,-23.465382270137592,47.20556202749017,43.51464030947308,40.50752187791015
2305,2305,05/15/2023 13:24:02.133986,2534,True,True,True,True,Eyes,1.733365,0.06718914,-3.445161,-0.7162833,-0.3287466,0.6155193,0.0,0.0,0.0,0.0,0.0,0.0,0.0,0.7815378,1.576403,3.421387,1.888018,0.06434695,-3.351564,0.2011036,-0.3324415,0.1231131,0.9131722,26.68853,321.3817,5.854578,0.4311464,0.01831766,-0.9020957,0.0,0.0,0.0,0.7415842,-0.3635949,-2.598189,-0.3967165,0.161774,1.243712,0.7486517,0.0911366,0.6566695,-0.3585573,0.8888011,0.2854285,-0.5576356,-0.4491401,0.6980801,static,-49.32674,-28.10651,-17.69152,7.411053,-48.7029556484906,-23.62759956544281,47.56347785756808,43.87604237005365,40.751436321787885
2306,2306,05/15/2023 13:24:02.153604,2535,True,True,True,True,Eyes,1.739722,0.06703993,-3.440561,-0.7207171,-0.328067,0.6106871,0.0,0.0,0.0,0.0,0.0,0.0,0.0,0.8160233,1.569147,3.412535,1.893051,0.06541708,-3.344486,0.200706,-0.3377947,0.1237258,0.9112101,26.70254,320.6911,5.774651,0.4329776,0.01822815,-0.90122,0.0,0.0,0.0,0.7415842,-0.3635949,-2.598189,-0.3982338,0.1663138,1.251158,0.7411733,0.08988557,0.6652688,-0.3610753,0.888818,0.2821829,-0.5659387,-0.4493585,0.6912237,static,-49.72431,-28.24512,-17.65586,7.571818,-49.09177170602153,-23.773805083325534,48.07534225669479,44.3932948909032,41.154077976201584
2307,2307,05/15/2023 13:24:02.164200,2536,True,True,True,True,Eyes,1.746023,0.06691635,-3.435843,-0.7251916,-0.3271868,0.6058432,0.0,0.0,0.0,0.0,0.0,0.0,0.0,0.8459893,1.553495,3.407263,1.897666,0.06654274,-3.336602,0.1991138,-0.3426419,0.1244413,0.9096507,26.58504,320.0847,5.772632,0.4348055,0.01814426,-0.9003412,0.0,0.0,0.0,0.7415842,-0.3635949,-2.598189,-0.4010017,0.1832152,1.255622,0.7342218,0.08994677,0.6729248,-0.3628456,0.8897361,0.2769704,-0.5738129,-0.4475256,0.6859005,static,-50.12378,-28.37135,-17.71166,8.301778,-49.4820902705339,-23.90812523463257,48.94347597176547,45.24199493788101,41.831760058385555
2308,2308,05/15/2023 13:24:02.183905,2537,True,True,True,True,Eyes,1.752286,0.06682395,-3.431018,-0.7295404,-0.3261616,0.6011568,0.0,0.0,0.0,0.0,0.0,0.0,0.0,0.8661264,1.523934,3.410963,1.902715,0.06697801,-3.329025,0.1954016,-0.3464938,0.1245488,0.9089819,26.20242,319.6235,5.821983,0.43663,0.01806617,-0.8994593,0.0,0.0,0.0,0.7415842,-0.3635949,-2.598189,-0.4015227,0.1866658,1.261953,0.7288592,0.09101421,0.6785873,-0.361836,0.8926116,0.2689222,-0.5812392,-0.4415437,0.6835205,static,-50.51075,-28.48234,-17.64981,8.414079,-49.85988732434659,-24.027348986995484,49.40837087687835,45.715810515354526,42.204027741643365
2309,2309,05/15/2023 13:24:02.204909,2538,True,True,True,True,Eyes,1.758506,0.06675743,-3.426084,-0.73379,-0.3251235,0.596529,0.0,0.0,0.0,0.0,0.0,0.0,0.0,0.8805084,1.51485,3.407156,1.907894,0.06757085,-3.321769,0.1942846,-0.349153,0.1260528,0.9079959,26.15765,319.3198,5.962622,0.4384517,0.01799415,-0.8985743,0.0,0.0,0.0,0.7415842,-0.3635949,-2.598189,-0.4032046,0.1813659,1.268841,0.7244059,0.09324078,0.6830391,-0.3645809,0.8927284,0.2647957,-0.5850787,-0.4408426,0.6806914,static,-50.89088,-28.59151,-17.6289,8.134656,-50.23101038498121,-24.144602216924827,49.54967792609712,45.878623699816984,42.30074803699794
2310,2310,05/15/2023 13:24:02.213640,2539,True,True,True,True,Eyes,1.764703,0.06671068,-3.421035,-0.7378685,-0.3240503,0.5920654,0.0,0.0,0.0,0.0,0.0,0.0,0.0,0.8879895,1.501648,3.406608,1.913077,0.06810604,-3.314204,0.192528,-0.3510431,0.1273497,0.9074601,26.02947,319.1212,6.130322,0.4402711,0.0179283,-0.8976856,0.0,0.0,0.0,0.7415842,-0.3635949,-2.598189,-0.4036838,0.18213,1.27518,0.7211016,0.09595837,0.6861519,-0.3663008,0.89343,0.2600125,-0.5880784,-0.4388334,0.6794035,static,-51.25646,-28.69285,-17.56623,8.128405,-50.58782862842003,-24.25384436571981,49.908280046781066,46.2497140527391,42.58854702261868
2311,2311,05/15/2023 13:24:02.233901,2540,True,True,True,True,Eyes,1.77087,0.06668373,-3.415927,-0.7417877,-0.3231462,0.5876458,0.0,0.0,0.0,0.0,0.0,0.0,0.0,0.8895359,1.492831,3.405891,1.91817,0.06843737,-3.306941,0.1913543,-0.3522402,0.1280917,0.90714,25.93865,318.994,6.230062,0.4420888,0.01786858,-0.896793,0.0,0.0,0.0,0.7415842,-0.3635949,-2.598189,-0.4017153,0.17986,1.281848,0.7190388,0.09758889,0.6880842,-0.3671996,0.8939521,0.2569323,-0.5900405,-0.4374084,0.6786208,static,-51.61366,-28.80638,-17.40035,7.987202,-50.93686347133727,-24.374585365968294,50.24259405670476,46.60453859157208,42.88025388569697
2312,2312,05/15/2023 13:24:02.253876,2541,True,True,True,True,Eyes,1.777002,0.06670595,-3.410738,-0.7455481,-0.3224255,0.5832665,0.0,0.0,0.0,0.0,0.0,0.0,0.0,0.8913525,1.504642,3.396922,1.92362,0.06891963,-3.300375,0.1930946,-0.3533266,0.1286962,0.9062627,26.16339,318.8414,6.19232,0.4439059,0.01781489,-0.895896,0.0,0.0,0.0,0.7415842,-0.3635949,-2.598189,-0.3957405,0.1801891,1.289494,0.7171953,0.09681417,0.6901144,-0.369716,0.8923035,0.2590452,-0.5907123,-0.4409324,0.6757495,static,-51.96277,-28.93349,-17.06104,7.954792,-51.27843367555084,-24.508175464038025,50.78263586999422,47.16645297792508,43.38063107144122
2313,2313,05/15/2023 13:24:02.264347,2542,True,True,True,True,Eyes,1.783085,0.06677498,-3.405495,-0.749244,-0.3217673,0.5788776,0.0,0.0,0.0,0.0,0.0,0.0,0.0,0.8948226,1.51865,3.385966,1.928484,0.07009785,-3.293601,0.1953832,-0.3546946,0.1287681,0.9052269,26.4284,318.6306,6.059295,0.4457219,0.01776794,-0.8949949,0.0,0.0,0.0,0.7415842,-0.3635949,-2.598189,-0.3897593,0.1847447,1.296325,0.715221,0.09452595,0.6924765,-0.3717314,0.8904883,0.2623856,-0.59184,-0.445079,0.6720343,static,-52.30976,-29.06736,-16.73418,8.110842,-51.61813505503747,-24.648221527112582,51.45717244747523,47.854430969924536,43.98600815295249
2314,2314,05/15/2023 13:24:02.283975,2543,True,True,True,True,Eyes,1.789111,0.06688654,-3.400213,-0.7528909,-0.3210744,0.574514,0.0,0.0,0.0,0.0,0.0,0.0,0.0,0.9031239,1.523258,3.378152,1.933425,0.0713118,-3.28704,0.1965057,-0.3568845,0.128186,0.9042054,26.54228,318.3088,5.873898,0.4475363,0.01772831,-0.8940898,0.0,0.0,0.0,0.7415842,-0.3635949,-2.598189,-0.3860238,0.187823,1.302278,0.7124037,0.09155331,0.6957723,-0.3720726,0.8899078,0.2638678,-0.5950152,-0.4468582,0.668038,static,-52.65357,-29.19919,-16.51098,8.20698,-51.954701057423655,-24.78619956483822,52.01450149695756,48.42320993278033,44.47085495930218
2315,2315,05/15/2023 13:24:02.303997,2544,True,True,True,True,Eyes,1.79509,0.06705514,-3.394887,-0.7564899,-0.3204898,0.570096,0.0,0.0,0.0,0.0,0.0,0.0,0.0,0.9101998,1.526038,3.371552,1.938288,0.07242981,-3.280611,0.1975133,-0.3591671,0.1264863,0.903321,26.59591,317.9488,5.559931,0.4493487,0.0176964,-0.893181,0.0,0.0,0.0,0.7415842,-0.3635949,-2.598189,-0.3857715,0.190866,1.307039,0.7100004,0.08663487,0.6988517,-0.370396,0.8899794,0.2659764,-0.5989208,-0.4476953,0.663975,static,-52.99807,-29.34331,-16.44393,8.308144,-52.292270446593264,-24.93605734601389,52.47701534437449,48.890494330791604,44.83709165945077
2316,2316,05/15/2023 13:24:02.323603,2545,True,True,True,True,Eyes,1.801019,0.06724788,-3.389511,-0.7601125,-0.3196489,0.5657327,0.0,0.0,0.0,0.0,0.0,0.0,0.0,0.9232004,1.533147,3.361408,1.943169,0.07399717,-3.274221,0.1990241,-0.3618191,0.126381,0.9019448,26.77394,317.5683,5.39593,0.4511592,0.01767292,-0.8922682,0.0,0.0,0.0,0.7415842,-0.3635949,-2.598189,-0.3876016,0.1949325,1.31104,0.7062296,0.08395591,0.7029874,-0.3719987,0.8888345,0.2675634,-0.6023759,-0.4504716,0.6589527,static,-53.34061,-29.46721,-16.47002,8.457085,-52.62739024132466,-25.066344235090348,52.89321845184999,49.30695417938873,45.14529522964358
2317,2317,05/15/2023 13:24:02.335710,2546,True,True,True,True,Eyes,1.806926,0.06745648,-3.384129,-0.7636732,-0.3188263,0.5613849,0.0,0.0,0.0,0.0,0.0,0.0,0.0,0.9308898,1.518363,3.362409,1.947723,0.07468769,-3.267809,0.1976134,-0.3644412,0.123899,0.9015434,26.52716,317.1791,5.088934,0.4529668,0.01765772,-0.8913522,0.0,0.0,0.0,0.7415842,-0.3635949,-2.598189,-0.3901685,0.1944326,1.315,0.7036632,0.07936362,0.7060874,-0.3674376,0.8911959,0.2660064,-0.608151,-0.446622,0.6562631,static,-53.67997,-29.59347,-16.52594,8.410673,-52.959494643852494,-25.198808474890715,53.14825331471721,49.568146515656686,45.31584829832741
2318,2318,05/15/2023 13:24:02.353923,2547,True,True,True,True,Eyes,1.812777,0.06771939,-3.378709,-0.7671739,-0.3180259,0.5570491,0.0,0.0,0.0,0.0,0.0,0.0,0.0,0.9380801,1.518289,3.35822,1.953135,0.07528356,-3.262274,0.1978879,-0.3664579,0.1234088,0.9007327,26.5473,316.8925,4.955964,0.4547718,0.01765036,-0.8904328,0.0,0.0,0.0,0.7415842,-0.3635949,-2.598189,-0.3934874,0.1977169,1.318117,0.7009578,0.07728156,0.7090034,-0.3673519,0.8912213,0.2660399,-0.6113188,-0.4469365,0.653098,static,-54.0164,-29.72255,-16.62154,8.530739,-53.28883831658532,-25.333901739386263,53.49476304963992,49.91297084170767,45.547748105894705
2319,2319,05/15/2023 13:24:02.364031,2548,True,True,True,True,Eyes,1.818585,0.06800967,-3.373266,-0.7706766,-0.316986,0.5527905,0.0,0.0,0.0,0.0,0.0,0.0,0.0,0.9479785,1.513411,3.354126,1.957585,0.07680348,-3.255948,0.1974787,-0.3685045,0.1244095,0.8998494,26.55733,316.6468,5.025489,0.4565735,0.01765152,-0.8895103,0.0,0.0,0.0,0.7415842,-0.3635949,-2.598189,-0.3960769,0.1985702,1.321465,0.6974535,0.07835612,0.7123334,-0.3694432,0.8910489,0.2637112,-0.6140605,-0.447093,0.6504133,static,-54.3489,-29.8312,-16.68482,8.545627,-53.61381877428835,-25.4491597186648,53.77140292789773,50.193589974407075,45.73612803395822
2320,2320,05/15/2023 13:24:02.384295,2549,True,True,True,True,Eyes,1.824312,0.06831374,-3.367859,-0.7740963,-0.3159165,0.5486088,0.0,0.0,0.0,0.0,0.0,0.0,0.0,0.9550607,1.484641,3.361995,1.9624,0.07768822,-3.249963,0.1937966,-0.3707525,0.1235683,0.8998425,26.12936,316.3822,5.027823,0.4583717,0.01766108,-0.8885849,0.0,0.0,0.0,0.7415842,-0.3635949,-2.598189,-0.3992533,0.2038973,1.324055,0.6945469,0.07868295,0.7151319,-0.3660852,0.8943475,0.2571463,-0.6193434,-0.4403994,0.6499709,static,-54.67447,-29.93549,-16.78007,8.754467,-53.93196881213279,-25.559993613573905,54.156239936150016,50.57416131333735,46.00127468953702
2321,2321,05/15/2023 13:24:02.404316,2550,True,True,True,True,Eyes,1.830003,0.06864066,-3.362429,-0.777478,-0.3148164,0.5444434,0.0,0.0,0.0,0.0,0.0,0.0,0.0,0.962054,1.474891,3.361767,1.967357,0.07834113,-3.244333,0.1925754,-0.3725732,0.1239839,0.8992952,26.02419,316.1657,5.075552,0.4601648,0.01767856,-0.8876573,0.0,0.0,0.0,0.7415842,-0.3635949,-2.598189,-0.3978403,0.2095417,1.327855,0.6916344,0.0794993,0.7178591,-0.3664931,0.8950854,0.2539782,-0.6223541,-0.4387504,0.6482078,static,-54.99765,-30.03802,-16.6788,8.967589,-54.24775620284343,-25.66905441530169,54.67880575491184,51.09915397782952,46.428526142638
2322,2322,05/15/2023 13:24:02.413878,2551,True,True,True,True,Eyes,1.835678,0.06897113,-3.356955,-0.7808635,-0.3135489,0.5403141,0.0,0.0,0.0,0.0,0.0,0.0,0.0,0.9723591,1.461988,3.361505,1.972215,0.07919647,-3.238318,0.1909689,-0.3748225,0.1245939,0.8986186,25.88827,315.9016,5.150673,0.4619527,0.01770378,-0.8867276,0.0,0.0,0.0,0.7415842,-0.3635949,-2.598189,-0.3968963,0.208353,1.331922,0.687969,0.08076598,0.7212321,-0.3670837,0.8960145,0.2498152,-0.6260578,-0.4366176,0.6460781,static,-55.31892,-30.12696,-16.59341,8.890746,-54.56132321824664,-25.764942902625474,54.97314349991763,51.40602306601695,46.67491239973629
2323,2323,05/15/2023 13:24:02.434137,2552,True,True,True,True,Eyes,1.841343,0.06929622,-3.351478,-0.7842261,-0.3123436,0.5361257,0.0,0.0,0.0,0.0,0.0,0.0,0.0,0.9835447,1.440231,3.364715,1.976947,0.07951388,-3.232382,0.1882364,-0.3774842,0.1239861,0.898165,25.57805,315.5721,5.1271,0.4637363,0.0177361,-0.8857955,0.0,0.0,0.0,0.7415842,-0.3635949,-2.598189,-0.3951369,0.2087891,1.336211,0.6842663,0.08060744,0.7247635,-0.3648324,0.898389,0.244529,-0.6314088,-0.4317402,0.6441455,static,-55.64206,-30.22482,-16.47371,8.880912,-54.87694452238552,-25.869496562294863,55.348151884036064,51.791884663794185,46.99292802673513
2324,2324,05/15/2023 13:24:02.453763,2553,True,True,True,True,Eyes,1.846979,0.06963243,-3.345982,-0.7875198,-0.31125,0.5319173,0.0,0.0,0.0,0.0,0.0,0.0,0.0,0.9979026,1.440785,3.35809,1.98239,0.07971933,-3.226796,0.1885739,-0.3803194,0.1239316,0.8969048,25.62841,315.1849,5.018619,0.4655156,0.01777465,-0.8848609,0.0,0.0,0.0,0.7415842,-0.3635949,-2.598189,-0.3934382,0.2088999,1.339984,0.6799964,0.07887306,0.7289609,-0.3657463,0.8981616,0.2439986,-0.6354799,-0.4325328,0.6395941,static,-55.96359,-30.33393,-16.36299,8.860937,-55.19131336273813,-25.984854392247808,55.71754768031064,52.17152358244301,47.30218409597812
2325,2325,05/15/2023 13:24:02.463774,2554,True,True,True,True,Eyes,1.852599,0.06997501,-3.340474,-0.7908279,-0.3100655,0.5276842,0.0,0.0,0.0,0.0,0.0,0.0,0.0,1.012061,1.440066,3.351365,1.987329,0.08032686,-3.220834,0.1888188,-0.3831314,0.12387,0.8956641,25.66785,314.8013,4.91397,0.4672906,0.01781914,-0.8839239,0.0,0.0,0.0,0.7415842,-0.3635949,-2.598189,-0.3899548,0.2058165,1.34466,0.6757332,0.07720693,0.7330918,-0.3665766,0.8980074,0.2433195,-0.6395358,-0.4331534,0.6351157,static,-56.28659,-30.43836,-16.17229,8.702272,-55.50697823976506,-26.09574278032849,56.045928824932716,52.51780204436845,47.604689145624036
2326,2326,05/15/2023 13:24:02.483930,2555,True,True,True,True,Eyes,1.858215,0.07032403,-3.334949,-0.7941362,-0.3088344,0.5234206,0.0,0.0,0.0,0.0,0.0,0.0,0.0,1.025229,1.426857,3.350607,1.992646,0.08079773,-3.21503,0.1873427,-0.3860711,0.1230684,0.8948217,25.48679,314.4114,4.803739,0.4690615,0.01786914,-0.8829844,0.0,0.0,0.0,0.7415842,-0.3635949,-2.598189,-0.3870178,0.2029351,1.348788,0.6716065,0.0755934,0.7370415,-0.3649038,0.8995137,0.2402503,-0.6448177,-0.430303,0.6317036,static,-56.61085,-30.54193,-16.01016,8.55639,-55.8238399426046,-26.205840899926663,56.365722343446464,52.85396681150784,47.8937302788527
2327,2327,05/15/2023 13:24:02.503922,2556,True,True,True,True,Eyes,1.863828,0.07067053,-3.329414,-0.7974554,-0.3075775,0.5190964,0.0,0.0,0.0,0.0,0.0,0.0,0.0,1.04111,1.417608,3.347303,1.997959,0.08128382,-3.209286,0.1863891,-0.3892172,0.1227771,0.8936974,25.38666,313.9964,4.721218,0.470829,0.01792428,-0.8820421,0.0,0.0,0.0,0.7415842,-0.3635949,-2.598189,-0.3860202,0.2027487,1.351906,0.6668715,0.07435957,0.7414533,-0.3645429,0.9003697,0.2375769,-0.6499161,-0.4287248,0.6275382,static,-56.93825,-30.64779,-15.93604,8.529221,-56.143805100903016,-26.318247005151356,56.70995870019851,53.207240116166915,48.1759060570346
2328,2328,05/15/2023 13:24:02.514341,2557,True,True,True,True,Eyes,1.869436,0.07101236,-3.323878,-0.800707,-0.306322,0.5148155,0.0,0.0,0.0,0.0,0.0,0.0,0.0,1.057472,1.408595,3.343747,2.003541,0.08155714,-3.203468,0.1854306,-0.3924404,0.1225426,0.8925185,25.28885,313.5721,4.643804,0.4725937,0.017984,-0.8810966,0.0,0.0,0.0,0.7415842,-0.3635949,-2.598189,-0.3864337,0.2039404,1.354221,0.6619475,0.07320211,0.7459671,-0.364284,0.9011976,0.2348192,-0.6550745,-0.4271819,0.6232119,static,-57.26096,-30.7532,-15.92636,8.564164,-56.45921584434059,-26.430071860794406,57.04738617209815,53.5491264763395,48.4335271464271
2329,2329,05/15/2023 13:24:02.534046,2558,True,True,True,True,Eyes,1.875065,0.07136383,-3.318331,-0.8039406,-0.3050352,0.5105223,0.0,0.0,0.0,0.0,0.0,0.0,0.0,1.07222,1.397869,3.341423,2.009314,0.08178429,-3.197619,0.184134,-0.3954039,0.1227048,0.8914561,25.17159,313.1965,4.636467,0.4743555,0.01804772,-0.880148,0.0,0.0,0.0,0.7415842,-0.3635949,-2.598189,-0.3857746,0.2024084,1.357277,0.6571986,0.07315724,0.7501586,-0.3643864,0.9020765,0.2312588,-0.6597823,-0.4253306,0.6195009,static,-57.58344,-30.85817,-15.86657,8.481914,-56.77439184023815,-26.54146496676617,57.34055677898459,53.8524554868428,48.67327271301893
2330,2330,05/15/2023 13:24:02.554016,2559,True,True,True,True,Eyes,1.880702,0.07173394,-3.312774,-0.807088,-0.3036909,0.5063407,0.0,0.0,0.0,0.0,0.0,0.0,0.0,1.084316,1.385237,3.340953,2.015512,0.08234553,-3.19179,0.1825162,-0.3980244,0.123117,0.8905653,25.02998,312.8773,4.684282,0.4761153,0.01811529,-0.8791959,0.0,0.0,0.0,0.7415842,-0.3635949,-2.598189,-0.3850757,0.2009872,1.359954,0.6528375,0.07399563,0.7538752,-0.3645793,0.9030601,0.2270781,-0.6639918,-0.4230925,0.6165287,static,-57.89719,-30.95431,-15.80966,8.406875,-57.080872269092325,-26.64406462998164,57.625194716418314,54.14684968772509,48.90760195082384
2331,2331,05/15/2023 13:24:02.563830,2560,True,True,True,True,Eyes,1.886365,0.07209798,-3.307198,-0.81027,-0.3020755,0.5022081,0.0,0.0,0.0,0.0,0.0,0.0,0.0,1.094993,1.361729,3.344997,2.021666,0.08312723,-3.185636,0.179426,-0.4006244,0.1232123,0.8900143,24.71513,312.5778,4.771124,0.4778738,0.01818684,-0.8782398,0.0,0.0,0.0,0.7415842,-0.3635949,-2.598189,-0.3859027,0.1988484,1.361967,0.6486378,0.07555658,0.7573376,-0.3630862,0.9052501,0.2206596,-0.6689077,-0.418107,0.6146129,static,-58.20922,-31.02669,-15.81967,8.306547,-57.38503900399649,-26.723685328707692,57.82713447941778,54.358045195183664,49.064488860989584
2332,2332,05/15/2023 13:24:02.584006,2561,True,True,True,True,Eyes,1.89205,0.07243845,-3.301619,-0.8133982,-0.3004027,0.4981382,0.0,0.0,0.0,0.0,0.0,0.0,0.0,1.102931,1.328431,3.353861,2.028007,0.08326934,-3.179595,0.1749934,-0.4031816,0.122102,0.8898951,24.19918,312.2806,4.79262,0.4796316,0.0182618,-0.8772795,0.0,0.0,0.0,0.7415842,-0.3635949,-2.598189,-0.3896292,0.1987416,1.362955,0.6450714,0.07620765,0.7603126,-0.358424,0.9089369,0.2129929,-0.6748444,-0.4099099,0.6136439,static,-58.51602,-31.09212,-15.95369,8.296211,-57.68395109759274,-26.79643626689067,57.99131447031064,54.52438521864938,49.15538165959196
2333,2333,05/15/2023 13:24:02.604190,2562,True,True,True,True,Eyes,1.897776,0.07274763,-3.296027,-0.8165286,-0.2986858,0.4940321,0.0,0.0,0.0,0.0,0.0,0.0,0.0,1.112334,1.306854,3.357555,2.034449,0.08299869,-3.173714,0.1721802,-0.4058385,0.1209868,0.8893881,23.85806,311.9448,4.732492,0.4813891,0.01833921,-0.8763147,0.0,0.0,0.0,0.7415842,-0.3635949,-2.598189,-0.3922351,0.1994529,1.363769,0.6413146,0.07545379,0.763559,-0.3549632,0.9114323,0.2080678,-0.6802328,-0.4044722,0.6112981,static,-58.82441,-31.15665,-16.04582,8.320589,-57.98437852269331,-26.868368690007227,58.210481542856364,54.74582572462024,49.300811804574224
2334,2334,05/15/2023 13:24:02.613652,2563,True,True,True,True,Eyes,1.903569,0.07303595,-3.290393,-0.8196085,-0.2970149,0.4899226,0.0,0.0,0.0,0.0,0.0,0.0,0.0,1.124623,1.295357,3.356416,2.041208,0.0825334,-3.167793,0.1706823,-0.4086742,0.1206478,0.8884241,23.69624,311.5796,4.689682,0.4831475,0.01841801,-0.8753448,0.0,0.0,0.0,0.7415842,-0.3635949,-2.598189,-0.3933877,0.1979558,1.365257,0.6368592,0.0748658,0.7673367,-0.3538796,0.9126233,0.2046653,-0.6849669,-0.4018878,0.607706,static,-59.13105,-31.22628,-16.0739,8.250123,-58.28325019146644,-26.945167015535347,58.41493439130878,54.957598954680414,49.455460461159724
2335,2335,05/15/2023 13:24:02.635177,2564,True,True,True,True,Eyes,1.909413,0.07329725,-3.284744,-0.8226787,-0.2952455,0.4858291,0.0,0.0,0.0,0.0,0.0,0.0,0.0,1.135505,1.278865,3.357583,2.048095,0.08226973,-3.161767,0.168551,-0.41147,0.1198425,0.887649,23.44393,311.2209,4.629469,0.4849083,0.0184975,-0.8743689,0.0,0.0,0.0,0.7415842,-0.3635949,-2.598189,-0.3926128,0.1964718,1.366937,0.6326606,0.07404886,0.7708809,-0.3514635,0.9144567,0.200605,-0.6900827,-0.3978514,0.6045661,static,-59.43623,-31.28767,-16.02517,8.179189,-58.58048318901836,-27.013969128580776,58.66986526019539,55.22239635943673,49.67477053380228
2336,2336,05/15/2023 13:24:02.653582,2565,True,True,True,True,Eyes,1.915297,0.07354224,-3.279104,-0.825595,-0.2935684,0.4818822,0.0,0.0,0.0,0.0,0.0,0.0,0.0,1.143057,1.26211,3.359996,2.055175,0.08184491,-3.15573,0.1662602,-0.4137936,0.1193597,0.8870659,23.18791,310.9342,4.627813,0.4866726,0.01857691,-0.8733864,0.0,0.0,0.0,0.7415842,-0.3635949,-2.598189,-0.3916753,0.1942946,1.368374,0.6290562,0.07416509,0.773814,-0.3493547,0.9162216,0.1961869,-0.6944349,-0.393748,0.6022648,static,-59.7288,-31.35028,-15.97293,8.081371,-58.865536996307696,-27.08355295937925,58.901878238666555,55.46483220932548,49.87804046000284
2337,2337,05/15/2023 13:24:02.663913,2566,True,True,True,True,Eyes,1.921242,0.07375691,-3.273461,-0.8285381,-0.2917234,0.4779353,0.0,0.0,0.0,0.0,0.0,0.0,0.0,1.149196,1.244947,3.363245,2.062456,0.08169758,-3.149851,0.1638732,-0.4158852,0.1191625,0.8865583,22.93471,310.6853,4.670215,0.4884409,0.0186558,-0.8723972,0.0,0.0,0.0,0.7415842,-0.3635949,-2.598189,-0.3932693,0.1961482,1.368741,0.6256796,0.07498407,0.776468,-0.3475938,0.9178918,0.1914504,-0.6983579,-0.389682,0.6003702,static,-60.02187,-31.39917,-16.03052,8.155283,-59.15070090593896,-27.13991461409612,59.15905363468646,55.723432916314486,50.065543662981945
2338,2338,05/15/2023 13:24:02.683689,2567,True,True,True,True,Eyes,1.927241,0.0739258,-3.267821,-0.8314008,-0.2899748,0.4740119,0.0,0.0,0.0,0.0,0.0,0.0,0.0,1.158902,1.220693,3.367998,2.069903,0.08112925,-3.144118,0.1605433,-0.4185587,0.1184828,0.8860002,22.561,310.3632,4.693158,0.4902138,0.01873342,-0.8714005,0.0,0.0,0.0,0.7415842,-0.3635949,-2.598189,-0.3981898,0.1979434,1.367732,0.6215409,0.07555797,0.7797294,-0.3443452,0.9203753,0.1852988,-0.7036428,-0.3836668,0.5980689,static,-60.31096,-31.45604,-16.23195,8.234891,-59.43222789749771,-27.20385103717168,59.31550493949167,55.876367523294036,50.12890428150298
2339,2339,05/15/2023 13:24:02.703778,2568,True,True,True,True,Eyes,1.933315,0.07405687,-3.262175,-0.8342803,-0.2882429,0.4699919,0.0,0.0,0.0,0.0,0.0,0.0,0.0,1.171207,1.200441,3.370183,2.07746,0.08019555,-3.138255,0.1576688,-0.4214271,0.1184929,0.885155,22.27144,310.0198,4.765323,0.4919917,0.01880865,-0.8703963,0.0,0.0,0.0,0.7415842,-0.3635949,-2.598189,-0.4049236,0.1979122,1.36655,0.6167172,0.07687724,0.7834218,-0.3426609,0.9222,0.1792504,-0.7086913,-0.3789949,0.5950794,static,-60.60526,-31.52051,-16.50513,8.24063,-59.719007885923325,-27.275283751483254,59.37819229411165,55.935850503431965,50.09878884124599
2340,2340,05/15/2023 13:24:02.723925,2569,True,True,True,True,Eyes,1.93947,0.07414681,-3.25651,-0.8370562,-0.2867003,0.4659827,0.0,0.0,0.0,0.0,0.0,0.0,0.0,1.18872,1.189696,3.367319,2.085449,0.07932049,-3.132393,0.156086,-0.4247928,0.119261,0.8837224,22.16008,309.603,4.842336,0.4937761,0.01888074,-0.8693838,0.0,0.0,0.0,0.7415842,-0.3635949,-2.598189,-0.4113391,0.1995233,1.36479,0.6106558,0.07817877,0.7880276,-0.3433955,0.922828,0.1745509,-0.7135679,-0.3771956,0.5903766,static,-60.89565,-31.6023,-16.77248,8.317345,-60.00247344467864,-27.363305204702318,59.50153097000887,56.0530207237512,50.1091558400611
2341,2341,05/15/2023 13:24:02.734381,2570,True,True,True,True,Eyes,1.945702,0.07421409,-3.250837,-0.8398407,-0.2851209,0.4619239,0.0,0.0,0.0,0.0,0.0,0.0,0.0,1.202411,1.177065,3.366264,2.093432,0.0784241,-3.126403,0.1542592,-0.4277871,0.1195196,0.8825631,21.99618,309.2304,4.886829,0.4955675,0.01894888,-0.8683624,0.0,0.0,0.0,0.7415842,-0.3635949,-2.598189,-0.4157294,0.2017225,1.363427,0.6054265,0.07898695,0.7919721,-0.3429473,0.9238384,0.170029,-0.7182241,-0.3745447,0.5864046,static,-61.18861,-31.68481,-16.95725,8.416002,-60.28844761584492,-27.4521019428004,59.70333600820764,56.25045392950121,50.20378191190188
2342,2342,05/15/2023 13:24:02.753846,2571,True,True,True,True,Eyes,1.951996,0.0742554,-3.245177,-0.8426309,-0.2835847,0.4577695,0.0,0.0,0.0,0.0,0.0,0.0,0.0,1.215336,1.163707,3.365875,2.101536,0.07800366,-3.120549,0.1523632,-0.4306722,0.1198448,0.8814444,21.82835,308.8742,4.946039,0.4973669,0.01901285,-0.8673316,0.0,0.0,0.0,0.7415842,-0.3635949,-2.598189,-0.4198141,0.2061483,1.361648,0.6003174,0.08003588,0.795747,-0.3425103,0.9248453,0.1653717,-0.7227072,-0.3718271,0.5826138,static,-61.48644,-31.7779,-17.13522,8.608984,-60.57942676517162,-27.55125958825361,59.98442393420025,56.52399771616317,50.35404530415045
2343,2343,05/15/2023 13:24:02.764003,2572,True,True,True,True,Eyes,1.958356,0.07428017,-3.23953,-0.845468,-0.2819456,0.4535312,0.0,0.0,0.0,0.0,0.0,0.0,0.0,1.228213,1.141489,3.368567,2.109543,0.07741946,-3.114897,0.1493038,-0.4337022,0.1194606,0.8805341,21.50329,308.5028,4.986531,0.4991746,0.01907236,-0.8662911,0.0,0.0,0.0,0.7415842,-0.3635949,-2.598189,-0.4243599,0.2121283,1.359327,0.5952631,0.08087153,0.7994508,-0.339885,0.9268752,0.1593134,-0.7281072,-0.3665547,0.5792217,static,-61.78973,-31.86788,-17.33752,8.869692,-60.87560897575133,-27.647587732838325,60.29551182583397,56.824967318484255,50.51627593474462
2344,2344,05/15/2023 13:24:02.786517,2573,True,True,True,True,Eyes,1.964774,0.07436647,-3.233866,-0.848271,-0.2806292,0.4490919,0.0,0.0,0.0,0.0,0.0,0.0,0.0,1.246197,1.120555,3.369049,2.11756,0.07700551,-3.109525,0.1464565,-0.4372674,0.11949,0.8792441,21.22553,308.0623,5.049181,0.5009906,0.01912737,-0.8652409,0.0,0.0,0.0,0.7415842,-0.3635949,-2.598189,-0.4281372,0.2159791,1.357231,0.5890388,0.08204038,0.8039296,-0.338203,0.9285453,0.1530438,-0.7339293,-0.36204,0.5746955,static,-62.10235,-32.0005,-17.50783,9.041789,-61.18198981270907,-27.78534998994628,60.60644108005288,57.1285427919431,50.681176395645295
2345,2345,05/15/2023 13:24:02.803984,2574,True,True,True,True,Eyes,1.971241,0.07448918,-3.228183,-0.8511938,-0.2792298,0.4444095,0.0,0.0,0.0,0.0,0.0,0.0,0.0,1.275774,1.11117,3.36043,2.125309,0.07859939,-3.103494,0.1452368,-0.4417011,0.1228313,0.8767663,21.29604,307.5326,5.363179,0.5028155,0.01917995,-0.8641806,0.0,0.0,0.0,0.7415842,-0.3635949,-2.598189,-0.4294101,0.2172129,1.356217,0.5796252,0.0870861,0.8102164,-0.3436912,0.9276374,0.1461681,-0.7388579,-0.363187,0.5676128,static,-62.43087,-32.14182,-17.56901,9.099262,-61.504006631226986,-27.93200508650128,60.93778242757382,57.45953942573608,50.90035226422516
2346,2346,05/15/2023 13:24:02.813704,2575,True,True,True,True,Eyes,1.977786,0.07462822,-3.222508,-0.8540152,-0.2781731,0.4396335,0.0,0.0,0.0,0.0,0.0,0.0,0.0,1.311364,1.081496,3.355613,2.133073,0.07955183,-3.097276,0.1414908,-0.4473946,0.1242187,0.874293,21.01169,306.834,5.569676,0.5046495,0.0192313,-0.8631098,0.0,0.0,0.0,0.7415842,-0.3635949,-2.598189,-0.4294103,0.2220755,1.354941,0.5688157,0.09060265,0.8174594,-0.3438115,0.9291002,0.1362592,-0.7471561,-0.3585583,0.559637,static,-62.7613,-32.32311,-17.58455,9.308047,-61.82896318904787,-28.117285456733303,61.43363877975281,57.95018212171734,51.24130626129952
2347,2347,05/15/2023 13:24:02.833959,2576,True,True,True,True,Eyes,1.984379,0.07492015,-3.216787,-0.8567562,-0.2775703,0.4346535,0.0,0.0,0.0,0.0,0.0,0.0,0.0,1.334291,1.087899,3.344651,2.141702,0.08016911,-3.091478,0.1424382,-0.4511831,0.1259941,0.8719351,21.2284,306.3342,5.613865,0.5064927,0.01928193,-0.8620284,0.0,0.0,0.0,0.7415842,-0.3635949,-2.598189,-0.4299099,0.2233625,1.353942,0.5611188,0.0911858,0.8226972,-0.3482487,0.9276737,0.134701,-0.7509118,-0.3620865,0.5522905,static,-63.1002,-32.56236,-17.61593,9.367825,-62.16370325108898,-28.35875460023955,61.86242180489804,58.37635574411655,51.5181942974613
2348,2348,05/15/2023 13:24:02.854258,2577,True,True,True,True,Eyes,1.990975,0.07530493,-3.210987,-0.8595684,-0.2764366,0.4297964,0.0,0.0,0.0,0.0,0.0,0.0,0.0,1.364691,1.095725,3.328501,2.149493,0.08420265,-3.084558,0.1436436,-0.4551687,0.13231,0.8687246,21.71686,305.8712,6.124561,0.5083457,0.01933596,-0.8609358,0.0,0.0,0.0,0.7415842,-0.3635949,-2.598189,-0.4328602,0.2300437,1.351843,0.5506312,0.09911788,0.8288432,-0.360646,0.9237212,0.1291266,-0.7528213,-0.3700201,0.5443761,moving,-63.4343,-32.74833,-17.75507,9.657537,-62.49234172927305,-28.54866558629624,62.32856174671921,58.83143205671542,51.78768419942224
2349,2349,05/15/2023 13:24:02.863896,2578,True,True,True,True,Eyes,1.997664,0.07569617,-3.205184,-0.8623381,-0.2752081,0.42501,0.0,0.0,0.0,0.0,0.0,0.0,0.0,1.38135,1.030882,3.339645,2.156284,0.08670592,-3.076849,0.135566,-0.4595734,0.1294961,0.8681273,20.75686,305.3359,6.153395,0.5102083,0.01939554,-0.859832,0.0,0.0,0.0,0.743936,-0.3616144,-2.598035,-0.4276015,0.2420241,1.348638,0.5440463,0.1002332,0.8330468,-0.3494432,0.9297053,0.1163511,-0.7628258,-0.3544029,0.5408285,moving,-63.76326,-32.9244,-17.59182,10.1739,-62.81573228440157,-28.72886330223665,63.16063120776739,59.65423065346747,52.423173781575166
2350,2350,05/15/2023 13:24:02.883877,2579,True,True,True,True,Eyes,2.004426,0.07615432,-3.199323,-0.8648791,-0.2743503,0.420376,0.0,0.0,0.0,0.0,0.0,0.0,0.0,1.379904,1.031096,3.340513,2.165202,0.08723596,-3.07093,0.1358289,-0.4611181,0.1266972,0.8676799,20.64378,305.0818,5.801938,0.5120817,0.01946027,-0.8587161,0.0,0.0,0.0,0.7458004,-0.3600442,-2.597913,-0.4200224,0.2354603,1.349265,0.542636,0.09459898,0.834624,-0.3451315,0.9309967,0.1188672,-0.7657875,-0.3525567,0.5378413,moving,-64.07785,-33.1297,-17.29122,9.899006,-63.12600294774148,-28.93681322609835,63.56459932062292,60.07535420477156,52.81441625919581
2351,2351,05/15/2023 13:24:02.903863,2580,True,True,True,True,Eyes,2.01116,0.07666466,-3.193441,-0.8674967,-0.2729469,0.415872,0.0,0.0,0.0,0.0,0.0,0.0,0.0,1.381036,1.050335,3.333485,2.173008,0.0893292,-3.064741,0.1383813,-0.4619501,0.1289511,0.8665013,21.03592,304.9666,5.880263,0.5139662,0.0195314,-0.8575878,0.0,0.0,0.0,0.747954,-0.3582307,-2.597772,-0.4106317,0.2453656,1.348609,0.5399475,0.09562217,0.8362494,-0.3513231,0.9284444,0.1206771,-0.7648717,-0.3589531,0.5349056,moving,-64.38726,-33.27786,-16.93472,10.31159,-63.42969874757652,-29.089468724280746,64.43433637241948,60.944454032600966,53.55242916266411
2352,2352,05/15/2023 13:24:02.913749,2581,True,True,True,True,Eyes,2.017923,0.07716857,-3.187563,-0.8700733,-0.2713002,0.4115442,0.0,0.0,0.0,0.0,0.0,0.0,0.0,1.380692,0.9938064,3.349056,2.179112,0.09095483,-3.058323,0.1310902,-0.4639466,0.1259423,0.8670107,20.1314,304.7474,5.914504,0.5158603,0.01960968,-0.8564481,0.0,0.0,0.0,0.7500775,-0.3564423,-2.597633,-0.4015017,0.2568952,1.346872,0.5377843,0.0967489,0.8375128,-0.3400243,0.9339078,0.1104522,-0.7714736,-0.3441742,0.535138,moving,-64.68588,-33.39387,-16.59929,10.79859,-63.72206800370302,-29.21076569151268,65.30921572549849,61.81670283698618,54.28933037802086
2353,2353,05/15/2023 13:24:02.934027,2582,True,True,True,True,Eyes,2.024686,0.07767115,-3.181678,-0.8725778,-0.2698444,0.4071754,0.0,0.0,0.0,0.0,0.0,0.0,0.0,1.388193,0.9643513,3.354318,2.186506,0.09126015,-3.052764,0.1273229,-0.4665503,0.1238737,0.8664728,19.64737,304.4122,5.842106,0.5177637,0.01969423,-0.8552967,0.0,0.0,0.0,0.7523634,-0.3545173,-2.597484,-0.3932019,0.2501464,1.347819,0.5339724,0.09586133,0.8400502,-0.3334715,0.9368883,0.1050571,-0.7769623,-0.3362304,0.5322395,moving,-64.9846,-33.53335,-16.26365,10.51409,-64.01517411759053,-29.35471101634039,65.68034667582153,62.20714870522016,54.68486391151849
2354,2354,05/15/2023 13:24:02.953976,2583,True,True,True,True,Eyes,2.03144,0.07818212,-3.175761,-0.8750569,-0.2683904,0.4027929,0.0,0.0,0.0,0.0,0.0,0.0,0.0,1.399968,0.96658,3.347682,2.193301,0.09174959,-3.046666,0.1275216,-0.4688005,0.125994,0.864922,19.79918,304.1317,6.002221,0.5196747,0.01978436,-0.8541347,0.0,0.0,0.0,0.7542524,-0.3529265,-2.59736,-0.3846105,0.2501868,1.348908,0.5287033,0.09838563,0.8430855,-0.3375143,0.9357275,0.1024603,-0.7788178,-0.3387245,0.5279288,moving,-65.28316,-33.67646,-15.9143,10.50745,-64.30822426315689,-29.502153759340167,66.25331871376483,62.79124380490939,55.22042461833703
2355,2355,05/15/2023 13:24:02.964461,2584,True,True,True,True,Eyes,2.038187,0.07870308,-3.169821,-0.877551,-0.2668492,0.3983662,0.0,0.0,0.0,0.0,0.0,0.0,0.0,1.413692,0.9340945,3.349545,2.199632,0.09241426,-3.040326,0.1231437,-0.4717325,0.1270279,0.8638102,19.42617,303.7987,6.286983,0.5215935,0.01987979,-0.8529623,0.0,0.0,0.0,0.7563925,-0.3511242,-2.59722,-0.3779674,0.2472798,1.348937,0.5226648,0.1032743,0.84626,-0.3356378,0.9373991,0.09289918,-0.7836892,-0.332592,0.5246082,moving,-65.58422,-33.81651,-15.65269,10.38782,-64.60361215001086,-29.64672242825313,66.68718376787102,63.23730992678313,55.63033011256713
2356,2356,05/15/2023 13:24:02.984053,2585,True,True,True,True,Eyes,2.044903,0.07924356,-3.163822,-0.8799888,-0.2653677,0.3939537,0.0,0.0,0.0,0.0,0.0,0.0,0.0,1.427543,0.9074986,3.349478,2.206269,0.09312239,-3.033832,0.1195943,-0.4746896,0.1279953,0.8625453,19.13695,303.449,6.519279,0.5235185,0.01998024,-0.8517797,0.0,0.0,0.0,0.7585592,-0.3492996,-2.597079,-0.3751264,0.2392592,1.349133,0.5165741,0.1072632,0.8494974,-0.3343439,0.9386288,0.08479493,-0.7882673,-0.3278271,0.5207341,moving,-65.88288,-33.96426,-15.53858,10.05644,-64.89688567251804,-29.798645248973365,66.87578463823809,63.44028813825376,55.818932123720444
2357,2357,05/15/2023 13:24:03.003733,2586,True,True,True,True,Eyes,2.051564,0.07977679,-3.157791,-0.8824788,-0.263629,0.3895265,0.0,0.0,0.0,0.0,0.0,0.0,0.0,1.439382,0.8821478,3.348794,2.211898,0.09407075,-3.027059,0.1164113,-0.4775269,0.1278077,0.8614417,18.82183,303.0952,6.613872,0.5254492,0.02008574,-0.8505877,0.0,0.0,0.0,0.7606704,-0.3475216,-2.596941,-0.3746727,0.2396227,1.347591,0.5112665,0.1090187,0.8524798,-0.3313769,0.9402272,0.07849993,-0.7929666,-0.3226264,0.5168329,moving,-66.18332,-34.08988,-15.5376,10.08269,-65.191279609487,-29.929271572867783,67.20271493565792,63.76868328317775,56.05599861622718
2358,2358,05/15/2023 13:24:03.014387,2587,True,True,True,True,Eyes,2.05818,0.08029269,-3.151737,-0.8848538,-0.2621682,0.3850994,0.0,0.0,0.0,0.0,0.0,0.0,0.0,1.448866,0.8516213,3.350027,2.217277,0.09435931,-3.020253,0.1126257,-0.4803546,0.1258573,0.8606595,18.34735,302.7267,6.560243,0.5273846,0.02019568,-0.8493863,0.0,0.0,0.0,0.7627772,-0.3457474,-2.596803,-0.3769492,0.23814,1.345484,0.5068389,0.1084401,0.855193,-0.3248411,0.9429507,0.07295243,-0.7984939,-0.314777,0.5131499,moving,-66.48073,-34.24628,-15.65068,10.03695,-65.48357841872901,-30.08950122100382,67.41437860156688,63.98007386993987,56.16384393429785
2359,2359,05/15/2023 13:24:03.039917,2588,True,True,True,True,Eyes,2.06473,0.08080409,-3.145669,-0.8872067,-0.2608173,0.3805767,0.0,0.0,0.0,0.0,0.0,0.0,0.0,1.462048,0.8499787,3.342631,2.222625,0.09448816,-3.014008,0.1127718,-0.4832609,0.1244483,0.8592172,18.30486,302.3121,6.341178,0.5293234,0.02030915,-0.8481768,0.0,0.0,0.0,0.7649719,-0.3438991,-2.596659,-0.3807002,0.2373391,1.342805,0.5019432,0.1048598,0.8585205,-0.3228526,0.9435903,0.07350898,-0.8023835,-0.3140729,0.5074829,moving,-66.78258,-34.42368,-15.82863,10.02344,-65.78074990830605,-30.270132115497997,67.61546788196395,64.17777058421882,56.23337337110294
2360,2360,05/15/2023 13:24:03.053960,2589,True,True,True,True,Eyes,2.071235,0.0813247,-3.13954,-0.8895069,-0.2597382,0.3759168,0.0,0.0,0.0,0.0,0.0,0.0,0.0,1.476499,0.8607848,3.331047,2.227658,0.0949308,-3.007558,0.114665,-0.4861811,0.1233856,0.8574706,18.45859,301.8792,6.057848,0.5312636,0.02042568,-0.8469601,0.0,0.0,0.0,0.7670863,-0.3421185,-2.596521,-0.3835153,0.2431482,1.340048,0.4968078,0.1001032,0.8620681,-0.3230949,0.9432559,0.07666817,-0.8054761,-0.3166192,0.5009598,moving,-67.09047,-34.64238,-15.97087,10.28428,-66.08489720351247,-30.490801048657342,68.0559937324818,64.60667888909755,56.4612776629205
2361,2361,05/15/2023 13:24:03.064062,2590,True,True,True,True,Eyes,2.077654,0.08185614,-3.133395,-0.8918102,-0.2587032,0.3711432,0.0,0.0,0.0,0.0,0.0,0.0,0.0,1.493097,0.8603243,3.321205,2.232398,0.09566426,-3.00119,0.1150099,-0.4893475,0.1229369,0.855686,18.4902,301.4361,5.920948,0.5332053,0.02054529,-0.8457361,0.0,0.0,0.0,0.7692051,-0.3403342,-2.596382,-0.3851298,0.2483956,1.337337,0.4908512,0.09783107,0.8657334,-0.3229503,0.9433185,0.0765071,-0.8091776,-0.3171424,0.4946236,moving,-67.40446,-34.8782,-16.06548,10.52215,-66.3954190412491,-30.728179630653266,68.53380660347783,65.0745146622962,56.728992096931215
2362,2362,05/15/2023 13:24:03.083978,2591,True,True,True,True,Eyes,2.083997,0.08238509,-3.127219,-0.8940565,-0.2578485,0.3663019,0.0,0.0,0.0,0.0,0.0,0.0,0.0,1.511657,0.8584645,3.310343,2.23683,0.09646896,-2.994615,0.115195,-0.4927486,0.1226859,0.853743,18.51787,300.9638,5.808259,0.5351469,0.02066799,-0.844506,0.0,0.0,0.0,0.7713885,-0.3384954,-2.59624,-0.3847184,0.2499516,1.336036,0.4842939,0.09596003,0.8696269,-0.3230087,0.9433566,0.07578719,-0.8130957,-0.3176004,0.4878578,moving,-67.7207,-35.14262,-16.06402,10.59665,-66.70889984761217,-30.993223709922766,68.99632895129493,65.53336135119577,57.022313701384135
2363,2363,05/15/2023 13:24:03.104074,2592,True,True,True,True,Eyes,2.090257,0.08291613,-3.121017,-0.8962798,-0.2570728,0.3613807,0.0,0.0,0.0,0.0,0.0,0.0,0.0,1.52995,0.8550656,3.299845,2.241174,0.09697731,-2.988076,0.1151756,-0.4961793,0.1220215,0.8518519,18.50057,300.4841,5.663935,0.5370867,0.02079342,-0.8432705,0.0,0.0,0.0,0.7734358,-0.3367713,-2.596106,-0.3841295,0.2493384,1.335346,0.4778338,0.09359297,0.8734502,-0.322184,0.9436907,0.07513605,-0.8172346,-0.3173141,0.4810815,moving,-68.04067,-35.42664,-16.04856,10.57658,-67.02652754066405,-31.277295970744618,69.42244415619851,65.95832099402979,57.29494502561224
2364,2364,05/15/2023 13:24:03.113854,2593,True,True,True,True,Eyes,2.096434,0.08343267,-3.11478,-0.8984299,-0.2563507,0.3565223,0.0,0.0,0.0,0.0,0.0,0.0,0.0,1.54625,0.8538743,3.289307,2.245529,0.09756993,-2.981209,0.1152917,-0.4991902,0.1226598,0.8499832,18.56941,300.0743,5.655263,0.5390237,0.02092142,-0.8420304,0.0,0.0,0.0,0.7757007,-0.3348639,-2.595958,-0.382016,0.2523654,1.334378,0.4715274,0.0934125,0.87689,-0.3236225,0.9433249,0.07353089,-0.8203233,-0.3184531,0.4750339,moving,-68.35543,-35.71731,-15.97576,10.70961,-67.33929082429923,-31.56762116965724,69.99349062588105,66.5250071334936,57.679651785616684
2365,2365,05/15/2023 13:24:03.133929,2594,True,True,True,True,Eyes,2.102538,0.0839392,-3.108538,-0.9005224,-0.2557312,0.3516545,0.0,0.0,0.0,0.0,0.0,0.0,0.0,1.557402,0.8474295,3.282452,2.249537,0.09775966,-2.974585,0.1147133,-0.5017419,0.1219175,0.8486649,18.48453,299.7205,5.555854,0.540957,0.02105137,-0.8407866,0.0,0.0,0.0,0.7776863,-0.3331918,-2.595828,-0.3812055,0.2451662,1.334723,0.4667825,0.09182127,0.8795925,-0.3220472,0.9439539,0.07236413,-0.8236502,-0.3170486,0.470192,moving,-68.66933,-36.02551,-15.93968,10.40825,-67.65169925091807,-31.87483336593923,70.26030214039861,66.79814424022787,57.85674845452764
2366,2366,05/15/2023 13:24:03.153872,2595,True,True,True,True,Eyes,2.108552,0.08445165,-3.102256,-0.902439,-0.2552386,0.3470693,0.0,0.0,0.0,0.0,0.0,0.0,0.0,1.56752,0.850161,3.274134,2.2539,0.09804223,-2.968193,0.1151935,-0.5038599,0.122764,0.8472217,18.59645,299.4304,5.566352,0.5428857,0.02118287,-0.8395392,0.0,0.0,0.0,0.7798223,-0.331393,-2.595688,-0.3812598,0.2459184,1.334373,0.4621085,0.09193397,0.8820452,-0.3240995,0.9433188,0.07147718,-0.8254788,-0.3189007,0.4657114,moving,-68.96374,-36.33117,-15.94581,10.44216,-67.94516285269917,-32.17898367836386,70.70109829962898,67.2346234134709,58.117288766913916
2367,2367,05/15/2023 13:24:03.164187,2596,True,True,True,True,Eyes,2.114472,0.08495651,-3.095953,-0.9043831,-0.2546326,0.342423,0.0,0.0,0.0,0.0,0.0,0.0,0.0,1.580084,0.8383971,3.267647,2.257477,0.09867707,-2.961614,0.1137998,-0.506384,0.1235343,0.8457921,18.51866,299.1067,5.671997,0.544809,0.02131597,-0.838289,0.0,0.0,0.0,0.78198,-0.3295759,-2.595547,-0.3813461,0.2463705,1.333116,0.4566291,0.09371582,0.8847074,-0.3242214,0.9435778,0.06739038,-0.8284746,-0.3176135,0.4612498,moving,-69.26203,-36.63523,-15.96351,10.47058,-68.2423405032401,-32.48171188205541,71.13149492275907,67.66073822171755,58.3662295240194
2368,2368,05/15/2023 13:24:03.184090,2597,True,True,True,True,Eyes,2.120312,0.08544645,-3.089592,-0.9062433,-0.2539924,0.3379511,0.0,0.0,0.0,0.0,0.0,0.0,0.0,1.594804,0.820078,3.261545,2.26119,0.09896226,-2.954798,0.1116111,-0.5094212,0.1232507,0.8442997,18.30285,298.7094,5.706776,0.5467254,0.02145032,-0.837037,0.0,0.0,0.0,0.7840229,-0.3278555,-2.595413,-0.3822581,0.2370045,1.33386,0.4505986,0.09440689,0.8877207,-0.3218352,0.9447044,0.06289351,-0.8326961,-0.3140396,0.456066,moving,-69.5488,-36.92727,-15.99127,10.07535,-68.52803355485962,-32.77248125986564,71.25766840533937,67.79416028311837,58.42805418194394
2369,2369,05/15/2023 13:24:03.204098,2598,True,True,True,True,Eyes,2.126054,0.08592142,-3.083208,-0.9081305,-0.2532432,0.3334171,0.0,0.0,0.0,0.0,0.0,0.0,0.0,1.609414,0.8064004,3.254045,2.264674,0.09905799,-2.948007,0.1100524,-0.5124052,0.1228895,0.84275,18.14554,298.3101,5.698002,0.5486354,0.0215855,-0.8357828,0.0,0.0,0.0,0.7862096,-0.326014,-2.59527,-0.3831326,0.235798,1.333231,0.4446783,0.09434746,0.8907075,-0.3199131,0.9455733,0.05955485,-0.8366103,-0.3114318,0.4506589,moving,-69.83945,-37.21808,-16.03315,10.02973,-68.81745074487803,-33.062185526476185,71.60637869272611,68.14026407981326,58.617371688620956
2370,2370,05/15/2023 13:24:03.214364,2599,True,True,True,True,Eyes,2.131679,0.08638406,-3.076817,-0.9099628,-0.2523964,0.3290344,0.0,0.0,0.0,0.0,0.0,0.0,0.0,1.622897,0.7916111,3.247122,2.26814,0.09914878,-2.94108,0.1083727,-0.5153353,0.122068,0.8412992,17.94836,297.9144,5.652104,0.5505377,0.02172104,-0.8345273,0.0,0.0,0.0,0.7883242,-0.3242331,-2.595132,-0.3831776,0.2337859,1.332877,0.4390578,0.09369493,0.8935601,-0.317088,0.9467095,0.05653575,-0.8406447,-0.3081597,0.4453697,moving,-70.12047,-37.49117,-16.03897,9.948452,-69.0970583171041,-33.33449053982685,71.93974129612147,68.47316153626595,58.81595575695679
2371,2371,05/15/2023 13:24:03.233724,2600,True,True,True,True,Eyes,2.137194,0.08682697,-3.070392,-0.9118518,-0.2513769,0.324555,0.0,0.0,0.0,0.0,0.0,0.0,0.0,1.635715,0.7714103,3.241414,2.271264,0.09933579,-2.934092,0.1059678,-0.5182254,0.1211394,0.8399634,17.67235,297.5318,5.642124,0.5524313,0.02185667,-0.8332716,0.0,0.0,0.0,0.790457,-0.322437,-2.594992,-0.3823189,0.2276218,1.33327,0.4335353,0.09367492,0.8962545,-0.3133358,0.9481921,0.05246314,-0.844907,-0.3035732,0.4404265,moving,-70.40785,-37.75878,-16.0004,9.688387,-69.38267594907326,-33.60170755949894,72.19005659942641,68.7291762825175,58.9903082502773
2372,2372,05/15/2023 13:24:03.254066,2601,True,True,True,True,Eyes,2.1426,0.0872415,-3.063917,-0.9137031,-0.2503021,0.3201494,0.0,0.0,0.0,0.0,0.0,0.0,0.0,1.651899,0.7493713,3.23388,2.274224,0.09926139,-2.926834,0.1033719,-0.5216217,0.1198983,0.8383613,17.36208,297.0771,5.603454,0.5543149,0.02199185,-0.8320162,0.0,0.0,0.0,0.7925901,-0.3206407,-2.594853,-0.3799753,0.2297703,1.33345,0.4270704,0.09319409,0.8994031,-0.3088783,0.9498773,0.04824292,-0.8498266,-0.2984091,0.4344501,moving,-70.69022,-38.01933,-15.90524,9.776777,-69.66324900442109,-33.86195558272214,72.70393302948506,69.2406131800243,59.345607894925145
2373,2373,05/15/2023 13:24:03.264629,2602,True,True,True,True,Eyes,2.147903,0.08762597,-3.057399,-0.9155785,-0.2491401,0.3156661,0.0,0.0,0.0,0.0,0.0,0.0,0.0,1.6672,0.7337617,3.224827,2.27694,0.09899633,-2.919454,0.1016896,-0.5249308,0.1180926,0.8367564,17.10715,296.6178,5.455689,0.556188,0.02212595,-0.8307616,0.0,0.0,0.0,0.7946539,-0.3189026,-2.594718,-0.3777529,0.2310423,1.333343,0.4210036,0.09086943,0.9024959,-0.3043894,0.9514267,0.04619797,-0.8544608,-0.2941597,0.4282138,moving,-70.97723,-38.28234,-15.8181,9.830626,-69.94838286220565,-34.124722652665696,73.19417408287394,69.7291918633781,59.683171795390756
2374,2374,05/15/2023 13:24:03.284167,2603,True,True,True,True,Eyes,2.153082,0.08799367,-3.050851,-0.9173533,-0.2480614,0.3113336,0.0,0.0,0.0,0.0,0.0,0.0,0.0,1.679757,0.7266356,3.215097,2.279857,0.09866245,-2.911864,0.10112,-0.5278656,0.116248,0.835236,16.95645,296.1969,5.244576,0.5580512,0.02225838,-0.8295078,0.0,0.0,0.0,0.7968482,-0.3170547,-2.594574,-0.3758791,0.227542,1.334213,0.4156887,0.08743358,0.9052946,-0.3009446,0.9525223,0.04619139,-0.8582746,-0.2916448,0.4222654,moving,-71.25368,-38.5468,-15.73378,9.67834,-70.2233291736356,-34.38855763918807,73.53994441138502,70.07854476720198,59.93383496436351
2375,2375,05/15/2023 13:24:03.304026,2604,True,True,True,True,Eyes,2.158145,0.08833382,-3.044258,-0.9191422,-0.2468299,0.3070058,0.0,0.0,0.0,0.0,0.0,0.0,0.0,1.687159,0.7216896,3.207181,2.28226,0.09867854,-2.904289,0.1008072,-0.5300722,0.1145903,0.8341048,16.83698,295.8764,5.052338,0.5599027,0.02238888,-0.8282556,0.0,0.0,0.0,0.7989248,-0.3153059,-2.594439,-0.3732114,0.2260955,1.33514,0.4117852,0.08429056,0.9073744,-0.2980308,0.953414,0.04668516,-0.8611683,-0.2896497,0.4177229,moving,-71.52999,-38.79897,-15.61726,9.611412,-70.49780475905463,-34.64053012850046,73.95808584217701,70.49899698006172,60.24441062840831
2376,2376,05/15/2023 13:24:03.313701,2605,True,True,True,True,Eyes,2.16307,0.08863944,-3.03767,-0.9208151,-0.245608,0.3029459,0.0,0.0,0.0,0.0,0.0,0.0,0.0,1.692751,0.7084373,3.201879,2.284599,0.09833521,-2.896592,0.09930619,-0.5321635,0.1125483,0.8332306,16.57547,295.5834,4.899744,0.5617424,0.02251699,-0.8270054,0.0,0.0,0.0,0.8010836,-0.3134879,-2.594297,-0.370461,0.2250674,1.336098,0.4082698,0.08186313,0.9091833,-0.2932517,0.9549423,0.04570171,-0.8644764,-0.2852781,0.4138806,moving,-71.78893,-39.0328,-15.49714,9.561783,-70.75495782993829,-34.8742624508374,74.36530856755714,70.90831098422478,60.55022140536319
2377,2377,05/15/2023 13:24:03.333942,2606,True,True,True,True,Eyes,2.167865,0.08891399,-3.031036,-0.9224863,-0.2443005,0.2988919,0.0,0.0,0.0,0.0,0.0,0.0,0.0,1.69785,0.6994005,3.195949,2.286727,0.09786575,-2.88916,0.0983047,-0.5340459,0.1110664,0.8323435,16.39606,295.3188,4.777067,0.5635691,0.02264208,-0.8257583,0.0,0.0,0.0,0.8032156,-0.3116925,-2.594158,-0.3687408,0.2240954,1.336965,0.4049186,0.07989234,0.9108558,-0.2898892,0.9560009,0.04501747,-0.8671825,-0.2822756,0.4102625,moving,-72.04732,-39.26097,-15.41909,9.515185,-71.01142389584118,-35.10251642953152,74.73867626280871,71.28286518400837,60.816838253782855
2378,2378,05/15/2023 13:24:03.354104,2607,True,True,True,True,Eyes,2.172534,0.08915854,-3.024339,-0.9241033,-0.2430315,0.2949049,0.0,0.0,0.0,0.0,0.0,0.0,0.0,1.703207,0.6871328,3.189941,2.28846,0.09736788,-2.881364,0.09681784,-0.5359376,0.1101146,0.8314277,16.20192,295.0633,4.738542,0.5653824,0.02276368,-0.8245145,0.0,0.0,0.0,0.805274,-0.309959,-2.594023,-0.368476,0.222693,1.338109,0.4012915,0.07932805,0.9125088,-0.2868813,0.9570022,0.04296493,-0.8698645,-0.2790232,0.4067945,moving,-72.3008,-39.49199,-15.39599,9.448771,-71.2632124712469,-35.333366292202605,75.05568258563252,71.60018412762274,61.022275055992466
2379,2379,05/15/2023 13:24:03.364574,2608,True,True,True,True,Eyes,2.177075,0.08936498,-3.017595,-0.9257416,-0.2416527,0.290872,0.0,0.0,0.0,0.0,0.0,0.0,0.0,1.710758,0.6674124,3.184133,2.289944,0.09685332,-2.873605,0.0943015,-0.538111,0.1094511,0.8304003,15.92683,294.7828,4.789317,0.5671816,0.02288142,-0.8232746,0.0,0.0,0.0,0.8074346,-0.3081395,-2.593882,-0.3690012,0.2172526,1.3395,0.3969142,0.08028704,0.9143377,-0.2832657,0.9582554,0.03882233,-0.873052,-0.2744096,0.4030877,moving,-72.55705,-39.71936,-15.40165,9.212543,-71.5175841870719,-35.56078128078586,75.2400882532803,71.78891722849839,61.14219223345553
2380,2380,05/15/2023 13:24:03.383893,2609,True,True,True,True,Eyes,2.181468,0.08952019,-3.01083,-0.9272909,-0.2404468,0.2869094,0.0,0.0,0.0,0.0,0.0,0.0,0.0,1.720768,0.6488275,3.176516,2.291501,0.0961002,-2.865669,0.09193829,-0.5406125,0.1088512,0.8291182,15.67308,294.454,4.831563,0.5689669,0.02299473,-0.8220385,0.0,0.0,0.0,0.8095322,-0.3063729,-2.593745,-0.3702681,0.2073523,1.341503,0.3917791,0.0810951,0.9164784,-0.279907,0.9593976,0.03476271,-0.876448,-0.2701481,0.398571,moving,-72.80762,-39.96497,-15.43004,8.786514,-71.76695236176444,-35.805617176282965,75.29205720963306,71.84918828560247,61.17496775329657
2381,2381,05/15/2023 13:24:03.403822,2610,True,True,True,True,Eyes,2.185729,0.08963114,-3.00401,-0.9288399,-0.2392091,0.2829053,0.0,0.0,0.0,0.0,0.0,0.0,0.0,1.731198,0.6346477,3.167303,2.292784,0.09504445,-2.857576,0.09014215,-0.543124,0.1084274,0.8277285,15.48615,294.118,4.856098,0.5707377,0.02310277,-0.8208071,0.0,0.0,0.0,0.8116768,-0.3045669,-2.593605,-0.3704765,0.2015014,1.343149,0.3865197,0.08158013,0.9186661,-0.2774136,0.9602358,0.03144741,-0.8795706,-0.2670055,0.3937815,moving,-73.06036,-40.21601,-15.42028,8.531974,-72.01857019759353,-36.05576029605338,75.49003090786661,72.05159611657793,61.307560908240745
2382,2382,05/15/2023 13:24:03.419333,2611,True,True,True,True,Eyes,2.189864,0.0897019,-2.997121,-0.930323,-0.2382067,0.2788487,0.0,0.0,0.0,0.0,0.0,0.0,0.0,1.739812,0.6265494,3.157607,2.293935,0.09407811,-2.849386,0.08918872,-0.5453823,0.1078865,0.8264163,15.37247,293.8065,4.82089,0.5724934,0.02320493,-0.8195806,0.0,0.0,0.0,0.813885,-0.3027073,-2.59346,-0.3697665,0.2002907,1.344524,0.3818372,0.0810344,0.9206703,-0.2756022,0.9608118,0.02973526,-0.8821812,-0.2650928,0.3892069,moving,-73.31478,-40.50563,-15.37714,8.472915,-72.27286711935555,-36.34318032454107,75.86611891408856,72.42655703937972,61.54575681214692
2383,2383,05/15/2023 13:24:03.433828,2612,True,True,True,True,Eyes,2.193864,0.08974548,-2.990186,-0.9318103,-0.2371752,0.2747315,0.0,0.0,0.0,0.0,0.0,0.0,0.0,1.748392,0.6210747,3.147398,2.294829,0.09318161,-2.841443,0.08858313,-0.547548,0.1076246,0.8250826,15.30968,293.5058,4.793019,0.5742343,0.02330081,-0.818359,0.0,0.0,0.0,0.8160024,-0.3009241,-2.593322,-0.3696676,0.1966542,1.346362,0.3772164,0.08059124,0.922612,-0.2746053,0.96114,0.02831761,-0.8844771,-0.264036,0.3846886,moving,-73.57256,-40.80398,-15.35322,8.310049,-72.53065617514365,-36.63912892394881,76.16875602665729,72.73023995286577,61.734325788260584
2384,2384,05/15/2023 13:24:03.453805,2613,True,True,True,True,Eyes,2.197725,0.08974908,-2.983192,-0.9332706,-0.2362307,0.2705569,0.0,0.0,0.0,0.0,0.0,0.0,0.0,1.759581,0.6095296,3.136699,2.295633,0.09254907,-2.833379,0.08717876,-0.5500716,0.1076916,0.8235434,15.19276,293.1657,4.842603,0.5759602,0.02339038,-0.8171428,0.0,0.0,0.0,0.8179705,-0.2992667,-2.593193,-0.3712374,0.1934028,1.348016,0.3716475,0.0814683,0.9247924,-0.2732866,0.9616048,0.0251148,-0.8872387,-0.2620672,0.3796423,moving,-73.83303,-41.1251,-15.39731,8.164633,-72.79167134818782,-36.957131694325646,76.4474404485179,73.007440468054,61.86995186155878
2385,2385,05/15/2023 13:24:03.464552,2614,True,True,True,True,Eyes,2.201456,0.08971206,-2.976151,-0.934738,-0.2352116,0.2663463,0.0,0.0,0.0,0.0,0.0,0.0,0.0,1.770354,0.5906773,3.127145,2.296157,0.09156752,-2.825132,0.08470119,-0.5525979,0.1078385,0.8220901,14.97791,292.8369,4.970224,0.5776708,0.02347326,-0.815932,0.0,0.0,0.0,0.8200593,-0.2975076,-2.593056,-0.3734435,0.1903785,1.34969,0.366013,0.08369453,0.9268385,-0.2709173,0.9623932,0.02008139,-0.8903024,-0.2584467,0.3749227,moving,-74.09551,-41.44786,-15.46615,8.028804,-73.05467787588032,-37.276779859315965,76.71598356651955,73.27369563318446,61.98706708506636
2386,2386,05/15/2023 13:24:03.484058,2615,True,True,True,True,Eyes,2.205053,0.0896394,-2.969041,-0.9361647,-0.2342916,0.2621129,0.0,0.0,0.0,0.0,0.0,0.0,0.0,1.780386,0.5711479,3.118126,2.296822,0.09050235,-2.816933,0.0820651,-0.5550055,0.1083129,0.8206721,14.76918,292.5275,5.143331,0.5793661,0.02354909,-0.8147269,0.0,0.0,0.0,0.822186,-0.2957167,-2.592917,-0.3741933,0.1849424,1.352186,0.3604744,0.08668566,0.9287325,-0.268872,0.9630672,0.01446851,-0.8931776,-0.2549256,0.3704685,moving,-74.35851,-41.79218,-15.46847,7.788185,-73.31877593611618,-37.6172466725992,76.98213691977396,73.54122056559379,62.136020379179776
2387,2387,05/15/2023 13:24:03.504053,2616,True,True,True,True,Eyes,2.20851,0.08955634,-2.961874,-0.9376029,-0.2332726,0.2578463,0.0,0.0,0.0,0.0,0.0,0.0,0.0,1.789841,0.5494968,3.109117,2.297193,0.08944882,-2.808378,0.079061,-0.5573024,0.1095996,0.8192383,14.57812,292.2416,5.422367,0.5810464,0.02361772,-0.8135274,0.0,0.0,0.0,0.8243062,-0.2939311,-2.592779,-0.3742652,0.182164,1.354493,0.3548041,0.09145464,0.9304569,-0.2676981,0.9634746,0.007379375,-0.8957967,-0.2516998,0.366327,moving,-74.62344,-42.13552,-15.44622,7.659675,-73.5847164275176,-37.95682844347218,77.34018885428472,73.89824188206907,62.34635545565496
2388,2388,05/15/2023 13:24:03.513793,2617,True,True,True,True,Eyes,2.211833,0.08945988,-2.954637,-0.9390368,-0.232229,0.253534,0.0,0.0,0.0,0.0,0.0,0.0,0.0,1.799419,0.525741,3.100077,2.297364,0.08905184,-2.799817,0.0759275,-0.5597267,0.1100964,0.8178141,14.3259,291.9314,5.631554,0.5827115,0.02367964,-0.8123337,0.0,0.0,0.0,0.8264301,-0.2921425,-2.59264,-0.3725273,0.1837591,1.357167,0.3491695,0.09507948,0.9322236,-0.2650741,0.9642276,0.0009413424,-0.8987861,-0.247437,0.361882,moving,-74.89076,-42.48868,-15.34903,7.710901,-73.85323935656851,-38.30596006460535,77.87949373210165,74.43315131496442,62.68801118116121
2389,2389,05/15/2023 13:24:03.533766,2618,True,True,True,True,Eyes,2.215033,0.08934894,-2.947312,-0.9405034,-0.2310291,0.2491565,0.0,0.0,0.0,0.0,0.0,0.0,0.0,1.810029,0.4949601,3.090695,2.297762,0.0886955,-2.790342,0.07182884,-0.5624734,0.1106459,0.816224,13.98853,291.5823,5.90451,0.5843619,0.02373527,-0.8111458,0.0,0.0,0.0,0.8285469,-0.2903598,-2.592501,-0.3720883,0.183871,1.35968,0.3427624,0.09982013,0.9341038,-0.2614274,0.9651962,-0.007213904,-0.9023135,-0.2417277,0.3569287,moving,-75.16215,-42.83806,-15.30478,7.701452,-74.12560089740175,-38.65157214392498,78.33994521644142,74.88986459015337,62.96180065959451
2390,2390,05/15/2023 13:24:03.553982,2619,True,True,True,True,Eyes,2.218085,0.08924852,-2.939942,-0.9419363,-0.229965,0.2446876,0.0,0.0,0.0,0.0,0.0,0.0,0.0,1.821075,0.4646806,3.080554,2.298043,0.08815515,-2.780879,0.06781168,-0.5653236,0.1108092,0.8145749,13.63651,291.2121,6.13469,0.5859973,0.02378489,-0.8099636,0.0,0.0,0.0,0.8308058,-0.2884576,-2.592354,-0.3718613,0.183667,1.362361,0.3362612,0.1038536,0.9360251,-0.2571958,0.9662458,-0.01481068,-0.9059684,-0.2357614,0.3516216,moving,-75.43808,-43.2234,-15.26719,7.678051,-74.40333991463267,-39.03202288393038,78.81303012381582,75.35857767346823,63.23182578885261
2391,2391,05/15/2023 13:24:03.564600,2620,True,True,True,True,Eyes,2.221007,0.08916675,-2.932481,-0.9433969,-0.2287406,0.2401667,0.0,0.0,0.0,0.0,0.0,0.0,0.0,1.833435,0.4415889,3.068259,2.297903,0.08832845,-2.771739,0.0648405,-0.5681466,0.1119412,0.8126957,13.44956,290.8405,6.391619,0.5876183,0.02382949,-0.808787,0.0,0.0,0.0,0.832823,-0.2867588,-2.592221,-0.3715826,0.1796594,1.365825,0.329357,0.1082705,0.9379774,-0.2556262,0.9665297,-0.0218069,-0.9089441,-0.2325893,0.3460101,moving,-75.71724,-43.60412,-15.21938,7.493612,-74.6840811191676,-39.40811726152356,79.18945182360733,75.73521563257866,63.46257018778844
2392,2392,05/15/2023 13:24:03.583962,2621,True,True,True,True,Eyes,2.223806,0.08908511,-2.924971,-0.944837,-0.2275728,0.2355708,0.0,0.0,0.0,0.0,0.0,0.0,0.0,1.842754,0.4136807,3.057736,2.297747,0.08862582,-2.762088,0.06128694,-0.5708466,0.1115559,0.811131,13.10793,290.4795,6.544307,0.5892253,0.02387017,-0.8076158,0.0,0.0,0.0,0.8349379,-0.2849777,-2.592083,-0.3692243,0.1768601,1.369778,0.3233789,0.111002,0.9397365,-0.2509437,0.9675984,-0.02793912,-0.9123889,-0.226786,0.3407561,moving,-76.00021,-44.01067,-15.08557,7.357091,-74.96921657602816,-39.809253395788936,79.68211992964746,76.22804714083144,63.7960110449244
2393,2393,05/15/2023 13:24:03.604090,2622,True,True,True,True,Eyes,2.226465,0.08908534,-2.91738,-0.9462376,-0.2264783,0.2309592,0.0,0.0,0.0,0.0,0.0,0.0,0.0,1.849787,0.3958949,3.047613,2.297801,0.08856982,-2.752935,0.05902277,-0.5730847,0.1114345,0.8097361,12.90343,290.175,6.646167,0.5908179,0.02390737,-0.8064504,0.0,0.0,0.0,0.8370971,-0.2831594,-2.591942,-0.3637167,0.1819386,1.373555,0.3183127,0.1128149,0.9412491,-0.2481151,0.9681973,-0.03213703,-0.9149403,-0.2233085,0.3361806,moving,-76.28335,-44.43877,-14.83149,7.54537,-75.255104326793,-40.23118755488523,80.49025971506863,77.02994625539009,64.34537941115303
2394,2394,05/15/2023 13:24:03.613937,2623,True,True,True,True,Eyes,2.228956,0.08917058,-2.909732,-0.9476636,-0.2253001,0.2262159,0.0,0.0,0.0,0.0,0.0,0.0,0.0,1.857479,0.3804393,3.03584,2.297133,0.09050642,-2.743404,0.05722114,-0.575222,0.1134155,0.8080733,12.88271,289.8925,6.92093,0.5923967,0.02394379,-0.8052903,0.0,0.0,0.0,0.8393019,-0.2813026,-2.591798,-0.3554045,0.1784196,1.378921,0.3125133,0.1174664,0.9426225,-0.2491258,0.9677253,-0.03800041,-0.9166635,-0.2229559,0.3316909,moving,-76.57423,-44.8838,-14.45292,7.372583,-75.54894973649823,-40.66969946491253,81.17750131876929,77.72249194410533,64.91045841228922
2395,2395,05/15/2023 13:24:03.633769,2624,True,True,True,True,Eyes,2.231313,0.089272,-2.902006,-0.9491119,-0.2240581,0.2213244,0.0,0.0,0.0,0.0,0.0,0.0,0.0,1.872205,0.3429725,3.021684,2.295834,0.09261067,-2.733848,0.0526802,-0.5787308,0.1129542,0.8059386,12.45391,289.4153,7.123647,0.5939606,0.0239819,-0.8041363,0.0,0.0,0.0,0.8413968,-0.2795384,-2.591661,-0.3512283,0.1864642,1.382704,0.3046241,0.121093,0.9447437,-0.2430436,0.9689323,-0.04582616,-0.9209418,-0.2156541,0.324591,moving,-76.87371,-45.35167,-14.25258,7.680274,-75.85174685442918,-41.13051840467127,82.05969173044727,78.59357996892444,65.45786849298388
2396,2396,05/15/2023 13:24:03.654117,2625,True,True,True,True,Eyes,2.233555,0.0893763,-2.894183,-0.9504582,-0.2233073,0.2162478,0.0,0.0,0.0,0.0,0.0,0.0,0.0,1.888664,0.3294781,3.003614,2.295058,0.09307963,-2.724215,0.0513357,-0.5823214,0.111991,0.8035699,12.2943,288.9027,7.066351,0.5955104,0.02402208,-0.8029881,0.0,0.0,0.0,0.8434709,-0.2777917,-2.591525,-0.34637,0.2002936,1.385542,0.2967196,0.1201975,0.9473701,-0.239773,0.9696454,-0.04792589,-0.9243736,-0.2129332,0.3165328,moving,-77.18229,-45.92012,-14.03564,8.225681,-76.16609983262568,-41.68866812890286,83.18213252949278,79.69715357511532,66.10756667963787
2397,2397,05/15/2023 13:24:03.664231,2626,True,True,True,True,Eyes,2.235661,0.08949855,-2.886304,-0.9517833,-0.2226828,0.2109998,0.0,0.0,0.0,0.0,0.0,0.0,0.0,1.90905,0.3436477,2.979949,2.294346,0.09330185,-2.714763,0.053758,-0.5859434,0.1133601,0.800581,12.64564,288.3733,6.976126,0.5970467,0.0240643,-0.8018451,0.0,0.0,0.0,0.8456048,-0.2759947,-2.591386,-0.3450113,0.1772874,1.390914,0.2876397,0.1185096,0.9503783,-0.2445061,0.9685191,-0.04676992,-0.9260022,-0.2189204,0.3075609,moving,-77.50031,-46.54312,-13.93085,7.263813,-76.49108274665518,-42.299746876048296,83.28422589877444,79.81434200005843,66.21454492307781
2398,2398,05/15/2023 13:24:03.684476,2627,True,True,True,True,Eyes,2.237661,0.08962882,-2.87838,-0.9530412,-0.2223581,0.2055951,0.0,0.0,0.0,0.0,0.0,0.0,0.0,1.928466,0.3528096,2.957028,2.293249,0.09390631,-2.705487,0.05565509,-0.5896257,0.1130443,0.7977877,12.83297,287.8264,6.758156,0.5985695,0.02410894,-0.8007076,0.0,0.0,0.0,0.8477414,-0.2741953,-2.591246,-0.3487362,0.1752246,1.394314,0.279125,0.1147394,0.9533752,-0.246002,0.9682471,-0.04450576,-0.9282092,-0.2221095,0.2984881,moving,-77.82641,-47.24314,-14.04235,7.162858,-76.82599121275146,-42.98539236457686,83.83566620752532,80.35317429050197,66.38299895749309
2399,2399,05/15/2023 13:24:03.704185,2628,True,True,True,True,Eyes,2.239545,0.08978271,-2.870432,-0.9542527,-0.2221862,0.2000878,0.0,0.0,0.0,0.0,0.0,0.0,0.0,1.94699,0.3691339,2.934282,2.292714,0.09433158,-2.696592,0.05851271,-0.5931076,0.1127865,0.7950338,13.11041,287.2985,6.480872,0.6000791,0.02415607,-0.7995754,0.0,0.0,0.0,0.8499118,-0.2723676,-2.591104,-0.3529104,0.1861763,1.395182,0.2710051,0.1099295,0.9562801,-0.2487469,0.9677109,-0.0407499,-0.9298824,-0.2268282,0.2895992,moving,-78.15778,-47.99566,-14.19518,7.600775,-77.16743517549683,-43.72185815885631,84.74773025556038,81.23741500224158,66.67523434361259
2400,2400,05/15/2023 13:24:03.713655,2629,True,True,True,True,Eyes,2.241333,0.0899751,-2.862452,-0.9554337,-0.2220081,0.1945731,0.0,0.0,0.0,0.0,0.0,0.0,0.0,1.962294,0.3820031,2.913847,2.291868,0.09511316,-2.687995,0.06086188,-0.596121,0.1129175,0.7925816,13.36189,286.8408,6.280253,0.6015754,0.02420615,-0.7984488,0.0,0.0,0.0,0.8521177,-0.2705099,-2.59096,-0.3571853,0.1652569,1.398252,0.263779,0.1064305,0.9586935,-0.2515547,0.967091,-0.03814892,-0.9312041,-0.2311009,0.2818714,moving,-78.48917,-48.76791,-14.32983,6.74042,-77.50943653091028,-44.4773612325256,84.83864454730816,81.33218179652808,66.6107372939044
2401,2401,05/15/2023 13:24:03.733667,2630,True,True,True,True,Eyes,2.243014,0.09020797,-2.854449,-0.9566115,-0.2217481,0.189003,0.0,0.0,0.0,0.0,0.0,0.0,0.0,1.977055,0.3751375,2.896481,2.291316,0.09623624,-2.679494,0.06042837,-0.5992531,0.1131013,0.790223,13.35927,286.3869,6.274033,0.6030588,0.02426003,-0.7973275,0.0,0.0,0.0,0.8542166,-0.2687423,-2.590822,-0.3578615,0.1555286,1.402046,0.2562077,0.1063267,0.9607561,-0.2511742,0.967113,-0.04004881,-0.9334181,-0.2310563,0.2744883,moving,-78.8237,-49.55798,-14.31859,6.329929,-77.85496483393007,-45.25015653964211,85.34850665655716,81.83749844242834,66.82049474316503
2402,2402,05/15/2023 13:24:03.753540,2631,True,True,True,True,Eyes,2.244571,0.09047914,-2.846471,-0.9577969,-0.2212468,0.1835069,0.0,0.0,0.0,0.0,0.0,0.0,0.0,1.989602,0.3546701,2.881891,2.290483,0.09739664,-2.670919,0.05801027,-0.6022043,0.1135113,0.7880989,13.18816,285.9756,6.430743,0.6045291,0.0243185,-0.7962114,0.0,0.0,0.0,0.8562291,-0.2670475,-2.590691,-0.3577886,0.1622638,1.403591,0.2489303,0.1090482,0.9623628,-0.2487843,0.9675,-0.04527833,-0.9360235,-0.2281496,0.2679696,moving,-79.15398,-50.32696,-14.30068,6.594472,-78.19580201246337,-46.00246972095466,86.29020768210391,82.75883575416634,67.21963955376822
2403,2403,05/15/2023 13:24:03.764282,2632,True,True,True,True,Eyes,2.246027,0.09076747,-2.83844,-0.9590291,-0.2203745,0.1780399,0.0,0.0,0.0,0.0,0.0,0.0,0.0,1.998785,0.315723,2.870917,2.28964,0.09860639,-2.661731,0.05293022,-0.6050382,0.113286,0.7863165,12.72809,285.5965,6.717972,0.6059855,0.02438222,-0.7951015,0.0,0.0,0.0,0.8583425,-0.2652678,-2.590553,-0.3573591,0.1566803,1.406071,0.2421902,0.1141076,0.9634954,-0.2422068,0.9687294,-0.05384485,-0.9395105,-0.2203245,0.2622544,moving,-79.483,-51.06535,-14.26005,6.358311,-78.53458474586414,-46.72522838041094,86.89942490802468,83.36112985048209,67.49527334534102
2404,2404,05/15/2023 13:24:03.784015,2633,True,True,True,True,Eyes,2.247386,0.09104605,-2.830416,-0.9602526,-0.2193486,0.1726297,0.0,0.0,0.0,0.0,0.0,0.0,0.0,2.002687,0.2707102,2.863454,2.288706,0.09918416,-2.652432,0.0468531,-0.6073564,0.1118017,0.7851265,12.08591,285.2892,6.969058,0.6074286,0.02445125,-0.7939976,0.0,0.0,0.0,0.8605486,-0.2634099,-2.590408,-0.3567192,0.1528819,1.408574,0.2372373,0.1186439,0.9641795,-0.23247,0.9706103,-0.06223575,-0.9432265,-0.2093782,0.2578461,moving,-79.8085,-51.79688,-14.21128,6.194443,-78.86977138295893,-47.441257736690126,87.55563268584568,84.00898107604898,67.79495829366897
2405,2405,05/15/2023 13:24:03.803931,2634,True,True,True,True,Eyes,2.248666,0.09133098,-2.82236,-0.9614239,-0.2183578,0.1672842,0.0,0.0,0.0,0.0,0.0,0.0,0.0,2.003197,0.2484049,2.856133,2.288114,0.09926872,-2.643232,0.04386909,-0.6089864,0.110251,0.7842551,11.71782,285.0604,7.009956,0.6088579,0.02452484,-0.7928999,0.0,0.0,0.0,0.8626111,-0.261673,-2.590273,-0.3562768,0.1469301,1.410457,0.2339606,0.1194984,0.9648745,-0.2263612,0.9718404,-0.06547359,-0.9455281,-0.2030918,0.2544222,moving,-80.12957,-52.54424,-14.17619,5.947165,-79.2010993525857,-48.17242188762519,88.15380191630095,84.6000503616824,68.05652648570236
2406,2406,05/15/2023 13:24:03.813968,2635,True,True,True,True,Eyes,2.249882,0.09162261,-2.814292,-0.9624991,-0.2176727,0.1619071,0.0,0.0,0.0,0.0,0.0,0.0,0.0,2.005073,0.2498563,2.846032,2.287529,0.09971409,-2.63437,0.04429901,-0.610429,0.1097503,0.7831789,11.73454,284.8437,6.911749,0.6102743,0.02460279,-0.7918078,0.0,0.0,0.0,0.864819,-0.2598135,-2.590129,-0.3560449,0.136745,1.412133,0.2306626,0.1178254,0.9658738,-0.225991,0.9719849,-0.0646014,-0.9464265,-0.2033776,0.2508281,moving,-80.45136,-53.35776,-14.15119,5.531035,-79.53492876012808,-48.96744363386051,88.67695708909348,85.11825578369206,68.26960100791615
2407,2407,05/15/2023 13:24:03.833947,2636,True,True,True,True,Eyes,2.251043,0.09193499,-2.806202,-0.9635087,-0.2171526,0.156511,0.0,0.0,0.0,0.0,0.0,0.0,0.0,2.009877,0.2621995,2.833204,2.287322,0.1002636,-2.625548,0.04633205,-0.6121371,0.1096963,0.7817343,11.9312,284.5794,6.73734,0.6116787,0.02468493,-0.7907209,0.0,0.0,0.0,0.8668839,-0.2580746,-2.589994,-0.3534501,0.1361985,1.413734,0.22651,0.1147835,0.9672218,-0.2282298,0.9716402,-0.06185957,-0.946892,-0.206737,0.2462833,moving,-80.77354,-54.21812,-14.03688,5.502865,-79.87041316634802,-49.80767156725955,89.55656222369093,85.98435639418835,68.67531976511408
2408,2408,05/15/2023 13:24:03.853929,2637,True,True,True,True,Eyes,2.252135,0.0922761,-2.798092,-0.9644661,-0.2168237,0.1509721,0.0,0.0,0.0,0.0,0.0,0.0,0.0,2.017924,0.2783564,2.817809,2.287148,0.1011613,-2.616919,0.04903267,-0.614238,0.1096377,0.7799276,12.19099,284.2508,6.507848,0.6130715,0.02477148,-0.7896387,0.0,0.0,0.0,0.8689337,-0.2563484,-2.58986,-0.3501044,0.1396747,1.414891,0.2213825,0.1107834,0.9688741,-0.2312543,0.9711508,-0.05820337,-0.9473707,-0.2111711,0.2406149,moving,-81.10344,-55.1509,-13.89826,5.637838,-80.21534903519144,-50.7180166058812,90.6190205556485,87.02837839728332,69.1570342624029
2409,2409,05/15/2023 13:24:03.864330,2638,True,True,True,True,Eyes,2.253154,0.09265615,-2.78998,-0.965396,-0.2165027,0.145386,0.0,0.0,0.0,0.0,0.0,0.0,0.0,2.027069,0.2875436,2.802016,2.286569,0.1022373,-2.608473,0.05086135,-0.6166461,0.1082935,0.7780962,12.28107,283.8753,6.215969,0.6144531,0.02486285,-0.7885612,0.0,0.0,0.0,0.8711873,-0.2544506,-2.589712,-0.3461737,0.1408147,1.416024,0.2160404,0.1057986,0.9706355,-0.2312524,0.9713713,-0.0544075,-0.9486037,-0.2127076,0.2343217,moving,-81.43578,-56.11783,-13.73758,5.679033,-80.5635792273322,-51.661388062569394,91.66187080722698,88.05474467832018,69.63794435208675
2410,2410,05/15/2023 13:24:03.883972,2639,True,True,True,True,Eyes,2.254121,0.09304078,-2.781868,-0.9663255,-0.2161521,0.1396189,0.0,0.0,0.0,0.0,0.0,0.0,0.0,2.037271,0.2908041,2.786056,2.285845,0.1035324,-2.600258,0.05187312,-0.6192091,0.107231,0.7761384,12.31688,283.4823,6.005254,0.6158238,0.02495973,-0.7874881,0.0,0.0,0.0,0.8732507,-0.2527129,-2.589577,-0.3416495,0.1417418,1.417222,0.2101631,0.1022116,0.9723088,-0.2306928,0.9716213,-0.05227543,-0.9500591,-0.2133183,0.2277785,moving,-81.77855,-57.14042,-13.55368,5.711378,-80.92342841361365,-52.6587905780037,92.76303896676576,89.13899024073679,70.14886087615669
2411,2411,05/15/2023 13:24:03.903852,2640,True,True,True,True,Eyes,2.255053,0.0934241,-2.773755,-0.9672202,-0.215873,0.1337307,0.0,0.0,0.0,0.0,0.0,0.0,0.0,2.053063,0.2825277,2.767445,2.285615,0.1040295,-2.59206,0.05122401,-0.6227445,0.1053791,0.7736026,12.1518,282.9531,5.826633,0.6171844,0.02506177,-0.7864192,0.0,0.0,0.0,0.875318,-0.2509719,-2.589442,-0.337031,0.141652,1.418409,0.2021692,0.09924407,0.9743093,-0.226842,0.9725427,-0.05199439,-0.9527175,-0.2105025,0.2191309,moving,-82.12803,-58.22229,-13.3663,5.703038,-81.29139258511239,-53.71360029156596,93.88622408266552,90.24497276063012,70.66008514817975
2412,2412,05/15/2023 13:24:03.913611,2641,True,True,True,True,Eyes,2.255937,0.09383597,-2.765615,-0.9680894,-0.2156438,0.1276742,0.0,0.0,0.0,0.0,0.0,0.0,0.0,2.069462,0.2849068,2.747375,2.28574,0.1044026,-2.583874,0.05200795,-0.6261165,0.1054915,0.770808,12.25578,282.4424,5.726225,0.6185351,0.02516847,-0.7853538,0.0,0.0,0.0,0.8774965,-0.2491373,-2.5893,-0.3337901,0.1444859,1.418809,0.1936995,0.09750127,0.9762039,-0.2277534,0.9723334,-0.05192361,-0.9542583,-0.2122761,0.2105467,moving,-82.48704,-59.37189,-13.23871,5.814731,-81.67043326442082,-54.8340586812086,95.10324266388892,91.43946871419229,71.15421805056238
2413,2413,05/15/2023 13:24:03.934002,2642,True,True,True,True,Eyes,2.25677,0.0942704,-2.757455,-0.9689845,-0.2151611,0.1215516,0.0,0.0,0.0,0.0,0.0,0.0,0.0,2.085367,0.2717597,2.728229,2.285496,0.1054932,-2.575115,0.05063102,-0.6296207,0.1059661,0.767975,12.1929,281.9285,5.813273,0.6198769,0.02528023,-0.7842916,0.0,0.0,0.0,0.8795496,-0.2474083,-2.589165,-0.3321678,0.1432684,1.419046,0.184698,0.09900198,0.9777962,-0.2265153,0.9724154,-0.05567016,-0.9563355,-0.2112036,0.2020287,moving,-82.85004,-60.53648,-13.17449,5.765106,-82.05374692224352,-55.96910540887711,96.17994891825373,92.49575607797563,71.54715999659999
2414,2414,05/15/2023 13:24:03.953621,2643,True,True,True,True,Eyes,2.257569,0.09469598,-2.749248,-0.9698749,-0.214559,0.1153567,0.0,0.0,0.0,0.0,0.0,0.0,0.0,2.097079,0.2442278,2.713346,2.285137,0.1064004,-2.566409,0.04713924,-0.6328607,0.1042938,0.7657598,11.78277,281.462,5.866833,0.6212101,0.02539725,-0.7832323,0.0,0.0,0.0,0.881707,-0.2455914,-2.589025,-0.3312504,0.147673,1.418885,0.1772201,0.1000629,0.9790713,-0.2193932,0.9738014,-0.05981229,-0.959406,-0.2042016,0.1945303,moving,-83.21712,-61.7355,-13.14081,5.94177,-82.44195083634227,-57.137500140059856,97.42126101559658,93.71041800472983,71.97085380071242
2415,2415,05/15/2023 13:24:03.963805,2644,True,True,True,True,Eyes,2.25832,0.09510232,-2.741017,-0.9707565,-0.213846,0.1090945,0.0,0.0,0.0,0.0,0.0,0.0,0.0,2.108214,0.2249835,2.697834,2.285056,0.1065501,-2.55747,0.04470972,-0.6359723,0.1027644,0.7635311,11.47762,281.0052,5.860178,0.622536,0.02551885,-0.7821749,0.0,0.0,0.0,0.8838106,-0.24382,-2.588887,-0.3295992,0.1473177,1.41875,0.1699573,0.1000594,0.9803585,-0.213796,0.974881,-0.06243616,-0.9619802,-0.1989852,0.1870804,moving,-83.58795,-62.97139,-13.07877,5.928136,-82.83479194733282,-58.34158678101682,98.58341213052566,94.84988067607428,72.3763250128282
2416,2416,05/15/2023 13:24:03.983903,2645,True,True,True,True,Eyes,2.259044,0.09549599,-2.732734,-0.971575,-0.2132402,0.1028138,0.0,0.0,0.0,0.0,0.0,0.0,0.0,2.119986,0.215408,2.680678,2.284728,0.1064719,-2.548619,0.04366526,-0.6390671,0.1012414,0.7612074,11.29595,280.5397,5.754351,0.6238552,0.02564412,-0.781119,0.0,0.0,0.0,0.8859805,-0.2419925,-2.588745,-0.3269028,0.1435116,1.419149,0.1626868,0.09832138,0.9817668,-0.2099415,0.9756871,-0.06292349,-0.9640838,-0.1958768,0.1793731,moving,-83.95934,-64.25895,-12.97188,5.774411,-83.22958440829694,-59.59554520489163,99.71906101748012,95.96549485597976,72.79235009264208
2417,2417,05/15/2023 13:24:04.004024,2646,True,True,True,True,Eyes,2.259723,0.09587435,-2.724429,-0.97236,-0.212615,0.09649386,0.0,0.0,0.0,0.0,0.0,0.0,0.0,2.131284,0.2158407,2.662973,2.284719,0.1065523,-2.539506,0.04407909,-0.6420385,0.09990632,0.7588561,11.25564,280.0818,5.560208,0.6251689,0.02577245,-0.7800637,0.0,0.0,0.0,0.8880419,-0.2402566,-2.58861,-0.3240548,0.1409597,1.419343,0.1556106,0.09502807,0.9832371,-0.20823,0.9761515,-0.06138803,-0.9656219,-0.1951868,0.1716872,moving,-84.33271,-65.58941,-12.86094,5.671636,-83.6274643007869,-60.89095813194072,100.92745208290467,97.15183940197598,73.22756527455854
2418,2418,05/15/2023 13:24:04.014306,2647,True,True,True,True,Eyes,2.260379,0.0962264,-2.716079,-0.9730691,-0.2121314,0.090204,0.0,0.0,0.0,0.0,0.0,0.0,0.0,2.141135,0.2176947,2.646072,2.284363,0.1065727,-2.530588,0.04466901,-0.6447601,0.09864606,0.7566756,11.23339,279.6595,5.363575,0.6264777,0.02590316,-0.7790086,0.0,0.0,0.0,0.8903224,-0.238336,-2.588461,-0.3214758,0.137325,1.4193,0.1491067,0.09168455,0.9845613,-0.2068878,0.9765472,-0.05960621,-0.9669356,-0.194806,0.1645781,moving,-84.70379,-66.96349,-12.76233,5.526475,-84.02431587415201,-62.22838636653055,102.12917650031662,98.33103207800482,73.640431377722
2419,2419,05/15/2023 13:24:04.034718,2648,True,True,True,True,Eyes,2.261003,0.09656795,-2.707715,-0.9737363,-0.2116644,0.08387991,0.0,0.0,0.0,0.0,0.0,0.0,0.0,2.149993,0.2180832,2.630192,2.284443,0.1062892,-2.521501,0.0449645,-0.6473854,0.09754019,0.754557,11.195,279.2534,5.204253,0.6277821,0.02603533,-0.7779534,0.0,0.0,0.0,0.8924088,-0.236579,-2.588325,-0.3193536,0.1316727,1.419264,0.1427562,0.08898054,0.98575,-0.205418,0.9769282,-0.05843563,-0.9682065,-0.1941487,0.1577407,moving,-85.07656,-68.38221,-12.68112,5.300463,-84.42402147011758,-63.6089388640878,103.29683457501748,99.47637697773952,74.0195476608678
2420,2420,05/15/2023 13:24:04.054249,2649,True,True,True,True,Eyes,2.261605,0.09689318,-2.699301,-0.974345,-0.2112844,0.07752879,0.0,0.0,0.0,0.0,0.0,0.0,0.0,2.159828,0.2188892,2.613554,2.284342,0.1063903,-2.512747,0.04537717,-0.6500571,0.09708075,0.7522911,11.21492,278.8395,5.092591,0.6290826,0.02616861,-0.7768975,0.0,0.0,0.0,0.8944021,-0.2349004,-2.588194,-0.3158494,0.1251214,1.419449,0.136002,0.08707047,0.986875,-0.2050615,0.9770325,-0.05794239,-0.969254,-0.1944898,0.1507332,moving,-85.45055,-69.84988,-12.54482,5.037481,-84.82624343650204,-65.03675942575138,104.51489034763047,100.67275373830257,74.44647842795027
2421,2421,05/15/2023 13:24:04.063875,2650,True,True,True,True,Eyes,2.262183,0.09719761,-2.690867,-0.9749194,-0.2109011,0.07108338,0.0,0.0,0.0,0.0,0.0,0.0,0.0,2.171605,0.2091362,2.595773,2.284353,0.1063011,-2.503612,0.0442475,-0.6531935,0.09631722,0.7497357,11.07976,278.3646,5.063845,0.63038,0.02630245,-0.7758406,0.0,0.0,0.0,0.8965269,-0.233111,-2.588055,-0.3122512,0.1195175,1.419111,0.1281224,0.08662053,0.9879684,-0.2022293,0.9775303,-0.05947972,-0.9709213,-0.1921754,0.1427607,moving,-85.82983,-71.37381,-12.40922,4.814086,-85.23512280156645,-66.51902878712772,105.80728457757016,101.94128400259015,74.88851312074264
2422,2422,05/15/2023 13:24:04.084097,2651,True,True,True,True,Eyes,2.262758,0.09748581,-2.682342,-0.9754308,-0.2106269,0.06458342,0.0,0.0,0.0,0.0,0.0,0.0,0.0,2.18541,0.202975,2.576043,2.284434,0.1061018,-2.494658,0.04364301,-0.6565208,0.0963064,0.7468606,11.04879,277.856,5.059165,0.6316754,0.02643635,-0.7747817,0.0,0.0,0.0,0.8986703,-0.2313059,-2.587915,-0.3097249,0.1163221,1.418464,0.1194108,0.08654982,0.9890653,-0.20116,0.9776407,-0.06126384,-0.9722529,-0.1916448,0.1341513,moving,-86.21197,-72.95316,-12.31734,4.688091,-85.64828326696296,-68.05486027030597,107.18479462909792,103.29067818509398,75.31561457137249
2423,2423,05/15/2023 13:24:04.104149,2652,True,True,True,True,Eyes,2.263319,0.09775721,-2.673786,-0.9759153,-0.2102956,0.05800786,0.0,0.0,0.0,0.0,0.0,0.0,0.0,2.200273,0.1970363,2.554899,2.284792,0.105978,-2.485161,0.04309768,-0.6600913,0.09637685,0.7437297,11.03106,277.3075,5.053583,0.6329703,0.02656993,-0.7737195,0.0,0.0,0.0,0.900798,-0.2295141,-2.587776,-0.3093332,0.1135914,1.416947,0.1099819,0.08645984,0.990166,-0.2002534,0.9777082,-0.06312902,-0.9735516,-0.1913411,0.1248441,moving,-86.59837,-74.57903,-12.315,4.583387,-86.06683799975283,-69.63571053684078,108.55739184338756,104.63177360402943,75.66484568138154
2424,2424,05/15/2023 13:24:04.113922,2653,True,True,True,True,Eyes,2.263882,0.09803615,-2.665166,-0.9763535,-0.2099371,0.05157597,0.0,0.0,0.0,0.0,0.0,0.0,0.0,2.212086,0.1905122,2.536318,2.285094,0.1058376,-2.475816,0.04242089,-0.6632748,0.09565158,0.741025,10.93857,276.8165,4.995007,0.6342652,0.02670278,-0.7726538,0.0,0.0,0.0,0.9029967,-0.2276625,-2.587632,-0.3098521,0.1079683,1.415236,0.1018347,0.08548702,0.9911216,-0.1980338,0.9781024,-0.06401669,-0.9748911,-0.1897564,0.1165341,moving,-86.97616,-76.19731,-12.34949,4.362646,-86.4768471963206,-71.20896754760126,109.81368942900896,105.8580835793795,75.94339394371563
2425,2425,05/15/2023 13:24:04.134418,2654,True,True,True,True,Eyes,2.264437,0.09829728,-2.656518,-0.9768105,-0.2092903,0.04515481,0.0,0.0,0.0,0.0,0.0,0.0,0.0,2.218738,0.176376,2.522666,2.285706,0.1062664,-2.466172,0.04058849,-0.665836,0.0949659,0.7389159,10.74547,276.4303,5.038965,0.6355611,0.02683526,-0.7715836,0.0,0.0,0.0,0.9050304,-0.2259499,-2.587499,-0.3105762,0.104551,1.413349,0.09528805,0.08629306,0.9917024,-0.1943941,0.9786681,-0.06648046,-0.9762844,-0.1864464,0.1100302,moving,-87.35329,-77.82494,-12.39348,4.23069,-86.88647216786731,-72.79122528702847,111.13999968478045,107.15214098002956,76.2310013915034
2426,2426,05/15/2023 13:24:04.153802,2655,True,True,True,True,Eyes,2.265002,0.09850989,-2.647848,-0.9772428,-0.2085246,0.03891075,0.0,0.0,0.0,0.0,0.0,0.0,0.0,2.224269,0.1422438,2.51114,2.28611,0.1059922,-2.456806,0.03565947,-0.6684279,0.09368353,0.7369911,10.24181,276.0587,5.271788,0.6368585,0.02696695,-0.7705085,0.0,0.0,0.0,0.9071641,-0.224153,-2.587359,-0.311526,0.1012038,1.410852,0.08885503,0.09041626,0.9919323,-0.1857594,0.9799036,-0.07267994,-0.9785694,-0.1778028,0.103865,moving,-87.71987,-79.43015,-12.45152,4.102936,-87.28526835973504,-74.35152009140741,112.44154467280275,108.42136124475988,76.49537764586258
2427,2427,05/15/2023 13:24:04.164638,2656,True,True,True,True,Eyes,2.265576,0.09869748,-2.639138,-0.9776449,-0.2077096,0.03266675,0.0,0.0,0.0,0.0,0.0,0.0,0.0,2.230235,0.1189044,2.498302,2.287066,0.1049912,-2.44702,0.03220084,-0.6710086,0.09311246,0.7348745,9.92074,275.6758,5.454732,0.638158,0.02709659,-0.769428,0.0,0.0,0.0,0.9093206,-0.2223369,-2.587219,-0.3117621,0.09633563,1.408384,0.08215492,0.09363788,0.992211,-0.1800661,0.9805863,-0.07763138,-0.9802178,-0.1722857,0.09742102,moving,-88.08624,-81.06223,-12.48181,3.913025,-87.68459389798507,-75.93773405064854,113.74015912570162,109.6886613418715,76.77291179952394
2428,2428,05/15/2023 13:24:04.183956,2657,True,True,True,True,Eyes,2.266152,0.09884927,-2.630422,-0.9780318,-0.2067519,0.0266006,0.0,0.0,0.0,0.0,0.0,0.0,0.0,2.236012,0.1042882,2.484978,2.28787,0.1045388,-2.437306,0.0301034,-0.6734278,0.09325606,0.7327293,9.771408,275.3086,5.597121,0.6394607,0.02722374,-0.7683412,0.0,0.0,0.0,0.9113993,-0.2205863,-2.587083,-0.3110583,0.0921565,1.406177,0.07559656,0.09611796,0.9924952,-0.1772078,0.9807942,-0.08148718,-0.9812659,-0.1697177,0.09117746,moving,-88.44205,-82.66862,-12.47345,3.749628,-88.07299180122097,-77.49882967496474,115.06233864018888,110.98019010217587,77.08367911104466
2429,2429,05/15/2023 13:24:04.203950,2658,True,True,True,True,Eyes,2.266739,0.09894454,-2.621674,-0.9784018,-0.2056913,0.02051384,0.0,0.0,0.0,0.0,0.0,0.0,0.0,2.238515,0.08000155,2.474509,2.288683,0.1038113,-2.427282,0.02647493,-0.6756225,0.09170193,0.7310431,9.359029,274.9808,5.71776,0.6407667,0.02734765,-0.767248,0.0,0.0,0.0,0.9135513,-0.218774,-2.586942,-0.3100792,0.08978895,1.403495,0.07025,0.09830202,0.9926739,-0.1698503,0.9817796,-0.08520314,-0.9829627,-0.1626204,0.08566663,moving,-88.79887,-84.30466,-12.45843,3.660524,-88.46317639791937,-79.08856501523069,116.47204117532866,112.35716803062726,77.41846379952055
2430,2430,05/15/2023 13:24:04.214085,2659,True,True,True,True,Eyes,2.26735,0.09897338,-2.612925,-0.9787102,-0.2047375,0.01445448,0.0,0.0,0.0,0.0,0.0,0.0,0.0,2.244567,0.06852797,2.460714,2.289571,0.1025143,-2.417694,0.02472098,-0.6781175,0.09061896,0.7289265,9.145385,274.5948,5.730587,0.6420761,0.02746702,-0.7661483,0.0,0.0,0.0,0.9158694,-0.2168218,-2.58679,-0.3096255,0.08889001,1.400325,0.06388975,0.09858169,0.9930761,-0.1656366,0.9823542,-0.08686107,-0.9841152,-0.1589402,0.07909112,moving,-89.15387,-85.96162,-12.46805,3.632155,-88.85216884534407,-80.6984281196304,117.93116427739965,113.78128519698016,77.74193948557546
2431,2431,05/15/2023 13:24:04.233734,2660,True,True,True,True,Eyes,2.26798,0.09893855,-2.604144,-0.9789745,-0.2038132,0.008318663,0.0,0.0,0.0,0.0,0.0,0.0,0.0,2.254328,0.06725909,2.443298,2.290874,0.1010127,-2.407886,0.02450978,-0.6810501,0.09035509,0.7262273,9.129826,274.1319,5.687776,0.6433895,0.02758039,-0.7650416,0.0,0.0,0.0,0.9178405,-0.2151618,-2.586661,-0.3092082,0.08898207,1.397341,0.05601369,0.09785189,0.9936233,-0.1646214,0.9824705,-0.08747333,-0.9847651,-0.158672,0.07114032,moving,-89.51315,-87.66276,-12.47753,3.643651,-89.24651111949503,-82.35105286633849,119.46274498137619,115.27604068142102,78.07886337405469
2432,2432,05/15/2023 13:24:04.253814,2661,True,True,True,True,Eyes,2.268629,0.09887293,-2.595346,-0.9791414,-0.2031688,0.002106452,0.0,0.0,0.0,0.0,0.0,0.0,0.0,2.26417,0.06827879,2.42562,2.291994,0.09945619,-2.398256,0.02463973,-0.6839604,0.08994988,0.7235332,9.131424,273.6691,5.606532,0.644708,0.0276866,-0.7639269,0.0,0.0,0.0,0.9198938,-0.2134327,-2.586527,-0.3079308,0.08793698,1.394512,0.04821456,0.09645826,0.9941688,-0.1638686,0.9826038,-0.08738898,-0.9853035,-0.1586996,0.06318234,moving,-89.87674,-89.40598,-12.45201,3.608255,-89.64617500907723,-84.04441399384234,121.021637438138,116.79867076809022,78.44599024084383
2433,2433,05/15/2023 13:24:04.264186,2662,True,True,True,True,Eyes,2.269274,0.09883542,-2.586534,-0.9792439,-0.2026413,-0.004228664,0.0,0.0,0.0,0.0,0.0,0.0,0.0,2.27457,0.06723918,2.407504,2.293176,0.09870456,-2.388695,0.02457947,-0.6868903,0.09103774,0.7206178,9.235377,273.2033,5.665448,0.6460313,0.02778541,-0.7628046,0.0,0.0,0.0,0.9219742,-0.2116807,-2.586391,-0.3070748,0.08524012,1.391321,0.03978782,0.09744,0.9944459,-0.1649736,0.9822159,-0.08964106,-0.9854953,-0.1604907,0.05515528,moving,89.75258,88.80454,-12.44608,3.505879,89.17984992395945,93.53606793925586,133.11809671937365,135.76915906548004,78.78757392926376
2434,2434,05/15/2023 13:24:04.283917,2663,True,True,True,True,Eyes,2.269928,0.09885151,-2.577727,-0.9792625,-0.2023048,-0.01085434,0.0,0.0,0.0,0.0,0.0,0.0,0.0,2.28853,0.05601303,2.385862,2.293742,0.09933969,-2.379438,0.02327505,-0.6903692,0.09310068,0.7170641,9.31877,272.6542,5.896824,0.6473598,0.02787844,-0.761674,0.0,0.0,0.0,0.9241102,-0.2098819,-2.586251,-0.3066251,0.08313102,1.388111,0.0294452,0.1013816,0.9944118,-0.1656551,0.981581,-0.09516829,-0.9857441,-0.1619271,0.04569725,moving,89.36494,86.92883,-12.45625,3.427229,88.75328132264558,91.714118618008,131.6817075473253,134.305413550504,79.13649352348958
2435,2435,05/15/2023 13:24:04.304559,2664,True,True,True,True,Eyes,2.270579,0.098906,-2.568881,-0.9791891,-0.2021699,-0.01777406,0.0,0.0,0.0,0.0,0.0,0.0,0.0,2.310881,0.03961673,2.355801,2.294722,0.1007133,-2.369735,0.0214727,-0.6952345,0.09562054,0.7120706,9.41229,271.8806,6.186837,0.6486931,0.02796779,-0.7605355,0.0,0.0,0.0,0.9262707,-0.2080624,-2.58611,-0.3068068,0.08198901,1.384374,0.01501122,0.10632,0.9942186,-0.1660343,0.9807912,-0.1023773,-0.9860057,-0.1635375,0.0323756,moving,88.96009,84.97569,-12.49599,3.389361,88.3079338200306,89.81692067593099,130.1908800518018,132.78235624152458,79.48337465390165
2436,2436,05/15/2023 13:24:04.313817,2665,True,True,True,True,Eyes,2.271231,0.09907162,-2.560014,-0.978967,-0.2025014,-0.02483647,0.0,0.0,0.0,0.0,0.0,0.0,0.0,2.335078,0.04123454,2.322378,2.295346,0.1017315,-2.359822,0.02240909,-0.7002792,0.09741011,0.7068369,9.677813,271.0587,6.191725,0.6500317,0.02805501,-0.7593886,0.0,0.0,0.0,0.9284965,-0.206188,-2.585964,-0.3066789,0.07837418,1.380762,0.0002407609,0.1063209,0.9943319,-0.1690913,0.9800183,-0.1047494,-0.9856005,-0.1681077,0.01821394,moving,88.54671,83.00768,-12.5226,3.248711,87.85391973865829,87.90510781893954,128.74975168837827,131.30937223675625,79.83247552207864
2437,2437,05/15/2023 13:24:04.334897,2666,True,True,True,True,Eyes,2.271853,0.09931609,-2.551108,-0.9787413,-0.20258,-0.03204279,0.0,0.0,0.0,0.0,0.0,0.0,0.0,2.353257,0.05029452,2.294131,2.296053,0.1047135,-2.349587,0.0246974,-0.7042078,0.1022083,0.7021645,10.29027,270.4055,6.345736,0.6513754,0.02814357,-0.7582331,0.0,0.0,0.0,0.9304975,-0.2045028,-2.585834,-0.3068819,0.07297111,1.37757,-0.01271031,0.1087499,0.9939879,-0.1783183,0.977887,-0.1092685,-0.9838908,-0.178635,0.006962888,moving,88.12488,81.01179,-12.55874,3.032174,87.3909617829345,85.96612975041687,127.34995817750337,129.8768027898348,80.16336932800098
2438,2438,05/15/2023 13:24:04.353899,2667,True,True,True,True,Eyes,2.272486,0.09959996,-2.542201,-0.9784917,-0.2025501,-0.03908441,0.0,0.0,0.0,0.0,0.0,0.0,0.0,2.366175,0.02630237,2.270987,2.295989,0.1067896,-2.339634,0.02169137,-0.7081422,0.1002326,0.6985827,9.919492,269.7748,6.371775,0.6527241,0.02823572,-0.7570689,0.0,0.0,0.0,0.9326451,-0.2026943,-2.585693,-0.3066369,0.06725154,1.374209,-0.02302353,0.1093203,0.99374,-0.1707626,0.9789659,-0.1116514,-0.9850433,-0.1722642,-0.003871436,moving,87.71262,79.07834,-12.57874,2.801726,86.93897481941642,84.0876975123772,126.00189972359382,128.4958549043108,80.49765113083069
2439,2439,05/15/2023 13:24:04.364213,2668,True,True,True,True,Eyes,2.273087,0.09992984,-2.533273,-0.9782283,-0.2023619,-0.04603425,0.0,0.0,0.0,0.0,0.0,0.0,0.0,2.370254,0.02969158,2.257376,2.2969,0.1080825,-2.329657,0.02251769,-0.7102779,0.1001041,0.6964032,9.995234,269.418,6.263079,0.6540776,0.02833226,-0.7558963,0.0,0.0,0.0,0.9347486,-0.2009228,-2.585555,-0.3056458,0.06482776,1.370729,-0.02903091,0.107438,0.9937879,-0.1714133,0.9789442,-0.1108407,-0.9847715,-0.1735663,-0.0100034,moving,87.30572,77.18418,-12.5702,2.707751,86.49325028783561,82.24734262539994,124.58706944317473,127.04374765751312,80.88267528124209
2440,2440,05/15/2023 13:24:04.384059,2669,True,True,True,True,Eyes,2.27369,0.1002531,-2.524391,-0.9779968,-0.2018615,-0.05267091,0.0,0.0,0.0,0.0,0.0,0.0,0.0,2.370461,0.01421776,2.247449,2.296738,0.1094761,-2.320199,0.02041418,-0.7120363,0.09900223,0.6948282,9.750323,269.1381,6.320973,0.6554357,0.0284342,-0.7547153,0.0,0.0,0.0,0.9368739,-0.199133,-2.585416,-0.3059951,0.05813154,1.367107,-0.03359418,0.1085078,0.9935278,-0.1666503,0.9795637,-0.1126177,-0.9854437,-0.169355,-0.01482478,moving,86.91726,75.3761,-12.61638,2.434839,86.06773176013765,80.49062095153184,123.39924249329782,125.82233112588729,81.15808847203061
2441,2441,05/15/2023 13:24:04.404119,2670,True,True,True,True,Eyes,2.274289,0.1005618,-2.51552,-0.9776837,-0.2015419,-0.0592899,0.0,0.0,0.0,0.0,0.0,0.0,0.0,2.371142,0.002772599,2.238262,2.297396,0.1096403,-2.311295,0.01870917,-0.7137603,0.09733382,0.6933416,9.490826,268.8609,6.30182,0.6567973,0.0285408,-0.7535266,0.0,0.0,0.0,0.9389937,-0.1973478,-2.585278,-0.3069737,0.05492789,1.363439,-0.03785512,0.1082634,0.9934014,-0.1616789,0.9803522,-0.1130023,-0.9861172,-0.1648897,-0.0196075,moving,86.52966,73.60709,-12.68838,2.306987,85.64411153153897,78.77162325432217,122.17988438876593,124.56371658033483,81.43863332776152
2442,2442,05/15/2023 13:24:04.424144,2671,True,True,True,True,Eyes,2.274289,0.1005618,-2.51552,-0.9776837,-0.2015419,-0.0592899,0.0,0.0,0.0,0.0,0.0,0.0,0.0,2.37876,0.004116893,2.222746,2.297717,0.1094074,-2.303832,0.01910282,-0.7159596,0.09934039,0.6907738,9.70869,268.4928,6.401012,0.6581622,0.02865121,-0.7523305,0.0,0.0,0.0,0.9411603,-0.1955233,-2.585136,-0.3081711,0.05499534,1.359239,-0.04493359,0.1098898,0.9929277,-0.1645972,0.9795331,-0.115856,-0.985337,-0.1686389,-0.02592642,moving,86.52966,73.60709,-12.77433,2.316946,85.64411153153897,78.77162325432217,122.24388353394554,124.62546813376278,81.3565465261367
2443,2443,05/15/2023 13:24:04.434711,2672,True,True,True,True,Eyes,2.274289,0.1005618,-2.51552,-0.9776837,-0.2015419,-0.0592899,0.0,0.0,0.0,0.0,0.0,0.0,0.0,2.389083,-0.01748228,2.203829,2.297602,0.1099807,-2.296478,0.01617204,-0.7189325,0.1003051,0.6876144,9.582372,268.0094,6.679308,0.6593888,0.02875049,-0.7512519,0.0,0.0,0.0,0.9432612,-0.193754,-2.584999,-0.3060784,0.04444499,1.355712,-0.05385014,0.1146892,0.991941,-0.1611956,0.9793547,-0.1219849,-0.9854525,-0.1664654,-0.03425093,moving,86.52966,73.60709,-12.72234,1.877684,85.64411153153897,78.77162325432217,122.45843045341074,124.85446199857654,81.31769835462234
2444,2444,05/15/2023 13:24:04.453930,2673,True,True,True,True,Eyes,2.274863,0.1008129,-2.506143,-0.972257,-0.2249085,-0.0642854,0.0,0.0,0.0,0.0,0.0,0.0,0.0,2.402366,-0.04848374,2.179349,2.297212,0.110023,-2.28779,0.01177056,-0.7228067,0.09992189,0.6836869,9.238422,267.3767,6.960601,0.6604913,0.0288398,-0.7502792,0.0,0.0,0.0,0.945377,-0.1919722,-2.58486,-0.3027187,0.0405391,1.352417,-0.06486748,0.1196149,0.9906991,-0.1536462,0.9797541,-0.1283537,-0.9859945,-0.1605432,-0.04517583,moving,86.21712,74.04852,-12.61686,1.716945,85.35346211116354,79.18774035453295,122.47453753585283,124.89959226286155,81.77868050796756
2445,2445,05/15/2023 13:24:04.463777,2674,True,True,True,True,Eyes,2.275369,0.1010486,-2.496805,-0.9664515,-0.2472823,-0.06944747,0.0,0.0,0.0,0.0,0.0,0.0,0.0,2.418612,-0.07095411,2.150764,2.296468,0.1098775,-2.279181,0.00870217,-0.7270761,0.09913927,0.6793054,8.974014,266.6668,7.097016,0.6616307,0.02893335,-0.7492711,0.0,0.0,0.0,0.9474862,-0.1901959,-2.584722,-0.2974194,0.04866041,1.349254,-0.0769367,0.1220374,0.989539,-0.147346,0.9801913,-0.1323407,-0.9860882,-0.1559865,-0.05743103,moving,85.88989,74.31298,-12.43105,2.065459,85.04375995869971,79.43264586798496,122.01111233461089,124.44685685203274,82.4475975889248
2446,2446,05/15/2023 13:24:04.483899,2675,True,True,True,True,Eyes,2.275369,0.1010486,-2.496805,-0.9664515,-0.2472823,-0.06944747,0.0,0.0,0.0,0.0,0.0,0.0,0.0,2.436852,-0.08409402,2.11923,2.295335,0.1097191,-2.27065,0.007089788,-0.7315879,0.09776215,0.674664,8.778192,265.9069,7.064125,0.6628018,0.0290303,-0.7482316,0.0,0.0,0.0,0.9496017,-0.1884144,-2.584584,-0.292173,0.05180288,1.34598,-0.08955662,0.1215396,0.9885382,-0.1422868,0.9807846,-0.1334767,-0.9857658,-0.1526097,-0.07054223,moving,85.88989,74.31298,-12.24724,2.204061,85.04375995869971,79.43264586798496,121.78092003259566,124.21671785100129,82.6600562749763
2447,2447,05/15/2023 13:24:04.503931,2676,True,True,True,True,Eyes,2.275369,0.1010486,-2.496805,-0.9664515,-0.2472823,-0.06944747,0.0,0.0,0.0,0.0,0.0,0.0,0.0,2.455661,-0.08382376,2.087527,2.294417,0.1097889,-2.262446,0.007588656,-0.7359598,0.09682994,0.6700222,8.783136,265.1597,6.891735,0.6638546,0.02911751,-0.7472944,0.0,0.0,0.0,0.9517365,-0.1866166,-2.584444,-0.2870519,0.05711737,1.343157,-0.1020254,0.1185865,0.9876883,-0.1409263,0.9811327,-0.1323567,-0.9847491,-0.152695,-0.08338863,moving,85.88989,74.31298,-12.06346,2.435021,85.04375995869971,79.43264586798496,121.49608951002571,123.92919915588183,82.89551063737352
2448,2448,05/15/2023 13:24:04.514484,2677,True,True,True,True,Eyes,2.275369,0.1010486,-2.496805,-0.9664515,-0.2472823,-0.06944747,0.0,0.0,0.0,0.0,0.0,0.0,0.0,2.474315,-0.07334232,2.055935,2.29336,0.1097952,-2.254534,0.009667857,-0.7401372,0.09623953,0.6654635,8.935824,264.4353,6.613694,0.6648005,0.02919592,-0.7464499,0.0,0.0,0.0,0.9539343,-0.1847657,-2.584301,-0.2832948,0.06193947,1.339799,-0.1141299,0.1137767,0.9869293,-0.1423989,0.981289,-0.1295937,-0.9832076,-0.1553281,-0.09579272,moving,85.88989,74.31298,-11.93909,2.646924,85.04375995869971,79.43264586798496,121.2704948057669,123.7001223479557,83.06874944677
2449,2449,05/15/2023 13:24:04.534456,2678,True,True,True,True,Eyes,2.275369,0.1010486,-2.496805,-0.9664515,-0.2472823,-0.06944747,0.0,0.0,0.0,0.0,0.0,0.0,0.0,2.491598,-0.05997345,2.024997,2.292522,0.1104032,-2.245978,0.01226293,-0.7441941,0.09565458,0.6609653,9.124594,263.7231,6.2913,0.6656514,0.02926648,-0.7456884,0.0,0.0,0.0,0.9560387,-0.1829935,-2.584163,-0.2802081,0.06152248,1.337057,-0.1259492,0.1081967,0.9861189,-0.1447007,0.9813997,-0.1261604,-0.9814268,-0.1585819,-0.1079503,moving,85.88989,74.31298,-11.83623,2.634514,85.04375995869971,79.43264586798496,121.19487207950489,123.62720377332072,83.16527593290024
2450,2450,05/15/2023 13:24:04.553968,2679,True,True,True,True,Eyes,2.275525,0.1014276,-2.485914,-0.9664847,-0.2443789,-0.07865267,0.0,0.0,0.0,0.0,0.0,0.0,0.0,2.508489,-0.05162749,1.994429,2.291032,0.111276,-2.238687,0.01411559,-0.7481224,0.09466907,0.6566212,9.21765,263.0306,6.001422,0.6664163,0.02932994,-0.7450023,0.0,0.0,0.0,0.9581792,-0.1811909,-2.584023,-0.2784046,0.05798821,1.333912,-0.1372985,0.1032031,0.9851386,-0.1454438,0.981677,-0.1231109,-0.9797934,-0.1601853,-0.1197726,moving,85.34752,72.15938,-11.78912,2.48921,84.45976149065181,77.33772026431596,119.53852692048075,121.92680868861018,83.68641001462106
2451,2451,05/15/2023 13:24:04.563941,2680,True,True,True,True,Eyes,2.275608,0.1018134,-2.475188,-0.966363,-0.241701,-0.08788178,0.0,0.0,0.0,0.0,0.0,0.0,0.0,2.523449,-0.0505318,1.965637,2.289447,0.1114874,-2.231609,0.01467886,-0.7518492,0.0933121,0.6525338,9.176142,262.3753,5.796673,0.6672677,0.02940529,-0.7442371,0.0,0.0,0.0,0.9602196,-0.1794727,-2.583889,-0.2787041,0.04842003,1.330686,-0.1479684,0.09970602,0.9839534,-0.1438512,0.9821547,-0.1211563,-0.9784745,-0.1594701,-0.1309851,moving,84.80377,70.01888,-11.82926,2.083918,83.87478375606325,75.25539103066153,118.12324728402257,120.4712764800776,84.06434971833967
2452,2452,05/15/2023 13:24:04.584035,2681,True,True,True,True,Eyes,2.275591,0.1022164,-2.464526,-0.9661501,-0.2390363,-0.09703402,0.0,0.0,0.0,0.0,0.0,0.0,0.0,2.53667,-0.04573753,1.938895,2.28782,0.1120825,-2.224729,0.01595481,-0.7551231,0.09402362,0.6486094,9.363399,261.7881,5.692827,0.6681947,0.02949166,-0.7434013,0.0,0.0,0.0,0.9624149,-0.1776239,-2.583746,-0.2812613,0.03537541,1.326661,-0.1581025,0.09787352,0.98256,-0.1460649,0.98181,-0.1213019,-0.9765595,-0.1626957,-0.1409308,moving,84.2648,67.90588,-11.96987,1.52743,83.29518523343042,73.19974528296665,116.90684468589254,119.2155674677159,84.30784012802523
2453,2453,05/15/2023 13:24:04.604704,2682,True,True,True,True,Eyes,2.275496,0.1026124,-2.454022,-0.9657952,-0.2365396,-0.1062474,0.0,0.0,0.0,0.0,0.0,0.0,0.0,2.551414,-0.05709225,1.909077,2.285919,0.1127594,-2.217973,0.01475752,-0.7589064,0.09433886,0.6441611,9.334684,261.1205,5.766245,0.6691874,0.02958851,-0.7425041,0.0,0.0,0.0,0.964443,-0.1759159,-2.583613,-0.2850459,0.02828863,1.322624,-0.1696777,0.09913968,0.9805004,-0.143938,0.9817648,-0.1241763,-0.9749316,-0.1622012,-0.1523136,moving,83.72211,65.81163,-12.16211,1.22527,82.71249528630383,71.16207397919493,115.6078783779808,117.86580199131676,84.56922359121565
2454,2454,05/15/2023 13:24:04.614215,2683,True,True,True,True,Eyes,2.275301,0.1030149,-2.443614,-0.9653387,-0.2341623,-0.1152791,0.0,0.0,0.0,0.0,0.0,0.0,0.0,2.565411,-0.0613257,1.879812,2.284047,0.1129983,-2.211142,0.01462301,-0.7624869,0.09511376,0.6398074,9.425079,260.4776,5.783488,0.6702357,0.02969459,-0.7415537,0.0,0.0,0.0,0.9666725,-0.1740384,-2.583467,-0.2877619,0.02913003,1.318537,-0.1808656,0.09940925,0.9784711,-0.1440087,0.9814791,-0.1263341,-0.9729077,-0.1637578,-0.1632,moving,83.19009,63.78878,-12.31139,1.265612,82.14208598580889,69.19362812784372,114.14762029471585,116.34291770824031,84.94391122121739
2455,2455,05/15/2023 13:24:04.634085,2684,True,True,True,True,Eyes,2.275012,0.103426,-2.433364,-0.9647911,-0.2317959,-0.1242928,0.0,0.0,0.0,0.0,0.0,0.0,0.0,2.576571,-0.06824102,1.853303,2.281801,0.1134954,-2.204226,0.0140967,-0.765649,0.09642585,0.6358342,9.531105,259.9066,5.880251,0.6713314,0.02980923,-0.7405573,0.0,0.0,0.0,0.9687073,-0.1723247,-2.583334,-0.2891378,0.03347806,1.315336,-0.1910326,0.1010354,0.97637,-0.1442079,0.9810066,-0.1297304,-0.9709328,-0.165583,-0.1728341,moving,82.6591,61.79906,-12.3976,1.457982,81.57357764540482,67.25718032610861,112.59139358357761,114.71755196317086,85.41407105827834
2456,2456,05/15/2023 13:24:04.654138,2685,True,True,True,True,Eyes,2.274625,0.1038268,-2.423291,-0.9642063,-0.2293876,-0.1329947,0.0,0.0,0.0,0.0,0.0,0.0,0.0,2.585132,-0.08186108,1.82988,2.279336,0.1140754,-2.197653,0.0123531,-0.7685324,0.09607402,0.6324361,9.398321,259.3937,5.965457,0.6724663,0.02993187,-0.739522,0.0,0.0,0.0,0.9708264,-0.1705402,-2.583196,-0.288837,0.03857918,1.312534,-0.1997443,0.1025338,0.9744688,-0.1405089,0.9812344,-0.1320469,-0.9697216,-0.1632971,-0.1815891,moving,82.14664,59.89563,-12.41073,1.683604,81.02536819810737,65.40457117981634,111.03934524456444,113.0958270884368,85.94438917565414
2457,2457,05/15/2023 13:24:04.664365,2686,True,True,True,True,Eyes,2.274127,0.1042038,-2.413373,-0.9635307,-0.2269926,-0.1417141,0.0,0.0,0.0,0.0,0.0,0.0,0.0,2.593664,-0.09310885,1.806011,2.276613,0.1142271,-2.191213,0.01093746,-0.7713717,0.09599733,0.6290079,9.314797,258.8832,6.043337,0.6736326,0.03006142,-0.7384545,0.0,0.0,0.0,0.9730649,-0.168655,-2.583049,-0.287753,0.03923063,1.309573,-0.2084595,0.1038924,0.9724975,-0.1376398,0.9813297,-0.1343397,-0.9682977,-0.1618587,-0.1902677,moving,81.63304,58.02299,-12.39269,1.715886,80.476894311885,63.58163427069982,109.59620368835645,111.5891146096066,86.46238192383737
2458,2458,05/15/2023 13:24:04.683994,2687,True,True,True,True,Eyes,2.273518,0.1045435,-2.403624,-0.9628069,-0.2246294,-0.1501481,0.0,0.0,0.0,0.0,0.0,0.0,0.0,2.602983,-0.1057327,1.780178,2.27357,0.1139966,-2.18486,0.009243627,-0.7744114,0.09557486,0.6253537,9.183072,258.3351,6.118521,0.6748231,0.03019649,-0.7373612,0.0,0.0,0.0,0.9751531,-0.1668964,-2.582913,-0.286235,0.03870603,1.306873,-0.2176949,0.1052195,0.9703289,-0.1338529,0.98156,-0.1364674,-0.9667951,-0.1595896,-0.1995966,moving,81.13622,56.24021,-12.35401,1.69645,79.9471218404208,61.845925686394175,108.23790861057182,110.17013372221561,86.97329436974478
2459,2459,05/15/2023 13:24:04.704088,2688,True,True,True,True,Eyes,2.272787,0.1048565,-2.394022,-0.9619718,-0.2224115,-0.1585666,0.0,0.0,0.0,0.0,0.0,0.0,0.0,2.612557,-0.1112566,1.753434,2.270237,0.1134817,-2.178419,0.008718546,-0.777393,0.09610014,0.6215698,9.221612,257.7859,6.159531,0.6760315,0.03033542,-0.7362477,0.0,0.0,0.0,0.9772051,-0.1651684,-2.582779,-0.2821935,0.03451322,1.305246,-0.2271499,0.1059104,0.9680836,-0.1330214,0.9813775,-0.1385768,-0.9647322,-0.1602535,-0.2088315,moving,80.63982,54.51331,-12.19955,1.514658,79.41927993628265,60.16414654806953,106.90185094662303,108.78314440134382,87.56230392851435
2460,2460,05/15/2023 13:24:04.713991,2689,True,True,True,True,Eyes,2.271935,0.1051478,-2.384567,-0.9610811,-0.2202488,-0.166774,0.0,0.0,0.0,0.0,0.0,0.0,0.0,2.620537,-0.115441,1.728798,2.266659,0.1131572,-2.172263,0.0084249,-0.780048,0.0968635,0.6181196,9.295801,257.2921,6.201268,0.6772521,0.03047707,-0.7351193,0.0,0.0,0.0,0.979347,-0.1633646,-2.582639,-0.2779489,0.03711229,1.303737,-0.2357147,0.1066028,0.965958,-0.1328901,0.981093,-0.1407012,-0.9626937,-0.1615315,-0.2170916,moving,80.15564,52.86673,-12.03494,1.630546,78.90546305578968,58.560248000334965,105.47155821176747,107.29001760553693,88.21546812130228
2461,2461,05/15/2023 13:24:04.734025,2690,True,True,True,True,Eyes,2.270959,0.1054132,-2.375257,-0.9600965,-0.2181176,-0.1750413,0.0,0.0,0.0,0.0,0.0,0.0,0.0,2.629993,-0.1210912,1.701599,2.263047,0.1129361,-2.166294,0.00794462,-0.7830018,0.0973947,0.6142959,9.339327,256.7412,6.237922,0.6784803,0.03062058,-0.7339798,0.0,0.0,0.0,0.9815062,-0.1615463,-2.582497,-0.2745005,0.03611144,1.30196,-0.2451549,0.107217,0.9635371,-0.1320996,0.9809023,-0.1427597,-0.960442,-0.1622811,-0.2263097,moving,79.66753,51.25265,-11.90567,1.58876,78.38872632403807,56.98758411182315,104.1736671533267,105.93445011182708,88.8044012221564
2462,2462,05/15/2023 13:24:04.753776,2691,True,True,True,True,Eyes,2.269855,0.1056431,-2.366102,-0.9591061,-0.2159075,-0.1830285,0.0,0.0,0.0,0.0,0.0,0.0,0.0,2.639868,-0.1287321,1.672752,2.259169,0.1125685,-2.160337,0.007045361,-0.7861658,0.09685039,0.610339,9.258039,256.153,6.23229,0.6797113,0.03076501,-0.7328339,0.0,0.0,0.0,0.9835626,-0.1598144,-2.582363,-0.272923,0.02727035,1.299996,-0.2548733,0.1071455,0.96102,-0.1293008,0.9811407,-0.1436808,-0.9582906,-0.160881,-0.2362126,moving,79.19601,49.71148,-11.85656,1.201732,77.89004478241355,55.48578824386782,103.1686297021939,104.88666184152369,89.2264141102092
2463,2463,05/15/2023 13:24:04.764488,2692,True,True,True,True,Eyes,2.268615,0.1058322,-2.357077,-0.9580396,-0.213702,-0.1910278,0.0,0.0,0.0,0.0,0.0,0.0,0.0,2.648021,-0.1381512,1.645069,2.254917,0.1119659,-2.154103,0.005773358,-0.7891528,0.09620303,0.6065886,9.13968,255.5965,6.256682,0.6809407,0.03090921,-0.7316856,0.0,0.0,0.0,0.9857824,-0.157945,-2.582218,-0.2715477,0.02147336,1.297876,-0.2640342,0.1075992,0.958493,-0.1258234,0.9814233,-0.1448337,-0.9562712,-0.1588419,-0.2455909,moving,78.72343,48.20654,-11.81722,0.9478721,77.39132462475816,54.01891595023138,102.13222309391385,103.80125302432843,89.6701683722911
2464,2464,05/15/2023 13:24:04.784091,2693,True,True,True,True,Eyes,2.267245,0.105993,-2.348214,-0.9569788,-0.2114569,-0.1986898,0.0,0.0,0.0,0.0,0.0,0.0,0.0,2.654433,-0.1492171,1.619571,2.250475,0.1111449,-2.148091,0.004166027,-0.791842,0.09570327,0.6031665,9.008986,255.0939,6.327533,0.6821645,0.03105198,-0.7305387,0.0,0.0,0.0,0.9878452,-0.1562079,-2.582083,-0.2696666,0.018082,1.295754,-0.2723459,0.1088523,0.9560224,-0.1220477,0.9816471,-0.1465381,-0.9544276,-0.1565893,-0.2540623,moving,78.27078,46.78293,-11.75633,0.7994995,76.91412396829192,52.63114051489398,101.09083249978917,102.70817113180341,90.13901243854828
2465,2465,05/15/2023 13:24:04.803909,2694,True,True,True,True,Eyes,2.265731,0.1061335,-2.339475,-0.9558476,-0.2092199,-0.2063547,0.0,0.0,0.0,0.0,0.0,0.0,0.0,2.659343,-0.1559216,1.596534,2.245854,0.1106644,-2.142248,0.003339312,-0.7941523,0.09587649,0.600099,8.991556,254.655,6.380608,0.6833797,0.03119268,-0.7293962,0.0,0.0,0.0,0.9898983,-0.1544789,-2.581949,-0.2680244,0.01742009,1.293971,-0.2797403,0.1097669,0.9537803,-0.1203746,0.9815931,-0.1482732,-0.9524996,-0.1562889,-0.261378,moving,77.81757,45.39503,-11.70237,0.7712982,76.4373547528274,51.27780260601234,100.02548224008686,101.5850287533489,90.6274076826621
2466,2466,05/15/2023 13:24:04.815182,2695,True,True,True,True,Eyes,2.264071,0.1062524,-2.33086,-0.9547541,-0.2067725,-0.2137517,0.0,0.0,0.0,0.0,0.0,0.0,0.0,2.66433,-0.16756,1.572044,2.240939,0.1102613,-2.136372,0.001674856,-0.7966444,0.09544504,0.5968628,8.862913,254.1843,6.465864,0.6845825,0.03133088,-0.7282614,0.0,0.0,0.0,0.992158,-0.1525759,-2.581801,-0.2668581,0.01732313,1.291534,-0.2875042,0.1112667,0.9512945,-0.1166037,0.9817749,-0.1500722,-0.9506552,-0.1540708,-0.2692903,moving,77.38063,44.04917,-11.67423,0.7684524,75.97748901263884,49.96553751092747,99.01509281715867,100.51456127985851,91.08025711746194
2467,2467,05/15/2023 13:24:04.833993,2696,True,True,True,True,Eyes,2.262261,0.1063413,-2.322354,-0.9536229,-0.2042422,-0.2211075,0.0,0.0,0.0,0.0,0.0,0.0,0.0,2.668614,-0.1787347,1.548244,2.235843,0.1097616,-2.130602,-0.0001226747,-0.7990834,0.09360833,0.5938881,8.595406,253.7269,6.467928,0.6857708,0.03146628,-0.7271367,0.0,0.0,0.0,0.9941684,-0.1508828,-2.581669,-0.2663889,0.01732286,1.289691,-0.2945938,0.1113818,0.9491092,-0.1109897,0.9824749,-0.1497474,-0.9491552,-0.149456,-0.2770687,moving,76.94603,42.72939,-11.67046,0.7695386,75.52060068512584,48.678509292568286,98.04851569213163,99.48643393055491,91.50818369381533
2468,2468,05/15/2023 13:24:04.853865,2697,True,True,True,True,Eyes,2.260302,0.1063971,-2.313978,-0.9525317,-0.2016017,-0.2281231,0.0,0.0,0.0,0.0,0.0,0.0,0.0,2.67042,-0.1898723,1.527692,2.230482,0.1091057,-2.124638,-0.002005168,-0.8011119,0.09192771,0.5914094,8.332475,253.3459,6.496406,0.6869421,0.03159828,-0.7260246,0.0,0.0,0.0,0.9962205,-0.1491547,-2.581535,-0.265323,0.01845407,1.287849,-0.3004616,0.1119465,0.9472014,-0.1055211,0.9830905,-0.1496605,-0.9479387,-0.144917,-0.2835682,moving,76.53183,41.46834,-11.64121,0.8209564,75.08507075558256,47.44878687492098,97.09116734475464,98.46624979399844,91.95144203489417
2469,2469,05/15/2023 13:24:04.863938,2698,True,True,True,True,Eyes,2.258189,0.106412,-2.305719,-0.9514058,-0.1989306,-0.235061,0.0,0.0,0.0,0.0,0.0,0.0,0.0,2.669832,-0.2057871,1.510271,2.224837,0.1083892,-2.118871,-0.004743013,-0.802758,0.09032442,0.5894055,8.014643,253.0381,6.61607,0.6880939,0.03172622,-0.7249275,0.0,0.0,0.0,0.9984877,-0.1472453,-2.581387,-0.2635497,0.01681622,1.286096,-0.3051575,0.1140904,0.9454432,-0.09886044,0.983638,-0.1506084,-0.9471567,-0.1394262,-0.2888854,moving,76.12203,40.24102,-11.58085,0.7491229,74.65472190553123,46.25174709422507,96.18422478167294,97.50416745162703,92.39710731641217
2470,2470,05/15/2023 13:24:04.883929,2699,True,True,True,True,Eyes,2.255926,0.1063833,-2.297589,-0.9502735,-0.1963685,-0.2417017,0.0,0.0,0.0,0.0,0.0,0.0,0.0,2.669653,-0.2181013,1.492449,2.21909,0.1073695,-2.113322,-0.006856399,-0.8043671,0.08947049,0.5873176,7.809535,252.7309,6.731249,0.6892245,0.03184935,-0.7238472,0.0,0.0,0.0,1.000507,-0.1455452,-2.581255,-0.260745,0.01755978,1.284912,-0.3100224,0.1161253,0.9436108,-0.09406504,0.9838961,-0.151988,-0.9460646,-0.1358804,-0.2941065,moving,75.72945,39.09184,-11.47117,0.7829632,74.2431810027216,45.130641297247166,95.24451779531448,96.5073392050305,92.89545480502865
2471,2471,05/15/2023 13:24:04.904164,2700,True,True,True,True,Eyes,2.253511,0.1063159,-2.289568,-0.949095,-0.1938648,-0.2482643,0.0,0.0,0.0,0.0,0.0,0.0,0.0,2.669729,-0.2238173,1.47448,2.213111,0.1063256,-2.107719,-0.007838984,-0.8059233,0.08908607,0.5852264,7.724963,252.429,6.77536,0.6903319,0.03196683,-0.7227859,0.0,0.0,0.0,1.002627,-0.1437596,-2.581116,-0.2576187,0.01864519,1.28406,-0.3148973,0.1169063,0.9418984,-0.09163579,0.9840044,-0.1527682,-0.9446918,-0.1344179,-0.2991476,moving,75.34103,37.98559,-11.34454,0.8319047,73.83683962312396,44.05108730701365,94.31216452609036,95.51840230927834,93.40955081251917
2472,2472,05/15/2023 13:24:04.913897,2701,True,True,True,True,Eyes,2.250963,0.1062044,-2.281713,-0.9478909,-0.1915244,-0.2546001,0.0,0.0,0.0,0.0,0.0,0.0,0.0,2.66965,-0.2289271,1.456831,2.20707,0.1053105,-2.102271,-0.008706103,-0.8074225,0.08885976,0.5831786,7.662658,252.1364,6.820643,0.6914148,0.03207809,-0.7217451,0.0,0.0,0.0,1.004782,-0.1419446,-2.580975,-0.2557873,0.0179205,1.282928,-0.3196543,0.1177012,0.9401957,-0.08958319,0.9840563,-0.1536491,-0.9432902,-0.1333403,-0.3040138,moving,74.96541,36.95252,-11.27565,0.8002803,73.44489027940342,43.04254300677788,93.51205732551207,94.66772788982766,93.83955158803728
2473,2473,05/15/2023 13:24:04.933900,2702,True,True,True,True,Eyes,2.248264,0.1060559,-2.273973,-0.9466367,-0.1892569,-0.2608846,0.0,0.0,0.0,0.0,0.0,0.0,0.0,2.669888,-0.2314572,1.438909,2.200943,0.1042496,-2.096977,-0.009105253,-0.8089146,0.08897253,0.5810837,7.663828,251.8422,6.845727,0.6924707,0.0321823,-0.7207275,0.0,0.0,0.0,1.006802,-0.1402433,-2.580843,-0.2568554,0.01498357,1.281918,-0.3245178,0.1181317,0.9384739,-0.08867023,0.984002,-0.1545242,-0.9417144,-0.1333605,-0.3088514,moving,74.59227,35.95874,-11.33021,0.6696657,73.05641416212053,42.071985750020296,92.88698151141159,93.99603418763633,94.12802747847573
2474,2474,05/15/2023 13:24:04.953963,2703,True,True,True,True,Eyes,2.245431,0.1058714,-2.266391,-0.9453219,-0.187107,-0.2671279,0.0,0.0,0.0,0.0,0.0,0.0,0.0,2.670321,-0.2388532,1.419774,2.194667,0.1031948,-2.091939,-0.01027385,-0.8105184,0.08922134,0.5787867,7.627859,251.5247,6.950124,0.693499,0.03227912,-0.7197338,0.0,0.0,0.0,1.008979,-0.1384103,-2.580701,-0.2584726,0.006752944,1.280349,-0.329801,0.1199345,0.9364011,-0.08662594,0.983868,-0.1565238,-0.9400677,-0.1327383,-0.3140911,moving,74.22083,35.00893,-11.41329,0.3021924,72.67078348175195,41.1439066148052,92.40000077386176,93.47821689189672,94.34415554371232
2475,2475,05/15/2023 13:24:04.964131,2704,True,True,True,True,Eyes,2.242445,0.10567,-2.258919,-0.9439289,-0.1849649,-0.2734707,0.0,0.0,0.0,0.0,0.0,0.0,0.0,2.672465,-0.2525556,1.395817,2.188255,0.1022155,-2.086923,-0.01237689,-0.8126264,0.08972529,0.5757037,7.56064,251.1044,7.152366,0.6944978,0.03236812,-0.7187662,0.0,0.0,0.0,1.01104,-0.1366746,-2.580566,-0.2599667,0.003162127,1.279408,-0.3368244,0.1234259,0.9334428,-0.08319476,0.9835924,-0.1600771,-0.9378849,-0.1315754,-0.3210295,moving,73.84289,34.07289,-11.48573,0.1416093,72.27923321771529,40.228909757781175,91.82758409675489,92.86312896331685,94.61634262037005
2476,2476,05/15/2023 13:24:04.983993,2705,True,True,True,True,Eyes,2.239302,0.1054431,-2.251567,-0.9424418,-0.1828469,-0.2799471,0.0,0.0,0.0,0.0,0.0,0.0,0.0,2.676724,-0.2699093,1.366316,2.181631,0.1015622,-2.081992,-0.01502843,-0.8153143,0.08976447,0.571821,7.42252,250.5664,7.36783,0.695466,0.03244958,-0.7178256,0.0,0.0,0.0,1.013181,-0.1348718,-2.580426,-0.2614194,0.00273487,1.278392,-0.34559,0.1271642,0.9297295,-0.0781526,0.9834329,-0.1635596,-0.9351256,-0.1291853,-0.3299264,moving,73.45624,33.15049,-11.55712,0.1225729,71.8796194971709,39.32680044885425,91.2036988638842,92.18818229914885,94.92438721963408
2477,2477,05/15/2023 13:24:05.003869,2706,True,True,True,True,Eyes,2.235999,0.1051933,-2.244313,-0.9408563,-0.180713,-0.2865869,0.0,0.0,0.0,0.0,0.0,0.0,0.0,2.682058,-0.2889983,1.332606,2.17461,0.1007171,-2.076951,-0.01806206,-0.8184048,0.08916415,0.5673951,7.206633,249.9442,7.572917,0.6964036,0.03252355,-0.7169127,0.0,0.0,0.0,1.015326,-0.1330653,-2.580286,-0.2646208,-0.00324426,1.277076,-0.3554734,0.1307467,0.9254967,-0.07161842,0.9834471,-0.1664414,-0.9319387,-0.1254481,-0.3402253,moving,73.05914,32.23428,-11.7065,-0.1455528,71.47005401888359,38.43033593361445,90.73955750809873,91.68663114131995,95.1220625442938
2478,2478,05/15/2023 13:24:05.013943,2707,True,True,True,True,Eyes,2.232539,0.1049262,-2.237155,-0.9391676,-0.1786861,-0.2933182,0.0,0.0,0.0,0.0,0.0,0.0,0.0,2.688231,-0.3023732,1.297278,2.167481,0.09988044,-2.071953,-0.02015527,-0.8216212,0.08842956,0.5627725,7.043653,249.2921,7.68115,0.6973085,0.03259002,-0.7160296,0.0,0.0,0.0,1.017554,-0.1311889,-2.58014,-0.2656289,-0.004776524,1.276109,-0.3657621,0.1326514,0.9212068,-0.06641144,0.983548,-0.1679968,-0.928336,-0.1226255,-0.350935,moving,72.65553,31.34931,-11.75852,-0.2144594,71.05503566676617,37.563809455723245,90.12215807524183,91.02352772721946,95.45806357485789
2479,2479,05/15/2023 13:24:05.034658,2708,True,True,True,True,Eyes,2.228916,0.1047014,-2.23009,-0.9373876,-0.1767505,-0.3001062,0.0,0.0,0.0,0.0,0.0,0.0,0.0,2.693768,-0.3073053,1.263915,2.160247,0.09921323,-2.066831,-0.02080571,-0.8245956,0.08793023,0.55846,6.99458,248.6855,7.672891,0.6981808,0.03264926,-0.7151762,0.0,0.0,0.0,1.019558,-0.1295009,-2.580009,-0.264792,-0.002130978,1.276278,-0.3753791,0.1325236,0.9173483,-0.06389844,0.9836708,-0.1682521,-0.9246661,-0.1217754,-0.3607814,moving,72.24744,30.49638,-11.72098,-0.0956656,70.63655225874206,36.7280565560435,89.36760493203832,90.21501888918068,95.91960847486007
2480,2480,05/15/2023 13:24:05.054113,2709,True,True,True,True,Eyes,2.225145,0.1044893,-2.22315,-0.935588,-0.1746803,-0.3068583,0.0,0.0,0.0,0.0,0.0,0.0,0.0,2.696723,-0.3153866,1.234437,2.152726,0.09999946,-2.061889,-0.02168106,-0.8271064,0.08823097,0.5546533,7.001876,248.1657,7.743886,0.69902,0.03270339,-0.7143535,0.0,0.0,0.0,1.021753,-0.1276525,-2.579865,-0.2637005,0.0008654743,1.27614,-0.3837794,0.1337403,0.9136888,-0.06201011,0.9834905,-0.1700037,-0.9213406,-0.1219018,-0.3691502,moving,71.84132,29.65086,-11.67523,0.03885781,70.2201788102317,35.89951502850983,88.61086162318401,89.40271092275914,96.39004647646858
2481,2481,05/15/2023 13:24:05.064218,2710,True,True,True,True,Eyes,2.221231,0.1043037,-2.216289,-0.9337295,-0.1727236,-0.3135532,0.0,0.0,0.0,0.0,0.0,0.0,0.0,2.697955,-0.3291818,1.206016,2.145001,0.100135,-2.056876,-0.02403228,-0.8295202,0.08651455,0.5512115,6.721151,247.6679,7.826979,0.6998252,0.03275335,-0.7135624,0.0,0.0,0.0,1.023848,-0.1258882,-2.579728,-0.2623599,0.005931385,1.276425,-0.3911768,0.1352462,0.9103237,-0.05550512,0.9838754,-0.1700249,-0.9186404,-0.1170374,-0.3773624,moving,71.43757,28.84856,-11.61496,0.2662443,69.8072792243329,35.112748987925926,87.83320277762485,88.56556853128725,96.88783981324035
2482,2482,05/15/2023 13:24:05.084108,2711,True,True,True,True,Eyes,2.217158,0.1042397,-2.209527,-0.9318679,-0.170828,-0.3200624,0.0,0.0,0.0,0.0,0.0,0.0,0.0,2.697104,-0.3344808,1.184713,2.137669,0.1005859,-2.051841,-0.02459241,-0.8311838,0.0870817,0.5485851,6.763983,247.3174,7.89634,0.7005966,0.03280045,-0.7128028,0.0,0.0,0.0,1.025996,-0.1240798,-2.579588,-0.2590109,0.009752214,1.276705,-0.3968994,0.1364251,0.907667,-0.05466183,0.983624,-0.1717439,-0.9162332,-0.1177797,-0.3829426,moving,71.04429,28.09034,-11.4682,0.4376499,69.40572159310683,34.36884220242302,87.02288363279361,87.70357464158461,97.45050978746029
2483,2483,05/15/2023 13:24:05.103931,2712,True,True,True,True,Eyes,2.212924,0.1042738,-2.202852,-0.9299892,-0.1685919,-0.326645,0.0,0.0,0.0,0.0,0.0,0.0,0.0,2.693624,-0.3573174,1.163682,2.129717,0.1034256,-2.047205,-0.02775697,-0.8327351,0.08776603,0.545966,6.653403,246.9789,8.222997,0.7013335,0.0328489,-0.7120757,0.0,0.0,0.0,1.02814,-0.1222736,-2.579447,-0.2512201,0.01306201,1.278534,-0.4023012,0.1420629,0.9044178,-0.04960613,0.9830533,-0.1764804,-0.9141623,-0.115863,-0.3884364,moving,70.64692,27.29971,-11.11647,0.5853361,68.99931910483873,33.59353611339859,86.01691529670835,86.64918310068205,98.21531362250371
2484,2484,05/15/2023 13:24:05.113788,2713,True,True,True,True,Eyes,2.208541,0.1043437,-2.196231,-0.928067,-0.1663679,-0.3331866,0.0,0.0,0.0,0.0,0.0,0.0,0.0,2.691917,-0.3861648,1.135258,2.121618,0.1056915,-2.042528,-0.03279621,-0.8350629,0.08415044,0.5426908,6.024021,246.4834,8.448501,0.7020353,0.03290179,-0.7113813,0.0,0.0,0.0,1.030251,-0.1204958,-2.579309,-0.242175,0.01912086,1.280238,-0.4088224,0.1461091,0.9008421,-0.03656156,0.9836863,-0.1761382,-0.9118814,-0.1049454,-0.396811,moving,70.25128,26.53403,-10.71173,0.8556712,68.59527244572271,32.84235748368765,84.93754822763391,85.51461124472776,99.05064798099403
2485,2485,05/15/2023 13:24:05.133969,2714,True,True,True,True,Eyes,2.204022,0.1044551,-2.189692,-0.9260987,-0.1641961,-0.3396774,0.0,0.0,0.0,0.0,0.0,0.0,0.0,2.691952,-0.3878517,1.11099,2.113841,0.1065725,-2.03756,-0.03303669,-0.8370214,0.08274517,0.5398678,5.903196,246.0749,8.361536,0.7027026,0.03295993,-0.7107193,0.0,0.0,0.0,1.032423,-0.1186668,-2.579167,-0.2364316,0.03197357,1.281579,-0.4149029,0.1446477,0.8982944,-0.03403808,0.9841236,-0.1741898,-0.9092289,-0.102848,-0.4033923,moving,69.85781,25.79859,-10.45267,1.429152,68.19415199894601,32.12042421015161,83.92641244725193,84.4232006051152,99.7879423501533
2486,2486,05/15/2023 13:24:05.154416,2715,True,True,True,True,Eyes,2.199394,0.1045945,-2.183268,-0.9240919,-0.1621549,-0.3460633,0.0,0.0,0.0,0.0,0.0,0.0,0.0,2.690362,-0.3930558,1.089679,2.106087,0.107668,-2.032917,-0.03369797,-0.838636,0.08238214,0.5373707,5.852085,245.7302,8.384772,0.7033357,0.03302425,-0.7100899,0.0,0.0,0.0,1.034523,-0.1168984,-2.57903,-0.233308,0.02315721,1.282059,-0.4201943,0.1450601,0.8957646,-0.03201884,0.9841552,-0.1743938,-0.9068691,-0.1019606,-0.4088918,moving,69.46957,25.10638,-10.31378,1.034794,67.79927552349079,31.440365752595543,83.33561177418629,83.82212259790485,100.24611994386939
2487,2487,05/15/2023 13:24:05.164337,2716,True,True,True,True,Eyes,2.194659,0.1047478,-2.176916,-0.9220026,-0.1601718,-0.3525001,0.0,0.0,0.0,0.0,0.0,0.0,0.0,2.690245,-0.4008939,1.063675,2.098449,0.1085593,-2.028365,-0.03490451,-0.8407125,0.08150022,0.534174,5.724565,245.2842,8.423599,0.7039341,0.03309504,-0.7094934,0.0,0.0,0.0,1.036694,-0.1150699,-2.578888,-0.2350726,0.02518703,1.282239,-0.4268798,0.1457599,0.8924841,-0.02838127,0.9842788,-0.1743267,-0.903863,-0.09974635,-0.4160319,moving,69.07714,24.43648,-10.38866,1.125317,67.40094951938914,30.7817018964528,82.81439301264346,83.25097305320577,100.57499698630235
2488,2488,05/15/2023 13:24:05.184130,2717,True,True,True,True,Eyes,2.189809,0.1049053,-2.170636,-0.9198508,-0.1584322,-0.3588504,0.0,0.0,0.0,0.0,0.0,0.0,0.0,2.692264,-0.3987151,1.035723,2.091148,0.1090495,-2.023656,-0.03440967,-0.8430523,0.08057992,0.5306465,5.701594,244.7892,8.2939,0.7044984,0.03317219,-0.7089294,0.0,0.0,0.0,1.038771,-0.1133209,-2.578752,-0.2387939,0.02051422,1.28122,-0.4344606,0.1435372,0.8891801,-0.02750059,0.9846457,-0.1723849,-0.9002709,-0.09934743,-0.4238424,moving,68.68835,23.82142,-10.55766,0.9173118,67.00764420925145,30.17606500266099,82.48956463309409,82.9002476235623,100.76064509691393
2489,2489,05/15/2023 13:24:05.203995,2718,True,True,True,True,Eyes,2.184846,0.1050958,-2.164431,-0.917676,-0.1566263,-0.365156,0.0,0.0,0.0,0.0,0.0,0.0,0.0,2.690809,-0.4003511,1.014259,2.083514,0.1093359,-2.019027,-0.03455128,-0.8446783,0.08047166,0.5280615,5.707785,244.4378,8.283528,0.7050301,0.03325542,-0.7083967,0.0,0.0,0.0,1.040855,-0.1115659,-2.578616,-0.2419387,0.01650402,1.280813,-0.4399146,0.1433574,0.8865235,-0.02661855,0.984661,-0.1724357,-0.8976451,-0.09945495,-0.4293507,moving,68.3017,23.21594,-10.69683,0.7382487,66.61667267359955,29.579738553961743,82.13412414057264,82.51793279437425,100.9788553115498
2490,2490,05/15/2023 13:24:05.214150,2719,True,True,True,True,Eyes,2.179772,0.1053105,-2.1583,-0.9154515,-0.1548356,-0.3714491,0.0,0.0,0.0,0.0,0.0,0.0,0.0,2.687066,-0.4153233,0.9933796,2.075836,0.1102708,-2.014537,-0.03711681,-0.8461814,0.0796605,0.5255986,5.497214,244.0995,8.466499,0.7055289,0.03334519,-0.7078958,0.0,0.0,0.0,1.043155,-0.1096288,-2.578465,-0.2403893,0.02376204,1.280224,-0.4447372,0.146554,0.8835899,-0.02092377,0.984553,-0.1738315,-0.8954169,-0.09579737,-0.434801,moving,67.91489,22.62843,-10.63467,1.063336,66.22603621131323,29.00074558999921,81.45604124570771,81.78060291964827,101.47366261517227
2491,2491,05/15/2023 13:24:05.234346,2720,True,True,True,True,Eyes,2.174586,0.1055313,-2.152235,-0.9131973,-0.1529791,-0.3777141,0.0,0.0,0.0,0.0,0.0,0.0,0.0,2.684045,-0.4286646,0.9701955,2.068009,0.1110369,-2.010009,-0.03964612,-0.8478996,0.07781765,0.5229141,5.192377,243.7155,8.582196,0.7059944,0.03344161,-0.7074269,0.0,0.0,0.0,1.045184,-0.1079208,-2.578333,-0.2371317,0.02286355,1.280125,-0.4499782,0.1486157,0.8805867,-0.01415202,0.9847453,-0.1734261,-0.8929274,-0.09050006,-0.4410107,moving,67.52917,22.04859,-10.49457,1.023217,65.83666454132134,28.429187267330253,80.80699421075336,81.10206269199321,101.98867759647531
2492,2492,05/15/2023 13:24:05.254300,2721,True,True,True,True,Eyes,2.169282,0.1057429,-2.146216,-0.9108695,-0.1512797,-0.3839677,0.0,0.0,0.0,0.0,0.0,0.0,0.0,2.681778,-0.4331344,0.9481382,2.060159,0.1113744,-2.005453,-0.04066151,-0.849543,0.07616895,0.5204052,4.996603,243.3552,8.56497,0.7064284,0.03354455,-0.7069887,0.0,0.0,0.0,1.047479,-0.105988,-2.578182,-0.2324623,0.01765204,1.280028,-0.4550502,0.1483649,0.878019,-0.01019002,0.9850898,-0.1717386,-0.8904076,-0.08709669,-0.4467535,moving,67.14265,21.50398,-10.29315,0.7900791,65.44747878927808,27.89159581354984,80.15839826328256,80.44336552861299,102.53656854464384
2493,2493,05/15/2023 13:24:05.269357,2722,True,True,True,True,Eyes,2.163903,0.1059493,-2.140275,-0.9084765,-0.149774,-0.3901773,0.0,0.0,0.0,0.0,0.0,0.0,0.0,2.680317,-0.4286652,0.9280596,2.052334,0.1113055,-2.001171,-0.04000353,-0.8510318,0.07525817,0.5181515,4.970246,243.037,8.431689,0.7068315,0.03365325,-0.7065805,0.0,0.0,0.0,1.049402,-0.1043685,-2.578057,-0.2259502,0.01330153,1.280302,-0.4598374,0.1460788,0.8759055,-0.009901724,0.9854718,-0.1695499,-0.8879479,-0.08663839,-0.4517103,moving,66.75719,20.99987,-10.00861,0.5952458,65.06042402625194,27.39311435501153,79.43133347982537,79.70875503184232,103.17170942646842
2494,2494,05/15/2023 13:24:05.284090,2723,True,True,True,True,Eyes,2.158452,0.1061465,-2.134412,-0.9059187,-0.1486334,-0.3965091,0.0,0.0,0.0,0.0,0.0,0.0,0.0,2.680202,-0.4215883,0.9066556,2.045153,0.1114321,-1.997042,-0.03842417,-0.8527028,0.07603107,0.5154036,5.166823,242.676,8.307703,0.7072031,0.03376667,-0.7062032,0.0,0.0,0.0,1.051517,-0.1025872,-2.577919,-0.2181583,0.00976529,1.280189,-0.4657655,0.1439022,0.8731293,-0.01284458,0.9854857,-0.1692717,-0.884815,-0.0900559,-0.4571569,moving,66.36161,20.54876,-9.670935,0.4370442,64.66501357763364,26.94545305017009,78.64749844462311,78.92103009150584,103.87476593621658
2495,2495,05/15/2023 13:24:05.303991,2724,True,True,True,True,Eyes,2.15293,0.1063792,-2.128622,-0.9032369,-0.1478576,-0.4028664,0.0,0.0,0.0,0.0,0.0,0.0,0.0,2.681622,-0.4152965,0.8799493,2.03798,0.1114747,-1.993009,-0.03681304,-0.8548589,0.07724823,0.5117556,5.41645,242.2017,8.200711,0.7075438,0.03388405,-0.7058562,0.0,0.0,0.0,1.05361,-0.1008242,-2.577781,-0.2098356,0.009959619,1.280338,-0.4735022,0.1420043,0.8692702,-0.01612452,0.985355,-0.1697512,-0.8806452,-0.09439413,-0.464278,moving,65.96193,20.15385,-9.307508,0.4456891,64.2671649194399,26.551888213196776,77.80681141709981,78.06898313248637,104.63182039877059
2496,2496,05/15/2023 13:24:05.319075,2725,True,True,True,True,Eyes,2.147332,0.1066293,-2.122913,-0.9004002,-0.1471818,-0.4094107,0.0,0.0,0.0,0.0,0.0,0.0,0.0,2.683062,-0.4090313,0.8521371,2.030753,0.1126432,-1.988872,-0.03453341,-0.8570979,0.08027328,0.5076881,5.885435,241.6981,8.13177,0.7078563,0.03400682,-0.705537,0.0,0.0,0.0,1.055868,-0.09892321,-2.577634,-0.2013886,0.01327609,1.280082,-0.4821209,0.1407046,0.8647324,-0.02231053,0.9847273,-0.1726685,-0.8758209,-0.1025397,-0.4716185,moving,65.54878,19.77334,-8.94076,0.5942093,63.85666359253504,26.171794958182968,76.9189874076569,77.16007886085048,105.42614615068868
2497,2497,05/15/2023 13:24:05.334349,2726,True,True,True,True,Eyes,2.14167,0.1068693,-2.11726,-0.8974816,-0.1466907,-0.4159431,0.0,0.0,0.0,0.0,0.0,0.0,0.0,2.684516,-0.4067883,0.8201962,2.023113,0.1133828,-1.984688,0.03376581,0.8596893,-0.0801042,-0.5033661,5.954366,241.1173,8.016142,0.7081403,0.03413521,-0.7052446,0.0,0.0,0.0,1.057919,-0.09719555,-2.5775,-0.1938839,0.01673551,1.280382,-0.4909648,0.1386997,0.8600672,-0.02258725,0.9848863,-0.1717226,-0.8708864,-0.1037363,-0.4804117,moving,65.13436,19.42622,-8.610689,0.7488544,63.445842825234514,25.82387849527666,76.07349234633877,76.29482690235125,106.18600154677758
2498,2498,05/15/2023 13:24:05.353847,2727,True,True,True,True,Eyes,2.135952,0.1071128,-2.11168,-0.8944699,-0.146322,-0.4225086,0.0,0.0,0.0,0.0,0.0,0.0,0.0,2.685633,-0.391387,0.7954528,2.015943,0.1134436,-1.980319,0.03063382,0.8616799,-0.08057536,-0.5000769,6.212821,240.6767,7.710562,0.7083963,0.03426808,-0.7049801,0.0,0.0,0.0,1.059946,-0.09548882,-2.577367,-0.1859589,0.0177728,1.279896,-0.4979691,0.1333809,0.8568758,-0.02779467,0.9851384,-0.1694989,-0.866749,-0.1082218,-0.4868612,moving,64.71599,19.10184,-8.266788,0.7955658,63.03181668887595,25.497779048441,75.243641323921,75.45654623657286,106.94733237628209
2499,2499,05/15/2023 13:24:05.364224,2728,True,True,True,True,Eyes,2.130175,0.1073605,-2.106166,-0.8914031,-0.1458789,-0.4290918,0.0,0.0,0.0,0.0,0.0,0.0,0.0,2.684833,-0.3860506,0.7717242,2.008677,0.1138482,-1.976152,0.02923673,0.8635044,-0.08122128,-0.4968992,6.385326,240.2599,7.586838,0.7086251,0.03440518,-0.7047429,0.0,0.0,0.0,1.062101,-0.09367376,-2.577226,-0.1789181,0.01692877,1.278914,-0.5044732,0.1312096,0.8533998,-0.03022547,0.9850966,-0.1693252,-0.8628984,-0.1112144,-0.4929889,moving,64.29539,18.77657,-7.963903,0.75837,62.61560658553111,25.170750952144616,74.47188030458106,74.68220348307025,107.65811444540823
2500,2500,05/15/2023 13:24:05.383933,2729,True,True,True,True,Eyes,2.124316,0.1076005,-2.100679,-0.8882674,-0.1454317,-0.4356955,0.0,0.0,0.0,0.0,0.0,0.0,0.0,2.683741,-0.3879457,0.745255,2.001486,0.1141773,-1.972153,0.02965456,0.8655782,-0.07990038,-0.4934682,6.260722,239.7873,7.525903,0.7088272,0.03454631,-0.7045323,0.0,0.0,0.0,1.064219,-0.09189046,-2.577088,-0.1727226,0.0212042,1.277763,-0.5112197,0.1301932,0.8495318,-0.02751989,0.9854731,-0.1675872,-0.8590095,-0.1090529,-0.5002103,moving,63.87203,18.45861,-7.698339,0.950724,62.1969228321271,24.850689424510115,73.68068804636096,73.8685046137688,108.36851955374043
2501,2501,05/15/2023 13:24:05.404265,2730,True,True,True,True,Eyes,2.118387,0.1078306,-2.095245,-0.8850688,-0.1449657,-0.44231,0.0,0.0,0.0,0.0,0.0,0.0,0.0,2.68293,-0.3884433,0.716399,1.994084,0.1141822,-1.967947,0.0295496,0.8678353,-0.07974893,-0.489519,6.285784,239.2632,7.478146,0.7090036,0.03469095,-0.7043474,0.0,0.0,0.0,1.066291,-0.09014492,-2.576952,-0.1651517,0.02092316,1.276642,-0.5189961,0.1293656,0.8449307,-0.02678886,0.9855338,-0.1673481,-0.8543569,-0.1094877,-0.5080227,moving,63.44657,18.14639,-7.37108,0.9389487,61.77636180879814,24.536100333654097,72.87822437199911,73.06294733941952,109.1121205411866
2502,2502,05/15/2023 13:24:05.414328,2731,True,True,True,True,Eyes,2.112392,0.1080423,-2.089868,-0.8818706,-0.1444177,-0.4488293,0.0,0.0,0.0,0.0,0.0,0.0,0.0,2.680722,-0.3915548,0.6895826,1.986434,0.1141685,-1.963709,0.03007868,0.8698742,-0.07919883,-0.4859442,6.231904,238.7861,7.473659,0.7091546,0.03483853,-0.7041879,0.0,0.0,0.0,1.068451,-0.08832631,-2.576811,-0.1579508,0.02365695,1.275308,-0.5259072,0.1293018,0.8406563,-0.0246431,0.9856456,-0.1670192,-0.850185,-0.1085529,-0.5151716,moving,63.02612,17.83638,-7.0603,1.062714,61.36071310601097,24.223800676984865,72.06567934527473,72.23483211381979,109.85450952288932
2503,2503,05/15/2023 13:24:05.433842,2732,True,True,True,True,Eyes,2.106327,0.1082572,-2.084533,-0.8786346,-0.1438765,-0.455303,0.0,0.0,0.0,0.0,0.0,0.0,0.0,2.677521,-0.3938309,0.6655748,1.978705,0.1139721,-1.959323,0.0304444,0.8716478,-0.07898159,-0.4827684,6.216927,238.3669,7.475274,0.7092808,0.03498824,-0.7040533,0.0,0.0,0.0,1.070561,-0.08654934,-2.576673,-0.1524717,0.02674286,1.273528,-0.5320157,0.1293332,0.836799,-0.02318605,0.9856701,-0.1670834,-0.8464171,-0.1082931,-0.5213933,moving,62.60709,17.53662,-6.827175,1.202979,60.94671914676218,23.92143534350504,71.32955197116485,71.4802699102925,110.52099429313753
2504,2504,05/15/2023 13:24:05.453895,2733,True,True,True,True,Eyes,2.100196,0.1084616,-2.079256,-0.875394,-0.1431627,-0.4617248,0.0,0.0,0.0,0.0,0.0,0.0,0.0,2.673647,-0.3965879,0.6432579,1.970944,0.1142593,-1.954936,0.03084505,0.8732671,-0.07874312,-0.4798466,6.195758,237.9817,7.481246,0.7093828,0.03514009,-0.703943,0.0,0.0,0.0,1.072746,-0.08470961,-2.57653,-0.148576,0.02451147,1.271318,-0.5375917,0.1294412,0.8332108,-0.02169729,0.9856962,-0.1671293,-0.8429262,-0.1079258,-0.5270936,moving,62.19068,17.2266,-6.665787,1.104547,60.53498280677459,23.60925271972614,70.71869371429945,70.86893001982308,111.07965610844018
2505,2505,05/15/2023 13:24:05.464200,2734,True,True,True,True,Eyes,2.093995,0.1086553,-2.07401,-0.8721097,-0.1424809,-0.4681067,0.0,0.0,0.0,0.0,0.0,0.0,0.0,2.669206,-0.4006368,0.6204,1.962873,0.1142519,-1.950422,0.03173268,0.8749129,-0.07787354,-0.4769239,6.084609,237.5897,7.500887,0.7094608,0.03529361,-0.7038568,0.0,0.0,0.0,1.074858,-0.08293076,-2.576392,-0.1445511,0.0236773,1.268856,-0.5430735,0.1298061,0.8295912,-0.01875282,0.9858575,-0.1665332,-0.8394758,-0.105997,-0.5329588,moving,61.77523,16.92904,-6.499253,1.069036,60.12451597736615,23.309122331627005,70.09240155535623,70.23779632639166,111.65163202099788
2506,2506,05/15/2023 13:24:05.483975,2735,True,True,True,True,Eyes,2.087696,0.1088438,-2.068781,-0.86878,-0.1417705,-0.4744707,0.0,0.0,0.0,0.0,0.0,0.0,0.0,2.665346,-0.3999255,0.5978537,1.954977,0.114195,-1.945884,0.03155651,0.8765538,-0.07763685,-0.4739515,6.095921,237.1973,7.44921,0.7095154,0.0354484,-0.7037942,0.0,0.0,0.0,1.076942,-0.0811753,-2.576256,-0.1398188,0.02201192,1.266162,-0.5487482,0.1289142,0.8259881,-0.01827024,0.9859535,-0.1660183,-0.8357878,-0.1061933,-0.5386849,moving,61.35952,16.636,-6.301486,0.9959729,59.71392060189572,23.01334494981649,69.4451019195794,69.5902190023401,112.24945882604288
2507,2507,05/15/2023 13:24:05.504118,2736,True,True,True,True,Eyes,2.081326,0.1090104,-2.063581,-0.8654217,-0.1410709,-0.4807748,0.0,0.0,0.0,0.0,0.0,0.0,0.0,2.661088,-0.3975905,0.5762987,1.946609,0.1142225,-1.941457,0.03109941,0.8780745,-0.07729628,-0.471215,6.109835,236.8337,7.364991,0.7095469,0.03560432,-0.7037547,0.0,0.0,0.0,1.079051,-0.07939918,-2.576118,-0.1348554,0.02427593,1.263137,-0.5539789,0.1274615,0.8227158,-0.01823113,0.9861162,-0.1650528,-0.8323314,-0.1064348,-0.5439637,moving,60.94616,16.35295,-6.093948,1.101019,59.30587356088959,22.72728018988788,68.75316341725976,68.88273973390903,112.88051151425128
2508,2508,05/15/2023 13:24:05.513965,2737,True,True,True,True,Eyes,2.074864,0.109153,-2.058379,-0.8619699,-0.1404357,-0.4871197,0.0,0.0,0.0,0.0,0.0,0.0,0.0,2.65658,-0.3956989,0.5554156,1.938541,0.1138659,-1.936898,0.0308628,0.8795571,-0.07677986,-0.4685422,6.093051,236.4774,7.293818,0.7095559,0.03576064,-0.7037378,0.0,0.0,0.0,1.081338,-0.0774734,-2.575968,-0.1308863,0.02729291,1.259535,-0.5590317,0.1262404,0.8194799,-0.01765802,0.9863046,-0.1639856,-0.8289584,-0.1061435,-0.5491464,moving,60.52818,16.08217,-5.932673,1.24135,58.89368676364108,22.452909371636927,68.09768659624208,68.20840982739226,113.4751936358558
2509,2509,05/15/2023 13:24:05.533871,2738,True,True,True,True,Eyes,2.068335,0.1092863,-2.053203,-0.8584794,-0.1398634,-0.493408,0.0,0.0,0.0,0.0,0.0,0.0,0.0,2.65187,-0.3928466,0.5346301,1.930307,0.1133929,-1.93226,0.03017361,0.8810106,-0.07723138,-0.4657739,6.198606,236.1211,7.229671,0.709543,0.03591668,-0.703743,0.0,0.0,0.0,1.083375,-0.07575805,-2.575835,-0.1256367,0.02920965,1.256311,-0.5642886,0.1251113,0.8160427,-0.01877818,0.9862497,-0.1641915,-0.8253641,-0.1079751,-0.5541801,moving,60.11202,15.82612,-5.710846,1.331906,58.48366426602416,22.19280798402411,67.39979174991383,67.49898058401877,114.12067277994734
2510,2510,05/15/2023 13:24:05.553906,2739,True,True,True,True,Eyes,2.061718,0.1094068,-2.048013,-0.8548633,-0.1392162,-0.4998275,0.0,0.0,0.0,0.0,0.0,0.0,0.0,2.646664,-0.3938025,0.5131986,1.922158,0.1133095,-1.927628,0.03017103,0.8825152,-0.07755306,-0.4628631,6.254987,235.7478,7.226641,0.7095087,0.03607227,-0.7037698,0.0,0.0,0.0,1.085505,-0.0739639,-2.575696,-0.1200181,0.02842008,1.252833,-0.5696951,0.1250457,0.8122877,-0.01854012,0.9861505,-0.1648136,-0.8216472,-0.1089534,-0.5594867,moving,59.68573,15.56403,-5.472086,1.299512,58.06366641891167,21.92656120850836,66.70095546288809,66.80020205424131,114.77563994708099
2511,2511,05/15/2023 13:24:05.564017,2740,True,True,True,True,Eyes,2.055032,0.1095059,-2.042839,-0.8511995,-0.1385793,-0.5062164,0.0,0.0,0.0,0.0,0.0,0.0,0.0,2.641393,-0.3951961,0.4902267,1.91396,0.113044,-1.922871,0.03040669,0.8841569,-0.07744662,-0.4597219,6.25725,235.3401,7.222647,0.7094536,0.03622719,-0.7038174,0.0,0.0,0.0,1.087592,-0.0722072,-2.575559,-0.1155656,0.0271661,1.249039,-0.5754626,0.1249764,0.8082228,-0.01743926,0.9861549,-0.1649072,-0.8176423,-0.1089927,-0.5653157,moving,59.25965,15.30992,-5.286162,1.245963,57.64408956033896,21.66802058634362,66.06025078091358,66.16099302086901,115.37513822694434
2512,2512,05/15/2023 13:24:05.584056,2741,True,True,True,True,Eyes,2.048262,0.1095852,-2.037674,-0.8474149,-0.1378729,-0.5127173,0.0,0.0,0.0,0.0,0.0,0.0,0.0,2.636068,-0.3951849,0.4666715,1.905645,0.1126292,-1.917977,0.03048976,0.885853,-0.07705276,-0.4565063,6.239072,234.919,7.187109,0.7093784,0.03638091,-0.7038854,0.0,0.0,0.0,1.089697,-0.07043442,-2.575421,-0.1121694,0.02604371,1.244881,-0.5813451,0.124369,0.8040961,-0.01633126,0.9862665,-0.1643523,-0.8134934,-0.1086773,-0.5713301,moving,58.82451,15.05115,-5.148706,1.198489,57.21561125121848,21.40469963236578,65.45585216131234,65.55607534264203,115.93674196365576
2513,2513,05/15/2023 13:24:05.603817,2742,True,True,True,True,Eyes,2.041424,0.1096393,-2.032519,-0.8435893,-0.1371002,-0.5191923,0.0,0.0,0.0,0.0,0.0,0.0,0.0,2.629782,-0.3972085,0.4449308,1.896999,0.1121928,-1.913191,0.03093233,0.8873481,-0.07688303,-0.4535917,6.222096,234.5421,7.202763,0.7092833,0.03653301,-0.7039734,0.0,0.0,0.0,1.091766,-0.06869204,-2.575286,-0.1098657,0.02707594,1.240487,-0.5865954,0.1246425,0.8002312,-0.01485151,0.9862644,-0.1645053,-0.8097438,-0.1083827,-0.576687,moving,58.38952,14.79213,-5.061285,1.250389,56.78727139589408,21.14114216735836,64.87976113133514,64.96834606037672,116.4630702932995
2514,2514,05/15/2023 13:24:05.613589,2743,True,True,True,True,Eyes,2.034509,0.1096637,-2.027372,-0.8396371,-0.1361801,-0.5257989,0.0,0.0,0.0,0.0,0.0,0.0,0.0,2.623053,-0.4032618,0.4208553,1.888537,0.111612,-1.90817,0.03243037,0.8890545,-0.07596244,-0.4502891,6.076913,234.1098,7.283981,0.7091687,0.03668293,-0.7040809,0.0,0.0,0.0,1.094118,-0.0667114,-2.575132,-0.1073653,0.02582199,1.235652,-0.5923761,0.1260748,0.795736,-0.01074537,0.986356,-0.1642756,-0.80559,-0.1058634,-0.582939,moving,57.94431,14.52035,-4.965938,1.197162,56.34868577874151,20.864952645242937,64.30557240165776,64.39180909085968,116.99290403404515
2515,2515,05/15/2023 13:24:05.633940,2744,True,True,True,True,Eyes,2.02752,0.1096576,-2.022232,-0.8356558,-0.1352646,-0.5323373,0.0,0.0,0.0,0.0,0.0,0.0,0.0,2.616372,-0.4055862,0.3973036,1.879776,0.1108833,-1.903128,0.03313394,0.8907034,-0.07538583,-0.4470644,6.007971,233.69,7.303658,0.7090351,0.03682998,-0.7042077,0.0,0.0,0.0,1.096076,-0.06506192,-2.575004,-0.1054897,0.02129067,1.231074,-0.5980712,0.1264297,0.7914079,-0.00837962,0.9864382,-0.1639189,-0.8013992,-0.1046668,-0.5889009,moving,57.50167,14.25689,-4.897662,0.9907963,55.91281602064003,20.59687133031416,63.79393290982618,63.89297625868631,117.47171643948944
2516,2516,05/15/2023 13:24:05.654093,2745,True,True,True,True,Eyes,2.020449,0.1096084,-2.01708,-0.8315011,-0.1343207,-0.5390398,0.0,0.0,0.0,0.0,0.0,0.0,0.0,2.609193,-0.4079079,0.3756218,1.870982,0.1101332,-1.898069,0.03380497,0.8921858,-0.07502271,-0.4441098,5.960462,233.3085,7.333662,0.7088827,0.03697352,-0.7043535,0.0,0.0,0.0,1.098107,-0.06335133,-2.574871,-0.1055326,0.01733073,1.226086,-0.6032474,0.1269573,0.7873845,-0.006316016,0.9864576,-0.1638946,-0.7975291,-0.1038421,-0.5942762,moving,57.04575,13.9923,-4.919484,0.8098221,55.464054111765,20.327283307316204,63.3519372099918,63.45945923874603,117.878191707776
2517,2517,05/15/2023 13:24:05.664207,2746,True,True,True,True,Eyes,2.013311,0.1095233,-2.011934,-0.8273155,-0.1334514,-0.5456554,0.0,0.0,0.0,0.0,0.0,0.0,0.0,2.601985,-0.4091635,0.3542862,1.862262,0.1089854,-1.892976,0.03426918,0.8936415,-0.07491139,-0.4411564,5.949489,232.9303,7.355977,0.708712,0.03711256,-0.7045177,0.0,0.0,0.0,1.100211,-0.06157964,-2.574734,-0.1071959,0.01264997,1.220587,-0.6084135,0.127344,0.7833371,-0.004846556,0.9864278,-0.164124,-0.7936057,-0.1036517,-0.5995388,moving,56.59318,13.7431,-5.019022,0.5937829,55.018956265677744,20.07264949727143,62.99974583667109,63.118817147854486,118.19909467887594
2518,2518,05/15/2023 13:24:05.683903,2747,True,True,True,True,Eyes,2.006085,0.1093944,-2.006761,-0.8229088,-0.1325098,-0.5525054,0.0,0.0,0.0,0.0,0.0,0.0,0.0,2.593932,-0.4144779,0.3333366,1.853522,0.1080317,-1.887902,0.03525374,0.895032,-0.07557724,-0.438136,5.992382,232.557,7.47209,0.7085233,0.03724641,-0.7047001,0.0,0.0,0.0,1.102348,-0.05977983,-2.574594,-0.1084563,0.01069643,1.214885,-0.6135882,0.1293326,0.7789625,-0.003119746,0.9860905,-0.1661799,-0.78962,-0.1043962,-0.60465,moving,56.12238,13.48676,-5.101438,0.5044465,54.556008433403,19.81055496522489,62.58511288085535,62.70356241096176,118.57365232407167
2519,2519,05/15/2023 13:24:05.703679,2748,True,True,True,True,Eyes,1.998796,0.1092166,-2.001586,-0.8184382,-0.1316463,-0.5593103,0.0,0.0,0.0,0.0,0.0,0.0,0.0,2.585194,-0.4242755,0.3093078,1.84472,0.1067291,-1.88269,0.03741676,0.8966552,-0.07561833,-0.4346162,5.916748,232.1169,7.674272,0.7083173,0.03737419,-0.7049001,0.0,0.0,0.0,1.10446,-0.0580019,-2.574456,-0.1097183,0.01119565,1.209045,-0.6194172,0.1328297,0.773743,0.001369946,0.9857637,-0.168131,-0.7850605,-0.1030833,-0.610781,moving,55.65179,13.24477,-5.185266,0.5305386,54.093655295075614,19.562312733252988,62.1514204410477,62.259127335411044,118.96316925221618
2520,2520,05/15/2023 13:24:05.713724,2749,True,True,True,True,Eyes,1.991435,0.1090096,-1.9964,-0.8136935,-0.1308705,-0.5663707,0.0,0.0,0.0,0.0,0.0,0.0,0.0,2.576956,-0.4296386,0.2843721,1.835907,0.1053698,-1.877365,0.03848471,0.898375,-0.07626351,-0.4308426,5.961763,231.6493,7.793079,0.7080943,0.03749492,-0.7051175,0.0,0.0,0.0,1.106634,-0.05617042,-2.574314,-0.1110604,0.01220335,1.20307,-0.6257875,0.1348626,0.7682465,0.003432275,0.9854056,-0.1701882,-0.7799864,-0.1038648,-0.6171174,moving,55.16019,13.0109,-5.274263,0.5811602,53.61117594191218,19.32124634348224,61.69944522363968,61.79551559819533,119.37162191237513
2521,2521,05/15/2023 13:24:05.734646,2750,True,True,True,True,Eyes,1.984017,0.1087779,-1.991214,-0.8088501,-0.1301715,-0.5734257,0.0,0.0,0.0,0.0,0.0,0.0,0.0,2.568436,-0.4350042,0.2590952,1.826985,0.1044409,-1.872014,0.03910555,0.9001093,-0.07790705,-0.4268545,6.134624,231.1678,7.914601,0.7078547,0.03760837,-0.7053515,0.0,0.0,0.0,1.108778,-0.05436475,-2.574173,-0.1121471,0.01450411,1.197043,-0.6325324,0.1369085,0.7623381,0.003888591,0.9848025,-0.1736345,-0.7745245,-0.106865,-0.6234519,moving,54.66568,12.78978,-5.352233,0.6941971,53.12622601253324,19.0923906474525,61.22461111813077,61.30435297994794,119.80248515433746
2522,2522,05/15/2023 13:24:05.753929,2751,True,True,True,True,Eyes,1.976501,0.1085682,-1.985976,-0.8036548,-0.1295212,-0.5808297,0.0,0.0,0.0,0.0,0.0,0.0,0.0,2.560295,-0.4394405,0.2300298,1.818201,0.103613,-1.866692,0.03988114,0.9021775,-0.07842582,-0.4222971,6.189931,230.6001,7.990455,0.707599,0.03771447,-0.7056019,0.0,0.0,0.0,1.110843,-0.05262646,-2.574038,-0.1126806,0.01603982,1.190975,-0.6401497,0.1381977,0.7557184,0.005721755,0.9845178,-0.1751914,-0.7682292,-0.1078246,-0.6310294,moving,54.14303,12.57091,-5.404787,0.7716019,52.61408457699823,18.86482350201493,60.7055696053024,60.77461745669678,120.28100172330102
2523,2523,05/15/2023 13:24:05.764206,2752,True,True,True,True,Eyes,1.968924,0.1084088,-1.980753,-0.7983325,-0.1288371,-0.588274,0.0,0.0,0.0,0.0,0.0,0.0,0.0,2.551648,-0.4454376,0.2019024,1.809489,0.1037749,-1.861468,0.04033795,0.9041511,-0.0801386,-0.417686,6.385509,230.0427,8.091944,0.7073277,0.03781492,-0.7058681,0.0,0.0,0.0,1.112987,-0.05082086,-2.573898,-0.1112753,0.01688482,1.184947,-0.6478227,0.1398887,0.7488373,0.005997655,0.9839013,-0.178612,-0.7617677,-0.1112176,-0.6382326,moving,53.6143,12.35323,-5.364764,0.8163769,52.09608726920254,18.63821388848895,60.09682994773581,60.16117769978982,120.85267919517433
2524,2524,05/15/2023 13:24:05.784035,2753,True,True,True,True,Eyes,1.961262,0.1082698,-1.975508,-0.7926811,-0.1278018,-0.5960901,0.0,0.0,0.0,0.0,0.0,0.0,0.0,2.540922,-0.46309,0.167738,1.800441,0.104749,-1.856425,0.04373634,0.906521,-0.07992507,-0.4122119,6.249042,229.3636,8.398424,0.7070404,0.03791216,-0.7061501,0.0,0.0,0.0,1.115146,-0.04900235,-2.573757,-0.1077883,0.01571134,1.178994,-0.6563371,0.145188,0.7403664,0.01340368,0.9833983,-0.1809648,-0.7543489,-0.1088502,-0.6473868,moving,53.05711,12.10102,-5.223683,0.7634811,51.54958557886766,18.377395306843045,59.3733157320514,59.44286331271626,121.54011029132165
2525,2525,05/15/2023 13:24:05.804093,2754,True,True,True,True,Eyes,1.953536,0.1081768,-1.970271,-0.7868687,-0.1268924,-0.6039338,0.0,0.0,0.0,0.0,0.0,0.0,0.0,2.530593,-0.4754679,0.1294568,1.791361,0.1049166,-1.851147,0.04659494,0.9092379,-0.07872385,-0.4061011,6.045193,228.5897,8.598115,0.7067375,0.03800737,-0.7064475,0.0,0.0,0.0,1.11731,-0.04718035,-2.573615,-0.1031566,0.01293844,1.17287,-0.665822,0.1486714,0.7311487,0.02079209,0.983263,-0.1810019,-0.7458212,-0.1053129,-0.6577693,moving,52.49321,11.8658,-5.026361,0.6320289,50.99704873242612,18.13275926185894,58.60630223065806,58.69325345596195,122.27833952385794
2526,2526,05/15/2023 13:24:05.816684,2755,True,True,True,True,Eyes,1.945711,0.1081698,-1.965039,-0.7807423,-0.1257803,-0.6120627,0.0,0.0,0.0,0.0,0.0,0.0,0.0,2.519381,-0.4884743,0.09370494,1.78212,0.1059009,-1.845942,0.0485503,0.9117048,-0.07987212,-0.4000723,6.130439,227.8586,8.818973,0.7064193,0.03810257,-0.7067611,0.0,0.0,0.0,1.119586,-0.04526312,-2.573467,-0.09797096,0.01108926,1.166595,-0.6751703,0.1524363,0.7217401,0.02461784,0.9825266,-0.1844868,-0.7372513,-0.1067923,-0.6671254,moving,51.90534,11.61274,-4.800449,0.5446177,50.420811076826624,17.87015852411806,57.77585860340181,57.87540003594539,123.07563770306838
2527,2527,05/15/2023 13:24:05.833885,2756,True,True,True,True,Eyes,1.937814,0.108189,-1.959814,-0.7744353,-0.124665,-0.6202488,0.0,0.0,0.0,0.0,0.0,0.0,0.0,2.506169,-0.5084562,0.05591369,1.772377,0.1077621,-1.841088,0.05248025,0.9142106,-0.0794206,-0.3938999,5.962088,227.0975,9.17124,0.7060848,0.03820093,-0.7070905,0.0,0.0,0.0,1.121517,-0.04363706,-2.57334,-0.0936588,0.01107674,1.160613,-0.6841773,0.1585235,0.7118789,0.03338847,0.9818764,-0.1865582,-0.728551,-0.1038704,-0.6770704,moving,51.3086,11.36457,-4.613641,0.5468071,49.83611640252927,17.611997808150534,56.958941638891936,57.06134256306837,123.85597148339856
2528,2528,05/15/2023 13:24:05.853859,2757,True,True,True,True,Eyes,1.929829,0.1082089,-1.954567,-0.76785,-0.123616,-0.62859,0.0,0.0,0.0,0.0,0.0,0.0,0.0,2.495029,-0.5138872,0.01631904,1.7628,0.1083868,-1.83584,0.05375856,0.9169813,-0.07855999,-0.3874061,5.878733,226.2808,9.224513,0.705734,0.03830318,-0.7074357,0.0,0.0,0.0,1.123641,-0.04184812,-2.573201,-0.09120986,0.01123294,1.15418,-0.6940527,0.1594604,0.7020419,0.03772193,0.9818767,-0.1857289,-0.718935,-0.1024233,-0.6874894,moving,50.69499,11.12559,-4.518446,0.5576077,49.23533417444696,17.36217514980874,56.215707456361415,56.31928950384529,124.56339456938788
2529,2529,05/15/2023 13:24:05.863671,2758,True,True,True,True,Eyes,1.921786,0.108257,-1.949341,-0.7612537,-0.1226831,-0.6367429,0.0,0.0,0.0,0.0,0.0,0.0,0.0,2.486088,-0.5044066,-0.01237702,1.753093,0.1084424,-1.830331,0.05101146,0.9190419,-0.08013252,-0.3825426,6.215147,225.6863,8.974122,0.7053658,0.03840943,-0.7077975,0.0,0.0,0.0,1.125821,-0.04001222,-2.573059,-0.09016865,0.006446302,1.14745,-0.7021182,0.1550715,0.6949699,0.03245511,0.9819532,-0.1863184,-0.7113205,-0.1082622,-0.6944801,moving,50.08955,10.9057,-4.493171,0.3218808,48.64298495085838,17.131027819530466,55.59937644094698,55.73148565001773,125.15758829284013
2530,2530,05/15/2023 13:24:05.883775,2759,True,True,True,True,Eyes,1.9137,0.1083149,-1.944135,-0.7545086,-0.1215221,-0.6449412,0.0,0.0,0.0,0.0,0.0,0.0,0.0,2.47629,-0.5016301,-0.03322196,1.743674,0.1092075,-1.825492,0.05004712,0.9204168,-0.08069842,-0.3792312,6.349527,225.2787,8.875127,0.7049811,0.03852017,-0.7081751,0.0,0.0,0.0,1.12791,-0.03825302,-2.572922,-0.09113717,0.008122519,1.141071,-0.7073582,0.1533351,0.690024,0.03092169,0.9819661,-0.1865112,-0.7061788,-0.1105935,-0.6993431,moving,49.47674,10.67076,-4.566512,0.4078434,48.04308767003232,16.88512827375015,55.00909510139264,55.12958275056851,125.70910767728978
2531,2531,05/15/2023 13:24:05.903743,2760,True,True,True,True,Eyes,1.905601,0.1083409,-1.938969,-0.7476651,-0.1205257,-0.6530471,0.0,0.0,0.0,0.0,0.0,0.0,0.0,2.467262,-0.497576,-0.05684686,1.734966,0.1094273,-1.821019,0.04975991,0.9220307,-0.07922958,-0.3756407,6.241565,224.8107,8.753639,0.7045798,0.03863548,-0.7085683,0.0,0.0,0.0,1.129978,-0.03651211,-2.572787,-0.09302872,0.004781835,1.134293,-0.7128361,0.1512841,0.6848198,0.03223662,0.9824932,-0.1834879,-0.7005896,-0.1087205,-0.7052334,moving,48.86446,10.45679,-4.688604,0.2415402,47.444275517607046,16.65947842349371,54.51863894361722,54.65698328949182,126.17465238457866
2532,2532,05/15/2023 13:24:05.914505,2761,True,True,True,True,Eyes,1.897471,0.1083398,-1.933829,-0.7405625,-0.1195363,-0.6612701,0.0,0.0,0.0,0.0,0.0,0.0,0.0,2.458675,-0.4905903,-0.08565497,1.726547,0.1087601,-1.816674,0.04792673,0.9240454,-0.08003056,-0.3707267,6.451857,224.2047,8.560556,0.7041624,0.03875376,-0.708977,0.0,0.0,0.0,1.132183,-0.03465496,-2.572643,-0.09355265,-0.008508094,1.127331,-0.7205295,0.1479119,0.6774655,0.029234,0.9825963,-0.1834392,-0.6928079,-0.1123683,-0.7123136,moving,48.23739,10.24657,-4.743875,-0.4324094,46.83124189262755,16.436983024408022,54.04678567709507,54.263883783386454,126.64413735902555
2533,2533,05/15/2023 13:24:05.934668,2762,True,True,True,True,Eyes,1.889318,0.1083372,-1.928746,-0.733339,-0.118705,-0.66942,0.0,0.0,0.0,0.0,0.0,0.0,0.0,2.448022,-0.4911737,-0.1156893,1.717987,0.1081007,-1.812258,0.04722519,0.9260565,-0.08195589,-0.3653388,6.735448,223.5625,8.532695,0.7037287,0.03887393,-0.7094014,0.0,0.0,0.0,1.134235,-0.03292651,-2.572508,-0.09427834,-0.01075777,1.120827,-0.7285946,0.1473497,0.6689079,0.02758305,0.982106,-0.1862979,-0.6843895,-0.1172852,-0.7196216,moving,47.60897,10.05546,-4.808115,-0.549912,46.2174219437928,16.232883733813097,53.47919890158798,53.71468749834871,127.18809364727964
2534,2534,05/15/2023 13:24:05.953683,2763,True,True,True,True,Eyes,1.881132,0.1083418,-1.92371,-0.7258538,-0.1176838,-0.677707,0.0,0.0,0.0,0.0,0.0,0.0,0.0,2.435894,-0.4983352,-0.1469913,1.709314,0.1080639,-1.80834,0.04809592,0.9280695,-0.08327551,-0.3597764,6.889988,222.9,8.643103,0.7032784,0.03899579,-0.7098415,0.0,0.0,0.0,1.136407,-0.03109793,-2.572366,-0.09589499,-0.01144249,1.114098,-0.7364953,0.1491939,0.6597846,0.02935158,0.9815039,-0.1891785,-0.6758054,-0.1199633,-0.727252,moving,46.96467,9.85118,-4.919558,-0.5884431,45.58786348913297,16.01557931476041,52.924085685310025,53.16665483017337,127.71448624398523
2535,2535,05/15/2023 13:24:05.964498,2764,True,True,True,True,Eyes,1.872933,0.1083663,-1.918761,-0.7181648,-0.1166666,-0.6860235,0.0,0.0,0.0,0.0,0.0,0.0,0.0,2.423003,-0.5064008,-0.1830108,1.700757,0.1081094,-1.80461,0.05002829,0.9304121,-0.08264678,-0.3535531,6.800684,222.1358,8.778075,0.7028108,0.03911958,-0.7102978,0.0,0.0,0.0,1.138485,-0.02934755,-2.572231,-0.0957033,-0.01368344,1.107697,-0.7449946,0.1515339,0.6496308,0.03465382,0.9813334,-0.1891664,-0.6661696,-0.1184158,-0.7363393,moving,46.31125,9.651503,-4.938002,-0.7077414,44.94959807095472,15.80243016397812,52.2857511670095,52.54862896319477,128.3290196114693
2536,2536,05/15/2023 13:24:05.984443,2765,True,True,True,True,Eyes,1.864712,0.1083914,-1.913896,-0.7101014,-0.1153728,-0.6945827,0.0,0.0,0.0,0.0,0.0,0.0,0.0,2.410245,-0.5112392,-0.2240205,1.692262,0.1085926,-1.801468,0.0511773,0.9331006,-0.08183434,-0.3464209,6.734086,221.2554,8.816054,0.7023253,0.03924589,-0.7107711,0.0,0.0,0.0,1.140624,-0.02754662,-2.572091,-0.09429795,-0.01381692,1.10175,-0.754747,0.1522054,0.638115,0.03880887,0.981368,-0.1881771,-0.6548672,-0.1172615,-0.7465914,moving,45.63297,9.430939,-4.891979,-0.7185021,44.28668681210011,15.568348489956552,51.53427622558572,51.80543092377277,129.0505702765476
2537,2537,05/15/2023 13:24:06.003896,2766,True,True,True,True,Eyes,1.856479,0.1084211,-1.90912,-0.7017881,-0.1142171,-0.7031699,0.0,0.0,0.0,0.0,0.0,0.0,0.0,2.396825,-0.5121006,-0.270591,1.683538,0.1085909,-1.798373,0.05171061,0.9361669,-0.080598,-0.3382622,6.656861,220.243,8.764488,0.7018219,0.03937434,-0.7112613,0.0,0.0,0.0,1.14271,-0.02578931,-2.571954,-0.09568095,-0.01266533,1.095346,-0.7658094,0.151346,0.6250042,0.042293,0.98166,-0.1858899,-0.6416754,-0.1159229,-0.7581652,moving,44.94365,9.226076,-4.992243,-0.6624734,43.61351175402714,15.349069875434754,50.905567661540616,51.17508097961108,129.6483666669709
2538,2538,05/15/2023 13:24:06.013700,2767,True,True,True,True,Eyes,1.848237,0.108475,-1.904443,-0.6931857,-0.1129607,-0.7118522,0.0,0.0,0.0,0.0,0.0,0.0,0.0,2.384495,-0.5064909,-0.3144395,1.675032,0.1088124,-1.795452,0.04997869,0.9390647,-0.08083644,-0.3303411,6.822925,219.2708,8.529814,0.7012994,0.03950504,-0.7117695,0.0,0.0,0.0,1.144922,-0.02392698,-2.57181,-0.09805459,-0.01577511,1.088715,-0.7767541,0.1472736,0.6123431,0.04045926,0.9819351,-0.1848413,-0.6285035,-0.1188013,-0.7686808,moving,44.23885,9.016829,-5.146431,-0.8301384,42.92522516780549,15.12507591930611,50.3574100448546,50.65030099309087,130.17357779455722
2539,2539,05/15/2023 13:24:06.033975,2768,True,True,True,True,Eyes,1.83999,0.1085556,-1.899862,-0.6844004,-0.1117162,-0.7204968,0.0,0.0,0.0,0.0,0.0,0.0,0.0,2.371516,-0.5024217,-0.3553455,1.666429,0.109204,-1.792728,0.04855939,0.9416911,-0.08110029,-0.3229285,6.971776,218.3646,8.331863,0.7007573,0.03963863,-0.712296,0.0,0.0,0.0,1.147044,-0.02214005,-2.571671,-0.09996933,-0.02070509,1.082107,-0.7867187,0.1438351,0.6003215,0.0390767,0.9821295,-0.1841053,-0.6160741,-0.1213804,-0.7782801,moving,43.52821,8.813777,-5.278229,-1.096166,42.23145162593504,14.906876136003923,49.80236398128074,50.13249555712406,130.71034417242626
2540,2540,05/15/2023 13:24:06.053925,2769,True,True,True,True,Eyes,1.831751,0.1086624,-1.895405,-0.6754126,-0.1104264,-0.7291254,0.0,0.0,0.0,0.0,0.0,0.0,0.0,2.357981,-0.5004222,-0.3947935,1.658095,0.1099488,-1.79025,0.04821392,0.9441758,-0.08011042,-0.3158951,6.939175,217.4959,8.204294,0.7001951,0.03977578,-0.712841,0.0,0.0,0.0,1.149147,-0.02036874,-2.571533,-0.1020188,-0.02327782,1.075545,-0.7957714,0.1416578,0.5887961,0.04043186,0.9825155,-0.1817377,-0.6042459,-0.1208156,-0.7875851,moving,42.80994,8.612029,-5.418475,-1.239848,41.53032418559919,14.689695275407823,49.22437905992674,49.57761686419397,131.2660417992165
2541,2541,05/15/2023 13:24:06.063866,2770,True,True,True,True,Eyes,1.823505,0.1088072,-1.891059,-0.6662684,-0.1091713,-0.7376775,0.0,0.0,0.0,0.0,0.0,0.0,0.0,2.345218,-0.4987158,-0.4305975,1.650101,0.1110091,-1.788582,0.04680958,0.9463503,-0.0810602,-0.3092881,7.150002,216.7,8.037764,0.6996121,0.03991714,-0.7134054,0.0,0.0,0.0,1.151282,-0.01857062,-2.571393,-0.1040958,-0.02238611,1.068915,-0.8042994,0.1387384,0.5778009,0.0384546,0.9824762,-0.182378,-0.5929785,-0.1244674,-0.7955401,moving,42.08827,8.418283,-5.562185,-1.199761,40.82612214211177,14.480128596994833,48.611445484504586,48.96666189648672,131.85170497230374
2542,2542,05/15/2023 13:24:06.084101,2771,True,True,True,True,Eyes,1.815286,0.1089524,-1.886844,-0.6570331,-0.1077743,-0.7461181,0.0,0.0,0.0,0.0,0.0,0.0,0.0,2.330096,-0.5022597,-0.4673891,1.641711,0.1120589,-1.786698,0.04748147,0.948518,-0.08053157,-0.3026119,7.124995,215.8906,8.041709,0.699007,0.04006382,-0.7139902,0.0,0.0,0.0,1.15337,-0.01681245,-2.571257,-0.104457,-0.01773018,1.063118,-0.8123433,0.1388137,0.5664182,0.04133443,0.9825204,-0.1815082,-0.5817132,-0.1240344,-0.8038816,moving,41.36721,8.219338,-5.611598,-0.9554632,40.12236909478135,14.265564748456557,47.866328229355396,48.200367613061196,132.5639615520473
2543,2543,05/15/2023 13:24:06.104139,2772,True,True,True,True,Eyes,1.807069,0.1091186,-1.882727,-0.6477167,-0.1065922,-0.754388,0.0,0.0,0.0,0.0,0.0,0.0,0.0,2.316862,-0.5007256,-0.4998264,1.63374,0.1122563,-1.785131,0.04685321,0.9504089,-0.08057321,-0.2967079,7.201059,215.1754,7.929877,0.6983801,0.04021514,-0.7145951,0.0,0.0,0.0,1.155547,-0.01497878,-2.571115,-0.1026525,-0.01223872,1.057448,-0.8195382,0.1368728,0.5564375,0.04124599,0.9826255,-0.1809584,-0.5715379,-0.1253515,-0.8109446,moving,40.64936,8.04244,-5.544655,-0.6631015,39.42232605555542,14.072373783946002,47.00716407770679,47.319801532703664,133.39321737647245
2544,2544,05/15/2023 13:24:06.114054,2773,True,True,True,True,Eyes,1.798837,0.1093033,-1.87874,-0.638418,-0.1051172,-0.7624781,0.0,0.0,0.0,0.0,0.0,0.0,0.0,2.301579,-0.5087234,-0.5281091,1.625559,0.1129456,-1.783189,0.04745274,0.9519305,-0.08237769,-0.2911885,7.42338,214.538,8.018184,0.6977308,0.04037143,-0.7152204,0.0,0.0,0.0,1.157692,-0.01317261,-2.570974,-0.1001444,-0.003905155,1.052076,-0.8259152,0.1383183,0.5465642,0.04236855,0.9819243,-0.184471,-0.5622005,-0.1292003,-0.8168464,moving,39.93922,7.849466,-5.437457,-0.2126727,38.72931157070337,13.863913519967037,46.087318168671594,46.35573023463483,134.27940735635644
2545,2545,05/15/2023 13:24:06.134451,2774,True,True,True,True,Eyes,1.790605,0.1094865,-1.874861,-0.6290494,-0.1037279,-0.7704138,0.0,0.0,0.0,0.0,0.0,0.0,0.0,2.28627,-0.5164151,-0.5575683,1.617157,0.1134598,-1.782282,0.04983782,0.953471,-0.08105984,-0.2860745,7.242076,213.9217,8.195625,0.6970577,0.04053296,-0.7158673,0.0,0.0,0.0,1.159714,-0.01146992,-2.570842,-0.09755033,-0.002808087,1.046469,-0.8313552,0.1414161,0.5374477,0.04865952,0.981891,-0.1830911,-0.5536071,-0.1260618,-0.8231814,moving,39.23193,7.668149,-5.325637,-0.1537466,38.0393751152959,13.666789974886694,45.23890833935749,45.514080315629144,135.10670946354614
2546,2546,05/15/2023 13:24:06.153788,2775,True,True,True,True,Eyes,1.782343,0.1096596,-1.8711,-0.6196529,-0.1022261,-0.7781903,0.0,0.0,0.0,0.0,0.0,0.0,0.0,2.270759,-0.5220714,-0.5863502,1.608892,0.1135935,-1.780808,0.05098164,0.954989,-0.08123703,-0.2807093,7.269632,213.2877,8.287506,0.6963609,0.04069905,-0.7165357,0.0,0.0,0.0,1.16183,-0.009687682,-2.570704,-0.0969882,0.002507955,1.041062,-0.8372063,0.1429818,0.5278653,0.05176583,0.9816028,-0.183783,-0.5444317,-0.1265389,-0.8292056,moving,38.5294,7.483745,-5.322468,0.1380272,37.35396441644298,13.466837170916351,44.462859749308315,44.70945156268442,135.85656355115123
2547,2547,05/15/2023 13:24:06.164500,2776,True,True,True,True,Eyes,1.774073,0.109808,-1.867451,-0.6101791,-0.1008236,-0.7858219,0.0,0.0,0.0,0.0,0.0,0.0,0.0,2.255459,-0.5254865,-0.615907,1.600421,0.1134265,-1.779988,0.05190526,0.9565195,-0.08097307,-0.2753539,7.256991,212.6489,8.340244,0.6956387,0.04086903,-0.7172272,0.0,0.0,0.0,1.164021,-0.007842963,-2.57056,-0.09712899,0.006300963,1.035423,-0.8429721,0.1438892,0.5183569,0.05470426,0.9814984,-0.1834892,-0.5351687,-0.12632,-0.8352471,moving,37.82881,7.311295,-5.359013,0.3486636,36.67075853455522,13.27847911404148,43.74547166840923,43.97364920579205,136.55179275013913
2548,2548,05/15/2023 13:24:06.184518,2777,True,True,True,True,Eyes,1.765811,0.1099346,-1.863946,-0.6006849,-0.09934887,-0.793289,0.0,0.0,0.0,0.0,0.0,0.0,0.0,2.239423,-0.5291526,-0.6453316,1.591941,0.1129804,-1.778883,0.05266099,0.9580292,-0.08123939,-0.269828,7.310166,211.9966,8.391078,0.6948903,0.04104159,-0.7179425,0.0,0.0,0.0,1.166077,-0.006111477,-2.570426,-0.09683478,0.004711799,1.030004,-0.8488396,0.1447429,0.5084498,0.05706022,0.9812539,-0.1840782,-0.5255624,-0.1272406,-0.8411862,moving,37.1333,7.138367,-5.370818,0.2621003,35.99245946653419,13.08981914749218,43.05674268552433,43.30670956796188,137.22500341991707
2549,2549,05/15/2023 13:24:06.203982,2778,True,True,True,True,Eyes,1.757538,0.1100221,-1.86056,-0.5911172,-0.09794897,-0.8006163,0.0,0.0,0.0,0.0,0.0,0.0,0.0,2.223706,-0.5304076,-0.6755564,1.583456,0.1126233,-1.778359,0.05265176,0.959571,-0.08168171,-0.2641583,7.408458,211.3254,8.361246,0.6941159,0.04121533,-0.7186812,0.0,0.0,0.0,1.168233,-0.004295202,-2.570285,-0.09564728,0.00616017,1.024544,-0.8548965,0.1442,0.4983558,0.05789238,0.9811118,-0.1845756,-0.5155585,-0.128942,-0.8470971,moving,36.43948,6.975016,-5.333444,0.3444923,35.31605827783177,12.910452620900802,42.29587478757282,42.54744873928287,137.9685816001167
2550,2550,05/15/2023 13:24:06.213723,2779,True,True,True,True,Eyes,1.749275,0.1100719,-1.85731,-0.5815362,-0.09648738,-0.8077784,0.0,0.0,0.0,0.0,0.0,0.0,0.0,2.207848,-0.5301877,-0.7050896,1.574915,0.1117867,-1.777635,0.05274897,0.9610724,-0.08159456,-0.2586503,7.443557,210.6685,8.326882,0.6933147,0.04138868,-0.7194442,0.0,0.0,0.0,1.170439,-0.002437379,-2.570141,-0.09574068,0.006462261,1.018821,-0.8606355,0.1436001,0.4885553,0.05918224,0.9811198,-0.1841236,-0.5057713,-0.1295495,-0.852885,moving,35.75089,6.811584,-5.368438,0.3634156,34.64472000002585,12.73117193685976,41.62184535657138,41.880952829931736,138.6268675057631
2551,2551,05/15/2023 13:24:06.234219,2780,True,True,True,True,Eyes,1.740993,0.1100886,-1.854195,-0.5718794,-0.09507173,-0.81481,0.0,0.0,0.0,0.0,0.0,0.0,0.0,2.191735,-0.5318353,-0.7335343,1.566437,0.1109555,-1.777241,0.05309781,0.9624574,-0.08185846,-0.2532896,7.508444,210.0361,8.332598,0.6924858,0.04156018,-0.7202322,0.0,0.0,0.0,1.172549,-0.0006603832,-2.570003,-0.09695458,0.007736258,1.013162,-0.8660501,0.1436765,0.4788679,0.06074096,0.9809596,-0.1844688,-0.4962539,-0.1306723,-0.8582872,moving,35.06333,6.655159,-5.466277,0.437488,33.974570326524024,12.558684311718782,41.00376173278117,41.26140857825145,139.2292213892889
2552,2552,05/15/2023 13:24:06.254151,2781,True,True,True,True,Eyes,1.732712,0.1100633,-1.851216,-0.5622493,-0.09350473,-0.8216645,0.0,0.0,0.0,0.0,0.0,0.0,0.0,2.174498,-0.534165,-0.7635305,1.557664,0.1101649,-1.77716,0.05404726,0.9638864,-0.081464,-0.2477208,7.485011,209.3758,8.383249,0.691628,0.04172869,-0.7210463,0.0,0.0,0.0,1.174577,0.001046941,-2.56987,-0.0989036,0.008459575,1.007625,-0.8714268,0.1445515,0.4687437,0.0638302,0.980885,-0.1838214,-0.4863553,-0.1302668,-0.8639962,moving,34.38309,6.492282,-5.605919,0.4810188,33.31133394217735,12.38020095325848,40.438300237049475,40.69573825945214,139.77955320597945
2553,2553,05/15/2023 13:24:06.264499,2782,True,True,True,True,Eyes,1.724405,0.1099867,-1.848364,-0.5525879,-0.09201983,-0.8283592,0.0,0.0,0.0,0.0,0.0,0.0,0.0,2.157542,-0.534762,-0.792114,1.548822,0.1091626,-1.776973,0.0545127,0.9652377,-0.08125872,-0.2423666,7.495241,208.741,8.387696,0.6907414,0.04189266,-0.7218863,0.0,0.0,0.0,1.176696,0.002831447,-2.569731,-0.1012852,0.008033969,1.001853,-0.8765737,0.1446242,0.4590236,0.06584663,0.9808508,-0.1832921,-0.4767422,-0.1304439,-0.869311,moving,33.70675,6.33882,-5.772864,0.4594513,32.652131347354825,12.210924026256134,39.91499590253687,40.18180407448354,140.2897882038095
2554,2554,05/15/2023 13:24:06.289363,2783,True,True,True,True,Eyes,1.716096,0.1098555,-1.845647,-0.543012,-0.0904074,-0.834844,0.0,0.0,0.0,0.0,0.0,0.0,0.0,2.141181,-0.5344839,-0.8186336,1.539849,0.1078629,-1.776998,0.0547033,0.9664508,-0.08126874,-0.2374361,7.533588,208.158,8.371157,0.6898243,0.04205051,-0.7227534,0.0,0.0,0.0,1.178825,0.004624296,-2.569592,-0.1033885,0.009695731,0.9963158,-0.8812633,0.1443283,0.4500492,0.06714383,0.9808059,-0.1830615,-0.4678319,-0.1311074,-0.8740391,moving,33.0414,6.180622,-5.924428,0.5575611,32.00344313586101,12.03742214205915,39.36946234850932,39.62714496962236,140.82098924290727
2555,2555,05/15/2023 13:24:06.303836,2784,True,True,True,True,Eyes,1.707762,0.109683,-1.843057,-0.5334042,-0.08887181,-0.8411788,0.0,0.0,0.0,0.0,0.0,0.0,0.0,2.124899,-0.5348115,-0.8437376,1.530931,0.1064602,-1.777084,0.05501826,0.9675629,-0.08139411,-0.2327449,7.579249,207.6064,8.373629,0.6888765,0.04220061,-0.7236481,0.0,0.0,0.0,1.180984,0.006442648,-2.569451,-0.1062587,0.01132698,0.9903309,-0.8856056,0.1443554,0.4414343,0.0685791,0.980696,-0.1831183,-0.459347,-0.1318974,-0.8784097,moving,32.3794,6.031012,-6.12419,0.6552958,31.358233501412084,11.872311505350034,38.87704679564848,39.12484521213187,141.3002192724411
2556,2556,05/15/2023 13:24:06.313697,2785,True,True,True,True,Eyes,1.699393,0.1094629,-1.840592,-0.5237619,-0.08709379,-0.8474008,0.0,0.0,0.0,0.0,0.0,0.0,0.0,2.107594,-0.5365572,-0.8698721,1.521951,0.1052906,-1.777387,0.05577564,0.9686946,-0.08133899,-0.2278241,7.595078,207.0292,8.418678,0.6878974,0.04234194,-0.7245708,0.0,0.0,0.0,1.183126,0.008246874,-2.569311,-0.1092826,0.01287325,0.9847054,-0.8899706,0.1451211,0.4323104,0.07099716,0.9805461,-0.1829993,-0.4504574,-0.1321712,-0.8829605,moving,31.7194,5.868116,-6.332768,0.7489963,30.714598515376736,11.694444476217516,38.39495899207541,38.63043102921479,141.76906908503534
2557,2557,05/15/2023 13:24:06.333776,2786,True,True,True,True,Eyes,1.690988,0.109194,-1.838254,-0.5141442,-0.085347,-0.8534468,0.0,0.0,0.0,0.0,0.0,0.0,0.0,2.090568,-0.5361375,-0.895432,1.512737,0.1038793,-1.777794,0.0566254,0.969796,-0.08048842,-0.2231832,7.518081,206.4766,8.45435,0.6868852,0.0424735,-0.7255226,0.0,0.0,0.0,1.185188,0.009983345,-2.569176,-0.1122265,0.01658055,0.9791265,-0.8939657,0.1457575,0.4237691,0.07390284,0.9806304,-0.1813904,-0.4419999,-0.130839,-0.8874218,moving,31.06613,5.710747,-6.538653,0.9701554,30.077632077640587,11.52212124961191,37.90241302602091,38.10638156763799,142.24835932989745
2558,2558,05/15/2023 13:24:06.353956,2787,True,True,True,True,Eyes,1.68257,0.1088829,-1.836059,-0.5045952,-0.08328611,-0.8593294,0.0,0.0,0.0,0.0,0.0,0.0,0.0,2.074017,-0.5371775,-0.9182954,1.503433,0.1024079,-1.778362,0.05779056,0.9707122,-0.07983709,-0.2190988,7.450754,205.9949,8.536166,0.6858397,0.04259411,-0.726504,0.0,0.0,0.0,1.187308,0.0117682,-2.569037,-0.1150655,0.01920214,0.9737108,-0.8973123,0.1471804,0.4161361,0.07721157,0.9805726,-0.1803214,-0.4345914,-0.129674,-0.8912438,moving,30.42131,5.535811,-6.739511,1.129759,29.44837020661738,11.333113323996171,37.421115852159524,37.59881894003138,142.71696778086564
2559,2559,05/15/2023 13:24:06.364214,2788,True,True,True,True,Eyes,1.674112,0.1085317,-1.833995,-0.4950484,-0.08124076,-0.865059,0.0,0.0,0.0,0.0,0.0,0.0,0.0,2.056883,-0.5392069,-0.9415691,1.49407,0.1010582,-1.779215,0.05960925,0.9716111,-0.07866866,-0.2150119,7.309973,205.5117,8.678493,0.68476,0.04270301,-0.7275155,0.0,0.0,0.0,1.189443,0.01356623,-2.568898,-0.117633,0.02106901,0.9684477,-0.9004333,0.1496634,0.408437,0.08200461,0.980516,-0.178504,-0.4271945,-0.1272373,-0.8951622,moving,29.78127,5.365114,-6.925534,1.246298,28.82385323648469,11.1483453177877,36.93716428119885,37.09540711284675,143.18958978512185
2560,2560,05/15/2023 13:24:06.384040,2789,True,True,True,True,Eyes,1.665629,0.1081459,-1.832077,-0.4853864,-0.07890316,-0.8707321,0.0,0.0,0.0,0.0,0.0,0.0,0.0,2.039196,-0.5405879,-0.9656796,1.484644,0.09971116,-1.780163,0.06114275,0.9725447,-0.07768657,-0.2106732,7.200683,204.9996,8.793092,0.683645,0.04279966,-0.7285576,0.0,0.0,0.0,1.191556,0.01534594,-2.568759,-0.1202585,0.0226723,0.96329,-0.9037569,0.1516611,0.4002784,0.08619515,0.9804528,-0.1768696,-0.4192782,-0.1253451,-0.8991633,moving,29.13732,5.177832,-7.116072,1.348283,28.19509727124317,10.947452533270944,36.45509397942988,36.59265952388355,143.66036754796906
2561,2561,05/15/2023 13:24:06.404081,2790,True,True,True,True,Eyes,1.657099,0.1077155,-1.830294,-0.4757313,-0.07656446,-0.8762521,0.0,0.0,0.0,0.0,0.0,0.0,0.0,2.021327,-0.539421,-0.9908705,1.474969,0.09847407,-1.781385,0.06252439,0.9735377,-0.07599396,-0.2062523,7.017608,204.4686,8.872899,0.6824936,0.04288369,-0.7296314,0.0,0.0,0.0,1.193732,0.01717849,-2.568617,-0.1238023,0.02455644,0.95774,-0.9071015,0.1530876,0.3920859,0.09039184,0.9806312,-0.1737576,-0.4110918,-0.1221744,-0.90337,moving,28.49825,4.993663,-7.365498,1.468741,27.571152349079465,10.749716373510092,36.036557767267226,36.14838919644325,144.0684724855633
2562,2562,05/15/2023 13:24:06.423942,2791,True,True,True,True,Eyes,1.648552,0.1072502,-1.828662,-0.4659835,-0.07392532,-0.8816997,0.0,0.0,0.0,0.0,0.0,0.0,0.0,2.003307,-0.5393325,-1.015089,1.465272,0.09692663,-1.782724,0.0640913,0.97444,-0.07462694,-0.2019654,6.86616,203.9591,8.98468,0.6813052,0.04295439,-0.7307372,0.0,0.0,0.0,1.195904,0.01900761,-2.568475,-0.1268042,0.02457361,0.9526988,-0.910205,0.1550504,0.3840404,0.09476213,0.9806463,-0.1713274,-0.4031722,-0.1195505,-0.9072819,moving,27.85671,4.792703,-7.581505,1.477541,26.944357417082006,10.535701828444209,35.59294005097737,35.69433362926442,144.50201299556386
2563,2563,05/15/2023 13:24:06.433980,2792,True,True,True,True,Eyes,1.639947,0.1067533,-1.827165,-0.4561857,-0.0712553,-0.8870271,0.0,0.0,0.0,0.0,0.0,0.0,0.0,1.983622,-0.5394564,-1.041509,1.455366,0.09562933,-1.784173,0.06621812,0.975418,-0.07261736,-0.1972353,6.634971,203.3939,9.142489,0.680078,0.04301149,-0.7318761,0.0,0.0,0.0,1.197886,0.02067693,-2.568346,-0.1300445,0.02577268,0.947655,-0.913427,0.1578261,0.3751565,0.1005353,0.9806837,-0.1677857,-0.3943909,-0.1155435,-0.9116501,moving,27.21613,4.592735,-7.81376,1.557848,26.31851927139149,10.32267452523918,35.16111108191647,35.239674690294706,144.9243624109201
2564,2564,05/15/2023 13:24:06.454283,2793,True,True,True,True,Eyes,1.631312,0.1062035,-1.825821,-0.4461278,-0.06841806,-0.8923502,0.0,0.0,0.0,0.0,0.0,0.0,0.0,1.963174,-0.5379498,-1.069344,1.445304,0.09431864,-1.785816,0.06792852,0.9764602,-0.07062838,-0.1921533,6.420601,202.7856,9.253947,0.6788117,0.04305486,-0.7330482,0.0,0.0,0.0,1.200017,0.02247135,-2.568206,-0.1340269,0.02759489,0.9424634,-0.9169258,0.1598019,0.3656648,0.105516,0.9807947,-0.164037,-0.3848556,-0.1118262,-0.9161776,moving,26.56262,4.38439,-8.093716,1.677114,25.67993032029448,10.101159161481403,34.76191836313226,34.80838580932789,145.31449375642632
2565,2565,05/15/2023 13:24:06.464255,2794,True,True,True,True,Eyes,1.622617,0.1056324,-1.824602,-0.4360121,-0.06576873,-0.8975344,0.0,0.0,0.0,0.0,0.0,0.0,0.0,1.942086,-0.5357696,-1.098045,1.435245,0.09249309,-1.787725,0.06945633,0.9775155,-0.06886643,-0.1868067,6.239586,202.1488,9.350945,0.6775046,0.04308353,-0.7342547,0.0,0.0,0.0,1.202091,0.02421804,-2.56807,-0.1379643,0.03038186,0.9374474,-0.9205585,0.1615187,0.3556466,0.1100599,0.9808665,-0.1605859,-0.3747794,-0.1086862,-0.9207217,moving,25.90996,4.190979,-8.372131,1.856257,25.042571811857325,9.894079643338166,34.36150011494791,34.3678477192056,145.70725527763443
2566,2566,05/15/2023 13:24:06.484018,2795,True,True,True,True,Eyes,1.613899,0.1050655,-1.82353,-0.4255704,-0.06303149,-0.9027274,0.0,0.0,0.0,0.0,0.0,0.0,0.0,1.919989,-0.538211,-1.124812,1.425079,0.09142043,-1.789419,0.07016387,0.9784539,-0.06947321,-0.1813253,6.344582,201.5204,9.410111,0.676156,0.0430979,-0.7354959,0.0,0.0,0.0,1.20421,0.02600191,-2.567932,-0.1419163,0.03414419,0.9324539,-0.9243968,0.1624987,0.3450877,0.1121097,0.980501,-0.1613976,-0.3645858,-0.1105077,-0.9245896,moving,25.24047,3.994103,-8.65381,2.097095,24.38881939567541,9.68312915659228,33.94732472626472,33.902260567769474,146.11470156385835
2567,2567,05/15/2023 13:24:06.503686,2796,True,True,True,True,Eyes,1.605117,0.1044749,-1.822561,-0.415099,-0.06039642,-0.9077693,0.0,0.0,0.0,0.0,0.0,0.0,0.0,1.896241,-0.5437444,-1.152313,1.414858,0.09100951,-1.791397,0.07184992,0.9793438,-0.06980342,-0.1756443,6.400814,200.8721,9.57214,0.6747649,0.04309934,-0.7367724,0.0,0.0,0.0,1.206318,0.02777766,-2.567794,-0.1451439,0.03648506,0.9277714,-0.9279736,0.1652527,0.3340015,0.1162104,0.9799302,-0.1619631,-0.354063,-0.1114831,-0.9285533,moving,24.57337,3.806438,-8.891484,2.252024,23.737632810142493,9.481140921463773,33.50093515298807,33.42034403285096,146.55531730119668
2568,2568,05/15/2023 13:24:06.514393,2797,True,True,True,True,Eyes,1.596296,0.1039492,-1.821707,-0.4043414,-0.05784317,-0.9127771,0.0,0.0,0.0,0.0,0.0,0.0,0.0,1.874345,-0.5422564,-1.177972,1.404497,0.08984606,-1.792803,0.07237831,0.980254,-0.06939597,-0.1704339,6.394868,200.2635,9.589591,0.6733311,0.04308801,-0.7380836,0.0,0.0,0.0,1.208478,0.02959656,-2.567653,-0.1478927,0.04065792,0.9232447,-0.9314275,0.1655531,0.3240915,0.1182434,0.9798912,-0.1607228,-0.3441826,-0.11138,-0.932273,moving,23.89235,3.626015,-9.100779,2.521567,23.073162548927304,9.285703702750794,33.01160957292668,32.87728790711441,147.04034816032745
2569,2569,05/15/2023 13:24:06.534197,2798,True,True,True,True,Eyes,1.587435,0.1035432,-1.820983,-0.3935333,-0.05521735,-0.9176505,0.0,0.0,0.0,0.0,0.0,0.0,0.0,1.853159,-0.5537359,-1.19696,1.39454,0.09090336,-1.794584,0.07288361,0.9807349,-0.07260866,-0.1660574,6.789036,199.7962,9.68627,0.6718536,0.04306766,-0.73943,0.0,0.0,0.0,1.210594,0.03137854,-2.567514,-0.1503221,0.046414,0.918829,-0.9342259,0.1670734,0.3151327,0.1188446,0.9788319,-0.1666254,-0.3363006,-0.118214,-0.934306,moving,23.21202,3.44348,-9.291384,2.891798,22.409302942112543,9.08825033971491,32.508085526778416,32.300612597908774,147.54122152869635
2570,2570,05/15/2023 13:24:06.553825,2799,True,True,True,True,Eyes,1.578568,0.1032248,-1.820381,-0.3823431,-0.05224048,-0.9225426,0.0,0.0,0.0,0.0,0.0,0.0,0.0,1.829478,-0.5550233,-1.224565,1.384647,0.09329808,-1.796844,0.07523376,0.9816458,-0.06998059,-0.1606672,6.500802,199.152,9.863088,0.6703323,0.04304393,-0.7408108,0.0,0.0,0.0,1.212787,0.03322495,-2.567371,-0.1516876,0.04999065,0.9148359,-0.9370517,0.170193,0.3049068,0.1252186,0.9788852,-0.1615675,-0.3259664,-0.1132171,-0.9385774,moving,22.51131,3.241006,-9.414478,3.127782,21.725162110023373,8.870919617476146,31.92598877239545,31.66481984592753,148.12021031429524
2571,2571,05/15/2023 13:24:06.564025,2800,True,True,True,True,Eyes,1.569667,0.102972,-1.819888,-0.3710288,-0.04928402,-0.9273127,0.0,0.0,0.0,0.0,0.0,0.0,0.0,1.805134,-0.5512097,-1.254521,1.375123,0.09505016,-1.798936,0.07563782,0.9827554,-0.0680362,-0.154408,6.336514,198.4038,9.829718,0.6687672,0.04302056,-0.7422255,0.0,0.0,0.0,1.21487,0.03497957,-2.567235,-0.1529201,0.05480419,0.9110559,-0.940874,0.1696776,0.2931983,0.1276563,0.9793,-0.1570841,-0.3137828,-0.1103677,-0.9430584,moving,21.80694,3.042245,-9.528237,3.442456,21.03757791350317,8.65705664783965,31.337732631220305,31.007436224928085,148.70709668534337
2572,2572,05/15/2023 13:24:06.584117,2801,True,True,True,True,Eyes,1.56074,0.1027626,-1.819481,-0.3592066,-0.04604564,-0.9321215,0.0,0.0,0.0,0.0,0.0,0.0,0.0,1.778499,-0.5483975,-1.285611,1.365291,0.09634699,-1.800913,0.07635768,0.983853,-0.06632017,-0.1476634,6.197047,197.605,9.836304,0.6671579,0.04300009,-0.7436736,0.0,0.0,0.0,1.21707,0.03683216,-2.567091,-0.1531262,0.05399697,0.907534,-0.9447302,0.1698356,0.2804301,0.1306633,0.9795423,-0.1530491,-0.3006863,-0.1079481,-0.9475944,moving,21.0749,2.828041,-9.577184,3.405002,20.322774918036814,8.427425730387588,30.65751355766767,30.31884370202547,149.38268216314873
2573,2573,05/15/2023 13:24:06.603761,2802,True,True,True,True,Eyes,1.551803,0.1026034,-1.819138,-0.3472787,-0.04305335,-0.9367731,0.0,0.0,0.0,0.0,0.0,0.0,0.0,1.751359,-0.54514,-1.316369,1.355962,0.09704463,-1.802556,0.07738299,0.9849067,-0.06440628,-0.1407931,6.031682,196.7923,9.875942,0.6655049,0.04298393,-0.7451542,0.0,0.0,0.0,1.219151,0.03858477,-2.566955,-0.1522335,0.05244344,0.9045883,-0.9483785,0.170566,0.2673683,0.1342941,0.9797274,-0.1486584,-0.2873041,-0.1050784,-0.9520585,moving,20.34065,2.631417,-9.552817,3.318004,19.60631098894088,8.214687721534716,29.901350654922897,29.56741883465952,150.13430415567748
2574,2574,05/15/2023 13:24:06.613685,2803,True,True,True,True,Eyes,1.542833,0.1025211,-1.818875,-0.3350049,-0.03997078,-0.9413682,0.0,0.0,0.0,0.0,0.0,0.0,0.0,1.723195,-0.5482581,-1.344006,1.346702,0.09812051,-1.803636,0.07744659,0.9858054,-0.06544422,-0.1338173,6.217507,195.9974,9.85857,0.6638092,0.04297365,-0.7466657,0.0,0.0,0.0,1.221304,0.04039769,-2.566814,-0.1516209,0.05482669,0.9013696,-0.9521902,0.1702096,0.2536988,0.1351794,0.9794382,-0.1497579,-0.2739725,-0.1083031,-0.9556203,moving,19.58913,2.431336,-9.548433,3.480783,18.873027241636542,7.998072665952748,29.156455830309312,28.778208912179547,150.87766957373393
2575,2575,05/15/2023 13:24:06.634012,2804,True,True,True,True,Eyes,1.533855,0.1024915,-1.818675,-0.3226523,-0.03698001,-0.9457949,0.0,0.0,0.0,0.0,0.0,0.0,0.0,1.695513,-0.5500333,-1.371492,1.337529,0.09973165,-1.80537,0.07843746,0.9866318,-0.06496279,-0.1272212,6.213343,195.2348,9.922695,0.6620713,0.04297177,-0.7482072,0.0,0.0,0.0,1.223528,0.04227079,-2.566669,-0.151397,0.05273335,0.897936,-0.9553248,0.1713071,0.2408499,0.1382485,0.9792548,-0.1481465,-0.261232,-0.1082309,-0.9591894,moving,18.83677,2.23909,-9.570379,3.360966,18.139143630985863,7.788990934642952,28.429293344499037,28.061094940485443,151.60081902909286
2576,2576,05/15/2023 13:24:06.653681,2805,True,True,True,True,Eyes,1.524897,0.1025222,-1.81855,-0.3101368,-0.03404547,-0.9500821,0.0,0.0,0.0,0.0,0.0,0.0,0.0,1.666845,-0.552386,-1.398033,1.328247,0.1009318,-1.806536,0.08040249,0.9873567,-0.0639504,-0.1207169,6.135023,194.4833,10.09118,0.6602922,0.04297962,-0.7497774,0.0,0.0,0.0,1.225545,0.04396948,-2.566536,-0.1503682,0.05219519,0.8951947,-0.9579257,0.1742117,0.2280977,0.1433321,0.9788916,-0.1456956,-0.2486647,-0.1068718,-0.9626755,moving,18.07832,2.052272,-9.535111,3.336908,17.399510030604336,7.584955490721443,27.64329685917107,27.267557968136753,152.3841420235404
2577,2577,05/15/2023 13:24:06.664170,2806,True,True,True,True,Eyes,1.515914,0.1026179,-1.818477,-0.2976422,-0.03124167,-0.9541662,0.0,0.0,0.0,0.0,0.0,0.0,0.0,1.638446,-0.5587394,-1.421924,1.318891,0.1024511,-1.807925,0.08208638,0.9879234,-0.06440574,-0.1145473,6.225992,193.7867,10.25299,0.6584733,0.04299863,-0.7513743,0.0,0.0,0.0,1.227672,0.04576019,-2.566397,-0.1523558,0.05853905,0.891713,-0.9602814,0.1769451,0.2157542,0.1474351,0.9782274,-0.1460614,-0.2369015,-0.1084503,-0.9654616,moving,17.32476,1.87533,-9.695789,3.755956,16.664881580282344,7.39060232111942,27.085915572734056,26.6100659022444,152.9446799291903
2578,2578,05/15/2023 13:24:06.684343,2807,True,True,True,True,Eyes,1.506922,0.1027777,-1.818453,-0.2850251,-0.02834019,-0.958101,0.0,0.0,0.0,0.0,0.0,0.0,0.0,1.612095,-0.5618167,-1.443205,1.309208,0.1040885,-1.808996,0.08354893,0.9884324,-0.06406789,-0.1091625,6.223825,193.1704,10.38227,0.6566152,0.04303039,-0.7529968,0.0,0.0,0.0,1.229751,0.04751101,-2.566262,-0.1570807,0.06168657,0.8877971,-0.9622066,0.1791525,0.2050938,0.1511773,0.9778298,-0.1448944,-0.2265051,-0.1084127,-0.967958,moving,16.56719,1.694289,-10.03368,3.974679,15.926257771852592,7.192168456993967,26.698435596659966,26.15856661830549,153.33402429621262
2579,2579,05/15/2023 13:24:06.703959,2808,True,True,True,True,Eyes,1.497916,0.1029688,-1.818459,-0.2725608,-0.02548814,-0.9618009,0.0,0.0,0.0,0.0,0.0,0.0,0.0,1.588885,-0.5610908,-1.462041,1.29979,0.1057498,-1.810056,0.0841177,0.9889321,-0.06335769,-0.1045164,6.184448,192.6298,10.40871,0.6547186,0.04307633,-0.7546437,0.0,0.0,0.0,1.23192,0.04933818,-2.56612,-0.1607606,0.06146332,0.8844318,-0.9640014,0.1796172,0.1960603,0.1531295,0.9778201,-0.1428963,-0.2173783,-0.1077295,-0.9701246,moving,15.82198,1.518008,-10.30202,3.975361,15.199734105535082,6.998714887941709,26.239320870910685,25.68034523114726,153.79236460950887
2580,2580,05/15/2023 13:24:06.713784,2809,True,True,True,True,Eyes,1.488904,0.1032136,-1.8185,-0.2600175,-0.02273315,-0.9653363,0.0,0.0,0.0,0.0,0.0,0.0,0.0,1.570288,-0.5512471,-1.478323,1.290369,0.1067256,-1.810712,0.08170148,0.9895869,-0.06268483,-0.1005649,6.178803,192.1517,10.09773,0.6527852,0.04313637,-0.7563134,0.0,0.0,0.0,1.234031,0.05111594,-2.565982,-0.1612843,0.06641328,0.8814383,-0.9664232,0.1743092,0.1887926,0.1490936,0.9787909,-0.1404968,-0.2092784,-0.1076316,-0.9719146,moving,15.07509,1.349035,-10.36919,4.308894,14.471782686682165,6.812259823179016,25.615857393776242,24.966793235518857,154.41970694074766
2581,2581,05/15/2023 13:24:06.734052,2810,True,True,True,True,Eyes,1.479918,0.1034741,-1.818563,-0.2475547,-0.01989617,-0.9686696,0.0,0.0,0.0,0.0,0.0,0.0,0.0,1.55243,-0.5522826,-1.490358,1.281597,0.1082084,-1.811635,0.08069357,0.9899166,-0.06387313,-0.09733487,6.358526,191.7869,9.977404,0.6508157,0.04321138,-0.7580046,0.0,0.0,0.0,1.236178,0.05292356,-2.565841,-0.1611642,0.07291137,0.8785114,-0.9680291,0.172194,0.1823985,0.1473256,0.9788175,-0.1421667,-0.2030151,-0.1107495,-0.9728923,moving,14.33576,1.176672,-10.39541,4.744346,13.751060489356558,6.622770946532426,24.987178058739964,24.21942438153976,155.0544625308844
2582,2582,05/15/2023 13:24:06.754218,2811,True,True,True,True,Eyes,1.470959,0.1037655,-1.818635,-0.2347936,-0.01716369,-0.9718937,0.0,0.0,0.0,0.0,0.0,0.0,0.0,1.531775,-0.5389616,-1.509915,1.273157,0.1088373,-1.812148,0.07914751,0.9906538,-0.061438,-0.09255447,6.146823,191.1992,9.739029,0.6488122,0.04330052,-0.7597151,0.0,0.0,0.0,1.238293,0.05470516,-2.565703,-0.1607525,0.07707974,0.8755134,-0.9703389,0.1681883,0.1736535,0.1454428,0.9799221,-0.1363785,-0.1931042,-0.1070767,-0.9753184,moving,13.5815,1.011741,-10.40416,5.031318,13.016081638641548,6.439984738990981,24.320133323946415,23.462567216609074,155.72568584167192
2583,2583,05/15/2023 13:24:06.763903,2812,True,True,True,True,Eyes,1.462018,0.1041018,-1.818755,-0.2220109,-0.01433636,-0.9749388,0.0,0.0,0.0,0.0,0.0,0.0,0.0,1.507717,-0.5386518,-1.527595,1.264924,0.1098825,-1.8124,0.07733135,0.9911933,-0.06304836,-0.08706818,6.402945,190.5736,9.515289,0.6467771,0.04340373,-0.7614425,0.0,0.0,0.0,1.240349,0.05643658,-2.565568,-0.1591706,0.07728454,0.873152,-0.9728783,0.1642796,0.1628515,0.1423216,0.9800895,-0.1384524,-0.182354,-0.11152,-0.9768884,moving,12.82851,0.8424669,-10.33125,5.05819,12.282214316799914,6.253047878944289,23.540322948368264,22.645009466945652,156.50506649026056
2584,2584,05/15/2023 13:24:06.784532,2813,True,True,True,True,Eyes,1.45316,0.1044407,-1.818903,-0.2089796,-0.01126802,-0.9778551,0.0,0.0,0.0,0.0,0.0,0.0,0.0,1.481198,-0.527878,-1.551461,1.256283,0.1112658,-1.813563,0.07697272,0.9919197,-0.06018816,-0.08091918,6.139324,189.8329,9.403097,0.644711,0.04352149,-0.763186,0.0,0.0,0.0,1.242489,0.05823835,-2.565428,-0.1556938,0.07688847,0.8708122,-0.9750546,0.1624423,0.151265,0.1429607,0.9809052,-0.1318608,-0.1697963,-0.1069465,-0.979659,moving,12.06334,0.6602013,-10.13689,5.045853,11.536196710990016,6.053194137788528,22.629276455216434,21.696484133379144,157.41468203310663
2585,2585,05/15/2023 13:24:06.805831,2814,True,True,True,True,Eyes,1.444324,0.1047894,-1.81907,-0.1959547,-0.008258486,-0.9805781,0.0,0.0,0.0,0.0,0.0,0.0,0.0,1.454505,-0.5132518,-1.575334,1.24795,0.1117476,-1.814063,0.07583755,0.9926922,-0.05712592,-0.07448054,5.861267,189.0537,9.201803,0.6426167,0.04365239,-0.7649427,0.0,0.0,0.0,1.244604,0.0600202,-2.56529,-0.1505383,0.07631838,0.8687329,-0.9774025,0.1590762,0.1392079,0.1420571,0.9819706,-0.1247138,-0.1565371,-0.1021201,-0.9823785,moving,11.30089,0.482537,-9.830868,5.020558,10.792938829024598,5.8578652891571386,21.613533509516788,20.640796777677874,158.42849302451697
2586,2586,05/15/2023 13:24:06.813645,2815,True,True,True,True,Eyes,1.435536,0.1051351,-1.819266,-0.1826079,-0.00520249,-0.9831721,0.0,0.0,0.0,0.0,0.0,0.0,0.0,1.427684,-0.5058277,-1.596155,1.239547,0.1123483,-1.814595,0.07459796,0.9932796,-0.05625304,-0.06830953,5.828923,188.3282,9.014748,0.6404959,0.04379556,-0.7667113,0.0,0.0,0.0,1.246824,0.06188927,-2.565145,-0.1456143,0.07887055,0.8663523,-0.9795378,0.1558785,0.1273082,0.140508,0.9825415,-0.1219415,-0.1440937,-0.1015585,-0.9843387,moving,10.52185,0.3031799,-9.540952,5.201725,10.03356779975022,5.660382919254273,20.65216134422589,19.579892555315723,159.39144116289447
2587,2587,05/15/2023 13:24:06.834069,2816,True,True,True,True,Eyes,1.426774,0.1054725,-1.81946,-0.1693054,-0.002265894,-0.985561,0.0,0.0,0.0,0.0,0.0,0.0,0.0,1.401016,-0.4951904,-1.617437,1.231256,0.1126179,-1.815348,0.07406054,0.993844,-0.05397072,-0.06226121,5.627166,187.6076,8.897957,0.6383502,0.04394959,-0.7684898,0.0,0.0,0.0,1.248915,0.06365006,-2.565008,-0.1417024,0.08112589,0.8637995,-0.9812772,0.1539298,0.1157616,0.1404887,0.9832044,-0.1164992,-0.13175,-0.09805476,-0.9864215,moving,9.747463,0.1317279,-9.316134,5.365339,9.278918647113109,5.470673753086105,19.768950799788346,18.595350987790358,160.27614709014858
2588,2588,05/15/2023 13:24:06.853927,2817,True,True,True,True,Eyes,1.418071,0.1058163,-1.819672,-0.155691,0.0005570814,-0.9878057,0.0,0.0,0.0,0.0,0.0,0.0,0.0,1.374182,-0.4917822,-1.635229,1.22299,0.1127681,-1.815428,0.07367764,0.9942302,-0.05375029,-0.05647103,5.656198,186.9382,8.819503,0.6361809,0.0441131,-0.7702773,0.0,0.0,0.0,1.250991,0.06539887,-2.564872,-0.1384444,0.0805472,0.8614542,-0.9827654,0.1525757,0.10437,0.1404344,0.983365,-0.1152016,-0.1202108,-0.09855901,-0.9878439,moving,8.956873,-0.03231244,-9.129941,5.341707,8.508779418859339,5.2876077136008295,18.86830478903958,17.638803381960873,161.1754144102138
2589,2589,05/15/2023 13:24:06.864157,2818,True,True,True,True,Eyes,1.409387,0.1061554,-1.819883,-0.1421047,0.003361068,-0.9898459,0.0,0.0,0.0,0.0,0.0,0.0,0.0,1.34569,-0.4879311,-1.654416,1.214776,0.1133137,-1.81591,0.07429848,0.9945751,-0.05254443,-0.05039167,5.568211,186.2321,8.847914,0.6339898,0.04428539,-0.7720718,0.0,0.0,0.0,1.253163,0.06722783,-2.56473,-0.1352765,0.08327419,0.8582814,-0.983881,0.1530864,0.09242865,0.1424952,0.9834377,-0.1120068,-0.1080445,-0.09703072,-0.9893997,moving,8.1697,-0.1945497,-8.956888,5.541739,7.741998635433963,5.106388536821735,18.061700489474728,16.704560601490375,161.98420990604765
2590,2590,05/15/2023 13:24:06.884035,2819,True,True,True,True,Eyes,1.400726,0.1064884,-1.820099,-0.1281996,0.006012766,-0.9917301,0.0,0.0,0.0,0.0,0.0,0.0,0.0,1.317515,-0.481007,-1.673013,1.206398,0.113524,-1.816013,0.07429797,0.994941,-0.0510464,-0.04434682,5.450547,185.5242,8.804516,0.6317784,0.04446541,-0.7738721,0.0,0.0,0.0,1.255217,0.06895753,-2.564596,-0.132633,0.0828714,0.8555126,-0.9850264,0.1523717,0.08065965,0.1433167,0.9837481,-0.1081661,-0.09583022,-0.09498656,-0.9908552,moving,7.365702,-0.3473746,-8.812598,5.532839,6.959179943159946,4.933723374593365,17.2137823522788,15.783153012657293,162.83114238332723
2591,2591,05/15/2023 13:24:06.904586,2820,True,True,True,True,Eyes,1.392083,0.1068238,-1.820319,-0.1143264,0.008620312,-0.9934058,0.0,0.0,0.0,0.0,0.0,0.0,0.0,1.289001,-0.476782,-1.690692,1.198071,0.1137242,-1.816309,0.07409229,0.9952368,-0.05048633,-0.0382803,5.44091,184.8217,8.744525,0.6295472,0.04465216,-0.7756775,0.0,0.0,0.0,1.257332,0.07073855,-2.564458,-0.1308481,0.08470394,0.8523265,-0.9860899,0.151344,0.06871463,0.1436135,0.983923,-0.1061642,-0.08367722,-0.09481914,-0.9919716,moving,6.56502,-0.4971735,-8.727835,5.675402,6.179655227992944,4.764081852422319,16.491576709163535,14.935319524840644,163.55495768166836
2592,2592,05/15/2023 13:24:06.915227,2821,True,True,True,True,Eyes,1.176114,0.1150855,-1.825548,0.2465133,0.06935501,-0.9666546,0.7445842,1.359664,0.1667261,-2.545304,-0.1163397,0.5559175,0.8230558,-0.2009753,0.1514308,0.7066731,1.189743,0.1141103,-1.81656,0.0739549,0.9955204,-0.04942305,-0.03205015,5.374361,184.0965,8.689483,0.6272973,0.0448451,-0.777487,0.0,0.0,0.0,1.259532,0.07259113,-2.564314,-0.130209,0.08896179,0.8490531,-0.9870069,0.1504152,0.056503,0.1440792,0.984176,-0.1031438,-0.07112331,-0.09366278,-0.9930602,moving,-14.30646,-4.103795,-8.718835,5.981492,-14.132183269430325,0.6297407040593308,11.529725365896363,7.612199512607832,168.64467819414313
2593,2593,05/15/2023 13:24:06.934098,2822,True,True,True,True,Eyes,1.175766,0.1150856,-1.825544,0.2469769,0.06936304,-0.9665357,0.7439725,1.35951,0.1666898,-2.54462,-0.2659318,0.4362551,0.8596289,-0.2003022,0.150834,0.708473,1.18111,0.1142819,-1.81645,0.0733051,0.9957824,-0.04889879,-0.0255511,5.372993,183.3429,8.577438,0.6167157,0.04590945,-0.7858455,-0.6479062,0.02478515,-0.01568627,1.261599,0.07433189,-2.564178,-0.1301667,0.08743773,0.845415,-0.9879472,0.1484907,0.0437176,0.143493,0.9844705,-0.1011312,-0.05805572,-0.09363906,-0.9939123,moving,-14.33395,-4.104771,-8.752972,5.904868,-14.158833238145585,0.6279370040236083,11.46037470359521,7.554424959080691,168.7138559655402
2594,2594,05/15/2023 13:24:06.954050,2823,True,True,True,True,Eyes,1.175097,0.1150827,-1.825539,0.2480595,0.06934034,-0.9662601,0.7440116,1.359656,0.1666727,-2.544448,-0.3965962,0.3166588,0.8616487,-0.2006374,0.1509235,0.7106457,1.172293,0.1142997,-1.816298,0.07251617,0.9959897,-0.04866495,-0.0194349,5.400724,182.6352,8.452812,0.6078302,0.04678483,-0.7926871,-0.6090318,0.02329804,-0.0147451,1.263772,0.07616216,-2.564036,-0.1298549,0.08933593,0.8420878,-0.9887276,0.1463423,0.03165593,0.1425591,0.9847463,-0.09975827,-0.04577192,-0.0941209,-0.9945082,moving,-14.39812,-4.104599,-8.766297,6.055779,-14.220975532865426,0.6260907937727973,11.6168288016228,7.696429816073534,168.56050206745527
2595,2595,05/15/2023 13:24:06.974408,2824,True,True,True,True,Eyes,1.174099,0.1150728,-1.825517,0.2495559,0.06932376,-0.9658758,0.7446365,1.359928,0.1666938,-2.544743,-0.5133001,0.2047486,0.8334273,-0.2013384,0.1512256,0.7131829,1.163664,0.1142993,-1.816203,0.07227681,0.9961177,-0.04835185,-0.01371408,5.413669,181.9751,8.393435,0.6003464,0.04750818,-0.7983273,-0.5724899,0.02190016,-0.01386039,1.26586,0.07792065,-2.5639,-0.1294293,0.09068844,0.8382913,-0.9891763,0.1453186,0.02033224,0.1426662,0.9848763,-0.09831066,-0.03431111,-0.09434582,-0.9949483,moving,-14.48685,-4.105248,-8.776965,6.174387,-14.306925940353624,0.6226823119312384,11.75898305324274,7.8359359967626965,168.42118501237215
2596,2596,05/15/2023 13:24:06.983775,2825,True,True,True,True,Eyes,1.172756,0.1150555,-1.825484,0.2516086,0.0693216,-0.9653433,0.7449204,1.360185,0.1666946,-2.544588,-0.4961394,0.2047949,0.8437445,-0.2019925,0.151685,0.7158676,1.154654,0.1141286,-1.815706,0.07199084,0.9962177,-0.0480403,-0.007738113,5.428473,181.2855,8.327441,0.594017,0.04810868,-0.8030123,-0.5381405,0.02058615,-0.01302877,1.26801,0.07973117,-2.563759,-0.128917,0.09336907,0.8347036,-0.9895149,0.1441806,0.008500765,0.1426936,0.9850188,-0.09683134,-0.02233461,-0.09460305,-0.9952646,moving,-14.60864,-4.107377,-8.779756,6.382514,-14.42493446119584,0.6168091841455494,12.00057089797552,8.069163022415436,168.1840000061761
2597,2597,05/15/2023 13:24:07.003869,2826,True,True,True,True,Eyes,1.171108,0.1150206,-1.825424,0.253977,0.06933182,-0.964722,0.7478849,1.361053,0.1668728,-2.546926,-0.7432063,-0.04023095,0.6678518,-0.2036181,0.1521748,0.7208707,1.145813,0.1138637,-1.815397,0.07136935,0.9963188,-0.04744359,-0.002110142,5.407387,180.6317,8.22438,0.5886339,0.04860967,-0.8069367,-0.505852,0.01935098,-0.01224704,1.270108,0.0814974,-2.563622,-0.1279487,0.09626188,0.8307568,-0.9898039,0.1424135,-0.002567288,0.142013,0.985311,-0.09483907,-0.01097678,-0.09423667,-0.9954892,moving,-14.74927,-4.110617,-8.755591,6.60953,-14.561219330867914,0.6092733367880214,12.281927359199369,8.349155666329136,167.9070256127979
2598,2598,05/15/2023 13:24:07.014181,2827,True,True,True,True,Eyes,1.169139,0.1149681,-1.825344,0.256831,0.06937238,-0.9639633,0.7500523,1.361775,0.167001,-2.548368,-0.8151397,-0.1328479,0.5638251,-0.2057265,0.1532952,0.7252939,1.136732,0.1134153,-1.814639,0.07081391,0.9963681,-0.0471842,0.003150566,5.420924,180.0233,8.131686,0.583785,0.0490528,-0.8104249,-0.4755009,0.01818992,-0.01151222,1.272281,0.0833278,-2.56348,-0.1275582,0.09886048,0.8269858,-0.9899511,0.1408161,-0.01296084,0.1414108,0.9855181,-0.09357946,-0.0004043495,-0.09447188,-0.9955276,moving,-14.91888,-4.11624,-8.768467,6.816967,-14.725635563609364,0.5985295122775511,12.544424872245758,8.611435541416283,167.64981182847964
2599,2599,05/15/2023 13:24:07.034169,2828,True,True,True,True,Eyes,1.166876,0.1148982,-1.825227,0.2599241,0.06943334,-0.9631295,0.7534806,1.362724,0.1672149,-2.550926,-0.8923712,-0.2367171,0.3842376,-0.2079518,0.1545857,0.7308512,1.127561,0.1128962,-1.814019,0.0707211,0.9963663,-0.04671417,0.008406083,5.409756,179.4162,8.092397,0.5793424,0.04945063,-0.8135824,-0.4469709,0.01709853,-0.01082148,1.274345,0.085066,-2.563345,-0.1271936,0.1018731,0.8230375,-0.9898558,0.1401428,-0.02335843,0.1417136,0.9856327,-0.09189989,0.01014372,-0.09427783,-0.9954944,moving,-15.10287,-4.123399,-8.785089,7.056011,-14.904020340003044,0.5858527547892782,12.841088922364062,8.905294406236086,167.35926870289123
2600,2600,05/15/2023 13:24:07.053800,2829,True,True,True,True,Eyes,1.164354,0.114808,-1.825081,0.2633594,0.0696307,-0.9621816,0.758656,1.364153,0.1676338,-2.555046,-0.9391692,-0.3284952,0.1002603,-0.2116248,0.1563375,0.7382773,1.118161,0.1124112,-1.812942,0.07045768,0.9963552,-0.0462744,0.01306151,5.396763,178.8773,8.037007,0.57526,0.04980762,-0.8164524,-0.4201526,0.01607262,-0.0101722,1.276521,0.08689819,-2.563203,-0.12682,0.103724,0.8189039,-0.9897302,0.1391929,-0.03254859,0.1416106,0.9857888,-0.09037091,0.01950704,-0.09405204,-0.9953761,moving,-15.30755,-4.139139,-8.803207,7.21876,-15.102676844002229,0.5642477769071954,13.088481483955654,9.163288342226549,167.1174597550625
2601,2601,05/15/2023 13:24:07.064101,2830,True,True,True,True,Eyes,1.16155,0.1146947,-1.824893,0.2669808,0.06987014,-0.9611656,0.759025,1.364195,0.1677279,-2.554441,-0.9361927,-0.3221658,0.1405433,-0.2144143,0.1567296,0.7409102,1.108664,0.1118694,-1.812101,0.07115377,0.9962879,-0.04521034,0.01741977,5.31113,178.3727,8.094646,0.5714961,0.0501275,-0.8190719,-0.3949434,0.01510826,-0.009561864,1.278632,0.08867611,-2.563065,-0.126956,0.1061991,0.8148413,-0.9892674,0.1402042,-0.04114399,0.1433544,0.9857863,-0.08760607,0.02827645,-0.09256399,-0.9953052,moving,-15.52358,-4.157697,-8.855748,7.42556,-15.31240237427011,0.5395679289412314,13.365321780947625,9.439558915090556,166.8479890923069
2602,2602,05/15/2023 13:24:07.083751,2831,True,True,True,True,Eyes,1.158465,0.1145616,-1.82467,0.2709546,0.07023053,-0.9600266,0.7596163,1.364286,0.1679099,-2.553922,-0.9335592,-0.3127915,0.1750111,-0.2176688,0.1573797,0.7440421,1.099015,0.1111902,-1.810846,0.071256,0.9962393,-0.04429313,0.02163045,5.240455,177.883,8.085333,0.5680125,0.05041352,-0.8214741,-0.3712468,0.01420176,-0.008988152,1.280691,0.09041028,-2.56293,-0.1278408,0.1093554,0.8104653,-0.9889093,0.1400599,-0.04941051,0.1438922,0.9859214,-0.08517051,0.03678591,-0.09133571,-0.9951405,moving,-15.76101,-4.184007,-8.963838,7.684462,-15.543064642531736,0.506737464699853,13.677064875240777,9.736834840873552,166.5464603347496
2603,2603,05/15/2023 13:24:07.104189,2832,True,True,True,True,Eyes,1.155115,0.114401,-1.824395,0.2750513,0.07062761,-0.9588319,0.7604848,1.364287,0.1681122,-2.553572,-0.9333455,-0.29925,0.1982822,-0.2212996,0.1583659,0.7471073,1.089225,0.1105663,-1.809763,0.07113487,0.9961804,-0.04368205,0.02562052,5.202466,177.4199,8.051606,0.5647739,0.05066875,-0.8236884,-0.348972,0.01334966,-0.008448863,1.282785,0.09217376,-2.562793,-0.1291417,0.1128493,0.8060436,-0.9885666,0.139488,-0.05725995,0.1439646,0.9860634,-0.08338538,0.04483069,-0.09067542,-0.9948708,moving,-16.00611,-4.212802,-9.102384,7.969835,-15.781222871581834,0.471268821178934,14.002788185102457,10.04168229982963,166.23262134750274
2604,2604,05/15/2023 13:24:07.114343,2833,True,True,True,True,Eyes,1.151473,0.1142163,-1.824076,0.2795154,0.07105682,-0.9575083,0.7614585,1.364313,0.1683231,-2.553179,-0.9317809,-0.2852346,0.2245564,-0.2252661,0.1592916,0.7506224,1.079456,0.1097371,-1.808211,0.07103864,0.9961211,-0.04284366,0.02934051,5.136199,176.9861,8.023108,0.5617493,0.05089554,-0.8257403,-0.3280337,0.01254868,-0.007941931,1.285051,0.0940824,-2.562645,-0.1302681,0.1158922,0.8015458,-0.9881855,0.1390121,-0.06454052,0.1440403,0.9862359,-0.08118632,0.0523663,-0.08952357,-0.9946073,moving,-16.27356,-4.244148,-9.231061,8.22715,-16.041096061448897,0.4326379999122549,14.322362443738289,10.350410371462338,165.92495655641784
2605,2605,05/15/2023 13:24:07.134624,2834,True,True,True,True,Eyes,1.147596,0.113996,-1.8237,0.2841519,0.07151853,-0.9561082,0.7626796,1.364313,0.1685417,-2.552904,-0.9315659,-0.2706105,0.2428064,-0.228642,0.1611056,0.7541992,1.069851,0.1088804,-1.806727,0.07112652,0.9960055,-0.04254427,0.03322846,5.133434,176.5383,8.014091,0.5589092,0.05109616,-0.8276528,-0.3083517,0.01179576,-0.007465416,1.287071,0.09578317,-2.562513,-0.1319821,0.1177238,0.7971802,-0.9876739,0.1388574,-0.07224349,0.1445122,0.986262,-0.08002181,0.06013939,-0.08947551,-0.9941718,moving,-16.55176,-4.277856,-9.400681,8.400457,-16.31144475830717,0.3913910979801969,14.556014268686672,10.578458883316989,165.7034206710951
2606,2606,05/15/2023 13:24:07.154322,2835,True,True,True,True,Eyes,1.143503,0.1137351,-1.823274,0.2892191,0.07202227,-0.9545497,0.7638015,1.364409,0.1687458,-2.55236,-0.9252347,-0.2570134,0.2790787,-0.2309788,0.1621326,0.7584355,1.06023,0.107788,-1.80495,0.07157842,0.9958552,-0.04147154,0.03780492,5.049211,176.0073,8.046167,0.5562294,0.05127207,-0.8294454,-0.2898506,0.01108801,-0.00701749,1.289175,0.09755531,-2.562375,-0.1347145,0.1200728,0.7924902,-0.9868944,0.1394278,-0.08123337,0.1456991,0.9863133,-0.07718726,0.06935951,-0.08801132,-0.9937018,moving,-16.85629,-4.314881,-9.647421,8.615541,-16.607383831306805,0.3461181368581192,14.804175267715694,10.808535381938938,165.47113691914976
2607,2607,05/15/2023 13:24:07.164730,2836,True,True,True,True,Eyes,1.139194,0.1134307,-1.822781,0.2945038,0.07250571,-0.9528958,0.7651225,1.364525,0.1689064,-2.551863,-0.9175239,-0.2463166,0.3122146,-0.232305,0.163894,0.7628893,1.050584,0.1065547,-1.803278,0.07210033,0.9956339,-0.04083059,0.04298275,5.019961,175.4109,8.082587,0.5536876,0.05142429,-0.8311349,-0.2724595,0.01042273,-0.006596441,1.291358,0.09939297,-2.562232,-0.1375329,0.1215156,0.7877374,-0.985908,0.140061,-0.09147795,0.1470811,0.9862688,-0.0751065,0.07970237,-0.08750279,-0.9929705,moving,-17.17439,-4.351244,-9.903584,8.769271,-16.91644704600204,0.3010584000863217,15.000417786010528,10.99503855106101,165.2906633991571
2608,2608,05/15/2023 13:24:07.184054,2837,True,True,True,True,Eyes,1.134677,0.1131535,-1.822235,0.3003223,0.07286979,-0.9510503,0.7662995,1.364814,0.1689936,-2.551024,-0.8981494,-0.2404713,0.3681048,-0.233012,0.1659431,0.7677326,1.040996,0.1052168,-1.801144,0.07188172,0.9953955,-0.04063626,0.04867854,5.042605,174.7547,8.029671,0.5512646,0.05155359,-0.832736,-0.2561119,0.009797368,-0.006200654,1.293553,0.1012416,-2.562089,-0.1400557,0.1233284,0.7830079,-0.9849269,0.1391452,-0.1027508,0.1470577,0.9863634,-0.0739001,0.09106678,-0.08789649,-0.9919583,moving,-17.52505,-4.381461,-10.14119,8.950891,-17.25687618134362,0.2609077043912089,15.24050518688616,11.231598261570985,165.06707491561207
2609,2609,05/15/2023 13:24:07.204035,2838,True,True,True,True,Eyes,1.129969,0.1129274,-1.821645,0.3064555,0.07323582,-0.9490635,0.7675556,1.365191,0.16914,-2.550104,-0.8730958,-0.23074,0.4294914,-0.2331159,0.1703431,0.7718642,1.031628,0.1055885,-1.799217,0.07307608,0.9949307,-0.04258062,0.05440548,5.317861,174.1182,8.128087,0.5489423,0.05166394,-0.8342618,-0.2407452,0.009209526,-0.005828615,1.295541,0.1029161,-2.561959,-0.1426125,0.1237678,0.7783659,-0.9834002,0.140778,-0.1144826,0.1500445,0.9856936,-0.07677805,0.1020361,-0.092681,-0.9904541,moving,-17.89542,-4.412565,-10.38259,9.03495,-17.61641812968771,0.2192831369446271,15.403839595507511,11.403694649114108,164.91921368191305
2610,2610,05/15/2023 13:24:07.213934,2839,True,True,True,True,Eyes,1.125071,0.1127071,-1.820995,0.3131366,0.07374427,-0.9468406,0.7687571,1.365797,0.1693985,-2.548886,-0.8327825,-0.2135334,0.5107612,-0.2315489,0.1695266,0.7773122,1.022199,0.1065509,-1.797515,0.07509944,0.9944288,-0.04114086,0.06147401,5.224397,173.3059,8.331828,0.5467051,0.05175991,-0.8357235,-0.2263005,0.008656954,-0.005478899,1.297826,0.1048405,-2.561809,-0.1455632,0.1253718,0.7734128,-0.9811621,0.1443039,-0.1284423,0.1544203,0.985335,-0.07258998,0.1160837,-0.09105663,-0.9890569,moving,-18.29995,-4.453467,-10.65889,9.207668,-18.009310338924546,0.1671337405797839,15.652872177713105,11.651606707000811,164.6901343402104
2611,2611,05/15/2023 13:24:07.234314,2840,True,True,True,True,Eyes,1.119987,0.1125917,-1.820312,0.319975,0.07393726,-0.9445365,0.7702614,1.366452,0.1695427,-2.547852,-0.7889999,-0.203883,0.5795783,-0.2303311,0.17089,0.7830754,1.012492,0.1064581,-1.795392,0.07566349,0.9939333,-0.04099021,0.06849405,5.269935,172.5012,8.360929,0.5445389,0.05184362,-0.8371314,-0.2127225,0.008137537,-0.005150164,1.299835,0.1065325,-2.561678,-0.1478989,0.1255103,0.7688922,-0.9791671,0.1447937,-0.14236,0.1560241,0.9851897,-0.07111807,0.1299541,-0.09184806,-0.9872567,moving,-18.71454,-4.475922,-10.88804,9.270925,-18.411442361247172,0.1324676339915118,15.818656854847347,11.83693313825732,164.5401236058769
2612,2612,05/15/2023 13:24:07.254346,2841,True,True,True,True,Eyes,1.114756,0.1125808,-1.819601,0.3271534,0.07450669,-0.9420294,0.7718344,1.367265,0.1700877,-2.546692,-0.7349802,-0.167594,0.6570513,-0.2307559,0.175595,0.7869289,1.002826,0.1089625,-1.793839,0.07844426,0.9932029,-0.04351409,0.07416923,5.628212,171.8836,8.632194,0.5424306,0.05192146,-0.8384942,-0.1999591,0.007649285,-0.004841154,1.302182,0.1085089,-2.561524,-0.1501496,0.1260609,0.7641809,-0.9766909,0.1493673,-0.154157,0.1622769,0.983906,-0.07480033,0.1405033,-0.09807293,-0.985211,moving,-19.15138,-4.522206,-11.11612,9.367273,-18.83577273302729,0.0741122325925545,16.046277766480333,12.081219945329059,164.33094163133066
2613,2613,05/15/2023 13:24:07.264529,2842,True,True,True,True,Eyes,1.109322,0.1126004,-1.818843,0.3344281,0.07509071,-0.939425,0.7737416,1.368083,0.1707012,-2.545716,-0.6802604,-0.1266579,0.7219443,-0.2304592,0.1704926,0.7932629,0.9929967,0.1114169,-1.792562,0.08189212,0.9925933,-0.03931367,0.08066309,5.235886,171.1217,9.026046,0.5403696,0.05199915,-0.8398191,-0.1879616,0.007190328,-0.004550685,1.303973,0.1100172,-2.561407,-0.1514839,0.1269834,0.7596385,-0.9735745,0.1562288,-0.1665703,0.1689135,0.9834962,-0.06483364,0.1536923,-0.09125632,-0.983896,moving,-19.59534,-4.570086,-11.27774,9.489985,-19.267042162420356,0.0139936570924499,16.33609703341165,12.394489137246175,164.0585503120978
2614,2614,05/15/2023 13:24:07.284061,2843,True,True,True,True,Eyes,1.103699,0.1126836,-1.818053,0.3416612,0.07554305,-0.9367822,0.7759858,1.368823,0.171304,-2.544982,-0.6310065,-0.08649518,0.7709406,-0.2326155,0.1705875,0.799071,0.9825661,0.1121039,-1.790645,0.08091526,0.9922267,-0.03891145,0.08616808,5.230493,170.4802,8.888382,0.5383441,0.05207853,-0.841114,-0.1766839,0.006758908,-0.004277644,1.306119,0.1118244,-2.561267,-0.1530737,0.131244,0.7547582,-0.9720557,0.1538667,-0.1772936,0.1672784,0.9838772,-0.06327333,0.1646995,-0.09116258,-0.9821221,moving,-20.03782,-4.610413,-11.46474,9.864456,-19.69667228511508,-0.0387909363712468,16.823184396943432,12.877849549884735,163.59644316822474
2615,2615,05/15/2023 13:24:07.305421,2844,True,True,True,True,Eyes,1.097914,0.1128418,-1.817246,0.3487182,0.07630274,-0.9341165,0.7785181,1.369397,0.1722449,-2.544472,-0.5927931,-0.02377149,0.8050039,-0.2382424,0.1761629,0.8025456,0.9720806,0.1137797,-1.789096,0.08096061,0.9918437,-0.04190363,0.08908079,5.597979,170.1693,8.851194,0.5363445,0.05216273,-0.8423853,-0.1660829,0.006353373,-0.004020986,1.30833,0.1136863,-2.561122,-0.1544869,0.1345092,0.7499205,-0.97102,0.1531349,-0.1834935,0.1680661,0.9833789,-0.06869964,0.1699233,-0.09754779,-0.9806173,moving,-20.47128,-4.669803,-11.64034,10.1687,-20.11808660570667,-0.1096857833337923,17.26750336802078,13.323565657195866,163.1767296187311
2616,2616,05/15/2023 13:24:07.313714,2845,True,True,True,True,Eyes,1.092026,0.1129998,-1.816398,0.355531,0.07729015,-0.9314634,0.7813447,1.369818,0.17339,-2.544191,-0.5646588,0.05257369,0.8236482,-0.2462041,0.1698938,0.8073882,0.9623559,0.1156643,-1.787886,0.0801381,0.9919406,-0.03765476,0.09063008,5.119221,169.9528,8.787401,0.5343618,0.05225507,-0.8436386,-0.1561179,0.005972171,-0.003779727,1.310519,0.1155292,-2.560979,-0.1571729,0.1375177,0.7456349,-0.9707281,0.1521592,-0.1858345,0.1658098,0.98432,-0.06017674,0.1737642,-0.08922843,-0.9807365,moving,-20.89139,-4.743372,-11.90316,10.44966,-20.52695844796881,-0.1938427414100116,17.65266268543995,13.698687903503446,162.8206898075758
2617,2617,05/15/2023 13:24:07.334807,2846,True,True,True,True,Eyes,1.086019,0.113149,-1.815535,0.3622402,0.07832444,-0.9287881,0.7844166,1.370166,0.174588,-2.544092,-0.5414646,0.1324309,0.8302277,-0.252861,0.1685093,0.8120767,0.9530456,0.1158723,-1.786223,0.07787324,0.9920028,-0.03614259,0.09251975,4.940244,169.7121,8.532148,0.532391,0.05235499,-0.8448775,-0.1467508,0.005613841,-0.003552943,1.312541,0.1172322,-2.560847,-0.1604702,0.1437052,0.7403877,-0.9707516,0.1478132,-0.1891888,0.1611888,0.9852589,-0.05729746,0.1779306,-0.0861167,-0.9802676,moving,-21.30647,-4.820332,-12.22903,10.98422,-20.931051335526423,-0.2811138089325196,18.225909603482183,14.234919077769117,162.28805766696775
2618,2618,05/15/2023 13:24:07.353859,2847,True,True,True,True,Eyes,1.079914,0.1132689,-1.814653,0.3687856,0.07894766,-0.9261557,0.7876307,1.370381,0.1754505,-2.544122,-0.5271545,0.1899299,0.8282722,-0.257427,0.1686728,0.8165772,0.9441097,0.1158126,-1.785008,0.0763993,0.991886,-0.03548668,0.09521627,4.872942,169.3896,8.356171,0.5304263,0.05246153,-0.8461058,-0.1379458,0.00527701,-0.003339767,1.314646,0.1190053,-2.560709,-0.1629376,0.1398148,0.7368543,-0.9701943,0.144801,-0.1943097,0.1583166,0.9858077,-0.05584857,0.1834651,-0.0849464,-0.9793494,moving,-21.71194,-4.872247,-12.46894,10.74389,-21.32515422719026,-0.3439186640280933,18.14653641339771,14.19056134929072,162.38079820947897
2619,2619,05/15/2023 13:24:07.364532,2848,True,True,True,True,Eyes,1.073701,0.1133744,-1.813766,0.37538,0.07945473,-0.9234592,0.7909542,1.37061,0.1762194,-2.54418,-0.5119469,0.2412117,0.8244557,-0.2595491,0.1710939,0.8215648,0.9352154,0.1152744,-1.783704,0.0765724,0.9915078,-0.03539727,0.09897605,4.896209,168.9568,8.358574,0.5284631,0.05257288,-0.8473265,-0.129669,0.004960389,-0.003139381,1.316806,0.1208246,-2.560568,-0.1640676,0.1374367,0.7337177,-0.9686809,0.1448373,-0.2016919,0.1588512,0.9857674,-0.05503566,0.1908501,-0.08535099,-0.9779016,moving,-22.12141,-4.917636,-12.60463,10.60944,-21.722953055963817,-0.4005522817214055,18.211512586223474,14.295584821772287,162.32725956854458
2620,2620,05/15/2023 13:24:07.384190,2849,True,True,True,True,Eyes,1.067379,0.1134724,-1.812897,0.3820409,0.07969115,-0.9207031,0.7943016,1.370834,0.1767712,-2.544213,-0.4968666,0.2779419,0.8221143,-0.2604169,0.1745,0.8264668,0.9263287,0.1150476,-1.782689,0.07738362,0.9909739,-0.03602604,0.103368,5.01403,168.4595,8.423162,0.5264967,0.05268804,-0.8485426,-0.1218889,0.004662766,-0.002951018,1.318893,0.1225817,-2.560431,-0.1647024,0.135879,0.730834,-0.966654,0.1459224,-0.2104456,0.1608182,0.9854278,-0.05540375,0.1992942,-0.08739969,-0.9760346,moving,-22.53575,-4.946888,-12.70014,10.53235,-22.12502830914991,-0.4417686902839843,18.339739178427372,14.465814898179463,162.20935532076555
2621,2621,05/15/2023 13:24:07.404138,2850,True,True,True,True,Eyes,1.060967,0.1135588,-1.812047,0.3887625,0.0799774,-0.9178602,0.7977486,1.371101,0.1773607,-2.544269,-0.4790812,0.3172463,0.818435,-0.2611032,0.1751248,0.8316264,0.9175004,0.1149488,-1.782169,0.0781775,0.9904567,-0.03498935,0.1079802,4.944694,167.9241,8.502746,0.5245223,0.05280643,-0.8497571,-0.1145755,0.004383,-0.002773957,1.321023,0.1243757,-2.560292,-0.1647978,0.1347287,0.7285748,-0.9644574,0.1473065,-0.2193702,0.1624192,0.985328,-0.05242763,0.2084287,-0.08619412,-0.9742323,moving,-22.95524,-4.979868,-12.74538,10.47683,-22.53219286404568,-0.4867435777304836,18.524328713419116,14.69631421922381,162.03381484067668
2622,2622,05/15/2023 13:24:07.413684,2851,True,True,True,True,Eyes,1.054502,0.1136158,-1.811221,0.3955502,0.08014912,-0.9149405,0.8012084,1.37142,0.177832,-2.544279,-0.4578823,0.3486794,0.8177814,-0.2618232,0.1750219,0.8367841,0.9088475,0.1147376,-1.781759,0.07867193,0.9899553,-0.03364817,0.1125489,4.837453,167.3896,8.552697,0.5225359,0.05292727,-0.8509724,-0.107701,0.00412002,-0.002607519,1.323236,0.1262396,-2.560147,-0.1647966,0.1376624,0.7263204,-0.9622872,0.1481892,-0.228131,0.1633375,0.9853571,-0.04891148,0.2175424,-0.08432923,-0.9724013,moving,-23.37996,-5.006351,-12.78354,10.73219,-22.944245370042843,-0.525613777526571,18.973291481055178,15.16502817373278,161.60382298700515
2623,2623,05/15/2023 13:24:07.433889,2852,True,True,True,True,Eyes,1.047973,0.1136454,-1.810419,0.4023837,0.08025828,-0.9119463,0.8047002,1.371772,0.1782293,-2.544262,-0.4344299,0.3751497,0.818861,-0.2617576,0.1747896,0.8418983,0.9004776,0.114161,-1.78161,0.07765783,0.9894702,-0.03279939,0.1176535,4.771461,166.7896,8.422405,0.5205359,0.05304895,-0.8521897,-0.101239,0.003872819,-0.002451068,1.325335,0.1280068,-2.56001,-0.1652619,0.1378,0.723968,-0.9602541,0.1459623,-0.2379234,0.1613981,0.985787,-0.04663461,0.2277349,-0.08318147,-0.9701639,moving,-23.80881,-5.02951,-12.85872,10.77676,-23.36020703106865,-0.5614062922555902,19.228693203673515,15.454295349013616,161.36191264874077
2624,2624,05/15/2023 13:24:07.453803,2853,True,True,True,True,Eyes,1.04138,0.1136848,-1.809659,0.4092678,0.08014998,-0.9088871,0.8081558,1.372132,0.1784585,-2.544182,-0.4103409,0.3903886,0.8241462,-0.2616736,0.1774324,0.8463731,0.8923287,0.1135739,-1.78137,0.07607393,0.9889482,-0.03411467,0.1225994,4.940921,166.2207,8.200147,0.5185192,0.05317015,-0.8534108,0.0,0.0,0.0,1.327426,0.1297681,-2.559873,-0.166025,0.1378679,0.7223415,-0.9583644,0.1421015,-0.2476792,0.1588312,0.9860979,-0.04882204,0.2372983,-0.08612849,-0.9676112,moving,-24.24183,-5.039577,-12.94421,10.80565,-23.779850219617245,-0.5846976413078613,19.460406890554193,15.72104062582482,161.14271025791254
2625,2625,05/15/2023 13:24:07.463897,2854,True,True,True,True,Eyes,1.034735,0.1137376,-1.808931,0.4161738,0.08002496,-0.9057568,0.8116701,1.372531,0.1786915,-2.544107,-0.3838451,0.4060144,0.8293463,-0.2615084,0.1792752,0.850585,0.8843933,0.1138916,-1.781517,0.07491191,0.988372,-0.03532585,0.1275188,5.102371,165.6549,8.026178,0.5164832,0.05329137,-0.8546369,0.0,0.0,0.0,1.329525,0.131535,-2.559736,-0.1672711,0.1398289,0.7201713,-0.9562544,0.1390723,-0.2573646,0.1570911,0.9862806,-0.05072482,0.2467793,-0.08893551,-0.9649822,moving,-24.67766,-5.049057,-13.07599,10.98787,-24.202198813400216,-0.6075107312059034,19.793478077190702,16.07001483698773,160.83005407362384
2626,2626,05/15/2023 13:24:07.484584,2855,True,True,True,True,Eyes,1.028057,0.1138063,-1.808249,0.422986,0.07980514,-0.9026151,0.815178,1.372866,0.1788617,-2.544041,-0.3615142,0.417362,0.8337365,-0.261831,0.1801063,0.8550221,0.8764256,0.1142933,-1.781523,0.07366945,0.987834,-0.03602433,0.1321329,5.200452,165.1197,7.850492,0.5144266,0.05341328,-0.8558689,0.0,0.0,0.0,1.331697,0.1333642,-2.559594,-0.1703367,0.1407838,0.7182795,-0.9542277,0.1360264,-0.2663586,0.1550664,0.9865501,-0.05170381,0.255743,-0.09064043,-0.9624866,moving,-25.10886,-5.052695,-13.34098,11.08947,-24.61990406473295,-0.6245419375247057,19.97629822018146,16.261371520584706,160.6708012179514
2627,2627,05/15/2023 13:24:07.504242,2856,True,True,True,True,Eyes,1.021343,0.1138858,-1.807613,0.4297566,0.07959749,-0.8994296,0.8187252,1.373196,0.1790543,-2.543998,-0.3395051,0.4301576,0.8364812,-0.2627121,0.180401,0.8589078,0.8687713,0.1148086,-1.781953,0.0721882,0.9873514,-0.03658831,0.1363361,5.274921,164.6293,7.650931,0.5123481,0.05353648,-0.8571072,0.0,0.0,0.0,1.333743,0.1350873,-2.55946,-0.1743891,0.1409729,0.7164738,-0.952403,0.1325736,-0.2745057,0.1525268,0.9869003,-0.05256733,0.2639408,-0.09193476,-0.9601479,moving,-25.53894,-5.057372,-13.67974,11.13129,-25.0365529578353,-0.6425405118955316,20.067720398446955,16.35849276315205,160.60478103631453
2628,2628,05/15/2023 13:24:07.513897,2857,True,True,True,True,Eyes,1.01461,0.1139642,-1.807031,0.4364024,0.07933932,-0.8962467,0.8222578,1.373445,0.1792016,-2.543976,-0.3228791,0.4399775,0.8379552,-0.2642805,0.1807485,0.8625787,0.8611264,0.1151685,-1.782409,0.07094245,0.9869095,-0.03700016,0.140028,5.330434,164.1978,7.482804,0.5102463,0.05366134,-0.8583522,0.0,0.0,0.0,1.335954,0.1369496,-2.559315,-0.1801167,0.1415558,0.7147862,-0.9507189,0.1296654,-0.2816396,0.1503897,0.9871963,-0.05316377,0.2711401,-0.09289948,-0.9580464,moving,-25.96248,-5.058863,-14.14334,11.20188,-25.44678115014251,-0.6572599745738446,20.102334024974535,16.383131042974366,160.6034254969983
2629,2629,05/15/2023 13:24:07.534444,2858,True,True,True,True,Eyes,1.007857,0.1140677,-1.806488,0.4429755,0.07898781,-0.8930475,0.8257741,1.373655,0.1792938,-2.543943,-0.308841,0.4460596,0.8400285,-0.2659048,0.1807957,0.8659177,0.8538041,0.1152737,-1.783113,0.06976672,0.9864904,-0.03711599,0.1434983,5.350717,163.7901,7.328157,0.50812,0.05378758,-0.8596048,0.0,0.0,0.0,1.338044,0.1387098,-2.559179,-0.1857409,0.1444472,0.712442,-0.9490818,0.1269962,-0.2882982,0.1483005,0.98751,-0.05320631,0.2779404,-0.09325192,-0.9560614,moving,-26.38264,-5.054515,-14.61232,11.46132,-25.85357667447213,-0.6662396442476126,20.280858922876643,16.536128765407806,160.46733140592403
2630,2630,05/15/2023 13:24:07.553982,2859,True,True,True,True,Eyes,1.001102,0.1141861,-1.806005,0.4494284,0.0786984,-0.8898431,0.829322,1.373823,0.1794524,-2.543972,-0.297719,0.4567189,0.8383146,-0.2676414,0.183242,0.8689947,0.8465266,0.1160252,-1.783513,0.06861692,0.9860208,-0.03902762,0.146736,5.572272,163.4195,7.148996,0.50597,0.05391616,-0.8608642,0.0,0.0,0.0,1.340182,0.1405101,-2.559039,-0.1894102,0.142645,0.712122,-0.9475207,0.1238619,-0.2947253,0.1467689,0.9875371,-0.05682697,0.2840135,-0.09710124,-0.9538909,moving,-26.79673,-5.054132,-14.89468,11.327,-26.254601683575327,-0.6788546409014522,20.248463640580834,16.528410882943945,160.5154266990274
2631,2631,05/15/2023 13:24:07.564028,2860,True,True,True,True,Eyes,0.9943411,0.1142901,-1.805573,0.4557856,0.07838941,-0.8866311,0.8328412,1.373938,0.179576,-2.543995,-0.2899665,0.4648641,0.8365528,-0.268564,0.1811724,0.8726243,0.8395751,0.1165369,-1.784453,0.06786799,0.9855711,-0.03794691,0.1503459,5.463181,162.9905,7.060972,0.503795,0.05404748,-0.8621306,0.0,0.0,0.0,1.342293,0.1422881,-2.558901,-0.1915163,0.1461266,0.7115251,-0.9455803,0.1223671,-0.3015038,0.1451878,0.9879079,-0.0543914,0.2912023,-0.09520608,-0.9519125,moving,-27.20609,-5.052534,-15.06487,11.60552,-26.65101267784192,-0.690149017179909,20.613102293330716,16.894442243866706,160.17917123319984
2632,2632,05/15/2023 13:24:07.583939,2861,True,True,True,True,Eyes,0.9875796,0.1143854,-1.805211,0.4620592,0.07801789,-0.8834108,0.836298,1.373999,0.1796316,-2.544005,-0.2859208,0.4685642,0.8358809,-0.2707461,0.1827206,0.8752862,0.8326365,0.1163989,-1.785227,0.06711611,0.9851772,-0.03868348,0.1530526,5.5529,162.6761,6.948028,0.5015954,0.05418048,-0.8634039,0.0,0.0,0.0,1.344461,0.1441137,-2.558759,-0.1933649,0.143089,0.7115532,-0.944141,0.1204013,-0.3067604,0.1440837,0.9879981,-0.05567558,0.2963752,-0.09676476,-0.9501573,moving,-27.61137,-5.046948,-15.20301,11.37018,-27.04336354770324,-0.6974676032189491,20.578860261394066,16.90627371155704,160.21519323401068
2633,2633,05/15/2023 13:24:07.604101,2862,True,True,True,True,Eyes,0.9808247,0.1144803,-1.804902,0.468331,0.07770266,-0.8801297,0.8397883,1.374124,0.1797341,-2.544025,-0.2776491,0.4754874,0.8347591,-0.2716522,0.1835722,0.8779608,0.8260579,0.1163036,-1.786457,0.0683863,0.984639,-0.03805421,0.1560816,5.525399,162.3276,7.086386,0.4993711,0.05431439,-0.8646838,0.0,0.0,0.0,1.346478,0.1458119,-2.558627,-0.1945311,0.1403041,0.7125416,-0.9419237,0.1227925,-0.3125729,0.1465507,0.9877504,-0.05359162,0.3021634,-0.096287,-0.9483809,moving,-28.01816,-5.045303,-15.27021,11.1394,-27.437284281794216,-0.7086360441858854,20.60230182287186,16.982745793393544,160.18940155754188
2634,2634,05/15/2023 13:24:07.614061,2863,True,True,True,True,Eyes,0.9740837,0.1145665,-1.80467,0.4745839,0.07729022,-0.8768103,0.8431866,1.374246,0.1797366,-2.543985,-0.2694512,0.4756331,0.8373585,-0.2716517,0.1828198,0.8815216,0.8193815,0.1162767,-1.787417,0.06974173,0.9840305,-0.03651268,0.159646,5.401085,161.9119,7.247627,0.4971225,0.05444899,-0.8659701,0.0,0.0,0.0,1.348736,0.1477138,-2.55848,-0.1961444,0.1408004,0.7129093,-0.9392986,0.1255978,-0.3192861,0.1489142,0.9876058,-0.04959119,0.3091003,-0.09412716,-0.9463601,moving,-28.42499,-5.037563,-15.3833,11.1722,-27.831077548498957,-0.7139249287057536,20.8048574754135,17.211250149762947,159.9992682034685
2635,2635,05/15/2023 13:24:07.633923,2864,True,True,True,True,Eyes,0.9673418,0.1146413,-1.804517,0.4808559,0.07691794,-0.8734193,0.8465861,1.374428,0.179759,-2.543942,-0.2573762,0.4771496,0.8402891,-0.2708153,0.1835848,0.8845077,0.8127197,0.1162039,-1.789062,0.07108734,0.9832813,-0.03589211,0.1637568,5.386064,161.4374,7.389298,0.4948499,0.05458358,-0.8672623,0.0,0.0,0.0,1.350713,0.1493786,-2.55835,-0.1975726,0.1394847,0.7135705,-0.9362606,0.1280425,-0.327141,0.1515529,0.9873167,-0.047302,0.3169351,-0.09386615,-0.943791,moving,-28.83473,-5.032787,-15.47629,11.06039,-28.227769901116915,-0.7221649012138176,20.915024866992844,17.361706127817808,159.89312496522533
2636,2636,05/15/2023 13:24:07.653745,2865,True,True,True,True,Eyes,0.9605651,0.1147034,-1.804465,0.4871615,0.07650564,-0.8699544,0.8499325,1.374619,0.1797281,-2.543867,-0.2446,0.4750921,0.8452563,-0.2705665,0.1834154,0.887596,0.8058754,0.115986,-1.790779,0.07210486,0.9825801,-0.03478445,0.1677118,5.309904,160.9761,7.503716,0.4925526,0.05471743,-0.8685606,0.0,0.0,0.0,1.352857,0.1511847,-2.55821,-0.1992922,0.141585,0.7143549,-0.9333472,0.1300301,-0.3345967,0.1533651,0.9871819,-0.04417136,0.3245642,-0.09254269,-0.9413255,moving,-29.24817,-5.025783,-15.58815,11.21072,-28.627984852033883,-0.7283711898161949,21.218392400684102,17.679909259016693,159.60824305506492
2637,2637,05/15/2023 13:24:07.663836,2866,True,True,True,True,Eyes,0.9537957,0.1147579,-1.804502,0.493507,0.0761631,-0.8664006,0.8532963,1.374903,0.1797476,-2.543799,-0.2256592,0.4763731,0.8497921,-0.2699748,0.1833332,0.8905668,0.799159,0.1156946,-1.792785,0.07301588,0.9818298,-0.03372474,0.1718774,5.239748,160.4895,7.604733,0.4902289,0.05484977,-0.8698659,0.0,0.0,0.0,1.354977,0.1529697,-2.558071,-0.2004674,0.1421043,0.7152984,-0.9302538,0.1317853,-0.3424335,0.1549714,0.9870627,-0.04112433,0.3325837,-0.09132345,-0.9386417,moving,-29.6661,-5.023814,-15.6559,11.23633,-29.03268555270177,-0.7395763314797144,21.463410421942175,17.954406817919292,159.37322005902206
2638,2638,05/15/2023 13:24:07.683919,2867,True,True,True,True,Eyes,0.9470441,0.1147908,-1.804642,0.4998158,0.0758893,-0.8628007,0.8566409,1.375207,0.1798007,-2.543752,-0.2054414,0.4799229,0.8529173,-0.2691341,0.1824137,0.8936976,0.7924725,0.1155487,-1.794956,0.07333096,0.9810614,-0.03254544,0.1763008,5.147197,159.9688,7.639798,0.4878784,0.05498018,-0.8711782,0.0,0.0,0.0,1.357069,0.1547319,-2.557935,-0.2019794,0.1423827,0.7167839,-0.9270815,0.1324088,-0.3506969,0.1553599,0.9871268,-0.03800153,0.3411506,-0.08971474,-0.9357178,moving,-30.08348,-5.026625,-15.73707,11.23504,-29.43698393982608,-0.7553762490914044,21.68550733693646,18.205980440094848,159.16088599927096
2639,2639,05/15/2023 13:24:07.704053,2868,True,True,True,True,Eyes,0.9402986,0.1147923,-1.804881,0.5061804,0.07563998,-0.8591042,0.8599658,1.375596,0.1798401,-2.543681,-0.1794163,0.4824077,0.8573754,-0.2681346,0.1811483,0.896632,0.7858135,0.1150821,-1.79761,0.07324649,0.9802601,-0.03120055,0.1809746,5.030199,159.4156,7.632564,0.4855014,0.05510749,-0.872497,0.0,0.0,0.0,1.359176,0.156506,-2.557797,-0.2033405,0.1439504,0.7179972,-0.9237666,0.1323082,-0.3593749,0.1548942,0.9873229,-0.03465779,0.3502336,-0.0876808,-0.9325497,moving,-30.5064,-5.031642,-15.81239,11.33686,-29.846707829704847,-0.7734783605611257,21.99640396983343,18.537054031114266,158.86547306148512
2640,2640,05/15/2023 13:24:07.713761,2869,True,True,True,True,Eyes,0.9335682,0.1147702,-1.805223,0.5125656,0.07534821,-0.8553357,0.8632438,1.376037,0.1798141,-2.543586,-0.1500688,0.4807709,0.8639089,-0.2668607,0.1816798,0.8994226,0.7791091,0.1143369,-1.800234,0.07298403,0.9793863,-0.03090164,0.1857986,5.028423,158.8497,7.584261,0.4830973,0.05523023,-0.8738227,0.0,0.0,0.0,1.36141,0.1583868,-2.557651,-0.2046497,0.1447483,0.7195913,-0.9203047,0.1314762,-0.3684479,0.1544421,0.9874368,-0.0334086,0.3594266,-0.08764994,-0.9290482,moving,-30.93243,-5.034302,-15.8756,11.37347,-30.259379400405837,-0.7894038209055267,22.269331190066847,18.83689489865058,158.60344714578824
2641,2641,05/15/2023 13:24:07.733946,2870,True,True,True,True,Eyes,0.9268417,0.1147278,-1.80567,0.5190049,0.07514393,-0.8514619,0.8665691,1.376595,0.1798452,-2.54352,-0.1128759,0.4828905,0.8683754,-0.2654606,0.1824687,0.9021572,0.7723672,0.1137893,-1.803117,0.07295214,0.9784403,-0.03071868,0.1907592,5.045418,158.2692,7.559089,0.4806669,0.05534735,-0.8751545,0.0,0.0,0.0,1.363499,0.1601464,-2.557514,-0.2057781,0.1462685,0.7216694,-0.9165781,0.1310389,-0.377775,0.1544784,0.9874687,-0.03228021,0.368811,-0.08794537,-0.9253348,moving,-31.36422,-5.043449,-15.91507,11.45754,-30.677806278021126,-0.8117689315511996,22.60439943242512,19.195685037847518,158.28151879202863
2642,2642,05/15/2023 13:24:07.754206,2871,True,True,True,True,Eyes,0.9201254,0.1146511,-1.806232,0.5253846,0.07494108,-0.8475581,0.8698217,1.377116,0.1798364,-2.543457,-0.07813436,0.4822659,0.8725334,-0.2643616,0.1813317,0.9051496,0.7656311,0.1132493,-1.806086,0.07242251,0.977544,-0.02967199,0.1956591,4.953752,157.6879,7.496666,0.4782093,0.05545816,-0.8764928,0.0,0.0,0.0,1.365607,0.1619216,-2.557376,-0.2076252,0.1483829,0.7236777,-0.9129451,0.1299812,-0.3868287,0.1532036,0.9877492,-0.02967109,0.378233,-0.0863516,-0.9216743,moving,-31.79396,-5.052951,-16.00834,11.58733,-31.09425746426583,-0.8344122854171383,22.936537457588514,19.54186754493953,157.96853284784447
2643,2643,05/15/2023 13:24:07.764199,2872,True,True,True,True,Eyes,0.9134194,0.1145308,-1.806911,0.5318395,0.0748185,-0.8435336,0.8731319,1.377785,0.1798572,-2.543427,-0.03354444,0.4837064,0.8745874,-0.2632501,0.1805995,0.9078835,0.7590504,0.1123492,-1.809412,0.07215317,0.9766088,-0.02850852,0.2005409,4.854327,157.1089,7.467439,0.4757242,0.05556126,-0.8778375,0.0,0.0,0.0,1.367627,0.1636226,-2.557244,-0.2096547,0.1505283,0.7256462,-0.9091547,0.1294965,-0.3958139,0.1523651,0.9879624,-0.02674402,0.387586,-0.08462266,-0.9179414,moving,-32.23102,-5.068672,-16.11514,11.71924,-31.51796746889948,-0.8632856241953073,23.27134670564091,19.8888673664494,157.654923894942
2644,2644,05/15/2023 13:24:07.784034,2873,True,True,True,True,Eyes,0.9067523,0.1143673,-1.807705,0.5381743,0.07466713,-0.8395196,0.8763098,1.37836,0.1797988,-2.543385,0.004744004,0.4797752,0.8773786,-0.2614155,0.1799878,0.9106821,0.7524801,0.1111663,-1.812878,0.07220627,0.9755679,-0.02715492,0.2057092,4.7432,156.4961,7.478718,0.4732116,0.05565493,-0.8791886,0.0,0.0,0.0,1.369748,0.165409,-2.557105,-0.2117473,0.1529954,0.7282338,-0.9049399,0.1297122,-0.4052881,0.1520562,0.9880977,-0.02327593,0.3974451,-0.08268991,-0.9138928,moving,-32.66192,-5.08253,-16.21276,11.86478,-31.935660870185025,-0.8901682742614376,23.61749734713016,20.24594569914554,157.33025361900536
2645,2645,05/15/2023 13:24:07.803984,2874,True,True,True,True,Eyes,0.9000858,0.1141469,-1.808627,0.5445847,0.07455914,-0.8353852,0.8795207,1.379059,0.1797232,-2.543366,0.05137396,0.4747393,0.8786259,-0.2597159,0.1799273,0.91317,0.7459437,0.1100233,-1.816722,0.07213043,0.9744858,-0.02623148,0.2109185,4.677763,155.8799,7.466562,0.4706724,0.0557376,-0.8805453,0.0,0.0,0.0,1.372203,0.1674763,-2.556945,-0.2145423,0.155303,0.7306654,-0.9006214,0.1295148,-0.4148584,0.1516456,0.9882182,-0.02069713,0.4072901,-0.08155171,-0.9096507,moving,-33.10019,-5.100204,-16.3636,11.99965,-32.360595985450814,-0.9209639228291168,23.927357807526846,20.563223110722088,157.04532918256265
2646,2646,05/15/2023 13:24:07.813831,2875,True,True,True,True,Eyes,0.8934197,0.1138768,-1.809672,0.5508722,0.07440942,-0.8312659,0.8825658,1.379601,0.179548,-2.543319,0.08747658,0.4631526,0.8819509,-0.2580149,0.1804381,0.9155275,0.7391813,0.1084263,-1.820737,0.07235934,0.973356,-0.02526915,0.2161108,4.61541,155.2661,7.490606,0.4681057,0.05580719,-0.8819081,0.0,0.0,0.0,1.374005,0.1689942,-2.556827,-0.2174431,0.1577805,0.7335222,-0.8961206,0.1299409,-0.4243624,0.1517847,0.9882511,-0.01791647,0.4170486,-0.08046702,-0.9053153,moving,-33.53207,-5.115106,-16.51177,12.13935,-32.779266960529256,-0.9488846145184217,24.23647796083284,20.87901680361187,156.7612025922556
2647,2647,05/15/2023 13:24:07.834456,2876,True,True,True,True,Eyes,0.8867509,0.1135563,-1.810851,0.5572003,0.07426595,-0.8270504,0.8855775,1.380195,0.1793245,-2.543268,0.1270516,0.4480622,0.8849283,-0.2568903,0.1814383,0.9178052,0.7322729,0.1069868,-1.824768,0.07257157,0.9722376,-0.02469465,0.2210827,4.594702,154.6796,7.505089,0.4655109,0.05586219,-0.883277,0.0,0.0,0.0,1.376109,0.1707655,-2.556689,-0.2205688,0.1605117,0.7363895,-0.8917115,0.1301945,-0.433474,0.1520327,0.988247,-0.0159295,0.4263055,-0.08010677,-0.9010252,moving,-33.96893,-5.131179,-16.6744,12.2965,-33.202792869128295,-0.9780913120224016,24.552489960245193,21.199116616912878,156.4728275312574
2648,2648,05/15/2023 13:24:07.854217,2877,True,True,True,True,Eyes,0.8801324,0.1131841,-1.812136,0.563323,0.07412424,-0.8229051,0.8883815,1.380578,0.1790347,-2.54319,0.1526209,0.4288469,0.8903916,-0.2561208,0.1827419,0.9194663,0.7254409,0.1054557,-1.829193,0.07277072,0.9711459,-0.02430424,0.225809,4.592616,154.1223,7.514993,0.4628872,0.05590115,-0.8846523,0.0,0.0,0.0,1.378241,0.1725613,-2.55655,-0.2248331,0.1633259,0.7395855,-0.8874297,0.1303657,-0.4421241,0.1523182,0.9882274,-0.01434136,0.4350496,-0.08007049,-0.8968394,moving,-34.39375,-5.147101,-16.90921,12.45301,-33.614654231516774,-1.006774780065502,24.808729234362666,21.453150661336434,156.24909708605668
2649,2649,05/15/2023 13:24:07.864191,2878,True,True,True,True,Eyes,0.8735147,0.1127689,-1.813549,0.5695122,0.07403158,-0.8186423,0.8912287,1.38108,0.178748,-2.543146,0.1860556,0.4096378,0.8930734,-0.2554649,0.1833111,0.9213486,0.7187617,0.1039567,-1.833577,0.07268015,0.9700676,-0.02364741,0.2304941,4.553148,153.5666,7.499643,0.4602366,0.05592273,-0.8860328,0.0,0.0,0.0,1.378289,0.1726014,-2.556547,-0.2275866,0.1637387,0.7429532,-0.8831806,0.1301081,-0.450627,0.1519105,0.9883168,-0.01237448,0.4437522,-0.07938384,-0.8926269,moving,-34.82552,-5.167325,-17.03124,12.42867,-34.03336380162738,-1.039826997838527,25.025096218764574,21.69038093595061,156.0467563522151
2650,2650,05/15/2023 13:24:07.884022,2879,True,True,True,True,Eyes,0.8669028,0.1123026,-1.815103,0.5756634,0.07394314,-0.8143365,0.8939745,1.381531,0.1784058,-2.543099,0.2161647,0.3869312,0.8964135,-0.2541108,0.1833784,0.9234613,0.7120659,0.1024961,-1.838093,0.07288629,0.9688706,-0.02260239,0.2355136,4.481029,152.9699,7.526734,0.457558,0.05592614,-0.8874189,0.0,0.0,0.0,1.378289,0.1726014,-2.556547,-0.2307293,0.1642436,0.7467411,-0.8784421,0.1305884,-0.4596591,0.1518811,0.9883534,-0.009466163,0.4530695,-0.07812898,-0.8880453,static,-35.25691,-5.188326,-17.17019,12.40453,-34.451726539809925,-1.073616994847658,25.231686875734958,21.91602043235739,155.85534640961
2651,2651,05/15/2023 13:24:07.904191,2880,True,True,True,True,Eyes,0.860279,0.1117912,-1.816795,0.5818488,0.07383754,-0.8099383,0.8966901,1.382017,0.1780006,-2.543058,0.2485632,0.3599541,0.8992494,-0.2527645,0.1832702,0.9253595,0.7052984,0.1008167,-1.843156,0.07317225,0.9676085,-0.02131204,0.2406774,4.385415,152.3543,7.569643,0.4548514,0.0559102,-0.8888103,0.0,0.0,0.0,1.378289,0.1726014,-2.556547,-0.2343446,0.1650563,0.7502872,-0.8734406,0.1313455,-0.4688818,0.1518628,0.9883833,-0.006021616,0.462644,-0.07646523,-0.8832406,static,-35.69296,-5.208938,-17.34567,12.40692,-34.874591759691064,-1.1071777847059805,25.435044789035935,22.13354777237409,155.6713707678224
2652,2652,05/15/2023 13:24:07.913654,2881,True,True,True,True,Eyes,0.8536394,0.1112483,-1.818625,0.5879619,0.07375918,-0.8055188,0.8992594,1.38237,0.1775769,-2.542995,0.2720356,0.331661,0.9033259,-0.2524138,0.1850248,0.9267919,0.6982985,0.09922761,-1.848159,0.0738005,0.9664166,-0.02095416,0.2452621,4.399012,151.8131,7.628916,0.4521154,0.05587423,-0.8902074,0.0,0.0,0.0,1.378289,0.1726014,-2.556547,-0.2382647,0.1657975,0.7543215,-0.8687999,0.1323655,-0.4771435,0.1529226,0.9882289,-0.004299972,0.4709578,-0.07670182,-0.8788149,static,-36.12634,-5.23183,-17.52957,12.39632,-35.294933327632286,-1.1428547286003845,25.62404196951371,22.336458682932562,155.50171367115308
2653,2653,05/15/2023 13:24:07.933997,2882,True,True,True,True,Eyes,0.8469935,0.1106872,-1.820597,0.5941319,0.07371419,-0.8009828,0.9018941,1.382838,0.1771696,-2.542999,0.3032,0.3044803,0.9029736,-0.2522574,0.1853598,0.9285595,0.6913261,0.09790786,-1.853257,0.07501714,0.9652104,-0.0195316,0.2497196,4.31103,151.2824,7.784237,0.4493487,0.05581823,-0.8916106,0.0,0.0,0.0,1.378289,0.1726014,-2.556547,-0.2416181,0.1674206,0.7582978,-0.8640251,0.1350598,-0.4849943,0.1545695,0.9879819,-0.0002377087,0.4791335,-0.0751707,-0.8745172,static,-36.56631,-5.258101,-17.67355,12.4503,-35.72174928304914,-1.181998569659588,25.8944752098667,22.618069361751424,155.25344891968356
2654,2654,05/15/2023 13:24:07.953882,2883,True,True,True,True,Eyes,0.8403275,0.1101095,-1.822732,0.6002818,0.07378544,-0.7963778,0.9044936,1.383279,0.1768479,-2.543051,0.3326067,0.2830532,0.8995852,-0.2514192,0.185277,0.9303793,0.6844308,0.09689042,-1.85868,0.07643256,0.9638753,-0.01788732,0.2545242,4.208731,150.7091,7.96749,0.446551,0.05574289,-0.8930198,0.0,0.0,0.0,1.378289,0.1726014,-2.556547,-0.2437992,0.1682809,0.7632192,-0.8587511,0.1382374,-0.4933933,0.1564484,0.9876762,0.004425559,0.4879246,-0.07339015,-0.869795,static,-37.00771,-5.293417,-17.71532,12.4341,-36.15019680724551,-1.2299143933471646,26.200404021644193,22.94667671450306,154.9592060079281
2655,2655,05/15/2023 13:24:07.964598,2884,True,True,True,True,Eyes,0.8336475,0.1095033,-1.825014,0.6065119,0.07394966,-0.7916279,0.9072613,1.383912,0.176595,-2.543227,0.3749149,0.2662449,0.8880048,-0.2499036,0.1833287,0.9327929,0.6775215,0.09584738,-1.864511,0.07734441,0.9623992,-0.01536445,0.2599414,4.001552,150.0546,8.118968,0.4437202,0.05564883,-0.8944355,0.0,0.0,0.0,1.378289,0.1726014,-2.556547,-0.2449286,0.1699144,0.7683135,-0.8528965,0.1408847,-0.5027115,0.1568601,0.9875636,0.01063656,0.497958,-0.06978349,-0.8643888,static,-37.45781,-5.336779,-17.68162,12.47038,-36.58728946513423,-1.2858662702595025,26.61188836906132,23.38073243876114,154.55994369978248
2656,2656,05/15/2023 13:24:07.984076,2885,True,True,True,True,Eyes,0.8269574,0.1088774,-1.82745,0.6126979,0.0741841,-0.7868278,0.909936,1.384473,0.1763802,-2.543413,0.4122843,0.2518994,0.8755389,-0.2486794,0.182034,0.9352175,0.6703987,0.09452386,-1.870355,0.07802849,0.9609234,-0.01314504,0.2652645,3.82212,149.4109,8.239061,0.4408559,0.05553609,-0.8958578,0.0,0.0,0.0,1.378289,0.1726014,-2.556547,-0.2452146,0.1718915,0.7741209,-0.8470927,0.142985,-0.5118491,0.1569326,0.9874775,0.01613364,0.5077464,-0.06665912,-0.858924,static,-37.90767,-5.386069,-17.57639,12.51926,-37.02431134161059,-1.3475303009397628,27.091728498503766,23.885341064337133,154.08989442378984
2657,2657,05/15/2023 13:24:08.004166,2886,True,True,True,True,Eyes,0.820251,0.1082493,-1.830044,0.6188923,0.07442237,-0.7819423,0.9125904,1.385046,0.1761665,-2.543638,0.4504795,0.2376608,0.8605728,-0.2479771,0.1820679,0.9371139,0.6632313,0.09342401,-1.876584,0.07914139,0.9594387,-0.01156112,0.2703341,3.725338,148.8016,8.39057,0.4379574,0.05540509,-0.8972864,0.0,0.0,0.0,1.378289,0.1726014,-2.556547,-0.2447715,0.176215,0.7792613,-0.8413125,0.1456119,-0.5205677,0.1581133,0.9872059,0.02060485,0.5169079,-0.06497359,-0.8535718,static,-38.36094,-5.436823,-17.43787,12.74204,-37.46467563712395,-1.410713810710701,27.717249470278773,24.522915496606963,153.48628448316617
2658,2658,05/15/2023 13:24:08.014037,2887,True,True,True,True,Eyes,0.8135053,0.1076501,-1.832814,0.6249538,0.07459038,-0.77709,0.914694,1.385147,0.1758775,-2.543613,0.4571714,0.2183843,0.86215,-0.2486818,0.1822704,0.9379925,0.656046,0.09273039,-1.883013,0.08016105,0.9581443,-0.01038059,0.2746382,3.665004,148.2848,8.523381,0.4350238,0.05525711,-0.8987215,0.0,0.0,0.0,1.378289,0.1726014,-2.556547,-0.2423586,0.1751675,0.7860478,-0.8362963,0.1479099,-0.5279503,0.1593135,0.9869329,0.02413838,0.5246219,-0.06392278,-0.8489324,static,-38.80705,-5.482841,-17.13586,12.56285,-37.89797651047359,-1.469103237365604,28.20084111659758,25.0591538893494,152.98267099852808
2659,2659,05/15/2023 13:24:08.033998,2888,True,True,True,True,Eyes,0.8067437,0.1070717,-1.835731,0.6309745,0.0748165,-0.7721875,0.9166219,1.385109,0.1756502,-2.543535,0.4545771,0.2032058,0.867218,-0.2501901,0.1839387,0.938145,0.6488761,0.09276481,-1.889597,0.08205687,0.9569084,-0.009896497,0.2783796,3.705379,147.842,8.73411,0.4320529,0.0550948,-0.9001634,0.0,0.0,0.0,1.378289,0.1726014,-2.556547,-0.2402405,0.1763686,0.7929169,-0.8315431,0.1515318,-0.5343916,0.1625518,0.9863375,0.02674583,0.5311432,-0.06462599,-0.8448139,static,-39.25315,-5.534058,-16.85592,12.54016,-38.33140947214532,-1.5325086482258363,28.78043203262286,25.67560419836275,152.39834951999202
2660,2660,05/15/2023 13:24:08.054128,2889,True,True,True,True,Eyes,0.7999989,0.1065142,-1.83877,0.6366913,0.07493391,-0.7674693,0.917671,1.384272,0.1752789,-2.543054,0.3988731,0.1784914,0.8994671,-0.252243,0.1823144,0.9380735,0.6416583,0.09265937,-1.896103,0.08268096,0.9558406,-0.008224936,0.2818955,3.574035,147.4129,8.842651,0.4290446,0.05492023,-0.9016117,0.0,0.0,0.0,1.378289,0.1726014,-2.556547,-0.2396282,0.1805944,0.7979404,-0.8273978,0.1534225,-0.5402545,0.1626968,0.9861924,0.03089133,0.5375343,-0.06233824,-0.8409348,static,-39.67905,-5.57655,-16.71545,12.75266,-38.74504133175769,-1.5868622639437318,29.381743722660502,26.285448312752656,151.8179219369139
2661,2661,05/15/2023 13:24:08.064318,2890,True,True,True,True,Eyes,0.7932492,0.1060632,-1.841951,0.6423576,0.07496929,-0.7627295,0.9186259,1.383336,0.1749319,-2.542614,0.3364466,0.1553613,0.9287984,-0.2557513,0.1851909,0.9368047,0.6343977,0.0927359,-1.90258,0.08377032,0.9549723,-0.009001639,0.2844809,3.718513,147.1134,8.928501,0.4260004,0.05473525,-0.9030653,0.0,0.0,0.0,1.378289,0.1726014,-2.556547,-0.2382942,0.1747876,0.8053149,-0.8241061,0.1548751,-0.5448509,0.1651182,0.9858029,0.03046948,0.5418346,-0.06485474,-0.8379791,static,-40.10351,-5.613616,-16.48358,12.24569,-39.15713062542693,-1.6359354052851565,29.611752801996307,26.585511502629704,151.54635430782267
2662,2662,05/15/2023 13:24:08.084121,2891,True,True,True,True,Eyes,0.786489,0.1057191,-1.845274,0.6479849,0.07503705,-0.7579479,0.9195762,1.38236,0.1747214,-2.542265,0.2714257,0.1413161,0.9520283,-0.2581301,0.1850685,0.9360139,0.6274697,0.09483398,-1.909207,0.08657637,0.9538651,-0.008046086,0.2873697,3.73309,146.7706,9.258055,0.4229208,0.0545458,-0.9045231,0.0,0.0,0.0,1.378289,0.1726014,-2.556547,-0.2395663,0.1741791,0.8118692,-0.8198462,0.1605399,-0.5496171,0.1697887,0.9848796,0.0344091,0.5468306,-0.06510862,-0.8347077,static,-40.52779,-5.653875,-16.44027,12.10873,-39.56913266461059,-1.6880836946299658,29.928560876467568,26.93132667142016,151.22828941072615
2663,2663,05/15/2023 13:24:08.104283,2892,True,True,True,True,Eyes,0.7797296,0.1054193,-1.848719,0.6536142,0.07517093,-0.7530856,0.9206157,1.381457,0.1746228,-2.542022,0.2111812,0.1347284,0.9681171,-0.2595057,0.1811158,0.9364787,0.620523,0.09700637,-1.915848,0.0878235,0.9526237,-0.005744934,0.2911397,3.559402,146.3062,9.456411,0.4198054,0.05435722,-0.9059845,0.0,0.0,0.0,1.378289,0.1726014,-2.556547,-0.2446061,0.1788374,0.8158619,-0.8150496,0.1639803,-0.5557022,0.1706706,0.984508,0.0401923,0.5536841,-0.06208334,-0.8304096,static,-40.9552,-5.700226,-16.68942,12.36372,-39.98433215237045,-1.7462080469034893,30.25118549907286,27.234959182555244,150.95320078270566
2664,2664,05/15/2023 13:24:08.114128,2893,True,True,True,True,Eyes,0.7729777,0.1051486,-1.852264,0.6592438,0.07525109,-0.7481543,0.9217218,1.380617,0.1745092,-2.541854,0.1552474,0.1272036,0.9796517,-0.2602727,0.1787029,0.9371577,0.6137064,0.09775698,-1.922259,0.087176,0.9513998,-0.004785668,0.2953238,3.474049,145.7961,9.40151,0.4166554,0.05417128,-0.9074486,0.0,0.0,0.0,1.378289,0.1726014,-2.556547,-0.2522504,0.1712655,0.8210477,-0.8103688,0.1630518,-0.5627763,0.1687051,0.9847549,0.04238411,0.5611075,-0.06059644,-0.8255223,static,-41.38522,-5.743625,-17.07852,11.7826,-40.40197885865624,-1.801565979023624,29.966384961163147,26.990985503999166,151.22440577000125
2665,2665,05/15/2023 13:24:08.133999,2894,True,True,True,True,Eyes,0.7662336,0.104937,-1.855904,0.6649575,0.07532872,-0.7430727,0.9229942,1.379986,0.174465,-2.541756,0.1130978,0.124204,0.9857901,-0.259754,0.1794074,0.9381559,0.6068717,0.09822556,-1.928341,0.08755636,0.9499395,-0.004878417,0.2998751,3.542009,145.2525,9.423663,0.4134722,0.05398883,-0.9089143,0.0,0.0,0.0,1.378289,0.1726014,-2.556547,-0.2586835,0.1685749,0.825902,-0.8048177,0.1634206,-0.5705807,0.1692723,0.9846202,0.04324355,0.5688722,-0.06178034,-0.8201024,static,-41.82458,-5.788563,-17.39125,11.53618,-40.82871308077779,-1.858701700423768,29.952200835747426,26.995139033373572,151.24777000940693
2666,2666,05/15/2023 13:24:08.153933,2895,True,True,True,True,Eyes,0.7594766,0.1047697,-1.859664,0.6707729,0.07551439,-0.7378085,0.9244517,1.379574,0.1745791,-2.541732,0.08567286,0.1318369,0.9875622,-0.257482,0.1780925,0.9402051,0.6002147,0.09943174,-1.934319,0.08749864,0.9481786,-0.004450813,0.3054206,3.548194,144.5833,9.411465,0.4102575,0.05381215,-0.9103803,0.0,0.0,0.0,1.378289,0.1726014,-2.556547,-0.2630973,0.1678099,0.8304386,-0.7981247,0.1632099,-0.5799654,0.1686474,0.9846484,0.04500745,0.5784077,-0.06188811,-0.8133972,static,-42.2753,-5.843851,-17.57911,11.42414,-41.26673140623744,-1.926179917425923,30.134453930545696,27.190705209369938,151.08073804735028
2667,2667,05/15/2023 13:24:08.164123,2896,True,True,True,True,Eyes,0.7527208,0.1046524,-1.863537,0.6765928,0.07582168,-0.7324435,0.9259468,1.37921,0.1748593,-2.541741,0.06137826,0.1504685,0.9867076,-0.2559249,0.1743961,0.9425123,0.5934342,0.1002536,-1.940715,0.08648267,0.9464802,-0.002825129,0.3109472,3.389931,143.9031,9.336658,0.4070113,0.05364252,-0.9118462,0.0,0.0,0.0,1.378289,0.1726014,-2.556547,-0.2650172,0.1694278,0.8354325,-0.7916653,0.1619513,-0.5890995,0.1654652,0.9850256,0.04843524,0.5881222,-0.05913095,-0.806608,static,-42.73013,-5.91014,-17.60015,11.46424,-41.7090301498904,-2.0044014159166705,30.551349809538696,27.615980947131415,150.68503544613088
2668,2668,05/15/2023 13:24:08.184025,2897,True,True,True,True,Eyes,0.7459139,0.1045989,-1.867568,0.6824427,0.07615311,-0.7269613,0.9274445,1.378842,0.1752267,-2.541784,0.03685652,0.1749682,0.983884,-0.2564747,0.1706583,0.9442095,0.5866187,0.1013006,-1.94735,0.08628509,0.9450463,-0.0006040117,0.3153446,3.185034,143.3555,9.378606,0.4037347,0.05348136,-0.9133112,0.0,0.0,0.0,1.378289,0.1726014,-2.556547,-0.2656355,0.1722731,0.8403548,-0.7862256,0.1627059,-0.5961347,0.1634677,0.985109,0.05327743,0.5959262,-0.0555607,-0.801115,static,-43.19081,-5.980231,-17.5417,11.58515,-42.1570981450731,-2.0864747425580727,31.087287650537494,28.157257482606404,150.1741055031205
2669,2669,05/15/2023 13:24:08.204115,2898,True,True,True,True,Eyes,0.7390936,0.1045997,-1.871722,0.6881372,0.0765836,-0.7215277,0.9287958,1.378233,0.1757302,-2.541873,-0.003734425,0.2085418,0.9780062,-0.2582703,0.1663419,0.9454164,0.5798028,0.1025506,-1.954217,0.0866027,0.9437864,0.002340281,0.3190012,2.913903,142.8917,9.507435,0.4004258,0.05333063,-0.9147756,0.0,0.0,0.0,1.378289,0.1726014,-2.556547,-0.2660426,0.1722464,0.8454963,-0.7814765,0.164962,-0.6017326,0.1619758,0.984989,0.05967017,0.6025432,-0.05083527,-0.7964656,static,-43.6431,-6.058742,-17.46663,11.51485,-42.597270249751695,-2.176409091677113,31.528379556256358,28.61817001273616,149.7417780724887
2670,2670,05/15/2023 13:24:08.213698,2899,True,True,True,True,Eyes,0.7322544,0.1046467,-1.875991,0.6936227,0.07697193,-0.7162142,0.9299399,1.377282,0.176226,-2.542027,-0.06712098,0.2416614,0.9680365,-0.2639257,0.1636112,0.9452551,0.5726158,0.1038293,-1.961336,0.086683,0.9431573,0.00432463,0.3208143,2.720318,142.6567,9.582861,0.3970848,0.05319158,-0.9162388,0.0,0.0,0.0,1.378289,0.1726014,-2.556547,-0.2664093,0.1715899,0.8506482,-0.7791287,0.1662862,-0.604407,0.1607366,0.9849347,0.0637759,0.6059065,-0.04746068,-0.7941192,static,-44.08196,-6.134065,-17.38972,11.40448,-43.02434881232836,-2.262846351034716,31.938632358550123,29.050473385670383,149.33599281425606
2671,2671,05/15/2023 13:24:08.234488,2900,True,True,True,True,Eyes,0.7254176,0.1047442,-1.880352,0.6988565,0.07729673,-0.7110729,0.9309126,1.375992,0.1767007,-2.542299,-0.1530848,0.273235,0.9496883,-0.2707109,0.1616674,0.9445297,0.5655364,0.1049593,-1.968215,0.08545849,0.9428687,0.00500882,0.3219791,2.612813,142.5076,9.471024,0.393712,0.05306502,-0.9177005,0.0,0.0,0.0,1.378289,0.1726014,-2.556547,-0.2659143,0.1708665,0.8557684,-0.7780527,0.1643777,-0.6063119,0.1579268,0.9853436,0.06447701,0.6080241,-0.04558638,-0.7926088,static,-44.50357,-6.203942,-17.26167,11.29144,-43.434572687552,-2.3434880878426645,32.37606379620482,29.511558736412205,148.89895372255296
2672,2672,05/15/2023 13:24:08.253911,2901,True,True,True,True,Eyes,0.7186357,0.1049144,-1.884758,0.7039096,0.07745064,-0.7060543,0.931879,1.374594,0.177089,-2.542715,-0.2462354,0.2991106,0.9219007,-0.2785248,0.1629723,0.9428934,0.5587563,0.106298,-1.974754,0.08354807,0.9429036,0.002987534,0.3224033,2.764931,142.4684,9.187613,0.3903091,0.05295188,-0.9191595,0.0,0.0,0.0,1.378289,0.1726014,-2.556547,-0.2653437,0.1732382,0.8603028,-0.7781521,0.1594819,-0.6074911,0.1556291,0.9860216,0.05950624,0.6084895,-0.04823842,-0.7920948,static,-44.91285,-6.260033,-17.14136,11.38533,-43.83247934223292,-2.4104416601829275,32.9031076377577,30.04561810715877,148.38923338392456
2673,2673,05/15/2023 13:24:08.264595,2902,True,True,True,True,Eyes,0.7118773,0.1051501,-1.889219,0.7088547,0.07765744,-0.7010665,0.9330194,1.373253,0.177606,-2.543328,-0.3356309,0.3335335,0.8809696,-0.284063,0.1617714,0.9423721,0.5523586,0.1083842,-1.98095,0.08147523,0.9426165,0.001852753,0.3237786,2.823934,142.3061,8.916086,0.3868808,0.05285418,-0.9206133,0.0,0.0,0.0,1.378289,0.1726014,-2.556547,-0.2646593,0.1748042,0.864552,-0.7770587,0.1547995,-0.6100961,0.1524,0.9867167,0.05625273,0.6106999,-0.04926699,-0.7903282,static,-45.31649,-6.32091,-17.02056,11.43056,-44.22505431365511,-2.481836191508159,33.40320855435597,30.555511428401648,147.9031170641045
2674,2674,05/15/2023 13:24:08.284209,2903,True,True,True,True,Eyes,0.7051831,0.1054444,-1.893731,0.7139314,0.07764468,-0.6958974,0.9343277,1.372229,0.17799,-2.543927,-0.4039684,0.3592371,0.8412837,-0.2873271,0.1592075,0.9431862,0.5461157,0.1102221,-1.986748,0.07817528,0.9419789,0.0006060787,0.3264415,2.860103,141.9853,8.502862,0.3834296,0.05277334,-0.9220607,0.0,0.0,0.0,1.378289,0.1726014,-2.556547,-0.2645261,0.1754176,0.8690127,-0.7746491,0.1476746,-0.6149071,0.1468832,0.9877765,0.05218113,0.6150967,-0.04989748,-0.7868711,static,-45.73287,-6.366439,-16.93017,11.41229,-44.62954911638076,-2.538821564837776,33.847876331395454,31.014337286608928,147.46561383220288
2675,2675,05/15/2023 13:24:08.304060,2904,True,True,True,True,Eyes,0.6985241,0.1057654,-1.898286,0.7190121,0.07777714,-0.6906317,0.9358553,1.371415,0.1785535,-2.544617,-0.4582283,0.39682,0.7953368,-0.288242,0.1576838,0.9442013,0.5403238,0.1120301,-1.992961,0.07647724,0.9408831,-0.0001121892,0.3299854,2.905216,141.5569,8.280726,0.3799598,0.05271029,-0.9234995,0.0,0.0,0.0,1.378289,0.1726014,-2.556547,-0.2649736,0.175469,0.8728932,-0.770522,0.1438382,-0.6209725,0.1439863,0.9883025,0.05026163,0.6209382,-0.05068386,-0.7822194,static,-46.15338,-6.425428,-16.88608,11.36612,-45.03841076197816,-2.60892343310178,34.25075224759748,31.43016968278891,147.07241720064943
2676,2676,05/15/2023 13:24:08.313857,2905,True,True,True,True,Eyes,0.6919301,0.106113,-1.902864,0.724322,0.07760725,-0.6850802,0.9374218,1.370925,0.1788637,-2.545073,-0.4907945,0.4174103,0.7647806,-0.287642,0.1534184,0.9468145,0.5344233,0.1129773,-1.998578,0.0743133,0.939498,0.0008724098,0.3343954,2.754742,141.01,8.069839,0.3764741,0.05266434,-0.9249286,0.0,0.0,0.0,1.378289,0.1726014,-2.556547,-0.266201,0.1756296,0.8765482,-0.7653146,0.1402178,-0.628198,0.1390509,0.9889535,0.0513393,0.6284572,-0.04806079,-0.7763581,static,-46.59486,-6.463028,-16.89314,11.33004,-45.46699804717428,-2.6590455014584427,34.62348104698636,31.814460185066498,146.70909663423328
2677,2677,05/15/2023 13:24:08.334204,2906,True,True,True,True,Eyes,0.6853712,0.1064966,-1.907492,0.7296913,0.07760487,-0.6793586,0.9391851,1.370687,0.1793819,-2.545536,-0.5068049,0.4520243,0.7340454,-0.2853305,0.1543503,0.9492117,0.5286189,0.1140914,-2.004334,0.07410532,0.9377315,2.149097e-05,0.3393646,2.880735,140.4111,7.999948,0.3729768,0.05263487,-0.9263461,0.0,0.0,0.0,1.378289,0.1726014,-2.556547,-0.267519,0.1755446,0.8798791,-0.7586805,0.1389964,-0.6364625,0.1389672,0.9890168,0.05033774,0.6364688,-0.05025713,-0.7696637,static,-47.0458,-6.516796,-16.91141,11.28293,-45.9051879876149,-2.72506403249509,34.99873863937351,32.20035805405773,146.34603335842397
2678,2678,05/15/2023 13:24:08.353942,2907,True,True,True,True,Eyes,0.6788795,0.1068795,-1.912135,0.7350734,0.0774589,-0.6735482,0.9409223,1.370527,0.1797624,-2.545892,-0.5174125,0.4773419,0.7102315,-0.2825915,0.149278,0.9526666,0.5228071,0.1152894,-2.010233,0.07404725,0.9357869,0.002914005,0.3446906,2.613192,139.743,8.090672,0.3694698,0.05262172,-0.9277512,0.0,0.0,0.0,1.378289,0.1726014,-2.556547,-0.2690154,0.1778464,0.8829235,-0.751411,0.1405937,-0.6446823,0.136576,0.9890171,0.05650055,0.6455453,-0.045593,-0.76236,static,-47.50095,-6.560269,-16.9453,11.38864,-46.34717446676101,-2.781281360507834,35.437424867120086,32.63827344578983,145.93328576433808
2679,2679,05/15/2023 13:24:08.363908,2908,True,True,True,True,Eyes,0.6723974,0.1072698,-1.916833,0.7404633,0.07738592,-0.6676268,0.9427755,1.370488,0.1802274,-2.546255,-0.5201412,0.5084913,0.686214,-0.2802878,0.1474545,0.9558782,0.516675,0.115802,-2.016293,0.07440738,0.9338368,0.004610063,0.3498446,2.490397,139.1031,8.182621,0.3659571,0.05262304,-0.9291423,0.0,0.0,0.0,1.378289,0.1726014,-2.556547,-0.2697471,0.1755964,0.8865029,-0.7441446,0.1421943,-0.6527095,0.1357431,0.9888846,0.06067213,0.6540816,-0.04345195,-0.7551749,static,-47.96111,-6.61176,-16.92407,11.20399,-46.7942316465128,-2.8453920191235014,35.78685233467872,33.00926675811014,145.5803226082317
2680,2680,05/15/2023 13:24:08.384125,2909,True,True,True,True,Eyes,0.6659148,0.1076591,-1.921605,0.7458346,0.07716458,-0.6616467,0.9445554,1.370397,0.1805453,-2.546566,-0.5261242,0.5296072,0.6653643,-0.2793055,0.1455162,0.9588498,0.5103515,0.116347,-2.022372,0.07464622,0.9320763,0.006239763,0.3544331,2.365975,138.5311,8.261867,0.3624392,0.0526375,-0.9305193,0.0,0.0,0.0,1.378289,0.1726014,-2.556547,-0.2717956,0.1770912,0.8891541,-0.7376104,0.1435751,-0.6597857,0.1347288,0.9887781,0.06454605,0.6616489,-0.04128231,-0.7486767,static,-48.42305,-6.652073,-16.99728,11.2641,-47.24270789404251,-2.898773307901915,36.17413820754863,33.39719881710748,145.2161161887325
2681,2681,05/15/2023 13:24:08.404091,2910,True,True,True,True,Eyes,0.659443,0.1080356,-1.926432,0.7511444,0.07701853,-0.6556298,0.9464075,1.370332,0.1809265,-2.546925,-0.5302238,0.5547519,0.6411809,-0.2797213,0.1433473,0.9613962,0.5040593,0.1166941,-2.028735,0.07404686,0.9305536,0.007594398,0.3585104,2.23276,138.021,8.242512,0.3589158,0.05266344,-0.9318826,0.0,0.0,0.0,1.378289,0.1726014,-2.556547,-0.2725371,0.1778083,0.8917818,-0.7319751,0.1432545,-0.6661015,0.1323638,0.9889188,0.06722712,0.6683509,-0.03895915,-0.7428256,static,-48.88421,-6.699977,-16.99366,11.27607,-47.69063573296586,-2.9594543769601023,36.607997009515685,33.837175908123896,144.79839396590205
2682,2682,05/15/2023 13:24:08.413852,2911,True,True,True,True,Eyes,0.6530097,0.1083925,-1.931292,0.7563037,0.07670828,-0.649708,0.948146,1.370096,0.1811232,-2.54731,-0.5461053,0.5680521,0.6156994,-0.2808595,0.1420348,0.963597,0.4977876,0.1167526,-2.034954,0.07307111,0.9292187,0.008195554,0.3621411,2.160172,137.5696,8.154029,0.3553873,0.05269884,-0.9332319,0.0,0.0,0.0,1.378289,0.1726014,-2.556547,-0.272334,0.1769979,0.8953302,-0.727029,0.141734,-0.6718189,0.1298622,0.9891869,0.06815503,0.6742142,-0.03769318,-0.7375735,static,-49.33554,-6.733499,-16.91827,11.18262,-48.12865128417637,-3.005950618064566,37.03871912303476,34.28415721710936,144.36664220753386
2683,2683,05/15/2023 13:24:08.434979,2912,True,True,True,True,Eyes,0.6465833,0.1087226,-1.936193,0.7613832,0.07640717,-0.6437839,0.9499093,1.369828,0.1813025,-2.547729,-0.5639883,0.5800347,0.5877729,-0.2825297,0.1411599,0.9655237,0.4915969,0.1167549,-2.041243,0.07162115,0.9280002,0.008178495,0.3655396,2.130831,137.1498,7.990223,0.3518561,0.05274158,-0.9345665,0.0,0.0,0.0,1.378289,0.1726014,-2.556547,-0.271223,0.1776994,0.8982997,-0.7225024,0.138908,-0.6772701,0.1269497,0.989607,0.06754002,0.6796131,-0.03718144,-0.7326279,static,-49.78397,-6.768459,-16.8006,11.18964,-48.56389747365044,-3.053743390538064,37.55523953126515,34.81064545235357,143.85764098839013
2684,2684,05/15/2023 13:24:08.453771,2913,True,True,True,True,Eyes,0.6401552,0.109017,-1.941148,0.766405,0.07582571,-0.6378666,0.9514649,1.369363,0.1811625,-2.548056,-0.5949783,0.570662,0.5659907,-0.2841559,0.1416931,0.9673839,0.4852929,0.1164469,-2.047171,0.07061432,0.9268097,0.007593914,0.3687546,2.177906,136.7567,7.850648,0.3483226,0.05278942,-0.9358866,0.0,0.0,0.0,1.378289,0.1726014,-2.556547,-0.2706754,0.1775029,0.9013819,-0.7180676,0.1364926,-0.6824581,0.1252915,0.9899119,0.06615493,0.6846031,-0.03800248,-0.7279251,static,-50.22993,-6.779162,-16.71445,11.14032,-48.996090060736186,-3.078054146397492,38.00520010181138,35.27416120020251,143.40606484840762
2685,2685,05/15/2023 13:24:08.464167,2914,True,True,True,True,Eyes,0.6337197,0.109287,-1.946139,0.771377,0.07514963,-0.6319256,0.9530012,1.368843,0.1809047,-2.548365,-0.6295618,0.5534281,0.5453157,-0.2850926,0.1442128,0.9691159,0.4789004,0.115941,-2.053347,0.07061464,0.9254319,0.006580731,0.3722178,2.314693,136.3369,7.799547,0.3447863,0.05283986,-0.9371923,0.0,0.0,0.0,1.378289,0.1726014,-2.556547,-0.2697004,0.1773282,0.9043109,-0.712935,0.135597,-0.6879951,0.1257992,0.9899405,0.06474809,0.6898539,-0.04038803,-0.7228212,static,-50.67507,-6.781858,-16.60661,11.09448,-49.42727015379076,-3.0946135700865023,38.473671868718796,35.75648345784717,142.93373898099756
2686,2686,05/15/2023 13:24:08.484334,2915,True,True,True,True,Eyes,0.6272844,0.1095425,-1.95117,0.7763347,0.07422774,-0.625935,0.9544277,1.36824,0.1803875,-2.548579,-0.6698052,0.5189817,0.5310544,-0.2857727,0.1471827,0.9711396,0.4722387,0.1156581,-2.059261,0.0706752,0.9239818,0.005023585,0.3758155,2.512554,135.9032,7.730311,0.3412477,0.05289128,-0.9384836,0.0,0.0,0.0,1.378289,0.1726014,-2.556547,-0.2684573,0.1762722,0.9073673,-0.7075355,0.1343811,-0.6937833,0.1268293,0.9899595,0.06240508,0.6952035,-0.04383827,-0.7174749,static,-51.12183,-6.76295,-16.48159,10.99378,-49.859430049095074,-3.090378995274034,38.92618254530619,36.2276654084573,142.4665757657044
2687,2687,05/15/2023 13:24:08.504090,2916,True,True,True,True,Eyes,0.6208355,0.1097837,-1.956239,0.7812586,0.07331703,-0.6198868,0.9559495,1.367679,0.1798711,-2.548819,-0.7070938,0.4845166,0.5150359,-0.2868951,0.1489151,0.9731773,0.4655677,0.1156561,-2.065467,0.07092336,0.9225453,0.004248964,0.3792915,2.63433,135.479,7.713812,0.3377068,0.0529427,-0.9397607,0.0,0.0,0.0,1.378289,0.1726014,-2.556547,-0.2669557,0.1748642,0.9102074,-0.7022157,0.1340832,-0.6992245,0.1276368,0.9899036,0.06164097,0.7004298,-0.04596152,-0.7122398,static,-51.56989,-6.745314,-16.34594,10.87486,-50.29288364731367,-3.087412483929993,39.38524070502523,36.706130767344554,141.99088611495878
2688,2688,05/15/2023 13:24:08.513692,2917,True,True,True,True,Eyes,0.6144108,0.1099896,-1.961309,0.786158,0.07235575,-0.6137753,0.9575127,1.367167,0.1792711,-2.549006,-0.7413871,0.4446215,0.5026499,-0.2872599,0.149241,0.9759668,0.4587403,0.1155625,-2.071509,0.07085933,0.9209351,0.00409767,0.3831983,2.680068,134.996,7.689261,0.3341631,0.05299324,-0.9410237,0.0,0.0,0.0,1.378289,0.1726014,-2.556547,-0.2651055,0.1753384,0.9129053,-0.6962762,0.1336541,-0.7052206,0.1273732,0.9899243,0.06185371,0.7063821,-0.04675896,-0.7062848,static,-52.01986,-6.723361,-16.19317,10.87219,-50.7280693095786,-3.0803405712317327,39.91434743735266,37.24691100834926,141.45577418288872
2689,2689,05/15/2023 13:24:08.534586,2918,True,True,True,True,Eyes,0.6079606,0.1101535,-1.966412,0.7910122,0.07139392,-0.6076204,0.959165,1.366672,0.1786321,-2.54922,-0.7744485,0.402044,0.488457,-0.2875703,0.1491919,0.9789582,0.4518169,0.1150775,-2.077717,0.06996597,0.919286,0.00372541,0.3873039,2.713783,134.4872,7.566154,0.3306186,0.05304118,-0.9422722,0.0,0.0,0.0,1.378289,0.1726014,-2.556547,-0.2630407,0.1759976,0.9154725,-0.6902013,0.1315232,-0.7115648,0.1257517,0.9901817,0.06104561,0.7126074,-0.04734675,-0.699964,static,-52.47013,-6.701388,-16.03083,10.88222,-51.16354496869717,-3.073258768409528,40.4599290012682,37.80295026485693,140.90531254174147
2690,2690,05/15/2023 13:24:08.554038,2919,True,True,True,True,Eyes,0.6014894,0.1102942,-1.971541,0.7958837,0.07034207,-0.6013495,0.9608647,1.366226,0.1778834,-2.549356,-0.8039806,0.3520479,0.4792468,-0.2883507,0.15053,0.981985,0.4447145,0.1142464,-2.083666,0.06948296,0.9177179,0.002985179,0.3910972,2.801165,134.0191,7.470857,0.3270725,0.05308459,-0.9435065,0.0,0.0,0.0,1.378289,0.1726014,-2.556547,-0.2613086,0.1747533,0.9182822,-0.6844299,0.1298665,-0.7174189,0.1251965,0.9903264,0.05982828,0.7182485,-0.04887007,-0.694068,static,-52.92624,-6.67178,-15.88436,10.77481,-51.60446831568012,-3.05899339695521,40.94489438944128,38.30535542857591,140.40255618069256
2691,2691,05/15/2023 13:24:08.564221,2920,True,True,True,True,Eyes,0.5949767,0.1104106,-1.976705,0.8006827,0.06931367,-0.5950654,0.9627051,1.365798,0.1771392,-2.549578,-0.8323928,0.3024056,0.4644062,-0.2893084,0.1524656,0.9850453,0.4374538,0.113907,-2.089754,0.06990749,0.9161238,0.002335266,0.3947463,2.918343,133.5695,7.475384,0.3235246,0.0531227,-0.9447269,0.0,0.0,0.0,1.378289,0.1726014,-2.556547,-0.2594545,0.1738585,0.9207352,-0.6785765,0.1299315,-0.7229464,0.1262441,0.9902149,0.05947023,0.7235995,-0.05091266,-0.6883397,static,-53.38036,-6.643916,-15.73733,10.69302,-52.0435119567908,-3.046348338166699,41.443540599820814,38.81892696367868,139.88923279729374
2692,2692,05/15/2023 13:24:08.584290,2921,True,True,True,True,Eyes,0.5884007,0.1105097,-1.981926,0.8054253,0.06830829,-0.588748,0.9646994,1.365394,0.1764067,-2.549891,-0.8595409,0.2536545,0.4436765,-0.2912834,0.1530773,0.9884235,0.4299122,0.1134435,-2.095833,0.07046971,0.9146966,0.002788741,0.3979405,2.922423,133.1697,7.545126,0.3199728,0.05315472,-0.9459339,0.0,0.0,0.0,1.378289,0.1726014,-2.556547,-0.2569502,0.1731715,0.9232777,-0.673355,0.1311363,-0.7275966,0.1266973,0.9900525,0.06118719,0.7283826,-0.05098379,-0.6832713,static,-53.83403,-6.618036,-15.552,10.62307,-52.48217388682294,-3.035603447483722,41.98534931406593,39.375082268561364,139.3330992358055
2693,2693,05/15/2023 13:24:08.604071,2922,True,True,True,True,Eyes,0.5817623,0.1105823,-1.987193,0.8100759,0.06737865,-0.5824406,0.9676141,1.365603,0.1757788,-2.550771,-0.8466493,0.3691255,0.3833161,-0.2944189,0.1544246,0.9924615,0.4219889,0.1131303,-2.102244,0.07197691,0.9133887,0.003665912,0.4006583,2.922176,132.8282,7.735395,0.3164151,0.05318028,-0.9471285,0.0,0.0,0.0,1.378289,0.1726014,-2.556547,-0.2544759,0.1730453,0.9254267,-0.6685848,0.1344233,-0.7313858,0.1285482,0.9896118,0.06437311,0.7324412,-0.05097949,-0.6789193,static,-54.28405,-6.598833,-15.3753,10.59141,-52.91748296335503,-3.031186462670985,42.53698721067994,39.93733386242503,138.77297428139389
2694,2694,05/15/2023 13:24:08.624084,2923,True,True,True,True,Eyes,0.5750628,0.1106283,-1.992514,0.8146601,0.06654224,-0.5761086,0.9711063,1.366184,0.1752479,-2.551976,-0.8086016,0.5055915,0.3008998,-0.2978678,0.1542013,0.9974661,0.4138212,0.112553,-2.108675,0.07349396,0.9121036,0.00584489,0.4032761,2.7865,132.4904,7.986901,0.3128492,0.05319863,-0.9483113,0.0,0.0,0.0,1.378289,0.1726014,-2.556547,-0.2521282,0.1736109,0.9275148,-0.663934,0.1387824,-0.7347999,0.129354,0.9891289,0.069939,0.7365183,-0.04861442,-0.6746685,static,-54.73294,-6.588634,-15.20736,10.60187,-53.3519431968481,-3.0354216278922914,43.10202897904478,40.509072443163234,138.20616040521173
2695,2695,05/15/2023 13:24:08.633962,2924,True,True,True,True,Eyes,0.5682997,0.1106471,-1.997883,0.8191217,0.06580724,-0.5698325,0.9749418,1.366896,0.1748053,-2.553437,-0.7622187,0.6149745,0.202062,-0.3018462,0.1540873,1.002565,0.4055628,0.1119721,-2.115394,0.07347418,0.9109167,0.006723647,0.4059397,2.716999,132.1512,8.017369,0.3092735,0.05320906,-0.9494829,0.0,0.0,0.0,1.378289,0.1726014,-2.556547,-0.2503099,0.1747158,0.929495,-0.6596293,0.1393165,-0.7385666,0.128399,0.9891127,0.07190155,0.7405427,-0.04740282,-0.6703358,static,-55.1751,-6.587634,-15.07201,10.64559,-53.78013644967646,-3.0483214924158952,43.649076015217965,41.05900954974758,137.6639277464514
2696,2696,05/15/2023 13:24:08.653993,2925,True,True,True,True,Eyes,0.5614711,0.1106316,-2.003292,0.8235413,0.06507401,-0.5635113,0.979923,1.368478,0.1743992,-2.555489,-0.6575758,0.7507166,0.06339364,-0.3071208,0.1534763,1.00862,0.397247,0.1113219,-2.121988,0.07198526,0.9100004,0.006767376,0.4082545,2.662919,131.8579,7.856149,0.3056862,0.05321091,-0.9506438,0.0,0.0,0.0,1.378289,0.1726014,-2.556547,-0.2490222,0.1762271,0.9309646,-0.656293,0.1365389,-0.7420492,0.1254876,0.9895447,0.07109325,0.7439978,-0.04645999,-0.6665651,static,-55.61797,-6.587311,-14.97536,10.71898,-54.20903578045096,-3.0618968292678472,44.17385488938882,41.583577063896215,137.14877087604617
2697,2697,05/15/2023 13:24:08.674022,2926,True,True,True,True,Eyes,0.5545871,0.1105829,-2.008741,0.8278753,0.06438358,-0.5572048,0.9875472,1.372153,0.1741647,-2.559007,-0.4135743,0.8939052,-0.1728868,-0.3121279,0.1556187,1.017175,0.3889748,0.1104876,-2.128204,0.07098073,0.9090562,0.005774781,0.4105427,2.738752,131.5751,7.697649,0.302086,0.05320332,-0.9517943,0.0,0.0,0.0,1.378289,0.1726014,-2.556547,-0.2477604,0.1769781,0.9325593,-0.6528329,0.1337925,-0.7455929,0.1243093,0.9898567,0.06878043,0.7472324,-0.04778204,-0.6628427,static,-56.05732,-6.59115,-14.87852,10.74562,-54.63463957708623,-3.079377530005151,44.679493769210275,42.091324528128446,136.6486829898144
2698,2698,05/15/2023 13:24:08.683998,2927,True,True,True,True,Eyes,0.547621,0.1105091,-2.014263,0.8321918,0.06376742,-0.550809,0.9896919,1.371235,0.1736192,-2.559395,-0.4747317,0.8574116,-0.1986835,-0.3163023,0.1562102,1.019613,0.3808807,0.1096281,-2.136118,0.07065145,0.907825,0.005959084,0.413312,2.72731,131.2253,7.663524,0.2984717,0.05318553,-0.952935,0.0,0.0,0.0,1.378289,0.1726014,-2.556547,-0.245839,0.1772764,0.9343876,-0.6483634,0.1332042,-0.7495878,0.1233524,0.9899457,0.06922179,0.7512718,-0.04758256,-0.6582757,static,-56.50032,-6.603762,-14.74055,10.74274,-55.06401753782548,-3.10543738403704,45.21923840677665,42.635126962797,136.11188187648088
2699,2699,05/15/2023 13:24:08.703954,2928,True,True,True,True,Eyes,0.5406034,0.1104206,-2.019888,0.8364105,0.06312968,-0.5444559,0.0,0.0,0.0,0.0,0.0,0.0,0.0,-1.389186,-0.001260191,-1.677138,0.372356,0.1089065,-2.142923,0.07138274,0.9065459,0.00654499,0.4159762,2.723743,130.8879,7.759841,0.2948412,0.05315718,-0.9540661,0.0,0.0,0.0,1.378289,0.1726014,-2.556547,-0.2438926,0.1774487,0.9359611,-0.6437365,0.1348686,-0.7532686,0.1239783,0.9897233,0.0712537,0.7551374,-0.04752037,-0.6538419,static,-56.93815,-6.613913,-14.60533,10.73528,-55.48832137756886,-3.1289606073863423,45.74999614102332,43.169852346259766,135.5832184864879
2700,2700,05/15/2023 13:24:08.713617,2929,True,True,True,True,Eyes,0.5335105,0.1103639,-2.025585,0.8406755,0.06241441,-0.5379304,0.0,0.0,0.0,0.0,0.0,0.0,0.0,-1.408449,0.005612344,-1.667734,0.3639237,0.1084792,-2.149626,0.07266387,0.9053319,0.007175507,0.4183809,2.740351,130.5835,7.9166,0.2911937,0.05311839,-0.9551879,0.0,0.0,0.0,1.378289,0.1726014,-2.556547,-0.2430605,0.179542,0.9371606,-0.6393546,0.137574,-0.7565044,0.1255656,0.989337,0.07379479,0.75859,-0.04780992,-0.6498116,static,-57.38568,-6.618259,-14.53978,10.84536,-55.92186111813481,-3.147186989854849,46.26823030316981,43.68372704945384,135.08121338754407
2701,2701,05/15/2023 13:24:08.733917,2930,True,True,True,True,Eyes,0.5263562,0.1103092,-2.031312,0.8449224,0.06164949,-0.5313241,0.0,0.0,0.0,0.0,0.0,0.0,0.0,-1.430277,0.00846833,-1.656202,0.3555018,0.1091481,-2.156496,0.07475977,0.9037904,0.00680638,0.4213401,2.905884,130.2169,8.108686,0.2875275,0.05307156,-0.9563005,0.0,0.0,0.0,1.378289,0.1726014,-2.556547,-0.2423732,0.1801465,0.938571,-0.6337669,0.1408699,-0.7605886,0.1293987,0.9887294,0.07530166,0.762624,-0.05069549,-0.6448523,static,-57.83652,-6.61843,-14.47953,10.86504,-56.35849265877148,-3.161488880353411,46.74933480918204,44.165495874111556,134.60593246412725
2702,2702,05/15/2023 13:24:08.753920,2931,True,True,True,True,Eyes,0.5191153,0.1102802,-2.037104,0.8492078,0.060717,-0.5245565,0.0,0.0,0.0,0.0,0.0,0.0,0.0,-1.456113,0.01160082,-1.640276,0.3468221,0.1091592,-2.163031,0.07556049,0.901758,0.006593685,0.4255348,3.004559,129.6898,8.168313,0.2838422,0.05301751,-0.9574038,0.0,0.0,0.0,1.378289,0.1726014,-2.556547,-0.2410621,0.1802424,0.9399952,-0.6264215,0.1418862,-0.7664622,0.1306628,0.9884943,0.07619904,0.7684551,-0.0524154,-0.6377533,static,-58.29633,-6.602559,-14.38355,10.85461,-56.80337395834413,-3.1605937861303977,47.255528743449275,44.6751318053307,134.0980259370437
2703,2703,05/15/2023 13:24:08.763966,2932,True,True,True,True,Eyes,0.5118408,0.1103328,-2.042939,0.8534341,0.05983244,-0.517755,0.0,0.0,0.0,0.0,0.0,0.0,0.0,-1.480619,0.003888011,-1.625282,0.3381286,0.1097077,-2.169659,0.0765073,0.8999646,0.003906064,0.4291798,3.36176,129.2472,8.123291,0.2801363,0.05295803,-0.9584981,0.0,0.0,0.0,1.378289,0.1726014,-2.556547,-0.2389741,0.178361,0.9417845,-0.6199028,0.1410605,-0.7718955,0.1343549,0.9882628,0.0727014,0.7730908,-0.05864012,-0.631579,static,-58.75597,-6.591934,-14.23807,10.72402,-57.24823367203464,-3.164755007360024,47.76699366026834,45.19703806999167,133.57107850556147
2704,2704,05/15/2023 13:24:08.783981,2933,True,True,True,True,Eyes,0.5045427,0.1104231,-2.048814,0.8576745,0.05923413,-0.5107697,0.0,0.0,0.0,0.0,0.0,0.0,0.0,-1.502737,0.0162933,-1.612556,0.3299988,0.1116954,-2.176568,0.07826098,0.8982185,0.006118075,0.4324829,3.250548,128.8182,8.402021,0.2764104,0.0528974,-0.9595825,0.0,0.0,0.0,1.378289,0.1726014,-2.556547,-0.237258,0.1771201,0.9436105,-0.6136676,0.1458828,-0.7759706,0.135299,0.9876755,0.07868381,0.7778858,-0.05670234,-0.6258423,static,-59.22499,-6.615061,-14.11367,10.63098,-57.703098066318006,-3.201776249285781,48.29551865666297,45.73164533013072,133.03880047399775
2705,2705,05/15/2023 13:24:08.803887,2934,True,True,True,True,Eyes,0.4972086,0.1105292,-2.05474,0.8618484,0.05850819,-0.5037799,0.0,0.0,0.0,0.0,0.0,0.0,0.0,-1.527235,0.03355005,-1.59732,0.3218492,0.1126463,-2.183742,0.07830906,0.896176,0.009686433,0.4366263,2.92462,128.2675,8.569569,0.2726664,0.05283737,-0.9606565,0.0,0.0,0.0,1.378289,0.1726014,-2.556547,-0.2360909,0.177214,0.9448714,-0.6064502,0.1488161,-0.7810708,0.1318987,0.9875478,0.08574507,0.784105,-0.05102209,-0.6185272,static,-59.69225,-6.624562,-14.029,10.62262,-58.15588637471911,-3.225595145432405,48.81186011107981,46.248839594540684,132.52657713884184
2706,2706,05/15/2023 13:24:08.824027,2935,True,True,True,True,Eyes,0.4898472,0.1106659,-2.060699,0.8659512,0.05766615,-0.4967929,0.0,0.0,0.0,0.0,0.0,0.0,0.0,-1.550596,0.03036056,-1.583083,0.3136057,0.1131719,-2.190951,0.07905493,0.8944369,0.008105537,0.4400767,3.157488,127.8405,8.556189,0.2689049,0.05277846,-0.9617193,0.0,0.0,0.0,1.378289,0.1726014,-2.556547,-0.2366027,0.1776323,0.9455835,-0.6001659,0.1485534,-0.78596,0.1342852,0.9873692,0.08408024,0.7885231,-0.05508067,-0.6125338,static,-60.15728,-6.621083,-14.04804,10.63929,-58.60616103036038,-3.2368202565000024,49.23395667094743,46.66875384673121,132.11177464404844
2707,2707,05/15/2023 13:24:08.834052,2936,True,True,True,True,Eyes,0.482466,0.1108547,-2.066688,0.8699549,0.05674659,-0.4898552,0.0,0.0,0.0,0.0,0.0,0.0,0.0,-1.571492,0.03088127,-1.570751,0.3053201,0.1140978,-2.198081,0.08054185,0.8929251,0.007290243,0.4428825,3.343494,127.4912,8.658763,0.2651272,0.05272186,-0.9627708,0.0,0.0,0.0,1.378289,0.1726014,-2.556547,-0.2380278,0.179475,0.9457116,-0.5947364,0.1502931,-0.7897475,0.1373782,0.9869198,0.08436043,0.7920961,-0.05832188,-0.6076041,static,-60.61696,-6.607896,-14.12743,10.74567,-59.05098961908301,-3.2385107652974066,49.62280375530242,47.049798304836756,131.74016600319322
2708,2708,05/15/2023 13:24:08.854330,2937,True,True,True,True,Eyes,0.4750834,0.1110683,-2.072706,0.8738977,0.05583703,-0.4828922,0.0,0.0,0.0,0.0,0.0,0.0,0.0,-1.591425,0.0274653,-1.55872,0.2974298,0.1155645,-2.204807,0.08097316,0.89156,0.006042412,0.4455645,3.51921,127.1577,8.629961,0.2613346,0.05266965,-0.9638099,0.0,0.0,0.0,1.378289,0.1726014,-2.556547,-0.2404137,0.1782836,0.9463705,-0.5898314,0.1497694,-0.7935165,0.1390003,0.9868137,0.08293188,0.7954736,-0.06138319,-0.6028717,static,-61.07615,-6.595843,-14.25377,10.66873,-59.4953745788613,-3.2412800584597266,49.90391517443024,47.33171415337178,131.45673403514928
2709,2709,05/15/2023 13:24:08.864441,2938,True,True,True,True,Eyes,0.467709,0.1112888,-2.078734,0.8777661,0.05482579,-0.475942,0.0,0.0,0.0,0.0,0.0,0.0,0.0,-1.612172,0.02662596,-1.545606,0.2899975,0.1163779,-2.211575,0.08045372,0.8900436,0.005564223,0.4486856,3.571384,126.7599,8.539789,0.2575298,0.05262242,-0.9648362,0.0,0.0,0.0,1.378289,0.1726014,-2.556547,-0.2443615,0.1816356,0.9458966,-0.5844169,0.1482078,-0.7978041,0.1382215,0.9869925,0.08210165,0.7995948,-0.06229205,-0.5973006,static,-61.53259,-6.571182,-14.48501,10.86989,-59.93675242350888,-3.231798188256774,50.17634678178139,47.58905860690898,131.21465368060177
2710,2710,05/15/2023 13:24:08.884114,2939,True,True,True,True,Eyes,0.4603386,0.1115095,-2.08477,0.8817239,0.05333518,-0.4687414,0.0,0.0,0.0,0.0,0.0,0.0,0.0,-1.632926,0.02224579,-1.531587,0.2827819,0.1168003,-2.217903,0.08085481,0.8884044,0.003830789,0.4518689,3.799487,126.3633,8.47916,0.253715,0.05257985,-0.9658486,0.0,0.0,0.0,1.378289,0.1726014,-2.556547,-0.2472824,0.1817978,0.9458467,-0.5785539,0.1471255,-0.8022651,0.1402015,0.9868956,0.07987812,0.8035041,-0.06626496,-0.5915996,static,-62.00403,-6.491415,-14.65148,10.87993,-60.391154678377134,-3.1696171941755558,50.438354638226706,47.848799525642654,130.94757383250968
2711,2711,05/15/2023 13:24:08.903788,2940,True,True,True,True,Eyes,0.4529912,0.1117347,-2.09081,0.8856755,0.05169267,-0.4614181,0.0,0.0,0.0,0.0,0.0,0.0,0.0,-1.656136,0.0207511,-1.514066,0.2756634,0.1170562,-2.223943,0.08249015,0.8862134,0.002207411,0.4558691,4.088482,125.8629,8.545713,0.2498927,0.05254139,-0.9668466,0.0,0.0,0.0,1.378289,0.1726014,-2.556547,-0.249183,0.1780011,0.9469116,-0.5707577,0.1482203,-0.8076302,0.1441951,0.986381,0.07912189,0.8083587,-0.07129694,-0.5843573,static,-62.48145,-6.392194,-14.74332,10.64626,-60.850817911693554,-3.088853362367691,50.68765106618194,48.10981919269618,130.65820003285168
2712,2712,05/15/2023 13:24:08.913856,2941,True,True,True,True,Eyes,0.4456642,0.1119659,-2.096886,0.8897244,0.04985457,-0.4537675,0.0,0.0,0.0,0.0,0.0,0.0,0.0,-1.681664,0.02515419,-1.493616,0.2688079,0.1174311,-2.230128,0.08506595,0.8834904,0.00155403,0.4606584,4.337235,125.2564,8.753135,0.2460658,0.05250674,-0.9678296,0.0,0.0,0.0,1.378289,0.1726014,-2.556547,-0.250428,0.1758086,0.9480959,-0.5611154,0.1517417,-0.8137101,0.1488781,0.9855227,0.08111862,0.8142389,-0.07562674,-0.575583,static,-62.978,-6.269831,-14.79606,10.50522,-61.32837698913245,-2.9863606377185983,51.01864049752992,48.44872828548927,130.292429211262
2713,2713,05/15/2023 13:24:08.934437,2942,True,True,True,True,Eyes,0.4383796,0.1121847,-2.102992,0.8937605,0.04806812,-0.4459614,0.0,0.0,0.0,0.0,0.0,0.0,0.0,-1.709596,0.03337137,-1.470396,0.2621825,0.1177847,-2.236802,0.0866607,0.8803791,0.002061067,0.4662814,4.426921,124.5306,8.915227,0.2422366,0.0524756,-0.9687967,0.0,0.0,0.0,1.378289,0.1726014,-2.556547,-0.2502532,0.1766456,0.9494359,-0.5501432,0.1545106,-0.8206516,0.1506665,0.9849713,0.08444558,0.821366,-0.07718749,-0.5651549,static,-63.48209,-6.151897,-14.76623,10.53956,-61.813359137231686,-2.8883777003026703,51.496016858806165,48.92588140175468,129.79975419939032
2714,2714,05/15/2023 13:24:08.953915,2943,True,True,True,True,Eyes,0.4311519,0.1123871,-2.109128,0.8977558,0.04617035,-0.438067,0.0,0.0,0.0,0.0,0.0,0.0,0.0,-1.736136,0.03818808,-1.448367,0.2558439,0.117716,-2.243675,0.08673216,0.877538,0.002281361,0.4715928,4.462152,123.8402,8.907664,0.2384082,0.05244688,-0.9697474,0.0,0.0,0.0,1.378289,0.1726014,-2.556547,-0.2481872,0.1752616,0.9516342,-0.540156,0.1543732,-0.8272853,0.1500697,0.9849446,0.08580847,0.8280768,-0.07780054,-0.5551905,static,-63.98957,-6.016513,-14.6172,10.43518,-62.30114856344437,-2.773664286877432,52.041225216006865,49.47961719734888,129.21681531703285
2715,2715,05/15/2023 13:24:08.964483,2944,True,True,True,True,Eyes,0.4239885,0.11258,-2.11529,0.9016984,0.04433485,-0.4300865,0.0,0.0,0.0,0.0,0.0,0.0,0.0,-1.760226,0.04004775,-1.428938,0.2498932,0.1175637,-2.250689,0.08664554,0.8750544,0.001917305,0.4762025,4.540637,123.2419,8.855807,0.2345839,0.05241938,-0.9706811,0.0,0.0,0.0,1.378289,0.1726014,-2.556547,-0.246839,0.1713025,0.9540467,-0.5314475,0.1534651,-0.8330739,0.149813,0.9849777,0.08587714,0.8337383,-0.07916614,-0.546455,static,-64.50008,-5.885466,-14.50596,10.1792,-62.79199073320779,-2.663230474562762,52.511765617487626,49.96467536632521,128.69338300420756
2716,2716,05/15/2023 13:24:08.984057,2945,True,True,True,True,Eyes,0.4168956,0.1127542,-2.121477,0.9055732,0.04240472,-0.4220651,0.0,0.0,0.0,0.0,0.0,0.0,0.0,-1.783856,0.03891456,-1.409349,0.2442147,0.1175397,-2.257535,0.08579997,0.8726268,0.001206744,0.4807905,4.611417,122.6445,8.707671,0.2307671,0.05239239,-0.971597,0.0,0.0,0.0,1.378289,0.1726014,-2.556547,-0.2476665,0.1671951,0.9558526,-0.5229579,0.1509031,-0.8388942,0.1485823,0.9852738,0.08460968,0.8393084,-0.08039754,-0.5376782,static,-65.01095,-5.737233,-14.52619,9.921647,-63.28271290355906,-2.536225897698917,52.857464138113926,50.32292840028788,128.29494783540957
2717,2717,05/15/2023 13:24:09.004021,2946,True,True,True,True,Eyes,0.409884,0.1129157,-2.12769,0.9093722,0.04044523,-0.4140126,0.0,0.0,0.0,0.0,0.0,0.0,0.0,-1.807761,0.03053667,-1.389006,0.2387727,0.1173216,-2.264397,0.08443811,0.8701798,-0.00104537,0.4854445,4.806986,122.0427,8.421419,0.2269616,0.05236482,-0.9724945,0.0,0.0,0.0,1.378289,0.1726014,-2.556547,-0.2500009,0.1623936,0.9572959,-0.5144277,0.1459377,-0.8450243,0.1479676,0.9857382,0.0801607,0.8446712,-0.08379934,-0.5286851,static,-65.52151,-5.579567,-14.63609,9.627875,-63.77287761567211,-2.4001100928418184,53.10924835430986,50.58751152785925,127.98704692910584
2718,2718,05/15/2023 13:24:09.013625,2947,True,True,True,True,Eyes,0.4029704,0.1130795,-2.133901,0.9130083,0.03837068,-0.4061325,0.0,0.0,0.0,0.0,0.0,0.0,0.0,-1.830035,0.01589809,-1.370308,0.2336622,0.1172323,-2.271273,0.08275382,0.8680014,-0.004544336,0.4895966,5.101534,121.5081,8.034232,0.223171,0.05233599,-0.9733729,0.0,0.0,0.0,1.378289,0.1726014,-2.556547,-0.2565374,0.1592771,0.9575666,-0.5068942,0.1392111,-0.8506933,0.1481107,0.9862623,0.07314301,0.849189,-0.08892097,-0.5205492,static,-66.01912,-5.397182,-14.99767,9.443843,-64.24982651808119,-2.2397378876181966,53.13609303621339,50.61897849659834,127.91704357553371
2719,2719,05/15/2023 13:24:09.033985,2948,True,True,True,True,Eyes,0.3961512,0.1132614,-2.140131,0.9165384,0.03633458,-0.398293,0.0,0.0,0.0,0.0,0.0,0.0,0.0,-1.849424,0.00172013,-1.354613,0.2287877,0.1175727,-2.277977,0.08124305,0.8662101,-0.007799607,0.4929695,5.371488,121.0715,7.680217,0.2193993,0.05230602,-0.9742316,0.0,0.0,0.0,1.378289,0.1726014,-2.556547,-0.2645329,0.1570722,0.957406,-0.5007613,0.1330571,-0.8552976,0.148437,0.9866775,0.06658849,0.852763,-0.09361288,-0.5138406,static,-66.51205,-5.212423,-15.44557,9.316957,-64.72217822424764,-2.076928359207284,53.0932035459794,50.576721341589035,127.92432002150397
2720,2720,05/15/2023 13:24:09.053726,2949,True,True,True,True,Eyes,0.3894276,0.113438,-2.146388,0.9199542,0.0343599,-0.3905173,0.0,0.0,0.0,0.0,0.0,0.0,0.0,-1.867164,-0.005406275,-1.340804,0.2242009,0.1182099,-2.284698,0.08025539,0.8645625,-0.009469274,0.4959851,5.507987,120.6754,7.468349,0.21565,0.05227571,-0.9750701,0.0,0.0,0.0,1.378289,0.1726014,-2.556547,-0.2737126,0.1582993,0.9563134,-0.4951159,0.1293784,-0.8591402,0.1481648,0.9869388,0.06323739,0.8561003,-0.09598452,-0.5078185,static,-66.99895,-5.028255,-15.97199,9.39899,-65.18870614755244,-1.914499980487144,53.02731414216285,50.50029904750399,127.97892468208379
2721,2721,05/15/2023 13:24:09.068810,2950,True,True,True,True,Eyes,0.3828123,0.1136271,-2.152667,0.923262,0.03237527,-0.3828042,0.0,0.0,0.0,0.0,0.0,0.0,0.0,-1.884576,-0.009744689,-1.327196,0.2198537,0.1182709,-2.291472,0.07859115,0.862936,-0.01027484,0.4990586,5.519023,120.2654,7.236585,0.2119262,0.0522447,-0.9758878,0.0,0.0,0.0,1.378289,0.1726014,-2.556547,-0.2806863,0.1568571,0.9561415,-0.4895281,0.1253828,-0.8629262,0.1458938,0.9874357,0.0607101,0.859696,-0.09617621,-0.5016701,static,-67.48006,-4.834227,-16.36021,9.316512,-65.6493577303878,-1.742376544058625,53.04227067413895,50.514543448574344,127.93007501862316
2722,2722,05/15/2023 13:24:09.084035,2951,True,True,True,True,Eyes,0.3763195,0.1138047,-2.158953,0.9264366,0.03038415,-0.3752225,0.0,0.0,0.0,0.0,0.0,0.0,0.0,-1.901071,-0.01672362,-1.314756,0.2158061,0.1187902,-2.298315,0.07821403,0.8613855,-0.0121483,0.5017471,5.705546,119.9124,7.074757,0.2082312,0.05221348,-0.9766846,0.0,0.0,0.0,1.378289,0.1726014,-2.556547,-0.2850571,0.1541164,0.9571123,-0.4842649,0.1225541,-0.8662957,0.1469356,0.98747,0.05755859,0.8624949,-0.09941608,-0.4962046,static,-67.95122,-4.629502,-16.58513,9.147376,-66.10008129596567,-1.5596200193213674,53.18155290431998,50.65935417669293,127.74285415200698
2723,2723,05/15/2023 13:24:09.103989,2952,True,True,True,True,Eyes,0.3699433,0.1139681,-2.165257,0.9294871,0.0282958,-0.3677677,0.0,0.0,0.0,0.0,0.0,0.0,0.0,-1.91683,-0.01748215,-1.303182,0.2120355,0.1187506,-2.305161,0.07759225,0.8598903,-0.01252627,0.5043922,5.72859,119.5595,6.97358,0.204569,0.05218142,-0.9774598,0.0,0.0,0.0,1.378289,0.1726014,-2.556547,-0.2869861,0.1521914,0.9581026,-0.4791361,0.1208053,-0.8693877,0.1460779,0.9876451,0.05673141,0.8654999,-0.09981629,-0.4908633,static,-68.41292,-4.399632,-16.67484,9.025834,-66.54095740984005,-1.3523054998573505,53.45158612617174,50.93461931741958,127.42399169866063
2724,2724,05/15/2023 13:24:09.114005,2953,True,True,True,True,Eyes,0.3636878,0.1141331,-2.171598,0.9324004,0.02609109,-0.3604841,0.0,0.0,0.0,0.0,0.0,0.0,0.0,-1.930522,-0.02475529,-1.29422,0.2084393,0.1186189,-2.311929,0.0782132,0.8587136,-0.01499874,0.5062302,6.024112,119.322,6.88064,0.2009428,0.05214783,-0.9782135,0.0,0.0,0.0,1.378289,0.1726014,-2.556547,-0.2869475,0.1476601,0.9606511,-0.4752277,0.1191398,-0.8717595,0.1495111,0.9873154,0.05342852,0.8670671,-0.104947,-0.4870124,static,-68.86253,-4.139731,-16.63094,8.738447,-66.96930574727011,-1.1156362201251318,53.79578480260126,51.29380101157536,127.00803391173996
2725,2725,05/15/2023 13:24:09.134014,2954,True,True,True,True,Eyes,0.357567,0.1142976,-2.17795,0.9352425,0.023941,-0.3531973,0.0,0.0,0.0,0.0,0.0,0.0,0.0,-1.944535,-0.02092294,-1.284935,0.2053374,0.1188453,-2.318712,0.07953396,0.8573207,-0.01508873,0.5083776,6.127331,119.0401,6.991731,0.1973553,0.05211277,-0.9789455,0.0,0.0,0.0,1.378289,0.1726014,-2.556547,-0.2850325,0.1481464,0.9628657,-0.4704531,0.1210307,-0.8740855,0.1517138,0.9868934,0.05499481,0.8692852,-0.1067383,-0.482649,static,-69.3108,-3.877785,-16.49008,8.746932,-67.39630056365579,-0.8769517872651402,54.30848866106006,51.807937917141196,126.45379640435108
2726,2726,05/15/2023 13:24:09.153795,2955,True,True,True,True,Eyes,0.3516007,0.1144422,-2.18432,0.9379818,0.02170551,-0.3460042,0.0,0.0,0.0,0.0,0.0,0.0,0.0,-1.960853,-0.01502569,-1.271761,0.202413,0.1189998,-2.325385,0.08032944,0.8554279,-0.0145427,0.5114477,6.145236,118.6314,7.080558,0.1938098,0.05207624,-0.9796556,0.0,0.0,0.0,1.378289,0.1726014,-2.556547,-0.282562,0.1426538,0.9661266,-0.4639368,0.1225564,-0.8773496,0.1523077,0.9866714,0.05728815,0.8726768,-0.1070491,-0.4764194,static,-69.75191,-3.589571,-16.30256,8.39934,-67.81564479542315,-0.6126979445617957,54.777431505944314,52.295456141568145,125.90597068748603
2727,2727,05/15/2023 13:24:09.164046,2956,True,True,True,True,Eyes,0.3457791,0.1145535,-2.190722,0.9406775,0.01948301,-0.3387423,0.0,0.0,0.0,0.0,0.0,0.0,0.0,-1.978979,-0.009894803,-1.256463,0.1999212,0.1187347,-2.332614,0.08120137,0.8531837,-0.01437737,0.5150508,6.210337,118.1513,7.150711,0.1903102,0.05203736,-0.9803435,0.0,0.0,0.0,1.378289,0.1726014,-2.556547,-0.2804598,0.1403478,0.9690838,-0.4562581,0.1237492,-0.8812007,0.1533695,0.9863992,0.05911259,0.8765309,-0.1081787,-0.469032,static,-70.19582,-3.291781,-16.14082,8.240579,-68.23743962399307,-0.3392924187910688,55.271496742621316,52.79840878104195,125.35314401142514
2728,2728,05/15/2023 13:24:09.184086,2957,True,True,True,True,Eyes,0.3401205,0.1146294,-2.197163,0.9432961,0.01710543,-0.3315113,0.0,0.0,0.0,0.0,0.0,0.0,0.0,-1.997515,-0.004657507,-1.240064,0.1975347,0.1180635,-2.339848,0.08218526,0.8507854,-0.01437122,0.5188482,6.300155,117.6444,7.220612,0.1868592,0.05199473,-0.9810094,0.0,0.0,0.0,1.378289,0.1726014,-2.556547,-0.2796821,0.1380804,0.9718713,-0.4480845,0.1249311,-0.885219,0.154757,0.9860781,0.06082969,0.8804945,-0.109737,-0.4611803,static,-70.63653,-2.953747,-16.0546,8.086287,-68.6550379098432,-0.0269567979248614,55.68724659422528,53.22246511795405,124.87673008542913
2729,2729,05/15/2023 13:24:09.204130,2958,True,True,True,True,Eyes,0.3346183,0.1146707,-2.203649,0.9458691,0.01468465,-0.3242159,0.0,0.0,0.0,0.0,0.0,0.0,0.0,-2.016291,-0.002338186,-1.223695,0.1956303,0.1173722,-2.347513,0.08362452,0.8483148,-0.01530765,0.5226229,6.510172,117.1424,7.278739,0.1834602,0.05194696,-0.9816532,0.0,0.0,0.0,1.378289,0.1726014,-2.556547,-0.2803291,0.1355208,0.974186,-0.4397446,0.1258796,-0.8892578,0.1578801,0.9855452,0.06143676,0.8841375,-0.1133796,-0.4532621,static,-71.0798,-2.593314,-16.05356,7.919694,-69.07450468453769,0.3069104083184566,56.021517524480394,53.56468098714469,124.48145719861944
2730,2730,05/15/2023 13:24:09.213756,2959,True,True,True,True,Eyes,0.3292861,0.114669,-2.210155,0.948373,0.01212014,-0.3169253,0.0,0.0,0.0,0.0,0.0,0.0,0.0,-2.034912,-0.001316726,-1.20715,0.1938459,0.1166181,-2.355186,0.08469219,0.8458506,-0.01639265,0.5263984,6.712945,116.6376,7.289663,0.1801159,0.05189286,-0.9822752,0.0,0.0,0.0,1.378289,0.1726014,-2.556547,-0.2818183,0.1340395,0.9762542,-0.431464,0.1260158,-0.8932855,0.160532,0.9851171,0.06143219,0.8877321,-0.1168951,-0.4452721,static,-71.52151,-2.190089,-16.10201,7.817818,-69.49129373192554,0.6821147431945764,56.31588748098221,53.864031397373445,124.12930608239587
2731,2731,05/15/2023 13:24:09.234328,2960,True,True,True,True,Eyes,0.3241182,0.1146355,-2.216707,0.9508258,0.009504028,-0.3095802,0.0,0.0,0.0,0.0,0.0,0.0,0.0,-2.053163,-0.004490271,-1.190893,0.1922229,0.1157056,-2.36292,0.08579919,0.8434398,-0.01853325,0.530004,7.019735,116.1555,7.24037,0.1768296,0.05183107,-0.9828754,0.0,0.0,0.0,1.378289,0.1726014,-2.556547,-0.2838793,0.1330278,0.9780567,-0.4234684,0.1250875,-0.8972331,0.1643783,0.9845901,0.05968445,0.8908725,-0.1222112,-0.4375044,static,-71.96523,-1.758412,-16.18528,7.745404,-69.90925354634408,1.084708196362588,56.583790440057626,54.13529534598357,123.8057947149151
2732,2732,05/15/2023 13:24:09.254117,2961,True,True,True,True,Eyes,0.319123,0.1145568,-2.223296,0.9532182,0.006936393,-0.3022036,0.0,0.0,0.0,0.0,0.0,0.0,0.0,-2.071205,-0.005763695,-1.174621,0.1909714,0.1149508,-2.370648,0.08673773,0.8409929,-0.02010048,0.53367,7.260881,115.6617,7.206367,0.1736037,0.0517608,-0.9834541,0.0,0.0,0.0,1.378289,0.1726014,-2.556547,-0.285939,0.133775,0.980001,-0.4153458,0.1244375,-0.9011122,0.1673456,0.984145,0.05876991,0.8941383,-0.1263873,-0.4295847,static,-72.40956,-1.314863,-16.26588,7.773115,-70.32748038891575,1.4987373184136108,56.87445954091242,54.42448393785654,123.46827226645335
2733,2733,05/15/2023 13:24:09.264400,2962,True,True,True,True,Eyes,0.3142996,0.1144222,-2.229937,0.9555663,0.004326476,-0.2947444,0.0,0.0,0.0,0.0,0.0,0.0,0.0,-2.089906,-0.006239772,-1.156926,0.1899761,0.1138483,-2.378481,0.08706879,0.8383695,-0.02127304,0.5376829,7.429153,115.116,7.132111,0.1704404,0.05168078,-0.9840114,0.0,0.0,0.0,1.378289,0.1726014,-2.556547,-0.2873237,0.1366515,0.9818813,-0.4066322,0.1231154,-0.9052584,0.1688679,0.983933,0.05796145,0.8978494,-0.1293001,-0.420889,static,-72.85762,-0.8409695,-16.31083,7.923143,-70.74849216688452,1.9419276192008088,57.22192872681553,54.76526270937956,123.08106844773218
2734,2734,05/15/2023 13:24:09.284046,2963,True,True,True,True,Eyes,0.3096502,0.1142355,-2.236647,0.9578528,0.001769589,-0.2872539,0.0,0.0,0.0,0.0,0.0,0.0,0.0,-2.108502,-0.006657034,-1.139206,0.1892507,0.1124099,-2.386453,0.08790161,0.8356776,-0.02278439,0.5416616,7.660713,114.5747,7.084482,0.1673422,0.05158941,-0.9845478,0.0,0.0,0.0,1.378289,0.1726014,-2.556547,-0.2884016,0.1402521,0.9841831,-0.3977523,0.122232,-0.9093144,0.1715977,0.9835083,0.05714504,0.9013033,-0.1333067,-0.4121675,static,-73.30635,-0.3529586,-16.33251,8.110388,-71.16976785097988,2.398718200061635,57.59901631119521,55.13390989688998,122.66697502210977
2735,2735,05/15/2023 13:24:09.304085,2964,True,True,True,True,Eyes,0.3051719,0.1139955,-2.243414,0.9600941,-0.0008658461,-0.2796758,0.0,0.0,0.0,0.0,0.0,0.0,0.0,-2.126885,-0.005023196,-1.121831,0.1888899,0.1109904,-2.394613,0.08896777,0.8329573,-0.02393127,0.5456138,7.871481,114.0356,7.080261,0.1643108,0.05148539,-0.9850637,0.0,0.0,0.0,1.378289,0.1726014,-2.556547,-0.2899165,0.1425966,0.9864464,-0.388781,0.1220982,-0.913204,0.1743271,0.9830241,0.05721661,0.9046876,-0.1369515,-0.4034661,static,-73.75914,0.177381,-16.37805,8.22546,-71.5938212662537,2.8962226655355265,57.94273953808485,55.4723549806054,122.27998310218352
2736,2736,05/15/2023 13:24:09.313844,2965,True,True,True,True,Eyes,0.3008688,0.1137118,-2.250246,0.9622442,-0.003409096,-0.272166,0.0,0.0,0.0,0.0,0.0,0.0,0.0,-2.14551,-0.003715873,-1.103584,0.1884962,0.1095172,-2.402832,0.09040678,0.8301104,-0.02541073,0.5496342,8.138633,113.4861,7.088649,0.161348,0.05136754,-0.9855595,0.0,0.0,0.0,1.378289,0.1726014,-2.556547,-0.2905777,0.1435886,0.9894602,-0.3794579,0.122162,-0.9171087,0.1780284,0.9823619,0.0571939,0.9079195,-0.1415687,-0.3945132,static,-74.20671,0.7176378,-16.36609,8.257017,-72.01254881150953,3.403459505230702,58.32991994427725,55.85772461008466,121.84731451013667
2737,2737,05/15/2023 13:24:09.334065,2966,True,True,True,True,Eyes,0.2967408,0.1133704,-2.257145,0.9643379,-0.00595788,-0.2646071,0.0,0.0,0.0,0.0,0.0,0.0,0.0,-2.163811,-0.001571685,-1.085743,0.1884368,0.1082082,-2.411163,0.09157348,0.8272958,-0.02650113,0.5536186,8.351301,112.9384,7.093164,0.1584551,0.05123522,-0.9860356,0.0,0.0,0.0,1.378289,0.1726014,-2.556547,-0.2911679,0.1442341,0.9926506,-0.3702412,0.1221737,-0.9208663,0.1808597,0.981824,0.05754501,0.911159,-0.1452421,-0.385608,static,-74.65611,1.289851,-16.34766,8.267332,-72.4321772359358,3.941472356512153,58.72444620860941,56.251098969203575,121.40784648822503
2738,2738,05/15/2023 13:24:09.353747,2967,True,True,True,True,Eyes,0.2927662,0.1129754,-2.264161,0.9663488,-0.008455939,-0.2570959,0.0,0.0,0.0,0.0,0.0,0.0,0.0,-2.180933,0.002429321,-1.070327,0.1884876,0.1065097,-2.419752,0.09256943,0.8247721,-0.02710243,0.5571783,8.503046,112.4473,7.114754,0.1556336,0.05108729,-0.9864925,0.0,0.0,0.0,1.378289,0.1726014,-2.556547,-0.292134,0.1463791,0.9958979,-0.3619666,0.1224956,-0.9241077,0.1828991,0.9813927,0.05844871,0.9140723,-0.147862,-0.3776357,static,-75.10165,1.883791,-16.34838,8.36158,-72.84747487570009,4.500569526146263,59.10929272137691,56.630867233802526,120.98433120037669
2739,2739,05/15/2023 13:24:09.364254,2968,True,True,True,True,Eyes,0.2889683,0.1125212,-2.271238,0.9682902,-0.01095811,-0.2495876,0.0,0.0,0.0,0.0,0.0,0.0,0.0,-2.196716,0.007301137,-1.0571,0.1887235,0.1047475,-2.428268,0.09429966,0.8224557,-0.02788742,0.5602647,8.71606,112.0232,7.198837,0.1528835,0.05092282,-0.986931,0.0,0.0,0.0,1.378289,0.1726014,-2.556547,-0.293336,0.1491347,0.9991114,-0.3544221,0.1238659,-0.9268453,0.1863633,0.9806598,0.0597932,0.9163262,-0.1515379,-0.3706515,static,-75.54601,2.513949,-16.36207,8.489706,-73.26064207667152,5.094648931033056,59.48485879319752,56.99977120011734,120.57276911212166
2740,2740,05/15/2023 13:24:09.384077,2969,True,True,True,True,Eyes,0.2853501,0.1119983,-2.278357,0.9701384,-0.01330928,-0.2421868,0.0,0.0,0.0,0.0,0.0,0.0,0.0,-2.211983,0.01237158,-1.044797,0.1891368,0.1028935,-2.436855,0.09543252,0.8202847,-0.02828977,0.5632276,8.853689,111.6131,7.250073,0.1502061,0.05074085,-0.9873514,0.0,0.0,0.0,1.378289,0.1726014,-2.556547,-0.2956222,0.1505363,1.002558,-0.3473343,0.1246965,-0.9294134,0.1884308,0.9801846,0.06108914,0.9186144,-0.1539118,-0.3639485,moving,-75.98309,3.145503,-16.42911,8.539301,-73.66672071802789,5.690303555469335,59.79773900997599,57.308471163933895,120.22546719391073
2741,2741,05/15/2023 13:24:09.404141,2970,True,True,True,True,Eyes,0.2819019,0.1114032,-2.285531,0.9719299,-0.01571934,-0.2347447,0.0,0.0,0.0,0.0,0.0,0.0,0.0,-2.227014,0.01778506,-1.032151,0.1897523,0.1007555,-2.445216,0.09707084,0.818016,-0.02898476,0.566204,9.052754,111.2016,7.329631,0.1476025,0.05054019,-0.9877542,0.0,0.0,0.0,1.378302,0.1702422,-2.55652,-0.2994483,0.1502078,1.005949,-0.3399805,0.1259884,-0.9319551,0.1916336,0.9794743,0.06250383,0.9207007,-0.1573438,-0.3571457,moving,-76.42171,3.831011,-16.57709,8.492633,-74.07281952201826,6.337967849668392,60.025904929582566,57.536088632953984,119.96330961962563
2742,2742,05/15/2023 13:24:09.424084,2971,True,True,True,True,Eyes,0.2786237,0.1107528,-2.292751,0.9736254,-0.01798715,-0.2274427,0.0,0.0,0.0,0.0,0.0,0.0,0.0,-2.242976,0.02581699,-1.017486,0.1903545,0.0984555,-2.453764,0.09898373,0.8154457,-0.02933773,0.5695524,9.241695,110.738,7.452053,0.1450736,0.05031963,-0.9881401,0.0,0.0,0.0,1.378317,0.1676616,-2.556491,-0.3036586,0.1479512,1.009817,-0.3316247,0.128013,-0.9346858,0.1948505,0.9786831,0.06490617,0.92307,-0.1605995,-0.3494988,moving,-76.85128,4.521788,-16.73638,8.335265,-74.47000995320167,6.990999760755361,60.2357353141765,57.74927771502139,119.72572179595124
2743,2743,05/15/2023 13:24:09.435736,2972,True,True,True,True,Eyes,0.2755134,0.1100594,-2.30003,0.9752647,-0.02029684,-0.2201064,0.0,0.0,0.0,0.0,0.0,0.0,0.0,-2.258953,0.03080116,-1.00266,0.1910475,0.09643978,-2.462385,0.101055,0.8128547,-0.03045954,0.5728241,9.514186,110.283,7.538637,0.1426202,0.05007887,-0.9885094,0.0,0.0,0.0,1.378329,0.1655804,-2.556468,-0.3084347,0.146213,1.013501,-0.3233212,0.1293901,-0.9374016,0.1991819,0.9777202,0.06625508,0.9250893,-0.1652918,-0.3418899,moving,-77.28205,5.268561,-16.92636,8.209154,-74.86683558191436,7.698022243358206,60.4272819392677,57.942730055901414,119.5144941598267
2744,2744,05/15/2023 13:24:09.454073,2973,True,True,True,True,Eyes,0.2725702,0.109341,-2.307361,0.9768322,-0.02232112,-0.2128393,0.0,0.0,0.0,0.0,0.0,0.0,0.0,-2.274427,0.03943187,-0.9889808,0.1919234,0.09482929,-2.4712,0.1029976,0.8103785,-0.03054479,0.5759733,9.680471,109.845,7.680632,0.140242,0.04981808,-0.9888628,0.0,0.0,0.0,1.378343,0.1631367,-2.55644,-0.3144272,0.1435019,1.017117,-0.3152927,0.1317481,-0.9398048,0.20212,0.976917,0.06914204,0.9272206,-0.1681534,-0.3346437,moving,-77.70809,5.986902,-17.17825,8.030682,-75.25985564857194,8.377760195329339,60.564334117647164,58.08264265673436,119.36825877938756
2745,2745,05/15/2023 13:24:09.463827,2974,True,True,True,True,Eyes,0.2697909,0.1086065,-2.314741,0.978368,-0.02432982,-0.2054362,0.0,0.0,0.0,0.0,0.0,0.0,0.0,-2.289758,0.05141297,-0.9746201,0.1929713,0.09348388,-2.479827,0.1048118,0.8078035,-0.02973554,0.5792961,9.757302,109.382,7.86637,0.1379396,0.04953834,-0.9892007,0.0,0.0,0.0,1.378357,0.160755,-2.556414,-0.3199061,0.1432946,1.020732,-0.3068612,0.1348833,-0.9421479,0.2037861,0.9762606,0.07339322,0.9296814,-0.1694751,-0.3270638,moving,-78.1414,6.754084,-17.40143,7.991198,-75.65858466254288,9.10439482263054,60.75256707868315,58.26778935691104,119.17859821237087
2746,2746,05/15/2023 13:24:09.484324,2975,True,True,True,True,Eyes,0.2671713,0.1078557,-2.322201,0.9798734,-0.02596066,-0.1979248,0.0,0.0,0.0,0.0,0.0,0.0,0.0,-2.306903,0.06579858,-0.9552808,0.1940884,0.09237,-2.488472,0.10654,0.8045902,-0.02841038,0.5835038,9.790751,108.7914,8.066987,0.1357131,0.04924098,-0.9895234,0.0,0.0,0.0,1.37837,0.1585971,-2.556389,-0.3251823,0.1424274,1.02371,-0.2963451,0.1382869,-0.9450166,0.2045972,0.9756842,0.07861553,0.9329092,-0.1700504,-0.3174324,moving,-78.58047,7.472501,-17.6225,7.920639,-76.06422187467162,9.783797524719748,60.959617241153545,58.47141365970816,118.97899992590821
2747,2747,05/15/2023 13:24:09.503828,2976,True,True,True,True,Eyes,0.2647144,0.1070875,-2.329706,0.9813633,-0.027616,-0.1901668,0.0,0.0,0.0,0.0,0.0,0.0,0.0,-2.325838,0.07763998,-0.9308093,0.1955381,0.09109014,-2.497083,0.1069027,0.800842,-0.0270162,0.5886377,9.736962,108.0603,8.132136,0.1335623,0.04892714,-0.9898316,0.0,0.0,0.0,1.378385,0.1560061,-2.55636,-0.3298362,0.1418824,1.027774,-0.2841554,0.1394188,-0.9485876,0.2030298,0.9756839,0.08258244,0.9370352,-0.1691252,-0.305552,moving,-79.03325,8.262725,-17.79263,7.859902,-76.48117874089931,10.53205389773031,61.241944811981014,58.749350201321015,118.7145342735761
2748,2748,05/15/2023 13:24:09.514426,2977,True,True,True,True,Eyes,0.2624126,0.1063364,-2.337299,0.9828097,-0.02911961,-0.1823105,0.0,0.0,0.0,0.0,0.0,0.0,0.0,-2.345586,0.08900891,-0.9034624,0.1969339,0.08991995,-2.505807,0.1083105,0.7966418,-0.02645119,0.59408,9.836336,107.2839,8.235767,0.1314867,0.04859786,-0.9901257,0.0,0.0,0.0,1.378397,0.1538183,-2.556336,-0.3346929,0.1422256,1.031687,-0.2706757,0.141141,-0.9522679,0.2039975,0.9751384,0.0865459,0.9408081,-0.1708344,-0.2927387,moving,-79.49113,9.074933,-17.97375,7.849168,-76.90247533702349,11.301361793693466,61.529590782806494,59.02975785005026,118.45248461779875
2749,2749,05/15/2023 13:24:09.533990,2978,True,True,True,True,Eyes,0.2602729,0.1056313,-2.344935,0.9842333,-0.03074462,-0.174183,0.0,0.0,0.0,0.0,0.0,0.0,0.0,-2.365376,0.1023389,-0.8746676,0.1985947,0.0894478,-2.514573,0.1104788,0.7921525,-0.02580495,0.5996858,9.984869,106.4823,8.412471,0.1294863,0.04825552,-0.990406,0.0,0.0,0.0,1.37841,0.1516415,-2.556311,-0.3382047,0.1442707,1.035762,-0.2563427,0.1440824,-0.9557871,0.2059819,0.9742571,0.09162229,0.9443834,-0.1733881,-0.2794222,moving,-79.9641,10.01004,-18.08328,7.929679,-77.33503483874114,12.188776623265031,61.9157797799779,59.40463251325426,118.10209242720683
2750,2750,05/15/2023 13:24:09.554216,2979,True,True,True,True,Eyes,0.2582709,0.1049258,-2.352637,0.9855902,-0.03214517,-0.1660683,0.0,0.0,0.0,0.0,0.0,0.0,0.0,-2.385172,0.1157428,-0.8444526,0.2002798,0.08987327,-2.523361,0.1131588,0.7874414,-0.02533666,0.6053836,10.1899,105.6641,8.621099,0.1275604,0.04790348,-0.990673,0.0,0.0,0.0,1.378424,0.1492654,-2.556284,-0.3391129,0.1444712,1.041436,-0.2414117,0.1475351,-0.9591422,0.2088886,0.9731063,0.09710667,0.9476739,-0.1769112,-0.2657377,moving,-80.43571,10.95504,-18.03632,7.897841,-77.76600744050657,13.08577944024119,62.47423739508711,59.954568358052086,117.59979916608842
2751,2751,05/15/2023 13:24:09.563806,2980,True,True,True,True,Eyes,0.2564115,0.104277,-2.360359,0.9868881,-0.03388687,-0.1578091,0.0,0.0,0.0,0.0,0.0,0.0,0.0,-2.403835,0.1272447,-0.8159759,0.2016697,0.08904625,-2.532159,0.1141858,0.7831601,-0.02451077,0.6107547,10.24576,104.8833,8.703682,0.1257079,0.04754281,-0.9909272,0.0,0.0,0.0,1.378437,0.146961,-2.556259,-0.3412207,0.1484803,1.046236,-0.2278809,0.1489113,-0.9622349,0.2087916,0.9727217,0.1010872,0.9510398,-0.1778707,-0.2527561,moving,-80.91499,12.11927,-18.06328,8.077388,-78.19842999137474,14.19406761338958,62.981539041420895,60.445430215840084,117.15949563747579
2752,2752,05/15/2023 13:24:09.583616,2981,True,True,True,True,Eyes,0.2547218,0.1037455,-2.368103,0.9881109,-0.03539258,-0.1496137,0.0,0.0,0.0,0.0,0.0,0.0,0.0,-2.420482,0.137052,-0.7910132,0.2031844,0.08983214,-2.540446,0.1188004,0.7789693,-0.02601864,0.6151555,10.76008,104.2493,8.963909,0.1239283,0.04717701,-0.9911689,0.0,0.0,0.0,1.378451,0.1446094,-2.556232,-0.3439905,0.1444893,1.05132,-0.2149404,0.1530727,-0.9645566,0.2170948,0.970419,0.105626,0.9521924,-0.1866969,-0.2418136,moving,-81.39003,13.30922,-18.11803,7.825484,-78.62604484566303,15.327304892232394,63.50919102395885,60.97128157798647,116.76112397064033
2753,2753,05/15/2023 13:24:09.603949,2982,True,True,True,True,Eyes,0.2531756,0.1032855,-2.375864,0.9893144,-0.03681586,-0.1410724,0.0,0.0,0.0,0.0,0.0,0.0,0.0,-2.437956,0.165131,-0.7593465,0.2054661,0.09201616,-2.548886,0.1213411,0.7739653,-0.02172454,0.6211137,10.6239,103.383,9.418583,0.1222221,0.04681174,-0.991398,0.0,0.0,0.0,1.378464,0.1422489,-2.556206,-0.3454586,0.1366632,1.057366,-0.1989884,0.1608408,-0.966713,0.2148144,0.9696087,0.1171052,0.9561687,-0.1843613,-0.2274918,moving,-81.88455,14.62633,-18.09306,7.36458,-79.06905801251855,16.58262270911454,64.20348284542358,61.668830417073146,116.26575858548495
2754,2754,05/15/2023 13:24:09.614337,2983,True,True,True,True,Eyes,0.2517683,0.1028854,-2.383626,0.9904121,-0.03823191,-0.1327485,0.0,0.0,0.0,0.0,0.0,0.0,0.0,-2.456949,0.1794112,-0.7226901,0.2072783,0.09325719,-2.557226,0.1218478,0.768692,-0.01967103,0.6275977,10.55532,102.4219,9.522519,0.1205877,0.04644994,-0.9916151,0.0,0.0,0.0,1.378479,0.1397737,-2.556178,-0.3480949,0.138554,1.061926,-0.1825486,0.1626358,-0.9696524,0.2120178,0.9695323,0.1227009,0.9600649,-0.1831847,-0.2114685,moving,-82.36594,16.06654,-18.14893,7.433633,-79.49599826383948,17.957126285001138,64.79468694739367,62.24312568860633,115.85195011061556
2755,2755,05/15/2023 13:24:09.634061,2984,True,True,True,True,Eyes,0.2504855,0.1025539,-2.391405,0.9914769,-0.03949648,-0.1241512,0.0,0.0,0.0,0.0,0.0,0.0,0.0,-2.474722,0.1920126,-0.6896002,0.2089733,0.09436816,-2.565948,0.1246262,0.763619,-0.01956227,0.6332235,10.8191,101.5873,9.703836,0.119025,0.04609408,-0.9918205,0.0,0.0,0.0,1.378492,0.1375559,-2.556153,-0.3519419,0.1403744,1.066253,-0.166993,0.1655593,-0.9719587,0.2151084,0.9681713,0.1279562,0.9622069,-0.1877087,-0.1972911,moving,-82.86266,17.64754,-18.26669,7.499978,-79.93394597959316,19.46699154689118,65.38816677950794,62.81767166398438,115.48357965570078
2756,2756,05/15/2023 13:24:09.653935,2985,True,True,True,True,Eyes,0.2493092,0.1022886,-2.399204,0.992448,-0.04056004,-0.1157662,0.0,0.0,0.0,0.0,0.0,0.0,0.0,-2.490954,0.2097356,-0.6569529,0.2106151,0.09564522,-2.574281,0.1248464,0.7589043,-0.01638299,0.6389126,10.62604,100.7333,9.875001,0.117532,0.04574645,-0.9920146,0.0,0.0,0.0,1.378505,0.1352099,-2.556127,-0.3559321,0.1405206,1.070562,-0.152408,0.1685583,-0.9738376,0.2104275,0.96829,0.1346656,0.9656562,-0.1843981,-0.1830445,moving,-83.34667,19.3085,-18.39054,7.477824,-80.3574039363232,21.054405415251924,66.02472051583314,63.4367069528972,115.13379196764795
2757,2757,05/15/2023 13:24:09.663626,2986,True,True,True,True,Eyes,0.2482501,0.1020561,-2.407022,0.9933752,-0.04142523,-0.1071893,0.0,0.0,0.0,0.0,0.0,0.0,0.0,-2.507821,0.2138621,-0.6239812,0.2119485,0.09690115,-2.582623,0.1241666,0.7543887,-0.01579069,0.6443844,10.5939,99.90238,9.781128,0.1161066,0.04540911,-0.992198,0.0,0.0,0.0,1.378519,0.1328254,-2.5561,-0.3588495,0.1384046,1.075136,-0.138703,0.1669893,-0.9761539,0.2076903,0.9686666,0.1361974,0.9683111,-0.1838467,-0.169039,moving,-83.84137,21.12991,-18.45753,7.335464,-80.78683952317954,22.79629557734844,66.82314923432234,64.21822279306282,114.71671859938425
2758,2758,05/15/2023 13:24:09.683912,2987,True,True,True,True,Eyes,0.2472968,0.1018558,-2.414834,0.9941826,-0.04225247,-0.099074,0.0,0.0,0.0,0.0,0.0,0.0,0.0,-2.523554,0.2172684,-0.5941806,0.2136505,0.09742865,-2.591031,0.122212,0.7503868,-0.01448988,0.6494414,10.39801,99.1278,9.633191,0.1147471,0.04508244,-0.992371,0.0,0.0,0.0,1.378532,0.1305122,-2.556074,-0.3606308,0.1401456,1.079593,-0.1265807,0.1645918,-0.9782062,0.2022332,0.9697086,0.136993,0.9711227,-0.180485,-0.1560322,moving,-84.30906,23.09698,-18.47155,7.396395,-81.18614457826213,24.67957393178973,67.68372102908,65.05250684719265,114.27135761556124
2759,2759,05/15/2023 13:24:09.704060,2988,True,True,True,True,Eyes,0.2464547,0.1017283,-2.422657,0.9949281,-0.04308105,-0.09089653,0.0,0.0,0.0,0.0,0.0,0.0,0.0,-2.536736,0.224264,-0.5722356,0.2151184,0.09802307,-2.599402,0.1223853,0.7471579,-0.01366252,0.6531388,10.38638,98.56236,9.659031,0.1134523,0.04476697,-0.9925341,0.0,0.0,0.0,1.378546,0.1282085,-2.556048,-0.3596072,0.1437538,1.084798,-0.1168632,0.1650352,-0.9793398,0.2007293,0.9696704,0.1394531,0.9726514,-0.1802853,-0.1464462,moving,-84.77995,25.35894,-18.34021,7.548667,-81.58050730823744,26.84727897858832,68.78549902124814,66.11937407397605,113.67801716927896
2760,2760,05/15/2023 13:24:09.714297,2989,True,True,True,True,Eyes,0.2457088,0.1016507,-2.430504,0.9955656,-0.04394205,-0.08317616,0.0,0.0,0.0,0.0,0.0,0.0,0.0,-2.549161,0.2330892,-0.5513053,0.2169155,0.09964418,-2.607587,0.1232587,0.7439512,-0.0126412,0.6566461,10.40958,98.02528,9.763779,0.1122198,0.04446443,-0.9926879,0.0,0.0,0.0,1.37856,0.1257125,-2.55602,-0.3562607,0.1469434,1.090555,-0.1072464,0.1667954,-0.9801416,0.1999985,0.969295,0.1430659,0.973909,-0.1806836,-0.1373121,moving,-85.22422,27.84754,-18.09109,7.67392,-81.94290894386148,29.23449420548372,70.09873099779553,67.39371738159157,112.99512600564184
2761,2761,05/15/2023 13:24:09.734156,2990,True,True,True,True,Eyes,0.245052,0.1016156,-2.438359,0.9961345,-0.04487617,-0.07551339,0.0,0.0,0.0,0.0,0.0,0.0,0.0,-2.561253,0.2377853,-0.5336082,0.2184687,0.1007172,-2.615993,0.1229404,0.7413594,-0.01176996,0.6596465,10.34914,97.56189,9.759666,0.1110481,0.04417581,-0.9928325,0.0,0.0,0.0,1.378573,0.1235126,-2.555995,-0.3513431,0.1468899,1.096917,-0.09950442,0.166758,-0.9809641,0.197814,0.9694942,0.1447428,0.9751761,-0.1796459,-0.1294561,moving,-85.6649,30.72221,-17.76029,7.627197,-82.2913059007278,31.994324807936398,71.72458215090744,68.97832218014797,112.23639385183121
2762,2762,05/15/2023 13:24:09.753921,2991,True,True,True,True,Eyes,0.2444825,0.101642,-2.446241,0.9966003,-0.04591832,-0.06840646,0.0,0.0,0.0,0.0,0.0,0.0,0.0,-2.572145,0.2414068,-0.5200164,0.2199328,0.1017247,-2.6241,0.12407,0.7391511,-0.01215376,0.6619022,10.49859,97.21413,9.797851,0.109935,0.04390145,-0.9929685,0.0,0.0,0.0,1.378586,0.1212171,-2.555969,-0.3475587,0.1451405,1.102827,-0.09298439,0.1673238,-0.9815075,0.1995022,0.9689178,0.1462775,0.9754758,-0.1822114,-0.1234757,moving,-86.07339,33.87176,-17.49237,7.497473,-82.6010318915499,35.020385007351706,73.47761100497735,70.686975735793,111.57252713895328
2763,2763,05/15/2023 13:24:09.763794,2992,True,True,True,True,Eyes,0.2439883,0.1017001,-2.454111,0.9970161,-0.04696729,-0.06126048,0.0,0.0,0.0,0.0,0.0,0.0,0.0,-2.582773,0.2447572,-0.5067244,0.2215145,0.1031386,-2.63205,0.1246342,0.737054,-0.01206703,0.6641325,10.5641,96.86855,9.82198,0.1088787,0.04364253,-0.9930964,0.0,0.0,0.0,1.3786,0.1187905,-2.555942,-0.3453616,0.1440891,1.107756,-0.08678854,0.1676961,-0.982011,0.1997525,0.9686413,0.1477592,0.9759952,-0.1833354,-0.1175647,moving,-86.48396,37.47672,-17.31574,7.41102,-82.90035359904361,38.4857860567429,75.4200833628444,72.57398036774032,110.99665942856637
2764,2764,05/15/2023 13:24:09.783662,2993,True,True,True,True,Eyes,0.2435834,0.1018397,-2.461979,0.9973445,-0.04839598,-0.05442214,0.0,0.0,0.0,0.0,0.0,0.0,0.0,-2.594338,0.2450887,-0.4875202,0.2227897,0.1038348,-2.639682,0.1246404,0.7343221,-0.01258903,0.6671411,10.64914,96.39878,9.739483,0.1078767,0.04339886,-0.9932163,0.0,0.0,0.0,1.378614,0.1164505,-2.555916,-0.3430972,0.1422325,1.112631,-0.07877474,0.166255,-0.9829312,0.1998497,0.9686126,0.1478166,0.9766548,-0.1847942,-0.1095283,moving,-86.87664,41.64574,-17.13797,7.284861,-83.16696778592197,42.495985994660494,77.74414511087984,74.83082167130664,110.43917484944329
2765,2765,05/15/2023 13:24:09.803944,2994,True,True,True,True,Eyes,0.2432707,0.1020067,-2.469839,0.9976436,-0.04959349,-0.04740853,0.0,0.0,0.0,0.0,0.0,0.0,0.0,-2.606378,0.245457,-0.4661767,0.2245138,0.1059725,-2.647478,0.1266762,0.7310361,-0.01439398,0.6703227,11.00372,95.90107,9.730838,0.1069272,0.04317215,-0.9933289,0.0,0.0,0.0,1.378627,0.1141081,-2.555889,-0.3405236,0.1421276,1.117179,-0.06924163,0.1659124,-0.9837067,0.2045068,0.9674919,0.1487828,0.9764132,-0.1908728,-0.1009209,moving,-87.27932,46.29036,-16.95157,7.250226,-83.43029743753492,46.964758923722464,80.43708400234593,77.4381387112545,109.86186623255553
2766,2766,05/15/2023 13:24:09.820917,2995,True,True,True,True,Eyes,0.2430192,0.1021833,-2.477695,0.9978701,-0.05105345,-0.04060607,0.0,0.0,0.0,0.0,0.0,0.0,0.0,-2.61934,0.2433231,-0.4391654,0.2263876,0.1069148,-2.655246,0.1241308,0.7275708,-0.01364275,0.6745712,10.79655,95.2297,9.505665,0.1060291,0.0429619,-0.9934343,0.0,0.0,0.0,1.378641,0.1117053,-2.555862,-0.3390543,0.1433168,1.120938,-0.0590907,0.1622218,-0.9849836,0.1990339,0.9688109,0.147618,0.9782096,-0.1873222,-0.08953536,moving,-87.66976,51.50253,-16.82919,7.285985,-83.66629627753854,51.981520930502704,83.50742008745046,80.40453785496089,109.36252652505478
2767,2767,05/15/2023 13:24:09.834864,2996,True,True,True,True,Eyes,0.2428754,0.102387,-2.485546,0.9980575,-0.05239268,-0.03370674,0.0,0.0,0.0,0.0,0.0,0.0,0.0,-2.631608,0.2371231,-0.4168344,0.2275792,0.1073877,-2.663084,0.1245348,0.7244579,-0.01616986,0.6777835,11.08377,94.71676,9.295959,0.1051799,0.04276687,-0.993533,0.0,0.0,0.0,1.378654,0.1094656,-2.555837,-0.3392339,0.1441814,1.124098,-0.05020147,0.1585212,-0.9860786,0.2023598,0.9684592,0.1453865,0.9780238,-0.1922441,-0.08069635,moving,-88.06572,57.24487,-16.79292,7.309079,-83.89318373275168,57.50964871877676,87.02525634915234,83.80061212840033,108.9423814765459
2768,2768,05/15/2023 13:24:09.854017,2997,True,True,True,True,Eyes,0.2428118,0.1025806,-2.493398,0.9981891,-0.05375326,-0.02700427,0.0,0.0,0.0,0.0,0.0,0.0,0.0,-2.642459,0.2430058,-0.3959649,0.2299902,0.108227,-2.670922,0.1240733,0.7214161,-0.01497874,0.6811318,10.98969,94.18685,9.298326,0.10438,0.04258682,-0.993625,0.0,0.0,0.0,1.378667,0.1071725,-2.555812,-0.3400979,0.1430136,1.127075,-0.04133086,0.158612,-0.9864756,0.199422,0.9687629,0.1474087,0.9790417,-0.1906323,-0.07167052,moving,-88.45034,63.32621,-16.79133,7.231567,-84.09984440038947,63.3652190224114,91.00342129545213,87.64372767152598,108.56653963377354
2769,2769,05/15/2023 13:24:09.864338,2998,True,True,True,True,Eyes,0.242824,0.1027658,-2.501261,0.9982689,-0.05521523,-0.02026317,0.0,0.0,0.0,0.0,0.0,0.0,0.0,-2.653205,0.2481387,-0.375438,0.2318119,0.1081827,-2.678914,0.1233537,0.7185202,-0.01396816,0.6843373,10.88883,93.67686,9.267612,0.1036273,0.0424197,-0.993711,0.0,0.0,0.0,1.378681,0.104772,-2.555785,-0.3408891,0.1396899,1.130135,-0.03293282,0.1581464,-0.9868664,0.1963821,0.9691774,0.1487583,0.9799743,-0.1889039,-0.06297486,moving,-88.83715,69.84761,-16.78518,7.046282,-84.29662590052784,69.6453161534289,95.57977390350159,92.06755348396119,108.18227234495899
2770,2770,05/15/2023 13:24:09.883738,2999,True,True,True,True,Eyes,0.2429229,0.1029417,-2.50913,0.9982918,-0.05678654,-0.0137373,0.0,0.0,0.0,0.0,0.0,0.0,0.0,-2.66393,0.2510102,-0.3568478,0.2336254,0.1082031,-2.687114,0.1246475,0.7156524,-0.01506573,0.6870792,11.1191,93.23608,9.248857,0.1029195,0.04226378,-0.9937912,0.0,0.0,0.0,1.378695,0.1024603,-2.555759,-0.3421247,0.1399263,1.132354,-0.02477048,0.1577058,-0.9871755,0.1991113,0.9684721,0.1497218,0.9796638,-0.1928491,-0.05539046,moving,-89.21162,76.40077,-16.81145,7.044398,-84.48059035707833,75.95644412373957,100.26011646228665,96.58148196018932,107.84601403119132
2771,2771,05/15/2023 13:24:09.904235,3000,True,True,True,True,Eyes,0.2430957,0.1031065,-2.517008,0.9982674,-0.05839678,-0.007220984,0.0,0.0,0.0,0.0,0.0,0.0,0.0,-2.674357,0.253283,-0.3403528,0.2357714,0.108217,-2.695344,0.1248589,0.7131566,-0.01537477,0.6896243,11.19453,92.82594,9.202549,0.1022568,0.04211779,-0.9938658,0.0,0.0,0.0,1.378709,0.1000444,-2.555732,-0.3434117,0.1377349,1.134619,-0.01765736,0.1568823,-0.9874595,0.1992936,0.9683477,0.1502823,0.9797808,-0.1941407,-0.04836408,moving,-89.58556,82.95094,-16.83933,6.921444,-84.66412305753026,82.26470378714122,105.22593901328187,101.37459912941435,107.5092254809113
2772,2772,05/15/2023 13:24:09.923680,3001,True,True,True,True,Eyes,0.2433448,0.1032476,-2.524905,0.9981917,-0.06010388,-0.0008789779,0.0,0.0,0.0,0.0,0.0,0.0,0.0,-2.684651,0.2533246,-0.3252227,0.2377059,0.1081455,-2.703534,0.1253928,0.7108456,-0.0164688,0.6918845,11.35739,92.45814,9.124849,0.1016371,0.04198022,-0.9939351,0.0,0.0,0.0,1.378723,0.09759658,-2.555704,-0.3461426,0.1411902,1.135642,-0.01114548,0.1554809,-0.9877762,0.2010589,0.9680108,0.1501011,0.9795159,-0.1969282,-0.04204973,moving,-89.94955,89.16215,-16.95117,7.087008,-84.84726264051942,88.24622711578384,109.84121456422704,105.8144519587651,107.27304590214402
2773,2773,05/15/2023 13:24:09.935034,3002,True,True,True,True,Eyes,0.2436676,0.1033559,-2.532811,0.9980706,-0.06184536,0.005496955,0.0,0.0,0.0,0.0,0.0,0.0,0.0,-2.694571,0.25647,-0.3098826,0.2397654,0.1077475,-2.71172,0.1258066,0.7084863,-0.01680821,0.6942171,11.44873,92.07927,9.095042,0.1010602,0.04184949,-0.9939995,0.0,0.0,0.0,1.378735,0.09547666,-2.55568,-0.3477269,0.1419263,1.136884,-0.004470689,0.1549274,-0.9879157,0.2016016,0.9677804,0.1508574,0.9794574,-0.198491,-0.03556025,moving,89.68444,-84.92077,-17.00676,7.115877,84.37649141252817,-74.08635833110716,140.90335889694967,129.89367455632475,106.97614060693014
2774,2774,05/15/2023 13:24:09.953800,3003,True,True,True,True,Eyes,0.2440553,0.1034474,-2.540775,0.9978933,-0.0637924,0.01180348,0.0,0.0,0.0,0.0,0.0,0.0,0.0,-2.704534,0.260432,-0.2926092,0.2418419,0.1070949,-2.719925,0.1266536,0.7058165,-0.01742793,0.6967627,11.60111,91.66348,9.074826,0.1005224,0.04172312,-0.9940593,0.0,0.0,0.0,1.378749,0.09312049,-2.555654,-0.3468913,0.1404391,1.139036,0.003038645,0.1545021,-0.9879878,0.2030746,0.9673103,0.1518931,0.9791586,-0.2010968,-0.02843611,moving,89.32231,-79.51714,-16.93802,7.028892,84.17313105436922,-68.88397686265667,137.04551574806788,126.43665815932648,106.55768606764475
2775,2775,05/15/2023 13:24:09.963945,3004,True,True,True,True,Eyes,0.244517,0.103524,-2.548754,0.9976684,-0.06577905,0.01818683,0.0,0.0,0.0,0.0,0.0,0.0,0.0,-2.714995,0.2628317,-0.2724302,0.2437745,0.1067649,-2.728309,0.127912,0.702759,-0.01878249,0.6995825,11.85111,91.19808,9.023874,0.1000236,0.04160027,-0.9941148,0.0,0.0,0.0,1.378763,0.09065927,-2.555626,-0.344812,0.139922,1.140928,0.01155417,0.1535028,-0.9880806,0.2060624,0.9665715,0.1525708,0.9784706,-0.2053691,-0.02046324,moving,88.95565,-74.54475,-16.8159,6.991766,83.95362389772475,-64.09782288997593,133.55083013901768,123.32163879514377,106.08323305525815
2776,2776,05/15/2023 13:24:09.983886,3005,True,True,True,True,Eyes,0.2450387,0.1035823,-2.556761,0.9973887,-0.06789021,0.02463224,0.0,0.0,0.0,0.0,0.0,0.0,0.0,-2.725394,0.2653674,-0.2518549,0.2459863,0.1065167,-2.736743,0.128718,0.6996792,-0.01972321,0.7024897,12.0313,90.71698,8.965225,0.09956331,0.04148018,-0.994166,0.0,0.0,0.0,1.378776,0.08845393,-2.555601,-0.3420056,0.1404837,1.142827,0.0201202,0.1524119,-0.9881124,0.2078333,0.9660854,0.1532463,0.9779574,-0.208446,-0.01223851,moving,88.58527,-70.05798,-16.66048,7.008011,83.71727150239298,-59.78034000288431,130.44475789342619,120.56689772222155,105.57459650301628
2777,2777,05/15/2023 13:24:10.004279,3006,True,True,True,True,Eyes,0.2456282,0.1036174,-2.564799,0.9970592,-0.06998856,0.03122006,0.0,0.0,0.0,0.0,0.0,0.0,0.0,-2.735947,0.2705256,-0.2267036,0.2479095,0.1061983,-2.745404,0.1297011,0.6960075,-0.02035539,0.7059298,12.20762,90.14642,8.935301,0.09913947,0.04136172,-0.9942124,0.0,0.0,0.0,1.378789,0.0861525,-2.555575,-0.3391966,0.1432461,1.143921,0.03031847,0.1518069,-0.987945,0.2092848,0.9655266,0.1547847,0.9773846,-0.2114547,-0.0024976,moving,88.20654,-65.9596,-16.51619,7.137637,83.46224122667225,-55.83786022073856,127.71083053401176,118.1592144555205,105.07324117416621
2778,2778,05/15/2023 13:24:10.014179,3007,True,True,True,True,Eyes,0.2462744,0.1036246,-2.572873,0.9966693,-0.07230516,0.03771341,0.0,0.0,0.0,0.0,0.0,0.0,0.0,-2.74677,0.2733563,-0.2009284,0.250096,0.1057045,-2.754291,0.1299597,0.6923359,-0.0209898,0.7094654,12.32565,89.55643,8.84207,0.0987511,0.04124388,-0.9942552,0.0,0.0,0.0,1.378804,0.08363837,-2.555547,-0.3364427,0.1454261,1.144995,0.04046097,0.1501684,-0.9878322,0.2097345,0.9653399,0.1553397,0.976921,-0.2134677,0.007563112,moving,87.83299,-62.45406,-16.37477,7.238391,83.19606131825415,-52.46722454469055,125.36464800973599,116.09957354348299,104.58080662339923
2779,2779,05/15/2023 13:24:10.035466,3008,True,True,True,True,Eyes,0.2469766,0.1036102,-2.580981,0.9962306,-0.07457849,0.04430158,0.0,0.0,0.0,0.0,0.0,0.0,0.0,-2.757332,0.2771882,-0.1773574,0.252076,0.1051252,-2.763435,0.1305921,0.6889257,-0.02168842,0.7126407,12.47502,89.02267,8.779251,0.09839675,0.04112553,-0.9942948,0.0,0.0,0.0,1.378817,0.08137032,-2.555522,-0.3339708,0.1497487,1.145564,0.04982199,0.1490244,-0.9875777,0.2108486,0.9649506,0.1562471,0.9762484,-0.216014,0.01665418,moving,87.45378,-59.28858,-16.2532,7.447505,82.91512664987697,-49.42487602706895,123.32413689885539,114.31896051935047,104.10761840447212
2780,2780,05/15/2023 13:24:10.054175,3009,True,True,True,True,Eyes,0.2477237,0.1035606,-2.589132,0.9957382,-0.07692943,0.05086591,0.0,0.0,0.0,0.0,0.0,0.0,0.0,-2.767547,0.2804525,-0.1543317,0.2540963,0.1046112,-2.772414,0.130742,0.6856586,-0.02206934,0.7157457,12.55755,88.49959,8.703223,0.09807506,0.04100591,-0.9943312,0.0,0.0,0.0,1.37883,0.07911621,-2.555496,-0.3312626,0.152653,1.146046,0.0587705,0.1476967,-0.987285,0.2108808,0.9648389,0.156892,0.9757435,-0.2174201,0.0255577,moving,87.07567,-56.52723,-16.12184,7.587118,82.62423696295711,-46.77242116067484,121.4922865439004,112.71977294749662,103.62435993335446
2781,2781,05/15/2023 13:24:10.063738,3010,True,True,True,True,Eyes,0.2485222,0.1034772,-2.597328,0.9951933,-0.07924903,0.05753117,0.0,0.0,0.0,0.0,0.0,0.0,0.0,-2.777895,0.2833875,-0.1291676,0.2558883,0.1037534,-2.781627,0.1305888,0.6821881,-0.02241412,0.7190714,12.61429,87.93685,8.600687,0.09778434,0.04088381,-0.9943647,0.0,0.0,0.0,1.378844,0.07670194,-2.555469,-0.3277852,0.1539536,1.14672,0.06823411,0.1459375,-0.9869379,0.2104069,0.9648884,0.157224,0.9752298,-0.2183866,0.03513199,moving,86.69147,-54.02207,-15.95237,7.64656,82.32046314795224,-44.3673442790338,119.74463585489957,111.1890101281316,103.09413209885982
2782,2782,05/15/2023 13:24:10.083977,3011,True,True,True,True,Eyes,0.2493595,0.1033524,-2.605551,0.9946039,-0.08159162,0.06407635,0.0,0.0,0.0,0.0,0.0,0.0,0.0,-2.787979,0.2878569,-0.1051741,0.2578973,0.1028799,-2.790995,0.13093,0.6787729,-0.02280321,0.7222221,12.71358,87.40008,8.536819,0.09752329,0.04075818,-0.9943954,0.0,0.0,0.0,1.378857,0.07441936,-2.555444,-0.3241471,0.1571128,1.146913,0.07749466,0.1448055,-0.9864209,0.2106814,0.9646747,0.1581646,0.9744784,-0.2200774,0.04424931,moving,86.31387,-51.85639,-15.78166,7.800257,82.0138238820353,-42.28961050369517,118.24725272607185,109.87698345995472,102.57490489507987
2783,2783,05/15/2023 13:24:10.104070,3012,True,True,True,True,Eyes,0.2502284,0.1032009,-2.613834,0.9939606,-0.0839427,0.07068288,0.0,0.0,0.0,0.0,0.0,0.0,0.0,-2.797819,0.2956683,-0.08181739,0.2596858,0.101873,-2.80073,0.1315017,0.6754224,-0.02263985,0.7252583,12.78706,86.88315,8.538923,0.09729033,0.04062787,-0.9944234,0.0,0.0,0.0,1.37887,0.0721155,-2.555418,-0.3205405,0.1600303,1.146764,0.08658427,0.1447988,-0.9856656,0.2104778,0.9643895,0.1601624,0.9737568,-0.2213283,0.05302405,moving,85.9324,-49.90137,-15.6166,7.944289,81.697692071596,-40.415255107241634,116.86881391604983,108.66792050856657,102.05807222820889
2784,2784,05/15/2023 13:24:10.114540,3013,True,True,True,True,Eyes,0.2511281,0.103019,-2.62218,0.9932674,-0.08632861,0.07724764,0.0,0.0,0.0,0.0,0.0,0.0,0.0,-2.807468,0.3031808,-0.06002069,0.2613001,0.101105,-2.810498,0.1325577,0.672245,-0.02290009,0.7280046,12.93198,86.40987,8.548704,0.09708361,0.04049234,-0.9944492,0.0,0.0,0.0,1.378884,0.06968248,-2.55539,-0.3166557,0.1640655,1.146602,0.09512457,0.1448798,-0.9848661,0.2115653,0.9638081,0.1622163,0.9727238,-0.2237942,0.06103031,moving,85.55299,-48.17752,-15.43849,8.143085,81.37725147500065,-38.76388138549732,115.63429240565458,107.58044103295141,101.53491609647274
2785,2785,05/15/2023 13:24:10.135355,3014,True,True,True,True,Eyes,0.2520625,0.1028103,-2.630601,0.9925286,-0.08862086,0.08386568,0.0,0.0,0.0,0.0,0.0,0.0,0.0,-2.816966,0.3141532,-0.03809214,0.2629401,0.1002435,-2.820683,0.1335989,0.669035,-0.02237639,0.7307824,13.01491,85.93382,8.621772,0.09690142,0.04035098,-0.9944727,0.0,0.0,0.0,1.378898,0.06734037,-2.555364,-0.3129607,0.1668834,1.14624,0.1037831,0.14606,-0.9838169,0.2114692,0.9633012,0.1653222,0.971859,-0.2252046,0.06908722,moving,85.17015,-46.57915,-15.27138,8.283604,81.05006726102785,-37.23368562430882,114.44834085824668,106.53471198253733,101.01643176867512
2786,2786,05/15/2023 13:24:10.153910,3015,True,True,True,True,Eyes,0.2530266,0.1025653,-2.639112,0.9917458,-0.09091374,0.09041454,0.0,0.0,0.0,0.0,0.0,0.0,0.0,-2.826447,0.3241993,-0.01706004,0.2646898,0.09938759,-2.830947,0.1339542,0.666042,-0.02142958,0.7334749,13.00582,85.47389,8.677485,0.09674231,0.04020336,-0.9944943,0.0,0.0,0.0,1.378911,0.06501994,-2.555338,-0.31068,0.1690848,1.14547,0.1118579,0.1470021,-0.9827911,0.2098743,0.963194,0.1679581,0.9713087,-0.2250501,0.07688887,moving,84.79091,-45.15774,-15.17497,8.396893,80.72154397953044,-35.87411828542374,113.40756535583985,105.62226959150419,100.57047149472537
2787,2787,05/15/2023 13:24:10.164310,3016,True,True,True,True,Eyes,0.2540199,0.1022841,-2.647709,0.9909208,-0.09311049,0.09698671,0.0,0.0,0.0,0.0,0.0,0.0,0.0,-2.836295,0.3338633,0.002902031,0.2663585,0.09829175,-2.841731,0.1343933,0.6631999,-0.02070471,0.7359862,13.01969,85.04171,8.724404,0.09660474,0.04004875,-0.9945139,0.0,0.0,0.0,1.378925,0.06269025,-2.555312,-0.3092934,0.1729696,1.144075,0.1194745,0.1477825,-0.981777,0.208736,0.9630195,0.1703605,0.9706468,-0.2252859,0.08420867,moving,84.40997,-43.83186,-15.12793,8.597286,80.38876925628138,-34.606777156789164,112.50159504068961,104.83334827272633,100.1774399389047
2788,2788,05/15/2023 13:24:10.183803,3017,True,True,True,True,Eyes,0.2550302,0.1019602,-2.656378,0.990061,-0.09523333,0.1034882,0.0,0.0,0.0,0.0,0.0,0.0,0.0,-2.846116,0.3421436,0.02232528,0.2680364,0.09714068,-2.852483,0.1345123,0.6604921,-0.02001289,0.7384145,13.00808,84.62246,8.74485,0.09648731,0.0398865,-0.9945319,0.0,0.0,0.0,1.378938,0.06039014,-2.555286,-0.3084879,0.1752992,1.142613,0.1266991,0.1481331,-0.9808179,0.2072443,0.9630119,0.172215,0.97005,-0.2250884,0.09131301,moving,84.03271,-42.62131,-15.10875,8.722286,80.05641355007378,-33.4505977311484,111.64763294016947,104.09111621898025,99.81090725839105
2789,2789,05/15/2023 13:24:10.203954,3018,True,True,True,True,Eyes,0.2560568,0.1015858,-2.665136,0.9891537,-0.09727018,0.1100604,0.0,0.0,0.0,0.0,0.0,0.0,0.0,-2.856026,0.3493247,0.04317069,0.2695037,0.09584698,-2.863382,0.1346156,0.6576456,-0.01965143,0.740942,13.0224,84.18198,8.733727,0.09638834,0.03971581,-0.9945484,0.0,0.0,0.0,1.378952,0.05800691,-2.555259,-0.3071354,0.1791413,1.140924,0.1342324,0.1479376,-0.979845,0.2061799,0.9629849,0.1736374,0.9692635,-0.2253321,0.09876201,moving,83.65097,-41.46989,-15.06678,8.923395,79.71810664635704,-32.35161084924164,110.83626364215695,103.38182066697067,99.42317661048543
2790,2790,05/15/2023 13:24:10.214266,3019,True,True,True,True,Eyes,0.2570939,0.1011771,-2.673973,0.9881884,-0.09932382,0.1166982,0.0,0.0,0.0,0.0,0.0,0.0,0.0,-2.865605,0.3581409,0.0665431,0.2709154,0.09425966,-2.874388,0.1346914,0.6544765,-0.01901699,0.7437455,13.01726,83.6927,8.738269,0.09630623,0.03953568,-0.9945636,0.0,0.0,0.0,1.378966,0.05554086,-2.555231,-0.3048263,0.1830159,1.139527,0.1425979,0.148017,-0.9786506,0.2045922,0.9629932,0.1754598,0.9684048,-0.2252445,0.1070376,moving,83.26496,-40.40167,-14.97612,9.124178,79.37339555277416,-31.333034062975663,110.01872304151463,102.65776684183109,98.98474263742773
2791,2791,05/15/2023 13:24:10.235557,3020,True,True,True,True,Eyes,0.2581463,0.1007445,-2.682902,0.9871662,-0.1013101,0.1234466,0.0,0.0,0.0,0.0,0.0,0.0,0.0,-2.875191,0.367022,0.09141183,0.2722686,0.09309261,-2.885652,0.1355171,0.6510312,-0.0190361,0.7466133,13.12897,83.18352,8.742818,0.09623937,0.03934585,-0.9945777,0.0,0.0,0.0,1.378979,0.0533753,-2.555207,-0.3026439,0.1883595,1.137796,0.151592,0.1480265,-0.9772965,0.2048769,0.9625455,0.1775715,0.9669776,-0.2271438,0.115587,moving,82.87208,-39.37501,-14.89529,9.399935,79.02089773001586,-30.35477220465051,109.25865593384317,101.98375881809355,98.55577345593693
2792,2792,05/15/2023 13:24:10.253920,3021,True,True,True,True,Eyes,0.2592136,0.100305,-2.691916,0.9860747,-0.1033872,0.1302601,0.0,0.0,0.0,0.0,0.0,0.0,0.0,-2.884319,0.3768816,0.1186943,0.2736877,0.09209026,-2.896901,0.1358066,0.6473519,-0.01833955,0.7497707,13.14357,82.62592,8.761315,0.09618642,0.03914645,-0.9945908,0.0,0.0,0.0,1.378995,0.05064989,-2.555176,-0.3011734,0.1909649,1.136208,0.1611986,0.1483283,-0.9757121,0.2033302,0.9624405,0.1799033,0.9657495,-0.2273919,0.1249844,moving,82.47482,-38.43898,-14.84591,9.540654,78.66168657437694,-29.464092787628022,108.50516009161433,101.31653808279974,98.1450500286119
2793,2793,05/15/2023 13:24:10.263723,3022,True,True,True,True,Eyes,0.2603091,0.09990636,-2.70101,0.9849122,-0.1054517,0.1372149,0.0,0.0,0.0,0.0,0.0,0.0,0.0,-2.893736,0.3842808,0.1442573,0.2751688,0.09154238,-2.90828,0.1369063,0.6438023,-0.01887186,0.7526081,13.31904,82.11173,8.740669,0.09614619,0.03893825,-0.9946028,0.0,0.0,0.0,1.379006,0.04874447,-2.555155,-0.2990122,0.1924914,1.134853,0.1703249,0.147875,-0.9742292,0.2046874,0.961801,0.1817741,0.9638944,-0.2303731,0.1335505,moving,82.06878,-37.54282,-14.76087,9.626763,78.29288498907898,-28.612157579679263,107.70770947112555,100.60425619558329,97.68713694693176
2794,2794,05/15/2023 13:24:10.283880,3023,True,True,True,True,Eyes,0.2614298,0.09951274,-2.710161,0.9836863,-0.1073112,0.1443803,0.0,0.0,0.0,0.0,0.0,0.0,0.0,-2.901707,0.3973045,0.1746852,0.2769481,0.09213577,-2.919432,0.1380694,0.6395648,-0.01798717,0.7560226,13.4016,81.49982,8.835244,0.09611809,0.03872373,-0.9946139,0.0,0.0,0.0,1.379019,0.04637002,-2.555128,-0.294518,0.1923118,1.134414,0.1812668,0.1494113,-0.9720178,0.2038061,0.9612266,0.1857593,0.9620839,-0.2317751,0.1437875,moving,81.65005,-36.62173,-14.55388,9.621603,77.91247329056642,-27.736566374638087,106.74100427855167,99.72792642926048,97.08845989855723
2795,2795,05/15/2023 13:24:10.304454,3024,True,True,True,True,Eyes,0.2625706,0.09913511,-2.719405,0.9823729,-0.1092551,0.1516805,0.0,0.0,0.0,0.0,0.0,0.0,0.0,-2.909847,0.4052673,0.2078195,0.2787789,0.09188776,-2.930611,0.1368989,0.6353559,-0.01627743,0.7598136,13.22168,80.82861,8.817444,0.09610158,0.03850379,-0.994624,0.0,0.0,0.0,1.379033,0.04400021,-2.555102,-0.2878262,0.1895485,1.134668,0.1921158,0.1492235,-0.9699607,0.1986947,0.9619874,0.1873514,0.9610473,-0.2287192,0.1551631,moving,81.22272,-35.76511,-14.23374,9.483799,77.52197466308766,-26.923449246126545,105.63805905743384,98.71473495982778,96.35960718764412
2796,2796,05/15/2023 13:24:10.323701,3025,True,True,True,True,Eyes,0.2637713,0.09883875,-2.728706,0.9809834,-0.1111398,0.1591213,0.0,0.0,0.0,0.0,0.0,0.0,0.0,-2.917133,0.4202206,0.2397072,0.2804013,0.09180619,-2.94222,0.1388987,0.6308106,-0.01600236,0.7632359,13.42744,80.1992,8.919617,0.09609585,0.03827962,-0.9946332,0.0,0.0,0.0,1.379047,0.04167645,-2.555076,-0.2798615,0.18984,1.134806,0.203644,0.1508103,-0.96736,0.1996646,0.9609022,0.191836,0.9584691,-0.2322138,0.1655704,moving,80.78653,-34.93273,-13.85363,9.496987,77.12223434709627,-26.133998101592184,104.55027325418948,97.70452903018952,95.57648542776802
2797,2797,05/15/2023 13:24:10.335739,3026,True,True,True,True,Eyes,0.265021,0.09860204,-2.738102,0.9795329,-0.1129021,0.1666387,0.0,0.0,0.0,0.0,0.0,0.0,0.0,-2.923273,0.4418074,0.2688949,0.283189,0.09352887,-2.953655,0.1406407,0.6265126,-0.01337488,0.7665007,13.43614,79.61041,9.212979,0.09610169,0.03805469,-0.9946412,0.0,0.0,0.0,1.37906,0.03938075,-2.55505,-0.2711301,0.1906677,1.134803,0.2146063,0.1557226,-0.9642066,0.19673,0.9600826,0.1988433,0.9566824,-0.2323615,0.1754044,moving,80.34525,-34.11868,-13.43735,9.537656,76.71706465160115,-25.36239241394636,103.44588795938142,96.6738426900919,94.75525413952481
2798,2798,05/15/2023 13:24:10.353918,3027,True,True,True,True,Eyes,0.2663023,0.09841417,-2.74759,0.9780032,-0.1149131,0.1740825,0.0,0.0,0.0,0.0,0.0,0.0,0.0,-2.931624,0.4489193,0.2971928,0.2856429,0.09483376,-2.965415,0.1403039,0.6228137,-0.01221216,0.7695901,13.36565,79.04829,9.224993,0.09611932,0.03783128,-0.9946481,0.0,0.0,0.0,1.379074,0.03699545,-2.555023,-0.2620074,0.1917062,1.134881,0.2239081,0.1559697,-0.9620493,0.1935631,0.9603313,0.2007412,0.9551957,-0.2311648,0.184836,moving,79.90717,-33.42909,-12.99998,9.588001,76.31160013690314,-24.71077263590951,102.38265790271701,95.6711253172964,93.92068574703627
2799,2799,05/15/2023 13:24:10.364058,3028,True,True,True,True,Eyes,0.2676353,0.0982976,-2.757149,0.9764521,-0.1169249,0.1813006,0.0,0.0,0.0,0.0,0.0,0.0,0.0,-2.941918,0.4496035,0.3138845,0.2877212,0.09589027,-2.977174,0.1425781,0.6203039,-0.0150409,0.7711475,13.8014,78.73006,9.105623,0.09614827,0.03761102,-0.9946536,0.0,0.0,0.0,1.379087,0.03460182,-2.554996,-0.2544434,0.190567,1.135228,0.2299937,0.1536859,-0.9609806,0.2000809,0.9588905,0.2012376,0.9524026,-0.2385573,0.1897892,moving,79.48151,-32.81889,-12.63316,9.529215,75.91599916161199,-24.135363498784365,101.38281129609658,94.73255741153254,93.15660317318854
2800,2800,05/15/2023 13:24:10.383916,3029,True,True,True,True,Eyes,0.2690042,0.09824376,-2.766733,0.9749092,-0.1187355,0.1882923,0.0,0.0,0.0,0.0,0.0,0.0,0.0,-2.953135,0.4485966,0.3202868,0.2903014,0.09750728,-2.988485,0.1431326,0.61939,-0.01607334,0.7717581,13.93605,78.6061,9.040075,0.09618891,0.0373962,-0.9946579,0.0,0.0,0.0,1.379101,0.0323183,-2.554971,-0.2475457,0.1979385,1.133949,0.2321953,0.1525003,-0.9606398,0.2021192,0.9585095,0.2010161,0.9514373,-0.2408388,0.1917382,moving,79.0686,-32.23519,-12.31471,9.901609,75.53202359519058,-23.585123304715065,100.63011068523429,94.01281744417638,92.49829778283892
2801,2801,05/15/2023 13:24:10.403917,3030,True,True,True,True,Eyes,0.2704178,0.09822398,-2.776334,0.9733783,-0.1203469,0.1950678,0.0,0.0,0.0,0.0,0.0,0.0,0.0,-2.96438,0.4460303,0.323318,0.2926647,0.09899595,-2.999263,0.1419349,0.6192352,-0.01558715,0.7721136,13.79708,78.54881,8.987535,0.09624115,0.0371886,-0.9946606,0.0,0.0,0.0,1.379114,0.02998057,-2.554944,-0.2376633,0.1912568,1.135021,0.2326097,0.1517121,-0.9606645,0.1998523,0.959223,0.1998755,0.9518149,-0.238484,0.1928046,moving,78.66787,-31.67247,-11.82636,9.564781,75.15927193389078,-23.054743909822644,99.44705391981151,92.90066505833452,91.60639076800148
2802,2802,05/15/2023 13:24:10.423852,3031,True,True,True,True,Eyes,0.2718626,0.0982128,-2.785942,0.9717825,-0.1219879,0.2018856,0.0,0.0,0.0,0.0,0.0,0.0,0.0,-2.974398,0.4453425,0.3281929,0.2951516,0.09976381,-3.009322,0.1406149,0.6187952,-0.0147076,0.772725,13.622,78.44703,8.955814,0.09630526,0.03698879,-0.9946619,0.0,0.0,0.0,1.379128,0.02763538,-2.554918,-0.2268299,0.1851137,1.136585,0.2337525,0.1512938,-0.960453,0.1967535,0.9600222,0.1991113,0.9521806,-0.2355153,0.1946401,moving,78.26387,-31.14216,-11.28632,9.25045,74.78246956433708,-22.55573810587568,98.23848264121449,91.75767073600161,90.66152286567639
2803,2803,05/15/2023 13:24:10.436148,3032,True,True,True,True,Eyes,0.2733393,0.09821991,-2.795538,0.9701298,-0.1237025,0.2086761,0.0,0.0,0.0,0.0,0.0,0.0,0.0,-2.98157,0.4547909,0.3388877,0.2972848,0.09993155,-3.018786,0.141519,0.6171827,-0.01399759,0.773862,13.66888,78.23543,9.060767,0.09638099,0.03679639,-0.9946617,0.0,0.0,0.0,1.379142,0.02526549,-2.554891,-0.2175971,0.1862246,1.136734,0.2377793,0.1530217,-0.9591901,0.1963505,0.9595529,0.2017541,0.9512663,-0.2363104,0.198116,moving,77.86058,-30.65931,-10.83664,9.303795,74.40506061068808,-22.102502208695327,97.28435946733383,90.84328829012678,89.84968847243941
2804,2804,05/15/2023 13:24:10.454359,3033,True,True,True,True,Eyes,0.2748533,0.09825473,-2.80512,0.9683036,-0.1256839,0.215851,0.0,0.0,0.0,0.0,0.0,0.0,0.0,-2.986614,0.4710167,0.3577006,0.2995516,0.100407,-3.028177,0.1437301,0.6142424,-0.01318829,0.7758054,13.8402,77.866,9.251881,0.09646824,0.03661139,-0.9946601,0.0,0.0,0.0,1.379155,0.0229716,-2.554866,-0.2092522,0.1781383,1.138255,0.2450646,0.1561071,-0.9568563,0.1970333,0.9583355,0.2068115,0.9492741,-0.2392147,0.2040958,moving,77.43328,-30.21103,-10.41672,8.894715,74.00345589361469,-21.683374336202505,96.16070815049682,89.78744703666332,88.98783106849805
2805,2805,05/15/2023 13:24:10.463910,3034,True,True,True,True,Eyes,0.2764261,0.09831329,-2.814688,0.9663595,-0.1276612,0.2232755,0.0,0.0,0.0,0.0,0.0,0.0,0.0,-2.987954,0.4969128,0.390727,0.3019821,0.1011532,-3.037438,0.1471343,0.609154,-0.01166897,0.7791963,14.09376,77.219,9.559343,0.09656707,0.03643413,-0.994657,0.0,0.0,0.0,1.379169,0.02057187,-2.554839,-0.2017649,0.1722669,1.139569,0.2575905,0.1610701,-0.9527349,0.1974398,0.9564306,0.2150767,0.9458673,-0.2435095,0.2145658,moving,76.99021,-29.75942,-10.04038,8.596231,73.5866691462341,-21.26152798264632,95.10772607618112,88.79734861116322,88.16488888575671
2806,2806,05/15/2023 13:24:10.483993,3035,True,True,True,True,Eyes,0.2780744,0.09838854,-2.824283,0.9642203,-0.1297258,0.2311933,0.0,0.0,0.0,0.0,0.0,0.0,0.0,-2.989005,0.5155388,0.4320469,0.305005,0.1017945,-3.046835,0.1484953,0.6032966,-0.00999184,0.7835067,14.16707,76.40156,9.70906,0.09667828,0.03626476,-0.9946525,0.0,0.0,0.0,1.379182,0.01820692,-2.554812,-0.1960025,0.1638489,1.140522,0.2718669,0.1635161,-0.9483411,0.1948308,0.9556985,0.2206381,0.9424062,-0.2447502,0.2279648,moving,76.5166,-29.29738,-9.75122,8.175254,73.14058961761212,-20.83057579475547,94.05495769203426,87.82021557571342,87.3795594948824
2807,2807,05/15/2023 13:24:10.504170,3036,True,True,True,True,Eyes,0.2797948,0.09847739,-2.833843,0.9620016,-0.1316667,0.2392003,0.0,0.0,0.0,0.0,0.0,0.0,0.0,-2.992222,0.5238252,0.4679036,0.3082722,0.1021976,-3.056344,0.148969,0.5983446,-0.00975409,0.7872084,14.25346,75.6885,9.676607,0.09680303,0.0361031,-0.9946463,0.0,0.0,0.0,1.379195,0.01595564,-2.554787,-0.1932756,0.1603078,1.140503,0.2837773,0.1629125,-0.9449497,0.1936266,0.9554262,0.2228666,0.9391375,-0.2462118,0.2395841,moving,76.03666,-28.83038,-9.618263,8.001015,72.68851490343775,-20.395036398745194,93.23796164536176,87.0674532984973,86.77146898023418
2808,2808,05/15/2023 13:24:10.514308,3037,True,True,True,True,Eyes,0.2815757,0.09855885,-2.843371,0.9596559,-0.1335603,0.2474316,0.0,0.0,0.0,0.0,0.0,0.0,0.0,-2.996775,0.5218219,0.5001636,0.3117423,0.1026094,-3.065193,0.1478113,0.594183,-0.01007852,0.7905676,14.22241,75.04216,9.483794,0.09694241,0.03594895,-0.9946383,0.0,0.0,0.0,1.379209,0.01359818,-2.55476,-0.190781,0.1566107,1.140262,0.2936901,0.1597184,-0.9424629,0.1915894,0.9561005,0.2217326,0.9365041,-0.2456865,0.2501969,moving,75.54211,-28.35958,-9.498371,7.820432,72.2223944055176,-19.95628866443023,92.41686359659424,86.31239603517811,86.15984119282984
2809,2809,05/15/2023 13:24:10.537264,3038,True,True,True,True,Eyes,0.2834069,0.09863609,-2.852829,0.9571924,-0.135514,0.2557706,0.0,0.0,0.0,0.0,0.0,0.0,0.0,-3.001113,0.513191,0.5349362,0.3148449,0.1024767,-3.073528,0.1462431,0.5898206,-0.01170525,0.7940955,14.24508,74.35101,9.137671,0.09709699,0.0358014,-0.9946285,0.0,0.0,0.0,1.379223,0.01127735,-2.554734,-0.190508,0.1517687,1.140077,0.3039495,0.1539242,-0.9401713,0.1911046,0.9569519,0.2184541,0.9333241,-0.24607,0.2614494,moving,75.03957,-27.91583,-9.486538,7.58272,71.74779816486127,-19.54389088521381,91.6777507671854,85.64385786653638,85.63750460188648
2810,2810,05/15/2023 13:24:10.553975,3039,True,True,True,True,Eyes,0.2852974,0.09871968,-2.862238,0.9545993,-0.1376018,0.2642082,0.0,0.0,0.0,0.0,0.0,0.0,0.0,-3.004559,0.5027327,0.5715137,0.3179123,0.1025057,-3.081423,0.1459838,0.5849877,-0.01519966,0.7976512,14.51725,73.62286,8.707062,0.09726703,0.03565978,-0.994617,0.0,0.0,0.0,1.379237,0.008796117,-2.554706,-0.1914567,0.1513943,1.139237,0.3151167,0.1465494,-0.9376699,0.1950455,0.9569154,0.215105,0.9287943,-0.2506714,0.2729563,moving,74.5293,-27.51087,-9.539809,7.569735,71.26465784322261,-19.16916234357678,91.09480739987274,85.11363282675579,85.20459451318092
2811,2811,05/15/2023 13:24:10.563788,3040,True,True,True,True,Eyes,0.2872407,0.09881866,-2.871564,0.9519137,-0.1396933,0.2726646,0.0,0.0,0.0,0.0,0.0,0.0,0.0,-3.007347,0.4965369,0.6054804,0.3211009,0.1027637,-3.089276,0.1463272,0.5803503,-0.01822476,0.8009057,14.8057,72.94424,8.365051,0.09745298,0.03552381,-0.9946036,0.0,0.0,0.0,1.37925,0.006469478,-2.55468,-0.1926673,0.1490551,1.138571,0.3257228,0.1406494,-0.9349452,0.1990346,0.9565124,0.213235,0.9242782,-0.255542,0.2835638,moving,74.01625,-27.12727,-9.604519,7.458414,70.7782426913616,-18.815130344961165,90.49089758588549,84.56765049105285,84.76558586913373
2812,2812,05/15/2023 13:24:10.583976,3041,True,True,True,True,Eyes,0.2892552,0.09895002,-2.880839,0.9491444,-0.141836,0.2810829,0.0,0.0,0.0,0.0,0.0,0.0,0.0,-3.009902,0.4922542,0.6353133,0.3243299,0.1032677,-3.096707,0.1462988,0.5763,-0.02019048,0.803783,14.9785,72.34688,8.103157,0.09765511,0.03539362,-0.9945884,0.0,0.0,0.0,1.379264,0.004191341,-2.554655,-0.1912431,0.1471734,1.138576,0.3349411,0.1361665,-0.9323483,0.2010816,0.956378,0.2119135,0.9205328,-0.2584566,0.2929497,moving,73.50369,-26.77577,-9.534788,7.365266,70.2914267474637,-18.49205492968122,89.78306726610415,83.90962761548118,84.19870263140336
2813,2813,05/15/2023 13:24:10.603775,3042,True,True,True,True,Eyes,0.2913353,0.09909707,-2.890024,0.9462994,-0.1438676,0.2895158,0.0,0.0,0.0,0.0,0.0,0.0,0.0,-3.011315,0.495381,0.6627357,0.3277581,0.1041311,-3.103928,0.1470041,0.5723634,-0.02103687,0.8064413,15.14019,71.79461,8.000428,0.09787419,0.03526984,-0.9945711,0.0,0.0,0.0,1.379277,0.001927972,-2.554629,-0.1885559,0.149309,1.138015,0.3439154,0.1343495,-0.9293398,0.2022095,0.9558945,0.2130189,0.9169698,-0.2611818,0.3015801,moving,72.98875,-26.42393,-9.407784,7.474588,69.80231510669228,-18.168726091798007,89.09712867320405,83.25754835510483,83.60461671683721
2814,2814,05/15/2023 13:24:10.614587,3043,True,True,True,True,Eyes,0.2935004,0.09927964,-2.899169,0.943416,-0.1459075,0.2977872,0.0,0.0,0.0,0.0,0.0,0.0,0.0,-3.011748,0.5011296,0.6910973,0.3314157,0.1046492,-3.111043,0.1467482,0.5684078,-0.02025028,0.8093006,15.10256,71.22382,7.980961,0.09811082,0.03515252,-0.9945519,0.0,0.0,0.0,1.37929,-0.0003551918,-2.554603,-0.184659,0.1403989,1.138863,0.3530051,0.1340485,-0.9259689,0.1996027,0.9561098,0.214506,0.9140822,-0.2605476,0.3107552,moving,72.48181,-26.10358,-9.209977,7.02796,69.32009254888368,-17.87552978418088,88.15467659758595,82.38419524874482,82.86086243632013
2815,2815,05/15/2023 13:24:10.637272,3044,True,True,True,True,Eyes,0.2957434,0.09947429,-2.908223,0.9404857,-0.147808,0.3060056,0.0,0.0,0.0,0.0,0.0,0.0,0.0,-3.012043,0.5123444,0.7150309,0.335197,0.1056057,-3.118118,0.1482471,0.5646856,-0.01992739,0.8116378,15.25714,70.7352,8.048612,0.09836601,0.03504229,-0.9945304,0.0,0.0,0.0,1.379303,-0.002669927,-2.554577,-0.1822605,0.1422517,1.138815,0.361466,0.1350784,-0.9225488,0.1997737,0.9552514,0.2181405,0.910732,-0.2631513,0.3183058,moving,71.97668,-25.78166,-9.092733,7.120052,68.83966574204644,-17.580761893384167,87.49155603082798,81.75322000193583,82.2827774267273
2816,2816,05/15/2023 13:24:10.654123,3045,True,True,True,True,Eyes,0.2980593,0.09967298,-2.917224,0.9375495,-0.1497567,0.3139648,0.0,0.0,0.0,0.0,0.0,0.0,0.0,-3.01352,0.5172421,0.7372241,0.3393013,0.1060754,-3.125054,0.147742,0.5615494,-0.01887529,0.8139279,15.17104,70.27968,8.052749,0.09864059,0.03493899,-0.9945067,0.0,0.0,0.0,1.379317,-0.005047253,-2.554551,-0.1802664,0.1366192,1.138492,0.3686121,0.1352026,-0.9196986,0.1966551,0.955632,0.2193039,0.9085439,-0.2617015,0.3256693,moving,71.48543,-25.50047,-8.997392,6.842781,68.37157067778355,-17.324857444622033,86.73851810085692,81.05572856884477,81.67916719399459
2817,2817,05/15/2023 13:24:10.664296,3046,True,True,True,True,Eyes,0.3004603,0.09989405,-2.926116,0.9345449,-0.1516436,0.3219162,0.0,0.0,0.0,0.0,0.0,0.0,0.0,-3.013931,0.5293896,0.7571859,0.342977,0.1062985,-3.131841,0.1489996,0.5583792,-0.01811462,0.8158944,15.26985,69.8686,8.15462,0.09893497,0.03484214,-0.9944807,0.0,0.0,0.0,1.379332,-0.007565487,-2.554523,-0.1788542,0.1316761,1.138572,0.375769,0.1368373,-0.9165552,0.1959557,0.954942,0.2229062,0.9057589,-0.2633655,0.3320235,moving,70.99306,-25.2235,-8.927437,6.596967,67.90227584606919,-17.07305981707311,86.02225270722163,80.39325186562867,81.10296476368381
2818,2818,05/15/2023 13:24:10.683999,3047,True,True,True,True,Eyes,0.3029638,0.1001239,-2.934923,0.9315115,-0.1534073,0.3297765,0.0,0.0,0.0,0.0,0.0,0.0,0.0,-3.012752,0.5409091,0.7817385,0.3473979,0.1069991,-3.13819,0.1495926,0.5546095,-0.01671208,0.8183833,15.27104,69.35923,8.259071,0.09925011,0.03475199,-0.9944522,0.0,0.0,0.0,1.379344,-0.009699256,-2.554498,-0.1778882,0.1337957,1.137811,0.3842581,0.1385771,-0.9127662,0.1932847,0.9546855,0.2263108,0.9027662,-0.2633854,0.3400608,moving,70.50487,-24.94717,-8.885831,6.706636,67.43701178387717,-16.821748627346818,85.46839672976812,79.86714727461349,80.61820713069419
2819,2819,05/15/2023 13:24:10.704121,3048,True,True,True,True,Eyes,0.3055699,0.1003291,-2.943629,0.9283913,-0.1550705,0.3377024,0.0,0.0,0.0,0.0,0.0,0.0,0.0,-3.010908,0.5464883,0.8122394,0.3521248,0.1073702,-3.144587,0.1485319,0.5503309,-0.0150388,0.8214915,15.10495,68.73518,8.264388,0.09958734,0.03466827,-0.9944212,0.0,0.0,0.0,1.379358,-0.01214254,-2.554471,-0.1781814,0.1325303,1.137018,0.3938196,0.1387749,-0.9086516,0.1881919,0.9554242,0.2274828,0.8997166,-0.260588,0.3501485,moving,70.01114,-24.66425,-8.906354,6.64837,66.96656207964732,-16.564252738765692,84.90259731306479,79.34434604205562,80.15922670222665
2820,2820,05/15/2023 13:24:10.714622,3049,True,True,True,True,Eyes,0.3082969,0.1005034,-2.952261,0.9251862,-0.1568522,0.3455836,0.0,0.0,0.0,0.0,0.0,0.0,0.0,-3.008657,0.5513982,0.8435301,0.3571824,0.1070322,-3.150963,0.1480881,0.5457646,-0.01443334,0.8246228,15.06936,68.08334,8.206845,0.09994791,0.03458963,-0.9943875,0.0,0.0,0.0,1.379371,-0.01437344,-2.554446,-0.179039,0.1333206,1.136137,0.4038655,0.1378384,-0.9043746,0.1854466,0.9557232,0.2284793,0.8958249,-0.2599881,0.3604219,moving,69.5179,-24.41217,-8.955347,6.692791,66.49574594269193,-16.336497712190283,84.41308603252537,78.88735998140736,79.74794894476993
2821,2821,05/15/2023 13:24:10.739465,3050,True,True,True,True,Eyes,0.3111294,0.100645,-2.960787,0.9218688,-0.1587057,0.3535116,0.0,0.0,0.0,0.0,0.0,0.0,0.0,-3.006341,0.5568116,0.8727384,0.3624234,0.1064226,-3.157074,0.1483137,0.5413042,-0.01449772,0.827516,15.13886,67.46254,8.13358,0.1003334,0.03451459,-0.9943509,0.0,0.0,0.0,1.379385,-0.01675021,-2.554419,-0.1797823,0.1329925,1.135327,0.4135593,0.1365714,-0.900176,0.1845598,0.9555858,0.2297685,0.8915752,-0.2611592,0.3699858,moving,69.01954,-24.17725,-8.998238,6.681198,66.01950327708373,-16.125460199115313,83.89885277538656,78.40794069816364,79.3168108242324
2822,2822,05/15/2023 13:24:10.754155,3051,True,True,True,True,Eyes,0.3140803,0.1007603,-2.969224,0.9184843,-0.1608272,0.361277,0.0,0.0,0.0,0.0,0.0,0.0,0.0,-3.003703,0.5643657,0.9008013,0.367765,0.1058243,-3.163184,0.1495808,0.5367681,-0.01527109,0.8302243,15.35301,66.85636,8.061032,0.1007449,0.03444185,-0.9943115,0.0,0.0,0.0,1.379399,-0.01922892,-2.554391,-0.1796054,0.1339581,1.134545,0.4232937,0.1352235,-0.8958443,0.1859372,0.9547847,0.2319771,0.8867072,-0.2647653,0.3790113,moving,68.52828,-23.99687,-8.99562,6.733854,65.54864951047568,-15.966823418898937,83.39264037536032,77.92412253036503,78.86300944128666
2823,2823,05/15/2023 13:24:10.763723,3052,True,True,True,True,Eyes,0.3171461,0.1008488,-2.977561,0.9150087,-0.1629809,0.3690476,0.0,0.0,0.0,0.0,0.0,0.0,0.0,-3.000244,0.5736989,0.9290341,0.3733117,0.1053411,-3.169107,0.1513087,0.5320605,-0.01615458,0.8329204,15.61945,66.23955,8.003978,0.1011836,0.03437041,-0.9942689,0.0,0.0,0.0,1.379412,-0.02141594,-2.554367,-0.1784238,0.1366546,1.133952,0.4333013,0.1340998,-0.8912168,0.1879218,0.9536895,0.2348658,0.8814395,-0.2692467,0.3880346,moving,68.03445,-23.82749,-8.941994,6.871679,65.07500680310663,-15.818880665840837,82.87226259838509,77.4169096892673,78.37454907781294
2824,2824,05/15/2023 13:24:10.783854,3053,True,True,True,True,Eyes,0.3203422,0.1009115,-2.985801,0.9115168,-0.165304,0.3765787,0.0,0.0,0.0,0.0,0.0,0.0,0.0,-2.997901,0.5815256,0.9542418,0.3791168,0.1048225,-3.175129,0.1524323,0.5278636,-0.0166101,0.8353733,15.79591,65.68208,7.955391,0.1016508,0.03429938,-0.9942241,0.0,0.0,0.0,1.379425,-0.02368467,-2.554341,-0.177273,0.1377331,1.133362,0.4421683,0.1331757,-0.8869901,0.1886782,0.952977,0.23714,0.8768624,-0.2722115,0.3962489,moving,67.55281,-23.69969,-8.889796,6.928954,64.61203593812863,-15.710674477278058,82.35038460960563,76.90950575741653,77.8870398955151
2825,2825,05/15/2023 13:24:10.803916,3054,True,True,True,True,Eyes,0.3236672,0.1009288,-2.993934,0.9079536,-0.1675641,0.3841126,0.0,0.0,0.0,0.0,0.0,0.0,0.0,-2.99578,0.5900917,0.9769739,0.3852959,0.104276,-3.18089,0.1533347,0.523981,-0.01653533,0.8376508,15.91496,65.16782,7.948787,0.1021461,0.03422821,-0.9941763,0.0,0.0,0.0,1.379439,-0.02613517,-2.554314,-0.17457,0.1386183,1.133445,0.450341,0.1329873,-0.882897,0.1883906,0.9524301,0.2395536,0.8727553,-0.2742104,0.4038648,moving,67.06905,-23.56861,-8.755738,6.972548,64.14710135127798,-15.59937003024078,81.74448487345128,76.31720296920055,77.31602764703145
2826,2826,05/15/2023 13:24:10.813983,3055,True,True,True,True,Eyes,0.3236672,0.1009288,-2.993934,0.9079536,-0.1675641,0.3841126,0.0,0.0,0.0,0.0,0.0,0.0,0.0,-2.993763,0.5952102,1.000651,0.3916923,0.1032179,-3.186553,0.1534855,0.52009,-0.01653077,0.8400449,15.96586,64.63247,7.884158,0.1026724,0.03415531,-0.994125,0.0,0.0,0.0,1.379452,-0.02844725,-2.554288,-0.1720199,0.1384315,1.133442,0.4584661,0.1318794,-0.8788723,0.1874258,0.9523379,0.2406744,0.8687233,-0.2750644,0.4118971,moving,67.06905,-23.56861,-8.629796,6.963262,64.14710135127798,-15.59937003024078,81.62420286628287,76.19415431783793,77.19215131737087
2827,2827,05/15/2023 13:24:10.837690,3056,True,True,True,True,Eyes,0.3236672,0.1009288,-2.993934,0.9079536,-0.1675641,0.3841126,0.0,0.0,0.0,0.0,0.0,0.0,0.0,-2.991736,0.6007517,1.023457,0.3982803,0.1018516,-3.192154,0.1543396,0.516136,-0.01735321,0.8423074,16.13586,64.10188,7.783012,0.1031465,0.03408963,-0.9940785,0.0,0.0,0.0,1.379466,-0.03077381,-2.554262,-0.170658,0.1392554,1.133452,0.4666049,0.1300869,-0.8748471,0.1885539,0.9517563,0.2420895,0.8641339,-0.2779159,0.4195658,moving,67.06905,-23.56861,-8.562412,7.004232,64.14710135127798,-15.59937003024078,81.57705996304603,76.14194741744642,77.13499858948657
2828,2828,05/15/2023 13:24:10.854066,3057,True,True,True,True,Eyes,0.3236672,0.1009288,-2.993934,0.9079536,-0.1675641,0.3841126,0.0,0.0,0.0,0.0,0.0,0.0,0.0,-2.990286,0.6049792,1.04514,0.4050765,0.1005275,-3.197802,0.1554818,0.5122662,-0.01883528,0.8444253,16.37262,63.5858,7.635725,0.1035739,0.03403036,-0.9940355,0.0,0.0,0.0,1.379479,-0.03309685,-2.554235,-0.1696039,0.138686,1.133602,0.4744573,0.1274862,-0.870998,0.1911061,0.9509413,0.2432883,0.8592839,-0.2818829,0.4268176,moving,67.06905,-23.56861,-8.509192,6.974962,64.14710135127798,-15.59937003024078,81.5167495324105,76.08243838205053,77.07761685261966
2829,2829,05/15/2023 13:24:10.863790,3058,True,True,True,True,Eyes,0.3236672,0.1009288,-2.993934,0.9079536,-0.1675641,0.3841126,0.0,0.0,0.0,0.0,0.0,0.0,0.0,-2.991114,0.6058937,1.061659,0.4121517,0.09929949,-3.20332,0.1563104,0.5091783,-0.02056797,0.8460979,16.58595,63.16708,7.456548,0.1039587,0.03397702,-0.9939969,0.0,0.0,0.0,1.379493,-0.03552042,-2.554208,-0.1681056,0.1377863,1.134178,0.4806289,0.1243747,-0.8680592,0.1939848,0.950288,0.2435623,0.8551993,-0.2854533,0.4326091,moving,67.06905,-23.56861,-8.430882,6.926668,64.14710135127798,-15.59937003024078,81.42605057536505,75.99332902747607,76.99213541479294
2830,2830,05/15/2023 13:24:10.884116,3059,True,True,True,True,Eyes,0.3282296,0.1006742,-3.002766,0.9040169,-0.1703828,0.3920754,0.0,0.0,0.0,0.0,0.0,0.0,0.0,-2.992392,0.6079028,1.0756,0.4191071,0.09803164,-3.208678,0.1566162,0.50656,-0.02129316,0.8475937,16.68241,62.80822,7.351775,0.1043049,0.03392902,-0.9939622,0.0,0.0,0.0,1.379506,-0.03774032,-2.554183,-0.1670399,0.1381045,1.13441,0.4858873,0.1225751,-0.8653837,0.1947669,0.9500359,0.2439213,0.8520443,-0.2870663,0.4377367,moving,66.55344,-23.48814,-8.376511,6.941106,63.64994076432169,-15.537895770705504,80.87296562505246,75.45273536701994,76.46816735721738
2831,2831,05/15/2023 13:24:10.903896,3060,True,True,True,True,Eyes,0.3329074,0.1003458,-3.011438,0.9000475,-0.173008,0.3999784,0.0,0.0,0.0,0.0,0.0,0.0,0.0,-2.992473,0.6072679,1.093016,0.4264611,0.09667499,-3.213587,0.155774,0.5036286,-0.02131136,0.8494931,16.62604,62.38254,7.236368,0.1047346,0.03386713,-0.9939187,0.0,0.0,0.0,1.37952,-0.04016078,-2.554156,-0.1666455,0.1382163,1.134957,0.4918082,0.1206968,-0.8622975,0.1931122,0.9505606,0.2431919,0.8490185,-0.2861239,0.4441855,moving,66.03978,-23.39058,-8.353044,6.943354,63.155134734169735,-15.459870938799916,80.33952834446647,74.93546632627591,75.97266552813475
2832,2832,05/15/2023 13:24:10.914397,3061,True,True,True,True,Eyes,0.3377444,0.09994993,-3.020014,0.8960954,-0.1756394,0.407632,0.0,0.0,0.0,0.0,0.0,0.0,0.0,-2.991746,0.6067341,1.112293,0.4338994,0.0945688,-3.218486,0.1545928,0.5004655,-0.02110284,0.851581,16.52412,61.91953,7.117969,0.1052419,0.03379079,-0.9938681,0.0,0.0,0.0,1.379535,-0.04263336,-2.554128,-0.166943,0.1396307,1.135548,0.4981781,0.1187951,-0.8588983,0.1906782,0.9513115,0.242174,0.8458489,-0.2844189,0.4512709,moving,65.53931,-23.31012,-8.363451,7.01009,62.67263657287617,-15.39793158589346,79.8807437237988,74.48654354348307,75.5373223902819
2833,2833,05/15/2023 13:24:10.938569,3062,True,True,True,True,Eyes,0.3427076,0.0994793,-3.028431,0.8921245,-0.1782464,0.415141,0.0,0.0,0.0,0.0,0.0,0.0,0.0,-2.991065,0.6125885,1.127513,0.4417071,0.09241396,-3.223255,0.1550489,0.497434,-0.02127309,0.8532683,16.60431,61.51519,7.070024,0.1058269,0.03369894,-0.9938095,0.0,0.0,0.0,1.379547,-0.04482127,-2.554104,-0.1675681,0.1404584,1.136271,0.5042138,0.1179499,-0.8554861,0.1905565,0.9510146,0.2434327,0.8422926,-0.2857605,0.4570385,moving,65.04556,-23.23691,-8.389056,7.046781,62.19644885536146,-15.342776737228672,79.43390187854891,74.05137265003906,75.1178208567696
2834,2834,05/15/2023 13:24:10.953835,3063,True,True,True,True,Eyes,0.3478052,0.09895678,-3.036704,0.8882469,-0.1808116,0.4222851,0.0,0.0,0.0,0.0,0.0,0.0,0.0,-2.990987,0.6233686,1.138092,0.4496848,0.09016006,-3.227924,0.1561891,0.494852,-0.02097418,0.8545682,16.72071,61.19531,7.121569,0.1064817,0.0335916,-0.9937435,0.0,0.0,0.0,1.379561,-0.0471851,-2.554077,-0.168944,0.1393073,1.137158,0.5093634,0.1187332,-0.8523213,0.1904287,0.9503301,0.2461902,0.8392175,-0.2877066,0.4614531,moving,64.57293,-23.17936,-8.450441,6.984205,61.74028827435487,-15.302069312332744,79.00793229614901,73.64384902210313,74.73207441328677
2835,2835,05/15/2023 13:24:10.964060,3064,True,True,True,True,Eyes,0.3530423,0.0983838,-3.044812,0.8843569,-0.1832775,0.4293278,0.0,0.0,0.0,0.0,0.0,0.0,0.0,-2.989953,0.6392298,1.147776,0.4577924,0.0883369,-3.232405,0.1579025,0.4922157,-0.02001059,0.8557981,16.85581,60.89041,7.275161,0.1072066,0.0334684,-0.99367,0.0,0.0,0.0,1.379575,-0.04961281,-2.55405,-0.1712959,0.138943,1.138086,0.5146466,0.1211941,-0.8487938,0.1896942,0.9493328,0.2505662,0.836155,-0.2899643,0.4655812,moving,64.10487,-23.11735,-8.559467,6.960495,61.28867524118526,-15.256915319295736,78.6433889878456,73.29649579509785,74.40453043444002
2836,2836,05/15/2023 13:24:10.984041,3065,True,True,True,True,Eyes,0.3584304,0.09775822,-3.052759,0.8805329,-0.1856084,0.4361323,0.0,0.0,0.0,0.0,0.0,0.0,0.0,-2.98877,0.6506061,1.159565,0.4663567,0.08653484,-3.236611,0.1583992,0.4895009,-0.01864038,0.8572929,16.84825,60.54741,7.390668,0.107998,0.0333297,-0.9935893,0.0,0.0,0.0,1.379588,-0.05193473,-2.554024,-0.1739838,0.1382005,1.139069,0.5200828,0.1231125,-0.8451966,0.1870336,0.9491245,0.25334,0.8333861,-0.2898379,0.4705971,moving,63.65055,-23.05354,-8.684356,6.917744,60.85041812731733,-15.209593739068607,78.29825343286716,72.97056864487114,74.10025055088414
2837,2837,05/15/2023 13:24:11.004092,3066,True,True,True,True,Eyes,0.3639717,0.09707829,-3.060543,0.8766982,-0.1878849,0.4428312,0.0,0.0,0.0,0.0,0.0,0.0,0.0,-2.988192,0.6613919,1.169857,0.4753266,0.08461393,-3.24071,0.1591052,0.486902,-0.01766343,0.8586618,16.88405,60.22261,7.482104,0.1088533,0.03317576,-0.9935014,0.0,0.0,0.0,1.379601,-0.05415577,-2.553999,-0.1763275,0.1381499,1.140333,0.525229,0.1246035,-0.8417889,0.1852711,0.9487471,0.2560344,0.8305475,-0.2904359,0.4752241,moving,63.20109,-22.99059,-8.789925,6.907648,60.416844346136536,-15.162949542843698,77.95261943151667,72.64081634472124,73.7892167800259
2838,2838,05/15/2023 13:24:11.014396,3067,True,True,True,True,Eyes,0.3696648,0.09634583,-3.068168,0.8728739,-0.1900533,0.4494117,0.0,0.0,0.0,0.0,0.0,0.0,0.0,-2.987147,0.6744404,1.179532,0.4845256,0.08261772,-3.244629,0.160039,0.4842794,-0.01641056,0.8599953,16.92743,59.90418,7.615401,0.1097715,0.03300652,-0.9934062,0.0,0.0,0.0,1.379615,-0.05653889,-2.553972,-0.1777976,0.1378335,1.141933,0.5304083,0.1267812,-0.8382086,0.1832332,0.9482364,0.259371,0.8277033,-0.2911602,0.479722,moving,62.75767,-22.92319,-8.84983,6.882414,59.989241497073536,-15.11182233256358,77.56292984444835,72.2673107043002,73.43595791663735
2839,2839,05/15/2023 13:24:11.038767,3068,True,True,True,True,Eyes,0.375494,0.09558403,-3.075631,0.8689983,-0.1923443,0.4559008,0.0,0.0,0.0,0.0,0.0,0.0,0.0,-2.98595,0.684679,1.190568,0.4937766,0.08060341,-3.248357,0.1608963,0.4814807,-0.01579997,0.8614171,17.00244,59.55405,7.674985,0.1107504,0.03282224,-0.9933039,0.0,0.0,0.0,1.379629,-0.05886439,-2.553946,-0.1788012,0.1395084,1.143649,0.5358536,0.1277162,-0.8345955,0.1821577,0.9477255,0.2619829,0.8244268,-0.2924125,0.4845776,moving,62.31725,-22.87486,-8.885843,6.954879,59.5640240449551,-15.07900089772616,77.19905298366535,71.9088044805325,73.08747205731122
2840,2840,05/15/2023 13:24:11.054081,3069,True,True,True,True,Eyes,0.3814785,0.09484708,-3.082923,0.8650702,-0.1947773,0.4622934,0.0,0.0,0.0,0.0,0.0,0.0,0.0,-2.984003,0.6978217,1.201501,0.5028625,0.07918298,-3.252029,0.1633479,0.4783435,-0.01639278,0.8626913,17.30873,59.18919,7.704255,0.1117884,0.03262367,-0.9931943,0.0,0.0,0.0,1.379643,-0.06134059,-2.553918,-0.1791323,0.1389098,1.145832,0.5418375,0.127989,-0.830681,0.1845566,0.9460976,0.2661548,0.8199701,-0.2975203,0.4890099,moving,61.87996,-22.84706,-8.885348,6.912262,59.14127807824799,-15.065889854917046,76.76813181414894,71.48888735004599,72.68218994499415
2841,2841,05/15/2023 13:24:11.064181,3070,True,True,True,True,Eyes,0.3876055,0.09412814,-3.090059,0.8610653,-0.1972581,0.4686745,0.0,0.0,0.0,0.0,0.0,0.0,0.0,-2.979899,0.7183458,1.212655,0.5126332,0.07907075,-3.25535,0.1667501,0.474809,-0.01605541,0.8639983,17.66134,58.80766,7.878083,0.1128843,0.0324134,-0.9930773,0.0,0.0,0.0,1.379656,-0.06364471,-2.553892,-0.1800811,0.141234,1.147689,0.5485973,0.1306053,-0.8258228,0.1860926,0.9438733,0.2728972,0.8151139,-0.3033902,0.4935016,moving,61.44072,-22.8255,-8.917437,7.015519,58.71647342658459,-15.058860673025926,76.42484328668925,71.1450917318979,72.3428456707434
2842,2842,05/15/2023 13:24:11.083941,3071,True,True,True,True,Eyes,0.3938701,0.09339895,-3.097082,0.8569652,-0.1998529,0.4750469,0.0,0.0,0.0,0.0,0.0,0.0,0.0,-2.973729,0.7375877,1.229652,0.5221619,0.07878841,-3.258877,0.1689787,0.4707294,-0.01476936,0.8658187,17.84931,58.33242,8.063046,0.1140364,0.03219347,-0.992953,0.0,0.0,0.0,1.379669,-0.06587089,-2.553867,-0.1790564,0.140768,1.150096,0.5563915,0.1335113,-0.820124,0.1846616,0.9424561,0.278705,0.8101411,-0.3065146,0.4997202,moving,60.99881,-22.81656,-8.849241,6.978111,58.28873881048951,-15.06409172425444,75.93729418735462,70.66376040072328,71.87303539825132
2843,2843,05/15/2023 13:24:11.104273,3072,True,True,True,True,Eyes,0.4002618,0.09271282,-3.103966,0.8528296,-0.2027276,0.4812309,0.0,0.0,0.0,0.0,0.0,0.0,0.0,-2.971632,0.7489666,1.241915,0.531417,0.07780804,-3.262736,0.171648,0.4673283,-0.01607413,0.8671119,18.22201,57.93329,8.02205,0.1152436,0.03196464,-0.9928212,0.0,0.0,0.0,1.379683,-0.06821942,-2.553841,-0.1778427,0.1353111,1.153101,0.5626917,0.1325559,-0.81597,0.1883081,0.9405572,0.2826523,0.8049335,-0.3126999,0.5042824,moving,60.56502,-22.84418,-8.767643,6.692786,57.86787123892865,-15.104343373998772,75.36212921061032,70.10996082464533,71.33967640317786
2844,2844,05/15/2023 13:24:11.114568,3073,True,True,True,True,Eyes,0.4068016,0.09212946,-3.110692,0.84866,-0.2054056,0.4874266,0.0,0.0,0.0,0.0,0.0,0.0,0.0,-2.968826,0.7782737,1.244113,0.5408539,0.07819447,-3.266315,0.1769238,0.464568,-0.01566521,0.8675421,18.75565,57.71633,8.331498,0.1165034,0.03172958,-0.9926817,0.0,0.0,0.0,1.379696,-0.07053401,-2.553815,-0.176345,0.1380073,1.155646,0.5678625,0.1372057,-0.8116077,0.1915667,0.9369051,0.2924225,0.8005214,-0.3215328,0.5057492,moving,60.12916,-22.85096,-8.67608,6.810011,57.44556721801755,-15.124552287465216,74.92619203002673,69.66489286172617,70.89451200341176
2845,2845,05/15/2023 13:24:11.139603,3074,True,True,True,True,Eyes,0.4134533,0.09164177,-3.117272,0.8444021,-0.2080312,0.4936679,0.0,0.0,0.0,0.0,0.0,0.0,0.0,-2.961523,0.8089635,1.253641,0.5507595,0.07991812,-3.269087,0.1793144,0.4613453,-0.01101645,0.8688415,18.76917,57.40765,8.889297,0.1178152,0.03149236,-0.9925346,0.0,0.0,0.0,1.37971,-0.07296748,-2.553788,-0.1761616,0.1353793,1.157848,0.5740782,0.1463086,-0.8056228,0.1845948,0.93545,0.3014267,0.7977211,-0.3217563,0.5100137,moving,59.6879,-22.85051,-8.650961,6.668925,57.0182305937957,-15.137954602877857,74.44190329039516,69.19525072284267,70.44175849899494
2846,2846,05/15/2023 13:24:11.154285,3075,True,True,True,True,Eyes,0.4202336,0.09125121,-3.123719,0.8399889,-0.2106363,0.500051,0.0,0.0,0.0,0.0,0.0,0.0,0.0,-2.950572,0.8332883,1.275953,0.5600587,0.08167362,-3.272303,0.1810184,0.4565715,-0.007504423,0.8710445,18.79619,56.85874,9.253189,0.1191768,0.03125653,-0.9923796,0.0,0.0,0.0,1.379724,-0.07527906,-2.553762,-0.1775895,0.1310447,1.160473,0.5829723,0.1522223,-0.798105,0.178369,0.9343521,0.3084975,0.7926712,-0.3222027,0.5175498,moving,59.23438,-22.84226,-8.700585,6.442746,56.57923317721687,-15.144215458712145,73.9781795259336,68.7564656324801,70.02579611783761
2847,2847,05/15/2023 13:24:11.163760,3076,True,True,True,True,Eyes,0.4271294,0.09093484,-3.130043,0.8354341,-0.2132395,0.5065361,0.0,0.0,0.0,0.0,0.0,0.0,0.0,-2.936837,0.8583804,1.303511,0.5698032,0.08354434,-3.275563,0.1841376,0.4505643,-0.005812329,0.8735281,19.08293,56.16751,9.487678,0.1205873,0.03102515,-0.9922165,0.0,0.0,0.0,1.379737,-0.07754134,-2.553736,-0.1824131,0.1374012,1.161776,0.5939161,0.1557771,-0.7893017,0.1760861,0.9321192,0.316461,0.7850206,-0.3269363,0.5261704,moving,58.77094,-22.82992,-8.923291,6.744942,56.13074002866596,-15.146841103971855,73.8727376844828,68.63874358225084,69.90557296754494
2848,2848,05/15/2023 13:24:11.184165,3077,True,True,True,True,Eyes,0.4341285,0.09068984,-3.136287,0.8307531,-0.2158001,0.5131077,0.0,0.0,0.0,0.0,0.0,0.0,0.0,-2.927103,0.8665993,1.332828,0.5794389,0.08504023,-3.279082,0.1850877,0.4450431,-0.005653427,0.8761548,19.23011,55.45907,9.438413,0.1220448,0.03080032,-0.9920454,0.0,0.0,0.0,1.37975,-0.07982776,-2.55371,-0.191741,0.137618,1.162614,0.6038092,0.1548374,-0.7819462,0.1746505,0.9314212,0.3192989,0.7777607,-0.329363,0.5353583,moving,58.29879,-22.81039,-9.365052,6.750659,55.674007536656205,-15.142802536513951,73.83936031806725,68.62508960623313,69.9069112304772
2849,2849,05/15/2023 13:24:11.204204,3078,True,True,True,True,Eyes,0.4411973,0.09050554,-3.142405,0.8259856,-0.2182771,0.5197143,0.0,0.0,0.0,0.0,0.0,0.0,0.0,-2.921424,0.8711791,1.35512,0.5883449,0.08640201,-3.282744,0.186248,0.4406375,-0.00652895,0.8781275,19.44202,54.89384,9.317254,0.1235473,0.03058377,-0.9918662,0.0,0.0,0.0,1.379764,-0.08221474,-2.553684,-0.2026738,0.132498,1.163843,0.6115919,0.1526692,-0.7763038,0.1756022,0.9305381,0.3213452,0.7714398,-0.3328528,0.5423005,moving,57.82169,-22.78214,-9.878536,6.494893,55.2127188859442,-15.13050562172663,73.75950963593891,68.58957157014126,69.89957904907502
2850,2850,05/15/2023 13:24:11.214073,3079,True,True,True,True,Eyes,0.4483796,0.09038996,-3.148445,0.821106,-0.2204264,0.5264953,0.0,0.0,0.0,0.0,0.0,0.0,0.0,-2.913867,0.8755227,1.380129,0.5970556,0.08768821,-3.285993,0.1862997,0.4361004,-0.006067921,0.8803818,19.47054,54.29644,9.265788,0.1250917,0.03037678,-0.991679,0.0,0.0,0.0,1.379778,-0.08469655,-2.553656,-0.212019,0.1270462,1.164894,0.6195592,0.1518066,-0.7701306,0.173175,0.9305112,0.3227373,0.7656088,-0.3333222,0.5502177,moving,57.3319,-22.71746,-10.31532,6.224216,54.740133718907245,-15.083456840565642,73.57830511378593,68.4560368444848,69.79866282830588
2851,2851,05/15/2023 13:24:11.239623,3080,True,True,True,True,Eyes,0.4556328,0.09030732,-3.154374,0.8161098,-0.2223171,0.5334226,0.0,0.0,0.0,0.0,0.0,0.0,0.0,-2.903477,0.8779615,1.411648,0.6060107,0.0890262,-3.28916,0.1849117,0.4309392,-0.004322457,0.8832217,19.29071,53.59268,9.251131,0.1266772,0.03018058,-0.9914837,0.0,0.0,0.0,1.379791,-0.08694306,-2.553631,-0.217371,0.1270816,1.166067,0.6285455,0.151736,-0.7628282,0.1670067,0.931578,0.3229105,0.7596311,-0.3303614,0.5601981,moving,56.83072,-22.62514,-10.55953,6.219726,54.25727135481584,-15.01009653275456,73.30397049014778,68.20500790002087,69.57288679801137
2852,2852,05/15/2023 13:24:11.254137,3081,True,True,True,True,Eyes,0.4629323,0.0902389,-3.16019,0.8110598,-0.2241587,0.54031,0.0,0.0,0.0,0.0,0.0,0.0,0.0,-2.891196,0.879789,1.447258,0.6149052,0.08969241,-3.292635,0.1828492,0.4253239,-0.002099516,0.8863755,19.02205,52.81919,9.240999,0.1283012,0.02999528,-0.9912806,0.0,0.0,0.0,1.379808,-0.08978111,-2.553599,-0.2190607,0.1287307,1.167814,0.6381904,0.1518184,-0.754761,0.1592622,0.9331235,0.3223602,0.7532254,-0.3259321,0.5713316,moving,56.32933,-22.53213,-10.62418,6.290441,53.77422442697013,-14.93607705771462,72.89384816546688,67.80648613218422,69.19727024673776
2853,2853,05/15/2023 13:24:11.263875,3082,True,True,True,True,Eyes,0.4702886,0.09020544,-3.16592,0.8059288,-0.2260548,0.5471545,0.0,0.0,0.0,0.0,0.0,0.0,0.0,-2.881908,0.8859726,1.474647,0.623854,0.09006424,-3.296607,0.1828117,0.420379,-0.001368502,0.8887405,19.03192,52.17551,9.207751,0.1299614,0.02982032,-0.9910697,0.0,0.0,0.0,1.379819,-0.09173694,-2.553577,-0.2144204,0.1323892,1.170281,0.6465593,0.1512679,-0.747716,0.1561328,0.9331561,0.3237937,0.7467152,-0.3260948,0.5797229,moving,55.82695,-22.44778,-10.38264,6.4542,53.28998255764137,-14.870444297904644,72.2428837733413,67.148665793149,68.5591853522819
2854,2854,05/15/2023 13:24:11.284001,3083,True,True,True,True,Eyes,0.4777063,0.09023914,-3.171562,0.8008129,-0.2280267,0.5538072,0.0,0.0,0.0,0.0,0.0,0.0,0.0,-2.874209,0.8969617,1.495116,0.6325475,0.09089831,-3.300395,0.1842845,0.4160545,-0.001163205,0.8904698,19.21826,51.65081,9.21856,0.1316548,0.02965589,-0.990851,0.0,0.0,0.0,1.379832,-0.09394853,-2.553552,-0.2075986,0.1311751,1.173283,0.6537945,0.1512732,-0.7413967,0.1554164,0.9320757,0.3272317,0.7405393,-0.3291675,0.5858757,moving,55.33396,-22.37911,-10.03397,6.379282,52.81440707786867,-14.8196460742924,71.41436398169884,66.327317545797,67.76420085634169
2855,2855,05/15/2023 13:24:11.303750,3084,True,True,True,True,Eyes,0.4851678,0.09028592,-3.177119,0.7955952,-0.229772,0.5605649,0.0,0.0,0.0,0.0,0.0,0.0,0.0,-2.866621,0.9037988,1.517063,0.6412991,0.09252693,-3.303941,0.1848014,0.4118034,-0.0005328599,0.8923375,19.28391,51.11541,9.221022,0.1333792,0.02950313,-0.990625,0.0,0.0,0.0,1.379845,-0.09629405,-2.553525,-0.2033873,0.1299024,1.175693,0.6608353,0.1512527,-0.7351322,0.1531547,0.9316964,0.3293715,0.7347383,-0.3302492,0.5925328,moving,54.83203,-22.28841,-9.814664,6.305042,52.33077418192091,-14.747872354362736,70.68790944996138,65.61463776959441,67.08127213615371
2856,2856,05/15/2023 13:24:11.314306,3085,True,True,True,True,Eyes,0.4926566,0.09035043,-3.182609,0.7903141,-0.2317786,0.5671704,0.0,0.0,0.0,0.0,0.0,0.0,0.0,-2.856573,0.898955,1.550133,0.6497775,0.09288301,-3.307598,0.1826218,0.4066785,0.0001992438,0.8951324,19.07341,50.39261,9.064276,0.1351328,0.02936132,-0.9903916,0.0,0.0,0.0,1.379859,-0.09866346,-2.553499,-0.2007041,0.1256619,1.17777,0.6692252,0.1488934,-0.7279893,0.14818,0.9332985,0.3271034,0.7281349,-0.3267793,0.6025239,moving,54.33482,-22.22776,-9.670891,6.090122,51.85089304156804,-14.70494461919775,69.9902384735289,64.9412404205079,66.43661493212284
2857,2857,05/15/2023 13:24:11.339821,3086,True,True,True,True,Eyes,0.5001956,0.09045032,-3.188036,0.7849095,-0.2338154,0.5738007,0.0,0.0,0.0,0.0,0.0,0.0,0.0,-2.84917,0.8977258,1.577002,0.6581333,0.09351164,-3.311908,0.1835779,0.4017004,-0.002331782,0.8971794,19.34636,49.73149,8.735811,0.1369128,0.02922999,-0.9901509,0.0,0.0,0.0,1.379873,-0.1010429,-2.553472,-0.1965533,0.1223815,1.180064,0.6772627,0.1433026,-0.7216506,0.1516707,0.9325874,0.3275312,0.7199383,-0.3312779,0.609872,moving,53.83168,-22.17018,-9.456459,5.920834,51.36518513287863,-14.665164944526218,69.24228192103087,64.21102512474445,65.73356787708725
2858,2858,05/15/2023 13:24:11.353965,3087,True,True,True,True,Eyes,0.507767,0.09056332,-3.19342,0.779482,-0.235906,0.5803069,0.0,0.0,0.0,0.0,0.0,0.0,0.0,-2.840225,0.8994187,1.604164,0.6668607,0.09452896,-3.315952,0.1842589,0.3966459,-0.003631642,0.8992817,19.5289,49.07056,8.520467,0.1387176,0.02910922,-0.9899033,0.0,0.0,0.0,1.379886,-0.1032529,-2.553447,-0.1905746,0.1238095,1.182047,0.6853178,0.1396393,-0.714731,0.1527028,0.9320709,0.3285204,0.7120544,-0.3342823,0.6174414,moving,53.33315,-22.12269,-9.158662,5.979453,50.88366674275285,-14.634976134227896,68.51975633520448,63.4825639792763,65.02680767441639
2859,2859,05/15/2023 13:24:11.363992,3088,True,True,True,True,Eyes,0.515352,0.09070028,-3.198762,0.7739789,-0.2380888,0.5867456,0.0,0.0,0.0,0.0,0.0,0.0,0.0,-2.837856,0.8852553,1.628343,0.6750416,0.09500054,-3.320225,0.1825897,0.3929719,-0.005730184,0.9012221,19.48812,48.51549,8.121354,0.1405447,0.02899841,-0.9896488,0.0,0.0,0.0,1.3799,-0.1057812,-2.553419,-0.1854534,0.1255254,1.183867,0.6910805,0.1331769,-0.7104024,0.1538336,0.9332563,0.3246042,0.7062173,-0.3336114,0.6244681,moving,52.8346,-22.08626,-8.903064,6.052459,50.40182738474448,-14.615459282739554,67.84781988492966,62.80312880978415,64.36824383540986
2860,2860,05/15/2023 13:24:11.383990,3089,True,True,True,True,Eyes,0.5229849,0.09086101,-3.204041,0.7685216,-0.2401996,0.593025,0.0,0.0,0.0,0.0,0.0,0.0,0.0,-2.832705,0.8880773,1.648079,0.6829467,0.09580187,-3.324675,0.1840796,0.3889786,-0.007764911,0.9026352,19.77663,48.00359,7.8908,0.1423919,0.02889732,-0.9893876,0.0,0.0,0.0,1.379913,-0.1079256,-2.553395,-0.1817557,0.1254128,1.185446,0.6972708,0.1291883,-0.7050701,0.1572238,0.9321088,0.3262726,0.6993527,-0.3383542,0.6296207,moving,52.34465,-22.04997,-8.716857,6.039073,49.92831308656845,-14.595807842918326,67.21236473869148,62.16956073420481,63.75724455159231
2861,2861,05/15/2023 13:24:11.403855,3090,True,True,True,True,Eyes,0.5306416,0.09102224,-3.20927,0.7630127,-0.2420749,0.5993424,0.0,0.0,0.0,0.0,0.0,0.0,0.0,-2.827054,0.881417,1.672334,0.6915749,0.09652664,-3.328399,0.181874,0.3852296,-0.007037906,0.9046937,19.54231,47.4697,7.768981,0.144258,0.02880575,-0.9891199,0.0,0.0,0.0,1.379926,-0.1102892,-2.553368,-0.1786072,0.1250747,1.186847,0.7030973,0.1273922,-0.6995895,0.1528607,0.9337446,0.323658,0.6944695,-0.3345028,0.63704,moving,51.85056,-21.99382,-8.558156,6.015856,49.45133087368048,-14.557124136429769,66.58644695727226,61.54955791101706,63.16317714179725
2862,2862,05/15/2023 13:24:11.417207,3091,True,True,True,True,Eyes,0.5383255,0.09117402,-3.214474,0.7574569,-0.2442,0.6054961,0.0,0.0,0.0,0.0,0.0,0.0,0.0,-2.819435,0.8758898,1.69962,0.699781,0.09669201,-3.332576,0.1797757,0.3810085,-0.006430265,0.9069025,19.32814,46.87811,7.632259,0.1461413,0.02872279,-0.9888459,0.0,0.0,0.0,1.37994,-0.1126791,-2.553341,-0.1754121,0.1211289,1.188371,0.7095824,0.1253288,-0.6933869,0.1486553,0.9352787,0.321178,0.688763,-0.3309779,0.6450266,moving,51.36185,-21.9645,-8.396639,5.819975,48.97882741644348,-14.544158875819086,65.90185170834539,60.88219850676153,62.520322181631116
2863,2863,05/15/2023 13:24:11.434015,3092,True,True,True,True,Eyes,0.5460212,0.09133422,-3.219639,0.7518371,-0.246322,0.6116096,0.0,0.0,0.0,0.0,0.0,0.0,0.0,-2.811357,0.8831657,1.722043,0.7081807,0.0966396,-3.337407,0.180712,0.3766122,-0.006848405,0.9085482,19.48314,46.32599,7.538022,0.1480401,0.02864729,-0.9885656,0.0,0.0,0.0,1.379953,-0.1149557,-2.553316,-0.1732069,0.1212296,1.189314,0.7162328,0.1236724,-0.6868157,0.1485609,0.9345925,0.3232127,0.6818653,-0.3335295,0.651013,moving,50.8721,-21.9368,-8.286071,5.820192,48.50527256985191,-14.532789296561848,65.34630671241723,60.328273240058486,61.988793830868055
2864,2864,05/15/2023 13:24:11.454072,3093,True,True,True,True,Eyes,0.5537018,0.09149972,-3.224764,0.746244,-0.2485553,0.6175274,0.0,0.0,0.0,0.0,0.0,0.0,0.0,-2.803539,0.889595,1.743034,0.7161489,0.09703667,-3.34172,0.1814999,0.372501,-0.007093266,0.9100828,19.61173,45.81019,7.460289,0.1499524,0.0285788,-0.9882795,0.0,0.0,0.0,1.379967,-0.1172895,-2.55329,-0.1724485,0.1165877,1.190151,0.7223853,0.1223069,-0.6805883,0.1481287,0.9340149,0.3250754,0.6754386,-0.3356444,0.6566015,moving,50.39177,-21.92483,-8.244564,5.594866,48.0404118035756,-14.536301555708253,64.77309111731486,59.776771478268145,61.45833667989433
2865,2865,05/15/2023 13:24:11.463968,3094,True,True,True,True,Eyes,0.5614238,0.09167118,-3.229884,0.7406431,-0.2506157,0.6234097,0.0,0.0,0.0,0.0,0.0,0.0,0.0,-2.798555,0.8866718,1.764883,0.7239788,0.09744626,-3.346531,0.1809413,0.3688155,-0.007851693,0.9116873,19.61605,45.30867,7.266956,0.1518755,0.0285168,-0.9879875,0.0,0.0,0.0,1.379981,-0.1197752,-2.553262,-0.1715617,0.1162886,1.190918,0.727827,0.1191513,-0.6753301,0.1477845,0.9343972,0.3241321,0.6696473,-0.3357154,0.6624708,moving,49.91221,-21.90052,-8.19754,5.577038,47.57663326547801,-14.527883319950709,64.27876195685371,59.28715092436953,60.990611322642856
2866,2866,05/15/2023 13:24:11.483970,3095,True,True,True,True,Eyes,0.5691688,0.09182724,-3.234997,0.7350615,-0.2526866,0.6291534,0.0,0.0,0.0,0.0,0.0,0.0,0.0,-2.797211,0.8763296,1.785305,0.7326902,0.0977942,-3.351606,0.1793596,0.3656737,-0.008989532,0.9132536,19.52245,44.84762,6.99336,0.1538094,0.02846081,-0.98769,0.0,0.0,0.0,1.379995,-0.1221881,-2.553235,-0.1689037,0.1131653,1.191479,0.7324039,0.1147547,-0.6711302,0.1475936,0.9354987,0.3210271,0.6646808,-0.3341761,0.6682258,moving,49.43914,-21.88185,-8.068473,5.425611,47.118986325673504,-14.524703378799472,63.661785862668744,58.68279739954291,60.408432919230954
2867,2867,05/15/2023 13:24:11.504648,3096,True,True,True,True,Eyes,0.5769517,0.09196287,-3.240121,0.7294677,-0.2546063,0.6348642,0.0,0.0,0.0,0.0,0.0,0.0,0.0,-2.795723,0.8626348,1.807012,0.7409804,0.09761886,-3.356623,0.1766219,0.3626908,-0.00944588,0.9149703,19.27239,44.3925,6.742805,0.1557523,0.02840975,-0.9873869,0.0,0.0,0.0,1.380008,-0.1243229,-2.55321,-0.1647084,0.1066019,1.192249,0.7367324,0.1108329,-0.6670393,0.1454037,0.9374309,0.3163558,0.6603659,-0.3300595,0.6745202,moving,48.96657,-21.85279,-7.865583,5.10937,46.66210695090736,-14.511482882567126,62.90351092332612,57.95038256320338,59.699313056210904
2868,2868,05/15/2023 13:24:11.514294,3097,True,True,True,True,Eyes,0.5847552,0.09208148,-3.245241,0.7238373,-0.256691,0.6404446,0.0,0.0,0.0,0.0,0.0,0.0,0.0,-2.793583,0.8556074,1.827363,0.7496682,0.09729257,-3.362136,0.1753292,0.3594558,-0.01031594,0.9164851,19.19531,43.93397,6.513914,0.1577035,0.02836249,-0.9870785,0.0,0.0,0.0,1.380021,-0.1266448,-2.553185,-0.1597357,0.1029313,1.19249,0.7413703,0.1071374,-0.662489,0.144955,0.9383065,0.3139569,0.6552543,-0.3287894,0.6801025,moving,48.49789,-21.84097,-7.629438,4.933334,46.20852481787248,-14.514774563722398,62.18633534068397,57.24294862325797,59.01369022690991
2869,2869,05/15/2023 13:24:11.540479,3098,True,True,True,True,Eyes,0.5926094,0.09218259,-3.250384,0.7182288,-0.258628,0.6459559,0.0,0.0,0.0,0.0,0.0,0.0,0.0,-2.791514,0.8508716,1.846457,0.7584668,0.09712349,-3.367674,0.1746675,0.3562286,-0.01144095,0.9178572,19.1954,43.48772,6.288245,0.1596621,0.02831812,-0.9867649,0.0,0.0,0.0,1.380035,-0.1290122,-2.553158,-0.1549423,0.101593,1.192204,0.7459405,0.1034408,-0.6579307,0.1454454,0.9387207,0.3124884,0.6499372,-0.3287908,0.6851849,moving,48.03263,-21.82019,-7.404828,4.870661,45.75849919924936,-14.509313875164,61.528150277787205,56.58553512211787,58.38017833077351
2870,2870,05/15/2023 13:24:11.554518,3099,True,True,True,True,Eyes,0.6004809,0.09226368,-3.255519,0.7126559,-0.26068,0.6512814,0.0,0.0,0.0,0.0,0.0,0.0,0.0,-2.792084,0.8440561,1.862941,0.7675391,0.09682843,-3.373458,0.1735087,0.3535891,-0.01230684,0.9190856,19.12571,43.11063,6.080544,0.1616278,0.02827579,-0.9864461,0.0,0.0,0.0,1.380048,-0.1312803,-2.553133,-0.1500804,0.1033551,1.191592,0.7496467,0.1000795,-0.6542279,0.1453237,0.9394865,0.3102356,0.6456864,-0.3276418,0.689739,moving,47.57646,-21.8141,-7.178574,4.957259,45.31687642454455,-14.517741920226976,60.94931838050395,55.99149914155412,57.81065304330052
2871,2871,05/15/2023 13:24:11.563916,3100,True,True,True,True,Eyes,0.6084152,0.09232903,-3.260687,0.7071798,-0.2624736,0.6565092,0.0,0.0,0.0,0.0,0.0,0.0,0.0,-2.795026,0.8378617,1.875893,0.7768573,0.09658182,-3.379397,0.1724929,0.3514858,-0.01308684,0.9200721,19.06324,42.80743,5.901259,0.1635999,0.02823469,-0.9861221,0.0,0.0,0.0,1.380062,-0.1337548,-2.553105,-0.1448283,0.105845,1.190796,0.752573,0.09717593,-0.6512994,0.1453393,0.9401498,0.3082121,0.6422698,-0.3266115,0.6934079,moving,47.12796,-21.79162,-6.934436,5.079441,44.88312879017174,-14.51011543276206,60.37215070317221,55.39684776244958,57.24384113868602
2872,2872,05/15/2023 13:24:11.583753,3101,True,True,True,True,Eyes,0.6163568,0.09235979,-3.265842,0.7017978,-0.264229,0.661561,0.0,0.0,0.0,0.0,0.0,0.0,0.0,-2.799777,0.8279353,1.887949,0.7862952,0.09624945,-3.385418,0.1702244,0.3499005,-0.01293588,0.9211006,18.82266,42.55931,5.77814,0.1655785,0.02819419,-0.9857931,0.0,0.0,0.0,1.380075,-0.135914,-2.55308,-0.1412196,0.1069552,1.189719,0.7548047,0.0952927,-0.6489909,0.1429537,0.9417126,0.304535,0.640183,-0.3226402,0.6971866,moving,46.69048,-21.77188,-6.769331,5.137056,44.4599790228639,-14.50478710482383,59.85016481855182,54.865692431365694,56.73879354390553
2873,2873,05/15/2023 13:24:11.603853,3102,True,True,True,True,Eyes,0.6243643,0.0923495,-3.271039,0.6965195,-0.2657925,0.6664945,0.0,0.0,0.0,0.0,0.0,0.0,0.0,-2.804654,0.818522,1.899854,0.7958438,0.09556565,-3.391608,0.1676973,0.3483894,-0.01234364,0.9221442,18.53495,42.32347,5.69482,0.1675616,0.02815322,-0.9854591,0.0,0.0,0.0,1.380088,-0.1382305,-2.553054,-0.1385687,0.1068393,1.188269,0.756945,0.0940827,-0.6466705,0.1396132,0.9434505,0.3006814,0.6383905,-0.317883,0.7010049,moving,46.26193,-21.7417,-6.651446,5.13775,44.04576242099035,-14.48910564106993,59.34922233711135,54.36377841942862,56.262839267426415
2874,2874,05/15/2023 13:24:11.614309,3103,True,True,True,True,Eyes,0.632438,0.09228978,-3.276283,0.6911142,-0.2676201,0.6713722,0.0,0.0,0.0,0.0,0.0,0.0,0.0,-2.810039,0.8142723,1.908828,0.805436,0.09455034,-3.39784,0.1662248,0.3470148,-0.01198091,0.9229336,18.3695,42.12409,5.638782,0.1695502,0.02811053,-0.9851201,0.0,0.0,0.0,1.380102,-0.1406508,-2.553027,-0.1357969,0.1054814,1.186682,0.7588742,0.09324975,-0.6445264,0.1374801,0.9444516,0.2985137,0.6365603,-0.3151439,0.7039,moving,45.83014,-21.73305,-6.528198,5.07954,43.62782085501375,-14.4942991703592,58.82440429473421,53.84014679819868,55.762729484922474
2875,2875,05/15/2023 13:24:11.640099,3104,True,True,True,True,Eyes,0.6405705,0.09219931,-3.281578,0.6857969,-0.2693397,0.6761204,0.0,0.0,0.0,0.0,0.0,0.0,0.0,-2.814902,0.8150526,1.916936,0.8151867,0.09333846,-3.404318,0.1652636,0.3455966,-0.01112226,0.9236489,18.23883,41.93753,5.660775,0.1715444,0.02806479,-0.9847761,0.0,0.0,0.0,1.380115,-0.1429398,-2.553001,-0.1328759,0.1068791,1.184635,0.7608786,0.09368291,-0.642096,0.1347751,0.9451285,0.2976034,0.6347436,-0.3129786,0.7065018,moving,45.40709,-21.72039,-6.399893,5.155334,43.21845310282114,-14.495349559840328,58.36324209711507,53.36787080583527,55.31726003243341
2876,2876,05/15/2023 13:24:11.654079,3105,True,True,True,True,Eyes,0.6487687,0.09207386,-3.286921,0.6803672,-0.2712059,0.6808435,0.0,0.0,0.0,0.0,0.0,0.0,0.0,-2.818436,0.8200275,1.925309,0.8247344,0.09249642,-3.410879,0.1650598,0.3439434,-0.0102475,0.9243124,18.19082,41.73683,5.714713,0.1735445,0.02801534,-0.984427,0.0,0.0,0.0,1.380129,-0.1452954,-2.552975,-0.1303611,0.1094541,1.182363,0.7631958,0.0945987,-0.6392053,0.1324863,0.9453005,0.2980846,0.6324394,-0.3121828,0.7089163,moving,44.97995,-21.71927,-6.291718,5.288929,42.80480960376801,-14.507662662242977,57.9502092552376,52.93745426622952,54.91453889533709
2877,2877,05/15/2023 13:24:11.663962,3106,True,True,True,True,Eyes,0.657026,0.09190471,-3.292313,0.6749971,-0.2728368,0.6855209,0.0,0.0,0.0,0.0,0.0,0.0,0.0,-2.821092,0.8204384,1.937199,0.8346464,0.09155756,-3.417514,0.1637084,0.3420307,-0.008962465,0.9252753,18.00389,41.48676,5.757188,0.1755505,0.02796148,-0.9840729,0.0,0.0,0.0,1.380143,-0.1477239,-2.552948,-0.1300405,0.1114383,1.179696,0.7658694,0.09540112,-0.6358795,0.1285721,0.9462385,0.2968198,0.6300105,-0.3090816,0.7124292,moving,44.55682,-21.70251,-6.290443,5.39635,42.39547617775334,-14.50475964165479,57.61763938144957,52.59632012937688,54.60083582835199
2878,2878,05/15/2023 13:24:11.683891,3107,True,True,True,True,Eyes,0.6652973,0.09168211,-3.297727,0.6693926,-0.2746766,0.6902654,0.0,0.0,0.0,0.0,0.0,0.0,0.0,-2.822628,0.8158972,1.95267,0.8443286,0.09030893,-3.424149,0.1617379,0.3397677,-0.008200295,0.9264619,17.77383,41.17293,5.708043,0.1775616,0.02790236,-0.9837137,0.0,0.0,0.0,1.380156,-0.1500246,-2.552922,-0.1309242,0.1114709,1.177114,0.7689814,0.09471211,-0.6322161,0.1251011,0.9475471,0.2941157,0.6269109,-0.3052605,0.7167975,moving,44.12049,-21.69905,-6.346627,5.409693,41.97299621157853,-14.51510314486595,57.287117621082466,52.266466197011866,54.29535325088655
2879,2879,05/15/2023 13:24:11.703944,3108,True,True,True,True,Eyes,0.6736272,0.09141554,-3.303196,0.6638457,-0.2764193,0.694911,0.0,0.0,0.0,0.0,0.0,0.0,0.0,-2.823693,0.8142487,1.968195,0.8541177,0.08892162,-3.431124,0.1606682,0.3372708,-0.00809005,0.9275606,17.66891,40.83832,5.623553,0.1795773,0.02783689,-0.9833496,0.0,0.0,0.0,1.38017,-0.1523753,-2.552895,-0.1307305,0.1081102,1.174445,0.7723659,0.09336936,-0.6282779,0.1233854,0.9482405,0.2926019,0.6230786,-0.303516,0.7208683,moving,43.69027,-21.69151,-6.35159,5.259377,41.55654488107171,-14.521318436579296,56.83782246309555,51.83112288710007,53.881717409166676
2880,2880,05/15/2023 13:24:11.714490,3109,True,True,True,True,Eyes,0.6820047,0.09112921,-3.308714,0.6579387,-0.2784476,0.6997024,0.0,0.0,0.0,0.0,0.0,0.0,0.0,-2.825866,0.8171184,1.980019,0.8638718,0.08759841,-3.437983,0.1604014,0.3351283,-0.007894906,0.9283847,17.6451,40.56567,5.591495,0.1815978,0.02776441,-0.9829805,0.0,0.0,0.0,1.380183,-0.1546955,-2.552869,-0.1298909,0.1045029,1.171683,0.7752534,0.0928511,-0.6247886,0.1221691,0.9484181,0.2925369,0.6197233,-0.3031201,0.7239208,moving,43.23803,-21.70015,-6.325891,5.096748,41.11832653299325,-14.543835610679965,56.34408582377254,51.348868555072315,53.42120968056406
2881,2881,05/15/2023 13:24:11.740123,3110,True,True,True,True,Eyes,0.69043,0.09081344,-3.314281,0.6521109,-0.2802314,0.7044301,0.0,0.0,0.0,0.0,0.0,0.0,0.0,-2.828079,0.8225423,1.991038,0.873759,0.08689705,-3.444972,0.1599507,0.3331591,-0.00660753,0.9291807,17.55668,40.32796,5.676181,0.1836224,0.02768501,-0.9826065,0.0,0.0,0.0,1.380197,-0.1570869,-2.552842,-0.1297576,0.1047568,1.168185,0.7779227,0.09429891,-0.6212439,0.1188573,0.9487442,0.2928436,0.6170163,-0.301649,0.7268416,moving,42.79131,-21.6933,-6.338218,5.124281,40.6858765634981,-14.551234041751446,55.97225359224287,50.97441869874534,53.07454254837112
2882,2882,05/15/2023 13:24:11.754412,3111,True,True,True,True,Eyes,0.6988507,0.09048566,-3.319845,0.6460593,-0.2822057,0.7092019,0.0,0.0,0.0,0.0,0.0,0.0,0.0,-2.827206,0.82592,2.006789,0.883341,0.08582355,-3.451779,0.1582926,0.3307299,-0.004261955,0.9303457,17.29868,40.0254,5.817415,0.1856503,0.02759857,-0.9822279,0.0,0.0,0.0,1.38021,-0.1593727,-2.552817,-0.1310606,0.1062651,1.164236,0.7811991,0.096774,-0.6167356,0.1126344,0.9498506,0.2917145,0.6140371,-0.2973527,0.7311224,moving,42.33247,-21.6986,-6.422873,5.215195,40.24135736559413,-14.570735544350068,55.69053629073502,50.68563349825158,52.814242763563165
2883,2883,05/15/2023 13:24:11.763882,3112,True,True,True,True,Eyes,0.7073379,0.09022062,-3.325444,0.6400001,-0.2841126,0.7139187,0.0,0.0,0.0,0.0,0.0,0.0,0.0,-2.824711,0.8362904,2.022319,0.8933824,0.08534847,-3.458719,0.1578327,0.327953,-0.001791065,0.9314142,17.16893,39.704,6.01908,0.1876808,0.02750544,-0.9818445,0.0,0.0,0.0,1.380224,-0.1617435,-2.55279,-0.1324351,0.107859,1.160226,0.7848873,0.1001869,-0.6114854,0.1068598,0.9501713,0.2928405,0.6103547,-0.29519,0.7350714,moving,41.87498,-21.70068,-6.511897,5.311166,39.79823341489721,-14.587087871869826,55.415969630972306,50.40405426346347,52.56209136181322
2884,2884,05/15/2023 13:24:11.784048,3113,True,True,True,True,Eyes,0.7159106,0.09000164,-3.331086,0.6334516,-0.2861269,0.718937,0.0,0.0,0.0,0.0,0.0,0.0,0.0,-2.815332,0.8567721,2.0424,0.9035014,0.08656998,-3.465219,0.1585716,0.3239972,0.001741663,0.9326724,17.13728,39.27359,6.368775,0.189714,0.02740816,-0.9814565,0.0,0.0,0.0,1.380238,-0.1641095,-2.552763,-0.1335488,0.1062796,1.156079,0.7900456,0.1060023,-0.6038141,0.09950473,0.949704,0.2969194,0.6049188,-0.2946622,0.7397617,moving,41.38311,-21.70187,-6.589533,5.252501,39.32183759322084,-14.603659522379685,55.02647174234498,50.02120610739583,52.206667929751994
2885,2885,05/15/2023 13:24:11.803932,3114,True,True,True,True,Eyes,0.7245272,0.08981486,-3.336776,0.626827,-0.28821,0.7238943,0.0,0.0,0.0,0.0,0.0,0.0,0.0,-2.803941,0.8614802,2.071804,0.9140126,0.08745338,-3.47182,0.1569629,0.3192414,0.004492959,0.9345734,16.88897,38.68801,6.517803,0.1917511,0.02730851,-0.9810633,0.0,0.0,0.0,1.380251,-0.1664168,-2.552738,-0.1351143,0.1056364,1.151432,0.7961296,0.1086161,-0.5952985,0.09182011,0.9506849,0.2962554,0.5981194,-0.290518,0.7468951,moving,40.8896,-21.70939,-6.692741,5.241838,38.84368085933251,-14.626390150437349,54.684987571986014,49.6821115250643,51.89605002878064
2886,2886,05/15/2023 13:24:11.814195,3115,True,True,True,True,Eyes,0.7331876,0.08975635,-3.342457,0.6198451,-0.290814,0.7288479,0.0,0.0,0.0,0.0,0.0,0.0,0.0,-2.797439,0.8671911,2.094017,0.9237393,0.08808738,-3.478727,0.1584697,0.31503,0.00290072,0.9357538,17.14252,38.16682,6.325024,0.1937913,0.02720765,-0.9806651,0.0,0.0,0.0,1.380265,-0.1688893,-2.55271,-0.1367513,0.105105,1.146565,0.8014954,0.1052741,-0.5886617,0.09441672,0.9497579,0.2984049,0.5905005,-0.2947496,0.7512868,moving,40.37934,-21.75225,-6.801563,5.237635,38.3483384868598,-14.683744093626728,54.35523434048127,49.34951822728499,51.59106430766722
2887,2887,05/15/2023 13:24:11.839996,3116,True,True,True,True,Eyes,0.7419045,0.08979146,-3.348117,0.6128244,-0.2930189,0.7338843,0.0,0.0,0.0,0.0,0.0,0.0,0.0,-2.787673,0.8973925,2.109008,0.9341901,0.09127235,-3.484725,0.1625922,0.3109132,0.004381011,0.9364176,17.56479,37.75306,6.583706,0.1958347,0.0271095,-0.9802619,0.0,0.0,0.0,1.380278,-0.1711269,-2.552685,-0.13772,0.1051661,1.141572,0.8066276,0.109309,-0.5808645,0.09289923,0.9470891,0.3072326,0.5837138,-0.3017842,0.7537934,moving,39.86331,-21.76541,-6.878955,5.263458,37.84821791670061,-14.71262267706094,53.99443529375642,48.98534266836238,51.259779166089196
2888,2888,05/15/2023 13:24:11.853978,3117,True,True,True,True,Eyes,0.7506583,0.089867,-3.353825,0.6053157,-0.2956227,0.7390535,0.0,0.0,0.0,0.0,0.0,0.0,0.0,-2.772865,0.8925273,2.143605,0.9443198,0.09347445,-3.489978,0.1590499,0.3058034,0.007941975,0.9386823,17.08183,37.10244,6.739954,0.1978819,0.02701652,-0.9798533,0.0,0.0,0.0,1.380292,-0.1734197,-2.552659,-0.1378598,0.1090892,1.136619,0.8128424,0.112186,-0.5715781,0.08236598,0.9492801,0.303452,0.5766307,-0.2937372,0.7623749,moving,39.31891,-21.80149,-6.915589,5.482282,37.319996723186165,-14.764505402819983,53.68457052383845,48.6489408354215,50.96656559621246
2889,2889,05/15/2023 13:24:11.863915,3118,True,True,True,True,Eyes,0.7594727,0.09000812,-3.35954,0.5977177,-0.2984473,0.7440852,0.0,0.0,0.0,0.0,0.0,0.0,0.0,-2.756389,0.9139131,2.171479,0.9541671,0.09464581,-3.496977,0.1622169,0.2999808,0.007693294,0.9400203,17.47915,36.43385,6.730484,0.1999318,0.02692935,-0.9794394,0.0,0.0,0.0,1.380306,-0.1758713,-2.552631,-0.1376152,0.1126045,1.131392,0.8199046,0.1117876,-0.5614802,0.08286024,0.947253,0.3095901,0.5664721,-0.3003587,0.7673943,moving,38.77464,-21.85537,-6.93502,5.68378,36.79141603786228,-14.833558528126025,53.36457439198873,48.30074936117436,50.661702447344034
2890,2890,05/15/2023 13:24:11.883913,3119,True,True,True,True,Eyes,0.7683531,0.09021538,-3.365261,0.5898066,-0.301311,0.7492262,0.0,0.0,0.0,0.0,0.0,0.0,0.0,-2.742632,0.9409254,2.191475,0.9645068,0.09643286,-3.502908,0.1663116,0.2949624,0.007822602,0.9408913,17.95967,35.88932,6.81196,0.2019853,0.02684928,-0.9790202,0.0,0.0,0.0,1.380319,-0.178056,-2.552607,-0.1360497,0.1132451,1.126892,0.825872,0.1128318,-0.5524531,0.08339088,0.9445585,0.317577,0.5576571,-0.3083475,0.7706753,moving,38.21056,-21.90816,-6.884003,5.738577,36.24367960351842,-14.902181136205352,52.89481712708853,47.81252872613153,50.21618646468069
2891,2891,05/15/2023 13:24:11.904119,3120,True,True,True,True,Eyes,0.7772419,0.09046552,-3.370966,0.5819141,-0.3040852,0.7542601,0.0,0.0,0.0,0.0,0.0,0.0,0.0,-2.738065,0.941289,2.210328,0.9745609,0.09823793,-3.508441,0.166064,0.2916475,0.007950684,0.9419667,17.95175,35.47433,6.751676,0.2040424,0.02677752,-0.9785956,0.0,0.0,0.0,1.380332,-0.1803593,-2.552581,-0.1360088,0.1177632,1.122167,0.829757,0.1118429,-0.5468039,0.08188576,0.9447191,0.3174911,0.5520852,-0.308216,0.7747289,moving,37.6503,-21.95717,-6.910649,5.990841,35.699745818292264,-14.967036797318556,52.60009025312335,47.485559787561584,49.93915680605112
2892,2892,05/15/2023 13:24:11.913982,3121,True,True,True,True,Eyes,0.7862118,0.09074122,-3.376677,0.5737408,-0.3068773,0.7593732,0.0,0.0,0.0,0.0,0.0,0.0,0.0,-2.732037,0.9423286,2.229941,0.9837021,0.09953195,-3.51384,0.1662799,0.2881252,0.007378506,0.9430167,18.02052,35.03144,6.626443,0.206102,0.02671446,-0.9781656,0.0,0.0,0.0,1.380346,-0.1828576,-2.552553,-0.1383964,0.1249578,1.116953,0.8338589,0.109735,-0.5409598,0.08190276,0.9445931,0.3178613,0.5458674,-0.3093576,0.7786698,moving,37.0727,-22.00458,-7.063251,6.383355,35.13906232249204,-15.030892412227695,52.477204805883346,47.324467688521224,49.83237002219984
2893,2893,05/15/2023 13:24:11.940287,3122,True,True,True,True,Eyes,0.7951809,0.09102948,-3.382346,0.5655025,-0.309498,0.7644723,0.0,0.0,0.0,0.0,0.0,0.0,0.0,-2.72225,0.941829,2.253895,0.9931782,0.100341,-3.518701,0.1655191,0.284004,0.007737144,0.9443969,17.953,34.51157,6.556907,0.2081649,0.02665995,-0.9777302,0.0,0.0,0.0,1.380359,-0.1851169,-2.552527,-0.1397986,0.1212031,1.112521,0.8385638,0.1086301,-0.5338635,0.07940231,0.9450871,0.3170263,0.5389861,-0.3082368,0.7838903,moving,36.49141,-22.04066,-7.162204,6.217542,34.57511411825495,-15.083931890341573,52.001576856224276,46.85890004689949,49.401431302855556
2894,2894,05/15/2023 13:24:11.953794,3123,True,True,True,True,Eyes,0.8041657,0.09132607,-3.387969,0.5568914,-0.3121899,0.7696813,0.0,0.0,0.0,0.0,0.0,0.0,0.0,-2.70358,0.9476774,2.285135,1.002179,0.100909,-3.523455,0.1647141,0.2785291,0.009542785,0.9461499,17.84076,33.84782,6.624428,0.2102305,0.02661347,-0.9772893,0.0,0.0,0.0,1.380373,-0.1874368,-2.552501,-0.1372212,0.1169318,1.109481,0.8446609,0.1098132,-0.523917,0.07369754,0.9455564,0.3170044,0.5302043,-0.3063726,0.7905816,moving,35.88706,-22.07793,-7.050569,6.016379,33.988800450077456,-15.138842637521286,51.31208612334059,46.17113002074564,48.7569176879692
2895,2895,05/15/2023 13:24:11.964394,3124,True,True,True,True,Eyes,0.8131652,0.09163817,-3.393536,0.5481362,-0.3148595,0.7748613,0.0,0.0,0.0,0.0,0.0,0.0,0.0,-2.680439,0.9582197,2.319224,1.011717,0.1014567,-3.528154,0.1650621,0.2720867,0.01065504,0.9479504,17.88715,33.07569,6.638903,0.2122981,0.02657449,-0.9768433,0.0,0.0,0.0,1.380387,-0.1898681,-2.552474,-0.131908,0.116709,1.106181,0.8517106,0.1100233,-0.5123319,0.06962152,0.9452819,0.3187396,0.5193668,-0.3071432,0.7974466,moving,35.27555,-22.11403,-6.800196,6.022779,33.395584412191035,-15.192849015297458,50.616681263779014,45.45111258295615,48.09743598485636
2896,2896,05/15/2023 13:24:11.983894,3125,True,True,True,True,Eyes,0.8221758,0.09196883,-3.399034,0.5391695,-0.3174913,0.7800612,0.0,0.0,0.0,0.0,0.0,0.0,0.0,-2.658659,0.9654932,2.351763,1.021148,0.1021717,-3.532457,0.1658619,0.2657747,0.01029702,0.949604,18.03108,32.30481,6.504627,0.2143669,0.0265427,-0.9763921,0.0,0.0,0.0,1.3804,-0.1921992,-2.552448,-0.1274875,0.1136749,1.103278,0.8585156,0.10772,-0.5013456,0.06860761,0.9447677,0.3204796,0.5081772,-0.3095329,0.8037072,moving,34.65179,-22.14672,-6.591486,5.882643,32.79059755448498,-15.243949347418123,49.86635143458908,44.69095444613397,47.39182814507528
2897,2897,05/15/2023 13:24:12.003940,3126,True,True,True,True,Eyes,0.8311797,0.09230822,-3.404456,0.5301391,-0.320001,0.7852082,0.0,0.0,0.0,0.0,0.0,0.0,0.0,-2.643386,0.9593284,2.381634,1.030729,0.1030231,-3.536519,0.1652938,0.2604632,0.008781004,0.9511887,18.05182,31.61476,6.207724,0.2164368,0.02651795,-0.9759361,0.0,0.0,0.0,1.380413,-0.1944469,-2.552423,-0.1254051,0.1124335,1.100568,0.8641636,0.1028107,-0.4925964,0.06940112,0.9452017,0.3190255,0.4984021,-0.309877,0.8096738,moving,34.02554,-22.17269,-6.500576,5.833076,32.18338244585144,-15.288643910877934,49.26143529468272,44.07466044150469,46.83160641634211
2898,2898,05/15/2023 13:24:12.014270,3127,True,True,True,True,Eyes,0.8402048,0.09264182,-3.409813,0.5209816,-0.3225287,0.7902869,0.0,0.0,0.0,0.0,0.0,0.0,0.0,-2.629593,0.9516937,2.409169,1.039638,0.1035991,-3.540197,0.1648097,0.2555487,0.006753669,0.9526212,18.09242,30.96733,5.8631,0.2185072,0.02649981,-0.9754751,0.0,0.0,0.0,1.380427,-0.196796,-2.552396,-0.1228068,0.1077036,1.098219,0.8692985,0.09710119,-0.4846561,0.07136644,0.9455843,0.3174542,0.4891084,-0.3105506,0.8150651,moving,33.3941,-22.20116,-6.380517,5.601152,31.57107278323691,-15.33591336162607,48.528225910721616,43.34378701765796,46.14965866079453
2899,2899,05/15/2023 13:24:12.040203,3128,True,True,True,True,Eyes,0.849218,0.09298237,-3.415084,0.5117835,-0.3251186,0.7952204,0.0,0.0,0.0,0.0,0.0,0.0,0.0,-2.615702,0.9444797,2.43617,1.048747,0.1038339,-3.543757,0.1644529,0.250623,0.004551433,0.9540036,18.1494,30.31824,5.502319,0.2205774,0.02648746,-0.9750094,0.0,0.0,0.0,1.380441,-0.1991645,-2.55237,-0.1190085,0.0987801,1.096236,0.8743349,0.0911155,-0.4766934,0.07374717,0.945869,0.3160587,0.4796874,-0.3114959,0.8202867,moving,32.76429,-22.23675,-6.195824,5.148924,30.960147576078604,-15.390001491162476,47.622112755812005,42.45484288151218,45.29968042335015
2900,2900,05/15/2023 13:24:12.054059,3129,True,True,True,True,Eyes,0.8582305,0.09332017,-3.420273,0.5026351,-0.3277849,0.7999469,0.0,0.0,0.0,0.0,0.0,0.0,0.0,-2.601694,0.9532651,2.456249,1.05754,0.1044017,-3.547026,0.1664625,0.2460174,0.002897654,0.9548599,18.44964,29.75535,5.288846,0.2226477,0.02648056,-0.974539,0.0,0.0,0.0,1.380454,-0.2015012,-2.552343,-0.1143853,0.08884379,1.094492,0.8789341,0.08743906,-0.4688595,0.07637165,0.9445637,0.3193225,0.4707889,-0.316471,0.8235314,moving,32.14261,-22.28177,-5.966321,4.640726,30.356838914162445,-15.452933302724896,46.659526496019836,41.510566008232175,44.39124798333191
2901,2901,05/15/2023 13:24:12.063776,3130,True,True,True,True,Eyes,0.8672156,0.09364624,-3.425379,0.4935582,-0.3305526,0.8044472,0.0,0.0,0.0,0.0,0.0,0.0,0.0,-2.590853,0.9557264,2.475276,1.066538,0.1047472,-3.550274,0.1673283,0.2419836,0.001447495,0.9557422,18.61122,29.24744,5.069811,0.2247169,0.02647852,-0.9740639,0.0,0.0,0.0,1.380468,-0.2039014,-2.552316,-0.1117898,0.08481315,1.092318,0.8828837,0.08374827,-0.4620634,0.07821456,0.9439982,0.320546,0.4630322,-0.3191449,0.8268903,moving,31.53066,-22.33808,-5.843406,4.439828,29.76264563521111,-15.526453261682176,45.97691992977368,40.82209328868279,43.752486262454205
2902,2902,05/15/2023 13:24:12.089544,3131,True,True,True,True,Eyes,0.876239,0.09398171,-3.430418,0.4845813,-0.3334581,0.8086945,0.0,0.0,0.0,0.0,0.0,0.0,0.0,-2.584738,0.9694786,2.484454,1.074911,0.104858,-3.553427,0.1701281,0.2390472,-4.390274e-05,0.9559879,18.98386,28.90282,4.929327,0.2267838,0.02648055,-0.9735847,0.0,0.0,0.0,1.380481,-0.2061645,-2.552291,-0.1105848,0.08415961,1.089954,0.8857129,0.08125336,-0.4570675,0.08142124,0.9421129,0.3252598,0.4570376,-0.3253018,0.8278257,moving,30.93064,-22.40837,-5.793304,4.415271,29.1796250279117,-15.613087851627755,45.476980764030685,40.30187245130088,43.290226259505836
2903,2903,05/15/2023 13:24:12.104213,3132,True,True,True,True,Eyes,0.8852319,0.09431574,-3.435348,0.4756719,-0.3362983,0.8127974,0.0,0.0,0.0,0.0,0.0,0.0,0.0,-2.575391,0.9881987,2.494532,1.083614,0.1054252,-3.556196,0.1723363,0.2359139,0.0008606754,0.9563704,19.22196,28.56779,5.040352,0.2288498,0.02648652,-0.973101,0.0,0.0,0.0,1.380494,-0.2084528,-2.552265,-0.1096181,0.0803698,1.087906,0.8886877,0.0829593,-0.4509455,0.0796668,0.940599,0.3300407,0.4515388,-0.3292285,0.8292897,moving,30.33737,-22.47753,-5.75374,4.225091,28.603172435305108,-15.698420493408666,44.89541390055048,39.715787066545836,42.75064150681899
2904,2904,05/15/2023 13:24:12.114104,3133,True,True,True,True,Eyes,0.8941953,0.09464272,-3.440166,0.4668234,-0.3391538,0.8167316,0.0,0.0,0.0,0.0,0.0,0.0,0.0,-2.561414,1.002123,2.510337,1.091907,0.1057196,-3.558574,0.1731545,0.2321436,0.002601365,0.9571418,19.28449,28.14858,5.18939,0.230914,0.02649607,-0.9726129,0.0,0.0,0.0,1.380509,-0.2109716,-2.552237,-0.1061124,0.07177386,1.086487,0.8922052,0.08537314,-0.4434877,0.07541364,0.9400215,0.3326745,0.4452895,-0.3302589,0.8322538,moving,29.75121,-22.55103,-5.578135,3.779494,28.033487345036495,-15.787717672921955,44.061991696286285,38.892376236459114,41.96243448645973
2905,2905,05/15/2023 13:24:12.134254,3134,True,True,True,True,Eyes,0.9031504,0.0949522,-3.444868,0.4579987,-0.3419659,0.8205465,0.0,0.0,0.0,0.0,0.0,0.0,0.0,-2.544212,1.019835,2.527972,1.100726,0.1059338,-3.561025,0.1746078,0.2277195,0.004177224,0.9579346,19.42808,27.65648,5.325336,0.2329752,0.02650869,-0.9721209,0.0,0.0,0.0,1.380522,-0.2131444,-2.552213,-0.1029322,0.07240531,1.08498,0.8962528,0.08752621,-0.4348219,0.07152018,0.9389893,0.3364282,0.4377394,-0.3326232,0.8353119,moving,29.16863,-22.62412,-5.419436,3.817929,27.46728057257064,-15.87650700322964,43.537527088004865,38.33284409497814,41.474379227495
2906,2906,05/15/2023 13:24:12.154060,3135,True,True,True,True,Eyes,0.9120941,0.09523823,-3.449455,0.4492113,-0.3447644,0.8242249,0.0,0.0,0.0,0.0,0.0,0.0,0.0,-2.527577,1.034195,2.545432,1.109525,0.1058289,-3.56303,0.1755984,0.2234224,0.005600662,0.9587577,19.52451,27.17052,5.430998,0.2350337,0.02652363,-0.9716249,0.0,0.0,0.0,1.380535,-0.2154898,-2.552186,-0.1000838,0.07093313,1.083389,0.9001021,0.08920459,-0.426449,0.06772589,0.9382676,0.3392153,0.4303829,-0.33421,0.8384952,moving,28.59085,-22.69903,-5.278021,3.746,26.905672845821037,-15.966901862817988,42.97022264912693,37.74107377135197,40.946032840332414
2907,2907,05/15/2023 13:24:12.163812,3136,True,True,True,True,Eyes,0.9210585,0.09551684,-3.453929,0.4404622,-0.3474837,0.8277971,0.0,0.0,0.0,0.0,0.0,0.0,0.0,-2.511929,1.048188,2.560385,1.118426,0.1055049,-3.563993,0.1765055,0.2194215,0.007158164,0.9595044,19.60747,26.72274,5.555411,0.2370889,0.02654008,-0.9711249,0.0,0.0,0.0,1.380549,-0.2178797,-2.552159,-0.09974211,0.06585084,1.082255,0.903606,0.09119479,-0.4185448,0.06372163,0.937589,0.341857,0.4235986,-0.3355744,0.8414,moving,28.01698,-22.77116,-5.265584,3.481924,26.34792766156623,-16.05449181152656,42.39048815389075,37.16296089302962,40.409446878205785
2908,2908,05/15/2023 13:24:12.183863,3137,True,True,True,True,Eyes,0.9300213,0.0957546,-3.458226,0.4318446,-0.3500112,0.8312656,0.0,0.0,0.0,0.0,0.0,0.0,0.0,-2.495975,1.060394,2.577608,1.127928,0.1055995,-3.565812,0.1769943,0.2152442,0.008942372,0.9603453,19.63954,26.25163,5.689461,0.2391422,0.02655773,-0.9706209,0.0,0.0,0.0,1.380562,-0.2201577,-2.552134,-0.09908712,0.06723225,1.081194,0.90718,0.09336949,-0.4102519,0.05901844,0.9371861,0.3438008,0.4165829,-0.3361016,0.8446859,moving,27.45199,-22.83393,-5.236305,3.558263,25.79903776820081,-16.132772239113706,42.01276569515834,36.75499108322205,40.0712058054492
2909,2909,05/15/2023 13:24:12.203842,3138,True,True,True,True,Eyes,0.9389948,0.09594399,-3.462408,0.4232527,-0.3524757,0.8346365,0.0,0.0,0.0,0.0,0.0,0.0,0.0,-2.481458,1.06351,2.596861,1.137854,0.1049856,-3.567441,0.1762239,0.2111413,0.01024378,0.9613842,19.54287,25.76139,5.731444,0.2411937,0.02657542,-0.9701127,0.0,0.0,0.0,1.380576,-0.2224889,-2.552108,-0.09929091,0.058695,1.07973,0.9106288,0.09411272,-0.4023655,0.05471988,0.9376804,0.3431635,0.4095863,-0.334512,0.848729,moving,26.89003,-22.89484,-5.254085,3.111582,25.25313307234304,-16.209163019347653,41.3470448082485,36.11068460464494,39.451707876471374
2910,2910,05/15/2023 13:24:12.214098,3139,True,True,True,True,Eyes,0.9479857,0.09608519,-3.466465,0.4146331,-0.354943,0.837911,0.0,0.0,0.0,0.0,0.0,0.0,0.0,-2.469629,1.068171,2.612236,1.147135,0.104035,-3.568907,0.1767267,0.2073784,0.009794528,0.9621153,19.63339,25.29958,5.61442,0.2432443,0.02659188,-0.9696003,0.0,0.0,0.0,1.38059,-0.2250064,-2.552079,-0.098414,0.05100656,1.078832,0.9137965,0.09214552,-0.395582,0.05445165,0.9373435,0.3441252,0.4025058,-0.3360005,0.8515238,moving,26.32811,-22.95774,-5.21225,2.706895,24.70721284955397,-16.287472613124347,40.662855268817815,35.439529599422556,38.81230817615317
2911,2911,05/15/2023 13:24:12.233899,3140,True,True,True,True,Eyes,0.9569915,0.09618305,-3.470393,0.4060588,-0.3573742,0.8410708,0.0,0.0,0.0,0.0,0.0,0.0,0.0,-2.459166,1.076551,2.624772,1.157059,0.1031019,-3.57022,0.1781836,0.2037132,0.008775442,0.9626395,19.84506,24.85298,5.45949,0.2452939,0.02660594,-0.9690834,0.0,0.0,0.0,1.380603,-0.2271927,-2.552055,-0.09783041,0.05108009,1.077783,0.9168478,0.08949187,-0.3890774,0.05570154,0.9363472,0.3466285,0.3953319,-0.3394778,0.853503,moving,25.77069,-23.02082,-5.186525,2.713426,24.165645851885014,-16.365814775776407,40.256683640666935,35.00810423742333,38.4473161950587
2912,2912,05/15/2023 13:24:12.253883,3141,True,True,True,True,Eyes,0.9659956,0.09623026,-3.474183,0.3975113,-0.359745,0.8441377,0.0,0.0,0.0,0.0,0.0,0.0,0.0,-2.45028,1.080578,2.636746,1.166476,0.1021912,-3.571112,0.1790544,0.2003954,0.007653215,0.9631837,19.99006,24.43751,5.281681,0.2473438,0.02661674,-0.9685619,0.0,0.0,0.0,1.380617,-0.2296754,-2.552027,-0.09741274,0.04998268,1.07698,0.9195662,0.08650625,-0.3832945,0.05702045,0.9357619,0.3479918,0.3887759,-0.3418572,0.8555624,moving,25.21613,-23.08218,-5.168332,2.657192,23.62689559342002,-16.44240770187905,39.82123556576099,34.553723980620035,38.054163859151096
2913,2913,05/15/2023 13:24:12.263923,3142,True,True,True,True,Eyes,0.9750118,0.09621941,-3.47784,0.389041,-0.3620135,0.8471088,0.0,0.0,0.0,0.0,0.0,0.0,0.0,-2.44311,1.083204,2.647747,1.17626,0.1010955,-3.571957,0.1794052,0.1974106,0.007047776,0.9637393,20.06079,24.06503,5.156121,0.2493937,0.02662328,-0.9680359,0.0,0.0,0.0,1.38063,-0.2318396,-2.552003,-0.09787551,0.0468913,1.076623,0.9219588,0.0844174,-0.3779758,0.05724853,0.9355282,0.3485823,0.3830334,-0.343017,0.8576856,moving,24.6673,-23.13953,-5.194466,2.493888,23.09380404160228,-16.514951872141783,39.35476066502603,34.081699124769884,37.630903480899136
2914,2914,05/15/2023 13:24:12.283911,3143,True,True,True,True,Eyes,0.9840477,0.09614453,-3.48135,0.3803648,-0.3643036,0.850062,0.0,0.0,0.0,0.0,0.0,0.0,0.0,-2.432982,1.087464,2.660112,1.185617,0.09969339,-3.572471,0.1793917,0.1941845,0.007410022,0.9643943,20.06773,23.677,5.128491,0.2514439,0.02662448,-0.9675053,0.0,0.0,0.0,1.380643,-0.234183,-2.551976,-0.1001879,0.04177234,1.075954,0.924475,0.08396254,-0.3718822,0.05537781,0.9355274,0.3488865,0.3771994,-0.3431309,0.860222,moving,24.10639,-23.1981,-5.319778,2.223308,22.54898005373262,-16.589051959551455,38.886338833408935,33.6239879060355,37.20682920753455
2915,2915,05/15/2023 13:24:12.304005,3144,True,True,True,True,Eyes,0.9930978,0.09599529,-3.484724,0.3717155,-0.3665697,0.8529093,0.0,0.0,0.0,0.0,0.0,0.0,0.0,-2.420869,1.093202,2.673402,1.195556,0.09811196,-3.572645,0.1792517,0.1906587,0.008334758,0.9651159,20.04872,23.26198,5.157094,0.2534955,0.02661921,-0.96697,0.0,0.0,0.0,1.380657,-0.2366051,-2.551949,-0.1025213,0.03426278,1.075504,0.9271596,0.08443977,-0.3650274,0.05226374,0.9355987,0.3491754,0.3710034,-0.342819,0.8630362,moving,23.54857,-23.25743,-5.44521,1.824679,22.007127926266257,-16.663788446679654,38.33733781284612,33.09764774337974,36.701633871243125
2916,2916,05/15/2023 13:24:12.314475,3145,True,True,True,True,Eyes,1.002191,0.0957786,-3.487972,0.3629225,-0.3689443,0.8556678,0.0,0.0,0.0,0.0,0.0,0.0,0.0,-2.406183,1.103878,2.686607,1.205009,0.09619661,-3.572788,0.1801757,0.1867078,0.008622503,0.9657136,20.16815,22.79766,5.130054,0.2555489,0.02660616,-0.9664297,0.0,0.0,0.0,1.380671,-0.238931,-2.551923,-0.104973,0.03035834,1.075042,0.9301317,0.08393415,-0.3575054,0.05062668,0.9349247,0.3512159,0.3637197,-0.3447763,0.8653538,moving,22.98372,-23.3246,-5.576992,1.617558,21.458253634382388,-16.74630986038762,37.91866975045285,32.68235226089409,36.32595974421129
2917,2917,05/15/2023 13:24:12.334514,3146,True,True,True,True,Eyes,1.011289,0.09550405,-3.491075,0.3541512,-0.3713396,0.8583029,0.0,0.0,0.0,0.0,0.0,0.0,0.0,-2.391941,1.117501,2.697993,1.214664,0.09438957,-3.572819,0.1819008,0.1827503,0.008373856,0.9661492,20.39107,22.33281,5.059608,0.257605,0.02658435,-0.9658843,0.0,0.0,0.0,1.380685,-0.2412886,-2.551896,-0.1075932,0.02774537,1.074628,0.9330644,0.08266564,-0.3500817,0.05030407,0.9336839,0.3545473,0.3561745,-0.348426,0.8670288,moving,22.42192,-23.39543,-5.71748,1.478967,20.912233382981764,-16.832267016861387,37.55744211835531,32.31784222500041,36.00705056276977
2918,2918,05/15/2023 13:24:12.354178,3147,True,True,True,True,Eyes,1.020393,0.09516819,-3.494027,0.3452356,-0.37372,0.8608983,0.0,0.0,0.0,0.0,0.0,0.0,0.0,-2.375915,1.131946,2.709761,1.223934,0.09275591,-3.572458,0.1834684,0.1786836,0.008672957,0.9666108,20.58432,21.86324,5.045524,0.2596642,0.02655319,-0.9653336,0.0,0.0,0.0,1.380698,-0.2435629,-2.551871,-0.111919,0.02419898,1.074116,0.935994,0.08233232,-0.3422525,0.04879882,0.9325283,0.3577844,0.3486173,-0.3515856,0.8688231,moving,21.85167,-23.46589,-5.948553,1.290611,20.35803961480637,-16.918132140762413,37.225485095734214,31.993673464728104,35.717434044043415
2919,2919,05/15/2023 13:24:12.363946,3148,True,True,True,True,Eyes,1.029498,0.09476186,-3.49684,0.3362466,-0.3761205,0.863407,0.0,0.0,0.0,0.0,0.0,0.0,0.0,-2.35429,1.144225,2.726866,1.233339,0.0909721,-3.57188,0.184249,0.1737542,0.009569716,0.9673523,20.6796,21.28965,5.061624,0.2617267,0.02651205,-0.9647776,0.0,0.0,0.0,1.380712,-0.2460189,-2.551843,-0.1178329,0.02072975,1.073567,0.9394357,0.08254266,-0.3326367,0.04551352,0.9319215,0.3597929,0.3396896,-0.3531418,0.8717235,moving,21.27801,-23.53908,-6.263617,1.1062,19.80046890466681,-17.00673825423324,36.958504354012064,31.739803185393527,35.491854784254656
2920,2920,05/15/2023 13:24:12.383899,3149,True,True,True,True,Eyes,1.038622,0.09430578,-3.499507,0.3270979,-0.3786479,0.8658134,0.0,0.0,0.0,0.0,0.0,0.0,0.0,-2.330424,1.158377,2.744807,1.24255,0.08890687,-3.571392,0.1857096,0.1683598,0.009634569,0.968026,20.87309,20.65116,4.984563,0.2637924,0.02646011,-0.9642163,0.0,0.0,0.0,1.380725,-0.2482662,-2.551818,-0.1251503,0.01440161,1.072873,0.9431243,0.08118509,-0.3223749,0.04387904,0.9308383,0.3627875,0.3295318,-0.3562992,0.8743339,moving,20.6962,-23.6213,-6.653463,0.7690585,19.23475888862137,-17.104312595155996,36.64551342213793,31.458821129528243,35.21816013846246
2921,2921,05/15/2023 13:24:12.403697,3150,True,True,True,True,Eyes,1.04774,0.09380814,-3.502025,0.3179739,-0.3811825,0.8680971,0.0,0.0,0.0,0.0,0.0,0.0,0.0,-2.308946,1.177382,2.758016,1.252104,0.08729511,-3.570535,0.1880211,0.1634086,0.009785011,0.9684266,21.15986,20.07965,4.945804,0.2658615,0.02639724,-0.9636495,0.0,0.0,0.0,1.380738,-0.2505454,-2.551792,-0.1329145,0.007637471,1.072129,0.9464038,0.08040065,-0.3128188,0.0424964,0.9291046,0.3673672,0.3201779,-0.3609714,0.8758914,moving,20.1172,-23.70634,-7.067044,0.4081481,18.671693385475127,-17.204519723589932,36.33856984220179,31.18795713192153,34.94860460549412
2922,2922,05/15/2023 13:24:12.423959,3151,True,True,True,True,Eyes,1.05688,0.09327433,-3.504401,0.3087153,-0.3836758,0.8703378,0.0,0.0,0.0,0.0,0.0,0.0,0.0,-2.287153,1.196041,2.770875,1.261148,0.08581591,-3.56952,0.1894143,0.1588125,0.01156333,0.9689001,21.30756,19.5743,5.084709,0.2679342,0.02632351,-0.9630772,0.0,0.0,0.0,1.380752,-0.2529428,-2.551765,-0.1411287,0.00346905,1.071286,0.9492898,0.08257014,-0.3033664,0.03775531,0.927977,0.3707198,0.3121274,-0.3633742,0.8778017,moving,19.52998,-23.78959,-7.504795,0.1855352,18.100715837002973,-17.303257508745418,36.13427303345537,31.008064364505948,34.78231721210534
2923,2923,05/15/2023 13:24:12.433808,3152,True,True,True,True,Eyes,1.066021,0.09271432,-3.506639,0.2993843,-0.3861841,0.8724855,0.0,0.0,0.0,0.0,0.0,0.0,0.0,-2.258332,1.217927,2.78741,1.270153,0.08437695,-3.568285,0.1905483,0.153345,0.01460636,0.9695171,21.40759,18.98706,5.347208,0.2700112,0.02623915,-0.9624992,0.0,0.0,0.0,1.380765,-0.2552252,-2.55174,-0.1497549,0.0005185306,1.070438,0.9525439,0.0867615,-0.2917747,0.03011702,0.926956,0.3739593,0.3029076,-0.3650001,0.8803533,moving,18.93912,-23.87539,-7.964023,0.02775462,17.526143505989396,-17.40456982105903,35.988045598546805,30.88097349374543,34.673712794017995
2924,2924,05/15/2023 13:24:12.454128,3153,True,True,True,True,Eyes,1.07522,0.09212938,-3.508744,0.289964,-0.3886255,0.8745806,0.0,0.0,0.0,0.0,0.0,0.0,0.0,-2.222383,1.242753,2.808188,1.2794,0.083185,-3.567291,0.1917171,0.146838,0.0183272,0.9702305,21.50838,18.2892,5.66673,0.2720923,0.02614463,-0.9619156,0.0,0.0,0.0,1.380779,-0.2576211,-2.551713,-0.1579334,-0.001193762,1.070042,0.9562054,0.09186591,-0.2779061,0.02073947,0.9258174,0.3774017,0.2919607,-0.3666372,0.8833663,moving,18.34275,-23.95828,-8.395978,-0.06392036,16.946314236157253,-17.503247171983805,35.859447815933315,30.762995553716372,34.58378920575745
2925,2925,05/15/2023 13:24:12.464066,3154,True,True,True,True,Eyes,1.084435,0.091516,-3.510707,0.2805003,-0.3909891,0.8766111,0.0,0.0,0.0,0.0,0.0,0.0,0.0,-2.186979,1.261082,2.830676,1.289376,0.08194466,-3.566052,0.192108,0.1402536,0.02165905,0.9710584,21.53198,17.56396,5.920629,0.2741789,0.02604041,-0.9613257,0.0,0.0,0.0,1.380793,-0.2600351,-2.551686,-0.1658278,-0.005476207,1.06959,0.9597196,0.09595206,-0.2640671,0.01182323,0.9252509,0.3791716,0.2807105,-0.3670205,0.886847,moving,17.74377,-24.03799,-8.812894,-0.2933467,16.364043965198377,-17.598938115085964,35.62393139805222,30.550968880370135,34.38570114532065
2926,2926,05/15/2023 13:24:12.483929,3155,True,True,True,True,Eyes,1.093672,0.09088029,-3.512526,0.2711715,-0.3930942,0.8786028,0.0,0.0,0.0,0.0,0.0,0.0,0.0,-2.158565,1.271122,2.850614,1.299065,0.08064438,-3.564699,0.1921418,0.1345488,0.02343231,0.9718174,21.53983,16.90761,6.001258,0.2762711,0.0259268,-0.9607295,0.0,0.0,0.0,1.380806,-0.262294,-2.55166,-0.1724554,-0.01038146,1.069357,0.9626951,0.09724875,-0.2525091,0.006161063,0.9250649,0.379759,0.2705184,-0.3671479,0.8899562,moving,17.15229,-24.10414,-9.161223,-0.5562176,15.789407021864932,-17.681310405017637,35.31155074133096,30.26223293262502,34.11116636208755
2927,2927,05/15/2023 13:24:12.503904,3156,True,True,True,True,Eyes,1.102901,0.09021721,-3.514206,0.2617296,-0.3950739,0.880576,0.0,0.0,0.0,0.0,0.0,0.0,0.0,-2.131636,1.274146,2.871484,1.308367,0.07941453,-3.56295,0.1914681,0.1290162,0.02458756,0.9726718,21.47695,16.24982,5.997875,0.2783694,0.02580428,-0.9601271,0.0,0.0,0.0,1.380819,-0.2645873,-2.551635,-0.1787642,-0.01288399,1.069468,0.9655006,0.09723622,-0.2415653,0.001573717,0.9254708,0.3788157,0.2603962,-0.3661269,0.8933896,moving,16.55329,-24.16358,-9.489401,-0.6902146,15.207670130028022,-17.757444299574818,35.060242978670274,30.020587136492054,33.90002513340836
2928,2928,05/15/2023 13:24:12.514440,3157,True,True,True,True,Eyes,1.112141,0.08955529,-3.515759,0.2523811,-0.3970001,0.8824369,0.0,0.0,0.0,0.0,0.0,0.0,0.0,-2.097293,1.27802,2.897149,1.317508,0.07807912,-3.561393,0.1905651,0.1224314,0.02623942,0.9736566,21.38696,15.47298,6.02649,0.2804734,0.0256731,-0.9595181,0.0,0.0,0.0,1.380833,-0.266923,-2.551608,-0.1859383,-0.01378071,1.0695,0.9686441,0.09775865,-0.2284117,-0.004434056,0.9259928,0.3775148,0.2484129,-0.3646647,0.897391,moving,15.96078,-24.22253,-9.862598,-0.7382261,14.632231997261018,-17.832901907982304,34.905005099533206,29.87012952055504,33.78407053014712
2929,2929,05/15/2023 13:24:12.534508,3158,True,True,True,True,Eyes,1.12138,0.0888956,-3.517185,0.2429589,-0.3988683,0.884237,0.0,0.0,0.0,0.0,0.0,0.0,0.0,-2.057733,1.292156,2.921485,1.326719,0.07742654,-3.559892,0.1913743,0.1151035,0.02779796,0.9743481,21.50185,14.62638,6.060166,0.2825835,0.02553426,-0.9589025,0.0,0.0,0.0,1.380847,-0.2693667,-2.551581,-0.1941338,-0.01610804,1.069702,0.9719569,0.09822549,-0.2136621,-0.01011407,0.9252063,0.3793298,0.2349413,-0.3665312,0.9002541,moving,15.36382,-24.27954,-10.28631,-0.8627192,14.052537057039254,-17.906627229245288,34.731493854946876,29.713200382579462,33.64780273200543
2930,2930,05/15/2023 13:24:12.554065,3159,True,True,True,True,Eyes,1.130599,0.08825781,-3.518495,0.2338863,-0.4006299,0.8858854,0.0,0.0,0.0,0.0,0.0,0.0,0.0,-2.023701,1.302503,2.942942,1.33602,0.07680608,-3.558363,0.1912352,0.1088342,0.03023484,0.9750233,21.48984,13.91698,6.2058,0.284699,0.02538873,-0.9582804,0.0,0.0,0.0,1.38086,-0.2716273,-2.551556,-0.2011303,-0.02087873,1.069958,0.9744819,0.1005852,-0.2006678,-0.01733347,0.92503,0.3794986,0.2237957,-0.3663362,0.9031684,moving,14.78944,-24.33423,-10.6462,-1.117905,13.494773527477689,-17.97740604294232,34.437908309234246,29.445362593647097,33.38864538366414
2931,2931,05/15/2023 13:24:12.564054,3160,True,True,True,True,Eyes,1.139804,0.08768091,-3.519699,0.2248088,-0.4022933,0.8874801,0.0,0.0,0.0,0.0,0.0,0.0,0.0,-1.992995,1.32001,2.958527,1.345048,0.07663329,-3.557009,0.1908565,0.1038008,0.03560314,0.9754649,21.40489,13.42121,6.72838,0.2868192,0.02523787,-0.957652,0.0,0.0,0.0,1.380875,-0.2740859,-2.551528,-0.2081181,-0.02376878,1.070495,0.9759156,0.1090814,-0.1889179,-0.02983711,0.9246124,0.3797388,0.2160983,-0.3649563,0.9055984,moving,14.21467,-24.38471,-11.00181,-1.271961,12.936747096735612,-18.04413503277624,34.20628640948036,29.22944299262996,33.19246879715261
2932,2932,05/15/2023 13:24:12.583889,3161,True,True,True,True,Eyes,1.148986,0.08717642,-3.520787,0.2158157,-0.4038895,0.8889864,0.0,0.0,0.0,0.0,0.0,0.0,0.0,-1.953269,1.33524,2.980708,1.353996,0.07744381,-3.555762,0.1897104,0.09756712,0.04198431,0.9760779,21.2324,12.79283,7.333436,0.2889434,0.02508395,-0.9570173,0.0,0.0,0.0,1.380887,-0.2763036,-2.551503,-0.2130233,-0.02582046,1.071637,0.9774359,0.1189789,-0.1745365,-0.04494092,0.9244946,0.3785368,0.2063959,-0.3621517,0.9089812,moving,13.64549,-24.43353,-11.24288,-1.380242,12.384179703419669,-18.109087073488432,33.92469673951182,28.94982223989874,32.948522419146336
2933,2933,05/15/2023 13:24:12.603787,3162,True,True,True,True,Eyes,1.158142,0.08676222,-3.521787,0.2066034,-0.4055724,0.8904077,0.0,0.0,0.0,0.0,0.0,0.0,0.0,-1.912054,1.341812,3.006396,1.362655,0.07862498,-3.554127,0.189206,0.09038776,0.04462126,0.9767497,21.19526,11.97553,7.479846,0.2910714,0.02492932,-0.9563762,0.0,0.0,0.0,1.380901,-0.2786165,-2.551477,-0.2159367,-0.0324907,1.073005,0.979678,0.1213714,-0.1596872,-0.05296381,0.9244201,0.3776802,0.1934577,-0.3615473,0.9120623,moving,13.06331,-24.48882,-11.3785,-1.734393,11.818845714053094,-18.180689385145087,33.39410163748126,28.43584908113935,32.454900777576626
2934,2934,05/15/2023 13:24:12.614580,3163,True,True,True,True,Eyes,1.167282,0.08644301,-3.52269,0.1974313,-0.4072365,0.8917283,0.0,0.0,0.0,0.0,0.0,0.0,0.0,-1.871605,1.352977,3.029554,1.37129,0.08042496,-3.553132,0.1907825,0.08289231,0.04462884,0.9771075,21.43413,11.08817,7.335159,0.2932016,0.02477659,-0.9557293,0.0,0.0,0.0,1.380915,-0.2810227,-2.55145,-0.2182865,-0.03069606,1.075409,0.9822742,0.1188432,-0.1449606,-0.05558554,0.9232206,0.3802288,0.1790182,-0.3654313,0.9134618,moving,12.48407,-24.54534,-11.47402,-1.634986,11.25632549740151,-18.253386283393507,33.149274454404214,28.157411713620526,32.2535999472454
2935,2935,05/15/2023 13:24:12.634536,3164,True,True,True,True,Eyes,1.176383,0.08617432,-3.523522,0.1880685,-0.4086196,0.8931183,0.0,0.0,0.0,0.0,0.0,0.0,0.0,-1.834434,1.359044,3.051764,1.379886,0.08235714,-3.551696,0.1912857,0.0760617,0.04538003,0.9775301,21.53514,10.28409,7.276722,0.2953336,0.0246282,-0.9550764,0.0,0.0,0.0,1.380928,-0.2833638,-2.551424,-0.2227213,-0.02657175,1.077343,0.9843106,0.1178197,-0.1313441,-0.05962165,0.9227009,0.3808784,0.1660663,-0.3670717,0.9152488,moving,11.89133,-24.58505,-11.68033,-1.412866,10.681189276815198,-18.31028723212836,33.05409606214419,28.027850232641104,32.202273298615616
2936,2936,05/15/2023 13:24:12.654119,3165,True,True,True,True,Eyes,1.185482,0.08590403,-3.524316,0.1786758,-0.4098998,0.8944591,0.0,0.0,0.0,0.0,0.0,0.0,0.0,-1.795107,1.341085,3.085847,1.388169,0.08325823,-3.550975,0.1878513,0.06877623,0.04626073,0.978694,21.18217,9.381998,7.17054,0.2974665,0.02448512,-0.9544179,0.0,0.0,0.0,1.380942,-0.2856935,-2.551398,-0.2241046,-0.0391598,1.078695,0.9862596,0.1163896,-0.1172415,-0.06471078,0.9251437,0.374061,0.1520021,-0.3613345,0.9199634,moving,11.29663,-24.62035,-11.73654,-2.079092,10.10427510452038,-18.362994615536536,32.22786422447916,27.24310350936771,31.4116705305745
2937,2937,05/15/2023 13:24:12.664067,3166,True,True,True,True,Eyes,1.194578,0.0856761,-3.525075,0.1692057,-0.4113119,0.8956517,0.0,0.0,0.0,0.0,0.0,0.0,0.0,-1.757074,1.334888,3.113904,1.396534,0.08284971,-3.550839,0.1862277,0.06176777,0.04675281,0.979448,21.04033,8.52826,7.0523,0.2996,0.02434681,-0.9537539,0.0,0.0,0.0,1.380955,-0.2880519,-2.551371,-0.2237938,-0.0343976,1.082363,0.9879978,0.1145896,-0.1035833,-0.06857815,0.9262668,0.3705763,0.13841,-0.359025,0.923008,moving,10.69818,-24.6661,-11.6821,-1.820253,9.523444190101108,-18.42590235511798,31.9813954984114,26.933672139228637,31.21539698234164
2938,2938,05/15/2023 13:24:12.683794,3167,True,True,True,True,Eyes,1.20369,0.08553222,-3.525766,0.1600293,-0.4129049,0.8966048,0.0,0.0,0.0,0.0,0.0,0.0,0.0,-1.722482,1.35417,3.128971,1.405673,0.08367462,-3.550812,0.1883033,0.0555901,0.04806016,0.9793579,21.31464,7.834303,7.095342,0.3017336,0.02421396,-0.9530845,0.0,0.0,0.0,1.380968,-0.2902944,-2.551346,-0.2253844,-0.02836326,1.084834,0.9891999,0.1150718,-0.09078544,-0.07320058,0.9244642,0.374176,0.126985,-0.3634893,0.9229032,moving,10.1198,-24.72704,-11.73676,-1.497671,8.961636330920088,-18.50283695975514,31.89534133963393,26.78804360140287,31.174351286532822
2939,2939,05/15/2023 13:24:12.704028,3168,True,True,True,True,Eyes,1.21279,0.08546481,-3.526419,0.1510348,-0.4144459,0.8974537,0.0,0.0,0.0,0.0,0.0,0.0,0.0,-1.703944,1.360947,3.139198,1.414696,0.08552438,-3.549857,0.1893981,0.05150506,0.04801439,0.9793725,21.47138,7.351307,7.009067,0.3038675,0.02408832,-0.9524095,0.0,0.0,0.0,1.380982,-0.2926868,-2.551319,-0.2298493,-0.03215608,1.086379,0.9900837,0.1135579,-0.0826976,-0.07453803,0.923646,0.3759285,0.1190729,-0.3660365,0.9229512,moving,9.552937,-24.78759,-11.94612,-1.695422,8.410993023340128,-18.579034133428447,31.55087439088611,26.447465083011195,30.863027283524374
2940,2940,05/15/2023 13:24:12.714389,3169,True,True,True,True,Eyes,1.221859,0.08545773,-3.527032,0.1425869,-0.4160128,0.8981104,0.0,0.0,0.0,0.0,0.0,0.0,0.0,-1.701911,1.360007,3.144463,1.423542,0.08732381,-3.549601,0.1899074,0.04962874,0.04681072,0.9794291,21.55261,7.102215,6.826058,0.3060009,0.02397124,-0.9517291,0.0,0.0,0.0,1.380996,-0.2950154,-2.551293,-0.2327082,-0.03419068,1.088432,0.9906915,0.1105453,-0.07943624,-0.07284582,0.9234878,0.376648,0.114995,-0.3673553,0.9229443,moving,9.021171,-24.854,-12.06822,-1.799228,7.894180454297226,-18.659784846531903,31.24555847993223,26.129979124998545,30.590847807663508
2941,2941,05/15/2023 13:24:12.734228,3170,True,True,True,True,Eyes,1.230903,0.08546712,-3.527618,0.1343547,-0.4173406,0.8987634,0.0,0.0,0.0,0.0,0.0,0.0,0.0,-1.70267,1.356576,3.148978,1.431856,0.08876425,-3.549276,0.1898202,0.04831808,0.04604074,0.979548,21.55701,6.925137,6.701972,0.3081333,0.02386351,-0.9510435,0.0,0.0,0.0,1.38101,-0.2974204,-2.551266,-0.2344659,-0.03842199,1.090003,0.9910913,0.1085417,-0.07718081,-0.07185472,0.9236971,0.3763252,0.1121387,-0.3674268,0.9232673,moving,8.502093,-24.90779,-12.13966,-2.018807,7.390000023538541,-18.727961194092558,30.821867394551195,25.702207191542136,30.199414567712342
2942,2942,05/15/2023 13:24:12.754295,3171,True,True,True,True,Eyes,1.239898,0.08551243,-3.528176,0.1265537,-0.4188533,0.8991919,0.0,0.0,0.0,0.0,0.0,0.0,0.0,-1.703946,1.342198,3.158273,1.440341,0.08914292,-3.549238,0.1876776,0.04706572,0.0457699,0.9800344,21.31853,6.746113,6.61895,0.3102636,0.02376463,-0.9503531,0.0,0.0,0.0,1.381023,-0.299716,-2.55124,-0.2333595,-0.04269713,1.092221,0.9913799,0.1073785,-0.07507207,-0.07204577,0.9253644,0.3721694,0.109432,-0.3635526,0.9251239,moving,8.011278,-24.97662,-12.06026,-2.238669,6.912781446974277,-18.809762771716127,30.329540935593553,25.190820759546778,29.74047102379659
2943,2943,05/15/2023 13:24:12.764078,3172,True,True,True,True,Eyes,1.248875,0.08558693,-3.528709,0.1189069,-0.4203253,0.8995487,0.0,0.0,0.0,0.0,0.0,0.0,0.0,-1.700472,1.35679,3.157744,1.448824,0.09010547,-3.549172,0.1892772,0.04564216,0.04702839,0.9797344,21.50546,6.6187,6.754585,0.3123907,0.02367472,-0.9496584,0.0,0.0,0.0,1.381037,-0.3021206,-2.551213,-0.2303676,-0.04439208,1.094826,0.9914103,0.1094287,-0.07163157,-0.07487261,0.9239249,0.3751757,0.1072372,-0.3665898,0.9241819,moving,7.529989,-25.04492,-11.88254,-2.321908,6.444803007715894,-18.89075426961703,29.886143219358114,24.706642192509182,29.333720004806977
2944,2944,05/15/2023 13:24:12.784118,3173,True,True,True,True,Eyes,1.257753,0.08568567,-3.52923,0.1116564,-0.4221421,0.8996271,0.0,0.0,0.0,0.0,0.0,0.0,0.0,-1.692967,1.361895,3.163516,1.457399,0.09088092,-3.549149,0.189553,0.04345354,0.04790987,0.9797379,21.54678,6.377053,6.813775,0.314514,0.02359365,-0.9489594,0.0,0.0,0.0,1.38105,-0.3043838,-2.551188,-0.2267677,-0.04493171,1.09739,0.9916329,0.1103517,-0.06698325,-0.07740472,0.9235486,0.3755882,0.1033091,-0.3672608,0.9243629,moving,7.075032,-25.13791,-11.67543,-2.344619,6.001653150409054,-18.99474242917609,29.51463941545153,24.283860461493234,28.997395494271753
2945,2945,05/15/2023 13:24:12.803751,3174,True,True,True,True,Eyes,1.266621,0.08583959,-3.529709,0.1044426,-0.4239871,0.8996259,0.0,0.0,0.0,0.0,0.0,0.0,0.0,-1.685588,1.382419,3.162834,1.46568,0.0917505,-3.549531,0.1925389,0.04130631,0.04797497,0.9792451,21.9083,6.148582,6.800719,0.3166308,0.02352121,-0.9482569,0.0,0.0,0.0,1.381063,-0.3066904,-2.551162,-0.22476,-0.04859409,1.099386,0.9919844,0.1098647,-0.06242392,-0.07805238,0.9212544,0.3810489,0.0993721,-0.3731222,0.9224451,moving,6.622139,-25.23416,-11.55441,-2.53089,5.56041332580939,-19.10181130602647,29.08307759234399,23.822523174596583,28.596378675599425
2946,2946,05/15/2023 13:24:12.814186,3175,True,True,True,True,Eyes,1.275488,0.08600861,-3.530122,0.09709231,-0.4256194,0.8996784,0.0,0.0,0.0,0.0,0.0,0.0,0.0,-1.668306,1.393602,3.170596,1.474388,0.09324835,-3.549019,0.1937428,0.03773216,0.04897128,0.9791026,22.06713,5.750886,6.848959,0.3187417,0.02345801,-0.9475511,0.0,0.0,0.0,1.381077,-0.3090053,-2.551136,-0.2226068,-0.05180323,1.101285,0.9923562,0.1105165,-0.05491163,-0.08127515,0.9201311,0.3830838,0.09286297,-0.3756926,0.92208,moving,6.15946,-25.31787,-11.42744,-2.693146,5.110037970311966,-19.19708771871484,28.656189343424153,23.363823956563486,28.20108212545543
2947,2947,05/15/2023 13:24:12.839164,3176,True,True,True,True,Eyes,1.284354,0.08614983,-3.530506,0.08961276,-0.4271175,0.8997445,0.0,0.0,0.0,0.0,0.0,0.0,0.0,-1.652001,1.369433,3.192367,1.483001,0.09374115,-3.547899,0.1902255,0.03372875,0.04838664,0.9799672,21.68881,5.21849,6.653794,0.3208471,0.02340357,-0.9468416,0.0,0.0,0.0,1.38109,-0.311332,-2.55111,-0.2204372,-0.05444828,1.102999,0.9930422,0.1076667,-0.04769739,-0.08200248,0.922946,0.3760934,0.08451486,-0.3695653,0.9253533,moving,5.687788,-25.39415,-11.30181,-2.826046,4.651155737807133,-19.285477226692404,28.24828770662781,22.921823490679472,27.825315892093332
2948,2948,05/15/2023 13:24:12.853834,3177,True,True,True,True,Eyes,1.293229,0.08624384,-3.530857,0.08197069,-0.4287406,0.8997012,0.0,0.0,0.0,0.0,0.0,0.0,0.0,-1.628721,1.361078,3.211712,1.491908,0.09322497,-3.547658,0.1892074,0.02867075,0.04706118,0.9803897,21.61052,4.566862,6.36852,0.3229472,0.02335626,-0.9461285,0.0,0.0,0.0,1.381103,-0.3136269,-2.551084,-0.2191187,-0.05211666,1.104814,0.9939264,0.103126,-0.03840837,-0.08142714,0.9239716,0.3736925,0.07402567,-0.3682954,0.926757,moving,5.205777,-25.47951,-11.21795,-2.700774,4.182012846057131,-19.38295184506717,28.08219404405975,22.703610138354428,27.692313739138438
2949,2949,05/15/2023 13:24:12.864198,3178,True,True,True,True,Eyes,1.302107,0.08631452,-3.531195,0.07423327,-0.4304667,0.8995487,0.0,0.0,0.0,0.0,0.0,0.0,0.0,-1.60577,1.365029,3.225095,1.500671,0.09223124,-3.547185,0.1900758,0.02377522,0.04554614,0.9804242,21.74917,3.947017,6.078137,0.325043,0.02331412,-0.9454116,0.0,0.0,0.0,1.381117,-0.3160682,-2.551056,-0.2192078,-0.052349,1.106205,0.9947206,0.09834724,-0.02930516,-0.08027086,0.9235936,0.3748755,0.06393402,-0.370544,0.9266118,moving,4.717519,-25.57281,-11.20863,-2.709389,3.7066033782053616,-19.48828332346708,27.863564771820602,22.44984368418647,27.50280401826209
2950,2950,05/15/2023 13:24:12.884049,3179,True,True,True,True,Eyes,1.310984,0.08640759,-3.531497,0.0663785,-0.4324009,0.8992349,0.0,0.0,0.0,0.0,0.0,0.0,0.0,-1.579363,1.380695,3.235763,1.509714,0.09179708,-3.547281,0.1922543,0.01862481,0.04505201,0.9801337,22.03615,3.329327,5.911938,0.3271339,0.02327601,-0.944691,0.0,0.0,0.0,1.38113,-0.3182849,-2.551031,-0.2213219,-0.04767644,1.107412,0.9952468,0.09547538,-0.01918672,-0.08115258,0.9220173,0.378548,0.05383249,-0.3751916,0.9253828,moving,4.221725,-25.68077,-11.30195,-2.465182,3.2234957214351883,-19.607995927900483,27.92754933200135,22.469193193636897,27.593833383714745
2951,2951,05/15/2023 13:24:12.903983,3180,True,True,True,True,Eyes,1.319872,0.08648582,-3.531755,0.05841532,-0.4340832,0.8989769,0.0,0.0,0.0,0.0,0.0,0.0,0.0,-1.551588,1.392489,3.247704,1.518582,0.09250544,-3.546742,0.1939208,0.01333313,0.04480722,0.9799027,22.26261,2.694634,5.766478,0.3292204,0.02324213,-0.9439667,0.0,0.0,0.0,1.381144,-0.320669,-2.551005,-0.224224,-0.04532614,1.108224,0.9956291,0.09298456,-0.008752225,-0.08264229,0.920774,0.3812419,0.04350843,-0.3788522,0.9244339,moving,3.71784,-25.7742,-11.43809,-2.342081,2.732948363317234,-19.71394285058098,27.906386634515425,22.418740206583415,27.596976855800012
2952,2952,05/15/2023 13:24:12.914592,3181,True,True,True,True,Eyes,1.328722,0.08652039,-3.531993,0.0505528,-0.4356907,0.8986757,0.0,0.0,0.0,0.0,0.0,0.0,0.0,-1.528171,1.375182,3.269614,1.527838,0.09221286,-3.545986,0.1915017,0.008274612,0.04370339,0.980484,22.01229,2.037681,5.500695,0.3313034,0.02321168,-0.9432384,0.0,0.0,0.0,1.381158,-0.3230169,-2.550978,-0.2253877,-0.04600659,1.10897,0.9960431,0.08887013,0.0005122967,-0.08253173,0.9228343,0.3762519,0.03296479,-0.3748054,0.9265172,moving,3.21964,-25.86476,-11.48835,-2.375603,2.2479850435145816,-19.81694236682372,27.713994053740233,22.201063473095193,27.429032259938612
2953,2953,05/15/2023 13:24:12.934453,3182,True,True,True,True,Eyes,1.337583,0.08651577,-3.532214,0.04273205,-0.4372795,0.8983099,0.0,0.0,0.0,0.0,0.0,0.0,0.0,-1.508816,1.367301,3.285899,1.536878,0.09128124,-3.54582,0.190349,0.003951964,0.04272765,0.9807784,21.90338,1.483381,5.276089,0.3333814,0.02318316,-0.9425067,0.0,0.0,0.0,1.381171,-0.3253261,-2.550952,-0.2255983,-0.04507387,1.109935,0.9963174,0.0853172,0.008514326,-0.08230819,0.9238833,0.373718,0.02401832,-0.3730425,0.9275033,moving,2.723472,-25.9559,-11.48907,-2.325473,1.7649738469568204,-19.920437783803752,27.57523218948651,22.028446700581235,27.314969755923368
2954,2954,05/15/2023 13:24:12.954123,3183,True,True,True,True,Eyes,1.34644,0.08648372,-3.532419,0.0349247,-0.4389992,0.8978084,0.0,0.0,0.0,0.0,0.0,0.0,0.0,-1.492076,1.374643,3.294594,1.54608,0.09035069,-3.545668,0.1909404,0.0003273459,0.04297961,0.9806603,21.99139,1.053925,5.223803,0.3354552,0.02315535,-0.9417712,0.0,0.0,0.0,1.381184,-0.3276432,-2.550926,-0.2257572,-0.04499361,1.110432,0.9963053,0.08442178,0.01577105,-0.08417176,0.923389,0.3745234,0.01705512,-0.3744671,0.9270833,moving,2.227679,-26.05713,-11.49193,-2.320299,1.2820506810144527,-20.033656861205326,27.416506287917905,21.838901738825033,27.179230489029084
2955,2955,05/15/2023 13:24:12.964202,3184,True,True,True,True,Eyes,1.355325,0.08645113,-3.532625,0.02717347,-0.4407164,0.897235,0.0,0.0,0.0,0.0,0.0,0.0,0.0,-1.47268,1.384984,3.303039,1.555091,0.08971868,-3.545515,0.1916737,-0.003477447,0.04399541,0.9804661,22.09634,0.6212627,5.259802,0.3375249,0.02312745,-0.9410322,0.0,0.0,0.0,1.381198,-0.3300217,-2.5509,-0.2263005,-0.04526746,1.109879,0.9961047,0.08493892,0.02368456,-0.08760507,0.9226511,0.3755532,0.01004649,-0.3761651,0.9264982,moving,1.734718,-26.15999,-11.52444,-2.335569,0.8018257848629395,-20.14835985501242,27.265514975041366,21.661771539823256,27.04883884900963
2956,2956,05/15/2023 13:24:12.983990,3185,True,True,True,True,Eyes,1.364201,0.08639467,-3.532823,0.01946225,-0.4424016,0.8966058,0.0,0.0,0.0,0.0,0.0,0.0,0.0,-1.449925,1.397543,3.312593,1.564699,0.08967347,-3.545752,0.1921895,-0.007565995,0.04634665,0.9802338,22.17784,0.1844941,5.450157,0.3395904,0.02309945,-0.9402896,0.0,0.0,0.0,1.381211,-0.3322919,-2.550874,-0.2274923,-0.04650098,1.109993,0.9955895,0.08795288,0.03264757,-0.09376929,0.9218303,0.3760799,0.002981796,-0.3774826,0.9260119,moving,1.2435,-26.26257,-11.58234,-2.398892,0.3232965745257098,-20.262738033621435,27.092015417707188,21.46767750264608,26.89382623637898
2957,2957,05/15/2023 13:24:13.004291,3186,True,True,True,True,Eyes,1.373108,0.08630542,-3.533025,0.01183103,-0.4439848,0.8959562,0.0,0.0,0.0,0.0,0.0,0.0,0.0,-1.430478,1.399198,3.324941,1.574353,0.08910906,-3.545805,0.1913148,-0.01135859,0.04808567,0.9802843,22.09715,359.7607,5.5698,0.3416519,0.02307071,-0.9395431,0.0,0.0,0.0,1.381225,-0.3346154,-2.550848,-0.2287937,-0.05003002,1.109546,0.9951175,0.08992912,0.04066828,-0.09862138,0.9221728,0.3739934,-0.003870285,-0.3761781,0.9265392,moving,0.7565424,-26.3604,-11.65136,-2.581749,-0.1509770194702704,-20.372399543277144,26.821265543365527,21.184099118250586,26.64003216266069
2958,2958,05/15/2023 13:24:13.014276,3187,True,True,True,True,Eyes,1.381998,0.08617923,-3.533246,0.0043046,-0.4456054,0.8952191,0.0,0.0,0.0,0.0,0.0,0.0,0.0,-1.416045,1.400521,3.335454,1.584059,0.08822368,-3.546107,0.1907126,-0.01458823,0.04901019,0.9803132,22.04571,359.3875,5.604861,0.34371,0.02304045,-0.9387929,0.0,0.0,0.0,1.381239,-0.3369845,-2.550821,-0.2294509,-0.0502907,1.109335,0.9947704,0.09052635,0.04729579,-0.101655,0.9224535,0.3724862,-0.009908343,-0.3753461,0.9268318,moving,0.2755007,-26.46234,-11.68607,-2.595676,-0.6196332941512755,-20.48584111643458,26.696382228683994,21.03625511486892,26.5310548534198
2959,2959,05/15/2023 13:24:13.034337,3188,True,True,True,True,Eyes,1.390912,0.0860403,-3.533483,-0.003185141,-0.447236,0.8944103,0.0,0.0,0.0,0.0,0.0,0.0,0.0,-1.40187,1.407626,3.343717,1.59367,0.08730257,-3.546786,0.1912991,-0.01787358,0.04910371,0.9801399,22.13283,358.9948,5.539487,0.3457639,0.02300783,-0.9380392,0.0,0.0,0.0,1.381252,-0.3393029,-2.550795,-0.2306763,-0.04839483,1.108899,0.9945387,0.08941859,0.05382421,-0.1030954,0.9219869,0.3732444,-0.01625023,-0.3767551,0.9261703,moving,-0.2040388,-26.56663,-11.75124,-2.498929,-1.0868988098341337,-20.60150300217312,26.69442052150004,21.010267930809984,26.542110182757504
2960,2960,05/15/2023 13:24:13.054131,3189,True,True,True,True,Eyes,1.399833,0.08588017,-3.533734,-0.0106739,-0.4488556,0.8935405,0.0,0.0,0.0,0.0,0.0,0.0,0.0,-1.383613,1.418124,3.35209,1.603243,0.0868766,-3.547398,0.1922069,-0.02159492,0.0497359,0.9798554,22.26048,358.5635,5.528867,0.3478138,0.02297273,-0.9372819,0.0,0.0,0.0,1.381266,-0.3417209,-2.550768,-0.23198,-0.0480772,1.108228,0.99412,0.0891666,0.06143895,-0.1057694,0.9211658,0.3745217,-0.02320062,-0.3788179,0.9251803,moving,-0.6844017,-26.67193,-11.82274,-2.484051,-1.554989309104826,-20.71816521388119,26.629233383706108,20.926290292721312,26.488395949709354
2961,2961,05/15/2023 13:24:13.063992,3190,True,True,True,True,Eyes,1.408809,0.08568355,-3.534,-0.01809901,-0.4503756,0.8926557,0.0,0.0,0.0,0.0,0.0,0.0,0.0,-1.361194,1.423966,3.364016,1.612932,0.08624843,-3.547978,0.1917319,-0.0256374,0.05190282,0.9797387,22.23186,358.1221,5.695958,0.3498595,0.02293485,-0.9365211,0.0,0.0,0.0,1.38128,-0.3441195,-2.550741,-0.2345588,-0.04879627,1.107128,0.9932976,0.09187139,0.07013876,-0.1115334,0.9210899,0.373033,-0.03033305,-0.3783557,0.9251633,moving,-1.161539,-26.77252,-11.96194,-2.523657,-2.01982745983766,-20.830181798980608,26.545357759005057,20.832053474800443,26.413065815643385
2962,2962,05/15/2023 13:24:13.083811,3191,True,True,True,True,Eyes,1.417814,0.08545118,-3.53428,-0.02547661,-0.451852,0.8917291,0.0,0.0,0.0,0.0,0.0,0.0,0.0,-1.338555,1.428491,3.376775,1.623265,0.08515754,-3.548617,0.1906674,-0.02963742,0.05484286,0.9796734,22.13773,357.701,5.958436,0.3519022,0.02289347,-0.9357566,0.0,0.0,0.0,1.381293,-0.3463586,-2.550716,-0.2365268,-0.04998112,1.105799,0.9922277,0.0961544,0.07898347,-0.118758,0.9212765,0.3703327,-0.03715649,-0.3768343,0.9255351,moving,-1.63649,-26.87199,-12.07344,-2.587955,-2.482517693965987,-20.94104918752584,26.431880016066298,20.70801431660157,26.307368673894622
2963,2963,05/15/2023 13:24:13.103965,3192,True,True,True,True,Eyes,1.426879,0.08517543,-3.534565,-0.03284576,-0.4532055,0.8908007,0.0,0.0,0.0,0.0,0.0,0.0,0.0,-1.317639,1.436428,3.387333,1.633886,0.08412489,-3.549206,0.1901618,-0.03340795,0.05769776,0.9794863,22.10944,357.3087,6.216465,0.3539419,0.02284801,-0.9349881,0.0,0.0,0.0,1.381306,-0.3486849,-2.55069,-0.2385494,-0.05147275,1.104069,0.9911098,0.1003225,0.08738908,-0.1257342,0.921019,0.3686666,-0.04350145,-0.3763768,0.9254448,moving,-2.111663,-26.96526,-12.19213,-2.669251,-2.945253859724122,-21.045941416450795,26.30421768968182,20.572006927270802,26.18597454931161
2964,2964,05/15/2023 13:24:13.114171,3193,True,True,True,True,Eyes,1.436041,0.08483805,-3.534871,-0.04033612,-0.4545761,0.8897942,0.0,0.0,0.0,0.0,0.0,0.0,0.0,-1.295592,1.43547,3.401729,1.644486,0.08279064,-3.549606,0.1888705,-0.03763056,0.05925669,0.97949,21.99053,356.8264,6.307296,0.3559799,0.02279771,-0.9342153,0.0,0.0,0.0,1.38132,-0.3511343,-2.550662,-0.2389693,-0.05030772,1.102858,0.9901451,0.1018681,0.09610119,-0.1302973,0.9216332,0.3655338,-0.05133383,-0.3744532,0.9258237,moving,-2.595553,-27.06148,-12.22596,-2.611782,-3.416512658908798,-21.15395331428721,26.277984536049427,20.528479717305768,26.164776244302058
2965,2965,05/15/2023 13:24:13.133817,3194,True,True,True,True,Eyes,1.445255,0.08443806,-3.535213,-0.04781603,-0.4560218,0.8886831,0.0,0.0,0.0,0.0,0.0,0.0,0.0,-1.275218,1.442668,3.412327,1.65497,0.08093862,-3.550488,0.1894141,-0.04185381,0.05907383,0.9792247,22.08013,356.313,6.185018,0.3580181,0.02274142,-0.9334374,0.0,0.0,0.0,1.381334,-0.3534577,-2.550636,-0.2393554,-0.04735157,1.101667,0.9895171,0.0998377,0.1043474,-0.1315485,0.9212652,0.3660129,-0.05958972,-0.3759028,0.9247411,moving,-3.079857,-27.16432,-12.25795,-2.461158,-3.888352929115298,-21.26836555511208,26.353056822973933,20.585461159518058,26.24160300133748
2966,2966,05/15/2023 13:24:13.154379,3195,True,True,True,True,Eyes,1.454485,0.08399767,-3.535585,-0.05531978,-0.4575602,0.8874561,0.0,0.0,0.0,0.0,0.0,0.0,0.0,-1.255444,1.458932,3.419045,1.665507,0.07907103,-3.551665,0.1911457,-0.04586139,0.05916791,0.9787029,22.30747,355.8377,6.098248,0.3600565,0.02267809,-0.9326546,0.0,0.0,0.0,1.381347,-0.3557644,-2.55061,-0.2393201,-0.04497504,1.100375,0.9887918,0.09828317,0.1123887,-0.133348,0.919925,0.3687227,-0.06714996,-0.3795768,0.9227201,moving,-3.56693,-27.27501,-12.27015,-2.340517,-4.363088968156587,-21.390438759773563,26.40975159927577,20.62573957982576,26.29827502681154
2967,2967,05/15/2023 13:24:13.163952,3196,True,True,True,True,Eyes,1.463759,0.0835664,-3.535958,-0.06277476,-0.4590456,0.8861921,0.0,0.0,0.0,0.0,0.0,0.0,0.0,-1.238801,1.477929,3.423101,1.675985,0.07775229,-3.552682,0.1928774,-0.04916853,0.06044299,0.9781245,22.53576,355.475,6.170171,0.3620944,0.02260736,-0.931867,0.0,0.0,0.0,1.381362,-0.3582343,-2.550582,-0.237742,-0.04443237,1.099204,0.9878582,0.09927455,0.1195021,-0.1372086,0.9182899,0.3713725,-0.07286972,-0.38326,0.9207616,moving,-4.051865,-27.38406,-12.20426,-2.314767,-4.835709687860665,-21.51086255615116,26.361543880354848,20.561751343293086,26.250178815538153
2968,2968,05/15/2023 13:24:13.183995,3197,True,True,True,True,Eyes,1.473045,0.08315437,-3.536332,-0.07030725,-0.4603569,0.8849455,0.0,0.0,0.0,0.0,0.0,0.0,0.0,-1.213643,1.484428,3.434813,1.686411,0.07753356,-3.553083,0.1923372,-0.05342985,0.06320711,0.9778326,22.51353,355.021,6.405308,0.3641321,0.02253022,-0.9310744,0.0,0.0,0.0,1.381374,-0.3604285,-2.550558,-0.2346422,-0.04182115,1.098395,0.9863002,0.1030588,0.128805,-0.144165,0.9180226,0.3693929,-0.08017671,-0.3829015,0.9203033,moving,-4.5425,-27.48387,-12.05844,-2.180471,-5.313598741832587,-21.62254979653624,26.39604809506152,20.57880733979988,26.28183080305663
2969,2969,05/15/2023 13:24:13.204009,3198,True,True,True,True,Eyes,1.482384,0.08275113,-3.53673,-0.07785055,-0.4618419,0.8835391,0.0,0.0,0.0,0.0,0.0,0.0,0.0,-1.187151,1.486585,3.448508,1.696741,0.07761677,-3.55338,0.1915217,-0.05802037,0.06524061,0.9775976,22.45965,354.5078,6.544755,0.36617,0.02244781,-0.9302769,0.0,0.0,0.0,1.381388,-0.3627977,-2.550531,-0.2329096,-0.03797317,1.097277,0.9847546,0.1053338,0.1384311,-0.1497824,0.9181262,0.3668916,-0.08845116,-0.3820328,0.9199062,moving,-5.035451,-27.59688,-11.98382,-1.982028,-5.794090736584503,-21.7470457874888,26.540543979769236,20.711559006847622,26.41832185167851
2970,2970,05/15/2023 13:24:13.214098,3199,True,True,True,True,Eyes,1.491749,0.08242594,-3.537136,-0.08536016,-0.4635903,0.8819284,0.0,0.0,0.0,0.0,0.0,0.0,0.0,-1.158964,1.511554,3.453473,1.707408,0.07747649,-3.554325,0.194306,-0.06284989,0.0663918,0.9766716,22.82338,353.9611,6.557673,0.3682078,0.02236089,-0.9294744,0.0,0.0,0.0,1.381402,-0.3652036,-2.550504,-0.2322199,-0.03622615,1.095917,0.983284,0.1052617,0.148568,-0.1541101,0.9156746,0.3712009,-0.09696674,-0.3878917,0.9165901,moving,-5.528328,-27.7289,-11.96375,-1.893254,-6.2750294535438815,-21.88988141238918,26.625087052541254,20.79006131125126,26.49284759396302
2971,2971,05/15/2023 13:24:13.233953,3200,True,True,True,True,Eyes,1.501137,0.08219202,-3.537511,-0.09283896,-0.4652738,0.8802847,0.0,0.0,0.0,0.0,0.0,0.0,0.0,-1.136742,1.556313,3.44668,1.717822,0.07913293,-3.554817,0.2000494,-0.06658081,0.06801833,0.9751518,23.52907,353.5725,6.64004,0.3702456,0.02227195,-0.9286667,0.0,0.0,0.0,1.381415,-0.3675506,-2.550478,-0.2301976,-0.03494734,1.094686,0.981881,0.1060175,0.1570668,-0.1592953,0.9107075,0.3810995,-0.1026387,-0.3992144,0.9110945,moving,-6.020427,-27.85866,-11.8755,-1.82852,-6.755153069022571,-22.030512062170786,26.680518515481086,20.84078779637616,26.536715988214187
2972,2972,05/15/2023 13:24:13.253954,3201,True,True,True,True,Eyes,1.510591,0.08200152,-3.537865,-0.1004998,-0.4666719,0.878702,0.0,0.0,0.0,0.0,0.0,0.0,0.0,-1.109235,1.559182,3.458968,1.72781,0.08108723,-3.554435,0.199406,-0.07108867,0.07063187,0.9747795,23.50293,353.0841,6.848377,0.3722833,0.02218358,-0.9278538,0.0,0.0,0.0,1.381429,-0.3698921,-2.550452,-0.2266477,-0.03359386,1.094145,0.9799151,0.10935,0.1667604,-0.166052,0.9104968,0.3787115,-0.1104227,-0.398796,0.9103673,moving,-6.52474,-27.97243,-11.70307,-1.758618,-7.246669591524176,-22.156097621316576,26.720386246464404,20.87861775843144,26.56249224736715
2973,2973,05/15/2023 13:24:13.263898,3202,True,True,True,True,Eyes,1.520075,0.08184613,-3.538207,-0.1080947,-0.4681804,0.8769964,0.0,0.0,0.0,0.0,0.0,0.0,0.0,-1.088321,1.55084,3.474392,1.737879,0.08182657,-3.554437,0.1977491,-0.07517884,0.0713028,0.9747612,23.34316,352.5931,6.835253,0.3743223,0.02209687,-0.9270351,0.0,0.0,0.0,1.381442,-0.3721839,-2.550426,-0.2234104,-0.03399763,1.093224,0.9785281,0.1092733,0.1747629,-0.1687395,0.9116224,0.3747953,-0.1183627,-0.3962372,0.9104869,moving,-7.026585,-28.09532,-11.54989,-1.781239,-7.736044615836589,-22.29040529864892,26.700021479346905,20.860760266105864,26.52618264177683
2974,2974,05/15/2023 13:24:13.283887,3203,True,True,True,True,Eyes,1.529565,0.08173066,-3.538518,-0.115796,-0.4695157,0.8752978,0.0,0.0,0.0,0.0,0.0,0.0,0.0,-1.066628,1.569363,3.478446,1.748228,0.08225141,-3.554872,0.1997297,-0.07907479,0.07242067,0.9739664,23.61028,352.1528,6.862407,0.3763626,0.02201254,-0.9262106,0.0,0.0,0.0,1.381455,-0.3744177,-2.550401,-0.2210568,-0.03526533,1.092044,0.9770048,0.1094834,0.1829615,-0.1726578,0.9097266,0.3776067,-0.1251033,-0.4005133,0.9077104,moving,-7.536082,-28.20941,-11.44346,-1.849607,-8.232590434411842,-22.41646216606979,26.647829499486313,20.815984598123432,26.455056448735498
2975,2975,05/15/2023 13:24:13.303925,3204,True,True,True,True,Eyes,1.539042,0.08163843,-3.538847,-0.1233969,-0.4709428,0.8734907,0.0,0.0,0.0,0.0,0.0,0.0,0.0,-1.05084,1.577107,3.484089,1.757663,0.08306478,-3.554452,0.2002601,-0.08214262,0.0735855,0.9735162,23.70339,351.8085,6.923422,0.3784037,0.02193143,-0.9253805,0.0,0.0,0.0,1.381469,-0.3768198,-2.550374,-0.2183858,-0.03853688,1.0907,0.9756756,0.1103735,0.1894068,-0.1761731,0.9089621,0.3778239,-0.1304618,-0.4020019,0.906297,moving,-8.040894,-28.33134,-11.32235,-2.023546,-8.72481274295039,-22.549936615157527,26.511657410021957,20.690092109214685,26.29887578340598
2976,2976,05/15/2023 13:24:13.314412,3205,True,True,True,True,Eyes,1.548454,0.08158471,-3.539145,-0.1310053,-0.4722419,0.8716796,0.0,0.0,0.0,0.0,0.0,0.0,0.0,-1.028757,1.59484,3.487613,1.766796,0.08386202,-3.554813,0.2019277,-0.08575797,0.0754216,0.9727191,23.93962,351.4186,7.044775,0.3804443,0.02185382,-0.9245453,0.0,0.0,0.0,1.381483,-0.379236,-2.550347,-0.2136726,-0.04206914,1.089963,0.9739143,0.1120942,0.1972962,-0.1813619,0.9070736,0.3799017,-0.1363774,-0.4057737,0.9037416,moving,-8.54705,-28.4471,-11.09141,-2.21034,-9.218168429173485,-22.677500032700618,26.359843381689505,20.55270478031663,26.124050940871744
2977,2977,05/15/2023 13:24:13.334133,3206,True,True,True,True,Eyes,1.557854,0.08153959,-3.5394,-0.138648,-0.4733762,0.8698803,0.0,0.0,0.0,0.0,0.0,0.0,0.0,-0.9988534,1.604611,3.495766,1.775912,0.08480912,-3.554126,0.2022343,-0.09032406,0.07800694,0.972038,24.03224,350.9256,7.241056,0.3824826,0.02178037,-0.9237057,0.0,0.0,0.0,1.381496,-0.3815283,-2.550321,-0.2075471,-0.04222152,1.089961,0.9715129,0.1151182,0.2071482,-0.1881846,0.9060324,0.3790669,-0.1440455,-0.4072505,0.9018857,moving,-9.05605,-28.55439,-10.78102,-2.218342,-9.714047484900917,-22.79698028004293,26.39247896199226,20.60628020310374,26.126400609940426
2978,2978,05/15/2023 13:24:13.353919,3207,True,True,True,True,Eyes,1.567241,0.08149315,-3.539612,-0.1463981,-0.4743281,0.86809,0.0,0.0,0.0,0.0,0.0,0.0,0.0,-0.9657547,1.595134,3.51329,1.785103,0.08493988,-3.553382,0.1997952,-0.09552102,0.08030457,0.9718584,23.80886,350.3364,7.405389,0.3845191,0.02171089,-0.9228614,0.0,0.0,0.0,1.38151,-0.3837936,-2.550295,-0.2042868,-0.04429686,1.089369,0.9688538,0.1179201,0.2177547,-0.1942586,0.9072661,0.3730038,-0.1535769,-0.4036868,0.9019153,moving,-9.572511,-28.65238,-10.62118,-2.328527,-10.216898721684633,-22.907721299225766,26.34473274560154,20.583164998543896,26.046170066768532
2979,2979,05/15/2023 13:24:13.363943,3208,True,True,True,True,Eyes,1.576601,0.08144652,-3.539762,-0.1541728,-0.4752891,0.8662165,0.0,0.0,0.0,0.0,0.0,0.0,0.0,-0.9324426,1.597748,3.524856,1.794215,0.08483516,-3.552527,0.1992886,-0.1007201,0.08209008,0.9712881,23.80778,349.7414,7.49384,0.3865526,0.02164501,-0.922013,0.0,0.0,0.0,1.381524,-0.3862478,-2.550268,-0.2050857,-0.04677537,1.088517,0.9662334,0.1193216,0.2283756,-0.199611,0.9070906,0.370597,-0.1629372,-0.4036695,0.900279,moving,-10.09206,-28.75338,-10.66993,-2.460582,-10.722822687164594,-23.02146337138433,26.29914752241418,20.560949404258906,25.965937925620675
2980,2980,05/15/2023 13:24:13.384506,3209,True,True,True,True,Eyes,1.585917,0.08141354,-3.539849,-0.1620818,-0.4761876,0.8642771,0.0,0.0,0.0,0.0,0.0,0.0,0.0,-0.9029528,1.602673,3.533418,1.802988,0.08479504,-3.551193,0.1996123,-0.1055949,0.08269569,0.9706525,23.88942,349.1586,7.439175,0.3885836,0.02158235,-0.9211604,0.0,0.0,0.0,1.381537,-0.3884862,-2.550243,-0.2040161,-0.05136153,1.08842,0.9640223,0.1183814,0.2380061,-0.2026936,0.9066327,0.3700438,-0.1719778,-0.4049728,0.8980093,moving,-10.62157,-28.85329,-10.61647,-2.701731,-11.238363899940282,-23.134466093192245,26.151559497293487,20.442196932114534,25.781152309540662
2981,2981,05/15/2023 13:24:13.403982,3210,True,True,True,True,Eyes,1.595176,0.08139481,-3.53988,-0.1700632,-0.4771141,0.86223,0.0,0.0,0.0,0.0,0.0,0.0,0.0,-0.8760484,1.607455,3.540856,1.811366,0.08509254,-3.549753,0.2004863,-0.1103599,0.08194159,0.970006,24.01852,348.5552,7.214874,0.3906107,0.02152302,-0.9203041,0.0,0.0,0.0,1.38155,-0.3908329,-2.550216,-0.1987789,-0.05581981,1.089016,0.9622126,0.1147164,0.2469558,-0.203219,0.9061816,0.3708597,-0.1812431,-0.407032,0.8952519,moving,-11.1576,-28.9579,-10.34436,-2.934247,-11.76034772974073,-23.252208094868998,26.036356787423408,20.36724243247933,25.622169315405895
2982,2982,05/15/2023 13:24:13.414478,3211,True,True,True,True,Eyes,1.604363,0.08138614,-3.539843,-0.1780134,-0.4781176,0.8600667,0.0,0.0,0.0,0.0,0.0,0.0,0.0,-0.8476656,1.612289,3.548288,1.819316,0.08543567,-3.548401,0.2016304,-0.1153928,0.08050352,0.9693034,24.17099,347.9002,6.895387,0.3926335,0.02146707,-0.9194442,0.0,0.0,0.0,1.381564,-0.3931741,-2.55019,-0.1915793,-0.05646011,1.091056,0.9604074,0.1095312,0.2561652,-0.2025981,0.9057288,0.3723031,-0.1912374,-0.4094612,0.8920593,moving,-11.69375,-29.07001,-9.959083,-2.962307,-12.282652296147626,-23.377190295849537,26.165267541859727,20.546689131272622,25.697950145626393
2983,2983,05/15/2023 13:24:13.439012,3212,True,True,True,True,Eyes,1.613482,0.0813923,-3.539742,-0.1860374,-0.4791704,0.8577796,0.0,0.0,0.0,0.0,0.0,0.0,0.0,-0.8186589,1.614107,3.556546,1.827193,0.0856891,-3.546631,0.2022901,-0.1204861,0.0792215,0.9686516,24.26688,347.2391,6.596732,0.3946507,0.02141447,-0.9185814,0.0,0.0,0.0,1.381577,-0.395498,-2.550164,-0.1861813,-0.05955628,1.092339,0.9584141,0.1047297,0.2654695,-0.2022223,0.9056054,0.372807,-0.2013666,-0.4109873,0.8891236,moving,-12.23693,-29.18848,-9.672705,-3.12078,-12.811938668415795,-23.50852943327626,26.193515097073643,20.628017718117555,25.67105269637429
2984,2984,05/15/2023 13:24:13.454100,3213,True,True,True,True,Eyes,1.622551,0.08141404,-3.539554,-0.1940334,-0.4802461,0.8554032,0.0,0.0,0.0,0.0,0.0,0.0,0.0,-0.7882022,1.621735,3.562168,1.834754,0.08607504,-3.54494,0.2038124,-0.1256826,0.07787728,0.9677808,24.46059,346.5629,6.275913,0.3966612,0.0213653,-0.9177161,0.0,0.0,0.0,1.381591,-0.3978609,-2.550137,-0.1798244,-0.07030416,1.093579,0.9562781,0.0995049,0.2750111,-0.2019676,0.9047912,0.3749159,-0.2115217,-0.4140672,0.8853288,moving,-12.78029,-29.31101,-9.337952,-3.678375,-13.341510079364385,-23.643791539212383,25.862746720900876,20.362866568317422,25.284422438555747
2985,2985,05/15/2023 13:24:13.463965,3214,True,True,True,True,Eyes,1.631543,0.08145934,-3.539284,-0.2019973,-0.4813411,0.8529407,0.0,0.0,0.0,0.0,0.0,0.0,0.0,-0.7620686,1.622905,3.569014,1.842246,0.08643928,-3.542752,0.2044765,-0.1303876,0.07640354,0.9671355,24.54684,345.9414,5.960819,0.3986655,0.02131968,-0.9168482,0.0,0.0,0.0,1.381605,-0.4002794,-2.55011,-0.1737698,-0.0756363,1.09507,0.9543232,0.09446274,0.2834504,-0.2011075,0.9047037,0.3755888,-0.2209595,-0.4154371,0.8823769,moving,-13.32358,-29.43739,-9.016729,-3.951134,-13.871118683908533,-23.782766154236224,25.847595834694896,20.417118628841184,25.204887339516954
2986,2986,05/15/2023 13:24:13.484143,3215,True,True,True,True,Eyes,1.640471,0.08151402,-3.538916,-0.2097735,-0.4823648,0.8504818,0.0,0.0,0.0,0.0,0.0,0.0,0.0,-0.7398469,1.628988,3.572429,1.849439,0.08706936,-3.540511,0.2055886,-0.1343408,0.07572665,0.9664116,24.69027,345.4329,5.756311,0.4006626,0.02127788,-0.9159783,0.0,0.0,0.0,1.381618,-0.4025926,-2.550084,-0.1706023,-0.07332757,1.097273,0.952436,0.09112834,0.290794,-0.2016041,0.9039975,0.3770201,-0.2285199,-0.4177128,0.8793718,moving,-13.85559,-29.56046,-8.837499,-3.823226,-14.389712638880187,-23.918193383918595,26.22186971318096,20.84789654743421,25.511375892861896
2987,2987,05/15/2023 13:24:13.504324,3216,True,True,True,True,Eyes,1.649328,0.08155233,-3.538469,-0.2175034,-0.4833741,0.8479633,0.0,0.0,0.0,0.0,0.0,0.0,0.0,-0.7142686,1.628032,3.579128,1.856486,0.08730996,-3.53789,0.2053684,-0.1385763,0.07590983,0.9658458,24.69243,344.9116,5.666901,0.402652,0.02123985,-0.9151064,0.0,0.0,0.0,1.381631,-0.40485,-2.550059,-0.1711033,-0.07461509,1.098323,0.9500685,0.089716,0.2988657,-0.2035528,0.9041231,0.3756698,-0.2365077,-0.417747,0.8772409,moving,-14.38627,-29.68493,-8.854705,-3.886444,-14.907056700269182,-24.054929710534584,26.384845863514553,21.057036281485313,25.610296561844052
2988,2988,05/15/2023 13:24:13.514334,3217,True,True,True,True,Eyes,1.658151,0.08159132,-3.537907,-0.2249916,-0.4844514,0.8453908,0.0,0.0,0.0,0.0,0.0,0.0,0.0,-0.6897043,1.631669,3.5837,1.863702,0.08696356,-3.535533,0.2055873,-0.1425787,0.07643038,0.9651754,24.74941,344.4274,5.618576,0.4046334,0.02120481,-0.9142329,0.0,0.0,0.0,1.381645,-0.4071679,-2.550033,-0.1755725,-0.07711959,1.099383,0.9476594,0.08891268,0.3066532,-0.2061622,0.9037845,0.375061,-0.2438007,-0.4186504,0.8748102,moving,-14.9032,-29.81488,-9.073573,-4.012616,-15.41123367808096,-24.19652230407658,26.45262517189598,21.15551976582556,25.618728297753723
2989,2989,05/15/2023 13:24:13.534461,3218,True,True,True,True,Eyes,1.666903,0.0816374,-3.537232,-0.2324599,-0.4854662,0.8427841,0.0,0.0,0.0,0.0,0.0,0.0,0.0,-0.6618986,1.644416,3.583811,1.870794,0.08698635,-3.532489,0.2067615,-0.1466817,0.07817317,0.9641697,24.93814,343.9614,5.701816,0.4066075,0.02117254,-0.9133573,0.0,0.0,0.0,1.381659,-0.4095868,-2.550005,-0.1809658,-0.08066803,1.100072,0.9447469,0.09008812,0.3151785,-0.2114007,0.9022772,0.3757733,-0.2505257,-0.4216396,0.8714683,moving,-15.42012,-29.94309,-9.341694,-4.193979,-15.915353522578556,-24.33643573078542,26.45683238650835,21.188005160239854,25.563335776947728
2990,2990,05/15/2023 13:24:13.554184,3219,True,True,True,True,Eyes,1.675622,0.08166981,-3.536433,-0.2397719,-0.4864427,0.8401684,0.0,0.0,0.0,0.0,0.0,0.0,0.0,-0.6344495,1.642031,3.590232,1.877895,0.08719672,-3.529089,0.2060924,-0.1509965,0.07920157,0.9635628,24.90306,343.4515,5.719538,0.4085741,0.02114302,-0.9124799,0.0,0.0,0.0,1.381672,-0.4118832,-2.54998,-0.186979,-0.0875116,1.100167,0.9418544,0.09039292,0.3236348,-0.2148698,0.9025061,0.3732476,-0.2583434,-0.4210843,0.869452,moving,-15.92798,-30.07009,-9.645551,-4.547956,-16.410665995595256,-24.474897586465527,26.283992049420444,21.04399633848184,25.332881933030535
2991,2991,05/15/2023 13:24:13.563796,3220,True,True,True,True,Eyes,1.684272,0.08168939,-3.535529,-0.2471118,-0.487444,0.837457,0.0,0.0,0.0,0.0,0.0,0.0,0.0,-0.6094285,1.644109,3.593881,1.884989,0.08686271,-3.525585,0.2062552,-0.155126,0.07947282,0.9628493,24.95093,342.9433,5.636461,0.4105341,0.02111568,-0.9116004,0.0,0.0,0.0,1.381686,-0.4142509,-2.549953,-0.1933284,-0.08607799,1.101152,0.93924,0.08904964,0.3315092,-0.2170318,0.9022857,0.3725288,-0.2659425,-0.4218419,0.8667894,moving,-16.43996,-30.20165,-9.957885,-4.469769,-16.910092930019104,-24.61788838554653,26.53576824031643,21.313843151258677,25.520467713177645
2992,2992,05/15/2023 13:24:13.584096,3221,True,True,True,True,Eyes,1.69284,0.08168728,-3.534499,-0.2543397,-0.4883982,0.8347327,0.0,0.0,0.0,0.0,0.0,0.0,0.0,-0.5815932,1.650181,3.596083,1.89207,0.08659969,-3.522177,0.2072178,-0.1597201,0.07908086,0.9619234,25.08213,342.3571,5.445229,0.4124874,0.02109002,-0.9107187,0.0,0.0,0.0,1.381699,-0.4165296,-2.549927,-0.1979912,-0.08746275,1.102175,0.9364714,0.08594576,0.3400508,-0.2183332,0.901614,0.3733937,-0.274503,-0.4239169,0.8631005,moving,-16.94577,-30.3317,-10.18382,-4.537181,-17.40350320241458,-24.75922877729151,26.66610541949951,21.4721922925976,25.584409540692228
2993,2993,05/15/2023 13:24:13.603729,3222,True,True,True,True,Eyes,1.701325,0.08166308,-3.533355,-0.2616636,-0.4893251,0.8319213,0.0,0.0,0.0,0.0,0.0,0.0,0.0,-0.5556719,1.649351,3.600111,1.898847,0.08610757,-3.518081,0.207569,-0.1643202,0.07764772,0.9611892,25.12183,341.7426,5.136038,0.4144338,0.0210654,-0.9098353,0.0,0.0,0.0,1.381713,-0.4188831,-2.549901,-0.2017958,-0.08296159,1.104289,0.9339393,0.08105273,0.3481202,-0.2174839,0.9017718,0.3735081,-0.2836511,-0.4245445,0.8598279,moving,-17.45989,-30.46348,-10.35587,-4.296373,-17.905008670725355,-24.90249894872832,27.11428754199249,21.945430533135948,25.957742796715504
2994,2994,05/15/2023 13:24:13.614302,3223,True,True,True,True,Eyes,1.70968,0.08161245,-3.532088,-0.2689015,-0.490206,0.8290898,0.0,0.0,0.0,0.0,0.0,0.0,0.0,-0.5248779,1.649603,3.604262,1.905434,0.08557102,-3.51417,0.2080036,-0.1694598,0.07638316,0.960304,25.17479,341.0639,4.830237,0.4163724,0.02104122,-0.9089503,0.0,0.0,0.0,1.381727,-0.4213351,-2.549874,-0.2036877,-0.08319679,1.106012,0.930898,0.07620558,0.3572418,-0.2171986,0.9018002,0.3736056,-0.2936899,-0.4253812,0.8560357,moving,-17.96961,-30.59404,-10.4349,-4.30182,-18.402219584316548,-25.044454023242768,27.350551864861885,22.220149585023556,26.117684051501193
2995,2995,05/15/2023 13:24:13.634141,3224,True,True,True,True,Eyes,1.717943,0.08152261,-3.530702,-0.2762946,-0.4910342,0.8261639,0.0,0.0,0.0,0.0,0.0,0.0,0.0,-0.491269,1.646543,3.609255,1.911553,0.08493653,-3.509689,0.2080211,-0.1749494,0.07504774,0.9594206,25.17716,340.3399,4.513536,0.4183028,0.02101684,-0.9080641,0.0,0.0,0.0,1.38174,-0.4235868,-2.549848,-0.20386,-0.09380192,1.106178,0.9275211,0.07121836,0.3669231,-0.216791,0.9021901,0.3729003,-0.304477,-0.4254185,0.8522399,moving,-18.49152,-30.72532,-10.44201,-4.846985,-18.911255831466782,-25.187486035052984,27.101343760269987,22.033250039674332,25.791790551403405
2996,2996,05/15/2023 13:24:13.654145,3225,True,True,True,True,Eyes,1.726156,0.08140428,-3.529176,-0.2836541,-0.4918823,0.8231599,0.0,0.0,0.0,0.0,0.0,0.0,0.0,-0.4519401,1.643598,3.614835,1.917714,0.08391052,-3.505428,0.20783,-0.1810411,0.07420284,0.958397,25.16553,339.5535,4.244012,0.4202244,0.02099136,-0.907177,0.0,0.0,0.0,1.381753,-0.4258772,-2.549823,-0.2013441,-0.09778243,1.10778,0.9234361,0.06698002,0.3778616,-0.2174831,0.9026013,0.3714998,-0.3161753,-0.4252349,0.8480616,moving,-19.01353,-30.86058,-10.30132,-5.044359,-19.420497457823306,-25.334361318172725,27.246648781179328,22.245080165706916,25.848992373269937
2997,2997,05/15/2023 13:24:13.663898,3226,True,True,True,True,Eyes,1.734291,0.08125958,-3.527503,-0.2911499,-0.4927248,0.8200329,0.0,0.0,0.0,0.0,0.0,0.0,0.0,-0.4062146,1.648553,3.616836,1.92393,0.08319674,-3.50083,0.2084329,-0.1876644,0.07453153,0.9569656,25.27098,338.7259,4.0849,0.422138,0.02096425,-0.9062888,0.0,0.0,0.0,1.381767,-0.4282882,-2.549795,-0.1986965,-0.097307,1.109466,0.9184542,0.06441735,0.3902464,-0.220879,0.9020016,0.3709523,-0.3281071,-0.4269,0.8426756,moving,-19.54724,-30.99997,-10.15357,-5.012365,-19.941182853709385,-25.48558834021264,27.63325260813365,22.692515050393265,26.140661003087764
2998,2998,05/15/2023 13:24:13.684054,3227,True,True,True,True,Eyes,1.742371,0.08108994,-3.525676,-0.2984575,-0.4935302,0.8169156,0.0,0.0,0.0,0.0,0.0,0.0,0.0,-0.3616887,1.649457,3.619481,1.930334,0.0824286,-3.495595,0.2084329,-0.1941556,0.0750535,0.9556288,25.30983,337.9216,3.96501,0.4240438,0.02093506,-0.9053993,0.0,0.0,0.0,1.381781,-0.4305944,-2.549769,-0.1963395,-0.09366575,1.11219,0.9133412,0.06250976,0.4023686,-0.2243834,0.9018455,0.3692247,-0.3397941,-0.4275129,0.8377187,moving,-20.06961,-31.13779,-10.01151,-4.813941,-20.45084294014792,-25.634944948768236,28.179964545485166,23.29149796964291,26.591224248964753
2999,2999,05/15/2023 13:24:13.703942,3228,True,True,True,True,Eyes,1.750389,0.08090002,-3.523702,-0.3057486,-0.4943458,0.8137199,1.204995,1.381963,-0.5147841,-2.543174,-0.02567655,0.9302347,0.3660656,-0.1499213,-0.06450248,1.238528,1.936889,0.08160079,-3.49026,0.2080009,-0.1996674,0.07534385,0.9545637,25.28922,337.2364,3.854402,0.425943,0.02090346,-0.9045081,0.0,0.0,0.0,1.381794,-0.4328897,-2.549744,-0.1937699,-0.09236816,1.114755,0.9089124,0.060779,0.4125337,-0.226903,0.9021178,0.3670129,-0.3498473,-0.4271877,0.8337371,moving,-20.5933,-31.27925,-9.86079,-4.736685,-20.961880672673352,-25.787855032142005,28.63030785163382,23.79886496968015,26.943955537629446
3000,3000,05/15/2023 13:24:13.714720,3229,True,True,True,True,Eyes,1.758343,0.08068571,-3.521563,-0.3126429,-0.4951211,0.810623,1.200588,1.382988,-0.5137507,-2.548339,0.04259551,0.998854,0.02182593,-0.1488201,-0.06423193,1.232216,1.943498,0.08093654,-3.484718,0.2083341,-0.2041372,0.07611174,0.9534841,25.36359,336.6895,3.812682,0.4278355,0.02086927,-0.9036152,0.0,0.0,0.0,1.381808,-0.4352962,-2.549717,-0.1918224,-0.09990311,1.11596,0.90507,0.06008519,0.4209965,-0.2302002,0.9016078,0.366212,-0.3575698,-0.428361,0.8298498,moving,-21.09074,-31.4162,-9.753263,-5.115603,-21.44737297471932,-25.935590489039104,28.64017785004028,23.8793653002875,26.863157987122776
3001,3001,05/15/2023 13:24:13.733925,3230,True,True,True,True,Eyes,1.766238,0.08043435,-3.519274,-0.3194304,-0.4958273,0.8075392,1.198838,1.383293,-0.5139823,-2.551165,0.06294288,0.984023,-0.1665443,-0.1499065,-0.0661692,1.227796,1.949986,0.08014466,-3.478638,0.2078511,-0.2077717,0.07680137,0.9527489,25.33907,336.2512,3.804822,0.4297228,0.02083219,-0.9027201,0.0,0.0,0.0,1.381821,-0.4376615,-2.54969,-0.1911321,-0.1036471,1.117508,0.9018649,0.05997365,0.4278351,-0.232716,0.9017989,0.3641455,-0.3639821,-0.4279742,0.8272576,moving,-21.58179,-31.54983,-9.705627,-5.298934,-21.926586193004425,-26.07992224676512,28.812372141241426,24.10811722448,26.944756587361866
3002,3002,05/15/2023 13:24:13.754059,3231,True,True,True,True,Eyes,1.774106,0.08014131,-3.516807,-0.3257692,-0.4965529,0.8045555,1.197639,1.383952,-0.5145497,-2.55324,0.1069395,0.9463443,-0.3049534,-0.1525353,-0.06825277,1.22378,1.956499,0.07899725,-3.472728,0.2072454,-0.2104705,0.07727288,0.9522503,25.29166,335.9262,3.800441,0.4316048,0.02079167,-0.9018227,0.0,0.0,0.0,1.381835,-0.4399177,-2.549665,-0.1926967,-0.1027926,1.119145,0.8994622,0.05992813,0.4328701,-0.2344043,0.9021565,0.3621717,-0.3688123,-0.4272263,0.825503,moving,-22.04331,-31.68192,-9.769512,-5.247849,-22.377158375463125,-26.221842156559383,29.14457457191381,24.471639423220672,27.192466511513498
3003,3003,05/15/2023 13:24:13.763806,3232,True,True,True,True,Eyes,1.781914,0.07979895,-3.514179,-0.3319758,-0.4972111,0.8016065,1.196774,1.384614,-0.5152505,-2.554837,0.150928,0.898999,-0.4111221,-0.1562694,-0.06877953,1.219763,1.962942,0.07769313,-3.466389,0.2069849,-0.212839,0.0785264,0.9516777,25.30221,335.6607,3.891387,0.4334834,0.02074707,-0.9009223,0.0,0.0,0.0,1.381848,-0.4423306,-2.549638,-0.1941728,-0.101714,1.121077,0.8970663,0.06135471,0.4376158,-0.2375725,0.9019817,0.3605388,-0.3726007,-0.4273927,0.8237136,moving,-22.49631,-31.81001,-9.826259,-5.184183,-22.81937008113977,-26.35963547362349,29.4866894679028,24.843927286754088,27.450084555416954
3004,3004,05/15/2023 13:24:13.784100,3233,True,True,True,True,Eyes,1.78966,0.07940773,-3.511388,-0.3379008,-0.4978828,0.7987088,1.196062,1.38551,-0.5160912,-2.556082,0.2107337,0.8433399,-0.4943369,-0.1601427,-0.07064033,1.215673,1.969341,0.07615232,-3.4599,0.2060954,-0.2151113,0.07978852,0.9512548,25.24091,335.412,4.002237,0.435359,0.02069763,-0.9000186,0.0,0.0,0.0,1.381861,-0.4445602,-2.549613,-0.196497,-0.1007003,1.123555,0.8947218,0.06313157,0.4421394,-0.2404653,0.902317,0.3577716,-0.3763632,-0.4264252,0.8225037,moving,-22.93122,-31.93775,-9.920055,-5.121535,-23.244052545518716,-26.4965238458048,29.80603632795629,25.18767672397096,27.688005774062667
3005,3005,05/15/2023 13:24:13.803856,3234,True,True,True,True,Eyes,1.797345,0.07897647,-3.508421,-0.3437015,-0.4984953,0.7958465,1.195486,1.386454,-0.5169679,-2.556998,0.273755,0.785145,-0.5555227,-0.1639117,-0.07134095,1.211759,1.975706,0.07459275,-3.453187,0.205662,-0.2173357,0.08107884,0.9507337,25.23312,335.1666,4.106236,0.4372319,0.0206427,-0.8991115,0.0,0.0,0.0,1.381875,-0.4469664,-2.549586,-0.1992321,-0.1027925,1.125441,0.8923829,0.06477343,0.4466063,-0.2435641,0.9022588,0.3558169,-0.379907,-0.4263022,0.8209367,moving,-23.35802,-32.06184,-10.03883,-5.218649,-23.66078115176281,-26.62963618191342,29.96594275704639,25.376917174571716,27.76861823874846
3006,3006,05/15/2023 13:24:13.814316,3235,True,True,True,True,Eyes,1.804967,0.07850473,-3.505272,-0.3493007,-0.4991031,0.7930228,1.194966,1.387565,-0.5179064,-2.557637,0.3476703,0.7222644,-0.5978791,-0.1678142,-0.0732573,1.207617,1.981936,0.07318446,-3.446007,0.2047511,-0.219567,0.08257282,0.950289,25.17636,334.9287,4.247113,0.4391028,0.02058188,-0.8982008,0.0,0.0,0.0,1.381889,-0.4493589,-2.549559,-0.2026453,-0.1041429,1.127415,0.8899441,0.06702291,0.4511179,-0.2468492,0.9025174,0.3528849,-0.3834904,-0.4254059,0.8197347,moving,-23.77193,-32.18499,-10.18973,-5.277617,-24.065000493310748,-26.761437362162585,30.141049726264164,25.574942201620154,27.8664671691802
3007,3007,05/15/2023 13:24:13.834296,3236,True,True,True,True,Eyes,1.812528,0.07799048,-3.501938,-0.3548184,-0.4996578,0.7902189,1.19452,1.388691,-0.5188606,-2.558006,0.4227121,0.658672,-0.6224674,-0.1715482,-0.07557994,1.20341,1.988056,0.07172893,-3.438519,0.2034531,-0.2220234,0.084558,0.9498225,25.08968,334.6773,4.451223,0.4409722,0.02051484,-0.897286,0.0,0.0,0.0,1.381902,-0.4516287,-2.549533,-0.2051257,-0.1028363,1.130112,0.8871111,0.07028746,0.4561727,-0.2509728,0.9029136,0.3489409,-0.3873583,-0.4240363,0.8186249,moving,-24.18069,-32.30529,-10.28771,-5.199399,-24.4641544755898,-26.890327209026,30.458893942234358,25.912698519038894,28.104484237775353
3008,3008,05/15/2023 13:24:13.854110,3237,True,True,True,True,Eyes,1.820017,0.0774367,-3.498423,-0.3602087,-0.5002164,0.7874219,1.194126,1.389882,-0.5198847,-2.558142,0.5022173,0.5905323,-0.6317036,-0.1743631,-0.0774155,1.19934,1.994185,0.07017535,-3.430758,0.2023718,-0.2248161,0.08644322,0.9492267,25.028,334.3788,4.628369,0.4428406,0.02044122,-0.8963671,0.0,0.0,0.0,1.381916,-0.4539254,-2.549507,-0.2069376,-0.1010269,1.133229,0.8839706,0.07311552,0.4617901,-0.2551013,0.9031464,0.3453258,-0.3918154,-0.4230611,0.8170068,moving,-24.58188,-32.4261,-10.34869,-5.094428,-24.85599101603134,-27.019471762593994,30.81564524542175,26.290099405696544,28.380341255926037
3009,3009,05/15/2023 13:24:13.863780,3238,True,True,True,True,Eyes,1.827429,0.07686587,-3.494712,-0.3655323,-0.5007262,0.7846397,1.193781,1.391063,-0.5208917,-2.558024,0.5807925,0.5232431,-0.6236158,-0.1770343,-0.07738245,1.195474,2.00016,0.06868283,-3.42283,0.2020655,-0.2275177,0.08839049,0.9484685,25.05742,334.0878,4.79504,0.4447081,0.02036076,-0.8954439,0.0,0.0,0.0,1.38193,-0.456379,-2.54948,-0.2092723,-0.1015715,1.136087,0.8808457,0.07572427,0.467308,-0.2596181,0.9027134,0.3430846,-0.3958653,-0.4235262,0.8148106,moving,-24.97894,-32.54442,-10.43714,-5.108927,-25.243759857764555,-27.146084315663742,31.0510905346825,26.549431145839257,28.536483773438274
3010,3010,05/15/2023 13:24:13.883792,3239,True,True,True,True,Eyes,1.83477,0.07627639,-3.490795,-0.3709818,-0.5009944,0.781906,1.193429,1.392029,-0.5216252,-2.557645,0.6453844,0.4745111,-0.5985969,-0.1795507,-0.07943681,1.191419,2.005799,0.06768303,-3.414402,0.2009023,-0.2304775,0.09047411,0.9478042,24.99484,333.7729,4.993865,0.4465753,0.02027382,-0.8945161,0.0,0.0,0.0,1.381943,-0.4585737,-2.549455,-0.2128119,-0.1022453,1.138623,0.877389,0.07889654,0.4732481,-0.2641104,0.9029053,0.3391276,-0.4005423,-0.4225366,0.8130367,moving,-25.38239,-32.6491,-10.5866,-5.131247,-25.637345296019664,-27.259736572860184,31.24336146213638,26.7618195334667,28.65009134467791
3011,3011,05/15/2023 13:24:13.903950,3240,True,True,True,True,Eyes,1.842031,0.07565448,-3.486681,-0.3764471,-0.501102,0.7792203,1.193033,1.392918,-0.5221769,-2.557045,0.7045745,0.4377037,-0.5585607,-0.1812811,-0.08496308,1.187061,2.011224,0.06658883,-3.40572,0.1983508,-0.2338061,0.09192958,0.9473863,24.75993,333.404,5.145108,0.448443,0.02018065,-0.8935833,0.0,0.0,0.0,1.381956,-0.4608958,-2.549429,-0.2169991,-0.1017138,1.141331,0.8737673,0.08143435,0.4794781,-0.2669369,0.9044118,0.3328423,-0.4065408,-0.4188171,0.8119832,moving,-25.78553,-32.74431,-10.76506,-5.092666,-26.03037226707261,-27.36424190231005,31.467887360349373,27.000978718994524,28.796022787328834
3012,3012,05/15/2023 13:24:13.923910,3241,True,True,True,True,Eyes,1.849258,0.07500571,-3.482343,-0.3820699,-0.5011321,0.7764594,1.19251,1.393636,-0.5225995,-2.556407,0.7523983,0.4094954,-0.5159557,-0.182633,-0.09071338,1.182543,2.016654,0.06514321,-3.396882,0.195538,-0.2373962,0.09320027,0.9469539,24.49298,332.9985,5.27562,0.4503113,0.02008116,-0.8926455,0.0,0.0,0.0,1.38197,-0.4633527,-2.549402,-0.2194421,-0.10353,1.143994,0.8699136,0.08367278,0.4860548,-0.2693526,0.9061572,0.3260801,-0.413158,-0.4145817,0.8108159,moving,-26.20026,-32.83847,-10.85863,-5.171109,-26.43459522055381,-27.468097555964505,31.636189336916367,27.198646863708383,28.881343572012653
3013,3013,05/15/2023 13:24:13.933964,3242,True,True,True,True,Eyes,1.856393,0.07436977,-3.477799,-0.3876475,-0.5012041,0.7736433,1.191955,1.394335,-0.523043,-2.555651,0.7991815,0.3800257,-0.4657136,-0.1835094,-0.09338897,1.178252,2.021927,0.06376263,-3.387794,0.1939501,-0.241101,0.09486377,0.946179,24.37875,332.5798,5.417423,0.4521814,0.0199754,-0.8917019,0.0,0.0,0.0,1.381983,-0.4656257,-2.549376,-0.2202295,-0.1011994,1.147492,0.8657424,0.08599309,0.493047,-0.2730393,0.9067684,0.3212796,-0.4194517,-0.4127666,0.8085073,moving,-26.61397,-32.93715,-10.86424,-5.039979,-26.837953587632832,-27.576282384739528,32.03601324878208,27.623260054322845,29.1928076183737
3014,3014,05/15/2023 13:24:13.954134,3243,True,True,True,True,Eyes,1.863462,0.07373781,-3.473054,-0.3932607,-0.501308,0.7707375,1.191319,1.394963,-0.5234801,-2.554859,0.8406501,0.3507005,-0.4126945,-0.1844521,-0.09365728,1.174382,2.026938,0.0634257,-3.378338,0.1935748,-0.2448268,0.09726676,0.9450545,24.42517,332.1682,5.613325,0.4540538,0.0198644,-0.8907525,0.0,0.0,0.0,1.381996,-0.4678633,-2.549351,-0.2214387,-0.09575686,1.151497,0.8611981,0.08906019,0.5004061,-0.2786294,0.906136,0.3182504,-0.4250925,-0.4135044,0.8051773,moving,-27.03247,-33.04104,-10.88538,-4.753698,-27.24609301882889,-27.689644323800422,32.571494176550516,28.173224243113022,29.63657192573236
3015,3015,05/15/2023 13:24:13.963819,3244,True,True,True,True,Eyes,1.870439,0.07313465,-3.46813,-0.3987245,-0.5015687,0.7677549,1.190804,1.395637,-0.5241355,-2.553884,0.8858387,0.3071274,-0.3477966,-0.1854032,-0.09514374,1.170675,2.031965,0.06284872,-3.369018,0.1928933,-0.2483632,0.09893269,0.9440977,24.41624,331.7641,5.734895,0.4559284,0.01974889,-0.889797,0.0,0.0,0.0,1.38201,-0.4701969,-2.549325,-0.2248997,-0.09022084,1.155282,0.8570561,0.09098907,0.5071251,-0.2826194,0.906009,0.3150777,-0.4307913,-0.4133627,0.8022158,moving,-27.44458,-33.1563,-11.01604,-4.465405,-27.64835395220398,-27.8137763306243,33.06152420008226,28.666710854184124,30.036584297358218
3016,3016,05/15/2023 13:24:13.983772,3245,True,True,True,True,Eyes,1.877296,0.07261286,-3.463017,-0.404162,-0.5020391,0.7645977,1.190287,1.396228,-0.5249577,-2.552927,0.9250619,0.2522636,-0.2839426,-0.1881003,-0.09176198,1.16757,2.036781,0.06295794,-3.359815,0.1943998,-0.250938,0.1013276,0.942853,24.67274,331.4855,5.906412,0.4578052,0.01963012,-0.8888355,0.0,0.0,0.0,1.382024,-0.4725787,-2.549298,-0.2276185,-0.09034234,1.15883,0.8535257,0.09350942,0.5125914,-0.2886386,0.9038829,0.315727,-0.4337991,-0.4174348,0.7984776,moving,-27.86068,-33.28913,-11.11262,-4.457759,-28.054958218873782,-27.954986009625863,33.34284732147572,28.9683016669014,30.226758276549624
3017,3017,05/15/2023 13:24:14.003776,3246,True,True,True,True,Eyes,1.884039,0.07216534,-3.457721,-0.4096552,-0.5024232,0.7614155,1.189723,1.396663,-0.525579,-2.551847,0.95424,0.2108896,-0.212018,-0.189635,-0.09079245,1.164558,2.041003,0.06438731,-3.350074,0.1945855,-0.2546637,0.1054853,0.9413585,24.83938,331.1119,6.29419,0.4596837,0.01951055,-0.887868,0.0,0.0,0.0,1.382037,-0.4748726,-2.549272,-0.2291024,-0.09171888,1.162591,0.8480386,0.09949121,0.5205114,-0.2977066,0.9020187,0.3126228,-0.4384078,-0.4200759,0.7945658,moving,-28.28105,-33.41899,-11.14798,-4.510825,-28.465616880281026,-28.09346395331459,33.60392970014259,29.258185301205202,30.39455777873988
3018,3018,05/15/2023 13:24:14.014103,3247,True,True,True,True,Eyes,1.890673,0.07176393,-3.452301,-0.4152497,-0.5030356,0.7579728,1.188969,1.396954,-0.5263297,-2.551095,0.973619,0.1608381,-0.1618553,-0.1888378,-0.09701216,1.161236,2.045109,0.06568889,-3.340367,0.1925659,-0.2593437,0.1073439,0.9402853,24.69651,330.5732,6.445255,0.4615629,0.01939226,-0.8868951,0.0,0.0,0.0,1.382051,-0.477354,-2.549244,-0.2289979,-0.08481666,1.16801,0.8424362,0.1019864,0.5290557,-0.3017494,0.9027913,0.3064558,-0.4463727,-0.4178117,0.7913184,moving,-28.7158,-33.57061,-11.09261,-4.153323,-28.890795579557533,-28.25338812218498,34.29217986970891,29.95978218909354,30.97675333077808
3019,3019,05/15/2023 13:24:14.034072,3248,True,True,True,True,Eyes,1.89722,0.07142745,-3.446764,-0.4208245,-0.5039622,0.7542737,1.188233,1.397182,-0.527397,-2.550511,0.9883658,0.08965611,-0.1228616,-0.185582,-0.09470376,1.159854,2.049689,0.0664646,-3.331686,0.1945842,-0.2641465,0.1082572,0.9384264,24.98603,329.9687,6.358572,0.4634417,0.01927635,-0.8859174,0.0,0.0,0.0,1.382064,-0.479617,-2.549219,-0.230965,-0.07214034,1.173717,0.837014,0.1003853,0.5378944,-0.3059803,0.9008347,0.3080144,-0.4536338,-0.4223974,0.7847272,moving,-29.15803,-33.74856,-11.13247,-3.517153,-29.32393646587081,-28.43895155628303,35.19742579384533,30.85491039460094,31.768695084336873
3020,3020,05/15/2023 13:24:14.054130,3249,True,True,True,True,Eyes,1.903639,0.0711624,-3.44113,-0.4265291,-0.5049821,0.7503772,1.187205,1.397262,-0.528355,-2.550278,0.9938825,0.02582426,-0.1073806,-0.1816815,-0.08722249,1.159259,2.05422,0.067766,-3.323287,0.1985869,-0.2692291,0.1103601,0.9358951,25.53976,329.3404,6.340143,0.46532,0.01916426,-0.8849347,0.0,0.0,0.0,1.382078,-0.4819911,-2.549192,-0.2327256,-0.0745748,1.17787,0.8306727,0.09964011,0.5477726,-0.3135016,0.8967677,0.3122887,-0.4601083,-0.4311373,0.7761578,moving,-29.61475,-33.93941,-11.17664,-3.622748,-29.77146231625637,-28.637416021173188,35.48329036595034,31.168911324950866,31.94545114317658
3021,3021,05/15/2023 13:24:14.063880,3250,True,True,True,True,Eyes,1.909978,0.07096419,-3.435397,-0.4323379,-0.5060363,0.7463318,1.185928,1.397257,-0.5291582,-2.550302,0.9936573,-0.02771062,-0.1089832,-0.1771268,-0.08694005,1.157975,2.058543,0.06930457,-3.314749,0.2004288,-0.2745295,0.1102555,0.9339731,25.78065,328.6404,6.113887,0.4671962,0.0190575,-0.8839479,0.0,0.0,0.0,1.382091,-0.4842966,-2.549166,-0.2343263,-0.07928416,1.181718,0.8249546,0.09590419,0.5570031,-0.3159986,0.8953441,0.3138533,-0.4686095,-0.434927,0.7689238,moving,-30.08302,-34.1385,-11.21586,-3.838354,-30.230398741853133,-28.84419308865881,35.694097188287536,31.414083976670888,32.044180225676236
3022,3022,05/15/2023 13:24:14.083808,3251,True,True,True,True,Eyes,1.916233,0.07082049,-3.429562,-0.4383262,-0.50702,0.7421596,1.184157,1.397186,-0.5295708,-2.550729,0.9889725,-0.05520203,-0.137427,-0.1727321,-0.08822766,1.156505,2.063037,0.07075782,-3.306621,0.2020636,-0.2794931,0.1085518,0.9323468,25.94229,327.9415,5.709811,0.4690699,0.01895725,-0.8829572,0.0,0.0,0.0,1.382105,-0.4866036,-2.54914,-0.2359744,-0.07451737,1.186551,0.8202003,0.08946503,0.5650378,-0.3153666,0.8947736,0.3161077,-0.4773003,-0.4374656,0.7621078,moving,-30.56648,-34.33965,-11.2479,-3.593552,-30.704102464259343,-29.05343407382623,36.3115694433882,32.042930726501744,32.53806292748243
3023,3023,05/15/2023 13:24:14.103987,3252,True,True,True,True,Eyes,1.922393,0.07073005,-3.423628,-0.4443544,-0.5078161,0.738019,1.182117,1.397114,-0.5295681,-2.551203,0.9840737,-0.05501371,-0.1690334,-0.1712212,-0.090938,1.153941,2.067426,0.0719205,-3.298238,0.2026869,-0.2834787,0.107079,0.9311779,25.98808,327.382,5.394348,0.4709408,0.01886432,-0.8819627,0.0,0.0,0.0,1.382118,-0.488965,-2.549114,-0.2391293,-0.07395172,1.190086,0.8163479,0.0845043,0.5713452,-0.3143339,0.8949043,0.3167659,-0.4845311,-0.4381843,0.7571157,moving,-31.05175,-34.53108,-11.36141,-3.555777,-31.17929406729916,-29.25335339311364,36.70393555543341,32.45171738729433,32.809976454606236
3024,3024,05/15/2023 13:24:14.114401,3253,True,True,True,True,Eyes,1.928455,0.0706755,-3.41761,-0.4504462,-0.508416,0.7339014,1.179811,1.397014,-0.5291592,-2.551745,0.9782911,-0.02779372,-0.2053634,-0.1712239,-0.0983479,1.150384,2.071378,0.07308206,-3.289926,0.2005413,-0.2874352,0.1065888,0.9304854,25.75198,326.8778,5.292126,0.4728086,0.01877937,-0.8809646,0.0,0.0,0.0,1.382132,-0.4913321,-2.549087,-0.2406798,-0.06990281,1.194775,0.8120397,0.08307341,0.5776594,-0.3136439,0.896844,0.3119268,-0.4921575,-0.4344763,0.7543283,moving,-31.54033,-34.71259,-11.38944,-3.348392,-31.65742080831136,-29.443805110081463,37.279636317637326,33.04181640636436,33.26028352849798
3025,3025,05/15/2023 13:24:14.134077,3254,True,True,True,True,Eyes,1.934443,0.07064752,-3.411518,-0.4565353,-0.5089222,0.7297765,1.177418,1.39691,-0.5285668,-2.552266,0.9707232,0.01171365,-0.2399153,-0.1712617,-0.1064937,1.146605,2.07543,0.07383506,-3.281715,0.1978172,-0.2914597,0.1059386,0.9298907,25.44538,326.3674,5.191742,0.4746725,0.01870255,-0.8799634,0.0,0.0,0.0,1.382146,-0.4936885,-2.549061,-0.2409467,-0.06904987,1.198768,0.8076565,0.08171119,0.5839642,-0.3123342,0.8992907,0.306143,-0.5001384,-0.4296504,0.7518392,moving,-32.02937,-34.89066,-11.36475,-3.296634,-32.13589924105025,-29.63095213897492,37.7519403293801,33.54007979475788,33.60817541405032
3026,3026,05/15/2023 13:24:14.154320,3255,True,True,True,True,Eyes,1.94035,0.07065555,-3.405352,-0.4625164,-0.5094373,0.7256392,1.175174,1.396813,-0.5280221,-2.5526,0.9638508,0.04801222,-0.2620812,-0.171365,-0.110166,1.143684,2.079733,0.07443859,-3.273832,0.1969055,-0.2951324,0.1054892,0.9289765,25.34753,325.8897,5.063802,0.4765321,0.01863378,-0.8789591,0.0,0.0,0.0,1.38216,-0.4960851,-2.549034,-0.2402065,-0.07424307,1.202273,0.8035378,0.07976755,0.5898848,-0.3122203,0.9002005,0.3035746,-0.5067992,-0.4281077,0.7482502,moving,-32.5131,-35.07089,-11.29857,-3.533658,-32.60929397782586,-29.820016756968457,38.00859488777142,33.83961603149679,33.74491089700879
3027,3027,05/15/2023 13:24:14.163776,3256,True,True,True,True,Eyes,1.946188,0.07067496,-3.399122,-0.4684244,-0.5098785,0.7215279,1.173014,1.39672,-0.5274194,-2.55276,0.9580012,0.08820099,-0.2728632,-0.1726415,-0.1119979,1.140843,2.08398,0.07529959,-3.265695,0.1965328,-0.2984253,0.1058738,0.9279591,25.33686,325.4757,5.026746,0.4783872,0.01857322,-0.8779523,0.0,0.0,0.0,1.382174,-0.4984946,-2.549006,-0.2385525,-0.07498288,1.206058,0.7994661,0.07919229,0.5954682,-0.3137937,0.9003313,0.3015579,-0.5122375,-0.4279396,0.7446344,moving,-32.99211,-35.24751,-11.18841,-3.557606,-33.07801907454525,-30.005450232769512,38.46623648369068,34.33137704778609,34.079120763048415
3028,3028,05/15/2023 13:24:14.183868,3257,True,True,True,True,Eyes,1.951934,0.07072416,-3.39286,-0.4739762,-0.5106008,0.7173796,1.171309,1.396761,-0.5273474,-2.552587,0.9607649,0.09300507,-0.2613058,-0.1745768,-0.1148059,1.138194,2.088224,0.07558869,-3.257916,0.1959768,-0.3010519,0.1054713,0.9272738,25.27435,325.131,4.923074,0.4802374,0.01852037,-0.8769427,0.0,0.0,0.0,1.382187,-0.5007855,-2.548981,-0.2364506,-0.07475036,1.209509,0.7964871,0.07760312,0.599655,-0.3136,0.9009377,0.2999437,-0.5169753,-0.426953,0.7419216,moving,-33.45293,-35.44167,-11.06142,-3.53651,-33.52960593023688,-30.20723694117659,38.978442179052,34.87330002403698,34.46777237576672
3029,3029,05/15/2023 13:24:14.204440,3258,True,True,True,True,Eyes,1.957595,0.07080961,-3.38654,-0.4794632,-0.5112928,0.7132283,1.169597,1.396816,-0.527197,-2.55235,0.9639351,0.1029716,-0.2454098,-0.177286,-0.1107957,1.136562,2.092543,0.07642423,-3.250264,0.1984536,-0.3029211,0.1057814,0.9261023,25.57317,324.868,4.813821,0.4820822,0.01847523,-0.8759309,0.0,0.0,0.0,1.3822,-0.5030416,-2.548955,-0.2332647,-0.07458618,1.213139,0.7940983,0.07569716,0.6030571,-0.3161602,0.8988529,0.3034898,-0.5190862,-0.4316634,0.7377101,moving,-33.91072,-35.63565,-10.8841,-3.51823,-33.978253400836046,-30.408754964003727,39.51903207418926,35.446300993771615,34.88437220837921
3030,3030,05/15/2023 13:24:14.214447,3259,True,True,True,True,Eyes,1.963144,0.07090937,-3.380213,-0.484816,-0.5120468,0.7090569,1.167997,1.396881,-0.5271595,-2.552037,0.9687014,0.1055263,-0.224681,-0.178299,-0.112713,1.134404,2.096235,0.07739067,-3.242535,0.1988968,-0.3054417,0.1049574,0.9252728,25.60626,324.5146,4.62572,0.4839211,0.01843801,-0.8749171,0.0,0.0,0.0,1.382214,-0.5055158,-2.548928,-0.2284933,-0.07457849,1.217152,0.7913787,0.07272575,0.606985,-0.3157312,0.898848,0.3039508,-0.5234823,-0.4321843,0.7342909,moving,-34.36228,-35.835,-10.63227,-3.506299,-34.42101371370683,-30.615258922491638,40.103095677858846,36.0666055452365,35.344099393690044
3031,3031,05/15/2023 13:24:14.234326,3260,True,True,True,True,Eyes,1.968621,0.07102941,-3.373851,-0.4901025,-0.5128474,0.7048312,1.166421,1.396955,-0.5271666,-2.551721,0.9734139,0.105027,-0.2035553,-0.1798671,-0.1142852,1.132406,2.100109,0.07788044,-3.235277,0.1992743,-0.3076345,0.1040386,0.9245685,25.62613,324.2019,4.438354,0.4857522,0.0184083,-0.8739024,0.0,0.0,0.0,1.382227,-0.5078025,-2.548902,-0.2237504,-0.07552701,1.220623,0.7890739,0.06977434,0.6103228,-0.3149889,0.8989315,0.3044737,-0.5273939,-0.4324971,0.7313015,moving,-34.81272,-36.04029,-10.38748,-3.540708,-34.86285131516079,-30.827459019061777,40.65482971594302,36.65529405408262,35.77111293525583
3032,3032,05/15/2023 13:24:14.253916,3261,True,True,True,True,Eyes,1.973965,0.07117092,-3.367482,-0.4953764,-0.5136161,0.7005717,1.164716,1.396992,-0.5270463,-2.551514,0.9753248,0.1129809,-0.1896752,-0.1798968,-0.1130919,1.130903,2.103903,0.07850547,-3.228032,0.1999533,-0.3109834,0.1051276,0.9231772,25.75797,323.7825,4.440995,0.4875754,0.01838591,-0.8728869,0.0,0.0,0.0,1.382241,-0.510067,-2.548877,-0.2181196,-0.07455114,1.224403,0.7844751,0.06973853,0.6162267,-0.3184671,0.8979337,0.3037988,-0.5321442,-0.4345706,0.726616,moving,-35.26425,-36.24658,-10.10092,-3.48431,-35.30577182271318,-31.040658152742388,41.31052544136663,37.34483737975139,36.299352063424166
3033,3033,05/15/2023 13:24:14.264386,3262,True,True,True,True,Eyes,1.97925,0.07132594,-3.361066,-0.5006677,-0.5142778,0.6963119,1.162964,1.396992,-0.5267603,-2.551281,0.975811,0.1320902,-0.1741978,-0.1801091,-0.1175125,1.128497,2.10756,0.07919049,-3.220362,0.1984181,-0.3145481,0.105318,0.9222787,25.61035,323.3398,4.416525,0.4893896,0.01837068,-0.8718714,0.0,0.0,0.0,1.382254,-0.5124729,-2.54885,-0.2138332,-0.07603186,1.227446,0.7799352,0.06944104,0.621996,-0.3190891,0.8990768,0.2997383,-0.538408,-0.4322486,0.7233795,moving,-35.71719,-36.4486,-9.882312,-3.544552,-35.74994143890286,-31.249781555004056,41.834403259293516,37.90401030872412,36.69774976746607
3034,3034,05/15/2023 13:24:14.283761,3263,True,True,True,True,Eyes,1.984464,0.07148286,-3.354614,-0.5059444,-0.5150294,0.6919285,1.161172,1.396976,-0.5265549,-2.551166,0.9751719,0.1458557,-0.166631,-0.1799987,-0.1212673,1.126358,2.111495,0.07965162,-3.212803,0.196699,-0.3185929,0.1062106,0.9211556,25.47115,322.8533,4.468565,0.4911946,0.01836228,-0.8708559,0.0,0.0,0.0,1.382268,-0.5147304,-2.548824,-0.2114147,-0.07595602,1.230199,0.7744358,0.07033923,0.6287302,-0.3210069,0.9000576,0.2947049,-0.545164,-0.4300567,0.7196161,moving,-36.17461,-36.66175,-9.751263,-3.533121,-36.198753326453634,-31.46978430747793,42.37569263271162,38.469818056799305,37.10901865404223
3035,3035,05/15/2023 13:24:14.304068,3264,True,True,True,True,Eyes,1.989627,0.07165331,-3.34811,-0.5112526,-0.5157471,0.6874778,1.159288,1.396937,-0.5262463,-2.551126,0.9723486,0.1663764,-0.1638816,-0.1796305,-0.1229739,1.12423,2.11545,0.07985671,-3.205084,0.1958486,-0.3226444,0.1070438,0.9198292,25.4275,322.353,4.48004,0.4929907,0.0183601,-0.8698404,0.0,0.0,0.0,1.382281,-0.5171116,-2.548797,-0.2091478,-0.07837364,1.232321,0.7688845,0.07054505,0.6354842,-0.3233029,0.9003699,0.2912203,-0.5516267,-0.4293686,0.7150879,moving,-36.63686,-36.8773,-9.632377,-3.63902,-36.65230839036847,-31.69225417297227,42.82552229051841,38.949462639474746,37.42872421583569
3036,3036,05/15/2023 13:24:14.319307,3265,True,True,True,True,Eyes,1.994761,0.07182874,-3.341545,-0.5166373,-0.5165443,0.6828381,1.157304,1.396855,-0.5259701,-2.551293,0.9670449,0.1848276,-0.1751082,-0.1782589,-0.1245064,1.122402,2.119443,0.08035,-3.197286,0.1953296,-0.3271582,0.1076925,0.9182681,25.41647,321.7828,4.443279,0.4947783,0.01836391,-0.8688248,0.0,0.0,0.0,1.382295,-0.5195226,-2.54877,-0.2075399,-0.07878855,1.234504,0.7627398,0.06997376,0.6429088,-0.3255884,0.9004974,0.2882649,-0.5587668,-0.4291947,0.7096278,moving,-37.11126,-37.1063,-9.543102,-3.651782,-37.11799718699926,-31.928082366355625,43.3498340265022,39.495873290539585,37.815516749407344
3037,3037,05/15/2023 13:24:14.334733,3266,True,True,True,True,Eyes,1.999857,0.07201154,-3.334918,-0.5220472,-0.5172669,0.6781605,1.155282,1.396745,-0.5255777,-2.551451,0.9597127,0.2109703,-0.1855883,-0.1770301,-0.1266609,1.120488,2.123733,0.08062945,-3.189322,0.1946484,-0.3316437,0.1077254,0.9167987,25.3635,321.2033,4.342334,0.4965585,0.01837326,-0.8678084,0.0,0.0,0.0,1.382308,-0.521749,-2.548745,-0.2062806,-0.07631707,1.236347,0.7568155,0.06841714,0.650038,-0.3266327,0.9010145,0.2854538,-0.5661638,-0.4283596,0.704249,moving,-37.58903,-37.33457,-9.472365,-3.532265,-37.58692983486909,-32.16331188567044,43.96751839750852,40.12686882406247,38.29142551862696
3038,3038,05/15/2023 13:24:14.354118,3267,True,True,True,True,Eyes,2.00492,0.07218773,-3.328231,-0.5274179,-0.5180204,0.6734132,1.153305,1.396646,-0.5252476,-2.551581,0.9528993,0.2329354,-0.1942267,-0.1765966,-0.1291653,1.118421,2.127974,0.08097893,-3.181172,0.1940528,-0.3357188,0.1074224,0.9154763,25.30451,320.6683,4.211435,0.4983318,0.01838783,-0.8667911,0.0,0.0,0.0,1.382322,-0.5240918,-2.548719,-0.204732,-0.07928711,1.237817,0.7515067,0.06639088,0.6563764,-0.3269796,0.9016079,0.2831741,-0.5729939,-0.4274289,0.6992728,moving,-38.06808,-37.56914,-9.391567,-3.665017,-38.057273926184585,-32.40466014833908,44.405314481920946,40.59174598205626,38.59007227992961
3039,3039,05/15/2023 13:24:14.363969,3268,True,True,True,True,Eyes,2.009949,0.0723566,-3.321496,-0.5328158,-0.5187039,0.6686206,1.151314,1.396511,-0.5248346,-2.551704,0.9440153,0.2604898,-0.2024354,-0.1768976,-0.1313497,1.116152,2.132181,0.08099039,-3.173078,0.1933272,-0.3395184,0.1072544,0.9142476,25.23471,320.1741,4.110385,0.5000996,0.01840697,-0.865772,0.0,0.0,0.0,1.382335,-0.5264654,-2.548692,-0.2028803,-0.08038467,1.239165,0.7464476,0.06483793,0.662278,-0.3273904,0.9022422,0.2806681,-0.5793372,-0.4263274,0.6947039,moving,-38.55093,-37.80367,-9.298165,-3.711579,-38.53129712842917,-32.64608897252008,44.922098447173035,41.13127619449781,38.96426076018616
3040,3040,05/15/2023 13:24:14.384184,3269,True,True,True,True,Eyes,2.014973,0.07252403,-3.314692,-0.5381461,-0.51947,0.6637391,1.14942,1.396417,-0.524565,-2.551777,0.9377936,0.2784647,-0.2073656,-0.1761656,-0.1333255,1.114334,2.136484,0.08097382,-3.165108,0.1925424,-0.3438469,0.1073727,0.9127803,25.17202,319.6171,4.030027,0.5018622,0.01843005,-0.864751,0.0,0.0,0.0,1.382349,-0.5287426,-2.548667,-0.1991826,-0.0800094,1.241011,0.7404809,0.06360523,0.6690609,-0.3284256,0.9027971,0.2776583,-0.5863657,-0.4253373,0.6893935,moving,-39.03444,-38.04823,-9.118219,-3.688819,-39.00623303462711,-32.89721601991879,45.558197980031665,41.79023617314537,39.45375701639184
3041,3041,05/15/2023 13:24:14.403772,3270,True,True,True,True,Eyes,2.019982,0.07269044,-3.307813,-0.5434907,-0.5201699,0.6588179,1.147536,1.396307,-0.5242233,-2.551795,0.93046,0.3012521,-0.2085454,-0.1755573,-0.1333569,1.112968,2.141179,0.08112553,-3.156792,0.1924973,-0.3482979,0.1078845,0.9110404,25.20748,319.0413,3.959863,0.5036205,0.01845667,-0.8637275,0.0,0.0,0.0,1.382349,-0.5287426,-2.548667,-0.1947403,-0.08004031,1.241066,0.7340991,0.06248141,0.6761617,-0.330667,0.9026115,0.2755938,-0.5930919,-0.4258975,0.6832668,static,-39.52087,-38.29287,-8.917778,-3.690077,-39.48399906683353,-33.14851181782959,46.19418278702756,42.451068917317656,39.9422807016634
3042,3042,05/15/2023 13:24:14.424430,3271,True,True,True,True,Eyes,2.024966,0.07284255,-3.300879,-0.5487345,-0.5208639,0.6539046,1.145771,1.396242,-0.5239482,-2.551654,0.9263499,0.3196755,-0.199207,-0.1758768,-0.1352412,1.111172,2.145891,0.08125821,-3.14804,0.1915746,-0.3526141,0.1083871,0.9095135,25.14541,318.4948,3.930806,0.5053762,0.01848651,-0.8627006,0.0,0.0,0.0,1.382349,-0.5287426,-2.548667,-0.1888356,-0.07965717,1.241447,0.7278311,0.06205523,0.682943,-0.3322628,0.9031028,0.2720417,-0.5998862,-0.424917,0.6779249,static,-40.00223,-38.53887,-8.648918,-3.671336,-39.95689202143252,-33.40096084391379,46.89109830885282,43.174527567612714,40.49174434789669
3043,3043,05/15/2023 13:24:14.434056,3272,True,True,True,True,Eyes,2.029954,0.07297478,-3.293873,-0.5539852,-0.5214456,0.6489953,1.144051,1.396167,-0.5235855,-2.551389,0.9213177,0.343831,-0.1815326,-0.1774845,-0.1380215,1.109188,2.150929,0.08110011,-3.139214,0.1901157,-0.3564976,0.1085904,0.9082806,25.01031,318.0066,3.904558,0.5071295,0.01851888,-0.8616704,0.0,0.0,0.0,1.382349,-0.5287426,-2.548667,-0.1819324,-0.0805628,1.241223,0.7222353,0.06170955,0.6888891,-0.3328128,0.9041283,0.2679324,-0.6063101,-0.4227813,0.673531,static,-40.48422,-38.78069,-8.338757,-3.713631,-40.43028112908249,-33.64939651751285,47.57130877318649,43.886398554073615,41.02623367070334
3044,3044,05/15/2023 13:24:14.455536,3273,True,True,True,True,Eyes,2.034944,0.07307718,-3.2868,-0.5591857,-0.5220258,0.6440501,1.142416,1.396122,-0.5232934,-2.551027,0.9182866,0.3633088,-0.1573411,-0.1791651,-0.1406638,1.107345,2.156092,0.08073577,-3.130418,0.1887338,-0.3602756,0.1085733,0.9070794,24.8741,317.5261,3.853854,0.5088818,0.01855307,-0.8606359,0.0,0.0,0.0,1.382349,-0.5287426,-2.548667,-0.1738881,-0.08111191,1.241183,0.7168268,0.06097678,0.69458,-0.3329615,0.9051828,0.2641605,-0.6126142,-0.4206257,0.6691622,static,-40.9656,-39.02601,-7.975153,-3.73899,-40.90317491004368,-33.901190067158154,48.306763229802606,44.65437201215119,41.614924453565315
3045,3045,05/15/2023 13:24:14.464010,3274,True,True,True,True,Eyes,2.039943,0.07315408,-3.279645,-0.5644098,-0.5224776,0.6391078,1.140834,1.396045,-0.5229062,-2.550529,0.9128391,0.3889921,-0.1241368,-0.1811721,-0.1443978,1.105308,2.161406,0.08013423,-3.121444,0.1870102,-0.3638802,0.1078639,0.9060816,24.67004,317.0589,3.745877,0.5106337,0.01858814,-0.8595969,0.0,0.0,0.0,1.382349,-0.5287426,-2.548667,-0.1652586,-0.07913923,1.241298,0.7119131,0.05936831,0.6997536,-0.3315655,0.9067851,0.2603939,-0.6190671,-0.417392,0.6652368,static,-41.44841,-39.26637,-7.583403,-3.647967,-41.3773183533114,-34.14824276036366,49.14783140058631,45.52247287181358,42.30718120496321
3046,3046,05/15/2023 13:24:14.484214,3275,True,True,True,True,Eyes,2.044953,0.07320287,-3.272419,-0.5696611,-0.5229371,0.6340528,1.139275,1.395952,-0.5225664,-2.550059,0.9066207,0.4116193,-0.09278099,-0.1828458,-0.1474648,1.1034,2.166657,0.07957326,-3.112297,0.1855927,-0.367661,0.1072949,0.9049135,24.5059,316.5668,3.636635,0.5123873,0.01862339,-0.8585522,0.0,0.0,0.0,1.382349,-0.5287426,-2.548667,-0.1576878,-0.07859379,1.240745,0.7066264,0.05771488,0.7052292,-0.3306557,0.9080863,0.2569944,-0.6255765,-0.414787,0.6607615,static,-41.93793,-39.51422,-7.24296,-3.624502,-41.85816450502128,-34.402732645603464,49.918060874000545,46.3196703852522,42.926249817383756
3047,3047,05/15/2023 13:24:14.503966,3276,True,True,True,True,Eyes,2.049986,0.07326571,-3.265101,-0.5750268,-0.5231044,0.6290517,1.13783,1.395704,-0.5219381,-2.549347,0.8900989,0.453507,-0.04533441,-0.1838872,-0.1516098,1.101783,2.172318,0.07894811,-3.103001,0.1837426,-0.3717912,0.106048,0.9037499,24.26579,316.0212,3.462162,0.5141432,0.01865809,-0.8575011,0.0,0.0,0.0,1.382349,-0.5287426,-2.548667,-0.1526856,-0.07919806,1.239776,0.7010502,0.0550539,0.7109836,-0.3283094,0.909985,0.2532593,-0.6330415,-0.4109701,0.6560199,static,-42.43096,-39.74611,-7.02095,-3.655141,-42.3419747829896,-34.64193345636555,50.561119959501106,46.98676514141444,43.420479197424754
3048,3048,05/15/2023 13:24:14.514545,3277,True,True,True,True,Eyes,2.055039,0.07336871,-3.257694,-0.5805847,-0.5229536,0.6240519,1.136529,1.395188,-0.520983,-2.548441,0.8557405,0.5171867,0.01503307,-0.1855249,-0.1601816,1.099996,2.177975,0.07927793,-3.093416,0.1810633,-0.3754691,0.1028679,0.9031376,23.84711,315.5107,3.123744,0.5159025,0.01869269,-0.8564431,0.0,0.0,0.0,1.382349,-0.5287426,-2.548667,-0.1504375,-0.07772151,1.238595,0.6968824,0.04984046,0.7154516,-0.3217751,0.9132685,0.2498026,-0.6409491,-0.4042975,0.6524781,static,-42.93348,-39.96291,-6.92512,-3.590587,-42.834564386811046,-34.866872132946945,51.181518835473504,47.62031297552414,43.88930941524448
3049,3049,05/15/2023 13:24:14.534393,3278,True,True,True,True,Eyes,2.060099,0.07345226,-3.250229,-0.5865986,-0.5220435,0.6191709,1.135589,1.393964,-0.5193745,-2.547106,0.7741615,0.6243775,0.104051,-0.1861683,-0.177012,1.097784,2.183559,0.08023065,-3.083887,0.1754116,-0.3796316,0.09729329,0.9031305,22.9987,314.9402,2.649615,0.5176662,0.01872826,-0.8553774,0.0,0.0,0.0,1.382349,-0.5287426,-2.548667,-0.1505745,-0.07835045,1.236524,0.6928278,0.04255352,0.7198464,-0.3089206,0.9195296,0.2429678,-0.651581,-0.3907103,0.6502213,static,-43.45261,-40.13535,-6.942863,-3.625613,-43.34203068004678,-35.04953053629789,51.63257229514309,48.08702528882621,44.19614757489894
3050,3050,05/15/2023 13:24:14.554291,3279,True,True,True,True,Eyes,2.065212,0.07345392,-3.242719,-0.5928876,-0.5212009,0.6138681,1.134686,1.392471,-0.5179453,-2.546172,0.6744283,0.7193867,0.1662204,-0.1826161,-0.2002192,1.094396,2.188941,0.07965297,-3.074993,0.1666638,-0.3857726,0.09015755,0.9029254,21.74835,314.1367,2.11154,0.519435,0.01876423,-0.8543036,0.0,0.0,0.0,1.382349,-0.5287426,-2.548667,-0.1528485,-0.07902452,1.234211,0.6861022,0.03422236,0.7266998,-0.2913997,0.9281895,0.2314094,-0.6665958,-0.3705306,0.6468052,static,-44.00397,-40.33272,-7.059741,-3.663555,-43.88139071806905,-35.257253484200696,52.05289346618174,48.51799327951188,44.45820768208822
3051,3051,05/15/2023 13:24:14.564546,3280,True,True,True,True,Eyes,2.070367,0.07341293,-3.235139,-0.5994192,-0.5204224,0.6081589,1.133866,1.390706,-0.5166764,-2.545568,0.5571094,0.8043388,0.2065628,-0.1721414,-0.2078032,1.094975,2.195214,0.07762064,-3.066493,0.163726,-0.3945999,0.08531616,0.9001145,21.22772,312.9366,1.498482,0.5212101,0.01879844,-0.8532211,0.0,0.0,0.0,1.382349,-0.5287426,-2.548667,-0.156429,-0.07818645,1.231456,0.6740242,0.02437613,0.7383071,-0.2828011,0.9318299,0.2274127,-0.6824331,-0.3620757,0.6349695,static,-44.58534,-40.55474,-7.239377,-3.632894,-44.45048685290268,-35.489701204263646,52.51612766041576,48.98492484157156,44.74733849633407
3052,3052,05/15/2023 13:24:14.584089,3281,True,True,True,True,Eyes,2.075581,0.07333986,-3.22745,-0.6058398,-0.5201696,0.6019815,1.132668,1.389365,-0.5158399,-2.545605,0.4676931,0.860009,0.2040779,-0.1618609,-0.2055611,1.09706,2.201456,0.07654434,-3.057058,0.1663543,-0.4026934,0.08128754,0.8964133,21.32836,311.7543,0.7230415,0.5229927,0.01882996,-0.8521289,0.0,0.0,0.0,1.382349,-0.5287426,-2.548667,-0.1604912,-0.07864234,1.228357,0.6624607,0.01175488,0.7490044,-0.279714,0.9314371,0.2327765,-0.6949142,-0.3637124,0.6203286,static,-45.18303,-40.83016,-7.44382,-3.663212,-45.03684466590722,-35.77418409509684,52.96819795933031,49.44036844951296,45.00898636440828
3053,3053,05/15/2023 13:24:14.604597,3282,True,True,True,True,Eyes,2.080824,0.07325064,-3.219697,-0.6122127,-0.5198362,0.5957903,1.131981,1.38781,-0.5151942,-2.545273,0.364195,0.903413,0.2262894,-0.1580035,-0.2049005,1.098352,2.207722,0.07576793,-3.047105,0.1679255,-0.408525,0.07806022,0.8937646,21.34303,310.8983,0.1434128,0.5247843,0.01885825,-0.8510262,0.0,0.0,0.0,1.382349,-0.5287426,-2.548667,-0.1646172,-0.07800049,1.225178,0.6540279,0.00233138,0.756467,-0.2767384,0.9314153,0.2363927,-0.7040337,-0.3639509,0.6098167,static,-45.77887,-41.1052,-7.65254,-3.642798,-45.62140043943589,-36.05824232973453,53.45136670730229,49.923896023482364,45.298681861084766
3054,3054,05/15/2023 13:24:14.614336,3283,True,True,True,True,Eyes,2.086128,0.07313059,-3.211864,-0.6182965,-0.5198998,0.589418,1.130931,1.386878,-0.5148401,-2.545273,0.3017115,0.9261963,0.2261208,-0.1603855,-0.2066048,1.098162,2.213697,0.07527037,-3.037725,0.1680208,-0.4119223,0.0759436,0.8923686,21.25004,310.4101,359.8227,0.5265853,0.01888322,-0.8499123,0.0,0.0,0.0,1.382349,-0.5287426,-2.548667,-0.169136,-0.07858405,1.221581,0.6491052,-0.002883671,0.7606931,-0.2739624,0.9320031,0.2373073,-0.7096527,-0.3624387,0.6041781,static,-46.36978,-41.4141,-7.882868,-3.680755,-46.202104973815,-36.374816073944665,53.89849460035752,50.371277051135145,45.54449129725
3055,3055,05/15/2023 13:24:14.634244,3284,True,True,True,True,Eyes,2.091455,0.07297327,-3.204,-0.6243217,-0.5198886,0.5830423,1.130218,1.385836,-0.514614,-2.545035,0.2324763,0.941978,0.2421409,-0.1641811,-0.207276,1.098421,2.219713,0.07451351,-3.028795,0.1672456,-0.4152621,0.07575667,0.8909812,21.15812,309.9773,359.76,0.5283973,0.01890441,-0.8487865,0.0,0.0,0.0,1.382349,-0.5287426,-2.548667,-0.1736088,-0.07965216,1.217702,0.6436366,-0.003905999,0.7653213,-0.2738971,0.9325797,0.2351076,-0.7146414,-0.360943,0.5991726,static,-46.95816,-41.72283,-8.114021,-3.742492,-46.7803546328605,-36.69114645955689,54.3265424009808,50.80058254885427,45.770833161048074
3056,3056,05/15/2023 13:24:14.654113,3285,True,True,True,True,Eyes,2.096827,0.07281724,-3.19607,-0.62996,-0.5204227,0.5764638,1.128544,1.385889,-0.514503,-2.545505,0.2358933,0.9486759,0.2106377,-0.1663314,-0.2083386,1.097751,2.225634,0.07344431,-3.020137,0.1655417,-0.419674,0.07676519,0.8891438,21.02735,309.4378,359.8504,0.53022,0.01892122,-0.8476487,0.0,0.0,0.0,1.382349,-0.5287426,-2.548667,-0.1772942,-0.08022159,1.21378,0.6359617,-0.00243653,0.7717167,-0.2754577,0.9334061,0.2299481,-0.7208855,-0.3588135,0.5929394,static,-47.53899,-42.07524,-8.310298,-3.781314,-47.35248343500552,-37.049385107433366,54.820753775594326,51.29382807658832,46.05131745641036
3057,3057,05/15/2023 13:24:14.664283,3286,True,True,True,True,Eyes,2.102222,0.07268854,-3.188074,-0.6354758,-0.5210633,0.5697926,1.126859,1.38613,-0.5144762,-2.545998,0.2521296,0.9511926,0.177942,-0.1682192,-0.2017702,1.099057,2.231818,0.07343915,-3.010867,0.1663127,-0.4247751,0.08097478,0.8861994,21.31927,308.8069,0.1370713,0.5320541,0.01893411,-0.8464983,0.0,0.0,0.0,1.382349,-0.5287426,-2.548667,-0.1809322,-0.0789969,1.209873,0.6260185,0.002228625,0.779805,-0.2848106,0.9315663,0.2259803,-0.7259365,-0.3635646,0.5838125,static,-48.11935,-42.44226,-8.505348,-3.735742,-47.9245554587049,-37.42170559589199,55.384688228248855,51.85188579074224,46.391629703794905
3058,3058,05/15/2023 13:24:14.684197,3287,True,True,True,True,Eyes,2.107648,0.07256442,-3.180025,-0.6406796,-0.5220084,0.5630603,1.124854,1.386977,-0.5146186,-2.546665,0.3086273,0.9417714,0.1334759,-0.1699681,-0.1985521,1.099371,2.237789,0.07398631,-3.00119,0.1655891,-0.4302787,0.08543304,0.8832563,21.47131,308.1522,0.518391,0.5338997,0.0189442,-0.8453353,0.0,0.0,0.0,1.382349,-0.5287426,-2.548667,-0.1843565,-0.08026153,1.205604,0.6151228,0.008419602,0.7883863,-0.2934174,0.9305629,0.2189952,-0.7317993,-0.3660352,0.574881,static,-48.68942,-42.83334,-8.694106,-3.808771,-48.48731798281962,-37.816917911130645,55.879711233992225,52.34552298180489,46.66181484729476
3059,3059,05/15/2023 13:24:14.703953,3288,True,True,True,True,Eyes,2.11308,0.07250797,-3.171923,-0.6456896,-0.5231451,0.5562411,1.122892,1.388041,-0.5149273,-2.547324,0.3794155,0.9208899,0.08947429,-0.1718246,-0.1965729,1.099516,2.243902,0.07408822,-2.991917,0.1654701,-0.4348376,0.08773724,0.8808168,21.58004,307.5763,0.6565573,0.5357566,0.0189519,-0.8441595,0.0,0.0,0.0,1.382349,-0.5287426,-2.548667,-0.1870332,-0.08529127,1.200911,0.606437,0.01065562,0.7950602,-0.2984661,0.9298436,0.2151949,-0.7369886,-0.3678006,0.5670719,static,-49.25615,-43.24376,-8.852289,-4.062448,-49.047373191494565,-38.230685852213526,56.281854924555084,52.75522032071114,46.8422724555339
3060,3060,05/15/2023 13:24:14.714153,3289,True,True,True,True,Eyes,2.118524,0.07252349,-3.1637,-0.6507173,-0.5242112,0.5493357,1.121286,1.388884,-0.515267,-2.547738,0.435516,0.8980511,0.06188744,-0.1742637,-0.1909783,1.100932,2.249511,0.0757008,-2.982445,0.1665088,-0.4393572,0.09224022,0.8779134,21.92629,307.0153,0.9662821,0.537625,0.01895922,-0.8429706,0.0,0.0,0.0,1.382349,-0.5287426,-2.548667,-0.1892037,-0.09071597,1.196029,0.5969141,0.01564413,0.8021527,-0.3082716,0.9275331,0.2113079,-0.7407174,-0.3734135,0.5584803,static,-49.82893,-43.65934,-8.989316,-4.337446,-49.61342837822789,-38.64962217024047,56.692904489153065,53.17559534275574,47.029250573262246
3061,3061,05/15/2023 13:24:14.733972,3290,True,True,True,True,Eyes,2.12398,0.07255067,-3.155442,-0.6557961,-0.5252208,0.5422865,1.119846,1.38959,-0.5156156,-2.548165,0.4827203,0.8751352,0.03345823,-0.1740146,-0.1995847,1.099772,2.254395,0.07743248,-2.972452,0.161801,-0.4457435,0.09417408,0.8753654,21.54457,306.2706,1.270903,0.5395049,0.01896812,-0.8417684,0.0,0.0,0.0,1.382349,-0.5287426,-2.548667,-0.1909327,-0.0930405,1.191279,0.584888,0.02062999,0.8108516,-0.3091169,0.9299034,0.1993149,-0.7499019,-0.3672248,0.5502664,static,-50.4122,-44.08412,-9.105659,-4.465812,-50.18989373611567,-39.07776411652522,57.23496010453353,53.72058798234517,47.33369410046018
3062,3062,05/15/2023 13:24:14.754095,3291,True,True,True,True,Eyes,2.129486,0.07261559,-3.147116,-0.6604947,-0.5268693,0.5349351,1.118115,1.390977,-0.5164851,-2.548996,0.5754555,0.817537,-0.02200813,-0.1710932,-0.2016776,1.100177,2.260241,0.07774256,-2.963253,0.1617424,-0.4514924,0.09375637,0.87247,21.52403,305.4834,1.08088,0.5413963,0.01897876,-0.8405529,0.0,0.0,0.0,1.382349,-0.5287426,-2.548667,-0.1926856,-0.09294027,1.186907,0.5747287,0.01754829,0.8181558,-0.3096501,0.9300984,0.1975701,-0.7574982,-0.3668913,0.539988,static,-50.99596,-44.56477,-9.221103,-4.477387,-50.76835718182577,-39.559828055185,57.89764203453486,54.37786314705433,47.73348381947943
3063,3063,05/15/2023 13:24:14.763803,3292,True,True,True,True,Eyes,2.134942,0.07273029,-3.138737,-0.6649956,-0.5286723,0.5275287,1.116668,1.392363,-0.517621,-2.549663,0.6676677,0.7414913,-0.06641229,-0.1707619,-0.184191,1.104539,2.266236,0.07893349,-2.954089,0.1695878,-0.4553344,0.09787596,0.8685222,22.56393,304.86,0.9664986,0.5432999,0.01899198,-0.8393235,0.0,0.0,0.0,1.382349,-0.5287426,-2.548667,-0.1945654,-0.09391865,1.182489,0.5661817,0.0155766,0.8241333,-0.3244532,0.9233205,0.2054489,-0.7577389,-0.3837141,0.5278211,static,-51.57568,-45.06204,-9.343657,-4.541158,-51.34336120772211,-40.05780125562938,58.52764854947149,55.00370079988977,48.09634699308818
3064,3064,05/15/2023 13:24:14.783879,3293,True,True,True,True,Eyes,2.140345,0.0728671,-3.13033,-0.6694286,-0.5303515,0.5201852,1.115627,1.393512,-0.5188074,-2.549997,0.7440784,0.6621821,-0.08866967,-0.1727843,-0.1796624,1.105221,2.270537,0.08029209,-2.944402,0.1719394,-0.4587846,0.10037,0.8659559,22.94705,304.3735,0.9996465,0.5452144,0.01900885,-0.8380808,0.0,0.0,0.0,1.382349,-0.5287426,-2.548667,-0.1981165,-0.08983207,1.178572,0.5588853,0.01606566,0.8290894,-0.3315982,0.9207255,0.2056875,-0.7600592,-0.3898802,0.5199072,static,-52.1507,-45.55445,-9.542138,-4.358718,-51.913680876426426,-40.55093786826932,59.26700507638013,55.72454059677829,48.55060370070082
3065,3065,05/15/2023 13:24:14.803852,3294,True,True,True,True,Eyes,2.145683,0.07300001,-3.121893,-0.6737336,-0.5320156,0.5128766,1.114875,1.394554,-0.5201311,-2.550099,0.8133623,0.5738699,-0.09547286,-0.1749891,-0.1811258,1.104961,2.274682,0.08101153,-2.935284,0.1717653,-0.4621186,0.1013914,0.8640966,22.98893,303.9328,1.025255,0.5471375,0.0190296,-0.8368261,0.0,0.0,0.0,1.382349,-0.5287426,-2.548667,-0.2004336,-0.08839023,1.17469,0.5523324,0.01647206,0.8334612,-0.3339758,0.9204329,0.2031339,-0.7637991,-0.3905533,0.5138862,static,-52.71996,-46.04935,-9.68295,-4.303146,-52.47849003467542,-41.04629636265475,59.95773326393949,56.40494078919118,48.96293214135874
3066,3066,05/15/2023 13:24:14.814300,3295,True,True,True,True,Eyes,2.150947,0.07309781,-3.113406,-0.6779675,-0.5334648,0.5057424,1.114444,1.39539,-0.5214189,-2.549785,0.8694888,0.4882942,-0.07455236,-0.1770718,-0.1806778,1.104745,2.278499,0.08104827,-2.926099,0.1708765,-0.4659556,0.1041827,0.8618775,23.05647,303.4646,1.266908,0.5490682,0.0190538,-0.83556,0.0,0.0,0.0,1.382349,-0.5287426,-2.548667,-0.2001035,-0.09403923,1.170685,0.5440627,0.02034377,0.838798,-0.3388271,0.9198944,0.1974601,-0.7675885,-0.3916381,0.5073732,static,-53.27822,-46.52809,-9.699747,-4.592616,-53.03220530567127,-41.52571782375368,60.47865151122671,56.93642026977544,49.23667315848491
3067,3067,05/15/2023 13:24:14.834420,3296,True,True,True,True,Eyes,2.156127,0.07317323,-3.104896,-0.682039,-0.5349504,0.498649,1.114265,1.396155,-0.5229033,-2.549269,0.920266,0.3892269,-0.04015909,-0.1809824,-0.1816648,1.103409,2.281769,0.08032247,-2.916793,0.1681883,-0.4695658,0.1079515,0.8599809,22.99545,303.0803,1.725698,0.5510049,0.0190802,-0.8342835,0.0,0.0,0.0,1.382349,-0.5287426,-2.548667,-0.1971411,-0.09080917,1.168599,0.5357088,0.02772152,0.8439476,-0.3436234,0.9201183,0.1878967,-0.7713229,-0.390658,0.5024413,static,-53.8289,-47.01148,-9.575567,-4.443397,-53.57870634496856,-42.00938819093045,61.403576214287206,57.85741064349306,49.8898334320957
3068,3068,05/15/2023 13:24:14.853935,3297,True,True,True,True,Eyes,2.161232,0.07322761,-3.096317,-0.6861938,-0.5364714,0.4912602,1.114124,1.396727,-0.5244682,-2.548992,0.9583166,0.2848826,-0.02170625,-0.1835935,-0.1794751,1.103171,2.285012,0.07983986,-2.907695,0.1659434,-0.4740536,0.1134429,0.8572435,23.08299,302.5879,2.315308,0.552946,0.01910803,-0.8329977,0.0,0.0,0.0,1.382349,-0.5287426,-2.548667,-0.1932254,-0.08239156,1.167539,0.5248077,0.03716433,0.8504091,-0.3518286,0.9191869,0.1769518,-0.7751086,-0.3920639,0.4954718,static,-54.40035,-47.51889,-9.397162,-4.036591,-54.14597760044357,-42.51688573276967,62.57792946789423,59.01855284877225,50.763255034095536
3069,3069,05/15/2023 13:24:14.865816,3298,True,True,True,True,Eyes,2.16624,0.07324587,-3.087706,-0.6902907,-0.5380897,0.4836922,1.114164,1.397143,-0.5262743,-2.548794,0.9863303,0.1645632,-0.008456463,-0.1831268,-0.1772991,1.103342,2.287869,0.07942556,-2.898176,0.1642849,-0.479654,0.1183566,0.8537765,23.20772,301.9152,2.775241,0.5548903,0.01913662,-0.8317032,0.0,0.0,0.0,1.382349,-0.5287426,-2.548667,-0.1884746,-0.08134383,1.166037,0.5118474,0.04450025,0.8579231,-0.3597,0.9180043,0.1669848,-0.7801464,-0.3940657,0.4858848,static,-54.98077,-48.04743,-9.181702,-3.990542,-54.72251226907903,-43.04505199883716,63.549697166179854,59.99350090812776,51.448178384867326
3070,3070,05/15/2023 13:24:14.883921,3299,True,True,True,True,Eyes,2.171158,0.07324044,-3.079062,-0.6942416,-0.5399622,0.4758881,1.114614,1.397346,-0.528609,-2.54863,0.9999574,0.008901934,0.002432135,-0.1789736,-0.1742278,1.104499,2.290617,0.07860021,-2.888732,0.1647362,-0.4857734,0.1212202,0.8498188,23.4384,301.0897,2.872679,0.5568367,0.019165,-0.8304005,0.0,0.0,0.0,1.382349,-0.5287426,-2.548667,-0.1836628,-0.08215559,1.164796,0.4986597,0.04598149,0.8655775,-0.3660794,0.9163353,0.1622207,-0.7857001,-0.397763,0.4737723,static,-55.57018,-48.60912,-8.960511,-4.034513,-55.3086574972805,-43.60548521181333,64.4930758569787,60.94269870559948,52.095895384708555
3071,3071,05/15/2023 13:24:14.904098,3300,True,True,True,True,Eyes,2.175956,0.07324013,-3.070392,-0.6980526,-0.5420305,0.4678949,1.115769,1.397091,-0.5315405,-2.54833,0.9822148,-0.186414,0.02244545,-0.1743926,-0.1647979,1.107705,2.293363,0.07816012,-2.879301,0.1686452,-0.4912933,0.124671,0.8453679,24.05632,300.2762,2.829543,0.5587835,0.01919258,-0.8290911,0.0,0.0,0.0,1.382349,-0.5287426,-2.548667,-0.1817561,-0.08475453,1.162654,0.4861762,0.04507723,0.8726975,-0.3764941,0.9120319,0.1626344,-0.7885969,-0.4076345,0.4603795,static,-56.1666,-49.19838,-8.885056,-4.169341,-55.90234354360227,-44.192739376487125,65.2928691074872,61.74542692022438,52.58663919233462
3072,3072,05/15/2023 13:24:14.913918,3301,True,True,True,True,Eyes,2.180608,0.07325123,-3.061731,-0.7019194,-0.5438932,0.4598797,1.117638,1.396117,-0.5346243,-2.547752,0.9178908,-0.3921233,0.06095695,-0.1705453,-0.1591208,1.110745,2.295343,0.0783534,-2.869951,0.1718958,-0.4962281,0.126764,0.8415109,24.52638,299.5309,2.693158,0.560729,0.01921962,-0.8277761,0.0,0.0,0.0,1.382349,-0.5287426,-2.548667,-0.1813196,-0.09241435,1.159742,0.4753771,0.04274754,0.8787431,-0.3839457,0.9087654,0.1634967,-0.7915822,-0.4151122,0.4484191,static,-56.7682,-49.78437,-8.885957,-4.556002,-56.500957115333016,-44.777000883076646,65.86588241764073,62.329102248753884,52.86203623591576
3073,3073,05/15/2023 13:24:14.933945,3302,True,True,True,True,Eyes,2.185132,0.07325855,-3.053062,-0.7057953,-0.5457779,0.4516408,0.0,0.0,0.0,0.0,0.0,0.0,0.0,1.461245,1.283666,3.111846,2.296882,0.07868257,-2.860902,0.1733938,-0.5016745,0.126799,0.8379616,24.69692,298.7156,2.430645,0.5626709,0.01924651,-0.8264567,0.0,0.0,0.0,1.382349,-0.5287426,-2.548667,-0.1809354,-0.1010018,1.156669,0.4644895,0.03853083,0.8847401,-0.3864798,0.9077133,0.163371,-0.7967955,-0.4178182,0.4365146,static,-57.38468,-50.39165,-8.890614,-4.990485,-57.1145621454304,-45.38227080989461,66.42996477922881,62.90505174980435,53.11934388785946
3074,3074,05/15/2023 13:24:14.954558,3303,True,True,True,True,Eyes,2.189508,0.07323941,-3.044428,-0.7096937,-0.5474778,0.4433993,0.0,0.0,0.0,0.0,0.0,0.0,0.0,1.499798,1.288059,3.084481,2.29842,0.07863992,-2.851945,0.1749407,-0.5077543,0.1267963,0.8339689,24.8695,297.8018,2.137218,0.5646076,0.0192732,-0.8251342,0.0,0.0,0.0,1.382349,-0.5287426,-2.548667,-0.180725,-0.1051047,1.154265,0.4522166,0.03383461,0.8912663,-0.3891421,0.9066369,0.1630274,-0.8025389,-0.4205529,0.4231627,static,-58.00386,-50.99617,-8.898642,-5.202875,-57.730706792430176,-45.9849623914453,67.14423505994054,63.621923924819974,53.50924403088592
3075,3075,05/15/2023 13:24:14.963872,3304,True,True,True,True,Eyes,2.193766,0.07323765,-3.035771,-0.7134072,-0.5493862,0.435,0.0,0.0,0.0,0.0,0.0,0.0,0.0,1.536851,1.296425,3.055272,2.300063,0.07800584,-2.842699,0.1768916,-0.513541,0.1275248,0.8298932,25.12412,296.9241,1.897684,0.5665365,0.01929904,-0.8238103,0.0,0.0,0.0,1.382349,-0.5287426,-2.548667,-0.1817985,-0.107445,1.151819,0.4400262,0.02998181,0.8974844,-0.3933461,0.9048936,0.1626238,-0.8072521,-0.4245807,0.4099701,static,-58.62725,-51.62807,-8.969341,-5.329292,-58.35167534881516,-46.614203802595696,67.89318648101269,64.36659761309646,53.91167836085998
3076,3076,05/15/2023 13:24:14.984172,3305,True,True,True,True,Eyes,2.197863,0.07325064,-3.027176,-0.7170414,-0.5510415,0.4268547,0.0,0.0,0.0,0.0,0.0,0.0,0.0,1.568377,1.313308,3.024378,2.301509,0.07848598,-2.833433,0.1799448,-0.5181955,0.1301703,0.8259231,25.60398,296.2025,1.812837,0.568457,0.0193246,-0.8224857,0.0,0.0,0.0,1.382349,-0.5287426,-2.548667,-0.1838137,-0.1103673,1.149149,0.4290582,0.02852825,0.9028262,-0.4015145,0.9013511,0.1623337,-0.8091323,-0.4321485,0.3981866,static,-59.23466,-52.23747,-9.087841,-5.486012,-58.95655412944186,-47.22123482261752,68.55947987656066,65.02858889165674,54.240151738573154
3077,3077,05/15/2023 13:24:15.004293,3306,True,True,True,True,Eyes,2.201844,0.07326848,-3.018579,-0.7205309,-0.5528057,0.418618,0.0,0.0,0.0,0.0,0.0,0.0,0.0,1.595772,1.31859,3.00015,2.302685,0.0788389,-2.824445,0.181422,-0.5226317,0.1313261,0.8226152,25.83312,295.5279,1.682571,0.5703659,0.01935033,-0.8211625,0.0,0.0,0.0,1.382349,-0.5287426,-2.548667,-0.1866705,-0.1064931,1.147456,0.4192192,0.02642798,0.9075004,-0.4056955,0.899679,0.1612106,-0.8121986,-0.4357514,0.3878844,static,-59.84404,-52.86479,-9.240051,-5.30232,-59.56382946987017,-47.8456178744503,69.44747839348108,65.89700200706233,54.75279000647844
3078,3078,05/15/2023 13:24:15.014365,3307,True,True,True,True,Eyes,2.205671,0.07331076,-3.01,-0.7240103,-0.5543041,0.4105558,0.0,0.0,0.0,0.0,0.0,0.0,0.0,1.623444,1.326247,2.974579,2.303908,0.07901341,-2.815738,0.1831364,-0.5268944,0.1333586,0.8191819,26.14063,294.88,1.62791,0.5722629,0.01937638,-0.819841,0.0,0.0,0.0,1.382349,-0.5287426,-2.548667,-0.1878684,-0.1085232,1.14517,0.4091955,0.02550281,0.9120904,-0.4114769,0.8973531,0.1595122,-0.8143992,-0.4405757,0.3776867,static,-60.44426,-53.47381,-9.316549,-5.413529,-60.161734559157125,-48.45205679296419,70.1700323635274,66.61492152011343,55.13175260853809
3079,3079,05/15/2023 13:24:15.034018,3308,True,True,True,True,Eyes,2.209357,0.07335777,-3.00141,-0.7274701,-0.5557336,0.4024268,0.0,0.0,0.0,0.0,0.0,0.0,0.0,1.655891,1.32269,2.950162,2.304435,0.07961468,-2.806809,0.1834083,-0.531818,0.1354283,0.815592,26.30946,294.1721,1.651114,0.5741465,0.0194034,-0.8185224,0.0,0.0,0.0,1.382349,-0.5287426,-2.548667,-0.1896384,-0.1101712,1.143024,0.3976574,0.02582869,0.9171704,-0.4159882,0.8960411,0.1551263,-0.8178157,-0.4432192,0.3670618,static,-61.04921,-54.09034,-9.420099,-5.505485,-60.76442532349114,-49.065890114212216,70.89466297276084,67.33311770093103,55.5035992885626
3080,3080,05/15/2023 13:24:15.053982,3309,True,True,True,True,Eyes,2.212883,0.07340173,-2.992857,-0.7309799,-0.556849,0.394446,0.0,0.0,0.0,0.0,0.0,0.0,0.0,1.686493,1.310598,2.929929,2.304746,0.07977206,-2.79789,0.182486,-0.5367941,0.1363057,0.8123865,26.28487,293.4709,1.63301,0.5760154,0.01943147,-0.8172077,0.0,0.0,0.0,1.382349,-0.5287426,-2.548667,-0.1897474,-0.1090866,1.141501,0.3865457,0.025551,0.9219162,-0.4173805,0.8962392,0.1501621,-0.8224208,-0.4428344,0.3571019,static,-61.64815,-54.68802,-9.437764,-5.458847,-61.36078153208689,-49.661347404052485,71.75956995783159,68.18988775183358,56.014272622939046
3081,3081,05/15/2023 13:24:15.064286,3310,True,True,True,True,Eyes,2.216267,0.07343936,-2.984301,-0.7344188,-0.5579767,0.3863821,0.0,0.0,0.0,0.0,0.0,0.0,0.0,1.718025,1.303026,2.906589,2.305027,0.07970247,-2.78895,0.1821348,-0.5416796,0.1382029,0.8088944,26.38361,292.777,1.680129,0.577868,0.01946044,-0.8158979,0.0,0.0,0.0,1.382349,-0.5287426,-2.548667,-0.1900417,-0.1138387,1.139128,0.3749664,0.02626559,0.9266663,-0.4209004,0.8954538,0.1449323,-0.82598,-0.444379,0.3468203,static,-62.25088,-55.29856,-9.471472,-5.706903,-61.96115894077271,-50.2693316125961,72.42236086207156,68.85475494831891,56.33865136789439
3082,3082,05/15/2023 13:24:15.084067,3311,True,True,True,True,Eyes,2.216267,0.07343936,-2.984301,-0.7344188,-0.5579767,0.3863821,0.0,0.0,0.0,0.0,0.0,0.0,0.0,1.750624,1.293148,2.883057,2.305025,0.07960007,-2.780191,0.181483,-0.5466794,0.1401987,0.8053259,26.46132,292.0725,1.752949,0.5797042,0.0194901,-0.8145936,0.0,0.0,0.0,1.382349,-0.5287426,-2.548667,-0.1899087,-0.1178045,1.137072,0.3629718,0.02738521,0.9313976,-0.4242375,0.8948164,0.1390185,-0.8296228,-0.4455935,0.3364109,static,-62.25088,-55.29856,-9.481772,-5.914933,-61.96115894077271,-50.2693316125961,72.27254924790459,68.71243504609927,56.20597837765342
3083,3083,05/15/2023 13:24:15.104223,3312,True,True,True,True,Eyes,2.216267,0.07343936,-2.984301,-0.7344188,-0.5579767,0.3863821,0.0,0.0,0.0,0.0,0.0,0.0,0.0,1.785422,1.278922,2.859201,2.304714,0.0794397,-2.771351,0.1802983,-0.5520703,0.1419101,0.8016063,26.47103,291.3174,1.82048,0.5813541,0.01951671,-0.8134162,0.0,0.0,0.0,1.382349,-0.5287426,-2.548667,-0.1894609,-0.1197889,1.135107,0.3501599,0.02843749,0.9362582,-0.4265867,0.8947081,0.1323677,-0.8339137,-0.4457451,0.325422,static,-62.25088,-55.29856,-9.475891,-6.024176,-61.96115894077271,-50.2693316125961,72.20224638146362,68.64646491988898,56.145234811362926
3084,3084,05/15/2023 13:24:15.114365,3313,True,True,True,True,Eyes,2.216267,0.07343936,-2.984301,-0.7344188,-0.5579767,0.3863821,0.0,0.0,0.0,0.0,0.0,0.0,0.0,1.820194,1.262782,2.835382,2.304293,0.07903087,-2.762445,0.1788726,-0.5576023,0.1431389,0.7978694,26.42737,290.5381,1.851493,0.582837,0.01954058,-0.8123538,0.0,0.0,0.0,1.382349,-0.5287426,-2.548667,-0.1878283,-0.1215228,1.133561,0.337182,0.0289327,0.9409947,-0.4278917,0.8950318,0.1258048,-0.8385803,-0.4450629,0.3141687,static,-62.25088,-55.29856,-9.408285,-6.118993,-61.96115894077271,-50.2693316125961,72.1870463216325,68.63713979356687,56.141433298371666
3085,3085,05/15/2023 13:24:15.134371,3314,True,True,True,True,Eyes,2.216267,0.07343936,-2.984301,-0.7344188,-0.5579767,0.3863821,0.0,0.0,0.0,0.0,0.0,0.0,0.0,1.854546,1.245937,2.811014,2.303566,0.0783924,-2.75335,0.177348,-0.5631211,0.1443706,0.7941029,26.37609,289.7599,1.890382,0.5841701,0.01956202,-0.8113952,0.0,0.0,0.0,1.382349,-0.5287426,-2.548667,-0.1863324,-0.1240154,1.131956,0.3241036,0.0295533,0.9455599,-0.429027,0.8954097,0.119069,-0.8431445,-0.4442613,0.3028847,static,-62.25088,-55.29856,-9.347687,-6.252302,-61.96115894077271,-50.2693316125961,72.14071841476084,68.59793237101712,56.10933539011778
3086,3086,05/15/2023 13:24:15.154304,3315,True,True,True,True,Eyes,2.216267,0.07343936,-2.984301,-0.7344188,-0.5579767,0.3863821,0.0,0.0,0.0,0.0,0.0,0.0,0.0,1.886077,1.233022,2.786056,2.302757,0.07716042,-2.744283,0.1763017,-0.5682985,0.1454642,0.7904396,26.36231,289.0135,1.891693,0.5853682,0.01958126,-0.8105309,0.0,0.0,0.0,1.382349,-0.5287426,-2.548667,-0.1856602,-0.1268163,1.130145,0.311754,0.02957736,0.9497024,-0.4303453,0.8955157,0.1133775,-0.8471202,-0.4440458,0.2919091,static,-62.25088,-55.29856,-9.329218,-6.402513,-61.96115894077271,-50.2693316125961,72.05224299817775,68.51583015904716,56.03439450677429
3087,3087,05/15/2023 13:24:15.163904,3316,True,True,True,True,Eyes,2.216267,0.07343936,-2.984301,-0.7344188,-0.5579767,0.3863821,0.0,0.0,0.0,0.0,0.0,0.0,0.0,1.913865,1.228422,2.759504,2.301852,0.0759781,-2.735409,0.1764085,-0.5728524,0.1469456,0.7868463,26.48536,288.3271,1.865392,0.5864456,0.01959854,-0.8097512,0.0,0.0,0.0,1.382349,-0.5287426,-2.548667,-0.1857112,-0.1293866,1.128132,0.3004941,0.02913515,0.9533387,-0.4333594,0.894574,0.1092565,-0.8496488,-0.4459692,0.2814402,static,-62.25088,-55.29856,-9.348092,-6.54272,-61.96115894077271,-50.2693316125961,71.94328955697358,68.41163187669954,55.93633170956643
3088,3088,05/15/2023 13:24:15.183927,3317,True,True,True,True,Eyes,2.219244,0.07326829,-2.973695,-0.7381096,-0.5594283,0.3771394,0.0,0.0,0.0,0.0,0.0,0.0,0.0,1.94082,1.223337,2.732809,2.300576,0.07503437,-2.726409,0.176475,-0.5772253,0.1488672,0.7832664,26.63554,287.6709,1.889551,0.5874144,0.01961407,-0.8090482,0.0,0.0,0.0,1.382349,-0.5287426,-2.548667,-0.1847677,-0.1316127,1.126505,0.2892991,0.0294737,0.9567849,-0.4369369,0.8933902,0.1045939,-0.8516995,-0.4483136,0.2713351,static,-62.9351,-56.01406,-9.314634,-6.663814,-62.64331949163716,-50.98114260327896,72.87387154747353,69.33955805164148,56.46322921909501
3089,3089,05/15/2023 13:24:15.204540,3318,True,True,True,True,Eyes,2.222038,0.07304062,-2.963149,-0.7416774,-0.5608651,0.3678926,0.0,0.0,0.0,0.0,0.0,0.0,0.0,1.966472,1.213445,2.708551,2.299091,0.07391916,-2.71743,0.1758181,-0.5815191,0.1504905,0.7799206,26.69715,287.0432,1.940907,0.5884754,0.01962704,-0.8082765,0.0,0.0,0.0,1.382349,-0.5287426,-2.548667,-0.1839711,-0.1319583,1.125309,0.2783763,0.03025811,0.9599954,-0.4392244,0.8928812,0.09922212,-0.8541596,-0.4492745,0.261847,static,-63.61731,-56.73762,-9.284861,-6.68819,-63.32375320001236,-51.700667323872544,73.87124242668794,70.33011435392876,57.04269774108892
3090,3090,05/15/2023 13:24:15.223820,3319,True,True,True,True,Eyes,2.224707,0.07273359,-2.952458,-0.7451639,-0.5622004,0.3586942,0.0,0.0,0.0,0.0,0.0,0.0,0.0,1.98995,1.207071,2.683515,2.297494,0.07234359,-2.70822,0.1756297,-0.5856211,0.1518026,0.7766326,26.782,286.4234,1.931223,0.5896161,0.01963621,-0.8074446,0.0,0.0,0.0,1.382349,-0.5287426,-2.548667,-0.1842457,-0.1341421,1.123568,0.2680078,0.03008479,0.962947,-0.4414946,0.8922204,0.09500188,-0.8563029,-0.450597,0.2524042,static,-64.29556,-57.46138,-9.31263,-6.80828,-64.00035720468452,-52.42026084317749,74.7586726139175,71.2123606072175,57.51548722852685
3091,3091,05/15/2023 13:24:15.234359,3320,True,True,True,True,Eyes,2.22718,0.07232498,-2.941818,-0.7483492,-0.5636512,0.3496723,0.0,0.0,0.0,0.0,0.0,0.0,0.0,2.005603,1.213053,2.657788,2.295728,0.07022037,-2.698607,0.1770665,-0.5886226,0.1533052,0.7737368,27.03171,285.9208,1.851857,0.5908279,0.01963988,-0.8065583,0.0,0.0,0.0,1.382349,-0.5287426,-2.548667,-0.1859074,-0.1373558,1.12158,0.260042,0.02878512,0.9651683,-0.4456865,0.8902899,0.09352785,-0.8565874,-0.4544836,0.2443418,static,-64.95528,-58.18578,-9.411486,-6.982037,-64.6590328360428,-53.139890830223976,75.54426748022966,71.9919363652143,57.88827516099491
3092,3092,05/15/2023 13:24:15.254223,3321,True,True,True,True,Eyes,2.229494,0.07182098,-2.931132,-0.7513405,-0.5650582,0.3408763,0.0,0.0,0.0,0.0,0.0,0.0,0.0,2.009264,1.225375,2.637694,2.293473,0.0674195,-2.689154,0.179051,-0.5897319,0.155608,0.7719736,27.38578,285.7027,1.875912,0.5921009,0.01963587,-0.8056242,0.0,0.0,0.0,1.382349,-0.5287426,-2.548667,-0.1877309,-0.1403869,1.119654,0.2560048,0.02906637,0.9662385,-0.4514348,0.8874537,0.09291128,-0.8547914,-0.4599794,0.240314,static,-65.59664,-58.89915,-9.518174,-7.146691,-65.29962650201985,-53.848302720493024,76.30931372683047,72.75033319873378,58.2448114657449
3093,3093,05/15/2023 13:24:15.263814,3322,True,True,True,True,Eyes,2.231599,0.07125782,-2.920534,-0.7539361,-0.5667434,0.3322383,0.0,0.0,0.0,0.0,0.0,0.0,0.0,2.012679,1.237401,2.618306,2.291038,0.06473085,-2.680396,0.1809127,-0.5903343,0.1595159,0.7702795,27.84247,285.5841,2.083406,0.5934263,0.01962238,-0.8046488,0.0,0.0,0.0,1.382349,-0.5287426,-2.548667,-0.1899661,-0.144664,1.117462,0.2521203,0.03214575,0.9671618,-0.4593416,0.8836505,0.09037133,-0.851728,-0.4670422,0.2375521,static,-66.21827,-59.62017,-9.647922,-7.376352,-65.92132078348106,-54.56347710631408,77.00403101174788,73.43922784482163,58.53407583012353
3094,3094,05/15/2023 13:24:15.284085,3323,True,True,True,True,Eyes,2.233484,0.07062785,-2.910029,-0.7563996,-0.5683239,0.3238326,0.0,0.0,0.0,0.0,0.0,0.0,0.0,2.025833,1.247758,2.591785,2.288127,0.06280364,-2.671849,0.1828496,-0.591782,0.1653519,0.7674757,28.44858,285.3481,2.437438,0.5947949,0.01959874,-0.8036383,0.0,0.0,0.0,1.382349,-0.5287426,-2.548667,-0.1918332,-0.1482174,1.115392,0.2449055,0.03739295,0.9688256,-0.4702214,0.8784495,0.08496062,-0.8478875,-0.4763698,0.2327201,static,-66.82309,-60.32539,-9.758674,-7.569334,-66.52630415992938,-55.2628796247916,77.71453543640463,74.1433619971377,58.844261628565704
3095,3095,05/15/2023 13:24:15.304127,3324,True,True,True,True,Eyes,2.235181,0.0699404,-2.899572,-0.7585474,-0.5701017,0.3155786,0.0,0.0,0.0,0.0,0.0,0.0,0.0,2.047368,1.24141,2.565655,2.284966,0.06062737,-2.662828,0.1825306,-0.5945887,0.1709016,0.7641593,28.82901,284.9697,2.887437,0.5961977,0.01956411,-0.8025989,0.0,0.0,0.0,1.382349,-0.5287426,-2.548667,-0.1931409,-0.1532448,1.11348,0.2345139,0.04413073,0.9711105,-0.4782533,0.8749505,0.07573271,-0.8463314,-0.4821972,0.2262938,static,-67.41122,-61.03337,-9.840439,-7.836211,-67.11519896637127,-55.96442180690333,78.38579304071142,74.811247848697,59.12375366804325
3096,3096,05/15/2023 13:24:15.314408,3325,True,True,True,True,Eyes,2.236667,0.06923431,-2.889144,-0.7607029,-0.5716324,0.3075182,0.0,0.0,0.0,0.0,0.0,0.0,0.0,2.066223,1.235931,2.540821,2.282159,0.05859162,-2.653467,0.1822813,-0.596867,0.1772922,0.7609802,29.27912,284.6801,3.433326,0.5976274,0.01951801,-0.801536,0.0,0.0,0.0,1.382349,-0.5287426,-2.548667,-0.1950203,-0.1631933,1.111215,0.2246346,0.0522363,0.973042,-0.4874271,0.870682,0.06578525,-0.8437738,-0.4890647,0.2210466,static,-67.98872,-61.72131,-9.954146,-8.354749,-67.69325241612513,-56.64629490793491,78.84162360281654,75.27202545375545,59.21991222456346
3097,3097,05/15/2023 13:24:15.334465,3326,True,True,True,True,Eyes,2.237916,0.0685247,-2.878761,-0.762859,-0.5729369,0.2996489,0.0,0.0,0.0,0.0,0.0,0.0,0.0,2.083415,1.219355,2.521596,2.278543,0.05742301,-2.644018,0.1804731,-0.5989469,0.1837403,0.7582425,29.58974,284.4767,4.118423,0.5990781,0.01946105,-0.8004536,0.0,0.0,0.0,1.382349,-0.5287426,-2.548667,-0.1957382,-0.1824172,1.107997,0.2150042,0.06245192,0.9746144,-0.494827,0.867338,0.05358328,-0.8419737,-0.4937861,0.2173842,static,-68.55524,-62.3902,-10.01848,-9.349132,-68.26015253984666,-57.30944316262267,78.99308302552967,75.44722570813533,59.07147867187502
3098,3098,05/15/2023 13:24:15.354739,3327,True,True,True,True,Eyes,2.238967,0.06777989,-2.868388,-0.7654632,-0.5735737,0.2916835,0.0,0.0,0.0,0.0,0.0,0.0,0.0,2.101748,1.177072,2.512711,2.274176,0.05656119,-2.63467,0.1749967,-0.6023275,0.186302,0.7562204,29.28157,284.1452,4.666461,0.6005435,0.01939419,-0.7993564,0.0,0.0,0.0,1.382349,-0.5287426,-2.548667,-0.191744,-0.2078686,1.103531,0.2049862,0.07096004,0.9761891,-0.4925814,0.8693354,0.04024251,-0.8457801,-0.4891018,0.2131554,static,-69.14041,-63.04498,-9.857018,-10.66763,-68.84472993637762,-57.95956207245285,79.10693623221775,75.60474190574664,58.93214212793662
3099,3099,05/15/2023 13:24:15.364137,3328,True,True,True,True,Eyes,2.239773,0.06695182,-2.85806,-0.767994,-0.5741992,0.283691,0.0,0.0,0.0,0.0,0.0,0.0,0.0,2.121936,1.137092,2.499411,2.268584,0.05429697,-2.625495,0.1699021,-0.6062861,0.18746,0.7539292,28.91406,283.6855,5.023203,0.6020184,0.01931747,-0.7982481,0.0,0.0,0.0,1.382349,-0.5287426,-2.548667,-0.1803564,-0.2173879,1.103079,0.1945519,0.07664464,0.9778933,-0.4886819,0.871984,0.02887955,-0.8504938,-0.4834972,0.207101,static,-69.72617,-63.70769,-9.285848,-11.14863,-69.43009497815369,-58.61735080830816,80.09673720912285,76.61990537547183,59.59622426484045
3100,3100,05/15/2023 13:24:15.383924,3329,True,True,True,True,Eyes,2.240309,0.0661124,-2.847875,-0.7707146,-0.5744886,0.2756116,0.0,0.0,0.0,0.0,0.0,0.0,0.0,2.147497,1.115944,2.472576,2.263567,0.05146067,-2.616165,0.1677937,-0.6106748,0.1897367,0.7502811,28.91553,283.0629,5.229134,0.6034979,0.01922955,-0.7971323,0.0,0.0,0.0,1.382349,-0.5287426,-2.548667,-0.1689544,-0.2163292,1.10473,0.1821526,0.07977701,0.9800286,-0.4896465,0.8716905,0.02004996,-0.8526822,-0.4835197,0.1978432,static,-70.32269,-64.37058,-8.695286,-11.07951,-70.02588571006115,-59.275650617808,81.47315549016201,78.00198991850961,60.59045632420099
3101,3101,05/15/2023 13:24:15.403931,3330,True,True,True,True,Eyes,2.24067,0.06530731,-2.83774,-0.7732921,-0.5748497,0.2675207,0.0,0.0,0.0,0.0,0.0,0.0,0.0,2.172704,1.101722,2.443797,2.26,0.05093683,-2.606987,0.1669545,-0.6146347,0.1936125,0.7462336,29.15514,282.4787,5.501701,0.6049752,0.01913116,-0.7960141,0.0,0.0,0.0,1.382349,-0.5287426,-2.548667,-0.1641745,-0.2168104,1.105059,0.1694768,0.08372823,0.9819711,-0.4941924,0.8692808,0.01117218,-0.8526731,-0.4871761,0.1887008,static,-70.91692,-65.04391,-8.45041,-11.10032,-70.61974332764397,-59.94395173982665,82.53469436345058,79.06153532495752,61.25953006379328
3102,3102,05/15/2023 13:24:15.413985,3331,True,True,True,True,Eyes,2.24067,0.06530731,-2.83774,-0.7732921,-0.5748497,0.2675207,0.0,0.0,0.0,0.0,0.0,0.0,0.0,2.197685,1.080291,2.417801,2.256187,0.05096181,-2.598005,0.1651278,-0.6187405,0.197033,0.7423416,29.27402,281.8943,5.802554,0.6064472,0.01902426,-0.7948958,0.0,0.0,0.0,1.382349,-0.5287426,-2.548667,-0.1658671,-0.2191267,1.104365,0.1566763,0.08818919,0.9837049,-0.4968741,0.8678216,0.001337734,-0.8535623,-0.488987,0.179786,static,-70.91692,-65.04391,-8.541541,-11.22279,-70.61974332764397,-59.94395173982665,82.3856836073358,78.91422435474006,61.11891081637257
3103,3103,05/15/2023 13:24:15.434148,3332,True,True,True,True,Eyes,2.24067,0.06530731,-2.83774,-0.7732921,-0.5748497,0.2675207,0.0,0.0,0.0,0.0,0.0,0.0,0.0,2.216947,1.05536,2.398288,2.252807,0.05090629,-2.588957,0.162557,-0.6225502,0.1986877,0.7392765,29.19184,281.3638,6.007788,0.6077703,0.01892799,-0.793887,0.0,0.0,0.0,1.382349,-0.5287426,-2.548667,-0.1691498,-0.2203508,1.103836,0.1459089,0.09137043,0.9850696,-0.4961701,0.8681968,-0.007036984,-0.8558772,-0.4877353,0.1720129,static,-70.91692,-65.04391,-8.712123,-11.28914,-70.61974332764397,-59.94395173982665,82.21321102818031,78.73908914935257,60.946249819362386
3104,3104,05/15/2023 13:24:15.453998,3333,True,True,True,True,Eyes,2.24053,0.06476022,-2.826845,-0.7764487,-0.5746716,0.2586118,0.0,0.0,0.0,0.0,0.0,0.0,0.0,2.235739,1.033654,2.376746,2.249362,0.05305384,-2.579427,0.1607719,-0.6255944,0.2034733,0.7357872,29.4176,280.9572,6.477682,0.6089596,0.01884131,-0.7929772,0.0,0.0,0.0,1.382349,-0.5287426,-2.548667,-0.1709885,-0.2213816,1.103538,0.1344607,0.09827011,0.9860343,-0.5005822,0.8655021,-0.01799563,-0.8551831,-0.4911714,0.1655682,static,-71.57863,-65.77145,-8.807693,-11.34358,-71.28043184811007,-60.66667378164818,83.08178840513045,79.59654941878713,61.376378373139296
3105,3105,05/15/2023 13:24:15.464348,3334,True,True,True,True,Eyes,2.240252,0.06430023,-2.816015,-0.7797925,-0.5740159,0.2498586,0.0,0.0,0.0,0.0,0.0,0.0,0.0,2.25223,0.9849556,2.366298,2.244014,0.05639602,-2.569681,0.1550421,-0.6292453,0.2057268,0.7332727,29.09647,280.5525,7.006531,0.6101748,0.01875245,-0.7920445,0.0,0.0,0.0,1.382349,-0.5287426,-2.548667,-0.1726995,-0.2145864,1.105431,0.1234535,0.1065885,0.9866094,-0.4968267,0.8672768,-0.03152894,-0.8590242,-0.4862815,0.1600243,static,-72.23367,-66.47739,-8.879446,-10.98564,-71.93407162935037,-61.368345736528376,84.22049641687394,80.71123125433745,62.04498408285443
3106,3106,05/15/2023 13:24:15.484488,3335,True,True,True,True,Eyes,2.239897,0.06391493,-2.805245,-0.7832994,-0.5731014,0.2408253,0.0,0.0,0.0,0.0,0.0,0.0,0.0,2.260012,0.9331136,2.366503,2.240503,0.05791132,-2.560368,0.1481127,-0.6329836,0.2026197,0.7323523,28.25855,280.1213,7.126317,0.6114103,0.01866404,-0.7910933,0.0,0.0,0.0,1.382349,-0.5287426,-2.548667,-0.1745124,-0.2107757,1.106777,0.1165541,0.1092721,0.987155,-0.4842837,0.8740159,-0.03956855,-0.8671128,-0.4734511,0.1547888,static,-72.90997,-67.20717,-8.960404,-10.78235,-72.60895127061988,-62.09368655642738,85.28368720699613,81.75567765523869,62.63646099897133
3107,3107,05/15/2023 13:24:15.504583,3336,True,True,True,True,Eyes,2.23943,0.06360226,-2.794542,-0.7866842,-0.5722052,0.2317524,0.0,0.0,0.0,0.0,0.0,0.0,0.0,2.277891,0.9144274,2.344769,2.238335,0.05922669,-2.551324,0.1466054,-0.6364404,0.2054195,0.7288713,28.37156,279.6108,7.36797,0.6126627,0.01857804,-0.7901259,0.0,0.0,0.0,1.382349,-0.5287426,-2.548667,-0.1764909,-0.2080089,1.108031,0.1054928,0.1128374,0.9879975,-0.4860599,0.8726194,-0.04776151,-0.8675351,-0.4751875,0.1469009,static,-73.58534,-67.95125,-9.050238,-10.6323,-73.28332018186177,-62.832795686739,86.3147810010134,82.76944240795068,63.19151048866156
3108,3108,05/15/2023 13:24:15.514384,3337,True,True,True,True,Eyes,2.238926,0.06335561,-2.78389,-0.7902696,-0.571021,0.2222816,0.0,0.0,0.0,0.0,0.0,0.0,0.0,2.298507,0.8925618,2.320048,2.235209,0.06064935,-2.542161,0.1448412,-0.6407941,0.2064564,0.7251068,28.33609,278.9419,7.427312,0.6139275,0.01849623,-0.7891454,0.0,0.0,0.0,1.382349,-0.5287426,-2.548667,-0.1791205,-0.2016591,1.110286,0.09351736,0.1137791,0.989095,-0.4850326,0.8727936,-0.05454149,-0.8694814,-0.4746427,0.136808,static,-74.29014,-68.73051,-9.164465,-10.2943,-73.98715062059226,-63.60677135909557,87.499395331452,83.92973354825169,63.8532992953434
3109,3109,05/15/2023 13:24:15.534109,3338,True,True,True,True,Eyes,2.238361,0.06317788,-2.773302,-0.7936062,-0.570011,0.2127832,0.0,0.0,0.0,0.0,0.0,0.0,0.0,2.315302,0.8762557,2.298562,2.23379,0.06187238,-2.533414,0.1436212,-0.6450362,0.2053192,0.721904,28.17968,278.2578,7.244694,0.6152028,0.01841997,-0.7881532,0.0,0.0,0.0,1.382349,-0.5287426,-2.548667,-0.1789274,-0.2096531,1.109747,0.08354463,0.1111597,0.9902848,-0.4817233,0.8744339,-0.05751522,-0.872332,-0.4722382,0.1266024,static,-74.99077,-69.52956,-9.159125,-10.69822,-74.68748218153624,-64.39971081734159,88.28891238202917,84.7219907162008,64.20182106997854
3110,3110,05/15/2023 13:24:15.554248,3339,True,True,True,True,Eyes,2.237693,0.06310519,-2.762712,-0.7969558,-0.5688812,0.2030654,0.0,0.0,0.0,0.0,0.0,0.0,0.0,2.333639,0.8704017,2.27012,2.231799,0.06338289,-2.524276,0.1442256,-0.6487403,0.2072321,0.7179067,28.42191,277.6234,7.212498,0.616486,0.01835064,-0.7871516,0.0,0.0,0.0,1.382349,-0.5287426,-2.548667,-0.1759971,-0.2103415,1.111387,0.07238193,0.1104167,0.9912462,-0.4846764,0.8725078,-0.06179859,-0.8716935,-0.4759605,0.1166702,static,-75.70513,-70.35569,-8.998524,-10.71705,-75.40184934481188,-65.21920916446452,89.47926388325305,85.90626851654982,64.89928011293053
3111,3111,05/15/2023 13:24:15.563910,3340,True,True,True,True,Eyes,2.236927,0.06310695,-2.752167,-0.8003728,-0.5674443,0.1934178,0.0,0.0,0.0,0.0,0.0,0.0,0.0,2.35013,0.847658,2.248153,2.228607,0.06565274,-2.51492,0.1423058,-0.6527308,0.207802,0.7144998,28.33542,277.0076,7.256289,0.617775,0.01829052,-0.7861418,0.0,0.0,0.0,1.382349,-0.5287426,-2.548667,-0.1757842,-0.1910059,1.116921,0.06152166,0.1111742,0.991895,-0.4827237,0.8731348,-0.06792256,-0.8736093,-0.4746324,0.1073831,static,-76.41439,-71.17792,-8.944013,-9.704342,-76.11117093976573,-66.03478464493342,91.27569536653344,87.66154159196363,66.07053644140078
3112,3112,05/15/2023 13:24:15.584241,3341,True,True,True,True,Eyes,2.2361,0.06316137,-2.741663,-0.8037484,-0.5658653,0.1838067,0.0,0.0,0.0,0.0,0.0,0.0,0.0,2.359383,0.8125849,2.237838,2.225598,0.06736861,-2.50541,0.1379786,-0.656655,0.2048185,0.7126118,27.75169,276.4577,7.186084,0.6190675,0.01824079,-0.7851254,0.0,0.0,0.0,1.382349,-0.5287426,-2.548667,-0.1780802,-0.1848345,1.118271,0.05370706,0.1107034,0.9924013,-0.4731208,0.8780226,-0.07233978,-0.8793591,-0.4656405,0.0995321,static,-77.11871,-72.00495,-9.048149,-9.385331,-76.81583916512322,-66.85483654216212,92.49225891154286,88.85495989294431,66.73040865282749
3113,3113,05/15/2023 13:24:15.604361,3342,True,True,True,True,Eyes,2.235202,0.06325445,-2.731202,-0.8070375,-0.5641806,0.1743297,0.0,0.0,0.0,0.0,0.0,0.0,0.0,2.366443,0.7923291,2.225042,2.22338,0.06857367,-2.496102,0.1357563,-0.6595869,0.203856,0.710604,27.50716,276.0207,7.165557,0.6203623,0.01820191,-0.7841038,0.0,0.0,0.0,1.382349,-0.5287426,-2.548667,-0.1806782,-0.1846848,1.118382,0.04677566,0.1106357,0.9927597,-0.468808,0.8800259,-0.0759836,-0.8820608,-0.4618595,0.09303067,static,-77.81071,-72.82905,-9.177023,-9.376949,-77.50849589014315,-67.67167508909266,93.47059490838907,89.81906967419953,67.19069522308068
3114,3114,05/15/2023 13:24:15.614667,3343,True,True,True,True,Eyes,2.234257,0.06337855,-2.7208,-0.8102129,-0.5624725,0.1648633,0.0,0.0,0.0,0.0,0.0,0.0,0.0,2.372595,0.7704461,2.213022,2.22082,0.06955704,-2.486639,0.1332294,-0.662378,0.2031249,0.708693,27.25351,275.6169,7.199345,0.6216571,0.01817396,-0.7830783,0.0,0.0,0.0,1.382349,-0.5287426,-2.548667,-0.1833781,-0.1827753,1.118191,0.03999124,0.1114098,0.9929698,-0.4644029,0.8819804,-0.08025337,-0.8847209,-0.4579284,0.08701047,static,-78.4984,-73.66389,-9.313335,-9.283257,-78.19727136388059,-68.49874106526536,94.5062914547752,90.83760367858042,67.68920647018955
3115,3115,05/15/2023 13:24:15.634412,3344,True,True,True,True,Eyes,2.233279,0.06355057,-2.710439,-0.8131495,-0.5609086,0.1554656,0.0,0.0,0.0,0.0,0.0,0.0,0.0,2.37867,0.754756,2.199443,2.218869,0.07036634,-2.477286,0.1315737,-0.6653142,0.2013707,0.7067497,26.99604,275.157,7.062948,0.622951,0.01815671,-0.7820498,0.0,0.0,0.0,1.382349,-0.5287426,-2.548667,-0.1880319,-0.1821804,1.116642,0.03361368,0.1095618,0.9934115,-0.4597131,0.8842764,-0.08197031,-0.8874311,-0.4539289,0.08009076,static,-79.17627,-74.50836,-9.5584,-9.266183,-78.87679902495204,-69.33479070211162,95.41063611063616,91.72392313160539,68.05178820962531
3116,3116,05/15/2023 13:24:15.654121,3345,True,True,True,True,Eyes,2.232243,0.06378131,-2.700085,-0.8158889,-0.5594616,0.1460413,0.0,0.0,0.0,0.0,0.0,0.0,0.0,2.386614,0.7563933,2.177832,2.217128,0.07172717,-2.467835,0.1328548,-0.6678184,0.2020497,0.703949,27.18795,274.6904,6.910146,0.6242431,0.0181505,-0.7810189,0.0,0.0,0.0,1.382349,-0.5287426,-2.548667,-0.1910215,-0.1782876,1.116153,0.02638891,0.1070196,0.9939066,-0.461911,0.8830511,-0.08281903,-0.8865336,-0.4569109,0.07273627,static,-79.85172,-75.37003,-9.711665,-9.075414,-79.55445201049422,-70.18736001651368,96.5121931467236,92.80455184590109,68.58214965134994
3117,3117,05/15/2023 13:24:15.664300,3346,True,True,True,True,Eyes,2.23117,0.06406809,-2.689788,-0.8185493,-0.5579326,0.136705,0.0,0.0,0.0,0.0,0.0,0.0,0.0,2.389659,0.7560865,2.161654,2.214663,0.07326394,-2.458615,0.1336175,-0.6701334,0.2001695,0.7021395,27.12394,274.2614,6.581477,0.6255334,0.01815596,-0.7799857,0.0,0.0,0.0,1.382349,-0.5287426,-2.548667,-0.1907001,-0.1742224,1.115918,0.02170691,0.1020108,0.9945465,-0.460177,0.884157,-0.08064438,-0.8875618,-0.4559169,0.06613537,static,-80.51861,-76.23259,-9.69764,-8.873651,-80.2238391271404,-71.04051964050363,97.73861291703817,94.01417084613729,69.24783921869185
3118,3118,05/15/2023 13:24:15.683806,3347,True,True,True,True,Eyes,2.23003,0.06439533,-2.679512,-0.8211649,-0.5563412,0.127172,0.0,0.0,0.0,0.0,0.0,0.0,0.0,2.395242,0.74489,2.147226,2.21277,0.07488887,-2.449626,0.1327385,-0.6728896,0.1985456,0.7001285,26.9406,273.8076,6.400398,0.6268213,0.01817357,-0.7789508,0.0,0.0,0.0,1.382349,-0.5287426,-2.548667,-0.1864903,-0.1688657,1.116318,0.01559837,0.09937812,0.9949276,-0.4566516,0.8859203,-0.08133054,-0.8895091,-0.4530666,0.0592001,static,-81.19666,-77.12419,-9.484156,-8.601926,-80.90482631541718,-71.92204868846311,99.18661146362301,95.44815391397329,70.12402960110647
3119,3119,05/15/2023 13:24:15.704140,3348,True,True,True,True,Eyes,2.228843,0.0647366,-2.66928,-0.823815,-0.5545287,0.1175879,0.0,0.0,0.0,0.0,0.0,0.0,0.0,2.405601,0.7191966,2.131461,2.210064,0.07604279,-2.44072,0.1297314,-0.6767431,0.1960298,0.6976826,26.50951,273.2272,6.283669,0.6281052,0.01820332,-0.7779152,0.0,0.0,0.0,1.382349,-0.5287426,-2.548667,-0.1817279,-0.1567506,1.118034,0.007182187,0.09794336,0.9951662,-0.4491228,0.8894842,-0.08430085,-0.8934414,-0.4463463,0.050377,static,-81.87671,-78.02776,-9.232245,-7.980961,-81.58807686541579,-72.81518980265724,100.91467854223501,97.15371135150541,71.22176336903271
3120,3120,05/15/2023 13:24:15.714515,3349,True,True,True,True,Eyes,2.227612,0.06507378,-2.659052,-0.8262858,-0.5528287,0.1078528,0.0,0.0,0.0,0.0,0.0,0.0,0.0,2.419793,0.6916953,2.111588,2.207893,0.07667349,-2.431455,0.1264843,-0.6813596,0.1931867,0.6945716,26.0378,272.5197,6.133521,0.6293848,0.01824448,-0.7768794,0.0,0.0,0.0,1.382349,-0.5287426,-2.548667,-0.1776424,-0.148639,1.118792,-0.00314408,0.09600149,0.9953763,-0.4407265,0.8933613,-0.08755447,-0.897636,-0.438964,0.03950155,static,-82.56339,-78.96068,-9.022136,-7.567805,-82.27854875270926,-73.73685740055808,102.49516398668837,98.71598403998769,72.18114567061335
3121,3121,05/15/2023 13:24:15.739213,3350,True,True,True,True,Eyes,2.22634,0.06541626,-2.648838,-0.828636,-0.5511196,0.09813106,0.0,0.0,0.0,0.0,0.0,0.0,0.0,2.434023,0.6723452,2.088018,2.205666,0.07685098,-2.421872,0.124516,-0.6856502,0.1917871,0.6910842,25.79165,271.8304,6.013929,0.6306604,0.01829587,-0.775843,0.0,0.0,0.0,1.382349,-0.5287426,-2.548667,-0.1719489,-0.1469091,1.118785,-0.01379716,0.09433325,0.9954452,-0.435831,0.8954269,-0.09089571,-0.8999229,-0.4350999,0.02875899,static,-83.24622,-79.90385,-8.737567,-7.480786,-82.96557152486643,-74.66829407131192,103.90687932481904,100.11971782109755,73.02532141324673
3122,3122,05/15/2023 13:24:15.754123,3351,True,True,True,True,Eyes,2.225023,0.06576933,-2.638563,-0.8307627,-0.5495614,0.08840548,0.0,0.0,0.0,0.0,0.0,0.0,0.0,2.444661,0.6604424,2.065471,2.203492,0.07732247,-2.411922,0.1236403,-0.6892092,0.1911509,0.68787,25.69515,271.2341,5.894771,0.6319318,0.0183567,-0.7748062,0.0,0.0,0.0,1.382349,-0.5287426,-2.548667,-0.1645114,-0.1447507,1.118955,-0.0230961,0.09254596,0.9954405,-0.433402,0.8963488,-0.09338913,-0.9009047,-0.4335828,0.01940741,static,-83.92574,-80.86138,-8.363835,-7.370979,-83.64978023471993,-75.61348231478611,105.40607442823125,101.61207019126144,73.95520318954763
3123,3123,05/15/2023 13:24:15.764465,3352,True,True,True,True,Eyes,2.223663,0.06612971,-2.628303,-0.8328112,-0.5479363,0.07868429,0.0,0.0,0.0,0.0,0.0,0.0,0.0,2.453734,0.6460199,2.0451,2.201187,0.07783587,-2.401937,0.1222793,-0.6926809,0.1900011,0.6849383,25.51376,270.6655,5.779294,0.6332001,0.01842644,-0.7737684,0.0,0.0,0.0,1.382349,-0.5287426,-2.548667,-0.1581209,-0.1402467,1.118985,-0.03181473,0.09087698,0.9953539,-0.4296792,0.8978947,-0.09571274,-0.9024211,-0.4307279,0.01048168,static,-84.6027,-81.82813,-8.043067,-7.143847,-84.33176107369358,-76.56748627744108,106.95381962472766,103.14846840352925,74.9040252472592
3124,3124,05/15/2023 13:24:15.784064,3353,True,True,True,True,Eyes,2.222246,0.06647056,-2.618057,-0.8346864,-0.5463935,0.06894065,0.0,0.0,0.0,0.0,0.0,0.0,0.0,2.463637,0.6325543,2.023137,2.198881,0.078371,-2.391965,0.1210967,-0.6963426,0.1886191,0.6818104,25.32911,270.0561,5.62252,0.6344652,0.01850449,-0.7727295,0.0,0.0,0.0,1.382349,-0.5287426,-2.548667,-0.154602,-0.1320428,1.119525,-0.04094022,0.08855541,0.9952296,-0.4258545,0.8995169,-0.09755704,-0.903865,-0.427817,0.0008852243,static,-85.27839,-82.80876,-7.86259,-6.726693,-85.01289044833096,-77.53484264875334,108.54347980709156,104.71849366729825,75.83882653336444
3125,3125,05/15/2023 13:24:15.804494,3354,True,True,True,True,Eyes,2.220792,0.06679055,-2.607807,-0.8364596,-0.544818,0.05923291,0.0,0.0,0.0,0.0,0.0,0.0,0.0,2.472069,0.621194,2.001374,2.196199,0.07830265,-2.381823,0.1200586,-0.7000172,0.186112,0.678914,25.06096,269.4386,5.360178,0.6357268,0.01858956,-0.77169,0.0,0.0,0.0,1.382349,-0.5287426,-2.548667,-0.1516106,-0.1287936,1.11922,-0.04932352,0.0846219,0.9951916,-0.4207943,0.9018965,-0.09754427,-0.9058142,-0.4235822,-0.008876234,static,-85.94942,-83.79514,-7.714379,-6.564405,-85.68966353195891,-78.50760083201787,109.93319821105865,106.09414886959613,76.60840557397094
3126,3126,05/15/2023 13:24:15.814454,3355,True,True,True,True,Eyes,2.219305,0.067078,-2.597578,-0.8379449,-0.5434931,0.04963543,0.0,0.0,0.0,0.0,0.0,0.0,0.0,2.47896,0.6144154,1.98,2.19395,0.07813744,-2.371419,0.1197021,-0.7031934,0.1848628,0.6760299,24.95037,268.8865,5.163447,0.6369845,0.01868037,-0.77065,0.0,0.0,0.0,1.382349,-0.5287426,-2.548667,-0.1490042,-0.1235702,1.119149,-0.05731016,0.08159812,0.9950162,-0.4182931,0.9029943,-0.09814419,-0.9065024,-0.4218331,-0.01761883,static,-86.61006,-84.78185,-7.583795,-6.300759,-86.35638316822458,-79.48035162133506,111.37518666381892,107.519177000874,77.41000571580832
3127,3127,05/15/2023 13:24:15.834204,3356,True,True,True,True,Eyes,2.217786,0.06734176,-2.587336,-0.8393194,-0.5421574,0.04010358,0.0,0.0,0.0,0.0,0.0,0.0,0.0,2.485002,0.607556,1.959386,2.191681,0.07774211,-2.36094,0.1192956,-0.7061251,0.1842872,0.673197,24.89006,268.3773,5.037254,0.6382388,0.01877551,-0.7696092,0.0,0.0,0.0,1.382349,-0.5287426,-2.548667,-0.1456266,-0.1214914,1.118487,-0.06514891,0.079648,0.9946919,-0.4165984,0.9036136,-0.09964078,-0.9067534,-0.4208785,-0.02568817,static,-87.26443,-85.76952,-7.418163,-6.199237,-87.01705665020674,-80.4538320673862,112.72469246148059,108.85645942689125,78.15050751028477
3128,3128,05/15/2023 13:24:15.855176,3357,True,True,True,True,Eyes,2.216232,0.06757504,-2.577142,-0.8404361,-0.5410439,0.03063855,0.0,0.0,0.0,0.0,0.0,0.0,0.0,2.4916,0.5963322,1.939097,2.189498,0.07743189,-2.350293,0.1182437,-0.7091666,0.1840949,0.6702316,24.80992,267.8661,4.996948,0.6394901,0.01887391,-0.7685673,0.0,0.0,0.0,1.382349,-0.5287426,-2.548667,-0.1423337,-0.12296,1.117068,-0.07361655,0.07906352,0.9941478,-0.4144814,0.904255,-0.1026067,-0.9070756,-0.4196092,-0.03379775,static,-87.91218,-86.75888,-7.261341,-6.28148,-87.67136491854441,-81.4287355417761,113.9349364425325,110.05853879659625,78.7820948764451
3129,3129,05/15/2023 13:24:15.863921,3358,True,True,True,True,Eyes,2.214651,0.06775949,-2.566924,-0.8414768,-0.5398794,0.02114265,0.0,0.0,0.0,0.0,0.0,0.0,0.0,2.500994,0.5843415,1.915064,2.18712,0.07704002,-2.339759,0.1172305,-0.7126022,0.1843401,0.6666887,24.77367,267.2799,4.973559,0.6407379,0.01897443,-0.7675249,0.0,0.0,0.0,1.382349,-0.5287426,-2.548667,-0.1392918,-0.1216537,1.11583,-0.08356632,0.07871733,0.9933882,-0.4128723,0.9045515,-0.1064097,-0.906947,-0.4190348,-0.04308993,static,-88.56071,-87.75734,-7.115566,-6.222116,-88.32667674728712,-82.41244368407521,115.24454101566334,111.3562326114479,79.48130234635914
3130,3130,05/15/2023 13:24:15.883825,3359,True,True,True,True,Eyes,2.213068,0.06788269,-2.556703,-0.842322,-0.5388495,0.01161664,0.0,0.0,0.0,0.0,0.0,0.0,0.0,2.510532,0.5741671,1.889724,2.184975,0.07605264,-2.328861,0.1163423,-0.7163947,0.1832508,0.6630704,24.63563,266.6249,4.816516,0.6419828,0.01907547,-0.7664813,0.0,0.0,0.0,1.382349,-0.5287426,-2.548667,-0.1359236,-0.120735,1.114434,-0.0936044,0.07632234,0.9926798,-0.4097104,0.9057672,-0.1082735,-0.9074005,-0.4168461,-0.05351374,static,-89.20988,-88.765,-6.953818,-6.183166,-88.98285927698592,-83.4050485901514,116.55822168577986,112.65870034572823,80.18451742861711
3131,3131,05/15/2023 13:24:15.904368,3360,True,True,True,True,Eyes,2.211475,0.06797908,-2.546466,-0.8430051,-0.5379011,0.002197051,0.0,0.0,0.0,0.0,0.0,0.0,0.0,2.515712,0.5743901,1.867095,2.183326,0.07480602,-2.317814,0.1168877,-0.7192963,0.1825871,0.6600091,24.64296,266.0824,4.598088,0.6432256,0.01917521,-0.7654364,0.0,0.0,0.0,1.382349,-0.5287426,-2.548667,-0.131781,-0.1212005,1.112734,-0.1014507,0.07286447,0.9921687,-0.4091721,0.9059985,-0.1083746,-0.9068,-0.4169624,-0.06210015,static,-89.85068,-89.76598,-6.754077,-6.216228,-89.63075351931248,-84.39094578704582,117.83720333324749,113.92905692566326,80.87532502505903
3132,3132,05/15/2023 13:24:15.914242,3361,True,True,True,True,Eyes,2.209881,0.06803814,-2.536233,-0.8435413,-0.537016,-0.007210208,0.0,0.0,0.0,0.0,0.0,0.0,0.0,2.518859,0.5752771,1.847132,2.181543,0.07428825,-2.307128,0.1176329,-0.7215766,0.1830688,0.6572486,24.7604,265.6409,4.476895,0.6444669,0.01927306,-0.7643889,0.0,0.0,0.0,1.382349,-0.5287426,-2.548667,-0.127283,-0.12259,1.110784,-0.1083739,0.07088105,0.99158,-0.4104057,0.9052966,-0.1095682,-0.9054403,-0.4188244,-0.06902048,moving,89.51027,89.23077,-6.536921,-6.297876,88.95680194858117,93.93972138292082,135.46506968803362,138.44358797604502,81.55443237104375
3133,3133,05/15/2023 13:24:15.934181,3362,True,True,True,True,Eyes,2.208293,0.06805727,-2.52598,-0.8440073,-0.5360743,-0.01661494,0.0,0.0,0.0,0.0,0.0,0.0,0.0,2.524701,0.5602244,1.828554,2.179938,0.07348439,-2.296529,0.1158288,-0.7245287,0.1833273,0.6542423,24.6587,265.1577,4.546413,0.6457076,0.01936813,-0.7633387,0.0,0.0,0.0,1.380188,-0.5269646,-2.548842,-0.1237864,-0.1215378,1.10942,-0.1171014,0.07203829,0.9905038,-0.4077235,0.9059496,-0.1140915,-0.9055656,-0.417212,-0.07671624,moving,88.87224,88.22476,-6.36659,-6.251864,88.31145321504715,92.9490578076248,134.15016668721017,137.13042971752412,82.26170534469244
3134,3134,05/15/2023 13:24:15.954131,3363,True,True,True,True,Eyes,2.206722,0.06804266,-2.515677,-0.8443805,-0.5351017,-0.02622721,0.0,0.0,0.0,0.0,0.0,0.0,0.0,2.533864,0.5436764,1.805508,2.178564,0.0725233,-2.285717,0.1138769,-0.7282357,0.1830415,0.6505387,24.50404,264.5394,4.556861,0.6469485,0.01945955,-0.7622851,0.0,0.0,0.0,1.37816,-0.5252953,-2.549007,-0.1206116,-0.1194723,1.107766,-0.1276628,0.07229266,0.9891796,-0.4040097,0.9070557,-0.118432,-0.9058027,-0.4147574,-0.08659035,moving,88.22092,87.19398,-6.213786,-6.155543,87.65255799987033,91.93407796288211,132.7857188918822,135.76621183690688,82.992817539493
3135,3135,05/15/2023 13:24:15.963901,3364,True,True,True,True,Eyes,2.205156,0.06798127,-2.505363,-0.8447201,-0.5340097,-0.03579981,0.0,0.0,0.0,0.0,0.0,0.0,0.0,2.541098,0.5365503,1.782175,2.177521,0.07170843,-2.274745,0.1133423,-0.7316487,0.1822836,0.6470057,24.41869,263.9282,4.410544,0.6481912,0.01954672,-0.7612264,0.0,0.0,0.0,1.375906,-0.5234408,-2.549191,-0.1181757,-0.1146116,1.106461,-0.1370743,0.07002351,0.9880827,-0.4017306,0.9078524,-0.1200688,-0.9054409,-0.4134014,-0.09631255,moving,87.57322,86.16466,-6.096371,-5.913834,86.997208474221,90.92062032272534,131.34854904191107,134.3254483830338,83.76880277342308
3136,3136,05/15/2023 13:24:15.983859,3365,True,True,True,True,Eyes,2.20362,0.06785365,-2.495072,-0.8450333,-0.5327786,-0.04544942,0.0,0.0,0.0,0.0,0.0,0.0,0.0,2.545806,0.5270098,1.762897,2.176168,0.07051031,-2.264066,0.1121421,-0.7348195,0.1805033,0.6441142,24.18846,263.3858,4.257499,0.6494364,0.01962869,-0.7601623,0.0,0.0,0.0,1.373735,-0.5216542,-2.549367,-0.1163299,-0.1095873,1.104931,-0.1450824,0.06772102,0.9870993,-0.3973379,0.9096854,-0.12081,-0.9061313,-0.4097393,-0.1050712,moving,86.92136,85.12411,-6.0101,-5.664085,86.33752386200327,89.89619688071254,129.9182535638839,132.89037251087558,84.5275868032525
3137,3137,05/15/2023 13:24:16.003920,3366,True,True,True,True,Eyes,2.202104,0.06767886,-2.484798,-0.8452765,-0.5314841,-0.05506692,0.0,0.0,0.0,0.0,0.0,0.0,0.0,2.5502,0.5177239,1.744992,2.175342,0.06880142,-2.25382,0.1108359,-0.7378317,0.1788482,0.6413527,23.95943,262.8741,4.132454,0.6506842,0.01970398,-0.7590925,0.0,0.0,0.0,1.371715,-0.5199919,-2.549531,-0.1149475,-0.1063065,1.10292,-0.1527643,0.06585303,0.9860663,-0.3929661,0.9114575,-0.1217499,-0.906775,-0.4060896,-0.1133602,moving,86.27264,84.0847,-5.949945,-5.505525,85.68091134555544,88.87297183739811,128.57454491318586,131.54282382519614,85.21481502937861
3138,3138,05/15/2023 13:24:16.014310,3367,True,True,True,True,Eyes,2.200579,0.06749405,-2.474558,-0.845461,-0.5300897,-0.06481206,0.0,0.0,0.0,0.0,0.0,0.0,0.0,2.559186,0.4976358,1.723439,2.174367,0.06745726,-2.243856,0.1081607,-0.7414523,0.1786927,0.6376668,23.76117,262.2828,4.229554,0.6519353,0.01977183,-0.7580165,0.0,0.0,0.0,1.369471,-0.5181455,-2.549713,-0.1138481,-0.1020712,1.100749,-0.1633649,0.06750084,0.9842538,-0.3882847,0.9127403,-0.1270433,-0.9069438,-0.4029251,-0.1229002,moving,85.61635,83.02927,-5.904987,-5.297822,85.01653062582788,87.8340523947692,127.1921000197891,130.15478629565183,85.92259833620643
3139,3139,05/15/2023 13:24:16.034024,3368,True,True,True,True,Eyes,2.199022,0.0673577,-2.464334,-0.8455238,-0.528697,-0.07462494,0.0,0.0,0.0,0.0,0.0,0.0,0.0,2.571954,0.4620783,1.698887,2.172667,0.06699228,-2.233766,0.1033925,-0.7458318,0.1794064,0.6331336,23.48673,261.6044,4.562081,0.653189,0.01983265,-0.7569348,0.0,0.0,0.0,1.367344,-0.5163952,-2.549886,-0.1147644,-0.09458067,1.098187,-0.1769037,0.07294959,0.981521,-0.3814034,0.9142467,-0.1366915,-0.9073238,-0.3985366,-0.1339104,moving,84.95621,81.96584,-5.965956,-4.922417,84.34820312633482,86.78729336287306,125.76330734609998,128.71409524033874,86.63291594772788
3140,3140,05/15/2023 13:24:16.054205,3369,True,True,True,True,Eyes,2.197466,0.06721041,-2.454149,-0.8454661,-0.5272863,-0.08459437,0.0,0.0,0.0,0.0,0.0,0.0,0.0,2.588396,0.4235771,1.667763,2.170408,0.06795855,-2.223816,0.09870935,-0.7507978,0.1810886,0.6275079,23.3161,260.7964,4.937955,0.6544444,0.0198886,-0.7558482,0.0,0.0,0.0,1.365188,-0.5146208,-2.550062,-0.1201668,-0.08455046,1.094642,-0.1929806,0.07904751,0.9780133,-0.3754906,0.9149268,-0.14804,-0.9065127,-0.3958036,-0.1468817,moving,84.2862,80.88551,-6.264685,-4.416771,83.66985593607947,85.72391873580766,124.4023388770733,127.33250016955803,87.21941811649329
3141,3141,05/15/2023 13:24:16.064181,3370,True,True,True,True,Eyes,2.195925,0.06714237,-2.443968,-0.8449434,-0.5264319,-0.09455168,0.0,0.0,0.0,0.0,0.0,0.0,0.0,2.605259,0.3953167,1.632593,2.168862,0.06755972,-2.213703,0.09548135,-0.7558901,0.1823335,0.6215045,23.22434,259.9116,5.137832,0.6557014,0.01993983,-0.7547567,0.0,0.0,0.0,1.36308,-0.5128855,-2.550233,-0.1266365,-0.07239807,1.09106,-0.2092308,0.08229538,0.9743973,-0.3709891,0.9152756,-0.156964,-0.9047594,-0.3943324,-0.1609731,moving,83.615,79.81776,-6.620549,-3.796339,82.99069930933523,84.67264471028568,123.01939625487195,125.92433006487717,87.81585052784804
3142,3142,05/15/2023 13:24:16.084472,3371,True,True,True,True,Eyes,2.194298,0.067224,-2.433753,-0.8442267,-0.5256584,-0.1047123,0.0,0.0,0.0,0.0,0.0,0.0,0.0,2.620735,0.391125,1.593092,2.167698,0.06948522,-2.203504,0.09719788,-0.7593818,0.1894569,0.6148155,24.03269,259.1311,5.361635,0.6569604,0.0199892,-0.7536598,0.0,0.0,0.0,1.36101,-0.5111821,-2.550401,-0.1308571,-0.05794878,1.087784,-0.2251091,0.08534151,0.9705889,-0.3805827,0.9093173,-0.1682228,-0.8969297,-0.4072578,-0.1722161,moving,82.92952,78.73403,-6.859544,-3.049397,82.29727710865855,83.60550447564866,121.4520685120695,124.33024853170573,88.58829903423438
3143,3143,05/15/2023 13:24:16.104049,3372,True,True,True,True,Eyes,2.19261,0.06734686,-2.423557,-0.8436463,-0.5244173,-0.1150968,0.0,0.0,0.0,0.0,0.0,0.0,0.0,2.639674,0.3546137,1.550926,2.164235,0.07310206,-2.193114,0.09388165,-0.7648722,0.192858,0.6074228,24.14676,258.1305,5.703057,0.6582209,0.02004154,-0.7525576,0.0,0.0,0.0,1.358861,-0.5094136,-2.550576,-0.1333315,-0.04734351,1.084066,-0.2444474,0.09067783,0.9654133,-0.3779077,0.907984,-0.1809718,-0.8929899,-0.4090752,-0.1876865,moving,82.23123,77.62125,-7.011711,-2.500642,81.59065658134082,82.50993342973996,119.93256478533738,122.78915862532222,89.34279453144728
3144,3144,05/15/2023 13:24:16.114159,3373,True,True,True,True,Eyes,2.190925,0.06750418,-2.413321,-0.8429038,-0.5232338,-0.1254573,0.0,0.0,0.0,0.0,0.0,0.0,0.0,2.65022,0.3286491,1.52021,2.161182,0.07413611,-2.183233,0.09018099,-0.7704775,0.1863582,0.6029117,23.32286,257.1942,5.358118,0.6594818,0.02009786,-0.7514514,0.0,0.0,0.0,1.356658,-0.5076007,-2.550755,-0.1375321,-0.03510204,1.080523,-0.2567297,0.0857503,0.9626717,-0.3636799,0.914276,-0.1784272,-0.8954479,-0.3959119,-0.2035362,moving,81.53429,76.51657,-7.25377,-1.860666,80.88556437538851,81.42222006691817,118.43272656476036,121.26244833324048,90.06659033368712
3145,3145,05/15/2023 13:24:16.134085,3374,True,True,True,True,Eyes,2.189195,0.06771639,-2.403138,-0.8419368,-0.5222146,-0.1357729,0.0,0.0,0.0,0.0,0.0,0.0,0.0,2.659082,0.3389576,1.485343,2.159847,0.07516462,-2.172849,0.09337452,-0.7736844,0.1884572,0.5976433,23.77976,256.4365,5.064053,0.6607442,0.02015888,-0.75034,0.0,0.0,0.0,1.354587,-0.5058966,-2.550923,-0.1431037,-0.0264013,1.076344,-0.2682076,0.08077545,0.9599688,-0.3697451,0.9115302,-0.1800034,-0.8895804,-0.4032221,-0.214613,moving,80.8392,75.42608,-7.57326,-1.405108,80.18265079787258,80.34825605201141,117.13152663883001,119.93628480899714,90.62601588846238
3146,3146,05/15/2023 13:24:16.154288,3375,True,True,True,True,Eyes,2.187453,0.06798392,-2.392992,-0.841022,-0.5209767,-0.145826,0.0,0.0,0.0,0.0,0.0,0.0,0.0,2.665371,0.342577,1.455851,2.157082,0.07675771,-2.163832,0.09532788,-0.7765502,0.1893833,0.5933096,24.03215,255.7876,4.815596,0.6620069,0.02022586,-0.7492245,0.0,0.0,0.0,1.352425,-0.5041172,-2.551099,-0.1471514,-0.03001692,1.071641,-0.2777926,0.0766721,0.9575766,-0.3727797,0.9100931,-0.1810134,-0.8853624,-0.4072492,-0.2242353,moving,80.16321,74.36259,-7.818616,-1.604448,79.49897134723258,79.30094212334211,116.24023644499232,119.03799062127929,90.89366371500559
3147,3147,05/15/2023 13:24:16.174065,3376,True,True,True,True,Eyes,2.185696,0.06830976,-2.382893,-0.8399242,-0.5198672,-0.1557733,0.0,0.0,0.0,0.0,0.0,0.0,0.0,2.669237,0.3420876,1.432985,2.155265,0.07819882,-2.154996,0.09607606,-0.7793194,0.1883372,0.5898814,24.01003,255.2133,4.548759,0.6632696,0.02029997,-0.7481047,0.0,0.0,0.0,1.350123,-0.5022231,-2.551286,-0.1487736,-0.03429861,1.06559,-0.2856191,0.07244532,0.9556013,-0.371941,0.910597,-0.1802027,-0.8832225,-0.4068966,-0.2331385,moving,79.49324,73.31966,-7.948042,-1.843568,78.82168276756619,78.2736544471678,115.30606506677569,118.10061163638467,91.23499162350232
3148,3148,05/15/2023 13:24:16.184382,3377,True,True,True,True,Eyes,2.18387,0.06869471,-2.372798,-0.8389824,-0.5183733,-0.1655225,0.0,0.0,0.0,0.0,0.0,0.0,0.0,2.674151,0.331587,1.409523,2.153224,0.07992227,-2.145932,0.09564627,-0.7819957,0.1900056,0.5858604,24.15697,254.6631,4.591675,0.6645315,0.02038232,-0.7469818,0.0,0.0,0.0,1.348124,-0.500578,-2.551449,-0.1473662,-0.03166571,1.060307,-0.2952388,0.07304357,0.9526272,-0.3722235,0.9094993,-0.1850964,-0.879934,-0.4092379,-0.241331,moving,78.83947,72.29112,-7.912533,-1.71061,78.16047587398667,77.26075906062928,114.02704094864914,116.81198563474342,91.89701599518237
3149,3149,05/15/2023 13:24:16.204049,3378,True,True,True,True,Eyes,2.181981,0.06911089,-2.362775,-0.838107,-0.5165886,-0.1752511,0.0,0.0,0.0,0.0,0.0,0.0,0.0,2.678245,0.3004739,1.390575,2.150139,0.08172554,-2.137101,0.09137346,-0.7853792,0.1888944,0.5823654,23.77418,254.1242,4.794247,0.6657922,0.02047406,-0.7458558,0.0,0.0,0.0,1.345972,-0.4988071,-2.551624,-0.1465704,-0.02555725,1.057637,-0.305003,0.0764855,0.9492751,-0.3635367,0.9119396,-0.190282,-0.8802354,-0.4031329,-0.250339,moving,78.18942,71.26066,-7.889963,-1.384254,77.50281934713155,76.24612779364618,112.6363338702396,115.40538745834985,92.64606602662029
3150,3150,05/15/2023 13:24:16.213959,3379,True,True,True,True,Eyes,2.180041,0.06953711,-2.352785,-0.8372952,-0.5145943,-0.1847416,0.0,0.0,0.0,0.0,0.0,0.0,0.0,2.682253,0.2669939,1.371723,2.146885,0.08280313,-2.128712,0.08631252,-0.7890767,0.1859978,0.579062,23.17207,253.5597,4.941791,0.66705,0.02057528,-0.7447284,0.0,0.0,0.0,1.343881,-0.4970868,-2.551794,-0.1458104,-0.02224533,1.055007,-0.3144747,0.07919419,0.9459568,-0.351623,0.9159099,-0.1935725,-0.881741,-0.3934938,-0.260184,moving,77.55756,70.25165,-7.868884,-1.20793,76.86336429110655,75.25276311521152,111.37391484661717,114.13058964241043,93.30263521479303
3151,3151,05/15/2023 13:24:16.233841,3380,True,True,True,True,Eyes,2.178036,0.06997255,-2.342883,-0.8364066,-0.5125751,-0.1941408,0.0,0.0,0.0,0.0,0.0,0.0,0.0,2.68496,0.249894,1.351336,2.143953,0.08339226,-2.119925,0.0841262,-0.791977,0.1851225,0.5756951,22.95996,253.039,4.977837,0.6683043,0.02068545,-0.7436,0.0,0.0,0.0,1.341656,-0.4952555,-2.551975,-0.1464176,-0.02235052,1.052577,-0.3229957,0.07989621,0.9430218,-0.3464003,0.9173049,-0.1963634,-0.8807272,-0.3900876,-0.2686094,moving,76.9323,69.25553,-7.919249,-1.216441,76.23065266556088,74.27204241383438,110.29997309303498,113.04741075515315,93.79900300171481
3152,3152,05/15/2023 13:24:16.254198,3381,True,True,True,True,Eyes,2.175972,0.07042487,-2.333027,-0.8354818,-0.5105027,-0.2033646,0.0,0.0,0.0,0.0,0.0,0.0,0.0,2.68735,0.2351036,1.331278,2.140479,0.08402371,-2.11204,0.08236854,-0.7946056,0.1845386,0.5725057,22.80424,252.5545,5.003411,0.669553,0.02080402,-0.7424725,0.0,0.0,0.0,1.339599,-0.4935628,-2.552142,-0.1491393,-0.01817765,1.051014,-0.3309051,0.08039781,0.9402328,-0.3421998,0.9183218,-0.1989579,-0.8794321,-0.3875838,-0.2763653,moving,76.31967,68.27956,-8.076373,-0.9908515,75.61072234458926,73.31115964153939,109.18370749996166,111.91210295089545,94.31360230303343
3153,3153,05/15/2023 13:24:16.264502,3382,True,True,True,True,Eyes,2.173839,0.07089277,-2.323277,-0.83443,-0.5084976,-0.2125011,0.0,0.0,0.0,0.0,0.0,0.0,0.0,2.689815,0.2280006,1.309526,2.137314,0.08485152,-2.103958,0.08196813,-0.7971426,0.1841352,0.5691566,22.75984,252.0421,4.909791,0.6707957,0.02093081,-0.7413464,0.0,0.0,0.0,1.337235,-0.4916176,-2.552334,-0.1532415,-0.0253148,1.048209,-0.3386841,0.07892289,0.9375842,-0.340284,0.9187509,-0.2002586,-0.8772113,-0.3868693,-0.2843101,moving,75.71241,67.31995,-8.317355,-1.383454,74.9964388553676,72.36623033538615,108.54104812071073,111.26636592494513,94.43840393053641
3154,3154,05/15/2023 13:24:16.284062,3383,True,True,True,True,Eyes,2.171652,0.07134903,-2.313627,-0.8333195,-0.5064853,-0.2214747,0.0,0.0,0.0,0.0,0.0,0.0,0.0,2.69175,0.2273836,1.287743,2.133592,0.08572969,-2.096648,0.0826671,-0.7993733,0.1837081,0.5660564,22.78606,251.5576,4.716885,0.6720307,0.02106557,-0.7402232,0.0,0.0,0.0,1.335209,-0.4899499,-2.552499,-0.1576132,-0.04073149,1.045596,-0.3454929,0.0758146,0.9353541,-0.3401421,0.9188349,-0.2001143,-0.8746076,-0.3872913,-0.2916632,moving,75.11635,66.38132,-8.57223,-2.230845,74.39357438622613,71.44189495039556,108.21925710521037,110.95493368594364,94.31406689372136
3155,3155,05/15/2023 13:24:16.304271,3384,True,True,True,True,Eyes,2.16941,0.07180498,-2.304091,-0.8320113,-0.5046777,-0.2303426,0.0,0.0,0.0,0.0,0.0,0.0,0.0,2.693079,0.229119,1.26689,2.130161,0.08594844,-2.089307,0.08345751,-0.8016112,0.1823575,0.5632053,22.72863,251.0785,4.452776,0.6732571,0.02120724,-0.739104,0.0,0.0,0.0,1.333091,-0.4882069,-2.552671,-0.1585979,-0.03763404,1.045267,-0.3516696,0.07160847,0.9333815,-0.3392103,0.9195611,-0.1983522,-0.8725051,-0.386367,-0.2990914,moving,74.52523,65.46732,-8.62766,-2.062001,73.79616582202556,70.54147892542325,107.11961683124683,109.84057702152217,94.87057270888815
3156,3156,05/15/2023 13:24:16.314577,3385,True,True,True,True,Eyes,2.167102,0.07225184,-2.294703,-0.8306092,-0.5029603,-0.2389964,0.0,0.0,0.0,0.0,0.0,0.0,0.0,2.695741,0.2320927,1.243219,2.126622,0.08645833,-2.082424,0.08504798,-0.8035795,0.1836874,0.5597194,22.98069,250.5903,4.29457,0.6744727,0.02135514,-0.7379906,0.0,0.0,0.0,1.330906,-0.4864087,-2.552848,-0.157383,-0.03826905,1.04447,-0.3589621,0.06894114,0.9308025,-0.3423124,0.9180516,-0.2000088,-0.8683135,-0.3904208,-0.3059464,moving,73.94756,64.5839,-8.568985,-2.09836,73.21261712993137,69.67099001311816,106.0919600980424,108.80749077266628,95.41006478845739
3157,3157,05/15/2023 13:24:16.334217,3386,True,True,True,True,Eyes,2.164729,0.07269446,-2.285426,-0.8290575,-0.5013512,-0.2476098,0.0,0.0,0.0,0.0,0.0,0.0,0.0,2.700415,0.2258522,1.216759,2.122723,0.08673035,-2.076121,0.0850886,-0.8061979,0.1843119,0.5557284,23.06381,250.0193,4.217109,0.6756759,0.02150843,-0.7368847,0.0,0.0,0.0,1.32878,-0.4846592,-2.553021,-0.1557781,-0.04081319,1.045081,-0.3678516,0.06765819,0.9274198,-0.3420511,0.9175782,-0.2026113,-0.8646884,-0.3917559,-0.3143901,moving,73.371,63.71593,-8.477996,-2.236417,72.6305647547274,68.81544296602597,105.11408193489788,107.82840735323448,95.92544874704467
3158,3158,05/15/2023 13:24:16.354368,3387,True,True,True,True,Eyes,2.162277,0.07312907,-2.276299,-0.827468,-0.4997717,-0.2559783,0.0,0.0,0.0,0.0,0.0,0.0,0.0,2.704735,0.2150635,1.190674,2.118839,0.08707865,-2.069418,0.08442274,-0.8088704,0.1852935,0.5516045,23.13462,249.45,4.230903,0.6768652,0.02166649,-0.7357877,0.0,0.0,0.0,1.326686,-0.4829362,-2.553191,-0.1544991,-0.03619357,1.045634,-0.3772102,0.06784336,0.9236393,-0.3409916,0.9170782,-0.2066209,-0.8610674,-0.3928928,-0.3227972,moving,72.81049,62.87891,-8.405001,-1.982444,72.06490037401159,67.99026155681459,103.93724655331407,106.6376319602223,96.60926128755834
3159,3159,05/15/2023 13:24:16.364496,3388,True,True,True,True,Eyes,2.159738,0.07355458,-2.267289,-0.8258177,-0.4981761,-0.2642835,0.0,0.0,0.0,0.0,0.0,0.0,0.0,2.708056,0.1963142,1.167116,2.114326,0.08731884,-2.063072,0.0823902,-0.8114132,0.1865866,0.5477281,23.14457,248.9443,4.409253,0.6780393,0.02182871,-0.7347011,0.0,0.0,0.0,1.324556,-0.4811834,-2.553365,-0.1545454,-0.03844333,1.045206,-0.3864118,0.07069241,0.9196132,-0.3381023,0.9167946,-0.2125427,-0.8581216,-0.3930524,-0.3303589,moving,72.25396,62.05396,-8.410883,-2.106426,71.50341966072806,67.17685078612185,103.06974351323305,105.76610143128477,97.03298678374445
3160,3160,05/15/2023 13:24:16.384160,3389,True,True,True,True,Eyes,2.157121,0.07395905,-2.258441,-0.8241892,-0.4965021,-0.272393,0.0,0.0,0.0,0.0,0.0,0.0,0.0,2.710287,0.176631,1.145503,2.109736,0.08748467,-2.05679,0.07988904,-0.8139912,0.1866362,0.5442457,23.00422,248.4617,4.554587,0.6791962,0.02199441,-0.7336268,0.0,0.0,0.0,1.322407,-0.4794151,-2.553539,-0.156802,-0.04928837,1.044044,-0.3948292,0.07309398,0.9158426,-0.3332098,0.9175693,-0.2168819,-0.8562018,-0.390799,-0.3379275,moving,71.71138,61.24977,-8.541255,-2.702876,70.95601527214235,66.38390789898835,102.61786567086914,105.32236082726006,97.10268758106201
3161,3161,05/15/2023 13:24:16.404141,3390,True,True,True,True,Eyes,2.154412,0.07434089,-2.249713,-0.8224388,-0.4948918,-0.2804932,0.0,0.0,0.0,0.0,0.0,0.0,0.0,2.713113,0.162444,1.12153,2.105037,0.08738959,-2.050946,0.07844483,-0.8164821,0.1871867,0.5405225,22.98385,247.9513,4.626682,0.6803347,0.02216269,-0.732566,0.0,0.0,0.0,1.32026,-0.477648,-2.553714,-0.1598704,-0.05292152,1.043525,-0.4033637,0.07425967,0.9120214,-0.3304549,0.9176151,-0.2208669,-0.853286,-0.3904716,-0.3455932,moving,71.16803,60.45644,-8.710119,-2.903221,70.40816130301614,65.60141922715312,101.95570278165475,104.65461294543265,97.33918682114688
3162,3162,05/15/2023 13:24:16.423941,3391,True,True,True,True,Eyes,2.151606,0.0746996,-2.241142,-0.8206946,-0.4931624,-0.2885326,0.0,0.0,0.0,0.0,0.0,0.0,0.0,2.71675,0.1480593,1.094383,2.100183,0.08722007,-2.044982,0.07706747,-0.819257,0.1877497,0.5363102,22.97283,247.3713,4.679271,0.681453,0.02233257,-0.7315207,0.0,0.0,0.0,1.318036,-0.4758184,-2.553895,-0.1636462,-0.05635764,1.042603,-0.4128639,0.07510801,0.9076906,-0.3276603,0.9176213,-0.2249663,-0.849813,-0.3902946,-0.3542428,moving,70.62979,59.66954,-8.920327,-3.094099,69.86543157826875,64.82529482678179,101.32865090997713,104.02038171700165,97.54257280744636
3163,3163,05/15/2023 13:24:16.435023,3392,True,True,True,True,Eyes,2.148693,0.07502405,-2.232683,-0.818846,-0.4914742,-0.2965539,0.0,0.0,0.0,0.0,0.0,0.0,0.0,2.71983,0.1346299,1.067159,2.094809,0.08702573,-2.039273,0.0757119,-0.8220695,0.1875389,0.5322579,22.88835,246.7908,4.679419,0.6825498,0.02250327,-0.7304922,0.0,0.0,0.0,1.315969,-0.4741168,-2.554063,-0.1662753,-0.06010491,1.04227,-0.4219383,0.07515723,0.9035038,-0.324119,0.9181938,-0.2277435,-0.8467082,-0.3889365,-0.3630613,moving,70.09161,58.89337,-9.064126,-3.300439,69.32305256150198,64.05952523628699,100.66628243672345,103.35334800937345,97.79575055368495
3164,3164,05/15/2023 13:24:16.454301,3393,True,True,True,True,Eyes,2.145679,0.0753082,-2.224374,-0.8171074,-0.4896075,-0.3043353,0.0,0.0,0.0,0.0,0.0,0.0,0.0,2.72209,0.1221796,1.040484,2.089341,0.0865373,-2.033341,0.07448616,-0.8247332,0.1875894,0.5282776,22.83764,246.2302,4.688828,0.6836239,0.02267364,-0.7294819,0.0,0.0,0.0,1.313824,-0.4723516,-2.554237,-0.1679391,-0.05604751,1.04312,-0.4307491,0.07533612,0.8993217,-0.321061,0.9185241,-0.2307236,-0.8434304,-0.3881211,-0.371466,moving,69.57193,58.13532,-9.145959,-3.07558,68.79908443579461,63.31181897714809,99.71599835245256,102.38513827289073,98.30319300869212
3165,3165,05/15/2023 13:24:16.464337,3394,True,True,True,True,Eyes,2.142551,0.07555839,-2.216165,-0.815263,-0.4878142,-0.3120634,0.0,0.0,0.0,0.0,0.0,0.0,0.0,2.723059,0.1101473,1.015879,2.083487,0.08587737,-2.027535,0.07326846,-0.8270958,0.1878474,0.5246501,22.80625,245.7294,4.723424,0.6846732,0.02284243,-0.7284918,0.0,0.0,0.0,1.311574,-0.4705,-2.55442,-0.1703555,-0.05746576,1.043123,-0.4387481,0.07590823,0.8953984,-0.3183084,0.9186902,-0.2338549,-0.8403452,-0.3876161,-0.3789114,moving,69.05434,57.39223,-9.275264,-3.153245,68.27754836967226,62.57861253236898,99.00142123107344,101.66177158155982,98.6175037716538
3166,3166,05/15/2023 13:24:16.484099,3395,True,True,True,True,Eyes,2.139297,0.07577506,-2.208051,-0.8134813,-0.4859418,-0.3195446,0.0,0.0,0.0,0.0,0.0,0.0,0.0,2.723409,0.1005563,0.991925,2.077653,0.08531295,-2.021647,0.07247536,-0.8292975,0.1882233,0.5211383,22.81306,245.2456,4.727732,0.6856977,0.02300883,-0.7275223,0.0,0.0,0.0,1.309494,-0.4687882,-2.554589,-0.1725499,-0.06063532,1.043581,-0.4463247,0.0759735,0.8916404,-0.316388,0.9186385,-0.2366469,-0.8370742,-0.3877257,-0.385974,moving,68.55455,56.67197,-9.388577,-3.325327,67.77387370109535,61.867991951300034,98.36059522920924,101.01590287714556,98.88498953998152
3167,3167,05/15/2023 13:24:16.503860,3396,True,True,True,True,Eyes,2.135917,0.07595759,-2.20004,-0.8116157,-0.484118,-0.3269705,0.0,0.0,0.0,0.0,0.0,0.0,0.0,2.72316,0.09319934,0.9684434,2.0715,0.08471712,-2.015906,0.07203921,-0.8313544,0.1885432,0.5177951,22.83605,244.7812,4.69733,0.6866962,0.02317206,-0.7265747,0.0,0.0,0.0,1.307391,-0.4670579,-2.55476,-0.1731648,-0.06805456,1.043152,-0.4533973,0.07547329,0.8881076,-0.3150337,0.9185237,-0.2388893,-0.8337775,-0.3880956,-0.3926795,moving,68.05728,55.96514,-9.425239,-3.732651,67.27300581395913,61.17040843497141,97.81291837413423,100.47401595219253,99.10019670677356
3168,3168,05/15/2023 13:24:16.514198,3397,True,True,True,True,Eyes,2.132414,0.07609552,-2.192164,-0.8098281,-0.4821604,-0.3342151,0.0,0.0,0.0,0.0,0.0,0.0,0.0,2.72236,0.08545539,0.9457421,2.065112,0.08408019,-2.010277,0.07141814,-0.8333898,0.1884609,0.5146297,22.80713,244.3328,4.662872,0.6876681,0.02333142,-0.72565,0.0,0.0,0.0,1.305245,-0.4652919,-2.554934,-0.1721001,-0.07553868,1.043275,-0.4601117,0.07493684,0.8846933,-0.3130134,0.9187639,-0.2406148,-0.8308552,-0.3876304,-0.3992778,moving,67.57411,55.27178,-9.367229,-4.141293,66.78616072948178,60.48626368945592,97.21050812754889,99.88022752747001,99.38620230830199
3169,3169,05/15/2023 13:24:16.534323,3398,True,True,True,True,Eyes,2.128785,0.07618193,-2.184395,-0.8079748,-0.4802259,-0.3414087,0.0,0.0,0.0,0.0,0.0,0.0,0.0,2.721151,0.07752901,0.9234018,2.058354,0.08316426,-2.004897,0.07058611,-0.8354465,0.1878104,0.5116385,22.70834,243.8951,4.616087,0.688612,0.0234859,-0.7247492,0.0,0.0,0.0,1.303059,-0.4634931,-2.555112,-0.1711517,-0.07834389,1.043548,-0.4664872,0.07424019,0.8814067,-0.3101239,0.9194897,-0.241582,-0.8283795,-0.3860402,-0.4059066,moving,67.09357,54.5897,-9.314122,-4.2934,66.30217032961588,59.813085012802254,96.46426728264132,99.13357194399163,99.7933757257009
3170,3170,05/15/2023 13:24:16.554129,3399,True,True,True,True,Eyes,2.125031,0.0762163,-2.17676,-0.8061979,-0.4782082,-0.3483703,0.0,0.0,0.0,0.0,0.0,0.0,0.0,2.719839,0.06869942,0.9013295,2.051716,0.08200389,-1.999593,0.06959609,-0.8374525,0.1874548,0.5086164,22.62912,243.4658,4.605828,0.6895271,0.02363435,-0.7238738,0.0,0.0,0.0,1.300874,-0.4616945,-2.55529,-0.1717508,-0.07856184,1.044099,-0.4729317,0.0741184,0.8779762,-0.307252,0.9200341,-0.2431736,-0.8257918,-0.3847645,-0.4123403,moving,66.6301,53.92701,-9.34131,-4.303037,65.8352405348053,59.15915019719231,95.72039234672154,98.38172063022486,100.18927060732858
3171,3171,05/15/2023 13:24:16.563885,3400,True,True,True,True,Eyes,2.12113,0.07619593,-2.169219,-0.8043697,-0.476179,-0.3553068,0.0,0.0,0.0,0.0,0.0,0.0,0.0,2.718482,0.0558866,0.8781672,2.044633,0.08079295,-1.994339,0.06800836,-0.8395722,0.1874077,0.5053436,22.54567,243.0196,4.671267,0.6904121,0.02377566,-0.7230251,0.0,0.0,0.0,1.298754,-0.4599501,-2.555462,-0.1729731,-0.08042394,1.044405,-0.4800059,0.07521468,0.8740352,-0.3036063,0.9205065,-0.2459494,-0.8230541,-0.3834197,-0.4190129,moving,66.16796,53.2711,-9.403892,-4.403345,65.3697836964084,58.51179882471142,95.0654849078672,97.72112309851838,100.50973911739763
3172,3172,05/15/2023 13:24:16.583952,3401,True,True,True,True,Eyes,2.117101,0.07612492,-2.161831,-0.8026408,-0.4740279,-0.3620292,0.0,0.0,0.0,0.0,0.0,0.0,0.0,2.716564,0.04082575,0.855149,2.037216,0.07942894,-1.988997,-0.06588745,0.8417776,-0.1869623,-0.5021101,22.3911,242.575,4.766243,0.6912668,0.0239089,-0.7222036,0.0,0.0,0.0,1.29663,-0.4582026,-2.555634,-0.1734668,-0.08246233,1.044923,-0.4870887,0.07682609,0.8699668,-0.2986764,0.9214079,-0.2485958,-0.820693,-0.3809268,-0.4258612,moving,65.72236,52.62995,-9.425663,-4.512266,64.92074791494228,57.87920740071176,94.40581661210916,97.05712116606989,100.84899710717556
3173,3173,05/15/2023 13:24:16.604015,3402,True,True,True,True,Eyes,2.112913,0.0759974,-2.154531,-0.8009282,-0.4717883,-0.3686865,0.0,0.0,0.0,0.0,0.0,0.0,0.0,2.713385,0.02682361,0.834136,2.029322,0.0781579,-1.983608,-0.06384794,0.8437501,-0.1863758,-0.4992727,22.22621,242.1826,4.855961,0.6920897,0.02403318,-0.721411,0.0,0.0,0.0,1.294524,-0.4564694,-2.555806,-0.1739255,-0.08591835,1.044814,-0.4933002,0.0783613,0.8663222,-0.2938481,0.922375,-0.2507541,-0.8187233,-0.3782642,-0.4319814,moving,65.28224,51.99358,-9.451107,-4.701035,64.47714971894742,57.25139983416473,93.80486407335515,96.45460757985603,101.14309760348426
3174,3174,05/15/2023 13:24:16.624085,3403,True,True,True,True,Eyes,2.108596,0.07579788,-2.147366,-0.7992789,-0.4694651,-0.3751745,0.0,0.0,0.0,0.0,0.0,0.0,0.0,2.708966,0.01481462,0.8165531,2.021318,0.07663135,-1.978352,-0.06172539,0.8455092,-0.1847654,-0.4971577,21.95117,241.8631,4.906937,0.69288,0.02414759,-0.7206481,0.0,0.0,0.0,1.292292,-0.454633,-2.555987,-0.1754474,-0.08581734,1.045346,-0.4980484,0.07933629,0.8635123,-0.2880939,0.9241034,-0.2510672,-0.8178934,-0.3738162,-0.4373919,moving,64.85505,51.36979,-9.52753,-4.693152,64.04641694120487,56.63613562717819,93.14409091913326,95.78312580702502,101.48089968189772
3175,3175,05/15/2023 13:24:16.634480,3404,True,True,True,True,Eyes,2.104133,0.07553297,-2.140288,-0.7975372,-0.4672588,-0.3815805,0.0,0.0,0.0,0.0,0.0,0.0,0.0,2.704557,0.006123006,0.798779,2.013319,0.0747035,-1.973241,-0.06027175,0.8470682,-0.1838195,-0.4950287,21.78271,241.5544,4.935009,0.6936365,0.02425068,-0.7199165,0.0,0.0,0.0,1.290244,-0.4529469,-2.556154,-0.1777181,-0.08454924,1.045752,-0.502628,0.07988328,0.8608044,-0.2841004,0.9251554,-0.2517428,-0.816488,-0.3710878,-0.4423142,moving,64.43128,50.76368,-9.644867,-4.622322,63.61947846612432,56.03803735339512,92.49262009430598,95.11752474419549,101.81040477101315
3176,3176,05/15/2023 13:24:16.654038,3405,True,True,True,True,Eyes,2.099519,0.07521877,-2.133302,-0.7957333,-0.4651679,-0.3878495,0.0,0.0,0.0,0.0,0.0,0.0,0.0,2.701009,-0.003024131,0.7778778,2.005345,0.07287304,-1.968204,-0.05929882,0.8486151,-0.1846607,-0.4921754,21.82559,241.1925,5.013553,0.6943595,0.02434153,-0.7192161,0.0,0.0,0.0,1.288015,-0.451113,-2.556335,-0.1802607,-0.08315024,1.046459,-0.5084943,0.08112716,0.8572354,-0.2824147,0.9247681,-0.2550409,-0.8134347,-0.3717826,-0.4473278,moving,64.01487,50.1792,-9.773722,-4.5431,63.20025779549939,55.461039748491366,91.86558891463366,94.47591499504217,102.12646675597945
3177,3177,05/15/2023 13:24:16.663933,3406,True,True,True,True,Eyes,2.094736,0.07488598,-2.126395,-0.7938312,-0.4632108,-0.3940404,0.0,0.0,0.0,0.0,0.0,0.0,0.0,2.697445,-0.01336929,0.755564,1.996998,0.07137515,-1.963204,-0.0583861,0.8501812,-0.1861272,-0.4890191,21.93704,240.8072,5.118855,0.6950479,0.02441967,-0.7185481,0.0,0.0,0.0,1.285911,-0.4493819,-2.556506,-0.1814421,-0.08102775,1.047277,-0.5149027,0.08276194,0.8532441,-0.281317,0.9238955,-0.2593798,-0.8097752,-0.3735875,-0.452434,moving,63.60121,49.61312,-9.829,-4.424157,62.78420218376037,54.90188176563785,91.17029695146786,93.76703049047478,102.52123138159399
3178,3178,05/15/2023 13:24:16.683883,3407,True,True,True,True,Eyes,2.089777,0.07452709,-2.119571,-0.7919437,-0.4611966,-0.4001538,0.0,0.0,0.0,0.0,0.0,0.0,0.0,2.693041,-0.02850574,0.7339823,1.988129,0.0706009,-1.958154,-0.05672456,0.851765,-0.1876223,-0.4858771,22.0084,240.4359,5.303186,0.6957014,0.02448579,-0.7179132,0.0,0.0,0.0,1.283872,-0.4477036,-2.556672,-0.1817701,-0.08054414,1.048178,-0.5214115,0.08569076,0.8489918,-0.2789547,0.9231604,-0.2644979,-0.8064207,-0.3747425,-0.4574426,moving,63.19342,49.05371,-9.83812,-4.394089,62.37401340137109,54.34934345138392,90.50012736298221,93.0880393313111,102.90858799983991
3179,3179,05/15/2023 13:24:16.704148,3408,True,True,True,True,Eyes,2.084639,0.07414292,-2.112825,-0.7900453,-0.4591674,-0.4061942,0.0,0.0,0.0,0.0,0.0,0.0,0.0,2.687542,-0.045807,0.7145953,1.978903,0.06957562,-1.953134,-0.05412289,0.8534395,-0.1875408,-0.48326,21.86496,240.1037,5.495642,0.6963204,0.02454036,-0.7173111,0.0,0.0,0.0,1.281755,-0.4459612,-2.556844,-0.1836381,-0.07701156,1.049529,-0.5270608,0.08888073,0.8451667,-0.2736431,0.9237983,-0.2677986,-0.8045658,-0.3724203,-0.4625764,moving,62.79048,48.503,-9.924683,-4.196685,61.96875896138544,53.80535148393618,89.80396277011275,92.37371505649732,103.30648213178557
3180,3180,05/15/2023 13:24:16.714425,3409,True,True,True,True,Eyes,2.079319,0.07374436,-2.106157,-0.7881316,-0.4570855,-0.4122151,0.0,0.0,0.0,0.0,0.0,0.0,0.0,2.68147,-0.06362656,0.6962662,1.969481,0.06855491,-1.948219,-0.05133983,0.8550213,-0.1873594,-0.4808319,21.70108,239.7982,5.706378,0.6969022,0.02458355,-0.7167443,0.0,0.0,0.0,1.279591,-0.4441808,-2.557019,-0.1867887,-0.07182189,1.051059,-0.5323299,0.09238347,0.8414811,-0.2679701,0.9245213,-0.2710209,-0.8030051,-0.3697642,-0.4673943,moving,62.38916,47.9548,-10.0771,-3.909109,61.56514189542316,53.26383210858248,89.1135449589336,91.65891128967093,103.68990135146421
3181,3181,05/15/2023 13:24:16.734416,3410,True,True,True,True,Eyes,2.07381,0.07334531,-2.099577,-0.7861843,-0.4549707,-0.4182295,0.0,0.0,0.0,0.0,0.0,0.0,0.0,2.675828,-0.08260411,0.6748126,1.959824,0.06776348,-1.943385,-0.04853043,0.8568453,-0.1873652,-0.4778654,21.55955,239.425,5.918815,0.6974483,0.02461618,-0.7162118,0.0,0.0,0.0,1.277482,-0.4424447,-2.557191,-0.1896744,-0.06971382,1.052482,-0.5385792,0.09590456,0.8370992,-0.2622368,0.9250782,-0.274704,-0.8007275,-0.367468,-0.4730782,moving,61.98819,47.40938,-10.21598,-3.789597,61.16193960404642,52.72500601390029,88.51427800776229,91.04234048408718,104.00402106883405
3182,3182,05/15/2023 13:24:16.754099,3411,True,True,True,True,Eyes,2.068104,0.07293879,-2.09306,-0.7841207,-0.4528137,-0.424399,0.0,0.0,0.0,0.0,0.0,0.0,0.0,2.670251,-0.1012641,0.6517382,1.949744,0.06731817,-1.938872,-0.04572109,0.8588477,-0.1867603,-0.4747744,21.35908,239.0175,6.089956,0.6979557,0.0246392,-0.7157167,0.0,0.0,0.0,1.27528,-0.4406332,-2.55737,-0.1904947,-0.06835368,1.054555,-0.5449978,0.09880311,0.8325955,-0.2558729,0.9260603,-0.2773829,-0.79844,-0.3642117,-0.4794198,moving,61.57589,46.85528,-10.23948,-3.708585,60.74752780327779,52.17744967751136,87.83024428962455,90.34602453256382,104.41027601913949
3183,3183,05/15/2023 13:24:16.764236,3412,True,True,True,True,Eyes,2.062208,0.07253889,-2.086635,-0.7819769,-0.4506567,-0.430605,0.0,0.0,0.0,0.0,0.0,0.0,0.0,2.664645,-0.120647,0.6269627,1.939632,0.06664662,-1.934259,-0.0427543,0.8610023,-0.1861453,-0.4713778,21.1524,238.5712,6.270678,0.6984241,0.02465339,-0.715259,0.0,0.0,0.0,1.272979,-0.4387393,-2.557557,-0.191195,-0.06607195,1.057268,-0.5519501,0.1018664,0.8276318,-0.2491126,0.927044,-0.2802362,-0.7957977,-0.3608499,-0.4863058,moving,61.16009,46.30346,-10.25052,-3.575941,60.32978851703982,51.63198346901444,87.10585436519695,89.60744876703569,104.85535784028403
3184,3184,05/15/2023 13:24:16.783851,3413,True,True,True,True,Eyes,2.05614,0.07216341,-2.080313,-0.7796351,-0.4486407,-0.4369105,0.0,0.0,0.0,0.0,0.0,0.0,0.0,2.65946,-0.1394338,0.5988417,1.929147,0.06637679,-1.929965,-0.04014664,0.8633409,-0.1857756,-0.4674594,20.99639,238.0576,6.418334,0.6988546,0.02465992,-0.7148382,0.0,0.0,0.0,1.270982,-0.4370957,-2.557719,-0.1929144,-0.06662067,1.059058,-0.5597401,0.1043646,0.8220701,-0.2430056,0.9277514,-0.2832415,-0.792237,-0.3583092,-0.4939384,moving,60.73357,45.75891,-10.32361,-3.599481,59.90186543588166,51.09319563472286,86.51805355913459,89.01070878083141,105.1801433265985
3185,3185,05/15/2023 13:24:16.803958,3414,True,True,True,True,Eyes,2.049882,0.07180392,-2.074069,-0.7771913,-0.4467432,-0.443164,0.0,0.0,0.0,0.0,0.0,0.0,0.0,2.654284,-0.1546862,0.5688088,1.918582,0.06663337,-1.925434,-0.0387591,0.8655437,-0.1868267,-0.4630636,21.05777,237.506,6.517704,0.6992448,0.02466037,-0.7144564,0.0,0.0,0.0,1.26882,-0.4353167,-2.557895,-0.194551,-0.06622851,1.061199,-0.5681399,0.1059299,0.8160859,-0.2401206,0.927187,-0.2875174,-0.7871211,-0.3593091,-0.501336,moving,60.30768,45.23044,-10.38874,-3.571148,59.474990983686126,50.56994247504513,85.9044748085811,88.38664256994882,105.53479110887614
3186,3186,05/15/2023 13:24:16.814408,3415,True,True,True,True,Eyes,2.043451,0.07151849,-2.067926,-0.7746326,-0.445007,-0.4493474,0.0,0.0,0.0,0.0,0.0,0.0,0.0,2.647991,-0.1618567,0.5441084,1.907722,0.06666853,-1.921005,-0.03851995,0.8671573,-0.1873989,-0.4598216,21.12681,237.0834,6.496302,0.6995946,0.02465592,-0.7141141,0.0,0.0,0.0,1.266621,-0.4335073,-2.558074,-0.1947915,-0.0648673,1.063744,-0.5741603,0.1055344,0.8119126,-0.2391459,0.9267957,-0.289584,-0.7830382,-0.3604333,-0.5068913,moving,59.88292,44.72194,-10.37697,-3.489587,59.04975547507573,50.06599296677295,85.21034842367345,87.68278255033277,105.97873990222169
3187,3187,05/15/2023 13:24:16.834050,3416,True,True,True,True,Eyes,2.036815,0.07131603,-2.0619,-0.7721077,-0.4431259,-0.4555097,0.0,0.0,0.0,0.0,0.0,0.0,0.0,2.639315,-0.1780866,0.5277002,1.896761,0.06821454,-1.916719,-0.03705539,0.8679846,-0.1896687,-0.4574443,21.29443,236.8469,6.730557,0.6999024,0.0246496,-0.7138116,0.0,0.0,0.0,1.264565,-0.4318155,-2.558241,-0.1942203,-0.06532722,1.066186,-0.5787432,0.1091987,0.8081657,-0.2378527,0.9253054,-0.2953575,-0.7800528,-0.3631606,-0.509541,moving,59.46126,44.21047,-10.324,-3.506235,58.62744124646854,49.55927503573184,84.5391415222832,87.00718134336705,106.41172525647163
3188,3188,05/15/2023 13:24:16.854612,3417,True,True,True,True,Eyes,2.030017,0.07115027,-2.055951,-0.7694924,-0.4411216,-0.4618367,0.0,0.0,0.0,0.0,0.0,0.0,0.0,2.630852,-0.2065994,0.5061669,1.885226,0.06994279,-1.913452,-0.03235662,0.86997,-0.1883144,-0.4545801,20.92056,236.4825,7.066385,0.7001674,0.02464452,-0.713551,0.0,0.0,0.0,1.262437,-0.4300641,-2.558414,-0.1913883,-0.06518555,1.069353,-0.5846201,0.1149094,0.8031285,-0.2275066,0.9269814,-0.2982384,-0.7787556,-0.3570731,-0.5157892,moving,59.02851,43.68579,-10.14712,-3.488315,58.19402641235587,49.03946358097741,83.72970780104231,86.19559046498406,106.98084646369486
3189,3189,05/15/2023 13:24:16.864025,3418,True,True,True,True,Eyes,2.023064,0.07103523,-2.050082,-0.7667248,-0.4394106,-0.4680291,0.0,0.0,0.0,0.0,0.0,0.0,0.0,2.624077,-0.2207397,0.4798875,1.874599,0.07059786,-1.909369,-0.03012875,0.8722286,-0.1864295,-0.4511693,20.63446,235.9955,7.099506,0.7003898,0.02464189,-0.7133324,0.0,0.0,0.0,1.260228,-0.428246,-2.558594,-0.1867483,-0.06256998,1.073126,-0.5910773,0.1156642,0.7982791,-0.2207808,0.9286726,-0.2980319,-0.7758116,-0.3524045,-0.5233808,moving,58.59901,43.19363,-9.871905,-3.336925,57.7646459166369,48.55113122443425,82.78501524759932,85.24713132210881,107.69231552165876
3190,3190,05/15/2023 13:24:16.883940,3419,True,True,True,True,Eyes,2.015931,0.07099172,-2.044272,-0.7637538,-0.4378471,-0.47431,0.0,0.0,0.0,0.0,0.0,0.0,0.0,2.616915,-0.2281911,0.4574766,1.863873,0.07175107,-1.905368,-0.03067425,0.8733056,-0.1892854,-0.4478478,20.9825,235.6221,7.134672,0.7005696,0.02464327,-0.7131556,0.0,0.0,0.0,1.258188,-0.4265677,-2.558759,-0.182402,-0.04516361,1.078969,-0.5969831,0.1159661,0.7938282,-0.2231181,0.9264603,-0.3031332,-0.7706035,-0.3580828,-0.5272069,moving,58.1587,42.71086,-9.595258,-2.396895,57.32505227423072,48.07151991936495,81.39599735739951,83.81759261439383,108.78520664617054
3191,3191,05/15/2023 13:24:16.904169,3420,True,True,True,True,Eyes,2.008688,0.07098874,-2.038551,-0.7607282,-0.436335,-0.4805253,0.0,0.0,0.0,0.0,0.0,0.0,0.0,2.609698,-0.2356473,0.4364924,1.853082,0.07334244,-1.901916,-0.03050174,0.8745964,-0.1897566,-0.445133,21.04344,235.2713,7.113742,0.7007065,0.02465084,-0.7130208,0.0,0.0,0.0,1.256028,-0.4247896,-2.558935,-0.1763074,-0.04265587,1.083355,-0.6018527,0.1155804,0.7901992,-0.2222873,0.9261242,-0.3047662,-0.7670475,-0.3590755,-0.5316983,moving,57.72084,42.24063,-9.243399,-2.254792,56.88817335040366,47.60408476026342,80.39932763280552,82.82084552413004,109.56529124706263
3192,3192,05/15/2023 13:24:16.923962,3421,True,True,True,True,Eyes,2.001309,0.07103716,-2.032882,-0.757508,-0.4350149,-0.4867685,0.0,0.0,0.0,0.0,0.0,0.0,0.0,2.603072,-0.2405491,0.4147282,1.84292,0.07451478,-1.898404,-0.0304832,0.8760744,-0.1893854,-0.4423775,21.0266,234.8885,7.024366,0.7008013,0.02466547,-0.7129273,0.0,0.0,0.0,1.253833,-0.4229837,-2.559113,-0.1715335,-0.0574531,1.085804,-0.606746,0.1141486,0.7866575,-0.2209708,0.9264079,-0.3048612,-0.7635651,-0.3588015,-0.5368707,moving,57.27553,41.7865,-8.977296,-3.028864,56.44451832994009,47.15195020999508,79.98658514675301,82.45076048769471,109.84048127977843
3193,3193,05/15/2023 13:24:16.934693,3422,True,True,True,True,Eyes,1.993816,0.07112373,-2.027304,-0.7542512,-0.4336201,-0.4930302,0.0,0.0,0.0,0.0,0.0,0.0,0.0,2.596692,-0.2485433,0.3915629,1.833305,0.07581547,-1.895033,-0.03068063,0.8774238,-0.1912048,-0.438893,21.25174,234.4687,7.025718,0.7008545,0.02468833,-0.7128744,0.0,0.0,0.0,1.251704,-0.4212319,-2.559286,-0.1674943,-0.04713929,1.090958,-0.6128634,0.113997,0.7819227,-0.2216767,0.9249989,-0.3086042,-0.7584575,-0.3624663,-0.5416275,moving,56.82862,41.33163,-8.728442,-2.474159,55.99929357158748,46.69905149377981,78.84589734402397,81.28766439313488,110.73336107725629
3194,3194,05/15/2023 13:24:16.954261,3423,True,True,True,True,Eyes,1.986208,0.07125697,-2.021802,-0.7509143,-0.4321582,-0.4993667,0.0,0.0,0.0,0.0,0.0,0.0,0.0,2.589335,-0.2630894,0.3654637,1.82309,0.07670936,-1.891532,-0.02853758,0.8795686,-0.1899352,-0.4352806,21.0367,233.9771,7.08671,0.7008665,0.02472002,-0.7128617,0.0,0.0,0.0,1.249552,-0.4194605,-2.559461,-0.1647856,-0.04168176,1.094292,-0.6194328,0.1151487,0.776559,-0.2155517,0.9262205,-0.3092784,-0.7548778,-0.3589658,-0.5489109,moving,56.37563,40.87333,-8.563627,-2.181351,55.54808695683245,46.24265266459969,77.91541988415266,80.34423437554102,111.43502321190506
3195,3195,05/15/2023 13:24:16.964102,3424,True,True,True,True,Eyes,1.978505,0.07141521,-2.016388,-0.7475353,-0.4307045,-0.5056525,0.0,0.0,0.0,0.0,0.0,0.0,0.0,2.581981,-0.2741038,0.3402016,1.812962,0.07767515,-1.888023,-0.02696892,0.8816062,-0.1884582,-0.4318876,20.82942,233.5026,7.082104,0.7008376,0.0247614,-0.7128887,0.0,0.0,0.0,1.247427,-0.4177125,-2.559634,-0.1633031,-0.04099655,1.097944,-0.6254918,0.1152336,0.7716745,-0.2103374,0.9275124,-0.3089967,-0.7513444,-0.3555869,-0.5559134,moving,55.92455,40.42368,-8.459894,-2.138397,55.09896600706878,45.7946597503236,77.18087216236329,79.60720202863502,111.96333458173591
3196,3196,05/15/2023 13:24:16.984617,3425,True,True,True,True,Eyes,1.9707,0.07157131,-2.011025,-0.7439534,-0.4293606,-0.5120379,0.0,0.0,0.0,0.0,0.0,0.0,0.0,2.574971,-0.2781703,0.3176334,1.802954,0.07843174,-1.884661,-0.0268868,0.8831842,-0.1876893,-0.4289936,20.76874,233.0946,6.974862,0.7007684,0.02481248,-0.7129551,0.0,0.0,0.0,1.245199,-0.4158789,-2.559815,-0.1624068,-0.03633438,1.101785,-0.6304833,0.113543,0.7678535,-0.208527,0.9280997,-0.3084598,-0.747668,-0.3545969,-0.5614746,moving,55.46168,39.98094,-8.385203,-1.8888,54.63861517811775,45.35296430952536,76.35115975860019,78.76411589566146,112.57317570524408
3197,3197,05/15/2023 13:24:17.004541,3426,True,True,True,True,Eyes,1.962863,0.07173748,-2.005747,-0.7402453,-0.4282517,-0.5183024,0.0,0.0,0.0,0.0,0.0,0.0,0.0,2.56862,-0.278881,0.2966163,1.793602,0.07843392,-1.881596,-0.02724177,0.8846026,-0.1868482,-0.4264085,20.72023,232.7204,6.825017,0.7006599,0.02487232,-0.7130596,0.0,0.0,0.0,1.243053,-0.4141124,-2.559989,-0.1626976,-0.04194701,1.104203,-0.6348675,0.111151,0.7645841,-0.2075436,0.9286913,-0.3073405,-0.7442238,-0.353805,-0.5665272,moving,55.00119,39.5655,-8.381873,-2.175533,54.181313769347135,44.937684126726815,75.8928620567775,78.31862847858304,112.86066320506599
3198,3198,05/15/2023 13:24:17.014208,3427,True,True,True,True,Eyes,1.95497,0.07193699,-2.00055,-0.7362975,-0.4274397,-0.5245579,0.0,0.0,0.0,0.0,0.0,0.0,0.0,2.562321,-0.2815604,0.2747087,1.784952,0.07889463,-1.878283,-0.02841625,0.8857489,-0.1889804,-0.4229989,21.02765,232.3068,6.73933,0.7005135,0.02494047,-0.7132009,0.0,0.0,0.0,1.24082,-0.4122747,-2.560171,-0.1624143,-0.0513346,1.105984,-0.6405292,0.1095377,0.7600818,-0.2102163,0.9269578,-0.3107383,-0.7386013,-0.3588185,-0.570717,moving,54.53292,39.17511,-8.354203,-2.657495,53.71716072766451,44.54632968589287,75.52984231615443,77.98112117678569,113.07720461885378
3199,3199,05/15/2023 13:24:17.034574,3428,True,True,True,True,Eyes,1.947034,0.07218941,-1.995456,-0.7322236,-0.4267364,-0.5307962,0.0,0.0,0.0,0.0,0.0,0.0,0.0,2.556093,-0.288525,0.2480683,1.776101,0.07990131,-1.875495,-0.0291247,0.8872903,-0.1912735,-0.418667,21.33482,231.7815,6.687636,0.7003303,0.02501736,-0.7133778,0.0,0.0,0.0,1.238715,-0.4105424,-2.560342,-0.1623986,-0.0530321,1.108246,-0.6477392,0.1084757,0.7540998,-0.2118439,0.9251324,-0.3150431,-0.7318167,-0.3638173,-0.5762647,moving,54.06127,38.79772,-8.336597,-2.739645,53.25008874424813,44.16741241565348,74.95896542304273,77.41570833077863,113.47649991146388
3200,3200,05/15/2023 13:24:17.054129,3429,True,True,True,True,Eyes,1.939062,0.07247653,-1.990444,-0.7278419,-0.4261938,-0.5372198,0.0,0.0,0.0,0.0,0.0,0.0,0.0,2.549816,-0.2939695,0.2205293,1.767128,0.08145645,-1.872762,-0.02970484,0.889106,-0.191971,-0.4144337,21.46831,231.2274,6.558736,0.7001108,0.02510407,-0.7135898,0.0,0.0,0.0,1.236645,-0.4088397,-2.56051,-0.1622089,-0.05408885,1.109828,-0.6547249,0.106297,0.748356,-0.21194,0.9245295,-0.3167438,-0.7255461,-0.3659866,-0.5827839,moving,53.56898,38.4261,-8.315292,-2.790174,52.76318479858181,43.7934151728651,74.35350942230676,76.8154353516347,113.90915743920112
3201,3201,05/15/2023 13:24:17.064254,3430,True,True,True,True,Eyes,1.931065,0.07277593,-1.985526,-0.7233993,-0.4256906,-0.5435817,0.0,0.0,0.0,0.0,0.0,0.0,0.0,2.542621,-0.3034936,0.1939886,1.758346,0.08258343,-1.869776,-0.02939815,0.8908927,-0.1928931,-0.4101684,21.58065,230.6899,6.536487,0.6998561,0.02520095,-0.7138356,0.0,0.0,0.0,1.234475,-0.4070539,-2.560687,-0.1612676,-0.0532534,1.112135,-0.6617953,0.1058561,0.7421734,-0.2106185,0.923856,-0.3195777,-0.7194906,-0.3678105,-0.5891083,moving,53.07782,38.06527,-8.25079,-2.741452,52.27766946437478,43.42986418322124,73.66401404293269,76.128081830698,114.42527567212744
3202,3202,05/15/2023 13:24:17.083916,3431,True,True,True,True,Eyes,1.923055,0.07310945,-1.980684,-0.7187559,-0.4252949,-0.5500129,0.0,0.0,0.0,0.0,0.0,0.0,0.0,2.535707,-0.3088164,0.1704347,1.749734,0.08319283,-1.867012,-0.02943772,0.8924692,-0.1930449,-0.4066519,21.62407,230.226,6.451834,0.6995671,0.02530751,-0.7141142,0.0,0.0,0.0,1.232343,-0.4052994,-2.56086,-0.160055,-0.05172667,1.113803,-0.6675352,0.1044597,0.7372141,-0.2095487,0.9237341,-0.3206315,-0.714483,-0.3685151,-0.5947357,moving,52.57574,37.71282,-8.177494,-2.65899,51.78180690933837,43.07405628902288,72.94407778658153,75.40974266240731,114.97280994622936
3203,3203,05/15/2023 13:24:17.103970,3432,True,True,True,True,Eyes,1.915008,0.07347563,-1.975944,-0.7141095,-0.4247923,-0.5564162,0.0,0.0,0.0,0.0,0.0,0.0,0.0,2.527654,-0.3200173,0.1488318,1.741364,0.08435276,-1.863901,-0.02874605,0.8938512,-0.1943749,-0.4030166,21.756,229.7911,6.5089,0.6992468,0.02542378,-0.7144241,0.0,0.0,0.0,1.230215,-0.4035475,-2.561033,-0.1588683,-0.05128248,1.115422,-0.673503,0.1052832,0.7316487,-0.208062,0.9227841,-0.3243141,-0.7092986,-0.3706546,-0.5995924,moving,52.07517,37.35969,-8.106056,-2.632369,51.28738820712055,42.717639640017744,72.2574892030062,74.72753507532565,115.49184892366445
3204,3204,05/15/2023 13:24:17.115561,3433,True,True,True,True,Eyes,1.90693,0.07384816,-1.971267,-0.7093964,-0.4241573,-0.562892,0.0,0.0,0.0,0.0,0.0,0.0,0.0,2.519341,-0.3337685,0.1250169,1.732473,0.08546466,-1.861542,-0.02658856,0.8957632,-0.1931853,-0.3994758,21.55163,229.3253,6.58822,0.6988927,0.02555078,-0.7147664,0.0,0.0,0.0,1.228032,-0.4017517,-2.56121,-0.1567542,-0.04484214,1.117348,-0.6794245,0.1067116,0.7259443,-0.2019798,0.923945,-0.3248536,-0.7053983,-0.3673396,-0.6061973,moving,51.5687,36.99921,-7.98598,-2.298199,50.78705507820862,42.35394627813413,71.3515680557595,73.81113554365585,116.21048054345017
3205,3205,05/15/2023 13:24:17.134119,3434,True,True,True,True,Eyes,1.898831,0.074225,-1.966668,-0.7045936,-0.4235609,-0.5693365,0.0,0.0,0.0,0.0,0.0,0.0,0.0,2.510784,-0.3464989,0.09929585,1.723954,0.08590548,-1.858644,-0.02446588,0.8978525,-0.1918785,-0.3955314,21.3406,228.8041,6.649425,0.6985075,0.0256872,-0.7151381,0.0,0.0,0.0,1.225929,-0.400021,-2.561381,-0.1530856,-0.04156391,1.118696,-0.685913,0.1078544,0.7196465,-0.1957214,0.925168,-0.3252032,-0.7008686,-0.3639112,-0.6134753,moving,51.06056,36.6476,-7.79212,-2.127783,50.285346476140994,41.99875884261393,70.47814036975642,72.93931592272605,116.9140234453752
3206,3206,05/15/2023 13:24:17.154323,3435,True,True,True,True,Eyes,1.890666,0.07461223,-1.962098,-0.6996172,-0.4229712,-0.5758743,0.0,0.0,0.0,0.0,0.0,0.0,0.0,2.501776,-0.3605293,0.07230306,1.715369,0.08637659,-1.85584,-0.02284994,0.8997761,-0.1923355,-0.3910088,21.34525,228.2473,6.738559,0.6980914,0.02583263,-0.7155393,0.0,0.0,0.0,1.223779,-0.3982519,-2.561556,-0.1498592,-0.03819208,1.12025,-0.6931798,0.1092901,0.7124304,-0.1915294,0.9249699,-0.3282487,-0.694851,-0.3639869,-0.6202383,moving,50.54126,36.29673,-7.619392,-1.952597,49.77284988204043,41.64393546027168,69.61086450417085,72.07306758287841,117.61117201632659
3207,3207,05/15/2023 13:24:17.164074,3436,True,True,True,True,Eyes,1.882467,0.07499746,-1.957597,-0.694576,-0.422372,-0.5823796,0.0,0.0,0.0,0.0,0.0,0.0,0.0,2.492419,-0.3726844,0.04457855,1.706566,0.08690295,-1.852866,-0.02146443,0.9017761,-0.1923586,-0.3864422,21.31642,227.6707,6.778638,0.6976458,0.02598649,-0.7159686,0.0,0.0,0.0,1.221625,-0.3964788,-2.561731,-0.1478245,-0.03573234,1.120941,-0.7004037,0.1099587,0.7052262,-0.1873831,0.9250749,-0.3303392,-0.6887107,-0.3635183,-0.6273215,moving,50.02125,35.95158,-7.512553,-1.825805,49.25982165167227,41.29460880349604,68.82782362592205,71.29146239329484,118.22822393221388
3208,3208,05/15/2023 13:24:17.183845,3437,True,True,True,True,Eyes,1.874196,0.07537132,-1.953113,-0.6894856,-0.4218123,-0.5887988,0.0,0.0,0.0,0.0,0.0,0.0,0.0,2.482747,-0.3837614,0.01815033,1.697573,0.08722694,-1.849938,-0.02008021,0.9036723,-0.1921138,-0.3821854,21.25778,227.1294,6.812796,0.6971703,0.02614826,-0.7164258,0.0,0.0,0.0,1.219496,-0.394727,-2.561904,-0.1463592,-0.03627561,1.121365,-0.7070626,0.1105543,0.6984559,-0.183138,0.9253781,-0.3318671,-0.6830251,-0.3625646,-0.6340535,moving,49.50373,35.61761,-7.43614,-1.852844,48.74950979260762,40.95614733981039,68.16292040826167,70.63594681286229,118.73994338242505
3209,3209,05/15/2023 13:24:17.204640,3438,True,True,True,True,Eyes,1.865889,0.0757267,-1.948687,-0.6844251,-0.4212518,-0.5950708,0.0,0.0,0.0,0.0,0.0,0.0,0.0,2.472358,-0.3941606,-0.003895998,1.688348,0.08723061,-1.846565,-0.01850635,0.9052385,-0.1917599,-0.3787203,21.17356,226.6933,6.882356,0.6966666,0.02631663,-0.7169096,0.0,0.0,0.0,1.217336,-0.3929492,-2.56208,-0.1437685,-0.03452814,1.121667,-0.7124571,0.1117414,0.6927618,-0.178752,0.9257713,-0.3331594,-0.6785668,-0.3611943,-0.6395984,moving,48.9948,35.29475,-7.304004,-1.763173,48.24782008819996,40.628674805621294,67.40063047853741,69.87899484037584,119.34964923128733
3210,3210,05/15/2023 13:24:17.224608,3439,True,True,True,True,Eyes,1.857569,0.07606564,-1.944315,-0.6794045,-0.4207283,-0.6011633,0.0,0.0,0.0,0.0,0.0,0.0,0.0,2.462276,-0.4029082,-0.02068138,1.679189,0.08712538,-1.843447,-0.01724184,0.9063028,-0.191833,-0.376189,21.14257,226.3859,6.963635,0.6961348,0.02649052,-0.7174198,0.0,0.0,0.0,1.215014,-0.3910386,-2.562269,-0.140003,-0.03245392,1.122134,-0.7163694,0.1130783,0.6884975,-0.1755836,0.9258057,-0.3347451,-0.6752672,-0.3606899,-0.6433641,moving,48.49636,34.98652,-7.111755,-1.656624,47.75668862721724,40.31564707970717,66.59566394336768,69.08123946240063,120.00953264098627
3211,3211,05/15/2023 13:24:17.234404,3440,True,True,True,True,Eyes,1.849217,0.07639936,-1.939995,-0.6743649,-0.4202324,-0.6071545,0.0,0.0,0.0,0.0,0.0,0.0,0.0,2.451843,-0.4120824,-0.03695202,1.670212,0.08710127,-1.839978,-0.01619418,0.9072552,-0.1926519,-0.3735118,21.20256,226.0757,7.056427,0.695575,0.02666914,-0.7179562,0.0,0.0,0.0,1.212986,-0.3893694,-2.562433,-0.1364074,-0.03246076,1.121874,-0.7204533,0.114531,0.6839806,-0.1733,0.925246,-0.3374713,-0.6715013,-0.3616662,-0.6467484,moving,48.00217,34.68843,-6.932498,-1.657357,47.269949691943495,40.01253628232485,65.86982602770097,68.36874535895926,120.59988073283462
3212,3212,05/15/2023 13:24:17.254157,3441,True,True,True,True,Eyes,1.840815,0.07672011,-1.9357,-0.669261,-0.4197093,-0.6131344,0.0,0.0,0.0,0.0,0.0,0.0,0.0,2.441424,-0.4207032,-0.05690336,1.661105,0.08730502,-1.836814,-0.01523188,0.9085321,-0.1929497,-0.3702806,21.21583,225.6789,7.09935,0.6949888,0.02685161,-0.718517,0.0,0.0,0.0,1.210541,-0.3873577,-2.562632,-0.1331624,-0.03101556,1.121749,-0.7253205,0.1152138,0.6787018,-0.1705684,0.9250768,-0.3393218,-0.6669458,-0.3618821,-0.6513254,moving,47.50607,34.39283,-6.769877,-1.583784,46.78142887162192,39.71176809036833,65.11678107563215,67.62444072230345,121.21470767035923
3213,3213,05/15/2023 13:24:17.264401,3442,True,True,True,True,Eyes,1.832369,0.07701678,-1.93143,-0.664094,-0.4191503,-0.619106,0.0,0.0,0.0,0.0,0.0,0.0,0.0,2.430075,-0.4303015,-0.08052921,1.651793,0.08727323,-1.833268,-0.01381163,0.9101952,-0.1926014,-0.366413,21.14511,225.1912,7.144661,0.6943762,0.02703741,-0.7191021,0.0,0.0,0.0,1.208756,-0.3858891,-2.562777,-0.1312793,-0.02980426,1.120749,-0.7311016,0.1160007,0.672335,-0.1662858,0.9254279,-0.3404882,-0.6616945,-0.3607312,-0.6572926,moving,47.00793,34.09898,-6.680918,-1.523317,46.29098008533725,39.41262443238681,64.43167267053768,66.94604758848098,121.76165310188951
3214,3214,05/15/2023 13:24:17.283931,3443,True,True,True,True,Eyes,1.823837,0.07728935,-1.927156,-0.6588359,-0.418573,-0.6250856,0.0,0.0,0.0,0.0,0.0,0.0,0.0,2.417937,-0.4399454,-0.1067383,1.642262,0.08694337,-1.829421,-0.01225149,0.9120841,-0.1919837,-0.3620702,21.04385,224.6387,7.181444,0.6937386,0.02722526,-0.7197104,0.0,0.0,0.0,1.20657,-0.3840894,-2.562955,-0.1295283,-0.02751172,1.120092,-0.73751,0.1166743,0.665181,-0.1613719,0.9259843,-0.3413386,-0.6557727,-0.3590822,-0.6640947,moving,46.50578,33.80725,-6.596431,-1.407017,45.79670552868888,39.11540053301752,63.717261502953896,66.235240454263,122.33654745190054
3215,3215,05/15/2023 13:24:17.304111,3444,True,True,True,True,Eyes,1.815252,0.0775196,-1.922894,-0.6535022,-0.4179429,-0.6310773,0.0,0.0,0.0,0.0,0.0,0.0,0.0,2.405787,-0.4473353,-0.1335957,1.632488,0.08654825,-1.825722,-0.01113008,0.9139795,-0.1912392,-0.3576946,20.94917,224.0729,7.163929,0.6930752,0.02741449,-0.7203422,0.0,0.0,0.0,1.204484,-0.3823733,-2.563125,-0.1281393,-0.0251696,1.119056,-0.7438617,0.1164651,0.6581079,-0.1571558,0.9266073,-0.3416151,-0.6495939,-0.3575397,-0.6709645,moving,46.00011,33.51527,-6.532293,-1.288469,45.29901512577284,38.817825043162365,63.01550296025995,65.53624435307081,122.8990768734153
3216,3216,05/15/2023 13:24:17.319182,3445,True,True,True,True,Eyes,1.806631,0.0777106,-1.918725,-0.6480301,-0.4172565,-0.6371451,0.0,0.0,0.0,0.0,0.0,0.0,0.0,2.393586,-0.4512709,-0.1610193,1.622679,0.08579008,-1.821642,-0.01051026,0.9159293,-0.1901316,-0.3532888,20.83761,223.4871,7.073586,0.6923876,0.02760326,-0.720996,0.0,0.0,0.0,1.202291,-0.3805682,-2.563303,-0.127084,-0.02376139,1.117802,-0.7501533,0.1150894,0.6511718,-0.1535961,0.927479,-0.3408679,-0.6431785,-0.3557205,-0.6780741,moving,45.48526,33.22017,-6.486158,-1.217767,44.79234905012712,38.51695134030359,62.34580814895813,64.8716665954652,123.4306639465292
3217,3217,05/15/2023 13:24:17.334382,3446,True,True,True,True,Eyes,1.797971,0.07786639,-1.914622,-0.6424422,-0.4165699,-0.6432242,0.0,0.0,0.0,0.0,0.0,0.0,0.0,2.383128,-0.4532797,-0.1903133,1.613286,0.08505343,-1.81963,-0.01063117,0.9178559,-0.1892915,-0.3487067,20.78725,222.8742,6.911247,0.6916747,0.02779034,-0.7216728,0.0,0.0,0.0,1.200072,-0.3787422,-2.563483,-0.126256,-0.02360016,1.116031,-0.7565812,0.1124987,0.6441497,-0.1515302,0.9281114,-0.3400703,-0.6361002,-0.3548989,-0.6851447,moving,44.96515,32.92822,-6.454397,-1.211425,44.28067469882652,38.21895200400128,61.72102700386016,64.25575562517915,123.92121692845546
3218,3218,05/15/2023 13:24:17.354074,3447,True,True,True,True,Eyes,1.789246,0.07798339,-1.910512,-0.6367916,-0.4158162,-0.6493021,0.0,0.0,0.0,0.0,0.0,0.0,0.0,2.371528,-0.4555787,-0.2202153,1.603664,0.08438808,-1.816957,-0.01078,0.9198205,-0.1886347,-0.3438474,20.75873,222.2311,6.749059,0.6909359,0.02797474,-0.7223732,0.0,0.0,0.0,1.198063,-0.377089,-2.563647,-0.1255331,-0.02293128,1.114165,-0.7633056,0.1098917,0.6366226,-0.1495544,0.9286014,-0.3396067,-0.6284887,-0.3544334,-0.6923719,moving,44.44268,32.6357,-6.428413,-1.179072,43.766699205076826,37.9203286964777,61.08442443394742,63.62635007686653,124.42318379759428
3219,3219,05/15/2023 13:24:17.383907,3448,True,True,True,True,Eyes,1.78047,0.07806514,-1.906457,-0.6310714,-0.414977,-0.6553953,0.0,0.0,0.0,0.0,0.0,0.0,0.0,2.358359,-0.4585886,-0.2485595,1.593851,0.08353327,-1.812899,-0.01025169,0.9218206,-0.1873676,-0.3391683,20.63374,221.6103,6.639056,0.6901717,0.02815538,-0.7230964,0.0,0.0,0.0,1.195861,-0.3752773,-2.563826,-0.124639,-0.02205837,1.112073,-0.7697195,0.1081979,0.6291463,-0.1459988,0.9295766,-0.3384845,-0.6214629,-0.3523927,-0.6997164,moving,43.91681,32.34079,-6.394911,-1.136333,43.2493657256645,37.61929276473977,60.43167244366955,62.98057430693146,124.94129676964408
3220,3220,05/15/2023 13:24:17.394259,3449,True,True,True,True,Eyes,1.771598,0.0780999,-1.90239,-0.6253104,-0.414026,-0.6614903,0.0,0.0,0.0,0.0,0.0,0.0,0.0,2.344774,-0.4655189,-0.2773619,1.583853,0.08274305,-1.810018,-0.008751162,0.9238492,-0.1858824,-0.3344759,20.44503,221.002,6.629537,0.6893828,0.02833118,-0.7238417,0.0,0.0,0.0,1.193776,-0.3735616,-2.563995,-0.1242008,-0.02253146,1.109631,-0.7760988,0.1081768,0.6212638,-0.1405158,0.9307423,-0.3376004,-0.614757,-0.3493086,-0.7071475,moving,43.38948,32.0424,-6.386523,-1.163252,42.73052337687401,37.3148533455434,59.83532233890876,62.39430130845868,125.40525303611682
3221,3221,05/15/2023 13:24:17.404238,3450,True,True,True,True,Eyes,1.762659,0.07808275,-1.898313,-0.61948,-0.4130041,-0.6675869,0.0,0.0,0.0,0.0,0.0,0.0,0.0,2.328807,-0.4765904,-0.3074927,1.573561,0.08151865,-1.806182,-0.005924821,0.9260843,-0.1840352,-0.3293388,20.16755,220.3541,6.744781,0.6885682,0.02850117,-0.7246099,0.0,0.0,0.0,1.191625,-0.3717908,-2.56417,-0.1249754,-0.0232873,1.106834,-0.7830019,0.1102461,0.6121716,-0.1321936,0.9321919,-0.3369616,-0.6078101,-0.3447667,-0.7153342,moving,42.85944,31.7431,-6.442128,-1.2053,42.20903164812807,37.00945092845829,59.297906116646516,61.86519638400697,125.81031841339122
3222,3222,05/15/2023 13:24:17.414297,3451,True,True,True,True,Eyes,1.753653,0.07800607,-1.894219,-0.6136436,-0.4119288,-0.6736143,0.0,0.0,0.0,0.0,0.0,0.0,0.0,2.313152,-0.4823623,-0.3348651,1.56301,0.08022822,-1.801678,-0.004396473,0.9280149,-0.1826445,-0.3246691,19.98953,219.7558,6.748876,0.6877285,0.02866408,-0.7254005,0.0,0.0,0.0,1.18945,-0.3700012,-2.564347,-0.1271368,-0.02595469,1.103647,-0.7891412,0.1104381,0.6042015,-0.126758,0.9332433,-0.3361388,-0.6009895,-0.3418484,-0.722462,moving,42.33264,31.44664,-6.571336,-1.347188,41.6907552203663,36.70689030468882,58.8815253156893,61.46008724841144,126.0987506411505
3223,3223,05/15/2023 13:24:17.434389,3452,True,True,True,True,Eyes,1.744582,0.07787415,-1.890128,-0.6077525,-0.4108719,-0.6795742,0.0,0.0,0.0,0.0,0.0,0.0,0.0,2.297306,-0.4878528,-0.3605008,1.552435,0.07870395,-1.797032,-0.002898783,0.9297842,-0.1814942,-0.320239,19.83772,219.1946,6.767795,0.6868651,0.02881831,-0.7262121,0.0,0.0,0.0,1.187307,-0.3682382,-2.564521,-0.1291832,-0.02626951,1.10033,-0.7948774,0.1108526,0.5965586,-0.1216335,0.934103,-0.3356442,-0.5944541,-0.3393574,-0.7290138,moving,41.80671,31.15724,-6.696107,-1.367632,41.17351388632015,36.4111688602159,58.39854925896596,60.981459462986514,126.45301238602629
3224,3224,05/15/2023 13:24:17.454198,3453,True,True,True,True,Eyes,1.735446,0.07768515,-1.88601,-0.6018279,-0.4098659,-0.6854292,0.0,0.0,0.0,0.0,0.0,0.0,0.0,2.281647,-0.4941282,-0.3840351,1.541809,0.07723244,-1.79288,-0.001667946,0.9312601,-0.1812729,-0.3160568,19.7964,218.6817,6.804412,0.6859772,0.02896279,-0.7270452,0.0,0.0,0.0,1.185081,-0.3664061,-2.564702,-0.1298771,-0.02244543,1.097378,-0.8002106,0.1114785,0.5892669,-0.1176916,0.9342747,-0.3365701,-0.5880575,-0.3386787,-0.7344965,moving,41.28413,30.87815,-6.749686,-1.171747,40.659798087044464,36.12550014904845,57.74463938091972,60.32200117947783,126.97706758405113
3225,3225,05/15/2023 13:24:17.474184,3454,True,True,True,True,Eyes,1.72625,0.07744017,-1.881884,-0.5958555,-0.4088976,-0.6912011,0.0,0.0,0.0,0.0,0.0,0.0,0.0,2.265869,-0.4988317,-0.4060092,1.531292,0.07567184,-1.788087,-0.0008649444,0.9326082,-0.1813625,-0.312008,19.805,218.1859,6.809767,0.6850658,0.02909636,-0.7278988,0.0,0.0,0.0,1.183149,-0.3648158,-2.564859,-0.1304055,-0.01798823,1.094199,-0.8053007,0.1115598,0.582276,-0.1147864,0.9342138,-0.3377405,-0.5816486,-0.33882,-0.7395175,moving,40.76325,30.60752,-6.796396,-0.9418369,40.14795939202646,35.84804744479934,57.07260155669175,59.642837736618425,127.522544224506
3226,3226,05/15/2023 13:24:17.484087,3455,True,True,True,True,Eyes,1.71704,0.07718058,-1.877763,-0.589851,-0.4080931,-0.696804,0.0,0.0,0.0,0.0,0.0,0.0,0.0,2.250009,-0.5038509,-0.4278257,1.520675,0.07407959,-1.783676,5.632025e-05,0.9339277,-0.1813985,-0.3080158,19.80326,217.699,6.827637,0.6841313,0.02921796,-0.7287723,0.0,0.0,0.0,1.180933,-0.3629928,-2.565039,-0.1315141,-0.01458575,1.09104,-0.8102527,0.1118524,0.5753084,-0.111642,0.9341892,-0.3388608,-0.5753493,-0.3387915,-0.7444418,moving,40.24823,30.35597,-6.87328,-0.7659224,39.64231625356472,35.5891879858236,56.471310337526944,59.03723186252946,128.00540700615284
3227,3227,05/15/2023 13:24:17.504234,3456,True,True,True,True,Eyes,1.707773,0.07695843,-1.873643,-0.5837231,-0.4075161,-0.7022805,0.0,0.0,0.0,0.0,0.0,0.0,0.0,2.234048,-0.5104756,-0.44664,1.510308,0.07358442,-1.778932,6.986485e-05,0.9348451,-0.1833973,-0.3040234,20.05083,217.2384,6.825637,0.6831746,0.02932824,-0.7296648,0.0,0.0,0.0,1.178832,-0.3612638,-2.56521,-0.1339138,-0.01516169,1.087295,-0.8151395,0.1116447,0.5684038,-0.1113835,0.9327309,-0.3429385,-0.5684551,-0.3428536,-0.7478704,moving,39.73276,30.12554,-7.021321,-0.7989045,39.13681322924882,35.35069222143741,56.05591278168737,58.62906018902154,128.3132894043787
3228,3228,05/15/2023 13:24:17.524293,3457,True,True,True,True,Eyes,1.698474,0.07672305,-1.869503,-0.577502,-0.4068447,-0.7077914,0.0,0.0,0.0,0.0,0.0,0.0,0.0,2.215677,-0.5249772,-0.4682143,1.499676,0.07428001,-1.774685,0.001197012,0.9359049,-0.1860816,-0.2990891,20.34019,216.6941,6.955696,0.6821955,0.02942988,-0.7305763,0.0,0.0,0.0,1.176678,-0.3594906,-2.565385,-0.1368445,-0.01602475,1.083361,-0.8210886,0.1135506,0.5593924,-0.1090694,0.9307443,-0.3490255,-0.5602833,-0.3475934,-0.7518387,moving,39.21173,29.89066,-7.199174,-0.8474403,38.6258041403984,35.10772849426005,55.666891597699944,58.24691223225248,128.5943094438479
3229,3229,05/15/2023 13:24:17.534398,3458,True,True,True,True,Eyes,1.689129,0.07656088,-1.865342,-0.5711506,-0.4065959,-0.7130686,0.0,0.0,0.0,0.0,0.0,0.0,0.0,2.198573,-0.5289394,-0.4931176,1.489534,0.07373676,-1.769891,0.001808049,0.9375322,-0.1856373,-0.2942261,20.30503,216.0835,6.897387,0.6811947,0.02952325,-0.7315058,0.0,0.0,0.0,1.174539,-0.3577305,-2.565559,-0.1386902,-0.01677081,1.079492,-0.8268558,0.1126289,0.5510215,-0.1058485,0.931071,-0.3491459,-0.5523641,-0.347018,-0.7579398,moving,38.69388,29.69204,-7.321105,-0.8900665,38.11886358391479,34.899850239979855,55.25073829848401,57.84210304926554,128.91257255657763
3230,3230,05/15/2023 13:24:17.554271,3459,True,True,True,True,Eyes,1.679685,0.07652803,-1.861232,-0.5648386,-0.4059614,-0.7184376,0.0,0.0,0.0,0.0,0.0,0.0,0.0,2.17927,-0.5483183,-0.5089333,1.479077,0.07538632,-1.765088,0.002509549,0.9379243,-0.1910244,-0.2894846,20.90871,215.6149,7.090262,0.680173,0.02961216,-0.7324524,0.0,0.0,0.0,1.172332,-0.3559148,-2.565738,-0.1400549,-0.01913869,1.075395,-0.8323846,0.1153048,0.5420704,-0.1058897,0.9270067,-0.3597859,-0.5439879,-0.3568799,-0.7594166,moving,38.17458,29.46912,-7.420197,-1.01958,37.609856096077614,34.66848046411914,54.849289123649804,57.457317562919634,129.21352929727848
3231,3231,05/15/2023 13:24:17.574195,3460,True,True,True,True,Eyes,1.67017,0.07652079,-1.857135,-0.5584889,-0.4048871,-0.7239866,0.0,0.0,0.0,0.0,0.0,0.0,0.0,2.156511,-0.5727642,-0.5353236,1.467527,0.07826775,-1.762216,0.008312584,0.939878,-0.1891768,-0.284205,20.54122,215.0204,7.55729,0.6791282,0.02970223,-0.7334176,0.0,0.0,0.0,1.170125,-0.3540984,-2.565917,-0.1409109,-0.02134168,1.071377,-0.838317,0.1231556,0.531091,-0.09190435,0.928286,-0.3603311,-0.5373811,-0.3508812,-0.7668794,moving,37.64687,29.21596,-7.49272,-1.141173,37.09187911731861,34.40766966565105,54.39796052562806,57.021984298331994,129.55786151174044
3232,3232,05/15/2023 13:24:17.583799,3461,True,True,True,True,Eyes,1.660612,0.07654338,-1.853018,-0.5520279,-0.4040539,-0.7293872,0.0,0.0,0.0,0.0,0.0,0.0,0.0,2.137114,-0.5734533,-0.5676565,1.45633,0.07876526,-1.758192,0.01133979,0.9426067,-0.1829644,-0.2790842,19.79144,214.3032,7.542178,0.6780595,0.0297945,-0.734402,0.0,0.0,0.0,1.168062,-0.3524006,-2.566085,-0.1406313,-0.02339748,1.067216,-0.8439667,0.1235029,0.5219837,-0.08074701,0.9327909,-0.3512564,-0.5302829,-0.3385973,-0.7772719,moving,37.11982,28.98485,-7.506838,-1.255942,36.575142619435866,34.16815468594508,53.90773696823331,56.55163694666587,129.94725965311483
3233,3233,05/15/2023 13:24:17.604045,3462,True,True,True,True,Eyes,1.650968,0.07661726,-1.848941,-0.5455664,-0.4032565,-0.7346711,0.0,0.0,0.0,0.0,0.0,0.0,0.0,2.118324,-0.5847191,-0.5839522,1.445525,0.0795857,-1.753372,0.01070679,0.9430699,-0.1874873,-0.2745055,20.3497,213.8143,7.546066,0.6769673,0.02989009,-0.735405,0.0,0.0,0.0,1.165958,-0.3506689,-2.566256,-0.1395749,-0.02194911,1.063614,-0.8490644,0.1231271,0.5137409,-0.08273812,0.9294677,-0.3595055,-0.5217705,-0.3477492,-0.7789906,moving,36.59756,28.76212,-7.476033,-1.182208,36.063273629334525,33.93687541701382,53.283622055010795,55.937654954550865,130.4703583507704
3234,3234,05/15/2023 13:24:17.613979,3463,True,True,True,True,Eyes,1.641281,0.07674114,-1.844905,-0.5391789,-0.4021783,-0.7399586,0.0,0.0,0.0,0.0,0.0,0.0,0.0,2.10104,-0.5908427,-0.6015773,1.433815,0.08089203,-1.750139,0.011395,0.9440303,-0.1875775,-0.2710933,20.36378,213.4028,7.552269,0.6758507,0.02999081,-0.7364272,0.0,0.0,0.0,1.163815,-0.3489053,-2.566431,-0.140764,-0.02034482,1.059455,-0.8527573,0.1232165,0.5075658,-0.08018757,0.9293696,-0.3603359,-0.5161155,-0.3479795,-0.7826464,moving,36.07936,28.52473,-7.56825,-1.100121,35.55493687634729,33.69157863550277,52.751736042374006,55.40822691531841,130.8987617714582
3235,3235,05/15/2023 13:24:17.644111,3464,True,True,True,True,Eyes,1.631547,0.07686289,-1.840912,-0.5328555,-0.401042,-0.7451378,0.0,0.0,0.0,0.0,0.0,0.0,0.0,2.086664,-0.588639,-0.6178284,1.422926,0.08171234,-1.746705,0.01200188,0.9452373,-0.1848332,-0.268736,20.05804,213.0634,7.464486,0.6747082,0.03009834,-0.7374696,0.0,0.0,0.0,1.161616,-0.347096,-2.566609,-0.1451106,-0.01748283,1.055422,-0.8552738,0.1220319,0.5036019,-0.07665344,0.9313853,-0.3558732,-0.5124753,-0.3429719,-0.7872353,moving,35.56894,28.28967,-7.828547,-0.9490049,35.05419838956236,33.448773929498515,52.32821407064318,54.97396693480586,131.21933910304386
3236,3236,05/15/2023 13:24:17.654384,3465,True,True,True,True,Eyes,1.621807,0.07698917,-1.836993,-0.5265415,-0.3998583,-0.7502449,0.0,0.0,0.0,0.0,0.0,0.0,0.0,2.070973,-0.5925,-0.6333172,1.412066,0.08174331,-1.743692,0.01339193,0.9461919,-0.1836885,-0.266083,19.90626,212.7354,7.522622,0.6735396,0.03021199,-0.7385324,0.0,0.0,0.0,1.159466,-0.3453268,-2.566784,-0.1481334,-0.0249835,1.050453,-0.858041,0.1230954,0.4986113,-0.07241008,0.9321584,-0.3547358,-0.5084511,-0.3404823,-0.7909169,moving,35.06219,28.05629,-8.026843,-1.36244,34.55706001525636,33.207705264723806,52.17400156867392,54.849646668295556,131.28233985618846
3237,3237,05/15/2023 13:24:17.663874,3466,True,True,True,True,Eyes,1.612023,0.07711858,-1.833125,-0.520171,-0.3987685,-0.7552521,0.0,0.0,0.0,0.0,0.0,0.0,0.0,2.053884,-0.6016067,-0.6504657,1.401678,0.08247292,-1.741255,0.01517838,0.9471394,-0.1836512,-0.2626195,19.87165,212.3371,7.651107,0.6723447,0.03033139,-0.7396156,0.0,0.0,0.0,1.157261,-0.3435118,-2.566963,-0.1488385,-0.03021391,1.046626,-0.8616017,0.1252128,0.4918995,-0.06770869,0.9320837,-0.3558589,-0.5030496,-0.3399143,-0.7946068,moving,34.55667,27.83378,-8.093646,-1.653551,34.06140928136644,32.97716317742948,51.85125017203941,54.55579758571838,131.5157613349708
3238,3238,05/15/2023 13:24:17.683862,3467,True,True,True,True,Eyes,1.602227,0.07727619,-1.829345,-0.5136012,-0.3977989,-0.7602432,0.0,0.0,0.0,0.0,0.0,0.0,0.0,2.035307,-0.6101176,-0.6700451,1.390847,0.08267473,-1.7385,0.01640381,0.9481488,-0.1842989,-0.2584163,19.93827,211.8509,7.724787,0.6711227,0.03045618,-0.7407196,0.0,0.0,0.0,1.155197,-0.3418135,-2.567131,-0.1502174,-0.0244305,1.043085,-0.8659042,0.1263582,0.4839877,-0.06414517,0.9315297,-0.3579636,-0.4960805,-0.3410075,-0.7985102,moving,34.04197,27.62091,-8.194975,-1.341702,33.557130830947855,32.755634467742745,51.21320549229045,53.90609145090311,132.0569230649719
3239,3239,05/15/2023 13:24:17.704128,3468,True,True,True,True,Eyes,1.592394,0.07745473,-1.825642,-0.5068728,-0.3968843,-0.7652209,0.0,0.0,0.0,0.0,0.0,0.0,0.0,2.016644,-0.6181395,-0.6922724,1.380465,0.08356585,-1.736526,0.0166487,0.9492255,-0.1856365,-0.2534421,20.11971,211.2652,7.693418,0.6698728,0.03058704,-0.7418448,0.0,0.0,0.0,1.153006,-0.3400108,-2.567309,-0.1522264,-0.02440897,1.039205,-0.87098,0.1257029,0.4749661,-0.06248944,0.9305238,-0.3608607,-0.4873286,-0.3439828,-0.8026125,moving,33.52,27.41366,-8.333616,-1.345522,33.04596482702748,32.539300297194295,50.78204132943633,53.483183259160405,132.39753293859454
3240,3240,05/15/2023 13:24:17.714406,3469,True,True,True,True,Eyes,1.582562,0.07765167,-1.822048,-0.499858,-0.3959565,-0.7702989,0.0,0.0,0.0,0.0,0.0,0.0,0.0,1.996849,-0.6222558,-0.7192006,1.369721,0.08427174,-1.734537,0.0167071,0.9507344,-0.1855269,-0.2477999,20.15089,210.5646,7.572559,0.6685935,0.03072434,-0.7429922,0.0,0.0,0.0,1.150892,-0.3382712,-2.567481,-0.1535681,-0.02551457,1.035725,-0.8766323,0.1237151,0.4649845,-0.06017907,0.9306012,-0.3610536,-0.477383,-0.3444936,-0.8083501,moving,32.98011,27.20451,-8.433869,-1.411168,32.51739195500497,32.320570982211564,50.338600338230755,53.05502792920729,132.75037333537315
3241,3241,05/15/2023 13:24:17.734398,3470,True,True,True,True,Eyes,1.572707,0.07784812,-1.818539,-0.4926327,-0.3951215,-0.7753658,0.0,0.0,0.0,0.0,0.0,0.0,0.0,1.977675,-0.6231664,-0.748271,1.359529,0.0849811,-1.733177,0.01589681,0.9523665,-0.1851736,-0.2417777,20.18297,209.7966,7.334378,0.6672845,0.03086821,-0.7441622,0.0,0.0,0.0,1.148708,-0.3364733,-2.567658,-0.1533763,-0.02203222,1.032992,-0.8825819,0.1198209,0.4546346,-0.05926253,0.9309161,-0.3603932,-0.4664093,-0.3450192,-0.8145088,moving,32.43005,27.0031,-8.445451,-1.221851,31.97918076540327,32.10899077102744,49.67347824496893,52.39366246535662,133.32354373969468
3242,3242,05/15/2023 13:24:17.754258,3471,True,True,True,True,Eyes,1.562859,0.07803009,-1.815135,-0.4851481,-0.3943146,-0.780479,0.0,0.0,0.0,0.0,0.0,0.0,0.0,1.957314,-0.6244106,-0.7774961,1.349069,0.08522263,-1.731535,0.0148464,0.9539174,-0.1854313,-0.2354495,20.29056,208.9986,7.082295,0.6659446,0.03101807,-0.7453553,0.0,0.0,0.0,1.146569,-0.3347131,-2.567832,-0.1535026,-0.02607739,1.029606,-0.8886864,0.1156439,0.4436929,-0.05899495,0.9307896,-0.3607635,-0.4547048,-0.3467812,-0.8203576,moving,31.86521,26.80388,-8.479693,-1.450851,31.42671524788886,31.89906014579261,49.254857851401525,52.007095599345234,133.65489848462852
3243,3243,05/15/2023 13:24:17.764251,3472,True,True,True,True,Eyes,1.553001,0.07821965,-1.811808,-0.477502,-0.3938368,-0.7854199,0.0,0.0,0.0,0.0,0.0,0.0,0.0,1.937321,-0.624632,-0.8068137,1.339049,0.08513282,-1.730325,0.01356196,0.9554403,-0.1856521,-0.2290923,20.39836,208.192,6.799945,0.6645739,0.03117268,-0.7465712,0.0,0.0,0.0,1.144346,-0.3328842,-2.568013,-0.153828,-0.03004928,1.026366,-0.8946657,0.1109782,0.4327323,-0.05914762,0.9306988,-0.3609729,-0.4428035,-0.3485451,-0.8261001,moving,31.29783,26.63078,-8.523836,-1.67699,30.87250208005853,31.714251970427043,48.85790545437305,51.64345548514234,133.969433983345
3244,3244,05/15/2023 13:24:17.783894,3473,True,True,True,True,Eyes,1.543157,0.07841644,-1.808599,-0.469825,-0.3933311,-0.790288,0.0,0.0,0.0,0.0,0.0,0.0,0.0,1.917049,-0.6342634,-0.8273163,1.328887,0.08559771,-1.728742,0.01250585,0.9560522,-0.1893383,-0.2235143,20.88198,207.5483,6.671892,0.6631718,0.03133199,-0.7478102,0.0,0.0,0.0,1.14225,-0.3311592,-2.568183,-0.1547881,-0.03152749,1.023007,-0.8997701,0.1085522,0.4226471,-0.06072716,0.9279892,-0.3676251,-0.4321185,-0.3564442,-0.8283848,moving,30.73141,26.45981,-8.603988,-1.765208,30.31927673099257,31.531529045552062,48.41410101322473,51.221999523637976,134.33052754146357
3245,3245,05/15/2023 13:24:17.804492,3474,True,True,True,True,Eyes,1.533334,0.07859336,-1.805456,-0.4620866,-0.3929544,-0.7950237,0.0,0.0,0.0,0.0,0.0,0.0,0.0,1.898197,-0.6389325,-0.8498833,1.31908,0.08600748,-1.728096,0.01224838,0.9570968,-0.1899924,-0.2184463,20.99773,206.9284,6.547322,0.6617378,0.03149583,-0.7490726,0.0,0.0,0.0,1.14018,-0.3294557,-2.568352,-0.1555831,-0.03212211,1.019672,-0.9042625,0.106452,0.4134943,-0.05956048,0.9275058,-0.3690333,-0.4228027,-0.3583309,-0.8323684,moving,30.16617,26.30169,-8.675372,-1.804358,29.76754459183969,31.36124154955025,47.943876763524955,50.77218558983128,134.72058578673614
3246,3246,05/15/2023 13:24:17.814430,3475,True,True,True,True,Eyes,1.523524,0.07877882,-1.802426,-0.4542524,-0.3925358,-0.7997314,0.0,0.0,0.0,0.0,0.0,0.0,0.0,1.879662,-0.6448277,-0.8685753,1.309739,0.08574486,-1.726437,0.01222553,0.957874,-0.1913435,-0.2138124,21.18239,206.3791,6.480805,0.6602728,0.03166293,-0.7503572,0.0,0.0,0.0,1.13791,-0.3275873,-2.568536,-0.1547243,-0.02628456,1.017699,-0.9082698,0.1052443,0.4049321,-0.05840218,0.9264764,-0.3717938,-0.4142892,-0.361338,-0.835344,moving,29.59685,26.1434,-8.644678,-1.479475,29.21185644244891,31.190662091910397,47.174544905493356,50.004550368906834,135.40717367755389
3247,3247,05/15/2023 13:24:17.834176,3476,True,True,True,True,Eyes,1.513713,0.07895988,-1.799502,-0.4463328,-0.3920409,-0.8044197,0.0,0.0,0.0,0.0,0.0,0.0,0.0,1.85849,-0.6589144,-0.8884826,1.30035,0.08611296,-1.726044,0.0137328,0.9585961,-0.1934215,-0.2085509,21.41361,205.7971,6.600117,0.6587758,0.03183337,-0.7516646,0.0,0.0,0.0,1.135884,-0.3259208,-2.568701,-0.1520748,-0.02142349,1.015636,-0.9126362,0.1070048,0.3945196,-0.05434802,0.9247991,-0.376554,-0.4051445,-0.3650981,-0.8381896,moving,29.02373,25.98269,-8.515834,-1.208399,28.652422099663934,31.01762852159019,46.352714983224196,49.19345598057219,136.147145454099
3248,3248,05/15/2023 13:24:17.854207,3477,True,True,True,True,Eyes,1.503923,0.07911605,-1.796687,-0.4383993,-0.3913119,-0.8091237,0.0,0.0,0.0,0.0,0.0,0.0,0.0,1.835882,-0.6668405,-0.9138532,1.290493,0.0861457,-1.725534,0.01613345,0.9600191,-0.1921047,-0.2029755,21.24145,205.1366,6.713467,0.6572465,0.03200658,-0.7529948,0.0,0.0,0.0,1.13375,-0.3241645,-2.568874,-0.1493683,-0.02028126,1.013679,-0.9170817,0.1089619,0.3835221,-0.04700826,0.925671,-0.3753978,-0.3959194,-0.362299,-0.8437938,moving,28.44971,25.80954,-8.382361,-1.146196,28.09177690013362,30.83256389416218,45.642229978943156,48.50777071693194,136.77605578975417
3249,3249,05/15/2023 13:24:17.874062,3478,True,True,True,True,Eyes,1.494133,0.07924841,-1.79396,-0.4304525,-0.3907037,-0.8136715,0.0,0.0,0.0,0.0,0.0,0.0,0.0,1.814847,-0.6735014,-0.9362166,1.280891,0.08568861,-1.725037,0.01750923,0.961105,-0.1919193,-0.1978319,21.22194,204.5287,6.751569,0.6556845,0.03218126,-0.7543479,0.0,0.0,0.0,1.131488,-0.3223027,-2.569058,-0.1469966,-0.01855344,1.011894,-0.9211118,0.109592,0.3735538,-0.04227912,0.9257208,-0.375837,-0.3869953,-0.3619815,-0.8480589,moving,27.87996,25.6491,-8.265471,-1.050421,27.53561367788244,30.6598965079718,44.93725184972043,47.82532697817435,137.40256081153078
3250,3250,05/15/2023 13:24:17.884046,3479,True,True,True,True,Eyes,1.484375,0.07936837,-1.79136,-0.4227257,-0.3898808,-0.8181051,0.0,0.0,0.0,0.0,0.0,0.0,0.0,1.795483,-0.6816131,-0.9528396,1.271056,0.08526501,-1.724357,0.01839137,0.961693,-0.1931521,-0.193651,21.36961,204.0537,6.794937,0.6540897,0.03235624,-0.7557237,0.0,0.0,0.0,1.129381,-0.3205691,-2.56923,-0.1457537,-0.01782146,1.009658,-0.9243222,0.1101819,0.365361,-0.03943449,0.9247081,-0.378629,-0.3795703,-0.3643829,-0.8503832,moving,27.326,25.48087,-8.21444,-1.011222,26.994530234366504,30.48020800028932,44.327799561111355,47.23750362188532,137.9352977930826
3251,3251,05/15/2023 13:24:17.904294,3480,True,True,True,True,Eyes,1.474632,0.07945658,-1.788854,-0.4149635,-0.389083,-0.8224474,0.0,0.0,0.0,0.0,0.0,0.0,0.0,1.777278,-0.6872298,-0.9705818,1.261681,0.08509818,-1.724515,0.01956794,0.9624853,-0.1929714,-0.18974,21.34843,203.5945,6.838223,0.6524618,0.03253087,-0.7571222,0.0,0.0,0.0,1.127329,-0.3188803,-2.569396,-0.1450734,-0.0155378,1.008004,-0.9272317,0.1108965,0.3576918,-0.0355611,0.9247583,-0.3788899,-0.372796,-0.3640386,-0.8535216,moving,26.7731,25.31787,-8.189855,-0.8831116,26.45461599184184,30.3055989391924,43.690956262544354,46.61518031073249,138.49717791964665
3252,3252,05/15/2023 13:24:17.914161,3481,True,True,True,True,Eyes,1.46492,0.07951415,-1.786478,-0.4073306,-0.3881598,-0.8266884,0.0,0.0,0.0,0.0,0.0,0.0,0.0,1.757781,-0.6914527,-0.9899588,1.252228,0.08442366,-1.724157,0.0204337,0.9633687,-0.1928021,-0.1852861,21.34031,203.0626,6.832942,0.6508005,0.03270384,-0.7585432,0.0,0.0,0.0,1.125108,-0.3170523,-2.569577,-0.1442885,-0.0192202,1.005504,-0.9305032,0.1108174,0.3491182,-0.0320767,0.9248197,-0.379051,-0.3648769,-0.3639067,-0.856993,moving,26.23065,25.15173,-8.16612,-1.095075,25.924736678409115,30.1282879019134,43.266991565637255,46.22861559653732,138.84814893786157
3253,3253,05/15/2023 13:24:17.934117,3482,True,True,True,True,Eyes,1.455217,0.07954012,-1.784208,-0.3996724,-0.387265,-0.8308356,0.0,0.0,0.0,0.0,0.0,0.0,0.0,1.738788,-0.6960847,-1.00896,1.242821,0.08377025,-1.724615,0.02107044,0.9641441,-0.1929838,-0.180941,21.37702,202.5455,6.812962,0.6491057,0.03287388,-0.7599868,0.0,0.0,0.0,1.123027,-0.3153404,-2.569746,-0.142835,-0.02235281,1.003433,-0.9336328,0.1104672,0.3407739,-0.02920748,0.9246266,-0.3797533,-0.3570389,-0.3645033,-0.8600353,moving,25.68982,24.99094,-8.101419,-1.27613,25.39657218379685,29.956189654011805,42.79961214240172,45.79927078371558,139.24385158973186
3254,3254,05/15/2023 13:24:17.953984,3483,True,True,True,True,Eyes,1.445559,0.07952899,-1.782055,-0.3921162,-0.3862463,-0.8349004,0.0,0.0,0.0,0.0,0.0,0.0,0.0,1.719373,-0.7003411,-1.02766,1.23329,0.08303583,-1.724793,0.02199525,0.9649481,-0.1928182,-0.17667,21.36743,202.0385,6.819439,0.6473769,0.03303985,-0.7614528,0.0,0.0,0.0,1.120807,-0.313513,-2.569927,-0.1403022,-0.02161169,1.001591,-0.9366078,0.1105789,0.3324726,-0.02568185,0.9246746,-0.379891,-0.349437,-0.3643474,-0.8632176,moving,25.15739,24.82647,-7.97407,-1.2361,24.876442520887142,29.78080412506085,42.15389895058937,45.17969139323751,139.8184139351379
3255,3255,05/15/2023 13:24:17.964071,3484,True,True,True,True,Eyes,1.435921,0.07948349,-1.780032,-0.3845281,-0.3852494,-0.8388809,0.0,0.0,0.0,0.0,0.0,0.0,0.0,1.700392,-0.7033277,-1.046358,1.223987,0.08216059,-1.725101,0.02268056,0.9657564,-0.192523,-0.1724388,21.34842,201.5296,6.795358,0.6456143,0.03320044,-0.7629408,0.0,0.0,0.0,1.118669,-0.3117536,-2.5701,-0.1378825,-0.02169457,0.9997467,-0.9395011,0.1102046,0.3243346,-0.02258905,0.924841,-0.3796826,-0.3418007,-0.3640386,-0.8663997,moving,24.62588,24.66658,-7.852551,-1.243127,24.35732874754866,29.60986649491451,41.54709853946013,44.60250621824723,140.35562664738399
3256,3256,05/15/2023 13:24:17.984404,3485,True,True,True,True,Eyes,1.42632,0.0793999,-1.778137,-0.3770407,-0.3840401,-0.8428248,0.0,0.0,0.0,0.0,0.0,0.0,0.0,1.68095,-0.7074487,-1.06562,1.214772,0.08128417,-1.726078,0.02370892,0.9665599,-0.1922024,-0.1681018,21.32017,201.0153,6.809322,0.6438173,0.03335455,-0.7644511,0.0,0.0,0.0,1.116464,-0.309939,-2.57028,-0.1361552,-0.02204785,0.9976455,-0.9423596,0.1104513,0.315847,-0.01878693,0.9249923,-0.3795212,-0.3340746,-0.3635792,-0.8696003,moving,24.10153,24.49678,-7.771516,-1.266024,23.844879010282995,29.429591634710864,40.983083476728936,44.06605556026263,140.85073069518256
3257,3257,05/15/2023 13:24:18.003956,3486,True,True,True,True,Eyes,1.416733,0.0792784,-1.776378,-0.3694962,-0.3827938,-0.8467239,0.0,0.0,0.0,0.0,0.0,0.0,0.0,1.660354,-0.7114273,-1.08569,1.20539,0.08027439,-1.726909,0.02543557,0.9674793,-0.1911881,-0.1636584,21.19945,200.4928,6.886938,0.6419855,0.03350106,-0.7659838,0.0,0.0,0.0,1.114451,-0.3082827,-2.570443,-0.1367931,-0.02240288,0.9952757,-0.945138,0.1117959,0.3069463,-0.01336234,0.9256002,-0.3782666,-0.3263982,-0.3616156,-0.8733261,moving,23.57565,24.32716,-7.82584,-1.289466,23.330952416068705,29.249442473078805,40.52487016443083,43.62763624567667,141.24194987166206
3258,3258,05/15/2023 13:24:18.014463,3487,True,True,True,True,Eyes,1.407158,0.07910184,-1.774741,-0.3619698,-0.381369,-0.8506089,0.0,0.0,0.0,0.0,0.0,0.0,0.0,1.639092,-0.7147504,-1.107464,1.196073,0.07921459,-1.728323,0.02711769,0.9684744,-0.1899356,-0.1588917,21.05586,199.927,6.947533,0.6401181,0.03363888,-0.767539,0.0,0.0,0.0,1.112304,-0.3065156,-2.570618,-0.1390678,-0.02148256,0.9926168,-0.9480363,0.112884,0.2974639,-0.007832827,0.9263782,-0.3765131,-0.3180664,-0.359278,-0.8773558,moving,23.05179,24.149,-7.975352,-1.239822,22.81874925982351,29.061116763168812,40.09084463111058,43.20212451175949,141.61033927420397
3259,3259,05/15/2023 13:24:18.034482,3488,True,True,True,True,Eyes,1.397591,0.07886902,-1.77324,-0.3543836,-0.3799332,-0.8544372,0.0,0.0,0.0,0.0,0.0,0.0,0.0,1.617429,-0.716742,-1.129123,1.186511,0.07766657,-1.729415,0.02869945,0.9694625,-0.1885887,-0.1541201,20.90461,199.3581,6.995633,0.6382149,0.03376629,-0.7691167,0.0,0.0,0.0,1.110115,-0.3047143,-2.570796,-0.1412164,-0.01883098,0.9904672,-0.9508469,0.1137767,0.2880025,-0.002484531,0.9272212,-0.3745058,-0.3096521,-0.3568131,-0.8813626,moving,22.52656,23.97276,-8.11429,-1.089189,22.30527165106365,28.874600622183596,39.5848831803392,42.69869341754311,142.05223563402427
3260,3260,05/15/2023 13:24:18.054267,3489,True,True,True,True,Eyes,1.388049,0.07857342,-1.771888,-0.3469315,-0.3783373,-0.8581954,0.0,0.0,0.0,0.0,0.0,0.0,0.0,1.597014,-0.7169636,-1.150434,1.177086,0.07607377,-1.73109,0.0293743,0.9703685,-0.1875439,-0.1494974,20.80513,198.7936,6.948112,0.6362745,0.03388168,-0.7707176,0.0,0.0,0.0,1.10793,-0.3029167,-2.570973,-0.1420053,-0.01751494,0.9883276,-0.9535753,0.1130824,0.2791171,0.000933147,0.9279289,-0.3727561,-0.301153,-0.3551906,-0.8849556,moving,22.01137,23.79039,-8.176435,-1.015278,21.80135036181038,28.682484722715127,39.07204544996651,42.19744928231398,142.5017326921038
3261,3261,05/15/2023 13:24:18.063966,3490,True,True,True,True,Eyes,1.378508,0.07820936,-1.770659,-0.3394931,-0.3767357,-0.861867,0.0,0.0,0.0,0.0,0.0,0.0,0.0,1.578684,-0.7148301,-1.17004,1.167559,0.07426889,-1.733064,0.02963046,0.971201,-0.1862631,-0.1455912,20.68133,198.3049,6.86272,0.6342962,0.03398325,-0.7723421,0.0,0.0,0.0,1.105765,-0.3011343,-2.571149,-0.1419565,-0.01740676,0.9864184,-0.9558504,0.1117908,0.2717585,0.003317728,0.9288562,-0.3704257,-0.2938347,-0.3531699,-0.8882185,moving,21.49969,23.6109,-8.189271,-1.010961,21.300906952328667,28.49325767722624,38.57033114147249,41.71533909023871,142.94123744166114
3262,3262,05/15/2023 13:24:18.084108,3491,True,True,True,True,Eyes,1.368963,0.07779349,-1.769547,-0.33212,-0.3751566,-0.8654212,0.0,0.0,0.0,0.0,0.0,0.0,0.0,1.560229,-0.7147,-1.187523,1.157988,0.07224661,-1.734695,0.03048391,0.971889,-0.1853153,-0.1419892,20.58245,197.8715,6.863707,0.6322798,0.03406911,-0.77399,0.0,0.0,0.0,1.103699,-0.2994345,-2.571317,-0.1413796,-0.01763302,0.9846061,-0.9578198,0.1118795,0.2646971,0.006628427,0.929458,-0.3688685,-0.2872937,-0.3515549,-0.8909948,moving,20.99515,23.43653,-8.171248,-1.025984,20.807518066937234,28.309194593265563,38.06695894728919,41.23495587315523,143.38426777591096
3263,3263,05/15/2023 13:24:18.104316,3492,True,True,True,True,Eyes,1.359428,0.07734732,-1.768575,-0.3247515,-0.3737087,-0.8688374,0.0,0.0,0.0,0.0,0.0,0.0,0.0,1.541762,-0.7188006,-1.202318,1.148578,0.07054049,-1.736394,0.03152837,0.9722934,-0.1856177,-0.1385561,20.62272,197.4809,6.918999,0.6302238,0.03413835,-0.775662,0.0,0.0,0.0,1.101588,-0.297697,-2.571489,-0.1406296,-0.01784506,0.9826361,-0.9596165,0.1127466,0.25773,0.009872713,0.929104,-0.3696866,-0.2811388,-0.3522128,-0.8926966,moving,20.49459,23.27375,-8.144563,-1.0404,20.318299759716584,28.136439015888307,37.56832408798546,40.76055067632825,143.82495384095918
3264,3264,05/15/2023 13:24:18.122375,3493,True,True,True,True,Eyes,1.349864,0.0768843,-1.767735,-0.3173757,-0.3721684,-0.8722175,0.0,0.0,0.0,0.0,0.0,0.0,0.0,1.521577,-0.7271062,-1.217342,1.139223,0.06936805,-1.738724,0.03324267,0.9726036,-0.1864865,-0.1347588,20.71964,197.0686,7.057901,0.6281277,0.034191,-0.7773582,0.0,0.0,0.0,1.099315,-0.2958268,-2.571673,-0.1397164,-0.01789343,0.980942,-0.9614698,0.1149253,0.2497351,0.0144025,0.9282354,-0.3717143,-0.2745323,-0.3537954,-0.8941256,moving,19.99504,23.10756,-8.106164,-1.045021,19.829966623073968,27.96042494242268,37.05434974751516,40.27087394765918,144.28168912941743
3265,3265,05/15/2023 13:24:18.134644,3494,True,True,True,True,Eyes,1.340292,0.07639395,-1.767043,-0.3099831,-0.370657,-0.8755134,0.0,0.0,0.0,0.0,0.0,0.0,0.0,1.500098,-0.732075,-1.235381,1.129632,0.06838922,-1.741162,0.03530071,0.973224,-0.1858141,-0.1306224,20.63756,196.6008,7.197747,0.6259899,0.03422773,-0.7790791,0.0,0.0,0.0,1.097313,-0.2941791,-2.571836,-0.1368203,-0.01798171,0.9781696,-0.9633836,0.1172539,0.241131,0.02016804,0.928454,-0.3708995,-0.2673684,-0.3524553,-0.8968222,moving,19.49695,22.94584,-7.962516,-1.053151,19.343169352411334,27.78876956603189,36.468806424439464,39.717210809700426,144.81030201221554
3266,3266,05/15/2023 13:24:18.154305,3495,True,True,True,True,Eyes,1.330728,0.07588147,-1.766497,-0.3026831,-0.3690159,-0.8787549,0.0,0.0,0.0,0.0,0.0,0.0,0.0,1.477194,-0.7391781,-1.253514,1.119828,0.06720404,-1.743919,0.03813409,0.9737845,-0.1852662,-0.1263574,20.5596,196.1362,7.430605,0.6238092,0.03424864,-0.7808254,0.0,0.0,0.0,1.095134,-0.2923858,-2.572013,-0.133926,-0.01739752,0.975927,-0.9651592,0.1210882,0.2319597,0.02744929,0.9284445,-0.3704556,-0.2602195,-0.3511815,-0.8994206,moving,19.00603,22.77902,-7.813865,-1.021284,18.863176967870587,27.61241824108595,35.857512996629325,39.1350670395069,145.36594424083913
3267,3267,05/15/2023 13:24:18.164142,3496,True,True,True,True,Eyes,1.321139,0.07534636,-1.766106,-0.2953573,-0.3673401,-0.881944,0.0,0.0,0.0,0.0,0.0,0.0,0.0,1.452923,-0.7473572,-1.271706,1.109798,0.06614052,-1.746635,0.04147223,0.9743218,-0.184685,-0.1219382,20.47332,195.6635,7.720483,0.6215847,0.03425401,-0.7825971,0.0,0.0,0.0,1.092909,-0.2905548,-2.572194,-0.1325981,-0.0175969,0.9744344,-0.9668226,0.1258549,0.2222954,0.03577428,0.9283429,-0.3699993,-0.2529326,-0.3497711,-0.9020454,moving,18.51536,22.61231,-7.749042,-1.034568,18.383429701485216,27.43618088974186,35.34110427766071,38.64569341558853,145.82853905815597
3268,3268,05/15/2023 13:24:18.184257,3497,True,True,True,True,Eyes,1.311587,0.07479914,-1.765868,-0.288335,-0.3655715,-0.8849975,0.0,0.0,0.0,0.0,0.0,0.0,0.0,1.43005,-0.7500597,-1.291372,1.099565,0.0650191,-1.749858,0.04379868,0.975023,-0.1831944,-0.1176924,20.29954,195.1777,7.876722,0.6193147,0.03424409,-0.7843952,0.0,0.0,0.0,1.090868,-0.2888754,-2.57236,-0.1312112,-0.01924166,0.9719639,-0.9684604,0.1285307,0.2134583,0.04228825,0.9290429,-0.3675472,-0.245553,-0.3469281,-0.9051767,moving,18.04577,22.44436,-7.688217,-1.134118,17.924064055873,27.259408115577408,34.90247429212796,38.23847886829453,146.21558974749112
3269,3269,05/15/2023 13:24:18.203937,3498,True,True,True,True,Eyes,1.302003,0.07425214,-1.765791,-0.2812879,-0.3638317,-0.8879773,0.0,0.0,0.0,0.0,0.0,0.0,0.0,1.407856,-0.7546625,-1.30834,1.089377,0.06427683,-1.752841,0.04532905,0.9754701,-0.1830188,-0.1136124,20.28919,194.7145,7.968086,0.6169991,0.03421953,-0.7862189,0.0,0.0,0.0,1.088777,-0.2871549,-2.57253,-0.130195,-0.02135918,0.9699579,-0.9700752,0.1300206,0.2050588,0.04684785,0.9288989,-0.3673585,-0.2382431,-0.3467588,-0.907193,moving,17.57683,22.28043,-7.64497,-1.261491,17.465437541011365,27.08653445329045,34.501612130598204,37.87008204342953,146.56631625379276
3270,3270,05/15/2023 13:24:18.214381,3499,True,True,True,True,Eyes,1.292401,0.07368793,-1.765843,-0.2743393,-0.362027,-0.8908841,0.0,0.0,0.0,0.0,0.0,0.0,0.0,1.385631,-0.758224,-1.32624,1.078954,0.06371619,-1.756584,0.04698505,0.9759815,-0.1823095,-0.109617,20.21602,194.257,8.066715,0.6146361,0.03418148,-0.7880693,0.0,0.0,0.0,1.085705,-0.2846271,-2.57278,-0.1295338,-0.02079928,0.9686721,-0.9715533,0.1316815,0.1968367,0.05174464,0.9291113,-0.3661621,-0.2311,-0.3455607,-0.9094951,moving,17.11572,22.11526,-7.61658,-1.230063,17.014360364676342,26.91270989058212,34.01015685445054,37.39918300202728,147.01018717803106
3271,3271,05/15/2023 13:24:18.234375,3500,True,True,True,True,Eyes,1.282768,0.07311163,-1.76603,-0.2673942,-0.3603833,-0.8936578,0.0,0.0,0.0,0.0,0.0,0.0,0.0,1.363448,-0.7621946,-1.34251,1.068682,0.06272957,-1.759615,0.04842373,0.9763713,-0.1821863,-0.1056523,20.21421,193.8072,8.151384,0.6122251,0.03413027,-0.789946,0.0,0.0,0.0,1.083775,-0.2830388,-2.572937,-0.1304457,-0.02047244,0.9670019,-0.9729856,0.1330559,0.1886676,0.05606226,0.9289266,-0.3659951,-0.2239561,-0.3455308,-0.9112916,moving,16.65787,21.96263,-7.682654,-1.21283,16.566782370967218,26.75108687284961,33.608972831762884,37.013724632644454,147.3670701556115
3272,3272,05/15/2023 13:24:18.254134,3501,True,True,True,True,Eyes,1.273112,0.07257509,-1.766351,-0.2605215,-0.3587603,-0.8963367,0.0,0.0,0.0,0.0,0.0,0.0,0.0,1.341906,-0.7695596,-1.356053,1.058228,0.06187588,-1.76299,0.04978742,0.9764845,-0.1832439,-0.1020831,20.34699,193.4203,8.256559,0.6097646,0.03406638,-0.7918496,0.0,0.0,0.0,1.082357,-0.2818716,-2.573052,-0.1321031,-0.01884574,0.9648384,-0.9742007,0.1346455,0.1811186,0.0598211,0.9278858,-0.3680346,-0.2176116,-0.3477047,-0.9120016,moving,16.20658,21.81384,-7.796309,-1.118989,16.125662281654638,26.593374611207345,33.19718852989756,36.60923117084103,147.737382040512
3273,3273,05/15/2023 13:24:18.265757,3502,True,True,True,True,Eyes,1.263421,0.07212956,-1.766837,-0.2536204,-0.3571954,-0.8989372,0.0,0.0,0.0,0.0,0.0,0.0,0.0,1.318562,-0.7819551,-1.368336,1.047896,0.06227592,-1.766476,0.05264993,0.9764798,-0.1844315,-0.09849025,20.47608,193.0646,8.542178,0.6072539,0.03399262,-0.7937797,0.0,0.0,0.0,1.0801,-0.2800145,-2.573235,-0.1335082,-0.01532015,0.9635792,-0.9750555,0.1391526,0.1729268,0.06649376,0.926426,-0.3705583,-0.2117681,-0.3498163,-0.9125695,moving,15.75555,21.67055,-7.888366,-0.9108812,15.684943976737456,26.44097722242414,32.69488949140812,36.10851841906123,148.19996862598467
3274,3274,05/15/2023 13:24:18.284426,3503,True,True,True,True,Eyes,1.253685,0.07175336,-1.767462,-0.2465854,-0.355472,-0.9015738,0.0,0.0,0.0,0.0,0.0,0.0,0.0,1.293143,-0.7917427,-1.384551,1.037309,0.06398711,-1.770862,0.05575823,0.9767815,-0.1841016,-0.09431677,20.43448,192.6231,8.818324,0.6046908,0.03391386,-0.7957374,0.0,0.0,0.0,1.078025,-0.278307,-2.573404,-0.1350944,-0.01216933,0.9619708,-0.9759911,0.1436549,0.1637234,0.07419948,0.9259953,-0.3701719,-0.2047841,-0.3491362,-0.9144222,moving,15.29661,21.5183,-7.994058,-0.7247768,15.236320708556658,26.279686671894925,32.20573988308485,35.621503931584215,148.6494178146069
3275,3275,05/15/2023 13:24:18.304233,3504,True,True,True,True,Eyes,1.243916,0.07142848,-1.768214,-0.2396016,-0.3538145,-0.9041053,0.0,0.0,0.0,0.0,0.0,0.0,0.0,1.271224,-0.7933521,-1.401051,1.026756,0.06519344,-1.774791,0.05695442,0.9772943,-0.1828633,-0.09062653,20.31001,192.1863,8.861365,0.6020739,0.03383356,-0.7977226,0.0,0.0,0.0,1.075834,-0.2765033,-2.573582,-0.1366107,-0.005628288,0.961303,-0.977086,0.144467,0.1563078,0.07817791,0.9266344,-0.3677458,-0.1979673,-0.3470994,-0.9166957,moving,14.84304,21.3725,-8.088141,-0.3354545,14.793074033414849,26.124787842761616,31.57648413976501,34.98134397422495,149.24205942769905
3276,3276,05/15/2023 13:24:18.314200,3505,True,True,True,True,Eyes,1.234152,0.07114568,-1.769092,-0.2326854,-0.3519801,-0.9066242,0.0,0.0,0.0,0.0,0.0,0.0,0.0,1.251335,-0.7974315,-1.413698,1.016146,0.06609465,-1.778583,0.05801455,0.9775214,-0.1827378,-0.08771143,20.30902,191.8561,8.923783,0.5994026,0.03375403,-0.7997351,0.0,0.0,0.0,1.073717,-0.2747617,-2.573754,-0.1368773,0.0004860163,0.9607534,-0.9778821,0.1454773,0.1502767,0.08136452,0.9264824,-0.3674374,-0.1926825,-0.3470832,-0.9178272,moving,14.3943,21.21778,-8.108292,0.02898421,14.35426184622052,25.961433931843214,30.908440817174615,34.308282875572225,149.8733567612462
3277,3277,05/15/2023 13:24:18.334237,3506,True,True,True,True,Eyes,1.224381,0.07088263,-1.770073,-0.2257361,-0.3500859,-0.9091111,0.0,0.0,0.0,0.0,0.0,0.0,0.0,1.231136,-0.7983932,-1.428326,1.006002,0.06679706,-1.782342,0.05989537,0.9779747,-0.1811113,-0.08471636,20.12664,191.5126,9.059117,0.5966771,0.03367689,-0.8017739,0.0,0.0,0.0,1.071562,-0.2729885,-2.573929,-0.1364913,0.002142519,0.9606054,-0.9784713,0.1478385,0.1440054,0.08646613,0.9272225,-0.3643927,-0.1873963,-0.3440962,-0.9200435,moving,13.94476,21.06099,-8.086959,0.1277914,13.91461843228061,25.796057679014115,30.39071314928301,33.8072374393267,150.35259891290113
3278,3278,05/15/2023 13:24:18.354203,3507,True,True,True,True,Eyes,1.214576,0.07065676,-1.771124,-0.218483,-0.3484083,-0.9115245,0.0,0.0,0.0,0.0,0.0,0.0,0.0,1.209171,-0.795794,-1.445653,0.996007,0.06697528,-1.785715,0.06094617,0.978604,-0.1791278,-0.08082815,19.92184,191.0398,9.072092,0.5938982,0.03360261,-0.8038375,0.0,0.0,0.0,1.06943,-0.271234,-2.574103,-0.1375266,0.01312995,0.9609236,-0.9795048,0.1482414,0.1363632,0.09032718,0.9283976,-0.3604426,-0.1800318,-0.340738,-0.9227601,moving,13.47892,20.91815,-8.144815,0.7828342,13.459569296653896,25.64363008221104,29.546858677631953,32.936432604859725,151.16459364456094
3279,3279,05/15/2023 13:24:18.364344,3508,True,True,True,True,Eyes,1.204761,0.07050398,-1.772274,-0.2112257,-0.3469637,-0.9137833,0.0,0.0,0.0,0.0,0.0,0.0,0.0,1.186846,-0.8028406,-1.457026,0.9861512,0.06757361,-1.78858,0.06081639,0.9785948,-0.1809753,-0.07682195,20.17319,190.5814,8.999816,0.5910662,0.0335325,-0.8059251,0.0,0.0,0.0,1.067194,-0.2693935,-2.574285,-0.1384927,0.006676793,0.959878,-0.9807999,0.146835,0.1283426,0.09122346,0.9270986,-0.3635471,-0.1723677,-0.3448589,-0.922693,moving,13.01561,20.79178,-8.210066,0.398536,13.007419525865222,25.50717303263933,29.434906531200536,32.87286640494144,151.23756689683069
3280,3280,05/15/2023 13:24:18.384137,3509,True,True,True,True,Eyes,1.194928,0.07043418,-1.773529,-0.2038308,-0.3454382,-0.9160379,0.0,0.0,0.0,0.0,0.0,0.0,0.0,1.164638,-0.8121794,-1.467267,0.9760327,0.0692194,-1.792054,0.06096317,0.9784923,-0.183007,-0.07310775,20.44011,190.1658,8.96765,0.5881814,0.03346938,-0.8080356,0.0,0.0,0.0,1.065145,-0.2677077,-2.574451,-0.1387174,-0.004883647,0.9592088,-0.9818775,0.1460624,0.1207574,0.09254552,0.9255838,-0.3670556,-0.1653841,-0.3492281,-0.9223275,moving,12.54471,20.66148,-8.228862,-0.2917091,12.547811868087702,25.36668609223543,29.505549089951586,33.0155027352577,151.1256819266544
3281,3281,05/15/2023 13:24:18.404110,3510,True,True,True,True,Eyes,1.1851,0.0704029,-1.774866,-0.1964293,-0.3437937,-0.9182709,0.0,0.0,0.0,0.0,0.0,0.0,0.0,1.143996,-0.8124481,-1.481503,0.9660687,0.07102723,-1.795916,0.06143477,0.9789177,-0.1818988,-0.0697049,20.33835,189.7518,8.935407,0.5852438,0.03341622,-0.810168,0.0,0.0,0.0,1.062972,-0.2659192,-2.574628,-0.1396415,0.005762011,0.9595043,-0.9827339,0.1456376,0.1141209,0.09492068,0.9262772,-0.3646926,-0.1588205,-0.3475634,-0.9241081,moving,12.07429,20.52552,-8.280409,0.3440682,12.088514733685164,25.2207531056928,28.663648897799533,32.15186629055624,151.93764155295975
3282,3282,05/15/2023 13:24:18.414056,3511,True,True,True,True,Eyes,1.175272,0.07038889,-1.776275,-0.1888657,-0.3421193,-0.9204804,0.0,0.0,0.0,0.0,0.0,0.0,0.0,1.123922,-0.8045419,-1.498849,0.9563957,0.07225005,-1.799201,0.06141059,0.9797398,-0.1788033,-0.06609264,20.01363,189.2767,8.813619,0.5822544,0.03337371,-0.8123208,0.0,0.0,0.0,1.060752,-0.2640922,-2.574808,-0.1429494,0.006454796,0.9580147,-0.9837211,0.1439679,0.1075463,0.09669763,0.9285163,-0.3584789,-0.151468,-0.3422437,-0.9273224,moving,11.59511,20.38883,-8.486729,0.3860347,11.620713859302764,25.073841087096675,28.344171842472715,31.840179687729417,152.22550977052978
3283,3283,05/15/2023 13:24:18.434419,3512,True,True,True,True,Eyes,1.165446,0.07043059,-1.77775,-0.181303,-0.340556,-0.9225783,0.0,0.0,0.0,0.0,0.0,0.0,0.0,1.102342,-0.8023957,-1.513333,0.9464285,0.07262352,-1.802268,0.06145682,0.9801739,-0.1777634,-0.06231084,19.9268,188.8107,8.726217,0.5792148,0.03334144,-0.8144922,0.0,0.0,0.0,1.058734,-0.262432,-2.574972,-0.1476296,0.002143472,0.9567119,-0.9846811,0.1426299,0.1003014,0.09832355,0.9292464,-0.356137,-0.1440004,-0.3408193,-0.9290352,moving,11.11796,20.26087,-8.772088,0.1283686,11.155117048351125,24.935415934876488,28.300735362589183,31.8195395710534,152.23788568738811
3284,3284,05/15/2023 13:24:18.454634,3513,True,True,True,True,Eyes,1.155626,0.07049713,-1.779278,-0.1735734,-0.3391795,-0.92457,0.0,0.0,0.0,0.0,0.0,0.0,0.0,1.080492,-0.8050153,-1.525001,0.9365094,0.07368498,-1.805176,0.06137739,0.9803448,-0.1781159,-0.05858092,20.00115,188.3662,8.642808,0.5761259,0.03332089,-0.8166809,0.0,0.0,0.0,1.056641,-0.2607089,-2.575142,-0.1517553,0.001461864,0.9549233,-0.9856023,0.1412104,0.09299443,0.0994736,0.9290151,-0.3564211,-0.1367236,-0.3420389,-0.929686,moving,10.63262,20.14562,-9.029869,0.08771233,10.681935026996204,24.80899731816497,28.087953534805024,31.617987751670324,152.4219490097628
3285,3285,05/15/2023 13:24:18.464215,3514,True,True,True,True,Eyes,1.145808,0.07063863,-1.780847,-0.1659629,-0.3381494,-0.926343,0.0,0.0,0.0,0.0,0.0,0.0,0.0,1.060259,-0.8058739,-1.53607,0.9267503,0.07436149,-1.807954,0.06041247,0.9805223,-0.1785945,-0.05504914,20.09517,187.928,8.458254,0.5729895,0.03331196,-0.8188848,0.0,0.0,0.0,1.054007,-0.2585418,-2.575356,-0.1534399,0.00250867,0.9535946,-0.9866399,0.1381345,0.08637515,0.09880858,0.9289087,-0.356883,-0.1295325,-0.3435804,-0.9301472,moving,10.1573,20.05395,-9.140931,0.1507306,10.219100126412291,24.7056442529078,27.72291222461842,31.269067618293494,152.7589687171341
3286,3286,05/15/2023 13:24:18.484414,3515,True,True,True,True,Eyes,1.135984,0.07084098,-1.782474,-0.1582768,-0.3370971,-0.9280699,0.0,0.0,0.0,0.0,0.0,0.0,0.0,1.042151,-0.8198353,-1.538276,0.9169758,0.07638134,-1.810475,0.05993616,0.9799636,-0.1824965,-0.05267114,20.57089,187.6793,8.395458,0.5698071,0.03331693,-0.8211023,0.0,0.0,0.0,1.051792,-0.2567188,-2.575536,-0.154411,0.005222142,0.9523164,-0.987267,0.1366951,0.0813553,0.0982459,0.9262053,-0.3639936,-0.1251079,-0.351366,-0.9278417,moving,9.678341,19.96223,-9.20993,0.3141851,9.752739584997974,24.602128837345223,27.254585848290873,30.81374772367448,153.19988090754245
3287,3287,05/15/2023 13:24:18.504201,3516,True,True,True,True,Eyes,1.126183,0.0710775,-1.784135,-0.1506973,-0.3359954,-0.9297298,0.0,0.0,0.0,0.0,0.0,0.0,0.0,1.022605,-0.8161492,-1.551331,0.9074613,0.0779634,-1.813527,0.05980697,0.9804562,-0.1807884,-0.04944261,20.40148,187.2681,8.290877,0.5665791,0.03333721,-0.8233321,0.0,0.0,0.0,1.050274,-0.2554699,-2.57566,-0.1535878,0.007962912,0.9510331,-0.9879572,0.1351535,0.07532779,0.09939892,0.9274774,-0.3604243,-0.1185774,-0.3485962,-0.9297422,moving,9.206841,19.86937,-9.173816,0.4797211,9.293571805136844,24.497747373808284,26.71716744374149,30.29702953153431,153.7093543642255
3288,3288,05/15/2023 13:24:18.514171,3517,True,True,True,True,Eyes,1.116337,0.07136063,-1.785834,-0.1428961,-0.334921,-0.9313478,0.0,0.0,0.0,0.0,0.0,0.0,0.0,1.00732,-0.8119909,-1.561002,0.8982028,0.07902275,-1.815968,0.05881932,0.9808262,-0.1796974,-0.04721225,20.30087,186.9664,8.112462,0.5633078,0.0333728,-0.8255723,0.0,0.0,0.0,1.04808,-0.2536639,-2.575838,-0.1510384,0.008627474,0.9500285,-0.9886224,0.1323509,0.07147466,0.09841524,0.9284983,-0.3580579,-0.1137534,-0.3469499,-0.9309596,moving,8.722832,19.77904,-9.033455,0.5203047,8.822358373676563,24.39541475930106,26.19512575617523,29.813603465185242,154.2011352941344
3289,3289,05/15/2023 13:24:18.534597,3518,True,True,True,True,Eyes,1.106515,0.07166862,-1.787596,-0.1350877,-0.3335824,-0.932992,0.0,0.0,0.0,0.0,0.0,0.0,0.0,0.9847711,-0.8137285,-1.572284,0.8887738,0.08025075,-1.818693,0.06004784,0.9810418,-0.1790251,-0.04360363,20.24442,186.5519,8.176131,0.5599929,0.03342438,-0.8278223,0.0,0.0,0.0,1.045905,-0.2518741,-2.576015,-0.1467467,0.008755356,0.9489974,-0.988986,0.1334312,0.06405381,0.1022066,0.9286885,-0.3564988,-0.1070541,-0.3460256,-0.9320974,moving,8.238591,19.67402,-8.790219,0.5285901,8.35051967027781,24.27890110308216,25.622799536192645,29.289626062923418,154.74174485433335
3290,3290,05/15/2023 13:24:18.554591,3519,True,True,True,True,Eyes,1.096713,0.07197365,-1.78938,-0.1271233,-0.3322515,-0.9345847,0.0,0.0,0.0,0.0,0.0,0.0,0.0,0.9634262,-0.8019689,-1.589949,0.8794684,0.08109303,-1.821879,0.06047481,0.9819372,-0.1748055,-0.0398157,19.78431,186.0598,8.106187,0.5566359,0.03349142,-0.8300807,0.0,0.0,0.0,1.043789,-0.2501332,-2.576187,-0.1422497,0.01058388,0.9480242,-0.9895149,0.1326849,0.05705037,0.1048449,0.9315717,-0.3481116,-0.09933568,-0.3384802,-0.9357154,moving,7.745902,19.57066,-8.533491,0.6396317,7.870544564442776,24.1637242092255,24.968028935898204,28.678830366353903,155.36581183455684
3291,3291,05/15/2023 13:24:18.564359,3520,True,True,True,True,Eyes,1.086926,0.07228314,-1.79121,-0.1191384,-0.3309845,-0.9360851,0.0,0.0,0.0,0.0,0.0,0.0,0.0,0.9394685,-0.798193,-1.60354,0.8700981,0.08130777,-1.824108,0.06046918,0.9823332,-0.1735292,-0.03539668,19.67267,185.517,8.002254,0.5532385,0.03357219,-0.8323456,0.0,0.0,0.0,1.041508,-0.2482561,-2.576372,-0.1369115,0.01271424,0.9468727,-0.9901813,0.1310865,0.04855632,0.106517,0.9324622,-0.3452078,-0.09052899,-0.3366461,-0.9372695,moving,7.253212,19.47277,-8.22757,0.7692991,7.390717653175898,24.053825058357127,24.27909460912146,28.037475962053957,156.02446143431484
3292,3292,05/15/2023 13:24:18.586255,3521,True,True,True,True,Eyes,1.077143,0.0726005,-1.793081,-0.1108829,-0.3297913,-0.9375194,0.0,0.0,0.0,0.0,0.0,0.0,0.0,0.9158859,-0.7987905,-1.615028,0.8606099,0.08174275,-1.826991,0.06033768,0.9824827,-0.1735311,-0.0312133,19.70734,185.0136,7.90002,0.5498022,0.03366546,-0.8346158,0.0,0.0,0.0,1.039471,-0.2465798,-2.576538,-0.1339695,0.0209893,0.9457659,-0.9907705,0.1293944,0.04039213,0.1077285,0.9324927,-0.3447492,-0.08227398,-0.3372159,-0.9378257,moving,6.745188,19.38035,-8.062411,1.271351,6.8961893226140605,23.948722856661465,23.392324230969482,27.16657722159733,156.88606071005137
3293,3293,05/15/2023 13:24:18.614158,3522,True,True,True,True,Eyes,1.067373,0.07292295,-1.794992,-0.102621,-0.3285863,-0.9388822,0.0,0.0,0.0,0.0,0.0,0.0,0.0,0.8918979,-0.7959263,-1.628027,0.8512264,0.08221273,-1.829783,0.06041648,0.9828044,-0.1724003,-0.02690324,19.61029,184.4881,7.811522,0.5463277,0.03377029,-0.8368899,0.0,0.0,0.0,1.037295,-0.2447888,-2.576715,-0.131305,0.02313632,0.9440372,-0.9912522,0.1280314,0.0320496,0.1094789,0.933256,-0.3421223,-0.07371288,-0.3356207,-0.9391088,moving,6.237739,19.28882,-7.918401,1.403915,6.402242134350348,23.8444974089224,22.809342966394823,26.620679154241223,157.44280860412474
3294,3294,05/15/2023 13:24:18.633821,3523,True,True,True,True,Eyes,1.05765,0.07323048,-1.796943,-0.0942261,-0.3274486,-0.940159,0.0,0.0,0.0,0.0,0.0,0.0,0.0,0.8682194,-0.79364,-1.640114,0.8417155,0.08265665,-1.832573,0.06051273,0.9830651,-0.1714725,-0.02277256,19.53491,183.9869,7.731408,0.5428164,0.03388569,-0.8391671,0.0,0.0,0.0,1.035077,-0.2429637,-2.576895,-0.1295053,0.02769527,0.9429893,-0.9916395,0.1267856,0.0240213,0.1111661,0.9338709,-0.3398932,-0.06552636,-0.3343811,-0.9401575,moving,5.723277,19.20275,-7.81979,1.682274,5.901651927349559,23.7453201817075,22.144564638598453,25.981839337925717,158.08385748318702
3295,3295,05/15/2023 13:24:18.647429,3524,True,True,True,True,Eyes,1.047945,0.07352435,-1.798925,-0.08581466,-0.3263702,-0.9413387,0.0,0.0,0.0,0.0,0.0,0.0,0.0,0.8441201,-0.7910429,-1.652308,0.8323715,0.08266631,-1.83541,0.0607955,0.9833069,-0.1704922,-0.0185422,19.45326,183.4776,7.672193,0.5392702,0.03400979,-0.8414454,0.0,0.0,0.0,1.032984,-0.2412414,-2.577065,-0.1267657,0.0322493,0.9411556,-0.9919204,0.1258839,0.01573503,0.1132387,0.9344726,-0.3375468,-0.05719566,-0.3330377,-0.9411774,moving,5.208821,19.12187,-7.67109,1.962509,5.4012090588333175,23.651150756682934,21.45543701014365,25.323549986787103,158.74956972224038
3296,3296,05/15/2023 13:24:18.654101,3525,True,True,True,True,Eyes,1.03825,0.0738098,-1.800935,-0.07730573,-0.3254558,-0.9423918,0.0,0.0,0.0,0.0,0.0,0.0,0.0,0.8193964,-0.7912959,-1.662857,0.8230309,0.08264866,-1.838054,0.06080974,0.9833735,-0.170524,-0.01415928,19.4908,182.9543,7.584603,0.5356905,0.034141,-0.8437235,0.0,0.0,0.0,1.030805,-0.2394479,-2.577242,-0.1239702,0.03054425,0.9394439,-0.9922034,0.1244263,0.007108669,0.1147684,0.9344475,-0.3370996,-0.04858675,-0.3336555,-0.9414422,moving,4.689554,19.0524,-7.517391,1.862208,4.896418003922026,23.567839506136615,21.08345814210489,25.004741411701225,159.09669884150946
3297,3297,05/15/2023 13:24:18.664288,3526,True,True,True,True,Eyes,1.028568,0.0740911,-1.802984,-0.06874488,-0.3245617,-0.943363,0.0,0.0,0.0,0.0,0.0,0.0,0.0,0.7930303,-0.7917171,-1.673699,0.8136798,0.08275256,-1.840667,0.06089305,0.9834212,-0.1705495,-0.009373458,19.53012,182.3842,7.496799,0.532078,0.03427814,-0.8460008,0.0,0.0,0.0,1.028581,-0.2376179,-2.577423,-0.1214386,0.03173408,0.9375474,-0.9924086,0.1229643,-0.002334442,0.1165697,0.9344098,-0.3365855,-0.03920667,-0.3343024,-0.9416503,moving,4.167899,18.98565,-7.380312,1.938606,4.389388405265683,23.48707778985129,20.590359065311535,24.553258115935,159.56747269070954
3298,3298,05/15/2023 13:24:18.684384,3527,True,True,True,True,Eyes,1.018948,0.0743467,-1.805065,-0.06005507,-0.3237233,-0.9442439,0.0,0.0,0.0,0.0,0.0,0.0,0.0,0.7670039,-0.7901307,-1.685204,0.8042441,0.08295532,-1.84359,0.06036404,0.983544,-0.1702257,-0.004555598,19.52991,181.7944,7.332982,0.5284336,0.03442032,-0.8482761,0.0,0.0,0.0,1.026547,-0.235944,-2.577589,-0.1211241,0.03567576,0.9354255,-0.9926707,0.1202923,-0.01158975,0.1171904,0.9347588,-0.3353988,-0.02951228,-0.3342988,-0.9420048,moving,3.63918,18.92369,-7.377926,2.184119,3.875648125264059,23.410716239900413,20.03970713057646,24.025223432421196,160.09967023530302
3299,3299,05/15/2023 13:24:18.703951,3528,True,True,True,True,Eyes,1.009334,0.07457998,-1.807166,-0.05134595,-0.3229533,-0.945021,0.0,0.0,0.0,0.0,0.0,0.0,0.0,0.7408538,-0.7874091,-1.696646,0.7947979,0.08271524,-1.846331,0.05989436,0.9836755,-0.1696915,0.0002676011,19.50413,181.2036,7.175561,0.5247599,0.03456569,-0.8505477,0.0,0.0,0.0,1.024398,-0.2341755,-2.577763,-0.12059,0.03647438,0.9329522,-0.9928254,0.1177424,-0.02085359,0.117924,0.9352349,-0.3338107,-0.01980066,-0.3338748,-0.9424096,moving,3.110001,18.86745,-7.365007,2.238876,3.361618327527776,23.33985925471618,19.6528691511835,23.670910105717798,160.468182463192
3300,3300,05/15/2023 13:24:18.714138,3529,True,True,True,True,Eyes,0.9997552,0.07479732,-1.809289,-0.04259727,-0.3222606,-0.9456922,0.0,0.0,0.0,0.0,0.0,0.0,0.0,0.7150145,-0.7879263,-1.705794,0.7852575,0.08243796,-1.848886,0.05961408,0.9836177,-0.1700557,0.00484044,19.57963,180.6539,7.049397,0.5210576,0.03471278,-0.8528149,0.0,0.0,0.0,1.022143,-0.2323201,-2.577946,-0.1190794,0.03807944,0.9309097,-0.9928454,0.1156286,-0.02979771,0.1189212,0.9350545,-0.3339624,-0.01075314,-0.3351167,-0.9421152,moving,2.579058,18.81741,-7.28953,2.342414,2.846049211050428,23.27492907696651,19.204544314139813,23.257260229676838,160.89879331433835
3301,3301,05/15/2023 13:24:18.733876,3530,True,True,True,True,Eyes,0.9901778,0.07500517,-1.811436,-0.0338426,-0.3215826,-0.9462765,0.0,0.0,0.0,0.0,0.0,0.0,0.0,0.6890268,-0.788606,-1.7146,0.7757853,0.08234823,-1.851455,0.05975683,0.983544,-0.170245,0.009333981,19.63351,180.1208,6.974554,0.5173282,0.03486057,-0.8550764,0.0,0.0,0.0,1.020121,-0.2306564,-2.578111,-0.1176635,0.03989506,0.9281585,-0.9926841,0.1143688,-0.03870736,0.1207251,0.9348915,-0.3337714,-0.001985845,-0.3360024,-0.9418592,moving,2.048251,18.76982,-7.224899,2.461231,2.3306786168271465,23.212367066327666,18.760633947002457,22.845540300777582,161.3265931661266
3302,3302,05/15/2023 13:24:18.754254,3531,True,True,True,True,Eyes,0.9806047,0.07520425,-1.813609,-0.02500034,-0.3208546,-0.9467984,0.0,0.0,0.0,0.0,0.0,0.0,0.0,0.6625265,-0.7877981,-1.723977,0.766162,0.08232979,-1.854151,0.06023623,0.9835279,-0.1698623,0.01383837,19.62093,179.589,6.938338,0.5135718,0.03500844,-0.8573318,0.0,0.0,0.0,1.017993,-0.2289052,-2.578284,-0.1166081,0.04131892,0.9256362,-0.9923606,0.1137868,-0.04768457,0.1231892,0.9350368,-0.3324614,0.006757126,-0.3357957,-0.9419109,moving,1.512551,18.72069,-7.180082,2.555896,1.81052728396298,23.148165745240547,18.35381250680972,22.469370898127757,161.7188007207202
3303,3303,05/15/2023 13:24:18.773921,3532,True,True,True,True,Eyes,0.971022,0.07537843,-1.815802,-0.01616156,-0.3200886,-0.9472498,0.0,0.0,0.0,0.0,0.0,0.0,0.0,0.636,-0.784638,-1.734009,0.7564635,0.08233845,-1.856857,0.06040719,0.9836,-0.1689473,0.01841239,19.54685,179.0387,6.863158,0.5097886,0.03515588,-0.8595806,0.0,0.0,0.0,1.01575,-0.2270587,-2.578466,-0.1152143,0.04273316,0.9230988,-0.9920241,0.1126116,-0.05663211,0.1250544,0.9356155,-0.3301286,0.01580959,-0.3345775,-0.9422359,moving,0.9774603,18.67081,-7.114438,2.650511,1.2909455904162646,23.08325988620293,17.94794690617687,22.09406482177207,162.11135256475384
3304,3304,05/15/2023 13:24:18.784096,3533,True,True,True,True,Eyes,0.9614163,0.07552716,-1.818014,-0.00718047,-0.3192748,-0.947635,0.0,0.0,0.0,0.0,0.0,0.0,0.0,0.6097046,-0.7806978,-1.74374,0.746568,0.08190468,-1.859512,0.06082451,0.9836664,-0.1678718,0.02280179,19.45301,178.5149,6.822129,0.5059788,0.03530167,-0.8618227,0.0,0.0,0.0,1.013558,-0.2252556,-2.578644,-0.113523,0.04380029,0.9200636,-0.9915609,0.1120065,-0.06528015,0.1273176,0.9362389,-0.3274859,0.02443726,-0.3330336,-0.9425982,moving,0.4341363,18.61957,-7.033946,2.725549,0.7633530725592196,23.01678365007347,17.561097824111517,21.737802935238765,162.48622774678276
3305,3305,05/15/2023 13:24:18.804178,3534,True,True,True,True,Eyes,0.9517992,0.07565308,-1.820241,0.001775658,-0.318431,-0.9479443,0.0,0.0,0.0,0.0,0.0,0.0,0.0,0.5844134,-0.7770582,-1.752475,0.7365972,0.08142005,-1.862074,0.06115736,0.9836966,-0.1669662,0.02689143,19.37669,178.0267,6.778186,0.5021417,0.03544468,-0.8640581,0.0,0.0,0.0,1.011546,-0.2235994,-2.578808,-0.1122496,0.04356939,0.9171411,-0.9910733,0.1113407,-0.07332844,0.1293005,0.9367641,-0.3251988,0.03248361,-0.3317773,-0.9427984,moving,-0.1073244,18.56809,-6.977773,2.719829,0.2375585679212443,22.950134275101984,17.273402695744778,21.478506958326037,162.7641223585225
3306,3306,05/15/2023 13:24:18.813913,3535,True,True,True,True,Eyes,0.9421345,0.07576202,-1.82249,0.01085077,-0.3175513,-0.9481789,0.0,0.0,0.0,0.0,0.0,0.0,0.0,0.558415,-0.7732506,-1.761164,0.7266279,0.08098771,-1.864643,0.06168291,0.9837106,-0.1659551,0.03110508,19.28947,177.5272,6.755693,0.4982772,0.03558402,-0.8662868,0.0,0.0,0.0,1.009314,-0.2217626,-2.578989,-0.1099639,0.04293099,0.9138731,-0.9904554,0.1110322,-0.08166997,0.1316804,0.9373083,-0.3226663,0.04072359,-0.330341,-0.9429827,moving,-0.6556531,18.51604,-6.86126,2.689605,-0.2949029605520412,22.88271957245449,16.99957651844753,21.233909694302216,163.0296212670121
3307,3307,05/15/2023 13:24:18.834061,3536,True,True,True,True,Eyes,0.9324554,0.07584739,-1.824753,0.01993425,-0.3166521,-0.9483323,0.0,0.0,0.0,0.0,0.0,0.0,0.0,0.5317689,-0.7707038,-1.769203,0.7165542,0.08072089,-1.867317,0.06242925,0.9836461,-0.1652039,0.03536613,19.23358,177.0283,6.759438,0.4943838,0.03571918,-0.868509,0.0,0.0,0.0,1.007148,-0.2199803,-2.579165,-0.1080489,0.04269773,0.910683,-0.9897038,0.1111313,-0.09020261,0.1345018,0.9376205,-0.3205885,0.0489484,-0.32942,-0.942914,moving,-1.204198,18.46438,-6.766285,2.684369,-0.8275632381076725,22.815674385164183,16.731573714259216,20.98899408442229,163.29176769024502
3308,3308,05/15/2023 13:24:18.854500,3537,True,True,True,True,Eyes,0.922751,0.07590894,-1.827036,0.0292518,-0.3156923,-0.9484106,0.0,0.0,0.0,0.0,0.0,0.0,0.0,0.5031673,-0.7668806,-1.777795,0.7064403,0.08022629,-1.869851,0.0632818,0.9835824,-0.1641702,0.04011611,19.14908,176.4717,6.767109,0.4904616,0.03584937,-0.8707246,0.0,0.0,0.0,1.005106,-0.2182997,-2.579331,-0.1060517,0.04286912,0.9070071,-0.9887723,0.111314,-0.09969297,0.1376575,0.9380871,-0.3178727,0.05813701,-0.3280272,-0.9428777,moving,-1.766612,18.41077,-6.66902,2.706035,-1.373708555369617,22.74631283379112,16.45212161451188,20.728074173718436,163.56759392159182
3309,3309,05/15/2023 13:24:18.864818,3538,True,True,True,True,Eyes,0.9130225,0.07593713,-1.829333,0.03857933,-0.3147222,-0.9483994,0.0,0.0,0.0,0.0,0.0,0.0,0.0,0.4740545,-0.7633939,-1.786067,0.6963193,0.07960843,-1.872521,0.06398278,0.9834638,-0.1633402,0.04500419,19.08905,175.8968,6.754475,0.4865102,0.03597383,-0.8729334,0.0,0.0,0.0,1.002832,-0.2164284,-2.579516,-0.105073,0.04298523,0.9029031,-0.9877617,0.1111475,-0.1094219,0.1405515,0.9384524,-0.3155194,0.06761805,-0.3270373,-0.9425893,moving,-2.329414,18.3582,-6.637793,2.725668,-1.9202012805281643,22.677942568505923,16.215368831410064,20.502412835778074,163.80360567622228
3310,3310,05/15/2023 13:24:18.884468,3539,True,True,True,True,Eyes,0.9032383,0.07593641,-1.831648,0.04805603,-0.3137209,-0.9482983,0.0,0.0,0.0,0.0,0.0,0.0,0.0,0.4448059,-0.7591401,-1.793993,0.6859158,0.07882942,-1.875063,0.06452114,0.9833413,-0.1624457,0.04988391,19.02109,175.3195,6.723517,0.4825295,0.03609145,-0.8751352,0.0,0.0,0.0,1.000822,-0.2147743,-2.579679,-0.10524,0.04387259,0.8989334,-0.9866975,0.1106858,-0.1190682,0.1430995,0.9388969,-0.3130419,0.07714345,-0.3259162,-0.9422463,moving,-2.901043,18.30551,-6.677343,2.794113,-2.475245999163609,22.609179733762645,15.964456726791836,20.25572731026722,164.05627867311512
3311,3311,05/15/2023 13:24:18.914217,3540,True,True,True,True,Eyes,0.8934371,0.07591069,-1.833966,0.05755569,-0.312781,-0.9480799,0.0,0.0,0.0,0.0,0.0,0.0,0.0,0.4158224,-0.7568331,-1.800723,0.6757823,0.07806338,-1.87764,0.06528988,0.9831041,-0.1620369,0.05465945,19.01015,174.7621,6.721489,0.4785177,0.03620145,-0.8773307,0.0,0.0,0.0,0.9986687,-0.2130024,-2.579855,-0.1054986,0.04689524,0.8949673,-0.9854991,0.1106598,-0.1286306,0.1460872,0.9389626,-0.3114608,0.08631311,-0.3257357,-0.9415128,moving,-3.474028,18.25824,-6.722989,2.999489,-3.0314561691442443,22.545603910633638,15.600808621976043,19.891657114000846,164.42330862024284
3312,3312,05/15/2023 13:24:18.934006,3541,True,True,True,True,Eyes,0.8836398,0.07584964,-1.836291,0.06736551,-0.3118793,-0.9477305,0.0,0.0,0.0,0.0,0.0,0.0,0.0,0.383904,-0.7557596,-1.806809,0.6654712,0.07743236,-1.879965,0.06670272,0.9827337,-0.1618268,0.0599791,19.03022,174.1534,6.785153,0.4744754,0.0363033,-0.8795193,0.0,0.0,0.0,0.9965081,-0.2112244,-2.58003,-0.1051344,0.05021432,0.8906857,-0.9839064,0.1116895,-0.1394755,0.1505144,0.9387257,-0.3100637,0.09629835,-0.3260668,-0.9404291,moving,-4.065795,18.21535,-6.731905,3.226757,-3.6057367807576095,22.48566522299444,15.223864905198976,19.510983411317945,164.80591113642933
3313,3313,05/15/2023 13:24:18.934301,3542,True,True,True,True,Eyes,0.8738174,0.07578456,-1.838623,0.07720006,-0.3111084,-0.9472338,0.0,0.0,0.0,0.0,0.0,0.0,0.0,0.3503793,-0.7528005,-1.813615,0.6552082,0.07652302,-1.882424,0.06845093,0.9823657,-0.1611234,0.065661,18.99911,173.5054,6.88391,0.4704036,0.03639597,-0.8817,0.0,0.0,0.0,0.9943891,-0.2094806,-2.580203,-0.1046089,0.05048272,0.8865664,-0.9820064,0.1133286,-0.1510643,0.1556468,0.9387075,-0.3075752,0.1069481,-0.3255534,-0.9394559,moving,-4.659338,18.18219,-6.729406,3.259008,-4.181472072191154,22.435058915948463,15.066072564864008,19.344583118576818,164.97310968721695
3314,3314,05/15/2023 13:24:18.954038,3543,True,True,True,True,Eyes,0.8639894,0.0757539,-1.840981,0.08726819,-0.3103323,-0.9466141,0.0,0.0,0.0,0.0,0.0,0.0,0.0,0.3160305,-0.7551005,-1.817683,0.6446753,0.07636608,-1.88483,0.07034846,0.981738,-0.1617159,0.07134368,19.12093,172.8666,6.994314,0.4663023,0.03648012,-0.8838724,0.0,0.0,0.0,0.9921762,-0.2076596,-2.580382,-0.1041041,0.05117318,0.8820774,-0.9799225,0.1150527,-0.1628345,0.1612023,0.9377981,-0.3074874,0.1173286,-0.3275631,-0.9375163,moving,-5.2672,18.1509,-6.730997,3.320258,-4.771023951136964,22.385807895713132,14.902705921723511,19.166029510000147,165.14877581227478
3315,3315,05/15/2023 13:24:18.973960,3544,True,True,True,True,Eyes,0.8541337,0.07573177,-1.843354,0.09743612,-0.3095409,-0.9458809,0.0,0.0,0.0,0.0,0.0,0.0,0.0,0.2783158,-0.7555505,-1.823123,0.6342642,0.07714066,-1.887817,0.07308609,0.9811087,-0.1613869,0.07770698,19.14954,172.1582,7.195785,0.4621718,0.03655817,-0.8860361,0.0,0.0,0.0,0.9899662,-0.2058409,-2.580562,-0.1037522,0.05177349,0.8776805,-0.9772401,0.118329,-0.1760682,0.1684926,0.9372254,-0.3053175,0.1288877,-0.3280347,-0.9358318,moving,-5.88135,18.12076,-6.74175,3.375908,-5.366634235734662,22.337469290847054,14.769933942367652,19.011358445720823,165.29687335025244
3316,3316,05/15/2023 13:24:18.984058,3545,True,True,True,True,Eyes,0.8442239,0.07571936,-1.845732,0.1079093,-0.3087867,-0.9449902,0.0,0.0,0.0,0.0,0.0,0.0,0.0,0.2411636,-0.7502871,-1.829628,0.6236149,0.07730792,-1.890437,0.07429045,0.9806788,-0.1601401,0.08429413,19.06353,171.3876,7.215445,0.4580116,0.03663104,-0.8881907,0.0,0.0,0.0,0.9879081,-0.2041473,-2.580729,-0.1038168,0.05059531,0.8728842,-0.974751,0.1187124,-0.1891247,0.1727078,0.9376721,-0.3015675,0.1415371,-0.3266165,-0.9344995,moving,-6.51444,18.09542,-6.782632,3.317345,-5.9804565277741215,22.29316810753969,14.780508369284496,18.992770943095113,165.30570369722457
3317,3317,05/15/2023 13:24:19.003987,3546,True,True,True,True,Eyes,0.8342947,0.07578612,-1.848152,0.1184216,-0.3081758,-0.94393,0.0,0.0,0.0,0.0,0.0,0.0,0.0,0.2053539,-0.7552577,-1.830771,0.6131325,0.07747895,-1.892715,0.07508016,0.9797844,-0.1618443,0.09051011,19.31346,170.6662,7.172325,0.4538206,0.0366997,-0.8903367,0.0,0.0,0.0,0.9858369,-0.2024428,-2.580898,-0.1040375,0.05158761,0.8683627,-0.9723418,0.1178276,-0.2016633,0.1764218,0.9363388,-0.3035539,0.1530582,-0.330736,-0.9312287,moving,-7.150736,18.08091,-6.831975,3.399826,-6.597088421418028,22.259215808619643,14.684544119249223,18.86085246372137,165.42306347596013
3318,3318,05/15/2023 13:24:19.014166,3547,True,True,True,True,Eyes,0.824355,0.07589824,-1.850626,0.1291869,-0.3069896,-0.9429041,0.0,0.0,0.0,0.0,0.0,0.0,0.0,0.1660183,-0.7587287,-1.833372,0.602604,0.0794287,-1.89606,0.07833789,0.9788589,-0.1621498,0.09698433,19.42901,169.9566,7.427585,0.4495981,0.03676832,-0.8924735,0.0,0.0,0.0,0.9836506,-0.2006436,-2.581075,-0.1045093,0.05134657,0.8632481,-0.9689147,0.1219115,-0.2152729,0.1848155,0.9351412,-0.3022485,0.164463,-0.3326387,-0.9286032,moving,-7.801496,18.03415,-6.902929,3.403981,-7.228607759660217,22.19369328804582,14.657737465995563,18.792534542259965,165.4747458605416
3319,3319,05/15/2023 13:24:19.033899,3548,True,True,True,True,Eyes,0.8143794,0.07600877,-1.853091,0.1398807,-0.305978,-0.9417064,0.0,0.0,0.0,0.0,0.0,0.0,0.0,0.1294272,-0.7409933,-1.844013,0.5922318,0.08051884,-1.899732,0.07902,0.978884,-0.1574633,0.1036706,18.94501,169.1478,7.414378,0.4453443,0.03683898,-0.8946008,0.0,0.0,0.0,0.9814822,-0.1988592,-2.581252,-0.1049778,0.05282953,0.8586662,-0.9660168,0.1220542,-0.2278484,0.1873514,0.9379224,-0.2918924,0.1780775,-0.3246606,-0.9289158,moving,-8.448915,17.99995,-6.970209,3.520691,-7.856548923485938,22.1403941495126,14.55457016278794,18.640787103444275,165.60461168051876
3320,3320,05/15/2023 13:24:19.053949,3549,True,True,True,True,Eyes,0.8043491,0.07617591,-1.855587,0.1505267,-0.3051109,-0.9403452,0.0,0.0,0.0,0.0,0.0,0.0,0.0,0.09982061,-0.7453308,-1.842889,0.5812976,0.08065702,-1.901923,0.07826662,0.9781125,-0.1593716,0.1084945,19.19291,168.5615,7.209684,0.441059,0.03691136,-0.8967183,0.0,0.0,0.0,0.9793585,-0.1971115,-2.581424,-0.10627,0.05618313,0.8536273,-0.9642067,0.1185252,-0.2371866,0.187689,0.93695,-0.2947838,0.1872927,-0.3287497,-0.9256593,moving,-9.094521,17.97653,-7.096371,3.765601,-8.482440280713268,22.09755303223635,14.350717977353643,18.38427734133576,165.83606614819388
3321,3321,05/15/2023 13:24:19.064350,3550,True,True,True,True,Eyes,0.7943249,0.07639541,-1.85813,0.1610241,-0.3039948,-0.9389666,0.0,0.0,0.0,0.0,0.0,0.0,0.0,0.07169876,-0.7581812,-1.838845,0.5708408,0.08213054,-1.904921,0.07985593,0.9769984,-0.1627212,0.1123354,19.62714,168.1441,7.287587,0.4367409,0.03698799,-0.8988262,0.0,0.0,0.0,0.9770771,-0.1952341,-2.58161,-0.1077396,0.05878159,0.8489444,-0.9620078,0.1194795,-0.2454914,0.1925969,0.9342897,-0.3000153,0.1935145,-0.3358979,-0.9218054,moving,-9.731041,17.9396,-7.232749,3.960884,-9.099900490151017,22.041961588585608,14.200209995838792,18.177228101435762,166.0159439912492
3322,3322,05/15/2023 13:24:19.084087,3551,True,True,True,True,Eyes,0.7843141,0.07662114,-1.860699,0.1714892,-0.3024888,-0.9375991,0.0,0.0,0.0,0.0,0.0,0.0,0.0,0.04881918,-0.7441019,-1.846058,0.5608835,0.083547,-1.908516,0.07989396,0.9772268,-0.1589529,0.1156666,19.21708,167.7307,7.262908,0.4323906,0.03707087,-0.9009237,0.0,0.0,0.0,0.975089,-0.1935981,-2.581771,-0.1090425,0.05703667,0.8441878,-0.9604763,0.1193779,-0.2514638,0.1929201,0.9367018,-0.2921839,0.2006662,-0.3291482,-0.9227104,moving,-10.36497,17.88077,-7.360056,3.865255,-9.715448580668278,21.965320995859543,14.334021377918374,18.252678249055343,165.91512564115274
3323,3323,05/15/2023 13:24:19.104623,3552,True,True,True,True,Eyes,0.7743217,0.07682649,-1.863297,0.1817797,-0.300991,-0.9361413,0.0,0.0,0.0,0.0,0.0,0.0,0.0,0.02682513,-0.7319303,-1.851692,0.5511707,0.08384097,-1.911644,0.07954035,0.9773254,-0.1560903,0.118929,18.90629,167.3218,7.186255,0.4280097,0.03715956,-0.9030095,0.0,0.0,0.0,0.972971,-0.1918551,-2.581944,-0.1107465,0.05443189,0.8397818,-0.9590586,0.1183463,-0.2572956,0.1926009,0.9386183,-0.2861827,0.2076337,-0.3240213,-0.9229836,moving,-10.98893,17.8238,-7.512552,3.708536,-10.321291231677243,21.890787635322425,14.53705203225812,18.39791538739506,165.7462750222605
3324,3324,05/15/2023 13:24:19.123816,3553,True,True,True,True,Eyes,0.7643864,0.07699873,-1.865921,0.1920911,-0.299349,-0.9346075,0.0,0.0,0.0,0.0,0.0,0.0,0.0,0.00328815,-0.7271657,-1.854252,0.541549,0.08354096,-1.914883,0.0803631,0.9769894,-0.1552159,0.1222361,18.84052,166.9378,7.228302,0.4235998,0.03725233,-0.9050827,0.0,0.0,0.0,0.9707248,-0.1900066,-2.582126,-0.113594,0.05428284,0.8351544,-0.9572004,0.1190818,-0.263794,0.1949738,0.9388996,-0.2836421,0.2138995,-0.3229351,-0.9219331,moving,-11.61434,17.75994,-7.745588,3.718845,-10.928726055618176,21.80956093443841,14.564325965746889,18.36862463282617,165.75227937383326
3325,3325,05/15/2023 13:24:19.133834,3554,True,True,True,True,Eyes,0.7544796,0.07714411,-1.868581,0.2022808,-0.2978101,-0.9329478,0.0,0.0,0.0,0.0,0.0,0.0,0.0,-0.02239716,-0.7211584,-1.857209,0.5322134,0.08290038,-1.918247,0.082313,0.9765548,-0.153976,0.1259247,18.75138,166.5285,7.401714,0.4191644,0.03734694,-0.9071415,0.0,0.0,0.0,0.9686902,-0.1883323,-2.582291,-0.1164061,0.05170795,0.83077,-0.9547353,0.1219875,-0.2712932,0.199545,0.939032,-0.2800014,0.2205963,-0.3214623,-0.9208689,moving,-12.23346,17.70382,-7.976262,3.561552,-11.52985811292862,21.73599947028228,14.76913941281035,18.518601086039716,165.5830981035944
3326,3326,05/15/2023 13:24:19.154328,3555,True,True,True,True,Eyes,0.744623,0.07728578,-1.871292,0.2126563,-0.2963237,-0.931112,0.0,0.0,0.0,0.0,0.0,0.0,0.0,-0.05144763,-0.7179723,-1.858778,0.5228968,0.08236282,-1.921713,0.0853586,0.9758226,-0.1534192,0.1301796,18.76236,166.0744,7.686525,0.4147046,0.03744173,-0.9091851,0.0,0.0,0.0,0.9665254,-0.1865509,-2.582467,-0.1173534,0.04914734,0.8269045,-0.9515345,0.1266456,-0.2802557,0.2065338,0.9383529,-0.2771959,0.2278731,-0.3216437,-0.9190317,moving,-12.8651,17.65352,-8.077417,3.401392,-12.142956759073932,21.66766089370369,15.034795011468331,18.71323576588768,165.3567785429786
3327,3327,05/15/2023 13:24:19.164296,3556,True,True,True,True,Eyes,0.7348163,0.07743169,-1.874076,0.2230456,-0.2948913,-0.9291339,0.0,0.0,0.0,0.0,0.0,0.0,0.0,-0.08437949,-0.7147577,-1.86035,0.5137926,0.08236194,-1.925652,0.08827876,0.9749368,-0.1528361,0.1354493,18.77942,165.4954,7.936759,0.4102227,0.03753628,-0.9112122,0.0,0.0,0.0,0.9642906,-0.1847118,-2.582649,-0.1175163,0.05279374,0.8234527,-0.9477209,0.1307293,-0.2910933,0.2135355,0.937696,-0.2740965,0.2371246,-0.3219257,-0.9165894,moving,-13.49885,17.60855,-8.121933,3.668365,-12.75795354029635,21.604398848474265,14.94121796438008,18.525495854731236,165.4879438697769
3328,3328,05/15/2023 13:24:19.184904,3557,True,True,True,True,Eyes,0.7250746,0.07756293,-1.876917,0.233706,-0.2935503,-0.9269357,0.0,0.0,0.0,0.0,0.0,0.0,0.0,-0.1179875,-0.7105732,-1.862393,0.5050521,0.08260502,-1.93014,0.0893106,0.9741079,-0.1521779,0.1413484,18.76717,164.8034,7.951258,0.4057204,0.03763056,-0.9132219,0.0,0.0,0.0,0.9622056,-0.182996,-2.582819,-0.1187532,0.05552819,0.8197109,-0.9440886,0.1309761,-0.3025595,0.2170165,0.937731,-0.2712276,0.248195,-0.3217233,-0.9137251,moving,-14.15091,17.57242,-8.24321,3.875364,-13.390442022306695,21.549092006709028,14.916777881202632,18.408005300591114,165.55162375058185
3329,3329,05/15/2023 13:24:19.204285,3558,True,True,True,True,Eyes,0.715391,0.07767799,-1.879807,0.2443676,-0.2923873,-0.9245508,0.0,0.0,0.0,0.0,0.0,0.0,0.0,-0.1514288,-0.7110931,-1.861814,0.4965858,0.08246495,-1.934305,0.08863343,0.9731023,-0.1530845,0.1475846,18.91079,164.042,7.734151,0.4012001,0.03772363,-0.9152129,0.0,0.0,0.0,0.9600689,-0.1812376,-2.582992,-0.1206649,0.05280417,0.8159745,-0.9407257,0.1273129,-0.3143666,0.2176846,0.9374185,-0.2717719,0.260093,-0.3240956,-0.9095678,moving,-14.80525,17.54945,-8.411838,3.70262,-14.024779761418657,21.50641120533017,15.251571002708015,18.6676216080161,165.26004990308377
3330,3330,05/15/2023 13:24:19.214171,3559,True,True,True,True,Eyes,0.7057995,0.0778038,-1.882743,0.2551022,-0.2912805,-0.9219971,0.0,0.0,0.0,0.0,0.0,0.0,0.0,-0.1835674,-0.7156491,-1.859112,0.4881715,0.08227146,-1.938316,0.08741806,0.9719663,-0.1551034,0.1535658,19.16923,163.3015,7.439359,0.396664,0.0378146,-0.9171842,0.0,0.0,0.0,0.9577686,-0.1793447,-2.583179,-0.1218861,0.04756284,0.8128999,-0.9375513,0.1222977,-0.3256393,0.217572,0.9366021,-0.2746617,0.2714039,-0.3283594,-0.904721,moving,-15.46593,17.53255,-8.527393,3.348563,-14.665092101907184,21.469388291102945,15.79014828671783,19.13205842287307,164.76847581760006
3331,3331,05/15/2023 13:24:19.234566,3560,True,True,True,True,Eyes,0.6962886,0.07795063,-1.885731,0.2658622,-0.2902385,-0.9192818,0.0,0.0,0.0,0.0,0.0,0.0,0.0,-0.21565,-0.7210052,-1.855867,0.4801719,0.08275153,-1.942468,0.08650812,0.970766,-0.1570982,0.1595302,19.42742,162.5658,7.177787,0.3921156,0.03790395,-0.9191343,0.0,0.0,0.0,0.9557899,-0.1777163,-2.58334,-0.1232665,0.04646158,0.8096157,-0.9341331,0.1178345,-0.3369135,0.2180821,0.935673,-0.27741,0.2825524,-0.3326126,-0.8997408,moving,-16.13021,17.52211,-8.656977,3.284442,-15.308714789626151,21.438485476356917,16.07981347996652,19.334293629801884,164.5239755258632
3332,3332,05/15/2023 13:24:19.254690,3561,True,True,True,True,Eyes,0.6868738,0.0781516,-1.888779,0.2764914,-0.2891544,-0.9164836,0.0,0.0,0.0,0.0,0.0,0.0,0.0,-0.2472775,-0.7223738,-1.853833,0.4724599,0.08346751,-1.946659,0.08454954,0.9697515,-0.1580167,0.165724,19.54199,161.7771,6.801606,0.3875577,0.03799266,-0.9210617,0.0,0.0,0.0,0.9536793,-0.1759795,-2.583512,-0.1245588,0.04718094,0.8066547,-0.930774,0.1116097,-0.3481427,0.2163584,0.9357642,-0.27845,0.2947017,-0.3344976,-0.8951327,moving,-16.78789,17.5107,-8.777944,3.347395,-15.945971999291048,21.40685370403897,16.271399554000908,19.429994186347802,164.37602393725973
3333,3333,05/15/2023 13:24:19.264615,3562,True,True,True,True,Eyes,0.6775377,0.07838383,-1.891897,0.2870604,-0.2880541,-0.913576,0.0,0.0,0.0,0.0,0.0,0.0,0.0,-0.2778045,-0.7307023,-1.849203,0.464863,0.08504286,-1.951237,0.08379262,0.9684605,-0.1604081,0.1712672,19.84031,161.0898,6.553377,0.3829933,0.03808321,-0.9229652,0.0,0.0,0.0,0.9515761,-0.1742487,-2.583683,-0.1258395,0.04836115,0.8037437,-0.9272927,0.1073544,-0.358613,0.217245,0.9344961,-0.281996,0.3048489,-0.3393998,-0.8898736,moving,-17.44357,17.50027,-8.898372,3.443328,-16.581265536783462,21.376230206355583,16.450471946134797,19.509378120285177,164.2400802572451
3334,3334,05/15/2023 13:24:19.284274,3563,True,True,True,True,Eyes,0.6682864,0.07863643,-1.895073,0.2973139,-0.2868216,-0.9106798,0.0,0.0,0.0,0.0,0.0,0.0,0.0,-0.3067665,-0.7262414,-1.849538,0.4573033,0.08602291,-1.955965,0.0839793,0.9676827,-0.159476,0.1763666,19.7713,160.4729,6.484573,0.3784244,0.03817669,-0.924844,0.0,0.0,0.0,0.949411,-0.172467,-2.583858,-0.1289574,0.05420849,0.8009562,-0.9236844,0.1062782,-0.3681191,0.2187831,0.9350298,-0.2790219,0.3145484,-0.3382665,-0.8869243,moving,-18.08055,17.48199,-9.146375,3.871858,-17.198662671974738,21.338618943976424,16.28051522489534,19.23348836343154,164.4459916697697
3335,3335,05/15/2023 13:24:19.304168,3564,True,True,True,True,Eyes,0.6591137,0.07891145,-1.898331,0.3074663,-0.2855729,-0.9076962,0.0,0.0,0.0,0.0,0.0,0.0,0.0,-0.3323605,-0.7246436,-1.848805,0.449822,0.08673504,-1.960558,0.08619279,0.9668266,-0.1592452,0.1801613,19.81488,160.0552,6.670832,0.3738533,0.03827357,-0.9266973,0.0,0.0,0.0,0.9473079,-0.1707363,-2.584029,-0.1310196,0.05100504,0.7983393,-0.9202254,0.1092873,-0.3758211,0.2240466,0.9344236,-0.2768677,0.3209179,-0.3389822,-0.8843657,moving,-18.71292,17.46424,-9.320026,3.655597,-17.811580688692132,21.301663611290756,16.700451466852176,19.582904990862815,164.07102976041958
3336,3336,05/15/2023 13:24:19.314492,3565,True,True,True,True,Eyes,0.6500351,0.07919629,-1.90168,0.3175706,-0.2839381,-0.9047254,0.0,0.0,0.0,0.0,0.0,0.0,0.0,-0.3627326,-0.713483,-1.851191,0.4424291,0.08746691,-1.965744,0.09038414,0.9660071,-0.1565478,0.1848076,19.62484,159.5722,7.120799,0.3692815,0.03837432,-0.9285244,0.0,0.0,0.0,0.9450189,-0.1688526,-2.584216,-0.1340002,0.04953294,0.7958828,-0.9153537,0.116761,-0.3853498,0.2324859,0.934647,-0.2690451,0.328752,-0.3358598,-0.8826779,moving,-19.34175,17.42389,-9.557073,3.561294,-18.421686593044274,21.243013486394176,16.96795426247799,19.779397820700122,163.84520347892914
3337,3337,05/15/2023 13:24:19.334247,3566,True,True,True,True,Eyes,0.6410247,0.07946191,-1.905119,0.3276227,-0.2823301,-0.9016391,0.0,0.0,0.0,0.0,0.0,0.0,0.0,-0.3940239,-0.6956156,-1.855837,0.4349839,0.08790605,-1.971377,0.09330071,0.9653997,-0.1522938,0.1900131,19.23877,158.9932,7.440786,0.3647113,0.03847873,-0.9303247,0.0,0.0,0.0,0.9429315,-0.1671348,-2.584385,-0.1356156,0.04875943,0.7935036,-0.9103799,0.1222693,-0.3952954,0.2380206,0.9362031,-0.2585922,0.3384589,-0.3295056,-0.8814032,moving,-19.9693,17.3869,-9.698562,3.516306,-19.03046122567733,21.187645421748226,17.25924207424764,19.98400810940663,163.59475607301746
3338,3338,05/15/2023 13:24:19.354539,3567,True,True,True,True,Eyes,0.632086,0.07970224,-1.908656,0.3375444,-0.2806248,-0.8985063,0.0,0.0,0.0,0.0,0.0,0.0,0.0,-0.4240724,-0.6885721,-1.856028,0.4274963,0.08769199,-1.976959,0.09458485,0.9644434,-0.151107,0.1951135,19.17035,158.3963,7.51159,0.3601437,0.03858515,-0.9320981,0.0,0.0,0.0,0.9408185,-0.165396,-2.584557,-0.1369233,0.04230715,0.7909871,-0.905969,0.1234775,-0.4049366,0.2414095,0.9364408,-0.2545587,0.3477669,-0.3283779,-0.8781949,moving,-20.58984,17.34482,-9.820822,3.061635,-19.63258565535665,21.1275860400411,17.888016168053657,20.558436054567473,163.01398539753754
3339,3339,05/15/2023 13:24:19.364358,3568,True,True,True,True,Eyes,0.6232319,0.07992525,-1.912288,0.3474198,-0.2790416,-0.8952292,0.0,0.0,0.0,0.0,0.0,0.0,0.0,-0.4525078,-0.6866294,-1.85454,0.420356,0.08731388,-1.98273,0.09532773,0.9633636,-0.1512595,0.1999096,19.24145,157.8263,7.497508,0.3555793,0.03869182,-0.9338444,0.0,0.0,0.0,0.938585,-0.163558,-2.584738,-0.1368465,0.04154235,0.7891484,-0.9018978,0.1231941,-0.4140097,0.244147,0.9360663,-0.253322,0.3563328,-0.3295497,-0.8743137,moving,-21.2102,17.31218,-9.837845,3.013383,-20.234278337549792,21.076640563950612,18.26981263979557,20.841475474729126,162.67200978271475
3340,3340,05/15/2023 13:24:19.384445,3569,True,True,True,True,Eyes,0.6144804,0.08013348,-1.91602,0.3572928,-0.2773735,-0.8918552,0.0,0.0,0.0,0.0,0.0,0.0,0.0,-0.4831251,-0.6844487,-1.852337,0.4134147,0.08713056,-1.9886,0.09650065,0.962118,-0.1513739,0.2051893,19.32225,157.2047,7.524217,0.35102,0.03879752,-0.9355634,0.0,0.0,0.0,0.9364544,-0.1618046,-2.584912,-0.1372721,0.04235707,0.7866856,-0.8971699,0.1235694,-0.4240479,0.2478106,0.9355471,-0.2516772,0.3656171,-0.3308808,-0.8699664,moving,-21.8319,17.27607,-9.898128,3.081969,-20.83736339953235,21.02230501179968,18.54420171768483,21.012437444110528,162.43391487094863
3341,3341,05/15/2023 13:24:19.404191,3570,True,True,True,True,Eyes,0.6058083,0.08030499,-1.91986,0.3672076,-0.2756954,-0.8883415,0.0,0.0,0.0,0.0,0.0,0.0,0.0,-0.5167568,-0.6779736,-1.850853,0.4065679,0.08700527,-1.994862,0.09732859,0.9608503,-0.1504418,0.2113319,19.28343,156.4699,7.515114,0.346468,0.03890127,-0.9372544,0.0,0.0,0.0,0.9343607,-0.1600818,-2.585082,-0.1376355,0.04138349,0.7844993,-0.8917319,0.1234501,-0.4354013,0.2506227,0.9357888,-0.2479669,0.3768321,-0.3302414,-0.8654122,moving,-22.4584,17.24164,-9.950912,3.019638,-21.44505132493244,20.96943990878163,18.939445529321812,21.31456373903672,162.0774998681359
3342,3342,05/15/2023 13:24:19.414123,3571,True,True,True,True,Eyes,0.5972263,0.08044319,-1.923803,0.3770824,-0.273976,-0.8847294,0.0,0.0,0.0,0.0,0.0,0.0,0.0,-0.5501289,-0.6692281,-1.84978,0.3996584,0.08628796,-2.001256,0.09746464,0.9596586,-0.149074,0.2175611,19.17954,155.7108,7.433865,0.3419244,0.03900108,-0.9389174,0.0,0.0,0.0,0.9321976,-0.1583017,-2.585258,-0.1383562,0.04086716,0.7822855,-0.8863356,0.1222002,-0.4466276,0.251931,0.9365552,-0.2437112,0.3885098,-0.3285293,-0.8608883,moving,-23.08429,17.20629,-10.0297,2.990455,-22.05217356886329,20.915706263869136,19.300577318187273,21.583662886240102,161.75361937850806
3343,3343,05/15/2023 13:24:19.433967,3572,True,True,True,True,Eyes,0.5887215,0.08055009,-1.927852,0.3869458,-0.272329,-0.880971,0.0,0.0,0.0,0.0,0.0,0.0,0.0,-0.582783,-0.6641815,-1.847204,0.3927888,0.085655,-2.007814,0.09800842,0.958315,-0.1486456,0.2234528,19.18985,154.9997,7.386313,0.3373907,0.03909536,-0.9405521,0.0,0.0,0.0,0.9300565,-0.1565396,-2.585432,-0.1388095,0.0406978,0.779981,-0.8809261,0.1214153,-0.4574135,0.2542765,0.9365976,-0.2410982,0.3991394,-0.3286992,-0.8559465,moving,-23.71236,17.17762,-10.09101,2.986867,-22.661224927512563,20.868349513897588,19.670247749571153,21.857669597161653,161.42014063886228
3344,3344,05/15/2023 13:24:19.454415,3573,True,True,True,True,Eyes,0.5803195,0.08063518,-1.932004,0.3966945,-0.2706273,-0.8771512,0.0,0.0,0.0,0.0,0.0,0.0,0.0,-0.6147594,-0.6594477,-1.844215,0.3860067,0.08501855,-2.014373,0.09849371,0.9569615,-0.1483023,0.2291951,19.20734,154.3048,7.332883,0.3328679,0.03918277,-0.9421587,0.0,0.0,0.0,0.9270808,-0.1540908,-2.585674,-0.1380099,0.04274333,0.7777749,-0.8755373,0.120529,-0.4678754,0.2564897,0.9366109,-0.2386905,0.4094481,-0.3289876,-0.8509521,moving,-24.33502,17.14655,-10.06194,3.145578,-23.265102287416124,20.81884674453837,19.99369974845036,22.060551273812816,161.12513301734475
3345,3345,05/15/2023 13:24:19.464323,3574,True,True,True,True,Eyes,0.5719961,0.08068695,-1.936267,0.4064245,-0.2689585,-0.8732013,0.0,0.0,0.0,0.0,0.0,0.0,0.0,-0.6464155,-0.6554077,-1.840964,0.3793529,0.08462568,-2.021259,0.09878835,0.9555932,-0.1480541,0.2348675,19.23014,153.6137,7.256071,0.3283581,0.03926259,-0.9437366,0.0,0.0,0.0,0.9251849,-0.1525307,-2.585828,-0.1378506,0.04395747,0.775965,-0.8701566,0.1192568,-0.4781275,0.2583491,0.9366417,-0.2365546,0.4196234,-0.3293633,-0.8458349,moving,-24.95924,17.11958,-10.07353,3.242271,-23.870378662856837,20.773250977184343,20.351021283601003,22.308928526180114,160.79751038492628
3346,3346,05/15/2023 13:24:19.484082,3575,True,True,True,True,Eyes,0.5637992,0.08070141,-1.940621,0.4160328,-0.2670996,-0.8692379,0.0,0.0,0.0,0.0,0.0,0.0,0.0,-0.6772518,-0.6493002,-1.838273,0.3727965,0.08387908,-2.028175,0.09892081,0.954309,-0.1473454,0.2404129,19.19534,152.9349,7.174897,0.3238624,0.03933357,-0.9452858,0.0,0.0,0.0,0.9236369,-0.1512568,-2.585954,-0.1380879,0.04404764,0.7740834,-0.8648328,0.1179546,-0.4880075,0.2596495,0.937008,-0.2336625,0.4297053,-0.3287899,-0.840982,moving,-25.57661,17.08116,-10.11454,3.256788,-24.469333223919502,20.7168223775395,20.740994910545734,22.603382246167197,160.4374022299111
3347,3347,05/15/2023 13:24:19.504531,3576,True,True,True,True,Eyes,0.5556807,0.08067103,-1.945079,0.4255989,-0.2652582,-0.865161,0.0,0.0,0.0,0.0,0.0,0.0,0.0,-0.705829,-0.6401354,-1.83723,0.3665702,0.08303145,-2.035218,0.09882783,0.9532533,-0.1457966,0.2455293,19.05602,152.3057,7.099581,0.319384,0.03939442,-0.9468058,0.0,0.0,0.0,0.9216082,-0.1495873,-2.586118,-0.1378251,0.04464532,0.7722315,-0.8598971,0.1168213,-0.4969207,0.2600105,0.9379528,-0.2294318,0.4392857,-0.3264923,-0.8369176,moving,-26.19397,17.04553,-10.1194,3.308781,-25.06820201890851,20.66308604583612,21.144504576222662,22.90499040437381,160.0609199544553
3348,3348,05/15/2023 13:24:19.514008,3577,True,True,True,True,Eyes,0.5477155,0.0805968,-1.949608,0.4349915,-0.2632205,-0.8611024,0.0,0.0,0.0,0.0,0.0,0.0,0.0,-0.7354266,-0.631237,-1.835099,0.3602224,0.08191031,-2.042164,0.09956618,0.9520217,-0.1445165,0.250712,18.97106,151.6827,7.113827,0.3149236,0.03944365,-0.9482967,0.0,0.0,0.0,0.9194701,-0.1478278,-2.586292,-0.1379046,0.04691559,0.7704442,-0.8544603,0.1171143,-0.5061443,0.2620423,0.9384031,-0.2252408,0.4485885,-0.3250905,-0.8325171,moving,-26.80092,16.99727,-10.14811,3.484679,-25.657333409378037,20.597489979376107,21.44542367101618,23.09511442660233,159.77912595007498
3349,3349,05/15/2023 13:24:19.533863,3578,True,True,True,True,Eyes,0.5398275,0.08047768,-1.954246,0.444383,-0.2611849,-0.8569167,0.0,0.0,0.0,0.0,0.0,0.0,0.0,-0.7656951,-0.6189518,-1.833681,0.3540802,0.08085726,-2.049357,0.1002541,0.9508276,-0.1423888,0.2561279,18.7918,151.0312,7.142471,0.3104858,0.03947994,-0.9497575,0.0,0.0,0.0,0.9173628,-0.1460937,-2.586464,-0.1382181,0.04884829,0.7687506,-0.8486952,0.1177093,-0.5156171,0.2635883,0.9393491,-0.2194186,0.4585168,-0.3221301,-0.8282479,moving,-27.41052,16.95102,-10.19264,3.635825,-26.24897644501441,20.53375018237462,21.76579448544034,23.309779396309786,159.47758106092954
3350,3350,05/15/2023 13:24:19.554117,3579,True,True,True,True,Eyes,0.5320524,0.08031101,-1.958983,0.4538041,-0.2589894,-0.8526349,0.0,0.0,0.0,0.0,0.0,0.0,0.0,-0.7973149,-0.6070258,-1.831138,0.3479367,0.07963675,-2.056661,0.101391,0.9494466,-0.1405141,0.2617764,18.65717,150.3578,7.21324,0.306071,0.03950209,-0.9511884,0.0,0.0,0.0,0.915196,-0.1443106,-2.58664,-0.1387556,0.04996639,0.7670507,-0.8423861,0.1189641,-0.5255792,0.2660972,0.9399513,-0.2137378,0.4685917,-0.3199049,-0.8234579,moving,-28.02357,16.89626,-10.25364,3.727035,-26.84419277810388,20.461691261144733,22.117841199030366,23.564701603494175,159.14448667552134
3351,3351,05/15/2023 13:24:19.568624,3580,True,True,True,True,Eyes,0.5243517,0.0800845,-1.96383,0.4632062,-0.2567729,-0.8482379,0.0,0.0,0.0,0.0,0.0,0.0,0.0,-0.8292264,-0.592616,-1.829029,0.3420184,0.07832243,-2.064229,0.1022142,0.9480951,-0.1380332,0.2676093,18.44802,149.6566,7.263749,0.3016813,0.03950887,-0.9525895,0.0,0.0,0.0,0.9130015,-0.1425046,-2.586818,-0.1392701,0.05018997,0.7654977,-0.8358754,0.1199396,-0.5356562,0.2676954,0.9409982,-0.2070303,0.4792203,-0.3164441,-0.8186645,moving,-28.6381,16.84177,-10.31127,3.751238,-27.440835090198856,20.389846443564288,22.521872166672203,23.88022803738708,158.76093362553016
3352,3352,05/15/2023 13:24:19.584153,3581,True,True,True,True,Eyes,0.5167407,0.07980336,-1.96878,0.4725369,-0.2545169,-0.8437594,0.0,0.0,0.0,0.0,0.0,0.0,0.0,-0.8593713,-0.5800532,-1.82644,0.3360061,0.07663415,-2.071736,0.1027225,0.94678,-0.1360607,0.2730259,18.28422,148.9998,7.273574,0.2973167,0.03949859,-0.9539611,0.0,0.0,0.0,0.9108365,-0.140723,-2.586994,-0.1403278,0.05072168,0.7638799,-0.82981,0.120215,-0.5449439,0.2688073,0.9418712,-0.2015473,0.4890379,-0.3137309,-0.8138888,moving,-29.25046,16.78574,-10.4094,3.798867,-28.035417808141705,20.31658378861453,22.883278004729327,24.15598210965157,158.41796215657104
3353,3353,05/15/2023 13:24:19.604281,3582,True,True,True,True,Eyes,0.5092226,0.07947773,-1.973843,0.4818493,-0.2522473,-0.8391619,0.0,0.0,0.0,0.0,0.0,0.0,0.0,-0.890513,-0.5686612,-1.8226,0.3302176,0.07502727,-2.079323,0.1044555,0.9452121,-0.1345785,0.2784813,18.21527,148.3572,7.410251,0.2929786,0.03947002,-0.9553035,0.0,0.0,0.0,0.9087261,-0.1389863,-2.587166,-0.1419628,0.05158645,0.7623321,-0.8230746,0.12251,-0.5545628,0.2724203,0.9419553,-0.1962326,0.498333,-0.3125882,-0.8086737,moving,-29.86457,16.73048,-10.54888,3.871261,-28.631674358458277,20.24400920007737,23.204641636234353,24.393735577672953,158.1133776938774
3354,3354,05/15/2023 13:24:19.613923,3583,True,True,True,True,Eyes,0.501784,0.07911845,-1.979026,0.491198,-0.2497908,-0.8344633,0.0,0.0,0.0,0.0,0.0,0.0,0.0,-0.9213036,-0.5528004,-1.820092,0.3248276,0.07360114,-2.08715,0.1062436,0.9437513,-0.1319644,0.2839565,18.02429,147.7144,7.589357,0.2886679,0.03942255,-0.9566169,0.0,0.0,0.0,0.9064104,-0.1370807,-2.587354,-0.1432554,0.05247103,0.7608621,-0.816162,0.1255909,-0.5640092,0.2754794,0.9425954,-0.1887459,0.5079278,-0.3094202,-0.8039081,moving,-30.48274,16.66471,-10.66284,3.94502,-29.23214951403784,20.161166643267023,23.55034924807061,24.653248625365315,157.78110450391222
3355,3355,05/15/2023 13:24:19.633940,3584,True,True,True,True,Eyes,0.4944459,0.07873126,-1.984335,0.5006338,-0.2471657,-0.8296234,0.0,0.0,0.0,0.0,0.0,0.0,0.0,-0.9544696,-0.5305229,-1.817757,0.3193846,0.07235019,-2.095106,0.1100052,0.9420812,-0.1281666,0.2897507,17.77229,147.0651,8.028165,0.2843847,0.03935613,-0.9579017,0.0,0.0,0.0,0.9044043,-0.1354299,-2.587517,-0.1449733,0.0534866,0.7594858,-0.8078868,0.1329949,-0.5741354,0.2815404,0.9429443,-0.1777385,0.5177394,-0.3052349,-0.7992358,moving,-31.10876,16.59012,-10.80681,4.02839,-29.840467706731857,20.069567886266448,23.87396561938129,24.891755937978278,157.46840714133253
3356,3356,05/15/2023 13:24:19.654067,3585,True,True,True,True,Eyes,0.487197,0.07830819,-1.989771,0.5102614,-0.2443174,-0.8245861,0.0,0.0,0.0,0.0,0.0,0.0,0.0,-0.9901176,-0.4983114,-1.816542,0.3143324,0.07120301,-2.103472,0.113483,0.9403993,-0.1220257,0.2964464,17.26485,146.2989,8.496416,0.2801304,0.03927105,-0.9591579,0.0,0.0,0.0,0.9022527,-0.1336592,-2.587692,-0.1458586,0.05449395,0.7583807,-0.7984823,0.1410905,-0.5852515,0.2857868,0.9444627,-0.1622226,0.5298601,-0.296789,-0.7944585,moving,-31.7496,16.50408,-10.8867,4.109963,-30.46345091948426,19.966456795117388,24.26674128554737,25.192807942707063,157.0825703480789
3357,3357,05/15/2023 13:24:19.664692,3586,True,True,True,True,Eyes,0.4800462,0.0778712,-1.995327,0.5199726,-0.2415529,-0.8193172,0.0,0.0,0.0,0.0,0.0,0.0,0.0,-1.027997,-0.4746229,-1.810616,0.309308,0.06981941,-2.11183,0.1148916,0.9383515,-0.1178905,0.3039711,16.9234,145.3912,8.65373,0.2759057,0.03916716,-0.960386,0.0,0.0,0.0,0.9000173,-0.1318196,-2.587874,-0.1464294,0.0559226,0.7572026,-0.7888033,0.1439467,-0.5975527,0.287288,0.9458035,-0.1513981,0.5433742,-0.291093,-0.7874071,moving,-32.40091,16.42669,-10.94488,4.223866,-31.09633817699717,19.87136342168743,24.68339800221753,25.513240527635464,156.6705285845607
3358,3358,05/15/2023 13:24:19.684834,3587,True,True,True,True,Eyes,0.4730092,0.07743572,-2.000988,0.52964,-0.2388501,-0.8138993,0.0,0.0,0.0,0.0,0.0,0.0,0.0,-1.065896,-0.4653305,-1.800164,0.3043799,0.06904565,-2.120339,0.1149622,0.9359977,-0.1169409,0.3114758,16.88961,144.4604,8.556083,0.2717118,0.03904545,-0.9615859,0.0,0.0,0.0,0.8979509,-0.1301191,-2.588042,-0.1474491,0.05735315,0.7562582,-0.7795333,0.1423601,-0.6099687,0.2880571,0.946217,-0.147297,0.5561936,-0.2905287,-0.7786155,moving,-33.05382,16.35506,-11.03266,4.336899,-31.730617921983217,19.78177746059997,25.08720154914695,25.82536994513133,156.27112594221273
3359,3359,05/15/2023 13:24:19.704312,3588,True,True,True,True,Eyes,0.4660498,0.07696958,-2.00675,0.5393333,-0.2363614,-0.8082405,0.0,0.0,0.0,0.0,0.0,0.0,0.0,-1.103765,-0.4585395,-1.788321,0.2994956,0.06868853,-2.128904,0.115088,0.9335212,-0.1165355,0.3189237,16.91696,143.5345,8.447262,0.267551,0.03890757,-0.9627575,0.0,0.0,0.0,0.8958388,-0.1283811,-2.588213,-0.1483092,0.0596195,0.7552538,-0.7700847,0.1405423,-0.622268,0.2892061,0.9463485,-0.1441682,0.5686205,-0.2909854,-0.7694142,moving,-33.71491,16.301,-11.10981,4.513551,-32.372340663858736,19.708887559433244,25.493812973692286,26.134143632152586,155.86617024724788
3360,3360,05/15/2023 13:24:19.714387,3589,True,True,True,True,Eyes,0.4591662,0.07653299,-2.012595,0.5487958,-0.2343593,-0.802433,0.0,0.0,0.0,0.0,0.0,0.0,0.0,-1.140861,-0.4561538,-1.774529,0.2942837,0.06751762,-2.137155,0.1154502,0.9308854,-0.117472,0.3260738,17.09737,142.644,8.321568,0.2634231,0.03875348,-0.9639014,0.0,0.0,0.0,0.8934969,-0.1264538,-2.588404,-0.148318,0.06258915,0.7546757,-0.7606944,0.1383327,-0.634199,0.2915508,0.9457431,-0.1434153,0.5799504,-0.2939964,-0.7597526,moving,-34.3688,16.28102,-11.11875,4.740984,-33.00616105442007,19.66910579462756,25.956449215634176,26.493538513765657,155.40446554906927
3361,3361,05/15/2023 13:24:19.734013,3590,True,True,True,True,Eyes,0.4523842,0.07622334,-2.018566,0.5581979,-0.2326147,-0.7964329,0.0,0.0,0.0,0.0,0.0,0.0,0.0,-1.176038,-0.469893,-1.756848,0.2888886,0.06791542,-2.1453,0.1181973,0.9277932,-0.1224481,0.3320174,17.8003,141.9272,8.334665,0.2593291,0.03858613,-0.9650177,0.0,0.0,0.0,0.891508,-0.1248171,-2.588565,-0.1481926,0.06497152,0.7542078,-0.7515876,0.1380156,-0.6450331,0.3006352,0.9420717,-0.1487259,0.587141,-0.3057003,-0.7495416,moving,-35.02555,16.28154,-11.11631,4.923611,-33.64219226045601,19.649013942440245,26.46987549171022,26.91194648161211,154.89674956885298
3362,3362,05/15/2023 13:24:19.754600,3591,True,True,True,True,Eyes,0.4457073,0.0759662,-2.024615,0.5674514,-0.230359,-0.7905275,0.0,0.0,0.0,0.0,0.0,0.0,0.0,-1.210467,-0.4681932,-1.744301,0.284451,0.07068704,-2.154324,0.1210218,0.9251723,-0.1230767,0.3380269,18.03221,141.2116,8.510736,0.2552696,0.03841276,-0.9661064,0.0,0.0,0.0,0.8891371,-0.1228661,-2.588758,-0.1478521,0.06901737,0.7538877,-0.7421831,0.1407256,-0.6552563,0.3071386,0.9404117,-0.145917,0.5956764,-0.3095516,-0.74118,moving,-35.6713,16.24608,-11.09599,5.230768,-34.268551400267114,19.594551417076403,26.931077959365904,27.26326972140041,154.4248026608398
3363,3363,05/15/2023 13:24:19.764517,3592,True,True,True,True,Eyes,0.4390943,0.07575551,-2.030717,0.5765162,-0.2283938,-0.784516,0.0,0.0,0.0,0.0,0.0,0.0,0.0,-1.237637,-0.4515902,-1.73915,0.2798505,0.07162927,-2.162608,0.1190493,0.9239613,-0.1192009,0.3433865,17.5798,140.5157,8.331314,0.2512467,0.03823636,-0.9671673,0.0,0.0,0.0,0.8869052,-0.1210294,-2.588939,-0.1468948,0.07090321,0.7537019,-0.7358263,0.1381299,-0.6629331,0.3018578,0.9432368,-0.1385141,0.60617,-0.3020338,-0.735754,moving,-36.311,16.23171,-11.02856,5.374186,-34.88847616215445,19.560627459756667,27.515224872135356,27.758795372928954,153.84239523240086
3364,3364,05/15/2023 13:24:19.784081,3593,True,True,True,True,Eyes,0.4325887,0.07562196,-2.036894,0.5854452,-0.2261612,-0.7785274,0.0,0.0,0.0,0.0,0.0,0.0,0.0,-1.263384,-0.4564624,-1.727795,0.2747179,0.07258379,-2.17003,0.1203365,0.9219832,-0.1213247,0.3474863,17.89955,140.0095,8.312791,0.2472603,0.03805939,-0.968201,0.0,0.0,0.0,0.885147,-0.1195825,-2.589082,-0.146171,0.07123865,0.7542076,-0.7295452,0.1375791,-0.6699525,0.3062137,0.9415989,-0.140088,0.6115534,-0.3073491,-0.7290675,moving,-36.94282,16.19851,-10.96836,5.395862,-35.50128282870324,19.50878231414621,28.13129531506688,28.30262924734289,153.23204959527553
3365,3365,05/15/2023 13:24:19.804080,3594,True,True,True,True,Eyes,0.4261674,0.07552519,-2.043118,0.5943899,-0.2237252,-0.7724296,0.0,0.0,0.0,0.0,0.0,0.0,0.0,-1.291083,-0.4426541,-1.720391,0.2707379,0.0742289,-2.17802,0.1219946,0.920185,-0.1188935,0.3524787,17.74668,139.4098,8.495418,0.2433125,0.03788549,-0.9692075,0.0,0.0,0.0,0.8828357,-0.1176805,-2.58927,-0.1447694,0.07628813,0.7544783,-0.7217523,0.1407003,-0.6776999,0.3083301,0.9419633,-0.1328071,0.6196825,-0.3048091,-0.7232463,moving,-37.57853,16.15304,-10.8619,5.773768,-36.1181914538714,19.444976380489447,28.661953977474813,28.719021511633404,152.67861861980853
3366,3366,05/15/2023 13:24:19.813933,3595,True,True,True,True,Eyes,0.4198126,0.0754882,-2.049389,0.6032419,-0.2213394,-0.7662298,0.0,0.0,0.0,0.0,0.0,0.0,0.0,-1.320021,-0.421098,-1.712584,0.2662404,0.07494448,-2.185457,0.1216425,0.9185411,-0.1144526,0.3583099,17.30332,138.6786,8.519919,0.2394038,0.03771598,-0.9701869,0.0,0.0,0.0,0.88085,-0.1160463,-2.589432,-0.1441631,0.07819793,0.754651,-0.7136342,0.1414483,-0.6860894,0.3054863,0.9442074,-0.1230873,0.6304001,-0.2974302,-0.7170292,moving,-38.21286,16.11232,-10.81507,5.91595,-36.73363405558758,19.385796795659047,29.233625468986908,29.20973699645587,152.10106307976318
3367,3367,05/15/2023 13:24:19.833947,3596,True,True,True,True,Eyes,0.4135456,0.07553712,-2.05573,0.6120501,-0.2190066,-0.7598886,0.0,0.0,0.0,0.0,0.0,0.0,0.0,-1.350659,-0.4150037,-1.698815,0.2615432,0.07630177,-2.192773,0.1234234,0.9161082,-0.1142747,0.3639422,17.41039,137.9889,8.616706,0.2355347,0.03755321,-0.9711398,0.0,0.0,0.0,0.8786579,-0.1142424,-2.58961,-0.1432765,0.07236134,0.7550753,-0.7046257,0.1429597,-0.6950292,0.3093172,0.9434159,-0.119538,0.6386125,-0.299214,-0.708975,moving,-38.84961,16.07745,-10.74421,5.474124,-37.35126083932845,19.33218574783293,30.039041786020334,29.9996838278899,151.33128533740347
3368,3368,05/15/2023 13:24:19.854082,3597,True,True,True,True,Eyes,0.4073184,0.07567391,-2.062151,0.6208156,-0.2164849,-0.7534735,0.0,0.0,0.0,0.0,0.0,0.0,0.0,-1.380727,-0.4030498,-1.687413,0.2572944,0.07839741,-2.20088,0.1249237,0.9138973,-0.1123995,0.3695295,17.32367,137.3045,8.752561,0.2317059,0.03740046,-0.9720665,0.0,0.0,0.0,0.8765324,-0.1124933,-2.589783,-0.1444094,0.07721011,0.7555175,-0.695684,0.1452649,-0.7035069,0.3114047,0.9435209,-0.1131173,0.6473414,-0.2977692,-0.7016286,moving,-39.48641,16.0302,-10.82098,5.835085,-37.969273640644936,19.26662818767099,30.42445146503261,30.289209299698683,150.92290576867615
3369,3369,05/15/2023 13:24:19.864725,3598,True,True,True,True,Eyes,0.4011626,0.07586789,-2.06862,0.6294554,-0.2139837,-0.7469918,0.0,0.0,0.0,0.0,0.0,0.0,0.0,-1.408245,-0.3907286,-1.676832,0.2528131,0.08045879,-2.208437,0.1247282,0.9120727,-0.109929,0.3748095,17.09908,136.6357,8.732919,0.2279155,0.03726071,-0.9729676,0.0,0.0,0.0,0.8743468,-0.1106947,-2.58996,-0.1468425,0.08382189,0.7549752,-0.6879219,0.1451176,-0.7111294,0.3099273,0.944717,-0.1070278,0.6562844,-0.294025,-0.6948674,moving,-40.11929,15.98492,-11.0066,6.335376,-38.58343630285405,19.20309431681613,30.670220384666884,30.431235189445307,150.64368810068382
3370,3370,05/15/2023 13:24:19.883827,3599,True,True,True,True,Eyes,0.3950804,0.07610066,-2.075128,0.637848,-0.2114776,-0.7405587,0.0,0.0,0.0,0.0,0.0,0.0,0.0,-1.432545,-0.3838079,-1.667294,0.2482979,0.08201145,-2.216074,0.1245215,0.9104548,-0.1087294,0.3791366,17.00216,136.0834,8.67855,0.2241641,0.03713525,-0.9738434,0.0,0.0,0.0,0.8722264,-0.1089498,-2.590133,-0.1506153,0.07890974,0.754771,-0.6814997,0.1442959,-0.7174516,0.309189,0.9453446,-0.1035651,0.663295,-0.2924077,-0.6888669,moving,-40.73853,15.93748,-11.28519,5.968472,-39.184447879581874,19.13790405900584,31.094699832281126,30.85129707140661,150.24936236213102
3371,3371,05/15/2023 13:24:19.904224,3600,True,True,True,True,Eyes,0.3890575,0.07636524,-2.081666,0.6460758,-0.2090278,-0.7340935,0.0,0.0,0.0,0.0,0.0,0.0,0.0,-1.454695,-0.3728265,-1.659992,0.2439079,0.08312039,-2.22358,0.1243879,0.9090989,-0.1065974,0.3830194,16.80415,135.5917,8.681973,0.2204522,0.03702436,-0.9746946,0.0,0.0,0.0,0.8701065,-0.1072052,-2.590305,-0.1538713,0.07632884,0.7545176,-0.6756475,0.144504,-0.7229238,0.3078195,0.9463294,-0.0985292,0.6698861,-0.289101,-0.6838662,moving,-41.35101,15.89391,-11.52646,5.776529,-39.77880703900795,19.076659774391764,31.493891169584952,31.22640856436206,149.86773734663666
3372,3372,05/15/2023 13:24:19.914246,3601,True,True,True,True,Eyes,0.3831114,0.07666574,-2.088228,0.6537453,-0.206804,-0.7279074,0.0,0.0,0.0,0.0,0.0,0.0,0.0,-1.476335,-0.3661457,-1.651495,0.2392477,0.08413984,-2.230862,0.1247087,0.9076406,-0.1056666,0.386615,16.7528,135.1382,8.690067,0.2167798,0.03692795,-0.9755216,0.0,0.0,0.0,0.8678135,-0.1053183,-2.590491,-0.1565687,0.07792417,0.7536432,-0.6699533,0.1446768,-0.7281699,0.308086,0.9465646,-0.09538603,0.6754597,-0.2882431,-0.678727,moving,-41.92752,15.86025,-11.73621,5.903214,-40.33805994520167,19.02610513862231,31.790844050156895,31.468652531113637,149.56391504796758
3373,3373,05/15/2023 13:24:19.933971,3602,True,True,True,True,Eyes,0.377227,0.07700647,-2.094825,0.6612822,-0.20462,-0.7216899,0.0,0.0,0.0,0.0,0.0,0.0,0.0,-1.497657,-0.3623893,-1.642592,0.2348632,0.08533284,-2.238296,0.1258713,0.9060503,-0.1056399,0.389961,16.834,134.7243,8.755816,0.213148,0.03684615,-0.9763246,0.0,0.0,0.0,0.8657628,-0.1036307,-2.590658,-0.1587852,0.07967554,0.752745,-0.6641738,0.1457006,-0.7332426,0.3104824,0.9459932,-0.09326029,0.6800544,-0.2895999,-0.6735414,moving,-42.49893,15.82957,-11.91144,6.04207,-40.89229237082478,18.978585699964388,32.11525651073178,31.737095686199222,149.23077972382126
3374,3374,05/15/2023 13:24:19.954284,3603,True,True,True,True,Eyes,0.3714051,0.07739989,-2.101459,0.6685713,-0.2026774,-0.7154959,0.0,0.0,0.0,0.0,0.0,0.0,0.0,-1.519079,-0.3565763,-1.633799,0.2304008,0.08663055,-2.245764,0.1259091,0.904597,-0.1047666,0.3935418,16.77679,134.2673,8.730955,0.2095565,0.03677924,-0.9771044,0.0,0.0,0.0,0.8635651,-0.1018221,-2.590837,-0.1599581,0.08300732,0.7518169,-0.6585436,0.1453339,-0.7383758,0.310254,0.9463418,-0.09044202,0.6856114,-0.288644,-0.6682978,moving,-43.05822,15.81576,-12.01126,6.300449,-41.43432685696785,18.947723463529915,32.472370850745115,32.02608959310293,148.85652492663388
3375,3375,05/15/2023 13:24:19.965632,3604,True,True,True,True,Eyes,0.3656491,0.07780093,-2.108115,0.6757833,-0.2006091,-0.7092763,0.0,0.0,0.0,0.0,0.0,0.0,0.0,-1.539295,-0.3563513,-1.624578,0.2261723,0.08828123,-2.253158,0.1264538,0.9030989,-0.105253,0.3966661,16.88355,133.8702,8.709625,0.2060052,0.03672805,-0.9778611,0.0,0.0,0.0,0.8615301,-0.1001475,-2.591002,-0.1597384,0.08548611,0.7510648,-0.6533312,0.1448999,-0.7430766,0.3119011,0.9458625,-0.0897878,0.689838,-0.2904275,-0.6631559,moving,-43.61477,15.79283,-12.00691,6.493455,-41.97395641995787,18.90814763795851,32.94746104285162,32.436838076959525,148.36598973565202
3376,3376,05/15/2023 13:24:19.984220,3605,True,True,True,True,Eyes,0.3599594,0.07820988,-2.114751,0.6828295,-0.1987784,-0.7030157,0.0,0.0,0.0,0.0,0.0,0.0,0.0,-1.559945,-0.3514608,-1.61543,0.2219285,0.08883446,-2.260403,0.1237162,0.9019108,-0.1038228,0.4005897,16.64236,133.3335,8.401058,0.2024944,0.03669122,-0.9785956,0.0,0.0,0.0,0.8592812,-0.09829686,-2.591185,-0.1581119,0.08652993,0.7501317,-0.6484442,0.1399813,-0.7482815,0.3063427,0.9478303,-0.08815891,0.6969032,-0.2863967,-0.6574973,moving,-44.16549,15.7883,-11.90251,6.580156,-42.507438023736,18.886508013381576,33.551300934615575,32.986480855273456,147.75756690840342
3377,3377,05/15/2023 13:24:20.004133,3606,True,True,True,True,Eyes,0.3543539,0.07865101,-2.12141,0.689809,-0.196902,-0.6967016,0.0,0.0,0.0,0.0,0.0,0.0,0.0,-1.580034,-0.3589216,-1.602905,0.2174166,0.08951691,-2.267014,0.1223999,0.9003428,-0.105775,0.4039961,16.81998,132.8672,8.103932,0.1990247,0.03666761,-0.9793081,0.0,0.0,0.0,0.8572094,-0.09659196,-2.591353,-0.15549,0.0892183,0.7494574,-0.6436108,0.1349383,-0.7533635,0.3058691,0.9476599,-0.09156933,0.7015763,-0.2893657,-0.6511976,moving,-44.71517,15.78137,-11.72088,6.788763,-43.03997786072444,18.86258534020063,34.197809188024735,33.56580219080667,147.09497328313375
3378,3378,05/15/2023 13:24:20.013896,3607,True,True,True,True,Eyes,0.3488249,0.07909171,-2.128064,0.6967798,-0.1949566,-0.6902824,0.0,0.0,0.0,0.0,0.0,0.0,0.0,-1.602058,-0.352758,-1.592243,0.213764,0.09070827,-2.274279,0.1213578,0.8987548,-0.1044863,0.4081603,16.67138,132.3204,7.971272,0.1955969,0.03665725,-0.9799988,0.0,0.0,0.0,0.8549196,-0.09470756,-2.591539,-0.1527739,0.09345066,0.7486346,-0.637355,0.1328474,-0.7590324,0.303436,0.9487098,-0.08874834,0.7083116,-0.286882,-0.6449757,moving,-45.26839,15.77128,-11.53398,7.11532,-43.576032267110925,18.835502712040565,34.827231609326915,34.11826191780412,146.43909300406713
3379,3379,05/15/2023 13:24:20.033989,3608,True,True,True,True,Eyes,0.3433511,0.07952341,-2.134726,0.7036653,-0.1931289,-0.683781,0.0,0.0,0.0,0.0,0.0,0.0,0.0,-1.624235,-0.3428456,-1.581122,0.2098154,0.09110816,-2.281075,0.1190028,0.8972663,-0.1020651,0.4127159,16.34305,131.7116,7.744239,0.192212,0.03665868,-0.9806682,0.0,0.0,0.0,0.8528336,-0.09299099,-2.591709,-0.1500861,0.09693924,0.7478991,-0.631008,0.1293066,-0.7649241,0.2978021,0.9508421,-0.08493045,0.7163399,-0.2813878,-0.6384968,moving,-45.82108,15.77194,-11.34723,7.385241,-44.11128023728897,18.818808928617024,35.479332771898356,34.70172133381707,145.76713849818643
3380,3380,05/15/2023 13:24:20.054343,3609,True,True,True,True,Eyes,0.3379291,0.07996409,-2.141411,0.7106491,-0.191502,-0.676982,0.0,0.0,0.0,0.0,0.0,0.0,0.0,-1.647389,-0.3433301,-1.56646,0.2056036,0.0913412,-2.288,0.118477,0.8952531,-0.1028451,0.417023,16.43695,131.1413,7.570171,0.1888696,0.0366702,-0.981317,0.0,0.0,0.0,0.8506778,-0.09121688,-2.591884,-0.1469015,0.09803022,0.7474551,-0.6241103,0.1263563,-0.7710517,0.2979114,0.9507722,-0.08532948,0.7223126,-0.2829601,-0.6310296,moving,-46.38985,15.79493,-11.11894,7.471809,-44.66149234815481,18.823156211417867,36.23963900770455,35.41123976286159,145.0057182270516
3381,3381,05/15/2023 13:24:20.064353,3610,True,True,True,True,Eyes,0.3325696,0.08041938,-2.148104,0.7175724,-0.189887,-0.670099,0.0,0.0,0.0,0.0,0.0,0.0,0.0,-1.669909,-0.3388201,-1.553204,0.2016723,0.09195738,-2.294931,0.1184802,0.8933259,-0.1025135,0.4212154,16.43739,130.5969,7.50788,0.1855689,0.03669107,-0.9819458,0.0,0.0,0.0,0.8484858,-0.08941305,-2.592062,-0.1446508,0.1010222,0.7464114,-0.6170802,0.1253223,-0.7768567,0.2980434,0.9509069,-0.08334462,0.7282734,-0.2829673,-0.6241373,moving,-46.95937,15.82123,-10.96768,7.707793,-45.21234055325388,18.830673657255257,36.89484529048833,36.005766906471045,144.33809487511442
3382,3382,05/15/2023 13:24:20.084471,3611,True,True,True,True,Eyes,0.3272607,0.08088043,-2.154818,0.724523,-0.1883895,-0.6630052,0.0,0.0,0.0,0.0,0.0,0.0,0.0,-1.693697,-0.3308098,-1.538925,0.1977411,0.09275238,-2.301875,0.118567,0.8912495,-0.1014215,0.4258287,16.3654,130.0018,7.483817,0.1823099,0.03672091,-0.9825549,0.0,0.0,0.0,0.8464248,-0.08771701,-2.59223,-0.1436689,0.1002131,0.745487,-0.6092238,0.1249691,-0.7830896,0.2977218,0.9513112,-0.0798052,0.7349887,-0.2817621,-0.6167673,moving,-47.53862,15.86222,-10.90821,7.656168,-45.77221142571561,18.85205976836197,37.53833009331667,36.61757211915033,143.70764083441253
3383,3383,05/15/2023 13:24:20.104114,3612,True,True,True,True,Eyes,0.3220051,0.08133709,-2.161555,0.7314087,-0.1868787,-0.6558336,0.0,0.0,0.0,0.0,0.0,0.0,0.0,-1.71783,-0.3261279,-1.523135,0.1937809,0.09334035,-2.30889,0.1179897,0.8890837,-0.1009361,0.4306049,16.32558,129.3726,7.3564,0.1790921,0.03675896,-0.9831451,0.0,0.0,0.0,0.8442675,-0.08594167,-2.592405,-0.1443886,0.1019591,0.743903,-0.6013159,0.1228783,-0.7895064,0.2967327,0.9517806,-0.07786741,0.7418687,-0.2810952,-0.6087828,moving,-48.11831,15.90481,-10.9843,7.804314,-46.33246479592374,18.87497585559404,38.00727212161004,37.04122444467363,143.23588940235254
3384,3384,05/15/2023 13:24:20.114555,3613,True,True,True,True,Eyes,0.3168057,0.08178432,-2.168307,0.7382631,-0.1853945,-0.6485341,0.0,0.0,0.0,0.0,0.0,0.0,0.0,-1.741523,-0.3195649,-1.508232,0.1897311,0.09368069,-2.316251,0.1174026,0.8870102,-0.1000256,0.4352292,16.23881,128.7645,7.252545,0.175915,0.03680405,-0.9837169,0.0,0.0,0.0,0.8420988,-0.08415699,-2.592582,-0.1443264,0.1011575,0.7423296,-0.5935842,0.1212065,-0.795592,0.2953427,0.952423,-0.07525332,0.7486189,-0.2796414,-0.6011406,moving,-48.70201,15.95348,-11.00239,7.759914,-46.89643595008837,18.9036325399039,38.57973395373219,37.584105650708956,142.67673631287323
3385,3385,05/15/2023 13:24:20.134207,3614,True,True,True,True,Eyes,0.311656,0.08221391,-2.175071,0.7450541,-0.1839037,-0.6411504,0.0,0.0,0.0,0.0,0.0,0.0,0.0,-1.764483,-0.3126812,-1.493485,0.1857848,0.09392008,-2.323431,0.1167834,0.8849764,-0.09902345,0.4397416,16.13944,128.1702,7.152988,0.1727783,0.03685491,-0.9842707,0.0,0.0,0.0,0.8400012,-0.08243079,-2.592752,-0.1439199,0.09761527,0.7408907,-0.585978,0.1196116,-0.8014507,0.2937906,0.953112,-0.07255782,0.7551934,-0.2779759,-0.5936434,moving,-49.28662,16.00469,-10.99295,7.505714,-47.46121915170427,18.934711429349548,39.22547329373447,38.21722958511283,142.0618641283226
3386,3386,05/15/2023 13:24:20.154075,3615,True,True,True,True,Eyes,0.3065459,0.08263379,-2.18186,0.7518895,-0.1825039,-0.6335254,0.0,0.0,0.0,0.0,0.0,0.0,0.0,-1.788092,-0.3070899,-1.477097,0.1817548,0.09391871,-2.330565,0.1160103,0.8827825,-0.09836364,0.4444788,16.06905,127.5414,7.016513,0.1696816,0.03691006,-0.9848072,0.0,0.0,0.0,0.8378973,-0.0806995,-2.592923,-0.1431764,0.09818528,0.738957,-0.5779606,0.1173826,-0.8075787,0.2922648,0.9537324,-0.07053914,0.7619338,-0.2767956,-0.5855266,moving,-49.88326,16.07045,-10.96546,7.568563,-48.03725632888728,18.97945178327657,39.83562776461253,38.78822586655398,141.45885893056698
3387,3387,05/15/2023 13:24:20.164655,3616,True,True,True,True,Eyes,0.3014825,0.08304823,-2.188671,0.7586731,-0.1811018,-0.6257933,0.0,0.0,0.0,0.0,0.0,0.0,0.0,-1.812437,-0.3036009,-1.458893,0.1777405,0.09411591,-2.337738,0.1155182,0.8803663,-0.09831366,0.4493831,16.07694,126.8881,6.875808,0.1666236,0.0369685,-0.985327,0.0,0.0,0.0,0.8357326,-0.07891806,-2.593099,-0.1424073,0.1004287,0.736448,-0.5694207,0.1150356,-0.8139575,0.2917576,0.9539799,-0.06928026,0.7685294,-0.2769279,-0.5767785,moving,-50.4824,16.14021,-10.94424,7.765472,-48.61560561422082,19.02797317799688,40.415372480706445,39.31889774681736,140.87520989961226
3388,3388,05/15/2023 13:24:20.184104,3617,True,True,True,True,Eyes,0.2964836,0.08344526,-2.195492,0.7653709,-0.1796835,-0.6179978,0.0,0.0,0.0,0.0,0.0,0.0,0.0,-1.837402,-0.2968381,-1.440321,0.1737138,0.09439227,-2.345122,0.115058,0.8778817,-0.09751671,0.4545062,16.01002,126.2097,6.773536,0.1636042,0.03702952,-0.9858306,0.0,0.0,0.0,0.833577,-0.07714421,-2.593274,-0.1408454,0.1026166,0.7340201,-0.5603716,0.1133706,-0.8204455,0.2906584,0.9545043,-0.06662717,0.7755651,-0.2758054,-0.5678293,moving,-51.08091,16.21185,-10.86202,7.958419,-49.19329349457719,19.078328260914173,41.05701202113789,39.911638774761435,140.22967083145525
3389,3389,05/15/2023 13:24:20.204200,3618,True,True,True,True,Eyes,0.2914712,0.08384097,-2.202405,0.7720141,-0.1781997,-0.610114,0.0,0.0,0.0,0.0,0.0,0.0,0.0,-1.865408,-0.2879528,-1.42247,0.1684553,0.09517382,-2.355557,0.114264,0.8754455,-0.09599406,0.4596998,15.85058,125.5219,6.674357,0.1606231,0.037092,-0.9863183,0.0,0.0,0.0,0.8314314,-0.07537854,-2.593449,-0.1382856,0.102953,0.7317517,-0.5512396,0.111807,-0.8268217,0.2883208,0.9554577,-0.06302081,0.7829471,-0.2731295,-0.5589224,moving,-51.68108,16.28182,-10.70148,8.008599,-49.772634581714605,19.127019978352067,41.80638470227773,40.62233874852724,139.48753052020058
3390,3390,05/15/2023 13:24:20.213899,3619,True,True,True,True,Eyes,0.2864281,0.08423504,-2.209482,0.778706,-0.1767382,-0.6019805,0.0,0.0,0.0,0.0,0.0,0.0,0.0,-1.891449,-0.2795662,-1.404295,0.1630463,0.09551418,-2.364756,0.1133026,0.8731059,-0.09459395,0.4646513,15.69244,124.8624,6.557507,0.1576773,0.03715549,-0.9867911,0.0,0.0,0.0,0.8291695,-0.07351711,-2.593632,-0.1356473,0.1029098,0.7293403,-0.5425236,0.1099439,-0.832815,0.2857567,0.9564291,-0.05988867,0.7899441,-0.2704734,-0.5503026,moving,-52.2941,16.36195,-10.53584,8.031404,-50.36414350541117,19.185111720204414,42.581102321167265,41.36059665946437,138.7238766792892
3391,3391,05/15/2023 13:24:20.233940,3620,True,True,True,True,Eyes,0.2814192,0.0846013,-2.216592,0.7852774,-0.1752868,-0.5938131,0.0,0.0,0.0,0.0,0.0,0.0,0.0,-1.914492,-0.2727236,-1.386945,0.1590539,0.09523633,-2.372532,0.1128588,0.8707908,-0.09380847,0.46924,15.62207,124.251,6.469703,0.1547622,0.0372195,-0.98725,0.0,0.0,0.0,0.8270347,-0.07176032,-2.593806,-0.1336104,0.1042653,0.7266449,-0.5341534,0.1085154,-0.838394,0.2845901,0.9569257,-0.05745943,0.7960455,-0.2692908,-0.5420275,moving,-52.90407,16.446,-10.41877,8.165561,-50.952591687370266,19.247081344434616,43.284713076589995,42.02131356499516,138.02218703439783
3392,3392,05/15/2023 13:24:20.254579,3621,True,True,True,True,Eyes,0.2764114,0.08493263,-2.223761,0.7918125,-0.1738247,-0.5855064,0.0,0.0,0.0,0.0,0.0,0.0,0.0,-1.935999,-0.2666484,-1.371224,0.1546652,0.09477858,-2.380451,0.1125877,0.8687112,-0.09325476,0.4732531,15.58025,123.7153,6.398391,0.1518773,0.03728261,-0.9876955,0.0,0.0,0.0,0.8250747,-0.07014748,-2.593965,-0.1319454,0.1056294,0.7240285,-0.5267113,0.1073462,-0.8432392,0.2838786,0.9572551,-0.05545799,0.8012419,-0.2685878,-0.5346704,moving,-53.5189,16.53506,-10.32812,8.30039,-51.545610034443285,19.313732514190274,43.9687760463866,42.66351131909214,137.34038477395126
3393,3393,05/15/2023 13:24:20.264580,3622,True,True,True,True,Eyes,0.271429,0.0852405,-2.230948,0.7981934,-0.1724471,-0.5771908,0.0,0.0,0.0,0.0,0.0,0.0,0.0,-1.957377,-0.2616584,-1.354805,0.1501558,0.09422433,-2.388276,0.1120014,0.8666161,-0.09284125,0.4772974,15.53526,123.17,6.28644,0.1490211,0.03734319,-0.9881282,0.0,0.0,0.0,0.8229149,-0.06837008,-2.594141,-0.1303039,0.1068094,0.7210833,-0.519286,0.1054986,-0.8480639,0.2827502,0.9576724,-0.05399952,0.8064705,-0.2678314,-0.5271357,moving,-54.1285,16.63455,-10.24314,8.42559,-52.13327884306266,19.390611151019343,44.646521103118445,43.30144825676583,136.6672447986045
3394,3394,05/15/2023 13:24:20.284424,3623,True,True,True,True,Eyes,0.2664754,0.0855206,-2.23816,0.8045232,-0.1709727,-0.56878,0.0,0.0,0.0,0.0,0.0,0.0,0.0,-1.977727,-0.2598311,-1.338583,0.1457187,0.09398502,-2.395967,0.1119148,0.8645442,-0.09329378,0.4809726,15.60293,122.6711,6.1849,0.1461931,0.03740038,-0.9885484,0.0,0.0,0.0,0.8206359,-0.06649458,-2.594326,-0.1287574,0.1076683,0.7180035,-0.5122807,0.1037671,-0.8525259,0.2832541,0.9575427,-0.05365729,0.8107622,-0.2689691,-0.5199231,moving,-54.74054,16.73055,-10.16662,8.528251,-52.72340589840234,19.464045922143917,45.322312971116126,43.93940869631321,135.99666867445256
3395,3395,05/15/2023 13:24:20.304260,3624,True,True,True,True,Eyes,0.2615416,0.08576398,-2.245408,0.8107321,-0.1694218,-0.5603657,0.0,0.0,0.0,0.0,0.0,0.0,0.0,-1.998965,-0.2476436,-1.323183,0.1412574,0.09358941,-2.404014,0.1120548,0.8624725,-0.09149841,0.484988,15.4573,122.1458,6.226555,0.1433928,0.03745319,-0.9889565,0.0,0.0,0.0,0.8187037,-0.0649046,-2.594483,-0.1281598,0.1071158,0.714975,-0.5044611,0.1045371,-0.8570831,0.2820396,0.9581435,-0.04913924,0.8160718,-0.2665202,-0.5128297,moving,-55.34836,16.82224,-10.16239,8.52054,-53.30956352356615,19.53345448012983,45.9422475258982,44.53047123509228,135.39003937001436
3396,3396,05/15/2023 13:24:20.314261,3625,True,True,True,True,Eyes,0.2566192,0.08596618,-2.252689,0.8169044,-0.1679095,-0.5517913,0.0,0.0,0.0,0.0,0.0,0.0,0.0,-2.019433,-0.2333888,-1.308946,0.1367292,0.09291561,-2.412176,0.1120694,0.8605525,-0.08918762,0.4888102,15.25186,121.6481,6.289376,0.1406199,0.03750034,-0.9893528,0.0,0.0,0.0,0.8165019,-0.0630926,-2.594662,-0.1272106,0.1079386,0.7117854,-0.4970103,0.1056915,-0.861284,0.2800748,0.958972,-0.04393997,0.8213032,-0.2630626,-0.5062204,moving,-55.96231,16.92495,-10.13294,8.622914,-53.90135738752981,19.61330355827732,46.57526120530293,45.12718718524027,134.76232929423526
3397,3397,05/15/2023 13:24:20.334503,3626,True,True,True,True,Eyes,0.2517337,0.08611637,-2.259969,0.8229377,-0.166415,-0.5432123,0.0,0.0,0.0,0.0,0.0,0.0,0.0,-2.039925,-0.2221987,-1.293626,0.1319687,0.09212397,-2.420378,0.11283,0.8584794,-0.08802935,0.4924769,15.2051,121.1682,6.367314,0.137873,0.03754052,-0.9897379,0.0,0.0,0.0,0.8143463,-0.06131874,-2.594837,-0.1261021,0.1074563,0.7086316,-0.489472,0.1070197,-0.8654272,0.2804294,0.9590404,-0.04001037,0.8256978,-0.2622751,-0.4994349,moving,-56.57163,17.03263,-10.09025,8.622594,-54.488531687868274,19.69809316365507,47.23608146560949,45.758869069934676,134.1163876329883
3398,3398,05/15/2023 13:24:20.354548,3627,True,True,True,True,Eyes,0.2468318,0.08623686,-2.267318,0.8290256,-0.1649712,-0.5343229,0.0,0.0,0.0,0.0,0.0,0.0,0.0,-2.059222,-0.2112834,-1.277995,0.1279078,0.09101288,-2.427687,0.1132989,0.8563884,-0.08684341,0.4962062,15.14024,120.6761,6.416212,0.1351526,0.03757212,-0.9901118,0.0,0.0,0.0,0.8122533,-0.05959637,-2.595008,-0.1247536,0.1077461,0.7054223,-0.4818854,0.1078712,-0.8695689,0.2802401,0.9592432,-0.03630413,0.8302118,-0.2611825,-0.4924751,moving,-57.19744,17.15798,-10.02904,8.684233,-55.09119427820211,19.799414739764764,47.92350515957706,46.41276778323491,133.44116739123854
3399,3399,05/15/2023 13:24:20.364026,3628,True,True,True,True,Eyes,0.2419356,0.08632801,-2.2747,0.8350066,-0.1635375,-0.5253755,0.0,0.0,0.0,0.0,0.0,0.0,0.0,-2.080437,-0.2014315,-1.260281,0.1230262,0.09035818,-2.435939,0.1139517,0.8540841,-0.0860112,0.5001578,15.12402,120.1514,6.459867,0.1324563,0.03759459,-0.9904753,0.0,0.0,0.0,0.8100723,-0.05780156,-2.595185,-0.1231518,0.1071274,0.7020512,-0.4737149,0.1086104,-0.8739557,0.280687,0.9592342,-0.03293391,0.8347512,-0.2609093,-0.484889,moving,-57.82242,17.29018,-9.949431,8.675951,-55.69286624033749,19.90737162067736,48.641834022357365,47.102087817266934,132.7423045982037
3400,3400,05/15/2023 13:24:20.384255,3629,True,True,True,True,Eyes,0.2370418,0.08637899,-2.282122,0.8411549,-0.1621646,-0.5159079,0.5993773,0.741211,-0.01081879,-2.591346,0.1347317,-0.7564658,0.6400054,-0.1710371,0.08241682,0.6195827,0.1181825,0.08972426,-2.444187,0.1148425,0.8514861,-0.08424664,0.5046635,15.03347,119.5589,6.572394,0.1297836,0.03760754,-0.9908286,0.0,0.0,0.0,0.8079617,-0.05606471,-2.595356,-0.1222421,0.1074142,0.6986047,-0.464252,0.1105411,-0.8787781,0.2806059,0.9594274,-0.02755604,0.8400777,-0.2593833,-0.4764346,moving,-58.47785,17.44942,-9.925153,8.74108,-56.32329087805655,20.040463452711563,49.32747278676872,47.75419630736714,132.0738739520259
3401,3401,05/15/2023 13:24:20.404080,3630,True,True,True,True,Eyes,0.232139,0.08638477,-2.289589,0.8472187,-0.1608291,-0.5063145,0.5936932,0.735127,-0.009098358,-2.590185,-0.2708496,-0.6418287,0.7174234,-0.1714034,0.08327837,0.6155536,0.1132601,0.08877438,-2.452623,0.1160285,0.8485089,-0.08188167,0.5097702,14.90697,118.8893,6.740396,0.1271335,0.0376101,-0.991172,0.0,0.0,0.0,0.8057756,-0.05426576,-2.595534,-0.120988,0.1090608,0.6948479,-0.4533439,0.1134208,-0.8840902,0.2803842,0.9596655,-0.02065891,0.8460878,-0.2572504,-0.4668598,moving,-59.13663,17.62227,-9.877404,8.920163,-56.95658876901564,20.186581959545336,50.02197529444959,48.40848928325606,131.38788869939066
3402,3402,05/15/2023 13:24:20.414229,3631,True,True,True,True,Eyes,0.2271383,0.08636968,-2.297261,0.8541001,-0.1603232,-0.4947823,0.5928173,0.7334636,-0.008672692,-2.590577,-0.3817433,-0.6134659,0.6913261,-0.1722067,0.08502439,0.6166689,0.1080397,0.08768138,-2.461248,0.1170669,0.8451926,-0.08032681,0.5152596,14.85792,118.1569,6.839689,0.1245041,0.03760133,-0.9915061,0.0,0.0,0.0,0.8035484,-0.05243291,-2.595715,-0.119707,0.1090681,0.6909926,-0.4416059,0.1151099,-0.8897943,0.2806665,0.9596859,-0.01514352,0.8521799,-0.256423,-0.4561104,moving,-59.91618,17.95377,-9.828324,8.969716,-57.702523007261725,20.48198825880535,50.88719431204329,49.2389210193294,130.57386175044766
3403,3403,05/15/2023 13:24:20.434295,3632,True,True,True,True,Eyes,0.2221441,0.08637675,-2.304973,0.860772,-0.1599753,-0.4831974,0.5923964,0.7320623,-0.008392051,-2.591218,-0.4751201,-0.5947032,0.6485283,-0.1734118,0.08757479,0.6180621,0.1028291,0.08692713,-2.469886,0.1179602,0.8419838,-0.08021916,0.5203015,14.94171,117.471,6.845649,0.1218898,0.03758119,-0.9918317,0.0,0.0,0.0,0.8014948,-0.05074291,-2.595882,-0.1183476,0.1086709,0.6874183,-0.4307435,0.1151649,-0.8950963,0.2821175,0.9593005,-0.01233666,0.8572456,-0.2578363,-0.4457026,moving,-60.69217,18.3185,-9.768418,8.983292,-58.44410331893398,20.809568426205505,51.77233456355592,50.09174737795548,129.75046179619366
3404,3404,05/15/2023 13:24:20.454717,3633,True,True,True,True,Eyes,0.2171464,0.08643882,-2.312775,0.8673556,-0.1596444,-0.4713892,0.5922589,0.7308454,-0.008112006,-2.59196,-0.5562063,-0.5760087,0.5990397,-0.1745285,0.09028251,0.6197196,0.09785347,0.08747692,-2.478613,0.1201536,0.8385549,-0.08026139,0.5253067,15.12004,116.7969,6.972299,0.1192908,0.03755176,-0.9921487,0.0,0.0,0.0,0.7993354,-0.04896586,-2.596058,-0.1159348,0.1050208,0.6839869,-0.4192322,0.1171871,-0.9002843,0.2858345,0.9582424,-0.008372132,0.8617095,-0.2608422,-0.4352221,moving,-61.47687,18.7096,-9.620116,8.729146,-59.19339994899176,21.162318786568022,52.80845005737843,51.10865158686951,128.8096561720124
3405,3405,05/15/2023 13:24:20.464508,3634,True,True,True,True,Eyes,0.2121425,0.08649082,-2.32062,0.8737839,-0.1592955,-0.4594852,0.5924185,0.7297882,-0.00787878,-2.592828,-0.6267633,-0.5605364,0.5412639,-0.174481,0.09040138,0.6221948,0.09314291,0.08873723,-2.487516,0.1216751,0.8346846,-0.0789088,0.5312911,15.13046,115.9889,7.097425,0.1167068,0.03751624,-0.9924573,0.0,0.0,0.0,0.7971516,-0.04716884,-2.596235,-0.1121949,0.1028418,0.6805604,-0.4058499,0.1192737,-0.9061235,0.2869678,0.9579371,-0.002438061,0.8677186,-0.2610178,-0.4230064,moving,-62.26206,19.12054,-9.361388,8.593143,-59.94263010856628,21.534196568754187,53.93799389713333,52.21046753970668,127.76881655042727
3406,3406,05/15/2023 13:24:20.484238,3635,True,True,True,True,Eyes,0.2071687,0.08657125,-2.32845,0.8799323,-0.159171,-0.4476423,0.5929431,0.7289184,-0.007808097,-2.593877,-0.6847563,-0.5558334,0.4713364,-0.174792,0.09100585,0.6252625,0.08781957,0.08855928,-2.496443,0.1214577,0.831036,-0.07834227,0.5371122,15.11062,115.1795,7.003509,0.1141369,0.03747478,-0.9927578,0.0,0.0,0.0,0.794997,-0.04539571,-2.59641,-0.1083559,0.1031632,0.6768027,-0.3935167,0.1177143,-0.9117497,0.2860287,0.958221,0.0002623456,0.8736886,-0.2606834,-0.4107456,moving,-63.03649,19.57418,-9.095849,8.666731,-60.6802750875966,21.947611195179604,55.03240132120787,53.2666386544658,126.75084610875972
3407,3407,05/15/2023 13:24:20.504637,3636,True,True,True,True,Eyes,0.2022457,0.08674968,-2.336343,0.8858588,-0.1590429,-0.4358435,0.593591,0.7280836,-0.00765679,-2.595056,-0.740317,-0.5456696,0.3926521,-0.1772907,0.09528348,0.6271746,0.08279242,0.08946311,-2.50547,0.1238913,0.8280113,-0.0800845,0.5409575,15.4657,114.6455,7.063828,0.1115826,0.03742922,-0.9930498,0.0,0.0,0.0,0.792898,-0.04366838,-2.596581,-0.1047321,0.1037903,0.6730903,-0.3840322,0.1185221,-0.9156812,0.2918113,0.9564749,0.00141809,0.8759943,-0.2666615,-0.4019033,moving,-63.80276,20.04745,-8.844237,8.765951,-61.40948202145535,22.380221859527676,56.104469251821016,54.299662569874414,125.75706569574648
3408,3408,05/15/2023 13:24:20.514068,3637,True,True,True,True,Eyes,0.1973384,0.08696543,-2.344306,0.8917152,-0.1585903,-0.4239021,0.5943002,0.7272849,-0.007284805,-2.596231,-0.7936054,-0.5209125,0.314389,-0.1801642,0.09396393,0.6288741,0.07896559,0.09191135,-2.51491,0.1269642,0.8252754,-0.0763488,0.544951,15.33107,114.139,7.527973,0.1090458,0.03738408,-0.9933332,0.0,0.0,0.0,0.7905779,-0.04175915,-2.59677,-0.1011576,0.107263,0.6691465,-0.3738174,0.1263481,-0.9188564,0.2927735,0.9561019,0.01236091,0.8800822,-0.2643961,-0.3943989,moving,-64.5746,20.51183,-8.596546,9.106936,-62.144325780258654,22.80408027711579,57.12805034987762,55.27184166230761,124.78125630289807
3409,3409,05/15/2023 13:24:20.534216,3638,True,True,True,True,Eyes,0.1924193,0.08719575,-2.352305,0.897267,-0.158605,-0.4120151,0.5955604,0.726796,-0.007263094,-2.597685,-0.8263186,-0.5195367,0.2174374,-0.1813322,0.08991402,0.6323809,0.07457321,0.09289254,-2.523891,0.1256295,0.8223183,-0.07303946,0.5501592,14.97252,113.4204,7.509174,0.1065267,0.0373408,-0.9936081,0.0,0.0,0.0,0.7885817,-0.04011643,-2.596932,-0.09915593,0.1156209,0.6649323,-0.3630841,0.1262482,-0.9231638,0.2869815,0.9577649,0.01810911,0.8864602,-0.2583558,-0.3839802,moving,-65.33593,21.05418,-8.481552,9.864181,-62.86686468902485,23.303498248399684,57.94511519866783,56.021223517396876,123.98110298533587
3410,3410,05/15/2023 13:24:20.554426,3639,True,True,True,True,Eyes,0.1875284,0.08749501,-2.360355,0.9026058,-0.1587873,-0.4001118,0.5971459,0.7265159,-0.007324181,-2.599281,-0.844775,-0.5234723,0.1110502,-0.1835197,0.09804458,0.635029,0.06929284,0.09366487,-2.53285,0.1283516,0.8190417,-0.07855938,0.553647,15.71246,112.9015,7.356751,0.1040243,0.03729974,-0.9938747,0.0,0.0,0.0,0.7863466,-0.03827708,-2.597113,-0.09769168,0.1162909,0.6608843,-0.3540018,0.1232623,-0.9270864,0.2972389,0.9547086,0.01343611,0.8867535,-0.2708097,-0.3746069,moving,-66.093,21.64602,-8.408551,9.97975,-63.58392834059227,23.85080063188928,58.85233650541414,56.89225175987658,123.17589331009918
3411,3411,05/15/2023 13:24:20.575025,3640,True,True,True,True,Eyes,0.1826758,0.08784905,-2.368418,0.9077258,-0.1588283,-0.3883393,0.5989814,0.7263868,-0.007286146,-2.601026,-0.8535234,-0.5210278,-0.00526101,-0.1861656,0.1010847,0.637539,0.06515369,0.09563851,-2.541788,0.1304353,0.8163159,-0.0803779,0.5569151,16.05204,112.4359,7.37905,0.1015393,0.03726351,-0.9941331,0.0,0.0,0.0,0.7842412,-0.03654452,-2.597285,-0.09792444,0.1104296,0.6582339,-0.3456646,0.1234255,-0.9302055,0.3024802,0.9530521,0.01405527,0.888269,-0.2765103,-0.3667701,moving,-66.83801,22.24425,-8.461744,9.523628,-64.28913794333657,24.404646622275397,59.74615181055295,57.7766616354822,122.45926067348547
3412,3412,05/15/2023 13:24:20.589000,3641,True,True,True,True,Eyes,0.1778694,0.08820723,-2.376454,0.9127053,-0.1586809,-0.3765493,0.6010448,0.7264462,-0.007167071,-2.602777,-0.8496016,-0.5131148,-0.1220262,-0.1893034,0.0986864,0.6408998,0.06112325,0.09725621,-2.550162,0.1289629,0.8144487,-0.0796051,0.5600938,15.91024,111.9781,7.221779,0.09907306,0.03723387,-0.9943829,0.0,0.0,0.0,0.7820933,-0.0347769,-2.597459,-0.09856665,0.1141523,0.654909,-0.3393272,0.1208947,-0.9328675,0.2992399,0.9540632,0.01479411,0.8918031,-0.2741311,-0.3599161,moving,-67.58072,22.85095,-8.559025,9.887465,-64.99188908465116,24.966737082241885,60.4285729106542,58.412777671730275,121.85425479842246
3413,3413,05/15/2023 13:24:20.604356,3642,True,True,True,True,Eyes,0.1731162,0.0885488,-2.38449,0.9174789,-0.1585134,-0.3648368,0.6035263,0.7268388,-0.007118195,-2.604679,-0.8234717,-0.5098854,-0.2488199,-0.1910054,0.09913199,0.6444996,0.05711316,0.09775051,-2.558199,0.128624,0.8120441,-0.07952033,0.5636637,15.91133,111.4654,7.123139,0.09662706,0.03721032,-0.9946244,0.0,0.0,0.0,0.7800019,-0.03305592,-2.597629,-0.09828842,0.1116901,0.6517642,-0.3314783,0.1192513,-0.9358959,0.2985422,0.9542647,0.01585334,0.8949829,-0.2741494,-0.3519196,moving,-68.31469,23.48386,-8.575793,9.724089,-65.68546103383827,25.554390534020342,61.30307588326257,59.26307981866294,121.13520566798019
3414,3414,05/15/2023 13:24:20.614398,3643,True,True,True,True,Eyes,0.1684105,0.08886464,-2.392505,0.9221482,-0.1583789,-0.3529287,0.6063825,0.727585,-0.007173561,-2.606515,-0.7736263,-0.5135146,-0.3712211,-0.1925235,0.1000306,0.6479889,0.05353208,0.09767437,-2.566263,0.1292844,0.8095334,-0.07820117,0.5672973,15.86062,110.9612,7.2019,0.09420273,0.03719152,-0.9948577,0.0,0.0,0.0,0.7777563,-0.03120789,-2.597812,-0.09713775,0.1067869,0.6497032,-0.3229193,0.1205934,-0.9387124,0.2980466,0.9543403,0.02007242,0.8982716,-0.2732982,-0.3441173,moving,-69.05693,24.16845,-8.503361,9.333828,-66.38563298694274,26.191648536753963,62.344211668130384,60.28717544901088,120.30000418404994
3415,3415,05/15/2023 13:24:20.634255,3644,True,True,True,True,Eyes,0.1637571,0.08917578,-2.400525,0.9266074,-0.1584311,-0.3410254,0.6100779,0.7290598,-0.007479571,-2.608577,-0.6753557,-0.5339462,-0.5087202,-0.192642,0.1030898,0.6526073,0.0497551,0.09736192,-2.574111,0.1318515,0.806325,-0.07669157,0.5714664,15.92471,110.3933,7.467546,0.09180156,0.03717592,-0.9950827,0.0,0.0,0.0,0.7757059,-0.02952056,-2.597978,-0.09579077,0.1076423,0.6472949,-0.3120829,0.124977,-0.9417989,0.3002836,0.9534672,0.02702073,0.9013513,-0.274374,-0.3350893,moving,-69.79454,24.9183,-8.417894,9.441638,-67.07954131064147,26.89201836749762,63.29786521575242,61.20216205468918,119.5012929022386
3416,3416,05/15/2023 13:24:20.654194,3645,True,True,True,True,Eyes,0.159179,0.08948436,-2.408532,0.9309694,-0.1584057,-0.3289434,0.6150222,0.7317458,-0.007938631,-2.610839,-0.4962859,-0.5645515,-0.6595315,-0.192706,0.1073822,0.6581788,0.0462369,0.09755559,-2.5823,0.1351063,0.8028004,-0.07607917,0.575734,16.12438,109.8046,7.736637,0.08942507,0.03716297,-0.9952996,0.0,0.0,0.0,0.7735655,-0.02775916,-2.598152,-0.09509856,0.1055467,0.6445515,-0.3005532,0.129324,-0.9449566,0.3045295,0.9519165,0.0334178,0.9038415,-0.2777234,-0.3254845,moving,-70.53994,25.71356,-8.392995,9.29977,-67.77975574915239,27.6359581395567,64.2779532576849,62.153062255743166,118.73121795083934
3417,3417,05/15/2023 13:24:20.664283,3646,True,True,True,True,Eyes,0.1546782,0.08978971,-2.41654,0.935167,-0.1582799,-0.316876,0.0,0.0,0.0,0.0,0.0,0.0,0.0,-2.455747,0.001263723,-0.8319468,0.04315407,0.09780692,-2.590637,0.1373954,0.7996049,-0.07370507,0.5799329,16.09496,109.2325,8.031198,0.08707482,0.03715228,-0.9955083,0.0,0.0,0.0,0.7713581,-0.02594268,-2.598332,-0.0948939,0.1019215,0.6425227,-0.2896008,0.1342361,-0.9476878,0.3052121,0.9513801,0.04149034,0.9071808,-0.2772301,-0.3164909,moving,-71.28134,26.54217,-8.401258,9.013561,-68.47518686015611,28.412201359731743,65.27753706905312,63.128315172363905,117.98263404358568
3418,3418,05/15/2023 13:24:20.684105,3647,True,True,True,True,Eyes,0.1502749,0.09007824,-2.424484,0.9392499,-0.1579796,-0.3047164,0.0,0.0,0.0,0.0,0.0,0.0,0.0,-2.472483,0.01626559,-0.8070066,0.0403936,0.0979996,-2.598741,0.1374234,0.7965388,-0.07141143,0.5844154,15.92558,108.6001,8.097893,0.08475271,0.03714345,-0.995709,0.0,0.0,0.0,0.7692631,-0.02421864,-2.598502,-0.09599259,0.1002588,0.6400581,-0.2791473,0.1354583,-0.9506462,0.302394,0.9520304,0.04686075,0.9113918,-0.2743886,-0.3067185,moving,-72.02563,27.40439,-8.529354,8.902482,-69.17250034040421,29.22078284280181,66.1369614172638,63.95642694211647,117.36402036690377
3419,3419,05/15/2023 13:24:20.703971,3648,True,True,True,True,Eyes,0.1459696,0.0903516,-2.432417,0.9431825,-0.1575987,-0.2925225,0.0,0.0,0.0,0.0,0.0,0.0,0.0,-2.489947,0.01830874,-0.777458,0.03783907,0.09800038,-2.606448,0.1360628,0.7931744,-0.07133387,0.5892987,15.87405,107.8776,7.873899,0.08246142,0.03713568,-0.9959017,0.0,0.0,0.0,0.7671251,-0.02245926,-2.598676,-0.09760159,0.09810115,0.6375343,-0.2684281,0.1317691,-0.954245,0.2999169,0.9527968,0.04720284,0.9154214,-0.2735236,-0.2952772,moving,-72.76903,28.31389,-8.703964,8.747827,-69.86766258641916,30.075010729042923,66.98629339577109,64.77535635241759,116.78684401199588
3420,3420,05/15/2023 13:24:20.713887,3649,True,True,True,True,Eyes,0.1417638,0.09060758,-2.440308,0.947031,-0.157114,-0.2800848,0.0,0.0,0.0,0.0,0.0,0.0,0.0,-2.507562,0.0157813,-0.746213,0.03578158,0.09793819,-2.614207,0.1340739,0.7896627,-0.07189615,0.5943806,15.83864,107.113,7.542548,0.08020303,0.03712823,-0.9960865,0.0,0.0,0.0,0.7649592,-0.02067688,-2.598852,-0.09940732,0.09784968,0.6350746,-0.257472,0.1262789,-0.9579989,0.2972136,0.9537103,0.04583444,0.9194413,-0.2729292,-0.2830855,moving,-73.5244,29.29031,-8.896239,8.75902,-70.5725926065872,30.993431585022087,67.81100989740547,65.56173924429511,116.23118957061621
3421,3421,05/15/2023 13:24:20.733874,3650,True,True,True,True,Eyes,0.1376598,0.09088045,-2.448184,0.9506897,-0.1567399,-0.2676225,0.0,0.0,0.0,0.0,0.0,0.0,0.0,-2.524847,0.01149647,-0.7131,0.03373778,0.09785348,-2.621599,0.1325602,0.7858812,-0.07325573,0.5995433,15.9079,106.3276,7.198783,0.0779799,0.0371204,-0.9962633,0.0,0.0,0.0,0.762843,-0.01893532,-2.599024,-0.1013611,0.09893301,0.6322164,-0.2459515,0.1205132,-0.9617611,0.2961931,0.9541228,0.04381051,0.922918,-0.2740917,-0.270363,moving,-74.27791,30.35645,-9.108517,8.893858,-71.273274663745,31.998477842207212,68.61262740448666,66.31953372457514,115.71004329239386
3422,3422,05/15/2023 13:24:20.754531,3651,True,True,True,True,Eyes,0.1336751,0.0911682,-2.456019,0.9542066,-0.1563288,-0.2550507,0.0,0.0,0.0,0.0,0.0,0.0,0.0,-2.541525,0.01084046,-0.6812713,0.03198485,0.09858164,-2.629231,0.1327794,0.7819849,-0.07480701,0.6043783,16.11069,105.594,7.009388,0.07579374,0.03711292,-0.9964322,0.0,0.0,0.0,0.7606966,-0.0171691,-2.599198,-0.1033413,0.09826181,0.6297374,-0.2341929,0.1172395,-0.965095,0.2980864,0.9535471,0.04350205,0.9253637,-0.2774938,-0.2582615,moving,-75.0352,31.50547,-9.319302,8.868699,-71.97535747397211,33.08337301816903,69.50541454629881,67.17240300423724,115.16739399796225
3423,3423,05/15/2023 13:24:20.774374,3652,True,True,True,True,Eyes,0.129791,0.09146518,-2.463845,0.9575346,-0.1559177,-0.2425223,0.0,0.0,0.0,0.0,0.0,0.0,0.0,-2.557064,0.01877141,-0.6517642,0.0305917,0.09926634,-2.636842,0.1329319,0.7783015,-0.07418942,0.6091566,16.10724,104.8882,6.967014,0.07364661,0.0371064,-0.9965935,0.0,0.0,0.0,0.7585813,-0.01542827,-2.59937,-0.1056043,0.0990497,0.6269892,-0.2225147,0.1165362,-0.9679393,0.2973081,0.9536501,0.04646919,0.9284908,-0.2774362,-0.2468484,moving,-75.78714,32.737,-9.560637,8.977211,-72.6700089580841,34.24804640295882,70.35962814664052,67.98093814377121,114.6734656031013
3424,3424,05/15/2023 13:24:20.784509,3653,True,True,True,True,Eyes,0.1260333,0.09177561,-2.471617,0.9606719,-0.1555985,-0.2299968,0.0,0.0,0.0,0.0,0.0,0.0,0.0,-2.571699,0.02120952,-0.6246662,0.02904599,0.09980136,-2.644521,0.1325395,0.7750291,-0.07439616,0.6133747,16.13557,104.251,6.826359,0.07154039,0.03710112,-0.9967471,0.0,0.0,0.0,0.7562544,-0.01351342,-2.59956,-0.1070229,0.09657809,0.62468,-0.2124097,0.1141784,-0.9704873,0.2967093,0.953797,0.04727435,0.9310457,-0.2779111,-0.2364735,moving,-76.5361,34.07932,-9.72178,8.78858,-73.35875322411783,35.519709870810345,71.44070889072981,69.02331247699735,114.07415252898787
3425,3425,05/15/2023 13:24:20.804194,3654,True,True,True,True,Eyes,0.1224062,0.0920881,-2.479375,0.9636295,-0.1551997,-0.2175572,0.0,0.0,0.0,0.0,0.0,0.0,0.0,-2.58511,0.02936236,-0.6006637,0.02802706,0.1005064,-2.652086,0.1337844,0.7718294,-0.07435592,0.6171325,16.25456,103.6918,6.864402,0.06947652,0.03709753,-0.9968932,0.0,0.0,0.0,0.7542422,-0.01185755,-2.599723,-0.1085352,0.09859582,0.6226177,-0.2024986,0.1147425,-0.9725372,0.2982923,0.9531459,0.05034523,0.9327466,-0.2799055,-0.2272376,moving,-77.27772,35.50308,-9.888482,8.998462,-74.03816807865954,36.87018154924974,72.41411584454076,69.94294084911354,113.52777827824208
3426,3426,05/15/2023 13:24:20.814613,3655,True,True,True,True,Eyes,0.1188926,0.09239633,-2.487077,0.9663914,-0.1549272,-0.2051468,0.0,0.0,0.0,0.0,0.0,0.0,0.0,-2.597925,0.03504919,-0.5776889,0.02747091,0.1008567,-2.659556,0.1330805,0.7689853,-0.07338578,0.6209394,16.14893,103.1239,6.788328,0.06745797,0.03709556,-0.9970319,0.0,0.0,0.0,0.752029,-0.01003627,-2.599903,-0.1092901,0.09665029,0.6201808,-0.1934477,0.1135377,-0.974519,0.2958102,0.9538082,0.05240471,0.9354541,-0.2781351,-0.2180976,moving,-78.01509,37.06016,-9.994217,8.857844,-74.70983137576481,38.34942138909627,73.63565570731332,71.11866056760174,112.89061986793227
3427,3427,05/15/2023 13:24:20.834243,3656,True,True,True,True,Eyes,0.1155204,0.09270289,-2.494759,0.9689839,-0.1546918,-0.1927191,0.0,0.0,0.0,0.0,0.0,0.0,0.0,-2.610916,0.04014657,-0.5503139,0.02651612,0.1011229,-2.666536,0.1341542,0.7654188,-0.074165,0.625009,16.33361,102.5014,6.742004,0.06548523,0.03709492,-0.9971635,0.0,0.0,0.0,0.7499686,-0.00834068,-2.60007,-0.1096932,0.09339108,0.6185946,-0.1827327,0.1126606,-0.9766865,0.2980758,0.9530044,0.05416053,0.9368883,-0.2812297,-0.2077265,moving,-78.75135,38.75331,-10.05553,8.585279,-75.37670913364703,39.9599842900432,75.02816657688871,72.46536121104391,112.19685481032808
3428,3428,05/15/2023 13:24:20.854553,3657,True,True,True,True,Eyes,0.1122853,0.0929947,-2.502381,0.9714352,-0.1544086,-0.1801991,0.0,0.0,0.0,0.0,0.0,0.0,0.0,-2.624162,0.05209534,-0.520916,0.02647099,0.1013905,-2.673819,0.1350748,0.7614831,-0.07324731,0.6297089,16.35983,101.7992,6.791304,0.06356036,0.03709542,-0.997288,0.0,0.0,0.0,0.7478729,-0.006616129,-2.600241,-0.1100594,0.09505651,0.6164394,-0.1704432,0.1134654,-0.9788131,0.2979634,0.9527792,0.05856246,0.9392376,-0.2816688,-0.1962032,moving,-79.49121,40.59255,-10.12296,8.766108,-76.04308962713361,41.71139044070983,76.32087865349732,73.69433577389948,111.55322243740999
3429,3429,05/15/2023 13:24:20.864542,3658,True,True,True,True,Eyes,0.1091887,0.09327239,-2.509984,0.9737231,-0.1541951,-0.1675927,0.0,0.0,0.0,0.0,0.0,0.0,0.0,-2.637605,0.06283976,-0.4870503,0.02630899,0.1013719,-2.680887,0.1350503,0.7571541,-0.07207301,0.6350471,16.30003,100.994,6.759333,0.06168493,0.03709643,-0.9974057,0.0,0.0,0.0,0.7457619,-0.004878863,-2.600412,-0.1105676,0.09554029,0.6143097,-0.1569535,0.1129683,-0.9811239,0.2960472,0.9531338,0.06238585,0.9421899,-0.2806673,-0.1830416,moving,-80.2342,42.61588,-10.20324,8.840084,-76.70748144018206,43.64031919033029,77.75049680841414,75.05911336297767,110.90830880546982
3430,3430,05/15/2023 13:24:20.884120,3659,True,True,True,True,Eyes,0.1062532,0.09353574,-2.517535,0.975854,-0.1539469,-0.1549491,0.0,0.0,0.0,0.0,0.0,0.0,0.0,-2.6509,0.07515834,-0.4520228,0.02647675,0.1013217,-2.688174,0.1361439,0.7524657,-0.07149363,0.6404288,16.37805,100.1745,6.782842,0.05986065,0.03709733,-0.9975168,0.0,0.0,0.0,0.7436144,-0.003111628,-2.600587,-0.110621,0.09516066,0.6124573,-0.1426318,0.1133141,-0.9832681,0.2964604,0.952707,0.06678793,0.9443344,-0.2819739,-0.1694794,moving,-80.97773,44.81411,-10.23828,8.831724,-77.36762682960978,45.73798470617377,79.36499158039075,76.60562175899433,110.20964978741456
3431,3431,05/15/2023 13:24:20.904119,3660,True,True,True,True,Eyes,0.1034548,0.09376913,-2.525073,0.977824,-0.1537454,-0.1422062,0.0,0.0,0.0,0.0,0.0,0.0,0.0,-2.663782,0.08742984,-0.4154615,0.02720557,0.1012781,-2.695365,0.1361499,0.7476805,-0.07003812,0.6461671,16.301,99.3011,6.766121,0.05808937,0.03709763,-0.9976215,0.0,0.0,0.0,0.7414781,-0.001353668,-2.600761,-0.1105412,0.09511892,0.6106232,-0.1278627,0.1130806,-0.9853243,0.2941059,0.9531158,0.07121891,0.9471815,-0.2806835,-0.1551256,moving,-81.72541,47.23284,-10.26114,8.854006,-78.02577850719192,48.04827132403769,81.11767246311038,78.28305478391516,109.49862211399169
3432,3432,05/15/2023 13:24:20.914294,3661,True,True,True,True,Eyes,0.1008161,0.09397302,-2.532569,0.9796036,-0.1535631,-0.129596,0.0,0.0,0.0,0.0,0.0,0.0,0.0,-2.676298,0.09856066,-0.3786592,0.02765023,0.1008026,-2.702728,0.1368333,0.7427826,-0.0695594,0.6516996,16.3607,98.44411,6.73996,0.05637242,0.03709622,-0.9977201,0.0,0.0,0.0,0.7391899,0.0005294085,-2.600947,-0.1109387,0.09498352,0.6085264,-0.113129,0.112611,-0.9871782,0.2939384,0.9528763,0.07501329,0.949106,-0.2816833,-0.1408986,moving,-82.46386,49.8381,-10.33196,8.871584,-78.66990462698752,50.53882236490841,82.95339915150106,80.03894944837363,108.84338920445626
3433,3433,05/15/2023 13:24:20.934175,3662,True,True,True,True,Eyes,0.09832621,0.09414522,-2.540053,0.9812187,-0.1534219,-0.116925,0.0,0.0,0.0,0.0,0.0,0.0,0.0,-2.688108,0.1094839,-0.342468,0.02870438,0.1003646,-2.710037,0.1375555,0.7378786,-0.06911466,0.657143,16.42641,97.59484,6.715239,0.05471124,0.03709216,-0.9978127,0.0,0.0,0.0,0.7391899,0.0005294085,-2.600947,-0.1130386,0.09370939,0.6086336,-0.09848319,0.112162,-0.9887975,0.2938349,0.9526033,0.07879075,0.9507691,-0.2827837,-0.1267725,static,-83.20451,52.68847,-10.52139,8.752916,-79.30947741303672,53.26580081382164,84.93037641634068,81.93410696646504,108.2873042443413
3434,3434,05/15/2023 13:24:20.954541,3663,True,True,True,True,Eyes,0.09599543,0.09428284,-2.547481,0.9826385,-0.153301,-0.1045008,0.0,0.0,0.0,0.0,0.0,0.0,0.0,-2.699265,0.1183437,-0.3080442,0.02975191,0.09978856,-2.717368,0.1380387,0.7332305,-0.06893435,0.6622437,16.4943,96.78986,6.655244,0.05310634,0.03708449,-0.9978997,0.0,0.0,0.0,0.7391899,0.0005294085,-2.600947,-0.1147833,0.09292278,0.6088941,-0.08475755,0.1111256,-0.9901855,0.2937309,0.9523867,0.08174089,0.952123,-0.28392,-0.113363,static,-83.92958,55.71889,-10.67561,8.67691,-79.92905153559232,56.16699052029672,87.05798069724165,83.97229848198732,107.71673990815322
3435,3435,05/15/2023 13:24:20.964613,3664,True,True,True,True,Eyes,0.0938213,0.09439363,-2.554891,0.9839031,-0.1531893,-0.09202068,0.0,0.0,0.0,0.0,0.0,0.0,0.0,-2.709654,0.1276959,-0.2747011,0.03110658,0.09917678,-2.724553,0.1388244,0.7286268,-0.06886454,0.6671495,16.59391,96.00982,6.616017,0.05155905,0.03707231,-0.9979813,0.0,0.0,0.0,0.7391899,0.0005294085,-2.600947,-0.1162265,0.0927626,0.6092199,-0.07127863,0.1104165,-0.9913263,0.2941883,0.9519709,0.08488019,0.953086,-0.2855864,-0.1003385,static,-84.65689,59.00681,-10.80105,8.657618,-80.54377319680482,59.31656097362009,89.38526856903471,86.19962843371559,107.12218954323747
3436,3436,05/15/2023 13:24:20.984355,3665,True,True,True,True,Eyes,0.09180269,0.09446503,-2.562281,0.9850045,-0.1530471,-0.07964065,0.0,0.0,0.0,0.0,0.0,0.0,0.0,-2.719558,0.1365836,-0.2410066,0.03267661,0.0986471,-2.731655,0.1390525,0.7240399,-0.06839035,0.6721261,16.61602,95.21746,6.557123,0.05007124,0.03705507,-0.9980576,0.0,0.0,0.0,0.7391899,0.0005294085,-2.600947,-0.1176283,0.09181274,0.6097159,-0.05782199,0.1094253,-0.9923117,0.2932931,0.9519743,0.08788699,0.9542723,-0.2859564,-0.08713879,static,-85.37752,62.50903,-10.91953,8.563421,-81.1461816409517,62.67311000227885,91.94629413533197,88.65461660073277,106.51857095969328
3437,3437,05/15/2023 13:24:21.004511,3666,True,True,True,True,Eyes,0.08994152,0.0944965,-2.569649,0.9859421,-0.1529683,-0.0672225,0.6527658,0.7335307,-0.005355969,-2.61353,-0.3772722,-0.392358,-0.8388807,-0.1664446,0.1177575,0.6881655,0.03436175,0.09778219,-2.7387,0.1393746,0.7193831,-0.06796519,0.6770846,16.6499,94.42231,6.50205,0.04864295,0.0370318,-0.9981292,0.0,0.0,0.0,0.7391899,0.0005294085,-2.600947,-0.1222999,0.08959056,0.6098589,-0.04426255,0.1084911,-0.9931116,0.2925638,0.9519109,0.09095075,0.9552212,-0.2865228,-0.07387453,static,-86.09956,66.27673,-11.33957,8.357189,-81.74271618125393,66.28576537235297,94.57129233784839,91.17194169670042,106.19599382976783
3438,3438,05/15/2023 13:24:21.013962,3667,True,True,True,True,Eyes,0.08824396,0.09448938,-2.577008,0.9867238,-0.1527843,-0.05507311,0.6527194,0.7322978,-0.005235896,-2.612956,-0.4595199,-0.3843939,-0.8006765,-0.1644941,0.1191815,0.686464,0.0362695,0.09686783,-2.745676,0.1403915,0.7147805,-0.06746864,0.6817823,16.73129,93.66652,6.517438,0.0472751,0.03700162,-0.998196,0.0,0.0,0.0,0.7391899,0.0005294085,-2.600947,-0.1263115,0.08793582,0.6107882,-0.03092634,0.1087004,-0.9935934,0.2926961,0.9514764,0.09498237,0.9557053,-0.2878835,-0.06124184,static,-86.8054,70.17764,-11.68411,8.192638,-82.319928897867,70.0274574831933,97.39275478291033,93.8773871168737,105.8192623315088
3439,3439,05/15/2023 13:24:21.034203,3668,True,True,True,True,Eyes,0.08670782,0.0944464,-2.584345,0.9873607,-0.1525879,-0.04284642,0.6527675,0.7312248,-0.005158022,-2.612314,-0.5310091,-0.379168,-0.7578,-0.162503,0.1192094,0.6849682,0.03848146,0.09591477,-2.752636,0.1409302,0.7101352,-0.06591457,0.6866602,16.68793,92.89067,6.572351,0.04596831,0.03696378,-0.9982585,0.0,0.0,0.0,0.7391899,0.0005294085,-2.600947,-0.128657,0.08759807,0.6111256,-0.01727309,0.1096372,-0.9938216,0.2906808,0.9515879,0.09992582,0.9566641,-0.2871588,-0.04830638,static,-87.51521,74.31535,-11.88856,8.157151,-82.89452908778632,73.99750352891152,100.48033382282377,96.83387665082408,105.31641113442856
3440,3440,05/15/2023 13:24:21.054882,3669,True,True,True,True,Eyes,0.08534371,0.09435258,-2.591648,0.987862,-0.1522452,-0.03082397,0.6530327,0.7304499,-0.005068511,-2.611777,-0.5826319,-0.3731722,-0.721999,-0.1601409,0.1191852,0.6838242,0.0408046,0.09500286,-2.759563,0.1414029,0.7053087,-0.06432618,0.6916698,16.63943,92.08809,6.621445,0.04472277,0.03691773,-0.9983168,0.0,0.0,0.0,0.7391899,0.0005294085,-2.600947,-0.1320623,0.08794176,0.6115524,-0.003196599,0.1104805,-0.9938733,0.2884504,0.9517347,0.1048686,0.9574896,-0.2863479,-0.03491042,static,-88.2128,78.55446,-12.18568,8.183085,-83.45452941732717,78.06576937604152,103.59658968752314,99.81401942047565,104.92272510999712
3441,3441,05/15/2023 13:24:21.064741,3670,True,True,True,True,Eyes,0.08413754,0.09418912,-2.598932,0.9882222,-0.1518763,-0.01871679,0.6532673,0.7297108,-0.005026661,-2.611159,-0.6319278,-0.3704004,-0.680787,-0.1579761,0.1183786,0.6824656,0.04353052,0.09368601,-2.766533,0.1412822,0.7005216,-0.0622528,0.6967307,16.50447,91.27785,6.659806,0.04354027,0.03686247,-0.9983711,0.0,0.0,0.0,0.7391899,0.0005294085,-2.600947,-0.1354033,0.08830453,0.6122395,0.01078814,0.1111956,-0.9937401,0.2846893,0.9523278,0.1096524,0.9585592,-0.2840901,-0.02138236,static,-88.91496,82.97446,-12.47084,8.207287,-84.01402293092288,82.3084251220984,106.929105677483,103.00196937378334,104.51244768644193
3442,3442,05/15/2023 13:24:21.084667,3671,True,True,True,True,Eyes,0.08309862,0.0939658,-2.60616,0.9884345,-0.1514889,-0.006948184,0.6537271,0.7292651,-0.005066581,-2.610703,-0.6616641,-0.3730712,-0.6503987,-0.1555108,0.1188285,0.6813821,0.04610801,0.09183884,-2.773463,0.1415332,0.6956134,-0.06048356,0.7017353,16.42643,90.46706,6.706564,0.04242031,0.03679632,-0.9984217,0.0,0.0,0.0,0.7391899,0.0005294085,-2.600947,-0.1389709,0.08961408,0.6128743,0.02492757,0.1120178,-0.9933937,0.2817916,0.9526202,0.1144913,0.959152,-0.282784,-0.00781914,static,-89.59724,87.37391,-12.77593,8.3188,-84.55482356278526,86.53187640536433,110.23259085782298,106.15787715421317,104.15148243632883
3443,3443,05/15/2023 13:24:21.104060,3672,True,True,True,True,Eyes,0.08222489,0.09370295,-2.613373,0.9885003,-0.15114,0.004880476,0.6541246,0.7288272,-0.005161472,-2.610181,-0.6907797,-0.3793578,-0.6155575,-0.1535212,0.1205885,0.6797312,0.04907294,0.09024131,-2.780408,0.1429133,0.6907487,-0.05909577,0.7063639,16.47149,89.70817,6.82427,0.04136398,0.03671828,-0.998469,0.0,0.0,0.0,0.7391899,0.0005294085,-2.600947,-0.1425741,0.08915294,0.6137512,0.0387479,0.1139482,-0.9927309,0.2809206,0.952167,0.120257,0.9589486,-0.2835383,0.004884088,static,89.71712,-88.1505,-13.07784,8.264926,84.32006868781988,-77.20156505990471,140.93522686739138,129.5796037609842,103.76461474552065
3444,3444,05/15/2023 13:24:21.114160,3673,True,True,True,True,Eyes,0.0815191,0.09341536,-2.620573,0.9884469,-0.1506661,0.01650338,0.6545417,0.7284988,-0.005201906,-2.60977,-0.7127295,-0.3820874,-0.5882398,-0.1516473,0.1214689,0.6782908,0.05217402,0.08902921,-2.787352,0.1442866,0.6859446,-0.05690524,0.7109313,16.45268,88.96504,7.009297,0.04037074,0.03662809,-0.998513,0.0,0.0,0.0,0.7391899,0.0005294085,-2.600947,-0.1466085,0.08843285,0.6146657,0.0524838,0.1170337,-0.9917402,0.2788566,0.9518864,0.127088,0.9588975,-0.2832233,0.01732298,static,89.04346,-83.74897,-13.41539,8.187047,83.78767302310683,-72.97583657596952,137.65917029078298,126.63273325424379,103.42067947840339
3445,3445,05/15/2023 13:24:21.139737,3674,True,True,True,True,Eyes,0.08097851,0.09309019,-2.627752,0.9882582,-0.1501663,0.02821007,0.6548436,0.7281331,-0.005245276,-2.609279,-0.7370747,-0.3849579,-0.5554533,-0.1502665,0.121718,0.6767749,0.0554895,0.08813623,-2.794346,0.1457641,0.6812548,-0.05407038,0.7153469,16.39246,88.25046,7.260699,0.03944178,0.03652621,-0.9985538,0.0,0.0,0.0,0.7391899,0.0005294085,-2.600947,-0.1507514,0.08966439,0.6155863,0.06593656,0.1212468,-0.9904301,0.2759632,0.9516584,0.1348724,0.958904,-0.2822152,0.02928945,static,88.36492,-79.36049,-13.7604,8.287246,83.25019534033403,-68.76285251270744,134.57974071541412,123.88613033388347,103.10031663856991
3446,3446,05/15/2023 13:24:21.155386,3675,True,True,True,True,Eyes,0.08060214,0.09273175,-2.634916,0.9879421,-0.1496221,0.0397953,0.6551388,0.7278414,-0.005291477,-2.608844,-0.7565014,-0.3880234,-0.5264443,-0.148217,0.1213101,0.6754653,0.05892451,0.08688897,-2.801174,0.1468831,0.6763212,-0.05043094,0.72005,16.24477,87.49091,7.54453,0.03857658,0.03641247,-0.9985917,0.0,0.0,0.0,0.7391899,0.0005294085,-2.600947,-0.1536671,0.09080014,0.6164524,0.08009287,0.1260547,-0.9887848,0.2713059,0.9517641,0.1433114,0.9591551,-0.2797414,0.04203017,static,87.69332,-75.10574,-13.99722,8.379111,82.71579214524897,-64.67868132012096,131.57008121903627,121.20580735631853,102.67957161354374
3447,3447,05/15/2023 13:24:21.164045,3676,True,True,True,True,Eyes,0.08039322,0.09234526,-2.642063,0.9874795,-0.1491063,0.05149367,0.6553453,0.7275333,-0.005370893,-2.608317,-0.7770949,-0.3933473,-0.4913263,-0.1459452,0.1217317,0.6740693,0.06248063,0.08571488,-2.808057,0.1481915,0.671078,-0.0477181,0.7248563,16.19338,86.6936,7.763112,0.03777519,0.03628692,-0.9986269,0.0,0.0,0.0,0.7391899,0.0005294085,-2.600947,-0.1574333,0.09221668,0.6177906,0.09475472,0.1297186,-0.9870129,0.2680736,0.9515246,0.15079,0.9587273,-0.2788802,0.0553873,static,87.01492,-70.94772,-14.29656,8.489772,82.17216556718631,-60.68805408730339,128.74133413570198,118.7088313257371,102.31568135347442
3448,3448,05/15/2023 13:24:21.184400,3677,True,True,True,True,Eyes,0.08035208,0.09193519,-2.649198,0.9868976,-0.1485093,0.06307065,0.6555157,0.727279,-0.005415007,-2.607854,-0.794195,-0.3963661,-0.4605957,-0.143485,0.1219673,0.6726204,0.06630751,0.08464782,-2.814947,0.1497073,0.6656764,-0.04448817,0.7297148,16.12397,85.88561,8.0414,0.0370384,0.03614997,-0.9986594,0.0,0.0,0.0,0.7391899,0.0005294085,-2.600947,-0.1604071,0.09300202,0.6195156,0.1097917,0.1343858,-0.9848281,0.2642405,0.9512171,0.1592577,0.9581872,-0.2777166,0.0689256,static,86.34332,-66.98948,-14.51643,8.537519,81.62967675351464,-56.88997299911583,126.00403464972264,116.29630498495041,101.87267219313425
3449,3449,05/15/2023 13:24:21.204409,3678,True,True,True,True,Eyes,0.08047049,0.09151477,-2.656319,0.9861693,-0.1479051,0.07479367,0.6555752,0.7269787,-0.00544817,-2.607286,-0.8140159,-0.3984757,-0.4226053,-0.141327,0.1217144,0.6711712,0.07029261,0.08364843,-2.821957,0.1510705,0.6602389,-0.04080905,0.7345726,16.0116,85.07479,8.346676,0.03636464,0.0360017,-0.9986895,0.0,0.0,0.0,0.7391899,0.0005294085,-2.600947,-0.1626388,0.09387931,0.6215388,0.1248385,0.1395308,-0.9823169,0.2594396,0.9510247,0.1680571,0.9576567,-0.275832,0.08252472,static,85.66284,-63.17488,-14.66387,8.589222,81.07467092805445,-53.23076259092693,123.35126701939672,113.9630585490544,101.35057228923189
3450,3450,05/15/2023 13:24:21.214627,3679,True,True,True,True,Eyes,0.08076439,0.09109977,-2.663424,0.9853376,-0.1471314,0.0863838,0.655539,0.7266916,-0.005350597,-2.606797,-0.8332144,-0.391999,-0.3899879,-0.138576,0.1209712,0.6700323,0.07426092,0.08296145,-2.828868,0.152448,0.6544843,-0.03657729,0.7396432,15.86626,84.22314,8.69658,0.03575452,0.03584317,-0.9987173,0.0,0.0,0.0,0.7391899,0.0005294085,-2.600947,-0.1644492,0.09561972,0.623919,0.1406246,0.1454414,-0.979322,0.253658,0.9508434,0.1776357,0.9570175,-0.2733928,0.09681959,static,84.98973,-59.58195,-14.76589,8.713163,80.52075797237826,-49.78520119995431,120.89419415864091,111.81057148535837,100.79876225020203
3451,3451,05/15/2023 13:24:21.234501,3680,True,True,True,True,Eyes,0.08122829,0.09070513,-2.67052,0.9843477,-0.1463596,0.09817574,0.6553882,0.7263582,-0.005217209,-2.606176,-0.8553967,-0.3830866,-0.3486274,-0.1358339,0.1194873,0.6686208,0.07877299,0.08263347,-2.835736,0.153531,0.6485341,-0.03231108,0.7448409,15.70129,83.33916,9.024693,0.03520764,0.03567553,-0.9987427,0.0,0.0,0.0,0.7391899,0.0005294085,-2.600947,-0.1667462,0.098264,0.6262081,0.1567192,0.151007,-0.9760308,0.2472734,0.9507684,0.1868027,0.9561877,-0.2706221,0.1116637,static,84.30434,-56.1469,-14.91069,8.918078,79.95064687810813,-46.49235668284541,118.64684378457517,109.8589527805713,100.28633714870143
3452,3452,05/15/2023 13:24:21.254627,3681,True,True,True,True,Eyes,0.08186218,0.09031927,-2.677631,0.9832417,-0.1454582,0.1098979,0.655166,0.7260487,-0.004980005,-2.60563,-0.8761218,-0.3673148,-0.3122345,-0.1325293,0.1180223,0.6674463,0.083346,0.08271341,-2.842739,0.1542879,0.6421121,-0.02900894,0.7503638,15.59276,82.37685,9.236685,0.03472548,0.03550105,-0.9987658,0.0,0.0,0.0,0.7391899,0.0005294085,-2.600947,-0.1689233,0.1010235,0.6285673,0.173701,0.1546058,-0.9725869,0.2416748,0.9507074,0.1942901,0.9546839,-0.2687981,0.1277745,static,83.62247,-52.92789,-15.04245,9.130508,79.37805355434399,-43.40784975497626,116.5590459849977,108.05327633647099,99.76452513991678
3453,3453,05/15/2023 13:24:21.264025,3682,True,True,True,True,Eyes,0.08265159,0.08995663,-2.68475,0.9819765,-0.1446133,0.1216924,0.6549174,0.725765,-0.004753105,-2.605051,-0.8950335,-0.3521876,-0.2736403,-0.1296443,0.1166285,0.6662864,0.08800478,0.08245949,-2.850007,0.1543787,0.6357092,-0.02637548,0.7558739,15.48083,81.4017,9.340128,0.03430771,0.03532087,-0.9987866,0.0,0.0,0.0,0.7391899,0.0005294085,-2.600947,-0.1699369,0.1011737,0.6315926,0.1903561,0.1564068,-0.9691756,0.236153,0.9509431,0.1998474,0.9528884,-0.2669159,0.1440819,static,82.93559,-49.91932,-15.05941,9.10079,78.79486962479207,-40.52654468394066,114.39577531278024,106.16731206788896,99.09743537752169
3454,3454,05/15/2023 13:24:21.283996,3683,True,True,True,True,Eyes,0.08362599,0.0897129,-2.69192,0.9806105,-0.1438564,0.1330723,0.6546467,0.7255795,-0.004462235,-2.604804,-0.9072775,-0.3327469,-0.2571515,-0.1284846,0.1164476,0.6648706,0.09255192,0.0826568,-2.857406,0.1549491,0.6302852,-0.02500661,0.7603329,15.49465,80.59561,9.394428,0.03395232,0.03513597,-0.9988046,0.0,0.0,0.0,0.7391899,0.0005294085,-2.600947,-0.1714062,0.1019311,0.6349671,0.2042305,0.1572975,-0.9662027,0.2333509,0.9507309,0.2041032,0.9507037,-0.2671483,0.1574628,static,82.27197,-47.23008,-15.10664,9.119868,78.22550449965331,-37.952618422221,112.5073789808242,104.53089579102604,98.48916104334319
3455,3455,05/15/2023 13:24:21.303938,3684,True,True,True,True,Eyes,0.08478808,0.08956555,-2.699124,0.979179,-0.1427141,0.1443644,0.654151,0.725319,-0.003791042,-2.604688,-0.924592,-0.2879894,-0.2493825,-0.1299028,0.1153326,0.6628035,0.09780978,0.08515967,-2.865082,0.1567791,0.6258801,-0.02263976,0.7636636,15.53295,79.995,9.659941,0.03366042,0.0349516,-0.9988205,0.0,0.0,0.0,0.7391899,0.0005294085,-2.600947,-0.1751916,0.1063459,0.6370881,0.2155232,0.1616715,-0.9630224,0.2308282,0.9498155,0.2111134,0.9488247,-0.2677925,0.1673889,static,81.61307,-44.67064,-15.37562,9.476722,77.65717101795808,-35.503782750553505,111.07989376784236,103.33608281817938,98.13903301137478
3456,3456,05/15/2023 13:24:21.314580,3685,True,True,True,True,Eyes,0.08608839,0.08946318,-2.706359,0.9777246,-0.1414081,0.155108,0.6536423,0.7251705,-0.002967119,-2.604974,-0.9346493,-0.2331083,-0.2684982,-0.1339191,0.1068311,0.6612445,0.1034709,0.08722185,-2.873204,0.1533433,0.6230569,-0.0175202,0.7667978,14.89205,79.47243,9.783266,0.03343242,0.0347713,-0.9988342,0.0,0.0,0.0,0.7391899,0.0005294085,-2.600947,-0.1792937,0.1048622,0.6391455,0.2229861,0.1642143,-0.9608908,0.2179521,0.9523578,0.2133345,0.9501444,-0.2569987,0.1765717,static,80.98562,-42.35464,-15.66992,9.317298,77.11265761059424,-33.28884598733499,109.6005592566363,102.0974544909689,97.78142898796474
3457,3457,05/15/2023 13:24:21.334534,3686,True,True,True,True,Eyes,0.08753058,0.08945468,-2.713583,0.976196,-0.140149,0.1655281,0.6531435,0.7251266,-0.00208275,-2.60547,-0.9374278,-0.1741221,-0.301514,-0.1408596,0.1041867,0.6588995,0.1080312,0.08810917,-2.880976,0.1515161,0.6224669,-0.01604581,0.7676722,14.63173,79.32951,9.758065,0.03326681,0.03459636,-0.9988457,0.0,0.0,0.0,0.7391899,0.0005294085,-2.600947,-0.1818375,0.1008751,0.6426066,0.2245551,0.1639916,-0.9605634,0.2132633,0.9535708,0.2126534,0.9508386,-0.2526053,0.1791557,static,80.37621,-40.25385,-15.79985,8.921376,76.57974685164497,-31.280990680314453,108.01868990723169,100.74830123218412,97.25347217320534
3458,3458,05/15/2023 13:24:21.354342,3687,True,True,True,True,Eyes,0.08911219,0.08948793,-2.720763,0.9746505,-0.13852,0.1756947,0.6526079,0.7251768,-0.0009113029,-2.606103,-0.9341443,-0.09604152,-0.3437302,-0.1464193,0.1034796,0.6561524,0.1128822,0.09033884,-2.887974,0.1528912,0.6213232,-0.01333058,0.7683775,14.56757,79.21168,10.08647,0.03316234,0.03442977,-0.9988549,0.0,0.0,0.0,0.7391899,0.0005294085,-2.600947,-0.1854936,0.1092873,0.6447649,0.2275596,0.1695039,-0.9588979,0.2104756,0.9528931,0.2183912,0.9507453,-0.2515216,0.1811636,static,79.78136,-38.2527,-16.0501,9.620168,76.05821996352596,-29.368817289170465,107.12366786232174,100.02041581788403,96.98354694419795
3459,3459,05/15/2023 13:24:21.367555,3688,True,True,True,True,Eyes,0.09078913,0.08952203,-2.727921,0.9729863,-0.1368823,0.1859052,0.6521599,0.7253318,0.0002528504,-2.606682,-0.9238464,-0.01843738,-0.3823191,-0.1486247,0.09406829,0.6550292,0.1177854,0.09121716,-2.894108,0.1478666,0.6188966,-0.007354807,0.7713939,13.72314,78.70888,10.17913,0.03311785,0.03427233,-0.9988618,0.0,0.0,0.0,0.7391899,0.0005294085,-2.600947,-0.1897,0.1124071,0.6467215,0.2338259,0.1716813,-0.9570011,0.1943751,0.9561628,0.219023,0.9526509,-0.2372304,0.190205,static,79.18306,-36.36429,-16.34776,9.860116,75.53027749936193,-27.565530192271066,106.12649659686895,99.20812853613968,96.70122418221302
3460,3460,05/15/2023 13:24:21.384167,3689,True,True,True,True,Eyes,0.09259827,0.08960073,-2.73506,0.971139,-0.1357136,0.1961403,0.65179,0.7255769,0.00114397,-2.607218,-0.9074892,0.04096894,-0.4180728,-0.1477571,0.09336852,0.654523,0.1217644,0.09125787,-2.900884,0.1469009,0.6144046,-0.00644624,0.7751682,13.63095,78.01212,10.10551,0.03313058,0.03412321,-0.9988666,0.0,0.0,0.0,0.7391899,0.0005294085,-2.600947,-0.1944045,0.1098698,0.6494961,0.244931,0.1705194,-0.9544276,0.190507,0.9567571,0.2198247,0.9506398,-0.235667,0.2018544,static,78.58161,-34.68018,-16.66328,9.601353,74.99371322476509,-25.959462399219056,105.03543800043006,98.31366130331007,96.3793612273984
3461,3461,05/15/2023 13:24:21.404081,3690,True,True,True,True,Eyes,0.09453151,0.08973392,-2.742188,0.9691669,-0.1344601,0.2064844,0.6514354,0.7258811,0.002141833,-2.607677,-0.887203,0.1074889,-0.4486836,-0.1462067,0.09448099,0.6533127,0.1267985,0.09244727,-2.907786,0.1485199,0.6090108,-0.005228201,0.7791151,13.75651,77.26641,10.24487,0.03319937,0.03398327,-0.9988692,0.0,0.0,0.0,0.7391899,0.0005294085,-2.600947,-0.1976802,0.1101763,0.6521438,0.2581569,0.1727538,-0.9505321,0.1890472,0.955829,0.2250602,0.9474261,-0.2377963,0.2140952,static,77.97276,-33.07169,-16.8633,9.589277,74.44792013752375,-24.426589223448417,103.98959746868283,97.44135712280931,95.96548123831366
3462,3462,05/15/2023 13:24:21.414627,3691,True,True,True,True,Eyes,0.09656664,0.0899327,-2.749329,0.9669771,-0.1337248,0.2169631,0.6511246,0.7261893,0.002861179,-2.608059,-0.8666353,0.1554392,-0.4741117,-0.1453082,0.09115417,0.6529325,0.1317291,0.09385282,-2.914787,0.1475216,0.6038414,-0.002470745,0.7833307,13.53859,76.48379,10.32724,0.03332284,0.0338536,-0.9988695,0.0,0.0,0.0,0.7391899,0.0005294085,-2.600947,-0.2005694,0.1109525,0.6543917,0.2707388,0.1742885,-0.946744,0.1820301,0.9564626,0.2281325,0.945286,-0.2341003,0.2272258,static,77.35384,-31.64752,-17.04017,9.623016,73.88734823936656,-23.07187447377825,103.02177568653822,96.62696019363693,95.5288356811549
3463,3463,05/15/2023 13:24:21.434104,3692,True,True,True,True,Eyes,0.09872925,0.09017858,-2.756446,0.9646631,-0.1328816,0.2275248,0.6508129,0.7265445,0.003697522,-2.60837,-0.8429457,0.2111877,-0.4948155,-0.144081,0.09218928,0.6526414,0.1359944,0.09555344,-2.921438,0.1489057,0.5986924,-0.002343345,0.7870128,13.72059,75.77068,10.35449,0.03349889,0.03373555,-0.9988675,0.0,0.0,0.0,0.7391899,0.0005294085,-2.600947,-0.2019889,0.1139741,0.6569836,0.2831239,0.1746089,-0.9430549,0.1819859,0.9556432,0.2315754,0.9416593,-0.2371872,0.238789,static,76.7288,-30.28626,-17.08999,9.841775,73.31913376818986,-21.778050856984063,102.04030845712555,95.77903240144927,94.98292836349029
3464,3464,05/15/2023 13:24:21.454423,3693,True,True,True,True,Eyes,0.1009684,0.09042853,-2.763501,0.9622083,-0.1322974,0.2380183,0.6505307,0.7269144,0.004365042,-2.608663,-0.8184626,0.2557398,-0.5145058,-0.1432569,0.0887322,0.6521168,0.1412252,0.09690152,-2.928128,0.1470758,0.5936134,-0.001181897,0.7911957,13.54062,74.9781,10.23471,0.03372655,0.03362971,-0.9988633,0.0,0.0,0.0,0.7391899,0.0005294085,-2.600947,-0.2031965,0.1180407,0.6593354,0.2952435,0.1727421,-0.9396764,0.1764826,0.9567346,0.2313283,0.938981,-0.2341347,0.2519837,static,76.10585,-29.06656,-17.12845,10.15012,72.74908316658373,-20.620747031039087,101.14634292307557,94.99903802645713,94.4410174231549
3465,3465,05/15/2023 13:24:21.464541,3694,True,True,True,True,Eyes,0.103297,0.0907044,-2.770536,0.9596051,-0.1319116,0.2485104,0.6502522,0.7272823,0.004928567,-2.608942,-0.7937222,0.2932359,-0.5329332,-0.1417751,0.08717803,0.652155,0.1455407,0.09736688,-2.934577,0.1451361,0.5885257,-0.002145238,0.7953417,13.49677,74.1764,9.914311,0.03400315,0.03353505,-0.9988568,0.0,0.0,0.0,0.7391899,0.0005294085,-2.600947,-0.2048608,0.1194629,0.6616614,0.3072658,0.1674202,-0.9367807,0.174245,0.9578619,0.2283404,0.9355354,-0.2333906,0.2651461,static,75.481,-27.95978,-17.20335,10.23449,72.17411321536385,-19.57245457077428,100.24565325117791,94.2166910661743,93.90881871591769
3466,3466,05/15/2023 13:24:21.484446,3695,True,True,True,True,Eyes,0.1056983,0.09099011,-2.777529,0.9568214,-0.1319186,0.2590179,0.6499397,0.7275745,0.005250946,-2.609184,-0.7742621,0.3147302,-0.5490565,-0.1410044,0.08928973,0.6516091,0.1500445,0.09832422,-2.941216,0.1456954,0.583577,-0.005431259,0.7988625,13.83463,73.46027,9.56652,0.03432667,0.03345142,-0.9988483,0.0,0.0,0.0,0.7391899,0.0005294085,-2.600947,-0.2061736,0.1184139,0.6642984,0.3188169,0.1613713,-0.933978,0.1787266,0.9574867,0.2264421,0.9308128,-0.2391203,0.2764215,static,74.8527,-26.98989,-17.24241,10.10705,71.59206913463076,-18.65634973024472,99.28591160520057,93.37503867288618,93.31724251572489
3467,3467,05/15/2023 13:24:21.504330,3696,True,True,True,True,Eyes,0.1081552,0.09133701,-2.784471,0.9538707,-0.1322197,0.2695343,0.6496091,0.7277983,0.005445868,-2.609379,-0.7593561,0.3277285,-0.5621141,-0.1398152,0.08983659,0.6513614,0.1541883,0.09890726,-2.947206,0.1452624,0.5787539,-0.007815878,0.8024224,14.01469,72.73944,9.228536,0.03469469,0.03337809,-0.9988376,0.0,0.0,0.0,0.7391899,0.0005294085,-2.600947,-0.2063557,0.1177366,0.6670676,0.3299656,0.1555991,-0.9310809,0.1806857,0.9576755,0.2240767,0.9265395,-0.2421706,0.2878855,static,74.22135,-26.1302,-17.18932,10.00955,71.0040661315141,-17.84666790141585,98.29543285377709,92.48806535501487,92.63920629081257
3468,3468,05/15/2023 13:24:21.514218,3697,True,True,True,True,Eyes,0.1106846,0.09173612,-2.791386,0.9506811,-0.1327822,0.280311,0.6491936,0.7278606,0.00553479,-2.60941,-0.7552233,0.333667,-0.5641844,-0.1379248,0.09275081,0.6513352,0.1580178,0.1008078,-2.953017,0.1473133,0.5733179,-0.01148366,0.8058991,14.51343,71.9966,8.937861,0.03510443,0.03331627,-0.9988248,0.0,0.0,0.0,0.7391899,0.0005294085,-2.600947,-0.206112,0.1167706,0.6695746,0.3423494,0.1504054,-0.9274562,0.1874241,0.9563338,0.2242718,0.9206895,-0.2506069,0.2992106,static,73.5717,-25.34673,-17.10969,9.892617,70.3962615861393,-17.11110139390821,97.28785160192669,91.5777940883774,91.91730714486998
3469,3469,05/15/2023 13:24:21.534558,3698,True,True,True,True,Eyes,0.1132656,0.09216484,-2.798251,0.9473451,-0.1333039,0.2911481,0.648782,0.7278861,0.005679645,-2.609359,-0.7534695,0.3432976,-0.5607408,-0.1350736,0.09089559,0.6520206,0.1621684,0.102472,-2.958976,0.1462243,0.5671074,-0.01311655,0.810454,14.58957,71.06604,8.592546,0.035553,0.03326683,-0.9988108,0.0,0.0,0.0,0.7391899,0.0005294085,-2.600947,-0.2050986,0.1169957,0.6721665,0.3564341,0.1445891,-0.9230649,0.1871105,0.9568928,0.2221392,0.9153931,-0.2518931,0.3140151,static,72.91621,-24.60096,-16.96855,9.873848,69.7817730994226,-16.412093164191596,96.26932256380776,90.64529364915508,91.14168626944985
3470,3470,05/15/2023 13:24:21.554357,3699,True,True,True,True,Eyes,0.1159132,0.09263375,-2.805089,0.9438411,-0.1338764,0.3020616,0.6483704,0.7278718,0.005832225,-2.609242,-0.7544937,0.3535005,-0.5529706,-0.1330489,0.08935934,0.6526495,0.1660151,0.1036262,-2.964758,0.1449946,0.5615464,-0.01459861,0.8145117,14.63113,70.22951,8.263247,0.03603836,0.03322949,-0.9987949,0.0,0.0,0.0,0.7391899,0.0005294085,-2.600947,-0.2044154,0.1185412,0.6743259,0.3689051,0.1390609,-0.9190056,0.1866238,0.9575269,0.2198039,0.9105388,-0.2525951,0.3272845,static,72.25355,-23.90335,-16.86417,9.970279,69.15902736394558,-15.759777333565069,95.33829639566696,89.78878707079613,90.41036396407105
3471,3471,05/15/2023 13:24:21.564492,3700,True,True,True,True,Eyes,0.1186301,0.09312247,-2.811879,0.9402162,-0.1341043,0.3130648,0.6480061,0.727896,0.006222084,-2.609011,-0.752933,0.379517,-0.5376418,-0.1312447,0.08665597,0.6534305,0.170149,0.1050424,-2.970755,0.1439391,0.5557815,-0.01340981,0.8186628,14.5119,69.38985,8.19777,0.03655994,0.03320437,-0.9987771,0.0,0.0,0.0,0.7391899,0.0005294085,-2.600947,-0.2039241,0.1181795,0.6764594,0.3818542,0.1380412,-0.9138557,0.1819536,0.9582034,0.2207693,0.906135,-0.2505811,0.3407769,static,71.58374,-23.18833,-16.77585,9.909738,68.5298317968477,-15.090887522825458,94.3551760652309,88.89370407040975,89.66450642242509
3472,3472,05/15/2023 13:24:21.584458,3701,True,True,True,True,Eyes,0.1214045,0.09361254,-2.818636,0.9365033,-0.134273,0.3239324,0.6477041,0.7279816,0.006643333,-2.608824,-0.7471349,0.4075488,-0.5250652,-0.129629,0.08043639,0.6542654,0.1745474,0.1059344,-2.976504,0.1403119,0.5503015,-0.01068596,0.823023,14.04717,68.53679,8.108966,0.03711614,0.03319099,-0.9987572,0.0,0.0,0.0,0.7391899,0.0005294085,-2.600947,-0.204464,0.1180809,0.6784611,0.3941083,0.136838,-0.9088202,0.1720172,0.9603968,0.2191988,0.9028227,-0.2427208,0.3549618,static,70.91972,-22.51447,-16.77094,9.872995,67.90512129080106,-14.461529719658335,93.48047785693986,88.10337365308527,89.00782314251275
3473,3473,05/15/2023 13:24:21.605652,3702,True,True,True,True,Eyes,0.1242427,0.09410124,-2.825352,0.932654,-0.1343258,0.3348331,0.6474428,0.7280829,0.00713294,-2.608567,-0.7404049,0.4401982,-0.5079628,-0.1282966,0.07700837,0.6551008,0.1787117,0.1064502,-2.982565,0.1378982,0.5448352,-0.009317713,0.8270743,13.78371,67.71602,7.981264,0.03770471,0.03318824,-0.9987354,0.0,0.0,0.0,0.7391899,0.0005294085,-2.600947,-0.2052163,0.1194164,0.679698,0.4061356,0.1348507,-0.9038081,0.1656765,0.9617945,0.2179509,0.8986685,-0.2382573,0.3682774,static,70.2513,-21.8593,-16.80026,9.964619,67.27563983545556,-13.850343086139116,92.68622291879285,87.38369042507762,88.39633699840749
3474,3474,05/15/2023 13:24:21.614436,3703,True,True,True,True,Eyes,0.1271371,0.09457781,-2.832011,0.9287082,-0.1344821,0.3455658,0.6471979,0.7281952,0.007541269,-2.608362,-0.7329276,0.4674232,-0.4943003,-0.1269751,0.07496765,0.6555176,0.1831065,0.1068893,-2.988433,0.136282,0.5394256,-0.008858644,0.8308844,13.65213,66.92294,7.825345,0.03832474,0.03319502,-0.9987118,0.0,0.0,0.0,0.7391899,0.0005294085,-2.600947,-0.2061877,0.1179122,0.6809023,0.417883,0.1323071,-0.8988152,0.1617491,0.9626975,0.2169121,0.8939861,-0.2360264,0.3808944,static,69.59012,-21.26424,-16.84712,9.824503,66.65153097551693,-13.296927055691397,91.85807748988464,86.64078279050476,87.77867291018508
3475,3475,05/15/2023 13:24:21.634188,3704,True,True,True,True,Eyes,0.1300869,0.09505714,-2.838641,0.9246293,-0.1346314,0.3562795,0.6469903,0.7283131,0.007951967,-2.608132,-0.7250709,0.4948049,-0.4789993,-0.1259982,0.07330899,0.6558313,0.187579,0.1071513,-2.994306,0.1347388,0.5341836,-0.008590036,0.8345176,13.53629,66.15805,7.661296,0.03897369,0.03320994,-0.9986863,0.0,0.0,0.0,0.7391899,0.0005294085,-2.600947,-0.2056216,0.1201171,0.6823609,0.4291483,0.1296134,-0.893886,0.1582876,0.9635433,0.2157065,0.8892564,-0.2340612,0.3929868,static,68.92726,-20.70064,-16.76958,9.983582,66.02493718702397,-12.773918143588553,91.02455638854212,85.86521932085098,87.08004689667838
3476,3476,05/15/2023 13:24:21.654322,3705,True,True,True,True,Eyes,0.1331072,0.09554651,-2.845254,0.9204043,-0.1350179,0.3669141,0.6467547,0.7283831,0.00822302,-2.607951,-0.7203934,0.5128636,-0.4669093,-0.1254233,0.07302231,0.6562245,0.1918908,0.107703,-3.000346,0.1344355,0.52907,-0.00864502,0.8378171,13.55699,65.44263,7.552098,0.03965111,0.03323229,-0.998659,0.0,0.0,0.0,0.7391899,0.0005294085,-2.600947,-0.2042508,0.1205334,0.683524,0.4400206,0.1277657,-0.888852,0.1567375,0.9637047,0.2161172,0.8842032,-0.2344124,0.4040242,static,68.26558,-20.20273,-16.63721,10.00079,65.39769487803436,-12.314253765512593,90.11512842011878,85.0158032168425,86.31285489465769
3477,3477,05/15/2023 13:24:21.673985,3706,True,True,True,True,Eyes,0.136197,0.09602595,-2.851847,0.9160599,-0.1352623,0.3775425,0.6488897,0.7306188,0.008255616,-2.606864,-0.7628616,0.5139307,-0.3923231,-0.1247343,0.07166272,0.6589421,0.1965105,0.1084891,-3.006339,0.1335863,0.523859,-0.007850884,0.8412282,13.4725,64.70944,7.489161,0.0403558,0.03326165,-0.9986299,0.0,0.0,0.0,0.7391899,0.0005294085,-2.600947,-0.2017128,0.1199172,0.6853399,0.4510203,0.126752,-0.8834674,0.1531695,0.9641861,0.2165276,0.8792723,-0.2329786,0.415453,static,67.60162,-19.7111,-16.40048,9.924844,64.76807319685318,-11.860720190426584,89.07660737354749,84.04132813780123,85.42798156008654
3478,3478,05/15/2023 13:24:21.684863,3707,True,True,True,True,Eyes,0.136197,0.09602595,-2.851847,0.9160599,-0.1352623,0.3775425,0.6488897,0.7306188,0.008255616,-2.606864,-0.7628616,0.5139307,-0.3923231,-0.1246246,0.06900943,0.6592461,0.2013111,0.1087807,-3.012606,0.1317668,0.5188348,-0.007076323,0.844629,13.29301,63.98229,7.366271,0.04108753,0.03329697,-0.998599,0.0,0.0,0.0,0.7391899,0.0005294085,-2.600947,-0.198844,0.1210913,0.6866772,0.461521,0.1247766,-0.8783104,0.1486841,0.9651749,0.2152452,0.8745808,-0.229931,0.4268961,static,67.60162,-19.7111,-16.14966,10.00094,64.76807319685318,-11.860720190426584,88.86552887706233,83.81892227891503,85.1964024134472
3479,3479,05/15/2023 13:24:21.704303,3708,True,True,True,True,Eyes,0.136197,0.09602595,-2.851847,0.9160599,-0.1352623,0.3775425,0.6538603,0.7351722,0.007583283,-2.604987,-0.8442134,0.4670053,-0.2630776,-0.1244914,0.06873262,0.6645321,0.2059467,0.1087674,-3.019121,0.1306783,0.5139983,-0.007629158,0.8477446,13.26212,63.29195,7.16505,0.0417458,0.03332872,-0.9985708,0.0,0.0,0.0,0.7391899,0.0005294085,-2.600947,-0.1954615,0.120098,0.6880102,0.4714954,0.1214016,-0.8734724,0.1472719,0.96573,0.2137208,0.8694845,-0.2294063,0.4374581,static,67.60162,-19.7111,-15.85967,9.901693,64.76807319685318,-11.860720190426584,88.55904492328803,83.51308640499737,84.90131835927221
3480,3480,05/15/2023 13:24:21.714394,3709,True,True,True,True,Eyes,0.136197,0.09602595,-2.851847,0.9160599,-0.1352623,0.3775425,0.6565597,0.7376451,0.007218152,-2.603968,-0.8762273,0.4415665,-0.192989,-0.1254447,0.06825077,0.6670235,0.2110961,0.1090046,-3.025513,0.1298099,0.5096523,-0.008247647,0.8504918,13.25065,62.67554,6.979952,0.04233857,0.0333573,-0.998545,0.0,0.0,0.0,0.7391899,0.0005294085,-2.600947,-0.1922639,0.1212358,0.689231,0.4803731,0.1182868,-0.8690513,0.146345,0.9661627,0.2123977,0.8647687,-0.2292114,0.446808,static,67.60162,-19.7111,-15.58667,9.976276,64.76807319685318,-11.860720190426584,88.3268469203417,83.2690768343983,84.64823891505024
3481,3481,05/15/2023 13:24:21.734581,3710,True,True,True,True,Eyes,0.136197,0.09602595,-2.851847,0.9160599,-0.1352623,0.3775425,0.6592264,0.7400877,0.00685747,-2.602961,-0.9006959,0.4164277,-0.1238344,-0.1258964,0.06710289,0.6696309,0.2162112,0.1091328,-3.03174,0.1284171,0.5051158,-0.008775671,0.8533992,13.18215,62.02445,6.768516,0.04287232,0.03338302,-0.9985215,0.0,0.0,0.0,0.7391899,0.0005294085,-2.600947,-0.1890367,0.1222574,0.6899099,0.4895619,0.1147528,-0.8643847,0.1447094,0.966864,0.2103167,0.859877,-0.2280476,0.456734,static,67.60162,-19.7111,-15.32308,10.04894,64.76807319685318,-11.860720190426584,88.10315460238412,83.03388483060256,84.40416451669189
3482,3482,05/15/2023 13:24:21.754875,3711,True,True,True,True,Eyes,0.136197,0.09602595,-2.851847,0.9160599,-0.1352623,0.3775425,0.662154,0.7427698,0.006461449,-2.601856,-0.9200077,0.3889527,-0.04797552,-0.1260067,0.06689275,0.6730248,0.2209572,0.109373,-3.038245,0.1274482,0.5003622,-0.01014342,0.8563246,13.20435,61.34949,6.497515,0.04335219,0.03340614,-0.9985001,0.0,0.0,0.0,0.7391899,0.0005294085,-2.600947,-0.1864389,0.1233671,0.6904561,0.4990696,0.1101683,-0.8595303,0.1449126,0.9673082,0.2081232,0.8543593,-0.2284247,0.4667894,static,67.60162,-19.7111,-15.11079,10.13041,64.76807319685318,-11.860720190426584,87.93098706990726,82.85072475647921,84.21117975170465
3483,3483,05/15/2023 13:24:21.764410,3712,True,True,True,True,Eyes,0.136197,0.09602595,-2.851847,0.9160599,-0.1352623,0.3775425,0.662154,0.7427698,0.006461449,-2.601856,-0.9200077,0.3889527,-0.04797552,-0.1263028,0.06530054,0.673273,0.2261998,0.1094183,-3.044652,0.12582,0.4954082,-0.01071631,0.8594331,13.11378,60.64196,6.262832,0.04378459,0.03342694,-0.9984798,0.0,0.0,0.0,0.7391899,0.0005294085,-2.600947,-0.1838973,0.124892,0.6906342,0.5089118,0.1062446,-0.854237,0.1430844,0.968109,0.2056498,0.8488437,-0.2268856,0.4774802,static,67.60162,-19.7111,-14.91037,10.2504,64.76807319685318,-11.860720190426584,87.78336958678506,82.68951533507527,84.03563255144913
3484,3484,05/15/2023 13:24:21.784153,3713,True,True,True,True,Eyes,0.136197,0.09602595,-2.851847,0.9160599,-0.1352623,0.3775425,0.6681207,0.7482357,0.00565438,-2.599603,-0.9369374,0.3329202,0.1063602,-0.1257522,0.06451742,0.6799227,0.230994,0.109285,-3.051259,0.1243053,0.490468,-0.01114346,0.8624762,13.02356,59.94295,6.051675,0.04417374,0.03344566,-0.9984615,0.0,0.0,0.0,0.7391899,0.0005294085,-2.600947,-0.1812915,0.1252974,0.6908737,0.518634,0.1027135,-0.8488043,0.1411574,0.968848,0.2034896,0.8432634,-0.2253517,0.4879788,static,67.60162,-19.7111,-14.70343,10.27948,64.76807319685318,-11.860720190426584,87.59883643199205,82.49792897303307,83.84018647686591
3485,3485,05/15/2023 13:24:21.804085,3714,True,True,True,True,Eyes,0.136197,0.09602595,-2.851847,0.9160599,-0.1352623,0.3775425,0.6712307,0.7510846,0.005233712,-2.598429,-0.9342495,0.3038423,0.1867021,-0.1256662,0.06333868,0.6835213,0.2363745,0.1095181,-3.057997,0.1232151,0.48529,-0.01090294,0.8655594,12.93715,59.22887,5.931475,0.04452398,0.03346251,-0.9984451,0.0,0.0,0.0,0.7391899,0.0005294085,-2.600947,-0.1785531,0.12616,0.6909554,0.5287496,0.1007158,-0.8427813,0.1384644,0.9693983,0.2027178,0.8374076,-0.2238822,0.4986234,static,67.60162,-19.7111,-14.48911,10.34752,64.76807319685318,-11.860720190426584,87.42087043857033,82.30982335453785,83.64364169174274
3486,3486,05/15/2023 13:24:21.814040,3715,True,True,True,True,Eyes,0.1413061,0.09653335,-2.861027,0.9101426,-0.1370372,0.3909748,0.6733223,0.7541255,0.00426317,-2.597775,-0.9430006,0.237955,0.2326524,-0.124725,0.06131392,0.6874429,0.241529,0.1094387,-3.064761,0.1220681,0.4799491,-0.009570193,0.8687099,12.78363,58.50349,5.917774,0.0448392,0.03347768,-0.9984303,0.0,0.0,0.0,0.7391899,0.0005294085,-2.600947,-0.1760125,0.127825,0.6906556,0.5391147,0.1005455,-0.8362094,0.1338004,0.9700156,0.2028971,0.8315365,-0.22127,0.5094966,static,66.75283,-19.31563,-14.2974,10.48553,63.95682622650549,-11.505763057054107,86.35536416690337,81.2855515613343,82.67544142191592
3487,3487,05/15/2023 13:24:21.834386,3716,True,True,True,True,Eyes,0.146438,0.09701846,-2.870116,0.90408,-0.1386788,0.4042369,0.6750938,0.756777,0.003397241,-2.597218,-0.9455515,0.1791914,0.2717039,-0.1242749,0.06011635,0.6905797,0.2472674,0.1090651,-3.071763,0.1213652,0.4745385,-0.008107873,0.8717901,12.66821,57.78173,5.944752,0.04528547,0.03349797,-0.9984089,0.0,0.0,0.0,0.7391899,0.0005294085,-2.600947,-0.1733137,0.1280726,0.6904058,0.549495,0.1010482,-0.8293639,0.1293216,0.9704095,0.2039149,0.8254279,-0.2193049,0.5201674,static,65.90938,-18.93521,-14.09186,10.5091,63.150340505135645,-11.165159594254703,85.24767324046856,80.22550135608202,81.68154660566861
3488,3488,05/15/2023 13:24:21.854343,3717,True,True,True,True,Eyes,0.151619,0.09747192,-2.879121,0.8978786,-0.1400464,0.417374,0.6771474,0.7596152,0.002639852,-2.596497,-0.9381917,0.1276626,0.321712,-0.1240918,0.05909326,0.6942298,0.2528291,0.1089795,-3.078893,0.1208935,0.4692621,-0.006431214,0.8747208,12.56412,57.08682,6.010929,0.04584851,0.03352216,-0.9983827,0.0,0.0,0.0,0.7391899,0.0005294085,-2.600947,-0.1703146,0.1281698,0.6902116,0.5595034,0.1022105,-0.8225016,0.1247125,0.9706868,0.2054603,0.8193915,-0.217532,0.5303557,static,65.0689,-18.54875,-13.86124,10.51979,62.34689585847761,-10.818635258240906,84.11270426131358,79.13917085442401,80.66253234569426
3489,3489,05/15/2023 13:24:21.864291,3718,True,True,True,True,Eyes,0.1568314,0.09788948,-2.888055,0.8915514,-0.1412897,0.4303176,0.6758121,0.7593526,0.002404168,-2.597241,-0.9557171,0.1119524,0.2721606,-0.1250172,0.05697564,0.694051,0.2590132,0.1086845,-3.086063,0.1196848,0.464163,-0.004539819,0.8776149,12.3738,56.40562,6.06121,0.04651939,0.03354886,-0.998351,0.0,0.0,0.0,0.7391899,0.0005294085,-2.600947,-0.167404,0.1274882,0.6897549,0.5690643,0.103138,-0.8157993,0.1190749,0.9713098,0.2058598,0.8136259,-0.2142887,0.5404566,static,64.23518,-18.17699,-13.64196,10.47186,61.549597238317794,-10.486082365774642,82.97954893166207,78.05770703864131,79.65068232353413
3490,3490,05/15/2023 13:24:21.884058,3719,True,True,True,True,Eyes,0.1620303,0.0982578,-2.896828,0.8851656,-0.1423333,0.4429707,0.6826754,0.766311,0.001090355,-2.594423,-0.8853835,0.02213713,0.464334,-0.1250407,0.05667681,0.7022168,0.2648774,0.1082172,-3.093466,0.1190235,0.4592268,-0.003237879,0.8803033,12.2705,55.7542,6.087051,0.04728696,0.0335766,-0.9983142,0.0,0.0,0.0,0.7391899,0.0005294085,-2.600947,-0.1643278,0.128073,0.6892428,0.5782007,0.1036169,-0.8092883,0.1150182,0.9716459,0.2065797,0.8077468,-0.2125274,0.5498885,static,63.41486,-17.81301,-13.40999,10.52647,60.76506401641113,-10.160615888970677,81.88518610953327,77.00580602081352,78.65631213118095
3491,3491,05/15/2023 13:24:21.904147,3720,True,True,True,True,Eyes,0.1672696,0.09857385,-2.905551,0.878666,-0.1433127,0.4554201,0.6859101,0.7699555,0.0002742261,-2.593174,-0.8347219,-0.03336112,0.5496601,-0.1260202,0.05616887,0.7063866,0.2712267,0.1075756,-3.100888,0.1182776,0.4544055,-0.001952705,0.8829056,12.15931,55.11843,6.109653,0.04813967,0.03360372,-0.9982728,0.0,0.0,0.0,0.7391899,0.0005294085,-2.600947,-0.1616385,0.1300288,0.6880999,0.5870237,0.1040439,-0.8028562,0.1109401,0.9720132,0.2070813,0.8019323,-0.2106306,0.5590522,static,62.60191,-17.46787,-13.21942,10.70088,59.98715469534284,-9.853096241007446,80.88481043763036,76.03728373594568,77.73177193499409
3492,3492,05/15/2023 13:24:21.919875,3721,True,True,True,True,Eyes,0.1725649,0.09883431,-2.914228,0.8720044,-0.1443063,0.4677435,0.6899959,0.7742444,-0.0007364526,-2.591487,-0.7406142,-0.1018212,0.6641708,-0.127046,0.05700234,0.7116103,0.2773674,0.106644,-3.108558,0.1179854,0.4496557,-0.001551787,0.8853739,12.14098,54.49538,6.068789,0.04906915,0.03362852,-0.9982269,0.0,0.0,0.0,0.7391899,0.0005294085,-2.600947,-0.159166,0.1310271,0.687072,0.5956148,0.1033577,-0.796593,0.1088534,0.9721541,0.2075268,0.7958606,-0.2103179,0.5677786,static,61.79087,-17.14583,-13.04298,10.79687,59.21046523915757,-9.567804925938436,79.88053323002106,75.0685042728779,76.81084143975912
3493,3493,05/15/2023 13:24:21.933884,3722,True,True,True,True,Eyes,0.1779037,0.09905384,-2.922872,0.8652651,-0.1453136,0.4797919,0.0,0.0,0.0,0.0,0.0,0.0,0.0,-2.646566,0.5164894,1.591398,0.2839936,0.1056578,-3.116377,0.1185288,0.4452307,-0.001989361,0.8875341,12.24944,53.92474,5.992061,0.05007014,0.03364939,-0.9981768,0.0,0.0,0.0,0.7391899,0.0005294085,-2.600947,-0.1570901,0.1313886,0.6859916,0.6035313,0.102014,-0.7907864,0.1090765,0.971894,0.2086252,0.7898433,-0.2121681,0.5754411,static,60.99151,-16.84989,-12.89818,10.8426,58.44437583223888,-9.307330162422002,78.90855651129478,74.1335278954577,75.92392373880229
3494,3494,05/15/2023 13:24:21.954188,3723,True,True,True,True,Eyes,0.1832874,0.09923102,-2.931471,0.8584203,-0.1463004,0.491641,0.0,0.0,0.0,0.0,0.0,0.0,0.0,-2.642515,0.5200217,1.613531,0.2903258,0.1049378,-3.124338,0.1190055,0.4413263,-0.002721948,0.8894164,12.36234,53.41919,5.887586,0.0511345,0.03366533,-0.9981224,0.0,0.0,0.0,0.7391899,0.0005294085,-2.600947,-0.1543831,0.1310609,0.6850539,0.6104474,0.1001986,-0.7856934,0.1098824,0.9716606,0.2092883,0.7843977,-0.2140933,0.5821376,static,60.19904,-16.57172,-12.69996,10.83065,57.68447463672068,-9.06378488073809,77.87909913845242,73.14203427820924,74.98249536311515
3495,3495,05/15/2023 13:24:21.964655,3724,True,True,True,True,Eyes,0.1887158,0.09937131,-2.940039,0.8515248,-0.1472294,0.5032187,0.0,0.0,0.0,0.0,0.0,0.0,0.0,-2.639352,0.5243447,1.633631,0.2969114,0.1041651,-3.132229,0.1192725,0.4377512,-0.002841331,0.8911453,12.4194,52.95858,5.83938,0.05225811,0.03367549,-0.9980639,0.0,0.0,0.0,0.7391899,0.0005294085,-2.600947,-0.1513494,0.131582,0.6840075,0.6167316,0.09935931,-0.7808776,0.1094875,0.971532,0.2100908,0.7795221,-0.2150659,0.5882959,static,59.41853,-16.30818,-12.47673,10.88893,56.93575744203677,-8.833980447167427,76.8674911963419,72.16014557494945,74.04347873081963
3496,3496,05/15/2023 13:24:21.984065,3725,True,True,True,True,Eyes,0.1941777,0.09947675,-2.948582,0.8446862,-0.1480558,0.5143782,0.0,0.0,0.0,0.0,0.0,0.0,0.0,-2.634756,0.5326146,1.654679,0.3033623,0.1033931,-3.140201,0.1193696,0.4340396,-0.001511334,0.8929493,12.38584,52.4905,5.930851,0.05343442,0.03367922,-0.9980017,0.0,0.0,0.0,0.7391899,0.0005294085,-2.600947,-0.1481814,0.1318692,0.6828585,0.6232148,0.1009232,-0.7755114,0.1063214,0.9714972,0.2118701,0.7747898,-0.214494,0.5947212,static,58.66035,-16.05765,-12.24345,10.93004,56.20831150119157,-8.61602862141185,75.86622612187917,71.18772682962249,73.1132602584036
3497,3497,05/15/2023 13:24:22.004294,3726,True,True,True,True,Eyes,0.1996931,0.09959417,-2.957102,0.8377646,-0.1490149,0.5253047,0.0,0.0,0.0,0.0,0.0,0.0,0.0,-2.627985,0.5439497,1.67903,0.3099496,0.1026661,-3.148764,0.1196353,0.4297564,0.0003867412,0.8949843,12.34578,51.9576,6.083107,0.0546587,0.03367605,-0.9979356,0.0,0.0,0.0,0.7391899,0.0005294085,-2.600947,-0.1451961,0.1316327,0.6817396,0.6306186,0.1035203,-0.7691578,0.1021358,0.9713745,0.2144759,0.7693429,-0.213811,0.6019937,static,57.911,-15.83722,-12.02315,10.92839,55.488596381158295,-8.426842146882553,74.88112722772408,70.23148091058279,72.1982566104736
3498,3498,05/15/2023 13:24:22.014265,3727,True,True,True,True,Eyes,0.2052804,0.09972815,-2.965608,0.830795,-0.1498189,0.5360354,0.0,0.0,0.0,0.0,0.0,0.0,0.0,-2.619429,0.5630983,1.702489,0.3167043,0.1030632,-3.156902,0.1220094,0.4251446,0.001554459,0.8968632,12.56399,51.41565,6.26604,0.05592676,0.0336671,-0.9978658,0.0,0.0,0.0,0.7391899,0.0005294085,-2.600947,-0.1416919,0.1307715,0.6809522,0.6384993,0.1065315,-0.7622136,0.100955,0.9702226,0.2201733,0.7629724,-0.2175298,0.6087316,static,57.16957,-15.61538,-11.75433,10.87086,54.77659002595459,-8.236046876436948,73.83782838455909,69.22020810344908,71.2316173083557
3499,3499,05/15/2023 13:24:22.034271,3728,True,True,True,True,Eyes,0.2108989,0.09983522,-2.974093,0.823692,-0.1506068,0.5466709,0.0,0.0,0.0,0.0,0.0,0.0,0.0,-2.608707,0.5751705,1.731138,0.3237844,0.1035365,-3.165037,0.1223852,0.4200089,0.00378136,0.899222,12.52858,50.78111,6.446761,0.05723573,0.03365357,-0.9977922,0.0,0.0,0.0,0.7391899,0.0005294085,-2.600947,-0.1380594,0.1291008,0.6799191,0.6471565,0.1096063,-0.7544368,0.09600519,0.9700151,0.2232794,0.7562879,-0.2169265,0.6172289,static,56.42842,-15.40278,-11.47801,10.75115,54.06460287522429,-8.054158115840263,72.76888957370313,68.18704947307226,70.24472893500666
3500,3500,05/15/2023 13:24:22.055000,3729,True,True,True,True,Eyes,0.2165718,0.09997136,-2.982559,0.8164605,-0.1514619,0.5571817,0.0,0.0,0.0,0.0,0.0,0.0,0.0,-2.597266,0.5773396,1.763501,0.3300886,0.1030353,-3.173243,0.1222643,0.4144766,0.003408184,0.9018033,12.57347,50.06516,6.323372,0.0585817,0.03363504,-0.9977148,0.0,0.0,0.0,0.7391899,0.0005294085,-2.600947,-0.1339498,0.1273459,0.6791094,0.6563951,0.1074983,-0.7467191,0.09520431,0.9700797,0.2233418,0.7483859,-0.2176914,0.6265213,static,55.68898,-15.20756,-11.15798,10.62071,53.35379787491662,-7.888984970603135,71.66320947623333,67.11466525646502,69.21684190101159
3501,3501,05/15/2023 13:24:22.064588,3730,True,True,True,True,Eyes,0.2223168,0.1001859,-2.990962,0.8090925,-0.1521022,0.5676568,0.0,0.0,0.0,0.0,0.0,0.0,0.0,-2.584204,0.5959772,1.792147,0.3369243,0.1039033,-3.181317,0.1252821,0.4087926,0.003284046,0.9039814,12.93352,49.39057,6.383741,0.05996194,0.03361302,-0.9976336,0.0,0.0,0.0,0.7391899,0.0005294085,-2.600947,-0.1302407,0.1256426,0.6782602,0.6657557,0.1083662,-0.7382588,0.09649132,0.9685872,0.2291903,0.7399046,-0.2238203,0.6343861,static,54.94662,-14.99991,-10.86972,10.49465,52.640503887477806,-7.711910199816482,70.58160667333381,66.06835379020048,68.21438317208526
3502,3502,05/15/2023 13:24:22.084524,3731,True,True,True,True,Eyes,0.2280996,0.100392,-2.999334,0.8015693,-0.1524205,0.5781474,0.0,0.0,0.0,0.0,0.0,0.0,0.0,-2.566937,0.601549,1.828889,0.3443306,0.1058885,-3.188429,0.1236086,0.4025168,0.007371763,0.9069988,12.60869,48.59696,6.642331,0.06137439,0.03359057,-0.9975485,0.0,0.0,0.0,0.7391899,0.0005294085,-2.600947,-0.128647,0.1251566,0.6770841,0.6758518,0.1128815,-0.728342,0.08613674,0.9693332,0.2301603,0.7319869,-0.2182912,0.6454023,static,54.19825,-14.76918,-10.75805,10.47272,51.92201874582964,-7.512754956179893,69.68840954778635,65.20941900815636,67.39366604462492
3503,3503,05/15/2023 13:24:22.104430,3732,True,True,True,True,Eyes,0.2339321,0.1006184,-3.007691,0.7938783,-0.1530948,0.588489,0.0,0.0,0.0,0.0,0.0,0.0,0.0,-2.54833,0.598621,1.870982,0.3511976,0.1058862,-3.196616,0.1215812,0.3955315,0.008693771,0.9103281,12.38504,47.68451,6.584907,0.06281625,0.03356748,-0.9974596,0.0,0.0,0.0,0.7391899,0.0005294085,-2.600947,-0.1298179,0.1234279,0.6754338,0.6869584,0.1120068,-0.7180129,0.08035004,0.9702849,0.2282349,0.722241,-0.2144803,0.6575457,static,53.45107,-14.58221,-10.87954,10.35589,51.20349278406003,-7.355784592711916,68.99518979307253,64.56009895085965,66.77773360232071
3504,3504,05/15/2023 13:24:22.114049,3733,True,True,True,True,Eyes,0.2398411,0.1009022,-3.016012,0.7861116,-0.1536027,0.5986942,0.0,0.0,0.0,0.0,0.0,0.0,0.0,-2.53216,0.6213916,1.900655,0.3581821,0.1066908,-3.204805,0.1258399,0.3892949,0.007564852,0.9124455,12.92963,46.95811,6.585777,0.06428531,0.0335445,-0.9973668,0.0,0.0,0.0,0.7391899,0.0005294085,-2.600947,-0.1340885,0.1140758,0.6743774,0.6967846,0.1117826,-0.7085169,0.08417259,0.9682142,0.2355339,0.7123247,-0.2237541,0.6652276,static,52.70749,-14.3896,-11.24563,9.601106,50.48860712798734,-7.193259544524852,68.3048719500508,63.97786138827786,66.24016436813655
3505,3505,05/15/2023 13:24:22.134146,3734,True,True,True,True,Eyes,0.2457971,0.1012124,-3.024306,0.7783248,-0.1539864,0.608686,0.0,0.0,0.0,0.0,0.0,0.0,0.0,-2.519911,0.6265211,1.929568,0.3659022,0.1083265,-3.21249,0.1256372,0.384068,0.009047979,0.9146721,12.87846,46.30725,6.659906,0.06578029,0.03352356,-0.9972701,0.0,0.0,0.0,0.7391899,0.0005294085,-2.600947,-0.1416182,0.1106387,0.6724219,0.7048198,0.1130583,-0.7003192,0.07995459,0.9682668,0.2367838,0.7048662,-0.2228836,0.6734141,static,51.97295,-14.19691,-11.8932,9.343591,49.78247865960985,-7.030373842209225,68.06644035906021,63.812193684102084,66.09602223427257
3506,3506,05/15/2023 13:24:22.154166,3735,True,True,True,True,Eyes,0.2517974,0.1015353,-3.032558,0.7706245,-0.1542502,0.6183403,0.0,0.0,0.0,0.0,0.0,0.0,0.0,-2.514192,0.6207746,1.953066,0.3729622,0.1092754,-3.22024,0.1242568,0.3802233,0.0090908,0.916465,12.75843,45.79762,6.544066,0.06729917,0.03350533,-0.9971694,0.0,0.0,0.0,0.7391899,0.0005294085,-2.600947,-0.1479307,0.1089279,0.670047,0.7106953,0.1111535,-0.6946634,0.07782788,0.9689552,0.2346672,0.6991818,-0.220841,0.6799811,static,51.25684,-14.00703,-12.44985,9.233661,49.09412254276344,-6.8696214856056015,67.81350948677985,63.615849150629366,65.91641778924924
3507,3507,05/15/2023 13:24:22.164580,3736,True,True,True,True,Eyes,0.2578416,0.1018582,-3.040764,0.7630003,-0.1543801,0.627692,0.0,0.0,0.0,0.0,0.0,0.0,0.0,-2.511914,0.6223147,1.969616,0.380309,0.1099714,-3.227948,0.1243969,0.3772256,0.008798931,0.9176868,12.80751,45.41906,6.477168,0.06884002,0.03348999,-0.9970647,0.0,0.0,0.0,0.7391899,0.0005294085,-2.600947,-0.1508251,0.09828246,0.6692562,0.7152469,0.1100007,-0.6901607,0.07770203,0.968896,0.2349531,0.694539,-0.2216764,0.6844526,static,50.55714,-13.81757,-12.70013,8.354357,48.42164763331632,-6.708759804356034,67.03041514675431,62.95052969529518,65.2787416874277
3508,3508,05/15/2023 13:24:22.184238,3737,True,True,True,True,Eyes,0.2639103,0.1021726,-3.048937,0.7554421,-0.1544577,0.6367496,0.0,0.0,0.0,0.0,0.0,0.0,0.0,-2.512604,0.6182867,1.983112,0.3873946,0.1102727,-3.235113,0.1230312,0.3750901,0.009431646,0.9187393,12.64982,45.13284,6.450983,0.070401,0.03347728,-0.9969561,0.0,0.0,0.0,0.7391899,0.0005294085,-2.600947,-0.150513,0.09675246,0.6688746,0.718437,0.109626,-0.6868992,0.0749651,0.9695488,0.2331426,0.6915408,-0.2189917,0.6883416,static,49.87302,-13.63499,-12.68171,8.230723,47.76407393809498,-6.554047808566062,66.26615765510529,62.22766461753718,64.57564723311614
3509,3509,05/15/2023 13:24:22.204131,3738,True,True,True,True,Eyes,0.2700054,0.1024696,-3.057051,0.7479229,-0.1545949,0.6455322,0.0,0.0,0.0,0.0,0.0,0.0,0.0,-2.512072,0.6254497,1.995253,0.3941608,0.1104144,-3.242712,0.1238981,0.3727556,0.009533176,0.9195714,12.75363,44.85495,6.469848,0.07197995,0.03346667,-0.9968437,0.0,0.0,0.0,0.7391899,0.0005294085,-2.600947,-0.1494471,0.09697054,0.6677462,0.7219247,0.1099003,-0.6831886,0.07483457,0.9691167,0.2349734,0.6879131,-0.2207592,0.6914049,static,49.20253,-13.4678,-12.61538,8.262771,47.11928087084407,-6.4137575872639685,65.52611473873712,61.5112201206213,63.87760778315965
3510,3510,05/15/2023 13:24:22.214243,3739,True,True,True,True,Eyes,0.2761355,0.1027472,-3.065129,0.7404088,-0.1547096,0.6541099,0.0,0.0,0.0,0.0,0.0,0.0,0.0,-2.508593,0.634779,2.009017,0.400879,0.1102962,-3.249502,0.1248427,0.3699841,0.01010359,0.9205564,12.84846,44.52848,6.536239,0.07357553,0.03345745,-0.9967275,0.0,0.0,0.0,0.7391899,0.0005294085,-2.600947,-0.1489283,0.09291299,0.6673838,0.7260194,0.1109814,-0.6786597,0.07377775,0.9686244,0.2373257,0.6837051,-0.2223731,0.6950521,static,48.5412,-13.30702,-12.57959,7.925759,46.483184230461205,-6.279364878724725,64.70380108067023,60.746990412763225,63.129527613645706
3511,3511,05/15/2023 13:24:22.234265,3740,True,True,True,True,Eyes,0.282293,0.1030154,-3.073134,0.732898,-0.1549071,0.6624683,0.0,0.0,0.0,0.0,0.0,0.0,0.0,-2.503769,0.6461775,2.024217,0.4076165,0.1100843,-3.256622,0.1259629,0.3669306,0.01092029,0.9216161,12.95377,44.17263,6.632892,0.07518646,0.03344885,-0.9966077,0.0,0.0,0.0,0.7391899,0.0005294085,-2.600947,-0.1480544,0.09318197,0.667073,0.7304854,0.1125679,-0.6735871,0.07231065,0.9680282,0.2401928,0.6790894,-0.2241649,0.6989906,static,47.8895,-13.16118,-12.51374,7.952067,45.85600659270414,-6.159085185684405,63.98687835314838,60.05124422777635,62.44980627259844
3512,3512,05/15/2023 13:24:22.254401,3741,True,True,True,True,Eyes,0.2884531,0.1032725,-3.081029,0.7253594,-0.155031,0.6706856,0.0,0.0,0.0,0.0,0.0,0.0,0.0,-2.49672,0.6567996,2.041073,0.4144173,0.1101364,-3.26299,0.1271403,0.3634681,0.01146743,0.922819,13.08044,43.76432,6.696687,0.07681113,0.03344058,-0.9964841,0.0,0.0,0.0,0.7391899,0.0005294085,-2.600947,-0.1475465,0.08901402,0.6664857,0.7355189,0.1135876,-0.6679145,0.07125811,0.9674077,0.242991,0.6737463,-0.2263188,0.7034526,static,47.24275,-13.01549,-12.48281,7.607251,45.23361881150535,-6.038795005213458,63.1857576014301,59.30767847698953,61.71747337402576
3513,3513,05/15/2023 13:24:22.273987,3742,True,True,True,True,Eyes,0.2946395,0.1035229,-3.088848,0.7177364,-0.155154,0.678809,0.0,0.0,0.0,0.0,0.0,0.0,0.0,-2.486681,0.6599367,2.063076,0.4211289,0.1099333,-3.268936,0.1270721,0.3593292,0.01174502,0.9244443,13.09118,43.2475,6.664351,0.07844757,0.03343236,-0.9963568,0.0,0.0,0.0,0.7391899,0.0005294085,-2.600947,-0.1463424,0.08686464,0.6664414,0.7414891,0.1130366,-0.6613747,0.06960617,0.9674295,0.2433827,0.6673446,-0.2265014,0.7094704,static,46.59665,-12.87481,-12.38489,7.426124,44.61172391932553,-5.9233183823963005,62.37747976669108,58.53906055096521,60.96106626295282
3514,3514,05/15/2023 13:24:22.284393,3743,True,True,True,True,Eyes,0.3008442,0.1037691,-3.096569,0.7100966,-0.1551716,0.686793,0.0,0.0,0.0,0.0,0.0,0.0,0.0,-2.473388,0.6586668,2.09042,0.4279329,0.1100682,-3.275073,0.1268078,0.3542979,0.01095805,0.9264302,13.13183,42.60543,6.495042,0.08009391,0.03342404,-0.9962262,0.0,0.0,0.0,0.7391899,0.0005294085,-2.600947,-0.145756,0.08871005,0.6658266,0.7487059,0.1101592,-0.6536854,0.06955175,0.9675995,0.242722,0.6592436,-0.2271924,0.7167856,static,45.95575,-12.73145,-12.34783,7.588994,43.99493817434109,-5.805092884247107,61.743241615366586,57.91294405407399,60.350920219021305
3515,3515,05/15/2023 13:24:22.304347,3744,True,True,True,True,Eyes,0.3070731,0.1040011,-3.104182,0.7023596,-0.1552026,0.6946964,0.0,0.0,0.0,0.0,0.0,0.0,0.0,-2.458745,0.6539587,2.119452,0.434821,0.1105125,-3.280836,0.1264101,0.3489414,0.009395115,0.9285324,13.19082,41.91343,6.230597,0.08175006,0.03341559,-0.996092,0.0,0.0,0.0,0.7391899,0.0005294085,-2.600947,-0.1446728,0.08907607,0.6655344,0.7563033,0.1056667,-0.6456314,0.07077206,0.9678645,0.2413083,0.6503819,-0.228195,0.7245208,static,45.31428,-12.59368,-12.26407,7.623244,43.37744796374384,-5.692278816802852,61.02450659156759,57.21260061554994,59.66535989360591
3516,3516,05/15/2023 13:24:22.314336,3745,True,True,True,True,Eyes,0.3133221,0.104238,-3.111699,0.6946202,-0.1551901,0.7024378,0.0,0.0,0.0,0.0,0.0,0.0,0.0,-2.443665,0.6508218,2.14709,0.4416218,0.1104627,-3.286005,0.1261717,0.3436833,0.00793701,0.9305372,13.25936,41.23858,5.985538,0.08341455,0.03340668,-0.9959543,0.0,0.0,0.0,0.7391899,0.0005294085,-2.600947,-0.1426482,0.0919854,0.6655526,0.7636376,0.1014976,-0.6376174,0.07195487,0.9680354,0.2402706,0.641623,-0.2293593,0.731925,static,44.67939,-12.45828,-12.09721,7.868945,42.76626568470538,-5.581545135544229,60.30570772124828,56.48819920206902,58.96192534652185
3517,3517,05/15/2023 13:24:22.333946,3746,True,True,True,True,Eyes,0.3196015,0.104473,-3.119109,0.6868017,-0.1552031,0.7100813,0.0,0.0,0.0,0.0,0.0,0.0,0.0,-2.427161,0.6557127,2.173838,0.4483577,0.1108638,-3.291402,0.1271497,0.3382794,0.006901437,0.9323907,13.4406,40.57066,5.835848,0.08508696,0.03339761,-0.9958131,0.0,0.0,0.0,0.7391899,0.0005294085,-2.600947,-0.1395544,0.08995116,0.6663069,0.7710389,0.0988939,-0.6290621,0.07315456,0.9675707,0.2417756,0.6325721,-0.2324371,0.7388,static,44.04523,-12.32929,-11.8293,7.688426,42.15561559560379,-5.476973304873108,59.35210237706458,55.56706624180567,58.05514092903203
3518,3518,05/15/2023 13:24:22.354674,3747,True,True,True,True,Eyes,0.3258761,0.1047292,-3.126404,0.679165,-0.1551249,0.7174059,0.0,0.0,0.0,0.0,0.0,0.0,0.0,-2.411836,0.658349,2.198996,0.4553605,0.1110792,-3.296402,0.127297,0.3332555,0.006709252,0.9341795,13.49524,39.94688,5.74753,0.08676656,0.03338843,-0.9956685,0.0,0.0,0.0,0.7391899,0.0005294085,-2.600947,-0.1372342,0.08821725,0.6670094,0.7777916,0.09738011,-0.6209326,0.07230952,0.9675009,0.2423082,0.6243488,-0.2333646,0.7454726,static,43.43152,-12.20124,-11.62612,7.534093,41.56474516936075,-5.372667194346884,58.487837120126855,54.73438221245848,57.23455803638137
3519,3519,05/15/2023 13:24:22.364619,3748,True,True,True,True,Eyes,0.3321896,0.1049943,-3.133591,0.6715684,-0.1550436,0.7245394,0.0,0.0,0.0,0.0,0.0,0.0,0.0,-2.401654,0.6638065,2.218134,0.4624655,0.1119321,-3.301863,0.1283768,0.3292259,0.005948406,0.9354648,13.66633,39.45539,5.6497,0.08845258,0.03337995,-0.9955205,0.0,0.0,0.0,0.7391899,0.0005294085,-2.600947,-0.1350878,0.08503661,0.6678389,0.7831498,0.09565894,-0.6144312,0.07340085,0.9669681,0.2441006,0.6174858,-0.2362671,0.7502594,static,42.82713,-12.07851,-11.43527,7.256482,40.982755849378144,-5.273201884059277,57.60425304958015,53.89473454968054,56.40160219380724
3520,3520,05/15/2023 13:24:22.384571,3749,True,True,True,True,Eyes,0.3384986,0.1052442,-3.140664,0.6642598,-0.1548052,0.7312964,0.0,0.0,0.0,0.0,0.0,0.0,0.0,-2.395175,0.6664693,2.23284,0.4697164,0.1124106,-3.306561,0.1283666,0.3261735,0.006412772,0.9365318,13.66564,39.08238,5.655141,0.0901443,0.03337248,-0.995369,0.0,0.0,0.0,0.7391899,0.0005294085,-2.600947,-0.1332069,0.07821923,0.6686645,0.7871395,0.09575106,-0.6092973,0.07172801,0.9669618,0.2446221,0.6125901,-0.2362554,0.7542657,static,42.24987,-11.95227,-11.26659,6.67204,40.42713694781624,-5.169499211509302,56.66459577114885,53.03266405389319,55.53157496106682
3521,3521,05/15/2023 13:24:22.404124,3750,True,True,True,True,Eyes,0.3448234,0.1054948,-3.147632,0.6570421,-0.1547656,0.7377963,0.0,0.0,0.0,0.0,0.0,0.0,0.0,-2.394605,0.6654251,2.242548,0.4766264,0.1123511,-3.311517,0.1284667,0.3241827,0.005374625,0.9372156,13.72825,38.82542,5.515408,0.09184065,0.03336554,-0.9952141,0.0,0.0,0.0,0.7391899,0.0005294085,-2.600947,-0.1315634,0.07415815,0.669462,0.7897534,0.09336769,-0.6062773,0.07321896,0.9669349,0.2442866,0.6090392,-0.2373172,0.7568038,static,41.68656,-11.84701,-11.11814,6.321042,39.88445615058927,-5.085601836600074,55.84276547203499,52.26257109744171,54.75813781868886
3522,3522,05/15/2023 13:24:22.414361,3751,True,True,True,True,Eyes,0.3511567,0.1057595,-3.15447,0.6500746,-0.1545267,0.7439922,0.0,0.0,0.0,0.0,0.0,0.0,0.0,-2.392112,0.6804504,2.248785,0.4833382,0.1126569,-3.316013,0.1309122,0.3221353,0.00525285,0.9375837,14.01041,38.60852,5.571098,0.0935416,0.0333592,-0.9950559,0.0,0.0,0.0,0.7391899,0.0005294085,-2.600947,-0.129973,0.07160409,0.669826,0.7924026,0.09419288,-0.6026824,0.07449293,0.9656688,0.2488666,0.6054329,-0.2420981,0.7581817,static,41.14584,-11.73347,-10.9812,6.10172,39.36387897376053,-4.993007085694603,55.09375918829373,51.55307891853046,54.048627416889246
3523,3523,05/15/2023 13:24:22.433883,3752,True,True,True,True,Eyes,0.357514,0.1060134,-3.161187,0.643121,-0.1542375,0.7500708,0.0,0.0,0.0,0.0,0.0,0.0,0.0,-2.387262,0.6850353,2.260253,0.4904017,0.1132335,-3.320199,0.130522,0.3197287,0.007214948,0.9384485,13.90795,38.328,5.735414,0.09524644,0.03335398,-0.9948943,0.0,0.0,0.0,0.7391899,0.0005294085,-2.600947,-0.1287155,0.06942864,0.6700647,0.7954429,0.09700499,-0.5982144,0.06992156,0.9658239,0.24959,0.6019813,-0.2403627,0.7614751,static,40.61024,-11.61979,-10.87372,5.915583,38.84826420218794,-4.900116707824965,54.38830245126914,50.88472337718338,53.3798381566154
3524,3524,05/15/2023 13:24:22.454505,3753,True,True,True,True,Eyes,0.3638649,0.1062454,-3.167761,0.6362817,-0.15376,0.7559785,0.0,0.0,0.0,0.0,0.0,0.0,0.0,-2.378078,0.6874067,2.276455,0.4973453,0.1131984,-3.324134,0.1299179,0.3164203,0.008577826,0.9396414,13.81125,37.92599,5.812039,0.09695446,0.03334953,-0.9947295,0.0,0.0,0.0,0.7391899,0.0005293787,-2.600947,-0.1278767,0.06881545,0.6704133,0.7996092,0.0983375,-0.5924145,0.06609717,0.9660955,0.2495809,0.5968721,-0.2387241,0.765999,moving,40.08619,-11.49668,-10.79905,5.860675,38.34409245628733,-4.797765546103801,53.76416485405149,50.28569185517665,52.78530031177542
3525,3525,05/15/2023 13:24:22.464604,3754,True,True,True,True,Eyes,0.370258,0.1064477,-3.174207,0.6293859,-0.1532505,0.7618318,0.0,0.0,0.0,0.0,0.0,0.0,0.0,-2.366521,0.6892186,2.295306,0.5045522,0.1129303,-3.328145,0.1293463,0.3125536,0.009561885,0.941004,13.73629,37.45182,5.840603,0.09866531,0.03334522,-0.9945614,0.0,0.0,0.0,0.7420633,0.0005456606,-2.600978,-0.1257495,0.0672562,0.6732463,0.8044376,0.09885083,-0.5857548,0.06285974,0.9663562,0.2494079,0.590702,-0.2374535,0.7711595,moving,39.56175,-11.37385,-10.57984,5.704827,37.83953537007277,-4.695696773830215,52.97037149009274,49.52380039938391,52.02533278051988
3526,3526,05/15/2023 13:24:22.484192,3755,True,True,True,True,Eyes,0.3766592,0.1066259,-3.180505,0.6224669,-0.1526805,0.7676091,0.0,0.0,0.0,0.0,0.0,0.0,0.0,-2.35216,0.6918077,2.315879,0.5119845,0.1124008,-3.331634,0.1287487,0.3082094,0.01077474,0.9425046,13.65356,36.92205,5.887306,0.1003797,0.03334023,-0.99439,0.0,0.0,0.0,0.7449244,0.000561873,-2.601009,-0.1241245,0.06497086,0.676026,0.8097818,0.09967356,-0.578203,0.05905261,0.9666154,0.2493341,0.5837519,-0.2360506,0.7768616,moving,39.03917,-11.24954,-10.40414,5.489668,37.3368200042996,-4.592141687774896,52.20001904428162,48.79387409001919,51.29161752895859
3527,3527,05/15/2023 13:24:22.504884,3756,True,True,True,True,Eyes,0.3831162,0.1067739,-3.186671,0.6154622,-0.1521067,0.7733498,0.0,0.0,0.0,0.0,0.0,0.0,0.0,-2.335872,0.6962459,2.337884,0.5196332,0.1120499,-3.335294,0.128719,0.3034177,0.01149663,0.9440535,13.65404,36.34117,5.895887,0.1020971,0.03333402,-0.9942153,0.0,0.0,0.0,0.7478352,0.0005783665,-2.601041,-0.122818,0.06467602,0.6788755,0.815611,0.09981812,-0.5699254,0.05640437,0.9665985,0.2500118,0.5758448,-0.2360587,0.7827383,moving,38.51416,-11.12722,-10.25469,5.442107,36.83169698048958,-4.490582866558518,51.506730895635656,48.122615960290986,50.62538090134224
3528,3528,05/15/2023 13:24:22.514190,3757,True,True,True,True,Eyes,0.3895708,0.1068791,-3.192682,0.6084629,-0.1514931,0.7789882,0.0,0.0,0.0,0.0,0.0,0.0,0.0,-2.319717,0.6966994,2.359882,0.5274713,0.1114777,-3.338393,0.128253,0.2986319,0.01173879,0.9456387,13.6241,35.74976,5.834929,0.1038188,0.03332592,-0.9940373,0.0,0.0,0.0,0.7507876,0.0005950966,-2.601073,-0.1224302,0.06438994,0.6812001,0.8213623,0.09880219,-0.5617846,0.05439959,0.9668267,0.2495731,0.5678068,-0.2355508,0.7887403,moving,37.99318,-11.00518,-10.18884,5.399797,36.330469272028246,-4.389167837733379,50.89823495614488,47.53808965178337,50.043659260083054
3529,3529,05/15/2023 13:24:22.534135,3758,True,True,True,True,Eyes,0.3960858,0.1069495,-3.198564,0.6014055,-0.1509398,0.7845563,0.0,0.0,0.0,0.0,0.0,0.0,0.0,-2.304688,0.6991352,2.380263,0.5352647,0.1106373,-3.341748,0.1283272,0.2940441,0.01148614,0.9470683,13.66912,35.1857,5.742512,0.1055439,0.03331492,-0.993856,0.0,0.0,0.0,0.7535983,0.0006110232,-2.601104,-0.1216044,0.06340919,0.6835212,0.8268122,0.09722404,-0.5540118,0.05371141,0.9668004,0.2498242,0.5599077,-0.2363144,0.7941403,moving,37.47215,-10.89001,-10.08787,5.30007,35.82900579980538,-4.294382952571049,50.240165135146604,46.908560100197626,49.41373691152079
3530,3530,05/15/2023 13:24:22.555619,3759,True,True,True,True,Eyes,0.4026385,0.1069908,-3.204302,0.5943786,-0.1503366,0.7900082,0.0,0.0,0.0,0.0,0.0,0.0,0.0,-2.290109,0.7046106,2.398434,0.5432752,0.1098832,-3.344598,0.1286922,0.2896775,0.01177038,0.9483601,13.72569,34.66013,5.723716,0.1072734,0.03330038,-0.9936713,0.0,0.0,0.0,0.7565683,0.000627852,-2.601136,-0.1203814,0.06339917,0.6864821,0.8318968,0.09688358,-0.5464076,0.05223334,0.9665996,0.2509123,0.5524666,-0.2372738,0.7990506,moving,36.95671,-10.77442,-9.94625,5.27651,35.33296755108315,-4.199017542452972,49.57338006053753,46.26006014096935,48.77068915660287
3531,3531,05/15/2023 13:24:22.564693,3760,True,True,True,True,Eyes,0.4092641,0.1069902,-3.209911,0.5872991,-0.1497539,0.7953952,0.0,0.0,0.0,0.0,0.0,0.0,0.0,-2.274946,0.7054183,2.41837,0.5514478,0.1092456,-3.347458,0.1281734,0.2851769,0.01228807,0.9497867,13.67807,34.10892,5.696636,0.1090084,0.03328191,-0.9934831,0.0,0.0,0.0,0.7595198,0.0006445767,-2.601168,-0.1189837,0.06220715,0.6891391,0.8370463,0.09644628,-0.5385644,0.0497621,0.9668412,0.2504834,0.5448645,-0.2364663,0.8044915,moving,36.4412,-10.66261,-9.795857,5.157991,34.83675843123754,-4.107301491300746,48.868771787537796,45.58416397371018,48.09339640904282
3532,3532,05/15/2023 13:24:22.584239,3761,True,True,True,True,Eyes,0.4159541,0.1069401,-3.215398,0.5802854,-0.1491361,0.8006418,0.0,0.0,0.0,0.0,0.0,0.0,0.0,-2.260963,0.7074276,2.436313,0.5598747,0.1082437,-3.350053,0.1280195,0.2808866,0.01240909,0.9510835,13.68261,33.58467,5.64198,0.1107494,0.03325874,-0.9932914,0.0,0.0,0.0,0.7622906,0.0006602771,-2.601199,-0.1176215,0.06133814,0.6921214,0.8418975,0.09552205,-0.5311159,0.04831372,0.9669141,0.2504855,0.5374703,-0.2365433,0.8094276,moving,35.93367,-10.5516,-9.644897,5.064515,34.348255919528,-4.0161070994426025,48.179547709237724,44.92054320145584,47.42959103894682
3533,3533,05/15/2023 13:24:22.604102,3762,True,True,True,True,Eyes,0.4227168,0.1068439,-3.22076,0.5732533,-0.1486183,0.8057873,0.0,0.0,0.0,0.0,0.0,0.0,0.0,-2.248788,0.7102755,2.452385,0.5683267,0.1070116,-3.352803,0.1280525,0.2769364,0.01238231,0.9522371,13.7104,33.10337,5.582471,0.1124985,0.03322992,-0.9930958,0.0,0.0,0.0,0.765098,0.0006761854,-2.601229,-0.1163554,0.06029326,0.6948801,0.8463058,0.09450658,-0.524247,0.047343,0.9668984,0.2507309,0.5305893,-0.2370145,0.8138177,moving,35.42882,-10.45012,-9.505801,4.959013,33.86208904211276,-3.934023769990724,47.503279299700246,44.27030595892906,46.777733514609515
3534,3534,05/15/2023 13:24:22.614141,3763,True,True,True,True,Eyes,0.42953,0.106709,-3.225989,0.566338,-0.1480989,0.8107576,0.0,0.0,0.0,0.0,0.0,0.0,0.0,-2.237354,0.7176377,2.465941,0.5768802,0.1058302,-3.355239,0.1289048,0.2731893,0.01227886,0.9532054,13.82969,32.65777,5.545775,0.1142562,0.03319476,-0.9928963,0.0,0.0,0.0,0.7682692,0.0006941548,-2.601264,-0.1145407,0.05903633,0.6982156,0.8504336,0.09383941,-0.5176455,0.04702231,0.9664655,0.2524545,0.5239767,-0.2390367,0.8175023,moving,34.93543,-10.35193,-9.316265,4.833043,33.38693116226837,-3.854755475082606,46.78456920164761,43.57798532305985,46.08302626947249
3535,3535,05/15/2023 13:24:22.634162,3764,True,True,True,True,Eyes,0.4364274,0.1065209,-3.231093,0.5594229,-0.1475704,0.8156403,0.0,0.0,0.0,0.0,0.0,0.0,0.0,-2.225796,0.7226326,2.480274,0.5855476,0.1047981,-3.357719,0.1292247,0.2694244,0.01250169,0.9542301,13.87967,32.20696,5.526346,0.1160231,0.03315286,-0.9926927,0.0,0.0,0.0,0.7709601,0.0007094021,-2.601293,-0.113373,0.05851118,0.7007563,0.8545083,0.09349156,-0.5109549,0.0457736,0.9662893,0.2533567,0.5174169,-0.2398837,0.8214229,moving,34.44505,-10.25535,-9.190057,4.772965,32.9146444859962,-3.7769462179056346,46.15054511748127,42.96401830670543,45.46992664376134
3536,3536,05/15/2023 13:24:22.654071,3765,True,True,True,True,Eyes,0.4433614,0.1062712,-3.23606,0.5526748,-0.1470068,0.820329,0.0,0.0,0.0,0.0,0.0,0.0,0.0,-2.21588,0.7244204,2.493542,0.5945064,0.1035573,-3.359836,0.1288918,0.2659746,0.01297402,0.9552362,13.84775,31.78901,5.517214,0.117801,0.03310338,-0.9924849,0.0,0.0,0.0,0.7736885,0.0007248626,-2.601323,-0.1124441,0.05799797,0.7036185,0.8581784,0.09335039,-0.5047926,0.04377736,0.9664372,0.2531457,0.5114816,-0.2393426,0.8252888,moving,33.96907,-10.15983,-9.079571,4.712132,32.45627493176973,-3.6997081724978296,45.545150627441394,42.37906974386484,44.88487708921546
3537,3537,05/15/2023 13:24:22.664262,3766,True,True,True,True,Eyes,0.450379,0.1059779,-3.240901,0.5459222,-0.1464241,0.8249418,0.0,0.0,0.0,0.0,0.0,0.0,0.0,-2.206543,0.7303548,2.505321,0.6034106,0.1018758,-3.362201,0.1290773,0.2626911,0.01364444,0.9561101,13.86622,31.40132,5.550602,0.1195893,0.03304539,-0.992273,0.0,0.0,0.0,0.7766493,0.0007416396,-2.601355,-0.1119893,0.05657344,0.7062567,0.8616144,0.09390607,-0.4988008,0.04172371,0.9663058,0.2539927,0.5058455,-0.2396556,0.8286649,moving,33.49541,-10.06497,-9.010223,4.579798,32.00013423979453,-3.623034185724772,44.95773644774071,41.82267156462784,44.32030408070234
3538,3538,05/15/2023 13:24:22.684049,3767,True,True,True,True,Eyes,0.4574838,0.1056272,-3.245631,0.5391755,-0.1457926,0.8294784,0.0,0.0,0.0,0.0,0.0,0.0,0.0,-2.195942,0.7335715,2.518373,0.6124911,0.1002917,-3.364118,0.1285537,0.2592387,0.01491122,0.9571035,13.78902,30.99144,5.625182,0.1213894,0.03297853,-0.9920566,0.0,0.0,0.0,0.7795908,0.0007583073,-2.601388,-0.1117603,0.05644285,0.7091843,0.8651459,0.09519536,-0.4924028,0.03810905,0.9665031,0.2538095,0.5000703,-0.2383473,0.8325384,moving,33.02458,-9.968727,-8.955582,4.550488,31.546772043047,-3.544937060319147,44.42005859701751,41.30346946608201,43.80129007200842
3539,3539,05/15/2023 13:24:22.704189,3768,True,True,True,True,Eyes,0.4646761,0.1052326,-3.250243,0.5324239,-0.145272,0.833919,0.0,0.0,0.0,0.0,0.0,0.0,0.0,-2.184524,0.7385387,2.531812,0.6216694,0.09855741,-3.366225,0.1286309,0.2555457,0.01544201,0.9580773,13.803,30.55179,5.633586,0.1232026,0.03290207,-0.9918356,0.0,0.0,0.0,0.7824768,0.0007746611,-2.601419,-0.111998,0.05633695,0.711713,0.8689159,0.0953314,-0.4856924,0.03615283,0.9664313,0.2543689,0.4936377,-0.2385843,0.836301,moving,32.5566,-9.881986,-8.942955,4.525916,31.095910884736416,-3.475918650634225,43.92949698368545,40.83062746409857,43.328152994141554
3540,3540,05/15/2023 13:24:22.714206,3769,True,True,True,True,Eyes,0.4719168,0.1048033,-3.254723,0.5257564,-0.1446698,0.8382427,0.0,0.0,0.0,0.0,0.0,0.0,0.0,-2.173958,0.7498465,2.542202,0.6310124,0.09712635,-3.368018,0.1297129,0.2521062,0.01621078,0.9588296,13.92027,30.15986,5.705146,0.12503,0.03281581,-0.9916098,0.0,0.0,0.0,0.7853544,0.0007909666,-2.60145,-0.1123343,0.05762895,0.7144743,0.8723595,0.09648959,-0.4792482,0.03431609,0.9658235,0.2569188,0.4876592,-0.2405715,0.8392341,moving,32.09645,-9.792044,-8.935264,4.611451,30.65272016789044,-3.403566206111715,43.48634523609475,40.39119942872966,42.89844936064768
3541,3541,05/15/2023 13:24:22.733990,3770,True,True,True,True,Eyes,0.47925,0.1043474,-3.259092,0.5190724,-0.1440963,0.8424964,0.0,0.0,0.0,0.0,0.0,0.0,0.0,-2.162882,0.7574603,2.554156,0.6403421,0.09590414,-3.369908,0.1297697,0.2486503,0.0179096,0.9596938,13.89668,29.76441,5.84815,0.1268712,0.03271982,-0.991379,0.0,0.0,0.0,0.7882605,0.0008074338,-2.601482,-0.1135269,0.06052019,0.7168292,0.8757046,0.09891,-0.472608,0.03015906,0.9656782,0.2579848,0.4819045,-0.2401719,0.8426657,moving,31.63773,-9.705669,-8.999399,4.825902,30.210817099478582,-3.3346105705586835,43.157187224038154,40.05040589035342,42.57790257860018
3542,3542,05/15/2023 13:24:22.754414,3771,True,True,True,True,Eyes,0.486674,0.1038825,-3.263339,0.5123869,-0.1433309,0.846709,0.0,0.0,0.0,0.0,0.0,0.0,0.0,-2.150774,0.7673107,2.566123,0.6499508,0.09480129,-3.37167,0.1299609,0.2450666,0.02014357,0.9605452,13.87435,29.36272,6.05442,0.1287273,0.03261444,-0.9911433,0.0,0.0,0.0,0.7911108,0.0008235847,-2.601513,-0.1155095,0.06328493,0.719461,0.8790731,0.1023958,-0.4655593,0.02500054,0.9654088,0.2595396,0.4760308,-0.2397935,0.846105,moving,31.18027,-9.607947,-9.120999,5.026889,29.770443733160352,-3.2546671794606423,42.87622543738262,39.76340642626401,42.30713682767184
3543,3543,05/15/2023 13:24:22.764722,3772,True,True,True,True,Eyes,0.4942023,0.1034159,-3.267471,0.5056709,-0.1424536,0.8508841,0.0,0.0,0.0,0.0,0.0,0.0,0.0,-2.139838,0.7727649,2.578174,0.6599566,0.094111,-3.373226,0.129182,0.241704,0.02308456,0.9614356,13.72376,28.98389,6.313928,0.1305996,0.03250047,-0.9909021,0.0,0.0,0.0,0.7939759,0.0008398199,-2.601544,-0.1181108,0.06553055,0.7218944,0.8820926,0.1068362,-0.4588013,0.01805894,0.9655583,0.2595595,0.4707297,-0.237241,0.8497825,moving,30.72254,-9.504223,-9.291964,5.186855,29.329972549133625,-3.1689411757920025,42.62614576956378,39.5154819347643,42.06918428469496
3544,3544,05/15/2023 13:24:22.784261,3773,True,True,True,True,Eyes,0.501839,0.1029426,-3.271495,0.4988319,-0.1413823,0.8550893,0.0,0.0,0.0,0.0,0.0,0.0,0.0,-2.126685,0.7740773,2.593052,0.6700466,0.09355761,-3.374639,0.1275742,0.2379431,0.02638002,0.9625031,13.47536,28.55029,6.583363,0.1324893,0.03237884,-0.9906552,0.0,0.0,0.0,0.7968967,0.0008563699,-2.601576,-0.1204797,0.06697753,0.7247103,0.8853744,0.1114925,-0.451311,0.009929087,0.9660578,0.258135,0.4647727,-0.2330272,0.8542159,moving,30.25793,-9.388467,-9.438834,5.280261,28.883166367234463,-3.071821733065092,42.3202629151767,39.221588419214775,41.778639123379094
3545,3545,05/15/2023 13:24:22.804460,3774,True,True,True,True,Eyes,0.5095892,0.1024838,-3.275396,0.4919166,-0.140266,0.8592693,0.0,0.0,0.0,0.0,0.0,0.0,0.0,-2.111148,0.7731185,2.610376,0.6801314,0.09286448,-3.376021,0.1259466,0.2336472,0.02886827,0.9636976,13.25345,28.04233,6.755209,0.1343975,0.03225028,-0.9904024,0.0,0.0,0.0,0.7998767,0.0008732562,-2.601609,-0.1224295,0.06851186,0.7280707,0.8891512,0.1144947,-0.4430588,0.003213587,0.9666081,0.2562388,0.4576022,-0.2292589,0.8590929,moving,29.79038,-9.271114,-9.545335,5.375735,28.43355642045148,-2.9732536007876105,41.97414275705969,38.88575322894652,41.44754434461989
3546,3546,05/15/2023 13:24:22.814180,3775,True,True,True,True,Eyes,0.5174805,0.1020564,-3.279192,0.4848289,-0.1390612,0.8634831,0.0,0.0,0.0,0.0,0.0,0.0,0.0,-2.095018,0.7739313,2.627129,0.6906792,0.09272549,-3.377017,0.1248421,0.2291987,0.03109262,0.9648398,13.10007,27.52065,6.912783,0.136326,0.03211603,-0.9901431,0.0,0.0,0.0,0.8028345,0.0008900157,-2.601641,-0.1237183,0.07220004,0.7311343,0.8930025,0.1172261,-0.4345167,-0.002771515,0.9668954,0.255158,0.4500434,-0.2266524,0.8637648,moving,29.31336,-9.148746,-9.60428,5.639716,27.974911779153388,-2.870143653542025,41.63269522256569,38.53068084134217,41.11533403753031
3547,3547,05/15/2023 13:24:22.833934,3776,True,True,True,True,Eyes,0.5254902,0.1016405,-3.282877,0.4777257,-0.1378799,0.8676216,0.0,0.0,0.0,0.0,0.0,0.0,0.0,-2.07891,0.7774001,2.643047,0.7014366,0.09296982,-3.378055,0.123997,0.2248165,0.0338377,0.9658868,12.96287,27.0175,7.139598,0.1382759,0.03197775,-0.9898771,0.0,0.0,0.0,0.8056907,0.0009062006,-2.601672,-0.1244031,0.07250024,0.7344481,0.8966252,0.1211199,-0.425903,-0.00961367,0.9669595,0.2547486,0.442686,-0.2243195,0.8681647,moving,28.83785,-9.029769,-9.613686,5.637626,27.517637063615837,-2.770258191679001,41.15401677655926,38.07134971386351,40.654639107275244
3548,3548,05/15/2023 13:24:22.854698,3777,True,True,True,True,Eyes,0.5336236,0.101236,-3.286481,0.4706357,-0.1368772,0.8716459,0.0,0.0,0.0,0.0,0.0,0.0,0.0,-2.066965,0.7828686,2.655016,0.7123474,0.0928157,-3.379095,0.1237053,0.2211341,0.03600474,0.9666957,12.89982,26.59922,7.327521,0.140249,0.03183629,-0.9896041,0.0,0.0,0.0,0.8085709,0.0009225209,-2.601704,-0.1236828,0.07414469,0.7384001,0.8996068,0.1243222,-0.4186308,-0.01490032,0.9668013,0.2550945,0.4364467,-0.223247,0.8715934,moving,28.36634,-8.924452,-9.508833,5.734,27.06386374603925,-2.683427265605413,40.612792871412246,37.52885861639689,40.12635224572599
3549,3549,05/15/2023 13:24:22.864602,3778,True,True,True,True,Eyes,0.5418631,0.1009166,-3.289981,0.4636332,-0.1360513,0.8755195,0.0,0.0,0.0,0.0,0.0,0.0,0.0,-2.060071,0.8008341,2.659836,0.7230643,0.09265779,-3.380613,0.1253796,0.2185267,0.03831773,0.9669839,13.04599,26.33917,7.603564,0.1422464,0.03169239,-0.9893235,0.0,0.0,0.0,0.8114802,0.000939006,-2.601735,-0.1231005,0.07889499,0.7418498,0.9015557,0.1289028,-0.4130151,-0.01930767,0.9656234,0.2592269,0.4322321,-0.2257331,0.8730521,moving,27.90355,-8.832829,-9.421652,6.070531,26.618162097169755,-2.6095356764036453,40.19055664743154,37.07036225430457,39.7074286284166
3550,3550,05/15/2023 13:24:22.884152,3779,True,True,True,True,Eyes,0.5502322,0.1006952,-3.293377,0.4565255,-0.1351135,0.8793912,0.0,0.0,0.0,0.0,0.0,0.0,0.0,-2.053617,0.8224558,2.662538,0.7338849,0.09438936,-3.381625,0.1272983,0.2162304,0.04206761,0.9670935,13.18089,26.13876,8.054172,0.144268,0.031549,-0.9890353,0.0,0.0,0.0,0.8143353,0.0009551847,-2.601767,-0.1214829,0.07379585,0.7455769,0.9029495,0.1364181,-0.4075198,-0.02631509,0.9640509,0.2644112,0.4289403,-0.2280261,0.8740791,moving,27.43554,-8.734869,-9.254339,5.652621,26.167577818853037,-2.529693463295203,39.40998718008851,36.35467591793377,38.95618622793154
3551,3551,05/15/2023 13:24:22.904138,3780,True,True,True,True,Eyes,0.5586923,0.100527,-3.296681,0.4494962,-0.1341472,0.8831521,0.0,0.0,0.0,0.0,0.0,0.0,0.0,-2.048386,0.8205244,2.671063,0.744763,0.09638707,-3.382272,0.1255168,0.2138586,0.04564463,0.9676914,12.90881,25.87348,8.37828,0.1463153,0.03140905,-0.988739,0.0,0.0,0.0,0.817183,0.0009713204,-2.601798,-0.1187262,0.07140304,0.7501764,0.9043622,0.1420255,-0.4024398,-0.03465417,0.9643242,0.262446,0.4253565,-0.2234,0.8770202,moving,26.97464,-8.636976,-8.993289,5.437128,25.723877564570767,-2.449692948837506,38.62346851270425,35.60173589800324,38.191040020030876
3552,3552,05/15/2023 13:24:22.914274,3781,True,True,True,True,Eyes,0.5672212,0.100418,-3.299884,0.4424841,-0.1332083,0.8868276,0.0,0.0,0.0,0.0,0.0,0.0,0.0,-2.043584,0.8226833,2.6785,0.7554416,0.09746416,-3.383373,0.1247475,0.2114958,0.04811468,0.9681904,12.77991,25.61036,8.606215,0.148388,0.03127387,-0.9884343,0.0,0.0,0.0,0.8203688,0.0009893728,-2.601832,-0.1169871,0.07858224,0.7539921,0.905909,0.1459355,-0.397532,-0.04040118,0.964246,0.2619108,0.4215407,-0.2212066,0.8794152,moving,26.51698,-8.542404,-8.819512,5.949975,25.283224605147705,-2.372795132424348,38.19288829017393,35.10363437932397,37.758524884644345
3553,3553,05/15/2023 13:24:22.934121,3782,True,True,True,True,Eyes,0.5758273,0.1003615,-3.302998,0.4354738,-0.1321354,0.8904508,0.0,0.0,0.0,0.0,0.0,0.0,0.0,-2.036405,0.8269062,2.687003,0.7660649,0.09878001,-3.384389,0.124342,0.2087548,0.05059591,0.9687108,12.69602,25.30777,8.841264,0.1504853,0.03114486,-0.9881213,0.0,0.0,0.0,0.8229988,0.001004276,-2.601861,-0.1175983,0.07721747,0.7573186,0.907723,0.1499396,-0.3918636,-0.04611165,0.9639583,0.2620271,0.4170284,-0.2197785,0.8819211,moving,26.06089,-8.440619,-8.826534,5.821854,24.844288843534635,-2.2888885636502208,37.69019089141769,34.63392059664197,37.27450477042704
3554,3554,05/15/2023 13:24:22.954966,3783,True,True,True,True,Eyes,0.5845312,0.1003486,-3.306038,0.4282333,-0.1311144,0.8941058,0.0,0.0,0.0,0.0,0.0,0.0,0.0,-2.027349,0.8178021,2.700976,0.7765799,0.09994014,-3.385432,0.1220939,0.2054303,0.0523347,0.9696147,12.43112,24.89943,8.933808,0.1526067,0.03102304,-0.9877998,0.0,0.0,0.0,0.8258956,0.00102069,-2.601893,-0.1196785,0.07546268,0.7610543,0.9101189,0.1516526,-0.3855971,-0.05132539,0.9647083,0.2582704,0.411156,-0.2152658,0.8857829,moving,25.59216,-8.342567,-8.93678,5.662679,24.39300977261812,-2.208980160483584,37.261167628566284,34.24672107261868,36.86453288329327
3555,3555,05/15/2023 13:24:22.964454,3784,True,True,True,True,Eyes,0.593303,0.1003706,-3.308992,0.4210157,-0.1299861,0.8976911,0.0,0.0,0.0,0.0,0.0,0.0,0.0,-2.020196,0.8083097,2.713459,0.7870594,0.1008626,-3.386411,0.1203997,0.2022976,0.05268435,0.970466,12.26138,24.50634,8.887451,0.1547523,0.03090901,-0.9874694,0.0,0.0,0.0,0.828764,0.001036944,-2.601924,-0.1232842,0.076386,0.7641016,0.9126001,0.1509698,-0.3799594,-0.05354362,0.9654565,0.2550034,0.4053321,-0.2123717,0.8891593,moving,25.1265,-8.239189,-9.165416,5.708799,23.944849153550123,-2.123836657176187,37.02001988383042,34.024106746194875,36.63613869546161
3556,3556,05/15/2023 13:24:22.984596,3785,True,True,True,True,Eyes,0.6021514,0.100447,-3.311867,0.4136614,-0.1290691,0.9012355,0.0,0.0,0.0,0.0,0.0,0.0,0.0,-2.01324,0.7962624,2.726439,0.7975086,0.1016925,-3.38737,0.1183871,0.1991539,0.05281085,0.9713566,12.06125,24.10555,8.808427,0.1569212,0.03080309,-0.9871303,0.0,0.0,0.0,0.8317236,0.001053714,-2.601956,-0.1276654,0.07503171,0.7670173,0.9150975,0.1497508,-0.3743946,-0.05544181,0.966391,0.2510271,0.399403,-0.2089572,0.8926445,moving,24.65483,-8.150111,-9.449906,5.587052,23.490478054034977,-2.0526790804739568,36.76741308439125,33.81470675030735,36.39988218665236
3557,3557,05/15/2023 13:24:23.004151,3786,True,True,True,True,Eyes,0.611068,0.1005737,-3.314655,0.4063544,-0.1280976,0.9046917,0.0,0.0,0.0,0.0,0.0,0.0,0.0,-2.007008,0.7935421,2.736063,0.8079836,0.1030406,-3.38827,0.1178841,0.1962836,0.05310979,0.9719854,12.02357,23.76151,8.793578,0.159113,0.03070616,-0.9867825,0.0,0.0,0.0,0.8346506,0.0010703,-2.601988,-0.1317512,0.07754958,0.7701567,0.9173042,0.1495213,-0.369048,-0.05696644,0.9665654,0.2500124,0.3940911,-0.2083141,0.8951522,moving,24.18787,-8.059082,-9.707656,5.749918,23.040721670074745,-1.9794913748983407,36.60048037685675,33.6481798810369,36.24067920763297
3558,3558,05/15/2023 13:24:23.014323,3787,True,True,True,True,Eyes,0.6200445,0.1007339,-3.317376,0.3988928,-0.1272991,0.9081186,0.0,0.0,0.0,0.0,0.0,0.0,0.0,-2.001207,0.7855103,2.746695,0.8185816,0.1043565,-3.388986,0.1166123,0.1933948,0.05322642,0.9727112,11.90402,23.40262,8.738173,0.1613273,0.03061884,-0.9864256,0.0,0.0,0.0,0.8374562,0.001086198,-2.602019,-0.1345775,0.0800906,0.77281,0.9195307,0.1486523,-0.3638208,-0.05844343,0.967137,0.2474477,0.3886482,-0.2062728,0.8980001,moving,23.71358,-7.979667,-9.878456,5.916758,22.58354966513907,-1.9177393777831664,36.35292987375187,33.394028822021646,35.99986344750596
3559,3559,05/15/2023 13:24:23.034047,3788,True,True,True,True,Eyes,0.6290705,0.1009327,-3.320028,0.3915685,-0.1266346,0.9113933,0.0,0.0,0.0,0.0,0.0,0.0,0.0,-2.000512,0.778905,2.753623,0.8289724,0.1053384,-3.390116,0.1163161,0.1912457,0.05159329,0.9732594,11.92772,23.12542,8.517711,0.1635627,0.03054119,-0.9860598,0.0,0.0,0.0,0.8402807,0.001102202,-2.60205,-0.1371248,0.08301215,0.7757878,0.9215264,0.1449172,-0.3602611,-0.0559374,0.9676175,0.2461454,0.3842656,-0.2066775,0.8997913,moving,23.25016,-7.910379,-10.02381,6.10762,22.13662881786828,-1.8654176512260587,36.10625119733287,33.1340180833191,35.75824589962412
3560,3560,05/15/2023 13:24:23.054059,3789,True,True,True,True,Eyes,0.6381455,0.1011674,-3.322623,0.3841872,-0.1262755,0.9145789,0.0,0.0,0.0,0.0,0.0,0.0,0.0,-2.000737,0.7819184,2.756999,0.8392105,0.1065039,-3.391131,0.1175434,0.1894283,0.05008823,0.9735461,12.116,22.90974,8.354357,0.1658187,0.03047343,-0.9856851,0.0,0.0,0.0,0.8432516,0.001119037,-2.602082,-0.1383972,0.08568831,0.7785157,0.9232162,0.1420585,-0.3570592,-0.0529943,0.9673495,0.247844,0.3806093,-0.2098915,0.900601,moving,22.78582,-7.861101,-10.0802,6.281049,21.688271315808247,-1.8324315854744213,35.77954272014806,32.78817373618424,35.4359576799332
3561,3561,05/15/2023 13:24:23.064403,3790,True,True,True,True,Eyes,0.6472438,0.1014391,-3.325178,0.376946,-0.1260731,0.9176151,0.0,0.0,0.0,0.0,0.0,0.0,0.0,-2.000242,0.7796048,2.762476,0.8491966,0.1076146,-3.392243,0.1179988,0.1874318,0.04838492,0.9739633,12.22289,22.65959,8.145985,0.1680935,0.03041564,-0.9853014,0.0,0.0,0.0,0.8462018,0.001135754,-2.602114,-0.1381304,0.08662669,0.7814034,0.9250565,0.1384837,-0.3536846,-0.05001684,0.9674704,0.2479907,0.376522,-0.2117152,0.9018913,moving,22.33231,-7.823009,-10.02474,6.326002,21.25009735426468,-1.8098988293849276,35.31533940061487,32.315759836978856,34.979403589207244
3562,3562,05/15/2023 13:24:23.084215,3791,True,True,True,True,Eyes,0.6563867,0.1017801,-3.32768,0.3695638,-0.1262204,0.9205928,0.0,0.0,0.0,0.0,0.0,0.0,0.0,-2.001824,0.7804497,2.766076,0.8588791,0.1088418,-3.393826,0.1197363,0.1856777,0.04503324,0.9742481,12.50837,22.43498,7.783265,0.1703859,0.03036792,-0.9849092,0.0,0.0,0.0,0.8490484,0.001151884,-2.602145,-0.1365891,0.08723626,0.7847071,0.9269916,0.1322118,-0.3510081,-0.04328237,0.9672704,0.250029,0.3725765,-0.2165823,0.902374,moving,21.87255,-7.80702,-9.874191,6.343551,20.8052676961754,-1.808888314054502,34.757649859378034,31.74415619700221,34.429296912260504
3563,3563,05/15/2023 13:24:23.104208,3792,True,True,True,True,Eyes,0.6655423,0.102145,-3.330123,0.3623132,-0.1261363,0.9234818,0.0,0.0,0.0,0.0,0.0,0.0,0.0,-2.003752,0.7892332,2.766639,0.8686676,0.1108762,-3.394897,0.1218123,0.1843307,0.04401147,0.9742931,12.77579,22.29014,7.699916,0.1726951,0.03033129,-0.984508,0.0,0.0,0.0,0.8519635,0.001168402,-2.602177,-0.1342312,0.08745773,0.7879561,0.9281703,0.1306677,-0.3484621,-0.04085264,0.9664495,0.2535871,0.3699066,-0.2211365,0.9023679,moving,21.42176,-7.77777,-9.66774,6.333515,20.369486869166185,-1.794801543658794,34.142134886401365,31.11759193484734,33.82287360839959
3564,3564,05/15/2023 13:24:23.114006,3793,True,True,True,True,Eyes,0.6747276,0.1025292,-3.332551,0.3547321,-0.1263017,0.9263979,0.0,0.0,0.0,0.0,0.0,0.0,0.0,-2.004819,0.7696579,2.77567,0.8781577,0.1117778,-3.395934,0.1189604,0.1826205,0.04343339,0.9749932,12.48051,22.04347,7.541548,0.1750191,0.03030538,-0.9840983,0.0,0.0,0.0,0.8548576,0.001184801,-2.602209,-0.1315296,0.0882456,0.7906933,0.9295266,0.1281437,-0.3457738,-0.0412453,0.9679239,0.2478348,0.3664412,-0.2161075,0.9049963,moving,20.95262,-7.763629,-9.444513,6.368162,19.915522530063782,-1.7958682130636785,33.52153354915867,30.473973742300565,33.20968630633625
3565,3565,05/15/2023 13:24:23.134368,3794,True,True,True,True,Eyes,0.6839423,0.1029396,-3.334916,0.3472078,-0.1262928,0.9292453,0.0,0.0,0.0,0.0,0.0,0.0,0.0,-2.000695,0.7752548,2.782376,0.8875495,0.1126228,-3.397791,0.1198987,0.1803088,0.04326753,0.9753159,12.60774,21.77966,7.515262,0.1773566,0.03028966,-0.9836802,0.0,0.0,0.0,0.8576159,0.001200431,-2.602239,-0.1288173,0.09045488,0.7935289,0.9312333,0.1276366,-0.3413405,-0.04116145,0.9675045,0.2494812,0.3620914,-0.2182752,0.9062261,moving,20.48795,-7.739589,-9.220664,6.503114,19.46615720907933,-1.7872435862665474,32.94626434889402,29.860739106556807,32.6397229326664
3566,3566,05/15/2023 13:24:23.154287,3795,True,True,True,True,Eyes,0.6931979,0.1033495,-3.337248,0.339259,-0.1261916,0.9321904,0.0,0.0,0.0,0.0,0.0,0.0,0.0,-1.99343,0.7661368,2.794448,0.8975124,0.1136116,-3.39871,0.1176642,0.1774518,0.04495155,0.9760355,12.34135,21.43351,7.618221,0.1797066,0.03028387,-0.9832537,0.0,0.0,0.0,0.8604977,0.00121676,-2.60227,-0.1265952,0.09119706,0.7960413,0.9329804,0.1295081,-0.3358201,-0.04598918,0.9682689,0.2456424,0.3569768,-0.2137355,0.909332,moving,19.99834,-7.709326,-9.036134,6.535496,18.992807840068657,-1.7733966854948715,32.34061895308066,29.234556236293745,32.04272182520476
3567,3567,05/15/2023 13:24:23.164212,3796,True,True,True,True,Eyes,0.7024805,0.1037524,-3.339541,0.3314229,-0.1261091,0.9350163,0.0,0.0,0.0,0.0,0.0,0.0,0.0,-1.986973,0.7498527,2.808426,0.9074783,0.113959,-3.400161,0.1148685,0.1744782,0.04514927,0.9768952,12.04465,21.04943,7.538033,0.1820688,0.03028701,-0.982819,0.0,0.0,0.0,0.8635471,0.001234039,-2.602304,-0.1263134,0.09316111,0.7986675,0.9350379,0.1282963,-0.3305213,-0.04812812,0.9695336,0.2401841,0.3512663,-0.2086738,0.9127252,moving,19.51722,-7.681343,-8.987183,6.653239,18.527618642445056,-1.7614834421828292,31.90581814498937,28.77276252294994,31.613705258074297
3568,3568,05/15/2023 13:24:23.184396,3797,True,True,True,True,Eyes,0.7118187,0.1041544,-3.341811,0.3233321,-0.1261444,0.9378401,0.0,0.0,0.0,0.0,0.0,0.0,0.0,-1.984195,0.7476574,2.815883,0.9174398,0.1142214,-3.40154,0.1150616,0.1721469,0.04375815,0.9773493,12.11327,20.76018,7.35397,0.184442,0.03029795,-0.9823761,0.0,0.0,0.0,0.8663491,0.001249917,-2.602334,-0.1275225,0.0932311,0.8004103,0.9369014,0.125149,-0.3264255,-0.04591901,0.9696921,0.2399763,0.346565,-0.209845,0.9142526,moving,19.02228,-7.660604,-9.052361,6.643825,18.048847593548608,-1.756992982636846,31.508763166695736,28.373389822304055,31.225004224656768
3569,3569,05/15/2023 13:24:23.204327,3798,True,True,True,True,Eyes,0.7211649,0.1045553,-3.344052,0.3153785,-0.1261356,0.9405457,0.0,0.0,0.0,0.0,0.0,0.0,0.0,-1.983982,0.7401746,2.822923,0.9272475,0.1145575,-3.402944,0.1142141,0.1702718,0.04283083,0.9778182,12.0506,20.51772,7.205022,0.1868261,0.03031586,-0.9819249,0.0,0.0,0.0,0.8692867,0.001266562,-2.602366,-0.1302092,0.09457479,0.802196,0.9383461,0.1226564,-0.3232059,-0.04486663,0.9702414,0.2379471,0.3427734,-0.2087756,0.9159253,moving,18.53704,-7.638304,-9.21961,6.723842,17.579513311099866,-1.7506922184824605,31.252245630479354,28.107129708737006,30.974008529064314
3570,3570,05/15/2023 13:24:23.214028,3799,True,True,True,True,Eyes,0.7305416,0.1049609,-3.346261,0.3070858,-0.1262133,0.9432755,0.0,0.0,0.0,0.0,0.0,0.0,0.0,-1.981841,0.7366436,2.830433,0.9368172,0.114931,-3.404534,0.1136711,0.1682085,0.04259371,0.9782488,12.00915,20.26503,7.140082,0.1892197,0.03034,-0.9814657,0.0,0.0,0.0,0.8724374,0.001284415,-2.602401,-0.1322488,0.09903053,0.8035842,0.9397834,0.1215754,-0.3194161,-0.04509361,0.9705293,0.2367264,0.3387828,-0.2080679,0.9175696,moving,18.0328,-7.621096,-9.345605,7.025482,17.091639164897774,-1.7499002914756394,31.049948590200742,27.85561367832283,30.771889374099533
3571,3571,05/15/2023 13:24:23.234353,3800,True,True,True,True,Eyes,0.7399457,0.105356,-3.34844,0.298907,-0.1261528,0.945907,0.0,0.0,0.0,0.0,0.0,0.0,0.0,-1.977245,0.7297333,2.84041,0.9467223,0.1154402,-3.405926,0.1123528,0.1657053,0.04291254,0.9788141,11.87184,19.95812,7.116758,0.1916223,0.03036987,-0.9809985,0.0,0.0,0.0,0.8751831,0.001299974,-2.602431,-0.1341659,0.0979443,0.8050987,0.9414005,0.1212417,-0.3147468,-0.04677189,0.9710707,0.2341666,0.3340321,-0.2057232,0.9198372,moving,17.53656,-7.596542,-9.461127,6.936235,16.611713131989436,-1.741769661742972,30.660670421269295,27.479096736565264,30.392541416193723
3572,3572,05/15/2023 13:24:23.254525,3801,True,True,True,True,Eyes,0.7494018,0.1057309,-3.350602,0.2906139,-0.1261988,0.9484817,0.0,0.0,0.0,0.0,0.0,0.0,0.0,-1.972934,0.7218829,2.850577,0.9568258,0.1156581,-3.407416,0.1105789,0.1632642,0.04378366,0.9793877,11.67164,19.65998,7.148567,0.194033,0.03040456,-0.9805234,0.0,0.0,0.0,0.8778482,0.001315076,-2.60246,-0.1342789,0.09717629,0.8066224,0.9428556,0.1218695,-0.3101149,-0.04965523,0.9717106,0.2308957,0.3294811,-0.2023025,0.9222342,moving,17.03502,-7.578892,-9.451389,6.869493,16.12646591897152,-1.740466604052263,30.170941165689648,26.988109727051416,29.91249108613936
3573,3573,05/15/2023 13:24:23.264231,3802,True,True,True,True,Eyes,0.7588829,0.1061003,-3.352733,0.2824342,-0.1261969,0.9509497,0.0,0.0,0.0,0.0,0.0,0.0,0.0,-1.969894,0.7204517,2.858254,0.9669134,0.1155213,-3.408941,0.1099774,0.161071,0.04420997,0.9797994,11.61121,19.39968,7.15836,0.1964517,0.03044297,-0.9800406,0.0,0.0,0.0,0.8807529,0.001331535,-2.602491,-0.1334566,0.0967873,0.8083163,0.9442032,0.1220621,-0.3059103,-0.05120547,0.9719009,0.2297534,0.3253587,-0.2012696,0.9239222,moving,16.54154,-7.559336,-9.375209,6.828053,15.649076582731826,-1.7370717908268407,29.64244998252206,26.44950342839269,29.39329107016607
3574,3574,05/15/2023 13:24:23.284232,3803,True,True,True,True,Eyes,0.7683667,0.1064476,-3.354818,0.274038,-0.126326,0.953386,0.0,0.0,0.0,0.0,0.0,0.0,0.0,-1.964884,0.7191405,2.867218,0.9770184,0.1156338,-3.410415,0.1092641,0.1585803,0.04499372,0.9802496,11.53357,19.10732,7.20365,0.1988781,0.03048457,-0.9795498,0.0,0.0,0.0,0.8838304,0.001348973,-2.602525,-0.1315279,0.09640583,0.8096965,0.9456557,0.1228644,-0.3010641,-0.05355588,0.9720739,0.2284824,0.3207289,-0.1999419,0.9258273,moving,16.03659,-7.547867,-9.226594,6.789908,15.16035832141357,-1.7418394483485242,29.048240183675173,25.836295362325075,28.808493434879693
3575,3575,05/15/2023 13:24:23.304381,3804,True,True,True,True,Eyes,0.7778815,0.106763,-3.356879,0.2656735,-0.1264318,0.9557368,0.0,0.0,0.0,0.0,0.0,0.0,0.0,-1.956906,0.7156622,2.878516,0.9872509,0.1155135,-3.411671,0.1081921,0.1555611,0.04574599,0.9808173,11.42007,18.74859,7.232171,0.2013105,0.03052837,-0.9790513,0.0,0.0,0.0,0.8866175,0.001364766,-2.602555,-0.1293381,0.09690467,0.8109966,0.9474161,0.1233979,-0.2952554,-0.05607596,0.9724035,0.2264659,0.3150528,-0.1980007,0.9281904,moving,15.53474,-7.535748,-9.061253,6.813875,14.674660054945528,-1.7458827419610277,28.47585910728907,25.23218225110534,28.244225558080203
3576,3576,05/15/2023 13:24:23.320216,3805,True,True,True,True,Eyes,0.7874155,0.1070414,-3.358911,0.2572154,-0.1267417,0.9580067,0.0,0.0,0.0,0.0,0.0,0.0,0.0,-1.945466,0.7156842,2.891596,0.9975614,0.1150624,-3.41321,0.1078201,0.1519384,0.04604775,0.9814119,11.39893,18.32211,7.216886,0.203749,0.03057322,-0.9785454,0.0,0.0,0.0,0.8896033,0.001381685,-2.602588,-0.1268001,0.09689322,0.8119131,0.9495887,0.1231476,-0.2882985,-0.05761961,0.9725089,0.2256246,0.308158,-0.197639,0.9305791,moving,15.02892,-7.536314,-8.876432,6.805458,14.184771035170264,-1.7622897483161708,27.87745107329377,24.601328966300237,27.654377734761816
3577,3577,05/15/2023 13:24:23.333961,3806,True,True,True,True,Eyes,0.7969898,0.1072862,-3.360924,0.2487638,-0.1270844,0.9601907,0.0,0.0,0.0,0.0,0.0,0.0,0.0,-1.932696,0.719053,2.904742,1.00811,0.114536,-3.414744,0.1081029,0.1480739,0.04604371,0.9819715,11.45933,17.87137,7.176833,0.2061927,0.03061794,-0.9780321,0.0,0.0,0.0,0.8924057,0.001397564,-2.602618,-0.1248183,0.0982218,0.8127531,0.9519082,0.1224416,-0.2808538,-0.05841274,0.9723875,0.2259437,0.3007637,-0.1986723,0.9327757,moving,14.5247,-7.539466,-8.730969,6.89082,13.696361055609676,-1.781141707092177,27.368947635584327,24.04554123475964,27.15223905692906
3578,3578,05/15/2023 13:24:23.354344,3807,True,True,True,True,Eyes,0.8066073,0.1074974,-3.362922,0.2400126,-0.1275359,0.9623557,0.0,0.0,0.0,0.0,0.0,0.0,0.0,-1.91911,0.7230431,2.918298,1.018708,0.1139936,-3.416354,0.1085568,0.1440651,0.04586429,0.9825259,11.54309,17.40371,7.117833,0.2086416,0.03066154,-0.9775112,0.0,0.0,0.0,0.8952902,0.001413909,-2.60265,-0.123075,0.09970452,0.8130677,0.9542835,0.1214042,-0.2731376,-0.05884723,0.9722238,0.2265345,0.2930531,-0.2001048,0.9349214,moving,14.00395,-7.549115,-8.607586,6.991139,13.1917650300422,-1.806780677488268,26.883090348094505,23.50776671618419,26.67248462584628
3579,3579,05/15/2023 13:24:23.364497,3808,True,True,True,True,Eyes,0.8162764,0.1076645,-3.364908,0.2312531,-0.1279748,0.96444,0.0,0.0,0.0,0.0,0.0,0.0,0.0,-1.904808,0.7251382,2.932845,1.029391,0.1134386,-3.418067,0.1087012,0.1399148,0.0456915,0.9831177,11.5923,16.91628,7.051538,0.2110961,0.03070314,-0.9769827,0.0,0.0,0.0,0.8983911,0.00143148,-2.602684,-0.1210997,0.09957916,0.8136961,0.9566723,0.120258,-0.2651721,-0.05942241,0.9721927,0.2265179,0.2850389,-0.2009463,0.9372158,moving,13.4838,-7.558613,-8.465006,6.977096,12.68775420661732,-1.8322551402163596,26.32559440845196,22.913837126729444,26.12349408605636
3580,3580,05/15/2023 13:24:23.384076,3809,True,True,True,True,Eyes,0.8260239,0.1077819,-3.366894,0.2222743,-0.1285139,0.9664773,0.0,0.0,0.0,0.0,0.0,0.0,0.0,-1.889518,0.7268131,2.948148,1.040361,0.1125511,-3.41981,0.1086205,0.1355912,0.04574133,0.9837298,11.61312,16.40886,7.004457,0.2135558,0.03074165,-0.9764468,0.0,0.0,0.0,0.9010769,0.001446699,-2.602713,-0.1198681,0.1004189,0.8135654,0.9590456,0.1194502,-0.2568332,-0.06053825,0.9722186,0.2261107,0.276707,-0.2013023,0.9396332,moving,12.95189,-7.574271,-8.381472,7.036468,12.172186148546636,-1.8640418854153191,25.857030540051674,22.39803427775959,25.661683356630313
3581,3581,05/15/2023 13:24:23.404157,3810,True,True,True,True,Eyes,0.8358375,0.1078489,-3.36888,0.2133415,-0.1290866,0.9684121,0.0,0.0,0.0,0.0,0.0,0.0,0.0,-1.875997,0.7301982,2.962101,1.051636,0.1114708,-3.421729,0.1086811,0.1315567,0.04598222,0.9842596,11.64471,15.93931,6.985342,0.216022,0.03077589,-0.9759031,0.0,0.0,0.0,0.9039735,0.001463112,-2.602745,-0.1191308,0.1018986,0.8135175,0.9611569,0.1191124,-0.2489771,-0.06192143,0.9721481,0.2260394,0.2689667,-0.2018423,0.9417625,moving,12.42383,-7.592608,-8.331133,7.1395,11.660273661442798,-1.8982927620474177,25.451984112344423,21.939417456097054,25.26230909507707
3582,3582,05/15/2023 13:24:23.413883,3811,True,True,True,True,Eyes,0.8457132,0.1078802,-3.370863,0.2042515,-0.1296425,0.9702959,0.0,0.0,0.0,0.0,0.0,0.0,0.0,-1.863446,0.7382882,2.974402,1.063089,0.1103327,-3.423775,0.1091491,0.1277758,0.04689846,0.9846627,11.7104,15.51177,7.054167,0.218495,0.03080482,-0.9753515,0.0,0.0,0.0,0.9070425,0.001480503,-2.602778,-0.1185189,0.1046367,0.8130794,0.9629478,0.1202515,-0.2413941,-0.06446509,0.971774,0.226935,0.2618698,-0.2029651,0.9435197,moving,11.88745,-7.61029,-8.293343,7.333199,11.140321330950323,-1.932172545136222,25.111198091727324,21.529385016703817,24.92577662611606
3583,3583,05/15/2023 13:24:23.433865,3812,True,True,True,True,Eyes,0.8556568,0.1078661,-3.372848,0.1952277,-0.1301663,0.9720818,0.0,0.0,0.0,0.0,0.0,0.0,0.0,-1.851475,0.7400945,2.987936,1.074776,0.1095311,-3.425831,0.1087981,0.1239779,0.04757169,0.9851546,11.6873,15.07107,7.080491,0.220975,0.03082791,-0.9747919,0.0,0.0,0.0,0.9096104,0.001495054,-2.602806,-0.11847,0.1062751,0.8125589,0.9647328,0.1207081,-0.2339234,-0.06675379,0.9717998,0.2261616,0.2546262,-0.2025703,0.9455849,moving,11.35591,-7.626805,-8.2952,7.451458,10.625088238522808,-1.9647745717951557,24.76933869382202,21.133923981951874,24.589114210321988
3584,3584,05/15/2023 13:24:23.454984,3813,True,True,True,True,Eyes,0.8656687,0.1077873,-3.374843,0.1860385,-0.1307387,0.9738054,0.0,0.0,0.0,0.0,0.0,0.0,0.0,-1.84163,0.7408357,3.000329,1.086403,0.1084315,-3.427883,0.1086087,0.1204634,0.04743559,0.9856179,11.69284,14.65606,7.019639,0.2234623,0.0308444,-0.9742242,0.0,0.0,0.0,0.9125118,0.001511494,-2.602838,-0.1187479,0.1069314,0.8118201,0.9664769,0.1196735,-0.2271579,-0.06733996,0.971908,0.2255219,0.2477655,-0.2026649,0.9473854,moving,10.81562,-7.646549,-8.321847,7.503696,10.101292944889163,-2.0007664975773016,24.40845277226957,20.730337498382028,24.234298687822125
3585,3585,05/15/2023 13:24:23.464695,3814,True,True,True,True,Eyes,0.8757418,0.1076618,-3.376846,0.176897,-0.131382,0.9754211,0.0,0.0,0.0,0.0,0.0,0.0,0.0,-1.83112,0.7470605,3.012054,1.098128,0.106838,-3.430199,0.1091519,0.1168922,0.04736784,0.9859911,11.78102,14.24287,6.97785,0.2259571,0.03085309,-0.9736483,0.0,0.0,0.0,0.9154498,0.001528142,-2.60287,-0.1193209,0.1089175,0.8111238,0.968185,0.1189265,-0.2201688,-0.0678905,0.9716843,0.2263195,0.24085,-0.2041717,0.9488442,moving,10.27913,-7.671149,-8.368515,7.647919,9.581045433261105,-2.041324618930444,24.13314128816738,20.39774893595558,23.963134229067006
3586,3586,05/15/2023 13:24:23.484157,3815,True,True,True,True,Eyes,0.885877,0.1075009,-3.378847,0.1675117,-0.1320136,0.9769915,0.0,0.0,0.0,0.0,0.0,0.0,0.0,-1.817759,0.7577275,3.024195,1.109728,0.1056079,-3.43242,0.1101503,0.1129992,0.04793037,0.9863067,11.91449,13.80411,7.011681,0.2284597,0.03085337,-0.9730641,0.0,0.0,0.0,0.9182866,0.001544216,-2.602901,-0.1196678,0.1094179,0.8101978,0.9698678,0.1194419,-0.2123446,-0.06965432,0.9711392,0.2281161,0.2334628,-0.2064517,0.9501963,moving,9.729144,-7.695344,-8.401954,7.691309,9.04773843881445,-2.081915164087084,23.779945442073938,20.00019191834703,23.615956710789
3587,3587,05/15/2023 13:24:23.504468,3816,True,True,True,True,Eyes,0.8960894,0.1072946,-3.380854,0.1581403,-0.1326653,0.9784638,0.0,0.0,0.0,0.0,0.0,0.0,0.0,-1.802074,0.7641607,3.038688,1.121684,0.1046302,-3.434518,0.1103087,0.108703,0.04897907,0.9867202,11.9489,13.31561,7.08322,0.2309699,0.03084506,-0.9724715,0.0,0.0,0.0,0.9212043,0.001560749,-2.602933,-0.1197014,0.1112461,0.8093454,0.9715694,0.120639,-0.2037133,-0.0726755,0.9708661,0.2283359,0.2253246,-0.2070392,0.9520313,moving,9.180811,-7.721381,-8.412999,7.826377,8.515982102066756,-2.124231145254595,23.47924464591363,19.636827738067584,23.319958845039682
3588,3588,05/15/2023 13:24:23.514566,3817,True,True,True,True,Eyes,0.9063534,0.1070633,-3.382867,0.1486382,-0.1333766,0.9798557,0.0,0.0,0.0,0.0,0.0,0.0,0.0,-1.78551,0.7717689,3.053436,1.133816,0.1033334,-3.436703,0.1105504,0.1042817,0.05012704,0.9871126,11.99326,12.81479,7.165838,0.2334882,0.03082771,-0.9718706,0.0,0.0,0.0,0.9241971,0.001577708,-2.602965,-0.1201071,0.1143343,0.8080189,0.9732252,0.1220188,-0.1947924,-0.07590532,0.9705318,0.228706,0.2169587,-0.2077966,0.9538078,moving,8.625666,-7.751385,-8.454766,8.053858,7.977520342240862,-2.170588321417166,23.271159481118964,19.35353551713321,23.11472488694411
3589,3589,05/15/2023 13:24:23.534346,3818,True,True,True,True,Eyes,0.9166973,0.1068676,-3.384879,0.1391306,-0.1343085,0.9811238,0.0,0.0,0.0,0.0,0.0,0.0,0.0,-1.76836,0.7909272,3.065659,1.146013,0.1025877,-3.439049,0.1127508,0.09985945,0.05103445,0.9872744,12.26535,12.33108,7.248233,0.2360141,0.0308015,-0.971261,0.0,0.0,0.0,0.9271524,0.001594454,-2.602998,-0.1206153,0.1154285,0.8071153,0.9748471,0.1232885,-0.185669,-0.07825155,0.9693655,0.2328245,0.2086857,-0.2124394,0.9546307,moving,8.071149,-7.794916,-8.499383,8.138886,7.439297912419651,-2.229977442358651,22.98844442188788,19.01459645415101,22.83667419577978
3590,3590,05/15/2023 13:24:23.554324,3819,True,True,True,True,Eyes,0.9270971,0.1066673,-3.386894,0.1293242,-0.1350711,0.98236,0.0,0.0,0.0,0.0,0.0,0.0,0.0,-1.746776,0.8153094,3.078585,1.158351,0.1032728,-3.441104,0.1153098,0.09494408,0.05341151,0.9873381,12.5656,11.81222,7.498024,0.2385484,0.0307683,-0.9706427,0.0,0.0,0.0,0.9299487,0.001610299,-2.603028,-0.1212521,0.1165257,0.805986,0.9762657,0.1273664,-0.1751661,-0.08357447,0.9677017,0.2378417,0.1998015,-0.2175573,0.9553785,moving,7.49966,-7.828881,-8.555389,8.226555,6.884899397706873,-2.280668917385425,22.705541692337952,18.676302103319,22.55839080749867
3591,3591,05/15/2023 13:24:23.564346,3820,True,True,True,True,Eyes,0.9375705,0.106463,-3.388929,0.1194991,-0.1360093,0.9834741,0.0,0.0,0.0,0.0,0.0,0.0,0.0,-1.721834,0.8203038,3.098495,1.170843,0.1030076,-3.443371,0.1153245,0.08917382,0.05449067,0.9878154,12.59865,11.15124,7.54962,0.241091,0.03072868,-0.9700156,0.0,0.0,0.0,0.9328678,0.00162684,-2.60306,-0.1225008,0.1155335,0.8048818,0.9781576,0.1282213,-0.1636063,-0.08708559,0.9674621,0.2375568,0.1887427,-0.2181203,0.9574966,moving,6.927885,-7.873763,-8.65385,8.168495,6.329926200501597,-2.341902717408636,22.363910824111,18.302513745516674,22.222481406968594
3592,3592,05/15/2023 13:24:23.584579,3821,True,True,True,True,Eyes,0.9481099,0.1063571,-3.390928,0.1095078,-0.1367383,0.9845358,0.0,0.0,0.0,0.0,0.0,0.0,0.0,-1.701418,0.8368257,3.112879,1.183167,0.1027763,-3.445964,0.117999,0.08405752,0.05352266,0.988001,12.95398,10.56765,7.404771,0.2436416,0.03068313,-0.9693795,0.0,0.0,0.0,0.9358655,0.001643826,-2.603093,-0.1231059,0.1130084,0.804031,0.9801393,0.1255983,-0.1534666,-0.08592346,0.9664232,0.2421643,0.1787291,-0.2241684,0.9580211,moving,6.346797,-7.907003,-8.705002,8.000647,5.766251072836225,-2.392195664165527,21.899999581253443,17.816518855830708,21.766451550367602
3593,3593,05/15/2023 13:24:23.603898,3822,True,True,True,True,Eyes,0.9587176,0.1062744,-3.392913,0.09943716,-0.137266,0.9855305,0.0,0.0,0.0,0.0,0.0,0.0,0.0,-1.680688,0.8540127,3.125827,1.195608,0.1050882,-3.447365,0.1197941,0.07926235,0.05570364,0.9880608,13.17331,10.05374,7.6173,0.2462006,0.03063506,-0.9687344,0.0,0.0,0.0,0.9386407,0.001659551,-2.603123,-0.1230279,0.1107178,0.803195,0.9812292,0.1290675,-0.1432861,-0.09108683,0.965093,0.2455581,0.1699779,-0.2278973,0.9587337,moving,5.76148,-7.929224,-8.708491,7.848571,5.198780748426269,-2.4319894463420964,21.408383306612997,17.294569395491436,21.282910267256025
3594,3594,05/15/2023 13:24:23.614740,3823,True,True,True,True,Eyes,0.9693744,0.10619,-3.394912,0.08908554,-0.1378848,0.9864338,0.0,0.0,0.0,0.0,0.0,0.0,0.0,-1.655146,0.8327108,3.151538,1.207965,0.1054572,-3.448885,0.1156371,0.07333013,0.05745944,0.9889132,12.72566,9.341009,7.694617,0.2487679,0.03058538,-0.9680799,0.0,0.0,0.0,0.9416704,0.001676719,-2.603156,-0.122793,0.1087265,0.8020271,0.9826422,0.1306042,-0.1317454,-0.09668541,0.9666529,0.2371371,0.1583231,-0.2202831,0.9625015,moving,5.160424,-7.957311,-8.704576,7.720218,4.615907647972676,-2.47793661138672,20.929002378179447,16.77610330480996,20.81102746362042
3595,3595,05/15/2023 13:24:23.634171,3824,True,True,True,True,Eyes,0.9800659,0.1061475,-3.396916,0.07879664,-0.1387851,0.9871827,0.0,0.0,0.0,0.0,0.0,0.0,0.0,-1.631815,0.8634569,3.162896,1.220405,0.1054454,-3.451345,0.1205407,0.06796099,0.05635646,0.9887747,13.33917,8.747817,7.549121,0.2513432,0.03053416,-0.967416,0.0,0.0,0.0,0.9443973,0.001692171,-2.603186,-0.1232301,0.1067993,0.8007447,0.9844105,0.1278318,-0.1208097,-0.09506355,0.9645879,0.2460351,0.1479827,-0.230715,0.9617025,moving,4.563657,-8.002594,-8.748858,7.59699,4.036719410277897,-2.5403409886949966,20.507805260394907,16.3167542510318,20.39585512214205
3596,3596,05/15/2023 13:24:23.653957,3825,True,True,True,True,Eyes,0.9908404,0.1061464,-3.398902,0.06838883,-0.1392263,0.9878963,0.0,0.0,0.0,0.0,0.0,0.0,0.0,-1.611746,0.8907155,3.172467,1.231994,0.1064594,-3.453477,0.1241088,0.06346025,0.05747264,0.9885681,13.77357,8.271989,7.655348,0.2539254,0.03048273,-0.9667431,0.0,0.0,0.0,0.9473453,0.001708876,-2.603218,-0.124727,0.1063383,0.799153,0.9853394,0.1293832,-0.1112038,-0.09787928,0.9625878,0.2526744,0.1397353,-0.2380856,0.9611396,moving,3.960081,-8.021981,-8.870816,7.579468,3.451642997876464,-2.577972906549987,20.199928928692053,15.969239228103561,20.09113948737471
3597,3597,05/15/2023 13:24:23.673945,3826,True,True,True,True,Eyes,1.001619,0.1061491,-3.400891,0.05817289,-0.1397398,0.988478,0.0,0.0,0.0,0.0,0.0,0.0,0.0,-1.605851,0.8764744,3.18581,1.244179,0.107352,-3.454974,0.1224501,0.06036305,0.05609999,0.9890476,13.61787,7.873938,7.434433,0.2565155,0.03043225,-0.9660606,0.0,0.0,0.0,0.9502388,0.001725271,-2.60325,-0.1279741,0.1093209,0.7973979,0.9864182,0.125754,-0.105665,-0.0961882,0.9637175,0.2489907,0.1331428,-0.2354452,0.9627245,moving,3.368028,-8.046508,-9.11763,7.806419,2.87758614872091,-2.620202871137317,20.17936941929289,15.893383972528127,20.067658427178426
3598,3598,05/15/2023 13:24:23.684080,3827,True,True,True,True,Eyes,1.012396,0.1061548,-3.402844,0.04793813,-0.1398901,0.9890059,0.0,0.0,0.0,0.0,0.0,0.0,0.0,-1.601246,0.8824975,3.193033,1.255108,0.1075106,-3.457079,0.1243511,0.0576972,0.05331677,0.9891235,13.87737,7.540658,7.089856,0.2591117,0.03038273,-0.9653691,0.0,0.0,0.0,0.9531113,0.001741548,-2.603281,-0.1318792,0.1107168,0.7954956,0.9876567,0.1198232,-0.1008793,-0.09112433,0.9633882,0.2521496,0.1273993,-0.2398447,0.9624156,moving,2.775013,-8.050805,-9.413023,7.923509,2.3031492852833613,-2.6429439196132813,20.092957206640637,15.777155013526551,19.978116386534346
3599,3599,05/15/2023 13:24:23.704307,3828,True,True,True,True,Eyes,1.023135,0.1061348,-3.404792,0.03785161,-0.1401332,0.9894089,0.0,0.0,0.0,0.0,0.0,0.0,0.0,-1.598168,0.8744109,3.202399,1.266211,0.1075741,-3.458211,0.1237207,0.0552432,0.05151474,0.9894382,13.83557,7.221977,6.838161,0.2617126,0.03033417,-0.9646687,0.0,0.0,0.0,0.9560044,0.001757941,-2.603312,-0.1358854,0.1058613,0.7941563,0.9885889,0.1156108,-0.09657256,-0.08827185,0.9640788,0.2505197,0.1220663,-0.2391363,0.9632828,moving,2.190884,-8.061368,-9.70966,7.592785,1.737147413580208,-2.6714521330347525,19.664065033541387,15.374783376905324,19.551632238163627
3600,3600,05/15/2023 13:24:23.714142,3829,True,True,True,True,Eyes,1.033828,0.1061108,-3.406704,0.02764773,-0.1403445,0.9897166,0.0,0.0,0.0,0.0,0.0,0.0,0.0,-1.58698,0.8842432,3.211175,1.276119,0.1069731,-3.460075,0.1251796,0.0520339,0.05087702,0.9894615,14.02978,6.849764,6.730829,0.2643158,0.03028576,-0.9639602,0.0,0.0,0.0,0.9589361,0.001774554,-2.603344,-0.1397035,0.1038082,0.7929176,0.989408,0.1137089,-0.09023356,-0.08765455,0.9634832,0.2530155,0.1157086,-0.2424262,0.963245,moving,1.600141,-8.07089,-9.992339,7.458705,1.1647684413050687,-2.699163322947429,19.37921343642267,15.088516670738837,19.265971934896445
3601,3601,05/15/2023 13:24:23.734050,3830,True,True,True,True,Eyes,1.044488,0.1060835,-3.408581,0.01737598,-0.1406239,0.9899106,0.0,0.0,0.0,0.0,0.0,0.0,0.0,-1.564771,0.9055986,3.221414,1.286374,0.1068851,-3.461205,0.1273601,0.04752594,0.05280682,0.9893089,14.29874,6.36852,6.910435,0.2669193,0.03023739,-0.9632441,0.0,0.0,0.0,0.9618551,0.001791094,-2.603376,-0.1428695,0.1021249,0.7917575,0.9899054,0.1165904,-0.08058471,-0.09237871,0.9619817,0.2570165,0.1074867,-0.2469777,0.9630414,moving,1.005614,-8.085178,-10.22873,7.349721,0.5885947974563605,-2.731591681165032,19.090484337767258,14.786729900457477,18.976158469181257
3602,3602,05/15/2023 13:24:23.754348,3831,True,True,True,True,Eyes,1.055083,0.1060601,-3.410408,0.006948841,-0.1408172,0.9900112,0.0,0.0,0.0,0.0,0.0,0.0,0.0,-1.531906,0.9155064,3.239518,1.296362,0.1067674,-3.462285,0.1273343,0.04151926,0.05589348,0.9894131,14.31963,5.709491,7.184375,0.2695218,0.030189,-0.9625207,0.0,0.0,0.0,0.9646758,0.001807077,-2.603407,-0.145239,0.09765008,0.7911662,0.9903042,0.1211771,-0.06792508,-0.1000298,0.9613238,0.2566137,0.0963937,-0.2473311,0.9641243,moving,0.4021497,-8.095334,-10.4023,7.036174,0.0038782864752968,-2.7603134904362907,18.59297361031565,14.291945762567975,18.481302098017274
3603,3603,05/15/2023 13:24:23.764308,3832,True,True,True,True,Eyes,1.065648,0.1060355,-3.41218,-0.003550994,-0.1410768,0.9899923,0.0,0.0,0.0,0.0,0.0,0.0,0.0,-1.496238,0.9276931,3.257688,1.306704,0.1069042,-3.463086,0.1282966,0.03493695,0.05759151,0.9894457,14.46927,4.971648,7.293889,0.2721206,0.03014074,-0.9617907,0.0,0.0,0.0,0.9675773,0.001823519,-2.603439,-0.1477087,0.09437697,0.7903896,0.9909252,0.1229319,-0.05435883,-0.1050027,0.9604464,0.257909,0.083914,-0.2498608,0.9646388,moving,-0.2055128,-8.11021,-10.58539,6.8092,-0.585032783677175,-2.793721072521945,18.175000562178255,13.864459512694538,18.063751231890734
3604,3604,05/15/2023 13:24:23.784590,3833,True,True,True,True,Eyes,1.076134,0.1060153,-3.413895,-0.01425639,-0.1411894,0.98988,0.0,0.0,0.0,0.0,0.0,0.0,0.0,-1.464117,0.9342266,3.274868,1.316679,0.1068752,-3.463541,0.129054,0.02874193,0.0577497,0.9895373,14.6011,4.254332,7.225302,0.2747151,0.03009262,-0.9610544,0.0,0.0,0.0,0.970536,0.001840284,-2.603471,-0.1501037,0.09069077,0.7897159,0.9916777,0.1217095,-0.04197675,-0.1068724,0.9600201,0.2587272,0.07178808,-0.2520879,0.9650379,moving,-0.8251247,-8.11751,-10.76201,6.551134,-1.1853099464433188,-2.8201935838435794,17.717528221060977,13.399065810701137,17.606660689195326
3605,3605,05/15/2023 13:24:23.804051,3834,True,True,True,True,Eyes,1.086559,0.1060134,-3.41555,-0.02505356,-0.1413691,0.9896399,0.0,0.0,0.0,0.0,0.0,0.0,0.0,-1.433145,0.9400622,3.291153,1.326211,0.107006,-3.463961,0.1300587,0.02270968,0.05712066,0.9895991,14.76278,3.545815,7.066504,0.2773032,0.03004478,-0.9603122,0.0,0.0,0.0,0.9733712,0.001856349,-2.603502,-0.1530357,0.08897913,0.7887431,0.992443,0.1189603,-0.03008889,-0.1071459,0.959644,0.2600063,0.05980504,-0.2548176,0.965138,moving,-1.450181,-8.129649,-10.98037,6.436399,-1.790991825890013,-2.8515057629494693,17.406730213168267,13.065597809225128,17.292312730657347
3606,3606,05/15/2023 13:24:23.814388,3835,True,True,True,True,Eyes,1.096915,0.1060358,-3.417137,-0.0360378,-0.1413126,0.9893088,0.0,0.0,0.0,0.0,0.0,0.0,0.0,-1.397665,0.9453243,3.308782,1.335303,0.1074729,-3.464183,0.1310542,0.01609459,0.05644447,0.9896362,14.92622,2.767268,6.891297,0.2798842,0.02999777,-0.9595647,0.0,0.0,0.0,0.9764686,0.0018739,-2.603536,-0.1558154,0.08601558,0.7878361,0.99311,0.1159375,-0.017061,-0.1075004,0.9592777,0.2612088,0.04665014,-0.257575,0.9651315,moving,-2.086205,-8.129123,-11.18738,6.230848,-2.4069502734541888,-2.8709419249491948,17.00118094431872,12.646680434830161,16.88417875281737
3607,3607,05/15/2023 13:24:23.833919,3836,True,True,True,True,Eyes,1.107217,0.1060811,-3.418654,-0.04715049,-0.1413047,0.9888427,0.0,0.0,0.0,0.0,0.0,0.0,0.0,-1.356625,0.9443734,3.329762,1.344379,0.1080569,-3.464182,0.1310195,0.008688986,0.05609297,0.9897535,14.97392,1.892233,6.736086,0.2824558,0.02995224,-0.9588123,0.0,0.0,0.0,0.9791343,0.001889006,-2.603565,-0.1599773,0.08510704,0.786815,0.9935561,0.1133133,-0.002501363,-0.1087596,0.959375,0.2603288,0.03189845,-0.2583793,0.9655167,moving,-2.729939,-8.132457,-11.49286,6.173483,-3.0304809160523933,-2.894344200523225,16.776432986062353,12.4031185553869,16.65151679106652
3608,3608,05/15/2023 13:24:23.854432,3837,True,True,True,True,Eyes,1.117471,0.1061332,-3.420094,-0.05822302,-0.1410358,0.9882909,0.0,0.0,0.0,0.0,0.0,0.0,0.0,-1.315792,0.9476282,3.348763,1.35354,0.1086693,-3.464049,0.1314331,0.001437065,0.05620137,0.9897298,15.07035,1.045452,6.638345,0.285018,0.02990873,-0.9580552,0.0,0.0,0.0,0.9820238,0.001905378,-2.603596,-0.164208,0.08643419,0.785565,0.9936787,0.1116261,0.01192882,-0.1108706,0.9591335,0.2603279,0.01761805,-0.2600048,0.9654466,moving,-3.37156,-8.121661,-11.80663,6.278887,-3.651579857675244,-2.904046772835711,16.68910388862158,12.281331992097506,16.55182879586794
3609,3609,05/15/2023 13:24:23.864841,3838,True,True,True,True,Eyes,1.127679,0.1062222,-3.421452,-0.06929167,-0.1409082,0.9875948,0.0,0.0,0.0,0.0,0.0,0.0,0.0,-1.2783,0.9436482,3.367634,1.362709,0.1088313,-3.463619,0.1307648,-0.005360751,0.05621395,0.989804,15.03836,0.2426164,6.533041,0.28757,0.02986728,-0.9572936,0.0,0.0,0.0,0.9848959,0.001921653,-2.603628,-0.1680282,0.0865272,0.7847158,0.9936225,0.1098796,0.02531378,-0.1126836,0.9594812,0.2582602,0.004089422,-0.2594655,0.9657437,moving,-4.013412,-8.120052,-12.08602,6.292336,-4.27315303983342,-2.9226207408374494,16.51919876338462,12.081238259084543,16.370638882074886
3610,3610,05/15/2023 13:24:23.884250,3839,True,True,True,True,Eyes,1.137833,0.1063278,-3.422719,-0.08005302,-0.1405185,0.9868364,0.0,0.0,0.0,0.0,0.0,0.0,0.0,-1.247349,0.9546655,3.379284,1.371915,0.1098415,-3.463034,0.1323515,-0.01104872,0.05641847,0.9895343,15.2588,359.5883,6.471245,0.2901114,0.02982878,-0.9565276,0.0,0.0,0.0,0.9878167,0.001938203,-2.603659,-0.1719648,0.08857918,0.7842186,0.9933897,0.1087314,0.03680031,-0.1145807,0.9586,0.260686,-0.006932034,-0.2631794,0.964722,moving,-4.637728,-8.104032,-12.36816,6.444368,-4.87735008180944,-2.92674026449632,16.474693364874017,11.99707895011837,16.310708434483423
3611,3611,05/15/2023 13:24:23.904073,3840,True,True,True,True,Eyes,1.147936,0.1064238,-3.423909,-0.09071548,-0.1402162,0.9859565,0.0,0.0,0.0,0.0,0.0,0.0,0.0,-1.217235,0.9468745,3.395164,1.380875,0.1102884,-3.462136,0.1311138,-0.0167087,0.05661463,0.9896085,15.15282,358.9182,6.404644,0.292642,0.02979347,-0.9557576,0.0,0.0,0.0,0.9906921,0.001954496,-2.603691,-0.1766782,0.09038727,0.7831829,0.9930312,0.1076711,0.04791605,-0.1164341,0.959208,0.2576106,-0.01822423,-0.2613945,0.96506,moving,-5.256846,-8.093952,-12.71256,6.583389,-5.476674974859109,-2.936428053206712,16.462442409316942,11.957631405240067,16.280604053090535
3612,3612,05/15/2023 13:24:23.917932,3841,True,True,True,True,Eyes,1.157962,0.1065284,-3.425005,-0.1009204,-0.1398546,0.9850157,0.0,0.0,0.0,0.0,0.0,0.0,0.0,-1.195695,0.9541673,3.403761,1.389835,0.1101752,-3.461492,0.1320172,-0.02100218,0.05674966,0.9893988,15.28491,358.4213,6.353671,0.2951615,0.02976081,-0.9549836,0.0,0.0,0.0,0.9936511,0.001971264,-2.603723,-0.1806423,0.08528934,0.7829989,0.9926767,0.1067508,0.05654291,-0.1178414,0.9587019,0.2588515,-0.02657519,-0.2636189,0.9642608,moving,-5.849863,-8.080961,-12.99116,6.21652,-6.050642343677267,-2.942488695862841,15.981742263832503,11.491658958941427,15.79492820995048
3613,3613,05/15/2023 13:24:23.934427,3842,True,True,True,True,Eyes,1.167936,0.1066275,-3.426004,-0.11111,-0.1394362,0.9839777,0.0,0.0,0.0,0.0,0.0,0.0,0.0,-1.169514,0.9630143,3.412707,1.39849,0.1104964,-3.46031,0.1325807,-0.02567883,0.05863825,0.989103,15.38379,357.9048,6.502529,0.2976689,0.02973083,-0.9542059,0.0,0.0,0.0,0.9964689,0.00198723,-2.603754,-0.1837289,0.08657373,0.7831654,0.9918043,0.1091895,0.0663466,-0.1228075,0.9579678,0.2592603,-0.0352494,-0.2652834,0.9635259,moving,-6.442503,-8.065495,-13.20271,6.308056,-6.624177106243222,-2.9461494929643743,15.883934242889888,11.354180478583732,15.681185568052907
3614,3614,05/15/2023 13:24:23.954388,3843,True,True,True,True,Eyes,1.177869,0.1067039,-3.426906,-0.1209034,-0.1389957,0.9828848,0.0,0.0,0.0,0.0,0.0,0.0,0.0,-1.142627,0.9568697,3.425822,1.407326,0.1104462,-3.459002,0.1311602,-0.03066734,0.05986087,0.989077,15.25567,357.3288,6.569058,0.3001641,0.02970321,-0.9534247,0.0,0.0,0.0,0.9993988,0.002003832,-2.603786,-0.1863479,0.08251526,0.7830762,0.9909524,0.1103693,0.07636743,-0.1264587,0.9584274,0.2557836,-0.04496197,-0.2631267,0.963713,moving,-7.012653,-8.049169,-13.38565,6.015243,-7.175907433991181,-2.9482752975815787,15.440944778987877,10.904382743061689,15.232332260400508
3615,3615,05/15/2023 13:24:23.974101,3844,True,True,True,True,Eyes,1.187751,0.1067529,-3.427702,-0.1306494,-0.1386294,0.9816887,0.0,0.0,0.0,0.0,0.0,0.0,0.0,-1.115427,0.9649152,3.434686,1.41607,0.1099557,-3.457595,0.1319734,-0.03562341,0.06051539,0.9887629,15.38432,356.7612,6.567058,0.3026477,0.02967715,-0.9526401,0.0,0.0,0.0,1.002271,0.002020108,-2.603817,-0.1889351,0.07817832,0.7834992,0.9901378,0.110268,0.08641906,-0.1290734,0.9578418,0.2566693,-0.05447338,-0.2652923,0.962628,moving,-7.580739,-8.037887,-13.55762,5.698169,-7.725776377453799,-2.955203126516009,14.980064783681577,10.435096990339716,14.76592289966742
3616,3616,05/15/2023 13:24:23.984994,3845,True,True,True,True,Eyes,1.197557,0.1067673,-3.428403,-0.1399298,-0.1382613,0.9804608,0.0,0.0,0.0,0.0,0.0,0.0,0.0,-1.091934,0.9705906,3.442466,1.424798,0.1093663,-3.455854,0.1326675,-0.04014024,0.06053466,0.9884958,15.49429,356.234,6.496217,0.3051197,0.02965181,-0.9518521,0.0,0.0,0.0,1.005212,0.002036772,-2.603849,-0.1921925,0.07861196,0.783251,0.9894487,0.1090259,0.09541887,-0.1303271,0.9574698,0.2574228,-0.06329494,-0.2671423,0.9615762,moving,-8.122311,-8.026734,-13.78672,5.731369,-8.24997071552451,-2.961424027960791,14.87853915805883,10.306320549357253,14.648059048746136
3617,3617,05/15/2023 13:24:24.004424,3846,True,True,True,True,Eyes,1.207309,0.1067654,-3.428998,-0.1491881,-0.1380225,0.9791285,0.0,0.0,0.0,0.0,0.0,0.0,0.0,-1.068596,0.9811009,3.448658,1.433124,0.1085764,-3.454283,0.1339053,-0.04448074,0.06091458,0.9881197,15.66711,355.7359,6.468378,0.3075793,0.02962625,-0.9510609,0.0,0.0,0.0,1.008034,0.002052765,-2.60388,-0.1962554,0.07735343,0.7830624,0.9886218,0.1084694,0.1042181,-0.1322942,0.9567176,0.2592098,-0.071591,-0.2700478,0.9601817,moving,-8.663424,-8.02381,-14.06997,5.64156,-8.77394492299522,-2.975570354748732,14.696022485251442,10.11448551172997,14.450796955554983
3618,3618,05/15/2023 13:24:24.014601,3847,True,True,True,True,Eyes,1.216952,0.1067371,-3.429483,-0.1580044,-0.1375905,0.9778054,0.0,0.0,0.0,0.0,0.0,0.0,0.0,-1.042354,0.9917742,3.455208,1.441666,0.1082043,-3.452314,0.1347992,-0.04909898,0.06251854,0.9876791,15.80807,355.2227,6.580178,0.3100267,0.02960012,-0.9502666,0.0,0.0,0.0,1.011078,0.002070011,-2.603913,-0.1996633,0.07664447,0.7832662,0.9873615,0.1102595,0.113843,-0.1367335,0.9558412,0.2601375,-0.08013317,-0.2724158,0.958837,moving,-9.179129,-8.009705,-14.30077,5.588736,-9.27300724174018,-2.978131888444337,14.530960194129017,9.93325846695852,14.270850627472097
3619,3619,05/15/2023 13:24:24.034234,3848,True,True,True,True,Eyes,1.226558,0.1066725,-3.429856,-0.1668768,-0.1372034,0.9763848,0.0,0.0,0.0,0.0,0.0,0.0,0.0,-1.01316,0.9909344,3.465339,1.450009,0.107591,-3.45006,0.1338314,-0.05411957,0.06463215,0.9874122,15.741,354.6599,6.751311,0.3124608,0.02957286,-0.9494699,0.0,0.0,0.0,1.013895,0.002085976,-2.603944,-0.2029276,0.07458055,0.7834502,0.9857876,0.1131514,0.1241763,-0.1421229,0.9558237,0.2572978,-0.08957704,-0.2712892,0.9583204,moving,-9.698875,-7.998934,-14.5215,5.437885,-9.7760740802805,-2.9840369722024205,14.276057464488785,9.666842135124146,14.003479972097411
3620,3620,05/15/2023 13:24:24.055024,3849,True,True,True,True,Eyes,1.236147,0.1065782,-3.4301,-0.1755315,-0.1367192,0.9749341,0.0,0.0,0.0,0.0,0.0,0.0,0.0,-0.9823539,0.9935867,3.474796,1.458813,0.1066587,-3.447742,0.1335262,-0.05945148,0.06621753,0.9870419,15.75148,354.0553,6.853036,0.3148822,0.02954368,-0.9486704,0.0,0.0,0.0,1.016732,0.002102047,-2.603975,-0.2065156,0.07219277,0.7836711,0.9841615,0.1148423,0.1350457,-0.1465956,0.955572,0.2557184,-0.09967865,-0.2714653,0.9572726,moving,-10.20644,-7.982776,-14.76314,5.263305,-10.267197035730366,-2.984362407664144,14.007932636494258,9.393482890036635,13.72323132979303
3621,3621,05/15/2023 13:24:24.064773,3850,True,True,True,True,Eyes,1.245701,0.1064469,-3.43022,-0.1841804,-0.1362203,0.9734071,0.0,0.0,0.0,0.0,0.0,0.0,0.0,-0.9550507,0.9947618,3.482952,1.467496,0.1057942,-3.44498,0.1332717,-0.06437067,0.06713086,0.986706,15.76203,353.4886,6.881995,0.3172927,0.02951203,-0.9478679,0.0,0.0,0.0,1.019761,0.002119214,-2.604008,-0.2101805,0.07201442,0.7837145,0.9826997,0.1153192,0.1449231,-0.1496344,0.9554642,0.2543575,-0.1091365,-0.2716425,0.9561901,moving,-10.71439,-7.966337,-15.01261,5.250085,-10.758685191049151,-2.9844287903401545,13.897787797001508,9.268392182223932,13.594942490534509
3622,3622,05/15/2023 13:24:24.084195,3851,True,True,True,True,Eyes,1.255264,0.1062709,-3.430211,-0.1925707,-0.1356712,0.971859,0.0,0.0,0.0,0.0,0.0,0.0,0.0,-0.9320502,0.99194,3.490803,1.476282,0.1047671,-3.44209,0.132669,-0.06882545,0.06730522,0.9864746,15.7246,352.9627,6.833272,0.3196925,0.02947727,-0.9470624,0.0,0.0,0.0,1.022804,0.002136454,-2.604041,-0.2134181,0.07146244,0.7839409,0.9814661,0.1145278,0.1536478,-0.1510518,0.9557379,0.2524846,-0.1179305,-0.2710139,0.9553239,moving,-11.2078,-7.947116,-15.22899,5.20857,-11.236015869313364,-2.9813550096351813,13.756527292405448,9.111460589377563,13.43686132019267
3623,3623,05/15/2023 13:24:24.104300,3852,True,True,True,True,Eyes,1.264782,0.1060418,-3.430078,-0.2009683,-0.1351558,0.9702291,0.0,0.0,0.0,0.0,0.0,0.0,0.0,-0.9096038,0.9937556,3.496881,1.48465,0.1034032,-3.439219,0.1326862,-0.07309198,0.06751154,0.9861513,15.7575,352.4626,6.788144,0.3220837,0.02943855,-0.9462531,0.0,0.0,0.0,1.025359,0.002150933,-2.604069,-0.2163335,0.07052311,0.7840602,0.9801995,0.1137566,0.1620752,-0.1525498,0.9556732,0.2518282,-0.1262438,-0.2715664,0.9541038,moving,-11.70247,-7.930436,-15.42495,5.139698,-11.714636116261618,-2.9807724431803626,13.589895515726234,8.927959976076712,13.254040394721299
3624,3624,05/15/2023 13:24:24.114119,3853,True,True,True,True,Eyes,1.274256,0.1057635,-3.429817,-0.209132,-0.1345799,0.9685825,0.0,0.0,0.0,0.0,0.0,0.0,0.0,-0.8847056,0.9953352,3.503364,1.493162,0.1019012,-3.436137,0.1324019,-0.07761699,0.06847619,0.985777,15.76351,351.9426,6.829997,0.3244663,0.02939494,-0.9454401,0.0,0.0,0.0,1.02845,0.002168446,-2.604103,-0.2178358,0.07098434,0.7847689,0.9785733,0.1144512,0.1711589,-0.1555578,0.9555615,0.2504077,-0.1348933,-0.2716674,0.9528907,moving,-12.18401,-7.910331,-15.51357,5.168484,-12.180446900524627,-2.9764735226111183,13.495976126157938,8.800570586126547,13.142193697023245
3625,3625,05/15/2023 13:24:24.134021,3854,True,True,True,True,Eyes,1.28369,0.1054273,-3.42942,-0.2172772,-0.1340414,0.9668627,0.0,0.0,0.0,0.0,0.0,0.0,0.0,-0.8596887,0.9977574,3.509194,1.501571,0.100416,-3.432816,0.1320885,-0.08206958,0.06993401,0.985356,15.77065,351.4389,6.931447,0.3268409,0.02934567,-0.9446234,0.0,0.0,0.0,1.031186,0.002183951,-2.604133,-0.2194538,0.07255483,0.7853801,0.9767476,0.1161389,0.1802105,-0.1595007,0.9553237,0.2488294,-0.1432605,-0.2717872,0.9516345,moving,-12.66533,-7.892915,-15.61162,5.278107,-12.646117947612224,-2.974762207241274,13.496534565901872,8.769495571271323,13.121097894414477
3626,3626,05/15/2023 13:24:24.154968,3855,True,True,True,True,Eyes,1.29311,0.1050269,-3.428885,-0.2252243,-0.133459,0.9651232,0.0,0.0,0.0,0.0,0.0,0.0,0.0,-0.8372151,0.9997318,3.514107,1.51011,0.09880869,-3.429161,0.1315497,-0.08613341,0.07183344,0.9849445,15.75431,350.987,7.093034,0.329208,0.02928984,-0.9438027,0.0,0.0,0.0,1.034075,0.002200322,-2.604164,-0.2207474,0.07439685,0.7862079,0.974842,0.1188423,0.1885726,-0.1641656,0.9550692,0.2467639,-0.1507739,-0.2715129,0.9505515,moving,-13.13565,-7.873037,-15.68341,5.405658,-13.10106864224618,-2.9703304861861968,13.520903147372405,8.765025385513129,13.123554175015187
3627,3627,05/15/2023 13:24:24.164433,3856,True,True,True,True,Eyes,1.30251,0.1045596,-3.428206,-0.2331383,-0.1329321,0.9633149,0.0,0.0,0.0,0.0,0.0,0.0,0.0,-0.8155052,1.001329,3.518795,1.518923,0.09694715,-3.425361,0.1308637,-0.09010285,0.07391295,0.9845269,15.72361,350.5482,7.278775,0.3315689,0.02922647,-0.942978,0.0,0.0,0.0,1.037003,0.002216915,-2.604196,-0.2219086,0.07577503,0.7872918,0.9728367,0.1219562,0.1967624,-0.1691209,0.9548232,0.2443581,-0.1580723,-0.2709972,0.9495124,moving,-13.60494,-7.856876,-15.74119,5.497653,-13.555123168492958,-2.969452845550385,13.524311770820022,8.744756691387632,13.106175869778605
3628,3628,05/15/2023 13:24:24.184368,3857,True,True,True,True,Eyes,1.311851,0.1040399,-3.427387,-0.2407203,-0.1322921,0.9615365,0.0,0.0,0.0,0.0,0.0,0.0,0.0,-0.7952752,1.004797,3.522303,1.52793,0.094611,-3.421283,0.1304273,-0.09388968,0.07587542,0.9840815,15.72081,350.1302,7.451972,0.3339236,0.02915462,-0.9421489,0.0,0.0,0.0,1.039987,0.002233823,-2.604229,-0.2230042,0.07718174,0.7884504,0.9708553,0.1248436,0.2045826,-0.1738267,0.9544632,0.2424544,-0.1649977,-0.27095,0.9483469,moving,-14.05509,-7.833804,-15.79295,5.590895,-13.99045264176078,-2.9613069007521613,13.53671675925152,8.740088905594053,13.09843042506579
3629,3629,05/15/2023 13:24:24.204146,3858,True,True,True,True,Eyes,1.321168,0.1034735,-3.426421,-0.2482457,-0.1317015,0.9597025,0.0,0.0,0.0,0.0,0.0,0.0,0.0,-0.7786086,1.010549,3.523972,1.536687,0.09288558,-3.416985,0.1304174,-0.09714246,0.07780242,0.9836165,15.7641,349.7768,7.62615,0.336273,0.0290738,-0.9413155,0.0,0.0,0.0,1.042743,0.002249438,-2.604259,-0.2250885,0.07915192,0.7895168,0.9690202,0.1277173,0.2113954,-0.1783936,0.9538762,0.2414455,-0.1708083,-0.2716772,0.9471093,moving,-14.50278,-7.813984,-15.91267,5.72498,-14.423488348410872,-2.95622153708685,13.612176020217928,8.808003299213096,13.150346741414266
3630,3630,05/15/2023 13:24:24.214373,3859,True,True,True,True,Eyes,1.330397,0.1028551,-3.42532,-0.2554274,-0.1310277,0.9579085,0.0,0.0,0.0,0.0,0.0,0.0,0.0,-0.7621478,1.01313,3.526248,1.545474,0.09119318,-3.412466,0.1300733,-0.1004457,0.07940284,0.9832023,15.76713,349.4103,7.763847,0.3386173,0.02898378,-0.9404775,0.0,0.0,0.0,1.045785,0.002266675,-2.604292,-0.227477,0.08206934,0.7906011,0.9672117,0.1300075,0.2181733,-0.1822687,0.9535522,0.2398254,-0.1768605,-0.2717281,0.9459832,moving,-14.93059,-7.788875,-16.05194,5.926434,-14.837126562020554,-2.9454096652248296,13.761072879248225,8.954629065979526,13.273132624069587
3631,3631,05/15/2023 13:24:24.233996,3860,True,True,True,True,Eyes,1.339609,0.1021976,-3.42406,-0.2625426,-0.1304583,0.9560607,0.0,0.0,0.0,0.0,0.0,0.0,0.0,-0.7464618,1.021173,3.5266,1.554183,0.08945459,-3.407847,0.1306435,-0.1036324,0.08061678,0.9826971,15.87115,349.0559,7.849543,0.3409561,0.02888418,-0.9396351,0.0,0.0,0.0,1.048653,0.00228293,-2.604323,-0.2303169,0.08331367,0.7918797,0.9655225,0.1313659,0.2247426,-0.1855215,0.9528664,0.240057,-0.1826144,-0.273475,0.9443852,moving,-15.35541,-7.77025,-16.21699,6.005994,-15.248045852083273,-2.9407601770888148,13.803159741303293,8.999070122353656,13.292562424750283
3632,3632,05/15/2023 13:24:24.255000,3861,True,True,True,True,Eyes,1.348786,0.1014947,-3.422653,-0.2694992,-0.1297757,0.9542162,0.0,0.0,0.0,0.0,0.0,0.0,0.0,-0.7317107,1.028482,3.526533,1.563061,0.08787453,-3.402753,0.1309363,-0.1066486,0.08243655,0.9821844,15.94953,348.73,8.01155,0.3432901,0.02877503,-0.9387882,0.0,0.0,0.0,1.051427,0.002298645,-2.604353,-0.2335762,0.08492801,0.7930436,0.9636606,0.1340074,0.231085,-0.1898641,0.9521199,0.2396236,-0.1879092,-0.2747906,0.9429636,moving,-15.77127,-7.744849,-16.41135,6.112578,-15.6501028371837,-2.929291852871951,13.87220189684136,9.073858478021933,13.33723964638116
3633,3633,05/15/2023 13:24:24.264635,3862,True,True,True,True,Eyes,1.357949,0.1007633,-3.421092,-0.2764001,-0.1292122,0.9523168,0.0,0.0,0.0,0.0,0.0,0.0,0.0,-0.7166241,1.030837,3.527958,1.571909,0.08610052,-3.397698,0.1303549,-0.1096913,0.08465938,0.9817374,15.9335,348.4029,8.228879,0.3456203,0.02865615,-0.9379365,0.0,0.0,0.0,1.05432,0.002315039,-2.604385,-0.2366633,0.08830864,0.7943584,0.9616012,0.1376289,0.2374475,-0.1948241,0.9516808,0.2373758,-0.1933045,-0.2745214,0.9419508,moving,-16.18482,-7.726819,-16.59038,6.343512,-16.050123649011244,-2.9248630642271003,14.076174670810282,9.284107563787183,13.511585101393809
3634,3634,05/15/2023 13:24:24.284242,3863,True,True,True,True,Eyes,1.367108,0.1000088,-3.419373,-0.2833844,-0.1284558,0.9503643,0.0,0.0,0.0,0.0,0.0,0.0,0.0,-0.7011551,1.038934,3.527541,1.580801,0.08470395,-3.39241,0.1306695,-0.1127427,0.08687193,0.9811564,16.02179,348.0793,8.435983,0.3479476,0.02852787,-0.9370795,0.0,0.0,0.0,1.057312,0.002331993,-2.604418,-0.2389939,0.09223633,0.7958488,0.9594847,0.1410058,0.2439394,-0.199934,0.9507574,0.2368262,-0.1985334,-0.2760029,0.9404291,moving,-16.60379,-7.697721,-16.71504,6.610903,-16.45509177407892,-2.9099251788990985,14.309056479582292,9.524376215389575,13.71470994710341
3635,3635,05/15/2023 13:24:24.304256,3864,True,True,True,True,Eyes,1.376241,0.09924546,-3.417505,-0.2903363,-0.1277969,0.9483527,0.0,0.0,0.0,0.0,0.0,0.0,0.0,-0.6840584,1.038682,3.529639,1.589425,0.08331674,-3.387024,0.1299465,-0.116125,0.08865089,0.9806988,15.98979,347.7037,8.59696,0.350273,0.02839063,-0.936217,0.0,0.0,0.0,1.060202,0.002348372,-2.604449,-0.241169,0.0947006,0.7975739,0.957312,0.1436995,0.250807,-0.2040597,0.9505098,0.2342876,-0.2047275,-0.2754659,0.9392577,moving,-17.02186,-7.674759,-16.82417,6.771359,-16.85935559682056,-2.9008794423562314,14.447470595437252,9.67230244109526,13.827758860731278
3636,3636,05/15/2023 13:24:24.314214,3865,True,True,True,True,Eyes,1.385351,0.09848479,-3.415493,-0.2974003,-0.1270496,0.9462618,0.0,0.0,0.0,0.0,0.0,0.0,0.0,-0.6664881,1.043637,3.530153,1.598,0.08235264,-3.381564,0.1300068,-0.1195003,0.09053952,0.9801126,16.05033,347.3349,8.762826,0.3525973,0.02824517,-0.9353485,0.0,0.0,0.0,1.063097,0.002364774,-2.604481,-0.2432557,0.09770895,0.7994183,0.9550445,0.1464061,0.257789,-0.2085495,0.9498016,0.2332036,-0.210706,-0.2764817,0.9376358,moving,-17.44739,-7.647069,-16.92453,6.968417,-17.270715307359946,-2.8875057779800395,14.62483550662352,9.862000713472783,13.978254747269029
3637,3637,05/15/2023 13:24:24.334075,3866,True,True,True,True,Eyes,1.394436,0.09769813,-3.413357,-0.304566,-0.1263867,0.9440688,0.0,0.0,0.0,0.0,0.0,0.0,0.0,-0.6389146,1.051191,3.53159,1.60635,0.08160549,-3.37614,0.1301208,-0.1239881,0.09372613,0.9792399,16.1457,346.8556,9.062182,0.3549206,0.02809251,-0.9344739,0.0,0.0,0.0,1.065942,0.002380896,-2.604512,-0.2453587,0.1034293,0.8012531,0.9516847,0.1512939,0.2672196,-0.2158276,0.948568,0.2315971,-0.2184367,-0.2780809,0.9353911,moving,-17.88022,-7.625104,-17.02557,7.355322,-17.689300995774037,-2.8798848314300827,15.004785562079055,10.25670501266875,14.322503207837642
3638,3638,05/15/2023 13:24:24.354908,3867,True,True,True,True,Eyes,1.403544,0.09696281,-3.411086,-0.3118564,-0.1258837,0.9417531,0.0,0.0,0.0,0.0,0.0,0.0,0.0,-0.6077479,1.053477,3.535387,1.614933,0.08020118,-3.371008,0.1297263,-0.1291637,0.09594652,0.978408,16.17882,346.2756,9.241609,0.3572437,0.02793276,-0.9335931,0.0,0.0,0.0,1.068787,0.002397017,-2.604543,-0.2468229,0.1088368,0.8032842,0.948222,0.1542378,0.2776431,-0.2212615,0.9479307,0.2290649,-0.227856,-0.2786362,0.9329757,moving,-18.32201,-7.613567,-17.08048,7.716003,-18.11684857661484,-2.8826063831014235,15.379763103695714,10.649158684241689,14.663671323821639
3639,3639,05/15/2023 13:24:24.364455,3868,True,True,True,True,Eyes,1.412614,0.09631444,-3.408663,-0.3192062,-0.1253849,0.9393541,0.0,0.0,0.0,0.0,0.0,0.0,0.0,-0.577533,1.080381,3.531303,1.623516,0.08060038,-3.365794,0.1327599,-0.1337726,0.0993476,0.9770414,16.61886,345.8022,9.527936,0.3595674,0.0277681,-0.9327055,0.0,0.0,0.0,1.071743,0.002413766,-2.604575,-0.247066,0.1105711,0.8063807,0.9444699,0.1586141,0.2877815,-0.2296527,0.9450097,0.2328439,-0.235024,-0.2860038,0.9289594,moving,-18.76851,-7.602893,-17.03447,7.807716,-18.548981204017863,-2.88630829792632,15.507861376491634,10.800736080088901,14.773678430060865
3640,3640,05/15/2023 13:24:24.384195,3869,True,True,True,True,Eyes,1.42168,0.09573189,-3.406122,-0.3267483,-0.1246618,0.9368538,0.0,0.0,0.0,0.0,0.0,0.0,0.0,-0.5504706,1.072858,3.535964,1.631763,0.08201979,-3.359718,0.1312104,-0.1384274,0.1020727,0.9763212,16.52695,345.2852,9.788345,0.3618925,0.02760147,-0.9318109,0.0,0.0,0.0,1.074611,0.002430016,-2.604606,-0.248124,0.1160972,0.8091301,0.940838,0.1629853,0.2970852,-0.2356378,0.94473,0.2279476,-0.2435132,-0.2844662,0.9272434,moving,-19.22734,-7.579499,-17.04843,8.165295,-18.99270825203693,-2.8781238458128886,15.89484780960598,11.213265257069372,15.12906220179483
3641,3641,05/15/2023 13:24:24.404136,3870,True,True,True,True,Eyes,1.430693,0.09519009,-3.403486,-0.3343101,-0.1240625,0.9342619,0.0,0.0,0.0,0.0,0.0,0.0,0.0,-0.5305017,1.068013,3.539384,1.63984,0.08285277,-3.354606,0.1304455,-0.142286,0.1030639,0.9757646,16.49295,344.838,9.848809,0.3642187,0.02743495,-0.930909,0.0,0.0,0.0,1.077402,0.002445834,-2.604637,-0.2499859,0.1186462,0.8112512,0.938265,0.164011,0.3045638,-0.2382534,0.9447235,0.2252391,-0.2507869,-0.2838974,0.9254773,moving,-19.68891,-7.564164,-17.12661,8.320571,-19.43930868242356,-2.877801103552337,16.090064863456114,11.434689019177693,15.297897050556244
3642,3642,05/15/2023 13:24:24.413903,3871,True,True,True,True,Eyes,1.439679,0.09470015,-3.400756,-0.3421023,-0.1232499,0.9315447,0.0,0.0,0.0,0.0,0.0,0.0,0.0,-0.5035764,1.072016,3.541098,1.647694,0.08329999,-3.349678,0.1306209,-0.1467751,0.1051402,0.9748543,16.59093,344.3393,10.01397,0.3665457,0.02726969,-0.9300001,0.0,0.0,0.0,1.080754,0.002464823,-2.604674,-0.2496759,0.1129355,0.8151015,0.9348052,0.1666488,0.3136357,-0.2433365,0.9437674,0.2238088,-0.2587017,-0.2855366,0.9227905,moving,-20.16535,-7.536857,-17.03049,7.888333,-19.89998385515353,-2.866393354558034,15.740515676295361,11.13095386506426,14.956585860560454
3643,3643,05/15/2023 13:24:24.425722,3872,True,True,True,True,Eyes,1.448624,0.09426849,-3.397943,-0.3500872,-0.1225522,0.9286656,0.0,0.0,0.0,0.0,0.0,0.0,0.0,-0.4673533,1.063038,3.547889,1.655429,0.08389816,-3.344922,0.1290167,-0.1526309,0.1072897,0.973934,16.50261,343.6679,10.18861,0.3688734,0.02710699,-0.9290839,0.0,0.0,0.0,1.083275,0.002479111,-2.604701,-0.2504371,0.1220202,0.8176831,0.9303854,0.1696024,0.3249892,-0.2483701,0.9436872,0.218556,-0.2696205,-0.2840589,0.920117,moving,-20.65537,-7.51765,-17.02859,8.487435,-20.374031787881005,-2.863226782315576,16.410858570642336,11.833406257397735,15.585117804766847
3644,3644,05/15/2023 13:24:24.454548,3873,True,True,True,True,Eyes,1.457567,0.09391002,-3.39503,-0.358167,-0.1218266,0.9256753,0.0,0.0,0.0,0.0,0.0,0.0,0.0,-0.4227178,1.062909,3.552796,1.663528,0.08487903,-3.340104,0.1290306,-0.1596495,0.1088017,0.9726384,16.60312,342.856,10.24547,0.371201,0.02694826,-0.928161,0.0,0.0,0.0,1.086141,0.002495352,-2.604732,-0.2515491,0.1286575,0.8201336,0.9253485,0.17045,0.33864,-0.2528487,0.9430266,0.21626,-0.282485,-0.2857406,0.9157262,moving,-21.1527,-7.497517,-17.05168,8.915545,-20.85513401514511,-2.8593959695899898,16.917652592964664,12.373984697042916,16.05620260276112
3645,3645,05/15/2023 13:24:24.467374,3874,True,True,True,True,Eyes,1.466478,0.0936317,-3.392051,-0.3662605,-0.121274,0.9225757,0.0,0.0,0.0,0.0,0.0,0.0,0.0,-0.3871195,1.065895,3.555124,1.671757,0.08615583,-3.335072,0.1298284,-0.1656137,0.1091237,0.9714983,16.76225,342.1531,10.16741,0.3735292,0.02679513,-0.927231,0.0,0.0,0.0,1.088891,0.002510931,-2.604762,-0.2562012,0.1255944,0.8225282,0.9213283,0.1690243,0.3501214,-0.2550297,0.9424732,0.2161114,-0.293452,-0.2884009,0.9114334,moving,-21.65297,-7.488684,-17.30078,8.681615,-21.33939169938744,-2.86656024349822,16.74574953668844,12.23399917904911,15.864936313483959
3646,3646,05/15/2023 13:24:24.484314,3875,True,True,True,True,Eyes,1.475345,0.09344986,-3.389015,-0.3741907,-0.1206901,0.9194647,0.0,0.0,0.0,0.0,0.0,0.0,0.0,-0.3580106,1.074206,3.555317,1.679991,0.08784389,-3.330508,0.1313705,-0.1706234,0.1094427,0.9703875,16.99616,341.5669,10.09186,0.3758573,0.02664924,-0.9262939,0.0,0.0,0.0,1.091773,0.002527261,-2.604794,-0.2598773,0.1286475,0.8246235,0.9178199,0.1675738,0.3598967,-0.2572333,0.9415282,0.2176137,-0.3023866,-0.2923076,0.9072589,moving,-22.14464,-7.477967,-17.49207,8.867101,-21.81526913074485,-2.871637056080056,16.994341868090213,12.509517251810127,16.07857770029185
3647,3647,05/15/2023 13:24:24.504331,3876,True,True,True,True,Eyes,1.484168,0.09336293,-3.385916,-0.3821334,-0.1200596,0.9162749,0.0,0.0,0.0,0.0,0.0,0.0,0.0,-0.3328624,1.077643,3.556361,1.687914,0.0899684,-3.326059,0.1324358,-0.1752161,0.1091044,0.969462,17.15854,341.0156,9.952254,0.3781845,0.02651251,-0.9253501,0.0,0.0,0.0,1.094643,0.002543524,-2.604825,-0.2641674,0.127677,0.8262264,0.914791,0.1651353,0.3686293,-0.2579549,0.9411139,0.2185493,-0.3108321,-0.2950167,0.9035202,moving,-22.63863,-7.464942,-17.73052,8.784451,-22.29333048455579,-2.8745597237162324,16.974460717223067,12.520054735251852,16.03367041667258
3648,3648,05/15/2023 13:24:24.514383,3877,True,True,True,True,Eyes,1.49296,0.0933389,-3.382762,-0.3898741,-0.1191441,0.9131281,0.0,0.0,0.0,0.0,0.0,0.0,0.0,-0.3085325,1.066839,3.56132,1.695792,0.09215832,-3.321465,0.131595,-0.1799282,0.1083148,0.9688017,17.09498,340.4324,9.789438,0.3805102,0.02638663,-0.9243998,0.0,0.0,0.0,1.097594,0.002560246,-2.604857,-0.2656759,0.1314318,0.8284395,0.9117876,0.1625158,0.3771368,-0.2572264,0.9419013,0.2160011,-0.320122,-0.2939566,0.9006172,moving,-23.12081,-7.433904,-17.78076,9.014832,-22.759462957063647,-2.8597320768162486,17.29384428055821,12.876053554916943,16.32574096674086
3649,3649,05/15/2023 13:24:24.534323,3878,True,True,True,True,Eyes,1.501711,0.09339241,-3.379566,-0.3975494,-0.1182735,0.9099263,0.0,0.0,0.0,0.0,0.0,0.0,0.0,-0.2867949,1.048664,3.568267,1.703696,0.09353426,-3.3171,0.1294944,-0.1843242,0.1077136,0.9683252,16.88752,339.885,9.678262,0.3828342,0.02627224,-0.923443,0.0,0.0,0.0,1.100434,0.002576341,-2.604888,-0.2652306,0.1369213,0.8304443,0.9088447,0.1608658,0.3848681,-0.2563416,0.943258,0.2110768,-0.3290749,-0.2904937,0.8985116,moving,-23.60065,-7.405867,-17.71265,9.362532,-23.22341103525661,-2.847726594457395,17.77210592538771,13.39622716033224,16.778245947362134
3650,3650,05/15/2023 13:24:24.554337,3879,True,True,True,True,Eyes,1.510446,0.09352931,-3.376323,-0.4049844,-0.1173048,0.9067675,0.0,0.0,0.0,0.0,0.0,0.0,0.0,-0.2690204,1.046743,3.570128,1.711493,0.09538095,-3.312937,0.1298155,-0.1880201,0.1068732,0.9676645,16.94325,339.4279,9.508222,0.3851556,0.0261703,-0.9224801,0.0,0.0,0.0,1.103373,0.002592993,-2.60492,-0.261978,0.1391708,0.8337683,0.9064531,0.1580189,0.3916284,-0.2556506,0.9434521,0.2110471,-0.3361332,-0.2914243,0.8955927,moving,-24.0667,-7.371181,-17.44322,9.47632,-23.673822541631047,-2.828873359664516,18.10272844781695,13.792686165156915,17.109214022119964
3651,3651,05/15/2023 13:24:24.564407,3880,True,True,True,True,Eyes,1.519126,0.09371119,-3.37305,-0.4123428,-0.1162362,0.9035832,0.0,0.0,0.0,0.0,0.0,0.0,0.0,-0.248219,1.035908,3.574733,1.719183,0.09737854,-3.30883,0.1288248,-0.1921548,0.106316,0.9670458,16.85899,338.9174,9.388461,0.3874745,0.02608184,-0.921511,0.0,0.0,0.0,1.106282,0.00260948,-2.604952,-0.2580715,0.142196,0.8370306,0.9035469,0.1561163,0.3990372,-0.2551335,0.9442021,0.2083008,-0.3442526,-0.2900173,0.8929614,moving,-24.5292,-7.330224,-17.13546,9.641446,-24.12062495909016,-2.803858182469379,18.512292504617033,14.271584554627804,17.52052923442424
3652,3652,05/15/2023 13:24:24.584562,3881,True,True,True,True,Eyes,1.52778,0.09394928,-3.369744,-0.4196263,-0.1152614,0.9003491,0.0,0.0,0.0,0.0,0.0,0.0,0.0,-0.2351774,1.022451,3.579424,1.726631,0.09872457,-3.304843,0.1276907,-0.1954326,0.1044116,0.9667468,16.72031,338.4873,9.13018,0.3897897,0.02600676,-0.9205362,0.0,0.0,0.0,1.109183,0.002625914,-2.604984,-0.2544969,0.1442263,0.8399245,0.9018086,0.1519693,0.4045325,-0.251789,0.9455866,0.2060783,-0.3512029,-0.2877,0.8910024,moving,-24.98885,-7.29524,-16.85679,9.743434,-24.564830104771147,-2.7845167364128924,18.879799032878395,14.709297464894398,17.891325282923187
3653,3653,05/15/2023 13:24:24.604123,3882,True,True,True,True,Eyes,1.536363,0.09423095,-3.366405,-0.4269772,-0.1140573,0.8970404,0.0,0.0,0.0,0.0,0.0,0.0,0.0,-0.2119683,1.017037,3.582508,1.733908,0.1001855,-3.301088,0.1271707,-0.1996158,0.1047157,0.9659274,16.70721,337.987,9.102623,0.3921009,0.02594524,-0.9195559,0.0,0.0,0.0,1.112079,0.002642325,-2.605015,-0.2507737,0.1461226,0.8427884,0.8983763,0.151525,0.4122623,-0.2530661,0.9457244,0.2038695,-0.3589953,-0.2874812,0.8879623,moving,-25.45372,-7.246189,-16.5705,9.83616,-25.013707088250943,-2.7517663125763256,19.254044897792284,15.15729642073224,18.271547860525068
3654,3654,05/15/2023 13:24:24.614141,3883,True,True,True,True,Eyes,1.54487,0.09452994,-3.363062,-0.4342628,-0.1128927,0.893684,0.0,0.0,0.0,0.0,0.0,0.0,0.0,-0.1859032,0.9870862,3.591981,1.740935,0.1014491,-3.29698,0.1232737,-0.2044677,0.1046635,0.9654233,16.30935,337.3896,9.093017,0.3944072,0.02589711,-0.9185705,0.0,0.0,0.0,1.115067,0.002659254,-2.605048,-0.2455287,0.1475436,0.845901,0.894477,0.1516782,0.4206002,-0.2525001,0.9476983,0.195222,-0.3689912,-0.2808232,0.8859931,moving,-25.91624,-7.199627,-16.18574,9.894102,-25.46037603079561,-2.721343732315323,19.669219643276165,15.65785248776872,18.700867475433444
3655,3655,05/15/2023 13:24:24.633932,3884,True,True,True,True,Eyes,1.553324,0.09484621,-3.359689,-0.4416215,-0.1116983,0.8902213,0.0,0.0,0.0,0.0,0.0,0.0,0.0,-0.1537921,0.9699325,3.598361,1.748384,0.1021915,-3.293225,0.1210975,-0.2099612,0.1048826,0.9644954,16.11931,336.7249,9.071357,0.396707,0.02586152,-0.9175805,0.0,0.0,0.0,1.117845,0.002674997,-2.605078,-0.2391644,0.1471865,0.8494818,0.8898319,0.1514659,0.4304153,-0.253169,0.9486701,0.1895533,-0.3796112,-0.2776384,0.8825034,moving,-26.38512,-7.15167,-15.72411,9.829832,-25.91316642815245,-2.6897746041160824,20.050649475667964,16.14179111554544,19.107153513731642
3656,3656,05/15/2023 13:24:24.654388,3885,True,True,True,True,Eyes,1.561735,0.09517319,-3.356283,-0.4488968,-0.1106516,0.8867062,0.0,0.0,0.0,0.0,0.0,0.0,0.0,-0.1231551,0.9580929,3.602579,1.755701,0.1029084,-3.289165,0.1196991,-0.2152044,0.1050303,0.9634978,16.0136,336.0913,9.030731,0.3989999,0.0258377,-0.9165866,0.0,0.0,0.0,1.120744,0.002691425,-2.60511,-0.2329087,0.1477693,0.8527136,0.8853114,0.1508734,0.439842,-0.2539125,0.9492815,0.1854536,-0.3895539,-0.2758656,0.8787183,moving,-26.85091,-7.113138,-15.27703,9.831321,-26.363221253545003,-2.6672023719242484,20.519975366873155,16.70678673439972,19.59604531402932
3657,3657,05/15/2023 13:24:24.671073,3886,True,True,True,True,Eyes,1.570098,0.09550142,-3.352855,-0.4562266,-0.1095902,0.8830897,0.0,0.0,0.0,0.0,0.0,0.0,0.0,-0.09400582,0.9420036,3.607534,1.763084,0.1034597,-3.285017,0.1177057,-0.2203186,0.1050334,0.9625867,15.83604,335.4691,8.990635,0.4012851,0.02582477,-0.9155887,0.0,0.0,0.0,1.123732,0.002708355,-2.605142,-0.2273829,0.1468162,0.8556266,0.8808555,0.1503419,0.4488775,-0.2540729,0.9502267,0.1803223,-0.3994254,-0.2728856,0.8752102,moving,-27.32203,-7.074156,-14.88238,9.736513,-26.818425774877493,-2.644363085287556,20.912758889014647,17.197537073058346,20.009589012084646
3658,3658,05/15/2023 13:24:24.684586,3887,True,True,True,True,Eyes,1.57844,0.09583396,-3.349385,-0.4635449,-0.1088211,0.8793657,0.0,0.0,0.0,0.0,0.0,0.0,0.0,-0.06445634,0.9325916,3.610625,1.770427,0.1038099,-3.281052,0.1166116,-0.2253778,0.105124,0.9615383,15.76177,334.8571,8.942483,0.4035628,0.02582169,-0.9145873,0.0,0.0,0.0,1.1266,0.002724607,-2.605174,-0.2237715,0.1490585,0.8574885,0.8763077,0.1495982,0.4579359,-0.2547248,0.9507014,0.1768677,-0.4089012,-0.2716382,0.8712132,moving,-27.79531,-7.054464,-14.62581,9.861268,-27.276248225030447,-2.640203643985603,21.437763860669428,17.785397958738162,20.534670428197693
3659,3659,05/15/2023 13:24:24.704460,3888,True,True,True,True,Eyes,1.586736,0.09615355,-3.345896,-0.4708954,-0.1080658,0.8755452,0.0,0.0,0.0,0.0,0.0,0.0,0.0,-0.0346514,0.9225426,3.613461,1.777615,0.1041748,-3.276983,0.1155232,-0.230496,0.104915,0.9604785,15.68093,334.233,8.859619,0.4058333,0.0258276,-0.9135818,0.0,0.0,0.0,1.129584,0.002741519,-2.605206,-0.2200582,0.1468532,0.8596807,0.8717289,0.1482819,0.4670131,-0.2547924,0.9512945,0.17355,-0.4185326,-0.27028,0.867052,moving,-28.27274,-7.03625,-14.35808,9.693868,-27.73813014684807,-2.6376003938211614,21.760390879061067,18.195902139767057,20.8719506090619
3660,3660,05/15/2023 13:24:24.714372,3889,True,True,True,True,Eyes,1.594935,0.09645959,-3.342409,-0.4779722,-0.1075608,0.8717644,0.0,0.0,0.0,0.0,0.0,0.0,0.0,-0.005942583,0.917543,3.614906,1.78491,0.1041879,-3.273027,0.1150296,-0.2353861,0.1049124,0.9593513,15.67007,333.6405,8.790555,0.4080961,0.02584127,-0.9125729,0.0,0.0,0.0,1.13256,0.002758378,-2.605239,-0.2184432,0.1489796,0.8608062,0.8671736,0.1471429,0.475772,-0.2554484,0.9515232,0.1713178,-0.4274998,-0.2700975,0.8627232,moving,-28.73514,-7.03377,-14.23914,9.818906,-28.185884957548136,-2.64970692984473,22.229410796532058,18.70769903823518,21.331856591853363
3661,3661,05/15/2023 13:24:24.734092,3890,True,True,True,True,Eyes,1.603099,0.09676203,-3.338898,-0.4851044,-0.1070827,0.867875,0.0,0.0,0.0,0.0,0.0,0.0,0.0,0.02459455,0.9154334,3.615261,1.792232,0.1043525,-3.268906,0.1148006,-0.2403997,0.1056248,0.9580565,15.70921,333.0435,8.795268,0.4103495,0.02586156,-0.9115613,0.0,0.0,0.0,1.135343,0.00277415,-2.605269,-0.2160238,0.1508003,0.8617072,0.8621027,0.147193,0.4848846,-0.2575851,0.9513285,0.1691865,-0.4363815,-0.2707552,0.8580576,moving,-29.20329,-7.033886,-14.0736,9.926345,-28.639279285595308,-2.664498539351711,22.72788936679913,19.253268659717364,21.824038597488954
3662,3662,05/15/2023 13:24:24.754465,3891,True,True,True,True,Eyes,1.611199,0.09705463,-3.335372,-0.4920717,-0.1067989,0.8639787,0.0,0.0,0.0,0.0,0.0,0.0,0.0,0.05575836,0.9108031,3.616093,1.799654,0.1045673,-3.264829,0.1142007,-0.2455084,0.106451,0.9567404,15.71129,332.4352,8.820921,0.4125936,0.02588772,-0.910547,0.0,0.0,0.0,1.138219,0.002790446,-2.6053,-0.2133589,0.1492134,0.8631497,0.8567877,0.1476174,0.494089,-0.2597663,0.9512528,0.1662517,-0.4454619,-0.2707901,0.8533677,moving,-29.66331,-7.04675,-13.88442,9.807836,-29.085147547920307,-2.6913352303869,23.08788511023684,19.67972051205593,22.18900432700718
3663,3663,05/15/2023 13:24:24.764629,3892,True,True,True,True,Eyes,1.61928,0.09733067,-3.331819,-0.4990911,-0.1065386,0.8599753,0.0,0.0,0.0,0.0,0.0,0.0,0.0,0.08692908,0.9016397,3.617582,1.807207,0.104752,-3.260436,0.1130851,-0.2507495,0.1068295,0.9554706,15.64485,331.8026,8.806916,0.4148278,0.02591892,-0.9095303,0.0,0.0,0.0,1.141121,0.002806889,-2.605332,-0.2104005,0.1516067,0.8638152,0.8514243,0.1474329,0.5033292,-0.260857,0.9515985,0.162524,-0.4550059,-0.2696738,0.848673,moving,-30.12896,-7.06214,-13.68905,9.9545,-29.536537201845967,-2.7207856920156037,23.660868067289922,20.292996771962667,22.753174957284873
3664,3664,05/15/2023 13:24:24.784430,3893,True,True,True,True,Eyes,1.627323,0.09759673,-3.328246,-0.505945,-0.1064892,0.8559672,0.0,0.0,0.0,0.0,0.0,0.0,0.0,0.1167965,0.8994592,3.617365,1.814909,0.1046408,-3.256248,0.1130223,-0.2558086,0.106701,0.9541504,15.68037,331.1854,8.709743,0.4170526,0.0259542,-0.9085113,0.0,0.0,0.0,1.143991,0.00282315,-2.605364,-0.2083072,0.1535206,0.8640472,0.8463537,0.1457934,0.512279,-0.2614417,0.9516817,0.1610906,-0.4640406,-0.2702707,0.8435758,moving,-30.58648,-7.091617,-13.5544,10.07495,-29.98043730363514,-2.763573180300133,24.182282185349855,20.8480785433938,23.26228599373374
3665,3665,05/15/2023 13:24:24.804419,3894,True,True,True,True,Eyes,1.635348,0.09784599,-3.324655,-0.5128452,-0.1064104,0.8518607,0.0,0.0,0.0,0.0,0.0,0.0,0.0,0.1461078,0.8996887,3.616206,1.82254,0.1047748,-3.251938,0.1134928,-0.2608495,0.1059288,0.9528148,15.75582,330.5604,8.523843,0.4192682,0.02599291,-0.9074899,0.0,0.0,0.0,1.146832,0.00283925,-2.605395,-0.2060347,0.1567543,0.8641366,0.8414733,0.1426519,0.521127,-0.2610701,0.9517969,0.1610123,-0.4730383,-0.2715383,0.8381538,moving,-31.04918,-7.120238,-13.41056,10.28164,-30.42933075891079,-2.805697178191253,24.77793924908373,21.468976514031215,23.841236880955428
3666,3666,05/15/2023 13:24:24.814253,3895,True,True,True,True,Eyes,1.643366,0.09807613,-3.321038,-0.5195811,-0.1064805,0.8477602,0.0,0.0,0.0,0.0,0.0,0.0,0.0,0.1744692,0.8951584,3.616315,1.830236,0.104628,-3.247887,0.1132885,-0.265825,0.1049277,0.951574,15.74697,329.9384,8.331568,0.421475,0.02603424,-0.9064659,0.0,0.0,0.0,1.14987,0.002856469,-2.605428,-0.2033113,0.1595094,0.8641071,0.8366545,0.1394632,0.5296785,-0.2599228,0.9523118,0.1598199,-0.4821301,-0.2713895,0.8330056,moving,-31.50359,-7.158981,-13.24001,10.45875,-30.870471583435176,-2.857327522893648,25.37602805808586,22.09414167241391,24.42400666667377
3667,3667,05/15/2023 13:24:24.834671,3896,True,True,True,True,Eyes,1.651377,0.09828889,-3.3174,-0.5263733,-0.1065238,0.8435543,0.0,0.0,0.0,0.0,0.0,0.0,0.0,0.2032263,0.8919382,3.615839,1.838052,0.1044369,-3.243732,0.113063,-0.2707474,0.104736,0.9502331,15.75869,329.334,8.233446,0.4236739,0.02607743,-0.905439,0.0,0.0,0.0,1.152668,0.002872323,-2.605458,-0.2000848,0.1594806,0.8644433,0.8314524,0.1378241,0.5382298,-0.2602702,0.9524943,0.1581584,-0.4908628,-0.2715864,0.8278252,moving,-31.96394,-7.1972,-13.03223,10.45292,-31.31735085519209,-2.908638541292551,25.883129245485375,22.646785452716433,24.926942136711357
3668,3668,05/15/2023 13:24:24.854686,3897,True,True,True,True,Eyes,1.659404,0.09849282,-3.313733,-0.5328574,-0.1067173,0.8394488,0.0,0.0,0.0,0.0,0.0,0.0,0.0,0.2327158,0.8868276,3.615626,1.845992,0.1042345,-3.23957,0.1125979,-0.2758016,0.1044485,0.9488656,15.74131,328.7111,8.129392,0.4258654,0.02612182,-0.9044091,0.0,0.0,0.0,1.155538,0.002888581,-2.605489,-0.1966468,0.1606786,0.8646654,0.826048,0.1361057,0.5469185,-0.2603244,0.9528245,0.1560664,-0.4998758,-0.2712945,0.8225104,moving,-32.40618,-7.245027,-12.81258,10.52705,-31.746953063805805,-2.968652045612012,26.45289930903471,23.251762449829712,25.487611801454328
3669,3669,05/15/2023 13:24:24.864197,3898,True,True,True,True,Eyes,1.667423,0.09868004,-3.310052,-0.5393692,-0.1068362,0.8352646,0.0,0.0,0.0,0.0,0.0,0.0,0.0,0.2596266,0.8849173,3.614693,1.854048,0.1042503,-3.235449,0.1127104,-0.2805663,0.1036109,0.9475462,15.7676,328.1148,7.950125,0.4280505,0.02616705,-0.9033756,0.0,0.0,0.0,1.158561,0.002905714,-2.605522,-0.1937982,0.1614434,0.8643463,0.8210948,0.1331066,0.555055,-0.2595976,0.9531223,0.1554573,-0.5083428,-0.2717361,0.8171579,moving,-32.85221,-7.288956,-12.63749,10.57985,-32.180119493668165,-3.025023374946511,26.98016183316987,23.811907674000363,26.004873988397712
3670,3670,05/15/2023 13:24:24.884273,3899,True,True,True,True,Eyes,1.675473,0.0988498,-3.306335,-0.5456961,-0.1070049,0.8311231,0.0,0.0,0.0,0.0,0.0,0.0,0.0,0.2840666,0.8781401,3.614961,1.861966,0.1040384,-3.231412,0.1121767,-0.2850787,0.1023684,0.9463971,15.70554,327.5431,7.74925,0.4302296,0.02621257,-0.9023385,0.0,0.0,0.0,1.161321,0.00292135,-2.605553,-0.1922559,0.1614504,0.8639092,0.8165017,0.1298039,0.562562,-0.2577206,0.9538742,0.1539613,-0.5166285,-0.2706935,0.8122931,moving,-33.28798,-7.336325,-12.54626,10.58553,-32.603443185312045,-3.0843920957146187,27.41189222216199,24.27256408853566,26.4248567920853
3671,3671,05/15/2023 13:24:24.904097,3900,True,True,True,True,Eyes,1.683513,0.09900783,-3.30261,-0.552079,-0.1071219,0.826882,0.0,0.0,0.0,0.0,0.0,0.0,0.0,0.3085049,0.8698614,3.615508,1.869893,0.1037414,-3.227456,0.1113127,-0.2895363,0.1015582,0.9452323,15.61919,326.9843,7.609702,0.4324042,0.0262579,-0.9012972,0.0,0.0,0.0,1.164146,0.002937358,-2.605583,-0.1904751,0.1628132,0.8631197,0.8117093,0.1275341,0.5699676,-0.2564504,0.9545909,0.1516232,-0.5247486,-0.2692423,0.8075565,moving,-33.72959,-7.381513,-12.44469,10.68238,-33.03236329155387,-3.1418395844645284,27.916862257880076,24.798414035563912,26.913373915981783
3672,3672,05/15/2023 13:24:24.914200,3901,True,True,True,True,Eyes,1.691572,0.09914665,-3.298855,-0.5583404,-0.1072494,0.8226503,0.0,0.0,0.0,0.0,0.0,0.0,0.0,0.336846,0.8617525,3.615516,1.877794,0.103608,-3.223538,0.110279,-0.2943453,0.1018454,0.9438363,15.55278,326.3974,7.595013,0.434574,0.02630271,-0.9002516,0.0,0.0,0.0,1.167226,0.002954812,-2.605617,-0.1881257,0.164121,0.8622416,0.8059767,0.1273306,0.5780905,-0.2571709,0.9549321,0.1482151,-0.5331649,-0.268126,0.8023987,moving,-34.1651,-7.427788,-12.30803,10.77689,-33.45540534731504,-3.2001445975955987,28.44541808567039,25.348944361109247,27.426867629834675
3673,3673,05/15/2023 13:24:24.934612,3902,True,True,True,True,Eyes,1.699643,0.09927286,-3.295079,-0.5646768,-0.107338,0.8183023,0.0,0.0,0.0,0.0,0.0,0.0,0.0,0.3672202,0.8506696,3.61571,1.886006,0.1032595,-3.219343,0.1085536,-0.2993394,0.1033207,0.9423039,15.45235,325.8043,7.735236,0.4367402,0.02634656,-0.8992015,0.0,0.0,0.0,1.169967,0.002970343,-2.605647,-0.1861462,0.1656229,0.861153,0.7994415,0.1297303,0.5865691,-0.2597077,0.955082,0.142725,-0.5417057,-0.2664368,0.7972242,moving,-34.60796,-7.472915,-12.19735,10.88659,-33.88553438279464,-3.257572425995506,28.970793299754924,25.892753282627947,27.93477083662655
3674,3674,05/15/2023 13:24:24.954204,3903,True,True,True,True,Eyes,1.707767,0.09937622,-3.291255,-0.5709113,-0.1074314,0.8139526,0.0,0.0,0.0,0.0,0.0,0.0,0.0,0.3980013,0.8398752,3.6156,1.894495,0.1030527,-3.215063,0.1068083,-0.3043636,0.1051968,0.9406852,15.36589,325.2119,7.921938,0.4389033,0.02638918,-0.8981464,0.0,0.0,0.0,1.172918,0.002987066,-2.605679,-0.1848101,0.1670446,0.8596185,0.7925928,0.1328971,0.5950925,-0.2629314,0.9550512,0.1369098,-0.5501489,-0.2649822,0.7919095,moving,-35.04605,-7.518857,-12.13338,10.9969,-34.31106602114073,-3.3156370418907164,29.45884763211129,26.395046388059157,28.402887226888364
3675,3675,05/15/2023 13:24:24.964527,3904,True,True,True,True,Eyes,1.715899,0.09946349,-3.287417,-0.5771881,-0.1075524,0.8094977,0.0,0.0,0.0,0.0,0.0,0.0,0.0,0.4277012,0.8278697,3.615618,1.903116,0.1025252,-3.210705,0.1050636,-0.3093883,0.1061198,0.9391375,15.24831,324.6051,8.002262,0.441065,0.02643008,-0.8970856,0.0,0.0,0.0,1.175763,0.003003188,-2.60571,-0.1840193,0.1686241,0.8579715,0.7860349,0.1343113,0.603415,-0.264333,0.9554005,0.1316738,-0.5588176,-0.2630027,0.786481,moving,-35.48964,-7.568173,-12.1055,11.11908,-34.74201627381228,-3.377129551747653,29.933784061251078,26.88032664203968,28.8546095788416
3676,3676,05/15/2023 13:24:24.984476,3905,True,True,True,True,Eyes,1.724034,0.09952664,-3.283569,-0.5832609,-0.1077279,0.8051096,0.0,0.0,0.0,0.0,0.0,0.0,0.0,0.455887,0.8270434,3.613109,1.911564,0.102238,-3.206534,0.1050194,-0.314143,0.1064971,0.9375197,15.29721,324.0219,7.967726,0.4432255,0.02646899,-0.896019,0.0,0.0,0.0,1.178696,0.003019803,-2.605742,-0.1836451,0.1710173,0.8558552,0.7799451,0.1337042,0.6113991,-0.2656685,0.9552586,0.1300048,-0.566662,-0.2638261,0.7805703,moving,-35.92142,-7.621209,-12.1106,11.30004,-35.16163028876357,-3.441841010293621,30.41329993263475,27.3618905248733,29.305177831141158
3677,3677,05/15/2023 13:24:25.004212,3906,True,True,True,True,Eyes,1.732169,0.09959377,-3.279713,-0.5893865,-0.1080349,0.8005948,0.0,0.0,0.0,0.0,0.0,0.0,0.0,0.4853424,0.8226364,3.611052,1.919869,0.1017577,-3.202458,0.1046247,-0.3191502,0.106159,0.9359099,15.28377,323.397,7.860728,0.4453846,0.02650545,-0.8949466,0.0,0.0,0.0,1.181533,0.003035882,-2.605773,-0.1841398,0.1735151,0.8533795,0.7737468,0.1319285,0.6196052,-0.2654925,0.9555679,0.1280772,-0.5751778,-0.2635999,0.7743937,moving,-36.35997,-7.685257,-12.17643,11.4931,-35.588101163061054,-3.5173897728565686,30.8650770961462,27.810450371548036,29.722175049483276
3678,3678,05/15/2023 13:24:25.014158,3907,True,True,True,True,Eyes,1.740272,0.09967449,-3.275854,-0.5953851,-0.1083931,0.7960952,0.0,0.0,0.0,0.0,0.0,0.0,0.0,0.5171121,0.8282583,3.606158,1.928127,0.1019391,-3.198395,0.1052658,-0.3240774,0.1080426,0.9339271,15.46499,322.8094,7.966692,0.4475424,0.02653981,-0.8938684,0.0,0.0,0.0,1.184509,0.003052748,-2.605806,-0.1845967,0.1752037,0.8508778,0.7666012,0.1335793,0.6280757,-0.2700364,0.9544918,0.1265929,-0.5825829,-0.2666495,0.7677858,moving,-36.79214,-7.753485,-12.24055,11.63512,-36.00850715804962,-3.596771586304217,31.2841585370955,28.229883258061967,30.108655546138685
3679,3679,05/15/2023 13:24:25.034394,3908,True,True,True,True,Eyes,1.748403,0.09973471,-3.271968,-0.6014858,-0.1087135,0.7914519,0.0,0.0,0.0,0.0,0.0,0.0,0.0,0.5554707,0.8171681,3.603375,1.936394,0.1024139,-3.193825,0.1035163,-0.329912,0.1109323,0.9317384,15.43209,322.1242,8.255883,0.4496979,0.02657262,-0.892785,0.0,0.0,0.0,1.18731,0.003068618,-2.605836,-0.1853264,0.1782767,0.8480275,0.7577042,0.1384172,0.6377499,-0.2750222,0.9539568,0.1197045,-0.5918167,-0.266096,0.7608849,moving,-37.23402,-7.821181,-12.3275,11.87214,-36.43830252959329,-3.6759445697190776,31.751561072165273,28.68926162187132,30.535390217275687
3680,3680,05/15/2023 13:24:25.053992,3909,True,True,True,True,Eyes,1.756595,0.09981456,-3.268027,-0.6074219,-0.1093209,0.7868212,0.0,0.0,0.0,0.0,0.0,0.0,0.0,0.5891635,0.80688,3.601111,1.945315,0.1019601,-3.189282,0.1019853,-0.3353612,0.1124502,0.9297778,15.37112,321.4666,8.390755,0.4518522,0.02660349,-0.8916957,0.0,0.0,0.0,1.190248,0.003085264,-2.605868,-0.1864793,0.1810067,0.8447877,0.7497757,0.1407036,0.6465592,-0.2775111,0.953908,0.1142244,-0.6006862,-0.2650701,0.7542638,moving,-37.66795,-7.910034,-12.44791,12.09351,-36.86097546825808,-3.775281771476256,32.18993926930487,29.117285550750225,30.92858045940981
3681,3681,05/15/2023 13:24:25.064310,3910,True,True,True,True,Eyes,1.764784,0.09995146,-3.264033,-0.6133484,-0.1098995,0.782129,0.0,0.0,0.0,0.0,0.0,0.0,0.0,0.613961,0.8241609,3.593839,1.954242,0.1024673,-3.184699,0.1041083,-0.339287,0.1149279,0.9278133,15.7341,321.0061,8.520882,0.4540068,0.02663314,-0.8905997,0.0,0.0,0.0,1.193172,0.003101831,-2.6059,-0.1876067,0.1827527,0.8418316,0.7433518,0.142618,0.6535198,-0.2839084,0.9519061,0.1151991,-0.60566,-0.2711733,0.7480916,moving,-38.10367,-7.998449,-12.56337,12.24825,-37.28537003166772,-3.874252494014688,32.59195827940692,29.514612859315783,31.289191828264325
3682,3682,05/15/2023 13:24:25.084107,3911,True,True,True,True,Eyes,1.77299,0.1000787,-3.260005,-0.6191096,-0.1102532,0.7775265,0.0,0.0,0.0,0.0,0.0,0.0,0.0,0.6353793,0.8135599,3.592375,1.962445,0.103939,-3.179425,0.1025325,-0.343071,0.1172197,0.9263092,15.68706,320.5651,8.771338,0.4561617,0.02666324,-0.889497,0.0,0.0,0.0,1.196064,0.003118222,-2.605932,-0.1887996,0.1856123,0.8385281,0.7371238,0.1468116,0.6596172,-0.2875153,0.9514933,0.1095243,-0.6115419,-0.2703829,0.7435789,moving,-38.52875,-8.070732,-12.68889,12.48144,-37.69902012205193,-3.957324487744185,33.01651312203008,29.928908877630143,31.66838760005156
3683,3683,05/15/2023 13:24:25.104361,3912,True,True,True,True,Eyes,1.781227,0.1001981,-3.255963,-0.6247416,-0.1109323,0.7729114,0.0,0.0,0.0,0.0,0.0,0.0,0.0,0.6524799,0.794122,3.594157,1.97095,0.1037767,-3.174729,0.1000208,-0.3467225,0.1166451,0.9252965,15.42547,320.1027,8.741593,0.4583177,0.0266935,-0.8883872,0.0,0.0,0.0,1.198883,0.003134195,-2.605963,-0.1894963,0.1864726,0.8356606,0.7323549,0.1465037,0.6649759,-0.2852215,0.9527795,0.1042108,-0.6183081,-0.2659847,0.7395588,moving,-38.94849,-8.16761,-12.77645,12.57912,-38.10816924887664,-4.063959723550201,33.3976418846376,30.309868076063204,32.01090316919167
3684,3684,05/15/2023 13:24:25.114647,3913,True,True,True,True,Eyes,1.789463,0.1003517,-3.251874,-0.6301492,-0.1116503,0.7684048,0.0,0.0,0.0,0.0,0.0,0.0,0.0,0.6660864,0.8235467,3.586147,1.980016,0.1037918,-3.17035,0.1037799,-0.349173,0.1183014,0.9237493,15.92319,319.8117,8.737995,0.4604749,0.02672365,-0.88727,0.0,0.0,0.0,1.201875,0.003151146,-2.605995,-0.1899797,0.1882516,0.8325651,0.7281659,0.1460873,0.6696512,-0.2910359,0.950469,0.1091179,-0.620542,-0.2743485,0.7346159,moving,-39.35431,-8.267303,-12.85401,12.74092,-38.50391397885123,-4.1728745485275605,33.81732298257402,30.724485677616943,32.38704380626291
3685,3685,05/15/2023 13:24:25.133925,3914,True,True,True,True,Eyes,1.797701,0.1005234,-3.247758,-0.6354523,-0.1122185,0.763942,0.0,0.0,0.0,0.0,0.0,0.0,0.0,0.6760275,0.8283632,3.583185,1.988203,0.1047679,-3.165199,0.1042361,-0.3513808,0.1200408,0.9226357,16.06359,319.5566,8.874949,0.4626335,0.02675466,-0.8861455,0.0,0.0,0.0,1.204663,0.003166945,-2.606025,-0.1883575,0.1906473,0.829914,0.7242435,0.1482546,0.6734181,-0.2947609,0.9494501,0.1079839,-0.6233677,-0.276704,0.7313327,moving,-39.75392,-8.356641,-12.78724,12.93749,-38.8933621109201,-4.271603541132312,34.360469223623255,31.267915059653614,32.89270777668743
3686,3686,05/15/2023 13:24:25.153971,3915,True,True,True,True,Eyes,1.80593,0.1007025,-3.243619,-0.6405855,-0.1127536,0.7595636,0.0,0.0,0.0,0.0,0.0,0.0,0.0,0.680421,0.8173149,3.585338,1.996543,0.105358,-3.160434,0.1028721,-0.3533584,0.1192015,0.9221422,15.90047,319.2984,8.800457,0.464793,0.02678691,-0.8850137,0.0,0.0,0.0,1.207553,0.00318332,-2.606057,-0.1857827,0.1923533,0.8279642,0.7218577,0.14714,0.6762184,-0.2925429,0.9504167,0.1054837,-0.6271684,-0.2739671,0.7291104,moving,-40.14294,-8.443628,-12.64684,13.07899,-39.272489991821104,-4.367732083599884,34.91788368134478,31.832583133470887,33.42057432156796
3687,3687,05/15/2023 13:24:25.164295,3916,True,True,True,True,Eyes,1.814147,0.1008722,-3.239446,-0.6456011,-0.1131894,0.75524,0.0,0.0,0.0,0.0,0.0,0.0,0.0,0.6837187,0.8255167,3.583156,2.004739,0.1057647,-3.155596,0.1039925,-0.3548915,0.1191053,0.9214399,16.03262,319.1019,8.718526,0.4669533,0.02682049,-0.8838747,0.0,0.0,0.0,1.210488,0.003199951,-2.606089,-0.1837406,0.1986015,0.8249432,0.7197319,0.1456846,0.6787945,-0.2933088,0.949999,0.1071067,-0.6292503,-0.2761845,0.7264752,moving,-40.52478,-8.523595,-12.55659,13.53612,-39.64447279800651,-4.456862179690337,35.620930332563255,32.519237417214924,34.06829985327297
3688,3688,05/15/2023 13:24:25.184083,3917,True,True,True,True,Eyes,1.822348,0.1010149,-3.235262,-0.6504681,-0.1136162,0.7509878,0.0,0.0,0.0,0.0,0.0,0.0,0.0,0.6864343,0.8190476,3.584175,2.012717,0.1056991,-3.150578,0.1031122,-0.3565494,0.1185489,0.9209706,15.93005,318.887,8.662556,0.4691141,0.02685501,-0.8827288,0.0,0.0,0.0,1.213332,0.003216068,-2.60612,-0.1826374,0.1959308,0.823079,0.7176374,0.1448308,0.6811905,-0.2918891,0.9506281,0.1053895,-0.6322952,-0.2744636,0.7244809,moving,-40.89748,-8.602981,-12.51096,13.38983,-40.007587907166894,-4.545145092014837,35.90930594417165,32.82876601117352,34.344771472617836
3689,3689,05/15/2023 13:24:25.204318,3918,True,True,True,True,Eyes,1.830543,0.1011427,-3.231057,-0.6551355,-0.114192,0.7468318,0.0,0.0,0.0,0.0,0.0,0.0,0.0,0.6862407,0.8289756,3.582387,2.02094,0.1052752,-3.145846,0.1043617,-0.3576401,0.1182008,0.9204515,16.06134,318.742,8.554777,0.4712749,0.02688966,-0.881576,0.0,0.0,0.0,1.216227,0.00323247,-2.606152,-0.182568,0.1942895,0.8215188,0.7162443,0.1429484,0.6830519,-0.2922441,0.9502744,0.107573,-0.6337094,-0.2766665,0.7224045,moving,-41.25787,-8.693304,-12.52936,13.30599,-40.35907934404132,-4.643594656245971,36.18419853083022,33.11617230447759,34.59809078693846
3690,3690,05/15/2023 13:24:25.214501,3919,True,True,True,True,Eyes,1.83871,0.1012535,-3.226834,-0.659805,-0.1146891,0.742633,0.0,0.0,0.0,0.0,0.0,0.0,0.0,0.683713,0.8440783,3.579726,2.028974,0.1050747,-3.141114,0.1059809,-0.3581443,0.1195604,0.9198946,16.29735,318.6932,8.631768,0.4734354,0.02692401,-0.8804166,0.0,0.0,0.0,1.219389,0.003250389,-2.606186,-0.1805367,0.1950742,0.819748,0.714876,0.1440529,0.6842522,-0.2958788,0.9489467,0.1093428,-0.6335678,-0.2806222,0.7210014,moving,-41.62004,-8.779163,-12.42023,13.38563,-40.71217293473863,-4.7377929085837165,36.65933650202837,33.59899541572462,35.04590944293759
3691,3691,05/15/2023 13:24:25.234603,3920,True,True,True,True,Eyes,1.846849,0.1013319,-3.222604,-0.6642805,-0.1151904,0.7385544,0.0,0.0,0.0,0.0,0.0,0.0,0.0,0.6759144,0.8431674,3.581584,2.036528,0.1047719,-3.136417,0.1054269,-0.3581717,0.1203156,0.9198492,16.26862,318.7012,8.737343,0.4755946,0.02695763,-0.879251,0.0,0.0,0.0,1.222051,0.003265474,-2.606215,-0.1768126,0.1929949,0.8194485,0.7144744,0.1458226,0.6842968,-0.2968663,0.9488186,0.1077664,-0.6335588,-0.280141,0.7211964,moving,-41.96927,-8.864852,-12.17606,13.25268,-41.05272983439013,-4.831421378034745,37.105533062807815,34.07193542162545,35.4887572761115
3692,3692,05/15/2023 13:24:25.254471,3921,True,True,True,True,Eyes,1.854941,0.1013823,-3.21836,-0.6688963,-0.1155648,0.7343177,0.0,0.0,0.0,0.0,0.0,0.0,0.0,0.6707714,0.8446559,3.582607,2.044003,0.1040589,-3.132041,0.1050599,-0.358397,0.1216304,0.9196305,16.28506,318.6915,8.893988,0.477752,0.02698974,-0.8780796,0.0,0.0,0.0,1.224826,0.003281201,-2.606246,-0.1713464,0.1926806,0.8192563,0.7135153,0.1484037,0.6847425,-0.2990163,0.948337,0.1060487,-0.6336286,-0.2804165,0.721028,moving,-42.33066,-8.94369,-11.81305,13.23485,-41.40487655754617,-4.918820902657665,37.72548418037468,34.71645094553725,36.10249429664458
3693,3693,05/15/2023 13:24:25.264174,3922,True,True,True,True,Eyes,1.862975,0.1014013,-3.214092,-0.6734549,-0.1157539,0.7301092,0.0,0.0,0.0,0.0,0.0,0.0,0.0,0.6717744,0.8376461,3.584028,2.051076,0.1034099,-3.127393,0.1035952,-0.3594567,0.1230629,0.9191923,16.19571,318.5797,9.092714,0.4799069,0.02701974,-0.8769027,0.0,0.0,0.0,1.227791,0.003298,-2.606278,-0.1678772,0.1926338,0.8184259,0.7112927,0.1517609,0.6863171,-0.3007128,0.9482471,0.1019762,-0.6353223,-0.2789193,0.7201177,moving,-42.68853,-9.008879,-11.59184,13.2447,-41.75324205315415,-4.992940701794756,38.23906258350669,35.246584404446516,36.602789575321964
3694,3694,05/15/2023 13:24:25.284618,3923,True,True,True,True,Eyes,1.870922,0.1013722,-3.209829,-0.6781616,-0.1157892,0.7257339,0.0,0.0,0.0,0.0,0.0,0.0,0.0,0.6789529,0.818902,3.586607,2.057779,0.1026199,-3.122554,0.1008164,-0.361546,0.123402,0.9186361,15.92973,318.3246,9.204949,0.4820583,0.027047,-0.875721,0.0,0.0,0.0,1.230832,0.003315232,-2.606311,-0.1657755,0.1935476,0.817562,0.7081129,0.1538236,0.6891404,-0.2996227,0.9492159,0.09599621,-0.6393766,-0.2744582,0.7182411,moving,-43.05922,-9.065014,-11.46235,13.31886,-42.11377649093734,-5.058726668980781,38.722086837421045,35.73857352644668,37.06376213290853
3695,3695,05/15/2023 13:24:25.304589,3924,True,True,True,True,Eyes,1.878801,0.1013149,-3.205546,-0.6828562,-0.1158369,0.7213107,0.0,0.0,0.0,0.0,0.0,0.0,0.0,0.6916771,0.8067276,3.586529,2.064426,0.1015058,-3.117732,0.0991079,-0.3643289,0.1231751,0.9177528,15.7634,317.9722,9.200269,0.4842044,0.02707054,-0.8745355,0.0,0.0,0.0,1.233659,0.00333125,-2.606342,-0.1645463,0.1929353,0.8170347,0.7041847,0.1538728,0.6931428,-0.2983043,0.950011,0.0921606,-0.6443124,-0.2716656,0.7148843,moving,-43.43129,-9.123363,-11.38673,13.28648,-42.47570779724099,-5.126692104602108,39.10313144593728,36.13266454928339,37.42834146055457
3696,3696,05/15/2023 13:24:25.314636,3925,True,True,True,True,Eyes,1.886612,0.101253,-3.201236,-0.6878239,-0.1158833,0.7165678,0.0,0.0,0.0,0.0,0.0,0.0,0.0,0.7096372,0.806796,3.58245,2.07073,0.1007863,-3.112936,0.09924936,-0.367619,0.1228818,0.9164638,15.79905,317.5518,9.104727,0.4863441,0.02708997,-0.8733468,0.0,0.0,0.0,1.236613,0.003347987,-2.606374,-0.1634197,0.1889229,0.8171233,0.6995127,0.1522616,0.6982108,-0.2982054,0.9500992,0.0915695,-0.6494271,-0.2722643,0.7100117,moving,-43.82748,-9.186333,-11.3096,13.01832,-42.861124711015066,-5.199872475975956,39.37586995286338,36.43351820345519,37.70300446491778
3697,3697,05/15/2023 13:24:25.334478,3926,True,True,True,True,Eyes,1.894338,0.1011929,-3.196904,-0.6928293,-0.1159521,0.7117181,0.0,0.0,0.0,0.0,0.0,0.0,0.0,0.7318891,0.810276,3.576542,2.076785,0.10061,-3.108167,0.1001154,-0.3714623,0.1220565,0.9149289,15.89503,317.052,8.910417,0.4884765,0.02710561,-0.8721554,0.0,0.0,0.0,1.239355,0.003363528,-2.606404,-0.1629943,0.1839869,0.8175654,0.6942359,0.1489678,0.7041628,-0.2977243,0.9501582,0.09251826,-0.6552837,-0.2738758,0.7039852,moving,-44.22952,-9.253254,-11.27497,12.68269,-43.25231493944381,-5.277048439372018,39.58772543192695,36.67564306439397,37.92012878566714
3698,3698,05/15/2023 13:24:25.354724,3927,True,True,True,True,Eyes,1.901999,0.1011289,-3.192525,-0.6980463,-0.116011,0.7065924,0.0,0.0,0.0,0.0,0.0,0.0,0.0,0.7585831,0.8116176,3.569812,2.082588,0.1006243,-3.103293,0.1008335,-0.3759092,0.1209705,0.9131764,15.96829,316.471,8.682039,0.4906007,0.02711793,-0.8709619,0.0,0.0,0.0,1.242271,0.003380048,-2.606436,-0.1631802,0.1822637,0.81727,0.6881168,0.1451264,0.7109385,-0.2967432,0.9503975,0.0932096,-0.662147,-0.2751053,0.6970498,moving,-44.6514,-9.32385,-11.29148,12.5721,-43.66281990930597,-5.358392375560617,39.90384553910688,37.005488840898494,38.21892638825457
3699,3699,05/15/2023 13:24:25.364321,3928,True,True,True,True,Eyes,1.90957,0.1010846,-3.188121,-0.7032138,-0.1161628,0.7014247,0.0,0.0,0.0,0.0,0.0,0.0,0.0,0.7832588,0.8157695,3.562462,2.088271,0.1004382,-3.098248,0.1019804,-0.3801346,0.1194331,0.9115006,16.06405,315.9094,8.388865,0.4927165,0.02712718,-0.8697664,0.0,0.0,0.0,1.245166,0.003396456,-2.606467,-0.1627,0.1785022,0.8176209,0.6824667,0.1401942,0.7173457,-0.2952594,0.9506714,0.09510912,-0.6686263,-0.2767118,0.6901953,moving,-45.07298,-9.403398,-11.25438,12.31552,-44.0732784516552,-5.448364315301007,40.192152281891104,37.31803426692587,38.503675850660564
3700,3700,05/15/2023 13:24:25.384024,3929,True,True,True,True,Eyes,1.917045,0.1010632,-3.18368,-0.7084513,-0.1162339,0.6961223,0.0,0.0,0.0,0.0,0.0,0.0,0.0,0.8024991,0.8259404,3.554695,2.093791,0.1009244,-3.093201,0.1038843,-0.3835498,0.118354,0.9099945,16.25171,315.4528,8.126669,0.4948233,0.02713423,-0.8685694,0.0,0.0,0.0,1.248053,0.003412813,-2.606499,-0.1635673,0.1742889,0.8177258,0.6777638,0.1357134,0.7226467,-0.2950927,0.9504007,0.09827899,-0.6734661,-0.2798576,0.6841952,moving,-45.50291,-9.479422,-11.31143,12.0319,-44.49172765601037,-5.535197924030983,40.39547349367357,37.54377554287715,38.70253598183559
3701,3701,05/15/2023 13:24:25.403977,3930,True,True,True,True,Eyes,1.924408,0.1010565,-3.179222,-0.7135869,-0.116239,0.6908562,0.0,0.0,0.0,0.0,0.0,0.0,0.0,0.8147408,0.8195524,3.551904,2.098811,0.1014246,-3.088074,0.1034254,-0.3862146,0.1171971,0.9090689,16.17476,315.0984,7.971535,0.4969197,0.02713997,-0.8673716,0.0,0.0,0.0,1.250911,0.003429007,-2.60653,-0.1622342,0.1723244,0.8179506,0.6742062,0.1331916,0.7264337,-0.2929693,0.9511361,0.09751519,-0.6779491,-0.2785681,0.6802829,moving,-45.92725,-9.550765,-11.21858,11.897,-44.90463544239998,-5.617339747021952,40.80071563911747,37.967122988745906,39.09817562517744
3702,3702,05/15/2023 13:24:25.414625,3931,True,True,True,True,Eyes,1.93167,0.1010469,-3.174745,-0.7187562,-0.1161775,0.6854869,0.0,0.0,0.0,0.0,0.0,0.0,0.0,0.8251791,0.8123869,3.549717,2.103537,0.1017611,-3.083206,0.1026641,-0.3885099,0.1167853,0.9082299,16.09493,314.8021,7.918452,0.4990048,0.02714496,-0.8661735,0.0,0.0,0.0,1.253947,0.003446211,-2.606563,-0.1600748,0.1648718,0.8189202,0.6708426,0.1323638,0.7296919,-0.2919078,0.9516426,0.0957407,-0.6817332,-0.2772296,0.6770404,moving,-46.3572,-9.619183,-11.06018,11.38309,-45.3228966059819,-5.69683527143112,41.072802339832236,38.28390780079143,39.39892269164581
3703,3703,05/15/2023 13:24:25.434892,3932,True,True,True,True,Eyes,1.938821,0.1010314,-3.170256,-0.7238844,-0.1161782,0.6800691,0.0,0.0,0.0,0.0,0.0,0.0,0.0,0.8410993,0.8028141,3.546893,2.108127,0.1016187,-3.078617,0.1015064,-0.3914317,0.1167227,0.9071128,15.9938,314.4313,7.910316,0.5010774,0.02714924,-0.8649761,0.0,0.0,0.0,1.256709,0.003461859,-2.606593,-0.156926,0.1609684,0.8200112,0.6663141,0.1322957,0.7338416,-0.291227,0.9521445,0.09277752,-0.6864492,-0.2755334,0.6729554,moving,-46.78754,-9.694423,-10.83374,11.10596,-45.74172150560404,-5.782925287621604,41.537111928812394,38.77888109595267,39.87226977836829
3704,3704,05/15/2023 13:24:25.455041,3933,True,True,True,True,Eyes,1.945863,0.1010213,-3.165731,-0.7290832,-0.1161605,0.6744956,0.0,0.0,0.0,0.0,0.0,0.0,0.0,0.863328,0.7986633,3.541027,2.112685,0.1014444,-3.073814,0.1007511,-0.394826,0.1188956,0.9054424,16.04157,314.026,8.120057,0.5031363,0.02715274,-0.86378,0.0,0.0,0.0,1.259661,0.003478587,-2.606626,-0.1539416,0.1581434,0.8204238,0.6599526,0.1357478,0.738942,-0.2948644,0.9514261,0.0885625,-0.6910265,-0.2763347,0.6679233,moving,-47.22721,-9.77153,-10.62722,10.91042,-46.169633180649306,-5.871109253013162,42.039294996498214,39.30499788543093,40.37466278436757
3705,3705,05/15/2023 13:24:25.463923,3934,True,True,True,True,Eyes,1.952793,0.1010222,-3.161164,-0.7342788,-0.1161589,0.6688362,0.0,0.0,0.0,0.0,0.0,0.0,0.0,0.8910272,0.7873263,3.534814,2.117061,0.1014983,-3.068627,0.09906151,-0.3989528,0.121439,0.9034801,16.01548,313.5337,8.398825,0.5051814,0.02715574,-0.8625855,0.0,0.0,0.0,1.262521,0.003494795,-2.606657,-0.1514513,0.1545136,0.8209244,0.6521785,0.1403937,0.7449516,-0.2984771,0.9508788,0.08210337,-0.6968319,-0.275897,0.662047,moving,-47.6704,-9.852465,-10.45289,10.65945,-46.601058271498864,-5.963097071524353,42.49566692696239,39.78692172724147,40.834418797431105
3706,3706,05/15/2023 13:24:25.484204,3935,True,True,True,True,Eyes,1.95961,0.1010271,-3.156536,-0.7394783,-0.1161068,0.663092,0.0,0.0,0.0,0.0,0.0,0.0,0.0,0.9174061,0.7780646,3.527833,2.121396,0.1017396,-3.062997,0.09785451,-0.4030436,0.1231383,0.9015638,16.004,313.0322,8.564738,0.507212,0.02715864,-0.8613929,0.0,0.0,0.0,1.265509,0.003511723,-2.606689,-0.1486529,0.1525345,0.8212201,0.6447856,0.1431548,0.7508383,-0.3009133,0.950523,0.07718398,-0.7026398,-0.2757044,0.6559606,moving,-48.11734,-9.931751,-10.26028,10.52228,-47.03607017327568,-6.053611426866719,43.029343197317814,40.338801661230264,41.361946807694494
3707,3707,05/15/2023 13:24:25.503977,3936,True,True,True,True,Eyes,1.966301,0.1010323,-3.151853,-0.7446587,-0.1159802,0.6572914,0.0,0.0,0.0,0.0,0.0,0.0,0.0,0.9404018,0.7643403,3.522119,2.125435,0.1017843,-3.057132,0.09612852,-0.406856,0.124033,0.899913,15.89896,312.5573,8.672415,0.5092277,0.02716162,-0.8602028,0.0,0.0,0.0,1.26829,0.003527482,-2.60672,-0.145896,0.1503513,0.8215255,0.638168,0.1450168,0.7561162,-0.3014586,0.9507503,0.07208747,-0.7084237,-0.2739417,0.6504551,moving,-48.56597,-10.00694,-10.07025,10.3712,-47.47260707403467,-6.1402257511624905,43.556733672051216,40.88475871311635,41.88523315207339
3708,3708,05/15/2023 13:24:25.515123,3937,True,True,True,True,Eyes,1.972901,0.1010291,-3.147071,-0.7498534,-0.1158496,0.6513821,0.0,0.0,0.0,0.0,0.0,0.0,0.0,0.9628363,0.7503356,3.51611,2.129199,0.1017728,-3.051105,0.09446517,-0.4106652,0.1243893,0.8983083,15.77631,312.075,8.719868,0.5112278,0.02716477,-0.8590156,0.0,0.0,0.0,1.271307,0.003544579,-2.606753,-0.1431971,0.1495793,0.8215594,0.6317627,0.1458927,0.7613088,-0.301067,0.9512072,0.06755299,-0.714307,-0.2718824,0.6448609,moving,-49.01983,-10.08472,-9.887281,10.31868,-47.91427974924574,-6.229504019114644,44.13224583903929,41.471617139986456,42.44630703027462
3709,3709,05/15/2023 13:24:25.534141,3938,True,True,True,True,Eyes,1.979382,0.101005,-3.142219,-0.7550506,-0.1157367,0.645371,0.0,0.0,0.0,0.0,0.0,0.0,0.0,0.9899926,0.7380009,3.508027,2.132899,0.1014177,-3.044904,0.09304192,-0.4150466,0.124887,0.896372,15.69213,311.5187,8.762249,0.5132133,0.0271679,-0.8578306,0.0,0.0,0.0,1.274048,0.003560112,-2.606783,-0.1405097,0.149612,0.8215557,0.6242791,0.146657,0.7673117,-0.3011239,0.9514928,0.06313246,-0.7208328,-0.2704682,0.6381591,moving,-49.47821,-10.16698,-9.705328,10.32093,-48.36045209397311,-6.323246584531842,44.73965353860067,42.08618814881598,43.03275129000272
3710,3710,05/15/2023 13:24:25.555425,3939,True,True,True,True,Eyes,1.985732,0.1009684,-3.137309,-0.7601166,-0.1156949,0.6394041,0.0,0.0,0.0,0.0,0.0,0.0,0.0,1.017961,0.7322446,3.497819,2.136633,0.1008945,-3.038385,0.09252032,-0.419492,0.1254393,0.8942772,15.70707,310.9505,8.767407,0.515184,0.02717055,-0.8566484,0.0,0.0,0.0,1.276987,0.003576763,-2.606815,-0.1376058,0.1491,0.8217039,0.6165829,0.1467319,0.7734956,-0.3019781,0.95141,0.06023604,-0.7270728,-0.2707192,0.6309329,moving,-49.92972,-10.25623,-9.506762,10.28455,-48.80016163378522,-6.423518087539127,45.3424654874232,42.69813572040582,43.61759855923839
3711,3711,05/15/2023 13:24:25.564085,3940,True,True,True,True,Eyes,1.991957,0.1009348,-3.132312,-0.7651445,-0.1156291,0.6333908,0.0,0.0,0.0,0.0,0.0,0.0,0.0,1.042316,0.7306847,3.487319,2.140332,0.1006313,-3.031596,0.09252728,-0.4234372,0.1262351,0.8923029,15.7851,310.447,8.782187,0.5171396,0.0271725,-0.8554693,0.0,0.0,0.0,1.279931,0.003593445,-2.606847,-0.1348791,0.1475052,0.821877,0.6095313,0.1469209,0.7790287,-0.3036388,0.9510068,0.05821946,-0.7323079,-0.27203,0.6242794,moving,-50.38186,-10.34574,-9.319792,10.17476,-49.240488402317006,-6.524060208462035,45.90407769127514,43.272538608227116,44.16798555621428
3712,3712,05/15/2023 13:24:25.584294,3941,True,True,True,True,Eyes,1.99804,0.1008818,-3.127251,-0.7700257,-0.1155097,0.6274695,0.0,0.0,0.0,0.0,0.0,0.0,0.0,1.063079,0.7210774,3.478922,2.143659,0.1006548,-3.024497,0.09145939,-0.4270464,0.1268232,0.8906078,15.73734,309.9876,8.832133,0.5190797,0.027174,-0.8542935,0.0,0.0,0.0,1.282797,0.003609689,-2.606878,-0.1324257,0.1475742,0.8220202,0.6030945,0.1477846,0.7838601,-0.3040142,0.9511021,0.05459015,-0.7374635,-0.2712277,0.6185331,moving,-50.8245,-10.4307,-9.1516,10.17768,-49.67149059130544,-6.619914334981627,46.490170150628614,43.863660460271326,44.731912439327466
3713,3713,05/15/2023 13:24:25.604158,3942,True,True,True,True,Eyes,2.004002,0.1008042,-3.122096,-0.7748581,-0.1153942,0.6215136,0.0,0.0,0.0,0.0,0.0,0.0,0.0,1.084415,0.7105827,3.470225,2.146873,0.1002039,-3.017324,0.09036721,-0.4308443,0.1265624,0.8889259,15.64742,309.493,8.789443,0.5210038,0.02717463,-0.8531213,0.0,0.0,0.0,1.285616,0.003625662,-2.606909,-0.1300939,0.147759,0.822085,0.5967103,0.1471408,0.7888513,-0.3028776,0.9516315,0.05160207,-0.7431029,-0.2697169,0.612414,moving,-51.26691,-10.51813,-8.992415,10.18937,-50.10233738640159,-6.718144449187176,47.073702677344436,44.450981580449216,45.29132893100589
3714,3714,05/15/2023 13:24:25.614604,3943,True,True,True,True,Eyes,2.009858,0.1006938,-3.116832,-0.7795792,-0.1152782,0.6156031,0.0,0.0,0.0,0.0,0.0,0.0,0.0,1.103254,0.7083457,3.460236,2.150044,0.0995497,-3.009909,0.09037177,-0.4342742,0.1262236,0.8873031,15.66459,309.0407,8.691694,0.5229129,0.02717393,-0.8519526,0.0,0.0,0.0,1.288705,0.003643162,-2.606942,-0.1276637,0.1470229,0.8224053,0.5909472,0.1455048,0.7934796,-0.3024893,0.9518012,0.05074302,-0.7478514,-0.2700056,0.6064778,moving,-51.70323,-10.60641,-8.823721,10.1358,-50.52730935293552,-6.817003729948875,47.632883261095806,45.01762805632109,45.833324663355036
3715,3715,05/15/2023 13:24:25.634594,3944,True,True,True,True,Eyes,2.015591,0.1005494,-3.11147,-0.7842442,-0.11513,0.6096771,0.0,0.0,0.0,0.0,0.0,0.0,0.0,1.121485,0.7021275,3.451003,2.153068,0.09860688,-3.00245,0.08971016,-0.4376121,0.126296,0.8857183,15.63173,308.6069,8.672471,0.524807,0.02717124,-0.8507873,0.0,0.0,0.0,1.291364,0.003658233,-2.606972,-0.1257114,0.1470045,0.8228452,0.5850899,0.1452088,0.7978622,-0.3022418,0.9520028,0.04837857,-0.7525421,-0.2694532,0.6008953,moving,-52.13824,-10.69368,-8.686281,10.12925,-50.95098507636908,-6.914847426522118,48.183681415211325,45.5719921415317,46.36102154674138
3716,3716,05/15/2023 13:24:25.655824,3945,True,True,True,True,Eyes,2.021203,0.1003603,-3.10601,-0.7888274,-0.1149717,0.6037656,0.0,0.0,0.0,0.0,0.0,0.0,0.0,1.137669,0.6952046,3.442152,2.155955,0.09764126,-2.994718,0.08893514,-0.4407285,0.1263001,0.8842496,15.58156,308.2012,8.655909,0.5266863,0.02716594,-0.8496254,0.0,0.0,0.0,1.294306,0.003674902,-2.607004,-0.1234436,0.1465241,0.8233485,0.5796132,0.144969,0.801893,-0.3017541,0.9522777,0.04595359,-0.7569629,-0.2686098,0.5956978,moving,-52.56969,-10.78144,-8.526771,10.09078,-51.37122639384781,-7.013052273404287,48.73836560420303,46.13229277233206,46.896649927712424
3717,3717,05/15/2023 13:24:25.664494,3946,True,True,True,True,Eyes,2.026697,0.1001282,-3.100446,-0.7933587,-0.1147938,0.597833,0.0,0.0,0.0,0.0,0.0,0.0,0.0,1.154596,0.6873509,3.432993,2.158732,0.09636851,-2.9869,0.08795446,-0.4439133,0.1266137,0.8827084,15.5267,307.7903,8.681773,0.5285518,0.02715718,-0.8484665,0.0,0.0,0.0,1.29733,0.003692036,-2.607037,-0.1216998,0.1463697,0.8238412,0.5738199,0.1454377,0.8059645,-0.3016143,0.952466,0.04286524,-0.7614194,-0.2676873,0.59041,moving,-53.00026,-10.86944,-8.403096,10.07446,-51.79062199872128,-7.111461092269999,49.27021396394475,46.66726150182209,47.405663042720896
3718,3718,05/15/2023 13:24:25.684010,3947,True,True,True,True,Eyes,2.032063,0.09984905,-3.094792,-0.797795,-0.1145998,0.5919375,0.0,0.0,0.0,0.0,0.0,0.0,0.0,1.170995,0.6805518,3.423438,2.161479,0.09509687,-2.978804,0.08712163,-0.4470547,0.1269063,0.881162,15.48611,307.3834,8.699067,0.530403,0.02714424,-0.8473108,0.0,0.0,0.0,1.299971,0.003706999,-2.607065,-0.12066,0.1452595,0.824654,0.5680737,0.1457538,0.8099679,-0.3015464,0.9526092,0.04006838,-0.7657427,-0.2670047,0.5851038,moving,-53.4258,-10.95698,-8.32422,9.989943,-52.20513363483615,-7.209268351660074,49.728524024591046,47.13117283228821,47.8471294956551
3719,3719,05/15/2023 13:24:25.703942,3948,True,True,True,True,Eyes,2.037313,0.09952672,-3.089023,-0.8021957,-0.1143741,0.5860039,0.0,0.0,0.0,0.0,0.0,0.0,0.0,1.188138,0.6718741,3.413828,2.164115,0.09362863,-2.970715,0.08600853,-0.4502999,0.127244,0.8795691,15.42024,306.9639,8.733961,0.5322406,0.02712635,-0.8461583,0.0,0.0,0.0,1.302902,0.003723609,-2.607097,-0.1194035,0.1439898,0.8254315,0.562078,0.1463805,0.8140278,-0.301299,0.952823,0.03670498,-0.7702515,-0.2658968,0.5796651,moving,-53.85188,-11.04394,-8.231073,9.895211,-52.62015243079123,-7.306532925967134,50.196673952883074,47.60557075393215,48.30025859065898
3720,3720,05/15/2023 13:24:25.724232,3949,True,True,True,True,Eyes,2.042425,0.09914077,-3.083171,-0.806574,-0.1141103,0.5800149,0.0,0.0,0.0,0.0,0.0,0.0,0.0,1.205676,0.663642,3.403401,2.166644,0.09226048,-2.962153,0.0850137,-0.4536584,0.1274298,0.8779115,15.36031,306.5265,8.745214,0.5340647,0.02710296,-0.8450089,0.0,0.0,0.0,1.306008,0.003741207,-2.607131,-0.1172236,0.1430416,0.8262373,0.5559114,0.1466099,0.8182103,-0.3008786,0.9530686,0.03364981,-0.7748772,-0.2648882,0.5739335,moving,-54.27974,-11.13005,-8.075029,9.821924,-53.0368719318004,-7.403033185909718,50.733229082034555,48.14837972227427,48.82190261283931
3721,3721,05/15/2023 13:24:25.734424,3950,True,True,True,True,Eyes,2.047422,0.09870003,-3.077202,-0.8109003,-0.1137745,0.5740174,0.0,0.0,0.0,0.0,0.0,0.0,0.0,1.222247,0.6533574,3.393496,2.168989,0.09049977,-2.953621,0.0837088,-0.4569352,0.1273504,0.8763475,15.25395,306.0976,8.746599,0.5358757,0.02707297,-0.8438626,0.0,0.0,0.0,1.308705,0.003756494,-2.607161,-0.1153389,0.1422695,0.8272848,0.5499843,0.1467074,0.8221887,-0.2997053,0.9535495,0.03033425,-0.7795473,-0.2630977,0.5684062,moving,-54.70621,-11.21114,-7.936935,9.757801,-53.4521083619067,-7.494646271744373,51.25486875104751,48.675229255019865,49.32814172106997
3722,3722,05/15/2023 13:24:25.754570,3951,True,True,True,True,Eyes,2.052294,0.09820843,-3.071132,-0.8151945,-0.1134502,0.5679674,0.0,0.0,0.0,0.0,0.0,0.0,0.0,1.236284,0.6428806,3.384193,2.171292,0.08872418,-2.94484,0.08235171,-0.4599334,0.1271637,0.8749336,15.13405,305.7041,8.745171,0.5376735,0.02703566,-0.8427193,0.0,0.0,0.0,1.311631,0.003773072,-2.607193,-0.1134289,0.1416595,0.8283473,0.5445813,0.146767,0.8257666,-0.2982722,0.9540952,0.02713091,-0.783878,-0.2610782,0.5633589,moving,-55.13406,-11.29603,-7.797244,9.704535,-53.86878490963496,-7.589969091116941,51.786078045523794,49.21063658952024,49.841941191267466
3723,3723,05/15/2023 13:24:25.764974,3952,True,True,True,True,Eyes,2.057049,0.09768623,-3.064948,-0.8194383,-0.1131198,0.5618939,0.0,0.0,0.0,0.0,0.0,0.0,0.0,1.250605,0.6356522,3.373972,2.173429,0.087038,-2.936049,0.08130067,-0.4627967,0.1280645,0.8733893,15.1027,305.3378,8.84488,0.5394591,0.02699046,-0.8415788,0.0,0.0,0.0,1.314527,0.003789482,-2.607224,-0.1117638,0.1407141,0.8295082,0.5388374,0.148449,0.8292267,-0.2989517,0.9539793,0.02347857,-0.7875798,-0.26055,0.5584189,moving,-55.56133,-11.38257,-7.673537,9.62775,-54.28494473670312,-7.686865739572778,52.29411309997761,49.72342757097753,50.33440053904335
3724,3724,05/15/2023 13:24:25.784779,3953,True,True,True,True,Eyes,2.061666,0.09713788,-3.058672,-0.8236364,-0.1128047,0.5557862,0.0,0.0,0.0,0.0,0.0,0.0,0.0,1.2664,0.6262043,3.363301,2.17544,0.08576117,-2.92708,0.08001775,-0.465885,0.1290306,0.8717222,15.05424,304.9424,8.959981,0.541232,0.02693746,-0.8404415,0.0,0.0,0.0,1.317414,0.003805841,-2.607256,-0.1101674,0.1417279,0.8304301,0.5326046,0.1503994,0.832894,-0.2995157,0.9538965,0.01927971,-0.791595,-0.2597333,0.5530967,moving,-55.9887,-11.47315,-7.556904,9.685241,-54.70131157913524,-7.787663550830042,52.85183415449739,50.2782016328154,50.859741193767704
3725,3725,05/15/2023 13:24:25.804071,3954,True,True,True,True,Eyes,2.066167,0.09656806,-3.052269,-0.8277832,-0.1124256,0.5496686,0.0,0.0,0.0,0.0,0.0,0.0,0.0,1.282447,0.6158779,3.352295,2.177266,0.08465387,-2.917911,0.07864088,-0.4690267,0.1300537,0.8700089,15.00088,304.5399,9.085464,0.5429928,0.02687677,-0.8393068,0.0,0.0,0.0,1.320214,0.00382171,-2.607286,-0.10813,0.1418472,0.8316211,0.5261999,0.1525263,0.83657,-0.300065,0.9538034,0.01483925,-0.7956598,-0.2588338,0.547659,moving,-56.41486,-11.55947,-7.408218,9.679625,-55.11639040067223,-7.88431312443415,53.41114225079996,50.838584129096425,51.3959715792541
3726,3726,05/15/2023 13:24:25.814442,3955,True,True,True,True,Eyes,2.070531,0.09598863,-3.045759,-0.8319268,-0.112032,0.5434581,0.0,0.0,0.0,0.0,0.0,0.0,0.0,1.295861,0.5986942,3.343149,2.179076,0.08352517,-2.908434,0.07622762,-0.4719221,0.1312769,0.8684731,14.85111,304.175,9.2921,0.5447416,0.0268087,-0.8381749,0.0,0.0,0.0,1.323231,0.003838801,-2.607319,-0.1055783,0.144534,0.8323798,0.5201119,0.156074,0.839717,-0.2999679,0.9539114,0.0084983,-0.7996893,-0.2563082,0.5429578,moving,-56.84533,-11.64816,-7.228742,9.85059,-55.53570797394589,-7.983384559776732,54.074042352354645,51.49382108764827,52.014828728039674
3727,3727,05/15/2023 13:24:25.834450,3956,True,True,True,True,Eyes,2.074773,0.09541894,-3.039137,-0.8360668,-0.1115725,0.5371628,0.0,0.0,0.0,0.0,0.0,0.0,0.0,1.31039,0.578329,3.333631,2.180589,0.08273618,-2.89877,0.07335921,-0.4749407,0.1330802,0.8667985,14.68979,303.7991,9.582413,0.5464792,0.0267338,-0.8370456,0.0,0.0,0.0,1.325976,0.003854359,-2.607349,-0.1021342,0.1440607,0.8337222,0.5134419,0.1610248,0.8428811,-0.3003899,0.9538162,0.000764905,-0.8038304,-0.2535857,0.5380994,moving,-57.27975,-11.7339,-6.984154,9.803461,-55.95877057562072,-8.07973352279442,54.71293170576347,52.137526936642935,52.63849715960607
3728,3728,05/15/2023 13:24:25.854314,3957,True,True,True,True,Eyes,2.07888,0.09485782,-3.032413,-0.8403654,-0.1111031,0.5305111,0.0,0.0,0.0,0.0,0.0,0.0,0.0,1.331241,0.5575898,3.321667,2.181973,0.08235709,-2.889428,0.07069553,-0.4788236,0.1343079,0.8646916,14.52955,303.2997,9.788136,0.5482056,0.02665308,-0.8359185,0.0,0.0,0.0,1.328884,0.003870832,-2.607381,-0.09975359,0.1439659,0.8351896,0.5053786,0.1645685,0.8470594,-0.2999712,0.9539271,-0.00635992,-0.8090796,-0.2508793,0.5314602,moving,-57.73635,-11.82831,-6.811043,9.780257,-56.40355035832468,-8.185143300217689,55.32013250922071,52.74630218349481,53.22258284532698
3729,3729,05/15/2023 13:24:25.864399,3958,True,True,True,True,Eyes,2.082864,0.09432051,-3.025575,-0.8446641,-0.1107323,0.5237183,0.0,0.0,0.0,0.0,0.0,0.0,0.0,1.356122,0.5420619,3.306609,2.183104,0.08201639,-2.879912,0.0690039,-0.4833058,0.1345219,0.862298,14.42038,302.7062,9.826959,0.5499205,0.02656746,-0.834794,0.0,0.0,0.0,1.331833,0.003887543,-2.607413,-0.09946045,0.1493713,0.835563,0.4966387,0.165296,0.8520724,-0.298696,0.9542847,-0.01102662,-0.8149422,-0.2490343,0.5233079,moving,-58.19979,-11.93849,-6.788208,10.13555,-56.85538454086847,-8.305983371941789,55.9501028208557,53.35552754760216,53.7726925373844
3730,3730,05/15/2023 13:24:25.884123,3959,True,True,True,True,Eyes,2.08675,0.09377701,-3.018621,-0.8490556,-0.1104093,0.5166377,0.0,0.0,0.0,0.0,0.0,0.0,0.0,1.38456,0.5381567,3.287786,2.184212,0.08206616,-2.870301,0.06895848,-0.488042,0.1355687,0.8594655,14.52849,302.08,9.857497,0.5516244,0.02647817,-0.833672,0.0,0.0,0.0,1.334657,0.003903547,-2.607444,-0.1001554,0.1479616,0.8362803,0.4868723,0.1657239,0.8576078,-0.3003424,0.9537318,-0.01379152,-0.8202134,-0.2508613,0.5141194,moving,-58.68011,-12.06308,-6.829383,10.03341,-57.323959517294654,-8.44125635308971,56.362689438569454,53.768164879591254,54.15652564886019
3731,3731,05/15/2023 13:24:25.904052,3960,True,True,True,True,Eyes,2.090539,0.0932744,-3.011587,-0.8533396,-0.1104292,0.5095261,0.0,0.0,0.0,0.0,0.0,0.0,0.0,1.410259,0.5308095,3.27078,2.185558,0.08130486,-2.860998,0.06837768,-0.492557,0.1357496,0.8569039,14.53166,301.4751,9.831505,0.5533181,0.02638546,-0.8325518,0.0,0.0,0.0,1.337592,0.003920177,-2.607476,-0.1012623,0.1446199,0.8376878,0.4779194,0.1652888,0.8627123,-0.3000084,0.9537931,-0.01654259,-0.8255835,-0.250915,0.5054242,moving,-59.15872,-12.22855,-6.892646,9.795092,-57.791993171724855,-8.615919117258898,56.71669329498715,54.12678517026118,54.48924768585424
3732,3732,05/15/2023 13:24:25.914201,3961,True,True,True,True,Eyes,2.094209,0.09290694,-3.00443,-0.8577105,-0.1105661,0.5021036,0.0,0.0,0.0,0.0,0.0,0.0,0.0,1.430958,0.545506,3.252478,2.187085,0.08184449,-2.851981,0.0705616,-0.4957764,0.1391538,0.8543202,14.98361,301.0641,10.00326,0.5550021,0.02629085,-0.8314331,0.0,0.0,0.0,1.340583,0.003937128,-2.607509,-0.1032926,0.1526051,0.8376621,0.4696839,0.1677983,0.8667415,-0.3077294,0.9513146,-0.01741398,-0.8274658,-0.2585427,0.4984536,moving,-59.6553,-12.41867,-7.029692,10.3249,-58.278102494419365,-8.814929117715305,57.329962442989306,54.70587387895248,54.970357761420004
3733,3733,05/15/2023 13:24:25.934664,3962,True,True,True,True,Eyes,2.097759,0.09262799,-2.997189,-0.8621377,-0.1103406,0.4945134,0.0,0.0,0.0,0.0,0.0,0.0,0.0,1.45897,0.5235699,3.235883,2.187412,0.08453061,-2.84284,0.06807046,-0.5003492,0.1426099,0.8512812,14.98723,300.4835,10.41844,0.5566767,0.02619829,-0.8303156,0.0,0.0,0.0,1.343418,0.003953192,-2.607539,-0.106389,0.154557,0.8376685,0.4586262,0.1746842,0.8712909,-0.3109202,0.9500577,-0.02681528,-0.8324607,-0.2586037,0.4900342,moving,-60.16186,-12.57834,-7.238159,10.45399,-58.77304683892422,-8.984872126896093,57.718336365199406,55.079161443861636,55.281968376474495
3734,3734,05/15/2023 13:24:25.954700,3963,True,True,True,True,Eyes,2.101213,0.09242345,-2.989871,-0.8665653,-0.110065,0.4867755,0.0,0.0,0.0,0.0,0.0,0.0,0.0,1.486361,0.4750885,3.2233,2.188231,0.08626579,-2.833522,0.06222002,-0.5057639,0.1418229,0.8486565,14.42217,299.7557,10.5775,0.558342,0.02611006,-0.8291995,0.0,0.0,0.0,1.346377,0.003969955,-2.607572,-0.1103907,0.1521587,0.8386381,0.4481784,0.1777806,0.876088,-0.3036552,0.9520299,-0.03785098,-0.8407912,-0.2490647,0.4806632,moving,-60.67579,-12.74093,-7.498783,10.28362,-59.27520846412124,-9.157863621632686,57.94759681108914,55.30614359410638,55.47211199490466
3735,3735,05/15/2023 13:24:25.964455,3964,True,True,True,True,Eyes,2.104539,0.09230882,-2.982465,-0.8709939,-0.1095686,0.4789199,0.0,0.0,0.0,0.0,0.0,0.0,0.0,1.512848,0.4607548,3.205837,2.189451,0.08780324,-2.824358,0.06089062,-0.5104181,0.1430187,0.8457609,14.41813,299.1348,10.69645,0.5599979,0.02602785,-0.8280848,0.0,0.0,0.0,1.349233,0.003986142,-2.607603,-0.1146407,0.1542699,0.8386907,0.4380381,0.1797599,0.8808002,-0.3040786,0.951676,-0.04300088,-0.8459662,-0.2489965,0.4715315,moving,-61.19561,-12.88651,-7.783528,10.42256,-59.78261055125092,-9.314627569967442,58.276609783339524,55.61889210820264,55.72112684336883
3736,3736,05/15/2023 13:24:25.984320,3965,True,True,True,True,Eyes,2.107761,0.09224638,-2.975006,-0.8754461,-0.1089151,0.4708839,0.0,0.0,0.0,0.0,0.0,0.0,0.0,1.536471,0.4241576,3.191487,2.189818,0.08976811,-2.814761,0.05661226,-0.5151733,0.1428283,0.8432032,14.04205,298.4921,10.84536,0.5616448,0.02595356,-0.8269711,0.0,0.0,0.0,1.352296,0.004003496,-2.607636,-0.1188252,0.1533154,0.8388435,0.4283932,0.1825364,0.8849632,-0.2991969,0.9527903,-0.05169138,-0.8526198,-0.242634,0.4627832,moving,-61.72514,-13.02344,-8.062512,10.35762,-60.29918064280092,-9.463349969415042,58.5350460031423,55.87074727821558,55.92999999755253
3737,3737,05/15/2023 13:24:26.004569,3966,True,True,True,True,Eyes,2.110891,0.0922185,-2.967492,-0.8798739,-0.1082994,0.4627021,0.0,0.0,0.0,0.0,0.0,0.0,0.0,1.562936,0.3944654,3.175228,2.190689,0.09090382,-2.805897,0.05331664,-0.5202558,0.141839,0.84046,13.7217,297.7938,10.85465,0.5632818,0.02588793,-0.8258589,0.0,0.0,0.0,1.354988,0.004018749,-2.607666,-0.1238538,0.1562928,0.838818,0.4184312,0.1829434,0.8896332,-0.2938966,0.9540781,-0.05796412,-0.8593836,-0.2372061,0.4529825,moving,-62.26132,-13.17342,-8.399194,10.55461,-60.82254695162399,-9.624872291071888,58.85701338770746,56.17312026428858,56.15712585985222
3738,3738,05/15/2023 13:24:26.014534,3967,True,True,True,True,Eyes,2.113925,0.09223112,-2.959931,-0.8842448,-0.1079159,0.4543844,0.0,0.0,0.0,0.0,0.0,0.0,0.0,1.592828,0.3859072,3.154259,2.191751,0.09171654,-2.796996,0.05292117,-0.5254281,0.1418356,0.8372619,13.74886,297.0839,10.79293,0.5649095,0.02583108,-0.8247482,0.0,0.0,0.0,1.357911,0.004035317,-2.607698,-0.1292905,0.1609974,0.838111,0.407616,0.1818946,0.8948539,-0.2931196,0.954164,-0.06043107,-0.8648295,-0.2376666,0.4422494,moving,-62.80285,-13.36017,-8.769555,10.87381,-61.35209728902026,-9.82204020756324,59.21893915967614,56.508777808323714,56.391818094138166
3739,3739,05/15/2023 13:24:26.034040,3968,True,True,True,True,Eyes,2.116873,0.0922782,-2.952321,-0.8885697,-0.1075405,0.4459585,0.0,0.0,0.0,0.0,0.0,0.0,0.0,1.620223,0.3745088,3.13448,2.19254,0.09269403,-2.788282,0.05210146,-0.5302919,0.1418366,0.8342412,13.73078,296.4147,10.76203,0.5665276,0.02578332,-0.8236391,0.0,0.0,0.0,1.360924,0.004052387,-2.60773,-0.1356107,0.1619742,0.8375373,0.3973459,0.1813939,0.8995624,-0.2919098,0.9543356,-0.0634992,-0.8700028,-0.2373599,0.432152,moving,-63.34868,-13.55773,-9.197286,10.94551,-61.8861068462596,-10.02977307541931,59.43721260827123,56.71044297361124,56.512543555336194
3740,3740,05/15/2023 13:24:26.057492,3969,True,True,True,True,Eyes,2.119743,0.09237801,-2.944664,-0.8928037,-0.1074778,0.4374359,0.0,0.0,0.0,0.0,0.0,0.0,0.0,1.646241,0.3601319,3.115421,2.19356,0.09354621,-2.779423,0.05073707,-0.5349861,0.1425343,0.8312038,13.7009,295.7728,10.83682,0.5681365,0.02574475,-0.8225313,0.0,0.0,0.0,1.363712,0.004068184,-2.607761,-0.1412406,0.1641923,0.8371112,0.3869476,0.1826627,0.9038284,-0.2912372,0.9542195,-0.06816202,-0.8749013,-0.2368534,0.4224312,moving,-63.89711,-13.80411,-9.576962,11.09721,-62.423965723211374,-10.284691848200044,59.7557881421064,57.00869696078991,56.70720112301978
3741,3741,05/15/2023 13:24:26.064194,3970,True,True,True,True,Eyes,2.122537,0.09251903,-2.936954,-0.8969879,-0.1073319,0.428827,0.0,0.0,0.0,0.0,0.0,0.0,0.0,1.670867,0.3473714,3.096704,2.194588,0.09489451,-2.770706,0.04959003,-0.5394202,0.1438022,0.8281834,13.72599,295.1683,10.95972,0.5697365,0.02571595,-0.8214248,0.0,0.0,0.0,1.366801,0.004085689,-2.607795,-0.145184,0.1645729,0.8366104,0.3766936,0.1846894,0.9077399,-0.2916888,0.9537235,-0.07300029,-0.8792153,-0.2372788,0.4131334,moving,-64.44872,-14.05198,-9.84497,11.12878,-62.96494497915152,-10.541147974320593,60.13019364878263,57.37000540524575,56.97957904391258
3742,3742,05/15/2023 13:24:26.084239,3971,True,True,True,True,Eyes,2.125247,0.09269787,-2.929216,-0.9010295,-0.1074122,0.420248,0.0,0.0,0.0,0.0,0.0,0.0,0.0,1.693736,0.3270431,3.079173,2.19566,0.09600171,-2.761678,0.04740816,-0.5439013,0.143957,0.8253486,13.58297,294.5488,11.03522,0.5713279,0.02569715,-0.8203192,0.0,0.0,0.0,1.369468,0.004100803,-2.607824,-0.1478346,0.1621296,0.8368291,0.3668956,0.1860586,0.9114658,-0.2892,0.9540577,-0.07834026,-0.8841668,-0.2348533,0.4038477,moving,-64.99524,-14.33741,-10.01853,10.9648,-63.502018936471565,-10.833684568259557,60.51975275319786,57.75515144374852,57.292570925600835
3743,3743,05/15/2023 13:24:26.104273,3972,True,True,True,True,Eyes,2.127887,0.09291422,-2.92144,-0.9049951,-0.1074621,0.4116259,0.0,0.0,0.0,0.0,0.0,0.0,0.0,1.713889,0.314311,3.062057,2.196586,0.0971528,-2.752813,0.0463021,-0.5479595,0.1435828,0.8227882,13.50609,293.981,11.00006,0.5729104,0.02568847,-0.8192152,0.0,0.0,0.0,1.372367,0.004117229,-2.607855,-0.1489055,0.1609146,0.8368624,0.3582489,0.1855331,0.9150055,-0.2870198,0.9544802,-0.08116143,-0.8884128,-0.2335487,0.3951932,moving,-65.54217,-14.63149,-10.08923,10.88417,-64.03972584758526,-11.134580041902456,61.04160433572499,58.27075901005661,57.7258256308152
3744,3744,05/15/2023 13:24:26.114632,3973,True,True,True,True,Eyes,2.130451,0.09312361,-2.913669,-0.9088188,-0.1077142,0.403046,0.0,0.0,0.0,0.0,0.0,0.0,0.0,1.734378,0.3082727,3.04401,2.19763,0.09828183,-2.744059,0.04618719,-0.5520213,0.1427513,0.8202202,13.49561,293.4062,10.85849,0.5744844,0.02568998,-0.818112,0.0,0.0,0.0,1.375439,0.004134635,-2.607889,-0.1484523,0.1617578,0.8364449,0.3497891,0.1831823,0.9187446,-0.2851675,0.9549777,-0.08183616,-0.8923715,-0.2333708,0.3862784,moving,-66.08352,-14.96264,-10.06406,10.94517,-64.57303954579983,-11.471067838014536,61.72029259236948,58.93824369570966,58.28432825452259
3745,3745,05/15/2023 13:24:26.134599,3974,True,True,True,True,Eyes,2.132962,0.09337692,-2.905881,-0.912555,-0.1081592,0.3943917,0.0,0.0,0.0,0.0,0.0,0.0,0.0,1.759425,0.3030993,3.023315,2.198772,0.09846982,-2.735614,0.04623894,-0.5567521,0.1409504,0.8173262,13.44627,292.7288,10.60052,0.5760496,0.02570052,-0.8170103,0.0,0.0,0.0,1.378139,0.004149934,-2.607918,-0.1471383,0.1626337,0.836397,0.3403203,0.1789177,0.9231309,-0.2818922,0.9559899,-0.08136427,-0.8970613,-0.2325335,0.3757782,moving,-66.62677,-15.33592,-9.977342,11.0036,-65.10934220025271,-11.848264687944123,62.473418399808914,59.68035829145777,58.90641341315469
3746,3746,05/15/2023 13:24:26.154603,3975,True,True,True,True,Eyes,2.135397,0.09367119,-2.8981,-0.9162341,-0.108788,0.3855907,0.0,0.0,0.0,0.0,0.0,0.0,0.0,1.785306,0.3220296,2.999616,2.200088,0.09986813,-2.727335,0.04980495,-0.5611436,0.1404901,0.8141866,13.81403,292.0957,10.25469,0.577606,0.02572046,-0.81591,0.0,0.0,0.0,1.381045,0.004166399,-2.60795,-0.1445842,0.1626757,0.8363401,0.3307607,0.1728749,0.9277455,-0.2846658,0.955564,-0.07656921,-0.899757,-0.2387713,0.3652746,moving,-67.17655,-15.75553,-9.808193,11.00711,-65.65323237721216,-12.270368178108733,63.3037699086638,60.502143874202545,59.60391903113003
3747,3747,05/15/2023 13:24:26.165026,3976,True,True,True,True,Eyes,2.137788,0.09396836,-2.890304,-0.9198772,-0.1092702,0.3766777,0.0,0.0,0.0,0.0,0.0,0.0,0.0,1.81637,0.3091199,2.975413,2.201019,0.1012526,-2.719025,0.04903095,-0.5667898,0.1389246,0.8105833,13.70774,291.2864,10.05613,0.5791538,0.02575004,-0.8148113,0.0,0.0,0.0,1.384009,0.004183196,-2.607982,-0.1424397,0.1630619,0.8359024,0.3188983,0.1696395,0.932484,-0.2808005,0.9565918,-0.07799479,-0.9052376,-0.2369695,0.3526904,moving,-67.73154,-16.17688,-9.670448,11.03823,-66.20221575297123,-12.6943138904669,64.12294921901646,61.31129100572598,60.280709398167275
3748,3748,05/15/2023 13:24:26.184712,3977,True,True,True,True,Eyes,2.140135,0.09428035,-2.882511,-0.9234523,-0.1101342,0.3675682,0.0,0.0,0.0,0.0,0.0,0.0,0.0,1.842057,0.3040628,2.953631,2.202455,0.1016292,-2.710799,0.04917563,-0.5717466,0.1361498,0.8075585,13.59815,290.562,9.693987,0.5806931,0.02578842,-0.8137137,0.0,0.0,0.0,1.386863,0.004199367,-2.608014,-0.141638,0.1643654,0.835124,0.309138,0.1636658,0.9368282,-0.2761298,0.95809,-0.07626196,-0.9100472,-0.2351107,0.3413751,moving,-68.29562,-16.67976,-9.625836,11.13439,-66.76222582418954,-13.197209525050944,64.92896499120523,62.1014796731061,60.898144571026904
3749,3749,05/15/2023 13:24:26.204338,3978,True,True,True,True,Eyes,2.142406,0.09462268,-2.874697,-0.9270107,-0.1106646,0.3583358,0.0,0.0,0.0,0.0,0.0,0.0,0.0,1.86997,0.3020646,2.929759,2.203907,0.1023848,-2.70256,0.04967164,-0.5767211,0.1359966,0.8040089,13.69404,289.8465,9.561934,0.582224,0.02583518,-0.8126174,0.0,0.0,0.0,1.389732,0.004215626,-2.608045,-0.1423037,0.1620894,0.8343542,0.2977954,0.1613916,0.9408883,-0.2759784,0.9580753,-0.07699135,-0.9138676,-0.2367371,0.329851,moving,-68.866,-17.16223,-9.678979,10.99387,-67.32778071613241,-13.68060995164672,65.54288231428674,62.70737038171962,61.367442736341474
3750,3750,05/15/2023 13:24:26.214752,3979,True,True,True,True,Eyes,2.142406,0.09462268,-2.874697,-0.9270107,-0.1106646,0.3583358,0.0,0.0,0.0,0.0,0.0,0.0,0.0,1.894345,0.2713725,2.90977,2.204475,0.1033906,-2.69417,0.04616716,-0.5818145,0.1336345,0.8009384,13.26499,289.1146,9.482126,0.5837464,0.02589038,-0.8115227,0.0,0.0,0.0,1.392651,0.004232165,-2.608077,-0.1431036,0.1601897,0.8333545,0.2872674,0.1603445,0.9443343,-0.2677874,0.9600208,-0.08154687,-0.9196561,-0.2294551,0.318721,moving,-68.866,-17.16223,-9.743797,10.88083,-67.32778071613241,-13.68060995164672,65.43583194043465,62.6033506540836,61.27909905779792
3751,3751,05/15/2023 13:24:26.234550,3980,True,True,True,True,Eyes,2.142406,0.09462268,-2.874697,-0.9270107,-0.1106646,0.3583358,0.0,0.0,0.0,0.0,0.0,0.0,0.0,1.922218,0.2494536,2.886607,2.205764,0.1035488,-2.685801,0.04380913,-0.5872563,0.1317672,0.797401,12.98107,288.3281,9.372356,0.5851151,0.02594,-0.8105349,0.0,0.0,0.0,1.395544,0.00424856,-2.608108,-0.1424066,0.1584655,0.8326119,0.275535,0.1586882,0.9481026,-0.261597,0.9614363,-0.08489534,-0.9250122,-0.2246291,0.3064218,moving,-68.866,-17.16223,-9.705727,10.77585,-67.32778071613241,-13.68060995164672,65.42533313267063,62.59728035491118,61.29176975507973
3752,3752,05/15/2023 13:24:26.254219,3981,True,True,True,True,Eyes,2.144697,0.09498443,-2.866182,-0.9309227,-0.111301,0.3478434,0.0,0.0,0.0,0.0,0.0,0.0,0.0,1.948835,0.2385895,2.862226,2.206495,0.1041009,-2.677268,0.04303338,-0.5923284,0.1306637,0.7938656,12.89217,287.5903,9.2374,0.586345,0.02598458,-0.8096442,0.0,0.0,0.0,1.398407,0.004264785,-2.60814,-0.1404743,0.1593971,0.8314738,0.2641483,0.156479,0.9517039,-0.2584386,0.9621503,-0.08646615,-0.9292123,-0.223117,0.2945906,moving,-69.51157,-17.74335,-9.589348,10.85218,-67.9688452939736,-14.26155135730955,66.39560998588826,63.55206689781367,62.048625538398255
3753,3753,05/15/2023 13:24:26.264364,3982,True,True,True,True,Eyes,2.146928,0.09532549,-2.85767,-0.9347222,-0.111911,0.3372985,0.0,0.0,0.0,0.0,0.0,0.0,0.0,1.974151,0.2226793,2.838714,2.207384,0.1041278,-2.668664,0.04146658,-0.5974187,0.1284726,0.7904849,12.6539,286.8449,9.055333,0.5876073,0.02603883,-0.8087269,0.0,0.0,0.0,1.401501,0.004282311,-2.608173,-0.1373056,0.1589425,0.8302888,0.2531716,0.1535655,0.9551554,-0.252657,0.9635506,-0.08794643,-0.9338461,-0.2190612,0.2827431,moving,-70.15781,-18.35514,-9.390074,10.83705,-68.6113950987531,-14.872105972972468,67.41588607710942,64.56102209169435,62.865275471481596
3754,3754,05/15/2023 13:24:26.284354,3983,True,True,True,True,Eyes,2.149105,0.09565655,-2.849159,-0.9383985,-0.112939,0.3265778,0.0,0.0,0.0,0.0,0.0,0.0,0.0,1.998318,0.2231057,2.814365,2.208272,0.1039952,-2.660154,0.04214213,-0.6020359,0.1274341,0.7871069,12.69615,286.1623,8.836919,0.5888978,0.02610127,-0.8077857,0.0,0.0,0.0,1.404162,0.004297393,-2.608202,-0.1349334,0.1583068,0.8291494,0.2426265,0.1498664,0.958474,-0.2513507,0.9639692,-0.08709911,-0.9369926,-0.2197806,0.2715535,moving,-70.81129,-19.07671,-9.243124,10.80921,-69.26395027942472,-15.58880974488508,68.43834655257209,65.56946723678806,63.64258919575712
3755,3755,05/15/2023 13:24:26.304325,3984,True,True,True,True,Eyes,2.151228,0.09597205,-2.840645,-0.9419548,-0.1139157,0.3158231,0.0,0.0,0.0,0.0,0.0,0.0,0.0,2.02158,0.2207189,2.790484,2.209192,0.1041257,-2.651591,0.04241236,-0.6065646,0.1267327,0.7837214,12.72208,285.4929,8.67904,0.5902125,0.02617084,-0.8068233,0.0,0.0,0.0,1.407069,0.004313862,-2.608234,-0.1331545,0.1562477,0.8275971,0.2320363,0.1471946,0.9615055,-0.2500979,0.96428,-0.08726417,-0.9400054,-0.2202221,0.260561,moving,-71.46449,-19.8341,-9.140149,10.69142,-69.91721107347739,-16.340065957559318,69.39834906072824,66.51730983253194,64.35747853763635
3756,3756,05/15/2023 13:24:26.314316,3985,True,True,True,True,Eyes,2.153307,0.09627292,-2.832123,-0.9453527,-0.1151879,0.3050247,0.0,0.0,0.0,0.0,0.0,0.0,0.0,2.043851,0.2176269,2.766883,2.210084,0.1040804,-2.642919,0.0425328,-0.6109922,0.1260768,0.7803744,12.73528,284.8363,8.537217,0.5915485,0.02624645,-0.8058419,0.0,0.0,0.0,1.410024,0.004330609,-2.608266,-0.1314268,0.1537471,0.8257739,0.2215866,0.1447998,0.96433,-0.2487486,0.9645912,-0.08768082,-0.9428804,-0.2204468,0.2497592,moving,-72.11734,-20.68828,-9.043117,10.54688,-70.57277229662289,-17.184699820373833,70.38460646532968,67.49028819211692,65.0659535970194
3757,3757,05/15/2023 13:24:26.334253,3986,True,True,True,True,Eyes,2.155327,0.09656801,-2.823602,-0.9486151,-0.1164226,0.2942365,0.0,0.0,0.0,0.0,0.0,0.0,0.0,2.063031,0.2209247,2.744854,2.211093,0.104095,-2.634267,0.04349685,-0.6148717,0.1260045,0.7772797,12.86012,284.2562,8.39838,0.5929033,0.02632715,-0.8048429,0.0,0.0,0.0,1.412936,0.004347112,-2.608298,-0.1286808,0.1519999,0.8238509,0.2121115,0.1423915,0.9668161,-0.2493714,0.9644618,-0.08733471,-0.9448929,-0.2225716,0.2400818,moving,-72.76743,-21.58756,-8.877541,10.45347,-71.22689037635784,-18.072762243166665,71.4740898500514,68.56520468609581,65.84916442668987
3758,3758,05/15/2023 13:24:26.354653,3987,True,True,True,True,Eyes,2.157302,0.09685224,-2.815076,-0.9517621,-0.1177616,0.2833391,0.0,0.0,0.0,0.0,0.0,0.0,0.0,2.081802,0.2140923,2.723458,2.211766,0.1042553,-2.625676,0.04300323,-0.6187855,0.1263179,0.7741441,12.87994,283.6777,8.397003,0.594274,0.0264123,-0.8038287,0.0,0.0,0.0,1.415685,0.004362688,-2.608328,-0.1260411,0.151774,0.8216518,0.2022966,0.142357,0.9689224,-0.2487961,0.964389,-0.08974604,-0.9471942,-0.2229088,0.2305105,moving,-73.42176,-22.56879,-8.721167,10.4656,-71.88734950511653,-19.040027748148304,72.64597481776778,69.71763536639772,66.6515485295793
3759,3759,05/15/2023 13:24:26.364232,3988,True,True,True,True,Eyes,2.159227,0.09711325,-2.806527,-0.954795,-0.1190109,0.2724023,0.0,0.0,0.0,0.0,0.0,0.0,0.0,2.101939,0.2010106,2.701259,2.212727,0.1043072,-2.616927,0.04161755,-0.6230419,0.1264064,0.7707843,12.80709,283.0494,8.433046,0.5956586,0.02650123,-0.8028002,0.0,0.0,0.0,1.418763,0.004380126,-2.608361,-0.1242483,0.1522015,0.8188109,0.1916805,0.1430051,0.9709831,-0.246723,0.9645787,-0.09335665,-0.9499403,-0.2216692,0.2201736,moving,-74.07659,-23.60022,-8.628376,10.53002,-72.54966178953761,-20.055744813088197,73.81288504216181,70.86197701298833,67.402452550152
3760,3760,05/15/2023 13:24:26.384336,3989,True,True,True,True,Eyes,2.161112,0.09735364,-2.797958,-0.9576986,-0.1202899,0.2614262,0.0,0.0,0.0,0.0,0.0,0.0,0.0,2.12303,0.1883315,2.677318,2.213519,0.1039982,-2.607733,0.04026997,-0.6275008,0.1265286,0.7672104,12.74338,282.3878,8.466782,0.5970553,0.02659295,-0.8017588,0.0,0.0,0.0,1.421483,0.004395541,-2.608391,-0.1235971,0.1507146,0.8160616,0.1804664,0.1436093,0.9730409,-0.244687,0.9647377,-0.09700257,-0.9526596,-0.2205847,0.2092421,moving,-74.73176,-24.70856,-8.612314,10.46379,-73.21440063662281,-21.145679783376803,74.89242514346438,71.92070757293709,68.05314240518254
3761,3761,05/15/2023 13:24:26.404265,3990,True,True,True,True,Eyes,2.162951,0.09756326,-2.789355,-0.9604881,-0.1214483,0.2504254,0.0,0.0,0.0,0.0,0.0,0.0,0.0,2.142673,0.1768491,2.654152,2.214512,0.1037729,-2.598463,0.03907431,-0.631795,0.1264456,0.7637539,12.67741,281.7464,8.474271,0.598463,0.02668667,-0.8007056,0.0,0.0,0.0,1.424433,0.004412253,-2.608423,-0.1226208,0.1487529,0.8131008,0.1696932,0.1437727,0.9749532,-0.2425205,0.9649694,-0.1000891,-0.9551901,-0.2194616,0.1986166,moving,-75.38676,-25.8719,-8.575945,10.36734,-73.8804746543169,-22.2886766239198,76.00636497519024,73.01436170448441,68.7159361332154
3762,3762,05/15/2023 13:24:26.414375,3991,True,True,True,True,Eyes,2.164749,0.09772889,-2.780747,-0.9631457,-0.1226387,0.2393951,0.0,0.0,0.0,0.0,0.0,0.0,0.0,2.161899,0.1647929,2.63059,2.21531,0.103229,-2.588961,0.03775159,-0.6361139,0.1260149,0.7602987,12.57543,281.0979,8.459991,0.5998806,0.02678141,-0.7996409,0.0,0.0,0.0,1.427433,0.004429255,-2.608456,-0.1223207,0.1484174,0.8095611,0.1589588,0.1435893,0.9767876,-0.2396466,0.9653901,-0.1029147,-0.9577585,-0.2177246,0.1878679,moving,-76.04169,-27.12542,-8.592115,10.38871,-74.54894002382241,-23.518682181815866,77.1800176038949,74.16207933839634,69.35211630828138
3763,3763,05/15/2023 13:24:26.434653,3992,True,True,True,True,Eyes,2.166513,0.09785525,-2.772102,-0.9656814,-0.1237856,0.2283342,0.0,0.0,0.0,0.0,0.0,0.0,0.0,2.181243,0.1579232,2.606406,2.21632,0.1024254,-2.579446,0.03714203,-0.6403912,0.1257601,0.7567723,12.54976,280.4497,8.410674,0.6013059,0.02687581,-0.7985664,0.0,0.0,0.0,1.430293,0.004445464,-2.608487,-0.1222332,0.1478702,0.806021,0.1481672,0.1427727,0.9786025,-0.2379144,0.9656097,-0.1048552,-0.9599185,-0.2172875,0.1770394,moving,-76.69681,-28.46321,-8.62321,10.39571,-75.21988738688162,-24.83000229788065,78.38386747619947,75.33902206602797,69.97060774046184
3764,3764,05/15/2023 13:24:26.454342,3993,True,True,True,True,Eyes,2.168249,0.09793969,-2.763415,-0.9681087,-0.1250151,0.2171101,0.0,0.0,0.0,0.0,0.0,0.0,0.0,2.201081,0.1536228,2.581147,2.217299,0.1016166,-2.569813,0.03692245,-0.6447333,0.125621,0.7531103,12.56796,279.7869,8.341852,0.6027393,0.0269689,-0.7974821,0.0,0.0,0.0,1.433134,0.00446156,-2.608518,-0.1227736,0.1471283,0.8022357,0.1370769,0.1416027,0.9803869,-0.2368232,0.9657122,-0.1063707,-0.961834,-0.2175974,0.1659116,moving,-77.35986,-29.93395,-8.700994,10.39244,-75.90214020254326,-26.26984897084344,79.62573460155993,76.55140419036887,70.55061522802036
3765,3765,05/15/2023 13:24:26.464159,3994,True,True,True,True,Eyes,2.169955,0.09797923,-2.754683,-0.970418,-0.1261461,0.2058548,0.0,0.0,0.0,0.0,0.0,0.0,0.0,2.22105,0.148462,2.555459,2.218402,0.1007158,-2.560081,0.0365651,-0.6491265,0.1256818,0.7493343,12.58958,279.1143,8.299959,0.6041797,0.02705964,-0.7963881,0.0,0.0,0.0,1.43602,0.004477911,-2.60855,-0.1231343,0.1466759,0.7982671,0.1256777,0.1408847,0.9820167,-0.2358262,0.9657341,-0.1083678,-0.9636344,-0.2179658,0.1545956,moving,-78.02338,-31.49961,-8.76888,10.41156,-76.58743660250462,-27.801294721691622,80.94894650962976,77.84329698585636,71.14376843672548
3766,3766,05/15/2023 13:24:26.484460,3995,True,True,True,True,Eyes,2.171644,0.09797347,-2.745861,-0.972622,-0.1273345,0.1944023,0.0,0.0,0.0,0.0,0.0,0.0,0.0,2.240038,0.1387146,2.530254,2.219457,0.09966753,-2.550152,0.0354933,-0.6535223,0.1253467,0.7456119,12.51893,278.4408,8.276546,0.605627,0.02714706,-0.7952852,0.0,0.0,0.0,1.439041,0.004495028,-2.608583,-0.1237365,0.1463747,0.7940109,0.1143938,0.1405286,0.9834459,-0.2333112,0.9660569,-0.1109052,-0.96565,-0.2167621,0.1432978,moving,-78.69698,-33.22501,-8.857576,10.44512,-77.28685121885817,-29.48718299769233,82.36882058942034,79.2284956923817,71.73002595000487
3767,3767,05/15/2023 13:24:26.504074,3996,True,True,True,True,Eyes,2.173308,0.09791814,-2.736984,-0.9746877,-0.1285009,0.182952,0.0,0.0,0.0,0.0,0.0,0.0,0.0,2.25822,0.1343881,2.505038,2.220616,0.09850514,-2.540076,0.03518242,-0.6577378,0.1253926,0.7419029,12.54197,277.7887,8.23269,0.6070815,0.02723025,-0.7941725,0.0,0.0,0.0,1.441749,0.004510373,-2.608612,-0.1243097,0.1460252,0.7899979,0.1033153,0.1397766,0.9847785,-0.2323398,0.9660778,-0.112747,-0.967132,-0.2171547,0.1322864,moving,-79.3691,-35.08324,-8.942421,10.47249,-77.98845467391843,-31.30118698011852,83.87634738591055,80.69941049685036,72.31704893575773
3768,3768,05/15/2023 13:24:26.514621,3997,True,True,True,True,Eyes,2.174962,0.09781367,-2.728039,-0.9766349,-0.1297092,0.1713469,0.0,0.0,0.0,0.0,0.0,0.0,0.0,2.275356,0.1313069,2.480123,2.221753,0.09727088,-2.529792,0.03502578,-0.6618208,0.1255784,0.7382389,12.58781,277.1534,8.191195,0.6085433,0.02730829,-0.7930502,0.0,0.0,0.0,1.444796,0.00452764,-2.608646,-0.1249027,0.1454687,0.7854732,0.09244668,0.1390521,0.9859605,-0.2317753,0.9660066,-0.114506,-0.9683666,-0.2179356,0.1215329,moving,-80.04895,-37.12563,-9.035292,10.49223,-78.70256634733893,-33.293121636421255,85.50087843712815,82.28417911671993,72.90281662806501
3769,3769,05/15/2023 13:24:26.534937,3998,True,True,True,True,Eyes,2.176601,0.09766539,-2.719035,-0.9784359,-0.1309314,0.1597506,0.0,0.0,0.0,0.0,0.0,0.0,0.0,2.292266,0.1285566,2.455181,2.223171,0.09598683,-2.519369,0.03490683,-0.6658685,0.1262421,0.7344819,12.67368,276.5211,8.188399,0.6100127,0.02738032,-0.791918,0.0,0.0,0.0,1.447821,0.004544785,-2.608679,-0.125633,0.1446389,0.7808659,0.08136439,0.1389583,0.98695,-0.2319317,0.9656889,-0.1168443,-0.9693233,-0.2193981,0.1108015,moving,-80.72706,-39.33801,-9.139956,10.4939,-79.41962838318477,-35.4490179770329,87.22346423614987,83.9641832124398,73.47216339366497
3770,3770,05/15/2023 13:24:26.554491,3999,True,True,True,True,Eyes,2.178231,0.09746385,-2.709982,-0.9801462,-0.1321148,0.1478484,0.0,0.0,0.0,0.0,0.0,0.0,0.0,2.308815,0.1246528,2.430179,2.224533,0.09479888,-2.508864,0.03463405,-0.6698945,0.1270721,0.7306809,12.75971,275.89,8.211238,0.61149,0.02744574,-0.7907756,0.0,0.0,0.0,1.450891,0.004562176,-2.608712,-0.1271063,0.1436964,0.7760396,0.07018819,0.1392961,0.9877602,-0.2321007,0.9653063,-0.119637,-0.9701561,-0.2208627,0.1000839,moving,-81.422,-41.78344,-9.301795,10.49043,-80.1593449478108,-37.83030225572016,89.07233832127079,85.76529339036564,74.00076520719402
3771,3771,05/15/2023 13:24:26.564558,4000,True,True,True,True,Eyes,2.179856,0.0972117,-2.70086,-0.9816995,-0.1333005,0.1360042,0.5996508,1.591179,0.01727793,-2.619304,-0.07286853,0.7942214,-0.6032434,-0.1680449,0.0884814,0.6224581,2.226024,0.09338404,-2.498057,0.0340482,-0.6738659,0.1277606,0.726927,12.8082,275.2657,8.246149,0.6129749,0.02750369,-0.789623,0.0,0.0,0.0,1.45361,0.004577585,-2.608742,-0.1286948,0.1442103,0.7711744,0.05916402,0.1398573,0.9884026,-0.231633,0.965036,-0.1226858,-0.9710025,-0.221688,0.08949099,moving,-82.11247,-44.42479,-9.474302,10.59203,-80.9000750332952,-40.40048138773589,91.12164360517552,87.76033996648016,74.53459574615802
3772,3772,05/15/2023 13:24:26.584628,4001,True,True,True,True,Eyes,2.181472,0.09692769,-2.691692,-0.9831425,-0.1344846,0.1238739,0.5940194,1.597467,0.01704126,-2.618109,0.3462868,0.7784582,-0.5235346,-0.1707498,0.09002738,0.6183487,2.227438,0.09183091,-2.487122,0.03369823,-0.6775857,0.1283841,0.7233669,12.86971,274.6766,8.260852,0.6144683,0.02755352,-0.7884598,0.0,0.0,0.0,1.456091,0.004591644,-2.608769,-0.130217,0.1441658,0.7665718,0.04879028,0.1400707,0.9889387,-0.2314045,0.9647639,-0.1252301,-0.9716334,-0.2227348,0.07948411,moving,-82.8187,-47.35179,-9.640769,10.65096,-81.66385774514261,-43.24676644728543,93.37734518074105,89.95715773954343,75.08124678067361
3773,3773,05/15/2023 13:24:26.604434,4002,True,True,True,True,Eyes,2.183075,0.0966736,-2.682473,-0.9844071,-0.1357696,0.1118454,0.5872805,1.604952,0.01693877,-2.616788,0.4708373,0.7695241,-0.4314452,-0.1743422,0.09216128,0.6130835,2.2291,0.09098165,-2.476367,0.03466947,-0.680551,0.1294165,0.7203471,13.0674,274.1974,8.219334,0.61597,0.02759511,-0.7872858,0.0,0.0,0.0,1.459009,0.004608179,-2.608801,-0.1315634,0.1437629,0.7614938,0.04020359,0.1392608,0.9894392,-0.2336382,0.9640989,-0.1262009,-0.9714921,-0.2260971,0.07129689,moving,-83.51802,-50.5187,-9.802235,10.69108,-82.42749047724287,-46.32431396171758,95.81573005417549,92.33191691795777,75.62376738997169
3774,3774,05/15/2023 13:24:26.614214,4003,True,True,True,True,Eyes,2.184655,0.09646532,-2.673237,-0.9855855,-0.1368627,0.09944805,0.5835456,1.609521,0.01659971,-2.615205,0.5821378,0.7458456,-0.3237746,-0.17723,0.09375292,0.6109342,2.230423,0.0914724,-2.46582,0.03488307,-0.6837849,0.1312964,0.7169259,13.272,273.6784,8.303203,0.6174798,0.02763018,-0.7861009,0.0,0.0,0.0,1.462003,0.004625142,-2.608833,-0.1336933,0.1423816,0.7563292,0.03039898,0.1405545,0.9896062,-0.2359645,0.9630889,-0.1295398,-0.9712861,-0.2295741,0.06244276,moving,-84.23821,-53.99685,-10.0244,10.66135,-83.21982255977238,-49.70281835822826,98.42953023334054,94.87572242298954,76.1118567206026
3775,3775,05/15/2023 13:24:26.634418,4004,True,True,True,True,Eyes,2.186237,0.09625595,-2.66394,-0.9865953,-0.1380264,0.08705423,0.5803815,1.613635,0.01614798,-2.613415,0.6694333,0.7147461,-0.2024776,-0.1788127,0.09312951,0.6098891,2.231521,0.09243718,-2.455272,0.03412943,-0.6879078,0.1322328,0.7128343,13.33153,273.0183,8.365357,0.6189973,0.02766071,-0.7849056,0.0,0.0,0.0,1.464876,0.004641424,-2.608865,-0.135696,0.1407265,0.7511132,0.01859501,0.1415644,0.9897544,-0.2354759,0.9626994,-0.1332707,-0.9717022,-0.2305852,0.05123639,moving,-84.95745,-57.76008,-10.24059,10.61175,-84.01900852242427,-53.3563547409704,101.27840987006313,97.64821280403322,76.6020824424333
3776,3776,05/15/2023 13:24:26.654561,4005,True,True,True,True,Eyes,2.187805,0.09613148,-2.654591,-0.9874452,-0.1393316,0.07442082,0.5775346,1.617521,0.01566263,-2.61161,0.7276772,0.6812438,-0.07995405,-0.1802185,0.09475151,0.6094379,2.233189,0.0922368,-2.444397,0.03505142,-0.6921741,0.1330379,0.7084966,13.52316,272.3185,8.278347,0.6205227,0.02768713,-0.7836993,0.0,0.0,0.0,1.467658,0.004657189,-2.608895,-0.1361582,0.1383695,0.7465223,0.006391806,0.1399904,0.9901323,-0.2370372,0.9621447,-0.1345032,-0.9714797,-0.2338384,0.03933275,moving,-85.68993,-61.89211,-10.33656,10.50072,-84.84107399848556,-57.36614599130471,104.49331177527966,100.7811197875487,77.21257434647832
3777,3777,05/15/2023 13:24:26.664484,4006,True,True,True,True,Eyes,2.189311,0.09611462,-2.645172,-0.9881633,-0.1403868,0.06184586,0.5780009,1.618151,0.01497094,-2.609425,0.7696477,0.6350756,0.06573798,-0.1825299,0.09931073,0.6115385,2.234462,0.09423678,-2.433254,0.03630699,-0.6954378,0.1376644,0.7043414,14.04117,271.7778,8.502018,0.6220558,0.02771235,-0.7824821,0.0,0.0,0.0,1.47061,0.004673916,-2.608927,-0.1357382,0.1360243,0.7417106,-0.005170376,0.1434269,0.9896475,-0.2444239,0.9594607,-0.140329,-0.9696549,-0.242619,0.03009617,moving,-86.41872,-66.22463,-10.37077,10.39215,-85.66503302590505,-61.56926595523809,107.95101517248877,104.15215519084072,77.87724510055403
3778,3778,05/15/2023 13:24:26.684074,4007,True,True,True,True,Eyes,2.190802,0.09613932,-2.635676,-0.9887905,-0.1410889,0.04885917,0.5790713,1.618222,0.01443882,-2.607383,0.7743983,0.5996361,0.2018511,-0.1856666,0.09420904,0.6144834,2.234516,0.09673336,-2.422056,0.0317785,-0.6993536,0.1372245,0.7007598,13.67859,271.167,8.753894,0.6235961,0.02773969,-0.781254,0.0,0.0,0.0,1.473433,0.004689912,-2.608958,-0.1347516,0.1360766,0.7367632,-0.0158519,0.1478741,0.9888792,-0.2367717,0.9603191,-0.1473987,-0.971436,-0.2364751,0.01978955,moving,-87.17114,-70.89899,-10.36466,10.46433,-86.52119883277697,-66.10295400688837,111.88934360077728,107.99244134280774,78.63270145988673
3779,3779,05/15/2023 13:24:26.704469,4008,True,True,True,True,Eyes,2.192274,0.0961934,-2.626123,-0.9892111,-0.1419718,0.03613126,0.5806167,1.617921,0.01376223,-2.605145,0.7544156,0.5545805,0.3511375,-0.1894948,0.09224459,0.6180169,2.235682,0.09767321,-2.410999,0.03171567,-0.7024935,0.1356445,0.6979238,13.58272,270.648,8.565767,0.6251442,0.02777021,-0.7800146,0.0,0.0,0.0,1.476424,0.004706859,-2.608991,-0.1341596,0.1355187,0.7320399,-0.02379314,0.1447789,0.989178,-0.2338991,0.9611894,-0.1463085,-0.9719698,-0.234849,0.01099393,moving,-87.90818,-75.72156,-10.38524,10.48813,-87.36651108967664,-70.77916142453397,115.93928098854029,111.93966568675474,79.34079887102774
3780,3780,05/15/2023 13:24:26.720946,4009,True,True,True,True,Eyes,2.19371,0.09627946,-2.616555,-0.9895062,-0.1426053,0.02326071,0.5827171,1.617108,0.01318091,-2.603001,0.7000334,0.515704,0.4939664,-0.1941783,0.09580463,0.6208588,2.236677,0.09850247,-2.400014,0.03474708,-0.7045373,0.1369541,0.6954592,13.9638,270.2857,8.385955,0.6267004,0.02780451,-0.7787637,0.0,0.0,0.0,1.479263,0.004722944,-2.609022,-0.1348106,0.1402199,0.7267416,-0.03025836,0.1415307,0.9894714,-0.2394532,0.9600725,-0.1446482,-0.9704363,-0.2413089,0.004839778,moving,-88.65337,-80.73592,-10.50892,10.92064,-88.22494638879087,-75.64067455396575,120.44700102881806,116.32988410109348,80.0259088210607
3781,3781,05/15/2023 13:24:26.734393,4010,True,True,True,True,Eyes,2.195115,0.09639326,-2.606984,-0.9896413,-0.1431676,0.01064167,0.5855653,1.615615,0.01255926,-2.600752,0.600511,0.4742335,0.6438082,-0.1991854,0.09523778,0.6243066,2.237268,0.09934467,-2.389754,0.03481487,-0.7063388,0.1363117,0.6937526,13.93791,269.9851,8.290755,0.6282634,0.02784318,-0.7775019,0.0,0.0,0.0,1.482236,0.004739791,-2.609054,-0.1336546,0.1371784,0.7222282,-0.03499052,0.139951,0.98954,-0.2383154,0.9604141,-0.1442587,-0.9705573,-0.2408703,-0.000252977,moving,-89.38392,-85.74902,-10.48447,10.75453,-89.06916886730397,-80.50051289851446,124.6517483748423,120.42855869964798,80.73361835262168
3782,3782,05/15/2023 13:24:26.754457,4011,True,True,True,True,Eyes,2.196471,0.09650721,-2.59743,-0.9896559,-0.1434433,-0.002310824,0.5891056,1.613459,0.01200398,-2.598792,0.4568676,0.4372917,0.7746277,-0.203125,0.09492142,0.6287466,2.237937,0.100119,-2.380032,0.03429091,-0.7085266,0.1359725,0.6916111,13.89317,269.624,8.261536,0.6298325,0.02788663,-0.7762299,0.0,0.0,0.0,1.485055,0.004755766,-2.609085,-0.1330123,0.1274278,0.7194041,-0.04099666,0.1394882,0.9893746,-0.2366723,0.9606712,-0.1452484,-0.9707242,-0.2401122,-0.00637142,moving,89.86621,89.07706,-10.47525,10.0446,89.29732906776307,93.80257416866858,127.72837714690968,130.2688211763367,81.34938514994974
3783,3783,05/15/2023 13:24:26.764573,4012,True,True,True,True,Eyes,2.197773,0.0966123,-2.587894,-0.9895124,-0.1436499,-0.01516135,0.5943742,1.609632,0.01123054,-2.596906,0.2016996,0.3857138,0.9003011,-0.2055939,0.0941381,0.6348394,2.238137,0.1000055,-2.370516,0.0322042,-0.7114505,0.1352882,0.6888383,13.7018,269.1509,8.31859,0.6314058,0.02793442,-0.7749488,0.0,0.0,0.0,1.487993,0.004772416,-2.609117,-0.1326064,0.1250241,0.7155761,-0.04892943,0.14056,0.9888624,-0.2322068,0.96132,-0.1481347,-0.971435,-0.2368687,-0.01439784,moving,89.12218,83.97509,-10.49862,9.910571,88.43762813572862,88.85656618636563,124.13644415457276,126.57350177323897,82.02831426482811
3784,3784,05/15/2023 13:24:26.784525,4013,True,True,True,True,Eyes,2.199015,0.09669931,-2.578389,-0.9891845,-0.1438569,-0.02862279,0.0,0.0,0.0,0.0,0.0,0.0,0.0,2.450975,0.05173889,2.141287,2.238152,0.099867,-2.361306,0.02948568,-0.7150127,0.1357244,0.6851763,13.56186,268.5721,8.508153,0.6329824,0.0279859,-0.7736598,0.0,0.0,0.0,1.490929,0.004789053,-2.609149,-0.1329514,0.1175096,0.7116588,-0.0593283,0.1438249,0.9878232,-0.2281554,0.961419,-0.1536835,-0.9718155,-0.234495,-0.02422489,moving,88.34257,78.74699,-10.58196,9.376119,87.54002941793725,83.78774496455544,120.8237575107625,123.14631495104793,82.61775249080067
3785,3785,05/15/2023 13:24:26.804728,4014,True,True,True,True,Eyes,2.200181,0.09678965,-2.568914,-0.9886678,-0.1440705,-0.04218495,0.0,0.0,0.0,0.0,0.0,0.0,0.0,2.468722,0.03010836,2.110861,2.237947,0.0996711,-2.352209,0.02687634,-0.719518,0.1372264,0.6802505,13.53498,267.8274,8.757277,0.6345607,0.02804019,-0.7723638,0.0,0.0,0.0,1.493832,0.004805497,-2.609181,-0.1323325,0.1112571,0.7084004,-0.07307435,0.1480205,0.986281,-0.2253726,0.9608932,-0.1609084,-0.9715285,-0.2340389,-0.03685685,moving,87.55676,73.67957,-10.58116,8.92562,86.64080779080922,78.87376274589899,117.57604085241559,119.77000331768305,83.31227832153287
3786,3786,05/15/2023 13:24:26.814976,4015,True,True,True,True,Eyes,2.201252,0.0968964,-2.559458,-0.987919,-0.1442751,-0.05657499,0.0,0.0,0.0,0.0,0.0,0.0,0.0,2.492532,0.01048908,2.07216,2.237317,0.09983237,-2.343313,0.02482298,-0.7250599,0.1380009,0.6742611,13.50865,266.8957,8.880361,0.6361395,0.02809716,-0.771062,0.0,0.0,0.0,1.496916,0.004822975,-2.609214,-0.1309939,0.1094113,0.7046123,-0.08951198,0.150101,0.9846104,-0.2220936,0.9606791,-0.1666435,-0.970908,-0.2335922,-0.05265576,moving,86.72243,68.58823,-10.53158,8.826325,85.69394351727513,73.93517968719777,114.14827090372033,116.18310692545757,84.16044542158912
3787,3787,05/15/2023 13:24:26.834643,4016,True,True,True,True,Eyes,2.202226,0.09701505,-2.550054,-0.9869584,-0.1444228,-0.0710993,0.0,0.0,0.0,0.0,0.0,0.0,0.0,2.520918,-0.001337171,2.026403,2.236188,0.1002512,-2.334684,0.02410128,-0.7313903,0.1372368,0.6675729,13.46941,265.8117,8.752213,0.6377168,0.02815709,-0.7697558,0.0,0.0,0.0,1.499614,0.004838265,-2.609244,-0.1302113,0.107059,0.7010723,-0.1075312,0.1479763,0.9831278,-0.2184861,0.9611704,-0.1685687,-0.9698975,-0.2329261,-0.07102507,moving,85.87959,63.78899,-10.52174,8.68242,84.74680288987601,69.27816486187203,111.04031017127879,112.90677375483384,84.97115452295762
3788,3788,05/15/2023 13:24:26.854713,4017,True,True,True,True,Eyes,2.203099,0.09713805,-2.540717,-0.9857484,-0.1445497,-0.08605532,0.0,0.0,0.0,0.0,0.0,0.0,0.0,2.549429,0.0002283156,1.979138,2.234851,0.1006795,-2.326345,0.02539757,-0.7376303,0.135586,0.6609637,13.50902,264.7194,8.383643,0.6392904,0.02822004,-0.7684471,0.0,0.0,0.0,1.502504,0.004854639,-2.609275,-0.1298195,0.1050325,0.6974884,-0.124964,0.1417668,0.9819808,-0.2167028,0.9619428,-0.1664509,-0.9682065,-0.2335984,-0.08948687,moving,85.01076,59.23322,-10.54349,8.563644,83.78113087498407,64.85524909886962,108.15738821311412,109.84479463232005,85.78093777245215
3789,3789,05/15/2023 13:24:26.864713,4018,True,True,True,True,Eyes,2.20388,0.09726493,-2.531458,-0.9842957,-0.1447327,-0.1010668,0.0,0.0,0.0,0.0,0.0,0.0,0.0,2.576163,0.007170677,1.933135,2.233327,0.1009099,-2.318565,0.02744425,-0.7434719,0.133975,0.6546351,13.60019,263.6793,7.960163,0.6408585,0.02828591,-0.7671375,0.0,0.0,0.0,1.505408,0.004871093,-2.609307,-0.1297278,0.1033867,0.6939783,-0.1413995,0.1346015,0.9807592,-0.2162176,0.962595,-0.1632814,-0.9660519,-0.2351453,-0.1070072,moving,84.13745,55.07341,-10.58829,8.473423,82.82191764593117,60.81423810962975,105.56763048845876,107.07487015540305,86.57811348558478
3790,3790,05/15/2023 13:24:26.884401,4019,True,True,True,True,Eyes,2.204548,0.09741863,-2.522288,-0.9825788,-0.1449894,-0.1162629,0.0,0.0,0.0,0.0,0.0,0.0,0.0,2.601647,0.007501692,1.887895,2.231935,0.1011661,-2.311061,0.02857704,-0.7490864,0.134056,0.6481373,13.76161,262.6716,7.748821,0.642419,0.02835452,-0.7658285,0.0,0.0,0.0,1.508512,0.004888685,-2.609341,-0.1302131,0.09986178,0.6904723,-0.1582028,0.1309601,0.9786834,-0.2165868,0.9624247,-0.1637954,-0.9633598,-0.2378828,-0.1238941,moving,83.2519,51.27487,-10.67973,8.229523,81.86070187161955,57.12141763448236,103.32498735933778,104.66206997730927,87.31957644585351
3791,3791,05/15/2023 13:24:26.904322,4020,True,True,True,True,Eyes,2.205108,0.09756215,-2.513198,-0.9806264,-0.1452169,-0.1314681,0.0,0.0,0.0,0.0,0.0,0.0,0.0,2.625402,-0.001347095,1.843161,2.229903,0.1019797,-2.303716,0.02841772,-0.7545747,0.1347109,0.6416094,13.87267,261.686,7.693985,0.6439703,0.02842646,-0.7645219,0.0,0.0,0.0,1.51116,0.004903689,-2.60937,-0.1314174,0.09703874,0.6871729,-0.1750598,0.1299769,0.9759408,-0.2157501,0.9620908,-0.1668327,-0.960628,-0.2397649,-0.1403808,moving,82.36414,47.84475,-10.82672,8.037844,80.90739232304875,53.78400091825056,101.33669697021132,102.50784475583774,88.01720433116682
3792,3792,05/15/2023 13:24:26.917732,4021,True,True,True,True,Eyes,2.20557,0.09769569,-2.50424,-0.9784354,-0.1456354,-0.1464736,0.0,0.0,0.0,0.0,0.0,0.0,0.0,2.647059,-0.01036677,1.800087,2.227878,0.1018842,-2.296415,0.02794947,-0.7598579,0.1344104,0.6354281,13.87387,260.7334,7.596611,0.64551,0.0285011,-0.7632195,0.0,0.0,0.0,1.514055,0.004920091,-2.609401,-0.1324938,0.09475539,0.6838065,-0.1909003,0.128341,0.9731834,-0.2132915,0.9623053,-0.1687458,-0.9581566,-0.2397854,-0.1563303,moving,81.48594,44.83559,-10.96571,7.889262,79.97482066949645,50.853050680213656,99.56072890656277,100.57866203230027,88.72205754683235
3793,3793,05/15/2023 13:24:26.934606,4022,True,True,True,True,Eyes,2.205932,0.0978232,-2.49538,-0.9760063,-0.1461794,-0.1613794,0.0,0.0,0.0,0.0,0.0,0.0,0.0,2.665418,-0.004308671,1.761155,2.225813,0.1019199,-2.289434,0.0299773,-0.7640958,0.1363704,0.6298112,14.2504,259.9293,7.467465,0.6470361,0.02857787,-0.7619233,0.0,0.0,0.0,1.516927,0.004936364,-2.609433,-0.1322986,0.09252325,0.6808233,-0.2048786,0.1259641,0.9706482,-0.2175862,0.9610089,-0.17064,-0.9542961,-0.2461601,-0.1694821,moving,80.61128,42.17066,-10.99676,7.739032,79.05506432370291,48.25434458287419,97.86506015617618,98.74624862603669,89.53091811436572
3794,3794,05/15/2023 13:24:26.954174,4023,True,True,True,True,Eyes,2.206209,0.09793629,-2.486675,-0.9733839,-0.1468488,-0.1759524,0.0,0.0,0.0,0.0,0.0,0.0,0.0,2.682672,-0.003816903,1.723353,2.223748,0.1019454,-2.282815,0.03107305,-0.7682801,0.1377524,0.6243432,14.50505,259.1379,7.374554,0.6485472,0.02865641,-0.7606345,0.0,0.0,0.0,1.51985,0.00495293,-2.609465,-0.1320505,0.09391771,0.677767,-0.2184599,0.1242639,0.9679016,-0.2197551,0.9601175,-0.1728643,-0.95078,-0.2504653,-0.1824397,moving,79.75365,39.84819,-11.02492,7.889197,78.16113973505456,45.98659783045411,96.23993975901557,96.9822932349045,90.37085938182963
3795,3795,05/15/2023 13:24:26.964402,4024,True,True,True,True,Eyes,2.206383,0.09805362,-2.478094,-0.970517,-0.147675,-0.1904965,0.61659,1.607972,0.006998681,-2.595553,0.09101722,0.1035985,0.990446,-0.1773526,0.102413,0.6674184,2.221784,0.1018472,-2.276761,0.03219707,-0.7720315,0.1401724,0.6190982,14.8507,258.4135,7.361342,0.6500413,0.02873607,-0.7593549,0.0,0.0,0.0,1.522838,0.004969858,-2.609497,-0.1304707,0.08978771,0.6753609,-0.2313614,0.1238466,0.9649527,-0.2232752,0.9586301,-0.1765687,-0.9469001,-0.2563013,-0.1941382,moving,78.89497,37.78324,-10.93409,7.572937,77.27322063735208,43.967288436638384,94.77300474204354,95.42053482541307,91.26294013525835
3796,3796,05/15/2023 13:24:26.984353,4025,True,True,True,True,Eyes,2.206441,0.09816806,-2.469625,-0.9674441,-0.1483774,-0.2050267,0.616132,1.610368,0.006748006,-2.595948,0.2507586,0.08689532,0.9641417,-0.1737185,0.1043999,0.6667756,2.219462,0.1020946,-2.271016,0.03072629,-0.7766291,0.1429368,0.6127579,15.05068,257.5499,7.583592,0.6515169,0.02881688,-0.7580863,0.0,0.0,0.0,1.525676,0.004985942,-2.609528,-0.1301618,0.08656283,0.6731943,-0.2471673,0.1274454,0.9605551,-0.2228971,0.9572499,-0.1843621,-0.9429874,-0.2596733,-0.2081938,moving,78.03456,35.89317,-10.94308,7.327184,76.38839493366761,42.11665919728961,93.45071415522621,94.00581949322415,92.06829852261939
3797,3797,05/15/2023 13:24:27.004534,4026,True,True,True,True,Eyes,2.206383,0.09825795,-2.461261,-0.9641129,-0.1490954,-0.2196746,0.6161035,1.61239,0.006399736,-2.596603,0.3855439,0.06367836,0.9204895,-0.1689129,0.1032159,0.6671102,2.216809,0.1021039,-2.265333,0.02732126,-0.7821443,0.1439188,0.605633,14.9647,256.5327,7.828302,0.6529721,0.02889864,-0.75683,0.0,0.0,0.0,1.528502,0.005001955,-2.609559,-0.129346,0.08593681,0.6709611,-0.2649246,0.1315856,0.9552488,-0.2170623,0.9570819,-0.1920372,-0.9395205,-0.2582238,-0.2249922,moving,77.16421,34.16514,-10.91147,7.298716,75.49836131363435,40.42206389381207,92.08219233929096,92.54088352369048,92.95485611146663
3798,3798,05/15/2023 13:24:27.014789,4027,True,True,True,True,Eyes,2.206205,0.09832305,-2.45304,-0.960646,-0.1496345,-0.2340269,0.6165478,1.61392,0.006066218,-2.597329,0.4875814,0.04144257,0.8720933,-0.1633531,0.1032442,0.6678668,2.213932,0.1015994,-2.25932,0.02467467,-0.7880082,0.1450118,0.5978343,14.95402,255.4246,8.002312,0.6544061,0.02898055,-0.7555874,0.0,0.0,0.0,1.53142,0.005018492,-2.609591,-0.1292494,0.07889926,0.668508,-0.2839708,0.1344984,0.9493528,-0.2122738,0.9567255,-0.1990383,-0.9350404,-0.2580437,-0.2431316,moving,76.30864,32.59445,-10.94256,6.731077,74.62693229210541,38.87974283277133,91.00376895698952,91.40937985762667,93.68816500987616
3799,3799,05/15/2023 13:24:27.034588,4028,True,True,True,True,Eyes,2.205895,0.09836753,-2.444919,-0.9569378,-0.1501948,-0.2484181,0.6171201,1.61535,0.005679272,-2.598223,0.5828181,0.01564797,0.8124521,-0.1586422,0.1030622,0.6682087,2.210577,0.101167,-2.253435,0.02291047,-0.7935421,0.1456623,0.5903803,14.96506,254.3588,8.070593,0.655817,0.02906184,-0.7543601,0.0,0.0,0.0,1.534278,0.005034682,-2.609622,-0.1284253,0.07447654,0.6666053,-0.3018527,0.1356314,0.9436574,-0.2083531,0.9565153,-0.2041264,-0.9303086,-0.25823,-0.2604676,moving,75.44742,31.15737,-10.90476,6.374939,73.7536748422034,37.46615930969447,89.83800908870454,90.18710867012842,94.52568450977859
3800,3800,05/15/2023 13:24:27.054290,4029,True,True,True,True,Eyes,2.205441,0.09839977,-2.436866,-0.9530925,-0.1505686,-0.2625718,0.6179468,1.616481,0.005356424,-2.599121,0.6583166,-0.005874495,0.7527183,-0.1546623,0.1033397,0.668507,2.207081,0.1007242,-2.247557,0.02168253,-0.7986562,0.1463101,0.5833281,15.01068,253.3564,8.097991,0.6572036,0.02914197,-0.7531492,0.0,0.0,0.0,1.537223,0.005051373,-2.609654,-0.1279376,0.07181869,0.6639134,-0.3185168,0.1360598,0.9381019,-0.2053274,0.9562465,-0.2084069,-0.9254124,-0.258999,-0.2766437,moving,74.59741,29.83158,-10.90733,6.173953,72.89430878713185,36.16030636524316,88.71721297323721,89.00503385513738,95.33355827021892
3801,3801,05/15/2023 13:24:27.064547,4030,True,True,True,True,Eyes,2.204853,0.09840696,-2.428918,-0.9490156,-0.1509451,-0.2767399,0.6188406,1.617564,0.004996017,-2.600176,0.7304435,-0.0298986,0.6823184,-0.1508638,0.1032822,0.6687761,2.20346,0.1003895,-2.241966,0.02105103,-0.8036563,0.1465542,0.5763814,15.05969,252.3609,8.042744,0.6585649,0.02922074,-0.7519561,0.0,0.0,0.0,1.540228,0.005068402,-2.609687,-0.1277852,0.06792612,0.6613961,-0.3346827,0.1351066,0.932595,-0.2027778,0.9561574,-0.2112915,-0.9202546,-0.2598251,-0.2926129,moving,73.74293,28.60983,-10.93511,5.863782,72.033450750117,34.954697102854,87.67983324493669,87.92077919620203,96.10615038923184
3802,3802,05/15/2023 13:24:27.084270,4031,True,True,True,True,Eyes,2.204112,0.09838703,-2.421036,-0.9448763,-0.1511822,-0.2904354,0.6199502,1.618335,0.004661612,-2.601091,0.7818657,-0.05219002,0.6212586,-0.1471387,0.1033975,0.6690392,2.199631,0.09980303,-2.236404,0.02047756,-0.8084973,0.1466806,0.5695591,15.10022,251.3857,7.976437,0.6599004,0.02929758,-0.7507812,0.0,0.0,0.0,1.543069,0.005084497,-2.609718,-0.1278773,0.06745955,0.6587257,-0.3503662,0.1339744,0.9269812,-0.2001987,0.9561309,-0.2138554,-0.9149666,-0.2605081,-0.3081744,moving,72.91366,27.49862,-10.98608,5.847229,71.20002229380694,33.856533770642685,86.64842239938636,86.82785592183447,96.87148272824776
3803,3803,05/15/2023 13:24:27.104801,4032,True,True,True,True,Eyes,2.203235,0.09833517,-2.413261,-0.9405289,-0.1514668,-0.3040778,0.6211193,1.619055,0.004256248,-2.60213,0.8299701,-0.07922641,0.552153,-0.1440938,0.103613,0.6690481,2.195578,0.09906322,-2.230974,0.01997466,-0.8130263,0.1467817,0.5630668,15.13944,250.4622,7.908494,0.6612095,0.02937191,-0.7496258,0.0,0.0,0.0,1.545843,0.005100217,-2.609748,-0.1282644,0.06676237,0.6562614,-0.3651134,0.132816,0.9214402,-0.1977757,0.9561123,-0.2161807,-0.9097126,-0.261169,-0.3228216,moving,72.08372,26.47874,-11.05888,5.808794,70.36843546451819,32.84646992863252,85.67344163976907,85.79885560647017,97.61322424244958
3804,3804,05/15/2023 13:24:27.114621,4033,True,True,True,True,Eyes,2.202067,0.09828929,-2.405238,-0.9367452,-0.1513359,-0.3156042,0.6226743,1.618779,0.004056282,-2.601757,0.8115172,-0.09254589,0.5769532,-0.1400259,0.1047871,0.6691126,2.191448,0.09826349,-2.225626,0.01980696,-0.8171256,0.1473666,0.556953,15.24204,249.6087,7.850435,0.6624905,0.02944301,-0.748491,0.0,0.0,0.0,1.548834,0.005117163,-2.609781,-0.1288975,0.0661205,0.6535733,-0.3788223,0.131783,0.9160388,-0.1965221,0.9557815,-0.218771,-0.9043633,-0.2628972,-0.3361731,moving,71.38052,25.61826,-11.15668,5.776827,69.66393977227892,31.994178644284403,84.88858490594298,84.96659406858288,98.20448115031355
3805,3805,05/15/2023 13:24:27.134742,4034,True,True,True,True,Eyes,2.200759,0.09821373,-2.397336,-0.9327819,-0.1512326,-0.3271798,0.6241206,1.618591,0.003826328,-2.601535,0.7989153,-0.107872,0.5916908,-0.1360738,0.1053296,0.6689597,2.187033,0.09750907,-2.220464,0.01897412,-0.8212276,0.1478344,0.5507905,15.29049,248.7537,7.846531,0.6637461,0.02951179,-0.7473752,0.0,0.0,0.0,1.551633,0.005133026,-2.609811,-0.1303265,0.06686947,0.6510161,-0.3925394,0.1316875,0.9102588,-0.1940158,0.9555699,-0.2219099,-0.8990387,-0.2637129,-0.3495494,moving,70.67133,24.80784,-11.32037,5.864601,68.95500802088527,31.19000033411426,84.15156072647208,84.17548436349139,98.75306295648265
3806,3806,05/15/2023 13:24:27.154649,4035,True,True,True,True,Eyes,2.199367,0.09808888,-2.389675,-0.9287432,-0.1510926,-0.3385368,0.6254697,1.618466,0.003585055,-2.601419,0.7907093,-0.1239736,0.5995075,-0.1323155,0.1056595,0.6687787,2.182511,0.09673385,-2.215267,0.01826865,-0.8253311,0.1480624,0.5445846,15.32529,247.8895,7.813192,0.6649745,0.02957754,-0.7462798,0.0,0.0,0.0,1.554515,0.005149357,-2.609843,-0.1317275,0.06652406,0.6482859,-0.4061877,0.1311096,0.9043349,-0.1914204,0.9554875,-0.2245034,-0.8935153,-0.2642987,-0.3630102,moving,69.97266,24.05171,-11.48576,5.858917,68.2577450673704,30.43853404907048,83.46527365340181,83.44569596275582,99.27671693930792
3807,3807,05/15/2023 13:24:27.170601,4036,True,True,True,True,Eyes,2.19783,0.09793172,-2.382126,-0.9245353,-0.150987,-0.3499107,0.6267043,1.61842,0.003307506,-2.601416,0.7875165,-0.142456,0.5996032,-0.1289372,0.1072712,0.6682146,2.177796,0.09572698,-2.210008,0.01810022,-0.8292293,0.1489194,0.5383998,15.45413,247.0456,7.771751,0.6661737,0.02963897,-0.7452071,0.0,0.0,0.0,1.557437,0.005165915,-2.609875,-0.1329363,0.06538704,0.6460152,-0.4195963,0.1303378,0.8983046,-0.1903747,0.9549909,-0.2274863,-0.8875228,-0.2664669,-0.3758976,moving,69.26975,23.34028,-11.62795,5.779564,67.55759472101197,29.730063972661547,82.78174081113936,82.72833215835942,99.81787187193291
3808,3808,05/15/2023 13:24:27.184200,4037,True,True,True,True,Eyes,2.196129,0.09774387,-2.374644,-0.9202633,-0.1506869,-0.3611219,0.6278365,1.618354,0.003137104,-2.601369,0.7830362,-0.1537957,0.6026619,-0.1258861,0.1079213,0.6674687,2.172867,0.09480909,-2.204985,0.01761072,-0.8330016,0.149187,0.5324864,15.50372,246.2298,7.725783,0.667343,0.02969553,-0.7441579,0.0,0.0,0.0,1.560299,0.005182131,-2.609906,-0.1341893,0.06471357,0.6436387,-0.4322964,0.1295405,0.8923784,-0.1882196,0.9548662,-0.229791,-0.8818693,-0.2673009,-0.3884032,moving,68.57439,22.64953,-11.77664,5.741413,66.86532028336417,29.041783907635494,82.11073280970392,82.0211265567818,100.35001780258534
3809,3809,05/15/2023 13:24:27.204746,4038,True,True,True,True,Eyes,2.194284,0.09751617,-2.367277,-0.9158242,-0.1503236,-0.3723825,0.6288377,1.618379,0.002987035,-2.601445,0.7847874,-0.1638221,0.5977214,-0.1229371,0.1077215,0.6667274,2.16783,0.09376614,-2.200064,0.01665704,-0.8368473,0.148871,0.5265422,15.46834,245.4014,7.685722,0.6684817,0.02974683,-0.743133,0.0,0.0,0.0,1.563195,0.005198542,-2.609937,-0.1358836,0.06398487,0.6414856,-0.4449517,0.1288949,0.8862302,-0.1846525,0.95512,-0.2316233,-0.8763111,-0.2667058,-0.4011814,moving,67.87289,21.98298,-11.95997,5.696118,66.16775933148003,28.37666088025756,81.47728155496257,81.35323666478308,100.85292932471543
3810,3810,05/15/2023 13:24:27.214514,4039,True,True,True,True,Eyes,2.192315,0.09723256,-2.360083,-0.9113815,-0.1496748,-0.3833812,0.6297017,1.618416,0.00298211,-2.601498,0.7873771,-0.1641682,0.5942106,-0.1197094,0.1068759,0.6659042,2.162594,0.09256621,-2.195264,0.01512632,-0.8408371,0.1480874,0.5204175,15.35381,244.5444,7.669594,0.6695892,0.02979217,-0.7421334,0.0,0.0,0.0,1.566155,0.005215314,-2.60997,-0.1377838,0.06310829,0.6391263,-0.4578737,0.128697,0.8796527,-0.1795721,0.9556826,-0.2332907,-0.8706927,-0.2647788,-0.4144716,moving,67.18549,21.32603,-12.16572,5.639191,65.48411565008408,27.721242622465056,80.88690528309277,80.72864411311687,101.3172813124771
3811,3811,05/15/2023 13:24:27.234319,4040,True,True,True,True,Eyes,2.190185,0.09689942,-2.352991,-0.9067758,-0.1489611,-0.3944214,0.630426,1.61853,0.002990454,-2.601645,0.7948205,-0.1635923,0.5843782,-0.1167082,0.1056943,0.6647881,2.156948,0.09102552,-2.190438,0.01291949,-0.8448739,0.1470533,0.5141951,15.17507,243.6777,7.704994,0.6706641,0.02983036,-0.7411607,0.0,0.0,0.0,1.569056,0.005231753,-2.610002,-0.1396817,0.06334618,0.6370301,-0.4708729,0.1293975,0.8726597,-0.1730589,0.9564168,-0.2351967,-0.8650603,-0.2617693,-0.4279574,moving,66.49235,20.69005,-12.36753,5.678815,64.79548476428245,27.085877453059947,80.27588585521573,80.07741985342734,101.80372977147643
3812,3812,05/15/2023 13:24:27.254751,4041,True,True,True,True,Eyes,2.187916,0.09650663,-2.346046,-0.9022065,-0.1480369,-0.4051031,0.631049,1.618579,0.003088064,-2.601686,0.7981384,-0.1570819,0.5816361,-0.1141059,0.1049397,0.6633123,2.150989,0.08946809,-2.185641,0.01056759,-0.8486745,0.146335,0.5081596,15.01795,242.851,7.782396,0.6717056,0.0298606,-0.7402156,0.0,0.0,0.0,1.571885,0.005247781,-2.610032,-0.1415488,0.06406283,0.6350784,-0.4833247,0.1307862,0.8656169,-0.16666,0.9569488,-0.2376415,-0.8594313,-0.2591217,-0.4407202,moving,65.81927,20.07383,-12.56493,5.760164,64.12682031082927,26.470206899064188,79.68038556633343,79.4388471883855,102.27925555227114
3813,3813,05/15/2023 13:24:27.264132,4042,True,True,True,True,Eyes,2.185476,0.09606819,-2.339191,-0.8974894,-0.1470961,-0.4157829,0.6315545,1.618662,0.003169008,-2.601781,0.8037165,-0.1516967,0.5753502,-0.1119908,0.1045735,0.6616096,2.144776,0.08772242,-2.180758,-0.008447836,0.8523436,-0.145666,-0.5022156,14.88028,242.0407,7.844655,0.6727123,0.02988178,-0.7392999,0.0,0.0,0.0,1.574935,0.005265065,-2.610066,-0.1434026,0.06498303,0.6331446,-0.4954164,0.1319105,0.8585815,-0.1607123,0.9574202,-0.2398296,-0.8536593,-0.2568001,-0.4531219,moving,65.14297,19.48281,-12.76176,5.860054,63.455724556899405,25.87874980277112,79.0868284697802,78.80262136391838,102.760668281832
3814,3814,05/15/2023 13:24:27.284511,4043,True,True,True,True,Eyes,2.18287,0.09559154,-2.33243,-0.8928092,-0.1460808,-0.4260892,0.6319828,1.61863,0.003270999,-2.601712,0.8016167,-0.1449107,0.5800099,-0.1105077,0.1045629,0.6595573,2.138242,0.08617061,-2.175928,-0.006853977,0.8556882,-0.1452128,-0.4966529,14.79266,241.2871,7.877378,0.6736846,0.02989342,-0.7384136,0.0,0.0,0.0,1.577707,0.00528077,-2.610096,-0.1456279,0.06519258,0.6315756,-0.5065779,0.132511,0.8519505,-0.1559704,0.9577326,-0.2417056,-0.8479694,-0.2553218,-0.4644983,moving,64.4874,18.92381,-12.98425,5.893321,62.805578434539946,25.318837492455483,78.55985105193123,78.23968804344544,103.18745716043159
3815,3815,05/15/2023 13:24:27.304366,4044,True,True,True,True,Eyes,2.180091,0.09508888,-2.325757,-0.8880237,-0.1450105,-0.4363324,0.6322874,1.618605,0.003400549,-2.601645,0.7999166,-0.1362631,0.5844364,-0.1099407,0.1051318,0.6572754,2.131524,0.08478273,-2.171016,-0.005041809,0.8586516,-0.1453426,-0.4914954,14.74712,240.6079,7.977477,0.6746216,0.02989529,-0.7375576,0.0,0.0,0.0,1.580555,0.005296909,-2.610127,-0.1481407,0.06656335,0.6299977,-0.5168141,0.1342121,0.8455121,-0.1515287,0.9577003,-0.2446412,-0.8425809,-0.2545533,-0.4746159,moving,63.83271,18.38369,-13.23241,6.031294,62.15679941370141,24.777169298909158,78.04879504230168,77.6848810048981,103.6005547985291
3816,3816,05/15/2023 13:24:27.314116,4045,True,True,True,True,Eyes,2.177134,0.09456961,-2.319167,-0.8832926,-0.1438765,-0.4461993,0.632509,1.618444,0.003566414,-2.601392,0.7891718,-0.1252072,0.6012745,-0.1100053,0.1042355,0.6549408,2.124616,0.08362386,-2.166313,-0.003049968,0.8614199,-0.1445343,-0.4868846,14.59467,239.9836,8.048196,0.6755219,0.02988755,-0.7367334,0.0,0.0,0.0,1.58348,0.005313486,-2.610159,-0.1510319,0.06830698,0.6283556,-0.5258685,0.1354884,0.8397056,-0.1459977,0.9582011,-0.2460395,-0.8379424,-0.2519794,-0.4841067,moving,63.19917,17.87186,-13.51527,6.204121,61.52927506909924,24.26346014011636,77.59665867732785,77.18693849872403,103.96191877085579
3817,3817,05/15/2023 13:24:27.334682,4046,True,True,True,True,Eyes,2.173996,0.0940332,-2.312667,-0.8784858,-0.142662,-0.4559717,0.6326059,1.618261,0.003784336,-2.601117,0.7770342,-0.1106881,0.6196499,-0.1110837,0.1041163,0.6521842,2.117392,0.08267823,-2.161608,-0.001286601,0.8637628,-0.1443429,-0.4827808,14.51292,239.4428,8.144485,0.6763867,0.02987067,-0.7359403,0.0,0.0,0.0,1.586407,0.00533007,-2.610191,-0.1540445,0.07075169,0.6270572,-0.5338421,0.1371493,0.8343875,-0.1415946,0.9583269,-0.2481138,-0.8336446,-0.2505983,-0.4921758,moving,62.56876,17.37359,-13.80211,6.437532,60.90515182016647,23.762932605277708,77.1499005128086,76.68992420651009,104.32237594396581
3818,3818,05/15/2023 13:24:27.354592,4047,True,True,True,True,Eyes,2.170691,0.09347397,-2.306256,-0.8736972,-0.1413823,-0.4654721,0.6326233,1.61797,0.004032254,-2.600724,0.7576219,-0.09415989,0.6458659,-0.1121834,0.1026836,0.6493582,2.109916,0.08167168,-2.157152,0.00197039,0.866104,-0.1435836,-0.4787943,14.28999,238.9187,8.360797,0.6772142,0.02984502,-0.73518,0.0,0.0,0.0,1.589208,0.005345938,-2.610221,-0.1571699,0.07323612,0.6259775,-0.5415046,0.1409071,0.8288054,-0.1340809,0.9587597,-0.2506034,-0.829937,-0.2468298,-0.5002799,moving,61.95303,16.89561,-14.09442,6.672973,60.29579906547925,23.282442361109133,76.73146003261158,76.22190738277031,104.66190831304009
3819,3819,05/15/2023 13:24:27.364698,4048,True,True,True,True,Eyes,2.167217,0.09291583,-2.299936,-0.8688028,-0.140199,-0.4748956,0.6325539,1.617652,0.004232392,-2.600333,0.7362992,-0.08079924,0.6718147,-0.1128183,0.1027268,0.6465822,2.102563,0.08053838,-2.152685,0.004209189,0.8684633,-0.1435252,-0.4745044,14.19946,238.3642,8.513399,0.6780046,0.02981076,-0.7344525,0.0,0.0,0.0,1.592272,0.005363302,-2.610255,-0.160702,0.07561992,0.6248479,-0.5496557,0.1435177,0.822971,-0.1288956,0.9587656,-0.2532873,-0.8253875,-0.2452982,-0.5084921,moving,61.33858,16.44769,-14.42309,6.900454,59.68850567268096,22.83099589108768,76.36085617925322,75.8044245284841,104.96279445861715
3820,3820,05/15/2023 13:24:27.384678,4049,True,True,True,True,Eyes,2.16357,0.0923793,-2.293715,-0.8638527,-0.139077,-0.4841655,0.6324055,1.617265,0.004426263,-2.599904,0.7104961,-0.06787902,0.7004197,-0.1130984,0.1036092,0.6436487,2.095049,0.07999797,-2.148439,0.005855307,0.8707618,-0.1444227,-0.4699808,14.24163,237.7985,8.660341,0.678757,0.02976881,-0.7337589,0.0,0.0,0.0,1.595058,0.005379092,-2.610285,-0.1647642,0.07835369,0.6239078,-0.5581675,0.1459489,0.8167913,-0.1255546,0.9582156,-0.2570191,-0.8201739,-0.2460116,-0.5165204,moving,60.73058,16.02676,-14.79319,7.158037,59.0881949362982,22.40579319520075,76.04271222585126,75.4384060614602,105.21893287915042
3821,3821,05/15/2023 13:24:27.403968,4050,True,True,True,True,Eyes,2.15975,0.09188188,-2.287596,-0.8587763,-0.1380427,-0.493404,0.6321518,1.616873,0.004617922,-2.599502,0.6843235,-0.05509421,0.7270942,-0.1131709,0.1034482,0.6406838,2.08724,0.07994777,-2.144458,0.008782483,0.8731394,-0.1453237,-0.4652221,14.21754,237.2153,8.934737,0.6794714,0.02972058,-0.7330994,0.0,0.0,0.0,1.597889,0.005395133,-2.610316,-0.1698301,0.08186549,0.6230168,-0.5669824,0.1505522,0.8098549,-0.1198789,0.9576078,-0.2619472,-0.81496,-0.245604,-0.5248988,moving,60.12077,15.63035,-15.24796,7.485877,58.48679990484415,22.004192066529736,75.80750557999274,75.15049095379243,105.3998729360915
3822,3822,05/15/2023 13:24:27.414254,4051,True,True,True,True,Eyes,2.155779,0.09138063,-2.281579,-0.8536692,-0.1370019,-0.5024734,0.6318385,1.616398,0.004817583,-2.599061,0.6526629,-0.04178692,0.7564952,-0.1128032,0.1031712,0.6377766,2.07929,0.08036056,-2.140638,0.01173935,0.8755994,-0.1464986,-0.4601371,14.22586,236.5983,9.22386,0.6801472,0.02966794,-0.7324746,0.0,0.0,0.0,1.600788,0.00541156,-2.610348,-0.1742615,0.08440912,0.6222876,-0.5762723,0.1553768,0.8023518,-0.114261,0.9568006,-0.2673517,-0.809231,-0.2457448,-0.5336244,moving,59.51875,15.25126,-15.64404,7.724641,57.893421591062015,21.6195465513271,75.53869865277836,74.83867086965951,105.62064088180009
3823,3823,05/15/2023 13:24:27.434068,4052,True,True,True,True,Eyes,2.151654,0.09091231,-2.27565,-0.8484557,-0.1361604,-0.511452,0.6314829,1.615868,0.004929341,-2.598623,0.6174535,-0.03434451,0.7858572,-0.1129047,0.1030877,0.6350117,2.071422,0.07976757,-2.136579,0.01543534,0.8779395,-0.1472096,-0.4553167,14.14793,236.0142,9.566816,0.6807839,0.02961123,-0.7318853,0.0,0.0,0.0,1.603594,0.005427458,-2.610378,-0.1775111,0.08476847,0.6222735,-0.5848966,0.1611565,0.7949366,-0.1069513,0.9561822,-0.272538,-0.8040255,-0.2444262,-0.5420318,moving,58.91829,14.90769,-15.92144,7.757301,57.30252270227507,21.269221715938716,75.18053770307992,74.46019550913081,105.93670343800429
3824,3824,05/15/2023 13:24:27.454199,4053,True,True,True,True,Eyes,2.147348,0.09056309,-2.26983,-0.8430294,-0.135297,-0.520573,0.6309543,1.615435,0.005196862,-2.598288,0.5886207,-0.01651023,0.8082408,-0.1134904,0.1051682,0.6319335,2.063579,0.08005075,-2.132622,0.0202741,0.8796778,-0.1504614,-0.4506854,14.26698,235.5322,10.18004,0.6813815,0.02955189,-0.7313313,0.0,0.0,0.0,1.606606,0.005444527,-2.610411,-0.1805314,0.08734609,0.6224777,-0.5929433,0.1712908,0.786815,-0.09995215,0.9539007,-0.2829895,-0.7990168,-0.2464406,-0.548488,moving,58.30456,14.56886,-16.17325,7.987595,56.69890141821607,20.923054203673583,74.76802278645815,74.01132722177947,106.31067924731691
3825,3825,05/15/2023 13:24:27.464887,4054,True,True,True,True,Eyes,2.142857,0.09028665,-2.264103,-0.8374639,-0.1340962,-0.5297853,0.630263,1.615034,0.00577075,-2.598007,0.5618579,0.02174756,0.8269479,-0.1134806,0.1025849,0.6291187,2.054811,0.08246714,-2.129066,0.02853614,0.8819664,-0.1524793,-0.4450521,14.09693,234.9239,11.05992,0.6819395,0.02949397,-0.7308134,0.0,0.0,0.0,1.606606,0.005444527,-2.610411,-0.1848128,0.09313077,0.6250147,-0.6022289,0.1860583,0.7763397,-0.08538666,0.9518715,-0.2943634,-0.7937443,-0.2435631,-0.5573576,static,57.68228,14.20406,-16.47261,8.475042,56.08629149674537,20.55156122335611,74.3758654279493,73.55702891611709,106.66764037925307
3826,3826,05/15/2023 13:24:27.484001,4055,True,True,True,True,Eyes,2.138225,0.09002762,-2.258449,-0.8318354,-0.1329234,-0.5388703,0.6295702,1.614526,0.006342992,-2.597706,0.5280337,0.05990529,0.847108,-0.1135958,0.0949547,0.6270416,2.045828,0.08379067,-2.125391,0.03566659,0.8851597,-0.1491192,-0.4392992,13.45326,234.1526,11.51562,0.6824569,0.02943974,-0.7303324,0.0,0.0,0.0,1.606606,0.005444527,-2.610411,-0.1898065,0.0887682,0.6278343,-0.6114884,0.1941571,0.7670628,-0.06787462,0.9529827,-0.2953252,-0.788337,-0.232652,-0.5695596,static,57.06448,13.85656,-16.82109,8.04759,55.47849209818439,20.196900768334796,74.11357221646924,73.3132684015498,106.88403593373376
3827,3827,05/15/2023 13:24:27.504485,4056,True,True,True,True,Eyes,2.133429,0.08984098,-2.25288,-0.8261288,-0.1318699,-0.5478333,0.6288611,1.613908,0.006913096,-2.597391,0.4867992,0.09790493,0.8680099,-0.1150559,0.09601807,0.6244125,2.037506,0.08400334,-2.120977,0.03739123,0.8871818,-0.1499921,-0.4347561,13.51078,233.6013,11.67534,0.6829349,0.02938933,-0.7298874,0.0,0.0,0.0,1.606606,0.005444527,-2.610411,-0.1956392,0.08766675,0.6309102,-0.619178,0.1967655,0.7601985,-0.06407428,0.9522086,-0.2986526,-0.7826321,-0.2336283,-0.576979,static,56.45033,13.53429,-17.22816,7.910757,54.8749156345111,19.86669813797865,73.89278728050654,73.08760527237733,107.0676603340265
3828,3828,05/15/2023 13:24:27.514739,4057,True,True,True,True,Eyes,2.128521,0.08969352,-2.247429,-0.82034,-0.130677,-0.5567458,0.6281256,1.613244,0.007611938,-2.597135,0.4425206,0.1444908,0.8850412,-0.1169742,0.09609763,0.621303,2.028758,0.08553725,-2.117332,0.04026727,0.8888802,-0.1513996,-0.4305218,13.56098,233.1164,11.98987,0.6833733,0.02934476,-0.7294788,0.0,0.0,0.0,1.606606,0.005444527,-2.610411,-0.2022879,0.09196365,0.6328808,-0.6260593,0.2019471,0.7531716,-0.05877605,0.9509134,-0.303824,-0.7775573,-0.2344802,-0.5834586,static,55.83617,13.20912,-17.72546,8.267758,54.271250405141714,19.53369710527924,73.72740648274525,72.87281861631057,107.20697146075919
3829,3829,05/15/2023 13:24:27.534558,4058,True,True,True,True,Eyes,2.12349,0.08956569,-2.242047,-0.8144372,-0.1295489,-0.5656051,0.6274115,1.612503,0.00828518,-2.596915,0.3930928,0.1893799,0.8997852,-0.1181864,0.09147345,0.6194081,2.020436,0.08643028,-2.113711,0.04338937,0.8914462,-0.1485362,-0.4258851,13.17148,232.4724,12.08635,0.6837722,0.02930671,-0.7291064,0.0,0.0,0.0,1.606606,0.005444527,-2.610411,-0.2094237,0.09194507,0.6347667,-0.6334786,0.2038772,0.7464175,-0.0491601,0.9521087,-0.3017818,-0.772197,-0.2278663,-0.593118,static,55.22105,12.90078,-18.25887,8.241892,53.66711438283644,19.216904533530325,73.62746688976162,72.75849180371443,107.27623533360351
3830,3830,05/15/2023 13:24:27.554462,4059,True,True,True,True,Eyes,2.118319,0.08947293,-2.236725,-0.8083531,-0.1286514,-0.5744686,0.626681,1.61174,0.008849584,-2.596733,0.3422108,0.2269883,0.9117939,-0.1185774,0.09159461,0.6174133,2.012424,0.08678389,-2.109879,0.04367228,0.8938442,-0.1483813,-0.4208544,13.20879,231.8239,12.0334,0.6841317,0.02927527,-0.7287704,0.0,0.0,0.0,1.606606,0.005444527,-2.610411,-0.2152552,0.09192964,0.6370483,-0.6419488,0.2029662,0.739396,-0.0468214,0.9521515,-0.3020189,-0.7653167,-0.2285002,-0.6017294,static,54.59991,12.62303,-18.66983,8.211417,53.05798231398408,18.92943820613312,73.4024327180603,72.52416864690862,107.47377474524693
3831,3831,05/15/2023 13:24:27.564068,4060,True,True,True,True,Eyes,2.113034,0.08941858,-2.231465,-0.8021547,-0.1277481,-0.583291,0.6259977,1.610887,0.009448573,-2.596604,0.2853542,0.2669353,0.920499,-0.1193569,0.09144009,0.6153417,2.004076,0.08748339,-2.106129,0.04494778,0.896091,-0.1484633,-0.4158837,13.21979,231.2,12.09867,0.6844524,0.0292509,-0.7284691,0.0,0.0,0.0,1.606606,0.005444527,-2.610411,-0.2196142,0.0912791,0.6393436,-0.6500407,0.2040415,0.7319931,-0.04293231,0.9518768,-0.3034593,-0.7586855,-0.2286871,-0.6099985,static,53.97703,12.35345,-18.95757,8.125211,52.44738789028047,18.649800209384463,73.05705908535548,72.17641574184063,107.79037059071625
3832,3832,05/15/2023 13:24:27.584189,4061,True,True,True,True,Eyes,2.107631,0.08941779,-2.226257,-0.7957821,-0.1271514,-0.5920841,0.6253213,1.610011,0.009907305,-2.5965,0.2269783,0.2974928,0.9273505,-0.1199935,0.09015416,0.6139123,1.995993,0.08833258,-2.102251,0.04670445,0.8984712,-0.1478905,-0.4107271,13.14317,230.5421,12.17721,0.6847355,0.02923423,-0.7282027,0.0,0.0,0.0,1.606606,0.005444527,-2.610411,-0.2221839,0.09159435,0.6419218,-0.6582441,0.2054105,0.7242386,-0.03756008,0.9518942,-0.3041163,-0.7518671,-0.2273852,-0.6188635,static,53.34972,12.12031,-19.09192,8.120589,51.833496819273655,18.4051827347601,72.55197429407032,71.66720044257883,108.27245895926553
3833,3833,05/15/2023 13:24:27.604801,4062,True,True,True,True,Eyes,2.102109,0.08946636,-2.221106,-0.7893185,-0.1265297,-0.6008049,0.6247497,1.608983,0.01041696,-2.596459,0.158398,0.3314627,0.9300767,-0.1208796,0.09046588,0.6124985,1.987844,0.08961535,-2.098321,0.04698262,0.900628,-0.148496,-0.4057227,13.25913,229.9213,12.16583,0.6849822,0.02922631,-0.7279705,0.0,0.0,0.0,1.606606,0.005444527,-2.610411,-0.2224723,0.09329202,0.6449344,-0.6663636,0.2051241,0.716857,-0.03586868,0.9514831,-0.3056031,-0.7447639,-0.2293555,-0.6266762,static,52.72273,11.89272,-19.03204,8.230943,51.22006700457488,18.16593025731272,71.84814283299623,70.95112761884201,108.9563429394316
3834,3834,05/15/2023 13:24:27.614609,4063,True,True,True,True,Eyes,2.096495,0.08955558,-2.216007,-0.7827009,-0.1261724,-0.609475,0.6242283,1.607911,0.0107952,-2.596458,0.08697309,0.356703,0.9301606,-0.1223644,0.08879009,0.6112325,1.979438,0.09084278,-2.09444,0.04752979,0.9028906,-0.147572,-0.4009389,13.2011,229.2942,12.10504,0.6851928,0.02922795,-0.7277719,0.0,0.0,0.0,1.606606,0.005444527,-2.610411,-0.2206993,0.09391061,0.6484747,-0.6739779,0.2041631,0.7099798,-0.03250629,0.9519268,-0.3045958,-0.738036,-0.2283696,-0.634941,static,52.09275,11.69605,-18.79529,8.240157,50.604584618815686,17.95641743852673,70.9722298611862,70.07673161625489,109.8114467948541
3835,3835,05/15/2023 13:24:27.646025,4064,True,True,True,True,Eyes,2.090784,0.0896982,-2.210965,-0.7760312,-0.1258686,-0.6180071,0.6239094,1.606611,0.01116763,-2.596545,0.0002940418,0.3815303,0.9243563,-0.1242609,0.08823258,0.6104499,1.971422,0.09196357,-2.090324,0.0469833,0.9048968,-0.1470937,-0.3966333,13.2346,228.7299,11.95937,0.6853686,0.02923959,-0.7276058,0.0,0.0,0.0,1.606606,0.005444527,-2.610411,-0.2174045,0.09290838,0.6522959,-0.6809493,0.2017145,0.7040025,-0.03165442,0.9523121,-0.3034794,-0.7316462,-0.2289388,-0.6420911,static,51.46728,11.51189,-18.43278,8.106277,49.99381119026831,17.75911641497071,69.98297355721154,69.1040931543951,110.77567683511352
3836,3836,05/15/2023 13:24:27.659430,4065,True,True,True,True,Eyes,2.084998,0.08985667,-2.205972,-0.7691482,-0.1256915,-0.626588,0.6236345,1.605331,0.01147112,-2.596734,-0.08505101,0.4017687,0.911783,-0.1263395,0.08789651,0.6094759,1.963348,0.09341133,-2.08658,0.04624265,0.9067318,-0.1471108,-0.3925018,13.3253,228.1989,11.82114,0.6855103,0.02926206,-0.7274715,0.0,0.0,0.0,1.606606,0.005444527,-2.610411,-0.2139408,0.09181476,0.6559374,-0.6876084,0.1993418,0.698182,-0.03162314,0.95244,-0.3030807,-0.7253932,-0.2304794,-0.6486019,static,50.83195,11.3428,-18.06427,7.9682,49.373899555053136,17.57604662641538,68.97881599047928,68.119141434202,111.7564218571668
3837,3837,05/15/2023 13:24:27.664677,4066,True,True,True,True,Eyes,2.079129,0.09008709,-2.201027,-0.762211,-0.1257171,-0.6350036,0.6236891,1.603747,0.01167871,-2.597072,-0.1906382,0.4156267,0.8893321,-0.1278519,0.08674531,0.6094739,1.955542,0.0939974,-2.082491,0.04599377,0.908877,-0.1458633,-0.3880092,13.26479,227.5973,11.6652,0.685619,0.02929487,-0.7273678,0.0,0.0,0.0,1.606606,0.005444527,-2.610411,-0.2104624,0.09126665,0.6591227,-0.6946668,0.196798,0.6918876,-0.02958728,0.9532169,-0.3008356,-0.7187228,-0.2294516,-0.6563454,static,50.20208,11.19852,-17.70864,7.883438,48.75995233980044,17.417086177890045,67.99158521159161,67.14882139854998,112.72472718431918
3838,3838,05/15/2023 13:24:27.684203,4067,True,True,True,True,Eyes,2.073181,0.09036165,-2.196131,-0.7549483,-0.1257671,-0.6436114,0.6237611,1.602274,0.01191304,-2.597591,-0.2888435,0.4312562,0.8547441,-0.1298857,0.08841112,0.6091263,1.947644,0.09606504,-2.078592,0.04487345,0.9104351,-0.1478357,-0.3837173,13.57701,227.0909,11.58219,0.6856957,0.02933944,-0.7272938,0.0,0.0,0.0,1.606606,0.005444527,-2.610411,-0.206576,0.09234533,0.662275,-0.7014949,0.1951629,0.6854317,-0.03174549,0.9522619,-0.303627,-0.7119672,-0.2347521,-0.6618115,static,49.55162,11.05675,-17.32368,7.937945,48.1261326881035,17.25990188692904,66.94798499371004,66.1103385342232,113.75354948422556
3839,3839,05/15/2023 13:24:27.704189,4068,True,True,True,True,Eyes,2.067161,0.0906691,-2.191272,-0.747624,-0.1257408,-0.6521101,0.624706,1.600115,0.01211809,-2.598649,-0.4327071,0.444889,0.7841162,-0.1305601,0.08446085,0.610625,1.939711,0.09737609,-2.074771,0.04576955,0.9130795,-0.1450276,-0.3783625,13.30935,226.3577,11.45886,0.6857412,0.02939615,-0.7272488,0.0,0.0,0.0,1.606606,0.005444527,-2.610411,-0.2027494,0.0927674,0.6649559,-0.7094942,0.1933285,0.6776744,-0.02616354,0.9537442,-0.2994784,-0.7042257,-0.2302085,-0.6716179,static,48.90365,10.91391,-16.95681,7.942024,47.49469535884941,17.101763276127972,65.92747756291452,65.09913491459342,114.7576893686699
3840,3840,05/15/2023 13:24:27.714286,4069,True,True,True,True,Eyes,2.061057,0.09101614,-2.186466,-0.7399715,-0.1257666,-0.660776,0.0,0.0,0.0,0.0,0.0,0.0,0.0,2.756887,-0.6542854,-0.03747582,1.931932,0.09843352,-2.070717,0.04402642,0.9152688,-0.1434033,-0.3738723,13.27262,225.737,11.12649,0.6857567,0.02946499,-0.7272316,0.0,0.0,0.0,1.606606,0.005444527,-2.610411,-0.1993523,0.09269305,0.6674871,-0.7165624,0.1878211,0.6717602,-0.02663706,0.9549944,-0.2954256,-0.6970143,-0.2295846,-0.6793101,static,48.23595,10.7763,-16.62883,7.906026,46.84429265338616,16.948052204038866,64.92825392141295,64.11392623483863,115.7401471987979
3841,3841,05/15/2023 13:24:27.738796,4070,True,True,True,True,Eyes,2.054877,0.09137703,-2.18172,-0.7322068,-0.1254288,-0.6694332,0.0,0.0,0.0,0.0,0.0,0.0,0.0,2.747818,-0.6544747,-0.07392049,1.923857,0.09970929,-2.067156,0.04425694,0.9176763,-0.1412098,-0.3687429,13.09292,225.0456,10.97115,0.6857427,0.02954617,-0.7272418,0.0,0.0,0.0,1.606606,0.005444527,-2.610411,-0.1968463,0.09678872,0.6690551,-0.7241402,0.1853673,0.6642742,-0.0229131,0.9562022,-0.2918086,-0.6892723,-0.2265308,-0.688177,static,47.56433,10.61222,-16.3947,8.231576,46.18937171109414,16.768678416782585,64.00332010447299,63.16366162291424,116.65736619156215
3842,3842,05/15/2023 13:24:27.754147,4071,True,True,True,True,Eyes,2.048615,0.0917306,-2.176997,-0.7240757,-0.1253422,-0.6782357,0.0,0.0,0.0,0.0,0.0,0.0,0.0,2.738762,-0.6518725,-0.1157067,1.915781,0.1003342,-2.063699,0.04524848,0.9205583,-0.1363271,-0.3632355,12.59878,224.2588,10.76868,0.6856994,0.02963902,-0.7272789,0.0,0.0,0.0,1.606606,0.005444527,-2.610411,-0.1942519,0.09959749,0.6707025,-0.7320253,0.1823454,0.6564217,-0.01572997,0.958735,-0.2838658,-0.681096,-0.2181224,-0.6989501,static,46.87226,10.47048,-16.15231,8.446543,45.51525466885124,16.610218315116335,63.057059435600614,62.20557954747781,117.59513054321324
3843,3843,05/15/2023 13:24:27.764383,4072,True,True,True,True,Eyes,2.042256,0.09208579,-2.172323,-0.7158387,-0.1251777,-0.6869538,0.0,0.0,0.0,0.0,0.0,0.0,0.0,2.728518,-0.6504626,-0.1557121,1.907775,0.1004899,-2.059721,0.04487853,0.9230995,-0.1352375,-0.3571892,12.56899,223.4776,10.59537,0.6856279,0.02974226,-0.7273421,0.0,0.0,0.0,1.606606,0.005444527,-2.610411,-0.191567,0.1038515,0.6719943,-0.7408038,0.1794654,0.6473038,-0.01375602,0.9593935,-0.2817355,-0.6715809,-0.217615,-0.7082536,static,46.17961,10.32721,-15.91138,8.785121,44.84053418959093,16.450263793462533,62.110136674008544,61.23356507458627,118.53813796845571
3844,3844,05/15/2023 13:24:27.784541,4073,True,True,True,True,Eyes,2.035853,0.09243135,-2.167714,-0.7074413,-0.1252275,-0.6955895,0.0,0.0,0.0,0.0,0.0,0.0,0.0,2.717593,-0.6491331,-0.193505,1.89906,0.1008817,-2.056095,0.04470742,0.9254474,-0.1337923,-0.3516363,12.48558,222.7546,10.43528,0.6855283,0.02985506,-0.7274314,0.0,0.0,0.0,1.606606,0.005444527,-2.610411,-0.1868473,0.106657,0.6736722,-0.7487063,0.1768412,0.6388787,-0.01134371,0.9602017,-0.2790769,-0.6628047,-0.2161939,-0.7169032,static,45.48398,10.20568,-15.50169,8.996496,44.1635204918857,16.31119184577708,60.997656277063264,60.11191328145575,119.64287330133644
3845,3845,05/15/2023 13:24:27.803986,4074,True,True,True,True,Eyes,2.029369,0.09277432,-2.163143,-0.6990114,-0.1252619,-0.7040544,0.0,0.0,0.0,0.0,0.0,0.0,0.0,2.707531,-0.6437405,-0.2267015,1.89069,0.1011815,-2.052211,0.0440139,0.9275396,-0.1320188,-0.3468491,12.37874,222.1169,10.21565,0.6854013,0.02997621,-0.7275459,0.0,0.0,0.0,1.606606,0.005444527,-2.610411,-0.1806964,0.1062086,0.675897,-0.7555174,0.1732305,0.6318113,-0.009931948,0.9612676,-0.2754378,-0.6550539,-0.214373,-0.7245339,static,44.79407,10.08822,-14.9676,8.930281,43.49215745224407,16.17622623185544,59.772887030129475,58.90710452634941,120.84867634205409
3846,3846,05/15/2023 13:24:27.814893,4075,True,True,True,True,Eyes,2.022794,0.09310301,-2.158602,-0.6903661,-0.1255488,-0.712483,0.0,0.0,0.0,0.0,0.0,0.0,0.0,2.697389,-0.6385785,-0.2561069,1.882204,0.1014791,-2.048484,0.04283862,0.9293004,-0.1314521,-0.3424704,12.41407,221.551,10.00409,0.6852474,0.03010491,-0.7276855,0.0,0.0,0.0,1.606606,0.005444527,-2.610411,-0.1737793,0.106806,0.6780471,-0.7617579,0.1696568,0.6252534,-0.01041702,0.9617704,-0.2736589,-0.6477783,-0.2149751,-0.7308689,static,44.09677,9.993668,-14.37514,8.951675,42.8142620737725,16.06313186278951,58.481193630603585,57.62985795806658,122.12587827086399
3847,3847,05/15/2023 13:24:27.834546,4076,True,True,True,True,Eyes,2.016143,0.09341214,-2.154091,-0.6816882,-0.1257859,-0.720749,0.0,0.0,0.0,0.0,0.0,0.0,0.0,2.686329,-0.6358774,-0.2864175,1.873742,0.1014561,-2.04488,0.04265873,0.931131,-0.1300088,-0.3380429,12.31403,220.9729,9.862215,0.6850667,0.03024009,-0.7278496,0.0,0.0,0.0,1.606606,0.005444527,-2.610411,-0.1675363,0.1071474,0.6795779,-0.7678143,0.1673389,0.6184323,-0.008455401,0.9625558,-0.2709515,-0.6406164,-0.2132696,-0.7376493,static,43.40461,9.899623,-13.84897,8.959924,42.141358477870895,15.950687850782549,57.2612910876711,56.4250623595339,123.33137054965327
3848,3848,05/15/2023 13:24:27.854267,4077,True,True,True,True,Eyes,2.009372,0.09371234,-2.14959,-0.6726667,-0.1263672,-0.7290754,0.0,0.0,0.0,0.0,0.0,0.0,0.0,2.674512,-0.6343496,-0.3158965,1.865254,0.1012986,-2.041023,0.04242836,0.932866,-0.1292579,-0.3335465,12.28983,220.4007,9.745144,0.6848601,0.03038057,-0.7280379,0.0,0.0,0.0,1.606606,0.005444527,-2.610411,-0.1620964,0.1078044,0.6807454,-0.7738932,0.165387,0.6113399,-0.007067048,0.9629844,-0.2694642,-0.6332767,-0.2128569,-0.7440783,static,42.69555,9.833113,-13.39363,8.998761,41.45283852917259,15.864281279346429,56.09538533901255,55.274501163082746,124.48686758929075
3849,3849,05/15/2023 13:24:27.864846,4078,True,True,True,True,Eyes,2.002515,0.09399654,-2.145127,-0.6636258,-0.1268462,-0.7372319,0.0,0.0,0.0,0.0,0.0,0.0,0.0,2.661171,-0.6382961,-0.3429713,1.856341,0.1013245,-2.037306,0.04297881,0.9343597,-0.1292149,-0.3292847,12.30771,219.8802,9.747322,0.6846273,0.03052568,-0.7282502,0.0,0.0,0.0,1.606606,0.005444527,-2.610411,-0.1566819,0.1080957,0.6817383,-0.7794489,0.1654123,0.6042335,-0.004781662,0.9629127,-0.269771,-0.6264476,-0.2131619,-0.7497503,static,41.99224,9.762575,-12.94335,9.009753,40.76977746601296,15.77416856068771,54.9407479891909,54.13739354695449,125.62963883819599
3850,3850,05/15/2023 13:24:27.884454,4079,True,True,True,True,Eyes,1.995575,0.09425135,-2.14069,-0.6543292,-0.1275348,-0.7453778,0.0,0.0,0.0,0.0,0.0,0.0,0.0,2.646497,-0.6454518,-0.3718402,1.847359,0.1011959,-2.033676,0.04475387,0.9359784,-0.1281614,-0.3248327,12.17144,219.3304,9.83902,0.6843686,0.03067456,-0.7284865,0.0,0.0,0.0,1.606606,0.005444527,-2.610411,-0.1515635,0.1084874,0.6824392,-0.7849616,0.1670393,0.5966014,0.0005152423,0.9631435,-0.2689877,-0.6195442,-0.2108376,-0.7561167,static,41.27825,9.709336,-12.52164,9.032726,40.076844830655446,15.700412033377788,53.80414449746599,53.01941760827246,126.7563467567807
3851,3851,05/15/2023 13:24:27.904600,4080,True,True,True,True,Eyes,1.988534,0.09447907,-2.136278,-0.64502,-0.1282014,-0.7533349,0.0,0.0,0.0,0.0,0.0,0.0,0.0,2.631796,-0.6503309,-0.4002707,1.83833,0.1007957,-2.029749,0.04579909,0.9375454,-0.1277712,-0.3202902,12.13668,218.7758,9.878514,0.6840844,0.03082596,-0.7287464,0.0,0.0,0.0,1.606606,0.005444527,-2.610411,-0.1470217,0.1090013,0.6827356,-0.7906335,0.1677252,0.5888695,0.004029726,0.963154,-0.2689206,-0.6122767,-0.2102446,-0.7621777,static,40.57078,9.657986,-12.15261,9.070934,39.39027815833514,15.628682569541088,52.72665818296095,51.95838128737233,127.82490930862147
3852,3852,05/15/2023 13:24:27.914808,4081,True,True,True,True,Eyes,1.981395,0.09466408,-2.131889,-0.6354741,-0.1289718,-0.7612745,0.0,0.0,0.0,0.0,0.0,0.0,0.0,2.616396,-0.6557651,-0.427913,1.828826,0.100369,-2.02583,0.04683471,0.9390176,-0.1276971,-0.3158258,12.13621,218.2377,9.931577,0.6837745,0.03097886,-0.7290298,0.0,0.0,0.0,1.606606,0.005444527,-2.610411,-0.1431593,0.1103996,0.6826659,-0.7961212,0.1686173,0.5811706,0.00729712,0.9629999,-0.2694029,-0.6050932,-0.2102365,-0.767895,static,39.85345,9.615499,-11.84366,9.186251,38.69440401883453,15.565195465867795,51.69889202098633,50.93905031771247,128.8473114627188
3853,3853,05/15/2023 13:24:27.934330,4082,True,True,True,True,Eyes,1.974167,0.09480345,-2.127515,-0.6259252,-0.1297291,-0.7690175,0.0,0.0,0.0,0.0,0.0,0.0,0.0,2.601156,-0.6583124,-0.455898,1.819195,0.09957971,-2.021842,0.04767354,0.9405376,-0.1270413,-0.311411,12.08029,217.6937,9.940439,0.6834398,0.03113177,-0.7293375,0.0,0.0,0.0,1.606606,0.005444527,-2.610411,-0.1392356,0.1111708,0.6824105,-0.801501,0.1688017,0.5736745,0.0105534,0.9631755,-0.2686664,-0.5979005,-0.2092821,-0.7737675,static,39.14313,9.575337,-11.53206,9.252718,38.00538228410824,15.504171468674247,50.67621695189234,49.930340060151345,129.86301531396006
3854,3854,05/15/2023 13:24:27.954392,4083,True,True,True,True,Eyes,1.966857,0.09490267,-2.123169,-0.6161457,-0.130626,-0.7767248,0.0,0.0,0.0,0.0,0.0,0.0,0.0,2.586598,-0.657999,-0.4827709,1.809803,0.09863639,-2.01777,0.04759004,0.9419816,-0.1270462,-0.307027,12.12982,217.1572,9.875041,0.6830798,0.03128335,-0.7296687,0.0,0.0,0.0,1.606606,0.005444527,-2.610411,-0.1353862,0.1117252,0.6821484,-0.8069396,0.1676711,0.5663351,0.01164463,0.9631889,-0.2685732,-0.5905197,-0.2101275,-0.7791877,static,38.42361,9.546407,-11.22564,9.301565,37.307756876087886,15.4536962762041,49.649853707412504,48.92176746164744,130.88254294752713
3855,3855,05/15/2023 13:24:27.964228,4084,True,True,True,True,Eyes,1.959453,0.09495406,-2.118837,-0.6063616,-0.1314608,-0.7842472,0.0,0.0,0.0,0.0,0.0,0.0,0.0,2.571718,-0.6580616,-0.5091469,1.800241,0.09786214,-2.013843,0.04754579,0.9433759,-0.1270756,-0.3027097,12.17949,216.6305,9.815634,0.6826958,0.03143201,-0.7300221,0.0,0.0,0.0,1.606606,0.005444527,-2.610411,-0.1317818,0.1136073,0.6815113,-0.8122123,0.1666411,0.5590542,0.01277308,0.9631824,-0.2685452,-0.5832219,-0.2109749,-0.7844371,static,37.71036,9.515833,-10.94405,9.464128,36.61615897015345,15.401831463992307,48.654437473421936,47.92942519695987,131.8744814060593
3856,3856,05/15/2023 13:24:27.983992,4085,True,True,True,True,Eyes,1.951939,0.0949507,-2.114502,-0.5961053,-0.1324375,-0.7919083,0.0,0.0,0.0,0.0,0.0,0.0,0.0,2.555619,-0.6595799,-0.5368345,1.790509,0.09676071,-2.009761,0.04820125,0.9448503,-0.1265576,-0.2981906,12.14636,216.0772,9.809721,0.6822866,0.03157698,-0.7303986,0.0,0.0,0.0,1.606606,0.005444527,-2.610411,-0.1285772,0.1144134,0.6807239,-0.8175179,0.1665625,0.5512905,0.01560934,0.9633196,-0.2679023,-0.5756915,-0.2104097,-0.790131,static,36.97044,9.494195,-10.69619,9.540876,35.89897553754141,15.357752338783108,47.666652857869735,46.95684723031969,132.85693402896175
3857,3857,05/15/2023 13:24:28.004312,4086,True,True,True,True,Eyes,1.944331,0.09489988,-2.110174,-0.5858647,-0.1333865,-0.7993563,0.0,0.0,0.0,0.0,0.0,0.0,0.0,2.538937,-0.6619292,-0.5634472,1.780655,0.09544346,-2.005488,0.04878054,0.9462221,-0.126632,-0.2936813,12.1805,215.536,9.818776,0.6818521,0.031717,-0.7307986,0.0,0.0,0.0,1.606606,0.005444527,-2.610411,-0.1253286,0.1143195,0.6799856,-0.8227435,0.1666933,0.543421,0.01793553,0.9631696,-0.2682958,-0.5681298,-0.2109921,-0.7954313,static,36.23846,9.473511,-10.44302,9.543345,35.189507804443174,15.314842661287766,46.681532234685235,45.99606264755201,133.83423678086427
3858,3858,05/15/2023 13:24:28.014383,4087,True,True,True,True,Eyes,1.936633,0.09480683,-2.105854,-0.5751759,-0.1343477,-0.8069221,0.0,0.0,0.0,0.0,0.0,0.0,0.0,2.521503,-0.6665907,-0.5892439,1.770744,0.0942485,-2.001278,0.04993394,0.9475239,-0.1266073,-0.2892677,12.18321,215.0116,9.88912,0.6813927,0.03185091,-0.7312214,0.0,0.0,0.0,1.606606,0.005444527,-2.610411,-0.1218251,0.1134292,0.6792292,-0.8276616,0.167874,0.5355321,0.02138037,0.9629544,-0.2688155,-0.5608201,-0.2110384,-0.8005896,static,35.48136,9.452696,-10.16833,9.480729,34.455708428876136,15.271018904550504,45.64969860738611,44.99813621563179,134.8557542592812
3859,3859,05/15/2023 13:24:28.034654,4088,True,True,True,True,Eyes,1.92885,0.09466725,-2.101537,-0.564482,-0.135306,-0.8142803,0.0,0.0,0.0,0.0,0.0,0.0,0.0,2.504195,-0.6696435,-0.6151335,1.760883,0.09315787,-1.997101,0.05098131,0.9488549,-0.1261609,-0.2848838,12.14399,214.4829,9.932631,0.680909,0.03197787,-0.7316666,0.0,0.0,0.0,1.606606,0.005444527,-2.610411,-0.1184264,0.1121666,0.6782117,-0.8324845,0.1686301,0.527763,0.02486536,0.9629686,-0.2684643,-0.5534904,-0.2103693,-0.8058496,static,34.73079,9.434431,-9.904881,9.390906,33.728302726091464,15.229860296123594,44.635692220977894,44.02213203999862,135.85894155574903
3860,3860,05/15/2023 13:24:28.054547,4089,True,True,True,True,Eyes,1.920984,0.09447713,-2.097229,-0.5532382,-0.1362175,-0.8218104,0.0,0.0,0.0,0.0,0.0,0.0,0.0,2.484855,-0.6769149,-0.6425054,1.751025,0.09178525,-1.992741,0.05265033,0.9502032,-0.1263531,-0.2799586,12.16,213.9077,10.06263,0.6804014,0.03209701,-0.7321336,0.0,0.0,0.0,1.606606,0.005444527,-2.610411,-0.1155636,0.1112637,0.6768372,-0.8377025,0.1708043,0.51873,0.02930975,0.9625257,-0.269602,-0.5453402,-0.2106424,-0.8113164,static,33.94822,9.411378,-9.68928,9.335229,32.96977528570546,15.183078529040422,43.63756644131523,43.058011356577694,136.84714340429176
3861,3861,05/15/2023 13:24:28.064364,4090,True,True,True,True,Eyes,1.913032,0.09422714,-2.092949,-0.5419383,-0.1371133,-0.8291578,0.0,0.0,0.0,0.0,0.0,0.0,0.0,2.464059,-0.6852111,-0.6727178,1.741041,0.09039676,-1.98853,0.05477884,0.9516936,-0.1261553,-0.2745245,12.12505,213.27,10.22361,0.6798703,0.0322074,-0.7326222,0.0,0.0,0.0,1.606606,0.005444527,-2.610411,-0.1131278,0.1107596,0.6752277,-0.8432715,0.1735308,0.5087051,0.03499989,0.9621682,-0.2701986,-0.5363476,-0.2100461,-0.8174426,static,33.16867,9.38972,-9.511011,9.315434,32.21421067786372,15.137737436680217,42.67974564909633,42.129483041875154,137.79642135331184
3862,3862,05/15/2023 13:24:28.084481,4091,True,True,True,True,Eyes,1.904998,0.09391873,-2.088671,-0.5300665,-0.1378816,-0.8366709,0.0,0.0,0.0,0.0,0.0,0.0,0.0,2.441333,-0.6971347,-0.7053449,1.73094,0.08879171,-1.984837,0.0577288,0.9532303,-0.1260252,-0.2685837,12.07852,212.5827,10.47337,0.679315,0.03230797,-0.733133,0.0,0.0,0.0,1.606606,0.005444527,-2.610411,-0.1115405,0.1106226,0.6732389,-0.8490607,0.1777543,0.4974937,0.04236107,0.9615701,-0.2712721,-0.5265948,-0.209252,-0.8239613,static,32.35599,9.358113,-9.407166,9.331117,31.426289219821477,15.081758119317865,41.76316472520194,41.23640307389037,138.70517296737756
3863,3863,05/15/2023 13:24:28.104672,4092,True,True,True,True,Eyes,1.896887,0.09356276,-2.084407,-0.5181094,-0.1387802,-0.8439802,0.0,0.0,0.0,0.0,0.0,0.0,0.0,2.416828,-0.7092147,-0.739145,1.720675,0.08708566,-1.980422,0.06090285,0.9548289,-0.1257704,-0.262249,12.01894,211.8497,10.74014,0.6787359,0.03239769,-0.7336655,0.0,0.0,0.0,1.606606,0.005444527,-2.610411,-0.1108775,0.1110522,0.6710258,-0.8550326,0.1822699,0.4854862,0.05033726,0.9609453,-0.2721219,-0.5161254,-0.208235,-0.8308146,static,31.54527,9.33789,-9.382538,9.397058,30.64057640472904,15.036824207013922,40.92785076860362,40.418518645836166,139.53561447867423
3864,3864,05/15/2023 13:24:28.114979,4093,True,True,True,True,Eyes,1.888699,0.09317098,-2.080161,-0.505704,-0.1396484,-0.8513294,0.0,0.0,0.0,0.0,0.0,0.0,0.0,2.39196,-0.7222486,-0.7722859,1.710626,0.08560066,-1.976353,0.06312667,0.9562873,-0.127276,-0.2555983,12.19003,211.1023,10.95765,0.6781333,0.03247594,-0.7342192,0.0,0.0,0.0,1.606606,0.005444527,-2.610411,-0.1110993,0.1099824,0.6687529,-0.861369,0.1857975,0.4727817,0.05567139,0.9596317,-0.275695,-0.5049198,-0.2111547,-0.8369406,static,30.71103,9.315592,-9.432349,9.339207,29.832028494269714,14.989150702010551,40.14338594595461,39.668793829008756,140.31236938376045
3865,3865,05/15/2023 13:24:28.134353,4094,True,True,True,True,Eyes,1.880444,0.09278631,-2.07592,-0.4931392,-0.1407431,-0.8584901,0.0,0.0,0.0,0.0,0.0,0.0,0.0,2.36582,-0.7320428,-0.8101299,1.700503,0.08435673,-1.972428,0.0648039,0.9580182,-0.1282926,-0.248078,12.33695,210.2373,11.08467,0.6775066,0.03254271,-0.7347947,0.0,0.0,0.0,1.606606,0.005444527,-2.610411,-0.1123892,0.1096635,0.6660583,-0.8685156,0.1878197,0.4586987,0.0605135,0.958683,-0.277966,-0.4919541,-0.2136604,-0.8439968,static,29.87419,9.310394,-9.57774,9.349613,29.021428856007915,14.957894744519123,39.45194949371781,39.00446975028013,141.00004498472185
3866,3866,05/15/2023 13:24:28.154694,4095,True,True,True,True,Eyes,1.872107,0.09242448,-2.071702,-0.4798469,-0.1416809,-0.8658369,0.0,0.0,0.0,0.0,0.0,0.0,0.0,2.337176,-0.7475225,-0.8471122,1.690525,0.08418342,-1.968202,0.0665329,0.959586,-0.1309112,-0.2400633,12.66774,209.3453,11.26201,0.6768574,0.0325993,-0.7353904,0.0,0.0,0.0,1.606606,0.005444527,-2.610411,-0.1138596,0.1079889,0.6632869,-0.8758861,0.190542,0.4433029,0.06483413,0.9568712,-0.2831854,-0.4781425,-0.2192969,-0.8504639,static,28.99522,9.293213,-9.740441,9.247117,28.16970063461377,14.91375582924938,38.735688427445524,38.3313140184058,141.70833523305785
3867,3867,05/15/2023 13:24:28.164282,4096,True,True,True,True,Eyes,1.863694,0.0920608,-2.067489,-0.4662942,-0.1426966,-0.8730448,0.0,0.0,0.0,0.0,0.0,0.0,0.0,2.303816,-0.7631704,-0.8944769,1.680368,0.08427635,-1.964522,0.06994598,0.9617015,-0.1308905,-0.2304465,12.6807,208.2352,11.52132,0.6761838,0.03264768,-0.7360076,0.0,0.0,0.0,1.606606,0.005444527,-2.610411,-0.1148671,0.1078653,0.6605268,-0.8840041,0.1948608,0.4249309,0.07420781,0.9559504,-0.2839928,-0.4615519,-0.2195176,-0.8595243,static,28.10673,9.282745,-9.865205,9.274651,27.308935598260405,14.875795490328564,37.9719358626481,37.59374347974368,142.46725795430672
3868,3868,05/15/2023 13:24:28.184472,4097,True,True,True,True,Eyes,1.855224,0.09176526,-2.063327,-0.4523002,-0.1437587,-0.8802033,0.0,0.0,0.0,0.0,0.0,0.0,0.0,2.270453,-0.7736233,-0.940892,1.67004,0.0838777,-1.960271,0.07195723,0.9637622,-0.1313969,-0.220725,12.79746,207.1088,11.63728,0.6754869,0.03268859,-0.7366453,0.0,0.0,0.0,1.606606,0.005444527,-2.610411,-0.1155828,0.1086236,0.657567,-0.8922051,0.1967045,0.4065429,0.08069413,0.955114,-0.2850362,-0.4443627,-0.2215052,-0.8680305,static,27.19676,9.275904,-9.969235,9.379991,26.427466643287737,14.840661148027593,37.16614075262044,36.804059680639355,143.26993954047464
3869,3869,05/15/2023 13:24:28.204469,4098,True,True,True,True,Eyes,1.846644,0.09158385,-2.059212,-0.4380856,-0.1447975,-0.8871949,0.0,0.0,0.0,0.0,0.0,0.0,0.0,2.23296,-0.8005317,-0.980979,1.659166,0.08534549,-1.956825,0.07579896,0.9651332,-0.1345328,-0.2113606,13.15831,206.0993,12.04386,0.6747657,0.03272524,-0.7373044,0.0,0.0,0.0,1.606606,0.005444527,-2.610411,-0.1160601,0.1083282,0.6545743,-0.8991626,0.2031821,0.3875874,0.08944233,0.9523109,-0.291726,-0.4283772,-0.2276423,-0.8744554,static,26.27957,9.269413,-10.05441,9.396945,25.53901484933652,14.805638109999496,36.33420381749714,36.002025688334854,144.09580511983026
3870,3870,05/15/2023 13:24:28.214572,4099,True,True,True,True,Eyes,1.837973,0.09143472,-2.055114,-0.4236356,-0.1455805,-0.8940576,0.0,0.0,0.0,0.0,0.0,0.0,0.0,2.1947,-0.818866,-1.025983,1.647831,0.0878595,-1.953668,0.08051711,0.966921,-0.1333834,-0.201965,13.02753,205.0199,12.42267,0.6740195,0.03276216,-0.7379851,0.0,0.0,0.0,1.606606,0.005444527,-2.610411,-0.1161694,0.1079243,0.6516032,-0.9054543,0.2095849,0.3690891,0.1018298,0.9514517,-0.2904657,-0.4120477,-0.2254191,-0.882838,static,25.35322,9.248377,-10.10863,9.404461,24.641295200445736,14.756293981187394,35.4621934972663,35.159627667185255,144.95982951135787
3871,3871,05/15/2023 13:24:28.234691,4100,True,True,True,True,Eyes,1.829202,0.09131278,-2.051009,-0.4092599,-0.1466314,-0.9005586,0.0,0.0,0.0,0.0,0.0,0.0,0.0,2.161866,-0.8266287,-1.063167,1.636469,0.08851942,-1.949726,0.08183566,0.9683991,-0.1340722,-0.1937293,13.17717,204.0729,12.48227,0.6732477,0.0328006,-0.7386876,0.0,0.0,0.0,1.606606,0.005444527,-2.610411,-0.1167755,0.1077837,0.6487226,-0.9115442,0.2104466,0.3532706,0.1065517,0.9506552,-0.2913787,-0.3971582,-0.2279628,-0.8889876,static,24.43948,9.247899,-10.20444,9.433387,23.75634861251862,14.727180816466364,34.64441655973649,34.37090944614984,145.77188733998042
3872,3872,05/15/2023 13:24:28.254305,4101,True,True,True,True,Eyes,1.820361,0.09125228,-2.046958,-0.3951395,-0.1473965,-0.9067189,0.0,0.0,0.0,0.0,0.0,0.0,0.0,2.138271,-0.829524,-1.083317,1.625203,0.08915232,-1.945419,0.07955062,0.9691026,-0.1380475,-0.1882953,13.7453,203.4736,12.25432,0.6724497,0.0328415,-0.7394122,0.0,0.0,0.0,1.606606,0.005444527,-2.610411,-0.1177516,0.1097177,0.6455766,-0.9164334,0.2061728,0.3429913,0.102198,0.9492292,-0.2975223,-0.3869183,-0.2376063,-0.8909758,static,23.54712,9.233253,-10.33698,9.645432,22.89172165016167,14.68506794917646,33.886606857843425,33.60869744360362,146.5289623733706
3873,3873,05/15/2023 13:24:28.264781,4102,True,True,True,True,Eyes,1.811472,0.0912037,-2.042953,-0.3811933,-0.1478223,-0.9126008,0.0,0.0,0.0,0.0,0.0,0.0,0.0,2.118254,-0.8342203,-1.09741,1.614249,0.0906028,-1.942478,0.07969221,0.9695446,-0.1393206,-0.1849925,13.9261,203.1075,12.2582,0.6716256,0.03288689,-0.7401589,0.0,0.0,0.0,1.606606,0.005444527,-2.610411,-0.1180959,0.1066455,0.6428014,-0.918854,0.2060769,0.3365115,0.1029838,0.9484779,-0.29964,-0.3809226,-0.2406702,-0.8927354,static,22.67029,9.200811,-10.41032,9.419986,22.041649806702413,14.626271436493544,33.081336062086805,32.86694011284546,147.31872138967992
3874,3874,05/15/2023 13:24:28.284414,4103,True,True,True,True,Eyes,1.588413,0.08966491,-1.943651,-0.006970453,-0.1442215,-0.9895208,0.66123,1.583804,-0.005698711,-2.597952,-0.6699742,-0.02552962,0.7419453,-0.2187513,0.09824067,0.6210655,1.604149,0.09077691,-1.939542,0.08030798,0.970724,-0.1352758,-0.1815105,13.50189,202.6285,12.17212,0.6707746,0.03293684,-0.7409282,0.0,0.0,0.0,1.606606,0.005444527,-2.610411,-0.1186732,0.09838817,0.6407303,-0.9212092,0.2050217,0.3306656,0.1068058,0.9505022,-0.2917844,-0.3741206,-0.2334775,-0.8975088,static,0.4036003,8.292406,-10.49316,8.729939,0.4521652674127733,13.051577287506715,10.905540800975672,11.767612446775619,169.2175859183421
3875,3875,05/15/2023 13:24:28.304623,4104,True,True,True,True,Eyes,1.588015,0.08965304,-1.943558,-0.006407333,-0.1443666,-0.9895035,0.6586438,1.583795,-0.005433157,-2.595289,-0.3947197,0.2249874,0.8908294,-0.2207835,0.1018038,0.6199604,1.59453,0.09035139,-1.936373,0.08015265,0.9714748,-0.1369297,-0.1762462,13.7564,202.0335,12.12374,0.6651246,0.03336435,-0.7459853,-0.6691765,-0.004616395,0.2979062,1.606606,0.005444527,-2.610411,-0.1207212,0.09897592,0.6379826,-0.9250259,0.2039992,0.3204869,0.1074659,0.9496516,-0.2943008,-0.364388,-0.2377944,-0.9003752,static,0.3710022,8.300775,-10.71501,8.818504,0.42082306754424,13.058630013664295,11.098094873264952,11.915764630100933,169.02956434987667
3876,3876,05/15/2023 13:24:28.314844,4105,True,True,True,True,Eyes,1.587255,0.08964309,-1.943374,-0.004988551,-0.1444288,-0.9895026,0.6583568,1.583971,-0.005442604,-2.59482,-0.2416657,0.3436552,0.9074683,-0.2217038,0.1050812,0.6210127,1.584475,0.09007445,-1.933966,0.08203341,0.9724199,-0.1380175,-0.1691787,13.92581,201.2427,12.2681,0.6605173,0.03370743,-0.7500524,-0.6290259,-0.004339411,0.2800318,1.606606,0.005444527,-2.610411,-0.1232551,0.0984603,0.6347185,-0.9292985,0.2062411,0.3063814,0.1128426,0.9484434,-0.2961786,-0.3516696,-0.2406654,-0.9046597,static,0.2888527,8.304309,-10.98942,8.817692,0.3413597715403909,13.059463877089424,11.28995116022449,12.098727159846844,168.83985916844
3877,3877,05/15/2023 13:24:28.334595,4106,True,True,True,True,Eyes,1.586116,0.08965873,-1.943112,-0.002918625,-0.1446593,-0.9894773,0.6587004,1.584194,-0.005628377,-2.594881,-0.0849927,0.4508712,0.8885333,-0.2215151,0.1086935,0.6235139,1.574244,0.09018928,-1.931275,0.08454507,0.973412,-0.1394621,-0.1608467,14.14109,200.3189,12.47443,0.6567454,0.03398417,-0.753345,-0.5912843,-0.004079046,0.2632299,1.606606,0.005444527,-2.610411,-0.1251045,0.09313173,0.6326137,-0.933961,0.2094584,0.2895586,0.1197303,0.9468049,-0.2987057,-0.336722,-0.2443105,-0.9093574,static,0.1690028,8.317583,-11.18637,8.374779,0.2256502163083547,13.06851329546107,11.35551684466171,12.339584557586127,168.76258487146364
3878,3878,05/15/2023 13:24:28.354444,4107,True,True,True,True,Eyes,1.584635,0.08967964,-1.942799,-0.0002428412,-0.1445235,-0.9895014,0.65983,1.584475,-0.005681299,-2.595701,0.07781026,0.5688447,0.8187559,-0.2209321,0.1116272,0.6267993,1.563881,0.09085213,-1.929063,0.0860921,0.9745191,-0.140759,-0.1519459,14.36996,199.3132,12.55479,0.6536412,0.03420962,-0.75603,-0.5558073,-0.003834303,0.2474361,1.606606,0.005444527,-2.610411,-0.1260862,0.09272374,0.6303504,-0.9390011,0.2105723,0.2719119,0.1250213,0.9455501,-0.3005074,-0.3203849,-0.2481821,-0.9141986,static,0.0140614,8.309689,-11.31135,8.368124,0.0753782146484603,13.056038238339706,11.325562150660554,12.313980645603573,168.791964363008
3879,3879,05/15/2023 13:24:28.364544,4108,True,True,True,True,Eyes,1.582825,0.08969849,-1.942427,0.002960968,-0.1444159,-0.9895126,0.6618676,1.584784,-0.005885713,-2.597353,0.2438199,0.6779222,0.6935223,-0.2215148,0.1114792,0.6308076,1.553412,0.09096724,-1.927241,0.08587518,0.9759674,-0.1396002,-0.1436128,14.34885,198.3064,12.3808,0.6510694,0.03439483,-0.7582374,-0.5224589,-0.003604245,0.2325899,1.606606,0.005444527,-2.610411,-0.1274984,0.09200241,0.6279272,-0.9440015,0.2077195,0.2563466,0.127526,0.9462745,-0.2971561,-0.3042994,-0.247825,-0.9197742,static,-0.1714485,8.303494,-11.47767,8.335532,-0.1044522579780251,13.044243944954228,11.306266892325965,12.309429312035471,168.81001658565944
3880,3880,05/15/2023 13:24:28.384253,4109,True,True,True,True,Eyes,1.580752,0.0897188,-1.942028,0.006660414,-0.1440316,-0.9895507,0.6625655,1.585165,-0.005711578,-2.59767,0.2691826,0.6895022,0.6724042,-0.2215804,0.1127725,0.6334197,1.543548,0.09097861,-1.925394,0.08288622,0.9772872,-0.1400708,-0.1357201,14.55327,197.341,11.92662,0.6489207,0.03454831,-0.7600702,-0.4911113,-0.00338799,0.2186345,1.606606,0.005444527,-2.610411,-0.1287442,0.09026462,0.6260964,-0.94942,0.2000281,0.2420552,0.1239864,0.9470202,-0.2962773,-0.2884949,-0.25128,-0.9239205,static,-0.3856375,8.281392,-11.61976,8.203834,-0.3124914697498364,13.01620236740218,11.234390218804501,12.288743260348422,168.8773103750967
3881,3881,05/15/2023 13:24:28.404756,4110,True,True,True,True,Eyes,1.578375,0.0897532,-1.941596,0.0108628,-0.1436574,-0.9895679,0.0,0.0,0.0,0.0,0.0,0.0,0.0,1.883422,-0.840876,-1.344843,1.533915,0.09126815,-1.923988,0.08063842,0.9785607,-0.1401015,-0.1276239,14.69141,196.3543,11.54413,0.6471073,0.03467685,-0.7616088,-0.4616446,-0.003184711,0.2055164,1.606606,0.005444527,-2.610411,-0.1303178,0.09008378,0.6241523,-0.9544192,0.1935798,0.2271803,0.1220586,0.9477381,-0.2947784,-0.2723706,-0.2536129,-0.9281673,static,-0.6289288,8.260032,-11.79346,8.212775,-0.5486952724312488,12.987964159630447,11.164631213785004,12.216675705306514,168.94646208283095
3882,3882,05/15/2023 13:24:28.414503,4111,True,True,True,True,Eyes,1.575717,0.0898059,-1.94114,0.01548027,-0.1431722,-0.9895767,0.0,0.0,0.0,0.0,0.0,0.0,0.0,1.852612,-0.8342172,-1.378435,1.524104,0.0916625,-1.922726,0.07850451,0.9797599,-0.1400834,-0.1195169,14.8169,195.3671,11.17222,0.645449,0.03479455,-0.7630093,-0.433946,-0.002993628,0.1931854,1.606606,0.005444527,-2.610411,-0.1324837,0.08798889,0.6222762,-0.9591056,0.1873158,0.2122014,0.1203465,0.9484274,-0.2932614,-0.2561901,-0.2557309,-0.9321848,static,-0.8962233,8.232443,-12.01892,8.048181,-0.808315413830436,12.952963186597456,11.124222865658295,12.236606698158186,168.98153528958562
3883,3883,05/15/2023 13:24:28.434547,4112,True,True,True,True,Eyes,1.572781,0.08988757,-1.940679,0.02043254,-0.1427553,-0.9895471,0.0,0.0,0.0,0.0,0.0,0.0,0.0,1.822971,-0.8299033,-1.407971,1.514338,0.09216931,-1.921622,0.07650472,0.9807189,-0.1406147,-0.1120932,14.99032,194.4706,10.83494,0.6438997,0.03490539,-0.7643123,-0.4079092,-0.00281401,0.1815943,1.606606,0.005444527,-2.610411,-0.1351738,0.08699052,0.6206665,-0.9631643,0.1815832,0.1983485,0.1185353,0.9487491,-0.2929584,-0.2413793,-0.2586557,-0.9353253,static,-1.182897,8.209039,-12.28648,7.978412,-1.086589687126351,12.9213924754246,11.105977861089853,12.242164800427652,168.99728565253503
3884,3884,05/15/2023 13:24:28.454461,4113,True,True,True,True,Eyes,1.569551,0.08997026,-1.940191,0.02569065,-0.1423164,-0.9894878,0.0,0.0,0.0,0.0,0.0,0.0,0.0,1.794169,-0.8298582,-1.433505,1.504611,0.09296811,-1.920976,0.07575019,0.9814326,-0.1411022,-0.1055563,15.1278,193.6963,10.6543,0.6424418,0.0350115,-0.7655333,-0.3834346,-0.00264517,0.1706987,1.606606,0.005444527,-2.610411,-0.1379666,0.08626129,0.6188102,-0.9662396,0.1784759,0.1858158,0.1188989,0.9487042,-0.2929565,-0.2285698,-0.2609728,-0.937896,static,-1.48727,8.184626,-12.56879,7.935814,-1.382032789341895,12.888293228917988,11.08431292059837,12.23399310949108,169.01716358026925
3885,3885,05/15/2023 13:24:28.464813,4114,True,True,True,True,Eyes,1.566087,0.09004575,-1.939687,0.03119842,-0.1420819,-0.9893631,0.0,0.0,0.0,0.0,0.0,0.0,0.0,1.766736,-0.8223636,-1.460389,1.495112,0.09293589,-1.919994,0.07403551,0.9823304,-0.1405304,-0.09897958,15.15543,192.8869,10.34166,0.6410598,0.03511373,-0.7666863,-0.3604285,-0.00248646,0.1604567,1.606606,0.005444527,-2.610411,-0.1402946,0.08473116,0.6176045,-0.9694437,0.1732739,0.1736528,0.1176354,0.9495399,-0.2907505,-0.2152698,-0.2614385,-0.9409086,static,-1.806158,8.172343,-12.79808,7.811826,-1.6912025170353977,12.866442568404498,10.99783259380561,12.202945385241032,169.09880205287448
3886,3886,05/15/2023 13:24:28.484921,4115,True,True,True,True,Eyes,1.562406,0.09013337,-1.939199,0.03668384,-0.1422814,-0.9891462,0.0,0.0,0.0,0.0,0.0,0.0,0.0,1.739842,-0.8258908,-1.479942,1.485901,0.09290104,-1.919072,0.07252464,0.9826575,-0.1430804,-0.09301868,15.52779,192.1971,10.11124,0.6397411,0.03521241,-0.7677825,-0.3388028,-0.002337272,0.1508293,1.606606,0.005444527,-2.610411,-0.1429748,0.08600654,0.6160451,-0.9721754,0.169152,0.1620573,0.1159155,0.9485364,-0.2946902,-0.2035647,-0.2677056,-0.9417512,static,-2.123919,8.185432,-13.06617,7.947737,-1.9985888978359243,12.869107629213758,10.944832381540888,12.112441550862782,169.15483742192166
3887,3887,05/15/2023 13:24:28.504808,4116,True,True,True,True,Eyes,1.558507,0.09022263,-1.938723,0.04247514,-0.1424621,-0.9888884,0.0,0.0,0.0,0.0,0.0,0.0,0.0,1.709983,-0.8290055,-1.50315,1.476507,0.09335306,-1.918844,0.07250165,0.9831333,-0.1438397,-0.08661927,15.68016,191.453,10.01754,0.6384736,0.03530858,-0.7688324,-0.3184747,-0.002197036,0.1417796,1.606606,0.005444527,-2.610411,-0.1444263,0.08144866,0.6154901,-0.9744815,0.1674761,0.1494593,0.117639,0.9481072,-0.2953873,-0.1911738,-0.2702672,-0.9436147,static,-2.45948,8.197791,-13.20569,7.538231,-2.323234024767918,12.87051019249684,10.766431570288274,12.118624073697442,169.31892643171554
3888,3888,05/15/2023 13:24:28.515149,4117,True,True,True,True,Eyes,1.554399,0.09029708,-1.938264,0.04820917,-0.1429624,-0.9885533,0.0,0.0,0.0,0.0,0.0,0.0,0.0,1.680085,-0.8273454,-1.528263,1.467276,0.09348735,-1.918627,0.07226159,0.983763,-0.1434653,-0.08004121,15.70615,190.6687,9.877831,0.6372464,0.03540279,-0.7698457,-0.2993662,-0.002065214,0.1332728,1.606606,0.005444527,-2.610411,-0.1468939,0.07930123,0.6147252,-0.9767436,0.1651428,0.1367491,0.1192103,0.948392,-0.2938394,-0.1782172,-0.2707038,-0.9460226,static,-2.791954,8.228939,-13.43931,7.350715,-2.6443771092759256,12.890138274910948,10.683513803281764,12.133251268059256,169.3948359997414
3889,3889,05/15/2023 13:24:28.534452,4118,True,True,True,True,Eyes,1.550089,0.09034457,-1.937837,0.05418592,-0.1434527,-0.9881727,0.0,0.0,0.0,0.0,0.0,0.0,0.0,1.650231,-0.8281852,-1.550864,1.457726,0.09327452,-1.918506,0.07190364,0.9841959,-0.1440673,-0.07370763,15.84174,189.9245,9.741222,0.6360502,0.03549479,-0.77083,-0.2814042,-0.001941301,0.1252764,1.606606,0.005444527,-2.610411,-0.1486094,0.07565946,0.6138819,-0.9787943,0.1627723,0.1243676,0.1202968,0.948149,-0.2941806,-0.1658034,-0.2729812,-0.9476237,static,-3.138641,8.25991,-13.60844,7.026134,-2.979289943284584,12.909149903224453,10.542243324766176,12.148609263852597,169.52496323065552
3890,3890,05/15/2023 13:24:28.554637,4119,True,True,True,True,Eyes,1.545603,0.09036185,-1.937434,0.06002222,-0.1441499,-0.9877338,0.0,0.0,0.0,0.0,0.0,0.0,0.0,1.621979,-0.8265669,-1.573026,1.448463,0.09268527,-1.918803,0.07153702,0.9846537,-0.1440417,-0.0677623,15.90048,189.2175,9.600698,0.6348757,0.03558394,-0.7717937,-0.2645199,-0.001824823,0.1177599,1.606606,0.005444527,-2.610411,-0.1498524,0.06908205,0.6133996,-0.9805815,0.1603995,0.1128362,0.1213572,0.9482689,-0.2933574,-0.1540534,-0.2739674,-0.9493207,static,-3.477452,8.303132,-13.72836,6.425667,-3.306240998901077,12.9402289754836,10.421419752158965,12.290650194578156,169.62867882598223
3891,3891,05/15/2023 13:24:28.564556,4120,True,True,True,True,Eyes,1.540928,0.09035268,-1.937075,0.0660791,-0.1448738,-0.9872411,0.0,0.0,0.0,0.0,0.0,0.0,0.0,1.593701,-0.827079,-1.593,1.439077,0.09208331,-1.918898,0.07127712,0.9849707,-0.1445889,-0.06202197,16.02103,188.5436,9.482464,0.6337157,0.03566944,-0.7727425,-0.2486487,-0.001715333,0.1106943,1.606606,0.005444527,-2.610411,-0.1504143,0.06810587,0.6129704,-0.982146,0.1583471,0.1015679,0.1224764,0.9480273,-0.2936732,-0.1427914,-0.2759902,-0.9504949,static,-3.829272,8.348348,-13.78715,6.340011,-3.6457365595246114,12.9728240543781,10.15838332454791,12.11785771433975,169.8866096752917
3892,3892,05/15/2023 13:24:28.584503,4121,True,True,True,True,Eyes,1.536061,0.09031231,-1.936755,0.07202971,-0.1457436,-0.9866968,0.0,0.0,0.0,0.0,0.0,0.0,0.0,1.564251,-0.829324,-1.613266,1.42975,0.09145306,-1.919568,0.07184546,0.9852325,-0.1448891,-0.05623507,16.10618,187.8746,9.457391,0.6325635,0.03575068,-0.7736822,-0.2337298,-0.001612413,0.1040526,1.606606,0.005444527,-2.610411,-0.1520561,0.06637534,0.6118635,-0.9833515,0.1578646,0.08999,0.1252733,0.9476907,-0.2935793,-0.1316285,-0.2774183,-0.9516893,static,-4.175234,8.402326,-13.95603,6.191272,-3.9793198651233688,13.014056908941578,10.027598425571899,12.08656853821758,170.01176704970692
3893,3893,05/15/2023 13:24:28.604152,4122,True,True,True,True,Eyes,1.531003,0.09024439,-1.936491,0.07812877,-0.1466443,-0.9860991,0.0,0.0,0.0,0.0,0.0,0.0,0.0,1.535377,-0.829134,-1.632998,1.42001,0.09071438,-1.920122,0.0720398,0.9855208,-0.1448931,-0.05064902,16.15834,187.2196,9.387714,0.6314117,0.03582704,-0.774619,-0.219706,-0.001515668,0.09780946,1.606606,0.005444527,-2.610411,-0.1546319,0.06454223,0.6110491,-0.9844902,0.1566708,0.07895517,0.127316,0.9476325,-0.2928878,-0.1207074,-0.2782928,-0.9528816,static,-4.53009,8.458549,-14.20112,6.029526,-4.321455560083771,13.057176982780511,9.971407824145443,12.12417616917212,170.06262437294
3894,3894,05/15/2023 13:24:28.615056,4123,True,True,True,True,Eyes,1.525783,0.09014014,-1.936289,0.08409838,-0.1476456,-0.9854584,0.0,0.0,0.0,0.0,0.0,0.0,0.0,1.508582,-0.8307309,-1.649883,1.410288,0.09000377,-1.921205,0.07207917,0.9856645,-0.1455351,-0.0457143,16.27856,186.6462,9.31649,0.6302546,0.03589794,-0.7755574,-0.2065237,-0.001424728,0.09194089,1.606606,0.005444527,-2.610411,-0.1577014,0.06428418,0.6098664,-0.9854299,0.1553978,0.06913782,0.1287857,0.9472483,-0.2934877,-0.111098,-0.2803075,-0.9534597,static,-4.877767,8.52092,-14.49817,6.017156,-4.656470927627745,13.106454115290784,9.940874611929525,12.129187458300674,170.09095100484885
3895,3895,05/15/2023 13:24:28.644446,4124,True,True,True,True,Eyes,1.520392,0.09000105,-1.936152,0.09018168,-0.148628,-0.9847726,0.0,0.0,0.0,0.0,0.0,0.0,0.0,1.482979,-0.8279255,-1.667256,1.400274,0.08914699,-1.922424,0.07204156,0.9859412,-0.1450486,-0.04112051,16.26582,186.0984,9.230529,0.6290871,0.03596256,-0.7765018,-0.1941322,-0.001339245,0.08642443,1.606606,0.005444527,-2.610411,-0.1606982,0.06307364,0.6087711,-0.9862382,0.1539864,0.06018576,0.1301285,0.9475418,-0.2919436,-0.1019839,-0.280094,-0.95454,static,-5.232333,8.582661,-14.78715,5.915203,-4.9981752931214825,13.15490737014035,9.92017439792532,12.175275979579956,170.1078327160793
3896,3896,05/15/2023 13:24:28.654562,4125,True,True,True,True,Eyes,1.514828,0.08982215,-1.936074,0.09626199,-0.1497973,-0.9840195,0.0,0.0,0.0,0.0,0.0,0.0,0.0,1.458947,-0.8253604,-1.683186,1.390677,0.08818218,-1.923824,0.07099453,0.9861342,-0.1454526,-0.0366452,16.3598,185.5577,9.035054,0.6279039,0.03602019,-0.7774562,-0.1824843,-0.00125889,0.08123897,1.606606,0.005444527,-2.610411,-0.1637772,0.06295176,0.6078687,-0.9872342,0.1506805,0.05162149,0.12936,0.9476067,-0.2920748,-0.09292684,-0.2816683,-0.9550017,static,-5.587199,8.655685,-15.07906,5.912557,-5.3398625214020905,13.214237713002111,9.880292327036939,12.172366604804298,170.14557866967343
3897,3897,05/15/2023 13:24:28.664101,4126,True,True,True,True,Eyes,1.509096,0.0896062,-1.936077,0.1024283,-0.1509702,-0.9832174,0.0,0.0,0.0,0.0,0.0,0.0,0.0,1.43306,-0.825144,-1.698765,1.38077,0.08711734,-1.925152,0.06987193,0.986213,-0.1465938,-0.03181923,16.54085,184.9819,8.829719,0.6267014,0.03606998,-0.7784235,-0.1715352,-0.001183357,0.07636463,1.606606,0.005444527,-2.610411,-0.1674933,0.06347734,0.60657,-0.9882112,0.1471462,0.04227549,0.1284882,0.9472564,-0.2935919,-0.08324665,-0.2846988,-0.9549958,static,-5.94743,8.729424,-15.43653,5.974237,-5.686726115854136,13.274089700243298,9.8809956084885,12.179758832774775,170.14402068926177
3898,3898,05/15/2023 13:24:28.684263,4127,True,True,True,True,Eyes,1.503204,0.08934324,-1.936165,0.1085154,-0.1522396,-0.9823683,0.0,0.0,0.0,0.0,0.0,0.0,0.0,1.409502,-0.8237757,-1.713246,1.370892,0.08603001,-1.927113,0.06861263,0.9862967,-0.1474761,-0.02760842,16.68571,184.4725,8.615058,0.6254742,0.03611128,-0.779408,-0.1612431,-0.001112355,0.07178275,1.606606,0.005444527,-2.610411,-0.1710932,0.06278824,0.605424,-0.9890605,0.143488,0.03422274,0.1272016,0.9470862,-0.2946989,-0.07469761,-0.2871218,-0.9549774,static,-6.303514,8.809169,-15.78033,5.920951,-6.029409668697274,13.339866662473815,9.907161284312474,12.252377602502795,170.11511064544607
3899,3899,05/15/2023 13:24:28.704372,4128,True,True,True,True,Eyes,1.497148,0.08903281,-1.936327,0.114618,-0.1534965,-0.9814793,0.0,0.0,0.0,0.0,0.0,0.0,0.0,1.387115,-0.8243257,-1.725705,1.361047,0.08482814,-1.929252,0.0685809,0.9863136,-0.1479922,-0.02409374,16.77587,184.0623,8.554286,0.6242187,0.03614303,-0.7804124,-0.1515685,-0.001045614,0.06747579,1.606606,0.005444527,-2.610411,-0.1747188,0.06338045,0.6044939,-0.9894323,0.1424159,0.0272291,0.1281532,0.9467899,-0.2952381,-0.06782684,-0.2886286,-0.9550356,static,-6.660878,8.888658,-16.12105,5.985524,-6.373339849368589,13.405356484301452,9.895607171444306,12.250378250316098,170.12573114767687
3900,3900,05/15/2023 13:24:28.714724,4129,True,True,True,True,Eyes,1.490942,0.08869085,-1.936554,0.1206353,-0.1548308,-0.9805481,0.0,0.0,0.0,0.0,0.0,0.0,0.0,1.363797,-0.8258052,-1.737754,1.350965,0.08338612,-1.931223,0.06958272,0.9863055,-0.1480934,-0.02069242,16.81312,183.6792,8.614846,0.6229318,0.03616429,-0.7814391,-0.1424744,-0.0009828771,0.06342724,1.606606,0.005444527,-2.610411,-0.1788335,0.06445406,0.6033173,-0.9894604,0.1433885,0.0202086,0.1311308,0.9464532,-0.2950104,-0.06142757,-0.2892511,-0.9552805,static,-7.013767,8.973051,-16.51072,6.097939,-6.7128023796785765,13.475718292414244,9.922619880694462,12.265024132963678,170.09873017110905
3901,3901,05/15/2023 13:24:28.734484,4130,True,True,True,True,Eyes,1.484588,0.08831058,-1.936876,0.1267059,-0.1561863,-0.9795669,0.0,0.0,0.0,0.0,0.0,0.0,0.0,1.33876,-0.8285309,-1.749995,1.340972,0.08223158,-1.93294,0.07054348,0.9862459,-0.148522,-0.01685252,16.89273,183.247,8.664768,0.6216106,0.03617486,-0.7824901,-0.1339259,-0.0009239045,0.05962161,1.606606,0.005444527,-2.610411,-0.1831473,0.06521653,0.6022235,-0.9894791,0.1441523,0.01228693,0.1341405,0.9459297,-0.2953361,-0.05419597,-0.2905807,-0.9553143,static,-7.370221,9.059225,-16.91548,6.18064,-7.05566895365453,13.54768672598606,9.969865644997729,12.308096982576066,170.05104980241785
3902,3902,05/15/2023 13:24:28.755367,4131,True,True,True,True,Eyes,1.478111,0.08788389,-1.937278,0.132849,-0.1576214,-0.9785227,0.0,0.0,0.0,0.0,0.0,0.0,0.0,1.313494,-0.8318692,-1.762751,1.330984,0.08094825,-1.935586,0.07156003,0.9861495,-0.149062,-0.01299885,16.98578,182.8152,8.721251,0.6202522,0.03617421,-0.7835673,-0.1258904,-0.0008684702,0.05604431,1.606606,0.005444527,-2.610411,-0.1872913,0.06704003,0.6013529,-0.9894204,0.145013,0.004303849,0.1372625,0.9453194,-0.2958552,-0.04697137,-0.2921344,-0.9552231,static,-7.731483,9.150656,-17.2992,6.361184,-7.403048596573743,13.62457665561194,9.966060537186845,12.275613445735937,170.0558709660898
3903,3903,05/15/2023 13:24:28.764433,4132,True,True,True,True,Eyes,1.471479,0.08742346,-1.937783,0.1389783,-0.1590791,-0.9774348,0.0,0.0,0.0,0.0,0.0,0.0,0.0,1.288813,-0.8340431,-1.774512,1.320555,0.07954808,-1.937877,0.07285707,0.9860741,-0.149197,-0.009498384,17.02892,182.4259,8.814593,0.618855,0.03616153,-0.7846718,-0.118337,-0.000816362,0.05268165,1.606606,0.005444527,-2.610411,-0.1916418,0.06871708,0.6003998,-0.9892035,0.1465192,-0.003007885,0.1408506,0.9448642,-0.2956226,-0.04047232,-0.2928544,-0.9553002,static,-8.092455,9.243931,-17.70258,6.529218,-7.750097097415209,13.70325487722764,9.98619893593123,12.268607135370532,170.03670747328835
3904,3904,05/15/2023 13:24:28.784270,4133,True,True,True,True,Eyes,1.464731,0.08692025,-1.938372,0.1452366,-0.1605026,-0.9762915,0.0,0.0,0.0,0.0,0.0,0.0,0.0,1.264937,-0.8386875,-1.784981,1.310165,0.07829541,-1.940864,0.0746982,0.985903,-0.1495814,-0.006416359,17.0968,182.0985,8.981084,0.6174161,0.03613661,-0.7858058,-0.1112368,-0.0007673802,0.04952075,1.606606,0.005444527,-2.610411,-0.1959984,0.07007825,0.5996774,-0.9887581,0.1492099,-0.009695112,0.1453708,0.9440911,-0.2959041,-0.03499874,-0.2939869,-0.9551687,static,-8.461472,9.335934,-18.09945,6.665348,-8.104971659190047,13.780453533758394,10.001132411476213,12.268427937655199,170.02212784889488
3905,3905,05/15/2023 13:24:28.804188,4134,True,True,True,True,Eyes,1.457838,0.0863858,-1.939077,0.1514321,-0.1618711,-0.9751236,0.0,0.0,0.0,0.0,0.0,0.0,0.0,1.242327,-0.8360929,-1.797077,1.299562,0.07688883,-1.943486,0.07587008,0.9859824,-0.1485628,-0.003431304,17.00409,181.7563,9.062902,0.615934,0.03609887,-0.7869697,-0.1045625,-0.0007213374,0.04654951,1.606606,0.005444527,-2.610411,-0.2005331,0.07249244,0.5990457,-0.9884642,0.1506326,-0.01577654,0.1485936,0.9443457,-0.2934813,-0.02930936,-0.29244,-0.9558349,static,-8.827251,9.425185,-18.50819,6.899995,-8.456785346825223,13.855098433845882,10.004857043347545,12.223101049952843,170.0209365074332
3906,3906,05/15/2023 13:24:28.824163,4135,True,True,True,True,Eyes,1.450825,0.085816,-1.939897,0.1578622,-0.1630859,-0.9739007,0.0,0.0,0.0,0.0,0.0,0.0,0.0,1.222067,-0.8354084,-1.807496,1.289164,0.07560584,-1.946981,0.0766126,0.9859715,-0.1482901,-0.0009694386,16.99397,181.476,9.106734,0.614406,0.03604823,-0.7881656,-0.09828879,-0.0006780571,0.04375654,1.606606,0.005444527,-2.610411,-0.2052681,0.07472094,0.5984582,-0.9882593,0.1513632,-0.0208101,0.1507881,0.9442811,-0.2925681,-0.02463345,-0.292271,-0.9560184,static,-9.207148,9.506341,-18.93171,7.116878,-8.822492697194365,13.921490111514071,10.013822423041711,12.186017416018608,170.01446454523946
3907,3907,05/15/2023 13:24:28.834210,4136,True,True,True,True,Eyes,1.443681,0.08520887,-1.940843,0.1642388,-0.1642375,-0.9726518,0.0,0.0,0.0,0.0,0.0,0.0,0.0,1.201316,-0.828288,-1.820994,1.278671,0.07421824,-1.950572,0.07752127,0.9862109,-0.1462046,0.001677055,16.77638,181.1586,9.15986,0.6128303,0.0359844,-0.7893942,-0.09239146,-0.0006373737,0.04113115,1.606606,0.005444527,-2.610411,-0.2100398,0.07635036,0.5980784,-0.9879757,0.1524142,-0.02597579,0.153395,0.9452294,-0.2881171,-0.01936007,-0.2886371,-0.9572431,static,-9.584368,9.584296,-19.35082,7.274998,-9.185694731325135,13.984877220243082,10.03575816374169,12.17999387840988,169.99390504583937
3908,3908,05/15/2023 13:24:28.854551,4137,True,True,True,True,Eyes,1.436436,0.08457195,-1.941899,0.1708681,-0.1654976,-0.9712954,0.0,0.0,0.0,0.0,0.0,0.0,0.0,1.179938,-0.8268867,-1.832591,1.268359,0.07271336,-1.954574,0.07859598,0.9862097,-0.145583,0.004356089,16.72841,180.8551,9.238843,0.6112053,0.03590709,-0.7906566,0.0,0.0,0.0,1.606606,0.005444527,-2.610411,-0.214171,0.079187,0.5980703,-0.9876077,0.1537559,-0.0314765,0.1562926,0.9452565,-0.2864659,-0.01429244,-0.2878354,-0.9575735,static,-9.97726,9.669679,-19.70262,7.54233,-9.5638721357283,14.054939871898783,9.9553121948737,12.050240478879559,170.07806596249196
3909,3909,05/15/2023 13:24:28.864478,4138,True,True,True,True,Eyes,1.429076,0.08393795,-1.943085,0.1774563,-0.1668528,-0.9698812,0.0,0.0,0.0,0.0,0.0,0.0,0.0,1.156098,-0.8301449,-1.843057,1.257986,0.07145928,-1.958297,0.07978577,0.9860153,-0.1461232,0.00750467,16.81946,180.5098,9.327666,0.6095295,0.03581626,-0.7919533,0.0,0.0,0.0,1.606606,0.005444527,-2.610411,-0.217731,0.08158803,0.5983004,-0.987156,0.1551467,-0.03811654,0.1595332,0.9445645,-0.2869619,-0.008517674,-0.289357,-0.9571835,static,-10.36855,9.761286,-19.99725,7.765318,-9.940328320481765,14.131058034574874,9.8333998162906,11.9022821280523,170.20244176209553
3910,3910,05/15/2023 13:24:28.884087,4139,True,True,True,True,Eyes,1.421601,0.08329418,-1.944383,0.18442,-0.1683331,-0.968325,0.0,0.0,0.0,0.0,0.0,0.0,0.0,1.131862,-0.8376634,-1.852378,1.247804,0.07093297,-1.962663,0.08112338,0.985673,-0.1474948,0.01063493,17.00702,180.1777,9.436531,0.6078019,0.03571329,-0.7932845,0.0,0.0,0.0,1.606606,0.005444527,-2.610411,-0.220468,0.08428977,0.5983627,-0.9866119,0.156785,-0.0448957,0.1630594,0.9433286,-0.2890379,-0.002965423,-0.2924888,-0.9562644,static,-10.783,9.861712,-20.22643,8.018344,-10.338973878217644,14.214959058212614,9.621661797648263,11.6687542925472,170.4169539209807
3911,3911,05/15/2023 13:24:28.904394,4140,True,True,True,True,Eyes,1.414046,0.08269811,-1.945807,0.1913237,-0.1700739,-0.9666799,0.0,0.0,0.0,0.0,0.0,0.0,0.0,1.105724,-0.8436316,-1.862832,1.237615,0.07008326,-1.966693,0.08242866,0.9853531,-0.148598,0.01426861,17.16925,179.7828,9.53098,0.6060209,0.03559883,-0.7946512,0.0,0.0,0.0,1.606606,0.005444527,-2.610411,-0.2231994,0.08723935,0.5992789,-0.9860038,0.1582021,-0.05261669,0.1666832,0.9422483,-0.2904907,0.003621752,-0.2951953,-0.95543,static,-11.19521,9.978279,-20.42767,8.282588,-10.735009900211685,14.314504097262429,9.38688902773869,11.416289748181851,170.65469006967504
3912,3912,05/15/2023 13:24:28.924257,4141,True,True,True,True,Eyes,1.406404,0.08218939,-1.947368,0.1987379,-0.1720102,-0.9648398,0.0,0.0,0.0,0.0,0.0,0.0,0.0,1.081662,-0.860006,-1.867913,1.228086,0.07070842,-1.971169,0.08271671,0.9846533,-0.1526744,0.01750185,17.67144,179.4462,9.517738,0.6041863,0.03547587,-0.7960524,0.0,0.0,0.0,1.606606,0.005444527,-2.610411,-0.2250641,0.0920953,0.6001161,-0.9857033,0.1575504,-0.05972395,0.1682387,0.9396969,-0.2977674,0.009209041,-0.3035582,-0.9527685,static,-11.63902,10.10841,-20.55777,8.724686,-11.161279824057065,14.426145598032516,9.025452546586017,10.990935773381137,171.02473550848075
3913,3913,05/15/2023 13:24:28.934187,4142,True,True,True,True,Eyes,1.398712,0.08173183,-1.949041,0.2061927,-0.1739459,-0.9629265,0.0,0.0,0.0,0.0,0.0,0.0,0.0,1.052197,-0.8758293,-1.876459,1.218677,0.07231468,-1.97608,0.08516739,0.983996,-0.1550278,0.02156105,17.98489,179.0346,9.740761,0.6022971,0.03534871,-0.7974884,0.0,0.0,0.0,1.606606,0.005444527,-2.610411,-0.2259121,0.09600374,0.601509,-0.9845635,0.1609236,-0.06883859,0.1742939,0.9374258,-0.3014209,0.01602534,-0.3087661,-0.9510033,static,-12.0863,10.23965,-20.58495,9.0682,-11.59088011149196,14.53874831844833,8.579006173502849,10.527116987278372,171.476000417673
3914,3914,05/15/2023 13:24:28.954241,4143,True,True,True,True,Eyes,1.390935,0.08132797,-1.950768,0.2143642,-0.1762615,-0.9607185,0.0,0.0,0.0,0.0,0.0,0.0,0.0,1.023281,-0.8804357,-1.889132,1.209694,0.07310309,-1.980501,0.08615348,0.9837207,-0.1555215,0.02615959,18.08858,178.5129,9.773564,0.6003539,0.03521974,-0.798958,0.0,0.0,0.0,1.606606,0.005444527,-2.610411,-0.2261933,0.1010804,0.6035677,-0.9837867,0.1613652,-0.0782649,0.1776387,0.9367813,-0.3014719,0.02467003,-0.3104869,-0.9502578,static,-12.57831,10.39634,-20.54401,9.507186,-12.063106243291507,14.674504090345248,8.015171322293492,9.931107933023458,172.04743877997808
3915,3915,05/15/2023 13:24:28.964502,4144,True,True,True,True,Eyes,1.383135,0.08099892,-1.952585,0.2226993,-0.1787199,-0.9583653,0.0,0.0,0.0,0.0,0.0,0.0,0.0,0.9890481,-0.9032435,-1.894263,1.20097,0.07394345,-1.983558,0.08757349,0.982605,-0.1606796,0.0316312,18.74212,177.9413,9.846131,0.5983573,0.0350913,-0.80046,0.0,0.0,0.0,1.606606,0.005444527,-2.610411,-0.2246138,0.102595,0.6065077,-0.9826607,0.1619353,-0.09030448,0.1822652,0.9330259,-0.310229,0.0340194,-0.3213092,-0.9463631,moving,-13.08189,10.56342,-20.32158,9.601091,-12.54625429282369,14.819921940746344,7.303368291435194,9.36439460086813,172.74898120111314
3916,3916,05/15/2023 13:24:28.984374,4145,True,True,True,True,Eyes,1.375335,0.08070339,-1.95445,0.2314865,-0.1810558,-0.9558414,0.0,0.0,0.0,0.0,0.0,0.0,0.0,0.9494013,-0.9164368,-1.907088,1.192511,0.0754635,-1.987568,0.08938316,0.9818382,-0.1628511,0.03852337,19.067,177.1778,9.929283,0.5963093,0.03496633,-0.8019923,0.0,0.0,0.0,1.604443,0.003619081,-2.610186,-0.2214794,0.1032999,0.6110726,-0.9810533,0.1629724,-0.1047597,0.1880667,0.9309803,-0.3129001,0.04653515,-0.3266735,-0.943991,moving,-13.61382,10.72591,-19.92273,9.594957,-13.05698375005572,14.960022126734742,6.409477363741057,8.713345820219075,173.6262906079314
3917,3917,05/15/2023 13:24:29.004035,4146,True,True,True,True,Eyes,1.367496,0.08047263,-1.95639,0.2403553,-0.1834071,-0.9532005,0.0,0.0,0.0,0.0,0.0,0.0,0.0,0.9105909,-0.919279,-1.92249,1.183712,0.07605325,-1.990794,0.09034372,0.9814059,-0.1631213,0.04551678,19.17173,176.366,9.905208,0.5942126,0.03484575,-0.8035523,0.0,0.0,0.0,1.602453,0.001940173,-2.609978,-0.2191072,0.1060417,0.6144348,-0.9795324,0.1624782,-0.1188148,0.1921772,0.930459,-0.311952,0.05986692,-0.3284006,-0.9426393,moving,-14.15245,10.89129,-19.62621,9.791882,-13.574123175709078,15.102700662355918,5.583076794032481,8.051866230457613,174.4451037993596
3918,3918,05/15/2023 13:24:29.014250,4147,True,True,True,True,Eyes,1.359647,0.08029939,-1.958397,0.2495516,-0.1854146,-0.9504448,0.0,0.0,0.0,0.0,0.0,0.0,0.0,0.8744985,-0.9252349,-1.934888,1.174853,0.07740131,-1.994574,0.09169127,0.9808656,-0.1638146,0.05157833,19.31848,175.6766,9.94478,0.5920685,0.03473174,-0.8051383,0.0,0.0,0.0,1.600315,0.0001361267,-2.609756,-0.2175169,0.1022679,0.6185723,-0.977865,0.1629751,-0.1312235,0.1967722,0.9295149,-0.3119016,0.07114208,-0.3308187,-0.941009,moving,-14.71168,11.03873,-19.37389,9.387727,-14.111702379625646,15.227423691816735,4.945908712270072,7.860831762888481,175.05818672533397
3919,3919,05/15/2023 13:24:29.034348,4148,True,True,True,True,Eyes,1.351765,0.08014572,-1.960454,0.2588166,-0.1871919,-0.9476145,0.0,0.0,0.0,0.0,0.0,0.0,0.0,0.8387648,-0.9169516,-1.953239,1.166147,0.07857893,-1.998348,0.09374803,0.980875,-0.1605386,0.05764577,19.01072,174.9645,10.07536,0.5898784,0.03462592,-0.8067487,0.0,0.0,0.0,1.598112,-0.001723158,-2.609526,-0.2171153,0.102375,0.6223594,-0.9757765,0.1654014,-0.1431869,0.2024189,0.9308773,-0.3041282,0.08298621,-0.3257449,-0.9418086,moving,-15.2763,11.17435,-19.23176,9.341216,-14.654823982176657,15.3405730842204,4.359592191198164,7.545901452791053,175.63723578576645
3920,3920,05/15/2023 13:24:29.054591,4149,True,True,True,True,Eyes,1.343818,0.08002913,-1.962532,0.268355,-0.1890382,-0.94459,0.0,0.0,0.0,0.0,0.0,0.0,0.0,0.8063701,-0.9073486,-1.969473,1.157382,0.0788563,-2.001646,0.09362853,0.9808854,-0.1583415,0.06344955,18.81485,174.2507,9.951748,0.5876442,0.03452823,-0.8083818,0.0,0.0,0.0,1.596041,-0.003470869,-2.609311,-0.2200806,0.1066218,0.6248029,-0.9744159,0.1635843,-0.154124,0.2037711,0.9323234,-0.2987482,0.09482292,-0.322511,-0.9418046,moving,-15.85968,11.31694,-19.40431,9.684163,-15.215924092456088,15.459859284697266,3.9026097125678594,7.134510780956059,176.0941203112263
3921,3921,05/15/2023 13:24:29.064379,4150,True,True,True,True,Eyes,1.335842,0.07997227,-1.964662,0.2777924,-0.1908669,-0.9414889,0.0,0.0,0.0,0.0,0.0,0.0,0.0,0.7762356,-0.9148166,-1.97558,1.14847,0.07954662,-2.004254,0.09317461,0.980218,-0.1606632,0.06840032,19.13022,173.6707,9.792254,0.5853665,0.03443937,-0.8100364,0.0,0.0,0.0,1.593854,-0.005315735,-2.609083,-0.2253471,0.1066644,0.6259547,-0.9732799,0.160684,-0.1640339,0.2046417,0.9310116,-0.3022236,0.104155,-0.3277163,-0.9390176,moving,-16.43904,11.46019,-19.79915,9.670476,-15.773112938991089,15.579908345921368,3.807021856240914,7.150549983577417,176.1875431119615
3922,3922,05/15/2023 13:24:29.084319,4151,True,True,True,True,Eyes,1.327804,0.07993323,-1.9668,0.287242,-0.1925817,-0.9382986,0.0,0.0,0.0,0.0,0.0,0.0,0.0,0.7498944,-0.918048,-1.982698,1.139726,0.08093764,-2.007665,0.09299625,0.9798058,-0.1615086,0.07243881,19.26679,173.1914,9.68675,0.5830466,0.03436093,-0.8117111,0.0,0.0,0.0,1.591789,-0.007058786,-2.608868,-0.2299953,0.1009857,0.6281924,-0.9722088,0.1588375,-0.1719913,0.2056355,0.9305333,-0.3030211,0.1119125,-0.3299672,-0.9373353,moving,-17.02096,11.59863,-20.10881,9.132504,-16.332912244611286,15.695236165803106,3.951783783353537,7.571450147707256,176.05025811188227
3923,3923,05/15/2023 13:24:29.104263,4152,True,True,True,True,Eyes,1.319766,0.07995128,-1.968933,0.296386,-0.1945107,-0.9350513,0.0,0.0,0.0,0.0,0.0,0.0,0.0,0.7321522,-0.9119956,-1.989486,1.131162,0.08116418,-2.009906,0.09091574,0.9798462,-0.1611951,0.07518,19.24225,172.8191,9.383271,0.5806857,0.0342926,-0.8134046,0.0,0.0,0.0,1.589716,-0.008808012,-2.608652,-0.2312315,0.1031678,0.6306368,-0.9721646,0.1539296,-0.17664,0.2024042,0.9315009,-0.3022227,0.1180193,-0.3295629,-0.9367283,moving,-17.58721,11.75116,-20.13615,9.290895,-16.877151336222912,15.824650198757094,3.5425977747727737,7.301440220106318,176.4684525067105
3924,3924,05/15/2023 13:24:29.114224,4153,True,True,True,True,Eyes,1.311706,0.08002593,-1.971085,0.3055953,-0.1963316,-0.9317003,0.0,0.0,0.0,0.0,0.0,0.0,0.0,0.7170002,-0.9285232,-1.984923,1.123111,0.08262573,-2.011954,0.0900954,0.979049,-0.1657267,0.07668561,19.77499,172.6556,9.233626,0.5782866,0.03423576,-0.8151144,0.0,0.0,0.0,1.587595,-0.01059717,-2.608431,-0.2303056,0.1046328,0.6332921,-0.9720042,0.1509979,-0.1800204,0.2018333,0.9288349,-0.3106911,0.1202955,-0.3383272,-0.9333079,moving,-18.15936,11.8995,-19.98451,9.38168,-17.42721868355725,15.949836470739452,3.1097572372936133,7.048433748093973,176.92402265779813
3925,3925,05/15/2023 13:24:29.134264,4154,True,True,True,True,Eyes,1.303681,0.08011265,-1.973212,0.3146869,-0.19798,-0.928319,0.0,0.0,0.0,0.0,0.0,0.0,0.0,0.696929,-0.9233289,-1.992858,1.115738,0.08387285,-2.014403,0.08976958,0.9790425,-0.1644866,0.07975931,19.65761,172.2714,9.1368,0.5758503,0.03419159,-0.8168393,0.0,0.0,0.0,1.585469,-0.01239173,-2.608209,-0.2279818,0.1064239,0.6368573,-0.97116,0.1495378,-0.1857073,0.2020151,0.9297712,-0.3077588,0.1266437,-0.3363986,-0.9331654,moving,-18.72593,12.03895,-19.69632,9.486918,-17.9721243692664,16.066620124282725,2.7302974345525066,6.801862290382792,177.34455409437177
3926,3926,05/15/2023 13:24:29.154592,4155,True,True,True,True,Eyes,1.295722,0.08021307,-1.975334,0.3236235,-0.19977,-0.9248565,0.0,0.0,0.0,0.0,0.0,0.0,0.0,0.6763999,-0.9174474,-2.000162,1.108482,0.08423476,-2.015948,0.08853876,0.9789865,-0.1637586,0.08324343,19.59538,171.8232,8.921089,0.5733813,0.03415934,-0.8185756,0.0,0.0,0.0,1.583308,-0.01421503,-2.607984,-0.2249726,0.1071033,0.6405202,-0.970463,0.1460928,-0.1919864,0.2006201,0.930688,-0.3058945,0.1339904,-0.3353755,-0.9325074,moving,-19.28584,12.18869,-19.35302,9.492773,-18.510299416214675,16.193541004975746,2.696753904843562,6.753552386621586,177.4409851478605
3927,3927,05/15/2023 13:24:29.164312,4156,True,True,True,True,Eyes,1.287805,0.08033503,-1.977466,0.3325957,-0.2013771,-0.9213182,0.0,0.0,0.0,0.0,0.0,0.0,0.0,0.6463879,-0.9231281,-2.005723,1.101242,0.08474581,-2.018165,0.08931138,0.9782668,-0.165034,0.08821169,19.79472,171.2515,8.903452,0.5708835,0.03413831,-0.8203204,0.0,0.0,0.0,1.581127,-0.01605534,-2.607757,-0.2228414,0.1044811,0.6440101,-0.9684843,0.1456249,-0.202068,0.2038566,0.9295745,-0.3071379,0.1431103,-0.3386512,-0.9299649,moving,-19.84957,12.32952,-19.08673,9.215102,-19.052417003762717,16.311745216144992,3.2064816145307935,7.096726169084413,177.00342377882748
3928,3928,05/15/2023 13:24:29.184486,4157,True,True,True,True,Eyes,1.279886,0.08045622,-1.979574,0.3418124,-0.202974,-0.917587,0.0,0.0,0.0,0.0,0.0,0.0,0.0,0.614897,-0.91567,-2.017602,1.094202,0.08535731,-2.020571,0.0900659,0.9780263,-0.1629787,0.09375873,19.61413,170.5883,8.892551,0.5683594,0.03412823,-0.8220717,0.0,0.0,0.0,1.579092,-0.01777278,-2.607545,-0.2206171,0.1035232,0.6473268,-0.9661947,0.1456123,-0.2127546,0.2067349,0.9306522,-0.3019059,0.1540394,-0.3356837,-0.9292944,moving,-20.43098,12.47321,-18.81976,9.086037,-19.611579223778246,16.432154533536217,3.7508626768156965,7.388668384741125,176.51514355734884
3929,3929,05/15/2023 13:24:29.204010,4158,True,True,True,True,Eyes,1.271993,0.08057821,-1.981664,0.3510392,-0.2046124,-0.9137315,0.0,0.0,0.0,0.0,0.0,0.0,0.0,0.580583,-0.9103509,-2.027644,1.086819,0.08535403,-2.022052,0.090945,0.9775551,-0.1617006,0.09983937,19.53011,169.8686,8.88216,0.5658107,0.03412797,-0.823828,0.0,0.0,0.0,1.576974,-0.01955961,-2.607324,-0.217791,0.1016528,0.6506295,-0.9635223,0.1455193,-0.2246087,0.2100956,0.9311638,-0.2979827,0.1657853,-0.3343022,-0.9277701,moving,-21.01588,12.62205,-18.5074,8.879966,-20.17398098164584,16.557423435416784,4.50507098428604,7.856261505386647,175.8147704022142
3930,3930,05/15/2023 13:24:29.223915,4159,True,True,True,True,Eyes,1.264091,0.08070742,-1.98374,0.3603866,-0.2066954,-0.9096145,0.0,0.0,0.0,0.0,0.0,0.0,0.0,0.5471059,-0.9140133,-2.033077,1.079459,0.08551995,-2.023759,0.09183625,0.9767157,-0.1626452,0.1055416,19.70037,169.2074,8.863611,0.5632399,0.03413657,-0.8255875,0.0,0.0,0.0,1.574738,-0.02144666,-2.607091,-0.2149731,0.09951559,0.6539084,-0.9608542,0.1450642,-0.2360416,0.2137275,0.9302253,-0.2983311,0.1762948,-0.3371013,-0.9248151,moving,-21.61333,12.80216,-18.19834,8.65321,-20.74768437902085,16.71246992531944,5.373634040628373,8.452859120244764,174.99922913137553
3931,3931,05/15/2023 13:24:29.234585,4160,True,True,True,True,Eyes,1.256209,0.08082993,-1.985792,0.3696223,-0.2087346,-0.9054332,0.0,0.0,0.0,0.0,0.0,0.0,0.0,0.5168183,-0.9113964,-2.039845,1.071977,0.08574617,-2.025395,0.09239869,0.97618,-0.1621505,0.1106455,19.69561,168.6024,8.829402,0.5606481,0.03415346,-0.8273491,0.0,0.0,0.0,1.572708,-0.02315919,-2.60688,-0.2130818,0.09825334,0.6566806,-0.9584404,0.1445131,-0.2459847,0.2162779,0.9303394,-0.2961291,0.1860548,-0.337023,-0.9229298,moving,-22.20661,12.98191,-17.97737,8.509538,-21.317359056212304,16.867299824127002,6.1553701987763505,9.000428301167267,174.2622485706216
3932,3932,05/15/2023 13:24:29.254420,4161,True,True,True,True,Eyes,1.248349,0.08095047,-1.987815,0.3787185,-0.2111649,-0.9011003,0.0,0.0,0.0,0.0,0.0,0.0,0.0,0.4899668,-0.9111813,-2.044137,1.064528,0.08571532,-2.026881,0.09352781,0.9756014,-0.1621063,0.1147883,19.74131,168.1269,8.878942,0.5580373,0.03417752,-0.8291114,0.0,0.0,0.0,1.570627,-0.02491489,-2.606663,-0.2122387,0.09688974,0.6587782,-0.9561527,0.1452759,-0.2542981,0.2197075,0.9299483,-0.2948304,0.1936523,-0.337774,-0.9210907,moving,-22.79626,13.18877,-17.85739,8.366788,-21.882778901724567,17.048400853876675,6.9024595098576285,9.569438727256895,173.5614324067599
3933,3933,05/15/2023 13:24:29.264341,4162,True,True,True,True,Eyes,1.240498,0.08105621,-1.98981,0.387662,-0.2135712,-0.8967193,0.0,0.0,0.0,0.0,0.0,0.0,0.0,0.4637933,-0.9129884,-2.047053,1.057154,0.08598576,-2.028326,0.0951485,0.9749477,-0.162333,0.1186257,19.82244,167.6995,8.990776,0.5554093,0.03420794,-0.830873,0.0,0.0,0.0,1.568442,-0.02675905,-2.606436,-0.211032,0.09455438,0.6613861,-0.9537495,0.1470159,-0.2621991,0.2240433,0.9291896,-0.2939581,0.2004162,-0.3391064,-0.919152,moving,-23.37938,13.39652,-17.6966,8.1361,-22.44185034148376,17.230565367327404,7.743772149592214,10.258006683604242,172.7729076837692
3934,3934,05/15/2023 13:24:29.284493,4163,True,True,True,True,Eyes,1.232632,0.0811572,-1.991777,0.3965569,-0.2163137,-0.8921608,0.0,0.0,0.0,0.0,0.0,0.0,0.0,0.4389984,-0.9142631,-2.049315,1.04948,0.08575231,-2.029661,0.09641713,0.9743193,-0.1627171,0.1221839,19.91575,167.299,9.064201,0.5527654,0.03424346,-0.8326328,0.0,0.0,0.0,1.566427,-0.02845936,-2.606226,-0.2101715,0.0967168,0.6632243,-0.9515497,0.1481193,-0.2694697,0.227645,0.9284537,-0.2935156,0.2067149,-0.3406381,-0.9171885,moving,-23.96469,13.62895,-17.58307,8.296856,-23.002369733397167,17.43647390972175,8.31602671046913,10.625508229543902,172.22928121659123
3935,3935,05/15/2023 13:24:29.304127,4164,True,True,True,True,Eyes,1.224769,0.08124611,-1.993701,0.4052405,-0.2190561,-0.8875779,0.0,0.0,0.0,0.0,0.0,0.0,0.0,0.4153625,-0.9175609,-2.049916,1.041631,0.08556427,-2.030834,0.09762896,0.9736305,-0.1636494,0.1254229,20.0694,166.9383,9.131135,0.550106,0.0342834,-0.8343905,0.0,0.0,0.0,1.564278,-0.03027289,-2.606002,-0.2089379,0.09609242,0.6650451,-0.9494753,0.1490583,-0.2761851,0.2311599,0.9273749,-0.2941784,0.2122773,-0.343158,-0.9149758,moving,-24.53997,13.86367,-17.4412,8.22177,-23.553112883083497,17.64490648609514,9.067721385381228,11.231695345137329,171.52349899304502
3936,3936,05/15/2023 13:24:29.314484,4165,True,True,True,True,Eyes,1.21688,0.08132778,-1.995585,0.4136605,-0.2219295,-0.8829678,0.0,0.0,0.0,0.0,0.0,0.0,0.0,0.3949884,-0.9217693,-2.048986,1.033787,0.08539203,-2.03175,0.09816057,0.9729934,-0.1650536,0.1280857,20.26349,166.6349,9.122732,0.5474328,0.03432683,-0.8361451,0.0,0.0,0.0,1.562114,-0.03209847,-2.605776,-0.2073388,0.09411254,0.6671535,-0.9479174,0.1487371,-0.2816565,0.2333011,0.9262437,-0.2960461,0.2168495,-0.346338,-0.912703,moving,-25.10256,14.10875,-17.26427,8.029492,-24.091283586143483,17.863732911196625,9.91948425850175,11.97165021226569,170.72785758887596
3937,3937,05/15/2023 13:24:29.334380,4166,True,True,True,True,Eyes,1.209002,0.08138596,-1.997417,0.4219155,-0.2246742,-0.8783558,0.0,0.0,0.0,0.0,0.0,0.0,0.0,0.3747746,-0.9234669,-2.048836,1.026006,0.08527444,-2.032491,0.09887832,0.9724459,-0.165777,0.1307283,20.38159,166.3341,9.143811,0.5447457,0.03437314,-0.8378963,0.0,0.0,0.0,1.560024,-0.0338618,-2.605559,-0.2062706,0.0938796,0.6688117,-0.9462662,0.1489641,-0.287036,0.2356511,0.9254822,-0.2965659,0.221469,-0.3482707,-0.9108561,moving,-25.65716,14.34802,-17.14047,7.990275,-24.62187461549277,18.07720405099819,10.628025688768588,12.55856491405717,170.0647856537925
3938,3938,05/15/2023 13:24:29.354530,4167,True,True,True,True,Eyes,1.201088,0.08141128,-1.999193,0.4300921,-0.2274277,-0.873669,0.0,0.0,0.0,0.0,0.0,0.0,0.0,0.3542713,-0.9199541,-2.05082,1.018341,0.08476762,-2.033097,0.09927414,0.972069,-0.165428,0.1336411,20.37415,165.9884,9.132381,0.5420461,0.03442108,-0.8396433,0.0,0.0,0.0,1.557917,-0.03564041,-2.605339,-0.2053781,0.09299634,0.6700385,-0.9445694,0.1487867,-0.2926623,0.2372186,0.9255565,-0.2950806,0.2269714,-0.348149,-0.9095473,moving,-26.21023,14.59103,-17.04118,7.901746,-25.150881892258013,18.29433173636578,11.349801687040879,13.182302646692902,169.3937887800872
3939,3939,05/15/2023 13:24:29.364387,4168,True,True,True,True,Eyes,1.193182,0.08140504,-2.000911,0.4381978,-0.230096,-0.8689296,0.0,0.0,0.0,0.0,0.0,0.0,0.0,0.3298712,-0.9182284,-2.051908,1.010471,0.0839579,-2.03327,0.1001872,0.9714545,-0.165518,0.1372683,20.43176,165.5691,9.162276,0.5393341,0.03446914,-0.8413859,0.0,0.0,0.0,1.555695,-0.03751478,-2.605108,-0.2047551,0.09294212,0.6713551,-0.94224,0.1492138,-0.2998653,0.2400953,0.9251326,-0.2940814,0.2335342,-0.3490915,-0.9075225,moving,-26.76163,14.83173,-16.96106,7.881905,-25.678334809294,18.50928296515126,12.01462608055386,13.74525527281812,168.77560976021005
3940,3940,05/15/2023 13:24:29.384062,4169,True,True,True,True,Eyes,1.18525,0.08136254,-2.002573,0.4463721,-0.2327536,-0.8640472,0.0,0.0,0.0,0.0,0.0,0.0,0.0,0.3025944,-0.9151453,-2.053971,1.002674,0.08319719,-2.03361,0.1012274,0.9707774,-0.1652585,0.1415414,20.45761,165.0723,9.197466,0.5366113,0.034516,-0.8431231,0.0,0.0,0.0,1.553693,-0.03920412,-2.604899,-0.2041791,0.09290323,0.6721545,-0.9394383,0.1497568,-0.3082677,0.2433204,0.9248853,-0.2922027,0.2413529,-0.3495142,-0.9053115,moving,-27.32116,15.07625,-16.89711,7.869396,-26.21355725231569,18.727665021469893,12.672788287500742,14.307277712681518,168.1655502907755
3941,3941,05/15/2023 13:24:29.403991,4170,True,True,True,True,Eyes,1.177316,0.0812843,-2.00416,0.4544748,-0.2353777,-0.8590983,0.0,0.0,0.0,0.0,0.0,0.0,0.0,0.2747447,-0.9119644,-2.055529,0.9946913,0.08226174,-2.033761,0.1018607,0.9700575,-0.1652007,0.1460197,20.50296,164.5425,9.176638,0.5338777,0.03456029,-0.8448549,0.0,0.0,0.0,1.551565,-0.04100026,-2.604677,-0.2041993,0.09243004,0.6730764,-0.9366054,0.1493764,-0.31695,0.2458666,0.9246662,-0.290761,0.2496401,-0.3502557,-0.902774,moving,-27.87946,15.32203,-16.87686,7.819221,-26.74755411284387,18.94730136798257,13.317257587449491,14.874971426715739,167.57381132462072
3942,3942,05/15/2023 13:24:29.414409,4171,True,True,True,True,Eyes,1.16937,0.08117432,-2.005659,0.4625357,-0.2379842,-0.8540634,0.0,0.0,0.0,0.0,0.0,0.0,0.0,0.2472075,-0.9116015,-2.055048,0.9866394,0.08134551,-2.033537,0.102551,0.969205,-0.1658657,0.150378,20.63165,164.0309,9.154949,0.5311345,0.0346008,-0.8465805,0.0,0.0,0.0,1.549431,-0.04280075,-2.604455,-0.2049913,0.09264633,0.6732194,-0.9337394,0.1489008,-0.3255137,0.248671,0.9239437,-0.2906729,0.2574749,-0.3523586,-0.89975,moving,-28.43868,15.57046,-16.93518,7.835647,-27.282369705942223,19.16946574046485,13.86210100940579,15.34665377378629,167.0789388110435
3943,3943,05/15/2023 13:24:29.434058,4172,True,True,True,True,Eyes,1.161423,0.08103696,-2.007077,0.4705972,-0.2404982,-0.8489399,0.0,0.0,0.0,0.0,0.0,0.0,0.0,0.2176341,-0.9088159,-2.055072,0.9785454,0.08048749,-2.032881,0.1037911,0.9683295,-0.165839,0.1551221,20.69383,163.4807,9.199465,0.5283833,0.03463662,-0.8482989,0.0,0.0,0.0,1.547349,-0.04455777,-2.604238,-0.2066751,0.09149905,0.6732695,-0.930329,0.1495574,-0.3348438,0.2524585,0.9234497,-0.288973,0.2659934,-0.3533742,-0.896869,moving,-29.00114,15.81702,-17.06504,7.739229,-27.820374148808835,19.389724232083932,14.412535885460303,15.85595319762719,166.5894807302431
3944,3944,05/15/2023 13:24:29.454169,4173,True,True,True,True,Eyes,1.153485,0.08086231,-2.008408,0.4786707,-0.2428513,-0.8437403,0.0,0.0,0.0,0.0,0.0,0.0,0.0,0.1850748,-0.902891,-2.056489,0.9704927,0.07968804,-2.032339,0.1052346,0.9674276,-0.1650311,0.1605433,20.67709,162.8491,9.264648,0.5256243,0.03466711,-0.8500099,0.0,0.0,0.0,1.545183,-0.04638522,-2.604013,-0.2079228,0.09113584,0.6731268,-0.9263031,0.1506245,-0.3453619,0.256603,0.9233808,-0.2855219,0.275894,-0.3531007,-0.8939813,moving,-29.56711,16.05725,-17.16545,7.710493,-28.361950550513896,19.603765108939065,14.94889705539004,16.33436702278132,166.10915847643648
3945,3945,05/15/2023 13:24:29.464487,4174,True,True,True,True,Eyes,1.14552,0.08064542,-2.009659,0.4867598,-0.2451399,-0.8384339,0.0,0.0,0.0,0.0,0.0,0.0,0.0,0.1492889,-0.894662,-2.058486,0.9621412,0.07868567,-2.031788,0.106961,0.9664338,-0.1637317,0.1666045,20.61655,162.1434,9.357704,0.5228595,0.03469127,-0.8517125,0.0,0.0,0.0,1.543025,-0.04820629,-2.603788,-0.2089445,0.09190381,0.673114,-0.9216047,0.1521845,-0.3570502,0.2612983,0.9235026,-0.2808313,0.2869986,-0.352112,-0.8908699,moving,-30.13767,16.29778,-17.24511,7.774821,-28.90796406769556,19.81795151554135,15.45506174265509,16.76481904521269,165.65255550538004
3946,3946,05/15/2023 13:24:29.484195,4175,True,True,True,True,Eyes,1.137484,0.08038729,-2.010842,0.4946287,-0.2473774,-0.8331548,0.0,0.0,0.0,0.0,0.0,0.0,0.0,0.1135108,-0.8870248,-2.059298,0.9534376,0.0774449,-2.0311,0.1092595,0.9653455,-0.1625637,0.1724629,20.58195,161.4743,9.522419,0.5200886,0.03470797,-0.8534067,0.0,0.0,0.0,1.540905,-0.04999521,-2.603567,-0.2108212,0.0921485,0.6723542,-0.9166377,0.1548739,-0.3684959,0.2670187,0.9232709,-0.2761738,0.2974493,-0.3515466,-0.8876591,moving,-30.69682,16.53702,-17.40917,7.803967,-29.44296247242345,20.03125103615661,15.90056153798692,17.155717302701323,165.2612466904983
3947,3947,05/15/2023 13:24:29.504141,4176,True,True,True,True,Eyes,1.129414,0.08009346,-2.01194,0.5024733,-0.2496424,-0.8277677,0.0,0.0,0.0,0.0,0.0,0.0,0.0,0.07845968,-0.8832699,-2.057637,0.9444995,0.07611816,-2.030348,0.1118086,0.9640796,-0.1623741,0.1780006,20.664,160.8522,9.708053,0.51731,0.03471628,-0.8550934,0.0,0.0,0.0,1.538876,-0.05170686,-2.603356,-0.2137498,0.09254044,0.6711391,-0.9116295,0.1577794,-0.3795231,0.2733902,0.922267,-0.2732791,0.3069038,-0.3528871,-0.8839011,moving,-31.25867,16.78253,-17.66606,7.85076,-29.980404778829143,20.250515554315456,16.264549238912217,17.47561229653066,164.9535731860446
3948,3948,05/15/2023 13:24:29.514514,4177,True,True,True,True,Eyes,1.121319,0.0797611,-2.01295,0.5100456,-0.2518592,-0.8224478,0.0,0.0,0.0,0.0,0.0,0.0,0.0,0.04393548,-0.8798349,-2.055056,0.9355422,0.0749723,-2.029393,0.114502,0.9627697,-0.1622606,0.1833992,20.75903,160.2497,9.912054,0.514524,0.03471557,-0.8567726,0.0,0.0,0.0,1.536726,-0.05352116,-2.603132,-0.2170122,0.09300274,0.670051,-0.906508,0.1609612,-0.3903007,0.279995,0.9211216,-0.2704401,0.315984,-0.3544384,-0.8800724,moving,-31.80536,17.02622,-17.9458,7.902137,-30.503214647512984,20.468499399642425,16.593260498904037,17.765194245735692,164.68174830605776
3949,3949,05/15/2023 13:24:29.534383,4178,True,True,True,True,Eyes,1.113176,0.07939175,-2.013873,0.5176484,-0.2541814,-0.8169651,0.0,0.0,0.0,0.0,0.0,0.0,0.0,0.009129465,-0.8768202,-2.051667,0.9264203,0.07378678,-2.028431,0.1169185,0.9613898,-0.1624091,0.1889,20.88226,159.6288,10.07524,0.5117307,0.03470515,-0.8584444,0.0,0.0,0.0,1.534487,-0.05541063,-2.602898,-0.2195524,0.09362125,0.6695293,-0.9012938,0.1634503,-0.4011903,0.2861666,0.9199067,-0.268105,0.3252358,-0.3564487,-0.8758801,moving,-32.35932,17.28243,-18.15538,7.960139,-31.032723911564823,20.698335305676444,16.989909387995006,18.113189430320233,164.34408616889368
3950,3950,05/15/2023 13:24:29.554333,4179,True,True,True,True,Eyes,1.105018,0.07897173,-2.014696,0.5249678,-0.2564097,-0.8115805,0.0,0.0,0.0,0.0,0.0,0.0,0.0,-0.0295372,-0.8767096,-2.04611,0.9169991,0.07255808,-2.027289,0.1195706,0.9596502,-0.1633991,0.1951293,21.11711,158.9254,10.23315,0.5089296,0.03468447,-0.8601088,0.0,0.0,0.0,1.532539,-0.05705459,-2.602695,-0.2223062,0.09457703,0.6680865,-0.8952553,0.165724,-0.4135872,0.2932598,0.9180073,-0.2669485,0.3354362,-0.3602754,-0.870451,moving,-32.89666,17.53335,-18.40489,8.057483,-31.546281390115144,20.923588261858352,17.314833326792055,18.39110742389951,164.0748346542745
3951,3951,05/15/2023 13:24:29.574171,4180,True,True,True,True,Eyes,1.096808,0.07855565,-2.015433,0.5322754,-0.2589504,-0.8059948,0.0,0.0,0.0,0.0,0.0,0.0,0.0,-0.06530893,-0.8767674,-2.039791,0.9074768,0.07106777,-2.026122,0.1213477,0.9580079,-0.1647038,0.2009189,21.3668,158.2564,10.28794,0.5061215,0.03465243,-0.8617654,0.0,0.0,0.0,1.530321,-0.0589256,-2.602464,-0.2257923,0.09517409,0.6669437,-0.8898128,0.1663198,-0.4249367,0.2986883,0.9162948,-0.266813,0.3449909,-0.3643372,-0.8650086,moving,-33.4406,17.8112,-18.70342,8.121382,-32.06549643582781,21.17461789444188,17.63737642693845,18.67972307056105,163.8184670335457
3952,3952,05/15/2023 13:24:29.584197,4181,True,True,True,True,Eyes,1.096808,0.07855565,-2.015433,0.5322754,-0.2589504,-0.8059948,0.0,0.0,0.0,0.0,0.0,0.0,0.0,-0.1055647,-0.8869404,-2.028159,0.8979148,0.07081646,-2.024838,0.1253796,0.9556378,-0.1679187,0.2069777,21.89091,157.6073,10.5646,0.5033059,0.03461041,-0.8634146,0.0,0.0,0.0,1.528294,-0.06063664,-2.602253,-0.2299944,0.09625272,0.664948,-0.8828806,0.1701241,-0.4376985,0.3091458,0.9121665,-0.2690375,0.3534842,-0.3728406,-0.8579272,moving,-33.4406,17.8112,-19.07965,8.236485,-32.06549643582781,21.17461789444188,17.260128975002623,18.331052627962773,164.19030790592365
3953,3953,05/15/2023 13:24:29.604103,4182,True,True,True,True,Eyes,1.096808,0.07855565,-2.015433,0.5322754,-0.2589504,-0.8059948,0.0,0.0,0.0,0.0,0.0,0.0,0.0,-0.1505854,-0.8860367,-2.021126,0.8882541,0.07119605,-2.024505,0.1294179,0.9534156,-0.1684321,0.2141972,22.12408,156.8064,10.86537,0.5007672,0.03457228,-0.8648911,0.0,0.0,0.0,1.526177,-0.06242267,-2.602033,-0.2345963,0.09538661,0.6635606,-0.8747413,0.1746227,-0.4520342,0.3189335,0.9097633,-0.2657298,0.3648417,-0.3766136,-0.8515005,moving,-33.4406,17.8112,-19.47062,8.180211,-32.06549643582781,21.17461789444188,16.968096249094096,18.096561081379228,164.49510071056986
3954,3954,05/15/2023 13:24:29.614681,4183,True,True,True,True,Eyes,1.087744,0.07821779,-2.016061,0.5398183,-0.2617245,-0.8000603,0.0,0.0,0.0,0.0,0.0,0.0,0.0,-0.1919142,-0.8824594,-2.014068,0.877947,0.07104956,-2.023906,0.1319483,0.9514688,-0.1687753,0.220934,22.30102,156.0291,10.99847,0.4984784,0.03453771,-0.8662136,0.0,0.0,0.0,1.524048,-0.0642195,-2.601811,-0.2396637,0.09496548,0.66111,-0.8675556,0.1765129,-0.4649628,0.3256657,0.9082091,-0.2628652,0.3758844,-0.3794726,-0.8454061,moving,-34.00841,18.11453,-19.92645,8.174364,-32.60713413743661,21.44948362710206,17.236835485353915,18.358337378621922,164.3111274252828
3955,3955,05/15/2023 13:24:29.643954,4184,True,True,True,True,Eyes,1.078616,0.07792632,-2.01668,0.5472728,-0.2644523,-0.7940765,0.0,0.0,0.0,0.0,0.0,0.0,0.0,-0.2287073,-0.9005865,-1.997007,0.8670938,0.07261667,-2.023432,0.1349014,0.9489244,-0.1740013,0.2259818,23.0291,155.4803,11.11275,0.4961031,0.03449757,-0.8675778,0.0,0.0,0.0,1.521909,-0.0660238,-2.601588,-0.2447785,0.09231979,0.6589511,-0.8614678,0.1773801,-0.4758253,0.3346646,0.9030503,-0.2692576,0.3819332,-0.3911986,-0.8373117,moving,-34.57438,18.41937,-20.37836,7.975293,-33.14694867000781,21.72586399215393,17.624009992686936,18.76472912765108,164.0336837360822
3956,3956,05/15/2023 13:24:29.644284,4185,True,True,True,True,Eyes,1.069893,0.07758136,-2.017003,0.5533347,-0.2658553,-0.7893932,0.0,0.0,0.0,0.0,0.0,0.0,0.0,-0.2583202,-0.8968162,-1.990949,0.8563892,0.07345133,-2.02388,0.1361592,0.9477107,-0.1740744,0.2302243,23.11879,154.9801,11.15496,0.493646,0.03445442,-0.8689799,0.0,0.0,0.0,1.519712,-0.06787772,-2.601359,-0.2494967,0.09167191,0.6562189,-0.8569148,0.1779267,-0.4837757,0.3382313,0.9023175,-0.2672501,0.3889683,-0.3926387,-0.8333896,moving,-35.029,18.61272,-20.81698,7.952592,-33.58196386167325,21.898163896357985,17.765692822313014,18.905654934576276,163.95902165917903
3957,3957,05/15/2023 13:24:29.664239,4186,True,True,True,True,Eyes,1.061084,0.07725377,-2.017285,0.559176,-0.2674865,-0.7847122,0.0,0.0,0.0,0.0,0.0,0.0,0.0,-0.27364,-0.898889,-1.982505,0.8453708,0.07325684,-2.023162,0.1356585,0.9471052,-0.1758509,0.2316571,23.32532,154.7921,11.01761,0.4911322,0.03440624,-0.8704051,0.0,0.0,0.0,1.517568,-0.06968746,-2.601136,-0.2536432,0.09256011,0.653946,-0.8558636,0.1754916,-0.4865187,0.3384401,0.9013464,-0.2702462,0.3910959,-0.3959513,-0.8308231,moving,-35.47319,18.82281,-21.19957,8.056183,-34.006421380149725,22.08694257822757,17.878939701825974,18.996780164419118,163.90109874797514
3958,3958,05/15/2023 13:24:29.684136,4187,True,True,True,True,Eyes,1.052059,0.07694813,-2.017656,0.5647808,-0.2687311,-0.7802604,0.0,0.0,0.0,0.0,0.0,0.0,0.0,-0.2930222,-0.9073463,-1.970657,0.8345332,0.07343295,-2.02257,0.1377764,0.945851,-0.1788404,0.2332377,23.73969,154.6488,11.16224,0.4885636,0.03435433,-0.8718514,0.0,0.0,0.0,1.515565,-0.07137775,-2.600927,-0.2578323,0.09389751,0.6511794,-0.853236,0.1772072,-0.4904962,0.3440565,0.8980675,-0.2740434,0.3919363,-0.402582,-0.8272327,moving,-35.89839,19.00432,-21.60092,8.205269,-34.41326693130702,22.248741078421183,17.917509617731508,19.00987485244361,163.9070355078683
3959,3959,05/15/2023 13:24:29.703984,4188,True,True,True,True,Eyes,1.042953,0.07661109,-2.017988,0.5702827,-0.2699724,-0.7758173,0.0,0.0,0.0,0.0,0.0,0.0,0.0,-0.3087836,-0.8933791,-1.970661,0.8242642,0.07299708,-2.022928,0.1382859,0.9458196,-0.1764452,0.2348821,23.49896,154.4512,11.23652,0.4859353,0.0343,-0.8733212,0.0,0.0,0.0,1.513455,-0.07315809,-2.600708,-0.2612807,0.0951842,0.6490394,-0.8514149,0.1786994,-0.4931119,0.3444747,0.8994882,-0.2688089,0.3955124,-0.3987325,-0.827395,moving,-36.31862,19.18711,-21.928,8.343179,-34.81526426133193,22.411930440405094,18.018900729987973,19.079081404336627,163.85006254139884
3960,3960,05/15/2023 13:24:29.714601,4189,True,True,True,True,Eyes,1.033773,0.07625346,-2.018307,0.575553,-0.2712604,-0.771464,0.0,0.0,0.0,0.0,0.0,0.0,0.0,-0.3302252,-0.8866622,-1.965045,0.8131991,0.0719288,-2.022413,0.1398031,0.9450256,-0.176158,0.237382,23.53574,154.1733,11.36092,0.4832493,0.03424214,-0.8748127,0.0,0.0,0.0,1.511347,-0.0749365,-2.600488,-0.2645729,0.09818411,0.6464154,-0.8482097,0.1806015,-0.497919,0.3478684,0.8988469,-0.2665741,0.3994093,-0.399321,-0.8252364,moving,-36.72489,19.37257,-22.25891,8.63665,-35.20366888345972,22.57813371470772,18.01456509624365,19.024503954594188,163.87893102704064
3961,3961,05/15/2023 13:24:29.734210,4190,True,True,True,True,Eyes,1.024531,0.07587264,-2.01862,0.5807541,-0.2727013,-0.7670454,0.0,0.0,0.0,0.0,0.0,0.0,0.0,-0.3534842,-0.8930043,-1.953603,0.8023544,0.07112725,-2.022409,0.1419054,0.9435427,-0.1790183,0.2398805,23.94776,153.9139,11.48055,0.4805075,0.03418019,-0.876324,0.0,0.0,0.0,1.509182,-0.0767632,-2.600262,-0.267043,0.09902558,0.6442857,-0.8446408,0.1819016,-0.5034823,0.3536736,0.8956307,-0.2697422,0.4018677,-0.4059035,-0.82082,moving,-37.13051,19.5714,-22.51299,8.737885,-35.591079406931,22.75725752504262,18.19442052404047,19.172355841982505,163.7496735141755
3962,3962,05/15/2023 13:24:29.754561,4191,True,True,True,True,Eyes,1.015192,0.07548217,-2.018948,0.5860056,-0.2741066,-0.7625372,0.0,0.0,0.0,0.0,0.0,0.0,0.0,-0.378195,-0.8960853,-1.943409,0.7916122,0.07023574,-2.022685,0.1430502,0.9421334,-0.1812668,0.2430306,24.27308,153.5476,11.48042,0.4777114,0.0341135,-0.877854,0.0,0.0,0.0,1.506964,-0.07863517,-2.600031,-0.2684477,0.09743183,0.6431593,-0.8409458,0.1814379,-0.5097951,0.3576514,0.893358,-0.2720238,0.406074,-0.4110861,-0.8161572,moving,-37.54207,19.77181,-22.65512,8.614207,-35.98419958125956,22.93771955193848,18.604122795985546,19.565974913330788,163.41941114971286
3963,3963,05/15/2023 13:24:29.764381,4192,True,True,True,True,Eyes,1.005813,0.07508124,-2.019278,0.5912946,-0.2756209,-0.7578943,0.0,0.0,0.0,0.0,0.0,0.0,0.0,-0.4045815,-0.9018263,-1.931209,0.78104,0.06947587,-2.022793,0.1435458,0.9404982,-0.1843158,0.2467497,24.6792,153.0922,11.36437,0.474861,0.03404208,-0.8794019,0.0,0.0,0.0,1.504984,-0.08030614,-2.599825,-0.2680686,0.1026761,0.6431167,-0.8370185,0.1790494,-0.5170507,0.3609688,0.8908446,-0.2758577,0.4112197,-0.4175372,-0.8102847,moving,-37.96067,19.98464,-22.62771,9.070947,-36.383799128835285,23.129944365785576,18.820423939429446,19.669402508760303,163.2017458104716
3964,3964,05/15/2023 13:24:29.784357,4193,True,True,True,True,Eyes,0.9964067,0.07466067,-2.019612,0.5967089,-0.2768373,-0.753193,0.0,0.0,0.0,0.0,0.0,0.0,0.0,-0.4340883,-0.9042645,-1.919986,0.7706923,0.06884718,-2.023306,0.1434973,0.9388081,-0.1866448,0.2514192,24.99905,152.4991,11.17057,0.4719586,0.03396588,-0.8809659,0.0,0.0,0.0,1.502884,-0.08207805,-2.599606,-0.2660501,0.1032097,0.6436669,-0.8323939,0.1755807,-0.5256348,0.363285,0.8891445,-0.2782913,0.4185026,-0.4226032,-0.8039042,moving,-38.38764,20.18098,-22.45702,9.109632,-36.79195447556474,23.30599621152489,19.39998453920786,20.174912719637703,162.67131926795705
3965,3965,05/15/2023 13:24:29.804161,4194,True,True,True,True,Eyes,0.9869807,0.07422987,-2.019959,0.6022214,-0.2781235,-0.7483158,0.0,0.0,0.0,0.0,0.0,0.0,0.0,-0.4652748,-0.9017602,-1.910335,0.7604579,0.06794599,-2.023887,0.1426916,0.9372112,-0.1879253,0.2568237,25.18513,151.7902,10.88823,0.4690065,0.03388442,-0.8825442,0.0,0.0,0.0,1.500782,-0.08385143,-2.599387,-0.2642519,0.1020009,0.6451789,-0.8273614,0.170937,-0.5350268,0.3639916,0.8886464,-0.2789581,0.4277653,-0.4255445,-0.7974514,moving,-38.82604,20.38838,-22.27299,8.983941,-37.21087788322089,23.492360980713308,20.101360481500276,20.823898404199884,162.04514747227915
3966,3966,05/15/2023 13:24:29.814565,4195,True,True,True,True,Eyes,0.9775277,0.07380959,-2.020362,0.6079435,-0.2790952,-0.7433106,0.0,0.0,0.0,0.0,0.0,0.0,0.0,-0.4973322,-0.903163,-1.898463,0.7505041,0.06727162,-2.024703,0.1417034,0.9353514,-0.1901466,0.2624542,25.47322,151.0431,10.54877,0.4660067,0.03379768,-0.8841351,0.0,0.0,0.0,1.498662,-0.08564011,-2.599166,-0.2638762,0.1007406,0.6459007,-0.8220758,0.1652753,-0.5448626,0.3648944,0.8875288,-0.2813266,0.4370849,-0.4300891,-0.7899241,moving,-39.27926,20.57995,-22.22197,8.86495,-37.64458575044644,23.66298733684437,20.69280955172835,21.373792026885603,161.5291356749437
3967,3967,05/15/2023 13:24:29.834159,4196,True,True,True,True,Eyes,0.9680983,0.07338791,-2.020806,0.6139029,-0.2799337,-0.7380788,0.0,0.0,0.0,0.0,0.0,0.0,0.0,-0.5318224,-0.9010178,-1.887807,0.7412363,0.06694375,-2.025973,0.1407643,0.9334321,-0.1913939,0.2688091,25.65707,150.2019,10.21721,0.4629605,0.03370651,-0.8857375,0.0,0.0,0.0,1.496556,-0.0874178,-2.598947,-0.2638629,0.09501747,0.6471413,-0.8158545,0.159891,-0.555713,0.3656847,0.8871076,-0.2816289,0.4479473,-0.4329838,-0.7822204,moving,-39.75226,20.77041,-22.1825,8.352855,-38.09748030491645,23.831922462869727,21.51492827400605,22.20108392907767,160.8396337183707
3968,3968,05/15/2023 13:24:29.854214,4197,True,True,True,True,Eyes,0.9586298,0.07296657,-2.021332,0.6202022,-0.280432,-0.7326031,0.0,0.0,0.0,0.0,0.0,0.0,0.0,-0.569492,-0.8918643,-1.879341,0.7322931,0.06643996,-2.02756,0.138679,0.9315991,-0.1910434,0.2763942,25.63343,149.1747,9.756301,0.4598709,0.03361112,-0.8873492,0.0,0.0,0.0,1.494427,-0.08921388,-2.598725,-0.2638914,0.09036086,0.6484967,-0.8087486,0.1527799,-0.5679646,0.363993,0.8885411,-0.2792915,0.4619898,-0.4326118,-0.7742172,moving,-40.25036,20.94627,-22.14278,7.932461,-38.57508169179838,23.985983603516942,22.298961369195677,22.972508066641513,160.17391722020253
3969,3969,05/15/2023 13:24:29.864399,4198,True,True,True,True,Eyes,0.9491816,0.07254403,-2.021904,0.6267049,-0.2809778,-0.7268373,0.0,0.0,0.0,0.0,0.0,0.0,0.0,-0.609226,-0.889504,-1.866192,0.7232618,0.06579956,-2.02919,0.1361772,0.9292343,-0.1925062,0.2844657,25.80071,148.064,9.175188,0.4567371,0.03351174,-0.88897,0.0,0.0,0.0,1.492235,-0.09106357,-2.598497,-0.2645176,0.09110276,0.6497211,-0.8010699,0.1435583,-0.5811004,0.3626039,0.8887942,-0.2802912,0.4762406,-0.4352422,-0.7640411,moving,-40.76907,21.1353,-22.15246,7.981876,-39.072284193925135,24.15210566298712,22.794532915062682,23.40420428271559,159.73657047809786
3970,3970,05/15/2023 13:24:29.884043,4199,True,True,True,True,Eyes,0.9397617,0.07216005,-2.022533,0.6331356,-0.2813607,-0.7210932,0.0,0.0,0.0,0.0,0.0,0.0,0.0,-0.6492347,-0.8910046,-1.850424,0.7142166,0.06534737,-2.03103,0.1339404,0.9265774,-0.1948578,0.2924803,26.06889,146.9557,8.593913,0.4535618,0.03340859,-0.8905981,0.0,0.0,0.0,1.49014,-0.09283096,-2.598279,-0.2666969,0.08932879,0.6501572,-0.7930307,0.1342282,-0.5942101,0.3621965,0.8881809,-0.2827518,0.4898127,-0.4394515,-0.7529717,moving,-41.28384,21.31505,-22.30362,7.82321,-39.56592396702782,24.30939738416871,23.28687393863762,23.87009662142129,159.33596966781448
3971,3971,05/15/2023 13:24:29.904349,4200,True,True,True,True,Eyes,0.9303915,0.07183681,-2.023228,0.6396757,-0.2817033,-0.7151631,0.0,0.0,0.0,0.0,0.0,0.0,0.0,-0.6849141,-0.8948693,-1.83452,0.7055152,0.06586157,-2.033046,0.1315856,0.9241204,-0.1973831,0.2995439,26.33655,145.9589,8.014506,0.4503476,0.03330356,-0.8922317,0.0,0.0,0.0,1.488034,-0.09460806,-2.598059,-0.2701039,0.0862539,0.6509861,-0.7859173,0.1249522,-0.6055748,0.3614518,0.8874502,-0.2859802,0.5016837,-0.4436429,-0.7426267,moving,-41.81096,21.49952,-22.5343,7.547574,-40.0713956845872,24.47085597956567,23.795932802529848,24.371031943893126,158.94249269602784
3972,3972,05/15/2023 13:24:29.914324,4201,True,True,True,True,Eyes,0.9210632,0.07153037,-2.02401,0.6460072,-0.2816365,-0.7094756,0.0,0.0,0.0,0.0,0.0,0.0,0.0,-0.7181116,-0.8936202,-1.82195,0.6972665,0.06697904,-2.035454,0.1296238,0.9220675,-0.1982994,0.3060499,26.42549,145.0513,7.550124,0.447097,0.03319936,-0.8938689,0.0,0.0,0.0,1.485903,-0.09640659,-2.597837,-0.2741974,0.0889606,0.6510231,-0.7790625,0.1176647,-0.6158059,0.3604227,0.88775,-0.2863483,0.5129887,-0.4450336,-0.7340218,moving,-42.31917,21.65131,-22.83981,7.781125,-40.55944471686642,24.601375966129325,23.912914877610067,24.431665867532494,158.8597469458796
3973,3973,05/15/2023 13:24:29.934044,4202,True,True,True,True,Eyes,0.9117748,0.07121427,-2.024841,0.6523326,-0.2815706,-0.7036904,0.0,0.0,0.0,0.0,0.0,0.0,0.0,-0.7485139,-0.8820949,-1.815245,0.6891302,0.06698553,-2.038159,0.1277425,0.920666,-0.1967168,0.3120235,26.22761,144.2357,7.201685,0.4438121,0.03309644,-0.8955082,0.0,0.0,0.0,1.483763,-0.09821232,-2.597614,-0.2763328,0.08453733,0.6520938,-0.7726468,0.1124558,-0.6247969,0.3579768,0.8899687,-0.2825036,0.5242806,-0.4419382,-0.7278881,moving,-42.83103,21.80804,-22.9654,7.386619,-41.0508939694107,24.736547899872647,24.548332712348124,25.06202555557366,158.3495472799857
3974,3974,05/15/2023 13:24:29.954596,4203,True,True,True,True,Eyes,0.9025308,0.07091925,-2.025729,0.6582103,-0.2815232,-0.6982148,0.0,0.0,0.0,0.0,0.0,0.0,0.0,-0.7749155,-0.8792951,-1.804698,0.6807502,0.06643201,-2.040282,0.1267919,0.9190361,-0.1973976,0.3167504,26.30528,143.5853,6.919635,0.4404951,0.03299407,-0.8971483,0.0,0.0,0.0,1.48161,-0.1000294,-2.59739,-0.2773972,0.08122434,0.653992,-0.7671863,0.1080011,-0.6322669,0.3581042,0.889916,-0.2825083,0.5321532,-0.4431538,-0.7214069,moving,-43.31069,21.9595,-22.98471,7.079754,-41.51130206409389,24.86764471987303,25.19032163321691,25.683529153359974,157.8135940086463
3975,3975,05/15/2023 13:24:29.964470,4204,True,True,True,True,Eyes,0.893348,0.07065497,-2.026699,0.664086,-0.2814732,-0.692649,0.0,0.0,0.0,0.0,0.0,0.0,0.0,-0.8041411,-0.8817082,-1.790231,0.6724877,0.06668238,-2.04262,0.1286005,0.9167565,-0.1993584,0.3213654,26.62708,143.0029,6.916883,0.4371485,0.03289296,-0.8987874,0.0,0.0,0.0,1.479428,-0.10187,-2.597163,-0.2764467,0.08145452,0.6557673,-0.7603724,0.1076569,-0.6405027,0.3639244,0.8874363,-0.2828707,0.5379524,-0.4481816,-0.7139611,moving,-43.79395,22.11545,-22.85845,7.080587,-41.97507422651818,25.002960868703823,25.774837840009177,26.20413720975181,157.28185979810837
3976,3976,05/15/2023 13:24:29.984407,4205,True,True,True,True,Eyes,0.8841739,0.07041638,-2.027782,0.6696858,-0.2812179,-0.6873409,0.0,0.0,0.0,0.0,0.0,0.0,0.0,-0.8319649,-0.8735092,-1.782104,0.6647269,0.06715493,-2.045656,0.1297793,0.9151669,-0.1984589,0.3259462,26.60571,142.437,6.948419,0.4337745,0.03279415,-0.9004242,0.0,0.0,0.0,1.477417,-0.1035669,-2.596953,-0.2751425,0.07741451,0.6580777,-0.7538325,0.1081656,-0.6481021,0.3669132,0.8875428,-0.2786438,0.5450786,-0.4478481,-0.7087461,moving,-44.25462,22.25138,-22.68982,6.709288,-42.41751448958569,25.11966890651697,26.58189652331948,26.983773920589282,156.57829174390648
3977,3977,05/15/2023 13:24:30.004372,4206,True,True,True,True,Eyes,0.8750614,0.07018454,-2.028954,0.675342,-0.2809069,-0.6819124,0.0,0.0,0.0,0.0,0.0,0.0,0.0,-0.8599266,-0.8632454,-1.774202,0.6569267,0.06739365,-2.048503,0.1303427,0.9136317,-0.1971313,0.3307981,26.51583,141.8239,6.916085,0.4303728,0.03269836,-0.9020585,0.0,0.0,0.0,1.475295,-0.1053577,-2.596732,-0.2729799,0.07527798,0.66133,-0.7471672,0.1077492,-0.6558443,0.3685918,0.8883001,-0.2739766,0.5530658,-0.446445,-0.7034242,moving,-44.72263,22.38871,-22.42957,6.493923,-42.86702517576807,25.23749758689527,27.379276431983538,27.73105050942058,155.85584489364035
3978,3978,05/15/2023 13:24:30.014326,4207,True,True,True,True,Eyes,0.8659968,0.06994744,-2.03023,0.6807556,-0.2804605,-0.6766933,0.0,0.0,0.0,0.0,0.0,0.0,0.0,-0.8891736,-0.8525847,-1.765954,0.6492288,0.06730728,-2.051852,0.1307138,0.9119704,-0.1957967,0.3359874,26.42066,141.1607,6.851994,0.4269451,0.03260535,-0.9036893,0.0,0.0,0.0,1.473126,-0.1071881,-2.596506,-0.2710188,0.07574358,0.6640484,-0.7400526,0.1068438,-0.6640078,0.3699847,0.8891551,-0.2692852,0.5616345,-0.444958,-0.6975522,moving,-45.17146,22.51192,-22.2019,6.507225,-43.29834557054413,25.342303892938048,27.995552300974975,28.281092846885027,155.27521647551237
3979,3979,05/15/2023 13:24:30.034454,4208,True,True,True,True,Eyes,0.8569933,0.0696937,-2.031604,0.6862594,-0.2799463,-0.6713256,0.0,0.0,0.0,0.0,0.0,0.0,0.0,-0.9192759,-0.8394037,-1.758108,0.641624,0.06687182,-2.055348,0.1309045,0.9102957,-0.1939391,0.3414868,26.26275,140.4574,6.779846,0.4234931,0.03251439,-0.9053154,0.0,0.0,0.0,1.471005,-0.1089778,-2.596285,-0.2701542,0.07419866,0.6667589,-0.7325015,0.1058684,-0.672483,0.370779,0.8905032,-0.2636797,0.570933,-0.4424883,-0.6915488,moving,-45.63025,22.63639,-22.05658,6.349897,-43.73927760836167,25.44801360658201,28.652535167205514,28.89424568135075,154.68584615215585
3980,3980,05/15/2023 13:24:30.054517,4209,True,True,True,True,Eyes,0.848012,0.06942077,-2.033113,0.691511,-0.2793478,-0.6661662,0.0,0.0,0.0,0.0,0.0,0.0,0.0,-0.9499139,-0.827252,-1.749213,0.6340135,0.06619781,-2.059144,0.1310479,0.908474,-0.1924179,0.3470977,26.14128,139.7337,6.68684,0.4200183,0.03242427,-0.906936,0.0,0.0,0.0,1.468853,-0.1107934,-2.596061,-0.2704035,0.07390206,0.668941,-0.7246993,0.1045317,-0.6810904,0.3716829,0.8916036,-0.2586403,0.5802265,-0.4405861,-0.6849971,moving,-46.06946,22.75008,-22.00985,6.304255,-44.1615408856757,25.54393611499304,29.14326668859764,29.340462479333002,154.24633592256706
3981,3981,05/15/2023 13:24:30.064469,4210,True,True,True,True,Eyes,0.839086,0.06912438,-2.034739,0.696786,-0.2787163,-0.6609133,0.0,0.0,0.0,0.0,0.0,0.0,0.0,-0.9779311,-0.8163481,-1.740843,0.6263356,0.06536144,-2.063187,0.1303881,0.9068727,-0.191085,0.352232,26.00396,139.0518,6.508682,0.4165203,0.03233379,-0.908551,0.0,0.0,0.0,1.466746,-0.1125712,-2.595842,-0.2710378,0.07409508,0.6710538,-0.7178631,0.1018782,-0.6886896,0.3711033,0.892971,-0.2547259,0.5890288,-0.4384333,-0.6788383,moving,-46.5135,22.86583,-21.99372,6.300848,-44.58842571829921,25.64169477794833,29.590847232019634,29.74204230688635,153.8454431017187
3982,3982,05/15/2023 13:24:30.083999,4211,True,True,True,True,Eyes,0.8302032,0.06879478,-2.036492,0.701739,-0.2780874,-0.6559191,0.0,0.0,0.0,0.0,0.0,0.0,0.0,-1.004093,-0.8076769,-1.732536,0.6186768,0.06449148,-2.067681,0.1302641,0.9053191,-0.1902591,0.3566935,25.93932,138.4652,6.393164,0.4130003,0.03224167,-0.9101598,0.0,0.0,0.0,1.464708,-0.1142913,-2.595629,-0.2722291,0.07491374,0.6730757,-0.7116022,0.1001327,-0.6954105,0.3715894,0.8936656,-0.2515617,0.5962749,-0.4374191,-0.6731426,moving,-46.93296,22.97529,-22.02114,6.350917,-44.99167698062671,25.734155232981774,29.949433272693643,30.055872863300205,153.5243547670107
3983,3983,05/15/2023 13:24:30.104427,4212,True,True,True,True,Eyes,0.8213756,0.06842978,-2.03836,0.7066907,-0.2774866,-0.6508375,0.0,0.0,0.0,0.0,0.0,0.0,0.0,-1.028338,-0.7974303,-1.725583,0.6111756,0.06330794,-2.072068,0.1297709,0.9039999,-0.1890069,0.3608605,25.80964,137.9144,6.26335,0.4094591,0.03214629,-0.9117616,0.0,0.0,0.0,1.462578,-0.1160884,-2.595407,-0.2738105,0.0763837,0.6751271,-0.7058788,0.09821545,-0.7014908,0.3710359,0.8948718,-0.2480661,0.6033804,-0.4353827,-0.6681125,moving,-47.35601,23.09112,-22.07594,6.454979,-45.39823135967984,25.83264926382656,30.262900167974333,30.321994972616576,153.2425438002673
3984,3984,05/15/2023 13:24:30.114358,4213,True,True,True,True,Eyes,0.8125801,0.06802483,-2.040373,0.7113581,-0.2770645,-0.6459141,0.0,0.0,0.0,0.0,0.0,0.0,0.0,-1.052724,-0.7925128,-1.716087,0.6036182,0.06209846,-2.076788,0.1296372,0.9023867,-0.1891275,0.3648607,25.84456,137.3758,6.120484,0.4058981,0.03204614,-0.9133561,0.0,0.0,0.0,1.460431,-0.1179006,-2.595184,-0.2759646,0.07804015,0.677173,-0.7001417,0.09595548,-0.7075267,0.3719762,0.89485,-0.2467331,0.6094549,-0.4359313,-0.6622149,moving,-47.76051,23.21689,-22.1721,6.573995,-45.786549486798,25.94131565380457,30.5246241632739,30.54071600129603,153.01426121275983
3985,3985,05/15/2023 13:24:30.134436,4214,True,True,True,True,Eyes,0.8038421,0.06758061,-2.042511,0.716006,-0.276662,-0.6409318,0.0,0.0,0.0,0.0,0.0,0.0,0.0,-1.076176,-0.7878602,-1.706863,0.5962347,0.06070665,-2.081604,0.1296427,0.9008137,-0.1893248,0.3686242,25.8917,136.8698,5.996957,0.4023165,0.03193958,-0.914943,0.0,0.0,0.0,1.458351,-0.1196551,-2.594967,-0.2781894,0.07903529,0.6794571,-0.6946182,0.09398847,-0.7132125,0.3731472,0.8946978,-0.2455139,0.6150341,-0.4366716,-0.6565449,moving,-48.16673,23.34773,-22.26561,6.634898,-46.1763951340985,26.05481994115219,30.825099687018437,30.80355521574531,152.7582412112672
3986,3986,05/15/2023 13:24:30.154411,4215,True,True,True,True,Eyes,0.7951749,0.06710575,-2.044775,0.7204167,-0.2763808,-0.6360923,0.0,0.0,0.0,0.0,0.0,0.0,0.0,-1.099475,-0.7803349,-1.699157,0.5888224,0.05932058,-2.086785,0.1303526,0.8993584,-0.1888606,0.3721486,25.89528,136.4197,5.991406,0.3987162,0.03182521,-0.9165217,0.0,0.0,0.0,1.456183,-0.1214845,-2.594741,-0.2798874,0.0786968,0.6820267,-0.6890275,0.093899,-0.7186269,0.3750358,0.8946798,-0.2426856,0.620153,-0.4367277,-0.6516745,moving,-48.55709,23.48485,-22.31207,6.582061,-46.55070953049737,26.1748808568348,31.217068260471247,31.167133911089255,152.42945921251018
3987,3987,05/15/2023 13:24:30.163998,4216,True,True,True,True,Eyes,0.7865719,0.0665987,-2.047179,0.7248668,-0.276037,-0.6311669,0.0,0.0,0.0,0.0,0.0,0.0,0.0,-1.122831,-0.7702372,-1.692606,0.5817066,0.05812941,-2.092168,0.1314873,0.8979728,-0.1877534,0.3756389,25.84757,135.9921,6.065166,0.3950987,0.03170213,-0.9180912,0.0,0.0,0.0,1.453902,-0.1234092,-2.594504,-0.2804664,0.07967217,0.6852787,-0.6832131,0.09508902,-0.7240013,0.377199,0.8949195,-0.2384114,0.6252526,-0.4359784,-0.6472881,moving,-48.95277,23.62187,-22.25799,6.631574,-46.93017893620698,26.294678468521163,31.64303141950872,31.549240628640668,152.04345455004622
3988,3988,05/15/2023 13:24:30.186108,4217,True,True,True,True,Eyes,0.7780492,0.06604663,-2.049698,0.7291796,-0.2757399,-0.6263103,0.0,0.0,0.0,0.0,0.0,0.0,0.0,-1.148966,-0.7562262,-1.686086,0.5745758,0.0568275,-2.09798,0.1325344,0.896457,-0.1858073,0.3798358,25.71018,135.4784,6.146452,0.3914654,0.03156948,-0.9196509,0.0,0.0,0.0,1.451997,-0.1250173,-2.594305,-0.2804483,0.08059146,0.6888227,-0.6763189,0.09647023,-0.7302645,0.3787753,0.8958205,-0.2324539,0.6317611,-0.4338191,-0.6424008,moving,-49.3399,23.76201,-22.15327,6.6732,-47.30128280788995,26.4177545384271,32.11137303157559,31.972957043519123,151.61435974255724
3989,3989,05/15/2023 13:24:30.204259,4218,True,True,True,True,Eyes,0.7695675,0.06544623,-2.052351,0.7334809,-0.275549,-0.621352,0.0,0.0,0.0,0.0,0.0,0.0,0.0,-1.175156,-0.74625,-1.677344,0.567296,0.05525337,-2.103921,0.1327629,0.8947681,-0.1848543,0.3841784,25.64619,134.9126,6.084314,0.387818,0.03142589,-0.9211999,0.0,0.0,0.0,1.449869,-0.1268128,-2.594084,-0.2799582,0.08150877,0.6927047,-0.6695622,0.09554994,-0.7365847,0.379618,0.8964058,-0.2287942,0.6384175,-0.4328127,-0.636472,moving,-49.73114,23.9157,-22.00621,6.710987,-47.6759976093108,26.553775560472644,32.62934098196391,32.44494188256083,151.1383198227392
3990,3990,05/15/2023 13:24:30.214194,4219,True,True,True,True,Eyes,0.761101,0.06482892,-2.055187,0.7376591,-0.2755694,-0.616377,0.0,0.0,0.0,0.0,0.0,0.0,0.0,-1.199506,-0.7446921,-1.665617,0.559754,0.05351883,-2.10985,0.1331268,0.8928643,-0.1860146,0.3879037,25.81408,134.4012,5.956429,0.384157,0.03127,-0.9227379,0.0,0.0,0.0,1.44766,-0.1286769,-2.593853,-0.2793547,0.08346215,0.6968486,-0.6636163,0.09341694,-0.7422177,0.3820399,0.8953516,-0.2288909,0.6431636,-0.4354524,-0.6298589,moving,-50.11837,24.08843,-21.84501,6.829831,-48.04630962209101,26.708293223383475,33.12464528311814,32.88862055868368,150.67576625408893
3991,3991,05/15/2023 13:24:30.234164,4220,True,True,True,True,Eyes,0.7526946,0.0642032,-2.058159,0.7417884,-0.2755994,-0.6113877,0.0,0.0,0.0,0.0,0.0,0.0,0.0,-1.220947,-0.7428582,-1.656364,0.5525151,0.05248034,-2.116144,0.1342553,0.8912931,-0.1868968,0.3906939,25.98049,134.0352,5.956274,0.3804809,0.03110198,-0.9242654,0.0,0.0,0.0,1.445611,-0.1304052,-2.59364,-0.2782988,0.08521051,0.7016886,-0.6586675,0.09328285,-0.7466294,0.3853605,0.8940902,-0.2282541,0.6462618,-0.4380651,-0.6248557,moving,-50.50439,24.26475,-21.63392,6.923889,-48.41535188440358,26.866312668954556,33.678026935113365,33.390797468329914,150.1579783505654
3992,3992,05/15/2023 13:24:30.254366,4221,True,True,True,True,Eyes,0.7443299,0.06356311,-2.061287,0.7457865,-0.2756618,-0.6064758,0.0,0.0,0.0,0.0,0.0,0.0,0.0,-1.242587,-0.7325296,-1.650544,0.5455061,0.05164583,-2.122421,0.1360747,0.8900136,-0.185756,0.3935156,25.96014,133.7096,6.130694,0.376791,0.03092239,-0.9257818,0.0,0.0,0.0,1.443525,-0.132166,-2.593423,-0.2763044,0.08596112,0.7069108,-0.6532586,0.09602083,-0.7510218,0.3884124,0.8939568,-0.2235557,0.649915,-0.4377457,-0.6212806,moving,-50.88189,24.44325,-21.34863,6.933189,-48.77608330005052,27.02670266533473,34.33388533870469,34.00021302794213,149.54956584893728
3993,3993,05/15/2023 13:24:30.264139,4222,True,True,True,True,Eyes,0.7360082,0.06290685,-2.06456,0.7497234,-0.2757769,-0.6015496,0.0,0.0,0.0,0.0,0.0,0.0,0.0,-1.264647,-0.7177163,-1.646331,0.5384233,0.0506368,-2.128942,0.1383791,0.8888344,-0.1836735,0.3963442,25.86182,133.4067,6.405847,0.3730873,0.03073147,-0.9272869,0.0,0.0,0.0,1.441371,-0.1339831,-2.593198,-0.2735741,0.0864834,0.7125648,-0.6475252,0.1003965,-0.7554018,0.3915881,0.8942305,-0.2168191,0.6537354,-0.4362022,-0.6183508,moving,-51.25777,24.62881,-21.00323,6.920095,-49.13505326638299,27.193955358611536,35.05618030480254,34.67605649625527,148.8779760431497
3994,3994,05/15/2023 13:24:30.283923,4223,True,True,True,True,Eyes,0.7277181,0.06224634,-2.068013,0.7535662,-0.2759067,-0.5966686,0.0,0.0,0.0,0.0,0.0,0.0,0.0,-1.28751,-0.7035779,-1.641096,0.5310901,0.04958257,-2.13574,0.141772,0.8874258,-0.1820602,0.3990365,25.8664,133.1374,6.786242,0.3693705,0.03052938,-0.9287804,0.0,0.0,0.0,1.439171,-0.1358398,-2.592969,-0.2712271,0.08795397,0.7182091,-0.6413411,0.106327,-0.7598526,0.3969215,0.8935096,-0.2099854,0.6566085,-0.4362742,-0.6152479,moving,-51.62806,24.81638,-20.68872,6.981843,-49.48855465103616,27.36332270137949,35.71153132588925,35.28222202107978,148.26237922482824
3995,3995,05/15/2023 13:24:30.303959,4224,True,True,True,True,Eyes,0.7194729,0.06157968,-2.071625,0.7573546,-0.2759984,-0.5918097,0.0,0.0,0.0,0.0,0.0,0.0,0.0,-1.309683,-0.6865235,-1.637993,0.5238922,0.04877542,-2.143073,0.1454357,0.8862136,-0.1797015,0.4014743,25.80344,132.9177,7.241479,0.36564,0.03031676,-0.9302622,0.0,0.0,0.0,1.43716,-0.1375366,-2.59276,-0.2693861,0.09133708,0.7237113,-0.6353341,0.1134832,-0.7638538,0.4020652,0.8931116,-0.2017303,0.6593137,-0.4352851,-0.613052,moving,-51.99533,25.00262,-20.41671,7.193072,-49.83916751197328,27.531501480279847,36.254506493244456,35.767760899561345,147.7344024225133
3996,3996,05/15/2023 13:24:30.314158,4225,True,True,True,True,Eyes,0.7112972,0.06090701,-2.075375,0.7612007,-0.2761739,-0.5867721,0.0,0.0,0.0,0.0,0.0,0.0,0.0,-1.331095,-0.668102,-1.635811,0.5166792,0.04792485,-2.150534,0.1484903,0.8851677,-0.1769235,0.40389,25.66835,132.6918,7.648578,0.3618966,0.03009415,-0.9317321,0.0,0.0,0.0,1.435039,-0.1393265,-2.592539,-0.267495,0.09475845,0.7293978,-0.6296471,0.1199622,-0.7675635,0.4057928,0.8932974,-0.1932665,0.6624779,-0.4331614,-0.611142,moving,-52.37314,25.20479,-20.13971,7.402026,-50.199553690394325,27.71471994960744,36.82298759748584,36.279467170582286,147.18663709462527
3997,3997,05/15/2023 13:24:30.334525,4226,True,True,True,True,Eyes,0.7031702,0.06022868,-2.079285,0.7649964,-0.2763605,-0.5817262,0.0,0.0,0.0,0.0,0.0,0.0,0.0,-1.352067,-0.6540276,-1.632148,0.5096413,0.04716222,-2.15819,0.1504703,0.8840705,-0.1749902,0.4063947,25.57599,132.4184,7.890108,0.3581419,0.02986203,-0.9331893,0.0,0.0,0.0,1.432917,-0.1411168,-2.592318,-0.2654029,0.09843199,0.7352296,-0.6244043,0.1238226,-0.7712247,0.4082828,0.8934742,-0.1871066,0.6659014,-0.4317079,-0.6084438,moving,-52.74955,25.41098,-19.84855,7.625373,-50.558474382465945,27.901861048412588,37.40058311521959,36.799937814542496,146.62797662667293
3998,3998,05/15/2023 13:24:30.354029,4227,True,True,True,True,Eyes,0.6950536,0.05953015,-2.083361,0.7689025,-0.2766746,-0.5764028,0.0,0.0,0.0,0.0,0.0,0.0,0.0,-1.373603,-0.6437508,-1.626326,0.5026401,0.0463433,-2.165951,0.1521068,0.8827534,-0.1739965,0.4090661,25.5714,132.102,8.041865,0.3543766,0.02962087,-0.9346333,0.0,0.0,0.0,1.430812,-0.1428935,-2.592098,-0.262101,0.1036693,0.7416117,-0.6190567,0.1261935,-0.7751411,0.4108977,0.8931775,-0.1827485,0.6692769,-0.4316354,-0.6047801,moving,-53.14318,25.64111,-19.46446,7.95776,-50.93341937217107,28.111560888389413,38.038888628098746,37.36938712657995,145.99331722389664
3999,3999,05/15/2023 13:24:30.364267,4228,True,True,True,True,Eyes,0.6869855,0.05890493,-2.087581,0.7726108,-0.2773691,-0.5710856,0.0,0.0,0.0,0.0,0.0,0.0,0.0,-1.393219,-0.6388301,-1.619191,0.4953219,0.04512456,-2.173376,0.1533951,0.8814491,-0.1743026,0.4112617,25.68663,131.8256,8.104813,0.3505999,0.02937046,-0.9360644,0.0,0.0,0.0,1.428514,-0.1448325,-2.591859,-0.2591313,0.1087454,0.7477807,-0.6146676,0.127052,-0.7784868,0.4137879,0.8921771,-0.1811066,0.6715381,-0.4334488,-0.600965,moving,-53.52954,25.90527,-19.11293,8.274189,-51.30039558083752,28.354322816793356,38.669859853905095,37.937378858032986,145.38234017320266
4000,4000,05/15/2023 13:24:30.384325,4229,True,True,True,True,Eyes,0.6789926,0.05840417,-2.091986,0.776392,-0.2782221,-0.5655156,0.0,0.0,0.0,0.0,0.0,0.0,0.0,-1.413047,-0.6463867,-1.607264,0.4884035,0.04633677,-2.181085,0.1572067,0.8794466,-0.177669,0.4126663,26.24745,131.6693,8.325935,0.3468128,0.02911484,-0.9374821,0.0,0.0,0.0,1.42657,-0.1464725,-2.591656,-0.2556103,0.1177231,0.754174,-0.6099852,0.1298737,-0.7816974,0.4231457,0.8874396,-0.182753,0.6699744,-0.4422486,-0.5962804,moving,-53.93081,26.19624,-18.72293,8.872013,-51.68108064901707,28.62248506360647,39.23931262448323,38.422920775737545,144.79117073062048
4001,4001,05/15/2023 13:24:30.404342,4230,True,True,True,True,Eyes,0.6710808,0.05798674,-2.096531,0.7801208,-0.2788482,-0.5600492,0.0,0.0,0.0,0.0,0.0,0.0,0.0,-1.432901,-0.6403268,-1.601866,0.4825821,0.04878303,-2.189505,0.1602067,0.878129,-0.1771653,0.4145311,26.35741,131.4844,8.631905,0.3430167,0.02885994,-0.9388855,0.0,0.0,0.0,1.424316,-0.1483743,-2.591422,-0.2509917,0.1218579,0.7610012,-0.6049957,0.1344833,-0.7847896,0.4282453,0.8858926,-0.1783265,0.6712573,-0.4439692,-0.5935531,moving,-54.32541,26.46869,-18.25347,9.097446,-52.05581102207619,28.872987286442267,40.03679524476373,39.162102749271746,144.0293850094113
4002,4002,05/15/2023 13:24:30.424221,4231,True,True,True,True,Eyes,0.6632148,0.05764123,-2.101201,0.7839584,-0.2795221,-0.5543255,0.0,0.0,0.0,0.0,0.0,0.0,0.0,-1.449425,-0.6253814,-1.601975,0.4765662,0.05031008,-2.19741,0.1603975,0.8778251,-0.1739376,0.4164631,26.03836,131.2658,8.75269,0.3392143,0.02860928,-0.9402736,0.0,0.0,0.0,1.42223,-0.1501346,-2.591204,-0.2474652,0.1254959,0.7681185,-0.6016621,0.1367246,-0.7869618,0.426479,0.8880367,-0.1717744,0.6753651,-0.4389728,-0.5926082,moving,-54.73643,26.75981,-17.85741,9.279054,-52.44593462264671,29.14098853318439,40.81224015527616,39.88561744503826,143.30716405767828
4003,4003,05/15/2023 13:24:30.434277,4232,True,True,True,True,Eyes,0.6554212,0.05735263,-2.105981,0.7877604,-0.2802261,-0.5485498,0.0,0.0,0.0,0.0,0.0,0.0,0.0,-1.470172,-0.618067,-1.594148,0.4700227,0.05165152,-2.204797,0.1634152,0.8762513,-0.1736698,0.4187099,26.18072,131.0245,9.036573,0.3354066,0.02836555,-0.941646,0.0,0.0,0.0,1.420245,-0.1518094,-2.590998,-0.2462687,0.1352736,0.7742917,-0.5959551,0.1409511,-0.7905508,0.4318201,0.8862686,-0.1675096,0.6770296,-0.4412039,-0.5890419,moving,-55.14893,27.06017,-17.64362,9.909916,-52.83723959664882,29.41785866161534,41.24050788315556,40.23867153873865,142.8629887470976
4004,4004,05/15/2023 13:24:30.454535,4233,True,True,True,True,Eyes,0.6476707,0.0571344,-2.110855,0.7917055,-0.2810221,-0.5424289,0.0,0.0,0.0,0.0,0.0,0.0,0.0,-1.493515,-0.6090381,-1.584664,0.4639851,0.05286437,-2.212373,0.1654462,0.8744493,-0.1729447,0.4219673,26.23721,130.6288,9.19907,0.3315957,0.02813045,-0.9430017,0.0,0.0,0.0,1.418041,-0.1536692,-2.590768,-0.2474522,0.1365343,0.7800797,-0.5891424,0.1433945,-0.795204,0.4353026,0.8854353,-0.162837,0.6807518,-0.4420885,-0.5840676,moving,-55.58341,27.38782,-17.59975,9.9277,-53.24908745301445,29.72037054781415,41.804476045155745,40.77529973223015,142.4062400056994
4005,4005,05/15/2023 13:24:30.464373,4234,True,True,True,True,Eyes,0.639977,0.05701415,-2.115814,0.7955423,-0.2820582,-0.5362422,0.0,0.0,0.0,0.0,0.0,0.0,0.0,-1.515974,-0.6068822,-1.571825,0.4573076,0.05418801,-2.219246,0.1669252,0.872506,-0.1738156,0.4250385,26.43674,130.2252,9.223856,0.327783,0.02790619,-0.9443405,0.0,0.0,0.0,1.415795,-0.1555648,-2.590534,-0.2523247,0.1401367,0.785078,-0.5829568,0.1435299,-0.7997255,0.4390431,0.8838482,-0.1614109,0.6836688,-0.4452095,-0.5782611,moving,-56.01772,27.74394,-17.81745,10.12073,-53.65999431195612,30.05035727757658,42.06944447906342,41.010706238464884,142.236462787785
4006,4006,05/15/2023 13:24:30.483883,4235,True,True,True,True,Eyes,0.6323624,0.05700944,-2.120891,0.7995478,-0.2829453,-0.5297785,0.0,0.0,0.0,0.0,0.0,0.0,0.0,-1.53981,-0.6087759,-1.555923,0.4509482,0.05640778,-2.226204,0.1696573,0.8700489,-0.1759117,0.4281198,26.83167,129.8287,9.32555,0.3239701,0.02769597,-0.9456615,0.0,0.0,0.0,1.413927,-0.1571413,-2.590339,-0.2567299,0.1478664,0.789588,-0.5758598,0.1445977,-0.8046596,0.4458428,0.8805429,-0.1608363,0.6852808,-0.4513708,-0.571537,moving,-56.47164,28.10589,-18.01163,10.60694,-54.08973396863428,30.38535422378601,42.25382373587744,41.14383617480564,142.0940031760724
4007,4007,05/15/2023 13:24:30.505739,4236,True,True,True,True,Eyes,0.6248339,0.05707957,-2.126025,0.8035758,-0.2835103,-0.523343,0.0,0.0,0.0,0.0,0.0,0.0,0.0,-1.560887,-0.6005564,-1.547465,0.4454461,0.05909018,-2.233779,0.1696257,0.8687465,-0.1744411,0.4313664,26.70723,129.3977,9.291186,0.3201591,0.02750342,-0.9469643,0.0,0.0,0.0,1.411796,-0.1589392,-2.590117,-0.2619921,0.1462316,0.7941467,-0.5703004,0.1442274,-0.8086754,0.4452195,0.8815948,-0.1567485,0.6903167,-0.4494318,-0.5669868,moving,-56.9251,28.44571,-18.25792,10.43339,-54.51963159670464,30.69901328219353,42.65670499387875,41.54042868024316,141.84995565648694
4008,4008,05/15/2023 13:24:30.514025,4237,True,True,True,True,Eyes,0.6173733,0.05720298,-2.131235,0.8077628,-0.2837489,-0.5167261,0.0,0.0,0.0,0.0,0.0,0.0,0.0,-1.5803,-0.5842921,-1.542048,0.4398829,0.06096201,-2.240412,0.1682151,0.867986,-0.1708091,0.4348887,26.28456,128.9293,9.206501,0.3163534,0.02733005,-0.9482474,0.0,0.0,0.0,1.409664,-0.1607382,-2.589895,-0.2653874,0.1496352,0.799449,-0.5651509,0.1434508,-0.8124199,0.4405826,0.8850558,-0.1502102,0.6974893,-0.4428295,-0.563392,moving,-57.39294,28.77243,-18.36425,10.60155,-54.963813110551726,30.99958178741728,43.051359131745194,41.89997280051318,141.54052176125055
4009,4009,05/15/2023 13:24:30.534249,4238,True,True,True,True,Eyes,0.6099984,0.05735651,-2.136489,0.8119603,-0.2837405,-0.5101095,0.0,0.0,0.0,0.0,0.0,0.0,0.0,-1.599142,-0.5715312,-1.535783,0.4341463,0.06226541,-2.247258,0.1663208,0.8672192,-0.1679623,0.4382434,25.91887,128.4646,9.035934,0.3125548,0.02717617,-0.9495107,0.0,0.0,0.0,1.407549,-0.162523,-2.589675,-0.2680648,0.1577924,0.8036707,-0.5605606,0.1412564,-0.8159773,0.4356898,0.8882521,-0.1455421,0.7042348,-0.4370981,-0.559463,moving,-57.86113,29.08432,-18.44615,11.10814,-55.40873799398611,31.285830470679176,43.32070747105592,42.11142486242544,141.2830267098451
4010,4010,05/15/2023 13:24:30.554327,4239,True,True,True,True,Eyes,0.6027269,0.05751397,-2.141731,0.8161882,-0.2837786,-0.5032958,0.0,0.0,0.0,0.0,0.0,0.0,0.0,-1.618683,-0.5603493,-1.527206,0.4287462,0.06310867,-2.253592,0.1643433,0.8661593,-0.165639,0.441954,25.6075,127.943,8.820976,0.3087659,0.02704106,-0.9507533,0.0,0.0,0.0,1.405421,-0.1643187,-2.589453,-0.2698008,0.164163,0.8082462,-0.5553362,0.1382852,-0.8200483,0.4311045,0.89111,-0.1416752,0.7111617,-0.4322038,-0.554481,moving,-58.34028,29.41607,-18.45953,11.48117,-55.86373578571142,31.590897567231867,43.727964262843294,42.46734926138118,140.9168166443768
4011,4011,05/15/2023 13:24:30.564134,4240,True,True,True,True,Eyes,0.5955409,0.05772625,-2.147005,0.820289,-0.2839517,-0.4964849,0.0,0.0,0.0,0.0,0.0,0.0,0.0,-1.63927,-0.5563648,-1.514409,0.4229582,0.06349912,-2.259924,0.1628232,0.864597,-0.1653733,0.4456597,25.53675,127.403,8.550258,0.3049909,0.02692296,-0.9519743,0.0,0.0,0.0,1.403227,-0.16617,-2.589225,-0.2701001,0.1709205,0.8132172,-0.5497522,0.1341525,-0.8244852,0.4289534,0.8922805,-0.140835,0.7167788,-0.4310901,-0.5480784,moving,-58.81532,29.76628,-18.37328,11.86956,-56.31424975757387,31.9139048225748,44.225006343922665,42.9102895062643,140.46021414672023
4012,4012,05/15/2023 13:24:30.584122,4241,True,True,True,True,Eyes,0.5884687,0.05800058,-2.152283,0.8243459,-0.2842745,-0.4895321,0.0,0.0,0.0,0.0,0.0,0.0,0.0,-1.657267,-0.5647124,-1.499373,0.417787,0.06508274,-2.266003,0.1625712,0.862783,-0.167998,0.448278,25.82639,126.9954,8.298069,0.3012323,0.02682252,-0.9531732,0.0,0.0,0.0,1.40114,-0.167931,-2.589007,-0.2690018,0.1759319,0.8186771,-0.5452353,0.1299077,-0.8281564,0.4311469,0.8906946,-0.1441375,0.7189097,-0.4356458,-0.5416474,moving,-59.29634,30.14402,-18.18955,12.12829,-56.769804481060085,32.26328711045442,44.88134034915847,43.51843453596837,139.87700749087048
4013,4013,05/15/2023 13:24:30.603988,4242,True,True,True,True,Eyes,0.5815026,0.05830077,-2.15755,0.8283579,-0.2843873,-0.4826458,0.0,0.0,0.0,0.0,0.0,0.0,0.0,-1.67616,-0.5611587,-1.487645,0.4129409,0.06691538,-2.272115,0.1615911,0.8613266,-0.1675186,0.4515999,25.75511,126.5204,8.110188,0.2974936,0.02674065,-0.954349,0.0,0.0,0.0,1.399027,-0.1697139,-2.588787,-0.2667156,0.1788215,0.8247726,-0.5398917,0.1270626,-0.8320889,0.4296682,0.8916517,-0.1426274,0.7238109,-0.4345255,-0.5359901,moving,-59.77262,30.50768,-17.92021,12.23313,-57.22115258883159,32.59923282613334,45.668188058106715,44.2644578945148,139.18647372270505
4014,4014,05/15/2023 13:24:30.614321,4243,True,True,True,True,Eyes,0.5746438,0.05862476,-2.162764,0.832287,-0.2848539,-0.4755591,0.0,0.0,0.0,0.0,0.0,0.0,0.0,-1.690153,-0.5598204,-1.478755,0.4084763,0.06781787,-2.277122,0.1587009,0.8605549,-0.1668847,0.4543225,25.55833,126.0953,7.740223,0.2937782,0.02667658,-0.955501,0.0,0.0,0.0,1.396869,-0.1715348,-2.588562,-0.2636036,0.182536,0.8306305,-0.5368103,0.1215028,-0.8349083,0.4247807,0.893927,-0.1430241,0.7289693,-0.4314297,-0.5314812,moving,-60.25685,30.92108,-17.60703,12.39408,-57.67884369123011,32.98292130203862,46.50007392502081,45.05164412832441,138.45713909793628
4015,4015,05/15/2023 13:24:30.634485,4244,True,True,True,True,Eyes,0.5679175,0.05897778,-2.167959,0.8362499,-0.285164,-0.468367,0.0,0.0,0.0,0.0,0.0,0.0,0.0,-1.710731,-0.5574612,-1.461848,0.4037318,0.06880569,-2.281804,0.1590509,0.8583113,-0.1675631,0.4581781,25.68289,125.5514,7.618763,0.2900892,0.02662954,-0.9566287,0.0,0.0,0.0,1.394747,-0.1733252,-2.588341,-0.2590713,0.1842136,0.8366667,-0.5295513,0.1194828,-0.8398209,0.4265778,0.8932508,-0.1418954,0.7332166,-0.4333899,-0.5239909,moving,-60.74768,31.33503,-17.20498,12.41702,-58.14291172478648,33.36693349507249,47.47481253938872,45.98709742258474,137.61072645765347
4016,4016,05/15/2023 13:24:30.654072,4245,True,True,True,True,Eyes,0.5612717,0.05934136,-2.17314,0.8401774,-0.2858383,-0.460867,0.0,0.0,0.0,0.0,0.0,0.0,0.0,-1.73368,-0.5412521,-1.447356,0.4001062,0.06982115,-2.286586,0.1591544,0.8561121,-0.1649308,0.4631848,25.45703,124.8939,7.619579,0.2864308,0.02659906,-0.9577314,0.0,0.0,0.0,1.392665,-0.1750819,-2.588125,-0.2525941,0.1823297,0.8435689,-0.5202598,0.1197212,-0.845575,0.4252948,0.8949355,-0.1349626,0.7405771,-0.4298342,-0.5165156,moving,-61.25368,31.80796,-16.66954,12.19634,-58.62006316791808,33.8073773419891,48.706890462890364,47.18986468574453,136.57581272353713
4017,4017,05/15/2023 13:24:30.664030,4246,True,True,True,True,Eyes,0.5547281,0.05973289,-2.178311,0.8440975,-0.2865693,-0.4531859,0.0,0.0,0.0,0.0,0.0,0.0,0.0,-1.76103,-0.5237514,-1.426775,0.3955102,0.0704156,-2.291254,0.159744,0.8531014,-0.162687,0.4692898,25.30961,124.0829,7.619167,0.2828037,0.02658385,-0.9588091,0.0,0.0,0.0,1.390431,-0.1769671,-2.587892,-0.2446384,0.1827478,0.8502668,-0.5084978,0.119861,-0.8526801,0.4252504,0.8960295,-0.1276446,0.7487269,-0.4275095,-0.5066,moving,-61.76918,32.30696,-16.05157,12.13004,-59.10570420478776,34.27267715253651,49.97207184816835,48.41440748571405,135.4837767079125
4018,4018,05/15/2023 13:24:30.684054,4247,True,True,True,True,Eyes,0.5483226,0.06013621,-2.183419,0.8478006,-0.2877348,-0.4454691,0.0,0.0,0.0,0.0,0.0,0.0,0.0,-1.787646,-0.5112755,-1.404972,0.3913432,0.07148947,-2.29625,0.1617644,0.8497863,-0.1619995,0.4748175,25.40076,123.3501,7.703603,0.2792099,0.02658356,-0.9598618,0.0,0.0,0.0,1.388401,-0.1786801,-2.58768,-0.2366373,0.1848404,0.856604,-0.4967614,0.12109,-0.8593982,0.4287708,0.8951768,-0.1217129,0.7545752,-0.4289471,-0.4966091,moving,-62.28073,32.85899,-15.44284,12.17675,-59.58607367813612,34.78926725270383,51.20100576228655,49.59789326237919,134.42712693291122
4019,4019,05/15/2023 13:24:30.704339,4248,True,True,True,True,Eyes,0.5420124,0.06055085,-2.188527,0.8515326,-0.2887685,-0.4376129,0.0,0.0,0.0,0.0,0.0,0.0,0.0,-1.81404,-0.4905977,-1.385885,0.3872539,0.0723242,-2.301501,0.1631736,0.8467887,-0.1591922,0.4806052,25.24237,122.6021,7.836668,0.2756535,0.02659717,-0.9608888,0.0,0.0,0.0,1.386244,-0.1805001,-2.587456,-0.2300433,0.1859672,0.8625267,-0.4847865,0.1233299,-0.865894,0.4293643,0.8960644,-0.1127602,0.7619902,-0.4264484,-0.4873534,moving,-62.80082,33.4197,-14.93366,12.16715,-60.07447722309175,35.313964534960355,52.37304543339159,50.7293643039653,133.4457058310367
4020,4020,05/15/2023 13:24:30.714389,4249,True,True,True,True,Eyes,0.5358143,0.06096131,-2.193615,0.8550181,-0.2902176,-0.429788,0.0,0.0,0.0,0.0,0.0,0.0,0.0,-1.838775,-0.4718834,-1.367195,0.3831665,0.07298578,-2.306696,0.1640111,0.8439659,-0.1566165,0.4861,25.07533,121.8793,7.905521,0.2721351,0.02662369,-0.9618905,0.0,0.0,0.0,1.384073,-0.182332,-2.587229,-0.2246138,0.1842149,0.8682911,-0.4736144,0.124577,-0.8718773,0.4291021,0.8971433,-0.1049064,0.7691299,-0.4238096,-0.4783561,moving,-63.31291,34.02949,-14.50361,11.97815,-60.55379459800648,35.886267911993535,53.55940031671005,51.88658404254668,132.51058813227831
4021,4021,05/15/2023 13:24:30.734155,4250,True,True,True,True,Eyes,0.5297103,0.0613629,-2.198725,0.8584795,-0.2915655,-0.4219034,0.0,0.0,0.0,0.0,0.0,0.0,0.0,-1.862066,-0.4579623,-1.348607,0.379127,0.07341439,-2.312279,0.1647974,0.8412092,-0.1551181,0.4910677,25.0132,121.2104,7.92282,0.2686569,0.02666157,-0.9628667,0.0,0.0,0.0,1.381976,-0.1841014,-2.587011,-0.22064,0.1796162,0.873714,-0.4633888,0.1249112,-0.8773074,0.4296052,0.8975604,-0.09912019,0.7750552,-0.4228269,-0.4695819,moving,-63.828,34.64725,-14.17266,11.61689,-61.03580005903749,36.46616713846748,54.736187958654924,53.043759958145195,131.6289024698569
4022,4022,05/15/2023 13:24:30.754449,4251,True,True,True,True,Eyes,0.5236912,0.06173564,-2.203826,0.8616629,-0.2932976,-0.4141422,0.0,0.0,0.0,0.0,0.0,0.0,0.0,-1.883016,-0.4444215,-1.332637,0.3752401,0.07359172,-2.317964,0.1654647,0.838816,-0.1535477,0.4954112,24.93202,120.6278,7.951952,0.265219,0.02670917,-0.963818,0.0,0.0,0.0,1.379876,-0.1858732,-2.586792,-0.2180689,0.1802233,0.8781087,-0.4543785,0.1254503,-0.8819311,0.4297273,0.8980891,-0.09365056,0.7803043,-0.4215427,-0.4619817,moving,-64.32961,35.30632,-13.94666,11.59834,-61.50362399420548,37.08634734678118,55.68222307328345,53.95649490891461,130.93186810191568
4023,4023,05/15/2023 13:24:30.764366,4252,True,True,True,True,Eyes,0.5177455,0.06210447,-2.208937,0.864786,-0.2950862,-0.4062874,0.0,0.0,0.0,0.0,0.0,0.0,0.0,-1.903416,-0.4342079,-1.315307,0.3709664,0.07340108,-2.323479,0.1664952,0.8362852,-0.1530408,0.4994846,24.97957,120.07,7.964079,0.2618218,0.02676414,-0.9647447,0.0,0.0,0.0,1.377592,-0.1878007,-2.586554,-0.2151473,0.1846303,0.8817154,-0.4455889,0.1255918,-0.8863843,0.4313579,0.8977157,-0.08964799,0.784462,-0.422295,-0.4541871,moving,-64.83527,35.99088,-13.71278,11.82679,-61.9746751552841,37.73099479553103,56.54566499147568,54.77443153578545,130.27794048110857
4024,4024,05/15/2023 13:24:30.784232,4253,True,True,True,True,Eyes,0.5118779,0.06246499,-2.214061,0.8676119,-0.2972612,-0.3986042,0.0,0.0,0.0,0.0,0.0,0.0,0.0,-1.924645,-0.4286096,-1.294575,0.3667625,0.07370451,-2.328935,0.1678707,0.8333347,-0.1537949,0.5037063,25.17854,119.4722,7.929696,0.258465,0.02682549,-0.9656478,0.0,0.0,0.0,1.375628,-0.1894585,-2.58635,-0.213232,0.1837445,0.8856354,-0.436199,0.12485,-0.8911472,0.4347199,0.896333,-0.08721018,0.7878765,-0.4254404,-0.4452544,moving,-65.32468,36.71393,-13.53729,11.72098,-62.4289390165658,38.41328918433742,57.50288090795626,55.703435380156975,129.62312694181557
4025,4025,05/15/2023 13:24:30.804263,4254,True,True,True,True,Eyes,0.5060788,0.06281611,-2.219211,0.8704203,-0.2993692,-0.3908282,0.0,0.0,0.0,0.0,0.0,0.0,0.0,-1.946029,-0.4241563,-1.273096,0.3626311,0.07397839,-2.334682,0.1681358,0.8304403,-0.1543964,0.5081939,25.29793,118.818,7.776125,0.2551484,0.02689212,-0.9665276,0.0,0.0,0.0,1.373534,-0.1912247,-2.586132,-0.2106909,0.1817026,0.8899711,-0.4269388,0.1223269,-0.8959684,0.4361801,0.8957843,-0.08554281,0.7921302,-0.4273251,-0.4358015,moving,-65.8194,37.45164,-13.31894,11.53931,-62.88794570762637,39.10956188972352,58.546965303425424,56.72041181184689,128.90553482981815
4026,4026,05/15/2023 13:24:30.814502,4255,True,True,True,True,Eyes,0.5003478,0.06314282,-2.224379,0.8729765,-0.3016663,-0.3832877,0.0,0.0,0.0,0.0,0.0,0.0,0.0,-1.966328,-0.4209164,-1.252459,0.3584535,0.07410896,-2.340575,0.167793,0.8277684,-0.154985,0.5124693,25.37627,118.1823,7.564304,0.2518714,0.02696296,-0.9673848,0.0,0.0,0.0,1.371369,-0.1930518,-2.585906,-0.2076236,0.1794941,0.8939584,-0.4184418,0.1189374,-0.9004224,0.4366376,0.8956503,-0.08460588,0.7964008,-0.4285609,-0.42671,moving,-66.29572,38.20449,-13.07525,11.35322,-63.32871961753903,39.821019513354365,59.61047833756915,57.75661709045516,128.17992803559153
4027,4027,05/15/2023 13:24:30.834346,4256,True,True,True,True,Eyes,0.4946795,0.06345317,-2.229569,0.8755217,-0.3038837,-0.3756547,0.0,0.0,0.0,0.0,0.0,0.0,0.0,-1.985984,-0.4161272,-1.232503,0.3542878,0.07394998,-2.346353,0.1679385,0.8251072,-0.1554568,0.5165539,25.46983,117.5815,7.416175,0.2486336,0.02703645,-0.96822,0.0,0.0,0.0,1.369282,-0.1948134,-2.585689,-0.2040695,0.1766085,0.8979926,-0.4099374,0.116531,-0.904639,0.4377382,0.8952597,-0.08303843,0.8002102,-0.4300356,-0.4180104,moving,-66.77758,38.97093,-12.80307,11.12638,-63.77448828442627,40.545415843228646,60.73357139542018,58.85206157706896,127.41173548691282
4028,4028,05/15/2023 13:24:30.854560,4257,True,True,True,True,Eyes,0.4890691,0.06373268,-2.23476,0.8778359,-0.3062188,-0.3682854,0.0,0.0,0.0,0.0,0.0,0.0,0.0,-2.006104,-0.4080095,-1.212416,0.3501051,0.07386942,-2.352201,0.1682332,0.8223814,-0.1552438,0.5208511,25.50489,116.9629,7.319454,0.2454341,0.02711149,-0.9690339,0.0,0.0,0.0,1.367133,-0.1966262,-2.585465,-0.2002926,0.174281,0.9017004,-0.4008235,0.1149859,-0.9089107,0.4384214,0.8951939,-0.08009031,0.8044421,-0.430588,-0.409227,moving,-67.2401,39.74256,-12.52365,10.93926,-64.20138513396446,41.27542622766595,61.834618067005955,59.923879129849105,126.66367278280168
4029,4029,05/15/2023 13:24:30.864099,4258,True,True,True,True,Eyes,0.4835036,0.06398632,-2.239984,0.880145,-0.3084528,-0.3608346,0.0,0.0,0.0,0.0,0.0,0.0,0.0,-2.026404,-0.3971555,-1.192162,0.3456105,0.07353733,-2.358058,0.1687475,0.8196061,-0.1546015,0.5252321,25.51122,116.3416,7.270155,0.2422724,0.02718651,-0.9698271,0.0,0.0,0.0,1.364907,-0.198505,-2.585233,-0.1975475,0.1714399,0.9051124,-0.3913114,0.1142097,-0.9131441,0.4390163,0.8952453,-0.07616136,0.8087896,-0.4306878,-0.4004596,moving,-67.70776,40.52488,-12.31215,10.72549,-64.63296843177929,42.015589772291456,62.90212438101116,60.9634184173687,125.96738589386241
4030,4030,05/15/2023 13:24:30.884272,4259,True,True,True,True,Eyes,0.4779666,0.06422106,-2.245251,0.8822442,-0.3108155,-0.3536083,0.0,0.0,0.0,0.0,0.0,0.0,0.0,-2.046032,-0.3862699,-1.172885,0.3411091,0.07316698,-2.364191,0.1691906,0.8169724,-0.1538709,0.5293908,25.50262,115.7516,7.226293,0.239147,0.0272603,-0.9706004,0.0,0.0,0.0,1.362926,-0.2001767,-2.585027,-0.1963433,0.1701745,0.9077951,-0.3822401,0.1135324,-0.9170622,0.4393637,0.8953966,-0.07228074,0.8129281,-0.4305524,-0.3921386,moving,-68.15882,41.31491,-12.20428,10.61739,-65.04826481274348,42.76371289650766,63.822004675205875,61.853640205375115,125.41005939489882
4031,4031,05/15/2023 13:24:30.903922,4260,True,True,True,True,Eyes,0.4724689,0.06443261,-2.250558,0.8843256,-0.3131164,-0.3463038,0.0,0.0,0.0,0.0,0.0,0.0,0.0,-2.065451,-0.3775372,-1.152196,0.3364417,0.07300094,-2.370158,0.1700581,0.8141634,-0.153867,0.5334258,25.59281,115.169,7.182107,0.2360559,0.02733205,-0.9713548,0.0,0.0,0.0,1.360805,-0.2019663,-2.584806,-0.1955205,0.1679456,0.9103737,-0.3730744,0.1127569,-0.9209243,0.4410635,0.8948104,-0.06911904,0.816259,-0.4319726,-0.3835637,moving,-68.61459,42.11884,-12.12126,10.4524,-65.46774366367147,43.52509985915288,64.76310490366023,62.76663759715011,124.85689146589077
4032,4032,05/15/2023 13:24:30.914586,4261,True,True,True,True,Eyes,0.4669869,0.06461574,-2.255929,0.8862256,-0.3154269,-0.3392788,0.0,0.0,0.0,0.0,0.0,0.0,0.0,-2.084317,-0.369901,-1.132281,0.3318762,0.072662,-2.376519,0.1704922,0.8115093,-0.1538959,0.5373092,25.65746,114.5996,7.094778,0.232998,0.02740085,-0.9720908,0.0,0.0,0.0,1.358584,-0.2038401,-2.584574,-0.194829,0.1681419,0.9123122,-0.3644627,0.1113327,-0.9245389,0.4420914,0.8944969,-0.06656183,0.8195867,-0.4329899,-0.37523,moving,-69.05137,42.91355,-12.05473,10.4426,-65.8690826137339,44.27818629484256,65.59710028036378,63.567534537301555,124.37701442646765
4033,4033,05/15/2023 13:24:30.938287,4262,True,True,True,True,Eyes,0.4615289,0.06477129,-2.261349,0.8881044,-0.317639,-0.3322288,0.0,0.0,0.0,0.0,0.0,0.0,0.0,-2.102104,-0.3578535,-1.115115,0.3270111,0.0721775,-2.382905,0.17127,0.809162,-0.1529947,0.5408478,25.649,114.104,7.116301,0.2299707,0.02746566,-0.9728097,0.0,0.0,0.0,1.356605,-0.2055102,-2.584368,-0.1946105,0.168982,0.9139901,-0.3563007,0.1116767,-0.9276736,0.4426639,0.8945185,-0.06233292,0.82286,-0.4328569,-0.3681528,moving,-69.48981,43.71391,-12.02014,10.47478,-66.2718751593398,45.0366721270649,66.38977882977018,64.32554045790846,123.93704100365724
4034,4034,05/15/2023 13:24:30.954504,4263,True,True,True,True,Eyes,0.4560777,0.06489168,-2.266837,0.8898171,-0.3198442,-0.3254614,0.0,0.0,0.0,0.0,0.0,0.0,0.0,-2.119903,-0.3414746,-1.099276,0.3221144,0.07166842,-2.389583,0.1726532,0.8068511,-0.151364,0.5443082,25.60785,113.6424,7.251968,0.2269724,0.02752559,-0.9735119,0.0,0.0,0.0,1.354497,-0.2072888,-2.584149,-0.1951861,0.1693285,0.9153907,-0.3478394,0.1138336,-0.930618,0.4433881,0.8945597,-0.0563032,0.8260842,-0.4322094,-0.3616355,moving,-69.90939,44.50127,-12.03675,10.48008,-66.65675678365145,45.78320619195789,67.13183916433171,65.03580444625432,123.55645960784572
4035,4035,05/15/2023 13:24:30.964358,4264,True,True,True,True,Eyes,0.4506276,0.06498055,-2.272386,0.891481,-0.3220591,-0.3186527,0.0,0.0,0.0,0.0,0.0,0.0,0.0,-2.136819,-0.3261894,-1.084091,0.3170117,0.0709589,-2.396272,0.1738623,0.8046923,-0.1499206,0.5475089,25.57309,113.2115,7.365893,0.2240008,0.0275795,-0.9741984,0.0,0.0,0.0,1.352246,-0.2091886,-2.583914,-0.1958368,0.1686561,0.9166273,-0.3400116,0.1156457,-0.9332834,0.443977,0.8945914,-0.05089751,0.8290213,-0.4316621,-0.3555155,moving,-70.33098,45.30462,-12.05989,10.42561,-67.04314900494495,46.54510531227466,67.9121879221116,65.78583975612298,123.16454341373962
4036,4036,05/15/2023 13:24:30.983996,4265,True,True,True,True,Eyes,0.4451951,0.06505042,-2.277984,0.8929938,-0.3243265,-0.3120487,0.0,0.0,0.0,0.0,0.0,0.0,0.0,-2.154886,-0.3122267,-1.066308,0.3115778,0.07031137,-2.403333,0.175982,0.8020895,-0.149418,0.5507789,25.6929,112.7608,7.505956,0.2210536,0.02762655,-0.97487,0.0,0.0,0.0,1.350255,-0.2108681,-2.583707,-0.1957225,0.1669099,0.9182065,-0.3313463,0.1177141,-0.9361375,0.4468991,0.8934092,-0.04583885,0.830958,-0.4335474,-0.3486342,moving,-70.73849,46.10529,-12.03293,10.30263,-67.41597819217246,47.304860116364885,68.76171346024763,66.60665928149315,122.72056158509481
4037,4037,05/15/2023 13:24:31.004444,4266,True,True,True,True,Eyes,0.4397577,0.06508594,-2.283669,0.8945187,-0.3264409,-0.3054054,0.0,0.0,0.0,0.0,0.0,0.0,0.0,-2.172503,-0.2996065,-1.04892,0.3064103,0.0700113,-2.410597,0.1777867,0.7995884,-0.1489653,0.5539494,25.79747,112.3179,7.612735,0.2181298,0.02766651,-0.9755272,0.0,0.0,0.0,1.348109,-0.212679,-2.583483,-0.1951658,0.1659555,0.9196771,-0.3230644,0.1192738,-0.9388309,0.4493508,0.8924024,-0.04125226,0.8328947,-0.4351915,-0.3418992,moving,-71.14914,46.90679,-11.98107,10.22893,-67.79182575465923,48.06531729240752,69.61412156814521,67.42723975699498,122.26355403705894
4038,4038,05/15/2023 13:24:31.014639,4267,True,True,True,True,Eyes,0.4342933,0.0650884,-2.289457,0.8959471,-0.3285808,-0.2988535,0.0,0.0,0.0,0.0,0.0,0.0,0.0,-2.190301,-0.2847088,-1.032291,0.3008368,0.06920756,-2.418432,0.1781133,0.7974171,-0.1473265,0.5574017,25.69133,111.8371,7.640998,0.2152271,0.02769851,-0.9761708,0.0,0.0,0.0,1.345914,-0.2145315,-2.583254,-0.1953801,0.168703,0.9205301,-0.3151581,0.119821,-0.9414448,0.4483012,0.8931411,-0.03640011,0.8364815,-0.4335226,-0.3351966,moving,-71.55329,47.71259,-11.98305,10.38519,-68.16126097732176,48.83012717790364,70.29899205833324,68.0735233642672,121.92675969264103
4039,4039,05/15/2023 13:24:31.034591,4268,True,True,True,True,Eyes,0.4288062,0.06506564,-2.295328,0.8973238,-0.3307338,-0.2922758,0.0,0.0,0.0,0.0,0.0,0.0,0.0,-2.206991,-0.2759794,-1.015046,0.2949885,0.06839661,-2.426025,0.1790136,0.7951884,-0.1474372,0.5602608,25.78969,111.4141,7.62627,0.2123423,0.02772181,-0.9768018,0.0,0.0,0.0,1.343837,-0.2162835,-2.583038,-0.1976928,0.1712158,0.9208788,-0.3081242,0.1194925,-0.943812,0.4499054,0.8924329,-0.03389208,0.838239,-0.4350691,-0.3287405,moving,-71.95856,48.53235,-12.11626,10.53254,-68.53140021165721,49.608371364232944,70.88784401663025,68.62644273096862,121.70985922414917
4040,4040,05/15/2023 13:24:31.054078,4269,True,True,True,True,Eyes,0.4233067,0.06503512,-2.301245,0.8986036,-0.332865,-0.2858537,0.0,0.0,0.0,0.0,0.0,0.0,0.0,-2.22397,-0.2688372,-0.9968765,0.2889501,0.06779164,-2.433925,0.1801027,0.7928505,-0.1480416,0.5630586,25.94871,110.9903,7.597022,0.2094728,0.02773611,-0.9774208,0.0,0.0,0.0,1.341733,-0.2180597,-2.582819,-0.20027,0.1710837,0.9215783,-0.3010562,0.1188768,-0.9461679,0.4523012,0.8912933,-0.03193297,0.8395171,-0.4375665,-0.3220975,moving,-72.35368,49.34509,-12.26043,10.51678,-68.89190086400389,50.38016051753045,71.54604358745911,69.25469369296168,121.46797933255414
4041,4041,05/15/2023 13:24:31.063936,4270,True,True,True,True,Eyes,0.4177773,0.06499548,-2.30723,0.8999162,-0.3348409,-0.2793429,0.0,0.0,0.0,0.0,0.0,0.0,0.0,-2.240327,-0.2600027,-0.9792657,0.2829657,0.06764552,-2.441512,0.1810202,0.7906398,-0.1480386,0.5658668,26.03735,110.5745,7.591627,0.2066175,0.02774195,-0.9780282,0.0,0.0,0.0,1.33957,-0.2198846,-2.582593,-0.2032324,0.1701714,0.9222559,-0.2940532,0.1187033,-0.9483894,0.4537837,0.8906326,-0.02922376,0.8411975,-0.4389569,-0.3157589,moving,-72.75514,50.16326,-12.42734,10.45442,-69.25839357007578,51.15699004873263,72.22351020952665,69.90327501953546,121.22815606147803
4042,4042,05/15/2023 13:24:31.084031,4271,True,True,True,True,Eyes,0.4122246,0.06495782,-2.313281,0.9012572,-0.3366613,-0.2727538,0.0,0.0,0.0,0.0,0.0,0.0,0.0,-2.258556,-0.2448355,-0.9585187,0.2766987,0.06737009,-2.44922,0.1811359,0.7881286,-0.1463877,0.5697488,25.92209,110.0207,7.584466,0.2037739,0.0277397,-0.9786246,0.0,0.0,0.0,1.3375,-0.2216312,-2.582378,-0.2066421,0.1715367,0.922612,-0.285152,0.1187083,-0.9511028,0.4523252,0.8915208,-0.02434076,0.8450384,-0.4371486,-0.3079137,moving,-73.16224,50.98656,-12.62448,10.53246,-69.63020857876903,51.938592450140014,72.81040167879586,70.45651776290694,121.05083882933175
4043,4043,05/15/2023 13:24:31.104357,4272,True,True,True,True,Eyes,0.4066533,0.06493308,-2.319411,0.9026272,-0.3383617,-0.2660367,0.0,0.0,0.0,0.0,0.0,0.0,0.0,-2.277037,-0.2277073,-0.9370492,0.2704836,0.06726691,-2.457055,0.1818724,0.7854093,-0.1446473,0.5737004,25.84227,109.4639,7.6443,0.2009407,0.0277302,-0.9792105,0.0,0.0,0.0,1.335353,-0.2234431,-2.582154,-0.2110465,0.1717146,0.9226795,-0.2755811,0.1197202,-0.9537937,0.451657,0.8919992,-0.01853418,0.8485643,-0.4358952,-0.2998905,moving,-73.57786,51.82381,-12.88375,10.54238,-70.00989458040357,52.73338746347802,73.402530280209,71.01744507798368,120.90411145890674
4044,4044,05/15/2023 13:24:31.114519,4273,True,True,True,True,Eyes,0.4010472,0.06493194,-2.325619,0.9040188,-0.340022,-0.2591042,0.0,0.0,0.0,0.0,0.0,0.0,0.0,-2.296755,-0.2023717,-0.9140472,0.2644445,0.06753789,-2.465163,0.1835645,0.7822452,-0.141611,0.5782239,25.71099,108.8569,7.8732,0.1981165,0.02771466,-0.9797862,0.0,0.0,0.0,1.333233,-0.2252312,-2.581933,-0.2157834,0.1707173,0.922916,-0.2639223,0.1234192,-0.9566153,0.4509506,0.8925008,-0.009266191,0.8526363,-0.4338318,-0.2912069,moving,-74.00697,52.6918,-13.15971,10.47989,-70.40180703995561,53.5574192146009,74.05561690618545,71.64029031743583,120.73936678004928
4045,4045,05/15/2023 13:24:31.134494,4274,True,True,True,True,Eyes,0.3953955,0.06495067,-2.331924,0.9054058,-0.34169,-0.2519688,0.0,0.0,0.0,0.0,0.0,0.0,0.0,-2.317539,-0.1805201,-0.8852701,0.2581221,0.06816979,-2.473056,0.1851903,0.7784385,-0.1396058,0.5833081,25.68321,108.1362,8.001844,0.1952993,0.0276946,-0.9803522,0.0,0.0,0.0,1.331129,-0.2270071,-2.581714,-0.2202564,0.1696803,0.9230816,-0.2509123,0.1254521,-0.9598461,0.4511847,0.8924296,-0.001303064,0.8564315,-0.4333949,-0.2805237,moving,-74.44845,53.59422,-13.4204,10.4158,-70.80476064269996,54.414283149876745,74.75826937870418,72.31065872927338,120.5480972162885
4046,4046,05/15/2023 13:24:31.154301,4275,True,True,True,True,Eyes,0.3897265,0.06502927,-2.338345,0.9067544,-0.3434061,-0.2446806,0.0,0.0,0.0,0.0,0.0,0.0,0.0,-2.338875,-0.1643271,-0.8543355,0.2513645,0.06868003,-2.481799,0.1866406,0.7744589,-0.1389899,0.5882694,25.77726,107.3972,8.015403,0.1924872,0.02767121,-0.9809089,0.0,0.0,0.0,1.328975,-0.2288249,-2.58149,-0.2241713,0.1697039,0.9231284,-0.2382094,0.1255639,-0.963063,0.4526179,0.8916942,0.004305971,0.8592983,-0.4348737,-0.2692424,moving,-74.89885,54.52971,-13.64942,10.4167,-71.21545123912266,55.30277524311602,75.48145683931253,72.99731298722111,120.33782415679792
4047,4047,05/15/2023 13:24:31.164458,4276,True,True,True,True,Eyes,0.3840592,0.06515506,-2.344894,0.9081709,-0.3448508,-0.2372837,0.0,0.0,0.0,0.0,0.0,0.0,0.0,-2.359634,-0.1431603,-0.8251631,0.2453439,0.07018182,-2.490812,0.1892416,0.7704154,-0.1376172,0.5930508,25.88107,106.711,8.202424,0.1896791,0.02764723,-0.9814565,0.0,0.0,0.0,1.326783,-0.2306739,-2.581262,-0.2285796,0.1718585,0.9230276,-0.2249566,0.1283612,-0.9658767,0.4548172,0.8904983,0.01241487,0.8617051,-0.4365046,-0.2587044,moving,-75.3573,55.46906,-13.90897,10.54713,-71.63383279282874,56.19473926676039,76.11752133847897,73.59255408138607,120.1861949593922
4048,4048,05/15/2023 13:24:31.184372,4277,True,True,True,True,Eyes,0.3783442,0.06528313,-2.351561,0.909511,-0.346237,-0.2300212,0.0,0.0,0.0,0.0,0.0,0.0,0.0,-2.378683,-0.1244652,-0.8009486,0.2396796,0.07139164,-2.50052,0.1883164,0.7676589,-0.1343499,0.5976512,25.5542,106.0563,8.19103,0.1868748,0.02762454,-0.9819949,0.0,0.0,0.0,1.324773,-0.23237,-2.581052,-0.2337162,0.1796662,0.9220968,-0.2147003,0.1285369,-0.9681849,0.4497143,0.8929741,0.01882529,0.8669838,-0.4313648,-0.2495266,moving,-75.80713,56.40208,-14.22277,11.02567,-72.04403871415435,57.08086603362574,76.49609127986672,73.9214461263451,120.1942621151045
4049,4049,05/15/2023 13:24:31.206148,4278,True,True,True,True,Eyes,0.3725721,0.06540944,-2.358328,0.9107007,-0.347766,-0.2228971,0.0,0.0,0.0,0.0,0.0,0.0,0.0,-2.394468,-0.123486,-0.7804258,0.2329013,0.07153216,-2.509667,0.1868368,0.765758,-0.1348425,0.6004368,25.52347,105.5941,7.911766,0.1840729,0.02760298,-0.9825246,0.0,0.0,0.0,1.322682,-0.2341346,-2.580834,-0.2391929,0.1789188,0.921805,-0.2091356,0.1242147,-0.9699656,0.4480724,0.893819,0.01785392,0.8691914,-0.4308809,-0.2425867,moving,-76.24702,57.34256,-14.54648,10.98431,-72.44441457367088,57.97450232924369,77.17541045795674,74.56707720593846,120.07004848677947
4050,4050,05/15/2023 13:24:31.214324,4279,True,True,True,True,Eyes,0.36679,0.06555509,-2.365165,0.9117276,-0.3493195,-0.2161684,0.0,0.0,0.0,0.0,0.0,0.0,0.0,-2.407641,-0.1317683,-0.7660463,0.225777,0.07166964,-2.518891,0.1872948,0.7644117,-0.1383868,0.6012025,25.89818,105.3949,7.662308,0.1812707,0.02758224,-0.9830461,0.0,0.0,0.0,1.320392,-0.2360667,-2.580596,-0.2453008,0.1713825,0.9226812,-0.2069523,0.1199437,-0.9709709,0.4527376,0.8915395,0.01363528,0.8672943,-0.4367732,-0.2388093,moving,-76.66161,58.24966,-14.88807,10.52243,-72.8211982867113,58.83672498524197,78.06317139089661,75.4355251390585,119.8618494204602
4051,4051,05/15/2023 13:24:31.234074,4280,True,True,True,True,Eyes,0.3609951,0.06571366,-2.372068,0.9127492,-0.3506021,-0.2096832,0.0,0.0,0.0,0.0,0.0,0.0,0.0,-2.418265,-0.1315339,-0.760263,0.219662,0.0723222,-2.52781,0.1874602,0.7640941,-0.139107,0.6013886,25.97981,105.3498,7.617241,0.1784691,0.02756294,-0.9835591,0.0,0.0,0.0,1.318405,-0.2377438,-2.580389,-0.2494636,0.1727819,0.9233018,-0.2063811,0.1191598,-0.971189,0.4537892,0.8910159,0.01289125,0.866881,-0.4380545,-0.2379623,moving,-77.06209,59.11779,-15.11953,10.59944,-73.18537951416825,59.661789561698825,78.68234253043119,76.01813615392291,119.72338465034876
4052,4052,05/15/2023 13:24:31.254375,4281,True,True,True,True,Eyes,0.3551706,0.06586411,-2.378997,0.9136795,-0.3519019,-0.2033588,0.0,0.0,0.0,0.0,0.0,0.0,0.0,-2.427681,-0.1328314,-0.7565074,0.2135446,0.07274906,-2.536275,0.184852,0.7645932,-0.1382497,0.601759,25.71419,105.2871,7.415788,0.1756682,0.0275454,-0.9840638,0.0,0.0,0.0,1.316265,-0.2395491,-2.580166,-0.2515748,0.1719768,0.9242799,-0.2074316,0.1162871,-0.9713134,0.4490592,0.8934335,0.01106315,0.8690904,-0.4338823,-0.2375462,moving,-77.45214,59.97702,-15.22618,10.54025,-73.53970225315365,60.47859395161499,79.47367064603534,76.77437771938531,119.43922035530714
4053,4053,05/15/2023 13:24:31.264407,4282,True,True,True,True,Eyes,0.3493392,0.06601227,-2.385962,0.9144877,-0.3532884,-0.1972296,0.0,0.0,0.0,0.0,0.0,0.0,0.0,-2.437242,-0.1369464,-0.7497752,0.2069343,0.07275112,-2.544199,0.1848058,0.7642869,-0.1400245,0.6017522,25.87775,105.2446,7.277246,0.1728678,0.02752906,-0.98456,0.0,0.0,0.0,1.313966,-0.2414898,-2.579926,-0.2533876,0.1729933,0.9258764,-0.2074827,0.1139691,-0.9715772,0.4510094,0.8924799,0.008376652,0.8680679,-0.4364524,-0.2365752,moving,-77.82931,60.82677,-15.30556,10.58327,-73.88180955823553,61.28665536139559,80.20990341792279,77.47264226431723,119.17273814886524
4054,4054,05/15/2023 13:24:31.284557,4283,True,True,True,True,Eyes,0.3434857,0.06617878,-2.39299,0.9152629,-0.3547686,-0.1908746,0.0,0.0,0.0,0.0,0.0,0.0,0.0,-2.447337,-0.1294908,-0.7432399,0.2009481,0.07287723,-2.552046,0.1869239,0.7634335,-0.1405415,0.6020607,26.08266,105.2036,7.432148,0.1700687,0.02751363,-0.9850478,0.0,0.0,0.0,1.312129,-0.2430395,-2.579735,-0.2547464,0.1771357,0.9273686,-0.205165,0.1161789,-0.9718077,0.454637,0.890615,0.01049087,0.8667254,-0.4396673,-0.2355423,moving,-78.22002,61.71861,-15.36017,10.81375,-74.23588223844611,62.13490308167256,80.8867449811284,78.10384270454804,118.92758605560513
4055,4055,05/15/2023 13:24:31.304294,4284,True,True,True,True,Eyes,0.3376467,0.0663836,-2.40005,0.9159956,-0.3562659,-0.1844629,0.0,0.0,0.0,0.0,0.0,0.0,0.0,-2.459493,-0.1083397,-0.7304637,0.1948354,0.0734203,-2.559506,0.1901986,0.7614861,-0.139006,0.6038548,26.19369,104.989,7.800633,0.1672704,0.02749971,-0.9855272,0.0,0.0,0.0,1.309989,-0.2448455,-2.579512,-0.2572989,0.1711562,0.9294328,-0.1983677,0.1217884,-0.9725316,0.457546,0.8890037,0.01800243,0.8667767,-0.4414069,-0.2320734,moving,-78.61408,62.62635,-15.47392,10.43419,-74.59276572521173,62.99838700202338,81.91887066049678,79.10772861325819,118.54990831449989
4056,4056,05/15/2023 13:24:31.314007,4285,True,True,True,True,Eyes,0.3318441,0.06661883,-2.407203,0.9168743,-0.3574951,-0.1775917,0.0,0.0,0.0,0.0,0.0,0.0,0.0,-2.474379,-0.0842222,-0.7094905,0.1893306,0.07455215,-2.567415,0.193119,0.7584758,-0.1369038,0.6071877,26.24405,104.539,8.120819,0.1644749,0.02748866,-0.9859979,0.0,0.0,0.0,1.307844,-0.2466554,-2.579289,-0.2593464,0.1610527,0.9325361,-0.1880562,0.1266996,-0.9739518,0.4592048,0.8879248,0.02684258,0.8681968,-0.4421954,-0.2251608,moving,-79.03798,63.58334,-15.54171,9.798553,-74.97720546730422,63.90845450172967,83.21405900776784,80.37698403131849,118.02065765605153
4057,4057,05/15/2023 13:24:31.334281,4286,True,True,True,True,Eyes,0.1877629,0.07236166,-2.587204,0.9271539,-0.374676,-0.001859665,0.0,0.0,0.0,0.0,0.0,0.0,0.0,-2.489526,-0.06169694,-0.686919,0.1846321,0.07534572,-2.575585,0.192609,0.7558709,-0.1329122,0.6114699,25.87938,103.9486,8.219686,0.1616841,0.0274813,-0.9864596,0.0,0.0,0.0,1.305703,-0.2484617,-2.579066,-0.2617051,0.1520163,0.935233,-0.1780129,0.1286314,-0.9755847,0.4537187,0.8904723,0.03462026,0.8731845,-0.4364781,-0.2168781,moving,-89.88508,89.71562,-15.63315,9.232332,-84.76973237667552,88.78226875573706,109.50300797702246,105.3947790954021,107.85162243466003
4058,4058,05/15/2023 13:24:31.354287,4287,True,True,True,True,Eyes,0.1875725,0.07237774,-2.587547,0.9271922,-0.3745841,-0.001179838,0.0,0.0,0.0,0.0,0.0,0.0,0.0,-2.503804,-0.04293588,-0.6663299,0.1797595,0.07537735,-2.583966,0.1909481,0.7537786,-0.1290093,0.6153968,25.43625,103.4002,8.217846,0.1502445,0.02755435,-0.9882645,-0.4322434,0.0172285,-0.5400009,1.303575,-0.2502572,-2.578844,-0.2624362,0.1439794,0.9379287,-0.1696514,0.1290814,-0.9770142,0.446649,0.8937908,0.04052883,0.8784778,-0.4295065,-0.209287,moving,-89.92709,89.81953,-15.63183,8.727224,-84.80758442253548,88.88120987195855,109.9806698964197,105.87703457827419,107.64112136304469
4059,4059,05/15/2023 13:24:31.364162,4288,True,True,True,True,Eyes,0.1872296,0.072409,-2.588172,0.927283,-0.3743612,-0.0001259804,0.0,0.0,0.0,0.0,0.0,0.0,0.0,-2.517112,-0.03451848,-0.644361,0.1751807,0.07566124,-2.591492,0.189866,0.7514763,-0.1278597,0.6187782,25.28599,102.8786,8.082388,0.1406406,0.02761109,-0.9896754,-0.4063088,0.01619479,-0.5076008,1.301341,-0.2521423,-2.578611,-0.262484,0.140027,0.9403419,-0.1621294,0.1271259,-0.9785466,0.4435931,0.8952056,0.0428027,0.8814417,-0.4271369,-0.2015314,moving,-89.99222,89.98072,-15.59637,8.469722,-84.86626560511965,89.03469309656494,110.3575339167132,106.24986119960118,107.46077405742703
4060,4060,05/15/2023 13:24:31.384354,4289,True,True,True,True,Eyes,0.1867392,0.0724577,-2.5891,0.9273572,-0.3741744,0.001450872,0.0,0.0,0.0,0.0,0.0,0.0,0.0,-2.531344,-0.03228238,-0.6172338,0.1711302,0.07604714,-2.598972,0.1877034,0.7487322,-0.1275578,0.6228134,25.13938,102.2231,7.757173,0.1325593,0.02765564,-0.9907889,-0.3819303,0.0152231,-0.4771448,1.299444,-0.2537429,-2.578414,-0.2634037,0.1411777,0.9419436,-0.1537418,0.1221897,-0.980527,0.4399686,0.8969929,0.04279511,0.8847549,-0.4248217,-0.191665,moving,89.91035,-89.77784,-15.62304,8.523995,84.46283053019042,-78.76565832596258,144.2239479741812,132.8031063550577,107.41281699823745
4061,4061,05/15/2023 13:24:31.404444,4290,True,True,True,True,Eyes,0.1861285,0.07253414,-2.590283,0.9274227,-0.3739995,0.003404903,0.0,0.0,0.0,0.0,0.0,0.0,0.0,-2.545587,-0.03248245,-0.5871623,0.1672449,0.07645419,-2.606148,0.1859588,0.7455371,-0.128234,0.6270166,25.113,101.5187,7.390285,0.1257382,0.02769122,-0.9916766,-0.3590145,0.01430972,-0.4485161,1.297333,-0.2555248,-2.578194,-0.2637607,0.136146,0.9442962,-0.1445389,0.1164686,-0.9826207,0.4380879,0.8979507,0.0419921,0.8872358,-0.4244048,-0.1808124,moving,89.78965,-89.47839,-15.60611,8.20421,84.35410149279357,-78.48051630422972,143.70162340327823,132.31132096734294,107.1766532704448
4062,4062,05/15/2023 13:24:31.414291,4291,True,True,True,True,Eyes,0.1854016,0.07264256,-2.591742,0.9274184,-0.3739805,0.005813003,0.0,0.0,0.0,0.0,0.0,0.0,0.0,-2.55977,-0.03092721,-0.5568259,0.1636955,0.0772222,-2.613556,0.1851857,0.742078,-0.1291215,0.6311531,25.17583,100.8236,7.099589,0.1199585,0.02772078,-0.9923915,-0.3374736,0.01345113,-0.4216051,1.295184,-0.2573378,-2.57797,-0.2643204,0.1290194,0.9465597,-0.1347043,0.1118537,-0.9845526,0.4378353,0.8980678,0.04212469,0.8889068,-0.4253975,-0.169947,moving,89.64088,-89.10949,-15.60203,7.761782,84.22008123903714,-78.12924506599816,143.03885291824065,131.68797372072643,106.8842101422632
4063,4063,05/15/2023 13:24:31.434112,4292,True,True,True,True,Eyes,0.1845766,0.07278667,-2.593426,0.9273893,-0.3740016,0.008473396,0.0,0.0,0.0,0.0,0.0,0.0,0.0,-2.572605,-0.03034715,-0.5296285,0.1603117,0.07809912,-2.620672,0.1844137,0.7390277,-0.1300098,0.6347656,25.23175,100.2097,6.826475,0.1150375,0.02774683,-0.9929733,-0.3172252,0.01264406,-0.3963088,1.2931,-0.2590966,-2.577753,-0.2616009,0.1284795,0.9492834,-0.1261289,0.1075222,-0.9861699,0.4376251,0.8981781,0.04195726,0.8902674,-0.4262806,-0.1603407,moving,89.47652,-88.70213,-15.40699,7.707783,84.07201125064185,-77.74135423397048,142.46200193240185,131.13972221968112,106.53502375981235
4064,4064,05/15/2023 13:24:31.454151,4293,True,True,True,True,Eyes,0.1836713,0.07298724,-2.59533,0.9272678,-0.3742251,0.01139636,0.0,0.0,0.0,0.0,0.0,0.0,0.0,-2.584721,-0.03015603,-0.504704,0.1570861,0.07913336,-2.627828,0.1840899,0.7361763,-0.131155,0.6379296,25.33938,99.66206,6.589217,0.1106389,0.02777301,-0.9934723,-0.2981916,0.01188542,-0.3725303,1.290969,-0.2608947,-2.577531,-0.2570583,0.1221765,0.9521828,-0.1183141,0.10371,-0.9875456,0.4383806,0.8978185,0.04176638,0.8909684,-0.4279792,-0.151689,moving,89.29586,-88.2557,-15.10783,7.311786,83.90922054524391,-77.3162775079737,141.5389517623198,130.25469447121287,105.95807267093406
4065,4065,05/15/2023 13:24:31.464199,4294,True,True,True,True,Eyes,0.1827007,0.07321728,-2.597422,0.9271812,-0.3743314,0.01452475,0.0,0.0,0.0,0.0,0.0,0.0,0.0,-2.595873,-0.02532935,-0.4819117,0.1542852,0.08069189,-2.634601,0.1847732,0.7333525,-0.1317305,0.6408591,25.46989,99.17114,6.497778,0.1066386,0.02780187,-0.9939088,-0.2803001,0.0111723,-0.3501785,1.288711,-0.2628003,-2.577296,-0.2502278,0.1177743,0.956125,-0.1103172,0.1021663,-0.9886315,0.439849,0.8970119,0.04361739,0.8912705,-0.4300369,-0.1438936,moving,89.10251,-87.77793,-14.66597,7.02225,83.73499452281072,-76.86136004383293,140.5523801632075,129.30278362434925,105.27420900673327
4066,4066,05/15/2023 13:24:31.484555,4295,True,True,True,True,Eyes,0.1816647,0.07345977,-2.599684,0.9270388,-0.3745472,0.01770201,0.0,0.0,0.0,0.0,0.0,0.0,0.0,-2.606546,-0.01632905,-0.4600596,0.1516834,0.08161011,-2.641275,0.1839873,0.730876,-0.1302507,0.6442078,25.3056,98.65616,6.422591,0.1029945,0.02783416,-0.9942922,-0.2634821,0.01050196,-0.3291678,1.286658,-0.2645319,-2.577082,-0.2441008,0.1172671,0.9591814,-0.10229,0.1011267,-0.9896009,0.4367608,0.8983669,0.04665782,0.8937431,-0.4274463,-0.1360622,moving,88.90606,-87.29408,-14.27804,6.970248,83.557932027881,-76.40067344792632,139.75951497519438,128.5402192534174,104.71894514648274
4067,4067,05/15/2023 13:24:31.504475,4296,True,True,True,True,Eyes,0.1805813,0.07372197,-2.60212,0.9268695,-0.374795,0.02101681,0.0,0.0,0.0,0.0,0.0,0.0,0.0,-2.616268,-0.007523701,-0.4415979,0.149012,0.08218302,-2.647823,0.1842736,0.7286168,-0.1295557,0.6468199,25.28852,98.24598,6.40922,0.09966806,0.02786987,-0.9946301,-0.2476732,0.00987184,-0.3094177,1.284563,-0.2663004,-2.576863,-0.2383309,0.1128929,0.9623453,-0.09533437,0.1009312,-0.9903152,0.4361281,0.8985171,0.04959072,0.8948204,-0.4271766,-0.1296785,moving,88.70103,-86.79047,-13.90979,6.690795,83.37309886616458,-75.92119029536458,138.80823926220165,127.62719373467421,104.09424126248305
4068,4068,05/15/2023 13:24:31.514436,4297,True,True,True,True,Eyes,0.1794584,0.07400648,-2.604781,0.9266661,-0.3750905,0.02443454,0.0,0.0,0.0,0.0,0.0,0.0,0.0,-2.625845,0.01048388,-0.4236715,0.1467436,0.08290443,-2.654479,0.1860777,0.7260141,-0.1278379,0.6495661,25.30037,97.84766,6.612723,0.09662554,0.02790928,-0.9949292,-0.2328128,0.00927953,-0.2908527,1.282413,-0.2681143,-2.576639,-0.2330318,0.1081717,0.9653279,-0.0868779,0.1041118,-0.990764,0.4362684,0.8980651,0.05611537,0.8956128,-0.4273638,-0.1234427,moving,88.48956,-86.27284,-13.57165,6.393719,83.18241104655169,-75.42838176865415,137.85347925810424,126.71307944800192,103.48429364961194
4069,4069,05/15/2023 13:24:31.534096,4298,True,True,True,True,Eyes,0.1783051,0.07429224,-2.607625,0.9264771,-0.3753106,0.02796776,0.0,0.0,0.0,0.0,0.0,0.0,0.0,-2.635601,0.03028555,-0.4040453,0.1447531,0.08362122,-2.661318,0.1866269,0.7234102,-0.1247676,0.6529021,25.10095,97.37904,6.791812,0.09383664,0.02795267,-0.9951948,-0.218844,0.008722758,-0.2734015,1.280306,-0.2698922,-2.57642,-0.2287461,0.1051945,0.9676586,-0.07777844,0.1070936,-0.991202,0.4329376,0.8992069,0.063182,0.8980622,-0.4242145,-0.1163038,moving,88.27093,-85.73825,-13.30007,6.204279,82.98525143939399,-74.91943376158791,137.00400242297974,125.90440777396178,102.96601124200434
4070,4070,05/15/2023 13:24:31.554004,4299,True,True,True,True,Eyes,0.1771273,0.07457367,-2.610688,0.9262236,-0.3756723,0.03130574,0.0,0.0,0.0,0.0,0.0,0.0,0.0,-2.645196,0.0444364,-0.387264,0.1428118,0.08390819,-2.668628,0.1869245,0.7212347,-0.1227761,0.6555959,24.97322,96.98505,6.883778,0.09127482,0.02799949,-0.9954317,-0.2057134,0.008199393,-0.2569974,1.278216,-0.271656,-2.576202,-0.2258557,0.1021542,0.9694337,-0.07050684,0.1086499,-0.9915767,0.4306159,0.8999705,0.06799311,0.8997772,-0.4221946,-0.1102404,moving,88.06418,-85.2364,-13.11465,6.015352,82.79870450821208,-74.44170269315143,136.24990966323023,125.19069143875964,102.53788668428335
4071,4071,05/15/2023 13:24:31.564387,4300,True,True,True,True,Eyes,0.1759427,0.07484417,-2.613925,0.9259803,-0.3759841,0.03459106,0.0,0.0,0.0,0.0,0.0,0.0,0.0,-2.653819,0.05530256,-0.378593,0.1410903,0.08404006,-2.676224,0.1877632,0.7199778,-0.1216028,0.6569549,24.9487,96.79306,7.00626,0.08891576,0.02804902,-0.9956437,-0.1933706,0.007707429,-0.2415776,1.275899,-0.273611,-2.575961,-0.2230142,0.1014659,0.9711003,-0.06631061,0.1105955,-0.9916511,0.4301459,0.8999155,0.07160123,0.9003209,-0.4218066,-0.1072462,moving,87.86064,-84.74351,-12.93377,5.964933,82.61502204611236,-73.97251609884408,135.60064424158298,124.57755588347972,102.16584200115314
4072,4072,05/15/2023 13:24:31.584615,4301,True,True,True,True,Eyes,0.1747626,0.07508973,-2.617324,0.9257191,-0.3763279,0.03770089,0.0,0.0,0.0,0.0,0.0,0.0,0.0,-2.661689,0.06634548,-0.3733838,0.1397166,0.08401914,-2.683622,0.1883365,0.7191795,-0.1199999,0.6579591,24.86227,96.66959,7.153409,0.08673908,0.02810038,-0.9958343,-0.1817683,0.007244983,-0.2270829,1.27392,-0.275281,-2.575755,-0.2193194,0.1030772,0.9730978,-0.06323813,0.1129855,-0.9915821,0.4288055,0.9002588,0.07523253,0.9011807,-0.4204383,-0.1053796,moving,87.66785,-84.27914,-12.70125,6.046617,82.44097296064332,-73.53051017475346,135.02851036885895,124.03451841838083,101.80349554081188
4073,4073,05/15/2023 13:24:31.604264,4302,True,True,True,True,Eyes,0.173594,0.0752891,-2.6209,0.9254657,-0.3766305,0.04077601,0.0,0.0,0.0,0.0,0.0,0.0,0.0,-2.67003,0.07197256,-0.366255,0.1386076,0.08366673,-2.691128,0.187467,0.7184343,-0.1186445,0.6592661,24.6868,96.48264,7.139659,0.08472642,0.02815226,-0.9960061,-0.1708622,0.006810284,-0.2134579,1.271805,-0.2770651,-2.575534,-0.2153078,0.1027078,0.975158,-0.06044848,0.1129289,-0.9917626,0.425802,0.9015592,0.07670482,0.902795,-0.4176578,-0.1025833,moving,87.47718,-83.82092,-12.45073,6.012468,82.26880933417102,-73.09437165216666,134.37122011995964,123.40860266379804,101.38540036594466
4074,4074,05/15/2023 13:24:31.614212,4303,True,True,True,True,Eyes,0.173594,0.0752891,-2.6209,0.9254657,-0.3766305,0.04077601,0.0,0.0,0.0,0.0,0.0,0.0,0.0,-2.678614,0.07224824,-0.3605957,0.1377019,0.08276495,-2.698964,0.1868877,0.7177979,-0.1188396,0.6600884,24.66615,96.33804,7.0417,0.08286144,0.02820266,-0.9961616,-0.1606105,0.006401667,-0.2006505,1.269653,-0.2788812,-2.57531,-0.2119065,0.1015683,0.9771221,-0.05871303,0.1114058,-0.9920391,0.4251844,0.9019004,0.07611907,0.9032005,-0.4173303,-0.1003213,moving,87.47718,-83.82092,-12.23614,5.934378,82.26880933417102,-73.09437165216666,134.15945626190947,123.1938664067293,101.16052985809533
4075,4075,05/15/2023 13:24:31.634076,4304,True,True,True,True,Eyes,0.173594,0.0752891,-2.6209,0.9254657,-0.3766305,0.04077601,0.0,0.0,0.0,0.0,0.0,0.0,0.0,-2.687042,0.06953911,-0.3582366,0.1369197,0.08176391,-2.707014,0.186763,0.7174848,-0.1199611,0.6602611,24.75665,96.27971,6.931291,0.0811825,0.02824795,-0.9962986,-0.1509739,0.006017567,-0.1886114,1.267511,-0.2806885,-2.575087,-0.2087691,0.1012531,0.9788913,-0.05835011,0.109588,-0.9922631,0.4264104,0.9014579,0.0744842,0.902646,-0.4187651,-0.09932957,moving,87.47718,-83.82092,-12.03916,5.905473,82.26880933417102,-73.09437165216666,133.99375928671472,123.02425994494504,100.96935451005699
4076,4076,05/15/2023 13:24:31.654266,4305,True,True,True,True,Eyes,0.173594,0.0752891,-2.6209,0.9254657,-0.3766305,0.04077601,0.0,0.0,0.0,0.0,0.0,0.0,0.0,-2.694639,0.06569126,-0.3603039,0.136316,0.08053453,-2.714802,0.1868508,0.7176687,-0.1213237,0.6597872,24.87905,96.32366,6.84341,0.07967144,0.02828863,-0.9964195,-0.1419155,0.005656513,-0.1772947,1.265424,-0.2824501,-2.57487,-0.2054667,0.1001539,0.9808699,-0.05953556,0.1080983,-0.992356,0.4282896,0.9007347,0.07242307,0.9016783,-0.420704,-0.09992323,moving,87.47718,-83.82092,-11.83091,5.830108,82.26880933417102,-73.09437165216666,133.78865258647642,122.8162475698351,100.75113316399198
4077,4077,05/15/2023 13:24:31.664661,4306,True,True,True,True,Eyes,0.173594,0.0752891,-2.6209,0.9254657,-0.3766305,0.04077601,0.0,0.0,0.0,0.0,0.0,0.0,0.0,-2.702522,0.06825012,-0.3572321,0.1359545,0.07969663,-2.722326,0.1878595,0.7169545,-0.1221224,0.6601298,25.03271,96.24931,6.854664,0.07831153,0.02832518,-0.9965262,-0.1334005,0.005317122,-0.1666571,1.26321,-0.2843177,-2.574639,-0.2021681,0.09896828,0.983001,-0.05787525,0.1081402,-0.9924496,0.4306066,0.89959,0.07291092,0.9006823,-0.4231356,-0.09862992,moving,87.47718,-83.82092,-11.62164,5.749151,82.26880933417102,-73.09437165216666,133.57909171849255,122.60390507800007,100.52988064665551
4078,4078,05/15/2023 13:24:31.684206,4307,True,True,True,True,Eyes,0.1724484,0.07525657,-2.625872,0.9249023,-0.377583,0.04457428,0.0,0.0,0.0,0.0,0.0,0.0,0.0,-2.71138,0.06938502,-0.3454971,0.1364156,0.07886748,-2.729639,0.1874495,0.7153663,-0.1224729,0.6619021,25.04768,95.94112,6.723016,0.07708712,0.02835804,-0.9966208,-0.1253965,0.004998095,-0.1566576,1.261199,-0.2860153,-2.57443,-0.1996723,0.0978394,0.985056,-0.05349697,0.10606,-0.9929198,0.4303201,0.8997262,0.07292046,0.9010898,-0.4233723,-0.0937724,moving,87.24085,-83.2673,-11.45869,5.672225,82.0550266695593,-72.56761740894677,132.86022092197962,121.92738882437956,100.1356958232653
4079,4079,05/15/2023 13:24:31.704547,4308,True,True,True,True,Eyes,0.1713821,0.07513475,-2.630947,0.9243201,-0.3785226,0.04850752,0.0,0.0,0.0,0.0,0.0,0.0,0.0,-2.721297,0.06799418,-0.3271041,0.1370879,0.07725488,-2.737209,0.1854362,0.7132353,-0.1225753,0.664744,24.92208,95.4531,6.429735,0.07592954,0.02838104,-0.9967089,-0.1178727,0.004698209,-0.1472582,1.259054,-0.2878246,-2.574206,-0.1969763,0.09816399,0.9872229,-0.0474584,0.1015569,-0.9936973,0.4274817,0.9011774,0.07168508,0.9027777,-0.4213853,-0.08618207,moving,86.99593,-82.69737,-11.2838,5.678511,81.83336957435269,-72.02539568342414,132.1711075515336,121.27944748969234,99.7528163350723
4080,4080,05/15/2023 13:24:31.714179,4309,True,True,True,True,Eyes,0.1713821,0.07513475,-2.630947,0.9243201,-0.3785226,0.04850752,0.0,0.0,0.0,0.0,0.0,0.0,0.0,-2.730972,0.06780349,-0.3095345,0.1378775,0.07503028,-2.744808,0.1849374,0.7108354,-0.1237676,0.6672279,25.00817,94.99953,6.19259,0.07483543,0.02839169,-0.9967914,-0.1108003,0.004416316,-0.1384227,1.256937,-0.2896109,-2.573986,-0.1949175,0.09805326,0.9891238,-0.04121057,0.09775761,-0.9943568,0.4280823,0.9009596,0.07083394,0.9027997,-0.4227475,-0.07897737,moving,86.99593,-82.69737,-11.14791,5.661317,81.83336957435269,-72.02539568342414,132.0585888850459,121.16411877631441,99.62185708853144
4081,4081,05/15/2023 13:24:31.734310,4310,True,True,True,True,Eyes,0.1713821,0.07513475,-2.630947,0.9243201,-0.3785226,0.04850752,0.0,0.0,0.0,0.0,0.0,0.0,0.0,-2.739731,0.07191245,-0.2925181,0.1389651,0.0728444,-2.751771,0.1853483,0.7082615,-0.1246668,0.669679,25.1406,94.56032,6.060484,0.0738507,0.02840125,-0.9968646,-0.1041523,0.004151337,-0.1301173,1.254825,-0.2913932,-2.573766,-0.1941267,0.09738605,0.9911012,-0.03435212,0.09557662,-0.9948291,0.4295235,0.9002085,0.07165433,0.9024021,-0.424841,-0.0719765,moving,86.99593,-82.69737,-11.0822,5.611894,81.83336957435269,-72.02539568342414,131.97668617039372,121.08200452054918,99.54362050795744
4082,4082,05/15/2023 13:24:31.754305,4311,True,True,True,True,Eyes,0.170526,0.07475087,-2.636658,0.9234238,-0.3800062,0.05370193,0.0,0.0,0.0,0.0,0.0,0.0,0.0,-2.748474,0.0815547,-0.2701681,0.1404281,0.0707992,-2.758445,0.1862231,0.7048432,-0.1249063,0.6729899,25.2603,93.99236,5.991183,0.0729641,0.02840983,-0.9969296,-0.09790318,0.003902257,-0.1223103,1.252697,-0.2931892,-2.573544,-0.1940293,0.09657989,0.992961,-0.02481115,0.09439489,-0.9952257,0.4306376,0.8994387,0.07457384,0.9021839,-0.4267313,-0.0629661,moving,86.6717,-81.95631,-11.05655,5.555373,81.53956939016261,-71.3205446822284,131.1834803226191,120.34927521843248,99.20312296520653
4083,4083,05/15/2023 13:24:31.765093,4312,True,True,True,True,Eyes,0.1697802,0.07429107,-2.642432,0.9224143,-0.3816496,0.05912112,0.0,0.0,0.0,0.0,0.0,0.0,0.0,-2.757559,0.09691365,-0.2408535,0.1419329,0.06844385,-2.765267,0.1879983,0.7002789,-0.1250572,0.67722,25.45374,93.26766,5.970517,0.07212003,0.02839697,-0.9969915,-0.09202899,0.003668122,-0.1149717,1.250481,-0.2950587,-2.573313,-0.1944891,0.09601372,0.994803,-0.01205962,0.09392006,-0.9955068,0.4326848,0.8980347,0.07948267,0.9014646,-0.4297822,-0.05146772,moving,86.3327,-81.19434,-11.06209,5.512844,81.23203504399885,-70.59598163604186,130.3989297362289,119.6275840152877,98.8833241741398
4084,4084,05/15/2023 13:24:31.784162,4313,True,True,True,True,Eyes,0.1691526,0.07377673,-2.648273,0.9212097,-0.3836411,0.06474612,0.0,0.0,0.0,0.0,0.0,0.0,0.0,-2.766696,0.1122842,-0.2131994,0.1437468,0.06620955,-2.772655,0.1907042,0.6956685,-0.1259387,0.6810411,25.78389,92.58717,5.979085,0.07131764,0.02836193,-0.9970502,-0.08650725,0.003448034,-0.1080734,1.248481,-0.2967467,-2.573105,-0.1947174,0.09855018,0.9968524,0.0003697863,0.09379482,-0.9955916,0.4368727,0.8955427,0.08453151,0.8995234,-0.4349779,-0.04064529,moving,85.97964,-80.42061,-11.05254,5.645992,80.91120463844805,-69.86051273405155,129.70236673005934,118.98975832011355,98.60261660147232
4085,4085,05/15/2023 13:24:31.804305,4314,True,True,True,True,Eyes,0.1686598,0.07321549,-2.654186,0.9199468,-0.3856818,0.07033716,0.0,0.0,0.0,0.0,0.0,0.0,0.0,-2.775102,0.1268235,-0.1951556,0.1459452,0.06446896,-2.78027,0.1941697,0.6920805,-0.1270785,0.6835012,26.18861,92.13018,6.080083,0.07055753,0.02830488,-0.9971058,-0.08131682,0.003241152,-0.101589,1.246361,-0.2985354,-2.572884,-0.1952623,0.1001703,0.9987543,0.009751192,0.09504549,-0.9954252,0.4424787,0.8922983,0.08953328,0.8967261,-0.4413275,-0.03335461,moving,85.62779,-79.6645,-11.06213,5.727344,80.59106560162324,-69.14200669178847,128.99886686063076,118.34579813833449,98.32261443024632
4086,4086,05/15/2023 13:24:31.814332,4315,True,True,True,True,Eyes,0.1682955,0.07259326,-2.660147,0.9186376,-0.3877473,0.07587485,0.0,0.0,0.0,0.0,0.0,0.0,0.0,-2.783021,0.1390394,-0.1848581,0.1486467,0.06279601,-2.787951,0.1962288,0.6897668,-0.1270586,0.6852536,26.3731,91.82726,6.187824,0.06984197,0.02822644,-0.9971584,-0.07643781,0.003046683,-0.09549363,1.244197,-0.3003616,-2.572658,-0.1963939,0.09844591,1.001016,0.01615613,0.09656956,-0.9951952,0.4448389,0.8907007,0.09365146,0.895465,-0.4442145,-0.02856767,moving,85.27837,-78.9282,-11.10013,5.616748,80.27273975220972,-68.4425382934109,128.2055517306981,117.61708724944552,98.0002812327267
4087,4087,05/15/2023 13:24:31.834377,4316,True,True,True,True,Eyes,0.1680454,0.07190181,-2.666167,0.9172319,-0.3899599,0.08134396,0.0,0.0,0.0,0.0,0.0,0.0,0.0,-2.790773,0.1474704,-0.1751437,0.1513798,0.06080879,-2.795393,0.1975937,0.6876946,-0.127349,0.686888,26.52601,91.53285,6.212157,0.06917021,0.02812643,-0.9972081,-0.07185154,0.002863882,-0.08976401,1.242108,-0.3021245,-2.572441,-0.1979158,0.1004113,1.003247,0.02171678,0.09681922,-0.995065,0.4467173,0.8894779,0.09629501,0.8944115,-0.446604,-0.02393419,moving,84.93203,-78.21731,-11.15974,5.715489,79.95670389034258,-67.7674903629097,127.58660983703307,117.05534846076773,97.77946537216367
4088,4088,05/15/2023 13:24:31.854165,4317,True,True,True,True,Eyes,0.1679217,0.07116675,-2.672236,0.9157501,-0.3922738,0.08673593,0.0,0.0,0.0,0.0,0.0,0.0,0.0,-2.798395,0.1549733,-0.1670442,0.1538535,0.05850667,-2.802827,0.2002074,0.6855406,-0.1289981,0.6879759,26.89407,91.29127,6.244389,0.06854143,0.02800434,-0.9972549,-0.06754044,0.002692049,-0.08437818,1.239996,-0.3039059,-2.572221,-0.1996536,0.103284,1.005607,0.02678723,0.0970055,-0.9949234,0.4519957,0.886553,0.0986089,0.891618,-0.4523425,-0.02009781,moving,84.58933,-77.5319,-11.2295,5.86418,79.64349845268498,-67.1169128805507,127.02816357774877,116.55102644687972,97.59135699886171
4089,4089,05/15/2023 13:24:31.865188,4318,True,True,True,True,Eyes,0.1679474,0.07042702,-2.678356,0.9141483,-0.3947843,0.09207636,0.0,0.0,0.0,0.0,0.0,0.0,0.0,-2.8059,0.1698905,-0.1588759,0.1567559,0.05674492,-2.810585,0.2042278,0.6829501,-0.1300736,0.6891669,27.33302,91.04876,6.441948,0.06795735,0.02786111,-0.9972988,-0.06348801,0.002530526,-0.07931548,1.237743,-0.3058073,-2.571986,-0.2013453,0.1044661,1.008284,0.03331988,0.09967011,-0.9944625,0.4582396,0.8827437,0.1038266,0.8882039,-0.4591616,-0.01625992,moving,84.24835,-76.87148,-11.2929,5.915183,79.33127733085827,-66.49039327087289,126.41899391403996,115.99702147905366,97.3638705709928
4090,4090,05/15/2023 13:24:31.884346,4319,True,True,True,True,Eyes,0.1681237,0.06968245,-2.684537,0.9125471,-0.3971868,0.0974704,0.0,0.0,0.0,0.0,0.0,0.0,0.0,-2.812796,0.187893,-0.1501696,0.1603406,0.0559227,-2.81795,0.2085153,0.6801527,-0.1304683,0.6905736,27.74044,90.78802,6.712205,0.06741862,0.02769871,-0.99734,0.0,0.0,0.0,1.23577,-0.3074725,-2.57178,-0.2014103,0.1026153,1.012052,0.04074092,0.1034484,-0.9938001,0.4638403,0.8789988,0.1105135,0.8849816,-0.4654669,-0.01217238,moving,83.90327,-76.21198,-11.25548,5.789623,79.01506037733996,-65.86488989361786,125.61628316477173,115.2525039989961,96.97392617197423
4091,4091,05/15/2023 13:24:31.904511,4320,True,True,True,True,Eyes,0.1684202,0.0688817,-2.690801,0.9108576,-0.3997072,0.1028236,0.0,0.0,0.0,0.0,0.0,0.0,0.0,-2.820758,0.2042446,-0.1399484,0.16412,0.05511925,-2.826306,0.2116662,0.6774243,-0.1303399,0.6923189,28.01299,90.48106,6.915713,0.06692696,0.02751928,-0.9973781,0.0,0.0,0.0,1.233651,-0.3092601,-2.57156,-0.2012948,0.1012819,1.015775,0.04821581,0.1063021,-0.9931644,0.4672492,0.8764178,0.1164903,0.8828101,-0.4696718,-0.007412349,moving,83.55935,-75.57362,-11.20901,5.694084,78.6993903809235,-65.25974724478831,124.8418270073024,114.53369210573081,96.58890056558579
4092,4092,05/15/2023 13:24:31.914463,4321,True,True,True,True,Eyes,0.1688146,0.0680502,-2.697153,0.9090823,-0.402311,0.1082364,0.0,0.0,0.0,0.0,0.0,0.0,0.0,-2.828743,0.2161952,-0.1306493,0.1672816,0.05300869,-2.834573,0.2144779,0.6749175,-0.1312327,0.6937318,28.3413,90.19716,7.010991,0.06647927,0.02732148,-0.9974134,0.0,0.0,0.0,1.231492,-0.3110823,-2.571335,-0.2003886,0.09915559,1.019715,0.05452903,0.1074291,-0.9927163,0.4715902,0.8735545,0.1204377,0.8801302,-0.4747226,-0.003028424,moving,83.21027,-74.94188,-11.11777,5.553897,78.37854253525565,-64.66115375832038,124.00544038499007,113.75299253383035,96.14182758055502
4093,4093,05/15/2023 13:24:31.934222,4322,True,True,True,True,Eyes,0.1693523,0.06729049,-2.703563,0.9071156,-0.4052697,0.1135682,0.0,0.0,0.0,0.0,0.0,0.0,0.0,-2.836573,0.2226669,-0.1274567,0.1700676,0.05148856,-2.842605,0.2192326,0.6727551,-0.1347263,0.6936762,29.04055,90.0868,7.100326,0.06607722,0.02710722,-0.997446,0.0,0.0,0.0,1.229202,-0.3130147,-2.571096,-0.1973725,0.09808365,1.024369,0.05849908,0.1080667,-0.992421,0.4818925,0.8675718,0.1228772,0.8742753,-0.4854284,-0.001324402,moving,82.86387,-74.3456,-10.90594,5.469413,78.0593232310692,-64.09669010734247,123.13900100141413,112.9347633074725,95.61130832316687
4094,4094,05/15/2023 13:24:31.955755,4323,True,True,True,True,Eyes,0.1700705,0.06657188,-2.709943,0.9054011,-0.4075388,0.1189999,0.0,0.0,0.0,0.0,0.0,0.0,0.0,-2.843551,0.240781,-0.1195998,0.1740391,0.05251393,-2.850441,0.225345,0.6695156,-0.1364276,0.6945186,29.71548,89.87221,7.425431,0.06571935,0.02687982,-0.997475,0.0,0.0,0.0,1.227306,-0.3146144,-2.570899,-0.1947978,0.09956336,1.029299,0.06627283,0.1122409,-0.9914685,0.4912469,0.8612143,0.1303317,0.8684956,-0.4956933,0.001937078,moving,82.51234,-73.72238,-10.71665,5.524992,77.73587028938711,-63.50639403688482,122.35926832621419,112.20151783161339,95.15012788407039
4095,4095,05/15/2023 13:24:31.974441,4324,True,True,True,True,Eyes,0.1708823,0.06587186,-2.716362,0.9036552,-0.409775,0.1244651,0.0,0.0,0.0,0.0,0.0,0.0,0.0,-2.851182,0.2438502,-0.1086154,0.1790896,0.05280873,-2.857558,0.2230348,0.6681883,-0.1340939,0.6969927,29.34763,89.50307,7.32493,0.065409,0.02664286,-0.9975011,0.0,0.0,0.0,1.225104,-0.3164724,-2.570669,-0.1929026,0.1003054,1.0337,0.07108647,0.1111336,-0.9912599,0.4849834,0.8645486,0.1317073,0.8716295,-0.4901072,0.007559758,moving,82.1577,-73.10435,-10.57059,5.542362,77.40926386551533,-62.92120310012498,121.58881969463741,111.4796592765536,94.71128616658264
4096,4096,05/15/2023 13:24:31.984034,4325,True,True,True,True,Eyes,0.1718273,0.06522647,-2.722827,0.9018778,-0.4118493,0.1303714,0.0,0.0,0.0,0.0,0.0,0.0,0.0,-2.858954,0.2487933,-0.09279442,0.1821225,0.05258004,-2.864995,0.2236415,0.6655998,-0.1345792,0.699178,29.46437,89.08373,7.22647,0.06514471,0.02639808,-0.9975244,0.0,0.0,0.0,1.223024,-0.3182275,-2.570453,-0.1934969,0.09298771,1.038062,0.07773092,0.1095219,-0.9909405,0.485901,0.8637458,0.1335788,0.8705504,-0.4918821,0.01392292,moving,81.77457,-72.43476,-10.55888,5.11879,77.0564716184655,-62.28715742989132,120.58200158607835,110.54416125761061,94.19129078880181
4097,4097,05/15/2023 13:24:32.004345,4326,True,True,True,True,Eyes,0.1728914,0.0646312,-2.729319,0.90003,-0.4139341,0.1363988,0.0,0.0,0.0,0.0,0.0,0.0,0.0,-2.865317,0.2656096,-0.07397175,0.1862168,0.05320168,-2.87203,0.2274401,0.6615587,-0.1352418,0.7016558,29.87505,88.59757,7.364232,0.06492653,0.02614838,-0.9975449,0.0,0.0,0.0,1.220909,-0.3200118,-2.570233,-0.1965169,0.09164849,1.042169,0.08809953,0.1111436,-0.9898916,0.4907163,0.8599613,0.1402286,0.8668541,-0.4981101,0.02122221,moving,81.38245,-71.76201,-10.6786,5.025668,76.69505895994207,-61.65034470538351,119.88154328225086,109.90835705412364,93.9137832187606
4098,4098,05/15/2023 13:24:32.024078,4327,True,True,True,True,Eyes,0.1740395,0.0640939,-2.735878,0.8981547,-0.4158015,0.1429238,0.0,0.0,0.0,0.0,0.0,0.0,0.0,-2.871178,0.2876431,-0.05089092,0.1900729,0.05380709,-2.87923,0.2297018,0.6573935,-0.1335738,0.7051447,29.97136,88.006,7.53733,0.06475404,0.02589617,-0.9975625,0.0,0.0,0.0,1.218842,-0.3217561,-2.570017,-0.2030636,0.09814625,1.045327,0.09998354,0.1136312,-0.9884794,0.4903867,0.8587902,0.1483248,0.8657507,-0.4995671,0.03014165,moving,80.9583,-71.03056,-10.99327,5.363803,76.30422678257852,-60.95789916293777,119.54576497576427,109.63312055347932,93.95668571613466
4099,4099,05/15/2023 13:24:32.034569,4328,True,True,True,True,Eyes,0.1752786,0.06363874,-2.74247,0.8960999,-0.4178849,0.1495898,0.0,0.0,0.0,0.0,0.0,0.0,0.0,-2.876592,0.3121094,-0.02024627,0.1931024,0.05456679,-2.886579,0.2326834,0.6521057,-0.1325473,0.7092587,30.19438,87.26563,7.675935,0.06462544,0.02564391,-0.9975773,0.0,0.0,0.0,1.216725,-0.3235432,-2.569797,-0.2121691,0.09919264,1.047736,0.1143788,0.1154477,-0.9867064,0.491489,0.8565793,0.1571957,0.8633401,-0.5029352,0.04123326,moving,80.52276,-70.30421,-11.44773,5.408259,75.90222461145036,-60.27073155125664,119.12576964249197,109.28743921629099,93.99759350814772
4100,4100,05/15/2023 13:24:32.054191,4329,True,True,True,True,Eyes,0.1766401,0.06326478,-2.749032,0.8940966,-0.4196233,0.1565489,0.0,0.0,0.0,0.0,0.0,0.0,0.0,-2.882193,0.3319895,0.008200645,0.1964673,0.05613413,-2.894058,0.2365757,0.646839,-0.1331749,0.7126681,30.62956,86.58462,7.763256,0.06453944,0.02539466,-0.9975892,0.0,0.0,0.0,1.214554,-0.3253745,-2.569571,-0.2215968,0.09344718,1.050616,0.1277275,0.1162337,-0.9849748,0.4958718,0.8525928,0.1649144,0.858951,-0.5094854,0.05126258,moving,80.06866,-69.54096,-11.9103,5.082806,75.48325379741203,-59.54854265426503,118.4433853564831,108.69611066735699,93.8766925678391
4101,4101,05/15/2023 13:24:32.069610,4330,True,True,True,True,Eyes,0.1780985,0.0629539,-2.755609,0.8921477,-0.4210652,0.1636352,0.0,0.0,0.0,0.0,0.0,0.0,0.0,-2.887444,0.3484113,0.03527021,0.2007812,0.05772835,-2.901089,0.2368926,0.6427479,-0.130994,0.7166575,30.52629,85.90488,7.79086,0.06449611,0.0251512,-0.9975981,0.0,0.0,0.0,1.212386,-0.3272036,-2.569345,-0.2297648,0.09630603,1.053311,0.1394317,0.1167687,-0.9833229,0.4922799,0.853445,0.1711494,0.859197,-0.5079338,0.06151441,moving,79.60649,-68.76278,-12.3055,5.224127,75.05687452770059,-58.81220147374837,117.9910009839172,108.31821567730897,93.87658073223284
4102,4102,05/15/2023 13:24:32.085698,4331,True,True,True,True,Eyes,0.1796514,0.06269466,-2.762161,0.8902332,-0.422209,0.1709514,0.0,0.0,0.0,0.0,0.0,0.0,0.0,-2.89291,0.3600475,0.06255913,0.2044861,0.05888595,-2.908126,0.2350167,0.6393778,-0.127907,0.7208351,30.15747,85.22828,7.71861,0.06449449,0.0249153,-0.9976041,0.0,0.0,0.0,1.210328,-0.3289406,-2.56913,-0.2371695,0.1008573,1.055545,0.149672,0.1161292,-0.9818922,0.4849285,0.8568139,0.1752548,0.8616512,-0.5023783,0.07192663,moving,79.12983,-67.9571,-12.66343,5.458037,74.61721197342482,-58.04978105280961,117.54056713388944,107.94050869401133,93.86669882922067
4103,4103,05/15/2023 13:24:32.104636,4332,True,True,True,True,Eyes,0.1812938,0.062469,-2.768726,0.8882893,-0.4232252,0.1783884,0.0,0.0,0.0,0.0,0.0,0.0,0.0,-2.897635,0.3726213,0.08988047,0.2083215,0.05983478,-2.91483,0.2347672,0.6354616,-0.1262159,0.7246671,30.04414,84.55467,7.663823,0.06453368,0.02468817,-0.9976073,0.0,0.0,0.0,1.20823,-0.3307109,-2.568912,-0.2410958,0.1042313,1.058956,0.1605161,0.1154422,-0.980259,0.4813002,0.8579078,0.1798455,0.8617336,-0.5006669,0.08214566,moving,78.64477,-67.14469,-12.82608,5.621421,74.16959775879546,-57.28113053331648,116.88380259807953,107.35445467289057,93.64543128854325
4104,4104,05/15/2023 13:24:32.124486,4333,True,True,True,True,Eyes,0.183011,0.06227926,-2.775275,0.8862977,-0.4241876,0.1858532,0.0,0.0,0.0,0.0,0.0,0.0,0.0,-2.901647,0.3900253,0.118104,0.2120481,0.06039003,-2.921816,0.2346931,0.6313289,-0.1237181,0.7287228,29.88535,83.86328,7.690355,0.06461258,0.0244702,-0.9976075,0.0,0.0,0.0,1.205977,-0.3326121,-2.568677,-0.2415446,0.1052838,1.06298,0.1722351,0.1160246,-0.9781991,0.4766495,0.8592259,0.1858387,0.8620559,-0.4982661,0.09268585,moving,78.1569,-66.33989,-12.80213,5.656465,73.71905461252267,-56.51991069732116,116.00439764003313,106.54490640855929,93.20258377944612
4105,4105,05/15/2023 13:24:32.134358,4334,True,True,True,True,Eyes,0.1848007,0.06214117,-2.781842,0.8841721,-0.4252621,0.1933697,0.0,0.0,0.0,0.0,0.0,0.0,0.0,-2.905168,0.4081296,0.1449671,0.2155864,0.06105781,-2.928716,0.2359557,0.6269795,-0.1222995,0.7323009,29.92987,83.2113,7.742788,0.06472972,0.02426183,-0.997605,0.0,0.0,0.0,1.203967,-0.3343079,-2.568468,-0.2410924,0.09795257,1.067329,0.1838793,0.1167587,-0.9759896,0.4749988,0.8587355,0.1922226,0.8605606,-0.4989396,0.1024435,moving,77.66357,-65.54837,-12.72858,5.24355,73.26286146125588,-55.77167538632862,114.81392214757277,105.43901428564797,92.52680933981934
4106,4106,05/15/2023 13:24:32.154340,4335,True,True,True,True,Eyes,0.1866643,0.0620427,-2.788417,0.8819639,-0.4264193,0.2007638,0.0,0.0,0.0,0.0,0.0,0.0,0.0,-2.909238,0.4221012,0.1703942,0.2190938,0.06219459,-2.935813,0.2380182,0.622624,-0.1225019,0.7353095,30.17079,82.59827,7.726939,0.06488359,0.024064,-0.9975998,0.0,0.0,0.0,1.201856,-0.3360892,-2.568248,-0.2418694,0.08939046,1.071327,0.1946653,0.1162381,-0.973958,0.4765452,0.8566813,0.1974888,0.8573273,-0.5025792,0.1113734,moving,77.17612,-64.78833,-12.72216,4.769653,72.81150450048537,-55.05362943343634,113.6662383735236,104.37831615806171,91.89062441884566
4107,4107,05/15/2023 13:24:32.165574,4336,True,True,True,True,Eyes,0.1885802,0.06201601,-2.794989,0.8796126,-0.4277303,0.208155,0.0,0.0,0.0,0.0,0.0,0.0,0.0,-2.913919,0.4286956,0.1943858,0.2226945,0.06302884,-2.942605,0.2384626,0.6189829,-0.1227659,0.73819,30.26774,82.01402,7.582088,0.06507291,0.0238771,-0.9975919,0.0,0.0,0.0,1.199685,-0.3379212,-2.568022,-0.2416464,0.08522642,1.074967,0.2035775,0.1139595,-0.9724041,0.4764576,0.8561282,0.2000815,0.8553038,-0.5040414,0.1199916,moving,76.68622,-64.05012,-12.66916,4.533088,72.35717948938753,-54.35672315917469,112.64120185134597,103.4286626875154,91.30922996148712
4108,4108,05/15/2023 13:24:32.184205,4337,True,True,True,True,Eyes,0.1905549,0.06202678,-2.801556,0.877202,-0.4290143,0.2155535,0.0,0.0,0.0,0.0,0.0,0.0,0.0,-2.919033,0.4302362,0.2171404,0.2258656,0.06479584,-2.949202,0.2401997,0.6152346,-0.1253036,0.7403309,30.65294,81.47137,7.348078,0.06529574,0.02370264,-0.9975814,0.0,0.0,0.0,1.19759,-0.3396892,-2.567803,-0.2391701,0.08003138,1.078805,0.2115709,0.110026,-0.9711499,0.4810904,0.8532063,0.2014722,0.8507584,-0.5098366,0.1275811,moving,76.19434,-63.32326,-12.50024,4.242727,71.90062739301325,-53.67083011192869,111.49839066399376,102.3595941475426,90.59965264623023
4109,4109,05/15/2023 13:24:32.204769,4338,True,True,True,True,Eyes,0.1925378,0.06206607,-2.808125,0.8746848,-0.4303649,0.2229633,0.0,0.0,0.0,0.0,0.0,0.0,0.0,-2.923961,0.4270533,0.244694,0.2291789,0.06568862,-2.955496,0.2393381,0.6116332,-0.1267472,0.743342,30.72151,80.81345,6.971459,0.06555058,0.02354074,-0.9975684,0.0,0.0,0.0,1.195491,-0.3414603,-2.567585,-0.2351893,0.07681495,1.082689,0.21968,0.1043412,-0.9699761,0.4812073,0.8533049,0.2007745,0.8486343,-0.5108657,0.1372443,moving,75.69946,-62.61225,-12.25579,4.058239,71.44073765592175,-53.00032413752711,110.36793060514283,101.29554960104439,89.864578848643
4110,4110,05/15/2023 13:24:32.214415,4339,True,True,True,True,Eyes,0.1945501,0.06215324,-2.814723,0.8720104,-0.4319463,0.2302613,0.0,0.0,0.0,0.0,0.0,0.0,0.0,-2.928977,0.4254412,0.2691934,0.2313527,0.06647637,-2.962167,0.2399243,0.6081005,-0.1292588,0.7456155,30.99661,80.24088,6.634829,0.06583425,0.02339119,-0.9975531,0.0,0.0,0.0,1.193228,-0.3433698,-2.567349,-0.2312204,0.07499205,1.086225,0.2270121,0.09904148,-0.9688427,0.4845509,0.8514569,0.2005779,0.8447934,-0.5149872,0.1453004,moving,75.20822,-61.93889,-12.01697,3.949387,70.98334647572266,-52.3660309355419,109.3137631616661,100.30193832785523,89.17141476848295
4111,4111,05/15/2023 13:24:32.234408,4340,True,True,True,True,Eyes,0.1966156,0.06228798,-2.821306,0.8693438,-0.4333593,0.2375733,0.0,0.0,0.0,0.0,0.0,0.0,0.0,-2.932461,0.4343361,0.2922397,0.2339319,0.06770287,-2.96885,0.2423057,0.6040802,-0.1309855,0.7478088,31.37574,79.6936,6.512854,0.06614458,0.02325443,-0.9975355,0.0,0.0,0.0,1.191217,-0.3450669,-2.567139,-0.2283192,0.07331763,1.089585,0.2358598,0.09683999,-0.96695,0.4886483,0.8482615,0.2041451,0.8399959,-0.5206481,0.1527501,moving,74.71547,-61.26786,-11.83491,3.849601,70.52442936212778,-51.73403320192701,108.31090436900118,99.360964021389,88.5312896887675
4112,4112,05/15/2023 13:24:32.254365,4341,True,True,True,True,Eyes,0.1987009,0.06245149,-2.827855,0.8667642,-0.4345636,0.2446919,0.0,0.0,0.0,0.0,0.0,0.0,0.0,-2.935737,0.4422967,0.3151171,0.2372221,0.06890532,-2.975307,0.2414917,0.6010344,-0.1294715,0.7507839,31.21493,79.15739,6.436936,0.06648053,0.02313088,-0.9975158,0.0,0.0,0.0,1.18918,-0.3467855,-2.566927,-0.2264254,0.07259557,1.09261,0.2439896,0.09587932,-0.9650264,0.4846998,0.8498378,0.2069825,0.8399613,-0.5182498,0.1608789,moving,74.23536,-60.61723,-11.70788,3.801281,70.0771974679461,-51.12132222560592,107.405703112799,98.51543656460791,87.9731365732764
4113,4113,05/15/2023 13:24:32.270082,4342,True,True,True,True,Eyes,0.2008172,0.06262154,-2.834395,0.8641804,-0.4355733,0.2519287,0.0,0.0,0.0,0.0,0.0,0.0,0.0,-2.937844,0.4523883,0.3416545,0.23982,0.06972292,-2.9816,0.2399485,0.5977649,-0.1270053,0.7543019,30.91902,78.55677,6.375558,0.06684005,0.02302026,-0.997494,0.0,0.0,0.0,1.187038,-0.3485927,-2.566704,-0.2249142,0.0721436,1.095301,0.2530935,0.09526488,-0.9627399,0.4784663,0.8525887,0.2101486,0.8408409,-0.513826,0.1702037,moving,73.74737,-59.95559,-11.60408,3.768428,69.62263423254093,-50.49823525210537,106.51582270802223,97.6864875278678,87.43484968072285
4114,4114,05/15/2023 13:24:32.285970,4343,True,True,True,True,Eyes,0.2029754,0.06279933,-2.840949,0.861568,-0.4365223,0.2591311,0.0,0.0,0.0,0.0,0.0,0.0,0.0,-2.939253,0.4625244,0.3717301,0.2426377,0.0700859,-2.987898,0.2386667,0.5938717,-0.1251028,0.7580923,30.694,77.86886,6.262101,0.06722163,0.02292152,-0.9974703,0.0,0.0,0.0,1.184917,-0.3503831,-2.566483,-0.22339,0.06667696,1.097922,0.2633314,0.09379578,-0.9601349,0.4731538,0.854775,0.2132727,0.8407033,-0.5104528,0.1807093,moving,73.26045,-59.30552,-11.50076,3.475311,69.16879175871655,-49.88627813618389,105.47936035886197,96.72143390216641,86.78568302388956
4115,4115,05/15/2023 13:24:32.304564,4344,True,True,True,True,Eyes,0.2051643,0.06297752,-2.847497,0.8588936,-0.4373809,0.2664578,0.0,0.0,0.0,0.0,0.0,0.0,0.0,-2.940478,0.4707624,0.4034572,0.2455916,0.07039648,-2.99425,0.237383,0.5897446,-0.1237361,0.7619318,30.50973,77.14355,6.092154,0.0676242,0.02283372,-0.9974447,0.0,0.0,0.0,1.182796,-0.3521721,-2.566262,-0.223166,0.06463162,1.100021,0.2737813,0.09143376,-0.9574361,0.4685476,0.8566774,0.2157939,0.8399447,-0.5076846,0.1917012,moving,72.76434,-58.64972,-11.46819,3.362541,68.7062052606797,-49.26908055177845,104.59751251599161,95.90631492547989,86.26876084438629
4116,4116,05/15/2023 13:24:32.314329,4345,True,True,True,True,Eyes,0.2073832,0.06315029,-2.854047,0.8560964,-0.4383777,0.2737223,0.0,0.0,0.0,0.0,0.0,0.0,0.0,-2.941236,0.4805812,0.4352643,0.2484728,0.07058856,-3.000759,0.2369194,0.585327,-0.122921,0.7656057,30.44238,76.41383,5.934151,0.06804647,0.02275577,-0.9974174,0.0,0.0,0.0,1.180595,-0.3540298,-2.566033,-0.2229382,0.06360449,1.101742,0.2845655,0.08913257,-0.954504,0.4655687,0.8575191,0.2188757,0.8380145,-0.5066717,0.202523,moving,72.26921,-58.01942,-11.43937,3.304065,68.24387250027588,-48.67645612176738,103.76751022435502,95.13881285494516,85.78084849058452
4117,4117,05/15/2023 13:24:32.334158,4346,True,True,True,True,Eyes,0.2096105,0.06331852,-2.8606,0.8531827,-0.4394335,0.2810292,0.0,0.0,0.0,0.0,0.0,0.0,0.0,-2.942598,0.4871693,0.4653063,0.2513714,0.07068184,-3.007415,0.236925,0.5810142,-0.1233227,0.7688178,30.50467,75.716,5.707726,0.06848724,0.0226865,-0.9973885,0.0,0.0,0.0,1.178578,-0.3557314,-2.565823,-0.2221162,0.05854656,1.103713,0.2944281,0.08568825,-0.9518244,0.4649389,0.8573161,0.2209999,0.8349515,-0.5076087,0.2125781,moving,71.76868,-57.40003,-11.37848,3.036415,67.77601247155455,-48.09452762142096,102.79111878126255,94.23272771062307,85.16902481604505
4118,4118,05/15/2023 13:24:32.354113,4347,True,True,True,True,Eyes,0.2118455,0.06349568,-2.867153,0.8501114,-0.4407724,0.2881499,0.0,0.0,0.0,0.0,0.0,0.0,0.0,-2.943749,0.4963657,0.4923983,0.2537791,0.07078321,-3.014146,0.2380103,0.5767882,-0.1241661,0.7715241,30.6969,75.08415,5.537013,0.0689441,0.02262496,-0.9973589,0.0,0.0,0.0,1.176425,-0.3575489,-2.565598,-0.2230024,0.05479696,1.105044,0.3037965,0.08296876,-0.9491175,0.4661573,0.8558678,0.2240262,0.8309062,-0.5104964,0.2213331,moving,71.27563,-56.82581,-11.40929,2.83886,67.31416487529528,-47.55594721703037,101.96405661611989,93.47202224165424,84.67786241091342
4119,4119,05/15/2023 13:24:32.365963,4348,True,True,True,True,Eyes,0.214086,0.06368689,-2.873713,0.8469399,-0.442144,0.2952988,0.0,0.0,0.0,0.0,0.0,0.0,0.0,-2.944512,0.5092392,0.517288,0.2562478,0.07125203,-3.020981,0.2396171,0.5726738,-0.1245049,0.774033,30.90022,74.50351,5.463869,0.06941588,0.0225706,-0.9973279,0.0,0.0,0.0,1.17422,-0.3594091,-2.565369,-0.2274806,0.05326708,1.105309,0.3130866,0.08170305,-0.9462037,0.4671867,0.8541644,0.2283417,0.8268696,-0.5135444,0.2292568,moving,70.7781,-56.26186,-11.62951,2.759065,66.84769845926836,-47.0274163848014,101.36312827536314,92.93743043703456,84.40306492699331
4120,4120,05/15/2023 13:24:32.384625,4349,True,True,True,True,Eyes,0.2163434,0.06389567,-2.880292,0.8436731,-0.4436538,0.3023027,0.0,0.0,0.0,0.0,0.0,0.0,0.0,-2.945112,0.5202991,0.5434155,0.2585973,0.07181278,-3.027815,0.2407632,0.5685664,-0.1248425,0.7766466,31.06018,73.90169,5.349416,0.06989957,0.0225233,-0.9972956,0.0,0.0,0.0,1.17218,-0.3611304,-2.565156,-0.2330549,0.05088859,1.10511,0.3222933,0.07986259,-0.9432651,0.4676967,0.8528948,0.2320132,0.8230352,-0.5159382,0.2375308,moving,70.28652,-55.72976,-11.90852,2.636519,66.38612593728796,-46.52942971323008,100.80995548509799,92.45183662490028,84.16799972818939
4121,4121,05/15/2023 13:24:32.404319,4350,True,True,True,True,Eyes,0.2186185,0.06412578,-2.886889,0.8403567,-0.4450809,0.3093597,0.0,0.0,0.0,0.0,0.0,0.0,0.0,-2.946019,0.5290934,0.5701461,0.2612385,0.07250525,-3.034886,0.2412543,0.5645896,-0.1249862,0.7793674,31.1435,73.29123,5.201933,0.07039711,0.02248267,-0.9972618,0.0,0.0,0.0,1.170073,-0.362908,-2.564937,-0.2379332,0.04626612,1.104773,0.3312342,0.0775989,-0.9403523,0.4672397,0.8523496,0.2349196,0.8197384,-0.5171833,0.2460701,moving,69.78987,-55.19823,-12.15406,2.398055,65.91962770796123,-46.03215198980822,100.16056963519189,91.87483693262222,83.84694997009923
4122,4122,05/15/2023 13:24:32.414262,4351,True,True,True,True,Eyes,0.2209096,0.06436416,-2.893471,0.8369366,-0.4467494,0.3161521,0.0,0.0,0.0,0.0,0.0,0.0,0.0,-2.946526,0.5380239,0.5978382,0.2639076,0.07325639,-3.04202,0.2411765,0.5606677,-0.1244832,0.7822978,31.12661,72.67122,5.071639,0.07090575,0.02244889,-0.9972269,0.0,0.0,0.0,1.167777,-0.3648457,-2.564698,-0.2435424,0.04449186,1.103696,0.3403114,0.07567384,-0.9372628,0.4652055,0.8526757,0.2377562,0.8171732,-0.516931,0.2549714,moving,69.30598,-54.71403,-12.44352,2.30844,65.4641965528359,-45.58014089214627,99.67217683561898,91.44904853709882,83.64360084915533
4123,4123,05/15/2023 13:24:32.434371,4352,True,True,True,True,Eyes,0.2232196,0.06460749,-2.900078,0.8335429,-0.4481775,0.3230218,0.0,0.0,0.0,0.0,0.0,0.0,0.0,-2.947413,0.5449688,0.6240437,0.2668172,0.07376122,-3.049103,0.2402397,0.5572125,-0.1233873,0.7852228,30.98336,72.09324,4.948751,0.07142511,0.02242153,-0.9971908,0.0,0.0,0.0,1.165821,-0.3664966,-2.564494,-0.2505783,0.04526161,1.102293,0.3485796,0.07395615,-0.934357,0.4615021,0.854121,0.2397775,0.8157869,-0.5147892,0.2635982,moving,68.81722,-54.218,-12.80709,2.351321,65.00437152444553,-45.11686822961397,99.31070466660249,91.14742197840106,83.5589991788708
4124,4124,05/15/2023 13:24:32.454467,4353,True,True,True,True,Eyes,0.2255356,0.06483646,-2.906694,0.8301188,-0.4496781,0.3296854,0.0,0.0,0.0,0.0,0.0,0.0,0.0,-2.947613,0.5524427,0.6526294,0.2695443,0.0740937,-3.05637,0.2385526,0.5536868,-0.1214587,0.7885249,30.7111,71.48288,4.845346,0.07195489,0.02240008,-0.9971535,0.0,0.0,0.0,1.163714,-0.3682739,-2.564274,-0.2590588,0.04666827,1.100157,0.3573574,0.07262037,-0.9311402,0.4557132,0.8566809,0.2417091,0.8152431,-0.5107094,0.2730472,moving,68.33928,-53.75267,-13.25031,2.42901,64.55418821881256,-44.6828774331948,99.06181082531502,90.95641747891801,83.57065670859434
4125,4125,05/15/2023 13:24:32.466295,4354,True,True,True,True,Eyes,0.2278583,0.06504915,-2.913357,0.8266824,-0.4510048,0.3364385,0.0,0.0,0.0,0.0,0.0,0.0,0.0,-2.947728,0.5595328,0.6821034,0.2722104,0.07400471,-3.063963,0.2365881,0.5501216,-0.1194331,0.7919141,30.40576,70.85984,4.731597,0.0724926,0.02238349,-0.9971151,0.0,0.0,0.0,1.161559,-0.3700923,-2.56405,-0.2650782,0.04854663,1.098455,0.3662038,0.07114288,-0.9278111,0.449466,0.8595237,0.2433094,0.8147853,-0.5061203,0.2827846,moving,67.85494,-53.27797,-13.56718,2.530561,64.09806219202775,-44.24004659897741,98.7124802528655,90.6607940618427,83.47470072977582
4126,4126,05/15/2023 13:24:32.484667,4355,True,True,True,True,Eyes,0.2301897,0.06524518,-2.920049,0.8231286,-0.4525511,0.3430114,0.0,0.0,0.0,0.0,0.0,0.0,0.0,-2.947524,0.5676522,0.7120616,0.2746743,0.07381198,-3.07185,0.2354459,0.5462295,-0.1181991,0.7951274,30.23492,70.21844,4.597277,0.07303913,0.0223706,-0.9970757,0.0,0.0,0.0,1.159424,-0.3718938,-2.563828,-0.267173,0.04675059,1.097114,0.3753246,0.06924837,-0.924303,0.4451816,0.8611884,0.2452914,0.8129851,-0.5035467,0.2923972,moving,67.37769,-52.83966,-13.68646,2.440031,63.64781031720155,-43.83210463488618,98.1185031086287,90.12047437573386,83.1267650450793
4127,4127,05/15/2023 13:24:32.504574,4356,True,True,True,True,Eyes,0.2325303,0.06542816,-2.926802,0.8195551,-0.4539927,0.3496,0.0,0.0,0.0,0.0,0.0,0.0,0.0,-2.947722,0.576589,0.7393246,0.277434,0.07365851,-3.079891,0.2350594,0.5424305,-0.1174768,0.7979445,30.17049,69.62261,4.47981,0.07359108,0.02236051,-0.9970355,0.0,0.0,0.0,1.157359,-0.3736366,-2.563612,-0.2667142,0.04225829,1.096116,0.3839366,0.06752686,-0.9208871,0.4424867,0.8618926,0.2476827,0.8104309,-0.5025747,0.3010323,moving,66.89822,-52.4017,-13.67582,2.207816,63.19539888554955,-43.42456998326055,97.33640202758603,89.39518411791177,82.59825195482115
4128,4128,05/15/2023 13:24:32.514330,4357,True,True,True,True,Eyes,0.234866,0.06559019,-2.933578,0.8158744,-0.4556089,0.3560469,0.0,0.0,0.0,0.0,0.0,0.0,0.0,-2.948877,0.5842725,0.7637954,0.279989,0.07352799,-3.088176,0.234718,0.5390614,-0.116952,0.8004015,30.12087,69.0948,4.365328,0.07414838,0.02235242,-0.9969946,0.0,0.0,0.0,1.155136,-0.3755128,-2.563381,-0.2663697,0.04240032,1.094518,0.3914701,0.06583764,-0.9178325,0.4402718,0.8624594,0.2496485,0.8080296,-0.5018257,0.3086406,moving,66.42358,-51.99327,-13.67801,2.218462,62.74685992168023,-43.04537614088844,96.72216192252904,88.82328402952848,82.19638216588172
4129,4129,05/15/2023 13:24:32.534556,4358,True,True,True,True,Eyes,0.2372157,0.06573381,-2.940411,0.8122318,-0.4570006,0.3625327,0.0,0.0,0.0,0.0,0.0,0.0,0.0,-2.949868,0.595879,0.7856522,0.2826039,0.07323994,-3.096581,0.2343684,0.5360226,-0.1153042,0.8027804,29.99364,68.63626,4.378825,0.07471201,0.02234537,-0.9969528,0.0,0.0,0.0,1.153153,-0.3771858,-2.563174,-0.2654734,0.04401024,1.092822,0.3987695,0.06612571,-0.914664,0.4363814,0.8635527,0.2526815,0.8065694,-0.499904,0.3155025,moving,65.94682,-51.57548,-13.65407,2.306176,62.29652303325032,-42.657217702195744,96.12249758560395,88.26210599867345,81.80405818187485
4130,4130,05/15/2023 13:24:32.554329,4359,True,True,True,True,Eyes,0.2395532,0.06583136,-2.947263,0.8085223,-0.4584664,0.3689176,0.0,0.0,0.0,0.0,0.0,0.0,0.0,-2.950134,0.6041573,0.8113961,0.2852788,0.07290828,-3.104828,0.2328959,0.5328231,-0.1133138,0.8056173,29.73586,68.11103,4.333344,0.07527981,0.02233861,-0.9969103,0.0,0.0,0.0,1.150956,-0.3790399,-2.562945,-0.2621012,0.0451475,1.091332,0.406519,0.06560951,-0.9112837,0.4307597,0.8658391,0.2544974,0.8057224,-0.4960023,0.3237181,moving,65.47344,-51.17715,-13.50474,2.368928,61.8489289269101,-42.28772941805907,95.41873707660609,87.5921941299581,81.29529356721129
4131,4131,05/15/2023 13:24:32.566837,4360,True,True,True,True,Eyes,0.2418751,0.06587174,-2.954185,0.8047948,-0.4598271,0.3753189,0.0,0.0,0.0,0.0,0.0,0.0,0.0,-2.951651,0.6054853,0.8372869,0.2877221,0.07194856,-3.113189,0.230789,0.5298728,-0.1124177,0.8082907,29.48681,67.58343,4.140182,0.07585174,0.02233052,-0.9968673,0.0,0.0,0.0,1.148818,-0.3808432,-2.562723,-0.2559744,0.04828765,1.090343,0.4131943,0.06284524,-0.9084718,0.4263099,0.8681974,0.2539549,0.8046927,-0.4922232,0.3319426,moving,64.99783,-50.77808,-13.21179,2.535783,61.39919530253404,-41.9175970645198,94.65258923308528,86.84988271135198,80.70760307193065
4132,4132,05/15/2023 13:24:32.584626,4361,True,True,True,True,Eyes,0.2441761,0.0658709,-2.961181,0.8008429,-0.461512,0.3816509,0.0,0.0,0.0,0.0,0.0,0.0,0.0,-2.952368,0.612635,0.8620095,0.2896811,0.07061425,-3.121851,0.2302909,0.5265483,-0.1121445,0.8106397,29.4369,67.06149,3.996719,0.07642462,0.0223193,-0.9968239,0.0,0.0,0.0,1.146743,-0.3825945,-2.562506,-0.250947,0.05402274,1.088897,0.4203412,0.06070099,-0.9053336,0.424336,0.8687795,0.2552669,0.8020302,-0.4914648,0.3394262,moving,64.51933,-50.41069,-12.97778,2.84025,60.94579889665933,-41.57812203985712,94.02906289672198,86.24202740869313,80.23865070948892
4133,4133,05/15/2023 13:24:32.604498,4362,True,True,True,True,Eyes,0.2464639,0.06582796,-2.968247,0.7968624,-0.463125,0.3879761,0.0,0.0,0.0,0.0,0.0,0.0,0.0,-2.952743,0.6239107,0.8848743,0.2915455,0.06970441,-3.130671,0.231217,0.5230199,-0.1124498,0.8126155,29.56483,66.56128,3.896412,0.0769974,0.02230384,-0.9967803,0.0,0.0,0.0,1.144616,-0.3843896,-2.562285,-0.2499118,0.0608916,1.086357,0.4276105,0.05910521,-0.9020286,0.424619,0.8677875,0.258154,0.7980275,-0.4934079,0.3459779,moving,64.03949,-50.0459,-12.95526,3.208141,60.49103383528164,-41.24119766462231,93.61722282994823,85.849296944476,79.9856649723678
4134,4134,05/15/2023 13:24:32.624396,4363,True,True,True,True,Eyes,0.2487345,0.06574852,-2.975363,0.7927418,-0.4649093,0.3942331,0.0,0.0,0.0,0.0,0.0,0.0,0.0,-2.952417,0.6364336,0.9085746,0.2935281,0.068652,-3.139498,0.2315204,0.5195472,-0.1117303,0.814853,29.56487,66.0606,3.855398,0.07756998,0.02228311,-0.9967365,0.0,0.0,0.0,1.142465,-0.3862045,-2.562061,-0.2521088,0.06331883,1.082929,0.435174,0.05848398,-0.898445,0.4226592,0.8678293,0.2612119,0.7949735,-0.4934086,0.352938,moving,63.55869,-49.70277,-13.10519,3.346274,60.034748385813096,-40.92520222049228,93.22849117071635,85.49511210485748,79.77833604039691
4135,4135,05/15/2023 13:24:32.634232,4364,True,True,True,True,Eyes,0.250989,0.06564011,-2.982543,0.7886196,-0.4665635,0.4004968,0.0,0.0,0.0,0.0,0.0,0.0,0.0,-2.951026,0.6552407,0.9303406,0.2956084,0.06775483,-3.148246,0.2321815,0.5161679,-0.1097215,0.8170825,29.51769,65.61156,3.979138,0.07814024,0.02225645,-0.9966925,0.0,0.0,0.0,1.140378,-0.3879654,-2.561843,-0.2543693,0.06511755,1.079406,0.4430639,0.06038624,-0.894454,0.4189923,0.8681058,0.2661535,0.7925528,-0.4926924,0.359325,moving,63.07648,-49.3573,-13.26021,3.452311,59.57716119796841,-40.60699322126618,92.82319351394577,85.1264056065609,79.55904929228389
4136,4136,05/15/2023 13:24:32.654183,4365,True,True,True,True,Eyes,0.2532253,0.06553333,-2.989745,0.7843488,-0.4683658,0.4067311,0.0,0.0,0.0,0.0,0.0,0.0,0.0,-2.947118,0.6784602,0.9560465,0.297488,0.06692757,-3.157032,0.2325924,0.5122921,-0.1065102,0.8198252,29.37337,65.09949,4.189997,0.0787091,0.02222341,-0.9966486,0.0,0.0,0.0,1.138257,-0.3897553,-2.561622,-0.2570941,0.0713229,1.075632,0.4524247,0.0636711,-0.8895268,0.4129499,0.8691127,0.2722416,0.790433,-0.4904988,0.3669151,moving,62.5906,-49.0288,-13.44246,3.79361,59.115556950128045,-40.3052729451227,92.58095490527035,84.90805203714606,79.47487022054908
4137,4137,05/15/2023 13:24:32.674174,4366,True,True,True,True,Eyes,0.2554874,0.06546542,-2.996997,0.7799631,-0.4701412,0.4130675,0.0,0.0,0.0,0.0,0.0,0.0,0.0,-2.939452,0.7101413,0.9858699,0.2997861,0.06691635,-3.165797,0.2340848,0.5073521,-0.1026015,0.8229648,29.30098,64.48802,4.515209,0.07927551,0.02218472,-0.9966046,0.0,0.0,0.0,1.13617,-0.3915164,-2.561405,-0.2598445,0.07897785,1.071692,0.4641337,0.06865185,-0.8831007,0.4064017,0.8693545,0.2811769,0.7870309,-0.4893973,0.3755965,moving,62.09436,-48.69736,-13.62903,4.214767,58.64399948200865,-40.00104084232483,92.37816287822695,84.72560683557649,79.42580399473796
4138,4138,05/15/2023 13:24:32.684542,4367,True,True,True,True,Eyes,0.2577859,0.06540748,-3.004321,0.7753446,-0.4719275,0.4196726,0.0,0.0,0.0,0.0,0.0,0.0,0.0,-2.927076,0.7487211,1.021879,0.3027056,0.06777598,-3.174329,0.2362803,0.5011309,-0.09798835,0.8267031,29.2668,63.7319,4.918886,0.07983954,0.02214228,-0.9965606,0.0,0.0,0.0,1.13406,-0.3932964,-2.561185,-0.2619731,0.08516328,1.067695,0.4785322,0.07480018,-0.8748783,0.3988292,0.8691398,0.2924573,0.7822674,-0.4888772,0.3860789,moving,61.57454,-48.35415,-13.78593,4.560466,58.14992635346029,-39.68619175187793,92.08233829051234,84.45433175105639,79.29761021273521
4139,4139,05/15/2023 13:24:32.704618,4368,True,True,True,True,Eyes,0.2601072,0.0653768,-3.011718,0.7705249,-0.47383,0.4263527,0.0,0.0,0.0,0.0,0.0,0.0,0.0,-2.913376,0.7807213,1.064546,0.3057468,0.06795913,-3.18315,0.2369806,0.4944498,-0.09361246,0.8310213,29.1072,62.84809,5.172045,0.08040226,0.02209675,-0.9965165,0.0,0.0,0.0,1.131921,-0.3951019,-2.560962,-0.2647258,0.08853202,1.063874,0.4935123,0.07876214,-0.8661652,0.3899379,0.8701538,0.3012986,0.7774279,-0.4864452,0.3987193,moving,61.04303,-48.01909,-13.97324,4.757004,57.64430951755879,-39.379572816740655,91.7210818874796,84.12556574549757,79.11721534047413
4140,4140,05/15/2023 13:24:32.714316,4369,True,True,True,True,Eyes,0.2624892,0.0654431,-3.019105,0.7655282,-0.4759398,0.4329526,0.0,0.0,0.0,0.0,0.0,0.0,0.0,-2.901317,0.8135333,1.100847,0.3086736,0.06861596,-3.19239,0.2401151,0.4878325,-0.0918899,0.8342185,29.35837,62.03342,5.329836,0.0809648,0.02204929,-0.9964721,0.0,0.0,0.0,1.129649,-0.3970188,-2.560726,-0.2677214,0.09370089,1.059817,0.5071514,0.08095936,-0.8580461,0.3875844,0.867802,0.3109631,0.7697895,-0.4902706,0.4087285,moving,60.50921,-47.70786,-14.17695,5.052515,57.13580567911888,-39.09601888667873,91.44222036721453,83.87253523587397,79.00178877374276
4141,4141,05/15/2023 13:24:32.734108,4370,True,True,True,True,Eyes,0.2649502,0.06555583,-3.026511,0.7605454,-0.4776724,0.4397724,0.0,0.0,0.0,0.0,0.0,0.0,0.0,-2.887683,0.8504787,1.13349,0.3131165,0.07112549,-3.200582,0.243616,0.4813968,-0.08879548,0.8372716,29.56676,61.29044,5.665154,0.08152743,0.02200342,-0.9964272,0.0,0.0,0.0,1.127667,-0.3986908,-2.560519,-0.2725784,0.1055591,1.055362,0.520745,0.08586009,-0.8493838,0.3832438,0.8655332,0.3224539,0.7628558,-0.4934373,0.4178167,moving,59.96208,-47.36557,-14.48184,5.711824,56.61525843427949,-38.78291381998444,91.42815200362325,83.87239772084008,79.13671432844916
4142,4142,05/15/2023 13:24:32.754039,4371,True,True,True,True,Eyes,0.2674073,0.0656671,-3.03396,0.755414,-0.4794911,0.4465849,0.0,0.0,0.0,0.0,0.0,0.0,0.0,-2.874856,0.8641083,1.178676,0.3175004,0.07227995,-3.20854,0.2407615,0.4756033,-0.08392856,0.8418975,29.02731,60.41705,5.75607,0.08209342,0.02196043,-0.9963818,0.0,0.0,0.0,1.125564,-0.4004658,-2.5603,-0.2754483,0.1151355,1.051496,0.533515,0.08769543,-0.8412319,0.3703324,0.8699798,0.3255596,0.7604049,-0.4852264,0.4316708,moving,59.40931,-47.03503,-14.67928,6.248814,56.08892858112334,-38.48132268947343,91.259449919471,83.7193195985273,79.12101346057656
4143,4143,05/15/2023 13:24:32.767451,4372,True,True,True,True,Eyes,0.2699035,0.06583023,-3.041454,0.7499805,-0.4817777,0.4532323,0.0,0.0,0.0,0.0,0.0,0.0,0.0,-2.866651,0.8767486,1.21422,0.3202396,0.0724567,-3.217592,0.2421335,0.4698398,-0.08515485,0.8446127,29.27726,59.6115,5.505241,0.08266164,0.02191998,-0.9963357,0.0,0.0,0.0,1.123439,-0.4022586,-2.560079,-0.2783219,0.1037463,1.048404,0.5439984,0.08368219,-0.834903,0.3713736,0.8682401,0.3289997,0.7524276,-0.4890362,0.4412438,moving,58.85437,-46.74867,-14.8675,5.651387,55.55929238165906,-38.22242703842261,90.44711211476101,82.97496395568605,78.54255008858745
4144,4144,05/15/2023 13:24:32.784501,4373,True,True,True,True,Eyes,0.2724869,0.06607137,-3.048942,0.7445379,-0.4840052,0.4597849,0.0,0.0,0.0,0.0,0.0,0.0,0.0,-2.859177,0.9073552,1.231387,0.3239305,0.07434709,-3.22553,0.2490167,0.4644105,-0.08796062,0.8453263,30.17882,59.04661,5.481771,0.08323321,0.02188346,-0.996289,0.0,0.0,0.0,1.121287,-0.4040749,-2.559855,-0.2793871,0.1026672,1.046459,0.5531718,0.08258107,-0.8289641,0.3800028,0.8605072,0.3393011,0.7413494,-0.5027005,0.4446272,moving,58.30285,-46.47005,-14.94836,5.603312,55.03275729938421,-37.97089214957092,89.87421652758451,82.43826809036356,78.1486065456259
4145,4145,05/15/2023 13:24:32.804475,4374,True,True,True,True,Eyes,0.2751143,0.06637082,-3.056409,0.7392412,-0.485848,0.4663413,0.0,0.0,0.0,0.0,0.0,0.0,0.0,-2.853194,0.9226089,1.253908,0.328506,0.07648343,-3.232714,0.2497253,0.4606099,-0.08605526,0.8473905,30.16589,58.56114,5.589305,0.08380921,0.02185308,-0.9962413,0.0,0.0,0.0,1.119076,-0.4059403,-2.559624,-0.2780941,0.1067332,1.043986,0.5608662,0.08420705,-0.823613,0.3758966,0.8604636,0.3439538,0.7376524,-0.5025054,0.4509517,moving,57.75472,-46.17361,-14.91593,5.837423,54.50999128324867,-37.702057188072,89.36537878367432,81.94903831696473,77.80030380571925
4146,4146,05/15/2023 13:24:32.814211,4375,True,True,True,True,Eyes,0.2777784,0.06668511,-3.063894,0.7339815,-0.4876429,0.4727319,0.0,0.0,0.0,0.0,0.0,0.0,0.0,-2.852069,0.9170238,1.281004,0.3320592,0.07775901,-3.240354,0.2462533,0.4581096,-0.08413054,0.8499513,29.71516,58.09681,5.457994,0.08439165,0.02183007,-0.9961926,0.0,0.0,0.0,1.117007,-0.4076862,-2.559409,-0.2758991,0.1056676,1.042681,0.5661153,0.08260828,-0.8201765,0.3686357,0.8645627,0.3415245,0.7373068,-0.4956886,0.4589898,moving,57.21583,-45.88952,-14.82111,5.786726,53.995837192300925,-37.44484848849024,88.65525999745371,81.2695592065185,77.26629516268328
4147,4147,05/15/2023 13:24:32.834106,4376,True,True,True,True,Eyes,0.2804941,0.06701338,-3.071377,0.7287516,-0.4893715,0.4789954,0.0,0.0,0.0,0.0,0.0,0.0,0.0,-2.849324,0.9274269,1.298989,0.3352329,0.07843556,-3.247707,0.2472117,0.4550442,-0.08405571,0.851326,29.82903,57.69339,5.415035,0.08497833,0.02181421,-0.9961432,0.0,0.0,0.0,1.114959,-0.4094145,-2.559196,-0.2711557,0.1071087,1.042727,0.571739,0.08186691,-0.8163409,0.3681021,0.863642,0.3444174,0.7332227,-0.4974137,0.4636423,moving,56.6838,-45.61391,-14.57662,5.864841,53.488095590277936,-37.19560667878216,87.90966535652606,80.5419621233712,76.68034410720858
4148,4148,05/15/2023 13:24:32.854473,4377,True,True,True,True,Eyes,0.2832593,0.06735227,-3.07884,0.7236456,-0.4909314,0.4851014,0.0,0.0,0.0,0.0,0.0,0.0,0.0,-2.843989,0.9475048,1.31584,0.3392108,0.0790966,-3.255173,0.2482556,0.4519198,-0.08141134,0.852942,29.80686,57.33878,5.65518,0.08557212,0.02180515,-0.9960925,0.0,0.0,0.0,1.112752,-0.411277,-2.558965,-0.2673514,0.1111098,1.04236,0.5782814,0.0855049,-0.8113443,0.3632615,0.8634827,0.3499124,0.7305011,-0.497078,0.4682754,moving,56.16378,-45.34224,-14.3855,6.084434,52.99187792155673,-36.94978981520672,87.30351486177791,79.94782970763863,76.22263928046557
4149,4149,05/15/2023 13:24:32.867627,4378,True,True,True,True,Eyes,0.2860736,0.06769338,-3.086293,0.7185781,-0.4923704,0.4911384,0.0,0.0,0.0,0.0,0.0,0.0,0.0,-2.837274,0.966807,1.334714,0.3431884,0.07967931,-3.262234,0.2480159,0.4489707,-0.07716178,0.8549617,29.56264,56.99287,5.989559,0.08617386,0.02180254,-0.9960407,0.0,0.0,0.0,1.110634,-0.4130639,-2.558745,-0.2647463,0.1046989,1.041933,0.5849428,0.09076294,-0.8059801,0.3546444,0.8650684,0.3548013,0.7294309,-0.4933749,0.4738269,moving,55.64793,-45.07177,-14.25666,5.738121,52.499666066811486,-36.70500002361301,86.41930760252585,79.10641941184997,75.52743314683067
4150,4150,05/15/2023 13:24:32.884528,4379,True,True,True,True,Eyes,0.2889308,0.06801424,-3.093679,0.7136331,-0.493615,0.4970635,0.0,0.0,0.0,0.0,0.0,0.0,0.0,-2.829103,0.9875675,1.355488,0.3472025,0.08005416,-3.269481,0.2483257,0.4454759,-0.0735217,0.8570181,29.41577,56.57959,6.276188,0.08678337,0.02180579,-0.9959877,0.0,0.0,0.0,1.108642,-0.4147447,-2.558537,-0.2629335,0.09390461,1.042153,0.5922916,0.09522738,-0.8000765,0.3472651,0.8658578,0.360135,0.7270472,-0.4911435,0.4797711,moving,55.14182,-44.80056,-14.16011,5.148808,52.01690732938823,-36.45919082171975,85.42655831370197,78.17047517165533,74.73679657141159
4151,4151,05/15/2023 13:24:32.904284,4380,True,True,True,True,Eyes,0.2918233,0.06829103,-3.101033,0.7087017,-0.4947141,0.502991,0.0,0.0,0.0,0.0,0.0,0.0,0.0,-2.823553,0.9952332,1.377907,0.3515046,0.07990719,-3.275917,0.2468102,0.4424853,-0.07080733,0.8592309,29.13023,56.14868,6.358438,0.08740146,0.02181369,-0.9959335,0.0,0.0,0.0,1.10654,-0.4165183,-2.558318,-0.2602867,0.08776291,1.041805,0.598386,0.09674013,-0.7953461,0.3400995,0.8681421,0.3614715,0.7254422,-0.4867963,0.4865829,moving,54.63531,-44.52469,-14.02772,4.815295,51.533888277225785,-36.20889792334213,84.55203018604061,77.33892218610235,74.04639290268138
4152,4152,05/15/2023 13:24:32.914176,4381,True,True,True,True,Eyes,0.2947483,0.06853628,-3.108302,0.7036202,-0.4958932,0.5089288,0.0,0.0,0.0,0.0,0.0,0.0,0.0,-2.816122,1.004861,1.402609,0.3552775,0.07910417,-3.282548,0.2459673,0.4388669,-0.06892282,0.8614787,28.96577,55.6399,6.374794,0.08802804,0.02182434,-0.9958782,0.0,0.0,0.0,1.104406,-0.4183192,-2.558096,-0.2576377,0.08161572,1.041499,0.6052911,0.09714271,-0.7900544,0.3346448,0.8694995,0.3632953,0.7222433,-0.484287,0.493792,moving,54.12177,-44.25674,-13.89444,4.480753,51.04384487910226,-35.96646714020013,83.67525349043855,76.5046303181007,73.35005647660749
4153,4153,05/15/2023 13:24:32.934182,4382,True,True,True,True,Eyes,0.2977262,0.0687591,-3.11551,0.69842,-0.4970475,0.5149303,0.0,0.0,0.0,0.0,0.0,0.0,0.0,-2.805487,1.017995,1.428861,0.3594026,0.07865709,-3.288367,0.2466211,0.4342498,-0.06831673,0.8636771,29.03443,55.02269,6.31578,0.08866393,0.02183652,-0.9958217,0.0,0.0,0.0,1.102237,-0.4201491,-2.55787,-0.2550901,0.07921353,1.041101,0.61352,0.09618313,-0.7837996,0.3321975,0.8690217,0.3666689,0.7164063,-0.4853351,0.5012104,moving,53.59943,-43.98763,-13.76736,4.351042,50.545310541000674,-35.723193061388706,82.91508671905062,75.77640733018907,72.75932868279264
4154,4154,05/15/2023 13:24:32.954220,4383,True,True,True,True,Eyes,0.3007264,0.06896062,-3.122607,0.6930689,-0.4982516,0.5209615,0.0,0.0,0.0,0.0,0.0,0.0,0.0,-2.792726,1.028012,1.460758,0.3637201,0.07834481,-3.294163,0.2468369,0.4289135,-0.06819934,0.8662872,29.08894,54.27799,6.147634,0.08930807,0.02184936,-0.9957638,0.0,0.0,0.0,1.100129,-0.4219279,-2.557651,-0.2530808,0.07979727,1.040763,0.6227641,0.09358297,-0.7767928,0.3299038,0.8688408,0.3691602,0.7094564,-0.4861667,0.5102095,moving,53.06878,-43.72356,-13.66727,4.384399,50.038590745618166,-35.48504244290571,82.26831764870471,75.15323715123242,72.2727775293545
4155,4155,05/15/2023 13:24:32.967818,4384,True,True,True,True,Eyes,0.3037814,0.06914175,-3.129649,0.6875823,-0.4994728,0.5270271,0.0,0.0,0.0,0.0,0.0,0.0,0.0,-2.779946,1.035897,1.492952,0.3681532,0.07812761,-3.299765,0.2467606,0.4236253,-0.06818979,0.868908,29.11724,53.52862,5.950408,0.08996128,0.02186219,-0.9957047,0.0,0.0,0.0,1.097937,-0.4237781,-2.557422,-0.2518499,0.07731453,1.040187,0.6317836,0.09056668,-0.7698358,0.3275693,0.8689187,0.3710506,0.7025297,-0.4865983,0.5193018,moving,52.53009,-43.46238,-13.61051,4.250835,49.524005609954045,-35.249932373288615,81.55445943660118,74.47333539181788,71.72816626317599
4156,4156,05/15/2023 13:24:32.984646,4385,True,True,True,True,Eyes,0.3069137,0.06931265,-3.136644,0.6818886,-0.5008053,0.5331248,0.0,0.0,0.0,0.0,0.0,0.0,0.0,-2.76791,1.046581,1.521517,0.3726101,0.0778292,-3.305568,0.2474741,0.4185376,-0.06847733,0.8711451,29.24154,52.832,5.778124,0.09062346,0.02187439,-0.9956444,0.0,0.0,0.0,1.095945,-0.4254582,-2.557215,-0.2505353,0.07927379,1.040187,0.6402743,0.08784705,-0.7631066,0.3264618,0.8681349,0.373851,0.6953211,-0.4884923,0.5271658,moving,51.98044,-43.20958,-13.54209,4.358148,48.99857748111522,-35.02325148590271,80.96845487399945,73.90689896384289,71.29792361631219
4157,4157,05/15/2023 13:24:33.004472,4386,True,True,True,True,Eyes,0.3101145,0.06947794,-3.14357,0.6761316,-0.50212,0.5391859,0.0,0.0,0.0,0.0,0.0,0.0,0.0,-2.75742,1.056301,1.546455,0.3772602,0.07775989,-3.310935,0.2481556,0.413996,-0.06866224,0.8731046,29.35263,52.21409,5.634151,0.09129624,0.02188571,-0.9955826,0.0,0.0,0.0,1.093855,-0.4272225,-2.556997,-0.2480135,0.07549314,1.040297,0.6477857,0.08557215,-0.7570014,0.3253694,0.8674086,0.3764797,0.6888457,-0.4901833,0.5340523,moving,51.42915,-42.96138,-13.40938,4.150614,48.47143561594436,-34.80106037138144,80.14720800637372,73.11954784890725,70.64517226661313
4158,4158,05/15/2023 13:24:33.014358,4387,True,True,True,True,Eyes,0.3133733,0.06963949,-3.150404,0.6703293,-0.5034035,0.5452005,0.0,0.0,0.0,0.0,0.0,0.0,0.0,-2.748102,1.064994,1.569553,0.3821726,0.07779741,-3.316272,0.2486745,0.409795,-0.0687208,0.8749323,29.43722,51.64165,5.505785,0.09198204,0.02189614,-0.9955193,0.0,0.0,0.0,1.091686,-0.429052,-2.556771,-0.2465365,0.07626784,1.040899,0.6546909,0.08355906,-0.751264,0.3240633,0.8668769,0.3788238,0.6829075,-0.4914696,0.540458,moving,50.87743,-42.71742,-13.32493,4.190637,47.94376168508708,-34.58297373904529,79.51294763172126,72.50686498908408,70.16718341671513
4159,4159,05/15/2023 13:24:33.034203,4388,True,True,True,True,Eyes,0.3167055,0.06982444,-3.15716,0.6644861,-0.5047356,0.5510901,0.0,0.0,0.0,0.0,0.0,0.0,0.0,-2.741705,1.068101,1.590372,0.3871933,0.07790601,-3.321307,0.2486305,0.4062381,-0.06924114,0.8765611,29.48109,51.12927,5.313744,0.09267809,0.02190566,-0.9954545,0.0,0.0,0.0,1.089575,-0.4308333,-2.556551,-0.2451385,0.07938847,1.041277,0.6603525,0.0806182,-0.7466159,0.3233945,0.8667771,0.3796229,0.677754,-0.4921364,0.546307,moving,50.32946,-42.48613,-13.2474,4.359877,47.4193740302596,-34.37699427208223,78.97192855251572,71.97918217921381,69.77268452793248
4160,4160,05/15/2023 13:24:33.054341,4389,True,True,True,True,Eyes,0.320145,0.0700135,-3.16386,0.6587338,-0.5059496,0.5568525,0.0,0.0,0.0,0.0,0.0,0.0,0.0,-2.735342,1.078429,1.605842,0.3923502,0.07867588,-3.326215,0.2501002,0.4028225,-0.06967945,0.8776838,29.67994,50.69288,5.228931,0.09338837,0.02191517,-0.995388,0.0,0.0,0.0,1.087463,-0.4326156,-2.556331,-0.244959,0.07262102,1.041487,0.6657577,0.07917891,-0.7419552,0.323805,0.8651893,0.3828808,0.6722478,-0.4951547,0.5503678,moving,49.79091,-42.25791,-13.23547,3.988675,46.904025685018944,-34.17368153873143,78.17334072474212,71.22586888088955,69.1403286467694
4161,4161,05/15/2023 13:24:33.068163,4390,True,True,True,True,Eyes,0.3236507,0.07020655,-3.170485,0.6529703,-0.5070933,0.562571,0.0,0.0,0.0,0.0,0.0,0.0,0.0,-2.728658,1.077568,1.628505,0.3977413,0.07892303,-3.330815,0.2489126,0.3994236,-0.0694731,0.8795889,29.56298,50.18026,5.054115,0.09411423,0.02192484,-0.9953194,0.0,0.0,0.0,1.085273,-0.4344638,-2.556103,-0.2436956,0.06407455,1.042377,0.6712685,0.07662759,-0.7372426,0.3210587,0.8664321,0.3823831,0.6680717,-0.4933799,0.5570067,moving,49.25323,-42.03104,-13.15874,3.517525,46.38948309872505,-33.971644083532354,77.26529475023133,70.36638880025896,68.39906053633956
4162,4162,05/15/2023 13:24:33.084428,4391,True,True,True,True,Eyes,0.3272689,0.07039973,-3.177058,0.6472743,-0.5084302,0.5679215,0.0,0.0,0.0,0.0,0.0,0.0,0.0,-2.72285,1.078467,1.648828,0.402891,0.07920805,-3.335722,0.2485698,0.396075,-0.07003754,0.881154,29.57332,49.68738,4.846292,0.09485614,0.02193481,-0.9952487,0.0,0.0,0.0,1.083205,-0.4362086,-2.555888,-0.2409286,0.05708578,1.043176,0.6764387,0.07347693,-0.7328247,0.3203323,0.8666155,0.3825764,0.6631877,-0.4935369,0.5626752,moving,48.73614,-41.83641,-13.00483,3.132277,45.89400223274245,-33.80006802013518,76.3814780365297,69.52028874412882,67.6633588576476
4163,4163,05/15/2023 13:24:33.104508,4392,True,True,True,True,Eyes,0.3309862,0.07060428,-3.183537,0.6416107,-0.5096179,0.5732585,0.0,0.0,0.0,0.0,0.0,0.0,0.0,-2.714241,1.090358,1.665929,0.4086872,0.07940558,-3.340355,0.249691,0.3923559,-0.06970286,0.8825265,29.69708,49.2153,4.814489,0.09561452,0.02194505,-0.995176,0.0,0.0,0.0,1.08109,-0.4379937,-2.555667,-0.2376552,0.05058768,1.043951,0.6823967,0.07290624,-0.7273373,0.3189647,0.8655918,0.3860212,0.6577206,-0.4954146,0.5674224,moving,48.22024,-41.6366,-12.82481,2.774264,45.3998151059235,-33.62345667667835,75.49054888347942,68.66513699966553,66.91959238808009
4164,4164,05/15/2023 13:24:33.114498,4393,True,True,True,True,Eyes,0.334788,0.07080527,-3.189914,0.6360732,-0.5108303,0.578328,0.0,0.0,0.0,0.0,0.0,0.0,0.0,-2.707035,1.091931,1.686642,0.4148205,0.07986271,-3.344646,0.2486284,0.3890733,-0.068755,0.8843522,29.55452,48.74513,4.738652,0.09639131,0.02195597,-0.9951009,0.0,0.0,0.0,1.078919,-0.4398254,-2.555441,-0.2342363,0.04640952,1.044726,0.6877893,0.07186208,-0.7223445,0.3150766,0.8669134,0.3862486,0.6539667,-0.4932515,0.5736117,moving,47.72239,-41.45378,-12.63721,2.54356,44.922645631866,-33.46267228377046,74.69302001683691,67.89393009418508,66.25673888261302
4165,4165,05/15/2023 13:24:33.134082,4394,True,True,True,True,Eyes,0.3386925,0.07099418,-3.1962,0.6305028,-0.5120074,0.5833648,0.0,0.0,0.0,0.0,0.0,0.0,0.0,-2.69997,1.09498,1.705806,0.4209224,0.08000328,-3.348883,0.2481579,0.3857387,-0.06836371,0.8859739,29.50266,48.27576,4.633781,0.09718754,0.02196743,-0.9950232,0.0,0.0,0.0,1.076808,-0.4416067,-2.555221,-0.2312745,0.04451907,1.045368,0.6930642,0.07031125,-0.7174387,0.3125851,0.8674881,0.3869817,0.6495787,-0.4924638,0.5792467,moving,47.22385,-41.27277,-12.47502,2.43858,44.44475855323404,-33.30365592039367,73.99079130607673,67.21137269196547,65.68528429444987
4166,4166,05/15/2023 13:24:33.154121,4395,True,True,True,True,Eyes,0.3426902,0.07117376,-3.202368,0.6249498,-0.5132403,0.5882366,0.0,0.0,0.0,0.0,0.0,0.0,0.0,-2.691288,1.102278,1.724532,0.4273289,0.0798787,-3.353068,0.2484169,0.3820281,-0.06802949,0.8875334,29.53367,47.77814,4.551719,0.09800421,0.02197905,-0.9949428,0.0,0.0,0.0,1.074705,-0.4433808,-2.555002,-0.2290466,0.04548477,1.046216,0.698853,0.06904755,-0.7119246,0.3105613,0.8673221,0.3889782,0.644326,-0.4929349,0.5846872,moving,46.73335,-41.10491,-12.34886,2.489396,43.97429941539591,-33.157075333652834,73.42459434076389,66.65560145308896,65.24125379816942
4167,4167,05/15/2023 13:24:33.168343,4396,True,True,True,True,Eyes,0.3468051,0.07132328,-3.208447,0.6193818,-0.5143754,0.5931138,0.0,0.0,0.0,0.0,0.0,0.0,0.0,-2.681461,1.108274,1.745226,0.4341401,0.0798378,-3.357002,0.2480022,0.3782224,-0.06698804,0.8893569,29.45879,47.26369,4.508733,0.0988415,0.02199059,-0.9948598,0.0,0.0,0.0,1.072531,-0.4452156,-2.554776,-0.2277544,0.04666248,1.04707,0.7049209,0.0684474,-0.7059756,0.3067524,0.8680151,0.390452,0.6395229,-0.4917975,0.5908856,moving,46.24109,-40.93333,-12.2716,2.551688,43.50223720486224,-33.0069606623822,72.90186336093491,66.14482905903688,64.84220981709996
4168,4168,05/15/2023 13:24:33.184562,4397,True,True,True,True,Eyes,0.3510136,0.07143501,-3.214436,0.6138105,-0.5155641,0.5978547,0.0,0.0,0.0,0.0,0.0,0.0,0.0,-2.670959,1.115419,1.765939,0.441115,0.079322,-3.360929,0.2476243,0.3743149,-0.06580218,0.8912019,29.38186,46.74153,4.481931,0.0997017,0.02200118,-0.9947737,0.0,0.0,0.0,1.070407,-0.4470079,-2.554554,-0.2262035,0.04698378,1.048241,0.7111169,0.06809287,-0.6997686,0.302665,0.8687046,0.3921049,0.6345918,-0.4906279,0.5971411,moving,45.75446,-40.77307,-12.17732,2.566367,43.03531881527412,-32.867591647132684,72.34913913410006,65.60488480557392,64.41027883200906
4169,4169,05/15/2023 13:24:33.204253,4398,True,True,True,True,Eyes,0.3553355,0.07150088,-3.220343,0.6082107,-0.5166965,0.6025815,0.0,0.0,0.0,0.0,0.0,0.0,0.0,-2.660359,1.124457,1.785499,0.4478161,0.07856575,-3.364998,0.2478814,0.3703116,-0.06518225,0.8928469,29.40079,46.21382,4.423285,0.1005848,0.02200979,-0.9946846,0.0,0.0,0.0,1.068346,-0.4487472,-2.55434,-0.2249901,0.04571319,1.049448,0.7172412,0.06719118,-0.693578,0.2999822,0.8686122,0.3943648,0.6289481,-0.4909157,0.6028484,moving,45.26638,-40.61215,-12.10041,2.494185,42.56701413592939,-32.72763129283236,71.75726243410018,65.03155852833014,63.94131527771473
4170,4170,05/15/2023 13:24:33.215686,4399,True,True,True,True,Eyes,0.3597808,0.07152818,-3.226155,0.6025189,-0.5179793,0.6071807,0.0,0.0,0.0,0.0,0.0,0.0,0.0,-2.650222,1.132966,1.804308,0.4549226,0.07752855,-3.368954,0.2479576,0.3664369,-0.06440532,0.8944792,29.39231,45.70303,4.377541,0.1014917,0.02201525,-0.9945924,0.0,0.0,0.0,1.066038,-0.4506949,-2.554099,-0.2239848,0.04240078,1.050731,0.7231519,0.06650319,-0.68748,0.2969401,0.8687379,0.3963849,0.6236008,-0.4907868,0.6084821,moving,44.77921,-40.46714,-12.03365,2.310836,42.09915691356513,-32.60299329778005,71.11720109816032,64.41534181059548,63.42108831534312
4171,4171,05/15/2023 13:24:33.234642,4400,True,True,True,True,Eyes,0.3643506,0.07151924,-3.231883,0.5967969,-0.5192042,0.6117684,0.0,0.0,0.0,0.0,0.0,0.0,0.0,-2.638901,1.144279,1.822307,0.4624586,0.07667187,-3.37257,0.2485099,0.3623582,-0.06350267,0.8960507,29.43109,45.18336,4.365544,0.1024235,0.02201675,-0.9944968,0.0,0.0,0.0,1.064,-0.4524146,-2.553887,-0.2237416,0.03722531,1.051739,0.7293279,0.06629601,-0.6809448,0.2939025,0.8684205,0.3993335,0.6178206,-0.4913763,0.6138787,moving,44.29026,-40.32107,-12.00978,2.027085,41.62960471269869,-32.4773883681416,70.44899386013702,63.77885444855283,62.873941446789544
4172,4172,05/15/2023 13:24:33.254623,4401,True,True,True,True,Eyes,0.3690583,0.07146711,-3.237513,0.5909994,-0.5204937,0.6162841,0.0,0.0,0.0,0.0,0.0,0.0,0.0,-2.628638,1.152257,1.840912,0.4700752,0.07579067,-3.37634,0.248593,0.3584333,-0.06280357,0.8976542,29.42756,44.66597,4.30999,0.1033808,0.02201363,-0.9943978,0.0,0.0,0.0,1.062,-0.4541021,-2.553679,-0.2232439,0.03014213,1.053057,0.7351626,0.06545623,-0.6747233,0.2909598,0.8685145,0.4012792,0.6122732,-0.4913228,0.6194542,moving,43.8002,-40.18336,-11.96927,1.639556,41.1587495342418,-32.359884459089606,69.70932568045653,63.07573551820032,62.25333998388348
4173,4173,05/15/2023 13:24:33.270432,4402,True,True,True,True,Eyes,0.3739022,0.07136865,-3.243052,0.5851722,-0.5217015,0.6208068,0.0,0.0,0.0,0.0,0.0,0.0,0.0,-2.617785,1.159577,1.859714,0.478151,0.07472095,-3.379607,0.2484168,0.3544672,-0.06184833,0.8993425,29.38462,44.14269,4.269217,0.1043659,0.02200511,-0.9942952,0.0,0.0,0.0,1.05987,-0.4558988,-2.553457,-0.2229075,0.02277268,1.054332,0.7410555,0.06486554,-0.6683031,0.2873569,0.8689278,0.4029771,0.6068465,-0.4906699,0.6252842,moving,43.30751,-40.04236,-11.93772,1.237348,40.68543698479797,-32.23928863494919,68.9641191513251,62.36891735019226,61.62709968434597
4174,4174,05/15/2023 13:24:33.286148,4403,True,True,True,True,Eyes,0.3789092,0.07121596,-3.248512,0.579281,-0.522952,0.6252637,0.0,0.0,0.0,0.0,0.0,0.0,0.0,-2.605917,1.167697,1.879484,0.4863281,0.07350262,-3.383025,0.2482211,0.3503083,-0.06073947,0.9011,29.33396,43.59782,4.239252,0.105381,0.02199036,-0.9941885,0.0,0.0,0.0,1.057741,-0.457696,-2.553235,-0.2222591,0.01808988,1.055902,0.7471897,0.06444316,-0.6614791,0.2833725,0.8693939,0.4047891,0.6011719,-0.4898992,0.6313408,moving,42.81384,-39.90811,-11.88679,0.9815045,40.2109912629654,-32.12523633331183,68.29435918401687,61.727101836453215,61.072579186461965
4175,4175,05/15/2023 13:24:33.304250,4404,True,True,True,True,Eyes,0.3840614,0.07100582,-3.253886,0.5733912,-0.5241356,0.629686,0.0,0.0,0.0,0.0,0.0,0.0,0.0,-2.594851,1.175088,1.898005,0.4948981,0.07204866,-3.386207,0.2478911,0.346344,-0.05954933,0.9028012,29.26448,43.07901,4.21961,0.1064255,0.02196843,-0.9940777,0.0,0.0,0.0,1.055581,-0.459518,-2.55301,-0.2224423,0.01527834,1.057204,0.7529994,0.06418876,-0.6548828,0.2792335,0.8700078,0.4063435,0.5958359,-0.4888417,0.6371918,moving,42.32095,-39.77319,-11.88207,0.8279608,39.73731922138313,-32.010513118377524,67.72311882514524,61.17946316270359,60.61520470672714
4176,4176,05/15/2023 13:24:33.314290,4405,True,True,True,True,Eyes,0.3893264,0.07074805,-3.259119,0.567479,-0.5253846,0.6339863,0.0,0.0,0.0,0.0,0.0,0.0,0.0,-2.585397,1.184042,1.913505,0.5035882,0.07045642,-3.389567,0.2479371,0.3427103,-0.05841763,0.904248,29.23769,42.61603,4.225375,0.107502,0.02193835,-0.9939625,0.0,0.0,0.0,1.053415,-0.4613458,-2.552784,-0.223842,0.01287079,1.058609,0.758274,0.06429316,-0.6487581,0.2755892,0.8702291,0.4083525,0.5908224,-0.4884338,0.6421536,moving,41.83162,-39.64855,-11.93929,0.69658,39.26681461936008,-31.90559701551419,67.22380736721924,60.70392982698708,60.22537325597918
4177,4177,05/15/2023 13:24:33.334149,4406,True,True,True,True,Eyes,0.3947318,0.07043839,-3.264262,0.561578,-0.5265514,0.6382585,0.0,0.0,0.0,0.0,0.0,0.0,0.0,-2.577456,1.194457,1.92491,0.5125933,0.06911683,-3.392308,0.2484075,0.3394936,-0.0572117,0.9054086,29.25298,42.22489,4.276878,0.1086105,0.02189961,-0.993843,0.0,0.0,0.0,1.051367,-0.4630741,-2.552571,-0.2264912,0.009799689,1.059803,0.7629418,0.06506564,-0.6431845,0.2722655,0.870041,0.4109746,0.5863372,-0.4886666,0.6460755,moving,41.34325,-39.522,-12.06326,0.5297824,38.79729183685653,-31.79880793096389,66.75627748606905,60.265524854072765,59.86644868359923
4178,4178,05/15/2023 13:24:33.354248,4407,True,True,True,True,Eyes,0.400298,0.07007316,-3.269313,0.5554466,-0.5277914,0.6425849,0.0,0.0,0.0,0.0,0.0,0.0,0.0,-2.565692,1.206124,1.940955,0.5214276,0.06755652,-3.395344,0.2483818,0.3356788,-0.05515079,0.9069646,29.18118,41.76152,4.382318,0.109752,0.02185156,-0.9937186,0.0,0.0,0.0,1.049243,-0.4648661,-2.55235,-0.2281809,0.004063308,1.061128,0.7685564,0.06671339,-0.6362944,0.2667926,0.8705297,0.4135212,0.5815005,-0.487573,0.6512525,moving,40.83994,-39.3982,-12.13587,0.219398,38.31322506026312,-31.695140677052255,66.15126995338565,59.69630617859474,59.3712642755616
4179,4179,05/15/2023 13:24:33.368848,4408,True,True,True,True,Eyes,0.4060131,0.06965981,-3.274268,0.5493352,-0.5289713,0.646854,0.0,0.0,0.0,0.0,0.0,0.0,0.0,-2.556497,1.214176,1.955252,0.5307795,0.06587933,-3.398064,0.2483301,0.3321443,-0.05398037,0.9083495,29.14355,41.31303,4.392775,0.1109281,0.02179354,-0.9935892,0.0,0.0,0.0,1.047102,-0.4666733,-2.552127,-0.2297877,-0.001414686,1.06243,0.7735326,0.06689676,-0.630216,0.2630289,0.8708366,0.4152824,0.5765962,-0.4869995,0.6560248,moving,40.33929,-39.27493,-12.20424,-0.07629259,37.83171997213412,-31.591901388897558,65.55421969378898,59.13400788292771,58.882457969745126
4180,4180,05/15/2023 13:24:33.394071,4409,True,True,True,True,Eyes,0.4118746,0.0691967,-3.279101,0.5431076,-0.5301013,0.6511733,0.0,0.0,0.0,0.0,0.0,0.0,0.0,-2.547081,1.224108,1.968458,0.5401275,0.0643103,-3.400738,0.248519,0.3286582,-0.05258523,0.9096466,29.12352,40.88483,4.443946,0.1121389,0.02172519,-0.9934548,0.0,0.0,0.0,1.045024,-0.4684261,-2.55191,-0.2312047,-0.002300739,1.06418,0.7784372,0.06768766,-0.6240624,0.2590235,0.8709462,0.4175638,0.5717887,-0.486694,0.6604443,moving,39.82962,-39.14804,-12.25764,-0.1238723,37.34157796218315,-31.48545215240145,65.08431699714858,58.68246001403405,58.52401709826899
4181,4181,05/15/2023 13:24:33.404385,4410,True,True,True,True,Eyes,0.4178781,0.06868393,-3.283827,0.536899,-0.5311273,0.6554718,0.0,0.0,0.0,0.0,0.0,0.0,0.0,-2.536496,1.228181,1.98562,0.549696,0.06266159,-3.402769,0.2472295,0.3251311,-0.05045525,0.9113845,28.91106,40.42968,4.507542,0.1133849,0.0216462,-0.9933151,0.0,0.0,0.0,1.042919,-0.4702025,-2.551691,-0.2328722,-1.111627e-05,1.066325,0.7834881,0.06879572,-0.6175869,0.2527322,0.8726637,0.4178331,0.5676908,-0.4834514,0.6663347,moving,39.32101,-39.01777,-12.31927,-0.0005972991,36.85255470502816,-31.375708456986764,64.72293476079601,58.328946030181,58.275731551618385
4182,4182,05/15/2023 13:24:33.414139,4411,True,True,True,True,Eyes,0.4240214,0.06812645,-3.288421,0.5306206,-0.5321671,0.6597273,0.0,0.0,0.0,0.0,0.0,0.0,0.0,-2.524905,1.235803,2.001966,0.5591673,0.0609442,-3.404972,0.2467302,0.3213339,-0.04869392,0.912961,28.80329,39.95229,4.559175,0.1146678,0.02155617,-0.9931698,0.0,0.0,0.0,1.04046,-0.4722779,-2.551435,-0.2349329,-0.0001282096,1.06824,0.7887468,0.06965425,-0.6107593,0.2474768,0.8735062,0.419216,0.5627022,-0.481804,0.6717374,moving,38.80982,-38.89128,-12.40333,-0.006876608,36.36092970667893,-31.269692826106123,64.30228269722842,57.92509562035707,57.966274698052196
4183,4183,05/15/2023 13:24:33.434264,4412,True,True,True,True,Eyes,0.4303231,0.06754507,-3.292896,0.5243708,-0.5330901,0.6639655,0.0,0.0,0.0,0.0,0.0,0.0,0.0,-2.51123,1.248325,2.017124,0.569169,0.05935436,-3.406744,0.2468863,0.3172373,-0.04650462,0.9144643,28.75357,39.46561,4.683883,0.1159876,0.021455,-0.9930187,0.0,0.0,0.0,1.038687,-0.473774,-2.55125,-0.2374553,0.0001322925,1.070251,0.7943957,0.07158943,-0.603167,0.2416967,0.8737689,0.4220314,0.5572416,-0.4810434,0.6768153,moving,38.30013,-38.76057,-12.5095,0.007082263,35.87087249595127,-31.159558458428243,63.91047928721697,57.55015149159546,57.68598437482933
4184,4184,05/15/2023 13:24:33.454106,4413,True,True,True,True,Eyes,0.4368065,0.06694687,-3.297254,0.5180065,-0.5339315,0.6682712,0.0,0.0,0.0,0.0,0.0,0.0,0.0,-2.496994,1.258357,2.034159,0.5793316,0.05818684,-3.408407,0.2462786,0.3131856,-0.04362874,0.916165,28.59345,38.98343,4.855485,0.1173451,0.02134321,-0.9928616,0.0,0.0,0.0,1.03654,-0.4755851,-2.551027,-0.2392356,-0.001333177,1.072626,0.8000225,0.07431957,-0.595349,0.2342041,0.8748868,0.4239358,0.5523698,-0.4785914,0.6825232,moving,37.78084,-38.62395,-12.5733,-0.07121345,35.37167909509016,-31.04402280407872,63.41808031337204,57.07920759534718,57.307633861193196
4185,4185,05/15/2023 13:24:33.469117,4414,True,True,True,True,Eyes,0.4434307,0.06634133,-3.3015,0.5116341,-0.5346797,0.6725683,0.0,0.0,0.0,0.0,0.0,0.0,0.0,-2.481061,1.264632,2.054749,0.5898408,0.05716032,-3.409658,0.2448274,0.3088405,-0.04044523,0.918173,28.33135,38.44888,5.015535,0.1187421,0.02122144,-0.9926981,0.0,0.0,0.0,1.034348,-0.4774352,-2.550798,-0.2395417,-0.001783937,1.075518,0.8059635,0.0769538,-0.5869421,0.2254966,0.8768475,0.4246055,0.5473337,-0.47457,0.6893542,moving,37.26086,-38.48407,-12.5561,-0.0950351,34.871906344979,-30.925363348194573,62.89234853457946,56.56787892214797,56.89870374449798
4186,4186,05/15/2023 13:24:33.484657,4415,True,True,True,True,Eyes,0.4502277,0.06576452,-3.305643,0.5049929,-0.535651,0.6768014,0.0,0.0,0.0,0.0,0.0,0.0,0.0,-2.466561,1.271614,2.073357,0.5999137,0.0563654,-3.411255,0.2442441,0.3045344,-0.03849492,0.9198489,28.21499,37.91245,5.074576,0.120178,0.02109066,-0.992528,0.0,0.0,0.0,1.032369,-0.4791051,-2.550592,-0.2374336,-0.001888543,1.078961,0.811554,0.0779424,-0.5790554,0.2195804,0.877726,0.4258891,0.5414469,-0.4727812,0.6952073,moving,36.72832,-38.35967,-12.41056,-0.1002867,34.359547431089496,-30.822033738630168,62.27688124939077,55.95774021724997,56.40145301306311
4187,4187,05/15/2023 13:24:33.504477,4416,True,True,True,True,Eyes,0.457173,0.06520561,-3.309653,0.4982979,-0.5365649,0.6810266,0.0,0.0,0.0,0.0,0.0,0.0,0.0,-2.447355,1.295992,2.085821,0.6102425,0.05649556,-3.41236,0.2466937,0.2995387,-0.03624604,0.9209262,28.43019,37.37521,5.286801,0.1216537,0.02095272,-0.9923511,0.0,0.0,0.0,1.030268,-0.4808775,-2.550373,-0.2337566,-0.004399121,1.082542,0.8179256,0.08102877,-0.5695894,0.2145485,0.8756568,0.4326591,0.5338227,-0.4760875,0.6988376,moving,36.19242,-38.23375,-12.18496,-0.2328312,33.84397589344512,-30.71734290345249,61.517808196558775,55.20840871896973,55.76171317746144
4188,4188,05/15/2023 13:24:33.514265,4417,True,True,True,True,Eyes,0.4642912,0.06471359,-3.313583,0.4913584,-0.5376247,0.6852202,0.0,0.0,0.0,0.0,0.0,0.0,0.0,-2.426074,1.309367,2.106604,0.6208284,0.05651066,-3.413126,0.2467547,0.294209,-0.03337062,0.9227349,28.36028,36.74776,5.452139,0.1231698,0.02080899,-0.9921671,0.0,0.0,0.0,1.028152,-0.4826635,-2.550153,-0.2308163,0.0001691878,1.086623,0.824655,0.08361042,-0.5594224,0.2067794,0.875997,0.4357425,0.526485,-0.4750143,0.7051065,moving,35.64359,-38.11777,-11.9923,0.00892098,33.315610928486564,-30.62264820219162,61.01493736107998,54.69094827544192,55.38291941345975
4189,4189,05/15/2023 13:24:33.534313,4418,True,True,True,True,Eyes,0.4715779,0.06432222,-3.31736,0.4843982,-0.5386561,0.6893533,0.0,0.0,0.0,0.0,0.0,0.0,0.0,-2.406518,1.329363,2.121841,0.6313141,0.05760962,-3.414509,0.2485557,0.2891037,-0.03114352,0.9239423,28.50983,36.18081,5.627359,0.1247278,0.02066205,-0.9919755,0.0,0.0,0.0,1.026043,-0.4844425,-2.549933,-0.2290988,0.002166688,1.089851,0.8308982,0.0861671,-0.5497121,0.2012664,0.8745003,0.4412948,0.5187485,-0.4773096,0.7092782,moving,35.09514,-38.00383,-11.87137,0.1139073,32.78755835433679,-30.529909896071395,60.48813898982107,54.161456905294074,54.97650649831073
4190,4190,05/15/2023 13:24:33.554405,4419,True,True,True,True,Eyes,0.4790227,0.06400937,-3.321024,0.4773435,-0.5395494,0.693563,0.0,0.0,0.0,0.0,0.0,0.0,0.0,-2.383789,1.347089,2.140067,0.6427004,0.0594819,-3.41473,0.2491191,0.2838276,-0.02707752,0.925553,28.45814,35.60973,5.960194,0.1263279,0.02051539,-0.991776,0.0,0.0,0.0,1.023906,-0.4862463,-2.54971,-0.2263311,-0.009813398,1.092563,0.8374175,0.09129034,-0.538886,0.1915371,0.874413,0.4457752,0.5119038,-0.4765165,0.7147632,moving,34.53762,-37.88072,-11.70362,-0.5146165,32.25097177924433,-30.4286082464488,59.45147573870906,53.16815814645661,54.05292055495134
4191,4191,05/15/2023 13:24:33.569397,4420,True,True,True,True,Eyes,0.4865572,0.06375554,-3.324594,0.4702328,-0.540526,0.697648,0.0,0.0,0.0,0.0,0.0,0.0,0.0,-2.368423,1.343764,2.163119,0.6532614,0.06096298,-3.415223,0.2468708,0.2795383,-0.02455735,0.9275292,28.144,35.05357,6.019262,0.1279701,0.02037142,-0.9915684,0.0,0.0,0.0,1.021766,-0.4880522,-2.549487,-0.2230786,-0.006321758,1.096754,0.8425106,0.09246435,-0.5306847,0.183575,0.8769035,0.4442302,0.5064347,-0.4716891,0.7218264,moving,33.98099,-37.76793,-11.49706,-0.3302528,31.714965727007367,-30.337236025881325,58.90528589128398,52.60891758770436,53.63212044295704
4192,4192,05/15/2023 13:24:33.584219,4421,True,True,True,True,Eyes,0.4942248,0.06360386,-3.328079,0.4627236,-0.5417377,0.7017173,0.0,0.0,0.0,0.0,0.0,0.0,0.0,-2.353795,1.357399,2.175674,0.6630182,0.06215462,-3.416575,0.2486636,0.2751097,-0.02409688,0.928386,28.3574,34.53108,6.006014,0.1296526,0.02023172,-0.9913527,0.0,0.0,0.0,1.019607,-0.4898735,-2.549263,-0.2223665,0.008301377,1.10006,0.8474681,0.09207714,-0.5228,0.181562,0.8751714,0.4484531,0.4988319,-0.4749702,0.7249622,moving,33.4015,-37.66876,-11.4278,0.4323626,31.1564489483226,-30.25972199042542,58.833338183977204,52.492116693828834,53.69369902398811
4193,4193,05/15/2023 13:24:33.604289,4422,True,True,True,True,Eyes,0.5019681,0.06352524,-3.331454,0.4551677,-0.542847,0.7057899,0.0,0.0,0.0,0.0,0.0,0.0,0.0,-2.333223,1.378593,2.188672,0.6728827,0.06442061,-3.417281,0.2516561,0.2697423,-0.0232727,0.9291753,28.69981,33.92656,6.054444,0.1313756,0.02009889,-0.9911286,0.0,0.0,0.0,1.017489,-0.4916605,-2.549042,-0.2244954,0.005271018,1.102029,0.8533949,0.09251577,-0.5129892,0.1790134,0.8722551,0.4551101,0.4895623,-0.4802206,0.7278166,moving,32.81818,-37.56511,-11.51424,0.2740444,30.59434508015348,-30.17800548678511,58.28520454423609,51.96595308237667,53.26043684628752
4194,4194,05/15/2023 13:24:33.614207,4423,True,True,True,True,Eyes,0.5098437,0.0635208,-3.334781,0.44741,-0.5439947,0.709855,0.0,0.0,0.0,0.0,0.0,0.0,0.0,-2.315796,1.378518,2.2114,0.682506,0.06608744,-3.418089,0.2508953,0.2647924,-0.02259433,0.9308201,28.62287,33.27523,5.937887,0.1331367,0.01997449,-0.9908962,0.0,0.0,0.0,1.01527,-0.493533,-2.548811,-0.2276047,-0.005882829,1.104331,0.8587489,0.09080779,-0.5042858,0.1749328,0.8730822,0.4551111,0.4816106,-0.4790423,0.7338731,moving,32.22256,-37.46461,-11.6457,-0.3052149,30.020243081884573,-30.09971397511061,57.49125915846255,51.222680406628584,52.57240028838249
4195,4195,05/15/2023 13:24:33.634555,4424,True,True,True,True,Eyes,0.5177919,0.06359956,-3.338006,0.4396642,-0.5450764,0.7138538,0.0,0.0,0.0,0.0,0.0,0.0,0.0,-2.299944,1.384551,2.228958,0.6920205,0.06775904,-3.419283,0.251184,0.2602551,-0.02177004,0.9320408,28.6566,32.7104,5.897457,0.1349352,0.01985993,-0.9906551,0.0,0.0,0.0,1.013273,-0.4952188,-2.548603,-0.2300095,-0.005060345,1.106632,0.8635867,0.09016272,-0.4960734,0.171325,0.8728653,0.4568959,0.4742002,-0.4795589,0.7383478,moving,31.62901,-37.36422,-11.74155,-0.2619971,29.44814282544609,-30.02146368926177,57.075217203571675,50.81551580700517,52.274404611912765
4196,4196,05/15/2023 13:24:33.654424,4425,True,True,True,True,Eyes,0.5258701,0.06375023,-3.341149,0.4318966,-0.5459404,0.7179236,0.0,0.0,0.0,0.0,0.0,0.0,0.0,-2.281149,1.392931,2.247414,0.7017504,0.06982069,-3.420151,0.2511038,0.2555907,-0.01937974,0.933405,28.59854,32.16482,6.026627,0.1367696,0.01975672,-0.9904056,0.0,0.0,0.0,1.011148,-0.4970112,-2.548381,-0.2341424,-0.006054938,1.108195,0.8685957,0.09218128,-0.4868719,0.1645379,0.8731426,0.4588565,0.4674066,-0.4786696,0.7432405,moving,31.03075,-37.25094,-11.93015,-0.3130487,28.87183255705611,-29.930924071764306,56.65727440056233,50.418452198809845,51.972097805514274
4197,4197,05/15/2023 13:24:33.669625,4426,True,True,True,True,Eyes,0.5340075,0.06393703,-3.344211,0.4241747,-0.5466176,0.7220007,0.0,0.0,0.0,0.0,0.0,0.0,0.0,-2.264257,1.386213,2.272402,0.711731,0.07153547,-3.420611,0.2480446,0.2513369,-0.01629493,0.9354348,28.18046,31.61982,6.134766,0.1386396,0.01966587,-0.9901474,0.0,0.0,0.0,1.008959,-0.4988584,-2.548153,-0.2386068,-0.01100594,1.10942,0.8731285,0.09419984,-0.4783023,0.1551712,0.8764167,0.4558681,0.4621348,-0.4722502,0.7506073,moving,30.43419,-37.1289,-12.1379,-0.5683807,28.297407573712228,-29.831878989888963,56.11643625938637,49.91358963992716,51.541847031979806
4198,4198,05/15/2023 13:24:33.694405,4427,True,True,True,True,Eyes,0.5422015,0.06415141,-3.347194,0.4164158,-0.5473843,0.7259259,0.0,0.0,0.0,0.0,0.0,0.0,0.0,-2.249306,1.381973,2.294655,0.7213171,0.07255517,-3.421857,0.2459996,0.2471546,-0.01454155,0.9371166,27.92066,31.07453,6.129412,0.1405433,0.01958724,-0.9898805,0.0,0.0,0.0,1.006857,-0.5006322,-2.547934,-0.2418818,-0.01386288,1.110977,0.8774063,0.0943456,-0.4703798,0.1488541,0.8785455,0.4538726,0.4560709,-0.4682486,0.7567976,moving,29.84005,-37.01811,-12.28274,-0.7149049,27.725019518201396,-29.74361267928912,55.60802224424787,49.42961356314244,51.14513497644868
4199,4199,05/15/2023 13:24:33.704681,4428,True,True,True,True,Eyes,0.5504448,0.06439624,-3.350098,0.4087041,-0.5480921,0.7297644,0.0,0.0,0.0,0.0,0.0,0.0,0.0,-2.237353,1.386755,2.308171,0.7309637,0.07342495,-3.42298,0.2461626,0.2433951,-0.01382838,0.938068,27.94126,30.60999,6.10058,0.1424789,0.01952042,-0.9896051,0.0,0.0,0.0,1.00475,-0.5024105,-2.547715,-0.2446133,-0.02014181,1.111692,0.8811352,0.09388562,-0.4634503,0.1457735,0.8784255,0.455103,0.4498342,-0.4685661,0.7603256,moving,29.25098,-36.90851,-12.40944,-1.03798,27.157509176078097,-29.656335570968945,54.975317343852595,48.831892679771855,50.61820516973289
4200,4200,05/15/2023 13:24:33.724414,4429,True,True,True,True,Eyes,0.5587273,0.06465599,-3.352939,0.4009713,-0.5489039,0.7334347,0.0,0.0,0.0,0.0,0.0,0.0,0.0,-2.226473,1.388863,2.32202,0.7404239,0.07440062,-3.424052,0.2459367,0.2398432,-0.01317587,0.939051,27.91846,30.16199,6.056332,0.1444438,0.01946517,-0.9893212,0.0,0.0,0.0,1.002417,-0.5043787,-2.547472,-0.2457235,-0.02372652,1.11294,0.8846032,0.09322687,-0.4569309,0.1427181,0.8786831,0.4555739,0.4439692,-0.4682145,0.7639807,moving,28.66558,-36.81125,-12.45046,-1.221291,26.59321663092134,-29.58084973336037,54.379903704431854,48.25632866693103,50.1315811137953
4201,4201,05/15/2023 13:24:33.734097,4430,True,True,True,True,Eyes,0.5670356,0.06496552,-3.355714,0.3931665,-0.5499085,0.7368994,0.0,0.0,0.0,0.0,0.0,0.0,0.0,-2.216207,1.388585,2.336838,0.7495842,0.07502685,-3.425354,0.2457791,0.2361535,-0.01362218,0.9400207,27.93753,29.6675,5.877825,0.1464362,0.01942078,-0.9890292,0.0,0.0,0.0,1.000508,-0.5059896,-2.547273,-0.2437712,-0.02336085,1.114485,0.888092,0.09047288,-0.4506744,0.1416934,0.8788142,0.4556409,0.4372822,-0.4685086,0.7676485,moving,28.08178,-36.732,-12.33798,-1.200807,26.029982524377026,-29.52269082102434,53.81656505631745,47.688883940008495,49.68466962304997
4202,4202,05/15/2023 13:24:33.754262,4431,True,True,True,True,Eyes,0.5753912,0.06528316,-3.358423,0.3852046,-0.5510038,0.7402785,0.0,0.0,0.0,0.0,0.0,0.0,0.0,-2.20153,1.407053,2.344384,0.7585685,0.07659626,-3.426569,0.2491059,0.2317731,-0.01439711,0.9402236,28.36613,29.15391,5.765748,0.1484537,0.01938762,-0.988729,0.0,0.0,0.0,0.9983715,-0.5077925,-2.54705,-0.2399662,-0.02408174,1.116402,0.892148,0.08839908,-0.4430098,0.1425451,0.8754779,0.4617568,0.4286642,-0.4751042,0.768455,moving,27.49025,-36.66103,-12.13093,-1.235727,25.459036323033235,-29.472763322635416,53.14875348711584,47.014208367817965,49.135417850932605
4203,4203,05/15/2023 13:24:33.769768,4432,True,True,True,True,Eyes,0.5837478,0.06562603,-3.361095,0.3771439,-0.5522047,0.7435271,0.0,0.0,0.0,0.0,0.0,0.0,0.0,-2.188103,1.402034,2.364126,0.7675926,0.07712041,-3.427454,0.2487161,0.2271902,-0.01622672,0.9414147,28.40253,28.49753,5.379018,0.1504949,0.01936483,-0.9884208,0.0,0.0,0.0,0.9962759,-0.5095608,-2.546832,-0.2360219,-0.02552363,1.118242,0.8962426,0.08245957,-0.4358321,0.1435639,0.875754,0.4609168,0.4196887,-0.4756631,0.7730498,moving,26.89577,-36.60064,-11.91822,-1.307536,24.88494461386213,-29.43313652654549,52.46073779194223,46.31978336061007,48.564202508432835
4204,4204,05/15/2023 13:24:33.785103,4433,True,True,True,True,Eyes,0.5921233,0.06599269,-3.363679,0.3689778,-0.5534713,0.7466759,0.0,0.0,0.0,0.0,0.0,0.0,0.0,-2.176809,1.408791,2.375975,0.7760375,0.07814898,-3.429301,0.2509129,0.2228883,-0.01903506,0.9418076,28.75783,27.90499,4.973121,0.1525565,0.01935209,-0.988105,0.0,0.0,0.0,0.9941347,-0.5113676,-2.546609,-0.2329794,-0.02486065,1.120074,0.8999169,0.07599635,-0.429388,0.1477058,0.8733608,0.4641379,0.4102834,-0.4811086,0.774727,moving,26.29677,-36.54758,-11.75018,-1.271502,24.306275517684703,-29.40072387378596,51.88421805679049,45.73096443027912,48.1057166675752
4205,4205,05/15/2023 13:24:33.804372,4434,True,True,True,True,Eyes,0.6005133,0.06637264,-3.36619,0.3608163,-0.5545381,0.749866,0.0,0.0,0.0,0.0,0.0,0.0,0.0,-2.160151,1.415244,2.391177,0.7849795,0.07914266,-3.429932,0.2519577,0.2181609,-0.0197047,0.9426214,28.92072,27.29303,4.770052,0.1546374,0.01934912,-0.9877816,0.0,0.0,0.0,0.9920139,-0.5131571,-2.546388,-0.2311009,-0.02470788,1.121436,0.9040352,0.07278648,-0.4212157,0.1470828,0.8722581,0.4664038,0.4013567,-0.483599,0.7778463,moving,25.69567,-36.48353,-11.64427,-1.262157,23.72587231537978,-29.357773278706496,51.330461085097696,45.170904590129,47.66859838720561
4206,4206,05/15/2023 13:24:33.814068,4435,True,True,True,True,Eyes,0.6088721,0.06674261,-3.368628,0.3526936,-0.5555786,0.7529539,0.0,0.0,0.0,0.0,0.0,0.0,0.0,-2.143863,1.403366,2.416695,0.7937626,0.07979578,-3.430681,0.2491663,0.2137137,-0.01915949,0.9443917,28.60773,26.67412,4.593731,0.1567354,0.01935533,-0.9874507,0.0,0.0,0.0,0.9898074,-0.515019,-2.546158,-0.2302812,-0.02524894,1.122524,0.9079188,0.07031236,-0.4132067,0.1426886,0.8750982,0.4624317,0.394111,-0.4788104,0.7844853,moving,25.09902,-36.42234,-11.59315,-1.288537,23.149700832778443,-29.317442640314027,50.800585159540326,44.639503081713634,47.25064482488514
4207,4207,05/15/2023 13:24:33.834314,4436,True,True,True,True,Eyes,0.6172535,0.06710664,-3.371017,0.3445247,-0.5565872,0.7559851,0.0,0.0,0.0,0.0,0.0,0.0,0.0,-2.122312,1.405421,2.439177,0.8025402,0.07995005,-3.431987,0.2483007,0.2085185,-0.01810318,0.9458009,28.50501,26.01553,4.523455,0.1588483,0.01936953,-0.9871128,0.0,0.0,0.0,0.987792,-0.5167196,-2.545948,-0.2302258,-0.02683353,1.123279,0.9123846,0.06930657,-0.403424,0.1377946,0.8760381,0.4621362,0.3854439,-0.4772356,0.7897336,moving,24.50015,-36.36202,-11.58285,-1.368454,22.571355613318044,-29.278021040650323,50.26462523879349,44.10729750816026,46.82316132527096
4208,4208,05/15/2023 13:24:33.854229,4437,True,True,True,True,Eyes,0.6256389,0.06746279,-3.373346,0.3363378,-0.5575962,0.7589225,0.0,0.0,0.0,0.0,0.0,0.0,0.0,-2.102011,1.41216,2.457595,0.8115216,0.0801813,-3.433281,0.2485102,0.2034727,-0.01747381,0.946856,28.53644,25.38618,4.441929,0.1609744,0.01939075,-0.9867678,0.0,0.0,0.0,0.9856606,-0.5185181,-2.545726,-0.2313719,-0.02573484,1.124111,0.9165871,0.06803967,-0.3940035,0.1342204,0.8758748,0.4634958,0.3766338,-0.4777175,0.7936832,moving,23.90187,-36.3055,-11.63057,-1.311472,21.99347817027536,-29.242247401628376,49.87119697799908,43.71160978382295,46.53868726069071
4209,4209,05/15/2023 13:24:33.869840,4438,True,True,True,True,Eyes,0.6340405,0.06782863,-3.37564,0.3281408,-0.558611,0.7617594,0.0,0.0,0.0,0.0,0.0,0.0,0.0,-2.085598,1.416033,2.473902,0.8205383,0.08037336,-3.434431,0.2484607,0.1990754,-0.01709474,0.9478102,28.54138,24.82871,4.342708,0.1631125,0.01941805,-0.9864161,0.0,0.0,0.0,0.983515,-0.5203286,-2.545503,-0.2316735,-0.03085282,1.124422,0.9201535,0.06651969,-0.3858662,0.13133,0.8759501,0.4641808,0.3688767,-0.4777933,0.7972726,moving,23.30478,-36.25323,-11.64219,-1.571735,21.416637316946844,-29.21053709535741,49.23511762569401,43.09047974713259,46.00220529826634
4210,4210,05/15/2023 13:24:33.884194,4439,True,True,True,True,Eyes,0.6424643,0.06817739,-3.377872,0.3199516,-0.5595567,0.7645438,0.0,0.0,0.0,0.0,0.0,0.0,0.0,-2.06781,1.425664,2.488319,0.8293811,0.08098635,-3.435936,0.2492676,0.1945592,-0.01642796,0.9485475,28.63818,24.2811,4.301511,0.1652611,0.01945109,-0.9860578,0.0,0.0,0.0,0.9814405,-0.5220791,-2.545287,-0.2320781,-0.03335476,1.125203,0.9237537,0.06582919,-0.3772871,0.12816,0.8751916,0.4664919,0.3609073,-0.4792768,0.8000247,moving,22.70867,-36.19977,-11.65409,-1.697941,20.840778018728265,-29.17764787816631,48.6947171586697,42.55644178810665,45.56481795206058
4211,4211,05/15/2023 13:24:33.904142,4440,True,True,True,True,Eyes,0.6509019,0.06849319,-3.380076,0.3117236,-0.5604451,0.7672873,0.0,0.0,0.0,0.0,0.0,0.0,0.0,-2.050938,1.421594,2.508584,0.838319,0.08092597,-3.436705,0.2479764,0.1900413,-0.01633419,0.9498028,28.50697,23.67773,4.125753,0.1674196,0.01948882,-0.9856929,0.0,0.0,0.0,0.9792846,-0.5238982,-2.545062,-0.2330573,-0.03321427,1.125446,0.927235,0.06322299,-0.3691044,0.12528,0.8764818,0.464849,0.3529025,-0.4772657,0.804784,moving,22.11029,-36.14529,-11.69944,-1.690428,20.2627480989111,-29.14384568554905,48.272511412935046,42.13397216839864,45.24808802405887
4212,4212,05/15/2023 13:24:33.934402,4441,True,True,True,True,Eyes,0.659317,0.06877331,-3.382235,0.3034828,-0.5615465,0.7697816,0.0,0.0,0.0,0.0,0.0,0.0,0.0,-2.033026,1.424255,2.526718,0.84715,0.08046134,-3.438293,0.2477972,0.1853085,-0.01647704,0.9507818,28.50979,23.06097,3.948249,0.1695871,0.01952979,-0.9853214,0.0,0.0,0.0,0.9771234,-0.5257219,-2.544837,-0.2345102,-0.03889579,1.125213,0.9307786,0.06050571,-0.3605418,0.12317,0.87665,0.4650954,0.3442099,-0.4773088,0.8085146,moving,21.5166,-36.1103,-11.77272,-1.979784,19.68872884421746,-29.128701515825668,47.67673382781854,41.555823727347985,44.743459480014494
4213,4213,05/15/2023 13:24:33.954134,4442,True,True,True,True,Eyes,0.6676712,0.0690444,-3.384356,0.295319,-0.5627987,0.7720391,0.0,0.0,0.0,0.0,0.0,0.0,0.0,-2.0133,1.442172,2.537288,0.8559963,0.07996464,-3.439759,0.2500618,0.1804379,-0.01633983,0.9511281,28.78852,22.4775,3.870503,0.1717614,0.01957264,-0.9849438,0.0,0.0,0.0,0.975083,-0.5274436,-2.544624,-0.235648,-0.04249716,1.124981,0.9343504,0.05915867,-0.3514109,0.1213237,0.8744043,0.4697848,0.3350671,-0.4815781,0.8098226,moving,20.93276,-36.09118,-11.83061,-2.163371,19.12381629601449,-29.12856078122968,47.16497256754615,41.05238077448282,44.32292408045591
4214,4214,05/15/2023 13:24:33.974200,4443,True,True,True,True,Eyes,0.6760482,0.06929129,-3.386465,0.2870688,-0.5640586,0.7742283,0.0,0.0,0.0,0.0,0.0,0.0,0.0,-1.990625,1.459182,2.551133,0.8649389,0.08004194,-3.441737,0.2517892,0.1752034,-0.01544829,0.9516655,28.98965,21.86015,3.856143,0.1739403,0.01961693,-0.9845605,0.0,0.0,0.0,0.9729568,-0.5292377,-2.544403,-0.2364533,-0.04429594,1.124633,0.9381303,0.05882545,-0.3412495,0.1176319,0.8727271,0.4738251,0.3256907,-0.4846515,0.811812,moving,20.3438,-36.07495,-11.87345,-2.255543,18.55386635199481,-29.131369033643367,46.70870890309588,40.59718716087401,43.9615927337645
4215,4215,05/15/2023 13:24:33.984485,4444,True,True,True,True,Eyes,0.6847637,0.06949072,-3.388597,0.2785242,-0.565376,0.7763854,0.0,0.0,0.0,0.0,0.0,0.0,0.0,-1.968288,1.468722,2.568622,0.8739408,0.07979043,-3.443687,0.2526474,0.1697685,-0.01553652,0.9524216,29.11269,21.17139,3.687443,0.1761232,0.0196618,-0.9841715,0.0,0.0,0.0,0.9707798,-0.5310748,-2.544176,-0.2373623,-0.04829606,1.123926,0.9418745,0.05618851,-0.3312329,0.1153778,0.8718558,0.4759784,0.3155319,-0.4865288,0.8146959,moving,19.73518,-36.0627,-11.92508,-2.460535,17.964767674750536,-29.13863389637609,46.1679277849334,40.06399823712822,43.51389197193581
4216,4216,05/15/2023 13:24:34.004671,4445,True,True,True,True,Eyes,0.6934871,0.06966292,-3.390743,0.2699511,-0.5666651,0.7784709,0.0,0.0,0.0,0.0,0.0,0.0,0.0,-1.926959,1.488802,2.598588,0.8920454,0.07891907,-3.446794,0.2544957,0.1596683,-0.01540371,0.9536775,29.36244,19.90356,3.413292,0.1783183,0.01970575,-0.9837753,0.0,0.0,0.0,0.9707798,-0.5310748,-2.544176,-0.2364482,-0.04969063,1.123315,0.9485375,0.05188943,-0.3123845,0.1106501,0.8699894,0.4804946,0.2967038,-0.4903325,0.819476,static,19.12506,-36.05165,-11.88674,-2.532867,17.374183563154844,-29.14710362414698,45.66443422447155,39.55400408119103,43.11195586096628
4217,4217,05/15/2023 13:24:34.034493,4446,True,True,True,True,Eyes,0.7021817,0.06980824,-3.39287,0.2615169,-0.5678975,0.7804495,0.0,0.0,0.0,0.0,0.0,0.0,0.0,-1.906009,1.49804,2.615098,0.901038,0.07844524,-3.449305,0.2549693,0.1546819,-0.01484413,0.9543815,29.42397,19.2861,3.326723,0.180524,0.01974805,-0.983372,0.0,0.0,0.0,0.9707798,-0.5310748,-2.544176,-0.2351753,-0.04895812,1.12303,0.9517063,0.05054432,-0.3028206,0.1072122,0.8695406,0.4820836,0.2876814,-0.4912681,0.8221284,static,18.52522,-36.04168,-11.82747,-2.496209,16.793525914795875,-29.156293050867305,45.23919113830331,39.11421082872658,42.79054834599259
4218,4218,05/15/2023 13:24:34.044641,4447,True,True,True,True,Eyes,0.7112631,0.06989823,-3.395094,0.2527912,-0.5691302,0.782424,0.0,0.0,0.0,0.0,0.0,0.0,0.0,-1.885404,1.508758,2.629691,0.910154,0.0779727,-3.451364,0.2555486,0.1499042,-0.013833,0.9550039,29.48838,18.71173,3.305771,0.182738,0.01978809,-0.9829622,0.0,0.0,0.0,0.9707798,-0.5310748,-2.544176,-0.2344494,-0.04860854,1.122246,0.9546748,0.05019445,-0.2933881,0.1030367,0.8690071,0.4839526,0.2792481,-0.492247,0.8244473,static,17.90498,-36.03191,-11.8,-2.480137,16.193105940288934,-29.166315127948884,44.811910339149,38.675135206755996,42.46736651618181
4219,4219,05/15/2023 13:24:34.070079,4448,True,True,True,True,Eyes,0.720337,0.06995893,-3.397327,0.2441612,-0.5701934,0.7843882,0.0,0.0,0.0,0.0,0.0,0.0,0.0,-1.843331,1.527725,2.660779,0.9286513,0.07673794,-3.455904,0.2558515,0.1404128,-0.01098565,0.9564015,29.50362,17.58623,3.348592,0.1849691,0.01982439,-0.9825441,0.0,0.0,0.0,0.9707798,-0.5310748,-2.544176,-0.2336488,-0.04757735,1.121217,0.9603271,0.05083628,-0.2742034,0.09286305,0.8688386,0.4863085,0.2629606,-0.4924786,0.8296485,static,17.29011,-36.01444,-11.77132,-2.429813,15.598096645439425,-29.168739410886587,44.41276713259408,38.2629736575513,42.17230551456923
4220,4220,05/15/2023 13:24:34.074227,4449,True,True,True,True,Eyes,0.7294234,0.06998418,-3.399595,0.2356192,-0.5710724,0.7863587,0.0,0.0,0.0,0.0,0.0,0.0,0.0,-1.822182,1.536944,2.676693,0.9381096,0.07608733,-3.458524,0.2556874,0.135781,-0.008988161,0.9571347,29.46523,17.05302,3.439149,0.1872141,0.01985645,-0.9821181,0.0,0.0,0.0,0.9707798,-0.5310748,-2.544176,-0.2331047,-0.04745626,1.120223,0.9629655,0.05222921,-0.2645177,0.08664072,0.8690863,0.4870138,0.255325,-0.4918954,0.8323749,static,16.67996,-35.98805,-11.75481,-2.425785,15.007901790601256,-29.162409154598464,43.98820042787754,37.82974773337837,41.848551698339946
4221,4221,05/15/2023 13:24:34.084567,4450,True,True,True,True,Eyes,0.7385309,0.06997003,-3.401887,0.2271595,-0.571874,0.7882631,0.0,0.0,0.0,0.0,0.0,0.0,0.0,-1.803456,1.54641,2.691575,0.9480283,0.07524234,-3.46179,0.2551241,0.1317252,-0.006008322,0.9578748,29.36272,16.62057,3.66443,0.1894716,0.01988367,-0.9816846,0.0,0.0,0.0,0.9707798,-0.5310748,-2.544176,-0.2325508,-0.04817328,1.118577,0.9652247,0.0557021,-0.2554182,0.07872299,0.8697512,0.487171,0.2492867,-0.4903368,0.8351203,static,16.07578,-35.96036,-11.74442,-2.466009,14.423524176413196,-29.154637382556,43.541188281341164,37.37705428952435,41.498672588960474
4222,4222,05/15/2023 13:24:34.104525,4451,True,True,True,True,Eyes,0.7476602,0.06991889,-3.40422,0.218768,-0.5726011,0.7901067,0.0,0.0,0.0,0.0,0.0,0.0,0.0,-1.785546,1.553944,2.705924,0.9577282,0.07437825,-3.464414,0.2548313,0.1275813,-0.004232802,0.9585229,29.31452,16.14231,3.742162,0.19174,0.01990535,-0.9812436,0.0,0.0,0.0,0.9707798,-0.5310748,-2.544176,-0.2318648,-0.04877859,1.11702,0.9674103,0.05690894,-0.2467365,0.07313789,0.8700861,0.4874432,0.2424219,-0.4896034,0.837568,static,15.47657,-35.93136,-11.72661,-2.500432,13.843995601436378,-29.145445802977285,43.100347435416154,36.92983389327739,41.15361358991442
4223,4223,05/15/2023 13:24:34.114209,4452,True,True,True,True,Eyes,0.7567936,0.06982465,-3.406583,0.210385,-0.5731575,0.7919777,0.0,0.0,0.0,0.0,0.0,0.0,0.0,-1.769316,1.559059,2.721583,0.9674165,0.07333104,-3.46798,0.2540796,0.1236805,-0.002480734,0.9592395,29.21316,15.68875,3.816159,0.1940179,0.01992097,-0.9807955,0.0,0.0,0.0,0.9707798,-0.5310748,-2.544176,-0.2318065,-0.04968625,1.114914,0.969394,0.05809014,-0.238539,0.06760862,0.8708748,0.4868328,0.2360178,-0.4880601,0.8402933,static,14.87676,-35.89341,-11.74527,-2.551703,13.264130002168494,-29.127637556603204,42.666168178016044,36.493155331175764,40.812086027007545
4224,4224,05/15/2023 13:24:34.134444,4453,True,True,True,True,Eyes,0.7659516,0.06967119,-3.408994,0.2020223,-0.573624,0.7938153,0.0,0.0,0.0,0.0,0.0,0.0,0.0,-1.75038,1.564284,2.738214,0.977043,0.07218248,-3.47114,0.253454,0.119307,-0.001041572,0.9599614,29.13445,15.16707,3.838726,0.1963033,0.01992988,-0.9803404,0.0,0.0,0.0,0.9707798,-0.5310748,-2.544176,-0.2328694,-0.04949939,1.112706,0.9715295,0.05847797,-0.2295883,0.06247744,0.8715199,0.4863636,0.2285323,-0.4868606,0.8430537,static,14.2784,-35.85249,-11.82037,-2.547157,12.68574968019715,-29.10691821401984,42.313012203739284,36.13821823950233,40.54850681349139
4225,4225,05/15/2023 13:24:34.154348,4454,True,True,True,True,Eyes,0.7751589,0.06946643,-3.411463,0.1936299,-0.5740076,0.7956273,0.0,0.0,0.0,0.0,0.0,0.0,0.0,-1.731259,1.567399,2.756563,0.9868618,0.07059249,-3.474731,0.2525099,0.1147958,9.317268e-05,0.9607606,29.02437,14.61468,3.813292,0.1985957,0.01993101,-0.9798785,0.0,0.0,0.0,0.9707798,-0.5310748,-2.544176,-0.2349878,-0.0488821,1.109903,0.9736438,0.0581532,-0.2205356,0.05779514,0.8724775,0.4852245,0.2206297,-0.4851817,0.8461214,static,13.67803,-35.80867,-11.95409,-2.521778,12.105501806175637,-29.08346380982936,42.01217388703022,35.83834693369498,40.333335392729545
4226,4226,05/15/2023 13:24:34.174409,4455,True,True,True,True,Eyes,0.7843866,0.06921174,-3.413982,0.1852686,-0.5743532,0.7973669,0.0,0.0,0.0,0.0,0.0,0.0,0.0,-1.70921,1.579645,2.771369,0.9966336,0.06913231,-3.478376,0.2526371,0.110137,0.00221815,0.9612698,29.02663,14.08972,3.929009,0.2008943,0.01992367,-0.9794101,0.0,0.0,0.0,0.9707798,-0.5310748,-2.544176,-0.2361776,-0.04926649,1.1075,0.9757298,0.05991386,-0.2106219,0.05138489,0.8723391,0.4861934,0.2128635,-0.4852162,0.8480887,static,13.0806,-35.76567,-12.03817,-2.54709,11.528078885279964,-29.06070840036932,41.64644839034057,35.47308905640108,40.05246761919832
4227,4227,05/15/2023 13:24:34.184621,4456,True,True,True,True,Eyes,0.7936451,0.06894759,-3.416543,0.1767977,-0.5746042,0.7991074,0.0,0.0,0.0,0.0,0.0,0.0,0.0,-1.683474,1.590704,2.788903,1.00642,0.06767678,-3.482089,0.2521515,0.1051246,0.005217336,0.9619467,28.94801,13.54047,4.132017,0.2031982,0.01990723,-0.978935,0.0,0.0,0.0,0.9707798,-0.5310748,-2.544176,-0.2377138,-0.04951182,1.104591,0.9778432,0.06305224,-0.1996174,0.04297705,0.8727848,0.4862095,0.2048796,-0.4840157,0.8507369,static,12.47538,-35.7183,-12.14512,-2.56649,10.943230717715515,-29.033980830055,41.29420693664064,35.12264240775856,39.783540906893506
4228,4228,05/15/2023 13:24:34.204339,4457,True,True,True,True,Eyes,0.8029451,0.06874512,-3.419123,0.1682659,-0.5750178,0.8006505,0.0,0.0,0.0,0.0,0.0,0.0,0.0,-1.655842,1.606367,2.804363,1.016257,0.0671677,-3.485597,0.2524309,0.09995119,0.008544544,0.9624009,28.95819,12.99152,4.385615,0.2055061,0.01988234,-0.9784535,0.0,0.0,0.0,0.9707798,-0.5310748,-2.544176,-0.2396122,-0.04933017,1.101724,0.9798735,0.06690807,-0.1880724,0.03401497,0.8724113,0.4875874,0.1967,-0.4841712,0.8525769,static,11.86864,-35.68546,-12.27009,-2.563732,10.356514246617978,-29.02132031169912,40.98447452046791,34.813319275881014,39.55425445527262
4229,4229,05/15/2023 13:24:34.214278,4458,True,True,True,True,Eyes,0.8123152,0.06858481,-3.421726,0.1592575,-0.5752063,0.8023556,0.0,0.0,0.0,0.0,0.0,0.0,0.0,-1.616053,1.634957,2.818602,1.026649,0.06848532,-3.488629,0.2544921,0.09317663,0.01301777,0.9624876,29.1741,12.29884,4.761915,0.2078183,0.01985158,-0.9779657,0.0,0.0,0.0,0.9707798,-0.5310748,-2.544176,-0.241188,-0.0529623,1.098198,0.9822973,0.07248431,-0.1727369,0.02236654,0.8701287,0.4923168,0.1859885,-0.487465,0.8531039,static,11.22658,-35.63662,-12.38673,-2.761038,9.736027577900767,-28.994329584348023,40.47705894694949,34.316205941216616,39.126868419479926
4230,4230,05/15/2023 13:24:34.234246,4459,True,True,True,True,Eyes,0.8217185,0.06841906,-3.424424,0.1502039,-0.5755052,0.8038859,0.0,0.0,0.0,0.0,0.0,0.0,0.0,-1.580553,1.639122,2.843853,1.037238,0.06926771,-3.491663,0.2534197,0.08642603,0.01537878,0.9633653,29.05265,11.50214,4.818803,0.2101354,0.01981674,-0.9774711,0.0,0.0,0.0,0.9707798,-0.5310748,-2.544176,-0.2423176,-0.0544084,1.095081,0.984588,0.07343487,-0.1587251,0.01417335,0.8710839,0.4909297,0.1743142,-0.4856132,0.856618,static,10.58352,-35.59903,-12.47726,-2.844365,9.114265655485791,-28.97822486852868,40.0583031776263,33.89944854653826,38.789807755693374
4231,4231,05/15/2023 13:24:34.254148,4460,True,True,True,True,Eyes,0.8311977,0.06839296,-3.427128,0.1410988,-0.5759968,0.8051825,0.0,0.0,0.0,0.0,0.0,0.0,0.0,-1.558724,1.655593,2.856179,1.047527,0.06899959,-3.496611,0.2553155,0.08128809,0.01510287,0.9633164,29.30403,10.86162,4.644141,0.2124565,0.01977802,-0.97697,0.0,0.0,0.0,0.9707798,-0.5310748,-2.544176,-0.2435034,-0.05479962,1.091616,0.9863283,0.0706059,-0.1489003,0.01241054,0.8691718,0.4943546,0.1643243,-0.4894438,0.8564124,static,9.93949,-35.57848,-12.57492,-2.873862,8.491099644380403,-28.978591752505643,39.70504623059925,33.54450922444349,38.516255464778475
4232,4232,05/15/2023 13:24:34.284462,4461,True,True,True,True,Eyes,0.8407354,0.06845131,-3.429762,0.1319901,-0.576071,0.8066727,0.0,0.0,0.0,0.0,0.0,0.0,0.0,-1.523544,1.70084,2.855996,1.05845,0.07234649,-3.499315,0.2607893,0.07527258,0.01893436,0.9622706,29.93711,10.28627,5.011525,0.2147818,0.01973977,-0.9764622,0.0,0.0,0.0,0.9707798,-0.5310748,-2.544176,-0.2451451,-0.05748013,1.088097,0.987951,0.07570051,-0.1349894,0.002820602,0.8632609,0.5047501,0.1547409,-0.4990492,0.852646,static,9.292559,-35.53186,-12.69658,-3.023912,7.865835000332776,-28.953895749328105,39.24651471318218,33.09345808292524,38.132810202636435
4233,4233,05/15/2023 13:24:34.294436,4462,True,True,True,True,Eyes,0.8503599,0.06846457,-3.432535,0.1229134,-0.5758702,0.8082486,0.0,0.0,0.0,0.0,0.0,0.0,0.0,-1.492347,1.671704,2.894833,1.069472,0.07433754,-3.50035,0.2544122,0.06930404,0.02216821,0.9643546,29.18392,9.556616,5.126992,0.217113,0.01970435,-0.9759472,0.0,0.0,0.0,0.9707798,-0.5310748,-2.544176,-0.246232,-0.06240347,1.084283,0.9894111,0.07801961,-0.1223876,-0.007492437,0.869566,0.4937598,0.1449471,-0.4876145,0.8609427,static,8.646935,-35.46954,-12.79442,-3.293895,7.2422642799030195,-28.914010489098445,38.66527945588975,32.524744958373695,37.62395116784599
4234,4234,05/15/2023 13:24:34.304519,4463,True,True,True,True,Eyes,0.8600354,0.06851754,-3.435317,0.1139685,-0.5759671,0.8094894,0.0,0.0,0.0,0.0,0.0,0.0,0.0,-1.48742,1.676055,2.905977,1.080169,0.07319184,-3.506302,0.2549406,0.06634896,0.02038201,0.9644625,29.27859,9.127997,4.810366,0.2194498,0.0196701,-0.9754251,0.0,0.0,0.0,0.9707798,-0.5310748,-2.544176,-0.2468952,-0.06489724,1.081334,0.9903648,0.07314544,-0.1175897,-0.005485273,0.8691798,0.4944658,0.1383746,-0.4890565,0.8612062,static,8.014033,-35.43257,-12.86156,-3.434537,6.630323210756272,-28.898185462986905,38.20555586522382,32.06759897697889,37.236058472937515
4235,4235,05/15/2023 13:24:34.314429,4464,True,True,True,True,Eyes,0.869795,0.06861208,-3.438058,0.1051512,-0.5757253,0.8108536,0.0,0.0,0.0,0.0,0.0,0.0,0.0,-1.470891,1.710679,2.901869,1.091114,0.07426445,-3.509237,0.2593193,0.06277851,0.02234643,0.9634901,29.79494,8.786645,4.999065,0.2217916,0.01963804,-0.974896,0.0,0.0,0.0,0.9707798,-0.5310748,-2.544176,-0.2472258,-0.06152952,1.078918,0.991119,0.07562046,-0.1093832,-0.01050176,0.8645083,0.5025088,0.1325627,-0.4968973,0.8576248,static,7.388861,-35.37566,-12.90609,-3.263982,6.0264121963857855,-28.862878776335258,37.98743081689107,31.839333466352908,37.09319117928799
4236,4236,05/15/2023 13:24:34.334226,4465,True,True,True,True,Eyes,0.8795497,0.0686942,-3.440831,0.09657533,-0.5751404,0.8123342,0.0,0.0,0.0,0.0,0.0,0.0,0.0,-1.461973,1.700369,2.918458,1.101778,0.07522477,-3.510904,0.2566479,0.06015439,0.02424948,0.9643264,29.47655,8.485861,5.117064,0.2241402,0.01960909,-0.9743592,0.0,0.0,0.0,0.9707798,-0.5310748,-2.544176,-0.2466493,-0.06372178,1.076058,0.9915868,0.07764582,-0.1035698,-0.01589182,0.8670877,0.4979022,0.1284641,-0.4920673,0.8610266,static,6.779855,-35.29886,-12.91007,-3.388972,5.438699921102808,-28.80787414608797,37.49578774580111,31.349608353693394,36.67028582729021
4237,4237,05/15/2023 13:24:34.354372,4466,True,True,True,True,Eyes,0.889371,0.06877985,-3.443675,0.08797653,-0.5747114,0.8136134,0.0,0.0,0.0,0.0,0.0,0.0,0.0,-1.465543,1.673001,2.940378,1.111441,0.07494017,-3.514493,0.2518921,0.05892943,0.02405373,0.96566,28.92402,8.272215,4.990738,0.2264935,0.01958258,-0.9738154,0.0,0.0,0.0,0.9707798,-0.5310748,-2.544176,-0.2470962,-0.06240839,1.07439,0.9918975,0.07614316,-0.1016937,-0.01676773,0.8719436,0.4893191,0.1259295,-0.4836493,0.8661554,static,6.17145,-35.23621,-12.95208,-3.32442,4.851183838252325,-28.76650341391079,37.2031146634929,31.05246868986132,36.443712132162105
4238,4238,05/15/2023 13:24:34.374525,4467,True,True,True,True,Eyes,0.8991439,0.06890592,-3.446487,0.0795587,-0.5744612,0.8146561,0.0,0.0,0.0,0.0,0.0,0.0,0.0,-1.459107,1.705892,2.933128,1.120535,0.07506001,-3.518674,0.2566741,0.05667036,0.02395093,0.9645379,29.50037,8.03237,4.9629,0.2288515,0.0195583,-0.9732645,0.0,0.0,0.0,0.9707798,-0.5310748,-2.544176,-0.2483023,-0.06547955,1.071595,0.9924297,0.07529479,-0.09702624,-0.01711153,0.8670895,0.4978584,0.1216166,-0.4924291,0.8618137,static,5.577775,-35.18988,-13.04593,-3.496695,4.277488344473136,-28.740417281865888,36.76003758664088,30.616112388440186,36.05662869220943
4239,4239,05/15/2023 13:24:34.384544,4468,True,True,True,True,Eyes,0.9089717,0.06904276,-3.449308,0.07089811,-0.5740264,0.8157617,0.0,0.0,0.0,0.0,0.0,0.0,0.0,-1.443682,1.728728,2.933228,1.12918,0.07617684,-3.520752,0.2590262,0.05376276,0.0265052,0.9640086,29.77247,7.772346,5.218886,0.2312115,0.01953718,-0.972707,0.0,0.0,0.0,0.9707798,-0.5310748,-2.544176,-0.2494808,-0.07392636,1.068804,0.9928141,0.0789544,-0.08992442,-0.02325055,0.8644058,0.5022569,0.1173866,-0.496557,0.86003,static,4.967113,-35.13287,-13.13876,-3.956695,3.687632616684753,-28.704559122225284,36.05241357694036,29.926313957835646,35.40188283628603
4240,4240,05/15/2023 13:24:34.404509,4469,True,True,True,True,Eyes,0.9187846,0.06919837,-3.452131,0.06220427,-0.5736934,0.8167046,0.0,0.0,0.0,0.0,0.0,0.0,0.0,-1.416778,1.736126,2.948922,1.138356,0.07641388,-3.523612,0.2579252,0.04937366,0.03076379,0.9644122,29.63378,7.343702,5.599201,0.2335742,0.01951918,-0.9721427,0.0,0.0,0.0,0.9707798,-0.5310748,-2.544176,-0.2498951,-0.07206953,1.067744,0.9932317,0.08480736,-0.07936358,-0.03386852,0.8650564,0.5005301,0.1111026,-0.4944544,0.8620737,static,4.355521,-35.08609,-13.17243,-3.861437,3.0965972430684805,-28.67860062377809,35.80793237857794,29.674447893180407,35.21618101406765
4241,4241,05/15/2023 13:24:34.414340,4470,True,True,True,True,Eyes,0.928637,0.06939897,-3.454879,0.05320411,-0.5731089,0.8177503,0.0,0.0,0.0,0.0,0.0,0.0,0.0,-1.372708,1.754893,2.96584,1.147883,0.07698907,-3.526559,0.2582142,0.0426658,0.03585737,0.9644789,29.67136,6.663186,6.025102,0.2359379,0.01950449,-0.971572,0.0,0.0,0.0,0.9707798,-0.5310748,-2.544176,-0.2487624,-0.0687373,1.067269,0.9937878,0.09120116,-0.06378274,-0.04713351,0.8640794,0.501144,0.1008183,-0.4950244,0.8630101,static,3.722507,-35.02416,-13.12043,-3.685037,2.4852283464159526,-28.63869624899684,35.5784366884648,29.431644234396884,35.048687889755534
4242,4242,05/15/2023 13:24:34.434402,4471,True,True,True,True,Eyes,0.9384851,0.0695785,-3.457561,0.04420741,-0.572152,0.8189553,0.0,0.0,0.0,0.0,0.0,0.0,0.0,-1.337673,1.751883,2.988654,1.157844,0.07815616,-3.527578,0.2564029,0.03645751,0.03824251,0.965125,29.48089,5.933094,6.100544,0.2383031,0.01949407,-0.9709948,0.0,0.0,0.0,0.9707798,-0.5310748,-2.544176,-0.2473741,-0.07321557,1.066243,0.9944167,0.09251322,-0.05076112,-0.05512197,0.8655902,0.4977102,0.08998308,-0.4921333,0.8658568,static,3.089841,-34.93955,-13.06184,-3.928156,1.8748149463662485,-28.57689797811009,34.96545948431104,28.821244631178818,34.4920472608414
4243,4243,05/15/2023 13:24:34.454417,4472,True,True,True,True,Eyes,0.9483463,0.06972088,-3.460224,0.03498299,-0.5709224,0.8202583,0.0,0.0,0.0,0.0,0.0,0.0,0.0,-1.315104,1.71951,3.022499,1.167663,0.07774754,-3.528772,0.2503382,0.03161412,0.03932398,0.9668428,28.78923,5.291269,6.017105,0.2406692,0.01948691,-0.9704112,0.0,0.0,0.0,0.9707798,-0.5310748,-2.544176,-0.2473769,-0.07511008,1.065497,0.9949083,0.09186865,-0.04144317,-0.06021177,0.8715689,0.4865617,0.08082034,-0.4815889,0.8726627,static,2.442113,-34.83898,-13.07082,-4.03228,1.2502496068873787,-28.500172866500108,34.492083949110544,28.350852121441434,34.07062497910094
4244,4244,05/15/2023 13:24:34.474424,4473,True,True,True,True,Eyes,0.9581516,0.0698504,-3.46285,0.02566386,-0.5698525,0.8213461,0.0,0.0,0.0,0.0,0.0,0.0,0.0,-1.294774,1.711357,3.04187,1.176564,0.0769182,-3.530996,0.2488353,0.02690189,0.0382174,0.9674176,28.64616,4.645068,5.711149,0.2430361,0.01948163,-0.9698212,0.0,0.0,0.0,0.9707798,-0.5310748,-2.544176,-0.2482012,-0.07845506,1.064437,0.9956314,0.08733264,-0.03303105,-0.06055609,0.8732409,0.4835115,0.0710704,-0.479399,0.8747146,static,1.789688,-34.75304,-13.12548,-4.215403,0.6207363946291696,-28.43771091322225,33.985430849291774,27.851008344598963,33.610271603168464
4245,4245,05/15/2023 13:24:34.484700,4474,True,True,True,True,Eyes,0.9679832,0.06997483,-3.465423,0.01611253,-0.5687771,0.8223339,0.0,0.0,0.0,0.0,0.0,0.0,0.0,-1.272588,1.723284,3.049896,1.185122,0.07684372,-3.532794,0.2512543,0.02168816,0.03533895,0.9670327,28.97378,3.91325,5.197183,0.2454012,0.01947771,-0.9692255,0.0,0.0,0.0,0.9707798,-0.5310748,-2.544176,-0.2497835,-0.08840203,1.062157,0.9965615,0.07924631,-0.02418819,-0.05744935,0.8712448,0.4874751,0.05970445,-0.4844094,0.8728018,static,1.12249,-34.67014,-13.23358,-4.757695,-0.0231669846343788,-28.378645362874984,33.17907641455568,27.064077816950373,32.84541704828652
4246,4246,05/15/2023 13:24:34.504561,4475,True,True,True,True,Eyes,0.9777671,0.07010326,-3.467968,0.006546962,-0.5677958,0.8231434,0.0,0.0,0.0,0.0,0.0,0.0,0.0,-1.249596,1.727136,3.06202,1.19373,0.07683823,-3.534057,0.2521827,0.01648165,0.03314138,0.9669715,29.11831,3.188396,4.754191,0.2477654,0.01947488,-0.968624,0.0,0.0,0.0,0.9707798,-0.5310748,-2.544176,-0.250913,-0.09482771,1.060648,0.99726,0.07240631,-0.01515921,-0.05578078,0.870611,0.4887994,0.04858994,-0.4866146,0.8722645,static,0.4556988,-34.59752,-13.30954,-5.108971,-0.6669567169711448,-28.329485798860688,32.54314553552601,26.439122897562786,32.249481182227065
4247,4247,05/15/2023 13:24:34.514089,4476,True,True,True,True,Eyes,0.9875708,0.07024619,-3.470459,-0.003094423,-0.5668465,0.8238176,0.0,0.0,0.0,0.0,0.0,0.0,0.0,-1.228468,1.735503,3.07151,1.202446,0.07713823,-3.536022,0.2535677,0.01174433,0.03162448,0.9667293,29.30902,2.54665,4.413325,0.2501267,0.01947314,-0.968017,0.0,0.0,0.0,0.9707798,-0.5310748,-2.544176,-0.2527252,-0.09610307,1.059302,0.9977239,0.06710058,-0.006669271,-0.05518866,0.8694066,0.4910055,0.03874506,-0.4895198,0.8711309,static,-0.2152133,-34.5308,-13.41862,-5.183853,-1.3148983231967355,-28.28614811645421,32.18032390617618,26.080953166578503,31.921906742391382
4248,4248,05/15/2023 13:24:34.534423,4477,True,True,True,True,Eyes,0.9973102,0.07041436,-3.472892,-0.01266681,-0.5659339,0.8243533,0.0,0.0,0.0,0.0,0.0,0.0,0.0,-1.209134,1.744581,3.078695,1.210798,0.07763921,-3.537212,0.2550961,0.007391311,0.03030027,0.9664125,29.51216,1.958744,4.107616,0.2524855,0.01947281,-0.9674045,0.0,0.0,0.0,0.9707798,-0.5310748,-2.544176,-0.2547157,-0.09829628,1.057972,0.9980546,0.06233612,0.001172855,-0.05479414,0.8680157,0.4935041,0.02974508,-0.4926083,0.8697426,static,-0.8803235,-34.47032,-13.53682,-5.30812,-1.957391099756198,-28.248649220187215,31.790262856643896,25.697296639103204,31.562617723442173
4249,4249,05/15/2023 13:24:34.554298,4478,True,True,True,True,Eyes,1.007015,0.07061078,-3.475252,-0.0221032,-0.5650035,0.8247924,0.0,0.0,0.0,0.0,0.0,0.0,0.0,-1.192969,1.74806,3.087584,1.219061,0.07847081,-3.538332,0.2557221,0.003568593,0.02926363,0.9663007,29.60384,1.440905,3.850026,0.25484,0.01947446,-0.9667869,0.0,0.0,0.0,0.9707798,-0.5310748,-2.544176,-0.2555178,-0.09980825,1.057123,0.9982618,0.05838007,0.008070043,-0.0547298,0.8674997,0.4944178,0.02186338,-0.4940001,0.8691869,static,-1.535074,-34.41212,-13.58837,-5.393591,-2.589912948844333,-28.21302535357075,31.422236867980246,25.331652960733546,31.222975025515517
4250,4250,05/15/2023 13:24:34.570240,4479,True,True,True,True,Eyes,1.016643,0.07079526,-3.477545,-0.03138479,-0.5640026,0.8251764,0.0,0.0,0.0,0.0,0.0,0.0,0.0,-1.174941,1.755917,3.094079,1.22717,0.07936624,-3.539041,0.2567399,-0.0002438412,0.02912978,0.9660415,29.73947,0.955959,3.708145,0.2571896,0.0194787,-0.9661644,0.0,0.0,0.0,0.9707798,-0.5310748,-2.544176,-0.2553027,-0.09430182,1.057754,0.9983028,0.05615593,0.01542867,-0.05640634,0.8664722,0.4960285,0.01448643,-0.4960569,0.8681691,static,-2.17814,-34.35235,-13.56955,-5.094615,-3.211075849146522,-28.17552027105233,31.397122147074644,25.298738602254282,31.220449351461088
4251,4251,05/15/2023 13:24:34.584407,4480,True,True,True,True,Eyes,1.026247,0.07096692,-3.47979,-0.04042066,-0.5629397,0.825509,0.0,0.0,0.0,0.0,0.0,0.0,0.0,-1.164308,1.750429,3.105166,1.234986,0.07927437,-3.539802,0.2556632,-0.003022199,0.02885169,0.9663306,29.62261,0.5873854,3.575658,0.2595323,0.01948497,-0.9655377,0.0,0.0,0.0,0.9707798,-0.5310748,-2.544176,-0.2530076,-0.09634113,1.05739,0.9983169,0.05421521,0.02059352,-0.05730586,0.8676078,0.4939361,0.008911743,-0.4942848,0.8692544,static,-2.803222,-34.29127,-13.45649,-5.205972,-3.8147859878860335,-28.136187303601467,30.974936300638745,24.874831258256478,30.821230865139462
4252,4252,05/15/2023 13:24:34.604622,4481,True,True,True,True,Eyes,1.03577,0.07114196,-3.481941,-0.04937192,-0.5618355,0.8257743,0.0,0.0,0.0,0.0,0.0,0.0,0.0,-1.142543,1.757366,3.113745,1.242635,0.07909676,-3.541009,0.2556638,-0.006802857,0.03065294,0.9662558,29.63615,0.1665841,3.678088,0.2618677,0.01949272,-0.9649067,0.0,0.0,0.0,0.9707798,-0.5310748,-2.544176,-0.2511086,-0.09248787,1.058732,0.9980283,0.05575867,0.02882029,-0.06271564,0.8673928,0.4936562,0.002527093,-0.4944903,0.8691795,static,-3.421563,-34.23036,-13.34279,-4.992525,-4.411972278283093,-28.09680698585501,30.875260981451703,24.770291707213243,30.735693226863592
4253,4253,05/15/2023 13:24:34.614505,4482,True,True,True,True,Eyes,1.045286,0.07129119,-3.484007,-0.0581921,-0.5605206,0.8260934,0.0,0.0,0.0,0.0,0.0,0.0,0.0,-1.116411,1.754809,3.127631,1.250239,0.0795041,-3.540958,0.2541764,-0.01112467,0.03292708,0.9665332,29.47689,359.6863,3.819786,0.2641944,0.01950194,-0.964272,0.0,0.0,0.0,0.9707798,-0.5310748,-2.544176,-0.2495401,-0.09181899,1.058655,0.9975841,0.05799499,0.0382433,-0.06930551,0.8686203,0.4906072,-0.00476615,-0.4920724,0.8705412,static,-4.029404,-34.15767,-13.26333,-4.956959,-4.9986683580039335,-28.045731392130957,30.62591896219601,24.52337747196152,30.49626073571881
4254,4254,05/15/2023 13:24:34.634422,4483,True,True,True,True,Eyes,1.05469,0.07141251,-3.486027,-0.06700245,-0.5592817,0.8262655,0.0,0.0,0.0,0.0,0.0,0.0,0.0,-1.08843,1.747918,3.144672,1.258012,0.07896484,-3.54119,0.252104,-0.01591118,0.0345112,0.9669538,29.25149,359.122,3.858975,0.2665134,0.01951181,-0.9636334,0.0,0.0,0.0,0.9707798,-0.5310748,-2.544176,-0.2485441,-0.09936553,1.057705,0.9971116,0.05871892,0.04817158,-0.07476401,0.8705051,0.4864475,-0.01336993,-0.488644,0.8723809,static,-4.636011,-34.09325,-13.2237,-5.366868,-5.584394857713704,-28.002596481416106,29.982552012306172,23.890064607308076,29.863651604440605
4255,4255,05/15/2023 13:24:34.654197,4484,True,True,True,True,Eyes,1.064074,0.07152317,-3.487946,-0.07575401,-0.5580113,0.8263685,0.0,0.0,0.0,0.0,0.0,0.0,0.0,-1.055892,1.755627,3.155498,1.264893,0.07820375,-3.542348,0.2521249,-0.02107896,0.03629119,0.9667843,29.27689,358.5247,3.914154,0.2688218,0.01952152,-0.9629919,0.0,0.0,0.0,0.9707798,-0.5310748,-2.544176,-0.2470131,-0.1018087,1.057584,0.9964772,0.05954245,0.05905744,-0.08080057,0.8702319,0.4859709,-0.02245778,-0.4890308,0.8719774,static,-5.237721,-34.02948,-13.14653,-5.498656,-6.165396464641566,-27.95993517428024,29.606708326280664,23.52116679893796,29.49095537263947
4256,4256,05/15/2023 13:24:34.670190,4485,True,True,True,True,Eyes,1.073368,0.07159816,-3.489787,-0.08454371,-0.5566921,0.8264056,0.0,0.0,0.0,0.0,0.0,0.0,0.0,-1.022539,1.760813,3.166441,1.272728,0.07803501,-3.542101,0.2519945,-0.0265461,0.03788512,0.9666224,29.28659,357.8825,3.935585,0.2711207,0.01953083,-0.9623469,0.0,0.0,0.0,0.9707798,-0.5310748,-2.544176,-0.2459262,-0.1019115,1.057658,0.99572,0.05986226,0.07041378,-0.08662014,0.870127,0.4851556,-0.03222643,-0.4891784,0.8715882,static,-5.841205,-33.96541,-13.0898,-5.503789,-6.748107963890844,-27.91704003664819,29.37015490973219,23.29315092280693,29.250417192500777
4257,4257,05/15/2023 13:24:34.684917,4486,True,True,True,True,Eyes,1.082588,0.07162284,-3.491551,-0.09330586,-0.5553134,0.8263904,0.0,0.0,0.0,0.0,0.0,0.0,0.0,-0.9890847,1.755641,3.182978,1.27995,0.07723778,-3.54227,0.2503088,-0.03205751,0.03910093,0.9668448,29.11254,357.2173,3.909063,0.2734082,0.01953886,-0.9616994,0.0,0.0,0.0,0.9707798,-0.5310748,-2.544176,-0.2459473,-0.1026277,1.057342,0.9948869,0.05956051,0.08156388,-0.09165761,0.8716332,0.4815126,-0.04241466,-0.4865265,0.8726357,static,-6.441855,-33.9001,-13.09466,-5.543876,-7.328040993525066,-27.87285960967875,29.12619532150056,23.061600200487824,28.997639505619926
4258,4258,05/15/2023 13:24:34.704568,4487,True,True,True,True,Eyes,1.091745,0.07160062,-3.493222,-0.1021499,-0.5539923,0.8262311,0.0,0.0,0.0,0.0,0.0,0.0,0.0,-0.9548324,1.754106,3.197343,1.287248,0.07606995,-3.542429,0.2492969,-0.03776689,0.03984556,0.9668698,29.01804,356.5145,3.817483,0.2756835,0.01954439,-0.9610495,0.0,0.0,0.0,0.9707798,-0.5310748,-2.544176,-0.2461234,-0.1015505,1.057808,0.993972,0.05822058,0.09289807,-0.09588125,0.8725268,0.4790655,-0.05316459,-0.485085,0.8728494,static,-7.047918,-33.84206,-13.09813,-5.483636,-7.91341462140764,-27.83586343617027,28.996642512689633,22.945660699036214,28.852583764131783
4259,4259,05/15/2023 13:24:34.714207,4488,True,True,True,True,Eyes,1.100791,0.07152976,-3.494813,-0.1106975,-0.5527954,0.8259318,0.0,0.0,0.0,0.0,0.0,0.0,0.0,-0.9198831,1.758452,3.207877,1.294992,0.07496697,-3.542059,0.2493702,-0.04370164,0.04015046,0.9665881,29.05087,355.7715,3.661165,0.2779468,0.01954644,-0.9603972,0.0,0.0,0.0,0.9707798,-0.5310748,-2.544176,-0.2453065,-0.1049216,1.057126,0.9929562,0.05582214,0.1045076,-0.09941369,0.8724048,0.4785673,-0.06445831,-0.4855859,0.8718093,static,-7.633711,-33.79436,-13.0643,-5.668147,-8.479439243146059,-27.808208294095397,28.645683001253257,22.609804560544976,28.487135412916306
4260,4260,05/15/2023 13:24:34.734187,4489,True,True,True,True,Eyes,1.109785,0.07142996,-3.496302,-0.1192566,-0.5517008,0.8254721,0.0,0.0,0.0,0.0,0.0,0.0,0.0,-0.8864182,1.769845,3.213794,1.302487,0.07380164,-3.541842,0.250508,-0.04932874,0.04049385,0.9660088,29.20796,355.0697,3.515378,0.280196,0.0195441,-0.9597435,0.0,0.0,0.0,0.9707798,-0.5310748,-2.544176,-0.2442958,-0.1050261,1.057353,0.9918538,0.05352032,0.1155921,-0.1029493,0.8712119,0.4799909,-0.07501591,-0.487981,0.8696248,static,-8.220689,-33.75662,-13.00961,-5.672544,-9.046883108906398,-27.790200297484372,28.48945575327856,22.46984478155215,28.308083238425517
4261,4261,05/15/2023 13:24:34.754476,4490,True,True,True,True,Eyes,1.118697,0.07130092,-3.497695,-0.1274791,-0.5506127,0.8249696,0.0,0.0,0.0,0.0,0.0,0.0,0.0,-0.855971,1.77902,3.219235,1.310338,0.07303715,-3.54101,0.2512578,-0.05445537,0.04136066,0.9655017,29.31983,354.4471,3.452249,0.2824317,0.01953707,-0.9590881,0.0,0.0,0.0,0.9707798,-0.5310748,-2.544176,-0.2436179,-0.09963828,1.057987,0.9906479,0.05250289,0.1259379,-0.1072322,0.8703176,0.480675,-0.08436912,-0.4896843,0.8678083,static,-8.784201,-33.72049,-12.96721,-5.380091,-9.591644664254124,-27.773009903902143,28.64743932314513,22.645910411653297,28.433015170162392
4262,4262,05/15/2023 13:24:34.774272,4491,True,True,True,True,Eyes,1.127564,0.0711516,-3.498976,-0.1356866,-0.5494789,0.8244162,0.0,0.0,0.0,0.0,0.0,0.0,0.0,-0.8279301,1.780993,3.227662,1.31792,0.07220501,-3.540209,0.2508235,-0.05914054,0.04255967,0.9652869,29.29243,353.8902,3.450927,0.2846531,0.01952508,-0.9584314,0.0,0.0,0.0,0.9707798,-0.5310748,-2.544176,-0.2429487,-0.0956012,1.0593,0.9893821,0.0524969,0.1355251,-0.1118322,0.8705525,0.4791992,-0.09282523,-0.4892672,0.8671799,static,-9.346238,-33.68372,-12.91729,-5.156938,-10.134960267908784,-27.755155749792834,28.749429623250407,22.76885601441431,28.498823962020154
4263,4263,05/15/2023 13:24:34.784659,4492,True,True,True,True,Eyes,1.13634,0.07095286,-3.500161,-0.1435717,-0.548182,0.823944,0.0,0.0,0.0,0.0,0.0,0.0,0.0,-0.7990909,1.775487,3.239765,1.325786,0.07153013,-3.538948,0.2491497,-0.06387509,0.04427926,0.9653414,29.12297,353.3438,3.521663,0.2868612,0.01950816,-0.9577731,0.0,0.0,0.0,0.9707798,-0.5310748,-2.544176,-0.2410609,-0.09326559,1.060587,0.9879187,0.05366028,0.1453869,-0.1173181,0.8719276,0.4753723,-0.1012582,-0.4866857,0.8676888,static,-9.884509,-33.63641,-12.80521,-5.025532,-10.654971696980065,-27.726386764562065,28.759569438054616,22.802463283634825,28.471588876851296
4264,4264,05/15/2023 13:24:34.804581,4493,True,True,True,True,Eyes,1.145098,0.07070286,-3.501238,-0.1514618,-0.5468744,0.8234001,0.0,0.0,0.0,0.0,0.0,0.0,0.0,-0.7677969,1.767729,3.253593,1.333662,0.0701026,-3.537892,0.247011,-0.06893004,0.0460544,0.9654602,28.90166,352.7589,3.593732,0.2890548,0.01948551,-0.9571139,0.0,0.0,0.0,0.9707798,-0.5310748,-2.544176,-0.2389336,-0.08827299,1.062135,0.9862553,0.05487441,0.1558503,-0.1229803,0.8737291,0.4706095,-0.1103465,-0.4833077,0.8684684,static,-10.42286,-33.59076,-12.67799,-4.75088,-11.175105871011178,-27.699221952484613,28.927915405906802,22.997501148458102,28.594753811389477
4265,4265,05/15/2023 13:24:34.824457,4494,True,True,True,True,Eyes,1.153786,0.07039123,-3.502216,-0.1591252,-0.5454078,0.8229274,0.0,0.0,0.0,0.0,0.0,0.0,0.0,-0.7387463,1.765091,3.263641,1.342066,0.06859313,-3.536496,0.2457194,-0.07375075,0.04768776,0.9653543,28.77991,352.1997,3.651931,0.2912355,0.01945639,-0.9564531,0.0,0.0,0.0,0.9707798,-0.5310748,-2.544176,-0.2385259,-0.08617723,1.063634,0.9845734,0.05582716,0.1658268,-0.1283151,0.8746957,0.4673785,-0.1189556,-0.4814465,0.8683656,static,-10.94392,-33.53504,-12.63978,-4.632074,-11.67821955703094,-27.661798827919423,28.95267491505329,23.049790110436387,28.5761190391628
4266,4266,05/15/2023 13:24:34.834268,4495,True,True,True,True,Eyes,1.162467,0.07001418,-3.503083,-0.1667054,-0.5439638,0.8223823,0.0,0.0,0.0,0.0,0.0,0.0,0.0,-0.713757,1.763405,3.272007,1.350584,0.06677431,-3.535045,0.244539,-0.07799063,0.04939266,0.965235,28.671,351.7168,3.738452,0.2934031,0.01941983,-0.9557912,0.0,0.0,0.0,0.9707798,-0.5310748,-2.544176,-0.2388512,-0.0839839,1.06466,0.9829556,0.05720754,0.1747154,-0.1334945,0.8755221,0.4643708,-0.1264017,-0.4797794,0.8682363,static,-11.45917,-33.48259,-12.64466,-4.510341,-12.1757955789387,-27.627348606654472,28.996492868243585,23.12176192532606,28.573958082244104
4267,4267,05/15/2023 13:24:34.854491,4496,True,True,True,True,Eyes,1.171078,0.06956777,-3.503853,-0.173958,-0.5424274,0.8218948,0.0,0.0,0.0,0.0,0.0,0.0,0.0,-0.6934646,1.763835,3.277841,1.359191,0.0647954,-3.533363,0.2436829,-0.08156853,0.05113991,0.9650648,28.59938,351.3192,3.850049,0.295559,0.01937488,-0.9551276,0.0,0.0,0.0,0.9707798,-0.5310748,-2.544176,-0.2404406,-0.08079803,1.066826,0.9814626,0.05895294,0.1823617,-0.1384604,0.8760067,0.4619967,-0.132514,-0.4786824,0.8679304,static,-11.95056,-33.42369,-12.70107,-4.331131,-12.650087921110218,-27.585926876760183,29.102237962544756,23.254851761345424,28.63209213120558
4268,4268,05/15/2023 13:24:34.870126,4497,True,True,True,True,Eyes,1.179689,0.06905153,-3.504527,-0.1811261,-0.5410016,0.821286,0.0,0.0,0.0,0.0,0.0,0.0,0.0,-0.675811,1.768136,3.280873,1.367763,0.06267597,-3.531636,0.2433578,-0.08470853,0.05306373,0.9647723,28.59137,350.9826,3.994104,0.2977035,0.01932056,-0.9544625,0.0,0.0,0.0,0.9707798,-0.5310748,-2.544176,-0.2421125,-0.0795458,1.068082,0.9800174,0.06115989,0.1892758,-0.1436178,0.8759225,0.4605798,-0.1376219,-0.4785596,0.8672029,static,-12.43691,-33.37389,-12.77195,-4.259261,-13.119747304239626,-27.55312731819869,29.11655669218531,23.29646262879727,28.599312441461876
4269,4269,05/15/2023 13:24:34.894250,4498,True,True,True,True,Eyes,1.188284,0.06851052,-3.505096,-0.1880529,-0.5396991,0.8205858,0.0,0.0,0.0,0.0,0.0,0.0,0.0,-0.6526816,1.776901,3.282739,1.376454,0.06045461,-3.53008,0.2434683,-0.08841118,0.05568416,0.9642646,28.64504,350.5965,4.20416,0.2998371,0.01925601,-0.9537957,0.0,0.0,0.0,0.9707798,-0.5310748,-2.544176,-0.2461881,-0.07851887,1.069289,0.9781654,0.06433788,0.1976182,-0.1504391,0.8752449,0.4596894,-0.1433889,-0.4793819,0.8658133,static,-12.90754,-33.33291,-12.96557,-4.199742,-13.574422789196612,-27.52834488004961,29.13322579456528,23.336546746551242,28.570167667507537
4270,4270,05/15/2023 13:24:34.904737,4499,True,True,True,True,Eyes,1.196902,0.06793264,-3.505531,-0.1949182,-0.5384709,0.8197902,0.0,0.0,0.0,0.0,0.0,0.0,0.0,-0.6288025,1.792679,3.280488,1.385538,0.05933666,-3.528096,0.2448801,-0.09229595,0.0580587,0.9634027,28.8523,350.1787,4.36518,0.3019613,0.01918163,-0.9531268,0.0,0.0,0.0,0.9707798,-0.5310748,-2.544176,-0.2488857,-0.07727796,1.070358,0.9762213,0.06666492,0.2062711,-0.1570707,0.8733259,0.461119,-0.1494015,-0.4825533,0.8630304,static,-13.37464,-33.2985,-13.09013,-4.12949,-14.025858719734806,-27.509790870759566,29.170397500209006,23.399018292316818,28.558308024591426
4271,4271,05/15/2023 13:24:34.914079,4500,True,True,True,True,Eyes,1.205477,0.06731568,-3.505858,-0.201554,-0.5371141,0.8190753,0.0,0.0,0.0,0.0,0.0,0.0,0.0,-0.6076742,1.797267,3.282915,1.394769,0.05785221,-3.525371,0.2446968,-0.09595923,0.06014954,0.9629629,28.8692,349.7803,4.511365,0.3040781,0.01909751,-0.9524553,0.0,0.0,0.0,0.9707798,-0.5310748,-2.544176,-0.252213,-0.07639623,1.072047,0.9743477,0.06888171,0.2142471,-0.1628053,0.8730111,0.4597239,-0.1553735,-0.4828115,0.8618307,static,-13.8244,-33.25513,-13.23884,-4.076124,-14.46025697594637,-27.482048005098772,29.184880874549343,23.437771608273447,28.5245274476463
4272,4272,05/15/2023 13:24:34.934252,4501,True,True,True,True,Eyes,1.214088,0.06666734,-3.506072,-0.2080795,-0.5357689,0.8183243,0.0,0.0,0.0,0.0,0.0,0.0,0.0,-0.5935953,1.793743,3.288785,1.404398,0.05632195,-3.52285,0.2433963,-0.09885024,0.06180777,0.962895,28.74743,349.4666,4.639008,0.3061881,0.01900362,-0.9517811,0.0,0.0,0.0,0.9707798,-0.5310748,-2.544176,-0.2541823,-0.07530051,1.073751,0.9728169,0.07090922,0.2204524,-0.1671483,0.8738762,0.4565106,-0.1602772,-0.4809494,0.8619738,static,-14.26655,-33.21336,-13.31811,-4.011497,-14.887328774886424,-27.455610287306804,29.21726101304448,23.496571992346702,28.505978336280975
4273,4273,05/15/2023 13:24:34.956869,4502,True,True,True,True,Eyes,1.222682,0.06598963,-3.506178,-0.214469,-0.534266,0.817657,0.0,0.0,0.0,0.0,0.0,0.0,0.0,-0.5826399,1.792309,3.292908,1.413924,0.05489872,-3.520354,0.2425285,-0.1013714,0.06311852,0.9627668,28.67192,349.1885,4.731098,0.3082928,0.01890018,-0.9511035,0.0,0.0,0.0,0.9707798,-0.5310748,-2.544176,-0.2558675,-0.07434237,1.075732,0.9714798,0.0723659,0.2258101,-0.1707077,0.874392,0.4541998,-0.164578,-0.4797935,0.8618076,static,-14.69742,-33.16104,-13.37943,-3.953346,-15.303188494559986,-27.418639610817152,29.237415864568746,23.54401943142351,28.474596419892507
4274,4274,05/15/2023 13:24:34.970188,4503,True,True,True,True,Eyes,1.231323,0.0652918,-3.506148,-0.2206931,-0.5328029,0.8169551,0.0,0.0,0.0,0.0,0.0,0.0,0.0,-0.5737853,1.785672,3.299391,1.423854,0.05353999,-3.517614,0.2411252,-0.1038985,0.06361181,0.9628174,28.52469,348.8839,4.725906,0.3103928,0.01878743,-0.9504225,0.0,0.0,0.0,0.9707798,-0.5310748,-2.544176,-0.2579502,-0.07071078,1.078012,0.9703173,0.07238802,0.2307474,-0.1725982,0.8756243,0.4511008,-0.1693937,-0.4775375,0.8621274,static,-15.11711,-33.11164,-13.4569,-3.752867,-15.708300299780538,-27.384135751241885,29.40567716121547,23.73827428654562,28.587396412706298
4275,4275,05/15/2023 13:24:34.984546,4504,True,True,True,True,Eyes,1.239986,0.06459156,-3.505991,-0.226857,-0.5312432,0.8162822,0.0,0.0,0.0,0.0,0.0,0.0,0.0,-0.5700403,1.786285,3.300441,1.433657,0.05234551,-3.514336,0.2406932,-0.1055231,0.06474531,0.9626733,28.49499,348.7138,4.820855,0.3124904,0.01866583,-0.9497373,0.0,0.0,0.0,0.9707798,-0.5310748,-2.544176,-0.2598269,-0.06809092,1.08042,0.9693458,0.0738598,0.234336,-0.1754546,0.8757496,0.4497535,-0.172001,-0.477082,0.8618633,static,-15.53141,-33.05642,-13.52211,-3.606162,-16.108033322135157,-27.34384740379968,29.518722580026463,23.87812194787787,28.645243209171696
4276,4276,05/15/2023 13:24:35.004176,4505,True,True,True,True,Eyes,1.248685,0.06395311,-3.505683,-0.2328872,-0.5298643,0.8154799,0.0,0.0,0.0,0.0,0.0,0.0,0.0,-0.5606677,1.78963,3.301031,1.443585,0.05156213,-3.51103,0.2402273,-0.1074879,0.06759479,0.9623764,28.48374,348.5548,5.121356,0.3145868,0.01853628,-0.9490474,0.0,0.0,0.0,0.9707798,-0.5310748,-2.544176,-0.2616444,-0.06443542,1.08334,0.9677545,0.07846019,0.2393639,-0.1817463,0.8754435,0.4478469,-0.1744114,-0.4769094,0.8614744,static,-15.93845,-33.01411,-13.57786,-3.403856,-16.501087268888035,-27.31578772532989,29.704200495765175,24.089950944375303,28.77298643263575
4277,4277,05/15/2023 13:24:35.014195,4506,True,True,True,True,Eyes,1.257387,0.06330864,-3.505245,-0.2390296,-0.5282599,0.8147432,0.0,0.0,0.0,0.0,0.0,0.0,0.0,-0.5439923,1.800831,3.297838,1.453217,0.05239823,-3.507146,0.2410642,-0.1102597,0.07092514,0.9616135,28.63719,348.3081,5.442596,0.3166843,0.0184013,-0.9483522,0.0,0.0,0.0,0.9707798,-0.5310748,-2.544176,-0.2614803,-0.05797398,1.08759,0.9656249,0.08324583,0.2462493,-0.1895645,0.8737153,0.4479808,-0.1778593,-0.4792616,0.8594617,static,-16.35065,-32.9584,-13.51858,-3.051264,-16.898773133611417,-27.274960748090315,30.04092881732181,24.458397121723966,29.043539935238762
4278,4278,05/15/2023 13:24:35.034382,4507,True,True,True,True,Eyes,1.266141,0.06267469,-3.504712,-0.2449901,-0.5268479,0.8138865,0.0,0.0,0.0,0.0,0.0,0.0,0.0,-0.5291512,1.793282,3.304746,1.463308,0.05160856,-3.503323,0.2394513,-0.1134797,0.0721496,0.9615508,28.4808,347.938,5.510417,0.318783,0.01826137,-0.9476516,0.0,0.0,0.0,0.9707798,-0.5310748,-2.544176,-0.2599097,-0.05874145,1.091583,0.9638336,0.08440528,0.2527857,-0.1930968,0.8749151,0.4441141,-0.1836804,-0.4768642,0.8595709,static,-16.75246,-32.91594,-13.39294,-3.08029,-17.286757870260697,-27.246592344826368,30.024196667902704,24.47798984043261,28.969077468054344
4279,4279,05/15/2023 13:24:35.054173,4508,True,True,True,True,Eyes,1.27493,0.06214426,-3.50403,-0.2508181,-0.5253329,0.8130901,0.0,0.0,0.0,0.0,0.0,0.0,0.0,-0.5252327,1.808035,3.298814,1.473328,0.05125263,-3.50053,0.2411818,-0.115026,0.07335562,0.9608432,28.70835,347.7792,5.593073,0.3208846,0.0181173,-0.9469448,0.0,0.0,0.0,0.9707798,-0.5310748,-2.544176,-0.259885,-0.05167955,1.096768,0.962776,0.08548212,0.2564279,-0.1964508,0.8729006,0.4466001,-0.1856597,-0.4803513,0.8572007,static,-17.14369,-32.86627,-13.33067,-2.697773,-17.66429953898022,-27.210935559007357,30.408507572049782,24.893281897440563,29.286616996468737
4280,4280,05/15/2023 13:24:35.070309,4509,True,True,True,True,Eyes,1.283718,0.06167993,-3.503213,-0.2566013,-0.5236717,0.8123568,0.0,0.0,0.0,0.0,0.0,0.0,0.0,-0.5068259,1.832059,3.288275,1.482976,0.05318296,-3.496286,0.2439521,-0.1177874,0.07728519,0.9595002,29.101,347.5531,5.967573,0.3229903,0.01797236,-0.9462314,0.0,0.0,0.0,0.9707798,-0.5310748,-2.544176,-0.261227,-0.03905076,1.101966,0.9603062,0.09084137,0.2637418,-0.2057793,0.8690287,0.4499376,-0.1883262,-0.4863505,0.8532271,static,-17.52991,-32.80715,-13.3361,-2.029562,-18.03673145746396,-27.16600376564535,31.06200195437899,25.57218490345672,29.86733994820298
4281,4281,05/15/2023 13:24:35.084390,4510,True,True,True,True,Eyes,1.292543,0.06124596,-3.502359,-0.262478,-0.5218842,0.8116293,0.0,0.0,0.0,0.0,0.0,0.0,0.0,-0.4989409,1.811095,3.300828,1.491826,0.05425593,-3.492275,0.24082,-0.1202057,0.07772812,0.9599556,28.75333,347.2592,5.979972,0.3251006,0.01782847,-0.9455111,0.0,0.0,0.0,0.9707798,-0.5310748,-2.544176,-0.2619056,-0.05358607,1.104114,0.9590179,0.09133519,0.2682212,-0.2071269,0.8719281,0.4436662,-0.1933473,-0.4810397,0.8551126,static,-17.92102,-32.74134,-13.34443,-2.778562,-18.413716782870384,-27.114770405688617,30.31028276848278,24.858574135539104,29.076997394761612
4282,4282,05/15/2023 13:24:35.104467,4511,True,True,True,True,Eyes,1.301391,0.06089613,-3.501423,-0.2682305,-0.5205208,0.8106235,0.0,0.0,0.0,0.0,0.0,0.0,0.0,-0.482078,1.829774,3.295688,1.501709,0.0545567,-3.490548,0.2429942,-0.1232602,0.07955129,0.9588704,29.0525,346.9278,6.084335,0.3272156,0.01768636,-0.944784,0.0,0.0,0.0,0.9707798,-0.5310748,-2.544176,-0.2656708,-0.04887789,1.108973,0.956957,0.09265576,0.2750421,-0.2124618,0.8692508,0.4463888,-0.1977201,-0.4856108,0.8515215,static,-18.30907,-32.70549,-13.47215,-2.523674,-18.7885555655042,-27.09234824554684,30.566939855737207,25.137301412854974,29.270879017555938
4283,4283,05/15/2023 13:24:35.114426,4512,True,True,True,True,Eyes,1.310286,0.06065713,-3.500383,-0.2742184,-0.5189172,0.8096476,0.0,0.0,0.0,0.0,0.0,0.0,0.0,-0.4583853,1.862456,3.281991,1.511174,0.05627939,-3.487623,0.2469914,-0.1265782,0.0834476,0.9570839,29.59779,346.6296,6.418662,0.329336,0.01754812,-0.9440495,0.0,0.0,0.0,0.9707798,-0.5310748,-2.544176,-0.270603,-0.03710556,1.112499,0.9540289,0.09720524,0.2835137,-0.2222602,0.8640635,0.4516577,-0.2010703,-0.4939083,0.8459464,static,-18.71066,-32.65652,-13.67107,-1.910297,-19.17614971473565,-27.05769171691548,31.15650327193071,25.742908998672675,29.786607253747686
4284,4284,05/15/2023 13:24:35.134350,4513,True,True,True,True,Eyes,1.319206,0.06052607,-3.499287,-0.2801475,-0.5173124,0.8086441,0.0,0.0,0.0,0.0,0.0,0.0,0.0,-0.439859,1.859,3.287454,1.520901,0.0586039,-3.484271,0.2458677,-0.1297299,0.08649063,0.9566811,29.52971,346.326,6.711927,0.3314621,0.0174164,-0.9433075,0.0,0.0,0.0,0.9707798,-0.5310748,-2.544176,-0.2770967,-0.04229701,1.11389,0.9513791,0.1016951,0.2907507,-0.2292806,0.8641369,0.4479931,-0.2056897,-0.4928747,0.8454384,static,-19.10819,-32.60819,-13.96962,-2.174609,-19.55982931134057,-27.023525388922764,30.86434438196381,25.469964386474377,29.444911931484715
4285,4285,05/15/2023 13:24:35.154309,4514,True,True,True,True,Eyes,1.32816,0.06049818,-3.498108,-0.2863428,-0.5153631,0.8077182,0.0,0.0,0.0,0.0,0.0,0.0,0.0,-0.422163,1.850219,3.29664,1.530489,0.06102116,-3.481846,0.2440128,-0.132866,0.0891265,0.9564835,29.37163,346.0103,6.96358,0.3335949,0.01729342,-0.9425576,0.0,0.0,0.0,0.9707798,-0.5310748,-2.544176,-0.2843401,-0.05125785,1.11583,0.9488062,0.105654,0.2976644,-0.2353381,0.8650284,0.4431047,-0.2106723,-0.4904723,0.8456087,static,-19.51984,-32.53984,-14.29607,-2.630145,-19.9566378314058,-26.970485357815747,30.362437781013647,24.989881890642465,28.897359332764786
4286,4286,05/15/2023 13:24:35.170148,4515,True,True,True,True,Eyes,1.337138,0.06054901,-3.496844,-0.2924625,-0.5132013,0.8069016,0.0,0.0,0.0,0.0,0.0,0.0,0.0,-0.4100392,1.837446,3.306663,1.540308,0.06336197,-3.478763,0.2417967,-0.135542,0.09097046,0.9564974,29.15779,345.7272,7.1357,0.3357344,0.01718109,-0.9417998,0.0,0.0,0.0,0.9707798,-0.5310748,-2.544176,-0.2888118,-0.03784847,1.120102,0.9467055,0.1084788,0.3032838,-0.2395732,0.8665175,0.4378951,-0.2152984,-0.4872164,0.8463255,static,-19.92311,-32.45696,-14.45846,-1.9353,-20.344934315393697,-26.903163167101766,31.007001286453033,25.652383339504862,29.460662457127945
4287,4287,05/15/2023 13:24:35.184728,4516,True,True,True,True,Eyes,1.346115,0.06063058,-3.495525,-0.2987005,-0.5105006,0.8063295,0.0,0.0,0.0,0.0,0.0,0.0,0.0,-0.4022036,1.807282,3.325282,1.54991,0.06521429,-3.475494,0.2369735,-0.1378185,0.09261226,0.9572213,28.63314,345.487,7.330067,0.3378804,0.01708049,-0.9410338,0.0,0.0,0.0,0.9707798,-0.5310748,-2.544176,-0.2930256,-0.03073698,1.122826,0.9448581,0.1119822,0.3077388,-0.2426195,0.870533,0.4281448,-0.2199523,-0.4791995,0.8496992,static,-20.32688,-32.33858,-14.62635,-1.568062,-20.73274697648384,-26.801604188745657,31.29410200451874,25.961890058807697,29.675629674496033
4288,4288,05/15/2023 13:24:35.204181,4517,True,True,True,True,Eyes,1.35513,0.06073293,-3.494169,-0.3048137,-0.5077144,0.8058007,0.0,0.0,0.0,0.0,0.0,0.0,0.0,-0.4011513,1.771575,3.346272,1.559929,0.06593652,-3.472637,0.2312673,-0.1393954,0.09375163,0.9582772,27.99363,345.3183,7.496747,0.340033,0.01699126,-0.9402598,0.0,0.0,0.0,0.9707798,-0.5310748,-2.544176,-0.2956927,-0.02959943,1.126103,0.9435592,0.1152049,0.3105221,-0.2441552,0.8754522,0.4170991,-0.2237954,-0.4693733,0.8541688,static,-20.72034,-32.21398,-14.71262,-1.505664,-21.110405054261623,-26.69372050378689,31.290467736265242,25.987878790668823,29.6086343782994
4289,4289,05/15/2023 13:24:35.214175,4518,True,True,True,True,Eyes,1.364168,0.06087958,-3.49275,-0.3111289,-0.5047866,0.8052262,0.0,0.0,0.0,0.0,0.0,0.0,0.0,-0.3994168,1.753798,3.358183,1.569884,0.06648812,-3.470415,0.2283249,-0.1409943,0.09441867,0.9586832,27.67188,345.1335,7.56874,0.3421917,0.01691284,-0.9394777,0.0,0.0,0.0,0.9707798,-0.5310748,-2.544176,-0.2941187,-0.02475244,1.130958,0.9424114,0.1166502,0.3134541,-0.2454202,0.8779057,0.4111574,-0.2272215,-0.4644074,0.8559768,static,-21.12588,-32.08311,-14.57752,-1.25379,-21.49959132107364,-26.58016594806926,31.51710631311193,26.255292610004776,29.760273979875887
4290,4290,05/15/2023 13:24:35.234517,4519,True,True,True,True,Eyes,1.373218,0.06106596,-3.491286,-0.3173562,-0.5018214,0.8046492,0.0,0.0,0.0,0.0,0.0,0.0,0.0,-0.4011172,1.744294,3.364519,1.579707,0.06763171,-3.467477,0.2270898,-0.142382,0.0938251,0.9588296,27.5291,344.939,7.468072,0.3443566,0.01684533,-0.9386876,0.0,0.0,0.0,0.9707798,-0.5310748,-2.544176,-0.2923,-0.02758384,1.134475,0.9418485,0.1152576,0.3156537,-0.2445916,0.8792541,0.4087629,-0.2304267,-0.4621989,0.8563151,static,-21.52444,-31.94983,-14.44814,-1.392826,-21.88195191944524,-26.464067213629026,31.365658213179838,26.150118463319753,29.54633758194975
4291,4291,05/15/2023 13:24:35.254625,4520,True,True,True,True,Eyes,1.382297,0.06128768,-3.489769,-0.3238278,-0.4988442,0.8039216,0.0,0.0,0.0,0.0,0.0,0.0,0.0,-0.4024042,1.731454,3.372788,1.589069,0.06876203,-3.464923,0.2257389,-0.144099,0.09189782,0.9590788,27.35405,344.6634,7.193367,0.3465274,0.01678871,-0.9378893,0.0,0.0,0.0,0.9707798,-0.5310748,-2.544176,-0.2926176,-0.03970915,1.13651,0.9415805,0.111217,0.3178945,-0.241332,0.8811935,0.406518,-0.2349148,-0.4594876,0.8565549,static,-21.94008,-31.82016,-14.43837,-2.001075,-22.28095249814228,-26.351987191430226,30.748227317380834,25.58267039999759,28.877834421704225
4292,4292,05/15/2023 13:24:35.270314,4521,True,True,True,True,Eyes,1.39137,0.06155357,-3.488217,-0.3301781,-0.4959611,0.803122,0.0,0.0,0.0,0.0,0.0,0.0,0.0,-0.4085789,1.725473,3.376799,1.598151,0.06974486,-3.462371,0.225711,-0.1453291,0.08883898,0.959188,27.31101,344.4168,6.775095,0.3487042,0.01674282,-0.937083,0.0,0.0,0.0,0.9707798,-0.5310748,-2.544176,-0.2905789,-0.04132372,1.140032,0.9419742,0.1048218,0.3188996,-0.2360313,0.8823244,0.4071767,-0.2386919,-0.4588203,0.855868,static,-22.34845,-31.69705,-14.29945,-2.075941,-22.6730911564746,-26.246008675076176,30.69521948756648,25.57948470229937,28.75672423253575
4293,4293,05/15/2023 13:24:35.284715,4522,True,True,True,True,Eyes,1.40046,0.06188775,-3.486595,-0.3367994,-0.4932299,0.8020538,0.0,0.0,0.0,0.0,0.0,0.0,0.0,-0.4100386,1.726227,3.378048,1.607111,0.07110439,-3.459962,0.2265256,-0.1469277,0.08655153,0.9589615,27.38017,344.146,6.429338,0.3508865,0.01670776,-0.9362686,0.0,0.0,0.0,0.9707798,-0.5310748,-2.544176,-0.2856932,-0.03540546,1.144552,0.9418422,0.09943341,0.3210082,-0.232565,0.8823899,0.4090252,-0.2425837,-0.4598924,0.8541968,static,-22.77857,-31.5898,-14.01529,-1.771817,-23.08672661818863,-26.15601482014996,31.07904738801833,26.016918834674097,29.055029349261194
4294,4294,05/15/2023 13:24:35.304639,4523,True,True,True,True,Eyes,1.409531,0.06223216,-3.484944,-0.3433845,-0.4904321,0.8009766,0.0,0.0,0.0,0.0,0.0,0.0,0.0,-0.4027936,1.723094,3.381605,1.615772,0.07299453,-3.456949,0.2264295,-0.1493141,0.08590849,0.9586735,27.37411,343.8247,6.277379,0.3530741,0.01668429,-0.9354463,0.0,0.0,0.0,0.9707798,-0.5310748,-2.544176,-0.2813618,-0.03296638,1.148424,0.9406501,0.09709816,0.3251913,-0.2323346,0.8826988,0.4084892,-0.2473825,-0.4597985,0.85287,static,-23.20517,-31.47883,-13.76621,-1.644267,-23.496851609182205,-26.06232131678953,31.292093494724334,26.28548578101671,29.18909602364514
4295,4295,05/15/2023 13:24:35.314521,4524,True,True,True,True,Eyes,1.418599,0.06262185,-3.483285,-0.3501752,-0.48797,0.799539,0.0,0.0,0.0,0.0,0.0,0.0,0.0,-0.3951242,1.708034,3.391931,1.624448,0.07357347,-3.454628,0.2246194,-0.1520207,0.08435305,0.9588119,27.15392,343.4388,6.029534,0.355266,0.0166715,-0.9346163,0.0,0.0,0.0,0.9707798,-0.5310748,-2.544176,-0.278565,-0.02899742,1.152784,0.9395486,0.09346385,0.3294131,-0.230051,0.8848614,0.4050887,-0.2536238,-0.4563823,0.8528717,static,-23.65205,-31.39631,-13.58485,-1.440929,-23.92739306700464,-25.99671394507831,31.601793725913108,26.644976475159073,29.414202136787758
4296,4296,05/15/2023 13:24:35.334364,4525,True,True,True,True,Eyes,1.427649,0.06307729,-3.481565,-0.3569658,-0.4855581,0.798003,0.0,0.0,0.0,0.0,0.0,0.0,0.0,-0.3778061,1.724216,3.388211,1.633574,0.07506725,-3.452744,0.2267646,-0.1552,0.08545689,0.9576994,27.44328,343.0646,6.034449,0.3574611,0.01666953,-0.933779,0.0,0.0,0.0,0.9707798,-0.5310748,-2.544176,-0.2763319,-0.02515441,1.156404,0.9372201,0.09329627,0.3360271,-0.2340717,0.8825499,0.4078187,-0.2585127,-0.4608704,0.8489816,static,-24.10011,-31.31911,-13.43927,-1.246117,-24.359222396950692,-25.93627662000651,31.90671430096883,26.99720990052619,29.634954917651974
4297,4297,05/15/2023 13:24:35.354223,4526,True,True,True,True,Eyes,1.436657,0.06357531,-3.479799,-0.3639682,-0.4830012,0.7963899,0.0,0.0,0.0,0.0,0.0,0.0,0.0,-0.3524032,1.716454,3.395943,1.642283,0.07707809,-3.449608,0.2253998,-0.159498,0.08709385,0.9571677,27.34023,342.5706,6.127983,0.3596587,0.01667905,-0.9329346,0.0,0.0,0.0,0.9707798,-0.5310748,-2.544176,-0.2754119,-0.0236637,1.159795,0.9339501,0.09482521,0.3445944,-0.2386284,0.8832192,0.4037082,-0.2660707,-0.4592734,0.8475106,static,-24.56147,-31.23632,-13.35838,-1.168864,-24.803779997492224,-25.87086278304684,32.086775092863974,27.224730025846767,29.732357803329784
4298,4298,05/15/2023 13:24:35.374532,4527,True,True,True,True,Eyes,1.44567,0.0640777,-3.477995,-0.3710527,-0.4803663,0.7947127,0.0,0.0,0.0,0.0,0.0,0.0,0.0,-0.3320906,1.684623,3.415086,1.651286,0.07855447,-3.446467,0.2209057,-0.1637319,0.08697584,0.9575112,26.8413,342.0405,6.061694,0.3618576,0.01670004,-0.9320835,0.0,0.0,0.0,0.9707798,-0.5310748,-2.544176,-0.2748851,-0.02098674,1.16281,0.9312541,0.09422205,0.3519773,-0.2388993,0.8872717,0.3945579,-0.2751234,-0.4515208,0.8487851,static,-25.02795,-31.15098,-13.30039,-1.033978,-25.253226648887026,-25.80314910449772,32.3198000151858,27.50240246158254,29.880902340347916
4299,4299,05/15/2023 13:24:35.384482,4528,True,True,True,True,Eyes,1.454677,0.064555,-3.476143,-0.3784232,-0.4776848,0.7928513,0.0,0.0,0.0,0.0,0.0,0.0,0.0,-0.3042502,1.66562,3.42877,1.660504,0.07912439,-3.443804,0.2180753,-0.168766,0.08725601,0.9572605,26.5489,341.4187,5.996124,0.3640579,0.01673147,-0.9312258,0.0,0.0,0.0,0.9707798,-0.5310748,-2.544176,-0.2763481,-0.02262759,1.164784,0.9278089,0.09344608,0.3611628,-0.2406608,0.8896592,0.388058,-0.2850492,-0.4469614,0.8479225,static,-25.51486,-31.06853,-13.3468,-1.112912,-25.72253803505663,-25.738864485567458,32.33265739040829,27.56077697986349,29.81124529793535
4300,4300,05/15/2023 13:24:35.404542,4529,True,True,True,True,Eyes,1.463706,0.0650103,-3.474265,-0.3857894,-0.4750668,0.7908717,0.0,0.0,0.0,0.0,0.0,0.0,0.0,-0.2822317,1.649008,3.440071,1.670012,0.07899979,-3.440609,0.2157659,-0.1732568,0.08664443,0.9570371,26.29644,340.8404,5.830814,0.3662592,0.01677163,-0.9303614,0.0,0.0,0.0,0.9707798,-0.5310748,-2.544176,-0.2766129,-0.02011597,1.167464,0.9249496,0.09107807,0.3690161,-0.2406097,0.8918756,0.3829685,-0.2942365,-0.4430155,0.8468543,static,-26.00325,-30.99271,-13.32956,-0.9871366,-26.19346355836552,-25.681023284556517,32.57233263490485,27.843635796150018,29.962385363750297
4301,4301,05/15/2023 13:24:35.414310,4530,True,True,True,True,Eyes,1.472799,0.06548045,-3.47232,-0.3933227,-0.4726323,0.7886165,0.0,0.0,0.0,0.0,0.0,0.0,0.0,-0.2591256,1.645874,3.445585,1.679674,0.07892801,-3.438105,0.2152097,-0.1776228,0.08669766,0.9563569,26.25925,340.292,5.71961,0.368462,0.01681904,-0.9294904,0.0,0.0,0.0,0.9707798,-0.5310748,-2.544176,-0.2760739,-0.02196449,1.169521,0.9218673,0.08937549,0.377058,-0.2422801,0.8923365,0.3808355,-0.3024253,-0.4424335,0.8442698,static,-26.50774,-30.93503,-13.28194,-1.075932,-26.680476180203406,-25.64118945574525,32.6571204948263,27.981648372447022,29.959406074793197
4302,4302,05/15/2023 13:24:35.434480,4531,True,True,True,True,Eyes,1.481924,0.06594209,-3.470324,-0.400832,-0.4701583,0.786311,0.0,0.0,0.0,0.0,0.0,0.0,0.0,-0.2364293,1.644358,3.449545,1.689418,0.07972042,-3.434921,0.2149653,-0.1819029,0.0870114,0.9555785,26.26272,339.7604,5.637042,0.3706673,0.01687337,-0.9286122,0.0,0.0,0.0,0.9707798,-0.5310748,-2.544176,-0.2741955,-0.02457291,1.171708,0.9186807,0.08808684,0.3850538,-0.244498,0.8924378,0.3791772,-0.310236,-0.4424877,0.8414025,static,-27.01079,-30.87644,-13.17097,-1.201423,-27.166069384233257,-25.600432452181355,32.7436597157784,28.127823751975573,29.95941445614129
4303,4303,05/15/2023 13:24:35.454386,4532,True,True,True,True,Eyes,1.491122,0.06639424,-3.468281,-0.4084192,-0.4677135,0.7838608,0.0,0.0,0.0,0.0,0.0,0.0,0.0,-0.2169235,1.631271,3.458741,1.699392,0.07995449,-3.431715,0.2130205,-0.1859186,0.08705181,0.9552375,26.06174,339.261,5.564148,0.3728761,0.01693371,-0.9277263,0.0,0.0,0.0,0.9707798,-0.5310748,-2.544176,-0.270406,-0.02136666,1.174944,0.9157125,0.08710136,0.3922805,-0.2455192,0.8940885,0.3746011,-0.3181052,-0.4393393,0.840113,static,-27.52111,-30.82365,-12.96058,-1.041823,-27.658861557110956,-25.56549959010457,33.15065992312716,28.591085922506526,30.271613530392415
4304,4304,05/15/2023 13:24:35.470255,4533,True,True,True,True,Eyes,1.500362,0.06683408,-3.466188,-0.4159503,-0.4652569,0.7813587,0.0,0.0,0.0,0.0,0.0,0.0,0.0,-0.1978623,1.619425,3.467705,1.709843,0.08014749,-3.428802,0.2111646,-0.1898554,0.08730008,0.9548526,25.8751,338.7776,5.519123,0.3750894,0.01699919,-0.9268325,0.0,0.0,0.0,0.9707798,-0.5310748,-2.544176,-0.2668508,-0.01969957,1.177473,0.9126672,0.08653592,0.3994372,-0.2468989,0.8955765,0.3701133,-0.3256985,-0.4364108,0.8387288,static,-28.02826,-30.77151,-12.76925,-0.9584908,-28.148601392032383,-25.531094484800487,33.49109583157393,28.988571904974535,30.520624215578845
4305,4305,05/15/2023 13:24:35.484677,4534,True,True,True,True,Eyes,1.509668,0.06722236,-3.464041,-0.4234374,-0.4627808,0.7788033,0.0,0.0,0.0,0.0,0.0,0.0,0.0,-0.1803387,1.609318,3.475237,1.720161,0.08027394,-3.425536,0.2095912,-0.193586,0.08748281,0.9544333,25.71866,338.3178,5.467692,0.377308,0.01706895,-0.9259302,0.0,0.0,0.0,0.9707798,-0.5310748,-2.544176,-0.2624125,-0.02129304,1.180045,0.9097425,0.08584516,0.406201,-0.2481408,0.8968366,0.3662107,-0.3328584,-0.4339525,0.837192,moving,-28.53304,-30.71964,-12.53715,-1.033748,-28.636053305971,-25.496875575593776,33.72122003616957,29.285137842168005,30.664571984204297
4306,4306,05/15/2023 13:24:35.504643,4535,True,True,True,True,Eyes,1.51905,0.06755717,-3.461874,-0.4308237,-0.4603481,0.7761897,0.0,0.0,0.0,0.0,0.0,0.0,0.0,-0.1648082,1.590272,3.486794,1.730924,0.07940972,-3.4222,0.2066806,-0.1972378,0.08729379,0.9543375,25.39913,337.8644,5.404655,0.3795327,0.01714119,-0.9250193,0.0,0.0,0.0,0.9714457,-0.5287582,-2.544113,-0.2563705,-0.01919043,1.181562,0.9069541,0.08508502,0.4125467,-0.2481459,0.8993259,0.3600508,-0.340379,-0.4289214,0.8367608,moving,-29.03244,-30.67163,-12.24204,-0.9304917,-29.118400088558197,-25.46621231944837,34.153372301131945,29.77940758568417,31.00847021898937
4307,4307,05/15/2023 13:24:35.514467,4536,True,True,True,True,Eyes,1.528556,0.06785402,-3.459657,-0.4380557,-0.4581485,0.7734385,0.0,0.0,0.0,0.0,0.0,0.0,0.0,-0.1509113,1.587328,3.491794,1.742204,0.07845461,-3.419587,0.2058732,-0.2004671,0.08766673,0.953805,25.33273,337.4703,5.37667,0.3817646,0.01721424,-0.924099,0.0,0.0,0.0,0.9721683,-0.5262446,-2.544044,-0.2498106,-0.0147891,1.182828,0.904255,0.08469227,0.4185094,-0.2497755,0.8998615,0.3575772,-0.3463165,-0.4278744,0.8348583,moving,-29.5261,-30.6405,-11.92549,-0.7163417,-29.595648135324165,-25.45165588165901,34.71651944443104,30.398523914702572,31.481812037929263
4308,4308,05/15/2023 13:24:35.534373,4537,True,True,True,True,Eyes,1.538136,0.06813531,-3.457406,-0.4452129,-0.4558918,0.7706803,0.0,0.0,0.0,0.0,0.0,0.0,0.0,-0.1351811,1.590196,3.493952,1.753719,0.07782921,-3.416594,0.2056668,-0.2036997,0.0891538,0.9530264,25.36181,337.1021,5.470387,0.3840053,0.01728698,-0.9231687,0.0,0.0,0.0,0.9727966,-0.5240591,-2.543984,-0.2436583,-0.007959247,1.184239,0.9011161,0.08614334,0.4249343,-0.2537203,0.8995056,0.3556905,-0.3515903,-0.4283329,0.8324152,moving,-30.01452,-30.60621,-11.62641,-0.3850781,-30.06773520666802,-25.43388618233041,35.375689430586334,31.10506810350221,32.05120650668547
4309,4309,05/15/2023 13:24:35.554448,4538,True,True,True,True,Eyes,1.547806,0.06837796,-3.455128,-0.4522847,-0.4536224,0.7678967,0.0,0.0,0.0,0.0,0.0,0.0,0.0,-0.1228487,1.57715,3.503098,1.765153,0.07770985,-3.413559,0.2036065,-0.2068886,0.08921345,0.9527762,25.14416,336.7108,5.435758,0.3862558,0.01735902,-0.922228,0.0,0.0,0.0,0.9734753,-0.5216981,-2.543919,-0.2393662,-0.002209067,1.184937,0.8984761,0.08575319,0.430566,-0.2542486,0.9011707,0.3510683,-0.3579082,-0.4248973,0.831483,moving,-30.49773,-30.57178,-11.42048,-0.1068159,-30.53477271008385,-25.415818033925632,35.94517360059329,31.71595457844233,32.53361115326711
4310,4310,05/15/2023 13:24:35.574546,4539,True,True,True,True,Eyes,1.557551,0.06856781,-3.452834,-0.4592938,-0.4512658,0.76512,0.0,0.0,0.0,0.0,0.0,0.0,0.0,-0.1110691,1.565251,3.511962,1.776886,0.07702526,-3.410714,0.201687,-0.2100662,0.08902019,0.9525071,24.93671,336.3141,5.369189,0.3885166,0.01742938,-0.9212766,0.0,0.0,0.0,0.974145,-0.5193682,-2.543855,-0.2361498,0.0009012818,1.185366,0.8958951,0.08484952,0.4360876,-0.25432,0.9027956,0.3468163,-0.3642708,-0.4216168,0.8303891,moving,-30.97597,-30.53199,-11.26701,0.0435643,-30.9968507336447,-25.39242240228121,36.37729546068328,32.19093094170487,32.8836579861237
4311,4311,05/15/2023 13:24:35.584531,4540,True,True,True,True,Eyes,1.567409,0.06869423,-3.450522,-0.4662791,-0.4489911,0.7622276,0.0,0.0,0.0,0.0,0.0,0.0,0.0,-0.1003931,1.550809,3.522002,1.788531,0.07592158,-3.408075,0.1994303,-0.2131555,0.08848571,0.9523458,24.68163,335.9224,5.273836,0.3907884,0.01749682,-0.920314,0.0,0.0,0.0,0.9748263,-0.5169982,-2.54379,-0.2336178,0.001090348,1.185453,0.89347,0.08351863,0.441289,-0.2535574,0.9047956,0.3421308,-0.3707021,-0.4175757,0.8295845,moving,-31.45547,-30.50026,-11.14845,0.0526991,-31.46036882512732,-25.37684303728374,36.685942417316646,32.54590081209078,33.113054121394406
4312,4312,05/15/2023 13:24:35.605371,4541,True,True,True,True,Eyes,1.577373,0.06878077,-3.448205,-0.4731258,-0.446867,0.7592508,0.0,0.0,0.0,0.0,0.0,0.0,0.0,-0.0857209,1.545649,3.528387,1.800638,0.0745064,-3.40559,0.1982257,-0.2165527,0.08883213,0.9517986,24.57068,335.5091,5.25202,0.3930718,0.01755991,-0.9193398,0.0,0.0,0.0,0.9755018,-0.5146483,-2.543726,-0.2303845,0.0009968877,1.185538,0.8904276,0.08324799,0.4474466,-0.2549531,0.9056309,0.3388682,-0.3770114,-0.4158155,0.8276231,moving,-31.92902,-30.4795,-10.99717,0.04817849,-31.918423639689077,-25.37166159376195,37.01461195813498,32.922137289979126,33.36406030504632
4313,4313,05/15/2023 13:24:35.614287,4542,True,True,True,True,Eyes,1.587436,0.06886312,-3.445859,-0.4798951,-0.4447773,0.7562234,0.0,0.0,0.0,0.0,0.0,0.0,0.0,-0.07014179,1.55165,3.530202,1.813214,0.07362488,-3.40319,0.1981894,-0.2196631,0.09097299,0.9508907,24.63775,335.1704,5.425333,0.3953679,0.01761803,-0.9183536,0.0,0.0,0.0,0.9761968,-0.5122306,-2.543659,-0.2280123,0.002932847,1.185303,0.8869441,0.08594095,0.4538109,-0.2600805,0.9048898,0.336946,-0.3816914,-0.4168796,0.8249382,moving,-32.39898,-30.46217,-10.88877,0.1417692,-32.3730951657986,-25.369677042948293,37.407087948694915,33.35281273351031,33.676815149854704
4314,4314,05/15/2023 13:24:35.634410,4543,True,True,True,True,Eyes,1.597598,0.06893111,-3.443486,-0.4866145,-0.4425229,0.7532462,0.0,0.0,0.0,0.0,0.0,0.0,0.0,-0.05434728,1.542906,3.537846,1.825868,0.07356632,-3.400097,0.19604,-0.2228243,0.09365138,0.9503404,24.47809,334.8495,5.715409,0.3976771,0.01767152,-0.917355,0.0,0.0,0.0,0.9768486,-0.5099633,-2.543597,-0.2271376,0.005344391,1.184759,0.8831575,0.09063642,0.4602368,-0.2653664,0.9055954,0.3308739,-0.3867991,-0.4143451,0.8238353,moving,-32.8634,-30.43371,-10.85285,0.2584569,-32.822097837967306,-25.356779903714344,37.768683063087536,33.745936156467685,33.95994468056009
4315,4315,05/15/2023 13:24:35.654551,4544,True,True,True,True,Eyes,1.607835,0.06895765,-3.441107,-0.4933539,-0.4400613,0.7502985,0.0,0.0,0.0,0.0,0.0,0.0,0.0,-0.04094946,1.516298,3.553187,1.838477,0.07320771,-3.397148,0.1917162,-0.226108,0.09475012,0.9503381,24.03144,334.4838,5.869064,0.4,0.01772045,-0.9163436,0.0,0.0,0.0,0.9775432,-0.5075472,-2.543531,-0.2278066,0.008766174,1.183649,0.8797952,0.09339216,0.4660884,-0.2667864,0.9085347,0.3215429,-0.3934278,-0.4072379,0.8242401,moving,-33.32666,-30.39226,-10.89401,0.4243282,-33.26962285200428,-25.33131288259547,38.11674034214992,34.117753414875644,34.22908579025707
4316,4316,05/15/2023 13:24:35.670572,4545,True,True,True,True,Eyes,1.618169,0.0689068,-3.43873,-0.5001039,-0.4374818,0.7473325,0.0,0.0,0.0,0.0,0.0,0.0,0.0,-0.02765739,1.493009,3.567039,1.851167,0.07221262,-3.394345,0.1881147,-0.2295973,0.09462672,0.9502336,23.63808,334.0591,5.855095,0.4023362,0.01776416,-0.9153193,0.0,0.0,0.0,0.9782305,-0.5051561,-2.543465,-0.2294399,0.01369798,1.182294,0.8766617,0.09345369,0.4719434,-0.2662162,0.9113172,0.3140538,-0.4007407,-0.400958,0.8237959,moving,-33.78986,-30.34433,-10.9825,0.6637957,-33.71691305256336,-25.299591698943143,38.49259058048185,34.510158244669974,34.52381944706048
4317,4317,05/15/2023 13:24:35.684451,4546,True,True,True,True,Eyes,1.628628,0.06878205,-3.436342,-0.5069208,-0.434866,0.74426,0.0,0.0,0.0,0.0,0.0,0.0,0.0,-0.01231182,1.475463,3.578867,1.863947,0.07027641,-3.392078,0.1854504,-0.2334577,0.09357216,0.9499212,23.3294,333.5621,5.698935,0.404686,0.0178011,-0.9142821,0.0,0.0,0.0,0.9788595,-0.502968,-2.543406,-0.2301782,0.02024484,1.181381,0.8734836,0.09118271,0.4782386,-0.2643619,0.9137048,0.3086362,-0.4088267,-0.3960167,0.8222114,moving,-34.25906,-30.29745,-11.02528,0.9817581,-34.17004273067283,-25.269071757199576,38.96405256709709,34.9969442959065,34.91149133586416
4318,4318,05/15/2023 13:24:35.704331,4547,True,True,True,True,Eyes,1.639157,0.06868144,-3.433932,-0.5136509,-0.4324625,0.7410391,0.0,0.0,0.0,0.0,0.0,0.0,0.0,0.005047202,1.464174,3.58799,1.876776,0.06833279,-3.38977,0.183604,-0.2374615,0.09283137,0.9493597,23.12263,333.0514,5.557385,0.4070504,0.01782998,-0.9132313,0.0,0.0,0.0,0.9795158,-0.500685,-2.543343,-0.2305748,0.02878103,1.180773,0.8699887,0.08906292,0.4849612,-0.2634585,0.9153438,0.3045248,-0.4167844,-0.3927003,0.8198032,moving,-34.72775,-30.26738,-11.04936,1.396293,-34.62313688381983,-25.254755089802572,39.53801134153094,35.580912310578654,35.396162456643914
4319,4319,05/15/2023 13:24:35.714051,4548,True,True,True,True,Eyes,1.649726,0.06872915,-3.431425,-0.5204735,-0.4302179,0.737577,0.0,0.0,0.0,0.0,0.0,0.0,0.0,0.02666628,1.474028,3.587612,1.889104,0.06882837,-3.386883,0.1845056,-0.2413855,0.09442072,0.9480377,23.29218,332.5895,5.620366,0.4094289,0.01785222,-0.912167,0.0,0.0,0.0,0.9803416,-0.4978125,-2.543264,-0.2316578,0.03386736,1.179082,0.8656355,0.08995486,0.4925275,-0.2681028,0.9140848,0.3042529,-0.4228429,-0.3954202,0.8153813,moving,-35.20882,-30.25439,-11.11549,1.645283,-35.088686506273035,-25.257306397618706,39.975963878258504,36.034198576147745,35.744179601649066
4320,4320,05/15/2023 13:24:35.734217,4549,True,True,True,True,Eyes,1.660366,0.06877183,-3.428897,-0.5275043,-0.4277947,0.7339829,0.0,0.0,0.0,0.0,0.0,0.0,0.0,0.06528783,1.471953,3.589659,1.90052,0.07238719,-3.38221,0.1836505,-0.2470226,0.09865316,0.9463192,23.34852,331.9815,6.000899,0.4118215,0.01787241,-0.9110889,0.0,0.0,0.0,0.9808556,-0.4960243,-2.543215,-0.2352329,0.03532574,1.177954,0.8584948,0.0959831,0.5037599,-0.2774464,0.91308,0.2988449,-0.4312891,-0.3963231,0.8105046,moving,-35.70433,-30.23535,-11.29319,1.717732,-35.5680559159564,-25.2544731055278,40.210734952227924,36.287311329062696,35.8902474968669
4321,4321,05/15/2023 13:24:35.754144,4550,True,True,True,True,Eyes,1.671099,0.06888255,-3.426399,-0.5344613,-0.4260503,0.7299536,0.0,0.0,0.0,0.0,0.0,0.0,0.0,0.1056852,1.442446,3.604469,1.913051,0.0722643,-3.379206,0.1796683,-0.2540266,0.09799194,0.9452975,22.92122,331.1052,5.85659,0.4142275,0.01789059,-0.9099972,0.0,0.0,0.0,0.9815516,-0.4936032,-2.543149,-0.2390711,0.03804979,1.176489,0.8517361,0.09398198,0.5154735,-0.2765442,0.9162338,0.2898948,-0.4450493,-0.3894651,0.8063796,moving,-36.21104,-30.27073,-11.48651,1.852403,-36.05975623093644,-25.30449859275309,40.5363794320187,36.62433254606434,36.11300966534465
4322,4322,05/15/2023 13:24:35.770718,4551,True,True,True,True,Eyes,1.681853,0.06922518,-3.423753,-0.541356,-0.4247217,0.7256343,0.0,0.0,0.0,0.0,0.0,0.0,0.0,0.1342978,1.511282,3.580534,1.926496,0.07422356,-3.377179,0.1891411,-0.2585576,0.09915581,0.9420944,24.05746,330.4991,5.594575,0.4166467,0.01790872,-0.9088919,0.0,0.0,0.0,0.9822155,-0.4912937,-2.543085,-0.2430987,0.03876695,1.175157,0.8466322,0.08902056,0.5246801,-0.284636,0.9087875,0.3051026,-0.4496624,-0.4076525,0.7947472,moving,-36.7246,-30.3409,-11.68763,1.88943,-36.5590392924838,-25.38830629078023,40.81230254089813,36.91425059978326,36.2820202399462
4323,4323,05/15/2023 13:24:35.784593,4552,True,True,True,True,Eyes,1.69261,0.06961391,-3.421009,-0.5486321,-0.4221634,0.7216515,0.0,0.0,0.0,0.0,0.0,0.0,0.0,0.1792464,1.528453,3.571718,1.937911,0.0801446,-3.370986,0.1911338,-0.2646264,0.1047024,0.9394031,24.48893,329.8445,6.027361,0.4190789,0.0179329,-0.9077725,0.0,0.0,0.0,0.9828902,-0.4889464,-2.543021,-0.2493148,0.04190528,1.172914,0.8380206,0.09555744,0.5372061,-0.2978736,0.9050106,0.3036893,-0.4571575,-0.4145174,0.7868815,moving,-37.24374,-30.32747,-12.0002,2.046165,-37.0614467266455,-25.391626814368,41.052266135316145,37.160442773766825,36.418169191881965
4324,4324,05/15/2023 13:24:35.804414,4553,True,True,True,True,Eyes,1.703468,0.06998965,-3.41832,-0.555696,-0.419992,0.7175017,0.0,0.0,0.0,0.0,0.0,0.0,0.0,0.1933082,1.426332,3.614265,1.94919,0.08144917,-3.365817,0.1783247,-0.2697394,0.09920692,0.9410627,22.90159,329.1551,5.639158,0.4215234,0.01796375,-0.9066393,0.0,0.0,0.0,0.9835628,-0.4866067,-2.542957,-0.2556917,0.04601929,1.170861,0.8347973,0.09051746,0.5430654,-0.2829223,0.9167166,0.2821094,-0.4723012,-0.3891495,0.790882,moving,-37.75733,-30.34272,-12.31881,2.250783,-37.559261212749085,-25.42244544084461,41.34555281528364,37.45514583822012,36.59964639586555
4325,4325,05/15/2023 13:24:35.814418,4554,True,True,True,True,Eyes,1.714312,0.07046711,-3.415558,-0.5624952,-0.4181402,0.7132727,0.0,0.0,0.0,0.0,0.0,0.0,0.0,0.1983393,1.469719,3.602476,1.962483,0.08166718,-3.364408,0.1846415,-0.2720509,0.09694112,0.9394138,23.55663,328.7649,5.111644,0.4239798,0.01800022,-0.9054925,0.0,0.0,0.0,0.9842702,-0.4841461,-2.542889,-0.2600446,0.05207708,1.169293,0.8331814,0.08167191,0.5469354,-0.2825994,0.9130199,0.2941637,-0.475338,-0.3996553,0.7837918,moving,-38.25972,-30.38001,-12.53822,2.550111,-38.04682980383265,-25.474178345852454,41.78502640090874,37.89524993273229,36.923254644702304
4326,4326,05/15/2023 13:24:35.834346,4555,True,True,True,True,Eyes,1.72511,0.07101189,-3.412763,-0.5692309,-0.4159212,0.7092149,0.0,0.0,0.0,0.0,0.0,0.0,0.0,0.2035986,1.512712,3.585934,1.972921,0.08468625,-3.359923,0.1908648,-0.2738185,0.09723498,0.9376243,24.27825,328.4947,4.897007,0.4264465,0.01804438,-0.9043325,0.0,0.0,0.0,0.9848835,-0.4820125,-2.542831,-0.2633631,0.05207714,1.167953,0.8311376,0.07781518,0.5505952,-0.2868644,0.908232,0.3046695,-0.4763603,-0.4111684,0.7771882,moving,-38.75127,-30.38962,-12.70716,2.553035,-38.52314532124865,-25.498864068216573,41.99421607961179,38.12314440651945,37.04038929980132
4327,4327,05/15/2023 13:24:35.854143,4556,True,True,True,True,Eyes,1.735907,0.0715842,-3.410007,-0.5758246,-0.4137411,0.7051556,0.0,0.0,0.0,0.0,0.0,0.0,0.0,0.2018838,1.473366,3.604488,1.982701,0.08679079,-3.356376,0.1862854,-0.2757751,0.09389337,0.9383122,23.66414,328.2075,4.600096,0.4289214,0.01809724,-0.9031602,0.0,0.0,0.0,0.9855682,-0.4796307,-2.542766,-0.2693873,0.0601503,1.166564,0.8302642,0.07345684,0.5525082,-0.2789483,0.9129636,0.2978007,-0.4825444,-0.4013746,0.7784917,moving,-39.23481,-30.40174,-13.00302,2.951666,-38.99177180679864,-25.52572041668997,42.43296476096074,38.553557003224206,37.35916579732762
4328,4328,05/15/2023 13:24:35.870702,4557,True,True,True,True,Eyes,1.74665,0.07219136,-3.407224,-0.582238,-0.4118189,0.7010022,0.0,0.0,0.0,0.0,0.0,0.0,0.0,0.2135228,1.485268,3.603223,1.993379,0.08803388,-3.354627,0.1878055,-0.2783351,0.09427653,0.9372144,23.86036,327.8759,4.526105,0.4314025,0.0181586,-0.9019765,0.0,0.0,0.0,0.9862334,-0.4773165,-2.542702,-0.2737167,0.07025352,1.165182,0.827283,0.07216889,0.5571306,-0.2812603,0.911682,0.2995471,-0.4863079,-0.4045089,0.7745174,moving,-39.71233,-30.43303,-13.21984,3.450416,-39.45509083045548,-25.570884328889687,43.010928137335235,39.12191532781247,37.81034483079415
4329,4329,05/15/2023 13:24:35.884537,4558,True,True,True,True,Eyes,1.757329,0.07282597,-3.404409,-0.5886735,-0.4096381,0.6968932,0.0,0.0,0.0,0.0,0.0,0.0,0.0,0.2339013,1.495853,3.599716,2.002888,0.08947593,-3.35122,0.1885885,-0.2813869,0.09762003,0.9358025,24.07305,327.5553,4.810921,0.4338877,0.0182285,-0.9007823,0.0,0.0,0.0,0.986922,-0.4749211,-2.542636,-0.277831,0.06449762,1.164225,0.8225835,0.07657348,0.5634651,-0.2888387,0.9098094,0.2980251,-0.489825,-0.407901,0.7705117,moving,-40.18815,-30.44727,-13.42205,3.170922,-39.916298506612726,-25.599544102247048,42.972164741363265,39.11118668195453,37.69462089477851
4330,4330,05/15/2023 13:24:35.905817,4559,True,True,True,True,Eyes,1.76796,0.07348903,-3.401558,-0.5951567,-0.4074229,0.6926724,0.0,0.0,0.0,0.0,0.0,0.0,0.0,0.2648433,1.461969,3.61337,2.012619,0.09064314,-3.3474,0.1830894,-0.2859536,0.1015008,0.935097,23.60704,327.1072,5.329865,0.4363745,0.0183068,-0.8995786,0.0,0.0,0.0,0.9876167,-0.4725047,-2.54257,-0.2800652,0.07424313,1.164817,0.8158563,0.08511597,0.5719561,-0.2945362,0.9123517,0.2843636,-0.4976213,-0.4004616,0.7694176,moving,-40.66977,-30.46361,-13.51941,3.646986,-40.38318059825348,-25.63041194726143,43.59672932233353,39.73447119715947,38.20015241367845
4331,4331,05/15/2023 13:24:35.914359,4560,True,True,True,True,Eyes,1.778512,0.07415787,-3.39863,-0.6018199,-0.4049631,0.6883441,0.0,0.0,0.0,0.0,0.0,0.0,0.0,0.3042294,1.436523,3.62246,2.02222,0.09190695,-3.343733,0.1790832,-0.2916577,0.1045843,0.9337704,23.29409,326.4793,5.676772,0.4388616,0.01839339,-0.8983662,0.0,0.0,0.0,0.9883149,-0.4700759,-2.542504,-0.2820328,0.08827657,1.164623,0.8079959,0.0908534,0.5821412,-0.2997774,0.9139827,0.2734396,-0.507224,-0.3954508,0.76573,moving,-41.16323,-30.46894,-13.61306,4.33464,-40.86122918867971,-25.651027968024664,44.38807326124102,40.51670035458878,38.85740654023447
4332,4332,05/15/2023 13:24:35.934236,4561,True,True,True,True,Eyes,1.788984,0.07478432,-3.395652,-0.60861,-0.4022759,0.6839355,0.0,0.0,0.0,0.0,0.0,0.0,0.0,0.3403934,1.401959,3.633343,2.031047,0.09262964,-3.338983,0.1746324,-0.2976449,0.1043843,0.9327461,22.82477,325.7454,5.651811,0.4413476,0.01848762,-0.8971456,0.0,0.0,0.0,0.9889494,-0.4678688,-2.542443,-0.2857903,0.08895388,1.165159,0.8010228,0.09077118,0.5917121,-0.2986849,0.9172149,0.2636363,-0.5187965,-0.3879142,0.761822,moving,-41.66476,-30.46311,-13.78144,4.365768,-41.34678904002026,-25.6611292206707,44.61535920466498,40.76104788151143,38.98895763319563
4333,4333,05/15/2023 13:24:35.954411,4562,True,True,True,True,Eyes,1.799389,0.07538223,-3.392627,-0.6154383,-0.3996112,0.6793721,0.0,0.0,0.0,0.0,0.0,0.0,0.0,0.3743289,1.366975,3.644375,2.039754,0.09217967,-3.334835,0.1702107,-0.3034788,0.1031197,0.9318237,22.32142,325.0094,5.512711,0.4438307,0.01858761,-0.8959177,0.0,0.0,0.0,0.9896238,-0.4655225,-2.542379,-0.2891616,0.08809316,1.166622,0.7945338,0.0888681,0.6006817,-0.2954895,0.9207893,0.2546234,-0.5304734,-0.379802,0.7578578,moving,-42.1732,-30.46432,-13.92091,4.318285,-41.839233023446695,-25.678239750521797,44.810952911426966,40.978338882270236,39.094132600478865
4334,4334,05/15/2023 13:24:35.970682,4563,True,True,True,True,Eyes,1.809689,0.07597358,-3.389549,-0.6223147,-0.3970301,0.6746047,0.0,0.0,0.0,0.0,0.0,0.0,0.0,0.4101995,1.367022,3.641767,2.04831,0.09210408,-3.330979,0.170651,-0.3092522,0.1019694,0.9299697,22.36274,324.2441,5.218174,0.4463098,0.01869206,-0.8946831,0.0,0.0,0.0,0.9903123,-0.4631274,-2.542313,-0.293787,0.08561903,1.167469,0.7879307,0.08410855,0.6099926,-0.2952053,0.920961,0.2543319,-0.540388,-0.380469,0.7504827,moving,-42.69116,-30.4784,-14.12488,4.194409,-42.34124783643146,-25.70806652212265,44.92478199155653,41.113519141906934,39.11515569918455
4335,4335,05/15/2023 13:24:35.984057,4564,True,True,True,True,Eyes,1.819903,0.07657506,-3.386408,-0.6291667,-0.3945208,0.6697034,0.0,0.0,0.0,0.0,0.0,0.0,0.0,0.4447728,1.369301,3.63733,2.056189,0.0925951,-3.326634,0.1716748,-0.3149574,0.100043,0.9280738,22.43731,323.4642,4.813113,0.448783,0.01880036,-0.8934428,0.0,0.0,0.0,0.990984,-0.460791,-2.542249,-0.2998134,0.07726559,1.167976,0.7815866,0.07755402,0.618957,-0.293835,0.9210384,0.2556352,-0.5502576,-0.3816722,0.7426593,moving,-43.21243,-30.50224,-14.39669,3.784795,-42.84673444710928,-25.74741410074786,44.78780683220406,41.00678484608112,38.901203471833256
4336,4336,05/15/2023 13:24:36.004131,4565,True,True,True,True,Eyes,1.830004,0.07719196,-3.383217,-0.6359652,-0.3921102,0.6646786,0.0,0.0,0.0,0.0,0.0,0.0,0.0,0.4745214,1.369475,3.634028,2.064011,0.09348686,-3.322334,0.1724643,-0.3201111,0.09786554,0.9263949,22.46975,322.7499,4.400881,0.4512493,0.01891241,-0.8921973,0.0,0.0,0.0,0.9916604,-0.458438,-2.542185,-0.3076799,0.06777209,1.168067,0.7759025,0.07090881,0.6268551,-0.2917396,0.9213569,0.2568843,-0.5593419,-0.3821956,0.73557,moving,-43.73533,-30.5374,-14.75704,3.320619,-43.35410835903855,-25.797734985762755,44.56575750425949,40.812631103271315,38.60019319373072
4337,4337,05/15/2023 13:24:36.014315,4566,True,True,True,True,Eyes,1.839979,0.07780392,-3.379991,-0.6425359,-0.3897227,0.6597454,0.0,0.0,0.0,0.0,0.0,0.0,0.0,0.4974467,1.375773,3.628865,2.07151,0.09453838,-3.317948,0.1739987,-0.3243093,0.09597604,0.9248441,22.58758,322.1545,4.016249,0.453707,0.01902827,-0.8909475,0.0,0.0,0.0,0.9923982,-0.4558713,-2.542114,-0.3141829,0.06482211,1.168409,0.7712241,0.06466693,0.6332706,-0.2903845,0.9210261,0.2595915,-0.5664717,-0.3840952,0.7290958,moving,-44.24289,-30.57106,-15.05071,3.175455,-43.84658497384366,-25.846127570166917,44.62074234924409,40.88342782089403,38.55940648927493
4338,4338,05/15/2023 13:24:36.034713,4567,True,True,True,True,Eyes,1.849832,0.07841187,-3.376729,-0.6489809,-0.3874211,0.6547738,0.0,0.0,0.0,0.0,0.0,0.0,0.0,0.5128254,1.372542,3.628255,2.078856,0.09507062,-3.313671,0.1741032,-0.3276078,0.09403275,0.923861,22.53862,321.6886,3.704218,0.4561543,0.01914743,-0.8896943,0.0,0.0,0.0,0.9930055,-0.4537586,-2.542056,-0.320565,0.06334543,1.16863,0.767662,0.05967126,0.6380708,-0.2878215,0.9216918,0.2600826,-0.5725852,-0.3833061,0.7247225,moving,-44.74542,-30.61225,-15.33941,3.102674,-44.33439550155522,-25.90162781210041,44.737115736778065,41.01168989255147,38.57362919224356
4339,4339,05/15/2023 13:24:36.054624,4568,True,True,True,True,Eyes,1.859542,0.07901647,-3.37343,-0.6552389,-0.3850807,0.6499037,0.0,0.0,0.0,0.0,0.0,0.0,0.0,0.5300344,1.372371,3.626111,2.085826,0.09559584,-3.309564,0.1742005,-0.3307028,0.09406617,0.9227359,22.56294,321.2885,3.624545,0.4585894,0.01926948,-0.888439,0.0,0.0,0.0,0.9936714,-0.4514424,-2.541993,-0.3250761,0.06047577,1.169436,0.7635745,0.05837925,0.6430753,-0.2888136,0.9216115,0.2592663,-0.5775298,-0.383698,0.7205797,moving,-45.23422,-30.64758,-15.5347,2.960335,-44.80874908136972,-25.951043456126417,44.850344913697434,41.144109588759044,38.602505933479215
4340,4340,05/15/2023 13:24:36.074716,4569,True,True,True,True,Eyes,1.869125,0.07962959,-3.370071,-0.661437,-0.3827739,0.6449691,0.0,0.0,0.0,0.0,0.0,0.0,0.0,0.5550134,1.359462,3.627087,2.092455,0.09609735,-3.305198,0.1725386,-0.334723,0.09450042,0.9215536,22.41237,320.7974,3.6386,0.4610106,0.01939407,-0.8871823,0.0,0.0,0.0,0.994378,-0.4489841,-2.541925,-0.3295828,0.05960628,1.169899,0.7580605,0.05866913,0.6495401,-0.2896796,0.9226003,0.2547441,-0.5843202,-0.3812699,0.716382,moving,-45.72221,-30.68813,-15.73353,2.916693,-45.28246054285604,-26.005470260939845,45.04003837702327,41.347682207337684,38.697976663068225
4341,4341,05/15/2023 13:24:36.086647,4570,True,True,True,True,Eyes,1.878567,0.0802395,-3.366651,-0.6674266,-0.3804105,0.6401794,0.0,0.0,0.0,0.0,0.0,0.0,0.0,0.5796547,1.349307,3.626526,2.099106,0.09689711,-3.300407,0.1712577,-0.3386781,0.0951772,0.9202768,22.31373,320.3145,3.667494,0.4634168,0.01952119,-0.885925,0.0,0.0,0.0,0.9950355,-0.4466969,-2.541862,-0.3332476,0.06097043,1.17085,0.752477,0.05917629,0.6559547,-0.2911812,0.9232242,0.2507401,-0.5907553,-0.3796778,0.7119359,moving,-46.19373,-30.71983,-15.88743,2.980908,-45.73997990213285,-26.05084162420043,45.3234107436173,41.641532415385406,38.88533484063736
4342,4342,05/15/2023 13:24:36.104643,4571,True,True,True,True,Eyes,1.887862,0.08084539,-3.363162,-0.6733643,-0.3779824,0.6353816,0.0,0.0,0.0,0.0,0.0,0.0,0.0,0.6018256,1.33186,3.628465,2.10545,0.09738609,-3.29536,0.1689266,-0.3423395,0.09593486,0.9192736,22.10247,319.8833,3.75765,0.4658068,0.01965055,-0.8846679,0.0,0.0,0.0,0.9956968,-0.4443967,-2.5418,-0.3359125,0.06119311,1.171795,0.7472004,0.06072026,0.6618192,-0.2920413,0.9245206,0.244895,-0.5969953,-0.3762642,0.708535,moving,-46.66238,-30.74801,-15.99574,2.989366,-46.19462375273381,-26.092726692586524,45.59225096718713,41.92541824825752,39.069230702870136
4343,4343,05/15/2023 13:24:36.114524,4572,True,True,True,True,Eyes,1.896986,0.08142906,-3.359622,-0.679086,-0.3754747,0.6307622,0.0,0.0,0.0,0.0,0.0,0.0,0.0,0.6219639,1.312009,3.631081,2.111323,0.09785329,-3.290241,0.1664028,-0.3458325,0.09608453,0.9184106,21.84584,319.4639,3.7926,0.4681793,0.01978184,-0.8834116,0.0,0.0,0.0,0.996416,-0.4418947,-2.541731,-0.3375236,0.05816588,1.173119,0.7423353,0.06139507,0.6672099,-0.2915851,0.9261557,0.239194,-0.6032549,-0.3721106,0.70542,moving,-47.11283,-30.76413,-16.05131,2.83853,-46.63131250644106,-26.122404877338877,45.759772549543996,42.11736342962846,39.17982780635637
4344,4344,05/15/2023 13:24:36.134225,4573,True,True,True,True,Eyes,1.905955,0.08196009,-3.356002,-0.6848508,-0.3728887,0.6260459,0.0,0.0,0.0,0.0,0.0,0.0,0.0,0.6475997,1.288795,3.633514,2.11687,0.0978684,-3.285131,0.1633326,-0.3499076,0.09666323,0.9173568,21.55011,318.9832,3.886781,0.4705336,0.01991439,-0.882157,0.0,0.0,0.0,0.9970419,-0.4397173,-2.541671,-0.3384528,0.06622347,1.175284,0.7364418,0.06304672,0.6735567,-0.2916519,0.9279574,0.2320221,-0.6104037,-0.3673149,0.7017743,moving,-47.56848,-30.77909,-16.06509,3.225022,-47.07300569325184,-26.151126881941508,46.35453822874999,42.71356878995019,39.6642853458454
4345,4345,05/15/2023 13:24:36.154370,4574,True,True,True,True,Eyes,1.914783,0.08244338,-3.352295,-0.690489,-0.3704043,0.6213095,0.0,0.0,0.0,0.0,0.0,0.0,0.0,0.6805832,1.263862,3.634357,2.122241,0.09707995,-3.279598,0.1600103,-0.3548982,0.09729158,0.9159577,21.23429,318.3871,3.977488,0.4728682,0.02004673,-0.8809047,0.0,0.0,0.0,0.9977193,-0.4373608,-2.541607,-0.3378795,0.06601655,1.177308,0.7291633,0.06465518,0.6812786,-0.2918047,0.9298621,0.2240681,-0.619008,-0.3621826,0.696888,moving,-48.01878,-30.80201,-16.01312,3.209451,-47.50973460704362,-26.187361398922764,46.70269533324731,43.08374764249383,39.95031861756786
4346,4346,05/15/2023 13:24:36.170783,4575,True,True,True,True,Eyes,1.923463,0.08289571,-3.34847,-0.696124,-0.3680089,0.6164259,0.0,0.0,0.0,0.0,0.0,0.0,0.0,0.7146194,1.254495,3.629076,2.127859,0.09642477,-3.273766,0.1587918,-0.3599402,0.09819055,0.9141045,21.16101,317.7639,4.009172,0.4751828,0.02017771,-0.8796553,0.0,0.0,0.0,0.9984021,-0.434986,-2.541541,-0.3378746,0.05736923,1.179585,0.7216033,0.06520171,0.6892297,-0.293824,0.9302875,0.2196192,-0.6268623,-0.3609901,0.6904563,moving,-48.47474,-30.83738,-15.98357,2.784391,-47.95228458714112,-26.23578587996217,46.75574417272536,43.176027822142004,39.98275017032594
4347,4347,05/15/2023 13:24:36.184306,4576,True,True,True,True,Eyes,1.931995,0.08331062,-3.344551,-0.7015287,-0.3656595,0.6116787,0.0,0.0,0.0,0.0,0.0,0.0,0.0,0.7474214,1.246587,3.622279,2.13313,0.09612258,-3.267115,0.157798,-0.3648145,0.09937628,0.9122142,21.1247,317.1637,4.06787,0.4774778,0.02030673,-0.8784088,0.0,0.0,0.0,0.9990657,-0.4326772,-2.541478,-0.3356274,0.0540081,1.1824,0.7140695,0.06617092,0.6969405,-0.2964388,0.9304483,0.2153832,-0.634215,-0.3603989,0.6840204,moving,-48.91409,-30.87085,-15.84673,2.615262,-48.37869640024916,-26.2818562939754,47.06134288613261,43.51289789893278,40.2536518280987
4348,4348,05/15/2023 13:24:36.204494,4577,True,True,True,True,Eyes,1.94039,0.08369218,-3.340518,-0.7068815,-0.3633632,0.6068655,0.0,0.0,0.0,0.0,0.0,0.0,0.0,0.7728766,1.236968,3.617573,2.13843,0.09566374,-3.26071,0.1567382,-0.3690003,0.09927699,0.9107228,21.02386,316.6301,4.002577,0.4797526,0.02043311,-0.8771654,0.0,0.0,0.0,0.9997485,-0.430302,-2.541413,-0.3345284,0.05140185,1.184333,0.7079659,0.06515472,0.7032349,-0.2965004,0.9311544,0.2122236,-0.6409929,-0.3587566,0.6785439,moving,-49.35355,-30.91124,-15.77294,2.485165,-48.80540344903137,-26.33460697596936,47.360080604831374,43.8374599886725,40.50724132443986
4349,4349,05/15/2023 13:24:36.214527,4578,True,True,True,True,Eyes,1.94866,0.08403286,-3.336341,-0.7120222,-0.3610609,0.6022121,0.0,0.0,0.0,0.0,0.0,0.0,0.0,0.7933704,1.23134,3.611995,2.143619,0.0952439,-3.253916,0.1561732,-0.372563,0.09929925,0.9093661,20.97911,316.1732,3.944494,0.4820078,0.02055631,-0.8759253,0.0,0.0,0.0,1.000467,-0.427804,-2.541345,-0.3332974,0.05390117,1.186713,0.702673,0.06423006,0.708608,-0.2969674,0.9314992,0.2100467,-0.6465764,-0.3580276,0.6736135,moving,-49.77622,-30.94512,-15.68781,2.60062,-49.215672294031584,-26.38054995041864,47.82610551232141,44.31733026370827,40.90503485587862
4350,4350,05/15/2023 13:24:36.234550,4579,True,True,True,True,Eyes,1.956784,0.08431233,-3.332042,-0.7171466,-0.3586798,0.5975363,0.0,0.0,0.0,0.0,0.0,0.0,0.0,0.8120079,1.211047,3.611242,2.148389,0.09457277,-3.246927,0.1535989,-0.3759672,0.09924502,0.9084088,20.71299,315.7596,3.973359,0.484244,0.02067569,-0.8746883,0.0,0.0,0.0,1.001092,-0.4256271,-2.541285,-0.3327682,0.05614939,1.189061,0.6975983,0.06481383,0.7135516,-0.2958064,0.9331156,0.2044354,-0.6525759,-0.3536869,0.6701122,moving,-50.19848,-30.9749,-15.6347,2.703592,-49.62543226052928,-26.42252414996657,48.258633541393024,44.76271351904763,41.26971513743712
4351,4351,05/15/2023 13:24:36.254181,4580,True,True,True,True,Eyes,1.964754,0.08452341,-3.327628,-0.7220663,-0.3563341,0.5929976,0.0,0.0,0.0,0.0,0.0,0.0,0.0,0.83164,1.190241,3.609948,2.153063,0.09333713,-3.239696,0.1508936,-0.3794998,0.09924299,0.907393,20.43625,315.3313,4.012904,0.4864615,0.02079013,-0.8734542,0.0,0.0,0.0,1.001741,-0.4233692,-2.541223,-0.3333645,0.0548501,1.19117,0.6922616,0.06557661,0.718661,-0.2946329,0.934764,0.1985142,-0.6587605,-0.3491649,0.6664221,moving,-50.60542,-31.00179,-15.63497,2.63645,-50.02027639506574,-26.461229523144024,48.52281487609823,45.04469169074358,41.48571845001034
4352,4352,05/15/2023 13:24:36.271004,4581,True,True,True,True,Eyes,1.972579,0.08466484,-3.323073,-0.7269136,-0.3540377,0.5884334,0.0,0.0,0.0,0.0,0.0,0.0,0.0,0.8508114,1.179082,3.605245,2.157642,0.09191835,-3.232342,0.1494558,-0.382912,0.09935722,0.9061841,20.30143,314.9052,4.011744,0.4886601,0.02089845,-0.8722236,0.0,0.0,0.0,1.002446,-0.4209188,-2.541156,-0.3344197,0.05444187,1.193563,0.687013,0.065615,0.7236766,-0.2945287,0.9355822,0.1947788,-0.6642785,-0.3469591,0.6620827,moving,-51.00998,-31.0337,-15.65213,2.611616,-50.41295245302813,-26.504703855293123,48.807631015675774,45.343961665547944,41.71519399030135
4353,4353,05/15/2023 13:24:36.284485,4582,True,True,True,True,Eyes,1.980243,0.08474928,-3.318396,-0.7314987,-0.3518278,0.5840606,0.0,0.0,0.0,0.0,0.0,0.0,0.0,0.8671825,1.169993,3.599792,2.162029,0.09036449,-3.224416,0.1481159,-0.3858692,0.1003239,0.9050424,20.21391,314.5508,4.111884,0.4908402,0.02099955,-0.8709962,0.0,0.0,0.0,1.00309,-0.4186785,-2.541094,-0.3359216,0.05434808,1.195653,0.6820801,0.06728801,0.7281751,-0.2959014,0.9359936,0.1906785,-0.6687369,-0.345526,0.6583332,moving,-51.3946,-31.06402,-15.69284,2.602573,-50.786273778623496,-26.546018808313278,49.07193853237559,45.62005588315626,41.92348687276527
4354,4354,05/15/2023 13:24:36.304584,4583,True,True,True,True,Eyes,1.987773,0.08476444,-3.313569,-0.7360026,-0.3496675,0.5796834,0.0,0.0,0.0,0.0,0.0,0.0,0.0,0.8835237,1.156497,3.595573,2.166288,0.08907287,-3.216443,0.1460794,-0.3887286,0.1020075,0.9039609,20.08456,314.2284,4.326439,0.4930017,0.02109277,-0.8697723,0.0,0.0,0.0,1.003772,-0.4163064,-2.541029,-0.3381481,0.05189592,1.19746,0.6769691,0.0708512,0.7325933,-0.2979921,0.9365106,0.1847937,-0.6729885,-0.3434066,0.6551018,moving,-51.77566,-31.09856,-15.76904,2.481551,-51.15626241273345,-26.59129383272228,49.23515551510649,45.79831674587846,42.042023110546324
4355,4355,05/15/2023 13:24:36.314549,4584,True,True,True,True,Eyes,1.995164,0.0847248,-3.308586,-0.740317,-0.347545,0.5754505,0.0,0.0,0.0,0.0,0.0,0.0,0.0,0.898016,1.144561,3.590882,2.170655,0.08738625,-3.208039,0.1441703,-0.3913824,0.1038316,0.902914,19.97576,313.9326,4.555753,0.4951451,0.0211772,-0.8685519,0.0,0.0,0.0,1.004506,-0.4137529,-2.540959,-0.3410392,0.05551764,1.19961,0.6720777,0.07465049,0.7367082,-0.3003534,0.9368678,0.1790712,-0.6768304,-0.3416225,0.6520695,moving,-52.14198,-31.13,-15.87001,2.649743,-51.51189120332672,-26.6331155974832,49.565379498465944,46.12840234987822,42.28927312634486
4356,4356,05/15/2023 13:24:36.334358,4585,True,True,True,True,Eyes,2.002414,0.08462762,-3.303454,-0.7445623,-0.3454423,0.5712237,0.0,0.0,0.0,0.0,0.0,0.0,0.0,0.9100881,1.132815,3.586259,2.174744,0.08600496,-3.199355,0.1423508,-0.393775,0.1054848,0.9019704,19.86876,313.6662,4.768406,0.4972719,0.02125243,-0.8673342,0.0,0.0,0.0,1.005124,-0.4116033,-2.5409,-0.3446203,0.06116232,1.201779,0.6676285,0.07818001,0.7403783,-0.3023967,0.9372184,0.1737178,-0.6803149,-0.3398669,0.6493551,moving,-52.5048,-31.16307,-16.00069,2.913448,-51.86417478340909,-26.676400332307207,49.93755226176413,46.494608990062055,42.5615627172002
4357,4357,05/15/2023 13:24:36.354233,4586,True,True,True,True,Eyes,2.009534,0.08446918,-3.298161,-0.7486579,-0.3434384,0.5670639,0.0,0.0,0.0,0.0,0.0,0.0,0.0,0.9227707,1.118721,3.582032,2.178686,0.08448449,-3.190641,0.1402359,-0.3962787,0.1069744,0.9010292,19.72443,313.3849,4.974776,0.4993819,0.02131798,-0.8661194,0.0,0.0,0.0,1.005798,-0.409258,-2.540836,-0.348256,0.06060916,1.204345,0.6630393,0.08162919,0.7441207,-0.3039192,0.9377807,0.1679299,-0.684114,-0.3374966,0.6465942,moving,-52.85823,-31.2009,-16.12808,2.881003,-52.20749419323673,-26.72398335180273,50.10668649116512,46.670968978772635,42.671635422188054
4358,4358,05/15/2023 13:24:36.371085,4587,True,True,True,True,Eyes,2.016525,0.08424145,-3.292722,-0.7527152,-0.3415678,0.5628065,0.0,0.0,0.0,0.0,0.0,0.0,0.0,0.9392021,1.112992,3.573905,2.182482,0.08284189,-3.181754,0.1393257,-0.3992248,0.1083145,0.8997089,19.70569,313.0298,5.098176,0.501476,0.02137333,-0.8649071,0.0,0.0,0.0,1.006476,-0.4068983,-2.540771,-0.3518959,0.06075689,1.207059,0.6577752,0.08365854,0.748554,-0.3061475,0.9377126,0.1642214,-0.68819,-0.3371887,0.6424159,moving,-53.21447,-31.2536,-16.25307,2.881531,-52.55394050978772,-26.786001925316235,50.312545735106276,46.88193372337684,42.80904563344673
4359,4359,05/15/2023 13:24:36.384658,4588,True,True,True,True,Eyes,2.023417,0.08397221,-3.287107,-0.7566975,-0.3398811,0.5584708,0.0,0.0,0.0,0.0,0.0,0.0,0.0,0.9584572,1.114613,3.56272,2.186479,0.08096156,-3.172811,0.1394983,-0.402568,0.1092225,0.8980812,19.78555,312.6034,5.113432,0.5035555,0.02141782,-0.8636971,0.0,0.0,0.0,1.007149,-0.4045576,-2.540707,-0.3555099,0.06014311,1.209852,0.6520189,0.08386625,0.7535502,-0.3084964,0.9372213,0.1626226,-0.6926047,-0.3385006,0.6369585,moving,-53.5713,-31.32438,-16.37521,2.845896,-52.901451254925576,-26.86548363556834,50.5089781445267,47.084311400528016,42.93665783457803
4360,4360,05/15/2023 13:24:36.404533,4589,True,True,True,True,Eyes,2.030161,0.08365081,-3.281338,-0.7606432,-0.3381702,0.5541325,0.0,0.0,0.0,0.0,0.0,0.0,0.0,0.9763129,1.119292,3.550665,2.190356,0.07966655,-3.163734,0.1400182,-0.4056045,0.1109019,0.8964267,19.93761,312.2246,5.20283,0.5056213,0.02145154,-0.8624884,0.0,0.0,0.0,1.007926,-0.4018542,-2.540633,-0.3584864,0.06380394,1.212798,0.6463716,0.08524672,0.7582458,-0.3124148,0.9361913,0.1610676,-0.6961327,-0.3409967,0.6317599,moving,-53.92647,-31.39445,-16.46696,3.011491,-53.247334971805344,-26.94422824421147,50.86239932932363,47.43565218803918,43.19492334786213
4361,4361,05/15/2023 13:24:36.414200,4590,True,True,True,True,Eyes,2.036792,0.08326277,-3.275427,-0.764563,-0.3364159,0.5497889,0.0,0.0,0.0,0.0,0.0,0.0,0.0,0.9896044,1.103304,3.545542,2.193669,0.07807511,-3.154233,0.1378084,-0.4083431,0.1117435,0.8954207,19.75826,311.9012,5.338895,0.5076737,0.02147433,-0.8612814,0.0,0.0,0.0,1.008541,-0.3997174,-2.540575,-0.3629154,0.07161182,1.216068,0.6415387,0.0875686,0.762076,-0.312661,0.9370444,0.1555336,-0.7004792,-0.3380523,0.6285296,moving,-54.2805,-31.46247,-16.61687,3.370143,-53.59205872612061,-27.020959146795853,51.30165643704567,47.86213191061611,43.503374751545905
4362,4362,05/15/2023 13:24:36.434534,4591,True,True,True,True,Eyes,2.043277,0.08283878,-3.269367,-0.7684538,-0.33478,0.5453449,0.0,0.0,0.0,0.0,0.0,0.0,0.0,1.006749,1.088936,3.53943,2.197412,0.07603249,-3.145233,0.1356038,-0.4113849,0.1135317,0.8941392,19.62774,311.5512,5.572052,0.5097137,0.02148565,-0.8600754,0.0,0.0,0.0,1.009162,-0.3975568,-2.540515,-0.3683704,0.07449278,1.219263,0.6357461,0.09145559,0.7664612,-0.314597,0.9374443,0.1490868,-0.7048799,-0.3359077,0.6247482,moving,-54.638,-31.54521,-16.81091,3.49623,-53.940544489692,-27.112001570156515,51.56346822258662,48.119368212710896,43.65821420748741
4363,4363,05/15/2023 13:24:36.454438,4592,True,True,True,True,Eyes,2.049639,0.08238158,-3.263118,-0.7724006,-0.3329949,0.5408434,0.0,0.0,0.0,0.0,0.0,0.0,0.0,1.031404,1.0784,3.528863,2.200494,0.07470229,-3.13558,0.1339242,-0.4151351,0.1166177,0.8922598,19.62207,311.1205,5.905514,0.5117413,0.02148579,-0.8588706,0.0,0.0,0.0,1.009838,-0.3952023,-2.540451,-0.3734815,0.07096802,1.222889,0.6281264,0.09691334,0.7720525,-0.3192998,0.9369293,0.1421661,-0.7095808,-0.3358144,0.6194544,moving,-54.99987,-31.62043,-16.98316,3.321326,-54.2930574201229,-27.19592528908177,51.63522587911896,48.20094471834609,43.6746004318577
4364,4364,05/15/2023 13:24:36.474454,4593,True,True,True,True,Eyes,2.055869,0.08189569,-3.256701,-0.7763808,-0.3311926,0.5362316,0.0,0.0,0.0,0.0,0.0,0.0,0.0,1.059843,1.051024,3.521484,2.203662,0.07333592,-3.125262,0.1301138,-0.4196452,0.1191387,0.8903789,19.37156,310.6004,6.265287,0.5137576,0.02147513,-0.8576663,0.0,0.0,0.0,1.010537,-0.3927719,-2.540384,-0.3773818,0.06823058,1.226803,0.6194079,0.1029539,0.7782894,-0.3213602,0.9377528,0.1317092,-0.7162831,-0.3316929,0.6139367,moving,-55.36789,-31.70071,-17.09863,3.183315,-54.6516644490959,-27.28492403481125,51.782540118733316,48.35849445772045,43.76570178075513
4365,4365,05/15/2023 13:24:36.484775,4594,True,True,True,True,Eyes,2.061958,0.08137953,-3.250143,-0.7802822,-0.3292741,0.5317314,0.0,0.0,0.0,0.0,0.0,0.0,0.0,1.084437,1.031367,3.51252,2.206866,0.07211176,-3.114812,0.1275782,-0.4238801,0.1202992,0.8885819,19.19063,310.0817,6.42204,0.5157635,0.02145409,-0.8564621,0.0,0.0,0.0,1.011156,-0.3906201,-2.540325,-0.3795834,0.06720389,1.231488,0.6117075,0.1056357,0.7839995,-0.3219472,0.9385037,0.1247425,-0.7226092,-0.3287123,0.6080989,moving,-55.72712,-31.76782,-17.13095,3.123608,-55.00139945383837,-27.360939971795524,52.029569348093624,48.61562101712195,43.959721527682596
4366,4366,05/15/2023 13:24:36.504577,4595,True,True,True,True,Eyes,2.067907,0.08086894,-3.243447,-0.7840579,-0.3275886,0.5271991,0.0,0.0,0.0,0.0,0.0,0.0,0.0,1.098647,1.027235,3.502026,2.210057,0.07090899,-3.104359,0.1273202,-0.426996,0.119794,0.8871941,19.16069,309.6643,6.310703,0.5177584,0.02142302,-0.8552582,0.0,0.0,0.0,1.01184,-0.3882394,-2.54026,-0.3811683,0.06865127,1.236219,0.6066476,0.1038306,0.7881611,-0.3212915,0.9388779,0.1236124,-0.7271522,-0.3282186,0.602928,moving,-56.08319,-31.8558,-17.1363,3.178556,-55.34864319050576,-27.45699341189154,52.3857455898724,48.97672977932928,44.24015544793596
4367,4367,05/15/2023 13:24:36.514244,4596,True,True,True,True,Eyes,2.073718,0.0803723,-3.236643,-0.787724,-0.3258891,0.5227687,0.0,0.0,0.0,0.0,0.0,0.0,0.0,1.108557,1.038752,3.488303,2.212713,0.07057084,-3.094363,0.1289712,-0.4291118,0.1210221,0.885767,19.41092,309.3848,6.312938,0.5197432,0.02138312,-0.8540545,0.0,0.0,0.0,1.012529,-0.3858418,-2.540194,-0.3826762,0.07701246,1.240813,0.6024334,0.1037086,0.7914029,-0.3250808,0.9374402,0.1246128,-0.7289695,-0.3323408,0.5984589,moving,-56.42998,-31.93903,-17.14016,3.551571,-55.68676995807985,-27.548172784440588,52.94594144005375,49.52812537052247,44.6736268050646
4368,4368,05/15/2023 13:24:36.544512,4597,True,True,True,True,Eyes,2.079396,0.0799338,-3.22973,-0.7913061,-0.3245477,0.5181732,0.0,0.0,0.0,0.0,0.0,0.0,0.0,1.127182,1.039344,3.475386,2.215311,0.07040904,-3.084886,0.1293294,-0.4324057,0.1218454,0.8839983,19.5134,308.955,6.308873,0.5217168,0.02133573,-0.8528515,0.0,0.0,0.0,1.013173,-0.3836024,-2.540133,-0.3813447,0.08148673,1.24593,0.5963582,0.1035767,0.7960081,-0.3272678,0.9368553,0.1232807,-0.7329754,-0.3340272,0.5925986,moving,-56.78191,-32.06017,-17.0179,3.741949,-56.03090846165548,-27.676091105242264,53.506711879634885,50.09099792661165,45.13803418325744
4369,4369,05/15/2023 13:24:36.554478,4598,True,True,True,True,Eyes,2.084884,0.07961763,-3.222739,-0.7948445,-0.3232917,0.5135219,0.0,0.0,0.0,0.0,0.0,0.0,0.0,1.148298,1.051175,3.458049,2.217843,0.07093219,-3.075354,0.1312325,-0.4357994,0.1235094,0.8818176,19.82187,308.5064,6.312913,0.5236796,0.02128315,-0.851649,0.0,0.0,0.0,1.01385,-0.3812476,-2.540068,-0.3759501,0.07640773,1.25348,0.5896485,0.1034435,0.8010081,-0.3322076,0.9350469,0.1237956,-0.7361743,-0.3390969,0.5857138,moving,-57.13488,-32.19279,-16.69531,3.488234,-56.37636722983193,-27.81511860923332,53.930457957201476,50.5419250469864,45.56087603997481
4370,4370,05/15/2023 13:24:36.571324,4599,True,True,True,True,Eyes,2.090248,0.07938872,-3.21564,-0.7984095,-0.3220976,0.5087194,0.0,0.0,0.0,0.0,0.0,0.0,0.0,1.184574,1.060331,3.435402,2.21973,0.07415262,-3.06542,0.1330037,-0.4407111,0.1275582,0.8785288,20.25065,307.8886,6.542345,0.5256299,0.02122917,-0.8504481,0.0,0.0,0.0,1.014549,-0.3788168,-2.540001,-0.3731631,0.1032806,1.260096,0.5790054,0.1068947,0.8082861,-0.3413595,0.9320778,0.1212625,-0.7404233,-0.3461277,0.5761675,moving,-57.4961,-32.3401,-16.49606,4.685633,-56.730216495535736,-27.968578573759068,55.24407827259759,51.8178046853693,46.60246282756946
4371,4371,05/15/2023 13:24:36.584468,4600,True,True,True,True,Eyes,2.095494,0.07922257,-3.208494,-0.8019096,-0.3209765,0.5038999,0.0,0.0,0.0,0.0,0.0,0.0,0.0,1.209966,1.051515,3.422181,2.222256,0.07599282,-3.055622,0.1325098,-0.4450273,0.1281342,0.8763412,20.2608,307.3223,6.526962,0.527568,0.02117625,-0.8492485,0.0,0.0,0.0,1.015214,-0.3765014,-2.539938,-0.3704305,0.1139579,1.265041,0.5710647,0.1066375,0.8139495,-0.3425194,0.9320456,0.1182011,-0.7460334,-0.3462939,0.5687837,moving,-57.85577,-32.49651,-16.32113,5.147446,-57.08281277691747,-28.130770144849883,56.05527400039657,52.62085568089327,47.26049391399759
4372,4372,05/15/2023 13:24:36.604291,4601,True,True,True,True,Eyes,2.100604,0.07912469,-3.201303,-0.8053526,-0.3200501,0.4989741,0.0,0.0,0.0,0.0,0.0,0.0,0.0,1.229666,1.069618,3.40356,2.225053,0.07739852,-3.046889,0.1355108,-0.448284,0.129076,0.8740811,20.64766,306.862,6.390282,0.5294933,0.02112598,-0.8480507,0.0,0.0,0.0,1.015888,-0.374158,-2.539874,-0.3718167,0.07939556,1.271323,0.5647618,0.1041512,0.8186553,-0.3471404,0.9299524,0.1211694,-0.7486905,-0.3526202,0.5613567,moving,-58.21879,-32.67677,-16.30232,3.573546,-57.43930381932059,-28.31607862925209,55.41728852407663,52.049972110901706,46.79845925539504
4373,4373,05/15/2023 13:24:36.614238,4602,True,True,True,True,Eyes,2.105588,0.07904761,-3.194101,-0.8089172,-0.3187185,0.4940359,0.0,0.0,0.0,0.0,0.0,0.0,0.0,1.249618,1.077034,3.387785,2.226981,0.07898158,-3.038578,0.1370732,-0.4515387,0.1301156,0.8720056,20.88918,306.4178,6.337861,0.5314054,0.02107991,-0.8468549,0.0,0.0,0.0,1.016595,-0.3716989,-2.539806,-0.3741196,0.09594306,1.277123,0.5583655,0.1031353,0.8231593,-0.3507107,0.9285618,0.1215527,-0.7518179,-0.3565615,0.5546475,moving,-58.58604,-32.82737,-16.32739,4.296241,-57.79908270001898,-28.472902058754947,56.24905326760461,52.85563387388287,47.40710643041521
4374,4374,05/15/2023 13:24:36.634110,4603,True,True,True,True,Eyes,2.110469,0.07897591,-3.186879,-0.8125675,-0.3174426,0.4888397,0.0,0.0,0.0,0.0,0.0,0.0,0.0,1.279676,1.054697,3.378094,2.229259,0.07933094,-3.030774,0.134651,-0.4564587,0.1300105,0.8698344,20.66706,305.7785,6.335575,0.5333034,0.0210382,-0.845662,0.0,0.0,0.0,1.017249,-0.3694235,-2.539744,-0.3780449,0.1115949,1.279393,0.5494854,0.10325,0.829099,-0.3491005,0.9299328,0.1155593,-0.7590748,-0.352937,0.5470291,moving,-58.96893,-32.99888,-16.46176,4.984998,-58.17457871709219,-28.650391093538943,57.00556542415647,53.58450004244469,47.91990115403921
4375,4375,05/15/2023 13:24:36.654318,4604,True,True,True,True,Eyes,2.115234,0.07894219,-3.179618,-0.8163053,-0.3159934,0.4835223,0.0,0.0,0.0,0.0,0.0,0.0,0.0,1.320046,1.038589,3.362219,2.231792,0.07937054,-3.022996,0.1329433,-0.4623386,0.1317207,0.8667288,20.62504,305.0243,6.466429,0.5351873,0.02100057,-0.8444719,0.0,0.0,0.0,1.017919,-0.3670942,-2.53968,-0.3831344,0.0979569,1.28352,0.5377854,0.1054027,0.8364671,-0.3512619,0.9299515,0.1086524,-0.7664216,-0.3522507,0.5371382,moving,-59.36047,-33.16558,-16.62052,4.364295,-58.55832087009783,-28.82351039670944,56.87877322444749,53.48092715043219,47.785592196541465
4376,4376,05/15/2023 13:24:36.671173,4605,True,True,True,True,Eyes,2.11991,0.07898539,-3.172284,-0.820073,-0.3146261,0.4780069,0.0,0.0,0.0,0.0,0.0,0.0,0.0,1.359885,1.022175,3.345085,2.234342,0.08021396,-3.014134,0.1312459,-0.4681748,0.1341087,0.8634825,20.62375,304.2824,6.670117,0.5370567,0.02096767,-0.8432851,0.0,0.0,0.0,1.018597,-0.364734,-2.539615,-0.3850285,0.1055216,1.288434,0.5256545,0.1087089,0.8437237,-0.354493,0.9295788,0.1010844,-0.7733189,-0.3522296,0.5271738,moving,-59.7628,-33.35307,-16.63796,4.682024,-58.95307978762364,-29.01702744169689,57.50147998629632,54.094319763826135,48.236005083078844
4377,4377,05/15/2023 13:24:36.684513,4606,True,True,True,True,Eyes,2.124513,0.07909725,-3.16488,-0.8238021,-0.3130803,0.4725789,0.0,0.0,0.0,0.0,0.0,0.0,0.0,1.393805,1.00341,3.330332,2.236964,0.08208063,-3.004977,0.1292753,-0.4733358,0.1365665,0.8605759,20.59659,303.6341,6.913113,0.5389124,0.02094108,-0.842101,0.0,0.0,0.0,1.01927,-0.362394,-2.539551,-0.3863624,0.1148894,1.29152,0.5146058,0.1126704,0.849992,-0.357433,0.9292749,0.09321886,-0.7793733,-0.3517861,0.5184823,moving,-60.15901,-33.5242,-16.65473,5.083464,-59.34146551780061,-29.19456750294252,58.165059080648206,54.74614902331834,48.71656313872208
4378,4378,05/15/2023 13:24:36.704502,4607,True,True,True,True,Eyes,2.129055,0.07926504,-3.157431,-0.8275169,-0.3115547,0.4670646,0.0,0.0,0.0,0.0,0.0,0.0,0.0,1.415592,0.987568,3.319721,2.23986,0.08375016,-2.995955,0.1276636,-0.477199,0.1376421,0.8585091,20.52194,303.1381,7.021992,0.5407558,0.02092202,-0.840919,0.0,0.0,0.0,1.019937,-0.3600725,-2.539487,-0.3861578,0.1109104,1.296096,0.5066715,0.1144921,0.8545033,-0.3581759,0.9295133,0.08783544,-0.7842157,-0.3505661,0.5119662,moving,-60.55888,-33.70521,-16.59085,4.891036,-59.73366528393216,-29.38175512907634,58.505195216949886,55.09924429972506,48.99295643335959
4379,4379,05/15/2023 13:24:36.714398,4608,True,True,True,True,Eyes,2.133533,0.07950055,-3.149939,-0.8311674,-0.3099205,0.4616385,0.0,0.0,0.0,0.0,0.0,0.0,0.0,1.43467,0.9780765,3.30875,2.243001,0.08525865,-2.987375,0.1270289,-0.4808683,0.1373899,0.8565941,20.47247,302.6375,6.940495,0.5425872,0.02091126,-0.8397387,0.0,0.0,0.0,1.020641,-0.3576245,-2.53942,-0.3818896,0.1093175,1.301679,0.4997795,0.1132064,0.8587228,-0.3575431,0.9299754,0.08549156,-0.7889129,-0.3497573,0.5052588,moving,-60.95178,-33.87539,-16.35076,4.800547,-60.118819458902806,-29.558274784025272,59.03455842020307,55.643253528028545,49.46790188179724
4380,4380,05/15/2023 13:24:36.734196,4609,True,True,True,True,Eyes,2.137955,0.07976546,-3.142404,-0.8347924,-0.308188,0.4562256,0.0,0.0,0.0,0.0,0.0,0.0,0.0,1.447013,0.974386,3.298688,2.246179,0.0870892,-2.978543,0.1272309,-0.483804,0.1363686,0.8550729,20.45886,302.2165,6.748586,0.5444072,0.02090977,-0.83856,0.0,0.0,0.0,1.021286,-0.3553801,-2.539359,-0.3763607,0.101489,1.306821,0.4946747,0.1101006,0.8620759,-0.3563198,0.9304318,0.08563199,-0.7926746,-0.3495347,0.499492,moving,-61.34279,-34.03968,-16.06625,4.440735,-60.50198260161825,-29.729052159833643,59.41975608283683,56.05451530778633,49.86114715704795
4381,4381,05/15/2023 13:24:36.754138,4610,True,True,True,True,Eyes,2.142303,0.08011103,-3.134848,-0.8382462,-0.3064955,0.4510032,0.0,0.0,0.0,0.0,0.0,0.0,0.0,1.454971,0.9626253,3.293026,2.249304,0.0880454,-2.969931,0.1262515,-0.4864024,0.1342584,0.8540773,20.259,301.8424,6.51942,0.5462167,0.02091746,-0.8373823,0.0,0.0,0.0,1.021964,-0.3530219,-2.539294,-0.3703661,0.09337269,1.311906,0.4907748,0.106516,0.864751,-0.3521522,0.9320704,0.08504993,-0.7969497,-0.3462644,0.4949466,moving,-61.71833,-34.19948,-15.76499,4.071066,-60.87004101038109,-29.89501223263415,59.80254299186379,56.46379456921492,50.260987914172716
4382,4382,05/15/2023 13:24:36.771268,4611,True,True,True,True,Eyes,2.146579,0.08050003,-3.127277,-0.8417351,-0.3045939,0.445763,0.0,0.0,0.0,0.0,0.0,0.0,0.0,1.457026,0.9677509,3.284958,2.252159,0.0903278,-2.961425,0.127464,-0.4877954,0.1339541,0.85315,20.37581,301.63,6.382716,0.5480156,0.02093556,-0.8362057,0.0,0.0,0.0,1.022634,-0.3506925,-2.53923,-0.3624438,0.09635389,1.316928,0.4882239,0.1042132,0.8664738,-0.3529185,0.9316185,0.08680739,-0.7981765,-0.3481761,0.4916172,moving,-62.09536,-34.34515,-15.38793,4.184627,-61.239157130465486,-30.04738558072379,60.548556819090486,57.220326062478584,50.943447933297925
4383,4383,05/15/2023 13:24:36.784637,4612,True,True,True,True,Eyes,2.150809,0.08092853,-3.119705,-0.8451564,-0.3026448,0.440587,0.0,0.0,0.0,0.0,0.0,0.0,0.0,1.468957,0.9440702,3.281184,2.254757,0.09171438,-2.953461,0.1250208,-0.4909849,0.1312471,0.8521022,19.99521,301.1862,6.164177,0.5498044,0.02096424,-0.8350301,0.0,0.0,0.0,1.023314,-0.3483258,-2.539165,-0.3540668,0.09869416,1.321455,0.4834162,0.1009052,0.8695556,-0.3464384,0.934288,0.0841803,-0.8039212,-0.3419416,0.4866074,moving,-62.4666,-34.48567,-14.99935,4.271261,-61.60252534845873,-30.19460835321938,61.28000916368454,57.96336862909521,51.62087129754531
4384,4384,05/15/2023 13:24:36.804527,4613,True,True,True,True,Eyes,2.154959,0.08139837,-3.112116,-0.8486093,-0.300662,0.4352754,0.0,0.0,0.0,0.0,0.0,0.0,0.0,1.478458,0.9401072,3.273426,2.257974,0.09305049,-2.945818,0.125219,-0.4936761,0.1287304,0.8509012,19.88907,300.7792,5.825102,0.5515829,0.02100348,-0.8338554,0.0,0.0,0.0,1.023987,-0.3459851,-2.539101,-0.3471466,0.09970631,1.325817,0.4794249,0.09543846,0.8723781,-0.3427089,0.9354974,0.08599574,-0.8079001,-0.3402002,0.4812084,moving,-62.84544,-34.63437,-14.67271,4.300759,-61.97347703268482,-30.34996197745822,61.93994015091992,58.6347595385023,52.22673168656452
4385,4385,05/15/2023 13:24:36.814587,4614,True,True,True,True,Eyes,2.159036,0.08189811,-3.104492,-0.8521711,-0.2983849,0.42985,0.0,0.0,0.0,0.0,0.0,0.0,0.0,1.502381,0.9217235,3.262099,2.260265,0.09448764,-2.937735,0.1234144,-0.497948,0.1284222,0.8487194,19.71754,300.2075,5.796933,0.553351,0.0210534,-0.8326818,0.0,0.0,0.0,1.02467,-0.3436098,-2.539036,-0.3424205,0.1026392,1.329197,0.4711111,0.09508098,0.8769344,-0.3408968,0.9365532,0.08159316,-0.8135378,-0.3373835,0.4736335,moving,-63.23283,-34.76686,-14.44612,4.415558,-62.35226713547,-30.48994335094213,62.57319676147946,59.273880908254384,52.78204189842719
4386,4386,05/15/2023 13:24:36.834273,4615,True,True,True,True,Eyes,2.163059,0.08238841,-3.096842,-0.855831,-0.2960027,0.4241884,0.0,0.0,0.0,0.0,0.0,0.0,0.0,1.528477,0.8790929,3.255952,2.262547,0.09556007,-2.929508,0.1184638,-0.5030139,0.1261008,0.8467833,19.11633,299.543,5.732872,0.5551091,0.02111376,-0.8315093,0.0,0.0,0.0,1.025336,-0.34129,-2.538972,-0.3404724,0.102521,1.331931,0.4621514,0.0943822,0.8817641,-0.332738,0.9401298,0.07376545,-0.8220107,-0.3274872,0.4658868,moving,-63.63491,-34.90769,-14.33908,4.401475,-62.74551154916978,-30.638432273193587,63.049895387590645,59.757658229204935,53.1880436197067
4387,4387,05/15/2023 13:24:36.854259,4616,True,True,True,True,Eyes,2.167019,0.08287522,-3.089134,-0.859481,-0.2936912,0.4183751,0.0,0.0,0.0,0.0,0.0,0.0,0.0,1.562022,0.8527897,3.241477,2.265392,0.09578067,-2.921157,0.1156077,-0.508738,0.1251719,0.8438916,18.81298,298.7741,5.676959,0.5568578,0.02118333,-0.8303374,0.0,0.0,0.0,1.025999,-0.3389856,-2.538909,-0.3390383,0.105382,1.334148,0.4510355,0.09363494,0.8875808,-0.3288911,0.9419337,0.06776136,-0.8296975,-0.3224801,0.4556412,moving,-64.04427,-35.06812,-14.25839,4.516316,-63.14634093272627,-30.80606069363766,63.6047279753046,60.31336536529767,53.633049456486305
4388,4388,05/15/2023 13:24:36.871169,4617,True,True,True,True,Eyes,2.17092,0.08335125,-3.081375,-0.8631797,-0.291324,0.4123725,0.0,0.0,0.0,0.0,0.0,0.0,0.0,1.592788,0.8329383,3.225219,2.267888,0.09612176,-2.912084,0.1135714,-0.5140349,0.1248892,0.8409949,18.62789,298.0591,5.650563,0.5585977,0.02126118,-0.8291659,0.0,0.0,0.0,1.026731,-0.3364394,-2.538839,-0.335479,0.1048854,1.336643,0.4403415,0.09330305,0.8929693,-0.3268217,0.9430085,0.06263103,-0.8362339,-0.3194207,0.4457392,moving,-64.46449,-35.23961,-14.08942,4.486763,-63.55798954375422,-30.98470098060456,64.15475344228226,60.871702207450824,54.110190817255074
4389,4389,05/15/2023 13:24:36.884625,4618,True,True,True,True,Eyes,2.174789,0.08382172,-3.073539,-0.8667583,-0.289157,0.4063474,0.0,0.0,0.0,0.0,0.0,0.0,0.0,1.621483,0.8120903,3.209862,2.270472,0.09630717,-2.903033,0.11138,-0.5191495,0.1242002,0.8382437,18.40212,297.3653,5.598871,0.5603292,0.02134625,-0.8279945,0.0,0.0,0.0,1.02735,-0.3342859,-2.53878,-0.3323949,0.1049671,1.339086,0.4301162,0.09257433,0.8980144,-0.3238657,0.9443377,0.05777021,-0.8426808,-0.3156841,0.4361566,moving,-64.88223,-35.43567,-13.9405,4.482085,-63.9679063455073,-31.18697006864124,64.71852145740758,61.44121479225704,54.583206632772296
4390,4390,05/15/2023 13:24:36.904588,4619,True,True,True,True,Eyes,2.178595,0.08429106,-3.065649,-0.8703245,-0.2869813,0.4002212,0.0,0.0,0.0,0.0,0.0,0.0,0.0,1.645049,0.8026402,3.194077,2.27334,0.09660198,-2.893982,0.1106842,-0.5235381,0.123574,0.8356953,18.32386,296.7526,5.479364,0.562054,0.02143774,-0.8268222,0.0,0.0,0.0,1.02802,-0.331955,-2.538717,-0.3303649,0.1030177,1.340875,0.4212749,0.09064554,0.9023918,-0.3224351,0.944957,0.05560521,-0.8476811,-0.3143879,0.4273139,moving,-65.30453,-35.64267,-13.84087,4.393331,-64.38253771538602,-31.399937692376437,65.2026815143948,61.93236842828755,54.984209791183176
4391,4391,05/15/2023 13:24:36.914361,4620,True,True,True,True,Eyes,2.182349,0.08473063,-3.05771,-0.8737108,-0.2849354,0.3942606,0.0,0.0,0.0,0.0,0.0,0.0,0.0,1.665166,0.7890628,3.180339,2.275687,0.09702837,-2.88475,0.1093782,-0.527502,0.1230481,0.833449,18.18815,296.2074,5.418651,0.5637723,0.02153506,-0.8256491,0.0,0.0,0.0,1.028703,-0.3295784,-2.538651,-0.3284409,0.09958348,1.342335,0.4132017,0.08971425,0.9062096,-0.320503,0.9457912,0.05250599,-0.8523744,-0.3121385,0.4195561,moving,-65.7128,-35.85595,-13.74894,4.242817,-64.78375264436643,-31.61852468969232,65.63652840469162,62.37457758919453,55.34668657296097
4392,4392,05/15/2023 13:24:36.934258,4621,True,True,True,True,Eyes,2.186055,0.08515427,-3.049707,-0.8770677,-0.2829524,0.3881886,0.0,0.0,0.0,0.0,0.0,0.0,0.0,1.685243,0.7695643,3.168038,2.278332,0.09673035,-2.875515,0.1070407,-0.5314072,0.1233796,0.8312197,18.00369,295.6914,5.511733,0.5654846,0.0216369,-0.8244746,0.0,0.0,0.0,1.02937,-0.3272572,-2.538588,-0.324844,0.09588768,1.343874,0.4047678,0.09134667,0.9098455,-0.3188754,0.9466395,0.04681906,-0.8570191,-0.3090782,0.4122974,moving,-66.1259,-36.08847,-13.58899,4.081234,-65.19016996463452,-31.85582701208924,66.13419714335177,62.8820652326975,55.776785695022284
4393,4393,05/15/2023 13:24:36.954170,4622,True,True,True,True,Eyes,2.189725,0.0855654,-3.041607,-0.8802333,-0.281191,0.3822577,0.0,0.0,0.0,0.0,0.0,0.0,0.0,1.7066,0.7547758,3.153317,2.280983,0.09674998,-2.865891,0.1053361,-0.5353628,0.1246896,0.8286999,17.9443,295.1677,5.662838,0.5671916,0.02174245,-0.8232985,0.0,0.0,0.0,1.030046,-0.3249084,-2.538523,-0.3187943,0.09236778,1.34536,0.3956784,0.09387445,0.9135787,-0.3194464,0.9467136,0.04107562,-0.8610415,-0.3080922,0.404582,moving,-66.52621,-36.33842,-13.33084,3.927567,-65.5846758045642,-32.10954575941077,66.71654291494029,63.47548229296759,56.296593418755585
4394,4394,05/15/2023 13:24:36.971142,4623,True,True,True,True,Eyes,2.193359,0.08594859,-3.033412,-0.8833579,-0.2794194,0.3763026,0.0,0.0,0.0,0.0,0.0,0.0,0.0,1.723892,0.7377553,3.140608,2.28378,0.09685412,-2.855603,0.1032739,-0.5389173,0.1259539,0.8264615,17.8461,294.703,5.841515,0.5688946,0.02185109,-0.8221198,0.0,0.0,0.0,1.03072,-0.322563,-2.538459,-0.3122226,0.09407431,1.346703,0.3874077,0.09687994,0.916804,-0.3195043,0.9469402,0.03494634,-0.864773,-0.3064613,0.3978055,moving,-66.92643,-36.59533,-13.05297,3.995922,-65.97928427611348,-32.36997709768095,67.45368360066857,64.21583418469812,56.9199237026117
4395,4395,05/15/2023 13:24:36.994734,4624,True,True,True,True,Eyes,2.196973,0.08628807,-3.02513,-0.8863031,-0.2777741,0.3705514,0.0,0.0,0.0,0.0,0.0,0.0,0.0,1.736281,0.7197946,3.130445,2.286618,0.0965289,-2.845087,0.1009762,-0.5419427,0.1267999,0.8246356,17.69642,294.3107,6.005959,0.5705945,0.02196184,-0.8209379,0.0,0.0,0.0,1.031388,-0.3202378,-2.538395,-0.306397,0.09615114,1.347256,0.3804398,0.0996808,0.919418,-0.3185741,0.9474512,0.02910059,-0.8682028,-0.3039737,0.3922039,moving,-67.31085,-36.85609,-12.81246,4.082171,-66.35869584316488,-32.63362770257366,68.16168811213687,64.92495088438454,57.50390572739276
4396,4396,05/15/2023 13:24:37.014186,4625,True,True,True,True,Eyes,2.200561,0.08657523,-3.016793,-0.8890783,-0.2762663,0.3649888,0.0,0.0,0.0,0.0,0.0,0.0,0.0,1.743398,0.7070808,3.122217,2.289834,0.09583117,-2.834628,0.09927499,-0.544301,0.1273576,0.8232017,17.58308,294.0018,6.118839,0.5722929,0.02207341,-0.8197519,0.0,0.0,0.0,1.032093,-0.317785,-2.538328,-0.3021822,0.09635125,1.347649,0.375033,0.101611,0.9214258,-0.3177529,0.947849,0.02480493,-0.8708521,-0.3020884,0.3877618,moving,-67.68063,-37.12271,-12.63834,4.089448,-66.72408874699374,-32.902473312955685,68.76114931748205,65.52610517913331,57.98707760141658
4397,4397,05/15/2023 13:24:37.024797,4626,True,True,True,True,Eyes,2.204131,0.08682391,-3.008381,-0.8917916,-0.2748075,0.359428,0.0,0.0,0.0,0.0,0.0,0.0,0.0,1.744664,0.7066773,3.11467,2.293111,0.09494196,-2.824366,0.09926369,-0.5459281,0.1268396,0.822205,17.56099,293.7658,6.032485,0.5739902,0.02218437,-0.8185613,0.0,0.0,0.0,1.032768,-0.3154381,-2.538264,-0.2998258,0.09765701,1.347359,0.3717486,0.1001946,0.9229106,-0.316958,0.9481168,0.0247396,-0.8725484,-0.3017207,0.3842186,moving,-68.04858,-37.40041,-12.54553,4.145568,-67.08801148694727,-33.18195216923153,69.33005731483989,66.09255668181079,58.41215795281449
4398,4398,05/15/2023 13:24:37.034537,4627,True,True,True,True,Eyes,2.207685,0.08702552,-2.999893,-0.8944464,-0.2734043,0.3538585,0.0,0.0,0.0,0.0,0.0,0.0,0.0,1.751592,0.7052338,3.104121,2.296276,0.09427194,-2.814111,0.09921537,-0.5482549,0.1266242,0.8206943,17.55947,293.433,5.963202,0.5756878,0.02229383,-0.8173654,0.0,0.0,0.0,1.03341,-0.3132039,-2.538202,-0.298525,0.09420349,1.346759,0.3667656,0.09904885,0.9250256,-0.3166301,0.9482453,0.02400632,-0.8747733,-0.3016956,0.3791456,moving,-68.41539,-37.69102,-12.49821,4.001225,-67.45118221298573,-33.473851598096246,69.74936782718841,66.51473912656023,58.724135479051874
4399,4399,05/15/2023 13:24:37.054474,4628,True,True,True,True,Eyes,2.211223,0.08719092,-2.991369,-0.8969805,-0.2721848,0.348341,0.0,0.0,0.0,0.0,0.0,0.0,0.0,1.759447,0.7035981,3.093003,2.299488,0.09334807,-2.80375,0.09910095,-0.5506919,0.1266284,0.8190743,17.56626,293.0865,5.917443,0.5773857,0.02240069,-0.8161639,0.0,0.0,0.0,1.034083,-0.3108626,-2.538138,-0.2969502,0.09112601,1.345805,0.3614074,0.09828781,0.9272131,-0.3165842,0.9482886,0.02287566,-0.8770171,-0.3018084,0.3738348,moving,-68.7764,-38.00317,-12.44286,3.87365,-67.8093231696686,-33.78635220311342,70.19355940714219,66.96059296225488,59.04881139704159
4400,4400,05/15/2023 13:24:37.074470,4629,True,True,True,True,Eyes,2.214756,0.08733974,-2.982758,-0.8994457,-0.2710258,0.3428445,0.0,0.0,0.0,0.0,0.0,0.0,0.0,1.76649,0.7066798,3.081532,2.303113,0.09275679,-2.793347,0.09967709,-0.5530295,0.1265362,0.8174421,17.63289,292.7437,5.819031,0.5790848,0.02250431,-0.8149562,0.0,0.0,0.0,1.034783,-0.3084282,-2.538071,-0.2952595,0.09138632,1.34446,0.3562941,0.09662331,0.9293646,-0.3171208,0.9481062,0.023004,-0.8789135,-0.3029169,0.3684459,moving,-69.1345,-38.32712,-12.38621,3.888557,-68.16496764430597,-34.11014688658315,70.7285784000529,67.49200916702992,59.42389103478896
4401,4401,05/15/2023 13:24:37.084684,4630,True,True,True,True,Eyes,2.218277,0.08746808,-2.974077,-0.9018804,-0.2697923,0.3373781,0.0,0.0,0.0,0.0,0.0,0.0,0.0,1.771718,0.7027493,3.072262,2.306571,0.09250702,-2.782591,0.09921218,-0.5551217,0.1272066,0.8159751,17.64628,292.4556,5.869142,0.5807862,0.02260461,-0.8137418,0.0,0.0,0.0,1.035434,-0.3061646,-2.538009,-0.2952854,0.09309517,1.342291,0.3513169,0.0974452,0.9311717,-0.3177445,0.9479508,0.02067903,-0.88069,-0.3031396,0.3639939,moving,-69.49003,-38.6484,-12.40666,3.96742,-68.51805033140757,-34.43128481168704,71.23636181634559,67.99226909096839,59.74573714011369
4402,4402,05/15/2023 13:24:37.104754,4631,True,True,True,True,Eyes,2.221814,0.0875579,-2.965318,-0.9042783,-0.2684856,0.3319581,0.0,0.0,0.0,0.0,0.0,0.0,0.0,1.77618,0.681102,3.067334,2.310056,0.09215641,-2.771715,0.09630847,-0.557423,0.1268283,0.8148121,17.35797,292.1595,5.972545,0.5824904,0.02270142,-0.8125201,0.0,0.0,0.0,1.036107,-0.3038227,-2.537945,-0.2958716,0.09421647,1.340008,0.3463885,0.09931332,0.9328192,-0.3140515,0.9492785,0.01555262,-0.8839607,-0.2983406,0.3600086,moving,-69.84195,-38.96571,-12.45105,4.02187,-68.86752856779317,-34.74847905169511,71.70528179336861,68.4540650332801,60.032502355212834
4403,4403,05/15/2023 13:24:37.114405,4632,True,True,True,True,Eyes,2.225336,0.08762203,-2.956492,-0.9066583,-0.267184,0.3264712,0.0,0.0,0.0,0.0,0.0,0.0,0.0,1.778609,0.6674476,3.06248,2.314001,0.09148748,-2.761294,0.09442201,-0.5593599,0.1264515,0.8137636,17.16582,291.9019,6.018044,0.5841988,0.0227941,-0.81129,0.0,0.0,0.0,1.03682,-0.3013419,-2.537877,-0.2973304,0.09637074,1.337204,0.3422531,0.1001714,0.934253,-0.311435,0.950189,0.01221063,-0.8864938,-0.2951382,0.356402,moving,-70.19698,-39.2969,-12.53591,4.122114,-69.22039725653985,-35.07916304314481,72.18039741008009,68.91930946657999,60.30000792085126
4404,4404,05/15/2023 13:24:37.134405,4633,True,True,True,True,Eyes,2.22885,0.08766384,-2.947604,-0.9090413,-0.265725,0.3209894,0.0,0.0,0.0,0.0,0.0,0.0,0.0,1.782263,0.6554129,3.055775,2.317281,0.09095477,-2.750587,0.09274868,-0.561336,0.1269245,0.8125206,17.05054,291.6422,6.132413,0.5859113,0.02288238,-0.8100516,0.0,0.0,0.0,1.037453,-0.2991401,-2.537817,-0.2996098,0.09786913,1.334188,0.3375841,0.1021312,0.9357383,-0.3103838,0.9505757,0.008225868,-0.88865,-0.293215,0.3525991,moving,-70.55148,-39.61902,-12.65657,4.195408,-69.57250532149328,-35.40107915163124,72.60526637149184,69.33473507751872,60.52199946391663
4405,4405,05/15/2023 13:24:37.154435,4634,True,True,True,True,Eyes,2.232365,0.0876679,-2.938632,-0.911495,-0.2641958,0.3152418,0.0,0.0,0.0,0.0,0.0,0.0,0.0,1.789489,0.6311824,3.04963,2.320648,0.09020834,-2.739955,0.08946963,-0.5640148,0.1263993,0.811114,16.72164,291.2919,6.241622,0.5876287,0.02296616,-0.8088043,0.0,0.0,0.0,1.038124,-0.2968069,-2.537753,-0.3015347,0.09871043,1.331113,0.3318211,0.1041241,0.9375783,-0.3059728,0.9520368,0.002557929,-0.8923426,-0.2877223,0.347765,moving,-70.92199,-39.96548,-12.7637,4.241081,-69.9407823919313,-35.74698193103524,73.05208231919758,69.77294552926753,60.76152443393984
4406,4406,05/15/2023 13:24:37.171162,4635,True,True,True,True,Eyes,2.235865,0.08764948,-2.929584,-0.9139164,-0.2626944,0.3094326,0.0,0.0,0.0,0.0,0.0,0.0,0.0,1.799,0.6138173,3.040556,2.324096,0.08927995,-2.729243,0.08708329,-0.5668276,0.1268245,0.8093445,16.54307,290.9176,6.38269,0.589352,0.02304491,-0.8075472,0.0,0.0,0.0,1.038818,-0.294393,-2.537687,-0.3017133,0.1021617,1.328017,0.3252442,0.106567,0.9396061,-0.3040118,0.9526641,-0.002814436,-0.8954289,-0.284736,0.342246,moving,-71.295,-40.32977,-12.7998,4.398987,-70.31196685922428,-36.1101665241164,73.63660859793211,70.34657671901091,61.10846363749824
4407,4407,05/15/2023 13:24:37.185471,4636,True,True,True,True,Eyes,2.239345,0.08764951,-2.920463,-0.9163607,-0.2612656,0.3033533,0.0,0.0,0.0,0.0,0.0,0.0,0.0,1.812566,0.5953299,3.028808,2.327292,0.08869268,-2.718333,0.08454245,-0.5700331,0.1285827,0.8070821,16.44281,290.4965,6.656113,0.5910813,0.02311857,-0.8062801,0.0,0.0,0.0,1.039481,-0.292086,-2.537623,-0.3005043,0.1075125,1.325281,0.3170577,0.1111696,0.9418682,-0.3039375,0.9526381,-0.01012736,-0.8983854,-0.2830581,0.3358299,moving,-71.68332,-40.73695,-12.77565,4.637922,-70.69914824552718,-36.51521395793485,74.35719597890498,71.05429084982737,61.554457301508805
4408,4408,05/15/2023 13:24:37.204556,4637,True,True,True,True,Eyes,2.242788,0.087738,-2.911277,-0.9187254,-0.2600621,0.2971723,0.0,0.0,0.0,0.0,0.0,0.0,0.0,1.825433,0.5796667,3.016706,2.330338,0.08913782,-2.707455,0.08253857,-0.5731314,0.1303195,0.8048134,16.39374,290.0827,6.894115,0.5928171,0.02318818,-0.8050028,0.0,0.0,0.0,1.040149,-0.2897624,-2.53756,-0.3001598,0.1143422,1.322263,0.3090746,0.1151548,0.9440403,-0.3043766,0.9524084,-0.01652404,-0.9010148,-0.2822367,0.3294157,moving,-72.0756,-41.1899,-12.78966,4.942335,-71.09141290501283,-36.964547124421046,75.11994267688723,71.80028663722236,61.99281926415378
4409,4409,05/15/2023 13:24:37.220363,4638,True,True,True,True,Eyes,2.246196,0.0877993,-2.902057,-0.9212168,-0.2586328,0.2906351,0.0,0.0,0.0,0.0,0.0,0.0,0.0,1.844363,0.5647063,3.000347,2.332934,0.09135152,-2.696614,0.08076743,-0.5766672,0.134781,0.8017268,16.55612,289.6202,7.370309,0.5945586,0.0232566,-0.8037155,0.0,0.0,0.0,1.040874,-0.2872396,-2.53749,-0.3015485,0.1140422,1.318646,0.2985781,0.1229632,0.9464307,-0.309267,0.9506214,-0.0259408,-0.9028871,-0.2849544,0.3218632,moving,-72.49001,-41.66552,-12.88094,4.942888,-71.50572809194755,-37.43644755225,75.66759493045463,72.33860560361911,62.27495252684449
4410,4410,05/15/2023 13:24:37.236491,4639,True,True,True,True,Eyes,2.249602,0.08791679,-2.892776,-0.9235572,-0.257686,0.2839717,0.0,0.0,0.0,0.0,0.0,0.0,0.0,1.868783,0.5316439,2.983804,2.335818,0.09075871,-2.685852,0.07654277,-0.5816704,0.1349256,0.7984959,16.21263,288.9357,7.565868,0.5963057,0.02332324,-0.8024181,0.0,0.0,0.0,1.041505,-0.2850445,-2.53743,-0.3020293,0.1157707,1.315788,0.2869092,0.1264298,0.9495781,-0.3045205,0.9518726,-0.03472631,-0.9082678,-0.2792027,0.3116015,moving,-72.90859,-42.22172,-12.92787,5.028266,-71.92627917578297,-37.98622701155998,76.35606032738067,73.01410065401514,62.637996284629615
4411,4411,05/15/2023 13:24:37.254631,4640,True,True,True,True,Eyes,2.252906,0.08815809,-2.883415,-0.925936,-0.2567045,0.2770292,0.0,0.0,0.0,0.0,0.0,0.0,0.0,1.889416,0.5506195,2.960242,2.339216,0.09231681,-2.675004,0.07957714,-0.58516,0.1392466,0.7948998,16.82652,288.4237,7.69963,0.5980589,0.02338986,-0.8011103,0.0,0.0,0.0,1.042149,-0.2828029,-2.537369,-0.3003837,0.1199474,1.312559,0.2763962,0.1282435,0.9524488,-0.314505,0.9485557,-0.03645144,-0.9081254,-0.2894748,0.3025104,moving,-73.34343,-42.81922,-12.89036,5.22144,-72.36370387087489,-38.57636497603195,77.21708804183501,73.86018109849081,63.13088635887652
4412,4412,05/15/2023 13:24:37.271045,4641,True,True,True,True,Eyes,2.256168,0.08838716,-2.873994,-0.9283991,-0.2553536,0.2699439,0.0,0.0,0.0,0.0,0.0,0.0,0.0,1.912609,0.512408,2.942686,2.340137,0.09548968,-2.663584,0.07493028,-0.5897048,0.1426734,0.7913774,16.67046,287.8264,8.248903,0.5998165,0.02345991,-0.799793,0.0,0.0,0.0,1.042832,-0.2804274,-2.537304,-0.2978465,0.1187414,1.309793,0.2637854,0.1374436,0.954739,-0.3141906,0.9480594,-0.04967412,-0.9119768,-0.2868667,0.2932678,moving,-73.78754,-43.409,-12.81119,5.180083,-72.80989580221326,-39.159344912749184,77.96803348875352,74.6044875699205,63.59084191419708
4413,4413,05/15/2023 13:24:37.286343,4642,True,True,True,True,Eyes,2.259444,0.08862555,-2.864507,-0.9307025,-0.2545655,0.2626581,0.0,0.0,0.0,0.0,0.0,0.0,0.0,1.931395,0.4704636,2.929353,2.342485,0.09532571,-2.652622,0.06963564,-0.5944985,0.1400151,0.7887447,16.04111,287.1532,8.260256,0.6015787,0.02353278,-0.7984662,0.0,0.0,0.0,1.043497,-0.2781153,-2.53724,-0.2958224,0.1179018,1.307006,0.2539346,0.1380758,0.9573151,-0.3036689,0.9510933,-0.05662807,-0.9183151,-0.276327,0.2834449,moving,-74.24015,-44.10361,-12.75322,5.154559,-73.2671784038408,-39.84373746720229,78.78457827555759,75.41078070575854,64.05262196307153
4414,4414,05/15/2023 13:24:37.304627,4643,True,True,True,True,Eyes,2.262624,0.08893754,-2.854967,-0.9329196,-0.2538771,0.2553573,0.0,0.0,0.0,0.0,0.0,0.0,0.0,1.949618,0.5057759,2.904375,2.34598,0.09588067,-2.641854,0.07481728,-0.59741,0.1449434,0.7851721,16.89808,286.7034,8.305719,0.6033465,0.0236085,-0.797129,0.0,0.0,0.0,1.044227,-0.2755756,-2.537171,-0.2961877,0.1193761,1.303432,0.2441857,0.1382179,0.9598276,-0.3170043,0.9467875,-0.0556924,-0.9164505,-0.2906702,0.2750076,moving,-74.69203,-44.83346,-12.80231,5.23289,-73.72471498929913,-40.562108734101926,79.60513076429747,76.2149679442075,64.4472136046674
4415,4415,05/15/2023 13:24:37.314501,4644,True,True,True,True,Eyes,2.265773,0.08926768,-2.845414,-0.9351608,-0.2528601,0.2480648,0.0,0.0,0.0,0.0,0.0,0.0,0.0,1.961876,0.4981898,2.888347,2.346902,0.09796821,-2.630999,0.07432979,-0.6003981,0.1463445,0.7826753,16.98265,286.2729,8.406821,0.6051185,0.02368889,-0.7957823,0.0,0.0,0.0,1.044899,-0.2732381,-2.537107,-0.298172,0.126775,1.299058,0.236211,0.1398255,0.9615889,-0.3183353,0.9461167,-0.05937769,-0.9180778,-0.292082,0.2679946,moving,-75.14362,-45.54847,-12.92716,5.573844,-74.18156604092513,-41.26615241186572,80.52564115638071,77.11087811256021,64.84839119181973
4416,4416,05/15/2023 13:24:37.334433,4645,True,True,True,True,Eyes,2.26888,0.08959648,-2.835863,-0.9372662,-0.2521131,0.2407718,0.0,0.0,0.0,0.0,0.0,0.0,0.0,1.971545,0.4849976,2.877041,2.349319,0.09868407,-2.621172,0.07300774,-0.6035315,0.1438769,0.780845,16.71935,285.8043,8.197995,0.6068938,0.02377401,-0.7944267,0.0,0.0,0.0,1.045518,-0.271085,-2.537047,-0.296903,0.130443,1.296146,0.2300983,0.1365662,0.9635374,-0.312816,0.9479386,-0.05965301,-0.9215209,-0.2876839,0.2608392,moving,-75.59296,-46.31814,-12.90193,5.746848,-74.63772856540564,-42.02286468595228,81.49189050390869,78.05929973172172,65.33991301039433
4417,4417,05/15/2023 13:24:37.354178,4646,True,True,True,True,Eyes,2.271906,0.08993519,-2.826318,-0.9393751,-0.2511571,0.2334406,0.0,0.0,0.0,0.0,0.0,0.0,0.0,1.983533,0.5021411,2.858875,2.35147,0.09904574,-2.611607,0.07577226,-0.6060932,0.1451949,0.7783498,17.09505,285.3997,8.069647,0.6086717,0.02386339,-0.7930627,0.0,0.0,0.0,1.046211,-0.2686752,-2.536981,-0.2947406,0.1383246,1.293018,0.2231392,0.1341747,0.9655083,-0.3178748,0.946354,-0.05804859,-0.9215012,-0.2939578,0.2538194,moving,-76.04433,-47.09375,-12.84104,6.106171,-75.09601907198456,-42.78537187204133,82.61287709086484,79.15848270186771,65.92286836989759
4418,4418,05/15/2023 13:24:37.371337,4647,True,True,True,True,Eyes,2.274878,0.09027277,-2.816795,-0.9414541,-0.2501532,0.2260259,0.0,0.0,0.0,0.0,0.0,0.0,0.0,1.997083,0.4836397,2.844903,2.352591,0.09957136,-2.602138,0.07362149,-0.6094311,0.144986,0.7759849,16.91641,284.9211,8.128731,0.610451,0.02395696,-0.7916912,0.0,0.0,0.0,1.04695,-0.2661043,-2.536911,-0.2882318,0.1472821,1.290636,0.2151455,0.1352794,0.9671669,-0.3147483,0.9471179,-0.0624596,-0.9244706,-0.2909762,0.2463471,moving,-76.49984,-47.90062,-12.58903,6.510198,-75.5591714996231,-43.57817034256376,83.93526523628329,80.46168879474814,66.70393619716792
4419,4419,05/15/2023 13:24:37.394496,4648,True,True,True,True,Eyes,2.277769,0.09064008,-2.807262,-0.9435426,-0.2490402,0.2184177,0.0,0.0,0.0,0.0,0.0,0.0,0.0,2.014991,0.4629811,2.828836,2.354315,0.09985083,-2.593084,0.07115627,-0.6132798,0.1453641,0.7731069,16.75743,284.3704,8.255291,0.6122303,0.02405429,-0.790313,0.0,0.0,0.0,1.047639,-0.2637066,-2.536845,-0.2847488,0.1470336,1.289011,0.2055144,0.1374866,0.9689487,-0.3120414,0.9476121,-0.06827495,-0.9275744,-0.2883205,0.2376494,moving,-76.96635,-48.74801,-12.45686,6.507433,-76.03408209453491,-44.41040979208502,84.93902684388578,81.45360571427948,67.25238352832069
4420,4420,05/15/2023 13:24:37.404765,4649,True,True,True,True,Eyes,2.280566,0.09102596,-2.797734,-0.9456212,-0.2478316,0.2106656,0.0,0.0,0.0,0.0,0.0,0.0,0.0,2.04028,0.4435171,2.805959,2.355187,0.1008451,-2.583753,0.06910753,-0.6179904,0.1469389,0.7692339,16.73428,283.6887,8.445284,0.6140084,0.02415588,-0.7889293,0.0,0.0,0.0,1.048205,-0.2617387,-2.536791,-0.2823662,0.1549582,1.287029,0.1929935,0.1406452,0.9710677,-0.3114764,0.9472662,-0.07529396,-0.9304494,-0.2879334,0.2266238,moving,-77.44074,-49.6343,-12.37429,6.865364,-76.51768504117122,-45.28042931710751,86.17340046508201,82.66534272643067,67.8722004157119
4421,4421,05/15/2023 13:24:37.414413,4650,True,True,True,True,Eyes,2.28329,0.09141636,-2.788219,-0.9476677,-0.2465374,0.2028429,0.0,0.0,0.0,0.0,0.0,0.0,0.0,2.061827,0.4182462,2.785839,2.355822,0.1016353,-2.574244,0.06624101,-0.6225484,0.1466097,0.7658663,16.49949,283.0247,8.522198,0.6157845,0.02426191,-0.7875406,0.0,0.0,0.0,1.048924,-0.2592366,-2.536723,-0.2795617,0.1601025,1.284633,0.1818783,0.1420903,0.9730008,-0.3070433,0.9482355,-0.08107968,-0.9341545,-0.2840067,0.2160913,moving,-77.91846,-50.55357,-12.27728,7.104087,-77.00541234800737,-46.18237428365653,87.36801429883849,83.84019366268058,68.47023569478146
4422,4422,05/15/2023 13:24:37.434372,4651,True,True,True,True,Eyes,2.285917,0.09182263,-2.778734,-0.9496395,-0.2453269,0.1949345,0.0,0.0,0.0,0.0,0.0,0.0,0.0,2.083727,0.409321,2.763195,2.356829,0.102106,-2.565081,0.06569282,-0.6269662,0.1460518,0.7624085,16.45777,282.3546,8.413893,0.6175573,0.02437212,-0.7861477,0.0,0.0,0.0,1.049561,-0.2570193,-2.536662,-0.2732863,0.1561489,1.284482,0.1711646,0.1403279,0.9751977,-0.3050765,0.9487067,-0.08296952,-0.9368196,-0.2833086,0.2051958,moving,-78.39991,-51.52966,-12.01115,6.931186,-77.49830150468293,-47.13925945390126,88.45980991033905,84.92455524629261,69.10807878536374
4423,4423,05/15/2023 13:24:37.454604,4652,True,True,True,True,Eyes,2.288431,0.09222676,-2.76933,-0.9515816,-0.243905,0.1870906,0.0,0.0,0.0,0.0,0.0,0.0,0.0,2.102153,0.4112098,2.741013,2.357187,0.102919,-2.556241,0.06669278,-0.6307416,0.1454594,0.7593147,16.54547,281.7637,8.202649,0.6193252,0.02448656,-0.7847522,0.0,0.0,0.0,1.05025,-0.2546235,-2.536596,-0.2637622,0.157281,1.284473,0.1620132,0.1367671,0.9772648,-0.3050307,0.9487873,-0.08221298,-0.9384605,-0.2847762,0.1954343,moving,-78.87695,-52.5095,-11.60418,6.980997,-77.9870219502925,-48.09962455890154,89.80392428385248,86.25866087942963,69.94248844769776
4424,4424,05/15/2023 13:24:37.471366,4653,True,True,True,True,Eyes,2.290857,0.09264052,-2.759984,-0.9534515,-0.2425596,0.179151,0.0,0.0,0.0,0.0,0.0,0.0,0.0,2.119194,0.4033919,2.721017,2.357223,0.1033379,-2.54764,0.06627949,-0.6345921,0.1434561,0.7565186,16.40084,281.1677,7.965222,0.6210861,0.02460483,-0.7833556,0.0,0.0,0.0,1.050924,-0.2522797,-2.536532,-0.2552497,0.1587125,1.284053,0.1534265,0.1329335,0.9791777,-0.3011752,0.9500548,-0.08178884,-0.9411449,-0.2823555,0.1857999,moving,-79.35835,-53.55096,-11.24294,7.046177,-78.48164527705934,-49.119580941733766,91.16864643102292,87.61070626644141,70.74416772455012
4425,4425,05/15/2023 13:24:37.484644,4654,True,True,True,True,Eyes,2.293169,0.09303407,-2.750748,-0.955255,-0.2412202,0.1711742,0.0,0.0,0.0,0.0,0.0,0.0,0.0,2.138367,0.4111882,2.697602,2.357585,0.1040123,-2.539629,0.06817156,-0.6384332,0.1419561,0.7533951,16.49784,280.5473,7.602446,0.6228383,0.02472681,-0.7819594,0.0,0.0,0.0,1.051635,-0.2498059,-2.536464,-0.2491379,0.158936,1.283483,0.144503,0.126852,0.9813397,-0.300944,0.9504023,-0.07853869,-0.9426302,-0.2839791,0.1755113,moving,-79.84087,-54.6398,-10.98512,7.059105,-78.97864531403913,-50.18528742562088,92.45468720547123,88.88216890248212,71.43392339086878
4426,4426,05/15/2023 13:24:37.504595,4655,True,True,True,True,Eyes,2.295388,0.09342995,-2.741591,-0.9569474,-0.2400825,0.1631318,0.0,0.0,0.0,0.0,0.0,0.0,0.0,2.157784,0.4192019,2.673285,2.357388,0.104017,-2.531821,0.07003599,-0.6423057,0.1402616,0.7502435,16.57497,279.9177,7.222075,0.6245796,0.02485162,-0.7805652,0.0,0.0,0.0,1.052253,-0.2476555,-2.536405,-0.2469825,0.157691,1.282794,0.1355404,0.1204917,0.9834179,-0.3004297,0.9508433,-0.07509355,-0.9441244,-0.2852697,0.1650769,moving,-80.32573,-55.80458,-10.89808,7.008083,-79.47998241073073,-51.32433861600445,93.62493907968148,90.03415324121339,71.9478488527166
4427,4427,05/15/2023 13:24:37.514387,4656,True,True,True,True,Eyes,2.2975,0.09382553,-2.732551,-0.9585641,-0.238944,0.1551148,0.0,0.0,0.0,0.0,0.0,0.0,0.0,2.176362,0.433131,2.648976,2.357373,0.104518,-2.524499,0.07272456,-0.645737,0.1403153,0.7470251,16.85003,279.3488,6.944458,0.6263089,0.02497908,-0.7791743,0.0,0.0,0.0,1.052959,-0.2452012,-2.536338,-0.2448527,0.1567318,1.282311,0.1266708,0.1157162,0.9851723,-0.30356,0.9500455,-0.07255938,-0.9443548,-0.2898677,0.1554698,moving,-80.80807,-57.00965,-10.81029,6.968471,-79.97997763249569,-52.5021849240642,94.83084504326132,91.22063693712877,72.46443597496369
4428,4428,05/15/2023 13:24:37.534386,4657,True,True,True,True,Eyes,2.299513,0.09421962,-2.723592,-0.960108,-0.2378703,0.1470049,0.0,0.0,0.0,0.0,0.0,0.0,0.0,2.198291,0.4323708,2.623792,2.357086,0.1049606,-2.517309,0.07337841,-0.649835,0.1400243,0.7434537,16.92336,278.697,6.773402,0.628024,0.02510893,-0.7777883,0.0,0.0,0.0,1.053605,-0.2429531,-2.536276,-0.2450069,0.155728,1.281593,0.1162155,0.1128355,0.9867938,-0.303571,0.9500176,-0.07287851,-0.9456948,-0.2910923,0.1446603,moving,-81.29488,-58.28375,-10.82286,6.928122,-80.48618433304651,-53.74677555845381,96.01507096609774,92.38193519763533,72.89073498446166
4429,4429,05/15/2023 13:24:37.554434,4658,True,True,True,True,Eyes,2.301406,0.09462889,-2.714679,-0.9616046,-0.2366548,0.1389644,0.0,0.0,0.0,0.0,0.0,0.0,0.0,2.218413,0.4277112,2.6004,2.356734,0.1053261,-2.510195,0.07339683,-0.6536837,0.1400875,0.7400582,16.96465,278.091,6.687659,0.629724,0.02524092,-0.7764084,0.0,0.0,0.0,1.054278,-0.2406114,-2.536212,-0.246437,0.1513875,1.280845,0.1061462,0.1113892,0.9880919,-0.3033025,0.9499768,-0.07451,-0.9469641,-0.2917817,0.1346211,moving,-81.77694,-59.57842,-10.89073,6.740712,-80.98835171086424,-55.01106438118355,97.07256068219031,93.41819124641154,73.21756580639578
4430,4430,05/15/2023 13:24:37.571166,4659,True,True,True,True,Eyes,2.303179,0.09502877,-2.705836,-0.9630857,-0.2352667,0.1308264,0.0,0.0,0.0,0.0,0.0,0.0,0.0,2.239082,0.4079597,2.577858,2.355712,0.1060165,-2.502929,0.07130333,-0.6578315,0.139942,0.736607,16.80777,277.4636,6.740185,0.631408,0.02537535,-0.7750351,0.0,0.0,0.0,1.054933,-0.2383323,-2.53615,-0.2502747,0.1532542,1.279102,0.09534778,0.1123534,0.9890832,-0.2999757,0.9506641,-0.07907151,-0.9491699,-0.2891616,0.124347,moving,-82.26424,-60.92257,-11.07088,6.832266,-81.49694317783695,-56.32325869720109,98.28129175726424,94.59625084805135,73.51834629190614
4431,4431,05/15/2023 13:24:37.584739,4660,True,True,True,True,Eyes,2.304821,0.09542073,-2.697052,-0.9645128,-0.2337268,0.1228283,0.0,0.0,0.0,0.0,0.0,0.0,0.0,2.257824,0.3807392,2.557555,2.354635,0.1061351,-2.495645,0.06801131,-0.6619491,0.1386957,0.7334585,16.46239,276.8509,6.791871,0.6330745,0.02551174,-0.7736698,0.0,0.0,0.0,1.0556,-0.2360116,-2.536086,-0.2498307,0.1443783,1.279189,0.08517388,0.113415,0.9898902,-0.2934951,0.9522759,-0.08385199,-0.9521587,-0.2833859,0.1143958,moving,-82.74259,-62.27715,-11.05099,6.439558,-81.99715122007419,-57.64523584086693,99.30594880930984,95.60449044627127,73.8686381411853
4432,4432,05/15/2023 13:24:37.604744,4661,True,True,True,True,Eyes,2.306328,0.09580498,-2.688331,-0.9659033,-0.2320739,0.1147715,0.0,0.0,0.0,0.0,0.0,0.0,0.0,2.274249,0.3654196,2.536609,2.353152,0.1062944,-2.488273,0.0663989,-0.6655276,0.1382891,0.7304385,16.32414,276.3011,6.800724,0.6347229,0.02564975,-0.7723136,0.0,0.0,0.0,1.056292,-0.2336073,-2.53602,-0.2497928,0.1414807,1.279167,0.07589853,0.1136428,0.9906184,-0.290404,0.9529347,-0.08706979,-0.9538894,-0.281071,0.1053287,moving,-83.22372,-63.68544,-11.04953,6.311474,-82.50151625421891,-59.01912269027149,100.54193986431481,96.81669899134137,74.27727566895528
4433,4433,05/15/2023 13:24:37.614508,4662,True,True,True,True,Eyes,2.307718,0.09619395,-2.679624,-0.9672473,-0.2302381,0.1068789,0.0,0.0,0.0,0.0,0.0,0.0,0.0,2.289869,0.3478814,2.516254,2.351461,0.1064548,-2.480999,0.06446366,-0.6691508,0.1367813,0.72758,16.07286,275.7435,6.739428,0.6363522,0.0257891,-0.770967,0.0,0.0,0.0,1.056948,-0.2313237,-2.535957,-0.2455419,0.1378496,1.279163,0.06705608,0.1127668,0.9913562,-0.2853104,0.9542706,-0.08924971,-0.9560866,-0.2768596,0.09616321,moving,-83.69451,-65.09878,-10.86605,6.150771,-82.99600497577917,-60.39755784426503,101.88465587944634,98.13974972849873,74.8424188114585
4434,4434,05/15/2023 13:24:37.634186,4663,True,True,True,True,Eyes,2.30897,0.09660023,-2.670954,-0.9685737,-0.2281935,0.09895815,0.0,0.0,0.0,0.0,0.0,0.0,0.0,2.30564,0.3337623,2.494885,2.349977,0.1068305,-2.473463,0.06306917,-0.6729528,0.1340806,0.7246926,15.77565,275.1459,6.530562,0.6379619,0.02592981,-0.7696308,0.0,0.0,0.0,1.057625,-0.2289679,-2.535893,-0.2404098,0.1248601,1.280118,0.05831389,0.1094492,0.9922805,-0.2792196,0.9560894,-0.08904827,-0.958455,-0.2718713,0.08631366,moving,-84.1664,-66.5556,-10.63642,5.570891,-83.49274468782022,-61.8179795252038,102.99945952660859,99.24365933237127,75.34498239335156
4435,4435,05/15/2023 13:24:37.654450,4664,True,True,True,True,Eyes,2.30897,0.09660023,-2.670954,-0.9685737,-0.2281935,0.09895815,0.0,0.0,0.0,0.0,0.0,0.0,0.0,2.317167,0.3231744,2.475911,2.347959,0.1076067,-2.465633,0.06216289,-0.6762947,0.1301156,0.722379,15.41469,274.6125,6.18747,0.6395517,0.02607236,-0.7683054,0.0,0.0,0.0,1.058315,-0.2265697,-2.535827,-0.2326064,0.1194748,1.281033,0.05139104,0.1039047,0.9932587,-0.2720664,0.9584114,-0.0861827,-0.9609053,-0.2658033,0.07752272,moving,-84.1664,-66.5556,-10.29148,5.328246,-83.49274468782022,-61.8179795252038,103.07662742231197,99.33297918706478,75.61573844467229
4436,4436,05/15/2023 13:24:37.671075,4665,True,True,True,True,Eyes,2.30897,0.09660023,-2.670954,-0.9685737,-0.2281935,0.09895815,0.0,0.0,0.0,0.0,0.0,0.0,0.0,2.324426,0.3056109,2.461819,2.345606,0.1068204,-2.458379,0.0598837,-0.6791164,0.1250439,0.7208183,14.84288,274.1783,5.874339,0.6409802,0.02620057,-0.7671096,0.0,0.0,0.0,1.058998,-0.2241915,-2.535762,-0.226166,0.1166028,1.280972,0.04632993,0.09893193,0.9940152,-0.2616039,0.9615559,-0.08350828,-0.9640628,-0.2561693,0.07042977,moving,-84.1664,-66.5556,-10.01285,5.20112,-83.49274468782022,-61.8179795252038,103.18806056303656,99.45277585116628,75.85241782333762
4437,4437,05/15/2023 13:24:37.684662,4666,True,True,True,True,Eyes,2.309878,0.09692547,-2.661783,-0.9699618,-0.2256493,0.09086613,0.0,0.0,0.0,0.0,0.0,0.0,0.0,2.336496,0.300409,2.442345,2.343504,0.1059106,-2.451791,0.05947118,-0.6821454,0.1223897,0.718444,14.62127,273.6905,5.617943,0.6422636,0.02631584,-0.7660314,0.0,0.0,0.0,1.059666,-0.2218693,-2.535698,-0.2203705,0.1128935,1.280981,0.03939693,0.0947243,0.9947237,-0.2569962,0.9629679,-0.08152173,-0.9656091,-0.2524286,0.06228176,moving,-84.64815,-68.06598,-9.761192,5.036491,-84.00049409822782,-63.29038818929608,104.65193617320037,100.89616640775108,76.4954763116869
4438,4438,05/15/2023 13:24:37.704616,4667,True,True,True,True,Eyes,2.31064,0.09722883,-2.652704,-0.9713119,-0.2229699,0.0826896,0.0,0.0,0.0,0.0,0.0,0.0,0.0,2.353823,0.2973187,2.416511,2.340594,0.1057672,-2.445168,0.05962702,-0.6858721,0.120349,0.7152204,14.50005,273.0817,5.355321,0.6435624,0.02643376,-0.7649366,0.0,0.0,0.0,1.06033,-0.2195604,-2.535635,-0.2162993,0.1122832,1.28077,0.03019124,0.09035908,0.9954515,-0.2539451,0.9639215,-0.07979509,-0.9667473,-0.2503809,0.05204824,moving,-85.13404,-69.65243,-9.585787,5.010224,-84.51432736679283,-64.83632343369075,106.2169969151629,102.43449785060164,77.10440551671532
4439,4439,05/15/2023 13:24:37.724200,4668,True,True,True,True,Eyes,2.31064,0.09722883,-2.652704,-0.9713119,-0.2229699,0.0826896,0.0,0.0,0.0,0.0,0.0,0.0,0.0,2.370103,0.2875441,2.391965,2.337874,0.1055108,-2.438192,0.05873159,-0.6897112,0.1170869,0.7121375,14.19142,272.4651,5.074302,0.6448711,0.02655347,-0.7638295,0.0,0.0,0.0,1.061052,-0.2170482,-2.535566,-0.2136322,0.1105778,1.279862,0.02117821,0.0857483,0.9960918,-0.2477796,0.9656826,-0.07786239,-0.968585,-0.2451623,0.04169812,moving,-85.13404,-69.65243,-9.476336,4.937992,-84.51432736679283,-64.83632343369075,106.24414915038709,102.46538558265932,77.19265426508929
4440,4440,05/15/2023 13:24:37.735650,4669,True,True,True,True,Eyes,2.31064,0.09722883,-2.652704,-0.9713119,-0.2229699,0.0826896,0.0,0.0,0.0,0.0,0.0,0.0,0.0,2.378509,0.277593,2.374412,2.334722,0.1049007,-2.431103,0.05756536,-0.6922884,0.1150598,0.7100593,13.94904,272.0576,4.947219,0.6460472,0.02666113,-0.7628312,0.0,0.0,0.0,1.061683,-0.2148515,-2.535506,-0.211566,0.1089227,1.279179,0.01499586,0.08369487,0.9963786,-0.2431022,0.9668949,-0.07755949,-0.9698848,-0.2410588,0.03484586,moving,-85.13404,-69.65243,-9.391247,4.86702,-84.51432736679283,-64.83632343369075,106.25497221186097,102.47942861682365,77.25766603547108
4441,4441,05/15/2023 13:24:37.754331,4670,True,True,True,True,Eyes,2.310964,0.09744,-2.643095,-0.9726744,-0.2199342,0.07438817,0.0,0.0,0.0,0.0,0.0,0.0,0.0,2.388736,0.2630804,2.355271,2.331262,0.1043416,-2.424232,0.05576151,-0.6952053,0.1125339,0.7077546,13.61516,271.6014,4.82573,0.6471045,0.02675797,-0.7619312,0.0,0.0,0.0,1.062377,-0.2124369,-2.535439,-0.2093069,0.1101415,1.278223,0.008051515,0.08176133,0.9966195,-0.2368241,0.9684535,-0.07753736,-0.9715194,-0.2353992,0.02716056,moving,-85.62665,-71.31296,-9.299556,4.924877,-85.03668889087878,-66.45394609111725,107.87971574361607,104.07232910050416,77.81160291541079
4442,4442,05/15/2023 13:24:37.764213,4671,True,True,True,True,Eyes,2.311121,0.0976068,-2.6336,-0.9739597,-0.2168559,0.06615152,0.0,0.0,0.0,0.0,0.0,0.0,0.0,2.398178,0.2482775,2.336662,2.327741,0.1033182,-2.417403,0.05380769,-0.6980247,0.1098374,0.7055509,13.25389,271.1616,4.706944,0.648197,0.0268567,-0.7609986,0.0,0.0,0.0,1.063053,-0.2100857,-2.535375,-0.2090684,0.1105646,1.277106,0.001394524,0.07987354,0.9968041,-0.2301099,0.970081,-0.07741031,-0.9731638,-0.2292665,0.01973247,moving,-86.11443,-73.03576,-9.297129,4.948007,-85.5560707438922,-68.1314990152119,109.46399247439722,105.62215863788117,78.26639620526004
4443,4443,05/15/2023 13:24:37.787127,4672,True,True,True,True,Eyes,2.311117,0.09774528,-2.624145,-0.9750891,-0.2139919,0.05838423,0.0,0.0,0.0,0.0,0.0,0.0,0.0,2.405869,0.2420232,2.318411,2.323922,0.1023998,-2.410541,0.0531065,-0.700453,0.1077873,0.7035107,13.04533,270.7699,4.548829,0.6493171,0.02695589,-0.7600396,0.0,0.0,0.0,1.063735,-0.2077136,-2.53531,-0.2107458,0.1103387,1.275688,-0.004505076,0.07726187,0.9970008,-0.2260563,0.9711232,-0.07627795,-0.9741039,-0.2257219,0.01309057,moving,-86.57346,-74.7392,-9.380632,4.943407,-86.04708103206958,-69.7894707765839,110.94165382287227,107.06422104492587,78.60590864106952
4444,4444,05/15/2023 13:24:37.804509,4673,True,True,True,True,Eyes,2.31096,0.09784245,-2.61481,-0.9761362,-0.2111259,0.05083198,0.0,0.0,0.0,0.0,0.0,0.0,0.0,2.408312,0.2369335,2.305265,2.320008,0.1018068,-2.403653,0.05250436,-0.7020554,0.1061406,0.7022079,12.87184,270.5127,4.432564,0.6504592,0.02705478,-0.7590589,0.0,0.0,0.0,1.064394,-0.2054231,-2.535247,-0.2143345,0.1112699,1.274271,-0.008295131,0.07534356,0.9971231,-0.2227874,0.9719549,-0.07529521,-0.9748318,-0.2227711,0.008723143,moving,-87.01904,-76.46276,-9.547872,4.990433,-86.52561400138445,-71.46643373594608,112.41176326870544,108.49527747653318,78.86355404018701
4445,4445,05/15/2023 13:24:37.814405,4674,True,True,True,True,Eyes,2.310652,0.09790993,-2.605509,-0.9770338,-0.2085551,0.04370113,0.0,0.0,0.0,0.0,0.0,0.0,0.0,2.406507,0.2286609,2.297368,2.316206,0.1008851,-2.397181,0.0512752,-0.7029038,0.105386,0.7015632,12.71479,270.3873,4.455912,0.6516171,0.02715227,-0.7580616,0.0,0.0,0.0,1.065069,-0.2030721,-2.535183,-0.2194921,0.1138396,1.272552,-0.01035993,0.07578678,0.9970703,-0.2199529,0.9725294,-0.07620683,-0.9754555,-0.220098,0.006594129,moving,-87.43896,-78.16534,-9.78619,5.11194,-86.97872381467309,-73.12234935481648,113.86420883171014,109.90582927025572,79.04655343766942
4446,4446,05/15/2023 13:24:37.834281,4675,True,True,True,True,Eyes,2.310172,0.09794696,-2.596307,-0.9778716,-0.2059685,0.03666014,0.0,0.0,0.0,0.0,0.0,0.0,0.0,2.407619,0.2106453,2.287186,2.312281,0.1001478,-2.390721,0.04870669,-0.7040927,0.1068591,0.7003301,12.63262,270.2209,4.766589,0.6527865,0.02724771,-0.7570514,0.0,0.0,0.0,1.066064,-0.199612,-2.535088,-0.222205,0.1175465,1.270611,-0.01433086,0.08108518,0.9966041,-0.2182613,0.9724176,-0.08225584,-0.9757851,-0.2186989,0.00376215,moving,-87.853,-79.90767,-9.9196,5.285491,-87.427222954533,-74.81643370908765,115.46206960180439,111.46187670303419,79.33712888082371
4447,4447,05/15/2023 13:24:37.854376,4676,True,True,True,True,Eyes,2.309523,0.09795681,-2.587096,-0.97859,-0.2036194,0.03001165,0.0,0.0,0.0,0.0,0.0,0.0,0.0,2.411099,0.1799468,2.274291,2.307728,0.09935394,-2.383841,0.04429384,-0.7058501,0.1083571,0.6986219,12.40714,269.9781,5.22096,0.6539624,0.02734048,-0.7560326,0.0,0.0,0.0,1.066559,-0.1978904,-2.535041,-0.2250638,0.1202946,1.269651,-0.01993116,0.08887167,0.9958436,-0.2139309,0.9725936,-0.09107848,-0.9766455,-0.2148571,-0.000372445,moving,-88.24339,-81.61549,-10.05208,5.412399,-87.85187661781364,-76.47647921861125,116.99459142760583,112.95395845067011,79.5966256241239
4448,4448,05/15/2023 13:24:37.871163,4677,True,True,True,True,Eyes,2.308696,0.09796917,-2.577945,-0.9792439,-0.2012962,0.02369254,0.0,0.0,0.0,0.0,0.0,0.0,0.0,2.409516,0.1560042,2.264843,2.303038,0.09857738,-2.376114,0.04078821,-0.7068971,0.1101245,0.6974996,12.27434,269.8397,5.635656,0.6551421,0.02743019,-0.7550072,0.0,0.0,0.0,1.067073,-0.1961027,-2.534992,-0.2281978,0.1240477,1.269063,-0.02366182,0.09595744,0.9951043,-0.2112897,0.9724178,-0.09879385,-0.9771372,-0.2125929,-0.00273429,moving,-88.61401,-83.28718,-10.19376,5.582785,-88.25639830788894,-78.10104447749018,118.52259822145196,114.44107136690894,79.83738650891935
4449,4449,05/15/2023 13:24:37.884292,4678,True,True,True,True,Eyes,2.307698,0.09796958,-2.568823,-0.9798616,-0.1988869,0.01775713,0.0,0.0,0.0,0.0,0.0,0.0,0.0,2.397323,0.139771,2.265582,2.297927,0.09857877,-2.368411,0.03829046,-0.7063067,0.1112061,0.6980673,12.15458,269.9607,5.940115,0.6563218,0.02751732,-0.7539787,0.0,0.0,0.0,1.067744,-0.1937679,-2.534928,-0.2325002,0.1273772,1.267951,-0.02247176,0.101169,0.9946155,-0.2093483,0.9723341,-0.1036326,-0.9775829,-0.2105498,-0.0006705028,moving,-88.96179,-84.89802,-10.39071,5.736634,-88.63714071220802,-79.6661819256845,119.9502193331305,115.82808332713064,79.99725820873627
4450,4450,05/15/2023 13:24:37.904649,4679,True,True,True,True,Eyes,2.306551,0.09792081,-2.559812,-0.9804598,-0.1963575,0.01193213,0.0,0.0,0.0,0.0,0.0,0.0,0.0,2.385384,0.1138225,2.267286,2.292815,0.09812343,-2.361561,0.03419234,-0.7059616,0.1096038,0.698882,11.68582,270.0526,6.150709,0.6574985,0.02760185,-0.7529497,0.0,0.0,0.0,1.068443,-0.1913356,-2.534861,-0.237293,0.1245013,1.267384,-0.02078966,0.1049232,0.994263,-0.2014772,0.9736358,-0.1069593,-0.9792725,-0.2025449,0.0008980754,moving,-89.30275,-86.52256,-10.60474,5.610444,-89.01165171228622,-81.24432407781995,121.16875506509142,117.01023263847542,80.07240978440004
4451,4451,05/15/2023 13:24:37.914065,4680,True,True,True,True,Eyes,2.305228,0.09785238,-2.55083,-0.9809924,-0.1939548,0.00595479,0.0,0.0,0.0,0.0,0.0,0.0,0.0,2.384702,0.09770671,2.257334,2.288156,0.09683226,-2.355181,0.03170267,-0.707149,0.1080684,0.6980376,11.36744,269.8755,6.209043,0.658669,0.02768265,-0.751923,0.0,0.0,0.0,1.069123,-0.1889715,-2.534796,-0.2425508,0.1239752,1.267075,-0.0234772,0.1060346,0.9940854,-0.1957086,0.9746323,-0.1085816,-0.9803811,-0.1971003,-0.002129735,moving,-89.65221,-88.24146,-10.83679,5.588239,-89.39696787313753,-82.91377678235435,122.53931142375087,118.33980034206203,80.1621164147951
4452,4452,05/15/2023 13:24:37.934381,4681,True,True,True,True,Eyes,2.303721,0.09776951,-2.541922,-0.9815117,-0.1914023,-0.0001212597,0.0,0.0,0.0,0.0,0.0,0.0,0.0,2.393179,0.08420148,2.236233,2.282674,0.0961958,-2.348464,0.02995804,-0.709722,0.1073458,0.6956106,11.18921,269.4623,6.251208,0.6598306,0.02775961,-0.750901,0.0,0.0,0.0,1.069762,-0.186748,-2.534735,-0.2475235,0.1250076,1.266143,-0.0304569,0.1068181,0.993812,-0.1918656,0.9751588,-0.1106932,-0.9809486,-0.1940497,-0.009205565,moving,89.99292,89.9637,-11.06148,5.638596,89.44422247250327,94.6620292618098,131.61578523859066,134.26305485579886,80.27852291955365
4453,4453,05/15/2023 13:24:37.954485,4682,True,True,True,True,Eyes,2.302025,0.09767096,-2.533034,-0.9819816,-0.1888698,-0.006347656,0.0,0.0,0.0,0.0,0.0,0.0,0.0,2.402878,0.06236744,2.212941,2.276867,0.09569757,-2.341269,0.02696719,-0.7127691,0.1054775,0.6928979,10.82053,268.9771,6.296733,0.6609807,0.02783276,-0.7498862,0.0,0.0,0.0,1.070438,-0.1843967,-2.534671,-0.2509686,0.1216216,1.266017,-0.0383305,0.1077276,0.9934412,-0.1846131,0.9762945,-0.1129912,-0.9820635,-0.1877333,-0.01753393,moving,89.62964,88.07509,-11.21265,5.487353,89.0408941271381,92.82839712145284,130.34531735058712,132.9632697337035,80.43381391787459
4454,4454,05/15/2023 13:24:37.971638,4683,True,True,True,True,Eyes,2.300144,0.09754299,-2.524204,-0.982436,-0.1861781,-0.01254313,0.0,0.0,0.0,0.0,0.0,0.0,0.0,2.409052,0.04018351,2.192473,2.270772,0.09513727,-2.333801,0.02379307,-0.7153851,0.1028878,0.6907043,10.37423,268.5621,6.308625,0.6621177,0.02790215,-0.7488799,0.0,0.0,0.0,1.071118,-0.1820313,-2.534606,-0.2535543,0.1219037,1.265819,-0.04472311,0.1080876,0.993135,-0.1761725,0.977696,-0.1143408,-0.9833429,-0.1800767,-0.02468356,moving,89.26852,86.14571,-11.32693,5.500863,88.63854591675066,90.95549544303648,128.93035293659872,131.51270121641073,80.65634311209418
4455,4455,05/15/2023 13:24:37.984547,4684,True,True,True,True,Eyes,2.298069,0.09744418,-2.515375,-0.982821,-0.1835978,-0.01883263,0.0,0.0,0.0,0.0,0.0,0.0,0.0,2.411505,0.02281198,2.175476,2.264507,0.09424272,-2.326305,0.02120283,-0.7173498,0.1006134,0.689084,9.995517,268.2497,6.310173,0.6632388,0.02796735,-0.7478847,0.0,0.0,0.0,1.071795,-0.1796776,-2.534541,-0.2547917,0.1240717,1.265608,-0.04942766,0.1082425,0.9928951,-0.1690819,0.9788548,-0.115129,-0.9843619,-0.1735711,-0.03008068,moving,88.90224,84.14334,-11.38261,5.599004,88.22920999401917,89.01200696363261,127.3823530054434,129.92399218747806,80.95915523777767
4456,4456,05/15/2023 13:24:38.004613,4685,True,True,True,True,Eyes,2.295804,0.09737609,-2.506595,-0.9831837,-0.1808937,-0.02504821,0.0,0.0,0.0,0.0,0.0,0.0,0.0,2.412858,0.005253404,2.159255,2.257902,0.09474559,-2.318877,0.01881295,-0.7190427,0.1000312,0.6874719,9.771551,267.9791,6.436913,0.6643434,0.02802975,-0.7469013,0.0,0.0,0.0,1.072458,-0.1773683,-2.534478,-0.256171,0.1261883,1.265568,-0.05405714,0.1104827,0.9924068,-0.1645919,0.9792796,-0.1179867,-0.9848794,-0.1697202,-0.03475248,moving,88.54061,82.11642,-11.44296,5.694077,87.8237080148145,87.04497702457914,125.84549566652971,128.34266754891948,81.25118120947026
4457,4457,05/15/2023 13:24:38.024807,4686,True,True,True,True,Eyes,2.293404,0.09721623,-2.497909,-0.9834839,-0.1782998,-0.03112238,0.0,0.0,0.0,0.0,0.0,0.0,0.0,2.412585,-0.01366967,2.144218,2.251142,0.09534396,-2.31121,0.0161423,-0.7206155,0.09837357,0.6861308,9.435111,267.7287,6.503373,0.6654294,0.02809064,-0.7459317,0.0,0.0,0.0,1.073145,-0.1749781,-2.534412,-0.2553813,0.1322246,1.265545,-0.057928,0.1117295,0.992049,-0.1582591,0.9801242,-0.1196276,-0.9856972,-0.1639305,-0.0390944,moving,88.18748,80.09873,-11.40882,5.964643,87.42668976132077,85.08711925949726,124.15830954476455,126.60499294741437,81.66188370178544
4458,4458,05/15/2023 13:24:38.034558,4687,True,True,True,True,Eyes,2.290862,0.09710512,-2.489278,-0.9836812,-0.1760883,-0.03693511,0.0,0.0,0.0,0.0,0.0,0.0,0.0,2.407483,-0.01794779,2.135454,2.245483,0.09311415,-2.303387,0.01511303,-0.721284,0.09589611,0.6858024,9.152674,267.6223,6.381329,0.6664953,0.02814747,-0.7449774,0.0,0.0,0.0,1.073826,-0.1726113,-2.534348,-0.2515102,0.1283465,1.266969,-0.05889343,0.10973,0.9922153,-0.1533331,0.981151,-0.1176076,-0.9864181,-0.1590658,-0.0409581,moving,87.84968,78.15376,-11.228,5.784443,87.0465012393821,83.19990668234608,122.69353983494359,125.104083110832,82.11784057564402
4459,4459,05/15/2023 13:24:38.054412,4688,True,True,True,True,Eyes,2.288119,0.0971363,-2.480757,-0.9838282,-0.1739315,-0.04277744,0.0,0.0,0.0,0.0,0.0,0.0,0.0,2.400115,-0.01203951,2.129612,2.239393,0.09461598,-2.296108,0.0164036,-0.7210351,0.0994864,0.685523,9.552803,267.6566,6.565023,0.667541,0.02820219,-0.7440384,0.0,0.0,0.0,1.074499,-0.1702694,-2.534283,-0.2492079,0.1435525,1.267103,-0.05957839,0.1127453,0.991836,-0.1600556,0.9796668,-0.1209763,-0.9853083,-0.1659565,-0.0403215,moving,87.51031,76.18267,-11.12665,6.463587,86.66407993907754,81.28744277887733,120.78907406053948,123.13259623526108,82.6596755894747
4460,4460,05/15/2023 13:24:38.071687,4689,True,True,True,True,Eyes,2.285248,0.09718967,-2.472306,-0.9839756,-0.1715254,-0.04869425,0.0,0.0,0.0,0.0,0.0,0.0,0.0,2.397678,-0.04348545,2.117127,2.231903,0.09808233,-2.289536,0.01219831,-0.7222368,0.09884231,0.684438,9.176313,267.4716,6.846415,0.6685631,0.02825923,-0.7431179,0.0,0.0,0.0,1.075189,-0.1678682,-2.534217,-0.2463605,0.1413297,1.267091,-0.06279162,0.1176827,0.9910641,-0.152923,0.9801628,-0.1260771,-0.9862413,-0.1594731,-0.04354966,moving,87.1669,74.15132,-11.00275,6.364392,86.27610275557876,79.31670983890245,119.29940397503957,121.59447303027314,83.07913591751871
4461,4461,05/15/2023 13:24:38.084655,4690,True,True,True,True,Eyes,2.282257,0.09728453,-2.463924,-0.9839523,-0.1697828,-0.05487835,0.0,0.0,0.0,0.0,0.0,0.0,0.0,2.4047,-0.05976421,2.095132,2.226048,0.09863043,-2.282699,0.009933791,-0.7249686,0.09502828,0.6821229,8.704423,267.0219,6.69484,0.6695617,0.02831911,-0.7422159,0.0,0.0,0.0,1.075839,-0.165608,-2.534155,-0.2442644,0.1297603,1.268862,-0.06921968,0.1152385,0.9909232,-0.1440453,0.9817419,-0.1242329,-0.9871472,-0.1513371,-0.0513563,moving,86.80773,72.08778,-10.89652,5.83906,85.87198462116457,77.3144239303528,118.04665759648131,120.30324657129053,83.4259232190469
4462,4462,05/15/2023 13:24:38.104700,4691,True,True,True,True,Eyes,2.279118,0.09745834,-2.455596,-0.9838914,-0.1680095,-0.06107824,0.0,0.0,0.0,0.0,0.0,0.0,0.0,2.412743,-0.03244616,2.072471,2.220244,0.09996864,-2.27553,0.01482893,-0.7270651,0.0965679,0.6795816,9.240401,266.6494,6.380484,0.6705367,0.02838287,-0.7413328,0.0,0.0,0.0,1.076513,-0.1632634,-2.534091,-0.2423702,0.1510705,1.268365,-0.07589811,0.1096883,0.9910643,-0.1528147,0.9809095,-0.1202674,-0.9853362,-0.1605772,-0.05768714,moving,86.44774,70.02175,-10.81816,6.792303,85.46700443741835,75.30970981231316,116.01128510078581,118.17558092526862,84.01260709706155
4463,4463,05/15/2023 13:24:38.114299,4692,True,True,True,True,Eyes,2.27589,0.09759926,-2.447354,-0.9837685,-0.1662496,-0.06753299,0.0,0.0,0.0,0.0,0.0,0.0,0.0,2.41831,-0.0350755,2.051073,2.213612,0.1020623,-2.268448,0.01499493,-0.7293639,0.09475562,0.6773663,9.121973,266.2607,6.191913,0.6714871,0.02845253,-0.7404695,0.0,0.0,0.0,1.07719,-0.1609083,-2.534027,-0.2428702,0.1535088,1.267296,-0.08190049,0.106495,0.9909346,-0.150242,0.9815931,-0.1179085,-0.9852511,-0.1585368,-0.06439298,moving,86.07297,67.8923,-10.84888,6.906649,85.04598078733082,73.24334093382771,114.51242131452946,116.60352062500137,84.35489100820315
4464,4464,05/15/2023 13:24:38.134244,4693,True,True,True,True,Eyes,2.272599,0.09770851,-2.43917,-0.9835612,-0.1646974,-0.07404299,0.0,0.0,0.0,0.0,0.0,0.0,0.0,2.424072,-0.03915909,2.030797,2.208347,0.1015037,-2.261569,0.01438812,-0.7317663,0.0911292,0.6752825,8.789379,265.8582,5.925239,0.6724128,0.02852657,-0.7396261,0.0,0.0,0.0,1.077859,-0.1585805,-2.533963,-0.2436654,0.1486599,1.268436,-0.08757307,0.1020184,0.9909203,-0.1441334,0.9829769,-0.1139385,-0.9856756,-0.1528026,-0.071378,moving,85.69487,65.79276,-10.874,6.684537,84.62254774299033,71.20572654591126,113.22247426767632,115.25005219629465,84.64861188432093
4465,4465,05/15/2023 13:24:38.154404,4694,True,True,True,True,Eyes,2.269209,0.09782694,-2.431077,-0.983256,-0.1633355,-0.08080272,0.0,0.0,0.0,0.0,0.0,0.0,0.0,2.434047,-0.02524166,2.006114,2.203584,0.10094,-2.254716,0.01688475,-0.7344418,0.09134762,0.6722841,9.025947,265.3899,5.696004,0.6733147,0.02860365,-0.7388021,0.0,0.0,0.0,1.07853,-0.1562479,-2.533899,-0.2432692,0.158527,1.267786,-0.0954982,0.09802136,0.9905918,-0.1476248,0.982741,-0.1114763,-0.9844222,-0.1568817,-0.07937961,moving,85.30206,63.67821,-10.86218,7.127406,84.18445913205665,69.15316837790813,111.55964542711676,113.4947523406264,85.11025903573612
4466,4466,05/15/2023 13:24:38.171795,4695,True,True,True,True,Eyes,2.265743,0.09797754,-2.423045,-0.9828917,-0.1620067,-0.08762345,0.0,0.0,0.0,0.0,0.0,0.0,0.0,2.44251,-0.02910951,1.981878,2.197894,0.1013552,-2.248006,0.01668164,-0.7371567,0.09075772,0.6693914,8.982826,264.9261,5.630591,0.6741928,0.02868383,-0.7379977,0.0,0.0,0.0,1.079229,-0.1538155,-2.533832,-0.2421727,0.1565349,1.267742,-0.1032738,0.09691091,0.9899207,-0.1460988,0.9829695,-0.1114722,-0.9838647,-0.1561384,-0.08735643,moving,84.90562,61.59269,-10.81473,7.038988,83.7436465876511,67.12850621821944,110.17482383025309,112.03587274881993,85.51859262199392
4467,4467,05/15/2023 13:24:38.184833,4696,True,True,True,True,Eyes,2.26218,0.09818271,-2.415063,-0.9824318,-0.1608741,-0.09459033,0.0,0.0,0.0,0.0,0.0,0.0,0.0,2.451616,-0.03366953,1.957067,2.192659,0.1022841,-2.241305,0.01646466,-0.7399984,0.09038831,0.6663043,8.958286,264.4382,5.582049,0.6750478,0.02876781,-0.7372126,0.0,0.0,0.0,1.079883,-0.1515401,-2.53377,-0.2390047,0.1554047,1.268707,-0.1115353,0.09608456,0.9891045,-0.1448199,0.9831178,-0.1118334,-0.9831517,-0.1557153,-0.09573739,moving,84.50041,59.54543,-10.6686,6.983406,83.29538384832671,65.14048453406375,108.71939491809488,110.5055475723543,86.04017201984324
4468,4468,05/15/2023 13:24:38.204583,4697,True,True,True,True,Eyes,2.258523,0.09841482,-2.407135,-0.9819482,-0.1595601,-0.1015793,0.0,0.0,0.0,0.0,0.0,0.0,0.0,2.460556,-0.03564249,1.931621,2.186882,0.1038408,-2.23462,0.01673911,-0.7428417,0.08954925,0.66324,8.931058,263.946,5.455284,0.6758794,0.02885694,-0.7364467,0.0,0.0,0.0,1.080551,-0.1492156,-2.533706,-0.2325672,0.1563767,1.269327,-0.1196654,0.09391624,0.9883623,-0.1436543,0.9834015,-0.1108377,-0.9823664,-0.1552459,-0.1041877,moving,84.09395,57.5183,-10.38262,7.023253,82.84645944724089,63.17184624944115,107.1240964979267,108.83163960205296,86.71532863934534
4469,4469,05/15/2023 13:24:38.224621,4698,True,True,True,True,Eyes,2.254804,0.09862099,-2.399258,-0.9813763,-0.1584055,-0.1086662,0.0,0.0,0.0,0.0,0.0,0.0,0.0,2.466836,-0.04338565,1.909033,2.181055,0.1047093,-2.227914,0.01577823,-0.7454392,0.08662306,0.6607329,8.626628,263.5038,5.277907,0.6766881,0.0289516,-0.7357,0.0,0.0,0.0,1.081365,-0.1463835,-2.533628,-0.2275183,0.15284,1.269755,-0.1263663,0.09094599,0.9878059,-0.1379928,0.984495,-0.1082941,-0.9823389,-0.1499949,-0.1118571,moving,83.68147,55.54988,-10.15862,6.863653,82.39330581217637,61.25966602170845,105.71807409664456,107.353552359484,87.3044327651568
4470,4470,05/15/2023 13:24:38.238575,4699,True,True,True,True,Eyes,2.251023,0.0988386,-2.391436,-0.9807202,-0.1574787,-0.1157079,0.0,0.0,0.0,0.0,0.0,0.0,0.0,2.472219,-0.04079068,1.88842,2.17593,0.1043652,-2.221281,0.01636941,-0.7476314,0.08579307,0.6583456,8.617461,263.1198,5.134657,0.6774751,0.02905057,-0.7349715,0.0,0.0,0.0,1.081911,-0.1444867,-2.533576,-0.2221012,0.1523897,1.270695,-0.1326263,0.08848643,0.9872086,-0.1374396,0.9847432,-0.1067297,-0.981591,-0.1498366,-0.1184412,moving,83.2712,53.69331,-9.914416,6.838607,81.94534257556104,59.45547448199167,104.30207199532359,105.86193834035835,87.93557770191215
4471,4471,05/15/2023 13:24:38.254601,4700,True,True,True,True,Eyes,2.2472,0.09908248,-2.383684,-0.9799824,-0.1567891,-0.1226852,0.0,0.0,0.0,0.0,0.0,0.0,0.0,2.477406,-0.03313747,1.867968,2.170718,0.1049133,-2.214705,0.01808967,-0.7496196,0.08732393,0.6558338,8.896328,262.7598,5.076381,0.6782407,0.02915381,-0.734261,0.0,0.0,0.0,1.082569,-0.142196,-2.533514,-0.217818,0.154367,1.270423,-0.13911,0.08741923,0.986411,-0.1416607,0.9840946,-0.1071918,-0.9800924,-0.1546471,-0.1245135,moving,82.8642,51.95734,-9.728948,6.927953,81.50383492630371,57.76774737773468,102.9618218085989,104.44187557128797,88.52602752431949
4472,4472,05/15/2023 13:24:38.271884,4701,True,True,True,True,Eyes,2.243324,0.09940712,-2.375967,-0.9791559,-0.156439,-0.1295394,0.0,0.0,0.0,0.0,0.0,0.0,0.0,2.481619,-0.0323344,1.848409,2.165827,0.1058286,-2.207732,0.01874436,-0.7516116,0.08870639,0.6533452,9.081461,262.4033,5.097368,0.6789846,0.02926163,-0.7335688,0.0,0.0,0.0,1.083284,-0.1397099,-2.533445,-0.2138664,0.1516091,1.270224,-0.1455778,0.08773483,0.9854492,-0.1440888,0.9835597,-0.1088524,-0.9787982,-0.1578386,-0.1305427,moving,82.4637,50.37351,-9.557196,6.806405,81.0727711094066,56.22701761897831,101.81325031018233,103.22881327365553,89.06577600265427
4473,4473,05/15/2023 13:24:38.287310,4702,True,True,True,True,Eyes,2.239395,0.09976558,-2.368311,-0.9783075,-0.1559876,-0.1363167,0.0,0.0,0.0,0.0,0.0,0.0,0.0,2.482786,-0.02387926,1.832776,2.160698,0.1081555,-2.200809,0.02095027,-0.7528753,0.09192886,0.6513746,9.538768,262.16,5.132034,0.679709,0.02937626,-0.7328932,0.0,0.0,0.0,1.08391,-0.1375307,-2.533386,-0.2085626,0.1532511,1.270293,-0.1505442,0.08821438,0.9846596,-0.1513061,0.9822204,-0.111129,-0.9769558,-0.1657149,-0.1345201,moving,82.06753,48.84997,-9.323901,6.879053,80.64754485128078,54.74459493594604,100.56814373373237,101.91158507938025,89.69190838114916
4474,4474,05/15/2023 13:24:38.304626,4703,True,True,True,True,Eyes,2.23544,0.1001316,-2.360698,-0.9774122,-0.1556586,-0.1429535,0.0,0.0,0.0,0.0,0.0,0.0,0.0,2.482454,-0.02617522,1.818842,2.155457,0.1093413,-2.193968,0.0208334,-0.7542775,0.09035136,0.6499754,9.403277,261.9159,5.002295,0.6804143,0.02949819,-0.7322333,0.0,0.0,0.0,1.084579,-0.1352053,-2.533322,-0.2028168,0.1550392,1.269685,-0.154196,0.08602399,0.9842883,-0.1488807,0.9828052,-0.1092176,-0.9767591,-0.1633824,-0.1387372,moving,81.67908,47.43631,-9.075634,6.961833,80.2327915635598,53.36843294624735,99.37102898554149,100.6457519978511,90.32753633215023
4475,4475,05/15/2023 13:24:38.314385,4704,True,True,True,True,Eyes,2.23141,0.1005547,-2.35314,-0.9764671,-0.1551631,-0.1497878,0.0,0.0,0.0,0.0,0.0,0.0,0.0,2.482072,-0.01585557,1.806084,2.150883,0.1099472,-2.187347,0.02280287,-0.7553481,0.0906794,0.648619,9.588438,261.7116,4.839403,0.6811009,0.02962685,-0.7315896,0.0,0.0,0.0,1.085286,-0.1327448,-2.533254,-0.1972174,0.1613794,1.268715,-0.1575471,0.08318456,0.9840017,-0.152081,0.9825146,-0.1074083,-0.9757308,-0.1665698,-0.1421416,moving,81.27894,46.00984,-8.835721,7.249044,79.80636749357215,51.97954456203464,98.0971530356439,99.28865762529202,90.99634656793103
4476,4476,05/15/2023 13:24:38.334150,4705,True,True,True,True,Eyes,2.227323,0.1009672,-2.345642,-0.9755028,-0.154419,-0.1566815,0.0,0.0,0.0,0.0,0.0,0.0,0.0,2.485092,-0.02355744,1.787643,2.145135,0.1116957,-2.181243,0.02198232,-0.7573325,0.089007,0.6465617,9.395103,261.3682,4.756046,0.681769,0.02976349,-0.7309615,0.0,0.0,0.0,1.085928,-0.130511,-2.533193,-0.1899725,0.1633422,1.268374,-0.1629495,0.08180116,0.9832376,-0.1483929,0.9831891,-0.1063899,-0.9754112,-0.1632416,-0.1480715,moving,80.8753,44.58332,-8.518235,7.338205,79.3765524006584,50.59049818611174,96.84215348266193,97.9604742641863,91.7124243945095
4477,4477,05/15/2023 13:24:38.354591,4706,True,True,True,True,Eyes,2.223159,0.1013561,-2.338122,-0.9744371,-0.1536118,-0.1639384,0.0,0.0,0.0,0.0,0.0,0.0,0.0,2.492008,-0.03950267,1.763592,2.139749,0.1117937,-2.175063,0.01953859,-0.7602019,0.08637862,0.6436226,9.002722,260.8784,4.732295,0.6824192,0.02990715,-0.7303486,0.0,0.0,0.0,1.086616,-0.1281193,-2.533128,-0.1834809,0.1651709,1.267784,-0.1707363,0.08148392,0.9819417,-0.140897,0.984314,-0.1061794,-0.9751908,-0.1564813,-0.1565772,moving,80.45004,43.13742,-8.234991,7.422866,78.92527041808255,49.182074924286745,95.60629733908681,96.64751781836262,92.41481222268263
4478,4478,05/15/2023 13:24:38.371673,4707,True,True,True,True,Eyes,2.218915,0.1017394,-2.330625,-0.9732895,-0.1528365,-0.1713145,0.0,0.0,0.0,0.0,0.0,0.0,0.0,2.503174,-0.04597816,1.732461,2.134088,0.1115235,-2.168559,0.01890493,-0.7636924,0.08624334,0.6395144,8.969387,260.2566,4.728871,0.6830517,0.03005639,-0.7297509,0.0,0.0,0.0,1.087306,-0.1257169,-2.533062,-0.176779,0.1625728,1.267194,-0.1813279,0.08143262,0.9800453,-0.1391828,0.9844094,-0.1075468,-0.9735236,-0.1559067,-0.1671668,moving,80.01729,41.73743,-7.941756,7.310742,78.46798649758144,47.81771343991639,94.45628946703052,95.43300442578833,93.10579848175628
4479,4479,05/15/2023 13:24:38.394422,4708,True,True,True,True,Eyes,2.214577,0.1021321,-2.323114,-0.9720703,-0.1519789,-0.1788341,0.0,0.0,0.0,0.0,0.0,0.0,0.0,2.513224,-0.05146869,1.701245,2.128058,0.1117759,-2.161493,0.01852045,-0.7671211,0.0862485,0.6354082,8.966804,259.64,4.714785,0.6836678,0.0302108,-0.7291674,0.0,0.0,0.0,1.087966,-0.1234237,-2.532999,-0.1708982,0.1562901,1.266851,-0.1918269,0.08119115,0.9780647,-0.1380208,0.9844365,-0.10879,-0.9716752,-0.1558622,-0.1776354,moving,79.57572,40.35895,-7.68282,7.032984,78.0027471977678,46.4738294884163,93.40595705181099,94.32707309592676,93.7479854539063
4480,4480,05/15/2023 13:24:38.404384,4709,True,True,True,True,Eyes,2.210153,0.1025369,-2.315626,-0.9708061,-0.1509774,-0.1863903,0.0,0.0,0.0,0.0,0.0,0.0,0.0,2.520243,-0.05899613,1.673082,2.121646,0.1123342,-2.154139,0.01772982,-0.7701545,0.08568908,0.6318268,8.881537,259.0955,4.700924,0.6842675,0.03037024,-0.7285981,0.0,0.0,0.0,1.088644,-0.1210644,-2.532934,-0.1660544,0.1544487,1.2654,-0.2009611,0.0809719,0.9762469,-0.1355907,0.9846861,-0.1095833,-0.9701699,-0.154392,-0.1869046,moving,79.13173,39.0077,-7.476023,6.958827,77.53590673345124,45.15614274220167,92.34735047785149,93.19905110522691,94.37063135722157
4481,4481,05/15/2023 13:24:38.414354,4710,True,True,True,True,Eyes,2.205628,0.1029269,-2.308138,-0.9694983,-0.1496511,-0.1941074,0.0,0.0,0.0,0.0,0.0,0.0,0.0,2.525851,-0.06901836,1.64698,2.115263,0.113006,-2.147118,0.01635133,-0.7730003,0.08374862,0.628641,8.628875,258.5898,4.642171,0.6848511,0.03053475,-0.7280427,0.0,0.0,0.0,1.089345,-0.118625,-2.532867,-0.1614344,0.1499373,1.26402,-0.2090867,0.08001646,0.9746181,-0.1305748,0.9854376,-0.1089172,-0.9691405,-0.1500336,-0.1955937,moving,78.67826,37.63116,-7.278131,6.76478,77.05919549390082,43.81375746968551,91.33035950903336,92.11629265058428,94.97561230198735
4482,4482,05/15/2023 13:24:38.434416,4711,True,True,True,True,Eyes,2.201005,0.1032898,-2.300667,-0.9681357,-0.148158,-0.201897,0.0,0.0,0.0,0.0,0.0,0.0,0.0,2.532023,-0.08382131,1.618725,2.108543,0.1129435,-2.14003,0.01387058,-0.7761583,0.08011412,0.625274,8.14671,258.0346,4.557347,0.6854192,0.0307037,-0.7275009,0.0,0.0,0.0,1.089987,-0.1163908,-2.532806,-0.1567907,0.1436785,1.263209,-0.2176801,0.078655,0.9728456,-0.1217181,0.9867787,-0.1070167,-0.9684007,-0.1417083,-0.2052284,moving,78.22025,36.27232,-7.075421,6.488989,76.57857004830907,42.48830782740816,90.34599214572721,91.07107759518364,95.57880012102656
4483,4483,05/15/2023 13:24:38.454471,4712,True,True,True,True,Eyes,2.196277,0.1036193,-2.293199,-0.9666845,-0.1466559,-0.2097935,0.0,0.0,0.0,0.0,0.0,0.0,0.0,2.538794,-0.09145065,1.589019,2.101686,0.1126377,-2.132848,0.01263735,-0.7793438,0.07747176,0.6216606,7.84343,257.461,4.436157,0.6859711,0.03087581,-0.7269731,0.0,0.0,0.0,1.090652,-0.1140766,-2.532743,-0.154305,0.1353906,1.261874,-0.2267571,0.0766246,0.9709328,-0.1160199,0.9876769,-0.105042,-0.9670166,-0.1364665,-0.2150727,moving,77.75534,34.95544,-6.971657,6.124027,76.09240635081555,41.20312727321392,89.49812509887892,90.16752129412507,96.08061457756057
4484,4484,05/15/2023 13:24:38.471671,4713,True,True,True,True,Eyes,2.191446,0.1039357,-2.285717,-0.9651631,-0.1451822,-0.2176751,0.0,0.0,0.0,0.0,0.0,0.0,0.0,2.545454,-0.09362699,1.558384,2.094535,0.112168,-2.125324,0.01238189,-0.7825153,0.07574575,0.6178829,7.691865,256.8789,4.29547,0.6865067,0.03104981,-0.7264599,0.0,0.0,0.0,1.091338,-0.1116915,-2.532677,-0.1535814,0.1242145,1.259936,-0.2361349,0.07422594,0.9688813,-0.112982,0.9882185,-0.1032433,-0.9651298,-0.1338455,-0.2249667,moving,77.29061,33.70199,-6.94985,5.630476,75.6081466700318,39.97915331876636,88.79450996127967,89.4184234244695,96.48590924486618
4485,4485,05/15/2023 13:24:38.484741,4714,True,True,True,True,Eyes,2.186517,0.1042254,-2.278239,-0.9635972,-0.1437452,-0.2254279,0.0,0.0,0.0,0.0,0.0,0.0,0.0,2.548479,-0.09406145,1.532811,2.087333,0.1121853,-2.117441,0.01254206,-0.7850134,0.07511622,0.6147799,7.663548,256.414,4.204896,0.6870269,0.03122542,-0.7259604,0.0,0.0,0.0,1.09201,-0.109356,-2.532613,-0.1500912,0.1209233,1.25776,-0.2437767,0.07266852,0.967105,-0.1120512,0.9884005,-0.1025132,-0.9633366,-0.1333557,-0.2328064,moving,76.8328,32.52382,-6.805047,5.491639,75.13264166274907,38.828030878548674,87.89782853069904,88.45959443086862,97.0552206038623
4486,4486,05/15/2023 13:24:38.504674,4715,True,True,True,True,Eyes,2.18149,0.1045047,-2.270758,-0.9619893,-0.1422306,-0.2331247,0.0,0.0,0.0,0.0,0.0,0.0,0.0,2.548223,-0.1003566,1.512131,2.080083,0.1118335,-2.109692,0.01157104,-0.7869453,0.0745073,0.6123984,7.552727,256.0589,4.225613,0.6875301,0.03140131,-0.7254763,0.0,0.0,0.0,1.092675,-0.1070426,-2.53255,-0.1438898,0.1187437,1.255158,-0.2496686,0.07304475,0.9655724,-0.1094678,0.9886295,-0.1030942,-0.962124,-0.1314385,-0.2388337,moving,76.37778,31.38759,-6.539771,5.40436,74.66098237251595,37.71746207664288,86.89331680325307,87.39392950359712,97.74809571146858
4487,4487,05/15/2023 13:24:38.514477,4716,True,True,True,True,Eyes,2.176372,0.1047452,-2.263293,-0.9603395,-0.1406414,-0.2407653,0.0,0.0,0.0,0.0,0.0,0.0,0.0,2.548451,-0.1116516,1.490147,2.072765,0.1118156,-2.102082,0.009758099,-0.7890685,0.07347974,0.6098169,7.346085,255.6716,4.291626,0.6880189,0.03157806,-0.725005,0.0,0.0,0.0,1.093396,-0.1045325,-2.532481,-0.1382872,0.1128627,1.252946,-0.2560566,0.07421874,0.9638085,-0.105018,0.989011,-0.1040598,-0.9609405,-0.1278624,-0.2454485,moving,75.92556,30.29105,-6.298224,5.147191,74.19311712816057,36.64527629567063,85.98234877398116,86.4348620286008,98.39332959930992
4488,4488,05/15/2023 13:24:38.544636,4717,True,True,True,True,Eyes,2.171151,0.1049497,-2.255801,-0.9586258,-0.1390133,-0.2484188,0.0,0.0,0.0,0.0,0.0,0.0,0.0,2.550689,-0.1267981,1.463656,2.065425,0.1110844,-2.094291,0.007060158,-0.7917699,0.07140747,0.6065903,6.986865,255.1791,4.35952,0.6884933,0.03175453,-0.7245468,0.0,0.0,0.0,1.094021,-0.1023593,-2.532421,-0.1369027,0.1090768,1.249768,-0.2639971,0.07545009,0.961568,-0.09781018,0.9897023,-0.1045113,-0.9595515,-0.1216418,-0.2538988,moving,75.47192,29.23104,-6.251396,4.987997,73.72487279787525,35.60829225802876,85.24333118746418,85.6376438986901,98.86099350794525
4489,4489,05/15/2023 13:24:38.554299,4718,True,True,True,True,Eyes,2.165824,0.1051142,-2.248284,-0.9568391,-0.1373805,-0.2560967,0.0,0.0,0.0,0.0,0.0,0.0,0.0,2.55245,-0.1367738,1.436972,2.057847,0.1103858,-2.086067,0.005405859,-0.7943896,0.07069061,0.6032569,6.824815,254.6901,4.430389,0.6889518,0.03192913,-0.7241032,0.0,0.0,0.0,1.094858,-0.09944771,-2.532341,-0.1343612,0.1038323,1.246226,-0.2721039,0.07670046,0.9592062,-0.0938779,0.9899472,-0.1057895,-0.9576777,-0.118834,-0.262168,moving,75.01607,28.21088,-6.153544,4.762735,73.25557482115448,34.609688521063795,84.48858941212133,84.83306422875914,99.37391393627024
4490,4490,05/15/2023 13:24:38.573269,4719,True,True,True,True,Eyes,2.160403,0.1052168,-2.240725,-0.9550169,-0.135607,-0.26373,0.0,0.0,0.0,0.0,0.0,0.0,0.0,2.55196,-0.1536228,1.412328,2.049993,0.1095407,-2.077571,0.002423635,-0.7967732,0.069564,0.6002563,6.532284,254.2483,4.598381,0.6893954,0.03210118,-0.7236733,0.0,0.0,0.0,1.095429,-0.09746078,-2.532287,-0.1322727,0.09768862,1.243006,-0.2793733,0.07965028,0.9568734,-0.08737463,0.99031,-0.1079439,-0.956199,-0.1137631,-0.2697068,moving,74.56239,27.21171,-6.074188,4.493673,72.78895081579654,33.631405201938804,83.7756940686465,84.07378962406474,99.86158359576457
4491,4491,05/15/2023 13:24:38.584158,4720,True,True,True,True,Eyes,2.154881,0.1052651,-2.233109,-0.9531126,-0.1338951,-0.2713824,0.0,0.0,0.0,0.0,0.0,0.0,0.0,2.550134,-0.1699434,1.389783,2.04239,0.1080711,-2.068942,-0.0006854319,-0.7989228,0.06814802,0.5975599,6.204121,253.8481,4.762552,0.6898261,0.03226958,-0.7232552,0.0,0.0,0.0,1.09602,-0.0954034,-2.53223,-0.1310751,0.09476581,1.239159,-0.2858437,0.08254028,0.9547151,-0.08034985,0.9907108,-0.1097092,-0.9549019,-0.1080709,-0.2765563,moving,74.10661,26.26088,-6.038147,4.373234,72.32161121247007,32.69969727884289,83.07978768635826,83.32250733747998,100.32802871037501
4492,4492,05/15/2023 13:24:38.604273,4721,True,True,True,True,Eyes,2.149266,0.1052749,-2.225461,-0.951148,-0.1320459,-0.2790721,0.0,0.0,0.0,0.0,0.0,0.0,0.0,2.548964,-0.1853174,1.365315,2.03466,0.1067591,-2.060196,-0.003479596,-0.8012455,0.06763089,0.594491,5.983424,253.4072,4.959926,0.6902432,0.03243257,-0.7228498,0.0,0.0,0.0,1.096689,-0.09307672,-2.532167,-0.1326802,0.09279858,1.234823,-0.2931367,0.08598794,0.9521958,-0.0748359,0.9908279,-0.1125151,-0.9531371,-0.1042407,-0.2840131,moving,73.64802,25.32166,-6.132828,4.297773,71.85186679334527,31.77910324682185,82.50446977096377,82.68516272068464,100.67340465483186
4493,4493,05/15/2023 13:24:38.624278,4722,True,True,True,True,Eyes,2.143558,0.1052401,-2.217752,-0.9490269,-0.1302894,-0.2870061,0.0,0.0,0.0,0.0,0.0,0.0,0.0,2.549654,-0.2014272,1.337054,2.026908,0.1057607,-2.051702,-0.006490797,-0.8040085,0.06606208,0.590901,5.656147,252.8798,5.102781,0.6906477,0.03258988,-0.7224562,0.0,0.0,0.0,1.097376,-0.09068637,-2.532101,-0.1364168,0.09205806,1.230188,-0.3015878,0.08850961,0.9493214,-0.06763498,0.9911873,-0.1138998,-0.9510366,-0.09855811,-0.2929437,moving,73.17356,24.41617,-6.327731,4.279609,71.36767248306049,30.89055624941464,82.01180622064973,82.12623354267926,100.94264936499046
4494,4494,05/15/2023 13:24:38.634414,4723,True,True,True,True,Eyes,2.137769,0.1051329,-2.210015,-0.9468023,-0.1284789,-0.2950569,0.0,0.0,0.0,0.0,0.0,0.0,0.0,2.552656,-0.206778,1.305011,2.01927,0.1046597,-2.042904,-0.007643389,-0.8071998,0.06435196,0.5867103,5.446765,252.2638,5.06293,0.6910403,0.03274066,-0.7220739,0.0,0.0,0.0,1.098056,-0.08832387,-2.532036,-0.138717,0.09336931,1.22551,-0.3114255,0.08785139,0.9462012,-0.06317243,0.9916008,-0.1128587,-0.9481686,-0.09492087,-0.3032599,moving,72.69113,23.53013,-6.457893,4.35684,70.87628982172808,30.02052583026912,81.43821517738849,81.48128989589706,101.2950242710149
4495,4495,05/15/2023 13:24:38.653938,4724,True,True,True,True,Eyes,2.131901,0.1049552,-2.202284,-0.9444455,-0.1267706,-0.3032355,0.0,0.0,0.0,0.0,0.0,0.0,0.0,2.556883,-0.2058042,1.271089,2.011562,0.1030471,-2.034373,-0.007818515,-0.8105679,0.06232699,0.5822663,5.274971,251.6091,4.911637,0.6914225,0.03288375,-0.7217014,0.0,0.0,0.0,1.098724,-0.08600013,-2.531973,-0.1398917,0.09186091,1.220649,-0.3218097,0.0852567,0.9429581,-0.05990694,0.9921084,-0.1101454,-0.9449074,-0.09193559,-0.3141628,moving,72.1996,22.68785,-6.537827,4.303728,70.37728735013445,29.192432259003613,80.85516898931826,80.84171209954921,101.69152413576765
4496,4496,05/15/2023 13:24:38.664422,4725,True,True,True,True,Eyes,2.125962,0.1047158,-2.19454,-0.9419829,-0.1250625,-0.3114927,0.0,0.0,0.0,0.0,0.0,0.0,0.0,2.560276,-0.2030058,1.238272,2.003768,0.1010634,-2.025892,-0.007727532,-0.8137727,0.06054832,0.5779691,5.14132,250.981,4.75531,0.6917925,0.03301719,-0.7213407,0.0,0.0,0.0,1.099451,-0.08347094,-2.531903,-0.1440163,0.09266946,1.215198,-0.3317839,0.08256704,0.9397352,-0.05741322,0.9925484,-0.1074777,-0.9416068,-0.08961259,-0.3245712,moving,71.7021,21.87518,-6.758749,4.360865,69.87331053179146,28.392720938895405,80.39189048479967,80.31190850647151,101.966752844681
4497,4497,05/15/2023 13:24:38.687458,4726,True,True,True,True,Eyes,2.119968,0.1044166,-2.186832,-0.9393758,-0.1234107,-0.319911,0.0,0.0,0.0,0.0,0.0,0.0,0.0,2.56324,-0.2090845,1.204912,1.996221,0.0993146,-2.017664,-0.008980361,-0.8170237,0.05996795,0.5734071,5.030825,250.3354,4.805248,0.6921526,0.03314063,-0.7209895,0.0,0.0,0.0,1.10006,-0.08135243,-2.531845,-0.1538395,0.09275527,1.209008,-0.3422474,0.08344642,0.9358971,-0.05409775,0.9926464,-0.1082893,-0.9380513,-0.08769166,-0.3352164,moving,71.19337,21.0949,-7.251594,4.387145,69.35934100140518,27.62390923896756,80.2044977174056,80.05737051694173,101.97998562394223
4498,4498,05/15/2023 13:24:38.704577,4727,True,True,True,True,Eyes,2.113894,0.1042526,-2.179126,-0.9365986,-0.1220791,-0.3284506,0.0,0.0,0.0,0.0,0.0,0.0,0.0,2.566552,-0.2225443,1.168403,1.988607,0.09762929,-2.009426,-0.01154592,-0.8205953,0.05934581,0.568303,4.834313,249.6192,4.974381,0.6925008,0.03325259,-0.7206499,0.0,0.0,0.0,1.100731,-0.07901553,-2.531781,-0.1630464,0.08591546,1.203101,-0.353797,0.08640185,0.9313231,-0.04850376,0.9926895,-0.1105209,-0.9340639,-0.08427462,-0.3470198,moving,70.67502,20.38918,-7.717811,4.084655,68.83808794848748,26.926735713893503,80.07042829703227,79.89096516597513,101.99432582334809
4499,4499,05/15/2023 13:24:38.714328,4728,True,True,True,True,Eyes,2.107715,0.1041678,-2.171436,-0.933641,-0.1205706,-0.3373088,0.0,0.0,0.0,0.0,0.0,0.0,0.0,2.569726,-0.2428915,1.130165,1.980715,0.1006681,-2.001597,-0.01361041,-0.8242546,0.06345291,0.5624884,5.122837,248.8629,5.405056,0.6928391,0.03335941,-0.7203198,0.0,0.0,0.0,1.101421,-0.076616,-2.531715,-0.166021,0.08237442,1.198015,-0.3668436,0.09381992,0.9255399,-0.04894615,0.9915769,-0.1199141,-0.9289945,-0.08929127,-0.3591616,moving,70.13606,19.66936,-7.889802,3.933414,68.29649014665708,26.215311424572835,79.59682868907505,79.37779326672522,102.33770821310283
4500,4500,05/15/2023 13:24:38.734337,4729,True,True,True,True,Eyes,2.101491,0.1040515,-2.163725,-0.9304315,-0.1191518,-0.3465546,0.0,0.0,0.0,0.0,0.0,0.0,0.0,2.573934,-0.2922551,1.07937,1.972137,0.1023127,-1.99394,-0.02218011,-0.8291414,0.06194909,0.5551531,4.4795,247.8467,6.078261,0.6931639,0.03346346,-0.7200025,0.0,0.0,0.0,1.102082,-0.07431593,-2.531652,-0.1643117,0.08051655,1.192873,-0.3826261,0.1055633,0.9178528,-0.03200157,0.9913408,-0.1273558,-0.923349,-0.07810238,-0.3759346,moving,69.57133,18.97391,-7.842824,3.861492,67.73059931916289,25.526592664808483,78.87544876159146,78.61754828912994,102.9333486305692
4501,4501,05/15/2023 13:24:38.754343,4730,True,True,True,True,Eyes,2.101491,0.1040515,-2.163725,-0.9304315,-0.1191518,-0.3465546,0.0,0.0,0.0,0.0,0.0,0.0,0.0,2.583977,-0.3040382,1.021728,1.964964,0.1014104,-1.985432,-0.0239615,-0.834883,0.06243727,0.5463494,4.477806,246.6456,6.232695,0.6934776,0.03356452,-0.7196956,0.0,0.0,0.0,1.102748,-0.07199935,-2.531589,-0.1621323,0.07454048,1.187878,-0.4018562,0.1082352,0.9092836,-0.02821503,0.9910548,-0.1304383,-0.915268,-0.07807291,-0.3952076,moving,69.57133,18.97391,-7.772217,3.590657,67.73059931916289,25.526592664808483,78.85853622407164,78.62480871592545,102.9745712742778
4502,4502,05/15/2023 13:24:38.771661,4731,True,True,True,True,Eyes,2.101491,0.1040515,-2.163725,-0.9304315,-0.1191518,-0.3465546,0.0,0.0,0.0,0.0,0.0,0.0,0.0,2.590434,-0.3106256,0.9706953,1.956164,0.1082788,-1.97757,-0.02229742,-0.8397315,0.0680716,0.5382566,5.182032,245.6078,6.383461,0.6937599,0.03365567,-0.7194182,0.0,0.0,0.0,1.103439,-0.06959634,-2.531523,-0.161964,0.06720021,1.182433,-0.4195654,0.1107277,0.9009463,-0.03583229,0.9897382,-0.1383272,-0.9070176,-0.09032027,-0.4112922,moving,69.57133,18.97391,-7.799562,3.252742,67.73059931916289,25.526592664808483,78.95194774139449,78.74598207106797,102.91096449995793
4503,4503,05/15/2023 13:24:38.784340,4732,True,True,True,True,Eyes,2.101491,0.1040515,-2.163725,-0.9304315,-0.1191518,-0.3465546,0.0,0.0,0.0,0.0,0.0,0.0,0.0,2.592353,-0.3613223,0.9131775,1.946784,0.1104727,-1.970423,-0.03302587,-0.844911,0.05867767,0.530652,3.675428,244.4806,6.795505,0.694014,0.03373771,-0.7191684,0.0,0.0,0.0,1.104146,-0.06713594,-2.531456,-0.1638068,0.06184845,1.176397,-0.4346355,0.1180827,0.8928317,-0.006467005,0.9909324,-0.1342053,-0.9005833,-0.06410431,-0.4299307,moving,69.57133,18.97391,-7.927152,3.009526,67.73059931916289,25.526592664808483,79.12569916786696,78.9374032120371,102.75772045822481
4504,4504,05/15/2023 13:24:38.804582,4733,True,True,True,True,Eyes,2.101491,0.1040515,-2.163725,-0.9304315,-0.1191518,-0.3465546,0.0,0.0,0.0,0.0,0.0,0.0,0.0,2.598623,-0.3586822,0.8628509,1.939708,0.1101609,-1.962499,-0.03201436,-0.849735,0.05991506,0.5228152,3.919146,243.4362,6.738081,0.6942427,0.03381155,-0.7189437,0.0,0.0,0.0,1.104782,-0.06492326,-2.531395,-0.1662103,0.05850803,1.170168,-0.4512788,0.1170564,0.8846724,-0.008241556,0.9907706,-0.135299,-0.892345,-0.06834865,-0.4461491,moving,69.57133,18.97391,-8.084194,2.862386,67.73059931916289,25.526592664808483,79.30927822970747,79.12995102849827,102.58556470504942
4505,4505,05/15/2023 13:24:38.814209,4734,True,True,True,True,Eyes,2.093818,0.1044515,-2.154922,-0.9261407,-0.1174525,-0.3584249,0.0,0.0,0.0,0.0,0.0,0.0,0.0,2.602087,-0.364802,0.8122823,1.9308,0.1128865,-1.955253,-0.03199181,-0.8543131,0.06141844,0.5151247,4.127813,242.4224,6.790832,0.6944485,0.033878,-0.7187414,0.0,0.0,0.0,1.105502,-0.0624213,-2.531326,-0.1696284,0.05301041,1.163722,-0.4672461,0.1179383,0.8762257,-0.008614258,0.9904086,-0.1379007,-0.8840852,-0.07198162,-0.4617486,moving,68.84311,18.14349,-8.293237,2.608161,67.00269211914583,24.702520470765464,78.6852112893055,78.47061655383395,103.07083247771548
4506,4506,05/15/2023 13:24:38.834114,4735,True,True,True,True,Eyes,2.086151,0.1048675,-2.146192,-0.92164,-0.116023,-0.3702948,0.0,0.0,0.0,0.0,0.0,0.0,0.0,2.601085,-0.385771,0.7678893,1.922466,0.1140163,-1.948137,-0.03663826,-0.8581306,0.05716254,0.5089224,3.486525,241.5532,6.966436,0.6946481,0.03396446,-0.7185441,0.0,0.0,0.0,1.106151,-0.06016337,-2.531264,-0.1758233,0.05110908,1.157573,-0.4793114,0.1210634,0.8692551,0.004698227,0.9907802,-0.1353979,-0.8776325,-0.0608138,-0.4754611,moving,68.11082,17.39713,-8.636625,2.528078,66.27313548632904,23.959426634701185,78.17454202876235,77.91517772822758,103.44659086110624
4507,4507,05/15/2023 13:24:38.854516,4736,True,True,True,True,Eyes,2.078417,0.105284,-2.13753,-0.9170048,-0.1146741,-0.3820367,0.0,0.0,0.0,0.0,0.0,0.0,0.0,2.601646,-0.388571,0.7266672,1.914989,0.11485,-1.940935,0.03628357,0.8618336,-0.05931343,-0.5024025,3.771564,240.7115,7.030884,0.6948411,0.0340696,-0.7183523,0.0,0.0,0.0,1.106845,-0.05774734,-2.531198,-0.1828732,0.0604456,1.150674,-0.4925502,0.1221392,0.8616704,0.002942355,0.9903309,-0.1386945,-0.8702788,-0.06577869,-0.4881471,moving,67.38272,16.70793,-9.030327,3.007018,65.54919547301252,23.27161547824809,77.63162204576145,77.28362752393289,103.82745824314772
4508,4508,05/15/2023 13:24:38.871677,4737,True,True,True,True,Eyes,2.070668,0.105652,-2.128941,-0.9122145,-0.1133639,-0.3937173,0.0,0.0,0.0,0.0,0.0,0.0,0.0,2.600166,-0.3968852,0.6851132,1.906026,0.1152275,-1.934308,0.03783582,0.8653187,-0.05862027,-0.4963425,3.663201,239.9047,7.118664,0.6950259,0.03419178,-0.7181675,0.0,0.0,0.0,1.107523,-0.05538836,-2.531133,-0.1868984,0.05197714,1.143905,-0.5044253,0.1236715,0.8545529,0.00728862,0.9902642,-0.1390094,-0.8634246,-0.06389137,-0.5004158,moving,66.65468,16.06281,-9.279357,2.601635,64.82651559865653,22.626337152587197,77.11796942022005,76.76372222546365,104.25916038363954
4509,4509,05/15/2023 13:24:38.884711,4738,True,True,True,True,Eyes,2.062868,0.1059988,-2.120419,-0.9073949,-0.1121095,-0.4050505,0.0,0.0,0.0,0.0,0.0,0.0,0.0,2.596628,-0.4091551,0.6480644,1.897984,0.1143814,-1.927289,0.04018814,0.8683956,-0.05890292,-0.4907183,3.603987,239.1718,7.34599,0.6952021,0.03432783,-0.7179904,0.0,0.0,0.0,1.108158,-0.05318075,-2.531073,-0.1862338,0.04284358,1.139252,-0.515161,0.1276079,0.8475408,0.01198892,0.9898307,-0.1417442,-0.8570096,-0.06285997,-0.5114521,moving,65.94457,15.47097,-9.284036,2.153693,64.1226533735083,22.03302869916087,76.39825277712812,76.050838474133,104.91224290477618
4510,4510,05/15/2023 13:24:38.904650,4739,True,True,True,True,Eyes,2.055026,0.1063489,-2.112,-0.9024676,-0.1107193,-0.4162853,0.0,0.0,0.0,0.0,0.0,0.0,0.0,2.590961,-0.4267314,0.6132822,1.88926,0.114133,-1.920668,0.04325117,0.8711276,-0.0600728,-0.4854455,3.59308,238.5002,7.697446,0.6953684,0.03447583,-0.7178221,0.0,0.0,0.0,1.108868,-0.05071121,-2.531005,-0.1853685,0.05275669,1.134013,-0.5249442,0.1336787,0.8405735,0.01703044,0.9890412,-0.1466543,-0.8509663,-0.06266998,-0.521468,moving,65.23733,14.89413,-9.283603,2.663601,63.421979708539645,21.45428311272633,75.51791373449302,75.09455034321621,105.66690973822044
4511,4511,05/15/2023 13:24:38.914087,4740,True,True,True,True,Eyes,2.047133,0.1066931,-2.103653,-0.8975247,-0.1092096,-0.4272268,0.0,0.0,0.0,0.0,0.0,0.0,0.0,2.584432,-0.4470715,0.5793216,1.880459,0.1144482,-1.914562,0.04750934,0.8736754,-0.05877657,-0.4806032,3.269754,237.8595,8.032766,0.6955235,0.03463485,-0.717664,0.0,0.0,0.0,1.109527,-0.04841906,-2.530942,-0.1857147,0.04911882,1.128561,-0.5335267,0.1395119,0.8341975,0.02651907,0.9885764,-0.1483696,-0.8453672,-0.057037,-0.5311317,moving,64.54529,14.33914,-9.344779,2.492135,62.73662268446487,20.897096301287352,74.83377462279171,74.39402576349165,106.27532343860432
4512,4512,05/15/2023 13:24:38.934415,4741,True,True,True,True,Eyes,2.039207,0.1070384,-2.09543,-0.8924296,-0.1076981,-0.4381444,0.0,0.0,0.0,0.0,0.0,0.0,0.0,2.579228,-0.4611147,0.5434117,1.871972,0.1145021,-1.908651,0.05048646,0.8764488,-0.05791128,-0.4753263,3.06779,237.1665,8.265312,0.6956665,0.03480377,-0.7175171,0.0,0.0,0.0,1.11018,-0.04614756,-2.53088,-0.1857587,0.04382956,1.124221,-0.5430321,0.1435511,0.8273507,0.03344408,0.9881948,-0.1495076,-0.8390457,-0.05351746,-0.5414224,moving,63.85096,13.8098,-9.382399,2.232638,62.04974731203862,20.36458629556441,74.14280511551425,73.6974835102089,106.90132194201128
4513,4513,05/15/2023 13:24:38.954383,4742,True,True,True,True,Eyes,2.031228,0.1073803,-2.087303,-0.8873008,-0.1062552,-0.448784,0.0,0.0,0.0,0.0,0.0,0.0,0.0,2.576236,-0.4644449,0.5046282,1.863298,0.1148551,-1.903228,0.05132416,0.8795425,-0.05693102,-0.469606,2.977411,236.4128,8.276374,0.6957958,0.03498175,-0.717383,0.0,0.0,0.0,1.110849,-0.04382012,-2.530816,-0.1833376,0.04983171,1.120339,-0.5536723,0.1437539,0.820233,0.03681326,0.9882494,-0.1483508,-0.8319207,-0.05194223,-0.5524583,moving,63.17037,13.32021,-9.293774,2.546787,61.37726272864984,19.870860245659767,73.26062249796725,72.76344512269303,107.69610186203013
4514,4514,05/15/2023 13:24:38.971709,4743,True,True,True,True,Eyes,2.023219,0.1077331,-2.079309,-0.8820301,-0.1049947,-0.4593462,0.0,0.0,0.0,0.0,0.0,0.0,0.0,2.574468,-0.4578624,0.4655542,1.854547,0.115129,-1.897805,0.05016752,0.8827465,-0.05610325,-0.4637827,3.010343,235.6467,8.09438,0.6959103,0.03516793,-0.7172629,0.0,0.0,0.0,1.111532,-0.04144318,-2.530751,-0.1815412,0.04986802,1.115829,-0.5647777,0.1406098,0.8131759,0.03653098,0.9886713,-0.1455835,-0.8244342,-0.05251622,-0.5635161,moving,62.49027,12.87516,-9.24084,2.558929,60.70646727197386,19.4201243447426,72.46914352934951,71.95085616622985,108.42532012849418
4515,4515,05/15/2023 13:24:38.984043,4744,True,True,True,True,Eyes,2.015171,0.1081175,-2.071433,-0.8767453,-0.1038341,-0.4696128,0.0,0.0,0.0,0.0,0.0,0.0,0.0,2.57256,-0.4467597,0.431215,1.845876,0.1158336,-1.892862,0.04762327,0.8855616,-0.05653558,-0.4586028,3.236132,234.9781,7.840679,0.6960086,0.03536198,-0.7171579,0.0,0.0,0.0,1.112212,-0.03907875,-2.530686,-0.179303,0.04985644,1.111961,-0.5748312,0.1362014,0.8068573,0.03249194,0.9890715,-0.1438118,-0.8176268,-0.05645114,-0.5729746,moving,61.82508,12.46783,-9.160064,2.567224,60.05114036240124,19.00625042495712,71.67225870494087,71.13671625183797,109.16726268748931
4516,4516,05/15/2023 13:24:39.004441,4745,True,True,True,True,Eyes,2.007107,0.1085086,-2.063699,-0.8713151,-0.1027471,-0.4798468,0.0,0.0,0.0,0.0,0.0,0.0,0.0,2.569397,-0.4414002,0.397351,1.83732,0.1170213,-1.888143,0.04607793,0.888257,-0.0570699,-0.4534525,3.416691,234.3181,7.6923,0.6960896,0.03556434,-0.7170693,0.0,0.0,0.0,1.112883,-0.03674533,-2.530622,-0.1772403,0.04884016,1.107726,-0.5845152,0.1336151,0.8003055,0.03010112,0.9892397,-0.1431738,-0.8108242,-0.05959716,-0.5822477,moving,61.15774,12.08594,-9.090484,2.524563,59.39442496430368,18.616855080618024,70.89593010385225,70.35015721558044,109.8956538698115
4517,4517,05/15/2023 13:24:39.014561,4746,True,True,True,True,Eyes,1.999024,0.1089522,-2.056124,-0.8658628,-0.1018761,-0.4897987,0.0,0.0,0.0,0.0,0.0,0.0,0.0,2.566892,-0.4335606,0.3607309,1.828961,0.1176317,-1.883639,0.04447237,0.8911778,-0.05650684,-0.4479191,3.490051,233.5977,7.476982,0.696152,0.0357745,-0.7169983,0.0,0.0,0.0,1.113607,-0.0342249,-2.530553,-0.1766946,0.04329413,1.103287,-0.5947815,0.1298865,0.7933251,0.02864458,0.9896584,-0.1405553,-0.803377,-0.06087523,-0.592351,moving,60.50416,11.74975,-9.098816,2.247193,58.75228197703001,18.27198522551353,70.24865021902431,69.71775571946795,110.51144971613687
4518,4518,05/15/2023 13:24:39.034631,4747,True,True,True,True,Eyes,1.990923,0.1093753,-2.048682,-0.8602937,-0.1009736,-0.4996988,0.0,0.0,0.0,0.0,0.0,0.0,0.0,2.562975,-0.4282282,0.327615,1.820243,0.1194899,-1.879358,0.04213991,0.8937634,-0.05879234,-0.4426678,3.88677,232.9463,7.335017,0.6961946,0.03599358,-0.7169459,0.0,0.0,0.0,1.114228,-0.03206496,-2.530494,-0.1765197,0.04457337,1.099223,-0.604539,0.1273772,0.7863256,0.02327525,0.9895354,-0.1424008,-0.7962356,-0.06778494,-0.6011775,moving,59.84998,11.42386,-9.123005,2.322066,58.10983877901318,17.93703459577221,69.57093727864144,69.0223335367629,111.14491075279113
4519,4519,05/15/2023 13:24:39.054679,4748,True,True,True,True,Eyes,1.982819,0.1097878,-2.041366,-0.8547379,-0.1002242,-0.5092919,0.0,0.0,0.0,0.0,0.0,0.0,0.0,2.558731,-0.4231927,0.2932723,1.81177,0.1194429,-1.874946,0.04153178,0.8963872,-0.05738397,-0.4375756,3.814701,232.2784,7.178075,0.6962167,0.03622011,-0.7169132,0.0,0.0,0.0,1.114918,-0.02966526,-2.530428,-0.1763254,0.05097027,1.094906,-0.6136056,0.1246767,0.7797078,0.02423745,0.9899644,-0.1392231,-0.7892408,-0.06652991,-0.6104695,moving,59.21159,11.13305,-9.148458,2.665321,57.48364439439757,17.636426315502955,68.8824984809621,68.29327246417003,111.7853656245317
4520,4520,05/15/2023 13:24:39.074596,4749,True,True,True,True,Eyes,1.974703,0.1102475,-2.03422,-0.8490909,-0.09954275,-0.518783,0.0,0.0,0.0,0.0,0.0,0.0,0.0,2.554447,-0.4121723,0.2680202,1.803706,0.1197389,-1.870622,0.038102,0.8983383,-0.06030802,-0.4334738,4.319699,231.7799,6.954716,0.6962178,0.03645308,-0.7169004,0.0,0.0,0.0,1.115594,-0.0273124,-2.530364,-0.1767279,0.05549391,1.091098,-0.6212975,0.1207409,0.7742165,0.01617307,0.9898224,-0.1413864,-0.783408,-0.07532158,-0.6169268,moving,58.57564,10.86175,-9.200437,2.911589,56.86034511060418,17.3547189292761,68.2407625502225,67.62123139383571,112.38738204163815
4521,4521,05/15/2023 13:24:39.087574,4750,True,True,True,True,Eyes,1.966604,0.1107179,-2.027252,-0.8434583,-0.09859385,-0.5280696,0.0,0.0,0.0,0.0,0.0,0.0,0.0,2.54861,-0.4162273,0.2377849,1.795354,0.1213323,-1.8674,0.03838374,0.9004977,-0.0606368,-0.4288983,4.374838,231.2029,6.978507,0.6961966,0.03669357,-0.7169087,0.0,0.0,0.0,1.116248,-0.02503931,-2.530301,-0.1789518,0.0638212,1.086777,-0.6291461,0.121143,0.7677889,0.01711491,0.9896997,-0.1421321,-0.7770988,-0.07628115,-0.6247391,moving,57.95028,10.57571,-9.350577,3.360845,56.24690001846207,17.05912160171807,67.68648040711435,67.01247475690505,112.89679969372258
4522,4522,05/15/2023 13:24:39.104600,4751,True,True,True,True,Eyes,1.958486,0.1111763,-2.020435,-0.8376692,-0.09769346,-0.5373698,0.0,0.0,0.0,0.0,0.0,0.0,0.0,2.542672,-0.4210409,0.2023468,1.787256,0.12209,-1.863924,0.03942671,0.9030814,-0.05973973,-0.423463,4.272964,230.5067,7.015953,0.6961524,0.03694124,-0.7169389,0.0,0.0,0.0,1.116918,-0.02270714,-2.530237,-0.1822067,0.06156702,1.08263,-0.6382493,0.1218062,0.7601322,0.02061593,0.9897534,-0.1412912,-0.7695536,-0.07450818,-0.6342206,moving,57.31958,10.3038,-9.553358,3.254792,55.62866858959092,16.77699027519061,67.24342607672446,66.56986132267143,113.31272369561152
4523,4523,05/15/2023 13:24:39.114353,4752,True,True,True,True,Eyes,1.950336,0.1116056,-2.013781,-0.8318726,-0.09642007,-0.5465265,0.0,0.0,0.0,0.0,0.0,0.0,0.0,2.536145,-0.4263056,0.1638231,1.778773,0.1222477,-1.860544,0.04033545,0.9058616,-0.05975659,-0.4173931,4.277718,229.7424,7.082833,0.6960842,0.03719506,-0.7169919,0.0,0.0,0.0,1.117613,-0.02028906,-2.530171,-0.1853844,0.0660038,1.078616,-0.6483123,0.1229606,0.7513803,0.0231927,0.9896044,-0.1419339,-0.7610214,-0.07459091,-0.6444246,moving,56.69575,10.00536,-9.752286,3.501737,55.01636712361557,16.469476681876902,66.76554950259471,66.0540740598501,113.75346325965869
4524,4524,05/15/2023 13:24:39.134410,4753,True,True,True,True,Eyes,1.942156,0.1120191,-2.00728,-0.8259791,-0.09509281,-0.555622,0.0,0.0,0.0,0.0,0.0,0.0,0.0,2.528411,-0.4316384,0.12783,1.769566,0.1219629,-1.857222,0.04216794,0.9083357,-0.05785416,-0.4120695,4.034076,229.0556,7.1573,0.6959907,0.03745346,-0.717069,0.0,0.0,0.0,1.118268,-0.0180129,-2.530108,-0.1863007,0.06196756,1.074449,-0.6568413,0.1242851,0.7437156,0.0289254,0.9897495,-0.1398542,-0.753474,-0.07034975,-0.6537035,moving,56.07196,9.711884,-9.836815,3.300808,54.40423976138464,16.16675389893191,66.21984987508202,65.51675877765521,114.27278980626467
4525,4525,05/15/2023 13:24:39.154180,4754,True,True,True,True,Eyes,1.933955,0.1123978,-2.000952,-0.8200733,-0.09345772,-0.5645754,0.0,0.0,0.0,0.0,0.0,0.0,0.0,2.520685,-0.4362292,0.09506059,1.760702,0.1219593,-1.85425,0.04357738,0.9105453,-0.05660871,-0.4071897,3.876214,228.4325,7.223896,0.6958711,0.03771552,-0.7171713,0.0,0.0,0.0,1.118938,-0.01568045,-2.530045,-0.184669,0.05604646,1.071015,-0.6645948,0.1254593,0.7365958,0.03325738,0.9897929,-0.1385781,-0.7464633,-0.06760108,-0.6619838,moving,55.45473,9.399296,-9.78299,2.995568,53.79794441869714,15.845796446708157,65.55126118616165,64.86650593863719,114.91548581045656
4526,4526,05/15/2023 13:24:39.171678,4755,True,True,True,True,Eyes,1.925726,0.1127158,-1.994795,-0.814037,-0.09177785,-0.573516,0.0,0.0,0.0,0.0,0.0,0.0,0.0,2.513298,-0.4377766,0.06025743,1.751804,0.1215035,-1.851584,0.04499215,0.9128845,-0.05405198,-0.4021147,3.58346,227.7723,7.230509,0.695724,0.03797969,-0.7172998,0.0,0.0,0.0,1.119644,-0.0132247,-2.529977,-0.1804179,0.05725919,1.067451,-0.672559,0.1256154,0.7293046,0.03867506,0.9901082,-0.1348704,-0.7390323,-0.0625024,-0.6707643,moving,54.83404,9.091766,-9.593326,3.070463,53.18843608360641,15.529610752723505,64.70812607019126,64.00609356183796,115.72681199541033
4527,4527,05/15/2023 13:24:39.184655,4756,True,True,True,True,Eyes,1.917506,0.1129687,-1.988856,-0.8079634,-0.08998383,-0.5823213,0.0,0.0,0.0,0.0,0.0,0.0,0.0,2.50616,-0.4372303,0.02348733,1.742969,0.1203437,-1.84936,0.04572022,0.9153626,-0.05246528,-0.396571,3.427581,227.0644,7.211832,0.6955484,0.03824363,-0.7174557,0.0,0.0,0.0,1.120287,-0.01098935,-2.529916,-0.176991,0.0583196,1.063806,-0.6812825,0.1253136,0.721215,0.04208874,0.9903141,-0.1323121,-0.7308099,-0.05978689,-0.6799579,moving,54.21867,8.784214,-9.446073,3.137908,52.58407943097245,15.213570650034889,63.91463269629018,63.194631410010814,116.48972784740327
4528,4528,05/15/2023 13:24:39.204762,4757,True,True,True,True,Eyes,1.909244,0.1131538,-1.983078,-0.801738,-0.0882404,-0.5911259,0.0,0.0,0.0,0.0,0.0,0.0,0.0,2.498403,-0.4352592,-0.01521564,1.733729,0.1191764,-1.847074,0.04596553,0.9179718,-0.05134697,-0.390613,3.345721,226.3107,7.16437,0.6953431,0.03850495,-0.7176402,0.0,0.0,0.0,1.120958,-0.00865446,-2.529852,-0.1754865,0.05772005,1.05974,-0.6906173,0.1245037,0.712423,0.04427652,0.9905013,-0.1301796,-0.7218639,-0.05836067,-0.6895698,moving,53.59844,8.490144,-9.402512,3.117607,51.975383638689706,14.910386371528336,63.22961415921081,62.50052574450417,117.14784613858346
4529,4529,05/15/2023 13:24:39.214499,4758,True,True,True,True,Eyes,1.900958,0.1132772,-1.977476,-0.7954504,-0.08646297,-0.5998189,0.0,0.0,0.0,0.0,0.0,0.0,0.0,2.490014,-0.4343524,-0.05328059,1.724493,0.1177301,-1.844975,0.04628271,0.9204924,-0.05077804,-0.3846731,3.3178,225.5674,7.150744,0.6951072,0.03876151,-0.7178544,0.0,0.0,0.0,1.12178,-0.005795537,-2.529773,-0.1747249,0.05433016,1.055494,-0.6997692,0.1242716,0.7034768,0.04613986,0.990559,-0.129089,-0.7128775,-0.05787418,-0.6988965,moving,52.98144,8.202596,-9.399415,2.946623,51.369993868193085,14.613596180655808,62.60188753310681,61.8792317129727,117.75208223883423
4530,4530,05/15/2023 13:24:39.234268,4759,True,True,True,True,Eyes,1.892623,0.1133625,-1.972037,-0.7890625,-0.08471734,-0.6084434,0.0,0.0,0.0,0.0,0.0,0.0,0.0,2.481101,-0.433055,-0.08823991,1.715076,0.116454,-1.842861,0.04617818,0.9227647,-0.0509432,-0.3791804,3.382269,224.888,7.127204,0.6948395,0.03901152,-0.7180993,0.0,0.0,0.0,1.122337,-0.003855865,-2.52972,-0.1736178,0.04648724,1.051569,-0.7081795,0.1238565,0.6950835,0.04658986,0.9905447,-0.1290368,-0.7044933,-0.05899743,-0.7072539,moving,52.36431,7.926685,-9.375155,2.531255,50.76479552884235,14.32802996825371,61.974770700432,61.286030620878215,118.36084139779759
4531,4531,05/15/2023 13:24:39.254573,4760,True,True,True,True,Eyes,1.884279,0.113395,-1.966794,-0.7826614,-0.08277982,-0.6169186,0.0,0.0,0.0,0.0,0.0,0.0,0.0,2.472103,-0.4315229,-0.1211042,1.705569,0.1156209,-1.841151,0.04635815,0.9248276,-0.05019008,-0.3742003,3.33305,224.2648,7.09517,0.6945401,0.03925412,-0.7183763,0.0,0.0,0.0,1.122975,-0.001638822,-2.52966,-0.1721038,0.04236366,1.047369,-0.7156503,0.1233089,0.6874878,0.04818432,0.9906638,-0.1275288,-0.6967947,-0.05813988,-0.7149104,moving,51.7537,7.642455,-9.331461,2.31622,50.165684787568,14.034641546835864,61.31692811672112,60.64018272083674,118.99725230643331
4532,4532,05/15/2023 13:24:39.271740,4761,True,True,True,True,Eyes,1.875895,0.113358,-1.96172,-0.776145,-0.08082905,-0.6253525,0.0,0.0,0.0,0.0,0.0,0.0,0.0,2.463615,-0.4252118,-0.1553454,1.696169,0.1144633,-1.839631,0.04608214,0.9269996,-0.04830734,-0.3690725,3.184218,223.6125,6.966057,0.6942065,0.03948845,-0.7186863,0.0,0.0,0.0,1.123675,0.0007987447,-2.529593,-0.1707008,0.04137066,1.042859,-0.7233239,0.1210941,0.679808,0.04977843,0.9910857,-0.1235771,-0.6887124,-0.05554647,-0.7229038,moving,51.14105,7.364852,-9.296042,2.271756,49.56477907268108,13.747583272826468,60.6513125684983,59.9690826088404,119.6400852077195
4533,4533,05/15/2023 13:24:39.284813,4762,True,True,True,True,Eyes,1.867473,0.1132423,-1.956828,-0.7695826,-0.07877666,-0.6336693,0.0,0.0,0.0,0.0,0.0,0.0,0.0,2.455088,-0.4173696,-0.1902776,1.686786,0.1127625,-1.838449,0.04548228,0.9292015,-0.0466596,-0.3637842,3.073724,222.9439,6.8138,0.693839,0.03971215,-0.7190293,0.0,0.0,0.0,1.124349,0.003141508,-2.529529,-0.1717027,0.0423691,1.038156,-0.731185,0.1184724,0.6718132,0.05057637,0.9915085,-0.1198038,-0.680302,-0.05362086,-0.7309681,moving,50.53218,7.086552,-9.391247,2.337051,48.96751518331397,13.4599710213571,60.11135386242211,59.4092961864564,120.15654642298821
4534,4534,05/15/2023 13:24:39.304957,4763,True,True,True,True,Eyes,1.858998,0.113055,-1.952104,-0.7629173,-0.07677098,-0.6419216,0.0,0.0,0.0,0.0,0.0,0.0,0.0,2.44544,-0.4123194,-0.2248201,1.677029,0.110776,-1.837397,0.04542245,0.9313044,-0.04537641,-0.3585386,2.977689,222.2872,6.736362,0.6934361,0.03992346,-0.7194066,0.0,0.0,0.0,1.12501,0.005441834,-2.529465,-0.1746412,0.04264402,1.033139,-0.7387738,0.1171426,0.663695,0.05206587,0.9917555,-0.1170899,-0.6719394,-0.05194708,-0.7387822,moving,49.92261,6.819929,-9.594545,2.363609,48.36989178560939,13.183603469310048,59.68375429910911,58.96565281745643,120.5630858773167
4535,4535,05/15/2023 13:24:39.314473,4764,True,True,True,True,Eyes,1.850463,0.1127936,-1.947538,-0.7561631,-0.07465632,-0.6501106,0.0,0.0,0.0,0.0,0.0,0.0,0.0,2.434803,-0.4119324,-0.2579975,1.667261,0.1088578,-1.836547,0.04607204,0.9332463,-0.04480822,-0.3534417,2.927177,221.6587,6.766364,0.6929958,0.04012147,-0.7198202,0.0,0.0,0.0,1.125698,0.007835288,-2.5294,-0.1770673,0.04108793,1.028254,-0.7459127,0.1176673,0.6555674,0.05431892,0.9917392,-0.1162017,-0.663825,-0.05106664,-0.7461425,moving,49.31273,6.550941,-9.770615,2.28826,47.77190366904187,12.904944307015828,59.23691505891226,58.51372010436414,120.99061212727864
4536,4536,05/15/2023 13:24:39.334343,4765,True,True,True,True,Eyes,1.841867,0.1124651,-1.943134,-0.7493102,-0.07256386,-0.6582314,0.0,0.0,0.0,0.0,0.0,0.0,0.0,2.423114,-0.4136697,-0.2917092,1.657283,0.1067678,-1.835679,0.04743889,0.9351684,-0.0439203,-0.3482537,2.814596,221.0191,6.861032,0.6925175,0.0403044,-0.7202705,0.0,0.0,0.0,1.126357,0.0101287,-2.529337,-0.1780316,0.03740143,1.023822,-0.7529377,0.1193175,0.6471847,0.05813589,0.9916411,-0.1151873,-0.6555188,-0.0491042,-0.7535807,moving,48.70232,6.290922,-9.864486,2.092153,47.1736468394891,12.634922338798752,58.71712208680699,58.00429797132554,121.49356211273111
4537,4537,05/15/2023 13:24:39.354384,4766,True,True,True,True,Eyes,1.833192,0.1120947,-1.938883,-0.7423798,-0.07023884,-0.6662873,0.0,0.0,0.0,0.0,0.0,0.0,0.0,2.411293,-0.4144834,-0.3246999,1.647204,0.1048029,-1.835019,0.04855703,0.9370209,-0.04311145,-0.3431844,2.720545,220.3954,6.933907,0.6920017,0.04047072,-0.7207571,0.0,0.0,0.0,1.127025,0.01245307,-2.529273,-0.1793574,0.03732187,1.019259,-0.7597333,0.1205883,0.6389552,0.06140754,0.9915673,-0.1141207,-0.6473287,-0.04746462,-0.7607317,moving,48.09196,6.017795,-9.980075,2.097043,46.57508098772733,12.35225457715744,58.204239925341604,57.47743064271779,121.98755781134531
4538,4538,05/15/2023 13:24:39.371787,4767,True,True,True,True,Eyes,1.824454,0.1116731,-1.934801,-0.735359,-0.0679168,-0.6742659,0.0,0.0,0.0,0.0,0.0,0.0,0.0,2.399091,-0.4146117,-0.3580406,1.636922,0.1033476,-1.83454,0.04970603,0.938866,-0.04178685,-0.3381037,2.570745,219.7669,6.991012,0.6914456,0.04062097,-0.7212825,0.0,0.0,0.0,1.127701,0.01480422,-2.529209,-0.1820424,0.03551795,1.014481,-0.7664307,0.1215912,0.6307139,0.06507802,0.9915663,-0.1120761,-0.6390222,-0.04485291,-0.7678797,moving,47.48164,5.751833,-10.1731,2.00516,45.97674925942773,12.076501278779457,57.776349859060225,57.04592436809227,122.39863994794283
4539,4539,05/15/2023 13:24:39.384592,4768,True,True,True,True,Eyes,1.815646,0.1112151,-1.930882,-0.7282912,-0.06544519,-0.6821355,0.0,0.0,0.0,0.0,0.0,0.0,0.0,2.387064,-0.4130579,-0.3906467,1.626638,0.1016722,-1.834396,0.05049995,0.9406453,-0.04054381,-0.3331554,2.443031,219.1558,7.015096,0.6908478,0.04075471,-0.7218479,0.0,0.0,0.0,1.128373,0.01714103,-2.529145,-0.1856019,0.03384421,1.009896,-0.7729146,0.1220199,0.6226672,0.0679903,0.9916119,-0.1099233,-0.6308571,-0.04262601,-0.7747275,moving,46.87431,5.480277,-10.4138,1.919411,45.38116072434742,11.795444320472017,57.398669967535454,56.66227736667972,122.75989289927286
4540,4540,05/15/2023 13:24:39.404413,4769,True,True,True,True,Eyes,1.806763,0.1107268,-1.927133,-0.7211288,-0.06295546,-0.6899346,0.0,0.0,0.0,0.0,0.0,0.0,0.0,2.373927,-0.4161328,-0.4215803,1.616134,0.1003022,-1.834251,0.05176667,0.9422616,-0.04035892,-0.3283815,2.410507,218.5775,7.13292,0.6902085,0.04087176,-0.7224526,0.0,0.0,0.0,1.129066,0.01955128,-2.529078,-0.1885039,0.03411934,1.005414,-0.7789717,0.1240617,0.614664,0.07104927,0.9913827,-0.1100557,-0.6230211,-0.04205888,-0.7810735,moving,46.26643,5.213713,-10.61904,1.943621,44.785175656814,11.5191866880508,56.97938398060621,56.22560422790429,123.16325288523485
4541,4541,05/15/2023 13:24:39.414186,4770,True,True,True,True,Eyes,1.797753,0.110247,-1.923522,-0.7140819,-0.06012849,-0.6974751,0.0,0.0,0.0,0.0,0.0,0.0,0.0,2.359782,-0.4209055,-0.4546182,1.605431,0.09903166,-1.834446,0.05405787,0.9439268,-0.03908777,-0.3233455,2.225541,217.9606,7.320942,0.6895261,0.04097266,-0.7230985,0.0,0.0,0.0,1.129751,0.02193376,-2.529013,-0.1899693,0.03195663,1.001316,-0.785051,0.127331,0.606203,0.07677561,0.9910998,-0.1087507,-0.614655,-0.03883325,-0.7878399,moving,45.67405,4.927218,-10.74246,1.827953,44.20365843401002,11.224184497279047,56.50157558971542,55.743744916490094,123.62561627176905
4542,4542,05/15/2023 13:24:39.434438,4771,True,True,True,True,Eyes,1.788654,0.1098042,-1.920088,-0.7069424,-0.0572444,-0.7049508,0.0,0.0,0.0,0.0,0.0,0.0,0.0,2.345237,-0.4229424,-0.4890482,1.594359,0.09840636,-1.834808,0.05626552,0.9456487,-0.03667769,-0.3181784,1.923407,217.318,7.459658,0.6887985,0.04105932,-0.723787,0.0,0.0,0.0,1.130402,0.02420007,-2.528951,-0.1901506,0.03122269,0.9978318,-0.7911935,0.1297549,0.5976425,0.08307473,0.9909779,-0.1051734,-0.6058973,-0.03356348,-0.7948346,moving,45.08082,4.642426,-10.78914,1.792231,43.621364447802975,10.930798806739055,55.94261382827608,55.17260566461181,124.16979523020264
4543,4543,05/15/2023 13:24:39.454408,4772,True,True,True,True,Eyes,1.77948,0.109377,-1.916819,-0.6998619,-0.05399661,-0.7122342,0.0,0.0,0.0,0.0,0.0,0.0,0.0,2.331328,-0.4208136,-0.5223532,1.58312,0.09881161,-1.835482,0.05720134,0.9473313,-0.03440905,-0.3132212,1.682457,216.7012,7.468931,0.6880247,0.04113434,-0.7245186,0.0,0.0,0.0,1.131073,0.02653257,-2.528887,-0.1894796,0.03130524,0.9943731,-0.7972412,0.1299325,0.5895121,0.08682196,0.991088,-0.1010269,-0.5973851,-0.02936019,-0.8014171,moving,44.49801,4.335472,-10.78848,1.803213,43.04855761993915,10.616356666663568,55.3444515029572,54.55362610294568,124.75301444659783
4544,4544,05/15/2023 13:24:39.472292,4773,True,True,True,True,Eyes,1.77024,0.1089104,-1.913709,-0.6926831,-0.05084138,-0.7194479,0.0,0.0,0.0,0.0,0.0,0.0,0.0,2.318424,-0.4150383,-0.5540984,1.572465,0.09884514,-1.836288,0.05738653,0.9489568,-0.03211574,-0.3084743,1.463973,216.1099,7.398548,0.6872038,0.04119935,-0.7252938,0.0,0.0,0.0,1.131826,0.02915362,-2.528815,-0.1892556,0.03274005,0.9907045,-0.8031007,0.1287284,0.5817716,0.0891009,0.9913508,-0.09635745,-0.5891436,-0.02554837,-0.8076243,moving,43.91418,4.042214,-10.81499,1.892779,42.47513642872179,10.315097240536891,54.771362222498404,53.951580322860174,125.31289021613759
4545,4545,05/15/2023 13:24:39.484331,4774,True,True,True,True,Eyes,1.760921,0.1084358,-1.910717,-0.6854716,-0.04783461,-0.7265264,0.0,0.0,0.0,0.0,0.0,0.0,0.0,2.30436,-0.4104937,-0.5861485,1.561613,0.09743208,-1.836851,0.05733598,0.9506137,-0.03134186,-0.3034204,1.420747,215.4958,7.357942,0.6863344,0.04125376,-0.7261134,0.0,0.0,0.0,1.13237,0.03104428,-2.528764,-0.1883828,0.03431072,0.9876521,-0.8092974,0.1280282,0.5732772,0.08998922,0.9914606,-0.09438181,-0.5804653,-0.02479418,-0.8139076,moving,43.33456,3.766926,-10.79877,1.989637,41.90628254282605,10.03130832836326,54.16249784748134,53.31501703362265,125.9105352647921
4546,4546,05/15/2023 13:24:39.504872,4775,True,True,True,True,Eyes,1.75155,0.1081508,-1.90789,-0.6781184,-0.04516102,-0.7335638,0.0,0.0,0.0,0.0,0.0,0.0,0.0,2.288884,-0.4165175,-0.6151171,1.551251,0.09672536,-1.837147,0.05715393,0.9521118,-0.03466143,-0.298354,1.827983,214.9168,7.445471,0.6854168,0.04129821,-0.7269772,0.0,0.0,0.0,1.13304,0.03337703,-2.528699,-0.1864664,0.03510625,0.9847667,-0.8154367,0.1295166,0.5641706,0.08815112,0.991064,-0.1001073,-0.5720947,-0.03189891,-0.819567,moving,42.7508,3.522903,-10.72206,2.04169,41.334271748524976,9.777555890609372,53.493371070918386,52.62798966510105,126.57058366036865
4547,4547,05/15/2023 13:24:39.524479,4776,True,True,True,True,Eyes,1.742119,0.1079793,-1.905212,-0.6705552,-0.04200462,-0.7406695,0.0,0.0,0.0,0.0,0.0,0.0,0.0,2.269667,-0.4367886,-0.6481862,1.54058,0.1009705,-1.838134,0.05956008,0.9536605,-0.03753249,-0.2925329,2.105518,214.25,7.796252,0.68445,0.04134081,-0.7278851,0.0,0.0,0.0,1.133723,0.03575281,-2.528634,-0.1831708,0.04028764,0.9819381,-0.8217541,0.1355592,0.5534834,0.09164123,0.9900879,-0.1064331,-0.5624251,-0.03673993,-0.8260316,moving,42.1557,3.245864,-10.56651,2.349453,40.750378134533634,9.491592108465206,52.72983007714913,51.81151569735156,127.32580674989319
4548,4548,05/15/2023 13:24:39.534199,4777,True,True,True,True,Eyes,1.732633,0.1078695,-1.902676,-0.6628141,-0.0390208,-0.7477666,0.0,0.0,0.0,0.0,0.0,0.0,0.0,2.249983,-0.4416592,-0.6907787,1.530126,0.1035461,-1.839199,0.06290551,0.9557204,-0.03373623,-0.285488,1.637007,213.3781,8.022367,0.6834334,0.04138603,-0.7288373,0.0,0.0,0.0,1.134397,0.03809695,-2.52857,-0.1769495,0.03123761,0.9795273,-0.8290792,0.1395027,0.541449,0.1009775,0.9898095,-0.1004023,-0.5499378,-0.02856729,-0.8347171,moving,41.55352,2.987164,-10.23992,1.826571,40.16012781528548,9.223100854676414,51.80644171476409,50.93990060526406,128.23929527289127
4549,4549,05/15/2023 13:24:39.554225,4778,True,True,True,True,Eyes,1.723067,0.1078582,-1.90028,-0.6549314,-0.03583699,-0.7548381,0.0,0.0,0.0,0.0,0.0,0.0,0.0,2.232169,-0.4327291,-0.7306952,1.519264,0.1047565,-1.839731,0.06100795,0.9579393,-0.03318929,-0.2784404,1.696918,212.5302,7.783234,0.6823673,0.04143591,-0.7298328,0.0,0.0,0.0,1.135076,0.04045702,-2.528505,-0.1669096,0.03384474,0.9789554,-0.8374983,0.1353663,0.5294084,0.09840133,0.990353,-0.0975608,-0.5375076,-0.02961249,-0.8427392,moving,40.94637,2.718156,-9.675757,1.980058,39.56478308771192,8.944507999282438,50.627507648132685,49.730617851803025,129.410879535112
4550,4550,05/15/2023 13:24:39.564783,4779,True,True,True,True,Eyes,1.713493,0.1078235,-1.898012,-0.6469957,-0.03245423,-0.7618027,0.0,0.0,0.0,0.0,0.0,0.0,0.0,2.217408,-0.4240798,-0.7613311,1.508488,0.107037,-1.841024,0.05924164,0.9595165,-0.03207849,-0.2734768,1.670825,211.9269,7.544023,0.6812505,0.04149377,-0.7308721,0.0,0.0,0.0,1.135787,0.04293237,-2.528437,-0.159336,0.04092001,0.9765652,-0.8434019,0.1312321,0.5210103,0.0961412,0.9909228,-0.0939621,-0.5286118,-0.02915725,-0.8483629,moving,40.3411,2.439433,-9.266702,2.399403,38.97099417030765,8.65660049727543,49.60781815069177,48.64183232916728,130.4257966972715
4551,4551,05/15/2023 13:24:39.584625,4780,True,True,True,True,Eyes,1.703918,0.1077802,-1.895846,-0.6389554,-0.02921293,-0.768689,0.0,0.0,0.0,0.0,0.0,0.0,0.0,2.204019,-0.4078451,-0.7907164,1.498719,0.1064148,-1.84168,0.05863136,0.9609783,-0.02756863,-0.2689298,1.229104,211.3473,7.327709,0.6800843,0.04155783,-0.7319538,0.0,0.0,0.0,1.136441,0.04520731,-2.528375,-0.1536602,0.01544703,0.9738457,-0.8484786,0.1275149,0.5136387,0.09785885,0.9916047,-0.08452114,-0.5201042,-0.02145027,-0.8538337,moving,39.73429,2.176397,-8.966603,0.9087431,38.37614157616717,8.38378043635415,48.71738832704022,47.92923582933588,131.30635326472202
4552,4552,05/15/2023 13:24:39.594453,4781,True,True,True,True,Eyes,1.694333,0.1077953,-1.893808,-0.6307887,-0.02612501,-0.7755147,0.0,0.0,0.0,0.0,0.0,0.0,0.0,2.189792,-0.401711,-0.8171744,1.489726,0.1061869,-1.84222,0.05555046,0.9624597,-0.03009377,-0.2639695,1.63893,210.7753,7.057657,0.6788706,0.04162705,-0.7330759,0.0,0.0,0.0,1.137113,0.04754459,-2.528311,-0.1456938,0.02113007,0.9729077,-0.8544687,0.1228178,0.5047767,0.09104249,0.992017,-0.08725535,-0.5114636,-0.02860082,-0.8588291,moving,39.12424,1.929412,-8.516809,1.244181,37.77858882528964,8.12634571834267,47.64597665431744,46.80414566053133,132.37257901973203
4553,4553,05/15/2023 13:24:39.614355,4782,True,True,True,True,Eyes,1.684756,0.1078683,-1.891888,-0.6225083,-0.02289191,-0.7822783,0.0,0.0,0.0,0.0,0.0,0.0,0.0,2.171016,-0.4052065,-0.8492451,1.479921,0.1075942,-1.843088,0.05630198,0.9639847,-0.03021121,-0.2581686,1.671869,210.0898,7.13459,0.6776094,0.04170312,-0.7342375,0.0,0.0,0.0,1.137811,0.04997353,-2.528244,-0.1389694,0.02353748,0.970176,-0.8603582,0.1241477,0.4943393,0.09294931,0.9918348,-0.08731709,-0.5011431,-0.02917547,-0.8648725,moving,38.51148,1.676175,-8.15168,1.389782,37.17824102188411,7.862793729946766,46.6640388536617,45.78975453861136,133.35038723129304
4554,4554,05/15/2023 13:24:39.634181,4783,True,True,True,True,Eyes,1.675183,0.1080153,-1.890077,-0.6141722,-0.01986561,-0.7889219,0.0,0.0,0.0,0.0,0.0,0.0,0.0,2.153657,-0.4038866,-0.8788533,1.470471,0.1090047,-1.843793,0.0565626,0.9653946,-0.02926832,-0.2528986,1.598859,209.4587,7.126623,0.676302,0.04178755,-0.7354372,0.0,0.0,0.0,1.138466,0.05225072,-2.528182,-0.1359042,0.01365733,0.9676092,-0.8656862,0.1240143,0.4849828,0.0944066,0.9918881,-0.08512014,-0.4916047,-0.02790174,-0.8703716,moving,37.9006,1.442443,-7.9951,0.8086483,36.58024583744051,7.618120251494229,45.90007597174266,45.092464612012634,134.1100738443262
4555,4555,05/15/2023 13:24:39.654379,4784,True,True,True,True,Eyes,1.665655,0.1082361,-1.888408,-0.6057909,-0.01656167,-0.7954515,0.0,0.0,0.0,0.0,0.0,0.0,0.0,2.137065,-0.4022908,-0.9055002,1.460986,0.1109745,-1.844456,0.05546268,0.9667062,-0.02984037,-0.2480172,1.729584,208.8848,7.012722,0.6749496,0.04188235,-0.7366731,0.0,0.0,0.0,1.139141,0.05459931,-2.528118,-0.1311733,0.01948816,0.965799,-0.8708228,0.1220341,0.4762095,0.09243038,0.9920669,-0.08520514,-0.4828296,-0.03018236,-0.875194,moving,37.29176,1.192752,-7.734494,1.155973,35.98379114955088,7.35811256892605,45.026269021176475,44.156030071213145,134.98127000310265
4556,4556,05/15/2023 13:24:39.664495,4785,True,True,True,True,Eyes,1.656166,0.1084958,-1.886839,-0.59733,-0.01328176,-0.8018856,0.0,0.0,0.0,0.0,0.0,0.0,0.0,2.121648,-0.3973789,-0.9314597,1.451815,0.1129487,-1.845641,0.05563528,0.9678689,-0.02753973,-0.2436723,1.501101,208.3537,6.958951,0.6735537,0.04198924,-0.7379435,0.0,0.0,0.0,1.139828,0.0569874,-2.528052,-0.1280984,0.01927836,0.9623941,-0.8750573,0.1211167,0.4686212,0.09427399,0.9922926,-0.08042325,-0.4747499,-0.02619615,-0.879731,moving,36.68267,0.9489124,-7.581728,1.147577,35.38725390667961,7.103742818419798,44.26484381454087,43.379826156326075,135.7404738127341
4557,4557,05/15/2023 13:24:39.684553,4786,True,True,True,True,Eyes,1.646716,0.1087573,-1.885392,-0.5887243,-0.009952439,-0.8082727,0.0,0.0,0.0,0.0,0.0,0.0,0.0,2.104862,-0.391108,-0.9598644,1.443207,0.1141386,-1.846314,0.05521329,0.9692339,-0.02585278,-0.238472,1.362687,207.7268,6.857088,0.6721154,0.04210853,-0.7392469,0.0,0.0,0.0,1.140499,0.0593233,-2.527988,-0.1259154,0.02156588,0.9598613,-0.8801654,0.1193595,0.4594155,0.09469885,0.9925662,-0.07644843,-0.4651252,-0.02378112,-0.8849257,moving,36.0686,0.7054599,-7.473435,1.287088,34.7859042185759,6.849590407657753,43.5459194780399,42.623856984391566,136.45846488681272
4558,4558,05/15/2023 13:24:39.704409,4787,True,True,True,True,Eyes,1.637312,0.1090805,-1.884034,-0.5800798,-0.006954634,-0.81453,0.0,0.0,0.0,0.0,0.0,0.0,0.0,2.088725,-0.3809066,-0.9880219,1.434448,0.1144709,-1.847513,0.05315452,0.9706363,-0.02515917,-0.2332527,1.377748,207.1044,6.601175,0.6706366,0.04223894,-0.7405815,0.0,0.0,0.0,1.141164,0.06163476,-2.527925,-0.1247531,0.02439352,0.9565598,-0.8855355,0.1149243,0.4501325,0.09145052,0.9930832,-0.07363767,-0.4554817,-0.02404392,-0.8899204,moving,35.45714,0.4891919,-7.430488,1.4608,34.187823550099374,6.621749025837519,42.89863235309921,41.937086822148586,137.10596575797635
4559,4559,05/15/2023 13:24:39.714234,4788,True,True,True,True,Eyes,1.627989,0.1094305,-1.882783,-0.5713978,-0.003827561,-0.8206643,0.0,0.0,0.0,0.0,0.0,0.0,0.0,2.072071,-0.3810439,-1.012104,1.426119,0.1163551,-1.848153,0.05128715,0.971836,-0.02720803,-0.2283952,1.687948,206.5456,6.439984,0.6691187,0.04238176,-0.7419453,0.0,0.0,0.0,1.141892,0.06417049,-2.527855,-0.1245767,0.02170455,0.952967,-0.8904107,0.1121138,0.4411345,0.08725702,0.9932587,-0.07631095,-0.4467162,-0.029456,-0.894191,moving,34.84805,0.2672243,-7.447762,1.30473,33.5918827412429,6.388482653846033,42.30853496419932,41.353318869625355,137.69503243906513
4560,4560,05/15/2023 13:24:39.734492,4789,True,True,True,True,Eyes,1.618731,0.1097853,-1.881594,-0.5626893,-0.001027789,-0.8266678,0.0,0.0,0.0,0.0,0.0,0.0,0.0,2.055177,-0.3741967,-1.038917,1.417979,0.1173762,-1.848969,0.05021319,0.9731134,-0.02614966,-0.2232603,1.631543,205.9329,6.283438,0.6675637,0.04253669,-0.7433357,0.0,0.0,0.0,1.14252,0.06635322,-2.527795,-0.1230453,0.0205904,0.9498395,-0.8952669,0.1094026,0.431889,0.08604989,0.9935896,-0.07331438,-0.4371412,-0.02847194,-0.898942,moving,34.24201,0.07123531,-7.381174,1.24185,32.99960419686175,6.180377594935559,41.63964198993911,40.681645770421895,138.36379469700216
4561,4561,05/15/2023 13:24:39.754197,4790,True,True,True,True,Eyes,1.609513,0.1101654,-1.880473,-0.5537769,0.001761082,-0.8326632,0.0,0.0,0.0,0.0,0.0,0.0,0.0,2.03938,-0.36817,-1.061773,1.410239,0.1180239,-1.849129,0.04692965,0.9743202,-0.02811259,-0.2184209,1.964512,205.3733,5.9575,0.6659742,0.04270269,-0.7447507,0.0,0.0,0.0,1.143187,0.06867378,-2.527732,-0.1201718,0.02049731,0.9464865,-0.9001799,0.1037298,0.4229851,0.07916825,0.9940146,-0.07528216,-0.4282624,-0.03428049,-0.9030041,moving,33.62657,-0.1211803,-7.235911,1.240616,32.39831943919404,5.975425587093256,40.8851665355304,39.91604494853124,139.11882556613313
4562,4562,05/15/2023 13:24:39.772725,4791,True,True,True,True,Eyes,1.600355,0.1105564,-1.87942,-0.5448348,0.004530263,-0.8385311,0.0,0.0,0.0,0.0,0.0,0.0,0.0,2.0226,-0.3689743,-1.084124,1.402399,0.1189803,-1.849729,0.04630533,0.9753292,-0.02905081,-0.2138809,2.112433,204.8462,5.90173,0.6643516,0.04287966,-0.7461883,0.0,0.0,0.0,1.143867,0.07103774,-2.527667,-0.1170111,0.02214379,0.9431619,-0.9042217,0.1027527,0.4145181,0.07789903,0.9940237,-0.07647586,-0.419899,-0.03686056,-0.9068221,moving,33.01376,-0.3095441,-7.072124,1.344957,31.799692258494154,5.774465469731896,40.120013334386584,39.12337721257659,139.88556453578676
4563,4563,05/15/2023 13:24:39.784408,4792,True,True,True,True,Eyes,1.591274,0.1109475,-1.87845,-0.5357985,0.007418722,-0.8443133,0.0,0.0,0.0,0.0,0.0,0.0,0.0,2.004999,-0.3690445,-1.107329,1.394625,0.1195262,-1.85017,0.04745251,0.9762968,-0.02782189,-0.2093291,1.974716,204.3066,5.990601,0.662698,0.04306689,-0.7476465,0.0,0.0,0.0,1.144544,0.07339391,-2.527602,-0.1147772,0.02651958,0.9395138,-0.9078592,0.1043033,0.4060943,0.0810076,0.9939484,-0.07419124,-0.4113752,-0.03445847,-0.9108146,moving,32.39908,-0.5034275,-6.965117,1.616854,31.199103515568478,5.568121083842666,39.421258212975026,38.36821912897179,140.58773831742081
4564,4564,05/15/2023 13:24:39.804564,4793,True,True,True,True,Eyes,1.582225,0.1113511,-1.877558,-0.5267115,0.01026483,-0.8499821,0.0,0.0,0.0,0.0,0.0,0.0,0.0,1.985441,-0.3731965,-1.132243,1.386833,0.1198852,-1.850824,0.04873329,0.9773229,-0.02789909,-0.2041734,1.984707,203.7062,6.12586,0.6610152,0.04326325,-0.7491235,0.0,0.0,0.0,1.145221,0.07574782,-2.527538,-0.1126828,0.02988218,0.935917,-0.9118767,0.1066488,0.3963674,0.08386382,0.9936934,-0.07443292,-0.4018059,-0.03463275,-0.9150699,moving,31.7854,-0.6919,-6.865269,1.828732,30.599630798201577,5.367028805979076,38.73277423354781,37.631612524265904,141.279805000396
4565,4565,05/15/2023 13:24:39.814531,4794,True,True,True,True,Eyes,1.57324,0.1117638,-1.876734,-0.5175181,0.01332871,-0.8555685,0.0,0.0,0.0,0.0,0.0,0.0,0.0,1.965901,-0.3750272,-1.156715,1.378482,0.1205436,-1.851664,0.05023181,0.9782813,-0.0269122,-0.1992948,1.870095,203.1317,6.261516,0.6593032,0.04346835,-0.7506188,0.0,0.0,0.0,1.145885,0.0780587,-2.527474,-0.1096296,0.03176425,0.9325534,-0.9155167,0.1090086,0.387229,0.08755474,0.993505,-0.07267726,-0.3926364,-0.03263351,-0.9191146,moving,31.16899,-0.8925258,-6.704832,1.950831,29.997182734534928,5.1541247129090175,37.980403773259056,36.84153873259342,142.0355514447856
4566,4566,05/15/2023 13:24:39.834144,4795,True,True,True,True,Eyes,1.564287,0.1121622,-1.875966,-0.5082792,0.01635141,-0.8610371,0.0,0.0,0.0,0.0,0.0,0.0,0.0,1.946643,-0.3743159,-1.17998,1.370187,0.1211232,-1.851972,0.05183496,0.9791836,-0.02506448,-0.1946394,1.656491,202.5776,6.391151,0.657564,0.04368162,-0.7521304,0.0,0.0,0.0,1.14656,0.08040816,-2.52741,-0.1072908,0.03793029,0.9286541,-0.9188573,0.111269,0.3785771,0.09175481,0.9933698,-0.0692637,-0.3837739,-0.02890719,-0.9229746,moving,30.5538,-1.087937,-6.590372,2.33891,29.396058407773506,4.946290224696277,37.30191407859646,36.080765029717185,142.72085114773506
4567,4567,05/15/2023 13:24:39.854552,4796,True,True,True,True,Eyes,1.555332,0.1125288,-1.875231,-0.498816,0.01938469,-0.8664911,0.0,0.0,0.0,0.0,0.0,0.0,0.0,1.926908,-0.3728933,-1.203771,1.361929,0.1211418,-1.852448,0.05281529,0.9801243,-0.02390105,-0.1897256,1.536352,201.9976,6.467572,0.6557987,0.04390164,-0.7536574,0.0,0.0,0.0,1.147258,0.08283513,-2.527343,-0.1054947,0.03848229,0.9251645,-0.9224296,0.1126004,0.3693846,0.09446182,0.9932786,-0.06689283,-0.3744339,-0.02681118,-0.926866,moving,29.92789,-1.281578,-6.505227,2.381849,28.78460031042459,4.739827583569468,36.616836451556246,35.36851671473037,143.4091739579807
4568,4568,05/15/2023 13:24:39.872577,4797,True,True,True,True,Eyes,1.546382,0.1128791,-1.874542,-0.4893235,0.02225225,-0.8718184,0.0,0.0,0.0,0.0,0.0,0.0,0.0,1.906351,-0.3737304,-1.226691,1.353467,0.1206554,-1.852616,0.0537151,0.9810259,-0.02376236,-0.1847654,1.534198,201.4201,6.558272,0.6540073,0.04412653,-0.7551994,0.0,0.0,0.0,1.147939,0.08520442,-2.527278,-0.1051376,0.04805362,0.9214438,-0.925953,0.1141727,0.3599665,0.09661088,0.9931001,-0.06647237,-0.3650721,-0.02677361,-0.9305941,moving,29.30409,-1.462097,-6.50935,2.985291,28.17554352117953,4.546091974569843,36.08852649605057,34.71999335048583,143.94849096734185
4569,4569,05/15/2023 13:24:39.884633,4798,True,True,True,True,Eyes,1.537462,0.1132122,-1.873892,-0.4797376,0.02503741,-0.8770547,0.0,0.0,0.0,0.0,0.0,0.0,0.0,1.885441,-0.3763277,-1.248674,1.344586,0.1206092,-1.8529,0.0545378,0.9818645,-0.02415623,-0.1799563,1.593455,200.8644,6.651869,0.6521903,0.04435515,-0.7567557,0.0,0.0,0.0,1.148575,0.08741798,-2.527218,-0.1037909,0.04914668,0.9174116,-0.9292827,0.1157916,0.3507506,0.09840332,0.9928843,-0.06706511,-0.3560203,-0.02780744,-0.9340644,moving,28.67809,-1.635187,-6.454686,3.066463,27.564558672435183,4.359455312165746,35.44597949258387,34.043807619041814,144.59502973464961
4570,4570,05/15/2023 13:24:39.904621,4799,True,True,True,True,Eyes,1.528528,0.1135401,-1.87327,-0.4701858,0.02767278,-0.8821336,0.0,0.0,0.0,0.0,0.0,0.0,0.0,1.865445,-0.3797077,-1.267845,1.335677,0.1205475,-1.852817,0.05527167,0.9825817,-0.02490329,-0.1756648,1.691644,200.372,6.743127,0.6503487,0.04458642,-0.7583253,0.0,0.0,0.0,1.149247,0.08975593,-2.527154,-0.1008728,0.0485526,0.9140247,-0.932174,0.1173671,0.3424572,0.0998686,0.9926497,-0.06835762,-0.347963,-0.02952046,-0.9370436,moving,28.05805,-1.796795,-6.297739,3.040669,26.959659035558783,4.1840840381238,34.69468685207891,33.27704797672108,145.34854533997623
4571,4571,05/15/2023 13:24:39.914410,4800,True,True,True,True,Eyes,1.519586,0.1138679,-1.87267,-0.4605559,0.03025762,-0.8871148,0.0,0.0,0.0,0.0,0.0,0.0,0.0,1.845819,-0.3817122,-1.286017,1.326376,0.1207507,-1.852764,0.05592357,0.9832423,-0.02522888,-0.1716709,1.742708,199.9114,6.816496,0.648483,0.0448199,-0.7599076,0.0,0.0,0.0,1.149924,0.09210816,-2.527089,-0.09684354,0.05019442,0.9103544,-0.9348035,0.118635,0.3347663,0.1013107,0.9924721,-0.06881309,-0.3404098,-0.03041131,-0.9397854,moving,27.4366,-1.953481,-6.072289,3.155935,26.353528069625284,4.013417583046126,33.89619114112051,32.437152911638684,146.15137273253671
4572,4572,05/15/2023 13:24:39.934597,4801,True,True,True,True,Eyes,1.51062,0.1141734,-1.872089,-0.4509764,0.03275228,-0.8919348,0.0,0.0,0.0,0.0,0.0,0.0,0.0,1.826776,-0.3827729,-1.303045,1.317145,0.1210467,-1.852573,0.05641922,0.9838606,-0.02539105,-0.1679007,1.77742,199.4757,6.869086,0.6465927,0.0450555,-0.7615027,0.0,0.0,0.0,1.150598,0.09445314,-2.527025,-0.094998,0.04854311,0.9061646,-0.9372525,0.1195436,0.3275167,0.1024909,0.9923443,-0.06890817,-0.3332469,-0.03101685,-0.9423293,moving,26.82189,-2.102984,-5.984756,3.066396,25.75412049468441,3.849893049239868,33.21142139917706,31.748545616626256,146.83730378849285
4573,4573,05/15/2023 13:24:39.954601,4802,True,True,True,True,Eyes,1.501669,0.1144426,-1.871519,-0.4414756,0.03489282,-0.8965945,0.0,0.0,0.0,0.0,0.0,0.0,0.0,1.80743,-0.381564,-1.320288,1.307574,0.1208086,-1.852353,0.05689157,0.9844805,-0.02505516,-0.1641154,1.756911,199.0347,6.909284,0.6446782,0.04529214,-0.7631101,0.0,0.0,0.0,1.151265,0.0967737,-2.526961,-0.09364778,0.04802632,0.9019493,-0.9396589,0.1202411,0.3202858,0.1037934,0.9922712,-0.06800619,-0.3259875,-0.03065908,-0.9448767,moving,26.21525,-2.228659,-5.927679,3.047965,25.163178278742613,3.709612205961008,32.57315835985846,31.097896767342622,147.47726756483402
4574,4574,05/15/2023 13:24:39.972760,4803,True,True,True,True,Eyes,1.492678,0.1146855,-1.870946,-0.4320178,0.0369241,-0.9011089,0.0,0.0,0.0,0.0,0.0,0.0,0.0,1.787377,-0.3822928,-1.337026,1.298172,0.1202599,-1.851699,0.05725897,0.9850987,-0.02554403,-0.1601551,1.832984,198.5798,6.953017,0.6427404,0.04552827,-0.764729,0.0,0.0,0.0,1.151944,0.09913523,-2.526896,-0.09187666,0.04573305,0.8976899,-0.9421435,0.1209935,0.3126118,0.1046294,0.9921378,-0.06866741,-0.3184623,-0.03198616,-0.9473957,moving,25.61442,-2.346456,-5.843753,2.916427,24.578077725010697,3.5771146985773603,31.895369349948247,30.429004139081783,148.1549547635358
4575,4575,05/15/2023 13:24:39.985289,4804,True,True,True,True,Eyes,1.483688,0.1149056,-1.87038,-0.4225951,0.03875433,-0.9054896,0.0,0.0,0.0,0.0,0.0,0.0,0.0,1.766515,-0.3842531,-1.353316,1.28816,0.1198578,-1.850937,0.05837967,0.9856439,-0.02567485,-0.156329,1.854395,198.1394,7.07538,0.6407793,0.04576297,-0.766359,0.0,0.0,0.0,1.152622,0.1014965,-2.526832,-0.08877164,0.04612613,0.8932103,-0.9443061,0.1231106,0.3051716,0.1070557,0.9918652,-0.06886537,-0.3111671,-0.03235964,-0.9498041,moving,25.01862,-2.450724,-5.675699,2.956176,23.998217522450503,3.457828482463857,31.166902099563263,29.678156563279384,148.88543292612496
4576,4576,05/15/2023 13:24:40.004509,4805,True,True,True,True,Eyes,1.474653,0.1150938,-1.869803,-0.4131994,0.04054054,-0.9097377,0.0,0.0,0.0,0.0,0.0,0.0,0.0,1.746098,-0.3844815,-1.369412,1.278408,0.1195607,-1.850229,0.05945171,0.98618,-0.02529708,-0.152561,1.819728,197.702,7.183174,0.6387954,0.0459955,-0.7679995,0.0,0.0,0.0,1.153289,0.1038137,-2.526768,-0.0852806,0.04756569,0.8885919,-0.9463816,0.1249788,0.2978972,0.1095415,0.9916511,-0.06803495,-0.3039131,-0.03175492,-0.9521708,moving,24.42737,-2.551578,-5.482043,3.064078,23.42285697456234,3.341978965679942,30.4320321095208,28.90623585813587,149.62316668918692
4577,4577,05/15/2023 13:24:40.014715,4806,True,True,True,True,Eyes,1.4656,0.1152494,-1.869225,-0.4035893,0.04223084,-0.9139651,0.0,0.0,0.0,0.0,0.0,0.0,0.0,1.724467,-0.383862,-1.386088,1.268229,0.1189603,-1.849276,0.06060161,0.9867342,-0.02473458,-0.1485638,1.765362,197.237,7.296556,0.6367886,0.04622488,-0.7696505,0.0,0.0,0.0,1.154007,0.1063122,-2.5267,-0.08178803,0.05037106,0.8838031,-0.9485124,0.1269447,0.290188,0.112246,0.9914313,-0.06681934,-0.2961839,-0.03080651,-0.954634,moving,23.82533,-2.645538,-5.287151,3.26196,22.83723458530991,3.232442841442765,29.705808903232466,28.12440107475779,150.3532758592192
4578,4578,05/15/2023 13:24:40.034706,4807,True,True,True,True,Eyes,1.456491,0.1153654,-1.868627,-0.3939424,0.04388811,-0.9180867,0.0,0.0,0.0,0.0,0.0,0.0,0.0,1.701791,-0.382235,-1.404225,1.258253,0.1183272,-1.84847,0.0620111,0.9873236,-0.02367477,-0.1441745,1.654272,196.7233,7.43091,0.6347589,0.04645016,-0.7713118,0.0,0.0,0.0,1.154641,0.1085184,-2.526639,-0.07937747,0.05426148,0.8788964,-0.9507365,0.1292766,0.2817576,0.1156234,0.9911883,-0.06463016,-0.2876299,-0.02886849,-0.9573063,moving,23.22372,-2.736877,-5.160664,3.532855,22.252100112755706,3.125449093967552,29.068587760867917,27.415791359613483,150.9953273222523
4579,4579,05/15/2023 13:24:40.054627,4808,True,True,True,True,Eyes,1.447312,0.1154534,-1.868009,-0.3839973,0.04540421,-0.9222172,0.0,0.0,0.0,0.0,0.0,0.0,0.0,1.676755,-0.38069,-1.423607,1.247745,0.1174648,-1.847274,0.06323897,0.9879742,-0.02296549,-0.1392141,1.591371,196.1463,7.550607,0.6327063,0.04667022,-0.7729831,0.0,0.0,0.0,1.155309,0.1108421,-2.526576,-0.07801598,0.05616321,0.8737133,-0.9532407,0.1313512,0.2721752,0.1185627,0.9909469,-0.06298612,-0.2779844,-0.0277711,-0.9601842,moving,22.60611,-2.81861,-5.102548,3.677973,21.651732002937845,3.0272220655446587,28.460065334374285,26.76219302027198,151.60644165532176
4580,4580,05/15/2023 13:24:40.072854,4809,True,True,True,True,Eyes,1.438063,0.1155029,-1.867375,-0.3740821,0.04693605,-0.9262072,0.0,0.0,0.0,0.0,0.0,0.0,0.0,1.652111,-0.3795311,-1.44173,1.237021,0.1168363,-1.846139,0.06444089,0.9885588,-0.02235826,-0.1345332,1.539496,195.6028,7.670228,0.6306298,0.0468846,-0.7746652,0.0,0.0,0.0,1.155991,0.1132161,-2.52651,-0.07637337,0.05675725,0.8686442,-0.9554964,0.1334231,0.2631064,0.1213913,0.9906949,-0.06154379,-0.2688695,-0.02686603,-0.9628019,moving,21.99309,-2.901013,-5.024667,3.738395,21.055790918957527,2.92849250984121,27.821591110170406,26.09303024384251,152.2461456798411
4581,4581,05/15/2023 13:24:40.088289,4810,True,True,True,True,Eyes,1.428796,0.115492,-1.866734,-0.3639035,0.04836675,-0.9301801,0.0,0.0,0.0,0.0,0.0,0.0,0.0,1.628821,-0.3762584,-1.458165,1.226038,0.1159228,-1.845066,0.06573886,0.9890543,-0.02113412,-0.1303968,1.413132,195.1174,7.792824,0.6285287,0.04709237,-0.7763584,0.0,0.0,0.0,1.156663,0.1155511,-2.526446,-0.07425705,0.05837789,0.8633982,-0.95735,0.1355503,0.2551604,0.124527,0.9904635,-0.05894987,-0.2607177,-0.02466131,-0.9651,moving,21.36635,-2.976539,-4.915659,3.868115,20.44674990082872,2.8359680686709026,27.15866869814861,25.383402304275286,152.9109766207625
4582,4582,05/15/2023 13:24:40.104720,4811,True,True,True,True,Eyes,1.419461,0.1154172,-1.866059,-0.3537638,0.04976499,-0.9340099,0.0,0.0,0.0,0.0,0.0,0.0,0.0,1.606475,-0.3730663,-1.472928,1.215149,0.1145369,-1.843841,0.06686498,0.989494,-0.02024424,-0.1265741,1.325733,194.6707,7.902431,0.6264032,0.04729174,-0.7780623,0.0,0.0,0.0,1.157345,0.1179244,-2.526381,-0.07250887,0.06070474,0.8578339,-0.9590163,0.1374498,0.2477814,0.1272002,0.9902385,-0.05698985,-0.2531959,-0.02313634,-0.9671384,moving,20.74459,-3.049893,-4.831472,4.047797,19.842591112784547,2.745695456371839,26.542647772291748,24.70839652675976,153.5294443479908
4583,4583,05/15/2023 13:24:40.114589,4812,True,True,True,True,Eyes,1.410091,0.1152766,-1.865363,-0.3433846,0.05112663,-0.9378022,0.0,0.0,0.0,0.0,0.0,0.0,0.0,1.582623,-0.3708206,-1.488087,1.204102,0.1129023,-1.842281,0.06816116,0.9899412,-0.0196307,-0.1224143,1.270849,194.1879,8.035788,0.624253,0.04748098,-0.7797769,0.0,0.0,0.0,1.158034,0.1203207,-2.526316,-0.07100168,0.06385975,0.8521177,-0.9607377,0.1397572,0.2396898,0.1301449,0.9899374,-0.05555427,-0.245042,-0.02217867,-0.9692588,moving,20.11065,-3.120533,-4.763099,4.285872,19.226710318680823,2.657659543398218,25.95300029551547,24.045000040559337,154.12211288437183
4584,4584,05/15/2023 13:24:40.134336,4813,True,True,True,True,Eyes,1.40064,0.1150678,-1.864626,-0.3330256,0.05238102,-0.9414617,0.0,0.0,0.0,0.0,0.0,0.0,0.0,1.557618,-0.3676727,-1.504316,1.193085,0.1112397,-1.840787,0.06921514,0.990435,-0.01900985,-0.1178421,1.222964,193.6574,8.141526,0.6220787,0.04765836,-0.7815018,0.0,0.0,0.0,1.158677,0.1225583,-2.526254,-0.06962702,0.06621727,0.8464746,-0.9626452,0.1415865,0.2307983,0.1326258,0.9896958,-0.05396896,-0.2360614,-0.02134313,-0.971504,moving,19.48034,-3.184538,-4.702295,4.472974,18.614526017446263,2.5761392897550666,25.36606641900492,23.39384800065209,154.71097092070588
4585,4585,05/15/2023 13:24:40.154266,4814,True,True,True,True,Eyes,1.391112,0.1148023,-1.86386,-0.3222251,0.05353838,-0.9451479,0.0,0.0,0.0,0.0,0.0,0.0,0.0,1.531802,-0.3662587,-1.519769,1.181631,0.1093994,-1.839032,0.06986838,0.9909238,-0.01933569,-0.113203,1.289366,193.127,8.214668,0.6198791,0.04782235,-0.7832377,0.0,0.0,0.0,1.159348,0.1248936,-2.52619,-0.06856468,0.06884028,0.8406456,-0.9646071,0.1428462,0.221649,0.1340908,0.9894891,-0.05413901,-0.2270529,-0.02250179,-0.9736226,moving,18.82556,-3.242084,-4.662834,4.681493,17.978819286581,2.500083754317311,24.788862926204683,22.746494451824752,155.2899611319351
4586,4586,05/15/2023 13:24:40.172788,4815,True,True,True,True,Eyes,1.381473,0.1144639,-1.863015,-0.3115027,0.05455155,-0.9486781,0.0,0.0,0.0,0.0,0.0,0.0,0.0,1.507338,-0.363296,-1.533994,1.17014,0.1077946,-1.837483,0.06995108,0.9913921,-0.01957887,-0.1089282,1.351239,192.6374,8.221656,0.6176538,0.04797196,-0.7849846,0.0,0.0,0.0,1.160034,0.1272773,-2.526125,-0.06778046,0.07020311,0.8347235,-0.9664829,0.1429633,0.213242,0.1344325,0.989447,-0.05405996,-0.2187202,-0.02358138,-0.9755026,moving,18.17783,-3.291038,-4.642295,4.807458,17.350174596125523,2.4325393459605,24.214535768369398,22.120329056092505,155.864476317324
4587,4587,05/15/2023 13:24:40.184633,4816,True,True,True,True,Eyes,1.371847,0.1140837,-1.862139,-0.3004574,0.05541619,-0.952184,0.0,0.0,0.0,0.0,0.0,0.0,0.0,1.482091,-0.3608445,-1.546216,1.157765,0.1057381,-1.834662,0.06954096,0.991852,-0.0205419,-0.104745,1.500227,192.1641,8.181006,0.615402,0.04810575,-0.786743,0.0,0.0,0.0,1.160703,0.1296063,-2.526061,-0.06714103,0.07205087,0.8285997,-0.9683849,0.142252,0.2049261,0.1336454,0.9894842,-0.05531719,-0.2106401,-0.02618092,-0.9772128,moving,17.51286,-3.330802,-4.632528,4.969654,16.705084016456333,2.3733213932133914,23.6498579166658,21.494990801809735,156.4293847100106
4588,4588,05/15/2023 13:24:40.204557,4817,True,True,True,True,Eyes,1.362151,0.1137535,-1.861205,-0.2894699,0.05601474,-0.9555467,0.0,0.0,0.0,0.0,0.0,0.0,0.0,1.458087,-0.3624224,-1.557868,1.146665,0.1045865,-1.832633,0.06827287,0.99232,-0.02301191,-0.10055,1.830377,191.7008,8.059205,0.6131254,0.04822348,-0.7885113,0.0,0.0,0.0,1.161372,0.1319328,-2.525997,-0.06702089,0.07517817,0.8223011,-0.970457,0.1401248,0.1964134,0.1308694,0.9896185,-0.05940002,-0.2026978,-0.03194067,-0.9787202,moving,16.85347,-3.354875,-4.65954,5.223695,16.065825404946597,2.329418001401347,23.160342452239345,20.926481082904846,156.91994942765115
4589,4589,05/15/2023 13:24:40.214327,4818,True,True,True,True,Eyes,1.352223,0.1134825,-1.860191,-0.2765596,0.05687902,-0.9593121,0.0,0.0,0.0,0.0,0.0,0.0,0.0,1.430812,-0.3707458,-1.570023,1.135211,0.1055042,-1.83025,0.06872673,0.9926839,-0.02557053,-0.09592472,2.153782,191.192,8.13196,0.6108235,0.04832905,-0.7902894,0.0,0.0,0.0,1.162153,0.1346498,-2.525923,-0.06664389,0.07646675,0.8158526,-0.9721502,0.1413535,0.1869311,0.1315421,0.9892455,-0.0639521,-0.1939606,-0.03758173,-0.9802892,moving,16.08171,-3.393178,-4.669906,5.354472,15.317351313180556,2.268261113801853,22.520012147731094,20.22412303506329,157.55912124142796
4590,4590,05/15/2023 13:24:40.234232,4819,True,True,True,True,Eyes,1.342258,0.1132323,-1.859155,-0.2635528,0.05757741,-0.9629251,0.0,0.0,0.0,0.0,0.0,0.0,0.0,1.399618,-0.3716067,-1.587483,1.124084,0.106112,-1.828196,0.07023582,0.9931456,-0.02530118,-0.08993781,2.156079,190.5053,8.288749,0.6084919,0.04842661,-0.79208,0.0,0.0,0.0,1.162716,0.1366078,-2.525869,-0.06653702,0.0746793,0.8095286,-0.9739563,0.1440598,0.1750885,0.1349577,0.9888536,-0.06288921,-0.1821967,-0.0376218,-0.9825422,moving,15.30699,-3.421885,-4.69871,5.270638,14.566272214136776,2.216270189345697,21.812564924729255,19.505606948612684,158.26218637867055
4591,4591,05/15/2023 13:24:40.254270,4820,True,True,True,True,Eyes,1.332322,0.1131359,-1.858137,-0.250344,0.05822729,-0.9664044,0.0,0.0,0.0,0.0,0.0,0.0,0.0,1.364141,-0.3734452,-1.608078,1.113095,0.1063874,-1.82646,0.07043318,0.9937485,-0.02646896,-0.08247776,2.349133,189.6596,8.306783,0.606131,0.04851792,-0.7938826,0.0,0.0,0.0,1.16338,0.1389192,-2.525806,-0.06710941,0.07304882,0.8028064,-0.9764734,0.144352,0.1601957,0.1356195,0.9886771,-0.06422532,-0.1676529,-0.04098863,-0.9849939,moving,14.52305,-3.447987,-4.778446,5.19913,13.80633482011049,2.1665036107995896,21.149949887640513,18.830584190301195,158.92064143879998
4592,4592,05/15/2023 13:24:40.272863,4821,True,True,True,True,Eyes,1.322321,0.1131443,-1.857134,-0.236979,0.0592501,-0.9697064,0.0,0.0,0.0,0.0,0.0,0.0,0.0,1.327476,-0.3822934,-1.62765,1.101503,0.1101234,-1.825417,0.07288323,0.9941136,-0.02708782,-0.07544927,2.456379,188.8646,8.576681,0.6037418,0.04861021,-0.7956954,0.0,0.0,0.0,1.164061,0.1412886,-2.525741,-0.06765074,0.07212108,0.7963425,-0.9779912,0.1489959,0.1460618,0.1408209,0.9879086,-0.06485471,-0.1539588,-0.04285877,-0.9871476,moving,13.7329,-3.496487,-4.855721,5.174898,13.039772424061804,2.0949314125978957,20.511697845372673,18.158603444928044,159.5557195052645
4593,4593,05/15/2023 13:24:40.284660,4822,True,True,True,True,Eyes,1.312359,0.1131734,-1.85612,-0.2234999,0.06028431,-0.9728379,0.0,0.0,0.0,0.0,0.0,0.0,0.0,1.290062,-0.3695575,-1.651888,1.089795,0.1124931,-1.824625,0.07693864,0.9944983,-0.02086777,-0.06795697,1.779256,187.9578,8.971439,0.6013227,0.04870801,-0.7975192,0.0,0.0,0.0,1.164729,0.14361,-2.525677,-0.06777853,0.07508093,0.7898739,-0.9789246,0.1558669,0.1319551,0.1501945,0.98729,-0.05196296,-0.1383772,-0.03104889,-0.9898928,moving,12.93862,-3.54594,-4.904497,5.429898,12.269184242210828,2.0223102009488367,19.973544805014782,17.50848314438765,160.0937881132148
4594,4594,05/15/2023 13:24:40.304766,4823,True,True,True,True,Eyes,1.302353,0.1132289,-1.85509,-0.2100612,0.06113817,-0.9757748,0.0,0.0,0.0,0.0,0.0,0.0,0.0,1.254618,-0.3709141,-1.669388,1.078234,0.1132621,-1.822932,0.07691152,0.9949318,-0.02202632,-0.06091327,1.974775,187.1618,8.964317,0.5988758,0.04881169,-0.799352,0.0,0.0,0.0,1.165415,0.1459977,-2.525612,-0.0674046,0.0837404,0.7834058,-0.9807486,0.1557268,0.1178209,0.15036,0.9871989,-0.05319923,-0.1245972,-0.0344595,-0.991609,moving,12.14901,-3.585239,-4.917645,6.101336,11.503395726974327,1.9596325957023937,19.623976358517403,16.935297034481557,160.44755203717708
4595,4595,05/15/2023 13:24:40.314338,4824,True,True,True,True,Eyes,1.292288,0.1133432,-1.854041,-0.1964213,0.06180275,-0.9785699,0.0,0.0,0.0,0.0,0.0,0.0,0.0,1.223449,-0.3698354,-1.683997,1.067067,0.1140072,-1.821489,0.0748614,0.9954078,-0.02372913,-0.05473844,2.237667,186.466,8.72828,0.5964004,0.04892195,-0.801194,0.0,0.0,0.0,1.166106,0.1484001,-2.525546,-0.06631571,0.0858055,0.776695,-0.9827992,0.151633,0.1054213,0.1464374,0.9876654,-0.05543591,-0.1125269,-0.03904473,-0.9928815,moving,11.34975,-3.613784,-4.880188,6.304196,10.728554690361568,1.9070284824004884,19.02044202336644,16.216285966636995,161.04903328557936
4596,4596,05/15/2023 13:24:40.334216,4825,True,True,True,True,Eyes,1.282238,0.1135204,-1.852984,-0.1828587,0.06253209,-0.9811485,0.0,0.0,0.0,0.0,0.0,0.0,0.0,1.197729,-0.3740626,-1.693612,1.056817,0.1154692,-1.820056,0.07374462,0.9956744,-0.02595983,-0.05020482,2.538483,185.9641,8.604017,0.593896,0.04904086,-0.803045,0.0,0.0,0.0,1.166779,0.1507412,-2.525481,-0.06375924,0.07892857,0.771322,-0.9840823,0.1494578,0.09614649,0.1442446,0.9877756,-0.05909973,-0.1038041,-0.04429039,-0.9936111,moving,10.55721,-3.646732,-4.725457,5.842681,9.960101733209813,1.8503868161476729,17.9891319889943,15.218542905185638,162.070775288347
4597,4597,05/15/2023 13:24:40.354479,4826,True,True,True,True,Eyes,1.272232,0.1136999,-1.851935,-0.1691778,0.0634225,-0.9835428,0.0,0.0,0.0,0.0,0.0,0.0,0.0,1.169777,-0.369157,-1.706814,1.047009,0.117124,-1.818769,0.07470026,0.9958965,-0.02422416,-0.04498262,2.380126,185.3532,8.690511,0.5913634,0.0491704,-0.804904,0.0,0.0,0.0,1.167497,0.1532416,-2.525413,-0.06183851,0.0802988,0.7654927,-0.9847931,0.1509668,0.08597697,0.1466081,0.9876661,-0.05496994,-0.09321517,-0.04152908,-0.9947798,moving,9.759859,-3.689537,-4.618474,5.988323,9.186720653571538,1.7840836850683472,17.331977210880734,14.431182475466697,162.72496459319885
4598,4598,05/15/2023 13:24:40.373232,4827,True,True,True,True,Eyes,1.262223,0.1138669,-1.85089,-0.1555619,0.06409107,-0.9857448,0.0,0.0,0.0,0.0,0.0,0.0,0.0,1.140659,-0.3618481,-1.720942,1.037119,0.1173806,-1.817768,0.07612419,0.9960755,-0.02196464,-0.03945335,2.163439,184.7035,8.82943,0.5888047,0.04930959,-0.8067691,0.0,0.0,0.0,1.16814,0.1554783,-2.525352,-0.0631347,0.07958105,0.7590575,-0.9852975,0.153384,0.07525294,0.1499177,0.9874454,-0.04976358,-0.08194111,-0.03775016,-0.9959223,moving,8.967977,-3.720016,-4.75464,5.985135,8.418972280287255,1.72984488648176,16.807741468189292,13.843827305392871,163.24569962551672
4599,4599,05/15/2023 13:24:40.384788,4828,True,True,True,True,Eyes,1.252152,0.1140413,-1.849866,-0.1416635,0.06455232,-0.9878079,0.0,0.0,0.0,0.0,0.0,0.0,0.0,1.109233,-0.370358,-1.732473,1.026945,0.1172521,-1.816771,0.0794154,0.9959908,-0.02322909,-0.03400202,2.342408,184.099,9.201514,0.5862195,0.04945699,-0.8086404,0.0,0.0,0.0,1.168767,0.1576568,-2.525292,-0.06463817,0.07630277,0.7542008,-0.9850743,0.1597737,0.06404191,0.1566143,0.9863072,-0.05167248,-0.0714209,-0.04087134,-0.9966087,moving,8.161253,-3.738909,-4.898518,5.776978,7.637165755987569,1.6863195373547564,16.158889936168574,13.186237290756669,163.88936222302362
4600,4600,05/15/2023 13:24:40.404643,4829,True,True,True,True,Eyes,1.242072,0.1142232,-1.848844,-0.1278523,0.06480099,-0.989674,0.0,0.0,0.0,0.0,0.0,0.0,0.0,1.07824,-0.3798207,-1.743317,1.016565,0.1174244,-1.816268,0.08466414,0.9957061,-0.02357432,-0.02907911,2.408408,183.552,9.794941,0.5836062,0.04961224,-0.810519,0.0,0.0,0.0,1.169416,0.1599153,-2.52523,-0.06447411,0.08373398,0.7488791,-0.9839727,0.1699722,0.05391669,0.1672301,0.9845524,-0.05187009,-0.06190029,-0.04202227,-0.9971972,moving,7.361061,-3.746214,-4.920698,6.37988,6.862001301304468,1.654179787648575,15.917895081665698,12.695048063003902,164.1312672723684
4601,4601,05/15/2023 13:24:40.414422,4830,True,True,True,True,Eyes,1.231954,0.1144167,-1.847855,-0.1138217,0.06499783,-0.9913728,0.0,0.0,0.0,0.0,0.0,0.0,0.0,1.04623,-0.3903054,-1.753427,1.006179,0.1177522,-1.815262,0.08975283,0.9953771,-0.02440215,-0.02394843,2.537875,182.9868,10.37099,0.5809649,0.04977493,-0.8124043,0.0,0.0,0.0,1.170084,0.16224,-2.525166,-0.06382301,0.08495747,0.7435889,-0.9827421,0.1798446,0.04329512,0.177507,0.9826979,-0.05287757,-0.05205578,-0.04427981,-0.9976623,moving,6.549575,-3.751141,-4.905734,6.517967,6.0759637461595695,1.6239803270380515,15.384364900805785,12.022844544579927,164.66155694541465
4602,4602,05/15/2023 13:24:40.440145,4831,True,True,True,True,Eyes,1.22185,0.114589,-1.846894,-0.0998903,0.06512778,-0.9928647,0.0,0.0,0.0,0.0,0.0,0.0,0.0,1.016122,-0.3909485,-1.764809,0.9958401,0.1180979,-1.815007,0.09238602,0.9952586,-0.02393412,-0.01877591,2.531693,182.3978,10.65969,0.5782943,0.04994493,-0.8142971,0.0,0.0,0.0,1.170754,0.1645702,-2.525102,-0.064071,0.08481263,0.7387841,-0.9822249,0.1847947,0.0329514,0.1829972,0.981784,-0.05111054,-0.04179611,-0.04417201,-0.9981495,moving,5.745091,-3.752987,-4.956572,6.548903,5.296791463582768,1.596973154850847,14.854444740133136,11.38653026639867,165.1880422289901
4603,4603,05/15/2023 13:24:40.454566,4832,True,True,True,True,Eyes,1.211774,0.1147512,-1.84598,-0.08581164,0.06521163,-0.994175,0.0,0.0,0.0,0.0,0.0,0.0,0.0,0.9867343,-0.3886215,-1.776024,0.9859321,0.1177684,-1.814663,0.09283484,0.9953014,-0.02407569,-0.01331473,2.605162,181.7768,10.69788,0.5755947,0.05012052,-0.8161968,0.0,0.0,0.0,1.171444,0.1669698,-2.525037,-0.06512555,0.08677755,0.7337495,-0.9824089,0.1854384,0.02203421,0.1841561,0.9816041,-0.05039728,-0.03097446,-0.045453,-0.9984862,moving,4.933226,-3.752867,-5.072122,6.744808,4.51052448487252,1.5716314493402717,14.50200568910139,10.889851664661707,165.53892037542076
4604,4604,05/15/2023 13:24:40.464244,4833,True,True,True,True,Eyes,1.201743,0.1149147,-1.845109,-0.07167418,0.06521884,-0.9952936,0.0,0.0,0.0,0.0,0.0,0.0,0.0,0.9549105,-0.3863329,-1.788761,0.9764749,0.1177261,-1.814776,0.09214856,0.9954121,-0.02480898,-0.006932781,2.757715,181.054,10.60334,0.5728663,0.05030064,-0.818103,0.0,0.0,0.0,1.172137,0.1693798,-2.524971,-0.06677923,0.08426377,0.7289262,-0.9829215,0.1837956,0.009229726,0.1831076,0.9817863,-0.050668,-0.01837417,-0.04811262,-0.9986731,moving,4.118937,-3.749074,-5.234435,6.594115,3.7220100849863753,1.549757659108927,13.94514705767225,10.279272811973533,166.0926244035828
4605,4605,05/15/2023 13:24:40.489119,4834,True,True,True,True,Eyes,1.191752,0.1150777,-1.844293,-0.05715465,0.06514949,-0.9962374,0.0,0.0,0.0,0.0,0.0,0.0,0.0,0.9184232,-0.3821331,-1.803865,0.9674011,0.1179759,-1.814848,0.09024642,0.9955888,-0.02564532,0.001002852,2.937431,180.151,10.36286,0.5701104,0.05048481,-0.8200147,0.0,0.0,0.0,1.172805,0.1717041,-2.524907,-0.0668864,0.08340807,0.724906,-0.9837093,0.1796452,-0.006625652,0.1797481,0.9823958,-0.05088338,-0.00263194,-0.05124538,-0.9986828,moving,3.283489,-3.741561,-5.271701,6.563619,2.91310518272164,1.530809662842695,13.393580953893549,9.608341275834041,166.64127770403462
4606,4606,05/15/2023 13:24:40.504639,4835,True,True,True,True,Eyes,1.181806,0.1152451,-1.843537,-0.04247835,0.06499115,-0.9969813,0.0,0.0,0.0,0.0,0.0,0.0,0.0,0.8771613,-0.3780891,-1.820775,0.9584768,0.1181732,-1.815197,0.08760554,0.9957374,-0.02695179,0.01031187,3.180434,179.0925,10.03074,0.5673271,0.05067251,-0.8219312,0.0,0.0,0.0,1.172823,0.1717675,-2.524905,-0.06665328,0.08285613,0.7206131,-0.9844381,0.1739083,-0.02525807,0.17502,0.9831977,-0.05186704,0.01581357,-0.05548054,-0.9983348,moving,2.439723,-3.729716,-5.284551,6.559069,2.096262643213332,1.5157806064287662,12.865593869048604,8.939304662923979,167.16680518620873
4607,4607,05/15/2023 13:24:40.524634,4836,True,True,True,True,Eyes,1.171887,0.1154524,-1.842852,-0.02749604,0.06478747,-0.9975203,0.0,0.0,0.0,0.0,0.0,0.0,0.0,0.8343679,-0.3737895,-1.837571,0.9494423,0.1185395,-1.815782,0.08408029,0.9958491,-0.02852373,0.02003679,3.450148,177.9842,9.591443,0.5645173,0.05086343,-0.8238518,0.0,0.0,0.0,1.172823,0.1717675,-2.524905,-0.06678849,0.08458059,0.716665,-0.985058,0.1663195,-0.04470382,0.1686056,0.9842338,-0.05344126,0.03511068,-0.06018006,-0.9975699,static,1.578924,-3.716057,-5.324214,6.730896,1.2629735503185051,1.501967702410973,12.52166687111796,8.410275320368434,167.51006650603492
4608,4608,05/15/2023 13:24:40.540329,4837,True,True,True,True,Eyes,1.162014,0.1156358,-1.842241,-0.0124456,0.06461764,-0.9978325,0.0,0.0,0.0,0.0,0.0,0.0,0.0,0.7925735,-0.3733282,-1.852482,0.940603,0.1197393,-1.816636,0.08102266,0.9958133,-0.03055246,0.02928771,3.761019,176.9335,9.202351,0.5616804,0.05105896,-0.8257765,0.0,0.0,0.0,1.172823,0.1717675,-2.524905,-0.06649888,0.08250277,0.7132465,-0.985155,0.1595773,-0.06328105,0.1631565,0.9850038,-0.05610316,0.05337929,-0.06559503,-0.9964175,static,0.7145925,-3.705187,-5.326521,6.598204,0.4261872684899837,1.4853530409816529,11.94382344221327,7.6964210742063655,168.08584992249848
4609,4609,05/15/2023 13:24:40.556362,4838,True,True,True,True,Eyes,1.152176,0.1158516,-1.841706,0.002578473,0.06436993,-0.9979228,0.0,0.0,0.0,0.0,0.0,0.0,0.0,0.7532192,-0.3650714,-1.866986,0.9316531,0.1193939,-1.817696,0.07876662,0.9957107,-0.03037224,0.03786184,3.810021,175.9418,8.910996,0.5588169,0.0512574,-0.8277048,0.0,0.0,0.0,1.172823,0.1717675,-2.524905,-0.06655157,0.08550002,0.7100621,-0.9847247,0.1545576,-0.08018351,0.1591575,0.9857467,-0.05451943,0.07061424,-0.06644843,-0.9952881,static,-0.1480428,-3.69069,-5.354485,6.866045,-0.4088573817840927,1.4722911076421132,11.770798368936825,7.317910466067879,168.2599461658629
4610,4610,05/15/2023 13:24:40.564528,4839,True,True,True,True,Eyes,1.142392,0.1160398,-1.841236,0.01755389,0.06412031,-0.9977878,0.0,0.0,0.0,0.0,0.0,0.0,0.0,0.7171811,-0.3718843,-1.876674,0.922923,0.1204326,-1.818863,0.07724513,0.9954285,-0.03344905,0.04512804,4.218724,175.1294,8.695004,0.5559264,0.05145976,-0.8296363,0.0,0.0,0.0,1.172823,0.1717675,-2.524905,-0.06686136,0.08622267,0.7067173,-0.9839934,0.150765,-0.09501101,0.156803,0.9858287,-0.05962042,0.08467591,-0.0735641,-0.9936893,static,-1.00789,-3.676913,-5.404572,6.955964,-1.2412214632234777,1.4586219022940417,11.506036933117025,6.895959529411951,168.52586551193485
4611,4611,05/15/2023 13:24:40.584224,4840,True,True,True,True,Eyes,1.132686,0.1162097,-1.840825,0.03211905,0.06376021,-0.9974483,0.0,0.0,0.0,0.0,0.0,0.0,0.0,0.6827617,-0.3670273,-1.887122,0.9142743,0.1199852,-1.819837,0.07628191,0.9951605,-0.03345642,0.05212958,4.274913,174.3227,8.554562,0.55301,0.05166425,-0.8315706,0.0,0.0,0.0,1.172823,0.1717675,-2.524905,-0.06719208,0.08401692,0.7040024,-0.9829273,0.1483373,-0.1088588,0.1553136,0.9861235,-0.05863593,0.09865035,-0.07454211,-0.9923266,static,-1.844357,-3.657561,-5.451965,6.805594,-2.0507903994479757,1.4510649096590431,11.067630642359232,6.343419459782538,168.9650546482109
4612,4612,05/15/2023 13:24:40.604409,4841,True,True,True,True,Eyes,0.891736,0.1202877,-1.832463,0.3905803,0.0485104,-0.9192898,0.0,0.0,0.0,0.0,0.0,0.0,0.0,0.6511328,-0.3759633,-1.893412,0.9058619,0.1198568,-1.820818,0.07528336,0.9947748,-0.03703394,0.05817392,4.728825,173.6536,8.393338,0.5500692,0.05186962,-0.833506,0.0,0.0,0.0,1.172823,0.1717675,-2.524905,-0.06649968,0.08378115,0.7010251,-0.9818966,0.1454712,-0.121316,0.1540888,0.9859218,-0.0649218,0.1101638,-0.08243991,-0.9904888,static,-23.01927,-3.020664,-5.418898,6.815228,-22.540778151352534,1.4016026880414278,20.16228821275125,17.957341644451677,159.99576018967593
4613,4613,05/15/2023 13:24:40.614210,4842,True,True,True,True,Eyes,0.8913918,0.120282,-1.832517,0.3909207,0.04860201,-0.9191403,0.0,0.0,0.0,0.0,0.0,0.0,0.0,0.6195571,-0.3769343,-1.901297,0.897721,0.1198775,-1.822248,0.07577572,0.9943409,-0.03776755,0.06417099,4.866413,172.9733,8.416868,0.5343746,0.05293601,-0.8435879,-0.7228512,0.01223411,0.02508724,1.172823,0.1717675,-2.524905,-0.06683013,0.08181402,0.6978639,-0.9802804,0.1458466,-0.1333394,0.1555409,0.9856634,-0.06538244,0.1218919,-0.08483285,-0.9889115,static,-23.04059,-3.026849,-5.470183,6.686544,-22.561594680430854,1.3949665131068665,20.07658351707526,17.89181783748545,160.07973171740264
4614,4614,05/15/2023 13:24:40.634577,4843,True,True,True,True,Eyes,0.8907465,0.120265,-1.83264,0.3917606,0.04864018,-0.9187806,0.0,0.0,0.0,0.0,0.0,0.0,0.0,0.586975,-0.3754297,-1.909257,0.8896781,0.1196764,-1.823431,0.07632965,0.9938667,-0.0379009,0.07047349,4.939012,172.2531,8.448854,0.5213898,0.05379445,-0.8516207,-0.6794801,0.01150007,0.023582,1.172823,0.1717675,-2.524905,-0.06777209,0.07880916,0.6953791,-0.978415,0.146381,-0.1458684,0.157065,0.9854746,-0.06457845,0.1342966,-0.08609531,-0.9871943,static,-23.09301,-3.030406,-5.566503,6.465893,-22.612459091302,1.3898907890352334,19.93384414302595,17.785680125098253,160.21934962325366
4615,4615,05/15/2023 13:24:40.654464,4844,True,True,True,True,Eyes,0.8898324,0.1202014,-1.832836,0.3929503,0.04881782,-0.918263,0.0,0.0,0.0,0.0,0.0,0.0,0.0,0.5517689,-0.3731594,-1.918051,0.8816577,0.1193196,-1.825119,0.07719823,0.9932895,-0.03779643,0.07738271,4.992952,171.4626,8.51525,0.510627,0.05448871,-0.8580735,-0.6387113,0.01081006,0.02216708,1.172823,0.1717675,-2.524905,-0.06825815,0.07740466,0.6927283,-0.9761048,0.1475108,-0.1595625,0.1592099,0.9852237,-0.06313795,0.1478912,-0.08703318,-0.9851667,static,-23.16743,-3.043164,-5.627488,6.375718,-22.684880837854077,1.3752475550787016,19.90891517620405,17.77524557060765,160.24401285525798
4616,4616,05/15/2023 13:24:40.664649,4845,True,True,True,True,Eyes,0.8886378,0.1201051,-1.833101,0.3946148,0.04886302,-0.9175465,0.0,0.0,0.0,0.0,0.0,0.0,0.0,0.5160983,-0.3695039,-1.926768,0.8736785,0.1181665,-1.827032,0.07803699,0.992659,-0.03757215,0.08442092,5.035246,170.6558,8.578256,0.5016807,0.0550506,-0.8632989,-0.6003886,0.01016146,0.02083706,1.172823,0.1717675,-2.524905,-0.06889799,0.07799579,0.6902077,-0.973567,0.1485845,-0.1734664,0.161272,0.9849972,-0.06141675,0.1617383,-0.08776855,-0.9829232,static,-23.27138,-3.04835,-5.700502,6.447266,-22.78569514241877,1.366984261093963,19.97254307569119,17.824508051007058,160.1833371156959
4617,4617,05/15/2023 13:24:40.684414,4846,True,True,True,True,Eyes,0.8871332,0.1200037,-1.833456,0.396679,0.04901064,-0.9166481,0.0,0.0,0.0,0.0,0.0,0.0,0.0,0.4795305,-0.3703984,-1.934089,0.8655992,0.1173752,-1.828881,0.07895754,0.9919211,-0.03847253,0.09153315,5.20836,169.8492,8.639472,0.4942133,0.05550531,-0.8675663,-0.5643653,0.009551772,0.01958683,1.172823,0.1717675,-2.524905,-0.07016587,0.07896026,0.6874241,-0.970775,0.1495963,-0.1876627,0.1636823,0.9845712,-0.06186896,0.1755119,-0.0907779,-0.9802834,static,-23.40052,-3.060533,-5.828038,6.552505,-22.91109611361925,1.3511799765012895,20.03004301617368,17.857341809837386,160.13053099931219
4618,4618,05/15/2023 13:24:40.704556,4847,True,True,True,True,Eyes,0.8853779,0.1198672,-1.833896,0.3991979,0.04916319,-0.9155458,0.0,0.0,0.0,0.0,0.0,0.0,0.0,0.4432434,-0.3684514,-1.941593,0.8575725,0.1170312,-1.831086,0.08009686,0.991159,-0.03843585,0.09854547,5.277435,169.0474,8.733905,0.4879438,0.0558738,-0.8710844,-0.5305034,0.008978666,0.01841162,1.172823,0.1717675,-2.524905,-0.07234181,0.08052187,0.6849309,-0.9677467,0.1512021,-0.2015056,0.1663528,0.9842144,-0.06040571,0.1891913,-0.09197844,-0.977623,static,-23.55825,-3.07373,-6.029178,6.705031,-23.064213411313197,1.3335008347812716,20.07218303713637,17.86185230541752,160.09515084734704
4619,4619,05/15/2023 13:24:40.714379,4848,True,True,True,True,Eyes,0.8833876,0.1196828,-1.834423,0.4020446,0.04954751,-0.9142785,0.0,0.0,0.0,0.0,0.0,0.0,0.0,0.406575,-0.3618804,-1.949551,0.8496388,0.1160301,-1.833483,0.08129363,0.9903628,-0.03736651,0.1057201,5.232735,168.2186,8.844909,0.482629,0.05617184,-0.8740212,-0.4986732,0.008439946,0.01730693,1.172823,0.1717675,-2.524905,-0.07541569,0.08132827,0.6823873,-0.9644293,0.1531196,-0.2154778,0.1689212,0.9839902,-0.05682406,0.2033272,-0.09120155,-0.9748542,static,-23.737,-3.101997,-6.306589,6.796566,-23.238098983529767,1.30062216007419,20.044968872360215,17.80116369830879,160.12970085181863
4620,4620,05/15/2023 13:24:40.734169,4849,True,True,True,True,Eyes,0.8811592,0.1194434,-1.835042,0.4053436,0.0498684,-0.9128032,0.0,0.0,0.0,0.0,0.0,0.0,0.0,0.3676493,-0.3548442,-1.957387,0.8415182,0.1146827,-1.836066,0.08240249,0.9894578,-0.03637616,0.1134015,5.20241,167.3309,8.943344,0.4777437,0.0564307,-0.8766844,-0.4687528,0.00793355,0.01626851,1.172823,0.1717675,-2.524905,-0.07886991,0.08186984,0.6800796,-0.9606999,0.1548173,-0.2304069,0.1713178,0.9837732,-0.05329621,0.2184169,-0.09067446,-0.9716339,static,-23.94432,-3.127083,-6.615132,6.86439,-23.43956711806568,1.2699168355179316,20.003256971030318,17.73019309060428,160.17887039331794
4621,4621,05/15/2023 13:24:40.754640,4850,True,True,True,True,Eyes,0.878709,0.1191659,-1.835764,0.4088401,0.05031857,-0.9112178,0.0,0.0,0.0,0.0,0.0,0.0,0.0,0.3284155,-0.3501872,-1.964198,0.8334017,0.113127,-1.838805,0.08318386,0.9884832,-0.03620444,0.1211227,5.262903,166.4425,8.994545,0.4732362,0.05665193,-0.8791116,-0.4406276,0.007457537,0.0152924,1.172823,0.1717675,-2.524905,-0.08266127,0.08231641,0.6778438,-0.9568195,0.1556813,-0.2454788,0.1732221,0.9835393,-0.05142406,0.2334322,-0.09172586,-0.9680371,static,-24.16455,-3.160733,-6.95274,6.924016,-23.653771787883567,1.2305436490618331,19.9486482215989,17.64483182665096,160.24193203121237
4622,4622,05/15/2023 13:24:40.764406,4851,True,True,True,True,Eyes,0.8760427,0.1188416,-1.836581,0.4127324,0.05071319,-0.9094394,0.0,0.0,0.0,0.0,0.0,0.0,0.0,0.289845,-0.3462319,-1.970384,0.825194,0.1119417,-1.841962,0.08390938,0.9874814,-0.03614442,0.1285828,5.33406,165.5841,9.038789,0.4690601,0.05683766,-0.881335,-0.41419,0.007010085,0.01437486,1.172823,0.1717675,-2.524905,-0.08612292,0.08421473,0.6760642,-0.9528514,0.1564228,-0.2600119,0.175013,0.9833056,-0.04980527,0.2478805,-0.09296247,-0.9643201,static,-24.41005,-3.191687,-7.259732,7.100542,-23.89237628099376,1.1929793339706007,20.001584569467614,17.650613372660416,160.2002830423001
4623,4623,05/15/2023 13:24:40.784322,4852,True,True,True,True,Eyes,0.8731346,0.1184699,-1.837513,0.4167811,0.05129302,-0.9075586,0.0,0.0,0.0,0.0,0.0,0.0,0.0,0.2518834,-0.3412691,-1.975865,0.8171743,0.1104995,-1.844984,0.08437921,0.9864578,-0.0359706,0.1359687,5.388749,164.7312,9.055252,0.4651731,0.05698935,-0.883383,-0.3893386,0.006589479,0.01351236,1.172823,0.1717675,-2.524905,-0.09037182,0.08555292,0.6743463,-0.9487857,0.1566913,-0.2743252,0.1762548,0.9831725,-0.04802109,0.2621845,-0.09391283,-0.9604375,static,-24.66616,-3.234778,-7.632955,7.23037,-24.1415872520729,1.1433718392769272,19.99123295932317,17.595069918668344,160.2229707145039
4624,4624,05/15/2023 13:24:40.804757,4853,True,True,True,True,Eyes,0.8700399,0.1180223,-1.83855,0.4211422,0.05186138,-0.9055107,0.0,0.0,0.0,0.0,0.0,0.0,0.0,0.215502,-0.3334844,-1.981251,0.8091832,0.108872,-1.848345,0.08411793,0.985501,-0.03529391,0.1430604,5.372602,163.9037,8.997149,0.4615359,0.05710823,-0.8852811,-0.3659782,0.00619411,0.01270162,1.172823,0.1717675,-2.524905,-0.09453514,0.08610643,0.6728374,-0.9449159,0.1556983,-0.28791,0.1758949,0.983357,-0.04549647,0.2760346,-0.09363224,-0.9565762,static,-24.94257,-3.277925,-7.99783,7.292792,-24.41045977510837,1.0930737694825847,19.971586606018285,17.5445410960955,160.25382675883108
4625,4625,05/15/2023 13:24:40.814619,4854,True,True,True,True,Eyes,0.8667663,0.1174947,-1.839691,0.4255197,0.05251119,-0.9034244,0.0,0.0,0.0,0.0,0.0,0.0,0.0,0.1811227,-0.325649,-1.98596,0.8014578,0.1065977,-1.851807,0.08437126,0.9845273,-0.03459313,0.1496359,5.357263,163.1378,9.001615,0.4581149,0.05719391,-0.8870507,-0.3440195,0.005822464,0.01193953,1.172823,0.1717675,-2.524905,-0.09886231,0.08679083,0.6716089,-0.9409813,0.1557789,-0.3004785,0.1764844,0.9833696,-0.04286582,0.2888038,-0.09336568,-0.952825,static,-25.22079,-3.326552,-8.373927,7.363424,-24.68123467205767,1.0374315209530325,19.952252499939572,17.491325403070796,160.2856524063384
4626,4626,05/15/2023 13:24:40.834644,4855,True,True,True,True,Eyes,0.8633196,0.1168725,-1.840926,0.4302348,0.05300907,-0.9011592,0.0,0.0,0.0,0.0,0.0,0.0,0.0,0.1459176,-0.3205827,-1.98979,0.7939259,0.1040985,-1.855309,0.08527144,0.9834138,-0.03452491,0.1563151,5.426165,162.3673,9.069186,0.4548802,0.05724583,-0.8887104,-0.3233784,0.005473116,0.01122315,1.172823,0.1717675,-2.524905,-0.1024606,0.08680974,0.6705851,-0.9365889,0.1569207,-0.3133329,0.1785077,0.9830737,-0.0412461,0.3015569,-0.09456296,-0.9487476,static,-25.52092,-3.366442,-8.6872,7.376132,-24.972990585406784,0.9895322110129614,19.969402223999495,17.493302485706167,160.278436202718
4627,4627,05/15/2023 13:24:40.854696,4856,True,True,True,True,Eyes,0.8596839,0.1161607,-1.842267,0.4349714,0.05343534,-0.8988573,0.0,0.0,0.0,0.0,0.0,0.0,0.0,0.1082727,-0.3180565,-1.992558,0.786155,0.1012167,-1.858733,0.08662226,0.982114,-0.03517884,0.1634359,5.590254,161.5525,9.172362,0.451805,0.05726276,-0.8902767,-0.3039756,0.005144729,0.01054977,1.172823,0.1717675,-2.524905,-0.1058824,0.08760944,0.6699699,-0.9315705,0.1586469,-0.3271198,0.1816448,0.9825181,-0.04078488,0.3149307,-0.09741361,-0.9441023,static,-25.82308,-3.40212,-8.980775,7.45008,-25.266597642973995,0.945633229500272,20.035805013850208,17.536700001672745,160.22347004583088
4628,4628,05/15/2023 13:24:40.873824,4857,True,True,True,True,Eyes,0.8558763,0.1153824,-1.843713,0.4398747,0.05363102,-0.8964564,0.0,0.0,0.0,0.0,0.0,0.0,0.0,0.07279044,-0.3204722,-1.99393,0.7780492,0.09832959,-1.862452,0.08824871,0.9808224,-0.03702872,0.1697899,5.889178,160.8365,9.287598,0.4488643,0.05724379,-0.8917642,-0.2857371,0.004836045,0.00991678,1.172823,0.1717675,-2.524905,-0.1099179,0.08840083,0.669302,-0.9267671,0.1605384,-0.339603,0.1856868,0.9816821,-0.04266971,0.326532,-0.1026047,-0.9396005,static,-26.13634,-3.423672,-9.326301,7.524027,-25.57056955734669,0.9150157744169158,20.0606461654684,17.537254355887228,160.21055021824301
4629,4629,05/15/2023 13:24:40.884714,4858,True,True,True,True,Eyes,0.8519088,0.114551,-1.845266,0.4446017,0.05391775,-0.8941041,0.0,0.0,0.0,0.0,0.0,0.0,0.0,0.04259217,-0.3231842,-1.994783,0.7699888,0.09596726,-1.866367,0.09050811,0.9796864,-0.03860408,0.1747366,6.157963,160.2856,9.485552,0.446036,0.05718923,-0.8931856,-0.2685929,0.004545882,0.009321772,1.172823,0.1717675,-2.524905,-0.1149532,0.08876189,0.6686095,-0.9225511,0.163848,-0.3493621,0.1908302,0.980636,-0.04400963,0.3353862,-0.10727,-0.935954,static,-26.43929,-3.450966,-9.755417,7.562137,-25.86471308371084,0.8791813921673057,19.99099937393671,17.440507904557247,160.29343888279993
4630,4630,05/15/2023 13:24:40.904585,4859,True,True,True,True,Eyes,0.8477862,0.1136858,-1.846929,0.4494576,0.0541715,-0.8916577,0.0,0.0,0.0,0.0,0.0,0.0,0.0,0.01646304,-0.3203313,-1.996283,0.7620574,0.09379314,-1.870427,0.09379841,0.9786736,-0.03845206,0.178666,6.24506,159.8461,9.838398,0.4433003,0.05709994,-0.8945522,-0.2524773,0.004273129,0.008762466,1.172823,0.1717675,-2.524905,-0.120297,0.09010172,0.6680762,-0.9185608,0.1698559,-0.3569247,0.1973362,0.9794466,-0.04174686,0.3424978,-0.1087812,-0.9332001,static,-26.75129,-3.476657,-10.20757,7.680988,-26.167577588288427,0.84460989856899,19.954641399544744,17.362543240088694,160.3467424731091
4631,4631,05/15/2023 13:24:40.914327,4860,True,True,True,True,Eyes,0.8434866,0.112794,-1.848731,0.4541222,0.05473222,-0.8892567,0.0,0.0,0.0,0.0,0.0,0.0,0.0,-0.009827554,-0.3117198,-1.998587,0.7540993,0.09202617,-1.874694,0.09784845,0.9776166,-0.03664858,0.1826157,6.165104,159.3952,10.30956,0.4406398,0.05697766,-0.8958735,-0.2373286,0.004016741,0.008236717,1.172823,0.1717675,-2.524905,-0.1253403,0.09212468,0.6679984,-0.9141546,0.1779313,-0.3642282,0.2047017,0.9781651,-0.0359192,0.3498842,-0.1073938,-0.930617,static,-27.05232,-3.522014,-10.62716,7.852217,-26.46035420959058,0.7914074877383568,19.97896423408784,17.336235746177923,160.3427491485935
4632,4632,05/15/2023 13:24:40.934442,4861,True,True,True,True,Eyes,0.8390353,0.1118633,-1.850657,0.4588552,0.05521026,-0.8867941,0.0,0.0,0.0,0.0,0.0,0.0,0.0,-0.03591579,-0.3013155,-2.001338,0.7459956,0.09028482,-1.879567,0.101257,0.9766026,-0.03457762,0.1865452,6.045326,158.9393,10.71413,0.4380374,0.05682423,-0.8971586,-0.2230889,0.003775737,0.007742514,1.172823,0.1717675,-2.524905,-0.1298185,0.09413804,0.6681151,-0.9098958,0.1848751,-0.3713635,0.2106762,0.9771029,-0.02975915,0.3573586,-0.1053152,-0.9280105,static,-27.35847,-3.562537,-10.99588,8.020232,-26.757957598676796,0.7427086546222545,20.04731625967578,17.361032119929593,160.2940818363287
4633,4633,05/15/2023 13:24:40.954370,4862,True,True,True,True,Eyes,0.8344725,0.1109584,-1.852702,0.4633907,0.055826,-0.8843939,0.0,0.0,0.0,0.0,0.0,0.0,0.0,-0.0597446,-0.2961715,-2.002983,0.7378102,0.08838323,-1.884424,0.1035392,0.9757253,-0.03409417,0.189941,6.077048,158.5521,10.96261,0.4354786,0.0566407,-0.898415,-0.2097036,0.003549193,0.007277964,1.172823,0.1717675,-2.524905,-0.1346175,0.09766389,0.668378,-0.9064043,0.1890998,-0.3777207,0.2150033,0.9762344,-0.02720043,0.3636003,-0.1058658,-0.9255201,static,-27.65293,-3.611916,-11.38755,8.313269,-27.04448102203641,0.6858315982942793,20.168604905362816,17.416006727885286,160.1993667207651
4634,4634,05/15/2023 13:24:40.964786,4863,True,True,True,True,Eyes,0.8298012,0.1101593,-1.854878,0.4679655,0.05629962,-0.8819516,0.0,0.0,0.0,0.0,0.0,0.0,0.0,-0.08181787,-0.297566,-2.003874,0.7299315,0.08812815,-1.889493,0.1058031,0.9748991,-0.03483061,0.1927806,6.24074,158.2406,11.18719,0.4329524,0.05643117,-0.8996483,-0.1971214,0.003336241,0.006841286,1.172823,0.1717675,-2.524905,-0.140035,0.1008206,0.6684871,-0.9032826,0.1928653,-0.3832537,0.219724,0.975185,-0.02711908,0.368513,-0.1087062,-0.9232448,static,-27.95052,-3.652536,-11.83126,8.576655,-27.333796917675887,0.6373075881415922,20.23323146366099,17.41728705080348,160.16238429521476
4635,4635,05/15/2023 13:24:40.984701,4864,True,True,True,True,Eyes,0.8250101,0.1094167,-1.857191,0.4726873,0.05719621,-0.879372,0.0,0.0,0.0,0.0,0.0,0.0,0.0,-0.1042095,-0.2985024,-2.00513,0.7225707,0.08983628,-1.894817,0.1087078,0.9740034,-0.03487763,0.195662,6.343091,157.922,11.4981,0.4304483,0.05620321,-0.9008634,-0.1852941,0.003136066,0.006430808,1.172823,0.1717675,-2.524905,-0.1466382,0.1055298,0.6696132,-0.899798,0.1981151,-0.3887338,0.2254119,0.9739323,-0.02540189,0.3735678,-0.1104818,-0.9209999,static,-28.25929,-3.721397,-12.35217,8.956043,-27.63471046626211,0.5611844485838571,20.340942742360788,17.436447264314587,160.09368544454185
4636,4636,05/15/2023 13:24:41.005606,4865,True,True,True,True,Eyes,0.820079,0.1086122,-1.859619,0.4775179,0.05796995,-0.8767076,0.0,0.0,0.0,0.0,0.0,0.0,0.0,-0.1298785,-0.2878746,-2.007648,0.7149723,0.09027094,-1.900278,0.1123731,0.9729034,-0.03237025,0.1994574,6.189292,157.4764,11.94365,0.4279563,0.05596118,-0.902065,-0.1741764,0.002947903,0.00604496,1.172823,0.1717675,-2.524905,-0.1519434,0.1110279,0.6700928,-0.8951779,0.2057433,-0.3953807,0.2315692,0.972649,-0.01815899,0.3808305,-0.1078135,-0.9183377,static,-28.57589,-3.783024,-12.77577,9.407882,-27.94300990122221,0.4917955694885352,20.582608996802037,17.59379900583094,159.8928530159047
4637,4637,05/15/2023 13:24:41.014605,4866,True,True,True,True,Eyes,0.815043,0.1078845,-1.862156,0.4823859,0.05844871,-0.8740066,0.0,0.0,0.0,0.0,0.0,0.0,0.0,-0.1568335,-0.2826341,-2.008268,0.7065734,0.08796066,-1.905422,0.1142926,0.9718294,-0.03228622,0.2035747,6.274245,157.0057,12.13758,0.4254676,0.05570334,-0.9032574,-0.1637259,0.002771028,0.005682263,1.172823,0.1717675,-2.524905,-0.1570508,0.1149229,0.6711772,-0.8909894,0.2090004,-0.4030598,0.235291,0.9717897,-0.01621924,0.3882995,-0.1092875,-0.9150302,static,-28.8954,-3.825927,-13.16986,9.716298,-28.25361700563097,0.4403814470112843,20.752938737495107,17.70769192478036,159.7564744544251
4638,4638,05/15/2023 13:24:41.034457,4867,True,True,True,True,Eyes,0.8099319,0.1072834,-1.864821,0.4872912,0.0589994,-0.8712441,0.0,0.0,0.0,0.0,0.0,0.0,0.0,-0.1818928,-0.3044763,-2.005224,0.6984869,0.08917569,-1.910728,0.1186806,0.9705401,-0.03770427,0.2062653,7.015994,156.7726,12.49974,0.4229753,0.05543486,-0.9044436,-0.1539023,0.002604767,0.005341327,1.172823,0.1717675,-2.524905,-0.1599975,0.1153169,0.673196,-0.8867392,0.2148145,-0.4093269,0.2459228,0.9689866,-0.02422762,0.3914278,-0.1221464,-0.9120661,static,-29.21851,-3.874073,-13.36936,9.720295,-28.56785358982665,0.3837956885196982,20.880670416486247,17.83716420267734,159.64331198072475
4639,4639,05/15/2023 13:24:41.054427,4868,True,True,True,True,Eyes,0.8047298,0.1066773,-1.867542,0.4924064,0.05974399,-0.8683125,0.0,0.0,0.0,0.0,0.0,0.0,0.0,-0.2036076,-0.2958436,-2.007582,0.6914798,0.0915617,-1.916465,0.1198113,0.9698118,-0.03559143,0.2093887,6.84641,156.3929,12.653,0.4204737,0.05516272,-0.905626,-0.1446682,0.002448481,0.005020847,1.172823,0.1717675,-2.524905,-0.1607728,0.1175979,0.6752709,-0.8836032,0.217484,-0.4146637,0.2472937,0.968757,-0.01885971,0.3976067,-0.1192082,-0.9097792,static,-29.5569,-3.936017,-13.39202,9.878939,-28.89726472048543,0.3134176847018182,21.263968460669233,18.218447021509963,159.2767220819592
4640,4640,05/15/2023 13:24:41.064546,4869,True,True,True,True,Eyes,0.799464,0.1060497,-1.870309,0.4975174,0.06022348,-0.8653609,0.0,0.0,0.0,0.0,0.0,0.0,0.0,-0.2246208,-0.29991,-2.005978,0.6841969,0.09085047,-1.920408,0.1170956,0.9693325,-0.03790607,0.2127122,7.082738,156.0084,12.26917,0.4179593,0.05488704,-0.9068059,-0.1359881,0.002301572,0.004719596,1.172823,0.1717675,-2.524905,-0.162734,0.1163072,0.6768754,-0.8820843,0.2108829,-0.4212549,0.2431353,0.9697035,-0.02367185,0.4035003,-0.1233025,-0.9066333,static,-29.89566,-3.980995,-13.51845,9.749893,-29.22657153571824,0.2593978630614684,21.371717119891045,18.35250882373168,159.17470654849518
4641,4641,05/15/2023 13:24:41.084688,4870,True,True,True,True,Eyes,0.794191,0.105468,-1.873098,0.5028276,0.06086966,-0.8622408,0.0,0.0,0.0,0.0,0.0,0.0,0.0,-0.2476537,-0.3092744,-2.003138,0.6773247,0.08981262,-1.924242,0.1157849,0.9685402,-0.04145466,0.2163454,7.492712,155.6062,12.01248,0.4154294,0.054607,-0.9079846,-0.1278288,0.002163477,0.004436421,1.172823,0.1717675,-2.524905,-0.1644444,0.1073799,0.6798721,-0.8795772,0.2063476,-0.4286781,0.2422217,0.9697508,-0.03020193,0.4094788,-0.1304001,-0.9029525,static,-30.24919,-4.038081,-13.59729,8.975229,-29.57051289049878,0.1932323984181101,21.133670073276434,18.228201058243517,159.3866938009657
4642,4642,05/15/2023 13:24:41.104794,4871,True,True,True,True,Eyes,0.7888697,0.1049731,-1.875933,0.5083992,0.06138058,-0.8589311,0.0,0.0,0.0,0.0,0.0,0.0,0.0,-0.2748976,-0.3122039,-2.00056,0.6707825,0.09044732,-1.927991,0.1182015,0.9672087,-0.04268513,0.2207114,7.744033,155.1216,12.22434,0.4128847,0.05432522,-0.9091614,-0.1201591,0.002033669,0.004170236,1.172823,0.1717675,-2.524905,-0.1663644,0.1093233,0.6822812,-0.8746299,0.209809,-0.437039,0.2474933,0.9684127,-0.03039399,0.4168572,-0.1347477,-0.898929,static,-30.62119,-4.0875,-13.70334,9.103239,-29.93213288881109,0.133885341484242,21.452488060563535,18.542465415350122,159.08534691262784
4643,4643,05/15/2023 13:24:41.114671,4872,True,True,True,True,Eyes,0.783565,0.1045811,-1.878795,0.5143199,0.06214834,-0.8553436,0.0,0.0,0.0,0.0,0.0,0.0,0.0,-0.3107886,-0.3062316,-1.99785,0.6641289,0.09199034,-1.931901,0.1220955,0.965289,-0.04164728,0.2271024,7.808335,154.3878,12.64017,0.4103234,0.05404602,-0.9103369,-0.1129495,0.001911648,0.003920021,1.172823,0.1717675,-2.524905,-0.1693338,0.111529,0.6842535,-0.8670345,0.2167985,-0.4486088,0.2546313,0.9667163,-0.02494693,0.428269,-0.1358597,-0.8933801,static,-31.01858,-4.155746,-13.89985,9.257445,-30.318855844342448,0.0555767500956969,21.747749529902652,18.8217462581225,158.8148407142558
4644,4644,05/15/2023 13:24:41.134610,4873,True,True,True,True,Eyes,0.7781786,0.1042475,-1.88174,0.5204722,0.06297461,-0.8515533,0.0,0.0,0.0,0.0,0.0,0.0,0.0,-0.3492198,-0.2972719,-1.994953,0.6572047,0.09430058,-1.936325,0.1248057,0.96332,-0.03995851,0.234183,7.784086,153.5565,12.93248,0.4077471,0.05377407,-0.9115098,-0.1061725,0.00179695,0.00368482,1.172823,0.1717675,-2.524905,-0.1735141,0.1139997,0.6858105,-0.8591639,0.2217403,-0.4611603,0.2591707,0.9656538,-0.01853094,0.4412121,-0.1354404,-0.8871234,static,-31.43341,-4.229475,-14.19822,9.437769,-30.722618506275765,-0.0285690213878559,21.996484557575013,19.04382581125395,158.5976755667608
4645,4645,05/15/2023 13:24:41.154643,4874,True,True,True,True,Eyes,0.7727473,0.1039816,-1.884728,0.5268725,0.06396596,-0.847534,0.0,0.0,0.0,0.0,0.0,0.0,0.0,-0.3849071,-0.2817438,-1.99303,0.6496958,0.09531076,-1.941266,0.1266928,0.9615763,-0.03703908,0.240724,7.598347,152.7688,13.16862,0.4051526,0.05351138,-0.9126814,0.0,0.0,0.0,1.172823,0.1717675,-2.524905,-0.1763628,0.1112311,0.6884524,-0.8520017,0.2258172,-0.472334,0.261482,0.9651541,-0.01023582,0.4535637,-0.1322278,-0.8813601,static,-31.8673,-4.316104,-14.36863,9.177791,-31.145192059063763,-0.125759124239857,22.097254445743367,19.183562740947295,158.5022841084246
4646,4646,05/15/2023 13:24:41.164534,4875,True,True,True,True,Eyes,0.7672476,0.1038004,-1.887773,0.5332335,0.0648047,-0.8434823,0.0,0.0,0.0,0.0,0.0,0.0,0.0,-0.4136566,-0.2802663,-1.989522,0.6421378,0.09678839,-1.945803,0.1281448,0.9602071,-0.03732807,0.2453326,7.733265,152.2374,13.28918,0.4025386,0.05326024,-0.9138521,0.0,0.0,0.0,1.172823,0.1717675,-2.524905,-0.1785813,0.1092382,0.6910802,-0.8467818,0.2277754,-0.480707,0.2644066,0.9643711,-0.008809168,0.4615734,-0.1345615,-0.8768371,static,-32.3003,-4.393401,-14.48879,8.982354,-31.566649192815824,-0.2139172628325925,22.274665211852792,19.396512051120027,158.33040361845025
4647,4647,05/15/2023 13:24:41.184679,4876,True,True,True,True,Eyes,0.7617625,0.1037106,-1.890817,0.5395414,0.0658288,-0.8393818,0.0,0.0,0.0,0.0,0.0,0.0,0.0,-0.4374482,-0.2814282,-1.986356,0.6349183,0.09866187,-1.95021,0.1290413,0.9591587,-0.03805858,0.2488265,7.887372,151.8377,13.34332,0.3999031,0.05302353,-0.9150222,0.0,0.0,0.0,1.172823,0.1717675,-2.524905,-0.1803402,0.1132064,0.6930853,-0.8428673,0.2286021,-0.4871505,0.2664821,0.9637998,-0.008790643,0.467506,-0.1372262,-0.8732738,static,-32.73227,-4.484262,-14.58491,9.276599,-31.98747867892612,-0.3151304405239505,22.774722181201703,19.87084976252788,157.86373222975283
4648,4648,05/15/2023 13:24:41.204827,4877,True,True,True,True,Eyes,0.7562361,0.1037042,-1.893893,0.5458164,0.06690487,-0.8352295,0.0,0.0,0.0,0.0,0.0,0.0,0.0,-0.457808,-0.2804703,-1.983733,0.6281078,0.1010222,-1.954155,0.1289136,0.958398,-0.03809877,0.2517999,7.92915,151.4849,13.30382,0.3972483,0.05280421,-0.9161905,0.0,0.0,0.0,1.172823,0.1717675,-2.524905,-0.1827243,0.1163917,0.6946946,-0.8399563,0.2279146,-0.492472,0.2662876,0.9638595,-0.00810668,0.4728262,-0.1379485,-0.8702908,static,-33.16432,-4.579818,-14.73661,9.511206,-32.408513672305816,-0.4208761360006656,23.197789834651832,20.271715145974188,157.47456223752212
